/* SPDX-License-Identifier: (LGPL-2.1 OR BSD-2-Clause) */

/* THIS FILE IS AUTOGENERATED BY BPFTOOL! */
#ifndef __PROCESS_BPF_SKEL_H__
#define __PROCESS_BPF_SKEL_H__

#include <errno.h>
#include <stdlib.h>
#include <bpf/libbpf.h>

struct process_bpf {
	struct bpf_object_skeleton *skeleton;
	struct bpf_object *obj;
	struct {
		struct bpf_map *rb;
	} maps;
	struct {
		struct bpf_program *handle_sched_process_exec;
		struct bpf_program *handle_sched_process_exit;
	} progs;
	struct {
		struct bpf_link *handle_sched_process_exec;
		struct bpf_link *handle_sched_process_exit;
	} links;

#ifdef __cplusplus
	static inline struct process_bpf *open(const struct bpf_object_open_opts *opts = nullptr);
	static inline struct process_bpf *open_and_load();
	static inline int load(struct process_bpf *skel);
	static inline int attach(struct process_bpf *skel);
	static inline void detach(struct process_bpf *skel);
	static inline void destroy(struct process_bpf *skel);
	static inline const void *elf_bytes(size_t *sz);
#endif /* __cplusplus */
};

static void
process_bpf__destroy(struct process_bpf *obj)
{
	if (!obj)
		return;
	if (obj->skeleton)
		bpf_object__destroy_skeleton(obj->skeleton);
	free(obj);
}

static inline int
process_bpf__create_skeleton(struct process_bpf *obj);

static inline struct process_bpf *
process_bpf__open_opts(const struct bpf_object_open_opts *opts)
{
	struct process_bpf *obj;
	int err;

	obj = (struct process_bpf *)calloc(1, sizeof(*obj));
	if (!obj) {
		errno = ENOMEM;
		return NULL;
	}

	err = process_bpf__create_skeleton(obj);
	if (err)
		goto err_out;

	err = bpf_object__open_skeleton(obj->skeleton, opts);
	if (err)
		goto err_out;

	return obj;
err_out:
	process_bpf__destroy(obj);
	errno = -err;
	return NULL;
}

static inline struct process_bpf *
process_bpf__open(void)
{
	return process_bpf__open_opts(NULL);
}

static inline int
process_bpf__load(struct process_bpf *obj)
{
	return bpf_object__load_skeleton(obj->skeleton);
}

static inline struct process_bpf *
process_bpf__open_and_load(void)
{
	struct process_bpf *obj;
	int err;

	obj = process_bpf__open();
	if (!obj)
		return NULL;
	err = process_bpf__load(obj);
	if (err) {
		process_bpf__destroy(obj);
		errno = -err;
		return NULL;
	}
	return obj;
}

static inline int
process_bpf__attach(struct process_bpf *obj)
{
	return bpf_object__attach_skeleton(obj->skeleton);
}

static inline void
process_bpf__detach(struct process_bpf *obj)
{
	return bpf_object__detach_skeleton(obj->skeleton);
}

static inline const void *process_bpf__elf_bytes(size_t *sz);

static inline int
process_bpf__create_skeleton(struct process_bpf *obj)
{
	struct bpf_object_skeleton *s;
	int err;

	s = (struct bpf_object_skeleton *)calloc(1, sizeof(*s));
	if (!s)	{
		err = -ENOMEM;
		goto err;
	}

	s->sz = sizeof(*s);
	s->name = "process_bpf";
	s->obj = &obj->obj;

	/* maps */
	s->map_cnt = 1;
	s->map_skel_sz = sizeof(*s->maps);
	s->maps = (struct bpf_map_skeleton *)calloc(s->map_cnt, s->map_skel_sz);
	if (!s->maps) {
		err = -ENOMEM;
		goto err;
	}

	s->maps[0].name = "rb";
	s->maps[0].map = &obj->maps.rb;

	/* programs */
	s->prog_cnt = 2;
	s->prog_skel_sz = sizeof(*s->progs);
	s->progs = (struct bpf_prog_skeleton *)calloc(s->prog_cnt, s->prog_skel_sz);
	if (!s->progs) {
		err = -ENOMEM;
		goto err;
	}

	s->progs[0].name = "handle_sched_process_exec";
	s->progs[0].prog = &obj->progs.handle_sched_process_exec;
	s->progs[0].link = &obj->links.handle_sched_process_exec;

	s->progs[1].name = "handle_sched_process_exit";
	s->progs[1].prog = &obj->progs.handle_sched_process_exit;
	s->progs[1].link = &obj->links.handle_sched_process_exit;

	s->data = (void *)process_bpf__elf_bytes(&s->data_sz);

	obj->skeleton = s;
	return 0;
err:
	bpf_object__destroy_skeleton(s);
	return err;
}

static inline const void *process_bpf__elf_bytes(size_t *sz)
{
	*sz = 158304;
	return (const void *)"\
\x7f\x45\x4c\x46\x02\x01\x01\0\0\0\0\0\0\0\0\0\x01\0\xf7\0\x01\0\0\0\0\0\0\0\0\
\0\0\0\0\0\0\0\0\0\0\0\xa0\x66\x02\0\0\0\0\0\0\0\0\0\x40\0\0\0\0\0\x40\0\x0f\0\
\x01\0\xb7\x02\0\0\x4c\0\0\0\x79\x17\0\0\0\0\0\0\xbf\x73\0\0\0\0\0\0\x0f\x23\0\
\0\0\0\0\0\x79\x18\x10\0\0\0\0\0\xbf\xa1\0\0\0\0\0\0\x07\x01\0\0\xf8\xff\xff\
\xff\xb7\x02\0\0\x04\0\0\0\x85\0\0\0\x71\0\0\0\x61\xa1\xf8\xff\0\0\0\0\x57\x01\
\0\0\0\0\x20\0\x55\x01\x9d\x02\0\0\0\0\xb7\x06\0\0\0\0\0\0\x18\x01\0\0\0\0\0\0\
\0\0\0\0\0\0\0\0\xb7\x02\0\0\xb0\x04\0\0\xb7\x03\0\0\0\0\0\0\x85\0\0\0\x83\0\0\
\0\x15\0\x96\x02\0\0\0\0\x7b\x8a\xd8\xff\0\0\0\0\x7b\x0a\xd0\xff\0\0\0\0\xbf\
\x01\0\0\0\0\0\0\x63\x61\0\0\0\0\0\0\x7b\x1a\xe0\xff\0\0\0\0\x63\x61\xa8\x04\0\
\0\0\0\xb7\x01\0\0\xb8\x05\0\0\x7b\x7a\xe8\xff\0\0\0\0\xbf\x73\0\0\0\0\0\0\x0f\
\x13\0\0\0\0\0\0\xbf\xa1\0\0\0\0\0\0\x07\x01\0\0\xf0\xff\xff\xff\xb7\x02\0\0\
\x08\0\0\0\x85\0\0\0\x71\0\0\0\xb7\x01\0\0\xe8\x05\0\0\x79\xa3\xf0\xff\0\0\0\0\
\x0f\x13\0\0\0\0\0\0\xbf\xa1\0\0\0\0\0\0\x07\x01\0\0\xf8\xff\xff\xff\xb7\x02\0\
\0\x08\0\0\0\x85\0\0\0\x71\0\0\0\xb7\x09\0\0\x40\0\0\0\x79\xa6\xf8\xff\0\0\0\0\
\x05\0\x06\0\0\0\0\0\x07\x09\0\0\xff\xff\xff\xff\xbf\x91\0\0\0\0\0\0\x67\x01\0\
\0\x20\0\0\0\x77\x01\0\0\x20\0\0\0\xbf\x86\0\0\0\0\0\0\x15\x01\x20\0\0\0\0\0\
\xbf\x63\0\0\0\0\0\0\xb7\x01\0\0\xb8\x05\0\0\x0f\x13\0\0\0\0\0\0\xbf\xa1\0\0\0\
\0\0\0\x07\x01\0\0\xf0\xff\xff\xff\xb7\x02\0\0\x08\0\0\0\x85\0\0\0\x71\0\0\0\
\x79\xa3\xf0\xff\0\0\0\0\xb7\x01\0\0\xe8\x05\0\0\x0f\x13\0\0\0\0\0\0\xbf\xa1\0\
\0\0\0\0\0\x07\x01\0\0\xf8\xff\xff\xff\xb7\x02\0\0\x08\0\0\0\x85\0\0\0\x71\0\0\
\0\x79\xa8\xf8\xff\0\0\0\0\x15\x08\x10\0\0\0\0\0\xbf\x63\0\0\0\0\0\0\xb7\x07\0\
\0\x48\x08\0\0\x0f\x73\0\0\0\0\0\0\xbf\xa1\0\0\0\0\0\0\x07\x01\0\0\xf8\xff\xff\
\xff\xb7\x02\0\0\x08\0\0\0\x85\0\0\0\x71\0\0\0\xbf\x83\0\0\0\0\0\0\x0f\x73\0\0\
\0\0\0\0\x79\xa7\xf8\xff\0\0\0\0\xbf\xa1\0\0\0\0\0\0\x07\x01\0\0\xf8\xff\xff\
\xff\xb7\x02\0\0\x08\0\0\0\x85\0\0\0\x71\0\0\0\x79\xa1\xf8\xff\0\0\0\0\x1d\x17\
\xda\xff\0\0\0\0\xb7\x07\0\0\xac\x05\0\0\xbf\x63\0\0\0\0\0\0\x0f\x73\0\0\0\0\0\
\0\xbf\xa1\0\0\0\0\0\0\x07\x01\0\0\xf8\xff\xff\xff\xb7\x02\0\0\x04\0\0\0\x85\0\
\0\0\x71\0\0\0\x61\xa1\xf8\xff\0\0\0\0\x79\xa4\xe0\xff\0\0\0\0\x63\x14\x0c\0\0\
\0\0\0\xb7\x08\0\0\xe0\x06\0\0\x0f\x86\0\0\0\0\0\0\xbf\xa1\0\0\0\0\0\0\x07\x01\
\0\0\xf8\xff\xff\xff\xb7\x02\0\0\x08\0\0\0\xbf\x63\0\0\0\0\0\0\xbf\x46\0\0\0\0\
\0\0\x85\0\0\0\x71\0\0\0\x79\xa1\xf8\xff\0\0\0\0\x7b\x16\x18\0\0\0\0\0\xb7\x01\
\0\0\xe8\x05\0\0\x79\xa9\xe8\xff\0\0\0\0\xbf\x93\0\0\0\0\0\0\x0f\x13\0\0\0\0\0\
\0\xbf\xa1\0\0\0\0\0\0\x07\x01\0\0\xf0\xff\xff\xff\xb7\x02\0\0\x08\0\0\0\x85\0\
\0\0\x71\0\0\0\x79\xa3\xf0\xff\0\0\0\0\x0f\x83\0\0\0\0\0\0\xbf\xa1\0\0\0\0\0\0\
\x07\x01\0\0\xf8\xff\xff\xff\xb7\x02\0\0\x08\0\0\0\x85\0\0\0\x71\0\0\0\x79\xa1\
\xf8\xff\0\0\0\0\x7b\x16\x10\0\0\0\0\0\xbf\x93\0\0\0\0\0\0\x0f\x73\0\0\0\0\0\0\
\xbf\xa1\0\0\0\0\0\0\x07\x01\0\0\xf8\xff\xff\xff\xb7\x02\0\0\x04\0\0\0\x85\0\0\
\0\x71\0\0\0\x61\xa1\xf8\xff\0\0\0\0\x63\x16\x08\0\0\0\0\0\xb7\x01\0\0\x50\x07\
\0\0\xbf\x98\0\0\0\0\0\0\x0f\x18\0\0\0\0\0\0\xbf\xa1\0\0\0\0\0\0\x07\x01\0\0\
\xf8\xff\xff\xff\xb7\x02\0\0\x08\0\0\0\xbf\x83\0\0\0\0\0\0\x85\0\0\0\x71\0\0\0\
\xb7\x01\0\0\x14\0\0\0\x79\xa3\xf8\xff\0\0\0\0\x0f\x13\0\0\0\0\0\0\xbf\xa1\0\0\
\0\0\0\0\x07\x01\0\0\xf0\xff\xff\xff\xb7\x02\0\0\x04\0\0\0\x85\0\0\0\x71\0\0\0\
\x61\xa1\xf0\xff\0\0\0\0\x63\x16\x24\x02\0\0\0\0\xbf\xa1\0\0\0\0\0\0\x07\x01\0\
\0\xf8\xff\xff\xff\xb7\x02\0\0\x08\0\0\0\xbf\x83\0\0\0\0\0\0\x85\0\0\0\x71\0\0\
\0\xb7\x01\0\0\x18\0\0\0\x79\xa3\xf8\xff\0\0\0\0\x0f\x13\0\0\0\0\0\0\xbf\xa1\0\
\0\0\0\0\0\x07\x01\0\0\xf0\xff\xff\xff\xb7\x02\0\0\x04\0\0\0\x85\0\0\0\x71\0\0\
\0\x61\xa1\xf0\xff\0\0\0\0\x63\x16\x28\x02\0\0\0\0\xb7\x01\0\0\xf0\x04\0\0\x0f\
\x19\0\0\0\0\0\0\xbf\xa1\0\0\0\0\0\0\x07\x01\0\0\xf0\xff\xff\xff\xb7\x02\0\0\
\x08\0\0\0\xbf\x93\0\0\0\0\0\0\x85\0\0\0\x71\0\0\0\xb7\x01\0\0\x28\x01\0\0\x79\
\xa3\xf0\xff\0\0\0\0\x0f\x13\0\0\0\0\0\0\xbf\xa1\0\0\0\0\0\0\x07\x01\0\0\xf8\
\xff\xff\xff\xb7\x02\0\0\x08\0\0\0\x85\0\0\0\x71\0\0\0\x79\xa8\xf8\xff\0\0\0\0\
\xbf\xa1\0\0\0\0\0\0\x07\x01\0\0\xf0\xff\xff\xff\xb7\x02\0\0\x08\0\0\0\xbf\x93\
\0\0\0\0\0\0\x85\0\0\0\x71\0\0\0\xb7\x01\0\0\x30\x01\0\0\x79\xa3\xf0\xff\0\0\0\
\0\x0f\x13\0\0\0\0\0\0\xbf\xa1\0\0\0\0\0\0\x07\x01\0\0\xf8\xff\xff\xff\xb7\x02\
\0\0\x08\0\0\0\x85\0\0\0\x71\0\0\0\x79\xa2\xf8\xff\0\0\0\0\x1f\x82\0\0\0\0\0\0\
\xb7\x01\0\0\0\x02\0\0\x2d\x21\x01\0\0\0\0\0\xb7\x02\0\0\0\x02\0\0\x63\x26\x20\
\x02\0\0\0\0\x79\xa1\xd0\xff\0\0\0\0\x07\x01\0\0\x20\0\0\0\xbf\x83\0\0\0\0\0\0\
\x85\0\0\0\x70\0\0\0\x61\x61\x20\x02\0\0\0\0\x55\x01\x02\0\0\x02\0\0\xb7\x01\0\
\0\0\0\0\0\x73\x16\x1f\x02\0\0\0\0\xb7\x01\0\0\xb8\x07\0\0\x79\xa8\xe8\xff\0\0\
\0\0\x0f\x18\0\0\0\0\0\0\xbf\xa9\0\0\0\0\0\0\x07\x09\0\0\xf8\xff\xff\xff\xbf\
\x91\0\0\0\0\0\0\xb7\x02\0\0\x08\0\0\0\xbf\x83\0\0\0\0\0\0\x85\0\0\0\x71\0\0\0\
\xb7\x01\0\0\x20\0\0\0\x79\xa3\xf8\xff\0\0\0\0\x0f\x13\0\0\0\0\0\0\xbf\x91\0\0\
\0\0\0\0\xb7\x02\0\0\x08\0\0\0\x85\0\0\0\x71\0\0\0\xb7\x01\0\0\x78\0\0\0\x79\
\xa3\xf8\xff\0\0\0\0\x0f\x13\0\0\0\0\0\0\xbf\xa1\0\0\0\0\0\0\x07\x01\0\0\xf0\
\xff\xff\xff\xb7\x02\0\0\x04\0\0\0\x85\0\0\0\x71\0\0\0\x61\xa1\xf0\xff\0\0\0\0\
\x7b\x16\x78\x04\0\0\0\0\xbf\xa9\0\0\0\0\0\0\x07\x09\0\0\xf8\xff\xff\xff\xbf\
\x91\0\0\0\0\0\0\xb7\x02\0\0\x08\0\0\0\xbf\x83\0\0\0\0\0\0\x85\0\0\0\x71\0\0\0\
\xb7\x01\0\0\x18\0\0\0\x79\xa3\xf8\xff\0\0\0\0\x0f\x13\0\0\0\0\0\0\xbf\x91\0\0\
\0\0\0\0\xb7\x02\0\0\x08\0\0\0\x85\0\0\0\x71\0\0\0\xb7\x01\0\0\x10\0\0\0\x79\
\xa3\xf8\xff\0\0\0\0\x0f\x13\0\0\0\0\0\0\xbf\xa1\0\0\0\0\0\0\x07\x01\0\0\xf0\
\xff\xff\xff\xb7\x02\0\0\x04\0\0\0\x85\0\0\0\x71\0\0\0\x61\xa1\xf0\xff\0\0\0\0\
\x7b\x16\x90\x04\0\0\0\0\xbf\xa9\0\0\0\0\0\0\x07\x09\0\0\xf8\xff\xff\xff\xbf\
\x91\0\0\0\0\0\0\xb7\x02\0\0\x08\0\0\0\xbf\x83\0\0\0\0\0\0\x85\0\0\0\x71\0\0\0\
\xb7\x01\0\0\x40\0\0\0\x79\xa3\xf8\xff\0\0\0\0\x0f\x13\0\0\0\0\0\0\xbf\x91\0\0\
\0\0\0\0\xb7\x02\0\0\x08\0\0\0\x85\0\0\0\x71\0\0\0\xb7\x01\0\0\x10\0\0\0\x79\
\xa3\xf8\xff\0\0\0\0\x0f\x13\0\0\0\0\0\0\xbf\xa1\0\0\0\0\0\0\x07\x01\0\0\xf0\
\xff\xff\xff\xb7\x02\0\0\x04\0\0\0\x85\0\0\0\x71\0\0\0\x61\xa1\xf0\xff\0\0\0\0\
\x7b\x16\x70\x04\0\0\0\0\xbf\xa9\0\0\0\0\0\0\x07\x09\0\0\xf8\xff\xff\xff\xbf\
\x91\0\0\0\0\0\0\xb7\x02\0\0\x08\0\0\0\xbf\x83\0\0\0\0\0\0\x85\0\0\0\x71\0\0\0\
\xb7\x01\0\0\x10\0\0\0\x79\xa3\xf8\xff\0\0\0\0\x0f\x13\0\0\0\0\0\0\xbf\x91\0\0\
\0\0\0\0\xb7\x02\0\0\x08\0\0\0\x85\0\0\0\x71\0\0\0\xb7\x01\0\0\x30\x03\0\0\x79\
\xa3\xf8\xff\0\0\0\0\x0f\x13\0\0\0\0\0\0\xbf\xa1\0\0\0\0\0\0\x07\x01\0\0\xf0\
\xff\xff\xff\xb7\x02\0\0\x04\0\0\0\x85\0\0\0\x71\0\0\0\x61\xa1\xf0\xff\0\0\0\0\
\x7b\x16\xa0\x04\0\0\0\0\xbf\xa9\0\0\0\0\0\0\x07\x09\0\0\xf8\xff\xff\xff\xbf\
\x91\0\0\0\0\0\0\xb7\x02\0\0\x08\0\0\0\xbf\x83\0\0\0\0\0\0\x85\0\0\0\x71\0\0\0\
\xb7\x01\0\0\x28\0\0\0\x79\xa3\xf8\xff\0\0\0\0\x0f\x13\0\0\0\0\0\0\xbf\x91\0\0\
\0\0\0\0\xb7\x02\0\0\x08\0\0\0\x85\0\0\0\x71\0\0\0\xb7\x01\0\0\x88\0\0\0\x79\
\xa3\xf8\xff\0\0\0\0\x0f\x13\0\0\0\0\0\0\xbf\xa1\0\0\0\0\0\0\x07\x01\0\0\xf0\
\xff\xff\xff\xb7\x02\0\0\x04\0\0\0\x85\0\0\0\x71\0\0\0\x61\xa1\xf0\xff\0\0\0\0\
\x7b\x16\x98\x04\0\0\0\0\xbf\xa9\0\0\0\0\0\0\x07\x09\0\0\xf8\xff\xff\xff\xbf\
\x91\0\0\0\0\0\0\xb7\x02\0\0\x08\0\0\0\xbf\x83\0\0\0\0\0\0\x7b\x8a\xc8\xff\0\0\
\0\0\x85\0\0\0\x71\0\0\0\xbf\x67\0\0\0\0\0\0\xb7\x06\0\0\x08\0\0\0\x79\xa3\xf8\
\xff\0\0\0\0\x0f\x63\0\0\0\0\0\0\xbf\x91\0\0\0\0\0\0\xb7\x02\0\0\x08\0\0\0\x85\
\0\0\0\x71\0\0\0\xb7\x01\0\0\x88\x01\0\0\x79\xa3\xf8\xff\0\0\0\0\x0f\x13\0\0\0\
\0\0\0\xbf\x91\0\0\0\0\0\0\xb7\x02\0\0\x08\0\0\0\x85\0\0\0\x71\0\0\0\xb7\x01\0\
\0\0\x01\0\0\x79\xa3\xf8\xff\0\0\0\0\x0f\x13\0\0\0\0\0\0\xbf\xa1\0\0\0\0\0\0\
\x07\x01\0\0\xf0\xff\xff\xff\xb7\x02\0\0\x04\0\0\0\x85\0\0\0\x71\0\0\0\x61\xa1\
\xf0\xff\0\0\0\0\x7b\x17\x80\x04\0\0\0\0\xbf\xa9\0\0\0\0\0\0\x07\x09\0\0\xf8\
\xff\xff\xff\xbf\x91\0\0\0\0\0\0\xb7\x02\0\0\x08\0\0\0\xbf\x83\0\0\0\0\0\0\x85\
\0\0\0\x71\0\0\0\x79\xa3\xf8\xff\0\0\0\0\x0f\x63\0\0\0\0\0\0\xbf\x91\0\0\0\0\0\
\0\xb7\x02\0\0\x08\0\0\0\x85\0\0\0\x71\0\0\0\xb7\x01\0\0\xa8\x01\0\0\x79\xa3\
\xf8\xff\0\0\0\0\x0f\x13\0\0\0\0\0\0\xbf\xa1\0\0\0\0\0\0\x07\x01\0\0\xf0\xff\
\xff\xff\xb7\x02\0\0\x04\0\0\0\x85\0\0\0\x71\0\0\0\x61\xa1\xf0\xff\0\0\0\0\x7b\
\x17\x88\x04\0\0\0\0\xb7\x01\0\0\x40\0\0\0\x79\xa9\xd8\xff\0\0\0\0\x0f\x19\0\0\
\0\0\0\0\xbf\xa8\0\0\0\0\0\0\x07\x08\0\0\xf0\xff\xff\xff\xbf\x81\0\0\0\0\0\0\
\xb7\x02\0\0\x08\0\0\0\xbf\x93\0\0\0\0\0\0\x85\0\0\0\x71\0\0\0\xb7\x01\0\0\x28\
\0\0\0\x79\xa3\xf0\xff\0\0\0\0\x0f\x13\0\0\0\0\0\0\xb7\x06\0\0\x28\0\0\0\xbf\
\x81\0\0\0\0\0\0\xb7\x02\0\0\x08\0\0\0\x85\0\0\0\x71\0\0\0\xb7\x01\0\0\x40\0\0\
\0\x79\xa3\xf0\xff\0\0\0\0\x0f\x13\0\0\0\0\0\0\xbf\xa1\0\0\0\0\0\0\x07\x01\0\0\
\xf8\xff\xff\xff\xb7\x02\0\0\x08\0\0\0\x85\0\0\0\x71\0\0\0\x79\xa1\xf8\xff\0\0\
\0\0\x63\x17\x3c\x04\0\0\0\0\xbf\xa8\0\0\0\0\0\0\x07\x08\0\0\xf8\xff\xff\xff\
\xbf\x81\0\0\0\0\0\0\xb7\x02\0\0\x08\0\0\0\xbf\x93\0\0\0\0\0\0\x85\0\0\0\x71\0\
\0\0\x79\xa3\xf8\xff\0\0\0\0\x0f\x63\0\0\0\0\0\0\xbf\x81\0\0\0\0\0\0\xb7\x02\0\
\0\x08\0\0\0\x85\0\0\0\x71\0\0\0\xb7\x01\0\0\x04\0\0\0\x79\xa3\xf8\xff\0\0\0\0\
\x0f\x13\0\0\0\0\0\0\xbf\xa1\0\0\0\0\0\0\x07\x01\0\0\xf0\xff\xff\xff\xb7\x02\0\
\0\x04\0\0\0\x85\0\0\0\x71\0\0\0\x61\xa1\xf0\xff\0\0\0\0\x63\x17\x40\x04\0\0\0\
\0\xbf\xa8\0\0\0\0\0\0\x07\x08\0\0\xf8\xff\xff\xff\xbf\x81\0\0\0\0\0\0\xb7\x02\
\0\0\x08\0\0\0\xbf\x93\0\0\0\0\0\0\x85\0\0\0\x71\0\0\0\x79\xa3\xf8\xff\0\0\0\0\
\x0f\x63\0\0\0\0\0\0\xbf\x81\0\0\0\0\0\0\xb7\x02\0\0\x08\0\0\0\x85\0\0\0\x71\0\
\0\0\xb7\x01\0\0\x08\0\0\0\x79\xa3\xf8\xff\0\0\0\0\x0f\x13\0\0\0\0\0\0\xbf\xa1\
\0\0\0\0\0\0\x07\x01\0\0\xf0\xff\xff\xff\xb7\x02\0\0\x04\0\0\0\x85\0\0\0\x71\0\
\0\0\x61\xa1\xf0\xff\0\0\0\0\x63\x17\x44\x04\0\0\0\0\xbf\xa8\0\0\0\0\0\0\x07\
\x08\0\0\xf8\xff\xff\xff\xbf\x81\0\0\0\0\0\0\xb7\x02\0\0\x08\0\0\0\xbf\x93\0\0\
\0\0\0\0\x85\0\0\0\x71\0\0\0\x79\xa3\xf8\xff\0\0\0\0\x0f\x63\0\0\0\0\0\0\xbf\
\x81\0\0\0\0\0\0\xb7\x02\0\0\x08\0\0\0\x85\0\0\0\x71\0\0\0\xb7\x01\0\0\0\0\0\0\
\x79\xa3\xf8\xff\0\0\0\0\x0f\x13\0\0\0\0\0\0\xbf\xa1\0\0\0\0\0\0\x07\x01\0\0\
\xf0\xff\xff\xff\xb7\x02\0\0\x02\0\0\0\x85\0\0\0\x71\0\0\0\x69\xa1\xf0\xff\0\0\
\0\0\x6b\x17\x4c\x04\0\0\0\0\xbf\xa8\0\0\0\0\0\0\x07\x08\0\0\xf0\xff\xff\xff\
\xbf\x81\0\0\0\0\0\0\xb7\x02\0\0\x08\0\0\0\xbf\x93\0\0\0\0\0\0\x85\0\0\0\x71\0\
\0\0\x79\xa3\xf0\xff\0\0\0\0\x0f\x63\0\0\0\0\0\0\xbf\x81\0\0\0\0\0\0\xb7\x02\0\
\0\x08\0\0\0\x85\0\0\0\x71\0\0\0\xb7\x01\0\0\x68\0\0\0\x79\xa3\xf0\xff\0\0\0\0\
\x0f\x13\0\0\0\0\0\0\xbf\xa1\0\0\0\0\0\0\x07\x01\0\0\xf8\xff\xff\xff\xb7\x02\0\
\0\x08\0\0\0\x85\0\0\0\x71\0\0\0\x79\xa1\xf8\xff\0\0\0\0\x7b\x17\x50\x04\0\0\0\
\0\xbf\xa8\0\0\0\0\0\0\x07\x08\0\0\xf0\xff\xff\xff\xbf\x81\0\0\0\0\0\0\xb7\x02\
\0\0\x08\0\0\0\xbf\x93\0\0\0\0\0\0\x85\0\0\0\x71\0\0\0\x79\xa3\xf0\xff\0\0\0\0\
\x0f\x63\0\0\0\0\0\0\xbf\x81\0\0\0\0\0\0\xb7\x02\0\0\x08\0\0\0\x85\0\0\0\x71\0\
\0\0\xb7\x01\0\0\x70\0\0\0\x79\xa3\xf0\xff\0\0\0\0\x0f\x13\0\0\0\0\0\0\xbf\xa1\
\0\0\0\0\0\0\x07\x01\0\0\xf8\xff\xff\xff\xb7\x02\0\0\x08\0\0\0\x85\0\0\0\x71\0\
\0\0\x79\xa1\xf8\xff\0\0\0\0\x7b\x17\x58\x04\0\0\0\0\xbf\xa8\0\0\0\0\0\0\x07\
\x08\0\0\xf0\xff\xff\xff\xbf\x81\0\0\0\0\0\0\xb7\x02\0\0\x08\0\0\0\xbf\x93\0\0\
\0\0\0\0\x85\0\0\0\x71\0\0\0\x79\xa3\xf0\xff\0\0\0\0\x0f\x63\0\0\0\0\0\0\xbf\
\x81\0\0\0\0\0\0\xb7\x02\0\0\x08\0\0\0\x85\0\0\0\x71\0\0\0\xb7\x01\0\0\x78\0\0\
\0\x79\xa3\xf0\xff\0\0\0\0\x0f\x13\0\0\0\0\0\0\xbf\xa1\0\0\0\0\0\0\x07\x01\0\0\
\xf8\xff\xff\xff\xb7\x02\0\0\x08\0\0\0\x85\0\0\0\x71\0\0\0\x79\xa1\xf8\xff\0\0\
\0\0\x7b\x17\x60\x04\0\0\0\0\xbf\xa8\0\0\0\0\0\0\x07\x08\0\0\xf0\xff\xff\xff\
\xbf\x81\0\0\0\0\0\0\xb7\x02\0\0\x08\0\0\0\xbf\x93\0\0\0\0\0\0\x85\0\0\0\x71\0\
\0\0\x79\xa3\xf0\xff\0\0\0\0\x0f\x63\0\0\0\0\0\0\xbf\x81\0\0\0\0\0\0\xb7\x02\0\
\0\x08\0\0\0\x85\0\0\0\x71\0\0\0\xb7\x01\0\0\x80\0\0\0\x79\xa3\xf0\xff\0\0\0\0\
\x0f\x13\0\0\0\0\0\0\xbf\xa1\0\0\0\0\0\0\x07\x01\0\0\xf8\xff\xff\xff\xb7\x02\0\
\0\x08\0\0\0\x85\0\0\0\x71\0\0\0\x79\xa1\xf8\xff\0\0\0\0\x7b\x17\x68\x04\0\0\0\
\0\xbf\xa8\0\0\0\0\0\0\x07\x08\0\0\xf8\xff\xff\xff\xbf\x81\0\0\0\0\0\0\xb7\x02\
\0\0\x08\0\0\0\xbf\x93\0\0\0\0\0\0\x85\0\0\0\x71\0\0\0\x79\xa3\xf8\xff\0\0\0\0\
\x0f\x63\0\0\0\0\0\0\xbf\x81\0\0\0\0\0\0\xb7\x02\0\0\x08\0\0\0\x85\0\0\0\x71\0\
\0\0\xb7\x01\0\0\x28\0\0\0\x79\xa3\xf8\xff\0\0\0\0\x0f\x13\0\0\0\0\0\0\xbf\x81\
\0\0\0\0\0\0\xb7\x02\0\0\x08\0\0\0\x85\0\0\0\x71\0\0\0\xb7\x01\0\0\x10\0\0\0\
\x79\xa3\xf8\xff\0\0\0\0\x0f\x13\0\0\0\0\0\0\xbf\xa1\0\0\0\0\0\0\x07\x01\0\0\
\xf0\xff\xff\xff\xb7\x02\0\0\x04\0\0\0\x85\0\0\0\x71\0\0\0\x18\x01\0\0\0\0\xf0\
\xff\0\0\0\0\0\0\0\0\x61\xa2\xf0\xff\0\0\0\0\xbf\x23\0\0\0\0\0\0\x67\x03\0\0\
\x0c\0\0\0\x5f\x13\0\0\0\0\0\0\xbf\x21\0\0\0\0\0\0\x57\x01\0\0\xff\0\0\0\x77\
\x02\0\0\x0c\0\0\0\x57\x02\0\0\0\xff\x0f\0\x4f\x12\0\0\0\0\0\0\x4f\x32\0\0\0\0\
\0\0\x63\x27\x38\x04\0\0\0\0\xb7\x01\0\0\x68\0\0\0\x79\xa3\xd8\xff\0\0\0\0\x0f\
\x13\0\0\0\0\0\0\xbf\xa1\0\0\0\0\0\0\x07\x01\0\0\xf8\xff\xff\xff\xb7\x02\0\0\
\x08\0\0\0\x85\0\0\0\x71\0\0\0\x79\xa3\xf8\xff\0\0\0\0\x79\xa1\xd0\xff\0\0\0\0\
\x07\x01\0\0\x30\x02\0\0\xb7\x02\0\0\0\x02\0\0\x85\0\0\0\x2d\0\0\0\xbf\xa8\0\0\
\0\0\0\0\x07\x08\0\0\xf8\xff\xff\xff\xbf\x81\0\0\0\0\0\0\xb7\x02\0\0\x08\0\0\0\
\x79\xa3\xc8\xff\0\0\0\0\x85\0\0\0\x71\0\0\0\x79\xa3\xf8\xff\0\0\0\0\xb7\x01\0\
\0\x18\0\0\0\x0f\x13\0\0\0\0\0\0\xbf\x81\0\0\0\0\0\0\x79\xa8\xe8\xff\0\0\0\0\
\xb7\x02\0\0\x08\0\0\0\x85\0\0\0\x71\0\0\0\x79\xa3\xf8\xff\0\0\0\0\xb7\x01\0\0\
\x10\0\0\0\x0f\x13\0\0\0\0\0\0\xbf\xa1\0\0\0\0\0\0\x07\x01\0\0\xf0\xff\xff\xff\
\xb7\x02\0\0\x04\0\0\0\x85\0\0\0\x71\0\0\0\x61\xa1\xf0\xff\0\0\0\0\x7b\x17\x30\
\x04\0\0\0\0\xb7\x09\0\0\x40\0\0\0\x05\0\x06\0\0\0\0\0\x07\x09\0\0\xff\xff\xff\
\xff\xbf\x91\0\0\0\0\0\0\x67\x01\0\0\x20\0\0\0\x77\x01\0\0\x20\0\0\0\xbf\x68\0\
\0\0\0\0\0\x15\x01\x47\0\0\0\0\0\xbf\x83\0\0\0\0\0\0\xb7\x01\0\0\xb8\x05\0\0\
\x0f\x13\0\0\0\0\0\0\xbf\xa1\0\0\0\0\0\0\x07\x01\0\0\xf0\xff\xff\xff\xb7\x02\0\
\0\x08\0\0\0\x85\0\0\0\x71\0\0\0\x79\xa3\xf0\xff\0\0\0\0\xb7\x01\0\0\xe8\x05\0\
\0\x0f\x13\0\0\0\0\0\0\xbf\xa1\0\0\0\0\0\0\x07\x01\0\0\xf8\xff\xff\xff\xb7\x02\
\0\0\x08\0\0\0\x85\0\0\0\x71\0\0\0\x79\xa6\xf8\xff\0\0\0\0\x15\x06\x37\0\0\0\0\
\0\xbf\x63\0\0\0\0\0\0\xb7\x01\0\0\xac\x05\0\0\x0f\x13\0\0\0\0\0\0\xbf\xa1\0\0\
\0\0\0\0\x07\x01\0\0\xf8\xff\xff\xff\xb7\x02\0\0\x04\0\0\0\x85\0\0\0\x71\0\0\0\
\x61\xa1\xf8\xff\0\0\0\0\x15\x01\x2e\0\0\0\0\0\xbf\x83\0\0\0\0\0\0\xb7\x07\0\0\
\xb8\x07\0\0\x0f\x73\0\0\0\0\0\0\x7b\x8a\xe8\xff\0\0\0\0\xbf\xa8\0\0\0\0\0\0\
\x07\x08\0\0\xf8\xff\xff\xff\xbf\x81\0\0\0\0\0\0\xb7\x02\0\0\x08\0\0\0\x85\0\0\
\0\x71\0\0\0\x79\xa3\xf8\xff\0\0\0\0\xb7\x01\0\0\x18\0\0\0\x0f\x13\0\0\0\0\0\0\
\xbf\x81\0\0\0\0\0\0\xb7\x02\0\0\x08\0\0\0\x85\0\0\0\x71\0\0\0\x79\xa3\xf8\xff\
\0\0\0\0\xb7\x01\0\0\x10\0\0\0\x0f\x13\0\0\0\0\0\0\xbf\xa1\0\0\0\0\0\0\x07\x01\
\0\0\xf0\xff\xff\xff\xb7\x02\0\0\x04\0\0\0\x85\0\0\0\x71\0\0\0\xbf\x63\0\0\0\0\
\0\0\x0f\x73\0\0\0\0\0\0\x61\xa7\xf0\xff\0\0\0\0\xbf\xa8\0\0\0\0\0\0\x07\x08\0\
\0\xf8\xff\xff\xff\xbf\x81\0\0\0\0\0\0\xb7\x02\0\0\x08\0\0\0\x85\0\0\0\x71\0\0\
\0\x79\xa3\xf8\xff\0\0\0\0\xb7\x01\0\0\x18\0\0\0\x0f\x13\0\0\0\0\0\0\xbf\x81\0\
\0\0\0\0\0\x79\xa8\xe8\xff\0\0\0\0\xb7\x02\0\0\x08\0\0\0\x85\0\0\0\x71\0\0\0\
\x79\xa3\xf8\xff\0\0\0\0\xb7\x01\0\0\x10\0\0\0\x0f\x13\0\0\0\0\0\0\xbf\xa1\0\0\
\0\0\0\0\x07\x01\0\0\xf0\xff\xff\xff\xb7\x02\0\0\x04\0\0\0\x85\0\0\0\x71\0\0\0\
\x61\xa1\xf0\xff\0\0\0\0\x1d\x17\xb3\xff\0\0\0\0\xb7\x01\0\0\xac\x05\0\0\x0f\
\x18\0\0\0\0\0\0\xbf\xa1\0\0\0\0\0\0\x07\x01\0\0\xf8\xff\xff\xff\xb7\x02\0\0\
\x04\0\0\0\xbf\x83\0\0\0\0\0\0\x85\0\0\0\x71\0\0\0\x61\xa2\xf8\xff\0\0\0\0\x79\
\xa1\xe0\xff\0\0\0\0\x63\x21\x48\x04\0\0\0\0\xb7\x02\0\0\0\0\0\0\x85\0\0\0\x84\
\0\0\0\xb7\0\0\0\0\0\0\0\x95\0\0\0\0\0\0\0\xb7\x02\0\0\x4c\0\0\0\x79\x19\0\0\0\
\0\0\0\xbf\x93\0\0\0\0\0\0\x0f\x23\0\0\0\0\0\0\xbf\xa1\0\0\0\0\0\0\x07\x01\0\0\
\xf8\xff\xff\xff\xb7\x02\0\0\x04\0\0\0\x85\0\0\0\x71\0\0\0\x61\xa1\xf8\xff\0\0\
\0\0\x57\x01\0\0\0\0\x20\0\x55\x01\x0f\x01\0\0\0\0\xb7\x01\0\0\xa8\x05\0\0\xbf\
\x93\0\0\0\0\0\0\x0f\x13\0\0\0\0\0\0\xbf\xa1\0\0\0\0\0\0\x07\x01\0\0\xf8\xff\
\xff\xff\xb7\x02\0\0\x04\0\0\0\x85\0\0\0\x71\0\0\0\xb7\x01\0\0\xac\x05\0\0\xbf\
\x93\0\0\0\0\0\0\x0f\x13\0\0\0\0\0\0\x61\xa6\xf8\xff\0\0\0\0\xbf\xa1\0\0\0\0\0\
\0\x07\x01\0\0\xf8\xff\xff\xff\xb7\x02\0\0\x04\0\0\0\x85\0\0\0\x71\0\0\0\x61\
\xa1\xf8\xff\0\0\0\0\x5d\x16\xfe\0\0\0\0\0\xb7\x07\0\0\x40\0\0\0\x7b\x9a\xe8\
\xff\0\0\0\0\x05\0\x06\0\0\0\0\0\x07\x07\0\0\xff\xff\xff\xff\xbf\x71\0\0\0\0\0\
\0\x67\x01\0\0\x20\0\0\0\x77\x01\0\0\x20\0\0\0\xbf\x89\0\0\0\0\0\0\x15\x01\x20\
\0\0\0\0\0\xbf\x93\0\0\0\0\0\0\xb7\x01\0\0\xb8\x05\0\0\x0f\x13\0\0\0\0\0\0\xbf\
\xa1\0\0\0\0\0\0\x07\x01\0\0\xf0\xff\xff\xff\xb7\x02\0\0\x08\0\0\0\x85\0\0\0\
\x71\0\0\0\x79\xa3\xf0\xff\0\0\0\0\xb7\x01\0\0\xe8\x05\0\0\x0f\x13\0\0\0\0\0\0\
\xbf\xa1\0\0\0\0\0\0\x07\x01\0\0\xf8\xff\xff\xff\xb7\x02\0\0\x08\0\0\0\x85\0\0\
\0\x71\0\0\0\x79\xa8\xf8\xff\0\0\0\0\x15\x08\x10\0\0\0\0\0\xbf\x93\0\0\0\0\0\0\
\xb7\x06\0\0\x48\x08\0\0\x0f\x63\0\0\0\0\0\0\xbf\xa1\0\0\0\0\0\0\x07\x01\0\0\
\xf8\xff\xff\xff\xb7\x02\0\0\x08\0\0\0\x85\0\0\0\x71\0\0\0\xbf\x83\0\0\0\0\0\0\
\x0f\x63\0\0\0\0\0\0\x79\xa6\xf8\xff\0\0\0\0\xbf\xa1\0\0\0\0\0\0\x07\x01\0\0\
\xf8\xff\xff\xff\xb7\x02\0\0\x08\0\0\0\x85\0\0\0\x71\0\0\0\x79\xa1\xf8\xff\0\0\
\0\0\x1d\x16\xda\xff\0\0\0\0\x79\xa7\xe8\xff\0\0\0\0\x5d\x79\xd3\0\0\0\0\0\xb7\
\x06\0\0\0\0\0\0\x18\x01\0\0\0\0\0\0\0\0\0\0\0\0\0\0\xb7\x02\0\0\xb0\x04\0\0\
\xb7\x03\0\0\0\0\0\0\x85\0\0\0\x83\0\0\0\x15\0\xcc\0\0\0\0\0\x7b\x0a\xd8\xff\0\
\0\0\0\xbf\x02\0\0\0\0\0\0\xb7\x01\0\0\x01\0\0\0\x63\x12\0\0\0\0\0\0\x7b\x2a\
\xe0\xff\0\0\0\0\x63\x62\xa8\x04\0\0\0\0\xb7\x01\0\0\xb8\x05\0\0\xbf\x73\0\0\0\
\0\0\0\x0f\x13\0\0\0\0\0\0\xbf\xa1\0\0\0\0\0\0\x07\x01\0\0\xf0\xff\xff\xff\xb7\
\x02\0\0\x08\0\0\0\x85\0\0\0\x71\0\0\0\xb7\x01\0\0\xe8\x05\0\0\x79\xa3\xf0\xff\
\0\0\0\0\x0f\x13\0\0\0\0\0\0\xbf\xa1\0\0\0\0\0\0\x07\x01\0\0\xf8\xff\xff\xff\
\xb7\x02\0\0\x08\0\0\0\x85\0\0\0\x71\0\0\0\xb7\x08\0\0\x40\0\0\0\x79\xa7\xf8\
\xff\0\0\0\0\x05\0\x06\0\0\0\0\0\x07\x08\0\0\xff\xff\xff\xff\xbf\x81\0\0\0\0\0\
\0\x67\x01\0\0\x20\0\0\0\x77\x01\0\0\x20\0\0\0\xbf\x97\0\0\0\0\0\0\x15\x01\x20\
\0\0\0\0\0\xbf\x73\0\0\0\0\0\0\xb7\x01\0\0\xb8\x05\0\0\x0f\x13\0\0\0\0\0\0\xbf\
\xa1\0\0\0\0\0\0\x07\x01\0\0\xf0\xff\xff\xff\xb7\x02\0\0\x08\0\0\0\x85\0\0\0\
\x71\0\0\0\x79\xa3\xf0\xff\0\0\0\0\xb7\x01\0\0\xe8\x05\0\0\x0f\x13\0\0\0\0\0\0\
\xbf\xa1\0\0\0\0\0\0\x07\x01\0\0\xf8\xff\xff\xff\xb7\x02\0\0\x08\0\0\0\x85\0\0\
\0\x71\0\0\0\x79\xa9\xf8\xff\0\0\0\0\x15\x09\x10\0\0\0\0\0\xbf\x73\0\0\0\0\0\0\
\xb7\x06\0\0\x48\x08\0\0\x0f\x63\0\0\0\0\0\0\xbf\xa1\0\0\0\0\0\0\x07\x01\0\0\
\xf8\xff\xff\xff\xb7\x02\0\0\x08\0\0\0\x85\0\0\0\x71\0\0\0\xbf\x93\0\0\0\0\0\0\
\x0f\x63\0\0\0\0\0\0\x79\xa6\xf8\xff\0\0\0\0\xbf\xa1\0\0\0\0\0\0\x07\x01\0\0\
\xf8\xff\xff\xff\xb7\x02\0\0\x08\0\0\0\x85\0\0\0\x71\0\0\0\x79\xa1\xf8\xff\0\0\
\0\0\x1d\x16\xda\xff\0\0\0\0\xb7\x09\0\0\xac\x05\0\0\xbf\x73\0\0\0\0\0\0\x0f\
\x93\0\0\0\0\0\0\xbf\xa1\0\0\0\0\0\0\x07\x01\0\0\xf8\xff\xff\xff\xb7\x02\0\0\
\x04\0\0\0\x85\0\0\0\x71\0\0\0\x61\xa1\xf8\xff\0\0\0\0\x79\xa6\xe0\xff\0\0\0\0\
\x63\x16\x0c\0\0\0\0\0\xb7\x08\0\0\xe0\x06\0\0\x0f\x87\0\0\0\0\0\0\xbf\xa1\0\0\
\0\0\0\0\x07\x01\0\0\xf8\xff\xff\xff\xb7\x02\0\0\x08\0\0\0\xbf\x73\0\0\0\0\0\0\
\x85\0\0\0\x71\0\0\0\x79\xa1\xf8\xff\0\0\0\0\x7b\x16\x18\0\0\0\0\0\xb7\x01\0\0\
\xe8\x05\0\0\x79\xa7\xe8\xff\0\0\0\0\xbf\x73\0\0\0\0\0\0\x0f\x13\0\0\0\0\0\0\
\xbf\xa1\0\0\0\0\0\0\x07\x01\0\0\xf0\xff\xff\xff\xb7\x02\0\0\x08\0\0\0\x85\0\0\
\0\x71\0\0\0\x79\xa3\xf0\xff\0\0\0\0\x0f\x83\0\0\0\0\0\0\xbf\xa1\0\0\0\0\0\0\
\x07\x01\0\0\xf8\xff\xff\xff\xb7\x02\0\0\x08\0\0\0\x85\0\0\0\x71\0\0\0\x79\xa1\
\xf8\xff\0\0\0\0\x7b\x16\x10\0\0\0\0\0\xbf\x73\0\0\0\0\0\0\x0f\x93\0\0\0\0\0\0\
\xbf\xa1\0\0\0\0\0\0\x07\x01\0\0\xf8\xff\xff\xff\xb7\x02\0\0\x04\0\0\0\x85\0\0\
\0\x71\0\0\0\x61\xa1\xf8\xff\0\0\0\0\x63\x16\x08\0\0\0\0\0\xb7\x01\0\0\x50\x07\
\0\0\xbf\x79\0\0\0\0\0\0\x0f\x19\0\0\0\0\0\0\xbf\xa1\0\0\0\0\0\0\x07\x01\0\0\
\xf8\xff\xff\xff\xb7\x02\0\0\x08\0\0\0\xbf\x93\0\0\0\0\0\0\x85\0\0\0\x71\0\0\0\
\xb7\x01\0\0\x14\0\0\0\x79\xa3\xf8\xff\0\0\0\0\x0f\x13\0\0\0\0\0\0\xbf\xa1\0\0\
\0\0\0\0\x07\x01\0\0\xf0\xff\xff\xff\xb7\x02\0\0\x04\0\0\0\x85\0\0\0\x71\0\0\0\
\x61\xa1\xf0\xff\0\0\0\0\x63\x16\x24\x02\0\0\0\0\xbf\xa1\0\0\0\0\0\0\x07\x01\0\
\0\xf8\xff\xff\xff\xb7\x02\0\0\x08\0\0\0\xbf\x93\0\0\0\0\0\0\x85\0\0\0\x71\0\0\
\0\xb7\x01\0\0\x18\0\0\0\x79\xa3\xf8\xff\0\0\0\0\x0f\x13\0\0\0\0\0\0\xbf\xa1\0\
\0\0\0\0\0\x07\x01\0\0\xf0\xff\xff\xff\xb7\x02\0\0\x04\0\0\0\x85\0\0\0\x71\0\0\
\0\x61\xa1\xf0\xff\0\0\0\0\x63\x16\x28\x02\0\0\0\0\xb7\x01\0\0\xf0\x04\0\0\xbf\
\x78\0\0\0\0\0\0\x0f\x18\0\0\0\0\0\0\xbf\xa1\0\0\0\0\0\0\x07\x01\0\0\xf0\xff\
\xff\xff\xb7\x02\0\0\x08\0\0\0\xbf\x83\0\0\0\0\0\0\x85\0\0\0\x71\0\0\0\xb7\x01\
\0\0\x28\x01\0\0\x79\xa3\xf0\xff\0\0\0\0\x0f\x13\0\0\0\0\0\0\xbf\xa1\0\0\0\0\0\
\0\x07\x01\0\0\xf8\xff\xff\xff\xb7\x02\0\0\x08\0\0\0\x85\0\0\0\x71\0\0\0\x79\
\xa9\xf8\xff\0\0\0\0\xbf\xa1\0\0\0\0\0\0\x07\x01\0\0\xf0\xff\xff\xff\xb7\x02\0\
\0\x08\0\0\0\xbf\x83\0\0\0\0\0\0\x85\0\0\0\x71\0\0\0\xb7\x01\0\0\x30\x01\0\0\
\x79\xa3\xf0\xff\0\0\0\0\x0f\x13\0\0\0\0\0\0\xbf\xa1\0\0\0\0\0\0\x07\x01\0\0\
\xf8\xff\xff\xff\xb7\x02\0\0\x08\0\0\0\x85\0\0\0\x71\0\0\0\x79\xa2\xf8\xff\0\0\
\0\0\x1f\x92\0\0\0\0\0\0\xb7\x01\0\0\0\x02\0\0\x2d\x21\x01\0\0\0\0\0\xb7\x02\0\
\0\0\x02\0\0\x63\x26\x20\x02\0\0\0\0\x79\xa1\xd8\xff\0\0\0\0\x07\x01\0\0\x20\0\
\0\0\xbf\x93\0\0\0\0\0\0\x85\0\0\0\x70\0\0\0\x61\x61\x20\x02\0\0\0\0\xbf\x67\0\
\0\0\0\0\0\x55\x01\x02\0\0\x02\0\0\xb7\x01\0\0\0\0\0\0\x73\x17\x1f\x02\0\0\0\0\
\xb7\x01\0\0\xc8\x05\0\0\x79\xa3\xe8\xff\0\0\0\0\x0f\x13\0\0\0\0\0\0\xbf\xa1\0\
\0\0\0\0\0\x07\x01\0\0\xf8\xff\xff\xff\xb7\x02\0\0\x08\0\0\0\x85\0\0\0\x71\0\0\
\0\xb7\x01\0\0\x01\0\0\0\x79\xa6\xf8\xff\0\0\0\0\x15\x06\x0b\0\0\0\0\0\xb7\x01\
\0\0\0\0\0\0\xbf\x63\0\0\0\0\0\0\x0f\x13\0\0\0\0\0\0\xbf\xa1\0\0\0\0\0\0\x07\
\x01\0\0\xf8\xff\xff\xff\xb7\x02\0\0\x08\0\0\0\x85\0\0\0\x71\0\0\0\xb7\x01\0\0\
\x01\0\0\0\x79\xa2\xf8\xff\0\0\0\0\x1d\x26\x01\0\0\0\0\0\xb7\x01\0\0\0\0\0\0\
\x57\x01\0\0\x01\0\0\0\x73\x17\x30\x02\0\0\0\0\xbf\x71\0\0\0\0\0\0\xb7\x02\0\0\
\0\0\0\0\x85\0\0\0\x84\0\0\0\xb7\0\0\0\0\0\0\0\x95\0\0\0\0\0\0\0\x44\x75\x61\
\x6c\x20\x42\x53\x44\x2f\x47\x50\x4c\0\0\0\0\0\0\0\0\0\0\0\0\0\0\0\0\0\0\0\0\
\x9f\xeb\x01\0\x18\0\0\0\0\0\0\0\x64\x3d\x01\0\x64\x3d\x01\0\x81\xd2\0\0\0\0\0\
\0\0\0\0\x02\x03\0\0\0\x01\0\0\0\0\0\0\x01\x04\0\0\0\x20\0\0\x01\0\0\0\0\0\0\0\
\x03\0\0\0\0\x02\0\0\0\x04\0\0\0\x1b\0\0\0\x05\0\0\0\0\0\0\x01\x04\0\0\0\x20\0\
\0\0\0\0\0\0\0\0\0\x02\x06\0\0\0\0\0\0\0\0\0\0\x03\0\0\0\0\x02\0\0\0\x04\0\0\0\
\0\0\x20\0\0\0\0\0\x02\0\0\x04\x10\0\0\0\x19\0\0\0\x01\0\0\0\0\0\0\0\x1e\0\0\0\
\x05\0\0\0\x40\0\0\0\x2a\0\0\0\0\0\0\x0e\x07\0\0\0\x01\0\0\0\0\0\0\0\0\0\0\x02\
\x0a\0\0\0\x2d\0\0\0\0\0\0\x01\x08\0\0\0\x40\0\0\0\0\0\0\0\x01\0\0\x0d\x02\0\0\
\0\x40\0\0\0\x09\0\0\0\x44\0\0\0\x01\0\0\x0c\x0b\0\0\0\x80\0\0\0\xce\0\0\x84\
\x40\x0f\0\0\x8c\0\0\0\x0e\0\0\0\0\0\0\0\x98\0\0\0\x16\0\0\0\xc0\x01\0\0\xa0\0\
\0\0\x19\0\0\0\0\x02\0\0\xa6\0\0\0\x1a\0\0\0\x40\x02\0\0\xac\0\0\0\x16\0\0\0\
\x60\x02\0\0\xb2\0\0\0\x16\0\0\0\x80\x02\0\0\xb9\0\0\0\x02\0\0\0\xa0\x02\0\0\
\xc0\0\0\0\x1e\0\0\0\xc0\x02\0\0\xcb\0\0\0\x16\0\0\0\x40\x03\0\0\xcf\0\0\0\x16\
\0\0\0\x60\x03\0\0\xdb\0\0\0\x0f\0\0\0\x80\x03\0\0\xef\0\0\0\x25\0\0\0\xc0\x03\
\0\0\xfa\0\0\0\x02\0\0\0\0\x04\0\0\x0a\x01\0\0\x02\0\0\0\x20\x04\0\0\x13\x01\0\
\0\x02\0\0\0\x40\x04\0\0\x19\x01\0\0\x02\0\0\0\x60\x04\0\0\x1e\x01\0\0\x02\0\0\
\0\x80\x04\0\0\x2a\x01\0\0\x02\0\0\0\xa0\x04\0\0\x36\x01\0\0\x16\0\0\0\xc0\x04\
\0\0\x42\x01\0\0\x26\0\0\0\0\x05\0\0\x4e\x01\0\0\x28\0\0\0\0\x06\0\0\x51\x01\0\
\0\x47\0\0\0\0\x16\0\0\x54\x01\0\0\x49\0\0\0\x80\x17\0\0\x57\x01\0\0\x46\0\0\0\
\x80\x1e\0\0\x68\x01\0\0\x6d\0\0\0\xc0\x1e\0\0\x73\x01\0\0\x6d\0\0\0\0\x1f\0\0\
\x7a\x01\0\0\x02\0\0\0\x40\x1f\0\0\x91\x01\0\0\x16\0\0\0\x60\x1f\0\0\x9c\x01\0\
\0\x16\0\0\0\x80\x1f\0\0\xa3\x01\0\0\x02\0\0\0\xa0\x1f\0\0\xb3\x01\0\0\x6e\0\0\
\0\xc0\x1f\0\0\xbc\x01\0\0\x71\0\0\0\0\x20\0\0\xca\x01\0\0\x70\0\0\0\x40\x20\0\
\0\xd4\x01\0\0\x19\0\0\0\x80\x20\0\0\xe6\x01\0\0\x24\0\0\0\xc0\x20\0\0\xf9\x01\
\0\0\x24\0\0\0\xd0\x20\0\0\x09\x02\0\0\x02\0\0\0\xe0\x20\0\0\x1f\x02\0\0\x74\0\
\0\0\0\x21\0\0\x37\x02\0\0\x2c\0\0\0\x40\x21\0\0\x46\x02\0\0\x76\0\0\0\xc0\x21\
\0\0\x57\x02\0\0\x0f\0\0\0\0\x22\0\0\x67\x02\0\0\x40\0\0\0\x40\x22\0\0\x79\x02\
\0\0\x40\0\0\0\x48\x22\0\0\x87\x02\0\0\x02\0\0\0\x60\x22\0\0\x9a\x02\0\0\x2c\0\
\0\0\x80\x22\0\0\xb1\x02\0\0\x02\0\0\0\0\x23\0\0\xc4\x02\0\0\x02\0\0\0\x20\x23\
\0\0\xd3\x02\0\0\x74\0\0\0\x40\x23\0\0\xe6\x02\0\0\x77\0\0\0\x60\x23\0\0\xf9\
\x02\0\0\x2c\0\0\0\x80\x23\0\0\x0a\x03\0\0\x79\0\0\0\0\x24\0\0\x15\x03\0\0\x2c\
\0\0\0\0\x25\0\0\x1b\x03\0\0\x7a\0\0\0\x80\x25\0\0\x2a\x03\0\0\x2a\0\0\0\xc0\
\x26\0\0\x3c\x03\0\0\x7b\0\0\0\x80\x27\0\0\x3f\x03\0\0\x7b\0\0\0\xc0\x27\0\0\
\x49\x03\0\0\xbb\0\0\0\0\x28\0\0\x52\x03\0\0\xcb\0\0\0\x40\x29\0\0\x5b\x03\0\0\
\x02\0\0\0\xe0\x29\0\0\x66\x03\0\0\x02\0\0\0\0\x2a\0\0\x70\x03\0\0\x02\0\0\0\
\x20\x2a\0\0\x7c\x03\0\0\x02\0\0\0\x40\x2a\0\0\x8a\x03\0\0\x0f\0\0\0\x80\x2a\0\
\0\x91\x03\0\0\x16\0\0\0\xc0\x2a\0\0\x9d\x03\0\0\x16\0\0\0\xe0\x2a\0\x01\xb1\
\x03\0\0\x16\0\0\0\xe1\x2a\0\x01\xcb\x03\0\0\x16\0\0\0\xe2\x2a\0\x01\xda\x03\0\
\0\x16\0\0\0\xe3\x2a\0\x01\xf1\x03\0\0\x16\0\0\0\0\x2b\0\x01\x05\x04\0\0\x16\0\
\0\0\x01\x2b\0\x01\x0f\x04\0\0\x16\0\0\0\x02\x2b\0\x01\x19\x04\0\0\x16\0\0\0\
\x03\x2b\0\x01\x26\x04\0\0\x16\0\0\0\x04\x2b\0\x01\x3a\x04\0\0\x16\0\0\0\x05\
\x2b\0\x01\x41\x04\0\0\x16\0\0\0\x06\x2b\0\x01\x4e\x04\0\0\x16\0\0\0\x07\x2b\0\
\x01\x5a\x04\0\0\x16\0\0\0\x08\x2b\0\x01\x65\x04\0\0\x0f\0\0\0\x40\x2b\0\0\x72\
\x04\0\0\xcd\0\0\0\x80\x2b\0\0\x80\x04\0\0\xdd\0\0\0\x40\x2d\0\0\x84\x04\0\0\
\xdd\0\0\0\x60\x2d\0\0\x89\x04\0\0\x0f\0\0\0\x80\x2d\0\0\x96\x04\0\0\x25\0\0\0\
\xc0\x2d\0\0\xa2\x04\0\0\x25\0\0\0\0\x2e\0\0\xa9\x04\0\0\x2c\0\0\0\x40\x2e\0\0\
\xb2\x04\0\0\x2c\0\0\0\xc0\x2e\0\0\xba\x04\0\0\x25\0\0\0\x40\x2f\0\0\xc7\x04\0\
\0\x2c\0\0\0\x80\x2f\0\0\xcf\x04\0\0\x2c\0\0\0\0\x30\0\0\xdc\x04\0\0\x9b\0\0\0\
\x80\x30\0\0\xe7\x04\0\0\xea\0\0\0\xc0\x30\0\0\xf1\x04\0\0\x2c\0\0\0\xc0\x32\0\
\0\xfe\x04\0\0\x2c\0\0\0\x40\x33\0\0\x0a\x05\0\0\xeb\0\0\0\xc0\x33\0\0\x15\x05\
\0\0\xec\0\0\0\0\x34\0\0\x23\x05\0\0\xec\0\0\0\x40\x34\0\0\x33\x05\0\0\x19\0\0\
\0\x80\x34\0\0\x40\x05\0\0\x10\0\0\0\xc0\x34\0\0\x46\x05\0\0\x10\0\0\0\0\x35\0\
\0\x4c\x05\0\0\x10\0\0\0\x40\x35\0\0\x52\x05\0\0\xed\0\0\0\x80\x35\0\0\x5f\x05\
\0\0\x0f\0\0\0\x40\x36\0\0\x65\x05\0\0\x0f\0\0\0\x80\x36\0\0\x6c\x05\0\0\x10\0\
\0\0\xc0\x36\0\0\x77\x05\0\0\x10\0\0\0\0\x37\0\0\x86\x05\0\0\x0f\0\0\0\x40\x37\
\0\0\x8e\x05\0\0\x0f\0\0\0\x80\x37\0\0\x96\x05\0\0\xee\0\0\0\xc0\x37\0\0\xa6\
\x05\0\0\xa1\0\0\0\x40\x3a\0\0\xb3\x05\0\0\xa1\0\0\0\x80\x3a\0\0\xbd\x05\0\0\
\xa1\0\0\0\xc0\x3a\0\0\xc2\x05\0\0\xfa\0\0\0\0\x3b\0\0\xd7\x05\0\0\x83\x01\0\0\
\x40\x3b\0\0\xdc\x05\0\0\x84\x01\0\0\xc0\x3b\0\0\xe6\x05\0\0\x85\x01\0\0\0\x3c\
\0\0\xee\x05\0\0\x87\x01\0\0\x40\x3c\0\0\xf6\x05\0\0\x0f\0\0\0\xc0\x3c\0\0\x08\
\x06\0\0\x0f\0\0\0\0\x3d\0\0\x19\x06\0\0\x88\x01\0\0\x40\x3d\0\0\x1c\x06\0\0\
\x89\x01\0\0\x80\x3d\0\0\x22\x06\0\0\x8a\x01\0\0\xc0\x3d\0\0\x2a\x06\0\0\x8b\
\x01\0\0\0\x3e\0\0\x31\x06\0\0\x8c\x01\0\0\x40\x3e\0\0\x39\x06\0\0\x8d\x01\0\0\
\x80\x3e\0\0\x41\x06\0\0\x8d\x01\0\0\xc0\x3e\0\0\x4e\x06\0\0\x8d\x01\0\0\0\x3f\
\0\0\x5c\x06\0\0\x8f\x01\0\0\x40\x3f\0\0\x64\x06\0\0\x0f\0\0\0\0\x40\0\0\x6e\
\x06\0\0\x10\x01\0\0\x40\x40\0\0\x7a\x06\0\0\x16\0\0\0\x80\x40\0\0\x87\x06\0\0\
\x63\0\0\0\xc0\x40\0\0\x92\x06\0\0\x90\x01\0\0\0\x41\0\0\xa0\x06\0\0\x9d\0\0\0\
\x40\x41\0\0\xa9\x06\0\0\x16\0\0\0\x60\x41\0\0\xb3\x06\0\0\x91\x01\0\0\x80\x41\
\0\0\xbb\x06\0\0\x93\x01\0\0\0\x42\0\0\xcc\x06\0\0\x10\0\0\0\0\x42\0\0\xdb\x06\
\0\0\x10\0\0\0\x40\x42\0\0\xe8\x06\0\0\x8a\0\0\0\x80\x42\0\0\xf3\x06\0\0\x3a\0\
\0\0\xa0\x42\0\0\xfb\x06\0\0\x94\x01\0\0\xc0\x42\0\0\x02\x07\0\0\x35\0\0\0\0\
\x43\0\0\x0d\x07\0\0\x25\0\0\0\x80\x43\0\0\x19\x07\0\0\x96\x01\0\0\xc0\x43\0\0\
\x27\x07\0\0\x19\0\0\0\0\x44\0\0\x34\x07\0\0\x97\x01\0\0\x40\x44\0\0\x3d\x07\0\
\0\x98\x01\0\0\x80\x44\0\0\x42\x07\0\0\x99\x01\0\0\xc0\x44\0\0\x50\x07\0\0\x9a\
\x01\0\0\0\x45\0\0\x61\x07\0\0\x9b\x01\0\0\x40\x45\0\0\x6c\x07\0\0\x9c\x01\0\0\
\x80\x45\0\0\x7c\x07\0\0\x0f\0\0\0\xc0\x45\0\0\x8b\x07\0\0\x9d\x01\0\0\0\x46\0\
\0\x98\x07\0\0\x9f\x01\0\0\x40\x46\0\0\x9d\x07\0\0\x16\0\0\0\x40\x48\0\0\xa7\
\x07\0\0\x10\0\0\0\x80\x48\0\0\xb5\x07\0\0\x10\0\0\0\xc0\x48\0\0\xc2\x07\0\0\
\x10\0\0\0\0\x49\0\0\xcf\x07\0\0\xa0\x01\0\0\x40\x49\0\0\xdc\x07\0\0\xa2\x01\0\
\0\x80\x49\0\0\xed\x07\0\0\x02\0\0\0\xa0\x49\0\0\x05\x08\0\0\x02\0\0\0\xc0\x49\
\0\0\x1e\x08\0\0\xa4\x01\0\0\0\x4a\0\0\x26\x08\0\0\x2c\0\0\0\x40\x4a\0\0\x2e\
\x08\0\0\xa5\x01\0\0\xc0\x4a\0\0\x3a\x08\0\0\xa6\x01\0\0\0\x4b\0\0\x4d\x08\0\0\
\x2c\0\0\0\x40\x4b\0\0\x5b\x08\0\0\xa7\x01\0\0\xc0\x4b\0\0\x6a\x08\0\0\x8f\0\0\
\0\0\x4c\0\0\x7b\x08\0\0\x16\0\0\0\0\x4d\0\0\x87\x08\0\0\xae\x01\0\0\x40\x4d\0\
\0\x97\x08\0\0\x8f\0\0\0\xc0\x4d\0\0\xa8\x08\0\0\x2c\0\0\0\xc0\x4e\0\0\xb8\x08\
\0\0\xaf\x01\0\0\x40\x4f\0\0\xbd\x08\0\0\x14\0\0\0\x80\x4f\0\0\xc6\x08\0\0\x0f\
\0\0\0\xc0\x4f\0\0\xd6\x08\0\0\xb0\x01\0\0\0\x50\0\0\0\0\0\0\xb1\x01\0\0\0\x50\
\0\0\xde\x08\0\0\xb2\x01\0\0\x80\x50\0\0\xea\x08\0\0\xb3\x01\0\0\xc0\x50\0\0\
\xf4\x08\0\0\x02\0\0\0\x40\x51\0\0\xff\x08\0\0\x02\0\0\0\x60\x51\0\0\x10\x09\0\
\0\x0f\0\0\0\x80\x51\0\0\x22\x09\0\0\x10\0\0\0\xc0\x51\0\0\x31\x09\0\0\x10\0\0\
\0\0\x52\0\0\x48\x09\0\0\x02\0\0\0\x40\x52\0\0\x57\x09\0\0\x02\0\0\0\x60\x52\0\
\0\x66\x09\0\0\xb5\x01\0\0\x80\x52\0\0\x70\x09\0\0\x0a\0\0\0\xc0\x52\0\0\x81\
\x09\0\0\x1c\0\0\0\0\x53\0\0\x8f\x09\0\0\x1c\0\0\0\x20\x53\0\0\xa3\x09\0\0\x0f\
\0\0\0\x40\x53\0\0\xa9\x09\0\0\x0f\0\0\0\x80\x53\0\0\xb9\x09\0\0\xb6\x01\0\0\
\xc0\x53\0\0\xc8\x09\0\0\xb7\x01\0\0\0\x54\0\0\xce\x09\0\0\xb8\x01\0\0\x40\x54\
\0\0\xd8\x09\0\0\x02\0\0\0\x40\x54\0\0\xeb\x09\0\0\x25\0\0\0\x80\x54\0\0\xfb\
\x09\0\0\xb9\x01\0\0\xc0\x54\0\0\x0c\x0a\0\0\xbd\x01\0\0\0\x56\0\0\x1a\x0a\0\0\
\x1a\0\0\0\x40\x56\0\0\x29\x0a\0\0\x19\0\0\0\x80\x56\0\0\x32\x0a\0\0\xbe\x01\0\
\0\xc0\x56\0\0\x3e\x0a\0\0\xbf\x01\0\0\0\x57\0\0\x46\x0a\0\0\xc0\x01\0\0\x40\
\x57\0\0\x5a\x0a\0\0\xc1\x01\0\0\x80\x57\0\0\x8c\0\0\0\x07\0\0\x04\x38\0\0\0\
\xac\0\0\0\x0f\0\0\0\0\0\0\0\x61\x0a\0\0\x10\0\0\0\x40\0\0\0\0\0\0\0\x12\0\0\0\
\x80\0\0\0\x67\x0a\0\0\x16\0\0\0\xc0\0\0\0\x73\x0a\0\0\x17\0\0\0\0\x01\0\0\x82\
\x0a\0\0\x16\0\0\0\x40\x01\0\0\x95\x0a\0\0\x17\0\0\0\x80\x01\0\0\xab\x0a\0\0\0\
\0\0\x01\x08\0\0\0\x40\0\0\0\xb9\x0a\0\0\0\0\0\x08\x11\0\0\0\xbd\x0a\0\0\0\0\0\
\x08\x0a\0\0\0\0\0\0\0\x02\0\0\x05\x08\0\0\0\xc3\x0a\0\0\x10\0\0\0\0\0\0\0\xd1\
\x0a\0\0\x13\0\0\0\0\0\0\0\0\0\0\0\x02\0\0\x04\x08\0\0\0\xd9\x0a\0\0\x14\0\0\0\
\0\0\0\0\xdf\x0a\0\0\x14\0\0\0\x20\0\0\0\xec\x0a\0\0\0\0\0\x08\x15\0\0\0\xf0\
\x0a\0\0\0\0\0\x08\x16\0\0\0\xf6\x0a\0\0\0\0\0\x01\x04\0\0\0\x20\0\0\0\0\0\0\0\
\0\0\0\x02\x18\0\0\0\0\0\0\0\0\0\0\x0a\0\0\0\0\0\0\0\0\0\0\0\x02\0\0\0\0\x03\
\x0b\0\0\0\0\0\x08\x1b\0\0\0\x0e\x0b\0\0\x01\0\0\x04\x04\0\0\0\x1e\x0b\0\0\x1c\
\0\0\0\0\0\0\0\x23\x0b\0\0\0\0\0\x08\x1d\0\0\0\0\0\0\0\x01\0\0\x04\x04\0\0\0\
\x2c\x0b\0\0\x02\0\0\0\0\0\0\0\x34\x0b\0\0\x04\0\0\x04\x10\0\0\0\x47\x0b\0\0\
\x1f\0\0\0\0\0\0\0\0\0\0\0\x21\0\0\0\x40\0\0\0\x4d\x0b\0\0\x22\0\0\0\x60\0\0\0\
\x51\x0b\0\0\x22\0\0\0\x70\0\0\0\x55\x0b\0\0\x01\0\0\x04\x08\0\0\0\x60\x0b\0\0\
\x20\0\0\0\0\0\0\0\0\0\0\0\0\0\0\x02\x1f\0\0\0\0\0\0\0\x02\0\0\x05\x04\0\0\0\
\x65\x0b\0\0\x16\0\0\0\0\0\0\0\x6d\x0b\0\0\x1c\0\0\0\0\0\0\0\x75\x0b\0\0\0\0\0\
\x08\x23\0\0\0\x79\x0b\0\0\0\0\0\x08\x24\0\0\0\x7f\x0b\0\0\0\0\0\x01\x02\0\0\0\
\x10\0\0\0\0\0\0\0\0\0\0\x02\x0d\0\0\0\0\0\0\0\0\0\0\x02\x27\0\0\0\0\0\0\0\0\0\
\0\x0a\xd7\x06\0\0\x8e\x0b\0\0\x10\0\0\x04\0\x02\0\0\x9b\x0b\0\0\x29\0\0\0\0\0\
\0\0\xa0\x0b\0\0\x2a\0\0\0\x80\0\0\0\xa9\x0b\0\0\x2c\0\0\0\x40\x01\0\0\x13\x01\
\0\0\x16\0\0\0\xc0\x01\0\0\xb4\x0b\0\0\x10\0\0\0\0\x02\0\0\xbf\x0b\0\0\x10\0\0\
\0\x40\x02\0\0\xd0\x0b\0\0\x10\0\0\0\x80\x02\0\0\xd9\x0b\0\0\x10\0\0\0\xc0\x02\
\0\0\xef\x0b\0\0\x10\0\0\0\0\x03\0\0\xfd\x0b\0\0\x2e\0\0\0\x40\x03\0\0\x08\x0c\
\0\0\x02\0\0\0\0\x0a\0\0\xa2\x04\0\0\x32\0\0\0\x40\x0a\0\0\x0e\x0c\0\0\x33\0\0\
\0\x80\x0a\0\0\x15\x0c\0\0\x33\0\0\0\xc0\x0a\0\0\x1a\x0c\0\0\x0f\0\0\0\0\x0b\0\
\0\x2a\x0c\0\0\x37\0\0\0\0\x0c\0\0\x2e\x0c\0\0\x02\0\0\x04\x10\0\0\0\x3a\x0c\0\
\0\x0f\0\0\0\0\0\0\0\x41\x0c\0\0\x14\0\0\0\x40\0\0\0\x4c\x0c\0\0\x03\0\0\x04\
\x18\0\0\0\x54\x0c\0\0\x0f\0\0\0\0\0\0\0\x66\x0c\0\0\x2b\0\0\0\x40\0\0\0\x6f\
\x0c\0\0\x2b\0\0\0\x80\0\0\0\0\0\0\0\0\0\0\x02\x2a\0\0\0\x77\x0c\0\0\x02\0\0\
\x04\x10\0\0\0\x60\x0b\0\0\x2d\0\0\0\0\0\0\0\x81\x0c\0\0\x2d\0\0\0\x40\0\0\0\0\
\0\0\0\0\0\0\x02\x2c\0\0\0\x86\x0c\0\0\x1b\0\0\x04\xd8\0\0\0\x97\x0c\0\0\x10\0\
\0\0\0\0\0\0\xa2\x0c\0\0\x10\0\0\0\x40\0\0\0\xab\x0c\0\0\x10\0\0\0\x80\0\0\0\
\xb6\x0c\0\0\x10\0\0\0\xc0\0\0\0\xbf\x0c\0\0\x10\0\0\0\0\x01\0\0\xcc\x0c\0\0\
\x10\0\0\0\x40\x01\0\0\xd7\x0c\0\0\x10\0\0\0\x80\x01\0\0\xe3\x0c\0\0\x10\0\0\0\
\xc0\x01\0\0\xed\x0c\0\0\x2f\0\0\0\0\x02\0\0\xff\x0c\0\0\x10\0\0\0\x40\x02\0\0\
\x0b\x0d\0\0\x10\0\0\0\x80\x02\0\0\x15\x0d\0\0\x10\0\0\0\xc0\x02\0\0\x1e\x0d\0\
\0\x10\0\0\0\0\x03\0\0\x28\x0d\0\0\x10\0\0\0\x40\x03\0\0\x3b\x0d\0\0\x10\0\0\0\
\x80\x03\0\0\x57\x0d\0\0\x10\0\0\0\xc0\x03\0\0\x74\x0d\0\0\x10\0\0\0\0\x04\0\0\
\x8d\x0d\0\0\x10\0\0\0\x40\x04\0\0\xa2\x0d\0\0\x10\0\0\0\x80\x04\0\0\xad\x0d\0\
\0\x10\0\0\0\xc0\x04\0\0\xbd\x0d\0\0\x10\0\0\0\0\x05\0\0\xd0\x0d\0\0\x10\0\0\0\
\x40\x05\0\0\xe1\x0d\0\0\x10\0\0\0\x80\x05\0\0\xf3\x0d\0\0\x10\0\0\0\xc0\x05\0\
\0\x05\x0e\0\0\x10\0\0\0\0\x06\0\0\x20\x0e\0\0\x10\0\0\0\x40\x06\0\0\x33\x0e\0\
\0\x10\0\0\0\x80\x06\0\0\x43\x0e\0\0\0\0\0\x08\x30\0\0\0\x47\x0e\0\0\0\0\0\x08\
\x31\0\0\0\x4d\x0e\0\0\0\0\0\x01\x08\0\0\0\x40\0\0\x01\0\0\0\0\0\0\0\x02\x28\0\
\0\0\0\0\0\0\0\0\0\x02\x34\0\0\0\x0e\x0c\0\0\x21\0\0\x04\0\x02\0\0\x9b\x0b\0\0\
\x29\0\0\0\0\0\0\0\x57\x0e\0\0\x16\0\0\0\x80\0\0\0\x62\x0e\0\0\x16\0\0\0\xa0\0\
\0\0\x6f\x0e\0\0\x16\0\0\0\xc0\0\0\0\x81\x0e\0\0\x10\0\0\0\0\x01\0\0\x8c\x0e\0\
\0\x10\0\0\0\x40\x01\0\0\x99\x0e\0\0\x35\0\0\0\x80\x01\0\0\xa8\x0e\0\0\x32\0\0\
\0\0\x02\0\0\x60\x0b\0\0\x32\0\0\0\x40\x02\0\0\xad\x0e\0\0\x32\0\0\0\x80\x02\0\
\0\xb2\x0e\0\0\x32\0\0\0\xc0\x02\0\0\xb7\x0e\0\0\x16\0\0\0\0\x03\0\0\x2a\x0c\0\
\0\x37\0\0\0\0\x04\0\0\xc6\x0e\0\0\x39\0\0\0\0\x08\0\0\xce\x0e\0\0\x0f\0\0\0\0\
\x0a\0\0\xe2\x0e\0\0\x44\0\0\0\x40\x0a\0\0\xec\x0e\0\0\x44\0\0\0\x80\x0a\0\0\
\xfe\x0e\0\0\x0f\0\0\0\xc0\x0a\0\0\x05\x0f\0\0\x10\0\0\0\0\x0b\0\0\x18\x0f\0\0\
\x32\0\0\0\x40\x0b\0\0\x24\x0f\0\0\x45\0\0\0\x80\x0b\0\0\x27\x0f\0\0\x02\0\0\0\
\xc0\x0b\0\0\x2f\x0f\0\0\x2c\0\0\0\0\x0c\0\0\x40\x0f\0\0\x46\0\0\0\x80\x0c\0\0\
\x43\x0f\0\0\x02\0\0\0\xc0\x0c\0\0\x48\x0f\0\0\x02\0\0\0\xe0\x0c\0\0\x58\x0f\0\
\0\x2f\0\0\0\0\x0d\0\0\x6a\x0f\0\0\x10\0\0\0\x40\x0d\0\0\x7a\x0f\0\0\x10\0\0\0\
\x80\x0d\0\0\x8f\x0f\0\0\x10\0\0\0\xc0\x0d\0\0\xa9\x0f\0\0\x02\0\0\0\0\x0e\0\0\
\xb3\x0f\0\0\x02\0\0\0\x20\x0e\0\0\xc2\x0f\0\0\x2c\0\0\0\x40\x0e\0\0\xd1\x0f\0\
\0\x02\0\0\x04\x10\0\0\0\xe0\x0f\0\0\x36\0\0\0\0\0\0\0\xe8\x0f\0\0\x2b\0\0\0\
\x40\0\0\0\xe0\x0f\0\0\x01\0\0\x04\x08\0\0\0\x4c\x0c\0\0\x2b\0\0\0\0\0\0\0\xf4\
\x0f\0\0\x0a\0\0\x04\x80\0\0\0\xfe\x0f\0\0\x10\0\0\0\0\0\0\0\x0f\x10\0\0\x10\0\
\0\0\x40\0\0\0\x18\x10\0\0\x10\0\0\0\x80\0\0\0\x25\x10\0\0\x14\0\0\0\xc0\0\0\0\
\x2e\x10\0\0\x14\0\0\0\xe0\0\0\0\x3d\x10\0\0\x0f\0\0\0\0\x01\0\0\x46\x10\0\0\
\x0f\0\0\0\x40\x01\0\0\x53\x10\0\0\x0f\0\0\0\x80\x01\0\0\x5c\x10\0\0\x0f\0\0\0\
\xc0\x01\0\0\x67\x10\0\0\x38\0\0\0\0\x02\0\0\x67\x10\0\0\x02\0\0\x04\x08\0\0\0\
\x70\x10\0\0\x16\0\0\0\0\0\0\0\x79\x10\0\0\x16\0\0\0\x20\0\0\0\0\0\0\0\x05\0\0\
\x04\x40\0\0\0\x7e\x10\0\0\x3a\0\0\0\0\0\0\0\x83\x10\0\0\x02\0\0\0\x20\0\0\0\
\x3d\x10\0\0\x0f\0\0\0\x40\0\0\0\x53\x10\0\0\x0f\0\0\0\x80\0\0\0\x46\x10\0\0\
\x0f\0\0\0\xc0\0\0\0\x86\x10\0\0\0\0\0\x08\x3b\0\0\0\x95\x10\0\0\x01\0\0\x04\
\x04\0\0\0\xa2\x10\0\0\x3c\0\0\0\0\0\0\0\xab\x10\0\0\0\0\0\x08\x3d\0\0\0\xbb\
\x10\0\0\x01\0\0\x04\x04\0\0\0\0\0\0\0\x3e\0\0\0\0\0\0\0\0\0\0\0\x03\0\0\x05\
\x04\0\0\0\xc5\x10\0\0\x1c\0\0\0\0\0\0\0\0\0\0\0\x3f\0\0\0\0\0\0\0\0\0\0\0\x43\
\0\0\0\0\0\0\0\0\0\0\0\x02\0\0\x04\x02\0\0\0\xc9\x10\0\0\x40\0\0\0\0\0\0\0\x5c\
\x06\0\0\x40\0\0\0\x08\0\0\0\xd0\x10\0\0\0\0\0\x08\x41\0\0\0\xd3\x10\0\0\0\0\0\
\x08\x42\0\0\0\xd8\x10\0\0\0\0\0\x01\x01\0\0\0\x08\0\0\0\0\0\0\0\x02\0\0\x04\
\x04\0\0\0\xe6\x10\0\0\x22\0\0\0\0\0\0\0\xf5\x10\0\0\x22\0\0\0\x10\0\0\0\xfa\
\x10\0\0\0\0\0\x01\x08\0\0\0\x40\0\0\x01\0\0\0\0\0\0\0\x02\xd8\x06\0\0\0\0\0\0\
\0\0\0\x02\x53\0\0\0\xff\x10\0\0\x07\0\0\x04\x30\0\0\0\x0f\x11\0\0\x2c\0\0\0\0\
\0\0\0\x18\x11\0\0\x0f\0\0\0\x80\0\0\0\x20\x11\0\0\x0f\0\0\0\xc0\0\0\0\x2f\x11\
\0\0\x16\0\0\0\0\x01\0\0\x13\x01\0\0\x24\0\0\0\x20\x01\0\0\x27\x0f\0\0\x24\0\0\
\0\x30\x01\0\0\x3a\x11\0\0\x48\0\0\0\x40\x01\0\0\0\0\0\0\0\0\0\x02\x47\0\0\0\
\x3f\x11\0\0\x10\0\0\x84\xe0\0\0\0\x4c\x0c\0\0\x2a\0\0\0\0\0\0\0\x4f\x11\0\0\
\x10\0\0\0\xc0\0\0\0\x5a\x11\0\0\x10\0\0\0\0\x01\0\0\x66\x11\0\0\x10\0\0\0\x40\
\x01\0\0\x70\x11\0\0\x10\0\0\0\x80\x01\0\0\x76\x11\0\0\x10\0\0\0\xc0\x01\0\0\
\x81\x11\0\0\x2f\0\0\0\0\x02\0\0\x89\x11\0\0\x10\0\0\0\x40\x02\0\0\xac\0\0\0\
\x16\0\0\0\x80\x02\0\0\x92\x11\0\0\x16\0\0\0\xa0\x02\0\x01\x9f\x11\0\0\x16\0\0\
\0\xa1\x02\0\x01\xaa\x11\0\0\x16\0\0\0\xa2\x02\0\x01\xbc\x11\0\0\x16\0\0\0\xa3\
\x02\0\x01\xc7\x11\0\0\x4a\0\0\0\xc0\x02\0\0\xd0\x11\0\0\x4a\0\0\0\xc0\x04\0\0\
\xdf\x11\0\0\x52\0\0\0\xc0\x06\0\0\xe5\x11\0\0\x08\0\0\x04\x40\0\0\0\xed\x11\0\
\0\x4b\0\0\0\0\0\0\0\xf2\x11\0\0\x4c\0\0\0\0\x01\0\0\xff\x11\0\0\x4d\0\0\0\x40\
\x01\0\0\x08\x12\0\0\x51\0\0\0\x80\x01\0\0\x0d\x12\0\0\x40\0\0\0\xc0\x01\0\0\
\x13\x12\0\0\x40\0\0\0\xc8\x01\0\0\x1a\x12\0\0\x40\0\0\0\xd0\x01\0\0\x22\x12\0\
\0\x40\0\0\0\xd8\x01\0\0\x2a\x12\0\0\x02\0\0\x04\x20\0\0\0\xed\x11\0\0\x2a\0\0\
\0\0\0\0\0\x3a\x12\0\0\x4c\0\0\0\xc0\0\0\0\x42\x12\0\0\0\0\0\x08\x2f\0\0\0\0\0\
\0\0\0\0\0\x02\x4e\0\0\0\0\0\0\0\x01\0\0\x0d\x4f\0\0\0\0\0\0\0\x50\0\0\0\x4a\
\x12\0\0\x02\0\0\x06\x04\0\0\0\x5a\x12\0\0\0\0\0\0\x6c\x12\0\0\x01\0\0\0\0\0\0\
\0\0\0\0\x02\x4a\0\0\0\0\0\0\0\0\0\0\x02\x04\x07\0\0\0\0\0\0\0\0\0\x02\x49\0\0\
\0\x7c\x12\0\0\x10\0\0\x04\x80\x02\0\0\x87\x12\0\0\x54\0\0\0\0\0\0\0\x4e\x01\0\
\0\x68\0\0\0\x40\x06\0\0\x0e\x0c\0\0\x69\0\0\0\x80\x06\0\0\x8b\x12\0\0\x0f\0\0\
\0\xc0\x06\0\0\x43\x0f\0\0\x02\0\0\0\0\x07\0\0\x3d\x10\0\0\x5a\0\0\0\0\x08\0\0\
\x92\x12\0\0\x62\0\0\0\x40\x08\0\0\x96\x12\0\0\x2c\0\0\0\xc0\x08\0\0\xa2\x04\0\
\0\x46\0\0\0\x40\x09\0\0\x9b\x12\0\0\x2c\0\0\0\x80\x09\0\0\xa9\x04\0\0\x2c\0\0\
\0\0\x0a\0\0\xa4\x12\0\0\x6a\0\0\0\x80\x0a\0\0\xb2\x12\0\0\x6b\0\0\0\x40\x11\0\
\0\x68\x01\0\0\x6d\0\0\0\x80\x11\0\0\x73\x01\0\0\x6d\0\0\0\xc0\x11\0\0\xbd\x12\
\0\0\x16\0\0\0\0\x12\0\0\xcf\x12\0\0\x0d\0\0\x04\xc8\0\0\0\xe3\x12\0\0\x55\0\0\
\0\0\0\0\0\xea\x12\0\0\x56\0\0\0\x40\0\0\0\xed\x12\0\0\x57\0\0\0\x80\0\0\0\xb2\
\x04\0\0\x2c\0\0\0\0\x01\0\0\xa9\x04\0\0\x2c\0\0\0\x80\x01\0\0\xf4\x12\0\0\x2c\
\0\0\0\0\x02\0\0\x03\x13\0\0\x02\0\0\0\x80\x02\0\0\xac\0\0\0\x16\0\0\0\xa0\x02\
\0\0\x06\x13\0\0\x10\0\0\0\xc0\x02\0\0\x10\x13\0\0\x1c\0\0\0\0\x03\0\0\x1b\x13\
\0\0\x59\0\0\0\x40\x03\0\0\x28\x13\0\0\x61\0\0\0\x40\x04\0\0\xa2\x04\0\0\x67\0\
\0\0\0\x06\0\0\0\0\0\0\0\0\0\x02\x41\x03\0\0\0\0\0\0\0\0\0\x02\x4a\x07\0\0\x36\
\x13\0\0\x02\0\0\x04\x10\0\0\0\x41\x13\0\0\x0f\0\0\0\0\0\0\0\x52\x13\0\0\x58\0\
\0\0\x40\0\0\0\0\0\0\0\0\0\0\x02\xe7\x06\0\0\x57\x13\0\0\x03\0\0\x04\x20\0\0\0\
\x52\x13\0\0\x5a\0\0\0\0\0\0\0\x63\x13\0\0\x2c\0\0\0\x40\0\0\0\x69\x13\0\0\x5d\
\0\0\0\xc0\0\0\0\x6e\x13\0\0\0\0\0\x08\x5b\0\0\0\x7c\x13\0\0\0\0\0\x08\x5c\0\0\
\0\0\0\0\0\x01\0\0\x04\x08\0\0\0\x2c\x0b\0\0\x2f\0\0\0\0\0\0\0\x87\x13\0\0\0\0\
\0\x08\x5e\0\0\0\0\0\0\0\0\0\0\x02\x5f\0\0\0\0\0\0\0\x01\0\0\x0d\0\0\0\0\0\0\0\
\0\x60\0\0\0\0\0\0\0\0\0\0\x02\x59\0\0\0\x93\x13\0\0\x03\0\0\x04\x38\0\0\0\x9c\
\x13\0\0\x59\0\0\0\0\0\0\0\x92\x12\0\0\x62\0\0\0\0\x01\0\0\xa1\x13\0\0\x66\0\0\
\0\x80\x01\0\0\xa4\x13\0\0\x02\0\0\x04\x10\0\0\0\x60\x0b\0\0\x63\0\0\0\0\0\0\0\
\x69\x13\0\0\x64\0\0\0\x40\0\0\0\0\0\0\0\0\0\0\x02\x62\0\0\0\0\0\0\0\0\0\0\x02\
\x65\0\0\0\0\0\0\0\x01\0\0\x0d\0\0\0\0\0\0\0\0\x63\0\0\0\0\0\0\0\0\0\0\x02\x56\
\x03\0\0\0\0\0\0\0\0\0\x02\x54\0\0\0\0\0\0\0\0\0\0\x02\x32\0\0\0\0\0\0\0\0\0\0\
\x02\x33\0\0\0\xa4\x12\0\0\x0f\0\0\x04\xd8\0\0\0\x7e\x10\0\0\x3a\0\0\0\0\0\0\0\
\xb2\x13\0\0\x4c\0\0\0\x40\0\0\0\xb9\x13\0\0\x10\0\0\0\x80\0\0\0\x81\x11\0\0\
\x10\0\0\0\xc0\0\0\0\xbf\x13\0\0\x10\0\0\0\0\x01\0\0\xc5\x13\0\0\x2f\0\0\0\x40\
\x01\0\0\x43\x0f\0\0\x40\0\0\0\x80\x01\0\0\xd8\x13\0\0\x40\0\0\0\x88\x01\0\0\
\xe6\x13\0\0\x40\0\0\0\x90\x01\0\0\xf4\x13\0\0\x4a\0\0\0\xc0\x01\0\0\x01\x14\0\
\0\x4a\0\0\0\xc0\x03\0\0\x0d\x14\0\0\x2c\0\0\0\xc0\x05\0\0\x1e\x14\0\0\x02\0\0\
\0\x40\x06\0\0\x29\x14\0\0\x02\0\0\0\x60\x06\0\0\x36\x14\0\0\x10\0\0\0\x80\x06\
\0\0\0\0\0\0\0\0\0\x03\0\0\0\0\x16\0\0\0\x04\0\0\0\x02\0\0\0\x45\x14\0\0\x04\0\
\0\x84\x04\0\0\0\x4f\x14\0\0\x16\0\0\0\0\0\0\x0b\x55\x14\0\0\x16\0\0\0\x0b\0\0\
\x03\x5f\x14\0\0\x16\0\0\0\x0e\0\0\x01\x66\x14\0\0\x16\0\0\0\x0f\0\0\x01\0\0\0\
\0\0\0\0\x03\0\0\0\0\x6c\0\0\0\x04\0\0\0\x02\0\0\0\0\0\0\0\0\0\0\x02\x6f\0\0\0\
\0\0\0\0\0\0\0\x0a\x70\0\0\0\x73\x14\0\0\0\0\0\x08\x72\0\0\0\0\0\0\0\0\0\0\x02\
\x70\0\0\0\x7d\x14\0\0\x01\0\0\x04\x08\0\0\0\x85\x14\0\0\x73\0\0\0\0\0\0\0\0\0\
\0\0\0\0\0\x03\0\0\0\0\x0f\0\0\0\x04\0\0\0\x01\0\0\0\x8a\x14\0\0\x02\0\0\x05\
\x04\0\0\0\x96\x14\0\0\x75\0\0\0\0\0\0\0\x98\x14\0\0\x14\0\0\0\0\0\0\0\0\0\0\0\
\x04\0\0\x04\x04\0\0\0\x39\x06\0\0\x40\0\0\0\0\0\0\0\x9a\x14\0\0\x40\0\0\0\x08\
\0\0\0\xa2\x14\0\0\x40\0\0\0\x10\0\0\0\xab\x14\0\0\x40\0\0\0\x18\0\0\0\0\0\0\0\
\0\0\0\x02\x3f\x07\0\0\xb3\x14\0\0\0\0\0\x08\x78\0\0\0\xb8\x14\0\0\0\0\0\x01\
\x01\0\0\0\x08\0\0\x04\x0a\x03\0\0\x04\0\0\x04\x20\0\0\0\xbe\x14\0\0\x0f\0\0\0\
\0\0\0\0\xc5\x14\0\0\x0a\0\0\0\x40\0\0\0\xcf\x14\0\0\x0a\0\0\0\x80\0\0\0\xdc\
\x14\0\0\x0a\0\0\0\xc0\0\0\0\xe8\x14\0\0\x03\0\0\x04\x28\0\0\0\x19\x01\0\0\x02\
\0\0\0\0\0\0\0\xf3\x14\0\0\x2c\0\0\0\x40\0\0\0\xfd\x14\0\0\x2c\0\0\0\xc0\0\0\0\
\0\0\0\0\0\0\0\x02\x7c\0\0\0\x07\x15\0\0\x02\0\0\x04\x88\x03\0\0\0\0\0\0\x7d\0\
\0\0\0\0\0\0\x11\x15\0\0\xba\0\0\0\x40\x1c\0\0\0\0\0\0\x36\0\0\x04\x88\x03\0\0\
\x1c\x15\0\0\x7e\0\0\0\0\0\0\0\x21\x15\0\0\x36\0\0\0\x40\0\0\0\x27\x15\0\0\x10\
\0\0\0\x80\0\0\0\x37\x15\0\0\x7f\0\0\0\xc0\0\0\0\x49\x15\0\0\x0f\0\0\0\0\x01\0\
\0\x53\x15\0\0\x0f\0\0\0\x40\x01\0\0\x64\x15\0\0\x0f\0\0\0\x80\x01\0\0\x6e\x15\
\0\0\x0f\0\0\0\xc0\x01\0\0\x7d\x15\0\0\xa7\0\0\0\0\x02\0\0\x81\x15\0\0\x1c\0\0\
\0\x40\x02\0\0\x92\x15\0\0\x1c\0\0\0\x60\x02\0\0\x9b\x15\0\0\x1c\0\0\0\x80\x02\
\0\0\xa4\x15\0\0\x5a\0\0\0\xc0\x02\0\0\xb3\x15\0\0\x02\0\0\0\0\x03\0\0\xbd\x15\
\0\0\x8a\0\0\0\x20\x03\0\0\xcd\x15\0\0\xab\0\0\0\x40\x03\0\0\xd7\x15\0\0\x2c\0\
\0\0\x80\x04\0\0\xde\x15\0\0\x0f\0\0\0\0\x05\0\0\xea\x15\0\0\x0f\0\0\0\x40\x05\
\0\0\xf5\x15\0\0\x0f\0\0\0\x80\x05\0\0\xfe\x15\0\0\x0f\0\0\0\xc0\x05\0\0\x08\
\x16\0\0\x5b\0\0\0\0\x06\0\0\x12\x16\0\0\x0f\0\0\0\x40\x06\0\0\x1a\x16\0\0\x0f\
\0\0\0\x80\x06\0\0\x22\x16\0\0\x0f\0\0\0\xc0\x06\0\0\x2b\x16\0\0\x0f\0\0\0\0\
\x07\0\0\x35\x16\0\0\xac\0\0\0\x40\x07\0\0\x47\x16\0\0\x8a\0\0\0\x60\x07\0\0\
\x50\x16\0\0\x0f\0\0\0\x80\x07\0\0\x5b\x16\0\0\x0f\0\0\0\xc0\x07\0\0\x64\x16\0\
\0\x0f\0\0\0\0\x08\0\0\x6f\x16\0\0\x0f\0\0\0\x40\x08\0\0\x78\x16\0\0\x0f\0\0\0\
\x80\x08\0\0\x82\x16\0\0\x0f\0\0\0\xc0\x08\0\0\x86\x16\0\0\x0f\0\0\0\0\x09\0\0\
\x92\x16\0\0\x0f\0\0\0\x40\x09\0\0\x9c\x16\0\0\x0f\0\0\0\x80\x09\0\0\xa4\x16\0\
\0\x0f\0\0\0\xc0\x09\0\0\xae\x16\0\0\x0f\0\0\0\0\x0a\0\0\xb6\x16\0\0\xae\0\0\0\
\x40\x0a\0\0\x52\x03\0\0\xaf\0\0\0\xc0\x15\0\0\xc1\x16\0\0\xb1\0\0\0\xc0\x16\0\
\0\xc8\x16\0\0\xb2\0\0\0\0\x17\0\0\xac\0\0\0\x0f\0\0\0\x40\x18\0\0\xd0\x16\0\0\
\xb4\0\0\0\x80\x18\0\0\xdb\x16\0\0\x8a\0\0\0\xc0\x18\0\0\xe6\x16\0\0\xb5\0\0\0\
\0\x19\0\0\xf2\x16\0\0\xb6\0\0\0\x40\x19\0\0\xfa\x16\0\0\x81\0\0\0\x80\x19\0\0\
\x03\x17\0\0\x1c\0\0\0\xc0\x19\0\0\x15\x17\0\0\xb7\0\0\0\0\x1a\0\0\x23\x17\0\0\
\x59\0\0\0\x40\x1a\0\0\x32\x17\0\0\x14\0\0\0\x40\x1b\0\0\x38\x17\0\0\xb9\0\0\0\
\x80\x1b\0\0\0\0\0\0\0\0\0\x02\xbc\0\0\0\0\0\0\0\0\0\0\x02\x80\0\0\0\0\0\0\0\
\x05\0\0\x0d\x0f\0\0\0\0\0\0\0\x81\0\0\0\0\0\0\0\x0f\0\0\0\0\0\0\0\x0f\0\0\0\0\
\0\0\0\x0f\0\0\0\0\0\0\0\x0f\0\0\0\0\0\0\0\0\0\0\x02\x82\0\0\0\x40\x17\0\0\x15\
\0\0\x04\xf0\0\0\0\x45\x17\0\0\x83\0\0\0\0\0\0\0\x49\x17\0\0\x84\0\0\0\x80\0\0\
\0\x50\x17\0\0\x87\0\0\0\x40\x01\0\0\x58\x17\0\0\x88\0\0\0\x80\x01\0\0\x5d\x17\
\0\0\x8a\0\0\0\xc0\x01\0\0\x64\x17\0\0\x8d\0\0\0\xe0\x01\0\0\x71\x17\0\0\x5a\0\
\0\0\0\x02\0\0\x79\x17\0\0\x16\0\0\0\x40\x02\0\0\x81\x17\0\0\x8e\0\0\0\x60\x02\
\0\0\x88\x17\0\0\x8f\0\0\0\x80\x02\0\0\x93\x17\0\0\x91\0\0\0\x80\x03\0\0\x99\
\x17\0\0\x93\0\0\0\xc0\x03\0\0\xa1\x17\0\0\xa1\0\0\0\xc0\x04\0\0\xa8\x17\0\0\
\xa3\0\0\0\0\x05\0\0\xad\x17\0\0\x10\0\0\0\0\x06\0\0\xb7\x17\0\0\x19\0\0\0\x40\
\x06\0\0\xc2\x17\0\0\x19\0\0\0\x80\x06\0\0\xcf\x17\0\0\xa4\0\0\0\xc0\x06\0\0\
\xd4\x17\0\0\xa5\0\0\0\0\x07\0\0\xde\x17\0\0\xa6\0\0\0\x40\x07\0\0\xe7\x17\0\0\
\xa6\0\0\0\x60\x07\0\0\0\0\0\0\x02\0\0\x05\x10\0\0\0\xf0\x17\0\0\x1f\0\0\0\0\0\
\0\0\xf9\x17\0\0\x62\0\0\0\0\0\0\0\x04\x18\0\0\x03\0\0\x04\x18\0\0\0\x09\x18\0\
\0\x85\0\0\0\0\0\0\0\x0d\x18\0\0\x86\0\0\0\x40\0\0\0\x14\x18\0\0\x02\0\0\0\x80\
\0\0\0\0\0\0\0\0\0\0\x02\x9a\x03\0\0\0\0\0\0\0\0\0\x02\x9b\x03\0\0\0\0\0\0\0\0\
\0\x02\xe3\x01\0\0\0\0\0\0\0\0\0\x02\x89\0\0\0\0\0\0\0\0\0\0\x0a\xf4\x01\0\0\
\x1f\x18\0\0\0\0\0\x08\x8b\0\0\0\x2a\x18\0\0\x01\0\0\x04\x04\0\0\0\0\0\0\0\x8c\
\0\0\0\0\0\0\0\0\0\0\0\x01\0\0\x05\x04\0\0\0\x33\x18\0\0\x3b\0\0\0\0\0\0\0\x39\
\x18\0\0\x06\0\0\x06\x04\0\0\0\x41\x18\0\0\0\0\0\0\x54\x18\0\0\x01\0\0\0\x64\
\x18\0\0\x02\0\0\0\x75\x18\0\0\x03\0\0\0\x87\x18\0\0\x04\0\0\0\x97\x18\0\0\x05\
\0\0\0\xaa\x18\0\0\0\0\0\x08\x16\0\0\0\xb2\x18\0\0\x04\0\0\x04\x20\0\0\0\xb8\
\x18\0\0\x5a\0\0\0\0\0\0\0\xbe\x18\0\0\x3a\0\0\0\x40\0\0\0\xc8\x18\0\0\x90\0\0\
\0\x60\0\0\0\xcc\x18\0\0\x2c\0\0\0\x80\0\0\0\xd6\x18\0\0\x01\0\0\x04\x04\0\0\0\
\xf5\x10\0\0\x1c\0\0\0\0\0\0\0\xec\x18\0\0\0\0\0\x08\x92\0\0\0\xf3\x18\0\0\0\0\
\0\x08\x31\0\0\0\x03\x19\0\0\x06\0\0\x04\x20\0\0\0\x7e\x10\0\0\x94\0\0\0\0\0\0\
\0\x80\x04\0\0\x9b\0\0\0\x40\0\0\0\x0f\x19\0\0\x9c\0\0\0\x80\0\0\0\x18\x19\0\0\
\x9d\0\0\0\xa0\0\0\0\x1c\x19\0\0\x9d\0\0\0\xc0\0\0\0\x21\x19\0\0\x02\0\0\0\xe0\
\0\0\0\x28\x19\0\0\0\0\0\x08\x95\0\0\0\0\0\0\0\x01\0\0\x04\x08\0\0\0\xa2\x10\0\
\0\x96\0\0\0\0\0\0\0\x31\x19\0\0\0\0\0\x08\x97\0\0\0\x3f\x19\0\0\x02\0\0\x04\
\x08\0\0\0\0\0\0\0\x98\0\0\0\0\0\0\0\xbe\x18\0\0\x3c\0\0\0\x20\0\0\0\0\0\0\0\
\x02\0\0\x05\x04\0\0\0\x47\x19\0\0\x1c\0\0\0\0\0\0\0\0\0\0\0\x99\0\0\0\0\0\0\0\
\0\0\0\0\x02\0\0\x04\x04\0\0\0\x4c\x19\0\0\x40\0\0\0\0\0\0\0\x54\x19\0\0\x9a\0\
\0\0\x08\0\0\0\0\0\0\0\0\0\0\x03\0\0\0\0\x40\0\0\0\x04\0\0\0\x03\0\0\0\0\0\0\0\
\0\0\0\x02\xdf\0\0\0\x0f\x19\0\0\x05\0\0\x06\x04\0\0\0\x5d\x19\0\0\0\0\0\0\x69\
\x19\0\0\x01\0\0\0\x76\x19\0\0\x02\0\0\0\x83\x19\0\0\x03\0\0\0\x8f\x19\0\0\x04\
\0\0\0\x9b\x19\0\0\0\0\0\x08\x9e\0\0\0\0\0\0\0\x01\0\0\x04\x04\0\0\0\xc5\x10\0\
\0\x9f\0\0\0\0\0\0\0\xa2\x19\0\0\0\0\0\x08\xa0\0\0\0\xa8\x19\0\0\0\0\0\x08\x16\
\0\0\0\0\0\0\0\0\0\0\x02\xa2\0\0\0\0\0\0\0\0\0\0\x0a\xf2\0\0\0\xb9\x19\0\0\x06\
\0\0\x04\x20\0\0\0\xc7\x19\0\0\x0f\0\0\0\0\0\0\0\xcd\x19\0\0\x16\0\0\0\x40\0\0\
\0\xd2\x19\0\0\x16\0\0\0\x60\0\0\0\xdd\x19\0\0\x16\0\0\0\x80\0\0\0\xe6\x19\0\0\
\x16\0\0\0\xa0\0\0\0\xf0\x19\0\0\x91\0\0\0\xc0\0\0\0\0\0\0\0\0\0\0\x02\xe0\0\0\
\0\0\0\0\0\0\0\0\x02\xe2\x01\0\0\xf9\x19\0\0\0\0\0\x08\x14\0\0\0\0\0\0\0\0\0\0\
\x02\xa8\0\0\0\x02\x1a\0\0\0\0\0\x08\xa9\0\0\0\0\0\0\0\x01\0\0\x04\x08\0\0\0\
\x7d\x15\0\0\xaa\0\0\0\0\0\0\0\x08\x1a\0\0\0\0\0\x08\x10\0\0\0\x11\x1a\0\0\x05\
\0\0\x04\x28\0\0\0\xd9\x0a\0\0\x5a\0\0\0\0\0\0\0\xb8\x18\0\0\x5a\0\0\0\x40\0\0\
\0\xc8\x18\0\0\x90\0\0\0\x80\0\0\0\xbe\x18\0\0\x3a\0\0\0\xa0\0\0\0\xcc\x18\0\0\
\x2c\0\0\0\xc0\0\0\0\x1e\x1a\0\0\0\0\0\x08\xad\0\0\0\x29\x1a\0\0\x01\0\0\x04\
\x04\0\0\0\x32\x1a\0\0\x16\0\0\0\0\0\0\0\0\0\0\0\0\0\0\x03\0\0\0\0\x0f\0\0\0\
\x04\0\0\0\x2e\0\0\0\x3b\x1a\0\0\x01\0\0\x04\x20\0\0\0\xd9\x0a\0\0\xb0\0\0\0\0\
\0\0\0\0\0\0\0\0\0\0\x03\0\0\0\0\x5a\0\0\0\x04\0\0\0\x04\0\0\0\0\0\0\0\0\0\0\
\x02\xed\x06\0\0\x47\x1a\0\0\0\0\0\x08\xb3\0\0\0\0\0\0\0\x05\0\0\x04\x28\0\0\0\
\x03\x13\0\0\x5b\0\0\0\0\0\0\0\x54\x1a\0\0\x19\0\0\0\x40\0\0\0\x5c\x1a\0\0\x1a\
\0\0\0\x80\0\0\0\x63\x1a\0\0\x19\0\0\0\xc0\0\0\0\xac\0\0\0\x0f\0\0\0\0\x01\0\0\
\0\0\0\0\0\0\0\x02\x6c\x07\0\0\0\0\0\0\0\0\0\x02\x6d\x07\0\0\0\0\0\0\0\0\0\x02\
\x5c\x01\0\0\x15\x17\0\0\x01\0\0\x04\x08\0\0\0\x68\x1a\0\0\xb8\0\0\0\0\0\0\0\0\
\0\0\0\0\0\0\x02\x6e\x07\0\0\0\0\0\0\x02\0\0\x04\x18\0\0\0\x96\x12\0\0\x2c\0\0\
\0\0\0\0\0\x71\x1a\0\0\x0f\0\0\0\x80\0\0\0\0\0\0\0\0\0\0\x03\0\0\0\0\x0f\0\0\0\
\x04\0\0\0\0\0\0\0\x49\x03\0\0\x02\0\0\x04\x28\0\0\0\x78\x1a\0\0\x10\0\0\0\0\0\
\0\0\x7f\x1a\0\0\xca\0\0\0\x40\0\0\0\x84\x1a\0\0\x12\0\0\x04\xc0\0\0\0\x93\x1a\
\0\0\x0f\0\0\0\0\0\0\0\x9c\x1a\0\0\x0f\0\0\0\x40\0\0\0\xa3\x1a\0\0\x7e\0\0\0\
\x80\0\0\0\xab\x1a\0\0\x7e\0\0\0\xc0\0\0\0\xb3\x1a\0\0\x2a\0\0\0\0\x01\0\0\xb9\
\x1a\0\0\x0f\0\0\0\xc0\x01\0\0\xc8\x1a\0\0\x7b\0\0\0\0\x02\0\0\xce\x1a\0\0\xbd\
\0\0\0\x40\x02\0\0\xdb\x1a\0\0\x0f\0\0\0\x80\x02\0\0\0\0\0\0\xc0\0\0\0\xc0\x02\
\0\0\xe4\x1a\0\0\x2c\0\0\0\xc0\x03\0\0\xf3\x1a\0\0\xc5\0\0\0\x40\x04\0\0\xfc\
\x1a\0\0\xc6\0\0\0\x80\x04\0\0\x03\x1b\0\0\x0f\0\0\0\xc0\x04\0\0\x0c\x1b\0\0\
\x81\0\0\0\0\x05\0\0\x14\x1b\0\0\x19\0\0\0\x40\x05\0\0\x24\x1b\0\0\x5a\0\0\0\
\x80\x05\0\0\x38\x1b\0\0\xc8\0\0\0\xc0\x05\0\0\x4b\x1b\0\0\0\0\0\x08\xbe\0\0\0\
\0\0\0\0\x01\0\0\x04\x08\0\0\0\x54\x1b\0\0\xbf\0\0\0\0\0\0\0\x5b\x1b\0\0\0\0\0\
\x08\x10\0\0\0\0\0\0\0\x02\0\0\x05\x20\0\0\0\x64\x1b\0\0\xc1\0\0\0\0\0\0\0\x6b\
\x1b\0\0\xc2\0\0\0\0\0\0\0\0\0\0\0\x02\0\0\x04\x20\0\0\0\x2a\0\0\0\x2a\0\0\0\0\
\0\0\0\x75\x1b\0\0\x0f\0\0\0\xc0\0\0\0\0\0\0\0\0\0\0\x02\xc3\0\0\0\0\0\0\0\0\0\
\0\x0a\xc4\0\0\0\x85\x1b\0\0\0\0\0\x01\x01\0\0\0\x08\0\0\x01\0\0\0\0\0\0\0\x02\
\x6f\x07\0\0\0\0\0\0\0\0\0\x02\xc7\0\0\0\0\0\0\0\0\0\0\x0a\x70\x07\0\0\x38\x1b\
\0\0\x01\0\0\x04\x08\0\0\0\x40\0\0\0\xc9\0\0\0\0\0\0\0\0\0\0\0\0\0\0\x02\x71\
\x07\0\0\0\0\0\0\0\0\0\x03\0\0\0\0\x7e\0\0\0\x04\0\0\0\x04\0\0\0\x8a\x1b\0\0\
\x02\0\0\x04\x14\0\0\0\x98\x1b\0\0\x02\0\0\0\0\0\0\0\xd9\x0a\0\0\xcc\0\0\0\x20\
\0\0\0\0\0\0\0\0\0\0\x03\0\0\0\0\x02\0\0\0\x04\0\0\0\x04\0\0\0\x72\x04\0\0\x03\
\0\0\x04\x38\0\0\0\x9f\x1b\0\0\x0f\0\0\0\0\0\0\0\xa9\x1b\0\0\xce\0\0\0\x40\0\0\
\0\0\0\0\0\xd1\0\0\0\x80\0\0\0\0\0\0\0\0\0\0\x02\xcf\0\0\0\0\0\0\0\x01\0\0\x0d\
\x44\0\0\0\0\0\0\0\xd0\0\0\0\0\0\0\0\0\0\0\x02\xcd\0\0\0\0\0\0\0\x03\0\0\x05\
\x28\0\0\0\xac\x1b\0\0\xd2\0\0\0\0\0\0\0\xb2\x1b\0\0\xd4\0\0\0\0\0\0\0\xbc\x1b\
\0\0\xdb\0\0\0\0\0\0\0\0\0\0\0\x06\0\0\x04\x28\0\0\0\xc1\x1b\0\0\xd3\0\0\0\0\0\
\0\0\xc5\x10\0\0\x14\0\0\0\x40\0\0\0\xac\0\0\0\x14\0\0\0\x60\0\0\0\xc7\x1b\0\0\
\x14\0\0\0\x80\0\0\0\xce\x1b\0\0\x10\0\0\0\xc0\0\0\0\xd3\x1b\0\0\xd3\0\0\0\0\
\x01\0\0\0\0\0\0\0\0\0\x02\x14\0\0\0\0\0\0\0\x04\0\0\x04\x18\0\0\0\xda\x1b\0\0\
\xd5\0\0\0\0\0\0\0\x19\0\0\0\xd7\0\0\0\x20\0\0\0\0\0\0\0\xd8\0\0\0\x40\0\0\0\
\x3a\x12\0\0\x10\0\0\0\x80\0\0\0\xe2\x1b\0\0\0\0\0\x08\xd6\0\0\0\xec\x1b\0\0\0\
\0\0\x08\x02\0\0\0\xff\x1b\0\0\x03\0\0\x06\x04\0\0\0\x0d\x1c\0\0\0\0\0\0\x15\
\x1c\0\0\x01\0\0\0\x1f\x1c\0\0\x02\0\0\0\0\0\0\0\x02\0\0\x05\x08\0\0\0\x29\x1c\
\0\0\xd9\0\0\0\0\0\0\0\x2e\x1c\0\0\xda\0\0\0\0\0\0\0\0\0\0\0\0\0\0\x02\x97\x07\
\0\0\0\0\0\0\0\0\0\x02\x98\x07\0\0\0\0\0\0\x05\0\0\x04\x20\0\0\0\x3a\x1c\0\0\
\xdc\0\0\0\0\0\0\0\x3f\x1c\0\0\x02\0\0\0\x40\0\0\0\x44\x1c\0\0\x02\0\0\0\x60\0\
\0\0\x50\x1c\0\0\x0f\0\0\0\x80\0\0\0\x57\x1c\0\0\x0f\0\0\0\xc0\0\0\0\0\0\0\0\0\
\0\0\x02\x99\x07\0\0\x5f\x1c\0\0\0\0\0\x08\xde\0\0\0\x65\x1c\0\0\0\0\0\x08\x02\
\0\0\0\x80\x04\0\0\x08\0\0\x04\x70\0\0\0\xd9\x0a\0\0\x1a\0\0\0\0\0\0\0\x74\x1c\
\0\0\x16\0\0\0\x20\0\0\0\x7e\x10\0\0\x8a\0\0\0\x40\0\0\0\x15\x03\0\0\xe2\0\0\0\
\x80\0\0\0\x7a\x1c\0\0\xe0\0\0\0\x80\x01\0\0\x81\x1c\0\0\xe3\0\0\0\xc0\x01\0\0\
\x92\x12\0\0\x62\0\0\0\x80\x02\0\0\x8c\x1c\0\0\xe7\0\0\0\0\x03\0\0\x94\x1c\0\0\
\x01\0\0\x04\x08\0\0\0\x9f\x1c\0\0\xe1\0\0\0\0\0\0\0\0\0\0\0\0\0\0\x02\xe8\0\0\
\0\0\0\0\0\0\0\0\x03\0\0\0\0\xe0\0\0\0\x04\0\0\0\x04\0\0\0\xa5\x1c\0\0\0\0\0\
\x08\xe4\0\0\0\xb7\x1c\0\0\x02\0\0\x04\x18\0\0\0\x7e\x10\0\0\x8a\0\0\0\0\0\0\0\
\xc7\x1c\0\0\x2c\0\0\0\x40\0\0\0\xcc\x1c\0\0\x02\0\0\x04\x10\0\0\0\x83\x10\0\0\
\x02\0\0\0\0\0\0\0\xd1\x1c\0\0\xe6\0\0\0\x40\0\0\0\0\0\0\0\0\0\0\x02\xfb\x02\0\
\0\0\0\0\0\0\0\0\x03\0\0\0\0\xe5\0\0\0\x04\0\0\0\x01\0\0\0\xd4\x1c\0\0\x02\0\0\
\x04\x10\0\0\0\x60\x0b\0\0\xe1\0\0\0\0\0\0\0\xdf\x1c\0\0\xe9\0\0\0\x40\0\0\0\0\
\0\0\0\0\0\0\x02\xe1\0\0\0\0\0\0\0\0\0\0\x03\0\0\0\0\xe8\0\0\0\x04\0\0\0\x04\0\
\0\0\0\0\0\0\0\0\0\x02\x6f\x01\0\0\0\0\0\0\0\0\0\x02\x02\0\0\0\x52\x05\0\0\x03\
\0\0\x04\x18\0\0\0\x40\x05\0\0\x10\0\0\0\0\0\0\0\x46\x05\0\0\x10\0\0\0\x40\0\0\
\0\x7e\x10\0\0\x3a\0\0\0\x80\0\0\0\x96\x05\0\0\x03\0\0\x04\x50\0\0\0\xe5\x1c\0\
\0\xf1\0\0\0\0\0\0\0\xeb\x1c\0\0\x16\0\0\0\x40\x02\0\0\xf9\x1c\0\0\x16\0\0\0\
\x60\x02\0\0\x07\x1d\0\0\x02\0\0\x04\x18\0\0\0\x1b\x1d\0\0\x10\0\0\0\0\0\0\0\
\x23\x1d\0\0\xf0\0\0\0\x40\0\0\0\x2a\x1d\0\0\x01\0\0\x04\x10\0\0\0\xe0\x0f\0\0\
\x35\0\0\0\0\0\0\0\0\0\0\0\0\0\0\x03\0\0\0\0\xef\0\0\0\x04\0\0\0\x03\0\0\0\xbd\
\x05\0\0\x1d\0\0\x04\xc0\0\0\0\xa6\0\0\0\x1c\0\0\0\0\0\0\0\x3a\x1d\0\0\x1c\0\0\
\0\x20\0\0\0\x46\x1d\0\0\x19\0\0\0\x40\0\0\0\x4f\x1d\0\0\x16\0\0\0\x80\0\0\0\
\x18\x19\0\0\x9d\0\0\0\xa0\0\0\0\x55\x1d\0\0\xf3\0\0\0\xc0\0\0\0\x59\x1d\0\0\
\x9d\0\0\0\xe0\0\0\0\x5e\x1d\0\0\xf3\0\0\0\0\x01\0\0\x1c\x19\0\0\x9d\0\0\0\x20\
\x01\0\0\x63\x1d\0\0\xf3\0\0\0\x40\x01\0\0\x68\x1d\0\0\x9d\0\0\0\x60\x01\0\0\
\x6e\x1d\0\0\xf3\0\0\0\x80\x01\0\0\x74\x1d\0\0\x16\0\0\0\xa0\x01\0\0\x7f\x1d\0\
\0\xf7\0\0\0\xc0\x01\0\0\x8f\x1d\0\0\xf7\0\0\0\0\x02\0\0\x9d\x1d\0\0\xf7\0\0\0\
\x40\x02\0\0\xab\x1d\0\0\xf7\0\0\0\x80\x02\0\0\xb4\x1d\0\0\xf7\0\0\0\xc0\x02\0\
\0\xc0\x1d\0\0\x42\0\0\0\0\x03\0\0\xcc\x1d\0\0\xfa\0\0\0\x40\x03\0\0\xdc\x1d\0\
\0\xfa\0\0\0\x80\x03\0\0\xec\x1d\0\0\xfa\0\0\0\xc0\x03\0\0\xfb\x1d\0\0\xfa\0\0\
\0\0\x04\0\0\x29\x0a\0\0\x19\0\0\0\x40\x04\0\0\x0c\x1e\0\0\x5b\x01\0\0\x80\x04\
\0\0\xf2\x16\0\0\xb6\0\0\0\xc0\x04\0\0\x11\x1e\0\0\x7d\x01\0\0\0\x05\0\0\x19\
\x1e\0\0\x81\x01\0\0\x40\x05\0\0\0\0\0\0\x82\x01\0\0\x80\x05\0\0\x24\x1e\0\0\0\
\0\0\x08\xf4\0\0\0\0\0\0\0\x01\0\0\x04\x04\0\0\0\xc5\x10\0\0\xf5\0\0\0\0\0\0\0\
\x2b\x1e\0\0\0\0\0\x08\xf6\0\0\0\x31\x1e\0\0\0\0\0\x08\x16\0\0\0\x42\x1e\0\0\0\
\0\0\x08\xf8\0\0\0\x4f\x1e\0\0\x01\0\0\x04\x08\0\0\0\x61\x1e\0\0\xf9\0\0\0\0\0\
\0\0\0\0\0\0\0\0\0\x03\0\0\0\0\x15\0\0\0\x04\0\0\0\x02\0\0\0\0\0\0\0\0\0\0\x02\
\xfb\0\0\0\x65\x1e\0\0\x12\0\0\x04\xe0\0\0\0\xa6\0\0\0\x1a\0\0\0\0\0\0\0\x69\
\x1e\0\0\xfc\0\0\0\x20\0\0\0\0\0\0\0\0\x01\0\0\x40\0\0\0\x70\x1e\0\0\xab\0\0\0\
\0\x01\0\0\x0c\x1e\0\0\x01\x01\0\0\x40\x02\0\0\x29\x0a\0\0\x19\0\0\0\x80\x02\0\
\0\0\0\0\0\x02\x01\0\0\xc0\x02\0\0\x74\x1e\0\0\x03\x01\0\0\0\x03\0\0\x18\x19\0\
\0\x9d\0\0\0\x40\x03\0\0\x55\x1d\0\0\xf3\0\0\0\x60\x03\0\0\x81\x1e\0\0\x04\x01\
\0\0\x80\x03\0\0\x86\x1e\0\0\x24\0\0\0\xa0\x03\0\0\x8f\x1e\0\0\x24\0\0\0\xb0\
\x03\0\0\x0d\x12\0\0\x06\x01\0\0\xc0\x03\0\0\xac\0\0\0\x0f\0\0\0\0\x04\0\0\0\0\
\0\0\x07\x01\0\0\x40\x04\0\0\0\0\0\0\x56\x01\0\0\x80\x05\0\0\x97\x1e\0\0\x3d\
\x01\0\0\xc0\x06\0\0\xa5\x1e\0\0\0\0\0\x08\xfd\0\0\0\xb2\x1e\0\0\0\0\0\x08\xfe\
\0\0\0\xba\x1e\0\0\0\0\0\x08\xff\0\0\0\xbe\x1e\0\0\0\0\0\x08\x02\0\0\0\0\0\0\0\
\x02\0\0\x05\x18\0\0\0\xc4\x1e\0\0\x2c\0\0\0\0\0\0\0\xd3\x1e\0\0\x2a\0\0\0\0\0\
\0\0\0\0\0\0\0\0\0\x02\x5f\x07\0\0\0\0\0\0\x02\0\0\x05\x08\0\0\0\xdf\x1e\0\0\
\x03\x01\0\0\0\0\0\0\xe6\x1e\0\0\x03\x01\0\0\0\0\0\0\xf1\x1e\0\0\0\0\0\x08\x30\
\0\0\0\xfa\x1e\0\0\0\0\0\x08\x05\x01\0\0\x05\x1f\0\0\0\0\0\x08\x14\0\0\0\x0e\
\x1f\0\0\0\0\0\x01\x02\0\0\0\x10\0\0\x01\0\0\0\0\x02\0\0\x05\x28\0\0\0\x14\x1f\
\0\0\x08\x01\0\0\0\0\0\0\0\0\0\0\x0e\x01\0\0\0\0\0\0\x1e\x1f\0\0\x05\0\0\x04\
\x28\0\0\0\x30\x1f\0\0\x0f\0\0\0\0\0\0\0\0\0\0\0\x09\x01\0\0\x40\0\0\0\x19\0\0\
\0\x0c\x01\0\0\x80\0\0\0\x35\x1f\0\0\x0d\x01\0\0\xc0\0\0\0\x40\x1f\0\0\xc2\0\0\
\0\0\x01\0\0\0\0\0\0\x02\0\0\x05\x08\0\0\0\0\0\0\0\x0a\x01\0\0\0\0\0\0\x4c\x1f\
\0\0\x0f\0\0\0\0\0\0\0\0\0\0\0\x02\0\0\x04\x08\0\0\0\x4e\x1f\0\0\x22\0\0\0\0\0\
\0\0\x57\x1f\0\0\x0b\x01\0\0\x10\0\0\0\0\0\0\0\0\0\0\x03\0\0\0\0\xc4\0\0\0\x04\
\0\0\0\x06\0\0\0\0\0\0\0\0\0\0\x02\x0f\x01\0\0\0\0\0\0\0\0\0\x02\x55\x01\0\0\0\
\0\0\0\x05\0\0\x04\x28\0\0\0\x30\x1f\0\0\x0f\0\0\0\0\0\0\0\x5c\x1f\0\0\x0f\0\0\
\0\x40\0\0\0\x19\0\0\0\x0c\x01\0\0\x80\0\0\0\x35\x1f\0\0\x0d\x01\0\0\xc0\0\0\0\
\x40\x1f\0\0\x19\x01\0\0\0\x01\0\0\x65\x1f\0\0\x15\0\0\x04\xa8\0\0\0\x6e\x1f\0\
\0\xc2\0\0\0\0\0\0\0\x73\x1f\0\0\x10\x01\0\0\x40\0\0\0\xac\0\0\0\x16\0\0\0\x80\
\0\0\0\x7f\x1f\0\0\x13\x01\0\0\xc0\0\0\0\x8f\x1f\0\0\x15\x01\0\0\0\x01\0\0\x98\
\x1f\0\0\x1c\x01\0\0\x40\x01\0\0\xa6\x1f\0\0\x1e\x01\0\0\x80\x01\0\0\xb2\x1f\0\
\0\x1e\x01\0\0\xc0\x01\0\0\xb9\x1f\0\0\x20\x01\0\0\0\x02\0\0\xc8\x1f\0\0\x2a\
\x01\0\0\x40\x02\0\0\xd3\x1f\0\0\x2c\x01\0\0\x80\x02\0\0\xda\x1f\0\0\x2c\x01\0\
\0\xc0\x02\0\0\xe2\x1f\0\0\x2e\x01\0\0\0\x03\0\0\xeb\x1f\0\0\x36\x01\0\0\x40\
\x03\0\0\xf0\x1f\0\0\x38\x01\0\0\x80\x03\0\0\xfc\x1f\0\0\x3b\x01\0\0\xc0\x03\0\
\0\x0f\x20\0\0\x46\x01\0\0\0\x04\0\0\x1a\x20\0\0\x4f\x01\0\0\x40\x04\0\0\x26\
\x20\0\0\x52\x01\0\0\x80\x04\0\0\x3c\x20\0\0\x2c\0\0\0\xc0\x04\0\0\x41\x20\0\0\
\x54\x01\0\0\x40\x05\0\0\x4c\x20\0\0\0\0\0\x08\x11\x01\0\0\x53\x20\0\0\0\0\0\
\x08\x12\x01\0\0\x63\x20\0\0\0\0\0\x08\x0f\0\0\0\0\0\0\0\0\0\0\x02\x14\x01\0\0\
\0\0\0\0\x01\0\0\x0d\x02\0\0\0\0\0\0\0\xc2\0\0\0\0\0\0\0\0\0\0\x02\x16\x01\0\0\
\0\0\0\0\x01\0\0\x0d\x02\0\0\0\0\0\0\0\x17\x01\0\0\0\0\0\0\0\0\0\x02\x18\x01\0\
\0\x74\x20\0\0\x07\0\0\x04\x58\0\0\0\x8a\x20\0\0\xc2\0\0\0\0\0\0\0\x40\x1f\0\0\
\x19\x01\0\0\x40\0\0\0\x9b\x20\0\0\x1a\x01\0\0\x80\0\0\0\x52\x13\0\0\x17\0\0\0\
\xc0\x01\0\0\x8f\x1e\0\0\x10\x01\0\0\0\x02\0\0\x86\x1e\0\0\x10\x01\0\0\x40\x02\
\0\0\xdf\x1e\0\0\x03\x01\0\0\x80\x02\0\0\0\0\0\0\0\0\0\x02\xc4\0\0\0\xa3\x20\0\
\0\x02\0\0\x05\x28\0\0\0\xaf\x20\0\0\x19\0\0\0\0\0\0\0\x52\x13\0\0\x1b\x01\0\0\
\0\0\0\0\0\0\0\0\0\0\0\x03\0\0\0\0\x19\0\0\0\x04\0\0\0\x05\0\0\0\0\0\0\0\0\0\0\
\x02\x1d\x01\0\0\0\0\0\0\x01\0\0\x0d\0\0\0\0\0\0\0\0\x17\x01\0\0\0\0\0\0\0\0\0\
\x02\x1f\x01\0\0\0\0\0\0\x02\0\0\x0d\x02\0\0\0\0\0\0\0\xfa\0\0\0\0\0\0\0\x17\
\x01\0\0\0\0\0\0\0\0\0\x02\x21\x01\0\0\0\0\0\0\x01\0\0\x0d\x02\0\0\0\0\0\0\0\
\x22\x01\0\0\0\0\0\0\0\0\0\x02\x23\x01\0\0\xb9\x20\0\0\x04\0\0\x04\x20\0\0\0\
\xc8\x20\0\0\x24\x01\0\0\0\0\0\0\xcc\x20\0\0\x17\0\0\0\x40\0\0\0\xd5\x20\0\0\
\x19\0\0\0\x80\0\0\0\xdf\x20\0\0\x16\0\0\0\xc0\0\0\0\0\0\0\0\0\0\0\x02\x25\x01\
\0\0\0\0\0\0\x02\0\0\x0d\x77\0\0\0\0\0\0\0\x26\x01\0\0\0\0\0\0\x28\x01\0\0\0\0\
\0\0\0\0\0\x02\x27\x01\0\0\0\0\0\0\0\0\0\x0a\xfb\0\0\0\0\0\0\0\0\0\0\x02\x29\
\x01\0\0\0\0\0\0\0\0\0\x0a\x23\x01\0\0\0\0\0\0\0\0\0\x02\x2b\x01\0\0\0\0\0\0\
\x01\0\0\x0d\0\0\0\0\0\0\0\0\x22\x01\0\0\0\0\0\0\0\0\0\x02\x2d\x01\0\0\0\0\0\0\
\x01\0\0\x0d\0\0\0\0\0\0\0\0\xfa\0\0\0\0\0\0\0\0\0\0\x02\x2f\x01\0\0\0\0\0\0\
\x02\0\0\x0d\0\0\0\0\0\0\0\0\x26\x01\0\0\0\0\0\0\x30\x01\0\0\0\0\0\0\0\0\0\x02\
\x31\x01\0\0\xeb\x20\0\0\x0c\0\0\x04\x78\0\0\0\xf4\x20\0\0\x19\x01\0\0\0\0\0\0\
\xcd\x19\0\0\x10\x01\0\0\x40\0\0\0\xf8\x20\0\0\x10\x01\0\0\x80\0\0\0\xd9\x0a\0\
\0\x10\x01\0\0\xc0\0\0\0\xfd\x20\0\0\x10\x01\0\0\0\x01\0\0\x07\x21\0\0\x91\0\0\
\0\x40\x01\0\0\x0d\x21\0\0\x91\0\0\0\x80\x01\0\0\x7e\x10\0\0\x8f\0\0\0\xc0\x01\
\0\0\x16\x21\0\0\x32\x01\0\0\xc0\x02\0\0\x19\x21\0\0\x02\0\0\0\0\x03\0\0\x40\
\x17\0\0\x34\x01\0\0\x40\x03\0\0\x24\x21\0\0\x19\0\0\0\x80\x03\0\0\0\0\0\0\0\0\
\0\x02\x33\x01\0\0\0\0\0\0\0\0\0\x0a\x85\x04\0\0\0\0\0\0\0\0\0\x02\x35\x01\0\0\
\0\0\0\0\0\0\0\x0a\x82\0\0\0\0\0\0\0\0\0\0\x02\x37\x01\0\0\0\0\0\0\x03\0\0\x0d\
\x44\0\0\0\0\0\0\0\x26\x01\0\0\0\0\0\0\x19\x01\0\0\0\0\0\0\x10\x01\0\0\x2c\x21\
\0\0\0\0\0\x08\x39\x01\0\0\0\0\0\0\0\0\0\x02\x3a\x01\0\0\0\0\0\0\x02\0\0\x0d\
\x02\0\0\0\0\0\0\0\xfa\0\0\0\0\0\0\0\x19\0\0\0\0\0\0\0\0\0\0\x02\x3c\x01\0\0\0\
\0\0\0\x01\0\0\x0d\x3d\x01\0\0\0\0\0\0\xc2\0\0\0\0\0\0\0\0\0\0\x02\x3e\x01\0\0\
\x40\x21\0\0\x03\0\0\x04\x18\0\0\0\x50\x21\0\0\x3f\x01\0\0\0\0\0\0\x65\x1e\0\0\
\xfa\0\0\0\x40\0\0\0\x56\x21\0\0\x0c\x01\0\0\x80\0\0\0\x5e\x21\0\0\0\0\0\x08\
\x40\x01\0\0\0\0\0\0\0\0\0\x02\x41\x01\0\0\0\0\0\0\x04\0\0\x0d\x02\0\0\0\0\0\0\
\0\xfa\0\0\0\0\0\0\0\x42\x01\0\0\0\0\0\0\x44\x01\0\0\0\0\0\0\xfa\0\0\0\0\0\0\0\
\0\0\0\x02\x43\x01\0\0\0\0\0\0\0\0\0\x0a\x0f\x01\0\0\0\0\0\0\0\0\0\x02\x45\x01\
\0\0\0\0\0\0\0\0\0\x0a\x1a\x01\0\0\0\0\0\0\0\0\0\x02\x47\x01\0\0\0\0\0\0\x02\0\
\0\x0d\x02\0\0\0\0\0\0\0\x48\x01\0\0\0\0\0\0\x4d\x01\0\0\0\0\0\0\0\0\0\x02\x49\
\x01\0\0\0\0\0\0\0\0\0\x0a\x4a\x01\0\0\x77\x21\0\0\x07\0\0\x84\x30\0\0\0\x65\
\x1e\0\0\xfa\0\0\0\0\0\0\0\x8a\x21\0\0\xc2\0\0\0\x40\0\0\0\x93\x21\0\0\xc2\0\0\
\0\x80\0\0\0\x9d\x21\0\0\x19\x01\0\0\xc0\0\0\0\xa2\x21\0\0\x15\0\0\0\0\x01\0\0\
\0\0\0\0\x4b\x01\0\0\x20\x01\0\0\x16\x21\0\0\x4c\x01\0\0\x40\x01\0\x08\0\0\0\0\
\x02\0\0\x05\x04\0\0\0\xa9\x21\0\0\x15\0\0\0\0\0\0\0\xb1\x21\0\0\x15\0\0\0\0\0\
\0\0\xb9\x21\0\0\x04\0\0\x06\x04\0\0\0\xcf\x21\0\0\0\0\0\0\xe3\x21\0\0\x01\0\0\
\0\xf7\x21\0\0\x02\0\0\0\x08\x22\0\0\x03\0\0\0\0\0\0\0\0\0\0\x02\x4e\x01\0\0\
\x1b\x22\0\0\x06\0\0\x04\x10\0\0\0\x2d\x22\0\0\x15\0\0\0\0\0\0\0\x3b\x22\0\0\
\x15\0\0\0\x20\0\0\0\x44\x22\0\0\x23\0\0\0\x40\0\0\0\x52\x22\0\0\x23\0\0\0\x50\
\0\0\0\x5f\x22\0\0\x23\0\0\0\x60\0\0\0\x6c\x22\0\0\x23\0\0\0\x70\0\0\0\0\0\0\0\
\0\0\0\x02\x50\x01\0\0\0\0\0\0\x03\0\0\x0d\x02\0\0\0\0\0\0\0\x51\x01\0\0\0\0\0\
\0\x17\0\0\0\0\0\0\0\x19\0\0\0\0\0\0\0\0\0\0\x02\x4a\x01\0\0\0\0\0\0\0\0\0\x02\
\x53\x01\0\0\0\0\0\0\x03\0\0\x0d\x02\0\0\0\0\0\0\0\x51\x01\0\0\0\0\0\0\x17\0\0\
\0\0\0\0\0\x17\0\0\0\x79\x22\0\0\0\0\0\x04\0\0\0\0\x88\x22\0\0\x03\0\0\x04\x18\
\0\0\0\x92\x12\0\0\x62\0\0\0\0\0\0\0\xa6\0\0\0\x1a\0\0\0\x80\0\0\0\xc6\x0e\0\0\
\x77\0\0\0\xa0\0\0\0\0\0\0\0\x02\0\0\x05\x28\0\0\0\x9b\x20\0\0\x1a\x01\0\0\0\0\
\0\0\0\0\0\0\x57\x01\0\0\0\0\0\0\0\0\0\0\x02\0\0\x04\x20\0\0\0\x90\x22\0\0\x2c\
\0\0\0\0\0\0\0\x9a\x22\0\0\x58\x01\0\0\x80\0\0\0\x9f\x22\0\0\x02\0\0\x04\x10\0\
\0\0\xab\x22\0\0\x59\x01\0\0\0\0\0\0\xb0\x22\0\0\x0f\0\0\0\x40\0\0\0\0\0\0\0\0\
\0\0\x02\x5a\x01\0\0\xc2\x22\0\0\0\0\0\x07\0\0\0\0\0\0\0\0\0\0\0\x02\x55\x02\0\
\0\xd2\x22\0\0\x12\0\0\x04\x68\x02\0\0\xe1\x22\0\0\x5d\x01\0\0\0\0\0\0\xe9\x22\
\0\0\x5d\x01\0\0\x40\x02\0\0\xf1\x22\0\0\x5d\x01\0\0\x80\x04\0\0\xa2\x04\0\0\
\xb6\0\0\0\xc0\x06\0\0\x74\x1c\0\0\x02\0\0\0\0\x07\0\0\xb8\x18\0\0\x9d\0\0\0\
\x20\x07\0\0\xfc\x22\0\0\xf3\0\0\0\x40\x07\0\0\xd1\x1c\0\0\x63\x01\0\0\x80\x07\
\0\0\xac\0\0\0\x0f\0\0\0\x40\x08\0\0\x02\x23\0\0\x77\0\0\0\x80\x08\0\0\x17\x23\
\0\0\x2c\0\0\0\xc0\x08\0\0\x29\x23\0\0\xfa\0\0\0\x40\x09\0\0\x3f\x23\0\0\xab\0\
\0\0\x80\x09\0\0\x9c\x13\0\0\x59\0\0\0\xc0\x0a\0\0\x4b\x23\0\0\x66\x01\0\0\xc0\
\x0b\0\0\x4f\x23\0\0\x7c\x01\0\0\xc0\x0e\0\0\x11\x1e\0\0\x7d\x01\0\0\0\x0f\0\0\
\x57\x23\0\0\x7e\x01\0\0\x40\x0f\0\0\x62\x23\0\0\x02\0\0\x04\x48\0\0\0\x6e\x23\
\0\0\x14\0\0\0\0\0\0\0\0\0\0\0\x5e\x01\0\0\x40\0\0\0\0\0\0\0\x02\0\0\x05\x40\0\
\0\0\x79\x23\0\0\x60\x01\0\0\0\0\0\0\0\0\0\0\x61\x01\0\0\0\0\0\0\x80\x23\0\0\
\x03\0\0\x04\x0c\0\0\0\x9f\x1c\0\0\x14\0\0\0\0\0\0\0\x8f\x23\0\0\x14\0\0\0\x20\
\0\0\0\xd9\x0a\0\0\x14\0\0\0\x40\0\0\0\0\0\0\0\0\0\0\x03\0\0\0\0\x5f\x01\0\0\
\x04\0\0\0\x05\0\0\0\0\0\0\0\x02\0\0\x04\x10\0\0\0\x9b\x23\0\0\x62\x01\0\0\0\0\
\0\0\xa3\x23\0\0\x62\x01\0\0\x40\0\0\0\0\0\0\0\0\0\0\x02\x5f\x01\0\0\xab\x23\0\
\0\x04\0\0\x04\x18\0\0\0\xb5\x23\0\0\x5a\0\0\0\0\0\0\0\xbd\x23\0\0\x64\x01\0\0\
\x40\0\0\0\xc1\x23\0\0\x16\0\0\0\x80\0\0\0\xd9\x0a\0\0\x1a\0\0\0\xa0\0\0\0\0\0\
\0\0\0\0\0\x02\x65\x01\0\0\0\0\0\0\0\0\0\x0a\xdb\x06\0\0\xc6\x23\0\0\x02\0\0\
\x04\x60\0\0\0\xd4\x23\0\0\x67\x01\0\0\0\0\0\0\xdc\x23\0\0\x6a\x01\0\0\x40\0\0\
\0\0\0\0\0\0\0\0\x02\x68\x01\0\0\0\0\0\0\x01\0\0\x0d\x02\0\0\0\0\0\0\0\x69\x01\
\0\0\0\0\0\0\0\0\0\x02\x66\x01\0\0\xe0\x23\0\0\x02\0\0\x04\x58\0\0\0\xe8\x23\0\
\0\x6b\x01\0\0\0\0\0\0\xab\x22\0\0\x36\0\0\0\x80\x02\0\0\xef\x23\0\0\x08\0\0\
\x04\x50\0\0\0\0\0\0\0\x6c\x01\0\0\0\0\0\0\0\x24\0\0\xeb\0\0\0\xc0\0\0\0\x0e\
\x24\0\0\x6e\x01\0\0\0\x01\0\0\xab\x22\0\0\x79\x01\0\0\x40\x01\0\0\x4b\x23\0\0\
\x69\x01\0\0\x80\x01\0\0\xa2\x04\0\0\x7a\x01\0\0\xc0\x01\0\0\xed\x11\0\0\x7b\
\x01\0\0\0\x02\0\0\x7a\x1c\0\0\xe0\0\0\0\x40\x02\0\0\0\0\0\0\x02\0\0\x05\x18\0\
\0\0\0\0\0\0\x6d\x01\0\0\0\0\0\0\x92\x12\0\0\x62\0\0\0\0\0\0\0\0\0\0\0\x04\0\0\
\x04\x18\0\0\0\x1c\x24\0\0\x6e\x01\0\0\0\0\0\0\x26\x24\0\0\x02\0\0\0\x40\0\0\0\
\xd9\x0a\0\0\x02\0\0\0\x60\0\0\0\x2b\x24\0\0\x02\0\0\0\x80\0\0\0\0\0\0\0\0\0\0\
\x02\x71\x01\0\0\x30\x24\0\0\x02\0\0\x04\x20\0\0\0\x3b\x24\0\0\x16\0\0\0\0\0\0\
\0\x40\x24\0\0\x70\x01\0\0\x40\0\0\0\x45\x24\0\0\x02\0\0\x04\x18\0\0\0\x7e\x10\
\0\0\x3a\0\0\0\0\0\0\0\x56\x24\0\0\x2c\0\0\0\x40\0\0\0\x1c\x24\0\0\x09\0\0\x04\
\x40\0\0\0\x60\x24\0\0\xc2\0\0\0\0\0\0\0\x52\x13\0\0\x19\0\0\0\x40\0\0\0\x69\
\x24\0\0\x02\0\0\0\x80\0\0\0\x70\x24\0\0\x72\x01\0\0\xa0\0\0\0\x75\x24\0\0\x6e\
\x01\0\0\xc0\0\0\0\x7b\x24\0\0\x73\x01\0\0\0\x01\0\0\xbc\x1b\0\0\x78\x01\0\0\
\x40\x01\0\0\x88\x24\0\0\x19\0\0\0\x80\x01\0\0\x8f\x24\0\0\x19\0\0\0\xc0\x01\0\
\0\x96\x24\0\0\0\0\0\x08\x24\0\0\0\0\0\0\0\0\0\0\x02\x74\x01\0\0\x7b\x24\0\0\0\
\0\0\x08\x75\x01\0\0\0\0\0\0\x05\0\0\x0d\x02\0\0\0\0\0\0\0\x6e\x01\0\0\0\0\0\0\
\x02\0\0\0\0\0\0\0\x19\0\0\0\0\0\0\0\x76\x01\0\0\0\0\0\0\x77\x01\0\0\0\0\0\0\0\
\0\0\x02\x10\x01\0\0\0\0\0\0\0\0\0\x02\x91\0\0\0\0\0\0\0\0\0\0\x02\x36\x07\0\0\
\0\0\0\0\0\0\0\x02\x37\x07\0\0\0\0\0\0\0\0\0\x02\x6a\x01\0\0\0\0\0\0\0\0\0\x02\
\x38\x07\0\0\0\0\0\0\0\0\0\x02\x6b\x01\0\0\0\0\0\0\0\0\0\x02\x7f\x01\0\0\0\0\0\
\0\0\0\0\x03\0\0\0\0\x44\0\0\0\x04\0\0\0\x10\0\0\0\x11\x1e\0\0\x05\0\0\x04\xa0\
\0\0\0\xed\x11\0\0\xe8\0\0\0\0\0\0\0\xd1\x1c\0\0\xb6\0\0\0\x80\0\0\0\x18\x19\0\
\0\x9d\0\0\0\xc0\0\0\0\xd9\x0a\0\0\x1c\0\0\0\xe0\0\0\0\x9e\x24\0\0\x80\x01\0\0\
\0\x01\0\0\0\0\0\0\0\0\0\x03\0\0\0\0\x5a\0\0\0\x04\0\0\0\x10\0\0\0\0\0\0\0\0\0\
\0\x02\x60\x07\0\0\0\0\0\0\x02\0\0\x05\x10\0\0\0\xa5\x24\0\0\x02\0\0\0\0\0\0\0\
\x92\x12\0\0\x62\0\0\0\0\0\0\0\0\0\0\0\0\0\0\x03\0\0\0\0\xc4\0\0\0\x04\0\0\0\
\x10\0\0\0\0\0\0\0\0\0\0\x02\x9a\x07\0\0\xad\x24\0\0\x01\0\0\x04\x08\0\0\0\xb6\
\x24\0\0\x86\x01\0\0\0\0\0\0\0\0\0\0\0\0\0\x02\x9b\x07\0\0\xc0\x24\0\0\x01\0\0\
\x04\x10\0\0\0\xc9\x24\0\0\x2c\0\0\0\0\0\0\0\0\0\0\0\0\0\0\x02\x95\x07\0\0\0\0\
\0\0\0\0\0\x02\x9c\x07\0\0\0\0\0\0\0\0\0\x02\x33\x03\0\0\0\0\0\0\0\0\0\x02\x9d\
\x07\0\0\0\0\0\0\0\0\0\x02\x9e\x07\0\0\xd3\x24\0\0\0\0\0\x08\x8e\x01\0\0\0\0\0\
\0\x01\0\0\x04\x08\0\0\0\xdc\x24\0\0\x73\0\0\0\0\0\0\0\xe0\x24\0\0\x02\0\0\x04\
\x18\0\0\0\x96\x12\0\0\x2c\0\0\0\0\0\0\0\x2a\x06\0\0\x8d\x01\0\0\x80\0\0\0\0\0\
\0\0\0\0\0\x02\x9f\x07\0\0\xb3\x06\0\0\x03\0\0\x04\x10\0\0\0\x70\x24\0\0\x02\0\
\0\0\0\0\0\0\xeb\x24\0\0\x1c\0\0\0\x20\0\0\0\xf8\x24\0\0\x92\x01\0\0\x40\0\0\0\
\0\0\0\0\0\0\0\x02\xa0\x07\0\0\xff\x24\0\0\0\0\0\x04\0\0\0\0\x15\x25\0\0\x01\0\
\0\x04\x08\0\0\0\x60\x0b\0\0\x95\x01\0\0\0\0\0\0\0\0\0\0\0\0\0\x02\x94\x01\0\0\
\0\0\0\0\0\0\0\x02\xa1\x07\0\0\0\0\0\0\0\0\0\x02\x8b\x07\0\0\0\0\0\0\0\0\0\x02\
\xa2\x07\0\0\0\0\0\0\0\0\0\x02\xa3\x07\0\0\0\0\0\0\0\0\0\x02\xbf\x03\0\0\0\0\0\
\0\0\0\0\x02\x8c\x07\0\0\0\0\0\0\0\0\0\x02\xa4\x07\0\0\0\0\0\0\0\0\0\x02\x9e\
\x01\0\0\x21\x25\0\0\0\0\0\x08\x6b\x07\0\0\x32\x25\0\0\x08\0\0\x04\x40\0\0\0\
\x45\x25\0\0\x10\0\0\0\0\0\0\0\x4b\x25\0\0\x10\0\0\0\x40\0\0\0\x51\x25\0\0\x10\
\0\0\0\x80\0\0\0\x57\x25\0\0\x10\0\0\0\xc0\0\0\0\x5d\x25\0\0\x10\0\0\0\0\x01\0\
\0\x64\x25\0\0\x10\0\0\0\x40\x01\0\0\x6f\x25\0\0\x10\0\0\0\x80\x01\0\0\x7b\x25\
\0\0\x10\0\0\0\xc0\x01\0\0\x91\x25\0\0\0\0\0\x08\xa1\x01\0\0\0\0\0\0\x01\0\0\
\x04\x08\0\0\0\x85\x14\0\0\x73\0\0\0\0\0\0\0\x9c\x25\0\0\0\0\0\x08\xa3\x01\0\0\
\xb0\x25\0\0\x01\0\0\x04\x04\0\0\0\x29\x1a\0\0\xac\0\0\0\0\0\0\0\0\0\0\0\0\0\0\
\x02\x3f\x03\0\0\0\0\0\0\0\0\0\x02\xa5\x07\0\0\0\0\0\0\0\0\0\x02\xa6\x07\0\0\0\
\0\0\0\0\0\0\x02\xa7\x07\0\0\0\0\0\0\0\0\0\x02\xa9\x01\0\0\xc2\x25\0\0\x1c\0\0\
\x04\x10\x01\0\0\xd5\x25\0\0\xaa\x01\0\0\0\0\0\0\x7e\x10\0\0\x3a\0\0\0\x40\0\0\
\0\xb2\x18\0\0\x8f\0\0\0\x80\0\0\0\xd9\x25\0\0\x2c\0\0\0\x80\x01\0\0\xe9\x25\0\
\0\xab\x01\0\0\0\x02\0\0\xf7\x25\0\0\xab\x01\0\0\x80\x02\0\0\x07\x26\0\0\x2c\0\
\0\0\0\x03\0\0\x12\x26\0\0\x2c\0\0\0\x80\x03\0\0\x20\x26\0\0\x2c\0\0\0\0\x04\0\
\0\x30\x26\0\0\x02\0\0\0\x80\x04\0\0\x3a\x26\0\0\x02\0\0\0\xa0\x04\0\0\x44\x26\
\0\0\x02\0\0\0\xc0\x04\0\0\x4e\x26\0\0\x02\0\0\0\xe0\x04\0\0\x56\x26\0\0\x02\0\
\0\0\0\x05\0\0\x5e\x26\0\0\x02\0\0\0\x20\x05\0\0\x6d\x26\0\0\x02\0\0\0\x40\x05\
\0\0\x7e\x26\0\0\x1a\0\0\0\x60\x05\0\0\x87\x26\0\0\x25\0\0\0\x80\x05\0\0\xce\
\x1b\0\0\x10\0\0\0\xc0\x05\0\0\x8c\x26\0\0\x10\0\0\0\0\x06\0\0\x96\x26\0\0\x10\
\0\0\0\x40\x06\0\0\xa1\x26\0\0\xa8\x01\0\0\x80\x06\0\0\xac\x26\0\0\x10\0\0\0\
\xc0\x06\0\0\xb7\x26\0\0\x10\0\0\0\0\x07\0\0\xc2\x26\0\0\x02\0\0\0\x40\x07\0\0\
\xcc\x26\0\0\x19\0\0\0\x80\x07\0\0\xa4\x13\0\0\x62\0\0\0\xc0\x07\0\0\xda\x26\0\
\0\xac\x01\0\0\x40\x08\0\0\0\0\0\0\0\0\0\x02\xcb\x01\0\0\xe5\x26\0\0\x02\0\0\
\x04\x10\0\0\0\xf7\x26\0\0\x36\0\0\0\0\0\0\0\x07\x21\0\0\x10\0\0\0\x40\0\0\0\
\xfc\x26\0\0\0\0\0\x08\xad\x01\0\0\0\0\0\0\x01\0\0\x04\x08\0\0\0\x04\x27\0\0\
\x5a\0\0\0\0\0\0\0\0\0\0\0\0\0\0\x03\0\0\0\0\xa8\x01\0\0\x04\0\0\0\x02\0\0\0\0\
\0\0\0\0\0\0\x02\xa8\x07\0\0\x06\x27\0\0\0\0\0\x04\0\0\0\0\0\0\0\0\x02\0\0\x05\
\x10\0\0\0\x1b\x27\0\0\x1a\0\0\0\0\0\0\0\x92\x12\0\0\x62\0\0\0\0\0\0\0\0\0\0\0\
\0\0\0\x02\x3d\x02\0\0\x25\x27\0\0\x03\0\0\x04\x10\0\0\0\x2f\x27\0\0\xb4\x01\0\
\0\0\0\0\0\x34\x27\0\0\x15\0\0\0\x40\0\0\0\xcd\x19\0\0\x15\0\0\0\x60\0\0\0\0\0\
\0\0\0\0\0\x02\x3e\x02\0\0\0\0\0\0\0\0\0\x02\xa9\x07\0\0\0\0\0\0\0\0\0\x02\x8a\
\x07\0\0\0\0\0\0\0\0\0\x02\xaa\x07\0\0\xce\x09\0\0\0\0\0\x04\0\0\0\0\x3b\x27\0\
\0\x04\0\0\x04\x28\0\0\0\x63\x13\0\0\xe8\0\0\0\0\0\0\0\x3a\x12\0\0\x0f\0\0\0\
\x80\0\0\0\xff\x11\0\0\xba\x01\0\0\xc0\0\0\0\xac\0\0\0\x14\0\0\0\0\x01\0\0\0\0\
\0\0\0\0\0\x02\xbb\x01\0\0\0\0\0\0\x01\0\0\x0d\0\0\0\0\0\0\0\0\xbc\x01\0\0\0\0\
\0\0\0\0\0\x02\xb9\x01\0\0\0\0\0\0\0\0\0\x02\xab\x07\0\0\0\0\0\0\0\0\0\x02\xa8\
\x05\0\0\0\0\0\0\0\0\0\x02\xac\x07\0\0\x46\x27\0\0\x01\0\0\x04\x08\0\0\0\x9f\
\x1c\0\0\x20\0\0\0\0\0\0\0\x51\x27\0\0\x0d\0\0\x04\x40\x04\0\0\x5f\x27\0\0\xc2\
\x01\0\0\0\0\0\0\x6b\x27\0\0\xc3\x01\0\0\x80\x03\0\0\x6e\x27\0\0\x16\0\0\0\x80\
\x14\0\0\x79\x27\0\0\x19\0\0\0\xc0\x14\0\0\x83\x27\0\0\x16\0\0\0\0\x15\0\0\x8a\
\x27\0\0\x16\0\0\0\x20\x15\0\0\x98\x27\0\0\x0f\0\0\0\x40\x15\0\0\xa6\x27\0\0\
\x0f\0\0\0\x80\x15\0\0\xb1\x27\0\0\xc8\x01\0\0\xc0\x15\0\0\xb7\x27\0\0\x30\x03\
\0\0\x40\x1e\0\0\xc1\x27\0\0\x32\x03\0\0\xc0\x20\0\0\xcd\x27\0\0\x10\0\0\0\x40\
\x21\0\0\xd6\x27\0\0\x10\0\0\0\x80\x21\0\0\x5f\x27\0\0\x0d\0\0\x04\x68\0\0\0\
\xe1\x27\0\0\x0f\0\0\0\0\0\0\0\xe5\x27\0\0\x0f\0\0\0\x40\0\0\0\xe9\x27\0\0\x0f\
\0\0\0\x80\0\0\0\xed\x27\0\0\x0f\0\0\0\xc0\0\0\0\xf1\x27\0\0\x0f\0\0\0\0\x01\0\
\0\xf5\x27\0\0\x0f\0\0\0\x40\x01\0\0\xf9\x27\0\0\x0f\0\0\0\x80\x01\0\0\xfd\x27\
\0\0\x0f\0\0\0\xc0\x01\0\0\x01\x28\0\0\x0f\0\0\0\0\x02\0\0\x05\x28\0\0\x0f\0\0\
\0\x40\x02\0\0\x09\x28\0\0\x0f\0\0\0\x80\x02\0\0\x0c\x28\0\0\x0f\0\0\0\xc0\x02\
\0\0\x0f\x28\0\0\x0f\0\0\0\0\x03\0\0\0\0\0\0\x03\0\0\x04\x20\x02\0\0\x12\x28\0\
\0\x0f\0\0\0\0\0\0\0\x1b\x28\0\0\x0f\0\0\0\x40\0\0\0\x25\x28\0\0\xc4\x01\0\0\
\x80\0\0\0\x32\x28\0\0\x04\0\0\x04\x10\x02\0\0\x44\x28\0\0\xc7\x01\0\0\0\0\0\0\
\x4a\x28\0\0\x15\0\0\0\0\x10\0\0\x4f\x28\0\0\x15\0\0\0\x20\x10\0\0\x54\x28\0\0\
\xf9\0\0\0\x40\x10\0\0\x5f\x28\0\0\0\0\0\x08\xc6\x01\0\0\x6b\x28\0\0\0\0\0\x01\
\x10\0\0\0\x80\0\0\0\0\0\0\0\0\0\0\x03\0\0\0\0\xc5\x01\0\0\x04\0\0\0\x20\0\0\0\
\x7d\x28\0\0\x05\0\0\x04\x10\x01\0\0\x88\x28\0\0\x02\0\0\0\0\0\0\0\x97\x28\0\0\
\x02\0\0\0\x20\0\0\0\xa4\x28\0\0\x02\0\0\0\x40\0\0\0\xb1\x28\0\0\x2f\x03\0\0\
\x80\0\0\0\xbb\x28\0\0\x2f\x03\0\0\x80\x04\0\0\0\0\0\0\0\0\0\x02\xca\x01\0\0\
\xc5\x28\0\0\x49\0\0\x04\xb0\x04\0\0\xd0\x28\0\0\x2c\0\0\0\0\0\0\0\xdc\x28\0\0\
\x2c\0\0\0\x80\0\0\0\xe9\x28\0\0\x2c\0\0\0\0\x01\0\0\xa9\x0b\0\0\x2a\0\0\0\x80\
\x01\0\0\xf5\x28\0\0\x10\0\0\0\x40\x02\0\0\x01\x29\0\0\x2c\0\0\0\x80\x02\0\0\
\x0f\x29\0\0\xe8\0\0\0\0\x03\0\0\x1b\x29\0\0\x2c\0\0\0\x80\x03\0\0\x28\x29\0\0\
\x02\0\0\0\0\x04\0\0\x34\x29\0\0\x02\0\0\0\x20\x04\0\0\x3f\x29\0\0\x02\0\0\0\
\x40\x04\0\0\xba\x04\0\0\xc9\x01\0\0\x80\x04\0\0\xd5\x25\0\0\xaa\x01\0\0\xc0\
\x04\0\0\x4a\x29\0\0\x19\0\0\0\0\x05\0\0\x0d\x12\0\0\xdc\x02\0\0\x40\x05\0\0\
\x56\x29\0\0\x16\0\0\0\x60\x05\0\0\xd9\x0a\0\0\xdd\x02\0\0\x80\x05\0\0\x63\x29\
\0\0\x5b\0\0\0\xc0\x05\0\0\x6f\x29\0\0\x10\0\0\0\0\x06\0\0\x82\x29\0\0\x10\0\0\
\0\x40\x06\0\0\x95\x29\0\0\x10\0\0\0\x80\x06\0\0\x9c\x29\0\0\xdf\x02\0\0\xc0\
\x06\0\0\xa1\x29\0\0\x22\0\0\0\xc0\x0a\0\0\xad\x29\0\0\x22\0\0\0\xd0\x0a\0\0\
\xbc\x29\0\0\x22\0\0\0\xe0\x0a\0\0\xc6\x29\0\0\xe4\x02\0\0\0\x0b\0\0\x40\0\0\0\
\xa8\x01\0\0\0\x11\0\0\x7e\x26\0\0\x5a\0\0\0\x40\x11\0\0\xc9\x29\0\0\x5b\0\0\0\
\x80\x11\0\0\xe2\x29\0\0\x5b\0\0\0\xc0\x11\0\0\xfb\x29\0\0\x8f\0\0\0\0\x12\0\0\
\x07\x2a\0\0\x2c\0\0\0\0\x13\0\0\xa2\x04\0\0\xc9\x01\0\0\x80\x13\0\0\x12\x2a\0\
\0\x02\0\0\0\xc0\x13\0\0\xcb\0\0\0\x02\0\0\0\xe0\x13\0\0\x18\x2a\0\0\x2c\0\0\0\
\0\x14\0\0\xb8\x18\0\0\x25\0\0\0\x80\x14\0\0\x24\x2a\0\0\x8f\0\0\0\xc0\x14\0\0\
\x2f\x2a\0\0\x1c\0\0\0\xc0\x15\0\0\x2a\0\0\0\xd6\x02\0\0\0\x16\0\0\x3a\x2a\0\0\
\x2c\0\0\0\x40\x16\0\0\x43\x2a\0\0\x0f\0\0\0\xc0\x16\0\0\x4f\x2a\0\0\x02\0\0\0\
\0\x17\0\0\x5b\x2a\0\0\xe3\0\0\0\x40\x17\0\0\x61\x2a\0\0\x52\x02\0\0\0\x18\0\0\
\x68\x2a\0\0\x16\0\0\0\x40\x18\0\0\x77\x2a\0\0\x16\0\0\0\x60\x18\0\0\x84\x2a\0\
\0\x16\0\0\0\x80\x18\0\0\x94\x2a\0\0\x16\0\0\0\xa0\x18\0\0\xa4\x2a\0\0\x0f\0\0\
\0\xc0\x18\0\0\xb1\x2a\0\0\xf5\x02\0\0\0\x19\0\0\xbd\x2a\0\0\x62\0\0\0\xc0\x19\
\0\0\xca\x2a\0\0\x16\0\0\0\x40\x1a\0\0\xd7\x2a\0\0\x1c\0\0\0\x60\x1a\0\0\xe3\
\x2a\0\0\xf9\x02\0\0\x80\x1a\0\0\xf0\x2a\0\0\xfa\x02\0\0\x40\x1b\0\0\x03\x2b\0\
\0\x0f\0\0\0\x80\x1b\0\0\x14\x2b\0\0\xc9\x01\0\0\xc0\x1b\0\0\xda\x1f\0\0\xbb\
\x02\0\0\0\x1c\0\0\xa4\x13\0\0\x62\0\0\0\x40\x1c\0\0\xd1\x1c\0\0\xe6\0\0\0\xc0\
\x1c\0\0\x03\x13\0\0\x10\0\0\0\0\x1d\0\0\x1e\x2b\0\0\xfd\x02\0\0\x40\x1d\0\0\
\x24\x2b\0\0\xff\x02\0\0\x80\x1d\0\0\x35\x2b\0\0\x19\0\0\0\xc0\x1d\0\0\x4e\x2b\
\0\0\xff\x02\0\0\0\x1e\0\0\x64\x2b\0\0\x16\x03\0\0\x40\x1e\0\0\x69\x2b\0\0\x10\
\0\0\0\x80\x1e\0\0\x74\x2b\0\0\x1c\x02\0\0\xc0\x1e\0\0\xf8\x24\0\0\x1d\x03\0\0\
\0\x1f\0\0\x7d\x2b\0\0\x24\x03\0\0\x40\x1f\0\0\x29\x0a\0\0\x19\0\0\0\xc0\x24\0\
\0\x88\x2b\0\0\x2c\0\0\0\0\x25\0\0\xd5\x25\0\0\x27\0\0\x04\x28\x01\0\0\x63\x13\
\0\0\x2c\0\0\0\0\0\0\0\x90\x2b\0\0\xcc\x01\0\0\x80\0\0\0\x97\x2b\0\0\xcd\x01\0\
\0\xc0\0\0\0\x9b\x2b\0\0\xce\x01\0\0\0\x01\0\0\xa7\x2b\0\0\xce\x01\0\0\x40\x01\
\0\0\x6e\x1f\0\0\xc2\0\0\0\x80\x01\0\0\x19\0\0\0\x02\0\0\0\xc0\x01\0\0\xb3\x2b\
\0\0\x02\0\0\0\xe0\x01\0\0\xc0\x2b\0\0\xec\0\0\0\0\x02\0\0\xd2\x2b\0\0\xb0\x02\
\0\0\x40\x02\0\0\xe2\x2b\0\0\x1c\0\0\0\x80\x02\0\0\xf0\x2b\0\0\x02\0\0\0\xa0\
\x02\0\0\xfc\x2b\0\0\x02\0\0\0\xc0\x02\0\0\x10\x2c\0\0\x16\0\0\0\xe0\x02\0\0\
\x20\x2c\0\0\xb1\x02\0\0\0\x03\0\0\x2b\x2c\0\0\xb1\x02\0\0\x40\x03\0\0\x37\x2c\
\0\0\xb3\x02\0\0\x80\x03\0\0\x42\x2c\0\0\xb5\x02\0\0\xc0\x03\0\0\x4f\x2c\0\0\
\xb5\x02\0\0\0\x04\0\0\x5e\x2c\0\0\xb7\x02\0\0\x40\x04\0\0\x62\x2c\0\0\xb9\x02\
\0\0\x80\x04\0\0\xc7\x19\0\0\xb9\x02\0\0\xc0\x04\0\0\x66\x2c\0\0\xb9\x02\0\0\0\
\x05\0\0\xeb\x1f\0\0\xbb\x02\0\0\x40\x05\0\0\x6b\x2c\0\0\xbd\x02\0\0\x80\x05\0\
\0\x75\x2c\0\0\xbf\x02\0\0\xc0\x05\0\0\x80\x2c\0\0\xb1\x02\0\0\0\x06\0\0\x8b\
\x2c\0\0\xb3\x02\0\0\x40\x06\0\0\x95\x2c\0\0\xc1\x02\0\0\x80\x06\0\0\xa0\x2c\0\
\0\x47\x02\0\0\xc0\x06\0\0\xaf\x2c\0\0\xce\x02\0\0\0\x07\0\0\xbd\x2c\0\0\xd0\
\x02\0\0\x40\x07\0\0\xc7\x2c\0\0\xc8\x02\0\0\x80\x07\0\0\xd0\x2c\0\0\xd2\x02\0\
\0\xc0\x07\0\0\xdd\x2c\0\0\xd8\x02\0\0\0\x08\0\0\xf3\x2c\0\0\xbb\x02\0\0\x40\
\x08\0\0\x05\x2d\0\0\xb3\x02\0\0\x80\x08\0\0\x16\x2d\0\0\xb3\x02\0\0\xc0\x08\0\
\0\x23\x2d\0\0\xda\x02\0\0\0\x09\0\0\0\0\0\0\0\0\0\x02\xf5\x01\0\0\0\0\0\0\0\0\
\0\x02\xc4\x03\0\0\0\0\0\0\0\0\0\x02\xcf\x01\0\0\0\0\0\0\0\0\0\x02\xd0\x01\0\0\
\0\0\0\0\0\0\0\x0a\xd1\x01\0\0\x30\x2d\0\0\x05\0\0\x04\x28\0\0\0\x6e\x1f\0\0\
\xc2\0\0\0\0\0\0\0\x40\x2d\0\0\xd2\x01\0\0\x40\0\0\0\x4b\x2d\0\0\xdc\x01\0\0\
\x80\0\0\0\x5a\x2d\0\0\xae\x02\0\0\xc0\0\0\0\x60\x2d\0\0\xaf\x02\0\0\0\x01\0\0\
\0\0\0\0\0\0\0\x02\xd3\x01\0\0\0\0\0\0\x03\0\0\x0d\x72\x01\0\0\0\0\0\0\xd4\x01\
\0\0\0\0\0\0\xda\x01\0\0\0\0\0\0\x02\0\0\0\0\0\0\0\0\0\0\x02\xd5\x01\0\0\x6a\
\x2d\0\0\x0c\0\0\x84\x40\0\0\0\x6e\x1f\0\0\xc2\0\0\0\0\0\0\0\x63\x13\0\0\x2c\0\
\0\0\x40\0\0\0\xa2\x04\0\0\xd4\x01\0\0\xc0\0\0\0\x72\x2d\0\0\xd6\x01\0\0\0\x01\
\0\0\x77\x2d\0\0\xd7\x01\0\0\x40\x01\0\0\x7d\x2d\0\0\xd8\x01\0\0\x80\x01\0\0\
\x80\x2d\0\0\xd9\x01\0\0\xc0\x01\0\0\x85\x2d\0\0\x16\0\0\0\xe0\x01\0\x01\x97\
\x2d\0\0\x16\0\0\0\xe1\x01\0\x01\xa6\x2d\0\0\x16\0\0\0\xe2\x01\0\x01\xbc\x2d\0\
\0\x16\0\0\0\xe3\x01\0\x01\xd5\x2d\0\0\x16\0\0\0\xe4\x01\0\x01\0\0\0\0\0\0\0\
\x02\x09\x05\0\0\0\0\0\0\0\0\0\x02\xef\x06\0\0\0\0\0\0\0\0\0\x02\x42\x03\0\0\
\x80\x2d\0\0\x01\0\0\x04\x04\0\0\0\x7e\x26\0\0\x1a\0\0\0\0\0\0\0\0\0\0\0\0\0\0\
\x02\xdb\x01\0\0\xe5\x2d\0\0\x02\0\0\x04\x10\0\0\0\x6e\x1f\0\0\xc2\0\0\0\0\0\0\
\0\x70\x24\0\0\x72\x01\0\0\x40\0\0\0\0\0\0\0\0\0\0\x02\xdd\x01\0\0\0\0\0\0\x03\
\0\0\x0d\x72\x01\0\0\0\0\0\0\xd4\x01\0\0\0\0\0\0\xde\x01\0\0\0\0\0\0\x02\0\0\0\
\0\0\0\0\0\0\0\x02\xdf\x01\0\0\xef\x2d\0\0\x07\0\0\x04\x40\0\0\0\x9c\x29\0\0\
\xdb\x01\0\0\0\0\0\0\xcd\x19\0\0\x10\x01\0\0\x80\0\0\0\x24\x21\0\0\x19\0\0\0\
\xc0\0\0\0\xd4\x17\0\0\xe0\x01\0\0\0\x01\0\0\xeb\x1f\0\0\xaa\x02\0\0\x40\x01\0\
\0\xfd\x2d\0\0\xaa\x02\0\0\x80\x01\0\0\x1c\x15\0\0\xac\x02\0\0\xc0\x01\0\0\0\0\
\0\0\0\0\0\x02\xe1\x01\0\0\0\0\0\0\x01\0\0\x0d\xa5\0\0\0\0\0\0\0\0\0\0\0\x03\
\x2e\0\0\x0f\0\0\x04\xc0\0\0\0\x11\x2e\0\0\x87\0\0\0\0\0\0\0\x16\x2e\0\0\xa6\
\x02\0\0\x40\0\0\0\x1e\x2e\0\0\xab\0\0\0\xc0\0\0\0\x2e\x2e\0\0\xa7\x02\0\0\0\
\x02\0\0\x37\x2e\0\0\x1c\0\0\0\x20\x02\0\0\x47\x2e\0\0\x35\0\0\0\x40\x02\0\0\
\x4e\x2e\0\0\xab\0\0\0\xc0\x02\0\0\x5b\x2e\0\0\x0f\0\0\0\0\x04\0\0\x63\x2e\0\0\
\x0f\0\0\0\x40\x04\0\0\x73\x2e\0\0\xa8\x02\0\0\x80\x04\0\0\xac\0\0\0\x0f\0\0\0\
\xc0\x04\0\0\x79\x2e\0\0\xa6\0\0\0\0\x05\0\0\x80\x2e\0\0\x8a\0\0\0\x20\x05\0\0\
\x8d\x2e\0\0\x2c\0\0\0\x40\x05\0\0\xc2\x17\0\0\x19\0\0\0\xc0\x05\0\0\x9a\x2e\0\
\0\x32\0\0\x04\x68\x02\0\0\xa0\x2e\0\0\x72\x01\0\0\0\0\0\0\xa7\x2e\0\0\x24\0\0\
\0\x10\0\0\0\xb1\x2e\0\0\x9d\0\0\0\x20\0\0\0\xb7\x2e\0\0\xf3\0\0\0\x40\0\0\0\
\xbd\x2e\0\0\x16\0\0\0\x60\0\0\0\xc5\x2e\0\0\xe4\x01\0\0\x80\0\0\0\xcb\x2e\0\0\
\xe4\x01\0\0\xc0\0\0\0\xd9\x2e\0\0\xe9\x01\0\0\0\x01\0\0\xde\x2e\0\0\xeb\x01\0\
\0\x40\x01\0\0\xe3\x2e\0\0\xa5\0\0\0\x80\x01\0\0\xed\x2e\0\0\x19\0\0\0\xc0\x01\
\0\0\xf8\x2e\0\0\x0f\0\0\0\0\x02\0\0\0\0\0\0\xec\x01\0\0\x40\x02\0\0\xfe\x2e\0\
\0\xee\x01\0\0\x60\x02\0\0\x05\x2f\0\0\x91\0\0\0\x80\x02\0\0\x0c\x2f\0\0\xf0\
\x01\0\0\xc0\x02\0\0\x14\x2f\0\0\xf0\x01\0\0\x40\x03\0\0\x1c\x2f\0\0\xf0\x01\0\
\0\xc0\x03\0\0\x24\x2f\0\0\x8a\0\0\0\x40\x04\0\0\x2b\x2f\0\0\x24\0\0\0\x60\x04\
\0\0\x33\x2f\0\0\x40\0\0\0\x70\x04\0\0\x3d\x2f\0\0\x40\0\0\0\x78\x04\0\0\x4a\
\x2f\0\0\xf1\x01\0\0\x80\x04\0\0\x53\x2f\0\0\x0f\0\0\0\xc0\x04\0\0\x5b\x2f\0\0\
\xab\0\0\0\0\x05\0\0\x63\x2f\0\0\x0f\0\0\0\x40\x06\0\0\x70\x2f\0\0\x0f\0\0\0\
\x80\x06\0\0\x82\x2f\0\0\xe8\0\0\0\xc0\x06\0\0\x89\x2f\0\0\x2c\0\0\0\x40\x07\0\
\0\x93\x2f\0\0\x2c\0\0\0\xc0\x07\0\0\x99\x2f\0\0\x2c\0\0\0\x40\x08\0\0\xa3\x2f\
\0\0\x2c\0\0\0\xc0\x08\0\0\0\0\0\0\xf2\x01\0\0\x40\x09\0\0\xad\x2f\0\0\x5b\0\0\
\0\xc0\x09\0\0\xb7\x2f\0\0\x5b\0\0\0\0\x0a\0\0\xc2\x2f\0\0\x1c\0\0\0\x40\x0a\0\
\0\xca\x2f\0\0\x1c\0\0\0\x60\x0a\0\0\xd6\x2f\0\0\x1c\0\0\0\x80\x0a\0\0\xe3\x2f\
\0\0\x1c\0\0\0\xa0\x0a\0\0\0\0\0\0\xf3\x01\0\0\xc0\x0a\0\0\xef\x2f\0\0\xa0\x02\
\0\0\0\x0b\0\0\xf7\x2f\0\0\xe2\x01\0\0\x40\x0b\0\0\xfe\x2f\0\0\x2c\0\0\0\x40\
\x11\0\0\0\0\0\0\xa1\x02\0\0\xc0\x11\0\0\x08\x30\0\0\x15\0\0\0\0\x12\0\0\x15\
\x30\0\0\x15\0\0\0\x20\x12\0\0\x25\x30\0\0\xa3\x02\0\0\x40\x12\0\0\x36\x30\0\0\
\xa4\x02\0\0\x80\x12\0\0\x43\x30\0\0\xa5\x02\0\0\xc0\x12\0\0\x51\x30\0\0\x19\0\
\0\0\0\x13\0\0\0\0\0\0\0\0\0\x02\xe5\x01\0\0\x5b\x30\0\0\x04\0\0\x04\x20\0\0\0\
\x65\x30\0\0\x1a\0\0\0\0\0\0\0\x70\x30\0\0\x62\0\0\0\x40\0\0\0\x76\x30\0\0\x16\
\0\0\0\xc0\0\0\0\x7e\x30\0\0\xe8\x01\0\0\xe0\0\0\0\x88\x30\0\0\x03\0\0\x04\x08\
\0\0\0\x98\x30\0\0\x06\x01\0\0\0\0\0\0\x9e\x30\0\0\x24\0\0\0\x10\0\0\0\0\0\0\0\
\xe7\x01\0\0\x20\0\0\0\0\0\0\0\x02\0\0\x05\x04\0\0\0\xa5\x30\0\0\x9d\0\0\0\0\0\
\0\0\xab\x30\0\0\xf3\0\0\0\0\0\0\0\0\0\0\0\0\0\0\x03\0\0\0\0\xe6\x01\0\0\x04\0\
\0\0\0\0\0\0\0\0\0\0\0\0\0\x02\xea\x01\0\0\0\0\0\0\0\0\0\x0a\x4a\x04\0\0\0\0\0\
\0\0\0\0\x02\xaa\x03\0\0\0\0\0\0\x02\0\0\x05\x04\0\0\0\xb1\x30\0\0\xed\x01\0\0\
\0\0\0\0\xb9\x30\0\0\x16\0\0\0\0\0\0\0\0\0\0\0\0\0\0\x0a\x16\0\0\0\xc3\x30\0\0\
\0\0\0\x08\xef\x01\0\0\xc9\x30\0\0\0\0\0\x08\x14\0\0\0\xd8\x30\0\0\x02\0\0\x04\
\x10\0\0\0\x50\x1c\0\0\x03\x01\0\0\0\0\0\0\x57\x1c\0\0\x44\0\0\0\x40\0\0\0\xe3\
\x30\0\0\0\0\0\x08\x10\0\0\0\0\0\0\0\x02\0\0\x05\x10\0\0\0\xec\x30\0\0\xe0\0\0\
\0\0\0\0\0\xf5\x30\0\0\x62\0\0\0\0\0\0\0\0\0\0\0\x02\0\0\x05\x08\0\0\0\xfb\x30\
\0\0\x88\0\0\0\0\0\0\0\x01\x31\0\0\x9e\x02\0\0\0\0\0\0\x0c\x31\0\0\x20\0\0\x04\
\0\x01\0\0\xb8\x18\0\0\xcc\x01\0\0\0\0\0\0\x1c\x31\0\0\x22\x02\0\0\x40\0\0\0\
\xeb\x1f\0\0\x24\x02\0\0\x80\0\0\0\xfd\x2d\0\0\x29\x02\0\0\xc0\0\0\0\x23\x31\0\
\0\x2b\x02\0\0\0\x01\0\0\x2d\x31\0\0\x2b\x02\0\0\x40\x01\0\0\x38\x31\0\0\x5b\
\x02\0\0\x80\x01\0\0\x3f\x31\0\0\x5d\x02\0\0\xc0\x01\0\0\x47\x31\0\0\x5d\x02\0\
\0\0\x02\0\0\xbc\x1b\0\0\x64\x02\0\0\x40\x02\0\0\x56\x31\0\0\x6d\x02\0\0\x80\
\x02\0\0\x65\x31\0\0\x6d\x02\0\0\xc0\x02\0\0\x1c\x15\0\0\x6f\x02\0\0\0\x03\0\0\
\x72\x31\0\0\x0f\0\0\0\x40\x03\0\0\x87\x31\0\0\x71\x02\0\0\x80\x03\0\0\x8c\x31\
\0\0\x73\x02\0\0\xc0\x03\0\0\x92\x31\0\0\x71\x02\0\0\0\x04\0\0\x9a\x31\0\0\x76\
\x02\0\0\x40\x04\0\0\x61\x2a\0\0\x78\x02\0\0\x80\x04\0\0\x7e\x10\0\0\x7a\x02\0\
\0\xc0\x04\0\0\xa0\x31\0\0\x8a\x02\0\0\0\x05\0\0\x37\x15\0\0\x7f\0\0\0\x40\x05\
\0\0\xa9\x31\0\0\x8c\x02\0\0\x80\x05\0\0\xb5\x31\0\0\x7a\x02\0\0\xc0\x05\0\0\
\xbb\x31\0\0\x8e\x02\0\0\0\x06\0\0\xc8\x31\0\0\x90\x02\0\0\x40\x06\0\0\xd4\x31\
\0\0\x92\x02\0\0\x80\x06\0\0\xdd\x31\0\0\x96\x02\0\0\xc0\x06\0\0\xe7\x31\0\0\
\x98\x02\0\0\0\x07\0\0\xf3\x31\0\0\x9a\x02\0\0\x40\x07\0\0\x03\x32\0\0\x9c\x02\
\0\0\x80\x07\0\0\x14\x32\0\0\x76\x02\0\0\xc0\x07\0\0\x90\x2b\0\0\x3f\0\0\x04\
\x80\x03\0\0\x0d\x12\0\0\xf6\x01\0\0\0\0\0\0\x96\x12\0\0\x2c\0\0\0\x40\0\0\0\
\x6e\x1f\0\0\xf7\x01\0\0\xc0\0\0\0\x1c\x32\0\0\xf8\x01\0\0\x80\x02\0\0\x25\x32\
\0\0\xf9\x01\0\0\x40\x03\0\0\x2b\x32\0\0\xfb\x01\0\0\x40\x06\0\0\x39\x32\0\0\
\xc2\0\0\0\x80\x06\0\0\x41\x32\0\0\xc2\0\0\0\xc0\x06\0\0\x4c\x32\0\0\xd4\x01\0\
\0\0\x07\0\0\x58\x32\0\0\xfc\x01\0\0\x40\x07\0\0\x5d\x32\0\0\xfe\x01\0\0\x80\
\x07\0\0\x62\x32\0\0\x16\0\0\0\xc0\x07\0\0\x6b\x32\0\0\x8f\0\0\0\0\x08\0\0\x76\
\x32\0\0\0\x02\0\0\0\x09\0\0\x79\x32\0\0\x16\0\0\0\x40\x09\0\0\x80\x32\0\0\x16\
\0\0\0\x60\x09\0\0\x8d\x32\0\0\xfc\x01\0\0\x80\x09\0\0\x96\x32\0\0\xfe\x01\0\0\
\xc0\x09\0\0\x9f\x32\0\0\x77\0\0\0\0\x0a\0\0\xb5\x32\0\0\x77\0\0\0\x08\x0a\0\0\
\xcb\x32\0\0\x16\0\0\0\x20\x0a\0\0\xd9\x32\0\0\x02\x02\0\0\x40\x0a\0\0\xe1\x32\
\0\0\x03\x02\0\0\x80\x0a\0\0\xe6\x32\0\0\x05\x02\0\0\0\x0c\0\0\xf2\x32\0\0\x05\
\x02\0\0\x80\x0e\0\0\xfe\x32\0\0\x09\x02\0\0\0\x11\0\0\x03\x33\0\0\x0f\0\0\0\0\
\x12\0\0\x0a\x33\0\0\x16\0\0\0\x40\x12\0\0\x13\x33\0\0\x2c\0\0\0\x80\x12\0\0\
\x1c\x33\0\0\x0c\x02\0\0\0\x13\0\0\x26\x33\0\0\x0d\x02\0\0\x40\x13\0\0\x2f\x33\
\0\0\x0e\x02\0\0\x80\x13\0\0\x3d\x33\0\0\x11\x02\0\0\x80\x14\0\0\x48\x33\0\0\
\x12\x02\0\0\xc0\x14\0\0\x54\x33\0\0\x19\x01\0\0\0\x15\0\0\x59\x33\0\0\x19\0\0\
\0\x40\x15\0\0\x60\x33\0\0\x16\0\0\0\x80\x15\0\0\x6c\x33\0\0\x19\0\0\0\xc0\x15\
\0\0\x7f\x33\0\0\x16\0\0\0\0\x16\0\0\x91\x33\0\0\x16\0\0\0\x20\x16\0\0\xa1\x33\
\0\0\x13\x02\0\0\x40\x16\0\0\xb2\x33\0\0\x16\0\0\0\x80\x16\0\0\xc3\x33\0\0\x16\
\x02\0\0\xc0\x16\0\0\xd4\x33\0\0\x16\0\0\0\0\x17\0\0\xe7\x33\0\0\x18\x02\0\0\
\x40\x17\0\0\xf6\x33\0\0\x19\x02\0\0\x80\x17\0\0\x03\x34\0\0\x16\0\0\0\xc0\x17\
\0\0\x14\x34\0\0\x16\0\0\0\xe0\x17\0\0\x2a\x34\0\0\x1a\x02\0\0\0\x18\0\0\x42\
\x34\0\0\x1b\x02\0\0\x40\x18\0\0\x4f\x34\0\0\x16\0\0\0\x80\x18\0\0\x60\x34\0\0\
\x1d\x02\0\0\xc0\x18\0\0\x6c\x34\0\0\x16\0\0\0\0\x19\0\0\x7c\x34\0\0\x16\0\0\0\
\x20\x19\0\0\x91\x34\0\0\x1f\x02\0\0\x40\x19\0\0\xa2\x34\0\0\x19\0\0\0\x80\x19\
\0\0\xb5\x34\0\0\x16\0\0\0\xc0\x19\0\0\xc7\x34\0\0\x1f\x02\0\0\0\x1a\0\0\xd8\
\x34\0\0\x16\0\0\0\x40\x1a\0\0\xed\x34\0\0\x2c\0\0\0\x80\x1a\0\0\xf9\x34\0\0\
\x2c\0\0\0\0\x1b\0\0\x05\x35\0\0\x20\x02\0\0\x80\x1b\0\0\xed\x12\0\0\x1c\0\0\0\
\xc0\x1b\0\0\x0a\x35\0\0\x04\0\0\x06\x04\0\0\0\x17\x35\0\0\0\0\0\0\x29\x35\0\0\
\x01\0\0\0\x3d\x35\0\0\x02\0\0\0\x50\x35\0\0\x03\0\0\0\0\0\0\0\0\0\0\x03\0\0\0\
\0\xc4\0\0\0\x04\0\0\0\x38\0\0\0\0\0\0\0\0\0\0\x03\0\0\0\0\x42\0\0\0\x04\0\0\0\
\x14\0\0\0\x66\x35\0\0\x05\0\0\x04\x60\0\0\0\x75\x35\0\0\xd5\x01\0\0\0\0\0\0\
\x7a\x35\0\0\xcc\x01\0\0\0\x02\0\0\x7e\x35\0\0\xd4\x01\0\0\x40\x02\0\0\x8a\x35\
\0\0\xfa\x01\0\0\x80\x02\0\0\x8d\x35\0\0\xeb\0\0\0\xc0\x02\0\0\0\0\0\0\0\0\0\
\x02\x1b\x07\0\0\0\0\0\0\0\0\0\x02\x1c\x07\0\0\0\0\0\0\0\0\0\x02\xfd\x01\0\0\0\
\0\0\0\0\0\0\x0a\x01\x02\0\0\0\0\0\0\0\0\0\x02\xff\x01\0\0\0\0\0\0\0\0\0\x0a\
\xfe\0\0\0\0\0\0\0\0\0\0\x02\x1d\x07\0\0\x9d\x35\0\0\x03\0\0\x04\x0c\0\0\0\xab\
\x35\0\0\x02\0\0\0\0\0\0\0\xb8\x35\0\0\x02\0\0\0\x20\0\0\0\xc4\x35\0\0\x02\0\0\
\0\x40\0\0\0\0\0\0\0\0\0\0\x02\x05\x07\0\0\0\0\0\0\0\0\0\x02\x04\x02\0\0\0\0\0\
\0\x01\0\0\x0d\x02\0\0\0\0\0\0\0\0\0\0\0\xd5\x35\0\0\x06\0\0\x04\x50\0\0\0\x08\
\x12\0\0\x19\0\0\0\0\0\0\0\xcd\x19\0\0\x16\0\0\0\x40\0\0\0\xe3\x35\0\0\x16\0\0\
\0\x60\0\0\0\xed\x35\0\0\x16\0\0\0\x80\0\0\0\xf5\x35\0\0\x16\0\0\0\xa0\0\0\0\
\x08\x36\0\0\x06\x02\0\0\xc0\0\0\0\x0c\x36\0\0\x02\0\0\x04\x38\0\0\0\x7a\x35\0\
\0\xcc\x01\0\0\0\0\0\0\xed\x11\0\0\x07\x02\0\0\x40\0\0\0\x1a\x36\0\0\x01\0\0\
\x04\x30\0\0\0\xed\x11\0\0\x08\x02\0\0\0\0\0\0\0\0\0\0\0\0\0\x03\0\0\0\0\x2a\0\
\0\0\x04\0\0\0\x02\0\0\0\x2a\x36\0\0\x03\0\0\x04\x20\0\0\0\x3c\x36\0\0\x0a\x02\
\0\0\0\0\0\0\xe1\x32\0\0\x0a\x02\0\0\x60\0\0\0\x41\x36\0\0\x0b\x02\0\0\xc0\0\0\
\0\x54\x36\0\0\x03\0\0\x04\x0c\0\0\0\x60\x36\0\0\x02\0\0\0\0\0\0\0\x6a\x36\0\0\
\x02\0\0\0\x20\0\0\0\x7a\x36\0\0\x02\0\0\0\x40\0\0\0\0\0\0\0\0\0\0\x02\x1e\x07\
\0\0\0\0\0\0\0\0\0\x02\x1f\x07\0\0\0\0\0\0\0\0\0\x02\x0e\x02\0\0\x8a\x36\0\0\
\x04\0\0\x04\x20\0\0\0\x97\x36\0\0\x0f\x02\0\0\0\0\0\0\x9e\x36\0\0\x16\0\0\0\
\x40\0\0\0\xa9\x36\0\0\x19\x01\0\0\x80\0\0\0\xb0\x36\0\0\x19\x01\0\0\xc0\0\0\0\
\0\0\0\0\0\0\0\x02\x10\x02\0\0\xb8\x36\0\0\0\0\0\x08\x20\x07\0\0\0\0\0\0\0\0\0\
\x02\x21\x07\0\0\0\0\0\0\0\0\0\x02\x22\x07\0\0\0\0\0\0\0\0\0\x02\x14\x02\0\0\
\xc2\x36\0\0\0\0\0\x08\x15\x02\0\0\0\0\0\0\0\0\0\x0a\x02\0\0\0\0\0\0\0\0\0\0\
\x02\x17\x02\0\0\0\0\0\0\0\0\0\x02\x23\x07\0\0\0\0\0\0\0\0\0\x02\x24\x07\0\0\0\
\0\0\0\0\0\0\x02\x26\x07\0\0\0\0\0\0\0\0\0\x02\xc2\0\0\0\0\0\0\0\0\0\0\x02\x1c\
\x02\0\0\0\0\0\0\0\0\0\x02\x17\x03\0\0\0\0\0\0\0\0\0\x02\x1e\x02\0\0\0\0\0\0\0\
\0\0\x02\x6a\x07\0\0\0\0\0\0\0\0\0\x02\x0f\0\0\0\0\0\0\0\0\0\0\x02\x21\x02\0\0\
\0\0\0\0\x01\0\0\x0d\0\0\0\0\0\0\0\0\0\0\0\0\0\0\0\0\0\0\0\x02\x23\x02\0\0\0\0\
\0\0\x03\0\0\x0d\x91\0\0\0\0\0\0\0\x81\0\0\0\0\0\0\0\x91\0\0\0\0\0\0\0\x02\0\0\
\0\0\0\0\0\0\0\0\x02\x25\x02\0\0\0\0\0\0\x04\0\0\x0d\x26\x02\0\0\0\0\0\0\x81\0\
\0\0\0\0\0\0\x19\x01\0\0\0\0\0\0\x10\x01\0\0\0\0\0\0\x77\x01\0\0\xd3\x36\0\0\0\
\0\0\x08\x27\x02\0\0\xdb\x36\0\0\0\0\0\x08\x28\x02\0\0\xec\x36\0\0\0\0\0\x08\
\x44\0\0\0\0\0\0\0\0\0\0\x02\x2a\x02\0\0\0\0\0\0\x04\0\0\x0d\x26\x02\0\0\0\0\0\
\0\x81\0\0\0\0\0\0\0\xc2\0\0\0\0\0\0\0\x10\x01\0\0\0\0\0\0\x77\x01\0\0\0\0\0\0\
\0\0\0\x02\x2c\x02\0\0\0\0\0\0\x02\0\0\x0d\x26\x02\0\0\0\0\0\0\x2d\x02\0\0\0\0\
\0\0\x33\x02\0\0\0\0\0\0\0\0\0\x02\x2e\x02\0\0\xfc\x36\0\0\x08\0\0\x04\x30\0\0\
\0\x02\x37\0\0\x81\0\0\0\0\0\0\0\x0a\x37\0\0\x91\0\0\0\x40\0\0\0\x11\x37\0\0\
\x2f\x02\0\0\x80\0\0\0\x24\x21\0\0\x19\0\0\0\xc0\0\0\0\x1d\x37\0\0\x02\0\0\0\0\
\x01\0\0\x26\x37\0\0\x22\0\0\0\x20\x01\0\0\x2e\x37\0\0\x22\0\0\0\x30\x01\0\0\0\
\0\0\0\x31\x02\0\0\x40\x01\0\0\0\0\0\0\0\0\0\x02\x30\x02\0\0\0\0\0\0\x03\0\0\
\x0d\0\0\0\0\0\0\0\0\x2d\x02\0\0\0\0\0\0\x44\0\0\0\0\0\0\0\x44\0\0\0\0\0\0\0\
\x02\0\0\x05\x08\0\0\0\x38\x37\0\0\x16\0\0\0\0\0\0\0\x42\x37\0\0\x32\x02\0\0\0\
\0\0\0\0\0\0\0\0\0\0\x02\xe2\x06\0\0\0\0\0\0\0\0\0\x02\x34\x02\0\0\x4b\x37\0\0\
\x07\0\0\x04\x28\0\0\0\x54\x37\0\0\x40\0\0\0\0\0\0\0\x5e\x37\0\0\x77\0\0\0\x08\
\0\0\0\x66\x37\0\0\x77\0\0\0\x10\0\0\0\x72\x37\0\0\x10\x01\0\0\x40\0\0\0\xd9\
\x0a\0\0\x10\x01\0\0\x80\0\0\0\0\0\0\0\x35\x02\0\0\xc0\0\0\0\0\0\0\0\x59\x02\0\
\0\0\x01\0\0\0\0\0\0\x05\0\0\x05\x08\0\0\0\x7d\x37\0\0\x36\x02\0\0\0\0\0\0\x81\
\x37\0\0\x38\x02\0\0\0\0\0\0\x86\x37\0\0\x3a\x02\0\0\0\0\0\0\x8b\x37\0\0\x3c\
\x02\0\0\0\0\0\0\x92\x37\0\0\xb2\x01\0\0\0\0\0\0\0\0\0\0\0\0\0\x02\x37\x02\0\0\
\0\0\0\0\0\0\0\x0a\xe3\x06\0\0\0\0\0\0\0\0\0\x02\x39\x02\0\0\0\0\0\0\0\0\0\x0a\
\xe4\x06\0\0\0\0\0\0\0\0\0\x02\x3b\x02\0\0\0\0\0\0\0\0\0\x0a\xe5\x06\0\0\0\0\0\
\0\0\0\0\x02\xa6\x02\0\0\x97\x37\0\0\x13\0\0\x04\xa8\0\0\0\xb2\x18\0\0\x8f\0\0\
\0\0\0\0\0\xa7\x37\0\0\xe3\0\0\0\0\x01\0\0\xaf\x37\0\0\xe3\0\0\0\xc0\x01\0\0\
\xc7\x1c\0\0\x16\0\0\0\x80\x02\0\0\xf5\x10\0\0\x16\0\0\0\xa0\x02\0\0\xb7\x37\0\
\0\x16\0\0\0\xc0\x02\0\0\xc1\x37\0\0\x16\0\0\0\xe0\x02\0\0\xcb\x37\0\0\x16\0\0\
\0\0\x03\0\0\xd8\x37\0\0\x16\0\0\0\x20\x03\0\0\xe0\x37\0\0\x16\0\0\0\x40\x03\0\
\0\x1c\x06\0\0\x16\0\0\0\x60\x03\0\0\xe8\x37\0\0\x16\0\0\0\x80\x03\0\0\xf2\x37\
\0\0\x16\0\0\0\xa0\x03\0\0\xfc\x37\0\0\x77\0\0\0\xc0\x03\0\0\x07\x38\0\0\xb4\
\x01\0\0\0\x04\0\0\x10\x38\0\0\x52\x02\0\0\x40\x04\0\0\x1f\x38\0\0\x52\x02\0\0\
\x80\x04\0\0\x2e\x38\0\0\x54\x02\0\0\xc0\x04\0\0\x0c\x1e\0\0\x5b\x01\0\0\0\x05\
\0\0\x2f\x27\0\0\x04\0\0\x04\x40\0\0\0\xac\0\0\0\x0f\0\0\0\0\0\0\0\0\0\0\0\x3f\
\x02\0\0\x40\0\0\0\0\0\0\0\x51\x02\0\0\x80\x01\0\0\x33\x38\0\0\x1c\0\0\0\xa0\
\x01\0\0\0\0\0\0\x08\0\0\x05\x28\0\0\0\0\0\0\0\x40\x02\0\0\0\0\0\0\0\0\0\0\x41\
\x02\0\0\0\0\0\0\0\0\0\0\x44\x02\0\0\0\0\0\0\0\0\0\0\x4a\x02\0\0\0\0\0\0\0\0\0\
\0\x4b\x02\0\0\0\0\0\0\0\0\0\0\x4c\x02\0\0\0\0\0\0\0\0\0\0\x4f\x02\0\0\0\0\0\0\
\xa4\x13\0\0\x62\0\0\0\0\0\0\0\0\0\0\0\x04\0\0\x04\x28\0\0\0\x3d\x38\0\0\x2c\0\
\0\0\0\0\0\0\x41\x38\0\0\xa5\0\0\0\x80\0\0\0\x07\x21\0\0\x0f\0\0\0\xc0\0\0\0\
\x24\x21\0\0\x0f\0\0\0\0\x01\0\0\0\0\0\0\x05\0\0\x04\x28\0\0\0\x49\x38\0\0\x0f\
\0\0\0\0\0\0\0\x52\x38\0\0\x42\x02\0\0\x40\0\0\0\x55\x38\0\0\x0f\0\0\0\x80\0\0\
\0\x65\x38\0\0\x0f\0\0\0\xc0\0\0\0\0\0\0\0\x43\x02\0\0\0\x01\0\0\0\0\0\0\0\0\0\
\x02\x93\x07\0\0\0\0\0\0\x02\0\0\x05\x08\0\0\0\x6e\x38\0\0\x0f\0\0\0\0\0\0\0\
\x7d\x38\0\0\x5a\0\0\0\0\0\0\0\0\0\0\0\x04\0\0\x04\x28\0\0\0\0\0\0\0\x45\x02\0\
\0\0\0\0\0\x8b\x38\0\0\x47\x02\0\0\x80\0\0\0\x96\x38\0\0\x19\0\0\0\xc0\0\0\0\0\
\0\0\0\x48\x02\0\0\0\x01\0\0\0\0\0\0\x02\0\0\x05\x10\0\0\0\x9f\x38\0\0\x2c\0\0\
\0\0\0\0\0\0\0\0\0\x46\x02\0\0\0\0\0\0\0\0\0\0\x03\0\0\x04\x10\0\0\0\x60\x0b\0\
\0\xb4\x01\0\0\0\0\0\0\xa9\x38\0\0\x02\0\0\0\x40\0\0\0\xaf\x38\0\0\x02\0\0\0\
\x60\0\0\0\0\0\0\0\0\0\0\x02\xc3\x02\0\0\0\0\0\0\x03\0\0\x05\x08\0\0\0\xb8\x38\
\0\0\x19\0\0\0\0\0\0\0\xbe\x38\0\0\x0f\0\0\0\0\0\0\0\0\0\0\0\x49\x02\0\0\0\0\0\
\0\0\0\0\0\x03\0\0\x84\x04\0\0\0\xc7\x38\0\0\x16\0\0\0\0\0\0\x10\xcd\x38\0\0\
\x16\0\0\0\x10\0\0\x0f\x3a\x04\0\0\x16\0\0\0\x1f\0\0\x01\0\0\0\0\x05\0\0\x04\
\x18\0\0\0\xd5\x38\0\0\x0f\0\0\0\0\0\0\0\xe3\x38\0\0\x42\0\0\0\x40\0\0\0\xf1\
\x38\0\0\x42\0\0\0\x48\0\0\0\0\x39\0\0\x1c\0\0\0\x60\0\0\0\x12\x39\0\0\x16\0\0\
\0\x80\0\0\0\0\0\0\0\x03\0\0\x04\x20\0\0\0\x1e\x39\0\0\x0f\0\0\0\0\0\0\0\x2e\
\x39\0\0\x1c\0\0\0\x40\0\0\0\x44\x39\0\0\x2c\0\0\0\x80\0\0\0\0\0\0\0\x05\0\0\
\x04\x28\0\0\0\x52\x39\0\0\x0f\0\0\0\0\0\0\0\x5c\x39\0\0\x4d\x02\0\0\x40\0\0\0\
\x69\x39\0\0\x0f\0\0\0\x80\0\0\0\0\0\0\0\x4e\x02\0\0\xc0\0\0\0\x73\x39\0\0\x8a\
\0\0\0\0\x01\0\0\x77\x39\0\0\0\0\0\x08\xb4\x01\0\0\0\0\0\0\x02\0\0\x05\x08\0\0\
\0\x81\x39\0\0\x7b\0\0\0\0\0\0\0\x87\x39\0\0\x1c\0\0\0\0\0\0\0\0\0\0\0\x02\0\0\
\x04\x10\0\0\0\x98\x39\0\0\x50\x02\0\0\0\0\0\0\x9e\x39\0\0\x19\0\0\0\x40\0\0\0\
\0\0\0\0\0\0\0\x02\x94\x07\0\0\0\0\0\0\x04\0\0\x05\x04\0\0\0\xaf\x39\0\0\x1c\0\
\0\0\0\0\0\0\xb9\x39\0\0\x16\0\0\0\0\0\0\0\x5f\x14\0\0\x16\0\0\0\0\0\0\0\xc3\
\x39\0\0\x02\0\0\0\0\0\0\0\0\0\0\0\0\0\0\x02\x53\x02\0\0\xc9\x39\0\0\x06\0\0\
\x04\x30\0\0\0\xd7\x39\0\0\x94\0\0\0\0\0\0\0\x4f\x1d\0\0\x02\0\0\0\x40\0\0\0\
\xdf\x39\0\0\x02\0\0\0\x60\0\0\0\xe5\x39\0\0\x52\x02\0\0\x80\0\0\0\xed\x39\0\0\
\x81\0\0\0\xc0\0\0\0\xf5\x39\0\0\x62\0\0\0\0\x01\0\0\0\0\0\0\0\0\0\x02\xe6\x06\
\0\0\xfc\x39\0\0\x08\0\0\x04\x88\0\0\0\x08\x3a\0\0\x1a\0\0\0\0\0\0\0\x10\x3a\0\
\0\x56\x02\0\0\x40\0\0\0\x1e\x3a\0\0\x0f\0\0\0\x80\x01\0\0\x2c\x3a\0\0\x5a\0\0\
\0\xc0\x01\0\0\x36\x3a\0\0\xe8\0\0\0\0\x02\0\0\x18\x19\0\0\x9d\0\0\0\x80\x02\0\
\0\xfe\x15\0\0\x5a\0\0\0\xc0\x02\0\0\x43\x3a\0\0\x58\x02\0\0\0\x03\0\0\x4d\x3a\
\0\0\x04\0\0\x04\x28\0\0\0\x7e\x10\0\0\x3a\0\0\0\0\0\0\0\xd9\x0a\0\0\x2f\0\0\0\
\x40\0\0\0\x96\x12\0\0\x2c\0\0\0\x80\0\0\0\xbe\x38\0\0\x57\x02\0\0\0\x01\0\0\0\
\0\0\0\0\0\0\x02\xfe\0\0\0\x5c\x3a\0\0\x07\0\0\x04\x28\0\0\0\x7e\x10\0\0\x3a\0\
\0\0\0\0\0\0\x6c\x3a\0\0\x02\0\0\0\x20\0\0\0\xbf\x13\0\0\x02\0\0\0\x40\0\0\0\
\x75\x3a\0\0\x02\0\0\0\x60\0\0\0\x7d\x3a\0\0\x02\0\0\0\x80\0\0\0\x84\x3a\0\0\
\x0f\0\0\0\xc0\0\0\0\xac\0\0\0\x0f\0\0\0\0\x01\0\0\0\0\0\0\x03\0\0\x05\x08\0\0\
\0\x8a\x3a\0\0\x0f\0\0\0\0\0\0\0\0\0\0\0\x5a\x02\0\0\0\0\0\0\x92\x3a\0\0\x91\0\
\0\0\0\0\0\0\0\0\0\0\x02\0\0\x04\x08\0\0\0\xc7\x1c\0\0\x16\0\0\0\0\0\0\0\x9f\
\x3a\0\0\x16\0\0\0\x20\0\0\0\0\0\0\0\0\0\0\x02\x5c\x02\0\0\0\0\0\0\x02\0\0\x0d\
\x02\0\0\0\0\0\0\0\x2d\x02\0\0\0\0\0\0\x77\0\0\0\0\0\0\0\0\0\0\x02\x5e\x02\0\0\
\0\0\0\0\x02\0\0\x0d\x02\0\0\0\0\0\0\0\x81\0\0\0\0\0\0\0\x5f\x02\0\0\0\0\0\0\0\
\0\0\x02\x60\x02\0\0\xaa\x3a\0\0\x02\0\0\x04\x10\0\0\0\xb6\x3a\0\0\x61\x02\0\0\
\0\0\0\0\xbc\x3a\0\0\x91\0\0\0\x40\0\0\0\xc0\x3a\0\0\0\0\0\x08\x62\x02\0\0\0\0\
\0\0\0\0\0\x02\x63\x02\0\0\0\0\0\0\x06\0\0\x0d\x02\0\0\0\0\0\0\0\x5f\x02\0\0\0\
\0\0\0\xc2\0\0\0\0\0\0\0\x02\0\0\0\0\0\0\0\x91\0\0\0\0\0\0\0\x10\0\0\0\0\0\0\0\
\x16\0\0\0\0\0\0\0\0\0\0\x02\x65\x02\0\0\0\0\0\0\x02\0\0\x0d\x66\x02\0\0\0\0\0\
\0\x81\0\0\0\0\0\0\0\x67\x02\0\0\xca\x3a\0\0\0\0\0\x08\x16\0\0\0\0\0\0\0\0\0\0\
\x02\x68\x02\0\0\xd3\x3a\0\0\x02\0\0\x04\x10\0\0\0\xe5\x3a\0\0\x69\x02\0\0\0\0\
\0\0\xec\x3a\0\0\x66\x02\0\0\x40\0\0\0\xf1\x3a\0\0\0\0\0\x08\x6a\x02\0\0\0\0\0\
\0\0\0\0\x02\x6b\x02\0\0\0\0\0\0\x03\0\0\x0d\0\0\0\0\0\0\0\0\x81\0\0\0\0\0\0\0\
\x6c\x02\0\0\0\0\0\0\x67\x02\0\0\0\0\0\0\0\0\0\x02\xe3\0\0\0\0\0\0\0\0\0\0\x02\
\x6e\x02\0\0\0\0\0\0\x03\0\0\x0d\x44\0\0\0\0\0\0\0\x81\0\0\0\0\0\0\0\x16\0\0\0\
\0\0\0\0\x0f\0\0\0\0\0\0\0\0\0\0\x02\x70\x02\0\0\0\0\0\0\x02\0\0\x0d\x02\0\0\0\
\0\0\0\0\x81\0\0\0\0\0\0\0\x7e\0\0\0\0\0\0\0\0\0\0\x02\x72\x02\0\0\0\0\0\0\x02\
\0\0\x0d\x02\0\0\0\0\0\0\0\x87\0\0\0\0\0\0\0\x81\0\0\0\0\0\0\0\0\0\0\x02\x74\
\x02\0\0\0\0\0\0\x02\0\0\x0d\x02\0\0\0\0\0\0\0\x81\0\0\0\0\0\0\0\x75\x02\0\0\
\x01\x3b\0\0\0\0\0\x08\x19\0\0\0\0\0\0\0\0\0\0\x02\x77\x02\0\0\0\0\0\0\x04\0\0\
\x0d\x02\0\0\0\0\0\0\0\x81\0\0\0\0\0\0\0\x91\0\0\0\0\0\0\0\x91\0\0\0\0\0\0\0\
\x02\0\0\0\0\0\0\0\0\0\0\x02\x79\x02\0\0\0\0\0\0\x03\0\0\x0d\x02\0\0\0\0\0\0\0\
\x02\0\0\0\0\0\0\0\x81\0\0\0\0\0\0\0\x02\0\0\0\0\0\0\0\0\0\0\x02\x7b\x02\0\0\0\
\0\0\0\x03\0\0\x0d\x02\0\0\0\0\0\0\0\x81\0\0\0\0\0\0\0\x02\0\0\0\0\0\0\0\x7c\
\x02\0\0\0\0\0\0\0\0\0\x02\x7d\x02\0\0\x0c\x3b\0\0\x14\0\0\x04\xd8\0\0\0\x16\
\x3b\0\0\x7c\x02\0\0\0\0\0\0\x21\x3b\0\0\x2c\0\0\0\x40\0\0\0\x29\x3b\0\0\xe8\0\
\0\0\xc0\0\0\0\x31\x3b\0\0\x2c\0\0\0\x40\x01\0\0\x45\x3b\0\0\x2c\0\0\0\xc0\x01\
\0\0\x57\x3b\0\0\x75\x02\0\0\x40\x02\0\0\x60\x3b\0\0\x16\0\0\0\x80\x02\0\0\x69\
\x3b\0\0\x42\0\0\0\xa0\x02\0\0\x71\x3b\0\0\x16\0\0\0\xc0\x02\0\0\x78\x3b\0\0\
\x02\0\0\0\xe0\x02\0\0\x84\x3b\0\0\xe3\0\0\0\0\x03\0\0\x8c\x3b\0\0\x81\0\0\0\
\xc0\x03\0\0\x94\x3b\0\0\x91\0\0\0\0\x04\0\0\x9d\x3b\0\0\x91\0\0\0\x40\x04\0\0\
\xa4\x3b\0\0\x52\x02\0\0\x80\x04\0\0\xae\x3b\0\0\x0f\0\0\0\xc0\x04\0\0\xbc\x3b\
\0\0\x0f\0\0\0\0\x05\0\0\xce\x3b\0\0\x7e\x02\0\0\x40\x05\0\0\xd5\x3b\0\0\x80\
\x02\0\0\x80\x05\0\0\xde\x3b\0\0\x82\x02\0\0\xc0\x05\0\0\0\0\0\0\0\0\0\x02\x7f\
\x02\0\0\0\0\0\0\0\0\0\x0a\x54\x07\0\0\0\0\0\0\0\0\0\x02\x81\x02\0\0\0\0\0\0\0\
\0\0\x0a\x55\x07\0\0\0\0\0\0\x03\0\0\x05\x20\0\0\0\xe3\x3b\0\0\x83\x02\0\0\0\0\
\0\0\xea\x3b\0\0\x86\x02\0\0\0\0\0\0\xf2\x3b\0\0\x89\x02\0\0\0\0\0\0\xf6\x3b\0\
\0\x03\0\0\x04\x20\0\0\0\x0d\x12\0\0\x14\0\0\0\0\0\0\0\xb8\x18\0\0\x84\x02\0\0\
\x40\0\0\0\x96\x12\0\0\x2c\0\0\0\x80\0\0\0\0\0\0\0\0\0\0\x02\x85\x02\0\0\x04\
\x3c\0\0\0\0\0\x07\0\0\0\0\x12\x3c\0\0\x01\0\0\x04\x08\0\0\0\xb8\x18\0\0\x87\
\x02\0\0\0\0\0\0\0\0\0\0\0\0\0\x02\x88\x02\0\0\x21\x3c\0\0\0\0\0\x07\0\0\0\0\0\
\0\0\0\x03\0\0\x04\x18\0\0\0\x3c\x20\0\0\x2c\0\0\0\0\0\0\0\x0d\x12\0\0\x02\0\0\
\0\x80\0\0\0\x31\x3c\0\0\x16\0\0\0\xa0\0\0\0\0\0\0\0\0\0\0\x02\x8b\x02\0\0\0\0\
\0\0\x06\0\0\x0d\x26\x02\0\0\0\0\0\0\x81\0\0\0\0\0\0\0\xb4\x01\0\0\0\0\0\0\x02\
\0\0\0\0\0\0\0\x10\x01\0\0\0\0\0\0\x77\x01\0\0\0\0\0\0\x02\0\0\0\0\0\0\0\0\0\0\
\x02\x8d\x02\0\0\0\0\0\0\x01\0\0\x0d\x02\0\0\0\0\0\0\0\x02\0\0\0\0\0\0\0\0\0\0\
\x02\x8f\x02\0\0\0\0\0\0\x05\0\0\x0d\x26\x02\0\0\0\0\0\0\xb2\x01\0\0\0\0\0\0\
\x81\0\0\0\0\0\0\0\x77\x01\0\0\0\0\0\0\x10\x01\0\0\0\0\0\0\x16\0\0\0\0\0\0\0\0\
\0\0\x02\x91\x02\0\0\0\0\0\0\x05\0\0\x0d\x26\x02\0\0\0\0\0\0\x81\0\0\0\0\0\0\0\
\x77\x01\0\0\0\0\0\0\xb2\x01\0\0\0\0\0\0\x10\x01\0\0\0\0\0\0\x16\0\0\0\0\0\0\0\
\0\0\0\x02\x93\x02\0\0\0\0\0\0\x04\0\0\x0d\x02\0\0\0\0\0\0\0\x81\0\0\0\0\0\0\0\
\x44\0\0\0\0\0\0\0\x94\x02\0\0\0\0\0\0\x95\x02\0\0\0\0\0\0\0\0\0\x02\x7c\x02\0\
\0\0\0\0\0\0\0\0\x02\x19\0\0\0\0\0\0\0\0\0\0\x02\x97\x02\0\0\0\0\0\0\x04\0\0\
\x0d\x44\0\0\0\0\0\0\0\x81\0\0\0\0\0\0\0\x02\0\0\0\0\0\0\0\x91\0\0\0\0\0\0\0\
\x91\0\0\0\0\0\0\0\0\0\0\x02\x99\x02\0\0\0\0\0\0\x02\0\0\x0d\0\0\0\0\0\0\0\0\
\x30\x01\0\0\0\0\0\0\x81\0\0\0\0\0\0\0\0\0\0\x02\x9b\x02\0\0\0\0\0\0\x06\0\0\
\x0d\x26\x02\0\0\0\0\0\0\x81\0\0\0\0\0\0\0\x91\0\0\0\0\0\0\0\x81\0\0\0\0\0\0\0\
\x91\0\0\0\0\0\0\0\x10\x01\0\0\0\0\0\0\x16\0\0\0\0\0\0\0\0\0\0\x02\x9d\x02\0\0\
\0\0\0\0\x06\0\0\x0d\x91\0\0\0\0\0\0\0\x81\0\0\0\0\0\0\0\x91\0\0\0\0\0\0\0\x81\
\0\0\0\0\0\0\0\x91\0\0\0\0\0\0\0\x91\0\0\0\0\0\0\0\x16\0\0\0\0\0\0\0\0\0\0\x02\
\x9f\x02\0\0\0\0\0\0\x01\0\0\x0d\0\0\0\0\0\0\0\0\x87\0\0\0\0\0\0\0\0\0\0\x02\
\x41\x07\0\0\0\0\0\0\x04\0\0\x05\x08\0\0\0\x3a\x3c\0\0\xb2\x01\0\0\0\0\0\0\x41\
\x3c\0\0\xa2\x02\0\0\0\0\0\0\x48\x3c\0\0\x19\x01\0\0\0\0\0\0\x4f\x3c\0\0\x16\0\
\0\0\0\0\0\0\0\0\0\0\0\0\0\x02\x53\x07\0\0\0\0\0\0\0\0\0\x02\x0e\x04\0\0\0\0\0\
\0\0\0\0\x02\x42\x07\0\0\0\0\0\0\0\0\0\x02\x43\x07\0\0\x8b\x37\0\0\x03\0\0\x04\
\x10\0\0\0\x59\x3c\0\0\x8a\0\0\0\0\0\0\0\x61\x3c\0\0\xa7\x02\0\0\x20\0\0\0\x6a\
\x3c\0\0\x19\0\0\0\x40\0\0\0\x72\x3c\0\0\0\0\0\x08\x16\0\0\0\0\0\0\0\0\0\0\x02\
\xa9\x02\0\0\0\0\0\0\0\0\0\x0a\xe1\x06\0\0\0\0\0\0\0\0\0\x02\xab\x02\0\0\0\0\0\
\0\x06\0\0\x0d\x26\x02\0\0\0\0\0\0\x81\0\0\0\0\0\0\0\xd4\x01\0\0\0\0\0\0\xde\
\x01\0\0\0\0\0\0\x19\x01\0\0\0\0\0\0\x91\0\0\0\0\0\0\0\x10\x01\0\0\0\0\0\0\0\0\
\0\x02\xad\x02\0\0\0\0\0\0\x04\0\0\x0d\x02\0\0\0\0\0\0\0\x81\0\0\0\0\0\0\0\xd4\
\x01\0\0\0\0\0\0\xde\x01\0\0\0\0\0\0\x7e\0\0\0\0\0\0\0\0\0\0\x02\xda\x01\0\0\0\
\0\0\0\0\0\0\x02\xde\x01\0\0\0\0\0\0\0\0\0\x02\x64\x07\0\0\0\0\0\0\0\0\0\x02\
\xb2\x02\0\0\0\0\0\0\x01\0\0\x0d\0\0\0\0\0\0\0\0\xaa\x01\0\0\0\0\0\0\0\0\0\x02\
\xb4\x02\0\0\0\0\0\0\x01\0\0\x0d\x02\0\0\0\0\0\0\0\xc9\x01\0\0\0\0\0\0\0\0\0\
\x02\xb6\x02\0\0\0\0\0\0\x02\0\0\x0d\0\0\0\0\0\0\0\0\xc9\x01\0\0\0\0\0\0\x7b\0\
\0\0\0\0\0\0\0\0\0\x02\xb8\x02\0\0\0\0\0\0\x02\0\0\x0d\x02\0\0\0\0\0\0\0\xc9\
\x01\0\0\0\0\0\0\x02\0\0\0\0\0\0\0\0\0\0\x02\xba\x02\0\0\0\0\0\0\x02\0\0\x0d\0\
\0\0\0\0\0\0\0\xc9\x01\0\0\0\0\0\0\x02\0\0\0\0\0\0\0\0\0\0\x02\xbc\x02\0\0\0\0\
\0\0\x01\0\0\x0d\0\0\0\0\0\0\0\0\xc9\x01\0\0\0\0\0\0\0\0\0\x02\xbe\x02\0\0\0\0\
\0\0\x02\0\0\x0d\0\0\0\0\0\0\0\0\xaa\x01\0\0\0\0\0\0\x16\0\0\0\0\0\0\0\0\0\0\
\x02\xc0\x02\0\0\0\0\0\0\x01\0\0\x0d\x02\0\0\0\0\0\0\0\xaa\x01\0\0\0\0\0\0\0\0\
\0\x02\xc2\x02\0\0\0\0\0\0\x02\0\0\x0d\0\0\0\0\0\0\0\0\xa8\x01\0\0\0\0\0\0\x77\
\0\0\0\x78\x3c\0\0\x19\0\0\x04\xd8\0\0\0\x83\x3c\0\0\xc4\x02\0\0\0\0\0\0\xac\0\
\0\0\xc5\x02\0\0\x40\0\0\0\x8c\x3c\0\0\x0f\0\0\0\x80\0\0\0\xcd\x19\0\0\x16\0\0\
\0\xc0\0\0\0\x98\x3c\0\0\x16\0\0\0\xe0\0\0\0\xa4\x3c\0\0\xc6\x02\0\0\0\x01\0\0\
\x34\x27\0\0\x16\0\0\0\x40\x01\0\0\xb4\x3c\0\0\x16\0\0\0\x60\x01\0\0\xc0\x3c\0\
\0\xc7\x02\0\0\x80\x01\0\0\xc3\x3c\0\0\xc7\x02\0\0\xa0\x01\0\0\xc7\x3c\0\0\xc7\
\x02\0\0\xc0\x01\0\0\xcb\x3c\0\0\xa7\x02\0\0\xe0\x01\0\0\x7e\x26\0\0\x02\0\0\0\
\0\x02\0\0\xd6\x3c\0\0\xc8\x02\0\0\x40\x02\0\0\xc7\x38\0\0\x16\0\0\0\x80\x02\0\
\0\xdb\x3c\0\0\x16\0\0\0\xa0\x02\0\0\xe1\x3c\0\0\x16\0\0\0\xc0\x02\0\0\x6e\x1f\
\0\0\xc2\0\0\0\0\x03\0\0\x96\x12\0\0\x2c\0\0\0\x40\x03\0\0\x75\x35\0\0\xd5\x01\
\0\0\xc0\x03\0\0\xee\x3c\0\0\x0f\0\0\0\xc0\x05\0\0\xf5\x3c\0\0\xca\x02\0\0\0\
\x06\0\0\0\x3d\0\0\x16\0\0\0\x40\x06\0\0\x0b\x3d\0\0\x16\0\0\0\x60\x06\0\0\xed\
\x11\0\0\xcd\x02\0\0\x80\x06\0\0\0\0\0\0\0\0\0\x02\xe0\x06\0\0\x14\x3d\0\0\0\0\
\0\x08\x16\0\0\0\x21\x3d\0\0\x03\0\0\x04\x08\0\0\0\x32\x3d\0\0\x14\0\0\0\0\0\0\
\0\x34\x3d\0\0\x40\0\0\0\x20\0\0\0\x38\x3d\0\0\x40\0\0\0\x28\0\0\0\x3c\x3d\0\0\
\x01\0\0\x04\x04\0\0\0\x4c\x1f\0\0\x16\0\0\0\0\0\0\0\0\0\0\0\0\0\0\x02\xc9\x02\
\0\0\0\0\0\0\x01\0\0\x0d\0\0\0\0\0\0\0\0\x19\0\0\0\0\0\0\0\0\0\0\x02\x16\0\0\0\
\0\0\0\0\0\0\0\x02\xcc\x02\0\0\x55\x3d\0\0\x06\0\0\x04\x40\0\0\0\x65\x3d\0\0\
\x8a\0\0\0\0\0\0\0\x6f\x3d\0\0\x0f\0\0\0\x40\0\0\0\x7a\x3d\0\0\x2c\0\0\0\x80\0\
\0\0\x82\x3d\0\0\x5a\0\0\0\0\x01\0\0\x8b\x3d\0\0\x5a\0\0\0\x40\x01\0\0\x99\x3d\
\0\0\x2c\0\0\0\x80\x01\0\0\0\0\0\0\0\0\0\x03\0\0\0\0\xcb\x02\0\0\x04\0\0\0\x01\
\0\0\0\0\0\0\0\0\0\0\x02\xcf\x02\0\0\0\0\0\0\x02\0\0\x0d\0\0\0\0\0\0\0\0\xa8\
\x01\0\0\0\0\0\0\xa8\x01\0\0\0\0\0\0\0\0\0\x02\xd1\x02\0\0\0\0\0\0\x04\0\0\x0d\
\x19\0\0\0\0\0\0\0\xc9\x01\0\0\0\0\0\0\x95\x02\0\0\0\0\0\0\x02\0\0\0\0\0\0\0\
\x77\0\0\0\0\0\0\0\0\0\0\x02\xd3\x02\0\0\0\0\0\0\x03\0\0\x0d\x44\0\0\0\0\0\0\0\
\xc9\x01\0\0\0\0\0\0\xd4\x02\0\0\0\0\0\0\x0f\0\0\0\0\0\0\0\0\0\0\x02\xd5\x02\0\
\0\x9e\x3d\0\0\x07\0\0\x04\x38\0\0\0\xb1\x3d\0\0\xc9\x01\0\0\0\0\0\0\x2a\0\0\0\
\xd6\x02\0\0\x40\0\0\0\xb7\x3d\0\0\x0f\0\0\0\x80\0\0\0\xcd\x19\0\0\x0f\0\0\0\
\xc0\0\0\0\xbe\x3d\0\0\x10\0\0\0\0\x01\0\0\0\0\0\0\xd7\x02\0\0\x40\x01\0\0\x2f\
\x27\0\0\x02\0\0\0\x80\x01\0\0\0\0\0\0\0\0\0\x02\xf2\x02\0\0\0\0\0\0\x02\0\0\
\x05\x08\0\0\0\xc8\x3d\0\0\x19\0\0\0\0\0\0\0\xc7\x1c\0\0\x0f\0\0\0\0\0\0\0\0\0\
\0\0\0\0\0\x02\xd9\x02\0\0\0\0\0\0\x01\0\0\x0d\x02\0\0\0\0\0\0\0\x2d\0\0\0\0\0\
\0\0\0\0\0\x02\xdb\x02\0\0\0\0\0\0\x02\0\0\x0d\x02\0\0\0\0\0\0\0\xc9\x01\0\0\0\
\0\0\0\x10\0\0\0\xcd\x3d\0\0\x06\0\0\x06\x04\0\0\0\xde\x3d\0\0\xfc\xff\xff\xff\
\xf4\x3d\0\0\xfd\xff\xff\xff\x0a\x3e\0\0\xfe\xff\xff\xff\x21\x3e\0\0\xff\xff\
\xff\xff\x36\x3e\0\0\0\0\0\0\x50\x3e\0\0\x01\0\0\0\x68\x3e\0\0\0\0\0\x08\xde\
\x02\0\0\0\0\0\0\x01\0\0\x04\x08\0\0\0\x04\x27\0\0\xac\x01\0\0\0\0\0\0\x72\x3e\
\0\0\x3b\0\0\x84\x80\0\0\0\x19\0\0\0\x15\0\0\0\0\0\0\0\xcd\x19\0\0\x15\0\0\0\
\x20\0\0\0\x82\x3e\0\0\x11\0\0\0\x40\0\0\0\0\0\0\0\xe0\x02\0\0\x80\0\0\0\x89\
\x3e\0\0\x11\0\0\0\xc0\0\0\0\x95\x3e\0\0\x11\0\0\0\0\x01\0\0\xa1\x3e\0\0\x11\0\
\0\0\x40\x01\0\x01\xaa\x3e\0\0\x11\0\0\0\x41\x01\0\x01\x5c\x1a\0\0\x11\0\0\0\
\x42\x01\0\x01\xb2\x3e\0\0\x11\0\0\0\x43\x01\0\x01\xbc\x3e\0\0\x11\0\0\0\x44\
\x01\0\x01\xc9\x3e\0\0\x11\0\0\0\x45\x01\0\x01\xd8\x3e\0\0\x11\0\0\0\x46\x01\0\
\x01\xe3\x3e\0\0\x11\0\0\0\x47\x01\0\x01\x1c\x15\0\0\x11\0\0\0\x48\x01\0\x01\
\xd7\x05\0\0\x11\0\0\0\x49\x01\0\x01\xf0\x3e\0\0\x11\0\0\0\x4a\x01\0\x01\xf5\
\x3e\0\0\x11\0\0\0\x4b\x01\0\x01\x02\x3f\0\0\x11\0\0\0\x4c\x01\0\x01\x87\x26\0\
\0\x11\0\0\0\x4d\x01\0\x01\x11\x3f\0\0\x11\0\0\0\x4e\x01\0\x01\x1b\x3f\0\0\x11\
\0\0\0\x4f\x01\0\x02\x26\x3f\0\0\x11\0\0\0\x51\x01\0\x01\x30\x3f\0\0\x11\0\0\0\
\x52\x01\0\x01\x3e\x3f\0\0\x11\0\0\0\x53\x01\0\x01\x4b\x3f\0\0\x11\0\0\0\x54\
\x01\0\x01\x59\x3f\0\0\x11\0\0\0\x55\x01\0\x01\x72\x3f\0\0\x11\0\0\0\x56\x01\0\
\x01\x89\x3f\0\0\x11\0\0\0\x57\x01\0\x01\x8f\x3f\0\0\x11\0\0\0\x58\x01\0\x01\
\x99\x3f\0\0\x11\0\0\0\x59\x01\0\x01\xa5\x3f\0\0\x11\0\0\0\x5a\x01\0\x01\xb4\
\x3f\0\0\x11\0\0\0\x5b\x01\0\x01\xc3\x3f\0\0\x11\0\0\0\x5c\x01\0\x01\xce\x3f\0\
\0\x11\0\0\0\x5d\x01\0\x01\xd6\x3f\0\0\x11\0\0\0\x5e\x01\0\x01\xe0\x3f\0\0\x11\
\0\0\0\x5f\x01\0\x01\xe3\x12\0\0\x11\0\0\0\x60\x01\0\x01\xeb\x3f\0\0\x11\0\0\0\
\x61\x01\0\x01\x1c\x32\0\0\x11\0\0\0\x62\x01\0\x01\xf5\x3f\0\0\x11\0\0\0\x63\
\x01\0\x01\x04\x40\0\0\x11\0\0\0\x64\x01\0\x01\x13\x40\0\0\x11\0\0\0\x65\x01\0\
\x01\x1b\x40\0\0\x11\0\0\0\x66\x01\0\x1a\0\0\0\0\xe1\x02\0\0\x80\x01\0\0\x28\
\x40\0\0\x15\0\0\0\xa0\x01\0\0\0\0\0\0\xe2\x02\0\0\xc0\x01\0\0\0\0\0\0\xe3\x02\
\0\0\0\x02\0\0\x30\x40\0\0\x11\0\0\0\x40\x02\0\0\x43\x40\0\0\x11\0\0\0\x80\x02\
\0\0\x54\x40\0\0\x15\0\0\0\xc0\x02\0\0\xda\x1b\0\0\xff\0\0\0\xe0\x02\0\0\x66\
\x40\0\0\x11\0\0\0\0\x03\0\0\x77\x40\0\0\x15\0\0\0\x40\x03\0\0\x85\x40\0\0\x23\
\0\0\0\x60\x03\0\0\x96\x40\0\0\x23\0\0\0\x70\x03\0\0\xa3\x40\0\0\x15\0\0\0\x80\
\x03\0\0\xb3\x40\0\0\x15\0\0\0\xa0\x03\0\0\xc0\x40\0\0\x11\0\0\0\xc0\x03\0\0\0\
\0\0\0\x02\0\0\x05\x08\0\0\0\xc9\x40\0\0\x11\0\0\0\0\0\0\0\xd7\x40\0\0\x11\0\0\
\0\0\0\0\0\0\0\0\0\x02\0\0\x05\x04\0\0\0\xe3\x40\0\0\x15\0\0\0\0\0\0\0\xf1\x40\
\0\0\x15\0\0\0\0\0\0\0\0\0\0\0\x04\0\0\x05\x08\0\0\0\x02\x41\0\0\x11\0\0\0\0\0\
\0\0\x0a\x41\0\0\x11\0\0\0\0\0\0\0\x16\x41\0\0\x11\0\0\0\0\0\0\0\x22\x41\0\0\
\x11\0\0\0\0\0\0\0\0\0\0\0\x04\0\0\x05\x08\0\0\0\x2a\x41\0\0\x11\0\0\0\0\0\0\0\
\x31\x41\0\0\x11\0\0\0\0\0\0\0\x3d\x41\0\0\x11\0\0\0\0\0\0\0\x4a\x41\0\0\x11\0\
\0\0\0\0\0\0\x52\x41\0\0\x0c\0\0\x04\xc0\0\0\0\0\0\0\0\xe5\x02\0\0\0\0\0\0\x60\
\x41\0\0\x25\0\0\0\0\x03\0\0\xe3\x2a\0\0\x19\0\0\0\x40\x03\0\0\x03\x2b\0\0\x0f\
\0\0\0\x80\x03\0\0\x0d\x12\0\0\x02\0\0\0\xc0\x03\0\0\x67\x41\0\0\xdd\x02\0\0\0\
\x04\0\0\xc9\x40\0\0\x10\0\0\0\x40\x04\0\0\0\0\0\0\xef\x02\0\0\x80\x04\0\0\x72\
\x41\0\0\x10\0\0\0\0\x05\0\0\x81\x41\0\0\x10\0\0\0\x40\x05\0\0\x8c\x41\0\0\x10\
\0\0\0\x80\x05\0\0\x9c\x41\0\0\x10\0\0\0\xc0\x05\0\0\0\0\0\0\x06\0\0\x05\x60\0\
\0\0\0\0\0\0\xe6\x02\0\0\0\0\0\0\0\0\0\0\xe8\x02\0\0\0\0\0\0\0\0\0\0\xe9\x02\0\
\0\0\0\0\0\0\0\0\0\xea\x02\0\0\0\0\0\0\0\0\0\0\xeb\x02\0\0\0\0\0\0\0\0\0\0\xee\
\x02\0\0\0\0\0\0\0\0\0\0\x0a\0\0\x04\x60\0\0\0\x82\x3e\0\0\x10\0\0\0\0\0\0\0\
\xad\x41\0\0\x10\0\0\0\x40\0\0\0\xb6\x41\0\0\x0f\0\0\0\x80\0\0\0\xc2\x41\0\0\
\x0f\0\0\0\xc0\0\0\0\xcd\x41\0\0\x02\0\0\0\0\x01\0\0\xde\x41\0\0\x02\0\0\0\x20\
\x01\0\0\xe2\x41\0\0\x02\0\0\0\x40\x01\0\0\xac\0\0\0\x02\0\0\0\x60\x01\0\0\xeb\
\x41\0\0\xe7\x02\0\0\x80\x01\0\0\xf5\x41\0\0\xe7\x02\0\0\x40\x02\0\0\0\x42\0\0\
\x04\0\0\x04\x18\0\0\0\x82\x3e\0\0\x10\0\0\0\0\0\0\0\x14\x42\0\0\x16\0\0\0\x40\
\0\0\0\x18\x42\0\0\x02\0\0\0\x60\0\0\0\xde\x41\0\0\x02\0\0\0\x80\0\0\0\0\0\0\0\
\x01\0\0\x04\x40\0\0\0\xe5\x11\0\0\x4a\0\0\0\0\0\0\0\0\0\0\0\x01\0\0\x04\x10\0\
\0\0\x1e\x42\0\0\x2c\0\0\0\0\0\0\0\0\0\0\0\x02\0\0\x04\x10\0\0\0\x26\x42\0\0\
\x10\0\0\0\0\0\0\0\x2e\x42\0\0\x10\0\0\0\x40\0\0\0\0\0\0\0\x02\0\0\x04\x28\0\0\
\0\x9d\x21\0\0\xec\x02\0\0\0\0\0\0\x33\x42\0\0\x2c\0\0\0\xc0\0\0\0\x3b\x42\0\0\
\x03\0\0\x04\x18\0\0\0\x4e\x42\0\0\x10\0\0\0\0\0\0\0\x56\x42\0\0\x10\0\0\0\x40\
\0\0\0\x5e\x42\0\0\xed\x02\0\0\x80\0\0\0\x63\x42\0\0\x05\0\0\x84\x04\0\0\0\x54\
\x28\0\0\x14\0\0\0\0\0\0\x13\x7b\x42\0\0\x14\0\0\0\x13\0\0\x08\x19\0\0\0\x14\0\
\0\0\x1b\0\0\x02\x7f\x42\0\0\x14\0\0\0\x1d\0\0\x02\x89\x42\0\0\x14\0\0\0\x1f\0\
\0\x01\0\0\0\0\x05\0\0\x04\x18\0\0\0\x91\x42\0\0\x40\0\0\0\0\0\0\0\x9c\x42\0\0\
\x40\0\0\0\x08\0\0\0\xa7\x42\0\0\x22\0\0\0\x10\0\0\0\xaf\x42\0\0\x10\0\0\0\x40\
\0\0\0\xb4\x42\0\0\x10\0\0\0\x80\0\0\0\0\0\0\0\x02\0\0\x05\x10\0\0\0\0\0\0\0\
\xf0\x02\0\0\0\0\0\0\0\0\0\0\xf1\x02\0\0\0\0\0\0\0\0\0\0\x02\0\0\x04\x10\0\0\0\
\xba\x42\0\0\x10\0\0\0\0\0\0\0\xc6\x42\0\0\xdd\x02\0\0\x40\0\0\0\0\0\0\0\x02\0\
\0\x04\x10\0\0\0\xd2\x42\0\0\x10\0\0\0\0\0\0\0\xdf\x42\0\0\x10\0\0\0\x40\0\0\0\
\xeb\x42\0\0\x21\0\0\x04\xf0\0\0\0\x7e\x26\0\0\x1a\0\0\0\0\0\0\0\xa4\x13\0\0\
\x62\0\0\0\x40\0\0\0\xf7\x42\0\0\x02\0\0\0\xc0\0\0\0\0\x43\0\0\x02\0\0\0\xe0\0\
\0\0\x0a\x43\0\0\x02\0\0\0\0\x01\0\0\xbc\x1b\0\0\x1c\0\0\0\x20\x01\0\0\xc7\x1c\
\0\0\xac\x01\0\0\x40\x01\0\0\x11\x43\0\0\x16\0\0\0\x80\x01\0\0\x98\x1b\0\0\xac\
\x01\0\0\xc0\x01\0\0\xb7\x3d\0\0\xac\x01\0\0\0\x02\0\0\x16\x43\0\0\xac\x01\0\0\
\x40\x02\0\0\x11\x3f\0\0\x44\0\0\0\x80\x02\0\0\x77\x40\0\0\x44\0\0\0\xc0\x02\0\
\0\x1b\x43\0\0\x8a\0\0\0\0\x03\0\0\x07\x26\0\0\x2c\0\0\0\x40\x03\0\0\x2f\x2a\0\
\0\x1c\0\0\0\xc0\x03\0\0\x26\x43\0\0\x0f\0\0\0\0\x04\0\0\x32\x43\0\0\x5b\x01\0\
\0\x40\x04\0\0\x3c\x43\0\0\x44\0\0\0\x80\x04\0\0\x45\x43\0\0\x16\0\0\0\xc0\x04\
\0\0\x4e\x43\0\0\x44\0\0\0\0\x05\0\0\x59\x43\0\0\x0f\0\0\0\x40\x05\0\0\x63\x43\
\0\0\x02\0\0\0\x80\x05\0\0\x70\x43\0\0\x02\0\0\0\xa0\x05\0\0\x7e\x43\0\0\x1c\0\
\0\0\xc0\x05\0\0\x8d\x43\0\0\x0f\0\0\0\0\x06\0\0\xc7\x2c\0\0\xc8\x02\0\0\x40\
\x06\0\0\x9d\x43\0\0\x1a\0\0\0\x80\x06\0\0\xaa\x43\0\0\x02\0\0\0\xa0\x06\0\0\
\xba\x43\0\0\x95\x02\0\0\xc0\x06\0\0\xc4\x43\0\0\x19\0\0\0\0\x07\0\0\xcd\x43\0\
\0\xf3\x02\0\0\x40\x07\0\0\xd7\x43\0\0\xf4\x02\0\0\x80\x07\0\0\0\0\0\0\0\0\0\
\x02\x65\x07\0\0\0\0\0\0\0\0\0\x03\0\0\0\0\x19\0\0\0\x04\0\0\0\0\0\0\0\xe2\x43\
\0\0\x02\0\0\x04\x18\0\0\0\xed\x11\0\0\x1e\0\0\0\0\0\0\0\x69\x13\0\0\xf6\x02\0\
\0\x80\0\0\0\0\0\0\0\0\0\0\x02\xf7\x02\0\0\0\0\0\0\x01\0\0\x0d\0\0\0\0\0\0\0\0\
\xf8\x02\0\0\0\0\0\0\0\0\0\x02\xf5\x02\0\0\xeb\x43\0\0\x03\0\0\x04\x18\0\0\0\
\x96\x12\0\0\x2c\0\0\0\0\0\0\0\x7e\x10\0\0\x3a\0\0\0\x80\0\0\0\x02\x44\0\0\x16\
\0\0\0\xa0\0\0\0\0\0\0\0\0\0\0\x02\x66\x07\0\0\x12\x44\0\0\x0c\0\0\x04\x88\0\0\
\0\x20\x44\0\0\xfc\x02\0\0\0\0\0\0\x92\x12\0\0\x62\0\0\0\xc0\0\0\0\x24\x44\0\0\
\x16\0\0\0\x40\x01\0\0\x32\x44\0\0\x25\0\0\0\x80\x01\0\0\x3f\x44\0\0\x47\x02\0\
\0\xc0\x01\0\0\x74\x1c\0\0\x16\0\0\0\0\x02\0\0\xa2\x04\0\0\xe6\0\0\0\x40\x02\0\
\0\xf2\x16\0\0\xb6\0\0\0\x80\x02\0\0\x11\x1e\0\0\x7d\x01\0\0\xc0\x02\0\0\x4a\
\x44\0\0\x02\0\0\0\0\x03\0\0\xd1\x1c\0\0\x63\x01\0\0\x40\x03\0\0\x51\x44\0\0\
\x02\0\0\0\0\x04\0\0\x20\x44\0\0\x03\0\0\x04\x18\0\0\0\x64\x44\0\0\xa6\x02\0\0\
\0\0\0\0\x6b\x44\0\0\x16\0\0\0\x80\0\0\0\x74\x44\0\0\x16\0\0\0\xa0\0\0\0\0\0\0\
\0\0\0\0\x02\xfe\x02\0\0\0\0\0\0\x01\0\0\x0d\x10\0\0\0\0\0\0\0\0\0\0\0\x7d\x44\
\0\0\0\0\0\x08\0\x03\0\0\0\0\0\0\0\0\0\x02\x01\x03\0\0\0\0\0\0\x03\0\0\x0d\0\0\
\0\0\0\0\0\0\xc9\x01\0\0\0\0\0\0\x02\x03\0\0\0\0\0\0\x0e\x03\0\0\0\0\0\0\0\0\0\
\x02\x03\x03\0\0\x95\x44\0\0\x17\0\0\x04\0\x01\0\0\xc8\x3d\0\0\x10\0\0\0\0\0\0\
\0\xa6\x44\0\0\x04\x03\0\0\x40\0\0\0\xaa\x44\0\0\x05\x03\0\0\x80\0\0\0\xb2\x13\
\0\0\x10\0\0\0\xc0\0\0\0\x3a\x0c\0\0\x06\x03\0\0\0\x01\0\0\xb3\x44\0\0\x10\0\0\
\0\x40\x01\0\0\xb7\x44\0\0\x08\x03\0\0\x80\x01\0\0\x19\0\0\0\x10\0\0\0\xc0\x01\
\0\0\xc0\x44\0\0\x10\0\0\0\0\x02\0\0\xc3\x44\0\0\x0a\x03\0\0\x40\x02\0\0\xce\
\x1b\0\0\x10\0\0\0\x80\x02\0\0\x03\x13\0\0\x10\0\0\0\xc0\x02\0\0\xcd\x44\0\0\
\x10\0\0\0\0\x03\0\0\xd7\x44\0\0\x0b\x03\0\0\x40\x03\0\0\xe1\x44\0\0\x0c\x03\0\
\0\x80\x03\0\0\xeb\x44\0\0\x10\0\0\0\xc0\x03\0\0\xf4\x44\0\0\x0d\x03\0\0\0\x04\
\0\0\xfe\x44\0\0\x0d\x03\0\0\x80\x04\0\0\x08\x45\0\0\x10\0\0\0\0\x05\0\0\x18\
\x45\0\0\x10\0\0\0\x40\x05\0\0\xe3\x12\0\0\x10\0\0\0\x80\x05\0\0\x22\x45\0\0\
\x10\0\0\0\xc0\x05\0\0\x31\x45\0\0\x10\0\0\0\0\x06\0\0\0\0\0\0\0\0\0\x02\x67\
\x07\0\0\0\0\0\0\0\0\0\x02\x68\x07\0\0\x40\x45\0\0\x02\0\0\x05\x08\0\0\0\x99\
\x3d\0\0\x11\0\0\0\0\0\0\0\0\0\0\0\x07\x03\0\0\0\0\0\0\0\0\0\0\x03\0\0\x04\x08\
\0\0\0\x53\x45\0\0\x15\0\0\0\0\0\0\0\x5b\x45\0\0\x23\0\0\0\x20\0\0\0\x62\x45\0\
\0\x23\0\0\0\x30\0\0\0\x69\x45\0\0\x02\0\0\x05\x08\0\0\0\xc5\x10\0\0\x11\0\0\0\
\0\0\0\0\0\0\0\0\x09\x03\0\0\0\0\0\0\0\0\0\0\x0a\0\0\x84\x08\0\0\0\x7b\x45\0\0\
\x11\0\0\0\0\0\0\x05\x82\x45\0\0\x11\0\0\0\x05\0\0\x0e\x8a\x45\0\0\x11\0\0\0\
\x13\0\0\x05\x94\x45\0\0\x11\0\0\0\x18\0\0\x02\x9d\x45\0\0\x11\0\0\0\x1a\0\0\
\x07\xa6\x45\0\0\x11\0\0\0\x21\0\0\x04\xb2\x45\0\0\x11\0\0\0\x25\0\0\x01\xbd\
\x45\0\0\x11\0\0\0\x26\0\0\x02\xc8\x45\0\0\x11\0\0\0\x28\0\0\x03\xd0\x45\0\0\
\x11\0\0\0\x2b\0\0\x15\0\0\0\0\x02\0\0\x04\x08\0\0\0\x80\x04\0\0\x14\0\0\0\0\0\
\0\0\xd9\x45\0\0\x14\0\0\0\x20\0\0\0\0\0\0\0\x02\0\0\x04\x08\0\0\0\xcb\0\0\0\
\x14\0\0\0\0\0\0\0\xdd\x45\0\0\x14\0\0\0\x20\0\0\0\0\0\0\0\0\0\0\x02\x69\x07\0\
\0\xe6\x45\0\0\x02\0\0\x04\x10\0\0\0\xf0\x45\0\0\x11\0\0\0\0\0\0\0\xf4\x45\0\0\
\x0e\x03\0\0\x40\0\0\0\0\0\0\0\0\0\0\x02\x0f\x03\0\0\xf9\x45\0\0\x09\0\0\x04\
\x50\x01\0\0\0\0\0\0\x10\x03\0\0\0\0\0\0\x01\x46\0\0\x10\0\0\0\x80\x08\0\0\x09\
\x46\0\0\xfe\0\0\0\xc0\x08\0\0\x13\x46\0\0\x14\0\0\0\xe0\x08\0\0\x1b\x46\0\0\
\x10\0\0\0\0\x09\0\0\x26\x46\0\0\x10\0\0\0\x40\x09\0\0\x2f\x46\0\0\x15\x03\0\0\
\x80\x09\0\0\x3a\x46\0\0\x10\0\0\0\0\x0a\0\0\x4b\x46\0\0\x10\0\0\0\x40\x0a\0\0\
\0\0\0\0\x02\0\0\x05\x10\x01\0\0\x54\x46\0\0\x11\x03\0\0\0\0\0\0\0\0\0\0\x13\
\x03\0\0\0\0\0\0\x5e\x46\0\0\x04\0\0\x04\x10\x01\0\0\xf4\x45\0\0\x12\x03\0\0\0\
\0\0\0\x0c\x28\0\0\x11\0\0\0\xc0\x07\0\0\x0f\x28\0\0\x11\0\0\0\0\x08\0\0\x6b\
\x46\0\0\x11\0\0\0\x40\x08\0\0\0\0\0\0\0\0\0\x03\0\0\0\0\x11\0\0\0\x04\0\0\0\
\x1f\0\0\0\0\0\0\0\x04\0\0\x04\x10\x01\0\0\xf4\x45\0\0\x14\x03\0\0\0\0\0\0\x0c\
\x28\0\0\x10\0\0\0\xc0\x07\0\0\x0f\x28\0\0\x10\0\0\0\0\x08\0\0\x6b\x46\0\0\x10\
\0\0\0\x40\x08\0\0\0\0\0\0\0\0\0\x03\0\0\0\0\x10\0\0\0\x04\0\0\0\x1f\0\0\0\0\0\
\0\0\0\0\0\x03\0\0\0\0\x10\0\0\0\x04\0\0\0\x02\0\0\0\0\0\0\0\0\0\0\x02\x67\x03\
\0\0\x72\x46\0\0\x0d\0\0\x04\x90\0\0\0\x96\x12\0\0\x2c\0\0\0\0\0\0\0\x83\x46\0\
\0\x18\x03\0\0\x80\0\0\0\0\0\0\0\x19\x03\0\0\xc0\0\0\0\xb1\x3d\0\0\x1b\x03\0\0\
\0\x01\0\0\x89\x46\0\0\x19\x01\0\0\x80\x02\0\0\xf8\x24\0\0\x1d\x03\0\0\xc0\x02\
\0\0\0\0\0\0\x1e\x03\0\0\0\x03\0\0\x52\x13\0\0\x19\0\0\0\x40\x03\0\0\xac\0\0\0\
\x02\0\0\0\x80\x03\0\0\x93\x46\0\0\x02\0\0\0\xa0\x03\0\0\xa1\x46\0\0\xa4\0\0\0\
\xc0\x03\0\0\xad\x46\0\0\x1f\x03\0\0\0\x04\0\0\xb8\x46\0\0\x20\x03\0\0\x40\x04\
\0\0\0\0\0\0\0\0\0\x02\x27\x07\0\0\0\0\0\0\x02\0\0\x05\x08\0\0\0\x6e\x1f\0\0\
\x19\x01\0\0\0\0\0\0\xc2\x46\0\0\x1a\x03\0\0\0\0\0\0\0\0\0\0\0\0\0\x02\x25\x07\
\0\0\xc5\x46\0\0\x04\0\0\x04\x30\0\0\0\xed\x11\0\0\xe8\0\0\0\0\0\0\0\x96\x12\0\
\0\x2c\0\0\0\x80\0\0\0\x19\0\0\0\x02\0\0\0\0\x01\0\0\xd1\x46\0\0\x1c\x03\0\0\
\x40\x01\0\0\0\0\0\0\0\0\0\x02\x28\x07\0\0\0\0\0\0\0\0\0\x02\x22\x03\0\0\0\0\0\
\0\x02\0\0\x05\x08\0\0\0\x90\x2b\0\0\x19\0\0\0\0\0\0\0\xed\x12\0\0\x1c\0\0\0\0\
\0\0\0\0\0\0\0\0\0\0\x02\x65\x03\0\0\0\0\0\0\0\0\0\x02\x21\x03\0\0\0\0\0\0\x02\
\0\0\x0d\x02\0\0\0\0\0\0\0\x1c\x02\0\0\0\0\0\0\xc9\x01\0\0\xd7\x46\0\0\x02\0\0\
\x04\x10\0\0\0\x64\x2b\0\0\x23\x03\0\0\0\0\0\0\xe4\x46\0\0\x19\x01\0\0\x40\0\0\
\0\0\0\0\0\0\0\0\x02\x29\x07\0\0\x7d\x2b\0\0\x0b\0\0\x04\xb0\0\0\0\x69\x13\0\0\
\x25\x03\0\0\0\0\0\0\x60\x0b\0\0\x28\x03\0\0\x40\0\0\0\xac\0\0\0\x0f\0\0\0\x80\
\0\0\0\x24\x21\0\0\x19\0\0\0\xc0\0\0\0\xf2\x46\0\0\x25\x03\0\0\0\x01\0\0\xfd\
\x46\0\0\x2b\x03\0\0\x40\x01\0\0\x08\x47\0\0\x2e\x03\0\0\xc0\x02\0\0\x12\x47\0\
\0\x2b\x03\0\0\0\x03\0\0\x1b\x47\0\0\x0f\0\0\0\x80\x04\0\0\x26\x47\0\0\x0f\0\0\
\0\xc0\x04\0\0\x96\x12\0\0\x2c\0\0\0\0\x05\0\0\x36\x47\0\0\0\0\0\x08\x26\x03\0\
\0\0\0\0\0\0\0\0\x02\x27\x03\0\0\0\0\0\0\x04\0\0\x0d\0\0\0\0\0\0\0\0\x0f\0\0\0\
\0\0\0\0\x0f\0\0\0\0\0\0\0\x28\x03\0\0\0\0\0\0\x29\x03\0\0\0\0\0\0\0\0\0\x02\
\x24\x03\0\0\0\0\0\0\0\0\0\x02\x2a\x03\0\0\x44\x47\0\0\x01\0\0\x04\x50\x01\0\0\
\xf4\x45\0\0\x0f\x03\0\0\0\0\0\0\x50\x47\0\0\x03\0\0\x04\x30\0\0\0\x60\x47\0\0\
\x2c\x03\0\0\0\0\0\0\x6d\x47\0\0\x2c\x03\0\0\x40\0\0\0\x79\x47\0\0\x8f\0\0\0\
\x80\0\0\0\0\0\0\0\0\0\0\x02\x2d\x03\0\0\x84\x47\0\0\x05\0\0\x04\x30\0\0\0\x90\
\x47\0\0\x0f\0\0\0\0\0\0\0\x9a\x47\0\0\xa4\0\0\0\x40\0\0\0\xd9\x0a\0\0\x0f\0\0\
\0\x80\0\0\0\xac\0\0\0\x0f\0\0\0\xc0\0\0\0\x92\x12\0\0\x62\0\0\0\0\x01\0\0\0\0\
\0\0\0\0\0\x02\x2b\x03\0\0\0\0\0\0\0\0\0\x03\0\0\0\0\xc9\x01\0\0\x04\0\0\0\x10\
\0\0\0\xa2\x47\0\0\x05\0\0\x04\x50\0\0\0\xb4\x47\0\0\x31\x03\0\0\0\0\0\0\xb9\
\x47\0\0\x31\x03\0\0\x80\0\0\0\xbe\x47\0\0\x31\x03\0\0\0\x01\0\0\xc3\x47\0\0\
\x31\x03\0\0\x80\x01\0\0\xc8\x47\0\0\x31\x03\0\0\0\x02\0\0\xcd\x47\0\0\x02\0\0\
\x04\x10\0\0\0\xd9\x47\0\0\x0f\0\0\0\0\0\0\0\xdc\x47\0\0\x0f\0\0\0\x40\0\0\0\
\xdf\x47\0\0\x01\0\0\x04\x10\0\0\0\xb4\x47\0\0\x31\x03\0\0\0\0\0\0\x22\x06\0\0\
\x09\0\0\x04\x48\0\0\0\xd9\x0a\0\0\x1c\0\0\0\0\0\0\0\x2b\x4f\0\0\x34\x03\0\0\
\x40\0\0\0\x32\x4f\0\0\x35\x03\0\0\x80\0\0\0\x39\x4f\0\0\x36\x03\0\0\xc0\0\0\0\
\x40\x4f\0\0\xe6\0\0\0\0\x01\0\0\x54\x4f\0\0\x37\x03\0\0\x40\x01\0\0\x5b\x4f\0\
\0\x38\x03\0\0\x80\x01\0\0\x63\x4f\0\0\x38\x03\0\0\xc0\x01\0\0\x78\x4f\0\0\x3b\
\x03\0\0\0\x02\0\0\0\0\0\0\0\0\0\x02\xca\x06\0\0\0\0\0\0\0\0\0\x02\x85\x03\0\0\
\0\0\0\0\0\0\0\x02\x3c\x03\0\0\0\0\0\0\0\0\0\x02\x47\x04\0\0\0\0\0\0\0\0\0\x02\
\x39\x03\0\0\x82\x4f\0\0\x06\0\0\x04\x58\0\0\0\xf2\x16\0\0\xb6\0\0\0\0\0\0\0\
\x11\x1e\0\0\x7d\x01\0\0\x40\0\0\0\xd1\x1c\0\0\x63\x01\0\0\x80\0\0\0\x91\x4f\0\
\0\x3a\x03\0\0\x40\x01\0\0\x99\x4f\0\0\xb4\x01\0\0\x40\x02\0\0\xa3\x4f\0\0\x77\
\0\0\0\x80\x02\0\0\xb2\x4f\0\0\x02\0\0\x04\x20\0\0\0\xc1\x4f\0\0\xf0\x01\0\0\0\
\0\0\0\xcb\x4f\0\0\xf0\x01\0\0\x80\0\0\0\0\0\0\0\0\0\0\x02\x3e\x03\0\0\x1f\x50\
\0\0\x0b\0\0\x04\x78\0\0\0\xd1\x1c\0\0\x63\x01\0\0\0\0\0\0\xab\x22\0\0\x3d\x03\
\0\0\xc0\0\0\0\x96\x12\0\0\x2c\0\0\0\0\x01\0\0\x2d\x50\0\0\x8a\0\0\0\x80\x01\0\
\0\xf2\x16\0\0\xb6\0\0\0\xc0\x01\0\0\x11\x1e\0\0\x7d\x01\0\0\0\x02\0\0\x35\x50\
\0\0\x10\0\0\0\x40\x02\0\0\xbc\x1b\0\0\xe3\0\0\0\x80\x02\0\0\xb1\x3d\0\0\x10\0\
\0\0\x40\x03\0\0\x39\x50\0\0\x16\0\0\0\x80\x03\0\0\x40\x50\0\0\x16\0\0\0\xa0\
\x03\0\0\0\0\0\0\0\0\0\x02\xdf\x06\0\0\x9f\x50\0\0\x04\0\0\x04\x30\0\0\0\xd1\
\x1c\0\0\x63\x01\0\0\0\0\0\0\xf2\x16\0\0\xb6\0\0\0\xc0\0\0\0\x11\x1e\0\0\x7d\
\x01\0\0\0\x01\0\0\xb0\x50\0\0\xa4\x01\0\0\x40\x01\0\0\xba\x50\0\0\x16\0\0\x04\
\xa8\x01\0\0\xc2\x50\0\0\x40\x03\0\0\0\0\0\0\x7e\x26\0\0\x1a\0\0\0\xc0\x01\0\0\
\xc9\x50\0\0\xa4\x01\0\0\0\x02\0\0\xd2\x50\0\0\x55\0\0\0\x40\x02\0\0\xdb\x50\0\
\0\x02\0\0\0\x80\x02\0\0\x15\x03\0\0\x2c\0\0\0\xc0\x02\0\0\xe4\x50\0\0\x2c\0\0\
\0\x40\x03\0\0\xed\x50\0\0\x2c\0\0\0\xc0\x03\0\0\xf9\x50\0\0\x2c\0\0\0\x40\x04\
\0\0\x04\x51\0\0\x4e\x03\0\0\xc0\x04\0\0\x10\x51\0\0\x2c\0\0\0\x40\x08\0\0\x1f\
\x51\0\0\x2c\0\0\0\xc0\x08\0\0\x33\x51\0\0\xe8\0\0\0\x40\x09\0\0\x39\x51\0\0\
\x2c\0\0\0\xc0\x09\0\0\x44\x51\0\0\x2c\0\0\0\x40\x0a\0\0\x58\x51\0\0\x2c\0\0\0\
\xc0\x0a\0\0\x6c\x51\0\0\x2c\0\0\0\x40\x0b\0\0\x74\x51\0\0\x55\0\0\0\xc0\x0b\0\
\0\x80\x51\0\0\x55\0\0\0\0\x0c\0\0\x8c\x51\0\0\xa4\x01\0\0\x40\x0c\0\0\x98\x51\
\0\0\x77\0\0\0\x80\x0c\0\0\xa4\x13\0\0\x62\0\0\0\xc0\x0c\0\0\0\0\0\0\0\0\0\x03\
\0\0\0\0\x67\0\0\0\x04\0\0\0\x07\0\0\0\xe3\x12\0\0\x26\0\0\x04\x90\x08\0\0\x9d\
\x51\0\0\x54\0\0\0\0\0\0\0\xac\0\0\0\x0f\0\0\0\x40\x06\0\0\x74\x1c\0\0\x02\0\0\
\0\x80\x06\0\0\xa2\x51\0\0\x02\0\0\0\xa0\x06\0\0\xac\x51\0\0\x02\0\0\0\xc0\x06\
\0\0\xbb\x51\0\0\x02\0\0\0\xe0\x06\0\0\xd0\x51\0\0\x02\0\0\0\0\x07\0\0\xe0\x51\
\0\0\x02\0\0\0\x20\x07\0\0\xf3\x51\0\0\x02\0\0\0\x40\x07\0\0\x10\x52\0\0\x02\0\
\0\0\x60\x07\0\0\x2f\x52\0\0\x02\0\0\0\x80\x07\0\0\x44\x52\0\0\xd8\x01\0\0\xc0\
\x07\0\0\x47\x52\0\0\x4c\x03\0\0\0\x08\0\0\x52\x52\0\0\x4c\x03\0\0\xc0\x09\0\0\
\x5e\x52\0\0\x22\0\0\0\x80\x0b\0\0\x6e\x52\0\0\x22\0\0\0\x90\x0b\0\0\x7e\x52\0\
\0\x22\0\0\0\xa0\x0b\0\0\x92\x52\0\0\x22\0\0\0\xb0\x0b\0\0\xc2\x50\0\0\x40\x03\
\0\0\xc0\x0b\0\0\xab\x22\0\0\x4d\x03\0\0\x80\x0d\0\0\xa6\x52\0\0\x2c\0\0\0\xc0\
\x0d\0\0\xb1\x52\0\0\x4e\x03\0\0\x40\x0e\0\0\xb9\x52\0\0\x55\0\0\0\xc0\x11\0\0\
\xc2\x52\0\0\x55\0\0\0\0\x12\0\0\xcf\x52\0\0\x4f\x03\0\0\x40\x12\0\0\xd9\x52\0\
\0\x2c\0\0\0\x80\x12\0\0\xe8\x52\0\0\x50\x03\0\0\0\x13\0\0\xf3\x52\0\0\x50\x03\
\0\0\xc0\x13\0\0\x52\x05\0\0\xed\0\0\0\x80\x14\0\0\xf9\x52\0\0\x2c\0\0\0\x40\
\x15\0\0\x02\x53\0\0\x8f\0\0\0\xc0\x15\0\0\x10\x53\0\0\xe3\0\0\0\xc0\x16\0\0\
\x1e\x53\0\0\x59\0\0\0\x80\x17\0\0\x31\x53\0\0\x52\x03\0\0\x80\x18\0\0\x35\x53\
\0\0\x64\x03\0\0\x40\x2d\0\0\x39\x53\0\0\x1c\0\0\0\xc0\x43\0\0\x4a\x53\0\0\x83\
\x03\0\0\xe0\x43\0\0\x52\x53\0\0\x84\x03\0\0\x80\x44\0\0\x5f\x53\0\0\x0d\0\0\
\x04\x80\0\0\0\xd9\x0a\0\0\x1c\0\0\0\0\0\0\0\x5f\x14\0\0\x1c\0\0\0\x20\0\0\0\
\xa2\x04\0\0\xd8\x01\0\0\x40\0\0\0\x6e\x1f\0\0\xc2\0\0\0\x80\0\0\0\x2a\0\0\0\
\x2a\0\0\0\xc0\0\0\0\xd1\x1c\0\0\x17\0\0\0\x80\x01\0\0\x30\x1f\0\0\x16\0\0\0\
\xc0\x01\0\0\0\0\0\0\x43\x03\0\0\0\x02\0\0\x6b\x53\0\0\x19\0\0\0\0\x03\0\0\x03\
\x13\0\0\x10\0\0\0\x40\x03\0\0\xac\0\0\0\x24\0\0\0\x80\x03\0\0\x70\x24\0\0\x72\
\x01\0\0\x90\x03\0\0\x70\x53\0\0\x4b\x03\0\0\xc0\x03\0\0\0\0\0\0\x03\0\0\x05\
\x20\0\0\0\xdc\x23\0\0\x44\x03\0\0\0\0\0\0\x76\x53\0\0\x46\x03\0\0\0\0\0\0\x9c\
\x29\0\0\x47\x03\0\0\0\0\0\0\x7e\x53\0\0\x04\0\0\x04\x20\0\0\0\x8e\x53\0\0\x0f\
\0\0\0\0\0\0\0\xa9\x04\0\0\x36\0\0\0\x40\0\0\0\xab\x22\0\0\x45\x03\0\0\x80\0\0\
\0\x96\x53\0\0\x0f\0\0\0\xc0\0\0\0\0\0\0\0\0\0\0\x02\xd9\x06\0\0\x9a\x53\0\0\
\x01\0\0\x04\x08\0\0\0\xae\x53\0\0\xd8\x01\0\0\0\0\0\0\xb8\x53\0\0\x04\0\0\x04\
\x20\0\0\0\xbd\x23\0\0\x48\x03\0\0\0\0\0\0\x87\x31\0\0\x4a\x03\0\0\x40\0\0\0\
\xcd\x19\0\0\x91\0\0\0\x80\0\0\0\xc9\x53\0\0\xd8\x01\0\0\xc0\0\0\0\0\0\0\0\0\0\
\0\x02\x49\x03\0\0\0\0\0\0\0\0\0\x0a\x44\x07\0\0\0\0\0\0\0\0\0\x02\x45\x07\0\0\
\0\0\0\0\0\0\0\x02\x46\x07\0\0\xd5\x53\0\0\x03\0\0\x04\x38\0\0\0\x44\x52\0\0\
\xd8\x01\0\0\0\0\0\0\xe1\x53\0\0\x0f\0\0\0\x40\0\0\0\xed\x53\0\0\xb9\x01\0\0\
\x80\0\0\0\0\0\0\0\0\0\0\x02\x47\x07\0\0\0\0\0\0\0\0\0\x03\0\0\0\0\x2c\0\0\0\
\x04\0\0\0\x07\0\0\0\0\0\0\0\0\0\0\x02\x48\x07\0\0\xfa\x53\0\0\x01\0\0\x04\x18\
\0\0\0\x0b\x54\0\0\x51\x03\0\0\0\0\0\0\x13\x54\0\0\x03\0\0\x04\x18\0\0\0\x46\
\x05\0\0\x10\0\0\0\0\0\0\0\x40\x05\0\0\x10\0\0\0\x40\0\0\0\xbf\x0b\0\0\x0a\0\0\
\0\x80\0\0\0\x20\x54\0\0\x14\0\0\x04\x98\x02\0\0\x2a\x54\0\0\x8f\0\0\0\0\0\0\0\
\x34\x54\0\0\x53\x03\0\0\0\x01\0\0\x39\x54\0\0\x54\x03\0\0\x40\x01\0\0\x43\x54\
\0\0\x10\0\0\0\xc0\x02\0\0\x53\x54\0\0\x10\0\0\0\0\x03\0\0\x63\x54\0\0\x55\x03\
\0\0\x40\x03\0\0\x6d\x54\0\0\x61\x03\0\0\0\x06\0\0\x2a\x0c\0\0\x62\x03\0\0\0\
\x09\0\0\x73\x54\0\0\x25\0\0\0\x80\x0d\0\0\x7d\x54\0\0\xb9\x01\0\0\xc0\x0d\0\0\
\x88\x54\0\0\xe3\0\0\0\0\x0f\0\0\x92\x54\0\0\x1c\0\0\0\xc0\x0f\0\0\x9e\x54\0\0\
\x8f\0\0\0\0\x10\0\0\xab\x54\0\0\x2c\0\0\0\0\x11\0\0\xb4\x54\0\0\x63\x03\0\0\
\x80\x11\0\0\xc0\x54\0\0\x14\0\0\0\x40\x12\0\0\xcc\x54\0\0\x10\0\0\0\x80\x12\0\
\0\xdc\x54\0\0\x54\x03\0\0\xc0\x12\0\0\xea\x54\0\0\x10\0\0\0\x40\x14\0\0\xfe\
\x54\0\0\x10\0\0\0\x80\x14\0\0\0\0\0\0\0\0\0\x02\x49\x07\0\0\0\0\0\0\0\0\0\x03\
\0\0\0\0\x10\0\0\0\x04\0\0\0\x06\0\0\0\x0c\x55\0\0\x04\0\0\x04\x58\0\0\0\x9c\
\x13\0\0\x59\0\0\0\0\0\0\0\x19\x55\0\0\xb9\x01\0\0\0\x01\0\0\xa1\x13\0\0\x66\0\
\0\0\x40\x02\0\0\xcb\0\0\0\x02\0\0\0\x80\x02\0\0\x1f\x55\0\0\x15\0\0\x04\x40\
\x01\0\0\x30\x55\0\0\x2c\0\0\0\0\0\0\0\x96\x12\0\0\x2c\0\0\0\x80\0\0\0\xb2\x18\
\0\0\x8f\0\0\0\0\x01\0\0\x35\x55\0\0\x02\0\0\0\0\x02\0\0\x40\x55\0\0\x02\0\0\0\
\x20\x02\0\0\x4c\x55\0\0\x1c\0\0\0\x40\x02\0\0\x5d\x55\0\0\x57\x03\0\0\x80\x02\
\0\0\x6b\x55\0\0\x2c\0\0\0\xc0\x02\0\0\x79\x55\0\0\x2c\0\0\0\x40\x03\0\0\x8a\
\x55\0\0\x2c\0\0\0\xc0\x03\0\0\x92\x55\0\0\x58\x03\0\0\x40\x04\0\0\x9a\x55\0\0\
\x02\0\0\0\x80\x04\0\0\xa6\x55\0\0\x02\0\0\0\xa0\x04\0\0\xb7\x55\0\0\x59\x03\0\
\0\xc0\x04\0\0\xc5\x55\0\0\x5a\x03\0\0\0\x05\0\0\xcd\x55\0\0\x5b\x03\0\0\x40\
\x05\0\0\x6e\x1f\0\0\x5c\x03\0\0\x80\x05\0\0\x92\x12\0\0\x62\0\0\0\x40\x06\0\0\
\xac\0\0\0\x16\0\0\0\0\x08\0\0\xd4\x55\0\0\x5a\x03\0\0\x40\x08\0\0\xdd\x55\0\0\
\x60\x03\0\0\x80\x08\0\0\0\0\0\0\0\0\0\x02\xf5\x06\0\0\0\0\0\0\0\0\0\x02\xf6\
\x06\0\0\0\0\0\0\0\0\0\x02\xf8\x06\0\0\0\0\0\0\0\0\0\x02\x5d\x03\0\0\0\0\0\0\0\
\0\0\x02\xf9\x06\0\0\0\0\0\0\0\0\0\x03\0\0\0\0\xc4\0\0\0\x04\0\0\0\x18\0\0\0\
\xea\x55\0\0\x0d\0\0\x04\0\x01\0\0\xf9\x55\0\0\x5e\x03\0\0\0\0\0\0\xa1\x13\0\0\
\x66\0\0\0\x40\0\0\0\x35\x55\0\0\x02\0\0\0\x80\0\0\0\x40\x55\0\0\x02\0\0\0\xa0\
\0\0\0\xed\x12\0\0\x02\0\0\0\xc0\0\0\0\xfe\x55\0\0\x5f\x03\0\0\xe0\0\0\0\x3a\
\x26\0\0\x02\0\0\0\xe0\x02\0\0\x0b\x56\0\0\x02\0\0\0\0\x03\0\0\x16\x56\0\0\x2c\
\0\0\0\x40\x03\0\0\x25\x56\0\0\x2c\0\0\0\xc0\x03\0\0\x2f\x56\0\0\x2c\0\0\0\x40\
\x04\0\0\x3b\x56\0\0\x59\0\0\0\xc0\x04\0\0\x92\x12\0\0\x62\0\0\0\xc0\x05\0\0\0\
\0\0\0\0\0\0\x02\xf7\x06\0\0\0\0\0\0\0\0\0\x03\0\0\0\0\x02\0\0\0\x04\0\0\0\x10\
\0\0\0\0\0\0\0\0\0\0\x03\0\0\0\0\x5a\x03\0\0\x04\0\0\0\0\0\0\0\0\0\0\0\0\0\0\
\x03\0\0\0\0\x10\0\0\0\x04\0\0\0\x0c\0\0\0\0\0\0\0\0\0\0\x03\0\0\0\0\x0f\0\0\0\
\x04\0\0\0\x12\0\0\0\0\0\0\0\0\0\0\x03\0\0\0\0\x14\0\0\0\x04\0\0\0\x06\0\0\0\
\x50\x56\0\0\x07\0\0\x04\xd0\x02\0\0\x5b\x56\0\0\x80\x03\0\0\0\0\0\0\x65\x56\0\
\0\x81\x03\0\0\xc0\x05\0\0\xac\0\0\0\x82\x03\0\0\x40\x11\0\0\x6b\x56\0\0\x2c\0\
\0\0\x40\x14\0\0\x74\x56\0\0\x1f\x03\0\0\xc0\x14\0\0\xed\x12\0\0\x57\0\0\0\0\
\x15\0\0\x7d\x56\0\0\x59\0\0\0\x80\x15\0\0\x8a\x56\0\0\x02\0\0\x04\x10\0\0\0\
\x92\x12\0\0\x62\0\0\0\0\0\0\0\x99\x56\0\0\x7f\x03\0\0\x80\0\0\0\x9f\x56\0\0\
\x02\0\0\x04\x18\0\0\0\x64\x2b\0\0\x16\x03\0\0\0\0\0\0\0\0\0\0\x77\x03\0\0\x40\
\0\0\0\xb3\x56\0\0\x19\0\0\x84\x48\0\0\0\xa9\x38\0\0\x22\0\0\0\0\0\0\0\xbc\x56\
\0\0\x22\0\0\0\x10\0\0\x01\xc2\x56\0\0\x22\0\0\0\x11\0\0\x01\xd0\x56\0\0\x22\0\
\0\0\x12\0\0\x01\xdf\x56\0\0\x22\0\0\0\x13\0\0\x01\xe9\x56\0\0\x22\0\0\0\x14\0\
\0\x01\xf4\x56\0\0\x22\0\0\0\x15\0\0\x01\xfc\x56\0\0\x22\0\0\0\x16\0\0\x01\x04\
\x57\0\0\x22\0\0\0\x17\0\0\x01\x14\x57\0\0\x22\0\0\0\x18\0\0\x01\x26\x57\0\0\
\x22\0\0\0\x19\0\0\x01\x43\x57\0\0\x22\0\0\0\x1a\0\0\x01\x52\x57\0\0\x22\0\0\0\
\x1b\0\0\x01\x19\0\0\0\x68\x03\0\0\x20\0\0\0\x63\x57\0\0\x69\x03\0\0\x40\0\0\0\
\x7b\x42\0\0\x14\0\0\0\x60\0\0\0\x78\x57\0\0\x14\0\0\0\x80\0\0\0\x82\x57\0\0\
\x6a\x03\0\0\xa0\0\0\0\x86\x57\0\0\x6b\x03\0\0\0\x01\0\0\x5f\x14\0\0\xec\0\0\0\
\x40\x01\0\0\x8c\x57\0\0\x6c\x03\0\0\x80\x01\0\0\x95\x57\0\0\x72\x03\0\0\xc0\
\x01\0\0\x99\x57\0\0\x73\x03\0\0\0\x02\0\0\xa3\x57\0\0\x75\x03\0\0\x40\x02\0\0\
\xa9\x57\0\0\x76\x03\0\0\x40\x02\0\0\xb0\x57\0\0\x20\0\0\x06\x04\0\0\0\xbe\x57\
\0\0\0\0\0\0\xd3\x57\0\0\x01\0\0\0\xef\x57\0\0\x02\0\0\0\x04\x58\0\0\x03\0\0\0\
\x1c\x58\0\0\x04\0\0\0\x34\x58\0\0\x05\0\0\0\x4d\x58\0\0\x06\0\0\0\x5f\x58\0\0\
\x07\0\0\0\x78\x58\0\0\x08\0\0\0\x91\x58\0\0\x09\0\0\0\xab\x58\0\0\x0a\0\0\0\
\xc0\x58\0\0\x0b\0\0\0\xd6\x58\0\0\x0c\0\0\0\xed\x58\0\0\x0d\0\0\0\x04\x59\0\0\
\x0e\0\0\0\x19\x59\0\0\x0f\0\0\0\x35\x59\0\0\x10\0\0\0\x4a\x59\0\0\x11\0\0\0\
\x67\x59\0\0\x12\0\0\0\x86\x59\0\0\x13\0\0\0\xa2\x59\0\0\x14\0\0\0\xbb\x59\0\0\
\x15\0\0\0\xd6\x59\0\0\x16\0\0\0\xf3\x59\0\0\x17\0\0\0\x0f\x5a\0\0\x18\0\0\0\
\x35\x5a\0\0\x19\0\0\0\x52\x5a\0\0\x1a\0\0\0\x68\x5a\0\0\x1b\0\0\0\x81\x5a\0\0\
\x1c\0\0\0\x93\x5a\0\0\x1d\0\0\0\xa5\x5a\0\0\x1e\0\0\0\xbd\x5a\0\0\x1f\0\0\0\
\xd3\x5a\0\0\x2b\0\0\x06\x04\0\0\0\xe3\x5a\0\0\0\0\0\0\xfb\x5a\0\0\x01\0\0\0\
\x12\x5b\0\0\x02\0\0\0\x2e\x5b\0\0\x03\0\0\0\x42\x5b\0\0\x04\0\0\0\x5b\x5b\0\0\
\x05\0\0\0\x75\x5b\0\0\x06\0\0\0\x87\x5b\0\0\x07\0\0\0\x9a\x5b\0\0\x08\0\0\0\
\xb0\x5b\0\0\x09\0\0\0\xc6\x5b\0\0\x0a\0\0\0\xdf\x5b\0\0\x0b\0\0\0\xf8\x5b\0\0\
\x0c\0\0\0\x13\x5c\0\0\x0d\0\0\0\x2e\x5c\0\0\x0e\0\0\0\x46\x5c\0\0\x0f\0\0\0\
\x5e\x5c\0\0\x10\0\0\0\x6d\x5c\0\0\x11\0\0\0\x80\x5c\0\0\x12\0\0\0\x92\x5c\0\0\
\x13\0\0\0\xaa\x5c\0\0\x14\0\0\0\xc2\x5c\0\0\x15\0\0\0\xd8\x5c\0\0\x16\0\0\0\
\xee\x5c\0\0\x17\0\0\0\xff\x5c\0\0\x18\0\0\0\x10\x5d\0\0\x19\0\0\0\x20\x5d\0\0\
\x1a\0\0\0\x32\x5d\0\0\x1b\0\0\0\x3e\x5d\0\0\x1c\0\0\0\x4d\x5d\0\0\x1d\0\0\0\
\x6a\x5d\0\0\x1e\0\0\0\x87\x5d\0\0\x1f\0\0\0\xa4\x5d\0\0\x20\0\0\0\xc1\x5d\0\0\
\x21\0\0\0\xd0\x5d\0\0\x22\0\0\0\xed\x5d\0\0\x23\0\0\0\xfc\x5d\0\0\x24\0\0\0\
\x0a\x5e\0\0\x25\0\0\0\x12\x5e\0\0\x26\0\0\0\x25\x5e\0\0\x27\0\0\0\x3d\x5e\0\0\
\x28\0\0\0\x60\x5e\0\0\x29\0\0\0\x6f\x5e\0\0\x2a\0\0\0\0\0\0\0\0\0\0\x03\0\0\0\
\0\x40\0\0\0\x04\0\0\0\x08\0\0\0\0\0\0\0\0\0\0\x02\x0f\x07\0\0\0\0\0\0\0\0\0\
\x02\x6d\x03\0\0\0\0\0\0\x02\0\0\x0d\x16\0\0\0\0\0\0\0\x17\0\0\0\0\0\0\0\x6e\
\x03\0\0\0\0\0\0\0\0\0\x02\x6f\x03\0\0\0\0\0\0\0\0\0\x0a\x70\x03\0\0\x85\x5e\0\
\0\x05\0\0\x84\x08\0\0\0\x8e\x5e\0\0\x41\0\0\0\0\0\0\0\x93\x5e\0\0\x41\0\0\0\
\x08\0\0\x04\x9b\x5e\0\0\x41\0\0\0\x0c\0\0\x04\xa3\x5e\0\0\x71\x03\0\0\x10\0\0\
\0\xa7\x5e\0\0\xff\0\0\0\x20\0\0\0\xab\x5e\0\0\0\0\0\x08\x06\x01\0\0\0\0\0\0\0\
\0\0\x02\x13\x07\0\0\0\0\0\0\0\0\0\x02\x1a\x07\0\0\xb1\x5e\0\0\x04\0\0\x04\x08\
\0\0\0\x8e\x5e\0\0\x23\0\0\0\0\0\0\0\xbd\x5e\0\0\x41\0\0\0\x10\0\0\0\xc0\x5e\0\
\0\x41\0\0\0\x18\0\0\0\xc3\x5e\0\0\x15\0\0\0\x20\0\0\0\0\0\0\0\0\0\0\x03\0\0\0\
\0\x74\x03\0\0\x04\0\0\0\0\0\0\0\0\0\0\0\0\0\0\x03\0\0\0\0\x70\x03\0\0\x04\0\0\
\0\0\0\0\0\0\0\0\0\x02\0\0\x05\x10\0\0\0\xc5\x5e\0\0\x7e\x03\0\0\0\0\0\0\x69\
\x2b\0\0\x10\0\0\0\0\0\0\0\0\0\0\0\0\0\0\x02\x79\x03\0\0\xd4\x5e\0\0\x07\0\0\
\x04\x68\0\0\0\0\0\0\0\x7a\x03\0\0\0\0\0\0\xe7\x5e\0\0\x7c\x03\0\0\x40\0\0\0\
\x65\x1e\0\0\x7d\x03\0\0\x80\0\0\0\xeb\x5e\0\0\x2c\0\0\0\0\x01\0\0\xf4\x5e\0\0\
\x2c\0\0\0\x80\x01\0\0\xed\x11\0\0\x2a\0\0\0\0\x02\0\0\x92\x12\0\0\x62\0\0\0\
\xc0\x02\0\0\0\0\0\0\x02\0\0\x05\x08\0\0\0\xf4\x20\0\0\x7b\x03\0\0\0\0\0\0\xfc\
\x5e\0\0\x19\0\0\0\0\0\0\0\0\0\0\0\0\0\0\x02\x62\x07\0\0\0\0\0\0\0\0\0\x02\x63\
\x07\0\0\x07\x5f\0\0\x02\0\0\x04\x10\0\0\0\x1e\x5f\0\0\x11\0\0\0\0\0\0\0\x2e\
\x5f\0\0\x15\0\0\0\x40\0\0\0\0\0\0\0\0\0\0\x03\0\0\0\0\x78\x03\0\0\x04\0\0\0\
\x02\0\0\0\0\0\0\0\0\0\0\x03\0\0\0\0\x66\x03\0\0\x04\0\0\0\0\0\0\0\0\0\0\0\0\0\
\0\x03\0\0\0\0\x1f\x03\0\0\x04\0\0\0\x17\0\0\0\0\0\0\0\0\0\0\x03\0\0\0\0\x2c\0\
\0\0\x04\0\0\0\x17\0\0\0\0\0\0\0\0\0\0\x03\0\0\0\0\x14\0\0\0\x04\0\0\0\x17\0\0\
\0\x3a\x5f\0\0\x04\0\0\x04\x10\0\0\0\x4f\x5f\0\0\x77\0\0\0\0\0\0\0\x56\x5f\0\0\
\x02\0\0\0\x20\0\0\0\x5f\x5f\0\0\x02\0\0\0\x40\0\0\0\x75\x5f\0\0\x02\0\0\0\x60\
\0\0\0\0\0\0\0\0\0\0\x03\0\0\0\0\x10\0\0\0\x04\0\0\0\0\0\0\0\xc9\x5f\0\0\x19\0\
\0\x04\x38\x03\0\0\xd7\x5f\0\0\x94\x03\0\0\0\0\0\0\xdb\x5f\0\0\xcc\0\0\0\x40\
\x14\0\0\xe4\x5f\0\0\x02\0\0\0\xc0\x14\0\0\xee\x5f\0\0\x16\0\0\0\xe0\x14\0\0\
\xf9\x5f\0\0\x16\0\0\0\0\x15\0\0\x04\x60\0\0\x16\0\0\0\x20\x15\0\0\x0f\x60\0\0\
\x1c\0\0\0\x40\x15\0\0\x19\x60\0\0\x1c\0\0\0\x60\x15\0\0\x22\x60\0\0\x10\x01\0\
\0\x80\x15\0\0\x2d\x60\0\0\x10\x01\0\0\xc0\x15\0\0\x38\x60\0\0\x0f\0\0\0\0\x16\
\0\0\x40\x60\0\0\x02\0\0\0\x40\x16\0\0\x4b\x60\0\0\x02\0\0\0\x60\x16\0\0\x5b\
\x60\0\0\x95\x03\0\0\x80\x16\0\0\x64\x60\0\0\x85\0\0\0\x40\x17\0\0\x6b\x60\0\0\
\x16\0\0\0\x80\x17\0\0\x7b\x60\0\0\x16\0\0\0\xa0\x17\0\0\x89\x60\0\0\x16\0\0\0\
\xc0\x17\0\0\x94\x60\0\0\x16\0\0\0\xe0\x17\0\0\xa3\x60\0\0\x16\0\0\0\0\x18\0\0\
\xb2\x60\0\0\x16\0\0\0\x20\x18\0\0\xf2\x16\0\0\xb6\0\0\0\x40\x18\0\0\x11\x1e\0\
\0\x7d\x01\0\0\x80\x18\0\0\xc5\x60\0\0\x1f\0\0\0\xc0\x18\0\0\xd1\x1c\0\0\x63\
\x01\0\0\0\x19\0\0\xcf\x60\0\0\x07\0\0\x04\xd8\0\0\0\xd7\x60\0\0\x02\0\0\0\0\0\
\0\0\x35\x50\0\0\x24\0\0\0\x20\0\0\0\xde\x60\0\0\xab\0\0\0\x40\0\0\0\xe4\x60\0\
\0\xfc\x02\0\0\x80\x01\0\0\xed\x60\0\0\x02\0\0\0\x40\x02\0\0\xf5\x60\0\0\x02\0\
\0\0\x60\x02\0\0\xfe\x60\0\0\x87\x03\0\0\x80\x02\0\0\x05\x61\0\0\x09\0\0\x04\
\x88\0\0\0\x10\x61\0\0\x88\x03\0\0\0\0\0\0\x14\x61\0\0\x16\0\0\0\x40\0\0\0\x1c\
\x61\0\0\x16\0\0\0\x60\0\0\0\x26\x61\0\0\x89\x03\0\0\x80\0\0\0\x28\x61\0\0\x77\
\0\0\0\xc0\x01\0\0\x2f\x61\0\0\x59\0\0\0\0\x02\0\0\xb2\x18\0\0\x8f\0\0\0\0\x03\
\0\0\x7e\x10\0\0\x8a\0\0\0\0\x04\0\0\x38\x61\0\0\x1c\0\0\0\x20\x04\0\0\0\0\0\0\
\0\0\0\x02\xda\x06\0\0\x3f\x61\0\0\x0a\0\0\x04\x28\0\0\0\x51\x61\0\0\x22\0\0\0\
\0\0\0\0\x14\x61\0\0\x22\0\0\0\x10\0\0\0\x5c\x61\0\0\x22\0\0\0\x20\0\0\0\x67\
\x61\0\0\x22\0\0\0\x30\0\0\0\x73\x61\0\0\x16\0\0\0\x40\0\0\0\x7c\x61\0\0\x22\0\
\0\0\x60\0\0\0\x85\x61\0\0\x77\0\0\0\x70\0\0\0\x99\x61\0\0\x8a\x03\0\0\x80\0\0\
\0\xa0\x61\0\0\x8d\x03\0\0\xc0\0\0\0\xab\x61\0\0\x8e\x03\0\0\0\x01\0\0\xb5\x61\
\0\0\0\0\0\x08\x8b\x03\0\0\0\0\0\0\0\0\0\x02\x8c\x03\0\0\0\0\0\0\x03\0\0\x0d\
\x14\0\0\0\0\0\0\0\x17\0\0\0\0\0\0\0\x14\0\0\0\0\0\0\0\x14\0\0\0\xc2\x61\0\0\0\
\0\0\x08\x8b\x03\0\0\xd3\x61\0\0\0\0\0\x08\x8f\x03\0\0\0\0\0\0\0\0\0\x02\x90\
\x03\0\0\0\0\0\0\x02\0\0\x0d\x02\0\0\0\0\0\0\0\x91\x03\0\0\0\0\0\0\x17\0\0\0\0\
\0\0\0\0\0\0\x02\x92\x03\0\0\xe3\x61\0\0\x02\0\0\x04\x10\0\0\0\xfa\x61\0\0\x93\
\x03\0\0\0\0\0\0\x65\x1e\0\0\x17\0\0\0\x40\0\0\0\0\0\0\0\0\0\0\x02\x87\x03\0\0\
\0\0\0\0\0\0\0\x03\0\0\0\0\x86\x03\0\0\x04\0\0\0\x03\0\0\0\xfd\x61\0\0\x03\0\0\
\x04\x18\0\0\0\x0c\x62\0\0\x96\x03\0\0\0\0\0\0\x60\x0b\0\0\x99\x03\0\0\x40\0\0\
\0\x1a\x62\0\0\x02\0\0\0\x80\0\0\0\x23\x62\0\0\0\0\0\x08\x97\x03\0\0\0\0\0\0\0\
\0\0\x02\x98\x03\0\0\0\0\0\0\x03\0\0\x0d\x02\0\0\0\0\0\0\0\x99\x03\0\0\0\0\0\0\
\x0f\0\0\0\0\0\0\0\x19\0\0\0\0\0\0\0\0\0\0\x02\x95\x03\0\0\x31\x62\0\0\x04\0\0\
\x04\x20\0\0\0\x3a\x62\0\0\x86\0\0\0\0\0\0\0\x43\x62\0\0\xeb\x01\0\0\x40\0\0\0\
\x4a\x62\0\0\x02\0\0\0\x80\0\0\0\x54\x62\0\0\xb6\0\0\0\xc0\0\0\0\x0d\x18\0\0\
\x10\0\0\x04\xc0\0\0\0\x5f\x62\0\0\x16\0\0\0\0\0\0\0\x67\x62\0\0\xa2\x01\0\0\
\x20\0\0\0\x6d\x62\0\0\x9c\x03\0\0\x40\0\0\0\x74\x62\0\0\x86\0\0\0\xc0\0\0\0\
\x7d\x62\0\0\x9f\x03\0\0\0\x01\0\0\x84\x62\0\0\x87\0\0\0\x80\x01\0\0\x8c\x62\0\
\0\xa4\x03\0\0\xc0\x01\0\0\x94\x62\0\0\xa5\x03\0\0\xc0\x02\0\0\x9e\x62\0\0\xa8\
\x03\0\0\0\x03\0\0\xa3\x62\0\0\xeb\x01\0\0\x40\x03\0\0\xa8\x62\0\0\x0f\0\0\0\
\x80\x03\0\0\xaf\x62\0\0\x19\0\0\0\xc0\x03\0\0\0\0\0\0\x45\x04\0\0\0\x04\0\0\
\xb8\x62\0\0\x2c\0\0\0\x80\x04\0\0\xc0\x62\0\0\x2c\0\0\0\0\x05\0\0\xca\x62\0\0\
\x46\x04\0\0\x80\x05\0\0\xce\x62\0\0\x02\0\0\x04\x10\0\0\0\x60\x0b\0\0\x9d\x03\
\0\0\0\0\0\0\xdf\x1c\0\0\x9e\x03\0\0\x40\0\0\0\0\0\0\0\0\0\0\x02\x9c\x03\0\0\0\
\0\0\0\0\0\0\x02\x9d\x03\0\0\xdc\x62\0\0\x02\0\0\x04\x10\0\0\0\0\0\0\0\xa0\x03\
\0\0\0\0\0\0\x6e\x1f\0\0\xa2\x03\0\0\x40\0\0\0\0\0\0\0\x02\0\0\x05\x08\0\0\0\0\
\0\0\0\xa1\x03\0\0\0\0\0\0\xe1\x62\0\0\x10\0\0\0\0\0\0\0\0\0\0\0\x02\0\0\x04\
\x08\0\0\0\x30\x1f\0\0\x14\0\0\0\0\0\0\0\x7b\x42\0\0\x14\0\0\0\x20\0\0\0\0\0\0\
\0\0\0\0\x02\xa3\x03\0\0\0\0\0\0\0\0\0\x0a\x42\0\0\0\0\0\0\0\0\0\0\x03\0\0\0\0\
\x42\0\0\0\x04\0\0\0\x20\0\0\0\xea\x62\0\0\x01\0\0\x04\x08\0\0\0\0\0\0\0\xa6\
\x03\0\0\0\0\0\0\0\0\0\0\x02\0\0\x05\x08\0\0\0\xf2\x62\0\0\x11\0\0\0\0\0\0\0\0\
\0\0\0\xa7\x03\0\0\0\0\0\0\0\0\0\0\x02\0\0\x04\x08\0\0\0\x7e\x10\0\0\x8a\0\0\0\
\0\0\0\0\xd9\x0a\0\0\x02\0\0\0\x20\0\0\0\0\0\0\0\0\0\0\x02\xa9\x03\0\0\0\0\0\0\
\0\0\0\x0a\x19\x04\0\0\xfd\x62\0\0\x41\0\0\x04\x80\x05\0\0\x09\x63\0\0\x2c\0\0\
\0\0\0\0\0\x10\x63\0\0\xee\x01\0\0\x80\0\0\0\x16\x63\0\0\x42\0\0\0\xa0\0\0\0\
\x27\x63\0\0\x0f\0\0\0\xc0\0\0\0\x33\x63\0\0\x91\0\0\0\0\x01\0\0\x3e\x63\0\0\
\xab\x03\0\0\x40\x01\0\0\x45\x63\0\0\xac\x03\0\0\x80\x01\0\0\x4a\x63\0\0\xae\
\x03\0\0\xc0\x01\0\0\x50\x63\0\0\xb0\x03\0\0\0\x02\0\0\x57\x63\0\0\xb2\x03\0\0\
\x40\x02\0\0\x63\x63\0\0\x0f\0\0\0\x80\x02\0\0\x6b\x63\0\0\x0f\0\0\0\xc0\x02\0\
\0\x74\x63\0\0\x0f\0\0\0\0\x03\0\0\x7c\x63\0\0\x86\0\0\0\x40\x03\0\0\x83\x63\0\
\0\xab\0\0\0\x80\x03\0\0\x8c\x63\0\0\x02\0\0\0\xc0\x04\0\0\x94\x63\0\0\x1c\0\0\
\0\xe0\x04\0\0\x9d\x63\0\0\x19\0\0\0\0\x05\0\0\xa8\x63\0\0\xb4\x03\0\0\x40\x05\
\0\0\xb0\x63\0\0\xb7\x03\0\0\x80\x05\0\0\xb6\x63\0\0\xb9\x03\0\0\xc0\x05\0\0\
\xc4\x63\0\0\xba\x03\0\0\0\x06\0\0\xca\x63\0\0\xbc\x03\0\0\x40\x06\0\0\xd5\x63\
\0\0\x23\0\0\0\x80\x06\0\0\xe6\x63\0\0\xbd\x03\0\0\xc0\x06\0\0\xee\x63\0\0\x2c\
\0\0\0\0\x07\0\0\xf7\x63\0\0\xbe\x03\0\0\x80\x07\0\0\xfe\x63\0\0\x9a\x01\0\0\
\xc0\x07\0\0\x04\x64\0\0\xee\x03\0\0\0\x08\0\0\x0a\x64\0\0\xe8\0\0\0\x40\x08\0\
\0\x16\x64\0\0\x16\0\0\0\xc0\x08\0\0\x24\x64\0\0\xef\x03\0\0\0\x09\0\0\x2c\x64\
\0\0\x09\x04\0\0\xc0\x12\0\0\x36\x64\0\0\x19\0\0\0\xc0\x1c\0\0\x40\x64\0\0\x14\
\0\0\0\0\x1d\0\0\x4c\x64\0\0\x03\x01\0\0\x40\x1d\0\0\x57\x64\0\0\x03\x01\0\0\
\x80\x1d\0\0\x62\x64\0\0\x15\0\0\0\xc0\x1d\0\0\x72\x64\0\0\xa3\x02\0\0\0\x1e\0\
\0\x83\x64\0\0\x15\x04\0\0\x40\x1e\0\0\x88\x64\0\0\x16\x04\0\0\x40\x1f\0\0\x8f\
\x64\0\0\x16\0\0\0\xc0\x1f\0\0\x9b\x64\0\0\x8e\0\0\0\xe0\x1f\0\0\xa2\x64\0\0\
\x8f\0\0\0\0\x20\0\0\xb5\x64\0\0\xc2\0\0\0\0\x21\0\0\xbf\x64\0\0\xa8\x03\0\0\
\x40\x21\0\0\xc6\x64\0\0\x02\0\0\0\x80\x21\0\0\xd8\x64\0\0\x3a\x04\0\0\xc0\x21\
\0\0\xe1\x64\0\0\x5a\0\0\0\x80\x23\0\0\xf0\x64\0\0\x5a\0\0\0\xc0\x23\0\0\x06\
\x65\0\0\x02\0\0\0\0\x24\0\0\x19\x65\0\0\xa6\0\0\0\x20\x24\0\0\x22\x65\0\0\x66\
\0\0\0\x40\x24\0\0\x30\x65\0\0\xe0\0\0\0\x80\x24\0\0\x37\x65\0\0\xb6\0\0\0\xc0\
\x24\0\0\x41\x65\0\0\x43\x04\0\0\0\x25\0\0\x4e\x65\0\0\x43\x04\0\0\x40\x25\0\0\
\x92\x12\0\0\x62\0\0\0\x80\x25\0\0\x1b\x13\0\0\x59\0\0\0\0\x26\0\0\x5a\x65\0\0\
\x8f\0\0\0\0\x27\0\0\x66\x65\0\0\x02\0\0\0\0\x28\0\0\x74\x65\0\0\x8a\0\0\0\0\
\x2a\0\0\x86\x65\0\0\x2c\0\0\0\x40\x2a\0\0\x8f\x65\0\0\x8a\0\0\0\xc0\x2a\0\0\
\xa3\x65\0\0\x2c\0\0\0\0\x2b\0\0\0\0\0\0\0\0\0\x02\xdc\x06\0\0\0\0\0\0\0\0\0\
\x02\xad\x03\0\0\0\0\0\0\0\0\0\x0a\x85\x07\0\0\0\0\0\0\0\0\0\x02\xaf\x03\0\0\0\
\0\0\0\0\0\0\x0a\x86\x07\0\0\0\0\0\0\0\0\0\x02\xb1\x03\0\0\0\0\0\0\0\0\0\x0a\
\x87\x07\0\0\0\0\0\0\0\0\0\x02\xb3\x03\0\0\0\0\0\0\0\0\0\x0a\x2c\x07\0\0\0\0\0\
\0\0\0\0\x02\xb5\x03\0\0\0\0\0\0\0\0\0\x02\xb6\x03\0\0\0\0\0\0\0\0\0\x0a\x88\
\x07\0\0\0\0\0\0\0\0\0\x02\xb8\x03\0\0\0\0\0\0\0\0\0\x0a\x89\x07\0\0\0\0\0\0\0\
\0\0\x02\x8d\x07\0\0\0\0\0\0\0\0\0\x02\xbb\x03\0\0\0\0\0\0\0\0\0\x0a\x8e\x07\0\
\0\0\0\0\0\0\0\0\x02\x8f\x07\0\0\xaf\x65\0\0\x01\0\0\x04\x08\0\0\0\x9f\x1c\0\0\
\x9d\x03\0\0\0\0\0\0\0\0\0\0\0\0\0\x02\xdd\x06\0\0\x50\x07\0\0\x13\0\0\x04\x60\
\x03\0\0\x03\x13\0\0\x10\0\0\0\0\0\0\0\x4c\x0c\0\0\x2a\0\0\0\x40\0\0\0\xbd\x65\
\0\0\x2c\0\0\0\0\x01\0\0\xdd\x19\0\0\x0f\0\0\0\x80\x01\0\0\xc6\x65\0\0\x0f\0\0\
\0\xc0\x01\0\0\xed\x12\0\0\xd9\x01\0\0\0\x02\0\0\xb3\x2b\0\0\x16\0\0\0\x20\x02\
\0\0\xcf\x65\0\0\x16\0\0\0\x40\x02\0\0\xd9\x65\0\0\x16\0\0\0\x60\x02\0\0\xe3\
\x65\0\0\x16\0\0\0\x80\x02\0\0\xf1\x65\0\0\x5a\0\0\0\xc0\x02\0\0\x05\x66\0\0\
\xc0\x03\0\0\0\x03\0\0\x08\x66\0\0\x2c\0\0\0\xc0\x15\0\0\x10\x66\0\0\xe3\0\0\0\
\x40\x16\0\0\x97\x2b\0\0\xcd\x01\0\0\0\x17\0\0\x19\x66\0\0\xed\x03\0\0\x40\x17\
\0\0\xb8\x18\0\0\xcd\x01\0\0\x40\x19\0\0\x22\x66\0\0\xb9\x01\0\0\x80\x19\0\0\
\x37\x66\0\0\x86\0\0\0\xc0\x1a\0\0\x41\x66\0\0\x1b\0\0\x04\x58\x02\0\0\x4f\x66\
\0\0\x9a\x01\0\0\0\0\0\0\x0d\x12\0\0\x0f\0\0\0\x40\0\0\0\x53\x66\0\0\x0f\0\0\0\
\x80\0\0\0\x62\x66\0\0\x2c\0\0\0\xc0\0\0\0\x6a\x66\0\0\x2c\0\0\0\x40\x01\0\0\
\x6f\x66\0\0\x2c\0\0\0\xc0\x01\0\0\x79\x66\0\0\x2c\0\0\0\x40\x02\0\0\x65\x3d\0\
\0\x8a\0\0\0\xc0\x02\0\0\x86\x66\0\0\x1c\0\0\0\xe0\x02\0\0\x97\x66\0\0\xc1\x03\
\0\0\0\x03\0\0\x9c\x66\0\0\x0f\0\0\0\0\x08\0\0\xa6\x66\0\0\x0f\0\0\0\x40\x08\0\
\0\xb4\x66\0\0\x0f\0\0\0\x80\x08\0\0\xc2\x66\0\0\x0f\0\0\0\xc0\x08\0\0\xd0\x66\
\0\0\x0f\0\0\0\0\x09\0\0\xe0\x66\0\0\x0f\0\0\0\x40\x09\0\0\xf4\x66\0\0\x0f\0\0\
\0\x80\x09\0\0\x04\x67\0\0\x0f\0\0\0\xc0\x09\0\0\x1d\x67\0\0\xc2\x03\0\0\0\x0a\
\0\0\x29\x67\0\0\x02\0\0\0\x80\x0b\0\0\x38\x67\0\0\xc3\x03\0\0\xa0\x0b\0\0\x49\
\x67\0\0\x8a\0\0\0\xc0\x0b\0\0\x53\x67\0\0\x2c\0\0\0\0\x0c\0\0\x5d\x67\0\0\x55\
\x03\0\0\x80\x0c\0\0\x63\x67\0\0\x55\x03\0\0\x40\x0f\0\0\x6c\x67\0\0\x0f\0\0\0\
\0\x12\0\0\x78\x67\0\0\x2c\0\0\0\x40\x12\0\0\0\0\0\0\0\0\0\x03\0\0\0\0\x56\x02\
\0\0\x04\0\0\0\x04\0\0\0\x81\x67\0\0\x03\0\0\x04\x30\0\0\0\x98\x1b\0\0\x56\x02\
\0\0\0\0\0\0\xb2\x13\0\0\x16\0\0\0\x40\x01\0\0\x7e\x10\0\0\x3a\0\0\0\x60\x01\0\
\0\x94\x67\0\0\x09\0\0\x06\x04\0\0\0\x9e\x67\0\0\0\0\0\0\xb3\x67\0\0\x01\0\0\0\
\xc4\x67\0\0\x02\0\0\0\xd3\x67\0\0\x03\0\0\0\xe6\x67\0\0\x04\0\0\0\xfd\x67\0\0\
\x05\0\0\0\x15\x68\0\0\x06\0\0\0\x2d\x68\0\0\x07\0\0\0\x45\x68\0\0\x08\0\0\0\
\x53\x68\0\0\x30\0\0\x84\xf8\x02\0\0\x75\x35\0\0\xd5\x01\0\0\0\0\0\0\xa2\x04\0\
\0\xcd\x01\0\0\0\x02\0\0\x26\x61\0\0\xc5\x03\0\0\x40\x02\0\0\x5a\x68\0\0\xc2\0\
\0\0\x80\x02\0\0\x19\0\0\0\xc6\x03\0\0\xc0\x02\0\0\x64\x68\0\0\xc8\x03\0\0\0\
\x03\0\0\x68\x68\0\0\xc9\x03\0\0\x40\x03\0\0\x6f\x68\0\0\x19\0\0\0\x80\x03\0\0\
\x7d\x68\0\0\x19\0\0\0\xc0\x03\0\0\xb2\x18\0\0\x8f\0\0\0\0\x04\0\0\x89\x68\0\0\
\xca\x03\0\0\0\x05\0\0\x8f\x68\0\0\xcc\x03\0\0\xc0\x06\0\0\x95\x68\0\0\xd7\x03\
\0\0\x40\x10\0\0\x9f\x68\0\0\xd8\x03\0\0\x80\x10\0\0\xa5\x68\0\0\xd9\x03\0\0\
\xc0\x10\0\0\xb0\x68\0\0\xda\x03\0\0\0\x11\0\0\xb5\x68\0\0\x3a\0\0\0\x40\x11\0\
\0\xbe\x68\0\0\x2c\0\0\0\x80\x11\0\0\xc7\x68\0\0\xdb\x03\0\0\0\x12\0\0\xcf\x68\
\0\0\xdd\x03\0\0\x40\x12\0\0\xd8\x68\0\0\x10\0\0\0\x80\x12\0\0\xea\x68\0\0\x10\
\0\0\0\xc0\x12\0\0\xf8\x68\0\0\xde\x03\0\0\0\x13\0\0\x06\x69\0\0\xe0\x03\0\0\
\x40\x13\0\0\x10\x69\0\0\x2c\0\0\0\x80\x13\0\0\x1a\x69\0\0\xe1\x03\0\0\0\x14\0\
\0\x22\x69\0\0\xe2\x03\0\0\x40\x14\0\0\x31\x69\0\0\xe3\x03\0\0\x80\x14\0\0\x3a\
\x69\0\0\xe4\x03\0\0\x80\x14\0\0\x42\x69\0\0\xe5\x03\0\0\xc0\x14\0\0\x49\x69\0\
\0\xee\x01\0\0\0\x15\0\0\x03\x13\0\0\x14\0\0\0\x20\x15\0\0\x4e\x69\0\0\x8a\0\0\
\0\x40\x15\0\0\x5a\x69\0\0\x2c\0\0\0\x80\x15\0\0\x83\x46\0\0\xe6\x03\0\0\0\x16\
\0\0\x66\x69\0\0\xce\x01\0\0\x40\x16\0\0\x92\x31\0\0\xe7\x03\0\0\x80\x16\0\0\
\x6d\x69\0\0\xe9\x03\0\0\xc0\x16\0\0\x79\x69\0\0\xea\x03\0\0\0\x17\0\0\x7f\x69\
\0\0\xeb\x03\0\0\x40\x17\0\0\x91\x69\0\0\xec\x03\0\0\x80\x17\0\0\x9b\x69\0\0\
\x77\0\0\0\xa0\x17\0\x01\xad\x69\0\0\x77\0\0\0\xa1\x17\0\x01\xbe\x69\0\0\x77\0\
\0\0\xa2\x17\0\x01\xc6\x69\0\0\x77\0\0\0\xa3\x17\0\x01\xd5\x69\0\0\x77\0\0\0\
\xa4\x17\0\x01\xe2\x69\0\0\x77\0\0\0\xa5\x17\0\x01\xec\x69\0\0\x77\0\0\0\xa6\
\x17\0\x01\0\0\0\0\0\0\0\x02\xfa\x06\0\0\0\0\0\0\0\0\0\x02\xc7\x03\0\0\0\0\0\0\
\0\0\0\x0a\x01\x07\0\0\0\0\0\0\0\0\0\x02\xfc\x06\0\0\0\0\0\0\0\0\0\x02\xfb\x06\
\0\0\xf9\x69\0\0\x04\0\0\x04\x38\0\0\0\x08\x6a\0\0\x2c\0\0\0\0\0\0\0\x12\x6a\0\
\0\x2c\0\0\0\x80\0\0\0\x1c\x6a\0\0\x2c\0\0\0\0\x01\0\0\x27\x6a\0\0\xcb\x03\0\0\
\x80\x01\0\0\x2e\x6a\0\0\x04\0\0\x06\x04\0\0\0\x3b\x6a\0\0\0\0\0\0\x4c\x6a\0\0\
\x01\0\0\0\x5b\x6a\0\0\x02\0\0\0\x6f\x6a\0\0\x03\0\0\0\x80\x6a\0\0\x34\0\0\x84\
\x30\x01\0\0\x8c\x6a\0\0\xcd\x03\0\0\0\0\0\0\x98\x6a\0\0\x16\0\0\0\x20\0\0\x01\
\xa3\x6a\0\0\x16\0\0\0\x21\0\0\x01\xb1\x6a\0\0\x77\0\0\0\x22\0\0\x01\xbd\x6a\0\
\0\x77\0\0\0\x23\0\0\x01\xc9\x6a\0\0\x77\0\0\0\x24\0\0\x01\xd6\x6a\0\0\x77\0\0\
\0\x25\0\0\x01\xe9\x6a\0\0\x77\0\0\0\x26\0\0\x01\xfb\x6a\0\0\x77\0\0\0\x27\0\0\
\x01\x01\x6b\0\0\x77\0\0\0\x28\0\0\x01\x0c\x6b\0\0\x77\0\0\0\x29\0\0\x01\x1c\
\x6b\0\0\x14\0\0\0\x40\0\0\0\x7e\x10\0\0\x8a\0\0\0\x60\0\0\0\x63\x13\0\0\x2c\0\
\0\0\x80\0\0\0\x30\x24\0\0\x6f\x01\0\0\0\x01\0\0\xb7\x3d\0\0\xcf\x03\0\0\0\x02\
\0\0\x29\x6b\0\0\x77\0\0\0\x40\x02\0\x01\x35\x6b\0\0\x77\0\0\0\x41\x02\0\x01\
\x3d\x6b\0\0\x77\0\0\0\x42\x02\0\x01\x4d\x6b\0\0\x16\0\0\0\x43\x02\0\x01\x59\
\x6b\0\0\x16\0\0\0\x44\x02\0\x01\x69\x6b\0\0\x4a\0\0\0\x80\x02\0\0\x77\x6b\0\0\
\x10\0\0\0\x80\x04\0\0\x9c\x13\0\0\x59\0\0\0\xc0\x04\0\0\x85\x6b\0\0\xe3\0\0\0\
\xc0\x05\0\0\x90\x6b\0\0\xd0\x03\0\0\x80\x06\0\0\x98\x6b\0\0\x1c\0\0\0\xc0\x06\
\0\0\x63\x29\0\0\x1c\0\0\0\xe0\x06\0\0\xa4\x6b\0\0\x16\0\0\0\0\x07\0\x03\xb2\
\x6b\0\0\x16\0\0\0\x03\x07\0\x01\xc4\x6b\0\0\x16\0\0\0\x04\x07\0\x01\xd4\x6b\0\
\0\x16\0\0\0\x05\x07\0\x01\xe4\x6b\0\0\x16\0\0\0\x06\x07\0\x01\xf7\x6b\0\0\x16\
\0\0\0\x07\x07\0\x01\x04\x6c\0\0\x77\0\0\0\x08\x07\0\x01\x14\x6c\0\0\x16\0\0\0\
\x09\x07\0\x01\x21\x6c\0\0\x16\0\0\0\x0a\x07\0\x01\x2a\x6c\0\0\x16\0\0\0\x0b\
\x07\0\x01\x3a\x6c\0\0\x16\0\0\0\x0c\x07\0\x01\x4d\x6c\0\0\x16\0\0\0\x0d\x07\0\
\x01\x5b\x6c\0\0\x16\0\0\0\x20\x07\0\0\x67\x6c\0\0\xd1\x03\0\0\x40\x07\0\0\x6f\
\x6c\0\0\xd2\x03\0\0\x60\x07\0\0\x7e\x6c\0\0\x02\0\0\0\x80\x07\0\0\x8c\x6c\0\0\
\x02\0\0\0\xa0\x07\0\0\x9e\x6c\0\0\x10\0\0\0\xc0\x07\0\0\xa8\x6c\0\0\x10\0\0\0\
\0\x08\0\0\xb4\x6c\0\0\x10\0\0\0\x40\x08\0\0\xc3\x6c\0\0\x10\0\0\0\x80\x08\0\0\
\xd8\x6c\0\0\xd3\x03\0\0\xc0\x08\0\0\xe4\x6c\0\0\xd4\x03\0\0\0\x09\0\0\xfa\x6c\
\0\0\xd6\x03\0\0\x40\x09\0\0\xfe\x6c\0\0\0\0\0\x08\xce\x03\0\0\x0b\x6d\0\0\x01\
\0\0\x04\x04\0\0\0\xb1\x3d\0\0\x02\0\0\0\0\0\0\0\0\0\0\0\0\0\0\x02\x02\x07\0\0\
\0\0\0\0\0\0\0\x02\x03\x07\0\0\x16\x6d\0\0\x05\0\0\x06\x04\0\0\0\x22\x6d\0\0\0\
\0\0\0\x2f\x6d\0\0\x01\0\0\0\x3c\x6d\0\0\x02\0\0\0\x4c\x6d\0\0\x03\0\0\0\x60\
\x6d\0\0\x04\0\0\0\x6f\x6d\0\0\x04\0\0\x06\x04\0\0\0\x7a\x6d\0\0\0\0\0\0\x85\
\x6d\0\0\x01\0\0\0\x92\x6d\0\0\x02\0\0\0\xa0\x6d\0\0\x03\0\0\0\0\0\0\0\0\0\0\
\x02\xea\x06\0\0\0\0\0\0\0\0\0\x02\xd5\x03\0\0\0\0\0\0\x02\0\0\x0d\0\0\0\0\0\0\
\0\0\xcd\x01\0\0\0\0\0\0\xfe\0\0\0\0\0\0\0\0\0\0\x02\xeb\x06\0\0\0\0\0\0\0\0\0\
\x02\xe9\x06\0\0\0\0\0\0\0\0\0\x02\xec\x06\0\0\0\0\0\0\0\0\0\x02\x06\x07\0\0\0\
\0\0\0\0\0\0\x02\x07\x07\0\0\0\0\0\0\0\0\0\x02\xdc\x03\0\0\0\0\0\0\0\0\0\x0a\
\x08\x07\0\0\0\0\0\0\0\0\0\x02\x10\0\0\0\0\0\0\0\0\0\0\x02\xdf\x03\0\0\0\0\0\0\
\0\0\0\x0a\x09\x07\0\0\0\0\0\0\0\0\0\x02\x0a\x07\0\0\0\0\0\0\0\0\0\x02\x0b\x07\
\0\0\0\0\0\0\0\0\0\x02\x0c\x07\0\0\xaf\x6d\0\0\0\0\0\x04\0\0\0\0\0\0\0\0\0\0\0\
\x02\xff\x06\0\0\0\0\0\0\0\0\0\x02\xe8\x06\0\0\0\0\0\0\0\0\0\x02\0\x07\0\0\0\0\
\0\0\0\0\0\x02\xe8\x03\0\0\0\0\0\0\x01\0\0\x0d\0\0\0\0\0\0\0\0\xcd\x01\0\0\0\0\
\0\0\0\0\0\x02\xfe\x06\0\0\0\0\0\0\0\0\0\x02\x0d\x07\0\0\0\0\0\0\0\0\0\x02\x0e\
\x07\0\0\xbc\x6d\0\0\x04\0\0\x06\x04\0\0\0\xcd\x6d\0\0\0\0\0\0\xec\x6d\0\0\x01\
\0\0\0\x05\x6e\0\0\x02\0\0\0\x12\x6e\0\0\x03\0\0\0\0\0\0\0\0\0\0\x03\0\0\0\0\
\xc4\0\0\0\x04\0\0\0\x40\0\0\0\0\0\0\0\0\0\0\x02\x90\x07\0\0\x23\x6e\0\0\x05\0\
\0\x04\x38\x01\0\0\xac\0\0\0\x16\0\0\0\0\0\0\0\x2e\x6e\0\0\xab\0\0\0\x40\0\0\0\
\x1c\x06\0\0\xf0\x03\0\0\x80\x01\0\0\x9d\x21\0\0\xf4\x03\0\0\x40\x02\0\0\xbd\
\x23\0\0\x08\x04\0\0\0\x09\0\0\0\0\0\0\0\0\0\x03\0\0\0\0\x87\0\0\0\x04\0\0\0\
\x03\0\0\0\x37\x6e\0\0\x09\0\0\x04\x48\0\0\0\x42\x6e\0\0\xf2\x03\0\0\0\0\0\0\
\x4d\x6e\0\0\x02\0\0\0\x40\0\0\0\x58\x6e\0\0\x2c\0\0\0\x80\0\0\0\x67\x6e\0\0\
\x0f\0\0\0\0\x01\0\0\x71\x6e\0\0\x16\0\0\0\x40\x01\0\0\x7c\x6e\0\0\x16\0\0\0\
\x60\x01\0\0\x87\x6e\0\0\xf3\x03\0\0\x80\x01\0\0\x99\x6e\0\0\xf3\x03\0\0\xc0\
\x01\0\0\xab\x6e\0\0\x19\0\0\0\0\x02\0\0\0\0\0\0\0\0\0\x02\x91\x07\0\0\xb4\x6e\
\0\0\0\0\0\x08\x31\0\0\0\0\0\0\0\0\0\0\x03\0\0\0\0\xf1\x03\0\0\x04\0\0\0\x03\0\
\0\0\0\0\0\0\0\0\0\x02\xf6\x03\0\0\0\0\0\0\0\0\0\x0a\xf7\x03\0\0\xbc\x6e\0\0\
\x08\0\0\x04\x40\0\0\0\xcd\x6e\0\0\xf8\x03\0\0\0\0\0\0\xde\x6e\0\0\xf8\x03\0\0\
\x40\0\0\0\xed\x6e\0\0\xf8\x03\0\0\x80\0\0\0\xfd\x6e\0\0\xf8\x03\0\0\xc0\0\0\0\
\x0c\x6f\0\0\xfa\x03\0\0\0\x01\0\0\x17\x6f\0\0\xfa\x03\0\0\x40\x01\0\0\x24\x6f\
\0\0\xfa\x03\0\0\x80\x01\0\0\x32\x6f\0\0\x05\x04\0\0\xc0\x01\0\0\0\0\0\0\0\0\0\
\x02\xf9\x03\0\0\0\0\0\0\x02\0\0\x0d\x02\0\0\0\0\0\0\0\xeb\x01\0\0\0\0\0\0\x02\
\0\0\0\0\0\0\0\0\0\0\x02\xfb\x03\0\0\0\0\0\0\x01\0\0\x0d\x02\0\0\0\0\0\0\0\xfc\
\x03\0\0\0\0\0\0\0\0\0\x02\xfd\x03\0\0\x3e\x6f\0\0\x0c\0\0\x04\xd0\0\0\0\x44\
\x6f\0\0\xe8\0\0\0\0\0\0\0\x4c\x6f\0\0\x2c\0\0\0\x80\0\0\0\x55\x6f\0\0\x2c\0\0\
\0\0\x01\0\0\x5d\x6f\0\0\x2c\0\0\0\x80\x01\0\0\x66\x6f\0\0\x8f\0\0\0\0\x02\0\0\
\x6e\x6f\0\0\x8a\0\0\0\0\x03\0\0\x7a\x6f\0\0\x1c\0\0\0\x20\x03\0\0\x83\x6f\0\0\
\xeb\x01\0\0\x40\x03\0\0\x89\x6f\0\0\xfe\x03\0\0\x80\x03\0\0\x8f\x6f\0\0\x91\0\
\0\0\xc0\x03\0\0\x96\x6f\0\0\x0f\0\0\0\0\x04\0\0\x9f\x6f\0\0\x04\x04\0\0\x40\
\x04\0\0\xa6\x6f\0\0\x02\0\0\x04\x08\0\0\0\0\0\0\0\xff\x03\0\0\0\0\0\0\x19\0\0\
\0\x03\x04\0\0\x20\0\0\0\0\0\0\0\x03\0\0\x05\x04\0\0\0\x18\x19\0\0\x9d\0\0\0\0\
\0\0\0\x55\x1d\0\0\xf3\0\0\0\0\0\0\0\xab\x6f\0\0\0\x04\0\0\0\0\0\0\xb2\x6f\0\0\
\0\0\0\x08\x01\x04\0\0\0\0\0\0\x01\0\0\x04\x04\0\0\0\xc5\x10\0\0\x02\x04\0\0\0\
\0\0\0\xbc\x6f\0\0\0\0\0\x08\xa0\0\0\0\xc5\x6f\0\0\x03\0\0\x06\x04\0\0\0\xd0\
\x6f\0\0\0\0\0\0\xd9\x6f\0\0\x01\0\0\0\xe2\x6f\0\0\x02\0\0\0\xeb\x6f\0\0\x09\0\
\0\x04\x48\0\0\0\xf5\x6f\0\0\xf3\x03\0\0\0\0\0\0\x04\x70\0\0\xf3\x03\0\0\x40\0\
\0\0\x13\x70\0\0\xf3\x03\0\0\x80\0\0\0\x20\x70\0\0\xf3\x03\0\0\xc0\0\0\0\x2d\
\x70\0\0\xf3\x03\0\0\0\x01\0\0\x3c\x70\0\0\xf3\x03\0\0\x40\x01\0\0\x4b\x70\0\0\
\xf3\x03\0\0\x80\x01\0\0\x59\x70\0\0\x03\x01\0\0\xc0\x01\0\0\x63\x70\0\0\x03\
\x01\0\0\0\x02\0\0\0\0\0\0\0\0\0\x02\x06\x04\0\0\0\0\0\0\x02\0\0\x0d\x02\0\0\0\
\0\0\0\0\xeb\x01\0\0\0\0\0\0\x07\x04\0\0\0\0\0\0\0\0\0\x02\xfe\x03\0\0\0\0\0\0\
\0\0\0\x03\0\0\0\0\xf5\x03\0\0\x04\0\0\0\x03\0\0\0\x6d\x70\0\0\x03\0\0\x04\x40\
\x01\0\0\x3a\x04\0\0\x02\0\0\0\0\0\0\0\x78\x70\0\0\xe3\0\0\0\x40\0\0\0\x86\x70\
\0\0\x0d\x04\0\0\0\x01\0\0\x8d\x70\0\0\x05\0\0\x04\x60\0\0\0\xa1\x70\0\0\x0b\
\x04\0\0\0\0\0\0\xa5\x70\0\0\xca\x02\0\0\x80\x01\0\0\xb0\x70\0\0\x0c\x04\0\0\
\xc0\x01\0\0\xb7\x70\0\0\xe3\0\0\0\0\x02\0\0\xbf\x70\0\0\x1c\0\0\0\xc0\x02\0\0\
\xc5\x70\0\0\x04\0\0\x04\x30\0\0\0\xce\x70\0\0\x02\0\0\0\0\0\0\0\xd7\x70\0\0\
\x02\0\0\0\x20\0\0\0\xe0\x70\0\0\xe3\0\0\0\x40\0\0\0\xe8\x70\0\0\x62\0\0\0\0\
\x01\0\0\xf0\x70\0\0\x01\0\0\x04\x08\0\0\0\x87\x26\0\0\x25\0\0\0\0\0\0\0\0\0\0\
\0\0\0\0\x03\0\0\0\0\x0a\x04\0\0\x04\0\0\0\x03\0\0\0\xf8\x70\0\0\x06\0\0\x04\
\x20\0\0\0\x7e\x10\0\0\x8a\0\0\0\0\0\0\0\x19\0\0\0\x24\0\0\0\x20\0\0\0\xac\0\0\
\0\x24\0\0\0\x30\0\0\0\x10\x71\0\0\x0f\x04\0\0\x40\0\0\0\0\0\0\0\x12\x04\0\0\
\x80\0\0\0\x96\x12\0\0\xe0\0\0\0\xc0\0\0\0\x15\x71\0\0\0\0\0\x08\x10\x04\0\0\0\
\0\0\0\x01\0\0\x04\x08\0\0\0\xc5\x10\0\0\x11\x04\0\0\0\0\0\0\0\0\0\0\0\0\0\x03\
\0\0\0\0\x02\0\0\0\x04\0\0\0\x02\0\0\0\0\0\0\0\x02\0\0\x05\x08\0\0\0\x25\x71\0\
\0\x13\x04\0\0\0\0\0\0\x29\x71\0\0\xa3\x02\0\0\0\0\0\0\0\0\0\0\0\0\0\x02\x14\
\x04\0\0\x36\x71\0\0\0\0\0\x08\xa3\x02\0\0\0\0\0\0\0\0\0\x03\0\0\0\0\xc4\0\0\0\
\x04\0\0\0\x20\0\0\0\x47\x71\0\0\0\0\0\x08\x17\x04\0\0\0\0\0\0\x01\0\0\x04\x10\
\0\0\0\x96\x14\0\0\x18\x04\0\0\0\0\0\0\0\0\0\0\0\0\0\x03\0\0\0\0\x41\0\0\0\x04\
\0\0\0\x10\0\0\0\x4e\x71\0\0\x0d\0\0\x04\x80\0\0\0\x60\x71\0\0\x1a\x04\0\0\0\0\
\0\0\x6d\x71\0\0\x1a\x04\0\0\x40\0\0\0\x6d\x62\0\0\x1c\x04\0\0\x80\0\0\0\x7f\
\x71\0\0\x21\x04\0\0\xc0\0\0\0\x89\x71\0\0\x25\x04\0\0\0\x01\0\0\x92\x71\0\0\
\x27\x04\0\0\x40\x01\0\0\x99\x71\0\0\x29\x04\0\0\x80\x01\0\0\xa3\x71\0\0\x29\
\x04\0\0\xc0\x01\0\0\xab\x71\0\0\x2b\x04\0\0\0\x02\0\0\xb2\x71\0\0\x2d\x04\0\0\
\x40\x02\0\0\xba\x71\0\0\x2f\x04\0\0\x80\x02\0\0\xc6\x71\0\0\x32\x04\0\0\xc0\
\x02\0\0\xcf\x71\0\0\x36\x04\0\0\0\x03\0\0\0\0\0\0\0\0\0\x02\x1b\x04\0\0\0\0\0\
\0\x02\0\0\x0d\x02\0\0\0\0\0\0\0\x86\0\0\0\0\0\0\0\x16\0\0\0\0\0\0\0\0\0\0\x02\
\x1d\x04\0\0\0\0\0\0\x02\0\0\x0d\x02\0\0\0\0\0\0\0\x1e\x04\0\0\0\0\0\0\x20\x04\
\0\0\0\0\0\0\0\0\0\x02\x1f\x04\0\0\0\0\0\0\0\0\0\x0a\x9b\x03\0\0\0\0\0\0\0\0\0\
\x02\x9f\x03\0\0\0\0\0\0\0\0\0\x02\x22\x04\0\0\0\0\0\0\x04\0\0\x0d\x02\0\0\0\0\
\0\0\0\x1e\x04\0\0\0\0\0\0\x16\0\0\0\0\0\0\0\xc2\0\0\0\0\0\0\0\x23\x04\0\0\0\0\
\0\0\0\0\0\x02\x24\x04\0\0\0\0\0\0\0\0\0\x0a\x9f\x03\0\0\0\0\0\0\0\0\0\x02\x26\
\x04\0\0\0\0\0\0\x01\0\0\x0d\x02\0\0\0\0\0\0\0\x1e\x04\0\0\0\0\0\0\0\0\0\x02\
\x28\x04\0\0\0\0\0\0\x01\0\0\x0d\x02\0\0\0\0\0\0\0\x86\0\0\0\0\0\0\0\0\0\0\x02\
\x2a\x04\0\0\0\0\0\0\x01\0\0\x0d\0\0\0\0\0\0\0\0\x86\0\0\0\0\0\0\0\0\0\0\x02\
\x2c\x04\0\0\0\0\0\0\x02\0\0\x0d\0\0\0\0\0\0\0\0\x86\0\0\0\0\0\0\0\x87\0\0\0\0\
\0\0\0\0\0\0\x02\x2e\x04\0\0\0\0\0\0\x03\0\0\x0d\x19\x01\0\0\0\0\0\0\x86\0\0\0\
\0\0\0\0\x19\x01\0\0\0\0\0\0\x02\0\0\0\0\0\0\0\0\0\0\x02\x30\x04\0\0\0\0\0\0\
\x01\0\0\x0d\x85\0\0\0\0\0\0\0\x31\x04\0\0\0\0\0\0\0\0\0\x02\x84\0\0\0\0\0\0\0\
\0\0\0\x02\x33\x04\0\0\0\0\0\0\x02\0\0\x0d\x02\0\0\0\0\0\0\0\x34\x04\0\0\0\0\0\
\0\x77\0\0\0\0\0\0\0\0\0\0\x02\x35\x04\0\0\0\0\0\0\0\0\0\x0a\x84\0\0\0\0\0\0\0\
\0\0\0\x02\x37\x04\0\0\0\0\0\0\x02\0\0\x0d\x86\0\0\0\0\0\0\0\x86\0\0\0\0\0\0\0\
\x38\x04\0\0\0\0\0\0\0\0\0\x02\x39\x04\0\0\0\0\0\0\0\0\0\x0a\xe3\x01\0\0\xd6\
\x71\0\0\x07\0\0\x04\x38\0\0\0\xdf\x71\0\0\x3b\x04\0\0\0\0\0\0\xed\x71\0\0\x3b\
\x04\0\0\x40\0\0\0\xfa\x71\0\0\x44\0\0\0\x80\0\0\0\0\x72\0\0\x02\0\0\0\xc0\0\0\
\0\xac\0\0\0\x16\0\0\0\xe0\0\0\0\x96\x12\0\0\x2c\0\0\0\0\x01\0\0\x06\x72\0\0\
\x42\x04\0\0\x80\x01\0\0\0\0\0\0\0\0\0\x02\x3c\x04\0\0\0\0\0\0\x02\0\0\x0d\x0f\
\0\0\0\0\0\0\0\x3d\x04\0\0\0\0\0\0\x3e\x04\0\0\0\0\0\0\0\0\0\x02\x3a\x04\0\0\0\
\0\0\0\0\0\0\x02\x3f\x04\0\0\x12\x72\0\0\x05\0\0\x04\x20\0\0\0\x2e\x2e\0\0\xa7\
\x02\0\0\0\0\0\0\x21\x72\0\0\x02\0\0\0\x20\0\0\0\x25\x72\0\0\x0f\0\0\0\x40\0\0\
\0\x30\x72\0\0\x0f\0\0\0\x80\0\0\0\x3b\x72\0\0\x40\x04\0\0\xc0\0\0\0\0\0\0\0\0\
\0\0\x02\x41\x04\0\0\x41\x72\0\0\0\0\0\x07\0\0\0\0\0\0\0\0\0\0\0\x02\x5a\0\0\0\
\x4c\x72\0\0\x01\0\0\x04\x08\0\0\0\xed\x11\0\0\x44\x04\0\0\0\0\0\0\0\0\0\0\0\0\
\0\x02\x92\x07\0\0\0\0\0\0\x02\0\0\x05\x10\0\0\0\x55\x72\0\0\x2c\0\0\0\0\0\0\0\
\x5b\x72\0\0\x6c\x02\0\0\0\0\0\0\0\0\0\0\x03\0\0\x05\x10\0\0\0\x62\x72\0\0\xe8\
\0\0\0\0\0\0\0\x6a\x72\0\0\x9c\x03\0\0\0\0\0\0\x7b\x72\0\0\x62\0\0\0\0\0\0\0\
\xcc\x72\0\0\x2b\0\0\x04\0\x0d\0\0\xd0\x72\0\0\x1a\0\0\0\0\0\0\0\xd8\x72\0\0\
\x8a\0\0\0\x20\0\0\0\xe7\x72\0\0\x16\0\0\0\x40\0\0\0\xf7\x72\0\0\x16\0\0\0\x60\
\0\0\0\x04\x73\0\0\x02\0\0\0\x80\0\0\0\x0c\x73\0\0\x8a\0\0\0\xa0\0\0\0\x16\x73\
\0\0\x1c\0\0\0\xc0\0\0\0\x96\x12\0\0\x2c\0\0\0\0\x01\0\0\x21\x73\0\0\x2c\0\0\0\
\x80\x01\0\0\x2b\x73\0\0\x1f\0\0\0\0\x02\0\0\x38\x73\0\0\x0d\x01\0\0\x40\x02\0\
\0\xf2\x16\0\0\xb6\0\0\0\x80\x02\0\0\x11\x1e\0\0\x7d\x01\0\0\xc0\x02\0\0\x43\
\x73\0\0\xfc\x02\0\0\0\x03\0\0\xd1\x1c\0\0\x63\x01\0\0\xc0\x03\0\0\x4d\x73\0\0\
\x2c\0\0\0\x80\x04\0\0\x5b\x73\0\0\x48\x04\0\0\0\x05\0\0\x64\x73\0\0\x48\x04\0\
\0\x40\x05\0\0\x4f\x23\0\0\x66\x01\0\0\x80\x05\0\0\x72\x73\0\0\x93\x04\0\0\x80\
\x08\0\0\x77\x73\0\0\x93\x04\0\0\xc0\x08\0\0\x81\x73\0\0\xae\x05\0\0\0\x09\0\0\
\x8d\x73\0\0\xa4\0\0\0\x40\x09\0\0\x9b\x73\0\0\xa4\0\0\0\x80\x09\0\0\xaa\x73\0\
\0\xaf\x05\0\0\xc0\x09\0\0\xb7\x73\0\0\x14\0\0\0\0\x0a\0\0\xc0\x73\0\0\xba\x04\
\0\0\x40\x0a\0\0\xcd\x73\0\0\x2c\0\0\0\x80\x0a\0\0\x3c\x36\0\0\xb0\x05\0\0\0\
\x0b\0\0\xd7\x73\0\0\xb2\x05\0\0\0\x0c\0\0\xdb\x73\0\0\xbf\x05\0\0\x40\x0f\0\0\
\xe2\x73\0\0\xc0\x05\0\0\x80\x10\0\0\xe6\x73\0\0\xc1\x05\0\0\0\x11\0\0\xee\x73\
\0\0\xc3\x05\0\0\0\x14\0\0\xf3\x73\0\0\xf2\x05\0\0\0\x28\0\0\xf8\x73\0\0\x96\
\x06\0\0\0\x3e\0\0\xfb\x73\0\0\xb4\x06\0\0\x80\x44\0\0\xfe\x73\0\0\xb4\x04\0\0\
\xc0\x48\0\0\x0c\x74\0\0\xbf\x06\0\0\x80\x49\0\0\x35\x53\0\0\xc0\x06\0\0\xc0\
\x49\0\0\x10\x74\0\0\xc4\x06\0\0\0\x4c\0\0\x15\x74\0\0\x10\0\0\0\0\x66\0\0\x20\
\x74\0\0\x93\x04\0\0\x40\x66\0\0\0\0\0\0\0\0\0\x02\x49\x04\0\0\x2a\x74\0\0\x19\
\0\0\x04\xb0\0\0\0\xd7\x60\0\0\x1c\0\0\0\0\0\0\0\xed\x12\0\0\x1a\0\0\0\x20\0\0\
\0\x39\x74\0\0\x2c\0\0\0\x40\0\0\0\x45\x74\0\0\x8a\0\0\0\xc0\0\0\0\x55\x74\0\0\
\xeb\0\0\0\0\x01\0\0\x6b\x74\0\0\xe9\x01\0\0\x40\x01\0\0\0\0\0\0\x81\x04\0\0\
\x80\x01\0\0\x75\x74\0\0\xa8\x03\0\0\xc0\x01\0\0\0\0\0\0\x84\x04\0\0\0\x02\0\0\
\xfd\x2d\0\0\x8e\x04\0\0\x40\x02\0\0\x52\x13\0\0\x19\0\0\0\x80\x02\0\0\x7f\x74\
\0\0\x16\0\0\0\xc0\x02\0\0\x8a\x74\0\0\x16\0\0\0\xe0\x02\0\0\x92\x74\0\0\x91\
\x04\0\0\0\x03\0\0\x18\x19\0\0\x9d\0\0\0\x20\x03\0\0\x55\x1d\0\0\xf3\0\0\0\x40\
\x03\0\0\xcd\x19\0\0\x91\0\0\0\x80\x03\0\0\xa2\x04\0\0\x48\x04\0\0\xc0\x03\0\0\
\x98\x74\0\0\x36\0\0\0\0\x04\0\0\x9f\x74\0\0\x2a\0\0\0\x40\x04\0\0\x6e\x1f\0\0\
\x19\x01\0\0\0\x05\0\0\x70\x24\0\0\x72\x01\0\0\x40\x05\0\0\xac\0\0\0\x40\0\0\0\
\x50\x05\0\0\xab\x74\0\0\x40\0\0\0\x58\x05\0\0\xb3\x74\0\0\x92\x04\0\0\x60\x05\
\0\0\xbf\x74\0\0\x17\0\0\x04\xc0\0\0\0\xd0\x74\0\0\x4b\x04\0\0\0\0\0\0\xd7\x74\
\0\0\x4d\x04\0\0\x40\0\0\0\xe0\x74\0\0\x51\x04\0\0\x80\0\0\0\xeb\x74\0\0\x53\
\x04\0\0\xc0\0\0\0\xf3\x74\0\0\x55\x04\0\0\0\x01\0\0\xfc\x74\0\0\x57\x04\0\0\
\x40\x01\0\0\x3c\x20\0\0\x59\x04\0\0\x80\x01\0\0\x03\x75\0\0\x5b\x04\0\0\xc0\
\x01\0\0\x76\x53\0\0\x5d\x04\0\0\0\x02\0\0\x0a\x75\0\0\x5f\x04\0\0\x40\x02\0\0\
\x10\x75\0\0\x5b\x04\0\0\x80\x02\0\0\x16\x75\0\0\x61\x04\0\0\xc0\x02\0\0\x1c\
\x75\0\0\x63\x04\0\0\0\x03\0\0\x23\x75\0\0\x65\x04\0\0\x40\x03\0\0\x2b\x75\0\0\
\x69\x04\0\0\x80\x03\0\0\x33\x75\0\0\x6d\x04\0\0\xc0\x03\0\0\x3d\x75\0\0\x6f\
\x04\0\0\0\x04\0\0\x44\x75\0\0\x74\x04\0\0\x40\x04\0\0\x50\x75\0\0\x77\x04\0\0\
\x80\x04\0\0\x5c\x75\0\0\x5f\x04\0\0\xc0\x04\0\0\x64\x75\0\0\x79\x04\0\0\0\x05\
\0\0\x6c\x75\0\0\x7b\x04\0\0\x40\x05\0\0\x79\x75\0\0\x7f\x04\0\0\x80\x05\0\0\0\
\0\0\0\0\0\0\x02\x4c\x04\0\0\0\0\0\0\x03\0\0\x0d\x86\0\0\0\0\0\0\0\x87\0\0\0\0\
\0\0\0\x86\0\0\0\0\0\0\0\x16\0\0\0\0\0\0\0\0\0\0\x02\x4e\x04\0\0\0\0\0\0\x03\0\
\0\x0d\xc2\0\0\0\0\0\0\0\x86\0\0\0\0\0\0\0\x87\0\0\0\0\0\0\0\x4f\x04\0\0\0\0\0\
\0\0\0\0\x02\x50\x04\0\0\x86\x75\0\0\x02\0\0\x04\x10\0\0\0\xa9\x1b\0\0\xc8\x02\
\0\0\0\0\0\0\x93\x75\0\0\x19\0\0\0\x40\0\0\0\0\0\0\0\0\0\0\x02\x52\x04\0\0\0\0\
\0\0\x03\0\0\x0d\x02\0\0\0\0\0\0\0\xb6\0\0\0\0\0\0\0\x87\0\0\0\0\0\0\0\x02\0\0\
\0\0\0\0\0\0\0\0\x02\x54\x04\0\0\0\0\0\0\x03\0\0\x0d\xe4\x01\0\0\0\0\0\0\x87\0\
\0\0\0\0\0\0\x02\0\0\0\0\0\0\0\x77\0\0\0\0\0\0\0\0\0\0\x02\x56\x04\0\0\0\0\0\0\
\x03\0\0\x0d\x02\0\0\0\0\0\0\0\x86\0\0\0\0\0\0\0\x19\x01\0\0\0\0\0\0\x02\0\0\0\
\0\0\0\0\0\0\0\x02\x58\x04\0\0\0\0\0\0\x05\0\0\x0d\x02\0\0\0\0\0\0\0\xb6\0\0\0\
\0\0\0\0\x87\0\0\0\0\0\0\0\x86\0\0\0\0\0\0\0\x72\x01\0\0\0\0\0\0\x77\0\0\0\0\0\
\0\0\0\0\0\x02\x5a\x04\0\0\0\0\0\0\x03\0\0\x0d\x02\0\0\0\0\0\0\0\x86\0\0\0\0\0\
\0\0\x87\0\0\0\0\0\0\0\x86\0\0\0\0\0\0\0\0\0\0\x02\x5c\x04\0\0\0\0\0\0\x02\0\0\
\x0d\x02\0\0\0\0\0\0\0\x87\0\0\0\0\0\0\0\x86\0\0\0\0\0\0\0\0\0\0\x02\x5e\x04\0\
\0\0\0\0\0\x04\0\0\x0d\x02\0\0\0\0\0\0\0\xb6\0\0\0\0\0\0\0\x87\0\0\0\0\0\0\0\
\x86\0\0\0\0\0\0\0\xc2\0\0\0\0\0\0\0\0\0\0\x02\x60\x04\0\0\0\0\0\0\x04\0\0\x0d\
\x02\0\0\0\0\0\0\0\xb6\0\0\0\0\0\0\0\x87\0\0\0\0\0\0\0\x86\0\0\0\0\0\0\0\x72\
\x01\0\0\0\0\0\0\0\0\0\x02\x62\x04\0\0\0\0\0\0\x05\0\0\x0d\x02\0\0\0\0\0\0\0\
\xb6\0\0\0\0\0\0\0\x87\0\0\0\0\0\0\0\x86\0\0\0\0\0\0\0\x72\x01\0\0\0\0\0\0\xee\
\x01\0\0\0\0\0\0\0\0\0\x02\x64\x04\0\0\0\0\0\0\x06\0\0\x0d\x02\0\0\0\0\0\0\0\
\xb6\0\0\0\0\0\0\0\x87\0\0\0\0\0\0\0\x86\0\0\0\0\0\0\0\x87\0\0\0\0\0\0\0\x86\0\
\0\0\0\0\0\0\x16\0\0\0\0\0\0\0\0\0\0\x02\x66\x04\0\0\0\0\0\0\x03\0\0\x0d\x02\0\
\0\0\0\0\0\0\xb6\0\0\0\0\0\0\0\x86\0\0\0\0\0\0\0\x67\x04\0\0\0\0\0\0\0\0\0\x02\
\x68\x04\0\0\x70\x53\0\0\x09\0\0\x04\x50\0\0\0\x97\x75\0\0\x16\0\0\0\0\0\0\0\
\xa0\x75\0\0\x72\x01\0\0\x20\0\0\0\xa8\x75\0\0\x9d\0\0\0\x40\0\0\0\xaf\x75\0\0\
\xf3\0\0\0\x60\0\0\0\xb6\x75\0\0\x91\0\0\0\x80\0\0\0\xbe\x75\0\0\xf0\x01\0\0\
\xc0\0\0\0\xc7\x75\0\0\xf0\x01\0\0\x40\x01\0\0\xd0\x75\0\0\xf0\x01\0\0\xc0\x01\
\0\0\xd9\x75\0\0\x81\0\0\0\x40\x02\0\0\0\0\0\0\0\0\0\x02\x6a\x04\0\0\0\0\0\0\
\x05\0\0\x0d\x02\0\0\0\0\0\0\0\xb6\0\0\0\0\0\0\0\x34\x04\0\0\0\0\0\0\x6b\x04\0\
\0\0\0\0\0\x14\0\0\0\0\0\0\0\x16\0\0\0\0\0\0\0\0\0\0\x02\x6c\x04\0\0\xe1\x75\0\
\0\x12\0\0\x04\x90\0\0\0\xe7\x75\0\0\x14\0\0\0\0\0\0\0\x70\x24\0\0\x72\x01\0\0\
\x20\0\0\0\x92\x74\0\0\x16\0\0\0\x40\0\0\0\xf3\x75\0\0\x05\x01\0\0\x60\0\0\0\
\xfb\x75\0\0\x10\0\0\0\x80\0\0\0\x06\x76\0\0\x10\0\0\0\xc0\0\0\0\x16\x76\0\0\
\x10\0\0\0\0\x01\0\0\x97\x2b\0\0\xee\x01\0\0\x40\x01\0\0\x1a\x76\0\0\xee\x01\0\
\0\x60\x01\0\0\x18\x19\0\0\x9d\0\0\0\x80\x01\0\0\x55\x1d\0\0\xf3\0\0\0\xa0\x01\
\0\0\xcd\x19\0\0\x91\0\0\0\xc0\x01\0\0\x1f\x76\0\0\xf0\x01\0\0\0\x02\0\0\x25\
\x76\0\0\xf0\x01\0\0\x80\x02\0\0\x2b\x76\0\0\xf0\x01\0\0\0\x03\0\0\x31\x76\0\0\
\xf0\x01\0\0\x80\x03\0\0\x37\x76\0\0\x10\0\0\0\0\x04\0\0\x3e\x76\0\0\x10\0\0\0\
\x40\x04\0\0\0\0\0\0\0\0\0\x02\x6e\x04\0\0\0\0\0\0\x03\0\0\x0d\x26\x02\0\0\0\0\
\0\0\x86\0\0\0\0\0\0\0\x19\x01\0\0\0\0\0\0\x10\x01\0\0\0\0\0\0\0\0\0\x02\x70\
\x04\0\0\0\0\0\0\x04\0\0\x0d\x02\0\0\0\0\0\0\0\x87\0\0\0\0\0\0\0\x71\x04\0\0\0\
\0\0\0\x10\0\0\0\0\0\0\0\x10\0\0\0\0\0\0\0\0\0\0\x02\x72\x04\0\0\x45\x76\0\0\
\x04\0\0\x04\x18\0\0\0\x58\x76\0\0\x16\0\0\0\0\0\0\0\x61\x76\0\0\x16\0\0\0\x20\
\0\0\0\x73\x76\0\0\x16\0\0\0\x40\0\0\0\x82\x76\0\0\x73\x04\0\0\x80\0\0\0\0\0\0\
\0\0\0\0\x02\x96\x07\0\0\0\0\0\0\0\0\0\x02\x75\x04\0\0\0\0\0\0\x03\0\0\x0d\x02\
\0\0\0\0\0\0\0\x87\0\0\0\0\0\0\0\x76\x04\0\0\0\0\0\0\x02\0\0\0\0\0\0\0\0\0\0\
\x02\xf0\x01\0\0\0\0\0\0\0\0\0\x02\x78\x04\0\0\0\0\0\0\x05\0\0\x0d\x02\0\0\0\0\
\0\0\0\x87\0\0\0\0\0\0\0\x86\0\0\0\0\0\0\0\x81\0\0\0\0\0\0\0\x16\0\0\0\0\0\0\0\
\x72\x01\0\0\0\0\0\0\0\0\0\x02\x7a\x04\0\0\0\0\0\0\x04\0\0\x0d\x02\0\0\0\0\0\0\
\0\xb6\0\0\0\0\0\0\0\x87\0\0\0\0\0\0\0\xe4\x01\0\0\0\0\0\0\x02\0\0\0\0\0\0\0\0\
\0\0\x02\x7c\x04\0\0\0\0\0\0\x03\0\0\x0d\x02\0\0\0\0\0\0\0\xb6\0\0\0\0\0\0\0\
\x86\0\0\0\0\0\0\0\x7d\x04\0\0\0\0\0\0\0\0\0\x02\x7e\x04\0\0\x93\x76\0\0\x08\0\
\0\x84\x1c\0\0\0\xac\0\0\0\x14\0\0\0\0\0\0\0\x9c\x76\0\0\x14\0\0\0\x20\0\0\0\
\xa7\x76\0\0\x14\0\0\0\x40\0\0\0\xb3\x76\0\0\x14\0\0\0\x60\0\0\0\xc0\x76\0\0\
\x14\0\0\0\x80\0\0\0\xcb\x76\0\0\x14\0\0\0\xa0\0\0\0\xda\x76\0\0\x77\0\0\0\xc0\
\0\0\x01\xe6\x76\0\0\x77\0\0\0\xc1\0\0\x01\0\0\0\0\0\0\0\x02\x80\x04\0\0\0\0\0\
\0\x02\0\0\x0d\x02\0\0\0\0\0\0\0\x86\0\0\0\0\0\0\0\x7d\x04\0\0\0\0\0\0\x02\0\0\
\x05\x08\0\0\0\xf0\x76\0\0\x82\x04\0\0\0\0\0\0\xf9\x76\0\0\x88\0\0\0\0\0\0\0\0\
\0\0\0\0\0\0\x02\x83\x04\0\0\0\0\0\0\0\0\0\x0a\xde\x06\0\0\0\0\0\0\x02\0\0\x05\
\x08\0\0\0\x06\x77\0\0\x32\x01\0\0\0\0\0\0\x0e\x77\0\0\x8c\x04\0\0\0\0\0\0\x1a\
\x77\0\0\x04\0\0\x04\x20\0\0\0\xc7\x19\0\0\x86\x04\0\0\0\0\0\0\x66\x2c\0\0\x88\
\x04\0\0\x40\0\0\0\x60\x0b\0\0\x8a\x04\0\0\x80\0\0\0\x29\x77\0\0\x8c\x04\0\0\
\xc0\0\0\0\0\0\0\0\0\0\0\x02\x87\x04\0\0\0\0\0\0\x02\0\0\x0d\x19\0\0\0\0\0\0\0\
\x30\x01\0\0\0\0\0\0\x77\x01\0\0\0\0\0\0\0\0\0\x02\x89\x04\0\0\0\0\0\0\x02\0\0\
\x0d\0\0\0\0\0\0\0\0\x30\x01\0\0\0\0\0\0\x19\0\0\0\0\0\0\0\0\0\0\x02\x8b\x04\0\
\0\0\0\0\0\x03\0\0\x0d\x19\0\0\0\0\0\0\0\x30\x01\0\0\0\0\0\0\x19\0\0\0\0\0\0\0\
\x77\x01\0\0\0\0\0\0\0\0\0\x02\x8d\x04\0\0\0\0\0\0\x02\0\0\x0d\x02\0\0\0\0\0\0\
\0\x30\x01\0\0\0\0\0\0\x19\0\0\0\x2e\x77\0\0\0\0\0\x08\x8f\x04\0\0\0\0\0\0\0\0\
\0\x02\x90\x04\0\0\0\0\0\0\x03\0\0\x0d\x02\0\0\0\0\0\0\0\x81\0\0\0\0\0\0\0\x19\
\x01\0\0\0\0\0\0\x10\x01\0\0\x3b\x77\0\0\0\0\0\x08\x14\0\0\0\0\0\0\0\0\0\0\x03\
\0\0\0\0\xc4\0\0\0\x04\0\0\0\0\0\0\0\0\0\0\0\0\0\0\x02\x94\x04\0\0\x43\x77\0\0\
\x5c\0\0\x84\x10\x03\0\0\x48\x77\0\0\x95\x04\0\0\0\0\0\0\x54\x77\0\0\xb2\x04\0\
\0\x40\x04\0\0\x5c\x77\0\0\x1c\0\0\0\x40\x05\0\0\x65\x77\0\0\x02\0\0\0\x60\x05\
\0\0\x71\x77\0\0\xb4\x04\0\0\x80\x05\0\0\x80\x77\0\0\xb5\x04\0\0\x40\x06\0\0\
\x90\x77\0\0\xb4\x04\0\0\x80\x06\0\0\xa1\x77\0\0\xcd\x04\0\0\x40\x07\0\0\xac\
\x77\0\0\x02\0\0\0\0\x08\0\0\xbd\x77\0\0\x16\0\0\0\x20\x08\0\0\xc8\x77\0\0\x16\
\0\0\0\x40\x08\0\0\xd3\x77\0\0\x02\0\0\0\x60\x08\0\0\xdd\x77\0\0\xce\x04\0\0\
\x80\x08\0\0\0\0\0\0\xcf\x04\0\0\xc0\x08\0\0\xe7\x77\0\0\xe0\x04\0\0\0\x09\0\0\
\xf1\x77\0\0\xe1\x04\0\0\x80\x09\0\0\xfb\x77\0\0\x02\0\0\0\xc0\x09\0\0\x0d\x78\
\0\0\x14\0\0\0\xe0\x09\0\0\x1e\x78\0\0\xe1\x04\0\0\0\x0a\0\0\x2b\x78\0\0\x1c\0\
\0\0\x40\x0a\0\0\x39\x78\0\0\x02\0\0\0\x60\x0a\0\0\x43\x78\0\0\x02\0\0\0\x80\
\x0a\0\0\x52\x78\0\0\x1a\0\0\0\xa0\x0a\0\0\x60\x78\0\0\x0f\0\0\0\xc0\x0a\0\0\0\
\0\0\0\x5f\x05\0\0\0\x0b\0\0\x6d\x78\0\0\xb5\x04\0\0\x40\x0b\0\0\x7d\x78\0\0\
\xb4\x04\0\0\x80\x0b\0\0\x8c\x78\0\0\xff\0\0\0\x40\x0c\0\0\x98\x78\0\0\x02\0\0\
\0\x60\x0c\0\0\xa9\x78\0\0\x15\0\0\0\x80\x0c\0\0\xc0\x78\0\0\x14\0\0\0\xa0\x0c\
\0\0\xd1\x78\0\0\x44\0\0\0\xc0\x0c\0\0\xdd\x78\0\0\xb9\x01\0\0\0\x0d\0\0\xe6\
\x78\0\0\x15\0\0\0\x40\x0e\0\0\xf2\x78\0\0\x15\0\0\0\x60\x0e\0\0\xfa\x78\0\0\
\x0f\0\0\0\x80\x0e\0\0\x09\x79\0\0\x0f\0\0\0\xc0\x0e\0\0\x1c\x79\0\0\xb3\x01\0\
\0\0\x0f\0\0\x24\x79\0\0\xe9\x04\0\0\x80\x0f\0\0\x32\x79\0\0\xe9\x04\0\0\xc0\
\x0f\0\0\x42\x79\0\0\xe9\x04\0\0\0\x10\0\0\x57\x79\0\0\x02\0\0\0\x40\x10\0\0\
\x63\x79\0\0\x16\0\0\0\x60\x10\0\0\x73\x79\0\0\xa7\x02\0\0\x80\x10\0\0\x81\x79\
\0\0\x15\0\0\0\xa0\x10\0\0\x8b\x79\0\0\x40\0\0\0\xc0\x10\0\x01\x96\x79\0\0\x40\
\0\0\0\xc1\x10\0\x01\xa3\x79\0\0\x40\0\0\0\xc2\x10\0\x01\xb2\x79\0\0\x40\0\0\0\
\xc3\x10\0\x01\xc1\x79\0\0\x40\0\0\0\xc4\x10\0\x04\xce\x79\0\0\x40\0\0\0\xc8\
\x10\0\0\xde\x79\0\0\x22\0\0\0\xd0\x10\0\0\xe6\x79\0\0\x22\0\0\0\xe0\x10\0\0\
\xf2\x79\0\0\x22\0\0\0\xf0\x10\0\0\x02\x7a\0\0\x0f\0\0\0\0\x11\0\0\x10\x7a\0\0\
\xa2\x04\0\0\x40\x11\0\0\x20\x7a\0\0\x94\0\0\0\x80\x11\0\0\x31\x7a\0\0\x02\0\0\
\0\xc0\x11\0\0\x38\x7a\0\0\x02\0\0\0\xe0\x11\0\0\x44\x7a\0\0\x14\0\0\0\0\x12\0\
\0\x53\x7a\0\0\x14\0\0\0\x20\x12\0\0\x66\x7a\0\0\x9d\0\0\0\x40\x12\0\0\x6d\x7a\
\0\0\x40\0\0\0\x60\x12\0\0\x81\x7a\0\0\x22\0\0\0\x70\x12\0\0\x95\x7a\0\0\x8a\0\
\0\0\x80\x12\0\0\xa2\x7a\0\0\x9b\0\0\0\xc0\x12\0\0\xae\x7a\0\0\xa1\0\0\0\0\x13\
\0\0\xbb\x7a\0\0\x44\0\0\0\x40\x13\0\0\xc7\x7a\0\0\x4c\0\0\0\x80\x13\0\0\xd0\
\x7a\0\0\x22\0\0\0\xc0\x13\0\0\xdb\x7a\0\0\x02\0\0\0\xe0\x13\0\0\xe7\x7a\0\0\
\x40\0\0\0\0\x14\0\0\xf3\x7a\0\0\x1c\0\0\0\x20\x14\0\0\xfc\x7a\0\0\x1c\0\0\0\
\x40\x14\0\0\x05\x7b\0\0\x40\0\0\0\x60\x14\0\0\x10\x7b\0\0\x40\0\0\0\x68\x14\0\
\x01\x28\x7b\0\0\x40\0\0\0\x69\x14\0\x01\x40\x7b\0\0\x40\0\0\0\x6a\x14\0\x06\
\x51\x7b\0\0\xa5\x05\0\0\x80\x14\0\0\x5b\x7b\0\0\x19\0\0\0\xc0\x14\0\0\x68\x7b\
\0\0\x19\0\0\0\0\x15\0\0\x74\x7b\0\0\xa6\x05\0\0\x40\x15\0\0\x81\x7b\0\0\x40\
\x04\0\0\xc0\x15\0\0\x8a\x7b\0\0\x72\x05\0\0\0\x16\0\0\x9a\x7b\0\0\x72\x05\0\0\
\x40\x16\0\0\xa8\x7b\0\0\x72\x05\0\0\x80\x16\0\0\xb7\x7b\0\0\x72\x05\0\0\xc0\
\x16\0\0\xc7\x7b\0\0\x88\x05\0\0\0\x17\0\0\xd6\x7b\0\0\x72\x05\0\0\x40\x17\0\0\
\xe2\x7b\0\0\xa7\x05\0\0\x80\x17\0\0\xf2\x7b\0\0\xbe\x01\0\0\xc0\x17\0\0\x01\
\x7c\0\0\x62\0\0\0\0\x18\0\0\x08\x7c\0\0\x19\0\0\x84\x88\0\0\0\0\0\0\0\x96\x04\
\0\0\0\0\0\0\0\0\0\0\x9a\x04\0\0\x40\0\0\0\0\0\0\0\x9c\x04\0\0\x60\0\0\0\x14\
\x7c\0\0\x24\0\0\0\x80\0\0\0\x1f\x7c\0\0\xa0\x04\0\0\x90\0\0\0\x29\x7c\0\0\x42\
\0\0\0\x98\0\0\x04\x33\x7c\0\0\x42\0\0\0\x9c\0\0\x01\x41\x7c\0\0\x42\0\0\0\x9d\
\0\0\x01\x4e\x7c\0\0\x42\0\0\0\x9e\0\0\x01\x5d\x7c\0\0\x02\0\0\0\xa0\0\0\0\0\0\
\0\0\xa1\x04\0\0\xc0\0\0\0\x6e\x7c\0\0\xa2\x04\0\0\x40\x01\0\0\x77\x7c\0\0\xa3\
\x04\0\0\x80\x01\0\0\x7f\x7c\0\0\xa5\x04\0\0\xc0\x01\0\0\x8c\x7c\0\0\xa5\x04\0\
\0\x40\x02\0\0\x9d\x7c\0\0\x5b\0\0\0\xc0\x02\0\0\0\0\0\0\xa9\x04\0\0\0\x03\0\0\
\xa8\x7c\0\0\xab\x04\0\0\x40\x03\0\0\0\0\0\0\xac\x04\0\0\x40\x03\0\0\xbb\x7c\0\
\0\x24\0\0\0\xc0\x03\0\0\xd0\x7c\0\0\x24\0\0\0\xd0\x03\0\0\0\0\0\0\xb0\x04\0\0\
\xe0\x03\0\0\xe5\x7c\0\0\x1a\0\0\0\0\x04\0\0\xf0\x7c\0\0\xab\x04\0\0\x20\x04\0\
\0\0\0\0\0\xb1\x04\0\0\x20\x04\0\0\0\0\0\0\x02\0\0\x05\x08\0\0\0\x01\x7d\0\0\
\x97\x04\0\0\0\0\0\0\0\0\0\0\x98\x04\0\0\0\0\0\0\x0e\x7d\0\0\0\0\0\x08\x11\0\0\
\0\0\0\0\0\x02\0\0\x04\x08\0\0\0\x19\x7d\0\0\x99\x04\0\0\0\0\0\0\x23\x7d\0\0\
\x99\x04\0\0\x20\0\0\0\x31\x7d\0\0\0\0\0\x08\x15\0\0\0\0\0\0\0\x02\0\0\x05\x04\
\0\0\0\x38\x7d\0\0\x16\0\0\0\0\0\0\0\x41\x7d\0\0\x9b\x04\0\0\0\0\0\0\0\0\0\0\0\
\0\0\x03\0\0\0\0\x23\0\0\0\x04\0\0\0\x02\0\0\0\0\0\0\0\x02\0\0\x05\x04\0\0\0\
\x4f\x7d\0\0\x9d\x04\0\0\0\0\0\0\0\0\0\0\x9e\x04\0\0\0\0\0\0\x5c\x7d\0\0\0\0\0\
\x08\x15\0\0\0\0\0\0\0\x02\0\0\x04\x04\0\0\0\x67\x7d\0\0\x9f\x04\0\0\0\0\0\0\
\x71\x7d\0\0\x23\0\0\0\x10\0\0\0\x79\x7d\0\0\0\0\0\x08\x23\0\0\0\0\0\0\0\0\0\0\
\x09\x42\0\0\0\0\0\0\0\x02\0\0\x05\x10\0\0\0\x80\x7d\0\0\xe8\0\0\0\0\0\0\0\x8e\
\x7d\0\0\xe8\0\0\0\0\0\0\0\0\0\0\0\0\0\0\x02\x60\x05\0\0\xa0\x7d\0\0\0\0\0\x08\
\xa4\x04\0\0\0\0\0\0\x01\0\0\x04\x08\0\0\0\xcc\x72\0\0\x37\x03\0\0\0\0\0\0\xaf\
\x7d\0\0\x01\0\0\x04\x10\0\0\0\xb8\x7d\0\0\xa6\x04\0\0\0\0\0\0\0\0\0\0\x03\0\0\
\x05\x10\0\0\0\xbe\x7d\0\0\x18\x04\0\0\0\0\0\0\xc7\x7d\0\0\xa7\x04\0\0\0\0\0\0\
\xd1\x7d\0\0\xa8\x04\0\0\0\0\0\0\0\0\0\0\0\0\0\x03\0\0\0\0\x9f\x04\0\0\x04\0\0\
\0\x08\0\0\0\0\0\0\0\0\0\0\x03\0\0\0\0\x99\x04\0\0\x04\0\0\0\x04\0\0\0\0\0\0\0\
\x03\0\0\x05\x08\0\0\0\xdb\x7d\0\0\x0f\0\0\0\0\0\0\0\xe5\x7d\0\0\x93\x04\0\0\0\
\0\0\0\xf2\x7d\0\0\xaa\x04\0\0\0\0\0\0\0\0\0\0\0\0\0\x02\xc4\x05\0\0\0\0\0\0\0\
\0\0\x03\0\0\0\0\x02\0\0\0\x04\0\0\0\0\0\0\0\0\0\0\0\x02\0\0\x05\x10\0\0\0\xfc\
\x7d\0\0\xe8\0\0\0\0\0\0\0\x05\x7e\0\0\xad\x04\0\0\0\0\0\0\x14\x7e\0\0\x02\0\0\
\x04\x10\0\0\0\x60\x0b\0\0\xae\x04\0\0\0\0\0\0\xdf\x1c\0\0\xaf\x04\0\0\x40\0\0\
\0\0\0\0\0\0\0\0\x02\xad\x04\0\0\0\0\0\0\0\0\0\x02\xae\x04\0\0\0\0\0\0\x03\0\0\
\x05\x04\0\0\0\x25\x7e\0\0\x02\0\0\0\0\0\0\0\x36\x7e\0\0\x14\0\0\0\0\0\0\0\x42\
\x7e\0\0\x14\0\0\0\0\0\0\0\0\0\0\0\x03\0\0\x05\x04\0\0\0\x51\x7e\0\0\x14\0\0\0\
\0\0\0\0\x5c\x7e\0\0\x14\0\0\0\0\0\0\0\x6d\x7e\0\0\x14\0\0\0\0\0\0\0\x7c\x7e\0\
\0\0\0\0\x08\xb3\x04\0\0\0\0\0\0\x03\0\0\x04\x20\0\0\0\x8a\x7e\0\0\x8a\0\0\0\0\
\0\0\0\x90\x7e\0\0\x02\0\0\0\x20\0\0\0\xa1\x13\0\0\xe3\0\0\0\x40\0\0\0\x96\x7e\
\0\0\x04\0\0\x04\x18\0\0\0\x60\x0b\0\0\xb5\x04\0\0\0\0\0\0\x81\x0c\0\0\xb5\x04\
\0\0\x40\0\0\0\xa3\x7e\0\0\x15\0\0\0\x80\0\0\0\x7e\x10\0\0\x8a\0\0\0\xa0\0\0\0\
\0\0\0\0\0\0\0\x02\xb6\x04\0\0\xa8\x7e\0\0\x4c\0\0\x84\xe0\0\0\0\0\0\0\0\xb7\
\x04\0\0\0\0\0\0\0\0\0\0\xbb\x04\0\0\xc0\0\0\0\0\0\0\0\xbc\x04\0\0\0\x01\0\0\
\xb0\x7e\0\0\xbd\x04\0\0\x40\x01\0\0\0\0\0\0\xbe\x04\0\0\xc0\x02\0\0\xb3\x7e\0\
\0\x0f\0\0\0\x40\x03\0\0\x7b\x42\0\0\x16\0\0\0\x80\x03\0\0\xb9\x7e\0\0\x16\0\0\
\0\xa0\x03\0\0\xc2\x7e\0\0\x23\0\0\0\xc0\x03\0\0\xca\x7e\0\0\x23\0\0\0\xd0\x03\
\0\0\xd2\x7e\0\0\x23\0\0\0\xe0\x03\0\0\xe0\x7e\0\0\xc2\x04\0\0\xf0\x03\0\0\xf0\
\x7e\0\0\x41\0\0\0\xf0\x03\0\x01\xf7\x7e\0\0\x41\0\0\0\xf1\x03\0\x01\xfd\x7e\0\
\0\x41\0\0\0\xf2\x03\0\x02\x04\x7f\0\0\x41\0\0\0\xf4\x03\0\x01\x0b\x7f\0\0\x41\
\0\0\0\xf5\x03\0\x01\x15\x7f\0\0\x41\0\0\0\xf6\x03\0\x01\x20\x7f\0\0\x41\0\0\0\
\xf7\x03\0\x01\x2b\x7f\0\0\x41\0\0\0\xf8\x03\0\0\x3d\x7f\0\0\xc3\x04\0\0\0\x04\
\0\0\x4b\x7f\0\0\xc2\x04\0\0\0\x04\0\0\x5d\x7f\0\0\x41\0\0\0\0\x04\0\x03\x66\
\x7f\0\0\x41\0\0\0\x03\x04\0\x01\x70\x7f\0\0\x41\0\0\0\x04\x04\0\x01\x79\x7f\0\
\0\x41\0\0\0\x05\x04\0\x02\x83\x7f\0\0\x41\0\0\0\x07\x04\0\x01\x8c\x7f\0\0\x41\
\0\0\0\x08\x04\0\x01\x94\x7f\0\0\x41\0\0\0\x09\x04\0\x01\x9c\x7f\0\0\x41\0\0\0\
\x0a\x04\0\x01\xad\x7f\0\0\x41\0\0\0\x0b\x04\0\x01\xb8\x7f\0\0\x41\0\0\0\x0c\
\x04\0\x01\xbf\x7f\0\0\x41\0\0\0\x0d\x04\0\x01\xcd\x7f\0\0\x41\0\0\0\x0e\x04\0\
\x01\xdc\x7f\0\0\x41\0\0\0\x0f\x04\0\x01\xe7\x7f\0\0\xc2\x04\0\0\x10\x04\0\0\
\x01\x80\0\0\x41\0\0\0\x10\x04\0\x01\x0e\x80\0\0\x41\0\0\0\x11\x04\0\x01\x1f\
\x80\0\0\x41\0\0\0\x12\x04\0\x02\x2a\x80\0\0\x41\0\0\0\x14\x04\0\x01\x38\x80\0\
\0\x41\0\0\0\x15\x04\0\x01\x4c\x80\0\0\x41\0\0\0\x16\x04\0\x02\x5b\x80\0\0\x41\
\0\0\0\x18\x04\0\x01\x69\x80\0\0\x41\0\0\0\x19\x04\0\x01\x7d\x80\0\0\x41\0\0\0\
\x1a\x04\0\x01\x8d\x80\0\0\x41\0\0\0\x1b\x04\0\x01\x9e\x80\0\0\x41\0\0\0\x1c\
\x04\0\x01\xac\x80\0\0\x41\0\0\0\x1d\x04\0\x01\xb7\x80\0\0\x41\0\0\0\x1e\x04\0\
\x01\xc0\x80\0\0\x41\0\0\0\x1f\x04\0\x01\xcd\x80\0\0\x23\0\0\0\x20\x04\0\0\0\0\
\0\0\xc4\x04\0\0\x40\x04\0\0\x1a\x62\0\0\x15\0\0\0\x60\x04\0\0\xd6\x80\0\0\x02\
\0\0\0\x80\x04\0\0\x30\x1f\0\0\x15\0\0\0\xa0\x04\0\0\xde\x80\0\0\x9f\x04\0\0\
\xc0\x04\0\0\xe9\x80\0\0\x23\0\0\0\xd0\x04\0\0\0\0\0\0\xc7\x04\0\0\xe0\x04\0\0\
\xf2\x80\0\0\x15\0\0\0\0\x05\0\0\0\0\0\0\xc8\x04\0\0\x20\x05\0\0\0\0\0\0\xc9\
\x04\0\0\x40\x05\0\0\xfa\x80\0\0\x23\0\0\0\x50\x05\0\0\x11\x81\0\0\x23\0\0\0\
\x60\x05\0\0\x26\x81\0\0\x23\0\0\0\x70\x05\0\0\x37\x81\0\0\x9f\x04\0\0\x80\x05\
\0\0\x40\x81\0\0\x23\0\0\0\x90\x05\0\0\x51\x81\0\0\x23\0\0\0\xa0\x05\0\0\x60\
\x81\0\0\x23\0\0\0\xb0\x05\0\0\x6b\x81\0\0\xc3\x04\0\0\xc0\x05\0\0\xf5\x10\0\0\
\xca\x04\0\0\xc0\x05\0\0\x77\x81\0\0\xca\x04\0\0\xe0\x05\0\0\xc7\x1c\0\0\xcb\
\x04\0\0\0\x06\0\0\x52\x13\0\0\xcb\x04\0\0\x40\x06\0\0\x7b\x81\0\0\x16\0\0\0\
\x80\x06\0\0\x84\x81\0\0\x1a\0\0\0\xa0\x06\0\0\x8a\x81\0\0\xcc\x04\0\0\xc0\x06\
\0\0\0\0\0\0\x03\0\0\x05\x18\0\0\0\0\0\0\0\xb8\x04\0\0\0\0\0\0\x95\x81\0\0\x2a\
\0\0\0\0\0\0\0\x96\x12\0\0\x2c\0\0\0\0\0\0\0\0\0\0\0\x03\0\0\x04\x18\0\0\0\x60\
\x0b\0\0\xb5\x04\0\0\0\0\0\0\x81\x0c\0\0\xb5\x04\0\0\x40\0\0\0\0\0\0\0\xb9\x04\
\0\0\x80\0\0\0\0\0\0\0\x02\0\0\x05\x08\0\0\0\x97\x2b\0\0\xba\x04\0\0\0\0\0\0\
\x9c\x81\0\0\x0f\0\0\0\0\0\0\0\0\0\0\0\0\0\0\x02\xe3\x04\0\0\0\0\0\0\x02\0\0\
\x05\x08\0\0\0\xa8\x81\0\0\x93\x04\0\0\0\0\0\0\xab\x81\0\0\x02\0\0\0\0\0\0\0\0\
\0\0\0\x02\0\0\x05\x08\0\0\0\x95\x29\0\0\x4c\0\0\0\0\0\0\0\xbc\x81\0\0\x10\0\0\
\0\0\0\0\0\0\0\0\0\0\0\0\x03\0\0\0\0\xc4\0\0\0\x04\0\0\0\x30\0\0\0\0\0\0\0\x03\
\0\0\x05\x10\0\0\0\0\0\0\0\xbf\x04\0\0\0\0\0\0\xca\x81\0\0\x2c\0\0\0\0\0\0\0\
\xdd\x81\0\0\x0f\0\0\0\0\0\0\0\0\0\0\0\x02\0\0\x04\x10\0\0\0\xe7\x81\0\0\x0f\0\
\0\0\0\0\0\0\xf3\x81\0\0\xc0\x04\0\0\x40\0\0\0\0\0\0\0\0\0\0\x02\xc1\x04\0\0\0\
\0\0\0\x01\0\0\x0d\0\0\0\0\0\0\0\0\xb5\x04\0\0\0\0\0\0\0\0\0\x03\0\0\0\0\x41\0\
\0\0\x04\0\0\0\0\0\0\0\0\0\0\0\0\0\0\x03\0\0\0\0\x15\0\0\0\x04\0\0\0\0\0\0\0\0\
\0\0\0\x02\0\0\x05\x04\0\0\0\xfe\x81\0\0\xc5\x04\0\0\0\0\0\0\0\0\0\0\xc6\x04\0\
\0\0\0\0\0\x03\x82\0\0\0\0\0\x08\x15\0\0\0\0\0\0\0\x02\0\0\x04\x04\0\0\0\x0a\
\x82\0\0\x23\0\0\0\0\0\0\0\x15\x82\0\0\x23\0\0\0\x10\0\0\0\0\0\0\0\x02\0\0\x05\
\x04\0\0\0\x21\x82\0\0\x16\0\0\0\0\0\0\0\x29\x82\0\0\x16\0\0\0\0\0\0\0\0\0\0\0\
\x02\0\0\x05\x04\0\0\0\x34\x82\0\0\x15\0\0\0\0\0\0\0\x39\x82\0\0\x15\0\0\0\0\0\
\0\0\0\0\0\0\x02\0\0\x05\x02\0\0\0\x4b\x82\0\0\x9f\x04\0\0\0\0\0\0\x5a\x82\0\0\
\x41\0\0\0\0\0\0\0\x68\x82\0\0\0\0\0\x08\x16\0\0\0\0\0\0\0\0\0\0\x02\x42\0\0\0\
\0\0\0\0\0\0\0\x02\x56\x07\0\0\0\0\0\0\x04\0\0\x04\x18\0\0\0\x77\x82\0\0\x1c\0\
\0\0\0\0\0\0\x7b\x42\0\0\x02\0\0\0\x20\0\0\0\xc7\x1c\0\0\xb5\x04\0\0\x40\0\0\0\
\xf5\x10\0\0\xb5\x04\0\0\x80\0\0\0\0\0\0\0\0\0\0\x02\x5e\x07\0\0\0\0\0\0\x02\0\
\0\x05\x08\0\0\0\x82\x82\0\0\xd0\x04\0\0\0\0\0\0\x88\x82\0\0\xd0\x04\0\0\0\0\0\
\0\0\0\0\0\0\0\0\x02\xd1\x04\0\0\x92\x82\0\0\x04\0\0\x04\x40\0\0\0\x40\x24\0\0\
\xe3\0\0\0\0\0\0\0\x9c\x82\0\0\x52\x02\0\0\xc0\0\0\0\xac\0\0\0\x0f\0\0\0\0\x01\
\0\0\x92\x12\0\0\x62\0\0\0\x40\x01\0\0\0\0\0\0\0\0\0\x02\xd3\x04\0\0\xa8\x82\0\
\0\x1b\0\0\x04\x20\x03\0\0\xb4\x82\0\0\xa3\x04\0\0\0\0\0\0\xbb\x82\0\0\xe8\0\0\
\0\x40\0\0\0\xc1\x82\0\0\xe8\0\0\0\xc0\0\0\0\x7e\x10\0\0\x94\0\0\0\x40\x01\0\0\
\xed\x12\0\0\x1a\0\0\0\x80\x01\0\0\xbc\x3a\0\0\x14\0\0\0\xa0\x01\0\0\x19\x55\0\
\0\xb9\x01\0\0\xc0\x01\0\0\xc7\x82\0\0\x1c\0\0\0\0\x03\0\0\x1a\x62\0\0\x14\0\0\
\0\x20\x03\0\0\x07\x21\0\0\x14\0\0\0\x40\x03\0\0\xcd\x82\0\0\x14\0\0\0\x60\x03\
\0\0\x34\x82\0\0\xd4\x04\0\0\x80\x03\0\0\xd3\x82\0\0\xd5\x04\0\0\xc0\x03\0\0\
\xdc\x82\0\0\xd8\x04\0\0\x80\x05\0\0\xe0\x82\0\0\xd9\x04\0\0\x80\x07\0\0\xe7\
\x82\0\0\xda\x04\0\0\x80\x08\0\0\xec\x82\0\0\xdb\x04\0\0\x40\x09\0\0\xf1\x82\0\
\0\x77\0\0\0\x80\x0b\0\0\x19\0\0\0\x40\0\0\0\x88\x0b\0\0\0\x83\0\0\x40\0\0\0\
\x90\x0b\0\0\xac\0\0\0\x40\0\0\0\x98\x0b\0\0\x07\x83\0\0\x40\0\0\0\xa0\x0b\0\0\
\x0f\x83\0\0\x22\0\0\0\xb0\x0b\0\0\x29\x0a\0\0\xdc\x04\0\0\xc0\x0b\0\0\x16\x83\
\0\0\xdf\x04\0\0\0\x0c\0\0\x1f\x83\0\0\xe8\0\0\0\0\x18\0\0\x92\x12\0\0\x62\0\0\
\0\x80\x18\0\0\x32\x83\0\0\x02\0\0\x04\x08\0\0\0\x3c\x83\0\0\x15\0\0\0\0\0\0\0\
\x32\x3d\0\0\x15\0\0\0\x20\0\0\0\x3e\x83\0\0\x0c\0\0\x04\x38\0\0\0\x4c\x83\0\0\
\xd6\x04\0\0\0\0\0\0\x52\x83\0\0\xd6\x04\0\0\x80\0\0\0\x58\x83\0\0\x9f\x04\0\0\
\0\x01\0\0\x5e\x83\0\0\x9f\x04\0\0\x10\x01\0\0\x69\x83\0\0\x9f\x04\0\0\x20\x01\
\0\0\x6f\x83\0\0\x9f\x04\0\0\x30\x01\0\0\x0f\x83\0\0\x23\0\0\0\x40\x01\0\0\x7a\
\x83\0\0\x41\0\0\0\x50\x01\0\0\x86\x83\0\0\x41\0\0\0\x58\x01\0\0\x92\x83\0\0\
\x41\0\0\0\x60\x01\0\0\x04\x73\0\0\x02\0\0\0\x80\x01\0\0\x0c\x1e\0\0\xa0\0\0\0\
\xa0\x01\0\0\x98\x83\0\0\0\0\0\x08\xd7\x04\0\0\0\0\0\0\x03\0\0\x05\x10\0\0\0\
\xa7\x83\0\0\x99\x04\0\0\0\0\0\0\xaa\x83\0\0\xa8\x04\0\0\0\0\0\0\xad\x83\0\0\
\xa5\x04\0\0\0\0\0\0\xb1\x83\0\0\x08\0\0\x04\x40\0\0\0\xc3\x83\0\0\x11\0\0\0\0\
\0\0\0\xd3\x83\0\0\x11\0\0\0\x40\0\0\0\xe3\x83\0\0\x11\0\0\0\x80\0\0\0\xf5\x83\
\0\0\x11\0\0\0\xc0\0\0\0\x07\x84\0\0\x11\0\0\0\0\x01\0\0\x20\x84\0\0\x11\0\0\0\
\x40\x01\0\0\x39\x84\0\0\x11\0\0\0\x80\x01\0\0\x52\x84\0\0\x11\0\0\0\xc0\x01\0\
\0\x6b\x84\0\0\x04\0\0\x04\x20\0\0\0\x7d\x84\0\0\x11\0\0\0\0\0\0\0\x83\x84\0\0\
\x11\0\0\0\x40\0\0\0\x8b\x84\0\0\x11\0\0\0\x80\0\0\0\x94\x84\0\0\x11\0\0\0\xc0\
\0\0\0\x9d\x84\0\0\x02\0\0\x04\x18\0\0\0\xb4\x84\0\0\x2c\0\0\0\0\0\0\0\x98\x51\
\0\0\x40\0\0\0\x80\0\0\0\xb8\x84\0\0\x03\0\0\x04\x48\0\0\0\xca\x84\0\0\xb4\x04\
\0\0\0\0\0\0\xd5\x84\0\0\xb9\x01\0\0\xc0\0\0\0\x18\x11\0\0\x0f\0\0\0\0\x02\0\0\
\0\0\0\0\0\0\0\x02\x33\x07\0\0\xe0\x84\0\0\x0b\0\0\x04\x40\0\0\0\x03\x13\0\0\
\xde\x04\0\0\0\0\0\0\x52\x83\0\0\xd6\x04\0\0\xc0\0\0\0\xea\x84\0\0\x24\0\0\0\
\x40\x01\0\0\xf7\x84\0\0\x14\0\0\0\x60\x01\0\0\x70\x24\0\0\x40\0\0\0\x80\x01\0\
\0\xfd\x84\0\0\x40\0\0\0\x88\x01\0\0\x03\x85\0\0\x40\0\0\0\x90\x01\0\0\x0c\x85\
\0\0\x40\0\0\0\x98\x01\0\0\x14\x85\0\0\x14\0\0\0\xa0\x01\0\0\x1b\x85\0\0\x14\0\
\0\0\xc0\x01\0\0\x22\x85\0\0\x14\0\0\0\xe0\x01\0\0\x29\x85\0\0\x03\0\0\x04\x18\
\0\0\0\x4c\x83\0\0\xd6\x04\0\0\0\0\0\0\x31\x85\0\0\x99\x04\0\0\x80\0\0\0\x92\
\x83\0\0\x41\0\0\0\xa0\0\0\0\0\0\0\0\0\0\0\x03\0\0\0\0\xdd\x04\0\0\x04\0\0\0\
\x06\0\0\0\0\0\0\0\0\0\0\x03\0\0\0\0\xd2\x04\0\0\x04\0\0\0\x02\0\0\0\0\0\0\0\0\
\0\0\x02\xe2\x04\0\0\x35\x85\0\0\x13\0\0\x04\x70\0\0\0\x97\x2b\0\0\xba\x04\0\0\
\0\0\0\0\xbd\x23\0\0\x58\x05\0\0\x40\0\0\0\x3f\x85\0\0\x0f\0\0\0\x80\0\0\0\x3a\
\x12\0\0\x0f\0\0\0\xc0\0\0\0\x10\x74\0\0\x59\x05\0\0\0\x01\0\0\x48\x85\0\0\x5a\
\x05\0\0\x40\x01\0\0\x4e\x85\0\0\x5c\x05\0\0\x80\x01\0\0\xac\0\0\0\x24\0\0\0\
\xc0\x01\0\0\x55\x85\0\0\x06\x01\0\0\xd0\x01\0\0\x5e\x85\0\0\x24\0\0\0\xe0\x01\
\0\0\x69\x85\0\0\x24\0\0\0\xf0\x01\0\0\x75\x85\0\0\x1c\0\0\0\0\x02\0\0\x7e\x85\
\0\0\x02\0\0\0\x20\x02\0\0\x84\x85\0\0\x0f\0\0\0\x40\x02\0\0\x8c\x85\0\0\x5e\
\x05\0\0\x80\x02\0\0\xa4\x13\0\0\x62\0\0\0\xc0\x02\0\0\x95\x85\0\0\x06\x01\0\0\
\x40\x03\0\0\x9b\x85\0\0\x06\x01\0\0\x50\x03\0\0\xa1\x85\0\0\x15\0\0\0\x60\x03\
\0\0\xaa\x85\0\0\x84\0\0\x84\xc0\x08\0\0\x6e\x1f\0\0\x83\x01\0\0\0\0\0\0\xb5\
\x85\0\0\xe4\x04\0\0\x80\0\0\0\xbf\x85\0\0\xe5\x04\0\0\xc0\0\0\0\xc7\x85\0\0\
\x0f\0\0\0\0\x01\0\0\xcf\x85\0\0\x0f\0\0\0\x40\x01\0\0\xd9\x85\0\0\x0f\0\0\0\
\x80\x01\0\0\x0d\x12\0\0\x0f\0\0\0\xc0\x01\0\0\xe3\x85\0\0\x2c\0\0\0\0\x02\0\0\
\xec\x85\0\0\x2c\0\0\0\x80\x02\0\0\xf6\x85\0\0\x2c\0\0\0\0\x03\0\0\x01\x86\0\0\
\x2c\0\0\0\x80\x03\0\0\x0c\x86\0\0\x2c\0\0\0\0\x04\0\0\x16\x86\0\0\x2c\0\0\0\
\x80\x04\0\0\x25\x86\0\0\xe6\x04\0\0\0\x05\0\0\xac\0\0\0\x16\0\0\0\0\x06\0\0\
\x2e\x86\0\0\x16\0\0\0\x20\x06\0\0\x39\x86\0\0\xe7\x04\0\0\x40\x06\0\0\x04\x73\
\0\0\x02\0\0\0\x80\x06\0\0\x44\x86\0\0\x24\0\0\0\xa0\x06\0\0\x4b\x86\0\0\x24\0\
\0\0\xb0\x06\0\0\x5b\x86\0\0\x16\0\0\0\xc0\x06\0\0\x5f\x86\0\0\x24\0\0\0\xe0\
\x06\0\0\x6f\x86\0\0\x24\0\0\0\xf0\x06\0\0\x7f\x86\0\0\xe9\x04\0\0\0\x07\0\0\
\x88\x86\0\0\xe9\x04\0\0\x40\x07\0\0\x94\x86\0\0\xe9\x04\0\0\x80\x07\0\0\xa4\
\x86\0\0\xe9\x04\0\0\xc0\x07\0\0\xb2\x86\0\0\xe9\x04\0\0\0\x08\0\0\xc2\x86\0\0\
\xe9\x04\0\0\x40\x08\0\0\xd0\x86\0\0\xe9\x04\0\0\x80\x08\0\0\xe5\x86\0\0\x16\0\
\0\0\xc0\x08\0\0\xed\x86\0\0\x16\0\0\0\xe0\x08\0\0\x19\0\0\0\x24\0\0\0\0\x09\0\
\0\xf5\x86\0\0\x42\0\0\0\x10\x09\0\0\x04\x87\0\0\x42\0\0\0\x18\x09\0\0\xfc\x22\
\0\0\x02\0\0\0\x20\x09\0\0\x86\x57\0\0\xea\x04\0\0\x40\x09\0\0\x15\x87\0\0\x5a\
\0\0\0\0\x0f\0\0\x20\x87\0\0\x5a\0\0\0\x40\x0f\0\0\x2b\x87\0\0\x5a\0\0\0\x80\
\x0f\0\0\x38\x87\0\0\x1c\0\0\0\xc0\x0f\0\0\x49\x87\0\0\x1c\0\0\0\xe0\x0f\0\0\
\x5c\x87\0\0\x02\x05\0\0\0\x10\0\0\x68\x87\0\0\x04\x05\0\0\x40\x10\0\0\x72\x87\
\0\0\x06\x05\0\0\x80\x10\0\0\x7d\x87\0\0\x42\0\0\0\xc0\x10\0\0\x87\x87\0\0\x42\
\0\0\0\xc8\x10\0\0\x91\x87\0\0\x42\0\0\0\xd0\x10\0\0\x99\x87\0\0\x42\0\0\0\xd8\
\x10\0\0\x9d\x87\0\0\xa4\x03\0\0\xe0\x10\0\0\xa7\x87\0\0\x42\0\0\0\xe0\x11\0\0\
\xb8\x87\0\0\x42\0\0\0\xe8\x11\0\0\xc1\x87\0\0\x42\0\0\0\xf0\x11\0\0\xcd\x87\0\
\0\x42\0\0\0\xf8\x11\0\0\xd9\x87\0\0\x24\0\0\0\0\x12\0\0\xe8\x87\0\0\x24\0\0\0\
\x10\x12\0\0\xef\x87\0\0\x24\0\0\0\x20\x12\0\0\xf8\x87\0\0\x24\0\0\0\x30\x12\0\
\0\xff\x87\0\0\x8a\0\0\0\x40\x12\0\0\x0e\x88\0\0\x02\0\0\0\x60\x12\0\0\x12\x88\
\0\0\x08\x05\0\0\x80\x12\0\0\x15\x88\0\0\x08\x05\0\0\x80\x13\0\0\x18\x88\0\0\
\x08\x05\0\0\x80\x14\0\0\x22\x88\0\0\xd6\x01\0\0\x80\x15\0\0\x2e\x88\0\0\x16\0\
\0\0\xc0\x15\0\0\x3a\x88\0\0\x16\0\0\0\xe0\x15\0\0\x43\x88\0\0\x77\0\0\0\0\x16\
\0\0\x4e\x88\0\0\x0c\x05\0\0\x40\x16\0\0\x58\x88\0\0\x0d\x05\0\0\x80\x16\0\0\
\x5f\x88\0\0\x0e\x05\0\0\xc0\x16\0\0\x67\x88\0\0\x0f\x05\0\0\0\x17\0\0\x75\x88\
\0\0\x10\x05\0\0\x40\x17\0\0\x84\x88\0\0\xcb\x04\0\0\x80\x17\0\0\x8d\x88\0\0\
\x11\x05\0\0\xc0\x17\0\0\x91\x88\0\0\x16\0\0\0\0\x18\0\0\x9f\x88\0\0\x16\0\0\0\
\x20\x18\0\0\xb2\x88\0\0\x16\x03\0\0\x40\x18\0\0\xbb\x88\0\0\x0f\0\0\0\x80\x18\
\0\0\xcd\x88\0\0\x02\0\0\0\xc0\x18\0\0\xe2\x88\0\0\x12\x05\0\0\0\x19\0\0\xed\
\x88\0\0\x19\0\0\0\x40\x19\0\0\xfd\x88\0\0\x18\x05\0\0\x80\x19\0\0\x0b\x89\0\0\
\x19\x05\0\0\xc0\x19\0\0\x19\x89\0\0\x1a\x05\0\0\0\x1a\0\0\x2a\x89\0\0\xa4\x03\
\0\0\x40\x1a\0\0\x34\x89\0\0\x1b\x05\0\0\x40\x1b\0\0\x40\x89\0\0\xe8\0\0\0\x80\
\x1b\0\0\x4c\x89\0\0\x19\x05\0\0\0\x1c\0\0\x50\x89\0\0\x16\0\0\0\x40\x1c\0\0\
\x5e\x89\0\0\x16\0\0\0\x60\x1c\0\0\x71\x89\0\0\x1d\x05\0\0\x80\x1c\0\0\x77\x89\
\0\0\x16\0\0\0\xc0\x1c\0\0\x84\x89\0\0\x8a\0\0\0\xe0\x1c\0\0\x93\x89\0\0\x2e\
\x05\0\0\0\x1d\0\0\x9d\x89\0\0\x36\x05\0\0\x40\x1d\0\0\xa6\x89\0\0\x18\x05\0\0\
\xc0\x1d\0\0\xb3\x89\0\0\x3c\x05\0\0\0\x1e\0\0\xbe\x89\0\0\xb9\x01\0\0\0\x22\0\
\0\xcd\x89\0\0\x02\0\0\0\x40\x23\0\0\xdc\x89\0\0\x14\0\0\0\x60\x23\0\0\xee\x89\
\0\0\x2c\0\0\0\x80\x23\0\0\xf8\x89\0\0\xec\0\0\0\0\x24\0\0\x04\x8a\0\0\x2c\0\0\
\0\x40\x24\0\0\x14\x8a\0\0\x3d\x05\0\0\xc0\x24\0\x08\x1e\x8a\0\0\x77\0\0\0\xc8\
\x24\0\0\x28\x8a\0\0\x3e\x05\0\0\xd0\x24\0\x10\x38\x8a\0\0\x77\0\0\0\xe0\x24\0\
\0\x4a\x8a\0\0\x3f\x05\0\0\0\x25\0\0\x5a\x8a\0\0\xa3\x04\0\0\x40\x25\0\0\x61\
\x8a\0\0\x19\0\0\0\x80\x25\0\0\x69\x8a\0\0\x41\x05\0\0\xc0\x25\0\0\0\0\0\0\x42\
\x05\0\0\0\x26\0\0\x97\x2b\0\0\xc4\x03\0\0\x40\x26\0\0\x76\x8a\0\0\x47\x05\0\0\
\0\x3e\0\0\x83\x8a\0\0\xcf\x01\0\0\0\x3f\0\0\x98\x8a\0\0\x48\x05\0\0\x40\x3f\0\
\0\xa6\x8a\0\0\x16\0\0\0\x80\x3f\0\0\xb3\x8a\0\0\x22\0\0\0\xa0\x3f\0\0\xc0\x8a\
\0\0\x31\x05\0\0\xb0\x3f\0\0\xc7\x8a\0\0\x4b\x05\0\0\xc0\x3f\0\0\xd1\x8a\0\0\
\x4c\x05\0\0\xc0\x41\0\0\xdd\x8a\0\0\x4d\x05\0\0\x40\x42\0\0\xe4\x8a\0\0\x4e\
\x05\0\0\x80\x42\0\0\xec\x8a\0\0\x50\x05\0\0\xc0\x42\0\0\xfe\x8a\0\0\x50\x05\0\
\0\0\x43\0\0\x10\x8b\0\0\x77\0\0\0\x40\x43\0\0\x1b\x8b\0\0\x16\0\0\0\x48\x43\0\
\x01\x27\x8b\0\0\x16\0\0\0\x49\x43\0\x01\x30\x8b\0\0\x2c\0\0\0\x80\x43\0\0\x42\
\x8b\0\0\x51\x05\0\0\0\x44\0\0\x56\x8b\0\0\x53\x05\0\0\x40\x44\0\0\x65\x8b\0\0\
\x57\x05\0\0\x80\x44\0\0\0\0\0\0\0\0\0\x02\xf0\x06\0\0\0\0\0\0\0\0\0\x02\xf1\
\x06\0\0\0\0\0\0\x02\0\0\x04\x20\0\0\0\x6f\x8b\0\0\x2c\0\0\0\0\0\0\0\x75\x8b\0\
\0\x2c\0\0\0\x80\0\0\0\0\0\0\0\0\0\0\x02\xe8\x04\0\0\0\0\0\0\0\0\0\x0a\xf2\x06\
\0\0\x7b\x8b\0\0\0\0\0\x08\x10\0\0\0\x8d\x8b\0\0\x17\0\0\x04\xb8\0\0\0\0\0\0\0\
\xeb\x04\0\0\0\0\0\0\0\0\0\0\xec\x04\0\0\x40\0\0\0\0\0\0\0\xed\x04\0\0\x80\0\0\
\0\0\0\0\0\xee\x04\0\0\xc0\0\0\0\0\0\0\0\xef\x04\0\0\0\x01\0\0\0\0\0\0\xf0\x04\
\0\0\x40\x01\0\0\0\0\0\0\xf1\x04\0\0\x80\x01\0\0\0\0\0\0\xf2\x04\0\0\xc0\x01\0\
\0\0\0\0\0\xf3\x04\0\0\0\x02\0\0\0\0\0\0\xf4\x04\0\0\x40\x02\0\0\0\0\0\0\xf5\
\x04\0\0\x80\x02\0\0\0\0\0\0\xf6\x04\0\0\xc0\x02\0\0\0\0\0\0\xf7\x04\0\0\0\x03\
\0\0\0\0\0\0\xf8\x04\0\0\x40\x03\0\0\0\0\0\0\xf9\x04\0\0\x80\x03\0\0\0\0\0\0\
\xfa\x04\0\0\xc0\x03\0\0\0\0\0\0\xfb\x04\0\0\0\x04\0\0\0\0\0\0\xfc\x04\0\0\x40\
\x04\0\0\0\0\0\0\xfd\x04\0\0\x80\x04\0\0\0\0\0\0\xfe\x04\0\0\xc0\x04\0\0\0\0\0\
\0\xff\x04\0\0\0\x05\0\0\0\0\0\0\0\x05\0\0\x40\x05\0\0\0\0\0\0\x01\x05\0\0\x80\
\x05\0\0\0\0\0\0\x02\0\0\x05\x08\0\0\0\x9e\x8b\0\0\x0f\0\0\0\0\0\0\0\xa9\x8b\0\
\0\x5a\0\0\0\0\0\0\0\0\0\0\0\x02\0\0\x05\x08\0\0\0\xb6\x8b\0\0\x0f\0\0\0\0\0\0\
\0\xc1\x8b\0\0\x5a\0\0\0\0\0\0\0\0\0\0\0\x02\0\0\x05\x08\0\0\0\xce\x8b\0\0\x0f\
\0\0\0\0\0\0\0\xd7\x8b\0\0\x5a\0\0\0\0\0\0\0\0\0\0\0\x02\0\0\x05\x08\0\0\0\xe2\
\x8b\0\0\x0f\0\0\0\0\0\0\0\xeb\x8b\0\0\x5a\0\0\0\0\0\0\0\0\0\0\0\x02\0\0\x05\
\x08\0\0\0\xf6\x8b\0\0\x0f\0\0\0\0\0\0\0\0\x8c\0\0\x5a\0\0\0\0\0\0\0\0\0\0\0\
\x02\0\0\x05\x08\0\0\0\x0c\x8c\0\0\x0f\0\0\0\0\0\0\0\x16\x8c\0\0\x5a\0\0\0\0\0\
\0\0\0\0\0\0\x02\0\0\x05\x08\0\0\0\x15\x87\0\0\x0f\0\0\0\0\0\0\0\x22\x8c\0\0\
\x5a\0\0\0\0\0\0\0\0\0\0\0\x02\0\0\x05\x08\0\0\0\x20\x87\0\0\x0f\0\0\0\0\0\0\0\
\x2f\x8c\0\0\x5a\0\0\0\0\0\0\0\0\0\0\0\x02\0\0\x05\x08\0\0\0\x3c\x8c\0\0\x0f\0\
\0\0\0\0\0\0\x46\x8c\0\0\x5a\0\0\0\0\0\0\0\0\0\0\0\x02\0\0\x05\x08\0\0\0\x52\
\x8c\0\0\x0f\0\0\0\0\0\0\0\x5d\x8c\0\0\x5a\0\0\0\0\0\0\0\0\0\0\0\x02\0\0\x05\
\x08\0\0\0\x6a\x8c\0\0\x0f\0\0\0\0\0\0\0\x7b\x8c\0\0\x5a\0\0\0\0\0\0\0\0\0\0\0\
\x02\0\0\x05\x08\0\0\0\x8e\x8c\0\0\x0f\0\0\0\0\0\0\0\x9d\x8c\0\0\x5a\0\0\0\0\0\
\0\0\0\0\0\0\x02\0\0\x05\x08\0\0\0\xae\x8c\0\0\x0f\0\0\0\0\0\0\0\xbc\x8c\0\0\
\x5a\0\0\0\0\0\0\0\0\0\0\0\x02\0\0\x05\x08\0\0\0\xcc\x8c\0\0\x0f\0\0\0\0\0\0\0\
\xdc\x8c\0\0\x5a\0\0\0\0\0\0\0\0\0\0\0\x02\0\0\x05\x08\0\0\0\xee\x8c\0\0\x0f\0\
\0\0\0\0\0\0\xfd\x8c\0\0\x5a\0\0\0\0\0\0\0\0\0\0\0\x02\0\0\x05\x08\0\0\0\x0e\
\x8d\0\0\x0f\0\0\0\0\0\0\0\x1f\x8d\0\0\x5a\0\0\0\0\0\0\0\0\0\0\0\x02\0\0\x05\
\x08\0\0\0\x32\x8d\0\0\x0f\0\0\0\0\0\0\0\x44\x8d\0\0\x5a\0\0\0\0\0\0\0\0\0\0\0\
\x02\0\0\x05\x08\0\0\0\x58\x8d\0\0\x0f\0\0\0\0\0\0\0\x6a\x8d\0\0\x5a\0\0\0\0\0\
\0\0\0\0\0\0\x02\0\0\x05\x08\0\0\0\x7e\x8d\0\0\x0f\0\0\0\0\0\0\0\x8d\x8d\0\0\
\x5a\0\0\0\0\0\0\0\0\0\0\0\x02\0\0\x05\x08\0\0\0\x9e\x8d\0\0\x0f\0\0\0\0\0\0\0\
\xb2\x8d\0\0\x5a\0\0\0\0\0\0\0\0\0\0\0\x02\0\0\x05\x08\0\0\0\xc8\x8d\0\0\x0f\0\
\0\0\0\0\0\0\xd9\x8d\0\0\x5a\0\0\0\0\0\0\0\0\0\0\0\x02\0\0\x05\x08\0\0\0\xec\
\x8d\0\0\x0f\0\0\0\0\0\0\0\xfa\x8d\0\0\x5a\0\0\0\0\0\0\0\0\0\0\0\x02\0\0\x05\
\x08\0\0\0\x0a\x8e\0\0\x0f\0\0\0\0\0\0\0\x18\x8e\0\0\x5a\0\0\0\0\0\0\0\0\0\0\0\
\0\0\0\x02\x03\x05\0\0\0\0\0\0\0\0\0\x0a\x2b\x07\0\0\0\0\0\0\0\0\0\x02\x05\x05\
\0\0\0\0\0\0\0\0\0\x0a\x2d\x07\0\0\0\0\0\0\0\0\0\x02\x07\x05\0\0\0\0\0\0\0\0\0\
\x0a\x3b\x07\0\0\x28\x8e\0\0\x03\0\0\x04\x20\0\0\0\x96\x12\0\0\x2c\0\0\0\0\0\0\
\0\xd9\x0a\0\0\x02\0\0\0\x80\0\0\0\xf7\x26\0\0\x36\0\0\0\xc0\0\0\0\x72\x2d\0\0\
\x04\0\0\x04\x60\0\0\0\x96\x12\0\0\x2c\0\0\0\0\0\0\0\x65\x3d\0\0\x8a\0\0\0\x80\
\0\0\0\x75\x35\0\0\xd5\x01\0\0\xc0\0\0\0\x3c\x8e\0\0\x0a\x05\0\0\xc0\x02\0\0\0\
\0\0\0\0\0\0\x02\x0b\x05\0\0\0\0\0\0\0\0\0\x0a\xee\x06\0\0\0\0\0\0\0\0\0\x02\
\x3c\x07\0\0\0\0\0\0\0\0\0\x02\x2a\x07\0\0\0\0\0\0\0\0\0\x02\x38\x06\0\0\0\0\0\
\0\0\0\0\x02\x3d\x07\0\0\0\0\0\0\0\0\0\x02\x40\x07\0\0\0\0\0\0\0\0\0\x02\x14\
\x07\0\0\0\0\0\0\0\0\0\x02\x13\x05\0\0\x47\x8e\0\0\0\0\0\x08\x14\x05\0\0\0\0\0\
\0\x01\0\0\x0d\x15\x05\0\0\0\0\0\0\x17\x05\0\0\x59\x8e\0\0\0\0\0\x08\x16\x05\0\
\0\x6d\x8e\0\0\x04\0\0\x06\x04\0\0\0\x7f\x8e\0\0\0\0\0\0\x93\x8e\0\0\x01\0\0\0\
\xa6\x8e\0\0\x02\0\0\0\xb7\x8e\0\0\x03\0\0\0\0\0\0\0\0\0\0\x02\xb5\x04\0\0\0\0\
\0\0\0\0\0\x02\x37\x05\0\0\0\0\0\0\0\0\0\x02\x1c\x05\0\0\0\0\0\0\0\0\0\x02\xaa\
\x06\0\0\0\0\0\0\0\0\0\x02\x4d\x07\0\0\xc7\x8e\0\0\x0c\0\0\x04\x40\x01\0\0\x97\
\x2b\0\0\xba\x04\0\0\0\0\0\0\x71\x89\0\0\x1d\x05\0\0\x40\0\0\0\xd4\x8e\0\0\x1d\
\x05\0\0\x80\0\0\0\x75\x35\0\0\xd5\x01\0\0\xc0\0\0\0\xe3\x8e\0\0\x0f\0\0\0\xc0\
\x02\0\0\xee\x8e\0\0\x0f\0\0\0\0\x03\0\0\xfc\x8e\0\0\xba\x04\0\0\x40\x03\0\0\
\x03\x8f\0\0\x8a\0\0\0\0\x04\0\0\x0e\x8f\0\0\x02\0\0\0\x20\x04\0\0\x1e\x8f\0\0\
\x0f\0\0\0\x40\x04\0\0\x0d\x12\0\0\x0f\0\0\0\x80\x04\0\0\x2a\x8f\0\0\x2d\x05\0\
\0\0\x06\0\0\0\0\0\0\0\0\0\x02\x1e\x05\0\0\x2e\x8f\0\0\x1b\0\0\x04\x40\x01\0\0\
\x34\x8f\0\0\x1f\x05\0\0\0\0\0\0\x3c\x8f\0\0\x21\x05\0\0\x40\0\0\0\xac\0\0\0\
\x16\0\0\0\x80\0\0\0\x44\x8f\0\0\x14\0\0\0\xa0\0\0\0\xbd\x23\0\0\x23\x05\0\0\
\xc0\0\0\0\x4a\x8f\0\0\x25\x05\0\0\0\x01\0\0\x30\x1f\0\0\xe8\0\0\0\x40\x01\0\0\
\x4f\x8f\0\0\x14\0\0\0\xc0\x01\0\0\xa2\x04\0\0\x14\0\0\0\xe0\x01\0\0\x56\x8f\0\
\0\x19\x05\0\0\0\x02\0\0\x60\x8f\0\0\x26\x05\0\0\x40\x02\0\0\x69\x8f\0\0\x27\
\x05\0\0\x80\x02\0\0\x74\x8f\0\0\x28\x05\0\0\xc0\x02\0\0\x7f\x8f\0\0\x02\0\0\0\
\0\x03\0\0\xed\x12\0\0\x1a\0\0\0\x20\x03\0\0\x83\x8f\0\0\xb4\x04\0\0\0\x04\0\0\
\x8b\x8f\0\0\x29\x05\0\0\xc0\x04\0\0\x8d\x8f\0\0\x2a\x05\0\0\x80\x05\0\0\x94\
\x8f\0\0\xac\0\0\0\0\x06\0\0\x9c\x8f\0\0\x2b\x05\0\0\x20\x06\0\0\x0d\x12\0\0\
\x0f\0\0\0\xc0\x06\0\0\xa3\x8f\0\0\x1d\x05\0\0\0\x07\0\0\xae\x8f\0\0\xb4\x04\0\
\0\x40\x07\0\0\xba\x8f\0\0\x8a\0\0\0\0\x08\0\0\xc3\x8f\0\0\x8a\0\0\0\x20\x08\0\
\0\x92\x12\0\0\x62\0\0\0\x40\x08\0\0\xcb\x8f\0\0\x2c\x05\0\0\0\x0a\0\0\0\0\0\0\
\0\0\0\x02\x20\x05\0\0\0\0\0\0\x03\0\0\x0d\x02\0\0\0\0\0\0\0\xb5\x04\0\0\0\0\0\
\0\x1d\x05\0\0\0\0\0\0\x17\x05\0\0\0\0\0\0\0\0\0\x02\x22\x05\0\0\0\0\0\0\x01\0\
\0\x0d\xb5\x04\0\0\0\0\0\0\x1d\x05\0\0\0\0\0\0\0\0\0\x02\x24\x05\0\0\0\0\0\0\0\
\0\0\x0a\x17\x07\0\0\0\0\0\0\0\0\0\x02\x4b\x07\0\0\0\0\0\0\0\0\0\x02\x4c\x07\0\
\0\0\0\0\0\0\0\0\x02\x3a\x05\0\0\0\0\0\0\0\0\0\x02\x2b\x05\0\0\xd4\x8f\0\0\x04\
\0\0\x04\x18\0\0\0\xc7\x1c\0\0\xb5\x04\0\0\0\0\0\0\xf5\x10\0\0\xb5\x04\0\0\x40\
\0\0\0\xa3\x7e\0\0\x15\0\0\0\x80\0\0\0\x7e\x10\0\0\x8a\0\0\0\xa0\0\0\0\xe3\x8f\
\0\0\x02\0\0\x04\x10\0\0\0\x7d\x84\0\0\x11\0\0\0\0\0\0\0\x83\x84\0\0\x11\0\0\0\
\x40\0\0\0\xfb\x8f\0\0\x05\0\0\x04\x14\0\0\0\xa3\x7e\0\0\x15\0\0\0\0\0\0\0\x0c\
\x90\0\0\x15\0\0\0\x20\0\0\0\x14\x90\0\0\x15\0\0\0\x40\0\0\0\x1a\x90\0\0\x15\0\
\0\0\x60\0\0\0\x23\x90\0\0\x15\0\0\0\x80\0\0\0\0\0\0\0\0\0\0\x03\0\0\0\0\x44\0\
\0\0\x04\0\0\0\0\0\0\0\x2a\x8f\0\0\x0d\0\0\x04\x80\0\0\0\x2e\x90\0\0\x16\0\0\0\
\0\0\0\0\x39\x90\0\0\x16\0\0\0\x20\0\0\0\x43\x90\0\0\x16\0\0\0\x40\0\0\0\x44\
\x8f\0\0\x16\0\0\0\0\x02\0\0\x50\x90\0\0\x16\0\0\0\x20\x02\0\0\x5e\x90\0\0\x16\
\0\0\0\x40\x02\0\0\x6b\x90\0\0\x16\0\0\0\x60\x02\0\0\x7b\x90\0\0\x16\0\0\0\x80\
\x02\0\0\x8d\x90\0\0\x16\0\0\0\xa0\x02\0\0\x9a\x90\0\0\x0f\0\0\0\xc0\x02\0\0\
\xab\x90\0\0\x16\0\0\0\0\x03\0\0\xb5\x90\0\0\x16\0\0\0\x20\x03\0\0\xbf\x90\0\0\
\x16\0\0\0\x40\x03\0\0\0\0\0\0\0\0\0\x02\x4e\x07\0\0\0\0\0\0\0\0\0\x02\x30\x05\
\0\0\xcf\x90\0\0\x04\0\0\x04\x18\0\0\0\x92\x12\0\0\x62\0\0\0\0\0\0\0\xdc\x90\0\
\0\x16\0\0\0\x80\0\0\0\xc0\x8a\0\0\x31\x05\0\0\xa0\0\0\0\xe3\x90\0\0\x35\x05\0\
\0\xc0\0\0\0\xec\x90\0\0\0\0\0\x08\x71\x03\0\0\0\0\0\0\0\0\0\x02\x33\x05\0\0\
\xf0\x90\0\0\x04\0\0\x04\x18\0\0\0\x7b\x42\0\0\x16\0\0\0\0\0\0\0\xf8\x90\0\0\
\x16\0\0\0\x20\0\0\0\x92\x12\0\0\x62\0\0\0\x40\0\0\0\x02\x91\0\0\x34\x05\0\0\
\xc0\0\0\0\0\0\0\0\0\0\0\x03\0\0\0\0\x22\0\0\0\x04\0\0\0\0\0\0\0\0\0\0\0\0\0\0\
\x03\0\0\0\0\x32\x05\0\0\x04\0\0\0\0\0\0\0\0\0\0\0\0\0\0\x03\0\0\0\0\x2f\x05\0\
\0\x04\0\0\0\x02\0\0\0\x09\x91\0\0\x05\0\0\x04\x30\0\0\0\x14\x91\0\0\x38\x05\0\
\0\0\0\0\0\xbf\x70\0\0\x39\x05\0\0\x40\0\0\0\x69\x8f\0\0\x27\x05\0\0\x80\0\0\0\
\x74\x8f\0\0\x28\x05\0\0\xc0\0\0\0\x92\x12\0\0\x62\0\0\0\0\x01\0\0\0\0\0\0\0\0\
\0\x02\x15\x07\0\0\0\0\0\0\0\0\0\x02\x16\x07\0\0\x20\x91\0\0\x02\0\0\x04\x10\0\
\0\0\x8d\x8f\0\0\x2a\x05\0\0\0\0\0\0\x35\x91\0\0\x3b\x05\0\0\x80\0\0\0\x3b\x91\
\0\0\0\0\0\x04\0\0\0\0\0\0\0\0\0\0\0\x03\0\0\0\0\xe0\0\0\0\x04\0\0\0\x10\0\0\0\
\0\0\0\0\x06\0\0\x06\x04\0\0\0\x4a\x91\0\0\0\0\0\0\x5f\x91\0\0\x01\0\0\0\x71\
\x91\0\0\x02\0\0\0\x86\x91\0\0\x03\0\0\0\x9a\x91\0\0\x04\0\0\0\xaa\x91\0\0\x05\
\0\0\0\0\0\0\0\x02\0\0\x06\x04\0\0\0\xb7\x91\0\0\0\0\0\0\xcd\x91\0\0\x01\0\0\0\
\0\0\0\0\0\0\0\x02\x40\x05\0\0\0\0\0\0\x01\0\0\x0d\0\0\0\0\0\0\0\0\xba\x04\0\0\
\xe4\x91\0\0\x02\0\0\x06\x04\0\0\0\xf8\x91\0\0\0\0\0\0\x05\x92\0\0\x01\0\0\0\0\
\0\0\0\x03\0\0\x05\x08\0\0\0\x11\x92\0\0\x43\x05\0\0\0\0\0\0\x18\x92\0\0\x44\
\x05\0\0\0\0\0\0\x1f\x92\0\0\x45\x05\0\0\0\0\0\0\0\0\0\0\0\0\0\x02\x4f\x07\0\0\
\0\0\0\0\0\0\0\x02\x50\x07\0\0\0\0\0\0\0\0\0\x02\x46\x05\0\0\x26\x92\0\0\0\0\0\
\x07\0\0\0\0\0\0\0\0\0\0\0\x03\0\0\0\0\xcf\x01\0\0\x04\0\0\0\x04\0\0\0\0\0\0\0\
\0\0\0\x02\x49\x05\0\0\0\0\0\0\0\0\0\x0a\x51\x07\0\0\x32\x92\0\0\x02\0\0\x04\
\x04\0\0\0\xd9\x0a\0\0\x22\0\0\0\0\0\0\0\x34\x27\0\0\x22\0\0\0\x10\0\0\0\0\0\0\
\0\0\0\0\x03\0\0\0\0\x4a\x05\0\0\x04\0\0\0\x10\0\0\0\0\0\0\0\0\0\0\x03\0\0\0\0\
\x40\0\0\0\x04\0\0\0\x10\0\0\0\0\0\0\0\0\0\0\x02\x52\x07\0\0\0\0\0\0\0\0\0\x02\
\x4f\x05\0\0\xe4\x8a\0\0\0\0\0\x07\0\0\0\0\0\0\0\0\0\0\0\x02\x54\x01\0\0\0\0\0\
\0\0\0\0\x02\x52\x05\0\0\0\0\0\0\0\0\0\x0a\x18\x07\0\0\0\0\0\0\0\0\0\x02\x54\
\x05\0\0\x56\x8b\0\0\0\0\0\x07\0\0\0\0\x40\x92\0\0\x02\0\0\x04\x10\0\0\0\x64\
\x2b\0\0\x16\x03\0\0\0\0\0\0\x3c\x20\0\0\x56\x05\0\0\x40\0\0\0\0\0\0\0\0\0\0\
\x02\x19\x07\0\0\0\0\0\0\0\0\0\x03\0\0\0\0\x55\x05\0\0\x04\0\0\0\x03\0\0\0\0\0\
\0\0\0\0\0\x02\xf3\x05\0\0\0\0\0\0\0\0\0\x02\x31\x07\0\0\0\0\0\0\0\0\0\x02\x5b\
\x05\0\0\0\0\0\0\x01\0\0\x0d\x02\0\0\0\0\0\0\0\xb5\x04\0\0\0\0\0\0\0\0\0\x02\
\x5d\x05\0\0\0\0\0\0\x03\0\0\x0d\x02\0\0\0\0\0\0\0\x37\x03\0\0\0\0\0\0\x93\x04\
\0\0\0\0\0\0\xb5\x04\0\0\0\0\0\0\0\0\0\x02\x2d\x06\0\0\0\0\0\0\x02\0\0\x05\x08\
\0\0\0\x4f\x92\0\0\xb5\x04\0\0\0\0\0\0\x5c\x92\0\0\x36\0\0\0\0\0\0\0\x92\x83\0\
\0\x36\0\0\x04\xb0\x01\0\0\x6a\x92\0\0\x61\x05\0\0\0\0\0\0\x70\x92\0\0\x63\x05\
\0\0\x40\0\0\0\x7c\x92\0\0\x63\x05\0\0\x80\0\0\0\x84\x92\0\0\x6a\x05\0\0\xc0\0\
\0\0\x8f\x92\0\0\x6c\x05\0\0\0\x01\0\0\x96\x92\0\0\x6e\x05\0\0\x40\x01\0\0\xe1\
\x32\0\0\x70\x05\0\0\x80\x01\0\0\xda\x1f\0\0\x72\x05\0\0\xc0\x01\0\0\x9c\x92\0\
\0\x74\x05\0\0\0\x02\0\0\xa5\x92\0\0\x76\x05\0\0\x40\x02\0\0\xb0\x92\0\0\x7b\
\x05\0\0\x80\x02\0\0\xbb\x92\0\0\x74\x05\0\0\xc0\x02\0\0\x65\x31\0\0\x7d\x05\0\
\0\0\x03\0\0\xc5\x92\0\0\x7f\x05\0\0\x40\x03\0\0\xcd\x92\0\0\x84\x05\0\0\x80\
\x03\0\0\xa0\x31\0\0\x86\x05\0\0\xc0\x03\0\0\xd5\x92\0\0\x63\x05\0\0\0\x04\0\0\
\xda\x92\0\0\x63\x05\0\0\x40\x04\0\0\xe3\x92\0\0\x88\x05\0\0\x80\x04\0\0\xef\
\x92\0\0\x8a\x05\0\0\xc0\x04\0\0\x05\x93\0\0\x72\x05\0\0\0\x05\0\0\x30\x1f\0\0\
\x70\x05\0\0\x40\x05\0\0\x10\x93\0\0\x72\x05\0\0\x80\x05\0\0\x17\x93\0\0\x72\
\x05\0\0\xc0\x05\0\0\x1e\x93\0\0\x8c\x05\0\0\0\x06\0\0\x27\x93\0\0\x8e\x05\0\0\
\x40\x06\0\0\x3c\x93\0\0\x16\0\0\0\x80\x06\0\0\x46\x93\0\0\x95\x05\0\0\xc0\x06\
\0\0\x59\x93\0\0\x99\x05\0\0\0\x07\0\0\x6a\x93\0\0\x72\x05\0\0\x40\x07\0\0\x80\
\x93\0\0\x72\x05\0\0\x80\x07\0\0\x96\x93\0\0\x42\x04\0\0\xc0\x07\0\0\xa7\x93\0\
\0\x9b\x05\0\0\0\x08\0\0\xb9\x93\0\0\x1f\x02\0\0\x40\x08\0\0\xc9\x93\0\0\x9c\
\x05\0\0\x80\x08\0\0\xd4\x93\0\0\xec\0\0\0\xc0\x08\0\0\xe0\x93\0\0\xec\0\0\0\0\
\x09\0\0\xec\x93\0\0\x14\0\0\0\x40\x09\0\0\xff\x93\0\0\x14\0\0\0\x60\x09\0\0\
\x12\x94\0\0\x02\0\0\0\x80\x09\0\0\x1d\x94\0\0\x77\0\0\0\xa0\x09\0\0\x29\x94\0\
\0\x47\x02\0\0\xc0\x09\0\0\x2e\x94\0\0\x16\0\0\0\0\x0a\0\0\x37\x94\0\0\xc5\x02\
\0\0\x20\x0a\0\0\0\x3d\0\0\x16\0\0\0\x40\x0a\0\0\x0b\x3d\0\0\x16\0\0\0\x60\x0a\
\0\0\x42\x94\0\0\xca\x02\0\0\x80\x0a\0\0\x4f\x94\0\0\x9d\x05\0\0\xc0\x0a\0\0\
\x58\x94\0\0\x9e\x05\0\0\0\x0b\0\0\x62\x94\0\0\x9f\x05\0\0\x40\x0b\0\0\xb8\x18\
\0\0\xcc\x01\0\0\x80\x0b\0\0\x6e\x1f\0\0\x15\x04\0\0\xc0\x0b\0\0\xed\x11\0\0\
\x2c\0\0\0\xc0\x0c\0\0\x64\x94\0\0\x6a\x05\0\0\x40\x0d\0\0\0\0\0\0\0\0\0\x02\
\x62\x05\0\0\0\0\0\0\x02\0\0\x0d\0\0\0\0\0\0\0\0\x93\x04\0\0\0\0\0\0\x44\0\0\0\
\0\0\0\0\0\0\0\x02\x64\x05\0\0\0\0\0\0\x03\0\0\x0d\x02\0\0\0\0\0\0\0\x93\x04\0\
\0\0\0\0\0\x65\x05\0\0\0\0\0\0\x02\0\0\0\0\0\0\0\0\0\0\x02\x66\x05\0\0\x71\x94\
\0\0\x02\0\0\x04\x10\0\0\0\x7a\x94\0\0\x67\x05\0\0\0\0\0\0\x84\x94\0\0\x69\x05\
\0\0\x10\0\0\0\x8c\x94\0\0\0\0\0\x08\x68\x05\0\0\x98\x94\0\0\0\0\0\x08\x24\0\0\
\0\0\0\0\0\0\0\0\x03\0\0\0\0\xc4\0\0\0\x04\0\0\0\x0e\0\0\0\0\0\0\0\0\0\0\x02\
\x6b\x05\0\0\0\0\0\0\x02\0\0\x0d\x02\0\0\0\0\0\0\0\x93\x04\0\0\0\0\0\0\x02\0\0\
\0\0\0\0\0\0\0\0\x02\x6d\x05\0\0\0\0\0\0\x04\0\0\x0d\x93\x04\0\0\0\0\0\0\x93\
\x04\0\0\0\0\0\0\x02\0\0\0\0\0\0\0\xec\0\0\0\0\0\0\0\x77\0\0\0\0\0\0\0\0\0\0\
\x02\x6f\x05\0\0\0\0\0\0\x03\0\0\x0d\x02\0\0\0\0\0\0\0\x93\x04\0\0\0\0\0\0\x02\
\0\0\0\0\0\0\0\x0f\0\0\0\0\0\0\0\0\0\0\x02\x71\x05\0\0\0\0\0\0\x01\0\0\x0d\x02\
\0\0\0\0\0\0\0\x93\x04\0\0\0\0\0\0\0\0\0\x02\x73\x05\0\0\0\0\0\0\x01\0\0\x0d\0\
\0\0\0\0\0\0\0\x93\x04\0\0\0\0\0\0\0\0\0\x02\x75\x05\0\0\0\0\0\0\x02\0\0\x0d\0\
\0\0\0\0\0\0\0\x93\x04\0\0\0\0\0\0\x02\0\0\0\0\0\0\0\0\0\0\x02\x77\x05\0\0\0\0\
\0\0\x05\0\0\x0d\x02\0\0\0\0\0\0\0\x93\x04\0\0\0\0\0\0\x02\0\0\0\0\0\0\0\x02\0\
\0\0\0\0\0\0\x78\x05\0\0\0\0\0\0\x16\0\0\0\xad\x94\0\0\0\0\0\x08\x79\x05\0\0\0\
\0\0\0\x02\0\0\x84\x10\0\0\0\0\0\0\0\x7a\x05\0\0\0\0\0\0\xb7\x94\0\0\x77\0\0\0\
\x40\0\0\x01\0\0\0\0\x02\0\0\x05\x08\0\0\0\xc1\x94\0\0\x19\0\0\0\0\0\0\0\x0c\
\x1e\0\0\x19\0\0\0\0\0\0\0\0\0\0\0\0\0\0\x02\x7c\x05\0\0\0\0\0\0\x05\0\0\x0d\
\x02\0\0\0\0\0\0\0\x93\x04\0\0\0\0\0\0\x02\0\0\0\0\0\0\0\x02\0\0\0\0\0\0\0\x19\
\x01\0\0\0\0\0\0\xec\0\0\0\0\0\0\0\0\0\0\x02\x7e\x05\0\0\0\0\0\0\x03\0\0\x0d\
\x02\0\0\0\0\0\0\0\x93\x04\0\0\0\0\0\0\x16\0\0\0\0\0\0\0\x0f\0\0\0\0\0\0\0\0\0\
\0\x02\x80\x05\0\0\0\0\0\0\x03\0\0\x0d\x02\0\0\0\0\0\0\0\x93\x04\0\0\0\0\0\0\
\x81\x05\0\0\0\0\0\0\x10\x01\0\0\0\0\0\0\0\0\0\x02\x82\x05\0\0\xc8\x94\0\0\x08\
\0\0\x84\x60\0\0\0\xcf\x94\0\0\x19\0\0\0\0\0\0\0\xd8\x94\0\0\x02\0\0\0\x40\0\0\
\0\xe4\x94\0\0\x34\x02\0\0\x80\0\0\0\0\0\0\0\x83\x05\0\0\xc0\x01\0\0\xed\x94\0\
\0\x77\0\0\0\0\x02\0\x01\x01\x95\0\0\x11\x01\0\0\x40\x02\0\0\x10\x95\0\0\x16\0\
\0\0\x80\x02\0\0\x1a\x95\0\0\x2d\x02\0\0\xc0\x02\0\0\0\0\0\0\x02\0\0\x05\x08\0\
\0\0\x23\x95\0\0\x19\0\0\0\0\0\0\0\x2f\x95\0\0\x19\0\0\0\0\0\0\0\0\0\0\0\0\0\0\
\x02\x85\x05\0\0\0\0\0\0\x06\0\0\x0d\x02\0\0\0\0\0\0\0\x93\x04\0\0\0\0\0\0\x81\
\x05\0\0\0\0\0\0\x10\x01\0\0\0\0\0\0\x02\0\0\0\0\0\0\0\x02\0\0\0\0\0\0\0\xec\0\
\0\0\0\0\0\0\0\0\0\x02\x87\x05\0\0\0\0\0\0\x05\0\0\x0d\x02\0\0\0\0\0\0\0\x93\
\x04\0\0\0\0\0\0\xb4\x01\0\0\0\0\0\0\x02\0\0\0\0\0\0\0\x10\x01\0\0\0\0\0\0\x02\
\0\0\0\0\0\0\0\0\0\0\x02\x89\x05\0\0\0\0\0\0\x02\0\0\x0d\x02\0\0\0\0\0\0\0\x93\
\x04\0\0\0\0\0\0\xb5\x04\0\0\0\0\0\0\0\0\0\x02\x8b\x05\0\0\0\0\0\0\x02\0\0\x0d\
\x77\0\0\0\0\0\0\0\x02\0\0\0\0\0\0\0\x02\0\0\0\0\0\0\0\0\0\0\x02\x8d\x05\0\0\0\
\0\0\0\x02\0\0\x0d\x02\0\0\0\0\0\0\0\x93\x04\0\0\0\0\0\0\x24\0\0\0\0\0\0\0\0\0\
\0\x02\x8f\x05\0\0\0\0\0\0\x03\0\0\x0d\x02\0\0\0\0\0\0\0\x93\x04\0\0\0\0\0\0\
\x90\x05\0\0\0\0\0\0\x77\0\0\0\0\0\0\0\0\0\0\x02\x91\x05\0\0\x40\x95\0\0\x1a\0\
\0\x04\x58\x01\0\0\xa8\x81\0\0\x93\x04\0\0\0\0\0\0\x49\x95\0\0\x93\x04\0\0\x40\
\0\0\0\x52\x95\0\0\x14\0\0\0\x80\0\0\0\x5e\x95\0\0\x14\0\0\0\xa0\0\0\0\x69\x95\
\0\0\x14\0\0\0\xc0\0\0\0\x6e\x95\0\0\x77\0\0\0\xe0\0\0\0\x7c\x95\0\0\x92\x05\0\
\0\0\x01\0\0\x65\x56\0\0\x93\x05\0\0\x40\x01\0\0\x81\x95\0\0\xb4\x04\0\0\x40\
\x02\0\0\x8d\x95\0\0\x2c\0\0\0\0\x03\0\0\x99\x95\0\0\x8a\0\0\0\x80\x03\0\0\x0d\
\x12\0\0\x0f\0\0\0\xc0\x03\0\0\x3c\x20\0\0\x2c\0\0\0\0\x04\0\0\xa6\x95\0\0\x8a\
\0\0\0\x80\x04\0\0\xed\x12\0\0\x1a\0\0\0\xa0\x04\0\0\xb0\x95\0\0\x72\x05\0\0\
\xc0\x04\0\0\xbd\x95\0\0\x72\x05\0\0\0\x05\0\0\xcb\x95\0\0\x61\x05\0\0\x40\x05\
\0\0\xd7\x95\0\0\x72\x05\0\0\x80\x05\0\0\xe9\x95\0\0\x72\x05\0\0\xc0\x05\0\0\
\x27\x93\0\0\x8e\x05\0\0\0\x06\0\0\xfa\x95\0\0\xa2\x04\0\0\x40\x06\0\0\x03\x96\
\0\0\x8f\0\0\0\x80\x06\0\0\x0e\x96\0\0\x94\x05\0\0\x80\x07\0\0\x9c\x13\0\0\x59\
\0\0\0\0\x08\0\0\x19\x96\0\0\x61\0\0\0\0\x09\0\0\0\0\0\0\0\0\0\x02\x57\x07\0\0\
\x1f\x96\0\0\x04\0\0\x04\x20\0\0\0\x2e\x96\0\0\x16\x03\0\0\0\0\0\0\x39\x96\0\0\
\x16\x03\0\0\x40\0\0\0\x47\x96\0\0\x16\x03\0\0\x80\0\0\0\x56\x96\0\0\x16\x03\0\
\0\xc0\0\0\0\x62\x96\0\0\x03\0\0\x04\x10\0\0\0\x76\x96\0\0\xb5\x04\0\0\0\0\0\0\
\x7b\x42\0\0\x14\0\0\0\x40\0\0\0\xa3\x5e\0\0\x14\0\0\0\x60\0\0\0\0\0\0\0\0\0\0\
\x02\x96\x05\0\0\0\0\0\0\x02\0\0\x0d\x77\0\0\0\0\0\0\0\x97\x05\0\0\0\0\0\0\x02\
\0\0\0\0\0\0\0\0\0\0\x02\x98\x05\0\0\0\0\0\0\0\0\0\x0a\x94\x04\0\0\0\0\0\0\0\0\
\0\x02\x9a\x05\0\0\0\0\0\0\x01\0\0\x0d\x77\0\0\0\0\0\0\0\x93\x04\0\0\0\0\0\0\0\
\0\0\x02\x56\x02\0\0\0\0\0\0\0\0\0\x02\x44\0\0\0\0\0\0\0\0\0\0\x02\x58\x07\0\0\
\0\0\0\0\0\0\0\x02\x59\x07\0\0\0\0\0\0\x04\0\0\x05\x08\0\0\0\x7a\x96\0\0\xa0\
\x05\0\0\0\0\0\0\x83\x96\0\0\xa1\x05\0\0\0\0\0\0\x8d\x96\0\0\xa2\x05\0\0\0\0\0\
\0\x96\x96\0\0\xa3\x05\0\0\0\0\0\0\0\0\0\0\0\0\0\x02\xc6\x05\0\0\0\0\0\0\0\0\0\
\x02\x5c\x07\0\0\0\0\0\0\0\0\0\x02\x5d\x07\0\0\0\0\0\0\0\0\0\x02\xa4\x05\0\0\
\x9f\x96\0\0\0\0\0\x07\0\0\0\0\0\0\0\0\0\0\0\x02\x3e\x07\0\0\xac\x96\0\0\x02\0\
\0\x04\x10\0\0\0\xe3\x12\0\0\x55\0\0\0\0\0\0\0\xbd\x96\0\0\x14\0\0\0\x40\0\0\0\
\0\0\0\0\0\0\0\x02\x61\x07\0\0\xc5\x96\0\0\x05\0\0\x04\xa8\0\0\0\xd7\x96\0\0\
\xad\x05\0\0\0\0\0\0\x96\x12\0\0\xe0\0\0\0\0\x04\0\0\xb8\x18\0\0\x19\0\0\0\x40\
\x04\0\0\x92\x12\0\0\x62\0\0\0\x80\x04\0\0\x7e\x10\0\0\x3a\0\0\0\0\x05\0\0\0\0\
\0\0\0\0\0\x02\xaa\x05\0\0\xdd\x96\0\0\x02\0\0\x04\x08\0\0\0\xf4\x96\0\0\xab\
\x05\0\0\0\0\0\0\x52\x13\0\0\xac\x05\0\0\x40\0\0\0\0\0\0\0\0\0\0\x02\xfd\x06\0\
\0\0\0\0\0\0\0\0\x03\0\0\0\0\x40\0\0\0\x04\0\0\0\0\0\0\0\0\0\0\0\0\0\0\x03\0\0\
\0\0\xa9\x05\0\0\x04\0\0\0\x10\0\0\0\0\0\0\0\0\0\0\x02\x72\x07\0\0\xf9\x96\0\0\
\x01\0\0\x04\x08\0\0\0\xc7\x1c\0\0\x99\x03\0\0\0\0\0\0\x0b\x97\0\0\x05\0\0\x04\
\x20\0\0\0\x16\x97\0\0\x7c\x01\0\0\0\0\0\0\x21\x97\0\0\x02\0\0\0\x40\0\0\0\x32\
\x97\0\0\x02\0\0\0\x60\0\0\0\x4a\x97\0\0\xec\0\0\0\x80\0\0\0\x55\x97\0\0\xb1\
\x05\0\0\xc0\0\0\0\0\0\0\0\0\0\0\x02\x73\x07\0\0\x60\x97\0\0\x0d\0\0\x04\x68\0\
\0\0\x6a\x97\0\0\xb3\x05\0\0\0\0\0\0\x78\x97\0\0\xb3\x05\0\0\x40\0\0\0\x88\x97\
\0\0\xb6\x05\0\0\x80\0\0\0\x97\x97\0\0\xb7\x05\0\0\xc0\0\0\0\xa6\x97\0\0\xb8\
\x05\0\0\0\x01\0\0\xb5\x97\0\0\xb8\x05\0\0\x40\x01\0\0\xc3\x97\0\0\xb8\x05\0\0\
\x80\x01\0\0\xd6\x97\0\0\xb8\x05\0\0\xc0\x01\0\0\xe8\x97\0\0\xbb\x05\0\0\0\x02\
\0\0\xf8\x97\0\0\xbc\x05\0\0\x40\x02\0\0\x0b\x98\0\0\xbd\x05\0\0\x80\x02\0\0\
\x1d\x98\0\0\xbe\x05\0\0\xc0\x02\0\0\x32\x98\0\0\x48\x04\0\0\0\x03\0\0\0\0\0\0\
\0\0\0\x02\xb4\x05\0\0\x44\x98\0\0\x02\0\0\x04\x28\x01\0\0\x50\x98\0\0\xb5\x05\
\0\0\0\0\0\0\x35\x91\0\0\x3b\x05\0\0\x40\x09\0\0\0\0\0\0\0\0\0\x03\0\0\0\0\x10\
\0\0\0\x04\0\0\0\x25\0\0\0\0\0\0\0\0\0\0\x02\x74\x07\0\0\0\0\0\0\0\0\0\x02\x75\
\x07\0\0\0\0\0\0\0\0\0\x02\xb9\x05\0\0\x55\x98\0\0\x01\0\0\x04\x50\0\0\0\x50\
\x98\0\0\xba\x05\0\0\0\0\0\0\0\0\0\0\0\0\0\x03\0\0\0\0\x0f\0\0\0\x04\0\0\0\x0a\
\0\0\0\0\0\0\0\0\0\0\x02\x76\x07\0\0\0\0\0\0\0\0\0\x02\x77\x07\0\0\0\0\0\0\0\0\
\0\x02\x78\x07\0\0\0\0\0\0\0\0\0\x02\x79\x07\0\0\x5d\x98\0\0\x02\0\0\x04\x28\0\
\0\0\x6a\x98\0\0\x8f\0\0\0\0\0\0\0\x76\x98\0\0\xe0\0\0\0\0\x01\0\0\x7d\x98\0\0\
\x02\0\0\x04\x10\0\0\0\x88\x98\0\0\x02\0\0\0\0\0\0\0\x9e\x98\0\0\x7c\x01\0\0\
\x40\0\0\0\xa2\x98\0\0\x05\0\0\x04\x48\0\0\0\xe0\x0f\0\0\x36\0\0\0\0\0\0\0\xb0\
\x98\0\0\xa4\0\0\0\x40\0\0\0\x35\x50\0\0\x16\0\0\0\x80\0\0\0\xb8\x98\0\0\x14\0\
\0\0\xa0\0\0\0\xca\x98\0\0\xc2\x05\0\0\xc0\0\0\0\xd9\x98\0\0\x02\0\0\x04\x30\0\
\0\0\xde\x60\0\0\xab\0\0\0\0\0\0\0\xc7\x1c\0\0\x99\x03\0\0\x40\x01\0\0\xf0\x98\
\0\0\x83\0\0\x04\x80\x02\0\0\xfb\x98\0\0\xc4\x05\0\0\0\0\0\0\x09\x99\0\0\x7c\
\x01\0\0\x80\x02\0\0\x12\x99\0\0\x7c\x01\0\0\xc0\x02\0\0\x1c\x99\0\0\x7c\x01\0\
\0\0\x03\0\0\x25\x99\0\0\x7c\x01\0\0\x40\x03\0\0\x2f\x99\0\0\x7c\x01\0\0\x80\
\x03\0\0\x39\x99\0\0\xcf\x05\0\0\xc0\x03\0\0\x45\x99\0\0\xcf\x05\0\0\0\x04\0\0\
\x52\x99\0\0\xd2\x05\0\0\x40\x04\0\0\x5b\x99\0\0\x8f\0\0\0\x80\x04\0\0\xcd\x73\
\0\0\xd3\x05\0\0\x80\x05\0\0\x64\x99\0\0\xd4\x05\0\0\xc0\x05\0\0\x6d\x99\0\0\
\xd4\x05\0\0\0\x06\0\0\x79\x99\0\0\x16\0\0\0\x40\x06\0\0\x95\x99\0\0\x77\0\0\0\
\x60\x06\0\0\xaa\x99\0\0\x77\0\0\0\x68\x06\0\0\xc6\x99\0\0\x77\0\0\0\x70\x06\0\
\0\xdb\x99\0\0\xa4\0\0\0\x80\x06\0\0\xea\x99\0\0\x93\x04\0\0\xc0\x06\0\0\xf0\
\x99\0\0\xd6\x05\0\0\0\x07\0\0\xf8\x99\0\0\x93\x04\0\0\x40\x07\0\0\x07\x9a\0\0\
\xd7\x05\0\0\x80\x07\0\0\x0d\x9a\0\0\xd8\x05\0\0\xc0\x07\0\0\x13\x9a\0\0\x40\0\
\0\0\0\x08\0\0\x2f\x9a\0\0\x40\0\0\0\x08\x08\0\0\x4d\x9a\0\0\x40\0\0\0\x10\x08\
\0\0\x70\x9a\0\0\x40\0\0\0\x18\x08\0\0\x99\x9a\0\0\x40\0\0\0\x20\x08\0\0\xbf\
\x9a\0\0\x02\0\0\0\x40\x08\0\0\xd5\x9a\0\0\x02\0\0\0\x60\x08\0\0\xea\x9a\0\0\
\xd9\x05\0\0\x80\x08\0\0\xf9\x9a\0\0\x40\0\0\0\x20\x09\0\0\x08\x9b\0\0\x40\0\0\
\0\x28\x09\0\0\x20\x9b\0\0\x40\0\0\0\x30\x09\0\0\x36\x9b\0\0\x40\0\0\0\x38\x09\
\0\0\x4d\x9b\0\0\x40\0\0\0\x40\x09\0\0\x64\x9b\0\0\x40\0\0\0\x48\x09\0\0\x82\
\x9b\0\0\x40\0\0\0\x50\x09\0\0\x9a\x9b\0\0\x40\0\0\0\x58\x09\0\0\xb3\x9b\0\0\
\x40\0\0\0\x60\x09\0\0\xc5\x9b\0\0\x40\0\0\0\x68\x09\0\0\xdb\x9b\0\0\x40\0\0\0\
\x70\x09\0\0\xf2\x9b\0\0\x40\0\0\0\x78\x09\0\0\x09\x9c\0\0\x40\0\0\0\x80\x09\0\
\0\x24\x9c\0\0\x40\0\0\0\x88\x09\0\0\x3a\x9c\0\0\x40\0\0\0\x90\x09\0\0\x53\x9c\
\0\0\x02\0\0\0\xa0\x09\0\0\x70\x9c\0\0\x40\0\0\0\xc0\x09\0\0\x87\x9c\0\0\x02\0\
\0\0\xe0\x09\0\0\xa2\x9c\0\0\x02\0\0\0\0\x0a\0\0\xb6\x9c\0\0\x02\0\0\0\x20\x0a\
\0\0\xcd\x9c\0\0\x02\0\0\0\x40\x0a\0\0\xe8\x9c\0\0\x14\0\0\0\x60\x0a\0\0\x02\
\x9d\0\0\x02\0\0\0\x80\x0a\0\0\x1c\x9d\0\0\x02\0\0\0\xa0\x0a\0\0\x37\x9d\0\0\
\x40\0\0\0\xc0\x0a\0\0\x53\x9d\0\0\x40\0\0\0\xc8\x0a\0\0\x6a\x9d\0\0\x40\0\0\0\
\xd0\x0a\0\0\x84\x9d\0\0\x40\0\0\0\xd8\x0a\0\0\x9a\x9d\0\0\x40\0\0\0\xe0\x0a\0\
\0\xb1\x9d\0\0\x02\0\0\0\0\x0b\0\0\xc7\x9d\0\0\x40\0\0\0\x20\x0b\0\0\xdb\x9d\0\
\0\x40\0\0\0\x28\x0b\0\0\xef\x9d\0\0\x40\0\0\0\x30\x0b\0\0\x09\x9e\0\0\x40\0\0\
\0\x38\x0b\0\0\x1d\x9e\0\0\x02\0\0\0\x40\x0b\0\0\x34\x9e\0\0\x16\0\0\0\x60\x0b\
\0\0\x4d\x9e\0\0\x40\0\0\0\x80\x0b\0\0\x5d\x9e\0\0\x40\0\0\0\x88\x0b\0\0\x77\
\x9e\0\0\x40\0\0\0\x90\x0b\0\0\x8d\x9e\0\0\x40\0\0\0\x98\x0b\0\0\xa6\x9e\0\0\
\x40\0\0\0\xa0\x0b\0\0\xba\x9e\0\0\x40\0\0\0\xa8\x0b\0\0\xda\x9e\0\0\x40\0\0\0\
\xb0\x0b\0\0\xfb\x9e\0\0\x40\0\0\0\xb8\x0b\0\0\x17\x9f\0\0\x40\0\0\0\xc0\x0b\0\
\0\x29\x9f\0\0\x40\0\0\0\xc8\x0b\0\0\x3c\x9f\0\0\x40\0\0\0\xd0\x0b\0\0\x59\x9f\
\0\0\x40\0\0\0\xd8\x0b\0\0\x69\x9f\0\0\x02\0\0\0\xe0\x0b\0\0\x83\x9f\0\0\x02\0\
\0\0\0\x0c\0\0\x9c\x9f\0\0\x40\0\0\0\x20\x0c\0\0\xad\x9f\0\0\x40\0\0\0\x28\x0c\
\0\0\xc0\x9f\0\0\x40\0\0\0\x30\x0c\0\0\xd0\x9f\0\0\x40\0\0\0\x38\x0c\0\0\xea\
\x9f\0\0\x40\0\0\0\x40\x0c\0\0\x0e\xa0\0\0\x40\0\0\0\x48\x0c\0\0\x29\xa0\0\0\
\x40\0\0\0\x50\x0c\0\0\x44\xa0\0\0\x40\0\0\0\x58\x0c\0\0\x69\xa0\0\0\x02\0\0\0\
\x60\x0c\0\0\x87\xa0\0\0\x02\0\0\0\x80\x0c\0\0\xa6\xa0\0\0\x02\0\0\0\xa0\x0c\0\
\0\xbe\xa0\0\0\x40\0\0\0\xc0\x0c\0\0\xd6\xa0\0\0\x40\0\0\0\xc8\x0c\0\0\xed\xa0\
\0\0\x40\0\0\0\xd0\x0c\0\0\x04\xa1\0\0\x40\0\0\0\xd8\x0c\0\0\x1c\xa1\0\0\x02\0\
\0\0\xe0\x0c\0\0\x39\xa1\0\0\x02\0\0\0\0\x0d\0\0\x54\xa1\0\0\x02\0\0\0\x20\x0d\
\0\0\x6f\xa1\0\0\xdc\x05\0\0\x40\x0d\0\0\x7f\xa1\0\0\xdc\x05\0\0\xa0\x0d\0\0\
\x8f\xa1\0\0\x0f\0\0\0\0\x0e\0\0\xad\xa1\0\0\x0f\0\0\0\x40\x0e\0\0\xcb\xa1\0\0\
\x02\0\0\0\x80\x0e\0\0\xe2\xa1\0\0\x02\0\0\0\xa0\x0e\0\0\xf6\xa1\0\0\xdd\x05\0\
\0\xc0\x0e\0\0\x0d\xa2\0\0\xdf\x05\0\0\0\x0f\0\0\x1e\xa2\0\0\x16\0\0\0\x40\x0f\
\0\0\x44\xa2\0\0\x1c\0\0\0\x60\x0f\0\0\x5d\xa2\0\0\x0f\0\0\0\x80\x0f\0\0\x76\
\xa2\0\0\x02\0\0\0\xc0\x0f\0\0\x8a\xa2\0\0\x02\0\0\0\xe0\x0f\0\0\x9e\xa2\0\0\
\x40\0\0\0\0\x10\0\0\xbf\xa2\0\0\x40\0\0\0\x08\x10\0\0\xd7\xa2\0\0\x02\0\0\0\
\x20\x10\0\0\xf3\xa2\0\0\x02\0\0\0\x40\x10\0\0\x07\xa3\0\0\x02\0\0\0\x60\x10\0\
\0\x17\xa3\0\0\xe0\x05\0\0\x80\x10\0\0\x28\xa3\0\0\x1c\0\0\0\0\x11\0\0\x37\xa3\
\0\0\x1f\x02\0\0\x40\x11\0\0\x53\xa3\0\0\x02\0\0\0\x80\x11\0\0\x67\xa3\0\0\xe2\
\x05\0\0\xc0\x11\0\0\x6b\xa3\0\0\x14\0\0\0\0\x12\0\0\x8c\xa3\0\0\x40\0\0\0\x20\
\x12\0\0\xab\xa3\0\0\x40\0\0\0\x28\x12\0\0\xcc\xa3\0\0\xe3\x05\0\0\x40\x12\0\0\
\xd9\xa3\0\0\x16\0\0\0\x80\x12\0\0\xe1\xa3\0\0\xe3\x05\0\0\xc0\x12\0\0\xf3\xa3\
\0\0\x16\0\0\0\0\x13\0\0\xfc\xa3\0\0\x1c\0\0\0\x20\x13\0\0\x05\xa4\0\0\xf0\x05\
\0\0\x40\x13\0\0\x0f\xa4\0\0\x04\0\0\x04\x50\0\0\0\x27\xa4\0\0\x1c\0\0\0\0\0\0\
\0\x30\xa4\0\0\xc5\x05\0\0\x20\0\0\0\x7a\x96\0\0\xa0\x05\0\0\0\x02\0\0\x37\xa4\
\0\0\x02\0\0\0\x40\x02\0\0\0\0\0\0\0\0\0\x03\0\0\0\0\xc4\0\0\0\x04\0\0\0\x3c\0\
\0\0\x4d\xa4\0\0\x0a\0\0\x04\x40\x02\0\0\x5b\xa4\0\0\xc7\x05\0\0\0\0\0\0\x61\
\xa4\0\0\xc8\x05\0\0\x40\0\0\0\x6d\xa4\0\0\x16\0\0\0\x80\0\0\0\x78\xa4\0\0\x16\
\0\0\0\xa0\0\0\0\x89\xa4\0\0\x47\x02\0\0\xc0\0\0\0\x9c\xa4\0\0\xc9\x05\0\0\0\
\x01\0\0\xa2\xa4\0\0\x16\0\0\0\x40\x01\0\0\xad\xa4\0\0\x16\0\0\0\x60\x01\0\0\
\xb9\xa4\0\0\xca\x05\0\0\x80\x01\0\0\xc0\xa4\0\0\xce\x05\0\0\0\x02\0\0\0\0\0\0\
\0\0\0\x02\x5a\x07\0\0\0\0\0\0\0\0\0\x02\x8a\0\0\0\0\0\0\0\0\0\0\x02\x5b\x07\0\
\0\0\0\0\0\0\0\0\x02\xcb\x05\0\0\xcf\xa4\0\0\x03\0\0\x04\x10\0\0\0\x7e\x10\0\0\
\x8a\0\0\0\0\0\0\0\xd9\x0a\0\0\x16\0\0\0\x20\0\0\0\0\0\0\0\xcc\x05\0\0\x40\0\0\
\0\0\0\0\0\x02\0\0\x05\x08\0\0\0\xc7\x1c\0\0\xe0\0\0\0\0\0\0\0\xe6\xa4\0\0\xcd\
\x05\0\0\0\0\0\0\xf1\xa4\0\0\x01\0\0\x04\x08\0\0\0\x9f\x1c\0\0\xae\x04\0\0\0\0\
\0\0\0\0\0\0\0\0\0\x03\0\0\0\0\xcb\x05\0\0\x04\0\0\0\x20\0\0\0\0\0\0\0\0\0\0\
\x02\xd0\x05\0\0\x02\xa5\0\0\x03\0\0\x04\x90\0\0\0\x0f\xa5\0\0\x19\0\0\0\0\0\0\
\0\x52\x13\0\0\xd1\x05\0\0\x40\0\0\0\x0d\x12\0\0\x73\0\0\0\x40\x04\0\0\0\0\0\0\
\0\0\0\x03\0\0\0\0\x02\0\0\0\x04\0\0\0\x20\0\0\0\0\0\0\0\0\0\0\x02\x7a\x07\0\0\
\0\0\0\0\0\0\0\x02\x5e\x06\0\0\0\0\0\0\0\0\0\x02\xd5\x05\0\0\x16\xa5\0\0\x06\0\
\0\x04\x30\0\0\0\x20\xa5\0\0\xe8\0\0\0\0\0\0\0\x29\xa5\0\0\x14\0\0\0\x80\0\0\0\
\x2f\xa5\0\0\x02\0\0\0\xa0\0\0\0\x92\x12\0\0\x62\0\0\0\xc0\0\0\0\x3e\xa5\0\0\
\x1f\x02\0\0\x40\x01\0\0\x46\xa5\0\0\xba\0\0\0\x80\x01\0\0\0\0\0\0\0\0\0\x02\
\x93\x04\0\0\0\0\0\0\0\0\0\x02\x1b\x06\0\0\0\0\0\0\0\0\0\x02\x1c\x06\0\0\x4d\
\xa5\0\0\x03\0\0\x04\x14\0\0\0\x7e\x10\0\0\xda\x05\0\0\0\0\0\0\x59\xa5\0\0\x11\
\x04\0\0\x40\0\0\0\x5f\xa5\0\0\x77\0\0\0\x80\0\0\0\x66\xa5\0\0\0\0\0\x08\xdb\
\x05\0\0\0\0\0\0\x02\0\0\x04\x08\0\0\0\x29\x1a\0\0\xa2\x01\0\0\0\0\0\0\x7e\x10\
\0\0\x8a\0\0\0\x20\0\0\0\0\0\0\0\0\0\0\x03\0\0\0\0\x02\0\0\0\x04\0\0\0\x03\0\0\
\0\0\0\0\0\0\0\0\x02\xde\x05\0\0\0\0\0\0\0\0\0\x0a\x7c\x07\0\0\0\0\0\0\0\0\0\
\x02\x7d\x07\0\0\x17\xa3\0\0\x02\0\0\x04\x10\0\0\0\x7e\x10\0\0\xda\x05\0\0\0\0\
\0\0\x59\xa5\0\0\xe1\x05\0\0\x40\0\0\0\0\0\0\0\0\0\0\x03\0\0\0\0\xf3\0\0\0\x04\
\0\0\0\x02\0\0\0\0\0\0\0\0\0\0\x02\x7e\x07\0\0\0\0\0\0\0\0\0\x02\xe4\x05\0\0\
\x70\xa5\0\0\x06\0\0\x04\x40\0\0\0\x0f\x83\0\0\x02\0\0\0\0\0\0\0\x96\x12\0\0\
\x2c\0\0\0\x40\0\0\0\x81\xa5\0\0\xe5\x05\0\0\xc0\0\0\0\x8e\xa5\0\0\xe7\x05\0\0\
\0\x01\0\0\xb8\x18\0\0\xcc\x01\0\0\x40\x01\0\0\x92\x12\0\0\x62\0\0\0\x80\x01\0\
\0\0\0\0\0\0\0\0\x02\xe6\x05\0\0\0\0\0\0\x01\0\0\x0d\x16\0\0\0\0\0\0\0\x37\x03\
\0\0\0\0\0\0\0\0\0\x02\xe8\x05\0\0\0\0\0\0\x03\0\0\x0d\x02\0\0\0\0\0\0\0\x37\
\x03\0\0\0\0\0\0\x99\x03\0\0\0\0\0\0\xe9\x05\0\0\0\0\0\0\0\0\0\x02\xea\x05\0\0\
\x97\xa5\0\0\x05\0\0\x04\x30\0\0\0\xa7\xa5\0\0\xc2\0\0\0\0\0\0\0\xac\xa5\0\0\
\xeb\x05\0\0\x40\0\0\0\x9c\x01\0\0\xed\x05\0\0\x80\0\0\0\xb5\xa5\0\0\xef\x05\0\
\0\xc0\0\0\0\xbc\xa5\0\0\x40\0\0\0\x60\x01\0\0\0\0\0\0\0\0\0\x02\xec\x05\0\0\0\
\0\0\0\0\0\0\x0a\x80\x06\0\0\0\0\0\0\0\0\0\x02\xee\x05\0\0\0\0\0\0\0\0\0\x0a\
\x8b\x06\0\0\0\0\0\0\0\0\0\x03\0\0\0\0\x40\0\0\0\x04\0\0\0\x14\0\0\0\xc7\xa5\0\
\0\0\0\0\x08\xf1\x05\0\0\0\0\0\0\x01\0\0\x04\x10\0\0\0\x65\x1e\0\0\x15\x03\0\0\
\0\0\0\0\xd5\xa5\0\0\x25\0\0\x04\xc0\x02\0\0\xe0\xa5\0\0\xf3\x05\0\0\0\0\0\0\
\x0f\xa5\0\0\x16\x06\0\0\0\x06\0\0\x39\x99\0\0\x18\x06\0\0\xc0\x0b\0\0\x45\x99\
\0\0\x18\x06\0\0\0\x0c\0\0\x07\x9a\0\0\xd7\x05\0\0\x40\x0c\0\0\x0d\x9a\0\0\xd8\
\x05\0\0\x80\x0c\0\0\xec\xa5\0\0\x1e\x06\0\0\xc0\x0c\0\0\xfc\xa5\0\0\x1f\x06\0\
\0\0\x0d\0\0\x0b\xa6\0\0\x20\x06\0\0\x40\x0d\0\0\x15\xa6\0\0\xb9\x01\0\0\x80\
\x0d\0\0\xdb\x99\0\0\xa4\0\0\0\xc0\x0e\0\0\x23\xa6\0\0\x21\x06\0\0\0\x0f\0\0\
\x31\xa6\0\0\x2c\0\0\0\x40\x0f\0\0\x3e\xa6\0\0\x94\0\0\0\xc0\x0f\0\0\x4f\xa6\0\
\0\x8a\0\0\0\0\x10\0\0\x5c\xa6\0\0\x1c\0\0\0\x20\x10\0\0\x6d\xa6\0\0\x0f\0\0\0\
\x40\x10\0\0\x7c\xa6\0\0\x42\0\0\0\x80\x10\0\0\x8f\xa6\0\0\x77\0\0\0\x88\x10\0\
\0\xa5\xa6\0\0\x16\0\0\0\xa0\x10\0\0\xc2\xa6\0\0\x1f\x06\0\0\xc0\x10\0\0\xd5\
\xa6\0\0\x1f\x06\0\0\0\x11\0\0\xe8\xa6\0\0\x21\x06\0\0\x40\x11\0\0\xf7\xa6\0\0\
\xd3\x05\0\0\x80\x11\0\0\xf0\x99\0\0\xd6\x05\0\0\xc0\x11\0\0\x06\xa7\0\0\x93\
\x04\0\0\0\x12\0\0\x0f\xa7\0\0\x93\x04\0\0\x40\x12\0\0\x16\xa7\0\0\x93\x04\0\0\
\x80\x12\0\0\xf8\x99\0\0\x93\x04\0\0\xc0\x12\0\0\x28\xa3\0\0\x1c\0\0\0\0\x13\0\
\0\x1e\xa7\0\0\x1c\0\0\0\x20\x13\0\0\x2a\xa7\0\0\x93\x06\0\0\x40\x13\0\0\xcc\
\xa3\0\0\xe3\x05\0\0\x80\x13\0\0\x34\xa7\0\0\xe3\x05\0\0\xc0\x13\0\0\xf3\xa3\0\
\0\x16\0\0\0\0\x14\0\0\x47\xa7\0\0\x94\x06\0\0\x40\x14\0\0\x58\xa7\0\0\x95\x06\
\0\0\xc0\x14\0\0\x63\xa7\0\0\x12\0\0\x04\xc0\0\0\0\x0f\x83\0\0\x24\0\0\0\0\0\0\
\0\x6b\xa7\0\0\x16\0\0\0\x20\0\0\0\x75\xa7\0\0\xf4\x05\0\0\x40\0\0\0\x50\x21\0\
\0\xf6\x05\0\0\x80\0\0\0\x78\xa7\0\0\xf8\x05\0\0\xc0\0\0\0\x5b\x86\0\0\xf8\x05\
\0\0\0\x01\0\0\x87\xa7\0\0\xfc\x05\0\0\x40\x01\0\0\xda\x1f\0\0\xfe\x05\0\0\x80\
\x01\0\0\x93\xa7\0\0\0\x06\0\0\xc0\x01\0\0\x9a\xa7\0\0\x02\x06\0\0\0\x02\0\0\
\xaa\xa7\0\0\xc0\x04\0\0\x40\x02\0\0\xb7\xa7\0\0\x04\x06\0\0\x80\x02\0\0\xc3\
\xa7\0\0\x06\x06\0\0\xc0\x02\0\0\xcc\xa7\0\0\x5c\x05\0\0\0\x03\0\0\xd6\xa7\0\0\
\x08\x06\0\0\x40\x03\0\0\xe3\xa7\0\0\x14\x06\0\0\x80\x03\0\0\xf1\xa7\0\0\x47\
\x02\0\0\xc0\x03\0\0\xfd\xa7\0\0\x56\x02\0\0\0\x04\0\0\0\0\0\0\0\0\0\x02\xf5\
\x05\0\0\0\0\0\0\x01\0\0\x0d\x02\0\0\0\0\0\0\0\x58\x05\0\0\0\0\0\0\0\0\0\x02\
\xf7\x05\0\0\0\0\0\0\x02\0\0\x0d\xe1\x04\0\0\0\0\0\0\xe1\x04\0\0\0\0\0\0\x15\0\
\0\0\0\0\0\0\0\0\0\x02\xf9\x05\0\0\0\0\0\0\x01\0\0\x0d\x16\0\0\0\0\0\0\0\xfa\
\x05\0\0\0\0\0\0\0\0\0\x02\xfb\x05\0\0\0\0\0\0\0\0\0\x0a\xe2\x04\0\0\0\0\0\0\0\
\0\0\x02\xfd\x05\0\0\0\0\0\0\x02\0\0\x0d\xd3\0\0\0\0\0\0\0\xe1\x04\0\0\0\0\0\0\
\x0f\0\0\0\0\0\0\0\0\0\0\x02\xff\x05\0\0\0\0\0\0\x01\0\0\x0d\0\0\0\0\0\0\0\0\
\xe1\x04\0\0\0\0\0\0\0\0\0\x02\x01\x06\0\0\0\0\0\0\x03\0\0\x0d\0\0\0\0\0\0\0\0\
\xe1\x04\0\0\0\0\0\0\xba\x04\0\0\0\0\0\0\x02\0\0\0\0\0\0\0\0\0\0\x02\x03\x06\0\
\0\0\0\0\0\x01\0\0\x0d\xe1\x04\0\0\0\0\0\0\xe1\x04\0\0\0\0\0\0\0\0\0\x02\x05\
\x06\0\0\0\0\0\0\x05\0\0\x0d\0\0\0\0\0\0\0\0\xe1\x04\0\0\0\0\0\0\x93\x04\0\0\0\
\0\0\0\xb5\x04\0\0\0\0\0\0\x14\0\0\0\0\0\0\0\x77\0\0\0\0\0\0\0\0\0\0\x02\x07\
\x06\0\0\0\0\0\0\x03\0\0\x0d\0\0\0\0\0\0\0\0\xe1\x04\0\0\0\0\0\0\x93\x04\0\0\0\
\0\0\0\xb5\x04\0\0\0\0\0\0\0\0\0\x02\x09\x06\0\0\0\0\0\0\x03\0\0\x0d\x0a\x06\0\
\0\0\0\0\0\xfa\x05\0\0\0\0\0\0\xb5\x04\0\0\0\0\0\0\x17\0\0\0\0\0\0\0\0\0\0\x02\
\x0b\x06\0\0\x0b\xa8\0\0\x1a\0\0\x04\x60\x01\0\0\x60\x0b\0\0\x0a\x06\0\0\0\0\0\
\0\x10\x61\0\0\x0c\x06\0\0\x40\0\0\0\x15\xa8\0\0\x0d\x06\0\0\x80\0\0\0\x1b\xa8\
\0\0\x0f\0\0\0\xc0\0\0\0\x25\xa8\0\0\x0f\0\0\0\0\x01\0\0\x7e\x10\0\0\x94\0\0\0\
\x40\x01\0\0\xed\x12\0\0\x1a\0\0\0\x80\x01\0\0\x2d\xa8\0\0\x16\0\0\0\xa0\x01\0\
\0\x41\xa8\0\0\xb4\x04\0\0\xc0\x01\0\0\x19\x55\0\0\xb9\x01\0\0\x80\x02\0\0\x26\
\x24\0\0\x0f\0\0\0\xc0\x03\0\0\x4b\xa8\0\0\x1c\0\0\0\0\x04\0\0\xac\0\0\0\x41\0\
\0\0\x20\x04\0\0\x52\xa8\0\0\x41\0\0\0\x28\x04\0\0\x19\0\0\0\x41\0\0\0\x30\x04\
\0\0\x98\x51\0\0\x41\0\0\0\x38\x04\0\0\x37\x81\0\0\x40\0\0\0\x40\x04\0\0\x5c\
\xa8\0\0\xda\x05\0\0\x60\x04\0\0\x64\xa8\0\0\xa4\x03\0\0\xc0\x04\0\0\x67\xa8\0\
\0\x0e\x06\0\0\xc0\x05\0\0\x4e\x85\0\0\x10\x06\0\0\x40\x09\0\0\xbd\x23\0\0\x12\
\x06\0\0\x80\x09\0\0\x6a\xa8\0\0\x2c\0\0\0\xc0\x09\0\0\x92\x12\0\0\x62\0\0\0\
\x40\x0a\0\0\x97\x2b\0\0\xba\x04\0\0\xc0\x0a\0\0\x72\xa8\0\0\xac\x05\0\0\0\x0b\
\0\0\0\0\0\0\0\0\0\x02\x42\x06\0\0\0\0\0\0\0\0\0\x02\x3f\x06\0\0\x7e\xa8\0\0\
\x03\0\0\x04\x70\0\0\0\x87\xa8\0\0\x16\0\0\0\0\0\0\0\x8e\xa8\0\0\xda\x05\0\0\
\x20\0\0\0\x96\xa8\0\0\x0f\x06\0\0\x80\0\0\0\0\0\0\0\0\0\0\x03\0\0\0\0\x0f\0\0\
\0\x04\0\0\0\x0c\0\0\0\0\0\0\0\0\0\0\x02\x11\x06\0\0\0\0\0\0\x02\0\0\x0d\x02\0\
\0\0\0\0\0\0\x0a\x06\0\0\0\0\0\0\xb5\x04\0\0\0\0\0\0\0\0\0\x02\x13\x06\0\0\0\0\
\0\0\0\0\0\x0a\x12\x07\0\0\0\0\0\0\0\0\0\x02\x15\x06\0\0\0\0\0\0\x02\0\0\x0d\0\
\0\0\0\0\0\0\0\xfa\x05\0\0\0\0\0\0\x17\0\0\0\x9e\xa8\0\0\x28\0\0\x04\xb8\0\0\0\
\xb0\xa8\0\0\x7c\x01\0\0\0\0\0\0\x25\x99\0\0\x7c\x01\0\0\x40\0\0\0\xb4\xa8\0\0\
\x7c\x01\0\0\x80\0\0\0\x12\x99\0\0\x7c\x01\0\0\xc0\0\0\0\xbd\xa8\0\0\x7c\x01\0\
\0\0\x01\0\0\xc7\xa8\0\0\x02\0\0\0\x40\x01\0\0\xd3\xa8\0\0\x02\0\0\0\x60\x01\0\
\0\xe3\xa8\0\0\x02\0\0\0\x80\x01\0\0\xfa\xa8\0\0\x02\0\0\0\xa0\x01\0\0\x0c\xa9\
\0\0\x02\0\0\0\xc0\x01\0\0\x1f\xa9\0\0\x02\0\0\0\xe0\x01\0\0\x34\xa9\0\0\x02\0\
\0\0\0\x02\0\0\x47\xa9\0\0\x02\0\0\0\x20\x02\0\0\x59\xa9\0\0\x14\0\0\0\x40\x02\
\0\0\x6f\xa9\0\0\x40\0\0\0\x60\x02\0\0\x85\xa9\0\0\x40\0\0\0\x68\x02\0\0\x90\
\xa9\0\0\x40\0\0\0\x70\x02\0\0\xa6\xa9\0\0\x40\0\0\0\x78\x02\0\0\xb6\xa9\0\0\
\x02\0\0\0\x80\x02\0\0\xc2\xa9\0\0\x40\0\0\0\xa0\x02\0\0\xd9\xa9\0\0\x40\0\0\0\
\xa8\x02\0\0\xf6\xa9\0\0\x40\0\0\0\xb0\x02\0\0\x11\xaa\0\0\x17\x06\0\0\xc0\x02\
\0\0\x21\xaa\0\0\x1f\x02\0\0\xc0\x03\0\0\x35\xaa\0\0\x40\0\0\0\0\x04\0\0\x4c\
\xaa\0\0\x40\0\0\0\x08\x04\0\0\x5d\xaa\0\0\x40\0\0\0\x10\x04\0\0\x6c\xaa\0\0\
\x40\0\0\0\x18\x04\0\0\x83\xaa\0\0\x02\0\0\0\x20\x04\0\0\x91\xaa\0\0\x02\0\0\0\
\x40\x04\0\0\x9d\xaa\0\0\x02\0\0\0\x60\x04\0\0\xaf\xaa\0\0\x02\0\0\0\x80\x04\0\
\0\xc0\xaa\0\0\x02\0\0\0\xa0\x04\0\0\xd1\xaa\0\0\x02\0\0\0\xc0\x04\0\0\xe2\xaa\
\0\0\x02\0\0\0\xe0\x04\0\0\xf3\xaa\0\0\x02\0\0\0\0\x05\0\0\x02\xab\0\0\x14\0\0\
\0\x20\x05\0\0\x0b\xab\0\0\x10\0\0\0\x40\x05\0\0\x19\xab\0\0\x77\0\0\0\x80\x05\
\0\0\x31\xab\0\0\x40\0\0\0\x88\x05\0\0\0\0\0\0\0\0\0\x03\0\0\0\0\x0f\0\0\0\x04\
\0\0\0\x04\0\0\0\0\0\0\0\0\0\0\x02\x19\x06\0\0\x4b\xab\0\0\x36\0\0\x04\xf0\0\0\
\0\x58\xab\0\0\xff\0\0\0\0\0\0\0\x63\xab\0\0\xff\0\0\0\x20\0\0\0\x6d\xab\0\0\
\xff\0\0\0\x40\0\0\0\x72\xab\0\0\xff\0\0\0\x60\0\0\0\x7c\xab\0\0\xff\0\0\0\x80\
\0\0\0\x8d\xab\0\0\xff\0\0\0\xa0\0\0\0\x96\xab\0\0\xff\0\0\0\xc0\0\0\0\xa4\xab\
\0\0\xff\0\0\0\xe0\0\0\0\xb1\xab\0\0\xff\0\0\0\0\x01\0\0\xc6\xab\0\0\xff\0\0\0\
\x20\x01\0\0\xdf\xab\0\0\xff\0\0\0\x40\x01\0\0\xf1\xab\0\0\xff\0\0\0\x60\x01\0\
\0\x03\xac\0\0\xff\0\0\0\x80\x01\0\0\x25\xac\0\0\xff\0\0\0\xa0\x01\0\0\x47\xac\
\0\0\xff\0\0\0\xc0\x01\0\0\x54\xac\0\0\xff\0\0\0\xe0\x01\0\0\x63\xac\0\0\xff\0\
\0\0\0\x02\0\0\x75\xac\0\0\xff\0\0\0\x20\x02\0\0\x85\xac\0\0\xff\0\0\0\x40\x02\
\0\0\x97\xac\0\0\xff\0\0\0\x60\x02\0\0\xa5\xac\0\0\xff\0\0\0\x80\x02\0\0\xb6\
\xac\0\0\x15\0\0\0\xa0\x02\0\0\xc7\xac\0\0\xff\0\0\0\xc0\x02\0\0\xdf\xac\0\0\
\xff\0\0\0\xe0\x02\0\0\xef\xac\0\0\xff\0\0\0\0\x03\0\0\x0b\xad\0\0\xff\0\0\0\
\x20\x03\0\0\x1e\xad\0\0\xff\0\0\0\x40\x03\0\0\x31\xad\0\0\xff\0\0\0\x60\x03\0\
\0\x4c\xad\0\0\xff\0\0\0\x80\x03\0\0\x67\xad\0\0\xff\0\0\0\xa0\x03\0\0\x7a\xad\
\0\0\xff\0\0\0\xc0\x03\0\0\x84\xad\0\0\xff\0\0\0\xe0\x03\0\0\x98\xad\0\0\xff\0\
\0\0\0\x04\0\0\xad\xad\0\0\xff\0\0\0\x20\x04\0\0\xba\xad\0\0\xff\0\0\0\x40\x04\
\0\0\xd7\xad\0\0\xff\0\0\0\x60\x04\0\0\xe2\xad\0\0\xff\0\0\0\x80\x04\0\0\xee\
\xad\0\0\xff\0\0\0\xa0\x04\0\0\xfb\xad\0\0\xff\0\0\0\xc0\x04\0\0\x0f\xae\0\0\
\xff\0\0\0\xe0\x04\0\0\x1d\xae\0\0\xff\0\0\0\0\x05\0\0\x31\xae\0\0\x1a\x06\0\0\
\x20\x05\0\0\x3f\xae\0\0\xff\0\0\0\xc0\x05\0\0\x52\xae\0\0\xff\0\0\0\xe0\x05\0\
\0\x64\xae\0\0\xff\0\0\0\0\x06\0\0\x71\xae\0\0\x15\0\0\0\x20\x06\0\0\x7e\xae\0\
\0\x15\0\0\0\x40\x06\0\0\x8c\xae\0\0\xff\0\0\0\x60\x06\0\0\x9b\xae\0\0\xff\0\0\
\0\x80\x06\0\0\xa8\xae\0\0\xff\0\0\0\xa0\x06\0\0\x02\xab\0\0\x15\0\0\0\xc0\x06\
\0\0\x0b\xab\0\0\x15\0\0\0\xe0\x06\0\0\xb8\xae\0\0\x41\0\0\0\0\x07\0\0\xc6\xae\
\0\0\x7c\x01\0\0\x40\x07\0\0\xd4\xae\0\0\x02\0\0\x04\x14\0\0\0\xe7\xae\0\0\x77\
\0\0\0\0\0\0\0\xf3\xae\0\0\xa5\x04\0\0\x20\0\0\0\xfa\xae\0\0\x03\0\0\x04\x18\0\
\0\0\xe0\x0f\0\0\x36\0\0\0\0\0\0\0\x7e\x10\0\0\xda\x05\0\0\x40\0\0\0\x6d\x54\0\
\0\x02\0\0\0\x80\0\0\0\x0d\x9a\0\0\x0b\0\0\x04\x40\x01\0\0\x09\xaf\0\0\x44\0\0\
\0\0\0\0\0\x15\xaf\0\0\x44\0\0\0\x40\0\0\0\x18\x11\0\0\x02\0\0\0\x80\0\0\0\x20\
\xaf\0\0\x02\0\0\0\xa0\0\0\0\x29\xaf\0\0\x1d\x06\0\0\xc0\0\0\0\xcc\x72\0\0\x37\
\x03\0\0\0\x01\0\0\x98\x51\0\0\x77\0\0\0\x40\x01\0\0\x05\x61\0\0\x87\x03\0\0\0\
\x02\0\0\x2b\xaf\0\0\x5a\0\0\0\0\x08\0\0\x1b\x13\0\0\x59\0\0\0\x40\x08\0\0\x2f\
\xaf\0\0\x1f\0\0\0\x40\x09\0\0\0\0\0\0\0\0\0\x02\x7b\x07\0\0\0\0\0\0\0\0\0\x02\
\x23\x06\0\0\0\0\0\0\0\0\0\x02\x22\x06\0\0\0\0\0\0\0\0\0\x02\x7f\x07\0\0\0\0\0\
\0\0\0\0\x02\x24\x06\0\0\x39\xaf\0\0\x0b\0\0\x04\xe8\0\0\0\x51\x0b\0\0\xe2\x04\
\0\0\0\0\0\0\xf8\x20\0\0\x1e\x06\0\0\x80\x03\0\0\x42\xaf\0\0\x02\0\0\0\xc0\x03\
\0\0\x49\xaf\0\0\x29\x06\0\0\xe0\x03\0\0\x52\xaf\0\0\x29\x06\0\0\x80\x04\0\0\
\x5b\xaf\0\0\xa5\x04\0\0\x20\x05\0\0\x68\xaf\0\0\x0e\x05\0\0\xc0\x05\0\0\x72\
\xaf\0\0\x14\0\0\0\0\x06\0\0\x7d\xaf\0\0\x2c\0\0\0\x40\x06\0\0\x8b\xaf\0\0\x33\
\x06\0\0\xc0\x06\0\0\x9e\xaf\0\0\x24\0\0\0\0\x07\0\0\xb0\xaf\0\0\x1a\0\0\x84\
\xa8\0\0\0\xba\xaf\0\0\x21\x06\0\0\0\0\0\0\xc5\xaf\0\0\x1e\x06\0\0\x40\0\0\0\
\xcf\xaf\0\0\x26\x06\0\0\x80\0\0\0\0\0\0\0\x27\x06\0\0\xc0\0\0\0\xd9\xaf\0\0\
\x16\0\0\0\x40\x01\0\0\xe8\xaf\0\0\x1a\0\0\0\x60\x01\0\0\x3a\x12\0\0\x0f\0\0\0\
\x80\x01\0\0\xf1\xaf\0\0\x28\x06\0\0\xc0\x01\0\0\xfe\xaf\0\0\x29\x06\0\0\0\x02\
\0\0\x07\xb0\0\0\x14\0\0\0\xa0\x02\0\0\x12\xb0\0\0\x29\x06\0\0\xc0\x02\0\0\x1b\
\xb0\0\0\x29\x06\0\0\x60\x03\0\0\x28\xb0\0\0\x14\0\0\0\0\x04\0\0\x34\xb0\0\0\
\x40\0\0\0\x20\x04\0\0\x42\xb0\0\0\x40\0\0\0\x28\x04\0\0\x4c\xb0\0\0\x40\0\0\0\
\x30\x04\0\0\x54\xb0\0\0\x40\0\0\0\x38\x04\0\0\x59\xb0\0\0\x40\0\0\0\x40\x04\0\
\0\x68\xb0\0\0\x40\0\0\0\x48\x04\0\x01\x75\xb0\0\0\x40\0\0\0\x49\x04\0\x01\x81\
\xb0\0\0\x40\0\0\0\x4a\x04\0\x01\x8e\xb0\0\0\x40\0\0\0\x4b\x04\0\x01\x9e\xb0\0\
\0\x40\0\0\0\x4c\x04\0\x04\x92\x12\0\0\x62\0\0\0\x80\x04\0\0\xa5\xb0\0\0\x2a\
\x06\0\0\0\x05\0\0\xa8\xb0\0\0\x37\x06\0\0\x40\x05\0\0\xba\xaf\0\0\x07\0\0\x04\
\x78\0\0\0\xb0\xb0\0\0\xe8\0\0\0\0\0\0\0\xba\xb0\0\0\x14\0\0\0\x80\0\0\0\xc1\
\xb0\0\0\x8a\0\0\0\xa0\0\0\0\xca\xb0\0\0\x25\x06\0\0\xc0\0\0\0\xd3\xb0\0\0\x1b\
\x06\0\0\xc0\x02\0\0\xac\0\0\0\x16\0\0\0\x80\x03\0\0\xd9\xa3\0\0\x16\0\0\0\xa0\
\x03\0\0\xcf\xaf\0\0\x09\0\0\x04\x40\0\0\0\xa2\x04\0\0\x26\x06\0\0\0\0\0\0\xdd\
\xb0\0\0\x26\x06\0\0\x40\0\0\0\xe2\xb0\0\0\x26\x06\0\0\x80\0\0\0\xe8\xb0\0\0\
\x1e\x06\0\0\xc0\0\0\0\xed\xb0\0\0\x23\0\0\0\0\x01\0\0\xf4\xb0\0\0\x23\0\0\0\
\x10\x01\0\0\xfd\xb0\0\0\x02\0\0\0\x20\x01\0\0\x07\xb1\0\0\x1e\x06\0\0\x40\x01\
\0\0\x92\x12\0\0\x62\0\0\0\x80\x01\0\0\0\0\0\0\0\0\0\x02\x25\x06\0\0\0\0\0\0\
\x02\0\0\x05\x10\0\0\0\x0e\xb1\0\0\x2c\0\0\0\0\0\0\0\x1c\xb1\0\0\x2c\0\0\0\0\0\
\0\0\0\0\0\0\0\0\0\x02\x2f\x07\0\0\x24\xb1\0\0\x02\0\0\x04\x14\0\0\0\xc8\x3d\0\
\0\xa5\x04\0\0\0\0\0\0\x2b\xb1\0\0\x02\0\0\0\x80\0\0\0\0\0\0\0\0\0\0\x02\x30\
\x07\0\0\xa8\xb0\0\0\x04\0\0\x04\x60\0\0\0\x30\xb1\0\0\x2c\x06\0\0\0\0\0\0\x3a\
\xb1\0\0\x0f\0\0\0\x40\x02\0\0\x45\xb1\0\0\x35\x06\0\0\x80\x02\0\0\x4f\xb1\0\0\
\x36\x06\0\0\xc0\x02\0\0\x65\xb1\0\0\x0d\0\0\x04\x48\0\0\0\x73\xb1\0\0\xba\x04\
\0\0\0\0\0\0\x7b\xb1\0\0\x02\0\0\0\x40\0\0\0\x83\xb1\0\0\x42\0\0\0\x60\0\0\0\
\x8d\xb1\0\0\x40\0\0\0\x68\0\0\0\x98\xb1\0\0\x40\0\0\0\x70\0\0\0\xa6\xb1\0\0\
\x42\0\0\0\x78\0\0\0\xb0\xb1\0\0\x5e\x05\0\0\x80\0\0\0\xbd\xb1\0\0\x2e\x06\0\0\
\xc0\0\0\0\xc4\xb1\0\0\x02\0\0\0\x40\x01\0\0\xcf\xb1\0\0\x1c\0\0\0\x60\x01\0\0\
\xdf\xb1\0\0\x2f\x06\0\0\x80\x01\0\0\xf3\xb1\0\0\x30\x06\0\0\xc0\x01\0\0\x01\
\xb2\0\0\x34\x06\0\0\0\x02\0\0\x10\xb2\0\0\x08\0\0\x04\x30\0\0\0\x19\0\0\0\x23\
\0\0\0\0\0\0\0\xac\0\0\0\x23\0\0\0\x10\0\0\0\x1f\xb2\0\0\x23\0\0\0\x20\0\0\0\
\xed\x12\0\0\x1c\0\0\0\x40\0\0\0\x28\xb2\0\0\x5c\x05\0\0\x80\0\0\0\x34\xb2\0\0\
\x5a\x05\0\0\xc0\0\0\0\x92\x12\0\0\x62\0\0\0\0\x01\0\0\x52\x13\0\0\xc2\x04\0\0\
\x80\x01\0\0\0\0\0\0\x02\0\0\x05\x10\0\0\0\xee\x73\0\0\x99\x04\0\0\0\0\0\0\xf3\
\x73\0\0\xa5\x04\0\0\0\0\0\0\0\0\0\0\0\0\0\x02\x30\x06\0\0\0\0\0\0\0\0\0\x02\
\x31\x06\0\0\x3f\xb2\0\0\x0d\0\0\x84\xb0\0\0\0\x51\x0b\0\0\xe2\x04\0\0\0\0\0\0\
\xfc\xa3\0\0\x02\0\0\0\x80\x03\0\0\x46\xb2\0\0\x16\0\0\0\xa0\x03\0\0\x4f\xb2\0\
\0\x23\0\0\0\xc0\x03\0\0\x57\xb2\0\0\x41\0\0\0\xd0\x03\0\0\x63\xb2\0\0\x41\0\0\
\0\xd8\x03\0\0\x73\xb2\0\0\x02\0\0\0\xe0\x03\0\0\x7a\xb2\0\0\x40\0\0\0\0\x04\0\
\0\0\0\0\0\x32\x06\0\0\x20\x04\0\0\x87\xb2\0\0\x14\0\0\0\xa0\x04\0\x01\x95\xb2\
\0\0\x14\0\0\0\xa1\x04\0\x1f\x9d\xb2\0\0\x2c\0\0\0\xc0\x04\0\0\xa9\xb2\0\0\x33\
\x06\0\0\x40\x05\0\0\0\0\0\0\x02\0\0\x05\x10\0\0\0\xba\xb2\0\0\x99\x04\0\0\0\0\
\0\0\xc1\xb2\0\0\xa5\x04\0\0\0\0\0\0\0\0\0\0\0\0\0\x02\x5d\x06\0\0\0\0\0\0\0\0\
\0\x02\x34\x07\0\0\0\0\0\0\0\0\0\x02\x1f\x06\0\0\0\0\0\0\0\0\0\x02\x35\x07\0\0\
\0\0\0\0\0\0\0\x03\0\0\0\0\x2b\x06\0\0\x04\0\0\0\0\0\0\0\xc8\xb2\0\0\x27\0\0\
\x04\x08\x04\0\0\x97\x2b\0\0\xba\x04\0\0\0\0\0\0\xd2\xb2\0\0\x2c\0\0\0\x40\0\0\
\0\xdc\xb2\0\0\x39\x06\0\0\xc0\0\0\0\xe4\xb2\0\0\x39\x06\0\0\0\x01\0\0\xec\xb2\
\0\0\x42\0\0\0\x40\x01\0\0\xf3\xb2\0\0\x42\0\0\0\x48\x01\0\0\x01\xb3\0\0\x42\0\
\0\0\x50\x01\0\0\x0e\xb3\0\0\x42\0\0\0\x58\x01\0\0\x1b\xb3\0\0\x0f\0\0\0\x80\
\x01\0\0\x26\xb3\0\0\x0f\0\0\0\xc0\x01\0\0\x2c\xb3\0\0\x0f\0\0\0\0\x02\0\0\x33\
\xb3\0\0\x0f\0\0\0\x40\x02\0\0\x3f\xb3\0\0\x55\x03\0\0\x80\x02\0\0\x4a\xb3\0\0\
\x55\x03\0\0\x40\x05\0\0\x56\xb3\0\0\x55\x03\0\0\0\x08\0\0\x62\xb3\0\0\x55\x03\
\0\0\xc0\x0a\0\0\x70\xb3\0\0\x55\x03\0\0\x80\x0d\0\0\x7f\xb3\0\0\xb4\x04\0\0\
\x40\x10\0\0\x8e\xb3\0\0\xb4\x04\0\0\0\x11\0\0\x9e\xb3\0\0\x8a\0\0\0\xc0\x11\0\
\0\xac\xb3\0\0\x8a\0\0\0\xe0\x11\0\0\xbb\xb3\0\0\x8f\0\0\0\0\x12\0\0\xc3\xb3\0\
\0\x3e\x06\0\0\0\x13\0\0\x7e\x10\0\0\x94\0\0\0\x40\x13\0\0\xed\x12\0\0\x1a\0\0\
\0\x80\x13\0\0\xcb\xb3\0\0\x15\0\0\0\xa0\x13\0\0\x98\x51\0\0\x02\0\0\0\xc0\x13\
\0\0\xd4\xb3\0\0\x14\0\0\0\xe0\x13\0\0\xe2\xb3\0\0\x2c\0\0\0\0\x14\0\0\xf0\xb3\
\0\0\xa5\x04\0\0\x80\x14\0\0\xf6\xb3\0\0\x0d\x06\0\0\0\x15\0\0\xff\xb3\0\0\x19\
\x06\0\0\x40\x15\0\0\x86\x57\0\0\x5a\x06\0\0\xc0\x1c\0\0\x03\xb4\0\0\xb9\x01\0\
\0\xc0\x1d\0\0\x0c\xb4\0\0\xff\0\0\0\0\x1f\0\0\x18\xb4\0\0\x41\0\0\0\x20\x1f\0\
\0\x95\x29\0\0\x0f\0\0\0\x40\x1f\0\0\x92\x12\0\0\x62\0\0\0\x80\x1f\0\0\x22\xb4\
\0\0\x16\0\0\0\0\x20\0\0\0\0\0\0\0\0\0\x02\x3a\x06\0\0\x29\xb4\0\0\x0f\0\0\x04\
\xd0\0\0\0\x33\xb4\0\0\xa5\x04\0\0\0\0\0\0\x3c\xb4\0\0\x0e\x05\0\0\x80\0\0\0\
\x60\x0b\0\0\x39\x06\0\0\xc0\0\0\0\x41\xb4\0\0\x3b\x06\0\0\0\x01\0\0\x4d\xb4\0\
\0\x3b\x06\0\0\x40\x01\0\0\x56\xb4\0\0\x16\0\0\0\x80\x01\0\0\x61\xb4\0\0\x42\0\
\0\0\xa0\x01\0\0\x6d\xb4\0\0\x3d\x06\0\0\xc0\x01\0\0\x79\xb4\0\0\x55\x03\0\0\
\x40\x02\0\0\x82\xb4\0\0\x16\0\0\0\0\x05\0\0\x8c\xb4\0\0\x02\0\0\0\x20\x05\0\0\
\x96\xb4\0\0\x1a\0\0\0\x40\x05\0\0\xa1\xb4\0\0\x0f\0\0\0\x80\x05\0\0\xac\xb4\0\
\0\x0f\0\0\0\xc0\x05\0\0\x92\x12\0\0\x62\0\0\0\0\x06\0\0\0\0\0\0\0\0\0\x02\x3c\
\x06\0\0\xb7\xb4\0\0\x07\0\0\x04\x40\0\0\0\xc3\xb4\0\0\x3b\x06\0\0\0\0\0\0\xcb\
\xb4\0\0\xa5\x04\0\0\x40\0\0\0\xd3\xb4\0\0\x3d\x06\0\0\xc0\0\0\0\xdc\xb4\0\0\
\x42\0\0\0\x40\x01\0\0\xe6\xb4\0\0\x42\0\0\0\x48\x01\0\0\xef\xb4\0\0\x42\0\0\0\
\x50\x01\0\0\x92\x12\0\0\x62\0\0\0\x80\x01\0\0\0\0\0\0\0\0\0\x03\0\0\0\0\x0f\0\
\0\0\x04\0\0\0\x02\0\0\0\0\0\0\0\0\0\0\x02\x2e\x07\0\0\xfa\xb4\0\0\x0c\0\0\x04\
\x90\0\0\0\xcc\x72\0\0\xa3\x04\0\0\0\0\0\0\x97\x2b\0\0\xba\x04\0\0\x40\0\0\0\
\x96\x12\0\0\x2c\0\0\0\x80\0\0\0\x06\xb5\0\0\x40\x06\0\0\0\x01\0\0\x10\x61\0\0\
\x0c\x06\0\0\x40\x01\0\0\x12\xb5\0\0\x19\0\0\0\x80\x01\0\0\x98\x51\0\0\x02\0\0\
\0\xc0\x01\0\0\xed\x12\0\0\x1a\0\0\0\xe0\x01\0\0\xa4\x13\0\0\x62\0\0\0\0\x02\0\
\0\x1f\xb5\0\0\x02\0\0\0\x80\x02\0\0\x52\x13\0\0\x59\x06\0\0\xa0\x02\0\0\x2e\
\xb5\0\0\x73\0\0\0\x40\x04\0\0\0\0\0\0\0\0\0\x02\x41\x06\0\0\0\0\0\0\x01\0\0\
\x0d\x02\0\0\0\0\0\0\0\x0a\x06\0\0\x39\xb5\0\0\x1f\0\0\x04\xe8\x01\0\0\x0f\x83\
\0\0\x02\0\0\0\0\0\0\0\x45\xb5\0\0\x16\0\0\0\x20\0\0\0\x14\x61\0\0\x16\0\0\0\
\x40\0\0\0\x37\x81\0\0\x9f\x04\0\0\x60\0\0\0\x30\x1f\0\0\x43\x06\0\0\x80\0\0\0\
\x50\xb5\0\0\x48\x06\0\0\xc0\0\0\0\x57\xb5\0\0\x40\x06\0\0\0\x01\0\0\x63\xb5\0\
\0\x4c\x06\0\0\x40\x01\0\0\x70\xb5\0\0\x50\x06\0\0\x80\x01\0\0\x7c\xb5\0\0\xc0\
\x04\0\0\xc0\x01\0\0\x87\xb5\0\0\x52\x06\0\0\0\x02\0\0\x94\xb5\0\0\x54\x06\0\0\
\x40\x02\0\0\x03\x13\0\0\x19\x01\0\0\x80\x02\0\0\x15\xa8\0\0\x3f\x06\0\0\xc0\
\x02\0\0\x9e\xb5\0\0\x2c\0\0\0\x40\x07\0\0\xa9\xb5\0\0\x02\0\0\0\xc0\x07\0\0\
\xb5\xb5\0\0\x02\0\0\0\xe0\x07\0\0\xc0\xb5\0\0\x02\0\0\0\0\x08\0\0\xcb\xb5\0\0\
\x02\0\0\0\x20\x08\0\0\xd6\xb5\0\0\x0f\0\0\0\x40\x08\0\0\xe1\xb5\0\0\x55\x03\0\
\0\x80\x08\0\0\xe9\xb5\0\0\xb9\x01\0\0\x40\x0b\0\0\xf5\xb5\0\0\xb4\x04\0\0\x80\
\x0c\0\0\x01\xb6\0\0\x1c\0\0\0\x40\x0d\0\0\x09\xb6\0\0\x1c\0\0\0\x60\x0d\0\0\
\x6a\xa8\0\0\x2c\0\0\0\x80\x0d\0\0\x7e\x10\0\0\x94\0\0\0\0\x0e\0\0\x14\xb6\0\0\
\x0f\0\0\0\x40\x0e\0\0\x86\x57\0\0\x56\x06\0\0\x80\x0e\0\0\x1e\xb6\0\0\x57\x06\
\0\0\xc0\x0e\0\0\x22\xb6\0\0\x58\x06\0\0\0\x0f\0\0\0\0\0\0\0\0\0\x02\x44\x06\0\
\0\0\0\0\0\x03\0\0\x0d\x15\0\0\0\0\0\0\0\x17\0\0\0\0\0\0\0\x45\x06\0\0\0\0\0\0\
\x47\x06\0\0\0\0\0\0\0\0\0\x02\x46\x06\0\0\0\0\0\0\0\0\0\x0a\xe3\x04\0\0\0\0\0\
\0\0\0\0\x02\x15\0\0\0\0\0\0\0\0\0\0\x02\x49\x06\0\0\0\0\0\0\x02\0\0\x0d\x77\0\
\0\0\0\0\0\0\x4a\x06\0\0\0\0\0\0\x17\0\0\0\0\0\0\0\0\0\0\x02\x4b\x06\0\0\0\0\0\
\0\0\0\0\x0a\x0b\x06\0\0\0\0\0\0\0\0\0\x02\x4d\x06\0\0\0\0\0\0\x01\0\0\x0d\x02\
\0\0\0\0\0\0\0\x4e\x06\0\0\0\0\0\0\0\0\0\x02\x4f\x06\0\0\x30\xb6\0\0\x06\0\0\
\x04\x20\0\0\0\x60\x0b\0\0\x4e\x06\0\0\0\0\0\0\xcc\x72\0\0\xa3\x04\0\0\x40\0\0\
\0\x97\x2b\0\0\xba\x04\0\0\x80\0\0\0\xac\0\0\0\x40\0\0\0\xc0\0\0\0\x37\x81\0\0\
\x40\0\0\0\xc8\0\0\0\x65\x1e\0\0\xac\x05\0\0\xd0\0\0\0\0\0\0\0\0\0\0\x02\x51\
\x06\0\0\0\0\0\0\x01\0\0\x0d\0\0\0\0\0\0\0\0\x4e\x06\0\0\0\0\0\0\0\0\0\x02\x53\
\x06\0\0\0\0\0\0\x01\0\0\x0d\x02\0\0\0\0\0\0\0\x17\0\0\0\0\0\0\0\0\0\0\x02\x55\
\x06\0\0\0\0\0\0\x02\0\0\x0d\x77\0\0\0\0\0\0\0\x45\x06\0\0\0\0\0\0\xe9\x05\0\0\
\0\0\0\0\0\0\0\x02\x10\x07\0\0\0\0\0\0\0\0\0\x02\x11\x07\0\0\0\0\0\0\0\0\0\x02\
\x4e\x06\0\0\0\0\0\0\0\0\0\x03\0\0\0\0\x02\0\0\0\x04\0\0\0\x0d\0\0\0\x3d\xb6\0\
\0\x04\0\0\x04\x20\0\0\0\x2a\x74\0\0\x48\x04\0\0\0\0\0\0\xf3\x73\0\0\xb3\x05\0\
\0\x40\0\0\0\x4a\xb6\0\0\x5b\x06\0\0\x80\0\0\0\x54\xb6\0\0\x5c\x06\0\0\xc0\0\0\
\0\0\0\0\0\0\0\0\x02\x39\x07\0\0\0\0\0\0\0\0\0\x02\x3a\x07\0\0\x61\xb6\0\0\x02\
\0\0\x04\x18\0\0\0\x7e\x10\0\0\x8a\0\0\0\0\0\0\0\xc7\x1c\0\0\x2c\0\0\0\x40\0\0\
\0\x6f\xb6\0\0\x16\0\0\x04\xb8\0\0\0\x0f\x83\0\0\x02\0\0\0\0\0\0\0\x96\x12\0\0\
\x2c\0\0\0\x40\0\0\0\x7d\xb6\0\0\x02\0\0\0\xc0\0\0\0\x87\xb6\0\0\x02\0\0\0\xe0\
\0\0\0\x91\xb6\0\0\x02\0\0\0\0\x01\0\0\xa2\xb6\0\0\x02\0\0\0\x20\x01\0\0\xb0\
\xb6\0\0\x16\0\0\0\x40\x01\0\0\0\x83\0\0\x5f\x06\0\0\x80\x01\0\0\xbe\xb6\0\0\
\x76\x06\0\0\xc0\x01\0\0\xc7\xb6\0\0\x78\x06\0\0\0\x02\0\0\xcd\xb6\0\0\x7a\x06\
\0\0\x40\x02\0\0\xd7\xb6\0\0\x81\x06\0\0\x80\x02\0\0\xde\xb6\0\0\x83\x06\0\0\
\xc0\x02\0\0\xe6\xb6\0\0\x85\x06\0\0\0\x03\0\0\xeb\xb6\0\0\x87\x06\0\0\x40\x03\
\0\0\xf9\xb6\0\0\x89\x06\0\0\x80\x03\0\0\x05\xb7\0\0\x02\0\0\0\xc0\x03\0\0\x9c\
\x01\0\0\xed\x05\0\0\0\x04\0\0\x0d\xb7\0\0\x2c\0\0\0\x40\x04\0\0\xb8\x18\0\0\
\xcc\x01\0\0\xc0\x04\0\0\x18\xb7\0\0\x37\x03\0\0\0\x05\0\0\x92\x12\0\0\x62\0\0\
\0\x40\x05\0\0\0\0\0\0\0\0\0\x02\x60\x06\0\0\0\0\0\0\x04\0\0\x0d\x02\0\0\0\0\0\
\0\0\x61\x06\0\0\0\0\0\0\x66\x06\0\0\0\0\0\0\x02\0\0\0\0\0\0\0\x74\x06\0\0\0\0\
\0\0\0\0\0\x02\x62\x06\0\0\x20\xb7\0\0\x19\0\0\x04\x98\0\0\0\x96\x12\0\0\x2c\0\
\0\0\0\0\0\0\x29\xb7\0\0\x02\0\0\0\x80\0\0\0\x32\xb7\0\0\x02\0\0\0\xa0\0\0\0\
\x34\x82\0\0\x14\0\0\0\xc0\0\0\0\x3b\xb7\0\0\x14\0\0\0\xe0\0\0\0\xac\0\0\0\x14\
\0\0\0\0\x01\0\0\x45\xb7\0\0\x14\0\0\0\x20\x01\0\0\0\x83\0\0\x40\0\0\0\x40\x01\
\0\0\x4b\xb7\0\0\x40\0\0\0\x48\x01\0\0\x92\x83\0\0\x40\0\0\0\x50\x01\0\0\x52\
\xb7\0\0\x40\0\0\0\x58\x01\0\0\x60\x41\0\0\x14\0\0\0\x60\x01\0\0\x5b\xb7\0\0\
\x63\x06\0\0\x80\x01\0\0\x62\xb7\0\0\x61\x06\0\0\xc0\x01\0\0\x6a\xb7\0\0\x37\
\x03\0\0\0\x02\0\0\xed\x12\0\0\x1a\0\0\0\x40\x02\0\0\x71\xb7\0\0\x14\0\0\0\x60\
\x02\0\0\x76\xb7\0\0\x02\0\0\0\x80\x02\0\0\x87\xb7\0\0\x02\0\0\0\xa0\x02\0\0\
\x9a\xb7\0\0\x83\x01\0\0\xc0\x02\0\0\xa2\xb7\0\0\x83\x01\0\0\x40\x03\0\0\xaa\
\xb7\0\0\x64\x06\0\0\xc0\x03\0\0\xb4\xb7\0\0\x65\x06\0\0\0\x04\0\0\xc0\xb7\0\0\
\x65\x06\0\0\x20\x04\0\0\x92\x12\0\0\x62\0\0\0\x40\x04\0\0\xcc\xb7\0\0\0\0\0\
\x08\x11\0\0\0\xd3\xb7\0\0\x02\0\0\x04\x08\0\0\0\xc7\x19\0\0\x9d\0\0\0\0\0\0\0\
\x77\x81\0\0\x9d\0\0\0\x20\0\0\0\xe2\xb7\0\0\x02\0\0\x04\x04\0\0\0\xc7\x19\0\0\
\x23\0\0\0\0\0\0\0\x77\x81\0\0\x23\0\0\0\x10\0\0\0\0\0\0\0\0\0\0\x02\x67\x06\0\
\0\xf6\xb7\0\0\x01\0\0\x04\x58\0\0\0\xfc\xb7\0\0\x68\x06\0\0\0\0\0\0\0\0\0\0\
\x04\0\0\x05\x58\0\0\0\xfe\xb7\0\0\x69\x06\0\0\0\0\0\0\x0a\xb8\0\0\x6b\x06\0\0\
\0\0\0\0\x0e\xb8\0\0\x72\x06\0\0\0\0\0\0\x12\xb8\0\0\x73\x06\0\0\0\0\0\0\x15\
\xb8\0\0\x0b\0\0\x04\x28\0\0\0\x22\xb8\0\0\x02\0\0\0\0\0\0\0\x2d\xb8\0\0\x02\0\
\0\0\x20\0\0\0\x38\xb8\0\0\x15\0\0\0\x40\0\0\0\x44\xb8\0\0\x41\0\0\0\x60\0\0\0\
\x4f\xb8\0\0\x41\0\0\0\x68\0\0\0\x5c\xb8\0\0\x41\0\0\0\x70\0\0\0\x69\xb8\0\0\
\x41\0\0\0\x78\0\0\0\x76\xb8\0\0\x15\0\0\0\x80\0\0\0\x83\xb8\0\0\x9d\0\0\0\xa0\
\0\0\0\x8e\xb8\0\0\x6a\x06\0\0\xc0\0\0\0\x9d\xb8\0\0\x15\0\0\0\0\x01\0\0\xb3\
\xb8\0\0\x01\0\0\x04\x08\0\0\0\x5b\xb7\0\0\x63\x06\0\0\0\0\0\0\xc0\xb8\0\0\x04\
\0\0\x04\x38\0\0\0\xfe\xb7\0\0\x69\x06\0\0\0\0\0\0\x52\x83\0\0\x99\x04\0\0\x40\
\x01\0\0\x4c\x83\0\0\x99\x04\0\0\x60\x01\0\0\xc7\xb8\0\0\x6c\x06\0\0\x80\x01\0\
\0\xcb\xb8\0\0\x05\0\0\x05\x04\0\0\0\xd5\xb8\0\0\x6d\x06\0\0\0\0\0\0\xdb\xb8\0\
\0\x6e\x06\0\0\0\0\0\0\xe1\xb8\0\0\x6f\x06\0\0\0\0\0\0\xe9\xb8\0\0\x99\x04\0\0\
\0\0\0\0\xf1\xb8\0\0\x71\x06\0\0\0\0\0\0\0\0\0\0\x02\0\0\x04\x04\0\0\0\x58\x83\
\0\0\x9f\x04\0\0\0\0\0\0\x69\x83\0\0\x9f\x04\0\0\x10\0\0\0\0\0\0\0\x02\0\0\x04\
\x02\0\0\0\x19\0\0\0\x41\0\0\0\0\0\0\0\x8e\x5e\0\0\x41\0\0\0\x08\0\0\0\0\0\0\0\
\x02\0\0\x04\x04\0\0\0\x58\x83\0\0\x70\x06\0\0\0\0\0\0\x69\x83\0\0\x70\x06\0\0\
\x10\0\0\0\xf5\xb8\0\0\0\0\0\x08\x23\0\0\0\0\0\0\0\x01\0\0\x04\x01\0\0\0\x19\0\
\0\0\x41\0\0\0\0\0\0\0\xfc\xb8\0\0\x06\0\0\x04\x58\0\0\0\xfe\xb7\0\0\x69\x06\0\
\0\0\0\0\0\x4c\x83\0\0\xa5\x04\0\0\x40\x01\0\0\x52\x83\0\0\xa5\x04\0\0\xc0\x01\
\0\0\x03\xb9\0\0\x99\x04\0\0\x40\x02\0\0\xc7\xb8\0\0\x6c\x06\0\0\x60\x02\0\0\
\x0d\xb9\0\0\x15\0\0\0\x80\x02\0\0\x15\xb9\0\0\x04\0\0\x04\x30\0\0\0\xfe\xb7\0\
\0\x69\x06\0\0\0\0\0\0\x4c\x83\0\0\x70\x06\0\0\x40\x01\0\0\x52\x83\0\0\x70\x06\
\0\0\x50\x01\0\0\xc7\xb8\0\0\x6c\x06\0\0\x60\x01\0\0\0\0\0\0\0\0\0\x02\x75\x06\
\0\0\x1d\xb9\0\0\x06\0\0\x04\x28\0\0\0\x2c\xb9\0\0\x19\0\0\0\0\0\0\0\x37\xb9\0\
\0\x17\0\0\0\x40\0\0\0\x43\xb9\0\0\x19\0\0\0\x80\0\0\0\x4a\xb9\0\0\x61\x06\0\0\
\xc0\0\0\0\x45\xb7\0\0\x14\0\0\0\0\x01\0\0\xac\0\0\0\x02\0\0\0\x20\x01\0\0\0\0\
\0\0\0\0\0\x02\x77\x06\0\0\0\0\0\0\x03\0\0\x0d\x77\0\0\0\0\0\0\0\x61\x06\0\0\0\
\0\0\0\x02\0\0\0\0\0\0\0\x74\x06\0\0\0\0\0\0\0\0\0\x02\x79\x06\0\0\0\0\0\0\x03\
\0\0\x0d\x02\0\0\0\0\0\0\0\x61\x06\0\0\0\0\0\0\x66\x06\0\0\0\0\0\0\x02\0\0\0\0\
\0\0\0\0\0\0\x02\x7b\x06\0\0\0\0\0\0\x05\0\0\x0d\x02\0\0\0\0\0\0\0\x61\x06\0\0\
\0\0\0\0\xb5\x04\0\0\0\0\0\0\x7c\x06\0\0\0\0\0\0\x7e\x06\0\0\0\0\0\0\xe9\x05\0\
\0\0\0\0\0\0\0\0\x02\x7d\x06\0\0\x4f\xb9\0\0\x09\0\0\x04\x0c\0\0\0\x0f\x83\0\0\
\x41\0\0\0\0\0\0\0\x5c\xb9\0\0\x41\0\0\0\x08\0\0\0\x64\xb9\0\0\x41\0\0\0\x10\0\
\0\0\x6c\xb9\0\0\x41\0\0\0\x18\0\0\0\x45\xb7\0\0\x41\0\0\0\x20\0\0\0\x70\xb9\0\
\0\x41\0\0\0\x28\0\0\0\x75\xb9\0\0\x41\0\0\0\x30\0\0\0\0\x83\0\0\x41\0\0\0\x38\
\0\0\0\xac\0\0\0\x15\0\0\0\x40\0\0\0\0\0\0\0\0\0\0\x02\x7f\x06\0\0\0\0\0\0\0\0\
\0\x02\x80\x06\0\0\x7a\xb9\0\0\x02\0\0\x04\x04\0\0\0\x81\xb9\0\0\x23\0\0\0\0\0\
\0\0\x89\xb9\0\0\x23\0\0\0\x10\0\0\0\0\0\0\0\0\0\0\x02\x82\x06\0\0\0\0\0\0\x01\
\0\0\x0d\x02\0\0\0\0\0\0\0\x61\x06\0\0\0\0\0\0\0\0\0\x02\x84\x06\0\0\0\0\0\0\
\x03\0\0\x0d\x02\0\0\0\0\0\0\0\x61\x06\0\0\0\0\0\0\x7c\x06\0\0\0\0\0\0\x7e\x06\
\0\0\0\0\0\0\0\0\0\x02\x86\x06\0\0\0\0\0\0\x03\0\0\x0d\x02\0\0\0\0\0\0\0\x61\
\x06\0\0\0\0\0\0\xb5\x04\0\0\0\0\0\0\x7c\x06\0\0\0\0\0\0\0\0\0\x02\x88\x06\0\0\
\0\0\0\0\x01\0\0\x0d\x10\x01\0\0\0\0\0\0\x61\x06\0\0\0\0\0\0\0\0\0\x02\x8a\x06\
\0\0\0\0\0\0\x01\0\0\x0d\0\0\0\0\0\0\0\0\xd3\x05\0\0\x92\xb9\0\0\x04\0\0\x04\
\x10\0\0\0\x19\0\0\0\x40\0\0\0\0\0\0\0\x9d\xb9\0\0\x40\0\0\0\x08\0\0\0\x7b\x42\
\0\0\x22\0\0\0\x10\0\0\0\0\0\0\0\x8c\x06\0\0\x40\0\0\0\0\0\0\0\x09\0\0\x05\x08\
\0\0\0\xad\xb9\0\0\x8d\x06\0\0\0\0\0\0\xbe\xb9\0\0\x8d\x06\0\0\0\0\0\0\xc3\xb9\
\0\0\xc2\0\0\0\0\0\0\0\xd2\xb9\0\0\xed\x05\0\0\0\0\0\0\x59\xa5\0\0\x8e\x06\0\0\
\0\0\0\0\xe0\xb9\0\0\x8f\x06\0\0\0\0\0\0\0\0\0\0\x90\x06\0\0\0\0\0\0\xed\xb9\0\
\0\x91\x06\0\0\0\0\0\0\xf6\xb9\0\0\x22\0\0\0\0\0\0\0\0\0\0\0\0\0\0\x0a\x14\0\0\
\0\0\0\0\0\0\0\0\x02\xf3\x06\0\0\0\0\0\0\0\0\0\x02\xf4\x06\0\0\0\0\0\0\x02\0\0\
\x04\x04\0\0\0\xc7\x3c\0\0\x31\x05\0\0\0\0\0\0\xc3\x3c\0\0\x31\x05\0\0\x10\0\0\
\0\0\0\0\0\0\0\0\x02\x92\x06\0\0\0\0\0\0\x02\0\0\x0d\x02\0\0\0\0\0\0\0\xeb\x05\
\0\0\0\0\0\0\xe9\x05\0\0\0\0\0\0\0\0\0\x02\x80\x07\0\0\0\0\0\0\x03\0\0\x04\x10\
\0\0\0\xc7\x1c\0\0\xe0\0\0\0\0\0\0\0\x7e\x10\0\0\x8a\0\0\0\x40\0\0\0\x35\x50\0\
\0\x14\0\0\0\x60\0\0\0\0\0\0\0\0\0\0\x02\x81\x07\0\0\x08\xba\0\0\x07\0\0\x04\
\xd0\0\0\0\x11\xba\0\0\x48\x04\0\0\0\0\0\0\x20\xba\0\0\xa9\x06\0\0\x40\0\0\0\
\x2b\xba\0\0\x7c\x01\0\0\x80\x03\0\0\x3d\xba\0\0\xb3\x06\0\0\xc0\x03\0\0\x48\
\xba\0\0\xb3\x06\0\0\0\x05\0\0\x53\xba\0\0\x16\0\0\0\x40\x06\0\0\x65\xba\0\0\
\x16\0\0\0\x60\x06\0\0\0\0\0\0\0\0\0\x02\x98\x06\0\0\0\0\0\0\0\0\0\x0a\x99\x06\
\0\0\x77\xba\0\0\x04\0\0\x04\x20\0\0\0\x6e\x1f\0\0\x19\x01\0\0\0\0\0\0\x19\0\0\
\0\x9a\x06\0\0\x40\0\0\0\x81\xba\0\0\x9b\x06\0\0\x80\0\0\0\x87\xba\0\0\xcc\x01\
\0\0\xc0\0\0\0\x8a\xba\0\0\x03\0\0\x06\x04\0\0\0\x96\xba\0\0\0\0\0\0\xa6\xba\0\
\0\x01\0\0\0\xb7\xba\0\0\x02\0\0\0\0\0\0\0\0\0\0\x02\x9c\x06\0\0\xc7\xba\0\0\0\
\0\0\x08\x9d\x06\0\0\0\0\0\0\x08\0\0\x0d\0\0\0\0\0\0\0\0\x37\x03\0\0\0\0\0\0\
\x9e\x06\0\0\0\0\0\0\x16\0\0\0\0\0\0\0\x9f\x06\0\0\0\0\0\0\x45\x06\0\0\0\0\0\0\
\x45\x06\0\0\0\0\0\0\xa1\x06\0\0\0\0\0\0\xc2\0\0\0\xd0\xba\0\0\0\0\0\x08\x40\0\
\0\0\0\0\0\0\0\0\0\x02\xa0\x06\0\0\0\0\0\0\0\0\0\x0a\xb6\x04\0\0\0\0\0\0\0\0\0\
\x02\xa2\x06\0\0\0\0\0\0\0\0\0\x0a\xa3\x06\0\0\xd9\xba\0\0\x02\0\0\x04\x10\0\0\
\0\x19\0\0\0\x9e\x06\0\0\0\0\0\0\xfc\xb7\0\0\xa4\x06\0\0\x20\0\0\0\0\0\0\0\x02\
\0\0\x05\x0c\0\0\0\xe4\xba\0\0\xa5\x06\0\0\0\0\0\0\xe9\xba\0\0\xa8\x06\0\0\0\0\
\0\0\0\0\0\0\x04\0\0\x04\x0c\0\0\0\xed\xba\0\0\xa6\x06\0\0\0\0\0\0\xfc\x22\0\0\
\xa7\x06\0\0\x20\0\0\0\xf6\xba\0\0\xa7\x06\0\0\x30\0\0\0\xac\0\0\0\xa7\x06\0\0\
\x40\0\0\0\x01\xbb\0\0\0\0\0\x08\x14\0\0\0\x0b\xbb\0\0\0\0\0\x08\x22\0\0\0\0\0\
\0\0\x02\0\0\x04\x02\0\0\0\x74\x1c\0\0\x9e\x06\0\0\0\0\0\0\x15\xbb\0\0\x9e\x06\
\0\0\x08\0\0\0\0\0\0\0\0\0\0\x03\0\0\0\0\x97\x06\0\0\x04\0\0\0\x0d\0\0\0\x1e\
\xbb\0\0\x02\0\0\x04\x08\0\0\0\x2e\xbb\0\0\x22\0\0\0\0\0\0\0\x3f\xbb\0\0\xb2\
\x06\0\0\x40\0\0\0\x45\xbb\0\0\x02\0\0\x04\x10\0\0\0\x53\xbb\0\0\xac\x06\0\0\0\
\0\0\0\x6b\x53\0\0\x19\0\0\0\x40\0\0\0\0\0\0\0\0\0\0\x02\xad\x06\0\0\x58\xbb\0\
\0\0\0\0\x08\xae\x06\0\0\0\0\0\0\x03\0\0\x0d\x16\0\0\0\0\0\0\0\x19\0\0\0\0\0\0\
\0\xb5\x04\0\0\0\0\0\0\xaf\x06\0\0\0\0\0\0\0\0\0\x02\xb0\x06\0\0\0\0\0\0\0\0\0\
\x0a\xb1\x06\0\0\x62\xbb\0\0\x07\0\0\x04\x30\0\0\0\x53\xbb\0\0\x40\0\0\0\0\0\0\
\0\x70\xbb\0\0\x40\0\0\0\x08\0\0\0\x73\xbb\0\0\xba\x04\0\0\x40\0\0\0\x76\xbb\0\
\0\xba\x04\0\0\x80\0\0\0\xa8\x81\0\0\x93\x04\0\0\xc0\0\0\0\xcc\x72\0\0\x37\x03\
\0\0\0\x01\0\0\x7a\xbb\0\0\x5c\x05\0\0\x40\x01\0\0\0\0\0\0\0\0\0\x03\0\0\0\0\
\xab\x06\0\0\x04\0\0\0\0\0\0\0\0\0\0\0\0\0\0\x03\0\0\0\0\x1a\x05\0\0\x04\0\0\0\
\x05\0\0\0\x7f\xbb\0\0\x0b\0\0\x04\x88\0\0\0\x88\xbb\0\0\x77\0\0\0\0\0\0\0\x9d\
\xbb\0\0\x40\0\0\0\x08\0\0\0\xb0\xbb\0\0\x40\0\0\0\x10\0\0\0\xbe\xbb\0\0\x40\0\
\0\0\x18\0\0\0\xca\xbb\0\0\x40\0\0\0\x20\0\0\0\xe4\xbb\0\0\x40\0\0\0\x28\0\0\0\
\xf2\xbb\0\0\x40\0\0\0\x30\0\0\0\x02\xbc\0\0\xb5\x06\0\0\x40\0\0\0\x97\x66\0\0\
\xb6\x06\0\0\x80\0\0\0\x0d\xbc\0\0\xb7\x06\0\0\xc0\0\0\0\x23\xbc\0\0\xb8\x06\0\
\0\0\x01\0\0\0\0\0\0\0\0\0\x02\x82\x07\0\0\0\0\0\0\0\0\0\x02\x83\x07\0\0\0\0\0\
\0\0\0\0\x02\x84\x07\0\0\x2f\xbc\0\0\x06\0\0\x04\x68\0\0\0\x39\xbc\0\0\xb9\x06\
\0\0\0\0\0\0\x41\xbc\0\0\xba\x06\0\0\x20\0\0\0\x45\xbc\0\0\xbc\x06\0\0\0\x02\0\
\0\x49\xbc\0\0\xbd\x06\0\0\x40\x02\0\0\x4e\xbc\0\0\xbd\x06\0\0\x60\x02\0\0\x55\
\xbc\0\0\xbe\x06\0\0\x80\x02\0\0\x59\xbc\0\0\x01\0\0\x04\x04\0\0\0\x18\x11\0\0\
\x16\0\0\0\0\0\0\0\x68\xbc\0\0\x05\0\0\x04\x3c\0\0\0\x73\xbc\0\0\xbb\x06\0\0\0\
\0\0\0\x7c\xbc\0\0\x40\0\0\0\xc0\x01\0\0\x86\xbc\0\0\x40\0\0\0\xc8\x01\0\0\x95\
\xbc\0\0\x40\0\0\0\xd0\x01\0\0\xa5\xbc\0\0\x40\0\0\0\xd8\x01\0\0\0\0\0\0\0\0\0\
\x03\0\0\0\0\x16\0\0\0\x04\0\0\0\x0e\0\0\0\xbc\xbc\0\0\x01\0\0\x04\x08\0\0\0\
\x73\xbc\0\0\x6b\0\0\0\0\0\0\0\xc7\xbc\0\0\x01\0\0\x04\x04\0\0\0\x18\x11\0\0\
\x16\0\0\0\0\0\0\0\xd3\xbc\0\0\x02\0\0\x04\x18\0\0\0\xde\xbc\0\0\x2c\0\0\0\0\0\
\0\0\x73\xbc\0\0\x6b\0\0\0\x80\0\0\0\0\0\0\0\0\0\0\x02\x32\x07\0\0\xea\xbc\0\0\
\x03\0\0\x04\x40\0\0\0\xf4\xbc\0\0\xc1\x06\0\0\0\0\0\0\x65\x56\0\0\xc2\x06\0\0\
\x80\0\0\0\x89\x68\0\0\xc3\x06\0\0\0\x01\0\0\0\0\0\0\0\0\0\x03\0\0\0\0\x1f\x03\
\0\0\x04\0\0\0\x02\0\0\0\0\0\0\0\0\0\0\x03\0\0\0\0\x16\x03\0\0\x04\0\0\0\x02\0\
\0\0\0\0\0\0\0\0\0\x03\0\0\0\0\x2c\0\0\0\x04\0\0\0\x02\0\0\0\xfe\xbc\0\0\x20\0\
\0\x04\x40\x03\0\0\x09\xbd\0\0\x2c\0\0\0\0\0\0\0\x13\xbd\0\0\xa4\0\0\0\x80\0\0\
\0\x1f\xbd\0\0\xa4\0\0\0\xc0\0\0\0\x2b\xbd\0\0\xa4\0\0\0\0\x01\0\0\x37\xbd\0\0\
\xa4\0\0\0\x40\x01\0\0\x43\xbd\0\0\x16\0\0\0\x80\x01\0\0\x4f\xbd\0\0\x16\0\0\0\
\xa0\x01\0\0\x59\xbd\0\0\x59\0\0\0\xc0\x01\0\0\x69\xbd\0\0\x2c\0\0\0\xc0\x02\0\
\0\x74\xbd\0\0\xa4\0\0\0\x40\x03\0\0\x81\xbd\0\0\x16\0\0\0\x80\x03\0\0\x92\xbd\
\0\0\xc5\x06\0\0\xc0\x03\0\0\xa1\xbd\0\0\xc7\x06\0\0\x80\x04\0\0\xae\xbd\0\0\
\xc8\x06\0\0\0\x06\0\0\xbb\xbd\0\0\x59\0\0\0\xc0\x06\0\0\xcc\xbd\0\0\xc9\x06\0\
\0\xc0\x07\0\0\xdb\xbd\0\0\x2c\0\0\0\x40\x09\0\0\xe8\xbd\0\0\x93\x04\0\0\xc0\
\x09\0\0\xed\xbd\0\0\x93\x04\0\0\0\x0a\0\0\xf8\xbd\0\0\x14\0\0\0\x40\x0a\0\0\
\x0c\xbe\0\0\x14\0\0\0\x60\x0a\0\0\x21\xbe\0\0\x02\0\0\0\x80\x0a\0\0\x34\xbe\0\
\0\x14\0\0\0\xa0\x0a\0\0\x47\xbe\0\0\x9a\0\0\0\xc0\x0a\0\0\x16\x97\0\0\x7c\x01\
\0\0\0\x0b\0\0\x56\xbe\0\0\xf3\x05\0\0\0\x0c\0\0\x64\xbe\0\0\xf3\x05\0\0\0\x12\
\0\0\x72\xbe\0\0\x8a\0\0\0\0\x18\0\0\x82\xbe\0\0\xa2\x01\0\0\x20\x18\0\0\x9d\
\xbe\0\0\xa2\x01\0\0\x40\x18\0\0\xb9\xbe\0\0\x8a\0\0\0\x60\x18\0\0\xca\xbe\0\0\
\x8f\0\0\0\x80\x18\0\0\0\0\0\0\0\0\0\x03\0\0\0\0\xe0\0\0\0\x04\0\0\0\x03\0\0\0\
\xd9\xbe\0\0\x06\0\0\x04\x10\0\0\0\x45\xb7\0\0\xa4\0\0\0\0\0\0\0\xea\xbe\0\0\
\x16\0\0\0\x40\0\0\0\xf0\xbe\0\0\x40\0\0\0\x60\0\0\0\xf7\xbe\0\0\x40\0\0\0\x68\
\0\0\0\xfe\xbe\0\0\x40\0\0\0\x70\0\0\0\x05\xbf\0\0\x40\0\0\0\x78\0\0\0\0\0\0\0\
\0\0\0\x03\0\0\0\0\xc6\x06\0\0\x04\0\0\0\x03\0\0\0\0\0\0\0\0\0\0\x03\0\0\0\0\
\x16\0\0\0\x04\0\0\0\x06\0\0\0\x0c\xbf\0\0\x06\0\0\x04\x30\0\0\0\x9c\x13\0\0\
\x59\0\0\0\0\0\0\0\x7e\x10\0\0\xda\x05\0\0\0\x01\0\0\x20\xbf\0\0\x40\0\0\0\x40\
\x01\0\0\x27\xbf\0\0\x40\0\0\0\x48\x01\0\0\x2e\xbf\0\0\x40\0\0\0\x50\x01\0\0\
\x35\xbf\0\0\x40\0\0\0\x58\x01\0\0\x91\xbf\0\0\x04\0\0\x04\xb0\x01\0\0\x6e\x1f\
\0\0\xcb\x06\0\0\0\0\0\0\xf2\x16\0\0\xb6\0\0\0\x40\x0c\0\0\x11\x1e\0\0\x7d\x01\
\0\0\x80\x0c\0\0\xd1\x1c\0\0\x63\x01\0\0\xc0\x0c\0\0\x9f\xbf\0\0\x06\0\0\x04\
\x86\x01\0\0\xab\xbf\0\0\xcc\x06\0\0\0\0\0\0\xb3\xbf\0\0\xcc\x06\0\0\x08\x02\0\
\0\x92\x31\0\0\xcc\x06\0\0\x10\x04\0\0\x39\x32\0\0\xcc\x06\0\0\x18\x06\0\0\xbc\
\xbf\0\0\xcc\x06\0\0\x20\x08\0\0\xc4\xbf\0\0\xcc\x06\0\0\x28\x0a\0\0\0\0\0\0\0\
\0\0\x03\0\0\0\0\xc4\0\0\0\x04\0\0\0\x41\0\0\0\x1b\xc0\0\0\x1a\0\0\x84\xa0\x01\
\0\0\x28\xc0\0\0\x7e\0\0\0\0\0\0\0\x2c\xc0\0\0\x0f\0\0\0\x40\0\0\0\x3c\x03\0\0\
\x7b\0\0\0\x80\0\0\0\x26\x61\0\0\x0f\0\0\0\xc0\0\0\0\x36\xc0\0\0\x0f\0\0\0\0\
\x01\0\0\x3d\xc0\0\0\x16\0\0\0\x40\x01\0\x01\x49\xc0\0\0\x16\0\0\0\x41\x01\0\
\x01\x56\xc0\0\0\x16\0\0\0\x42\x01\0\x01\x61\xc0\0\0\x16\0\0\0\x43\x01\0\x01\
\x74\xc0\0\0\x81\0\0\0\x80\x01\0\0\x7f\xc0\0\0\x81\0\0\0\xc0\x01\0\0\x40\x17\0\
\0\x81\0\0\0\0\x02\0\0\xbd\x05\0\0\xce\x06\0\0\x40\x02\0\0\x8b\xc0\0\0\x02\0\0\
\0\x80\x02\0\0\x92\xc0\0\0\x16\0\0\0\xa0\x02\0\0\x9c\xc0\0\0\x02\0\0\0\xc0\x02\
\0\0\xa1\xc0\0\0\x02\0\0\0\xe0\x02\0\0\xa6\xc0\0\0\xc2\0\0\0\0\x03\0\0\xaf\xc0\
\0\0\xc2\0\0\0\x40\x03\0\0\xb6\xc0\0\0\xc2\0\0\0\x80\x03\0\0\xbd\xc0\0\0\x16\0\
\0\0\xc0\x03\0\0\xca\xc0\0\0\x02\0\0\0\xe0\x03\0\0\xd1\xc0\0\0\x0f\0\0\0\0\x04\
\0\0\xd8\xc0\0\0\x0f\0\0\0\x40\x04\0\0\xdd\xc0\0\0\xcf\x06\0\0\x80\x04\0\0\xf4\
\x20\0\0\xd0\x06\0\0\0\x05\0\0\0\0\0\0\0\0\0\x02\xf2\0\0\0\xe8\xc0\0\0\x02\0\0\
\x04\x10\0\0\0\xef\xc0\0\0\x12\x01\0\0\0\0\0\0\xf8\xc0\0\0\x12\x01\0\0\x40\0\0\
\0\0\0\0\0\0\0\0\x03\0\0\0\0\xc4\0\0\0\x04\0\0\0\0\x01\0\0\0\0\0\0\x01\0\0\x0d\
\x02\0\0\0\x40\0\0\0\x09\0\0\0\x30\xc6\0\0\x01\0\0\x0c\xd1\x06\0\0\0\0\0\0\0\0\
\0\x03\0\0\0\0\xc3\0\0\0\x04\0\0\0\x0d\0\0\0\xdf\xc7\0\0\0\0\0\x0e\xd3\x06\0\0\
\x01\0\0\0\xe7\xc7\0\0\x01\0\0\x0f\0\0\0\0\x08\0\0\0\0\0\0\0\x10\0\0\0\xed\xc7\
\0\0\x01\0\0\x0f\0\0\0\0\xd4\x06\0\0\0\0\0\0\x0d\0\0\0\x42\x01\0\0\0\0\0\x07\0\
\0\0\0\x24\x0f\0\0\0\0\0\x07\0\0\0\0\xf5\xc7\0\0\0\0\0\x07\0\0\0\0\x01\xc8\0\0\
\0\0\0\x07\0\0\0\0\x0e\xc8\0\0\0\0\0\x07\0\0\0\0\x21\xc8\0\0\0\0\0\x07\0\0\0\0\
\x32\xc8\0\0\0\0\0\x07\0\0\0\0\xf0\x76\0\0\0\0\0\x07\0\0\0\0\x3f\xc8\0\0\0\0\0\
\x07\0\0\0\0\x45\xc8\0\0\0\0\0\x07\0\0\0\0\x54\xc8\0\0\0\0\0\x07\0\0\0\0\x6d\
\xc8\0\0\0\0\0\x07\0\0\0\0\x7d\xc8\0\0\0\0\0\x07\0\0\0\0\x81\x37\0\0\0\0\0\x07\
\0\0\0\0\x83\xc8\0\0\0\0\0\x07\0\0\0\0\x8b\xc8\0\0\0\0\0\x07\0\0\0\0\x97\xc8\0\
\0\0\0\0\x07\0\0\0\0\xa7\xc8\0\0\0\0\0\x07\0\0\0\0\xb5\xc8\0\0\0\0\0\x07\0\0\0\
\0\xc3\xc8\0\0\0\0\0\x07\0\0\0\0\xd2\xc8\0\0\0\0\0\x07\0\0\0\0\xdd\xc8\0\0\0\0\
\0\x07\0\0\0\0\xec\xc8\0\0\0\0\0\x07\0\0\0\0\xf9\xc8\0\0\0\0\0\x07\0\0\0\0\x09\
\xc9\0\0\0\0\0\x07\0\0\0\0\x13\xc9\0\0\0\0\0\x07\0\0\0\0\x24\xc9\0\0\0\0\0\x07\
\0\0\0\0\x30\xc9\0\0\0\0\0\x07\0\0\0\0\x3f\xc9\0\0\0\0\0\x07\0\0\0\0\x58\xc9\0\
\0\0\0\0\x07\0\0\0\0\x78\xc9\0\0\0\0\0\x07\0\0\0\0\x83\xc9\0\0\0\0\0\x07\0\0\0\
\0\x8a\xc9\0\0\0\0\0\x07\0\0\0\0\x96\xc9\0\0\0\0\0\x07\0\0\0\0\xa6\xc9\0\0\0\0\
\0\x07\0\0\0\0\xb0\xc9\0\0\0\0\0\x07\0\0\0\0\xbf\xc9\0\0\0\0\0\x07\0\0\0\0\xcd\
\xc9\0\0\0\0\0\x07\0\0\0\0\xd6\xc9\0\0\0\0\0\x07\0\0\0\0\x6d\x69\0\0\0\0\0\x07\
\0\0\0\0\xec\xc9\0\0\0\0\0\x07\0\0\0\0\x83\x46\0\0\0\0\0\x07\0\0\0\0\xf8\xc9\0\
\0\0\0\0\x07\0\0\0\0\x04\xca\0\0\0\0\0\x07\0\0\0\0\x12\xca\0\0\0\0\0\x07\0\0\0\
\0\x1b\xca\0\0\0\0\0\x07\0\0\0\0\x2e\xca\0\0\0\0\0\x07\0\0\0\0\x44\xca\0\0\0\0\
\0\x07\0\0\0\0\x4f\xca\0\0\0\0\0\x07\0\0\0\0\x5c\xca\0\0\0\0\0\x07\0\0\0\0\x68\
\xca\0\0\0\0\0\x07\0\0\0\0\x77\xca\0\0\0\0\0\x07\0\0\0\0\x8d\xca\0\0\0\0\0\x07\
\0\0\0\0\x9e\xca\0\0\0\0\0\x07\0\0\0\0\xa9\xca\0\0\0\0\0\x07\0\0\0\0\xb3\xca\0\
\0\0\0\0\x07\0\0\0\0\xcc\xca\0\0\0\0\0\x07\0\0\0\0\xdb\xca\0\0\0\0\0\x07\0\0\0\
\0\xec\xca\0\0\0\0\0\x07\0\0\0\0\xfd\xca\0\0\0\0\0\x07\0\0\0\0\x07\xcb\0\0\0\0\
\0\x07\0\0\0\0\x14\xcb\0\0\0\0\0\x07\0\0\0\0\x24\xcb\0\0\0\0\0\x07\0\0\0\0\x2e\
\xcb\0\0\0\0\0\x07\0\0\0\0\x38\xcb\0\0\0\0\0\x07\0\0\0\0\x42\x8b\0\0\0\0\0\x07\
\0\0\0\0\x42\xcb\0\0\0\0\0\x07\0\0\0\0\x4f\xcb\0\0\0\0\0\x07\0\0\0\0\x5f\xcb\0\
\0\0\0\0\x07\0\0\0\0\x72\xcb\0\0\0\0\0\x07\0\0\0\0\x83\xcb\0\0\0\0\0\x07\0\0\0\
\0\x90\xcb\0\0\0\0\0\x07\0\0\0\0\x9a\xcb\0\0\0\0\0\x07\0\0\0\0\xa4\xcb\0\0\0\0\
\0\x07\0\0\0\0\xae\xcb\0\0\0\0\0\x07\0\0\0\0\xc0\xcb\0\0\0\0\0\x07\0\0\0\0\xd3\
\xcb\0\0\0\0\0\x07\0\0\0\0\xdf\xcb\0\0\0\0\0\x07\0\0\0\0\xf1\xcb\0\0\0\0\0\x07\
\0\0\0\0\xfc\xcb\0\0\0\0\0\x07\0\0\0\0\x07\xcc\0\0\0\0\0\x07\0\0\0\0\x19\xcc\0\
\0\0\0\0\x07\0\0\0\0\x2f\xcc\0\0\0\0\0\x07\0\0\0\0\x3a\xcc\0\0\0\0\0\x07\0\0\0\
\0\x5c\x87\0\0\0\0\0\x07\0\0\0\0\x44\xcc\0\0\0\0\0\x07\0\0\0\0\x68\x87\0\0\0\0\
\0\x07\0\0\0\0\x56\xcc\0\0\0\0\0\x07\0\0\0\0\x60\xcc\0\0\0\0\0\x07\0\0\0\0\xe6\
\x73\0\0\0\0\0\x07\0\0\0\0\x6c\xcc\0\0\0\0\0\x07\0\0\0\0\x77\xcc\0\0\0\0\0\x07\
\0\0\0\0\x83\xcc\0\0\0\0\0\x07\0\0\0\0\x90\xcc\0\0\0\0\0\x07\0\0\0\0\xa1\xcc\0\
\0\0\0\0\x07\0\0\0\0\xb6\xcc\0\0\0\0\0\x07\0\0\0\0\xc5\xcc\0\0\0\0\0\x07\0\0\0\
\0\xd4\xcc\0\0\0\0\0\x07\0\0\0\0\xdd\xcc\0\0\0\0\0\x07\0\0\0\0\xef\xcc\0\0\0\0\
\0\x07\0\0\0\0\x72\x87\0\0\0\0\0\x07\0\0\0\0\x4e\x88\0\0\0\0\0\x07\0\0\0\0\x04\
\xcd\0\0\0\0\0\x07\0\0\0\0\x11\xcd\0\0\0\0\0\x07\0\0\0\0\x18\xcd\0\0\0\0\0\x07\
\0\0\0\0\x21\xcd\0\0\0\0\0\x07\0\0\0\0\x2a\xcd\0\0\0\0\0\x07\0\0\0\0\x3c\xcd\0\
\0\0\0\0\x07\0\0\0\0\x49\xcd\0\0\0\0\0\x07\0\0\0\0\x57\xcd\0\0\0\0\0\x07\0\0\0\
\0\x62\xcd\0\0\0\0\0\x07\0\0\0\0\x73\xcd\0\0\0\0\0\x07\0\0\0\0\x81\xcd\0\0\0\0\
\0\x07\0\0\0\0\x8d\xcd\0\0\0\0\0\x07\0\0\0\0\x9e\xcd\0\0\0\0\0\x07\0\0\0\0\xac\
\xcd\0\0\0\0\0\x07\0\0\0\0\xba\xcd\0\0\0\0\0\x07\0\0\0\0\xcb\xcd\0\0\0\0\0\x07\
\0\0\0\0\xde\xcd\0\0\0\0\0\x07\0\0\0\0\xe7\xcd\0\0\0\0\0\x07\0\0\0\0\xfa\xcd\0\
\0\0\0\0\x07\0\0\0\0\x06\xce\0\0\0\0\0\x07\0\0\0\0\x98\x8a\0\0\0\0\0\x07\0\0\0\
\0\x17\xce\0\0\0\0\0\x07\0\0\0\0\x22\xce\0\0\0\0\0\x07\0\0\0\0\x27\xce\0\0\0\0\
\0\x07\0\0\0\0\x3c\xce\0\0\0\0\0\x07\0\0\0\0\x54\xce\0\0\0\0\0\x07\0\0\0\0\x5c\
\xce\0\0\0\0\0\x07\0\0\0\0\x63\xce\0\0\0\0\0\x07\0\0\0\0\x74\xce\0\0\0\0\0\x07\
\0\0\0\0\x86\xce\0\0\0\0\0\x07\0\0\0\0\x98\xce\0\0\0\0\0\x07\0\0\0\0\x83\x96\0\
\0\0\0\0\x07\0\0\0\0\xad\xce\0\0\0\0\0\x07\0\0\0\0\xdd\x77\0\0\0\0\0\x07\0\0\0\
\0\xba\xce\0\0\0\0\0\x07\0\0\0\0\x19\x1e\0\0\0\0\0\x07\0\0\0\0\xc3\xce\0\0\0\0\
\0\x07\0\0\0\0\xd2\xce\0\0\0\0\0\x07\0\0\0\0\xe5\xce\0\0\0\0\0\x07\0\0\0\0\xfc\
\xce\0\0\0\0\0\x07\0\0\0\0\x0d\xcf\0\0\0\0\0\x07\0\0\0\0\x22\xcf\0\0\0\0\0\x07\
\0\0\0\0\x39\xcf\0\0\0\0\0\x07\0\0\0\0\x49\xcf\0\0\0\0\0\x07\0\0\0\0\x5b\xcf\0\
\0\0\0\0\x07\0\0\0\0\x70\xcf\0\0\0\0\0\x07\0\0\0\0\x7f\xcf\0\0\0\0\0\x07\0\0\0\
\0\xd0\x16\0\0\0\0\0\x07\0\0\0\0\x8e\xcf\0\0\0\0\0\x07\0\0\0\0\x68\x1a\0\0\0\0\
\0\x07\0\0\0\0\xf3\x1a\0\0\0\0\0\x07\0\0\0\0\x9b\xcf\0\0\0\0\0\x07\0\0\0\0\xb0\
\xcf\0\0\0\0\0\x07\0\0\0\0\x81\x73\0\0\0\0\0\x07\0\0\0\0\x55\x97\0\0\0\0\0\x07\
\0\0\0\0\xc0\xcf\0\0\0\0\0\x07\0\0\0\0\xc8\xcf\0\0\0\0\0\x07\0\0\0\0\xd2\xcf\0\
\0\0\0\0\x07\0\0\0\0\xdb\xcf\0\0\0\0\0\x07\0\0\0\0\xe7\xcf\0\0\0\0\0\x07\0\0\0\
\0\xf2\xcf\0\0\0\0\0\x07\0\0\0\0\0\xd0\0\0\0\0\0\x07\0\0\0\0\x0c\xd0\0\0\0\0\0\
\x07\0\0\0\0\x17\xd0\0\0\0\0\0\x07\0\0\0\0\x2a\xd0\0\0\0\0\0\x07\0\0\0\0\x3f\
\xd0\0\0\0\0\0\x07\0\0\0\0\x48\xd0\0\0\0\0\0\x07\0\0\0\0\x57\xd0\0\0\0\0\0\x07\
\0\0\0\0\x68\xd0\0\0\0\0\0\x07\0\0\0\0\x7a\xd0\0\0\0\0\0\x07\0\0\0\0\x82\xd0\0\
\0\0\0\0\x07\0\0\0\0\x94\xd0\0\0\0\0\0\x07\0\0\0\0\xa9\xd0\0\0\0\0\0\x07\0\0\0\
\0\xba\xd0\0\0\0\0\0\x07\0\0\0\0\xcb\xd0\0\0\0\0\0\x07\0\0\0\0\xd8\xd0\0\0\0\0\
\0\x07\0\0\0\0\xe6\xd0\0\0\0\0\0\x07\0\0\0\0\xf9\xd0\0\0\0\0\0\x07\0\0\0\0\x34\
\x07\0\0\0\0\0\x07\0\0\0\0\x61\x07\0\0\0\0\0\x07\0\0\0\0\x07\xd1\0\0\0\0\0\x07\
\0\0\0\0\x17\xd1\0\0\0\0\0\x07\0\0\0\0\x2b\xd1\0\0\0\0\0\x07\0\0\0\0\x37\xd1\0\
\0\0\0\0\x07\0\0\0\0\x40\xd1\0\0\0\0\0\x07\0\0\0\0\x52\xd1\0\0\0\0\0\x07\0\0\0\
\0\x60\xd1\0\0\0\0\0\x07\0\0\0\0\x6a\xd1\0\0\0\0\0\x07\0\0\0\0\x76\xd1\0\0\0\0\
\0\x07\0\0\0\0\x80\xd1\0\0\0\0\0\x07\0\0\0\0\x8e\xd1\0\0\0\0\0\x07\0\0\0\0\xa0\
\xd1\0\0\0\0\0\x07\0\0\0\0\xaf\xd1\0\0\0\0\0\x07\0\0\0\0\xdc\x05\0\0\0\0\0\x07\
\0\0\0\0\xb6\xd1\0\0\0\0\0\x07\0\0\0\0\xc4\xd1\0\0\0\0\0\x07\0\0\0\0\xd1\xd1\0\
\0\0\0\0\x07\0\0\0\0\xdf\xd1\0\0\0\0\0\x07\0\0\0\0\x92\x06\0\0\0\0\0\x07\0\0\0\
\0\xee\xd1\0\0\0\0\0\x07\0\0\0\0\xfd\xd1\0\0\0\0\0\x07\0\0\0\0\x0d\xd2\0\0\0\0\
\0\x07\0\0\0\0\x42\x07\0\0\0\0\0\x07\0\0\0\0\x6c\x07\0\0\0\0\0\x07\0\0\0\0\x16\
\xd2\0\0\0\0\0\x07\0\0\0\0\x27\xd2\0\0\0\0\0\x07\0\0\0\0\x3f\xd2\0\0\0\0\0\x07\
\0\0\0\0\xb8\x08\0\0\0\0\0\x07\0\0\0\0\x4e\xd2\0\0\0\0\0\x07\0\0\0\0\x5f\xd2\0\
\0\0\0\0\x07\0\0\0\0\x6b\xd2\0\0\0\0\0\x07\0\0\0\0\x75\xd2\0\0\0\0\0\x07\0\0\0\
\0\0\x69\x6e\x74\0\x5f\x5f\x41\x52\x52\x41\x59\x5f\x53\x49\x5a\x45\x5f\x54\x59\
\x50\x45\x5f\x5f\0\x74\x79\x70\x65\0\x6d\x61\x78\x5f\x65\x6e\x74\x72\x69\x65\
\x73\0\x72\x62\0\x75\x6e\x73\x69\x67\x6e\x65\x64\x20\x6c\x6f\x6e\x67\x20\x6c\
\x6f\x6e\x67\0\x63\x74\x78\0\x68\x61\x6e\x64\x6c\x65\x5f\x73\x63\x68\x65\x64\
\x5f\x70\x72\x6f\x63\x65\x73\x73\x5f\x65\x78\x65\x63\0\x72\x61\x77\x5f\x74\x72\
\x61\x63\x65\x70\x6f\x69\x6e\x74\x2f\x73\x63\x68\x65\x64\x5f\x70\x72\x6f\x63\
\x65\x73\x73\x5f\x65\x78\x65\x63\0\x74\x61\x73\x6b\x5f\x73\x74\x72\x75\x63\x74\
\0\x74\x68\x72\x65\x61\x64\x5f\x69\x6e\x66\x6f\0\x5f\x5f\x73\x74\x61\x74\x65\0\
\x73\x74\x61\x63\x6b\0\x75\x73\x61\x67\x65\0\x66\x6c\x61\x67\x73\0\x70\x74\x72\
\x61\x63\x65\0\x6f\x6e\x5f\x63\x70\x75\0\x77\x61\x6b\x65\x5f\x65\x6e\x74\x72\
\x79\0\x63\x70\x75\0\x77\x61\x6b\x65\x65\x5f\x66\x6c\x69\x70\x73\0\x77\x61\x6b\
\x65\x65\x5f\x66\x6c\x69\x70\x5f\x64\x65\x63\x61\x79\x5f\x74\x73\0\x6c\x61\x73\
\x74\x5f\x77\x61\x6b\x65\x65\0\x72\x65\x63\x65\x6e\x74\x5f\x75\x73\x65\x64\x5f\
\x63\x70\x75\0\x77\x61\x6b\x65\x5f\x63\x70\x75\0\x6f\x6e\x5f\x72\x71\0\x70\x72\
\x69\x6f\0\x73\x74\x61\x74\x69\x63\x5f\x70\x72\x69\x6f\0\x6e\x6f\x72\x6d\x61\
\x6c\x5f\x70\x72\x69\x6f\0\x72\x74\x5f\x70\x72\x69\x6f\x72\x69\x74\x79\0\x73\
\x63\x68\x65\x64\x5f\x63\x6c\x61\x73\x73\0\x73\x65\0\x72\x74\0\x64\x6c\0\x73\
\x63\x68\x65\x64\x5f\x74\x61\x73\x6b\x5f\x67\x72\x6f\x75\x70\0\x75\x63\x6c\x61\
\x6d\x70\x5f\x72\x65\x71\0\x75\x63\x6c\x61\x6d\x70\0\x70\x72\x6f\x63\x5f\x6c\
\x61\x74\x65\x6e\x63\x79\x5f\x73\x65\x6e\x73\x69\x74\x69\x76\x65\0\x62\x74\x72\
\x61\x63\x65\x5f\x73\x65\x71\0\x70\x6f\x6c\x69\x63\x79\0\x6e\x72\x5f\x63\x70\
\x75\x73\x5f\x61\x6c\x6c\x6f\x77\x65\x64\0\x63\x70\x75\x73\x5f\x70\x74\x72\0\
\x75\x73\x65\x72\x5f\x63\x70\x75\x73\x5f\x70\x74\x72\0\x63\x70\x75\x73\x5f\x6d\
\x61\x73\x6b\0\x6d\x69\x67\x72\x61\x74\x69\x6f\x6e\x5f\x70\x65\x6e\x64\x69\x6e\
\x67\0\x6d\x69\x67\x72\x61\x74\x69\x6f\x6e\x5f\x64\x69\x73\x61\x62\x6c\x65\x64\
\0\x6d\x69\x67\x72\x61\x74\x69\x6f\x6e\x5f\x66\x6c\x61\x67\x73\0\x72\x63\x75\
\x5f\x72\x65\x61\x64\x5f\x6c\x6f\x63\x6b\x5f\x6e\x65\x73\x74\x69\x6e\x67\0\x72\
\x63\x75\x5f\x72\x65\x61\x64\x5f\x75\x6e\x6c\x6f\x63\x6b\x5f\x73\x70\x65\x63\
\x69\x61\x6c\0\x72\x63\x75\x5f\x6e\x6f\x64\x65\x5f\x65\x6e\x74\x72\x79\0\x72\
\x63\x75\x5f\x62\x6c\x6f\x63\x6b\x65\x64\x5f\x6e\x6f\x64\x65\0\x72\x63\x75\x5f\
\x74\x61\x73\x6b\x73\x5f\x6e\x76\x63\x73\x77\0\x72\x63\x75\x5f\x74\x61\x73\x6b\
\x73\x5f\x68\x6f\x6c\x64\x6f\x75\x74\0\x72\x63\x75\x5f\x74\x61\x73\x6b\x73\x5f\
\x69\x64\x78\0\x72\x63\x75\x5f\x74\x61\x73\x6b\x73\x5f\x69\x64\x6c\x65\x5f\x63\
\x70\x75\0\x72\x63\x75\x5f\x74\x61\x73\x6b\x73\x5f\x68\x6f\x6c\x64\x6f\x75\x74\
\x5f\x6c\x69\x73\x74\0\x74\x72\x63\x5f\x72\x65\x61\x64\x65\x72\x5f\x6e\x65\x73\
\x74\x69\x6e\x67\0\x74\x72\x63\x5f\x69\x70\x69\x5f\x74\x6f\x5f\x63\x70\x75\0\
\x74\x72\x63\x5f\x72\x65\x61\x64\x65\x72\x5f\x73\x70\x65\x63\x69\x61\x6c\0\x74\
\x72\x63\x5f\x72\x65\x61\x64\x65\x72\x5f\x63\x68\x65\x63\x6b\x65\x64\0\x74\x72\
\x63\x5f\x68\x6f\x6c\x64\x6f\x75\x74\x5f\x6c\x69\x73\x74\0\x73\x63\x68\x65\x64\
\x5f\x69\x6e\x66\x6f\0\x74\x61\x73\x6b\x73\0\x70\x75\x73\x68\x61\x62\x6c\x65\
\x5f\x74\x61\x73\x6b\x73\0\x70\x75\x73\x68\x61\x62\x6c\x65\x5f\x64\x6c\x5f\x74\
\x61\x73\x6b\x73\0\x6d\x6d\0\x61\x63\x74\x69\x76\x65\x5f\x6d\x6d\0\x76\x6d\x61\
\x63\x61\x63\x68\x65\0\x72\x73\x73\x5f\x73\x74\x61\x74\0\x65\x78\x69\x74\x5f\
\x73\x74\x61\x74\x65\0\x65\x78\x69\x74\x5f\x63\x6f\x64\x65\0\x65\x78\x69\x74\
\x5f\x73\x69\x67\x6e\x61\x6c\0\x70\x64\x65\x61\x74\x68\x5f\x73\x69\x67\x6e\x61\
\x6c\0\x6a\x6f\x62\x63\x74\x6c\0\x70\x65\x72\x73\x6f\x6e\x61\x6c\x69\x74\x79\0\
\x73\x63\x68\x65\x64\x5f\x72\x65\x73\x65\x74\x5f\x6f\x6e\x5f\x66\x6f\x72\x6b\0\
\x73\x63\x68\x65\x64\x5f\x63\x6f\x6e\x74\x72\x69\x62\x75\x74\x65\x73\x5f\x74\
\x6f\x5f\x6c\x6f\x61\x64\0\x73\x63\x68\x65\x64\x5f\x6d\x69\x67\x72\x61\x74\x65\
\x64\0\x73\x63\x68\x65\x64\x5f\x70\x73\x69\x5f\x77\x61\x6b\x65\x5f\x72\x65\x71\
\x75\x65\x75\x65\0\x73\x63\x68\x65\x64\x5f\x72\x65\x6d\x6f\x74\x65\x5f\x77\x61\
\x6b\x65\x75\x70\0\x69\x6e\x5f\x65\x78\x65\x63\x76\x65\0\x69\x6e\x5f\x69\x6f\
\x77\x61\x69\x74\0\x69\x6e\x5f\x6c\x72\x75\x5f\x66\x61\x75\x6c\x74\0\x6e\x6f\
\x5f\x63\x67\x72\x6f\x75\x70\x5f\x6d\x69\x67\x72\x61\x74\x69\x6f\x6e\0\x66\x72\
\x6f\x7a\x65\x6e\0\x75\x73\x65\x5f\x6d\x65\x6d\x64\x65\x6c\x61\x79\0\x69\x6e\
\x5f\x6d\x65\x6d\x73\x74\x61\x6c\x6c\0\x69\x6e\x5f\x65\x76\x65\x6e\x74\x66\x64\
\0\x61\x74\x6f\x6d\x69\x63\x5f\x66\x6c\x61\x67\x73\0\x72\x65\x73\x74\x61\x72\
\x74\x5f\x62\x6c\x6f\x63\x6b\0\x70\x69\x64\0\x74\x67\x69\x64\0\x73\x74\x61\x63\
\x6b\x5f\x63\x61\x6e\x61\x72\x79\0\x72\x65\x61\x6c\x5f\x70\x61\x72\x65\x6e\x74\
\0\x70\x61\x72\x65\x6e\x74\0\x63\x68\x69\x6c\x64\x72\x65\x6e\0\x73\x69\x62\x6c\
\x69\x6e\x67\0\x67\x72\x6f\x75\x70\x5f\x6c\x65\x61\x64\x65\x72\0\x70\x74\x72\
\x61\x63\x65\x64\0\x70\x74\x72\x61\x63\x65\x5f\x65\x6e\x74\x72\x79\0\x74\x68\
\x72\x65\x61\x64\x5f\x70\x69\x64\0\x70\x69\x64\x5f\x6c\x69\x6e\x6b\x73\0\x74\
\x68\x72\x65\x61\x64\x5f\x67\x72\x6f\x75\x70\0\x74\x68\x72\x65\x61\x64\x5f\x6e\
\x6f\x64\x65\0\x76\x66\x6f\x72\x6b\x5f\x64\x6f\x6e\x65\0\x73\x65\x74\x5f\x63\
\x68\x69\x6c\x64\x5f\x74\x69\x64\0\x63\x6c\x65\x61\x72\x5f\x63\x68\x69\x6c\x64\
\x5f\x74\x69\x64\0\x70\x66\x5f\x69\x6f\x5f\x77\x6f\x72\x6b\x65\x72\0\x75\x74\
\x69\x6d\x65\0\x73\x74\x69\x6d\x65\0\x67\x74\x69\x6d\x65\0\x70\x72\x65\x76\x5f\
\x63\x70\x75\x74\x69\x6d\x65\0\x6e\x76\x63\x73\x77\0\x6e\x69\x76\x63\x73\x77\0\
\x73\x74\x61\x72\x74\x5f\x74\x69\x6d\x65\0\x73\x74\x61\x72\x74\x5f\x62\x6f\x6f\
\x74\x74\x69\x6d\x65\0\x6d\x69\x6e\x5f\x66\x6c\x74\0\x6d\x61\x6a\x5f\x66\x6c\
\x74\0\x70\x6f\x73\x69\x78\x5f\x63\x70\x75\x74\x69\x6d\x65\x72\x73\0\x70\x74\
\x72\x61\x63\x65\x72\x5f\x63\x72\x65\x64\0\x72\x65\x61\x6c\x5f\x63\x72\x65\x64\
\0\x63\x72\x65\x64\0\x63\x61\x63\x68\x65\x64\x5f\x72\x65\x71\x75\x65\x73\x74\
\x65\x64\x5f\x6b\x65\x79\0\x63\x6f\x6d\x6d\0\x6e\x61\x6d\x65\x69\x64\x61\x74\
\x61\0\x73\x79\x73\x76\x73\x65\x6d\0\x73\x79\x73\x76\x73\x68\x6d\0\x6c\x61\x73\
\x74\x5f\x73\x77\x69\x74\x63\x68\x5f\x63\x6f\x75\x6e\x74\0\x6c\x61\x73\x74\x5f\
\x73\x77\x69\x74\x63\x68\x5f\x74\x69\x6d\x65\0\x66\x73\0\x66\x69\x6c\x65\x73\0\
\x6e\x73\x70\x72\x6f\x78\x79\0\x73\x69\x67\x6e\x61\x6c\0\x73\x69\x67\x68\x61\
\x6e\x64\0\x62\x6c\x6f\x63\x6b\x65\x64\0\x72\x65\x61\x6c\x5f\x62\x6c\x6f\x63\
\x6b\x65\x64\0\x73\x61\x76\x65\x64\x5f\x73\x69\x67\x6d\x61\x73\x6b\0\x70\x65\
\x6e\x64\x69\x6e\x67\0\x73\x61\x73\x5f\x73\x73\x5f\x73\x70\0\x73\x61\x73\x5f\
\x73\x73\x5f\x73\x69\x7a\x65\0\x73\x61\x73\x5f\x73\x73\x5f\x66\x6c\x61\x67\x73\
\0\x74\x61\x73\x6b\x5f\x77\x6f\x72\x6b\x73\0\x61\x75\x64\x69\x74\x5f\x63\x6f\
\x6e\x74\x65\x78\x74\0\x6c\x6f\x67\x69\x6e\x75\x69\x64\0\x73\x65\x73\x73\x69\
\x6f\x6e\x69\x64\0\x73\x65\x63\x63\x6f\x6d\x70\0\x73\x79\x73\x63\x61\x6c\x6c\
\x5f\x64\x69\x73\x70\x61\x74\x63\x68\0\x70\x61\x72\x65\x6e\x74\x5f\x65\x78\x65\
\x63\x5f\x69\x64\0\x73\x65\x6c\x66\x5f\x65\x78\x65\x63\x5f\x69\x64\0\x61\x6c\
\x6c\x6f\x63\x5f\x6c\x6f\x63\x6b\0\x70\x69\x5f\x6c\x6f\x63\x6b\0\x77\x61\x6b\
\x65\x5f\x71\0\x70\x69\x5f\x77\x61\x69\x74\x65\x72\x73\0\x70\x69\x5f\x74\x6f\
\x70\x5f\x74\x61\x73\x6b\0\x70\x69\x5f\x62\x6c\x6f\x63\x6b\x65\x64\x5f\x6f\x6e\
\0\x6a\x6f\x75\x72\x6e\x61\x6c\x5f\x69\x6e\x66\x6f\0\x62\x69\x6f\x5f\x6c\x69\
\x73\x74\0\x70\x6c\x75\x67\0\x72\x65\x63\x6c\x61\x69\x6d\x5f\x73\x74\x61\x74\
\x65\0\x62\x61\x63\x6b\x69\x6e\x67\x5f\x64\x65\x76\x5f\x69\x6e\x66\x6f\0\x69\
\x6f\x5f\x63\x6f\x6e\x74\x65\x78\x74\0\x63\x61\x70\x74\x75\x72\x65\x5f\x63\x6f\
\x6e\x74\x72\x6f\x6c\0\x70\x74\x72\x61\x63\x65\x5f\x6d\x65\x73\x73\x61\x67\x65\
\0\x6c\x61\x73\x74\x5f\x73\x69\x67\x69\x6e\x66\x6f\0\x69\x6f\x61\x63\0\x70\x73\
\x69\x5f\x66\x6c\x61\x67\x73\0\x61\x63\x63\x74\x5f\x72\x73\x73\x5f\x6d\x65\x6d\
\x31\0\x61\x63\x63\x74\x5f\x76\x6d\x5f\x6d\x65\x6d\x31\0\x61\x63\x63\x74\x5f\
\x74\x69\x6d\x65\x78\x70\x64\0\x6d\x65\x6d\x73\x5f\x61\x6c\x6c\x6f\x77\x65\x64\
\0\x6d\x65\x6d\x73\x5f\x61\x6c\x6c\x6f\x77\x65\x64\x5f\x73\x65\x71\0\x63\x70\
\x75\x73\x65\x74\x5f\x6d\x65\x6d\x5f\x73\x70\x72\x65\x61\x64\x5f\x72\x6f\x74\
\x6f\x72\0\x63\x70\x75\x73\x65\x74\x5f\x73\x6c\x61\x62\x5f\x73\x70\x72\x65\x61\
\x64\x5f\x72\x6f\x74\x6f\x72\0\x63\x67\x72\x6f\x75\x70\x73\0\x63\x67\x5f\x6c\
\x69\x73\x74\0\x72\x6f\x62\x75\x73\x74\x5f\x6c\x69\x73\x74\0\x63\x6f\x6d\x70\
\x61\x74\x5f\x72\x6f\x62\x75\x73\x74\x5f\x6c\x69\x73\x74\0\x70\x69\x5f\x73\x74\
\x61\x74\x65\x5f\x6c\x69\x73\x74\0\x70\x69\x5f\x73\x74\x61\x74\x65\x5f\x63\x61\
\x63\x68\x65\0\x66\x75\x74\x65\x78\x5f\x65\x78\x69\x74\x5f\x6d\x75\x74\x65\x78\
\0\x66\x75\x74\x65\x78\x5f\x73\x74\x61\x74\x65\0\x70\x65\x72\x66\x5f\x65\x76\
\x65\x6e\x74\x5f\x63\x74\x78\x70\0\x70\x65\x72\x66\x5f\x65\x76\x65\x6e\x74\x5f\
\x6d\x75\x74\x65\x78\0\x70\x65\x72\x66\x5f\x65\x76\x65\x6e\x74\x5f\x6c\x69\x73\
\x74\0\x72\x73\x65\x71\0\x72\x73\x65\x71\x5f\x73\x69\x67\0\x72\x73\x65\x71\x5f\
\x65\x76\x65\x6e\x74\x5f\x6d\x61\x73\x6b\0\x74\x6c\x62\x5f\x75\x62\x63\0\x73\
\x70\x6c\x69\x63\x65\x5f\x70\x69\x70\x65\0\x74\x61\x73\x6b\x5f\x66\x72\x61\x67\
\0\x6e\x72\x5f\x64\x69\x72\x74\x69\x65\x64\0\x6e\x72\x5f\x64\x69\x72\x74\x69\
\x65\x64\x5f\x70\x61\x75\x73\x65\0\x64\x69\x72\x74\x79\x5f\x70\x61\x75\x73\x65\
\x64\x5f\x77\x68\x65\x6e\0\x74\x69\x6d\x65\x72\x5f\x73\x6c\x61\x63\x6b\x5f\x6e\
\x73\0\x64\x65\x66\x61\x75\x6c\x74\x5f\x74\x69\x6d\x65\x72\x5f\x73\x6c\x61\x63\
\x6b\x5f\x6e\x73\0\x63\x75\x72\x72\x5f\x72\x65\x74\x5f\x73\x74\x61\x63\x6b\0\
\x63\x75\x72\x72\x5f\x72\x65\x74\x5f\x64\x65\x70\x74\x68\0\x72\x65\x74\x5f\x73\
\x74\x61\x63\x6b\0\x66\x74\x72\x61\x63\x65\x5f\x74\x69\x6d\x65\x73\x74\x61\x6d\
\x70\0\x74\x72\x61\x63\x65\x5f\x6f\x76\x65\x72\x72\x75\x6e\0\x74\x72\x61\x63\
\x69\x6e\x67\x5f\x67\x72\x61\x70\x68\x5f\x70\x61\x75\x73\x65\0\x74\x72\x61\x63\
\x65\0\x74\x72\x61\x63\x65\x5f\x72\x65\x63\x75\x72\x73\x69\x6f\x6e\0\x74\x68\
\x72\x6f\x74\x74\x6c\x65\x5f\x71\x75\x65\x75\x65\0\x75\x74\x61\x73\x6b\0\x6b\
\x6d\x61\x70\x5f\x63\x74\x72\x6c\0\x70\x61\x67\x65\x66\x61\x75\x6c\x74\x5f\x64\
\x69\x73\x61\x62\x6c\x65\x64\0\x6f\x6f\x6d\x5f\x72\x65\x61\x70\x65\x72\x5f\x6c\
\x69\x73\x74\0\x6f\x6f\x6d\x5f\x72\x65\x61\x70\x65\x72\x5f\x74\x69\x6d\x65\x72\
\0\x73\x74\x61\x63\x6b\x5f\x76\x6d\x5f\x61\x72\x65\x61\0\x73\x74\x61\x63\x6b\
\x5f\x72\x65\x66\x63\x6f\x75\x6e\x74\0\x73\x65\x63\x75\x72\x69\x74\x79\0\x62\
\x70\x66\x5f\x73\x74\x6f\x72\x61\x67\x65\0\x62\x70\x66\x5f\x63\x74\x78\0\x6b\
\x72\x65\x74\x70\x72\x6f\x62\x65\x5f\x69\x6e\x73\x74\x61\x6e\x63\x65\x73\0\x74\
\x68\x72\x65\x61\x64\0\x74\x74\x62\x72\x30\0\x6e\x72\x5f\x73\x79\x73\x63\x61\
\x6c\x6c\x73\0\x73\x79\x73\x5f\x63\x61\x6c\x6c\x5f\x74\x61\x62\x6c\x65\0\x63\
\x6f\x6d\x70\x61\x74\x5f\x6e\x72\x5f\x73\x79\x73\x63\x61\x6c\x6c\x73\0\x63\x6f\
\x6d\x70\x61\x74\x5f\x73\x79\x73\x5f\x63\x61\x6c\x6c\x5f\x74\x61\x62\x6c\x65\0\
\x75\x6e\x73\x69\x67\x6e\x65\x64\x20\x6c\x6f\x6e\x67\0\x75\x36\x34\0\x5f\x5f\
\x75\x36\x34\0\x70\x72\x65\x65\x6d\x70\x74\x5f\x63\x6f\x75\x6e\x74\0\x70\x72\
\x65\x65\x6d\x70\x74\0\x63\x6f\x75\x6e\x74\0\x6e\x65\x65\x64\x5f\x72\x65\x73\
\x63\x68\x65\x64\0\x75\x33\x32\0\x5f\x5f\x75\x33\x32\0\x75\x6e\x73\x69\x67\x6e\
\x65\x64\x20\x69\x6e\x74\0\x72\x65\x66\x63\x6f\x75\x6e\x74\x5f\x74\0\x72\x65\
\x66\x63\x6f\x75\x6e\x74\x5f\x73\x74\x72\x75\x63\x74\0\x72\x65\x66\x73\0\x61\
\x74\x6f\x6d\x69\x63\x5f\x74\0\x63\x6f\x75\x6e\x74\x65\x72\0\x5f\x5f\x63\x61\
\x6c\x6c\x5f\x73\x69\x6e\x67\x6c\x65\x5f\x6e\x6f\x64\x65\0\x6c\x6c\x69\x73\x74\
\0\x73\x72\x63\0\x64\x73\x74\0\x6c\x6c\x69\x73\x74\x5f\x6e\x6f\x64\x65\0\x6e\
\x65\x78\x74\0\x75\x5f\x66\x6c\x61\x67\x73\0\x61\x5f\x66\x6c\x61\x67\x73\0\x75\
\x31\x36\0\x5f\x5f\x75\x31\x36\0\x75\x6e\x73\x69\x67\x6e\x65\x64\x20\x73\x68\
\x6f\x72\x74\0\x73\x63\x68\x65\x64\x5f\x65\x6e\x74\x69\x74\x79\0\x6c\x6f\x61\
\x64\0\x72\x75\x6e\x5f\x6e\x6f\x64\x65\0\x67\x72\x6f\x75\x70\x5f\x6e\x6f\x64\
\x65\0\x65\x78\x65\x63\x5f\x73\x74\x61\x72\x74\0\x73\x75\x6d\x5f\x65\x78\x65\
\x63\x5f\x72\x75\x6e\x74\x69\x6d\x65\0\x76\x72\x75\x6e\x74\x69\x6d\x65\0\x70\
\x72\x65\x76\x5f\x73\x75\x6d\x5f\x65\x78\x65\x63\x5f\x72\x75\x6e\x74\x69\x6d\
\x65\0\x6e\x72\x5f\x6d\x69\x67\x72\x61\x74\x69\x6f\x6e\x73\0\x73\x74\x61\x74\
\x69\x73\x74\x69\x63\x73\0\x64\x65\x70\x74\x68\0\x63\x66\x73\x5f\x72\x71\0\x6d\
\x79\x5f\x71\0\x72\x75\x6e\x6e\x61\x62\x6c\x65\x5f\x77\x65\x69\x67\x68\x74\0\
\x61\x76\x67\0\x6c\x6f\x61\x64\x5f\x77\x65\x69\x67\x68\x74\0\x77\x65\x69\x67\
\x68\x74\0\x69\x6e\x76\x5f\x77\x65\x69\x67\x68\x74\0\x72\x62\x5f\x6e\x6f\x64\
\x65\0\x5f\x5f\x72\x62\x5f\x70\x61\x72\x65\x6e\x74\x5f\x63\x6f\x6c\x6f\x72\0\
\x72\x62\x5f\x72\x69\x67\x68\x74\0\x72\x62\x5f\x6c\x65\x66\x74\0\x6c\x69\x73\
\x74\x5f\x68\x65\x61\x64\0\x70\x72\x65\x76\0\x73\x63\x68\x65\x64\x5f\x73\x74\
\x61\x74\x69\x73\x74\x69\x63\x73\0\x77\x61\x69\x74\x5f\x73\x74\x61\x72\x74\0\
\x77\x61\x69\x74\x5f\x6d\x61\x78\0\x77\x61\x69\x74\x5f\x63\x6f\x75\x6e\x74\0\
\x77\x61\x69\x74\x5f\x73\x75\x6d\0\x69\x6f\x77\x61\x69\x74\x5f\x63\x6f\x75\x6e\
\x74\0\x69\x6f\x77\x61\x69\x74\x5f\x73\x75\x6d\0\x73\x6c\x65\x65\x70\x5f\x73\
\x74\x61\x72\x74\0\x73\x6c\x65\x65\x70\x5f\x6d\x61\x78\0\x73\x75\x6d\x5f\x73\
\x6c\x65\x65\x70\x5f\x72\x75\x6e\x74\x69\x6d\x65\0\x62\x6c\x6f\x63\x6b\x5f\x73\
\x74\x61\x72\x74\0\x62\x6c\x6f\x63\x6b\x5f\x6d\x61\x78\0\x65\x78\x65\x63\x5f\
\x6d\x61\x78\0\x73\x6c\x69\x63\x65\x5f\x6d\x61\x78\0\x6e\x72\x5f\x6d\x69\x67\
\x72\x61\x74\x69\x6f\x6e\x73\x5f\x63\x6f\x6c\x64\0\x6e\x72\x5f\x66\x61\x69\x6c\
\x65\x64\x5f\x6d\x69\x67\x72\x61\x74\x69\x6f\x6e\x73\x5f\x61\x66\x66\x69\x6e\
\x65\0\x6e\x72\x5f\x66\x61\x69\x6c\x65\x64\x5f\x6d\x69\x67\x72\x61\x74\x69\x6f\
\x6e\x73\x5f\x72\x75\x6e\x6e\x69\x6e\x67\0\x6e\x72\x5f\x66\x61\x69\x6c\x65\x64\
\x5f\x6d\x69\x67\x72\x61\x74\x69\x6f\x6e\x73\x5f\x68\x6f\x74\0\x6e\x72\x5f\x66\
\x6f\x72\x63\x65\x64\x5f\x6d\x69\x67\x72\x61\x74\x69\x6f\x6e\x73\0\x6e\x72\x5f\
\x77\x61\x6b\x65\x75\x70\x73\0\x6e\x72\x5f\x77\x61\x6b\x65\x75\x70\x73\x5f\x73\
\x79\x6e\x63\0\x6e\x72\x5f\x77\x61\x6b\x65\x75\x70\x73\x5f\x6d\x69\x67\x72\x61\
\x74\x65\0\x6e\x72\x5f\x77\x61\x6b\x65\x75\x70\x73\x5f\x6c\x6f\x63\x61\x6c\0\
\x6e\x72\x5f\x77\x61\x6b\x65\x75\x70\x73\x5f\x72\x65\x6d\x6f\x74\x65\0\x6e\x72\
\x5f\x77\x61\x6b\x65\x75\x70\x73\x5f\x61\x66\x66\x69\x6e\x65\0\x6e\x72\x5f\x77\
\x61\x6b\x65\x75\x70\x73\x5f\x61\x66\x66\x69\x6e\x65\x5f\x61\x74\x74\x65\x6d\
\x70\x74\x73\0\x6e\x72\x5f\x77\x61\x6b\x65\x75\x70\x73\x5f\x70\x61\x73\x73\x69\
\x76\x65\0\x6e\x72\x5f\x77\x61\x6b\x65\x75\x70\x73\x5f\x69\x64\x6c\x65\0\x73\
\x36\x34\0\x5f\x5f\x73\x36\x34\0\x6c\x6f\x6e\x67\x20\x6c\x6f\x6e\x67\0\x6e\x72\
\x5f\x72\x75\x6e\x6e\x69\x6e\x67\0\x68\x5f\x6e\x72\x5f\x72\x75\x6e\x6e\x69\x6e\
\x67\0\x69\x64\x6c\x65\x5f\x68\x5f\x6e\x72\x5f\x72\x75\x6e\x6e\x69\x6e\x67\0\
\x65\x78\x65\x63\x5f\x63\x6c\x6f\x63\x6b\0\x6d\x69\x6e\x5f\x76\x72\x75\x6e\x74\
\x69\x6d\x65\0\x74\x61\x73\x6b\x73\x5f\x74\x69\x6d\x65\x6c\x69\x6e\x65\0\x63\
\x75\x72\x72\0\x6c\x61\x73\x74\0\x73\x6b\x69\x70\0\x6e\x72\x5f\x73\x70\x72\x65\
\x61\x64\x5f\x6f\x76\x65\x72\0\x72\x65\x6d\x6f\x76\x65\x64\0\x74\x67\x5f\x6c\
\x6f\x61\x64\x5f\x61\x76\x67\x5f\x63\x6f\x6e\x74\x72\x69\x62\0\x70\x72\x6f\x70\
\x61\x67\x61\x74\x65\0\x70\x72\x6f\x70\x5f\x72\x75\x6e\x6e\x61\x62\x6c\x65\x5f\
\x73\x75\x6d\0\x68\x5f\x6c\x6f\x61\x64\0\x6c\x61\x73\x74\x5f\x68\x5f\x6c\x6f\
\x61\x64\x5f\x75\x70\x64\x61\x74\x65\0\x68\x5f\x6c\x6f\x61\x64\x5f\x6e\x65\x78\
\x74\0\x72\x71\0\x6f\x6e\x5f\x6c\x69\x73\x74\0\x6c\x65\x61\x66\x5f\x63\x66\x73\
\x5f\x72\x71\x5f\x6c\x69\x73\x74\0\x74\x67\0\x69\x64\x6c\x65\0\x72\x75\x6e\x74\
\x69\x6d\x65\x5f\x65\x6e\x61\x62\x6c\x65\x64\0\x72\x75\x6e\x74\x69\x6d\x65\x5f\
\x72\x65\x6d\x61\x69\x6e\x69\x6e\x67\0\x74\x68\x72\x6f\x74\x74\x6c\x65\x64\x5f\
\x63\x6c\x6f\x63\x6b\0\x74\x68\x72\x6f\x74\x74\x6c\x65\x64\x5f\x63\x6c\x6f\x63\
\x6b\x5f\x70\x65\x6c\x74\0\x74\x68\x72\x6f\x74\x74\x6c\x65\x64\x5f\x63\x6c\x6f\
\x63\x6b\x5f\x70\x65\x6c\x74\x5f\x74\x69\x6d\x65\0\x74\x68\x72\x6f\x74\x74\x6c\
\x65\x64\0\x74\x68\x72\x6f\x74\x74\x6c\x65\x5f\x63\x6f\x75\x6e\x74\0\x74\x68\
\x72\x6f\x74\x74\x6c\x65\x64\x5f\x6c\x69\x73\x74\0\x72\x62\x5f\x72\x6f\x6f\x74\
\x5f\x63\x61\x63\x68\x65\x64\0\x72\x62\x5f\x72\x6f\x6f\x74\0\x72\x62\x5f\x6c\
\x65\x66\x74\x6d\x6f\x73\x74\0\x73\x63\x68\x65\x64\x5f\x61\x76\x67\0\x6c\x61\
\x73\x74\x5f\x75\x70\x64\x61\x74\x65\x5f\x74\x69\x6d\x65\0\x6c\x6f\x61\x64\x5f\
\x73\x75\x6d\0\x72\x75\x6e\x6e\x61\x62\x6c\x65\x5f\x73\x75\x6d\0\x75\x74\x69\
\x6c\x5f\x73\x75\x6d\0\x70\x65\x72\x69\x6f\x64\x5f\x63\x6f\x6e\x74\x72\x69\x62\
\0\x6c\x6f\x61\x64\x5f\x61\x76\x67\0\x72\x75\x6e\x6e\x61\x62\x6c\x65\x5f\x61\
\x76\x67\0\x75\x74\x69\x6c\x5f\x61\x76\x67\0\x75\x74\x69\x6c\x5f\x67\x75\x65\
\x73\x74\0\x75\x74\x69\x6c\x5f\x65\x73\x74\0\x65\x6e\x71\x75\x65\x75\x65\x64\0\
\x65\x77\x6d\x61\0\x6c\x6f\x63\x6b\0\x6e\x72\0\x72\x61\x77\x5f\x73\x70\x69\x6e\
\x6c\x6f\x63\x6b\x5f\x74\0\x72\x61\x77\x5f\x73\x70\x69\x6e\x6c\x6f\x63\x6b\0\
\x72\x61\x77\x5f\x6c\x6f\x63\x6b\0\x61\x72\x63\x68\x5f\x73\x70\x69\x6e\x6c\x6f\
\x63\x6b\x5f\x74\0\x71\x73\x70\x69\x6e\x6c\x6f\x63\x6b\0\x76\x61\x6c\0\x6c\x6f\
\x63\x6b\x65\x64\0\x75\x38\0\x5f\x5f\x75\x38\0\x75\x6e\x73\x69\x67\x6e\x65\x64\
\x20\x63\x68\x61\x72\0\x6c\x6f\x63\x6b\x65\x64\x5f\x70\x65\x6e\x64\x69\x6e\x67\
\0\x74\x61\x69\x6c\0\x6c\x6f\x6e\x67\0\x73\x63\x68\x65\x64\x5f\x72\x74\x5f\x65\
\x6e\x74\x69\x74\x79\0\x72\x75\x6e\x5f\x6c\x69\x73\x74\0\x74\x69\x6d\x65\x6f\
\x75\x74\0\x77\x61\x74\x63\x68\x64\x6f\x67\x5f\x73\x74\x61\x6d\x70\0\x74\x69\
\x6d\x65\x5f\x73\x6c\x69\x63\x65\0\x62\x61\x63\x6b\0\x73\x63\x68\x65\x64\x5f\
\x64\x6c\x5f\x65\x6e\x74\x69\x74\x79\0\x64\x6c\x5f\x72\x75\x6e\x74\x69\x6d\x65\
\0\x64\x6c\x5f\x64\x65\x61\x64\x6c\x69\x6e\x65\0\x64\x6c\x5f\x70\x65\x72\x69\
\x6f\x64\0\x64\x6c\x5f\x62\x77\0\x64\x6c\x5f\x64\x65\x6e\x73\x69\x74\x79\0\x72\
\x75\x6e\x74\x69\x6d\x65\0\x64\x65\x61\x64\x6c\x69\x6e\x65\0\x64\x6c\x5f\x74\
\x68\x72\x6f\x74\x74\x6c\x65\x64\0\x64\x6c\x5f\x79\x69\x65\x6c\x64\x65\x64\0\
\x64\x6c\x5f\x6e\x6f\x6e\x5f\x63\x6f\x6e\x74\x65\x6e\x64\x69\x6e\x67\0\x64\x6c\
\x5f\x6f\x76\x65\x72\x72\x75\x6e\0\x64\x6c\x5f\x74\x69\x6d\x65\x72\0\x69\x6e\
\x61\x63\x74\x69\x76\x65\x5f\x74\x69\x6d\x65\x72\0\x70\x69\x5f\x73\x65\0\x68\
\x72\x74\x69\x6d\x65\x72\0\x6e\x6f\x64\x65\0\x5f\x73\x6f\x66\x74\x65\x78\x70\
\x69\x72\x65\x73\0\x66\x75\x6e\x63\x74\x69\x6f\x6e\0\x62\x61\x73\x65\0\x73\x74\
\x61\x74\x65\0\x69\x73\x5f\x72\x65\x6c\0\x69\x73\x5f\x73\x6f\x66\x74\0\x69\x73\
\x5f\x68\x61\x72\x64\0\x74\x69\x6d\x65\x72\x71\x75\x65\x75\x65\x5f\x6e\x6f\x64\
\x65\0\x65\x78\x70\x69\x72\x65\x73\0\x6b\x74\x69\x6d\x65\x5f\x74\0\x68\x72\x74\
\x69\x6d\x65\x72\x5f\x72\x65\x73\x74\x61\x72\x74\0\x48\x52\x54\x49\x4d\x45\x52\
\x5f\x4e\x4f\x52\x45\x53\x54\x41\x52\x54\0\x48\x52\x54\x49\x4d\x45\x52\x5f\x52\
\x45\x53\x54\x41\x52\x54\0\x74\x61\x73\x6b\x5f\x67\x72\x6f\x75\x70\0\x63\x73\
\x73\0\x73\x68\x61\x72\x65\x73\0\x72\x63\x75\0\x6c\x69\x73\x74\0\x73\x69\x62\
\x6c\x69\x6e\x67\x73\0\x63\x66\x73\x5f\x62\x61\x6e\x64\x77\x69\x64\x74\x68\0\
\x75\x63\x6c\x61\x6d\x70\x5f\x70\x63\x74\0\x6c\x61\x74\x65\x6e\x63\x79\x5f\x73\
\x65\x6e\x73\x69\x74\x69\x76\x65\0\x63\x67\x72\x6f\x75\x70\x5f\x73\x75\x62\x73\
\x79\x73\x5f\x73\x74\x61\x74\x65\0\x63\x67\x72\x6f\x75\x70\0\x73\x73\0\x72\x65\
\x66\x63\x6e\x74\0\x72\x73\x74\x61\x74\x5f\x63\x73\x73\x5f\x6e\x6f\x64\x65\0\
\x69\x64\0\x73\x65\x72\x69\x61\x6c\x5f\x6e\x72\0\x6f\x6e\x6c\x69\x6e\x65\x5f\
\x63\x6e\x74\0\x64\x65\x73\x74\x72\x6f\x79\x5f\x77\x6f\x72\x6b\0\x64\x65\x73\
\x74\x72\x6f\x79\x5f\x72\x77\x6f\x72\x6b\0\x70\x65\x72\x63\x70\x75\x5f\x72\x65\
\x66\0\x70\x65\x72\x63\x70\x75\x5f\x63\x6f\x75\x6e\x74\x5f\x70\x74\x72\0\x64\
\x61\x74\x61\0\x77\x6f\x72\x6b\x5f\x73\x74\x72\x75\x63\x74\0\x65\x6e\x74\x72\
\x79\0\x66\x75\x6e\x63\0\x61\x74\x6f\x6d\x69\x63\x5f\x6c\x6f\x6e\x67\x5f\x74\0\
\x61\x74\x6f\x6d\x69\x63\x36\x34\x5f\x74\0\x77\x6f\x72\x6b\x5f\x66\x75\x6e\x63\
\x5f\x74\0\x72\x63\x75\x5f\x77\x6f\x72\x6b\0\x77\x6f\x72\x6b\0\x77\x71\0\x63\
\x61\x6c\x6c\x62\x61\x63\x6b\x5f\x68\x65\x61\x64\0\x70\x65\x72\x69\x6f\x64\0\
\x71\x75\x6f\x74\x61\0\x62\x75\x72\x73\x74\0\x68\x69\x65\x72\x61\x72\x63\x68\
\x69\x63\x61\x6c\x5f\x71\x75\x6f\x74\x61\0\x70\x65\x72\x69\x6f\x64\x5f\x61\x63\
\x74\x69\x76\x65\0\x73\x6c\x61\x63\x6b\x5f\x73\x74\x61\x72\x74\x65\x64\0\x70\
\x65\x72\x69\x6f\x64\x5f\x74\x69\x6d\x65\x72\0\x73\x6c\x61\x63\x6b\x5f\x74\x69\
\x6d\x65\x72\0\x74\x68\x72\x6f\x74\x74\x6c\x65\x64\x5f\x63\x66\x73\x5f\x72\x71\
\0\x6e\x72\x5f\x70\x65\x72\x69\x6f\x64\x73\0\x6e\x72\x5f\x74\x68\x72\x6f\x74\
\x74\x6c\x65\x64\0\x74\x68\x72\x6f\x74\x74\x6c\x65\x64\x5f\x74\x69\x6d\x65\0\
\x75\x63\x6c\x61\x6d\x70\x5f\x73\x65\0\x76\x61\x6c\x75\x65\0\x62\x75\x63\x6b\
\x65\x74\x5f\x69\x64\0\x61\x63\x74\x69\x76\x65\0\x75\x73\x65\x72\x5f\x64\x65\
\x66\x69\x6e\x65\x64\0\x63\x70\x75\x6d\x61\x73\x6b\x5f\x74\0\x63\x70\x75\x6d\
\x61\x73\x6b\0\x62\x69\x74\x73\0\x72\x63\x75\x5f\x73\x70\x65\x63\x69\x61\x6c\0\
\x62\0\x73\0\x6e\x65\x65\x64\x5f\x71\x73\0\x65\x78\x70\x5f\x68\x69\x6e\x74\0\
\x6e\x65\x65\x64\x5f\x6d\x62\0\x62\x6f\x6f\x6c\0\x5f\x42\x6f\x6f\x6c\0\x70\x63\
\x6f\x75\x6e\x74\0\x72\x75\x6e\x5f\x64\x65\x6c\x61\x79\0\x6c\x61\x73\x74\x5f\
\x61\x72\x72\x69\x76\x61\x6c\0\x6c\x61\x73\x74\x5f\x71\x75\x65\x75\x65\x64\0\
\x70\x6c\x69\x73\x74\x5f\x6e\x6f\x64\x65\0\x70\x72\x69\x6f\x5f\x6c\x69\x73\x74\
\0\x6e\x6f\x64\x65\x5f\x6c\x69\x73\x74\0\x6d\x6d\x5f\x73\x74\x72\x75\x63\x74\0\
\x63\x70\x75\x5f\x62\x69\x74\x6d\x61\x70\0\x6d\x6d\x61\x70\0\x6d\x6d\x5f\x72\
\x62\0\x76\x6d\x61\x63\x61\x63\x68\x65\x5f\x73\x65\x71\x6e\x75\x6d\0\x67\x65\
\x74\x5f\x75\x6e\x6d\x61\x70\x70\x65\x64\x5f\x61\x72\x65\x61\0\x6d\x6d\x61\x70\
\x5f\x62\x61\x73\x65\0\x6d\x6d\x61\x70\x5f\x6c\x65\x67\x61\x63\x79\x5f\x62\x61\
\x73\x65\0\x74\x61\x73\x6b\x5f\x73\x69\x7a\x65\0\x68\x69\x67\x68\x65\x73\x74\
\x5f\x76\x6d\x5f\x65\x6e\x64\0\x70\x67\x64\0\x6d\x65\x6d\x62\x61\x72\x72\x69\
\x65\x72\x5f\x73\x74\x61\x74\x65\0\x6d\x6d\x5f\x75\x73\x65\x72\x73\0\x6d\x6d\
\x5f\x63\x6f\x75\x6e\x74\0\x70\x67\x74\x61\x62\x6c\x65\x73\x5f\x62\x79\x74\x65\
\x73\0\x6d\x61\x70\x5f\x63\x6f\x75\x6e\x74\0\x70\x61\x67\x65\x5f\x74\x61\x62\
\x6c\x65\x5f\x6c\x6f\x63\x6b\0\x6d\x6d\x61\x70\x5f\x6c\x6f\x63\x6b\0\x6d\x6d\
\x6c\x69\x73\x74\0\x68\x69\x77\x61\x74\x65\x72\x5f\x72\x73\x73\0\x68\x69\x77\
\x61\x74\x65\x72\x5f\x76\x6d\0\x74\x6f\x74\x61\x6c\x5f\x76\x6d\0\x6c\x6f\x63\
\x6b\x65\x64\x5f\x76\x6d\0\x70\x69\x6e\x6e\x65\x64\x5f\x76\x6d\0\x64\x61\x74\
\x61\x5f\x76\x6d\0\x65\x78\x65\x63\x5f\x76\x6d\0\x73\x74\x61\x63\x6b\x5f\x76\
\x6d\0\x64\x65\x66\x5f\x66\x6c\x61\x67\x73\0\x77\x72\x69\x74\x65\x5f\x70\x72\
\x6f\x74\x65\x63\x74\x5f\x73\x65\x71\0\x61\x72\x67\x5f\x6c\x6f\x63\x6b\0\x73\
\x74\x61\x72\x74\x5f\x63\x6f\x64\x65\0\x65\x6e\x64\x5f\x63\x6f\x64\x65\0\x73\
\x74\x61\x72\x74\x5f\x64\x61\x74\x61\0\x65\x6e\x64\x5f\x64\x61\x74\x61\0\x73\
\x74\x61\x72\x74\x5f\x62\x72\x6b\0\x62\x72\x6b\0\x73\x74\x61\x72\x74\x5f\x73\
\x74\x61\x63\x6b\0\x61\x72\x67\x5f\x73\x74\x61\x72\x74\0\x61\x72\x67\x5f\x65\
\x6e\x64\0\x65\x6e\x76\x5f\x73\x74\x61\x72\x74\0\x65\x6e\x76\x5f\x65\x6e\x64\0\
\x73\x61\x76\x65\x64\x5f\x61\x75\x78\x76\0\x62\x69\x6e\x66\x6d\x74\0\x63\x6f\
\x6e\x74\x65\x78\x74\0\x63\x6f\x72\x65\x5f\x73\x74\x61\x74\x65\0\x69\x6f\x63\
\x74\x78\x5f\x6c\x6f\x63\x6b\0\x69\x6f\x63\x74\x78\x5f\x74\x61\x62\x6c\x65\0\
\x75\x73\x65\x72\x5f\x6e\x73\0\x65\x78\x65\x5f\x66\x69\x6c\x65\0\x74\x6c\x62\
\x5f\x66\x6c\x75\x73\x68\x5f\x70\x65\x6e\x64\x69\x6e\x67\0\x75\x70\x72\x6f\x62\
\x65\x73\x5f\x73\x74\x61\x74\x65\0\x61\x73\x79\x6e\x63\x5f\x70\x75\x74\x5f\x77\
\x6f\x72\x6b\0\x70\x61\x73\x69\x64\0\x6c\x72\x75\x5f\x67\x65\x6e\0\x66\x69\x6c\
\x65\0\x66\x5f\x75\0\x66\x5f\x70\x61\x74\x68\0\x66\x5f\x69\x6e\x6f\x64\x65\0\
\x66\x5f\x6f\x70\0\x66\x5f\x6c\x6f\x63\x6b\0\x66\x5f\x77\x72\x69\x74\x65\x5f\
\x68\x69\x6e\x74\0\x66\x5f\x63\x6f\x75\x6e\x74\0\x66\x5f\x66\x6c\x61\x67\x73\0\
\x66\x5f\x6d\x6f\x64\x65\0\x66\x5f\x70\x6f\x73\x5f\x6c\x6f\x63\x6b\0\x66\x5f\
\x70\x6f\x73\0\x66\x5f\x6f\x77\x6e\x65\x72\0\x66\x5f\x63\x72\x65\x64\0\x66\x5f\
\x72\x61\0\x66\x5f\x76\x65\x72\x73\x69\x6f\x6e\0\x66\x5f\x73\x65\x63\x75\x72\
\x69\x74\x79\0\x70\x72\x69\x76\x61\x74\x65\x5f\x64\x61\x74\x61\0\x66\x5f\x65\
\x70\0\x66\x5f\x6d\x61\x70\x70\x69\x6e\x67\0\x66\x5f\x77\x62\x5f\x65\x72\x72\0\
\x66\x5f\x73\x62\x5f\x65\x72\x72\0\x66\x75\x5f\x6c\x6c\x69\x73\x74\0\x66\x75\
\x5f\x72\x63\x75\x68\x65\x61\x64\0\x70\x61\x74\x68\0\x6d\x6e\x74\0\x64\x65\x6e\
\x74\x72\x79\0\x6c\x69\x6e\x6b\x5f\x63\x6f\x75\x6e\x74\0\x73\x70\x69\x6e\x6c\
\x6f\x63\x6b\x5f\x74\0\x73\x70\x69\x6e\x6c\x6f\x63\x6b\0\x72\x6c\x6f\x63\x6b\0\
\x72\x77\x5f\x68\x69\x6e\x74\0\x57\x52\x49\x54\x45\x5f\x4c\x49\x46\x45\x5f\x4e\
\x4f\x54\x5f\x53\x45\x54\0\x57\x52\x49\x54\x45\x5f\x4c\x49\x46\x45\x5f\x4e\x4f\
\x4e\x45\0\x57\x52\x49\x54\x45\x5f\x4c\x49\x46\x45\x5f\x53\x48\x4f\x52\x54\0\
\x57\x52\x49\x54\x45\x5f\x4c\x49\x46\x45\x5f\x4d\x45\x44\x49\x55\x4d\0\x57\x52\
\x49\x54\x45\x5f\x4c\x49\x46\x45\x5f\x4c\x4f\x4e\x47\0\x57\x52\x49\x54\x45\x5f\
\x4c\x49\x46\x45\x5f\x45\x58\x54\x52\x45\x4d\x45\0\x66\x6d\x6f\x64\x65\x5f\x74\
\0\x6d\x75\x74\x65\x78\0\x6f\x77\x6e\x65\x72\0\x77\x61\x69\x74\x5f\x6c\x6f\x63\
\x6b\0\x6f\x73\x71\0\x77\x61\x69\x74\x5f\x6c\x69\x73\x74\0\x6f\x70\x74\x69\x6d\
\x69\x73\x74\x69\x63\x5f\x73\x70\x69\x6e\x5f\x71\x75\x65\x75\x65\0\x6c\x6f\x66\
\x66\x5f\x74\0\x5f\x5f\x6b\x65\x72\x6e\x65\x6c\x5f\x6c\x6f\x66\x66\x5f\x74\0\
\x66\x6f\x77\x6e\x5f\x73\x74\x72\x75\x63\x74\0\x70\x69\x64\x5f\x74\x79\x70\x65\
\0\x75\x69\x64\0\x65\x75\x69\x64\0\x73\x69\x67\x6e\x75\x6d\0\x72\x77\x6c\x6f\
\x63\x6b\x5f\x74\0\x61\x72\x63\x68\x5f\x72\x77\x6c\x6f\x63\x6b\x5f\x74\0\x71\
\x72\x77\x6c\x6f\x63\x6b\0\x63\x6e\x74\x73\0\x77\x6c\x6f\x63\x6b\x65\x64\0\x5f\
\x5f\x6c\x73\x74\x61\x74\x65\0\x50\x49\x44\x54\x59\x50\x45\x5f\x50\x49\x44\0\
\x50\x49\x44\x54\x59\x50\x45\x5f\x54\x47\x49\x44\0\x50\x49\x44\x54\x59\x50\x45\
\x5f\x50\x47\x49\x44\0\x50\x49\x44\x54\x59\x50\x45\x5f\x53\x49\x44\0\x50\x49\
\x44\x54\x59\x50\x45\x5f\x4d\x41\x58\0\x6b\x75\x69\x64\x5f\x74\0\x75\x69\x64\
\x5f\x74\0\x5f\x5f\x6b\x65\x72\x6e\x65\x6c\x5f\x75\x69\x64\x33\x32\x5f\x74\0\
\x66\x69\x6c\x65\x5f\x72\x61\x5f\x73\x74\x61\x74\x65\0\x73\x74\x61\x72\x74\0\
\x73\x69\x7a\x65\0\x61\x73\x79\x6e\x63\x5f\x73\x69\x7a\x65\0\x72\x61\x5f\x70\
\x61\x67\x65\x73\0\x6d\x6d\x61\x70\x5f\x6d\x69\x73\x73\0\x70\x72\x65\x76\x5f\
\x70\x6f\x73\0\x65\x72\x72\x73\x65\x71\x5f\x74\0\x70\x67\x64\x5f\x74\0\x70\x67\
\x64\x76\x61\x6c\x5f\x74\0\x72\x77\x5f\x73\x65\x6d\x61\x70\x68\x6f\x72\x65\0\
\x73\x65\x71\x63\x6f\x75\x6e\x74\x5f\x74\0\x73\x65\x71\x63\x6f\x75\x6e\x74\0\
\x73\x65\x71\x75\x65\x6e\x63\x65\0\x6d\x6d\x5f\x72\x73\x73\x5f\x73\x74\x61\x74\
\0\x6d\x6d\x5f\x63\x6f\x6e\x74\x65\x78\x74\x5f\x74\0\x73\x69\x67\x70\x61\x67\
\x65\0\x70\x69\x6e\x6e\x65\x64\0\x76\x64\x73\x6f\0\x78\x6f\x6c\x5f\x61\x72\x65\
\x61\0\x62\x69\x74\x6d\x61\x70\0\x73\x65\x71\x6e\x75\x6d\0\x76\x6d\x61\x73\0\
\x76\x6d\x5f\x61\x72\x65\x61\x5f\x73\x74\x72\x75\x63\x74\0\x76\x6d\x5f\x73\x74\
\x61\x72\x74\0\x76\x6d\x5f\x65\x6e\x64\0\x76\x6d\x5f\x6e\x65\x78\x74\0\x76\x6d\
\x5f\x70\x72\x65\x76\0\x76\x6d\x5f\x72\x62\0\x72\x62\x5f\x73\x75\x62\x74\x72\
\x65\x65\x5f\x67\x61\x70\0\x76\x6d\x5f\x6d\x6d\0\x76\x6d\x5f\x70\x61\x67\x65\
\x5f\x70\x72\x6f\x74\0\x76\x6d\x5f\x66\x6c\x61\x67\x73\0\x61\x6e\x6f\x6e\x5f\
\x76\x6d\x61\x5f\x63\x68\x61\x69\x6e\0\x61\x6e\x6f\x6e\x5f\x76\x6d\x61\0\x76\
\x6d\x5f\x6f\x70\x73\0\x76\x6d\x5f\x70\x67\x6f\x66\x66\0\x76\x6d\x5f\x66\x69\
\x6c\x65\0\x76\x6d\x5f\x70\x72\x69\x76\x61\x74\x65\x5f\x64\x61\x74\x61\0\x73\
\x77\x61\x70\x5f\x72\x65\x61\x64\x61\x68\x65\x61\x64\x5f\x69\x6e\x66\x6f\0\x76\
\x6d\x5f\x75\x73\x65\x72\x66\x61\x75\x6c\x74\x66\x64\x5f\x63\x74\x78\0\x70\x67\
\x70\x72\x6f\x74\x5f\x74\0\x70\x67\x70\x72\x6f\x74\0\x70\x74\x65\x76\x61\x6c\
\x5f\x74\0\x73\x68\x61\x72\x65\x64\0\x61\x6e\x6f\x6e\x5f\x6e\x61\x6d\x65\0\x72\
\x62\x5f\x73\x75\x62\x74\x72\x65\x65\x5f\x6c\x61\x73\x74\0\x63\x68\x61\x72\0\
\x74\x61\x73\x6b\x5f\x72\x73\x73\x5f\x73\x74\x61\x74\0\x65\x76\x65\x6e\x74\x73\
\0\x61\x72\x63\x68\x5f\x64\x61\x74\x61\0\x66\x6e\0\x66\x75\x74\x65\x78\0\x6e\
\x61\x6e\x6f\x73\x6c\x65\x65\x70\0\x70\x6f\x6c\x6c\0\x75\x61\x64\x64\x72\0\x62\
\x69\x74\x73\x65\x74\0\x74\x69\x6d\x65\0\x75\x61\x64\x64\x72\x32\0\x63\x6c\x6f\
\x63\x6b\x69\x64\0\x63\x6c\x6f\x63\x6b\x69\x64\x5f\x74\0\x5f\x5f\x6b\x65\x72\
\x6e\x65\x6c\x5f\x63\x6c\x6f\x63\x6b\x69\x64\x5f\x74\0\x74\x69\x6d\x65\x73\x70\
\x65\x63\x5f\x74\x79\x70\x65\0\x54\x54\x5f\x4e\x4f\x4e\x45\0\x54\x54\x5f\x4e\
\x41\x54\x49\x56\x45\0\x54\x54\x5f\x43\x4f\x4d\x50\x41\x54\0\x72\x6d\x74\x70\0\
\x63\x6f\x6d\x70\x61\x74\x5f\x72\x6d\x74\x70\0\x75\x66\x64\x73\0\x6e\x66\x64\
\x73\0\x68\x61\x73\x5f\x74\x69\x6d\x65\x6f\x75\x74\0\x74\x76\x5f\x73\x65\x63\0\
\x74\x76\x5f\x6e\x73\x65\x63\0\x70\x69\x64\x5f\x74\0\x5f\x5f\x6b\x65\x72\x6e\
\x65\x6c\x5f\x70\x69\x64\x5f\x74\0\x6c\x65\x76\x65\x6c\0\x69\x6e\x6f\x64\x65\
\x73\0\x77\x61\x69\x74\x5f\x70\x69\x64\x66\x64\0\x6e\x75\x6d\x62\x65\x72\x73\0\
\x68\x6c\x69\x73\x74\x5f\x68\x65\x61\x64\0\x66\x69\x72\x73\x74\0\x77\x61\x69\
\x74\x5f\x71\x75\x65\x75\x65\x5f\x68\x65\x61\x64\x5f\x74\0\x77\x61\x69\x74\x5f\
\x71\x75\x65\x75\x65\x5f\x68\x65\x61\x64\0\x68\x65\x61\x64\0\x75\x70\x69\x64\0\
\x6e\x73\0\x68\x6c\x69\x73\x74\x5f\x6e\x6f\x64\x65\0\x70\x70\x72\x65\x76\0\x62\
\x61\x73\x65\x73\0\x74\x69\x6d\x65\x72\x73\x5f\x61\x63\x74\x69\x76\x65\0\x65\
\x78\x70\x69\x72\x79\x5f\x61\x63\x74\x69\x76\x65\0\x70\x6f\x73\x69\x78\x5f\x63\
\x70\x75\x74\x69\x6d\x65\x72\x5f\x62\x61\x73\x65\0\x6e\x65\x78\x74\x65\x76\x74\
\0\x74\x71\x68\x65\x61\x64\0\x74\x69\x6d\x65\x72\x71\x75\x65\x75\x65\x5f\x68\
\x65\x61\x64\0\x73\x75\x62\x73\x63\x72\x69\x62\x65\x72\x73\0\x70\x75\x74\x5f\
\x61\x64\x64\x72\0\x6d\x61\x67\x69\x63\0\x67\x69\x64\0\x73\x75\x69\x64\0\x73\
\x67\x69\x64\0\x65\x67\x69\x64\0\x66\x73\x75\x69\x64\0\x66\x73\x67\x69\x64\0\
\x73\x65\x63\x75\x72\x65\x62\x69\x74\x73\0\x63\x61\x70\x5f\x69\x6e\x68\x65\x72\
\x69\x74\x61\x62\x6c\x65\0\x63\x61\x70\x5f\x70\x65\x72\x6d\x69\x74\x74\x65\x64\
\0\x63\x61\x70\x5f\x65\x66\x66\x65\x63\x74\x69\x76\x65\0\x63\x61\x70\x5f\x62\
\x73\x65\x74\0\x63\x61\x70\x5f\x61\x6d\x62\x69\x65\x6e\x74\0\x6a\x69\x74\x5f\
\x6b\x65\x79\x72\x69\x6e\x67\0\x73\x65\x73\x73\x69\x6f\x6e\x5f\x6b\x65\x79\x72\
\x69\x6e\x67\0\x70\x72\x6f\x63\x65\x73\x73\x5f\x6b\x65\x79\x72\x69\x6e\x67\0\
\x74\x68\x72\x65\x61\x64\x5f\x6b\x65\x79\x72\x69\x6e\x67\0\x72\x65\x71\x75\x65\
\x73\x74\x5f\x6b\x65\x79\x5f\x61\x75\x74\x68\0\x75\x73\x65\x72\0\x75\x63\x6f\
\x75\x6e\x74\x73\0\x67\x72\x6f\x75\x70\x5f\x69\x6e\x66\x6f\0\x6b\x67\x69\x64\
\x5f\x74\0\x67\x69\x64\x5f\x74\0\x5f\x5f\x6b\x65\x72\x6e\x65\x6c\x5f\x67\x69\
\x64\x33\x32\x5f\x74\0\x6b\x65\x72\x6e\x65\x6c\x5f\x63\x61\x70\x5f\x74\0\x6b\
\x65\x72\x6e\x65\x6c\x5f\x63\x61\x70\x5f\x73\x74\x72\x75\x63\x74\0\x63\x61\x70\
\0\x6b\x65\x79\0\x73\x65\x72\x69\x61\x6c\0\x73\x65\x6d\0\x6c\x61\x73\x74\x5f\
\x75\x73\x65\x64\x5f\x61\x74\0\x70\x65\x72\x6d\0\x71\x75\x6f\x74\x61\x6c\x65\
\x6e\0\x64\x61\x74\x61\x6c\x65\x6e\0\x72\x65\x73\x74\x72\x69\x63\x74\x5f\x6c\
\x69\x6e\x6b\0\x6b\x65\x79\x5f\x73\x65\x72\x69\x61\x6c\x5f\x74\0\x69\x6e\x74\
\x33\x32\x5f\x74\0\x73\x33\x32\0\x5f\x5f\x73\x33\x32\0\x67\x72\x61\x76\x65\x79\
\x61\x72\x64\x5f\x6c\x69\x6e\x6b\0\x73\x65\x72\x69\x61\x6c\x5f\x6e\x6f\x64\x65\
\0\x65\x78\x70\x69\x72\x79\0\x72\x65\x76\x6f\x6b\x65\x64\x5f\x61\x74\0\x74\x69\
\x6d\x65\x36\x34\x5f\x74\0\x6b\x65\x79\x5f\x70\x65\x72\x6d\x5f\x74\0\x75\x69\
\x6e\x74\x33\x32\x5f\x74\0\x73\x68\x6f\x72\x74\0\x69\x6e\x64\x65\x78\x5f\x6b\
\x65\x79\0\x6b\x65\x79\x72\x69\x6e\x67\x5f\x69\x6e\x64\x65\x78\x5f\x6b\x65\x79\
\0\x68\x61\x73\x68\0\x64\x6f\x6d\x61\x69\x6e\x5f\x74\x61\x67\0\x64\x65\x73\x63\
\x72\x69\x70\x74\x69\x6f\x6e\0\x78\0\x64\x65\x73\x63\x5f\x6c\x65\x6e\0\x64\x65\
\x73\x63\0\x6c\x65\x6e\x5f\x64\x65\x73\x63\0\x6b\x65\x79\x5f\x74\x79\x70\x65\0\
\x6e\x61\x6d\x65\0\x64\x65\x66\x5f\x64\x61\x74\x61\x6c\x65\x6e\0\x76\x65\x74\
\x5f\x64\x65\x73\x63\x72\x69\x70\x74\x69\x6f\x6e\0\x70\x72\x65\x70\x61\x72\x73\
\x65\0\x66\x72\x65\x65\x5f\x70\x72\x65\x70\x61\x72\x73\x65\0\x69\x6e\x73\x74\
\x61\x6e\x74\x69\x61\x74\x65\0\x75\x70\x64\x61\x74\x65\0\x6d\x61\x74\x63\x68\
\x5f\x70\x72\x65\x70\x61\x72\x73\x65\0\x6d\x61\x74\x63\x68\x5f\x66\x72\x65\x65\
\0\x72\x65\x76\x6f\x6b\x65\0\x64\x65\x73\x74\x72\x6f\x79\0\x64\x65\x73\x63\x72\
\x69\x62\x65\0\x72\x65\x61\x64\0\x72\x65\x71\x75\x65\x73\x74\x5f\x6b\x65\x79\0\
\x6c\x6f\x6f\x6b\x75\x70\x5f\x72\x65\x73\x74\x72\x69\x63\x74\x69\x6f\x6e\0\x61\
\x73\x79\x6d\x5f\x71\x75\x65\x72\x79\0\x61\x73\x79\x6d\x5f\x65\x64\x73\x5f\x6f\
\x70\0\x61\x73\x79\x6d\x5f\x76\x65\x72\x69\x66\x79\x5f\x73\x69\x67\x6e\x61\x74\
\x75\x72\x65\0\x6c\x69\x6e\x6b\0\x6c\x6f\x63\x6b\x5f\x63\x6c\x61\x73\x73\0\x73\
\x69\x7a\x65\x5f\x74\0\x5f\x5f\x6b\x65\x72\x6e\x65\x6c\x5f\x73\x69\x7a\x65\x5f\
\x74\0\x5f\x5f\x6b\x65\x72\x6e\x65\x6c\x5f\x75\x6c\x6f\x6e\x67\x5f\x74\0\x6b\
\x65\x79\x5f\x70\x72\x65\x70\x61\x72\x73\x65\x64\x5f\x70\x61\x79\x6c\x6f\x61\
\x64\0\x6f\x72\x69\x67\x5f\x64\x65\x73\x63\x72\x69\x70\x74\x69\x6f\x6e\0\x70\
\x61\x79\x6c\x6f\x61\x64\0\x6b\x65\x79\x5f\x70\x61\x79\x6c\x6f\x61\x64\0\x72\
\x63\x75\x5f\x64\x61\x74\x61\x30\0\x6b\x65\x79\x5f\x6d\x61\x74\x63\x68\x5f\x64\
\x61\x74\x61\0\x63\x6d\x70\0\x72\x61\x77\x5f\x64\x61\x74\x61\0\x70\x72\x65\x70\
\x61\x72\x73\x65\x64\0\x6c\x6f\x6f\x6b\x75\x70\x5f\x74\x79\x70\x65\0\x73\x65\
\x71\x5f\x66\x69\x6c\x65\0\x62\x75\x66\0\x66\x72\x6f\x6d\0\x70\x61\x64\x5f\x75\
\x6e\x74\x69\x6c\0\x69\x6e\x64\x65\x78\0\x72\x65\x61\x64\x5f\x70\x6f\x73\0\x6f\
\x70\0\x70\x6f\x6c\x6c\x5f\x65\x76\x65\x6e\x74\0\x70\x72\x69\x76\x61\x74\x65\0\
\x72\x65\x71\x75\x65\x73\x74\x5f\x6b\x65\x79\x5f\x61\x63\x74\x6f\x72\x5f\x74\0\
\x6b\x65\x79\x5f\x72\x65\x73\x74\x72\x69\x63\x74\x69\x6f\x6e\0\x63\x68\x65\x63\
\x6b\0\x6b\x65\x79\x74\x79\x70\x65\0\x6b\x65\x79\x5f\x72\x65\x73\x74\x72\x69\
\x63\x74\x5f\x6c\x69\x6e\x6b\x5f\x66\x75\x6e\x63\x5f\x74\0\x6b\x65\x72\x6e\x65\
\x6c\x5f\x70\x6b\x65\x79\x5f\x70\x61\x72\x61\x6d\x73\0\x65\x6e\x63\x6f\x64\x69\
\x6e\x67\0\x68\x61\x73\x68\x5f\x61\x6c\x67\x6f\0\x69\x6e\x66\x6f\0\x69\x6e\x5f\
\x6c\x65\x6e\0\x6f\x75\x74\x5f\x6c\x65\x6e\0\x69\x6e\x32\x5f\x6c\x65\x6e\0\x6b\
\x65\x72\x6e\x65\x6c\x5f\x70\x6b\x65\x79\x5f\x6f\x70\x65\x72\x61\x74\x69\x6f\
\x6e\0\x6b\x65\x72\x6e\x65\x6c\x5f\x70\x6b\x65\x79\x5f\x65\x6e\x63\x72\x79\x70\
\x74\0\x6b\x65\x72\x6e\x65\x6c\x5f\x70\x6b\x65\x79\x5f\x64\x65\x63\x72\x79\x70\
\x74\0\x6b\x65\x72\x6e\x65\x6c\x5f\x70\x6b\x65\x79\x5f\x73\x69\x67\x6e\0\x6b\
\x65\x72\x6e\x65\x6c\x5f\x70\x6b\x65\x79\x5f\x76\x65\x72\x69\x66\x79\0\x6b\x65\
\x72\x6e\x65\x6c\x5f\x70\x6b\x65\x79\x5f\x71\x75\x65\x72\x79\0\x73\x75\x70\x70\
\x6f\x72\x74\x65\x64\x5f\x6f\x70\x73\0\x6b\x65\x79\x5f\x73\x69\x7a\x65\0\x6d\
\x61\x78\x5f\x64\x61\x74\x61\x5f\x73\x69\x7a\x65\0\x6d\x61\x78\x5f\x73\x69\x67\
\x5f\x73\x69\x7a\x65\0\x6d\x61\x78\x5f\x65\x6e\x63\x5f\x73\x69\x7a\x65\0\x6d\
\x61\x78\x5f\x64\x65\x63\x5f\x73\x69\x7a\x65\0\x6c\x6f\x63\x6b\x5f\x63\x6c\x61\
\x73\x73\x5f\x6b\x65\x79\0\x6b\x65\x79\x5f\x74\x61\x67\0\x6e\x61\x6d\x65\x5f\
\x6c\x69\x6e\x6b\0\x6b\x65\x79\x73\0\x61\x73\x73\x6f\x63\x5f\x61\x72\x72\x61\
\x79\0\x72\x6f\x6f\x74\0\x6e\x72\x5f\x6c\x65\x61\x76\x65\x73\x5f\x6f\x6e\x5f\
\x74\x72\x65\x65\0\x61\x73\x73\x6f\x63\x5f\x61\x72\x72\x61\x79\x5f\x70\x74\x72\
\0\x75\x73\x65\x72\x5f\x6e\x61\x6d\x65\x73\x70\x61\x63\x65\0\x75\x69\x64\x5f\
\x6d\x61\x70\0\x67\x69\x64\x5f\x6d\x61\x70\0\x70\x72\x6f\x6a\x69\x64\x5f\x6d\
\x61\x70\0\x67\x72\x6f\x75\x70\0\x70\x61\x72\x65\x6e\x74\x5f\x63\x6f\x75\x6c\
\x64\x5f\x73\x65\x74\x66\x63\x61\x70\0\x6b\x65\x79\x72\x69\x6e\x67\x5f\x6e\x61\
\x6d\x65\x5f\x6c\x69\x73\x74\0\x75\x73\x65\x72\x5f\x6b\x65\x79\x72\x69\x6e\x67\
\x5f\x72\x65\x67\x69\x73\x74\x65\x72\0\x6b\x65\x79\x72\x69\x6e\x67\x5f\x73\x65\
\x6d\0\x73\x65\x74\0\x73\x79\x73\x63\x74\x6c\x73\0\x75\x63\x6f\x75\x6e\x74\x5f\
\x6d\x61\x78\0\x75\x69\x64\x5f\x67\x69\x64\x5f\x6d\x61\x70\0\x6e\x72\x5f\x65\
\x78\x74\x65\x6e\x74\x73\0\x65\x78\x74\x65\x6e\x74\0\x75\x69\x64\x5f\x67\x69\
\x64\x5f\x65\x78\x74\x65\x6e\x74\0\x6c\x6f\x77\x65\x72\x5f\x66\x69\x72\x73\x74\
\0\x66\x6f\x72\x77\x61\x72\x64\0\x72\x65\x76\x65\x72\x73\x65\0\x6e\x73\x5f\x63\
\x6f\x6d\x6d\x6f\x6e\0\x73\x74\x61\x73\x68\x65\x64\0\x6f\x70\x73\0\x69\x6e\x75\
\x6d\0\x63\x74\x6c\x5f\x74\x61\x62\x6c\x65\x5f\x73\x65\x74\0\x69\x73\x5f\x73\
\x65\x65\x6e\0\x64\x69\x72\0\x63\x74\x6c\x5f\x64\x69\x72\0\x68\x65\x61\x64\x65\
\x72\0\x63\x74\x6c\x5f\x74\x61\x62\x6c\x65\x5f\x68\x65\x61\x64\x65\x72\0\x75\
\x6e\x72\x65\x67\x69\x73\x74\x65\x72\x69\x6e\x67\0\x63\x74\x6c\x5f\x74\x61\x62\
\x6c\x65\x5f\x61\x72\x67\0\x63\x74\x6c\x5f\x74\x61\x62\x6c\x65\0\x75\x73\x65\
\x64\0\x6e\x72\x65\x67\0\x63\x6f\x6d\x70\x6c\x65\x74\x69\x6f\x6e\0\x64\x6f\x6e\
\x65\0\x77\x61\x69\x74\0\x73\x77\x61\x69\x74\x5f\x71\x75\x65\x75\x65\x5f\x68\
\x65\x61\x64\0\x74\x61\x73\x6b\x5f\x6c\x69\x73\x74\0\x70\x72\x6f\x63\x6e\x61\
\x6d\x65\0\x6d\x61\x78\x6c\x65\x6e\0\x6d\x6f\x64\x65\0\x63\x68\x69\x6c\x64\0\
\x70\x72\x6f\x63\x5f\x68\x61\x6e\x64\x6c\x65\x72\0\x65\x78\x74\x72\x61\x31\0\
\x65\x78\x74\x72\x61\x32\0\x75\x6d\x6f\x64\x65\x5f\x74\0\x75\x63\x6f\x75\x6e\
\x74\0\x6e\x6f\x6e\x5f\x72\x63\x75\0\x73\x79\x73\x76\x5f\x73\x65\x6d\0\x75\x6e\
\x64\x6f\x5f\x6c\x69\x73\x74\0\x73\x79\x73\x76\x5f\x73\x68\x6d\0\x73\x68\x6d\
\x5f\x63\x6c\x69\x73\x74\0\x73\x69\x67\x73\x65\x74\x5f\x74\0\x73\x69\x67\0\x73\
\x69\x67\x70\x65\x6e\x64\x69\x6e\x67\0\x66\x69\x6c\x74\x65\x72\x5f\x63\x6f\x75\
\x6e\x74\0\x66\x69\x6c\x74\x65\x72\0\x73\x79\x73\x63\x61\x6c\x6c\x5f\x75\x73\
\x65\x72\x5f\x64\x69\x73\x70\x61\x74\x63\x68\0\x77\x61\x6b\x65\x5f\x71\x5f\x6e\
\x6f\x64\x65\0\x6b\x65\x72\x6e\x65\x6c\x5f\x73\x69\x67\x69\x6e\x66\x6f\x5f\x74\
\0\x74\x61\x73\x6b\x5f\x69\x6f\x5f\x61\x63\x63\x6f\x75\x6e\x74\x69\x6e\x67\0\
\x72\x63\x68\x61\x72\0\x77\x63\x68\x61\x72\0\x73\x79\x73\x63\x72\0\x73\x79\x73\
\x63\x77\0\x73\x79\x73\x63\x66\x73\0\x72\x65\x61\x64\x5f\x62\x79\x74\x65\x73\0\
\x77\x72\x69\x74\x65\x5f\x62\x79\x74\x65\x73\0\x63\x61\x6e\x63\x65\x6c\x6c\x65\
\x64\x5f\x77\x72\x69\x74\x65\x5f\x62\x79\x74\x65\x73\0\x6e\x6f\x64\x65\x6d\x61\
\x73\x6b\x5f\x74\0\x73\x65\x71\x63\x6f\x75\x6e\x74\x5f\x73\x70\x69\x6e\x6c\x6f\
\x63\x6b\x5f\x74\0\x73\x65\x71\x63\x6f\x75\x6e\x74\x5f\x73\x70\x69\x6e\x6c\x6f\
\x63\x6b\0\x70\x65\x72\x66\x5f\x65\x76\x65\x6e\x74\x5f\x63\x6f\x6e\x74\x65\x78\
\x74\0\x70\x6d\x75\0\x61\x63\x74\x69\x76\x65\x5f\x63\x74\x78\x5f\x6c\x69\x73\
\x74\0\x70\x69\x6e\x6e\x65\x64\x5f\x67\x72\x6f\x75\x70\x73\0\x66\x6c\x65\x78\
\x69\x62\x6c\x65\x5f\x67\x72\x6f\x75\x70\x73\0\x65\x76\x65\x6e\x74\x5f\x6c\x69\
\x73\x74\0\x70\x69\x6e\x6e\x65\x64\x5f\x61\x63\x74\x69\x76\x65\0\x66\x6c\x65\
\x78\x69\x62\x6c\x65\x5f\x61\x63\x74\x69\x76\x65\0\x6e\x72\x5f\x65\x76\x65\x6e\
\x74\x73\0\x6e\x72\x5f\x61\x63\x74\x69\x76\x65\0\x69\x73\x5f\x61\x63\x74\x69\
\x76\x65\0\x6e\x72\x5f\x73\x74\x61\x74\0\x6e\x72\x5f\x66\x72\x65\x71\0\x72\x6f\
\x74\x61\x74\x65\x5f\x64\x69\x73\x61\x62\x6c\x65\0\x72\x6f\x74\x61\x74\x65\x5f\
\x6e\x65\x63\x65\x73\x73\x61\x72\x79\0\x72\x65\x66\x63\x6f\x75\x6e\x74\0\x74\
\x61\x73\x6b\0\x74\x69\x6d\x65\x73\x74\x61\x6d\x70\0\x74\x69\x6d\x65\x6f\x66\
\x66\x73\x65\x74\0\x70\x61\x72\x65\x6e\x74\x5f\x63\x74\x78\0\x70\x61\x72\x65\
\x6e\x74\x5f\x67\x65\x6e\0\x67\x65\x6e\x65\x72\x61\x74\x69\x6f\x6e\0\x70\x69\
\x6e\x5f\x63\x6f\x75\x6e\x74\0\x74\x61\x73\x6b\x5f\x63\x74\x78\x5f\x64\x61\x74\
\x61\0\x6e\x72\x5f\x70\x65\x6e\x64\x69\x6e\x67\0\x70\x65\x72\x66\x5f\x65\x76\
\x65\x6e\x74\x5f\x67\x72\x6f\x75\x70\x73\0\x74\x72\x65\x65\0\x6c\x6f\x63\x61\
\x6c\x5f\x74\0\x61\0\x74\x6c\x62\x66\x6c\x75\x73\x68\x5f\x75\x6e\x6d\x61\x70\
\x5f\x62\x61\x74\x63\x68\0\x72\x63\x75\x5f\x75\x73\x65\x72\x73\0\x70\x61\x67\
\x65\x5f\x66\x72\x61\x67\0\x70\x61\x67\x65\0\x6f\x66\x66\x73\x65\x74\0\x74\x69\
\x6d\x65\x72\x5f\x6c\x69\x73\x74\0\x6c\x6c\x69\x73\x74\x5f\x68\x65\x61\x64\0\
\x74\x68\x72\x65\x61\x64\x5f\x73\x74\x72\x75\x63\x74\0\x63\x70\x75\x5f\x63\x6f\
\x6e\x74\x65\x78\x74\0\x75\x77\0\x66\x70\x73\x69\x6d\x64\x5f\x63\x70\x75\0\x73\
\x76\x65\x5f\x73\x74\x61\x74\x65\0\x73\x76\x65\x5f\x76\x6c\0\x73\x76\x65\x5f\
\x76\x6c\x5f\x6f\x6e\x65\x78\x65\x63\0\x66\x61\x75\x6c\x74\x5f\x61\x64\x64\x72\
\x65\x73\x73\0\x66\x61\x75\x6c\x74\x5f\x63\x6f\x64\x65\0\x64\x65\x62\x75\x67\0\
\x6b\x65\x79\x73\x5f\x75\x73\x65\x72\0\x6b\x65\x79\x73\x5f\x6b\x65\x72\x6e\x65\
\x6c\0\x6d\x74\x65\x5f\x63\x74\x72\x6c\0\x73\x63\x74\x6c\x72\x5f\x75\x73\x65\
\x72\0\x78\x31\x39\0\x78\x32\x30\0\x78\x32\x31\0\x78\x32\x32\0\x78\x32\x33\0\
\x78\x32\x34\0\x78\x32\x35\0\x78\x32\x36\0\x78\x32\x37\0\x78\x32\x38\0\x66\x70\
\0\x73\x70\0\x70\x63\0\x74\x70\x5f\x76\x61\x6c\x75\x65\0\x74\x70\x32\x5f\x76\
\x61\x6c\x75\x65\0\x66\x70\x73\x69\x6d\x64\x5f\x73\x74\x61\x74\x65\0\x75\x73\
\x65\x72\x5f\x66\x70\x73\x69\x6d\x64\x5f\x73\x74\x61\x74\x65\0\x76\x72\x65\x67\
\x73\0\x66\x70\x73\x72\0\x66\x70\x63\x72\0\x5f\x5f\x72\x65\x73\x65\x72\x76\x65\
\x64\0\x5f\x5f\x75\x69\x6e\x74\x31\x32\x38\x5f\x74\0\x75\x6e\x73\x69\x67\x6e\
\x65\x64\x20\x5f\x5f\x69\x6e\x74\x31\x32\x38\0\x64\x65\x62\x75\x67\x5f\x69\x6e\
\x66\x6f\0\x73\x75\x73\x70\x65\x6e\x64\x65\x64\x5f\x73\x74\x65\x70\0\x62\x70\
\x73\x5f\x64\x69\x73\x61\x62\x6c\x65\x64\0\x77\x70\x73\x5f\x64\x69\x73\x61\x62\
\x6c\x65\x64\0\x68\x62\x70\x5f\x62\x72\x65\x61\x6b\0\x68\x62\x70\x5f\x77\x61\
\x74\x63\x68\0\x70\x65\x72\x66\x5f\x65\x76\x65\x6e\x74\0\x65\x76\x65\x6e\x74\
\x5f\x65\x6e\x74\x72\x79\0\x73\x69\x62\x6c\x69\x6e\x67\x5f\x6c\x69\x73\x74\0\
\x61\x63\x74\x69\x76\x65\x5f\x6c\x69\x73\x74\0\x67\x72\x6f\x75\x70\x5f\x69\x6e\
\x64\x65\x78\0\x6d\x69\x67\x72\x61\x74\x65\x5f\x65\x6e\x74\x72\x79\0\x68\x6c\
\x69\x73\x74\x5f\x65\x6e\x74\x72\x79\0\x61\x63\x74\x69\x76\x65\x5f\x65\x6e\x74\
\x72\x79\0\x6e\x72\x5f\x73\x69\x62\x6c\x69\x6e\x67\x73\0\x65\x76\x65\x6e\x74\
\x5f\x63\x61\x70\x73\0\x67\x72\x6f\x75\x70\x5f\x63\x61\x70\x73\0\x70\x6d\x75\
\x5f\x70\x72\x69\x76\x61\x74\x65\0\x61\x74\x74\x61\x63\x68\x5f\x73\x74\x61\x74\
\x65\0\x63\x68\x69\x6c\x64\x5f\x63\x6f\x75\x6e\x74\0\x74\x6f\x74\x61\x6c\x5f\
\x74\x69\x6d\x65\x5f\x65\x6e\x61\x62\x6c\x65\x64\0\x74\x6f\x74\x61\x6c\x5f\x74\
\x69\x6d\x65\x5f\x72\x75\x6e\x6e\x69\x6e\x67\0\x74\x73\x74\x61\x6d\x70\0\x61\
\x74\x74\x72\0\x68\x65\x61\x64\x65\x72\x5f\x73\x69\x7a\x65\0\x69\x64\x5f\x68\
\x65\x61\x64\x65\x72\x5f\x73\x69\x7a\x65\0\x72\x65\x61\x64\x5f\x73\x69\x7a\x65\
\0\x68\x77\0\x63\x68\x69\x6c\x64\x5f\x74\x6f\x74\x61\x6c\x5f\x74\x69\x6d\x65\
\x5f\x65\x6e\x61\x62\x6c\x65\x64\0\x63\x68\x69\x6c\x64\x5f\x74\x6f\x74\x61\x6c\
\x5f\x74\x69\x6d\x65\x5f\x72\x75\x6e\x6e\x69\x6e\x67\0\x63\x68\x69\x6c\x64\x5f\
\x6d\x75\x74\x65\x78\0\x63\x68\x69\x6c\x64\x5f\x6c\x69\x73\x74\0\x6f\x6e\x63\
\x70\x75\0\x6f\x77\x6e\x65\x72\x5f\x65\x6e\x74\x72\x79\0\x6d\x6d\x61\x70\x5f\
\x6d\x75\x74\x65\x78\0\x6d\x6d\x61\x70\x5f\x63\x6f\x75\x6e\x74\0\x72\x62\x5f\
\x65\x6e\x74\x72\x79\0\x72\x63\x75\x5f\x62\x61\x74\x63\x68\x65\x73\0\x72\x63\
\x75\x5f\x70\x65\x6e\x64\x69\x6e\x67\0\x77\x61\x69\x74\x71\0\x66\x61\x73\x79\
\x6e\x63\0\x70\x65\x6e\x64\x69\x6e\x67\x5f\x77\x61\x6b\x65\x75\x70\0\x70\x65\
\x6e\x64\x69\x6e\x67\x5f\x6b\x69\x6c\x6c\0\x70\x65\x6e\x64\x69\x6e\x67\x5f\x64\
\x69\x73\x61\x62\x6c\x65\0\x70\x65\x6e\x64\x69\x6e\x67\x5f\x73\x69\x67\x74\x72\
\x61\x70\0\x70\x65\x6e\x64\x69\x6e\x67\x5f\x61\x64\x64\x72\0\x70\x65\x6e\x64\
\x69\x6e\x67\x5f\x69\x72\x71\0\x70\x65\x6e\x64\x69\x6e\x67\x5f\x74\x61\x73\x6b\
\0\x70\x65\x6e\x64\x69\x6e\x67\x5f\x77\x6f\x72\x6b\0\x65\x76\x65\x6e\x74\x5f\
\x6c\x69\x6d\x69\x74\0\x61\x64\x64\x72\x5f\x66\x69\x6c\x74\x65\x72\x73\0\x61\
\x64\x64\x72\x5f\x66\x69\x6c\x74\x65\x72\x5f\x72\x61\x6e\x67\x65\x73\0\x61\x64\
\x64\x72\x5f\x66\x69\x6c\x74\x65\x72\x73\x5f\x67\x65\x6e\0\x61\x75\x78\x5f\x65\
\x76\x65\x6e\x74\0\x63\x6c\x6f\x63\x6b\0\x6f\x76\x65\x72\x66\x6c\x6f\x77\x5f\
\x68\x61\x6e\x64\x6c\x65\x72\0\x6f\x76\x65\x72\x66\x6c\x6f\x77\x5f\x68\x61\x6e\
\x64\x6c\x65\x72\x5f\x63\x6f\x6e\x74\x65\x78\x74\0\x6f\x72\x69\x67\x5f\x6f\x76\
\x65\x72\x66\x6c\x6f\x77\x5f\x68\x61\x6e\x64\x6c\x65\x72\0\x70\x72\x6f\x67\0\
\x62\x70\x66\x5f\x63\x6f\x6f\x6b\x69\x65\0\x74\x70\x5f\x65\x76\x65\x6e\x74\0\
\x66\x74\x72\x61\x63\x65\x5f\x6f\x70\x73\0\x73\x62\x5f\x6c\x69\x73\x74\0\x6d\
\x6f\x64\x75\x6c\x65\0\x64\x65\x76\0\x61\x74\x74\x72\x5f\x67\x72\x6f\x75\x70\
\x73\0\x61\x74\x74\x72\x5f\x75\x70\x64\x61\x74\x65\0\x63\x61\x70\x61\x62\x69\
\x6c\x69\x74\x69\x65\x73\0\x70\x6d\x75\x5f\x64\x69\x73\x61\x62\x6c\x65\x5f\x63\
\x6f\x75\x6e\x74\0\x70\x6d\x75\x5f\x63\x70\x75\x5f\x63\x6f\x6e\x74\x65\x78\x74\
\0\x65\x78\x63\x6c\x75\x73\x69\x76\x65\x5f\x63\x6e\x74\0\x74\x61\x73\x6b\x5f\
\x63\x74\x78\x5f\x6e\x72\0\x68\x72\x74\x69\x6d\x65\x72\x5f\x69\x6e\x74\x65\x72\
\x76\x61\x6c\x5f\x6d\x73\0\x6e\x72\x5f\x61\x64\x64\x72\x5f\x66\x69\x6c\x74\x65\
\x72\x73\0\x70\x6d\x75\x5f\x65\x6e\x61\x62\x6c\x65\0\x70\x6d\x75\x5f\x64\x69\
\x73\x61\x62\x6c\x65\0\x65\x76\x65\x6e\x74\x5f\x69\x6e\x69\x74\0\x65\x76\x65\
\x6e\x74\x5f\x6d\x61\x70\x70\x65\x64\0\x65\x76\x65\x6e\x74\x5f\x75\x6e\x6d\x61\
\x70\x70\x65\x64\0\x61\x64\x64\0\x64\x65\x6c\0\x73\x74\x6f\x70\0\x73\x74\x61\
\x72\x74\x5f\x74\x78\x6e\0\x63\x6f\x6d\x6d\x69\x74\x5f\x74\x78\x6e\0\x63\x61\
\x6e\x63\x65\x6c\x5f\x74\x78\x6e\0\x65\x76\x65\x6e\x74\x5f\x69\x64\x78\0\x73\
\x63\x68\x65\x64\x5f\x74\x61\x73\x6b\0\x74\x61\x73\x6b\x5f\x63\x74\x78\x5f\x63\
\x61\x63\x68\x65\0\x73\x77\x61\x70\x5f\x74\x61\x73\x6b\x5f\x63\x74\x78\0\x73\
\x65\x74\x75\x70\x5f\x61\x75\x78\0\x66\x72\x65\x65\x5f\x61\x75\x78\0\x73\x6e\
\x61\x70\x73\x68\x6f\x74\x5f\x61\x75\x78\0\x61\x64\x64\x72\x5f\x66\x69\x6c\x74\
\x65\x72\x73\x5f\x76\x61\x6c\x69\x64\x61\x74\x65\0\x61\x64\x64\x72\x5f\x66\x69\
\x6c\x74\x65\x72\x73\x5f\x73\x79\x6e\x63\0\x61\x75\x78\x5f\x6f\x75\x74\x70\x75\
\x74\x5f\x6d\x61\x74\x63\x68\0\x66\x69\x6c\x74\x65\x72\x5f\x6d\x61\x74\x63\x68\
\0\x63\x68\x65\x63\x6b\x5f\x70\x65\x72\x69\x6f\x64\0\x61\x74\x74\x72\x69\x62\
\x75\x74\x65\x5f\x67\x72\x6f\x75\x70\0\x69\x73\x5f\x76\x69\x73\x69\x62\x6c\x65\
\0\x69\x73\x5f\x62\x69\x6e\x5f\x76\x69\x73\x69\x62\x6c\x65\0\x61\x74\x74\x72\
\x73\0\x62\x69\x6e\x5f\x61\x74\x74\x72\x73\0\x6b\x6f\x62\x6a\x65\x63\x74\0\x6b\
\x73\x65\x74\0\x6b\x74\x79\x70\x65\0\x73\x64\0\x6b\x72\x65\x66\0\x73\x74\x61\
\x74\x65\x5f\x69\x6e\x69\x74\x69\x61\x6c\x69\x7a\x65\x64\0\x73\x74\x61\x74\x65\
\x5f\x69\x6e\x5f\x73\x79\x73\x66\x73\0\x73\x74\x61\x74\x65\x5f\x61\x64\x64\x5f\
\x75\x65\x76\x65\x6e\x74\x5f\x73\x65\x6e\x74\0\x73\x74\x61\x74\x65\x5f\x72\x65\
\x6d\x6f\x76\x65\x5f\x75\x65\x76\x65\x6e\x74\x5f\x73\x65\x6e\x74\0\x75\x65\x76\
\x65\x6e\x74\x5f\x73\x75\x70\x70\x72\x65\x73\x73\0\x61\x74\x74\x72\x69\x62\x75\
\x74\x65\0\x62\x69\x6e\x5f\x61\x74\x74\x72\x69\x62\x75\x74\x65\0\x77\x72\x69\
\x74\x65\0\x61\x64\x64\x72\x65\x73\x73\x5f\x73\x70\x61\x63\x65\0\x68\x6f\x73\
\x74\0\x69\x5f\x70\x61\x67\x65\x73\0\x69\x6e\x76\x61\x6c\x69\x64\x61\x74\x65\
\x5f\x6c\x6f\x63\x6b\0\x67\x66\x70\x5f\x6d\x61\x73\x6b\0\x69\x5f\x6d\x6d\x61\
\x70\x5f\x77\x72\x69\x74\x61\x62\x6c\x65\0\x69\x5f\x6d\x6d\x61\x70\0\x69\x5f\
\x6d\x6d\x61\x70\x5f\x72\x77\x73\x65\x6d\0\x6e\x72\x70\x61\x67\x65\x73\0\x77\
\x72\x69\x74\x65\x62\x61\x63\x6b\x5f\x69\x6e\x64\x65\x78\0\x61\x5f\x6f\x70\x73\
\0\x77\x62\x5f\x65\x72\x72\0\x70\x72\x69\x76\x61\x74\x65\x5f\x6c\x6f\x63\x6b\0\
\x70\x72\x69\x76\x61\x74\x65\x5f\x6c\x69\x73\x74\0\x69\x6e\x6f\x64\x65\0\x69\
\x5f\x6d\x6f\x64\x65\0\x69\x5f\x6f\x70\x66\x6c\x61\x67\x73\0\x69\x5f\x75\x69\
\x64\0\x69\x5f\x67\x69\x64\0\x69\x5f\x66\x6c\x61\x67\x73\0\x69\x5f\x61\x63\x6c\
\0\x69\x5f\x64\x65\x66\x61\x75\x6c\x74\x5f\x61\x63\x6c\0\x69\x5f\x6f\x70\0\x69\
\x5f\x73\x62\0\x69\x5f\x6d\x61\x70\x70\x69\x6e\x67\0\x69\x5f\x73\x65\x63\x75\
\x72\x69\x74\x79\0\x69\x5f\x69\x6e\x6f\0\x69\x5f\x72\x64\x65\x76\0\x69\x5f\x73\
\x69\x7a\x65\0\x69\x5f\x61\x74\x69\x6d\x65\0\x69\x5f\x6d\x74\x69\x6d\x65\0\x69\
\x5f\x63\x74\x69\x6d\x65\0\x69\x5f\x6c\x6f\x63\x6b\0\x69\x5f\x62\x79\x74\x65\
\x73\0\x69\x5f\x62\x6c\x6b\x62\x69\x74\x73\0\x69\x5f\x77\x72\x69\x74\x65\x5f\
\x68\x69\x6e\x74\0\x69\x5f\x62\x6c\x6f\x63\x6b\x73\0\x69\x5f\x73\x74\x61\x74\
\x65\0\x69\x5f\x72\x77\x73\x65\x6d\0\x64\x69\x72\x74\x69\x65\x64\x5f\x77\x68\
\x65\x6e\0\x64\x69\x72\x74\x69\x65\x64\x5f\x74\x69\x6d\x65\x5f\x77\x68\x65\x6e\
\0\x69\x5f\x68\x61\x73\x68\0\x69\x5f\x69\x6f\x5f\x6c\x69\x73\x74\0\x69\x5f\x6c\
\x72\x75\0\x69\x5f\x73\x62\x5f\x6c\x69\x73\x74\0\x69\x5f\x77\x62\x5f\x6c\x69\
\x73\x74\0\x69\x5f\x76\x65\x72\x73\x69\x6f\x6e\0\x69\x5f\x73\x65\x71\x75\x65\
\x6e\x63\x65\0\x69\x5f\x63\x6f\x75\x6e\x74\0\x69\x5f\x64\x69\x6f\x5f\x63\x6f\
\x75\x6e\x74\0\x69\x5f\x77\x72\x69\x74\x65\x63\x6f\x75\x6e\x74\0\x69\x5f\x72\
\x65\x61\x64\x63\x6f\x75\x6e\x74\0\x69\x5f\x66\x6c\x63\x74\x78\0\x69\x5f\x64\
\x61\x74\x61\0\x69\x5f\x64\x65\x76\x69\x63\x65\x73\0\x69\x5f\x67\x65\x6e\x65\
\x72\x61\x74\x69\x6f\x6e\0\x69\x5f\x66\x73\x6e\x6f\x74\x69\x66\x79\x5f\x6d\x61\
\x73\x6b\0\x69\x5f\x66\x73\x6e\x6f\x74\x69\x66\x79\x5f\x6d\x61\x72\x6b\x73\0\
\x69\x5f\x63\x72\x79\x70\x74\x5f\x69\x6e\x66\x6f\0\x69\x5f\x76\x65\x72\x69\x74\
\x79\x5f\x69\x6e\x66\x6f\0\x69\x5f\x70\x72\x69\x76\x61\x74\x65\0\x70\x6f\x73\
\x69\x78\x5f\x61\x63\x6c\0\x61\x5f\x72\x65\x66\x63\x6f\x75\x6e\x74\0\x61\x5f\
\x72\x63\x75\0\x61\x5f\x63\x6f\x75\x6e\x74\0\x61\x5f\x65\x6e\x74\x72\x69\x65\
\x73\0\x70\x6f\x73\x69\x78\x5f\x61\x63\x6c\x5f\x65\x6e\x74\x72\x79\0\x65\x5f\
\x74\x61\x67\0\x65\x5f\x70\x65\x72\x6d\0\x65\x5f\x75\x69\x64\0\x65\x5f\x67\x69\
\x64\0\x69\x5f\x6e\x6c\x69\x6e\x6b\0\x5f\x5f\x69\x5f\x6e\x6c\x69\x6e\x6b\0\x64\
\x65\x76\x5f\x74\0\x5f\x5f\x6b\x65\x72\x6e\x65\x6c\x5f\x64\x65\x76\x5f\x74\0\
\x74\x69\x6d\x65\x73\x70\x65\x63\x36\x34\0\x62\x6c\x6b\x63\x6e\x74\x5f\x74\0\
\x69\x5f\x64\x65\x6e\x74\x72\x79\0\x69\x5f\x72\x63\x75\0\x69\x5f\x66\x6f\x70\0\
\x66\x72\x65\x65\x5f\x69\x6e\x6f\x64\x65\0\x66\x69\x6c\x65\x5f\x6f\x70\x65\x72\
\x61\x74\x69\x6f\x6e\x73\0\x6c\x6c\x73\x65\x65\x6b\0\x72\x65\x61\x64\x5f\x69\
\x74\x65\x72\0\x77\x72\x69\x74\x65\x5f\x69\x74\x65\x72\0\x69\x6f\x70\x6f\x6c\
\x6c\0\x69\x74\x65\x72\x61\x74\x65\0\x69\x74\x65\x72\x61\x74\x65\x5f\x73\x68\
\x61\x72\x65\x64\0\x75\x6e\x6c\x6f\x63\x6b\x65\x64\x5f\x69\x6f\x63\x74\x6c\0\
\x63\x6f\x6d\x70\x61\x74\x5f\x69\x6f\x63\x74\x6c\0\x6d\x6d\x61\x70\x5f\x73\x75\
\x70\x70\x6f\x72\x74\x65\x64\x5f\x66\x6c\x61\x67\x73\0\x6f\x70\x65\x6e\0\x66\
\x6c\x75\x73\x68\0\x72\x65\x6c\x65\x61\x73\x65\0\x66\x73\x79\x6e\x63\0\x73\x65\
\x6e\x64\x70\x61\x67\x65\0\x63\x68\x65\x63\x6b\x5f\x66\x6c\x61\x67\x73\0\x66\
\x6c\x6f\x63\x6b\0\x73\x70\x6c\x69\x63\x65\x5f\x77\x72\x69\x74\x65\0\x73\x70\
\x6c\x69\x63\x65\x5f\x72\x65\x61\x64\0\x73\x65\x74\x6c\x65\x61\x73\x65\0\x66\
\x61\x6c\x6c\x6f\x63\x61\x74\x65\0\x73\x68\x6f\x77\x5f\x66\x64\x69\x6e\x66\x6f\
\0\x63\x6f\x70\x79\x5f\x66\x69\x6c\x65\x5f\x72\x61\x6e\x67\x65\0\x72\x65\x6d\
\x61\x70\x5f\x66\x69\x6c\x65\x5f\x72\x61\x6e\x67\x65\0\x66\x61\x64\x76\x69\x73\
\x65\0\x62\x75\x69\x6c\x64\x5f\x69\x64\0\x6d\x6b\x6f\x62\x6a\0\x6d\x6f\x64\x69\
\x6e\x66\x6f\x5f\x61\x74\x74\x72\x73\0\x76\x65\x72\x73\x69\x6f\x6e\0\x73\x72\
\x63\x76\x65\x72\x73\x69\x6f\x6e\0\x68\x6f\x6c\x64\x65\x72\x73\x5f\x64\x69\x72\
\0\x73\x79\x6d\x73\0\x63\x72\x63\x73\0\x6e\x75\x6d\x5f\x73\x79\x6d\x73\0\x70\
\x61\x72\x61\x6d\x5f\x6c\x6f\x63\x6b\0\x6b\x70\0\x6e\x75\x6d\x5f\x6b\x70\0\x6e\
\x75\x6d\x5f\x67\x70\x6c\x5f\x73\x79\x6d\x73\0\x67\x70\x6c\x5f\x73\x79\x6d\x73\
\0\x67\x70\x6c\x5f\x63\x72\x63\x73\0\x75\x73\x69\x6e\x67\x5f\x67\x70\x6c\x6f\
\x6e\x6c\x79\x5f\x73\x79\x6d\x62\x6f\x6c\x73\0\x61\x73\x79\x6e\x63\x5f\x70\x72\
\x6f\x62\x65\x5f\x72\x65\x71\x75\x65\x73\x74\x65\x64\0\x6e\x75\x6d\x5f\x65\x78\
\x65\x6e\x74\x72\x69\x65\x73\0\x65\x78\x74\x61\x62\x6c\x65\0\x69\x6e\x69\x74\0\
\x63\x6f\x72\x65\x5f\x6c\x61\x79\x6f\x75\x74\0\x69\x6e\x69\x74\x5f\x6c\x61\x79\
\x6f\x75\x74\0\x61\x72\x63\x68\0\x74\x61\x69\x6e\x74\x73\0\x6e\x75\x6d\x5f\x62\
\x75\x67\x73\0\x62\x75\x67\x5f\x6c\x69\x73\x74\0\x62\x75\x67\x5f\x74\x61\x62\
\x6c\x65\0\x6b\x61\x6c\x6c\x73\x79\x6d\x73\0\x63\x6f\x72\x65\x5f\x6b\x61\x6c\
\x6c\x73\x79\x6d\x73\0\x73\x65\x63\x74\x5f\x61\x74\x74\x72\x73\0\x6e\x6f\x74\
\x65\x73\x5f\x61\x74\x74\x72\x73\0\x61\x72\x67\x73\0\x70\x65\x72\x63\x70\x75\0\
\x70\x65\x72\x63\x70\x75\x5f\x73\x69\x7a\x65\0\x6e\x6f\x69\x6e\x73\x74\x72\x5f\
\x74\x65\x78\x74\x5f\x73\x74\x61\x72\x74\0\x6e\x6f\x69\x6e\x73\x74\x72\x5f\x74\
\x65\x78\x74\x5f\x73\x69\x7a\x65\0\x6e\x75\x6d\x5f\x74\x72\x61\x63\x65\x70\x6f\
\x69\x6e\x74\x73\0\x74\x72\x61\x63\x65\x70\x6f\x69\x6e\x74\x73\x5f\x70\x74\x72\
\x73\0\x6e\x75\x6d\x5f\x73\x72\x63\x75\x5f\x73\x74\x72\x75\x63\x74\x73\0\x73\
\x72\x63\x75\x5f\x73\x74\x72\x75\x63\x74\x5f\x70\x74\x72\x73\0\x6e\x75\x6d\x5f\
\x62\x70\x66\x5f\x72\x61\x77\x5f\x65\x76\x65\x6e\x74\x73\0\x62\x70\x66\x5f\x72\
\x61\x77\x5f\x65\x76\x65\x6e\x74\x73\0\x6a\x75\x6d\x70\x5f\x65\x6e\x74\x72\x69\
\x65\x73\0\x6e\x75\x6d\x5f\x6a\x75\x6d\x70\x5f\x65\x6e\x74\x72\x69\x65\x73\0\
\x6e\x75\x6d\x5f\x74\x72\x61\x63\x65\x5f\x62\x70\x72\x69\x6e\x74\x6b\x5f\x66\
\x6d\x74\0\x74\x72\x61\x63\x65\x5f\x62\x70\x72\x69\x6e\x74\x6b\x5f\x66\x6d\x74\
\x5f\x73\x74\x61\x72\x74\0\x74\x72\x61\x63\x65\x5f\x65\x76\x65\x6e\x74\x73\0\
\x6e\x75\x6d\x5f\x74\x72\x61\x63\x65\x5f\x65\x76\x65\x6e\x74\x73\0\x74\x72\x61\
\x63\x65\x5f\x65\x76\x61\x6c\x73\0\x6e\x75\x6d\x5f\x74\x72\x61\x63\x65\x5f\x65\
\x76\x61\x6c\x73\0\x6e\x75\x6d\x5f\x66\x74\x72\x61\x63\x65\x5f\x63\x61\x6c\x6c\
\x73\x69\x74\x65\x73\0\x66\x74\x72\x61\x63\x65\x5f\x63\x61\x6c\x6c\x73\x69\x74\
\x65\x73\0\x6b\x70\x72\x6f\x62\x65\x73\x5f\x74\x65\x78\x74\x5f\x73\x74\x61\x72\
\x74\0\x6b\x70\x72\x6f\x62\x65\x73\x5f\x74\x65\x78\x74\x5f\x73\x69\x7a\x65\0\
\x6b\x70\x72\x6f\x62\x65\x5f\x62\x6c\x61\x63\x6b\x6c\x69\x73\x74\0\x6e\x75\x6d\
\x5f\x6b\x70\x72\x6f\x62\x65\x5f\x62\x6c\x61\x63\x6b\x6c\x69\x73\x74\0\x73\x6f\
\x75\x72\x63\x65\x5f\x6c\x69\x73\x74\0\x74\x61\x72\x67\x65\x74\x5f\x6c\x69\x73\
\x74\0\x65\x78\x69\x74\0\x6d\x6f\x64\x75\x6c\x65\x5f\x73\x74\x61\x74\x65\0\x4d\
\x4f\x44\x55\x4c\x45\x5f\x53\x54\x41\x54\x45\x5f\x4c\x49\x56\x45\0\x4d\x4f\x44\
\x55\x4c\x45\x5f\x53\x54\x41\x54\x45\x5f\x43\x4f\x4d\x49\x4e\x47\0\x4d\x4f\x44\
\x55\x4c\x45\x5f\x53\x54\x41\x54\x45\x5f\x47\x4f\x49\x4e\x47\0\x4d\x4f\x44\x55\
\x4c\x45\x5f\x53\x54\x41\x54\x45\x5f\x55\x4e\x46\x4f\x52\x4d\x45\x44\0\x6d\x6f\
\x64\x75\x6c\x65\x5f\x6b\x6f\x62\x6a\x65\x63\x74\0\x6b\x6f\x62\x6a\0\x6d\x6f\
\x64\0\x64\x72\x69\x76\x65\x72\x73\x5f\x64\x69\x72\0\x6d\x70\0\x6b\x6f\x62\x6a\
\x5f\x63\x6f\x6d\x70\x6c\x65\x74\x69\x6f\x6e\0\x6b\x65\x72\x6e\x65\x6c\x5f\x73\
\x79\x6d\x62\x6f\x6c\0\x76\x61\x6c\x75\x65\x5f\x6f\x66\x66\x73\x65\x74\0\x6e\
\x61\x6d\x65\x5f\x6f\x66\x66\x73\x65\x74\0\x6e\x61\x6d\x65\x73\x70\x61\x63\x65\
\x5f\x6f\x66\x66\x73\x65\x74\0\x6d\x6f\x64\x75\x6c\x65\x5f\x6c\x61\x79\x6f\x75\
\x74\0\x74\x65\x78\x74\x5f\x73\x69\x7a\x65\0\x72\x6f\x5f\x73\x69\x7a\x65\0\x72\
\x6f\x5f\x61\x66\x74\x65\x72\x5f\x69\x6e\x69\x74\x5f\x73\x69\x7a\x65\0\x6d\x74\
\x6e\0\x6d\x6f\x64\x5f\x74\x72\x65\x65\x5f\x6e\x6f\x64\x65\0\x6c\x61\x74\x63\
\x68\x5f\x74\x72\x65\x65\x5f\x6e\x6f\x64\x65\0\x6d\x6f\x64\x5f\x61\x72\x63\x68\
\x5f\x73\x70\x65\x63\x69\x66\x69\x63\0\x63\x6f\x72\x65\0\x66\x74\x72\x61\x63\
\x65\x5f\x74\x72\x61\x6d\x70\x6f\x6c\x69\x6e\x65\x73\0\x6d\x6f\x64\x5f\x70\x6c\
\x74\x5f\x73\x65\x63\0\x70\x6c\x74\x5f\x73\x68\x6e\x64\x78\0\x70\x6c\x74\x5f\
\x6e\x75\x6d\x5f\x65\x6e\x74\x72\x69\x65\x73\0\x70\x6c\x74\x5f\x6d\x61\x78\x5f\
\x65\x6e\x74\x72\x69\x65\x73\0\x6d\x6f\x64\x5f\x6b\x61\x6c\x6c\x73\x79\x6d\x73\
\0\x73\x79\x6d\x74\x61\x62\0\x6e\x75\x6d\x5f\x73\x79\x6d\x74\x61\x62\0\x73\x74\
\x72\x74\x61\x62\0\x74\x79\x70\x65\x74\x61\x62\0\x45\x6c\x66\x36\x34\x5f\x53\
\x79\x6d\0\x74\x72\x61\x63\x65\x70\x6f\x69\x6e\x74\x5f\x70\x74\x72\x5f\x74\0\
\x73\x73\x69\x7a\x65\x5f\x74\0\x5f\x5f\x6b\x65\x72\x6e\x65\x6c\x5f\x73\x73\x69\
\x7a\x65\x5f\x74\0\x5f\x5f\x6b\x65\x72\x6e\x65\x6c\x5f\x6c\x6f\x6e\x67\x5f\x74\
\0\x6b\x69\x6f\x63\x62\0\x6b\x69\x5f\x66\x69\x6c\x70\0\x6b\x69\x5f\x70\x6f\x73\
\0\x6b\x69\x5f\x63\x6f\x6d\x70\x6c\x65\x74\x65\0\x6b\x69\x5f\x66\x6c\x61\x67\
\x73\0\x6b\x69\x5f\x68\x69\x6e\x74\0\x6b\x69\x5f\x69\x6f\x70\x72\x69\x6f\0\x6b\
\x69\x5f\x63\x6f\x6f\x6b\x69\x65\0\x6b\x69\x5f\x77\x61\x69\x74\x71\0\x69\x6f\
\x76\x5f\x69\x74\x65\x72\0\x69\x74\x65\x72\x5f\x74\x79\x70\x65\0\x6e\x6f\x66\
\x61\x75\x6c\x74\0\x64\x61\x74\x61\x5f\x73\x6f\x75\x72\x63\x65\0\x69\x6f\x76\
\x5f\x6f\x66\x66\x73\x65\x74\0\x69\x6f\x76\0\x6b\x76\x65\x63\0\x62\x76\x65\x63\
\0\x78\x61\x72\x72\x61\x79\0\x70\x69\x70\x65\0\x70\x69\x70\x65\x5f\x69\x6e\x6f\
\x64\x65\x5f\x69\x6e\x66\x6f\0\x72\x64\x5f\x77\x61\x69\x74\0\x77\x72\x5f\x77\
\x61\x69\x74\0\x6d\x61\x78\x5f\x75\x73\x61\x67\x65\0\x72\x69\x6e\x67\x5f\x73\
\x69\x7a\x65\0\x6e\x72\x5f\x61\x63\x63\x6f\x75\x6e\x74\x65\x64\0\x72\x65\x61\
\x64\x65\x72\x73\0\x77\x72\x69\x74\x65\x72\x73\0\x72\x5f\x63\x6f\x75\x6e\x74\
\x65\x72\0\x77\x5f\x63\x6f\x75\x6e\x74\x65\x72\0\x70\x6f\x6c\x6c\x5f\x75\x73\
\x61\x67\x65\0\x74\x6d\x70\x5f\x70\x61\x67\x65\0\x66\x61\x73\x79\x6e\x63\x5f\
\x72\x65\x61\x64\x65\x72\x73\0\x66\x61\x73\x79\x6e\x63\x5f\x77\x72\x69\x74\x65\
\x72\x73\0\x62\x75\x66\x73\0\x5f\x72\x65\x66\x63\x6f\x75\x6e\x74\0\x6c\x72\x75\
\0\x6d\x61\x70\x70\x69\x6e\x67\0\x70\x70\x5f\x6d\x61\x67\x69\x63\0\x70\x70\0\
\x5f\x70\x70\x5f\x6d\x61\x70\x70\x69\x6e\x67\x5f\x70\x61\x64\0\x64\x6d\x61\x5f\
\x61\x64\x64\x72\0\x64\x6d\x61\x5f\x61\x64\x64\x72\x5f\x75\x70\x70\x65\x72\0\
\x70\x70\x5f\x66\x72\x61\x67\x5f\x63\x6f\x75\x6e\x74\0\x73\x6c\x61\x62\x5f\x63\
\x61\x63\x68\x65\0\x66\x72\x65\x65\x6c\x69\x73\x74\0\x73\x6c\x61\x62\x5f\x6c\
\x69\x73\x74\0\x70\x61\x67\x65\x73\0\x70\x6f\x62\x6a\x65\x63\x74\x73\0\x73\x5f\
\x6d\x65\x6d\0\x63\x6f\x75\x6e\x74\x65\x72\x73\0\x69\x6e\x75\x73\x65\0\x6f\x62\
\x6a\x65\x63\x74\x73\0\x63\x6f\x6d\x70\x6f\x75\x6e\x64\x5f\x68\x65\x61\x64\0\
\x63\x6f\x6d\x70\x6f\x75\x6e\x64\x5f\x64\x74\x6f\x72\0\x63\x6f\x6d\x70\x6f\x75\
\x6e\x64\x5f\x6f\x72\x64\x65\x72\0\x63\x6f\x6d\x70\x6f\x75\x6e\x64\x5f\x6d\x61\
\x70\x63\x6f\x75\x6e\x74\0\x63\x6f\x6d\x70\x6f\x75\x6e\x64\x5f\x6e\x72\0\x5f\
\x63\x6f\x6d\x70\x6f\x75\x6e\x64\x5f\x70\x61\x64\x5f\x31\0\x68\x70\x61\x67\x65\
\x5f\x70\x69\x6e\x6e\x65\x64\x5f\x72\x65\x66\x63\x6f\x75\x6e\x74\0\x64\x65\x66\
\x65\x72\x72\x65\x64\x5f\x6c\x69\x73\x74\0\x5f\x70\x74\x5f\x70\x61\x64\x5f\x31\
\0\x70\x6d\x64\x5f\x68\x75\x67\x65\x5f\x70\x74\x65\0\x5f\x70\x74\x5f\x70\x61\
\x64\x5f\x32\0\x70\x74\x6c\0\x70\x67\x74\x61\x62\x6c\x65\x5f\x74\0\x70\x74\x5f\
\x6d\x6d\0\x70\x74\x5f\x66\x72\x61\x67\x5f\x72\x65\x66\x63\x6f\x75\x6e\x74\0\
\x70\x67\x6d\x61\x70\0\x7a\x6f\x6e\x65\x5f\x64\x65\x76\x69\x63\x65\x5f\x64\x61\
\x74\x61\0\x5f\x6d\x61\x70\x63\x6f\x75\x6e\x74\0\x70\x61\x67\x65\x5f\x74\x79\
\x70\x65\0\x75\x6e\x69\x74\x73\0\x66\x61\x73\x79\x6e\x63\x5f\x73\x74\x72\x75\
\x63\x74\0\x66\x61\x5f\x6c\x6f\x63\x6b\0\x66\x61\x5f\x66\x64\0\x66\x61\x5f\x6e\
\x65\x78\x74\0\x66\x61\x5f\x66\x69\x6c\x65\0\x66\x61\x5f\x72\x63\x75\0\x75\x73\
\x65\x72\x5f\x73\x74\x72\x75\x63\x74\0\x5f\x5f\x63\x6f\x75\x6e\x74\0\x65\x70\
\x6f\x6c\x6c\x5f\x77\x61\x74\x63\x68\x65\x73\0\x75\x6e\x69\x78\x5f\x69\x6e\x66\
\x6c\x69\x67\x68\x74\0\x70\x69\x70\x65\x5f\x62\x75\x66\x73\0\x75\x69\x64\x68\
\x61\x73\x68\x5f\x6e\x6f\x64\x65\0\x72\x61\x74\x65\x6c\x69\x6d\x69\x74\0\x70\
\x65\x72\x63\x70\x75\x5f\x63\x6f\x75\x6e\x74\x65\x72\0\x72\x61\x74\x65\x6c\x69\
\x6d\x69\x74\x5f\x73\x74\x61\x74\x65\0\x69\x6e\x74\x65\x72\x76\x61\x6c\0\x70\
\x72\x69\x6e\x74\x65\x64\0\x6d\x69\x73\x73\x65\x64\0\x62\x65\x67\x69\x6e\0\x6e\
\x72\x5f\x73\x65\x67\x73\0\x78\x61\x72\x72\x61\x79\x5f\x73\x74\x61\x72\x74\0\
\x73\x74\x61\x72\x74\x5f\x68\x65\x61\x64\0\x64\x69\x72\x5f\x63\x6f\x6e\x74\x65\
\x78\x74\0\x61\x63\x74\x6f\x72\0\x70\x6f\x73\0\x66\x69\x6c\x6c\x64\x69\x72\x5f\
\x74\0\x5f\x5f\x70\x6f\x6c\x6c\x5f\x74\0\x70\x6f\x6c\x6c\x5f\x74\x61\x62\x6c\
\x65\x5f\x73\x74\x72\x75\x63\x74\0\x5f\x71\x70\x72\x6f\x63\0\x5f\x6b\x65\x79\0\
\x70\x6f\x6c\x6c\x5f\x71\x75\x65\x75\x65\x5f\x70\x72\x6f\x63\0\x66\x6c\x5f\x6f\
\x77\x6e\x65\x72\x5f\x74\0\x66\x69\x6c\x65\x5f\x6c\x6f\x63\x6b\0\x66\x6c\x5f\
\x62\x6c\x6f\x63\x6b\x65\x72\0\x66\x6c\x5f\x6c\x69\x73\x74\0\x66\x6c\x5f\x6c\
\x69\x6e\x6b\0\x66\x6c\x5f\x62\x6c\x6f\x63\x6b\x65\x64\x5f\x72\x65\x71\x75\x65\
\x73\x74\x73\0\x66\x6c\x5f\x62\x6c\x6f\x63\x6b\x65\x64\x5f\x6d\x65\x6d\x62\x65\
\x72\0\x66\x6c\x5f\x6f\x77\x6e\x65\x72\0\x66\x6c\x5f\x66\x6c\x61\x67\x73\0\x66\
\x6c\x5f\x74\x79\x70\x65\0\x66\x6c\x5f\x70\x69\x64\0\x66\x6c\x5f\x6c\x69\x6e\
\x6b\x5f\x63\x70\x75\0\x66\x6c\x5f\x77\x61\x69\x74\0\x66\x6c\x5f\x66\x69\x6c\
\x65\0\x66\x6c\x5f\x73\x74\x61\x72\x74\0\x66\x6c\x5f\x65\x6e\x64\0\x66\x6c\x5f\
\x66\x61\x73\x79\x6e\x63\0\x66\x6c\x5f\x62\x72\x65\x61\x6b\x5f\x74\x69\x6d\x65\
\0\x66\x6c\x5f\x64\x6f\x77\x6e\x67\x72\x61\x64\x65\x5f\x74\x69\x6d\x65\0\x66\
\x6c\x5f\x6f\x70\x73\0\x66\x6c\x5f\x6c\x6d\x6f\x70\x73\0\x66\x6c\x5f\x75\0\x6e\
\x66\x73\x5f\x66\x6c\0\x6e\x66\x73\x34\x5f\x66\x6c\0\x61\x66\x73\0\x6e\x66\x73\
\x5f\x6c\x6f\x63\x6b\x5f\x69\x6e\x66\x6f\0\x6e\x6c\x6d\x5f\x6c\x6f\x63\x6b\x6f\
\x77\x6e\x65\x72\0\x6e\x66\x73\x34\x5f\x6c\x6f\x63\x6b\x5f\x69\x6e\x66\x6f\0\
\x6e\x66\x73\x34\x5f\x6c\x6f\x63\x6b\x5f\x73\x74\x61\x74\x65\0\x64\x65\x62\x75\
\x67\x5f\x69\x64\0\x69\x5f\x70\x69\x70\x65\0\x69\x5f\x63\x64\x65\x76\0\x69\x5f\
\x6c\x69\x6e\x6b\0\x69\x5f\x64\x69\x72\x5f\x73\x65\x71\0\x78\x61\x5f\x6c\x6f\
\x63\x6b\0\x78\x61\x5f\x66\x6c\x61\x67\x73\0\x78\x61\x5f\x68\x65\x61\x64\0\x67\
\x66\x70\x5f\x74\0\x6b\x6d\x65\x6d\x5f\x63\x61\x63\x68\x65\0\x63\x70\x75\x5f\
\x73\x6c\x61\x62\0\x6d\x69\x6e\x5f\x70\x61\x72\x74\x69\x61\x6c\0\x6f\x62\x6a\
\x65\x63\x74\x5f\x73\x69\x7a\x65\0\x72\x65\x63\x69\x70\x72\x6f\x63\x61\x6c\x5f\
\x73\x69\x7a\x65\0\x63\x70\x75\x5f\x70\x61\x72\x74\x69\x61\x6c\0\x6f\x6f\0\x6d\
\x61\x78\0\x6d\x69\x6e\0\x61\x6c\x6c\x6f\x63\x66\x6c\x61\x67\x73\0\x63\x74\x6f\
\x72\0\x61\x6c\x69\x67\x6e\0\x72\x65\x64\x5f\x6c\x65\x66\x74\x5f\x70\x61\x64\0\
\x72\x61\x6e\x64\x6f\x6d\0\x72\x61\x6e\x64\x6f\x6d\x5f\x73\x65\x71\0\x75\x73\
\x65\x72\x6f\x66\x66\x73\x65\x74\0\x75\x73\x65\x72\x73\x69\x7a\x65\0\x73\x6c\
\x61\x62\x5f\x66\x6c\x61\x67\x73\x5f\x74\0\x72\x65\x63\x69\x70\x72\x6f\x63\x61\
\x6c\x5f\x76\x61\x6c\x75\x65\0\x6d\0\x73\x68\x31\0\x73\x68\x32\0\x6b\x6d\x65\
\x6d\x5f\x63\x61\x63\x68\x65\x5f\x6f\x72\x64\x65\x72\x5f\x6f\x62\x6a\x65\x63\
\x74\x73\0\x6b\x6d\x65\x6d\x5f\x63\x61\x63\x68\x65\x5f\x6e\x6f\x64\x65\0\x6c\
\x69\x73\x74\x5f\x6c\x6f\x63\x6b\0\x6e\x72\x5f\x70\x61\x72\x74\x69\x61\x6c\0\
\x70\x61\x72\x74\x69\x61\x6c\0\x6e\x72\x5f\x73\x6c\x61\x62\x73\0\x74\x6f\x74\
\x61\x6c\x5f\x6f\x62\x6a\x65\x63\x74\x73\0\x66\x75\x6c\x6c\0\x70\x65\x72\x66\
\x5f\x6f\x75\x74\x70\x75\x74\x5f\x68\x61\x6e\x64\x6c\x65\0\x65\x76\x65\x6e\x74\
\0\x77\x61\x6b\x65\x75\x70\0\x61\x75\x78\x5f\x66\x6c\x61\x67\x73\0\x61\x64\x64\
\x72\0\x70\x65\x72\x66\x5f\x65\x76\x65\x6e\x74\x5f\x73\x74\x61\x74\x65\0\x50\
\x45\x52\x46\x5f\x45\x56\x45\x4e\x54\x5f\x53\x54\x41\x54\x45\x5f\x44\x45\x41\
\x44\0\x50\x45\x52\x46\x5f\x45\x56\x45\x4e\x54\x5f\x53\x54\x41\x54\x45\x5f\x45\
\x58\x49\x54\0\x50\x45\x52\x46\x5f\x45\x56\x45\x4e\x54\x5f\x53\x54\x41\x54\x45\
\x5f\x45\x52\x52\x4f\x52\0\x50\x45\x52\x46\x5f\x45\x56\x45\x4e\x54\x5f\x53\x54\
\x41\x54\x45\x5f\x4f\x46\x46\0\x50\x45\x52\x46\x5f\x45\x56\x45\x4e\x54\x5f\x53\
\x54\x41\x54\x45\x5f\x49\x4e\x41\x43\x54\x49\x56\x45\0\x50\x45\x52\x46\x5f\x45\
\x56\x45\x4e\x54\x5f\x53\x54\x41\x54\x45\x5f\x41\x43\x54\x49\x56\x45\0\x6c\x6f\
\x63\x61\x6c\x36\x34\x5f\x74\0\x70\x65\x72\x66\x5f\x65\x76\x65\x6e\x74\x5f\x61\
\x74\x74\x72\0\x63\x6f\x6e\x66\x69\x67\0\x73\x61\x6d\x70\x6c\x65\x5f\x74\x79\
\x70\x65\0\x72\x65\x61\x64\x5f\x66\x6f\x72\x6d\x61\x74\0\x64\x69\x73\x61\x62\
\x6c\x65\x64\0\x69\x6e\x68\x65\x72\x69\x74\0\x65\x78\x63\x6c\x75\x73\x69\x76\
\x65\0\x65\x78\x63\x6c\x75\x64\x65\x5f\x75\x73\x65\x72\0\x65\x78\x63\x6c\x75\
\x64\x65\x5f\x6b\x65\x72\x6e\x65\x6c\0\x65\x78\x63\x6c\x75\x64\x65\x5f\x68\x76\
\0\x65\x78\x63\x6c\x75\x64\x65\x5f\x69\x64\x6c\x65\0\x66\x72\x65\x71\0\x69\x6e\
\x68\x65\x72\x69\x74\x5f\x73\x74\x61\x74\0\x65\x6e\x61\x62\x6c\x65\x5f\x6f\x6e\
\x5f\x65\x78\x65\x63\0\x77\x61\x74\x65\x72\x6d\x61\x72\x6b\0\x70\x72\x65\x63\
\x69\x73\x65\x5f\x69\x70\0\x6d\x6d\x61\x70\x5f\x64\x61\x74\x61\0\x73\x61\x6d\
\x70\x6c\x65\x5f\x69\x64\x5f\x61\x6c\x6c\0\x65\x78\x63\x6c\x75\x64\x65\x5f\x68\
\x6f\x73\x74\0\x65\x78\x63\x6c\x75\x64\x65\x5f\x67\x75\x65\x73\x74\0\x65\x78\
\x63\x6c\x75\x64\x65\x5f\x63\x61\x6c\x6c\x63\x68\x61\x69\x6e\x5f\x6b\x65\x72\
\x6e\x65\x6c\0\x65\x78\x63\x6c\x75\x64\x65\x5f\x63\x61\x6c\x6c\x63\x68\x61\x69\
\x6e\x5f\x75\x73\x65\x72\0\x6d\x6d\x61\x70\x32\0\x63\x6f\x6d\x6d\x5f\x65\x78\
\x65\x63\0\x75\x73\x65\x5f\x63\x6c\x6f\x63\x6b\x69\x64\0\x63\x6f\x6e\x74\x65\
\x78\x74\x5f\x73\x77\x69\x74\x63\x68\0\x77\x72\x69\x74\x65\x5f\x62\x61\x63\x6b\
\x77\x61\x72\x64\0\x6e\x61\x6d\x65\x73\x70\x61\x63\x65\x73\0\x6b\x73\x79\x6d\
\x62\x6f\x6c\0\x62\x70\x66\x5f\x65\x76\x65\x6e\x74\0\x61\x75\x78\x5f\x6f\x75\
\x74\x70\x75\x74\0\x74\x65\x78\x74\x5f\x70\x6f\x6b\x65\0\x69\x6e\x68\x65\x72\
\x69\x74\x5f\x74\x68\x72\x65\x61\x64\0\x72\x65\x6d\x6f\x76\x65\x5f\x6f\x6e\x5f\
\x65\x78\x65\x63\0\x73\x69\x67\x74\x72\x61\x70\0\x5f\x5f\x72\x65\x73\x65\x72\
\x76\x65\x64\x5f\x31\0\x62\x70\x5f\x74\x79\x70\x65\0\x62\x72\x61\x6e\x63\x68\
\x5f\x73\x61\x6d\x70\x6c\x65\x5f\x74\x79\x70\x65\0\x73\x61\x6d\x70\x6c\x65\x5f\
\x72\x65\x67\x73\x5f\x75\x73\x65\x72\0\x73\x61\x6d\x70\x6c\x65\x5f\x73\x74\x61\
\x63\x6b\x5f\x75\x73\x65\x72\0\x73\x61\x6d\x70\x6c\x65\x5f\x72\x65\x67\x73\x5f\
\x69\x6e\x74\x72\0\x61\x75\x78\x5f\x77\x61\x74\x65\x72\x6d\x61\x72\x6b\0\x73\
\x61\x6d\x70\x6c\x65\x5f\x6d\x61\x78\x5f\x73\x74\x61\x63\x6b\0\x5f\x5f\x72\x65\
\x73\x65\x72\x76\x65\x64\x5f\x32\0\x61\x75\x78\x5f\x73\x61\x6d\x70\x6c\x65\x5f\
\x73\x69\x7a\x65\0\x5f\x5f\x72\x65\x73\x65\x72\x76\x65\x64\x5f\x33\0\x73\x69\
\x67\x5f\x64\x61\x74\x61\0\x73\x61\x6d\x70\x6c\x65\x5f\x70\x65\x72\x69\x6f\x64\
\0\x73\x61\x6d\x70\x6c\x65\x5f\x66\x72\x65\x71\0\x77\x61\x6b\x65\x75\x70\x5f\
\x65\x76\x65\x6e\x74\x73\0\x77\x61\x6b\x65\x75\x70\x5f\x77\x61\x74\x65\x72\x6d\
\x61\x72\x6b\0\x62\x70\x5f\x61\x64\x64\x72\0\x6b\x70\x72\x6f\x62\x65\x5f\x66\
\x75\x6e\x63\0\x75\x70\x72\x6f\x62\x65\x5f\x70\x61\x74\x68\0\x63\x6f\x6e\x66\
\x69\x67\x31\0\x62\x70\x5f\x6c\x65\x6e\0\x6b\x70\x72\x6f\x62\x65\x5f\x61\x64\
\x64\x72\0\x70\x72\x6f\x62\x65\x5f\x6f\x66\x66\x73\x65\x74\0\x63\x6f\x6e\x66\
\x69\x67\x32\0\x68\x77\x5f\x70\x65\x72\x66\x5f\x65\x76\x65\x6e\x74\0\x74\x61\
\x72\x67\x65\x74\0\x70\x72\x65\x76\x5f\x63\x6f\x75\x6e\x74\0\x69\x6e\x74\x65\
\x72\x72\x75\x70\x74\x73\x5f\x73\x65\x71\0\x69\x6e\x74\x65\x72\x72\x75\x70\x74\
\x73\0\x66\x72\x65\x71\x5f\x74\x69\x6d\x65\x5f\x73\x74\x61\x6d\x70\0\x66\x72\
\x65\x71\x5f\x63\x6f\x75\x6e\x74\x5f\x73\x74\x61\x6d\x70\0\x6c\x61\x73\x74\x5f\
\x74\x61\x67\0\x63\x6f\x6e\x66\x69\x67\x5f\x62\x61\x73\x65\0\x65\x76\x65\x6e\
\x74\x5f\x62\x61\x73\x65\0\x65\x76\x65\x6e\x74\x5f\x62\x61\x73\x65\x5f\x72\x64\
\x70\x6d\x63\0\x69\x64\x78\0\x6c\x61\x73\x74\x5f\x63\x70\x75\0\x65\x78\x74\x72\
\x61\x5f\x72\x65\x67\0\x62\x72\x61\x6e\x63\x68\x5f\x72\x65\x67\0\x68\x77\x5f\
\x70\x65\x72\x66\x5f\x65\x76\x65\x6e\x74\x5f\x65\x78\x74\x72\x61\0\x72\x65\x67\
\0\x61\x6c\x6c\x6f\x63\0\x74\x70\x5f\x6c\x69\x73\x74\0\x70\x77\x72\x5f\x61\x63\
\x63\0\x70\x74\x73\x63\0\x62\x70\x5f\x6c\x69\x73\x74\0\x61\x72\x63\x68\x5f\x68\
\x77\x5f\x62\x72\x65\x61\x6b\x70\x6f\x69\x6e\x74\0\x61\x64\x64\x72\x65\x73\x73\
\0\x74\x72\x69\x67\x67\x65\x72\0\x63\x74\x72\x6c\0\x61\x72\x63\x68\x5f\x68\x77\
\x5f\x62\x72\x65\x61\x6b\x70\x6f\x69\x6e\x74\x5f\x63\x74\x72\x6c\0\x6c\x65\x6e\
\0\x70\x72\x69\x76\x69\x6c\x65\x67\x65\0\x65\x6e\x61\x62\x6c\x65\x64\0\x69\x6f\
\x6d\x6d\x75\x5f\x62\x61\x6e\x6b\0\x69\x6f\x6d\x6d\x75\x5f\x63\x6e\x74\x72\0\
\x70\x61\x64\x64\x69\x6e\x67\0\x63\x6f\x6e\x66\0\x63\x6f\x6e\x66\x31\0\x6c\x61\
\x73\x74\x5f\x70\x65\x72\x69\x6f\x64\0\x70\x65\x72\x69\x6f\x64\x5f\x6c\x65\x66\
\x74\0\x73\x61\x76\x65\x64\x5f\x6d\x65\x74\x72\x69\x63\0\x73\x61\x76\x65\x64\
\x5f\x73\x6c\x6f\x74\x73\0\x70\x65\x72\x66\x5f\x62\x75\x66\x66\x65\x72\0\x6e\
\x72\x5f\x70\x61\x67\x65\x73\0\x6f\x76\x65\x72\x77\x72\x69\x74\x65\0\x70\x61\
\x75\x73\x65\x64\0\x6e\x65\x73\x74\0\x6c\x6f\x73\x74\0\x65\x76\x65\x6e\x74\x5f\
\x6c\x6f\x63\x6b\0\x6d\x6d\x61\x70\x5f\x6c\x6f\x63\x6b\x65\x64\0\x6d\x6d\x61\
\x70\x5f\x75\x73\x65\x72\0\x61\x75\x78\x5f\x68\x65\x61\x64\0\x61\x75\x78\x5f\
\x6e\x65\x73\x74\0\x61\x75\x78\x5f\x77\x61\x6b\x65\x75\x70\0\x61\x75\x78\x5f\
\x70\x67\x6f\x66\x66\0\x61\x75\x78\x5f\x6e\x72\x5f\x70\x61\x67\x65\x73\0\x61\
\x75\x78\x5f\x6f\x76\x65\x72\x77\x72\x69\x74\x65\0\x61\x75\x78\x5f\x6d\x6d\x61\
\x70\x5f\x63\x6f\x75\x6e\x74\0\x61\x75\x78\x5f\x6d\x6d\x61\x70\x5f\x6c\x6f\x63\
\x6b\x65\x64\0\x61\x75\x78\x5f\x72\x65\x66\x63\x6f\x75\x6e\x74\0\x61\x75\x78\
\x5f\x69\x6e\x5f\x73\x61\x6d\x70\x6c\x69\x6e\x67\0\x61\x75\x78\x5f\x70\x61\x67\
\x65\x73\0\x61\x75\x78\x5f\x70\x72\x69\x76\0\x75\x73\x65\x72\x5f\x70\x61\x67\
\x65\0\x64\x61\x74\x61\x5f\x70\x61\x67\x65\x73\0\x69\x72\x71\x5f\x77\x6f\x72\
\x6b\0\x70\x65\x72\x66\x5f\x61\x64\x64\x72\x5f\x66\x69\x6c\x74\x65\x72\x73\x5f\
\x68\x65\x61\x64\0\x6e\x72\x5f\x66\x69\x6c\x65\x5f\x66\x69\x6c\x74\x65\x72\x73\
\0\x70\x69\x64\x5f\x6e\x61\x6d\x65\x73\x70\x61\x63\x65\0\x69\x64\x72\0\x70\x69\
\x64\x5f\x61\x6c\x6c\x6f\x63\x61\x74\x65\x64\0\x63\x68\x69\x6c\x64\x5f\x72\x65\
\x61\x70\x65\x72\0\x70\x69\x64\x5f\x63\x61\x63\x68\x65\x70\0\x72\x65\x62\x6f\
\x6f\x74\0\x6d\x65\x6d\x66\x64\x5f\x6e\x6f\x65\x78\x65\x63\x5f\x73\x63\x6f\x70\
\x65\0\x69\x64\x72\x5f\x72\x74\0\x69\x64\x72\x5f\x62\x61\x73\x65\0\x69\x64\x72\
\x5f\x6e\x65\x78\x74\0\x70\x65\x72\x66\x5f\x6f\x76\x65\x72\x66\x6c\x6f\x77\x5f\
\x68\x61\x6e\x64\x6c\x65\x72\x5f\x74\0\x70\x65\x72\x66\x5f\x73\x61\x6d\x70\x6c\
\x65\x5f\x64\x61\x74\x61\0\x72\x61\x77\0\x62\x72\x5f\x73\x74\x61\x63\x6b\0\x74\
\x78\x6e\0\x64\x61\x74\x61\x5f\x73\x72\x63\0\x69\x70\0\x74\x69\x64\x5f\x65\x6e\
\x74\x72\x79\0\x73\x74\x72\x65\x61\x6d\x5f\x69\x64\0\x63\x70\x75\x5f\x65\x6e\
\x74\x72\x79\0\x63\x61\x6c\x6c\x63\x68\x61\x69\x6e\0\x61\x75\x78\x5f\x73\x69\
\x7a\x65\0\x72\x65\x67\x73\x5f\x75\x73\x65\x72\0\x72\x65\x67\x73\x5f\x69\x6e\
\x74\x72\0\x73\x74\x61\x63\x6b\x5f\x75\x73\x65\x72\x5f\x73\x69\x7a\x65\0\x70\
\x68\x79\x73\x5f\x61\x64\x64\x72\0\x64\x61\x74\x61\x5f\x70\x61\x67\x65\x5f\x73\
\x69\x7a\x65\0\x63\x6f\x64\x65\x5f\x70\x61\x67\x65\x5f\x73\x69\x7a\x65\0\x70\
\x65\x72\x66\x5f\x73\x61\x6d\x70\x6c\x65\x5f\x77\x65\x69\x67\x68\x74\0\x76\x61\
\x72\x31\x5f\x64\x77\0\x76\x61\x72\x32\x5f\x77\0\x76\x61\x72\x33\x5f\x77\0\x70\
\x65\x72\x66\x5f\x6d\x65\x6d\x5f\x64\x61\x74\x61\x5f\x73\x72\x63\0\x6d\x65\x6d\
\x5f\x6f\x70\0\x6d\x65\x6d\x5f\x6c\x76\x6c\0\x6d\x65\x6d\x5f\x73\x6e\x6f\x6f\
\x70\0\x6d\x65\x6d\x5f\x6c\x6f\x63\x6b\0\x6d\x65\x6d\x5f\x64\x74\x6c\x62\0\x6d\
\x65\x6d\x5f\x6c\x76\x6c\x5f\x6e\x75\x6d\0\x6d\x65\x6d\x5f\x72\x65\x6d\x6f\x74\
\x65\0\x6d\x65\x6d\x5f\x73\x6e\x6f\x6f\x70\x78\0\x6d\x65\x6d\x5f\x62\x6c\x6b\0\
\x6d\x65\x6d\x5f\x72\x73\x76\x64\0\x74\x69\x64\0\x72\x65\x73\x65\x72\x76\x65\
\x64\0\x70\x65\x72\x66\x5f\x72\x65\x67\x73\0\x61\x62\x69\0\x72\x65\x67\x73\0\
\x70\x74\x5f\x72\x65\x67\x73\0\x6f\x72\x69\x67\x5f\x78\x30\0\x73\x79\x73\x63\
\x61\x6c\x6c\x6e\x6f\0\x75\x6e\x75\x73\x65\x64\x32\0\x73\x64\x65\x69\x5f\x74\
\x74\x62\x72\x31\0\x70\x6d\x72\x5f\x73\x61\x76\x65\0\x73\x74\x61\x63\x6b\x66\
\x72\x61\x6d\x65\0\x6c\x6f\x63\x6b\x64\x65\x70\x5f\x68\x61\x72\x64\x69\x72\x71\
\x73\0\x65\x78\x69\x74\x5f\x72\x63\x75\0\x75\x73\x65\x72\x5f\x72\x65\x67\x73\0\
\x75\x73\x65\x72\x5f\x70\x74\x5f\x72\x65\x67\x73\0\x70\x73\x74\x61\x74\x65\0\
\x74\x72\x61\x63\x65\x5f\x65\x76\x65\x6e\x74\x5f\x63\x61\x6c\x6c\0\x63\x6c\x61\
\x73\x73\0\x70\x72\x69\x6e\x74\x5f\x66\x6d\x74\0\x70\x65\x72\x66\x5f\x72\x65\
\x66\x63\x6f\x75\x6e\x74\0\x70\x65\x72\x66\x5f\x65\x76\x65\x6e\x74\x73\0\x70\
\x72\x6f\x67\x5f\x61\x72\x72\x61\x79\0\x70\x65\x72\x66\x5f\x70\x65\x72\x6d\0\
\x74\x70\0\x74\x72\x61\x63\x65\x5f\x65\x76\x65\x6e\x74\0\x66\x75\x6e\x63\x73\0\
\x65\x76\x65\x6e\x74\x5f\x66\x69\x6c\x74\x65\x72\0\x66\x69\x6c\x74\x65\x72\x5f\
\x73\x74\x72\x69\x6e\x67\0\x73\x61\x76\x65\x64\x5f\x66\x75\x6e\x63\0\x6c\x6f\
\x63\x61\x6c\x5f\x68\x61\x73\x68\0\x66\x75\x6e\x63\x5f\x68\x61\x73\x68\0\x6f\
\x6c\x64\x5f\x68\x61\x73\x68\0\x74\x72\x61\x6d\x70\x6f\x6c\x69\x6e\x65\0\x74\
\x72\x61\x6d\x70\x6f\x6c\x69\x6e\x65\x5f\x73\x69\x7a\x65\0\x66\x74\x72\x61\x63\
\x65\x5f\x66\x75\x6e\x63\x5f\x74\0\x66\x74\x72\x61\x63\x65\x5f\x72\x65\x67\x73\
\0\x66\x74\x72\x61\x63\x65\x5f\x6f\x70\x73\x5f\x68\x61\x73\x68\0\x6e\x6f\x74\
\x72\x61\x63\x65\x5f\x68\x61\x73\x68\0\x66\x69\x6c\x74\x65\x72\x5f\x68\x61\x73\
\x68\0\x72\x65\x67\x65\x78\x5f\x6c\x6f\x63\x6b\0\x66\x74\x72\x61\x63\x65\x5f\
\x68\x61\x73\x68\0\x73\x69\x7a\x65\x5f\x62\x69\x74\x73\0\x62\x75\x63\x6b\x65\
\x74\x73\0\x70\x74\x72\x61\x75\x74\x68\x5f\x6b\x65\x79\x73\x5f\x75\x73\x65\x72\
\0\x61\x70\x69\x61\0\x61\x70\x69\x62\0\x61\x70\x64\x61\0\x61\x70\x64\x62\0\x61\
\x70\x67\x61\0\x70\x74\x72\x61\x75\x74\x68\x5f\x6b\x65\x79\0\x6c\x6f\0\x68\x69\
\0\x70\x74\x72\x61\x75\x74\x68\x5f\x6b\x65\x79\x73\x5f\x6b\x65\x72\x6e\x65\x6c\
\0\x30\x3a\x34\0\x2f\x62\x75\x69\x6c\x64\x2f\x61\x72\x6d\x36\x34\x2d\x67\x65\
\x6e\x65\x72\x69\x63\x2f\x76\x61\x72\x2f\x63\x61\x63\x68\x65\x2f\x70\x6f\x72\
\x74\x61\x67\x65\x2f\x63\x68\x72\x6f\x6d\x65\x6f\x73\x2d\x62\x61\x73\x65\x2f\
\x73\x65\x63\x61\x67\x65\x6e\x74\x64\x2f\x6f\x75\x74\x2f\x44\x65\x66\x61\x75\
\x6c\x74\x2f\x2e\x2e\x2f\x2e\x2e\x2f\x2e\x2e\x2f\x2e\x2e\x2f\x2e\x2e\x2f\x2e\
\x2e\x2f\x2e\x2e\x2f\x74\x6d\x70\x2f\x70\x6f\x72\x74\x61\x67\x65\x2f\x63\x68\
\x72\x6f\x6d\x65\x6f\x73\x2d\x62\x61\x73\x65\x2f\x73\x65\x63\x61\x67\x65\x6e\
\x74\x64\x2d\x39\x39\x39\x39\x2f\x77\x6f\x72\x6b\x2f\x73\x65\x63\x61\x67\x65\
\x6e\x74\x64\x2d\x39\x39\x39\x39\x2f\x70\x6c\x61\x74\x66\x6f\x72\x6d\x32\x2f\
\x73\x65\x63\x61\x67\x65\x6e\x74\x64\x2f\x62\x70\x66\x2f\x70\x72\x6f\x63\x65\
\x73\x73\x5f\x62\x70\x66\x2e\x63\0\x69\x6e\x74\x20\x42\x50\x46\x5f\x50\x52\x4f\
\x47\x28\x68\x61\x6e\x64\x6c\x65\x5f\x73\x63\x68\x65\x64\x5f\x70\x72\x6f\x63\
\x65\x73\x73\x5f\x65\x78\x65\x63\x2c\0\x2f\x62\x75\x69\x6c\x64\x2f\x61\x72\x6d\
\x36\x34\x2d\x67\x65\x6e\x65\x72\x69\x63\x2f\x74\x6d\x70\x2f\x70\x6f\x72\x74\
\x61\x67\x65\x2f\x63\x68\x72\x6f\x6d\x65\x6f\x73\x2d\x62\x61\x73\x65\x2f\x73\
\x65\x63\x61\x67\x65\x6e\x74\x64\x2d\x39\x39\x39\x39\x2f\x77\x6f\x72\x6b\x2f\
\x73\x65\x63\x61\x67\x65\x6e\x74\x64\x2d\x39\x39\x39\x39\x2f\x70\x6c\x61\x74\
\x66\x6f\x72\x6d\x32\x2f\x73\x65\x63\x61\x67\x65\x6e\x74\x64\x2f\x62\x70\x66\
\x2f\x62\x70\x66\x5f\x75\x74\x69\x6c\x73\x2e\x68\0\x20\x20\x72\x65\x74\x75\x72\
\x6e\x20\x28\x42\x50\x46\x5f\x43\x4f\x52\x45\x5f\x52\x45\x41\x44\x28\x74\x2c\
\x20\x66\x6c\x61\x67\x73\x29\x20\x26\x20\x30\x78\x30\x30\x32\x30\x30\x30\x30\
\x30\x29\x3b\0\x20\x20\x69\x66\x20\x28\x69\x73\x5f\x6b\x74\x68\x72\x65\x61\x64\
\x28\x63\x75\x72\x72\x65\x6e\x74\x29\x29\x20\x7b\0\x20\x20\x20\x20\x20\x20\x28\
\x73\x74\x72\x75\x63\x74\x20\x63\x72\x6f\x73\x5f\x65\x76\x65\x6e\x74\x2a\x29\
\x28\x62\x70\x66\x5f\x72\x69\x6e\x67\x62\x75\x66\x5f\x72\x65\x73\x65\x72\x76\
\x65\x28\x26\x72\x62\x2c\x20\x73\x69\x7a\x65\x6f\x66\x28\x2a\x65\x76\x65\x6e\
\x74\x29\x2c\x20\x30\x29\x29\x3b\0\x20\x20\x69\x66\x20\x28\x65\x76\x65\x6e\x74\
\x20\x3d\x3d\x20\x4e\x55\x4c\x4c\x29\x20\x7b\0\x20\x20\x65\x76\x65\x6e\x74\x2d\
\x3e\x64\x61\x74\x61\x2e\x70\x72\x6f\x63\x65\x73\x73\x5f\x65\x76\x65\x6e\x74\
\x2e\x74\x79\x70\x65\x20\x3d\x20\x6b\x50\x72\x6f\x63\x65\x73\x73\x53\x74\x61\
\x72\x74\x45\x76\x65\x6e\x74\x3b\0\x20\x20\x65\x76\x65\x6e\x74\x2d\x3e\x74\x79\
\x70\x65\x20\x3d\x20\x6b\x50\x72\x6f\x63\x65\x73\x73\x45\x76\x65\x6e\x74\x3b\0\
\x30\x3a\x38\x32\0\x20\x20\x20\x20\x20\x20\x63\x72\x6f\x73\x5f\x6e\x6f\x72\x6d\
\x61\x6c\x69\x7a\x65\x5f\x74\x6f\x5f\x6c\x61\x73\x74\x5f\x65\x78\x65\x63\x28\
\x42\x50\x46\x5f\x43\x4f\x52\x45\x5f\x52\x45\x41\x44\x28\x74\x2c\x20\x72\x65\
\x61\x6c\x5f\x70\x61\x72\x65\x6e\x74\x2c\x20\x67\x72\x6f\x75\x70\x5f\x6c\x65\
\x61\x64\x65\x72\x29\x29\x3b\0\x30\x3a\x38\x36\0\x20\x20\x66\x6f\x72\x20\x28\
\x69\x6e\x74\x20\x69\x20\x3d\x20\x30\x3b\x20\x69\x20\x3c\x20\x36\x34\x3b\x20\
\x2b\x2b\x69\x29\x20\x7b\0\x20\x20\x20\x20\x73\x74\x72\x75\x63\x74\x20\x74\x61\
\x73\x6b\x5f\x73\x74\x72\x75\x63\x74\x2a\x20\x70\x61\x72\x65\x6e\x74\x20\x3d\
\x20\x42\x50\x46\x5f\x43\x4f\x52\x45\x5f\x52\x45\x41\x44\x28\x72\x65\x74\x2c\
\x20\x72\x65\x61\x6c\x5f\x70\x61\x72\x65\x6e\x74\x2c\x20\x67\x72\x6f\x75\x70\
\x5f\x6c\x65\x61\x64\x65\x72\x29\x3b\0\x20\x20\x20\x20\x69\x66\x20\x28\x28\x21\
\x70\x61\x72\x65\x6e\x74\x29\x20\x7c\x7c\x20\x28\x42\x50\x46\x5f\x43\x4f\x52\
\x45\x5f\x52\x45\x41\x44\x28\x72\x65\x74\x2c\x20\x73\x65\x6c\x66\x5f\x65\x78\
\x65\x63\x5f\x69\x64\x29\x20\x21\x3d\0\x30\x3a\x31\x33\x37\0\x20\x20\x20\x20\
\x20\x20\x20\x20\x20\x20\x20\x20\x20\x20\x20\x20\x20\x20\x20\x20\x20\x20\x42\
\x50\x46\x5f\x43\x4f\x52\x45\x5f\x52\x45\x41\x44\x28\x70\x61\x72\x65\x6e\x74\
\x2c\x20\x73\x65\x6c\x66\x5f\x65\x78\x65\x63\x5f\x69\x64\x29\x29\x29\x20\x7b\0\
\x30\x3a\x38\x30\0\x20\x20\x74\x61\x73\x6b\x5f\x69\x6e\x66\x6f\x2d\x3e\x70\x70\
\x69\x64\x20\x3d\x20\x42\x50\x46\x5f\x43\x4f\x52\x45\x5f\x52\x45\x41\x44\x28\
\x70\x61\x72\x65\x6e\x74\x2c\x20\x74\x67\x69\x64\x29\x3b\0\x30\x3a\x31\x30\x34\
\0\x20\x20\x74\x61\x73\x6b\x5f\x69\x6e\x66\x6f\x2d\x3e\x70\x61\x72\x65\x6e\x74\
\x5f\x73\x74\x61\x72\x74\x5f\x74\x69\x6d\x65\x20\x3d\x20\x42\x50\x46\x5f\x43\
\x4f\x52\x45\x5f\x52\x45\x41\x44\x28\x70\x61\x72\x65\x6e\x74\x2c\x20\x73\x74\
\x61\x72\x74\x5f\x62\x6f\x6f\x74\x74\x69\x6d\x65\x29\x3b\0\x20\x20\x74\x61\x73\
\x6b\x5f\x69\x6e\x66\x6f\x2d\x3e\x73\x74\x61\x72\x74\x5f\x74\x69\x6d\x65\x20\
\x3d\x20\x42\x50\x46\x5f\x43\x4f\x52\x45\x5f\x52\x45\x41\x44\x28\x74\x2c\x20\
\x67\x72\x6f\x75\x70\x5f\x6c\x65\x61\x64\x65\x72\x2c\x20\x73\x74\x61\x72\x74\
\x5f\x62\x6f\x6f\x74\x74\x69\x6d\x65\x29\x3b\0\x20\x20\x74\x61\x73\x6b\x5f\x69\
\x6e\x66\x6f\x2d\x3e\x70\x69\x64\x20\x3d\x20\x42\x50\x46\x5f\x43\x4f\x52\x45\
\x5f\x52\x45\x41\x44\x28\x74\x2c\x20\x74\x67\x69\x64\x29\x3b\0\x30\x3a\x31\x30\
\x39\0\x20\x20\x74\x61\x73\x6b\x5f\x69\x6e\x66\x6f\x2d\x3e\x75\x69\x64\x20\x3d\
\x20\x42\x50\x46\x5f\x43\x4f\x52\x45\x5f\x52\x45\x41\x44\x28\x74\x2c\x20\x72\
\x65\x61\x6c\x5f\x63\x72\x65\x64\x2c\x20\x75\x69\x64\x2e\x76\x61\x6c\x29\x3b\0\
\x30\x3a\x34\x3a\x30\0\x20\x20\x74\x61\x73\x6b\x5f\x69\x6e\x66\x6f\x2d\x3e\x67\
\x69\x64\x20\x3d\x20\x42\x50\x46\x5f\x43\x4f\x52\x45\x5f\x52\x45\x41\x44\x28\
\x74\x2c\x20\x72\x65\x61\x6c\x5f\x63\x72\x65\x64\x2c\x20\x67\x69\x64\x2e\x76\
\x61\x6c\x29\x3b\0\x30\x3a\x35\x3a\x30\0\x30\x3a\x35\x34\0\x20\x20\x63\x6f\x6e\
\x73\x74\x20\x75\x69\x6e\x74\x70\x74\x72\x5f\x74\x20\x61\x72\x67\x5f\x73\x74\
\x61\x72\x74\x20\x3d\x20\x28\x75\x69\x6e\x74\x70\x74\x72\x5f\x74\x29\x42\x50\
\x46\x5f\x43\x4f\x52\x45\x5f\x52\x45\x41\x44\x28\x74\x2c\x20\x6d\x6d\x2c\x20\
\x61\x72\x67\x5f\x73\x74\x61\x72\x74\x29\x3b\0\x30\x3a\x30\x3a\x33\x35\0\x20\
\x20\x63\x6f\x6e\x73\x74\x20\x75\x69\x6e\x74\x70\x74\x72\x5f\x74\x20\x61\x72\
\x67\x5f\x65\x6e\x64\x20\x3d\x20\x28\x75\x69\x6e\x74\x70\x74\x72\x5f\x74\x29\
\x42\x50\x46\x5f\x43\x4f\x52\x45\x5f\x52\x45\x41\x44\x28\x74\x2c\x20\x6d\x6d\
\x2c\x20\x61\x72\x67\x5f\x65\x6e\x64\x29\x3b\0\x30\x3a\x30\x3a\x33\x36\0\x20\
\x20\x69\x66\x20\x28\x28\x61\x72\x67\x5f\x65\x6e\x64\x20\x2d\x20\x61\x72\x67\
\x5f\x73\x74\x61\x72\x74\x29\x20\x3e\x20\x73\x69\x7a\x65\x6f\x66\x28\x74\x61\
\x73\x6b\x5f\x69\x6e\x66\x6f\x2d\x3e\x63\x6f\x6d\x6d\x61\x6e\x64\x6c\x69\x6e\
\x65\x29\x29\x20\x7b\0\x20\x20\x62\x70\x66\x5f\x70\x72\x6f\x62\x65\x5f\x72\x65\
\x61\x64\x5f\x75\x73\x65\x72\x28\x74\x61\x73\x6b\x5f\x69\x6e\x66\x6f\x2d\x3e\
\x63\x6f\x6d\x6d\x61\x6e\x64\x6c\x69\x6e\x65\x2c\x20\x74\x61\x73\x6b\x5f\x69\
\x6e\x66\x6f\x2d\x3e\x63\x6f\x6d\x6d\x61\x6e\x64\x6c\x69\x6e\x65\x5f\x6c\x65\
\x6e\x2c\0\x20\x20\x69\x66\x20\x28\x74\x61\x73\x6b\x5f\x69\x6e\x66\x6f\x2d\x3e\
\x63\x6f\x6d\x6d\x61\x6e\x64\x6c\x69\x6e\x65\x5f\x6c\x65\x6e\x20\x3d\x3d\x20\
\x73\x69\x7a\x65\x6f\x66\x28\x74\x61\x73\x6b\x5f\x69\x6e\x66\x6f\x2d\x3e\x63\
\x6f\x6d\x6d\x61\x6e\x64\x6c\x69\x6e\x65\x29\x29\x20\x7b\0\x20\x20\x20\x20\x74\
\x61\x73\x6b\x5f\x69\x6e\x66\x6f\x2d\x3e\x63\x6f\x6d\x6d\x61\x6e\x64\x6c\x69\
\x6e\x65\x5b\x74\x61\x73\x6b\x5f\x69\x6e\x66\x6f\x2d\x3e\x63\x6f\x6d\x6d\x61\
\x6e\x64\x6c\x69\x6e\x65\x5f\x6c\x65\x6e\x20\x2d\x20\x31\x5d\x20\x3d\x20\x27\
\x5c\x30\x27\x3b\0\x30\x3a\x31\x32\x30\0\x20\x20\x6e\x73\x5f\x69\x6e\x66\x6f\
\x2d\x3e\x70\x69\x64\x5f\x6e\x73\x20\x3d\x20\x42\x50\x46\x5f\x43\x4f\x52\x45\
\x5f\x52\x45\x41\x44\x28\x74\x2c\x20\x6e\x73\x70\x72\x6f\x78\x79\x2c\x20\x70\
\x69\x64\x5f\x6e\x73\x5f\x66\x6f\x72\x5f\x63\x68\x69\x6c\x64\x72\x65\x6e\x2c\
\x20\x6e\x73\x2e\x69\x6e\x75\x6d\x29\x3b\0\x75\x74\x73\x5f\x6e\x73\0\x69\x70\
\x63\x5f\x6e\x73\0\x6d\x6e\x74\x5f\x6e\x73\0\x70\x69\x64\x5f\x6e\x73\x5f\x66\
\x6f\x72\x5f\x63\x68\x69\x6c\x64\x72\x65\x6e\0\x6e\x65\x74\x5f\x6e\x73\0\x74\
\x69\x6d\x65\x5f\x6e\x73\0\x74\x69\x6d\x65\x5f\x6e\x73\x5f\x66\x6f\x72\x5f\x63\
\x68\x69\x6c\x64\x72\x65\x6e\0\x63\x67\x72\x6f\x75\x70\x5f\x6e\x73\0\x74\x69\
\x6d\x65\x5f\x6e\x61\x6d\x65\x73\x70\x61\x63\x65\0\x6f\x66\x66\x73\x65\x74\x73\
\0\x76\x76\x61\x72\x5f\x70\x61\x67\x65\0\x66\x72\x6f\x7a\x65\x6e\x5f\x6f\x66\
\x66\x73\x65\x74\x73\0\x74\x69\x6d\x65\x6e\x73\x5f\x6f\x66\x66\x73\x65\x74\x73\
\0\x6d\x6f\x6e\x6f\x74\x6f\x6e\x69\x63\0\x62\x6f\x6f\x74\x74\x69\x6d\x65\0\x30\
\x3a\x31\x30\x3a\x32\0\x20\x20\x6e\x73\x5f\x69\x6e\x66\x6f\x2d\x3e\x6d\x6e\x74\
\x5f\x6e\x73\x20\x3d\x20\x42\x50\x46\x5f\x43\x4f\x52\x45\x5f\x52\x45\x41\x44\
\x28\x74\x2c\x20\x6e\x73\x70\x72\x6f\x78\x79\x2c\x20\x6d\x6e\x74\x5f\x6e\x73\
\x2c\x20\x6e\x73\x2e\x69\x6e\x75\x6d\x29\x3b\0\x30\x3a\x33\0\x6d\x6e\x74\x5f\
\x6e\x61\x6d\x65\x73\x70\x61\x63\x65\0\x6e\x73\x5f\x6c\x6f\x63\x6b\0\x73\x65\
\x71\0\x6d\x6f\x75\x6e\x74\x73\0\x70\x65\x6e\x64\x69\x6e\x67\x5f\x6d\x6f\x75\
\x6e\x74\x73\0\x30\x3a\x30\x3a\x32\0\x20\x20\x6e\x73\x5f\x69\x6e\x66\x6f\x2d\
\x3e\x63\x67\x72\x6f\x75\x70\x5f\x6e\x73\x20\x3d\x20\x42\x50\x46\x5f\x43\x4f\
\x52\x45\x5f\x52\x45\x41\x44\x28\x74\x2c\x20\x6e\x73\x70\x72\x6f\x78\x79\x2c\
\x20\x63\x67\x72\x6f\x75\x70\x5f\x6e\x73\x2c\x20\x6e\x73\x2e\x69\x6e\x75\x6d\
\x29\x3b\0\x30\x3a\x38\0\x63\x67\x72\x6f\x75\x70\x5f\x6e\x61\x6d\x65\x73\x70\
\x61\x63\x65\0\x72\x6f\x6f\x74\x5f\x63\x73\x65\x74\0\x63\x73\x73\x5f\x73\x65\
\x74\0\x73\x75\x62\x73\x79\x73\0\x64\x6f\x6d\x5f\x63\x73\x65\x74\0\x64\x66\x6c\
\x5f\x63\x67\x72\x70\0\x6e\x72\x5f\x74\x61\x73\x6b\x73\0\x6d\x67\x5f\x74\x61\
\x73\x6b\x73\0\x64\x79\x69\x6e\x67\x5f\x74\x61\x73\x6b\x73\0\x74\x61\x73\x6b\
\x5f\x69\x74\x65\x72\x73\0\x65\x5f\x63\x73\x65\x74\x5f\x6e\x6f\x64\x65\0\x74\
\x68\x72\x65\x61\x64\x65\x64\x5f\x63\x73\x65\x74\x73\0\x74\x68\x72\x65\x61\x64\
\x65\x64\x5f\x63\x73\x65\x74\x73\x5f\x6e\x6f\x64\x65\0\x68\x6c\x69\x73\x74\0\
\x63\x67\x72\x70\x5f\x6c\x69\x6e\x6b\x73\0\x6d\x67\x5f\x73\x72\x63\x5f\x70\x72\
\x65\x6c\x6f\x61\x64\x5f\x6e\x6f\x64\x65\0\x6d\x67\x5f\x64\x73\x74\x5f\x70\x72\
\x65\x6c\x6f\x61\x64\x5f\x6e\x6f\x64\x65\0\x6d\x67\x5f\x6e\x6f\x64\x65\0\x6d\
\x67\x5f\x73\x72\x63\x5f\x63\x67\x72\x70\0\x6d\x67\x5f\x64\x73\x74\x5f\x63\x67\
\x72\x70\0\x6d\x67\x5f\x64\x73\x74\x5f\x63\x73\x65\x74\0\x64\x65\x61\x64\0\x73\
\x65\x6c\x66\0\x6d\x61\x78\x5f\x64\x65\x70\x74\x68\0\x6e\x72\x5f\x64\x65\x73\
\x63\x65\x6e\x64\x61\x6e\x74\x73\0\x6e\x72\x5f\x64\x79\x69\x6e\x67\x5f\x64\x65\
\x73\x63\x65\x6e\x64\x61\x6e\x74\x73\0\x6d\x61\x78\x5f\x64\x65\x73\x63\x65\x6e\
\x64\x61\x6e\x74\x73\0\x6e\x72\x5f\x70\x6f\x70\x75\x6c\x61\x74\x65\x64\x5f\x63\
\x73\x65\x74\x73\0\x6e\x72\x5f\x70\x6f\x70\x75\x6c\x61\x74\x65\x64\x5f\x64\x6f\
\x6d\x61\x69\x6e\x5f\x63\x68\x69\x6c\x64\x72\x65\x6e\0\x6e\x72\x5f\x70\x6f\x70\
\x75\x6c\x61\x74\x65\x64\x5f\x74\x68\x72\x65\x61\x64\x65\x64\x5f\x63\x68\x69\
\x6c\x64\x72\x65\x6e\0\x6e\x72\x5f\x74\x68\x72\x65\x61\x64\x65\x64\x5f\x63\x68\
\x69\x6c\x64\x72\x65\x6e\0\x6b\x6e\0\x70\x72\x6f\x63\x73\x5f\x66\x69\x6c\x65\0\
\x65\x76\x65\x6e\x74\x73\x5f\x66\x69\x6c\x65\0\x73\x75\x62\x74\x72\x65\x65\x5f\
\x63\x6f\x6e\x74\x72\x6f\x6c\0\x73\x75\x62\x74\x72\x65\x65\x5f\x73\x73\x5f\x6d\
\x61\x73\x6b\0\x6f\x6c\x64\x5f\x73\x75\x62\x74\x72\x65\x65\x5f\x63\x6f\x6e\x74\
\x72\x6f\x6c\0\x6f\x6c\x64\x5f\x73\x75\x62\x74\x72\x65\x65\x5f\x73\x73\x5f\x6d\
\x61\x73\x6b\0\x63\x73\x65\x74\x5f\x6c\x69\x6e\x6b\x73\0\x65\x5f\x63\x73\x65\
\x74\x73\0\x64\x6f\x6d\x5f\x63\x67\x72\x70\0\x6f\x6c\x64\x5f\x64\x6f\x6d\x5f\
\x63\x67\x72\x70\0\x72\x73\x74\x61\x74\x5f\x63\x70\x75\0\x72\x73\x74\x61\x74\
\x5f\x63\x73\x73\x5f\x6c\x69\x73\x74\0\x6c\x61\x73\x74\x5f\x62\x73\x74\x61\x74\
\0\x62\x73\x74\x61\x74\0\x70\x69\x64\x6c\x69\x73\x74\x73\0\x70\x69\x64\x6c\x69\
\x73\x74\x5f\x6d\x75\x74\x65\x78\0\x6f\x66\x66\x6c\x69\x6e\x65\x5f\x77\x61\x69\
\x74\x71\0\x72\x65\x6c\x65\x61\x73\x65\x5f\x61\x67\x65\x6e\x74\x5f\x77\x6f\x72\
\x6b\0\x70\x73\x69\0\x62\x70\x66\0\x63\x6f\x6e\x67\x65\x73\x74\x69\x6f\x6e\x5f\
\x63\x6f\x75\x6e\x74\0\x66\x72\x65\x65\x7a\x65\x72\0\x61\x6e\x63\x65\x73\x74\
\x6f\x72\x5f\x69\x64\x73\0\x6b\x65\x72\x6e\x66\x73\x5f\x6e\x6f\x64\x65\0\x70\
\x72\x69\x76\0\x69\x61\x74\x74\x72\0\x73\x79\x6d\x6c\x69\x6e\x6b\0\x6b\x65\x72\
\x6e\x66\x73\x5f\x65\x6c\x65\x6d\x5f\x64\x69\x72\0\x73\x75\x62\x64\x69\x72\x73\
\0\x72\x65\x76\0\x6b\x65\x72\x6e\x66\x73\x5f\x65\x6c\x65\x6d\x5f\x73\x79\x6d\
\x6c\x69\x6e\x6b\0\x74\x61\x72\x67\x65\x74\x5f\x6b\x6e\0\x6b\x65\x72\x6e\x66\
\x73\x5f\x65\x6c\x65\x6d\x5f\x61\x74\x74\x72\0\x6e\x6f\x74\x69\x66\x79\x5f\x6e\
\x65\x78\x74\0\x63\x67\x72\x6f\x75\x70\x5f\x66\x69\x6c\x65\0\x6e\x6f\x74\x69\
\x66\x69\x65\x64\x5f\x61\x74\0\x6e\x6f\x74\x69\x66\x79\x5f\x74\x69\x6d\x65\x72\
\0\x63\x67\x72\x6f\x75\x70\x5f\x62\x61\x73\x65\x5f\x73\x74\x61\x74\0\x63\x70\
\x75\x74\x69\x6d\x65\0\x74\x61\x73\x6b\x5f\x63\x70\x75\x74\x69\x6d\x65\0\x70\
\x73\x69\x5f\x67\x72\x6f\x75\x70\0\x61\x76\x67\x73\x5f\x6c\x6f\x63\x6b\0\x70\
\x63\x70\x75\0\x61\x76\x67\x5f\x74\x6f\x74\x61\x6c\0\x61\x76\x67\x5f\x6c\x61\
\x73\x74\x5f\x75\x70\x64\x61\x74\x65\0\x61\x76\x67\x5f\x6e\x65\x78\x74\x5f\x75\
\x70\x64\x61\x74\x65\0\x61\x76\x67\x73\x5f\x77\x6f\x72\x6b\0\x74\x6f\x74\x61\
\x6c\0\x70\x6f\x6c\x6c\x5f\x74\x61\x73\x6b\0\x70\x6f\x6c\x6c\x5f\x74\x69\x6d\
\x65\x72\0\x70\x6f\x6c\x6c\x5f\x77\x61\x69\x74\0\x70\x6f\x6c\x6c\x5f\x77\x61\
\x6b\x65\x75\x70\0\x74\x72\x69\x67\x67\x65\x72\x5f\x6c\x6f\x63\x6b\0\x74\x72\
\x69\x67\x67\x65\x72\x73\0\x6e\x72\x5f\x74\x72\x69\x67\x67\x65\x72\x73\0\x70\
\x6f\x6c\x6c\x5f\x73\x74\x61\x74\x65\x73\0\x70\x6f\x6c\x6c\x5f\x6d\x69\x6e\x5f\
\x70\x65\x72\x69\x6f\x64\0\x70\x6f\x6c\x6c\x69\x6e\x67\x5f\x74\x6f\x74\x61\x6c\
\0\x70\x6f\x6c\x6c\x69\x6e\x67\x5f\x6e\x65\x78\x74\x5f\x75\x70\x64\x61\x74\x65\
\0\x70\x6f\x6c\x6c\x69\x6e\x67\x5f\x75\x6e\x74\x69\x6c\0\x64\x65\x6c\x61\x79\
\x65\x64\x5f\x77\x6f\x72\x6b\0\x74\x69\x6d\x65\x72\0\x77\x6f\x72\x6b\x71\x75\
\x65\x75\x65\x5f\x73\x74\x72\x75\x63\x74\0\x70\x77\x71\x73\0\x77\x6f\x72\x6b\
\x5f\x63\x6f\x6c\x6f\x72\0\x66\x6c\x75\x73\x68\x5f\x63\x6f\x6c\x6f\x72\0\x6e\
\x72\x5f\x70\x77\x71\x73\x5f\x74\x6f\x5f\x66\x6c\x75\x73\x68\0\x66\x69\x72\x73\
\x74\x5f\x66\x6c\x75\x73\x68\x65\x72\0\x66\x6c\x75\x73\x68\x65\x72\x5f\x71\x75\
\x65\x75\x65\0\x66\x6c\x75\x73\x68\x65\x72\x5f\x6f\x76\x65\x72\x66\x6c\x6f\x77\
\0\x6d\x61\x79\x64\x61\x79\x73\0\x72\x65\x73\x63\x75\x65\x72\0\x6e\x72\x5f\x64\
\x72\x61\x69\x6e\x65\x72\x73\0\x73\x61\x76\x65\x64\x5f\x6d\x61\x78\x5f\x61\x63\
\x74\x69\x76\x65\0\x75\x6e\x62\x6f\x75\x6e\x64\x5f\x61\x74\x74\x72\x73\0\x64\
\x66\x6c\x5f\x70\x77\x71\0\x77\x71\x5f\x64\x65\x76\0\x63\x70\x75\x5f\x70\x77\
\x71\x73\0\x6e\x75\x6d\x61\x5f\x70\x77\x71\x5f\x74\x62\x6c\0\x70\x6f\x6f\x6c\
\x5f\x77\x6f\x72\x6b\x71\x75\x65\x75\x65\0\x70\x6f\x6f\x6c\0\x6e\x72\x5f\x69\
\x6e\x5f\x66\x6c\x69\x67\x68\x74\0\x6d\x61\x78\x5f\x61\x63\x74\x69\x76\x65\0\
\x69\x6e\x61\x63\x74\x69\x76\x65\x5f\x77\x6f\x72\x6b\x73\0\x70\x77\x71\x73\x5f\
\x6e\x6f\x64\x65\0\x6d\x61\x79\x64\x61\x79\x5f\x6e\x6f\x64\x65\0\x75\x6e\x62\
\x6f\x75\x6e\x64\x5f\x72\x65\x6c\x65\x61\x73\x65\x5f\x77\x6f\x72\x6b\0\x63\x67\
\x72\x6f\x75\x70\x5f\x62\x70\x66\0\x65\x66\x66\x65\x63\x74\x69\x76\x65\0\x70\
\x72\x6f\x67\x73\0\x73\x74\x6f\x72\x61\x67\x65\x73\0\x69\x6e\x61\x63\x74\x69\
\x76\x65\0\x72\x65\x6c\x65\x61\x73\x65\x5f\x77\x6f\x72\x6b\0\x62\x70\x66\x5f\
\x70\x72\x6f\x67\x5f\x61\x72\x72\x61\x79\0\x69\x74\x65\x6d\x73\0\x62\x70\x66\
\x5f\x70\x72\x6f\x67\x5f\x61\x72\x72\x61\x79\x5f\x69\x74\x65\x6d\0\x62\x70\x66\
\x5f\x70\x72\x6f\x67\0\x6a\x69\x74\x65\x64\0\x6a\x69\x74\x5f\x72\x65\x71\x75\
\x65\x73\x74\x65\x64\0\x67\x70\x6c\x5f\x63\x6f\x6d\x70\x61\x74\x69\x62\x6c\x65\
\0\x63\x62\x5f\x61\x63\x63\x65\x73\x73\0\x64\x73\x74\x5f\x6e\x65\x65\x64\x65\
\x64\0\x62\x6c\x69\x6e\x64\x65\x64\0\x69\x73\x5f\x66\x75\x6e\x63\0\x6b\x70\x72\
\x6f\x62\x65\x5f\x6f\x76\x65\x72\x72\x69\x64\x65\0\x68\x61\x73\x5f\x63\x61\x6c\
\x6c\x63\x68\x61\x69\x6e\x5f\x62\x75\x66\0\x65\x6e\x66\x6f\x72\x63\x65\x5f\x65\
\x78\x70\x65\x63\x74\x65\x64\x5f\x61\x74\x74\x61\x63\x68\x5f\x74\x79\x70\x65\0\
\x63\x61\x6c\x6c\x5f\x67\x65\x74\x5f\x73\x74\x61\x63\x6b\0\x63\x61\x6c\x6c\x5f\
\x67\x65\x74\x5f\x66\x75\x6e\x63\x5f\x69\x70\0\x65\x78\x70\x65\x63\x74\x65\x64\
\x5f\x61\x74\x74\x61\x63\x68\x5f\x74\x79\x70\x65\0\x6a\x69\x74\x65\x64\x5f\x6c\
\x65\x6e\0\x74\x61\x67\0\x73\x74\x61\x74\x73\0\x62\x70\x66\x5f\x66\x75\x6e\x63\
\0\x61\x75\x78\0\x6f\x72\x69\x67\x5f\x70\x72\x6f\x67\0\x69\x6e\x73\x6e\x73\0\
\x69\x6e\x73\x6e\x73\x69\0\x62\x70\x66\x5f\x70\x72\x6f\x67\x5f\x74\x79\x70\x65\
\0\x42\x50\x46\x5f\x50\x52\x4f\x47\x5f\x54\x59\x50\x45\x5f\x55\x4e\x53\x50\x45\
\x43\0\x42\x50\x46\x5f\x50\x52\x4f\x47\x5f\x54\x59\x50\x45\x5f\x53\x4f\x43\x4b\
\x45\x54\x5f\x46\x49\x4c\x54\x45\x52\0\x42\x50\x46\x5f\x50\x52\x4f\x47\x5f\x54\
\x59\x50\x45\x5f\x4b\x50\x52\x4f\x42\x45\0\x42\x50\x46\x5f\x50\x52\x4f\x47\x5f\
\x54\x59\x50\x45\x5f\x53\x43\x48\x45\x44\x5f\x43\x4c\x53\0\x42\x50\x46\x5f\x50\
\x52\x4f\x47\x5f\x54\x59\x50\x45\x5f\x53\x43\x48\x45\x44\x5f\x41\x43\x54\0\x42\
\x50\x46\x5f\x50\x52\x4f\x47\x5f\x54\x59\x50\x45\x5f\x54\x52\x41\x43\x45\x50\
\x4f\x49\x4e\x54\0\x42\x50\x46\x5f\x50\x52\x4f\x47\x5f\x54\x59\x50\x45\x5f\x58\
\x44\x50\0\x42\x50\x46\x5f\x50\x52\x4f\x47\x5f\x54\x59\x50\x45\x5f\x50\x45\x52\
\x46\x5f\x45\x56\x45\x4e\x54\0\x42\x50\x46\x5f\x50\x52\x4f\x47\x5f\x54\x59\x50\
\x45\x5f\x43\x47\x52\x4f\x55\x50\x5f\x53\x4b\x42\0\x42\x50\x46\x5f\x50\x52\x4f\
\x47\x5f\x54\x59\x50\x45\x5f\x43\x47\x52\x4f\x55\x50\x5f\x53\x4f\x43\x4b\0\x42\
\x50\x46\x5f\x50\x52\x4f\x47\x5f\x54\x59\x50\x45\x5f\x4c\x57\x54\x5f\x49\x4e\0\
\x42\x50\x46\x5f\x50\x52\x4f\x47\x5f\x54\x59\x50\x45\x5f\x4c\x57\x54\x5f\x4f\
\x55\x54\0\x42\x50\x46\x5f\x50\x52\x4f\x47\x5f\x54\x59\x50\x45\x5f\x4c\x57\x54\
\x5f\x58\x4d\x49\x54\0\x42\x50\x46\x5f\x50\x52\x4f\x47\x5f\x54\x59\x50\x45\x5f\
\x53\x4f\x43\x4b\x5f\x4f\x50\x53\0\x42\x50\x46\x5f\x50\x52\x4f\x47\x5f\x54\x59\
\x50\x45\x5f\x53\x4b\x5f\x53\x4b\x42\0\x42\x50\x46\x5f\x50\x52\x4f\x47\x5f\x54\
\x59\x50\x45\x5f\x43\x47\x52\x4f\x55\x50\x5f\x44\x45\x56\x49\x43\x45\0\x42\x50\
\x46\x5f\x50\x52\x4f\x47\x5f\x54\x59\x50\x45\x5f\x53\x4b\x5f\x4d\x53\x47\0\x42\
\x50\x46\x5f\x50\x52\x4f\x47\x5f\x54\x59\x50\x45\x5f\x52\x41\x57\x5f\x54\x52\
\x41\x43\x45\x50\x4f\x49\x4e\x54\0\x42\x50\x46\x5f\x50\x52\x4f\x47\x5f\x54\x59\
\x50\x45\x5f\x43\x47\x52\x4f\x55\x50\x5f\x53\x4f\x43\x4b\x5f\x41\x44\x44\x52\0\
\x42\x50\x46\x5f\x50\x52\x4f\x47\x5f\x54\x59\x50\x45\x5f\x4c\x57\x54\x5f\x53\
\x45\x47\x36\x4c\x4f\x43\x41\x4c\0\x42\x50\x46\x5f\x50\x52\x4f\x47\x5f\x54\x59\
\x50\x45\x5f\x4c\x49\x52\x43\x5f\x4d\x4f\x44\x45\x32\0\x42\x50\x46\x5f\x50\x52\
\x4f\x47\x5f\x54\x59\x50\x45\x5f\x53\x4b\x5f\x52\x45\x55\x53\x45\x50\x4f\x52\
\x54\0\x42\x50\x46\x5f\x50\x52\x4f\x47\x5f\x54\x59\x50\x45\x5f\x46\x4c\x4f\x57\
\x5f\x44\x49\x53\x53\x45\x43\x54\x4f\x52\0\x42\x50\x46\x5f\x50\x52\x4f\x47\x5f\
\x54\x59\x50\x45\x5f\x43\x47\x52\x4f\x55\x50\x5f\x53\x59\x53\x43\x54\x4c\0\x42\
\x50\x46\x5f\x50\x52\x4f\x47\x5f\x54\x59\x50\x45\x5f\x52\x41\x57\x5f\x54\x52\
\x41\x43\x45\x50\x4f\x49\x4e\x54\x5f\x57\x52\x49\x54\x41\x42\x4c\x45\0\x42\x50\
\x46\x5f\x50\x52\x4f\x47\x5f\x54\x59\x50\x45\x5f\x43\x47\x52\x4f\x55\x50\x5f\
\x53\x4f\x43\x4b\x4f\x50\x54\0\x42\x50\x46\x5f\x50\x52\x4f\x47\x5f\x54\x59\x50\
\x45\x5f\x54\x52\x41\x43\x49\x4e\x47\0\x42\x50\x46\x5f\x50\x52\x4f\x47\x5f\x54\
\x59\x50\x45\x5f\x53\x54\x52\x55\x43\x54\x5f\x4f\x50\x53\0\x42\x50\x46\x5f\x50\
\x52\x4f\x47\x5f\x54\x59\x50\x45\x5f\x45\x58\x54\0\x42\x50\x46\x5f\x50\x52\x4f\
\x47\x5f\x54\x59\x50\x45\x5f\x4c\x53\x4d\0\x42\x50\x46\x5f\x50\x52\x4f\x47\x5f\
\x54\x59\x50\x45\x5f\x53\x4b\x5f\x4c\x4f\x4f\x4b\x55\x50\0\x42\x50\x46\x5f\x50\
\x52\x4f\x47\x5f\x54\x59\x50\x45\x5f\x53\x59\x53\x43\x41\x4c\x4c\0\x62\x70\x66\
\x5f\x61\x74\x74\x61\x63\x68\x5f\x74\x79\x70\x65\0\x42\x50\x46\x5f\x43\x47\x52\
\x4f\x55\x50\x5f\x49\x4e\x45\x54\x5f\x49\x4e\x47\x52\x45\x53\x53\0\x42\x50\x46\
\x5f\x43\x47\x52\x4f\x55\x50\x5f\x49\x4e\x45\x54\x5f\x45\x47\x52\x45\x53\x53\0\
\x42\x50\x46\x5f\x43\x47\x52\x4f\x55\x50\x5f\x49\x4e\x45\x54\x5f\x53\x4f\x43\
\x4b\x5f\x43\x52\x45\x41\x54\x45\0\x42\x50\x46\x5f\x43\x47\x52\x4f\x55\x50\x5f\
\x53\x4f\x43\x4b\x5f\x4f\x50\x53\0\x42\x50\x46\x5f\x53\x4b\x5f\x53\x4b\x42\x5f\
\x53\x54\x52\x45\x41\x4d\x5f\x50\x41\x52\x53\x45\x52\0\x42\x50\x46\x5f\x53\x4b\
\x5f\x53\x4b\x42\x5f\x53\x54\x52\x45\x41\x4d\x5f\x56\x45\x52\x44\x49\x43\x54\0\
\x42\x50\x46\x5f\x43\x47\x52\x4f\x55\x50\x5f\x44\x45\x56\x49\x43\x45\0\x42\x50\
\x46\x5f\x53\x4b\x5f\x4d\x53\x47\x5f\x56\x45\x52\x44\x49\x43\x54\0\x42\x50\x46\
\x5f\x43\x47\x52\x4f\x55\x50\x5f\x49\x4e\x45\x54\x34\x5f\x42\x49\x4e\x44\0\x42\
\x50\x46\x5f\x43\x47\x52\x4f\x55\x50\x5f\x49\x4e\x45\x54\x36\x5f\x42\x49\x4e\
\x44\0\x42\x50\x46\x5f\x43\x47\x52\x4f\x55\x50\x5f\x49\x4e\x45\x54\x34\x5f\x43\
\x4f\x4e\x4e\x45\x43\x54\0\x42\x50\x46\x5f\x43\x47\x52\x4f\x55\x50\x5f\x49\x4e\
\x45\x54\x36\x5f\x43\x4f\x4e\x4e\x45\x43\x54\0\x42\x50\x46\x5f\x43\x47\x52\x4f\
\x55\x50\x5f\x49\x4e\x45\x54\x34\x5f\x50\x4f\x53\x54\x5f\x42\x49\x4e\x44\0\x42\
\x50\x46\x5f\x43\x47\x52\x4f\x55\x50\x5f\x49\x4e\x45\x54\x36\x5f\x50\x4f\x53\
\x54\x5f\x42\x49\x4e\x44\0\x42\x50\x46\x5f\x43\x47\x52\x4f\x55\x50\x5f\x55\x44\
\x50\x34\x5f\x53\x45\x4e\x44\x4d\x53\x47\0\x42\x50\x46\x5f\x43\x47\x52\x4f\x55\
\x50\x5f\x55\x44\x50\x36\x5f\x53\x45\x4e\x44\x4d\x53\x47\0\x42\x50\x46\x5f\x4c\
\x49\x52\x43\x5f\x4d\x4f\x44\x45\x32\0\x42\x50\x46\x5f\x46\x4c\x4f\x57\x5f\x44\
\x49\x53\x53\x45\x43\x54\x4f\x52\0\x42\x50\x46\x5f\x43\x47\x52\x4f\x55\x50\x5f\
\x53\x59\x53\x43\x54\x4c\0\x42\x50\x46\x5f\x43\x47\x52\x4f\x55\x50\x5f\x55\x44\
\x50\x34\x5f\x52\x45\x43\x56\x4d\x53\x47\0\x42\x50\x46\x5f\x43\x47\x52\x4f\x55\
\x50\x5f\x55\x44\x50\x36\x5f\x52\x45\x43\x56\x4d\x53\x47\0\x42\x50\x46\x5f\x43\
\x47\x52\x4f\x55\x50\x5f\x47\x45\x54\x53\x4f\x43\x4b\x4f\x50\x54\0\x42\x50\x46\
\x5f\x43\x47\x52\x4f\x55\x50\x5f\x53\x45\x54\x53\x4f\x43\x4b\x4f\x50\x54\0\x42\
\x50\x46\x5f\x54\x52\x41\x43\x45\x5f\x52\x41\x57\x5f\x54\x50\0\x42\x50\x46\x5f\
\x54\x52\x41\x43\x45\x5f\x46\x45\x4e\x54\x52\x59\0\x42\x50\x46\x5f\x54\x52\x41\
\x43\x45\x5f\x46\x45\x58\x49\x54\0\x42\x50\x46\x5f\x4d\x4f\x44\x49\x46\x59\x5f\
\x52\x45\x54\x55\x52\x4e\0\x42\x50\x46\x5f\x4c\x53\x4d\x5f\x4d\x41\x43\0\x42\
\x50\x46\x5f\x54\x52\x41\x43\x45\x5f\x49\x54\x45\x52\0\x42\x50\x46\x5f\x43\x47\
\x52\x4f\x55\x50\x5f\x49\x4e\x45\x54\x34\x5f\x47\x45\x54\x50\x45\x45\x52\x4e\
\x41\x4d\x45\0\x42\x50\x46\x5f\x43\x47\x52\x4f\x55\x50\x5f\x49\x4e\x45\x54\x36\
\x5f\x47\x45\x54\x50\x45\x45\x52\x4e\x41\x4d\x45\0\x42\x50\x46\x5f\x43\x47\x52\
\x4f\x55\x50\x5f\x49\x4e\x45\x54\x34\x5f\x47\x45\x54\x53\x4f\x43\x4b\x4e\x41\
\x4d\x45\0\x42\x50\x46\x5f\x43\x47\x52\x4f\x55\x50\x5f\x49\x4e\x45\x54\x36\x5f\
\x47\x45\x54\x53\x4f\x43\x4b\x4e\x41\x4d\x45\0\x42\x50\x46\x5f\x58\x44\x50\x5f\
\x44\x45\x56\x4d\x41\x50\0\x42\x50\x46\x5f\x43\x47\x52\x4f\x55\x50\x5f\x49\x4e\
\x45\x54\x5f\x53\x4f\x43\x4b\x5f\x52\x45\x4c\x45\x41\x53\x45\0\x42\x50\x46\x5f\
\x58\x44\x50\x5f\x43\x50\x55\x4d\x41\x50\0\x42\x50\x46\x5f\x53\x4b\x5f\x4c\x4f\
\x4f\x4b\x55\x50\0\x42\x50\x46\x5f\x58\x44\x50\0\x42\x50\x46\x5f\x53\x4b\x5f\
\x53\x4b\x42\x5f\x56\x45\x52\x44\x49\x43\x54\0\x42\x50\x46\x5f\x53\x4b\x5f\x52\
\x45\x55\x53\x45\x50\x4f\x52\x54\x5f\x53\x45\x4c\x45\x43\x54\0\x42\x50\x46\x5f\
\x53\x4b\x5f\x52\x45\x55\x53\x45\x50\x4f\x52\x54\x5f\x53\x45\x4c\x45\x43\x54\
\x5f\x4f\x52\x5f\x4d\x49\x47\x52\x41\x54\x45\0\x42\x50\x46\x5f\x50\x45\x52\x46\
\x5f\x45\x56\x45\x4e\x54\0\x5f\x5f\x4d\x41\x58\x5f\x42\x50\x46\x5f\x41\x54\x54\
\x41\x43\x48\x5f\x54\x59\x50\x45\0\x62\x70\x66\x5f\x69\x6e\x73\x6e\0\x63\x6f\
\x64\x65\0\x64\x73\x74\x5f\x72\x65\x67\0\x73\x72\x63\x5f\x72\x65\x67\0\x6f\x66\
\x66\0\x69\x6d\x6d\0\x5f\x5f\x73\x31\x36\0\x73\x6f\x63\x6b\x5f\x66\x69\x6c\x74\
\x65\x72\0\x6a\x74\0\x6a\x66\0\x6b\0\x63\x67\x72\x6f\x75\x70\x5f\x73\x74\x6f\
\x72\x61\x67\x65\0\x62\x70\x66\x5f\x63\x67\x72\x6f\x75\x70\x5f\x73\x74\x6f\x72\
\x61\x67\x65\0\x6d\x61\x70\0\x6c\x69\x73\x74\x5f\x6d\x61\x70\0\x6c\x69\x73\x74\
\x5f\x63\x67\0\x70\x65\x72\x63\x70\x75\x5f\x62\x75\x66\0\x62\x70\x66\x5f\x63\
\x67\x72\x6f\x75\x70\x5f\x73\x74\x6f\x72\x61\x67\x65\x5f\x6b\x65\x79\0\x63\x67\
\x72\x6f\x75\x70\x5f\x69\x6e\x6f\x64\x65\x5f\x69\x64\0\x61\x74\x74\x61\x63\x68\
\x5f\x74\x79\x70\x65\0\x63\x67\x72\x6f\x75\x70\x5f\x66\x72\x65\x65\x7a\x65\x72\
\x5f\x73\x74\x61\x74\x65\0\x66\x72\x65\x65\x7a\x65\0\x65\x5f\x66\x72\x65\x65\
\x7a\x65\0\x6e\x72\x5f\x66\x72\x6f\x7a\x65\x6e\x5f\x64\x65\x73\x63\x65\x6e\x64\
\x61\x6e\x74\x73\0\x6e\x72\x5f\x66\x72\x6f\x7a\x65\x6e\x5f\x74\x61\x73\x6b\x73\
\0\x20\x20\x6e\x73\x5f\x69\x6e\x66\x6f\x2d\x3e\x69\x70\x63\x5f\x6e\x73\x20\x3d\
\x20\x42\x50\x46\x5f\x43\x4f\x52\x45\x5f\x52\x45\x41\x44\x28\x74\x2c\x20\x6e\
\x73\x70\x72\x6f\x78\x79\x2c\x20\x69\x70\x63\x5f\x6e\x73\x2c\x20\x6e\x73\x2e\
\x69\x6e\x75\x6d\x29\x3b\0\x30\x3a\x32\0\x69\x70\x63\x5f\x6e\x61\x6d\x65\x73\
\x70\x61\x63\x65\0\x69\x64\x73\0\x73\x65\x6d\x5f\x63\x74\x6c\x73\0\x75\x73\x65\
\x64\x5f\x73\x65\x6d\x73\0\x6d\x73\x67\x5f\x63\x74\x6c\x6d\x61\x78\0\x6d\x73\
\x67\x5f\x63\x74\x6c\x6d\x6e\x62\0\x6d\x73\x67\x5f\x63\x74\x6c\x6d\x6e\x69\0\
\x6d\x73\x67\x5f\x62\x79\x74\x65\x73\0\x6d\x73\x67\x5f\x68\x64\x72\x73\0\x73\
\x68\x6d\x5f\x63\x74\x6c\x6d\x61\x78\0\x73\x68\x6d\x5f\x63\x74\x6c\x61\x6c\x6c\
\0\x73\x68\x6d\x5f\x74\x6f\x74\0\x73\x68\x6d\x5f\x63\x74\x6c\x6d\x6e\x69\0\x73\
\x68\x6d\x5f\x72\x6d\x69\x64\x5f\x66\x6f\x72\x63\x65\x64\0\x69\x70\x63\x6e\x73\
\x5f\x6e\x62\0\x6d\x71\x5f\x6d\x6e\x74\0\x6d\x71\x5f\x71\x75\x65\x75\x65\x73\
\x5f\x63\x6f\x75\x6e\x74\0\x6d\x71\x5f\x71\x75\x65\x75\x65\x73\x5f\x6d\x61\x78\
\0\x6d\x71\x5f\x6d\x73\x67\x5f\x6d\x61\x78\0\x6d\x71\x5f\x6d\x73\x67\x73\x69\
\x7a\x65\x5f\x6d\x61\x78\0\x6d\x71\x5f\x6d\x73\x67\x5f\x64\x65\x66\x61\x75\x6c\
\x74\0\x6d\x71\x5f\x6d\x73\x67\x73\x69\x7a\x65\x5f\x64\x65\x66\x61\x75\x6c\x74\
\0\x6d\x6e\x74\x5f\x6c\x6c\x69\x73\x74\0\x69\x70\x63\x5f\x69\x64\x73\0\x69\x6e\
\x5f\x75\x73\x65\0\x72\x77\x73\x65\x6d\0\x69\x70\x63\x73\x5f\x69\x64\x72\0\x6d\
\x61\x78\x5f\x69\x64\x78\0\x6c\x61\x73\x74\x5f\x69\x64\x78\0\x6b\x65\x79\x5f\
\x68\x74\0\x72\x68\x61\x73\x68\x74\x61\x62\x6c\x65\0\x74\x62\x6c\0\x6b\x65\x79\
\x5f\x6c\x65\x6e\0\x6d\x61\x78\x5f\x65\x6c\x65\x6d\x73\0\x70\0\x72\x68\x6c\x69\
\x73\x74\0\x72\x75\x6e\x5f\x77\x6f\x72\x6b\0\x6e\x65\x6c\x65\x6d\x73\0\x72\x68\
\x61\x73\x68\x74\x61\x62\x6c\x65\x5f\x70\x61\x72\x61\x6d\x73\0\x6e\x65\x6c\x65\
\x6d\x5f\x68\x69\x6e\x74\0\x6b\x65\x79\x5f\x6f\x66\x66\x73\x65\x74\0\x68\x65\
\x61\x64\x5f\x6f\x66\x66\x73\x65\x74\0\x6d\x61\x78\x5f\x73\x69\x7a\x65\0\x6d\
\x69\x6e\x5f\x73\x69\x7a\x65\0\x61\x75\x74\x6f\x6d\x61\x74\x69\x63\x5f\x73\x68\
\x72\x69\x6e\x6b\x69\x6e\x67\0\x68\x61\x73\x68\x66\x6e\0\x6f\x62\x6a\x5f\x68\
\x61\x73\x68\x66\x6e\0\x6f\x62\x6a\x5f\x63\x6d\x70\x66\x6e\0\x72\x68\x74\x5f\
\x68\x61\x73\x68\x66\x6e\x5f\x74\0\x72\x68\x74\x5f\x6f\x62\x6a\x5f\x68\x61\x73\
\x68\x66\x6e\x5f\x74\0\x72\x68\x74\x5f\x6f\x62\x6a\x5f\x63\x6d\x70\x66\x6e\x5f\
\x74\0\x72\x68\x61\x73\x68\x74\x61\x62\x6c\x65\x5f\x63\x6f\x6d\x70\x61\x72\x65\
\x5f\x61\x72\x67\0\x68\x74\0\x6e\x6f\x74\x69\x66\x69\x65\x72\x5f\x62\x6c\x6f\
\x63\x6b\0\x6e\x6f\x74\x69\x66\x69\x65\x72\x5f\x63\x61\x6c\x6c\0\x70\x72\x69\
\x6f\x72\x69\x74\x79\0\x6e\x6f\x74\x69\x66\x69\x65\x72\x5f\x66\x6e\x5f\x74\0\
\x76\x66\x73\x6d\x6f\x75\x6e\x74\0\x6d\x6e\x74\x5f\x72\x6f\x6f\x74\0\x6d\x6e\
\x74\x5f\x73\x62\0\x6d\x6e\x74\x5f\x66\x6c\x61\x67\x73\0\x6d\x6e\x74\x5f\x75\
\x73\x65\x72\x6e\x73\0\x64\x5f\x66\x6c\x61\x67\x73\0\x64\x5f\x73\x65\x71\0\x64\
\x5f\x68\x61\x73\x68\0\x64\x5f\x70\x61\x72\x65\x6e\x74\0\x64\x5f\x6e\x61\x6d\
\x65\0\x64\x5f\x69\x6e\x6f\x64\x65\0\x64\x5f\x69\x6e\x61\x6d\x65\0\x64\x5f\x6c\
\x6f\x63\x6b\x72\x65\x66\0\x64\x5f\x6f\x70\0\x64\x5f\x73\x62\0\x64\x5f\x74\x69\
\x6d\x65\0\x64\x5f\x66\x73\x64\x61\x74\x61\0\x64\x5f\x63\x68\x69\x6c\x64\0\x64\
\x5f\x73\x75\x62\x64\x69\x72\x73\0\x64\x5f\x75\0\x68\x6c\x69\x73\x74\x5f\x62\
\x6c\x5f\x6e\x6f\x64\x65\0\x71\x73\x74\x72\0\x68\x61\x73\x68\x5f\x6c\x65\x6e\0\
\x6c\x6f\x63\x6b\x72\x65\x66\0\x6c\x6f\x63\x6b\x5f\x63\x6f\x75\x6e\x74\0\x73\
\x75\x70\x65\x72\x5f\x62\x6c\x6f\x63\x6b\0\x73\x5f\x6c\x69\x73\x74\0\x73\x5f\
\x64\x65\x76\0\x73\x5f\x62\x6c\x6f\x63\x6b\x73\x69\x7a\x65\x5f\x62\x69\x74\x73\
\0\x73\x5f\x62\x6c\x6f\x63\x6b\x73\x69\x7a\x65\0\x73\x5f\x6d\x61\x78\x62\x79\
\x74\x65\x73\0\x73\x5f\x74\x79\x70\x65\0\x73\x5f\x6f\x70\0\x64\x71\x5f\x6f\x70\
\0\x73\x5f\x71\x63\x6f\x70\0\x73\x5f\x65\x78\x70\x6f\x72\x74\x5f\x6f\x70\0\x73\
\x5f\x66\x6c\x61\x67\x73\0\x73\x5f\x69\x66\x6c\x61\x67\x73\0\x73\x5f\x6d\x61\
\x67\x69\x63\0\x73\x5f\x72\x6f\x6f\x74\0\x73\x5f\x75\x6d\x6f\x75\x6e\x74\0\x73\
\x5f\x63\x6f\x75\x6e\x74\0\x73\x5f\x61\x63\x74\x69\x76\x65\0\x73\x5f\x73\x65\
\x63\x75\x72\x69\x74\x79\0\x73\x5f\x78\x61\x74\x74\x72\0\x73\x5f\x63\x6f\x70\0\
\x73\x5f\x6d\x61\x73\x74\x65\x72\x5f\x6b\x65\x79\x73\0\x73\x5f\x76\x6f\x70\0\
\x73\x5f\x65\x6e\x63\x6f\x64\x69\x6e\x67\0\x73\x5f\x65\x6e\x63\x6f\x64\x69\x6e\
\x67\x5f\x66\x6c\x61\x67\x73\0\x73\x5f\x72\x6f\x6f\x74\x73\0\x73\x5f\x6d\x6f\
\x75\x6e\x74\x73\0\x73\x5f\x62\x64\x65\x76\0\x73\x5f\x62\x64\x69\0\x73\x5f\x6d\
\x74\x64\0\x73\x5f\x69\x6e\x73\x74\x61\x6e\x63\x65\x73\0\x73\x5f\x71\x75\x6f\
\x74\x61\x5f\x74\x79\x70\x65\x73\0\x73\x5f\x64\x71\x75\x6f\x74\0\x73\x5f\x77\
\x72\x69\x74\x65\x72\x73\0\x73\x5f\x66\x73\x5f\x69\x6e\x66\x6f\0\x73\x5f\x74\
\x69\x6d\x65\x5f\x67\x72\x61\x6e\0\x73\x5f\x74\x69\x6d\x65\x5f\x6d\x69\x6e\0\
\x73\x5f\x74\x69\x6d\x65\x5f\x6d\x61\x78\0\x73\x5f\x66\x73\x6e\x6f\x74\x69\x66\
\x79\x5f\x6d\x61\x73\x6b\0\x73\x5f\x66\x73\x6e\x6f\x74\x69\x66\x79\x5f\x6d\x61\
\x72\x6b\x73\0\x73\x5f\x69\x64\0\x73\x5f\x75\x75\x69\x64\0\x73\x5f\x6d\x61\x78\
\x5f\x6c\x69\x6e\x6b\x73\0\x73\x5f\x6d\x6f\x64\x65\0\x73\x5f\x76\x66\x73\x5f\
\x72\x65\x6e\x61\x6d\x65\x5f\x6d\x75\x74\x65\x78\0\x73\x5f\x73\x75\x62\x74\x79\
\x70\x65\0\x73\x5f\x64\x5f\x6f\x70\0\x63\x6c\x65\x61\x6e\x63\x61\x63\x68\x65\
\x5f\x70\x6f\x6f\x6c\x69\x64\0\x73\x5f\x73\x68\x72\x69\x6e\x6b\0\x73\x5f\x72\
\x65\x6d\x6f\x76\x65\x5f\x63\x6f\x75\x6e\x74\0\x73\x5f\x66\x73\x6e\x6f\x74\x69\
\x66\x79\x5f\x63\x6f\x6e\x6e\x65\x63\x74\x6f\x72\x73\0\x73\x5f\x72\x65\x61\x64\
\x6f\x6e\x6c\x79\x5f\x72\x65\x6d\x6f\x75\x6e\x74\0\x73\x5f\x77\x62\x5f\x65\x72\
\x72\0\x73\x5f\x64\x69\x6f\x5f\x64\x6f\x6e\x65\x5f\x77\x71\0\x73\x5f\x70\x69\
\x6e\x73\0\x73\x5f\x75\x73\x65\x72\x5f\x6e\x73\0\x73\x5f\x64\x65\x6e\x74\x72\
\x79\x5f\x6c\x72\x75\0\x73\x5f\x69\x6e\x6f\x64\x65\x5f\x6c\x72\x75\0\x73\x5f\
\x73\x79\x6e\x63\x5f\x6c\x6f\x63\x6b\0\x73\x5f\x73\x74\x61\x63\x6b\x5f\x64\x65\
\x70\x74\x68\0\x73\x5f\x69\x6e\x6f\x64\x65\x5f\x6c\x69\x73\x74\x5f\x6c\x6f\x63\
\x6b\0\x73\x5f\x69\x6e\x6f\x64\x65\x73\0\x73\x5f\x69\x6e\x6f\x64\x65\x5f\x77\
\x62\x6c\x69\x73\x74\x5f\x6c\x6f\x63\x6b\0\x73\x5f\x69\x6e\x6f\x64\x65\x73\x5f\
\x77\x62\0\x68\x6c\x69\x73\x74\x5f\x62\x6c\x5f\x68\x65\x61\x64\0\x62\x64\x69\
\x5f\x6c\x69\x73\x74\0\x69\x6f\x5f\x70\x61\x67\x65\x73\0\x6d\x69\x6e\x5f\x72\
\x61\x74\x69\x6f\0\x6d\x61\x78\x5f\x72\x61\x74\x69\x6f\0\x6d\x61\x78\x5f\x70\
\x72\x6f\x70\x5f\x66\x72\x61\x63\0\x74\x6f\x74\x5f\x77\x72\x69\x74\x65\x5f\x62\
\x61\x6e\x64\x77\x69\x64\x74\x68\0\x77\x62\0\x77\x62\x5f\x6c\x69\x73\x74\0\x77\
\x62\x5f\x77\x61\x69\x74\x71\0\x64\x65\x76\x5f\x6e\x61\x6d\x65\0\x6c\x61\x70\
\x74\x6f\x70\x5f\x6d\x6f\x64\x65\x5f\x77\x62\x5f\x74\x69\x6d\x65\x72\0\x64\x65\
\x62\x75\x67\x5f\x64\x69\x72\0\x62\x64\x69\x5f\x77\x72\x69\x74\x65\x62\x61\x63\
\x6b\0\x62\x64\x69\0\x6c\x61\x73\x74\x5f\x6f\x6c\x64\x5f\x66\x6c\x75\x73\x68\0\
\x62\x5f\x64\x69\x72\x74\x79\0\x62\x5f\x69\x6f\0\x62\x5f\x6d\x6f\x72\x65\x5f\
\x69\x6f\0\x62\x5f\x64\x69\x72\x74\x79\x5f\x74\x69\x6d\x65\0\x77\x72\x69\x74\
\x65\x62\x61\x63\x6b\x5f\x69\x6e\x6f\x64\x65\x73\0\x73\x74\x61\x74\0\x63\x6f\
\x6e\x67\x65\x73\x74\x65\x64\0\x62\x77\x5f\x74\x69\x6d\x65\x5f\x73\x74\x61\x6d\
\x70\0\x64\x69\x72\x74\x69\x65\x64\x5f\x73\x74\x61\x6d\x70\0\x77\x72\x69\x74\
\x74\x65\x6e\x5f\x73\x74\x61\x6d\x70\0\x77\x72\x69\x74\x65\x5f\x62\x61\x6e\x64\
\x77\x69\x64\x74\x68\0\x61\x76\x67\x5f\x77\x72\x69\x74\x65\x5f\x62\x61\x6e\x64\
\x77\x69\x64\x74\x68\0\x64\x69\x72\x74\x79\x5f\x72\x61\x74\x65\x6c\x69\x6d\x69\
\x74\0\x62\x61\x6c\x61\x6e\x63\x65\x64\x5f\x64\x69\x72\x74\x79\x5f\x72\x61\x74\
\x65\x6c\x69\x6d\x69\x74\0\x63\x6f\x6d\x70\x6c\x65\x74\x69\x6f\x6e\x73\0\x64\
\x69\x72\x74\x79\x5f\x65\x78\x63\x65\x65\x64\x65\x64\0\x73\x74\x61\x72\x74\x5f\
\x61\x6c\x6c\x5f\x72\x65\x61\x73\x6f\x6e\0\x77\x6f\x72\x6b\x5f\x6c\x6f\x63\x6b\
\0\x77\x6f\x72\x6b\x5f\x6c\x69\x73\x74\0\x64\x77\x6f\x72\x6b\0\x62\x77\x5f\x64\
\x77\x6f\x72\x6b\0\x64\x69\x72\x74\x79\x5f\x73\x6c\x65\x65\x70\0\x62\x64\x69\
\x5f\x6e\x6f\x64\x65\0\x66\x70\x72\x6f\x70\x5f\x6c\x6f\x63\x61\x6c\x5f\x70\x65\
\x72\x63\x70\x75\0\x77\x62\x5f\x72\x65\x61\x73\x6f\x6e\0\x57\x42\x5f\x52\x45\
\x41\x53\x4f\x4e\x5f\x42\x41\x43\x4b\x47\x52\x4f\x55\x4e\x44\0\x57\x42\x5f\x52\
\x45\x41\x53\x4f\x4e\x5f\x56\x4d\x53\x43\x41\x4e\0\x57\x42\x5f\x52\x45\x41\x53\
\x4f\x4e\x5f\x53\x59\x4e\x43\0\x57\x42\x5f\x52\x45\x41\x53\x4f\x4e\x5f\x50\x45\
\x52\x49\x4f\x44\x49\x43\0\x57\x42\x5f\x52\x45\x41\x53\x4f\x4e\x5f\x4c\x41\x50\
\x54\x4f\x50\x5f\x54\x49\x4d\x45\x52\0\x57\x42\x5f\x52\x45\x41\x53\x4f\x4e\x5f\
\x46\x53\x5f\x46\x52\x45\x45\x5f\x53\x50\x41\x43\x45\0\x57\x42\x5f\x52\x45\x41\
\x53\x4f\x4e\x5f\x46\x4f\x52\x4b\x45\x52\x5f\x54\x48\x52\x45\x41\x44\0\x57\x42\
\x5f\x52\x45\x41\x53\x4f\x4e\x5f\x46\x4f\x52\x45\x49\x47\x4e\x5f\x46\x4c\x55\
\x53\x48\0\x57\x42\x5f\x52\x45\x41\x53\x4f\x4e\x5f\x4d\x41\x58\0\x64\x65\x76\
\x69\x63\x65\0\x69\x6e\x69\x74\x5f\x6e\x61\x6d\x65\0\x62\x75\x73\0\x64\x72\x69\
\x76\x65\x72\0\x70\x6c\x61\x74\x66\x6f\x72\x6d\x5f\x64\x61\x74\x61\0\x64\x72\
\x69\x76\x65\x72\x5f\x64\x61\x74\x61\0\x6c\x69\x6e\x6b\x73\0\x70\x6f\x77\x65\
\x72\0\x70\x6d\x5f\x64\x6f\x6d\x61\x69\x6e\0\x65\x6d\x5f\x70\x64\0\x6d\x73\x69\
\x5f\x64\x6f\x6d\x61\x69\x6e\0\x70\x69\x6e\x73\0\x6d\x73\x69\x5f\x6c\x6f\x63\
\x6b\0\x6d\x73\x69\x5f\x6c\x69\x73\x74\0\x64\x6d\x61\x5f\x6f\x70\x73\0\x64\x6d\
\x61\x5f\x6d\x61\x73\x6b\0\x63\x6f\x68\x65\x72\x65\x6e\x74\x5f\x64\x6d\x61\x5f\
\x6d\x61\x73\x6b\0\x62\x75\x73\x5f\x64\x6d\x61\x5f\x6c\x69\x6d\x69\x74\0\x64\
\x6d\x61\x5f\x72\x61\x6e\x67\x65\x5f\x6d\x61\x70\0\x64\x6d\x61\x5f\x70\x61\x72\
\x6d\x73\0\x64\x6d\x61\x5f\x70\x6f\x6f\x6c\x73\0\x64\x6d\x61\x5f\x6d\x65\x6d\0\
\x64\x6d\x61\x5f\x69\x6f\x5f\x74\x6c\x62\x5f\x6d\x65\x6d\0\x61\x72\x63\x68\x64\
\x61\x74\x61\0\x6f\x66\x5f\x6e\x6f\x64\x65\0\x66\x77\x6e\x6f\x64\x65\0\x64\x65\
\x76\x74\0\x64\x65\x76\x72\x65\x73\x5f\x6c\x6f\x63\x6b\0\x64\x65\x76\x72\x65\
\x73\x5f\x68\x65\x61\x64\0\x67\x72\x6f\x75\x70\x73\0\x69\x6f\x6d\x6d\x75\x5f\
\x67\x72\x6f\x75\x70\0\x69\x6f\x6d\x6d\x75\0\x70\x68\x79\x73\x69\x63\x61\x6c\
\x5f\x6c\x6f\x63\x61\x74\x69\x6f\x6e\0\x72\x65\x6d\x6f\x76\x61\x62\x6c\x65\0\
\x63\x6f\x72\x65\x64\x75\x6d\x70\x5f\x64\x69\x73\x61\x62\x6c\x65\x64\0\x6f\x66\
\x66\x6c\x69\x6e\x65\x5f\x64\x69\x73\x61\x62\x6c\x65\x64\0\x6f\x66\x66\x6c\x69\
\x6e\x65\0\x6f\x66\x5f\x6e\x6f\x64\x65\x5f\x72\x65\x75\x73\x65\x64\0\x73\x74\
\x61\x74\x65\x5f\x73\x79\x6e\x63\x65\x64\0\x63\x61\x6e\x5f\x6d\x61\x74\x63\x68\
\0\x64\x6d\x61\x5f\x63\x6f\x68\x65\x72\x65\x6e\x74\0\x64\x65\x76\x5f\x6c\x69\
\x6e\x6b\x73\x5f\x69\x6e\x66\x6f\0\x73\x75\x70\x70\x6c\x69\x65\x72\x73\0\x63\
\x6f\x6e\x73\x75\x6d\x65\x72\x73\0\x64\x65\x66\x65\x72\x5f\x73\x79\x6e\x63\0\
\x73\x74\x61\x74\x75\x73\0\x64\x6c\x5f\x64\x65\x76\x5f\x73\x74\x61\x74\x65\0\
\x44\x4c\x5f\x44\x45\x56\x5f\x4e\x4f\x5f\x44\x52\x49\x56\x45\x52\0\x44\x4c\x5f\
\x44\x45\x56\x5f\x50\x52\x4f\x42\x49\x4e\x47\0\x44\x4c\x5f\x44\x45\x56\x5f\x44\
\x52\x49\x56\x45\x52\x5f\x42\x4f\x55\x4e\x44\0\x44\x4c\x5f\x44\x45\x56\x5f\x55\
\x4e\x42\x49\x4e\x44\x49\x4e\x47\0\x64\x65\x76\x5f\x70\x6d\x5f\x69\x6e\x66\x6f\
\0\x70\x6f\x77\x65\x72\x5f\x73\x74\x61\x74\x65\0\x63\x61\x6e\x5f\x77\x61\x6b\
\x65\x75\x70\0\x61\x73\x79\x6e\x63\x5f\x73\x75\x73\x70\x65\x6e\x64\0\x69\x6e\
\x5f\x64\x70\x6d\x5f\x6c\x69\x73\x74\0\x69\x73\x5f\x70\x72\x65\x70\x61\x72\x65\
\x64\0\x69\x73\x5f\x73\x75\x73\x70\x65\x6e\x64\x65\x64\0\x69\x73\x5f\x6e\x6f\
\x69\x72\x71\x5f\x73\x75\x73\x70\x65\x6e\x64\x65\x64\0\x69\x73\x5f\x6c\x61\x74\
\x65\x5f\x73\x75\x73\x70\x65\x6e\x64\x65\x64\0\x6e\x6f\x5f\x70\x6d\0\x65\x61\
\x72\x6c\x79\x5f\x69\x6e\x69\x74\0\x64\x69\x72\x65\x63\x74\x5f\x63\x6f\x6d\x70\
\x6c\x65\x74\x65\0\x64\x72\x69\x76\x65\x72\x5f\x66\x6c\x61\x67\x73\0\x77\x61\
\x6b\x65\x75\x70\x5f\x70\x61\x74\x68\0\x73\x79\x73\x63\x6f\x72\x65\0\x6e\x6f\
\x5f\x70\x6d\x5f\x63\x61\x6c\x6c\x62\x61\x63\x6b\x73\0\x6d\x75\x73\x74\x5f\x72\
\x65\x73\x75\x6d\x65\0\x6d\x61\x79\x5f\x73\x6b\x69\x70\x5f\x72\x65\x73\x75\x6d\
\x65\0\x73\x75\x73\x70\x65\x6e\x64\x5f\x74\x69\x6d\x65\x72\0\x74\x69\x6d\x65\
\x72\x5f\x65\x78\x70\x69\x72\x65\x73\0\x77\x61\x69\x74\x5f\x71\x75\x65\x75\x65\
\0\x77\x61\x6b\x65\x69\x72\x71\0\x75\x73\x61\x67\x65\x5f\x63\x6f\x75\x6e\x74\0\
\x64\x69\x73\x61\x62\x6c\x65\x5f\x64\x65\x70\x74\x68\0\x69\x64\x6c\x65\x5f\x6e\
\x6f\x74\x69\x66\x69\x63\x61\x74\x69\x6f\x6e\0\x72\x65\x71\x75\x65\x73\x74\x5f\
\x70\x65\x6e\x64\x69\x6e\x67\0\x64\x65\x66\x65\x72\x72\x65\x64\x5f\x72\x65\x73\
\x75\x6d\x65\0\x6e\x65\x65\x64\x73\x5f\x66\x6f\x72\x63\x65\x5f\x72\x65\x73\x75\
\x6d\x65\0\x72\x75\x6e\x74\x69\x6d\x65\x5f\x61\x75\x74\x6f\0\x69\x67\x6e\x6f\
\x72\x65\x5f\x63\x68\x69\x6c\x64\x72\x65\x6e\0\x6e\x6f\x5f\x63\x61\x6c\x6c\x62\
\x61\x63\x6b\x73\0\x69\x72\x71\x5f\x73\x61\x66\x65\0\x75\x73\x65\x5f\x61\x75\
\x74\x6f\x73\x75\x73\x70\x65\x6e\x64\0\x74\x69\x6d\x65\x72\x5f\x61\x75\x74\x6f\
\x73\x75\x73\x70\x65\x6e\x64\x73\0\x6d\x65\x6d\x61\x6c\x6c\x6f\x63\x5f\x6e\x6f\
\x69\x6f\0\x6c\x69\x6e\x6b\x73\x5f\x63\x6f\x75\x6e\x74\0\x72\x65\x71\x75\x65\
\x73\x74\0\x72\x75\x6e\x74\x69\x6d\x65\x5f\x73\x74\x61\x74\x75\x73\0\x72\x75\
\x6e\x74\x69\x6d\x65\x5f\x65\x72\x72\x6f\x72\0\x61\x75\x74\x6f\x73\x75\x73\x70\
\x65\x6e\x64\x5f\x64\x65\x6c\x61\x79\0\x6c\x61\x73\x74\x5f\x62\x75\x73\x79\0\
\x61\x63\x74\x69\x76\x65\x5f\x74\x69\x6d\x65\0\x73\x75\x73\x70\x65\x6e\x64\x65\
\x64\x5f\x74\x69\x6d\x65\0\x61\x63\x63\x6f\x75\x6e\x74\x69\x6e\x67\x5f\x74\x69\
\x6d\x65\x73\x74\x61\x6d\x70\0\x73\x75\x62\x73\x79\x73\x5f\x64\x61\x74\x61\0\
\x73\x65\x74\x5f\x6c\x61\x74\x65\x6e\x63\x79\x5f\x74\x6f\x6c\x65\x72\x61\x6e\
\x63\x65\0\x71\x6f\x73\0\x70\x6d\x5f\x6d\x65\x73\x73\x61\x67\x65\x5f\x74\0\x70\
\x6d\x5f\x6d\x65\x73\x73\x61\x67\x65\0\x72\x70\x6d\x5f\x72\x65\x71\x75\x65\x73\
\x74\0\x52\x50\x4d\x5f\x52\x45\x51\x5f\x4e\x4f\x4e\x45\0\x52\x50\x4d\x5f\x52\
\x45\x51\x5f\x49\x44\x4c\x45\0\x52\x50\x4d\x5f\x52\x45\x51\x5f\x53\x55\x53\x50\
\x45\x4e\x44\0\x52\x50\x4d\x5f\x52\x45\x51\x5f\x41\x55\x54\x4f\x53\x55\x53\x50\
\x45\x4e\x44\0\x52\x50\x4d\x5f\x52\x45\x51\x5f\x52\x45\x53\x55\x4d\x45\0\x72\
\x70\x6d\x5f\x73\x74\x61\x74\x75\x73\0\x52\x50\x4d\x5f\x41\x43\x54\x49\x56\x45\
\0\x52\x50\x4d\x5f\x52\x45\x53\x55\x4d\x49\x4e\x47\0\x52\x50\x4d\x5f\x53\x55\
\x53\x50\x45\x4e\x44\x45\x44\0\x52\x50\x4d\x5f\x53\x55\x53\x50\x45\x4e\x44\x49\
\x4e\x47\0\x64\x65\x76\x5f\x61\x72\x63\x68\x64\x61\x74\x61\0\x64\x65\x76\x69\
\x63\x65\x5f\x72\x65\x6d\x6f\x76\x61\x62\x6c\x65\0\x44\x45\x56\x49\x43\x45\x5f\
\x52\x45\x4d\x4f\x56\x41\x42\x4c\x45\x5f\x4e\x4f\x54\x5f\x53\x55\x50\x50\x4f\
\x52\x54\x45\x44\0\x44\x45\x56\x49\x43\x45\x5f\x52\x45\x4d\x4f\x56\x41\x42\x4c\
\x45\x5f\x55\x4e\x4b\x4e\x4f\x57\x4e\0\x44\x45\x56\x49\x43\x45\x5f\x46\x49\x58\
\x45\x44\0\x44\x45\x56\x49\x43\x45\x5f\x52\x45\x4d\x4f\x56\x41\x42\x4c\x45\0\
\x71\x75\x6f\x74\x61\x5f\x69\x6e\x66\x6f\0\x64\x71\x69\x6f\x5f\x73\x65\x6d\0\
\x6d\x65\x6d\x5f\x64\x71\x69\x6e\x66\x6f\0\x64\x71\x69\x5f\x66\x6f\x72\x6d\x61\
\x74\0\x64\x71\x69\x5f\x66\x6d\x74\x5f\x69\x64\0\x64\x71\x69\x5f\x64\x69\x72\
\x74\x79\x5f\x6c\x69\x73\x74\0\x64\x71\x69\x5f\x66\x6c\x61\x67\x73\0\x64\x71\
\x69\x5f\x62\x67\x72\x61\x63\x65\0\x64\x71\x69\x5f\x69\x67\x72\x61\x63\x65\0\
\x64\x71\x69\x5f\x6d\x61\x78\x5f\x73\x70\x63\x5f\x6c\x69\x6d\x69\x74\0\x64\x71\
\x69\x5f\x6d\x61\x78\x5f\x69\x6e\x6f\x5f\x6c\x69\x6d\x69\x74\0\x64\x71\x69\x5f\
\x70\x72\x69\x76\0\x71\x73\x69\x7a\x65\x5f\x74\0\x71\x75\x6f\x74\x61\x5f\x66\
\x6f\x72\x6d\x61\x74\x5f\x6f\x70\x73\0\x63\x68\x65\x63\x6b\x5f\x71\x75\x6f\x74\
\x61\x5f\x66\x69\x6c\x65\0\x72\x65\x61\x64\x5f\x66\x69\x6c\x65\x5f\x69\x6e\x66\
\x6f\0\x77\x72\x69\x74\x65\x5f\x66\x69\x6c\x65\x5f\x69\x6e\x66\x6f\0\x66\x72\
\x65\x65\x5f\x66\x69\x6c\x65\x5f\x69\x6e\x66\x6f\0\x72\x65\x61\x64\x5f\x64\x71\
\x62\x6c\x6b\0\x63\x6f\x6d\x6d\x69\x74\x5f\x64\x71\x62\x6c\x6b\0\x72\x65\x6c\
\x65\x61\x73\x65\x5f\x64\x71\x62\x6c\x6b\0\x67\x65\x74\x5f\x6e\x65\x78\x74\x5f\
\x69\x64\0\x64\x71\x75\x6f\x74\0\x64\x71\x5f\x68\x61\x73\x68\0\x64\x71\x5f\x69\
\x6e\x75\x73\x65\0\x64\x71\x5f\x66\x72\x65\x65\0\x64\x71\x5f\x64\x69\x72\x74\
\x79\0\x64\x71\x5f\x6c\x6f\x63\x6b\0\x64\x71\x5f\x64\x71\x62\x5f\x6c\x6f\x63\
\x6b\0\x64\x71\x5f\x63\x6f\x75\x6e\x74\0\x64\x71\x5f\x73\x62\0\x64\x71\x5f\x69\
\x64\0\x64\x71\x5f\x6f\x66\x66\0\x64\x71\x5f\x66\x6c\x61\x67\x73\0\x64\x71\x5f\
\x64\x71\x62\0\x6b\x71\x69\x64\0\x70\x72\x6f\x6a\x69\x64\0\x6b\x70\x72\x6f\x6a\
\x69\x64\x5f\x74\0\x70\x72\x6f\x6a\x69\x64\x5f\x74\0\x71\x75\x6f\x74\x61\x5f\
\x74\x79\x70\x65\0\x55\x53\x52\x51\x55\x4f\x54\x41\0\x47\x52\x50\x51\x55\x4f\
\x54\x41\0\x50\x52\x4a\x51\x55\x4f\x54\x41\0\x6d\x65\x6d\x5f\x64\x71\x62\x6c\
\x6b\0\x64\x71\x62\x5f\x62\x68\x61\x72\x64\x6c\x69\x6d\x69\x74\0\x64\x71\x62\
\x5f\x62\x73\x6f\x66\x74\x6c\x69\x6d\x69\x74\0\x64\x71\x62\x5f\x63\x75\x72\x73\
\x70\x61\x63\x65\0\x64\x71\x62\x5f\x72\x73\x76\x73\x70\x61\x63\x65\0\x64\x71\
\x62\x5f\x69\x68\x61\x72\x64\x6c\x69\x6d\x69\x74\0\x64\x71\x62\x5f\x69\x73\x6f\
\x66\x74\x6c\x69\x6d\x69\x74\0\x64\x71\x62\x5f\x63\x75\x72\x69\x6e\x6f\x64\x65\
\x73\0\x64\x71\x62\x5f\x62\x74\x69\x6d\x65\0\x64\x71\x62\x5f\x69\x74\x69\x6d\
\x65\0\x73\x62\x5f\x77\x72\x69\x74\x65\x72\x73\0\x77\x61\x69\x74\x5f\x75\x6e\
\x66\x72\x6f\x7a\x65\x6e\0\x72\x77\x5f\x73\x65\x6d\0\x70\x65\x72\x63\x70\x75\
\x5f\x72\x77\x5f\x73\x65\x6d\x61\x70\x68\x6f\x72\x65\0\x72\x73\x73\0\x72\x65\
\x61\x64\x5f\x63\x6f\x75\x6e\x74\0\x77\x72\x69\x74\x65\x72\0\x77\x61\x69\x74\
\x65\x72\x73\0\x62\x6c\x6f\x63\x6b\0\x72\x63\x75\x5f\x73\x79\x6e\x63\0\x67\x70\
\x5f\x73\x74\x61\x74\x65\0\x67\x70\x5f\x63\x6f\x75\x6e\x74\0\x67\x70\x5f\x77\
\x61\x69\x74\0\x63\x62\x5f\x68\x65\x61\x64\0\x72\x63\x75\x77\x61\x69\x74\0\x66\
\x73\x6e\x6f\x74\x69\x66\x79\x5f\x6d\x61\x72\x6b\x5f\x63\x6f\x6e\x6e\x65\x63\
\x74\x6f\x72\0\x66\x73\x69\x64\0\x5f\x5f\x6b\x65\x72\x6e\x65\x6c\x5f\x66\x73\
\x69\x64\x5f\x74\0\x6f\x62\x6a\0\x64\x65\x73\x74\x72\x6f\x79\x5f\x6e\x65\x78\
\x74\0\x66\x73\x6e\x6f\x74\x69\x66\x79\x5f\x63\x6f\x6e\x6e\x70\x5f\x74\0\x75\
\x75\x69\x64\x5f\x74\0\x64\x65\x6e\x74\x72\x79\x5f\x6f\x70\x65\x72\x61\x74\x69\
\x6f\x6e\x73\0\x64\x5f\x72\x65\x76\x61\x6c\x69\x64\x61\x74\x65\0\x64\x5f\x77\
\x65\x61\x6b\x5f\x72\x65\x76\x61\x6c\x69\x64\x61\x74\x65\0\x64\x5f\x63\x6f\x6d\
\x70\x61\x72\x65\0\x64\x5f\x64\x65\x6c\x65\x74\x65\0\x64\x5f\x69\x6e\x69\x74\0\
\x64\x5f\x72\x65\x6c\x65\x61\x73\x65\0\x64\x5f\x70\x72\x75\x6e\x65\0\x64\x5f\
\x69\x70\x75\x74\0\x64\x5f\x64\x6e\x61\x6d\x65\0\x64\x5f\x61\x75\x74\x6f\x6d\
\x6f\x75\x6e\x74\0\x64\x5f\x6d\x61\x6e\x61\x67\x65\0\x64\x5f\x72\x65\x61\x6c\0\
\x73\x68\x72\x69\x6e\x6b\x65\x72\0\x63\x6f\x75\x6e\x74\x5f\x6f\x62\x6a\x65\x63\
\x74\x73\0\x73\x63\x61\x6e\x5f\x6f\x62\x6a\x65\x63\x74\x73\0\x62\x61\x74\x63\
\x68\0\x73\x65\x65\x6b\x73\0\x6e\x72\x5f\x64\x65\x66\x65\x72\x72\x65\x64\0\x73\
\x68\x72\x69\x6e\x6b\x5f\x63\x6f\x6e\x74\x72\x6f\x6c\0\x6e\x69\x64\0\x6e\x72\
\x5f\x74\x6f\x5f\x73\x63\x61\x6e\0\x6e\x72\x5f\x73\x63\x61\x6e\x6e\x65\x64\0\
\x6d\x65\x6d\x63\x67\0\x6d\x65\x6d\x5f\x63\x67\x72\x6f\x75\x70\0\x6c\x69\x73\
\x74\x5f\x6c\x72\x75\0\x64\x5f\x6c\x72\x75\0\x64\x5f\x77\x61\x69\x74\0\x64\x5f\
\x61\x6c\x69\x61\x73\0\x64\x5f\x69\x6e\x5f\x6c\x6f\x6f\x6b\x75\x70\x5f\x68\x61\
\x73\x68\0\x64\x5f\x72\x63\x75\0\x30\x3a\x32\x34\x3a\x32\0\x20\x20\x6e\x73\x5f\
\x69\x6e\x66\x6f\x2d\x3e\x6e\x65\x74\x5f\x6e\x73\x20\x3d\x20\x42\x50\x46\x5f\
\x43\x4f\x52\x45\x5f\x52\x45\x41\x44\x28\x74\x2c\x20\x6e\x73\x70\x72\x6f\x78\
\x79\x2c\x20\x6e\x65\x74\x5f\x6e\x73\x2c\x20\x6e\x73\x2e\x69\x6e\x75\x6d\x29\
\x3b\0\x30\x3a\x35\0\x6e\x65\x74\0\x70\x61\x73\x73\x69\x76\x65\0\x72\x75\x6c\
\x65\x73\x5f\x6d\x6f\x64\x5f\x6c\x6f\x63\x6b\0\x64\x65\x76\x5f\x75\x6e\x72\x65\
\x67\x5f\x63\x6f\x75\x6e\x74\0\x64\x65\x76\x5f\x62\x61\x73\x65\x5f\x73\x65\x71\
\0\x69\x66\x69\x6e\x64\x65\x78\0\x6e\x73\x69\x64\x5f\x6c\x6f\x63\x6b\0\x66\x6e\
\x68\x65\x5f\x67\x65\x6e\x69\x64\0\x65\x78\x69\x74\x5f\x6c\x69\x73\x74\0\x63\
\x6c\x65\x61\x6e\x75\x70\x5f\x6c\x69\x73\x74\0\x6b\x65\x79\x5f\x64\x6f\x6d\x61\
\x69\x6e\0\x6e\x65\x74\x6e\x73\x5f\x69\x64\x73\0\x64\x65\x76\x5f\x62\x61\x73\
\x65\x5f\x68\x65\x61\x64\0\x70\x72\x6f\x63\x5f\x6e\x65\x74\0\x70\x72\x6f\x63\
\x5f\x6e\x65\x74\x5f\x73\x74\x61\x74\0\x72\x74\x6e\x6c\0\x67\x65\x6e\x6c\x5f\
\x73\x6f\x63\x6b\0\x75\x65\x76\x65\x6e\x74\x5f\x73\x6f\x63\x6b\0\x64\x65\x76\
\x5f\x6e\x61\x6d\x65\x5f\x68\x65\x61\x64\0\x64\x65\x76\x5f\x69\x6e\x64\x65\x78\
\x5f\x68\x65\x61\x64\0\x6e\x65\x74\x64\x65\x76\x5f\x63\x68\x61\x69\x6e\0\x68\
\x61\x73\x68\x5f\x6d\x69\x78\0\x6c\x6f\x6f\x70\x62\x61\x63\x6b\x5f\x64\x65\x76\
\0\x72\x75\x6c\x65\x73\x5f\x6f\x70\x73\0\x6d\x69\x62\0\x70\x61\x63\x6b\x65\x74\
\0\x75\x6e\x78\0\x6e\x65\x78\x74\x68\x6f\x70\0\x69\x70\x76\x34\0\x69\x70\x76\
\x36\0\x6e\x66\0\x63\x74\0\x77\x65\x78\x74\x5f\x6e\x6c\x65\x76\x65\x6e\x74\x73\
\0\x67\x65\x6e\0\x78\x66\x72\x6d\0\x6e\x65\x74\x5f\x63\x6f\x6f\x6b\x69\x65\0\
\x64\x69\x61\x67\x5f\x6e\x6c\x73\x6b\0\x70\x72\x6f\x63\x5f\x64\x69\x72\x5f\x65\
\x6e\x74\x72\x79\0\x70\x64\x65\x5f\x6f\x70\x65\x6e\x65\x72\x73\0\x70\x64\x65\
\x5f\x75\x6e\x6c\x6f\x61\x64\x5f\x6c\x6f\x63\x6b\0\x70\x64\x65\x5f\x75\x6e\x6c\
\x6f\x61\x64\x5f\x63\x6f\x6d\x70\x6c\x65\x74\x69\x6f\x6e\0\x70\x72\x6f\x63\x5f\
\x69\x6f\x70\x73\0\x70\x72\x6f\x63\x5f\x64\x6f\x70\x73\0\x73\x74\x61\x74\x65\
\x5f\x73\x69\x7a\x65\0\x6c\x6f\x77\x5f\x69\x6e\x6f\0\x6e\x6c\x69\x6e\x6b\0\x73\
\x75\x62\x64\x69\x72\0\x73\x75\x62\x64\x69\x72\x5f\x6e\x6f\x64\x65\0\x6e\x61\
\x6d\x65\x6c\x65\x6e\0\x69\x6e\x6c\x69\x6e\x65\x5f\x6e\x61\x6d\x65\0\x69\x6e\
\x6f\x64\x65\x5f\x6f\x70\x65\x72\x61\x74\x69\x6f\x6e\x73\0\x6c\x6f\x6f\x6b\x75\
\x70\0\x67\x65\x74\x5f\x6c\x69\x6e\x6b\0\x70\x65\x72\x6d\x69\x73\x73\x69\x6f\
\x6e\0\x67\x65\x74\x5f\x61\x63\x6c\0\x72\x65\x61\x64\x6c\x69\x6e\x6b\0\x63\x72\
\x65\x61\x74\x65\0\x75\x6e\x6c\x69\x6e\x6b\0\x6d\x6b\x64\x69\x72\0\x72\x6d\x64\
\x69\x72\0\x6d\x6b\x6e\x6f\x64\0\x72\x65\x6e\x61\x6d\x65\0\x73\x65\x74\x61\x74\
\x74\x72\0\x67\x65\x74\x61\x74\x74\x72\0\x6c\x69\x73\x74\x78\x61\x74\x74\x72\0\
\x66\x69\x65\x6d\x61\x70\0\x75\x70\x64\x61\x74\x65\x5f\x74\x69\x6d\x65\0\x61\
\x74\x6f\x6d\x69\x63\x5f\x6f\x70\x65\x6e\0\x74\x6d\x70\x66\x69\x6c\x65\0\x73\
\x65\x74\x5f\x61\x63\x6c\0\x66\x69\x6c\x65\x61\x74\x74\x72\x5f\x73\x65\x74\0\
\x66\x69\x6c\x65\x61\x74\x74\x72\x5f\x67\x65\x74\0\x64\x65\x6c\x61\x79\x65\x64\
\x5f\x63\x61\x6c\x6c\0\x61\x72\x67\0\x69\x61\x5f\x76\x61\x6c\x69\x64\0\x69\x61\
\x5f\x6d\x6f\x64\x65\0\x69\x61\x5f\x75\x69\x64\0\x69\x61\x5f\x67\x69\x64\0\x69\
\x61\x5f\x73\x69\x7a\x65\0\x69\x61\x5f\x61\x74\x69\x6d\x65\0\x69\x61\x5f\x6d\
\x74\x69\x6d\x65\0\x69\x61\x5f\x63\x74\x69\x6d\x65\0\x69\x61\x5f\x66\x69\x6c\
\x65\0\x6b\x73\x74\x61\x74\0\x72\x65\x73\x75\x6c\x74\x5f\x6d\x61\x73\x6b\0\x62\
\x6c\x6b\x73\x69\x7a\x65\0\x61\x74\x74\x72\x69\x62\x75\x74\x65\x73\0\x61\x74\
\x74\x72\x69\x62\x75\x74\x65\x73\x5f\x6d\x61\x73\x6b\0\x69\x6e\x6f\0\x72\x64\
\x65\x76\0\x61\x74\x69\x6d\x65\0\x6d\x74\x69\x6d\x65\0\x63\x74\x69\x6d\x65\0\
\x62\x74\x69\x6d\x65\0\x62\x6c\x6f\x63\x6b\x73\0\x6d\x6e\x74\x5f\x69\x64\0\x66\
\x69\x65\x6d\x61\x70\x5f\x65\x78\x74\x65\x6e\x74\x5f\x69\x6e\x66\x6f\0\x66\x69\
\x5f\x66\x6c\x61\x67\x73\0\x66\x69\x5f\x65\x78\x74\x65\x6e\x74\x73\x5f\x6d\x61\
\x70\x70\x65\x64\0\x66\x69\x5f\x65\x78\x74\x65\x6e\x74\x73\x5f\x6d\x61\x78\0\
\x66\x69\x5f\x65\x78\x74\x65\x6e\x74\x73\x5f\x73\x74\x61\x72\x74\0\x66\x69\x6c\
\x65\x61\x74\x74\x72\0\x66\x73\x78\x5f\x78\x66\x6c\x61\x67\x73\0\x66\x73\x78\
\x5f\x65\x78\x74\x73\x69\x7a\x65\0\x66\x73\x78\x5f\x6e\x65\x78\x74\x65\x6e\x74\
\x73\0\x66\x73\x78\x5f\x70\x72\x6f\x6a\x69\x64\0\x66\x73\x78\x5f\x63\x6f\x77\
\x65\x78\x74\x73\x69\x7a\x65\0\x66\x6c\x61\x67\x73\x5f\x76\x61\x6c\x69\x64\0\
\x66\x73\x78\x5f\x76\x61\x6c\x69\x64\0\x70\x72\x6f\x63\x5f\x6f\x70\x73\0\x70\
\x72\x6f\x63\x5f\x64\x69\x72\x5f\x6f\x70\x73\0\x73\x65\x71\x5f\x6f\x70\x73\0\
\x73\x69\x6e\x67\x6c\x65\x5f\x73\x68\x6f\x77\0\x73\x65\x71\x5f\x6f\x70\x65\x72\
\x61\x74\x69\x6f\x6e\x73\0\x73\x68\x6f\x77\0\x70\x72\x6f\x63\x5f\x77\x72\x69\
\x74\x65\x5f\x74\0\x6e\x6c\x69\x6e\x6b\x5f\x74\0\x73\x6f\x63\x6b\0\x5f\x5f\x73\
\x6b\x5f\x63\x6f\x6d\x6d\x6f\x6e\0\x73\x6b\x5f\x6c\x6f\x63\x6b\0\x73\x6b\x5f\
\x64\x72\x6f\x70\x73\0\x73\x6b\x5f\x72\x63\x76\x6c\x6f\x77\x61\x74\0\x73\x6b\
\x5f\x65\x72\x72\x6f\x72\x5f\x71\x75\x65\x75\x65\0\x73\x6b\x5f\x72\x78\x5f\x73\
\x6b\x62\x5f\x63\x61\x63\x68\x65\0\x73\x6b\x5f\x72\x65\x63\x65\x69\x76\x65\x5f\
\x71\x75\x65\x75\x65\0\x73\x6b\x5f\x62\x61\x63\x6b\x6c\x6f\x67\0\x73\x6b\x5f\
\x66\x6f\x72\x77\x61\x72\x64\x5f\x61\x6c\x6c\x6f\x63\0\x73\x6b\x5f\x6c\x6c\x5f\
\x75\x73\x65\x63\0\x73\x6b\x5f\x6e\x61\x70\x69\x5f\x69\x64\0\x73\x6b\x5f\x72\
\x63\x76\x62\x75\x66\0\x73\x6b\x5f\x66\x69\x6c\x74\x65\x72\0\x73\x6b\x5f\x70\
\x6f\x6c\x69\x63\x79\0\x73\x6b\x5f\x72\x78\x5f\x64\x73\x74\0\x73\x6b\x5f\x72\
\x78\x5f\x64\x73\x74\x5f\x69\x66\x69\x6e\x64\x65\x78\0\x73\x6b\x5f\x72\x78\x5f\
\x64\x73\x74\x5f\x63\x6f\x6f\x6b\x69\x65\0\x73\x6b\x5f\x64\x73\x74\x5f\x63\x61\
\x63\x68\x65\0\x73\x6b\x5f\x6f\x6d\x65\x6d\x5f\x61\x6c\x6c\x6f\x63\0\x73\x6b\
\x5f\x73\x6e\x64\x62\x75\x66\0\x73\x6b\x5f\x77\x6d\x65\x6d\x5f\x71\x75\x65\x75\
\x65\x64\0\x73\x6b\x5f\x77\x6d\x65\x6d\x5f\x61\x6c\x6c\x6f\x63\0\x73\x6b\x5f\
\x74\x73\x71\x5f\x66\x6c\x61\x67\x73\0\x73\x6b\x5f\x74\x78\x5f\x73\x6b\x62\x5f\
\x63\x61\x63\x68\x65\0\x73\x6b\x5f\x77\x72\x69\x74\x65\x5f\x71\x75\x65\x75\x65\
\0\x73\x6b\x5f\x70\x65\x65\x6b\x5f\x6f\x66\x66\0\x73\x6b\x5f\x77\x72\x69\x74\
\x65\x5f\x70\x65\x6e\x64\x69\x6e\x67\0\x73\x6b\x5f\x64\x73\x74\x5f\x70\x65\x6e\
\x64\x69\x6e\x67\x5f\x63\x6f\x6e\x66\x69\x72\x6d\0\x73\x6b\x5f\x70\x61\x63\x69\
\x6e\x67\x5f\x73\x74\x61\x74\x75\x73\0\x73\x6b\x5f\x73\x6e\x64\x74\x69\x6d\x65\
\x6f\0\x73\x6b\x5f\x74\x69\x6d\x65\x72\0\x73\x6b\x5f\x70\x72\x69\x6f\x72\x69\
\x74\x79\0\x73\x6b\x5f\x6d\x61\x72\x6b\0\x73\x6b\x5f\x70\x61\x63\x69\x6e\x67\
\x5f\x72\x61\x74\x65\0\x73\x6b\x5f\x6d\x61\x78\x5f\x70\x61\x63\x69\x6e\x67\x5f\
\x72\x61\x74\x65\0\x73\x6b\x5f\x66\x72\x61\x67\0\x73\x6b\x5f\x72\x6f\x75\x74\
\x65\x5f\x63\x61\x70\x73\0\x73\x6b\x5f\x72\x6f\x75\x74\x65\x5f\x6e\x6f\x63\x61\
\x70\x73\0\x73\x6b\x5f\x72\x6f\x75\x74\x65\x5f\x66\x6f\x72\x63\x65\x64\x5f\x63\
\x61\x70\x73\0\x73\x6b\x5f\x67\x73\x6f\x5f\x74\x79\x70\x65\0\x73\x6b\x5f\x67\
\x73\x6f\x5f\x6d\x61\x78\x5f\x73\x69\x7a\x65\0\x73\x6b\x5f\x61\x6c\x6c\x6f\x63\
\x61\x74\x69\x6f\x6e\0\x73\x6b\x5f\x74\x78\x68\x61\x73\x68\0\x73\x6b\x5f\x70\
\x61\x64\x64\x69\x6e\x67\0\x73\x6b\x5f\x6b\x65\x72\x6e\x5f\x73\x6f\x63\x6b\0\
\x73\x6b\x5f\x6e\x6f\x5f\x63\x68\x65\x63\x6b\x5f\x74\x78\0\x73\x6b\x5f\x6e\x6f\
\x5f\x63\x68\x65\x63\x6b\x5f\x72\x78\0\x73\x6b\x5f\x75\x73\x65\x72\x6c\x6f\x63\
\x6b\x73\0\x73\x6b\x5f\x70\x61\x63\x69\x6e\x67\x5f\x73\x68\x69\x66\x74\0\x73\
\x6b\x5f\x74\x79\x70\x65\0\x73\x6b\x5f\x70\x72\x6f\x74\x6f\x63\x6f\x6c\0\x73\
\x6b\x5f\x67\x73\x6f\x5f\x6d\x61\x78\x5f\x73\x65\x67\x73\0\x73\x6b\x5f\x6c\x69\
\x6e\x67\x65\x72\x74\x69\x6d\x65\0\x73\x6b\x5f\x70\x72\x6f\x74\x5f\x63\x72\x65\
\x61\x74\x6f\x72\0\x73\x6b\x5f\x63\x61\x6c\x6c\x62\x61\x63\x6b\x5f\x6c\x6f\x63\
\x6b\0\x73\x6b\x5f\x65\x72\x72\0\x73\x6b\x5f\x65\x72\x72\x5f\x73\x6f\x66\x74\0\
\x73\x6b\x5f\x61\x63\x6b\x5f\x62\x61\x63\x6b\x6c\x6f\x67\0\x73\x6b\x5f\x6d\x61\
\x78\x5f\x61\x63\x6b\x5f\x62\x61\x63\x6b\x6c\x6f\x67\0\x73\x6b\x5f\x75\x69\x64\
\0\x73\x6b\x5f\x70\x72\x65\x66\x65\x72\x5f\x62\x75\x73\x79\x5f\x70\x6f\x6c\x6c\
\0\x73\x6b\x5f\x62\x75\x73\x79\x5f\x70\x6f\x6c\x6c\x5f\x62\x75\x64\x67\x65\x74\
\0\x73\x6b\x5f\x70\x65\x65\x72\x5f\x6c\x6f\x63\x6b\0\x73\x6b\x5f\x70\x65\x65\
\x72\x5f\x70\x69\x64\0\x73\x6b\x5f\x70\x65\x65\x72\x5f\x63\x72\x65\x64\0\x73\
\x6b\x5f\x72\x63\x76\x74\x69\x6d\x65\x6f\0\x73\x6b\x5f\x73\x74\x61\x6d\x70\0\
\x73\x6b\x5f\x74\x73\x66\x6c\x61\x67\x73\0\x73\x6b\x5f\x62\x69\x6e\x64\x5f\x70\
\x68\x63\0\x73\x6b\x5f\x73\x68\x75\x74\x64\x6f\x77\x6e\0\x73\x6b\x5f\x74\x73\
\x6b\x65\x79\0\x73\x6b\x5f\x7a\x63\x6b\x65\x79\0\x73\x6b\x5f\x63\x6c\x6f\x63\
\x6b\x69\x64\0\x73\x6b\x5f\x74\x78\x74\x69\x6d\x65\x5f\x64\x65\x61\x64\x6c\x69\
\x6e\x65\x5f\x6d\x6f\x64\x65\0\x73\x6b\x5f\x74\x78\x74\x69\x6d\x65\x5f\x72\x65\
\x70\x6f\x72\x74\x5f\x65\x72\x72\x6f\x72\x73\0\x73\x6b\x5f\x74\x78\x74\x69\x6d\
\x65\x5f\x75\x6e\x75\x73\x65\x64\0\x73\x6b\x5f\x73\x6f\x63\x6b\x65\x74\0\x73\
\x6b\x5f\x75\x73\x65\x72\x5f\x64\x61\x74\x61\0\x73\x6b\x5f\x73\x65\x63\x75\x72\
\x69\x74\x79\0\x73\x6b\x5f\x63\x67\x72\x70\x5f\x64\x61\x74\x61\0\x73\x6b\x5f\
\x6d\x65\x6d\x63\x67\0\x73\x6b\x5f\x73\x74\x61\x74\x65\x5f\x63\x68\x61\x6e\x67\
\x65\0\x73\x6b\x5f\x64\x61\x74\x61\x5f\x72\x65\x61\x64\x79\0\x73\x6b\x5f\x77\
\x72\x69\x74\x65\x5f\x73\x70\x61\x63\x65\0\x73\x6b\x5f\x65\x72\x72\x6f\x72\x5f\
\x72\x65\x70\x6f\x72\x74\0\x73\x6b\x5f\x62\x61\x63\x6b\x6c\x6f\x67\x5f\x72\x63\
\x76\0\x73\x6b\x5f\x64\x65\x73\x74\x72\x75\x63\x74\0\x73\x6b\x5f\x72\x65\x75\
\x73\x65\x70\x6f\x72\x74\x5f\x63\x62\0\x73\x6b\x5f\x62\x70\x66\x5f\x73\x74\x6f\
\x72\x61\x67\x65\0\x73\x6b\x5f\x72\x63\x75\0\x73\x6f\x63\x6b\x5f\x63\x6f\x6d\
\x6d\x6f\x6e\0\x73\x6b\x63\x5f\x66\x61\x6d\x69\x6c\x79\0\x73\x6b\x63\x5f\x73\
\x74\x61\x74\x65\0\x73\x6b\x63\x5f\x72\x65\x75\x73\x65\0\x73\x6b\x63\x5f\x72\
\x65\x75\x73\x65\x70\x6f\x72\x74\0\x73\x6b\x63\x5f\x69\x70\x76\x36\x6f\x6e\x6c\
\x79\0\x73\x6b\x63\x5f\x6e\x65\x74\x5f\x72\x65\x66\x63\x6e\x74\0\x73\x6b\x63\
\x5f\x62\x6f\x75\x6e\x64\x5f\x64\x65\x76\x5f\x69\x66\0\x73\x6b\x63\x5f\x70\x72\
\x6f\x74\0\x73\x6b\x63\x5f\x6e\x65\x74\0\x73\x6b\x63\x5f\x76\x36\x5f\x64\x61\
\x64\x64\x72\0\x73\x6b\x63\x5f\x76\x36\x5f\x72\x63\x76\x5f\x73\x61\x64\x64\x72\
\0\x73\x6b\x63\x5f\x63\x6f\x6f\x6b\x69\x65\0\x73\x6b\x63\x5f\x64\x6f\x6e\x74\
\x63\x6f\x70\x79\x5f\x62\x65\x67\x69\x6e\0\x73\x6b\x63\x5f\x74\x78\x5f\x71\x75\
\x65\x75\x65\x5f\x6d\x61\x70\x70\x69\x6e\x67\0\x73\x6b\x63\x5f\x72\x78\x5f\x71\
\x75\x65\x75\x65\x5f\x6d\x61\x70\x70\x69\x6e\x67\0\x73\x6b\x63\x5f\x72\x65\x66\
\x63\x6e\x74\0\x73\x6b\x63\x5f\x64\x6f\x6e\x74\x63\x6f\x70\x79\x5f\x65\x6e\x64\
\0\x73\x6b\x63\x5f\x61\x64\x64\x72\x70\x61\x69\x72\0\x5f\x5f\x61\x64\x64\x72\
\x70\x61\x69\x72\0\x73\x6b\x63\x5f\x64\x61\x64\x64\x72\0\x73\x6b\x63\x5f\x72\
\x63\x76\x5f\x73\x61\x64\x64\x72\0\x5f\x5f\x62\x65\x33\x32\0\x73\x6b\x63\x5f\
\x68\x61\x73\x68\0\x73\x6b\x63\x5f\x75\x31\x36\x68\x61\x73\x68\x65\x73\0\x73\
\x6b\x63\x5f\x70\x6f\x72\x74\x70\x61\x69\x72\0\x5f\x5f\x70\x6f\x72\x74\x70\x61\
\x69\x72\0\x73\x6b\x63\x5f\x64\x70\x6f\x72\x74\0\x73\x6b\x63\x5f\x6e\x75\x6d\0\
\x5f\x5f\x62\x65\x31\x36\0\x73\x6b\x63\x5f\x62\x69\x6e\x64\x5f\x6e\x6f\x64\x65\
\0\x73\x6b\x63\x5f\x70\x6f\x72\x74\x61\x64\x64\x72\x5f\x6e\x6f\x64\x65\0\x70\
\x6f\x73\x73\x69\x62\x6c\x65\x5f\x6e\x65\x74\x5f\x74\0\x69\x6e\x36\x5f\x61\x64\
\x64\x72\0\x69\x6e\x36\x5f\x75\0\x75\x36\x5f\x61\x64\x64\x72\x38\0\x75\x36\x5f\
\x61\x64\x64\x72\x31\x36\0\x75\x36\x5f\x61\x64\x64\x72\x33\x32\0\x73\x6b\x63\
\x5f\x66\x6c\x61\x67\x73\0\x73\x6b\x63\x5f\x6c\x69\x73\x74\x65\x6e\x65\x72\0\
\x73\x6b\x63\x5f\x74\x77\x5f\x64\x72\0\x73\x6b\x63\x5f\x6e\x6f\x64\x65\0\x73\
\x6b\x63\x5f\x6e\x75\x6c\x6c\x73\x5f\x6e\x6f\x64\x65\0\x68\x6c\x69\x73\x74\x5f\
\x6e\x75\x6c\x6c\x73\x5f\x6e\x6f\x64\x65\0\x73\x6b\x63\x5f\x69\x6e\x63\x6f\x6d\
\x69\x6e\x67\x5f\x63\x70\x75\0\x73\x6b\x63\x5f\x72\x63\x76\x5f\x77\x6e\x64\0\
\x73\x6b\x63\x5f\x74\x77\x5f\x72\x63\x76\x5f\x6e\x78\x74\0\x73\x6b\x63\x5f\x72\
\x78\x68\x61\x73\x68\0\x73\x6b\x63\x5f\x77\x69\x6e\x64\x6f\x77\x5f\x63\x6c\x61\
\x6d\x70\0\x73\x6b\x63\x5f\x74\x77\x5f\x73\x6e\x64\x5f\x6e\x78\x74\0\x73\x6f\
\x63\x6b\x65\x74\x5f\x6c\x6f\x63\x6b\x5f\x74\0\x73\x6c\x6f\x63\x6b\0\x6f\x77\
\x6e\x65\x64\0\x73\x6b\x5f\x62\x75\x66\x66\x5f\x68\x65\x61\x64\0\x71\x6c\x65\
\x6e\0\x73\x6b\x5f\x62\x75\x66\x66\0\x63\x62\0\x5f\x6e\x66\x63\x74\0\x64\x61\
\x74\x61\x5f\x6c\x65\x6e\0\x6d\x61\x63\x5f\x6c\x65\x6e\0\x68\x64\x72\x5f\x6c\
\x65\x6e\0\x71\x75\x65\x75\x65\x5f\x6d\x61\x70\x70\x69\x6e\x67\0\x5f\x5f\x63\
\x6c\x6f\x6e\x65\x64\x5f\x6f\x66\x66\x73\x65\x74\0\x63\x6c\x6f\x6e\x65\x64\0\
\x6e\x6f\x68\x64\x72\0\x66\x63\x6c\x6f\x6e\x65\0\x70\x65\x65\x6b\x65\x64\0\x68\
\x65\x61\x64\x5f\x66\x72\x61\x67\0\x70\x66\x6d\x65\x6d\x61\x6c\x6c\x6f\x63\0\
\x70\x70\x5f\x72\x65\x63\x79\x63\x6c\x65\0\x61\x63\x74\x69\x76\x65\x5f\x65\x78\
\x74\x65\x6e\x73\x69\x6f\x6e\x73\0\x68\x65\x61\x64\x65\x72\x73\x5f\x73\x74\x61\
\x72\x74\0\x5f\x5f\x70\x6b\x74\x5f\x74\x79\x70\x65\x5f\x6f\x66\x66\x73\x65\x74\
\0\x70\x6b\x74\x5f\x74\x79\x70\x65\0\x69\x67\x6e\x6f\x72\x65\x5f\x64\x66\0\x6e\
\x66\x5f\x74\x72\x61\x63\x65\0\x69\x70\x5f\x73\x75\x6d\x6d\x65\x64\0\x6f\x6f\
\x6f\x5f\x6f\x6b\x61\x79\0\x6c\x34\x5f\x68\x61\x73\x68\0\x73\x77\x5f\x68\x61\
\x73\x68\0\x77\x69\x66\x69\x5f\x61\x63\x6b\x65\x64\x5f\x76\x61\x6c\x69\x64\0\
\x77\x69\x66\x69\x5f\x61\x63\x6b\x65\x64\0\x6e\x6f\x5f\x66\x63\x73\0\x65\x6e\
\x63\x61\x70\x73\x75\x6c\x61\x74\x69\x6f\x6e\0\x65\x6e\x63\x61\x70\x5f\x68\x64\
\x72\x5f\x63\x73\x75\x6d\0\x63\x73\x75\x6d\x5f\x76\x61\x6c\x69\x64\0\x5f\x5f\
\x70\x6b\x74\x5f\x76\x6c\x61\x6e\x5f\x70\x72\x65\x73\x65\x6e\x74\x5f\x6f\x66\
\x66\x73\x65\x74\0\x76\x6c\x61\x6e\x5f\x70\x72\x65\x73\x65\x6e\x74\0\x63\x73\
\x75\x6d\x5f\x63\x6f\x6d\x70\x6c\x65\x74\x65\x5f\x73\x77\0\x63\x73\x75\x6d\x5f\
\x6c\x65\x76\x65\x6c\0\x63\x73\x75\x6d\x5f\x6e\x6f\x74\x5f\x69\x6e\x65\x74\0\
\x64\x73\x74\x5f\x70\x65\x6e\x64\x69\x6e\x67\x5f\x63\x6f\x6e\x66\x69\x72\x6d\0\
\x6e\x64\x69\x73\x63\x5f\x6e\x6f\x64\x65\x74\x79\x70\x65\0\x69\x70\x76\x73\x5f\
\x70\x72\x6f\x70\x65\x72\x74\x79\0\x69\x6e\x6e\x65\x72\x5f\x70\x72\x6f\x74\x6f\
\x63\x6f\x6c\x5f\x74\x79\x70\x65\0\x72\x65\x6d\x63\x73\x75\x6d\x5f\x6f\x66\x66\
\x6c\x6f\x61\x64\0\x74\x63\x5f\x73\x6b\x69\x70\x5f\x63\x6c\x61\x73\x73\x69\x66\
\x79\0\x74\x63\x5f\x61\x74\x5f\x69\x6e\x67\x72\x65\x73\x73\0\x72\x65\x64\x69\
\x72\x65\x63\x74\x65\x64\0\x73\x6c\x6f\x77\x5f\x67\x72\x6f\0\x73\x63\x6d\x5f\
\x69\x6f\x5f\x75\x72\x69\x6e\x67\0\x74\x63\x5f\x69\x6e\x64\x65\x78\0\x73\x6b\
\x62\x5f\x69\x69\x66\0\x76\x6c\x61\x6e\x5f\x70\x72\x6f\x74\x6f\0\x76\x6c\x61\
\x6e\x5f\x74\x63\x69\0\x73\x65\x63\x6d\x61\x72\x6b\0\x69\x6e\x6e\x65\x72\x5f\
\x74\x72\x61\x6e\x73\x70\x6f\x72\x74\x5f\x68\x65\x61\x64\x65\x72\0\x69\x6e\x6e\
\x65\x72\x5f\x6e\x65\x74\x77\x6f\x72\x6b\x5f\x68\x65\x61\x64\x65\x72\0\x69\x6e\
\x6e\x65\x72\x5f\x6d\x61\x63\x5f\x68\x65\x61\x64\x65\x72\0\x70\x72\x6f\x74\x6f\
\x63\x6f\x6c\0\x74\x72\x61\x6e\x73\x70\x6f\x72\x74\x5f\x68\x65\x61\x64\x65\x72\
\0\x6e\x65\x74\x77\x6f\x72\x6b\x5f\x68\x65\x61\x64\x65\x72\0\x6d\x61\x63\x5f\
\x68\x65\x61\x64\x65\x72\0\x68\x65\x61\x64\x65\x72\x73\x5f\x65\x6e\x64\0\x65\
\x6e\x64\0\x74\x72\x75\x65\x73\x69\x7a\x65\0\x75\x73\x65\x72\x73\0\x65\x78\x74\
\x65\x6e\x73\x69\x6f\x6e\x73\0\x72\x62\x6e\x6f\x64\x65\0\x64\x65\x76\x5f\x73\
\x63\x72\x61\x74\x63\x68\0\x73\x6b\0\x69\x70\x5f\x64\x65\x66\x72\x61\x67\x5f\
\x6f\x66\x66\x73\x65\x74\0\x73\x6b\x62\x5f\x6d\x73\x74\x61\x6d\x70\x5f\x6e\x73\
\0\x74\x63\x70\x5f\x74\x73\x6f\x72\x74\x65\x64\x5f\x61\x6e\x63\x68\x6f\x72\0\
\x5f\x73\x6b\x5f\x72\x65\x64\x69\x72\0\x5f\x73\x6b\x62\x5f\x72\x65\x66\x64\x73\
\x74\0\x64\x65\x73\x74\x72\x75\x63\x74\x6f\x72\0\x63\x73\x75\x6d\0\x5f\x5f\x77\
\x73\x75\x6d\0\x63\x73\x75\x6d\x5f\x73\x74\x61\x72\x74\0\x63\x73\x75\x6d\x5f\
\x6f\x66\x66\x73\x65\x74\0\x6e\x61\x70\x69\x5f\x69\x64\0\x73\x65\x6e\x64\x65\
\x72\x5f\x63\x70\x75\0\x6d\x61\x72\x6b\0\x72\x65\x73\x65\x72\x76\x65\x64\x5f\
\x74\x61\x69\x6c\x72\x6f\x6f\x6d\0\x69\x6e\x6e\x65\x72\x5f\x70\x72\x6f\x74\x6f\
\x63\x6f\x6c\0\x69\x6e\x6e\x65\x72\x5f\x69\x70\x70\x72\x6f\x74\x6f\0\x73\x6b\
\x5f\x62\x75\x66\x66\x5f\x64\x61\x74\x61\x5f\x74\0\x72\x6d\x65\x6d\x5f\x61\x6c\
\x6c\x6f\x63\0\x73\x6b\x5f\x77\x71\0\x73\x6b\x5f\x77\x71\x5f\x72\x61\x77\0\x73\
\x6f\x63\x6b\x65\x74\x5f\x77\x71\0\x66\x61\x73\x79\x6e\x63\x5f\x6c\x69\x73\x74\
\0\x78\x66\x72\x6d\x5f\x70\x6f\x6c\x69\x63\x79\0\x78\x70\x5f\x6e\x65\x74\0\x62\
\x79\x64\x73\x74\0\x62\x79\x69\x64\x78\0\x67\x65\x6e\x69\x64\0\x69\x66\x5f\x69\
\x64\0\x73\x65\x6c\x65\x63\x74\x6f\x72\0\x6c\x66\x74\0\x63\x75\x72\x6c\x66\x74\
\0\x77\x61\x6c\x6b\0\x70\x6f\x6c\x71\0\x62\x79\x64\x73\x74\x5f\x72\x65\x69\x6e\
\x73\x65\x72\x74\0\x61\x63\x74\x69\x6f\x6e\0\x78\x66\x72\x6d\x5f\x6e\x72\0\x66\
\x61\x6d\x69\x6c\x79\0\x78\x66\x72\x6d\x5f\x76\x65\x63\0\x62\x79\x64\x73\x74\
\x5f\x69\x6e\x65\x78\x61\x63\x74\x5f\x6c\x69\x73\x74\0\x78\x66\x72\x6d\x5f\x6d\
\x61\x72\x6b\0\x76\0\x78\x66\x72\x6d\x5f\x73\x65\x6c\x65\x63\x74\x6f\x72\0\x64\
\x61\x64\x64\x72\0\x73\x61\x64\x64\x72\0\x64\x70\x6f\x72\x74\0\x64\x70\x6f\x72\
\x74\x5f\x6d\x61\x73\x6b\0\x73\x70\x6f\x72\x74\0\x73\x70\x6f\x72\x74\x5f\x6d\
\x61\x73\x6b\0\x70\x72\x65\x66\x69\x78\x6c\x65\x6e\x5f\x64\0\x70\x72\x65\x66\
\x69\x78\x6c\x65\x6e\x5f\x73\0\x70\x72\x6f\x74\x6f\0\x78\x66\x72\x6d\x5f\x61\
\x64\x64\x72\x65\x73\x73\x5f\x74\0\x61\x34\0\x61\x36\0\x69\x6e\x36\0\x78\x66\
\x72\x6d\x5f\x6c\x69\x66\x65\x74\x69\x6d\x65\x5f\x63\x66\x67\0\x73\x6f\x66\x74\
\x5f\x62\x79\x74\x65\x5f\x6c\x69\x6d\x69\x74\0\x68\x61\x72\x64\x5f\x62\x79\x74\
\x65\x5f\x6c\x69\x6d\x69\x74\0\x73\x6f\x66\x74\x5f\x70\x61\x63\x6b\x65\x74\x5f\
\x6c\x69\x6d\x69\x74\0\x68\x61\x72\x64\x5f\x70\x61\x63\x6b\x65\x74\x5f\x6c\x69\
\x6d\x69\x74\0\x73\x6f\x66\x74\x5f\x61\x64\x64\x5f\x65\x78\x70\x69\x72\x65\x73\
\x5f\x73\x65\x63\x6f\x6e\x64\x73\0\x68\x61\x72\x64\x5f\x61\x64\x64\x5f\x65\x78\
\x70\x69\x72\x65\x73\x5f\x73\x65\x63\x6f\x6e\x64\x73\0\x73\x6f\x66\x74\x5f\x75\
\x73\x65\x5f\x65\x78\x70\x69\x72\x65\x73\x5f\x73\x65\x63\x6f\x6e\x64\x73\0\x68\
\x61\x72\x64\x5f\x75\x73\x65\x5f\x65\x78\x70\x69\x72\x65\x73\x5f\x73\x65\x63\
\x6f\x6e\x64\x73\0\x78\x66\x72\x6d\x5f\x6c\x69\x66\x65\x74\x69\x6d\x65\x5f\x63\
\x75\x72\0\x62\x79\x74\x65\x73\0\x70\x61\x63\x6b\x65\x74\x73\0\x61\x64\x64\x5f\
\x74\x69\x6d\x65\0\x75\x73\x65\x5f\x74\x69\x6d\x65\0\x78\x66\x72\x6d\x5f\x70\
\x6f\x6c\x69\x63\x79\x5f\x77\x61\x6c\x6b\x5f\x65\x6e\x74\x72\x79\0\x61\x6c\x6c\
\0\x78\x66\x72\x6d\x5f\x70\x6f\x6c\x69\x63\x79\x5f\x71\x75\x65\x75\x65\0\x68\
\x6f\x6c\x64\x5f\x71\x75\x65\x75\x65\0\x68\x6f\x6c\x64\x5f\x74\x69\x6d\x65\x72\
\0\x78\x66\x72\x6d\x5f\x74\x6d\x70\x6c\0\x65\x6e\x63\x61\x70\x5f\x66\x61\x6d\
\x69\x6c\x79\0\x72\x65\x71\x69\x64\0\x73\x68\x61\x72\x65\0\x6f\x70\x74\x69\x6f\
\x6e\x61\x6c\0\x61\x6c\x6c\x61\x6c\x67\x73\0\x61\x61\x6c\x67\x6f\x73\0\x65\x61\
\x6c\x67\x6f\x73\0\x63\x61\x6c\x67\x6f\x73\0\x78\x66\x72\x6d\x5f\x69\x64\0\x73\
\x70\x69\0\x64\x73\x74\x5f\x65\x6e\x74\x72\x79\0\x5f\x6d\x65\x74\x72\x69\x63\
\x73\0\x69\x6e\x70\x75\x74\0\x6f\x75\x74\x70\x75\x74\0\x6f\x62\x73\x6f\x6c\x65\
\x74\x65\0\x68\x65\x61\x64\x65\x72\x5f\x6c\x65\x6e\0\x74\x72\x61\x69\x6c\x65\
\x72\x5f\x6c\x65\x6e\0\x5f\x5f\x72\x65\x66\x63\x6e\x74\0\x5f\x5f\x75\x73\x65\0\
\x6c\x61\x73\x74\x75\x73\x65\0\x6c\x77\x74\x73\x74\x61\x74\x65\0\x65\x72\x72\
\x6f\x72\0\x5f\x5f\x70\x61\x64\0\x74\x63\x6c\x61\x73\x73\x69\x64\0\x6e\x65\x74\
\x5f\x64\x65\x76\x69\x63\x65\0\x6e\x61\x6d\x65\x5f\x6e\x6f\x64\x65\0\x69\x66\
\x61\x6c\x69\x61\x73\0\x6d\x65\x6d\x5f\x65\x6e\x64\0\x6d\x65\x6d\x5f\x73\x74\
\x61\x72\x74\0\x62\x61\x73\x65\x5f\x61\x64\x64\x72\0\x64\x65\x76\x5f\x6c\x69\
\x73\x74\0\x6e\x61\x70\x69\x5f\x6c\x69\x73\x74\0\x75\x6e\x72\x65\x67\x5f\x6c\
\x69\x73\x74\0\x63\x6c\x6f\x73\x65\x5f\x6c\x69\x73\x74\0\x70\x74\x79\x70\x65\
\x5f\x61\x6c\x6c\0\x70\x74\x79\x70\x65\x5f\x73\x70\x65\x63\x69\x66\x69\x63\0\
\x61\x64\x6a\x5f\x6c\x69\x73\x74\0\x70\x72\x69\x76\x5f\x66\x6c\x61\x67\x73\0\
\x6e\x65\x74\x64\x65\x76\x5f\x6f\x70\x73\0\x67\x66\x6c\x61\x67\x73\0\x68\x61\
\x72\x64\x5f\x68\x65\x61\x64\x65\x72\x5f\x6c\x65\x6e\0\x6d\x74\x75\0\x6e\x65\
\x65\x64\x65\x64\x5f\x68\x65\x61\x64\x72\x6f\x6f\x6d\0\x6e\x65\x65\x64\x65\x64\
\x5f\x74\x61\x69\x6c\x72\x6f\x6f\x6d\0\x66\x65\x61\x74\x75\x72\x65\x73\0\x68\
\x77\x5f\x66\x65\x61\x74\x75\x72\x65\x73\0\x77\x61\x6e\x74\x65\x64\x5f\x66\x65\
\x61\x74\x75\x72\x65\x73\0\x76\x6c\x61\x6e\x5f\x66\x65\x61\x74\x75\x72\x65\x73\
\0\x68\x77\x5f\x65\x6e\x63\x5f\x66\x65\x61\x74\x75\x72\x65\x73\0\x6d\x70\x6c\
\x73\x5f\x66\x65\x61\x74\x75\x72\x65\x73\0\x67\x73\x6f\x5f\x70\x61\x72\x74\x69\
\x61\x6c\x5f\x66\x65\x61\x74\x75\x72\x65\x73\0\x6d\x69\x6e\x5f\x6d\x74\x75\0\
\x6d\x61\x78\x5f\x6d\x74\x75\0\x6d\x69\x6e\x5f\x68\x65\x61\x64\x65\x72\x5f\x6c\
\x65\x6e\0\x6e\x61\x6d\x65\x5f\x61\x73\x73\x69\x67\x6e\x5f\x74\x79\x70\x65\0\
\x72\x78\x5f\x64\x72\x6f\x70\x70\x65\x64\0\x74\x78\x5f\x64\x72\x6f\x70\x70\x65\
\x64\0\x72\x78\x5f\x6e\x6f\x68\x61\x6e\x64\x6c\x65\x72\0\x63\x61\x72\x72\x69\
\x65\x72\x5f\x75\x70\x5f\x63\x6f\x75\x6e\x74\0\x63\x61\x72\x72\x69\x65\x72\x5f\
\x64\x6f\x77\x6e\x5f\x63\x6f\x75\x6e\x74\0\x65\x74\x68\x74\x6f\x6f\x6c\x5f\x6f\
\x70\x73\0\x6e\x64\x69\x73\x63\x5f\x6f\x70\x73\0\x68\x65\x61\x64\x65\x72\x5f\
\x6f\x70\x73\0\x6f\x70\x65\x72\x73\x74\x61\x74\x65\0\x6c\x69\x6e\x6b\x5f\x6d\
\x6f\x64\x65\0\x69\x66\x5f\x70\x6f\x72\x74\0\x64\x6d\x61\0\x70\x65\x72\x6d\x5f\
\x61\x64\x64\x72\0\x61\x64\x64\x72\x5f\x61\x73\x73\x69\x67\x6e\x5f\x74\x79\x70\
\x65\0\x61\x64\x64\x72\x5f\x6c\x65\x6e\0\x75\x70\x70\x65\x72\x5f\x6c\x65\x76\
\x65\x6c\0\x6c\x6f\x77\x65\x72\x5f\x6c\x65\x76\x65\x6c\0\x6e\x65\x69\x67\x68\
\x5f\x70\x72\x69\x76\x5f\x6c\x65\x6e\0\x64\x65\x76\x5f\x69\x64\0\x64\x65\x76\
\x5f\x70\x6f\x72\x74\0\x70\x61\x64\x64\x65\x64\0\x61\x64\x64\x72\x5f\x6c\x69\
\x73\x74\x5f\x6c\x6f\x63\x6b\0\x69\x72\x71\0\x75\x63\0\x6d\x63\0\x64\x65\x76\
\x5f\x61\x64\x64\x72\x73\0\x71\x75\x65\x75\x65\x73\x5f\x6b\x73\x65\x74\0\x70\
\x72\x6f\x6d\x69\x73\x63\x75\x69\x74\x79\0\x61\x6c\x6c\x6d\x75\x6c\x74\x69\0\
\x75\x63\x5f\x70\x72\x6f\x6d\x69\x73\x63\0\x76\x6c\x61\x6e\x5f\x69\x6e\x66\x6f\
\0\x69\x70\x5f\x70\x74\x72\0\x69\x70\x36\x5f\x70\x74\x72\0\x69\x65\x65\x65\x38\
\x30\x32\x31\x31\x5f\x70\x74\x72\0\x69\x65\x65\x65\x38\x30\x32\x31\x35\x34\x5f\
\x70\x74\x72\0\x64\x65\x76\x5f\x61\x64\x64\x72\0\x5f\x72\x78\0\x6e\x75\x6d\x5f\
\x72\x78\x5f\x71\x75\x65\x75\x65\x73\0\x72\x65\x61\x6c\x5f\x6e\x75\x6d\x5f\x72\
\x78\x5f\x71\x75\x65\x75\x65\x73\0\x78\x64\x70\x5f\x70\x72\x6f\x67\0\x67\x72\
\x6f\x5f\x66\x6c\x75\x73\x68\x5f\x74\x69\x6d\x65\x6f\x75\x74\0\x6e\x61\x70\x69\
\x5f\x64\x65\x66\x65\x72\x5f\x68\x61\x72\x64\x5f\x69\x72\x71\x73\0\x72\x78\x5f\
\x68\x61\x6e\x64\x6c\x65\x72\0\x72\x78\x5f\x68\x61\x6e\x64\x6c\x65\x72\x5f\x64\
\x61\x74\x61\0\x6d\x69\x6e\x69\x71\x5f\x69\x6e\x67\x72\x65\x73\x73\0\x69\x6e\
\x67\x72\x65\x73\x73\x5f\x71\x75\x65\x75\x65\0\x6e\x66\x5f\x68\x6f\x6f\x6b\x73\
\x5f\x69\x6e\x67\x72\x65\x73\x73\0\x62\x72\x6f\x61\x64\x63\x61\x73\x74\0\x72\
\x78\x5f\x63\x70\x75\x5f\x72\x6d\x61\x70\0\x69\x6e\x64\x65\x78\x5f\x68\x6c\x69\
\x73\x74\0\x5f\x74\x78\0\x6e\x75\x6d\x5f\x74\x78\x5f\x71\x75\x65\x75\x65\x73\0\
\x72\x65\x61\x6c\x5f\x6e\x75\x6d\x5f\x74\x78\x5f\x71\x75\x65\x75\x65\x73\0\x71\
\x64\x69\x73\x63\0\x74\x78\x5f\x71\x75\x65\x75\x65\x5f\x6c\x65\x6e\0\x74\x78\
\x5f\x67\x6c\x6f\x62\x61\x6c\x5f\x6c\x6f\x63\x6b\0\x78\x64\x70\x5f\x62\x75\x6c\
\x6b\x71\0\x78\x70\x73\x5f\x6d\x61\x70\x73\0\x6d\x69\x6e\x69\x71\x5f\x65\x67\
\x72\x65\x73\x73\0\x71\x64\x69\x73\x63\x5f\x68\x61\x73\x68\0\x77\x61\x74\x63\
\x68\x64\x6f\x67\x5f\x74\x69\x6d\x65\x72\0\x77\x61\x74\x63\x68\x64\x6f\x67\x5f\
\x74\x69\x6d\x65\x6f\0\x70\x72\x6f\x74\x6f\x5f\x64\x6f\x77\x6e\x5f\x72\x65\x61\
\x73\x6f\x6e\0\x74\x6f\x64\x6f\x5f\x6c\x69\x73\x74\0\x70\x63\x70\x75\x5f\x72\
\x65\x66\x63\x6e\x74\0\x6c\x69\x6e\x6b\x5f\x77\x61\x74\x63\x68\x5f\x6c\x69\x73\
\x74\0\x72\x65\x67\x5f\x73\x74\x61\x74\x65\0\x64\x69\x73\x6d\x61\x6e\x74\x6c\
\x65\0\x72\x74\x6e\x6c\x5f\x6c\x69\x6e\x6b\x5f\x73\x74\x61\x74\x65\0\x6e\x65\
\x65\x64\x73\x5f\x66\x72\x65\x65\x5f\x6e\x65\x74\x64\x65\x76\0\x70\x72\x69\x76\
\x5f\x64\x65\x73\x74\x72\x75\x63\x74\x6f\x72\0\x6e\x64\x5f\x6e\x65\x74\0\x6d\
\x6c\x5f\x70\x72\x69\x76\0\x6d\x6c\x5f\x70\x72\x69\x76\x5f\x74\x79\x70\x65\0\
\x73\x79\x73\x66\x73\x5f\x67\x72\x6f\x75\x70\x73\0\x73\x79\x73\x66\x73\x5f\x72\
\x78\x5f\x71\x75\x65\x75\x65\x5f\x67\x72\x6f\x75\x70\0\x72\x74\x6e\x6c\x5f\x6c\
\x69\x6e\x6b\x5f\x6f\x70\x73\0\x67\x73\x6f\x5f\x6d\x61\x78\x5f\x73\x69\x7a\x65\
\0\x67\x73\x6f\x5f\x6d\x61\x78\x5f\x73\x65\x67\x73\0\x6e\x75\x6d\x5f\x74\x63\0\
\x74\x63\x5f\x74\x6f\x5f\x74\x78\x71\0\x70\x72\x69\x6f\x5f\x74\x63\x5f\x6d\x61\
\x70\0\x70\x68\x79\x64\x65\x76\0\x73\x66\x70\x5f\x62\x75\x73\0\x71\x64\x69\x73\
\x63\x5f\x74\x78\x5f\x62\x75\x73\x79\x6c\x6f\x63\x6b\0\x71\x64\x69\x73\x63\x5f\
\x72\x75\x6e\x6e\x69\x6e\x67\x5f\x6b\x65\x79\0\x70\x72\x6f\x74\x6f\x5f\x64\x6f\
\x77\x6e\0\x77\x6f\x6c\x5f\x65\x6e\x61\x62\x6c\x65\x64\0\x74\x68\x72\x65\x61\
\x64\x65\x64\0\x6e\x65\x74\x5f\x6e\x6f\x74\x69\x66\x69\x65\x72\x5f\x6c\x69\x73\
\x74\0\x75\x64\x70\x5f\x74\x75\x6e\x6e\x65\x6c\x5f\x6e\x69\x63\x5f\x69\x6e\x66\
\x6f\0\x75\x64\x70\x5f\x74\x75\x6e\x6e\x65\x6c\x5f\x6e\x69\x63\0\x78\x64\x70\
\x5f\x73\x74\x61\x74\x65\0\x75\x70\x70\x65\x72\0\x6c\x6f\x77\x65\x72\0\x6e\x65\
\x74\x64\x65\x76\x5f\x66\x65\x61\x74\x75\x72\x65\x73\x5f\x74\0\x6e\x65\x74\x5f\
\x64\x65\x76\x69\x63\x65\x5f\x73\x74\x61\x74\x73\0\x72\x78\x5f\x70\x61\x63\x6b\
\x65\x74\x73\0\x5f\x5f\x72\x78\x5f\x70\x61\x63\x6b\x65\x74\x73\0\x74\x78\x5f\
\x70\x61\x63\x6b\x65\x74\x73\0\x5f\x5f\x74\x78\x5f\x70\x61\x63\x6b\x65\x74\x73\
\0\x72\x78\x5f\x62\x79\x74\x65\x73\0\x5f\x5f\x72\x78\x5f\x62\x79\x74\x65\x73\0\
\x74\x78\x5f\x62\x79\x74\x65\x73\0\x5f\x5f\x74\x78\x5f\x62\x79\x74\x65\x73\0\
\x72\x78\x5f\x65\x72\x72\x6f\x72\x73\0\x5f\x5f\x72\x78\x5f\x65\x72\x72\x6f\x72\
\x73\0\x74\x78\x5f\x65\x72\x72\x6f\x72\x73\0\x5f\x5f\x74\x78\x5f\x65\x72\x72\
\x6f\x72\x73\0\x5f\x5f\x72\x78\x5f\x64\x72\x6f\x70\x70\x65\x64\0\x5f\x5f\x74\
\x78\x5f\x64\x72\x6f\x70\x70\x65\x64\0\x6d\x75\x6c\x74\x69\x63\x61\x73\x74\0\
\x5f\x5f\x6d\x75\x6c\x74\x69\x63\x61\x73\x74\0\x63\x6f\x6c\x6c\x69\x73\x69\x6f\
\x6e\x73\0\x5f\x5f\x63\x6f\x6c\x6c\x69\x73\x69\x6f\x6e\x73\0\x72\x78\x5f\x6c\
\x65\x6e\x67\x74\x68\x5f\x65\x72\x72\x6f\x72\x73\0\x5f\x5f\x72\x78\x5f\x6c\x65\
\x6e\x67\x74\x68\x5f\x65\x72\x72\x6f\x72\x73\0\x72\x78\x5f\x6f\x76\x65\x72\x5f\
\x65\x72\x72\x6f\x72\x73\0\x5f\x5f\x72\x78\x5f\x6f\x76\x65\x72\x5f\x65\x72\x72\
\x6f\x72\x73\0\x72\x78\x5f\x63\x72\x63\x5f\x65\x72\x72\x6f\x72\x73\0\x5f\x5f\
\x72\x78\x5f\x63\x72\x63\x5f\x65\x72\x72\x6f\x72\x73\0\x72\x78\x5f\x66\x72\x61\
\x6d\x65\x5f\x65\x72\x72\x6f\x72\x73\0\x5f\x5f\x72\x78\x5f\x66\x72\x61\x6d\x65\
\x5f\x65\x72\x72\x6f\x72\x73\0\x72\x78\x5f\x66\x69\x66\x6f\x5f\x65\x72\x72\x6f\
\x72\x73\0\x5f\x5f\x72\x78\x5f\x66\x69\x66\x6f\x5f\x65\x72\x72\x6f\x72\x73\0\
\x72\x78\x5f\x6d\x69\x73\x73\x65\x64\x5f\x65\x72\x72\x6f\x72\x73\0\x5f\x5f\x72\
\x78\x5f\x6d\x69\x73\x73\x65\x64\x5f\x65\x72\x72\x6f\x72\x73\0\x74\x78\x5f\x61\
\x62\x6f\x72\x74\x65\x64\x5f\x65\x72\x72\x6f\x72\x73\0\x5f\x5f\x74\x78\x5f\x61\
\x62\x6f\x72\x74\x65\x64\x5f\x65\x72\x72\x6f\x72\x73\0\x74\x78\x5f\x63\x61\x72\
\x72\x69\x65\x72\x5f\x65\x72\x72\x6f\x72\x73\0\x5f\x5f\x74\x78\x5f\x63\x61\x72\
\x72\x69\x65\x72\x5f\x65\x72\x72\x6f\x72\x73\0\x74\x78\x5f\x66\x69\x66\x6f\x5f\
\x65\x72\x72\x6f\x72\x73\0\x5f\x5f\x74\x78\x5f\x66\x69\x66\x6f\x5f\x65\x72\x72\
\x6f\x72\x73\0\x74\x78\x5f\x68\x65\x61\x72\x74\x62\x65\x61\x74\x5f\x65\x72\x72\
\x6f\x72\x73\0\x5f\x5f\x74\x78\x5f\x68\x65\x61\x72\x74\x62\x65\x61\x74\x5f\x65\
\x72\x72\x6f\x72\x73\0\x74\x78\x5f\x77\x69\x6e\x64\x6f\x77\x5f\x65\x72\x72\x6f\
\x72\x73\0\x5f\x5f\x74\x78\x5f\x77\x69\x6e\x64\x6f\x77\x5f\x65\x72\x72\x6f\x72\
\x73\0\x72\x78\x5f\x63\x6f\x6d\x70\x72\x65\x73\x73\x65\x64\0\x5f\x5f\x72\x78\
\x5f\x63\x6f\x6d\x70\x72\x65\x73\x73\x65\x64\0\x74\x78\x5f\x63\x6f\x6d\x70\x72\
\x65\x73\x73\x65\x64\0\x5f\x5f\x74\x78\x5f\x63\x6f\x6d\x70\x72\x65\x73\x73\x65\
\x64\0\x6e\x65\x74\x64\x65\x76\x5f\x68\x77\x5f\x61\x64\x64\x72\x5f\x6c\x69\x73\
\x74\0\x75\x65\x76\x65\x6e\x74\x5f\x6f\x70\x73\0\x72\x78\x5f\x68\x61\x6e\x64\
\x6c\x65\x72\x5f\x66\x75\x6e\x63\x5f\x74\0\x72\x78\x5f\x68\x61\x6e\x64\x6c\x65\
\x72\x5f\x72\x65\x73\x75\x6c\x74\x5f\x74\0\x72\x78\x5f\x68\x61\x6e\x64\x6c\x65\
\x72\x5f\x72\x65\x73\x75\x6c\x74\0\x52\x58\x5f\x48\x41\x4e\x44\x4c\x45\x52\x5f\
\x43\x4f\x4e\x53\x55\x4d\x45\x44\0\x52\x58\x5f\x48\x41\x4e\x44\x4c\x45\x52\x5f\
\x41\x4e\x4f\x54\x48\x45\x52\0\x52\x58\x5f\x48\x41\x4e\x44\x4c\x45\x52\x5f\x45\
\x58\x41\x43\x54\0\x52\x58\x5f\x48\x41\x4e\x44\x4c\x45\x52\x5f\x50\x41\x53\x53\
\0\x6e\x65\x74\x64\x65\x76\x5f\x71\x75\x65\x75\x65\0\x71\x64\x69\x73\x63\x5f\
\x73\x6c\x65\x65\x70\x69\x6e\x67\0\x74\x78\x5f\x6d\x61\x78\x72\x61\x74\x65\0\
\x74\x72\x61\x6e\x73\x5f\x74\x69\x6d\x65\x6f\x75\x74\0\x73\x62\x5f\x64\x65\x76\
\0\x5f\x78\x6d\x69\x74\x5f\x6c\x6f\x63\x6b\0\x78\x6d\x69\x74\x5f\x6c\x6f\x63\
\x6b\x5f\x6f\x77\x6e\x65\x72\0\x74\x72\x61\x6e\x73\x5f\x73\x74\x61\x72\x74\0\
\x64\x71\x6c\0\x51\x64\x69\x73\x63\0\x65\x6e\x71\x75\x65\x75\x65\0\x64\x65\x71\
\x75\x65\x75\x65\0\x6c\x69\x6d\x69\x74\0\x73\x74\x61\x62\0\x68\x61\x6e\x64\x6c\
\x65\0\x64\x65\x76\x5f\x71\x75\x65\x75\x65\0\x72\x61\x74\x65\x5f\x65\x73\x74\0\
\x63\x70\x75\x5f\x62\x73\x74\x61\x74\x73\0\x63\x70\x75\x5f\x71\x73\x74\x61\x74\
\x73\0\x70\x61\x64\0\x67\x73\x6f\x5f\x73\x6b\x62\0\x71\0\x62\x73\x74\x61\x74\
\x73\0\x72\x75\x6e\x6e\x69\x6e\x67\0\x71\x73\x74\x61\x74\x73\0\x6e\x65\x78\x74\
\x5f\x73\x63\x68\x65\x64\0\x73\x6b\x62\x5f\x62\x61\x64\x5f\x74\x78\x71\0\x62\
\x75\x73\x79\x6c\x6f\x63\x6b\0\x73\x65\x71\x6c\x6f\x63\x6b\0\x70\x72\x69\x76\
\x64\x61\x74\x61\0\x71\x64\x69\x73\x63\x5f\x73\x6b\x62\x5f\x68\x65\x61\x64\0\
\x67\x6e\x65\x74\x5f\x73\x74\x61\x74\x73\x5f\x62\x61\x73\x69\x63\x5f\x70\x61\
\x63\x6b\x65\x64\0\x67\x6e\x65\x74\x5f\x73\x74\x61\x74\x73\x5f\x71\x75\x65\x75\
\x65\0\x62\x61\x63\x6b\x6c\x6f\x67\0\x64\x72\x6f\x70\x73\0\x72\x65\x71\x75\x65\
\x75\x65\x73\0\x6f\x76\x65\x72\x6c\x69\x6d\x69\x74\x73\0\x6e\x75\x6d\x5f\x71\
\x75\x65\x75\x65\x64\0\x61\x64\x6a\x5f\x6c\x69\x6d\x69\x74\0\x6c\x61\x73\x74\
\x5f\x6f\x62\x6a\x5f\x63\x6e\x74\0\x6e\x75\x6d\x5f\x63\x6f\x6d\x70\x6c\x65\x74\
\x65\x64\0\x70\x72\x65\x76\x5f\x6f\x76\x6c\x69\x6d\x69\x74\0\x70\x72\x65\x76\
\x5f\x6e\x75\x6d\x5f\x71\x75\x65\x75\x65\x64\0\x70\x72\x65\x76\x5f\x6c\x61\x73\
\x74\x5f\x6f\x62\x6a\x5f\x63\x6e\x74\0\x6c\x6f\x77\x65\x73\x74\x5f\x73\x6c\x61\
\x63\x6b\0\x73\x6c\x61\x63\x6b\x5f\x73\x74\x61\x72\x74\x5f\x74\x69\x6d\x65\0\
\x6d\x61\x78\x5f\x6c\x69\x6d\x69\x74\0\x6d\x69\x6e\x5f\x6c\x69\x6d\x69\x74\0\
\x73\x6c\x61\x63\x6b\x5f\x68\x6f\x6c\x64\x5f\x74\x69\x6d\x65\0\x78\x70\x73\x5f\
\x64\x65\x76\x5f\x6d\x61\x70\x73\0\x6e\x72\x5f\x69\x64\x73\0\x61\x74\x74\x72\
\x5f\x6d\x61\x70\0\x73\x31\x36\0\x78\x70\x73\x5f\x6d\x61\x70\0\x61\x6c\x6c\x6f\
\x63\x5f\x6c\x65\x6e\0\x71\x75\x65\x75\x65\x73\0\x6d\x69\x6e\x69\x5f\x51\x64\
\x69\x73\x63\0\x66\x69\x6c\x74\x65\x72\x5f\x6c\x69\x73\x74\0\x67\x6e\x65\x74\
\x5f\x73\x74\x61\x74\x73\x5f\x62\x61\x73\x69\x63\x5f\x63\x70\x75\0\x73\x79\x6e\
\x63\x70\0\x75\x36\x34\x5f\x73\x74\x61\x74\x73\x5f\x73\x79\x6e\x63\0\x4e\x45\
\x54\x52\x45\x47\x5f\x55\x4e\x49\x4e\x49\x54\x49\x41\x4c\x49\x5a\x45\x44\0\x4e\
\x45\x54\x52\x45\x47\x5f\x52\x45\x47\x49\x53\x54\x45\x52\x45\x44\0\x4e\x45\x54\
\x52\x45\x47\x5f\x55\x4e\x52\x45\x47\x49\x53\x54\x45\x52\x49\x4e\x47\0\x4e\x45\
\x54\x52\x45\x47\x5f\x55\x4e\x52\x45\x47\x49\x53\x54\x45\x52\x45\x44\0\x4e\x45\
\x54\x52\x45\x47\x5f\x52\x45\x4c\x45\x41\x53\x45\x44\0\x4e\x45\x54\x52\x45\x47\
\x5f\x44\x55\x4d\x4d\x59\0\x52\x54\x4e\x4c\x5f\x4c\x49\x4e\x4b\x5f\x49\x4e\x49\
\x54\x49\x41\x4c\x49\x5a\x45\x44\0\x52\x54\x4e\x4c\x5f\x4c\x49\x4e\x4b\x5f\x49\
\x4e\x49\x54\x49\x41\x4c\x49\x5a\x49\x4e\x47\0\x6e\x65\x74\x64\x65\x76\x5f\x6d\
\x6c\x5f\x70\x72\x69\x76\x5f\x74\x79\x70\x65\0\x4d\x4c\x5f\x50\x52\x49\x56\x5f\
\x4e\x4f\x4e\x45\0\x4d\x4c\x5f\x50\x52\x49\x56\x5f\x43\x41\x4e\0\x6c\x73\x74\
\x61\x74\x73\0\x74\x73\x74\x61\x74\x73\0\x64\x73\x74\x61\x74\x73\0\x70\x63\x70\
\x75\x5f\x64\x73\x74\x61\x74\x73\0\x6e\x65\x74\x64\x65\x76\x5f\x74\x63\x5f\x74\
\x78\x71\0\x62\x70\x66\x5f\x78\x64\x70\x5f\x65\x6e\x74\x69\x74\x79\0\x73\x6b\
\x5f\x73\x65\x6e\x64\x5f\x68\x65\x61\x64\0\x74\x63\x70\x5f\x72\x74\x78\x5f\x71\
\x75\x65\x75\x65\0\x63\x6c\x6f\x73\x65\0\x70\x72\x65\x5f\x63\x6f\x6e\x6e\x65\
\x63\x74\0\x63\x6f\x6e\x6e\x65\x63\x74\0\x64\x69\x73\x63\x6f\x6e\x6e\x65\x63\
\x74\0\x61\x63\x63\x65\x70\x74\0\x69\x6f\x63\x74\x6c\0\x73\x68\x75\x74\x64\x6f\
\x77\x6e\0\x73\x65\x74\x73\x6f\x63\x6b\x6f\x70\x74\0\x67\x65\x74\x73\x6f\x63\
\x6b\x6f\x70\x74\0\x6b\x65\x65\x70\x61\x6c\x69\x76\x65\0\x73\x65\x6e\x64\x6d\
\x73\x67\0\x72\x65\x63\x76\x6d\x73\x67\0\x62\x69\x6e\x64\0\x62\x69\x6e\x64\x5f\
\x61\x64\x64\0\x62\x61\x63\x6b\x6c\x6f\x67\x5f\x72\x63\x76\0\x62\x70\x66\x5f\
\x62\x79\x70\x61\x73\x73\x5f\x67\x65\x74\x73\x6f\x63\x6b\x6f\x70\x74\0\x72\x65\
\x6c\x65\x61\x73\x65\x5f\x63\x62\0\x75\x6e\x68\x61\x73\x68\0\x72\x65\x68\x61\
\x73\x68\0\x67\x65\x74\x5f\x70\x6f\x72\x74\0\x70\x73\x6f\x63\x6b\x5f\x75\x70\
\x64\x61\x74\x65\x5f\x73\x6b\x5f\x70\x72\x6f\x74\0\x69\x6e\x75\x73\x65\x5f\x69\
\x64\x78\0\x73\x74\x72\x65\x61\x6d\x5f\x6d\x65\x6d\x6f\x72\x79\x5f\x66\x72\x65\
\x65\0\x73\x6f\x63\x6b\x5f\x69\x73\x5f\x72\x65\x61\x64\x61\x62\x6c\x65\0\x65\
\x6e\x74\x65\x72\x5f\x6d\x65\x6d\x6f\x72\x79\x5f\x70\x72\x65\x73\x73\x75\x72\
\x65\0\x6c\x65\x61\x76\x65\x5f\x6d\x65\x6d\x6f\x72\x79\x5f\x70\x72\x65\x73\x73\
\x75\x72\x65\0\x6d\x65\x6d\x6f\x72\x79\x5f\x61\x6c\x6c\x6f\x63\x61\x74\x65\x64\
\0\x73\x6f\x63\x6b\x65\x74\x73\x5f\x61\x6c\x6c\x6f\x63\x61\x74\x65\x64\0\x6d\
\x65\x6d\x6f\x72\x79\x5f\x70\x72\x65\x73\x73\x75\x72\x65\0\x73\x79\x73\x63\x74\
\x6c\x5f\x6d\x65\x6d\0\x73\x79\x73\x63\x74\x6c\x5f\x77\x6d\x65\x6d\0\x73\x79\
\x73\x63\x74\x6c\x5f\x72\x6d\x65\x6d\0\x73\x79\x73\x63\x74\x6c\x5f\x77\x6d\x65\
\x6d\x5f\x6f\x66\x66\x73\x65\x74\0\x73\x79\x73\x63\x74\x6c\x5f\x72\x6d\x65\x6d\
\x5f\x6f\x66\x66\x73\x65\x74\0\x6d\x61\x78\x5f\x68\x65\x61\x64\x65\x72\0\x6e\
\x6f\x5f\x61\x75\x74\x6f\x62\x69\x6e\x64\0\x73\x6c\x61\x62\0\x6f\x62\x6a\x5f\
\x73\x69\x7a\x65\0\x73\x6c\x61\x62\x5f\x66\x6c\x61\x67\x73\0\x6f\x72\x70\x68\
\x61\x6e\x5f\x63\x6f\x75\x6e\x74\0\x72\x73\x6b\x5f\x70\x72\x6f\x74\0\x74\x77\
\x73\x6b\x5f\x70\x72\x6f\x74\0\x68\0\x64\x69\x61\x67\x5f\x64\x65\x73\x74\x72\
\x6f\x79\0\x73\x6f\x63\x6b\x61\x64\x64\x72\0\x73\x61\x5f\x66\x61\x6d\x69\x6c\
\x79\0\x73\x61\x5f\x64\x61\x74\x61\0\x73\x61\x5f\x66\x61\x6d\x69\x6c\x79\x5f\
\x74\0\x5f\x5f\x6b\x65\x72\x6e\x65\x6c\x5f\x73\x61\x5f\x66\x61\x6d\x69\x6c\x79\
\x5f\x74\0\x73\x6f\x63\x6b\x70\x74\x72\x5f\x74\0\x69\x73\x5f\x6b\x65\x72\x6e\
\x65\x6c\0\x6b\x65\x72\x6e\x65\x6c\0\x6d\x73\x67\x68\x64\x72\0\x6d\x73\x67\x5f\
\x6e\x61\x6d\x65\0\x6d\x73\x67\x5f\x6e\x61\x6d\x65\x6c\x65\x6e\0\x6d\x73\x67\
\x5f\x69\x74\x65\x72\0\x6d\x73\x67\x5f\x63\x6f\x6e\x74\x72\x6f\x6c\x5f\x69\x73\
\x5f\x75\x73\x65\x72\0\x6d\x73\x67\x5f\x63\x6f\x6e\x74\x72\x6f\x6c\x6c\x65\x6e\
\0\x6d\x73\x67\x5f\x66\x6c\x61\x67\x73\0\x6d\x73\x67\x5f\x69\x6f\x63\x62\0\x6d\
\x73\x67\x5f\x63\x6f\x6e\x74\x72\x6f\x6c\0\x6d\x73\x67\x5f\x63\x6f\x6e\x74\x72\
\x6f\x6c\x5f\x75\x73\x65\x72\0\x73\x6b\x5f\x70\x73\x6f\x63\x6b\0\x73\x6b\x5f\
\x72\x65\x64\x69\x72\0\x61\x70\x70\x6c\x79\x5f\x62\x79\x74\x65\x73\0\x63\x6f\
\x72\x6b\x5f\x62\x79\x74\x65\x73\0\x65\x76\x61\x6c\0\x72\x65\x64\x69\x72\x5f\
\x69\x6e\x67\x72\x65\x73\x73\0\x63\x6f\x72\x6b\0\x69\x6e\x67\x72\x65\x73\x73\
\x5f\x73\x6b\x62\0\x69\x6e\x67\x72\x65\x73\x73\x5f\x6d\x73\x67\0\x69\x6e\x67\
\x72\x65\x73\x73\x5f\x6c\x6f\x63\x6b\0\x6c\x69\x6e\x6b\x5f\x6c\x6f\x63\x6b\0\
\x73\x61\x76\x65\x64\x5f\x75\x6e\x68\x61\x73\x68\0\x73\x61\x76\x65\x64\x5f\x64\
\x65\x73\x74\x72\x6f\x79\0\x73\x61\x76\x65\x64\x5f\x63\x6c\x6f\x73\x65\0\x73\
\x61\x76\x65\x64\x5f\x77\x72\x69\x74\x65\x5f\x73\x70\x61\x63\x65\0\x73\x61\x76\
\x65\x64\x5f\x64\x61\x74\x61\x5f\x72\x65\x61\x64\x79\0\x73\x6b\x5f\x70\x72\x6f\
\x74\x6f\0\x77\x6f\x72\x6b\x5f\x6d\x75\x74\x65\x78\0\x77\x6f\x72\x6b\x5f\x73\
\x74\x61\x74\x65\0\x72\x77\x6f\x72\x6b\0\x73\x6b\x5f\x70\x73\x6f\x63\x6b\x5f\
\x70\x72\x6f\x67\x73\0\x6d\x73\x67\x5f\x70\x61\x72\x73\x65\x72\0\x73\x74\x72\
\x65\x61\x6d\x5f\x70\x61\x72\x73\x65\x72\0\x73\x74\x72\x65\x61\x6d\x5f\x76\x65\
\x72\x64\x69\x63\x74\0\x73\x6b\x62\x5f\x76\x65\x72\x64\x69\x63\x74\0\x73\x6b\
\x5f\x70\x73\x6f\x63\x6b\x5f\x77\x6f\x72\x6b\x5f\x73\x74\x61\x74\x65\0\x73\x6b\
\x62\0\x68\x61\x73\x68\x69\x6e\x66\x6f\0\x75\x64\x70\x5f\x74\x61\x62\x6c\x65\0\
\x72\x61\x77\x5f\x68\x61\x73\x68\0\x73\x6d\x63\x5f\x68\x61\x73\x68\0\x73\x6d\
\x63\x5f\x68\x61\x73\x68\x69\x6e\x66\x6f\0\x73\x6f\x63\x6b\x5f\x63\x67\x72\x6f\
\x75\x70\x5f\x64\x61\x74\x61\0\x63\x6c\x61\x73\x73\x69\x64\0\x62\x70\x66\x5f\
\x6c\x6f\x63\x61\x6c\x5f\x73\x74\x6f\x72\x61\x67\x65\0\x63\x61\x63\x68\x65\0\
\x62\x70\x66\x5f\x6c\x6f\x63\x61\x6c\x5f\x73\x74\x6f\x72\x61\x67\x65\x5f\x64\
\x61\x74\x61\0\x73\x6d\x61\x70\0\x72\x61\x77\x5f\x6e\x6f\x74\x69\x66\x69\x65\
\x72\x5f\x68\x65\x61\x64\0\x6e\x65\x74\x6e\x73\x5f\x63\x6f\x72\x65\0\x73\x79\
\x73\x63\x74\x6c\x5f\x68\x64\x72\0\x73\x79\x73\x63\x74\x6c\x5f\x73\x6f\x6d\x61\
\x78\x63\x6f\x6e\x6e\0\x73\x79\x73\x63\x74\x6c\x5f\x61\x6e\x64\x72\x6f\x69\x64\
\x5f\x70\x61\x72\x61\x6e\x6f\x69\x64\0\x73\x6f\x63\x6b\x5f\x69\x6e\x75\x73\x65\
\0\x70\x72\x6f\x74\x5f\x69\x6e\x75\x73\x65\0\x6e\x65\x74\x6e\x73\x5f\x6d\x69\
\x62\0\x69\x70\x5f\x73\x74\x61\x74\x69\x73\x74\x69\x63\x73\0\x69\x70\x76\x36\
\x5f\x73\x74\x61\x74\x69\x73\x74\x69\x63\x73\0\x74\x63\x70\x5f\x73\x74\x61\x74\
\x69\x73\x74\x69\x63\x73\0\x6e\x65\x74\x5f\x73\x74\x61\x74\x69\x73\x74\x69\x63\
\x73\0\x75\x64\x70\x5f\x73\x74\x61\x74\x69\x73\x74\x69\x63\x73\0\x75\x64\x70\
\x5f\x73\x74\x61\x74\x73\x5f\x69\x6e\x36\0\x75\x64\x70\x6c\x69\x74\x65\x5f\x73\
\x74\x61\x74\x69\x73\x74\x69\x63\x73\0\x75\x64\x70\x6c\x69\x74\x65\x5f\x73\x74\
\x61\x74\x73\x5f\x69\x6e\x36\0\x69\x63\x6d\x70\x5f\x73\x74\x61\x74\x69\x73\x74\
\x69\x63\x73\0\x69\x63\x6d\x70\x6d\x73\x67\x5f\x73\x74\x61\x74\x69\x73\x74\x69\
\x63\x73\0\x69\x63\x6d\x70\x76\x36\x5f\x73\x74\x61\x74\x69\x73\x74\x69\x63\x73\
\0\x69\x63\x6d\x70\x76\x36\x6d\x73\x67\x5f\x73\x74\x61\x74\x69\x73\x74\x69\x63\
\x73\0\x70\x72\x6f\x63\x5f\x6e\x65\x74\x5f\x64\x65\x76\x73\x6e\x6d\x70\x36\0\
\x69\x70\x73\x74\x61\x74\x73\x5f\x6d\x69\x62\0\x6d\x69\x62\x73\0\x75\x64\x70\
\x5f\x6d\x69\x62\0\x6e\x65\x74\x6e\x73\x5f\x70\x61\x63\x6b\x65\x74\0\x73\x6b\
\x6c\x69\x73\x74\x5f\x6c\x6f\x63\x6b\0\x73\x6b\x6c\x69\x73\x74\0\x6e\x65\x74\
\x6e\x73\x5f\x75\x6e\x69\x78\0\x73\x79\x73\x63\x74\x6c\x5f\x6d\x61\x78\x5f\x64\
\x67\x72\x61\x6d\x5f\x71\x6c\x65\x6e\0\x63\x74\x6c\0\x6e\x65\x74\x6e\x73\x5f\
\x6e\x65\x78\x74\x68\x6f\x70\0\x64\x65\x76\x68\x61\x73\x68\0\x6c\x61\x73\x74\
\x5f\x69\x64\x5f\x61\x6c\x6c\x6f\x63\x61\x74\x65\x64\0\x6e\x6f\x74\x69\x66\x69\
\x65\x72\x5f\x63\x68\x61\x69\x6e\0\x62\x6c\x6f\x63\x6b\x69\x6e\x67\x5f\x6e\x6f\
\x74\x69\x66\x69\x65\x72\x5f\x68\x65\x61\x64\0\x6e\x65\x74\x6e\x73\x5f\x69\x70\
\x76\x34\0\x74\x63\x70\x5f\x64\x65\x61\x74\x68\x5f\x72\x6f\x77\0\x66\x6f\x72\
\x77\x5f\x68\x64\x72\0\x66\x72\x61\x67\x73\x5f\x68\x64\x72\0\x69\x70\x76\x34\
\x5f\x68\x64\x72\0\x72\x6f\x75\x74\x65\x5f\x68\x64\x72\0\x78\x66\x72\x6d\x34\
\x5f\x68\x64\x72\0\x64\x65\x76\x63\x6f\x6e\x66\x5f\x61\x6c\x6c\0\x64\x65\x76\
\x63\x6f\x6e\x66\x5f\x64\x66\x6c\x74\0\x72\x61\x5f\x63\x68\x61\x69\x6e\0\x72\
\x61\x5f\x6d\x75\x74\x65\x78\0\x66\x69\x62\x5f\x6d\x61\x69\x6e\0\x66\x69\x62\
\x5f\x64\x65\x66\x61\x75\x6c\x74\0\x66\x69\x62\x5f\x72\x75\x6c\x65\x73\x5f\x72\
\x65\x71\x75\x69\x72\x65\x5f\x66\x6c\x64\x69\x73\x73\x65\x63\x74\0\x66\x69\x62\
\x5f\x68\x61\x73\x5f\x63\x75\x73\x74\x6f\x6d\x5f\x72\x75\x6c\x65\x73\0\x66\x69\
\x62\x5f\x68\x61\x73\x5f\x63\x75\x73\x74\x6f\x6d\x5f\x6c\x6f\x63\x61\x6c\x5f\
\x72\x6f\x75\x74\x65\x73\0\x66\x69\x62\x5f\x6f\x66\x66\x6c\x6f\x61\x64\x5f\x64\
\x69\x73\x61\x62\x6c\x65\x64\0\x66\x69\x62\x5f\x74\x61\x62\x6c\x65\x5f\x68\x61\
\x73\x68\0\x66\x69\x62\x6e\x6c\0\x69\x63\x6d\x70\x5f\x73\x6b\0\x6d\x63\x5f\x61\
\x75\x74\x6f\x6a\x6f\x69\x6e\x5f\x73\x6b\0\x70\x65\x65\x72\x73\0\x66\x71\x64\
\x69\x72\0\x73\x79\x73\x63\x74\x6c\x5f\x69\x63\x6d\x70\x5f\x65\x63\x68\x6f\x5f\
\x69\x67\x6e\x6f\x72\x65\x5f\x61\x6c\x6c\0\x73\x79\x73\x63\x74\x6c\x5f\x69\x63\
\x6d\x70\x5f\x65\x63\x68\x6f\x5f\x65\x6e\x61\x62\x6c\x65\x5f\x70\x72\x6f\x62\
\x65\0\x73\x79\x73\x63\x74\x6c\x5f\x69\x63\x6d\x70\x5f\x65\x63\x68\x6f\x5f\x69\
\x67\x6e\x6f\x72\x65\x5f\x62\x72\x6f\x61\x64\x63\x61\x73\x74\x73\0\x73\x79\x73\
\x63\x74\x6c\x5f\x69\x63\x6d\x70\x5f\x69\x67\x6e\x6f\x72\x65\x5f\x62\x6f\x67\
\x75\x73\x5f\x65\x72\x72\x6f\x72\x5f\x72\x65\x73\x70\x6f\x6e\x73\x65\x73\0\x73\
\x79\x73\x63\x74\x6c\x5f\x69\x63\x6d\x70\x5f\x65\x72\x72\x6f\x72\x73\x5f\x75\
\x73\x65\x5f\x69\x6e\x62\x6f\x75\x6e\x64\x5f\x69\x66\x61\x64\x64\x72\0\x73\x79\
\x73\x63\x74\x6c\x5f\x69\x63\x6d\x70\x5f\x72\x61\x74\x65\x6c\x69\x6d\x69\x74\0\
\x73\x79\x73\x63\x74\x6c\x5f\x69\x63\x6d\x70\x5f\x72\x61\x74\x65\x6d\x61\x73\
\x6b\0\x69\x70\x5f\x6c\x6f\x63\x61\x6c\x5f\x70\x6f\x72\x74\x73\0\x73\x79\x73\
\x63\x74\x6c\x5f\x74\x63\x70\x5f\x65\x63\x6e\0\x73\x79\x73\x63\x74\x6c\x5f\x74\
\x63\x70\x5f\x65\x63\x6e\x5f\x66\x61\x6c\x6c\x62\x61\x63\x6b\0\x73\x79\x73\x63\
\x74\x6c\x5f\x69\x70\x5f\x64\x65\x66\x61\x75\x6c\x74\x5f\x74\x74\x6c\0\x73\x79\
\x73\x63\x74\x6c\x5f\x69\x70\x5f\x6e\x6f\x5f\x70\x6d\x74\x75\x5f\x64\x69\x73\
\x63\0\x73\x79\x73\x63\x74\x6c\x5f\x69\x70\x5f\x66\x77\x64\x5f\x75\x73\x65\x5f\
\x70\x6d\x74\x75\0\x73\x79\x73\x63\x74\x6c\x5f\x69\x70\x5f\x66\x77\x64\x5f\x75\
\x70\x64\x61\x74\x65\x5f\x70\x72\x69\x6f\x72\x69\x74\x79\0\x73\x79\x73\x63\x74\
\x6c\x5f\x69\x70\x5f\x6e\x6f\x6e\x6c\x6f\x63\x61\x6c\x5f\x62\x69\x6e\x64\0\x73\
\x79\x73\x63\x74\x6c\x5f\x69\x70\x5f\x61\x75\x74\x6f\x62\x69\x6e\x64\x5f\x72\
\x65\x75\x73\x65\0\x73\x79\x73\x63\x74\x6c\x5f\x69\x70\x5f\x64\x79\x6e\x61\x64\
\x64\x72\0\x73\x79\x73\x63\x74\x6c\x5f\x69\x70\x5f\x65\x61\x72\x6c\x79\x5f\x64\
\x65\x6d\x75\x78\0\x73\x79\x73\x63\x74\x6c\x5f\x74\x63\x70\x5f\x65\x61\x72\x6c\
\x79\x5f\x64\x65\x6d\x75\x78\0\x73\x79\x73\x63\x74\x6c\x5f\x75\x64\x70\x5f\x65\
\x61\x72\x6c\x79\x5f\x64\x65\x6d\x75\x78\0\x73\x79\x73\x63\x74\x6c\x5f\x6e\x65\
\x78\x74\x68\x6f\x70\x5f\x63\x6f\x6d\x70\x61\x74\x5f\x6d\x6f\x64\x65\0\x73\x79\
\x73\x63\x74\x6c\x5f\x66\x77\x6d\x61\x72\x6b\x5f\x72\x65\x66\x6c\x65\x63\x74\0\
\x73\x79\x73\x63\x74\x6c\x5f\x74\x63\x70\x5f\x66\x77\x6d\x61\x72\x6b\x5f\x61\
\x63\x63\x65\x70\x74\0\x73\x79\x73\x63\x74\x6c\x5f\x74\x63\x70\x5f\x64\x65\x66\
\x61\x75\x6c\x74\x5f\x69\x6e\x69\x74\x5f\x72\x77\x6e\x64\0\x73\x79\x73\x63\x74\
\x6c\x5f\x74\x63\x70\x5f\x6d\x74\x75\x5f\x70\x72\x6f\x62\x69\x6e\x67\0\x73\x79\
\x73\x63\x74\x6c\x5f\x74\x63\x70\x5f\x6d\x74\x75\x5f\x70\x72\x6f\x62\x65\x5f\
\x66\x6c\x6f\x6f\x72\0\x73\x79\x73\x63\x74\x6c\x5f\x74\x63\x70\x5f\x62\x61\x73\
\x65\x5f\x6d\x73\x73\0\x73\x79\x73\x63\x74\x6c\x5f\x74\x63\x70\x5f\x6d\x69\x6e\
\x5f\x73\x6e\x64\x5f\x6d\x73\x73\0\x73\x79\x73\x63\x74\x6c\x5f\x74\x63\x70\x5f\
\x70\x72\x6f\x62\x65\x5f\x74\x68\x72\x65\x73\x68\x6f\x6c\x64\0\x73\x79\x73\x63\
\x74\x6c\x5f\x74\x63\x70\x5f\x70\x72\x6f\x62\x65\x5f\x69\x6e\x74\x65\x72\x76\
\x61\x6c\0\x73\x79\x73\x63\x74\x6c\x5f\x74\x63\x70\x5f\x6b\x65\x65\x70\x61\x6c\
\x69\x76\x65\x5f\x74\x69\x6d\x65\0\x73\x79\x73\x63\x74\x6c\x5f\x74\x63\x70\x5f\
\x6b\x65\x65\x70\x61\x6c\x69\x76\x65\x5f\x69\x6e\x74\x76\x6c\0\x73\x79\x73\x63\
\x74\x6c\x5f\x74\x63\x70\x5f\x6b\x65\x65\x70\x61\x6c\x69\x76\x65\x5f\x70\x72\
\x6f\x62\x65\x73\0\x73\x79\x73\x63\x74\x6c\x5f\x74\x63\x70\x5f\x73\x79\x6e\x5f\
\x72\x65\x74\x72\x69\x65\x73\0\x73\x79\x73\x63\x74\x6c\x5f\x74\x63\x70\x5f\x73\
\x79\x6e\x61\x63\x6b\x5f\x72\x65\x74\x72\x69\x65\x73\0\x73\x79\x73\x63\x74\x6c\
\x5f\x74\x63\x70\x5f\x73\x79\x6e\x63\x6f\x6f\x6b\x69\x65\x73\0\x73\x79\x73\x63\
\x74\x6c\x5f\x74\x63\x70\x5f\x6d\x69\x67\x72\x61\x74\x65\x5f\x72\x65\x71\0\x73\
\x79\x73\x63\x74\x6c\x5f\x74\x63\x70\x5f\x72\x65\x6f\x72\x64\x65\x72\x69\x6e\
\x67\0\x73\x79\x73\x63\x74\x6c\x5f\x74\x63\x70\x5f\x72\x65\x74\x72\x69\x65\x73\
\x31\0\x73\x79\x73\x63\x74\x6c\x5f\x74\x63\x70\x5f\x72\x65\x74\x72\x69\x65\x73\
\x32\0\x73\x79\x73\x63\x74\x6c\x5f\x74\x63\x70\x5f\x6f\x72\x70\x68\x61\x6e\x5f\
\x72\x65\x74\x72\x69\x65\x73\0\x73\x79\x73\x63\x74\x6c\x5f\x74\x63\x70\x5f\x74\
\x77\x5f\x72\x65\x75\x73\x65\0\x73\x79\x73\x63\x74\x6c\x5f\x74\x63\x70\x5f\x66\
\x69\x6e\x5f\x74\x69\x6d\x65\x6f\x75\x74\0\x73\x79\x73\x63\x74\x6c\x5f\x74\x63\
\x70\x5f\x6e\x6f\x74\x73\x65\x6e\x74\x5f\x6c\x6f\x77\x61\x74\0\x73\x79\x73\x63\
\x74\x6c\x5f\x74\x63\x70\x5f\x73\x61\x63\x6b\0\x73\x79\x73\x63\x74\x6c\x5f\x74\
\x63\x70\x5f\x77\x69\x6e\x64\x6f\x77\x5f\x73\x63\x61\x6c\x69\x6e\x67\0\x73\x79\
\x73\x63\x74\x6c\x5f\x74\x63\x70\x5f\x74\x69\x6d\x65\x73\x74\x61\x6d\x70\x73\0\
\x73\x79\x73\x63\x74\x6c\x5f\x74\x63\x70\x5f\x65\x61\x72\x6c\x79\x5f\x72\x65\
\x74\x72\x61\x6e\x73\0\x73\x79\x73\x63\x74\x6c\x5f\x74\x63\x70\x5f\x72\x65\x63\
\x6f\x76\x65\x72\x79\0\x73\x79\x73\x63\x74\x6c\x5f\x74\x63\x70\x5f\x74\x68\x69\
\x6e\x5f\x6c\x69\x6e\x65\x61\x72\x5f\x74\x69\x6d\x65\x6f\x75\x74\x73\0\x73\x79\
\x73\x63\x74\x6c\x5f\x74\x63\x70\x5f\x73\x6c\x6f\x77\x5f\x73\x74\x61\x72\x74\
\x5f\x61\x66\x74\x65\x72\x5f\x69\x64\x6c\x65\0\x73\x79\x73\x63\x74\x6c\x5f\x74\
\x63\x70\x5f\x72\x65\x74\x72\x61\x6e\x73\x5f\x63\x6f\x6c\x6c\x61\x70\x73\x65\0\
\x73\x79\x73\x63\x74\x6c\x5f\x74\x63\x70\x5f\x73\x74\x64\x75\x72\x67\0\x73\x79\
\x73\x63\x74\x6c\x5f\x74\x63\x70\x5f\x72\x66\x63\x31\x33\x33\x37\0\x73\x79\x73\
\x63\x74\x6c\x5f\x74\x63\x70\x5f\x61\x62\x6f\x72\x74\x5f\x6f\x6e\x5f\x6f\x76\
\x65\x72\x66\x6c\x6f\x77\0\x73\x79\x73\x63\x74\x6c\x5f\x74\x63\x70\x5f\x66\x61\
\x63\x6b\0\x73\x79\x73\x63\x74\x6c\x5f\x74\x63\x70\x5f\x6d\x61\x78\x5f\x72\x65\
\x6f\x72\x64\x65\x72\x69\x6e\x67\0\x73\x79\x73\x63\x74\x6c\x5f\x74\x63\x70\x5f\
\x61\x64\x76\x5f\x77\x69\x6e\x5f\x73\x63\x61\x6c\x65\0\x73\x79\x73\x63\x74\x6c\
\x5f\x74\x63\x70\x5f\x64\x73\x61\x63\x6b\0\x73\x79\x73\x63\x74\x6c\x5f\x74\x63\
\x70\x5f\x61\x70\x70\x5f\x77\x69\x6e\0\x73\x79\x73\x63\x74\x6c\x5f\x74\x63\x70\
\x5f\x66\x72\x74\x6f\0\x73\x79\x73\x63\x74\x6c\x5f\x74\x63\x70\x5f\x6e\x6f\x6d\
\x65\x74\x72\x69\x63\x73\x5f\x73\x61\x76\x65\0\x73\x79\x73\x63\x74\x6c\x5f\x74\
\x63\x70\x5f\x6e\x6f\x5f\x73\x73\x74\x68\x72\x65\x73\x68\x5f\x6d\x65\x74\x72\
\x69\x63\x73\x5f\x73\x61\x76\x65\0\x73\x79\x73\x63\x74\x6c\x5f\x74\x63\x70\x5f\
\x6d\x6f\x64\x65\x72\x61\x74\x65\x5f\x72\x63\x76\x62\x75\x66\0\x73\x79\x73\x63\
\x74\x6c\x5f\x74\x63\x70\x5f\x74\x73\x6f\x5f\x77\x69\x6e\x5f\x64\x69\x76\x69\
\x73\x6f\x72\0\x73\x79\x73\x63\x74\x6c\x5f\x74\x63\x70\x5f\x77\x6f\x72\x6b\x61\
\x72\x6f\x75\x6e\x64\x5f\x73\x69\x67\x6e\x65\x64\x5f\x77\x69\x6e\x64\x6f\x77\
\x73\0\x73\x79\x73\x63\x74\x6c\x5f\x74\x63\x70\x5f\x6c\x69\x6d\x69\x74\x5f\x6f\
\x75\x74\x70\x75\x74\x5f\x62\x79\x74\x65\x73\0\x73\x79\x73\x63\x74\x6c\x5f\x74\
\x63\x70\x5f\x63\x68\x61\x6c\x6c\x65\x6e\x67\x65\x5f\x61\x63\x6b\x5f\x6c\x69\
\x6d\x69\x74\0\x73\x79\x73\x63\x74\x6c\x5f\x74\x63\x70\x5f\x6d\x69\x6e\x5f\x72\
\x74\x74\x5f\x77\x6c\x65\x6e\0\x73\x79\x73\x63\x74\x6c\x5f\x74\x63\x70\x5f\x6d\
\x69\x6e\x5f\x74\x73\x6f\x5f\x73\x65\x67\x73\0\x73\x79\x73\x63\x74\x6c\x5f\x74\
\x63\x70\x5f\x61\x75\x74\x6f\x63\x6f\x72\x6b\x69\x6e\x67\0\x73\x79\x73\x63\x74\
\x6c\x5f\x74\x63\x70\x5f\x72\x65\x66\x6c\x65\x63\x74\x5f\x74\x6f\x73\0\x73\x79\
\x73\x63\x74\x6c\x5f\x74\x63\x70\x5f\x63\x6f\x6d\x70\x5f\x73\x61\x63\x6b\x5f\
\x6e\x72\0\x73\x79\x73\x63\x74\x6c\x5f\x74\x63\x70\x5f\x69\x6e\x76\x61\x6c\x69\
\x64\x5f\x72\x61\x74\x65\x6c\x69\x6d\x69\x74\0\x73\x79\x73\x63\x74\x6c\x5f\x74\
\x63\x70\x5f\x70\x61\x63\x69\x6e\x67\x5f\x73\x73\x5f\x72\x61\x74\x69\x6f\0\x73\
\x79\x73\x63\x74\x6c\x5f\x74\x63\x70\x5f\x70\x61\x63\x69\x6e\x67\x5f\x63\x61\
\x5f\x72\x61\x74\x69\x6f\0\x73\x79\x73\x63\x74\x6c\x5f\x74\x63\x70\x5f\x77\x6d\
\x65\x6d\0\x73\x79\x73\x63\x74\x6c\x5f\x74\x63\x70\x5f\x72\x6d\x65\x6d\0\x73\
\x79\x73\x63\x74\x6c\x5f\x74\x63\x70\x5f\x63\x6f\x6d\x70\x5f\x73\x61\x63\x6b\
\x5f\x64\x65\x6c\x61\x79\x5f\x6e\x73\0\x73\x79\x73\x63\x74\x6c\x5f\x74\x63\x70\
\x5f\x63\x6f\x6d\x70\x5f\x73\x61\x63\x6b\x5f\x73\x6c\x61\x63\x6b\x5f\x6e\x73\0\
\x73\x79\x73\x63\x74\x6c\x5f\x6d\x61\x78\x5f\x73\x79\x6e\x5f\x62\x61\x63\x6b\
\x6c\x6f\x67\0\x73\x79\x73\x63\x74\x6c\x5f\x74\x63\x70\x5f\x66\x61\x73\x74\x6f\
\x70\x65\x6e\0\x74\x63\x70\x5f\x63\x6f\x6e\x67\x65\x73\x74\x69\x6f\x6e\x5f\x63\
\x6f\x6e\x74\x72\x6f\x6c\0\x74\x63\x70\x5f\x66\x61\x73\x74\x6f\x70\x65\x6e\x5f\
\x63\x74\x78\0\x73\x79\x73\x63\x74\x6c\x5f\x74\x63\x70\x5f\x66\x61\x73\x74\x6f\
\x70\x65\x6e\x5f\x62\x6c\x61\x63\x6b\x68\x6f\x6c\x65\x5f\x74\x69\x6d\x65\x6f\
\x75\x74\0\x74\x66\x6f\x5f\x61\x63\x74\x69\x76\x65\x5f\x64\x69\x73\x61\x62\x6c\
\x65\x5f\x74\x69\x6d\x65\x73\0\x74\x66\x6f\x5f\x61\x63\x74\x69\x76\x65\x5f\x64\
\x69\x73\x61\x62\x6c\x65\x5f\x73\x74\x61\x6d\x70\0\x73\x79\x73\x63\x74\x6c\x5f\
\x75\x64\x70\x5f\x77\x6d\x65\x6d\x5f\x6d\x69\x6e\0\x73\x79\x73\x63\x74\x6c\x5f\
\x75\x64\x70\x5f\x72\x6d\x65\x6d\x5f\x6d\x69\x6e\0\x73\x79\x73\x63\x74\x6c\x5f\
\x66\x69\x62\x5f\x6e\x6f\x74\x69\x66\x79\x5f\x6f\x6e\x5f\x66\x6c\x61\x67\x5f\
\x63\x68\x61\x6e\x67\x65\0\x73\x79\x73\x63\x74\x6c\x5f\x69\x67\x6d\x70\x5f\x6c\
\x6c\x6d\x5f\x72\x65\x70\x6f\x72\x74\x73\0\x73\x79\x73\x63\x74\x6c\x5f\x69\x67\
\x6d\x70\x5f\x6d\x61\x78\x5f\x6d\x65\x6d\x62\x65\x72\x73\x68\x69\x70\x73\0\x73\
\x79\x73\x63\x74\x6c\x5f\x69\x67\x6d\x70\x5f\x6d\x61\x78\x5f\x6d\x73\x66\0\x73\
\x79\x73\x63\x74\x6c\x5f\x69\x67\x6d\x70\x5f\x71\x72\x76\0\x70\x69\x6e\x67\x5f\
\x67\x72\x6f\x75\x70\x5f\x72\x61\x6e\x67\x65\0\x64\x65\x76\x5f\x61\x64\x64\x72\
\x5f\x67\x65\x6e\x69\x64\0\x73\x79\x73\x63\x74\x6c\x5f\x6c\x6f\x63\x61\x6c\x5f\
\x72\x65\x73\x65\x72\x76\x65\x64\x5f\x70\x6f\x72\x74\x73\0\x73\x79\x73\x63\x74\
\x6c\x5f\x69\x70\x5f\x70\x72\x6f\x74\x5f\x73\x6f\x63\x6b\0\x6d\x72\x74\0\x73\
\x79\x73\x63\x74\x6c\x5f\x66\x69\x62\x5f\x6d\x75\x6c\x74\x69\x70\x61\x74\x68\
\x5f\x68\x61\x73\x68\x5f\x66\x69\x65\x6c\x64\x73\0\x73\x79\x73\x63\x74\x6c\x5f\
\x66\x69\x62\x5f\x6d\x75\x6c\x74\x69\x70\x61\x74\x68\x5f\x75\x73\x65\x5f\x6e\
\x65\x69\x67\x68\0\x73\x79\x73\x63\x74\x6c\x5f\x66\x69\x62\x5f\x6d\x75\x6c\x74\
\x69\x70\x61\x74\x68\x5f\x68\x61\x73\x68\x5f\x70\x6f\x6c\x69\x63\x79\0\x6e\x6f\
\x74\x69\x66\x69\x65\x72\x5f\x6f\x70\x73\0\x66\x69\x62\x5f\x73\x65\x71\0\x69\
\x70\x6d\x72\x5f\x6e\x6f\x74\x69\x66\x69\x65\x72\x5f\x6f\x70\x73\0\x69\x70\x6d\
\x72\x5f\x73\x65\x71\0\x72\x74\x5f\x67\x65\x6e\x69\x64\0\x69\x70\x5f\x69\x64\
\x5f\x6b\x65\x79\0\x69\x6e\x65\x74\x5f\x74\x69\x6d\x65\x77\x61\x69\x74\x5f\x64\
\x65\x61\x74\x68\x5f\x72\x6f\x77\0\x74\x77\x5f\x63\x6f\x75\x6e\x74\0\x74\x77\
\x5f\x70\x61\x64\0\x73\x79\x73\x63\x74\x6c\x5f\x6d\x61\x78\x5f\x74\x77\x5f\x62\
\x75\x63\x6b\x65\x74\x73\0\x69\x6e\x65\x74\x5f\x68\x61\x73\x68\x69\x6e\x66\x6f\
\0\x65\x68\x61\x73\x68\0\x65\x68\x61\x73\x68\x5f\x6c\x6f\x63\x6b\x73\0\x65\x68\
\x61\x73\x68\x5f\x6d\x61\x73\x6b\0\x65\x68\x61\x73\x68\x5f\x6c\x6f\x63\x6b\x73\
\x5f\x6d\x61\x73\x6b\0\x62\x69\x6e\x64\x5f\x62\x75\x63\x6b\x65\x74\x5f\x63\x61\
\x63\x68\x65\x70\0\x62\x68\x61\x73\x68\0\x62\x68\x61\x73\x68\x5f\x73\x69\x7a\
\x65\0\x6c\x68\x61\x73\x68\x32\x5f\x6d\x61\x73\x6b\0\x6c\x68\x61\x73\x68\x32\0\
\x6c\x69\x73\x74\x65\x6e\x69\x6e\x67\x5f\x68\x61\x73\x68\0\x69\x6e\x65\x74\x5f\
\x6c\x69\x73\x74\x65\x6e\x5f\x68\x61\x73\x68\x62\x75\x63\x6b\x65\x74\0\x6e\x75\
\x6c\x6c\x73\x5f\x68\x65\x61\x64\0\x68\x6c\x69\x73\x74\x5f\x6e\x75\x6c\x6c\x73\
\x5f\x68\x65\x61\x64\0\x69\x70\x76\x34\x5f\x64\x65\x76\x63\x6f\x6e\x66\0\x73\
\x79\x73\x63\x74\x6c\0\x66\x69\x62\x5f\x74\x61\x62\x6c\x65\0\x74\x62\x5f\x68\
\x6c\x69\x73\x74\0\x74\x62\x5f\x69\x64\0\x74\x62\x5f\x6e\x75\x6d\x5f\x64\x65\
\x66\x61\x75\x6c\x74\0\x74\x62\x5f\x64\x61\x74\x61\0\x5f\x5f\x64\x61\x74\x61\0\
\x6c\x6f\x63\x61\x6c\x5f\x70\x6f\x72\x74\x73\0\x72\x61\x6e\x67\x65\0\x77\x61\
\x72\x6e\x65\x64\0\x73\x65\x71\x6c\x6f\x63\x6b\x5f\x74\0\x66\x69\x62\x5f\x6e\
\x6f\x74\x69\x66\x69\x65\x72\x5f\x6f\x70\x73\0\x66\x69\x62\x5f\x73\x65\x71\x5f\
\x72\x65\x61\x64\0\x66\x69\x62\x5f\x64\x75\x6d\x70\0\x6e\x65\x74\x6c\x69\x6e\
\x6b\x5f\x65\x78\x74\x5f\x61\x63\x6b\0\x5f\x6d\x73\x67\0\x62\x61\x64\x5f\x61\
\x74\x74\x72\0\x63\x6f\x6f\x6b\x69\x65\0\x63\x6f\x6f\x6b\x69\x65\x5f\x6c\x65\
\x6e\0\x73\x69\x70\x68\x61\x73\x68\x5f\x6b\x65\x79\x5f\x74\0\x6e\x65\x74\x6e\
\x73\x5f\x69\x70\x76\x36\0\x69\x70\x36\x5f\x64\x73\x74\x5f\x6f\x70\x73\0\x66\
\x69\x62\x36\x5f\x6e\x75\x6c\x6c\x5f\x65\x6e\x74\x72\x79\0\x69\x70\x36\x5f\x6e\
\x75\x6c\x6c\x5f\x65\x6e\x74\x72\x79\0\x72\x74\x36\x5f\x73\x74\x61\x74\x73\0\
\x69\x70\x36\x5f\x66\x69\x62\x5f\x74\x69\x6d\x65\x72\0\x66\x69\x62\x36\x5f\x6d\
\x61\x69\x6e\x5f\x74\x62\x6c\0\x66\x69\x62\x36\x5f\x77\x61\x6c\x6b\x65\x72\x73\
\0\x66\x69\x62\x36\x5f\x77\x61\x6c\x6b\x65\x72\x5f\x6c\x6f\x63\x6b\0\x66\x69\
\x62\x36\x5f\x67\x63\x5f\x6c\x6f\x63\x6b\0\x69\x70\x36\x5f\x72\x74\x5f\x67\x63\
\x5f\x65\x78\x70\x69\x72\x65\0\x69\x70\x36\x5f\x72\x74\x5f\x6c\x61\x73\x74\x5f\
\x67\x63\0\x66\x6c\x6f\x77\x6c\x61\x62\x65\x6c\x5f\x68\x61\x73\x5f\x65\x78\x63\
\x6c\0\x66\x69\x62\x36\x5f\x68\x61\x73\x5f\x63\x75\x73\x74\x6f\x6d\x5f\x72\x75\
\x6c\x65\x73\0\x66\x69\x62\x36\x5f\x72\x75\x6c\x65\x73\x5f\x72\x65\x71\x75\x69\
\x72\x65\x5f\x66\x6c\x64\x69\x73\x73\x65\x63\x74\0\x69\x70\x36\x5f\x70\x72\x6f\
\x68\x69\x62\x69\x74\x5f\x65\x6e\x74\x72\x79\0\x69\x70\x36\x5f\x62\x6c\x6b\x5f\
\x68\x6f\x6c\x65\x5f\x65\x6e\x74\x72\x79\0\x66\x69\x62\x36\x5f\x6c\x6f\x63\x61\
\x6c\x5f\x74\x62\x6c\0\x66\x69\x62\x36\x5f\x72\x75\x6c\x65\x73\x5f\x6f\x70\x73\
\0\x6e\x64\x69\x73\x63\x5f\x73\x6b\0\x74\x63\x70\x5f\x73\x6b\0\x69\x67\x6d\x70\
\x5f\x73\x6b\0\x66\x69\x62\x36\x5f\x73\x65\x72\x6e\x75\x6d\0\x73\x65\x67\x36\
\x5f\x64\x61\x74\x61\0\x69\x70\x36\x6d\x72\x5f\x6e\x6f\x74\x69\x66\x69\x65\x72\
\x5f\x6f\x70\x73\0\x69\x70\x36\x61\x64\x64\x72\x6c\x62\x6c\x5f\x74\x61\x62\x6c\
\x65\0\x69\x6f\x61\x6d\x36\x5f\x64\x61\x74\x61\0\x64\x73\x74\x5f\x6f\x70\x73\0\
\x67\x63\x5f\x74\x68\x72\x65\x73\x68\0\x67\x63\0\x64\x65\x66\x61\x75\x6c\x74\
\x5f\x61\x64\x76\x6d\x73\x73\0\x63\x6f\x77\x5f\x6d\x65\x74\x72\x69\x63\x73\0\
\x69\x66\x64\x6f\x77\x6e\0\x6e\x65\x67\x61\x74\x69\x76\x65\x5f\x61\x64\x76\x69\
\x63\x65\0\x6c\x69\x6e\x6b\x5f\x66\x61\x69\x6c\x75\x72\x65\0\x75\x70\x64\x61\
\x74\x65\x5f\x70\x6d\x74\x75\0\x72\x65\x64\x69\x72\x65\x63\x74\0\x6c\x6f\x63\
\x61\x6c\x5f\x6f\x75\x74\0\x6e\x65\x69\x67\x68\x5f\x6c\x6f\x6f\x6b\x75\x70\0\
\x63\x6f\x6e\x66\x69\x72\x6d\x5f\x6e\x65\x69\x67\x68\0\x6b\x6d\x65\x6d\x5f\x63\
\x61\x63\x68\x65\x70\0\x70\x63\x70\x75\x63\x5f\x65\x6e\x74\x72\x69\x65\x73\0\
\x6e\x65\x69\x67\x68\x62\x6f\x75\x72\0\x70\x61\x72\x6d\x73\0\x63\x6f\x6e\x66\
\x69\x72\x6d\x65\x64\0\x75\x70\x64\x61\x74\x65\x64\0\x61\x72\x70\x5f\x71\x75\
\x65\x75\x65\x5f\x6c\x65\x6e\x5f\x62\x79\x74\x65\x73\0\x61\x72\x70\x5f\x71\x75\
\x65\x75\x65\0\x70\x72\x6f\x62\x65\x73\0\x6e\x75\x64\x5f\x73\x74\x61\x74\x65\0\
\x68\x61\x5f\x6c\x6f\x63\x6b\0\x68\x61\0\x68\x68\0\x67\x63\x5f\x6c\x69\x73\x74\
\0\x70\x72\x69\x6d\x61\x72\x79\x5f\x6b\x65\x79\0\x68\x68\x5f\x63\x61\x63\x68\
\x65\0\x68\x68\x5f\x6c\x65\x6e\0\x68\x68\x5f\x6c\x6f\x63\x6b\0\x68\x68\x5f\x64\
\x61\x74\x61\0\x6e\x65\x74\x6e\x73\x5f\x73\x79\x73\x63\x74\x6c\x5f\x69\x70\x76\
\x36\0\x68\x64\x72\0\x69\x63\x6d\x70\x5f\x68\x64\x72\0\x78\x66\x72\x6d\x36\x5f\
\x68\x64\x72\0\x66\x6c\x75\x73\x68\x5f\x64\x65\x6c\x61\x79\0\x69\x70\x36\x5f\
\x72\x74\x5f\x6d\x61\x78\x5f\x73\x69\x7a\x65\0\x69\x70\x36\x5f\x72\x74\x5f\x67\
\x63\x5f\x6d\x69\x6e\x5f\x69\x6e\x74\x65\x72\x76\x61\x6c\0\x69\x70\x36\x5f\x72\
\x74\x5f\x67\x63\x5f\x74\x69\x6d\x65\x6f\x75\x74\0\x69\x70\x36\x5f\x72\x74\x5f\
\x67\x63\x5f\x69\x6e\x74\x65\x72\x76\x61\x6c\0\x69\x70\x36\x5f\x72\x74\x5f\x67\
\x63\x5f\x65\x6c\x61\x73\x74\x69\x63\x69\x74\x79\0\x69\x70\x36\x5f\x72\x74\x5f\
\x6d\x74\x75\x5f\x65\x78\x70\x69\x72\x65\x73\0\x69\x70\x36\x5f\x72\x74\x5f\x6d\
\x69\x6e\x5f\x61\x64\x76\x6d\x73\x73\0\x6d\x75\x6c\x74\x69\x70\x61\x74\x68\x5f\
\x68\x61\x73\x68\x5f\x66\x69\x65\x6c\x64\x73\0\x6d\x75\x6c\x74\x69\x70\x61\x74\
\x68\x5f\x68\x61\x73\x68\x5f\x70\x6f\x6c\x69\x63\x79\0\x62\x69\x6e\x64\x76\x36\
\x6f\x6e\x6c\x79\0\x66\x6c\x6f\x77\x6c\x61\x62\x65\x6c\x5f\x63\x6f\x6e\x73\x69\
\x73\x74\x65\x6e\x63\x79\0\x61\x75\x74\x6f\x5f\x66\x6c\x6f\x77\x6c\x61\x62\x65\
\x6c\x73\0\x69\x63\x6d\x70\x76\x36\x5f\x74\x69\x6d\x65\0\x69\x63\x6d\x70\x76\
\x36\x5f\x65\x63\x68\x6f\x5f\x69\x67\x6e\x6f\x72\x65\x5f\x61\x6c\x6c\0\x69\x63\
\x6d\x70\x76\x36\x5f\x65\x63\x68\x6f\x5f\x69\x67\x6e\x6f\x72\x65\x5f\x6d\x75\
\x6c\x74\x69\x63\x61\x73\x74\0\x69\x63\x6d\x70\x76\x36\x5f\x65\x63\x68\x6f\x5f\
\x69\x67\x6e\x6f\x72\x65\x5f\x61\x6e\x79\x63\x61\x73\x74\0\x69\x63\x6d\x70\x76\
\x36\x5f\x72\x61\x74\x65\x6d\x61\x73\x6b\0\x69\x63\x6d\x70\x76\x36\x5f\x72\x61\
\x74\x65\x6d\x61\x73\x6b\x5f\x70\x74\x72\0\x61\x6e\x79\x63\x61\x73\x74\x5f\x73\
\x72\x63\x5f\x65\x63\x68\x6f\x5f\x72\x65\x70\x6c\x79\0\x69\x70\x5f\x6e\x6f\x6e\
\x6c\x6f\x63\x61\x6c\x5f\x62\x69\x6e\x64\0\x66\x77\x6d\x61\x72\x6b\x5f\x72\x65\
\x66\x6c\x65\x63\x74\0\x66\x6c\x6f\x77\x6c\x61\x62\x65\x6c\x5f\x73\x74\x61\x74\
\x65\x5f\x72\x61\x6e\x67\x65\x73\0\x69\x64\x67\x65\x6e\x5f\x72\x65\x74\x72\x69\
\x65\x73\0\x69\x64\x67\x65\x6e\x5f\x64\x65\x6c\x61\x79\0\x66\x6c\x6f\x77\x6c\
\x61\x62\x65\x6c\x5f\x72\x65\x66\x6c\x65\x63\x74\0\x6d\x61\x78\x5f\x64\x73\x74\
\x5f\x6f\x70\x74\x73\x5f\x63\x6e\x74\0\x6d\x61\x78\x5f\x68\x62\x68\x5f\x6f\x70\
\x74\x73\x5f\x63\x6e\x74\0\x6d\x61\x78\x5f\x64\x73\x74\x5f\x6f\x70\x74\x73\x5f\
\x6c\x65\x6e\0\x6d\x61\x78\x5f\x68\x62\x68\x5f\x6f\x70\x74\x73\x5f\x6c\x65\x6e\
\0\x73\x65\x67\x36\x5f\x66\x6c\x6f\x77\x6c\x61\x62\x65\x6c\0\x69\x6f\x61\x6d\
\x36\x5f\x69\x64\0\x69\x6f\x61\x6d\x36\x5f\x69\x64\x5f\x77\x69\x64\x65\0\x73\
\x6b\x69\x70\x5f\x6e\x6f\x74\x69\x66\x79\x5f\x6f\x6e\x5f\x64\x65\x76\x5f\x64\
\x6f\x77\x6e\0\x66\x69\x62\x5f\x6e\x6f\x74\x69\x66\x79\x5f\x6f\x6e\x5f\x66\x6c\
\x61\x67\x5f\x63\x68\x61\x6e\x67\x65\0\x69\x70\x76\x36\x5f\x64\x65\x76\x63\x6f\
\x6e\x66\0\x66\x6f\x72\x77\x61\x72\x64\x69\x6e\x67\0\x68\x6f\x70\x5f\x6c\x69\
\x6d\x69\x74\0\x6d\x74\x75\x36\0\x61\x63\x63\x65\x70\x74\x5f\x72\x61\0\x61\x63\
\x63\x65\x70\x74\x5f\x72\x65\x64\x69\x72\x65\x63\x74\x73\0\x61\x75\x74\x6f\x63\
\x6f\x6e\x66\0\x64\x61\x64\x5f\x74\x72\x61\x6e\x73\x6d\x69\x74\x73\0\x72\x74\
\x72\x5f\x73\x6f\x6c\x69\x63\x69\x74\x73\0\x72\x74\x72\x5f\x73\x6f\x6c\x69\x63\
\x69\x74\x5f\x69\x6e\x74\x65\x72\x76\x61\x6c\0\x72\x74\x72\x5f\x73\x6f\x6c\x69\
\x63\x69\x74\x5f\x6d\x61\x78\x5f\x69\x6e\x74\x65\x72\x76\x61\x6c\0\x72\x74\x72\
\x5f\x73\x6f\x6c\x69\x63\x69\x74\x5f\x64\x65\x6c\x61\x79\0\x66\x6f\x72\x63\x65\
\x5f\x6d\x6c\x64\x5f\x76\x65\x72\x73\x69\x6f\x6e\0\x6d\x6c\x64\x76\x31\x5f\x75\
\x6e\x73\x6f\x6c\x69\x63\x69\x74\x65\x64\x5f\x72\x65\x70\x6f\x72\x74\x5f\x69\
\x6e\x74\x65\x72\x76\x61\x6c\0\x6d\x6c\x64\x76\x32\x5f\x75\x6e\x73\x6f\x6c\x69\
\x63\x69\x74\x65\x64\x5f\x72\x65\x70\x6f\x72\x74\x5f\x69\x6e\x74\x65\x72\x76\
\x61\x6c\0\x75\x73\x65\x5f\x74\x65\x6d\x70\x61\x64\x64\x72\0\x74\x65\x6d\x70\
\x5f\x76\x61\x6c\x69\x64\x5f\x6c\x66\x74\0\x74\x65\x6d\x70\x5f\x70\x72\x65\x66\
\x65\x72\x65\x64\x5f\x6c\x66\x74\0\x72\x65\x67\x65\x6e\x5f\x6d\x61\x78\x5f\x72\
\x65\x74\x72\x79\0\x6d\x61\x78\x5f\x64\x65\x73\x79\x6e\x63\x5f\x66\x61\x63\x74\
\x6f\x72\0\x6d\x61\x78\x5f\x61\x64\x64\x72\x65\x73\x73\x65\x73\0\x61\x63\x63\
\x65\x70\x74\x5f\x72\x61\x5f\x64\x65\x66\x72\x74\x72\0\x72\x61\x5f\x64\x65\x66\
\x72\x74\x72\x5f\x6d\x65\x74\x72\x69\x63\0\x61\x63\x63\x65\x70\x74\x5f\x72\x61\
\x5f\x6d\x69\x6e\x5f\x68\x6f\x70\x5f\x6c\x69\x6d\x69\x74\0\x61\x63\x63\x65\x70\
\x74\x5f\x72\x61\x5f\x70\x69\x6e\x66\x6f\0\x69\x67\x6e\x6f\x72\x65\x5f\x72\x6f\
\x75\x74\x65\x73\x5f\x77\x69\x74\x68\x5f\x6c\x69\x6e\x6b\x64\x6f\x77\x6e\0\x61\
\x63\x63\x65\x70\x74\x5f\x72\x61\x5f\x72\x74\x72\x5f\x70\x72\x65\x66\0\x72\x74\
\x72\x5f\x70\x72\x6f\x62\x65\x5f\x69\x6e\x74\x65\x72\x76\x61\x6c\0\x61\x63\x63\
\x65\x70\x74\x5f\x72\x61\x5f\x72\x74\x5f\x69\x6e\x66\x6f\x5f\x6d\x69\x6e\x5f\
\x70\x6c\x65\x6e\0\x61\x63\x63\x65\x70\x74\x5f\x72\x61\x5f\x72\x74\x5f\x69\x6e\
\x66\x6f\x5f\x6d\x61\x78\x5f\x70\x6c\x65\x6e\0\x61\x63\x63\x65\x70\x74\x5f\x72\
\x61\x5f\x72\x74\x5f\x74\x61\x62\x6c\x65\0\x70\x72\x6f\x78\x79\x5f\x6e\x64\x70\
\0\x61\x63\x63\x65\x70\x74\x5f\x73\x6f\x75\x72\x63\x65\x5f\x72\x6f\x75\x74\x65\
\0\x61\x63\x63\x65\x70\x74\x5f\x72\x61\x5f\x66\x72\x6f\x6d\x5f\x6c\x6f\x63\x61\
\x6c\0\x64\x69\x73\x61\x62\x6c\x65\x5f\x69\x70\x76\x36\0\x64\x72\x6f\x70\x5f\
\x75\x6e\x69\x63\x61\x73\x74\x5f\x69\x6e\x5f\x6c\x32\x5f\x6d\x75\x6c\x74\x69\
\x63\x61\x73\x74\0\x61\x63\x63\x65\x70\x74\x5f\x64\x61\x64\0\x66\x6f\x72\x63\
\x65\x5f\x74\x6c\x6c\x61\x6f\0\x6e\x64\x69\x73\x63\x5f\x6e\x6f\x74\x69\x66\x79\
\0\x73\x75\x70\x70\x72\x65\x73\x73\x5f\x66\x72\x61\x67\x5f\x6e\x64\x69\x73\x63\
\0\x61\x63\x63\x65\x70\x74\x5f\x72\x61\x5f\x6d\x74\x75\0\x64\x72\x6f\x70\x5f\
\x75\x6e\x73\x6f\x6c\x69\x63\x69\x74\x65\x64\x5f\x6e\x61\0\x73\x74\x61\x62\x6c\
\x65\x5f\x73\x65\x63\x72\x65\x74\0\x75\x73\x65\x5f\x6f\x69\x66\x5f\x61\x64\x64\
\x72\x73\x5f\x6f\x6e\x6c\x79\0\x6b\x65\x65\x70\x5f\x61\x64\x64\x72\x5f\x6f\x6e\
\x5f\x64\x6f\x77\x6e\0\x73\x65\x67\x36\x5f\x65\x6e\x61\x62\x6c\x65\x64\0\x65\
\x6e\x68\x61\x6e\x63\x65\x64\x5f\x64\x61\x64\0\x61\x64\x64\x72\x5f\x67\x65\x6e\
\x5f\x6d\x6f\x64\x65\0\x64\x69\x73\x61\x62\x6c\x65\x5f\x70\x6f\x6c\x69\x63\x79\
\0\x6e\x64\x69\x73\x63\x5f\x74\x63\x6c\x61\x73\x73\0\x72\x70\x6c\x5f\x73\x65\
\x67\x5f\x65\x6e\x61\x62\x6c\x65\x64\0\x69\x6f\x61\x6d\x36\x5f\x65\x6e\x61\x62\
\x6c\x65\x64\0\x73\x79\x73\x63\x74\x6c\x5f\x68\x65\x61\x64\x65\x72\0\x69\x70\
\x76\x36\x5f\x73\x74\x61\x62\x6c\x65\x5f\x73\x65\x63\x72\x65\x74\0\x69\x6e\x69\
\x74\x69\x61\x6c\x69\x7a\x65\x64\0\x73\x65\x63\x72\x65\x74\0\x69\x6e\x65\x74\
\x5f\x70\x65\x65\x72\x5f\x62\x61\x73\x65\0\x68\x69\x67\x68\x5f\x74\x68\x72\x65\
\x73\x68\0\x6c\x6f\x77\x5f\x74\x68\x72\x65\x73\x68\0\x6d\x61\x78\x5f\x64\x69\
\x73\x74\0\x66\0\x6d\x65\x6d\0\x66\x72\x65\x65\x5f\x6c\x69\x73\x74\0\x72\x74\
\x36\x5f\x69\x6e\x66\x6f\0\x73\x65\x72\x6e\x75\x6d\0\x72\x74\x36\x69\x5f\x64\
\x73\x74\0\x72\x74\x36\x69\x5f\x73\x72\x63\0\x72\x74\x36\x69\x5f\x67\x61\x74\
\x65\x77\x61\x79\0\x72\x74\x36\x69\x5f\x69\x64\x65\x76\0\x72\x74\x36\x69\x5f\
\x66\x6c\x61\x67\x73\0\x72\x74\x36\x69\x5f\x75\x6e\x63\x61\x63\x68\x65\x64\0\
\x72\x74\x36\x69\x5f\x75\x6e\x63\x61\x63\x68\x65\x64\x5f\x6c\x69\x73\x74\0\x72\
\x74\x36\x69\x5f\x6e\x66\x68\x65\x61\x64\x65\x72\x5f\x6c\x65\x6e\0\x66\x69\x62\
\x36\x5f\x69\x6e\x66\x6f\0\x66\x69\x62\x36\x5f\x74\x61\x62\x6c\x65\0\x66\x69\
\x62\x36\x5f\x6e\x65\x78\x74\0\x66\x69\x62\x36\x5f\x6e\x6f\x64\x65\0\x66\x69\
\x62\x36\x5f\x6e\x73\x69\x62\x6c\x69\x6e\x67\x73\0\x66\x69\x62\x36\x5f\x72\x65\
\x66\0\x66\x69\x62\x36\x5f\x6d\x65\x74\x72\x69\x63\x73\0\x66\x69\x62\x36\x5f\
\x64\x73\x74\0\x66\x69\x62\x36\x5f\x66\x6c\x61\x67\x73\0\x66\x69\x62\x36\x5f\
\x73\x72\x63\0\x66\x69\x62\x36\x5f\x70\x72\x65\x66\x73\x72\x63\0\x66\x69\x62\
\x36\x5f\x6d\x65\x74\x72\x69\x63\0\x66\x69\x62\x36\x5f\x70\x72\x6f\x74\x6f\x63\
\x6f\x6c\0\x66\x69\x62\x36\x5f\x74\x79\x70\x65\0\x6f\x66\x66\x6c\x6f\x61\x64\0\
\x74\x72\x61\x70\0\x6f\x66\x66\x6c\x6f\x61\x64\x5f\x66\x61\x69\x6c\x65\x64\0\
\x73\x68\x6f\x75\x6c\x64\x5f\x66\x6c\x75\x73\x68\0\x64\x73\x74\x5f\x6e\x6f\x63\
\x6f\x75\x6e\x74\0\x64\x73\x74\x5f\x6e\x6f\x70\x6f\x6c\x69\x63\x79\0\x66\x69\
\x62\x36\x5f\x64\x65\x73\x74\x72\x6f\x79\x69\x6e\x67\0\x75\x6e\x75\x73\x65\x64\
\0\x6e\x68\0\x66\x69\x62\x36\x5f\x6e\x68\0\x74\x62\x36\x5f\x68\x6c\x69\x73\x74\
\0\x74\x62\x36\x5f\x69\x64\0\x74\x62\x36\x5f\x6c\x6f\x63\x6b\0\x74\x62\x36\x5f\
\x72\x6f\x6f\x74\0\x74\x62\x36\x5f\x70\x65\x65\x72\x73\0\x6c\x65\x66\x74\0\x72\
\x69\x67\x68\x74\0\x6c\x65\x61\x66\0\x66\x6e\x5f\x62\x69\x74\0\x66\x6e\x5f\x66\
\x6c\x61\x67\x73\0\x66\x6e\x5f\x73\x65\x72\x6e\x75\x6d\0\x72\x72\x5f\x70\x74\
\x72\0\x66\x69\x62\x36\x5f\x73\x69\x62\x6c\x69\x6e\x67\x73\0\x6e\x68\x5f\x6c\
\x69\x73\x74\0\x72\x74\x36\x6b\x65\x79\0\x70\x6c\x65\x6e\0\x6e\x68\x5f\x63\x6f\
\x6d\x6d\x6f\x6e\0\x6c\x61\x73\x74\x5f\x70\x72\x6f\x62\x65\0\x72\x74\x36\x69\
\x5f\x70\x63\x70\x75\0\x72\x74\x36\x69\x5f\x65\x78\x63\x65\x70\x74\x69\x6f\x6e\
\x5f\x62\x75\x63\x6b\x65\x74\0\x66\x69\x62\x5f\x6e\x68\x5f\x63\x6f\x6d\x6d\x6f\
\x6e\0\x6e\x68\x63\x5f\x64\x65\x76\0\x6e\x68\x63\x5f\x6f\x69\x66\0\x6e\x68\x63\
\x5f\x73\x63\x6f\x70\x65\0\x6e\x68\x63\x5f\x66\x61\x6d\x69\x6c\x79\0\x6e\x68\
\x63\x5f\x67\x77\x5f\x66\x61\x6d\x69\x6c\x79\0\x6e\x68\x63\x5f\x66\x6c\x61\x67\
\x73\0\x6e\x68\x63\x5f\x6c\x77\x74\x73\x74\x61\x74\x65\0\x6e\x68\x63\x5f\x67\
\x77\0\x6e\x68\x63\x5f\x77\x65\x69\x67\x68\x74\0\x6e\x68\x63\x5f\x75\x70\x70\
\x65\x72\x5f\x62\x6f\x75\x6e\x64\0\x6e\x68\x63\x5f\x70\x63\x70\x75\x5f\x72\x74\
\x68\x5f\x6f\x75\x74\x70\x75\x74\0\x6e\x68\x63\x5f\x72\x74\x68\x5f\x69\x6e\x70\
\x75\x74\0\x6e\x68\x63\x5f\x65\x78\x63\x65\x70\x74\x69\x6f\x6e\x73\0\x6c\x77\
\x74\x75\x6e\x6e\x65\x6c\x5f\x73\x74\x61\x74\x65\0\x68\x65\x61\x64\x72\x6f\x6f\
\x6d\0\x6f\x72\x69\x67\x5f\x6f\x75\x74\x70\x75\x74\0\x6f\x72\x69\x67\x5f\x69\
\x6e\x70\x75\x74\0\x72\x74\x61\x62\x6c\x65\0\x72\x74\x5f\x66\x6c\x61\x67\x73\0\
\x72\x74\x5f\x74\x79\x70\x65\0\x72\x74\x5f\x69\x73\x5f\x69\x6e\x70\x75\x74\0\
\x72\x74\x5f\x75\x73\x65\x73\x5f\x67\x61\x74\x65\x77\x61\x79\0\x72\x74\x5f\x69\
\x69\x66\0\x72\x74\x5f\x67\x77\x5f\x66\x61\x6d\x69\x6c\x79\0\x72\x74\x5f\x6d\
\x74\x75\x5f\x6c\x6f\x63\x6b\x65\x64\0\x72\x74\x5f\x70\x6d\x74\x75\0\x72\x74\
\x5f\x75\x6e\x63\x61\x63\x68\x65\x64\0\x72\x74\x5f\x75\x6e\x63\x61\x63\x68\x65\
\x64\x5f\x6c\x69\x73\x74\0\x72\x74\x5f\x67\x77\x34\0\x72\x74\x5f\x67\x77\x36\0\
\x69\x6e\x65\x74\x36\x5f\x64\x65\x76\0\x61\x64\x64\x72\x5f\x6c\x69\x73\x74\0\
\x6d\x63\x5f\x6c\x69\x73\x74\0\x6d\x63\x5f\x74\x6f\x6d\x62\0\x6d\x63\x5f\x71\
\x72\x76\0\x6d\x63\x5f\x67\x71\x5f\x72\x75\x6e\x6e\x69\x6e\x67\0\x6d\x63\x5f\
\x69\x66\x63\x5f\x63\x6f\x75\x6e\x74\0\x6d\x63\x5f\x64\x61\x64\x5f\x63\x6f\x75\
\x6e\x74\0\x6d\x63\x5f\x76\x31\x5f\x73\x65\x65\x6e\0\x6d\x63\x5f\x71\x69\0\x6d\
\x63\x5f\x71\x72\x69\0\x6d\x63\x5f\x6d\x61\x78\x64\x65\x6c\x61\x79\0\x6d\x63\
\x5f\x67\x71\x5f\x77\x6f\x72\x6b\0\x6d\x63\x5f\x69\x66\x63\x5f\x77\x6f\x72\x6b\
\0\x6d\x63\x5f\x64\x61\x64\x5f\x77\x6f\x72\x6b\0\x6d\x63\x5f\x71\x75\x65\x72\
\x79\x5f\x77\x6f\x72\x6b\0\x6d\x63\x5f\x72\x65\x70\x6f\x72\x74\x5f\x77\x6f\x72\
\x6b\0\x6d\x63\x5f\x71\x75\x65\x72\x79\x5f\x71\x75\x65\x75\x65\0\x6d\x63\x5f\
\x72\x65\x70\x6f\x72\x74\x5f\x71\x75\x65\x75\x65\0\x6d\x63\x5f\x71\x75\x65\x72\
\x79\x5f\x6c\x6f\x63\x6b\0\x6d\x63\x5f\x72\x65\x70\x6f\x72\x74\x5f\x6c\x6f\x63\
\x6b\0\x6d\x63\x5f\x6c\x6f\x63\x6b\0\x61\x63\x5f\x6c\x69\x73\x74\0\x69\x66\x5f\
\x66\x6c\x61\x67\x73\0\x64\x65\x73\x79\x6e\x63\x5f\x66\x61\x63\x74\x6f\x72\0\
\x74\x65\x6d\x70\x61\x64\x64\x72\x5f\x6c\x69\x73\x74\0\x74\x6f\x6b\x65\x6e\0\
\x6e\x64\x5f\x70\x61\x72\x6d\x73\0\x63\x6e\x66\0\x72\x73\x5f\x74\x69\x6d\x65\
\x72\0\x72\x73\x5f\x69\x6e\x74\x65\x72\x76\x61\x6c\0\x72\x73\x5f\x70\x72\x6f\
\x62\x65\x73\0\x72\x61\x5f\x6d\x74\x75\0\x69\x66\x6d\x63\x61\x64\x64\x72\x36\0\
\x6d\x63\x61\x5f\x61\x64\x64\x72\0\x69\x64\x65\x76\0\x6d\x63\x61\x5f\x73\x6f\
\x75\x72\x63\x65\x73\0\x6d\x63\x61\x5f\x74\x6f\x6d\x62\0\x6d\x63\x61\x5f\x73\
\x66\x6d\x6f\x64\x65\0\x6d\x63\x61\x5f\x63\x72\x63\x6f\x75\x6e\x74\0\x6d\x63\
\x61\x5f\x73\x66\x63\x6f\x75\x6e\x74\0\x6d\x63\x61\x5f\x77\x6f\x72\x6b\0\x6d\
\x63\x61\x5f\x66\x6c\x61\x67\x73\0\x6d\x63\x61\x5f\x75\x73\x65\x72\x73\0\x6d\
\x63\x61\x5f\x72\x65\x66\x63\x6e\x74\0\x6d\x63\x61\x5f\x63\x73\x74\x61\x6d\x70\
\0\x6d\x63\x61\x5f\x74\x73\x74\x61\x6d\x70\0\x69\x70\x36\x5f\x73\x66\x5f\x6c\
\x69\x73\x74\0\x73\x66\x5f\x6e\x65\x78\x74\0\x73\x66\x5f\x61\x64\x64\x72\0\x73\
\x66\x5f\x63\x6f\x75\x6e\x74\0\x73\x66\x5f\x67\x73\x72\x65\x73\x70\0\x73\x66\
\x5f\x6f\x6c\x64\x69\x6e\0\x73\x66\x5f\x63\x72\x63\x6f\x75\x6e\x74\0\x6e\x65\
\x69\x67\x68\x5f\x70\x61\x72\x6d\x73\0\x6e\x65\x69\x67\x68\x5f\x73\x65\x74\x75\
\x70\0\x73\x79\x73\x63\x74\x6c\x5f\x74\x61\x62\x6c\x65\0\x72\x65\x61\x63\x68\
\x61\x62\x6c\x65\x5f\x74\x69\x6d\x65\0\x64\x61\x74\x61\x5f\x73\x74\x61\x74\x65\
\0\x6e\x65\x69\x67\x68\x5f\x74\x61\x62\x6c\x65\0\x65\x6e\x74\x72\x79\x5f\x73\
\x69\x7a\x65\0\x6b\x65\x79\x5f\x65\x71\0\x63\x6f\x6e\x73\x74\x72\x75\x63\x74\
\x6f\x72\0\x70\x63\x6f\x6e\x73\x74\x72\x75\x63\x74\x6f\x72\0\x70\x64\x65\x73\
\x74\x72\x75\x63\x74\x6f\x72\0\x70\x72\x6f\x78\x79\x5f\x72\x65\x64\x6f\0\x69\
\x73\x5f\x6d\x75\x6c\x74\x69\x63\x61\x73\x74\0\x61\x6c\x6c\x6f\x77\x5f\x61\x64\
\x64\0\x70\x61\x72\x6d\x73\x5f\x6c\x69\x73\x74\0\x67\x63\x5f\x69\x6e\x74\x65\
\x72\x76\x61\x6c\0\x67\x63\x5f\x74\x68\x72\x65\x73\x68\x31\0\x67\x63\x5f\x74\
\x68\x72\x65\x73\x68\x32\0\x67\x63\x5f\x74\x68\x72\x65\x73\x68\x33\0\x6c\x61\
\x73\x74\x5f\x66\x6c\x75\x73\x68\0\x67\x63\x5f\x77\x6f\x72\x6b\0\x70\x72\x6f\
\x78\x79\x5f\x74\x69\x6d\x65\x72\0\x70\x72\x6f\x78\x79\x5f\x71\x75\x65\x75\x65\
\0\x65\x6e\x74\x72\x69\x65\x73\0\x67\x63\x5f\x65\x6e\x74\x72\x69\x65\x73\0\x6c\
\x61\x73\x74\x5f\x72\x61\x6e\x64\0\x6e\x68\x74\0\x70\x68\x61\x73\x68\x5f\x62\
\x75\x63\x6b\x65\x74\x73\0\x70\x6e\x65\x69\x67\x68\x5f\x65\x6e\x74\x72\x79\0\
\x69\x70\x76\x36\x5f\x64\x65\x76\x73\x74\x61\x74\0\x69\x63\x6d\x70\x76\x36\x64\
\x65\x76\0\x69\x63\x6d\x70\x76\x36\x6d\x73\x67\x64\x65\x76\0\x75\x6e\x63\x61\
\x63\x68\x65\x64\x5f\x6c\x69\x73\x74\0\x66\x69\x62\x5f\x72\x75\x6c\x65\x73\x5f\
\x6f\x70\x73\0\x72\x75\x6c\x65\x5f\x73\x69\x7a\x65\0\x61\x64\x64\x72\x5f\x73\
\x69\x7a\x65\0\x75\x6e\x72\x65\x73\x6f\x6c\x76\x65\x64\x5f\x72\x75\x6c\x65\x73\
\0\x6e\x72\x5f\x67\x6f\x74\x6f\x5f\x72\x75\x6c\x65\x73\0\x66\x69\x62\x5f\x72\
\x75\x6c\x65\x73\x5f\x73\x65\x71\0\x73\x75\x70\x70\x72\x65\x73\x73\0\x6d\x61\
\x74\x63\x68\0\x63\x6f\x6e\x66\x69\x67\x75\x72\x65\0\x64\x65\x6c\x65\x74\x65\0\
\x63\x6f\x6d\x70\x61\x72\x65\0\x66\x69\x6c\x6c\0\x6e\x6c\x6d\x73\x67\x5f\x70\
\x61\x79\x6c\x6f\x61\x64\0\x66\x6c\x75\x73\x68\x5f\x63\x61\x63\x68\x65\0\x6e\
\x6c\x67\x72\x6f\x75\x70\0\x72\x75\x6c\x65\x73\x5f\x6c\x69\x73\x74\0\x66\x72\
\x6f\x5f\x6e\x65\x74\0\x66\x69\x62\x5f\x72\x75\x6c\x65\0\x69\x69\x66\x69\x6e\
\x64\x65\x78\0\x6f\x69\x66\x69\x6e\x64\x65\x78\0\x6d\x61\x72\x6b\x5f\x6d\x61\
\x73\x6b\0\x74\x61\x62\x6c\x65\0\x6c\x33\x6d\x64\x65\x76\0\x69\x70\x5f\x70\x72\
\x6f\x74\x6f\0\x74\x75\x6e\x5f\x69\x64\0\x63\x74\x61\x72\x67\x65\x74\0\x66\x72\
\x5f\x6e\x65\x74\0\x70\x72\x65\x66\0\x73\x75\x70\x70\x72\x65\x73\x73\x5f\x69\
\x66\x67\x72\x6f\x75\x70\0\x73\x75\x70\x70\x72\x65\x73\x73\x5f\x70\x72\x65\x66\
\x69\x78\x6c\x65\x6e\0\x69\x69\x66\x6e\x61\x6d\x65\0\x6f\x69\x66\x6e\x61\x6d\
\x65\0\x75\x69\x64\x5f\x72\x61\x6e\x67\x65\0\x73\x70\x6f\x72\x74\x5f\x72\x61\
\x6e\x67\x65\0\x64\x70\x6f\x72\x74\x5f\x72\x61\x6e\x67\x65\0\x5f\x5f\x62\x65\
\x36\x34\0\x66\x69\x62\x5f\x6b\x75\x69\x64\x5f\x72\x61\x6e\x67\x65\0\x66\x69\
\x62\x5f\x72\x75\x6c\x65\x5f\x70\x6f\x72\x74\x5f\x72\x61\x6e\x67\x65\0\x66\x6c\
\x6f\x77\x69\0\x75\0\x5f\x5f\x66\x6c\x5f\x63\x6f\x6d\x6d\x6f\x6e\0\x69\x70\x34\
\0\x69\x70\x36\0\x64\x6e\0\x66\x6c\x6f\x77\x69\x5f\x63\x6f\x6d\x6d\x6f\x6e\0\
\x66\x6c\x6f\x77\x69\x63\x5f\x6f\x69\x66\0\x66\x6c\x6f\x77\x69\x63\x5f\x69\x69\
\x66\0\x66\x6c\x6f\x77\x69\x63\x5f\x6d\x61\x72\x6b\0\x66\x6c\x6f\x77\x69\x63\
\x5f\x74\x6f\x73\0\x66\x6c\x6f\x77\x69\x63\x5f\x73\x63\x6f\x70\x65\0\x66\x6c\
\x6f\x77\x69\x63\x5f\x70\x72\x6f\x74\x6f\0\x66\x6c\x6f\x77\x69\x63\x5f\x66\x6c\
\x61\x67\x73\0\x66\x6c\x6f\x77\x69\x63\x5f\x73\x65\x63\x69\x64\0\x66\x6c\x6f\
\x77\x69\x63\x5f\x75\x69\x64\0\x66\x6c\x6f\x77\x69\x63\x5f\x74\x75\x6e\x5f\x6b\
\x65\x79\0\x66\x6c\x6f\x77\x69\x63\x5f\x6d\x75\x6c\x74\x69\x70\x61\x74\x68\x5f\
\x68\x61\x73\x68\0\x66\x6c\x6f\x77\x69\x5f\x74\x75\x6e\x6e\x65\x6c\0\x66\x6c\
\x6f\x77\x69\x34\0\x75\x6c\x69\0\x66\x6c\x6f\x77\x69\x5f\x75\x6c\x69\0\x70\x6f\
\x72\x74\x73\0\x69\x63\x6d\x70\x74\0\x64\x6e\x70\x6f\x72\x74\x73\0\x67\x72\x65\
\x5f\x6b\x65\x79\0\x6d\x68\x74\0\x5f\x5f\x6c\x65\x31\x36\0\x66\x6c\x6f\x77\x69\
\x36\0\x66\x6c\x6f\x77\x6c\x61\x62\x65\x6c\0\x6d\x70\x5f\x68\x61\x73\x68\0\x66\
\x6c\x6f\x77\x69\x64\x6e\0\x66\x69\x62\x5f\x6c\x6f\x6f\x6b\x75\x70\x5f\x61\x72\
\x67\0\x6c\x6f\x6f\x6b\x75\x70\x5f\x70\x74\x72\0\x6c\x6f\x6f\x6b\x75\x70\x5f\
\x64\x61\x74\x61\0\x72\x65\x73\x75\x6c\x74\0\x72\x75\x6c\x65\0\x66\x69\x62\x5f\
\x72\x75\x6c\x65\x5f\x68\x64\x72\0\x64\x73\x74\x5f\x6c\x65\x6e\0\x73\x72\x63\
\x5f\x6c\x65\x6e\0\x74\x6f\x73\0\x72\x65\x73\x31\0\x72\x65\x73\x32\0\x6e\x6c\
\x61\x74\x74\x72\0\x6e\x6c\x61\x5f\x6c\x65\x6e\0\x6e\x6c\x61\x5f\x74\x79\x70\
\x65\0\x6e\x6c\x61\x5f\x70\x6f\x6c\x69\x63\x79\0\x76\x61\x6c\x69\x64\x61\x74\
\x69\x6f\x6e\x5f\x74\x79\x70\x65\0\x62\x69\x74\x66\x69\x65\x6c\x64\x33\x32\x5f\
\x76\x61\x6c\x69\x64\0\x6d\x61\x73\x6b\0\x72\x65\x6a\x65\x63\x74\x5f\x6d\x65\
\x73\x73\x61\x67\x65\0\x6e\x65\x73\x74\x65\x64\x5f\x70\x6f\x6c\x69\x63\x79\0\
\x72\x61\x6e\x67\x65\x5f\x73\x69\x67\x6e\x65\x64\0\x76\x61\x6c\x69\x64\x61\x74\
\x65\0\x73\x74\x72\x69\x63\x74\x5f\x73\x74\x61\x72\x74\x5f\x74\x79\x70\x65\0\
\x6e\x65\x74\x6e\x73\x5f\x6e\x66\0\x70\x72\x6f\x63\x5f\x6e\x65\x74\x66\x69\x6c\
\x74\x65\x72\0\x6e\x66\x5f\x6c\x6f\x67\x67\x65\x72\x73\0\x6e\x66\x5f\x6c\x6f\
\x67\x5f\x64\x69\x72\x5f\x68\x65\x61\x64\x65\x72\0\x68\x6f\x6f\x6b\x73\x5f\x69\
\x70\x76\x34\0\x68\x6f\x6f\x6b\x73\x5f\x69\x70\x76\x36\0\x64\x65\x66\x72\x61\
\x67\x5f\x69\x70\x76\x34\x5f\x75\x73\x65\x72\x73\0\x64\x65\x66\x72\x61\x67\x5f\
\x69\x70\x76\x36\x5f\x75\x73\x65\x72\x73\0\x6e\x66\x5f\x6c\x6f\x67\x67\x65\x72\
\0\x6c\x6f\x67\x66\x6e\0\x6d\x65\0\x6e\x66\x5f\x6c\x6f\x67\x5f\x74\x79\x70\x65\
\0\x4e\x46\x5f\x4c\x4f\x47\x5f\x54\x59\x50\x45\x5f\x4c\x4f\x47\0\x4e\x46\x5f\
\x4c\x4f\x47\x5f\x54\x59\x50\x45\x5f\x55\x4c\x4f\x47\0\x4e\x46\x5f\x4c\x4f\x47\
\x5f\x54\x59\x50\x45\x5f\x4d\x41\x58\0\x6e\x66\x5f\x6c\x6f\x67\x66\x6e\0\x75\
\x5f\x69\x6e\x74\x38\x5f\x74\0\x6e\x66\x5f\x6c\x6f\x67\x69\x6e\x66\x6f\0\x75\
\x6c\x6f\x67\0\x6c\x6f\x67\0\x63\x6f\x70\x79\x5f\x6c\x65\x6e\0\x71\x74\x68\x72\
\x65\x73\x68\x6f\x6c\x64\0\x75\x5f\x69\x6e\x74\x33\x32\x5f\x74\0\x75\x5f\x69\
\x6e\x74\x31\x36\x5f\x74\0\x6c\x6f\x67\x66\x6c\x61\x67\x73\0\x6e\x66\x5f\x68\
\x6f\x6f\x6b\x5f\x65\x6e\x74\x72\x69\x65\x73\0\x6e\x75\x6d\x5f\x68\x6f\x6f\x6b\
\x5f\x65\x6e\x74\x72\x69\x65\x73\0\x68\x6f\x6f\x6b\x73\0\x6e\x66\x5f\x68\x6f\
\x6f\x6b\x5f\x65\x6e\x74\x72\x79\0\x68\x6f\x6f\x6b\0\x6e\x66\x5f\x68\x6f\x6f\
\x6b\x66\x6e\0\x6e\x66\x5f\x68\x6f\x6f\x6b\x5f\x73\x74\x61\x74\x65\0\x70\x66\0\
\x69\x6e\0\x6f\x75\x74\0\x6f\x6b\x66\x6e\0\x6e\x65\x74\x6e\x73\x5f\x63\x74\0\
\x65\x63\x61\x63\x68\x65\x5f\x64\x77\x6f\x72\x6b\x5f\x70\x65\x6e\x64\x69\x6e\
\x67\0\x73\x79\x73\x63\x74\x6c\x5f\x6c\x6f\x67\x5f\x69\x6e\x76\x61\x6c\x69\x64\
\0\x73\x79\x73\x63\x74\x6c\x5f\x65\x76\x65\x6e\x74\x73\0\x73\x79\x73\x63\x74\
\x6c\x5f\x61\x63\x63\x74\0\x73\x79\x73\x63\x74\x6c\x5f\x61\x75\x74\x6f\x5f\x61\
\x73\x73\x69\x67\x6e\x5f\x68\x65\x6c\x70\x65\x72\0\x73\x79\x73\x63\x74\x6c\x5f\
\x74\x73\x74\x61\x6d\x70\0\x73\x79\x73\x63\x74\x6c\x5f\x63\x68\x65\x63\x6b\x73\
\x75\x6d\0\x70\x63\x70\x75\x5f\x6c\x69\x73\x74\x73\0\x6e\x66\x5f\x63\x6f\x6e\
\x6e\x74\x72\x61\x63\x6b\x5f\x65\x76\x65\x6e\x74\x5f\x63\x62\0\x6e\x66\x5f\x63\
\x74\x5f\x70\x72\x6f\x74\x6f\0\x6e\x66\x5f\x69\x70\x5f\x6e\x65\x74\0\x67\x65\
\x6e\x65\x72\x69\x63\0\x74\x63\x70\0\x75\x64\x70\0\x69\x63\x6d\x70\0\x69\x63\
\x6d\x70\x76\x36\0\x67\x72\x65\0\x6e\x66\x5f\x67\x65\x6e\x65\x72\x69\x63\x5f\
\x6e\x65\x74\0\x6e\x66\x5f\x74\x63\x70\x5f\x6e\x65\x74\0\x74\x69\x6d\x65\x6f\
\x75\x74\x73\0\x74\x63\x70\x5f\x6c\x6f\x6f\x73\x65\0\x74\x63\x70\x5f\x62\x65\
\x5f\x6c\x69\x62\x65\x72\x61\x6c\0\x74\x63\x70\x5f\x6d\x61\x78\x5f\x72\x65\x74\
\x72\x61\x6e\x73\0\x74\x63\x70\x5f\x69\x67\x6e\x6f\x72\x65\x5f\x69\x6e\x76\x61\
\x6c\x69\x64\x5f\x72\x73\x74\0\x6e\x66\x5f\x75\x64\x70\x5f\x6e\x65\x74\0\x6e\
\x66\x5f\x69\x63\x6d\x70\x5f\x6e\x65\x74\0\x6e\x66\x5f\x67\x72\x65\x5f\x6e\x65\
\x74\0\x6b\x65\x79\x6d\x61\x70\x5f\x6c\x69\x73\x74\0\x6e\x65\x74\x6e\x73\x5f\
\x62\x70\x66\0\x72\x75\x6e\x5f\x61\x72\x72\x61\x79\0\x6e\x65\x74\x6e\x73\x5f\
\x78\x66\x72\x6d\0\x73\x74\x61\x74\x65\x5f\x61\x6c\x6c\0\x73\x74\x61\x74\x65\
\x5f\x62\x79\x64\x73\x74\0\x73\x74\x61\x74\x65\x5f\x62\x79\x73\x72\x63\0\x73\
\x74\x61\x74\x65\x5f\x62\x79\x73\x70\x69\0\x73\x74\x61\x74\x65\x5f\x62\x79\x73\
\x65\x71\0\x73\x74\x61\x74\x65\x5f\x68\x6d\x61\x73\x6b\0\x73\x74\x61\x74\x65\
\x5f\x6e\x75\x6d\0\x73\x74\x61\x74\x65\x5f\x68\x61\x73\x68\x5f\x77\x6f\x72\x6b\
\0\x70\x6f\x6c\x69\x63\x79\x5f\x61\x6c\x6c\0\x70\x6f\x6c\x69\x63\x79\x5f\x62\
\x79\x69\x64\x78\0\x70\x6f\x6c\x69\x63\x79\x5f\x69\x64\x78\x5f\x68\x6d\x61\x73\
\x6b\0\x70\x6f\x6c\x69\x63\x79\x5f\x69\x6e\x65\x78\x61\x63\x74\0\x70\x6f\x6c\
\x69\x63\x79\x5f\x62\x79\x64\x73\x74\0\x70\x6f\x6c\x69\x63\x79\x5f\x63\x6f\x75\
\x6e\x74\0\x70\x6f\x6c\x69\x63\x79\x5f\x68\x61\x73\x68\x5f\x77\x6f\x72\x6b\0\
\x70\x6f\x6c\x69\x63\x79\x5f\x68\x74\x68\x72\x65\x73\x68\0\x69\x6e\x65\x78\x61\
\x63\x74\x5f\x62\x69\x6e\x73\0\x6e\x6c\x73\x6b\0\x6e\x6c\x73\x6b\x5f\x73\x74\
\x61\x73\x68\0\x73\x79\x73\x63\x74\x6c\x5f\x61\x65\x76\x65\x6e\x74\x5f\x65\x74\
\x69\x6d\x65\0\x73\x79\x73\x63\x74\x6c\x5f\x61\x65\x76\x65\x6e\x74\x5f\x72\x73\
\x65\x71\x74\x68\0\x73\x79\x73\x63\x74\x6c\x5f\x6c\x61\x72\x76\x61\x6c\x5f\x64\
\x72\x6f\x70\0\x73\x79\x73\x63\x74\x6c\x5f\x61\x63\x71\x5f\x65\x78\x70\x69\x72\
\x65\x73\0\x70\x6f\x6c\x69\x63\x79\x5f\x64\x65\x66\x61\x75\x6c\x74\0\x78\x66\
\x72\x6d\x34\x5f\x64\x73\x74\x5f\x6f\x70\x73\0\x78\x66\x72\x6d\x36\x5f\x64\x73\
\x74\x5f\x6f\x70\x73\0\x78\x66\x72\x6d\x5f\x73\x74\x61\x74\x65\x5f\x6c\x6f\x63\
\x6b\0\x78\x66\x72\x6d\x5f\x73\x74\x61\x74\x65\x5f\x68\x61\x73\x68\x5f\x67\x65\
\x6e\x65\x72\x61\x74\x69\x6f\x6e\0\x78\x66\x72\x6d\x5f\x70\x6f\x6c\x69\x63\x79\
\x5f\x68\x61\x73\x68\x5f\x67\x65\x6e\x65\x72\x61\x74\x69\x6f\x6e\0\x78\x66\x72\
\x6d\x5f\x70\x6f\x6c\x69\x63\x79\x5f\x6c\x6f\x63\x6b\0\x78\x66\x72\x6d\x5f\x63\
\x66\x67\x5f\x6d\x75\x74\x65\x78\0\x78\x66\x72\x6d\x5f\x70\x6f\x6c\x69\x63\x79\
\x5f\x68\x61\x73\x68\0\x68\x6d\x61\x73\x6b\0\x64\x62\x69\x74\x73\x34\0\x73\x62\
\x69\x74\x73\x34\0\x64\x62\x69\x74\x73\x36\0\x73\x62\x69\x74\x73\x36\0\x78\x66\
\x72\x6d\x5f\x70\x6f\x6c\x69\x63\x79\x5f\x68\x74\x68\x72\x65\x73\x68\0\x6c\x62\
\x69\x74\x73\x34\0\x72\x62\x69\x74\x73\x34\0\x6c\x62\x69\x74\x73\x36\0\x72\x62\
\x69\x74\x73\x36\0\x30\x3a\x31\x34\x3a\x32\0\x20\x20\x6e\x73\x5f\x69\x6e\x66\
\x6f\x2d\x3e\x75\x73\x65\x72\x5f\x6e\x73\x20\x3d\x20\x42\x50\x46\x5f\x43\x4f\
\x52\x45\x5f\x52\x45\x41\x44\x28\x74\x2c\x20\x6e\x73\x70\x72\x6f\x78\x79\x2c\
\x20\x75\x74\x73\x5f\x6e\x73\x2c\x20\x75\x73\x65\x72\x5f\x6e\x73\x2c\x20\x6e\
\x73\x2e\x69\x6e\x75\x6d\x29\x3b\0\x30\x3a\x31\0\x75\x74\x73\x5f\x6e\x61\x6d\
\x65\x73\x70\x61\x63\x65\0\x6e\x65\x77\x5f\x75\x74\x73\x6e\x61\x6d\x65\0\x73\
\x79\x73\x6e\x61\x6d\x65\0\x6e\x6f\x64\x65\x6e\x61\x6d\x65\0\x6d\x61\x63\x68\
\x69\x6e\x65\0\x64\x6f\x6d\x61\x69\x6e\x6e\x61\x6d\x65\0\x30\x3a\x37\x3a\x32\0\
\x20\x20\x6e\x73\x5f\x69\x6e\x66\x6f\x2d\x3e\x75\x74\x73\x5f\x6e\x73\x20\x3d\
\x20\x42\x50\x46\x5f\x43\x4f\x52\x45\x5f\x52\x45\x41\x44\x28\x74\x2c\x20\x6e\
\x73\x70\x72\x6f\x78\x79\x2c\x20\x75\x74\x73\x5f\x6e\x73\x2c\x20\x6e\x73\x2e\
\x69\x6e\x75\x6d\x29\x3b\0\x30\x3a\x33\x3a\x32\0\x6c\x69\x6e\x75\x78\x5f\x62\
\x69\x6e\x70\x72\x6d\0\x76\x6d\x61\0\x76\x6d\x61\x5f\x70\x61\x67\x65\x73\0\x61\
\x72\x67\x6d\x69\x6e\0\x68\x61\x76\x65\x5f\x65\x78\x65\x63\x66\x64\0\x65\x78\
\x65\x63\x66\x64\x5f\x63\x72\x65\x64\x73\0\x73\x65\x63\x75\x72\x65\x65\x78\x65\
\x63\0\x70\x6f\x69\x6e\x74\x5f\x6f\x66\x5f\x6e\x6f\x5f\x72\x65\x74\x75\x72\x6e\
\0\x65\x78\x65\x63\x75\x74\x61\x62\x6c\x65\0\x69\x6e\x74\x65\x72\x70\x72\x65\
\x74\x65\x72\0\x75\x6e\x73\x61\x66\x65\0\x70\x65\x72\x5f\x63\x6c\x65\x61\x72\0\
\x61\x72\x67\x63\0\x65\x6e\x76\x63\0\x66\x69\x6c\x65\x6e\x61\x6d\x65\0\x69\x6e\
\x74\x65\x72\x70\0\x66\x64\x70\x61\x74\x68\0\x69\x6e\x74\x65\x72\x70\x5f\x66\
\x6c\x61\x67\x73\0\x65\x78\x65\x63\x66\x64\0\x6c\x6f\x61\x64\x65\x72\0\x65\x78\
\x65\x63\0\x72\x6c\x69\x6d\x5f\x73\x74\x61\x63\x6b\0\x72\x6c\x69\x6d\x69\x74\0\
\x72\x6c\x69\x6d\x5f\x63\x75\x72\0\x72\x6c\x69\x6d\x5f\x6d\x61\x78\0\x30\x3a\
\x31\x31\0\x20\x20\x69\x6d\x61\x67\x65\x5f\x69\x6e\x66\x6f\x2d\x3e\x69\x6e\x6f\
\x64\x65\x20\x3d\x20\x42\x50\x46\x5f\x43\x4f\x52\x45\x5f\x52\x45\x41\x44\x28\
\x62\x70\x72\x6d\x2c\x20\x66\x69\x6c\x65\x2c\x20\x66\x5f\x69\x6e\x6f\x64\x65\
\x2c\x20\x69\x5f\x69\x6e\x6f\x29\x3b\0\x20\x20\x69\x6d\x61\x67\x65\x5f\x69\x6e\
\x66\x6f\x2d\x3e\x75\x69\x64\x20\x3d\x20\x42\x50\x46\x5f\x43\x4f\x52\x45\x5f\
\x52\x45\x41\x44\x28\x62\x70\x72\x6d\x2c\x20\x66\x69\x6c\x65\x2c\x20\x66\x5f\
\x69\x6e\x6f\x64\x65\x2c\x20\x69\x5f\x75\x69\x64\x2e\x76\x61\x6c\x29\x3b\0\x30\
\x3a\x32\x3a\x30\0\x20\x20\x69\x6d\x61\x67\x65\x5f\x69\x6e\x66\x6f\x2d\x3e\x67\
\x69\x64\x20\x3d\x20\x42\x50\x46\x5f\x43\x4f\x52\x45\x5f\x52\x45\x41\x44\x28\
\x62\x70\x72\x6d\x2c\x20\x66\x69\x6c\x65\x2c\x20\x66\x5f\x69\x6e\x6f\x64\x65\
\x2c\x20\x69\x5f\x67\x69\x64\x2e\x76\x61\x6c\x29\x3b\0\x30\x3a\x33\x3a\x30\0\
\x20\x20\x69\x6d\x61\x67\x65\x5f\x69\x6e\x66\x6f\x2d\x3e\x6d\x6f\x64\x65\x20\
\x3d\x20\x42\x50\x46\x5f\x43\x4f\x52\x45\x5f\x52\x45\x41\x44\x28\x62\x70\x72\
\x6d\x2c\x20\x66\x69\x6c\x65\x2c\x20\x66\x5f\x69\x6e\x6f\x64\x65\x2c\x20\x69\
\x5f\x6d\x6f\x64\x65\x29\x3b\0\x30\x3a\x30\0\x20\x20\x69\x6d\x61\x67\x65\x5f\
\x69\x6e\x66\x6f\x2d\x3e\x6d\x74\x69\x6d\x65\x2e\x74\x76\x5f\x73\x65\x63\x20\
\x3d\x20\x42\x50\x46\x5f\x43\x4f\x52\x45\x5f\x52\x45\x41\x44\x28\x62\x70\x72\
\x6d\x2c\x20\x66\x69\x6c\x65\x2c\x20\x66\x5f\x69\x6e\x6f\x64\x65\x2c\x20\x69\
\x5f\x6d\x74\x69\x6d\x65\x2e\x74\x76\x5f\x73\x65\x63\x29\x3b\0\x30\x3a\x31\x36\
\x3a\x30\0\x20\x20\x20\x20\x20\x20\x42\x50\x46\x5f\x43\x4f\x52\x45\x5f\x52\x45\
\x41\x44\x28\x62\x70\x72\x6d\x2c\x20\x66\x69\x6c\x65\x2c\x20\x66\x5f\x69\x6e\
\x6f\x64\x65\x2c\x20\x69\x5f\x6d\x74\x69\x6d\x65\x2e\x74\x76\x5f\x6e\x73\x65\
\x63\x29\x3b\0\x30\x3a\x31\x36\x3a\x31\0\x20\x20\x69\x6d\x61\x67\x65\x5f\x69\
\x6e\x66\x6f\x2d\x3e\x6d\x74\x69\x6d\x65\x2e\x74\x76\x5f\x6e\x73\x65\x63\x20\
\x3d\0\x20\x20\x69\x6d\x61\x67\x65\x5f\x69\x6e\x66\x6f\x2d\x3e\x63\x74\x69\x6d\
\x65\x2e\x74\x76\x5f\x73\x65\x63\x20\x3d\x20\x42\x50\x46\x5f\x43\x4f\x52\x45\
\x5f\x52\x45\x41\x44\x28\x62\x70\x72\x6d\x2c\x20\x66\x69\x6c\x65\x2c\x20\x66\
\x5f\x69\x6e\x6f\x64\x65\x2c\x20\x69\x5f\x63\x74\x69\x6d\x65\x2e\x74\x76\x5f\
\x73\x65\x63\x29\x3b\0\x30\x3a\x31\x37\x3a\x30\0\x20\x20\x20\x20\x20\x20\x42\
\x50\x46\x5f\x43\x4f\x52\x45\x5f\x52\x45\x41\x44\x28\x62\x70\x72\x6d\x2c\x20\
\x66\x69\x6c\x65\x2c\x20\x66\x5f\x69\x6e\x6f\x64\x65\x2c\x20\x69\x5f\x63\x74\
\x69\x6d\x65\x2e\x74\x76\x5f\x6e\x73\x65\x63\x29\x3b\0\x30\x3a\x31\x37\x3a\x31\
\0\x20\x20\x69\x6d\x61\x67\x65\x5f\x69\x6e\x66\x6f\x2d\x3e\x63\x74\x69\x6d\x65\
\x2e\x74\x76\x5f\x6e\x73\x65\x63\x20\x3d\0\x20\x20\x64\x65\x76\x5f\x74\x20\x64\
\x65\x76\x20\x3d\x20\x42\x50\x46\x5f\x43\x4f\x52\x45\x5f\x52\x45\x41\x44\x28\
\x62\x70\x72\x6d\x2c\x20\x66\x69\x6c\x65\x2c\x20\x66\x5f\x69\x6e\x6f\x64\x65\
\x2c\x20\x69\x5f\x73\x62\x2c\x20\x73\x5f\x64\x65\x76\x29\x3b\0\x20\x20\x20\x20\
\x20\x20\x28\x6d\x69\x6e\x6f\x72\x20\x26\x20\x30\x78\x66\x66\x29\x20\x7c\x20\
\x28\x6d\x61\x6a\x6f\x72\x20\x3c\x3c\x20\x38\x29\x20\x7c\x20\x28\x28\x6d\x69\
\x6e\x6f\x72\x20\x26\x20\x7e\x30\x78\x66\x66\x29\x20\x3c\x3c\x20\x31\x32\x29\
\x3b\0\x20\x20\x69\x6d\x61\x67\x65\x5f\x69\x6e\x66\x6f\x2d\x3e\x69\x6e\x6f\x64\
\x65\x5f\x64\x65\x76\x69\x63\x65\x5f\x69\x64\x20\x3d\0\x30\x3a\x31\x38\0\x20\
\x20\x63\x6f\x6e\x73\x74\x20\x63\x68\x61\x72\x2a\x20\x69\x6e\x74\x65\x72\x70\
\x5f\x73\x74\x61\x72\x74\x20\x3d\x20\x42\x50\x46\x5f\x43\x4f\x52\x45\x5f\x52\
\x45\x41\x44\x28\x62\x70\x72\x6d\x2c\x20\x69\x6e\x74\x65\x72\x70\x29\x3b\0\x20\
\x20\x66\x69\x6c\x6c\x5f\x69\x6d\x61\x67\x65\x5f\x69\x6e\x66\x6f\x28\x26\x70\
\x2d\x3e\x69\x6d\x61\x67\x65\x5f\x69\x6e\x66\x6f\x2c\x20\x62\x70\x72\x6d\x2c\
\x20\x63\x75\x72\x72\x65\x6e\x74\x29\x3b\0\x20\x20\x62\x70\x66\x5f\x70\x72\x6f\
\x62\x65\x5f\x72\x65\x61\x64\x5f\x73\x74\x72\x28\x69\x6d\x61\x67\x65\x5f\x69\
\x6e\x66\x6f\x2d\x3e\x70\x61\x74\x68\x6e\x61\x6d\x65\x2c\x20\x73\x69\x7a\x65\
\x6f\x66\x28\x69\x6d\x61\x67\x65\x5f\x69\x6e\x66\x6f\x2d\x3e\x70\x61\x74\x68\
\x6e\x61\x6d\x65\x29\x2c\0\x20\x20\x69\x6d\x61\x67\x65\x5f\x69\x6e\x66\x6f\x2d\
\x3e\x6d\x6e\x74\x5f\x6e\x73\x20\x3d\x20\x42\x50\x46\x5f\x43\x4f\x52\x45\x5f\
\x52\x45\x41\x44\x28\x74\x2c\x20\x6e\x73\x70\x72\x6f\x78\x79\x2c\x20\x6d\x6e\
\x74\x5f\x6e\x73\x2c\x20\x6e\x73\x2e\x69\x6e\x75\x6d\x29\x3b\0\x20\x20\x20\x20\
\x69\x66\x20\x28\x28\x21\x70\x61\x72\x65\x6e\x74\x29\x20\x7c\x7c\x20\x28\x42\
\x50\x46\x5f\x43\x4f\x52\x45\x5f\x52\x45\x41\x44\x28\x70\x61\x72\x65\x6e\x74\
\x2c\x20\x74\x67\x69\x64\x29\x20\x3d\x3d\x20\x30\x29\x20\x7c\x7c\0\x20\x20\x20\
\x20\x20\x20\x20\x20\x28\x42\x50\x46\x5f\x43\x4f\x52\x45\x5f\x52\x45\x41\x44\
\x28\x72\x65\x74\x2c\x20\x6e\x73\x70\x72\x6f\x78\x79\x2c\x20\x6d\x6e\x74\x5f\
\x6e\x73\x2c\x20\x6e\x73\x2e\x69\x6e\x75\x6d\x29\x20\x21\x3d\0\x20\x20\x20\x20\
\x20\x20\x20\x20\x20\x42\x50\x46\x5f\x43\x4f\x52\x45\x5f\x52\x45\x41\x44\x28\
\x70\x61\x72\x65\x6e\x74\x2c\x20\x6e\x73\x70\x72\x6f\x78\x79\x2c\x20\x6d\x6e\
\x74\x5f\x6e\x73\x2c\x20\x6e\x73\x2e\x69\x6e\x75\x6d\x29\x29\x29\x20\x7b\0\x20\
\x20\x69\x6d\x61\x67\x65\x5f\x69\x6e\x66\x6f\x2d\x3e\x70\x69\x64\x5f\x66\x6f\
\x72\x5f\x73\x65\x74\x6e\x73\x20\x3d\x20\x42\x50\x46\x5f\x43\x4f\x52\x45\x5f\
\x52\x45\x41\x44\x28\x6e\x2c\x20\x74\x67\x69\x64\x29\x3b\0\x20\x20\x62\x70\x66\
\x5f\x72\x69\x6e\x67\x62\x75\x66\x5f\x73\x75\x62\x6d\x69\x74\x28\x65\x76\x65\
\x6e\x74\x2c\x20\x30\x29\x3b\0\x68\x61\x6e\x64\x6c\x65\x5f\x73\x63\x68\x65\x64\
\x5f\x70\x72\x6f\x63\x65\x73\x73\x5f\x65\x78\x69\x74\0\x72\x61\x77\x5f\x74\x72\
\x61\x63\x65\x70\x6f\x69\x6e\x74\x2f\x73\x63\x68\x65\x64\x5f\x70\x72\x6f\x63\
\x65\x73\x73\x5f\x65\x78\x69\x74\0\x69\x6e\x74\x20\x42\x50\x46\x5f\x50\x52\x4f\
\x47\x28\x68\x61\x6e\x64\x6c\x65\x5f\x73\x63\x68\x65\x64\x5f\x70\x72\x6f\x63\
\x65\x73\x73\x5f\x65\x78\x69\x74\x2c\x20\x73\x74\x72\x75\x63\x74\x20\x74\x61\
\x73\x6b\x5f\x73\x74\x72\x75\x63\x74\x2a\x20\x63\x75\x72\x72\x65\x6e\x74\x29\
\x20\x7b\0\x30\x3a\x37\x39\0\x20\x20\x69\x66\x20\x28\x28\x42\x50\x46\x5f\x43\
\x4f\x52\x45\x5f\x52\x45\x41\x44\x28\x63\x75\x72\x72\x65\x6e\x74\x2c\x20\x70\
\x69\x64\x29\x20\x21\x3d\x20\x42\x50\x46\x5f\x43\x4f\x52\x45\x5f\x52\x45\x41\
\x44\x28\x63\x75\x72\x72\x65\x6e\x74\x2c\x20\x74\x67\x69\x64\x29\x29\x20\x7c\
\x7c\0\x20\x20\x65\x76\x65\x6e\x74\x2d\x3e\x64\x61\x74\x61\x2e\x70\x72\x6f\x63\
\x65\x73\x73\x5f\x65\x76\x65\x6e\x74\x2e\x74\x79\x70\x65\x20\x3d\x20\x6b\x50\
\x72\x6f\x63\x65\x73\x73\x45\x78\x69\x74\x45\x76\x65\x6e\x74\x3b\0\x30\x3a\x38\
\x34\x3a\x30\0\x20\x20\x73\x74\x72\x75\x63\x74\x20\x6c\x69\x73\x74\x5f\x68\x65\
\x61\x64\x2a\x20\x66\x69\x72\x73\x74\x5f\x63\x68\x69\x6c\x64\x20\x3d\x20\x42\
\x50\x46\x5f\x43\x4f\x52\x45\x5f\x52\x45\x41\x44\x28\x63\x75\x72\x72\x65\x6e\
\x74\x2c\x20\x63\x68\x69\x6c\x64\x72\x65\x6e\x2e\x6e\x65\x78\x74\x29\x3b\0\x20\
\x20\x20\x20\x20\x20\x28\x21\x66\x69\x72\x73\x74\x5f\x63\x68\x69\x6c\x64\x20\
\x7c\x7c\x20\x28\x66\x69\x72\x73\x74\x5f\x63\x68\x69\x6c\x64\x20\x3d\x3d\x20\
\x42\x50\x46\x5f\x43\x4f\x52\x45\x5f\x52\x45\x41\x44\x28\x66\x69\x72\x73\x74\
\x5f\x63\x68\x69\x6c\x64\x2c\x20\x6e\x65\x78\x74\x29\x29\x29\x3b\0\x20\x20\x70\
\x2d\x3e\x69\x73\x5f\x6c\x65\x61\x66\x20\x3d\0\x4c\x49\x43\x45\x4e\x53\x45\0\
\x2e\x6d\x61\x70\x73\0\x6c\x69\x63\x65\x6e\x73\x65\0\x6b\x65\x72\x6e\x66\x73\
\x5f\x72\x6f\x6f\x74\0\x62\x75\x63\x6b\x65\x74\x5f\x74\x61\x62\x6c\x65\0\x70\
\x72\x6f\x63\x5f\x6e\x73\x5f\x6f\x70\x65\x72\x61\x74\x69\x6f\x6e\x73\0\x66\x69\
\x6c\x65\x5f\x73\x79\x73\x74\x65\x6d\x5f\x74\x79\x70\x65\0\x62\x6c\x6f\x63\x6b\
\x5f\x64\x65\x76\x69\x63\x65\0\x6d\x6f\x75\x6e\x74\0\x6b\x6d\x65\x6d\x5f\x63\
\x61\x63\x68\x65\x5f\x63\x70\x75\0\x61\x64\x64\x72\x65\x73\x73\x5f\x73\x70\x61\
\x63\x65\x5f\x6f\x70\x65\x72\x61\x74\x69\x6f\x6e\x73\0\x77\x61\x69\x74\x5f\x70\
\x61\x67\x65\x5f\x71\x75\x65\x75\x65\0\x69\x6f\x76\x65\x63\0\x62\x69\x6f\x5f\
\x76\x65\x63\0\x70\x69\x70\x65\x5f\x62\x75\x66\x66\x65\x72\0\x70\x65\x72\x63\
\x70\x75\x5f\x72\x65\x66\x5f\x64\x61\x74\x61\0\x66\x77\x6e\x6f\x64\x65\x5f\x68\
\x61\x6e\x64\x6c\x65\0\x64\x65\x76\x5f\x70\x6d\x5f\x64\x6f\x6d\x61\x69\x6e\0\
\x70\x6d\x5f\x73\x75\x62\x73\x79\x73\x5f\x64\x61\x74\x61\0\x64\x65\x76\x5f\x70\
\x6d\x5f\x71\x6f\x73\0\x65\x6d\x5f\x70\x65\x72\x66\x5f\x64\x6f\x6d\x61\x69\x6e\
\0\x6c\x69\x6e\x75\x78\x5f\x62\x69\x6e\x66\x6d\x74\0\x6b\x73\x65\x74\x5f\x75\
\x65\x76\x65\x6e\x74\x5f\x6f\x70\x73\0\x6b\x6f\x62\x6a\x5f\x74\x79\x70\x65\0\
\x6e\x65\x74\x64\x65\x76\x5f\x6e\x61\x6d\x65\x5f\x6e\x6f\x64\x65\0\x64\x65\x76\
\x5f\x69\x66\x61\x6c\x69\x61\x73\0\x6e\x65\x74\x5f\x64\x65\x76\x69\x63\x65\x5f\
\x6f\x70\x73\0\x6e\x65\x74\x6c\x69\x6e\x6b\x5f\x72\x61\x6e\x67\x65\x5f\x76\x61\
\x6c\x69\x64\x61\x74\x69\x6f\x6e\0\x6e\x65\x74\x6c\x69\x6e\x6b\x5f\x72\x61\x6e\
\x67\x65\x5f\x76\x61\x6c\x69\x64\x61\x74\x69\x6f\x6e\x5f\x73\x69\x67\x6e\x65\
\x64\0\x77\x71\x5f\x66\x6c\x75\x73\x68\x65\x72\0\x77\x6f\x72\x6b\x65\x72\0\x77\
\x6f\x72\x6b\x65\x72\x5f\x70\x6f\x6f\x6c\0\x77\x6f\x72\x6b\x71\x75\x65\x75\x65\
\x5f\x61\x74\x74\x72\x73\0\x77\x71\x5f\x64\x65\x76\x69\x63\x65\0\x64\x65\x76\
\x69\x63\x65\x5f\x70\x72\x69\x76\x61\x74\x65\0\x64\x65\x76\x69\x63\x65\x5f\x64\
\x72\x69\x76\x65\x72\0\x62\x75\x73\x5f\x74\x79\x70\x65\0\x62\x70\x66\x5f\x6c\
\x6f\x63\x61\x6c\x5f\x73\x74\x6f\x72\x61\x67\x65\x5f\x6d\x61\x70\0\x64\x65\x76\
\x69\x63\x65\x5f\x6e\x6f\x64\x65\0\x64\x65\x76\x69\x63\x65\x5f\x74\x79\x70\x65\
\0\x77\x61\x6b\x65\x75\x70\x5f\x73\x6f\x75\x72\x63\x65\0\x77\x61\x6b\x65\x5f\
\x69\x72\x71\0\x68\x72\x74\x69\x6d\x65\x72\x5f\x63\x6c\x6f\x63\x6b\x5f\x62\x61\
\x73\x65\0\x65\x78\x63\x65\x70\x74\x69\x6f\x6e\x5f\x74\x61\x62\x6c\x65\x5f\x65\
\x6e\x74\x72\x79\0\x69\x72\x71\x5f\x64\x6f\x6d\x61\x69\x6e\0\x64\x65\x76\x5f\
\x70\x69\x6e\x5f\x69\x6e\x66\x6f\0\x64\x6d\x61\x5f\x6d\x61\x70\x5f\x6f\x70\x73\
\0\x62\x75\x73\x5f\x64\x6d\x61\x5f\x72\x65\x67\x69\x6f\x6e\0\x64\x65\x76\x69\
\x63\x65\x5f\x64\x6d\x61\x5f\x70\x61\x72\x61\x6d\x65\x74\x65\x72\x73\0\x64\x6d\
\x61\x5f\x63\x6f\x68\x65\x72\x65\x6e\x74\x5f\x6d\x65\x6d\0\x69\x6f\x5f\x74\x6c\
\x62\x5f\x6d\x65\x6d\0\x64\x65\x76\x5f\x69\x6f\x6d\x6d\x75\0\x64\x65\x76\x69\
\x63\x65\x5f\x70\x68\x79\x73\x69\x63\x61\x6c\x5f\x6c\x6f\x63\x61\x74\x69\x6f\
\x6e\0\x62\x70\x66\x5f\x70\x72\x6f\x67\x5f\x73\x74\x61\x74\x73\0\x6e\x65\x69\
\x67\x68\x5f\x73\x74\x61\x74\x69\x73\x74\x69\x63\x73\0\x6e\x65\x69\x67\x68\x5f\
\x68\x61\x73\x68\x5f\x74\x61\x62\x6c\x65\0\x6e\x65\x69\x67\x68\x5f\x6f\x70\x73\
\0\x62\x70\x66\x5f\x70\x72\x6f\x67\x5f\x61\x75\x78\0\x6e\x65\x74\x64\x65\x76\
\x5f\x72\x78\x5f\x71\x75\x65\x75\x65\0\x74\x63\x66\x5f\x70\x72\x6f\x74\x6f\0\
\x74\x63\x66\x5f\x62\x6c\x6f\x63\x6b\0\x51\x64\x69\x73\x63\x5f\x6f\x70\x73\0\
\x62\x70\x66\x5f\x78\x64\x70\x5f\x6c\x69\x6e\x6b\0\x73\x6f\x63\x6b\x5f\x66\x70\
\x72\x6f\x67\x5f\x6b\x65\x72\x6e\0\x6d\x6f\x64\x75\x6c\x65\x5f\x70\x61\x72\x61\
\x6d\x5f\x61\x74\x74\x72\x73\0\x6d\x6f\x64\x75\x6c\x65\x5f\x61\x74\x74\x72\x69\
\x62\x75\x74\x65\0\x6b\x65\x72\x6e\x65\x6c\x5f\x70\x61\x72\x61\x6d\0\x70\x6c\
\x74\x5f\x65\x6e\x74\x72\x79\0\x62\x75\x67\x5f\x65\x6e\x74\x72\x79\0\x65\x6c\
\x66\x36\x34\x5f\x73\x79\x6d\0\x6d\x6f\x64\x75\x6c\x65\x5f\x73\x65\x63\x74\x5f\
\x61\x74\x74\x72\x73\0\x6d\x6f\x64\x75\x6c\x65\x5f\x6e\x6f\x74\x65\x73\x5f\x61\
\x74\x74\x72\x73\0\x73\x72\x63\x75\x5f\x73\x74\x72\x75\x63\x74\0\x62\x70\x66\
\x5f\x72\x61\x77\x5f\x65\x76\x65\x6e\x74\x5f\x6d\x61\x70\0\x74\x72\x61\x63\x65\
\x70\x6f\x69\x6e\x74\0\x6a\x75\x6d\x70\x5f\x65\x6e\x74\x72\x79\0\x74\x72\x61\
\x63\x65\x5f\x65\x76\x65\x6e\x74\x5f\x63\x6c\x61\x73\x73\0\x74\x72\x61\x63\x65\
\x5f\x65\x76\x65\x6e\x74\x5f\x66\x75\x6e\x63\x74\x69\x6f\x6e\x73\0\x70\x72\x6f\
\x67\x5f\x65\x6e\x74\x72\x79\0\x69\x6e\x5f\x64\x65\x76\x69\x63\x65\0\x65\x78\
\x70\x6f\x72\x74\x5f\x6f\x70\x65\x72\x61\x74\x69\x6f\x6e\x73\0\x69\x66\x61\x63\
\x61\x64\x64\x72\x36\0\x64\x73\x74\x5f\x6d\x65\x74\x72\x69\x63\x73\0\x78\x66\
\x72\x6d\x5f\x73\x74\x61\x74\x65\0\x6e\x65\x74\x5f\x67\x65\x6e\x65\x72\x69\x63\
\0\x78\x66\x72\x6d\x5f\x73\x65\x63\x5f\x63\x74\x78\0\x66\x6e\x68\x65\x5f\x68\
\x61\x73\x68\x5f\x62\x75\x63\x6b\x65\x74\0\x72\x74\x36\x5f\x65\x78\x63\x65\x70\
\x74\x69\x6f\x6e\x5f\x62\x75\x63\x6b\x65\x74\0\x63\x74\x6c\x5f\x74\x61\x62\x6c\
\x65\x5f\x70\x6f\x6c\x6c\0\x63\x74\x6c\x5f\x74\x61\x62\x6c\x65\x5f\x72\x6f\x6f\
\x74\0\x63\x74\x6c\x5f\x6e\x6f\x64\x65\0\x69\x63\x6d\x70\x76\x36\x5f\x6d\x69\
\x62\x5f\x64\x65\x76\x69\x63\x65\0\x69\x63\x6d\x70\x76\x36\x6d\x73\x67\x5f\x6d\
\x69\x62\x5f\x64\x65\x76\x69\x63\x65\0\x77\x69\x72\x65\x6c\x65\x73\x73\x5f\x64\
\x65\x76\0\x73\x6f\x63\x6b\x65\x74\0\x72\x63\x75\x5f\x6e\x6f\x64\x65\0\x77\x70\
\x61\x6e\x5f\x64\x65\x76\0\x66\x69\x6c\x65\x5f\x6c\x6f\x63\x6b\x5f\x63\x6f\x6e\
\x74\x65\x78\x74\0\x66\x73\x63\x72\x79\x70\x74\x5f\x69\x6e\x66\x6f\0\x66\x73\
\x76\x65\x72\x69\x74\x79\x5f\x69\x6e\x66\x6f\0\x6b\x65\x72\x6e\x66\x73\x5f\x6f\
\x70\x73\0\x6b\x65\x72\x6e\x66\x73\x5f\x6f\x70\x65\x6e\x5f\x6e\x6f\x64\x65\0\
\x6b\x65\x72\x6e\x66\x73\x5f\x69\x61\x74\x74\x72\x73\0\x63\x67\x72\x6f\x75\x70\
\x5f\x72\x6f\x6f\x74\0\x63\x67\x72\x6f\x75\x70\x5f\x72\x73\x74\x61\x74\x5f\x63\
\x70\x75\0\x70\x73\x69\x5f\x67\x72\x6f\x75\x70\x5f\x63\x70\x75\0\x63\x67\x72\
\x6f\x75\x70\x5f\x73\x75\x62\x73\x79\x73\0\x71\x64\x69\x73\x63\x5f\x73\x69\x7a\
\x65\x5f\x74\x61\x62\x6c\x65\0\x6e\x65\x74\x5f\x72\x61\x74\x65\x5f\x65\x73\x74\
\x69\x6d\x61\x74\x6f\x72\0\x63\x70\x75\x5f\x72\x6d\x61\x70\0\x78\x64\x70\x5f\
\x64\x65\x76\x5f\x62\x75\x6c\x6b\x5f\x71\x75\x65\x75\x65\0\x70\x63\x70\x75\x5f\
\x6c\x73\x74\x61\x74\x73\0\x70\x63\x70\x75\x5f\x73\x77\x5f\x6e\x65\x74\x73\x74\
\x61\x74\x73\0\x70\x68\x79\x5f\x64\x65\x76\x69\x63\x65\0\x63\x64\x65\x76\0\x66\
\x69\x6c\x65\x5f\x6c\x6f\x63\x6b\x5f\x6f\x70\x65\x72\x61\x74\x69\x6f\x6e\x73\0\
\x6c\x6f\x63\x6b\x5f\x6d\x61\x6e\x61\x67\x65\x72\x5f\x6f\x70\x65\x72\x61\x74\
\x69\x6f\x6e\x73\0\x73\x6b\x62\x5f\x65\x78\x74\0\x73\x6b\x5f\x6d\x73\x67\0\x72\
\x65\x71\x75\x65\x73\x74\x5f\x73\x6f\x63\x6b\x5f\x6f\x70\x73\0\x74\x69\x6d\x65\
\x77\x61\x69\x74\x5f\x73\x6f\x63\x6b\x5f\x6f\x70\x73\0\x69\x6e\x65\x74\x5f\x65\
\x68\x61\x73\x68\x5f\x62\x75\x63\x6b\x65\x74\0\x69\x6e\x65\x74\x5f\x62\x69\x6e\
\x64\x5f\x68\x61\x73\x68\x62\x75\x63\x6b\x65\x74\0\x72\x61\x77\x5f\x68\x61\x73\
\x68\x69\x6e\x66\x6f\0\x6b\x65\x79\x5f\x75\x73\x65\x72\0\x73\x6f\x63\x6b\x5f\
\x72\x65\x75\x73\x65\x70\x6f\x72\x74\0\x62\x70\x66\x5f\x73\x74\x6f\x72\x61\x67\
\x65\x5f\x62\x75\x66\x66\x65\x72\0\x62\x70\x66\x5f\x63\x67\x72\x6f\x75\x70\x5f\
\x73\x74\x6f\x72\x61\x67\x65\x5f\x6d\x61\x70\0\x70\x65\x72\x66\x5f\x63\x70\x75\
\x5f\x63\x6f\x6e\x74\x65\x78\x74\0\x70\x65\x72\x66\x5f\x65\x76\x65\x6e\x74\x5f\
\x6d\x6d\x61\x70\x5f\x70\x61\x67\x65\0\x70\x65\x72\x66\x5f\x61\x64\x64\x72\x5f\
\x66\x69\x6c\x74\x65\x72\x5f\x72\x61\x6e\x67\x65\0\x70\x65\x72\x66\x5f\x72\x61\
\x77\x5f\x72\x65\x63\x6f\x72\x64\0\x70\x65\x72\x66\x5f\x62\x72\x61\x6e\x63\x68\
\x5f\x73\x74\x61\x63\x6b\0\x70\x65\x72\x66\x5f\x63\x61\x6c\x6c\x63\x68\x61\x69\
\x6e\x5f\x65\x6e\x74\x72\x79\0\x74\x72\x61\x63\x65\x5f\x65\x76\x61\x6c\x5f\x6d\
\x61\x70\0\x6b\x65\x72\x6e\x65\x6c\x5f\x73\x69\x67\x69\x6e\x66\x6f\0\x6b\x69\
\x6f\x63\x74\x78\x5f\x74\x61\x62\x6c\x65\0\x76\x6d\x5f\x6f\x70\x65\x72\x61\x74\
\x69\x6f\x6e\x73\x5f\x73\x74\x72\x75\x63\x74\0\x75\x73\x65\x72\x66\x61\x75\x6c\
\x74\x66\x64\x5f\x63\x74\x78\0\x74\x63\x70\x5f\x6d\x69\x62\0\x6c\x69\x6e\x75\
\x78\x5f\x6d\x69\x62\0\x69\x63\x6d\x70\x5f\x6d\x69\x62\0\x69\x63\x6d\x70\x6d\
\x73\x67\x5f\x6d\x69\x62\0\x69\x63\x6d\x70\x76\x36\x5f\x6d\x69\x62\0\x69\x63\
\x6d\x70\x76\x36\x6d\x73\x67\x5f\x6d\x69\x62\0\x69\x70\x5f\x72\x61\x5f\x63\x68\
\x61\x69\x6e\0\x69\x6e\x65\x74\x5f\x66\x72\x61\x67\x73\0\x74\x63\x70\x5f\x63\
\x6f\x6e\x67\x65\x73\x74\x69\x6f\x6e\x5f\x6f\x70\x73\0\x74\x63\x70\x5f\x66\x61\
\x73\x74\x6f\x70\x65\x6e\x5f\x63\x6f\x6e\x74\x65\x78\x74\0\x6d\x72\x5f\x74\x61\
\x62\x6c\x65\0\x72\x74\x36\x5f\x73\x74\x61\x74\x69\x73\x74\x69\x63\x73\0\x73\
\x65\x67\x36\x5f\x70\x65\x72\x6e\x65\x74\x5f\x64\x61\x74\x61\0\x69\x6f\x61\x6d\
\x36\x5f\x70\x65\x72\x6e\x65\x74\x5f\x64\x61\x74\x61\0\x63\x74\x5f\x70\x63\x70\
\x75\0\x69\x70\x5f\x63\x6f\x6e\x6e\x74\x72\x61\x63\x6b\x5f\x73\x74\x61\x74\0\
\x6e\x66\x5f\x63\x74\x5f\x65\x76\x65\x6e\x74\x5f\x6e\x6f\x74\x69\x66\x69\x65\
\x72\0\x73\x75\x70\x65\x72\x5f\x6f\x70\x65\x72\x61\x74\x69\x6f\x6e\x73\0\x64\
\x71\x75\x6f\x74\x5f\x6f\x70\x65\x72\x61\x74\x69\x6f\x6e\x73\0\x71\x75\x6f\x74\
\x61\x63\x74\x6c\x5f\x6f\x70\x73\0\x78\x61\x74\x74\x72\x5f\x68\x61\x6e\x64\x6c\
\x65\x72\0\x66\x73\x63\x72\x79\x70\x74\x5f\x6f\x70\x65\x72\x61\x74\x69\x6f\x6e\
\x73\0\x72\x65\x71\x75\x65\x73\x74\x5f\x71\x75\x65\x75\x65\0\x66\x73\x63\x72\
\x79\x70\x74\x5f\x6b\x65\x79\x72\x69\x6e\x67\0\x66\x73\x76\x65\x72\x69\x74\x79\
\x5f\x6f\x70\x65\x72\x61\x74\x69\x6f\x6e\x73\0\x75\x6e\x69\x63\x6f\x64\x65\x5f\
\x6d\x61\x70\0\x6d\x74\x64\x5f\x69\x6e\x66\x6f\0\x71\x75\x6f\x74\x61\x5f\x66\
\x6f\x72\x6d\x61\x74\x5f\x74\x79\x70\x65\0\x6c\x69\x73\x74\x5f\x6c\x72\x75\x5f\
\x6e\x6f\x64\x65\0\x70\x61\x67\x65\x5f\x70\x6f\x6f\x6c\0\x64\x65\x76\x5f\x70\
\x61\x67\x65\x6d\x61\x70\0\x66\x73\x5f\x73\x74\x72\x75\x63\x74\0\x66\x69\x65\
\x6d\x61\x70\x5f\x65\x78\x74\x65\x6e\x74\0\x5f\x5f\x6b\x65\x72\x6e\x65\x6c\x5f\
\x74\x69\x6d\x65\x73\x70\x65\x63\0\x6f\x6c\x64\x5f\x74\x69\x6d\x65\x73\x70\x65\
\x63\x33\x32\0\x70\x6f\x6c\x6c\x66\x64\0\x73\x65\x6d\x5f\x75\x6e\x64\x6f\x5f\
\x6c\x69\x73\x74\0\x66\x69\x6c\x65\x73\x5f\x73\x74\x72\x75\x63\x74\0\x73\x69\
\x67\x6e\x61\x6c\x5f\x73\x74\x72\x75\x63\x74\0\x73\x69\x67\x68\x61\x6e\x64\x5f\
\x73\x74\x72\x75\x63\x74\0\x73\x65\x63\x63\x6f\x6d\x70\x5f\x66\x69\x6c\x74\x65\
\x72\0\x72\x74\x5f\x6d\x75\x74\x65\x78\x5f\x77\x61\x69\x74\x65\x72\0\x62\x6c\
\x6b\x5f\x70\x6c\x75\x67\0\x72\x6f\x62\x75\x73\x74\x5f\x6c\x69\x73\x74\x5f\x68\
\x65\x61\x64\0\x63\x6f\x6d\x70\x61\x74\x5f\x72\x6f\x62\x75\x73\x74\x5f\x6c\x69\
\x73\x74\x5f\x68\x65\x61\x64\0\x66\x75\x74\x65\x78\x5f\x70\x69\x5f\x73\x74\x61\
\x74\x65\0\x66\x74\x72\x61\x63\x65\x5f\x72\x65\x74\x5f\x73\x74\x61\x63\x6b\0\
\x75\x70\x72\x6f\x62\x65\x5f\x74\x61\x73\x6b\0\x76\x6d\x5f\x73\x74\x72\x75\x63\
\x74\0\x62\x70\x66\x5f\x72\x75\x6e\x5f\x63\x74\x78\0\0\0\0\x9f\xeb\x01\0\x20\0\
\0\0\0\0\0\0\x24\0\0\0\x24\0\0\0\xf4\x14\0\0\x18\x15\0\0\xe4\x04\0\0\x08\0\0\0\
\x5e\0\0\0\x01\0\0\0\0\0\0\0\x0c\0\0\0\x4a\xc6\0\0\x01\0\0\0\0\0\0\0\xd2\x06\0\
\0\x10\0\0\0\x5e\0\0\0\xdd\0\0\0\0\0\0\0\xf7\x47\0\0\xba\x48\0\0\0\x8c\x01\0\
\x08\0\0\0\xf7\x47\0\0\xba\x48\0\0\x05\x8c\x01\0\x30\0\0\0\xf7\x47\0\0\0\0\0\0\
\0\0\0\0\x38\0\0\0\xe2\x48\0\0\x58\x49\0\0\x0b\x34\0\0\x48\0\0\0\xe2\x48\0\0\
\x58\x49\0\0\x0b\x34\0\0\x50\0\0\0\xe2\x48\0\0\x58\x49\0\0\x23\x34\0\0\x58\0\0\
\0\xf7\x47\0\0\x89\x49\0\0\x07\x9c\x01\0\x68\0\0\0\xf7\x47\0\0\xa6\x49\0\0\x1c\
\xb0\x01\0\x90\0\0\0\xf7\x47\0\0\xef\x49\0\0\x07\xb4\x01\0\xa8\0\0\0\xf7\x47\0\
\0\0\0\0\0\0\0\0\0\xb0\0\0\0\xf7\x47\0\0\x06\x4a\0\0\x22\xc4\x01\0\xc0\0\0\0\
\xf7\x47\0\0\x3d\x4a\0\0\x0f\xc0\x01\0\xf0\0\0\0\xf7\x47\0\0\0\0\0\0\0\0\0\0\
\xf8\0\0\0\xe2\x48\0\0\x61\x4a\0\0\x23\x8c\0\0\x28\x01\0\0\xf7\x47\0\0\0\0\0\0\
\0\0\0\0\x30\x01\0\0\xe2\x48\0\0\x61\x4a\0\0\x23\x8c\0\0\x48\x01\0\0\xe2\x48\0\
\0\x61\x4a\0\0\x23\x8c\0\0\x58\x01\0\0\xe2\x48\0\0\xb6\x4a\0\0\x15\x54\0\0\x80\
\x01\0\0\xe2\x48\0\0\xb6\x4a\0\0\x03\x54\0\0\xa8\x01\0\0\xe2\x48\0\0\0\0\0\0\0\
\0\0\0\xb0\x01\0\0\xe2\x48\0\0\xd7\x4a\0\0\x22\x58\0\0\xe0\x01\0\0\xe2\x48\0\0\
\0\0\0\0\0\0\0\0\xe8\x01\0\0\xe2\x48\0\0\xd7\x4a\0\0\x22\x58\0\0\xf8\x01\0\0\
\xe2\x48\0\0\xd7\x4a\0\0\x22\x58\0\0\0\x02\0\0\xe2\x48\0\0\x27\x4b\0\0\x13\x5c\
\0\0\x28\x02\0\0\xe2\x48\0\0\0\0\0\0\0\0\0\0\x30\x02\0\0\xe2\x48\0\0\x27\x4b\0\
\0\x17\x5c\0\0\x50\x02\0\0\xe2\x48\0\0\x27\x4b\0\0\x17\x5c\0\0\x60\x02\0\0\xe2\
\x48\0\0\0\0\0\0\0\0\0\0\x68\x02\0\0\xe2\x48\0\0\x67\x4b\0\0\x17\x60\0\0\x78\
\x02\0\0\xe2\x48\0\0\x67\x4b\0\0\x17\x60\0\0\x80\x02\0\0\xe2\x48\0\0\x27\x4b\0\
\0\x09\x5c\0\0\xa8\x02\0\0\xe2\x48\0\0\0\0\0\0\0\0\0\0\xb0\x02\0\0\xe2\x48\0\0\
\xaa\x4b\0\0\x15\x90\0\0\xc0\x02\0\0\xe2\x48\0\0\xaa\x4b\0\0\x15\x90\0\0\xd0\
\x02\0\0\xe2\x48\0\0\xaa\x4b\0\0\x13\x90\0\0\xf0\x02\0\0\xe2\x48\0\0\0\0\0\0\0\
\0\0\0\xf8\x02\0\0\xe2\x48\0\0\xe1\x4b\0\0\x22\x94\0\0\x18\x03\0\0\xe2\x48\0\0\
\xe1\x4b\0\0\x22\x94\0\0\x20\x03\0\0\xe2\x48\0\0\xe1\x4b\0\0\x20\x94\0\0\x50\
\x03\0\0\xe2\x48\0\0\0\0\0\0\0\0\0\0\x58\x03\0\0\xe2\x48\0\0\x29\x4c\0\0\x1b\
\x98\0\0\x80\x03\0\0\xe2\x48\0\0\0\0\0\0\0\0\0\0\x88\x03\0\0\xe2\x48\0\0\x29\
\x4c\0\0\x1b\x98\0\0\x98\x03\0\0\xe2\x48\0\0\x29\x4c\0\0\x1b\x98\0\0\xa0\x03\0\
\0\xe2\x48\0\0\x29\x4c\0\0\x19\x98\0\0\xc0\x03\0\0\xe2\x48\0\0\0\0\0\0\0\0\0\0\
\xc8\x03\0\0\xe2\x48\0\0\x73\x4c\0\0\x14\x9c\0\0\xd8\x03\0\0\xe2\x48\0\0\x73\
\x4c\0\0\x14\x9c\0\0\xe0\x03\0\0\xe2\x48\0\0\x73\x4c\0\0\x12\x9c\0\0\x08\x04\0\
\0\xe2\x48\0\0\0\0\0\0\0\0\0\0\x10\x04\0\0\xe2\x48\0\0\xa4\x4c\0\0\x14\xa4\0\0\
\x48\x04\0\0\xe2\x48\0\0\0\0\0\0\0\0\0\0\x50\x04\0\0\xe2\x48\0\0\xa4\x4c\0\0\
\x14\xa4\0\0\x60\x04\0\0\xe2\x48\0\0\xa4\x4c\0\0\x14\xa4\0\0\x68\x04\0\0\xe2\
\x48\0\0\xa4\x4c\0\0\x12\xa4\0\0\x78\x04\0\0\xe2\x48\0\0\0\0\0\0\0\0\0\0\x80\
\x04\0\0\xe2\x48\0\0\xe3\x4c\0\0\x14\xa8\0\0\xb8\x04\0\0\xe2\x48\0\0\0\0\0\0\0\
\0\0\0\xc0\x04\0\0\xe2\x48\0\0\xe3\x4c\0\0\x14\xa8\0\0\xd0\x04\0\0\xe2\x48\0\0\
\xe3\x4c\0\0\x14\xa8\0\0\xd8\x04\0\0\xe2\x48\0\0\xe3\x4c\0\0\x12\xa8\0\0\xf8\
\x04\0\0\xe2\x48\0\0\0\0\0\0\0\0\0\0\0\x05\0\0\xe2\x48\0\0\x27\x4d\0\0\x2a\xb4\
\0\0\x38\x05\0\0\xe2\x48\0\0\0\0\0\0\0\0\0\0\x40\x05\0\0\xe2\x48\0\0\x27\x4d\0\
\0\x2a\xb4\0\0\x50\x05\0\0\xe2\x48\0\0\x27\x4d\0\0\x2a\xb4\0\0\x60\x05\0\0\xe2\
\x48\0\0\0\0\0\0\0\0\0\0\x68\x05\0\0\xe2\x48\0\0\x78\x4d\0\0\x28\xb8\0\0\xa0\
\x05\0\0\xe2\x48\0\0\0\0\0\0\0\0\0\0\xa8\x05\0\0\xe2\x48\0\0\x78\x4d\0\0\x28\
\xb8\0\0\xb8\x05\0\0\xe2\x48\0\0\x78\x4d\0\0\x28\xb8\0\0\xc0\x05\0\0\xe2\x48\0\
\0\xc5\x4d\0\0\x10\xbc\0\0\xd0\x05\0\0\xe2\x48\0\0\xc5\x4d\0\0\x07\xbc\0\0\xe0\
\x05\0\0\xe2\x48\0\0\0\0\0\0\0\0\0\0\xe8\x05\0\0\xe2\x48\0\0\x05\x4e\0\0\x22\
\xd0\0\0\xf8\x05\0\0\xe2\x48\0\0\x05\x4e\0\0\x03\xd0\0\0\x08\x06\0\0\xe2\x48\0\
\0\x4f\x4e\0\0\x12\xd8\0\0\x10\x06\0\0\xe2\x48\0\0\x4f\x4e\0\0\x07\xd8\0\0\x20\
\x06\0\0\xe2\x48\0\0\x95\x4e\0\0\x3c\xdc\0\0\x48\x06\0\0\xf7\x47\0\0\0\0\0\0\0\
\0\0\0\x50\x06\0\0\xf7\x47\0\0\xde\x4e\0\0\x15\x64\0\0\xc0\x06\0\0\xf7\x47\0\0\
\0\0\0\0\0\0\0\0\xc8\x06\0\0\xf7\x47\0\0\xde\x4e\0\0\x15\x64\0\0\xd8\x06\0\0\
\xf7\x47\0\0\xde\x4e\0\0\x15\x64\0\0\xe0\x06\0\0\xf7\x47\0\0\xde\x4e\0\0\x13\
\x64\0\0\xf0\x06\0\0\xf7\x47\0\0\0\0\0\0\0\0\0\0\xf8\x06\0\0\xf7\x47\0\0\xdb\
\x4f\0\0\x15\x68\0\0\x68\x07\0\0\xf7\x47\0\0\0\0\0\0\0\0\0\0\x70\x07\0\0\xf7\
\x47\0\0\xdb\x4f\0\0\x15\x68\0\0\x80\x07\0\0\xf7\x47\0\0\xdb\x4f\0\0\x15\x68\0\
\0\x88\x07\0\0\xf7\x47\0\0\xdb\x4f\0\0\x13\x68\0\0\x98\x07\0\0\xf7\x47\0\0\0\0\
\0\0\0\0\0\0\xa0\x07\0\0\xf7\x47\0\0\x55\x50\0\0\x18\x6c\0\0\x10\x08\0\0\xf7\
\x47\0\0\0\0\0\0\0\0\0\0\x18\x08\0\0\xf7\x47\0\0\x55\x50\0\0\x18\x6c\0\0\x28\
\x08\0\0\xf7\x47\0\0\x55\x50\0\0\x18\x6c\0\0\x30\x08\0\0\xf7\x47\0\0\x55\x50\0\
\0\x16\x6c\0\0\x40\x08\0\0\xf7\x47\0\0\0\0\0\0\0\0\0\0\x48\x08\0\0\xf7\x47\0\0\
\x85\x5f\0\0\x15\x70\0\0\xb8\x08\0\0\xf7\x47\0\0\0\0\0\0\0\0\0\0\xc0\x08\0\0\
\xf7\x47\0\0\x85\x5f\0\0\x15\x70\0\0\xd0\x08\0\0\xf7\x47\0\0\x85\x5f\0\0\x15\
\x70\0\0\xd8\x08\0\0\xf7\x47\0\0\x85\x5f\0\0\x13\x70\0\0\xe8\x08\0\0\xf7\x47\0\
\0\0\0\0\0\0\0\0\0\xf0\x08\0\0\xf7\x47\0\0\x88\x72\0\0\x15\x74\0\0\x60\x09\0\0\
\xf7\x47\0\0\0\0\0\0\0\0\0\0\x68\x09\0\0\xf7\x47\0\0\x88\x72\0\0\x15\x74\0\0\
\x78\x09\0\0\xf7\x47\0\0\x88\x72\0\0\x15\x74\0\0\x80\x09\0\0\xf7\x47\0\0\x88\
\x72\0\0\x13\x74\0\0\x90\x09\0\0\xf7\x47\0\0\0\0\0\0\0\0\0\0\x98\x09\0\0\xf7\
\x47\0\0\x43\xbf\0\0\x16\x78\0\0\x48\x0a\0\0\xf7\x47\0\0\0\0\0\0\0\0\0\0\x50\
\x0a\0\0\xf7\x47\0\0\x43\xbf\0\0\x16\x78\0\0\x60\x0a\0\0\xf7\x47\0\0\x43\xbf\0\
\0\x16\x78\0\0\x68\x0a\0\0\xf7\x47\0\0\x43\xbf\0\0\x14\x78\0\0\x78\x0a\0\0\xf7\
\x47\0\0\0\0\0\0\0\0\0\0\x80\x0a\0\0\xf7\x47\0\0\xd5\xbf\0\0\x15\x7c\0\0\xe8\
\x0a\0\0\xf7\x47\0\0\0\0\0\0\0\0\0\0\xf0\x0a\0\0\xf7\x47\0\0\xd5\xbf\0\0\x15\
\x7c\0\0\0\x0b\0\0\xf7\x47\0\0\xd5\xbf\0\0\x15\x7c\0\0\x08\x0b\0\0\xf7\x47\0\0\
\xd5\xbf\0\0\x13\x7c\0\0\x30\x0b\0\0\xf7\x47\0\0\0\0\0\0\0\0\0\0\x38\x0b\0\0\
\xf7\x47\0\0\x06\xc1\0\0\x17\xe0\0\0\xb0\x0b\0\0\xf7\x47\0\0\0\0\0\0\0\0\0\0\
\xb8\x0b\0\0\xf7\x47\0\0\x06\xc1\0\0\x17\xe0\0\0\xc8\x0b\0\0\xf7\x47\0\0\x06\
\xc1\0\0\x17\xe0\0\0\xd0\x0b\0\0\xf7\x47\0\0\x06\xc1\0\0\x15\xe0\0\0\xe0\x0b\0\
\0\xf7\x47\0\0\0\0\0\0\0\0\0\0\xe8\x0b\0\0\xf7\x47\0\0\x47\xc1\0\0\x15\xe4\0\0\
\x50\x0c\0\0\xf7\x47\0\0\0\0\0\0\0\0\0\0\x58\x0c\0\0\xf7\x47\0\0\x47\xc1\0\0\
\x15\xe4\0\0\x68\x0c\0\0\xf7\x47\0\0\x47\xc1\0\0\x15\xe4\0\0\x70\x0c\0\0\xf7\
\x47\0\0\x47\xc1\0\0\x13\xe4\0\0\x80\x0c\0\0\xf7\x47\0\0\0\0\0\0\0\0\0\0\x88\
\x0c\0\0\xf7\x47\0\0\x90\xc1\0\0\x15\xe8\0\0\xf0\x0c\0\0\xf7\x47\0\0\0\0\0\0\0\
\0\0\0\xf8\x0c\0\0\xf7\x47\0\0\x90\xc1\0\0\x15\xe8\0\0\x08\x0d\0\0\xf7\x47\0\0\
\x90\xc1\0\0\x15\xe8\0\0\x10\x0d\0\0\xf7\x47\0\0\x90\xc1\0\0\x13\xe8\0\0\x20\
\x0d\0\0\xf7\x47\0\0\0\0\0\0\0\0\0\0\x28\x0d\0\0\xf7\x47\0\0\xd9\xc1\0\0\x16\
\xec\0\0\x90\x0d\0\0\xf7\x47\0\0\0\0\0\0\0\0\0\0\x98\x0d\0\0\xf7\x47\0\0\xd9\
\xc1\0\0\x16\xec\0\0\xa8\x0d\0\0\xf7\x47\0\0\xd9\xc1\0\0\x16\xec\0\0\xb0\x0d\0\
\0\xf7\x47\0\0\xd9\xc1\0\0\x14\xec\0\0\xc0\x0d\0\0\xf7\x47\0\0\0\0\0\0\0\0\0\0\
\xc8\x0d\0\0\xf7\x47\0\0\x1e\xc2\0\0\x1e\xf0\0\0\x30\x0e\0\0\xf7\x47\0\0\0\0\0\
\0\0\0\0\0\x38\x0e\0\0\xf7\x47\0\0\x1e\xc2\0\0\x1e\xf0\0\0\x48\x0e\0\0\xf7\x47\
\0\0\x1e\xc2\0\0\x1e\xf0\0\0\x50\x0e\0\0\xf7\x47\0\0\x1e\xc2\0\0\x1c\xf0\0\0\
\x60\x0e\0\0\xf7\x47\0\0\0\0\0\0\0\0\0\0\x68\x0e\0\0\xf7\x47\0\0\x76\xc2\0\0\
\x07\xf8\0\0\xd0\x0e\0\0\xf7\x47\0\0\0\0\0\0\0\0\0\0\xd8\x0e\0\0\xf7\x47\0\0\
\x76\xc2\0\0\x07\xf8\0\0\xe8\x0e\0\0\xf7\x47\0\0\x76\xc2\0\0\x07\xf8\0\0\xf0\
\x0e\0\0\xf7\x47\0\0\xb8\xc2\0\0\x1d\xf4\0\0\0\x0f\0\0\xf7\x47\0\0\0\0\0\0\0\0\
\0\0\x08\x0f\0\0\xf7\x47\0\0\xd6\xc2\0\0\x1e\xfc\0\0\x70\x0f\0\0\xf7\x47\0\0\0\
\0\0\0\0\0\0\0\x78\x0f\0\0\xf7\x47\0\0\xd6\xc2\0\0\x1e\xfc\0\0\x88\x0f\0\0\xf7\
\x47\0\0\xd6\xc2\0\0\x1e\xfc\0\0\x90\x0f\0\0\xf7\x47\0\0\xd6\xc2\0\0\x1c\xfc\0\
\0\xa0\x0f\0\0\xf7\x47\0\0\0\0\0\0\0\0\0\0\xa8\x0f\0\0\xf7\x47\0\0\x2e\xc3\0\0\
\x07\x04\x01\0\x10\x10\0\0\xf7\x47\0\0\0\0\0\0\0\0\0\0\x18\x10\0\0\xf7\x47\0\0\
\x2e\xc3\0\0\x07\x04\x01\0\x28\x10\0\0\xf7\x47\0\0\x2e\xc3\0\0\x07\x04\x01\0\
\x30\x10\0\0\xf7\x47\0\0\x70\xc3\0\0\x1d\0\x01\0\x40\x10\0\0\xf7\x47\0\0\0\0\0\
\0\0\0\0\0\x48\x10\0\0\xf7\x47\0\0\x8e\xc3\0\0\x0f\x0c\x01\0\xe0\x10\0\0\xf7\
\x47\0\0\0\0\0\0\0\0\0\0\xe8\x10\0\0\xf7\x47\0\0\x8e\xc3\0\0\x0f\x0c\x01\0\x08\
\x11\0\0\xf7\x47\0\0\x8e\xc3\0\0\x0f\x0c\x01\0\x10\x11\0\0\xf7\x47\0\0\xcd\xc3\
\0\0\x38\x1c\x01\0\x28\x11\0\0\xf7\x47\0\0\xcd\xc3\0\0\x0e\x1c\x01\0\x38\x11\0\
\0\xf7\x47\0\0\xcd\xc3\0\0\x1f\x1c\x01\0\x48\x11\0\0\xf7\x47\0\0\xcd\xc3\0\0\
\x16\x1c\x01\0\x50\x11\0\0\xf7\x47\0\0\xcd\xc3\0\0\x25\x1c\x01\0\x58\x11\0\0\
\xf7\x47\0\0\x0c\xc4\0\0\x1f\x18\x01\0\x80\x11\0\0\xf7\x47\0\0\0\0\0\0\0\0\0\0\
\x88\x11\0\0\xf7\x47\0\0\x31\xc4\0\0\x1e\x2c\x01\0\x98\x11\0\0\xf7\x47\0\0\x31\
\xc4\0\0\x1e\x2c\x01\0\xa8\x11\0\0\xf7\x47\0\0\x6b\xc4\0\0\x17\xdc\x01\0\xb0\
\x11\0\0\xf7\x47\0\0\x9d\xc4\0\0\x03\x30\x01\0\xc8\x11\0\0\xf7\x47\0\0\0\0\0\0\
\0\0\0\0\xd0\x11\0\0\xf7\x47\0\0\xe6\xc4\0\0\x18\x40\x01\0\x48\x12\0\0\xf7\x47\
\0\0\0\0\0\0\0\0\0\0\x50\x12\0\0\xf7\x47\0\0\xe6\xc4\0\0\x18\x40\x01\0\x60\x12\
\0\0\xf7\x47\0\0\xe6\xc4\0\0\x18\x40\x01\0\x68\x12\0\0\xf7\x47\0\0\xe6\xc4\0\0\
\x16\x40\x01\0\x80\x12\0\0\xf7\x47\0\0\xb6\x4a\0\0\x15\x9c\0\0\xa8\x12\0\0\xf7\
\x47\0\0\xb6\x4a\0\0\x03\x9c\0\0\xd0\x12\0\0\xf7\x47\0\0\0\0\0\0\0\0\0\0\xd8\
\x12\0\0\xf7\x47\0\0\xd7\x4a\0\0\x22\xa0\0\0\x08\x13\0\0\xf7\x47\0\0\0\0\0\0\0\
\0\0\0\x10\x13\0\0\xf7\x47\0\0\xd7\x4a\0\0\x22\xa0\0\0\x20\x13\0\0\xf7\x47\0\0\
\xd7\x4a\0\0\x22\xa0\0\0\x28\x13\0\0\xf7\x47\0\0\x29\xc5\0\0\x13\xa4\0\0\x50\
\x13\0\0\xf7\x47\0\0\0\0\0\0\0\0\0\0\x58\x13\0\0\xf7\x47\0\0\x29\xc5\0\0\x17\
\xa4\0\0\x68\x13\0\0\xf7\x47\0\0\x29\xc5\0\0\x17\xa4\0\0\x70\x13\0\0\xf7\x47\0\
\0\x29\xc5\0\0\x39\xa4\0\0\xa0\x13\0\0\xf7\x47\0\0\0\0\0\0\0\0\0\0\xa8\x13\0\0\
\xf7\x47\0\0\x64\xc5\0\0\x0a\xa8\0\0\x10\x14\0\0\xf7\x47\0\0\0\0\0\0\0\0\0\0\
\x18\x14\0\0\xf7\x47\0\0\x64\xc5\0\0\x0a\xa8\0\0\x38\x14\0\0\xf7\x47\0\0\x64\
\xc5\0\0\x0a\xa8\0\0\x48\x14\0\0\xf7\x47\0\0\0\0\0\0\0\0\0\0\x50\x14\0\0\xf7\
\x47\0\0\x9d\xc5\0\0\x0a\xac\0\0\xc0\x14\0\0\xf7\x47\0\0\0\0\0\0\0\0\0\0\xc8\
\x14\0\0\xf7\x47\0\0\x9d\xc5\0\0\x0a\xac\0\0\xd8\x14\0\0\xf7\x47\0\0\x9d\xc5\0\
\0\x0a\xac\0\0\xe0\x14\0\0\xf7\x47\0\0\x29\xc5\0\0\x09\xa4\0\0\0\x15\0\0\xf7\
\x47\0\0\0\0\0\0\0\0\0\0\x08\x15\0\0\xf7\x47\0\0\xda\xc5\0\0\x1f\x50\x01\0\x20\
\x15\0\0\xf7\x47\0\0\xda\xc5\0\0\x1f\x50\x01\0\x30\x15\0\0\xf7\x47\0\0\xda\xc5\
\0\0\x1d\x50\x01\0\x38\x15\0\0\xf7\x47\0\0\x10\xc6\0\0\x03\xe8\x01\0\x48\x15\0\
\0\xf7\x47\0\0\xba\x48\0\0\x05\x8c\x01\0\x4a\xc6\0\0\x71\0\0\0\0\0\0\0\xf7\x47\
\0\0\x6c\xc6\0\0\0\x0c\x02\0\x08\0\0\0\xf7\x47\0\0\x6c\xc6\0\0\x05\x0c\x02\0\
\x28\0\0\0\xf7\x47\0\0\0\0\0\0\0\0\0\0\x30\0\0\0\xe2\x48\0\0\x58\x49\0\0\x0b\
\x34\0\0\x40\0\0\0\xe2\x48\0\0\x58\x49\0\0\x0b\x34\0\0\x48\0\0\0\xe2\x48\0\0\
\x58\x49\0\0\x23\x34\0\0\x50\0\0\0\xf7\x47\0\0\x89\x49\0\0\x07\x10\x02\0\x78\0\
\0\0\xf7\x47\0\0\0\0\0\0\0\0\0\0\x80\0\0\0\xf7\x47\0\0\xb8\xc6\0\0\x08\x1c\x02\
\0\xa8\0\0\0\xf7\x47\0\0\xb8\xc6\0\0\x08\x1c\x02\0\xb8\0\0\0\xf7\x47\0\0\0\0\0\
\0\0\0\0\0\xc0\0\0\0\xf7\x47\0\0\xb8\xc6\0\0\x27\x1c\x02\0\xd0\0\0\0\xf7\x47\0\
\0\xb8\xc6\0\0\x27\x1c\x02\0\xd8\0\0\0\xf7\x47\0\0\xb8\xc6\0\0\x45\x1c\x02\0\
\xf8\0\0\0\xe2\x48\0\0\xb6\x4a\0\0\x15\x54\0\0\x20\x01\0\0\xe2\x48\0\0\xb6\x4a\
\0\0\x03\x54\0\0\x48\x01\0\0\xe2\x48\0\0\0\0\0\0\0\0\0\0\x50\x01\0\0\xe2\x48\0\
\0\xd7\x4a\0\0\x22\x58\0\0\x80\x01\0\0\xe2\x48\0\0\0\0\0\0\0\0\0\0\x88\x01\0\0\
\xe2\x48\0\0\xd7\x4a\0\0\x22\x58\0\0\x98\x01\0\0\xe2\x48\0\0\xd7\x4a\0\0\x22\
\x58\0\0\xa0\x01\0\0\xe2\x48\0\0\x27\x4b\0\0\x13\x5c\0\0\xc8\x01\0\0\xe2\x48\0\
\0\0\0\0\0\0\0\0\0\xd0\x01\0\0\xe2\x48\0\0\x27\x4b\0\0\x17\x5c\0\0\xf0\x01\0\0\
\xe2\x48\0\0\x27\x4b\0\0\x17\x5c\0\0\0\x02\0\0\xe2\x48\0\0\0\0\0\0\0\0\0\0\x08\
\x02\0\0\xe2\x48\0\0\x67\x4b\0\0\x17\x60\0\0\x18\x02\0\0\xe2\x48\0\0\x67\x4b\0\
\0\x17\x60\0\0\x20\x02\0\0\xe2\x48\0\0\x27\x4b\0\0\x09\x5c\0\0\x30\x02\0\0\xf7\
\x47\0\0\xb8\xc6\0\0\x07\x1c\x02\0\x40\x02\0\0\xf7\x47\0\0\xa6\x49\0\0\x1c\x3c\
\x02\0\x68\x02\0\0\xf7\x47\0\0\xef\x49\0\0\x07\x40\x02\0\x88\x02\0\0\xf7\x47\0\
\0\xff\xc6\0\0\x22\x50\x02\0\x98\x02\0\0\xf7\x47\0\0\x3d\x4a\0\0\x0f\x4c\x02\0\
\xc0\x02\0\0\xf7\x47\0\0\xff\xc6\0\0\x22\x50\x02\0\xc8\x02\0\0\xe2\x48\0\0\x61\
\x4a\0\0\x23\x8c\0\0\xf8\x02\0\0\xf7\x47\0\0\xff\xc6\0\0\x22\x50\x02\0\0\x03\0\
\0\xe2\x48\0\0\x61\x4a\0\0\x23\x8c\0\0\x18\x03\0\0\xe2\x48\0\0\x61\x4a\0\0\x23\
\x8c\0\0\x28\x03\0\0\xe2\x48\0\0\xb6\x4a\0\0\x15\x54\0\0\x50\x03\0\0\xe2\x48\0\
\0\xb6\x4a\0\0\x03\x54\0\0\x78\x03\0\0\xe2\x48\0\0\0\0\0\0\0\0\0\0\x80\x03\0\0\
\xe2\x48\0\0\xd7\x4a\0\0\x22\x58\0\0\xb0\x03\0\0\xe2\x48\0\0\0\0\0\0\0\0\0\0\
\xb8\x03\0\0\xe2\x48\0\0\xd7\x4a\0\0\x22\x58\0\0\xc8\x03\0\0\xe2\x48\0\0\xd7\
\x4a\0\0\x22\x58\0\0\xd0\x03\0\0\xe2\x48\0\0\x27\x4b\0\0\x13\x5c\0\0\xf8\x03\0\
\0\xe2\x48\0\0\0\0\0\0\0\0\0\0\0\x04\0\0\xe2\x48\0\0\x27\x4b\0\0\x17\x5c\0\0\
\x20\x04\0\0\xe2\x48\0\0\x27\x4b\0\0\x17\x5c\0\0\x30\x04\0\0\xe2\x48\0\0\0\0\0\
\0\0\0\0\0\x38\x04\0\0\xe2\x48\0\0\x67\x4b\0\0\x17\x60\0\0\x48\x04\0\0\xe2\x48\
\0\0\x67\x4b\0\0\x17\x60\0\0\x50\x04\0\0\xe2\x48\0\0\x27\x4b\0\0\x09\x5c\0\0\
\x78\x04\0\0\xe2\x48\0\0\0\0\0\0\0\0\0\0\x80\x04\0\0\xe2\x48\0\0\xaa\x4b\0\0\
\x15\x90\0\0\x90\x04\0\0\xe2\x48\0\0\xaa\x4b\0\0\x15\x90\0\0\xa0\x04\0\0\xe2\
\x48\0\0\xaa\x4b\0\0\x13\x90\0\0\xc0\x04\0\0\xe2\x48\0\0\0\0\0\0\0\0\0\0\xc8\
\x04\0\0\xe2\x48\0\0\xe1\x4b\0\0\x22\x94\0\0\xe0\x04\0\0\xe2\x48\0\0\xe1\x4b\0\
\0\x22\x94\0\0\xe8\x04\0\0\xe2\x48\0\0\xe1\x4b\0\0\x20\x94\0\0\x18\x05\0\0\xe2\
\x48\0\0\0\0\0\0\0\0\0\0\x20\x05\0\0\xe2\x48\0\0\x29\x4c\0\0\x1b\x98\0\0\x48\
\x05\0\0\xe2\x48\0\0\0\0\0\0\0\0\0\0\x50\x05\0\0\xe2\x48\0\0\x29\x4c\0\0\x1b\
\x98\0\0\x60\x05\0\0\xe2\x48\0\0\x29\x4c\0\0\x1b\x98\0\0\x68\x05\0\0\xe2\x48\0\
\0\x29\x4c\0\0\x19\x98\0\0\x88\x05\0\0\xe2\x48\0\0\0\0\0\0\0\0\0\0\x90\x05\0\0\
\xe2\x48\0\0\x73\x4c\0\0\x14\x9c\0\0\xa0\x05\0\0\xe2\x48\0\0\x73\x4c\0\0\x14\
\x9c\0\0\xa8\x05\0\0\xe2\x48\0\0\x73\x4c\0\0\x12\x9c\0\0\xd0\x05\0\0\xe2\x48\0\
\0\0\0\0\0\0\0\0\0\xd8\x05\0\0\xe2\x48\0\0\xa4\x4c\0\0\x14\xa4\0\0\x10\x06\0\0\
\xe2\x48\0\0\0\0\0\0\0\0\0\0\x18\x06\0\0\xe2\x48\0\0\xa4\x4c\0\0\x14\xa4\0\0\
\x28\x06\0\0\xe2\x48\0\0\xa4\x4c\0\0\x14\xa4\0\0\x30\x06\0\0\xe2\x48\0\0\xa4\
\x4c\0\0\x12\xa4\0\0\x40\x06\0\0\xe2\x48\0\0\0\0\0\0\0\0\0\0\x48\x06\0\0\xe2\
\x48\0\0\xe3\x4c\0\0\x14\xa8\0\0\x80\x06\0\0\xe2\x48\0\0\0\0\0\0\0\0\0\0\x88\
\x06\0\0\xe2\x48\0\0\xe3\x4c\0\0\x14\xa8\0\0\x98\x06\0\0\xe2\x48\0\0\xe3\x4c\0\
\0\x14\xa8\0\0\xa0\x06\0\0\xe2\x48\0\0\xe3\x4c\0\0\x12\xa8\0\0\xc8\x06\0\0\xe2\
\x48\0\0\0\0\0\0\0\0\0\0\xd0\x06\0\0\xe2\x48\0\0\x27\x4d\0\0\x2a\xb4\0\0\x08\
\x07\0\0\xe2\x48\0\0\0\0\0\0\0\0\0\0\x10\x07\0\0\xe2\x48\0\0\x27\x4d\0\0\x2a\
\xb4\0\0\x20\x07\0\0\xe2\x48\0\0\x27\x4d\0\0\x2a\xb4\0\0\x30\x07\0\0\xe2\x48\0\
\0\0\0\0\0\0\0\0\0\x38\x07\0\0\xe2\x48\0\0\x78\x4d\0\0\x28\xb8\0\0\x70\x07\0\0\
\xe2\x48\0\0\0\0\0\0\0\0\0\0\x78\x07\0\0\xe2\x48\0\0\x78\x4d\0\0\x28\xb8\0\0\
\x88\x07\0\0\xe2\x48\0\0\x78\x4d\0\0\x28\xb8\0\0\x90\x07\0\0\xe2\x48\0\0\xc5\
\x4d\0\0\x10\xbc\0\0\xa0\x07\0\0\xe2\x48\0\0\xc5\x4d\0\0\x07\xbc\0\0\xb0\x07\0\
\0\xe2\x48\0\0\0\0\0\0\0\0\0\0\xc0\x07\0\0\xe2\x48\0\0\x05\x4e\0\0\x22\xd0\0\0\
\xc8\x07\0\0\xe2\x48\0\0\x05\x4e\0\0\x03\xd0\0\0\xd8\x07\0\0\xe2\x48\0\0\x4f\
\x4e\0\0\x12\xd8\0\0\xe8\x07\0\0\xe2\x48\0\0\x4f\x4e\0\0\x07\xd8\0\0\xf8\x07\0\
\0\xe2\x48\0\0\x95\x4e\0\0\x3c\xdc\0\0\x20\x08\0\0\xf7\x47\0\0\0\0\0\0\0\0\0\0\
\x28\x08\0\0\xf7\x47\0\0\x3c\xc7\0\0\x23\x80\x02\0\x40\x08\0\0\xf7\x47\0\0\x3c\
\xc7\0\0\x23\x80\x02\0\x48\x08\0\0\xf7\x47\0\0\x85\xc7\0\0\x15\x88\x02\0\x70\
\x08\0\0\xf7\x47\0\0\0\0\0\0\0\0\0\0\x78\x08\0\0\xf7\x47\0\0\x85\xc7\0\0\x28\
\x88\x02\0\x90\x08\0\0\xf7\x47\0\0\x85\xc7\0\0\x28\x88\x02\0\x98\x08\0\0\xf7\
\x47\0\0\x85\xc7\0\0\x25\x88\x02\0\xa8\x08\0\0\xf7\x47\0\0\xd0\xc7\0\0\x0e\x84\
\x02\0\xb8\x08\0\0\xf7\x47\0\0\x10\xc6\0\0\x03\x90\x02\0\xd0\x08\0\0\xf7\x47\0\
\0\x6c\xc6\0\0\x05\x0c\x02\0\x10\0\0\0\x5e\0\0\0\x37\0\0\0\0\0\0\0\x0d\0\0\0\
\xf3\x47\0\0\0\0\0\0\xc8\0\0\0\x0d\0\0\0\x5c\x4a\0\0\0\0\0\0\x08\x01\0\0\x0d\0\
\0\0\xb1\x4a\0\0\0\0\0\0\x90\x01\0\0\x0d\0\0\0\x5c\x4a\0\0\0\0\0\0\xc8\x01\0\0\
\x0d\0\0\0\xb1\x4a\0\0\0\0\0\0\x10\x02\0\0\x0d\0\0\0\x61\x4b\0\0\0\0\0\0\x88\
\x02\0\0\x0d\0\0\0\xa5\x4b\0\0\0\0\0\0\xd8\x02\0\0\x0d\0\0\0\xdb\x4b\0\0\0\0\0\
\0\x28\x03\0\0\x0d\0\0\0\xb1\x4a\0\0\0\0\0\0\xe8\x03\0\0\x0d\0\0\0\x9e\x4c\0\0\
\0\0\0\0\x28\x04\0\0\xf2\0\0\0\xdd\x4c\0\0\0\0\0\0\x98\x04\0\0\xf2\0\0\0\x1c\
\x4d\0\0\0\0\0\0\xe0\x04\0\0\x0d\0\0\0\x22\x4d\0\0\0\0\0\0\x18\x05\0\0\x7c\0\0\
\0\x71\x4d\0\0\0\0\0\0\x80\x05\0\0\x7c\0\0\0\xbe\x4d\0\0\0\0\0\0\x28\x06\0\0\
\x0d\0\0\0\xd8\x4e\0\0\0\0\0\0\x70\x06\0\0\x33\x03\0\0\xf3\x47\0\0\0\0\0\0\xa0\
\x06\0\0\xfb\x02\0\0\xd4\x4f\0\0\0\0\0\0\x18\x07\0\0\x33\x03\0\0\x1b\x50\0\0\0\
\0\0\0\x48\x07\0\0\x3c\x03\0\0\x4f\x50\0\0\0\0\0\0\xc0\x07\0\0\x33\x03\0\0\x9b\
\x50\0\0\0\0\0\0\xf0\x07\0\0\x3e\x03\0\0\x4f\x50\0\0\0\0\0\0\x68\x08\0\0\x33\
\x03\0\0\xc5\x5f\0\0\0\0\0\0\x98\x08\0\0\x85\x03\0\0\x81\x72\0\0\0\0\0\0\x10\
\x09\0\0\x33\x03\0\0\xc8\x72\0\0\0\0\0\0\x40\x09\0\0\x47\x04\0\0\x3c\xbf\0\0\0\
\0\0\0\xc8\x09\0\0\x33\x03\0\0\x8d\xbf\0\0\0\0\0\0\xf8\x09\0\0\xca\x06\0\0\x8d\
\xbf\0\0\0\0\0\0\x28\x0a\0\0\x5c\x01\0\0\xcf\xbf\0\0\0\0\0\0\xc8\x0a\0\0\xca\
\x06\0\0\x15\xc0\0\0\0\0\0\0\x10\x0b\0\0\xcd\x06\0\0\x01\xc1\0\0\0\0\0\0\x58\
\x0b\0\0\x82\0\0\0\xc5\x5f\0\0\0\0\0\0\x70\x0b\0\0\x82\0\0\0\xc5\x5f\0\0\0\0\0\
\0\x90\x0b\0\0\xe3\x01\0\0\x01\xc1\0\0\0\0\0\0\x30\x0c\0\0\xe3\x01\0\0\x8a\xc1\
\0\0\0\0\0\0\xd0\x0c\0\0\xe3\x01\0\0\xd3\xc1\0\0\0\0\0\0\x70\x0d\0\0\xe3\x01\0\
\0\x1a\xc2\0\0\0\0\0\0\x10\x0e\0\0\xe3\x01\0\0\x6f\xc2\0\0\0\0\0\0\xb0\x0e\0\0\
\xe3\x01\0\0\xb1\xc2\0\0\0\0\0\0\x50\x0f\0\0\xe3\x01\0\0\x27\xc3\0\0\0\0\0\0\
\xf0\x0f\0\0\xe3\x01\0\0\x69\xc3\0\0\0\0\0\0\x90\x10\0\0\xe3\x01\0\0\x9b\x50\0\
\0\0\0\0\0\xc0\x10\0\0\xaa\x03\0\0\x8d\xbf\0\0\0\0\0\0\x60\x11\0\0\xcd\x06\0\0\
\x2c\xc4\0\0\0\0\0\0\xf8\x11\0\0\x33\x03\0\0\x1b\x50\0\0\0\0\0\0\x30\x12\0\0\
\x3c\x03\0\0\x4f\x50\0\0\0\0\0\0\xb8\x12\0\0\x0d\0\0\0\x5c\x4a\0\0\0\0\0\0\xf0\
\x12\0\0\x0d\0\0\0\xb1\x4a\0\0\0\0\0\0\x38\x13\0\0\x0d\0\0\0\xa5\x4b\0\0\0\0\0\
\0\x80\x13\0\0\x0d\0\0\0\xd8\x4e\0\0\0\0\0\0\xc8\x13\0\0\x33\x03\0\0\x1b\x50\0\
\0\0\0\0\0\xf8\x13\0\0\x3c\x03\0\0\x4f\x50\0\0\0\0\0\0\x70\x14\0\0\x33\x03\0\0\
\x1b\x50\0\0\0\0\0\0\xa8\x14\0\0\x3c\x03\0\0\x4f\x50\0\0\0\0\0\0\xe8\x14\0\0\
\x0d\0\0\0\xa5\x4b\0\0\0\0\0\0\x4a\xc6\0\0\x16\0\0\0\0\0\0\0\x0d\0\0\0\xf3\x47\
\0\0\0\0\0\0\x58\0\0\0\x0d\0\0\0\xb3\xc6\0\0\0\0\0\0\x90\0\0\0\x0d\0\0\0\xa5\
\x4b\0\0\0\0\0\0\x30\x01\0\0\x0d\0\0\0\x5c\x4a\0\0\0\0\0\0\x68\x01\0\0\x0d\0\0\
\0\xb1\x4a\0\0\0\0\0\0\xb0\x01\0\0\x0d\0\0\0\x61\x4b\0\0\0\0\0\0\xa0\x02\0\0\
\x0d\0\0\0\x5c\x4a\0\0\0\0\0\0\xd8\x02\0\0\x0d\0\0\0\xb1\x4a\0\0\0\0\0\0\x60\
\x03\0\0\x0d\0\0\0\x5c\x4a\0\0\0\0\0\0\x98\x03\0\0\x0d\0\0\0\xb1\x4a\0\0\0\0\0\
\0\xe0\x03\0\0\x0d\0\0\0\x61\x4b\0\0\0\0\0\0\x58\x04\0\0\x0d\0\0\0\xa5\x4b\0\0\
\0\0\0\0\xa8\x04\0\0\x0d\0\0\0\xdb\x4b\0\0\0\0\0\0\xf0\x04\0\0\x0d\0\0\0\xb1\
\x4a\0\0\0\0\0\0\xb0\x05\0\0\x0d\0\0\0\x9e\x4c\0\0\0\0\0\0\xf0\x05\0\0\xf2\0\0\
\0\xdd\x4c\0\0\0\0\0\0\x60\x06\0\0\xf2\0\0\0\x1c\x4d\0\0\0\0\0\0\xa8\x06\0\0\
\x0d\0\0\0\x22\x4d\0\0\0\0\0\0\xe8\x06\0\0\x7c\0\0\0\x71\x4d\0\0\0\0\0\0\x50\
\x07\0\0\x7c\0\0\0\xbe\x4d\0\0\0\0\0\0\0\x08\0\0\x0d\0\0\0\x35\xc7\0\0\0\0\0\0\
\x50\x08\0\0\x2c\0\0\0\x1a\xc2\0\0\0\0\0\0\0\0\0\0\0\0\0\0\0\0\0\0\0\0\0\0\0\0\
\0\0\0\0\0\0\0\0\0\0\0\0\0\0\x03\0\x03\0\0\0\0\0\0\0\0\0\0\0\0\0\0\0\0\0\0\x01\
\0\0\0\0\x03\0\x48\x15\0\0\0\0\0\0\0\0\0\0\0\0\0\0\x17\x01\0\0\0\0\x03\0\x88\
\x01\0\0\0\0\0\0\0\0\0\0\0\0\0\0\x2d\x01\0\0\0\0\x03\0\x58\x01\0\0\0\0\0\0\0\0\
\0\0\0\0\0\0\xf1\0\0\0\0\0\x03\0\x88\x02\0\0\0\0\0\0\0\0\0\0\0\0\0\0\xe3\0\0\0\
\0\0\x03\0\xe0\x05\0\0\0\0\0\0\0\0\0\0\0\0\0\0\x5c\x01\0\0\0\0\x03\0\x28\x06\0\
\0\0\0\0\0\0\0\0\0\0\0\0\0\x3c\x01\0\0\0\0\x03\0\xb0\x12\0\0\0\0\0\0\0\0\0\0\0\
\0\0\0\x44\x01\0\0\0\0\x03\0\x80\x12\0\0\0\0\0\0\0\0\0\0\0\0\0\0\x08\x01\0\0\0\
\0\x03\0\xe8\x14\0\0\0\0\0\0\0\0\0\0\0\0\0\0\0\0\0\0\x03\0\x05\0\0\0\0\0\0\0\0\
\0\0\0\0\0\0\0\0\0\x4c\x01\0\0\0\0\x05\0\xd0\x08\0\0\0\0\0\0\0\0\0\0\0\0\0\0\
\x10\x01\0\0\0\0\x05\0\x28\x01\0\0\0\0\0\0\0\0\0\0\0\0\0\0\x26\x01\0\0\0\0\x05\
\0\xf8\0\0\0\0\0\0\0\0\0\0\0\0\0\0\0\xea\0\0\0\0\0\x05\0\x28\x02\0\0\0\0\0\0\0\
\0\0\0\0\0\0\0\x54\x01\0\0\0\0\x05\0\x58\x03\0\0\0\0\0\0\0\0\0\0\0\0\0\0\xd4\0\
\0\0\0\0\x05\0\x28\x03\0\0\0\0\0\0\0\0\0\0\0\0\0\0\x34\x01\0\0\0\0\x05\0\x58\
\x04\0\0\0\0\0\0\0\0\0\0\0\0\0\0\x1e\x01\0\0\0\0\x05\0\xb0\x07\0\0\0\0\0\0\0\0\
\0\0\0\0\0\0\xf8\0\0\0\0\0\x05\0\0\x08\0\0\0\0\0\0\0\0\0\0\0\0\0\0\xdb\0\0\0\0\
\0\x05\0\xa8\x08\0\0\0\0\0\0\0\0\0\0\0\0\0\0\x70\0\0\0\x12\0\x03\0\0\0\0\0\0\0\
\0\0\x58\x15\0\0\0\0\0\0\xb0\0\0\0\x11\0\x08\0\0\0\0\0\0\0\0\0\x10\0\0\0\0\0\0\
\0\x14\0\0\0\x12\0\x05\0\0\0\0\0\0\0\0\0\xe0\x08\0\0\0\0\0\0\xcc\0\0\0\x11\0\
\x07\0\0\0\0\0\0\0\0\0\x0d\0\0\0\0\0\0\0\x68\0\0\0\0\0\0\0\x01\0\0\0\x17\0\0\0\
\x40\x02\0\0\0\0\0\0\x01\0\0\0\x17\0\0\0\x54\x33\x01\0\0\0\0\0\x04\0\0\0\x17\0\
\0\0\x6c\x33\x01\0\0\0\0\0\x03\0\0\0\x19\0\0\0\x2c\0\0\0\0\0\0\0\x04\0\0\0\x01\
\0\0\0\x3c\0\0\0\0\0\0\0\x04\0\0\0\x0b\0\0\0\x50\0\0\0\0\0\0\0\x04\0\0\0\x01\0\
\0\0\x60\0\0\0\0\0\0\0\x04\0\0\0\x01\0\0\0\x70\0\0\0\0\0\0\0\x04\0\0\0\x01\0\0\
\0\x80\0\0\0\0\0\0\0\x04\0\0\0\x01\0\0\0\x90\0\0\0\0\0\0\0\x04\0\0\0\x01\0\0\0\
\xa0\0\0\0\0\0\0\0\x04\0\0\0\x01\0\0\0\xb0\0\0\0\0\0\0\0\x04\0\0\0\x01\0\0\0\
\xc0\0\0\0\0\0\0\0\x04\0\0\0\x01\0\0\0\xd0\0\0\0\0\0\0\0\x04\0\0\0\x01\0\0\0\
\xe0\0\0\0\0\0\0\0\x04\0\0\0\x01\0\0\0\xf0\0\0\0\0\0\0\0\x04\0\0\0\x01\0\0\0\0\
\x01\0\0\0\0\0\0\x04\0\0\0\x01\0\0\0\x10\x01\0\0\0\0\0\0\x04\0\0\0\x01\0\0\0\
\x20\x01\0\0\0\0\0\0\x04\0\0\0\x01\0\0\0\x30\x01\0\0\0\0\0\0\x04\0\0\0\x01\0\0\
\0\x40\x01\0\0\0\0\0\0\x04\0\0\0\x01\0\0\0\x50\x01\0\0\0\0\0\0\x04\0\0\0\x01\0\
\0\0\x60\x01\0\0\0\0\0\0\x04\0\0\0\x01\0\0\0\x70\x01\0\0\0\0\0\0\x04\0\0\0\x01\
\0\0\0\x80\x01\0\0\0\0\0\0\x04\0\0\0\x01\0\0\0\x90\x01\0\0\0\0\0\0\x04\0\0\0\
\x01\0\0\0\xa0\x01\0\0\0\0\0\0\x04\0\0\0\x01\0\0\0\xb0\x01\0\0\0\0\0\0\x04\0\0\
\0\x01\0\0\0\xc0\x01\0\0\0\0\0\0\x04\0\0\0\x01\0\0\0\xd0\x01\0\0\0\0\0\0\x04\0\
\0\0\x01\0\0\0\xe0\x01\0\0\0\0\0\0\x04\0\0\0\x01\0\0\0\xf0\x01\0\0\0\0\0\0\x04\
\0\0\0\x01\0\0\0\0\x02\0\0\0\0\0\0\x04\0\0\0\x01\0\0\0\x10\x02\0\0\0\0\0\0\x04\
\0\0\0\x01\0\0\0\x20\x02\0\0\0\0\0\0\x04\0\0\0\x01\0\0\0\x30\x02\0\0\0\0\0\0\
\x04\0\0\0\x01\0\0\0\x40\x02\0\0\0\0\0\0\x04\0\0\0\x01\0\0\0\x50\x02\0\0\0\0\0\
\0\x04\0\0\0\x01\0\0\0\x60\x02\0\0\0\0\0\0\x04\0\0\0\x01\0\0\0\x70\x02\0\0\0\0\
\0\0\x04\0\0\0\x01\0\0\0\x80\x02\0\0\0\0\0\0\x04\0\0\0\x01\0\0\0\x90\x02\0\0\0\
\0\0\0\x04\0\0\0\x01\0\0\0\xa0\x02\0\0\0\0\0\0\x04\0\0\0\x01\0\0\0\xb0\x02\0\0\
\0\0\0\0\x04\0\0\0\x01\0\0\0\xc0\x02\0\0\0\0\0\0\x04\0\0\0\x01\0\0\0\xd0\x02\0\
\0\0\0\0\0\x04\0\0\0\x01\0\0\0\xe0\x02\0\0\0\0\0\0\x04\0\0\0\x01\0\0\0\xf0\x02\
\0\0\0\0\0\0\x04\0\0\0\x01\0\0\0\0\x03\0\0\0\0\0\0\x04\0\0\0\x01\0\0\0\x10\x03\
\0\0\0\0\0\0\x04\0\0\0\x01\0\0\0\x20\x03\0\0\0\0\0\0\x04\0\0\0\x01\0\0\0\x30\
\x03\0\0\0\0\0\0\x04\0\0\0\x01\0\0\0\x40\x03\0\0\0\0\0\0\x04\0\0\0\x01\0\0\0\
\x50\x03\0\0\0\0\0\0\x04\0\0\0\x01\0\0\0\x60\x03\0\0\0\0\0\0\x04\0\0\0\x01\0\0\
\0\x70\x03\0\0\0\0\0\0\x04\0\0\0\x01\0\0\0\x80\x03\0\0\0\0\0\0\x04\0\0\0\x01\0\
\0\0\x90\x03\0\0\0\0\0\0\x04\0\0\0\x01\0\0\0\xa0\x03\0\0\0\0\0\0\x04\0\0\0\x01\
\0\0\0\xb0\x03\0\0\0\0\0\0\x04\0\0\0\x01\0\0\0\xc0\x03\0\0\0\0\0\0\x04\0\0\0\
\x01\0\0\0\xd0\x03\0\0\0\0\0\0\x04\0\0\0\x01\0\0\0\xe0\x03\0\0\0\0\0\0\x04\0\0\
\0\x01\0\0\0\xf0\x03\0\0\0\0\0\0\x04\0\0\0\x01\0\0\0\0\x04\0\0\0\0\0\0\x04\0\0\
\0\x01\0\0\0\x10\x04\0\0\0\0\0\0\x04\0\0\0\x01\0\0\0\x20\x04\0\0\0\0\0\0\x04\0\
\0\0\x01\0\0\0\x30\x04\0\0\0\0\0\0\x04\0\0\0\x01\0\0\0\x40\x04\0\0\0\0\0\0\x04\
\0\0\0\x01\0\0\0\x50\x04\0\0\0\0\0\0\x04\0\0\0\x01\0\0\0\x60\x04\0\0\0\0\0\0\
\x04\0\0\0\x01\0\0\0\x70\x04\0\0\0\0\0\0\x04\0\0\0\x01\0\0\0\x80\x04\0\0\0\0\0\
\0\x04\0\0\0\x01\0\0\0\x90\x04\0\0\0\0\0\0\x04\0\0\0\x01\0\0\0\xa0\x04\0\0\0\0\
\0\0\x04\0\0\0\x01\0\0\0\xb0\x04\0\0\0\0\0\0\x04\0\0\0\x01\0\0\0\xc0\x04\0\0\0\
\0\0\0\x04\0\0\0\x01\0\0\0\xd0\x04\0\0\0\0\0\0\x04\0\0\0\x01\0\0\0\xe0\x04\0\0\
\0\0\0\0\x04\0\0\0\x01\0\0\0\xf0\x04\0\0\0\0\0\0\x04\0\0\0\x01\0\0\0\0\x05\0\0\
\0\0\0\0\x04\0\0\0\x01\0\0\0\x10\x05\0\0\0\0\0\0\x04\0\0\0\x01\0\0\0\x20\x05\0\
\0\0\0\0\0\x04\0\0\0\x01\0\0\0\x30\x05\0\0\0\0\0\0\x04\0\0\0\x01\0\0\0\x40\x05\
\0\0\0\0\0\0\x04\0\0\0\x01\0\0\0\x50\x05\0\0\0\0\0\0\x04\0\0\0\x01\0\0\0\x60\
\x05\0\0\0\0\0\0\x04\0\0\0\x01\0\0\0\x70\x05\0\0\0\0\0\0\x04\0\0\0\x01\0\0\0\
\x80\x05\0\0\0\0\0\0\x04\0\0\0\x01\0\0\0\x90\x05\0\0\0\0\0\0\x04\0\0\0\x01\0\0\
\0\xa0\x05\0\0\0\0\0\0\x04\0\0\0\x01\0\0\0\xb0\x05\0\0\0\0\0\0\x04\0\0\0\x01\0\
\0\0\xc0\x05\0\0\0\0\0\0\x04\0\0\0\x01\0\0\0\xd0\x05\0\0\0\0\0\0\x04\0\0\0\x01\
\0\0\0\xe0\x05\0\0\0\0\0\0\x04\0\0\0\x01\0\0\0\xf0\x05\0\0\0\0\0\0\x04\0\0\0\
\x01\0\0\0\0\x06\0\0\0\0\0\0\x04\0\0\0\x01\0\0\0\x10\x06\0\0\0\0\0\0\x04\0\0\0\
\x01\0\0\0\x20\x06\0\0\0\0\0\0\x04\0\0\0\x01\0\0\0\x30\x06\0\0\0\0\0\0\x04\0\0\
\0\x01\0\0\0\x40\x06\0\0\0\0\0\0\x04\0\0\0\x01\0\0\0\x50\x06\0\0\0\0\0\0\x04\0\
\0\0\x01\0\0\0\x60\x06\0\0\0\0\0\0\x04\0\0\0\x01\0\0\0\x70\x06\0\0\0\0\0\0\x04\
\0\0\0\x01\0\0\0\x80\x06\0\0\0\0\0\0\x04\0\0\0\x01\0\0\0\x90\x06\0\0\0\0\0\0\
\x04\0\0\0\x01\0\0\0\xa0\x06\0\0\0\0\0\0\x04\0\0\0\x01\0\0\0\xb0\x06\0\0\0\0\0\
\0\x04\0\0\0\x01\0\0\0\xc0\x06\0\0\0\0\0\0\x04\0\0\0\x01\0\0\0\xd0\x06\0\0\0\0\
\0\0\x04\0\0\0\x01\0\0\0\xe0\x06\0\0\0\0\0\0\x04\0\0\0\x01\0\0\0\xf0\x06\0\0\0\
\0\0\0\x04\0\0\0\x01\0\0\0\0\x07\0\0\0\0\0\0\x04\0\0\0\x01\0\0\0\x10\x07\0\0\0\
\0\0\0\x04\0\0\0\x01\0\0\0\x20\x07\0\0\0\0\0\0\x04\0\0\0\x01\0\0\0\x30\x07\0\0\
\0\0\0\0\x04\0\0\0\x01\0\0\0\x40\x07\0\0\0\0\0\0\x04\0\0\0\x01\0\0\0\x50\x07\0\
\0\0\0\0\0\x04\0\0\0\x01\0\0\0\x60\x07\0\0\0\0\0\0\x04\0\0\0\x01\0\0\0\x70\x07\
\0\0\0\0\0\0\x04\0\0\0\x01\0\0\0\x80\x07\0\0\0\0\0\0\x04\0\0\0\x01\0\0\0\x90\
\x07\0\0\0\0\0\0\x04\0\0\0\x01\0\0\0\xa0\x07\0\0\0\0\0\0\x04\0\0\0\x01\0\0\0\
\xb0\x07\0\0\0\0\0\0\x04\0\0\0\x01\0\0\0\xc0\x07\0\0\0\0\0\0\x04\0\0\0\x01\0\0\
\0\xd0\x07\0\0\0\0\0\0\x04\0\0\0\x01\0\0\0\xe0\x07\0\0\0\0\0\0\x04\0\0\0\x01\0\
\0\0\xf0\x07\0\0\0\0\0\0\x04\0\0\0\x01\0\0\0\0\x08\0\0\0\0\0\0\x04\0\0\0\x01\0\
\0\0\x10\x08\0\0\0\0\0\0\x04\0\0\0\x01\0\0\0\x20\x08\0\0\0\0\0\0\x04\0\0\0\x01\
\0\0\0\x30\x08\0\0\0\0\0\0\x04\0\0\0\x01\0\0\0\x40\x08\0\0\0\0\0\0\x04\0\0\0\
\x01\0\0\0\x50\x08\0\0\0\0\0\0\x04\0\0\0\x01\0\0\0\x60\x08\0\0\0\0\0\0\x04\0\0\
\0\x01\0\0\0\x70\x08\0\0\0\0\0\0\x04\0\0\0\x01\0\0\0\x80\x08\0\0\0\0\0\0\x04\0\
\0\0\x01\0\0\0\x90\x08\0\0\0\0\0\0\x04\0\0\0\x01\0\0\0\xa0\x08\0\0\0\0\0\0\x04\
\0\0\0\x01\0\0\0\xb0\x08\0\0\0\0\0\0\x04\0\0\0\x01\0\0\0\xc0\x08\0\0\0\0\0\0\
\x04\0\0\0\x01\0\0\0\xd0\x08\0\0\0\0\0\0\x04\0\0\0\x01\0\0\0\xe0\x08\0\0\0\0\0\
\0\x04\0\0\0\x01\0\0\0\xf0\x08\0\0\0\0\0\0\x04\0\0\0\x01\0\0\0\0\x09\0\0\0\0\0\
\0\x04\0\0\0\x01\0\0\0\x10\x09\0\0\0\0\0\0\x04\0\0\0\x01\0\0\0\x20\x09\0\0\0\0\
\0\0\x04\0\0\0\x01\0\0\0\x30\x09\0\0\0\0\0\0\x04\0\0\0\x01\0\0\0\x40\x09\0\0\0\
\0\0\0\x04\0\0\0\x01\0\0\0\x50\x09\0\0\0\0\0\0\x04\0\0\0\x01\0\0\0\x60\x09\0\0\
\0\0\0\0\x04\0\0\0\x01\0\0\0\x70\x09\0\0\0\0\0\0\x04\0\0\0\x01\0\0\0\x80\x09\0\
\0\0\0\0\0\x04\0\0\0\x01\0\0\0\x90\x09\0\0\0\0\0\0\x04\0\0\0\x01\0\0\0\xa0\x09\
\0\0\0\0\0\0\x04\0\0\0\x01\0\0\0\xb0\x09\0\0\0\0\0\0\x04\0\0\0\x01\0\0\0\xc0\
\x09\0\0\0\0\0\0\x04\0\0\0\x01\0\0\0\xd0\x09\0\0\0\0\0\0\x04\0\0\0\x01\0\0\0\
\xe0\x09\0\0\0\0\0\0\x04\0\0\0\x01\0\0\0\xf0\x09\0\0\0\0\0\0\x04\0\0\0\x01\0\0\
\0\0\x0a\0\0\0\0\0\0\x04\0\0\0\x01\0\0\0\x10\x0a\0\0\0\0\0\0\x04\0\0\0\x01\0\0\
\0\x20\x0a\0\0\0\0\0\0\x04\0\0\0\x01\0\0\0\x30\x0a\0\0\0\0\0\0\x04\0\0\0\x01\0\
\0\0\x40\x0a\0\0\0\0\0\0\x04\0\0\0\x01\0\0\0\x50\x0a\0\0\0\0\0\0\x04\0\0\0\x01\
\0\0\0\x60\x0a\0\0\0\0\0\0\x04\0\0\0\x01\0\0\0\x70\x0a\0\0\0\0\0\0\x04\0\0\0\
\x01\0\0\0\x80\x0a\0\0\0\0\0\0\x04\0\0\0\x01\0\0\0\x90\x0a\0\0\0\0\0\0\x04\0\0\
\0\x01\0\0\0\xa0\x0a\0\0\0\0\0\0\x04\0\0\0\x01\0\0\0\xb0\x0a\0\0\0\0\0\0\x04\0\
\0\0\x01\0\0\0\xc0\x0a\0\0\0\0\0\0\x04\0\0\0\x01\0\0\0\xd0\x0a\0\0\0\0\0\0\x04\
\0\0\0\x01\0\0\0\xe0\x0a\0\0\0\0\0\0\x04\0\0\0\x01\0\0\0\xf0\x0a\0\0\0\0\0\0\
\x04\0\0\0\x01\0\0\0\0\x0b\0\0\0\0\0\0\x04\0\0\0\x01\0\0\0\x10\x0b\0\0\0\0\0\0\
\x04\0\0\0\x01\0\0\0\x20\x0b\0\0\0\0\0\0\x04\0\0\0\x01\0\0\0\x30\x0b\0\0\0\0\0\
\0\x04\0\0\0\x01\0\0\0\x40\x0b\0\0\0\0\0\0\x04\0\0\0\x01\0\0\0\x50\x0b\0\0\0\0\
\0\0\x04\0\0\0\x01\0\0\0\x60\x0b\0\0\0\0\0\0\x04\0\0\0\x01\0\0\0\x70\x0b\0\0\0\
\0\0\0\x04\0\0\0\x01\0\0\0\x80\x0b\0\0\0\0\0\0\x04\0\0\0\x01\0\0\0\x90\x0b\0\0\
\0\0\0\0\x04\0\0\0\x01\0\0\0\xa0\x0b\0\0\0\0\0\0\x04\0\0\0\x01\0\0\0\xb0\x0b\0\
\0\0\0\0\0\x04\0\0\0\x01\0\0\0\xc0\x0b\0\0\0\0\0\0\x04\0\0\0\x01\0\0\0\xd0\x0b\
\0\0\0\0\0\0\x04\0\0\0\x01\0\0\0\xe0\x0b\0\0\0\0\0\0\x04\0\0\0\x01\0\0\0\xf0\
\x0b\0\0\0\0\0\0\x04\0\0\0\x01\0\0\0\0\x0c\0\0\0\0\0\0\x04\0\0\0\x01\0\0\0\x10\
\x0c\0\0\0\0\0\0\x04\0\0\0\x01\0\0\0\x20\x0c\0\0\0\0\0\0\x04\0\0\0\x01\0\0\0\
\x30\x0c\0\0\0\0\0\0\x04\0\0\0\x01\0\0\0\x40\x0c\0\0\0\0\0\0\x04\0\0\0\x01\0\0\
\0\x50\x0c\0\0\0\0\0\0\x04\0\0\0\x01\0\0\0\x60\x0c\0\0\0\0\0\0\x04\0\0\0\x01\0\
\0\0\x70\x0c\0\0\0\0\0\0\x04\0\0\0\x01\0\0\0\x80\x0c\0\0\0\0\0\0\x04\0\0\0\x01\
\0\0\0\x90\x0c\0\0\0\0\0\0\x04\0\0\0\x01\0\0\0\xa0\x0c\0\0\0\0\0\0\x04\0\0\0\
\x01\0\0\0\xb0\x0c\0\0\0\0\0\0\x04\0\0\0\x01\0\0\0\xc0\x0c\0\0\0\0\0\0\x04\0\0\
\0\x01\0\0\0\xd0\x0c\0\0\0\0\0\0\x04\0\0\0\x01\0\0\0\xe0\x0c\0\0\0\0\0\0\x04\0\
\0\0\x01\0\0\0\xf0\x0c\0\0\0\0\0\0\x04\0\0\0\x01\0\0\0\0\x0d\0\0\0\0\0\0\x04\0\
\0\0\x01\0\0\0\x10\x0d\0\0\0\0\0\0\x04\0\0\0\x01\0\0\0\x20\x0d\0\0\0\0\0\0\x04\
\0\0\0\x01\0\0\0\x30\x0d\0\0\0\0\0\0\x04\0\0\0\x01\0\0\0\x40\x0d\0\0\0\0\0\0\
\x04\0\0\0\x01\0\0\0\x50\x0d\0\0\0\0\0\0\x04\0\0\0\x01\0\0\0\x60\x0d\0\0\0\0\0\
\0\x04\0\0\0\x01\0\0\0\x70\x0d\0\0\0\0\0\0\x04\0\0\0\x01\0\0\0\x80\x0d\0\0\0\0\
\0\0\x04\0\0\0\x01\0\0\0\x90\x0d\0\0\0\0\0\0\x04\0\0\0\x01\0\0\0\xa0\x0d\0\0\0\
\0\0\0\x04\0\0\0\x01\0\0\0\xb0\x0d\0\0\0\0\0\0\x04\0\0\0\x01\0\0\0\xc0\x0d\0\0\
\0\0\0\0\x04\0\0\0\x01\0\0\0\xd0\x0d\0\0\0\0\0\0\x04\0\0\0\x01\0\0\0\xe0\x0d\0\
\0\0\0\0\0\x04\0\0\0\x01\0\0\0\xf0\x0d\0\0\0\0\0\0\x04\0\0\0\x01\0\0\0\0\x0e\0\
\0\0\0\0\0\x04\0\0\0\x01\0\0\0\x10\x0e\0\0\0\0\0\0\x04\0\0\0\x01\0\0\0\x28\x0e\
\0\0\0\0\0\0\x04\0\0\0\x0b\0\0\0\x38\x0e\0\0\0\0\0\0\x04\0\0\0\x0b\0\0\0\x48\
\x0e\0\0\0\0\0\0\x04\0\0\0\x0b\0\0\0\x58\x0e\0\0\0\0\0\0\x04\0\0\0\x0b\0\0\0\
\x68\x0e\0\0\0\0\0\0\x04\0\0\0\x0b\0\0\0\x78\x0e\0\0\0\0\0\0\x04\0\0\0\x0b\0\0\
\0\x88\x0e\0\0\0\0\0\0\x04\0\0\0\x0b\0\0\0\x98\x0e\0\0\0\0\0\0\x04\0\0\0\x0b\0\
\0\0\xa8\x0e\0\0\0\0\0\0\x04\0\0\0\x0b\0\0\0\xb8\x0e\0\0\0\0\0\0\x04\0\0\0\x0b\
\0\0\0\xc8\x0e\0\0\0\0\0\0\x04\0\0\0\x0b\0\0\0\xd8\x0e\0\0\0\0\0\0\x04\0\0\0\
\x0b\0\0\0\xe8\x0e\0\0\0\0\0\0\x04\0\0\0\x0b\0\0\0\xf8\x0e\0\0\0\0\0\0\x04\0\0\
\0\x0b\0\0\0\x08\x0f\0\0\0\0\0\0\x04\0\0\0\x0b\0\0\0\x18\x0f\0\0\0\0\0\0\x04\0\
\0\0\x0b\0\0\0\x28\x0f\0\0\0\0\0\0\x04\0\0\0\x0b\0\0\0\x38\x0f\0\0\0\0\0\0\x04\
\0\0\0\x0b\0\0\0\x48\x0f\0\0\0\0\0\0\x04\0\0\0\x0b\0\0\0\x58\x0f\0\0\0\0\0\0\
\x04\0\0\0\x0b\0\0\0\x68\x0f\0\0\0\0\0\0\x04\0\0\0\x0b\0\0\0\x78\x0f\0\0\0\0\0\
\0\x04\0\0\0\x0b\0\0\0\x88\x0f\0\0\0\0\0\0\x04\0\0\0\x0b\0\0\0\x98\x0f\0\0\0\0\
\0\0\x04\0\0\0\x0b\0\0\0\xa8\x0f\0\0\0\0\0\0\x04\0\0\0\x0b\0\0\0\xb8\x0f\0\0\0\
\0\0\0\x04\0\0\0\x0b\0\0\0\xc8\x0f\0\0\0\0\0\0\x04\0\0\0\x0b\0\0\0\xd8\x0f\0\0\
\0\0\0\0\x04\0\0\0\x0b\0\0\0\xe8\x0f\0\0\0\0\0\0\x04\0\0\0\x0b\0\0\0\xf8\x0f\0\
\0\0\0\0\0\x04\0\0\0\x0b\0\0\0\x08\x10\0\0\0\0\0\0\x04\0\0\0\x0b\0\0\0\x18\x10\
\0\0\0\0\0\0\x04\0\0\0\x0b\0\0\0\x28\x10\0\0\0\0\0\0\x04\0\0\0\x0b\0\0\0\x38\
\x10\0\0\0\0\0\0\x04\0\0\0\x0b\0\0\0\x48\x10\0\0\0\0\0\0\x04\0\0\0\x0b\0\0\0\
\x58\x10\0\0\0\0\0\0\x04\0\0\0\x0b\0\0\0\x68\x10\0\0\0\0\0\0\x04\0\0\0\x0b\0\0\
\0\x78\x10\0\0\0\0\0\0\x04\0\0\0\x0b\0\0\0\x88\x10\0\0\0\0\0\0\x04\0\0\0\x0b\0\
\0\0\x98\x10\0\0\0\0\0\0\x04\0\0\0\x0b\0\0\0\xa8\x10\0\0\0\0\0\0\x04\0\0\0\x0b\
\0\0\0\xb8\x10\0\0\0\0\0\0\x04\0\0\0\x0b\0\0\0\xc8\x10\0\0\0\0\0\0\x04\0\0\0\
\x0b\0\0\0\xd8\x10\0\0\0\0\0\0\x04\0\0\0\x0b\0\0\0\xe8\x10\0\0\0\0\0\0\x04\0\0\
\0\x0b\0\0\0\xf8\x10\0\0\0\0\0\0\x04\0\0\0\x0b\0\0\0\x08\x11\0\0\0\0\0\0\x04\0\
\0\0\x0b\0\0\0\x18\x11\0\0\0\0\0\0\x04\0\0\0\x0b\0\0\0\x28\x11\0\0\0\0\0\0\x04\
\0\0\0\x0b\0\0\0\x38\x11\0\0\0\0\0\0\x04\0\0\0\x0b\0\0\0\x48\x11\0\0\0\0\0\0\
\x04\0\0\0\x0b\0\0\0\x58\x11\0\0\0\0\0\0\x04\0\0\0\x0b\0\0\0\x68\x11\0\0\0\0\0\
\0\x04\0\0\0\x0b\0\0\0\x78\x11\0\0\0\0\0\0\x04\0\0\0\x0b\0\0\0\x88\x11\0\0\0\0\
\0\0\x04\0\0\0\x0b\0\0\0\x98\x11\0\0\0\0\0\0\x04\0\0\0\x0b\0\0\0\xa8\x11\0\0\0\
\0\0\0\x04\0\0\0\x0b\0\0\0\xb8\x11\0\0\0\0\0\0\x04\0\0\0\x0b\0\0\0\xc8\x11\0\0\
\0\0\0\0\x04\0\0\0\x0b\0\0\0\xd8\x11\0\0\0\0\0\0\x04\0\0\0\x0b\0\0\0\xe8\x11\0\
\0\0\0\0\0\x04\0\0\0\x0b\0\0\0\xf8\x11\0\0\0\0\0\0\x04\0\0\0\x0b\0\0\0\x08\x12\
\0\0\0\0\0\0\x04\0\0\0\x0b\0\0\0\x18\x12\0\0\0\0\0\0\x04\0\0\0\x0b\0\0\0\x28\
\x12\0\0\0\0\0\0\x04\0\0\0\x0b\0\0\0\x38\x12\0\0\0\0\0\0\x04\0\0\0\x0b\0\0\0\
\x48\x12\0\0\0\0\0\0\x04\0\0\0\x0b\0\0\0\x58\x12\0\0\0\0\0\0\x04\0\0\0\x0b\0\0\
\0\x68\x12\0\0\0\0\0\0\x04\0\0\0\x0b\0\0\0\x78\x12\0\0\0\0\0\0\x04\0\0\0\x0b\0\
\0\0\x88\x12\0\0\0\0\0\0\x04\0\0\0\x0b\0\0\0\x98\x12\0\0\0\0\0\0\x04\0\0\0\x0b\
\0\0\0\xa8\x12\0\0\0\0\0\0\x04\0\0\0\x0b\0\0\0\xb8\x12\0\0\0\0\0\0\x04\0\0\0\
\x0b\0\0\0\xc8\x12\0\0\0\0\0\0\x04\0\0\0\x0b\0\0\0\xd8\x12\0\0\0\0\0\0\x04\0\0\
\0\x0b\0\0\0\xe8\x12\0\0\0\0\0\0\x04\0\0\0\x0b\0\0\0\xf8\x12\0\0\0\0\0\0\x04\0\
\0\0\x0b\0\0\0\x08\x13\0\0\0\0\0\0\x04\0\0\0\x0b\0\0\0\x18\x13\0\0\0\0\0\0\x04\
\0\0\0\x0b\0\0\0\x28\x13\0\0\0\0\0\0\x04\0\0\0\x0b\0\0\0\x38\x13\0\0\0\0\0\0\
\x04\0\0\0\x0b\0\0\0\x48\x13\0\0\0\0\0\0\x04\0\0\0\x0b\0\0\0\x58\x13\0\0\0\0\0\
\0\x04\0\0\0\x0b\0\0\0\x68\x13\0\0\0\0\0\0\x04\0\0\0\x0b\0\0\0\x78\x13\0\0\0\0\
\0\0\x04\0\0\0\x0b\0\0\0\x88\x13\0\0\0\0\0\0\x04\0\0\0\x0b\0\0\0\x98\x13\0\0\0\
\0\0\0\x04\0\0\0\x0b\0\0\0\xa8\x13\0\0\0\0\0\0\x04\0\0\0\x0b\0\0\0\xb8\x13\0\0\
\0\0\0\0\x04\0\0\0\x0b\0\0\0\xc8\x13\0\0\0\0\0\0\x04\0\0\0\x0b\0\0\0\xd8\x13\0\
\0\0\0\0\0\x04\0\0\0\x0b\0\0\0\xe8\x13\0\0\0\0\0\0\x04\0\0\0\x0b\0\0\0\xf8\x13\
\0\0\0\0\0\0\x04\0\0\0\x0b\0\0\0\x08\x14\0\0\0\0\0\0\x04\0\0\0\x0b\0\0\0\x18\
\x14\0\0\0\0\0\0\x04\0\0\0\x0b\0\0\0\x28\x14\0\0\0\0\0\0\x04\0\0\0\x0b\0\0\0\
\x38\x14\0\0\0\0\0\0\x04\0\0\0\x0b\0\0\0\x48\x14\0\0\0\0\0\0\x04\0\0\0\x0b\0\0\
\0\x58\x14\0\0\0\0\0\0\x04\0\0\0\x0b\0\0\0\x68\x14\0\0\0\0\0\0\x04\0\0\0\x0b\0\
\0\0\x78\x14\0\0\0\0\0\0\x04\0\0\0\x0b\0\0\0\x88\x14\0\0\0\0\0\0\x04\0\0\0\x0b\
\0\0\0\x98\x14\0\0\0\0\0\0\x04\0\0\0\x0b\0\0\0\xa8\x14\0\0\0\0\0\0\x04\0\0\0\
\x0b\0\0\0\xb8\x14\0\0\0\0\0\0\x04\0\0\0\x0b\0\0\0\xc8\x14\0\0\0\0\0\0\x04\0\0\
\0\x0b\0\0\0\xd8\x14\0\0\0\0\0\0\x04\0\0\0\x0b\0\0\0\xe8\x14\0\0\0\0\0\0\x04\0\
\0\0\x0b\0\0\0\xf8\x14\0\0\0\0\0\0\x04\0\0\0\x0b\0\0\0\x08\x15\0\0\0\0\0\0\x04\
\0\0\0\x0b\0\0\0\x18\x15\0\0\0\0\0\0\x04\0\0\0\x0b\0\0\0\x28\x15\0\0\0\0\0\0\
\x04\0\0\0\x0b\0\0\0\x44\x15\0\0\0\0\0\0\x04\0\0\0\x01\0\0\0\x54\x15\0\0\0\0\0\
\0\x04\0\0\0\x01\0\0\0\x64\x15\0\0\0\0\0\0\x04\0\0\0\x01\0\0\0\x74\x15\0\0\0\0\
\0\0\x04\0\0\0\x01\0\0\0\x84\x15\0\0\0\0\0\0\x04\0\0\0\x01\0\0\0\x94\x15\0\0\0\
\0\0\0\x04\0\0\0\x01\0\0\0\xa4\x15\0\0\0\0\0\0\x04\0\0\0\x01\0\0\0\xb4\x15\0\0\
\0\0\0\0\x04\0\0\0\x01\0\0\0\xc4\x15\0\0\0\0\0\0\x04\0\0\0\x01\0\0\0\xd4\x15\0\
\0\0\0\0\0\x04\0\0\0\x01\0\0\0\xe4\x15\0\0\0\0\0\0\x04\0\0\0\x01\0\0\0\xf4\x15\
\0\0\0\0\0\0\x04\0\0\0\x01\0\0\0\x04\x16\0\0\0\0\0\0\x04\0\0\0\x01\0\0\0\x14\
\x16\0\0\0\0\0\0\x04\0\0\0\x01\0\0\0\x24\x16\0\0\0\0\0\0\x04\0\0\0\x01\0\0\0\
\x34\x16\0\0\0\0\0\0\x04\0\0\0\x01\0\0\0\x44\x16\0\0\0\0\0\0\x04\0\0\0\x01\0\0\
\0\x54\x16\0\0\0\0\0\0\x04\0\0\0\x01\0\0\0\x64\x16\0\0\0\0\0\0\x04\0\0\0\x01\0\
\0\0\x74\x16\0\0\0\0\0\0\x04\0\0\0\x01\0\0\0\x84\x16\0\0\0\0\0\0\x04\0\0\0\x01\
\0\0\0\x94\x16\0\0\0\0\0\0\x04\0\0\0\x01\0\0\0\xa4\x16\0\0\0\0\0\0\x04\0\0\0\
\x01\0\0\0\xb4\x16\0\0\0\0\0\0\x04\0\0\0\x01\0\0\0\xc4\x16\0\0\0\0\0\0\x04\0\0\
\0\x01\0\0\0\xd4\x16\0\0\0\0\0\0\x04\0\0\0\x01\0\0\0\xe4\x16\0\0\0\0\0\0\x04\0\
\0\0\x01\0\0\0\xf4\x16\0\0\0\0\0\0\x04\0\0\0\x01\0\0\0\x04\x17\0\0\0\0\0\0\x04\
\0\0\0\x01\0\0\0\x14\x17\0\0\0\0\0\0\x04\0\0\0\x01\0\0\0\x24\x17\0\0\0\0\0\0\
\x04\0\0\0\x01\0\0\0\x34\x17\0\0\0\0\0\0\x04\0\0\0\x01\0\0\0\x44\x17\0\0\0\0\0\
\0\x04\0\0\0\x01\0\0\0\x54\x17\0\0\0\0\0\0\x04\0\0\0\x01\0\0\0\x64\x17\0\0\0\0\
\0\0\x04\0\0\0\x01\0\0\0\x74\x17\0\0\0\0\0\0\x04\0\0\0\x01\0\0\0\x84\x17\0\0\0\
\0\0\0\x04\0\0\0\x01\0\0\0\x94\x17\0\0\0\0\0\0\x04\0\0\0\x01\0\0\0\xa4\x17\0\0\
\0\0\0\0\x04\0\0\0\x01\0\0\0\xb4\x17\0\0\0\0\0\0\x04\0\0\0\x01\0\0\0\xc4\x17\0\
\0\0\0\0\0\x04\0\0\0\x01\0\0\0\xd4\x17\0\0\0\0\0\0\x04\0\0\0\x01\0\0\0\xe4\x17\
\0\0\0\0\0\0\x04\0\0\0\x01\0\0\0\xf4\x17\0\0\0\0\0\0\x04\0\0\0\x01\0\0\0\x04\
\x18\0\0\0\0\0\0\x04\0\0\0\x01\0\0\0\x14\x18\0\0\0\0\0\0\x04\0\0\0\x01\0\0\0\
\x24\x18\0\0\0\0\0\0\x04\0\0\0\x01\0\0\0\x34\x18\0\0\0\0\0\0\x04\0\0\0\x01\0\0\
\0\x44\x18\0\0\0\0\0\0\x04\0\0\0\x01\0\0\0\x54\x18\0\0\0\0\0\0\x04\0\0\0\x01\0\
\0\0\x64\x18\0\0\0\0\0\0\x04\0\0\0\x01\0\0\0\x74\x18\0\0\0\0\0\0\x04\0\0\0\x01\
\0\0\0\x84\x18\0\0\0\0\0\0\x04\0\0\0\x01\0\0\0\x94\x18\0\0\0\0\0\0\x04\0\0\0\
\x01\0\0\0\xa4\x18\0\0\0\0\0\0\x04\0\0\0\x01\0\0\0\xbc\x18\0\0\0\0\0\0\x04\0\0\
\0\x0b\0\0\0\xcc\x18\0\0\0\0\0\0\x04\0\0\0\x0b\0\0\0\xdc\x18\0\0\0\0\0\0\x04\0\
\0\0\x0b\0\0\0\xec\x18\0\0\0\0\0\0\x04\0\0\0\x0b\0\0\0\xfc\x18\0\0\0\0\0\0\x04\
\0\0\0\x0b\0\0\0\x0c\x19\0\0\0\0\0\0\x04\0\0\0\x0b\0\0\0\x1c\x19\0\0\0\0\0\0\
\x04\0\0\0\x0b\0\0\0\x2c\x19\0\0\0\0\0\0\x04\0\0\0\x0b\0\0\0\x3c\x19\0\0\0\0\0\
\0\x04\0\0\0\x0b\0\0\0\x4c\x19\0\0\0\0\0\0\x04\0\0\0\x0b\0\0\0\x5c\x19\0\0\0\0\
\0\0\x04\0\0\0\x0b\0\0\0\x6c\x19\0\0\0\0\0\0\x04\0\0\0\x0b\0\0\0\x7c\x19\0\0\0\
\0\0\0\x04\0\0\0\x0b\0\0\0\x8c\x19\0\0\0\0\0\0\x04\0\0\0\x0b\0\0\0\x9c\x19\0\0\
\0\0\0\0\x04\0\0\0\x0b\0\0\0\xac\x19\0\0\0\0\0\0\x04\0\0\0\x0b\0\0\0\xbc\x19\0\
\0\0\0\0\0\x04\0\0\0\x0b\0\0\0\xcc\x19\0\0\0\0\0\0\x04\0\0\0\x0b\0\0\0\xdc\x19\
\0\0\0\0\0\0\x04\0\0\0\x0b\0\0\0\xec\x19\0\0\0\0\0\0\x04\0\0\0\x0b\0\0\0\xfc\
\x19\0\0\0\0\0\0\x04\0\0\0\x0b\0\0\0\x0c\x1a\0\0\0\0\0\0\x04\0\0\0\x0b\0\0\0\
\x20\x22\x23\x21\0\x2e\x74\x65\x78\x74\0\x2e\x72\x65\x6c\x2e\x42\x54\x46\x2e\
\x65\x78\x74\0\x68\x61\x6e\x64\x6c\x65\x5f\x73\x63\x68\x65\x64\x5f\x70\x72\x6f\
\x63\x65\x73\x73\x5f\x65\x78\x69\x74\0\x2e\x72\x65\x6c\x72\x61\x77\x5f\x74\x72\
\x61\x63\x65\x70\x6f\x69\x6e\x74\x2f\x73\x63\x68\x65\x64\x5f\x70\x72\x6f\x63\
\x65\x73\x73\x5f\x65\x78\x69\x74\0\x2e\x6d\x61\x70\x73\0\x2e\x6c\x6c\x76\x6d\
\x5f\x61\x64\x64\x72\x73\x69\x67\0\x6c\x69\x63\x65\x6e\x73\x65\0\x68\x61\x6e\
\x64\x6c\x65\x5f\x73\x63\x68\x65\x64\x5f\x70\x72\x6f\x63\x65\x73\x73\x5f\x65\
\x78\x65\x63\0\x2e\x72\x65\x6c\x72\x61\x77\x5f\x74\x72\x61\x63\x65\x70\x6f\x69\
\x6e\x74\x2f\x73\x63\x68\x65\x64\x5f\x70\x72\x6f\x63\x65\x73\x73\x5f\x65\x78\
\x65\x63\0\x72\x62\0\x2e\x73\x74\x72\x74\x61\x62\0\x2e\x73\x79\x6d\x74\x61\x62\
\0\x2e\x72\x65\x6c\x2e\x42\x54\x46\0\x4c\x49\x43\x45\x4e\x53\x45\0\x4c\x42\x42\
\x31\x5f\x39\0\x4c\x42\x42\x31\x5f\x31\x39\0\x4c\x42\x42\x30\x5f\x38\0\x4c\x42\
\x42\x31\x5f\x36\0\x4c\x42\x42\x30\x5f\x36\0\x4c\x42\x42\x31\x5f\x31\x36\0\x4c\
\x42\x42\x30\x5f\x31\x36\0\x4c\x42\x42\x30\x5f\x31\x35\0\x4c\x42\x42\x31\x5f\
\x34\0\x4c\x42\x42\x30\x5f\x34\0\x4c\x42\x42\x31\x5f\x31\x34\0\x4c\x42\x42\x31\
\x5f\x33\0\x4c\x42\x42\x30\x5f\x33\0\x4c\x42\x42\x31\x5f\x31\x32\0\x4c\x42\x42\
\x30\x5f\x31\x32\0\x4c\x42\x42\x30\x5f\x31\x31\0\x4c\x42\x42\x31\x5f\x32\x30\0\
\x4c\x42\x42\x31\x5f\x31\x30\0\x4c\x42\x42\x30\x5f\x31\x30\0\0\0\0\0\0\0\0\0\0\
\0\0\0\0\0\0\0\0\0\0\0\0\0\0\0\0\0\0\0\0\0\0\0\0\0\0\0\0\0\0\0\0\0\0\0\0\0\0\0\
\0\0\0\0\0\0\0\0\0\0\0\0\0\0\0\0\xb3\0\0\0\x03\0\0\0\0\0\0\0\0\0\0\0\0\0\0\0\0\
\0\0\0\x3c\x65\x02\0\0\0\0\0\x64\x01\0\0\0\0\0\0\0\0\0\0\0\0\0\0\x01\0\0\0\0\0\
\0\0\0\0\0\0\0\0\0\0\x01\0\0\0\x01\0\0\0\x06\0\0\0\0\0\0\0\0\0\0\0\0\0\0\0\x40\
\0\0\0\0\0\0\0\0\0\0\0\0\0\0\0\0\0\0\0\0\0\0\0\x04\0\0\0\0\0\0\0\0\0\0\0\0\0\0\
\0\x8e\0\0\0\x01\0\0\0\x06\0\0\0\0\0\0\0\0\0\0\0\0\0\0\0\x40\0\0\0\0\0\0\0\x58\
\x15\0\0\0\0\0\0\0\0\0\0\0\0\0\0\x08\0\0\0\0\0\0\0\0\0\0\0\0\0\0\0\x8a\0\0\0\
\x09\0\0\0\x40\0\0\0\0\0\0\0\0\0\0\0\0\0\0\0\x28\x4b\x02\0\0\0\0\0\x10\0\0\0\0\
\0\0\0\x0e\0\0\0\x03\0\0\0\x08\0\0\0\0\0\0\0\x10\0\0\0\0\0\0\0\x32\0\0\0\x01\0\
\0\0\x06\0\0\0\0\0\0\0\0\0\0\0\0\0\0\0\x98\x15\0\0\0\0\0\0\xe0\x08\0\0\0\0\0\0\
\0\0\0\0\0\0\0\0\x08\0\0\0\0\0\0\0\0\0\0\0\0\0\0\0\x2e\0\0\0\x09\0\0\0\x40\0\0\
\0\0\0\0\0\0\0\0\0\0\0\0\0\x38\x4b\x02\0\0\0\0\0\x10\0\0\0\0\0\0\0\x0e\0\0\0\
\x05\0\0\0\x08\0\0\0\0\0\0\0\x10\0\0\0\0\0\0\0\x68\0\0\0\x01\0\0\0\x02\0\0\0\0\
\0\0\0\0\0\0\0\0\0\0\0\x78\x1e\0\0\0\0\0\0\x0d\0\0\0\0\0\0\0\0\0\0\0\0\0\0\0\
\x01\0\0\0\0\0\0\0\0\0\0\0\0\0\0\0\x54\0\0\0\x01\0\0\0\x03\0\0\0\0\0\0\0\0\0\0\
\0\0\0\0\0\x88\x1e\0\0\0\0\0\0\x10\0\0\0\0\0\0\0\0\0\0\0\0\0\0\0\x08\0\0\0\0\0\
\0\0\0\0\0\0\0\0\0\0\xc7\0\0\0\x01\0\0\0\0\0\0\0\0\0\0\0\0\0\0\0\0\0\0\0\x98\
\x1e\0\0\0\0\0\0\xfd\x0f\x02\0\0\0\0\0\0\0\0\0\0\0\0\0\x04\0\0\0\0\0\0\0\0\0\0\
\0\0\0\0\0\xc3\0\0\0\x09\0\0\0\x40\0\0\0\0\0\0\0\0\0\0\0\0\0\0\0\x48\x4b\x02\0\
\0\0\0\0\x20\0\0\0\0\0\0\0\x0e\0\0\0\x09\0\0\0\x08\0\0\0\0\0\0\0\x10\0\0\0\0\0\
\0\0\x0b\0\0\0\x01\0\0\0\0\0\0\0\0\0\0\0\0\0\0\0\0\0\0\0\x98\x2e\x02\0\0\0\0\0\
\x1c\x1a\0\0\0\0\0\0\0\0\0\0\0\0\0\0\x04\0\0\0\0\0\0\0\0\0\0\0\0\0\0\0\x07\0\0\
\0\x09\0\0\0\x40\0\0\0\0\0\0\0\0\0\0\0\0\0\0\0\x68\x4b\x02\0\0\0\0\0\xd0\x19\0\
\0\0\0\0\0\x0e\0\0\0\x0b\0\0\0\x08\0\0\0\0\0\0\0\x10\0\0\0\0\0\0\0\x5a\0\0\0\
\x03\x4c\xff\x6f\0\0\0\x80\0\0\0\0\0\0\0\0\0\0\0\0\x38\x65\x02\0\0\0\0\0\x04\0\
\0\0\0\0\0\0\0\0\0\0\0\0\0\0\x01\0\0\0\0\0\0\0\0\0\0\0\0\0\0\0\xbb\0\0\0\x02\0\
\0\0\0\0\0\0\0\0\0\0\0\0\0\0\0\0\0\0\xb8\x48\x02\0\0\0\0\0\x70\x02\0\0\0\0\0\0\
\x01\0\0\0\x16\0\0\0\x08\0\0\0\0\0\0\0\x18\0\0\0\0\0\0\0";
}

#ifdef __cplusplus
struct process_bpf *process_bpf::open(const struct bpf_object_open_opts *opts) { return process_bpf__open_opts(opts); }
struct process_bpf *process_bpf::open_and_load() { return process_bpf__open_and_load(); }
int process_bpf::load(struct process_bpf *skel) { return process_bpf__load(skel); }
int process_bpf::attach(struct process_bpf *skel) { return process_bpf__attach(skel); }
void process_bpf::detach(struct process_bpf *skel) { process_bpf__detach(skel); }
void process_bpf::destroy(struct process_bpf *skel) { process_bpf__destroy(skel); }
const void *process_bpf::elf_bytes(size_t *sz) { return process_bpf__elf_bytes(sz); }
#endif /* __cplusplus */

__attribute__((unused)) static void
process_bpf__assert(struct process_bpf *s __attribute__((unused)))
{
#ifdef __cplusplus
#define _Static_assert static_assert
#endif
#ifdef __cplusplus
#undef _Static_assert
#endif
}

#endif /* __PROCESS_BPF_SKEL_H__ */
