/* SPDX-License-Identifier: (LGPL-2.1 OR BSD-2-Clause) */

/* THIS FILE IS AUTOGENERATED BY BPFTOOL! */
#ifndef __NETWORK_BPF_SKEL_H__
#define __NETWORK_BPF_SKEL_H__

#include <errno.h>
#include <stdlib.h>
#include <bpf/libbpf.h>

struct network_bpf {
	struct bpf_object_skeleton *skeleton;
	struct bpf_object *obj;
	struct {
		struct bpf_map *rb;
		struct bpf_map *cros_network_flow_map;
		struct bpf_map *cros_network_external_interfaces;
		struct bpf_map *process_map;
		struct bpf_map *active_socket_map;
		struct bpf_map *heap_cros_network_common_map;
		struct bpf_map *rodata;
	} maps;
	struct {
		struct bpf_program *cros_handle_inet_listen;
		struct bpf_program *cros_handle_ip_protocol_deliver_rcu_enter;
		struct bpf_program *cros_handle__ip_local_out_exit;
		struct bpf_program *cros_handle_ip6_finish_output2_enter;
		struct bpf_program *cros_handle_ip6_input_exit;
		struct bpf_program *cros_handle_inet_accept_exit;
		struct bpf_program *cros_handle_inet_stream_connect_exit;
		struct bpf_program *cros_handle_inet_release_enter;
		struct bpf_program *cros_handle_inet_sendmsg_exit;
		struct bpf_program *cros_handle_inet_recvmsg_exit;
	} progs;
	struct {
		struct bpf_link *cros_handle_inet_listen;
		struct bpf_link *cros_handle_ip_protocol_deliver_rcu_enter;
		struct bpf_link *cros_handle__ip_local_out_exit;
		struct bpf_link *cros_handle_ip6_finish_output2_enter;
		struct bpf_link *cros_handle_ip6_input_exit;
		struct bpf_link *cros_handle_inet_accept_exit;
		struct bpf_link *cros_handle_inet_stream_connect_exit;
		struct bpf_link *cros_handle_inet_release_enter;
		struct bpf_link *cros_handle_inet_sendmsg_exit;
		struct bpf_link *cros_handle_inet_recvmsg_exit;
	} links;

#ifdef __cplusplus
	static inline struct network_bpf *open(const struct bpf_object_open_opts *opts = nullptr);
	static inline struct network_bpf *open_and_load();
	static inline int load(struct network_bpf *skel);
	static inline int attach(struct network_bpf *skel);
	static inline void detach(struct network_bpf *skel);
	static inline void destroy(struct network_bpf *skel);
	static inline const void *elf_bytes(size_t *sz);
#endif /* __cplusplus */
};

static void
network_bpf__destroy(struct network_bpf *obj)
{
	if (!obj)
		return;
	if (obj->skeleton)
		bpf_object__destroy_skeleton(obj->skeleton);
	free(obj);
}

static inline int
network_bpf__create_skeleton(struct network_bpf *obj);

static inline struct network_bpf *
network_bpf__open_opts(const struct bpf_object_open_opts *opts)
{
	struct network_bpf *obj;
	int err;

	obj = (struct network_bpf *)calloc(1, sizeof(*obj));
	if (!obj) {
		errno = ENOMEM;
		return NULL;
	}

	err = network_bpf__create_skeleton(obj);
	if (err)
		goto err_out;

	err = bpf_object__open_skeleton(obj->skeleton, opts);
	if (err)
		goto err_out;

	return obj;
err_out:
	network_bpf__destroy(obj);
	errno = -err;
	return NULL;
}

static inline struct network_bpf *
network_bpf__open(void)
{
	return network_bpf__open_opts(NULL);
}

static inline int
network_bpf__load(struct network_bpf *obj)
{
	return bpf_object__load_skeleton(obj->skeleton);
}

static inline struct network_bpf *
network_bpf__open_and_load(void)
{
	struct network_bpf *obj;
	int err;

	obj = network_bpf__open();
	if (!obj)
		return NULL;
	err = network_bpf__load(obj);
	if (err) {
		network_bpf__destroy(obj);
		errno = -err;
		return NULL;
	}
	return obj;
}

static inline int
network_bpf__attach(struct network_bpf *obj)
{
	return bpf_object__attach_skeleton(obj->skeleton);
}

static inline void
network_bpf__detach(struct network_bpf *obj)
{
	bpf_object__detach_skeleton(obj->skeleton);
}

static inline const void *network_bpf__elf_bytes(size_t *sz);

static inline int
network_bpf__create_skeleton(struct network_bpf *obj)
{
	struct bpf_object_skeleton *s;
	int err;

	s = (struct bpf_object_skeleton *)calloc(1, sizeof(*s));
	if (!s)	{
		err = -ENOMEM;
		goto err;
	}

	s->sz = sizeof(*s);
	s->name = "network_bpf";
	s->obj = &obj->obj;

	/* maps */
	s->map_cnt = 7;
	s->map_skel_sz = sizeof(*s->maps);
	s->maps = (struct bpf_map_skeleton *)calloc(s->map_cnt, s->map_skel_sz);
	if (!s->maps) {
		err = -ENOMEM;
		goto err;
	}

	s->maps[0].name = "rb";
	s->maps[0].map = &obj->maps.rb;

	s->maps[1].name = "cros_network_flow_map";
	s->maps[1].map = &obj->maps.cros_network_flow_map;

	s->maps[2].name = "cros_network_external_interfaces";
	s->maps[2].map = &obj->maps.cros_network_external_interfaces;

	s->maps[3].name = "process_map";
	s->maps[3].map = &obj->maps.process_map;

	s->maps[4].name = "active_socket_map";
	s->maps[4].map = &obj->maps.active_socket_map;

	s->maps[5].name = "heap_cros_network_common_map";
	s->maps[5].map = &obj->maps.heap_cros_network_common_map;

	s->maps[6].name = "network_.rodata";
	s->maps[6].map = &obj->maps.rodata;

	/* programs */
	s->prog_cnt = 10;
	s->prog_skel_sz = sizeof(*s->progs);
	s->progs = (struct bpf_prog_skeleton *)calloc(s->prog_cnt, s->prog_skel_sz);
	if (!s->progs) {
		err = -ENOMEM;
		goto err;
	}

	s->progs[0].name = "cros_handle_inet_listen";
	s->progs[0].prog = &obj->progs.cros_handle_inet_listen;
	s->progs[0].link = &obj->links.cros_handle_inet_listen;

	s->progs[1].name = "cros_handle_ip_protocol_deliver_rcu_enter";
	s->progs[1].prog = &obj->progs.cros_handle_ip_protocol_deliver_rcu_enter;
	s->progs[1].link = &obj->links.cros_handle_ip_protocol_deliver_rcu_enter;

	s->progs[2].name = "cros_handle__ip_local_out_exit";
	s->progs[2].prog = &obj->progs.cros_handle__ip_local_out_exit;
	s->progs[2].link = &obj->links.cros_handle__ip_local_out_exit;

	s->progs[3].name = "cros_handle_ip6_finish_output2_enter";
	s->progs[3].prog = &obj->progs.cros_handle_ip6_finish_output2_enter;
	s->progs[3].link = &obj->links.cros_handle_ip6_finish_output2_enter;

	s->progs[4].name = "cros_handle_ip6_input_exit";
	s->progs[4].prog = &obj->progs.cros_handle_ip6_input_exit;
	s->progs[4].link = &obj->links.cros_handle_ip6_input_exit;

	s->progs[5].name = "cros_handle_inet_accept_exit";
	s->progs[5].prog = &obj->progs.cros_handle_inet_accept_exit;
	s->progs[5].link = &obj->links.cros_handle_inet_accept_exit;

	s->progs[6].name = "cros_handle_inet_stream_connect_exit";
	s->progs[6].prog = &obj->progs.cros_handle_inet_stream_connect_exit;
	s->progs[6].link = &obj->links.cros_handle_inet_stream_connect_exit;

	s->progs[7].name = "cros_handle_inet_release_enter";
	s->progs[7].prog = &obj->progs.cros_handle_inet_release_enter;
	s->progs[7].link = &obj->links.cros_handle_inet_release_enter;

	s->progs[8].name = "cros_handle_inet_sendmsg_exit";
	s->progs[8].prog = &obj->progs.cros_handle_inet_sendmsg_exit;
	s->progs[8].link = &obj->links.cros_handle_inet_sendmsg_exit;

	s->progs[9].name = "cros_handle_inet_recvmsg_exit";
	s->progs[9].prog = &obj->progs.cros_handle_inet_recvmsg_exit;
	s->progs[9].link = &obj->links.cros_handle_inet_recvmsg_exit;

	s->data = (void *)network_bpf__elf_bytes(&s->data_sz);

	obj->skeleton = s;
	return 0;
err:
	bpf_object__destroy_skeleton(s);
	return err;
}

static inline const void *network_bpf__elf_bytes(size_t *sz)
{
	*sz = 156848;
	return (const void *)"\
\x7f\x45\x4c\x46\x02\x01\x01\0\0\0\0\0\0\0\0\0\x01\0\xf7\0\x01\0\0\0\0\0\0\0\0\
\0\0\0\0\0\0\0\0\0\0\0\xb0\x5c\x02\0\0\0\0\0\0\0\0\0\x40\0\0\0\0\0\x40\0\x20\0\
\x01\0\x79\x12\x10\0\0\0\0\0\x67\x02\0\0\x20\0\0\0\x77\x02\0\0\x20\0\0\0\x55\
\x02\x3f\x01\0\0\0\0\x79\x17\0\0\0\0\0\0\x85\0\0\0\x23\0\0\0\xb7\x01\0\0\x4c\0\
\0\0\x0f\x10\0\0\0\0\0\0\xbf\xa1\0\0\0\0\0\0\x07\x01\0\0\x78\xff\xff\xff\xb7\
\x02\0\0\x04\0\0\0\xbf\x03\0\0\0\0\0\0\x85\0\0\0\x71\0\0\0\x61\xa1\x78\xff\0\0\
\0\0\x57\x01\0\0\0\0\x20\0\x55\x01\x33\x01\0\0\0\0\x18\x01\0\0\0\0\0\0\0\0\0\0\
\0\0\0\0\xb7\x02\0\0\xb0\x04\0\0\xb7\x03\0\0\0\0\0\0\x85\0\0\0\x83\0\0\0\x15\0\
\x2d\x01\0\0\0\0\x7b\x0a\x40\xfe\0\0\0\0\xbf\x06\0\0\0\0\0\0\xb7\x01\0\0\x18\0\
\0\0\xbf\x79\0\0\0\0\0\0\x0f\x19\0\0\0\0\0\0\xbf\xa1\0\0\0\0\0\0\x07\x01\0\0\
\x78\xff\xff\xff\xb7\x02\0\0\x08\0\0\0\xbf\x93\0\0\0\0\0\0\x85\0\0\0\x71\0\0\0\
\x79\xa1\x78\xff\0\0\0\0\x7b\x1a\x48\xfe\0\0\0\0\xb7\x01\0\0\x01\0\0\0\x63\x16\
\0\0\0\0\0\0\x63\x16\xa8\x04\0\0\0\0\x85\0\0\0\x23\0\0\0\x7b\x0a\x58\xfe\0\0\0\
\0\xbf\xa1\0\0\0\0\0\0\x07\x01\0\0\x78\xff\xff\xff\xb7\x02\0\0\x08\0\0\0\xbf\
\x93\0\0\0\0\0\0\x85\0\0\0\x71\0\0\0\xb7\x01\0\0\x04\0\0\0\x7b\x7a\x50\xfe\0\0\
\0\0\xbf\x73\0\0\0\0\0\0\x0f\x13\0\0\0\0\0\0\x79\xa9\x78\xff\0\0\0\0\xbf\xa1\0\
\0\0\0\0\0\x07\x01\0\0\x78\xff\xff\xff\xb7\x02\0\0\x02\0\0\0\x85\0\0\0\x71\0\0\
\0\xb7\x01\0\0\0\0\0\0\xbf\x93\0\0\0\0\0\0\x0f\x13\0\0\0\0\0\0\x69\xa8\x78\xff\
\0\0\0\0\xbf\xa7\0\0\0\0\0\0\x07\x07\0\0\x78\xff\xff\xff\xbf\x71\0\0\0\0\0\0\
\xb7\x02\0\0\x88\0\0\0\x85\0\0\0\x71\0\0\0\x69\x77\x10\0\0\0\0\0\x7b\x6a\x60\
\xfe\0\0\0\0\x63\x76\x0c\0\0\0\0\0\xb7\x01\0\0\x24\x02\0\0\x0f\x19\0\0\0\0\0\0\
\xbf\xa1\0\0\0\0\0\0\x07\x01\0\0\xf0\xfe\xff\xff\xb7\x02\0\0\x02\0\0\0\xbf\x93\
\0\0\0\0\0\0\x85\0\0\0\x71\0\0\0\x67\x08\0\0\x30\0\0\0\xc7\x08\0\0\x30\0\0\0\
\x69\xa1\xf0\xfe\0\0\0\0\x65\x01\x04\0\x05\0\0\0\x15\x01\x0e\0\0\0\0\0\xb7\x02\
\0\0\x01\0\0\0\x15\x01\x17\0\x01\0\0\0\x05\0\x02\0\0\0\0\0\x15\x01\x08\0\x06\0\
\0\0\x15\x01\x11\0\x11\0\0\0\xb7\x01\0\0\x3a\0\0\0\x15\x08\x01\0\x3a\0\0\0\xb7\
\x01\0\0\xfc\0\0\0\xb7\x02\0\0\xfb\0\0\0\x15\x08\x0f\0\x03\0\0\0\xbf\x12\0\0\0\
\0\0\0\x05\0\x0d\0\0\0\0\0\xb7\x02\0\0\x06\0\0\0\x05\0\x0b\0\0\0\0\0\x15\x07\
\x01\0\x0a\0\0\0\x55\x07\x08\0\x02\0\0\0\xb7\x02\0\0\x06\0\0\0\x15\x08\x07\0\
\x01\0\0\0\x67\x08\0\0\x20\0\0\0\x77\x08\0\0\x20\0\0\0\x15\x08\xe3\0\x03\0\0\0\
\x55\x08\x02\0\x02\0\0\0\xb7\x02\0\0\x11\0\0\0\x05\0\x01\0\0\0\0\0\xb7\x02\0\0\
\xfc\0\0\0\x79\xa1\x60\xfe\0\0\0\0\x63\x21\x10\0\0\0\0\0\xb7\x01\0\0\x10\x06\0\
\0\x79\xa3\x58\xfe\0\0\0\0\x0f\x13\0\0\0\0\0\0\xbf\xa1\0\0\0\0\0\0\x07\x01\0\0\
\x68\xfe\xff\xff\xb7\x02\0\0\x08\0\0\0\x85\0\0\0\x71\0\0\0\xb7\x01\0\0\x40\x06\
\0\0\x79\xa3\x68\xfe\0\0\0\0\x0f\x13\0\0\0\0\0\0\xbf\xa1\0\0\0\0\0\0\x07\x01\0\
\0\xf0\xfe\xff\xff\xb7\x02\0\0\x08\0\0\0\x85\0\0\0\x71\0\0\0\xb7\x06\0\0\x40\0\
\0\0\x79\xa8\xf0\xfe\0\0\0\0\x05\0\x06\0\0\0\0\0\x07\x06\0\0\xff\xff\xff\xff\
\xbf\x61\0\0\0\0\0\0\x67\x01\0\0\x20\0\0\0\x77\x01\0\0\x20\0\0\0\xbf\x98\0\0\0\
\0\0\0\x15\x01\x20\0\0\0\0\0\xbf\x83\0\0\0\0\0\0\xb7\x01\0\0\x10\x06\0\0\x0f\
\x13\0\0\0\0\0\0\xbf\xa1\0\0\0\0\0\0\x07\x01\0\0\x68\xfe\xff\xff\xb7\x02\0\0\
\x08\0\0\0\x85\0\0\0\x71\0\0\0\x79\xa3\x68\xfe\0\0\0\0\xb7\x01\0\0\x40\x06\0\0\
\x0f\x13\0\0\0\0\0\0\xbf\xa1\0\0\0\0\0\0\x07\x01\0\0\xf0\xfe\xff\xff\xb7\x02\0\
\0\x08\0\0\0\x85\0\0\0\x71\0\0\0\x79\xa9\xf0\xfe\0\0\0\0\x15\x09\x10\0\0\0\0\0\
\xbf\x83\0\0\0\0\0\0\xb7\x07\0\0\xa0\x08\0\0\x0f\x73\0\0\0\0\0\0\xbf\xa1\0\0\0\
\0\0\0\x07\x01\0\0\xf0\xfe\xff\xff\xb7\x02\0\0\x08\0\0\0\x85\0\0\0\x71\0\0\0\
\xbf\x93\0\0\0\0\0\0\x0f\x73\0\0\0\0\0\0\x79\xa7\xf0\xfe\0\0\0\0\xbf\xa1\0\0\0\
\0\0\0\x07\x01\0\0\xf0\xfe\xff\xff\xb7\x02\0\0\x08\0\0\0\x85\0\0\0\x71\0\0\0\
\x79\xa1\xf0\xfe\0\0\0\0\x1d\x17\xda\xff\0\0\0\0\xb7\x09\0\0\x04\x06\0\0\xbf\
\x83\0\0\0\0\0\0\x0f\x93\0\0\0\0\0\0\xbf\xa1\0\0\0\0\0\0\x07\x01\0\0\xf0\xfe\
\xff\xff\xb7\x02\0\0\x04\0\0\0\x85\0\0\0\x71\0\0\0\x61\xa1\xf0\xfe\0\0\0\0\x79\
\xa4\x60\xfe\0\0\0\0\x63\x14\x1c\0\0\0\0\0\xb7\x07\0\0\x38\x07\0\0\x0f\x78\0\0\
\0\0\0\0\xbf\xa1\0\0\0\0\0\0\x07\x01\0\0\xf0\xfe\xff\xff\xb7\x02\0\0\x08\0\0\0\
\xbf\x83\0\0\0\0\0\0\xbf\x48\0\0\0\0\0\0\x85\0\0\0\x71\0\0\0\x79\xa1\xf0\xfe\0\
\0\0\0\x7b\x18\x28\0\0\0\0\0\xb7\x01\0\0\x40\x06\0\0\x79\xa6\x58\xfe\0\0\0\0\
\xbf\x63\0\0\0\0\0\0\x0f\x13\0\0\0\0\0\0\xbf\xa1\0\0\0\0\0\0\x07\x01\0\0\x68\
\xfe\xff\xff\xb7\x02\0\0\x08\0\0\0\x85\0\0\0\x71\0\0\0\x79\xa3\x68\xfe\0\0\0\0\
\x0f\x73\0\0\0\0\0\0\xbf\xa1\0\0\0\0\0\0\x07\x01\0\0\xf0\xfe\xff\xff\xb7\x02\0\
\0\x08\0\0\0\x85\0\0\0\x71\0\0\0\x79\xa1\xf0\xfe\0\0\0\0\x7b\x18\x20\0\0\0\0\0\
\xbf\x63\0\0\0\0\0\0\x0f\x93\0\0\0\0\0\0\xbf\xa1\0\0\0\0\0\0\x07\x01\0\0\xf0\
\xfe\xff\xff\xb7\x02\0\0\x04\0\0\0\x85\0\0\0\x71\0\0\0\x61\xa1\xf0\xfe\0\0\0\0\
\x63\x18\x18\0\0\0\0\0\xb7\x01\0\0\xa8\x07\0\0\xbf\x69\0\0\0\0\0\0\x0f\x19\0\0\
\0\0\0\0\xbf\xa1\0\0\0\0\0\0\x07\x01\0\0\xf0\xfe\xff\xff\xb7\x02\0\0\x08\0\0\0\
\xbf\x93\0\0\0\0\0\0\x85\0\0\0\x71\0\0\0\xb7\x01\0\0\x14\0\0\0\x79\xa3\xf0\xfe\
\0\0\0\0\x0f\x13\0\0\0\0\0\0\xbf\xa1\0\0\0\0\0\0\x07\x01\0\0\x68\xfe\xff\xff\
\xb7\x02\0\0\x04\0\0\0\x85\0\0\0\x71\0\0\0\x61\xa1\x68\xfe\0\0\0\0\x63\x18\x34\
\x02\0\0\0\0\xbf\xa1\0\0\0\0\0\0\x07\x01\0\0\xf0\xfe\xff\xff\xb7\x02\0\0\x08\0\
\0\0\xbf\x93\0\0\0\0\0\0\x85\0\0\0\x71\0\0\0\xb7\x01\0\0\x18\0\0\0\x79\xa3\xf0\
\xfe\0\0\0\0\x0f\x13\0\0\0\0\0\0\xbf\xa1\0\0\0\0\0\0\x07\x01\0\0\x68\xfe\xff\
\xff\xb7\x02\0\0\x04\0\0\0\x85\0\0\0\x71\0\0\0\x61\xa1\x68\xfe\0\0\0\0\x63\x18\
\x38\x02\0\0\0\0\xb7\x01\0\0\x48\x05\0\0\x0f\x16\0\0\0\0\0\0\xbf\xa1\0\0\0\0\0\
\0\x07\x01\0\0\x68\xfe\xff\xff\xb7\x02\0\0\x08\0\0\0\xbf\x63\0\0\0\0\0\0\x85\0\
\0\0\x71\0\0\0\xb7\x01\0\0\x28\x01\0\0\x79\xa3\x68\xfe\0\0\0\0\x0f\x13\0\0\0\0\
\0\0\xbf\xa1\0\0\0\0\0\0\x07\x01\0\0\xf0\xfe\xff\xff\xb7\x02\0\0\x08\0\0\0\x85\
\0\0\0\x71\0\0\0\x79\xa9\xf0\xfe\0\0\0\0\xbf\xa1\0\0\0\0\0\0\x07\x01\0\0\x68\
\xfe\xff\xff\xb7\x02\0\0\x08\0\0\0\xbf\x63\0\0\0\0\0\0\x85\0\0\0\x71\0\0\0\xb7\
\x01\0\0\x30\x01\0\0\x79\xa3\x68\xfe\0\0\0\0\x0f\x13\0\0\0\0\0\0\xbf\xa1\0\0\0\
\0\0\0\x07\x01\0\0\xf0\xfe\xff\xff\xb7\x02\0\0\x08\0\0\0\x85\0\0\0\x71\0\0\0\
\x79\xa2\xf0\xfe\0\0\0\0\x1f\x92\0\0\0\0\0\0\xb7\x01\0\0\0\x02\0\0\x2d\x21\x01\
\0\0\0\0\0\xb7\x02\0\0\0\x02\0\0\x63\x28\x30\x02\0\0\0\0\x79\xa1\x40\xfe\0\0\0\
\0\x07\x01\0\0\x30\0\0\0\xbf\x93\0\0\0\0\0\0\x85\0\0\0\x70\0\0\0\x61\x81\x30\
\x02\0\0\0\0\x79\xa3\x50\xfe\0\0\0\0\x55\x01\x02\0\0\x02\0\0\xb7\x01\0\0\0\0\0\
\0\x73\x18\x2f\x02\0\0\0\0\xb7\x01\0\0\x04\0\0\0\x0f\x13\0\0\0\0\0\0\xbf\xa1\0\
\0\0\0\0\0\x07\x01\0\0\x78\xff\xff\xff\xb7\x02\0\0\x02\0\0\0\x85\0\0\0\x71\0\0\
\0\x69\xa1\x78\xff\0\0\0\0\x73\x18\x40\x02\0\0\0\0\xb7\x01\0\0\0\0\0\0\x79\xa6\
\x48\xfe\0\0\0\0\x0f\x16\0\0\0\0\0\0\xbf\xa7\0\0\0\0\0\0\x07\x07\0\0\x78\xff\
\xff\xff\xbf\x71\0\0\0\0\0\0\xb7\x02\0\0\x88\0\0\0\xbf\x63\0\0\0\0\0\0\x85\0\0\
\0\x71\0\0\0\x69\x71\x0e\0\0\0\0\0\x63\x18\x44\x02\0\0\0\0\xbf\xa7\0\0\0\0\0\0\
\x07\x07\0\0\xf0\xfe\xff\xff\xbf\x71\0\0\0\0\0\0\xb7\x02\0\0\x88\0\0\0\xbf\x63\
\0\0\0\0\0\0\x85\0\0\0\x71\0\0\0\x61\x71\x04\0\0\0\0\0\x63\x18\x48\x02\0\0\0\0\
\xbf\xa7\0\0\0\0\0\0\x07\x07\0\0\x68\xfe\xff\xff\xbf\x71\0\0\0\0\0\0\xb7\x02\0\
\0\x88\0\0\0\xbf\x63\0\0\0\0\0\0\x85\0\0\0\x71\0\0\0\xb7\x01\0\0\x48\0\0\0\xbf\
\x72\0\0\0\0\0\0\x0f\x12\0\0\0\0\0\0\x61\x21\x0c\0\0\0\0\0\x61\x23\x08\0\0\0\0\
\0\x61\x22\x04\0\0\0\0\0\x61\x74\x48\0\0\0\0\0\x63\x48\x4c\x02\0\0\0\0\x63\x28\
\x50\x02\0\0\0\0\x63\x38\x54\x02\0\0\0\0\x63\x18\x58\x02\0\0\0\0\xbf\x81\0\0\0\
\0\0\0\xb7\x02\0\0\0\0\0\0\x85\0\0\0\x84\0\0\0\xb7\0\0\0\0\0\0\0\x95\0\0\0\0\0\
\0\0\xb7\x02\0\0\xfb\0\0\0\x05\0\x1f\xff\0\0\0\0\xb7\x02\0\0\x10\0\0\0\x79\x16\
\x08\0\0\0\0\0\xbf\x67\0\0\0\0\0\0\x0f\x27\0\0\0\0\0\0\xbf\xa1\0\0\0\0\0\0\x07\
\x01\0\0\xb0\xff\xff\xff\xb7\x02\0\0\x08\0\0\0\xbf\x73\0\0\0\0\0\0\x85\0\0\0\
\x71\0\0\0\x79\xa1\xb0\xff\0\0\0\0\x55\x01\x0f\0\0\0\0\0\xb7\x01\0\0\x58\0\0\0\
\xbf\x63\0\0\0\0\0\0\x0f\x13\0\0\0\0\0\0\xbf\xa1\0\0\0\0\0\0\x07\x01\0\0\xb0\
\xff\xff\xff\xb7\x02\0\0\x08\0\0\0\x85\0\0\0\x71\0\0\0\xb7\x01\0\0\0\0\0\0\x79\
\xa3\xb0\xff\0\0\0\0\x57\x03\0\0\xfe\xff\xff\xff\x0f\x13\0\0\0\0\0\0\xbf\xa1\0\
\0\0\0\0\0\x07\x01\0\0\xb0\xff\xff\xff\xb7\x02\0\0\x08\0\0\0\x85\0\0\0\x71\0\0\
\0\xbf\xa1\0\0\0\0\0\0\x07\x01\0\0\xb0\xff\xff\xff\xb7\x02\0\0\x08\0\0\0\xbf\
\x73\0\0\0\0\0\0\x85\0\0\0\x71\0\0\0\x79\xa3\xb0\xff\0\0\0\0\x55\x03\x16\0\0\0\
\0\0\xb7\x01\0\0\x58\0\0\0\xbf\x63\0\0\0\0\0\0\x0f\x13\0\0\0\0\0\0\xbf\xa1\0\0\
\0\0\0\0\x07\x01\0\0\xb0\xff\xff\xff\xb7\x02\0\0\x08\0\0\0\x85\0\0\0\x71\0\0\0\
\xb7\x01\0\0\0\0\0\0\x79\xa3\xb0\xff\0\0\0\0\x57\x03\0\0\xfe\xff\xff\xff\x0f\
\x13\0\0\0\0\0\0\xbf\xa1\0\0\0\0\0\0\x07\x01\0\0\xb0\xff\xff\xff\xb7\x02\0\0\
\x08\0\0\0\x85\0\0\0\x71\0\0\0\x79\xa3\xb0\xff\0\0\0\0\x55\x03\x05\0\0\0\0\0\
\x18\x01\0\0\0\0\0\0\0\0\0\0\0\0\0\0\xb7\x02\0\0\x50\0\0\0\x85\0\0\0\x06\0\0\0\
\x05\0\x1b\0\0\0\0\0\xb7\x01\0\0\xd0\0\0\0\x0f\x13\0\0\0\0\0\0\xbf\xa1\0\0\0\0\
\0\0\x07\x01\0\0\xf0\xff\xff\xff\xb7\x02\0\0\x04\0\0\0\x85\0\0\0\x71\0\0\0\x61\
\xa3\xf0\xff\0\0\0\0\x67\x03\0\0\x20\0\0\0\xc7\x03\0\0\x20\0\0\0\x7b\x3a\xb0\
\xff\0\0\0\0\x65\x03\x07\0\xff\xff\xff\xff\x18\x01\0\0\x50\0\0\0\0\0\0\0\0\0\0\
\0\xb7\x02\0\0\x42\0\0\0\x85\0\0\0\x06\0\0\0\x18\0\0\0\xff\xff\xff\xff\0\0\0\0\
\0\0\0\0\x05\0\xe3\0\0\0\0\0\xbf\xa2\0\0\0\0\0\0\x07\x02\0\0\xb0\xff\xff\xff\
\x18\x01\0\0\0\0\0\0\0\0\0\0\0\0\0\0\x85\0\0\0\x01\0\0\0\xbf\x01\0\0\0\0\0\0\
\x18\0\0\0\xff\xff\xff\xff\0\0\0\0\0\0\0\0\x15\x01\xda\0\0\0\0\0\xb7\x01\0\0\
\x18\0\0\0\xbf\x68\0\0\0\0\0\0\x0f\x18\0\0\0\0\0\0\xbf\xa1\0\0\0\0\0\0\x07\x01\
\0\0\xb0\xff\xff\xff\xb7\x02\0\0\x08\0\0\0\xbf\x83\0\0\0\0\0\0\x85\0\0\0\x71\0\
\0\0\x79\xa7\xb0\xff\0\0\0\0\xbf\xa1\0\0\0\0\0\0\x07\x01\0\0\xf0\xff\xff\xff\
\xb7\x02\0\0\x08\0\0\0\xbf\x83\0\0\0\0\0\0\x85\0\0\0\x71\0\0\0\xb7\x08\0\0\x98\
\x02\0\0\x79\xa3\xf0\xff\0\0\0\0\x0f\x83\0\0\0\0\0\0\xbf\xa1\0\0\0\0\0\0\x07\
\x01\0\0\xb0\xff\xff\xff\xb7\x02\0\0\x08\0\0\0\x85\0\0\0\x71\0\0\0\x18\0\0\0\
\xff\xff\xff\xff\0\0\0\0\0\0\0\0\x79\xa1\xb0\xff\0\0\0\0\x15\x01\xc1\0\0\0\0\0\
\x7b\x1a\xb0\xff\0\0\0\0\xbf\xa2\0\0\0\0\0\0\x07\x02\0\0\xb0\xff\xff\xff\x18\
\x01\0\0\0\0\0\0\0\0\0\0\0\0\0\0\xbf\x23\0\0\0\0\0\0\xb7\x04\0\0\x01\0\0\0\x85\
\0\0\0\x02\0\0\0\xb7\x01\0\0\0\0\0\0\x7b\x1a\xe0\xff\0\0\0\0\x7b\x1a\xd8\xff\0\
\0\0\0\x7b\x1a\xd0\xff\0\0\0\0\x7b\x1a\xc8\xff\0\0\0\0\x7b\x1a\xc0\xff\0\0\0\0\
\x7b\x1a\xb8\xff\0\0\0\0\x7b\x1a\xb0\xff\0\0\0\0\x0f\x87\0\0\0\0\0\0\xbf\xa1\0\
\0\0\0\0\0\x07\x01\0\0\xf0\xff\xff\xff\xb7\x02\0\0\x08\0\0\0\xbf\x73\0\0\0\0\0\
\0\x85\0\0\0\x71\0\0\0\x79\xa1\xf0\xff\0\0\0\0\x7b\x1a\xe8\xff\0\0\0\0\xb7\x01\
\0\0\xc0\0\0\0\xbf\x63\0\0\0\0\0\0\x0f\x13\0\0\0\0\0\0\xbf\xa1\0\0\0\0\0\0\x07\
\x01\0\0\xf0\xff\xff\xff\xb7\x02\0\0\x08\0\0\0\x85\0\0\0\x71\0\0\0\xb7\x01\0\0\
\xb4\0\0\0\xbf\x63\0\0\0\0\0\0\x0f\x13\0\0\0\0\0\0\x79\xa7\xf0\xff\0\0\0\0\xbf\
\xa1\0\0\0\0\0\0\x07\x01\0\0\xf0\xff\xff\xff\xb7\x08\0\0\x02\0\0\0\xb7\x02\0\0\
\x02\0\0\0\x85\0\0\0\x71\0\0\0\x69\xa1\xf0\xff\0\0\0\0\x0f\x17\0\0\0\0\0\0\xb7\
\x01\0\0\x09\0\0\0\xbf\x73\0\0\0\0\0\0\x0f\x13\0\0\0\0\0\0\xbf\xa1\0\0\0\0\0\0\
\x07\x01\0\0\xf0\xff\xff\xff\xb7\x02\0\0\x01\0\0\0\x85\0\0\0\x71\0\0\0\x63\x8a\
\xb0\xff\0\0\0\0\xb7\x01\0\0\x0c\0\0\0\xbf\x73\0\0\0\0\0\0\x0f\x13\0\0\0\0\0\0\
\x71\xa9\xf0\xff\0\0\0\0\xbf\xa1\0\0\0\0\0\0\x07\x01\0\0\xb8\xff\xff\xff\xb7\
\x02\0\0\x04\0\0\0\x85\0\0\0\x71\0\0\0\xb7\x01\0\0\x10\0\0\0\xbf\x73\0\0\0\0\0\
\0\x0f\x13\0\0\0\0\0\0\xbf\xa1\0\0\0\0\0\0\x07\x01\0\0\xf0\xff\xff\xff\xb7\x02\
\0\0\x04\0\0\0\x85\0\0\0\x71\0\0\0\x61\xa1\xf0\xff\0\0\0\0\x63\x1a\xd0\xff\0\0\
\0\0\xb7\x01\0\0\x02\0\0\0\x0f\x17\0\0\0\0\0\0\xbf\xa1\0\0\0\0\0\0\x07\x01\0\0\
\xf0\xff\xff\xff\xb7\x02\0\0\x02\0\0\0\xbf\x73\0\0\0\0\0\0\x85\0\0\0\x71\0\0\0\
\x69\xa8\xf0\xff\0\0\0\0\x65\x09\x2b\0\x10\0\0\0\x15\x09\x2f\0\x01\0\0\0\x15\
\x09\x01\0\x06\0\0\0\x05\0\x57\0\0\0\0\0\xb7\x01\0\0\x06\0\0\0\x63\x1a\xb4\xff\
\0\0\0\0\xb7\x01\0\0\xc0\0\0\0\xbf\x63\0\0\0\0\0\0\x0f\x13\0\0\0\0\0\0\xbf\xa1\
\0\0\0\0\0\0\x07\x01\0\0\xf0\xff\xff\xff\xb7\x02\0\0\x08\0\0\0\x85\0\0\0\x71\0\
\0\0\xb7\x01\0\0\xb2\0\0\0\x0f\x16\0\0\0\0\0\0\x79\xa7\xf0\xff\0\0\0\0\xbf\xa1\
\0\0\0\0\0\0\x07\x01\0\0\xf0\xff\xff\xff\xb7\x02\0\0\x02\0\0\0\xbf\x63\0\0\0\0\
\0\0\x85\0\0\0\x71\0\0\0\x69\xa1\xf0\xff\0\0\0\0\x0f\x17\0\0\0\0\0\0\xb7\x01\0\
\0\0\0\0\0\xbf\x73\0\0\0\0\0\0\x0f\x13\0\0\0\0\0\0\xbf\xa1\0\0\0\0\0\0\x07\x01\
\0\0\xf0\xff\xff\xff\xb7\x02\0\0\x02\0\0\0\x85\0\0\0\x71\0\0\0\x69\xa1\xf0\xff\
\0\0\0\0\xdc\x01\0\0\x10\0\0\0\x6b\x1a\xc8\xff\0\0\0\0\xb7\x01\0\0\x02\0\0\0\
\x0f\x17\0\0\0\0\0\0\xbf\xa1\0\0\0\0\0\0\x07\x01\0\0\xf0\xff\xff\xff\xb7\x02\0\
\0\x02\0\0\0\xbf\x73\0\0\0\0\0\0\x85\0\0\0\x71\0\0\0\x69\xa1\xf0\xff\0\0\0\0\
\xdc\x01\0\0\x10\0\0\0\x6b\x1a\xe0\xff\0\0\0\0\x05\0\x31\0\0\0\0\0\x15\x09\x06\
\0\x11\0\0\0\x15\x09\x01\0\xff\0\0\0\x05\0\x2c\0\0\0\0\0\xb7\x01\0\0\xfb\0\0\0\
\x05\0\x2b\0\0\0\0\0\xb7\x01\0\0\x01\0\0\0\x05\0\x29\0\0\0\0\0\xb7\x01\0\0\x11\
\0\0\0\x63\x1a\xb4\xff\0\0\0\0\xb7\x01\0\0\xc0\0\0\0\xbf\x63\0\0\0\0\0\0\x0f\
\x13\0\0\0\0\0\0\xbf\xa1\0\0\0\0\0\0\x07\x01\0\0\xf0\xff\xff\xff\xb7\x02\0\0\
\x08\0\0\0\x85\0\0\0\x71\0\0\0\xb7\x01\0\0\xb2\0\0\0\x0f\x16\0\0\0\0\0\0\x79\
\xa7\xf0\xff\0\0\0\0\xbf\xa1\0\0\0\0\0\0\x07\x01\0\0\xf0\xff\xff\xff\xb7\x02\0\
\0\x02\0\0\0\xbf\x63\0\0\0\0\0\0\x85\0\0\0\x71\0\0\0\x69\xa1\xf0\xff\0\0\0\0\
\x0f\x17\0\0\0\0\0\0\xb7\x01\0\0\x02\0\0\0\xbf\x73\0\0\0\0\0\0\x0f\x13\0\0\0\0\
\0\0\xbf\xa1\0\0\0\0\0\0\x07\x01\0\0\xf0\xff\xff\xff\xb7\x02\0\0\x02\0\0\0\x85\
\0\0\0\x71\0\0\0\x69\xa1\xf0\xff\0\0\0\0\xdc\x01\0\0\x10\0\0\0\x6b\x1a\xe0\xff\
\0\0\0\0\xb7\x01\0\0\0\0\0\0\x0f\x17\0\0\0\0\0\0\xbf\xa1\0\0\0\0\0\0\x07\x01\0\
\0\xf0\xff\xff\xff\xb7\x02\0\0\x02\0\0\0\xbf\x73\0\0\0\0\0\0\x85\0\0\0\x71\0\0\
\0\x69\xa1\xf0\xff\0\0\0\0\xdc\x01\0\0\x10\0\0\0\x6b\x1a\xc8\xff\0\0\0\0\x05\0\
\x02\0\0\0\0\0\xb7\x01\0\0\xfc\0\0\0\x63\x1a\xb4\xff\0\0\0\0\xbf\xa2\0\0\0\0\0\
\0\x07\x02\0\0\xb0\xff\xff\xff\x18\x01\0\0\0\0\0\0\0\0\0\0\0\0\0\0\x85\0\0\0\
\x01\0\0\0\xdc\x08\0\0\x10\0\0\0\x15\0\x04\0\0\0\0\0\x61\x01\x08\0\0\0\0\0\x0f\
\x81\0\0\0\0\0\0\x63\x10\x08\0\0\0\0\0\x05\0\x0d\0\0\0\0\0\xb7\x01\0\0\0\0\0\0\
\x7b\x1a\xf8\xff\0\0\0\0\xb7\x01\0\0\x02\0\0\0\x7b\x1a\xf0\xff\0\0\0\0\x63\x8a\
\xf8\xff\0\0\0\0\xbf\xa2\0\0\0\0\0\0\x07\x02\0\0\xb0\xff\xff\xff\xbf\xa3\0\0\0\
\0\0\0\x07\x03\0\0\xf0\xff\xff\xff\x18\x01\0\0\0\0\0\0\0\0\0\0\0\0\0\0\xb7\x04\
\0\0\x01\0\0\0\x85\0\0\0\x02\0\0\0\xb7\0\0\0\0\0\0\0\x95\0\0\0\0\0\0\0\xb7\x02\
\0\0\x10\0\0\0\x79\x16\x10\0\0\0\0\0\xbf\x67\0\0\0\0\0\0\x0f\x27\0\0\0\0\0\0\
\xbf\xa1\0\0\0\0\0\0\x07\x01\0\0\xb0\xff\xff\xff\xb7\x02\0\0\x08\0\0\0\xbf\x73\
\0\0\0\0\0\0\x85\0\0\0\x71\0\0\0\x79\xa1\xb0\xff\0\0\0\0\x55\x01\x0f\0\0\0\0\0\
\xb7\x01\0\0\x58\0\0\0\xbf\x63\0\0\0\0\0\0\x0f\x13\0\0\0\0\0\0\xbf\xa1\0\0\0\0\
\0\0\x07\x01\0\0\xb0\xff\xff\xff\xb7\x02\0\0\x08\0\0\0\x85\0\0\0\x71\0\0\0\xb7\
\x01\0\0\0\0\0\0\x79\xa3\xb0\xff\0\0\0\0\x57\x03\0\0\xfe\xff\xff\xff\x0f\x13\0\
\0\0\0\0\0\xbf\xa1\0\0\0\0\0\0\x07\x01\0\0\xb0\xff\xff\xff\xb7\x02\0\0\x08\0\0\
\0\x85\0\0\0\x71\0\0\0\xbf\xa1\0\0\0\0\0\0\x07\x01\0\0\xb0\xff\xff\xff\xb7\x02\
\0\0\x08\0\0\0\xbf\x73\0\0\0\0\0\0\x85\0\0\0\x71\0\0\0\x79\xa3\xb0\xff\0\0\0\0\
\x55\x03\x16\0\0\0\0\0\xb7\x01\0\0\x58\0\0\0\xbf\x63\0\0\0\0\0\0\x0f\x13\0\0\0\
\0\0\0\xbf\xa1\0\0\0\0\0\0\x07\x01\0\0\xb0\xff\xff\xff\xb7\x02\0\0\x08\0\0\0\
\x85\0\0\0\x71\0\0\0\xb7\x01\0\0\0\0\0\0\x79\xa3\xb0\xff\0\0\0\0\x57\x03\0\0\
\xfe\xff\xff\xff\x0f\x13\0\0\0\0\0\0\xbf\xa1\0\0\0\0\0\0\x07\x01\0\0\xb0\xff\
\xff\xff\xb7\x02\0\0\x08\0\0\0\x85\0\0\0\x71\0\0\0\x79\xa3\xb0\xff\0\0\0\0\x55\
\x03\x05\0\0\0\0\0\x18\x01\0\0\0\0\0\0\0\0\0\0\0\0\0\0\xb7\x02\0\0\x50\0\0\0\
\x85\0\0\0\x06\0\0\0\x05\0\x1b\0\0\0\0\0\xb7\x01\0\0\xd0\0\0\0\x0f\x13\0\0\0\0\
\0\0\xbf\xa1\0\0\0\0\0\0\x07\x01\0\0\xf0\xff\xff\xff\xb7\x02\0\0\x04\0\0\0\x85\
\0\0\0\x71\0\0\0\x61\xa3\xf0\xff\0\0\0\0\x67\x03\0\0\x20\0\0\0\xc7\x03\0\0\x20\
\0\0\0\x7b\x3a\xb0\xff\0\0\0\0\x65\x03\x07\0\xff\xff\xff\xff\x18\x01\0\0\x50\0\
\0\0\0\0\0\0\0\0\0\0\xb7\x02\0\0\x42\0\0\0\x85\0\0\0\x06\0\0\0\x18\0\0\0\xff\
\xff\xff\xff\0\0\0\0\0\0\0\0\x05\0\xe3\0\0\0\0\0\xbf\xa2\0\0\0\0\0\0\x07\x02\0\
\0\xb0\xff\xff\xff\x18\x01\0\0\0\0\0\0\0\0\0\0\0\0\0\0\x85\0\0\0\x01\0\0\0\xbf\
\x01\0\0\0\0\0\0\x18\0\0\0\xff\xff\xff\xff\0\0\0\0\0\0\0\0\x15\x01\xda\0\0\0\0\
\0\xb7\x01\0\0\x18\0\0\0\xbf\x68\0\0\0\0\0\0\x0f\x18\0\0\0\0\0\0\xbf\xa1\0\0\0\
\0\0\0\x07\x01\0\0\xb0\xff\xff\xff\xb7\x02\0\0\x08\0\0\0\xbf\x83\0\0\0\0\0\0\
\x85\0\0\0\x71\0\0\0\x79\xa7\xb0\xff\0\0\0\0\xbf\xa1\0\0\0\0\0\0\x07\x01\0\0\
\xf0\xff\xff\xff\xb7\x02\0\0\x08\0\0\0\xbf\x83\0\0\0\0\0\0\x85\0\0\0\x71\0\0\0\
\xb7\x08\0\0\x98\x02\0\0\x79\xa3\xf0\xff\0\0\0\0\x0f\x83\0\0\0\0\0\0\xbf\xa1\0\
\0\0\0\0\0\x07\x01\0\0\xb0\xff\xff\xff\xb7\x02\0\0\x08\0\0\0\x85\0\0\0\x71\0\0\
\0\x18\0\0\0\xff\xff\xff\xff\0\0\0\0\0\0\0\0\x79\xa1\xb0\xff\0\0\0\0\x15\x01\
\xc1\0\0\0\0\0\x7b\x1a\xb0\xff\0\0\0\0\xbf\xa2\0\0\0\0\0\0\x07\x02\0\0\xb0\xff\
\xff\xff\x18\x01\0\0\0\0\0\0\0\0\0\0\0\0\0\0\xbf\x23\0\0\0\0\0\0\xb7\x04\0\0\
\x01\0\0\0\x85\0\0\0\x02\0\0\0\xb7\x01\0\0\0\0\0\0\x7b\x1a\xe0\xff\0\0\0\0\x7b\
\x1a\xd8\xff\0\0\0\0\x7b\x1a\xd0\xff\0\0\0\0\x7b\x1a\xc8\xff\0\0\0\0\x7b\x1a\
\xc0\xff\0\0\0\0\x7b\x1a\xb8\xff\0\0\0\0\x7b\x1a\xb0\xff\0\0\0\0\x0f\x87\0\0\0\
\0\0\0\xbf\xa1\0\0\0\0\0\0\x07\x01\0\0\xf0\xff\xff\xff\xb7\x02\0\0\x08\0\0\0\
\xbf\x73\0\0\0\0\0\0\x85\0\0\0\x71\0\0\0\x79\xa1\xf0\xff\0\0\0\0\x7b\x1a\xe8\
\xff\0\0\0\0\xb7\x01\0\0\xc0\0\0\0\xbf\x63\0\0\0\0\0\0\x0f\x13\0\0\0\0\0\0\xbf\
\xa1\0\0\0\0\0\0\x07\x01\0\0\xf0\xff\xff\xff\xb7\x02\0\0\x08\0\0\0\x85\0\0\0\
\x71\0\0\0\xb7\x01\0\0\xb4\0\0\0\xbf\x63\0\0\0\0\0\0\x0f\x13\0\0\0\0\0\0\x79\
\xa7\xf0\xff\0\0\0\0\xbf\xa1\0\0\0\0\0\0\x07\x01\0\0\xf0\xff\xff\xff\xb7\x08\0\
\0\x02\0\0\0\xb7\x02\0\0\x02\0\0\0\x85\0\0\0\x71\0\0\0\x69\xa1\xf0\xff\0\0\0\0\
\x0f\x17\0\0\0\0\0\0\xb7\x01\0\0\x09\0\0\0\xbf\x73\0\0\0\0\0\0\x0f\x13\0\0\0\0\
\0\0\xbf\xa1\0\0\0\0\0\0\x07\x01\0\0\xf0\xff\xff\xff\xb7\x02\0\0\x01\0\0\0\x85\
\0\0\0\x71\0\0\0\x63\x8a\xb0\xff\0\0\0\0\xb7\x01\0\0\x0c\0\0\0\xbf\x73\0\0\0\0\
\0\0\x0f\x13\0\0\0\0\0\0\x71\xa9\xf0\xff\0\0\0\0\xbf\xa1\0\0\0\0\0\0\x07\x01\0\
\0\xb8\xff\xff\xff\xb7\x02\0\0\x04\0\0\0\x85\0\0\0\x71\0\0\0\xb7\x01\0\0\x10\0\
\0\0\xbf\x73\0\0\0\0\0\0\x0f\x13\0\0\0\0\0\0\xbf\xa1\0\0\0\0\0\0\x07\x01\0\0\
\xf0\xff\xff\xff\xb7\x02\0\0\x04\0\0\0\x85\0\0\0\x71\0\0\0\x61\xa1\xf0\xff\0\0\
\0\0\x63\x1a\xd0\xff\0\0\0\0\xb7\x01\0\0\x02\0\0\0\x0f\x17\0\0\0\0\0\0\xbf\xa1\
\0\0\0\0\0\0\x07\x01\0\0\xf0\xff\xff\xff\xb7\x02\0\0\x02\0\0\0\xbf\x73\0\0\0\0\
\0\0\x85\0\0\0\x71\0\0\0\x69\xa8\xf0\xff\0\0\0\0\x65\x09\x2b\0\x10\0\0\0\x15\
\x09\x2f\0\x01\0\0\0\x15\x09\x01\0\x06\0\0\0\x05\0\x57\0\0\0\0\0\xb7\x01\0\0\
\x06\0\0\0\x63\x1a\xb4\xff\0\0\0\0\xb7\x01\0\0\xc0\0\0\0\xbf\x63\0\0\0\0\0\0\
\x0f\x13\0\0\0\0\0\0\xbf\xa1\0\0\0\0\0\0\x07\x01\0\0\xf0\xff\xff\xff\xb7\x02\0\
\0\x08\0\0\0\x85\0\0\0\x71\0\0\0\xb7\x01\0\0\xb2\0\0\0\x0f\x16\0\0\0\0\0\0\x79\
\xa7\xf0\xff\0\0\0\0\xbf\xa1\0\0\0\0\0\0\x07\x01\0\0\xf0\xff\xff\xff\xb7\x02\0\
\0\x02\0\0\0\xbf\x63\0\0\0\0\0\0\x85\0\0\0\x71\0\0\0\x69\xa1\xf0\xff\0\0\0\0\
\x0f\x17\0\0\0\0\0\0\xb7\x01\0\0\0\0\0\0\xbf\x73\0\0\0\0\0\0\x0f\x13\0\0\0\0\0\
\0\xbf\xa1\0\0\0\0\0\0\x07\x01\0\0\xf0\xff\xff\xff\xb7\x02\0\0\x02\0\0\0\x85\0\
\0\0\x71\0\0\0\x69\xa1\xf0\xff\0\0\0\0\xdc\x01\0\0\x10\0\0\0\x6b\x1a\xc8\xff\0\
\0\0\0\xb7\x01\0\0\x02\0\0\0\x0f\x17\0\0\0\0\0\0\xbf\xa1\0\0\0\0\0\0\x07\x01\0\
\0\xf0\xff\xff\xff\xb7\x02\0\0\x02\0\0\0\xbf\x73\0\0\0\0\0\0\x85\0\0\0\x71\0\0\
\0\x69\xa1\xf0\xff\0\0\0\0\xdc\x01\0\0\x10\0\0\0\x6b\x1a\xe0\xff\0\0\0\0\x05\0\
\x31\0\0\0\0\0\x15\x09\x06\0\x11\0\0\0\x15\x09\x01\0\xff\0\0\0\x05\0\x2c\0\0\0\
\0\0\xb7\x01\0\0\xfb\0\0\0\x05\0\x2b\0\0\0\0\0\xb7\x01\0\0\x01\0\0\0\x05\0\x29\
\0\0\0\0\0\xb7\x01\0\0\x11\0\0\0\x63\x1a\xb4\xff\0\0\0\0\xb7\x01\0\0\xc0\0\0\0\
\xbf\x63\0\0\0\0\0\0\x0f\x13\0\0\0\0\0\0\xbf\xa1\0\0\0\0\0\0\x07\x01\0\0\xf0\
\xff\xff\xff\xb7\x02\0\0\x08\0\0\0\x85\0\0\0\x71\0\0\0\xb7\x01\0\0\xb2\0\0\0\
\x0f\x16\0\0\0\0\0\0\x79\xa7\xf0\xff\0\0\0\0\xbf\xa1\0\0\0\0\0\0\x07\x01\0\0\
\xf0\xff\xff\xff\xb7\x02\0\0\x02\0\0\0\xbf\x63\0\0\0\0\0\0\x85\0\0\0\x71\0\0\0\
\x69\xa1\xf0\xff\0\0\0\0\x0f\x17\0\0\0\0\0\0\xb7\x01\0\0\x02\0\0\0\xbf\x73\0\0\
\0\0\0\0\x0f\x13\0\0\0\0\0\0\xbf\xa1\0\0\0\0\0\0\x07\x01\0\0\xf0\xff\xff\xff\
\xb7\x02\0\0\x02\0\0\0\x85\0\0\0\x71\0\0\0\x69\xa1\xf0\xff\0\0\0\0\xdc\x01\0\0\
\x10\0\0\0\x6b\x1a\xe0\xff\0\0\0\0\xb7\x01\0\0\0\0\0\0\x0f\x17\0\0\0\0\0\0\xbf\
\xa1\0\0\0\0\0\0\x07\x01\0\0\xf0\xff\xff\xff\xb7\x02\0\0\x02\0\0\0\xbf\x73\0\0\
\0\0\0\0\x85\0\0\0\x71\0\0\0\x69\xa1\xf0\xff\0\0\0\0\xdc\x01\0\0\x10\0\0\0\x6b\
\x1a\xc8\xff\0\0\0\0\x05\0\x02\0\0\0\0\0\xb7\x01\0\0\xfc\0\0\0\x63\x1a\xb4\xff\
\0\0\0\0\xbf\xa2\0\0\0\0\0\0\x07\x02\0\0\xb0\xff\xff\xff\x18\x01\0\0\0\0\0\0\0\
\0\0\0\0\0\0\0\x85\0\0\0\x01\0\0\0\xdc\x08\0\0\x10\0\0\0\x15\0\x04\0\0\0\0\0\
\x61\x01\x04\0\0\0\0\0\x0f\x81\0\0\0\0\0\0\x63\x10\x04\0\0\0\0\0\x05\0\x0d\0\0\
\0\0\0\x63\x8a\xf4\xff\0\0\0\0\xb7\x01\0\0\x02\0\0\0\x63\x1a\xf0\xff\0\0\0\0\
\xb7\x01\0\0\0\0\0\0\x7b\x1a\xf8\xff\0\0\0\0\xbf\xa2\0\0\0\0\0\0\x07\x02\0\0\
\xb0\xff\xff\xff\xbf\xa3\0\0\0\0\0\0\x07\x03\0\0\xf0\xff\xff\xff\x18\x01\0\0\0\
\0\0\0\0\0\0\0\0\0\0\0\xb7\x04\0\0\x01\0\0\0\x85\0\0\0\x02\0\0\0\xb7\0\0\0\0\0\
\0\0\x95\0\0\0\0\0\0\0\xb7\x02\0\0\x10\0\0\0\x79\x19\x10\0\0\0\0\0\xbf\x97\0\0\
\0\0\0\0\x0f\x27\0\0\0\0\0\0\xbf\xa1\0\0\0\0\0\0\x07\x01\0\0\xa8\xff\xff\xff\
\xb7\x02\0\0\x08\0\0\0\xbf\x73\0\0\0\0\0\0\x85\0\0\0\x71\0\0\0\x79\xa1\xa8\xff\
\0\0\0\0\x55\x01\x0f\0\0\0\0\0\xb7\x01\0\0\x58\0\0\0\xbf\x93\0\0\0\0\0\0\x0f\
\x13\0\0\0\0\0\0\xbf\xa1\0\0\0\0\0\0\x07\x01\0\0\xa8\xff\xff\xff\xb7\x02\0\0\
\x08\0\0\0\x85\0\0\0\x71\0\0\0\xb7\x01\0\0\0\0\0\0\x79\xa3\xa8\xff\0\0\0\0\x57\
\x03\0\0\xfe\xff\xff\xff\x0f\x13\0\0\0\0\0\0\xbf\xa1\0\0\0\0\0\0\x07\x01\0\0\
\xa8\xff\xff\xff\xb7\x02\0\0\x08\0\0\0\x85\0\0\0\x71\0\0\0\xbf\xa1\0\0\0\0\0\0\
\x07\x01\0\0\xa8\xff\xff\xff\xb7\x02\0\0\x08\0\0\0\xbf\x73\0\0\0\0\0\0\x85\0\0\
\0\x71\0\0\0\x79\xa3\xa8\xff\0\0\0\0\x55\x03\x16\0\0\0\0\0\xb7\x01\0\0\x58\0\0\
\0\xbf\x93\0\0\0\0\0\0\x0f\x13\0\0\0\0\0\0\xbf\xa1\0\0\0\0\0\0\x07\x01\0\0\xa8\
\xff\xff\xff\xb7\x02\0\0\x08\0\0\0\x85\0\0\0\x71\0\0\0\xb7\x01\0\0\0\0\0\0\x79\
\xa3\xa8\xff\0\0\0\0\x57\x03\0\0\xfe\xff\xff\xff\x0f\x13\0\0\0\0\0\0\xbf\xa1\0\
\0\0\0\0\0\x07\x01\0\0\xa8\xff\xff\xff\xb7\x02\0\0\x08\0\0\0\x85\0\0\0\x71\0\0\
\0\x79\xa3\xa8\xff\0\0\0\0\x55\x03\x05\0\0\0\0\0\x18\x01\0\0\0\0\0\0\0\0\0\0\0\
\0\0\0\xb7\x02\0\0\x50\0\0\0\x85\0\0\0\x06\0\0\0\x05\0\x1b\0\0\0\0\0\xb7\x01\0\
\0\xd0\0\0\0\x0f\x13\0\0\0\0\0\0\xbf\xa1\0\0\0\0\0\0\x07\x01\0\0\xf0\xff\xff\
\xff\xb7\x02\0\0\x04\0\0\0\x85\0\0\0\x71\0\0\0\x61\xa3\xf0\xff\0\0\0\0\x67\x03\
\0\0\x20\0\0\0\xc7\x03\0\0\x20\0\0\0\x7b\x3a\xa8\xff\0\0\0\0\x65\x03\x07\0\xff\
\xff\xff\xff\x18\x01\0\0\x50\0\0\0\0\0\0\0\0\0\0\0\xb7\x02\0\0\x42\0\0\0\x85\0\
\0\0\x06\0\0\0\x18\0\0\0\xff\xff\xff\xff\0\0\0\0\0\0\0\0\x05\0\x81\x01\0\0\0\0\
\xbf\xa2\0\0\0\0\0\0\x07\x02\0\0\xa8\xff\xff\xff\x18\x01\0\0\0\0\0\0\0\0\0\0\0\
\0\0\0\x85\0\0\0\x01\0\0\0\xbf\x01\0\0\0\0\0\0\x18\0\0\0\xff\xff\xff\xff\0\0\0\
\0\0\0\0\0\x15\x01\x78\x01\0\0\0\0\xb7\x01\0\0\x18\0\0\0\xbf\x97\0\0\0\0\0\0\
\x0f\x17\0\0\0\0\0\0\xbf\xa1\0\0\0\0\0\0\x07\x01\0\0\xa8\xff\xff\xff\xb7\x02\0\
\0\x08\0\0\0\xbf\x73\0\0\0\0\0\0\x85\0\0\0\x71\0\0\0\x79\xa8\xa8\xff\0\0\0\0\
\xbf\xa1\0\0\0\0\0\0\x07\x01\0\0\xf0\xff\xff\xff\xb7\x02\0\0\x08\0\0\0\xbf\x73\
\0\0\0\0\0\0\x85\0\0\0\x71\0\0\0\xb7\x06\0\0\x98\x02\0\0\x79\xa3\xf0\xff\0\0\0\
\0\x0f\x63\0\0\0\0\0\0\xbf\xa1\0\0\0\0\0\0\x07\x01\0\0\xa8\xff\xff\xff\xb7\x02\
\0\0\x08\0\0\0\x85\0\0\0\x71\0\0\0\x18\0\0\0\xff\xff\xff\xff\0\0\0\0\0\0\0\0\
\x79\xa1\xa8\xff\0\0\0\0\x15\x01\x5f\x01\0\0\0\0\x7b\x1a\xa8\xff\0\0\0\0\xbf\
\xa2\0\0\0\0\0\0\x07\x02\0\0\xa8\xff\xff\xff\x18\x01\0\0\0\0\0\0\0\0\0\0\0\0\0\
\0\xbf\x23\0\0\0\0\0\0\xb7\x04\0\0\x01\0\0\0\x85\0\0\0\x02\0\0\0\xb7\x01\0\0\0\
\0\0\0\x7b\x1a\xd8\xff\0\0\0\0\x7b\x1a\xd0\xff\0\0\0\0\x7b\x1a\xc8\xff\0\0\0\0\
\x7b\x1a\xc0\xff\0\0\0\0\x7b\x1a\xb8\xff\0\0\0\0\x7b\x1a\xb0\xff\0\0\0\0\x7b\
\x1a\xa8\xff\0\0\0\0\x0f\x68\0\0\0\0\0\0\xbf\xa1\0\0\0\0\0\0\x07\x01\0\0\xf0\
\xff\xff\xff\xb7\x02\0\0\x08\0\0\0\xbf\x83\0\0\0\0\0\0\x85\0\0\0\x71\0\0\0\x79\
\xa1\xf0\xff\0\0\0\0\x7b\x1a\xe0\xff\0\0\0\0\xb7\x01\0\0\xc0\0\0\0\xbf\x93\0\0\
\0\0\0\0\x0f\x13\0\0\0\0\0\0\x7b\x3a\xa0\xff\0\0\0\0\xbf\xa1\0\0\0\0\0\0\x07\
\x01\0\0\xf0\xff\xff\xff\xb7\x02\0\0\x08\0\0\0\x85\0\0\0\x71\0\0\0\xb7\x01\0\0\
\xb4\0\0\0\x7b\x9a\x90\xff\0\0\0\0\x0f\x19\0\0\0\0\0\0\x79\xa8\xf0\xff\0\0\0\0\
\xbf\xa1\0\0\0\0\0\0\x07\x01\0\0\xf0\xff\xff\xff\xb7\x02\0\0\x02\0\0\0\xbf\x93\
\0\0\0\0\0\0\x85\0\0\0\x71\0\0\0\x69\xa6\xf0\xff\0\0\0\0\xbf\xa1\0\0\0\0\0\0\
\x07\x01\0\0\xf0\xff\xff\xff\xb7\x02\0\0\x08\0\0\0\xbf\x73\0\0\0\0\0\0\x85\0\0\
\0\x71\0\0\0\x0f\x68\0\0\0\0\0\0\xb7\x01\0\0\x08\0\0\0\xbf\x83\0\0\0\0\0\0\x0f\
\x13\0\0\0\0\0\0\x79\xa1\xf0\xff\0\0\0\0\x7b\x1a\x70\xff\0\0\0\0\xbf\xa1\0\0\0\
\0\0\0\x07\x01\0\0\xb0\xff\xff\xff\xb7\x02\0\0\x10\0\0\0\x85\0\0\0\x71\0\0\0\
\xb7\x01\0\0\x0a\0\0\0\x63\x1a\xa8\xff\0\0\0\0\xb7\x01\0\0\x18\0\0\0\xbf\x83\0\
\0\0\0\0\0\x0f\x13\0\0\0\0\0\0\xbf\xa1\0\0\0\0\0\0\x07\x01\0\0\xc8\xff\xff\xff\
\xb7\x02\0\0\x10\0\0\0\x85\0\0\0\x71\0\0\0\xb7\x01\0\0\x04\0\0\0\x0f\x18\0\0\0\
\0\0\0\xbf\xa1\0\0\0\0\0\0\x07\x01\0\0\xf0\xff\xff\xff\xb7\x02\0\0\x02\0\0\0\
\xbf\x83\0\0\0\0\0\0\x85\0\0\0\x71\0\0\0\x69\xa1\xf0\xff\0\0\0\0\x7b\x1a\x78\
\xff\0\0\0\0\xbf\xa1\0\0\0\0\0\0\x07\x01\0\0\xf0\xff\xff\xff\xb7\x02\0\0\x08\0\
\0\0\x79\xa7\xa0\xff\0\0\0\0\xbf\x73\0\0\0\0\0\0\x85\0\0\0\x71\0\0\0\x79\xa8\
\xf0\xff\0\0\0\0\xbf\xa1\0\0\0\0\0\0\x07\x01\0\0\xf0\xff\xff\xff\xb7\x02\0\0\
\x02\0\0\0\xbf\x93\0\0\0\0\0\0\x85\0\0\0\x71\0\0\0\xb7\x01\0\0\xc8\0\0\0\x79\
\xa6\x90\xff\0\0\0\0\xbf\x63\0\0\0\0\0\0\x0f\x13\0\0\0\0\0\0\x69\xa1\xf0\xff\0\
\0\0\0\x7b\x1a\x98\xff\0\0\0\0\xbf\xa1\0\0\0\0\0\0\x07\x01\0\0\xf0\xff\xff\xff\
\xb7\x02\0\0\x08\0\0\0\x85\0\0\0\x71\0\0\0\x79\xa1\xf0\xff\0\0\0\0\x7b\x1a\x88\
\xff\0\0\0\0\xbf\xa1\0\0\0\0\0\0\x07\x01\0\0\xf0\xff\xff\xff\xb7\x02\0\0\x08\0\
\0\0\xbf\x73\0\0\0\0\0\0\x85\0\0\0\x71\0\0\0\x79\xa7\xf0\xff\0\0\0\0\xbf\xa1\0\
\0\0\0\0\0\x07\x01\0\0\xf0\xff\xff\xff\xb7\x02\0\0\x02\0\0\0\xbf\x93\0\0\0\0\0\
\0\x85\0\0\0\x71\0\0\0\x69\xa1\xf0\xff\0\0\0\0\x0f\x17\0\0\0\0\0\0\xb7\x01\0\0\
\x06\0\0\0\x0f\x17\0\0\0\0\0\0\xbf\xa1\0\0\0\0\0\0\x07\x01\0\0\xf0\xff\xff\xff\
\xb7\x02\0\0\x01\0\0\0\xbf\x73\0\0\0\0\0\0\x85\0\0\0\x71\0\0\0\x79\xa1\x98\xff\
\0\0\0\0\x0f\x18\0\0\0\0\0\0\x79\xa1\x88\xff\0\0\0\0\x1f\x18\0\0\0\0\0\0\xb7\
\x04\0\0\xff\0\0\0\x07\x08\0\0\x28\0\0\0\x71\xa9\xf0\xff\0\0\0\0\xb7\x01\0\0\
\x70\0\0\0\xbf\x62\0\0\0\0\0\0\x0f\x12\0\0\0\0\0\0\x7b\x2a\x88\xff\0\0\0\0\xb7\
\x01\0\0\x74\0\0\0\x0f\x16\0\0\0\0\0\0\x7b\x6a\x80\xff\0\0\0\0\x05\0\x1a\0\0\0\
\0\0\xbf\x73\0\0\0\0\0\0\xb7\x01\0\0\x01\0\0\0\x0f\x13\0\0\0\0\0\0\xbf\xa1\0\0\
\0\0\0\0\x07\x01\0\0\xf0\xff\xff\xff\xb7\x02\0\0\x01\0\0\0\x85\0\0\0\x71\0\0\0\
\x71\xa8\xf0\xff\0\0\0\0\x67\x08\0\0\x03\0\0\0\x07\x08\0\0\x08\0\0\0\xb7\x01\0\
\0\0\0\0\0\x0f\x17\0\0\0\0\0\0\xbf\xa1\0\0\0\0\0\0\x07\x01\0\0\xf0\xff\xff\xff\
\xb7\x02\0\0\x01\0\0\0\xbf\x73\0\0\0\0\0\0\x85\0\0\0\x71\0\0\0\x79\xa1\xa0\xff\
\0\0\0\0\x0f\x18\0\0\0\0\0\0\x71\xa9\xf0\xff\0\0\0\0\x79\xa4\x98\xff\0\0\0\0\
\x07\x04\0\0\xff\xff\xff\xff\xbf\x41\0\0\0\0\0\0\x67\x01\0\0\x20\0\0\0\x77\x01\
\0\0\x20\0\0\0\x15\x01\x46\0\0\0\0\0\xbf\x91\0\0\0\0\0\0\x15\x01\x0a\0\0\0\0\0\
\xbf\x92\0\0\0\0\0\0\x25\x01\x41\0\x3c\0\0\0\xb7\x03\0\0\x01\0\0\0\x6f\x13\0\0\
\0\0\0\0\x18\x01\0\0\0\0\0\0\0\0\0\0\0\x18\x08\x10\x5f\x13\0\0\0\0\0\0\xbf\x92\
\0\0\0\0\0\0\x55\x03\x03\0\0\0\0\0\x05\0\x39\0\0\0\0\0\xb7\x02\0\0\x3b\0\0\0\
\x15\x01\x37\0\x3b\0\0\0\x7b\x4a\x98\xff\0\0\0\0\x79\xa6\x90\xff\0\0\0\0\xbf\
\x63\0\0\0\0\0\0\xb7\x01\0\0\xc8\0\0\0\x0f\x13\0\0\0\0\0\0\xbf\xa1\0\0\0\0\0\0\
\x07\x01\0\0\xf0\xff\xff\xff\xb7\x02\0\0\x08\0\0\0\x7b\x8a\xa0\xff\0\0\0\0\x85\
\0\0\0\x71\0\0\0\x79\xa7\xf0\xff\0\0\0\0\xbf\xa1\0\0\0\0\0\0\x07\x01\0\0\xf0\
\xff\xff\xff\xb7\x02\0\0\x04\0\0\0\x79\xa3\x88\xff\0\0\0\0\x85\0\0\0\x71\0\0\0\
\x61\xa8\xf0\xff\0\0\0\0\xbf\xa1\0\0\0\0\0\0\x07\x01\0\0\xf0\xff\xff\xff\xb7\
\x02\0\0\x04\0\0\0\x79\xa3\x80\xff\0\0\0\0\x85\0\0\0\x71\0\0\0\x79\xa3\xa0\xff\
\0\0\0\0\x61\xa1\xf0\xff\0\0\0\0\xbf\x32\0\0\0\0\0\0\x0f\x12\0\0\0\0\0\0\x1f\
\x28\0\0\0\0\0\0\x67\x08\0\0\x20\0\0\0\xc7\x08\0\0\x20\0\0\0\x65\x08\x04\0\x01\
\0\0\0\xbf\xa7\0\0\0\0\0\0\x07\x07\0\0\xee\xff\xff\xff\x15\x06\x14\0\0\0\0\0\
\x05\0\x05\0\0\0\0\0\xbf\x31\0\0\0\0\0\0\x67\x01\0\0\x20\0\0\0\xc7\x01\0\0\x20\
\0\0\0\x0f\x17\0\0\0\0\0\0\x15\x07\x0e\0\0\0\0\0\xb7\x08\0\0\x08\0\0\0\xbf\x91\
\0\0\0\0\0\0\x15\x01\xb8\xff\x2c\0\0\0\x55\x01\xad\xff\x33\0\0\0\xbf\x73\0\0\0\
\0\0\0\xb7\x01\0\0\x01\0\0\0\x0f\x13\0\0\0\0\0\0\xbf\xa1\0\0\0\0\0\0\x07\x01\0\
\0\xf0\xff\xff\xff\xb7\x02\0\0\x01\0\0\0\x85\0\0\0\x71\0\0\0\x71\xa8\xf0\xff\0\
\0\0\0\x67\x08\0\0\x02\0\0\0\x05\0\xac\xff\0\0\0\0\xb7\x01\0\0\xfc\0\0\0\x05\0\
\x06\0\0\0\0\0\xbf\x29\0\0\0\0\0\0\x57\x09\0\0\xff\0\0\0\x15\x09\x06\0\x06\0\0\
\0\x15\x09\x25\0\x11\0\0\0\x55\x09\x4e\0\x3a\0\0\0\xb7\x01\0\0\x01\0\0\0\x63\
\x1a\xac\xff\0\0\0\0\x79\xa6\x78\xff\0\0\0\0\x05\0\x58\0\0\0\0\0\xb7\x01\0\0\
\x06\0\0\0\x63\x1a\xac\xff\0\0\0\0\xb7\x01\0\0\xc0\0\0\0\x79\xa6\x90\xff\0\0\0\
\0\xbf\x63\0\0\0\0\0\0\x0f\x13\0\0\0\0\0\0\xbf\xa1\0\0\0\0\0\0\x07\x01\0\0\xf0\
\xff\xff\xff\xb7\x02\0\0\x08\0\0\0\x85\0\0\0\x71\0\0\0\xb7\x01\0\0\xb2\0\0\0\
\x0f\x16\0\0\0\0\0\0\x79\xa7\xf0\xff\0\0\0\0\xbf\xa1\0\0\0\0\0\0\x07\x01\0\0\
\xf0\xff\xff\xff\xb7\x02\0\0\x02\0\0\0\xbf\x63\0\0\0\0\0\0\x85\0\0\0\x71\0\0\0\
\x69\xa1\xf0\xff\0\0\0\0\x0f\x17\0\0\0\0\0\0\xb7\x01\0\0\0\0\0\0\xbf\x73\0\0\0\
\0\0\0\x0f\x13\0\0\0\0\0\0\xbf\xa1\0\0\0\0\0\0\x07\x01\0\0\xf0\xff\xff\xff\xb7\
\x02\0\0\x02\0\0\0\x85\0\0\0\x71\0\0\0\x69\xa1\xf0\xff\0\0\0\0\xdc\x01\0\0\x10\
\0\0\0\x6b\x1a\xc0\xff\0\0\0\0\xb7\x01\0\0\x02\0\0\0\x05\0\x1f\0\0\0\0\0\xb7\
\x01\0\0\x11\0\0\0\x63\x1a\xac\xff\0\0\0\0\xb7\x01\0\0\xc0\0\0\0\x79\xa6\x90\
\xff\0\0\0\0\xbf\x63\0\0\0\0\0\0\x0f\x13\0\0\0\0\0\0\xbf\xa1\0\0\0\0\0\0\x07\
\x01\0\0\xf0\xff\xff\xff\xb7\x02\0\0\x08\0\0\0\x85\0\0\0\x71\0\0\0\xb7\x01\0\0\
\xb2\0\0\0\x0f\x16\0\0\0\0\0\0\x79\xa7\xf0\xff\0\0\0\0\xbf\xa1\0\0\0\0\0\0\x07\
\x01\0\0\xf0\xff\xff\xff\xb7\x02\0\0\x02\0\0\0\xbf\x63\0\0\0\0\0\0\x85\0\0\0\
\x71\0\0\0\x69\xa1\xf0\xff\0\0\0\0\x0f\x17\0\0\0\0\0\0\xb7\x01\0\0\0\0\0\0\xbf\
\x73\0\0\0\0\0\0\x0f\x13\0\0\0\0\0\0\xbf\xa1\0\0\0\0\0\0\x07\x01\0\0\xf0\xff\
\xff\xff\xb7\x02\0\0\x02\0\0\0\x85\0\0\0\x71\0\0\0\x69\xa1\xf0\xff\0\0\0\0\xdc\
\x01\0\0\x10\0\0\0\x6b\x1a\xc0\xff\0\0\0\0\xb7\x01\0\0\x02\0\0\0\x0f\x17\0\0\0\
\0\0\0\xbf\xa1\0\0\0\0\0\0\x07\x01\0\0\xf0\xff\xff\xff\xb7\x02\0\0\x02\0\0\0\
\xbf\x73\0\0\0\0\0\0\x85\0\0\0\x71\0\0\0\x69\xa1\xf0\xff\0\0\0\0\xdc\x01\0\0\
\x10\0\0\0\x6b\x1a\xd8\xff\0\0\0\0\x79\xa6\x78\xff\0\0\0\0\x05\0\x0e\0\0\0\0\0\
\xb7\x01\0\0\x22\x02\0\0\x79\xa3\x70\xff\0\0\0\0\x0f\x13\0\0\0\0\0\0\xbf\xa1\0\
\0\0\0\0\0\x07\x01\0\0\xf0\xff\xff\xff\xb7\x02\0\0\x02\0\0\0\x85\0\0\0\x71\0\0\
\0\x69\xa1\xf0\xff\0\0\0\0\x79\xa6\x78\xff\0\0\0\0\x55\x01\x02\0\x03\0\0\0\xb7\
\x01\0\0\xfb\0\0\0\x05\0\x01\0\0\0\0\0\xb7\x01\0\0\xfc\0\0\0\x63\x1a\xac\xff\0\
\0\0\0\xbf\xa2\0\0\0\0\0\0\x07\x02\0\0\xa8\xff\xff\xff\x18\x01\0\0\0\0\0\0\0\0\
\0\0\0\0\0\0\x85\0\0\0\x01\0\0\0\xdc\x06\0\0\x10\0\0\0\x15\0\x04\0\0\0\0\0\x61\
\x01\x04\0\0\0\0\0\x0f\x61\0\0\0\0\0\0\x63\x10\x04\0\0\0\0\0\x05\0\x0d\0\0\0\0\
\0\x63\x6a\xf4\xff\0\0\0\0\xb7\x01\0\0\x02\0\0\0\x63\x1a\xf0\xff\0\0\0\0\xb7\
\x01\0\0\0\0\0\0\x7b\x1a\xf8\xff\0\0\0\0\xbf\xa2\0\0\0\0\0\0\x07\x02\0\0\xa8\
\xff\xff\xff\xbf\xa3\0\0\0\0\0\0\x07\x03\0\0\xf0\xff\xff\xff\x18\x01\0\0\0\0\0\
\0\0\0\0\0\0\0\0\0\xb7\x04\0\0\x01\0\0\0\x85\0\0\0\x02\0\0\0\xb7\0\0\0\0\0\0\0\
\x95\0\0\0\0\0\0\0\xb7\x02\0\0\x10\0\0\0\x79\x19\x10\0\0\0\0\0\xbf\x97\0\0\0\0\
\0\0\x0f\x27\0\0\0\0\0\0\xbf\xa1\0\0\0\0\0\0\x07\x01\0\0\xa8\xff\xff\xff\xb7\
\x02\0\0\x08\0\0\0\xbf\x73\0\0\0\0\0\0\x85\0\0\0\x71\0\0\0\x79\xa1\xa8\xff\0\0\
\0\0\x55\x01\x0f\0\0\0\0\0\xb7\x01\0\0\x58\0\0\0\xbf\x93\0\0\0\0\0\0\x0f\x13\0\
\0\0\0\0\0\xbf\xa1\0\0\0\0\0\0\x07\x01\0\0\xa8\xff\xff\xff\xb7\x02\0\0\x08\0\0\
\0\x85\0\0\0\x71\0\0\0\xb7\x01\0\0\0\0\0\0\x79\xa3\xa8\xff\0\0\0\0\x57\x03\0\0\
\xfe\xff\xff\xff\x0f\x13\0\0\0\0\0\0\xbf\xa1\0\0\0\0\0\0\x07\x01\0\0\xa8\xff\
\xff\xff\xb7\x02\0\0\x08\0\0\0\x85\0\0\0\x71\0\0\0\xbf\xa1\0\0\0\0\0\0\x07\x01\
\0\0\xa8\xff\xff\xff\xb7\x02\0\0\x08\0\0\0\xbf\x73\0\0\0\0\0\0\x85\0\0\0\x71\0\
\0\0\x79\xa3\xa8\xff\0\0\0\0\x55\x03\x16\0\0\0\0\0\xb7\x01\0\0\x58\0\0\0\xbf\
\x93\0\0\0\0\0\0\x0f\x13\0\0\0\0\0\0\xbf\xa1\0\0\0\0\0\0\x07\x01\0\0\xa8\xff\
\xff\xff\xb7\x02\0\0\x08\0\0\0\x85\0\0\0\x71\0\0\0\xb7\x01\0\0\0\0\0\0\x79\xa3\
\xa8\xff\0\0\0\0\x57\x03\0\0\xfe\xff\xff\xff\x0f\x13\0\0\0\0\0\0\xbf\xa1\0\0\0\
\0\0\0\x07\x01\0\0\xa8\xff\xff\xff\xb7\x02\0\0\x08\0\0\0\x85\0\0\0\x71\0\0\0\
\x79\xa3\xa8\xff\0\0\0\0\x55\x03\x05\0\0\0\0\0\x18\x01\0\0\0\0\0\0\0\0\0\0\0\0\
\0\0\xb7\x02\0\0\x50\0\0\0\x85\0\0\0\x06\0\0\0\x05\0\x1b\0\0\0\0\0\xb7\x01\0\0\
\xd0\0\0\0\x0f\x13\0\0\0\0\0\0\xbf\xa1\0\0\0\0\0\0\x07\x01\0\0\xf0\xff\xff\xff\
\xb7\x02\0\0\x04\0\0\0\x85\0\0\0\x71\0\0\0\x61\xa3\xf0\xff\0\0\0\0\x67\x03\0\0\
\x20\0\0\0\xc7\x03\0\0\x20\0\0\0\x7b\x3a\xa8\xff\0\0\0\0\x65\x03\x07\0\xff\xff\
\xff\xff\x18\x01\0\0\x50\0\0\0\0\0\0\0\0\0\0\0\xb7\x02\0\0\x42\0\0\0\x85\0\0\0\
\x06\0\0\0\x18\0\0\0\xff\xff\xff\xff\0\0\0\0\0\0\0\0\x05\0\x81\x01\0\0\0\0\xbf\
\xa2\0\0\0\0\0\0\x07\x02\0\0\xa8\xff\xff\xff\x18\x01\0\0\0\0\0\0\0\0\0\0\0\0\0\
\0\x85\0\0\0\x01\0\0\0\xbf\x01\0\0\0\0\0\0\x18\0\0\0\xff\xff\xff\xff\0\0\0\0\0\
\0\0\0\x15\x01\x78\x01\0\0\0\0\xb7\x01\0\0\x18\0\0\0\xbf\x97\0\0\0\0\0\0\x0f\
\x17\0\0\0\0\0\0\xbf\xa1\0\0\0\0\0\0\x07\x01\0\0\xa8\xff\xff\xff\xb7\x02\0\0\
\x08\0\0\0\xbf\x73\0\0\0\0\0\0\x85\0\0\0\x71\0\0\0\x79\xa8\xa8\xff\0\0\0\0\xbf\
\xa1\0\0\0\0\0\0\x07\x01\0\0\xf0\xff\xff\xff\xb7\x02\0\0\x08\0\0\0\xbf\x73\0\0\
\0\0\0\0\x85\0\0\0\x71\0\0\0\xb7\x06\0\0\x98\x02\0\0\x79\xa3\xf0\xff\0\0\0\0\
\x0f\x63\0\0\0\0\0\0\xbf\xa1\0\0\0\0\0\0\x07\x01\0\0\xa8\xff\xff\xff\xb7\x02\0\
\0\x08\0\0\0\x85\0\0\0\x71\0\0\0\x18\0\0\0\xff\xff\xff\xff\0\0\0\0\0\0\0\0\x79\
\xa1\xa8\xff\0\0\0\0\x15\x01\x5f\x01\0\0\0\0\x7b\x1a\xa8\xff\0\0\0\0\xbf\xa2\0\
\0\0\0\0\0\x07\x02\0\0\xa8\xff\xff\xff\x18\x01\0\0\0\0\0\0\0\0\0\0\0\0\0\0\xbf\
\x23\0\0\0\0\0\0\xb7\x04\0\0\x01\0\0\0\x85\0\0\0\x02\0\0\0\xb7\x01\0\0\0\0\0\0\
\x7b\x1a\xd8\xff\0\0\0\0\x7b\x1a\xd0\xff\0\0\0\0\x7b\x1a\xc8\xff\0\0\0\0\x7b\
\x1a\xc0\xff\0\0\0\0\x7b\x1a\xb8\xff\0\0\0\0\x7b\x1a\xb0\xff\0\0\0\0\x7b\x1a\
\xa8\xff\0\0\0\0\x0f\x68\0\0\0\0\0\0\xbf\xa1\0\0\0\0\0\0\x07\x01\0\0\xf0\xff\
\xff\xff\xb7\x02\0\0\x08\0\0\0\xbf\x83\0\0\0\0\0\0\x85\0\0\0\x71\0\0\0\x79\xa1\
\xf0\xff\0\0\0\0\x7b\x1a\xe0\xff\0\0\0\0\xb7\x01\0\0\xc0\0\0\0\xbf\x93\0\0\0\0\
\0\0\x0f\x13\0\0\0\0\0\0\x7b\x3a\xa0\xff\0\0\0\0\xbf\xa1\0\0\0\0\0\0\x07\x01\0\
\0\xf0\xff\xff\xff\xb7\x02\0\0\x08\0\0\0\x85\0\0\0\x71\0\0\0\xb7\x01\0\0\xb4\0\
\0\0\x7b\x9a\x90\xff\0\0\0\0\x0f\x19\0\0\0\0\0\0\x79\xa8\xf0\xff\0\0\0\0\xbf\
\xa1\0\0\0\0\0\0\x07\x01\0\0\xf0\xff\xff\xff\xb7\x02\0\0\x02\0\0\0\xbf\x93\0\0\
\0\0\0\0\x85\0\0\0\x71\0\0\0\x69\xa6\xf0\xff\0\0\0\0\xbf\xa1\0\0\0\0\0\0\x07\
\x01\0\0\xf0\xff\xff\xff\xb7\x02\0\0\x08\0\0\0\xbf\x73\0\0\0\0\0\0\x85\0\0\0\
\x71\0\0\0\x0f\x68\0\0\0\0\0\0\xb7\x01\0\0\x08\0\0\0\xbf\x83\0\0\0\0\0\0\x0f\
\x13\0\0\0\0\0\0\x79\xa1\xf0\xff\0\0\0\0\x7b\x1a\x70\xff\0\0\0\0\xbf\xa1\0\0\0\
\0\0\0\x07\x01\0\0\xb0\xff\xff\xff\xb7\x02\0\0\x10\0\0\0\x85\0\0\0\x71\0\0\0\
\xb7\x01\0\0\x0a\0\0\0\x63\x1a\xa8\xff\0\0\0\0\xb7\x01\0\0\x18\0\0\0\xbf\x83\0\
\0\0\0\0\0\x0f\x13\0\0\0\0\0\0\xbf\xa1\0\0\0\0\0\0\x07\x01\0\0\xc8\xff\xff\xff\
\xb7\x02\0\0\x10\0\0\0\x85\0\0\0\x71\0\0\0\xb7\x01\0\0\x04\0\0\0\x0f\x18\0\0\0\
\0\0\0\xbf\xa1\0\0\0\0\0\0\x07\x01\0\0\xf0\xff\xff\xff\xb7\x02\0\0\x02\0\0\0\
\xbf\x83\0\0\0\0\0\0\x85\0\0\0\x71\0\0\0\x69\xa1\xf0\xff\0\0\0\0\x7b\x1a\x78\
\xff\0\0\0\0\xbf\xa1\0\0\0\0\0\0\x07\x01\0\0\xf0\xff\xff\xff\xb7\x02\0\0\x08\0\
\0\0\x79\xa7\xa0\xff\0\0\0\0\xbf\x73\0\0\0\0\0\0\x85\0\0\0\x71\0\0\0\x79\xa8\
\xf0\xff\0\0\0\0\xbf\xa1\0\0\0\0\0\0\x07\x01\0\0\xf0\xff\xff\xff\xb7\x02\0\0\
\x02\0\0\0\xbf\x93\0\0\0\0\0\0\x85\0\0\0\x71\0\0\0\xb7\x01\0\0\xc8\0\0\0\x79\
\xa6\x90\xff\0\0\0\0\xbf\x63\0\0\0\0\0\0\x0f\x13\0\0\0\0\0\0\x69\xa1\xf0\xff\0\
\0\0\0\x7b\x1a\x98\xff\0\0\0\0\xbf\xa1\0\0\0\0\0\0\x07\x01\0\0\xf0\xff\xff\xff\
\xb7\x02\0\0\x08\0\0\0\x85\0\0\0\x71\0\0\0\x79\xa1\xf0\xff\0\0\0\0\x7b\x1a\x88\
\xff\0\0\0\0\xbf\xa1\0\0\0\0\0\0\x07\x01\0\0\xf0\xff\xff\xff\xb7\x02\0\0\x08\0\
\0\0\xbf\x73\0\0\0\0\0\0\x85\0\0\0\x71\0\0\0\x79\xa7\xf0\xff\0\0\0\0\xbf\xa1\0\
\0\0\0\0\0\x07\x01\0\0\xf0\xff\xff\xff\xb7\x02\0\0\x02\0\0\0\xbf\x93\0\0\0\0\0\
\0\x85\0\0\0\x71\0\0\0\x69\xa1\xf0\xff\0\0\0\0\x0f\x17\0\0\0\0\0\0\xb7\x01\0\0\
\x06\0\0\0\x0f\x17\0\0\0\0\0\0\xbf\xa1\0\0\0\0\0\0\x07\x01\0\0\xf0\xff\xff\xff\
\xb7\x02\0\0\x01\0\0\0\xbf\x73\0\0\0\0\0\0\x85\0\0\0\x71\0\0\0\x79\xa1\x98\xff\
\0\0\0\0\x0f\x18\0\0\0\0\0\0\x79\xa1\x88\xff\0\0\0\0\x1f\x18\0\0\0\0\0\0\xb7\
\x04\0\0\xff\0\0\0\x07\x08\0\0\x28\0\0\0\x71\xa9\xf0\xff\0\0\0\0\xb7\x01\0\0\
\x70\0\0\0\xbf\x62\0\0\0\0\0\0\x0f\x12\0\0\0\0\0\0\x7b\x2a\x88\xff\0\0\0\0\xb7\
\x01\0\0\x74\0\0\0\x0f\x16\0\0\0\0\0\0\x7b\x6a\x80\xff\0\0\0\0\x05\0\x1a\0\0\0\
\0\0\xbf\x73\0\0\0\0\0\0\xb7\x01\0\0\x01\0\0\0\x0f\x13\0\0\0\0\0\0\xbf\xa1\0\0\
\0\0\0\0\x07\x01\0\0\xf0\xff\xff\xff\xb7\x02\0\0\x01\0\0\0\x85\0\0\0\x71\0\0\0\
\x71\xa8\xf0\xff\0\0\0\0\x67\x08\0\0\x03\0\0\0\x07\x08\0\0\x08\0\0\0\xb7\x01\0\
\0\0\0\0\0\x0f\x17\0\0\0\0\0\0\xbf\xa1\0\0\0\0\0\0\x07\x01\0\0\xf0\xff\xff\xff\
\xb7\x02\0\0\x01\0\0\0\xbf\x73\0\0\0\0\0\0\x85\0\0\0\x71\0\0\0\x79\xa1\xa0\xff\
\0\0\0\0\x0f\x18\0\0\0\0\0\0\x71\xa9\xf0\xff\0\0\0\0\x79\xa4\x98\xff\0\0\0\0\
\x07\x04\0\0\xff\xff\xff\xff\xbf\x41\0\0\0\0\0\0\x67\x01\0\0\x20\0\0\0\x77\x01\
\0\0\x20\0\0\0\x15\x01\x46\0\0\0\0\0\xbf\x91\0\0\0\0\0\0\x15\x01\x0a\0\0\0\0\0\
\xbf\x92\0\0\0\0\0\0\x25\x01\x41\0\x3c\0\0\0\xb7\x03\0\0\x01\0\0\0\x6f\x13\0\0\
\0\0\0\0\x18\x01\0\0\0\0\0\0\0\0\0\0\0\x18\x08\x10\x5f\x13\0\0\0\0\0\0\xbf\x92\
\0\0\0\0\0\0\x55\x03\x03\0\0\0\0\0\x05\0\x39\0\0\0\0\0\xb7\x02\0\0\x3b\0\0\0\
\x15\x01\x37\0\x3b\0\0\0\x7b\x4a\x98\xff\0\0\0\0\x79\xa6\x90\xff\0\0\0\0\xbf\
\x63\0\0\0\0\0\0\xb7\x01\0\0\xc8\0\0\0\x0f\x13\0\0\0\0\0\0\xbf\xa1\0\0\0\0\0\0\
\x07\x01\0\0\xf0\xff\xff\xff\xb7\x02\0\0\x08\0\0\0\x7b\x8a\xa0\xff\0\0\0\0\x85\
\0\0\0\x71\0\0\0\x79\xa7\xf0\xff\0\0\0\0\xbf\xa1\0\0\0\0\0\0\x07\x01\0\0\xf0\
\xff\xff\xff\xb7\x02\0\0\x04\0\0\0\x79\xa3\x88\xff\0\0\0\0\x85\0\0\0\x71\0\0\0\
\x61\xa8\xf0\xff\0\0\0\0\xbf\xa1\0\0\0\0\0\0\x07\x01\0\0\xf0\xff\xff\xff\xb7\
\x02\0\0\x04\0\0\0\x79\xa3\x80\xff\0\0\0\0\x85\0\0\0\x71\0\0\0\x79\xa3\xa0\xff\
\0\0\0\0\x61\xa1\xf0\xff\0\0\0\0\xbf\x32\0\0\0\0\0\0\x0f\x12\0\0\0\0\0\0\x1f\
\x28\0\0\0\0\0\0\x67\x08\0\0\x20\0\0\0\xc7\x08\0\0\x20\0\0\0\x65\x08\x04\0\x01\
\0\0\0\xbf\xa7\0\0\0\0\0\0\x07\x07\0\0\xee\xff\xff\xff\x15\x06\x14\0\0\0\0\0\
\x05\0\x05\0\0\0\0\0\xbf\x31\0\0\0\0\0\0\x67\x01\0\0\x20\0\0\0\xc7\x01\0\0\x20\
\0\0\0\x0f\x17\0\0\0\0\0\0\x15\x07\x0e\0\0\0\0\0\xb7\x08\0\0\x08\0\0\0\xbf\x91\
\0\0\0\0\0\0\x15\x01\xb8\xff\x2c\0\0\0\x55\x01\xad\xff\x33\0\0\0\xbf\x73\0\0\0\
\0\0\0\xb7\x01\0\0\x01\0\0\0\x0f\x13\0\0\0\0\0\0\xbf\xa1\0\0\0\0\0\0\x07\x01\0\
\0\xf0\xff\xff\xff\xb7\x02\0\0\x01\0\0\0\x85\0\0\0\x71\0\0\0\x71\xa8\xf0\xff\0\
\0\0\0\x67\x08\0\0\x02\0\0\0\x05\0\xac\xff\0\0\0\0\xb7\x01\0\0\xfc\0\0\0\x05\0\
\x06\0\0\0\0\0\xbf\x29\0\0\0\0\0\0\x57\x09\0\0\xff\0\0\0\x15\x09\x06\0\x06\0\0\
\0\x15\x09\x25\0\x11\0\0\0\x55\x09\x4e\0\x3a\0\0\0\xb7\x01\0\0\x01\0\0\0\x63\
\x1a\xac\xff\0\0\0\0\x79\xa6\x78\xff\0\0\0\0\x05\0\x58\0\0\0\0\0\xb7\x01\0\0\
\x06\0\0\0\x63\x1a\xac\xff\0\0\0\0\xb7\x01\0\0\xc0\0\0\0\x79\xa6\x90\xff\0\0\0\
\0\xbf\x63\0\0\0\0\0\0\x0f\x13\0\0\0\0\0\0\xbf\xa1\0\0\0\0\0\0\x07\x01\0\0\xf0\
\xff\xff\xff\xb7\x02\0\0\x08\0\0\0\x85\0\0\0\x71\0\0\0\xb7\x01\0\0\xb2\0\0\0\
\x0f\x16\0\0\0\0\0\0\x79\xa7\xf0\xff\0\0\0\0\xbf\xa1\0\0\0\0\0\0\x07\x01\0\0\
\xf0\xff\xff\xff\xb7\x02\0\0\x02\0\0\0\xbf\x63\0\0\0\0\0\0\x85\0\0\0\x71\0\0\0\
\x69\xa1\xf0\xff\0\0\0\0\x0f\x17\0\0\0\0\0\0\xb7\x01\0\0\0\0\0\0\xbf\x73\0\0\0\
\0\0\0\x0f\x13\0\0\0\0\0\0\xbf\xa1\0\0\0\0\0\0\x07\x01\0\0\xf0\xff\xff\xff\xb7\
\x02\0\0\x02\0\0\0\x85\0\0\0\x71\0\0\0\x69\xa1\xf0\xff\0\0\0\0\xdc\x01\0\0\x10\
\0\0\0\x6b\x1a\xc0\xff\0\0\0\0\xb7\x01\0\0\x02\0\0\0\x05\0\x1f\0\0\0\0\0\xb7\
\x01\0\0\x11\0\0\0\x63\x1a\xac\xff\0\0\0\0\xb7\x01\0\0\xc0\0\0\0\x79\xa6\x90\
\xff\0\0\0\0\xbf\x63\0\0\0\0\0\0\x0f\x13\0\0\0\0\0\0\xbf\xa1\0\0\0\0\0\0\x07\
\x01\0\0\xf0\xff\xff\xff\xb7\x02\0\0\x08\0\0\0\x85\0\0\0\x71\0\0\0\xb7\x01\0\0\
\xb2\0\0\0\x0f\x16\0\0\0\0\0\0\x79\xa7\xf0\xff\0\0\0\0\xbf\xa1\0\0\0\0\0\0\x07\
\x01\0\0\xf0\xff\xff\xff\xb7\x02\0\0\x02\0\0\0\xbf\x63\0\0\0\0\0\0\x85\0\0\0\
\x71\0\0\0\x69\xa1\xf0\xff\0\0\0\0\x0f\x17\0\0\0\0\0\0\xb7\x01\0\0\0\0\0\0\xbf\
\x73\0\0\0\0\0\0\x0f\x13\0\0\0\0\0\0\xbf\xa1\0\0\0\0\0\0\x07\x01\0\0\xf0\xff\
\xff\xff\xb7\x02\0\0\x02\0\0\0\x85\0\0\0\x71\0\0\0\x69\xa1\xf0\xff\0\0\0\0\xdc\
\x01\0\0\x10\0\0\0\x6b\x1a\xc0\xff\0\0\0\0\xb7\x01\0\0\x02\0\0\0\x0f\x17\0\0\0\
\0\0\0\xbf\xa1\0\0\0\0\0\0\x07\x01\0\0\xf0\xff\xff\xff\xb7\x02\0\0\x02\0\0\0\
\xbf\x73\0\0\0\0\0\0\x85\0\0\0\x71\0\0\0\x69\xa1\xf0\xff\0\0\0\0\xdc\x01\0\0\
\x10\0\0\0\x6b\x1a\xd8\xff\0\0\0\0\x79\xa6\x78\xff\0\0\0\0\x05\0\x0e\0\0\0\0\0\
\xb7\x01\0\0\x22\x02\0\0\x79\xa3\x70\xff\0\0\0\0\x0f\x13\0\0\0\0\0\0\xbf\xa1\0\
\0\0\0\0\0\x07\x01\0\0\xf0\xff\xff\xff\xb7\x02\0\0\x02\0\0\0\x85\0\0\0\x71\0\0\
\0\x69\xa1\xf0\xff\0\0\0\0\x79\xa6\x78\xff\0\0\0\0\x55\x01\x02\0\x03\0\0\0\xb7\
\x01\0\0\xfb\0\0\0\x05\0\x01\0\0\0\0\0\xb7\x01\0\0\xfc\0\0\0\x63\x1a\xac\xff\0\
\0\0\0\xbf\xa2\0\0\0\0\0\0\x07\x02\0\0\xa8\xff\xff\xff\x18\x01\0\0\0\0\0\0\0\0\
\0\0\0\0\0\0\x85\0\0\0\x01\0\0\0\xdc\x06\0\0\x10\0\0\0\x15\0\x04\0\0\0\0\0\x61\
\x01\x08\0\0\0\0\0\x0f\x61\0\0\0\0\0\0\x63\x10\x08\0\0\0\0\0\x05\0\x0d\0\0\0\0\
\0\xb7\x01\0\0\0\0\0\0\x7b\x1a\xf8\xff\0\0\0\0\xb7\x01\0\0\x02\0\0\0\x7b\x1a\
\xf0\xff\0\0\0\0\x63\x6a\xf8\xff\0\0\0\0\xbf\xa2\0\0\0\0\0\0\x07\x02\0\0\xa8\
\xff\xff\xff\xbf\xa3\0\0\0\0\0\0\x07\x03\0\0\xf0\xff\xff\xff\x18\x01\0\0\0\0\0\
\0\0\0\0\0\0\0\0\0\xb7\x04\0\0\x01\0\0\0\x85\0\0\0\x02\0\0\0\xb7\0\0\0\0\0\0\0\
\x95\0\0\0\0\0\0\0\x79\x14\x20\0\0\0\0\0\xbf\x43\0\0\0\0\0\0\x67\x03\0\0\x20\0\
\0\0\xc7\x03\0\0\x20\0\0\0\xb7\x02\0\0\0\0\0\0\x6d\x32\x8e\0\0\0\0\0\x7b\x4a\
\x20\xff\0\0\0\0\x79\x16\x08\0\0\0\0\0\x7b\x2a\x58\xff\0\0\0\0\x7b\x2a\x50\xff\
\0\0\0\0\x7b\x2a\x48\xff\0\0\0\0\x7b\x2a\x40\xff\0\0\0\0\x7b\x2a\x38\xff\0\0\0\
\0\x7b\x2a\x30\xff\0\0\0\0\x7b\x2a\x28\xff\0\0\0\0\x7b\x6a\x60\xff\0\0\0\0\x7b\
\x6a\x78\xff\0\0\0\0\xbf\xa2\0\0\0\0\0\0\x07\x02\0\0\x78\xff\xff\xff\xb7\x09\0\
\0\x01\0\0\0\x18\x01\0\0\0\0\0\0\0\0\0\0\0\0\0\0\xbf\x23\0\0\0\0\0\0\xb7\x04\0\
\0\x01\0\0\0\x85\0\0\0\x02\0\0\0\xb7\x01\0\0\x18\0\0\0\xbf\x67\0\0\0\0\0\0\x0f\
\x17\0\0\0\0\0\0\xbf\xa1\0\0\0\0\0\0\x07\x01\0\0\x70\xff\xff\xff\xb7\x02\0\0\
\x08\0\0\0\xbf\x73\0\0\0\0\0\0\x85\0\0\0\x71\0\0\0\xb7\x01\0\0\0\0\0\0\x79\xa3\
\x70\xff\0\0\0\0\x0f\x13\0\0\0\0\0\0\xbf\xa8\0\0\0\0\0\0\x07\x08\0\0\x78\xff\
\xff\xff\xbf\x81\0\0\0\0\0\0\xb7\x02\0\0\x88\0\0\0\x85\0\0\0\x71\0\0\0\x69\x88\
\x10\0\0\0\0\0\x63\x8a\x28\xff\0\0\0\0\xb7\x01\0\0\x04\0\0\0\x0f\x16\0\0\0\0\0\
\0\xbf\xa1\0\0\0\0\0\0\x07\x01\0\0\x70\xff\xff\xff\xb7\x02\0\0\x02\0\0\0\xbf\
\x63\0\0\0\0\0\0\x85\0\0\0\x71\0\0\0\x69\xa6\x70\xff\0\0\0\0\xbf\xa1\0\0\0\0\0\
\0\x07\x01\0\0\x70\xff\xff\xff\xb7\x02\0\0\x08\0\0\0\xbf\x73\0\0\0\0\0\0\x85\0\
\0\0\x71\0\0\0\xb7\x01\0\0\x24\x02\0\0\x79\xa3\x70\xff\0\0\0\0\x0f\x13\0\0\0\0\
\0\0\xbf\xa1\0\0\0\0\0\0\x07\x01\0\0\x6e\xff\xff\xff\xb7\x02\0\0\x02\0\0\0\x85\
\0\0\0\x71\0\0\0\x67\x06\0\0\x30\0\0\0\xc7\x06\0\0\x30\0\0\0\x69\xa1\x6e\xff\0\
\0\0\0\x65\x01\x03\0\x05\0\0\0\x15\x01\x0d\0\0\0\0\0\x15\x01\x17\0\x01\0\0\0\
\x05\0\x02\0\0\0\0\0\x15\x01\x08\0\x06\0\0\0\x15\x01\x11\0\x11\0\0\0\xb7\x01\0\
\0\x3a\0\0\0\x15\x06\x01\0\x3a\0\0\0\xb7\x01\0\0\xfc\0\0\0\xb7\x09\0\0\xfb\0\0\
\0\x15\x06\x0f\0\x03\0\0\0\xbf\x19\0\0\0\0\0\0\x05\0\x0d\0\0\0\0\0\xb7\x09\0\0\
\x06\0\0\0\x05\0\x0b\0\0\0\0\0\x15\x08\x01\0\x0a\0\0\0\x55\x08\x08\0\x02\0\0\0\
\xb7\x09\0\0\x06\0\0\0\x15\x06\x07\0\x01\0\0\0\x67\x06\0\0\x20\0\0\0\x77\x06\0\
\0\x20\0\0\0\x15\x06\x3e\0\x03\0\0\0\x55\x06\x02\0\x02\0\0\0\xb7\x09\0\0\x11\0\
\0\0\x05\0\x01\0\0\0\0\0\xb7\x09\0\0\xfc\0\0\0\x63\x9a\x2c\xff\0\0\0\0\x15\x08\
\x08\0\x0a\0\0\0\x55\x08\x17\0\x02\0\0\0\xbf\xa1\0\0\0\0\0\0\x07\x01\0\0\x78\
\xff\xff\xff\x61\x12\0\0\0\0\0\0\x63\x2a\x48\xff\0\0\0\0\x61\x11\x04\0\0\0\0\0\
\x63\x1a\x30\xff\0\0\0\0\x05\0\x10\0\0\0\0\0\xb7\x01\0\0\x48\0\0\0\xbf\xa2\0\0\
\0\0\0\0\x07\x02\0\0\x78\xff\xff\xff\xbf\x23\0\0\0\0\0\0\x0f\x13\0\0\0\0\0\0\
\x79\x21\x48\0\0\0\0\0\x7b\x1a\x30\xff\0\0\0\0\x79\x31\x08\0\0\0\0\0\x7b\x1a\
\x38\xff\0\0\0\0\xb7\x01\0\0\x38\0\0\0\xbf\x23\0\0\0\0\0\0\x0f\x13\0\0\0\0\0\0\
\x79\x21\x38\0\0\0\0\0\x7b\x1a\x48\xff\0\0\0\0\x79\x31\x08\0\0\0\0\0\x7b\x1a\
\x50\xff\0\0\0\0\xbf\xa1\0\0\0\0\0\0\x07\x01\0\0\x78\xff\xff\xff\x69\x12\x0c\0\
\0\0\0\0\x6b\x2a\x58\xff\0\0\0\0\x69\x11\x0e\0\0\0\0\0\x6b\x1a\x40\xff\0\0\0\0\
\xbf\xa2\0\0\0\0\0\0\x07\x02\0\0\x28\xff\xff\xff\x18\x01\0\0\0\0\0\0\0\0\0\0\0\
\0\0\0\x85\0\0\0\x01\0\0\0\x15\0\x05\0\0\0\0\0\x18\x01\0\0\x92\0\0\0\0\0\0\0\0\
\0\0\0\xb7\x02\0\0\x47\0\0\0\x85\0\0\0\x06\0\0\0\x05\0\x0d\0\0\0\0\0\xb7\x01\0\
\0\0\0\0\0\x7b\x1a\x80\xff\0\0\0\0\x7b\x1a\x78\xff\0\0\0\0\x79\xa1\x20\xff\0\0\
\0\0\x63\x1a\x80\xff\0\0\0\0\xbf\xa2\0\0\0\0\0\0\x07\x02\0\0\x28\xff\xff\xff\
\xbf\xa3\0\0\0\0\0\0\x07\x03\0\0\x78\xff\xff\xff\x18\x01\0\0\0\0\0\0\0\0\0\0\0\
\0\0\0\xb7\x04\0\0\x01\0\0\0\x85\0\0\0\x02\0\0\0\xb7\0\0\0\0\0\0\0\x95\0\0\0\0\
\0\0\0\xb7\x09\0\0\xfb\0\0\0\x05\0\xc4\xff\0\0\0\0\x79\x12\x28\0\0\0\0\0\x18\
\x03\0\0\0\0\0\x80\0\0\0\0\0\0\0\0\x5f\x32\0\0\0\0\0\0\x55\x02\x8b\0\0\0\0\0\
\x79\x16\0\0\0\0\0\0\xb7\x01\0\0\0\0\0\0\x7b\x1a\x58\xff\0\0\0\0\x7b\x1a\x50\
\xff\0\0\0\0\x7b\x1a\x48\xff\0\0\0\0\x7b\x1a\x40\xff\0\0\0\0\x7b\x1a\x38\xff\0\
\0\0\0\x7b\x1a\x30\xff\0\0\0\0\x7b\x1a\x28\xff\0\0\0\0\x7b\x6a\x60\xff\0\0\0\0\
\x7b\x6a\x78\xff\0\0\0\0\xbf\xa2\0\0\0\0\0\0\x07\x02\0\0\x78\xff\xff\xff\xb7\
\x09\0\0\x01\0\0\0\x18\x01\0\0\0\0\0\0\0\0\0\0\0\0\0\0\xbf\x23\0\0\0\0\0\0\xb7\
\x04\0\0\x01\0\0\0\x85\0\0\0\x02\0\0\0\xb7\x01\0\0\x18\0\0\0\xbf\x67\0\0\0\0\0\
\0\x0f\x17\0\0\0\0\0\0\xbf\xa1\0\0\0\0\0\0\x07\x01\0\0\x70\xff\xff\xff\xb7\x02\
\0\0\x08\0\0\0\xbf\x73\0\0\0\0\0\0\x85\0\0\0\x71\0\0\0\xb7\x01\0\0\0\0\0\0\x79\
\xa3\x70\xff\0\0\0\0\x0f\x13\0\0\0\0\0\0\xbf\xa8\0\0\0\0\0\0\x07\x08\0\0\x78\
\xff\xff\xff\xbf\x81\0\0\0\0\0\0\xb7\x02\0\0\x88\0\0\0\x85\0\0\0\x71\0\0\0\x69\
\x88\x10\0\0\0\0\0\x63\x8a\x28\xff\0\0\0\0\xb7\x01\0\0\x04\0\0\0\x0f\x16\0\0\0\
\0\0\0\xbf\xa1\0\0\0\0\0\0\x07\x01\0\0\x70\xff\xff\xff\xb7\x02\0\0\x02\0\0\0\
\xbf\x63\0\0\0\0\0\0\x85\0\0\0\x71\0\0\0\x69\xa6\x70\xff\0\0\0\0\xbf\xa1\0\0\0\
\0\0\0\x07\x01\0\0\x70\xff\xff\xff\xb7\x02\0\0\x08\0\0\0\xbf\x73\0\0\0\0\0\0\
\x85\0\0\0\x71\0\0\0\xb7\x01\0\0\x24\x02\0\0\x79\xa3\x70\xff\0\0\0\0\x0f\x13\0\
\0\0\0\0\0\xbf\xa1\0\0\0\0\0\0\x07\x01\0\0\x6e\xff\xff\xff\xb7\x02\0\0\x02\0\0\
\0\x85\0\0\0\x71\0\0\0\x67\x06\0\0\x30\0\0\0\xc7\x06\0\0\x30\0\0\0\x69\xa1\x6e\
\xff\0\0\0\0\x65\x01\x03\0\x05\0\0\0\x15\x01\x0d\0\0\0\0\0\x15\x01\x17\0\x01\0\
\0\0\x05\0\x02\0\0\0\0\0\x15\x01\x08\0\x06\0\0\0\x15\x01\x11\0\x11\0\0\0\xb7\
\x01\0\0\x3a\0\0\0\x15\x06\x01\0\x3a\0\0\0\xb7\x01\0\0\xfc\0\0\0\xb7\x09\0\0\
\xfb\0\0\0\x15\x06\x0f\0\x03\0\0\0\xbf\x19\0\0\0\0\0\0\x05\0\x0d\0\0\0\0\0\xb7\
\x09\0\0\x06\0\0\0\x05\0\x0b\0\0\0\0\0\x15\x08\x01\0\x0a\0\0\0\x55\x08\x08\0\
\x02\0\0\0\xb7\x09\0\0\x06\0\0\0\x15\x06\x07\0\x01\0\0\0\x67\x06\0\0\x20\0\0\0\
\x77\x06\0\0\x20\0\0\0\x15\x06\x3b\0\x03\0\0\0\x55\x06\x02\0\x02\0\0\0\xb7\x09\
\0\0\x11\0\0\0\x05\0\x01\0\0\0\0\0\xb7\x09\0\0\xfc\0\0\0\x63\x9a\x2c\xff\0\0\0\
\0\x15\x08\x08\0\x0a\0\0\0\x55\x08\x17\0\x02\0\0\0\xbf\xa1\0\0\0\0\0\0\x07\x01\
\0\0\x78\xff\xff\xff\x61\x12\0\0\0\0\0\0\x63\x2a\x48\xff\0\0\0\0\x61\x11\x04\0\
\0\0\0\0\x63\x1a\x30\xff\0\0\0\0\x05\0\x10\0\0\0\0\0\xb7\x01\0\0\x48\0\0\0\xbf\
\xa2\0\0\0\0\0\0\x07\x02\0\0\x78\xff\xff\xff\xbf\x23\0\0\0\0\0\0\x0f\x13\0\0\0\
\0\0\0\x79\x21\x48\0\0\0\0\0\x7b\x1a\x30\xff\0\0\0\0\x79\x31\x08\0\0\0\0\0\x7b\
\x1a\x38\xff\0\0\0\0\xb7\x01\0\0\x38\0\0\0\xbf\x23\0\0\0\0\0\0\x0f\x13\0\0\0\0\
\0\0\x79\x21\x38\0\0\0\0\0\x7b\x1a\x48\xff\0\0\0\0\x79\x31\x08\0\0\0\0\0\x7b\
\x1a\x50\xff\0\0\0\0\xbf\xa1\0\0\0\0\0\0\x07\x01\0\0\x78\xff\xff\xff\x69\x12\
\x0c\0\0\0\0\0\x6b\x2a\x58\xff\0\0\0\0\x69\x11\x0e\0\0\0\0\0\x6b\x1a\x40\xff\0\
\0\0\0\xbf\xa2\0\0\0\0\0\0\x07\x02\0\0\x28\xff\xff\xff\x18\x01\0\0\0\0\0\0\0\0\
\0\0\0\0\0\0\x85\0\0\0\x01\0\0\0\x15\0\x03\0\0\0\0\0\xb7\x01\0\0\x01\0\0\0\x63\
\x10\0\0\0\0\0\0\x05\0\x0c\0\0\0\0\0\xb7\x01\0\0\0\0\0\0\x7b\x1a\x80\xff\0\0\0\
\0\xb7\x01\0\0\x01\0\0\0\x7b\x1a\x78\xff\0\0\0\0\xbf\xa2\0\0\0\0\0\0\x07\x02\0\
\0\x28\xff\xff\xff\xbf\xa3\0\0\0\0\0\0\x07\x03\0\0\x78\xff\xff\xff\x18\x01\0\0\
\0\0\0\0\0\0\0\0\0\0\0\0\xb7\x04\0\0\x01\0\0\0\x85\0\0\0\x02\0\0\0\xb7\0\0\0\0\
\0\0\0\x95\0\0\0\0\0\0\0\xb7\x09\0\0\xfb\0\0\0\x05\0\xc7\xff\0\0\0\0\x79\x11\0\
\0\0\0\0\0\x7b\x1a\xf8\xff\0\0\0\0\xbf\xa2\0\0\0\0\0\0\x07\x02\0\0\xf8\xff\xff\
\xff\x18\x01\0\0\0\0\0\0\0\0\0\0\0\0\0\0\x85\0\0\0\x03\0\0\0\xb7\0\0\0\0\0\0\0\
\x95\0\0\0\0\0\0\0\x79\x19\0\0\0\0\0\0\x7b\x9a\x60\xff\0\0\0\0\xb7\x07\0\0\0\0\
\0\0\x63\x7a\x5c\xff\0\0\0\0\xbf\xa2\0\0\0\0\0\0\x07\x02\0\0\x5c\xff\xff\xff\
\x18\x01\0\0\0\0\0\0\0\0\0\0\0\0\0\0\x85\0\0\0\x01\0\0\0\x15\0\x40\x01\0\0\0\0\
\x7b\x0a\x40\xff\0\0\0\0\xbf\x06\0\0\0\0\0\0\x7b\x76\x38\x02\0\0\0\0\x7b\x76\
\x30\x02\0\0\0\0\x7b\x76\x28\x02\0\0\0\0\x7b\x76\x20\x02\0\0\0\0\x7b\x76\x18\
\x02\0\0\0\0\x7b\x76\x10\x02\0\0\0\0\x7b\x76\x08\x02\0\0\0\0\x7b\x76\0\x02\0\0\
\0\0\x7b\x76\xf8\x01\0\0\0\0\x7b\x76\xf0\x01\0\0\0\0\x7b\x76\xe8\x01\0\0\0\0\
\x7b\x76\xe0\x01\0\0\0\0\x7b\x76\xd8\x01\0\0\0\0\x7b\x76\xd0\x01\0\0\0\0\x7b\
\x76\xc8\x01\0\0\0\0\x7b\x76\xc0\x01\0\0\0\0\x7b\x76\xb8\x01\0\0\0\0\x7b\x76\
\xb0\x01\0\0\0\0\x7b\x76\xa8\x01\0\0\0\0\x7b\x76\xa0\x01\0\0\0\0\x7b\x76\x98\
\x01\0\0\0\0\x7b\x76\x90\x01\0\0\0\0\x7b\x76\x88\x01\0\0\0\0\x7b\x76\x80\x01\0\
\0\0\0\x7b\x76\x78\x01\0\0\0\0\x7b\x76\x70\x01\0\0\0\0\x7b\x76\x68\x01\0\0\0\0\
\x7b\x76\x60\x01\0\0\0\0\x7b\x76\x58\x01\0\0\0\0\x7b\x76\x50\x01\0\0\0\0\x7b\
\x76\x48\x01\0\0\0\0\x7b\x76\x40\x01\0\0\0\0\x7b\x76\x38\x01\0\0\0\0\x7b\x76\
\x30\x01\0\0\0\0\x7b\x76\x28\x01\0\0\0\0\x7b\x76\x20\x01\0\0\0\0\x7b\x76\x18\
\x01\0\0\0\0\x7b\x76\x10\x01\0\0\0\0\x7b\x76\x08\x01\0\0\0\0\x7b\x76\0\x01\0\0\
\0\0\x7b\x76\xf8\0\0\0\0\0\x7b\x76\xf0\0\0\0\0\0\x7b\x76\xe8\0\0\0\0\0\x7b\x76\
\xe0\0\0\0\0\0\x7b\x76\xd8\0\0\0\0\0\x7b\x76\xd0\0\0\0\0\0\x7b\x76\xc8\0\0\0\0\
\0\x7b\x76\xc0\0\0\0\0\0\x7b\x76\xb8\0\0\0\0\0\x7b\x76\xb0\0\0\0\0\0\x7b\x76\
\xa8\0\0\0\0\0\x7b\x76\xa0\0\0\0\0\0\x7b\x76\x98\0\0\0\0\0\x7b\x76\x90\0\0\0\0\
\0\x7b\x76\x88\0\0\0\0\0\x7b\x76\x80\0\0\0\0\0\x7b\x76\x78\0\0\0\0\0\x7b\x76\
\x70\0\0\0\0\0\x7b\x76\x68\0\0\0\0\0\x7b\x76\x60\0\0\0\0\0\x7b\x76\x58\0\0\0\0\
\0\x7b\x76\x50\0\0\0\0\0\x7b\x76\x48\0\0\0\0\0\x7b\x76\x40\0\0\0\0\0\x7b\x76\
\x38\0\0\0\0\0\x7b\x76\x30\0\0\0\0\0\x7b\x76\x28\0\0\0\0\0\x7b\x76\x20\0\0\0\0\
\0\x7b\x76\x18\0\0\0\0\0\x7b\x76\x10\0\0\0\0\0\x7b\x76\x08\0\0\0\0\0\x7b\x76\0\
\0\0\0\0\0\x85\0\0\0\x23\0\0\0\x7b\x0a\x50\xff\0\0\0\0\xb7\x01\0\0\x18\0\0\0\
\xbf\x93\0\0\0\0\0\0\x0f\x13\0\0\0\0\0\0\xbf\xa1\0\0\0\0\0\0\x07\x01\0\0\x68\
\xff\xff\xff\xb7\x02\0\0\x08\0\0\0\x85\0\0\0\x71\0\0\0\xb7\x01\0\0\x04\0\0\0\
\x0f\x19\0\0\0\0\0\0\x79\xa7\x68\xff\0\0\0\0\xbf\xa1\0\0\0\0\0\0\x07\x01\0\0\
\x68\xff\xff\xff\xb7\x02\0\0\x02\0\0\0\xbf\x93\0\0\0\0\0\0\x85\0\0\0\x71\0\0\0\
\xb7\x01\0\0\0\0\0\0\xbf\x73\0\0\0\0\0\0\x0f\x13\0\0\0\0\0\0\x69\xa8\x68\xff\0\
\0\0\0\xbf\xa9\0\0\0\0\0\0\x07\x09\0\0\x68\xff\xff\xff\xbf\x91\0\0\0\0\0\0\xb7\
\x02\0\0\x88\0\0\0\x85\0\0\0\x71\0\0\0\x69\x99\x10\0\0\0\0\0\x63\x96\x04\0\0\0\
\0\0\xb7\x01\0\0\x24\x02\0\0\x0f\x17\0\0\0\0\0\0\xbf\xa1\0\0\0\0\0\0\x07\x01\0\
\0\xf8\xff\xff\xff\xb7\x02\0\0\x02\0\0\0\xbf\x73\0\0\0\0\0\0\x85\0\0\0\x71\0\0\
\0\x67\x08\0\0\x30\0\0\0\xc7\x08\0\0\x30\0\0\0\x69\xa2\xf8\xff\0\0\0\0\x65\x02\
\x04\0\x05\0\0\0\x15\x02\x0e\0\0\0\0\0\xb7\x01\0\0\x01\0\0\0\x15\x02\x17\0\x01\
\0\0\0\x05\0\x02\0\0\0\0\0\x15\x02\x08\0\x06\0\0\0\x15\x02\x11\0\x11\0\0\0\xb7\
\x02\0\0\x3a\0\0\0\x15\x08\x01\0\x3a\0\0\0\xb7\x02\0\0\xfc\0\0\0\xb7\x01\0\0\
\xfb\0\0\0\x15\x08\x0f\0\x03\0\0\0\xbf\x21\0\0\0\0\0\0\x05\0\x0d\0\0\0\0\0\xb7\
\x01\0\0\x06\0\0\0\x05\0\x0b\0\0\0\0\0\x15\x09\x01\0\x0a\0\0\0\x55\x09\x08\0\
\x02\0\0\0\xb7\x01\0\0\x06\0\0\0\x15\x08\x07\0\x01\0\0\0\x67\x08\0\0\x20\0\0\0\
\x77\x08\0\0\x20\0\0\0\x15\x08\xba\0\x03\0\0\0\x55\x08\x02\0\x02\0\0\0\xb7\x01\
\0\0\x11\0\0\0\x05\0\x01\0\0\0\0\0\xb7\x01\0\0\xfc\0\0\0\x7b\x6a\x48\xff\0\0\0\
\0\x63\x16\x08\0\0\0\0\0\xb7\x01\0\0\x10\x06\0\0\x79\xa3\x50\xff\0\0\0\0\x0f\
\x13\0\0\0\0\0\0\xbf\xa1\0\0\0\0\0\0\x07\x01\0\0\xf0\xff\xff\xff\xb7\x02\0\0\
\x08\0\0\0\x85\0\0\0\x71\0\0\0\xb7\x01\0\0\x40\x06\0\0\x79\xa3\xf0\xff\0\0\0\0\
\x0f\x13\0\0\0\0\0\0\xbf\xa1\0\0\0\0\0\0\x07\x01\0\0\xf8\xff\xff\xff\xb7\x02\0\
\0\x08\0\0\0\x85\0\0\0\x71\0\0\0\xb7\x07\0\0\x40\0\0\0\x79\xa8\xf8\xff\0\0\0\0\
\x05\0\x06\0\0\0\0\0\x07\x07\0\0\xff\xff\xff\xff\xbf\x71\0\0\0\0\0\0\x67\x01\0\
\0\x20\0\0\0\x77\x01\0\0\x20\0\0\0\xbf\x98\0\0\0\0\0\0\x15\x01\x20\0\0\0\0\0\
\xbf\x83\0\0\0\0\0\0\xb7\x01\0\0\x10\x06\0\0\x0f\x13\0\0\0\0\0\0\xbf\xa1\0\0\0\
\0\0\0\x07\x01\0\0\xf0\xff\xff\xff\xb7\x02\0\0\x08\0\0\0\x85\0\0\0\x71\0\0\0\
\x79\xa3\xf0\xff\0\0\0\0\xb7\x01\0\0\x40\x06\0\0\x0f\x13\0\0\0\0\0\0\xbf\xa1\0\
\0\0\0\0\0\x07\x01\0\0\xf8\xff\xff\xff\xb7\x02\0\0\x08\0\0\0\x85\0\0\0\x71\0\0\
\0\x79\xa9\xf8\xff\0\0\0\0\x15\x09\x10\0\0\0\0\0\xbf\x83\0\0\0\0\0\0\xb7\x06\0\
\0\xa0\x08\0\0\x0f\x63\0\0\0\0\0\0\xbf\xa1\0\0\0\0\0\0\x07\x01\0\0\xf8\xff\xff\
\xff\xb7\x02\0\0\x08\0\0\0\x85\0\0\0\x71\0\0\0\xbf\x93\0\0\0\0\0\0\x0f\x63\0\0\
\0\0\0\0\x79\xa6\xf8\xff\0\0\0\0\xbf\xa1\0\0\0\0\0\0\x07\x01\0\0\xf8\xff\xff\
\xff\xb7\x02\0\0\x08\0\0\0\x85\0\0\0\x71\0\0\0\x79\xa1\xf8\xff\0\0\0\0\x1d\x16\
\xda\xff\0\0\0\0\xb7\x07\0\0\x04\x06\0\0\xbf\x83\0\0\0\0\0\0\x0f\x73\0\0\0\0\0\
\0\xbf\xa1\0\0\0\0\0\0\x07\x01\0\0\xf8\xff\xff\xff\xb7\x02\0\0\x04\0\0\0\x85\0\
\0\0\x71\0\0\0\x61\xa1\xf8\xff\0\0\0\0\x79\xa6\x48\xff\0\0\0\0\x63\x16\x14\0\0\
\0\0\0\xb7\x09\0\0\x38\x07\0\0\x0f\x98\0\0\0\0\0\0\xbf\xa1\0\0\0\0\0\0\x07\x01\
\0\0\xf8\xff\xff\xff\xb7\x02\0\0\x08\0\0\0\xbf\x83\0\0\0\0\0\0\x85\0\0\0\x71\0\
\0\0\x79\xa1\xf8\xff\0\0\0\0\x7b\x16\x20\0\0\0\0\0\xb7\x01\0\0\x40\x06\0\0\x79\
\xa8\x50\xff\0\0\0\0\xbf\x83\0\0\0\0\0\0\x0f\x13\0\0\0\0\0\0\xbf\xa1\0\0\0\0\0\
\0\x07\x01\0\0\xf0\xff\xff\xff\xb7\x02\0\0\x08\0\0\0\x85\0\0\0\x71\0\0\0\x79\
\xa3\xf0\xff\0\0\0\0\x0f\x93\0\0\0\0\0\0\xbf\xa1\0\0\0\0\0\0\x07\x01\0\0\xf8\
\xff\xff\xff\xb7\x02\0\0\x08\0\0\0\x85\0\0\0\x71\0\0\0\x79\xa1\xf8\xff\0\0\0\0\
\x7b\x16\x18\0\0\0\0\0\xbf\x83\0\0\0\0\0\0\x0f\x73\0\0\0\0\0\0\xbf\xa1\0\0\0\0\
\0\0\x07\x01\0\0\xf8\xff\xff\xff\xb7\x02\0\0\x04\0\0\0\x85\0\0\0\x71\0\0\0\x61\
\xa1\xf8\xff\0\0\0\0\x63\x16\x10\0\0\0\0\0\xb7\x01\0\0\xa8\x07\0\0\xbf\x87\0\0\
\0\0\0\0\x0f\x17\0\0\0\0\0\0\xbf\xa1\0\0\0\0\0\0\x07\x01\0\0\xf8\xff\xff\xff\
\xb7\x02\0\0\x08\0\0\0\xbf\x73\0\0\0\0\0\0\x85\0\0\0\x71\0\0\0\xb7\x01\0\0\x14\
\0\0\0\x79\xa3\xf8\xff\0\0\0\0\x0f\x13\0\0\0\0\0\0\xbf\xa1\0\0\0\0\0\0\x07\x01\
\0\0\xf0\xff\xff\xff\xb7\x02\0\0\x04\0\0\0\x85\0\0\0\x71\0\0\0\x61\xa1\xf0\xff\
\0\0\0\0\x63\x16\x2c\x02\0\0\0\0\xbf\xa1\0\0\0\0\0\0\x07\x01\0\0\xf8\xff\xff\
\xff\xb7\x02\0\0\x08\0\0\0\xbf\x73\0\0\0\0\0\0\x85\0\0\0\x71\0\0\0\xb7\x01\0\0\
\x18\0\0\0\x79\xa3\xf8\xff\0\0\0\0\x0f\x13\0\0\0\0\0\0\xbf\xa1\0\0\0\0\0\0\x07\
\x01\0\0\xf0\xff\xff\xff\xb7\x02\0\0\x04\0\0\0\x85\0\0\0\x71\0\0\0\x61\xa1\xf0\
\xff\0\0\0\0\x63\x16\x30\x02\0\0\0\0\xb7\x01\0\0\x48\x05\0\0\x0f\x18\0\0\0\0\0\
\0\xbf\xa1\0\0\0\0\0\0\x07\x01\0\0\xf0\xff\xff\xff\xb7\x02\0\0\x08\0\0\0\xbf\
\x83\0\0\0\0\0\0\x85\0\0\0\x71\0\0\0\xb7\x01\0\0\x28\x01\0\0\x79\xa3\xf0\xff\0\
\0\0\0\x0f\x13\0\0\0\0\0\0\xbf\xa1\0\0\0\0\0\0\x07\x01\0\0\xf8\xff\xff\xff\xb7\
\x02\0\0\x08\0\0\0\x85\0\0\0\x71\0\0\0\x79\xa9\xf8\xff\0\0\0\0\xbf\xa1\0\0\0\0\
\0\0\x07\x01\0\0\xf0\xff\xff\xff\xb7\x02\0\0\x08\0\0\0\xbf\x83\0\0\0\0\0\0\x85\
\0\0\0\x71\0\0\0\xb7\x01\0\0\x30\x01\0\0\x79\xa3\xf0\xff\0\0\0\0\x0f\x13\0\0\0\
\0\0\0\xbf\xa1\0\0\0\0\0\0\x07\x01\0\0\xf8\xff\xff\xff\xb7\x02\0\0\x08\0\0\0\
\x85\0\0\0\x71\0\0\0\x79\xa2\xf8\xff\0\0\0\0\x1f\x92\0\0\0\0\0\0\xb7\x01\0\0\0\
\x02\0\0\x2d\x21\x01\0\0\0\0\0\xb7\x02\0\0\0\x02\0\0\x63\x26\x28\x02\0\0\0\0\
\x79\xa1\x40\xff\0\0\0\0\x07\x01\0\0\x28\0\0\0\xbf\x93\0\0\0\0\0\0\x85\0\0\0\
\x70\0\0\0\x61\x61\x28\x02\0\0\0\0\x55\x01\x02\0\0\x02\0\0\xb7\x01\0\0\0\0\0\0\
\x73\x16\x27\x02\0\0\0\0\xb7\x01\0\0\0\0\0\0\x73\x16\x38\x02\0\0\0\0\xbf\xa2\0\
\0\0\0\0\0\x07\x02\0\0\x60\xff\xff\xff\x18\x01\0\0\0\0\0\0\0\0\0\0\0\0\0\0\xbf\
\x63\0\0\0\0\0\0\xb7\x04\0\0\0\0\0\0\x85\0\0\0\x02\0\0\0\x95\0\0\0\0\0\0\0\xb7\
\x01\0\0\xfb\0\0\0\x05\0\x48\xff\0\0\0\0\x79\x19\0\0\0\0\0\0\x7b\x9a\x60\xff\0\
\0\0\0\xb7\x07\0\0\0\0\0\0\x63\x7a\x5c\xff\0\0\0\0\xbf\xa2\0\0\0\0\0\0\x07\x02\
\0\0\x5c\xff\xff\xff\x18\x01\0\0\0\0\0\0\0\0\0\0\0\0\0\0\x85\0\0\0\x01\0\0\0\
\x15\0\x40\x01\0\0\0\0\x7b\x0a\x40\xff\0\0\0\0\xbf\x06\0\0\0\0\0\0\x7b\x76\x38\
\x02\0\0\0\0\x7b\x76\x30\x02\0\0\0\0\x7b\x76\x28\x02\0\0\0\0\x7b\x76\x20\x02\0\
\0\0\0\x7b\x76\x18\x02\0\0\0\0\x7b\x76\x10\x02\0\0\0\0\x7b\x76\x08\x02\0\0\0\0\
\x7b\x76\0\x02\0\0\0\0\x7b\x76\xf8\x01\0\0\0\0\x7b\x76\xf0\x01\0\0\0\0\x7b\x76\
\xe8\x01\0\0\0\0\x7b\x76\xe0\x01\0\0\0\0\x7b\x76\xd8\x01\0\0\0\0\x7b\x76\xd0\
\x01\0\0\0\0\x7b\x76\xc8\x01\0\0\0\0\x7b\x76\xc0\x01\0\0\0\0\x7b\x76\xb8\x01\0\
\0\0\0\x7b\x76\xb0\x01\0\0\0\0\x7b\x76\xa8\x01\0\0\0\0\x7b\x76\xa0\x01\0\0\0\0\
\x7b\x76\x98\x01\0\0\0\0\x7b\x76\x90\x01\0\0\0\0\x7b\x76\x88\x01\0\0\0\0\x7b\
\x76\x80\x01\0\0\0\0\x7b\x76\x78\x01\0\0\0\0\x7b\x76\x70\x01\0\0\0\0\x7b\x76\
\x68\x01\0\0\0\0\x7b\x76\x60\x01\0\0\0\0\x7b\x76\x58\x01\0\0\0\0\x7b\x76\x50\
\x01\0\0\0\0\x7b\x76\x48\x01\0\0\0\0\x7b\x76\x40\x01\0\0\0\0\x7b\x76\x38\x01\0\
\0\0\0\x7b\x76\x30\x01\0\0\0\0\x7b\x76\x28\x01\0\0\0\0\x7b\x76\x20\x01\0\0\0\0\
\x7b\x76\x18\x01\0\0\0\0\x7b\x76\x10\x01\0\0\0\0\x7b\x76\x08\x01\0\0\0\0\x7b\
\x76\0\x01\0\0\0\0\x7b\x76\xf8\0\0\0\0\0\x7b\x76\xf0\0\0\0\0\0\x7b\x76\xe8\0\0\
\0\0\0\x7b\x76\xe0\0\0\0\0\0\x7b\x76\xd8\0\0\0\0\0\x7b\x76\xd0\0\0\0\0\0\x7b\
\x76\xc8\0\0\0\0\0\x7b\x76\xc0\0\0\0\0\0\x7b\x76\xb8\0\0\0\0\0\x7b\x76\xb0\0\0\
\0\0\0\x7b\x76\xa8\0\0\0\0\0\x7b\x76\xa0\0\0\0\0\0\x7b\x76\x98\0\0\0\0\0\x7b\
\x76\x90\0\0\0\0\0\x7b\x76\x88\0\0\0\0\0\x7b\x76\x80\0\0\0\0\0\x7b\x76\x78\0\0\
\0\0\0\x7b\x76\x70\0\0\0\0\0\x7b\x76\x68\0\0\0\0\0\x7b\x76\x60\0\0\0\0\0\x7b\
\x76\x58\0\0\0\0\0\x7b\x76\x50\0\0\0\0\0\x7b\x76\x48\0\0\0\0\0\x7b\x76\x40\0\0\
\0\0\0\x7b\x76\x38\0\0\0\0\0\x7b\x76\x30\0\0\0\0\0\x7b\x76\x28\0\0\0\0\0\x7b\
\x76\x20\0\0\0\0\0\x7b\x76\x18\0\0\0\0\0\x7b\x76\x10\0\0\0\0\0\x7b\x76\x08\0\0\
\0\0\0\x7b\x76\0\0\0\0\0\0\x85\0\0\0\x23\0\0\0\x7b\x0a\x50\xff\0\0\0\0\xb7\x01\
\0\0\x18\0\0\0\xbf\x93\0\0\0\0\0\0\x0f\x13\0\0\0\0\0\0\xbf\xa1\0\0\0\0\0\0\x07\
\x01\0\0\x68\xff\xff\xff\xb7\x02\0\0\x08\0\0\0\x85\0\0\0\x71\0\0\0\xb7\x01\0\0\
\x04\0\0\0\x0f\x19\0\0\0\0\0\0\x79\xa7\x68\xff\0\0\0\0\xbf\xa1\0\0\0\0\0\0\x07\
\x01\0\0\x68\xff\xff\xff\xb7\x02\0\0\x02\0\0\0\xbf\x93\0\0\0\0\0\0\x85\0\0\0\
\x71\0\0\0\xb7\x01\0\0\0\0\0\0\xbf\x73\0\0\0\0\0\0\x0f\x13\0\0\0\0\0\0\x69\xa8\
\x68\xff\0\0\0\0\xbf\xa9\0\0\0\0\0\0\x07\x09\0\0\x68\xff\xff\xff\xbf\x91\0\0\0\
\0\0\0\xb7\x02\0\0\x88\0\0\0\x85\0\0\0\x71\0\0\0\x69\x99\x10\0\0\0\0\0\x63\x96\
\x04\0\0\0\0\0\xb7\x01\0\0\x24\x02\0\0\x0f\x17\0\0\0\0\0\0\xbf\xa1\0\0\0\0\0\0\
\x07\x01\0\0\xf8\xff\xff\xff\xb7\x02\0\0\x02\0\0\0\xbf\x73\0\0\0\0\0\0\x85\0\0\
\0\x71\0\0\0\x67\x08\0\0\x30\0\0\0\xc7\x08\0\0\x30\0\0\0\x69\xa2\xf8\xff\0\0\0\
\0\x65\x02\x04\0\x05\0\0\0\x15\x02\x0e\0\0\0\0\0\xb7\x01\0\0\x01\0\0\0\x15\x02\
\x17\0\x01\0\0\0\x05\0\x02\0\0\0\0\0\x15\x02\x08\0\x06\0\0\0\x15\x02\x11\0\x11\
\0\0\0\xb7\x02\0\0\x3a\0\0\0\x15\x08\x01\0\x3a\0\0\0\xb7\x02\0\0\xfc\0\0\0\xb7\
\x01\0\0\xfb\0\0\0\x15\x08\x0f\0\x03\0\0\0\xbf\x21\0\0\0\0\0\0\x05\0\x0d\0\0\0\
\0\0\xb7\x01\0\0\x06\0\0\0\x05\0\x0b\0\0\0\0\0\x15\x09\x01\0\x0a\0\0\0\x55\x09\
\x08\0\x02\0\0\0\xb7\x01\0\0\x06\0\0\0\x15\x08\x07\0\x01\0\0\0\x67\x08\0\0\x20\
\0\0\0\x77\x08\0\0\x20\0\0\0\x15\x08\xba\0\x03\0\0\0\x55\x08\x02\0\x02\0\0\0\
\xb7\x01\0\0\x11\0\0\0\x05\0\x01\0\0\0\0\0\xb7\x01\0\0\xfc\0\0\0\x7b\x6a\x48\
\xff\0\0\0\0\x63\x16\x08\0\0\0\0\0\xb7\x01\0\0\x10\x06\0\0\x79\xa3\x50\xff\0\0\
\0\0\x0f\x13\0\0\0\0\0\0\xbf\xa1\0\0\0\0\0\0\x07\x01\0\0\xf0\xff\xff\xff\xb7\
\x02\0\0\x08\0\0\0\x85\0\0\0\x71\0\0\0\xb7\x01\0\0\x40\x06\0\0\x79\xa3\xf0\xff\
\0\0\0\0\x0f\x13\0\0\0\0\0\0\xbf\xa1\0\0\0\0\0\0\x07\x01\0\0\xf8\xff\xff\xff\
\xb7\x02\0\0\x08\0\0\0\x85\0\0\0\x71\0\0\0\xb7\x07\0\0\x40\0\0\0\x79\xa8\xf8\
\xff\0\0\0\0\x05\0\x06\0\0\0\0\0\x07\x07\0\0\xff\xff\xff\xff\xbf\x71\0\0\0\0\0\
\0\x67\x01\0\0\x20\0\0\0\x77\x01\0\0\x20\0\0\0\xbf\x98\0\0\0\0\0\0\x15\x01\x20\
\0\0\0\0\0\xbf\x83\0\0\0\0\0\0\xb7\x01\0\0\x10\x06\0\0\x0f\x13\0\0\0\0\0\0\xbf\
\xa1\0\0\0\0\0\0\x07\x01\0\0\xf0\xff\xff\xff\xb7\x02\0\0\x08\0\0\0\x85\0\0\0\
\x71\0\0\0\x79\xa3\xf0\xff\0\0\0\0\xb7\x01\0\0\x40\x06\0\0\x0f\x13\0\0\0\0\0\0\
\xbf\xa1\0\0\0\0\0\0\x07\x01\0\0\xf8\xff\xff\xff\xb7\x02\0\0\x08\0\0\0\x85\0\0\
\0\x71\0\0\0\x79\xa9\xf8\xff\0\0\0\0\x15\x09\x10\0\0\0\0\0\xbf\x83\0\0\0\0\0\0\
\xb7\x06\0\0\xa0\x08\0\0\x0f\x63\0\0\0\0\0\0\xbf\xa1\0\0\0\0\0\0\x07\x01\0\0\
\xf8\xff\xff\xff\xb7\x02\0\0\x08\0\0\0\x85\0\0\0\x71\0\0\0\xbf\x93\0\0\0\0\0\0\
\x0f\x63\0\0\0\0\0\0\x79\xa6\xf8\xff\0\0\0\0\xbf\xa1\0\0\0\0\0\0\x07\x01\0\0\
\xf8\xff\xff\xff\xb7\x02\0\0\x08\0\0\0\x85\0\0\0\x71\0\0\0\x79\xa1\xf8\xff\0\0\
\0\0\x1d\x16\xda\xff\0\0\0\0\xb7\x07\0\0\x04\x06\0\0\xbf\x83\0\0\0\0\0\0\x0f\
\x73\0\0\0\0\0\0\xbf\xa1\0\0\0\0\0\0\x07\x01\0\0\xf8\xff\xff\xff\xb7\x02\0\0\
\x04\0\0\0\x85\0\0\0\x71\0\0\0\x61\xa1\xf8\xff\0\0\0\0\x79\xa6\x48\xff\0\0\0\0\
\x63\x16\x14\0\0\0\0\0\xb7\x09\0\0\x38\x07\0\0\x0f\x98\0\0\0\0\0\0\xbf\xa1\0\0\
\0\0\0\0\x07\x01\0\0\xf8\xff\xff\xff\xb7\x02\0\0\x08\0\0\0\xbf\x83\0\0\0\0\0\0\
\x85\0\0\0\x71\0\0\0\x79\xa1\xf8\xff\0\0\0\0\x7b\x16\x20\0\0\0\0\0\xb7\x01\0\0\
\x40\x06\0\0\x79\xa8\x50\xff\0\0\0\0\xbf\x83\0\0\0\0\0\0\x0f\x13\0\0\0\0\0\0\
\xbf\xa1\0\0\0\0\0\0\x07\x01\0\0\xf0\xff\xff\xff\xb7\x02\0\0\x08\0\0\0\x85\0\0\
\0\x71\0\0\0\x79\xa3\xf0\xff\0\0\0\0\x0f\x93\0\0\0\0\0\0\xbf\xa1\0\0\0\0\0\0\
\x07\x01\0\0\xf8\xff\xff\xff\xb7\x02\0\0\x08\0\0\0\x85\0\0\0\x71\0\0\0\x79\xa1\
\xf8\xff\0\0\0\0\x7b\x16\x18\0\0\0\0\0\xbf\x83\0\0\0\0\0\0\x0f\x73\0\0\0\0\0\0\
\xbf\xa1\0\0\0\0\0\0\x07\x01\0\0\xf8\xff\xff\xff\xb7\x02\0\0\x04\0\0\0\x85\0\0\
\0\x71\0\0\0\x61\xa1\xf8\xff\0\0\0\0\x63\x16\x10\0\0\0\0\0\xb7\x01\0\0\xa8\x07\
\0\0\xbf\x87\0\0\0\0\0\0\x0f\x17\0\0\0\0\0\0\xbf\xa1\0\0\0\0\0\0\x07\x01\0\0\
\xf8\xff\xff\xff\xb7\x02\0\0\x08\0\0\0\xbf\x73\0\0\0\0\0\0\x85\0\0\0\x71\0\0\0\
\xb7\x01\0\0\x14\0\0\0\x79\xa3\xf8\xff\0\0\0\0\x0f\x13\0\0\0\0\0\0\xbf\xa1\0\0\
\0\0\0\0\x07\x01\0\0\xf0\xff\xff\xff\xb7\x02\0\0\x04\0\0\0\x85\0\0\0\x71\0\0\0\
\x61\xa1\xf0\xff\0\0\0\0\x63\x16\x2c\x02\0\0\0\0\xbf\xa1\0\0\0\0\0\0\x07\x01\0\
\0\xf8\xff\xff\xff\xb7\x02\0\0\x08\0\0\0\xbf\x73\0\0\0\0\0\0\x85\0\0\0\x71\0\0\
\0\xb7\x01\0\0\x18\0\0\0\x79\xa3\xf8\xff\0\0\0\0\x0f\x13\0\0\0\0\0\0\xbf\xa1\0\
\0\0\0\0\0\x07\x01\0\0\xf0\xff\xff\xff\xb7\x02\0\0\x04\0\0\0\x85\0\0\0\x71\0\0\
\0\x61\xa1\xf0\xff\0\0\0\0\x63\x16\x30\x02\0\0\0\0\xb7\x01\0\0\x48\x05\0\0\x0f\
\x18\0\0\0\0\0\0\xbf\xa1\0\0\0\0\0\0\x07\x01\0\0\xf0\xff\xff\xff\xb7\x02\0\0\
\x08\0\0\0\xbf\x83\0\0\0\0\0\0\x85\0\0\0\x71\0\0\0\xb7\x01\0\0\x28\x01\0\0\x79\
\xa3\xf0\xff\0\0\0\0\x0f\x13\0\0\0\0\0\0\xbf\xa1\0\0\0\0\0\0\x07\x01\0\0\xf8\
\xff\xff\xff\xb7\x02\0\0\x08\0\0\0\x85\0\0\0\x71\0\0\0\x79\xa9\xf8\xff\0\0\0\0\
\xbf\xa1\0\0\0\0\0\0\x07\x01\0\0\xf0\xff\xff\xff\xb7\x02\0\0\x08\0\0\0\xbf\x83\
\0\0\0\0\0\0\x85\0\0\0\x71\0\0\0\xb7\x01\0\0\x30\x01\0\0\x79\xa3\xf0\xff\0\0\0\
\0\x0f\x13\0\0\0\0\0\0\xbf\xa1\0\0\0\0\0\0\x07\x01\0\0\xf8\xff\xff\xff\xb7\x02\
\0\0\x08\0\0\0\x85\0\0\0\x71\0\0\0\x79\xa2\xf8\xff\0\0\0\0\x1f\x92\0\0\0\0\0\0\
\xb7\x01\0\0\0\x02\0\0\x2d\x21\x01\0\0\0\0\0\xb7\x02\0\0\0\x02\0\0\x63\x26\x28\
\x02\0\0\0\0\x79\xa1\x40\xff\0\0\0\0\x07\x01\0\0\x28\0\0\0\xbf\x93\0\0\0\0\0\0\
\x85\0\0\0\x70\0\0\0\x61\x61\x28\x02\0\0\0\0\x55\x01\x02\0\0\x02\0\0\xb7\x01\0\
\0\0\0\0\0\x73\x16\x27\x02\0\0\0\0\xb7\x01\0\0\0\0\0\0\x73\x16\x38\x02\0\0\0\0\
\xbf\xa2\0\0\0\0\0\0\x07\x02\0\0\x60\xff\xff\xff\x18\x01\0\0\0\0\0\0\0\0\0\0\0\
\0\0\0\xbf\x63\0\0\0\0\0\0\xb7\x04\0\0\0\0\0\0\x85\0\0\0\x02\0\0\0\x95\0\0\0\0\
\0\0\0\xb7\x01\0\0\xfb\0\0\0\x05\0\x48\xff\0\0\0\0\x44\x75\x61\x6c\x20\x42\x53\
\x44\x2f\x47\x50\x4c\0\0\0\0\0\0\0\0\0\0\0\0\0\0\0\0\0\0\0\0\0\0\0\0\0\0\0\0\0\
\0\0\0\0\0\0\0\0\0\0\0\0\0\0\0\0\0\0\0\0\0\0\0\0\0\0\0\0\0\0\0\0\0\0\0\0\0\0\0\
\0\0\0\0\0\0\0\0\0\0\0\0\0\0\0\0\0\0\0\0\0\0\0\0\0\0\0\0\0\0\0\0\0\0\0\0\0\0\0\
\0\0\0\0\0\0\0\0\0\0\0\0\0\0\0\0\0\0\0\0\0\0\0\0\0\0\0\0\0\0\0\0\0\0\0\0\0\0\0\
\0\0\0\0\0\0\0\0\0\0\0\0\0\0\0\0\0\0\0\0\0\0\0\0\0\0\0\0\0\0\0\0\0\0\x43\x6f\
\x75\x6c\x64\x20\x6e\x6f\x74\x20\x64\x65\x74\x65\x72\x6d\x69\x6e\x65\x20\x69\
\x66\x20\x64\x65\x76\x69\x63\x65\x20\x69\x73\x20\x65\x78\x74\x65\x72\x6e\x61\
\x6c\x2e\x20\x73\x6b\x5f\x62\x75\x66\x66\x20\x63\x6f\x6e\x74\x61\x69\x6e\x65\
\x64\x20\x61\x20\x6e\x75\x6c\x6c\x20\x6e\x65\x74\x5f\x64\x65\x76\x69\x63\x65\
\x2e\0\x43\x6f\x75\x6c\x64\x20\x6e\x6f\x74\x20\x64\x65\x74\x65\x72\x6d\x69\x6e\
\x65\x20\x69\x66\x20\x64\x65\x76\x69\x63\x65\x20\x69\x73\x20\x65\x78\x74\x65\
\x72\x6e\x61\x6c\x2e\x20\x69\x66\x69\x6e\x64\x65\x78\x20\x69\x73\x20\x6e\x65\
\x67\x61\x74\x69\x76\x65\x3a\x25\x64\0\x63\x72\x6f\x73\x5f\x6e\x65\x74\x77\x6f\
\x72\x6b\x5f\x61\x63\x63\x65\x70\x74\x5f\x65\x78\x69\x74\x20\x65\x6e\x63\x6f\
\x75\x6e\x74\x65\x72\x65\x64\x20\x61\x20\x73\x6f\x63\x6b\x65\x74\x20\x77\x69\
\x74\x68\x20\x65\x78\x69\x73\x74\x69\x6e\x67\x20\x66\x6c\x6f\x77\x20\x65\x6e\
\x74\x72\x79\0\0\0\0\x9f\xeb\x01\0\x18\0\0\0\0\0\0\0\x48\xaf\0\0\x48\xaf\0\0\
\x46\x9d\0\0\0\0\0\0\0\0\0\x02\x03\0\0\0\x01\0\0\0\0\0\0\x01\x04\0\0\0\x20\0\0\
\x01\0\0\0\0\0\0\0\x03\0\0\0\0\x02\0\0\0\x04\0\0\0\x1b\0\0\0\x05\0\0\0\0\0\0\
\x01\x04\0\0\0\x20\0\0\0\0\0\0\0\0\0\0\x02\x06\0\0\0\0\0\0\0\0\0\0\x03\0\0\0\0\
\x02\0\0\0\x04\0\0\0\0\0\x20\0\0\0\0\0\x02\0\0\x04\x10\0\0\0\x19\0\0\0\x01\0\0\
\0\0\0\0\0\x1e\0\0\0\x05\0\0\0\x40\0\0\0\x2a\0\0\0\0\0\0\x0e\x07\0\0\0\x01\0\0\
\0\0\0\0\0\0\0\0\x02\x0a\0\0\0\0\0\0\0\0\0\0\x03\0\0\0\0\x02\0\0\0\x04\0\0\0\
\x09\0\0\0\0\0\0\0\0\0\0\x02\x0c\0\0\0\0\0\0\0\0\0\0\x03\0\0\0\0\x02\0\0\0\x04\
\0\0\0\0\x08\0\0\0\0\0\0\0\0\0\x02\x0e\0\0\0\x2d\0\0\0\x02\0\0\x04\x40\0\0\0\
\x3f\0\0\0\x0f\0\0\0\0\0\0\0\x4a\0\0\0\x20\0\0\0\xc0\x01\0\0\x4f\0\0\0\x06\0\0\
\x04\x38\0\0\0\x64\0\0\0\x10\0\0\0\0\0\0\0\x6b\0\0\0\x11\0\0\0\x20\0\0\0\x74\0\
\0\0\x12\0\0\0\x40\0\0\0\x80\0\0\0\x1c\0\0\0\xc0\0\0\0\x8c\0\0\0\x12\0\0\0\0\
\x01\0\0\x96\0\0\0\x1c\0\0\0\x80\x01\0\0\xa0\0\0\0\x02\0\0\x06\x04\0\0\0\xb4\0\
\0\0\x02\0\0\0\xc8\0\0\0\x0a\0\0\0\xdd\0\0\0\x06\0\0\x06\x04\0\0\0\xf3\0\0\0\
\x06\0\0\0\x05\x01\0\0\x11\0\0\0\x17\x01\0\0\x01\0\0\0\x2a\x01\0\0\x3a\0\0\0\
\x3e\x01\0\0\xfb\0\0\0\x50\x01\0\0\xfc\0\0\0\x66\x01\0\0\x02\0\0\x05\x10\0\0\0\
\x73\x01\0\0\x13\0\0\0\0\0\0\0\x79\x01\0\0\x1b\0\0\0\0\0\0\0\x7f\x01\0\0\0\0\0\
\x08\x14\0\0\0\x88\x01\0\0\0\0\0\x08\x15\0\0\0\x8c\x01\0\0\0\0\0\x08\x16\0\0\0\
\x92\x01\0\0\0\0\0\x01\x04\0\0\0\x20\0\0\0\x9f\x01\0\0\0\0\0\x08\x18\0\0\0\xa7\
\x01\0\0\0\0\0\x08\x19\0\0\0\xaa\x01\0\0\0\0\0\x08\x1a\0\0\0\xaf\x01\0\0\0\0\0\
\x01\x01\0\0\0\x08\0\0\0\0\0\0\0\0\0\0\x03\0\0\0\0\x17\0\0\0\x04\0\0\0\x10\0\0\
\0\xbd\x01\0\0\0\0\0\x08\x1d\0\0\0\xc6\x01\0\0\0\0\0\x08\x1e\0\0\0\xca\x01\0\0\
\0\0\0\x08\x1f\0\0\0\xd0\x01\0\0\0\0\0\x01\x02\0\0\0\x10\0\0\0\xdf\x01\0\0\0\0\
\0\x08\x21\0\0\0\xe8\x01\0\0\0\0\0\x08\x22\0\0\0\xec\x01\0\0\0\0\0\x08\x23\0\0\
\0\xf2\x01\0\0\0\0\0\x01\x08\0\0\0\x40\0\0\0\0\0\0\0\0\0\0\x02\x25\0\0\0\x05\
\x02\0\0\x04\0\0\x04\x10\0\0\0\x19\x02\0\0\x26\0\0\0\0\0\0\0\x23\x02\0\0\x13\0\
\0\0\x20\0\0\0\x2c\x02\0\0\x13\0\0\0\x40\0\0\0\x35\x02\0\0\x27\0\0\0\x60\0\0\0\
\x48\x02\0\0\x03\0\0\x06\x04\0\0\0\x66\x02\0\0\0\0\0\0\x7f\x02\0\0\x01\0\0\0\
\x99\x02\0\0\x02\0\0\0\xb7\x02\0\0\0\0\0\x08\x28\0\0\0\xbc\x02\0\0\0\0\0\x01\
\x01\0\0\0\x08\0\0\x04\0\0\0\0\x04\0\0\x04\x20\0\0\0\x19\0\0\0\x09\0\0\0\0\0\0\
\0\x1e\0\0\0\x0b\0\0\0\x40\0\0\0\xc2\x02\0\0\x0d\0\0\0\x80\0\0\0\xc6\x02\0\0\
\x24\0\0\0\xc0\0\0\0\xcc\x02\0\0\0\0\0\x0e\x29\0\0\0\x01\0\0\0\0\0\0\0\0\0\0\
\x02\x2c\0\0\0\0\0\0\0\0\0\0\x03\0\0\0\0\x02\0\0\0\x04\0\0\0\0\x01\0\0\0\0\0\0\
\0\0\0\x02\x2e\0\0\0\xe2\x02\0\0\0\0\0\x08\x2f\0\0\0\xea\x02\0\0\0\0\0\x08\x30\
\0\0\0\xee\x02\0\0\0\0\0\x08\x31\0\0\0\xf4\x02\0\0\0\0\0\x01\x08\0\0\0\x40\0\0\
\x01\0\0\0\0\x04\0\0\x04\x20\0\0\0\x19\0\0\0\x09\0\0\0\0\0\0\0\x1e\0\0\0\x2b\0\
\0\0\x40\0\0\0\xc2\x02\0\0\x2d\0\0\0\x80\0\0\0\xc6\x02\0\0\x2d\0\0\0\xc0\0\0\0\
\xfe\x02\0\0\0\0\0\x0e\x32\0\0\0\x01\0\0\0\0\0\0\0\0\0\0\x02\x35\0\0\0\0\0\0\0\
\0\0\0\x03\0\0\0\0\x02\0\0\0\x04\0\0\0\0\x04\0\0\0\0\0\0\0\0\0\x02\x20\0\0\0\0\
\0\0\0\0\0\0\x02\x38\0\0\0\x1f\x03\0\0\x02\0\0\x04\x40\x02\0\0\x3e\x03\0\0\x39\
\0\0\0\0\0\0\0\x35\x02\0\0\x27\0\0\0\xc0\x11\0\0\x45\x03\0\0\x04\0\0\x04\x38\
\x02\0\0\x59\x03\0\0\x02\0\0\0\0\0\0\0\x64\0\0\0\x10\0\0\0\x20\0\0\0\x6b\0\0\0\
\x11\0\0\0\x40\0\0\0\x60\x03\0\0\x3a\0\0\0\x80\0\0\0\x68\x03\0\0\x08\0\0\x04\
\x28\x02\0\0\x7f\x03\0\0\x13\0\0\0\0\0\0\0\x83\x03\0\0\x13\0\0\0\x20\0\0\0\x88\
\x03\0\0\x3b\0\0\0\x40\0\0\0\x93\x03\0\0\x3b\0\0\0\x80\0\0\0\xa5\x03\0\0\x3d\0\
\0\0\xc0\0\0\0\xb1\x03\0\0\x13\0\0\0\xc0\x10\0\0\xc1\x03\0\0\x13\0\0\0\xe0\x10\
\0\0\xc5\x03\0\0\x13\0\0\0\0\x11\0\0\xc9\x03\0\0\0\0\0\x08\x20\0\0\0\xd3\x03\0\
\0\0\0\0\x01\x01\0\0\0\x08\0\0\x01\0\0\0\0\0\0\0\x03\0\0\0\0\x3c\0\0\0\x04\0\0\
\0\0\x02\0\0\0\0\0\0\x04\0\0\x04\x20\0\0\0\x19\0\0\0\x09\0\0\0\0\0\0\0\x1e\0\0\
\0\x34\0\0\0\x40\0\0\0\xc2\x02\0\0\x36\0\0\0\x80\0\0\0\xc6\x02\0\0\x37\0\0\0\
\xc0\0\0\0\xd8\x03\0\0\0\0\0\x0e\x3e\0\0\0\x01\0\0\0\0\0\0\0\x04\0\0\x04\x20\0\
\0\0\x19\0\0\0\x09\0\0\0\0\0\0\0\x1e\0\0\0\x34\0\0\0\x40\0\0\0\xc2\x02\0\0\x36\
\0\0\0\x80\0\0\0\xc6\x02\0\0\x36\0\0\0\xc0\0\0\0\xe4\x03\0\0\0\0\0\x0e\x40\0\0\
\0\x01\0\0\0\0\0\0\0\0\0\0\x02\x43\0\0\0\0\0\0\0\0\0\0\x03\0\0\0\0\x02\0\0\0\
\x04\0\0\0\x06\0\0\0\0\0\0\0\0\0\0\x02\x45\0\0\0\0\0\0\0\0\0\0\x03\0\0\0\0\x02\
\0\0\0\x04\0\0\0\x04\0\0\0\0\0\0\0\0\0\0\x02\x47\0\0\0\0\0\0\0\0\0\0\x03\0\0\0\
\0\x02\0\0\0\x04\0\0\0\x40\x02\0\0\0\0\0\0\0\0\0\x02\x49\0\0\0\0\0\0\0\0\0\0\
\x03\0\0\0\0\x02\0\0\0\x04\0\0\0\x01\0\0\0\0\0\0\0\x04\0\0\x04\x20\0\0\0\x19\0\
\0\0\x42\0\0\0\0\0\0\0\xf6\x03\0\0\x44\0\0\0\x40\0\0\0\xff\x03\0\0\x46\0\0\0\
\x80\0\0\0\x1e\0\0\0\x48\0\0\0\xc0\0\0\0\x0a\x04\0\0\0\0\0\x0e\x4a\0\0\0\x01\0\
\0\0\0\0\0\0\0\0\0\x02\x23\0\0\0\0\0\0\0\x01\0\0\x0d\x02\0\0\0\x27\x04\0\0\x4c\
\0\0\0\x2b\x04\0\0\x01\0\0\x0c\x4d\0\0\0\xa9\x05\0\0\xcf\0\0\x84\xc0\x0f\0\0\
\xb5\x05\0\0\x50\0\0\0\0\0\0\0\xc1\x05\0\0\x16\0\0\0\xc0\x01\0\0\xc9\x05\0\0\
\x56\0\0\0\0\x02\0\0\xcf\x05\0\0\x57\0\0\0\x40\x02\0\0\xd5\x05\0\0\x16\0\0\0\
\x60\x02\0\0\xdb\x05\0\0\x16\0\0\0\x80\x02\0\0\xe2\x05\0\0\x02\0\0\0\xa0\x02\0\
\0\xe9\x05\0\0\x5b\0\0\0\xc0\x02\0\0\xf4\x05\0\0\x16\0\0\0\x40\x03\0\0\xf8\x05\
\0\0\x16\0\0\0\x60\x03\0\0\x04\x06\0\0\x51\0\0\0\x80\x03\0\0\x18\x06\0\0\x5f\0\
\0\0\xc0\x03\0\0\x23\x06\0\0\x02\0\0\0\0\x04\0\0\x33\x06\0\0\x02\0\0\0\x20\x04\
\0\0\x3c\x06\0\0\x02\0\0\0\x40\x04\0\0\x42\x06\0\0\x02\0\0\0\x60\x04\0\0\x47\
\x06\0\0\x02\0\0\0\x80\x04\0\0\x53\x06\0\0\x02\0\0\0\xa0\x04\0\0\x5f\x06\0\0\
\x16\0\0\0\xc0\x04\0\0\x6b\x06\0\0\x60\0\0\0\0\x05\0\0\x77\x06\0\0\x62\0\0\0\0\
\x06\0\0\x7a\x06\0\0\x6c\0\0\0\0\x10\0\0\x7d\x06\0\0\x6e\0\0\0\x80\x11\0\0\x80\
\x06\0\0\x78\0\0\0\x80\x18\0\0\x91\x06\0\0\x7a\0\0\0\xc0\x18\0\0\x9c\x06\0\0\
\x7a\0\0\0\0\x19\0\0\xa3\x06\0\0\x02\0\0\0\x40\x19\0\0\xba\x06\0\0\x7b\0\0\0\0\
\x1a\0\0\xc0\x06\0\0\x16\0\0\0\0\x22\0\0\xcb\x06\0\0\x16\0\0\0\x20\x22\0\0\xd2\
\x06\0\0\x02\0\0\0\x40\x22\0\0\xe2\x06\0\0\x7c\0\0\0\x80\x22\0\0\xeb\x06\0\0\
\x7f\0\0\0\xc0\x22\0\0\xf9\x06\0\0\x7e\0\0\0\0\x23\0\0\x03\x07\0\0\x56\0\0\0\
\x40\x23\0\0\x15\x07\0\0\x1f\0\0\0\x80\x23\0\0\x28\x07\0\0\x1f\0\0\0\x90\x23\0\
\0\x38\x07\0\0\x02\0\0\0\xa0\x23\0\0\x4e\x07\0\0\x82\0\0\0\xc0\x23\0\0\x66\x07\
\0\0\x66\0\0\0\0\x24\0\0\x75\x07\0\0\x84\0\0\0\x80\x24\0\0\x86\x07\0\0\x51\0\0\
\0\xc0\x24\0\0\x96\x07\0\0\x18\0\0\0\0\x25\0\0\xa8\x07\0\0\x18\0\0\0\x08\x25\0\
\0\xb6\x07\0\0\x02\0\0\0\x20\x25\0\0\xc9\x07\0\0\x66\0\0\0\x40\x25\0\0\xe0\x07\
\0\0\x02\0\0\0\xc0\x25\0\0\xf3\x07\0\0\x02\0\0\0\xe0\x25\0\0\x02\x08\0\0\x82\0\
\0\0\0\x26\0\0\x15\x08\0\0\x27\0\0\0\x20\x26\0\0\x28\x08\0\0\x66\0\0\0\x40\x26\
\0\0\x39\x08\0\0\x85\0\0\0\xc0\x26\0\0\x44\x08\0\0\x66\0\0\0\xc0\x27\0\0\x4a\
\x08\0\0\x86\0\0\0\x40\x28\0\0\x59\x08\0\0\x64\0\0\0\x80\x29\0\0\x6b\x08\0\0\
\x87\0\0\0\x40\x2a\0\0\x6e\x08\0\0\x87\0\0\0\x80\x2a\0\0\x78\x08\0\0\x88\0\0\0\
\xc0\x2a\0\0\x81\x08\0\0\x9c\0\0\0\0\x2c\0\0\x8a\x08\0\0\x02\0\0\0\xa0\x2c\0\0\
\x95\x08\0\0\x02\0\0\0\xc0\x2c\0\0\x9f\x08\0\0\x02\0\0\0\xe0\x2c\0\0\xab\x08\0\
\0\x02\0\0\0\0\x2d\0\0\xb9\x08\0\0\x51\0\0\0\x40\x2d\0\0\xc0\x08\0\0\x16\0\0\0\
\x80\x2d\0\0\xcc\x08\0\0\x16\0\0\0\xa0\x2d\0\x01\xe0\x08\0\0\x16\0\0\0\xa1\x2d\
\0\x01\xfa\x08\0\0\x16\0\0\0\xa2\x2d\0\x01\x09\x09\0\0\x16\0\0\0\xa3\x2d\0\x01\
\x20\x09\0\0\x16\0\0\0\xc0\x2d\0\x01\x34\x09\0\0\x16\0\0\0\xc1\x2d\0\x01\x3e\
\x09\0\0\x16\0\0\0\xc2\x2d\0\x01\x48\x09\0\0\x16\0\0\0\xc3\x2d\0\x01\x55\x09\0\
\0\x16\0\0\0\xc4\x2d\0\x01\x69\x09\0\0\x16\0\0\0\xc5\x2d\0\x01\x70\x09\0\0\x16\
\0\0\0\xc6\x2d\0\x01\x7d\x09\0\0\x16\0\0\0\xc7\x2d\0\x01\x89\x09\0\0\x16\0\0\0\
\xc8\x2d\0\x01\x94\x09\0\0\x51\0\0\0\0\x2e\0\0\xa1\x09\0\0\x9d\0\0\0\x40\x2e\0\
\0\x7f\x03\0\0\xae\0\0\0\0\x30\0\0\xaf\x09\0\0\xae\0\0\0\x20\x30\0\0\xb4\x09\0\
\0\x51\0\0\0\x40\x30\0\0\xc1\x09\0\0\x5f\0\0\0\x80\x30\0\0\xcd\x09\0\0\x5f\0\0\
\0\xc0\x30\0\0\xd4\x09\0\0\x66\0\0\0\0\x31\0\0\xdd\x09\0\0\x66\0\0\0\x80\x31\0\
\0\xe5\x09\0\0\x5f\0\0\0\0\x32\0\0\xf2\x09\0\0\x66\0\0\0\x40\x32\0\0\xfa\x09\0\
\0\x66\0\0\0\xc0\x32\0\0\x07\x0a\0\0\xb0\0\0\0\x40\x33\0\0\x12\x0a\0\0\xb4\0\0\
\0\x80\x33\0\0\x1c\x0a\0\0\x66\0\0\0\x80\x35\0\0\x29\x0a\0\0\x66\0\0\0\0\x36\0\
\0\x35\x0a\0\0\xb5\0\0\0\x80\x36\0\0\x40\x0a\0\0\xb6\0\0\0\xc0\x36\0\0\x4e\x0a\
\0\0\xb6\0\0\0\0\x37\0\0\x5e\x0a\0\0\x56\0\0\0\x40\x37\0\0\x6b\x0a\0\0\x21\0\0\
\0\x80\x37\0\0\x71\x0a\0\0\x21\0\0\0\xc0\x37\0\0\x77\x0a\0\0\x21\0\0\0\0\x38\0\
\0\x7d\x0a\0\0\xb7\0\0\0\x40\x38\0\0\x8a\x0a\0\0\x51\0\0\0\0\x39\0\0\x90\x0a\0\
\0\x51\0\0\0\x40\x39\0\0\x88\x03\0\0\x21\0\0\0\x80\x39\0\0\x97\x0a\0\0\x21\0\0\
\0\xc0\x39\0\0\xa6\x0a\0\0\x51\0\0\0\0\x3a\0\0\xae\x0a\0\0\x51\0\0\0\x40\x3a\0\
\0\xb6\x0a\0\0\xbf\0\0\0\x80\x3a\0\0\xc6\x0a\0\0\xc5\0\0\0\0\x3d\0\0\xd3\x0a\0\
\0\xc5\0\0\0\x40\x3d\0\0\xdd\x0a\0\0\xc5\0\0\0\x80\x3d\0\0\xe2\x0a\0\0\xd3\0\0\
\0\xc0\x3d\0\0\xf7\x0a\0\0\xdd\0\0\0\0\x3e\0\0\xfc\x0a\0\0\xde\0\0\0\x80\x3e\0\
\0\x06\x0b\0\0\xdf\0\0\0\xc0\x3e\0\0\x0e\x0b\0\0\xe1\0\0\0\0\x3f\0\0\x16\x0b\0\
\0\x51\0\0\0\x80\x3f\0\0\x28\x0b\0\0\x51\0\0\0\xc0\x3f\0\0\x39\x0b\0\0\xe2\0\0\
\0\0\x40\0\0\x3c\x0b\0\0\xe3\0\0\0\x40\x40\0\0\x42\x0b\0\0\xe4\0\0\0\x80\x40\0\
\0\x4a\x0b\0\0\xe5\0\0\0\xc0\x40\0\0\x51\x0b\0\0\xe6\0\0\0\0\x41\0\0\x59\x0b\0\
\0\xe7\0\0\0\x40\x41\0\0\x61\x0b\0\0\xe7\0\0\0\x80\x41\0\0\x6e\x0b\0\0\xe7\0\0\
\0\xc0\x41\0\0\x7c\x0b\0\0\xe9\0\0\0\0\x42\0\0\x84\x0b\0\0\x51\0\0\0\xc0\x42\0\
\0\x8e\x0b\0\0\xea\0\0\0\0\x43\0\0\x9a\x0b\0\0\x16\0\0\0\x40\x43\0\0\xa7\x0b\0\
\0\xda\0\0\0\x80\x43\0\0\xb2\x0b\0\0\xed\0\0\0\xc0\x43\0\0\xc0\x0b\0\0\xc8\0\0\
\0\0\x44\0\0\xc9\x0b\0\0\x16\0\0\0\x20\x44\0\0\xd3\x0b\0\0\xee\0\0\0\x40\x44\0\
\0\xdb\x0b\0\0\xf0\0\0\0\xc0\x44\0\0\xec\x0b\0\0\x21\0\0\0\xc0\x44\0\0\xfb\x0b\
\0\0\x21\0\0\0\0\x45\0\0\x08\x0c\0\0\xf1\0\0\0\x40\x45\0\0\x13\x0c\0\0\xb8\0\0\
\0\x60\x45\0\0\x1b\x0c\0\0\xf4\0\0\0\x80\x45\0\0\x22\x0c\0\0\xc2\0\0\0\xc0\x45\
\0\0\x2d\x0c\0\0\x5f\0\0\0\x40\x46\0\0\x39\x0c\0\0\xf6\0\0\0\x80\x46\0\0\x47\
\x0c\0\0\x56\0\0\0\xc0\x46\0\0\x54\x0c\0\0\xf7\0\0\0\0\x47\0\0\x5d\x0c\0\0\xf8\
\0\0\0\x40\x47\0\0\x62\x0c\0\0\xf9\0\0\0\x80\x47\0\0\x70\x0c\0\0\xfa\0\0\0\xc0\
\x47\0\0\x81\x0c\0\0\xfb\0\0\0\0\x48\0\0\x8c\x0c\0\0\xfc\0\0\0\x40\x48\0\0\x9c\
\x0c\0\0\x51\0\0\0\x80\x48\0\0\xab\x0c\0\0\xfd\0\0\0\xc0\x48\0\0\xb8\x0c\0\0\
\xff\0\0\0\0\x49\0\0\xbd\x0c\0\0\x16\0\0\0\0\x4b\0\0\xc7\x0c\0\0\x21\0\0\0\x40\
\x4b\0\0\xd5\x0c\0\0\x21\0\0\0\x80\x4b\0\0\xe2\x0c\0\0\x21\0\0\0\xc0\x4b\0\0\
\xef\x0c\0\0\0\x01\0\0\0\x4c\0\0\xfc\x0c\0\0\x02\x01\0\0\x40\x4c\0\0\x0d\x0d\0\
\0\x02\0\0\0\x60\x4c\0\0\x25\x0d\0\0\x02\0\0\0\x80\x4c\0\0\x3e\x0d\0\0\x06\x01\
\0\0\xc0\x4c\0\0\x46\x0d\0\0\x66\0\0\0\0\x4d\0\0\x4e\x0d\0\0\x07\x01\0\0\x80\
\x4d\0\0\x5a\x0d\0\0\x08\x01\0\0\xc0\x4d\0\0\x6d\x0d\0\0\x66\0\0\0\0\x4e\0\0\
\x7b\x0d\0\0\x09\x01\0\0\x80\x4e\0\0\x8a\x0d\0\0\x0a\x01\0\0\xc0\x4e\0\0\x9b\
\x0d\0\0\x16\0\0\0\xc0\x4f\0\0\xa7\x0d\0\0\x12\x01\0\0\0\x50\0\0\xb7\x0d\0\0\
\x0a\x01\0\0\x80\x50\0\0\xc8\x0d\0\0\x66\0\0\0\x80\x51\0\0\xd8\x0d\0\0\x13\x01\
\0\0\0\x52\0\0\xdd\x0d\0\0\x14\0\0\0\x40\x52\0\0\xe6\x0d\0\0\x51\0\0\0\x80\x52\
\0\0\xf6\x0d\0\0\x14\x01\0\0\xc0\x52\0\0\0\0\0\0\x15\x01\0\0\xc0\x52\0\0\xfe\
\x0d\0\0\x16\x01\0\0\x40\x53\0\0\x0a\x0e\0\0\x17\x01\0\0\x80\x53\0\0\x14\x0e\0\
\0\x02\0\0\0\0\x54\0\0\x1f\x0e\0\0\x02\0\0\0\x20\x54\0\0\x30\x0e\0\0\x51\0\0\0\
\x40\x54\0\0\x42\x0e\0\0\x21\0\0\0\x80\x54\0\0\x51\x0e\0\0\x21\0\0\0\xc0\x54\0\
\0\x68\x0e\0\0\x02\0\0\0\0\x55\0\0\x77\x0e\0\0\x02\0\0\0\x20\x55\0\0\x86\x0e\0\
\0\x19\x01\0\0\x40\x55\0\0\x90\x0e\0\0\x23\0\0\0\x80\x55\0\0\xa1\x0e\0\0\x59\0\
\0\0\xc0\x55\0\0\xaf\x0e\0\0\x59\0\0\0\xe0\x55\0\0\xc3\x0e\0\0\x51\0\0\0\0\x56\
\0\0\xc9\x0e\0\0\x51\0\0\0\x40\x56\0\0\xd9\x0e\0\0\x1a\x01\0\0\x80\x56\0\0\xe8\
\x0e\0\0\x1b\x01\0\0\xc0\x56\0\0\xee\x0e\0\0\x1c\x01\0\0\0\x57\0\0\xf8\x0e\0\0\
\x02\0\0\0\0\x57\0\0\x0b\x0f\0\0\x5f\0\0\0\x40\x57\0\0\x1b\x0f\0\0\x1d\x01\0\0\
\x80\x57\0\0\x2c\x0f\0\0\x21\x01\0\0\xc0\x58\0\0\x3a\x0f\0\0\x57\0\0\0\0\x59\0\
\0\x49\x0f\0\0\x56\0\0\0\x40\x59\0\0\x52\x0f\0\0\x22\x01\0\0\x80\x59\0\0\x5e\
\x0f\0\0\x23\x01\0\0\xc0\x59\0\0\x66\x0f\0\0\x24\x01\0\0\0\x5a\0\0\x7a\x0f\0\0\
\x25\x01\0\0\x80\x5a\0\0\xb5\x05\0\0\x07\0\0\x04\x38\0\0\0\xd5\x05\0\0\x51\0\0\
\0\0\0\0\0\x81\x0f\0\0\x21\0\0\0\x40\0\0\0\0\0\0\0\x52\0\0\0\x80\0\0\0\x87\x0f\
\0\0\x16\0\0\0\xc0\0\0\0\x93\x0f\0\0\x54\0\0\0\0\x01\0\0\xa2\x0f\0\0\x16\0\0\0\
\x40\x01\0\0\xb5\x0f\0\0\x54\0\0\0\x80\x01\0\0\xcb\x0f\0\0\0\0\0\x01\x08\0\0\0\
\x40\0\0\0\0\0\0\0\x02\0\0\x05\x08\0\0\0\xd9\x0f\0\0\x21\0\0\0\0\0\0\0\xe7\x0f\
\0\0\x53\0\0\0\0\0\0\0\0\0\0\0\x02\0\0\x04\x08\0\0\0\xef\x0f\0\0\x14\0\0\0\0\0\
\0\0\xf5\x0f\0\0\x14\0\0\0\x20\0\0\0\0\0\0\0\0\0\0\x02\x55\0\0\0\0\0\0\0\0\0\0\
\x0a\0\0\0\0\0\0\0\0\0\0\0\x02\0\0\0\0\x02\x10\0\0\0\0\0\x08\x58\0\0\0\x0d\x10\
\0\0\x01\0\0\x04\x04\0\0\0\x1d\x10\0\0\x59\0\0\0\0\0\0\0\x22\x10\0\0\0\0\0\x08\
\x5a\0\0\0\0\0\0\0\x01\0\0\x04\x04\0\0\0\x2b\x10\0\0\x02\0\0\0\0\0\0\0\x33\x10\
\0\0\x04\0\0\x04\x10\0\0\0\x46\x10\0\0\x5c\0\0\0\0\0\0\0\0\0\0\0\x5e\0\0\0\x40\
\0\0\0\x4c\x10\0\0\x1d\0\0\0\x60\0\0\0\x50\x10\0\0\x1d\0\0\0\x70\0\0\0\x54\x10\
\0\0\x01\0\0\x04\x08\0\0\0\x5f\x10\0\0\x5d\0\0\0\0\0\0\0\0\0\0\0\0\0\0\x02\x5c\
\0\0\0\0\0\0\0\x02\0\0\x05\x04\0\0\0\x64\x10\0\0\x16\0\0\0\0\0\0\0\x6c\x10\0\0\
\x59\0\0\0\0\0\0\0\0\0\0\0\0\0\0\x02\x4f\0\0\0\0\0\0\0\0\0\0\x02\x61\0\0\0\0\0\
\0\0\0\0\0\x0a\xc3\x03\0\0\x74\x10\0\0\x0f\0\0\x04\x40\x01\0\0\x81\x10\0\0\x63\
\0\0\0\0\0\0\0\x86\x10\0\0\x64\0\0\0\x80\0\0\0\x8f\x10\0\0\x66\0\0\0\x40\x01\0\
\0\x3c\x06\0\0\x16\0\0\0\xc0\x01\0\0\x9a\x10\0\0\x21\0\0\0\0\x02\0\0\xa5\x10\0\
\0\x21\0\0\0\x40\x02\0\0\xb6\x10\0\0\x21\0\0\0\x80\x02\0\0\xbf\x10\0\0\x21\0\0\
\0\xc0\x02\0\0\xd5\x10\0\0\x21\0\0\0\0\x03\0\0\xe3\x10\0\0\x02\0\0\0\x40\x03\0\
\0\xcd\x09\0\0\x68\0\0\0\x80\x03\0\0\xe9\x10\0\0\x69\0\0\0\xc0\x03\0\0\xf0\x10\
\0\0\x69\0\0\0\0\x04\0\0\xf5\x10\0\0\x51\0\0\0\x40\x04\0\0\x05\x11\0\0\x6a\0\0\
\0\0\x06\0\0\x09\x11\0\0\x02\0\0\x04\x10\0\0\0\x15\x11\0\0\x51\0\0\0\0\0\0\0\
\x1c\x11\0\0\x14\0\0\0\x40\0\0\0\x27\x11\0\0\x03\0\0\x04\x18\0\0\0\x2f\x11\0\0\
\x51\0\0\0\0\0\0\0\x41\x11\0\0\x65\0\0\0\x40\0\0\0\x4a\x11\0\0\x65\0\0\0\x80\0\
\0\0\0\0\0\0\0\0\0\x02\x64\0\0\0\x52\x11\0\0\x02\0\0\x04\x10\0\0\0\x5f\x10\0\0\
\x67\0\0\0\0\0\0\0\x5c\x11\0\0\x67\0\0\0\x40\0\0\0\0\0\0\0\0\0\0\x02\x66\0\0\0\
\0\0\0\0\0\0\0\x02\x62\0\0\0\0\0\0\0\0\0\0\x02\xc4\x03\0\0\x61\x11\0\0\x0a\0\0\
\x04\x80\0\0\0\x6b\x11\0\0\x21\0\0\0\0\0\0\0\x7c\x11\0\0\x21\0\0\0\x40\0\0\0\
\x85\x11\0\0\x21\0\0\0\x80\0\0\0\x92\x11\0\0\x14\0\0\0\xc0\0\0\0\x9b\x11\0\0\
\x14\0\0\0\xe0\0\0\0\xaa\x11\0\0\x51\0\0\0\0\x01\0\0\xb3\x11\0\0\x51\0\0\0\x40\
\x01\0\0\xc0\x11\0\0\x51\0\0\0\x80\x01\0\0\xc9\x11\0\0\x51\0\0\0\xc0\x01\0\0\
\xd4\x11\0\0\x6b\0\0\0\0\x02\0\0\xd4\x11\0\0\x02\0\0\x04\x08\0\0\0\xdd\x11\0\0\
\x16\0\0\0\0\0\0\0\xe6\x11\0\0\x16\0\0\0\x20\0\0\0\xeb\x11\0\0\x07\0\0\x04\x30\
\0\0\0\xfb\x11\0\0\x66\0\0\0\0\0\0\0\x04\x12\0\0\x51\0\0\0\x80\0\0\0\x0c\x12\0\
\0\x51\0\0\0\xc0\0\0\0\x1b\x12\0\0\x16\0\0\0\0\x01\0\0\x3c\x06\0\0\x1f\0\0\0\
\x20\x01\0\0\x26\x12\0\0\x1f\0\0\0\x30\x01\0\0\x2e\x12\0\0\x6d\0\0\0\x40\x01\0\
\0\0\0\0\0\0\0\0\x02\x6c\0\0\0\x33\x12\0\0\x10\0\0\x84\xe0\0\0\0\x27\x11\0\0\
\x64\0\0\0\0\0\0\0\x43\x12\0\0\x21\0\0\0\xc0\0\0\0\x4e\x12\0\0\x21\0\0\0\0\x01\
\0\0\x5a\x12\0\0\x21\0\0\0\x40\x01\0\0\x64\x12\0\0\x21\0\0\0\x80\x01\0\0\x6a\
\x12\0\0\x21\0\0\0\xc0\x01\0\0\x75\x12\0\0\x2f\0\0\0\0\x02\0\0\x7d\x12\0\0\x21\
\0\0\0\x40\x02\0\0\xd5\x05\0\0\x16\0\0\0\x80\x02\0\0\x86\x12\0\0\x16\0\0\0\xa0\
\x02\0\x01\x93\x12\0\0\x16\0\0\0\xa1\x02\0\x01\x9e\x12\0\0\x16\0\0\0\xa2\x02\0\
\x01\xb0\x12\0\0\x16\0\0\0\xa3\x02\0\x01\xbb\x12\0\0\x6f\0\0\0\xc0\x02\0\0\xc4\
\x12\0\0\x6f\0\0\0\xc0\x04\0\0\xd3\x12\0\0\x77\0\0\0\xc0\x06\0\0\xd9\x12\0\0\
\x08\0\0\x04\x40\0\0\0\xe1\x12\0\0\x70\0\0\0\0\0\0\0\xe6\x12\0\0\x71\0\0\0\0\
\x01\0\0\xf3\x12\0\0\x72\0\0\0\x40\x01\0\0\xfc\x12\0\0\x76\0\0\0\x80\x01\0\0\
\x01\x13\0\0\x18\0\0\0\xc0\x01\0\0\x07\x13\0\0\x18\0\0\0\xc8\x01\0\0\x0e\x13\0\
\0\x18\0\0\0\xd0\x01\0\0\x16\x13\0\0\x18\0\0\0\xd8\x01\0\0\x1e\x13\0\0\x02\0\0\
\x04\x20\0\0\0\xe1\x12\0\0\x64\0\0\0\0\0\0\0\x2e\x13\0\0\x71\0\0\0\xc0\0\0\0\
\x36\x13\0\0\0\0\0\x08\x2f\0\0\0\0\0\0\0\0\0\0\x02\x73\0\0\0\0\0\0\0\x01\0\0\
\x0d\x74\0\0\0\0\0\0\0\x75\0\0\0\x3e\x13\0\0\x02\0\0\x06\x04\0\0\0\x4e\x13\0\0\
\0\0\0\0\x60\x13\0\0\x01\0\0\0\0\0\0\0\0\0\0\x02\x6f\0\0\0\0\0\0\0\0\0\0\x02\
\xfe\x03\0\0\0\0\0\0\0\0\0\x02\x6e\0\0\0\0\0\0\0\0\0\0\x02\xc5\x03\0\0\x70\x13\
\0\0\x04\0\0\x84\x04\0\0\0\xc6\x02\0\0\x16\0\0\0\0\0\0\x0b\x7a\x13\0\0\x16\0\0\
\0\x0b\0\0\x03\x84\x13\0\0\x16\0\0\0\x0e\0\0\x01\x8b\x13\0\0\x16\0\0\0\x0f\0\0\
\x01\0\0\0\0\0\0\0\x03\0\0\0\0\x79\0\0\0\x04\0\0\0\x02\0\0\0\x98\x13\0\0\x1b\0\
\0\x04\0\x01\0\0\xa9\x13\0\0\x21\0\0\0\0\0\0\0\xb4\x13\0\0\x21\0\0\0\x40\0\0\0\
\xbd\x13\0\0\x21\0\0\0\x80\0\0\0\xc8\x13\0\0\x21\0\0\0\xc0\0\0\0\xd1\x13\0\0\
\x21\0\0\0\0\x01\0\0\xde\x13\0\0\x21\0\0\0\x40\x01\0\0\xe9\x13\0\0\x21\0\0\0\
\x80\x01\0\0\xf5\x13\0\0\x21\0\0\0\xc0\x01\0\0\xff\x13\0\0\x2f\0\0\0\0\x02\0\0\
\x11\x14\0\0\x21\0\0\0\x40\x02\0\0\x1d\x14\0\0\x21\0\0\0\x80\x02\0\0\x27\x14\0\
\0\x21\0\0\0\xc0\x02\0\0\x30\x14\0\0\x21\0\0\0\0\x03\0\0\x3a\x14\0\0\x21\0\0\0\
\x40\x03\0\0\x4d\x14\0\0\x21\0\0\0\x80\x03\0\0\x69\x14\0\0\x21\0\0\0\xc0\x03\0\
\0\x86\x14\0\0\x21\0\0\0\0\x04\0\0\x9f\x14\0\0\x21\0\0\0\x40\x04\0\0\xb4\x14\0\
\0\x21\0\0\0\x80\x04\0\0\xbf\x14\0\0\x21\0\0\0\xc0\x04\0\0\xcf\x14\0\0\x21\0\0\
\0\0\x05\0\0\xe2\x14\0\0\x21\0\0\0\x40\x05\0\0\xf3\x14\0\0\x21\0\0\0\x80\x05\0\
\0\x05\x15\0\0\x21\0\0\0\xc0\x05\0\0\x17\x15\0\0\x21\0\0\0\0\x06\0\0\x32\x15\0\
\0\x21\0\0\0\x40\x06\0\0\x45\x15\0\0\x21\0\0\0\x80\x06\0\0\0\0\0\0\0\0\0\x02\
\x7d\0\0\0\0\0\0\0\0\0\0\x0a\x7e\0\0\0\x55\x15\0\0\0\0\0\x08\x80\0\0\0\0\0\0\0\
\0\0\0\x02\x7e\0\0\0\x5f\x15\0\0\x01\0\0\x04\x08\0\0\0\x67\x15\0\0\x81\0\0\0\0\
\0\0\0\0\0\0\0\0\0\0\x03\0\0\0\0\x51\0\0\0\x04\0\0\0\x01\0\0\0\x6c\x15\0\0\x02\
\0\0\x05\x04\0\0\0\x78\x15\0\0\x83\0\0\0\0\0\0\0\x7a\x15\0\0\x14\0\0\0\0\0\0\0\
\0\0\0\0\x04\0\0\x04\x04\0\0\0\x59\x0b\0\0\x18\0\0\0\0\0\0\0\x7c\x15\0\0\x18\0\
\0\0\x08\0\0\0\x84\x15\0\0\x18\0\0\0\x10\0\0\0\x8d\x15\0\0\x18\0\0\0\x18\0\0\0\
\0\0\0\0\0\0\0\x02\x1f\x04\0\0\x39\x08\0\0\x04\0\0\x04\x20\0\0\0\x95\x15\0\0\
\x51\0\0\0\0\0\0\0\x9c\x15\0\0\x23\0\0\0\x40\0\0\0\xa6\x15\0\0\x23\0\0\0\x80\0\
\0\0\xb3\x15\0\0\x23\0\0\0\xc0\0\0\0\xbf\x15\0\0\x03\0\0\x04\x28\0\0\0\x42\x06\
\0\0\x02\0\0\0\0\0\0\0\xca\x15\0\0\x66\0\0\0\x40\0\0\0\xd4\x15\0\0\x66\0\0\0\
\xc0\0\0\0\0\0\0\0\0\0\0\x02\xe9\x01\0\0\x78\x08\0\0\x02\0\0\x04\x28\0\0\0\xde\
\x15\0\0\x21\0\0\0\0\0\0\0\xe5\x15\0\0\x9b\0\0\0\x40\0\0\0\0\0\0\0\0\0\0\x02\
\x8a\0\0\0\xea\x15\0\0\x12\0\0\x04\xc0\0\0\0\xf9\x15\0\0\x51\0\0\0\0\0\0\0\x02\
\x16\0\0\x51\0\0\0\x40\0\0\0\x09\x16\0\0\x89\0\0\0\x80\0\0\0\x11\x16\0\0\x89\0\
\0\0\xc0\0\0\0\x19\x16\0\0\x64\0\0\0\0\x01\0\0\x1f\x16\0\0\x51\0\0\0\xc0\x01\0\
\0\x2e\x16\0\0\x87\0\0\0\0\x02\0\0\x34\x16\0\0\x8b\0\0\0\x40\x02\0\0\x41\x16\0\
\0\x51\0\0\0\x80\x02\0\0\0\0\0\0\x8e\0\0\0\xc0\x02\0\0\x4a\x16\0\0\x66\0\0\0\
\xc0\x03\0\0\x59\x16\0\0\x92\0\0\0\x40\x04\0\0\x62\x16\0\0\x93\0\0\0\x80\x04\0\
\0\x69\x16\0\0\x51\0\0\0\xc0\x04\0\0\x72\x16\0\0\x95\0\0\0\0\x05\0\0\x7a\x16\0\
\0\x56\0\0\0\x40\x05\0\0\x8a\x16\0\0\x96\0\0\0\x80\x05\0\0\x9e\x16\0\0\x99\0\0\
\0\xc0\x05\0\0\xb1\x16\0\0\0\0\0\x08\x8c\0\0\0\0\0\0\0\x01\0\0\x04\x08\0\0\0\
\xba\x16\0\0\x8d\0\0\0\0\0\0\0\xc1\x16\0\0\0\0\0\x08\x21\0\0\0\0\0\0\0\x02\0\0\
\x05\x20\0\0\0\xca\x16\0\0\x8f\0\0\0\0\0\0\0\xd1\x16\0\0\x90\0\0\0\0\0\0\0\0\0\
\0\0\x02\0\0\x04\x20\0\0\0\x2a\0\0\0\x64\0\0\0\0\0\0\0\xdb\x16\0\0\x51\0\0\0\
\xc0\0\0\0\0\0\0\0\0\0\0\x02\x91\0\0\0\0\0\0\0\0\0\0\x0a\x3c\0\0\0\0\0\0\0\0\0\
\0\x02\x51\x04\0\0\0\0\0\0\0\0\0\x02\x94\0\0\0\0\0\0\0\0\0\0\x0a\xc2\x03\0\0\0\
\0\0\0\0\0\0\x02\xed\x01\0\0\xeb\x16\0\0\0\0\0\x08\x97\0\0\0\xf9\x16\0\0\0\0\0\
\x08\x98\0\0\0\0\0\0\0\x01\0\0\x04\x08\0\0\0\x2b\x10\0\0\x2f\0\0\0\0\0\0\0\x9e\
\x16\0\0\x01\0\0\x04\x08\0\0\0\x27\x04\0\0\x9a\0\0\0\0\0\0\0\0\0\0\0\0\0\0\x02\
\x52\x04\0\0\0\0\0\0\0\0\0\x03\0\0\0\0\x89\0\0\0\x04\0\0\0\x04\0\0\0\x04\x17\0\
\0\x02\0\0\x04\x14\0\0\0\x12\x17\0\0\x02\0\0\0\0\0\0\0\xef\x0f\0\0\x45\0\0\0\
\x20\0\0\0\xa1\x09\0\0\x03\0\0\x04\x38\0\0\0\x19\x17\0\0\x51\0\0\0\0\0\0\0\x23\
\x17\0\0\x9e\0\0\0\x40\0\0\0\0\0\0\0\xa2\0\0\0\x80\0\0\0\0\0\0\0\0\0\0\x02\x9f\
\0\0\0\0\0\0\0\x01\0\0\x0d\xa0\0\0\0\0\0\0\0\xa1\0\0\0\x26\x17\0\0\0\0\0\x01\
\x08\0\0\0\x40\0\0\x01\0\0\0\0\0\0\0\x02\x9d\0\0\0\0\0\0\0\x03\0\0\x05\x28\0\0\
\0\x2b\x17\0\0\xa3\0\0\0\0\0\0\0\x31\x17\0\0\xa5\0\0\0\0\0\0\0\x3b\x17\0\0\xac\
\0\0\0\0\0\0\0\0\0\0\0\x06\0\0\x04\x28\0\0\0\x40\x17\0\0\xa4\0\0\0\0\0\0\0\x46\
\x17\0\0\x14\0\0\0\x40\0\0\0\xd5\x05\0\0\x14\0\0\0\x60\0\0\0\x4a\x17\0\0\x14\0\
\0\0\x80\0\0\0\x51\x17\0\0\x21\0\0\0\xc0\0\0\0\x56\x17\0\0\xa4\0\0\0\0\x01\0\0\
\0\0\0\0\0\0\0\x02\x14\0\0\0\0\0\0\0\x04\0\0\x04\x18\0\0\0\x5d\x17\0\0\xa6\0\0\
\0\0\0\0\0\x19\0\0\0\xa8\0\0\0\x20\0\0\0\0\0\0\0\xa9\0\0\0\x40\0\0\0\x2e\x13\0\
\0\x21\0\0\0\x80\0\0\0\x65\x17\0\0\0\0\0\x08\xa7\0\0\0\x6f\x17\0\0\0\0\0\x08\
\x02\0\0\0\x82\x17\0\0\x03\0\0\x06\x04\0\0\0\x90\x17\0\0\0\0\0\0\x98\x17\0\0\
\x01\0\0\0\xa2\x17\0\0\x02\0\0\0\0\0\0\0\x02\0\0\x05\x08\0\0\0\xac\x17\0\0\xaa\
\0\0\0\0\0\0\0\xb1\x17\0\0\xab\0\0\0\0\0\0\0\0\0\0\0\0\0\0\x02\x20\x04\0\0\0\0\
\0\0\0\0\0\x02\x21\x04\0\0\0\0\0\0\x05\0\0\x04\x20\0\0\0\xbd\x17\0\0\xad\0\0\0\
\0\0\0\0\xc2\x17\0\0\x02\0\0\0\x40\0\0\0\xc7\x17\0\0\x02\0\0\0\x60\0\0\0\xd3\
\x17\0\0\x51\0\0\0\x80\0\0\0\xda\x17\0\0\x51\0\0\0\xc0\0\0\0\0\0\0\0\0\0\0\x02\
\x22\x04\0\0\xe2\x17\0\0\0\0\0\x08\xaf\0\0\0\xe8\x17\0\0\0\0\0\x08\x02\0\0\0\0\
\0\0\0\0\0\0\x02\x12\x04\0\0\xf7\x17\0\0\x02\0\0\x04\x10\0\0\0\x5f\x10\0\0\xb2\
\0\0\0\0\0\0\0\x02\x18\0\0\xb3\0\0\0\x40\0\0\0\0\0\0\0\0\0\0\x02\xb1\0\0\0\0\0\
\0\0\0\0\0\x02\xb2\0\0\0\0\0\0\0\0\0\0\x03\0\0\0\0\xb1\0\0\0\x04\0\0\0\x04\0\0\
\0\0\0\0\0\0\0\0\x02\xce\x02\0\0\0\0\0\0\0\0\0\x02\x02\0\0\0\x7d\x0a\0\0\x03\0\
\0\x04\x18\0\0\0\x6b\x0a\0\0\x21\0\0\0\0\0\0\0\x71\x0a\0\0\x21\0\0\0\x40\0\0\0\
\x08\x18\0\0\xb8\0\0\0\x80\0\0\0\x0d\x18\0\0\0\0\0\x08\xb9\0\0\0\x1c\x18\0\0\
\x01\0\0\x04\x04\0\0\0\x29\x18\0\0\xba\0\0\0\0\0\0\0\x32\x18\0\0\0\0\0\x08\xbb\
\0\0\0\x42\x18\0\0\x01\0\0\x04\x04\0\0\0\0\0\0\0\xbc\0\0\0\0\0\0\0\0\0\0\0\x03\
\0\0\x05\x04\0\0\0\x46\x17\0\0\x59\0\0\0\0\0\0\0\0\0\0\0\xbd\0\0\0\0\0\0\0\0\0\
\0\0\xbe\0\0\0\0\0\0\0\0\0\0\0\x02\0\0\x04\x02\0\0\0\x4c\x18\0\0\x18\0\0\0\0\0\
\0\0\x7c\x0b\0\0\x18\0\0\0\x08\0\0\0\0\0\0\0\x02\0\0\x04\x04\0\0\0\x53\x18\0\0\
\x1d\0\0\0\0\0\0\0\x62\x18\0\0\x1d\0\0\0\x10\0\0\0\xb6\x0a\0\0\x03\0\0\x04\x50\
\0\0\0\x67\x18\0\0\xc4\0\0\0\0\0\0\0\x6d\x18\0\0\x16\0\0\0\x40\x02\0\0\x7b\x18\
\0\0\x16\0\0\0\x60\x02\0\0\x89\x18\0\0\x02\0\0\x04\x18\0\0\0\x9d\x18\0\0\x21\0\
\0\0\0\0\0\0\xa5\x18\0\0\xc1\0\0\0\x40\0\0\0\xac\x18\0\0\x01\0\0\x04\x10\0\0\0\
\xbc\x18\0\0\xc2\0\0\0\0\0\0\0\xc4\x18\0\0\x02\0\0\x04\x10\0\0\0\xbc\x18\0\0\
\xc3\0\0\0\0\0\0\0\xd3\x18\0\0\x65\0\0\0\x40\0\0\0\xbc\x18\0\0\x01\0\0\x04\x08\
\0\0\0\x27\x11\0\0\x65\0\0\0\0\0\0\0\0\0\0\0\0\0\0\x03\0\0\0\0\xc0\0\0\0\x04\0\
\0\0\x03\0\0\0\0\0\0\0\0\0\0\x02\xc6\0\0\0\0\0\0\0\0\0\0\x0a\xc7\0\0\0\xdd\x0a\
\0\0\x1d\0\0\x04\xc0\0\0\0\xcf\x05\0\0\x59\0\0\0\0\0\0\0\xdf\x18\0\0\x59\0\0\0\
\x20\0\0\0\xeb\x18\0\0\x56\0\0\0\x40\0\0\0\xf4\x18\0\0\x16\0\0\0\x80\0\0\0\xc1\
\x03\0\0\xc8\0\0\0\xa0\0\0\0\xc5\x03\0\0\xcc\0\0\0\xc0\0\0\0\xfa\x18\0\0\xc8\0\
\0\0\xe0\0\0\0\xff\x18\0\0\xcc\0\0\0\0\x01\0\0\x04\x19\0\0\xc8\0\0\0\x20\x01\0\
\0\x09\x19\0\0\xcc\0\0\0\x40\x01\0\0\x0e\x19\0\0\xc8\0\0\0\x60\x01\0\0\x14\x19\
\0\0\xcc\0\0\0\x80\x01\0\0\x1a\x19\0\0\x16\0\0\0\xa0\x01\0\0\x25\x19\0\0\xd0\0\
\0\0\xc0\x01\0\0\x35\x19\0\0\xd0\0\0\0\0\x02\0\0\x43\x19\0\0\xd0\0\0\0\x40\x02\
\0\0\x51\x19\0\0\xd0\0\0\0\x80\x02\0\0\x5a\x19\0\0\xd0\0\0\0\xc0\x02\0\0\x66\
\x19\0\0\x1a\0\0\0\0\x03\0\0\x72\x19\0\0\xd3\0\0\0\x40\x03\0\0\x82\x19\0\0\xd3\
\0\0\0\x80\x03\0\0\x92\x19\0\0\xd3\0\0\0\xc0\x03\0\0\xa1\x19\0\0\xd3\0\0\0\0\
\x04\0\0\x49\x0f\0\0\x56\0\0\0\x40\x04\0\0\xb2\x19\0\0\xd4\0\0\0\x80\x04\0\0\
\xb7\x19\0\0\xd5\0\0\0\xc0\x04\0\0\xbf\x19\0\0\xd6\0\0\0\0\x05\0\0\xc7\x19\0\0\
\xd7\0\0\0\x40\x05\0\0\0\0\0\0\xd8\0\0\0\x80\x05\0\0\xd2\x19\0\0\0\0\0\x08\xc9\
\0\0\0\0\0\0\0\x01\0\0\x04\x04\0\0\0\x46\x17\0\0\xca\0\0\0\0\0\0\0\xd9\x19\0\0\
\0\0\0\x08\xcb\0\0\0\xdf\x19\0\0\0\0\0\x08\x16\0\0\0\xf0\x19\0\0\0\0\0\x08\xcd\
\0\0\0\0\0\0\0\x01\0\0\x04\x04\0\0\0\x46\x17\0\0\xce\0\0\0\0\0\0\0\xf7\x19\0\0\
\0\0\0\x08\xcf\0\0\0\xfd\x19\0\0\0\0\0\x08\x16\0\0\0\x0e\x1a\0\0\0\0\0\x08\xd1\
\0\0\0\x1b\x1a\0\0\x01\0\0\x04\x08\0\0\0\x2d\x1a\0\0\xd2\0\0\0\0\0\0\0\0\0\0\0\
\0\0\0\x03\0\0\0\0\x15\0\0\0\x04\0\0\0\x02\0\0\0\0\0\0\0\0\0\0\x02\x14\x04\0\0\
\0\0\0\0\0\0\0\x02\xde\x03\0\0\0\0\0\0\0\0\0\x02\xc1\x03\0\0\0\0\0\0\0\0\0\x02\
\xe5\x03\0\0\0\0\0\0\0\0\0\x02\x15\x04\0\0\0\0\0\0\x02\0\0\x05\x10\0\0\0\x31\
\x1a\0\0\x02\0\0\0\0\0\0\0\x39\x1a\0\0\xd9\0\0\0\0\0\0\0\x3d\x1a\0\0\x02\0\0\
\x04\x10\0\0\0\x5f\x10\0\0\xda\0\0\0\0\0\0\0\x4b\x1a\0\0\xdb\0\0\0\x40\0\0\0\0\
\0\0\0\0\0\0\x02\xd9\0\0\0\0\0\0\0\0\0\0\x02\xdc\0\0\0\0\0\0\0\x01\0\0\x0d\0\0\
\0\0\0\0\0\0\xda\0\0\0\0\0\0\0\0\0\0\x03\0\0\0\0\x3c\0\0\0\x04\0\0\0\x10\0\0\0\
\0\0\0\0\0\0\0\x02\x54\x04\0\0\x50\x1a\0\0\x01\0\0\x04\x08\0\0\0\x59\x1a\0\0\
\xe0\0\0\0\0\0\0\0\0\0\0\0\0\0\0\x02\x55\x04\0\0\x63\x1a\0\0\x01\0\0\x04\x10\0\
\0\0\x6c\x1a\0\0\x66\0\0\0\0\0\0\0\0\0\0\0\0\0\0\x02\x56\x04\0\0\0\0\0\0\0\0\0\
\x02\x57\x04\0\0\0\0\0\0\0\0\0\x02\x58\x04\0\0\0\0\0\0\0\0\0\x02\x59\x04\0\0\0\
\0\0\0\0\0\0\x02\x5a\x04\0\0\x76\x1a\0\0\0\0\0\x08\xe8\0\0\0\0\0\0\0\x01\0\0\
\x04\x08\0\0\0\x7f\x1a\0\0\x81\0\0\0\0\0\0\0\x83\x1a\0\0\x02\0\0\x04\x18\0\0\0\
\x8e\x1a\0\0\x66\0\0\0\0\0\0\0\x4a\x0b\0\0\xe7\0\0\0\x80\0\0\0\x93\x1a\0\0\0\0\
\0\x08\xeb\0\0\0\x9a\x1a\0\0\0\0\0\x08\xec\0\0\0\xaa\x1a\0\0\0\0\0\x08\x51\0\0\
\0\0\0\0\0\0\0\0\x02\x5b\x04\0\0\xd3\x0b\0\0\x03\0\0\x04\x10\0\0\0\xbb\x1a\0\0\
\x02\0\0\0\0\0\0\0\xc0\x1a\0\0\x59\0\0\0\x20\0\0\0\xcd\x1a\0\0\xef\0\0\0\x40\0\
\0\0\0\0\0\0\0\0\0\x02\x5c\x04\0\0\xd4\x1a\0\0\0\0\0\x04\0\0\0\0\xea\x1a\0\0\0\
\0\0\x08\xf2\0\0\0\xf5\x1a\0\0\x01\0\0\x04\x04\0\0\0\0\0\0\0\xf3\0\0\0\0\0\0\0\
\0\0\0\0\x01\0\0\x05\x04\0\0\0\xfe\x1a\0\0\xb9\0\0\0\0\0\0\0\x04\x1b\0\0\x01\0\
\0\x04\x08\0\0\0\x5f\x10\0\0\xf5\0\0\0\0\0\0\0\0\0\0\0\0\0\0\x02\xf4\0\0\0\0\0\
\0\0\0\0\0\x02\x5d\x04\0\0\0\0\0\0\0\0\0\x02\x41\x04\0\0\0\0\0\0\0\0\0\x02\x5e\
\x04\0\0\0\0\0\0\0\0\0\x02\x5f\x04\0\0\0\0\0\0\0\0\0\x02\x43\x04\0\0\0\0\0\0\0\
\0\0\x02\x42\x04\0\0\0\0\0\0\0\0\0\x02\x60\x04\0\0\0\0\0\0\0\0\0\x02\xfe\0\0\0\
\x10\x1b\0\0\0\0\0\x08\x4d\x04\0\0\x21\x1b\0\0\x08\0\0\x04\x40\0\0\0\x34\x1b\0\
\0\x21\0\0\0\0\0\0\0\x3a\x1b\0\0\x21\0\0\0\x40\0\0\0\x40\x1b\0\0\x21\0\0\0\x80\
\0\0\0\x46\x1b\0\0\x21\0\0\0\xc0\0\0\0\x4c\x1b\0\0\x21\0\0\0\0\x01\0\0\x53\x1b\
\0\0\x21\0\0\0\x40\x01\0\0\x5e\x1b\0\0\x21\0\0\0\x80\x01\0\0\x6a\x1b\0\0\x21\0\
\0\0\xc0\x01\0\0\x80\x1b\0\0\0\0\0\x08\x01\x01\0\0\0\0\0\0\x01\0\0\x04\x08\0\0\
\0\x67\x15\0\0\x81\0\0\0\0\0\0\0\x8b\x1b\0\0\0\0\0\x08\x03\x01\0\0\x9f\x1b\0\0\
\x01\0\0\x04\x04\0\0\0\xb1\x1b\0\0\x04\x01\0\0\0\0\0\0\xba\x1b\0\0\0\0\0\x08\
\x05\x01\0\0\xb1\x1b\0\0\x01\0\0\x04\x04\0\0\0\xc5\x1b\0\0\x16\0\0\0\0\0\0\0\0\
\0\0\0\0\0\0\x02\x53\x04\0\0\0\0\0\0\0\0\0\x02\x61\x04\0\0\0\0\0\0\0\0\0\x02\
\x62\x04\0\0\0\0\0\0\0\0\0\x02\x63\x04\0\0\xce\x1b\0\0\x04\0\0\x04\x20\0\0\0\
\xd4\x1b\0\0\x96\0\0\0\0\0\0\0\xda\x1b\0\0\xb8\0\0\0\x40\0\0\0\xe4\x1b\0\0\x0b\
\x01\0\0\x60\0\0\0\xe8\x1b\0\0\x66\0\0\0\x80\0\0\0\xf2\x1b\0\0\x01\0\0\x04\x04\
\0\0\0\x62\x18\0\0\x59\0\0\0\0\0\0\0\0\0\0\0\0\0\0\x02\x0d\x01\0\0\x08\x1c\0\0\
\x1c\0\0\x04\x10\x01\0\0\x1b\x1c\0\0\x0e\x01\0\0\0\0\0\0\x08\x18\0\0\xb8\0\0\0\
\x40\0\0\0\xce\x1b\0\0\x0a\x01\0\0\x80\0\0\0\x1f\x1c\0\0\x66\0\0\0\x80\x01\0\0\
\x2f\x1c\0\0\x0f\x01\0\0\0\x02\0\0\x3d\x1c\0\0\x0f\x01\0\0\x80\x02\0\0\x4d\x1c\
\0\0\x66\0\0\0\0\x03\0\0\x58\x1c\0\0\x66\0\0\0\x80\x03\0\0\x66\x1c\0\0\x66\0\0\
\0\0\x04\0\0\x76\x1c\0\0\x02\0\0\0\x80\x04\0\0\x80\x1c\0\0\x02\0\0\0\xa0\x04\0\
\0\x8a\x1c\0\0\x02\0\0\0\xc0\x04\0\0\x94\x1c\0\0\x02\0\0\0\xe0\x04\0\0\x9c\x1c\
\0\0\x02\0\0\0\0\x05\0\0\xa4\x1c\0\0\x02\0\0\0\x20\x05\0\0\xb3\x1c\0\0\x02\0\0\
\0\x40\x05\0\0\xc4\x1c\0\0\x57\0\0\0\x60\x05\0\0\xcd\x1c\0\0\x5f\0\0\0\x80\x05\
\0\0\x51\x17\0\0\x21\0\0\0\xc0\x05\0\0\xd2\x1c\0\0\x21\0\0\0\0\x06\0\0\xdc\x1c\
\0\0\x21\0\0\0\x40\x06\0\0\xe7\x1c\0\0\x0c\x01\0\0\x80\x06\0\0\xf2\x1c\0\0\x21\
\0\0\0\xc0\x06\0\0\xfd\x1c\0\0\x21\0\0\0\0\x07\0\0\x08\x1d\0\0\x02\0\0\0\x40\
\x07\0\0\x12\x1d\0\0\x56\0\0\0\x80\x07\0\0\x3d\x1a\0\0\xd9\0\0\0\xc0\x07\0\0\
\x20\x1d\0\0\x10\x01\0\0\x40\x08\0\0\0\0\0\0\0\0\0\x02\x47\x04\0\0\x2b\x1d\0\0\
\x02\0\0\x04\x10\0\0\0\x3d\x1d\0\0\xc3\0\0\0\0\0\0\0\x42\x1d\0\0\x21\0\0\0\x40\
\0\0\0\x48\x1d\0\0\0\0\0\x08\x11\x01\0\0\0\0\0\0\x01\0\0\x04\x08\0\0\0\x50\x1d\
\0\0\x96\0\0\0\0\0\0\0\0\0\0\0\0\0\0\x03\0\0\0\0\x0c\x01\0\0\x04\0\0\0\x02\0\0\
\0\0\0\0\0\0\0\0\x02\x64\x04\0\0\x52\x1d\0\0\0\0\0\x04\0\0\0\0\0\0\0\0\x02\0\0\
\x05\x10\0\0\0\x67\x1d\0\0\x57\0\0\0\0\0\0\0\x39\x1a\0\0\xd9\0\0\0\0\0\0\0\0\0\
\0\0\0\0\0\x02\xc6\x03\0\0\x71\x1d\0\0\x03\0\0\x04\x10\0\0\0\x7b\x1d\0\0\x18\
\x01\0\0\0\0\0\0\x80\x1d\0\0\x15\0\0\0\x40\0\0\0\x87\x1d\0\0\x15\0\0\0\x60\0\0\
\0\0\0\0\0\0\0\0\x02\xcd\x03\0\0\0\0\0\0\0\0\0\x02\x65\x04\0\0\0\0\0\0\0\0\0\
\x02\x40\x04\0\0\0\0\0\0\0\0\0\x02\x66\x04\0\0\xee\x0e\0\0\0\0\0\x04\0\0\0\0\
\x8c\x1d\0\0\x04\0\0\x04\x28\0\0\0\x97\x1d\0\0\xb1\0\0\0\0\0\0\0\x2e\x13\0\0\
\x51\0\0\0\x80\0\0\0\xf3\x12\0\0\x1e\x01\0\0\xc0\0\0\0\xd5\x05\0\0\x14\0\0\0\0\
\x01\0\0\0\0\0\0\0\0\0\x02\x1f\x01\0\0\0\0\0\0\x01\0\0\x0d\0\0\0\0\0\0\0\0\x20\
\x01\0\0\0\0\0\0\0\0\0\x02\x1d\x01\0\0\0\0\0\0\0\0\0\x02\x67\x04\0\0\0\0\0\0\0\
\0\0\x02\x10\x04\0\0\0\0\0\0\0\0\0\x02\x68\x04\0\0\x9d\x1d\0\0\x01\0\0\x04\x08\
\0\0\0\xa8\x1d\0\0\x5d\0\0\0\0\0\0\0\xae\x1d\0\0\x0d\0\0\x04\x40\x04\0\0\xbc\
\x1d\0\0\x26\x01\0\0\0\0\0\0\xc8\x1d\0\0\x27\x01\0\0\x80\x03\0\0\xcb\x1d\0\0\
\x16\0\0\0\x80\x14\0\0\xd6\x1d\0\0\x56\0\0\0\xc0\x14\0\0\xe0\x1d\0\0\x16\0\0\0\
\0\x15\0\0\xe7\x1d\0\0\x16\0\0\0\x20\x15\0\0\xf5\x1d\0\0\x51\0\0\0\x40\x15\0\0\
\x03\x1e\0\0\x51\0\0\0\x80\x15\0\0\x0e\x1e\0\0\x2c\x01\0\0\xc0\x15\0\0\x14\x1e\
\0\0\x7b\x01\0\0\x40\x1e\0\0\x1e\x1e\0\0\x7d\x01\0\0\xc0\x20\0\0\x2a\x1e\0\0\
\x21\0\0\0\x40\x21\0\0\x33\x1e\0\0\x21\0\0\0\x80\x21\0\0\xbc\x1d\0\0\x0d\0\0\
\x04\x68\0\0\0\x3e\x1e\0\0\x51\0\0\0\0\0\0\0\x42\x1e\0\0\x51\0\0\0\x40\0\0\0\
\x46\x1e\0\0\x51\0\0\0\x80\0\0\0\x4a\x1e\0\0\x51\0\0\0\xc0\0\0\0\x4e\x1e\0\0\
\x51\0\0\0\0\x01\0\0\x52\x1e\0\0\x51\0\0\0\x40\x01\0\0\x56\x1e\0\0\x51\0\0\0\
\x80\x01\0\0\x5a\x1e\0\0\x51\0\0\0\xc0\x01\0\0\x5e\x1e\0\0\x51\0\0\0\0\x02\0\0\
\x62\x1e\0\0\x51\0\0\0\x40\x02\0\0\x66\x1e\0\0\x51\0\0\0\x80\x02\0\0\x69\x1e\0\
\0\x51\0\0\0\xc0\x02\0\0\x6c\x1e\0\0\x51\0\0\0\0\x03\0\0\0\0\0\0\x03\0\0\x04\
\x20\x02\0\0\x6f\x1e\0\0\x51\0\0\0\0\0\0\0\x78\x1e\0\0\x51\0\0\0\x40\0\0\0\x82\
\x1e\0\0\x28\x01\0\0\x80\0\0\0\x8f\x1e\0\0\x04\0\0\x04\x10\x02\0\0\xa1\x1e\0\0\
\x2b\x01\0\0\0\0\0\0\xa7\x1e\0\0\x15\0\0\0\0\x10\0\0\xac\x1e\0\0\x15\0\0\0\x20\
\x10\0\0\xb1\x1e\0\0\xd2\0\0\0\x40\x10\0\0\xbc\x1e\0\0\0\0\0\x08\x2a\x01\0\0\
\xc8\x1e\0\0\0\0\0\x01\x10\0\0\0\x80\0\0\0\0\0\0\0\0\0\0\x03\0\0\0\0\x29\x01\0\
\0\x04\0\0\0\x20\0\0\0\xda\x1e\0\0\x05\0\0\x04\x10\x01\0\0\xe5\x1e\0\0\x02\0\0\
\0\0\0\0\0\xf4\x1e\0\0\x02\0\0\0\x20\0\0\0\x01\x1f\0\0\x02\0\0\0\x40\0\0\0\x0e\
\x1f\0\0\x7a\x01\0\0\x80\0\0\0\x18\x1f\0\0\x7a\x01\0\0\x80\x04\0\0\0\0\0\0\0\0\
\0\x02\x2e\x01\0\0\x22\x1f\0\0\x49\0\0\x04\xb0\x04\0\0\x2d\x1f\0\0\x66\0\0\0\0\
\0\0\0\x39\x1f\0\0\x66\0\0\0\x80\0\0\0\x46\x1f\0\0\x66\0\0\0\0\x01\0\0\x8f\x10\
\0\0\x64\0\0\0\x80\x01\0\0\x52\x1f\0\0\x21\0\0\0\x40\x02\0\0\x5e\x1f\0\0\x66\0\
\0\0\x80\x02\0\0\x6c\x1f\0\0\xb1\0\0\0\0\x03\0\0\x78\x1f\0\0\x66\0\0\0\x80\x03\
\0\0\x85\x1f\0\0\x02\0\0\0\0\x04\0\0\x91\x1f\0\0\x02\0\0\0\x20\x04\0\0\x9c\x1f\
\0\0\x02\0\0\0\x40\x04\0\0\xe5\x09\0\0\x2d\x01\0\0\x80\x04\0\0\x1b\x1c\0\0\x0e\
\x01\0\0\xc0\x04\0\0\xa7\x1f\0\0\x56\0\0\0\0\x05\0\0\x01\x13\0\0\x2f\x01\0\0\
\x40\x05\0\0\xb3\x1f\0\0\x16\0\0\0\x60\x05\0\0\xef\x0f\0\0\x30\x01\0\0\x80\x05\
\0\0\xc0\x1f\0\0\x97\0\0\0\xc0\x05\0\0\xcc\x1f\0\0\x21\0\0\0\0\x06\0\0\xdf\x1f\
\0\0\x21\0\0\0\x40\x06\0\0\xf2\x1f\0\0\x21\0\0\0\x80\x06\0\0\xf9\x1f\0\0\x32\
\x01\0\0\xc0\x06\0\0\xfe\x1f\0\0\x1d\0\0\0\xc0\x0a\0\0\x0a\x20\0\0\x1d\0\0\0\
\xd0\x0a\0\0\x19\x20\0\0\x1d\0\0\0\xe0\x0a\0\0\x23\x20\0\0\x38\x01\0\0\0\x0b\0\
\0\x27\x04\0\0\x0c\x01\0\0\0\x11\0\0\xc4\x1c\0\0\x96\0\0\0\x40\x11\0\0\x26\x20\
\0\0\x97\0\0\0\x80\x11\0\0\x3f\x20\0\0\x97\0\0\0\xc0\x11\0\0\x58\x20\0\0\x0a\
\x01\0\0\0\x12\0\0\x64\x20\0\0\x66\0\0\0\0\x13\0\0\xcd\x09\0\0\x2d\x01\0\0\x80\
\x13\0\0\x6f\x20\0\0\x02\0\0\0\xc0\x13\0\0\xf4\x05\0\0\x02\0\0\0\xe0\x13\0\0\
\x75\x20\0\0\x66\0\0\0\0\x14\0\0\xd4\x1b\0\0\x5f\0\0\0\x80\x14\0\0\x81\x20\0\0\
\x0a\x01\0\0\xc0\x14\0\0\x8c\x20\0\0\x59\0\0\0\xc0\x15\0\0\x2a\0\0\0\x46\x01\0\
\0\0\x16\0\0\x97\x20\0\0\x66\0\0\0\x40\x16\0\0\xa0\x20\0\0\x51\0\0\0\xc0\x16\0\
\0\xac\x20\0\0\x02\0\0\0\0\x17\0\0\xb8\x20\0\0\x47\x01\0\0\x40\x17\0\0\xbe\x20\
\0\0\x49\x01\0\0\0\x18\0\0\xc5\x20\0\0\x16\0\0\0\x40\x18\0\0\xd4\x20\0\0\x16\0\
\0\0\x60\x18\0\0\xe1\x20\0\0\x16\0\0\0\x80\x18\0\0\xf1\x20\0\0\x16\0\0\0\xa0\
\x18\0\0\x01\x21\0\0\x51\0\0\0\xc0\x18\0\0\x0e\x21\0\0\x4a\x01\0\0\0\x19\0\0\
\x1a\x21\0\0\xd9\0\0\0\xc0\x19\0\0\x27\x21\0\0\x16\0\0\0\x40\x1a\0\0\x34\x21\0\
\0\x59\0\0\0\x60\x1a\0\0\x40\x21\0\0\x4e\x01\0\0\x80\x1a\0\0\x4d\x21\0\0\x4f\
\x01\0\0\x40\x1b\0\0\x60\x21\0\0\x51\0\0\0\x80\x1b\0\0\x71\x21\0\0\x2d\x01\0\0\
\xc0\x1b\0\0\x7b\x21\0\0\x50\x01\0\0\0\x1c\0\0\x3d\x1a\0\0\xd9\0\0\0\x40\x1c\0\
\0\x83\x21\0\0\x52\x01\0\0\xc0\x1c\0\0\x86\x21\0\0\x21\0\0\0\0\x1d\0\0\x89\x21\
\0\0\x53\x01\0\0\x40\x1d\0\0\x8f\x21\0\0\x55\x01\0\0\x80\x1d\0\0\xa0\x21\0\0\
\x56\0\0\0\xc0\x1d\0\0\xb9\x21\0\0\x55\x01\0\0\0\x1e\0\0\xcf\x21\0\0\x6d\x01\0\
\0\x40\x1e\0\0\xd4\x21\0\0\x21\0\0\0\x80\x1e\0\0\xdf\x21\0\0\x6e\x01\0\0\xc0\
\x1e\0\0\xcd\x1a\0\0\x6f\x01\0\0\0\x1f\0\0\xe8\x21\0\0\x70\x01\0\0\x40\x1f\0\0\
\x49\x0f\0\0\x56\0\0\0\xc0\x24\0\0\xf3\x21\0\0\x66\0\0\0\0\x25\0\0\xfb\x21\0\0\
\x06\0\0\x06\x04\0\0\0\x0c\x22\0\0\xfc\xff\xff\xff\x22\x22\0\0\xfd\xff\xff\xff\
\x38\x22\0\0\xfe\xff\xff\xff\x4f\x22\0\0\xff\xff\xff\xff\x64\x22\0\0\0\0\0\0\
\x7e\x22\0\0\x01\0\0\0\x96\x22\0\0\0\0\0\x08\x31\x01\0\0\0\0\0\0\x01\0\0\x04\
\x08\0\0\0\x50\x1d\0\0\x10\x01\0\0\0\0\0\0\xa0\x22\0\0\x3b\0\0\x84\x80\0\0\0\
\x19\0\0\0\x15\0\0\0\0\0\0\0\x87\x1d\0\0\x15\0\0\0\x20\0\0\0\xb0\x22\0\0\x22\0\
\0\0\x40\0\0\0\0\0\0\0\x33\x01\0\0\x80\0\0\0\xb7\x22\0\0\x22\0\0\0\xc0\0\0\0\
\xc3\x22\0\0\x22\0\0\0\0\x01\0\0\xcf\x22\0\0\x22\0\0\0\x40\x01\0\x01\xd8\x22\0\
\0\x22\0\0\0\x41\x01\0\x01\xe0\x22\0\0\x22\0\0\0\x42\x01\0\x01\xe7\x22\0\0\x22\
\0\0\0\x43\x01\0\x01\xf1\x22\0\0\x22\0\0\0\x44\x01\0\x01\xfe\x22\0\0\x22\0\0\0\
\x45\x01\0\x01\x0d\x23\0\0\x22\0\0\0\x46\x01\0\x01\x18\x23\0\0\x22\0\0\0\x47\
\x01\0\x01\x25\x23\0\0\x22\0\0\0\x48\x01\0\x01\xf7\x0a\0\0\x22\0\0\0\x49\x01\0\
\x01\x2a\x23\0\0\x22\0\0\0\x4a\x01\0\x01\x2f\x23\0\0\x22\0\0\0\x4b\x01\0\x01\
\x3c\x23\0\0\x22\0\0\0\x4c\x01\0\x01\xcd\x1c\0\0\x22\0\0\0\x4d\x01\0\x01\x4b\
\x23\0\0\x22\0\0\0\x4e\x01\0\x01\x55\x23\0\0\x22\0\0\0\x4f\x01\0\x02\x60\x23\0\
\0\x22\0\0\0\x51\x01\0\x01\x6a\x23\0\0\x22\0\0\0\x52\x01\0\x01\x78\x23\0\0\x22\
\0\0\0\x53\x01\0\x01\x85\x23\0\0\x22\0\0\0\x54\x01\0\x01\x93\x23\0\0\x22\0\0\0\
\x55\x01\0\x01\xac\x23\0\0\x22\0\0\0\x56\x01\0\x01\xc3\x23\0\0\x22\0\0\0\x57\
\x01\0\x01\xc9\x23\0\0\x22\0\0\0\x58\x01\0\x01\xd3\x23\0\0\x22\0\0\0\x59\x01\0\
\x01\xdf\x23\0\0\x22\0\0\0\x5a\x01\0\x01\xee\x23\0\0\x22\0\0\0\x5b\x01\0\x01\
\xfd\x23\0\0\x22\0\0\0\x5c\x01\0\x01\x08\x24\0\0\x22\0\0\0\x5d\x01\0\x01\x10\
\x24\0\0\x22\0\0\0\x5e\x01\0\x01\x1a\x24\0\0\x22\0\0\0\x5f\x01\0\x01\x25\x24\0\
\0\x22\0\0\0\x60\x01\0\x01\x2c\x24\0\0\x22\0\0\0\x61\x01\0\x01\x36\x24\0\0\x22\
\0\0\0\x62\x01\0\x01\x3f\x24\0\0\x22\0\0\0\x63\x01\0\x01\x4e\x24\0\0\x22\0\0\0\
\x64\x01\0\x01\x5d\x24\0\0\x22\0\0\0\x65\x01\0\x01\x65\x24\0\0\x22\0\0\0\x66\
\x01\0\x1a\0\0\0\0\x34\x01\0\0\x80\x01\0\0\x72\x24\0\0\x15\0\0\0\xa0\x01\0\0\0\
\0\0\0\x35\x01\0\0\xc0\x01\0\0\0\0\0\0\x36\x01\0\0\0\x02\0\0\x7a\x24\0\0\x22\0\
\0\0\x40\x02\0\0\x8d\x24\0\0\x22\0\0\0\x80\x02\0\0\x9e\x24\0\0\x15\0\0\0\xc0\
\x02\0\0\x5d\x17\0\0\x37\x01\0\0\xe0\x02\0\0\xb0\x24\0\0\x22\0\0\0\0\x03\0\0\
\xc1\x24\0\0\x15\0\0\0\x40\x03\0\0\xcf\x24\0\0\x1e\0\0\0\x60\x03\0\0\xe0\x24\0\
\0\x1e\0\0\0\x70\x03\0\0\xed\x24\0\0\x15\0\0\0\x80\x03\0\0\xfd\x24\0\0\x15\0\0\
\0\xa0\x03\0\0\x0a\x25\0\0\x22\0\0\0\xc0\x03\0\0\0\0\0\0\x02\0\0\x05\x08\0\0\0\
\x13\x25\0\0\x22\0\0\0\0\0\0\0\x21\x25\0\0\x22\0\0\0\0\0\0\0\0\0\0\0\x02\0\0\
\x05\x04\0\0\0\x2d\x25\0\0\x15\0\0\0\0\0\0\0\x3b\x25\0\0\x15\0\0\0\0\0\0\0\0\0\
\0\0\x04\0\0\x05\x08\0\0\0\x4c\x25\0\0\x22\0\0\0\0\0\0\0\x54\x25\0\0\x22\0\0\0\
\0\0\0\0\x60\x25\0\0\x22\0\0\0\0\0\0\0\x6c\x25\0\0\x22\0\0\0\0\0\0\0\0\0\0\0\
\x04\0\0\x05\x08\0\0\0\x74\x25\0\0\x22\0\0\0\0\0\0\0\x7b\x25\0\0\x22\0\0\0\0\0\
\0\0\x87\x25\0\0\x22\0\0\0\0\0\0\0\x94\x25\0\0\x22\0\0\0\0\0\0\0\x9c\x25\0\0\0\
\0\0\x08\x02\0\0\0\xa2\x25\0\0\x0c\0\0\x04\xc0\0\0\0\0\0\0\0\x39\x01\0\0\0\0\0\
\0\xb0\x25\0\0\x5f\0\0\0\0\x03\0\0\x40\x21\0\0\x56\0\0\0\x40\x03\0\0\x60\x21\0\
\0\x51\0\0\0\x80\x03\0\0\x01\x13\0\0\x02\0\0\0\xc0\x03\0\0\xb7\x25\0\0\x30\x01\
\0\0\0\x04\0\0\x13\x25\0\0\x21\0\0\0\x40\x04\0\0\0\0\0\0\x43\x01\0\0\x80\x04\0\
\0\xc2\x25\0\0\x21\0\0\0\0\x05\0\0\xd1\x25\0\0\x21\0\0\0\x40\x05\0\0\xdc\x25\0\
\0\x21\0\0\0\x80\x05\0\0\xec\x25\0\0\x21\0\0\0\xc0\x05\0\0\0\0\0\0\x06\0\0\x05\
\x60\0\0\0\0\0\0\0\x3a\x01\0\0\0\0\0\0\0\0\0\0\x3c\x01\0\0\0\0\0\0\0\0\0\0\x3d\
\x01\0\0\0\0\0\0\0\0\0\0\x3e\x01\0\0\0\0\0\0\0\0\0\0\x3f\x01\0\0\0\0\0\0\0\0\0\
\0\x42\x01\0\0\0\0\0\0\0\0\0\0\x0a\0\0\x04\x60\0\0\0\xb0\x22\0\0\x21\0\0\0\0\0\
\0\0\xfd\x25\0\0\x21\0\0\0\x40\0\0\0\x06\x26\0\0\x51\0\0\0\x80\0\0\0\x12\x26\0\
\0\x51\0\0\0\xc0\0\0\0\x1d\x26\0\0\x02\0\0\0\0\x01\0\0\x2e\x26\0\0\x02\0\0\0\
\x20\x01\0\0\x32\x26\0\0\x02\0\0\0\x40\x01\0\0\xd5\x05\0\0\x02\0\0\0\x60\x01\0\
\0\x3b\x26\0\0\x3b\x01\0\0\x80\x01\0\0\x45\x26\0\0\x3b\x01\0\0\x40\x02\0\0\x50\
\x26\0\0\x04\0\0\x04\x18\0\0\0\xb0\x22\0\0\x21\0\0\0\0\0\0\0\x64\x26\0\0\x16\0\
\0\0\x40\0\0\0\x68\x26\0\0\x02\0\0\0\x60\0\0\0\x2e\x26\0\0\x02\0\0\0\x80\0\0\0\
\0\0\0\0\x01\0\0\x04\x40\0\0\0\xd9\x12\0\0\x6f\0\0\0\0\0\0\0\0\0\0\0\x01\0\0\
\x04\x10\0\0\0\x6e\x26\0\0\x66\0\0\0\0\0\0\0\0\0\0\0\x02\0\0\x04\x10\0\0\0\x76\
\x26\0\0\x21\0\0\0\0\0\0\0\x7e\x26\0\0\x21\0\0\0\x40\0\0\0\0\0\0\0\x02\0\0\x04\
\x28\0\0\0\x83\x26\0\0\x40\x01\0\0\0\0\0\0\x88\x26\0\0\x66\0\0\0\xc0\0\0\0\x90\
\x26\0\0\x03\0\0\x04\x18\0\0\0\xa3\x26\0\0\x21\0\0\0\0\0\0\0\xab\x26\0\0\x21\0\
\0\0\x40\0\0\0\xb3\x26\0\0\x41\x01\0\0\x80\0\0\0\xb8\x26\0\0\x05\0\0\x84\x04\0\
\0\0\xb1\x1e\0\0\x14\0\0\0\0\0\0\x13\xd0\x26\0\0\x14\0\0\0\x13\0\0\x08\x19\0\0\
\0\x14\0\0\0\x1b\0\0\x02\xd4\x26\0\0\x14\0\0\0\x1d\0\0\x02\xde\x26\0\0\x14\0\0\
\0\x1f\0\0\x01\0\0\0\0\x05\0\0\x04\x18\0\0\0\xe6\x26\0\0\x18\0\0\0\0\0\0\0\xf1\
\x26\0\0\x18\0\0\0\x08\0\0\0\xfc\x26\0\0\x1d\0\0\0\x10\0\0\0\x04\x27\0\0\x21\0\
\0\0\x40\0\0\0\x09\x27\0\0\x21\0\0\0\x80\0\0\0\0\0\0\0\x02\0\0\x05\x10\0\0\0\0\
\0\0\0\x44\x01\0\0\0\0\0\0\0\0\0\0\x45\x01\0\0\0\0\0\0\0\0\0\0\x02\0\0\x04\x10\
\0\0\0\x0f\x27\0\0\x21\0\0\0\0\0\0\0\x1b\x27\0\0\x30\x01\0\0\x40\0\0\0\0\0\0\0\
\x02\0\0\x04\x10\0\0\0\x27\x27\0\0\x21\0\0\0\0\0\0\0\x34\x27\0\0\x21\0\0\0\x40\
\0\0\0\0\0\0\0\0\0\0\x02\x48\x04\0\0\x40\x27\0\0\0\0\0\x08\x48\x01\0\0\x52\x27\
\0\0\x02\0\0\x04\x18\0\0\0\x08\x18\0\0\xf1\0\0\0\0\0\0\0\x62\x27\0\0\x66\0\0\0\
\x40\0\0\0\0\0\0\0\0\0\0\x02\xdd\x03\0\0\x67\x27\0\0\x02\0\0\x04\x18\0\0\0\xe1\
\x12\0\0\x5b\0\0\0\0\0\0\0\x4b\x1a\0\0\x4b\x01\0\0\x80\0\0\0\0\0\0\0\0\0\0\x02\
\x4c\x01\0\0\0\0\0\0\x01\0\0\x0d\0\0\0\0\0\0\0\0\x4d\x01\0\0\0\0\0\0\0\0\0\x02\
\x4a\x01\0\0\x70\x27\0\0\x03\0\0\x04\x18\0\0\0\x8e\x1a\0\0\x66\0\0\0\0\0\0\0\
\x08\x18\0\0\xb8\0\0\0\x80\0\0\0\x87\x27\0\0\x16\0\0\0\xa0\0\0\0\0\0\0\0\0\0\0\
\x02\x49\x04\0\0\0\0\0\0\0\0\0\x02\x51\x01\0\0\0\0\0\0\x01\0\0\x0d\0\0\0\0\0\0\
\0\0\x2d\x01\0\0\0\0\0\0\0\0\0\x02\x13\x04\0\0\0\0\0\0\0\0\0\x02\x54\x01\0\0\0\
\0\0\0\x01\0\0\x0d\x21\0\0\0\0\0\0\0\0\0\0\0\x97\x27\0\0\0\0\0\x08\x56\x01\0\0\
\0\0\0\0\0\0\0\x02\x57\x01\0\0\0\0\0\0\x03\0\0\x0d\0\0\0\0\0\0\0\0\x2d\x01\0\0\
\0\0\0\0\x58\x01\0\0\0\0\0\0\x64\x01\0\0\0\0\0\0\0\0\0\x02\x59\x01\0\0\xaf\x27\
\0\0\x17\0\0\x04\0\x01\0\0\xc0\x27\0\0\x21\0\0\0\0\0\0\0\xc5\x27\0\0\x5a\x01\0\
\0\x40\0\0\0\xc9\x27\0\0\x5b\x01\0\0\x80\0\0\0\xd2\x27\0\0\x21\0\0\0\xc0\0\0\0\
\x15\x11\0\0\x5c\x01\0\0\0\x01\0\0\xd9\x27\0\0\x21\0\0\0\x40\x01\0\0\xdd\x27\0\
\0\x5e\x01\0\0\x80\x01\0\0\x19\0\0\0\x21\0\0\0\xc0\x01\0\0\xe6\x27\0\0\x21\0\0\
\0\0\x02\0\0\xe9\x27\0\0\x60\x01\0\0\x40\x02\0\0\x51\x17\0\0\x21\0\0\0\x80\x02\
\0\0\x86\x21\0\0\x21\0\0\0\xc0\x02\0\0\xf3\x27\0\0\x21\0\0\0\0\x03\0\0\xfd\x27\
\0\0\x61\x01\0\0\x40\x03\0\0\x07\x28\0\0\x62\x01\0\0\x80\x03\0\0\x11\x28\0\0\
\x21\0\0\0\xc0\x03\0\0\x1a\x28\0\0\x63\x01\0\0\0\x04\0\0\x24\x28\0\0\x63\x01\0\
\0\x80\x04\0\0\x2e\x28\0\0\x21\0\0\0\0\x05\0\0\x3e\x28\0\0\x21\0\0\0\x40\x05\0\
\0\x25\x24\0\0\x21\0\0\0\x80\x05\0\0\x48\x28\0\0\x21\0\0\0\xc0\x05\0\0\x57\x28\
\0\0\x21\0\0\0\0\x06\0\0\0\0\0\0\0\0\0\x02\x4a\x04\0\0\0\0\0\0\0\0\0\x02\x4b\
\x04\0\0\x66\x28\0\0\x02\0\0\x05\x08\0\0\0\x79\x28\0\0\x22\0\0\0\0\0\0\0\0\0\0\
\0\x5d\x01\0\0\0\0\0\0\0\0\0\0\x03\0\0\x04\x08\0\0\0\x7e\x28\0\0\x15\0\0\0\0\0\
\0\0\x86\x28\0\0\x1e\0\0\0\x20\0\0\0\x8d\x28\0\0\x1e\0\0\0\x30\0\0\0\x94\x28\0\
\0\x02\0\0\x05\x08\0\0\0\x46\x17\0\0\x22\0\0\0\0\0\0\0\0\0\0\0\x5f\x01\0\0\0\0\
\0\0\0\0\0\0\x0a\0\0\x84\x08\0\0\0\xa6\x28\0\0\x22\0\0\0\0\0\0\x05\xad\x28\0\0\
\x22\0\0\0\x05\0\0\x0e\xb5\x28\0\0\x22\0\0\0\x13\0\0\x05\xbf\x28\0\0\x22\0\0\0\
\x18\0\0\x02\xc8\x28\0\0\x22\0\0\0\x1a\0\0\x07\xd1\x28\0\0\x22\0\0\0\x21\0\0\
\x04\xdd\x28\0\0\x22\0\0\0\x25\0\0\x01\xe8\x28\0\0\x22\0\0\0\x26\0\0\x02\xf3\
\x28\0\0\x22\0\0\0\x28\0\0\x03\xfb\x28\0\0\x22\0\0\0\x2b\0\0\x15\0\0\0\0\x02\0\
\0\x04\x08\0\0\0\x7f\x03\0\0\x14\0\0\0\0\0\0\0\x04\x29\0\0\x14\0\0\0\x20\0\0\0\
\0\0\0\0\x02\0\0\x04\x08\0\0\0\xf4\x05\0\0\x14\0\0\0\0\0\0\0\x08\x29\0\0\x14\0\
\0\0\x20\0\0\0\0\0\0\0\0\0\0\x02\x4c\x04\0\0\x11\x29\0\0\x02\0\0\x04\x10\0\0\0\
\x1b\x29\0\0\x22\0\0\0\0\0\0\0\x1f\x29\0\0\x64\x01\0\0\x40\0\0\0\0\0\0\0\0\0\0\
\x02\x65\x01\0\0\x24\x29\0\0\x09\0\0\x04\x50\x01\0\0\0\0\0\0\x66\x01\0\0\0\0\0\
\0\x2c\x29\0\0\x21\0\0\0\x80\x08\0\0\x34\x29\0\0\x6b\x01\0\0\xc0\x08\0\0\x3e\
\x29\0\0\x14\0\0\0\xe0\x08\0\0\x46\x29\0\0\x21\0\0\0\0\x09\0\0\x51\x29\0\0\x21\
\0\0\0\x40\x09\0\0\x5a\x29\0\0\x6c\x01\0\0\x80\x09\0\0\x65\x29\0\0\x21\0\0\0\0\
\x0a\0\0\x76\x29\0\0\x21\0\0\0\x40\x0a\0\0\0\0\0\0\x02\0\0\x05\x10\x01\0\0\x7f\
\x29\0\0\x67\x01\0\0\0\0\0\0\0\0\0\0\x69\x01\0\0\0\0\0\0\x89\x29\0\0\x04\0\0\
\x04\x10\x01\0\0\x1f\x29\0\0\x68\x01\0\0\0\0\0\0\x69\x1e\0\0\x22\0\0\0\xc0\x07\
\0\0\x6c\x1e\0\0\x22\0\0\0\0\x08\0\0\x96\x29\0\0\x22\0\0\0\x40\x08\0\0\0\0\0\0\
\0\0\0\x03\0\0\0\0\x22\0\0\0\x04\0\0\0\x1f\0\0\0\0\0\0\0\x04\0\0\x04\x10\x01\0\
\0\x1f\x29\0\0\x6a\x01\0\0\0\0\0\0\x69\x1e\0\0\x21\0\0\0\xc0\x07\0\0\x6c\x1e\0\
\0\x21\0\0\0\0\x08\0\0\x96\x29\0\0\x21\0\0\0\x40\x08\0\0\0\0\0\0\0\0\0\x03\0\0\
\0\0\x21\0\0\0\x04\0\0\0\x1f\0\0\0\x9d\x29\0\0\0\0\0\x08\x37\x01\0\0\0\0\0\0\0\
\0\0\x03\0\0\0\0\x21\0\0\0\x04\0\0\0\x02\0\0\0\0\0\0\0\0\0\0\x02\x7b\x03\0\0\0\
\0\0\0\0\0\0\x02\x44\x04\0\0\0\0\0\0\0\0\0\x02\x45\x04\0\0\xe8\x21\0\0\x0b\0\0\
\x04\xb0\0\0\0\x4b\x1a\0\0\x71\x01\0\0\0\0\0\0\x5f\x10\0\0\x74\x01\0\0\x40\0\0\
\0\xd5\x05\0\0\x51\0\0\0\x80\0\0\0\xa1\x29\0\0\x56\0\0\0\xc0\0\0\0\xa9\x29\0\0\
\x71\x01\0\0\0\x01\0\0\xb4\x29\0\0\x77\x01\0\0\x40\x01\0\0\xbf\x29\0\0\x79\x01\
\0\0\xc0\x02\0\0\xc9\x29\0\0\x77\x01\0\0\0\x03\0\0\xd2\x29\0\0\x51\0\0\0\x80\
\x04\0\0\xdd\x29\0\0\x51\0\0\0\xc0\x04\0\0\x8e\x1a\0\0\x66\0\0\0\0\x05\0\0\xed\
\x29\0\0\0\0\0\x08\x72\x01\0\0\0\0\0\0\0\0\0\x02\x73\x01\0\0\0\0\0\0\x04\0\0\
\x0d\0\0\0\0\0\0\0\0\x51\0\0\0\0\0\0\0\x51\0\0\0\0\0\0\0\x74\x01\0\0\0\0\0\0\
\x75\x01\0\0\0\0\0\0\0\0\0\x02\x70\x01\0\0\0\0\0\0\0\0\0\x02\x76\x01\0\0\xfb\
\x29\0\0\x01\0\0\x04\x50\x01\0\0\x1f\x29\0\0\x65\x01\0\0\0\0\0\0\x07\x2a\0\0\
\x03\0\0\x04\x30\0\0\0\x17\x2a\0\0\x78\x01\0\0\0\0\0\0\x24\x2a\0\0\x78\x01\0\0\
\x40\0\0\0\x30\x2a\0\0\x0a\x01\0\0\x80\0\0\0\0\0\0\0\0\0\0\x02\x46\x04\0\0\0\0\
\0\0\0\0\0\x02\x77\x01\0\0\0\0\0\0\0\0\0\x03\0\0\0\0\x2d\x01\0\0\x04\0\0\0\x10\
\0\0\0\x3b\x2a\0\0\x05\0\0\x04\x50\0\0\0\x4d\x2a\0\0\x7c\x01\0\0\0\0\0\0\x52\
\x2a\0\0\x7c\x01\0\0\x80\0\0\0\x57\x2a\0\0\x7c\x01\0\0\0\x01\0\0\x5c\x2a\0\0\
\x7c\x01\0\0\x80\x01\0\0\x61\x2a\0\0\x7c\x01\0\0\0\x02\0\0\x66\x2a\0\0\x02\0\0\
\x04\x10\0\0\0\x72\x2a\0\0\x51\0\0\0\0\0\0\0\x75\x2a\0\0\x51\0\0\0\x40\0\0\0\
\x78\x2a\0\0\x01\0\0\x04\x10\0\0\0\x4d\x2a\0\0\x7c\x01\0\0\0\0\0\0\xae\x2b\0\0\
\x07\0\0\x04\x80\0\0\0\x01\x13\0\0\x7f\x01\0\0\0\0\0\0\x19\0\0\0\x81\x01\0\0\
\x20\0\0\0\xd5\x05\0\0\x51\0\0\0\x40\0\0\0\xb5\x2b\0\0\x95\0\0\0\x80\0\0\0\xba\
\x2b\0\0\x82\x01\0\0\xc0\0\0\0\xbd\x2b\0\0\x83\x01\0\0\0\x01\0\0\xc1\x2b\0\0\
\x85\x01\0\0\0\x02\0\0\xc4\x2b\0\0\0\0\0\x08\x80\x01\0\0\0\0\0\0\x05\0\0\x06\
\x04\0\0\0\xd1\x2b\0\0\0\0\0\0\xd9\x2b\0\0\x01\0\0\0\xe8\x2b\0\0\x02\0\0\0\xf6\
\x2b\0\0\x03\0\0\0\x03\x2c\0\0\x04\0\0\0\x14\x2c\0\0\0\0\0\x01\x02\0\0\0\x10\0\
\0\x01\0\0\0\0\0\0\0\x02\x86\x01\0\0\0\0\0\0\0\0\0\x02\x84\x01\0\0\0\0\0\0\0\0\
\0\x0a\x69\x04\0\0\x1a\x2c\0\0\x04\0\0\x04\x40\0\0\0\x24\x2c\0\0\x47\x01\0\0\0\
\0\0\0\x29\x2c\0\0\x49\x01\0\0\xc0\0\0\0\xd5\x05\0\0\x51\0\0\0\0\x01\0\0\x39\
\x1a\0\0\xd9\0\0\0\x40\x01\0\0\x4a\0\0\0\x5d\0\0\x84\x18\x03\0\0\x1c\x2d\0\0\
\x87\x01\0\0\0\0\0\0\x28\x2d\0\0\xa6\x01\0\0\x40\x04\0\0\x30\x2d\0\0\x59\0\0\0\
\x40\x05\0\0\x39\x2d\0\0\x02\0\0\0\x60\x05\0\0\x45\x2d\0\0\xa8\x01\0\0\x80\x05\
\0\0\x54\x2d\0\0\xa9\x01\0\0\x40\x06\0\0\x64\x2d\0\0\xa8\x01\0\0\x80\x06\0\0\
\x75\x2d\0\0\xaa\x01\0\0\x40\x07\0\0\x80\x2d\0\0\x02\0\0\0\0\x08\0\0\x91\x2d\0\
\0\x16\0\0\0\x20\x08\0\0\x9c\x2d\0\0\x16\0\0\0\x40\x08\0\0\xa7\x2d\0\0\x02\0\0\
\0\x60\x08\0\0\xb1\x2d\0\0\x02\0\0\0\x80\x08\0\0\xc1\x2d\0\0\xab\x01\0\0\xc0\
\x08\0\0\0\0\0\0\xac\x01\0\0\0\x09\0\0\xcb\x2d\0\0\xc3\x01\0\0\x40\x09\0\0\xd5\
\x2d\0\0\xc4\x01\0\0\xc0\x09\0\0\xdf\x2d\0\0\x02\0\0\0\0\x0a\0\0\xf1\x2d\0\0\
\x14\0\0\0\x20\x0a\0\0\x02\x2e\0\0\xc4\x01\0\0\x40\x0a\0\0\x0f\x2e\0\0\x59\0\0\
\0\x80\x0a\0\0\x1d\x2e\0\0\x02\0\0\0\xa0\x0a\0\0\x27\x2e\0\0\x02\0\0\0\xc0\x0a\
\0\0\x36\x2e\0\0\x57\0\0\0\xe0\x0a\0\0\x44\x2e\0\0\x51\0\0\0\0\x0b\0\0\0\0\0\0\
\xc5\x01\0\0\x40\x0b\0\0\x51\x2e\0\0\xa9\x01\0\0\x80\x0b\0\0\x61\x2e\0\0\xa8\
\x01\0\0\xc0\x0b\0\0\x70\x2e\0\0\x37\x01\0\0\x80\x0c\0\0\x7c\x2e\0\0\x02\0\0\0\
\xa0\x0c\0\0\x8d\x2e\0\0\x15\0\0\0\xc0\x0c\0\0\xa4\x2e\0\0\x14\0\0\0\xe0\x0c\0\
\0\xb5\x2e\0\0\xa0\0\0\0\0\x0d\0\0\xc1\x2e\0\0\x1d\x01\0\0\x40\x0d\0\0\xca\x2e\
\0\0\x15\0\0\0\x80\x0e\0\0\xd6\x2e\0\0\x15\0\0\0\xa0\x0e\0\0\xde\x2e\0\0\x51\0\
\0\0\xc0\x0e\0\0\xed\x2e\0\0\x51\0\0\0\0\x0f\0\0\0\x2f\0\0\x17\x01\0\0\x40\x0f\
\0\0\x08\x2f\0\0\xc6\x01\0\0\xc0\x0f\0\0\x16\x2f\0\0\xc6\x01\0\0\0\x10\0\0\x26\
\x2f\0\0\xc6\x01\0\0\x40\x10\0\0\x3b\x2f\0\0\x02\0\0\0\x80\x10\0\0\x47\x2f\0\0\
\x16\0\0\0\xa0\x10\0\0\x57\x2f\0\0\xc7\x01\0\0\xc0\x10\0\0\x65\x2f\0\0\x15\0\0\
\0\xe0\x10\0\0\x6f\x2f\0\0\x18\0\0\0\0\x11\0\x01\x7a\x2f\0\0\x18\0\0\0\x01\x11\
\0\x01\x87\x2f\0\0\x18\0\0\0\x02\x11\0\x01\x96\x2f\0\0\x18\0\0\0\x03\x11\0\x01\
\xa5\x2f\0\0\x18\0\0\0\x04\x11\0\x04\xb2\x2f\0\0\x18\0\0\0\x08\x11\0\0\xc2\x2f\
\0\0\x1d\0\0\0\x10\x11\0\0\xca\x2f\0\0\x1d\0\0\0\x20\x11\0\0\xd6\x2f\0\0\x1d\0\
\0\0\x30\x11\0\0\xe6\x2f\0\0\x51\0\0\0\x40\x11\0\0\xf4\x2f\0\0\x94\x01\0\0\x80\
\x11\0\0\x04\x30\0\0\xb0\x01\0\0\xc0\x11\0\0\x15\x30\0\0\x02\0\0\0\0\x12\0\0\
\x1c\x30\0\0\x02\0\0\0\x20\x12\0\0\x28\x30\0\0\x14\0\0\0\x40\x12\0\0\x37\x30\0\
\0\x14\0\0\0\x60\x12\0\0\x4a\x30\0\0\xc8\0\0\0\x80\x12\0\0\x51\x30\0\0\x18\0\0\
\0\xa0\x12\0\0\x65\x30\0\0\x1d\0\0\0\xb0\x12\0\0\x79\x30\0\0\xf1\0\0\0\xc0\x12\
\0\0\x86\x30\0\0\xb0\0\0\0\0\x13\0\0\x92\x30\0\0\xc5\0\0\0\x40\x13\0\0\x9f\x30\
\0\0\xa0\0\0\0\x80\x13\0\0\xab\x30\0\0\x71\0\0\0\xc0\x13\0\0\xb4\x30\0\0\x1d\0\
\0\0\0\x14\0\0\xbf\x30\0\0\x02\0\0\0\x20\x14\0\0\xcb\x30\0\0\x18\0\0\0\x40\x14\
\0\0\xd7\x30\0\0\x59\0\0\0\x60\x14\0\0\xe0\x30\0\0\x59\0\0\0\x80\x14\0\0\xe9\
\x30\0\0\x18\0\0\0\xa0\x14\0\0\xf4\x30\0\0\x18\0\0\0\xa8\x14\0\x01\x0c\x31\0\0\
\x18\0\0\0\xa9\x14\0\x01\x24\x31\0\0\x18\0\0\0\xaa\x14\0\x06\x35\x31\0\0\xc8\
\x01\0\0\xc0\x14\0\0\x3f\x31\0\0\x56\0\0\0\0\x15\0\0\x4c\x31\0\0\x56\0\0\0\x40\
\x15\0\0\x58\x31\0\0\xc9\x01\0\0\x80\x15\0\0\x65\x31\0\0\xcb\x01\0\0\0\x16\0\0\
\x6e\x31\0\0\xcd\x01\0\0\x40\x16\0\0\x7e\x31\0\0\xcd\x01\0\0\x80\x16\0\0\x8c\
\x31\0\0\xcd\x01\0\0\xc0\x16\0\0\x9b\x31\0\0\xcd\x01\0\0\0\x17\0\0\xab\x31\0\0\
\xcf\x01\0\0\x40\x17\0\0\xba\x31\0\0\xcd\x01\0\0\x80\x17\0\0\xc6\x31\0\0\xe8\
\x01\0\0\xc0\x17\0\0\xd6\x31\0\0\x22\x01\0\0\0\x18\0\0\xe5\x31\0\0\xd9\0\0\0\
\x40\x18\0\0\xec\x31\0\0\x19\0\0\x84\x88\0\0\0\0\0\0\0\x88\x01\0\0\0\0\0\0\0\0\
\0\0\x8c\x01\0\0\x40\0\0\0\0\0\0\0\x8e\x01\0\0\x60\0\0\0\xf8\x31\0\0\x1f\0\0\0\
\x80\0\0\0\x03\x32\0\0\x92\x01\0\0\x90\0\0\0\x0d\x32\0\0\x1a\0\0\0\x98\0\0\x04\
\x17\x32\0\0\x1a\0\0\0\x9c\0\0\x01\x25\x32\0\0\x1a\0\0\0\x9d\0\0\x01\x32\x32\0\
\0\x1a\0\0\0\x9e\0\0\x01\x41\x32\0\0\x02\0\0\0\xa0\0\0\0\0\0\0\0\x93\x01\0\0\
\xc0\0\0\0\x52\x32\0\0\x94\x01\0\0\x40\x01\0\0\x5b\x32\0\0\x95\x01\0\0\x80\x01\
\0\0\x63\x32\0\0\x98\x01\0\0\xc0\x01\0\0\x70\x32\0\0\x98\x01\0\0\x40\x02\0\0\
\x81\x32\0\0\x97\0\0\0\xc0\x02\0\0\0\0\0\0\x9d\x01\0\0\0\x03\0\0\x8c\x32\0\0\
\x9f\x01\0\0\x40\x03\0\0\0\0\0\0\xa0\x01\0\0\x40\x03\0\0\x9f\x32\0\0\x1f\0\0\0\
\xc0\x03\0\0\xb4\x32\0\0\x1f\0\0\0\xd0\x03\0\0\0\0\0\0\xa4\x01\0\0\xe0\x03\0\0\
\xc9\x32\0\0\x57\0\0\0\0\x04\0\0\xd4\x32\0\0\x9f\x01\0\0\x20\x04\0\0\0\0\0\0\
\xa5\x01\0\0\x20\x04\0\0\0\0\0\0\x02\0\0\x05\x08\0\0\0\xe5\x32\0\0\x89\x01\0\0\
\0\0\0\0\0\0\0\0\x8a\x01\0\0\0\0\0\0\xf2\x32\0\0\0\0\0\x08\x22\0\0\0\0\0\0\0\
\x02\0\0\x04\x08\0\0\0\xfd\x32\0\0\x8b\x01\0\0\0\0\0\0\x07\x33\0\0\x8b\x01\0\0\
\x20\0\0\0\x15\x33\0\0\0\0\0\x08\x15\0\0\0\0\0\0\0\x02\0\0\x05\x04\0\0\0\x1c\
\x33\0\0\x16\0\0\0\0\0\0\0\x25\x33\0\0\x8d\x01\0\0\0\0\0\0\0\0\0\0\0\0\0\x03\0\
\0\0\0\x1e\0\0\0\x04\0\0\0\x02\0\0\0\0\0\0\0\x02\0\0\x05\x04\0\0\0\x33\x33\0\0\
\x8f\x01\0\0\0\0\0\0\0\0\0\0\x90\x01\0\0\0\0\0\0\x40\x33\0\0\0\0\0\x08\x15\0\0\
\0\0\0\0\0\x02\0\0\x04\x04\0\0\0\x4b\x33\0\0\x91\x01\0\0\0\0\0\0\x55\x33\0\0\
\x1e\0\0\0\x10\0\0\0\x5d\x33\0\0\0\0\0\x08\x1e\0\0\0\0\0\0\0\0\0\0\x09\x1a\0\0\
\0\0\0\0\0\x02\0\0\x05\x10\0\0\0\x64\x33\0\0\xb1\0\0\0\0\0\0\0\x72\x33\0\0\xb1\
\0\0\0\0\0\0\0\0\0\0\0\0\0\0\x02\xdc\x03\0\0\x84\x33\0\0\0\0\0\x08\x96\x01\0\0\
\0\0\0\0\x01\0\0\x04\x08\0\0\0\x93\x33\0\0\x97\x01\0\0\0\0\0\0\0\0\0\0\0\0\0\
\x02\x1e\x02\0\0\x97\x33\0\0\x01\0\0\x04\x10\0\0\0\xa0\x33\0\0\x99\x01\0\0\0\0\
\0\0\0\0\0\0\x03\0\0\x05\x10\0\0\0\xa6\x33\0\0\x9a\x01\0\0\0\0\0\0\xaf\x33\0\0\
\x9b\x01\0\0\0\0\0\0\xb9\x33\0\0\x9c\x01\0\0\0\0\0\0\0\0\0\0\0\0\0\x03\0\0\0\0\
\x19\0\0\0\x04\0\0\0\x10\0\0\0\0\0\0\0\0\0\0\x03\0\0\0\0\x91\x01\0\0\x04\0\0\0\
\x08\0\0\0\0\0\0\0\0\0\0\x03\0\0\0\0\x8b\x01\0\0\x04\0\0\0\x04\0\0\0\0\0\0\0\
\x03\0\0\x05\x08\0\0\0\xc3\x33\0\0\x51\0\0\0\0\0\0\0\xcd\x33\0\0\x82\x01\0\0\0\
\0\0\0\xda\x33\0\0\x9e\x01\0\0\0\0\0\0\0\0\0\0\0\0\0\x02\x47\x02\0\0\0\0\0\0\0\
\0\0\x03\0\0\0\0\x02\0\0\0\x04\0\0\0\0\0\0\0\0\0\0\0\x02\0\0\x05\x10\0\0\0\xe4\
\x33\0\0\xb1\0\0\0\0\0\0\0\xed\x33\0\0\xa1\x01\0\0\0\0\0\0\xfc\x33\0\0\x02\0\0\
\x04\x10\0\0\0\x5f\x10\0\0\xa2\x01\0\0\0\0\0\0\x02\x18\0\0\xa3\x01\0\0\x40\0\0\
\0\0\0\0\0\0\0\0\x02\xa1\x01\0\0\0\0\0\0\0\0\0\x02\xa2\x01\0\0\0\0\0\0\x03\0\0\
\x05\x04\0\0\0\x0d\x34\0\0\x02\0\0\0\0\0\0\0\x1e\x34\0\0\x14\0\0\0\0\0\0\0\x2a\
\x34\0\0\x14\0\0\0\0\0\0\0\0\0\0\0\x03\0\0\x05\x04\0\0\0\x39\x34\0\0\x14\0\0\0\
\0\0\0\0\x44\x34\0\0\x14\0\0\0\0\0\0\0\x55\x34\0\0\x14\0\0\0\0\0\0\0\x64\x34\0\
\0\0\0\0\x08\xa7\x01\0\0\0\0\0\0\x03\0\0\x04\x20\0\0\0\x72\x34\0\0\xf1\0\0\0\0\
\0\0\0\x78\x34\0\0\x02\0\0\0\x20\0\0\0\xc1\x2b\0\0\x47\x01\0\0\x40\0\0\0\x7e\
\x34\0\0\x04\0\0\x04\x18\0\0\0\x5f\x10\0\0\xa9\x01\0\0\0\0\0\0\x5c\x11\0\0\xa9\
\x01\0\0\x40\0\0\0\x8b\x34\0\0\x15\0\0\0\x80\0\0\0\x08\x18\0\0\xf1\0\0\0\xa0\0\
\0\0\0\0\0\0\0\0\0\x02\xd1\x01\0\0\0\0\0\0\x04\0\0\x04\x18\0\0\0\x90\x34\0\0\
\x59\0\0\0\0\0\0\0\xd0\x26\0\0\x02\0\0\0\x20\0\0\0\x62\x27\0\0\xa9\x01\0\0\x40\
\0\0\0\x62\x18\0\0\xa9\x01\0\0\x80\0\0\0\0\0\0\0\0\0\0\x02\x11\x04\0\0\0\0\0\0\
\x02\0\0\x05\x08\0\0\0\x9b\x34\0\0\xad\x01\0\0\0\0\0\0\xa1\x34\0\0\xad\x01\0\0\
\0\0\0\0\0\0\0\0\0\0\0\x02\x85\x01\0\0\0\0\0\0\0\0\0\x02\xaf\x01\0\0\xab\x34\0\
\0\x1b\0\0\x04\x20\x03\0\0\xb7\x34\0\0\x95\x01\0\0\0\0\0\0\xbe\x34\0\0\xb1\0\0\
\0\x40\0\0\0\xc4\x34\0\0\xb1\0\0\0\xc0\0\0\0\x08\x18\0\0\xb0\x01\0\0\x40\x01\0\
\0\xca\x34\0\0\x57\0\0\0\x80\x01\0\0\xd1\x34\0\0\x14\0\0\0\xa0\x01\0\0\xd5\x34\
\0\0\x1d\x01\0\0\xc0\x01\0\0\xdb\x34\0\0\x59\0\0\0\0\x03\0\0\xe1\x34\0\0\x14\0\
\0\0\x20\x03\0\0\x42\x1d\0\0\x14\0\0\0\x40\x03\0\0\xea\x34\0\0\x14\0\0\0\x60\
\x03\0\0\xf0\x34\0\0\xb7\x01\0\0\x80\x03\0\0\xf5\x34\0\0\xb8\x01\0\0\xc0\x03\0\
\0\xfe\x34\0\0\xbb\x01\0\0\x80\x05\0\0\x02\x35\0\0\xbc\x01\0\0\x80\x07\0\0\x09\
\x35\0\0\xbd\x01\0\0\x80\x08\0\0\x0e\x35\0\0\xbe\x01\0\0\x40\x09\0\0\x13\x35\0\
\0\x27\0\0\0\x80\x0b\0\0\x19\0\0\0\x18\0\0\0\x88\x0b\0\0\x22\x35\0\0\x18\0\0\0\
\x90\x0b\0\0\xd5\x05\0\0\x18\0\0\0\x98\x0b\0\0\x29\x35\0\0\x18\0\0\0\xa0\x0b\0\
\0\x64\0\0\0\x1d\0\0\0\xb0\x0b\0\0\x49\x0f\0\0\xbf\x01\0\0\xc0\x0b\0\0\x31\x35\
\0\0\xc2\x01\0\0\0\x0c\0\0\x3a\x35\0\0\xb1\0\0\0\0\x18\0\0\x39\x1a\0\0\xd9\0\0\
\0\x80\x18\0\0\x4d\x35\0\0\0\0\0\x08\xb1\x01\0\0\0\0\0\0\x01\0\0\x04\x08\0\0\0\
\x29\x18\0\0\xb2\x01\0\0\0\0\0\0\x56\x35\0\0\0\0\0\x08\xb3\x01\0\0\x64\x35\0\0\
\x02\0\0\x04\x08\0\0\0\0\0\0\0\xb4\x01\0\0\0\0\0\0\xda\x1b\0\0\xba\0\0\0\x20\0\
\0\0\0\0\0\0\x02\0\0\x05\x04\0\0\0\x6c\x35\0\0\x59\0\0\0\0\0\0\0\0\0\0\0\xb5\
\x01\0\0\0\0\0\0\0\0\0\0\x02\0\0\x04\x04\0\0\0\x71\x35\0\0\x18\0\0\0\0\0\0\0\
\x79\x35\0\0\xb6\x01\0\0\x08\0\0\0\0\0\0\0\0\0\0\x03\0\0\0\0\x18\0\0\0\x04\0\0\
\0\x03\0\0\0\x82\x35\0\0\x02\0\0\x04\x08\0\0\0\x8c\x35\0\0\x15\0\0\0\0\0\0\0\
\x8e\x35\0\0\x15\0\0\0\x20\0\0\0\x90\x35\0\0\x0c\0\0\x04\x38\0\0\0\x9e\x35\0\0\
\xb9\x01\0\0\0\0\0\0\xa4\x35\0\0\xb9\x01\0\0\x80\0\0\0\xaa\x35\0\0\x91\x01\0\0\
\0\x01\0\0\xb0\x35\0\0\x91\x01\0\0\x10\x01\0\0\xbb\x35\0\0\x91\x01\0\0\x20\x01\
\0\0\xc1\x35\0\0\x91\x01\0\0\x30\x01\0\0\x64\0\0\0\x1e\0\0\0\x40\x01\0\0\xcc\
\x35\0\0\x19\0\0\0\x50\x01\0\0\xd8\x35\0\0\x19\0\0\0\x58\x01\0\0\xe4\x35\0\0\
\x19\0\0\0\x60\x01\0\0\xea\x35\0\0\x02\0\0\0\x80\x01\0\0\xb2\x19\0\0\xcb\0\0\0\
\xa0\x01\0\0\xf2\x35\0\0\0\0\0\x08\xba\x01\0\0\0\0\0\0\x03\0\0\x05\x10\0\0\0\
\x01\x36\0\0\x8b\x01\0\0\0\0\0\0\x04\x36\0\0\x9c\x01\0\0\0\0\0\0\x07\x36\0\0\
\x98\x01\0\0\0\0\0\0\x0b\x36\0\0\x08\0\0\x04\x40\0\0\0\x1d\x36\0\0\x22\0\0\0\0\
\0\0\0\x2d\x36\0\0\x22\0\0\0\x40\0\0\0\x3d\x36\0\0\x22\0\0\0\x80\0\0\0\x4f\x36\
\0\0\x22\0\0\0\xc0\0\0\0\x61\x36\0\0\x22\0\0\0\0\x01\0\0\x7a\x36\0\0\x22\0\0\0\
\x40\x01\0\0\x93\x36\0\0\x22\0\0\0\x80\x01\0\0\xac\x36\0\0\x22\0\0\0\xc0\x01\0\
\0\xc5\x36\0\0\x04\0\0\x04\x20\0\0\0\xd7\x36\0\0\x22\0\0\0\0\0\0\0\xdd\x36\0\0\
\x22\0\0\0\x40\0\0\0\xe5\x36\0\0\x22\0\0\0\x80\0\0\0\xee\x36\0\0\x22\0\0\0\xc0\
\0\0\0\xf7\x36\0\0\x02\0\0\x04\x18\0\0\0\x0e\x37\0\0\x66\0\0\0\0\0\0\0\x12\x37\
\0\0\x18\0\0\0\x80\0\0\0\x17\x37\0\0\x03\0\0\x04\x48\0\0\0\x29\x37\0\0\xa8\x01\
\0\0\0\0\0\0\x34\x37\0\0\x1d\x01\0\0\xc0\0\0\0\x04\x12\0\0\x51\0\0\0\0\x02\0\0\
\0\0\0\0\0\0\0\x02\0\x04\0\0\x3f\x37\0\0\x0b\0\0\x04\x40\0\0\0\x86\x21\0\0\xc1\
\x01\0\0\0\0\0\0\xa4\x35\0\0\xb9\x01\0\0\xc0\0\0\0\x49\x37\0\0\x1f\0\0\0\x40\
\x01\0\0\x56\x37\0\0\x14\0\0\0\x60\x01\0\0\xbb\x1a\0\0\x18\0\0\0\x80\x01\0\0\
\x5c\x37\0\0\x18\0\0\0\x88\x01\0\0\x62\x37\0\0\x18\0\0\0\x90\x01\0\0\x6b\x37\0\
\0\x18\0\0\0\x98\x01\0\0\x73\x37\0\0\x14\0\0\0\xa0\x01\0\0\x7a\x37\0\0\x14\0\0\
\0\xc0\x01\0\0\x81\x37\0\0\x14\0\0\0\xe0\x01\0\0\x88\x37\0\0\x03\0\0\x04\x18\0\
\0\0\x9e\x35\0\0\xb9\x01\0\0\0\0\0\0\x90\x37\0\0\x8b\x01\0\0\x80\0\0\0\xe4\x35\
\0\0\x19\0\0\0\xa0\0\0\0\0\0\0\0\0\0\0\x03\0\0\0\0\xc0\x01\0\0\x04\0\0\0\x06\0\
\0\0\0\0\0\0\0\0\0\x03\0\0\0\0\xae\x01\0\0\x04\0\0\0\x02\0\0\0\0\0\0\0\0\0\0\
\x02\x17\x02\0\0\0\0\0\0\x02\0\0\x05\x08\0\0\0\x94\x37\0\0\xa9\x01\0\0\0\0\0\0\
\xa1\x37\0\0\xc3\0\0\0\0\0\0\0\xaf\x37\0\0\0\0\0\x08\x21\0\0\0\xc1\x37\0\0\0\0\
\0\x08\x16\0\0\0\0\0\0\0\0\0\0\x02\x7e\x01\0\0\xc7\x37\0\0\x02\0\0\x04\x10\0\0\
\0\x25\x24\0\0\xca\x01\0\0\0\0\0\0\xd8\x37\0\0\x14\0\0\0\x40\0\0\0\0\0\0\0\0\0\
\0\x02\xbe\x03\0\0\0\0\0\0\0\0\0\x02\xcc\x01\0\0\xe0\x37\0\0\0\0\0\x07\0\0\0\0\
\0\0\0\0\0\0\0\x02\xce\x01\0\0\0\0\0\0\x01\0\0\x0d\0\0\0\0\0\0\0\0\x82\x01\0\0\
\0\0\0\0\0\0\0\x02\xd0\x01\0\0\0\0\0\0\x02\0\0\x0d\x02\0\0\0\0\0\0\0\x82\x01\0\
\0\0\0\0\0\xa9\x01\0\0\xeb\x37\0\0\x4c\0\0\x84\xe0\0\0\0\0\0\0\0\xd2\x01\0\0\0\
\0\0\0\0\0\0\0\xd6\x01\0\0\xc0\0\0\0\0\0\0\0\xd7\x01\0\0\0\x01\0\0\xf3\x37\0\0\
\xd8\x01\0\0\x40\x01\0\0\0\0\0\0\xd9\x01\0\0\xc0\x02\0\0\xf6\x37\0\0\x51\0\0\0\
\x40\x03\0\0\xd0\x26\0\0\x16\0\0\0\x80\x03\0\0\xfc\x37\0\0\x16\0\0\0\xa0\x03\0\
\0\x05\x38\0\0\x1e\0\0\0\xc0\x03\0\0\x0d\x38\0\0\x1e\0\0\0\xd0\x03\0\0\x15\x38\
\0\0\x1e\0\0\0\xe0\x03\0\0\x23\x38\0\0\xdd\x01\0\0\xf0\x03\0\0\x33\x38\0\0\x19\
\0\0\0\xf0\x03\0\x01\x3a\x38\0\0\x19\0\0\0\xf1\x03\0\x01\x40\x38\0\0\x19\0\0\0\
\xf2\x03\0\x02\x47\x38\0\0\x19\0\0\0\xf4\x03\0\x01\x4e\x38\0\0\x19\0\0\0\xf5\
\x03\0\x01\x58\x38\0\0\x19\0\0\0\xf6\x03\0\x01\x63\x38\0\0\x19\0\0\0\xf7\x03\0\
\x01\x6e\x38\0\0\x19\0\0\0\xf8\x03\0\0\x80\x38\0\0\xde\x01\0\0\0\x04\0\0\x8e\
\x38\0\0\xdd\x01\0\0\0\x04\0\0\xa0\x38\0\0\x19\0\0\0\0\x04\0\x03\xa9\x38\0\0\
\x19\0\0\0\x03\x04\0\x01\xb3\x38\0\0\x19\0\0\0\x04\x04\0\x01\xbc\x38\0\0\x19\0\
\0\0\x05\x04\0\x02\xc6\x38\0\0\x19\0\0\0\x07\x04\0\x01\xcf\x38\0\0\x19\0\0\0\
\x08\x04\0\x01\xd7\x38\0\0\x19\0\0\0\x09\x04\0\x01\xdf\x38\0\0\x19\0\0\0\x0a\
\x04\0\x01\xf0\x38\0\0\x19\0\0\0\x0b\x04\0\x01\xfb\x38\0\0\x19\0\0\0\x0c\x04\0\
\x01\x02\x39\0\0\x19\0\0\0\x0d\x04\0\x01\x10\x39\0\0\x19\0\0\0\x0e\x04\0\x01\
\x1f\x39\0\0\x19\0\0\0\x0f\x04\0\x01\x2a\x39\0\0\xdd\x01\0\0\x10\x04\0\0\x44\
\x39\0\0\x19\0\0\0\x10\x04\0\x01\x51\x39\0\0\x19\0\0\0\x11\x04\0\x01\x62\x39\0\
\0\x19\0\0\0\x12\x04\0\x02\x6d\x39\0\0\x19\0\0\0\x14\x04\0\x01\x7b\x39\0\0\x19\
\0\0\0\x15\x04\0\x01\x8f\x39\0\0\x19\0\0\0\x16\x04\0\x02\x9e\x39\0\0\x19\0\0\0\
\x18\x04\0\x01\xac\x39\0\0\x19\0\0\0\x19\x04\0\x01\xc0\x39\0\0\x19\0\0\0\x1a\
\x04\0\x01\xd0\x39\0\0\x19\0\0\0\x1b\x04\0\x01\xe1\x39\0\0\x19\0\0\0\x1c\x04\0\
\x01\xef\x39\0\0\x19\0\0\0\x1d\x04\0\x01\xfa\x39\0\0\x19\0\0\0\x1e\x04\0\x01\
\x03\x3a\0\0\x19\0\0\0\x1f\x04\0\x01\x10\x3a\0\0\x1e\0\0\0\x20\x04\0\0\0\0\0\0\
\xdf\x01\0\0\x40\x04\0\0\xe1\x34\0\0\x15\0\0\0\x60\x04\0\0\x19\x3a\0\0\x02\0\0\
\0\x80\x04\0\0\x21\x3a\0\0\x15\0\0\0\xa0\x04\0\0\x26\x3a\0\0\x91\x01\0\0\xc0\
\x04\0\0\x31\x3a\0\0\x1e\0\0\0\xd0\x04\0\0\0\0\0\0\xe2\x01\0\0\xe0\x04\0\0\x3a\
\x3a\0\0\x15\0\0\0\0\x05\0\0\0\0\0\0\xe3\x01\0\0\x20\x05\0\0\0\0\0\0\xe4\x01\0\
\0\x40\x05\0\0\x42\x3a\0\0\x1e\0\0\0\x50\x05\0\0\x59\x3a\0\0\x1e\0\0\0\x60\x05\
\0\0\x6e\x3a\0\0\x1e\0\0\0\x70\x05\0\0\x6b\0\0\0\x91\x01\0\0\x80\x05\0\0\x7f\
\x3a\0\0\x1e\0\0\0\x90\x05\0\0\x90\x3a\0\0\x1e\0\0\0\xa0\x05\0\0\x9f\x3a\0\0\
\x1e\0\0\0\xb0\x05\0\0\xaa\x3a\0\0\xde\x01\0\0\xc0\x05\0\0\x62\x18\0\0\xe5\x01\
\0\0\xc0\x05\0\0\xb6\x3a\0\0\xe5\x01\0\0\xe0\x05\0\0\x62\x27\0\0\xe6\x01\0\0\0\
\x06\0\0\xba\x3a\0\0\xe6\x01\0\0\x40\x06\0\0\xbf\x3a\0\0\x16\0\0\0\x80\x06\0\0\
\xc8\x3a\0\0\x57\0\0\0\xa0\x06\0\0\xce\x3a\0\0\xe7\x01\0\0\xc0\x06\0\0\0\0\0\0\
\x03\0\0\x05\x18\0\0\0\0\0\0\0\xd3\x01\0\0\0\0\0\0\xd9\x3a\0\0\x64\0\0\0\0\0\0\
\0\x8e\x1a\0\0\x66\0\0\0\0\0\0\0\0\0\0\0\x03\0\0\x04\x18\0\0\0\x5f\x10\0\0\xa9\
\x01\0\0\0\0\0\0\x5c\x11\0\0\xa9\x01\0\0\x40\0\0\0\0\0\0\0\xd4\x01\0\0\x80\0\0\
\0\0\0\0\0\x02\0\0\x05\x08\0\0\0\xe0\x3a\0\0\xd5\x01\0\0\0\0\0\0\xe4\x3a\0\0\
\x51\0\0\0\0\0\0\0\0\0\0\0\0\0\0\x02\x70\x02\0\0\0\0\0\0\x02\0\0\x05\x08\0\0\0\
\xba\x2b\0\0\x82\x01\0\0\0\0\0\0\xf0\x3a\0\0\x02\0\0\0\0\0\0\0\0\0\0\0\x02\0\0\
\x05\x08\0\0\0\xf2\x1f\0\0\x71\0\0\0\0\0\0\0\x01\x3b\0\0\x21\0\0\0\0\0\0\0\0\0\
\0\0\0\0\0\x03\0\0\0\0\x3c\0\0\0\x04\0\0\0\x30\0\0\0\0\0\0\0\x03\0\0\x05\x10\0\
\0\0\0\0\0\0\xda\x01\0\0\0\0\0\0\x0f\x3b\0\0\x66\0\0\0\0\0\0\0\x22\x3b\0\0\x51\
\0\0\0\0\0\0\0\0\0\0\0\x02\0\0\x04\x10\0\0\0\x2c\x3b\0\0\x51\0\0\0\0\0\0\0\x38\
\x3b\0\0\xdb\x01\0\0\x40\0\0\0\0\0\0\0\0\0\0\x02\xdc\x01\0\0\0\0\0\0\x01\0\0\
\x0d\0\0\0\0\0\0\0\0\xa9\x01\0\0\0\0\0\0\0\0\0\x03\0\0\0\0\x19\0\0\0\x04\0\0\0\
\0\0\0\0\0\0\0\0\0\0\0\x03\0\0\0\0\x15\0\0\0\x04\0\0\0\0\0\0\0\0\0\0\0\x02\0\0\
\x05\x04\0\0\0\x43\x3b\0\0\xe0\x01\0\0\0\0\0\0\0\0\0\0\xe1\x01\0\0\0\0\0\0\x48\
\x3b\0\0\0\0\0\x08\x15\0\0\0\0\0\0\0\x02\0\0\x04\x04\0\0\0\x4f\x3b\0\0\x1e\0\0\
\0\0\0\0\0\x5a\x3b\0\0\x1e\0\0\0\x10\0\0\0\0\0\0\0\x02\0\0\x05\x04\0\0\0\x66\
\x3b\0\0\x16\0\0\0\0\0\0\0\x6e\x3b\0\0\x16\0\0\0\0\0\0\0\0\0\0\0\x02\0\0\x05\
\x04\0\0\0\xf0\x34\0\0\x15\0\0\0\0\0\0\0\x79\x3b\0\0\x15\0\0\0\0\0\0\0\0\0\0\0\
\x02\0\0\x05\x02\0\0\0\x8b\x3b\0\0\x91\x01\0\0\0\0\0\0\x9a\x3b\0\0\x19\0\0\0\0\
\0\0\0\xa8\x3b\0\0\0\0\0\x08\x16\0\0\0\0\0\0\0\0\0\0\x02\x1a\0\0\0\0\0\0\0\0\0\
\0\x02\x30\x04\0\0\0\0\0\0\0\0\0\x02\x16\x04\0\0\x7f\x40\0\0\x02\0\0\x04\x88\
\x03\0\0\0\0\0\0\xea\x01\0\0\0\0\0\0\x89\x40\0\0\x14\x02\0\0\x40\x1c\0\0\0\0\0\
\0\x36\0\0\x04\x88\x03\0\0\x25\x23\0\0\x89\0\0\0\0\0\0\0\x94\x40\0\0\xc3\0\0\0\
\x40\0\0\0\x9a\x40\0\0\x21\0\0\0\x80\0\0\0\xaa\x40\0\0\xeb\x01\0\0\xc0\0\0\0\
\xbc\x40\0\0\x51\0\0\0\0\x01\0\0\xc6\x40\0\0\x51\0\0\0\x40\x01\0\0\xd7\x40\0\0\
\x51\0\0\0\x80\x01\0\0\xe1\x40\0\0\x51\0\0\0\xc0\x01\0\0\xf0\x40\0\0\xff\x01\0\
\0\0\x02\0\0\xf4\x40\0\0\x59\0\0\0\x40\x02\0\0\x05\x41\0\0\x59\0\0\0\x60\x02\0\
\0\x0e\x41\0\0\x59\0\0\0\x80\x02\0\0\x17\x41\0\0\x96\0\0\0\xc0\x02\0\0\x26\x41\
\0\0\x02\0\0\0\0\x03\0\0\x30\x41\0\0\xf1\0\0\0\x20\x03\0\0\x40\x41\0\0\x03\x02\
\0\0\x40\x03\0\0\x4a\x41\0\0\x66\0\0\0\x80\x04\0\0\x51\x41\0\0\x51\0\0\0\0\x05\
\0\0\x5d\x41\0\0\x51\0\0\0\x40\x05\0\0\x68\x41\0\0\x51\0\0\0\x80\x05\0\0\x71\
\x41\0\0\x51\0\0\0\xc0\x05\0\0\x7b\x41\0\0\x97\0\0\0\0\x06\0\0\x85\x41\0\0\x51\
\0\0\0\x40\x06\0\0\x8d\x41\0\0\x51\0\0\0\x80\x06\0\0\x95\x41\0\0\x51\0\0\0\xc0\
\x06\0\0\x9e\x41\0\0\x51\0\0\0\0\x07\0\0\xa8\x41\0\0\x04\x01\0\0\x40\x07\0\0\
\xba\x41\0\0\xf1\0\0\0\x60\x07\0\0\xc3\x41\0\0\x51\0\0\0\x80\x07\0\0\xce\x41\0\
\0\x51\0\0\0\xc0\x07\0\0\xd7\x41\0\0\x51\0\0\0\0\x08\0\0\xe2\x41\0\0\x51\0\0\0\
\x40\x08\0\0\xeb\x41\0\0\x51\0\0\0\x80\x08\0\0\xf5\x41\0\0\x51\0\0\0\xc0\x08\0\
\0\xf9\x41\0\0\x51\0\0\0\0\x09\0\0\x05\x42\0\0\x51\0\0\0\x40\x09\0\0\x0f\x42\0\
\0\x51\0\0\0\x80\x09\0\0\x17\x42\0\0\x51\0\0\0\xc0\x09\0\0\x21\x42\0\0\x51\0\0\
\0\0\x0a\0\0\x29\x42\0\0\x04\x02\0\0\x40\x0a\0\0\x81\x08\0\0\x05\x02\0\0\xc0\
\x15\0\0\x34\x42\0\0\x07\x02\0\0\xc0\x16\0\0\x3b\x42\0\0\x08\x02\0\0\0\x17\0\0\
\xd5\x05\0\0\x51\0\0\0\x40\x18\0\0\x43\x42\0\0\x0a\x02\0\0\x80\x18\0\0\x4e\x42\
\0\0\xf1\0\0\0\xc0\x18\0\0\x59\x42\0\0\x0b\x02\0\0\0\x19\0\0\xb7\x19\0\0\xd5\0\
\0\0\x40\x19\0\0\x65\x42\0\0\x95\0\0\0\x80\x19\0\0\x6e\x42\0\0\x59\0\0\0\xc0\
\x19\0\0\x80\x42\0\0\x0c\x02\0\0\0\x1a\0\0\x8e\x42\0\0\x0e\x02\0\0\x40\x1a\0\0\
\x9d\x42\0\0\x14\0\0\0\x40\x1b\0\0\xa3\x42\0\0\x13\x02\0\0\x80\x1b\0\0\0\0\0\0\
\0\0\0\x02\xec\x01\0\0\0\0\0\0\x05\0\0\x0d\x51\0\0\0\0\0\0\0\x95\0\0\0\0\0\0\0\
\x51\0\0\0\0\0\0\0\x51\0\0\0\0\0\0\0\x51\0\0\0\0\0\0\0\x51\0\0\0\xb5\x2b\0\0\
\x15\0\0\x04\xf0\0\0\0\xab\x42\0\0\xee\x01\0\0\0\0\0\0\xaf\x42\0\0\xef\x01\0\0\
\x80\0\0\0\xb6\x42\0\0\xf2\x01\0\0\x40\x01\0\0\xbe\x42\0\0\xf3\x01\0\0\x80\x01\
\0\0\xc3\x42\0\0\xf1\0\0\0\xc0\x01\0\0\xca\x42\0\0\xf5\x01\0\0\xe0\x01\0\0\xd7\
\x42\0\0\x96\0\0\0\0\x02\0\0\xdf\x42\0\0\x16\0\0\0\x40\x02\0\0\xe7\x42\0\0\xf6\
\x01\0\0\x60\x02\0\0\xee\x42\0\0\x0a\x01\0\0\x80\x02\0\0\xf9\x42\0\0\xf7\x01\0\
\0\x80\x03\0\0\xff\x42\0\0\xf9\x01\0\0\xc0\x03\0\0\x07\x43\0\0\xc5\0\0\0\xc0\
\x04\0\0\x0e\x43\0\0\xfb\x01\0\0\0\x05\0\0\x13\x43\0\0\x21\0\0\0\0\x06\0\0\x1d\
\x43\0\0\x56\0\0\0\x40\x06\0\0\x28\x43\0\0\x56\0\0\0\x80\x06\0\0\x35\x43\0\0\
\xfc\x01\0\0\xc0\x06\0\0\x3a\x43\0\0\xfd\x01\0\0\0\x07\0\0\x44\x43\0\0\xfe\x01\
\0\0\x40\x07\0\0\x4d\x43\0\0\xfe\x01\0\0\x60\x07\0\0\0\0\0\0\x02\0\0\x05\x10\0\
\0\0\x56\x43\0\0\x5c\0\0\0\0\0\0\0\x5f\x43\0\0\xd9\0\0\0\0\0\0\0\x6a\x43\0\0\
\x03\0\0\x04\x18\0\0\0\x6f\x43\0\0\xf0\x01\0\0\0\0\0\0\x73\x43\0\0\xf1\x01\0\0\
\x40\0\0\0\x7a\x43\0\0\x02\0\0\0\x80\0\0\0\0\0\0\0\0\0\0\x02\xbc\x03\0\0\0\0\0\
\0\0\0\0\x02\xbd\x03\0\0\0\0\0\0\0\0\0\x02\xc0\x03\0\0\0\0\0\0\0\0\0\x02\xf4\
\x01\0\0\0\0\0\0\0\0\0\x0a\xd1\x03\0\0\x85\x43\0\0\x06\0\0\x06\x04\0\0\0\x8d\
\x43\0\0\0\0\0\0\xa0\x43\0\0\x01\0\0\0\xb0\x43\0\0\x02\0\0\0\xc1\x43\0\0\x03\0\
\0\0\xd3\x43\0\0\x04\0\0\0\xe3\x43\0\0\x05\0\0\0\xf6\x43\0\0\0\0\0\x08\x16\0\0\
\0\xfe\x43\0\0\0\0\0\x08\xf8\x01\0\0\x05\x44\0\0\0\0\0\x08\x31\0\0\0\x15\x44\0\
\0\x06\0\0\x04\x20\0\0\0\x08\x18\0\0\xb0\x01\0\0\0\0\0\0\x7f\x03\0\0\xb0\0\0\0\
\x40\0\0\0\x21\x44\0\0\xfa\x01\0\0\x80\0\0\0\xc1\x03\0\0\xc8\0\0\0\xa0\0\0\0\
\x04\x19\0\0\xc8\0\0\0\xc0\0\0\0\x2a\x44\0\0\x02\0\0\0\xe0\0\0\0\x21\x44\0\0\
\x05\0\0\x06\x04\0\0\0\x31\x44\0\0\0\0\0\0\x3d\x44\0\0\x01\0\0\0\x4a\x44\0\0\
\x02\0\0\0\x57\x44\0\0\x03\0\0\0\x63\x44\0\0\x04\0\0\0\x6f\x44\0\0\x06\0\0\x04\
\x20\0\0\0\x7d\x44\0\0\x51\0\0\0\0\0\0\0\x87\x1d\0\0\x16\0\0\0\x40\0\0\0\x83\
\x44\0\0\x16\0\0\0\x60\0\0\0\x8e\x44\0\0\x16\0\0\0\x80\0\0\0\x97\x44\0\0\x16\0\
\0\0\xa0\0\0\0\xa1\x44\0\0\xf7\x01\0\0\xc0\0\0\0\0\0\0\0\0\0\0\x02\x32\x02\0\0\
\0\0\0\0\0\0\0\x02\xff\x02\0\0\xaa\x44\0\0\0\0\0\x08\x14\0\0\0\0\0\0\0\0\0\0\
\x02\0\x02\0\0\xb3\x44\0\0\0\0\0\x08\x01\x02\0\0\0\0\0\0\x01\0\0\x04\x08\0\0\0\
\xf0\x40\0\0\x02\x02\0\0\0\0\0\0\xb9\x44\0\0\0\0\0\x08\x21\0\0\0\xc2\x44\0\0\
\x05\0\0\x04\x28\0\0\0\xef\x0f\0\0\x96\0\0\0\0\0\0\0\xd4\x1b\0\0\x96\0\0\0\x40\
\0\0\0\xe4\x1b\0\0\x0b\x01\0\0\x80\0\0\0\xda\x1b\0\0\xb8\0\0\0\xa0\0\0\0\xe8\
\x1b\0\0\x66\0\0\0\xc0\0\0\0\0\0\0\0\0\0\0\x03\0\0\0\0\x51\0\0\0\x04\0\0\0\x2e\
\0\0\0\xcf\x44\0\0\x01\0\0\x04\x20\0\0\0\xef\x0f\0\0\x06\x02\0\0\0\0\0\0\0\0\0\
\0\0\0\0\x03\0\0\0\0\x96\0\0\0\x04\0\0\0\x04\0\0\0\0\0\0\0\0\0\0\x02\xc8\x03\0\
\0\xdb\x44\0\0\0\0\0\x08\x09\x02\0\0\0\0\0\0\x05\0\0\x04\x28\0\0\0\x86\x21\0\0\
\x97\0\0\0\0\0\0\0\xe8\x44\0\0\x56\0\0\0\x40\0\0\0\xe0\x22\0\0\x57\0\0\0\x80\0\
\0\0\xf0\x44\0\0\x56\0\0\0\xc0\0\0\0\xd5\x05\0\0\x51\0\0\0\0\x01\0\0\0\0\0\0\0\
\0\0\x02\x4e\x04\0\0\0\0\0\0\0\0\0\x02\x4f\x04\0\0\x80\x42\0\0\x01\0\0\x04\x08\
\0\0\0\xf5\x44\0\0\x0d\x02\0\0\0\0\0\0\0\0\0\0\0\0\0\x02\x50\x04\0\0\xfe\x44\0\
\0\x03\0\0\x04\x20\0\0\0\xba\x3a\0\0\x96\0\0\0\0\0\0\0\x97\x1d\0\0\x66\0\0\0\
\x40\0\0\0\x4b\x1a\0\0\x0f\x02\0\0\xc0\0\0\0\x0a\x45\0\0\0\0\0\x08\x10\x02\0\0\
\0\0\0\0\0\0\0\x02\x11\x02\0\0\0\0\0\0\x01\0\0\x0d\0\0\0\0\0\0\0\0\x12\x02\0\0\
\0\0\0\0\0\0\0\x02\x0e\x02\0\0\0\0\0\0\x02\0\0\x04\x18\0\0\0\x8e\x1a\0\0\x66\0\
\0\0\0\0\0\0\x16\x45\0\0\x51\0\0\0\x80\0\0\0\0\0\0\0\0\0\0\x03\0\0\0\0\x51\0\0\
\0\x04\0\0\0\0\0\0\0\0\0\0\0\x01\0\0\x0d\x02\0\0\0\x27\x04\0\0\x4c\0\0\0\xbe\
\x47\0\0\x01\0\0\x0c\x15\x02\0\0\x74\x49\0\0\x13\0\0\x04\x70\0\0\0\xe0\x3a\0\0\
\xd5\x01\0\0\0\0\0\0\xbd\x2b\0\0\x18\x02\0\0\x40\0\0\0\x7e\x49\0\0\x51\0\0\0\
\x80\0\0\0\x2e\x13\0\0\x51\0\0\0\xc0\0\0\0\x87\x49\0\0\x19\x02\0\0\0\x01\0\0\
\x8c\x49\0\0\x1a\x02\0\0\x40\x01\0\0\x92\x49\0\0\x1c\x02\0\0\x80\x01\0\0\xd5\
\x05\0\0\x1f\0\0\0\xc0\x01\0\0\x99\x49\0\0\x81\x01\0\0\xd0\x01\0\0\xa2\x49\0\0\
\x1f\0\0\0\xe0\x01\0\0\xad\x49\0\0\x1f\0\0\0\xf0\x01\0\0\xb9\x49\0\0\x59\0\0\0\
\0\x02\0\0\xc2\x49\0\0\x02\0\0\0\x20\x02\0\0\xc8\x49\0\0\x51\0\0\0\x40\x02\0\0\
\xd0\x49\0\0\x92\x03\0\0\x80\x02\0\0\x3d\x1a\0\0\xd9\0\0\0\xc0\x02\0\0\xd9\x49\
\0\0\x81\x01\0\0\x40\x03\0\0\xdf\x49\0\0\x81\x01\0\0\x50\x03\0\0\xe5\x49\0\0\
\x15\0\0\0\x60\x03\0\0\0\0\0\0\0\0\0\x02\x61\x02\0\0\0\0\0\0\0\0\0\x02\xfd\x03\
\0\0\0\0\0\0\0\0\0\x02\x1b\x02\0\0\0\0\0\0\x01\0\0\x0d\x02\0\0\0\0\0\0\0\xa9\
\x01\0\0\0\0\0\0\0\0\0\x02\x1d\x02\0\0\0\0\0\0\x03\0\0\x0d\x02\0\0\0\0\0\0\0\
\x97\x01\0\0\0\0\0\0\x82\x01\0\0\0\0\0\0\xa9\x01\0\0\x93\x33\0\0\x2b\0\0\x04\0\
\x0d\0\0\xee\x49\0\0\x57\0\0\0\0\0\0\0\xf6\x49\0\0\xf1\0\0\0\x20\0\0\0\x05\x4a\
\0\0\x16\0\0\0\x40\0\0\0\x15\x4a\0\0\x16\0\0\0\x60\0\0\0\xea\x35\0\0\x02\0\0\0\
\x80\0\0\0\x22\x4a\0\0\xf1\0\0\0\xa0\0\0\0\x2c\x4a\0\0\x59\0\0\0\xc0\0\0\0\x8e\
\x1a\0\0\x66\0\0\0\0\x01\0\0\x37\x4a\0\0\x66\0\0\0\x80\x01\0\0\x41\x4a\0\0\x5c\
\0\0\0\0\x02\0\0\x4e\x4a\0\0\x1f\x02\0\0\x40\x02\0\0\xb7\x19\0\0\xd5\0\0\0\x80\
\x02\0\0\xbf\x19\0\0\xd6\0\0\0\xc0\x02\0\0\x59\x4a\0\0\x20\x02\0\0\0\x03\0\0\
\x83\x21\0\0\x22\x02\0\0\xc0\x03\0\0\x63\x4a\0\0\x66\0\0\0\x80\x04\0\0\x71\x4a\
\0\0\x25\x02\0\0\0\x05\0\0\x7a\x4a\0\0\x25\x02\0\0\x40\x05\0\0\x88\x4a\0\0\x26\
\x02\0\0\x80\x05\0\0\x90\x4a\0\0\x82\x01\0\0\x80\x08\0\0\x95\x4a\0\0\x82\x01\0\
\0\xc0\x08\0\0\x9f\x4a\0\0\x33\x02\0\0\0\x09\0\0\xab\x4a\0\0\xfc\x01\0\0\x40\
\x09\0\0\xb9\x4a\0\0\xfc\x01\0\0\x80\x09\0\0\xc8\x4a\0\0\x34\x02\0\0\xc0\x09\0\
\0\xd5\x4a\0\0\x14\0\0\0\0\x0a\0\0\xde\x4a\0\0\xd5\x01\0\0\x40\x0a\0\0\xeb\x4a\
\0\0\x66\0\0\0\x80\x0a\0\0\xf5\x4a\0\0\x36\x02\0\0\0\x0b\0\0\xfa\x4a\0\0\x39\
\x02\0\0\0\x0c\0\0\xfe\x4a\0\0\x42\x02\0\0\x40\x0f\0\0\x05\x4b\0\0\x43\x02\0\0\
\x80\x10\0\0\x09\x4b\0\0\x44\x02\0\0\0\x11\0\0\x11\x4b\0\0\x46\x02\0\0\0\x14\0\
\0\x16\x4b\0\0\x60\x02\0\0\0\x28\0\0\x1b\x4b\0\0\x3f\x03\0\0\0\x3e\0\0\x1e\x4b\
\0\0\x60\x03\0\0\x80\x44\0\0\x21\x4b\0\0\xa8\x01\0\0\xc0\x48\0\0\x2f\x4b\0\0\
\x6c\x03\0\0\x80\x49\0\0\x33\x4b\0\0\x6d\x03\0\0\xc0\x49\0\0\x87\x49\0\0\x8c\
\x03\0\0\0\x4c\0\0\x37\x4b\0\0\x21\0\0\0\0\x66\0\0\x42\x4b\0\0\x82\x01\0\0\x40\
\x66\0\0\0\0\0\0\0\0\0\x02\xe4\x03\0\0\x4c\x4b\0\0\x03\0\0\x04\x18\0\0\0\x50\
\x4b\0\0\x21\x02\0\0\0\0\0\0\x57\x4b\0\0\x16\0\0\0\x80\0\0\0\x60\x4b\0\0\x16\0\
\0\0\xa0\0\0\0\x69\x4b\0\0\x03\0\0\x04\x10\0\0\0\x70\x4b\0\0\xf1\0\0\0\0\0\0\0\
\x78\x4b\0\0\xc7\x01\0\0\x20\0\0\0\x81\x4b\0\0\x56\0\0\0\x40\0\0\0\x89\x4b\0\0\
\x04\0\0\x04\x18\0\0\0\x93\x4b\0\0\x96\0\0\0\0\0\0\0\xbd\x2b\0\0\x23\x02\0\0\
\x40\0\0\0\x9b\x4b\0\0\x16\0\0\0\x80\0\0\0\xef\x0f\0\0\x57\0\0\0\xa0\0\0\0\0\0\
\0\0\0\0\0\x02\x24\x02\0\0\0\0\0\0\0\0\0\x0a\xbb\x03\0\0\0\0\0\0\0\0\0\x02\xe6\
\x03\0\0\xa0\x4b\0\0\x02\0\0\x04\x60\0\0\0\xae\x4b\0\0\x27\x02\0\0\0\0\0\0\xb6\
\x4b\0\0\x2a\x02\0\0\x40\0\0\0\0\0\0\0\0\0\0\x02\x28\x02\0\0\0\0\0\0\x01\0\0\
\x0d\x02\0\0\0\0\0\0\0\x29\x02\0\0\0\0\0\0\0\0\0\x02\x26\x02\0\0\xba\x4b\0\0\
\x02\0\0\x04\x58\0\0\0\xc2\x4b\0\0\x2b\x02\0\0\0\0\0\0\xc9\x4b\0\0\xc3\0\0\0\
\x80\x02\0\0\xce\x4b\0\0\x08\0\0\x04\x50\0\0\0\0\0\0\0\x2c\x02\0\0\0\0\0\0\xdf\
\x4b\0\0\xb5\0\0\0\xc0\0\0\0\xed\x4b\0\0\x2e\x02\0\0\0\x01\0\0\xc9\x4b\0\0\x2f\
\x02\0\0\x40\x01\0\0\xfb\x4b\0\0\x29\x02\0\0\x80\x01\0\0\xcd\x09\0\0\x30\x02\0\
\0\xc0\x01\0\0\xe1\x12\0\0\x31\x02\0\0\0\x02\0\0\xff\x4b\0\0\x32\x02\0\0\x40\
\x02\0\0\0\0\0\0\x02\0\0\x05\x18\0\0\0\0\0\0\0\x2d\x02\0\0\0\0\0\0\x39\x1a\0\0\
\xd9\0\0\0\0\0\0\0\0\0\0\0\x04\0\0\x04\x18\0\0\0\x06\x4c\0\0\x2e\x02\0\0\0\0\0\
\0\x10\x4c\0\0\x02\0\0\0\x40\0\0\0\xef\x0f\0\0\x02\0\0\0\x60\0\0\0\x15\x4c\0\0\
\x02\0\0\0\x80\0\0\0\0\0\0\0\0\0\0\x02\xd3\x03\0\0\0\0\0\0\0\0\0\x02\xd4\x03\0\
\0\0\0\0\0\0\0\0\x02\x2a\x02\0\0\0\0\0\0\0\0\0\x02\xd5\x03\0\0\x1a\x4c\0\0\x01\
\0\0\x04\x08\0\0\0\xa8\x1d\0\0\xb2\0\0\0\0\0\0\0\0\0\0\0\0\0\0\x02\xd6\x03\0\0\
\x25\x4c\0\0\x01\0\0\x04\x08\0\0\0\x62\x27\0\0\x35\x02\0\0\0\0\0\0\0\0\0\0\0\0\
\0\x02\xd9\x03\0\0\x37\x4c\0\0\x05\0\0\x04\x20\0\0\0\x42\x4c\0\0\x37\x02\0\0\0\
\0\0\0\x4d\x4c\0\0\x02\0\0\0\x40\0\0\0\x5e\x4c\0\0\x02\0\0\0\x60\0\0\0\x76\x4c\
\0\0\xb6\0\0\0\x80\0\0\0\x81\x4c\0\0\x38\x02\0\0\xc0\0\0\0\0\0\0\0\0\0\0\x02\
\x2b\x02\0\0\0\0\0\0\0\0\0\x02\xd7\x03\0\0\x8c\x4c\0\0\x0d\0\0\x04\x68\0\0\0\
\x96\x4c\0\0\x3a\x02\0\0\0\0\0\0\xa4\x4c\0\0\x3a\x02\0\0\x40\0\0\0\xb4\x4c\0\0\
\x3b\x02\0\0\x80\0\0\0\xc3\x4c\0\0\x3c\x02\0\0\xc0\0\0\0\xd2\x4c\0\0\x3d\x02\0\
\0\0\x01\0\0\xe1\x4c\0\0\x3d\x02\0\0\x40\x01\0\0\xef\x4c\0\0\x3d\x02\0\0\x80\
\x01\0\0\x02\x4d\0\0\x3d\x02\0\0\xc0\x01\0\0\x14\x4d\0\0\x3e\x02\0\0\0\x02\0\0\
\x24\x4d\0\0\x3f\x02\0\0\x40\x02\0\0\x37\x4d\0\0\x40\x02\0\0\x80\x02\0\0\x49\
\x4d\0\0\x41\x02\0\0\xc0\x02\0\0\x5e\x4d\0\0\x25\x02\0\0\0\x03\0\0\0\0\0\0\0\0\
\0\x02\xea\x03\0\0\0\0\0\0\0\0\0\x02\xeb\x03\0\0\0\0\0\0\0\0\0\x02\xec\x03\0\0\
\0\0\0\0\0\0\0\x02\xed\x03\0\0\0\0\0\0\0\0\0\x02\xee\x03\0\0\0\0\0\0\0\0\0\x02\
\xef\x03\0\0\0\0\0\0\0\0\0\x02\xf0\x03\0\0\0\0\0\0\0\0\0\x02\xf1\x03\0\0\x70\
\x4d\0\0\x02\0\0\x04\x28\0\0\0\x7d\x4d\0\0\x0a\x01\0\0\0\0\0\0\x89\x4d\0\0\x32\
\x02\0\0\0\x01\0\0\x90\x4d\0\0\x02\0\0\x04\x10\0\0\0\x9b\x4d\0\0\x02\0\0\0\0\0\
\0\0\xb1\x4d\0\0\x37\x02\0\0\x40\0\0\0\xb5\x4d\0\0\x05\0\0\x04\x48\0\0\0\xbc\
\x18\0\0\xc3\0\0\0\0\0\0\0\xc3\x4d\0\0\xfc\x01\0\0\x40\0\0\0\xcb\x4d\0\0\x16\0\
\0\0\x80\0\0\0\xcf\x4d\0\0\x14\0\0\0\xa0\0\0\0\xe1\x4d\0\0\x45\x02\0\0\xc0\0\0\
\0\xf0\x4d\0\0\x02\0\0\x04\x30\0\0\0\x07\x4e\0\0\x03\x02\0\0\0\0\0\0\x62\x27\0\
\0\x35\x02\0\0\x40\x01\0\0\x0d\x4e\0\0\x83\0\0\x04\x80\x02\0\0\x18\x4e\0\0\x47\
\x02\0\0\0\0\0\0\x26\x4e\0\0\x37\x02\0\0\x80\x02\0\0\x2f\x4e\0\0\x37\x02\0\0\
\xc0\x02\0\0\x39\x4e\0\0\x37\x02\0\0\0\x03\0\0\x42\x4e\0\0\x37\x02\0\0\x40\x03\
\0\0\x4c\x4e\0\0\x37\x02\0\0\x80\x03\0\0\x56\x4e\0\0\x4a\x02\0\0\xc0\x03\0\0\
\x62\x4e\0\0\x4a\x02\0\0\0\x04\0\0\x6f\x4e\0\0\x4b\x02\0\0\x40\x04\0\0\x78\x4e\
\0\0\x0a\x01\0\0\x80\x04\0\0\xeb\x4a\0\0\x4c\x02\0\0\x80\x05\0\0\x81\x4e\0\0\
\x4d\x02\0\0\xc0\x05\0\0\x8a\x4e\0\0\x4d\x02\0\0\0\x06\0\0\x96\x4e\0\0\x16\0\0\
\0\x40\x06\0\0\xb2\x4e\0\0\x27\0\0\0\x60\x06\0\0\xc7\x4e\0\0\x27\0\0\0\x68\x06\
\0\0\xe3\x4e\0\0\x27\0\0\0\x70\x06\0\0\xf8\x4e\0\0\xfc\x01\0\0\x80\x06\0\0\x07\
\x4f\0\0\x82\x01\0\0\xc0\x06\0\0\x0d\x4f\0\0\x4e\x02\0\0\0\x07\0\0\x15\x4f\0\0\
\x82\x01\0\0\x40\x07\0\0\x24\x4f\0\0\x4f\x02\0\0\x80\x07\0\0\x2a\x4f\0\0\x50\
\x02\0\0\xc0\x07\0\0\x30\x4f\0\0\x18\0\0\0\0\x08\0\0\x4c\x4f\0\0\x18\0\0\0\x08\
\x08\0\0\x6a\x4f\0\0\x18\0\0\0\x10\x08\0\0\x8d\x4f\0\0\x18\0\0\0\x18\x08\0\0\
\xb6\x4f\0\0\x18\0\0\0\x20\x08\0\0\xdc\x4f\0\0\x02\0\0\0\x40\x08\0\0\xf2\x4f\0\
\0\x02\0\0\0\x60\x08\0\0\x07\x50\0\0\x51\x02\0\0\x80\x08\0\0\x16\x50\0\0\x18\0\
\0\0\x20\x09\0\0\x25\x50\0\0\x18\0\0\0\x28\x09\0\0\x3d\x50\0\0\x18\0\0\0\x30\
\x09\0\0\x53\x50\0\0\x18\0\0\0\x38\x09\0\0\x6a\x50\0\0\x18\0\0\0\x40\x09\0\0\
\x81\x50\0\0\x18\0\0\0\x48\x09\0\0\x9f\x50\0\0\x18\0\0\0\x50\x09\0\0\xb7\x50\0\
\0\x18\0\0\0\x58\x09\0\0\xd0\x50\0\0\x18\0\0\0\x60\x09\0\0\xe2\x50\0\0\x18\0\0\
\0\x68\x09\0\0\xf8\x50\0\0\x18\0\0\0\x70\x09\0\0\x0f\x51\0\0\x18\0\0\0\x78\x09\
\0\0\x26\x51\0\0\x18\0\0\0\x80\x09\0\0\x41\x51\0\0\x18\0\0\0\x88\x09\0\0\x57\
\x51\0\0\x18\0\0\0\x90\x09\0\0\x70\x51\0\0\x02\0\0\0\xa0\x09\0\0\x8d\x51\0\0\
\x18\0\0\0\xc0\x09\0\0\xa4\x51\0\0\x02\0\0\0\xe0\x09\0\0\xbf\x51\0\0\x02\0\0\0\
\0\x0a\0\0\xd3\x51\0\0\x02\0\0\0\x20\x0a\0\0\xea\x51\0\0\x02\0\0\0\x40\x0a\0\0\
\x05\x52\0\0\x14\0\0\0\x60\x0a\0\0\x1f\x52\0\0\x02\0\0\0\x80\x0a\0\0\x39\x52\0\
\0\x02\0\0\0\xa0\x0a\0\0\x54\x52\0\0\x18\0\0\0\xc0\x0a\0\0\x70\x52\0\0\x18\0\0\
\0\xc8\x0a\0\0\x87\x52\0\0\x18\0\0\0\xd0\x0a\0\0\xa1\x52\0\0\x18\0\0\0\xd8\x0a\
\0\0\xb7\x52\0\0\x18\0\0\0\xe0\x0a\0\0\xce\x52\0\0\x02\0\0\0\0\x0b\0\0\xe4\x52\
\0\0\x18\0\0\0\x20\x0b\0\0\xf8\x52\0\0\x18\0\0\0\x28\x0b\0\0\x0c\x53\0\0\x18\0\
\0\0\x30\x0b\0\0\x26\x53\0\0\x18\0\0\0\x38\x0b\0\0\x3a\x53\0\0\x02\0\0\0\x40\
\x0b\0\0\x51\x53\0\0\x16\0\0\0\x60\x0b\0\0\x6a\x53\0\0\x18\0\0\0\x80\x0b\0\0\
\x7a\x53\0\0\x18\0\0\0\x88\x0b\0\0\x94\x53\0\0\x18\0\0\0\x90\x0b\0\0\xaa\x53\0\
\0\x18\0\0\0\x98\x0b\0\0\xc3\x53\0\0\x18\0\0\0\xa0\x0b\0\0\xd7\x53\0\0\x18\0\0\
\0\xa8\x0b\0\0\xf7\x53\0\0\x18\0\0\0\xb0\x0b\0\0\x18\x54\0\0\x18\0\0\0\xb8\x0b\
\0\0\x34\x54\0\0\x18\0\0\0\xc0\x0b\0\0\x46\x54\0\0\x18\0\0\0\xc8\x0b\0\0\x59\
\x54\0\0\x18\0\0\0\xd0\x0b\0\0\x76\x54\0\0\x18\0\0\0\xd8\x0b\0\0\x86\x54\0\0\
\x02\0\0\0\xe0\x0b\0\0\xa0\x54\0\0\x02\0\0\0\0\x0c\0\0\xb9\x54\0\0\x18\0\0\0\
\x20\x0c\0\0\xca\x54\0\0\x18\0\0\0\x28\x0c\0\0\xdd\x54\0\0\x18\0\0\0\x30\x0c\0\
\0\xed\x54\0\0\x18\0\0\0\x38\x0c\0\0\x07\x55\0\0\x18\0\0\0\x40\x0c\0\0\x2b\x55\
\0\0\x18\0\0\0\x48\x0c\0\0\x46\x55\0\0\x18\0\0\0\x50\x0c\0\0\x61\x55\0\0\x18\0\
\0\0\x58\x0c\0\0\x86\x55\0\0\x02\0\0\0\x60\x0c\0\0\xa4\x55\0\0\x02\0\0\0\x80\
\x0c\0\0\xc3\x55\0\0\x02\0\0\0\xa0\x0c\0\0\xdb\x55\0\0\x18\0\0\0\xc0\x0c\0\0\
\xf3\x55\0\0\x18\0\0\0\xc8\x0c\0\0\x0a\x56\0\0\x18\0\0\0\xd0\x0c\0\0\x21\x56\0\
\0\x18\0\0\0\xd8\x0c\0\0\x39\x56\0\0\x02\0\0\0\xe0\x0c\0\0\x56\x56\0\0\x02\0\0\
\0\0\x0d\0\0\x71\x56\0\0\x02\0\0\0\x20\x0d\0\0\x8c\x56\0\0\x55\x02\0\0\x40\x0d\
\0\0\x9c\x56\0\0\x55\x02\0\0\xa0\x0d\0\0\xac\x56\0\0\x51\0\0\0\0\x0e\0\0\xca\
\x56\0\0\x51\0\0\0\x40\x0e\0\0\xe8\x56\0\0\x02\0\0\0\x80\x0e\0\0\xff\x56\0\0\
\x02\0\0\0\xa0\x0e\0\0\x13\x57\0\0\x56\x02\0\0\xc0\x0e\0\0\x2a\x57\0\0\x58\x02\
\0\0\0\x0f\0\0\x3b\x57\0\0\x16\0\0\0\x40\x0f\0\0\x61\x57\0\0\x59\0\0\0\x60\x0f\
\0\0\x7a\x57\0\0\x51\0\0\0\x80\x0f\0\0\x93\x57\0\0\x02\0\0\0\xc0\x0f\0\0\xa7\
\x57\0\0\x02\0\0\0\xe0\x0f\0\0\xbb\x57\0\0\x18\0\0\0\0\x10\0\0\xdc\x57\0\0\x18\
\0\0\0\x08\x10\0\0\xf4\x57\0\0\x02\0\0\0\x20\x10\0\0\x10\x58\0\0\x02\0\0\0\x40\
\x10\0\0\x24\x58\0\0\x02\0\0\0\x60\x10\0\0\x34\x58\0\0\x59\x02\0\0\x80\x10\0\0\
\x45\x58\0\0\x59\0\0\0\0\x11\0\0\x54\x58\0\0\x5b\x02\0\0\x40\x11\0\0\x70\x58\0\
\0\x02\0\0\0\x80\x11\0\0\x84\x58\0\0\x5c\x02\0\0\xc0\x11\0\0\x88\x58\0\0\x14\0\
\0\0\0\x12\0\0\xa9\x58\0\0\x18\0\0\0\x20\x12\0\0\xc8\x58\0\0\x18\0\0\0\x28\x12\
\0\0\xe9\x58\0\0\x5d\x02\0\0\x40\x12\0\0\xf6\x58\0\0\x16\0\0\0\x80\x12\0\0\xfe\
\x58\0\0\x5d\x02\0\0\xc0\x12\0\0\x10\x59\0\0\x16\0\0\0\0\x13\0\0\x19\x59\0\0\
\x59\0\0\0\x20\x13\0\0\x22\x59\0\0\x5e\x02\0\0\x40\x13\0\0\x2c\x59\0\0\x04\0\0\
\x04\x50\0\0\0\x44\x59\0\0\x59\0\0\0\0\0\0\0\x4d\x59\0\0\x48\x02\0\0\x20\0\0\0\
\x54\x59\0\0\x49\x02\0\0\0\x02\0\0\x5d\x59\0\0\x02\0\0\0\x40\x02\0\0\0\0\0\0\0\
\0\0\x03\0\0\0\0\x3c\0\0\0\x04\0\0\0\x3c\0\0\0\0\0\0\0\0\0\0\x02\xf2\x03\0\0\0\
\0\0\0\0\0\0\x02\xf4\x03\0\0\0\0\0\0\0\0\0\x02\xf5\x03\0\0\0\0\0\0\0\0\0\x02\
\xf6\x03\0\0\0\0\0\0\0\0\0\x02\xf7\x03\0\0\0\0\0\0\0\0\0\x02\x82\x01\0\0\0\0\0\
\0\0\0\0\x02\xf8\x03\0\0\0\0\0\0\0\0\0\x02\xf9\x03\0\0\x73\x59\0\0\x03\0\0\x04\
\x14\0\0\0\x08\x18\0\0\x52\x02\0\0\0\0\0\0\x7f\x59\0\0\x54\x02\0\0\x40\0\0\0\
\x85\x59\0\0\x27\0\0\0\x80\0\0\0\x8c\x59\0\0\0\0\0\x08\x53\x02\0\0\0\0\0\0\x02\
\0\0\x04\x08\0\0\0\xb1\x1b\0\0\x02\x01\0\0\0\0\0\0\x08\x18\0\0\xf1\0\0\0\x20\0\
\0\0\0\0\0\0\0\0\0\x03\0\0\0\0\x02\0\0\0\x04\0\0\0\x02\0\0\0\0\0\0\0\0\0\0\x03\
\0\0\0\0\x02\0\0\0\x04\0\0\0\x03\0\0\0\0\0\0\0\0\0\0\x02\x57\x02\0\0\0\0\0\0\0\
\0\0\x0a\xdb\x03\0\0\0\0\0\0\0\0\0\x02\xfa\x03\0\0\x34\x58\0\0\x02\0\0\x04\x10\
\0\0\0\x08\x18\0\0\x52\x02\0\0\0\0\0\0\x7f\x59\0\0\x5a\x02\0\0\x40\0\0\0\0\0\0\
\0\0\0\0\x03\0\0\0\0\xcc\0\0\0\x04\0\0\0\x02\0\0\0\0\0\0\0\0\0\0\x02\x51\0\0\0\
\0\0\0\0\0\0\0\x02\xfb\x03\0\0\0\0\0\0\0\0\0\x02\xfc\x03\0\0\x96\x59\0\0\0\0\0\
\x08\x5f\x02\0\0\0\0\0\0\x01\0\0\x04\x10\0\0\0\xc2\x02\0\0\x6c\x01\0\0\0\0\0\0\
\xa4\x59\0\0\x25\0\0\x04\xc0\x02\0\0\xaf\x59\0\0\x61\x02\0\0\0\0\0\0\xbb\x59\0\
\0\x35\x03\0\0\0\x06\0\0\x56\x4e\0\0\x37\x03\0\0\xc0\x0b\0\0\x62\x4e\0\0\x37\
\x03\0\0\0\x0c\0\0\x24\x4f\0\0\x4f\x02\0\0\x40\x0c\0\0\x2a\x4f\0\0\x50\x02\0\0\
\x80\x0c\0\0\xc2\x59\0\0\x38\x03\0\0\xc0\x0c\0\0\xd2\x59\0\0\x39\x03\0\0\0\x0d\
\0\0\xe1\x59\0\0\x3a\x03\0\0\x40\x0d\0\0\xeb\x59\0\0\x1d\x01\0\0\x80\x0d\0\0\
\xf8\x4e\0\0\xfc\x01\0\0\xc0\x0e\0\0\xf9\x59\0\0\x3b\x03\0\0\0\x0f\0\0\x07\x5a\
\0\0\x66\0\0\0\x40\x0f\0\0\x14\x5a\0\0\xb0\x01\0\0\xc0\x0f\0\0\x25\x5a\0\0\xf1\
\0\0\0\0\x10\0\0\x32\x5a\0\0\x59\0\0\0\x20\x10\0\0\x43\x5a\0\0\x51\0\0\0\x40\
\x10\0\0\x52\x5a\0\0\x1a\0\0\0\x80\x10\0\0\x65\x5a\0\0\x27\0\0\0\x88\x10\0\0\
\x7b\x5a\0\0\x16\0\0\0\xa0\x10\0\0\x98\x5a\0\0\x39\x03\0\0\xc0\x10\0\0\xab\x5a\
\0\0\x39\x03\0\0\0\x11\0\0\xbe\x5a\0\0\x3b\x03\0\0\x40\x11\0\0\xcd\x5a\0\0\x4c\
\x02\0\0\x80\x11\0\0\x0d\x4f\0\0\x4e\x02\0\0\xc0\x11\0\0\xdc\x5a\0\0\x82\x01\0\
\0\0\x12\0\0\xe5\x5a\0\0\x82\x01\0\0\x40\x12\0\0\xec\x5a\0\0\x82\x01\0\0\x80\
\x12\0\0\x15\x4f\0\0\x82\x01\0\0\xc0\x12\0\0\x45\x58\0\0\x59\0\0\0\0\x13\0\0\
\xf4\x5a\0\0\x59\0\0\0\x20\x13\0\0\0\x5b\0\0\x3c\x03\0\0\x40\x13\0\0\xe9\x58\0\
\0\x5d\x02\0\0\x80\x13\0\0\x0a\x5b\0\0\x5d\x02\0\0\xc0\x13\0\0\x10\x59\0\0\x16\
\0\0\0\0\x14\0\0\x1d\x5b\0\0\x3d\x03\0\0\x40\x14\0\0\x2e\x5b\0\0\x3e\x03\0\0\
\xc0\x14\0\0\x39\x5b\0\0\x12\0\0\x04\xc0\0\0\0\x64\0\0\0\x1f\0\0\0\0\0\0\0\x41\
\x5b\0\0\x16\0\0\0\x20\0\0\0\x4b\x5b\0\0\x62\x02\0\0\x40\0\0\0\x4e\x5b\0\0\x64\
\x02\0\0\x80\0\0\0\x54\x5b\0\0\x66\x02\0\0\xc0\0\0\0\x63\x5b\0\0\x66\x02\0\0\0\
\x01\0\0\x67\x5b\0\0\x6a\x02\0\0\x40\x01\0\0\x7b\x21\0\0\x6c\x02\0\0\x80\x01\0\
\0\x73\x5b\0\0\x6e\x02\0\0\xc0\x01\0\0\x7a\x5b\0\0\x1d\x03\0\0\0\x02\0\0\x8a\
\x5b\0\0\xdb\x01\0\0\x40\x02\0\0\x97\x5b\0\0\x1f\x03\0\0\x80\x02\0\0\xa3\x5b\0\
\0\x21\x03\0\0\xc0\x02\0\0\xac\x5b\0\0\x1c\x02\0\0\0\x03\0\0\xb6\x5b\0\0\x23\
\x03\0\0\x40\x03\0\0\xc3\x5b\0\0\x30\x03\0\0\x80\x03\0\0\xd1\x5b\0\0\x32\x03\0\
\0\xc0\x03\0\0\xdd\x5b\0\0\x33\x03\0\0\0\x04\0\0\0\0\0\0\0\0\0\x02\x63\x02\0\0\
\0\0\0\0\x01\0\0\x0d\x02\0\0\0\0\0\0\0\x18\x02\0\0\0\0\0\0\0\0\0\x02\x65\x02\0\
\0\0\0\0\0\x02\0\0\x0d\xc4\x01\0\0\0\0\0\0\xc4\x01\0\0\0\0\0\0\x15\0\0\0\0\0\0\
\0\0\0\0\x02\x67\x02\0\0\0\0\0\0\x01\0\0\x0d\x16\0\0\0\0\0\0\0\x68\x02\0\0\0\0\
\0\0\0\0\0\x02\x69\x02\0\0\0\0\0\0\0\0\0\x0a\x17\x02\0\0\0\0\0\0\0\0\0\x02\x6b\
\x02\0\0\0\0\0\0\x02\0\0\x0d\xa4\0\0\0\0\0\0\0\xc4\x01\0\0\0\0\0\0\x51\0\0\0\0\
\0\0\0\0\0\0\x02\x6d\x02\0\0\0\0\0\0\x01\0\0\x0d\0\0\0\0\0\0\0\0\xc4\x01\0\0\0\
\0\0\0\0\0\0\x02\x6f\x02\0\0\0\0\0\0\x03\0\0\x0d\0\0\0\0\0\0\0\0\xc4\x01\0\0\0\
\0\0\0\xd5\x01\0\0\0\0\0\0\x02\0\0\0\xeb\x5b\0\0\x84\0\0\x84\xc0\x08\0\0\xf6\
\x5b\0\0\xdd\0\0\0\0\0\0\0\xfb\x5b\0\0\x71\x02\0\0\x80\0\0\0\x05\x5c\0\0\x72\
\x02\0\0\xc0\0\0\0\x0d\x5c\0\0\x51\0\0\0\0\x01\0\0\x15\x5c\0\0\x51\0\0\0\x40\
\x01\0\0\x1f\x5c\0\0\x51\0\0\0\x80\x01\0\0\x01\x13\0\0\x51\0\0\0\xc0\x01\0\0\
\x29\x5c\0\0\x66\0\0\0\0\x02\0\0\x32\x5c\0\0\x66\0\0\0\x80\x02\0\0\x3c\x5c\0\0\
\x66\0\0\0\0\x03\0\0\x47\x5c\0\0\x66\0\0\0\x80\x03\0\0\x52\x5c\0\0\x66\0\0\0\0\
\x04\0\0\x5c\x5c\0\0\x66\0\0\0\x80\x04\0\0\x6b\x5c\0\0\x73\x02\0\0\0\x05\0\0\
\xd5\x05\0\0\x16\0\0\0\0\x06\0\0\x74\x5c\0\0\x16\0\0\0\x20\x06\0\0\x7f\x5c\0\0\
\x74\x02\0\0\x40\x06\0\0\xea\x35\0\0\x02\0\0\0\x80\x06\0\0\x8a\x5c\0\0\x1f\0\0\
\0\xa0\x06\0\0\x91\x5c\0\0\x1f\0\0\0\xb0\x06\0\0\x63\x5b\0\0\x16\0\0\0\xc0\x06\
\0\0\xa1\x5c\0\0\x1f\0\0\0\xe0\x06\0\0\xb1\x5c\0\0\x1f\0\0\0\xf0\x06\0\0\xc1\
\x5c\0\0\xc6\x01\0\0\0\x07\0\0\xca\x5c\0\0\xc6\x01\0\0\x40\x07\0\0\xd6\x5c\0\0\
\xc6\x01\0\0\x80\x07\0\0\xe6\x5c\0\0\xc6\x01\0\0\xc0\x07\0\0\xf4\x5c\0\0\xc6\
\x01\0\0\0\x08\0\0\x04\x5d\0\0\xc6\x01\0\0\x40\x08\0\0\x12\x5d\0\0\xc6\x01\0\0\
\x80\x08\0\0\x27\x5d\0\0\x16\0\0\0\xc0\x08\0\0\x2f\x5d\0\0\x16\0\0\0\xe0\x08\0\
\0\x19\0\0\0\x1f\0\0\0\0\x09\0\0\x37\x5d\0\0\x1a\0\0\0\x10\x09\0\0\x46\x5d\0\0\
\x1a\0\0\0\x18\x09\0\0\x57\x5d\0\0\x02\0\0\0\x20\x09\0\0\xba\x06\0\0\x76\x02\0\
\0\x40\x09\0\0\x5d\x5d\0\0\x96\0\0\0\0\x0f\0\0\x68\x5d\0\0\x96\0\0\0\x40\x0f\0\
\0\x73\x5d\0\0\x96\0\0\0\x80\x0f\0\0\x80\x5d\0\0\x59\0\0\0\xc0\x0f\0\0\x91\x5d\
\0\0\x59\0\0\0\xe0\x0f\0\0\xa4\x5d\0\0\x8e\x02\0\0\0\x10\0\0\xb0\x5d\0\0\x90\
\x02\0\0\x40\x10\0\0\xba\x5d\0\0\x92\x02\0\0\x80\x10\0\0\xc5\x5d\0\0\x1a\0\0\0\
\xc0\x10\0\0\xcf\x5d\0\0\x1a\0\0\0\xc8\x10\0\0\xd9\x5d\0\0\x1a\0\0\0\xd0\x10\0\
\0\xe1\x5d\0\0\x1a\0\0\0\xd8\x10\0\0\xe5\x5d\0\0\x94\x02\0\0\xe0\x10\0\0\xef\
\x5d\0\0\x1a\0\0\0\xe0\x11\0\0\0\x5e\0\0\x1a\0\0\0\xe8\x11\0\0\x09\x5e\0\0\x1a\
\0\0\0\xf0\x11\0\0\x15\x5e\0\0\x1a\0\0\0\xf8\x11\0\0\x21\x5e\0\0\x1f\0\0\0\0\
\x12\0\0\x30\x5e\0\0\x1f\0\0\0\x10\x12\0\0\x37\x5e\0\0\x1f\0\0\0\x20\x12\0\0\
\x40\x5e\0\0\x1f\0\0\0\x30\x12\0\0\x47\x5e\0\0\xf1\0\0\0\x40\x12\0\0\x56\x5e\0\
\0\x02\0\0\0\x60\x12\0\0\x5a\x5e\0\0\x95\x02\0\0\x80\x12\0\0\x5d\x5e\0\0\x95\
\x02\0\0\x80\x13\0\0\x60\x5e\0\0\x95\x02\0\0\x80\x14\0\0\x6a\x5e\0\0\x96\x02\0\
\0\x80\x15\0\0\x76\x5e\0\0\x16\0\0\0\xc0\x15\0\0\x82\x5e\0\0\x16\0\0\0\xe0\x15\
\0\0\x8b\x5e\0\0\x27\0\0\0\0\x16\0\0\x96\x5e\0\0\x97\x02\0\0\x40\x16\0\0\xa0\
\x5e\0\0\x98\x02\0\0\x80\x16\0\0\xa7\x5e\0\0\x99\x02\0\0\xc0\x16\0\0\xaf\x5e\0\
\0\x9a\x02\0\0\0\x17\0\0\xbd\x5e\0\0\x9b\x02\0\0\x40\x17\0\0\xcc\x5e\0\0\xe6\
\x01\0\0\x80\x17\0\0\xd5\x5e\0\0\x9c\x02\0\0\xc0\x17\0\0\xd9\x5e\0\0\x16\0\0\0\
\0\x18\0\0\xe7\x5e\0\0\x16\0\0\0\x20\x18\0\0\xfa\x5e\0\0\x6d\x01\0\0\x40\x18\0\
\0\x03\x5f\0\0\x51\0\0\0\x80\x18\0\0\x15\x5f\0\0\x02\0\0\0\xc0\x18\0\0\x2a\x5f\
\0\0\x9d\x02\0\0\0\x19\0\0\x35\x5f\0\0\x56\0\0\0\x40\x19\0\0\x45\x5f\0\0\xa3\
\x02\0\0\x80\x19\0\0\x53\x5f\0\0\xa4\x02\0\0\xc0\x19\0\0\x61\x5f\0\0\xa5\x02\0\
\0\0\x1a\0\0\x72\x5f\0\0\x94\x02\0\0\x40\x1a\0\0\x7c\x5f\0\0\xa6\x02\0\0\x40\
\x1b\0\0\x88\x5f\0\0\xb1\0\0\0\x80\x1b\0\0\x94\x5f\0\0\xa4\x02\0\0\0\x1c\0\0\
\x98\x5f\0\0\x16\0\0\0\x40\x1c\0\0\xa6\x5f\0\0\x16\0\0\0\x60\x1c\0\0\xb9\x5f\0\
\0\xa7\x02\0\0\x80\x1c\0\0\xbf\x5f\0\0\x16\0\0\0\xc0\x1c\0\0\xcc\x5f\0\0\xf1\0\
\0\0\xe0\x1c\0\0\xdb\x5f\0\0\xa8\x02\0\0\0\x1d\0\0\xe5\x5f\0\0\xb1\x02\0\0\x40\
\x1d\0\0\xee\x5f\0\0\xa3\x02\0\0\xc0\x1d\0\0\xfb\x5f\0\0\xb2\x02\0\0\0\x1e\0\0\
\x06\x60\0\0\x1d\x01\0\0\0\x22\0\0\x15\x60\0\0\x02\0\0\0\x40\x23\0\0\x24\x60\0\
\0\x14\0\0\0\x60\x23\0\0\x36\x60\0\0\x66\0\0\0\x80\x23\0\0\x40\x60\0\0\xb6\0\0\
\0\0\x24\0\0\x4c\x60\0\0\x66\0\0\0\x40\x24\0\0\x5c\x60\0\0\xb3\x02\0\0\xc0\x24\
\0\x08\x66\x60\0\0\x27\0\0\0\xc8\x24\0\0\x70\x60\0\0\xb4\x02\0\0\xd0\x24\0\x10\
\x80\x60\0\0\x27\0\0\0\xe0\x24\0\0\x92\x60\0\0\xb5\x02\0\0\0\x25\0\0\xa2\x60\0\
\0\x95\x01\0\0\x40\x25\0\0\xa9\x60\0\0\x56\0\0\0\x80\x25\0\0\xb1\x60\0\0\xb7\
\x02\0\0\xc0\x25\0\0\0\0\0\0\xb8\x02\0\0\0\x26\0\0\xe0\x3a\0\0\xbd\x02\0\0\x40\
\x26\0\0\xbe\x60\0\0\x0c\x03\0\0\0\x3e\0\0\xcb\x60\0\0\xeb\x02\0\0\0\x3f\0\0\
\xe0\x60\0\0\x0d\x03\0\0\x40\x3f\0\0\xee\x60\0\0\x16\0\0\0\x80\x3f\0\0\xfb\x60\
\0\0\x1d\0\0\0\xa0\x3f\0\0\x08\x61\0\0\xab\x02\0\0\xb0\x3f\0\0\x0f\x61\0\0\x10\
\x03\0\0\xc0\x3f\0\0\x19\x61\0\0\x11\x03\0\0\xc0\x41\0\0\x25\x61\0\0\x12\x03\0\
\0\x40\x42\0\0\x2c\x61\0\0\x13\x03\0\0\x80\x42\0\0\x34\x61\0\0\x15\x03\0\0\xc0\
\x42\0\0\x46\x61\0\0\x15\x03\0\0\0\x43\0\0\x58\x61\0\0\x27\0\0\0\x40\x43\0\0\
\x63\x61\0\0\x16\0\0\0\x48\x43\0\x01\x6f\x61\0\0\x16\0\0\0\x49\x43\0\x01\x78\
\x61\0\0\x66\0\0\0\x80\x43\0\0\x8a\x61\0\0\x16\x03\0\0\0\x44\0\0\x9e\x61\0\0\
\x18\x03\0\0\x40\x44\0\0\xad\x61\0\0\x1c\x03\0\0\x80\x44\0\0\0\0\0\0\0\0\0\x02\
\xdf\x03\0\0\0\0\0\0\0\0\0\x02\xe0\x03\0\0\0\0\0\0\x02\0\0\x04\x20\0\0\0\xb7\
\x61\0\0\x66\0\0\0\0\0\0\0\xbd\x61\0\0\x66\0\0\0\x80\0\0\0\0\0\0\0\0\0\0\x02\
\x75\x02\0\0\0\0\0\0\0\0\0\x0a\xe1\x03\0\0\xc3\x61\0\0\x17\0\0\x04\xb8\0\0\0\0\
\0\0\0\x77\x02\0\0\0\0\0\0\0\0\0\0\x78\x02\0\0\x40\0\0\0\0\0\0\0\x79\x02\0\0\
\x80\0\0\0\0\0\0\0\x7a\x02\0\0\xc0\0\0\0\0\0\0\0\x7b\x02\0\0\0\x01\0\0\0\0\0\0\
\x7c\x02\0\0\x40\x01\0\0\0\0\0\0\x7d\x02\0\0\x80\x01\0\0\0\0\0\0\x7e\x02\0\0\
\xc0\x01\0\0\0\0\0\0\x7f\x02\0\0\0\x02\0\0\0\0\0\0\x80\x02\0\0\x40\x02\0\0\0\0\
\0\0\x81\x02\0\0\x80\x02\0\0\0\0\0\0\x82\x02\0\0\xc0\x02\0\0\0\0\0\0\x83\x02\0\
\0\0\x03\0\0\0\0\0\0\x84\x02\0\0\x40\x03\0\0\0\0\0\0\x85\x02\0\0\x80\x03\0\0\0\
\0\0\0\x86\x02\0\0\xc0\x03\0\0\0\0\0\0\x87\x02\0\0\0\x04\0\0\0\0\0\0\x88\x02\0\
\0\x40\x04\0\0\0\0\0\0\x89\x02\0\0\x80\x04\0\0\0\0\0\0\x8a\x02\0\0\xc0\x04\0\0\
\0\0\0\0\x8b\x02\0\0\0\x05\0\0\0\0\0\0\x8c\x02\0\0\x40\x05\0\0\0\0\0\0\x8d\x02\
\0\0\x80\x05\0\0\0\0\0\0\x02\0\0\x05\x08\0\0\0\xd4\x61\0\0\x51\0\0\0\0\0\0\0\
\xdf\x61\0\0\x96\0\0\0\0\0\0\0\0\0\0\0\x02\0\0\x05\x08\0\0\0\xec\x61\0\0\x51\0\
\0\0\0\0\0\0\xf7\x61\0\0\x96\0\0\0\0\0\0\0\0\0\0\0\x02\0\0\x05\x08\0\0\0\x2c\
\x02\0\0\x51\0\0\0\0\0\0\0\x04\x62\0\0\x96\0\0\0\0\0\0\0\0\0\0\0\x02\0\0\x05\
\x08\0\0\0\x23\x02\0\0\x51\0\0\0\0\0\0\0\x0f\x62\0\0\x96\0\0\0\0\0\0\0\0\0\0\0\
\x02\0\0\x05\x08\0\0\0\x1a\x62\0\0\x51\0\0\0\0\0\0\0\x24\x62\0\0\x96\0\0\0\0\0\
\0\0\0\0\0\0\x02\0\0\x05\x08\0\0\0\x30\x62\0\0\x51\0\0\0\0\0\0\0\x3a\x62\0\0\
\x96\0\0\0\0\0\0\0\0\0\0\0\x02\0\0\x05\x08\0\0\0\x5d\x5d\0\0\x51\0\0\0\0\0\0\0\
\x46\x62\0\0\x96\0\0\0\0\0\0\0\0\0\0\0\x02\0\0\x05\x08\0\0\0\x68\x5d\0\0\x51\0\
\0\0\0\0\0\0\x53\x62\0\0\x96\0\0\0\0\0\0\0\0\0\0\0\x02\0\0\x05\x08\0\0\0\x60\
\x62\0\0\x51\0\0\0\0\0\0\0\x6a\x62\0\0\x96\0\0\0\0\0\0\0\0\0\0\0\x02\0\0\x05\
\x08\0\0\0\x76\x62\0\0\x51\0\0\0\0\0\0\0\x81\x62\0\0\x96\0\0\0\0\0\0\0\0\0\0\0\
\x02\0\0\x05\x08\0\0\0\x8e\x62\0\0\x51\0\0\0\0\0\0\0\x9f\x62\0\0\x96\0\0\0\0\0\
\0\0\0\0\0\0\x02\0\0\x05\x08\0\0\0\xb2\x62\0\0\x51\0\0\0\0\0\0\0\xc1\x62\0\0\
\x96\0\0\0\0\0\0\0\0\0\0\0\x02\0\0\x05\x08\0\0\0\xd2\x62\0\0\x51\0\0\0\0\0\0\0\
\xe0\x62\0\0\x96\0\0\0\0\0\0\0\0\0\0\0\x02\0\0\x05\x08\0\0\0\xf0\x62\0\0\x51\0\
\0\0\0\0\0\0\0\x63\0\0\x96\0\0\0\0\0\0\0\0\0\0\0\x02\0\0\x05\x08\0\0\0\x12\x63\
\0\0\x51\0\0\0\0\0\0\0\x21\x63\0\0\x96\0\0\0\0\0\0\0\0\0\0\0\x02\0\0\x05\x08\0\
\0\0\x32\x63\0\0\x51\0\0\0\0\0\0\0\x43\x63\0\0\x96\0\0\0\0\0\0\0\0\0\0\0\x02\0\
\0\x05\x08\0\0\0\x56\x63\0\0\x51\0\0\0\0\0\0\0\x68\x63\0\0\x96\0\0\0\0\0\0\0\0\
\0\0\0\x02\0\0\x05\x08\0\0\0\x7c\x63\0\0\x51\0\0\0\0\0\0\0\x8e\x63\0\0\x96\0\0\
\0\0\0\0\0\0\0\0\0\x02\0\0\x05\x08\0\0\0\xa2\x63\0\0\x51\0\0\0\0\0\0\0\xb1\x63\
\0\0\x96\0\0\0\0\0\0\0\0\0\0\0\x02\0\0\x05\x08\0\0\0\xc2\x63\0\0\x51\0\0\0\0\0\
\0\0\xd6\x63\0\0\x96\0\0\0\0\0\0\0\0\0\0\0\x02\0\0\x05\x08\0\0\0\xec\x63\0\0\
\x51\0\0\0\0\0\0\0\xfd\x63\0\0\x96\0\0\0\0\0\0\0\0\0\0\0\x02\0\0\x05\x08\0\0\0\
\x10\x64\0\0\x51\0\0\0\0\0\0\0\x1e\x64\0\0\x96\0\0\0\0\0\0\0\0\0\0\0\x02\0\0\
\x05\x08\0\0\0\x2e\x64\0\0\x51\0\0\0\0\0\0\0\x3c\x64\0\0\x96\0\0\0\0\0\0\0\0\0\
\0\0\0\0\0\x02\x8f\x02\0\0\0\0\0\0\0\0\0\x0a\x1b\x04\0\0\0\0\0\0\0\0\0\x02\x91\
\x02\0\0\0\0\0\0\0\0\0\x0a\x1c\x04\0\0\0\0\0\0\0\0\0\x02\x93\x02\0\0\0\0\0\0\0\
\0\0\x0a\x1d\x04\0\0\0\0\0\0\0\0\0\x03\0\0\0\0\x1a\0\0\0\x04\0\0\0\x20\0\0\0\
\x4c\x64\0\0\x03\0\0\x04\x20\0\0\0\x8e\x1a\0\0\x66\0\0\0\0\0\0\0\xef\x0f\0\0\
\x02\0\0\0\x80\0\0\0\x3d\x1d\0\0\xc3\0\0\0\xc0\0\0\0\0\0\0\0\0\0\0\x02\xca\x03\
\0\0\0\0\0\0\0\0\0\x02\xff\x03\0\0\0\0\0\0\0\0\0\x02\x1a\x04\0\0\0\0\0\0\0\0\0\
\x02\x07\x04\0\0\0\0\0\0\0\0\0\x02\x1e\x04\0\0\0\0\0\0\0\0\0\x02\x08\x04\0\0\0\
\0\0\0\0\0\0\x02\x23\x04\0\0\0\0\0\0\0\0\0\x02\x9e\x02\0\0\x60\x64\0\0\0\0\0\
\x08\x9f\x02\0\0\0\0\0\0\x01\0\0\x0d\xa0\x02\0\0\0\0\0\0\xa2\x02\0\0\x72\x64\0\
\0\0\0\0\x08\xa1\x02\0\0\x86\x64\0\0\x04\0\0\x06\x04\0\0\0\x98\x64\0\0\0\0\0\0\
\xac\x64\0\0\x01\0\0\0\xbf\x64\0\0\x02\0\0\0\xd0\x64\0\0\x03\0\0\0\0\0\0\0\0\0\
\0\x02\xa9\x01\0\0\0\0\0\0\0\0\0\x02\x24\x04\0\0\0\0\0\0\0\0\0\x02\x26\x04\0\0\
\0\0\0\0\0\0\0\x02\x56\x03\0\0\0\0\0\0\0\0\0\x02\x27\x04\0\0\0\0\0\0\0\0\0\x02\
\x25\x04\0\0\0\0\0\0\0\0\0\x02\x28\x04\0\0\0\0\0\0\0\0\0\x02\xaa\x02\0\0\xe0\
\x64\0\0\x04\0\0\x04\x18\0\0\0\x39\x1a\0\0\xd9\0\0\0\0\0\0\0\xed\x64\0\0\x16\0\
\0\0\x80\0\0\0\x08\x61\0\0\xab\x02\0\0\xa0\0\0\0\xf4\x64\0\0\xb0\x02\0\0\xc0\0\
\0\0\xfd\x64\0\0\0\0\0\x08\xac\x02\0\0\x01\x65\0\0\0\0\0\x08\x81\x01\0\0\0\0\0\
\0\0\0\0\x02\xae\x02\0\0\x07\x65\0\0\x04\0\0\x04\x18\0\0\0\xd0\x26\0\0\x16\0\0\
\0\0\0\0\0\x0f\x65\0\0\x16\0\0\0\x20\0\0\0\x39\x1a\0\0\xd9\0\0\0\x40\0\0\0\x19\
\x65\0\0\xaf\x02\0\0\xc0\0\0\0\0\0\0\0\0\0\0\x03\0\0\0\0\x1d\0\0\0\x04\0\0\0\0\
\0\0\0\0\0\0\0\0\0\0\x03\0\0\0\0\xad\x02\0\0\x04\0\0\0\0\0\0\0\0\0\0\0\0\0\0\
\x03\0\0\0\0\xa9\x02\0\0\x04\0\0\0\x02\0\0\0\0\0\0\0\0\0\0\x03\0\0\0\0\x32\x02\
\0\0\x04\0\0\0\x10\0\0\0\0\0\0\0\x06\0\0\x06\x04\0\0\0\x20\x65\0\0\0\0\0\0\x35\
\x65\0\0\x01\0\0\0\x47\x65\0\0\x02\0\0\0\x5c\x65\0\0\x03\0\0\0\x70\x65\0\0\x04\
\0\0\0\x80\x65\0\0\x05\0\0\0\0\0\0\0\x02\0\0\x06\x04\0\0\0\x8d\x65\0\0\0\0\0\0\
\xa3\x65\0\0\x01\0\0\0\0\0\0\0\0\0\0\x02\xb6\x02\0\0\0\0\0\0\x01\0\0\x0d\0\0\0\
\0\0\0\0\0\xd5\x01\0\0\xba\x65\0\0\x02\0\0\x06\x04\0\0\0\xce\x65\0\0\0\0\0\0\
\xdb\x65\0\0\x01\0\0\0\0\0\0\0\x03\0\0\x05\x08\0\0\0\xe7\x65\0\0\xb9\x02\0\0\0\
\0\0\0\xee\x65\0\0\xba\x02\0\0\0\0\0\0\xf5\x65\0\0\xbb\x02\0\0\0\0\0\0\0\0\0\0\
\0\0\0\x02\x29\x04\0\0\0\0\0\0\0\0\0\x02\x2a\x04\0\0\0\0\0\0\0\0\0\x02\xbc\x02\
\0\0\xfc\x65\0\0\0\0\0\x07\0\0\0\0\x08\x66\0\0\x30\0\0\x84\xf8\x02\0\0\x0f\x66\
\0\0\xbe\x02\0\0\0\0\0\0\xcd\x09\0\0\xc3\x02\0\0\0\x02\0\0\x14\x66\0\0\xc4\x02\
\0\0\x40\x02\0\0\x16\x66\0\0\x90\0\0\0\x80\x02\0\0\x19\0\0\0\xc5\x02\0\0\xc0\
\x02\0\0\x20\x66\0\0\xc7\x02\0\0\0\x03\0\0\x24\x66\0\0\xc8\x02\0\0\x40\x03\0\0\
\x2b\x66\0\0\x56\0\0\0\x80\x03\0\0\x39\x66\0\0\x56\0\0\0\xc0\x03\0\0\xce\x1b\0\
\0\x0a\x01\0\0\0\x04\0\0\x45\x66\0\0\xc9\x02\0\0\0\x05\0\0\x4b\x66\0\0\xcb\x02\
\0\0\xc0\x06\0\0\x51\x66\0\0\xd8\x02\0\0\x40\x10\0\0\x5b\x66\0\0\xd9\x02\0\0\
\x80\x10\0\0\x61\x66\0\0\xda\x02\0\0\xc0\x10\0\0\x6c\x66\0\0\xdb\x02\0\0\0\x11\
\0\0\x71\x66\0\0\xb8\0\0\0\x40\x11\0\0\x7a\x66\0\0\x66\0\0\0\x80\x11\0\0\x83\
\x66\0\0\xdc\x02\0\0\0\x12\0\0\x8b\x66\0\0\xde\x02\0\0\x40\x12\0\0\x94\x66\0\0\
\x21\0\0\0\x80\x12\0\0\xa6\x66\0\0\x21\0\0\0\xc0\x12\0\0\xb4\x66\0\0\xdf\x02\0\
\0\0\x13\0\0\xc2\x66\0\0\xe1\x02\0\0\x40\x13\0\0\xcc\x66\0\0\x66\0\0\0\x80\x13\
\0\0\xd6\x66\0\0\xe2\x02\0\0\0\x14\0\0\xde\x66\0\0\xe3\x02\0\0\x40\x14\0\0\xed\
\x66\0\0\xe4\x02\0\0\x80\x14\0\0\xf6\x66\0\0\xe5\x02\0\0\x80\x14\0\0\xfe\x66\0\
\0\xe6\x02\0\0\xc0\x14\0\0\x05\x67\0\0\xe7\x02\0\0\0\x15\0\0\x86\x21\0\0\x14\0\
\0\0\x20\x15\0\0\x0a\x67\0\0\xf1\0\0\0\x40\x15\0\0\x16\x67\0\0\x66\0\0\0\x80\
\x15\0\0\x22\x67\0\0\xe9\x02\0\0\0\x16\0\0\x28\x67\0\0\xea\x02\0\0\x40\x16\0\0\
\x2f\x67\0\0\xed\x02\0\0\x80\x16\0\0\x37\x67\0\0\xef\x02\0\0\xc0\x16\0\0\x43\
\x67\0\0\xf0\x02\0\0\0\x17\0\0\x49\x67\0\0\xf1\x02\0\0\x40\x17\0\0\x5b\x67\0\0\
\xf2\x02\0\0\x80\x17\0\0\x65\x67\0\0\x27\0\0\0\xa0\x17\0\x01\x77\x67\0\0\x27\0\
\0\0\xa1\x17\0\x01\x88\x67\0\0\x27\0\0\0\xa2\x17\0\x01\x90\x67\0\0\x27\0\0\0\
\xa3\x17\0\x01\x9f\x67\0\0\x27\0\0\0\xa4\x17\0\x01\xac\x67\0\0\x27\0\0\0\xa5\
\x17\0\x01\xb6\x67\0\0\x27\0\0\0\xa6\x17\0\x01\xc3\x67\0\0\x0c\0\0\x84\x40\0\0\
\0\xf6\x5b\0\0\x90\0\0\0\0\0\0\0\x97\x1d\0\0\x66\0\0\0\x40\0\0\0\xcd\x09\0\0\
\xbf\x02\0\0\xc0\0\0\0\xcb\x67\0\0\x96\x02\0\0\0\x01\0\0\xd0\x67\0\0\xc0\x02\0\
\0\x40\x01\0\0\xd6\x67\0\0\xc1\x02\0\0\x80\x01\0\0\xd9\x67\0\0\xc2\x02\0\0\xc0\
\x01\0\0\xde\x67\0\0\x16\0\0\0\xe0\x01\0\x01\xf0\x67\0\0\x16\0\0\0\xe1\x01\0\
\x01\xff\x67\0\0\x16\0\0\0\xe2\x01\0\x01\x15\x68\0\0\x16\0\0\0\xe3\x01\0\x01\
\x2e\x68\0\0\x16\0\0\0\xe4\x01\0\x01\0\0\0\0\0\0\0\x02\xbe\x02\0\0\0\0\0\0\0\0\
\0\x02\xcb\x03\0\0\0\0\0\0\0\0\0\x02\xbf\x03\0\0\xd9\x67\0\0\x01\0\0\x04\x04\0\
\0\0\xc4\x1c\0\0\x57\0\0\0\0\0\0\0\0\0\0\0\0\0\0\x02\xbd\x02\0\0\0\0\0\0\0\0\0\
\x02\xce\x03\0\0\0\0\0\0\0\0\0\x02\xc6\x02\0\0\0\0\0\0\0\0\0\x0a\x31\x04\0\0\0\
\0\0\0\0\0\0\x02\xd0\x03\0\0\0\0\0\0\0\0\0\x02\xcf\x03\0\0\x3e\x68\0\0\x04\0\0\
\x04\x38\0\0\0\x4d\x68\0\0\x66\0\0\0\0\0\0\0\x57\x68\0\0\x66\0\0\0\x80\0\0\0\
\x61\x68\0\0\x66\0\0\0\0\x01\0\0\x6c\x68\0\0\xca\x02\0\0\x80\x01\0\0\x73\x68\0\
\0\x04\0\0\x06\x04\0\0\0\x80\x68\0\0\0\0\0\0\x91\x68\0\0\x01\0\0\0\xa0\x68\0\0\
\x02\0\0\0\xb4\x68\0\0\x03\0\0\0\xc5\x68\0\0\x34\0\0\x84\x30\x01\0\0\xd1\x68\0\
\0\xcc\x02\0\0\0\0\0\0\xdd\x68\0\0\x16\0\0\0\x20\0\0\x01\xe8\x68\0\0\x16\0\0\0\
\x21\0\0\x01\xf6\x68\0\0\x27\0\0\0\x22\0\0\x01\x02\x69\0\0\x27\0\0\0\x23\0\0\
\x01\x0e\x69\0\0\x27\0\0\0\x24\0\0\x01\x1b\x69\0\0\x27\0\0\0\x25\0\0\x01\x2e\
\x69\0\0\x27\0\0\0\x26\0\0\x01\x40\x69\0\0\x27\0\0\0\x27\0\0\x01\x46\x69\0\0\
\x27\0\0\0\x28\0\0\x01\x51\x69\0\0\x27\0\0\0\x29\0\0\x01\x61\x69\0\0\x14\0\0\0\
\x40\0\0\0\x08\x18\0\0\xf1\0\0\0\x60\0\0\0\x97\x1d\0\0\x66\0\0\0\x80\0\0\0\x6e\
\x69\0\0\xce\x02\0\0\0\x01\0\0\x79\x69\0\0\xd0\x02\0\0\0\x02\0\0\x80\x69\0\0\
\x27\0\0\0\x40\x02\0\x01\x8c\x69\0\0\x27\0\0\0\x41\x02\0\x01\x94\x69\0\0\x27\0\
\0\0\x42\x02\0\x01\xa4\x69\0\0\x16\0\0\0\x43\x02\0\x01\xb0\x69\0\0\x16\0\0\0\
\x44\x02\0\x01\xc0\x69\0\0\x6f\0\0\0\x80\x02\0\0\xce\x69\0\0\x21\0\0\0\x80\x04\
\0\0\xdc\x69\0\0\x0e\x02\0\0\xc0\x04\0\0\xe1\x69\0\0\x47\x01\0\0\xc0\x05\0\0\
\xec\x69\0\0\xd1\x02\0\0\x80\x06\0\0\xf4\x69\0\0\x59\0\0\0\xc0\x06\0\0\xc0\x1f\
\0\0\x59\0\0\0\xe0\x06\0\0\0\x6a\0\0\x16\0\0\0\0\x07\0\x03\x0e\x6a\0\0\x16\0\0\
\0\x03\x07\0\x01\x20\x6a\0\0\x16\0\0\0\x04\x07\0\x01\x30\x6a\0\0\x16\0\0\0\x05\
\x07\0\x01\x40\x6a\0\0\x16\0\0\0\x06\x07\0\x01\x53\x6a\0\0\x16\0\0\0\x07\x07\0\
\x01\x60\x6a\0\0\x27\0\0\0\x08\x07\0\x01\x70\x6a\0\0\x16\0\0\0\x09\x07\0\x01\
\x7d\x6a\0\0\x16\0\0\0\x0a\x07\0\x01\x86\x6a\0\0\x16\0\0\0\x0b\x07\0\x01\x96\
\x6a\0\0\x16\0\0\0\x0c\x07\0\x01\xa9\x6a\0\0\x16\0\0\0\x0d\x07\0\x01\xb7\x6a\0\
\0\x16\0\0\0\x20\x07\0\0\xc3\x6a\0\0\xd2\x02\0\0\x40\x07\0\0\xcb\x6a\0\0\xd3\
\x02\0\0\x60\x07\0\0\xda\x6a\0\0\x02\0\0\0\x80\x07\0\0\xe8\x6a\0\0\x02\0\0\0\
\xa0\x07\0\0\xfa\x6a\0\0\x21\0\0\0\xc0\x07\0\0\x04\x6b\0\0\x21\0\0\0\0\x08\0\0\
\x10\x6b\0\0\x21\0\0\0\x40\x08\0\0\x1f\x6b\0\0\x21\0\0\0\x80\x08\0\0\x34\x6b\0\
\0\xd4\x02\0\0\xc0\x08\0\0\x40\x6b\0\0\xd5\x02\0\0\0\x09\0\0\x56\x6b\0\0\xd7\
\x02\0\0\x40\x09\0\0\x5a\x6b\0\0\0\0\0\x08\xcd\x02\0\0\x67\x6b\0\0\x01\0\0\x04\
\x04\0\0\0\x72\x6b\0\0\x02\0\0\0\0\0\0\0\x6e\x69\0\0\x02\0\0\x04\x20\0\0\0\x78\
\x6b\0\0\x16\0\0\0\0\0\0\0\x24\x2c\0\0\xcf\x02\0\0\x40\0\0\0\x7d\x6b\0\0\x02\0\
\0\x04\x18\0\0\0\x08\x18\0\0\xb8\0\0\0\0\0\0\0\x8e\x6b\0\0\x66\0\0\0\x40\0\0\0\
\0\0\0\0\0\0\0\x02\x32\x04\0\0\0\0\0\0\0\0\0\x02\x33\x04\0\0\x98\x6b\0\0\x05\0\
\0\x06\x04\0\0\0\xa4\x6b\0\0\0\0\0\0\xb1\x6b\0\0\x01\0\0\0\xbe\x6b\0\0\x02\0\0\
\0\xce\x6b\0\0\x03\0\0\0\xe2\x6b\0\0\x04\0\0\0\xf1\x6b\0\0\x04\0\0\x06\x04\0\0\
\0\xfc\x6b\0\0\0\0\0\0\x07\x6c\0\0\x01\0\0\0\x14\x6c\0\0\x02\0\0\0\x22\x6c\0\0\
\x03\0\0\0\0\0\0\0\0\0\0\x02\x35\x04\0\0\0\0\0\0\0\0\0\x02\xd6\x02\0\0\0\0\0\0\
\x02\0\0\x0d\0\0\0\0\0\0\0\0\xc3\x02\0\0\0\0\0\0\x6b\x01\0\0\0\0\0\0\0\0\0\x02\
\x36\x04\0\0\0\0\0\0\0\0\0\x02\x34\x04\0\0\0\0\0\0\0\0\0\x02\x37\x04\0\0\0\0\0\
\0\0\0\0\x02\x2d\x04\0\0\0\0\0\0\0\0\0\x02\x38\x04\0\0\0\0\0\0\0\0\0\x02\xdd\
\x02\0\0\0\0\0\0\0\0\0\x0a\x39\x04\0\0\0\0\0\0\0\0\0\x02\x21\0\0\0\0\0\0\0\0\0\
\0\x02\xe0\x02\0\0\0\0\0\0\0\0\0\x0a\x3a\x04\0\0\0\0\0\0\0\0\0\x02\x3b\x04\0\0\
\0\0\0\0\0\0\0\x02\x3c\x04\0\0\0\0\0\0\0\0\0\x02\x3d\x04\0\0\x31\x6c\0\0\0\0\0\
\x04\0\0\0\0\0\0\0\0\0\0\0\x02\xda\x03\0\0\0\0\0\0\0\0\0\x02\xd2\x03\0\0\x3e\
\x6c\0\0\0\0\0\x08\xe8\x02\0\0\x44\x6c\0\0\0\0\0\x08\x14\0\0\0\0\0\0\0\0\0\0\
\x02\xc7\x03\0\0\0\0\0\0\0\0\0\x02\xeb\x02\0\0\0\0\0\0\0\0\0\x02\xec\x02\0\0\0\
\0\0\0\0\0\0\x0a\xf3\x02\0\0\0\0\0\0\0\0\0\x02\xee\x02\0\0\0\0\0\0\x01\0\0\x0d\
\0\0\0\0\0\0\0\0\xc3\x02\0\0\0\0\0\0\0\0\0\x02\xd8\x03\0\0\0\0\0\0\0\0\0\x02\
\x3e\x04\0\0\0\0\0\0\0\0\0\x02\x3f\x04\0\0\x53\x6c\0\0\x04\0\0\x06\x04\0\0\0\
\x64\x6c\0\0\0\0\0\0\x83\x6c\0\0\x01\0\0\0\x9c\x6c\0\0\x02\0\0\0\xa9\x6c\0\0\
\x03\0\0\0\xba\x6c\0\0\x05\0\0\x04\x28\0\0\0\xf6\x5b\0\0\x90\0\0\0\0\0\0\0\xca\
\x6c\0\0\xf4\x02\0\0\x40\0\0\0\xd5\x6c\0\0\xf9\x02\0\0\x80\0\0\0\xe4\x6c\0\0\
\x0a\x03\0\0\xc0\0\0\0\xea\x6c\0\0\x0b\x03\0\0\0\x01\0\0\0\0\0\0\0\0\0\x02\xf5\
\x02\0\0\0\0\0\0\x03\0\0\x0d\xf6\x02\0\0\0\0\0\0\xbf\x02\0\0\0\0\0\0\xf7\x02\0\
\0\0\0\0\0\x02\0\0\0\xf4\x6c\0\0\0\0\0\x08\x1f\0\0\0\0\0\0\0\0\0\0\x02\xf8\x02\
\0\0\xfc\x6c\0\0\x02\0\0\x04\x10\0\0\0\xf6\x5b\0\0\x90\0\0\0\0\0\0\0\xbb\x1a\0\
\0\xf6\x02\0\0\x40\0\0\0\0\0\0\0\0\0\0\x02\xfa\x02\0\0\0\0\0\0\x03\0\0\x0d\xf6\
\x02\0\0\0\0\0\0\xbf\x02\0\0\0\0\0\0\xfb\x02\0\0\0\0\0\0\x02\0\0\0\0\0\0\0\0\0\
\0\x02\xfc\x02\0\0\x06\x6d\0\0\x07\0\0\x04\x40\0\0\0\xf9\x1f\0\0\xf8\x02\0\0\0\
\0\0\0\x87\x1d\0\0\xea\0\0\0\x80\0\0\0\xa1\x29\0\0\x56\0\0\0\xc0\0\0\0\x3a\x43\
\0\0\xfd\x02\0\0\0\x01\0\0\x14\x6d\0\0\x02\x03\0\0\x40\x01\0\0\x19\x6d\0\0\x02\
\x03\0\0\x80\x01\0\0\x25\x23\0\0\x08\x03\0\0\xc0\x01\0\0\0\0\0\0\0\0\0\x02\xfe\
\x02\0\0\0\0\0\0\x01\0\0\x0d\xfd\x01\0\0\0\0\0\0\0\0\0\0\x1f\x6d\0\0\x0f\0\0\
\x04\xc0\0\0\0\x2d\x6d\0\0\xf2\x01\0\0\0\0\0\0\x32\x6d\0\0\x21\x02\0\0\x40\0\0\
\0\x3a\x6d\0\0\x03\x02\0\0\xc0\0\0\0\x4a\x6d\0\0\xc7\x01\0\0\0\x02\0\0\x53\x6d\
\0\0\x59\0\0\0\x20\x02\0\0\x63\x6d\0\0\xc2\0\0\0\x40\x02\0\0\x6a\x6d\0\0\x03\
\x02\0\0\xc0\x02\0\0\x77\x6d\0\0\x51\0\0\0\0\x04\0\0\x7f\x6d\0\0\x51\0\0\0\x40\
\x04\0\0\x8f\x6d\0\0\0\x03\0\0\x80\x04\0\0\xd5\x05\0\0\x51\0\0\0\xc0\x04\0\0\
\x95\x6d\0\0\xfe\x01\0\0\0\x05\0\0\x9c\x6d\0\0\xf1\0\0\0\x20\x05\0\0\xa9\x6d\0\
\0\x66\0\0\0\x40\x05\0\0\x28\x43\0\0\x56\0\0\0\xc0\x05\0\0\0\0\0\0\0\0\0\x02\
\x01\x03\0\0\0\0\0\0\0\0\0\x0a\xcc\x03\0\0\0\0\0\0\0\0\0\x02\x03\x03\0\0\0\0\0\
\0\x06\0\0\x0d\x04\x03\0\0\0\0\0\0\x95\0\0\0\0\0\0\0\xbf\x02\0\0\0\0\0\0\xfb\
\x02\0\0\0\0\0\0\x07\x03\0\0\0\0\0\0\xf7\x01\0\0\0\0\0\0\xea\0\0\0\xb6\x6d\0\0\
\0\0\0\x08\x05\x03\0\0\xbe\x6d\0\0\0\0\0\x08\x06\x03\0\0\xcf\x6d\0\0\0\0\0\x08\
\xa0\0\0\0\0\0\0\0\0\0\0\x02\x3c\0\0\0\0\0\0\0\0\0\0\x02\x09\x03\0\0\0\0\0\0\
\x04\0\0\x0d\x02\0\0\0\0\0\0\0\x95\0\0\0\0\0\0\0\xbf\x02\0\0\0\0\0\0\xfb\x02\0\
\0\0\0\0\0\x89\0\0\0\0\0\0\0\0\0\0\x02\xf7\x02\0\0\0\0\0\0\0\0\0\x02\xfb\x02\0\
\0\0\0\0\0\0\0\0\x03\0\0\0\0\xeb\x02\0\0\x04\0\0\0\x04\0\0\0\0\0\0\0\0\0\0\x02\
\x0e\x03\0\0\0\0\0\0\0\0\0\x0a\x2b\x04\0\0\xdf\x6d\0\0\x02\0\0\x04\x04\0\0\0\
\xef\x0f\0\0\x1d\0\0\0\0\0\0\0\x80\x1d\0\0\x1d\0\0\0\x10\0\0\0\0\0\0\0\0\0\0\
\x03\0\0\0\0\x0f\x03\0\0\x04\0\0\0\x10\0\0\0\0\0\0\0\0\0\0\x03\0\0\0\0\x18\0\0\
\0\x04\0\0\0\x10\0\0\0\0\0\0\0\0\0\0\x02\x2c\x04\0\0\0\0\0\0\0\0\0\x02\x14\x03\
\0\0\x2c\x61\0\0\0\0\0\x07\0\0\0\0\0\0\0\0\0\0\0\x02\x0f\x04\0\0\0\0\0\0\0\0\0\
\x02\x17\x03\0\0\0\0\0\0\0\0\0\x0a\x2e\x04\0\0\0\0\0\0\0\0\0\x02\x19\x03\0\0\
\x9e\x61\0\0\0\0\0\x07\0\0\0\0\xed\x6d\0\0\x02\0\0\x04\x10\0\0\0\xcf\x21\0\0\
\x6d\x01\0\0\0\0\0\0\xfc\x6d\0\0\x1b\x03\0\0\x40\0\0\0\0\0\0\0\0\0\0\x02\x2f\
\x04\0\0\0\0\0\0\0\0\0\x03\0\0\0\0\x1a\x03\0\0\x04\0\0\0\x03\0\0\0\0\0\0\0\0\0\
\0\x02\x1e\x03\0\0\0\0\0\0\x01\0\0\x0d\xc4\x01\0\0\0\0\0\0\xc4\x01\0\0\0\0\0\0\
\0\0\0\x02\x20\x03\0\0\0\0\0\0\x05\0\0\x0d\0\0\0\0\0\0\0\0\xc4\x01\0\0\0\0\0\0\
\x82\x01\0\0\0\0\0\0\xa9\x01\0\0\0\0\0\0\x14\0\0\0\0\0\0\0\x27\0\0\0\0\0\0\0\0\
\0\0\x02\x22\x03\0\0\0\0\0\0\x03\0\0\x0d\0\0\0\0\0\0\0\0\xc4\x01\0\0\0\0\0\0\
\x82\x01\0\0\0\0\0\0\xa9\x01\0\0\0\0\0\0\0\0\0\x02\x24\x03\0\0\0\0\0\0\x03\0\0\
\x0d\x25\x03\0\0\0\0\0\0\x68\x02\0\0\0\0\0\0\xa9\x01\0\0\0\0\0\0\x54\0\0\0\0\0\
\0\0\0\0\0\x02\x26\x03\0\0\x01\x6e\0\0\x1a\0\0\x04\x60\x01\0\0\x5f\x10\0\0\x25\
\x03\0\0\0\0\0\0\x0b\x6e\0\0\x27\x03\0\0\x40\0\0\0\x0f\x6e\0\0\x28\x03\0\0\x80\
\0\0\0\x15\x6e\0\0\x51\0\0\0\xc0\0\0\0\x1f\x6e\0\0\x51\0\0\0\0\x01\0\0\x08\x18\
\0\0\xb0\x01\0\0\x40\x01\0\0\xca\x34\0\0\x57\0\0\0\x80\x01\0\0\x27\x6e\0\0\x16\
\0\0\0\xa0\x01\0\0\x3b\x6e\0\0\xa8\x01\0\0\xc0\x01\0\0\xd5\x34\0\0\x1d\x01\0\0\
\x80\x02\0\0\x10\x4c\0\0\x51\0\0\0\xc0\x03\0\0\x45\x6e\0\0\x59\0\0\0\0\x04\0\0\
\xd5\x05\0\0\x19\0\0\0\x20\x04\0\0\x4c\x6e\0\0\x19\0\0\0\x28\x04\0\0\x19\0\0\0\
\x19\0\0\0\x30\x04\0\0\x12\x37\0\0\x19\0\0\0\x38\x04\0\0\x6b\0\0\0\x18\0\0\0\
\x40\x04\0\0\x56\x6e\0\0\x52\x02\0\0\x60\x04\0\0\x5e\x6e\0\0\x94\x02\0\0\xc0\
\x04\0\0\x61\x6e\0\0\x29\x03\0\0\xc0\x05\0\0\x92\x49\0\0\x2b\x03\0\0\x40\x09\0\
\0\xbd\x2b\0\0\x2d\x03\0\0\x80\x09\0\0\x64\x6e\0\0\x66\0\0\0\xc0\x09\0\0\x39\
\x1a\0\0\xd9\0\0\0\x40\x0a\0\0\xe0\x3a\0\0\xd5\x01\0\0\xc0\x0a\0\0\x6c\x6e\0\0\
\x2f\x03\0\0\0\x0b\0\0\0\0\0\0\0\0\0\x02\x01\x04\0\0\0\0\0\0\0\0\0\x02\xe3\x03\
\0\0\x78\x6e\0\0\x03\0\0\x04\x70\0\0\0\x81\x6e\0\0\x16\0\0\0\0\0\0\0\x88\x6e\0\
\0\x52\x02\0\0\x20\0\0\0\x90\x6e\0\0\x2a\x03\0\0\x80\0\0\0\0\0\0\0\0\0\0\x03\0\
\0\0\0\x51\0\0\0\x04\0\0\0\x0c\0\0\0\0\0\0\0\0\0\0\x02\x2c\x03\0\0\0\0\0\0\x02\
\0\0\x0d\x02\0\0\0\0\0\0\0\x25\x03\0\0\0\0\0\0\xa9\x01\0\0\0\0\0\0\0\0\0\x02\
\x2e\x03\0\0\0\0\0\0\0\0\0\x0a\x02\x04\0\0\0\0\0\0\0\0\0\x03\0\0\0\0\x18\0\0\0\
\x04\0\0\0\0\0\0\0\0\0\0\0\0\0\0\x02\x31\x03\0\0\0\0\0\0\x02\0\0\x0d\0\0\0\0\0\
\0\0\0\x68\x02\0\0\0\0\0\0\x54\0\0\0\0\0\0\0\0\0\0\x02\xf3\x03\0\0\x98\x6e\0\0\
\x04\0\0\x04\x28\0\0\0\x08\x18\0\0\xb8\0\0\0\0\0\0\0\xef\x0f\0\0\x2f\0\0\0\x40\
\0\0\0\x8e\x1a\0\0\x66\0\0\0\x80\0\0\0\xa7\x6e\0\0\x34\x03\0\0\0\x01\0\0\0\0\0\
\0\0\0\0\x02\x6b\x01\0\0\xb0\x6e\0\0\x28\0\0\x04\xb8\0\0\0\xc2\x6e\0\0\x37\x02\
\0\0\0\0\0\0\x42\x4e\0\0\x37\x02\0\0\x40\0\0\0\xc6\x6e\0\0\x37\x02\0\0\x80\0\0\
\0\x2f\x4e\0\0\x37\x02\0\0\xc0\0\0\0\xcf\x6e\0\0\x37\x02\0\0\0\x01\0\0\xd9\x6e\
\0\0\x02\0\0\0\x40\x01\0\0\xe5\x6e\0\0\x02\0\0\0\x60\x01\0\0\xf5\x6e\0\0\x02\0\
\0\0\x80\x01\0\0\x0c\x6f\0\0\x02\0\0\0\xa0\x01\0\0\x1e\x6f\0\0\x02\0\0\0\xc0\
\x01\0\0\x31\x6f\0\0\x02\0\0\0\xe0\x01\0\0\x46\x6f\0\0\x02\0\0\0\0\x02\0\0\x59\
\x6f\0\0\x02\0\0\0\x20\x02\0\0\x6b\x6f\0\0\x14\0\0\0\x40\x02\0\0\x81\x6f\0\0\
\x18\0\0\0\x60\x02\0\0\x97\x6f\0\0\x18\0\0\0\x68\x02\0\0\xa2\x6f\0\0\x18\0\0\0\
\x70\x02\0\0\xb8\x6f\0\0\x18\0\0\0\x78\x02\0\0\xc8\x6f\0\0\x02\0\0\0\x80\x02\0\
\0\xd4\x6f\0\0\x18\0\0\0\xa0\x02\0\0\xeb\x6f\0\0\x18\0\0\0\xa8\x02\0\0\x08\x70\
\0\0\x18\0\0\0\xb0\x02\0\0\x23\x70\0\0\x36\x03\0\0\xc0\x02\0\0\x33\x70\0\0\x5b\
\x02\0\0\xc0\x03\0\0\x47\x70\0\0\x18\0\0\0\0\x04\0\0\x5e\x70\0\0\x18\0\0\0\x08\
\x04\0\0\x6f\x70\0\0\x18\0\0\0\x10\x04\0\0\x7e\x70\0\0\x18\0\0\0\x18\x04\0\0\
\x95\x70\0\0\x02\0\0\0\x20\x04\0\0\xa3\x70\0\0\x02\0\0\0\x40\x04\0\0\xaf\x70\0\
\0\x02\0\0\0\x60\x04\0\0\xc1\x70\0\0\x02\0\0\0\x80\x04\0\0\xd2\x70\0\0\x02\0\0\
\0\xa0\x04\0\0\xe3\x70\0\0\x02\0\0\0\xc0\x04\0\0\xf4\x70\0\0\x02\0\0\0\xe0\x04\
\0\0\x05\x71\0\0\x02\0\0\0\0\x05\0\0\x14\x71\0\0\x14\0\0\0\x20\x05\0\0\x1d\x71\
\0\0\x21\0\0\0\x40\x05\0\0\x2b\x71\0\0\x02\0\0\0\x80\x05\0\0\x43\x71\0\0\x18\0\
\0\0\xa0\x05\0\0\0\0\0\0\0\0\0\x03\0\0\0\0\x51\0\0\0\x04\0\0\0\x04\0\0\0\0\0\0\
\0\0\0\0\x02\x03\x04\0\0\0\0\0\0\0\0\0\x02\x04\x04\0\0\0\0\0\0\0\0\0\x02\x06\
\x04\0\0\0\0\0\0\0\0\0\x02\xe9\x03\0\0\0\0\0\0\0\0\0\x02\x05\x04\0\0\0\0\0\0\0\
\0\0\x02\x09\x04\0\0\0\0\0\0\x03\0\0\x04\x10\0\0\0\x62\x27\0\0\x32\x02\0\0\0\0\
\0\0\x08\x18\0\0\xf1\0\0\0\x40\0\0\0\xcb\x4d\0\0\x14\0\0\0\x60\0\0\0\0\0\0\0\0\
\0\0\x02\x0a\x04\0\0\x5d\x71\0\0\x07\0\0\x04\xd0\0\0\0\x66\x71\0\0\x25\x02\0\0\
\0\0\0\0\x75\x71\0\0\x55\x03\0\0\x40\0\0\0\x80\x71\0\0\x37\x02\0\0\x80\x03\0\0\
\x92\x71\0\0\x5f\x03\0\0\xc0\x03\0\0\x9d\x71\0\0\x5f\x03\0\0\0\x05\0\0\xa8\x71\
\0\0\x16\0\0\0\x40\x06\0\0\xba\x71\0\0\x16\0\0\0\x60\x06\0\0\0\0\0\0\0\0\0\x02\
\x41\x03\0\0\0\0\0\0\0\0\0\x0a\x42\x03\0\0\xcc\x71\0\0\x04\0\0\x04\x20\0\0\0\
\xf6\x5b\0\0\x07\x03\0\0\0\0\0\0\x19\0\0\0\x43\x03\0\0\x40\0\0\0\xd6\x71\0\0\
\x44\x03\0\0\x80\0\0\0\xdc\x71\0\0\x54\x03\0\0\xc0\0\0\0\xdf\x71\0\0\x03\0\0\
\x06\x04\0\0\0\xeb\x71\0\0\0\0\0\0\xfb\x71\0\0\x01\0\0\0\x0c\x72\0\0\x02\0\0\0\
\0\0\0\0\0\0\0\x02\x45\x03\0\0\x1c\x72\0\0\0\0\0\x08\x46\x03\0\0\0\0\0\0\x08\0\
\0\x0d\0\0\0\0\0\0\0\0\x97\x01\0\0\0\0\0\0\x47\x03\0\0\0\0\0\0\x16\0\0\0\0\0\0\
\0\x48\x03\0\0\0\0\0\0\x4a\x03\0\0\0\0\0\0\x4a\x03\0\0\0\0\0\0\x4c\x03\0\0\0\0\
\0\0\x90\0\0\0\x25\x72\0\0\0\0\0\x08\x18\0\0\0\0\0\0\0\0\0\0\x02\x49\x03\0\0\0\
\0\0\0\0\0\0\x0a\xd1\x01\0\0\0\0\0\0\0\0\0\x02\x4b\x03\0\0\0\0\0\0\0\0\0\x0a\
\x70\x02\0\0\0\0\0\0\0\0\0\x02\x4d\x03\0\0\0\0\0\0\0\0\0\x0a\x4e\x03\0\0\x2e\
\x72\0\0\x02\0\0\x04\x10\0\0\0\x19\0\0\0\x47\x03\0\0\0\0\0\0\x39\x72\0\0\x4f\
\x03\0\0\x20\0\0\0\0\0\0\0\x02\0\0\x05\x0c\0\0\0\x3b\x72\0\0\x50\x03\0\0\0\0\0\
\0\x40\x72\0\0\x53\x03\0\0\0\0\0\0\0\0\0\0\x04\0\0\x04\x0c\0\0\0\x44\x72\0\0\
\x51\x03\0\0\0\0\0\0\x57\x5d\0\0\x52\x03\0\0\x20\0\0\0\x4d\x72\0\0\x52\x03\0\0\
\x30\0\0\0\xd5\x05\0\0\x52\x03\0\0\x40\0\0\0\x58\x72\0\0\0\0\0\x08\x14\0\0\0\
\x62\x72\0\0\0\0\0\x08\x1d\0\0\0\0\0\0\0\x02\0\0\x04\x02\0\0\0\x6c\x72\0\0\x47\
\x03\0\0\0\0\0\0\x72\x72\0\0\x47\x03\0\0\x08\0\0\0\0\0\0\0\0\0\0\x02\xc9\x03\0\
\0\0\0\0\0\0\0\0\x03\0\0\0\0\x40\x03\0\0\x04\0\0\0\x0d\0\0\0\x7b\x72\0\0\x02\0\
\0\x04\x08\0\0\0\x8b\x72\0\0\x1d\0\0\0\0\0\0\0\x9c\x72\0\0\x5e\x03\0\0\x40\0\0\
\0\xa2\x72\0\0\x02\0\0\x04\x10\0\0\0\xb0\x72\0\0\x58\x03\0\0\0\0\0\0\xb5\x72\0\
\0\x56\0\0\0\x40\0\0\0\0\0\0\0\0\0\0\x02\x59\x03\0\0\xba\x72\0\0\0\0\0\x08\x5a\
\x03\0\0\0\0\0\0\x03\0\0\x0d\x16\0\0\0\0\0\0\0\x56\0\0\0\0\0\0\0\xa9\x01\0\0\0\
\0\0\0\x5b\x03\0\0\0\0\0\0\0\0\0\x02\x5c\x03\0\0\0\0\0\0\0\0\0\x0a\x5d\x03\0\0\
\xc4\x72\0\0\x07\0\0\x04\x30\0\0\0\xb0\x72\0\0\x18\0\0\0\0\0\0\0\xd2\x72\0\0\
\x18\0\0\0\x08\0\0\0\xd5\x72\0\0\xd5\x01\0\0\x40\0\0\0\xd8\x72\0\0\xd5\x01\0\0\
\x80\0\0\0\xba\x2b\0\0\x82\x01\0\0\xc0\0\0\0\x93\x33\0\0\x97\x01\0\0\0\x01\0\0\
\xdc\x72\0\0\x1c\x02\0\0\x40\x01\0\0\0\0\0\0\0\0\0\x03\0\0\0\0\x57\x03\0\0\x04\
\0\0\0\0\0\0\0\0\0\0\0\0\0\0\x03\0\0\0\0\xa5\x02\0\0\x04\0\0\0\x05\0\0\0\xe1\
\x72\0\0\x0b\0\0\x04\x88\0\0\0\xea\x72\0\0\x27\0\0\0\0\0\0\0\xff\x72\0\0\x18\0\
\0\0\x08\0\0\0\x12\x73\0\0\x18\0\0\0\x10\0\0\0\x20\x73\0\0\x18\0\0\0\x18\0\0\0\
\x2c\x73\0\0\x18\0\0\0\x20\0\0\0\x46\x73\0\0\x18\0\0\0\x28\0\0\0\x54\x73\0\0\
\x18\0\0\0\x30\0\0\0\x64\x73\0\0\x61\x03\0\0\x40\0\0\0\x6f\x73\0\0\x62\x03\0\0\
\x80\0\0\0\x74\x73\0\0\x63\x03\0\0\xc0\0\0\0\x8a\x73\0\0\x64\x03\0\0\0\x01\0\0\
\0\0\0\0\0\0\0\x02\x0b\x04\0\0\0\0\0\0\0\0\0\x02\x0c\x04\0\0\0\0\0\0\0\0\0\x02\
\x0d\x04\0\0\x96\x73\0\0\x06\0\0\x04\x68\0\0\0\xa0\x73\0\0\x65\x03\0\0\0\0\0\0\
\xa8\x73\0\0\x66\x03\0\0\x20\0\0\0\xac\x73\0\0\x68\x03\0\0\0\x02\0\0\xb0\x73\0\
\0\x6a\x03\0\0\x40\x02\0\0\xb5\x73\0\0\x6a\x03\0\0\x60\x02\0\0\xbc\x73\0\0\x6b\
\x03\0\0\x80\x02\0\0\xc0\x73\0\0\x01\0\0\x04\x04\0\0\0\x04\x12\0\0\x16\0\0\0\0\
\0\0\0\xcf\x73\0\0\x05\0\0\x04\x3c\0\0\0\xda\x73\0\0\x67\x03\0\0\0\0\0\0\xe3\
\x73\0\0\x18\0\0\0\xc0\x01\0\0\xed\x73\0\0\x18\0\0\0\xc8\x01\0\0\xfc\x73\0\0\
\x18\0\0\0\xd0\x01\0\0\x0c\x74\0\0\x18\0\0\0\xd8\x01\0\0\0\0\0\0\0\0\0\x03\0\0\
\0\0\x16\0\0\0\x04\0\0\0\x0e\0\0\0\x23\x74\0\0\x01\0\0\x04\x08\0\0\0\xda\x73\0\
\0\x69\x03\0\0\0\0\0\0\0\0\0\0\0\0\0\x03\0\0\0\0\x16\0\0\0\x04\0\0\0\x02\0\0\0\
\x2e\x74\0\0\x01\0\0\x04\x04\0\0\0\x04\x12\0\0\x16\0\0\0\0\0\0\0\x3a\x74\0\0\
\x02\0\0\x04\x18\0\0\0\x45\x74\0\0\x66\0\0\0\0\0\0\0\xda\x73\0\0\x69\x03\0\0\
\x80\0\0\0\0\0\0\0\0\0\0\x02\xe7\x03\0\0\x51\x74\0\0\x03\0\0\x04\x40\0\0\0\x5b\
\x74\0\0\x7a\x03\0\0\0\0\0\0\x65\x74\0\0\x8a\x03\0\0\x80\0\0\0\x45\x66\0\0\x8b\
\x03\0\0\0\x01\0\0\0\0\0\0\0\0\0\x02\x6f\x03\0\0\x6b\x74\0\0\x02\0\0\x04\x10\0\
\0\0\x39\x1a\0\0\xd9\0\0\0\0\0\0\0\x7a\x74\0\0\x79\x03\0\0\x80\0\0\0\x80\x74\0\
\0\x02\0\0\x04\x18\0\0\0\xcf\x21\0\0\x6d\x01\0\0\0\0\0\0\0\0\0\0\x71\x03\0\0\
\x40\0\0\0\0\0\0\0\x02\0\0\x05\x10\0\0\0\x94\x74\0\0\x78\x03\0\0\0\0\0\0\xd4\
\x21\0\0\x21\0\0\0\0\0\0\0\0\0\0\0\0\0\0\x02\x73\x03\0\0\xa3\x74\0\0\x07\0\0\
\x04\x68\0\0\0\0\0\0\0\x74\x03\0\0\0\0\0\0\xb6\x74\0\0\x76\x03\0\0\x40\0\0\0\
\xc2\x02\0\0\x77\x03\0\0\x80\0\0\0\xba\x74\0\0\x66\0\0\0\0\x01\0\0\xc3\x74\0\0\
\x66\0\0\0\x80\x01\0\0\xe1\x12\0\0\x64\0\0\0\0\x02\0\0\x39\x1a\0\0\xd9\0\0\0\
\xc0\x02\0\0\0\0\0\0\x02\0\0\x05\x08\0\0\0\xcb\x74\0\0\x75\x03\0\0\0\0\0\0\xcf\
\x74\0\0\x56\0\0\0\0\0\0\0\0\0\0\0\0\0\0\x02\x18\x04\0\0\0\0\0\0\0\0\0\x02\x19\
\x04\0\0\xda\x74\0\0\x02\0\0\x04\x10\0\0\0\xf1\x74\0\0\x22\0\0\0\0\0\0\0\x01\
\x75\0\0\x15\0\0\0\x40\0\0\0\0\0\0\0\0\0\0\x03\0\0\0\0\x72\x03\0\0\x04\0\0\0\
\x02\0\0\0\0\0\0\0\0\0\0\x03\0\0\0\0\x70\x03\0\0\x04\0\0\0\0\0\0\0\0\0\0\0\0\0\
\0\x03\0\0\0\0\x6e\x03\0\0\x04\0\0\0\x02\0\0\0\x0d\x75\0\0\x19\0\0\x84\x48\0\0\
\0\x16\x75\0\0\x1d\0\0\0\0\0\0\0\x1c\x75\0\0\x1d\0\0\0\x10\0\0\x01\x22\x75\0\0\
\x1d\0\0\0\x11\0\0\x01\x30\x75\0\0\x1d\0\0\0\x12\0\0\x01\x3f\x75\0\0\x1d\0\0\0\
\x13\0\0\x01\x49\x75\0\0\x1d\0\0\0\x14\0\0\x01\x54\x75\0\0\x1d\0\0\0\x15\0\0\
\x01\x5c\x75\0\0\x1d\0\0\0\x16\0\0\x01\x64\x75\0\0\x1d\0\0\0\x17\0\0\x01\x74\
\x75\0\0\x1d\0\0\0\x18\0\0\x01\x86\x75\0\0\x1d\0\0\0\x19\0\0\x01\xa3\x75\0\0\
\x1d\0\0\0\x1a\0\0\x01\xb2\x75\0\0\x1d\0\0\0\x1b\0\0\x01\x19\0\0\0\x7c\x03\0\0\
\x20\0\0\0\xc3\x75\0\0\x7d\x03\0\0\x40\0\0\0\xd0\x26\0\0\x14\0\0\0\x60\0\0\0\
\xd8\x75\0\0\x14\0\0\0\x80\0\0\0\xe2\x75\0\0\x7e\x03\0\0\xa0\0\0\0\xba\x06\0\0\
\x7f\x03\0\0\0\x01\0\0\x84\x13\0\0\xb6\0\0\0\x40\x01\0\0\xe6\x75\0\0\x80\x03\0\
\0\x80\x01\0\0\xef\x75\0\0\x85\x03\0\0\xc0\x01\0\0\xf3\x75\0\0\x86\x03\0\0\0\
\x02\0\0\xfd\x75\0\0\x88\x03\0\0\x40\x02\0\0\x03\x76\0\0\x89\x03\0\0\x40\x02\0\
\0\x0a\x76\0\0\x20\0\0\x06\x04\0\0\0\x18\x76\0\0\0\0\0\0\x2d\x76\0\0\x01\0\0\0\
\x49\x76\0\0\x02\0\0\0\x5e\x76\0\0\x03\0\0\0\x76\x76\0\0\x04\0\0\0\x8e\x76\0\0\
\x05\0\0\0\xa7\x76\0\0\x06\0\0\0\xb9\x76\0\0\x07\0\0\0\xd2\x76\0\0\x08\0\0\0\
\xeb\x76\0\0\x09\0\0\0\x05\x77\0\0\x0a\0\0\0\x1a\x77\0\0\x0b\0\0\0\x30\x77\0\0\
\x0c\0\0\0\x47\x77\0\0\x0d\0\0\0\x5e\x77\0\0\x0e\0\0\0\x73\x77\0\0\x0f\0\0\0\
\x8f\x77\0\0\x10\0\0\0\xa4\x77\0\0\x11\0\0\0\xc1\x77\0\0\x12\0\0\0\xe0\x77\0\0\
\x13\0\0\0\xfc\x77\0\0\x14\0\0\0\x15\x78\0\0\x15\0\0\0\x30\x78\0\0\x16\0\0\0\
\x4d\x78\0\0\x17\0\0\0\x69\x78\0\0\x18\0\0\0\x8f\x78\0\0\x19\0\0\0\xac\x78\0\0\
\x1a\0\0\0\xc2\x78\0\0\x1b\0\0\0\xdb\x78\0\0\x1c\0\0\0\xed\x78\0\0\x1d\0\0\0\
\xff\x78\0\0\x1e\0\0\0\x17\x79\0\0\x1f\0\0\0\x2d\x79\0\0\x2b\0\0\x06\x04\0\0\0\
\x3d\x79\0\0\0\0\0\0\x55\x79\0\0\x01\0\0\0\x6c\x79\0\0\x02\0\0\0\x88\x79\0\0\
\x03\0\0\0\x9c\x79\0\0\x04\0\0\0\xb5\x79\0\0\x05\0\0\0\xcf\x79\0\0\x06\0\0\0\
\xe1\x79\0\0\x07\0\0\0\xf4\x79\0\0\x08\0\0\0\x0a\x7a\0\0\x09\0\0\0\x20\x7a\0\0\
\x0a\0\0\0\x39\x7a\0\0\x0b\0\0\0\x52\x7a\0\0\x0c\0\0\0\x6d\x7a\0\0\x0d\0\0\0\
\x88\x7a\0\0\x0e\0\0\0\xa0\x7a\0\0\x0f\0\0\0\xb8\x7a\0\0\x10\0\0\0\xc7\x7a\0\0\
\x11\0\0\0\xda\x7a\0\0\x12\0\0\0\xec\x7a\0\0\x13\0\0\0\x04\x7b\0\0\x14\0\0\0\
\x1c\x7b\0\0\x15\0\0\0\x32\x7b\0\0\x16\0\0\0\x48\x7b\0\0\x17\0\0\0\x59\x7b\0\0\
\x18\0\0\0\x6a\x7b\0\0\x19\0\0\0\x7a\x7b\0\0\x1a\0\0\0\x8c\x7b\0\0\x1b\0\0\0\
\x98\x7b\0\0\x1c\0\0\0\xa7\x7b\0\0\x1d\0\0\0\xc4\x7b\0\0\x1e\0\0\0\xe1\x7b\0\0\
\x1f\0\0\0\xfe\x7b\0\0\x20\0\0\0\x1b\x7c\0\0\x21\0\0\0\x2a\x7c\0\0\x22\0\0\0\
\x47\x7c\0\0\x23\0\0\0\x56\x7c\0\0\x24\0\0\0\x64\x7c\0\0\x25\0\0\0\x6c\x7c\0\0\
\x26\0\0\0\x7f\x7c\0\0\x27\0\0\0\x97\x7c\0\0\x28\0\0\0\xba\x7c\0\0\x29\0\0\0\
\xc9\x7c\0\0\x2a\0\0\0\0\0\0\0\0\0\0\x03\0\0\0\0\x18\0\0\0\x04\0\0\0\x08\0\0\0\
\0\0\0\0\0\0\0\x02\xe8\x03\0\0\0\0\0\0\0\0\0\x02\x81\x03\0\0\0\0\0\0\x02\0\0\
\x0d\x16\0\0\0\0\0\0\0\x54\0\0\0\0\0\0\0\x82\x03\0\0\0\0\0\0\0\0\0\x02\x83\x03\
\0\0\0\0\0\0\0\0\0\x0a\x84\x03\0\0\xdf\x7c\0\0\x05\0\0\x84\x08\0\0\0\xe8\x7c\0\
\0\x19\0\0\0\0\0\0\0\xed\x7c\0\0\x19\0\0\0\x08\0\0\x04\xf5\x7c\0\0\x19\0\0\0\
\x0c\0\0\x04\xfd\x7c\0\0\xac\x02\0\0\x10\0\0\0\x01\x7d\0\0\x37\x01\0\0\x20\0\0\
\0\0\0\0\0\0\0\0\x02\x0e\x04\0\0\0\0\0\0\0\0\0\x02\x17\x04\0\0\x05\x7d\0\0\x04\
\0\0\x04\x08\0\0\0\xe8\x7c\0\0\x1e\0\0\0\0\0\0\0\x11\x7d\0\0\x19\0\0\0\x10\0\0\
\0\x14\x7d\0\0\x19\0\0\0\x18\0\0\0\x17\x7d\0\0\x15\0\0\0\x20\0\0\0\0\0\0\0\0\0\
\0\x03\0\0\0\0\x87\x03\0\0\x04\0\0\0\0\0\0\0\0\0\0\0\0\0\0\x03\0\0\0\0\x84\x03\
\0\0\x04\0\0\0\0\0\0\0\0\0\0\0\0\0\0\x03\0\0\0\0\x6d\x01\0\0\x04\0\0\0\x02\0\0\
\0\0\0\0\0\0\0\0\x03\0\0\0\0\x66\0\0\0\x04\0\0\0\x02\0\0\0\x19\x7d\0\0\x20\0\0\
\x04\x40\x03\0\0\x24\x7d\0\0\x66\0\0\0\0\0\0\0\x2e\x7d\0\0\xfc\x01\0\0\x80\0\0\
\0\x3a\x7d\0\0\xfc\x01\0\0\xc0\0\0\0\x46\x7d\0\0\xfc\x01\0\0\0\x01\0\0\x52\x7d\
\0\0\xfc\x01\0\0\x40\x01\0\0\x5e\x7d\0\0\x16\0\0\0\x80\x01\0\0\x6a\x7d\0\0\x16\
\0\0\0\xa0\x01\0\0\x74\x7d\0\0\x0e\x02\0\0\xc0\x01\0\0\x84\x7d\0\0\x66\0\0\0\
\xc0\x02\0\0\x8f\x7d\0\0\xfc\x01\0\0\x40\x03\0\0\x9c\x7d\0\0\x16\0\0\0\x80\x03\
\0\0\xad\x7d\0\0\x8d\x03\0\0\xc0\x03\0\0\xbc\x7d\0\0\x8f\x03\0\0\x80\x04\0\0\
\xc9\x7d\0\0\x90\x03\0\0\0\x06\0\0\xd6\x7d\0\0\x0e\x02\0\0\xc0\x06\0\0\xe7\x7d\
\0\0\x91\x03\0\0\xc0\x07\0\0\xf6\x7d\0\0\x66\0\0\0\x40\x09\0\0\x03\x7e\0\0\x82\
\x01\0\0\xc0\x09\0\0\x08\x7e\0\0\x82\x01\0\0\0\x0a\0\0\x13\x7e\0\0\x14\0\0\0\
\x40\x0a\0\0\x27\x7e\0\0\x14\0\0\0\x60\x0a\0\0\x3c\x7e\0\0\x02\0\0\0\x80\x0a\0\
\0\x4f\x7e\0\0\x14\0\0\0\xa0\x0a\0\0\x62\x7e\0\0\xb6\x01\0\0\xc0\x0a\0\0\x42\
\x4c\0\0\x37\x02\0\0\0\x0b\0\0\x71\x7e\0\0\x61\x02\0\0\0\x0c\0\0\x7f\x7e\0\0\
\x61\x02\0\0\0\x12\0\0\x8d\x7e\0\0\xf1\0\0\0\0\x18\0\0\x9d\x7e\0\0\x02\x01\0\0\
\x20\x18\0\0\xb8\x7e\0\0\x02\x01\0\0\x40\x18\0\0\xd4\x7e\0\0\xf1\0\0\0\x60\x18\
\0\0\xe5\x7e\0\0\x0a\x01\0\0\x80\x18\0\0\0\0\0\0\0\0\0\x03\0\0\0\0\x32\x02\0\0\
\x04\0\0\0\x03\0\0\0\xf4\x7e\0\0\x06\0\0\x04\x10\0\0\0\x05\x7f\0\0\xfc\x01\0\0\
\0\0\0\0\x0b\x7f\0\0\x16\0\0\0\x40\0\0\0\x11\x7f\0\0\x18\0\0\0\x60\0\0\0\x18\
\x7f\0\0\x18\0\0\0\x68\0\0\0\x1f\x7f\0\0\x18\0\0\0\x70\0\0\0\x26\x7f\0\0\x18\0\
\0\0\x78\0\0\0\0\0\0\0\0\0\0\x03\0\0\0\0\x8e\x03\0\0\x04\0\0\0\x03\0\0\0\0\0\0\
\0\0\0\0\x03\0\0\0\0\x16\0\0\0\x04\0\0\0\x06\0\0\0\x2d\x7f\0\0\x06\0\0\x04\x30\
\0\0\0\xdc\x69\0\0\x0e\x02\0\0\0\0\0\0\x08\x18\0\0\x52\x02\0\0\0\x01\0\0\x41\
\x7f\0\0\x18\0\0\0\x40\x01\0\0\x48\x7f\0\0\x18\0\0\0\x48\x01\0\0\x4f\x7f\0\0\
\x18\0\0\0\x50\x01\0\0\x56\x7f\0\0\x18\0\0\0\x58\x01\0\0\0\0\0\0\0\0\0\x02\xe2\
\x03\0\0\x03\x82\0\0\x0a\0\0\x84\x14\0\0\0\x09\x82\0\0\x19\0\0\0\0\0\0\x04\x0d\
\x82\0\0\x19\0\0\0\x04\0\0\x04\x15\x82\0\0\x19\0\0\0\x08\0\0\0\x19\x82\0\0\x91\
\x01\0\0\x10\0\0\0\x86\x21\0\0\x91\x01\0\0\x20\0\0\0\x21\x82\0\0\x91\x01\0\0\
\x30\0\0\0\x2a\x82\0\0\x19\0\0\0\x40\0\0\0\x6b\0\0\0\x19\0\0\0\x48\0\0\0\x4e\
\x5b\0\0\x94\x03\0\0\x50\0\0\0\0\0\0\0\x95\x03\0\0\x60\0\0\0\x2e\x82\0\0\0\0\0\
\x08\x1e\0\0\0\0\0\0\0\x02\0\0\x05\x08\0\0\0\0\0\0\0\x96\x03\0\0\0\0\0\0\x36\
\x82\0\0\x97\x03\0\0\0\0\0\0\0\0\0\0\x02\0\0\x04\x08\0\0\0\xa4\x35\0\0\x8b\x01\
\0\0\0\0\0\0\x9e\x35\0\0\x8b\x01\0\0\x20\0\0\0\0\0\0\0\x02\0\0\x04\x08\0\0\0\
\xa4\x35\0\0\x8b\x01\0\0\0\0\0\0\x9e\x35\0\0\x8b\x01\0\0\x20\0\0\0\xf4\x83\0\0\
\x11\0\0\x84\x14\0\0\0\xfb\x83\0\0\x91\x01\0\0\0\0\0\0\x02\x84\0\0\x91\x01\0\0\
\x10\0\0\0\xcb\x4d\0\0\x8b\x01\0\0\x20\0\0\0\x07\x84\0\0\x8b\x01\0\0\x40\0\0\0\
\x0f\x84\0\0\x1e\0\0\0\x60\0\0\x04\x14\x84\0\0\x1e\0\0\0\x64\0\0\x04\x19\x84\0\
\0\x1e\0\0\0\x68\0\0\x01\x1d\x84\0\0\x1e\0\0\0\x69\0\0\x01\x21\x84\0\0\x1e\0\0\
\0\x6a\0\0\x01\x25\x84\0\0\x1e\0\0\0\x6b\0\0\x01\x29\x84\0\0\x1e\0\0\0\x6c\0\0\
\x01\x2d\x84\0\0\x1e\0\0\0\x6d\0\0\x01\x31\x84\0\0\x1e\0\0\0\x6e\0\0\x01\x35\
\x84\0\0\x1e\0\0\0\x6f\0\0\x01\x39\x84\0\0\x91\x01\0\0\x70\0\0\0\x4e\x5b\0\0\
\x94\x03\0\0\x80\0\0\0\x40\x84\0\0\x91\x01\0\0\x90\0\0\0\x10\x85\0\0\x04\0\0\
\x04\x08\0\0\0\xfb\x83\0\0\x91\x01\0\0\0\0\0\0\x02\x84\0\0\x91\x01\0\0\x10\0\0\
\0\xd0\x26\0\0\x91\x01\0\0\x20\0\0\0\x4e\x5b\0\0\x94\x03\0\0\x30\0\0\0\0\0\0\0\
\x01\0\0\x0d\x02\0\0\0\x27\x04\0\0\x4c\0\0\0\x03\x87\0\0\x01\0\0\x0c\x9a\x03\0\
\0\0\0\0\0\x01\0\0\x0d\x02\0\0\0\x27\x04\0\0\x4c\0\0\0\xcc\x87\0\0\x01\0\0\x0c\
\x9c\x03\0\0\x51\x88\0\0\x07\0\0\x84\x28\0\0\0\xe1\x34\0\0\x19\0\0\0\0\0\0\x04\
\x0d\x82\0\0\x19\0\0\0\x04\0\0\x04\x59\x88\0\0\x9f\x03\0\0\x08\0\0\0\x62\x88\0\
\0\x91\x01\0\0\x20\0\0\0\x6e\x88\0\0\x19\0\0\0\x30\0\0\0\x76\x88\0\0\x19\0\0\0\
\x38\0\0\0\0\0\0\0\xa0\x03\0\0\x40\0\0\0\0\0\0\0\0\0\0\x03\0\0\0\0\x19\0\0\0\
\x04\0\0\0\x03\0\0\0\0\0\0\0\x02\0\0\x05\x20\0\0\0\0\0\0\0\xa1\x03\0\0\0\0\0\0\
\x36\x82\0\0\xa2\x03\0\0\0\0\0\0\0\0\0\0\x02\0\0\x04\x20\0\0\0\xa4\x35\0\0\x98\
\x01\0\0\0\0\0\0\x9e\x35\0\0\x98\x01\0\0\x80\0\0\0\0\0\0\0\x02\0\0\x04\x20\0\0\
\0\xa4\x35\0\0\x98\x01\0\0\0\0\0\0\x9e\x35\0\0\x98\x01\0\0\x80\0\0\0\x68\x8a\0\
\0\x02\0\0\x04\x02\0\0\0\x6e\x88\0\0\x19\0\0\0\0\0\0\0\x75\x8a\0\0\x19\0\0\0\
\x08\0\0\0\0\0\0\0\x01\0\0\x0d\x02\0\0\0\x27\x04\0\0\x4c\0\0\0\xaf\x8d\0\0\x01\
\0\0\x0c\xa4\x03\0\0\0\0\0\0\x01\0\0\x0d\x02\0\0\0\x27\x04\0\0\x4c\0\0\0\x1e\
\x8e\0\0\x01\0\0\x0c\xa6\x03\0\0\0\0\0\0\x01\0\0\x0d\x02\0\0\0\x27\x04\0\0\x4c\
\0\0\0\x9f\x91\0\0\x01\0\0\x0c\xa8\x03\0\0\0\0\0\0\x01\0\0\x0d\x02\0\0\0\x27\
\x04\0\0\x4c\0\0\0\x8a\x92\0\0\x01\0\0\x0c\xaa\x03\0\0\0\0\0\0\x01\0\0\x0d\x02\
\0\0\0\x27\x04\0\0\x4c\0\0\0\x66\x93\0\0\x01\0\0\x0c\xac\x03\0\0\0\0\0\0\x01\0\
\0\x0d\x02\0\0\0\x27\x04\0\0\x4c\0\0\0\xf3\x94\0\0\x01\0\0\x0c\xae\x03\0\0\0\0\
\0\0\0\0\0\x03\0\0\0\0\x91\0\0\0\x04\0\0\0\x0d\0\0\0\x63\x95\0\0\0\0\0\x0e\xb0\
\x03\0\0\x01\0\0\0\0\0\0\0\0\0\0\x03\0\0\0\0\x91\0\0\0\x04\0\0\0\x50\0\0\0\x6b\
\x95\0\0\0\0\0\x0e\xb2\x03\0\0\0\0\0\0\0\0\0\0\0\0\0\x03\0\0\0\0\x91\0\0\0\x04\
\0\0\0\x42\0\0\0\x8c\x95\0\0\0\0\0\x0e\xb4\x03\0\0\0\0\0\0\0\0\0\0\0\0\0\x03\0\
\0\0\0\x91\0\0\0\x04\0\0\0\x47\0\0\0\xaf\x95\0\0\0\0\0\x0e\xb6\x03\0\0\0\0\0\0\
\xd8\x95\0\0\x06\0\0\x0f\0\0\0\0\x08\0\0\0\0\0\0\0\x10\0\0\0\x2a\0\0\0\0\0\0\0\
\x20\0\0\0\x33\0\0\0\0\0\0\0\x20\0\0\0\x3f\0\0\0\0\0\0\0\x20\0\0\0\x41\0\0\0\0\
\0\0\0\x20\0\0\0\x4b\0\0\0\0\0\0\0\x20\0\0\0\xde\x95\0\0\x03\0\0\x0f\0\0\0\0\
\xb3\x03\0\0\0\0\0\0\x50\0\0\0\xb5\x03\0\0\x50\0\0\0\x42\0\0\0\xb7\x03\0\0\x92\
\0\0\0\x47\0\0\0\xe6\x95\0\0\x01\0\0\x0f\0\0\0\0\xb1\x03\0\0\0\0\0\0\x0d\0\0\0\
\xee\x95\0\0\0\0\0\x07\0\0\0\0\x01\x96\0\0\0\0\0\x07\0\0\0\0\x73\x43\0\0\0\0\0\
\x07\0\0\0\0\x25\x24\0\0\0\0\0\x07\0\0\0\0\x0a\x96\0\0\0\0\0\x07\0\0\0\0\x16\
\x96\0\0\0\0\0\x07\0\0\0\0\x1c\x96\0\0\0\0\0\x07\0\0\0\0\x2b\x96\0\0\0\0\0\x07\
\0\0\0\0\x6b\x06\0\0\0\0\0\x07\0\0\0\0\xe9\x10\0\0\0\0\0\x07\0\0\0\0\x40\x96\0\
\0\0\0\0\x07\0\0\0\0\x4b\x96\0\0\0\0\0\x07\0\0\0\0\x22\x67\0\0\0\0\0\x07\0\0\0\
\0\x5b\x96\0\0\0\0\0\x07\0\0\0\0\x68\x96\0\0\0\0\0\x07\0\0\0\0\xcb\x67\0\0\0\0\
\0\x07\0\0\0\0\x6f\x96\0\0\0\0\0\x07\0\0\0\0\x79\x96\0\0\0\0\0\x07\0\0\0\0\x7b\
\x1d\0\0\0\0\0\x07\0\0\0\0\x92\x96\0\0\0\0\0\x07\0\0\0\0\xa1\x96\0\0\0\0\0\x07\
\0\0\0\0\xaf\x96\0\0\0\0\0\x07\0\0\0\0\xb8\x96\0\0\0\0\0\x07\0\0\0\0\xc8\x96\0\
\0\0\0\0\x07\0\0\0\0\x06\x4c\0\0\0\0\0\x07\0\0\0\0\xd6\x96\0\0\0\0\0\x07\0\0\0\
\0\xe5\x96\0\0\0\0\0\x07\0\0\0\0\x9f\x4a\0\0\0\0\0\x07\0\0\0\0\x81\x4c\0\0\0\0\
\0\x07\0\0\0\0\x37\x67\0\0\0\0\0\x07\0\0\0\0\xee\x96\0\0\0\0\0\x07\0\0\0\0\xfd\
\x96\0\0\0\0\0\x07\0\0\0\0\x09\x97\0\0\0\0\0\x07\0\0\0\0\xe4\x35\0\0\0\0\0\x07\
\0\0\0\0\x1c\x97\0\0\0\0\0\x07\0\0\0\0\x2a\x97\0\0\0\0\0\x07\0\0\0\0\x36\x97\0\
\0\0\0\0\x07\0\0\0\0\x47\x97\0\0\0\0\0\x07\0\0\0\0\x53\x97\0\0\0\0\0\x07\0\0\0\
\0\x62\x97\0\0\0\0\0\x07\0\0\0\0\x71\x97\0\0\0\0\0\x07\0\0\0\0\x7d\x97\0\0\0\0\
\0\x07\0\0\0\0\xbf\x19\0\0\0\0\0\x07\0\0\0\0\x85\x97\0\0\0\0\0\x07\0\0\0\0\x94\
\x97\0\0\0\0\0\x07\0\0\0\0\xa0\x97\0\0\0\0\0\x07\0\0\0\0\xaf\x97\0\0\0\0\0\x07\
\0\0\0\0\xbe\x97\0\0\0\0\0\x07\0\0\0\0\xca\x97\0\0\0\0\0\x07\0\0\0\0\xd2\x97\0\
\0\0\0\0\x07\0\0\0\0\xdc\x97\0\0\0\0\0\x07\0\0\0\0\xe4\x97\0\0\0\0\0\x07\0\0\0\
\0\xed\x97\0\0\0\0\0\x07\0\0\0\0\xf9\x97\0\0\0\0\0\x07\0\0\0\0\x04\x98\0\0\0\0\
\0\x07\0\0\0\0\x12\x98\0\0\0\0\0\x07\0\0\0\0\x20\x98\0\0\0\0\0\x07\0\0\0\0\x2b\
\x98\0\0\0\0\0\x07\0\0\0\0\x38\x98\0\0\0\0\0\x07\0\0\0\0\x44\x98\0\0\0\0\0\x07\
\0\0\0\0\x52\x98\0\0\0\0\0\x07\0\0\0\0\x5c\x98\0\0\0\0\0\x07\0\0\0\0\x2a\x4f\0\
\0\0\0\0\x07\0\0\0\0\x6b\x98\0\0\0\0\0\x07\0\0\0\0\x80\x98\0\0\0\0\0\x07\0\0\0\
\0\x89\x98\0\0\0\0\0\x07\0\0\0\0\x9a\x98\0\0\0\0\0\x07\0\0\0\0\xa5\x98\0\0\0\0\
\0\x07\0\0\0\0\x96\x5e\0\0\0\0\0\x07\0\0\0\0\xb8\x98\0\0\0\0\0\x07\0\0\0\0\xc5\
\x98\0\0\0\0\0\x07\0\0\0\0\xd1\x98\0\0\0\0\0\x07\0\0\0\0\xdb\x98\0\0\0\0\0\x07\
\0\0\0\0\xe8\x98\0\0\0\0\0\x07\0\0\0\0\xf2\x98\0\0\0\0\0\x07\0\0\0\0\xfd\x98\0\
\0\0\0\0\x07\0\0\0\0\x06\x99\0\0\0\0\0\x07\0\0\0\0\x10\x99\0\0\0\0\0\x07\0\0\0\
\0\x19\x99\0\0\0\0\0\x07\0\0\0\0\x2a\x99\0\0\0\0\0\x07\0\0\0\0\x3c\x99\0\0\0\0\
\0\x07\0\0\0\0\x44\x99\0\0\0\0\0\x07\0\0\0\0\x56\x99\0\0\0\0\0\x07\0\0\0\0\x6b\
\x99\0\0\0\0\0\x07\0\0\0\0\x78\x99\0\0\0\0\0\x07\0\0\0\0\x87\x99\0\0\0\0\0\x07\
\0\0\0\0\xc1\x2d\0\0\0\0\0\x07\0\0\0\0\x7f\x03\0\0\0\0\0\x07\0\0\0\0\x99\x99\0\
\0\0\0\0\x07\0\0\0\0\xc2\x02\0\0\0\0\0\x07\0\0\0\0\xc7\x19\0\0\0\0\0\x07\0\0\0\
\0\xa7\x99\0\0\0\0\0\x07\0\0\0\0\xb6\x99\0\0\0\0\0\x07\0\0\0\0\xc6\x99\0\0\0\0\
\0\x07\0\0\0\0\xd9\x99\0\0\0\0\0\x07\0\0\0\0\xf0\x99\0\0\0\0\0\x07\0\0\0\0\xa4\
\x5d\0\0\0\0\0\x07\0\0\0\0\xb0\x5d\0\0\0\0\0\x07\0\0\0\0\xba\x5d\0\0\0\0\0\x07\
\0\0\0\0\xfa\x99\0\0\0\0\0\x07\0\0\0\0\x07\x9a\0\0\0\0\0\x07\0\0\0\0\x10\x9a\0\
\0\0\0\0\x07\0\0\0\0\x22\x9a\0\0\0\0\0\x07\0\0\0\0\x31\x9a\0\0\0\0\0\x07\0\0\0\
\0\x38\x9a\0\0\0\0\0\x07\0\0\0\0\x48\x9a\0\0\0\0\0\x07\0\0\0\0\x53\x9a\0\0\0\0\
\0\x07\0\0\0\0\x59\x9a\0\0\0\0\0\x07\0\0\0\0\x66\x9a\0\0\0\0\0\x07\0\0\0\0\x6f\
\x9a\0\0\0\0\0\x07\0\0\0\0\x82\x9a\0\0\0\0\0\x07\0\0\0\0\x8e\x9a\0\0\0\0\0\x07\
\0\0\0\0\xe0\x60\0\0\0\0\0\x07\0\0\0\0\x9f\x9a\0\0\0\0\0\x07\0\0\0\0\xaa\x9a\0\
\0\0\0\0\x07\0\0\0\0\x8a\x61\0\0\0\0\0\x07\0\0\0\0\xb5\x9a\0\0\0\0\0\x07\0\0\0\
\0\xc2\x9a\0\0\0\0\0\x07\0\0\0\0\xca\x9a\0\0\0\0\0\x07\0\0\0\0\xd6\x9a\0\0\0\0\
\0\x07\0\0\0\0\xe4\x9a\0\0\0\0\0\x07\0\0\0\0\xed\x9a\0\0\0\0\0\x07\0\0\0\0\xfb\
\x9a\0\0\0\0\0\x07\0\0\0\0\x0a\x9b\0\0\0\0\0\x07\0\0\0\0\x15\x9b\0\0\0\0\0\x07\
\0\0\0\0\x24\x9b\0\0\0\0\0\x07\0\0\0\0\x31\x9b\0\0\0\0\0\x07\0\0\0\0\x3d\x9b\0\
\0\0\0\0\x07\0\0\0\0\x4c\x9b\0\0\0\0\0\x07\0\0\0\0\x62\x9b\0\0\0\0\0\x07\0\0\0\
\0\x73\x9b\0\0\0\0\0\x07\0\0\0\0\x7e\x9b\0\0\0\0\0\x07\0\0\0\0\x88\x9b\0\0\0\0\
\0\x07\0\0\0\0\xa1\x9b\0\0\0\0\0\x07\0\0\0\0\x54\x0c\0\0\0\0\0\x07\0\0\0\0\x81\
\x0c\0\0\0\0\0\x07\0\0\0\0\x70\x0c\0\0\0\0\0\x07\0\0\0\0\xaf\x9b\0\0\0\0\0\x07\
\0\0\0\0\xc0\x9b\0\0\0\0\0\x07\0\0\0\0\xcd\x9b\0\0\0\0\0\x07\0\0\0\0\x1b\x1c\0\
\0\0\0\0\x07\0\0\0\0\xd9\x9b\0\0\0\0\0\x07\0\0\0\0\xe5\x9b\0\0\0\0\0\x07\0\0\0\
\0\xfc\x9b\0\0\0\0\0\x07\0\0\0\0\x0c\x9c\0\0\0\0\0\x07\0\0\0\0\x1e\x9c\0\0\0\0\
\0\x07\0\0\0\0\x33\x9c\0\0\0\0\0\x07\0\0\0\0\x43\x42\0\0\0\0\0\x07\0\0\0\0\x42\
\x9c\0\0\0\0\0\x07\0\0\0\0\xf5\x44\0\0\0\0\0\x07\0\0\0\0\x59\x16\0\0\0\0\0\x07\
\0\0\0\0\x4f\x9c\0\0\0\0\0\x07\0\0\0\0\x5f\x9c\0\0\0\0\0\x07\0\0\0\0\xfc\x0a\0\
\0\0\0\0\x07\0\0\0\0\x67\x9c\0\0\0\0\0\x07\0\0\0\0\x75\x9c\0\0\0\0\0\x07\0\0\0\
\0\x7f\x9c\0\0\0\0\0\x07\0\0\0\0\x42\x0b\0\0\0\0\0\x07\0\0\0\0\x8c\x9c\0\0\0\0\
\0\x07\0\0\0\0\x9a\x9c\0\0\0\0\0\x07\0\0\0\0\xb2\x0b\0\0\0\0\0\x07\0\0\0\0\xa9\
\x9c\0\0\0\0\0\x07\0\0\0\0\xb8\x9c\0\0\0\0\0\x07\0\0\0\0\xc8\x9c\0\0\0\0\0\x07\
\0\0\0\0\x62\x0c\0\0\0\0\0\x07\0\0\0\0\x8c\x0c\0\0\0\0\0\x07\0\0\0\0\xd1\x9c\0\
\0\0\0\0\x07\0\0\0\0\xe2\x9c\0\0\0\0\0\x07\0\0\0\0\xfa\x9c\0\0\0\0\0\x07\0\0\0\
\0\xd8\x0d\0\0\0\0\0\x07\0\0\0\0\x09\x9d\0\0\0\0\0\x07\0\0\0\0\x1a\x9d\0\0\0\0\
\0\x07\0\0\0\0\x26\x9d\0\0\0\0\0\x07\0\0\0\0\x30\x9d\0\0\0\0\0\x07\0\0\0\0\x3c\
\x9d\0\0\0\0\0\x07\0\0\0\0\0\x69\x6e\x74\0\x5f\x5f\x41\x52\x52\x41\x59\x5f\x53\
\x49\x5a\x45\x5f\x54\x59\x50\x45\x5f\x5f\0\x74\x79\x70\x65\0\x6d\x61\x78\x5f\
\x65\x6e\x74\x72\x69\x65\x73\0\x72\x62\0\x63\x72\x6f\x73\x5f\x66\x6c\x6f\x77\
\x5f\x6d\x61\x70\x5f\x6b\x65\x79\0\x66\x69\x76\x65\x5f\x74\x75\x70\x6c\x65\0\
\x73\x6f\x63\x6b\0\x63\x72\x6f\x73\x5f\x6e\x65\x74\x77\x6f\x72\x6b\x5f\x35\x5f\
\x74\x75\x70\x6c\x65\0\x66\x61\x6d\x69\x6c\x79\0\x70\x72\x6f\x74\x6f\x63\x6f\
\x6c\0\x73\x6f\x75\x72\x63\x65\x5f\x61\x64\x64\x72\0\x73\x6f\x75\x72\x63\x65\
\x5f\x70\x6f\x72\x74\0\x64\x65\x73\x74\x5f\x61\x64\x64\x72\0\x64\x65\x73\x74\
\x5f\x70\x6f\x72\x74\0\x63\x72\x6f\x73\x5f\x6e\x65\x74\x77\x6f\x72\x6b\x5f\x66\
\x61\x6d\x69\x6c\x79\0\x43\x52\x4f\x53\x5f\x46\x41\x4d\x49\x4c\x59\x5f\x41\x46\
\x5f\x49\x4e\x45\x54\0\x43\x52\x4f\x53\x5f\x46\x41\x4d\x49\x4c\x59\x5f\x41\x46\
\x5f\x49\x4e\x45\x54\x36\0\x63\x72\x6f\x73\x5f\x6e\x65\x74\x77\x6f\x72\x6b\x5f\
\x70\x72\x6f\x74\x6f\x63\x6f\x6c\0\x43\x52\x4f\x53\x5f\x50\x52\x4f\x54\x4f\x43\
\x4f\x4c\x5f\x54\x43\x50\0\x43\x52\x4f\x53\x5f\x50\x52\x4f\x54\x4f\x43\x4f\x4c\
\x5f\x55\x44\x50\0\x43\x52\x4f\x53\x5f\x50\x52\x4f\x54\x4f\x43\x4f\x4c\x5f\x49\
\x43\x4d\x50\0\x43\x52\x4f\x53\x5f\x50\x52\x4f\x54\x4f\x43\x4f\x4c\x5f\x49\x43\
\x4d\x50\x36\0\x43\x52\x4f\x53\x5f\x50\x52\x4f\x54\x4f\x43\x4f\x4c\x5f\x52\x41\
\x57\0\x43\x52\x4f\x53\x5f\x50\x52\x4f\x54\x4f\x43\x4f\x4c\x5f\x55\x4e\x4b\x4e\
\x4f\x57\x4e\0\x63\x72\x6f\x73\x5f\x69\x70\x5f\x61\x64\x64\x72\0\x61\x64\x64\
\x72\x34\0\x61\x64\x64\x72\x36\0\x75\x69\x6e\x74\x33\x32\x5f\x74\0\x75\x33\x32\
\0\x5f\x5f\x75\x33\x32\0\x75\x6e\x73\x69\x67\x6e\x65\x64\x20\x69\x6e\x74\0\x75\
\x69\x6e\x74\x38\x5f\x74\0\x75\x38\0\x5f\x5f\x75\x38\0\x75\x6e\x73\x69\x67\x6e\
\x65\x64\x20\x63\x68\x61\x72\0\x75\x69\x6e\x74\x31\x36\x5f\x74\0\x75\x31\x36\0\
\x5f\x5f\x75\x31\x36\0\x75\x6e\x73\x69\x67\x6e\x65\x64\x20\x73\x68\x6f\x72\x74\
\0\x75\x69\x6e\x74\x36\x34\x5f\x74\0\x75\x36\x34\0\x5f\x5f\x75\x36\x34\0\x75\
\x6e\x73\x69\x67\x6e\x65\x64\x20\x6c\x6f\x6e\x67\x20\x6c\x6f\x6e\x67\0\x63\x72\
\x6f\x73\x5f\x66\x6c\x6f\x77\x5f\x6d\x61\x70\x5f\x76\x61\x6c\x75\x65\0\x64\x69\
\x72\x65\x63\x74\x69\x6f\x6e\0\x74\x78\x5f\x62\x79\x74\x65\x73\0\x72\x78\x5f\
\x62\x79\x74\x65\x73\0\x67\x61\x72\x62\x61\x67\x65\x5f\x63\x6f\x6c\x6c\x65\x63\
\x74\x5f\x6d\x65\0\x63\x72\x6f\x73\x5f\x6e\x65\x74\x77\x6f\x72\x6b\x5f\x73\x6f\
\x63\x6b\x65\x74\x5f\x64\x69\x72\x65\x63\x74\x69\x6f\x6e\0\x43\x52\x4f\x53\x5f\
\x53\x4f\x43\x4b\x45\x54\x5f\x44\x49\x52\x45\x43\x54\x49\x4f\x4e\x5f\x49\x4e\0\
\x43\x52\x4f\x53\x5f\x53\x4f\x43\x4b\x45\x54\x5f\x44\x49\x52\x45\x43\x54\x49\
\x4f\x4e\x5f\x4f\x55\x54\0\x43\x52\x4f\x53\x5f\x53\x4f\x43\x4b\x45\x54\x5f\x44\
\x49\x52\x45\x43\x54\x49\x4f\x4e\x5f\x55\x4e\x4b\x4e\x4f\x57\x4e\0\x62\x6f\x6f\
\x6c\0\x5f\x42\x6f\x6f\x6c\0\x6b\x65\x79\0\x76\x61\x6c\x75\x65\0\x63\x72\x6f\
\x73\x5f\x6e\x65\x74\x77\x6f\x72\x6b\x5f\x66\x6c\x6f\x77\x5f\x6d\x61\x70\0\x69\
\x6e\x74\x36\x34\x5f\x74\0\x73\x36\x34\0\x5f\x5f\x73\x36\x34\0\x6c\x6f\x6e\x67\
\x20\x6c\x6f\x6e\x67\0\x63\x72\x6f\x73\x5f\x6e\x65\x74\x77\x6f\x72\x6b\x5f\x65\
\x78\x74\x65\x72\x6e\x61\x6c\x5f\x69\x6e\x74\x65\x72\x66\x61\x63\x65\x73\0\x63\
\x72\x6f\x73\x5f\x73\x6f\x63\x6b\x5f\x74\x6f\x5f\x70\x72\x6f\x63\x65\x73\x73\
\x5f\x6d\x61\x70\x5f\x76\x61\x6c\x75\x65\0\x63\x6f\x6d\x6d\x6f\x6e\0\x63\x72\
\x6f\x73\x5f\x6e\x65\x74\x77\x6f\x72\x6b\x5f\x63\x6f\x6d\x6d\x6f\x6e\0\x64\x65\
\x76\x5f\x69\x66\0\x70\x72\x6f\x63\x65\x73\x73\0\x63\x72\x6f\x73\x5f\x70\x72\
\x6f\x63\x65\x73\x73\x5f\x74\x61\x73\x6b\x5f\x69\x6e\x66\x6f\0\x70\x69\x64\0\
\x70\x70\x69\x64\0\x73\x74\x61\x72\x74\x5f\x74\x69\x6d\x65\0\x70\x61\x72\x65\
\x6e\x74\x5f\x73\x74\x61\x72\x74\x5f\x74\x69\x6d\x65\0\x63\x6f\x6d\x6d\x61\x6e\
\x64\x6c\x69\x6e\x65\0\x63\x6f\x6d\x6d\x61\x6e\x64\x6c\x69\x6e\x65\x5f\x6c\x65\
\x6e\0\x75\x69\x64\0\x67\x69\x64\0\x74\x69\x6d\x65\x5f\x6e\x73\x5f\x74\0\x63\
\x68\x61\x72\0\x70\x72\x6f\x63\x65\x73\x73\x5f\x6d\x61\x70\0\x61\x63\x74\x69\
\x76\x65\x5f\x73\x6f\x63\x6b\x65\x74\x5f\x6d\x61\x70\0\x6b\x65\x79\x5f\x73\x69\
\x7a\x65\0\x76\x61\x6c\x75\x65\x5f\x73\x69\x7a\x65\0\x68\x65\x61\x70\x5f\x63\
\x72\x6f\x73\x5f\x6e\x65\x74\x77\x6f\x72\x6b\x5f\x63\x6f\x6d\x6d\x6f\x6e\x5f\
\x6d\x61\x70\0\x63\x74\x78\0\x63\x72\x6f\x73\x5f\x68\x61\x6e\x64\x6c\x65\x5f\
\x69\x6e\x65\x74\x5f\x6c\x69\x73\x74\x65\x6e\0\x72\x61\x77\x5f\x74\x72\x61\x63\
\x65\x70\x6f\x69\x6e\x74\x2f\x63\x72\x6f\x73\x5f\x69\x6e\x65\x74\x5f\x6c\x69\
\x73\x74\x65\x6e\x5f\x65\x78\x69\x74\0\x2f\x62\x75\x69\x6c\x64\x2f\x61\x72\x6d\
\x36\x34\x2d\x67\x65\x6e\x65\x72\x69\x63\x2f\x76\x61\x72\x2f\x63\x61\x63\x68\
\x65\x2f\x70\x6f\x72\x74\x61\x67\x65\x2f\x63\x68\x72\x6f\x6d\x65\x6f\x73\x2d\
\x62\x61\x73\x65\x2f\x73\x65\x63\x61\x67\x65\x6e\x74\x64\x2f\x6f\x75\x74\x2f\
\x44\x65\x66\x61\x75\x6c\x74\x2f\x2e\x2e\x2f\x2e\x2e\x2f\x2e\x2e\x2f\x2e\x2e\
\x2f\x2e\x2e\x2f\x2e\x2e\x2f\x2e\x2e\x2f\x74\x6d\x70\x2f\x70\x6f\x72\x74\x61\
\x67\x65\x2f\x63\x68\x72\x6f\x6d\x65\x6f\x73\x2d\x62\x61\x73\x65\x2f\x73\x65\
\x63\x61\x67\x65\x6e\x74\x64\x2d\x39\x39\x39\x39\x2f\x77\x6f\x72\x6b\x2f\x73\
\x65\x63\x61\x67\x65\x6e\x74\x64\x2d\x39\x39\x39\x39\x2f\x70\x6c\x61\x74\x66\
\x6f\x72\x6d\x32\x2f\x73\x65\x63\x61\x67\x65\x6e\x74\x64\x2f\x62\x70\x66\x2f\
\x6e\x65\x74\x77\x6f\x72\x6b\x5f\x62\x70\x66\x2e\x63\0\x69\x6e\x74\x20\x42\x50\
\x46\x5f\x50\x52\x4f\x47\x28\x63\x72\x6f\x73\x5f\x68\x61\x6e\x64\x6c\x65\x5f\
\x69\x6e\x65\x74\x5f\x6c\x69\x73\x74\x65\x6e\x2c\0\x20\x20\x69\x66\x20\x28\x72\
\x76\x20\x21\x3d\x20\x30\x29\x20\x7b\0\x20\x20\x73\x74\x72\x75\x63\x74\x20\x74\
\x61\x73\x6b\x5f\x73\x74\x72\x75\x63\x74\x2a\x20\x74\x20\x3d\x20\x28\x73\x74\
\x72\x75\x63\x74\x20\x74\x61\x73\x6b\x5f\x73\x74\x72\x75\x63\x74\x2a\x29\x62\
\x70\x66\x5f\x67\x65\x74\x5f\x63\x75\x72\x72\x65\x6e\x74\x5f\x74\x61\x73\x6b\
\x28\x29\x3b\0\x74\x61\x73\x6b\x5f\x73\x74\x72\x75\x63\x74\0\x74\x68\x72\x65\
\x61\x64\x5f\x69\x6e\x66\x6f\0\x5f\x5f\x73\x74\x61\x74\x65\0\x73\x74\x61\x63\
\x6b\0\x75\x73\x61\x67\x65\0\x66\x6c\x61\x67\x73\0\x70\x74\x72\x61\x63\x65\0\
\x6f\x6e\x5f\x63\x70\x75\0\x77\x61\x6b\x65\x5f\x65\x6e\x74\x72\x79\0\x63\x70\
\x75\0\x77\x61\x6b\x65\x65\x5f\x66\x6c\x69\x70\x73\0\x77\x61\x6b\x65\x65\x5f\
\x66\x6c\x69\x70\x5f\x64\x65\x63\x61\x79\x5f\x74\x73\0\x6c\x61\x73\x74\x5f\x77\
\x61\x6b\x65\x65\0\x72\x65\x63\x65\x6e\x74\x5f\x75\x73\x65\x64\x5f\x63\x70\x75\
\0\x77\x61\x6b\x65\x5f\x63\x70\x75\0\x6f\x6e\x5f\x72\x71\0\x70\x72\x69\x6f\0\
\x73\x74\x61\x74\x69\x63\x5f\x70\x72\x69\x6f\0\x6e\x6f\x72\x6d\x61\x6c\x5f\x70\
\x72\x69\x6f\0\x72\x74\x5f\x70\x72\x69\x6f\x72\x69\x74\x79\0\x73\x63\x68\x65\
\x64\x5f\x63\x6c\x61\x73\x73\0\x73\x65\0\x72\x74\0\x64\x6c\0\x73\x63\x68\x65\
\x64\x5f\x74\x61\x73\x6b\x5f\x67\x72\x6f\x75\x70\0\x75\x63\x6c\x61\x6d\x70\x5f\
\x72\x65\x71\0\x75\x63\x6c\x61\x6d\x70\0\x70\x72\x6f\x63\x5f\x6c\x61\x74\x65\
\x6e\x63\x79\x5f\x73\x65\x6e\x73\x69\x74\x69\x76\x65\0\x73\x74\x61\x74\x73\0\
\x62\x74\x72\x61\x63\x65\x5f\x73\x65\x71\0\x70\x6f\x6c\x69\x63\x79\0\x6e\x72\
\x5f\x63\x70\x75\x73\x5f\x61\x6c\x6c\x6f\x77\x65\x64\0\x63\x70\x75\x73\x5f\x70\
\x74\x72\0\x75\x73\x65\x72\x5f\x63\x70\x75\x73\x5f\x70\x74\x72\0\x63\x70\x75\
\x73\x5f\x6d\x61\x73\x6b\0\x6d\x69\x67\x72\x61\x74\x69\x6f\x6e\x5f\x70\x65\x6e\
\x64\x69\x6e\x67\0\x6d\x69\x67\x72\x61\x74\x69\x6f\x6e\x5f\x64\x69\x73\x61\x62\
\x6c\x65\x64\0\x6d\x69\x67\x72\x61\x74\x69\x6f\x6e\x5f\x66\x6c\x61\x67\x73\0\
\x72\x63\x75\x5f\x72\x65\x61\x64\x5f\x6c\x6f\x63\x6b\x5f\x6e\x65\x73\x74\x69\
\x6e\x67\0\x72\x63\x75\x5f\x72\x65\x61\x64\x5f\x75\x6e\x6c\x6f\x63\x6b\x5f\x73\
\x70\x65\x63\x69\x61\x6c\0\x72\x63\x75\x5f\x6e\x6f\x64\x65\x5f\x65\x6e\x74\x72\
\x79\0\x72\x63\x75\x5f\x62\x6c\x6f\x63\x6b\x65\x64\x5f\x6e\x6f\x64\x65\0\x72\
\x63\x75\x5f\x74\x61\x73\x6b\x73\x5f\x6e\x76\x63\x73\x77\0\x72\x63\x75\x5f\x74\
\x61\x73\x6b\x73\x5f\x68\x6f\x6c\x64\x6f\x75\x74\0\x72\x63\x75\x5f\x74\x61\x73\
\x6b\x73\x5f\x69\x64\x78\0\x72\x63\x75\x5f\x74\x61\x73\x6b\x73\x5f\x69\x64\x6c\
\x65\x5f\x63\x70\x75\0\x72\x63\x75\x5f\x74\x61\x73\x6b\x73\x5f\x68\x6f\x6c\x64\
\x6f\x75\x74\x5f\x6c\x69\x73\x74\0\x74\x72\x63\x5f\x72\x65\x61\x64\x65\x72\x5f\
\x6e\x65\x73\x74\x69\x6e\x67\0\x74\x72\x63\x5f\x69\x70\x69\x5f\x74\x6f\x5f\x63\
\x70\x75\0\x74\x72\x63\x5f\x72\x65\x61\x64\x65\x72\x5f\x73\x70\x65\x63\x69\x61\
\x6c\0\x74\x72\x63\x5f\x72\x65\x61\x64\x65\x72\x5f\x63\x68\x65\x63\x6b\x65\x64\
\0\x74\x72\x63\x5f\x68\x6f\x6c\x64\x6f\x75\x74\x5f\x6c\x69\x73\x74\0\x73\x63\
\x68\x65\x64\x5f\x69\x6e\x66\x6f\0\x74\x61\x73\x6b\x73\0\x70\x75\x73\x68\x61\
\x62\x6c\x65\x5f\x74\x61\x73\x6b\x73\0\x70\x75\x73\x68\x61\x62\x6c\x65\x5f\x64\
\x6c\x5f\x74\x61\x73\x6b\x73\0\x6d\x6d\0\x61\x63\x74\x69\x76\x65\x5f\x6d\x6d\0\
\x76\x6d\x61\x63\x61\x63\x68\x65\0\x72\x73\x73\x5f\x73\x74\x61\x74\0\x65\x78\
\x69\x74\x5f\x73\x74\x61\x74\x65\0\x65\x78\x69\x74\x5f\x63\x6f\x64\x65\0\x65\
\x78\x69\x74\x5f\x73\x69\x67\x6e\x61\x6c\0\x70\x64\x65\x61\x74\x68\x5f\x73\x69\
\x67\x6e\x61\x6c\0\x6a\x6f\x62\x63\x74\x6c\0\x70\x65\x72\x73\x6f\x6e\x61\x6c\
\x69\x74\x79\0\x73\x63\x68\x65\x64\x5f\x72\x65\x73\x65\x74\x5f\x6f\x6e\x5f\x66\
\x6f\x72\x6b\0\x73\x63\x68\x65\x64\x5f\x63\x6f\x6e\x74\x72\x69\x62\x75\x74\x65\
\x73\x5f\x74\x6f\x5f\x6c\x6f\x61\x64\0\x73\x63\x68\x65\x64\x5f\x6d\x69\x67\x72\
\x61\x74\x65\x64\0\x73\x63\x68\x65\x64\x5f\x70\x73\x69\x5f\x77\x61\x6b\x65\x5f\
\x72\x65\x71\x75\x65\x75\x65\0\x73\x63\x68\x65\x64\x5f\x72\x65\x6d\x6f\x74\x65\
\x5f\x77\x61\x6b\x65\x75\x70\0\x69\x6e\x5f\x65\x78\x65\x63\x76\x65\0\x69\x6e\
\x5f\x69\x6f\x77\x61\x69\x74\0\x69\x6e\x5f\x6c\x72\x75\x5f\x66\x61\x75\x6c\x74\
\0\x6e\x6f\x5f\x63\x67\x72\x6f\x75\x70\x5f\x6d\x69\x67\x72\x61\x74\x69\x6f\x6e\
\0\x66\x72\x6f\x7a\x65\x6e\0\x75\x73\x65\x5f\x6d\x65\x6d\x64\x65\x6c\x61\x79\0\
\x69\x6e\x5f\x6d\x65\x6d\x73\x74\x61\x6c\x6c\0\x69\x6e\x5f\x65\x76\x65\x6e\x74\
\x66\x64\0\x61\x74\x6f\x6d\x69\x63\x5f\x66\x6c\x61\x67\x73\0\x72\x65\x73\x74\
\x61\x72\x74\x5f\x62\x6c\x6f\x63\x6b\0\x74\x67\x69\x64\0\x73\x74\x61\x63\x6b\
\x5f\x63\x61\x6e\x61\x72\x79\0\x72\x65\x61\x6c\x5f\x70\x61\x72\x65\x6e\x74\0\
\x70\x61\x72\x65\x6e\x74\0\x63\x68\x69\x6c\x64\x72\x65\x6e\0\x73\x69\x62\x6c\
\x69\x6e\x67\0\x67\x72\x6f\x75\x70\x5f\x6c\x65\x61\x64\x65\x72\0\x70\x74\x72\
\x61\x63\x65\x64\0\x70\x74\x72\x61\x63\x65\x5f\x65\x6e\x74\x72\x79\0\x74\x68\
\x72\x65\x61\x64\x5f\x70\x69\x64\0\x70\x69\x64\x5f\x6c\x69\x6e\x6b\x73\0\x74\
\x68\x72\x65\x61\x64\x5f\x67\x72\x6f\x75\x70\0\x74\x68\x72\x65\x61\x64\x5f\x6e\
\x6f\x64\x65\0\x76\x66\x6f\x72\x6b\x5f\x64\x6f\x6e\x65\0\x73\x65\x74\x5f\x63\
\x68\x69\x6c\x64\x5f\x74\x69\x64\0\x63\x6c\x65\x61\x72\x5f\x63\x68\x69\x6c\x64\
\x5f\x74\x69\x64\0\x70\x66\x5f\x69\x6f\x5f\x77\x6f\x72\x6b\x65\x72\0\x75\x74\
\x69\x6d\x65\0\x73\x74\x69\x6d\x65\0\x67\x74\x69\x6d\x65\0\x70\x72\x65\x76\x5f\
\x63\x70\x75\x74\x69\x6d\x65\0\x6e\x76\x63\x73\x77\0\x6e\x69\x76\x63\x73\x77\0\
\x73\x74\x61\x72\x74\x5f\x62\x6f\x6f\x74\x74\x69\x6d\x65\0\x6d\x69\x6e\x5f\x66\
\x6c\x74\0\x6d\x61\x6a\x5f\x66\x6c\x74\0\x70\x6f\x73\x69\x78\x5f\x63\x70\x75\
\x74\x69\x6d\x65\x72\x73\0\x70\x74\x72\x61\x63\x65\x72\x5f\x63\x72\x65\x64\0\
\x72\x65\x61\x6c\x5f\x63\x72\x65\x64\0\x63\x72\x65\x64\0\x63\x61\x63\x68\x65\
\x64\x5f\x72\x65\x71\x75\x65\x73\x74\x65\x64\x5f\x6b\x65\x79\0\x63\x6f\x6d\x6d\
\0\x6e\x61\x6d\x65\x69\x64\x61\x74\x61\0\x73\x79\x73\x76\x73\x65\x6d\0\x73\x79\
\x73\x76\x73\x68\x6d\0\x6c\x61\x73\x74\x5f\x73\x77\x69\x74\x63\x68\x5f\x63\x6f\
\x75\x6e\x74\0\x6c\x61\x73\x74\x5f\x73\x77\x69\x74\x63\x68\x5f\x74\x69\x6d\x65\
\0\x66\x73\0\x66\x69\x6c\x65\x73\0\x6e\x73\x70\x72\x6f\x78\x79\0\x73\x69\x67\
\x6e\x61\x6c\0\x73\x69\x67\x68\x61\x6e\x64\0\x62\x6c\x6f\x63\x6b\x65\x64\0\x72\
\x65\x61\x6c\x5f\x62\x6c\x6f\x63\x6b\x65\x64\0\x73\x61\x76\x65\x64\x5f\x73\x69\
\x67\x6d\x61\x73\x6b\0\x70\x65\x6e\x64\x69\x6e\x67\0\x73\x61\x73\x5f\x73\x73\
\x5f\x73\x70\0\x73\x61\x73\x5f\x73\x73\x5f\x73\x69\x7a\x65\0\x73\x61\x73\x5f\
\x73\x73\x5f\x66\x6c\x61\x67\x73\0\x74\x61\x73\x6b\x5f\x77\x6f\x72\x6b\x73\0\
\x61\x75\x64\x69\x74\x5f\x63\x6f\x6e\x74\x65\x78\x74\0\x6c\x6f\x67\x69\x6e\x75\
\x69\x64\0\x73\x65\x73\x73\x69\x6f\x6e\x69\x64\0\x73\x65\x63\x63\x6f\x6d\x70\0\
\x73\x79\x73\x63\x61\x6c\x6c\x5f\x64\x69\x73\x70\x61\x74\x63\x68\0\x70\x61\x72\
\x65\x6e\x74\x5f\x65\x78\x65\x63\x5f\x69\x64\0\x73\x65\x6c\x66\x5f\x65\x78\x65\
\x63\x5f\x69\x64\0\x61\x6c\x6c\x6f\x63\x5f\x6c\x6f\x63\x6b\0\x70\x69\x5f\x6c\
\x6f\x63\x6b\0\x77\x61\x6b\x65\x5f\x71\0\x70\x69\x5f\x77\x61\x69\x74\x65\x72\
\x73\0\x70\x69\x5f\x74\x6f\x70\x5f\x74\x61\x73\x6b\0\x70\x69\x5f\x62\x6c\x6f\
\x63\x6b\x65\x64\x5f\x6f\x6e\0\x6a\x6f\x75\x72\x6e\x61\x6c\x5f\x69\x6e\x66\x6f\
\0\x62\x69\x6f\x5f\x6c\x69\x73\x74\0\x70\x6c\x75\x67\0\x72\x65\x63\x6c\x61\x69\
\x6d\x5f\x73\x74\x61\x74\x65\0\x62\x61\x63\x6b\x69\x6e\x67\x5f\x64\x65\x76\x5f\
\x69\x6e\x66\x6f\0\x69\x6f\x5f\x63\x6f\x6e\x74\x65\x78\x74\0\x63\x61\x70\x74\
\x75\x72\x65\x5f\x63\x6f\x6e\x74\x72\x6f\x6c\0\x70\x74\x72\x61\x63\x65\x5f\x6d\
\x65\x73\x73\x61\x67\x65\0\x6c\x61\x73\x74\x5f\x73\x69\x67\x69\x6e\x66\x6f\0\
\x69\x6f\x61\x63\0\x70\x73\x69\x5f\x66\x6c\x61\x67\x73\0\x61\x63\x63\x74\x5f\
\x72\x73\x73\x5f\x6d\x65\x6d\x31\0\x61\x63\x63\x74\x5f\x76\x6d\x5f\x6d\x65\x6d\
\x31\0\x61\x63\x63\x74\x5f\x74\x69\x6d\x65\x78\x70\x64\0\x6d\x65\x6d\x73\x5f\
\x61\x6c\x6c\x6f\x77\x65\x64\0\x6d\x65\x6d\x73\x5f\x61\x6c\x6c\x6f\x77\x65\x64\
\x5f\x73\x65\x71\0\x63\x70\x75\x73\x65\x74\x5f\x6d\x65\x6d\x5f\x73\x70\x72\x65\
\x61\x64\x5f\x72\x6f\x74\x6f\x72\0\x63\x70\x75\x73\x65\x74\x5f\x73\x6c\x61\x62\
\x5f\x73\x70\x72\x65\x61\x64\x5f\x72\x6f\x74\x6f\x72\0\x63\x67\x72\x6f\x75\x70\
\x73\0\x63\x67\x5f\x6c\x69\x73\x74\0\x72\x6f\x62\x75\x73\x74\x5f\x6c\x69\x73\
\x74\0\x63\x6f\x6d\x70\x61\x74\x5f\x72\x6f\x62\x75\x73\x74\x5f\x6c\x69\x73\x74\
\0\x70\x69\x5f\x73\x74\x61\x74\x65\x5f\x6c\x69\x73\x74\0\x70\x69\x5f\x73\x74\
\x61\x74\x65\x5f\x63\x61\x63\x68\x65\0\x66\x75\x74\x65\x78\x5f\x65\x78\x69\x74\
\x5f\x6d\x75\x74\x65\x78\0\x66\x75\x74\x65\x78\x5f\x73\x74\x61\x74\x65\0\x70\
\x65\x72\x66\x5f\x65\x76\x65\x6e\x74\x5f\x63\x74\x78\x70\0\x70\x65\x72\x66\x5f\
\x65\x76\x65\x6e\x74\x5f\x6d\x75\x74\x65\x78\0\x70\x65\x72\x66\x5f\x65\x76\x65\
\x6e\x74\x5f\x6c\x69\x73\x74\0\x72\x73\x65\x71\0\x72\x73\x65\x71\x5f\x73\x69\
\x67\0\x72\x73\x65\x71\x5f\x65\x76\x65\x6e\x74\x5f\x6d\x61\x73\x6b\0\x74\x6c\
\x62\x5f\x75\x62\x63\0\x73\x70\x6c\x69\x63\x65\x5f\x70\x69\x70\x65\0\x74\x61\
\x73\x6b\x5f\x66\x72\x61\x67\0\x6e\x72\x5f\x64\x69\x72\x74\x69\x65\x64\0\x6e\
\x72\x5f\x64\x69\x72\x74\x69\x65\x64\x5f\x70\x61\x75\x73\x65\0\x64\x69\x72\x74\
\x79\x5f\x70\x61\x75\x73\x65\x64\x5f\x77\x68\x65\x6e\0\x74\x69\x6d\x65\x72\x5f\
\x73\x6c\x61\x63\x6b\x5f\x6e\x73\0\x64\x65\x66\x61\x75\x6c\x74\x5f\x74\x69\x6d\
\x65\x72\x5f\x73\x6c\x61\x63\x6b\x5f\x6e\x73\0\x63\x75\x72\x72\x5f\x72\x65\x74\
\x5f\x73\x74\x61\x63\x6b\0\x63\x75\x72\x72\x5f\x72\x65\x74\x5f\x64\x65\x70\x74\
\x68\0\x72\x65\x74\x5f\x73\x74\x61\x63\x6b\0\x66\x74\x72\x61\x63\x65\x5f\x74\
\x69\x6d\x65\x73\x74\x61\x6d\x70\0\x74\x72\x61\x63\x65\x5f\x6f\x76\x65\x72\x72\
\x75\x6e\0\x74\x72\x61\x63\x69\x6e\x67\x5f\x67\x72\x61\x70\x68\x5f\x70\x61\x75\
\x73\x65\0\x74\x72\x61\x63\x65\0\x74\x72\x61\x63\x65\x5f\x72\x65\x63\x75\x72\
\x73\x69\x6f\x6e\0\x74\x68\x72\x6f\x74\x74\x6c\x65\x5f\x71\x75\x65\x75\x65\0\
\x75\x74\x61\x73\x6b\0\x6b\x6d\x61\x70\x5f\x63\x74\x72\x6c\0\x70\x61\x67\x65\
\x66\x61\x75\x6c\x74\x5f\x64\x69\x73\x61\x62\x6c\x65\x64\0\x6f\x6f\x6d\x5f\x72\
\x65\x61\x70\x65\x72\x5f\x6c\x69\x73\x74\0\x6f\x6f\x6d\x5f\x72\x65\x61\x70\x65\
\x72\x5f\x74\x69\x6d\x65\x72\0\x73\x74\x61\x63\x6b\x5f\x76\x6d\x5f\x61\x72\x65\
\x61\0\x73\x74\x61\x63\x6b\x5f\x72\x65\x66\x63\x6f\x75\x6e\x74\0\x73\x65\x63\
\x75\x72\x69\x74\x79\0\x62\x70\x66\x5f\x73\x74\x6f\x72\x61\x67\x65\0\x62\x70\
\x66\x5f\x63\x74\x78\0\x6b\x72\x65\x74\x70\x72\x6f\x62\x65\x5f\x69\x6e\x73\x74\
\x61\x6e\x63\x65\x73\0\x74\x68\x72\x65\x61\x64\0\x74\x74\x62\x72\x30\0\x6e\x72\
\x5f\x73\x79\x73\x63\x61\x6c\x6c\x73\0\x73\x79\x73\x5f\x63\x61\x6c\x6c\x5f\x74\
\x61\x62\x6c\x65\0\x63\x6f\x6d\x70\x61\x74\x5f\x6e\x72\x5f\x73\x79\x73\x63\x61\
\x6c\x6c\x73\0\x63\x6f\x6d\x70\x61\x74\x5f\x73\x79\x73\x5f\x63\x61\x6c\x6c\x5f\
\x74\x61\x62\x6c\x65\0\x75\x6e\x73\x69\x67\x6e\x65\x64\x20\x6c\x6f\x6e\x67\0\
\x70\x72\x65\x65\x6d\x70\x74\x5f\x63\x6f\x75\x6e\x74\0\x70\x72\x65\x65\x6d\x70\
\x74\0\x63\x6f\x75\x6e\x74\0\x6e\x65\x65\x64\x5f\x72\x65\x73\x63\x68\x65\x64\0\
\x72\x65\x66\x63\x6f\x75\x6e\x74\x5f\x74\0\x72\x65\x66\x63\x6f\x75\x6e\x74\x5f\
\x73\x74\x72\x75\x63\x74\0\x72\x65\x66\x73\0\x61\x74\x6f\x6d\x69\x63\x5f\x74\0\
\x63\x6f\x75\x6e\x74\x65\x72\0\x5f\x5f\x63\x61\x6c\x6c\x5f\x73\x69\x6e\x67\x6c\
\x65\x5f\x6e\x6f\x64\x65\0\x6c\x6c\x69\x73\x74\0\x73\x72\x63\0\x64\x73\x74\0\
\x6c\x6c\x69\x73\x74\x5f\x6e\x6f\x64\x65\0\x6e\x65\x78\x74\0\x75\x5f\x66\x6c\
\x61\x67\x73\0\x61\x5f\x66\x6c\x61\x67\x73\0\x73\x63\x68\x65\x64\x5f\x65\x6e\
\x74\x69\x74\x79\0\x6c\x6f\x61\x64\0\x72\x75\x6e\x5f\x6e\x6f\x64\x65\0\x67\x72\
\x6f\x75\x70\x5f\x6e\x6f\x64\x65\0\x65\x78\x65\x63\x5f\x73\x74\x61\x72\x74\0\
\x73\x75\x6d\x5f\x65\x78\x65\x63\x5f\x72\x75\x6e\x74\x69\x6d\x65\0\x76\x72\x75\
\x6e\x74\x69\x6d\x65\0\x70\x72\x65\x76\x5f\x73\x75\x6d\x5f\x65\x78\x65\x63\x5f\
\x72\x75\x6e\x74\x69\x6d\x65\0\x6e\x72\x5f\x6d\x69\x67\x72\x61\x74\x69\x6f\x6e\
\x73\0\x64\x65\x70\x74\x68\0\x63\x66\x73\x5f\x72\x71\0\x6d\x79\x5f\x71\0\x72\
\x75\x6e\x6e\x61\x62\x6c\x65\x5f\x77\x65\x69\x67\x68\x74\0\x61\x76\x67\0\x6c\
\x6f\x61\x64\x5f\x77\x65\x69\x67\x68\x74\0\x77\x65\x69\x67\x68\x74\0\x69\x6e\
\x76\x5f\x77\x65\x69\x67\x68\x74\0\x72\x62\x5f\x6e\x6f\x64\x65\0\x5f\x5f\x72\
\x62\x5f\x70\x61\x72\x65\x6e\x74\x5f\x63\x6f\x6c\x6f\x72\0\x72\x62\x5f\x72\x69\
\x67\x68\x74\0\x72\x62\x5f\x6c\x65\x66\x74\0\x6c\x69\x73\x74\x5f\x68\x65\x61\
\x64\0\x70\x72\x65\x76\0\x73\x63\x68\x65\x64\x5f\x61\x76\x67\0\x6c\x61\x73\x74\
\x5f\x75\x70\x64\x61\x74\x65\x5f\x74\x69\x6d\x65\0\x6c\x6f\x61\x64\x5f\x73\x75\
\x6d\0\x72\x75\x6e\x6e\x61\x62\x6c\x65\x5f\x73\x75\x6d\0\x75\x74\x69\x6c\x5f\
\x73\x75\x6d\0\x70\x65\x72\x69\x6f\x64\x5f\x63\x6f\x6e\x74\x72\x69\x62\0\x6c\
\x6f\x61\x64\x5f\x61\x76\x67\0\x72\x75\x6e\x6e\x61\x62\x6c\x65\x5f\x61\x76\x67\
\0\x75\x74\x69\x6c\x5f\x61\x76\x67\0\x75\x74\x69\x6c\x5f\x67\x75\x65\x73\x74\0\
\x75\x74\x69\x6c\x5f\x65\x73\x74\0\x65\x6e\x71\x75\x65\x75\x65\x64\0\x65\x77\
\x6d\x61\0\x73\x63\x68\x65\x64\x5f\x72\x74\x5f\x65\x6e\x74\x69\x74\x79\0\x72\
\x75\x6e\x5f\x6c\x69\x73\x74\0\x74\x69\x6d\x65\x6f\x75\x74\0\x77\x61\x74\x63\
\x68\x64\x6f\x67\x5f\x73\x74\x61\x6d\x70\0\x74\x69\x6d\x65\x5f\x73\x6c\x69\x63\
\x65\0\x6f\x6e\x5f\x6c\x69\x73\x74\0\x62\x61\x63\x6b\0\x73\x63\x68\x65\x64\x5f\
\x64\x6c\x5f\x65\x6e\x74\x69\x74\x79\0\x64\x6c\x5f\x72\x75\x6e\x74\x69\x6d\x65\
\0\x64\x6c\x5f\x64\x65\x61\x64\x6c\x69\x6e\x65\0\x64\x6c\x5f\x70\x65\x72\x69\
\x6f\x64\0\x64\x6c\x5f\x62\x77\0\x64\x6c\x5f\x64\x65\x6e\x73\x69\x74\x79\0\x72\
\x75\x6e\x74\x69\x6d\x65\0\x64\x65\x61\x64\x6c\x69\x6e\x65\0\x64\x6c\x5f\x74\
\x68\x72\x6f\x74\x74\x6c\x65\x64\0\x64\x6c\x5f\x79\x69\x65\x6c\x64\x65\x64\0\
\x64\x6c\x5f\x6e\x6f\x6e\x5f\x63\x6f\x6e\x74\x65\x6e\x64\x69\x6e\x67\0\x64\x6c\
\x5f\x6f\x76\x65\x72\x72\x75\x6e\0\x64\x6c\x5f\x74\x69\x6d\x65\x72\0\x69\x6e\
\x61\x63\x74\x69\x76\x65\x5f\x74\x69\x6d\x65\x72\0\x70\x69\x5f\x73\x65\0\x68\
\x72\x74\x69\x6d\x65\x72\0\x6e\x6f\x64\x65\0\x5f\x73\x6f\x66\x74\x65\x78\x70\
\x69\x72\x65\x73\0\x66\x75\x6e\x63\x74\x69\x6f\x6e\0\x62\x61\x73\x65\0\x73\x74\
\x61\x74\x65\0\x69\x73\x5f\x72\x65\x6c\0\x69\x73\x5f\x73\x6f\x66\x74\0\x69\x73\
\x5f\x68\x61\x72\x64\0\x74\x69\x6d\x65\x72\x71\x75\x65\x75\x65\x5f\x6e\x6f\x64\
\x65\0\x65\x78\x70\x69\x72\x65\x73\0\x6b\x74\x69\x6d\x65\x5f\x74\0\x68\x72\x74\
\x69\x6d\x65\x72\x5f\x72\x65\x73\x74\x61\x72\x74\0\x48\x52\x54\x49\x4d\x45\x52\
\x5f\x4e\x4f\x52\x45\x53\x54\x41\x52\x54\0\x48\x52\x54\x49\x4d\x45\x52\x5f\x52\
\x45\x53\x54\x41\x52\x54\0\x75\x63\x6c\x61\x6d\x70\x5f\x73\x65\0\x62\x75\x63\
\x6b\x65\x74\x5f\x69\x64\0\x61\x63\x74\x69\x76\x65\0\x75\x73\x65\x72\x5f\x64\
\x65\x66\x69\x6e\x65\x64\0\x73\x63\x68\x65\x64\x5f\x73\x74\x61\x74\x69\x73\x74\
\x69\x63\x73\0\x77\x61\x69\x74\x5f\x73\x74\x61\x72\x74\0\x77\x61\x69\x74\x5f\
\x6d\x61\x78\0\x77\x61\x69\x74\x5f\x63\x6f\x75\x6e\x74\0\x77\x61\x69\x74\x5f\
\x73\x75\x6d\0\x69\x6f\x77\x61\x69\x74\x5f\x63\x6f\x75\x6e\x74\0\x69\x6f\x77\
\x61\x69\x74\x5f\x73\x75\x6d\0\x73\x6c\x65\x65\x70\x5f\x73\x74\x61\x72\x74\0\
\x73\x6c\x65\x65\x70\x5f\x6d\x61\x78\0\x73\x75\x6d\x5f\x73\x6c\x65\x65\x70\x5f\
\x72\x75\x6e\x74\x69\x6d\x65\0\x62\x6c\x6f\x63\x6b\x5f\x73\x74\x61\x72\x74\0\
\x62\x6c\x6f\x63\x6b\x5f\x6d\x61\x78\0\x65\x78\x65\x63\x5f\x6d\x61\x78\0\x73\
\x6c\x69\x63\x65\x5f\x6d\x61\x78\0\x6e\x72\x5f\x6d\x69\x67\x72\x61\x74\x69\x6f\
\x6e\x73\x5f\x63\x6f\x6c\x64\0\x6e\x72\x5f\x66\x61\x69\x6c\x65\x64\x5f\x6d\x69\
\x67\x72\x61\x74\x69\x6f\x6e\x73\x5f\x61\x66\x66\x69\x6e\x65\0\x6e\x72\x5f\x66\
\x61\x69\x6c\x65\x64\x5f\x6d\x69\x67\x72\x61\x74\x69\x6f\x6e\x73\x5f\x72\x75\
\x6e\x6e\x69\x6e\x67\0\x6e\x72\x5f\x66\x61\x69\x6c\x65\x64\x5f\x6d\x69\x67\x72\
\x61\x74\x69\x6f\x6e\x73\x5f\x68\x6f\x74\0\x6e\x72\x5f\x66\x6f\x72\x63\x65\x64\
\x5f\x6d\x69\x67\x72\x61\x74\x69\x6f\x6e\x73\0\x6e\x72\x5f\x77\x61\x6b\x65\x75\
\x70\x73\0\x6e\x72\x5f\x77\x61\x6b\x65\x75\x70\x73\x5f\x73\x79\x6e\x63\0\x6e\
\x72\x5f\x77\x61\x6b\x65\x75\x70\x73\x5f\x6d\x69\x67\x72\x61\x74\x65\0\x6e\x72\
\x5f\x77\x61\x6b\x65\x75\x70\x73\x5f\x6c\x6f\x63\x61\x6c\0\x6e\x72\x5f\x77\x61\
\x6b\x65\x75\x70\x73\x5f\x72\x65\x6d\x6f\x74\x65\0\x6e\x72\x5f\x77\x61\x6b\x65\
\x75\x70\x73\x5f\x61\x66\x66\x69\x6e\x65\0\x6e\x72\x5f\x77\x61\x6b\x65\x75\x70\
\x73\x5f\x61\x66\x66\x69\x6e\x65\x5f\x61\x74\x74\x65\x6d\x70\x74\x73\0\x6e\x72\
\x5f\x77\x61\x6b\x65\x75\x70\x73\x5f\x70\x61\x73\x73\x69\x76\x65\0\x6e\x72\x5f\
\x77\x61\x6b\x65\x75\x70\x73\x5f\x69\x64\x6c\x65\0\x63\x70\x75\x6d\x61\x73\x6b\
\x5f\x74\0\x63\x70\x75\x6d\x61\x73\x6b\0\x62\x69\x74\x73\0\x72\x63\x75\x5f\x73\
\x70\x65\x63\x69\x61\x6c\0\x62\0\x73\0\x6e\x65\x65\x64\x5f\x71\x73\0\x65\x78\
\x70\x5f\x68\x69\x6e\x74\0\x6e\x65\x65\x64\x5f\x6d\x62\0\x70\x63\x6f\x75\x6e\
\x74\0\x72\x75\x6e\x5f\x64\x65\x6c\x61\x79\0\x6c\x61\x73\x74\x5f\x61\x72\x72\
\x69\x76\x61\x6c\0\x6c\x61\x73\x74\x5f\x71\x75\x65\x75\x65\x64\0\x70\x6c\x69\
\x73\x74\x5f\x6e\x6f\x64\x65\0\x70\x72\x69\x6f\x5f\x6c\x69\x73\x74\0\x6e\x6f\
\x64\x65\x5f\x6c\x69\x73\x74\0\x73\x65\x71\x6e\x75\x6d\0\x76\x6d\x61\x73\0\x76\
\x6d\x5f\x61\x72\x65\x61\x5f\x73\x74\x72\x75\x63\x74\0\x76\x6d\x5f\x73\x74\x61\
\x72\x74\0\x76\x6d\x5f\x65\x6e\x64\0\x76\x6d\x5f\x6e\x65\x78\x74\0\x76\x6d\x5f\
\x70\x72\x65\x76\0\x76\x6d\x5f\x72\x62\0\x72\x62\x5f\x73\x75\x62\x74\x72\x65\
\x65\x5f\x67\x61\x70\0\x76\x6d\x5f\x6d\x6d\0\x76\x6d\x5f\x70\x61\x67\x65\x5f\
\x70\x72\x6f\x74\0\x76\x6d\x5f\x66\x6c\x61\x67\x73\0\x61\x6e\x6f\x6e\x5f\x76\
\x6d\x61\x5f\x63\x68\x61\x69\x6e\0\x61\x6e\x6f\x6e\x5f\x76\x6d\x61\0\x76\x6d\
\x5f\x6f\x70\x73\0\x76\x6d\x5f\x70\x67\x6f\x66\x66\0\x76\x6d\x5f\x66\x69\x6c\
\x65\0\x76\x6d\x5f\x70\x72\x69\x76\x61\x74\x65\x5f\x64\x61\x74\x61\0\x73\x77\
\x61\x70\x5f\x72\x65\x61\x64\x61\x68\x65\x61\x64\x5f\x69\x6e\x66\x6f\0\x76\x6d\
\x5f\x75\x73\x65\x72\x66\x61\x75\x6c\x74\x66\x64\x5f\x63\x74\x78\0\x70\x67\x70\
\x72\x6f\x74\x5f\x74\0\x70\x67\x70\x72\x6f\x74\0\x70\x74\x65\x76\x61\x6c\x5f\
\x74\0\x73\x68\x61\x72\x65\x64\0\x61\x6e\x6f\x6e\x5f\x6e\x61\x6d\x65\0\x72\x62\
\x5f\x73\x75\x62\x74\x72\x65\x65\x5f\x6c\x61\x73\x74\0\x61\x74\x6f\x6d\x69\x63\
\x5f\x6c\x6f\x6e\x67\x5f\x74\0\x61\x74\x6f\x6d\x69\x63\x36\x34\x5f\x74\0\x74\
\x61\x73\x6b\x5f\x72\x73\x73\x5f\x73\x74\x61\x74\0\x65\x76\x65\x6e\x74\x73\0\
\x61\x72\x63\x68\x5f\x64\x61\x74\x61\0\x66\x6e\0\x6c\x6f\x6e\x67\0\x66\x75\x74\
\x65\x78\0\x6e\x61\x6e\x6f\x73\x6c\x65\x65\x70\0\x70\x6f\x6c\x6c\0\x75\x61\x64\
\x64\x72\0\x76\x61\x6c\0\x62\x69\x74\x73\x65\x74\0\x74\x69\x6d\x65\0\x75\x61\
\x64\x64\x72\x32\0\x63\x6c\x6f\x63\x6b\x69\x64\0\x63\x6c\x6f\x63\x6b\x69\x64\
\x5f\x74\0\x5f\x5f\x6b\x65\x72\x6e\x65\x6c\x5f\x63\x6c\x6f\x63\x6b\x69\x64\x5f\
\x74\0\x74\x69\x6d\x65\x73\x70\x65\x63\x5f\x74\x79\x70\x65\0\x54\x54\x5f\x4e\
\x4f\x4e\x45\0\x54\x54\x5f\x4e\x41\x54\x49\x56\x45\0\x54\x54\x5f\x43\x4f\x4d\
\x50\x41\x54\0\x72\x6d\x74\x70\0\x63\x6f\x6d\x70\x61\x74\x5f\x72\x6d\x74\x70\0\
\x75\x66\x64\x73\0\x6e\x66\x64\x73\0\x68\x61\x73\x5f\x74\x69\x6d\x65\x6f\x75\
\x74\0\x74\x76\x5f\x73\x65\x63\0\x74\x76\x5f\x6e\x73\x65\x63\0\x70\x69\x64\x5f\
\x74\0\x5f\x5f\x6b\x65\x72\x6e\x65\x6c\x5f\x70\x69\x64\x5f\x74\0\x68\x6c\x69\
\x73\x74\x5f\x6e\x6f\x64\x65\0\x70\x70\x72\x65\x76\0\x6c\x6f\x63\x6b\0\x72\x61\
\x77\x5f\x73\x70\x69\x6e\x6c\x6f\x63\x6b\x5f\x74\0\x72\x61\x77\x5f\x73\x70\x69\
\x6e\x6c\x6f\x63\x6b\0\x72\x61\x77\x5f\x6c\x6f\x63\x6b\0\x61\x72\x63\x68\x5f\
\x73\x70\x69\x6e\x6c\x6f\x63\x6b\x5f\x74\0\x71\x73\x70\x69\x6e\x6c\x6f\x63\x6b\
\0\x6c\x6f\x63\x6b\x65\x64\0\x6c\x6f\x63\x6b\x65\x64\x5f\x70\x65\x6e\x64\x69\
\x6e\x67\0\x74\x61\x69\x6c\0\x62\x61\x73\x65\x73\0\x74\x69\x6d\x65\x72\x73\x5f\
\x61\x63\x74\x69\x76\x65\0\x65\x78\x70\x69\x72\x79\x5f\x61\x63\x74\x69\x76\x65\
\0\x70\x6f\x73\x69\x78\x5f\x63\x70\x75\x74\x69\x6d\x65\x72\x5f\x62\x61\x73\x65\
\0\x6e\x65\x78\x74\x65\x76\x74\0\x74\x71\x68\x65\x61\x64\0\x74\x69\x6d\x65\x72\
\x71\x75\x65\x75\x65\x5f\x68\x65\x61\x64\0\x72\x62\x5f\x72\x6f\x6f\x74\0\x72\
\x62\x5f\x72\x6f\x6f\x74\x5f\x63\x61\x63\x68\x65\x64\0\x72\x62\x5f\x6c\x65\x66\
\x74\x6d\x6f\x73\x74\0\x73\x75\x62\x73\x63\x72\x69\x62\x65\x72\x73\0\x70\x75\
\x74\x5f\x61\x64\x64\x72\0\x6d\x61\x67\x69\x63\0\x73\x75\x69\x64\0\x73\x67\x69\
\x64\0\x65\x75\x69\x64\0\x65\x67\x69\x64\0\x66\x73\x75\x69\x64\0\x66\x73\x67\
\x69\x64\0\x73\x65\x63\x75\x72\x65\x62\x69\x74\x73\0\x63\x61\x70\x5f\x69\x6e\
\x68\x65\x72\x69\x74\x61\x62\x6c\x65\0\x63\x61\x70\x5f\x70\x65\x72\x6d\x69\x74\
\x74\x65\x64\0\x63\x61\x70\x5f\x65\x66\x66\x65\x63\x74\x69\x76\x65\0\x63\x61\
\x70\x5f\x62\x73\x65\x74\0\x63\x61\x70\x5f\x61\x6d\x62\x69\x65\x6e\x74\0\x6a\
\x69\x74\x5f\x6b\x65\x79\x72\x69\x6e\x67\0\x73\x65\x73\x73\x69\x6f\x6e\x5f\x6b\
\x65\x79\x72\x69\x6e\x67\0\x70\x72\x6f\x63\x65\x73\x73\x5f\x6b\x65\x79\x72\x69\
\x6e\x67\0\x74\x68\x72\x65\x61\x64\x5f\x6b\x65\x79\x72\x69\x6e\x67\0\x72\x65\
\x71\x75\x65\x73\x74\x5f\x6b\x65\x79\x5f\x61\x75\x74\x68\0\x75\x73\x65\x72\0\
\x75\x73\x65\x72\x5f\x6e\x73\0\x75\x63\x6f\x75\x6e\x74\x73\0\x67\x72\x6f\x75\
\x70\x5f\x69\x6e\x66\x6f\0\x6b\x75\x69\x64\x5f\x74\0\x75\x69\x64\x5f\x74\0\x5f\
\x5f\x6b\x65\x72\x6e\x65\x6c\x5f\x75\x69\x64\x33\x32\x5f\x74\0\x6b\x67\x69\x64\
\x5f\x74\0\x67\x69\x64\x5f\x74\0\x5f\x5f\x6b\x65\x72\x6e\x65\x6c\x5f\x67\x69\
\x64\x33\x32\x5f\x74\0\x6b\x65\x72\x6e\x65\x6c\x5f\x63\x61\x70\x5f\x74\0\x6b\
\x65\x72\x6e\x65\x6c\x5f\x63\x61\x70\x5f\x73\x74\x72\x75\x63\x74\0\x63\x61\x70\
\0\x6e\x6f\x6e\x5f\x72\x63\x75\0\x72\x63\x75\0\x63\x61\x6c\x6c\x62\x61\x63\x6b\
\x5f\x68\x65\x61\x64\0\x66\x75\x6e\x63\0\x73\x79\x73\x76\x5f\x73\x65\x6d\0\x75\
\x6e\x64\x6f\x5f\x6c\x69\x73\x74\0\x73\x79\x73\x76\x5f\x73\x68\x6d\0\x73\x68\
\x6d\x5f\x63\x6c\x69\x73\x74\0\x73\x69\x67\x73\x65\x74\x5f\x74\0\x73\x69\x67\0\
\x73\x69\x67\x70\x65\x6e\x64\x69\x6e\x67\0\x6c\x69\x73\x74\0\x73\x69\x7a\x65\
\x5f\x74\0\x5f\x5f\x6b\x65\x72\x6e\x65\x6c\x5f\x73\x69\x7a\x65\x5f\x74\0\x5f\
\x5f\x6b\x65\x72\x6e\x65\x6c\x5f\x75\x6c\x6f\x6e\x67\x5f\x74\0\x6d\x6f\x64\x65\
\0\x66\x69\x6c\x74\x65\x72\x5f\x63\x6f\x75\x6e\x74\0\x66\x69\x6c\x74\x65\x72\0\
\x73\x79\x73\x63\x61\x6c\x6c\x5f\x75\x73\x65\x72\x5f\x64\x69\x73\x70\x61\x74\
\x63\x68\0\x73\x70\x69\x6e\x6c\x6f\x63\x6b\x5f\x74\0\x73\x70\x69\x6e\x6c\x6f\
\x63\x6b\0\x72\x6c\x6f\x63\x6b\0\x77\x61\x6b\x65\x5f\x71\x5f\x6e\x6f\x64\x65\0\
\x6b\x65\x72\x6e\x65\x6c\x5f\x73\x69\x67\x69\x6e\x66\x6f\x5f\x74\0\x74\x61\x73\
\x6b\x5f\x69\x6f\x5f\x61\x63\x63\x6f\x75\x6e\x74\x69\x6e\x67\0\x72\x63\x68\x61\
\x72\0\x77\x63\x68\x61\x72\0\x73\x79\x73\x63\x72\0\x73\x79\x73\x63\x77\0\x73\
\x79\x73\x63\x66\x73\0\x72\x65\x61\x64\x5f\x62\x79\x74\x65\x73\0\x77\x72\x69\
\x74\x65\x5f\x62\x79\x74\x65\x73\0\x63\x61\x6e\x63\x65\x6c\x6c\x65\x64\x5f\x77\
\x72\x69\x74\x65\x5f\x62\x79\x74\x65\x73\0\x6e\x6f\x64\x65\x6d\x61\x73\x6b\x5f\
\x74\0\x73\x65\x71\x63\x6f\x75\x6e\x74\x5f\x73\x70\x69\x6e\x6c\x6f\x63\x6b\x5f\
\x74\0\x73\x65\x71\x63\x6f\x75\x6e\x74\x5f\x73\x70\x69\x6e\x6c\x6f\x63\x6b\0\
\x73\x65\x71\x63\x6f\x75\x6e\x74\0\x73\x65\x71\x63\x6f\x75\x6e\x74\x5f\x74\0\
\x73\x65\x71\x75\x65\x6e\x63\x65\0\x6d\x75\x74\x65\x78\0\x6f\x77\x6e\x65\x72\0\
\x77\x61\x69\x74\x5f\x6c\x6f\x63\x6b\0\x6f\x73\x71\0\x77\x61\x69\x74\x5f\x6c\
\x69\x73\x74\0\x6f\x70\x74\x69\x6d\x69\x73\x74\x69\x63\x5f\x73\x70\x69\x6e\x5f\
\x71\x75\x65\x75\x65\0\x70\x65\x72\x66\x5f\x65\x76\x65\x6e\x74\x5f\x63\x6f\x6e\
\x74\x65\x78\x74\0\x70\x6d\x75\0\x61\x63\x74\x69\x76\x65\x5f\x63\x74\x78\x5f\
\x6c\x69\x73\x74\0\x70\x69\x6e\x6e\x65\x64\x5f\x67\x72\x6f\x75\x70\x73\0\x66\
\x6c\x65\x78\x69\x62\x6c\x65\x5f\x67\x72\x6f\x75\x70\x73\0\x65\x76\x65\x6e\x74\
\x5f\x6c\x69\x73\x74\0\x70\x69\x6e\x6e\x65\x64\x5f\x61\x63\x74\x69\x76\x65\0\
\x66\x6c\x65\x78\x69\x62\x6c\x65\x5f\x61\x63\x74\x69\x76\x65\0\x6e\x72\x5f\x65\
\x76\x65\x6e\x74\x73\0\x6e\x72\x5f\x61\x63\x74\x69\x76\x65\0\x69\x73\x5f\x61\
\x63\x74\x69\x76\x65\0\x6e\x72\x5f\x73\x74\x61\x74\0\x6e\x72\x5f\x66\x72\x65\
\x71\0\x72\x6f\x74\x61\x74\x65\x5f\x64\x69\x73\x61\x62\x6c\x65\0\x72\x6f\x74\
\x61\x74\x65\x5f\x6e\x65\x63\x65\x73\x73\x61\x72\x79\0\x72\x65\x66\x63\x6f\x75\
\x6e\x74\0\x74\x61\x73\x6b\0\x74\x69\x6d\x65\x73\x74\x61\x6d\x70\0\x74\x69\x6d\
\x65\x6f\x66\x66\x73\x65\x74\0\x70\x61\x72\x65\x6e\x74\x5f\x63\x74\x78\0\x70\
\x61\x72\x65\x6e\x74\x5f\x67\x65\x6e\0\x67\x65\x6e\x65\x72\x61\x74\x69\x6f\x6e\
\0\x70\x69\x6e\x5f\x63\x6f\x75\x6e\x74\0\x74\x61\x73\x6b\x5f\x63\x74\x78\x5f\
\x64\x61\x74\x61\0\x6e\x72\x5f\x70\x65\x6e\x64\x69\x6e\x67\0\x70\x65\x72\x66\
\x5f\x65\x76\x65\x6e\x74\x5f\x67\x72\x6f\x75\x70\x73\0\x74\x72\x65\x65\0\x69\
\x6e\x64\x65\x78\0\x6c\x6f\x63\x61\x6c\x5f\x74\0\x61\0\x74\x6c\x62\x66\x6c\x75\
\x73\x68\x5f\x75\x6e\x6d\x61\x70\x5f\x62\x61\x74\x63\x68\0\x72\x63\x75\x5f\x75\
\x73\x65\x72\x73\0\x70\x61\x67\x65\x5f\x66\x72\x61\x67\0\x70\x61\x67\x65\0\x6f\
\x66\x66\x73\x65\x74\0\x73\x69\x7a\x65\0\x74\x69\x6d\x65\x72\x5f\x6c\x69\x73\
\x74\0\x65\x6e\x74\x72\x79\0\x6c\x6c\x69\x73\x74\x5f\x68\x65\x61\x64\0\x66\x69\
\x72\x73\x74\0\x74\x68\x72\x65\x61\x64\x5f\x73\x74\x72\x75\x63\x74\0\x63\x70\
\x75\x5f\x63\x6f\x6e\x74\x65\x78\x74\0\x75\x77\0\x66\x70\x73\x69\x6d\x64\x5f\
\x63\x70\x75\0\x73\x76\x65\x5f\x73\x74\x61\x74\x65\0\x73\x76\x65\x5f\x76\x6c\0\
\x73\x76\x65\x5f\x76\x6c\x5f\x6f\x6e\x65\x78\x65\x63\0\x66\x61\x75\x6c\x74\x5f\
\x61\x64\x64\x72\x65\x73\x73\0\x66\x61\x75\x6c\x74\x5f\x63\x6f\x64\x65\0\x64\
\x65\x62\x75\x67\0\x6b\x65\x79\x73\x5f\x75\x73\x65\x72\0\x6b\x65\x79\x73\x5f\
\x6b\x65\x72\x6e\x65\x6c\0\x6d\x74\x65\x5f\x63\x74\x72\x6c\0\x73\x63\x74\x6c\
\x72\x5f\x75\x73\x65\x72\0\x78\x31\x39\0\x78\x32\x30\0\x78\x32\x31\0\x78\x32\
\x32\0\x78\x32\x33\0\x78\x32\x34\0\x78\x32\x35\0\x78\x32\x36\0\x78\x32\x37\0\
\x78\x32\x38\0\x66\x70\0\x73\x70\0\x70\x63\0\x74\x70\x5f\x76\x61\x6c\x75\x65\0\
\x74\x70\x32\x5f\x76\x61\x6c\x75\x65\0\x66\x70\x73\x69\x6d\x64\x5f\x73\x74\x61\
\x74\x65\0\x75\x73\x65\x72\x5f\x66\x70\x73\x69\x6d\x64\x5f\x73\x74\x61\x74\x65\
\0\x76\x72\x65\x67\x73\0\x66\x70\x73\x72\0\x66\x70\x63\x72\0\x5f\x5f\x72\x65\
\x73\x65\x72\x76\x65\x64\0\x5f\x5f\x75\x69\x6e\x74\x31\x32\x38\x5f\x74\0\x75\
\x6e\x73\x69\x67\x6e\x65\x64\x20\x5f\x5f\x69\x6e\x74\x31\x32\x38\0\x64\x65\x62\
\x75\x67\x5f\x69\x6e\x66\x6f\0\x73\x75\x73\x70\x65\x6e\x64\x65\x64\x5f\x73\x74\
\x65\x70\0\x62\x70\x73\x5f\x64\x69\x73\x61\x62\x6c\x65\x64\0\x77\x70\x73\x5f\
\x64\x69\x73\x61\x62\x6c\x65\x64\0\x68\x62\x70\x5f\x62\x72\x65\x61\x6b\0\x68\
\x62\x70\x5f\x77\x61\x74\x63\x68\0\x70\x65\x72\x66\x5f\x65\x76\x65\x6e\x74\0\
\x65\x76\x65\x6e\x74\x5f\x65\x6e\x74\x72\x79\0\x73\x69\x62\x6c\x69\x6e\x67\x5f\
\x6c\x69\x73\x74\0\x61\x63\x74\x69\x76\x65\x5f\x6c\x69\x73\x74\0\x67\x72\x6f\
\x75\x70\x5f\x69\x6e\x64\x65\x78\0\x6d\x69\x67\x72\x61\x74\x65\x5f\x65\x6e\x74\
\x72\x79\0\x68\x6c\x69\x73\x74\x5f\x65\x6e\x74\x72\x79\0\x61\x63\x74\x69\x76\
\x65\x5f\x65\x6e\x74\x72\x79\0\x6e\x72\x5f\x73\x69\x62\x6c\x69\x6e\x67\x73\0\
\x65\x76\x65\x6e\x74\x5f\x63\x61\x70\x73\0\x67\x72\x6f\x75\x70\x5f\x63\x61\x70\
\x73\0\x70\x6d\x75\x5f\x70\x72\x69\x76\x61\x74\x65\0\x61\x74\x74\x61\x63\x68\
\x5f\x73\x74\x61\x74\x65\0\x63\x68\x69\x6c\x64\x5f\x63\x6f\x75\x6e\x74\0\x74\
\x6f\x74\x61\x6c\x5f\x74\x69\x6d\x65\x5f\x65\x6e\x61\x62\x6c\x65\x64\0\x74\x6f\
\x74\x61\x6c\x5f\x74\x69\x6d\x65\x5f\x72\x75\x6e\x6e\x69\x6e\x67\0\x74\x73\x74\
\x61\x6d\x70\0\x61\x74\x74\x72\0\x68\x65\x61\x64\x65\x72\x5f\x73\x69\x7a\x65\0\
\x69\x64\x5f\x68\x65\x61\x64\x65\x72\x5f\x73\x69\x7a\x65\0\x72\x65\x61\x64\x5f\
\x73\x69\x7a\x65\0\x68\x77\0\x63\x68\x69\x6c\x64\x5f\x74\x6f\x74\x61\x6c\x5f\
\x74\x69\x6d\x65\x5f\x65\x6e\x61\x62\x6c\x65\x64\0\x63\x68\x69\x6c\x64\x5f\x74\
\x6f\x74\x61\x6c\x5f\x74\x69\x6d\x65\x5f\x72\x75\x6e\x6e\x69\x6e\x67\0\x63\x68\
\x69\x6c\x64\x5f\x6d\x75\x74\x65\x78\0\x63\x68\x69\x6c\x64\x5f\x6c\x69\x73\x74\
\0\x6f\x6e\x63\x70\x75\0\x6f\x77\x6e\x65\x72\x5f\x65\x6e\x74\x72\x79\0\x6d\x6d\
\x61\x70\x5f\x6d\x75\x74\x65\x78\0\x6d\x6d\x61\x70\x5f\x63\x6f\x75\x6e\x74\0\
\x72\x62\x5f\x65\x6e\x74\x72\x79\0\x72\x63\x75\x5f\x62\x61\x74\x63\x68\x65\x73\
\0\x72\x63\x75\x5f\x70\x65\x6e\x64\x69\x6e\x67\0\x77\x61\x69\x74\x71\0\x66\x61\
\x73\x79\x6e\x63\0\x70\x65\x6e\x64\x69\x6e\x67\x5f\x77\x61\x6b\x65\x75\x70\0\
\x70\x65\x6e\x64\x69\x6e\x67\x5f\x6b\x69\x6c\x6c\0\x70\x65\x6e\x64\x69\x6e\x67\
\x5f\x64\x69\x73\x61\x62\x6c\x65\0\x70\x65\x6e\x64\x69\x6e\x67\x5f\x73\x69\x67\
\x74\x72\x61\x70\0\x70\x65\x6e\x64\x69\x6e\x67\x5f\x61\x64\x64\x72\0\x70\x65\
\x6e\x64\x69\x6e\x67\x5f\x69\x72\x71\0\x70\x65\x6e\x64\x69\x6e\x67\x5f\x74\x61\
\x73\x6b\0\x70\x65\x6e\x64\x69\x6e\x67\x5f\x77\x6f\x72\x6b\0\x65\x76\x65\x6e\
\x74\x5f\x6c\x69\x6d\x69\x74\0\x61\x64\x64\x72\x5f\x66\x69\x6c\x74\x65\x72\x73\
\0\x61\x64\x64\x72\x5f\x66\x69\x6c\x74\x65\x72\x5f\x72\x61\x6e\x67\x65\x73\0\
\x61\x64\x64\x72\x5f\x66\x69\x6c\x74\x65\x72\x73\x5f\x67\x65\x6e\0\x61\x75\x78\
\x5f\x65\x76\x65\x6e\x74\0\x64\x65\x73\x74\x72\x6f\x79\0\x6e\x73\0\x69\x64\0\
\x63\x6c\x6f\x63\x6b\0\x6f\x76\x65\x72\x66\x6c\x6f\x77\x5f\x68\x61\x6e\x64\x6c\
\x65\x72\0\x6f\x76\x65\x72\x66\x6c\x6f\x77\x5f\x68\x61\x6e\x64\x6c\x65\x72\x5f\
\x63\x6f\x6e\x74\x65\x78\x74\0\x6f\x72\x69\x67\x5f\x6f\x76\x65\x72\x66\x6c\x6f\
\x77\x5f\x68\x61\x6e\x64\x6c\x65\x72\0\x70\x72\x6f\x67\0\x62\x70\x66\x5f\x63\
\x6f\x6f\x6b\x69\x65\0\x74\x70\x5f\x65\x76\x65\x6e\x74\0\x66\x74\x72\x61\x63\
\x65\x5f\x6f\x70\x73\0\x73\x62\x5f\x6c\x69\x73\x74\0\x70\x65\x72\x66\x5f\x65\
\x76\x65\x6e\x74\x5f\x73\x74\x61\x74\x65\0\x50\x45\x52\x46\x5f\x45\x56\x45\x4e\
\x54\x5f\x53\x54\x41\x54\x45\x5f\x44\x45\x41\x44\0\x50\x45\x52\x46\x5f\x45\x56\
\x45\x4e\x54\x5f\x53\x54\x41\x54\x45\x5f\x45\x58\x49\x54\0\x50\x45\x52\x46\x5f\
\x45\x56\x45\x4e\x54\x5f\x53\x54\x41\x54\x45\x5f\x45\x52\x52\x4f\x52\0\x50\x45\
\x52\x46\x5f\x45\x56\x45\x4e\x54\x5f\x53\x54\x41\x54\x45\x5f\x4f\x46\x46\0\x50\
\x45\x52\x46\x5f\x45\x56\x45\x4e\x54\x5f\x53\x54\x41\x54\x45\x5f\x49\x4e\x41\
\x43\x54\x49\x56\x45\0\x50\x45\x52\x46\x5f\x45\x56\x45\x4e\x54\x5f\x53\x54\x41\
\x54\x45\x5f\x41\x43\x54\x49\x56\x45\0\x6c\x6f\x63\x61\x6c\x36\x34\x5f\x74\0\
\x70\x65\x72\x66\x5f\x65\x76\x65\x6e\x74\x5f\x61\x74\x74\x72\0\x63\x6f\x6e\x66\
\x69\x67\0\x73\x61\x6d\x70\x6c\x65\x5f\x74\x79\x70\x65\0\x72\x65\x61\x64\x5f\
\x66\x6f\x72\x6d\x61\x74\0\x64\x69\x73\x61\x62\x6c\x65\x64\0\x69\x6e\x68\x65\
\x72\x69\x74\0\x70\x69\x6e\x6e\x65\x64\0\x65\x78\x63\x6c\x75\x73\x69\x76\x65\0\
\x65\x78\x63\x6c\x75\x64\x65\x5f\x75\x73\x65\x72\0\x65\x78\x63\x6c\x75\x64\x65\
\x5f\x6b\x65\x72\x6e\x65\x6c\0\x65\x78\x63\x6c\x75\x64\x65\x5f\x68\x76\0\x65\
\x78\x63\x6c\x75\x64\x65\x5f\x69\x64\x6c\x65\0\x6d\x6d\x61\x70\0\x66\x72\x65\
\x71\0\x69\x6e\x68\x65\x72\x69\x74\x5f\x73\x74\x61\x74\0\x65\x6e\x61\x62\x6c\
\x65\x5f\x6f\x6e\x5f\x65\x78\x65\x63\0\x77\x61\x74\x65\x72\x6d\x61\x72\x6b\0\
\x70\x72\x65\x63\x69\x73\x65\x5f\x69\x70\0\x6d\x6d\x61\x70\x5f\x64\x61\x74\x61\
\0\x73\x61\x6d\x70\x6c\x65\x5f\x69\x64\x5f\x61\x6c\x6c\0\x65\x78\x63\x6c\x75\
\x64\x65\x5f\x68\x6f\x73\x74\0\x65\x78\x63\x6c\x75\x64\x65\x5f\x67\x75\x65\x73\
\x74\0\x65\x78\x63\x6c\x75\x64\x65\x5f\x63\x61\x6c\x6c\x63\x68\x61\x69\x6e\x5f\
\x6b\x65\x72\x6e\x65\x6c\0\x65\x78\x63\x6c\x75\x64\x65\x5f\x63\x61\x6c\x6c\x63\
\x68\x61\x69\x6e\x5f\x75\x73\x65\x72\0\x6d\x6d\x61\x70\x32\0\x63\x6f\x6d\x6d\
\x5f\x65\x78\x65\x63\0\x75\x73\x65\x5f\x63\x6c\x6f\x63\x6b\x69\x64\0\x63\x6f\
\x6e\x74\x65\x78\x74\x5f\x73\x77\x69\x74\x63\x68\0\x77\x72\x69\x74\x65\x5f\x62\
\x61\x63\x6b\x77\x61\x72\x64\0\x6e\x61\x6d\x65\x73\x70\x61\x63\x65\x73\0\x6b\
\x73\x79\x6d\x62\x6f\x6c\0\x62\x70\x66\x5f\x65\x76\x65\x6e\x74\0\x61\x75\x78\
\x5f\x6f\x75\x74\x70\x75\x74\0\x63\x67\x72\x6f\x75\x70\0\x74\x65\x78\x74\x5f\
\x70\x6f\x6b\x65\0\x62\x75\x69\x6c\x64\x5f\x69\x64\0\x69\x6e\x68\x65\x72\x69\
\x74\x5f\x74\x68\x72\x65\x61\x64\0\x72\x65\x6d\x6f\x76\x65\x5f\x6f\x6e\x5f\x65\
\x78\x65\x63\0\x73\x69\x67\x74\x72\x61\x70\0\x5f\x5f\x72\x65\x73\x65\x72\x76\
\x65\x64\x5f\x31\0\x62\x70\x5f\x74\x79\x70\x65\0\x62\x72\x61\x6e\x63\x68\x5f\
\x73\x61\x6d\x70\x6c\x65\x5f\x74\x79\x70\x65\0\x73\x61\x6d\x70\x6c\x65\x5f\x72\
\x65\x67\x73\x5f\x75\x73\x65\x72\0\x73\x61\x6d\x70\x6c\x65\x5f\x73\x74\x61\x63\
\x6b\x5f\x75\x73\x65\x72\0\x73\x61\x6d\x70\x6c\x65\x5f\x72\x65\x67\x73\x5f\x69\
\x6e\x74\x72\0\x61\x75\x78\x5f\x77\x61\x74\x65\x72\x6d\x61\x72\x6b\0\x73\x61\
\x6d\x70\x6c\x65\x5f\x6d\x61\x78\x5f\x73\x74\x61\x63\x6b\0\x5f\x5f\x72\x65\x73\
\x65\x72\x76\x65\x64\x5f\x32\0\x61\x75\x78\x5f\x73\x61\x6d\x70\x6c\x65\x5f\x73\
\x69\x7a\x65\0\x5f\x5f\x72\x65\x73\x65\x72\x76\x65\x64\x5f\x33\0\x73\x69\x67\
\x5f\x64\x61\x74\x61\0\x73\x61\x6d\x70\x6c\x65\x5f\x70\x65\x72\x69\x6f\x64\0\
\x73\x61\x6d\x70\x6c\x65\x5f\x66\x72\x65\x71\0\x77\x61\x6b\x65\x75\x70\x5f\x65\
\x76\x65\x6e\x74\x73\0\x77\x61\x6b\x65\x75\x70\x5f\x77\x61\x74\x65\x72\x6d\x61\
\x72\x6b\0\x62\x70\x5f\x61\x64\x64\x72\0\x6b\x70\x72\x6f\x62\x65\x5f\x66\x75\
\x6e\x63\0\x75\x70\x72\x6f\x62\x65\x5f\x70\x61\x74\x68\0\x63\x6f\x6e\x66\x69\
\x67\x31\0\x62\x70\x5f\x6c\x65\x6e\0\x6b\x70\x72\x6f\x62\x65\x5f\x61\x64\x64\
\x72\0\x70\x72\x6f\x62\x65\x5f\x6f\x66\x66\x73\x65\x74\0\x63\x6f\x6e\x66\x69\
\x67\x32\0\x5f\x5f\x73\x33\x32\0\x68\x77\x5f\x70\x65\x72\x66\x5f\x65\x76\x65\
\x6e\x74\0\x74\x61\x72\x67\x65\x74\0\x70\x72\x65\x76\x5f\x63\x6f\x75\x6e\x74\0\
\x69\x6e\x74\x65\x72\x72\x75\x70\x74\x73\x5f\x73\x65\x71\0\x69\x6e\x74\x65\x72\
\x72\x75\x70\x74\x73\0\x66\x72\x65\x71\x5f\x74\x69\x6d\x65\x5f\x73\x74\x61\x6d\
\x70\0\x66\x72\x65\x71\x5f\x63\x6f\x75\x6e\x74\x5f\x73\x74\x61\x6d\x70\0\x6c\
\x61\x73\x74\x5f\x74\x61\x67\0\x63\x6f\x6e\x66\x69\x67\x5f\x62\x61\x73\x65\0\
\x65\x76\x65\x6e\x74\x5f\x62\x61\x73\x65\0\x65\x76\x65\x6e\x74\x5f\x62\x61\x73\
\x65\x5f\x72\x64\x70\x6d\x63\0\x69\x64\x78\0\x6c\x61\x73\x74\x5f\x63\x70\x75\0\
\x65\x78\x74\x72\x61\x5f\x72\x65\x67\0\x62\x72\x61\x6e\x63\x68\x5f\x72\x65\x67\
\0\x68\x77\x5f\x70\x65\x72\x66\x5f\x65\x76\x65\x6e\x74\x5f\x65\x78\x74\x72\x61\
\0\x72\x65\x67\0\x61\x6c\x6c\x6f\x63\0\x74\x70\x5f\x6c\x69\x73\x74\0\x70\x77\
\x72\x5f\x61\x63\x63\0\x70\x74\x73\x63\0\x69\x6e\x66\x6f\0\x62\x70\x5f\x6c\x69\
\x73\x74\0\x61\x72\x63\x68\x5f\x68\x77\x5f\x62\x72\x65\x61\x6b\x70\x6f\x69\x6e\
\x74\0\x61\x64\x64\x72\x65\x73\x73\0\x74\x72\x69\x67\x67\x65\x72\0\x63\x74\x72\
\x6c\0\x61\x72\x63\x68\x5f\x68\x77\x5f\x62\x72\x65\x61\x6b\x70\x6f\x69\x6e\x74\
\x5f\x63\x74\x72\x6c\0\x6c\x65\x6e\0\x70\x72\x69\x76\x69\x6c\x65\x67\x65\0\x65\
\x6e\x61\x62\x6c\x65\x64\0\x69\x6f\x6d\x6d\x75\x5f\x62\x61\x6e\x6b\0\x69\x6f\
\x6d\x6d\x75\x5f\x63\x6e\x74\x72\0\x70\x61\x64\x64\x69\x6e\x67\0\x63\x6f\x6e\
\x66\0\x63\x6f\x6e\x66\x31\0\x6c\x61\x73\x74\x5f\x70\x65\x72\x69\x6f\x64\0\x70\
\x65\x72\x69\x6f\x64\x5f\x6c\x65\x66\x74\0\x73\x61\x76\x65\x64\x5f\x6d\x65\x74\
\x72\x69\x63\0\x73\x61\x76\x65\x64\x5f\x73\x6c\x6f\x74\x73\0\x77\x61\x69\x74\
\x5f\x71\x75\x65\x75\x65\x5f\x68\x65\x61\x64\x5f\x74\0\x77\x61\x69\x74\x5f\x71\
\x75\x65\x75\x65\x5f\x68\x65\x61\x64\0\x68\x65\x61\x64\0\x69\x72\x71\x5f\x77\
\x6f\x72\x6b\0\x70\x65\x72\x66\x5f\x61\x64\x64\x72\x5f\x66\x69\x6c\x74\x65\x72\
\x73\x5f\x68\x65\x61\x64\0\x6e\x72\x5f\x66\x69\x6c\x65\x5f\x66\x69\x6c\x74\x65\
\x72\x73\0\x70\x65\x72\x66\x5f\x6f\x76\x65\x72\x66\x6c\x6f\x77\x5f\x68\x61\x6e\
\x64\x6c\x65\x72\x5f\x74\0\x70\x65\x72\x66\x5f\x73\x61\x6d\x70\x6c\x65\x5f\x64\
\x61\x74\x61\0\x61\x64\x64\x72\0\x72\x61\x77\0\x62\x72\x5f\x73\x74\x61\x63\x6b\
\0\x70\x65\x72\x69\x6f\x64\0\x74\x78\x6e\0\x64\x61\x74\x61\x5f\x73\x72\x63\0\
\x69\x70\0\x74\x69\x64\x5f\x65\x6e\x74\x72\x79\0\x73\x74\x72\x65\x61\x6d\x5f\
\x69\x64\0\x63\x70\x75\x5f\x65\x6e\x74\x72\x79\0\x63\x61\x6c\x6c\x63\x68\x61\
\x69\x6e\0\x61\x75\x78\x5f\x73\x69\x7a\x65\0\x72\x65\x67\x73\x5f\x75\x73\x65\
\x72\0\x72\x65\x67\x73\x5f\x69\x6e\x74\x72\0\x73\x74\x61\x63\x6b\x5f\x75\x73\
\x65\x72\x5f\x73\x69\x7a\x65\0\x70\x68\x79\x73\x5f\x61\x64\x64\x72\0\x64\x61\
\x74\x61\x5f\x70\x61\x67\x65\x5f\x73\x69\x7a\x65\0\x63\x6f\x64\x65\x5f\x70\x61\
\x67\x65\x5f\x73\x69\x7a\x65\0\x70\x65\x72\x66\x5f\x73\x61\x6d\x70\x6c\x65\x5f\
\x77\x65\x69\x67\x68\x74\0\x66\x75\x6c\x6c\0\x76\x61\x72\x31\x5f\x64\x77\0\x76\
\x61\x72\x32\x5f\x77\0\x76\x61\x72\x33\x5f\x77\0\x70\x65\x72\x66\x5f\x6d\x65\
\x6d\x5f\x64\x61\x74\x61\x5f\x73\x72\x63\0\x6d\x65\x6d\x5f\x6f\x70\0\x6d\x65\
\x6d\x5f\x6c\x76\x6c\0\x6d\x65\x6d\x5f\x73\x6e\x6f\x6f\x70\0\x6d\x65\x6d\x5f\
\x6c\x6f\x63\x6b\0\x6d\x65\x6d\x5f\x64\x74\x6c\x62\0\x6d\x65\x6d\x5f\x6c\x76\
\x6c\x5f\x6e\x75\x6d\0\x6d\x65\x6d\x5f\x72\x65\x6d\x6f\x74\x65\0\x6d\x65\x6d\
\x5f\x73\x6e\x6f\x6f\x70\x78\0\x6d\x65\x6d\x5f\x62\x6c\x6b\0\x6d\x65\x6d\x5f\
\x72\x73\x76\x64\0\x74\x69\x64\0\x72\x65\x73\x65\x72\x76\x65\x64\0\x70\x65\x72\
\x66\x5f\x72\x65\x67\x73\0\x61\x62\x69\0\x72\x65\x67\x73\0\x70\x74\x5f\x72\x65\
\x67\x73\0\x6f\x72\x69\x67\x5f\x78\x30\0\x73\x79\x73\x63\x61\x6c\x6c\x6e\x6f\0\
\x75\x6e\x75\x73\x65\x64\x32\0\x73\x64\x65\x69\x5f\x74\x74\x62\x72\x31\0\x70\
\x6d\x72\x5f\x73\x61\x76\x65\0\x73\x74\x61\x63\x6b\x66\x72\x61\x6d\x65\0\x6c\
\x6f\x63\x6b\x64\x65\x70\x5f\x68\x61\x72\x64\x69\x72\x71\x73\0\x65\x78\x69\x74\
\x5f\x72\x63\x75\0\x75\x73\x65\x72\x5f\x72\x65\x67\x73\0\x75\x73\x65\x72\x5f\
\x70\x74\x5f\x72\x65\x67\x73\0\x70\x73\x74\x61\x74\x65\0\x73\x33\x32\0\x70\x72\
\x69\x76\x61\x74\x65\0\x73\x61\x76\x65\x64\x5f\x66\x75\x6e\x63\0\x6c\x6f\x63\
\x61\x6c\x5f\x68\x61\x73\x68\0\x66\x75\x6e\x63\x5f\x68\x61\x73\x68\0\x6f\x6c\
\x64\x5f\x68\x61\x73\x68\0\x74\x72\x61\x6d\x70\x6f\x6c\x69\x6e\x65\0\x74\x72\
\x61\x6d\x70\x6f\x6c\x69\x6e\x65\x5f\x73\x69\x7a\x65\0\x66\x74\x72\x61\x63\x65\
\x5f\x66\x75\x6e\x63\x5f\x74\0\x66\x74\x72\x61\x63\x65\x5f\x72\x65\x67\x73\0\
\x66\x74\x72\x61\x63\x65\x5f\x6f\x70\x73\x5f\x68\x61\x73\x68\0\x6e\x6f\x74\x72\
\x61\x63\x65\x5f\x68\x61\x73\x68\0\x66\x69\x6c\x74\x65\x72\x5f\x68\x61\x73\x68\
\0\x72\x65\x67\x65\x78\x5f\x6c\x6f\x63\x6b\0\x70\x74\x72\x61\x75\x74\x68\x5f\
\x6b\x65\x79\x73\x5f\x75\x73\x65\x72\0\x61\x70\x69\x61\0\x61\x70\x69\x62\0\x61\
\x70\x64\x61\0\x61\x70\x64\x62\0\x61\x70\x67\x61\0\x70\x74\x72\x61\x75\x74\x68\
\x5f\x6b\x65\x79\0\x6c\x6f\0\x68\x69\0\x70\x74\x72\x61\x75\x74\x68\x5f\x6b\x65\
\x79\x73\x5f\x6b\x65\x72\x6e\x65\x6c\0\x30\x3a\x34\0\x2f\x62\x75\x69\x6c\x64\
\x2f\x61\x72\x6d\x36\x34\x2d\x67\x65\x6e\x65\x72\x69\x63\x2f\x74\x6d\x70\x2f\
\x70\x6f\x72\x74\x61\x67\x65\x2f\x63\x68\x72\x6f\x6d\x65\x6f\x73\x2d\x62\x61\
\x73\x65\x2f\x73\x65\x63\x61\x67\x65\x6e\x74\x64\x2d\x39\x39\x39\x39\x2f\x77\
\x6f\x72\x6b\x2f\x73\x65\x63\x61\x67\x65\x6e\x74\x64\x2d\x39\x39\x39\x39\x2f\
\x70\x6c\x61\x74\x66\x6f\x72\x6d\x32\x2f\x73\x65\x63\x61\x67\x65\x6e\x74\x64\
\x2f\x62\x70\x66\x2f\x62\x70\x66\x5f\x75\x74\x69\x6c\x73\x2e\x68\0\x20\x20\x72\
\x65\x74\x75\x72\x6e\x20\x28\x42\x50\x46\x5f\x43\x4f\x52\x45\x5f\x52\x45\x41\
\x44\x28\x74\x2c\x20\x66\x6c\x61\x67\x73\x29\x20\x26\x20\x30\x78\x30\x30\x32\
\x30\x30\x30\x30\x30\x29\x3b\0\x20\x20\x69\x66\x20\x28\x69\x73\x5f\x6b\x74\x68\
\x72\x65\x61\x64\x28\x74\x29\x29\x20\x7b\0\x20\x20\x20\x20\x20\x20\x28\x73\x74\
\x72\x75\x63\x74\x20\x63\x72\x6f\x73\x5f\x65\x76\x65\x6e\x74\x2a\x29\x28\x62\
\x70\x66\x5f\x72\x69\x6e\x67\x62\x75\x66\x5f\x72\x65\x73\x65\x72\x76\x65\x28\
\x26\x72\x62\x2c\x20\x73\x69\x7a\x65\x6f\x66\x28\x2a\x65\x76\x65\x6e\x74\x29\
\x2c\x20\x30\x29\x29\x3b\0\x20\x20\x69\x66\x20\x28\x65\x76\x65\x6e\x74\x20\x3d\
\x3d\x20\x4e\x55\x4c\x4c\x29\x20\x7b\0\x73\x6f\x63\x6b\x65\x74\0\x66\x69\x6c\
\x65\0\x73\x6b\0\x6f\x70\x73\0\x77\x71\0\x73\x6f\x63\x6b\x65\x74\x5f\x73\x74\
\x61\x74\x65\0\x53\x53\x5f\x46\x52\x45\x45\0\x53\x53\x5f\x55\x4e\x43\x4f\x4e\
\x4e\x45\x43\x54\x45\x44\0\x53\x53\x5f\x43\x4f\x4e\x4e\x45\x43\x54\x49\x4e\x47\
\0\x53\x53\x5f\x43\x4f\x4e\x4e\x45\x43\x54\x45\x44\0\x53\x53\x5f\x44\x49\x53\
\x43\x4f\x4e\x4e\x45\x43\x54\x49\x4e\x47\0\x73\x68\x6f\x72\x74\0\x73\x6f\x63\
\x6b\x65\x74\x5f\x77\x71\0\x77\x61\x69\x74\0\x66\x61\x73\x79\x6e\x63\x5f\x6c\
\x69\x73\x74\0\x20\x20\x73\x74\x72\x75\x63\x74\x20\x73\x6f\x63\x6b\x2a\x20\x73\
\x6b\x20\x3d\x20\x42\x50\x46\x5f\x43\x4f\x52\x45\x5f\x52\x45\x41\x44\x28\x73\
\x6f\x63\x6b\x65\x74\x2c\x20\x73\x6b\x29\x3b\0\x20\x20\x65\x76\x65\x6e\x74\x2d\
\x3e\x64\x61\x74\x61\x2e\x6e\x65\x74\x77\x6f\x72\x6b\x5f\x65\x76\x65\x6e\x74\
\x2e\x74\x79\x70\x65\x20\x3d\x20\x6b\x4e\x65\x74\x77\x6f\x72\x6b\x53\x6f\x63\
\x6b\x65\x74\x4c\x69\x73\x74\x65\x6e\x3b\0\x20\x20\x65\x76\x65\x6e\x74\x2d\x3e\
\x74\x79\x70\x65\x20\x3d\x20\x6b\x4e\x65\x74\x77\x6f\x72\x6b\x45\x76\x65\x6e\
\x74\x3b\0\x20\x20\x73\x74\x72\x75\x63\x74\x20\x73\x6f\x63\x6b\x2a\x20\x73\x6b\
\x20\x3d\x20\x42\x50\x46\x5f\x43\x4f\x52\x45\x5f\x52\x45\x41\x44\x28\x73\x6f\
\x63\x6b\x2c\x20\x73\x6b\x29\x3b\0\x30\x3a\x31\0\x20\x20\x69\x6e\x74\x20\x73\
\x6f\x63\x6b\x65\x74\x5f\x74\x79\x70\x65\x20\x3d\x20\x42\x50\x46\x5f\x43\x4f\
\x52\x45\x5f\x52\x45\x41\x44\x28\x73\x6f\x63\x6b\x2c\x20\x74\x79\x70\x65\x29\
\x3b\0\x5f\x5f\x73\x6b\x5f\x63\x6f\x6d\x6d\x6f\x6e\0\x73\x6b\x5f\x6c\x6f\x63\
\x6b\0\x73\x6b\x5f\x64\x72\x6f\x70\x73\0\x73\x6b\x5f\x72\x63\x76\x6c\x6f\x77\
\x61\x74\0\x73\x6b\x5f\x65\x72\x72\x6f\x72\x5f\x71\x75\x65\x75\x65\0\x73\x6b\
\x5f\x72\x78\x5f\x73\x6b\x62\x5f\x63\x61\x63\x68\x65\0\x73\x6b\x5f\x72\x65\x63\
\x65\x69\x76\x65\x5f\x71\x75\x65\x75\x65\0\x73\x6b\x5f\x62\x61\x63\x6b\x6c\x6f\
\x67\0\x73\x6b\x5f\x66\x6f\x72\x77\x61\x72\x64\x5f\x61\x6c\x6c\x6f\x63\0\x73\
\x6b\x5f\x6c\x6c\x5f\x75\x73\x65\x63\0\x73\x6b\x5f\x6e\x61\x70\x69\x5f\x69\x64\
\0\x73\x6b\x5f\x72\x63\x76\x62\x75\x66\0\x73\x6b\x5f\x77\x61\x69\x74\x5f\x70\
\x65\x6e\x64\x69\x6e\x67\0\x73\x6b\x5f\x66\x69\x6c\x74\x65\x72\0\x73\x6b\x5f\
\x70\x6f\x6c\x69\x63\x79\0\x73\x6b\x5f\x72\x78\x5f\x64\x73\x74\0\x73\x6b\x5f\
\x72\x78\x5f\x64\x73\x74\x5f\x69\x66\x69\x6e\x64\x65\x78\0\x73\x6b\x5f\x72\x78\
\x5f\x64\x73\x74\x5f\x63\x6f\x6f\x6b\x69\x65\0\x73\x6b\x5f\x64\x73\x74\x5f\x63\
\x61\x63\x68\x65\0\x73\x6b\x5f\x6f\x6d\x65\x6d\x5f\x61\x6c\x6c\x6f\x63\0\x73\
\x6b\x5f\x73\x6e\x64\x62\x75\x66\0\x73\x6b\x5f\x77\x6d\x65\x6d\x5f\x71\x75\x65\
\x75\x65\x64\0\x73\x6b\x5f\x77\x6d\x65\x6d\x5f\x61\x6c\x6c\x6f\x63\0\x73\x6b\
\x5f\x74\x73\x71\x5f\x66\x6c\x61\x67\x73\0\x73\x6b\x5f\x74\x78\x5f\x73\x6b\x62\
\x5f\x63\x61\x63\x68\x65\0\x73\x6b\x5f\x77\x72\x69\x74\x65\x5f\x71\x75\x65\x75\
\x65\0\x73\x6b\x5f\x70\x65\x65\x6b\x5f\x6f\x66\x66\0\x73\x6b\x5f\x77\x72\x69\
\x74\x65\x5f\x70\x65\x6e\x64\x69\x6e\x67\0\x73\x6b\x5f\x64\x73\x74\x5f\x70\x65\
\x6e\x64\x69\x6e\x67\x5f\x63\x6f\x6e\x66\x69\x72\x6d\0\x73\x6b\x5f\x70\x61\x63\
\x69\x6e\x67\x5f\x73\x74\x61\x74\x75\x73\0\x73\x6b\x5f\x73\x6e\x64\x74\x69\x6d\
\x65\x6f\0\x73\x6b\x5f\x74\x69\x6d\x65\x72\0\x73\x6b\x5f\x70\x72\x69\x6f\x72\
\x69\x74\x79\0\x73\x6b\x5f\x6d\x61\x72\x6b\0\x73\x6b\x5f\x70\x61\x63\x69\x6e\
\x67\x5f\x72\x61\x74\x65\0\x73\x6b\x5f\x6d\x61\x78\x5f\x70\x61\x63\x69\x6e\x67\
\x5f\x72\x61\x74\x65\0\x73\x6b\x5f\x66\x72\x61\x67\0\x73\x6b\x5f\x72\x6f\x75\
\x74\x65\x5f\x63\x61\x70\x73\0\x73\x6b\x5f\x72\x6f\x75\x74\x65\x5f\x6e\x6f\x63\
\x61\x70\x73\0\x73\x6b\x5f\x72\x6f\x75\x74\x65\x5f\x66\x6f\x72\x63\x65\x64\x5f\
\x63\x61\x70\x73\0\x73\x6b\x5f\x67\x73\x6f\x5f\x74\x79\x70\x65\0\x73\x6b\x5f\
\x67\x73\x6f\x5f\x6d\x61\x78\x5f\x73\x69\x7a\x65\0\x73\x6b\x5f\x61\x6c\x6c\x6f\
\x63\x61\x74\x69\x6f\x6e\0\x73\x6b\x5f\x74\x78\x68\x61\x73\x68\0\x73\x6b\x5f\
\x70\x61\x64\x64\x69\x6e\x67\0\x73\x6b\x5f\x6b\x65\x72\x6e\x5f\x73\x6f\x63\x6b\
\0\x73\x6b\x5f\x6e\x6f\x5f\x63\x68\x65\x63\x6b\x5f\x74\x78\0\x73\x6b\x5f\x6e\
\x6f\x5f\x63\x68\x65\x63\x6b\x5f\x72\x78\0\x73\x6b\x5f\x75\x73\x65\x72\x6c\x6f\
\x63\x6b\x73\0\x73\x6b\x5f\x70\x61\x63\x69\x6e\x67\x5f\x73\x68\x69\x66\x74\0\
\x73\x6b\x5f\x74\x79\x70\x65\0\x73\x6b\x5f\x70\x72\x6f\x74\x6f\x63\x6f\x6c\0\
\x73\x6b\x5f\x67\x73\x6f\x5f\x6d\x61\x78\x5f\x73\x65\x67\x73\0\x73\x6b\x5f\x6c\
\x69\x6e\x67\x65\x72\x74\x69\x6d\x65\0\x73\x6b\x5f\x70\x72\x6f\x74\x5f\x63\x72\
\x65\x61\x74\x6f\x72\0\x73\x6b\x5f\x63\x61\x6c\x6c\x62\x61\x63\x6b\x5f\x6c\x6f\
\x63\x6b\0\x73\x6b\x5f\x65\x72\x72\0\x73\x6b\x5f\x65\x72\x72\x5f\x73\x6f\x66\
\x74\0\x73\x6b\x5f\x61\x63\x6b\x5f\x62\x61\x63\x6b\x6c\x6f\x67\0\x73\x6b\x5f\
\x6d\x61\x78\x5f\x61\x63\x6b\x5f\x62\x61\x63\x6b\x6c\x6f\x67\0\x73\x6b\x5f\x75\
\x69\x64\0\x73\x6b\x5f\x70\x72\x65\x66\x65\x72\x5f\x62\x75\x73\x79\x5f\x70\x6f\
\x6c\x6c\0\x73\x6b\x5f\x62\x75\x73\x79\x5f\x70\x6f\x6c\x6c\x5f\x62\x75\x64\x67\
\x65\x74\0\x73\x6b\x5f\x70\x65\x65\x72\x5f\x6c\x6f\x63\x6b\0\x73\x6b\x5f\x70\
\x65\x65\x72\x5f\x70\x69\x64\0\x73\x6b\x5f\x70\x65\x65\x72\x5f\x63\x72\x65\x64\
\0\x73\x6b\x5f\x72\x63\x76\x74\x69\x6d\x65\x6f\0\x73\x6b\x5f\x73\x74\x61\x6d\
\x70\0\x73\x6b\x5f\x74\x73\x66\x6c\x61\x67\x73\0\x73\x6b\x5f\x62\x69\x6e\x64\
\x5f\x70\x68\x63\0\x73\x6b\x5f\x73\x68\x75\x74\x64\x6f\x77\x6e\0\x73\x6b\x5f\
\x74\x73\x6b\x65\x79\0\x73\x6b\x5f\x7a\x63\x6b\x65\x79\0\x73\x6b\x5f\x63\x6c\
\x6f\x63\x6b\x69\x64\0\x73\x6b\x5f\x74\x78\x74\x69\x6d\x65\x5f\x64\x65\x61\x64\
\x6c\x69\x6e\x65\x5f\x6d\x6f\x64\x65\0\x73\x6b\x5f\x74\x78\x74\x69\x6d\x65\x5f\
\x72\x65\x70\x6f\x72\x74\x5f\x65\x72\x72\x6f\x72\x73\0\x73\x6b\x5f\x74\x78\x74\
\x69\x6d\x65\x5f\x75\x6e\x75\x73\x65\x64\0\x73\x6b\x5f\x73\x6f\x63\x6b\x65\x74\
\0\x73\x6b\x5f\x75\x73\x65\x72\x5f\x64\x61\x74\x61\0\x73\x6b\x5f\x73\x65\x63\
\x75\x72\x69\x74\x79\0\x73\x6b\x5f\x63\x67\x72\x70\x5f\x64\x61\x74\x61\0\x73\
\x6b\x5f\x6d\x65\x6d\x63\x67\0\x73\x6b\x5f\x73\x74\x61\x74\x65\x5f\x63\x68\x61\
\x6e\x67\x65\0\x73\x6b\x5f\x64\x61\x74\x61\x5f\x72\x65\x61\x64\x79\0\x73\x6b\
\x5f\x77\x72\x69\x74\x65\x5f\x73\x70\x61\x63\x65\0\x73\x6b\x5f\x65\x72\x72\x6f\
\x72\x5f\x72\x65\x70\x6f\x72\x74\0\x73\x6b\x5f\x62\x61\x63\x6b\x6c\x6f\x67\x5f\
\x72\x63\x76\0\x73\x6b\x5f\x64\x65\x73\x74\x72\x75\x63\x74\0\x73\x6b\x5f\x72\
\x65\x75\x73\x65\x70\x6f\x72\x74\x5f\x63\x62\0\x73\x6b\x5f\x62\x70\x66\x5f\x73\
\x74\x6f\x72\x61\x67\x65\0\x73\x6b\x5f\x72\x63\x75\0\x73\x6f\x63\x6b\x5f\x63\
\x6f\x6d\x6d\x6f\x6e\0\x73\x6b\x63\x5f\x66\x61\x6d\x69\x6c\x79\0\x73\x6b\x63\
\x5f\x73\x74\x61\x74\x65\0\x73\x6b\x63\x5f\x72\x65\x75\x73\x65\0\x73\x6b\x63\
\x5f\x72\x65\x75\x73\x65\x70\x6f\x72\x74\0\x73\x6b\x63\x5f\x69\x70\x76\x36\x6f\
\x6e\x6c\x79\0\x73\x6b\x63\x5f\x6e\x65\x74\x5f\x72\x65\x66\x63\x6e\x74\0\x73\
\x6b\x63\x5f\x62\x6f\x75\x6e\x64\x5f\x64\x65\x76\x5f\x69\x66\0\x73\x6b\x63\x5f\
\x70\x72\x6f\x74\0\x73\x6b\x63\x5f\x6e\x65\x74\0\x73\x6b\x63\x5f\x76\x36\x5f\
\x64\x61\x64\x64\x72\0\x73\x6b\x63\x5f\x76\x36\x5f\x72\x63\x76\x5f\x73\x61\x64\
\x64\x72\0\x73\x6b\x63\x5f\x63\x6f\x6f\x6b\x69\x65\0\x73\x6b\x63\x5f\x64\x6f\
\x6e\x74\x63\x6f\x70\x79\x5f\x62\x65\x67\x69\x6e\0\x73\x6b\x63\x5f\x74\x78\x5f\
\x71\x75\x65\x75\x65\x5f\x6d\x61\x70\x70\x69\x6e\x67\0\x73\x6b\x63\x5f\x72\x78\
\x5f\x71\x75\x65\x75\x65\x5f\x6d\x61\x70\x70\x69\x6e\x67\0\x73\x6b\x63\x5f\x72\
\x65\x66\x63\x6e\x74\0\x73\x6b\x63\x5f\x64\x6f\x6e\x74\x63\x6f\x70\x79\x5f\x65\
\x6e\x64\0\x73\x6b\x63\x5f\x61\x64\x64\x72\x70\x61\x69\x72\0\x5f\x5f\x61\x64\
\x64\x72\x70\x61\x69\x72\0\x73\x6b\x63\x5f\x64\x61\x64\x64\x72\0\x73\x6b\x63\
\x5f\x72\x63\x76\x5f\x73\x61\x64\x64\x72\0\x5f\x5f\x62\x65\x33\x32\0\x73\x6b\
\x63\x5f\x68\x61\x73\x68\0\x73\x6b\x63\x5f\x75\x31\x36\x68\x61\x73\x68\x65\x73\
\0\x73\x6b\x63\x5f\x70\x6f\x72\x74\x70\x61\x69\x72\0\x5f\x5f\x70\x6f\x72\x74\
\x70\x61\x69\x72\0\x73\x6b\x63\x5f\x64\x70\x6f\x72\x74\0\x73\x6b\x63\x5f\x6e\
\x75\x6d\0\x5f\x5f\x62\x65\x31\x36\0\x73\x6b\x63\x5f\x62\x69\x6e\x64\x5f\x6e\
\x6f\x64\x65\0\x73\x6b\x63\x5f\x70\x6f\x72\x74\x61\x64\x64\x72\x5f\x6e\x6f\x64\
\x65\0\x70\x6f\x73\x73\x69\x62\x6c\x65\x5f\x6e\x65\x74\x5f\x74\0\x6e\x65\x74\0\
\x69\x6e\x36\x5f\x61\x64\x64\x72\0\x69\x6e\x36\x5f\x75\0\x75\x36\x5f\x61\x64\
\x64\x72\x38\0\x75\x36\x5f\x61\x64\x64\x72\x31\x36\0\x75\x36\x5f\x61\x64\x64\
\x72\x33\x32\0\x73\x6b\x63\x5f\x66\x6c\x61\x67\x73\0\x73\x6b\x63\x5f\x6c\x69\
\x73\x74\x65\x6e\x65\x72\0\x73\x6b\x63\x5f\x74\x77\x5f\x64\x72\0\x73\x6b\x63\
\x5f\x6e\x6f\x64\x65\0\x73\x6b\x63\x5f\x6e\x75\x6c\x6c\x73\x5f\x6e\x6f\x64\x65\
\0\x68\x6c\x69\x73\x74\x5f\x6e\x75\x6c\x6c\x73\x5f\x6e\x6f\x64\x65\0\x73\x6b\
\x63\x5f\x69\x6e\x63\x6f\x6d\x69\x6e\x67\x5f\x63\x70\x75\0\x73\x6b\x63\x5f\x72\
\x63\x76\x5f\x77\x6e\x64\0\x73\x6b\x63\x5f\x74\x77\x5f\x72\x63\x76\x5f\x6e\x78\
\x74\0\x73\x6b\x63\x5f\x72\x78\x68\x61\x73\x68\0\x73\x6b\x63\x5f\x77\x69\x6e\
\x64\x6f\x77\x5f\x63\x6c\x61\x6d\x70\0\x73\x6b\x63\x5f\x74\x77\x5f\x73\x6e\x64\
\x5f\x6e\x78\x74\0\x73\x6f\x63\x6b\x65\x74\x5f\x6c\x6f\x63\x6b\x5f\x74\0\x73\
\x6c\x6f\x63\x6b\0\x6f\x77\x6e\x65\x64\0\x73\x6b\x5f\x62\x75\x66\x66\x5f\x68\
\x65\x61\x64\0\x71\x6c\x65\x6e\0\x72\x6d\x65\x6d\x5f\x61\x6c\x6c\x6f\x63\0\x73\
\x6b\x5f\x77\x71\0\x73\x6b\x5f\x77\x71\x5f\x72\x61\x77\0\x78\x66\x72\x6d\x5f\
\x70\x6f\x6c\x69\x63\x79\0\x78\x70\x5f\x6e\x65\x74\0\x62\x79\x64\x73\x74\0\x62\
\x79\x69\x64\x78\0\x72\x65\x66\x63\x6e\x74\0\x70\x6f\x73\0\x74\x69\x6d\x65\x72\
\0\x67\x65\x6e\x69\x64\0\x70\x72\x69\x6f\x72\x69\x74\x79\0\x69\x66\x5f\x69\x64\
\0\x6d\x61\x72\x6b\0\x73\x65\x6c\x65\x63\x74\x6f\x72\0\x6c\x66\x74\0\x63\x75\
\x72\x6c\x66\x74\0\x77\x61\x6c\x6b\0\x70\x6f\x6c\x71\0\x62\x79\x64\x73\x74\x5f\
\x72\x65\x69\x6e\x73\x65\x72\x74\0\x61\x63\x74\x69\x6f\x6e\0\x78\x66\x72\x6d\
\x5f\x6e\x72\0\x78\x66\x72\x6d\x5f\x76\x65\x63\0\x62\x79\x64\x73\x74\x5f\x69\
\x6e\x65\x78\x61\x63\x74\x5f\x6c\x69\x73\x74\0\x72\x77\x6c\x6f\x63\x6b\x5f\x74\
\0\x61\x72\x63\x68\x5f\x72\x77\x6c\x6f\x63\x6b\x5f\x74\0\x71\x72\x77\x6c\x6f\
\x63\x6b\0\x63\x6e\x74\x73\0\x77\x6c\x6f\x63\x6b\x65\x64\0\x5f\x5f\x6c\x73\x74\
\x61\x74\x65\0\x78\x66\x72\x6d\x5f\x6d\x61\x72\x6b\0\x76\0\x6d\0\x78\x66\x72\
\x6d\x5f\x73\x65\x6c\x65\x63\x74\x6f\x72\0\x64\x61\x64\x64\x72\0\x73\x61\x64\
\x64\x72\0\x64\x70\x6f\x72\x74\0\x64\x70\x6f\x72\x74\x5f\x6d\x61\x73\x6b\0\x73\
\x70\x6f\x72\x74\0\x73\x70\x6f\x72\x74\x5f\x6d\x61\x73\x6b\0\x70\x72\x65\x66\
\x69\x78\x6c\x65\x6e\x5f\x64\0\x70\x72\x65\x66\x69\x78\x6c\x65\x6e\x5f\x73\0\
\x70\x72\x6f\x74\x6f\0\x69\x66\x69\x6e\x64\x65\x78\0\x78\x66\x72\x6d\x5f\x61\
\x64\x64\x72\x65\x73\x73\x5f\x74\0\x61\x34\0\x61\x36\0\x69\x6e\x36\0\x78\x66\
\x72\x6d\x5f\x6c\x69\x66\x65\x74\x69\x6d\x65\x5f\x63\x66\x67\0\x73\x6f\x66\x74\
\x5f\x62\x79\x74\x65\x5f\x6c\x69\x6d\x69\x74\0\x68\x61\x72\x64\x5f\x62\x79\x74\
\x65\x5f\x6c\x69\x6d\x69\x74\0\x73\x6f\x66\x74\x5f\x70\x61\x63\x6b\x65\x74\x5f\
\x6c\x69\x6d\x69\x74\0\x68\x61\x72\x64\x5f\x70\x61\x63\x6b\x65\x74\x5f\x6c\x69\
\x6d\x69\x74\0\x73\x6f\x66\x74\x5f\x61\x64\x64\x5f\x65\x78\x70\x69\x72\x65\x73\
\x5f\x73\x65\x63\x6f\x6e\x64\x73\0\x68\x61\x72\x64\x5f\x61\x64\x64\x5f\x65\x78\
\x70\x69\x72\x65\x73\x5f\x73\x65\x63\x6f\x6e\x64\x73\0\x73\x6f\x66\x74\x5f\x75\
\x73\x65\x5f\x65\x78\x70\x69\x72\x65\x73\x5f\x73\x65\x63\x6f\x6e\x64\x73\0\x68\
\x61\x72\x64\x5f\x75\x73\x65\x5f\x65\x78\x70\x69\x72\x65\x73\x5f\x73\x65\x63\
\x6f\x6e\x64\x73\0\x78\x66\x72\x6d\x5f\x6c\x69\x66\x65\x74\x69\x6d\x65\x5f\x63\
\x75\x72\0\x62\x79\x74\x65\x73\0\x70\x61\x63\x6b\x65\x74\x73\0\x61\x64\x64\x5f\
\x74\x69\x6d\x65\0\x75\x73\x65\x5f\x74\x69\x6d\x65\0\x78\x66\x72\x6d\x5f\x70\
\x6f\x6c\x69\x63\x79\x5f\x77\x61\x6c\x6b\x5f\x65\x6e\x74\x72\x79\0\x61\x6c\x6c\
\0\x64\x65\x61\x64\0\x78\x66\x72\x6d\x5f\x70\x6f\x6c\x69\x63\x79\x5f\x71\x75\
\x65\x75\x65\0\x68\x6f\x6c\x64\x5f\x71\x75\x65\x75\x65\0\x68\x6f\x6c\x64\x5f\
\x74\x69\x6d\x65\x72\0\x78\x66\x72\x6d\x5f\x74\x6d\x70\x6c\0\x65\x6e\x63\x61\
\x70\x5f\x66\x61\x6d\x69\x6c\x79\0\x72\x65\x71\x69\x64\0\x73\x68\x61\x72\x65\0\
\x6f\x70\x74\x69\x6f\x6e\x61\x6c\0\x61\x6c\x6c\x61\x6c\x67\x73\0\x61\x61\x6c\
\x67\x6f\x73\0\x65\x61\x6c\x67\x6f\x73\0\x63\x61\x6c\x67\x6f\x73\0\x78\x66\x72\
\x6d\x5f\x69\x64\0\x73\x70\x69\0\x73\x6b\x5f\x73\x65\x6e\x64\x5f\x68\x65\x61\
\x64\0\x74\x63\x70\x5f\x72\x74\x78\x5f\x71\x75\x65\x75\x65\0\x6e\x65\x74\x64\
\x65\x76\x5f\x66\x65\x61\x74\x75\x72\x65\x73\x5f\x74\0\x67\x66\x70\x5f\x74\0\
\x73\x6f\x63\x6b\x5f\x63\x67\x72\x6f\x75\x70\x5f\x64\x61\x74\x61\0\x63\x6c\x61\
\x73\x73\x69\x64\0\x6d\x65\x6d\x5f\x63\x67\x72\x6f\x75\x70\0\x73\x6b\x5f\x62\
\x75\x66\x66\0\x63\x62\0\x5f\x6e\x66\x63\x74\0\x64\x61\x74\x61\x5f\x6c\x65\x6e\
\0\x6d\x61\x63\x5f\x6c\x65\x6e\0\x68\x64\x72\x5f\x6c\x65\x6e\0\x71\x75\x65\x75\
\x65\x5f\x6d\x61\x70\x70\x69\x6e\x67\0\x5f\x5f\x63\x6c\x6f\x6e\x65\x64\x5f\x6f\
\x66\x66\x73\x65\x74\0\x63\x6c\x6f\x6e\x65\x64\0\x6e\x6f\x68\x64\x72\0\x66\x63\
\x6c\x6f\x6e\x65\0\x70\x65\x65\x6b\x65\x64\0\x68\x65\x61\x64\x5f\x66\x72\x61\
\x67\0\x70\x66\x6d\x65\x6d\x61\x6c\x6c\x6f\x63\0\x70\x70\x5f\x72\x65\x63\x79\
\x63\x6c\x65\0\x61\x63\x74\x69\x76\x65\x5f\x65\x78\x74\x65\x6e\x73\x69\x6f\x6e\
\x73\0\x68\x65\x61\x64\x65\x72\x73\x5f\x73\x74\x61\x72\x74\0\x5f\x5f\x70\x6b\
\x74\x5f\x74\x79\x70\x65\x5f\x6f\x66\x66\x73\x65\x74\0\x70\x6b\x74\x5f\x74\x79\
\x70\x65\0\x69\x67\x6e\x6f\x72\x65\x5f\x64\x66\0\x6e\x66\x5f\x74\x72\x61\x63\
\x65\0\x69\x70\x5f\x73\x75\x6d\x6d\x65\x64\0\x6f\x6f\x6f\x5f\x6f\x6b\x61\x79\0\
\x6c\x34\x5f\x68\x61\x73\x68\0\x73\x77\x5f\x68\x61\x73\x68\0\x77\x69\x66\x69\
\x5f\x61\x63\x6b\x65\x64\x5f\x76\x61\x6c\x69\x64\0\x77\x69\x66\x69\x5f\x61\x63\
\x6b\x65\x64\0\x6e\x6f\x5f\x66\x63\x73\0\x65\x6e\x63\x61\x70\x73\x75\x6c\x61\
\x74\x69\x6f\x6e\0\x65\x6e\x63\x61\x70\x5f\x68\x64\x72\x5f\x63\x73\x75\x6d\0\
\x63\x73\x75\x6d\x5f\x76\x61\x6c\x69\x64\0\x5f\x5f\x70\x6b\x74\x5f\x76\x6c\x61\
\x6e\x5f\x70\x72\x65\x73\x65\x6e\x74\x5f\x6f\x66\x66\x73\x65\x74\0\x76\x6c\x61\
\x6e\x5f\x70\x72\x65\x73\x65\x6e\x74\0\x63\x73\x75\x6d\x5f\x63\x6f\x6d\x70\x6c\
\x65\x74\x65\x5f\x73\x77\0\x63\x73\x75\x6d\x5f\x6c\x65\x76\x65\x6c\0\x63\x73\
\x75\x6d\x5f\x6e\x6f\x74\x5f\x69\x6e\x65\x74\0\x64\x73\x74\x5f\x70\x65\x6e\x64\
\x69\x6e\x67\x5f\x63\x6f\x6e\x66\x69\x72\x6d\0\x6e\x64\x69\x73\x63\x5f\x6e\x6f\
\x64\x65\x74\x79\x70\x65\0\x69\x70\x76\x73\x5f\x70\x72\x6f\x70\x65\x72\x74\x79\
\0\x69\x6e\x6e\x65\x72\x5f\x70\x72\x6f\x74\x6f\x63\x6f\x6c\x5f\x74\x79\x70\x65\
\0\x72\x65\x6d\x63\x73\x75\x6d\x5f\x6f\x66\x66\x6c\x6f\x61\x64\0\x74\x63\x5f\
\x73\x6b\x69\x70\x5f\x63\x6c\x61\x73\x73\x69\x66\x79\0\x74\x63\x5f\x61\x74\x5f\
\x69\x6e\x67\x72\x65\x73\x73\0\x72\x65\x64\x69\x72\x65\x63\x74\x65\x64\0\x73\
\x6c\x6f\x77\x5f\x67\x72\x6f\0\x73\x63\x6d\x5f\x69\x6f\x5f\x75\x72\x69\x6e\x67\
\0\x74\x63\x5f\x69\x6e\x64\x65\x78\0\x73\x6b\x62\x5f\x69\x69\x66\0\x68\x61\x73\
\x68\0\x76\x6c\x61\x6e\x5f\x70\x72\x6f\x74\x6f\0\x76\x6c\x61\x6e\x5f\x74\x63\
\x69\0\x73\x65\x63\x6d\x61\x72\x6b\0\x69\x6e\x6e\x65\x72\x5f\x74\x72\x61\x6e\
\x73\x70\x6f\x72\x74\x5f\x68\x65\x61\x64\x65\x72\0\x69\x6e\x6e\x65\x72\x5f\x6e\
\x65\x74\x77\x6f\x72\x6b\x5f\x68\x65\x61\x64\x65\x72\0\x69\x6e\x6e\x65\x72\x5f\
\x6d\x61\x63\x5f\x68\x65\x61\x64\x65\x72\0\x74\x72\x61\x6e\x73\x70\x6f\x72\x74\
\x5f\x68\x65\x61\x64\x65\x72\0\x6e\x65\x74\x77\x6f\x72\x6b\x5f\x68\x65\x61\x64\
\x65\x72\0\x6d\x61\x63\x5f\x68\x65\x61\x64\x65\x72\0\x68\x65\x61\x64\x65\x72\
\x73\x5f\x65\x6e\x64\0\x65\x6e\x64\0\x64\x61\x74\x61\0\x74\x72\x75\x65\x73\x69\
\x7a\x65\0\x75\x73\x65\x72\x73\0\x65\x78\x74\x65\x6e\x73\x69\x6f\x6e\x73\0\x72\
\x62\x6e\x6f\x64\x65\0\x64\x65\x76\0\x64\x65\x76\x5f\x73\x63\x72\x61\x74\x63\
\x68\0\x69\x70\x5f\x64\x65\x66\x72\x61\x67\x5f\x6f\x66\x66\x73\x65\x74\0\x73\
\x6b\x62\x5f\x6d\x73\x74\x61\x6d\x70\x5f\x6e\x73\0\x74\x63\x70\x5f\x74\x73\x6f\
\x72\x74\x65\x64\x5f\x61\x6e\x63\x68\x6f\x72\0\x5f\x73\x6b\x5f\x72\x65\x64\x69\
\x72\0\x5f\x73\x6b\x62\x5f\x72\x65\x66\x64\x73\x74\0\x64\x65\x73\x74\x72\x75\
\x63\x74\x6f\x72\0\x63\x73\x75\x6d\0\x5f\x5f\x77\x73\x75\x6d\0\x63\x73\x75\x6d\
\x5f\x73\x74\x61\x72\x74\0\x63\x73\x75\x6d\x5f\x6f\x66\x66\x73\x65\x74\0\x6e\
\x61\x70\x69\x5f\x69\x64\0\x73\x65\x6e\x64\x65\x72\x5f\x63\x70\x75\0\x72\x65\
\x73\x65\x72\x76\x65\x64\x5f\x74\x61\x69\x6c\x72\x6f\x6f\x6d\0\x69\x6e\x6e\x65\
\x72\x5f\x70\x72\x6f\x74\x6f\x63\x6f\x6c\0\x69\x6e\x6e\x65\x72\x5f\x69\x70\x70\
\x72\x6f\x74\x6f\0\x73\x6b\x5f\x62\x75\x66\x66\x5f\x64\x61\x74\x61\x5f\x74\0\
\x30\x3a\x30\0\x20\x20\x63\x6f\x6d\x6d\x6f\x6e\x2d\x3e\x66\x61\x6d\x69\x6c\x79\
\x20\x3d\x20\x42\x50\x46\x5f\x43\x4f\x52\x45\x5f\x52\x45\x41\x44\x28\x73\x6b\
\x2c\x20\x5f\x5f\x73\x6b\x5f\x63\x6f\x6d\x6d\x6f\x6e\x29\x2e\x73\x6b\x63\x5f\
\x66\x61\x6d\x69\x6c\x79\x3b\0\x30\x3a\x33\0\x30\x3a\x35\x33\0\x20\x20\x20\x20\
\x20\x20\x20\x20\x20\x20\x20\x20\x20\x20\x20\x20\x20\x20\x20\x20\x20\x20\x20\
\x20\x20\x20\x20\x20\x20\x20\x20\x20\x20\x20\x20\x20\x20\x20\x20\x20\x42\x50\
\x46\x5f\x43\x4f\x52\x45\x5f\x52\x45\x41\x44\x28\x73\x6b\x2c\x20\x73\x6b\x5f\
\x70\x72\x6f\x74\x6f\x63\x6f\x6c\x29\x29\x3b\0\x20\x20\x69\x66\x20\x28\x70\x72\
\x6f\x74\x6f\x63\x6f\x6c\x20\x3d\x3d\x20\x43\x52\x4f\x53\x5f\x49\x41\x4e\x41\
\x5f\x48\x4f\x50\x4f\x50\x54\x29\x20\x7b\x20\x20\x2f\x2f\x20\x67\x65\x6e\x65\
\x72\x69\x63\x20\x69\x70\x20\x70\x72\x6f\x74\x6f\x63\x6f\x6c\x2e\0\x20\x20\x7d\
\x20\x65\x6c\x73\x65\x20\x69\x66\x20\x28\x73\x6f\x63\x6b\x65\x74\x5f\x74\x79\
\x70\x65\x20\x3d\x3d\x20\x53\x4f\x43\x4b\x5f\x52\x41\x57\x29\x20\x7b\0\x20\x20\
\x20\x20\x69\x66\x20\x28\x66\x61\x6d\x69\x6c\x79\x20\x3d\x3d\x20\x43\x52\x4f\
\x53\x5f\x46\x41\x4d\x49\x4c\x59\x5f\x41\x46\x5f\x49\x4e\x45\x54\x20\x7c\x7c\
\x20\x66\x61\x6d\x69\x6c\x79\x20\x3d\x3d\x20\x43\x52\x4f\x53\x5f\x46\x41\x4d\
\x49\x4c\x59\x5f\x41\x46\x5f\x49\x4e\x45\x54\x36\x29\x20\x7b\0\x20\x20\x20\x20\
\x20\x20\x69\x66\x20\x28\x73\x6f\x63\x6b\x65\x74\x5f\x74\x79\x70\x65\x20\x3d\
\x3d\x20\x53\x4f\x43\x4b\x5f\x53\x54\x52\x45\x41\x4d\x29\x20\x7b\0\x20\x20\x63\
\x6f\x6d\x6d\x6f\x6e\x2d\x3e\x70\x72\x6f\x74\x6f\x63\x6f\x6c\x20\x3d\x20\x64\
\x65\x74\x65\x72\x6d\x69\x6e\x65\x5f\x70\x72\x6f\x74\x6f\x63\x6f\x6c\x28\x63\
\x6f\x6d\x6d\x6f\x6e\x2d\x3e\x66\x61\x6d\x69\x6c\x79\x2c\x20\x73\x6f\x63\x6b\
\x65\x74\x5f\x74\x79\x70\x65\x2c\0\x30\x3a\x38\x33\0\x20\x20\x20\x20\x20\x20\
\x63\x72\x6f\x73\x5f\x6e\x6f\x72\x6d\x61\x6c\x69\x7a\x65\x5f\x74\x6f\x5f\x6c\
\x61\x73\x74\x5f\x65\x78\x65\x63\x28\x42\x50\x46\x5f\x43\x4f\x52\x45\x5f\x52\
\x45\x41\x44\x28\x74\x2c\x20\x72\x65\x61\x6c\x5f\x70\x61\x72\x65\x6e\x74\x2c\
\x20\x67\x72\x6f\x75\x70\x5f\x6c\x65\x61\x64\x65\x72\x29\x29\x3b\0\x30\x3a\x38\
\x37\0\x20\x20\x66\x6f\x72\x20\x28\x69\x6e\x74\x20\x69\x20\x3d\x20\x30\x3b\x20\
\x69\x20\x3c\x20\x36\x34\x3b\x20\x2b\x2b\x69\x29\x20\x7b\0\x20\x20\x20\x20\x73\
\x74\x72\x75\x63\x74\x20\x74\x61\x73\x6b\x5f\x73\x74\x72\x75\x63\x74\x2a\x20\
\x70\x61\x72\x65\x6e\x74\x20\x3d\x20\x42\x50\x46\x5f\x43\x4f\x52\x45\x5f\x52\
\x45\x41\x44\x28\x72\x65\x74\x2c\x20\x72\x65\x61\x6c\x5f\x70\x61\x72\x65\x6e\
\x74\x2c\x20\x67\x72\x6f\x75\x70\x5f\x6c\x65\x61\x64\x65\x72\x29\x3b\0\x20\x20\
\x20\x20\x69\x66\x20\x28\x28\x21\x70\x61\x72\x65\x6e\x74\x29\x20\x7c\x7c\x20\
\x28\x42\x50\x46\x5f\x43\x4f\x52\x45\x5f\x52\x45\x41\x44\x28\x72\x65\x74\x2c\
\x20\x73\x65\x6c\x66\x5f\x65\x78\x65\x63\x5f\x69\x64\x29\x20\x21\x3d\0\x30\x3a\
\x31\x33\x38\0\x20\x20\x20\x20\x20\x20\x20\x20\x20\x20\x20\x20\x20\x20\x20\x20\
\x20\x20\x20\x20\x20\x20\x42\x50\x46\x5f\x43\x4f\x52\x45\x5f\x52\x45\x41\x44\
\x28\x70\x61\x72\x65\x6e\x74\x2c\x20\x73\x65\x6c\x66\x5f\x65\x78\x65\x63\x5f\
\x69\x64\x29\x29\x29\x20\x7b\0\x30\x3a\x38\x31\0\x20\x20\x74\x61\x73\x6b\x5f\
\x69\x6e\x66\x6f\x2d\x3e\x70\x70\x69\x64\x20\x3d\x20\x42\x50\x46\x5f\x43\x4f\
\x52\x45\x5f\x52\x45\x41\x44\x28\x70\x61\x72\x65\x6e\x74\x2c\x20\x74\x67\x69\
\x64\x29\x3b\0\x30\x3a\x31\x30\x35\0\x20\x20\x74\x61\x73\x6b\x5f\x69\x6e\x66\
\x6f\x2d\x3e\x70\x61\x72\x65\x6e\x74\x5f\x73\x74\x61\x72\x74\x5f\x74\x69\x6d\
\x65\x20\x3d\x20\x42\x50\x46\x5f\x43\x4f\x52\x45\x5f\x52\x45\x41\x44\x28\x70\
\x61\x72\x65\x6e\x74\x2c\x20\x73\x74\x61\x72\x74\x5f\x62\x6f\x6f\x74\x74\x69\
\x6d\x65\x29\x3b\0\x20\x20\x74\x61\x73\x6b\x5f\x69\x6e\x66\x6f\x2d\x3e\x73\x74\
\x61\x72\x74\x5f\x74\x69\x6d\x65\x20\x3d\x20\x42\x50\x46\x5f\x43\x4f\x52\x45\
\x5f\x52\x45\x41\x44\x28\x74\x2c\x20\x67\x72\x6f\x75\x70\x5f\x6c\x65\x61\x64\
\x65\x72\x2c\x20\x73\x74\x61\x72\x74\x5f\x62\x6f\x6f\x74\x74\x69\x6d\x65\x29\
\x3b\0\x20\x20\x74\x61\x73\x6b\x5f\x69\x6e\x66\x6f\x2d\x3e\x70\x69\x64\x20\x3d\
\x20\x42\x50\x46\x5f\x43\x4f\x52\x45\x5f\x52\x45\x41\x44\x28\x74\x2c\x20\x74\
\x67\x69\x64\x29\x3b\0\x30\x3a\x31\x31\x30\0\x20\x20\x74\x61\x73\x6b\x5f\x69\
\x6e\x66\x6f\x2d\x3e\x75\x69\x64\x20\x3d\x20\x42\x50\x46\x5f\x43\x4f\x52\x45\
\x5f\x52\x45\x41\x44\x28\x74\x2c\x20\x72\x65\x61\x6c\x5f\x63\x72\x65\x64\x2c\
\x20\x75\x69\x64\x2e\x76\x61\x6c\x29\x3b\0\x30\x3a\x34\x3a\x30\0\x20\x20\x74\
\x61\x73\x6b\x5f\x69\x6e\x66\x6f\x2d\x3e\x67\x69\x64\x20\x3d\x20\x42\x50\x46\
\x5f\x43\x4f\x52\x45\x5f\x52\x45\x41\x44\x28\x74\x2c\x20\x72\x65\x61\x6c\x5f\
\x63\x72\x65\x64\x2c\x20\x67\x69\x64\x2e\x76\x61\x6c\x29\x3b\0\x30\x3a\x35\x3a\
\x30\0\x30\x3a\x35\x35\0\x20\x20\x63\x6f\x6e\x73\x74\x20\x75\x69\x6e\x74\x70\
\x74\x72\x5f\x74\x20\x61\x72\x67\x5f\x73\x74\x61\x72\x74\x20\x3d\x20\x28\x75\
\x69\x6e\x74\x70\x74\x72\x5f\x74\x29\x42\x50\x46\x5f\x43\x4f\x52\x45\x5f\x52\
\x45\x41\x44\x28\x74\x2c\x20\x6d\x6d\x2c\x20\x61\x72\x67\x5f\x73\x74\x61\x72\
\x74\x29\x3b\0\x6d\x6d\x5f\x73\x74\x72\x75\x63\x74\0\x63\x70\x75\x5f\x62\x69\
\x74\x6d\x61\x70\0\x6d\x6d\x5f\x72\x62\0\x76\x6d\x61\x63\x61\x63\x68\x65\x5f\
\x73\x65\x71\x6e\x75\x6d\0\x67\x65\x74\x5f\x75\x6e\x6d\x61\x70\x70\x65\x64\x5f\
\x61\x72\x65\x61\0\x6d\x6d\x61\x70\x5f\x62\x61\x73\x65\0\x6d\x6d\x61\x70\x5f\
\x6c\x65\x67\x61\x63\x79\x5f\x62\x61\x73\x65\0\x74\x61\x73\x6b\x5f\x73\x69\x7a\
\x65\0\x68\x69\x67\x68\x65\x73\x74\x5f\x76\x6d\x5f\x65\x6e\x64\0\x70\x67\x64\0\
\x6d\x65\x6d\x62\x61\x72\x72\x69\x65\x72\x5f\x73\x74\x61\x74\x65\0\x6d\x6d\x5f\
\x75\x73\x65\x72\x73\0\x6d\x6d\x5f\x63\x6f\x75\x6e\x74\0\x70\x67\x74\x61\x62\
\x6c\x65\x73\x5f\x62\x79\x74\x65\x73\0\x6d\x61\x70\x5f\x63\x6f\x75\x6e\x74\0\
\x70\x61\x67\x65\x5f\x74\x61\x62\x6c\x65\x5f\x6c\x6f\x63\x6b\0\x6d\x6d\x61\x70\
\x5f\x6c\x6f\x63\x6b\0\x6d\x6d\x6c\x69\x73\x74\0\x68\x69\x77\x61\x74\x65\x72\
\x5f\x72\x73\x73\0\x68\x69\x77\x61\x74\x65\x72\x5f\x76\x6d\0\x74\x6f\x74\x61\
\x6c\x5f\x76\x6d\0\x6c\x6f\x63\x6b\x65\x64\x5f\x76\x6d\0\x70\x69\x6e\x6e\x65\
\x64\x5f\x76\x6d\0\x64\x61\x74\x61\x5f\x76\x6d\0\x65\x78\x65\x63\x5f\x76\x6d\0\
\x73\x74\x61\x63\x6b\x5f\x76\x6d\0\x64\x65\x66\x5f\x66\x6c\x61\x67\x73\0\x77\
\x72\x69\x74\x65\x5f\x70\x72\x6f\x74\x65\x63\x74\x5f\x73\x65\x71\0\x61\x72\x67\
\x5f\x6c\x6f\x63\x6b\0\x73\x74\x61\x72\x74\x5f\x63\x6f\x64\x65\0\x65\x6e\x64\
\x5f\x63\x6f\x64\x65\0\x73\x74\x61\x72\x74\x5f\x64\x61\x74\x61\0\x65\x6e\x64\
\x5f\x64\x61\x74\x61\0\x73\x74\x61\x72\x74\x5f\x62\x72\x6b\0\x62\x72\x6b\0\x73\
\x74\x61\x72\x74\x5f\x73\x74\x61\x63\x6b\0\x61\x72\x67\x5f\x73\x74\x61\x72\x74\
\0\x61\x72\x67\x5f\x65\x6e\x64\0\x65\x6e\x76\x5f\x73\x74\x61\x72\x74\0\x65\x6e\
\x76\x5f\x65\x6e\x64\0\x73\x61\x76\x65\x64\x5f\x61\x75\x78\x76\0\x62\x69\x6e\
\x66\x6d\x74\0\x63\x6f\x6e\x74\x65\x78\x74\0\x63\x6f\x72\x65\x5f\x73\x74\x61\
\x74\x65\0\x69\x6f\x63\x74\x78\x5f\x6c\x6f\x63\x6b\0\x69\x6f\x63\x74\x78\x5f\
\x74\x61\x62\x6c\x65\0\x65\x78\x65\x5f\x66\x69\x6c\x65\0\x74\x6c\x62\x5f\x66\
\x6c\x75\x73\x68\x5f\x70\x65\x6e\x64\x69\x6e\x67\0\x75\x70\x72\x6f\x62\x65\x73\
\x5f\x73\x74\x61\x74\x65\0\x61\x73\x79\x6e\x63\x5f\x70\x75\x74\x5f\x77\x6f\x72\
\x6b\0\x70\x61\x73\x69\x64\0\x6c\x72\x75\x5f\x67\x65\x6e\0\x66\x5f\x75\0\x66\
\x5f\x70\x61\x74\x68\0\x66\x5f\x69\x6e\x6f\x64\x65\0\x66\x5f\x6f\x70\0\x66\x5f\
\x6c\x6f\x63\x6b\0\x66\x5f\x77\x72\x69\x74\x65\x5f\x68\x69\x6e\x74\0\x66\x5f\
\x63\x6f\x75\x6e\x74\0\x66\x5f\x66\x6c\x61\x67\x73\0\x66\x5f\x6d\x6f\x64\x65\0\
\x66\x5f\x70\x6f\x73\x5f\x6c\x6f\x63\x6b\0\x66\x5f\x70\x6f\x73\0\x66\x5f\x6f\
\x77\x6e\x65\x72\0\x66\x5f\x63\x72\x65\x64\0\x66\x5f\x72\x61\0\x66\x5f\x76\x65\
\x72\x73\x69\x6f\x6e\0\x66\x5f\x73\x65\x63\x75\x72\x69\x74\x79\0\x70\x72\x69\
\x76\x61\x74\x65\x5f\x64\x61\x74\x61\0\x66\x5f\x65\x70\0\x66\x5f\x6d\x61\x70\
\x70\x69\x6e\x67\0\x66\x5f\x77\x62\x5f\x65\x72\x72\0\x66\x5f\x73\x62\x5f\x65\
\x72\x72\0\x66\x75\x5f\x6c\x6c\x69\x73\x74\0\x66\x75\x5f\x72\x63\x75\x68\x65\
\x61\x64\0\x70\x61\x74\x68\0\x6d\x6e\x74\0\x64\x65\x6e\x74\x72\x79\0\x6c\x69\
\x6e\x6b\x5f\x63\x6f\x75\x6e\x74\0\x72\x77\x5f\x68\x69\x6e\x74\0\x57\x52\x49\
\x54\x45\x5f\x4c\x49\x46\x45\x5f\x4e\x4f\x54\x5f\x53\x45\x54\0\x57\x52\x49\x54\
\x45\x5f\x4c\x49\x46\x45\x5f\x4e\x4f\x4e\x45\0\x57\x52\x49\x54\x45\x5f\x4c\x49\
\x46\x45\x5f\x53\x48\x4f\x52\x54\0\x57\x52\x49\x54\x45\x5f\x4c\x49\x46\x45\x5f\
\x4d\x45\x44\x49\x55\x4d\0\x57\x52\x49\x54\x45\x5f\x4c\x49\x46\x45\x5f\x4c\x4f\
\x4e\x47\0\x57\x52\x49\x54\x45\x5f\x4c\x49\x46\x45\x5f\x45\x58\x54\x52\x45\x4d\
\x45\0\x66\x6d\x6f\x64\x65\x5f\x74\0\x6c\x6f\x66\x66\x5f\x74\0\x5f\x5f\x6b\x65\
\x72\x6e\x65\x6c\x5f\x6c\x6f\x66\x66\x5f\x74\0\x66\x6f\x77\x6e\x5f\x73\x74\x72\
\x75\x63\x74\0\x70\x69\x64\x5f\x74\x79\x70\x65\0\x73\x69\x67\x6e\x75\x6d\0\x50\
\x49\x44\x54\x59\x50\x45\x5f\x50\x49\x44\0\x50\x49\x44\x54\x59\x50\x45\x5f\x54\
\x47\x49\x44\0\x50\x49\x44\x54\x59\x50\x45\x5f\x50\x47\x49\x44\0\x50\x49\x44\
\x54\x59\x50\x45\x5f\x53\x49\x44\0\x50\x49\x44\x54\x59\x50\x45\x5f\x4d\x41\x58\
\0\x66\x69\x6c\x65\x5f\x72\x61\x5f\x73\x74\x61\x74\x65\0\x73\x74\x61\x72\x74\0\
\x61\x73\x79\x6e\x63\x5f\x73\x69\x7a\x65\0\x72\x61\x5f\x70\x61\x67\x65\x73\0\
\x6d\x6d\x61\x70\x5f\x6d\x69\x73\x73\0\x70\x72\x65\x76\x5f\x70\x6f\x73\0\x65\
\x72\x72\x73\x65\x71\x5f\x74\0\x70\x67\x64\x5f\x74\0\x70\x67\x64\x76\x61\x6c\
\x5f\x74\0\x72\x77\x5f\x73\x65\x6d\x61\x70\x68\x6f\x72\x65\0\x6d\x6d\x5f\x72\
\x73\x73\x5f\x73\x74\x61\x74\0\x6d\x6d\x5f\x63\x6f\x6e\x74\x65\x78\x74\x5f\x74\
\0\x73\x69\x67\x70\x61\x67\x65\0\x76\x64\x73\x6f\0\x78\x6f\x6c\x5f\x61\x72\x65\
\x61\0\x77\x6f\x72\x6b\x5f\x73\x74\x72\x75\x63\x74\0\x77\x6f\x72\x6b\x5f\x66\
\x75\x6e\x63\x5f\x74\0\x62\x69\x74\x6d\x61\x70\0\x30\x3a\x30\x3a\x33\x35\0\x20\
\x20\x63\x6f\x6e\x73\x74\x20\x75\x69\x6e\x74\x70\x74\x72\x5f\x74\x20\x61\x72\
\x67\x5f\x65\x6e\x64\x20\x3d\x20\x28\x75\x69\x6e\x74\x70\x74\x72\x5f\x74\x29\
\x42\x50\x46\x5f\x43\x4f\x52\x45\x5f\x52\x45\x41\x44\x28\x74\x2c\x20\x6d\x6d\
\x2c\x20\x61\x72\x67\x5f\x65\x6e\x64\x29\x3b\0\x30\x3a\x30\x3a\x33\x36\0\x20\
\x20\x69\x66\x20\x28\x28\x61\x72\x67\x5f\x65\x6e\x64\x20\x2d\x20\x61\x72\x67\
\x5f\x73\x74\x61\x72\x74\x29\x20\x3e\x20\x73\x69\x7a\x65\x6f\x66\x28\x74\x61\
\x73\x6b\x5f\x69\x6e\x66\x6f\x2d\x3e\x63\x6f\x6d\x6d\x61\x6e\x64\x6c\x69\x6e\
\x65\x29\x29\x20\x7b\0\x20\x20\x62\x70\x66\x5f\x70\x72\x6f\x62\x65\x5f\x72\x65\
\x61\x64\x5f\x75\x73\x65\x72\x28\x74\x61\x73\x6b\x5f\x69\x6e\x66\x6f\x2d\x3e\
\x63\x6f\x6d\x6d\x61\x6e\x64\x6c\x69\x6e\x65\x2c\x20\x74\x61\x73\x6b\x5f\x69\
\x6e\x66\x6f\x2d\x3e\x63\x6f\x6d\x6d\x61\x6e\x64\x6c\x69\x6e\x65\x5f\x6c\x65\
\x6e\x2c\0\x20\x20\x69\x66\x20\x28\x74\x61\x73\x6b\x5f\x69\x6e\x66\x6f\x2d\x3e\
\x63\x6f\x6d\x6d\x61\x6e\x64\x6c\x69\x6e\x65\x5f\x6c\x65\x6e\x20\x3d\x3d\x20\
\x73\x69\x7a\x65\x6f\x66\x28\x74\x61\x73\x6b\x5f\x69\x6e\x66\x6f\x2d\x3e\x63\
\x6f\x6d\x6d\x61\x6e\x64\x6c\x69\x6e\x65\x29\x29\x20\x7b\0\x20\x20\x20\x20\x74\
\x61\x73\x6b\x5f\x69\x6e\x66\x6f\x2d\x3e\x63\x6f\x6d\x6d\x61\x6e\x64\x6c\x69\
\x6e\x65\x5b\x74\x61\x73\x6b\x5f\x69\x6e\x66\x6f\x2d\x3e\x63\x6f\x6d\x6d\x61\
\x6e\x64\x6c\x69\x6e\x65\x5f\x6c\x65\x6e\x20\x2d\x20\x31\x5d\x20\x3d\x20\x27\
\x5c\x30\x27\x3b\0\x20\x20\x73\x6c\x2d\x3e\x73\x6f\x63\x6b\x65\x74\x5f\x74\x79\
\x70\x65\x20\x3d\x20\x42\x50\x46\x5f\x43\x4f\x52\x45\x5f\x52\x45\x41\x44\x28\
\x73\x6f\x63\x6b\x65\x74\x2c\x20\x74\x79\x70\x65\x29\x3b\0\x20\x20\x73\x6c\x2d\
\x3e\x70\x6f\x72\x74\x20\x3d\x20\x42\x50\x46\x5f\x43\x4f\x52\x45\x5f\x52\x45\
\x41\x44\x28\x73\x6b\x2c\x20\x5f\x5f\x73\x6b\x5f\x63\x6f\x6d\x6d\x6f\x6e\x29\
\x2e\x73\x6b\x63\x5f\x6e\x75\x6d\x3b\0\x30\x3a\x32\x3a\x31\x3a\x31\0\x20\x20\
\x73\x6c\x2d\x3e\x69\x70\x76\x34\x5f\x61\x64\x64\x72\x20\x3d\x20\x42\x50\x46\
\x5f\x43\x4f\x52\x45\x5f\x52\x45\x41\x44\x28\x73\x6b\x2c\x20\x5f\x5f\x73\x6b\
\x5f\x63\x6f\x6d\x6d\x6f\x6e\x29\x2e\x73\x6b\x63\x5f\x72\x63\x76\x5f\x73\x61\
\x64\x64\x72\x3b\0\x30\x3a\x30\x3a\x31\x3a\x31\0\x20\x20\x20\x20\x20\x20\x42\
\x50\x46\x5f\x43\x4f\x52\x45\x5f\x52\x45\x41\x44\x28\x73\x6b\x2c\x20\x5f\x5f\
\x73\x6b\x5f\x63\x6f\x6d\x6d\x6f\x6e\x29\x2e\x73\x6b\x63\x5f\x76\x36\x5f\x72\
\x63\x76\x5f\x73\x61\x64\x64\x72\x2e\x69\x6e\x36\x5f\x75\x2e\x75\x36\x5f\x61\
\x64\x64\x72\x38\x2c\0\x30\x3a\x31\x34\x3a\x30\x3a\x30\0\x20\x20\x5f\x5f\x62\
\x75\x69\x6c\x74\x69\x6e\x5f\x6d\x65\x6d\x6d\x6f\x76\x65\x28\0\x20\x20\x62\x70\
\x66\x5f\x72\x69\x6e\x67\x62\x75\x66\x5f\x73\x75\x62\x6d\x69\x74\x28\x65\x76\
\x65\x6e\x74\x2c\x20\x30\x29\x3b\0\x63\x72\x6f\x73\x5f\x68\x61\x6e\x64\x6c\x65\
\x5f\x69\x70\x5f\x70\x72\x6f\x74\x6f\x63\x6f\x6c\x5f\x64\x65\x6c\x69\x76\x65\
\x72\x5f\x72\x63\x75\x5f\x65\x6e\x74\x65\x72\0\x72\x61\x77\x5f\x74\x72\x61\x63\
\x65\x70\x6f\x69\x6e\x74\x2f\x63\x72\x6f\x73\x5f\x69\x70\x5f\x70\x72\x6f\x74\
\x6f\x63\x6f\x6c\x5f\x64\x65\x6c\x69\x76\x65\x72\x5f\x72\x63\x75\x5f\x65\x6e\
\x74\x65\x72\0\x30\x3a\x30\x3a\x30\x3a\x32\x3a\x30\0\x69\x6e\x74\x20\x42\x50\
\x46\x5f\x50\x52\x4f\x47\x28\x63\x72\x6f\x73\x5f\x68\x61\x6e\x64\x6c\x65\x5f\
\x69\x70\x5f\x70\x72\x6f\x74\x6f\x63\x6f\x6c\x5f\x64\x65\x6c\x69\x76\x65\x72\
\x5f\x72\x63\x75\x5f\x65\x6e\x74\x65\x72\x2c\0\x20\x20\x73\x74\x72\x75\x63\x74\
\x20\x6e\x65\x74\x5f\x64\x65\x76\x69\x63\x65\x2a\x20\x64\x65\x76\x20\x3d\x20\
\x42\x50\x46\x5f\x43\x4f\x52\x45\x5f\x52\x45\x41\x44\x28\x73\x6b\x62\x2c\x20\
\x64\x65\x76\x29\x3b\0\x20\x20\x69\x66\x20\x28\x64\x65\x76\x20\x3d\x3d\x20\x4e\
\x55\x4c\x4c\x29\x20\x7b\0\x30\x3a\x34\x3a\x30\x3a\x30\0\x2f\x62\x75\x69\x6c\
\x64\x2f\x61\x72\x6d\x36\x34\x2d\x67\x65\x6e\x65\x72\x69\x63\x2f\x74\x6d\x70\
\x2f\x70\x6f\x72\x74\x61\x67\x65\x2f\x63\x68\x72\x6f\x6d\x65\x6f\x73\x2d\x62\
\x61\x73\x65\x2f\x73\x65\x63\x61\x67\x65\x6e\x74\x64\x2d\x39\x39\x39\x39\x2f\
\x77\x6f\x72\x6b\x2f\x73\x65\x63\x61\x67\x65\x6e\x74\x64\x2d\x39\x39\x39\x39\
\x2f\x70\x6c\x61\x74\x66\x6f\x72\x6d\x32\x2f\x73\x65\x63\x61\x67\x65\x6e\x74\
\x64\x2f\x62\x70\x66\x2f\x70\x6f\x72\x74\x2f\x69\x6e\x63\x6c\x75\x64\x65\x2f\
\x6c\x69\x6e\x75\x78\x2f\x73\x6b\x62\x5f\x62\x75\x66\x66\x2e\x68\0\x20\x20\x72\
\x65\x74\x75\x72\x6e\x20\x28\x73\x74\x72\x75\x63\x74\x20\x64\x73\x74\x5f\x65\
\x6e\x74\x72\x79\x2a\x29\x28\x42\x50\x46\x5f\x43\x4f\x52\x45\x5f\x52\x45\x41\
\x44\x28\x73\x6b\x62\x2c\x20\x5f\x73\x6b\x62\x5f\x72\x65\x66\x64\x73\x74\x29\
\x20\x26\0\x64\x73\x74\x5f\x65\x6e\x74\x72\x79\0\x5f\x6d\x65\x74\x72\x69\x63\
\x73\0\x78\x66\x72\x6d\0\x69\x6e\x70\x75\x74\0\x6f\x75\x74\x70\x75\x74\0\x6f\
\x62\x73\x6f\x6c\x65\x74\x65\0\x68\x65\x61\x64\x65\x72\x5f\x6c\x65\x6e\0\x74\
\x72\x61\x69\x6c\x65\x72\x5f\x6c\x65\x6e\0\x5f\x5f\x72\x65\x66\x63\x6e\x74\0\
\x5f\x5f\x75\x73\x65\0\x6c\x61\x73\x74\x75\x73\x65\0\x6c\x77\x74\x73\x74\x61\
\x74\x65\0\x65\x72\x72\x6f\x72\0\x5f\x5f\x70\x61\x64\0\x74\x63\x6c\x61\x73\x73\
\x69\x64\0\x70\x61\x73\x73\x69\x76\x65\0\x72\x75\x6c\x65\x73\x5f\x6d\x6f\x64\
\x5f\x6c\x6f\x63\x6b\0\x64\x65\x76\x5f\x75\x6e\x72\x65\x67\x5f\x63\x6f\x75\x6e\
\x74\0\x64\x65\x76\x5f\x62\x61\x73\x65\x5f\x73\x65\x71\0\x6e\x73\x69\x64\x5f\
\x6c\x6f\x63\x6b\0\x66\x6e\x68\x65\x5f\x67\x65\x6e\x69\x64\0\x65\x78\x69\x74\
\x5f\x6c\x69\x73\x74\0\x63\x6c\x65\x61\x6e\x75\x70\x5f\x6c\x69\x73\x74\0\x6b\
\x65\x79\x5f\x64\x6f\x6d\x61\x69\x6e\0\x6e\x65\x74\x6e\x73\x5f\x69\x64\x73\0\
\x64\x65\x76\x5f\x62\x61\x73\x65\x5f\x68\x65\x61\x64\0\x70\x72\x6f\x63\x5f\x6e\
\x65\x74\0\x70\x72\x6f\x63\x5f\x6e\x65\x74\x5f\x73\x74\x61\x74\0\x73\x79\x73\
\x63\x74\x6c\x73\0\x72\x74\x6e\x6c\0\x67\x65\x6e\x6c\x5f\x73\x6f\x63\x6b\0\x75\
\x65\x76\x65\x6e\x74\x5f\x73\x6f\x63\x6b\0\x64\x65\x76\x5f\x6e\x61\x6d\x65\x5f\
\x68\x65\x61\x64\0\x64\x65\x76\x5f\x69\x6e\x64\x65\x78\x5f\x68\x65\x61\x64\0\
\x6e\x65\x74\x64\x65\x76\x5f\x63\x68\x61\x69\x6e\0\x68\x61\x73\x68\x5f\x6d\x69\
\x78\0\x6c\x6f\x6f\x70\x62\x61\x63\x6b\x5f\x64\x65\x76\0\x72\x75\x6c\x65\x73\
\x5f\x6f\x70\x73\0\x63\x6f\x72\x65\0\x6d\x69\x62\0\x70\x61\x63\x6b\x65\x74\0\
\x75\x6e\x78\0\x6e\x65\x78\x74\x68\x6f\x70\0\x69\x70\x76\x34\0\x69\x70\x76\x36\
\0\x6e\x66\0\x63\x74\0\x77\x65\x78\x74\x5f\x6e\x6c\x65\x76\x65\x6e\x74\x73\0\
\x67\x65\x6e\0\x62\x70\x66\0\x6e\x65\x74\x5f\x63\x6f\x6f\x6b\x69\x65\0\x64\x69\
\x61\x67\x5f\x6e\x6c\x73\x6b\0\x69\x64\x72\0\x69\x64\x72\x5f\x72\x74\0\x69\x64\
\x72\x5f\x62\x61\x73\x65\0\x69\x64\x72\x5f\x6e\x65\x78\x74\0\x78\x61\x72\x72\
\x61\x79\0\x78\x61\x5f\x6c\x6f\x63\x6b\0\x78\x61\x5f\x66\x6c\x61\x67\x73\0\x78\
\x61\x5f\x68\x65\x61\x64\0\x6e\x73\x5f\x63\x6f\x6d\x6d\x6f\x6e\0\x73\x74\x61\
\x73\x68\x65\x64\0\x69\x6e\x75\x6d\0\x63\x74\x6c\x5f\x74\x61\x62\x6c\x65\x5f\
\x73\x65\x74\0\x69\x73\x5f\x73\x65\x65\x6e\0\x64\x69\x72\0\x63\x74\x6c\x5f\x64\
\x69\x72\0\x68\x65\x61\x64\x65\x72\0\x72\x6f\x6f\x74\0\x63\x74\x6c\x5f\x74\x61\
\x62\x6c\x65\x5f\x68\x65\x61\x64\x65\x72\0\x75\x6e\x72\x65\x67\x69\x73\x74\x65\
\x72\x69\x6e\x67\0\x63\x74\x6c\x5f\x74\x61\x62\x6c\x65\x5f\x61\x72\x67\0\x73\
\x65\x74\0\x69\x6e\x6f\x64\x65\x73\0\x63\x74\x6c\x5f\x74\x61\x62\x6c\x65\0\x75\
\x73\x65\x64\0\x6e\x72\x65\x67\0\x68\x6c\x69\x73\x74\x5f\x68\x65\x61\x64\0\x72\
\x61\x77\x5f\x6e\x6f\x74\x69\x66\x69\x65\x72\x5f\x68\x65\x61\x64\0\x6e\x65\x74\
\x6e\x73\x5f\x63\x6f\x72\x65\0\x73\x79\x73\x63\x74\x6c\x5f\x68\x64\x72\0\x73\
\x79\x73\x63\x74\x6c\x5f\x73\x6f\x6d\x61\x78\x63\x6f\x6e\x6e\0\x73\x79\x73\x63\
\x74\x6c\x5f\x61\x6e\x64\x72\x6f\x69\x64\x5f\x70\x61\x72\x61\x6e\x6f\x69\x64\0\
\x73\x6f\x63\x6b\x5f\x69\x6e\x75\x73\x65\0\x70\x72\x6f\x74\x5f\x69\x6e\x75\x73\
\x65\0\x6e\x65\x74\x6e\x73\x5f\x6d\x69\x62\0\x69\x70\x5f\x73\x74\x61\x74\x69\
\x73\x74\x69\x63\x73\0\x69\x70\x76\x36\x5f\x73\x74\x61\x74\x69\x73\x74\x69\x63\
\x73\0\x74\x63\x70\x5f\x73\x74\x61\x74\x69\x73\x74\x69\x63\x73\0\x6e\x65\x74\
\x5f\x73\x74\x61\x74\x69\x73\x74\x69\x63\x73\0\x75\x64\x70\x5f\x73\x74\x61\x74\
\x69\x73\x74\x69\x63\x73\0\x75\x64\x70\x5f\x73\x74\x61\x74\x73\x5f\x69\x6e\x36\
\0\x75\x64\x70\x6c\x69\x74\x65\x5f\x73\x74\x61\x74\x69\x73\x74\x69\x63\x73\0\
\x75\x64\x70\x6c\x69\x74\x65\x5f\x73\x74\x61\x74\x73\x5f\x69\x6e\x36\0\x69\x63\
\x6d\x70\x5f\x73\x74\x61\x74\x69\x73\x74\x69\x63\x73\0\x69\x63\x6d\x70\x6d\x73\
\x67\x5f\x73\x74\x61\x74\x69\x73\x74\x69\x63\x73\0\x69\x63\x6d\x70\x76\x36\x5f\
\x73\x74\x61\x74\x69\x73\x74\x69\x63\x73\0\x69\x63\x6d\x70\x76\x36\x6d\x73\x67\
\x5f\x73\x74\x61\x74\x69\x73\x74\x69\x63\x73\0\x70\x72\x6f\x63\x5f\x6e\x65\x74\
\x5f\x64\x65\x76\x73\x6e\x6d\x70\x36\0\x6e\x65\x74\x6e\x73\x5f\x70\x61\x63\x6b\
\x65\x74\0\x73\x6b\x6c\x69\x73\x74\x5f\x6c\x6f\x63\x6b\0\x73\x6b\x6c\x69\x73\
\x74\0\x6e\x65\x74\x6e\x73\x5f\x75\x6e\x69\x78\0\x73\x79\x73\x63\x74\x6c\x5f\
\x6d\x61\x78\x5f\x64\x67\x72\x61\x6d\x5f\x71\x6c\x65\x6e\0\x63\x74\x6c\0\x6e\
\x65\x74\x6e\x73\x5f\x6e\x65\x78\x74\x68\x6f\x70\0\x64\x65\x76\x68\x61\x73\x68\
\0\x73\x65\x71\0\x6c\x61\x73\x74\x5f\x69\x64\x5f\x61\x6c\x6c\x6f\x63\x61\x74\
\x65\x64\0\x6e\x6f\x74\x69\x66\x69\x65\x72\x5f\x63\x68\x61\x69\x6e\0\x62\x6c\
\x6f\x63\x6b\x69\x6e\x67\x5f\x6e\x6f\x74\x69\x66\x69\x65\x72\x5f\x68\x65\x61\
\x64\0\x72\x77\x73\x65\x6d\0\x6e\x65\x74\x6e\x73\x5f\x69\x70\x76\x34\0\x74\x63\
\x70\x5f\x64\x65\x61\x74\x68\x5f\x72\x6f\x77\0\x66\x6f\x72\x77\x5f\x68\x64\x72\
\0\x66\x72\x61\x67\x73\x5f\x68\x64\x72\0\x69\x70\x76\x34\x5f\x68\x64\x72\0\x72\
\x6f\x75\x74\x65\x5f\x68\x64\x72\0\x78\x66\x72\x6d\x34\x5f\x68\x64\x72\0\x64\
\x65\x76\x63\x6f\x6e\x66\x5f\x61\x6c\x6c\0\x64\x65\x76\x63\x6f\x6e\x66\x5f\x64\
\x66\x6c\x74\0\x72\x61\x5f\x63\x68\x61\x69\x6e\0\x72\x61\x5f\x6d\x75\x74\x65\
\x78\0\x66\x69\x62\x5f\x6d\x61\x69\x6e\0\x66\x69\x62\x5f\x64\x65\x66\x61\x75\
\x6c\x74\0\x66\x69\x62\x5f\x72\x75\x6c\x65\x73\x5f\x72\x65\x71\x75\x69\x72\x65\
\x5f\x66\x6c\x64\x69\x73\x73\x65\x63\x74\0\x66\x69\x62\x5f\x68\x61\x73\x5f\x63\
\x75\x73\x74\x6f\x6d\x5f\x72\x75\x6c\x65\x73\0\x66\x69\x62\x5f\x68\x61\x73\x5f\
\x63\x75\x73\x74\x6f\x6d\x5f\x6c\x6f\x63\x61\x6c\x5f\x72\x6f\x75\x74\x65\x73\0\
\x66\x69\x62\x5f\x6f\x66\x66\x6c\x6f\x61\x64\x5f\x64\x69\x73\x61\x62\x6c\x65\
\x64\0\x66\x69\x62\x5f\x74\x61\x62\x6c\x65\x5f\x68\x61\x73\x68\0\x66\x69\x62\
\x6e\x6c\0\x69\x63\x6d\x70\x5f\x73\x6b\0\x6d\x63\x5f\x61\x75\x74\x6f\x6a\x6f\
\x69\x6e\x5f\x73\x6b\0\x70\x65\x65\x72\x73\0\x66\x71\x64\x69\x72\0\x73\x79\x73\
\x63\x74\x6c\x5f\x69\x63\x6d\x70\x5f\x65\x63\x68\x6f\x5f\x69\x67\x6e\x6f\x72\
\x65\x5f\x61\x6c\x6c\0\x73\x79\x73\x63\x74\x6c\x5f\x69\x63\x6d\x70\x5f\x65\x63\
\x68\x6f\x5f\x65\x6e\x61\x62\x6c\x65\x5f\x70\x72\x6f\x62\x65\0\x73\x79\x73\x63\
\x74\x6c\x5f\x69\x63\x6d\x70\x5f\x65\x63\x68\x6f\x5f\x69\x67\x6e\x6f\x72\x65\
\x5f\x62\x72\x6f\x61\x64\x63\x61\x73\x74\x73\0\x73\x79\x73\x63\x74\x6c\x5f\x69\
\x63\x6d\x70\x5f\x69\x67\x6e\x6f\x72\x65\x5f\x62\x6f\x67\x75\x73\x5f\x65\x72\
\x72\x6f\x72\x5f\x72\x65\x73\x70\x6f\x6e\x73\x65\x73\0\x73\x79\x73\x63\x74\x6c\
\x5f\x69\x63\x6d\x70\x5f\x65\x72\x72\x6f\x72\x73\x5f\x75\x73\x65\x5f\x69\x6e\
\x62\x6f\x75\x6e\x64\x5f\x69\x66\x61\x64\x64\x72\0\x73\x79\x73\x63\x74\x6c\x5f\
\x69\x63\x6d\x70\x5f\x72\x61\x74\x65\x6c\x69\x6d\x69\x74\0\x73\x79\x73\x63\x74\
\x6c\x5f\x69\x63\x6d\x70\x5f\x72\x61\x74\x65\x6d\x61\x73\x6b\0\x69\x70\x5f\x6c\
\x6f\x63\x61\x6c\x5f\x70\x6f\x72\x74\x73\0\x73\x79\x73\x63\x74\x6c\x5f\x74\x63\
\x70\x5f\x65\x63\x6e\0\x73\x79\x73\x63\x74\x6c\x5f\x74\x63\x70\x5f\x65\x63\x6e\
\x5f\x66\x61\x6c\x6c\x62\x61\x63\x6b\0\x73\x79\x73\x63\x74\x6c\x5f\x69\x70\x5f\
\x64\x65\x66\x61\x75\x6c\x74\x5f\x74\x74\x6c\0\x73\x79\x73\x63\x74\x6c\x5f\x69\
\x70\x5f\x6e\x6f\x5f\x70\x6d\x74\x75\x5f\x64\x69\x73\x63\0\x73\x79\x73\x63\x74\
\x6c\x5f\x69\x70\x5f\x66\x77\x64\x5f\x75\x73\x65\x5f\x70\x6d\x74\x75\0\x73\x79\
\x73\x63\x74\x6c\x5f\x69\x70\x5f\x66\x77\x64\x5f\x75\x70\x64\x61\x74\x65\x5f\
\x70\x72\x69\x6f\x72\x69\x74\x79\0\x73\x79\x73\x63\x74\x6c\x5f\x69\x70\x5f\x6e\
\x6f\x6e\x6c\x6f\x63\x61\x6c\x5f\x62\x69\x6e\x64\0\x73\x79\x73\x63\x74\x6c\x5f\
\x69\x70\x5f\x61\x75\x74\x6f\x62\x69\x6e\x64\x5f\x72\x65\x75\x73\x65\0\x73\x79\
\x73\x63\x74\x6c\x5f\x69\x70\x5f\x64\x79\x6e\x61\x64\x64\x72\0\x73\x79\x73\x63\
\x74\x6c\x5f\x69\x70\x5f\x65\x61\x72\x6c\x79\x5f\x64\x65\x6d\x75\x78\0\x73\x79\
\x73\x63\x74\x6c\x5f\x74\x63\x70\x5f\x65\x61\x72\x6c\x79\x5f\x64\x65\x6d\x75\
\x78\0\x73\x79\x73\x63\x74\x6c\x5f\x75\x64\x70\x5f\x65\x61\x72\x6c\x79\x5f\x64\
\x65\x6d\x75\x78\0\x73\x79\x73\x63\x74\x6c\x5f\x6e\x65\x78\x74\x68\x6f\x70\x5f\
\x63\x6f\x6d\x70\x61\x74\x5f\x6d\x6f\x64\x65\0\x73\x79\x73\x63\x74\x6c\x5f\x66\
\x77\x6d\x61\x72\x6b\x5f\x72\x65\x66\x6c\x65\x63\x74\0\x73\x79\x73\x63\x74\x6c\
\x5f\x74\x63\x70\x5f\x66\x77\x6d\x61\x72\x6b\x5f\x61\x63\x63\x65\x70\x74\0\x73\
\x79\x73\x63\x74\x6c\x5f\x74\x63\x70\x5f\x64\x65\x66\x61\x75\x6c\x74\x5f\x69\
\x6e\x69\x74\x5f\x72\x77\x6e\x64\0\x73\x79\x73\x63\x74\x6c\x5f\x74\x63\x70\x5f\
\x6d\x74\x75\x5f\x70\x72\x6f\x62\x69\x6e\x67\0\x73\x79\x73\x63\x74\x6c\x5f\x74\
\x63\x70\x5f\x6d\x74\x75\x5f\x70\x72\x6f\x62\x65\x5f\x66\x6c\x6f\x6f\x72\0\x73\
\x79\x73\x63\x74\x6c\x5f\x74\x63\x70\x5f\x62\x61\x73\x65\x5f\x6d\x73\x73\0\x73\
\x79\x73\x63\x74\x6c\x5f\x74\x63\x70\x5f\x6d\x69\x6e\x5f\x73\x6e\x64\x5f\x6d\
\x73\x73\0\x73\x79\x73\x63\x74\x6c\x5f\x74\x63\x70\x5f\x70\x72\x6f\x62\x65\x5f\
\x74\x68\x72\x65\x73\x68\x6f\x6c\x64\0\x73\x79\x73\x63\x74\x6c\x5f\x74\x63\x70\
\x5f\x70\x72\x6f\x62\x65\x5f\x69\x6e\x74\x65\x72\x76\x61\x6c\0\x73\x79\x73\x63\
\x74\x6c\x5f\x74\x63\x70\x5f\x6b\x65\x65\x70\x61\x6c\x69\x76\x65\x5f\x74\x69\
\x6d\x65\0\x73\x79\x73\x63\x74\x6c\x5f\x74\x63\x70\x5f\x6b\x65\x65\x70\x61\x6c\
\x69\x76\x65\x5f\x69\x6e\x74\x76\x6c\0\x73\x79\x73\x63\x74\x6c\x5f\x74\x63\x70\
\x5f\x6b\x65\x65\x70\x61\x6c\x69\x76\x65\x5f\x70\x72\x6f\x62\x65\x73\0\x73\x79\
\x73\x63\x74\x6c\x5f\x74\x63\x70\x5f\x73\x79\x6e\x5f\x72\x65\x74\x72\x69\x65\
\x73\0\x73\x79\x73\x63\x74\x6c\x5f\x74\x63\x70\x5f\x73\x79\x6e\x61\x63\x6b\x5f\
\x72\x65\x74\x72\x69\x65\x73\0\x73\x79\x73\x63\x74\x6c\x5f\x74\x63\x70\x5f\x73\
\x79\x6e\x63\x6f\x6f\x6b\x69\x65\x73\0\x73\x79\x73\x63\x74\x6c\x5f\x74\x63\x70\
\x5f\x6d\x69\x67\x72\x61\x74\x65\x5f\x72\x65\x71\0\x73\x79\x73\x63\x74\x6c\x5f\
\x74\x63\x70\x5f\x72\x65\x6f\x72\x64\x65\x72\x69\x6e\x67\0\x73\x79\x73\x63\x74\
\x6c\x5f\x74\x63\x70\x5f\x72\x65\x74\x72\x69\x65\x73\x31\0\x73\x79\x73\x63\x74\
\x6c\x5f\x74\x63\x70\x5f\x72\x65\x74\x72\x69\x65\x73\x32\0\x73\x79\x73\x63\x74\
\x6c\x5f\x74\x63\x70\x5f\x6f\x72\x70\x68\x61\x6e\x5f\x72\x65\x74\x72\x69\x65\
\x73\0\x73\x79\x73\x63\x74\x6c\x5f\x74\x63\x70\x5f\x74\x77\x5f\x72\x65\x75\x73\
\x65\0\x73\x79\x73\x63\x74\x6c\x5f\x74\x63\x70\x5f\x66\x69\x6e\x5f\x74\x69\x6d\
\x65\x6f\x75\x74\0\x73\x79\x73\x63\x74\x6c\x5f\x74\x63\x70\x5f\x6e\x6f\x74\x73\
\x65\x6e\x74\x5f\x6c\x6f\x77\x61\x74\0\x73\x79\x73\x63\x74\x6c\x5f\x74\x63\x70\
\x5f\x73\x61\x63\x6b\0\x73\x79\x73\x63\x74\x6c\x5f\x74\x63\x70\x5f\x77\x69\x6e\
\x64\x6f\x77\x5f\x73\x63\x61\x6c\x69\x6e\x67\0\x73\x79\x73\x63\x74\x6c\x5f\x74\
\x63\x70\x5f\x74\x69\x6d\x65\x73\x74\x61\x6d\x70\x73\0\x73\x79\x73\x63\x74\x6c\
\x5f\x74\x63\x70\x5f\x65\x61\x72\x6c\x79\x5f\x72\x65\x74\x72\x61\x6e\x73\0\x73\
\x79\x73\x63\x74\x6c\x5f\x74\x63\x70\x5f\x72\x65\x63\x6f\x76\x65\x72\x79\0\x73\
\x79\x73\x63\x74\x6c\x5f\x74\x63\x70\x5f\x74\x68\x69\x6e\x5f\x6c\x69\x6e\x65\
\x61\x72\x5f\x74\x69\x6d\x65\x6f\x75\x74\x73\0\x73\x79\x73\x63\x74\x6c\x5f\x74\
\x63\x70\x5f\x73\x6c\x6f\x77\x5f\x73\x74\x61\x72\x74\x5f\x61\x66\x74\x65\x72\
\x5f\x69\x64\x6c\x65\0\x73\x79\x73\x63\x74\x6c\x5f\x74\x63\x70\x5f\x72\x65\x74\
\x72\x61\x6e\x73\x5f\x63\x6f\x6c\x6c\x61\x70\x73\x65\0\x73\x79\x73\x63\x74\x6c\
\x5f\x74\x63\x70\x5f\x73\x74\x64\x75\x72\x67\0\x73\x79\x73\x63\x74\x6c\x5f\x74\
\x63\x70\x5f\x72\x66\x63\x31\x33\x33\x37\0\x73\x79\x73\x63\x74\x6c\x5f\x74\x63\
\x70\x5f\x61\x62\x6f\x72\x74\x5f\x6f\x6e\x5f\x6f\x76\x65\x72\x66\x6c\x6f\x77\0\
\x73\x79\x73\x63\x74\x6c\x5f\x74\x63\x70\x5f\x66\x61\x63\x6b\0\x73\x79\x73\x63\
\x74\x6c\x5f\x74\x63\x70\x5f\x6d\x61\x78\x5f\x72\x65\x6f\x72\x64\x65\x72\x69\
\x6e\x67\0\x73\x79\x73\x63\x74\x6c\x5f\x74\x63\x70\x5f\x61\x64\x76\x5f\x77\x69\
\x6e\x5f\x73\x63\x61\x6c\x65\0\x73\x79\x73\x63\x74\x6c\x5f\x74\x63\x70\x5f\x64\
\x73\x61\x63\x6b\0\x73\x79\x73\x63\x74\x6c\x5f\x74\x63\x70\x5f\x61\x70\x70\x5f\
\x77\x69\x6e\0\x73\x79\x73\x63\x74\x6c\x5f\x74\x63\x70\x5f\x66\x72\x74\x6f\0\
\x73\x79\x73\x63\x74\x6c\x5f\x74\x63\x70\x5f\x6e\x6f\x6d\x65\x74\x72\x69\x63\
\x73\x5f\x73\x61\x76\x65\0\x73\x79\x73\x63\x74\x6c\x5f\x74\x63\x70\x5f\x6e\x6f\
\x5f\x73\x73\x74\x68\x72\x65\x73\x68\x5f\x6d\x65\x74\x72\x69\x63\x73\x5f\x73\
\x61\x76\x65\0\x73\x79\x73\x63\x74\x6c\x5f\x74\x63\x70\x5f\x6d\x6f\x64\x65\x72\
\x61\x74\x65\x5f\x72\x63\x76\x62\x75\x66\0\x73\x79\x73\x63\x74\x6c\x5f\x74\x63\
\x70\x5f\x74\x73\x6f\x5f\x77\x69\x6e\x5f\x64\x69\x76\x69\x73\x6f\x72\0\x73\x79\
\x73\x63\x74\x6c\x5f\x74\x63\x70\x5f\x77\x6f\x72\x6b\x61\x72\x6f\x75\x6e\x64\
\x5f\x73\x69\x67\x6e\x65\x64\x5f\x77\x69\x6e\x64\x6f\x77\x73\0\x73\x79\x73\x63\
\x74\x6c\x5f\x74\x63\x70\x5f\x6c\x69\x6d\x69\x74\x5f\x6f\x75\x74\x70\x75\x74\
\x5f\x62\x79\x74\x65\x73\0\x73\x79\x73\x63\x74\x6c\x5f\x74\x63\x70\x5f\x63\x68\
\x61\x6c\x6c\x65\x6e\x67\x65\x5f\x61\x63\x6b\x5f\x6c\x69\x6d\x69\x74\0\x73\x79\
\x73\x63\x74\x6c\x5f\x74\x63\x70\x5f\x6d\x69\x6e\x5f\x72\x74\x74\x5f\x77\x6c\
\x65\x6e\0\x73\x79\x73\x63\x74\x6c\x5f\x74\x63\x70\x5f\x6d\x69\x6e\x5f\x74\x73\
\x6f\x5f\x73\x65\x67\x73\0\x73\x79\x73\x63\x74\x6c\x5f\x74\x63\x70\x5f\x61\x75\
\x74\x6f\x63\x6f\x72\x6b\x69\x6e\x67\0\x73\x79\x73\x63\x74\x6c\x5f\x74\x63\x70\
\x5f\x72\x65\x66\x6c\x65\x63\x74\x5f\x74\x6f\x73\0\x73\x79\x73\x63\x74\x6c\x5f\
\x74\x63\x70\x5f\x63\x6f\x6d\x70\x5f\x73\x61\x63\x6b\x5f\x6e\x72\0\x73\x79\x73\
\x63\x74\x6c\x5f\x74\x63\x70\x5f\x69\x6e\x76\x61\x6c\x69\x64\x5f\x72\x61\x74\
\x65\x6c\x69\x6d\x69\x74\0\x73\x79\x73\x63\x74\x6c\x5f\x74\x63\x70\x5f\x70\x61\
\x63\x69\x6e\x67\x5f\x73\x73\x5f\x72\x61\x74\x69\x6f\0\x73\x79\x73\x63\x74\x6c\
\x5f\x74\x63\x70\x5f\x70\x61\x63\x69\x6e\x67\x5f\x63\x61\x5f\x72\x61\x74\x69\
\x6f\0\x73\x79\x73\x63\x74\x6c\x5f\x74\x63\x70\x5f\x77\x6d\x65\x6d\0\x73\x79\
\x73\x63\x74\x6c\x5f\x74\x63\x70\x5f\x72\x6d\x65\x6d\0\x73\x79\x73\x63\x74\x6c\
\x5f\x74\x63\x70\x5f\x63\x6f\x6d\x70\x5f\x73\x61\x63\x6b\x5f\x64\x65\x6c\x61\
\x79\x5f\x6e\x73\0\x73\x79\x73\x63\x74\x6c\x5f\x74\x63\x70\x5f\x63\x6f\x6d\x70\
\x5f\x73\x61\x63\x6b\x5f\x73\x6c\x61\x63\x6b\x5f\x6e\x73\0\x73\x79\x73\x63\x74\
\x6c\x5f\x6d\x61\x78\x5f\x73\x79\x6e\x5f\x62\x61\x63\x6b\x6c\x6f\x67\0\x73\x79\
\x73\x63\x74\x6c\x5f\x74\x63\x70\x5f\x66\x61\x73\x74\x6f\x70\x65\x6e\0\x74\x63\
\x70\x5f\x63\x6f\x6e\x67\x65\x73\x74\x69\x6f\x6e\x5f\x63\x6f\x6e\x74\x72\x6f\
\x6c\0\x74\x63\x70\x5f\x66\x61\x73\x74\x6f\x70\x65\x6e\x5f\x63\x74\x78\0\x73\
\x79\x73\x63\x74\x6c\x5f\x74\x63\x70\x5f\x66\x61\x73\x74\x6f\x70\x65\x6e\x5f\
\x62\x6c\x61\x63\x6b\x68\x6f\x6c\x65\x5f\x74\x69\x6d\x65\x6f\x75\x74\0\x74\x66\
\x6f\x5f\x61\x63\x74\x69\x76\x65\x5f\x64\x69\x73\x61\x62\x6c\x65\x5f\x74\x69\
\x6d\x65\x73\0\x74\x66\x6f\x5f\x61\x63\x74\x69\x76\x65\x5f\x64\x69\x73\x61\x62\
\x6c\x65\x5f\x73\x74\x61\x6d\x70\0\x73\x79\x73\x63\x74\x6c\x5f\x75\x64\x70\x5f\
\x77\x6d\x65\x6d\x5f\x6d\x69\x6e\0\x73\x79\x73\x63\x74\x6c\x5f\x75\x64\x70\x5f\
\x72\x6d\x65\x6d\x5f\x6d\x69\x6e\0\x73\x79\x73\x63\x74\x6c\x5f\x66\x69\x62\x5f\
\x6e\x6f\x74\x69\x66\x79\x5f\x6f\x6e\x5f\x66\x6c\x61\x67\x5f\x63\x68\x61\x6e\
\x67\x65\0\x73\x79\x73\x63\x74\x6c\x5f\x69\x67\x6d\x70\x5f\x6c\x6c\x6d\x5f\x72\
\x65\x70\x6f\x72\x74\x73\0\x73\x79\x73\x63\x74\x6c\x5f\x69\x67\x6d\x70\x5f\x6d\
\x61\x78\x5f\x6d\x65\x6d\x62\x65\x72\x73\x68\x69\x70\x73\0\x73\x79\x73\x63\x74\
\x6c\x5f\x69\x67\x6d\x70\x5f\x6d\x61\x78\x5f\x6d\x73\x66\0\x73\x79\x73\x63\x74\
\x6c\x5f\x69\x67\x6d\x70\x5f\x71\x72\x76\0\x70\x69\x6e\x67\x5f\x67\x72\x6f\x75\
\x70\x5f\x72\x61\x6e\x67\x65\0\x64\x65\x76\x5f\x61\x64\x64\x72\x5f\x67\x65\x6e\
\x69\x64\0\x73\x79\x73\x63\x74\x6c\x5f\x6c\x6f\x63\x61\x6c\x5f\x72\x65\x73\x65\
\x72\x76\x65\x64\x5f\x70\x6f\x72\x74\x73\0\x73\x79\x73\x63\x74\x6c\x5f\x69\x70\
\x5f\x70\x72\x6f\x74\x5f\x73\x6f\x63\x6b\0\x6d\x72\x74\0\x73\x79\x73\x63\x74\
\x6c\x5f\x66\x69\x62\x5f\x6d\x75\x6c\x74\x69\x70\x61\x74\x68\x5f\x68\x61\x73\
\x68\x5f\x66\x69\x65\x6c\x64\x73\0\x73\x79\x73\x63\x74\x6c\x5f\x66\x69\x62\x5f\
\x6d\x75\x6c\x74\x69\x70\x61\x74\x68\x5f\x75\x73\x65\x5f\x6e\x65\x69\x67\x68\0\
\x73\x79\x73\x63\x74\x6c\x5f\x66\x69\x62\x5f\x6d\x75\x6c\x74\x69\x70\x61\x74\
\x68\x5f\x68\x61\x73\x68\x5f\x70\x6f\x6c\x69\x63\x79\0\x6e\x6f\x74\x69\x66\x69\
\x65\x72\x5f\x6f\x70\x73\0\x66\x69\x62\x5f\x73\x65\x71\0\x69\x70\x6d\x72\x5f\
\x6e\x6f\x74\x69\x66\x69\x65\x72\x5f\x6f\x70\x73\0\x69\x70\x6d\x72\x5f\x73\x65\
\x71\0\x72\x74\x5f\x67\x65\x6e\x69\x64\0\x69\x70\x5f\x69\x64\x5f\x6b\x65\x79\0\
\x69\x6e\x65\x74\x5f\x74\x69\x6d\x65\x77\x61\x69\x74\x5f\x64\x65\x61\x74\x68\
\x5f\x72\x6f\x77\0\x74\x77\x5f\x63\x6f\x75\x6e\x74\0\x74\x77\x5f\x70\x61\x64\0\
\x68\x61\x73\x68\x69\x6e\x66\x6f\0\x73\x79\x73\x63\x74\x6c\x5f\x6d\x61\x78\x5f\
\x74\x77\x5f\x62\x75\x63\x6b\x65\x74\x73\0\x6c\x6f\x63\x61\x6c\x5f\x70\x6f\x72\
\x74\x73\0\x72\x61\x6e\x67\x65\0\x77\x61\x72\x6e\x65\x64\0\x73\x65\x71\x6c\x6f\
\x63\x6b\x5f\x74\0\x73\x69\x70\x68\x61\x73\x68\x5f\x6b\x65\x79\x5f\x74\0\x6e\
\x65\x74\x6e\x73\x5f\x69\x70\x76\x36\0\x69\x70\x36\x5f\x64\x73\x74\x5f\x6f\x70\
\x73\0\x73\x79\x73\x63\x74\x6c\0\x66\x69\x62\x36\x5f\x6e\x75\x6c\x6c\x5f\x65\
\x6e\x74\x72\x79\0\x69\x70\x36\x5f\x6e\x75\x6c\x6c\x5f\x65\x6e\x74\x72\x79\0\
\x72\x74\x36\x5f\x73\x74\x61\x74\x73\0\x69\x70\x36\x5f\x66\x69\x62\x5f\x74\x69\
\x6d\x65\x72\0\x66\x69\x62\x36\x5f\x6d\x61\x69\x6e\x5f\x74\x62\x6c\0\x66\x69\
\x62\x36\x5f\x77\x61\x6c\x6b\x65\x72\x73\0\x66\x69\x62\x36\x5f\x77\x61\x6c\x6b\
\x65\x72\x5f\x6c\x6f\x63\x6b\0\x66\x69\x62\x36\x5f\x67\x63\x5f\x6c\x6f\x63\x6b\
\0\x69\x70\x36\x5f\x72\x74\x5f\x67\x63\x5f\x65\x78\x70\x69\x72\x65\0\x69\x70\
\x36\x5f\x72\x74\x5f\x6c\x61\x73\x74\x5f\x67\x63\0\x66\x6c\x6f\x77\x6c\x61\x62\
\x65\x6c\x5f\x68\x61\x73\x5f\x65\x78\x63\x6c\0\x66\x69\x62\x36\x5f\x68\x61\x73\
\x5f\x63\x75\x73\x74\x6f\x6d\x5f\x72\x75\x6c\x65\x73\0\x66\x69\x62\x36\x5f\x72\
\x75\x6c\x65\x73\x5f\x72\x65\x71\x75\x69\x72\x65\x5f\x66\x6c\x64\x69\x73\x73\
\x65\x63\x74\0\x69\x70\x36\x5f\x70\x72\x6f\x68\x69\x62\x69\x74\x5f\x65\x6e\x74\
\x72\x79\0\x69\x70\x36\x5f\x62\x6c\x6b\x5f\x68\x6f\x6c\x65\x5f\x65\x6e\x74\x72\
\x79\0\x66\x69\x62\x36\x5f\x6c\x6f\x63\x61\x6c\x5f\x74\x62\x6c\0\x66\x69\x62\
\x36\x5f\x72\x75\x6c\x65\x73\x5f\x6f\x70\x73\0\x6e\x64\x69\x73\x63\x5f\x73\x6b\
\0\x74\x63\x70\x5f\x73\x6b\0\x69\x67\x6d\x70\x5f\x73\x6b\0\x66\x69\x62\x36\x5f\
\x73\x65\x72\x6e\x75\x6d\0\x73\x65\x67\x36\x5f\x64\x61\x74\x61\0\x69\x70\x36\
\x6d\x72\x5f\x6e\x6f\x74\x69\x66\x69\x65\x72\x5f\x6f\x70\x73\0\x69\x70\x36\x61\
\x64\x64\x72\x6c\x62\x6c\x5f\x74\x61\x62\x6c\x65\0\x69\x6f\x61\x6d\x36\x5f\x64\
\x61\x74\x61\0\x64\x73\x74\x5f\x6f\x70\x73\0\x67\x63\x5f\x74\x68\x72\x65\x73\
\x68\0\x67\x63\0\x63\x68\x65\x63\x6b\0\x64\x65\x66\x61\x75\x6c\x74\x5f\x61\x64\
\x76\x6d\x73\x73\0\x6d\x74\x75\0\x63\x6f\x77\x5f\x6d\x65\x74\x72\x69\x63\x73\0\
\x69\x66\x64\x6f\x77\x6e\0\x6e\x65\x67\x61\x74\x69\x76\x65\x5f\x61\x64\x76\x69\
\x63\x65\0\x6c\x69\x6e\x6b\x5f\x66\x61\x69\x6c\x75\x72\x65\0\x75\x70\x64\x61\
\x74\x65\x5f\x70\x6d\x74\x75\0\x72\x65\x64\x69\x72\x65\x63\x74\0\x6c\x6f\x63\
\x61\x6c\x5f\x6f\x75\x74\0\x6e\x65\x69\x67\x68\x5f\x6c\x6f\x6f\x6b\x75\x70\0\
\x63\x6f\x6e\x66\x69\x72\x6d\x5f\x6e\x65\x69\x67\x68\0\x6b\x6d\x65\x6d\x5f\x63\
\x61\x63\x68\x65\x70\0\x70\x63\x70\x75\x63\x5f\x65\x6e\x74\x72\x69\x65\x73\0\
\x6e\x65\x74\x5f\x64\x65\x76\x69\x63\x65\0\x6e\x61\x6d\x65\0\x6e\x61\x6d\x65\
\x5f\x6e\x6f\x64\x65\0\x69\x66\x61\x6c\x69\x61\x73\0\x6d\x65\x6d\x5f\x65\x6e\
\x64\0\x6d\x65\x6d\x5f\x73\x74\x61\x72\x74\0\x62\x61\x73\x65\x5f\x61\x64\x64\
\x72\0\x64\x65\x76\x5f\x6c\x69\x73\x74\0\x6e\x61\x70\x69\x5f\x6c\x69\x73\x74\0\
\x75\x6e\x72\x65\x67\x5f\x6c\x69\x73\x74\0\x63\x6c\x6f\x73\x65\x5f\x6c\x69\x73\
\x74\0\x70\x74\x79\x70\x65\x5f\x61\x6c\x6c\0\x70\x74\x79\x70\x65\x5f\x73\x70\
\x65\x63\x69\x66\x69\x63\0\x61\x64\x6a\x5f\x6c\x69\x73\x74\0\x70\x72\x69\x76\
\x5f\x66\x6c\x61\x67\x73\0\x6e\x65\x74\x64\x65\x76\x5f\x6f\x70\x73\0\x67\x66\
\x6c\x61\x67\x73\0\x68\x61\x72\x64\x5f\x68\x65\x61\x64\x65\x72\x5f\x6c\x65\x6e\
\0\x6e\x65\x65\x64\x65\x64\x5f\x68\x65\x61\x64\x72\x6f\x6f\x6d\0\x6e\x65\x65\
\x64\x65\x64\x5f\x74\x61\x69\x6c\x72\x6f\x6f\x6d\0\x66\x65\x61\x74\x75\x72\x65\
\x73\0\x68\x77\x5f\x66\x65\x61\x74\x75\x72\x65\x73\0\x77\x61\x6e\x74\x65\x64\
\x5f\x66\x65\x61\x74\x75\x72\x65\x73\0\x76\x6c\x61\x6e\x5f\x66\x65\x61\x74\x75\
\x72\x65\x73\0\x68\x77\x5f\x65\x6e\x63\x5f\x66\x65\x61\x74\x75\x72\x65\x73\0\
\x6d\x70\x6c\x73\x5f\x66\x65\x61\x74\x75\x72\x65\x73\0\x67\x73\x6f\x5f\x70\x61\
\x72\x74\x69\x61\x6c\x5f\x66\x65\x61\x74\x75\x72\x65\x73\0\x6d\x69\x6e\x5f\x6d\
\x74\x75\0\x6d\x61\x78\x5f\x6d\x74\x75\0\x6d\x69\x6e\x5f\x68\x65\x61\x64\x65\
\x72\x5f\x6c\x65\x6e\0\x6e\x61\x6d\x65\x5f\x61\x73\x73\x69\x67\x6e\x5f\x74\x79\
\x70\x65\0\x67\x72\x6f\x75\x70\0\x72\x78\x5f\x64\x72\x6f\x70\x70\x65\x64\0\x74\
\x78\x5f\x64\x72\x6f\x70\x70\x65\x64\0\x72\x78\x5f\x6e\x6f\x68\x61\x6e\x64\x6c\
\x65\x72\0\x63\x61\x72\x72\x69\x65\x72\x5f\x75\x70\x5f\x63\x6f\x75\x6e\x74\0\
\x63\x61\x72\x72\x69\x65\x72\x5f\x64\x6f\x77\x6e\x5f\x63\x6f\x75\x6e\x74\0\x65\
\x74\x68\x74\x6f\x6f\x6c\x5f\x6f\x70\x73\0\x6e\x64\x69\x73\x63\x5f\x6f\x70\x73\
\0\x68\x65\x61\x64\x65\x72\x5f\x6f\x70\x73\0\x6f\x70\x65\x72\x73\x74\x61\x74\
\x65\0\x6c\x69\x6e\x6b\x5f\x6d\x6f\x64\x65\0\x69\x66\x5f\x70\x6f\x72\x74\0\x64\
\x6d\x61\0\x70\x65\x72\x6d\x5f\x61\x64\x64\x72\0\x61\x64\x64\x72\x5f\x61\x73\
\x73\x69\x67\x6e\x5f\x74\x79\x70\x65\0\x61\x64\x64\x72\x5f\x6c\x65\x6e\0\x75\
\x70\x70\x65\x72\x5f\x6c\x65\x76\x65\x6c\0\x6c\x6f\x77\x65\x72\x5f\x6c\x65\x76\
\x65\x6c\0\x6e\x65\x69\x67\x68\x5f\x70\x72\x69\x76\x5f\x6c\x65\x6e\0\x64\x65\
\x76\x5f\x69\x64\0\x64\x65\x76\x5f\x70\x6f\x72\x74\0\x70\x61\x64\x64\x65\x64\0\
\x61\x64\x64\x72\x5f\x6c\x69\x73\x74\x5f\x6c\x6f\x63\x6b\0\x69\x72\x71\0\x75\
\x63\0\x6d\x63\0\x64\x65\x76\x5f\x61\x64\x64\x72\x73\0\x71\x75\x65\x75\x65\x73\
\x5f\x6b\x73\x65\x74\0\x70\x72\x6f\x6d\x69\x73\x63\x75\x69\x74\x79\0\x61\x6c\
\x6c\x6d\x75\x6c\x74\x69\0\x75\x63\x5f\x70\x72\x6f\x6d\x69\x73\x63\0\x76\x6c\
\x61\x6e\x5f\x69\x6e\x66\x6f\0\x69\x70\x5f\x70\x74\x72\0\x69\x70\x36\x5f\x70\
\x74\x72\0\x69\x65\x65\x65\x38\x30\x32\x31\x31\x5f\x70\x74\x72\0\x69\x65\x65\
\x65\x38\x30\x32\x31\x35\x34\x5f\x70\x74\x72\0\x64\x65\x76\x5f\x61\x64\x64\x72\
\0\x5f\x72\x78\0\x6e\x75\x6d\x5f\x72\x78\x5f\x71\x75\x65\x75\x65\x73\0\x72\x65\
\x61\x6c\x5f\x6e\x75\x6d\x5f\x72\x78\x5f\x71\x75\x65\x75\x65\x73\0\x78\x64\x70\
\x5f\x70\x72\x6f\x67\0\x67\x72\x6f\x5f\x66\x6c\x75\x73\x68\x5f\x74\x69\x6d\x65\
\x6f\x75\x74\0\x6e\x61\x70\x69\x5f\x64\x65\x66\x65\x72\x5f\x68\x61\x72\x64\x5f\
\x69\x72\x71\x73\0\x72\x78\x5f\x68\x61\x6e\x64\x6c\x65\x72\0\x72\x78\x5f\x68\
\x61\x6e\x64\x6c\x65\x72\x5f\x64\x61\x74\x61\0\x6d\x69\x6e\x69\x71\x5f\x69\x6e\
\x67\x72\x65\x73\x73\0\x69\x6e\x67\x72\x65\x73\x73\x5f\x71\x75\x65\x75\x65\0\
\x6e\x66\x5f\x68\x6f\x6f\x6b\x73\x5f\x69\x6e\x67\x72\x65\x73\x73\0\x62\x72\x6f\
\x61\x64\x63\x61\x73\x74\0\x72\x78\x5f\x63\x70\x75\x5f\x72\x6d\x61\x70\0\x69\
\x6e\x64\x65\x78\x5f\x68\x6c\x69\x73\x74\0\x5f\x74\x78\0\x6e\x75\x6d\x5f\x74\
\x78\x5f\x71\x75\x65\x75\x65\x73\0\x72\x65\x61\x6c\x5f\x6e\x75\x6d\x5f\x74\x78\
\x5f\x71\x75\x65\x75\x65\x73\0\x71\x64\x69\x73\x63\0\x74\x78\x5f\x71\x75\x65\
\x75\x65\x5f\x6c\x65\x6e\0\x74\x78\x5f\x67\x6c\x6f\x62\x61\x6c\x5f\x6c\x6f\x63\
\x6b\0\x78\x64\x70\x5f\x62\x75\x6c\x6b\x71\0\x78\x70\x73\x5f\x6d\x61\x70\x73\0\
\x6d\x69\x6e\x69\x71\x5f\x65\x67\x72\x65\x73\x73\0\x71\x64\x69\x73\x63\x5f\x68\
\x61\x73\x68\0\x77\x61\x74\x63\x68\x64\x6f\x67\x5f\x74\x69\x6d\x65\x72\0\x77\
\x61\x74\x63\x68\x64\x6f\x67\x5f\x74\x69\x6d\x65\x6f\0\x70\x72\x6f\x74\x6f\x5f\
\x64\x6f\x77\x6e\x5f\x72\x65\x61\x73\x6f\x6e\0\x74\x6f\x64\x6f\x5f\x6c\x69\x73\
\x74\0\x70\x63\x70\x75\x5f\x72\x65\x66\x63\x6e\x74\0\x6c\x69\x6e\x6b\x5f\x77\
\x61\x74\x63\x68\x5f\x6c\x69\x73\x74\0\x72\x65\x67\x5f\x73\x74\x61\x74\x65\0\
\x64\x69\x73\x6d\x61\x6e\x74\x6c\x65\0\x72\x74\x6e\x6c\x5f\x6c\x69\x6e\x6b\x5f\
\x73\x74\x61\x74\x65\0\x6e\x65\x65\x64\x73\x5f\x66\x72\x65\x65\x5f\x6e\x65\x74\
\x64\x65\x76\0\x70\x72\x69\x76\x5f\x64\x65\x73\x74\x72\x75\x63\x74\x6f\x72\0\
\x6e\x64\x5f\x6e\x65\x74\0\x6d\x6c\x5f\x70\x72\x69\x76\0\x6d\x6c\x5f\x70\x72\
\x69\x76\x5f\x74\x79\x70\x65\0\x73\x79\x73\x66\x73\x5f\x67\x72\x6f\x75\x70\x73\
\0\x73\x79\x73\x66\x73\x5f\x72\x78\x5f\x71\x75\x65\x75\x65\x5f\x67\x72\x6f\x75\
\x70\0\x72\x74\x6e\x6c\x5f\x6c\x69\x6e\x6b\x5f\x6f\x70\x73\0\x67\x73\x6f\x5f\
\x6d\x61\x78\x5f\x73\x69\x7a\x65\0\x67\x73\x6f\x5f\x6d\x61\x78\x5f\x73\x65\x67\
\x73\0\x6e\x75\x6d\x5f\x74\x63\0\x74\x63\x5f\x74\x6f\x5f\x74\x78\x71\0\x70\x72\
\x69\x6f\x5f\x74\x63\x5f\x6d\x61\x70\0\x70\x68\x79\x64\x65\x76\0\x73\x66\x70\
\x5f\x62\x75\x73\0\x71\x64\x69\x73\x63\x5f\x74\x78\x5f\x62\x75\x73\x79\x6c\x6f\
\x63\x6b\0\x71\x64\x69\x73\x63\x5f\x72\x75\x6e\x6e\x69\x6e\x67\x5f\x6b\x65\x79\
\0\x70\x72\x6f\x74\x6f\x5f\x64\x6f\x77\x6e\0\x77\x6f\x6c\x5f\x65\x6e\x61\x62\
\x6c\x65\x64\0\x74\x68\x72\x65\x61\x64\x65\x64\0\x6e\x65\x74\x5f\x6e\x6f\x74\
\x69\x66\x69\x65\x72\x5f\x6c\x69\x73\x74\0\x75\x64\x70\x5f\x74\x75\x6e\x6e\x65\
\x6c\x5f\x6e\x69\x63\x5f\x69\x6e\x66\x6f\0\x75\x64\x70\x5f\x74\x75\x6e\x6e\x65\
\x6c\x5f\x6e\x69\x63\0\x78\x64\x70\x5f\x73\x74\x61\x74\x65\0\x75\x70\x70\x65\
\x72\0\x6c\x6f\x77\x65\x72\0\x6e\x65\x74\x5f\x64\x65\x76\x69\x63\x65\x5f\x73\
\x74\x61\x74\x73\0\x72\x78\x5f\x70\x61\x63\x6b\x65\x74\x73\0\x5f\x5f\x72\x78\
\x5f\x70\x61\x63\x6b\x65\x74\x73\0\x74\x78\x5f\x70\x61\x63\x6b\x65\x74\x73\0\
\x5f\x5f\x74\x78\x5f\x70\x61\x63\x6b\x65\x74\x73\0\x5f\x5f\x72\x78\x5f\x62\x79\
\x74\x65\x73\0\x5f\x5f\x74\x78\x5f\x62\x79\x74\x65\x73\0\x72\x78\x5f\x65\x72\
\x72\x6f\x72\x73\0\x5f\x5f\x72\x78\x5f\x65\x72\x72\x6f\x72\x73\0\x74\x78\x5f\
\x65\x72\x72\x6f\x72\x73\0\x5f\x5f\x74\x78\x5f\x65\x72\x72\x6f\x72\x73\0\x5f\
\x5f\x72\x78\x5f\x64\x72\x6f\x70\x70\x65\x64\0\x5f\x5f\x74\x78\x5f\x64\x72\x6f\
\x70\x70\x65\x64\0\x6d\x75\x6c\x74\x69\x63\x61\x73\x74\0\x5f\x5f\x6d\x75\x6c\
\x74\x69\x63\x61\x73\x74\0\x63\x6f\x6c\x6c\x69\x73\x69\x6f\x6e\x73\0\x5f\x5f\
\x63\x6f\x6c\x6c\x69\x73\x69\x6f\x6e\x73\0\x72\x78\x5f\x6c\x65\x6e\x67\x74\x68\
\x5f\x65\x72\x72\x6f\x72\x73\0\x5f\x5f\x72\x78\x5f\x6c\x65\x6e\x67\x74\x68\x5f\
\x65\x72\x72\x6f\x72\x73\0\x72\x78\x5f\x6f\x76\x65\x72\x5f\x65\x72\x72\x6f\x72\
\x73\0\x5f\x5f\x72\x78\x5f\x6f\x76\x65\x72\x5f\x65\x72\x72\x6f\x72\x73\0\x72\
\x78\x5f\x63\x72\x63\x5f\x65\x72\x72\x6f\x72\x73\0\x5f\x5f\x72\x78\x5f\x63\x72\
\x63\x5f\x65\x72\x72\x6f\x72\x73\0\x72\x78\x5f\x66\x72\x61\x6d\x65\x5f\x65\x72\
\x72\x6f\x72\x73\0\x5f\x5f\x72\x78\x5f\x66\x72\x61\x6d\x65\x5f\x65\x72\x72\x6f\
\x72\x73\0\x72\x78\x5f\x66\x69\x66\x6f\x5f\x65\x72\x72\x6f\x72\x73\0\x5f\x5f\
\x72\x78\x5f\x66\x69\x66\x6f\x5f\x65\x72\x72\x6f\x72\x73\0\x72\x78\x5f\x6d\x69\
\x73\x73\x65\x64\x5f\x65\x72\x72\x6f\x72\x73\0\x5f\x5f\x72\x78\x5f\x6d\x69\x73\
\x73\x65\x64\x5f\x65\x72\x72\x6f\x72\x73\0\x74\x78\x5f\x61\x62\x6f\x72\x74\x65\
\x64\x5f\x65\x72\x72\x6f\x72\x73\0\x5f\x5f\x74\x78\x5f\x61\x62\x6f\x72\x74\x65\
\x64\x5f\x65\x72\x72\x6f\x72\x73\0\x74\x78\x5f\x63\x61\x72\x72\x69\x65\x72\x5f\
\x65\x72\x72\x6f\x72\x73\0\x5f\x5f\x74\x78\x5f\x63\x61\x72\x72\x69\x65\x72\x5f\
\x65\x72\x72\x6f\x72\x73\0\x74\x78\x5f\x66\x69\x66\x6f\x5f\x65\x72\x72\x6f\x72\
\x73\0\x5f\x5f\x74\x78\x5f\x66\x69\x66\x6f\x5f\x65\x72\x72\x6f\x72\x73\0\x74\
\x78\x5f\x68\x65\x61\x72\x74\x62\x65\x61\x74\x5f\x65\x72\x72\x6f\x72\x73\0\x5f\
\x5f\x74\x78\x5f\x68\x65\x61\x72\x74\x62\x65\x61\x74\x5f\x65\x72\x72\x6f\x72\
\x73\0\x74\x78\x5f\x77\x69\x6e\x64\x6f\x77\x5f\x65\x72\x72\x6f\x72\x73\0\x5f\
\x5f\x74\x78\x5f\x77\x69\x6e\x64\x6f\x77\x5f\x65\x72\x72\x6f\x72\x73\0\x72\x78\
\x5f\x63\x6f\x6d\x70\x72\x65\x73\x73\x65\x64\0\x5f\x5f\x72\x78\x5f\x63\x6f\x6d\
\x70\x72\x65\x73\x73\x65\x64\0\x74\x78\x5f\x63\x6f\x6d\x70\x72\x65\x73\x73\x65\
\x64\0\x5f\x5f\x74\x78\x5f\x63\x6f\x6d\x70\x72\x65\x73\x73\x65\x64\0\x6e\x65\
\x74\x64\x65\x76\x5f\x68\x77\x5f\x61\x64\x64\x72\x5f\x6c\x69\x73\x74\0\x72\x78\
\x5f\x68\x61\x6e\x64\x6c\x65\x72\x5f\x66\x75\x6e\x63\x5f\x74\0\x72\x78\x5f\x68\
\x61\x6e\x64\x6c\x65\x72\x5f\x72\x65\x73\x75\x6c\x74\x5f\x74\0\x72\x78\x5f\x68\
\x61\x6e\x64\x6c\x65\x72\x5f\x72\x65\x73\x75\x6c\x74\0\x52\x58\x5f\x48\x41\x4e\
\x44\x4c\x45\x52\x5f\x43\x4f\x4e\x53\x55\x4d\x45\x44\0\x52\x58\x5f\x48\x41\x4e\
\x44\x4c\x45\x52\x5f\x41\x4e\x4f\x54\x48\x45\x52\0\x52\x58\x5f\x48\x41\x4e\x44\
\x4c\x45\x52\x5f\x45\x58\x41\x43\x54\0\x52\x58\x5f\x48\x41\x4e\x44\x4c\x45\x52\
\x5f\x50\x41\x53\x53\0\x78\x70\x73\x5f\x64\x65\x76\x5f\x6d\x61\x70\x73\0\x6e\
\x72\x5f\x69\x64\x73\0\x61\x74\x74\x72\x5f\x6d\x61\x70\0\x73\x31\x36\0\x5f\x5f\
\x73\x31\x36\0\x78\x70\x73\x5f\x6d\x61\x70\0\x61\x6c\x6c\x6f\x63\x5f\x6c\x65\
\x6e\0\x71\x75\x65\x75\x65\x73\0\x4e\x45\x54\x52\x45\x47\x5f\x55\x4e\x49\x4e\
\x49\x54\x49\x41\x4c\x49\x5a\x45\x44\0\x4e\x45\x54\x52\x45\x47\x5f\x52\x45\x47\
\x49\x53\x54\x45\x52\x45\x44\0\x4e\x45\x54\x52\x45\x47\x5f\x55\x4e\x52\x45\x47\
\x49\x53\x54\x45\x52\x49\x4e\x47\0\x4e\x45\x54\x52\x45\x47\x5f\x55\x4e\x52\x45\
\x47\x49\x53\x54\x45\x52\x45\x44\0\x4e\x45\x54\x52\x45\x47\x5f\x52\x45\x4c\x45\
\x41\x53\x45\x44\0\x4e\x45\x54\x52\x45\x47\x5f\x44\x55\x4d\x4d\x59\0\x52\x54\
\x4e\x4c\x5f\x4c\x49\x4e\x4b\x5f\x49\x4e\x49\x54\x49\x41\x4c\x49\x5a\x45\x44\0\
\x52\x54\x4e\x4c\x5f\x4c\x49\x4e\x4b\x5f\x49\x4e\x49\x54\x49\x41\x4c\x49\x5a\
\x49\x4e\x47\0\x6e\x65\x74\x64\x65\x76\x5f\x6d\x6c\x5f\x70\x72\x69\x76\x5f\x74\
\x79\x70\x65\0\x4d\x4c\x5f\x50\x52\x49\x56\x5f\x4e\x4f\x4e\x45\0\x4d\x4c\x5f\
\x50\x52\x49\x56\x5f\x43\x41\x4e\0\x6c\x73\x74\x61\x74\x73\0\x74\x73\x74\x61\
\x74\x73\0\x64\x73\x74\x61\x74\x73\0\x70\x63\x70\x75\x5f\x64\x73\x74\x61\x74\
\x73\0\x64\x65\x76\x69\x63\x65\0\x6b\x6f\x62\x6a\0\x70\0\x69\x6e\x69\x74\x5f\
\x6e\x61\x6d\x65\0\x62\x75\x73\0\x64\x72\x69\x76\x65\x72\0\x70\x6c\x61\x74\x66\
\x6f\x72\x6d\x5f\x64\x61\x74\x61\0\x64\x72\x69\x76\x65\x72\x5f\x64\x61\x74\x61\
\0\x6c\x69\x6e\x6b\x73\0\x70\x6f\x77\x65\x72\0\x70\x6d\x5f\x64\x6f\x6d\x61\x69\
\x6e\0\x65\x6d\x5f\x70\x64\0\x6d\x73\x69\x5f\x64\x6f\x6d\x61\x69\x6e\0\x70\x69\
\x6e\x73\0\x6d\x73\x69\x5f\x6c\x6f\x63\x6b\0\x6d\x73\x69\x5f\x6c\x69\x73\x74\0\
\x64\x6d\x61\x5f\x6f\x70\x73\0\x64\x6d\x61\x5f\x6d\x61\x73\x6b\0\x63\x6f\x68\
\x65\x72\x65\x6e\x74\x5f\x64\x6d\x61\x5f\x6d\x61\x73\x6b\0\x62\x75\x73\x5f\x64\
\x6d\x61\x5f\x6c\x69\x6d\x69\x74\0\x64\x6d\x61\x5f\x72\x61\x6e\x67\x65\x5f\x6d\
\x61\x70\0\x64\x6d\x61\x5f\x70\x61\x72\x6d\x73\0\x64\x6d\x61\x5f\x70\x6f\x6f\
\x6c\x73\0\x64\x6d\x61\x5f\x6d\x65\x6d\0\x64\x6d\x61\x5f\x69\x6f\x5f\x74\x6c\
\x62\x5f\x6d\x65\x6d\0\x61\x72\x63\x68\x64\x61\x74\x61\0\x6f\x66\x5f\x6e\x6f\
\x64\x65\0\x66\x77\x6e\x6f\x64\x65\0\x64\x65\x76\x74\0\x64\x65\x76\x72\x65\x73\
\x5f\x6c\x6f\x63\x6b\0\x64\x65\x76\x72\x65\x73\x5f\x68\x65\x61\x64\0\x63\x6c\
\x61\x73\x73\0\x67\x72\x6f\x75\x70\x73\0\x72\x65\x6c\x65\x61\x73\x65\0\x69\x6f\
\x6d\x6d\x75\x5f\x67\x72\x6f\x75\x70\0\x69\x6f\x6d\x6d\x75\0\x70\x68\x79\x73\
\x69\x63\x61\x6c\x5f\x6c\x6f\x63\x61\x74\x69\x6f\x6e\0\x72\x65\x6d\x6f\x76\x61\
\x62\x6c\x65\0\x63\x6f\x72\x65\x64\x75\x6d\x70\x5f\x64\x69\x73\x61\x62\x6c\x65\
\x64\0\x6f\x66\x66\x6c\x69\x6e\x65\x5f\x64\x69\x73\x61\x62\x6c\x65\x64\0\x6f\
\x66\x66\x6c\x69\x6e\x65\0\x6f\x66\x5f\x6e\x6f\x64\x65\x5f\x72\x65\x75\x73\x65\
\x64\0\x73\x74\x61\x74\x65\x5f\x73\x79\x6e\x63\x65\x64\0\x63\x61\x6e\x5f\x6d\
\x61\x74\x63\x68\0\x64\x6d\x61\x5f\x63\x6f\x68\x65\x72\x65\x6e\x74\0\x6b\x6f\
\x62\x6a\x65\x63\x74\0\x6b\x73\x65\x74\0\x6b\x74\x79\x70\x65\0\x73\x64\0\x6b\
\x72\x65\x66\0\x73\x74\x61\x74\x65\x5f\x69\x6e\x69\x74\x69\x61\x6c\x69\x7a\x65\
\x64\0\x73\x74\x61\x74\x65\x5f\x69\x6e\x5f\x73\x79\x73\x66\x73\0\x73\x74\x61\
\x74\x65\x5f\x61\x64\x64\x5f\x75\x65\x76\x65\x6e\x74\x5f\x73\x65\x6e\x74\0\x73\
\x74\x61\x74\x65\x5f\x72\x65\x6d\x6f\x76\x65\x5f\x75\x65\x76\x65\x6e\x74\x5f\
\x73\x65\x6e\x74\0\x75\x65\x76\x65\x6e\x74\x5f\x73\x75\x70\x70\x72\x65\x73\x73\
\0\x64\x65\x76\x5f\x6c\x69\x6e\x6b\x73\x5f\x69\x6e\x66\x6f\0\x73\x75\x70\x70\
\x6c\x69\x65\x72\x73\0\x63\x6f\x6e\x73\x75\x6d\x65\x72\x73\0\x64\x65\x66\x65\
\x72\x5f\x73\x79\x6e\x63\0\x73\x74\x61\x74\x75\x73\0\x64\x6c\x5f\x64\x65\x76\
\x5f\x73\x74\x61\x74\x65\0\x44\x4c\x5f\x44\x45\x56\x5f\x4e\x4f\x5f\x44\x52\x49\
\x56\x45\x52\0\x44\x4c\x5f\x44\x45\x56\x5f\x50\x52\x4f\x42\x49\x4e\x47\0\x44\
\x4c\x5f\x44\x45\x56\x5f\x44\x52\x49\x56\x45\x52\x5f\x42\x4f\x55\x4e\x44\0\x44\
\x4c\x5f\x44\x45\x56\x5f\x55\x4e\x42\x49\x4e\x44\x49\x4e\x47\0\x64\x65\x76\x5f\
\x70\x6d\x5f\x69\x6e\x66\x6f\0\x70\x6f\x77\x65\x72\x5f\x73\x74\x61\x74\x65\0\
\x63\x61\x6e\x5f\x77\x61\x6b\x65\x75\x70\0\x61\x73\x79\x6e\x63\x5f\x73\x75\x73\
\x70\x65\x6e\x64\0\x69\x6e\x5f\x64\x70\x6d\x5f\x6c\x69\x73\x74\0\x69\x73\x5f\
\x70\x72\x65\x70\x61\x72\x65\x64\0\x69\x73\x5f\x73\x75\x73\x70\x65\x6e\x64\x65\
\x64\0\x69\x73\x5f\x6e\x6f\x69\x72\x71\x5f\x73\x75\x73\x70\x65\x6e\x64\x65\x64\
\0\x69\x73\x5f\x6c\x61\x74\x65\x5f\x73\x75\x73\x70\x65\x6e\x64\x65\x64\0\x6e\
\x6f\x5f\x70\x6d\0\x65\x61\x72\x6c\x79\x5f\x69\x6e\x69\x74\0\x64\x69\x72\x65\
\x63\x74\x5f\x63\x6f\x6d\x70\x6c\x65\x74\x65\0\x64\x72\x69\x76\x65\x72\x5f\x66\
\x6c\x61\x67\x73\0\x63\x6f\x6d\x70\x6c\x65\x74\x69\x6f\x6e\0\x77\x61\x6b\x65\
\x75\x70\0\x77\x61\x6b\x65\x75\x70\x5f\x70\x61\x74\x68\0\x73\x79\x73\x63\x6f\
\x72\x65\0\x6e\x6f\x5f\x70\x6d\x5f\x63\x61\x6c\x6c\x62\x61\x63\x6b\x73\0\x6d\
\x75\x73\x74\x5f\x72\x65\x73\x75\x6d\x65\0\x6d\x61\x79\x5f\x73\x6b\x69\x70\x5f\
\x72\x65\x73\x75\x6d\x65\0\x73\x75\x73\x70\x65\x6e\x64\x5f\x74\x69\x6d\x65\x72\
\0\x74\x69\x6d\x65\x72\x5f\x65\x78\x70\x69\x72\x65\x73\0\x77\x6f\x72\x6b\0\x77\
\x61\x69\x74\x5f\x71\x75\x65\x75\x65\0\x77\x61\x6b\x65\x69\x72\x71\0\x75\x73\
\x61\x67\x65\x5f\x63\x6f\x75\x6e\x74\0\x64\x69\x73\x61\x62\x6c\x65\x5f\x64\x65\
\x70\x74\x68\0\x69\x64\x6c\x65\x5f\x6e\x6f\x74\x69\x66\x69\x63\x61\x74\x69\x6f\
\x6e\0\x72\x65\x71\x75\x65\x73\x74\x5f\x70\x65\x6e\x64\x69\x6e\x67\0\x64\x65\
\x66\x65\x72\x72\x65\x64\x5f\x72\x65\x73\x75\x6d\x65\0\x6e\x65\x65\x64\x73\x5f\
\x66\x6f\x72\x63\x65\x5f\x72\x65\x73\x75\x6d\x65\0\x72\x75\x6e\x74\x69\x6d\x65\
\x5f\x61\x75\x74\x6f\0\x69\x67\x6e\x6f\x72\x65\x5f\x63\x68\x69\x6c\x64\x72\x65\
\x6e\0\x6e\x6f\x5f\x63\x61\x6c\x6c\x62\x61\x63\x6b\x73\0\x69\x72\x71\x5f\x73\
\x61\x66\x65\0\x75\x73\x65\x5f\x61\x75\x74\x6f\x73\x75\x73\x70\x65\x6e\x64\0\
\x74\x69\x6d\x65\x72\x5f\x61\x75\x74\x6f\x73\x75\x73\x70\x65\x6e\x64\x73\0\x6d\
\x65\x6d\x61\x6c\x6c\x6f\x63\x5f\x6e\x6f\x69\x6f\0\x6c\x69\x6e\x6b\x73\x5f\x63\
\x6f\x75\x6e\x74\0\x72\x65\x71\x75\x65\x73\x74\0\x72\x75\x6e\x74\x69\x6d\x65\
\x5f\x73\x74\x61\x74\x75\x73\0\x72\x75\x6e\x74\x69\x6d\x65\x5f\x65\x72\x72\x6f\
\x72\0\x61\x75\x74\x6f\x73\x75\x73\x70\x65\x6e\x64\x5f\x64\x65\x6c\x61\x79\0\
\x6c\x61\x73\x74\x5f\x62\x75\x73\x79\0\x61\x63\x74\x69\x76\x65\x5f\x74\x69\x6d\
\x65\0\x73\x75\x73\x70\x65\x6e\x64\x65\x64\x5f\x74\x69\x6d\x65\0\x61\x63\x63\
\x6f\x75\x6e\x74\x69\x6e\x67\x5f\x74\x69\x6d\x65\x73\x74\x61\x6d\x70\0\x73\x75\
\x62\x73\x79\x73\x5f\x64\x61\x74\x61\0\x73\x65\x74\x5f\x6c\x61\x74\x65\x6e\x63\
\x79\x5f\x74\x6f\x6c\x65\x72\x61\x6e\x63\x65\0\x71\x6f\x73\0\x70\x6d\x5f\x6d\
\x65\x73\x73\x61\x67\x65\x5f\x74\0\x70\x6d\x5f\x6d\x65\x73\x73\x61\x67\x65\0\
\x65\x76\x65\x6e\x74\0\x64\x6f\x6e\x65\0\x73\x77\x61\x69\x74\x5f\x71\x75\x65\
\x75\x65\x5f\x68\x65\x61\x64\0\x74\x61\x73\x6b\x5f\x6c\x69\x73\x74\0\x72\x70\
\x6d\x5f\x72\x65\x71\x75\x65\x73\x74\0\x52\x50\x4d\x5f\x52\x45\x51\x5f\x4e\x4f\
\x4e\x45\0\x52\x50\x4d\x5f\x52\x45\x51\x5f\x49\x44\x4c\x45\0\x52\x50\x4d\x5f\
\x52\x45\x51\x5f\x53\x55\x53\x50\x45\x4e\x44\0\x52\x50\x4d\x5f\x52\x45\x51\x5f\
\x41\x55\x54\x4f\x53\x55\x53\x50\x45\x4e\x44\0\x52\x50\x4d\x5f\x52\x45\x51\x5f\
\x52\x45\x53\x55\x4d\x45\0\x72\x70\x6d\x5f\x73\x74\x61\x74\x75\x73\0\x52\x50\
\x4d\x5f\x41\x43\x54\x49\x56\x45\0\x52\x50\x4d\x5f\x52\x45\x53\x55\x4d\x49\x4e\
\x47\0\x52\x50\x4d\x5f\x53\x55\x53\x50\x45\x4e\x44\x45\x44\0\x52\x50\x4d\x5f\
\x53\x55\x53\x50\x45\x4e\x44\x49\x4e\x47\0\x64\x65\x76\x5f\x61\x72\x63\x68\x64\
\x61\x74\x61\0\x64\x65\x76\x5f\x74\0\x5f\x5f\x6b\x65\x72\x6e\x65\x6c\x5f\x64\
\x65\x76\x5f\x74\0\x64\x65\x76\x69\x63\x65\x5f\x72\x65\x6d\x6f\x76\x61\x62\x6c\
\x65\0\x44\x45\x56\x49\x43\x45\x5f\x52\x45\x4d\x4f\x56\x41\x42\x4c\x45\x5f\x4e\
\x4f\x54\x5f\x53\x55\x50\x50\x4f\x52\x54\x45\x44\0\x44\x45\x56\x49\x43\x45\x5f\
\x52\x45\x4d\x4f\x56\x41\x42\x4c\x45\x5f\x55\x4e\x4b\x4e\x4f\x57\x4e\0\x44\x45\
\x56\x49\x43\x45\x5f\x46\x49\x58\x45\x44\0\x44\x45\x56\x49\x43\x45\x5f\x52\x45\
\x4d\x4f\x56\x41\x42\x4c\x45\0\x61\x74\x74\x72\x69\x62\x75\x74\x65\x5f\x67\x72\
\x6f\x75\x70\0\x69\x73\x5f\x76\x69\x73\x69\x62\x6c\x65\0\x69\x73\x5f\x62\x69\
\x6e\x5f\x76\x69\x73\x69\x62\x6c\x65\0\x61\x74\x74\x72\x73\0\x62\x69\x6e\x5f\
\x61\x74\x74\x72\x73\0\x75\x6d\x6f\x64\x65\x5f\x74\0\x61\x74\x74\x72\x69\x62\
\x75\x74\x65\0\x62\x69\x6e\x5f\x61\x74\x74\x72\x69\x62\x75\x74\x65\0\x72\x65\
\x61\x64\0\x77\x72\x69\x74\x65\0\x61\x64\x64\x72\x65\x73\x73\x5f\x73\x70\x61\
\x63\x65\0\x68\x6f\x73\x74\0\x69\x5f\x70\x61\x67\x65\x73\0\x69\x6e\x76\x61\x6c\
\x69\x64\x61\x74\x65\x5f\x6c\x6f\x63\x6b\0\x67\x66\x70\x5f\x6d\x61\x73\x6b\0\
\x69\x5f\x6d\x6d\x61\x70\x5f\x77\x72\x69\x74\x61\x62\x6c\x65\0\x69\x5f\x6d\x6d\
\x61\x70\0\x69\x5f\x6d\x6d\x61\x70\x5f\x72\x77\x73\x65\x6d\0\x6e\x72\x70\x61\
\x67\x65\x73\0\x77\x72\x69\x74\x65\x62\x61\x63\x6b\x5f\x69\x6e\x64\x65\x78\0\
\x61\x5f\x6f\x70\x73\0\x77\x62\x5f\x65\x72\x72\0\x70\x72\x69\x76\x61\x74\x65\
\x5f\x6c\x6f\x63\x6b\0\x70\x72\x69\x76\x61\x74\x65\x5f\x6c\x69\x73\x74\0\x73\
\x73\x69\x7a\x65\x5f\x74\0\x5f\x5f\x6b\x65\x72\x6e\x65\x6c\x5f\x73\x73\x69\x7a\
\x65\x5f\x74\0\x5f\x5f\x6b\x65\x72\x6e\x65\x6c\x5f\x6c\x6f\x6e\x67\x5f\x74\0\
\x6e\x65\x74\x64\x65\x76\x5f\x74\x63\x5f\x74\x78\x71\0\x62\x70\x66\x5f\x78\x64\
\x70\x5f\x65\x6e\x74\x69\x74\x79\0\x6c\x69\x6e\x6b\0\x6e\x65\x69\x67\x68\x62\
\x6f\x75\x72\0\x74\x62\x6c\0\x70\x61\x72\x6d\x73\0\x63\x6f\x6e\x66\x69\x72\x6d\
\x65\x64\0\x75\x70\x64\x61\x74\x65\x64\0\x61\x72\x70\x5f\x71\x75\x65\x75\x65\
\x5f\x6c\x65\x6e\x5f\x62\x79\x74\x65\x73\0\x61\x72\x70\x5f\x71\x75\x65\x75\x65\
\0\x70\x72\x6f\x62\x65\x73\0\x6e\x75\x64\x5f\x73\x74\x61\x74\x65\0\x68\x61\x5f\
\x6c\x6f\x63\x6b\0\x68\x61\0\x68\x68\0\x67\x63\x5f\x6c\x69\x73\x74\0\x70\x72\
\x69\x6d\x61\x72\x79\x5f\x6b\x65\x79\0\x68\x68\x5f\x63\x61\x63\x68\x65\0\x68\
\x68\x5f\x6c\x65\x6e\0\x68\x68\x5f\x6c\x6f\x63\x6b\0\x68\x68\x5f\x64\x61\x74\
\x61\0\x70\x65\x72\x63\x70\x75\x5f\x63\x6f\x75\x6e\x74\x65\x72\0\x63\x6f\x75\
\x6e\x74\x65\x72\x73\0\x6e\x65\x74\x6e\x73\x5f\x73\x79\x73\x63\x74\x6c\x5f\x69\
\x70\x76\x36\0\x68\x64\x72\0\x69\x63\x6d\x70\x5f\x68\x64\x72\0\x78\x66\x72\x6d\
\x36\x5f\x68\x64\x72\0\x66\x6c\x75\x73\x68\x5f\x64\x65\x6c\x61\x79\0\x69\x70\
\x36\x5f\x72\x74\x5f\x6d\x61\x78\x5f\x73\x69\x7a\x65\0\x69\x70\x36\x5f\x72\x74\
\x5f\x67\x63\x5f\x6d\x69\x6e\x5f\x69\x6e\x74\x65\x72\x76\x61\x6c\0\x69\x70\x36\
\x5f\x72\x74\x5f\x67\x63\x5f\x74\x69\x6d\x65\x6f\x75\x74\0\x69\x70\x36\x5f\x72\
\x74\x5f\x67\x63\x5f\x69\x6e\x74\x65\x72\x76\x61\x6c\0\x69\x70\x36\x5f\x72\x74\
\x5f\x67\x63\x5f\x65\x6c\x61\x73\x74\x69\x63\x69\x74\x79\0\x69\x70\x36\x5f\x72\
\x74\x5f\x6d\x74\x75\x5f\x65\x78\x70\x69\x72\x65\x73\0\x69\x70\x36\x5f\x72\x74\
\x5f\x6d\x69\x6e\x5f\x61\x64\x76\x6d\x73\x73\0\x6d\x75\x6c\x74\x69\x70\x61\x74\
\x68\x5f\x68\x61\x73\x68\x5f\x66\x69\x65\x6c\x64\x73\0\x6d\x75\x6c\x74\x69\x70\
\x61\x74\x68\x5f\x68\x61\x73\x68\x5f\x70\x6f\x6c\x69\x63\x79\0\x62\x69\x6e\x64\
\x76\x36\x6f\x6e\x6c\x79\0\x66\x6c\x6f\x77\x6c\x61\x62\x65\x6c\x5f\x63\x6f\x6e\
\x73\x69\x73\x74\x65\x6e\x63\x79\0\x61\x75\x74\x6f\x5f\x66\x6c\x6f\x77\x6c\x61\
\x62\x65\x6c\x73\0\x69\x63\x6d\x70\x76\x36\x5f\x74\x69\x6d\x65\0\x69\x63\x6d\
\x70\x76\x36\x5f\x65\x63\x68\x6f\x5f\x69\x67\x6e\x6f\x72\x65\x5f\x61\x6c\x6c\0\
\x69\x63\x6d\x70\x76\x36\x5f\x65\x63\x68\x6f\x5f\x69\x67\x6e\x6f\x72\x65\x5f\
\x6d\x75\x6c\x74\x69\x63\x61\x73\x74\0\x69\x63\x6d\x70\x76\x36\x5f\x65\x63\x68\
\x6f\x5f\x69\x67\x6e\x6f\x72\x65\x5f\x61\x6e\x79\x63\x61\x73\x74\0\x69\x63\x6d\
\x70\x76\x36\x5f\x72\x61\x74\x65\x6d\x61\x73\x6b\0\x69\x63\x6d\x70\x76\x36\x5f\
\x72\x61\x74\x65\x6d\x61\x73\x6b\x5f\x70\x74\x72\0\x61\x6e\x79\x63\x61\x73\x74\
\x5f\x73\x72\x63\x5f\x65\x63\x68\x6f\x5f\x72\x65\x70\x6c\x79\0\x69\x70\x5f\x6e\
\x6f\x6e\x6c\x6f\x63\x61\x6c\x5f\x62\x69\x6e\x64\0\x66\x77\x6d\x61\x72\x6b\x5f\
\x72\x65\x66\x6c\x65\x63\x74\0\x66\x6c\x6f\x77\x6c\x61\x62\x65\x6c\x5f\x73\x74\
\x61\x74\x65\x5f\x72\x61\x6e\x67\x65\x73\0\x69\x64\x67\x65\x6e\x5f\x72\x65\x74\
\x72\x69\x65\x73\0\x69\x64\x67\x65\x6e\x5f\x64\x65\x6c\x61\x79\0\x66\x6c\x6f\
\x77\x6c\x61\x62\x65\x6c\x5f\x72\x65\x66\x6c\x65\x63\x74\0\x6d\x61\x78\x5f\x64\
\x73\x74\x5f\x6f\x70\x74\x73\x5f\x63\x6e\x74\0\x6d\x61\x78\x5f\x68\x62\x68\x5f\
\x6f\x70\x74\x73\x5f\x63\x6e\x74\0\x6d\x61\x78\x5f\x64\x73\x74\x5f\x6f\x70\x74\
\x73\x5f\x6c\x65\x6e\0\x6d\x61\x78\x5f\x68\x62\x68\x5f\x6f\x70\x74\x73\x5f\x6c\
\x65\x6e\0\x73\x65\x67\x36\x5f\x66\x6c\x6f\x77\x6c\x61\x62\x65\x6c\0\x69\x6f\
\x61\x6d\x36\x5f\x69\x64\0\x69\x6f\x61\x6d\x36\x5f\x69\x64\x5f\x77\x69\x64\x65\
\0\x73\x6b\x69\x70\x5f\x6e\x6f\x74\x69\x66\x79\x5f\x6f\x6e\x5f\x64\x65\x76\x5f\
\x64\x6f\x77\x6e\0\x66\x69\x62\x5f\x6e\x6f\x74\x69\x66\x79\x5f\x6f\x6e\x5f\x66\
\x6c\x61\x67\x5f\x63\x68\x61\x6e\x67\x65\0\x6e\x65\x74\x6e\x73\x5f\x6e\x66\0\
\x70\x72\x6f\x63\x5f\x6e\x65\x74\x66\x69\x6c\x74\x65\x72\0\x6e\x66\x5f\x6c\x6f\
\x67\x67\x65\x72\x73\0\x6e\x66\x5f\x6c\x6f\x67\x5f\x64\x69\x72\x5f\x68\x65\x61\
\x64\x65\x72\0\x68\x6f\x6f\x6b\x73\x5f\x69\x70\x76\x34\0\x68\x6f\x6f\x6b\x73\
\x5f\x69\x70\x76\x36\0\x64\x65\x66\x72\x61\x67\x5f\x69\x70\x76\x34\x5f\x75\x73\
\x65\x72\x73\0\x64\x65\x66\x72\x61\x67\x5f\x69\x70\x76\x36\x5f\x75\x73\x65\x72\
\x73\0\x6e\x66\x5f\x6c\x6f\x67\x67\x65\x72\0\x6c\x6f\x67\x66\x6e\0\x6d\x65\0\
\x6e\x66\x5f\x6c\x6f\x67\x5f\x74\x79\x70\x65\0\x4e\x46\x5f\x4c\x4f\x47\x5f\x54\
\x59\x50\x45\x5f\x4c\x4f\x47\0\x4e\x46\x5f\x4c\x4f\x47\x5f\x54\x59\x50\x45\x5f\
\x55\x4c\x4f\x47\0\x4e\x46\x5f\x4c\x4f\x47\x5f\x54\x59\x50\x45\x5f\x4d\x41\x58\
\0\x6e\x66\x5f\x6c\x6f\x67\x66\x6e\0\x75\x5f\x69\x6e\x74\x38\x5f\x74\0\x6e\x66\
\x5f\x6c\x6f\x67\x69\x6e\x66\x6f\0\x75\0\x75\x6c\x6f\x67\0\x6c\x6f\x67\0\x63\
\x6f\x70\x79\x5f\x6c\x65\x6e\0\x71\x74\x68\x72\x65\x73\x68\x6f\x6c\x64\0\x75\
\x5f\x69\x6e\x74\x33\x32\x5f\x74\0\x75\x5f\x69\x6e\x74\x31\x36\x5f\x74\0\x6c\
\x65\x76\x65\x6c\0\x6c\x6f\x67\x66\x6c\x61\x67\x73\0\x6e\x66\x5f\x68\x6f\x6f\
\x6b\x5f\x65\x6e\x74\x72\x69\x65\x73\0\x6e\x75\x6d\x5f\x68\x6f\x6f\x6b\x5f\x65\
\x6e\x74\x72\x69\x65\x73\0\x68\x6f\x6f\x6b\x73\0\x6e\x66\x5f\x68\x6f\x6f\x6b\
\x5f\x65\x6e\x74\x72\x79\0\x68\x6f\x6f\x6b\0\x70\x72\x69\x76\0\x6e\x66\x5f\x68\
\x6f\x6f\x6b\x66\x6e\0\x6e\x66\x5f\x68\x6f\x6f\x6b\x5f\x73\x74\x61\x74\x65\0\
\x70\x66\0\x69\x6e\0\x6f\x75\x74\0\x6f\x6b\x66\x6e\0\x6e\x65\x74\x6e\x73\x5f\
\x63\x74\0\x65\x63\x61\x63\x68\x65\x5f\x64\x77\x6f\x72\x6b\x5f\x70\x65\x6e\x64\
\x69\x6e\x67\0\x73\x79\x73\x63\x74\x6c\x5f\x6c\x6f\x67\x5f\x69\x6e\x76\x61\x6c\
\x69\x64\0\x73\x79\x73\x63\x74\x6c\x5f\x65\x76\x65\x6e\x74\x73\0\x73\x79\x73\
\x63\x74\x6c\x5f\x61\x63\x63\x74\0\x73\x79\x73\x63\x74\x6c\x5f\x61\x75\x74\x6f\
\x5f\x61\x73\x73\x69\x67\x6e\x5f\x68\x65\x6c\x70\x65\x72\0\x73\x79\x73\x63\x74\
\x6c\x5f\x74\x73\x74\x61\x6d\x70\0\x73\x79\x73\x63\x74\x6c\x5f\x63\x68\x65\x63\
\x6b\x73\x75\x6d\0\x70\x63\x70\x75\x5f\x6c\x69\x73\x74\x73\0\x73\x74\x61\x74\0\
\x6e\x66\x5f\x63\x6f\x6e\x6e\x74\x72\x61\x63\x6b\x5f\x65\x76\x65\x6e\x74\x5f\
\x63\x62\0\x6e\x66\x5f\x63\x74\x5f\x70\x72\x6f\x74\x6f\0\x6e\x66\x5f\x69\x70\
\x5f\x6e\x65\x74\0\x67\x65\x6e\x65\x72\x69\x63\0\x74\x63\x70\0\x75\x64\x70\0\
\x69\x63\x6d\x70\0\x69\x63\x6d\x70\x76\x36\0\x67\x72\x65\0\x6e\x66\x5f\x67\x65\
\x6e\x65\x72\x69\x63\x5f\x6e\x65\x74\0\x6e\x66\x5f\x74\x63\x70\x5f\x6e\x65\x74\
\0\x74\x69\x6d\x65\x6f\x75\x74\x73\0\x74\x63\x70\x5f\x6c\x6f\x6f\x73\x65\0\x74\
\x63\x70\x5f\x62\x65\x5f\x6c\x69\x62\x65\x72\x61\x6c\0\x74\x63\x70\x5f\x6d\x61\
\x78\x5f\x72\x65\x74\x72\x61\x6e\x73\0\x74\x63\x70\x5f\x69\x67\x6e\x6f\x72\x65\
\x5f\x69\x6e\x76\x61\x6c\x69\x64\x5f\x72\x73\x74\0\x6e\x66\x5f\x75\x64\x70\x5f\
\x6e\x65\x74\0\x6e\x66\x5f\x69\x63\x6d\x70\x5f\x6e\x65\x74\0\x6e\x66\x5f\x67\
\x72\x65\x5f\x6e\x65\x74\0\x6b\x65\x79\x6d\x61\x70\x5f\x6c\x69\x73\x74\0\x6e\
\x65\x74\x6e\x73\x5f\x62\x70\x66\0\x72\x75\x6e\x5f\x61\x72\x72\x61\x79\0\x70\
\x72\x6f\x67\x73\0\x62\x70\x66\x5f\x70\x72\x6f\x67\x5f\x61\x72\x72\x61\x79\0\
\x69\x74\x65\x6d\x73\0\x62\x70\x66\x5f\x70\x72\x6f\x67\x5f\x61\x72\x72\x61\x79\
\x5f\x69\x74\x65\x6d\0\x63\x67\x72\x6f\x75\x70\x5f\x73\x74\x6f\x72\x61\x67\x65\
\0\x62\x70\x66\x5f\x63\x67\x72\x6f\x75\x70\x5f\x73\x74\x6f\x72\x61\x67\x65\0\
\x6d\x61\x70\0\x6c\x69\x73\x74\x5f\x6d\x61\x70\0\x6c\x69\x73\x74\x5f\x63\x67\0\
\x62\x75\x66\0\x70\x65\x72\x63\x70\x75\x5f\x62\x75\x66\0\x62\x70\x66\x5f\x63\
\x67\x72\x6f\x75\x70\x5f\x73\x74\x6f\x72\x61\x67\x65\x5f\x6b\x65\x79\0\x63\x67\
\x72\x6f\x75\x70\x5f\x69\x6e\x6f\x64\x65\x5f\x69\x64\0\x61\x74\x74\x61\x63\x68\
\x5f\x74\x79\x70\x65\0\x62\x70\x66\x5f\x70\x72\x6f\x67\0\x70\x61\x67\x65\x73\0\
\x6a\x69\x74\x65\x64\0\x6a\x69\x74\x5f\x72\x65\x71\x75\x65\x73\x74\x65\x64\0\
\x67\x70\x6c\x5f\x63\x6f\x6d\x70\x61\x74\x69\x62\x6c\x65\0\x63\x62\x5f\x61\x63\
\x63\x65\x73\x73\0\x64\x73\x74\x5f\x6e\x65\x65\x64\x65\x64\0\x62\x6c\x69\x6e\
\x64\x65\x64\0\x69\x73\x5f\x66\x75\x6e\x63\0\x6b\x70\x72\x6f\x62\x65\x5f\x6f\
\x76\x65\x72\x72\x69\x64\x65\0\x68\x61\x73\x5f\x63\x61\x6c\x6c\x63\x68\x61\x69\
\x6e\x5f\x62\x75\x66\0\x65\x6e\x66\x6f\x72\x63\x65\x5f\x65\x78\x70\x65\x63\x74\
\x65\x64\x5f\x61\x74\x74\x61\x63\x68\x5f\x74\x79\x70\x65\0\x63\x61\x6c\x6c\x5f\
\x67\x65\x74\x5f\x73\x74\x61\x63\x6b\0\x63\x61\x6c\x6c\x5f\x67\x65\x74\x5f\x66\
\x75\x6e\x63\x5f\x69\x70\0\x65\x78\x70\x65\x63\x74\x65\x64\x5f\x61\x74\x74\x61\
\x63\x68\x5f\x74\x79\x70\x65\0\x6a\x69\x74\x65\x64\x5f\x6c\x65\x6e\0\x74\x61\
\x67\0\x62\x70\x66\x5f\x66\x75\x6e\x63\0\x61\x75\x78\0\x6f\x72\x69\x67\x5f\x70\
\x72\x6f\x67\0\x69\x6e\x73\x6e\x73\0\x69\x6e\x73\x6e\x73\x69\0\x62\x70\x66\x5f\
\x70\x72\x6f\x67\x5f\x74\x79\x70\x65\0\x42\x50\x46\x5f\x50\x52\x4f\x47\x5f\x54\
\x59\x50\x45\x5f\x55\x4e\x53\x50\x45\x43\0\x42\x50\x46\x5f\x50\x52\x4f\x47\x5f\
\x54\x59\x50\x45\x5f\x53\x4f\x43\x4b\x45\x54\x5f\x46\x49\x4c\x54\x45\x52\0\x42\
\x50\x46\x5f\x50\x52\x4f\x47\x5f\x54\x59\x50\x45\x5f\x4b\x50\x52\x4f\x42\x45\0\
\x42\x50\x46\x5f\x50\x52\x4f\x47\x5f\x54\x59\x50\x45\x5f\x53\x43\x48\x45\x44\
\x5f\x43\x4c\x53\0\x42\x50\x46\x5f\x50\x52\x4f\x47\x5f\x54\x59\x50\x45\x5f\x53\
\x43\x48\x45\x44\x5f\x41\x43\x54\0\x42\x50\x46\x5f\x50\x52\x4f\x47\x5f\x54\x59\
\x50\x45\x5f\x54\x52\x41\x43\x45\x50\x4f\x49\x4e\x54\0\x42\x50\x46\x5f\x50\x52\
\x4f\x47\x5f\x54\x59\x50\x45\x5f\x58\x44\x50\0\x42\x50\x46\x5f\x50\x52\x4f\x47\
\x5f\x54\x59\x50\x45\x5f\x50\x45\x52\x46\x5f\x45\x56\x45\x4e\x54\0\x42\x50\x46\
\x5f\x50\x52\x4f\x47\x5f\x54\x59\x50\x45\x5f\x43\x47\x52\x4f\x55\x50\x5f\x53\
\x4b\x42\0\x42\x50\x46\x5f\x50\x52\x4f\x47\x5f\x54\x59\x50\x45\x5f\x43\x47\x52\
\x4f\x55\x50\x5f\x53\x4f\x43\x4b\0\x42\x50\x46\x5f\x50\x52\x4f\x47\x5f\x54\x59\
\x50\x45\x5f\x4c\x57\x54\x5f\x49\x4e\0\x42\x50\x46\x5f\x50\x52\x4f\x47\x5f\x54\
\x59\x50\x45\x5f\x4c\x57\x54\x5f\x4f\x55\x54\0\x42\x50\x46\x5f\x50\x52\x4f\x47\
\x5f\x54\x59\x50\x45\x5f\x4c\x57\x54\x5f\x58\x4d\x49\x54\0\x42\x50\x46\x5f\x50\
\x52\x4f\x47\x5f\x54\x59\x50\x45\x5f\x53\x4f\x43\x4b\x5f\x4f\x50\x53\0\x42\x50\
\x46\x5f\x50\x52\x4f\x47\x5f\x54\x59\x50\x45\x5f\x53\x4b\x5f\x53\x4b\x42\0\x42\
\x50\x46\x5f\x50\x52\x4f\x47\x5f\x54\x59\x50\x45\x5f\x43\x47\x52\x4f\x55\x50\
\x5f\x44\x45\x56\x49\x43\x45\0\x42\x50\x46\x5f\x50\x52\x4f\x47\x5f\x54\x59\x50\
\x45\x5f\x53\x4b\x5f\x4d\x53\x47\0\x42\x50\x46\x5f\x50\x52\x4f\x47\x5f\x54\x59\
\x50\x45\x5f\x52\x41\x57\x5f\x54\x52\x41\x43\x45\x50\x4f\x49\x4e\x54\0\x42\x50\
\x46\x5f\x50\x52\x4f\x47\x5f\x54\x59\x50\x45\x5f\x43\x47\x52\x4f\x55\x50\x5f\
\x53\x4f\x43\x4b\x5f\x41\x44\x44\x52\0\x42\x50\x46\x5f\x50\x52\x4f\x47\x5f\x54\
\x59\x50\x45\x5f\x4c\x57\x54\x5f\x53\x45\x47\x36\x4c\x4f\x43\x41\x4c\0\x42\x50\
\x46\x5f\x50\x52\x4f\x47\x5f\x54\x59\x50\x45\x5f\x4c\x49\x52\x43\x5f\x4d\x4f\
\x44\x45\x32\0\x42\x50\x46\x5f\x50\x52\x4f\x47\x5f\x54\x59\x50\x45\x5f\x53\x4b\
\x5f\x52\x45\x55\x53\x45\x50\x4f\x52\x54\0\x42\x50\x46\x5f\x50\x52\x4f\x47\x5f\
\x54\x59\x50\x45\x5f\x46\x4c\x4f\x57\x5f\x44\x49\x53\x53\x45\x43\x54\x4f\x52\0\
\x42\x50\x46\x5f\x50\x52\x4f\x47\x5f\x54\x59\x50\x45\x5f\x43\x47\x52\x4f\x55\
\x50\x5f\x53\x59\x53\x43\x54\x4c\0\x42\x50\x46\x5f\x50\x52\x4f\x47\x5f\x54\x59\
\x50\x45\x5f\x52\x41\x57\x5f\x54\x52\x41\x43\x45\x50\x4f\x49\x4e\x54\x5f\x57\
\x52\x49\x54\x41\x42\x4c\x45\0\x42\x50\x46\x5f\x50\x52\x4f\x47\x5f\x54\x59\x50\
\x45\x5f\x43\x47\x52\x4f\x55\x50\x5f\x53\x4f\x43\x4b\x4f\x50\x54\0\x42\x50\x46\
\x5f\x50\x52\x4f\x47\x5f\x54\x59\x50\x45\x5f\x54\x52\x41\x43\x49\x4e\x47\0\x42\
\x50\x46\x5f\x50\x52\x4f\x47\x5f\x54\x59\x50\x45\x5f\x53\x54\x52\x55\x43\x54\
\x5f\x4f\x50\x53\0\x42\x50\x46\x5f\x50\x52\x4f\x47\x5f\x54\x59\x50\x45\x5f\x45\
\x58\x54\0\x42\x50\x46\x5f\x50\x52\x4f\x47\x5f\x54\x59\x50\x45\x5f\x4c\x53\x4d\
\0\x42\x50\x46\x5f\x50\x52\x4f\x47\x5f\x54\x59\x50\x45\x5f\x53\x4b\x5f\x4c\x4f\
\x4f\x4b\x55\x50\0\x42\x50\x46\x5f\x50\x52\x4f\x47\x5f\x54\x59\x50\x45\x5f\x53\
\x59\x53\x43\x41\x4c\x4c\0\x62\x70\x66\x5f\x61\x74\x74\x61\x63\x68\x5f\x74\x79\
\x70\x65\0\x42\x50\x46\x5f\x43\x47\x52\x4f\x55\x50\x5f\x49\x4e\x45\x54\x5f\x49\
\x4e\x47\x52\x45\x53\x53\0\x42\x50\x46\x5f\x43\x47\x52\x4f\x55\x50\x5f\x49\x4e\
\x45\x54\x5f\x45\x47\x52\x45\x53\x53\0\x42\x50\x46\x5f\x43\x47\x52\x4f\x55\x50\
\x5f\x49\x4e\x45\x54\x5f\x53\x4f\x43\x4b\x5f\x43\x52\x45\x41\x54\x45\0\x42\x50\
\x46\x5f\x43\x47\x52\x4f\x55\x50\x5f\x53\x4f\x43\x4b\x5f\x4f\x50\x53\0\x42\x50\
\x46\x5f\x53\x4b\x5f\x53\x4b\x42\x5f\x53\x54\x52\x45\x41\x4d\x5f\x50\x41\x52\
\x53\x45\x52\0\x42\x50\x46\x5f\x53\x4b\x5f\x53\x4b\x42\x5f\x53\x54\x52\x45\x41\
\x4d\x5f\x56\x45\x52\x44\x49\x43\x54\0\x42\x50\x46\x5f\x43\x47\x52\x4f\x55\x50\
\x5f\x44\x45\x56\x49\x43\x45\0\x42\x50\x46\x5f\x53\x4b\x5f\x4d\x53\x47\x5f\x56\
\x45\x52\x44\x49\x43\x54\0\x42\x50\x46\x5f\x43\x47\x52\x4f\x55\x50\x5f\x49\x4e\
\x45\x54\x34\x5f\x42\x49\x4e\x44\0\x42\x50\x46\x5f\x43\x47\x52\x4f\x55\x50\x5f\
\x49\x4e\x45\x54\x36\x5f\x42\x49\x4e\x44\0\x42\x50\x46\x5f\x43\x47\x52\x4f\x55\
\x50\x5f\x49\x4e\x45\x54\x34\x5f\x43\x4f\x4e\x4e\x45\x43\x54\0\x42\x50\x46\x5f\
\x43\x47\x52\x4f\x55\x50\x5f\x49\x4e\x45\x54\x36\x5f\x43\x4f\x4e\x4e\x45\x43\
\x54\0\x42\x50\x46\x5f\x43\x47\x52\x4f\x55\x50\x5f\x49\x4e\x45\x54\x34\x5f\x50\
\x4f\x53\x54\x5f\x42\x49\x4e\x44\0\x42\x50\x46\x5f\x43\x47\x52\x4f\x55\x50\x5f\
\x49\x4e\x45\x54\x36\x5f\x50\x4f\x53\x54\x5f\x42\x49\x4e\x44\0\x42\x50\x46\x5f\
\x43\x47\x52\x4f\x55\x50\x5f\x55\x44\x50\x34\x5f\x53\x45\x4e\x44\x4d\x53\x47\0\
\x42\x50\x46\x5f\x43\x47\x52\x4f\x55\x50\x5f\x55\x44\x50\x36\x5f\x53\x45\x4e\
\x44\x4d\x53\x47\0\x42\x50\x46\x5f\x4c\x49\x52\x43\x5f\x4d\x4f\x44\x45\x32\0\
\x42\x50\x46\x5f\x46\x4c\x4f\x57\x5f\x44\x49\x53\x53\x45\x43\x54\x4f\x52\0\x42\
\x50\x46\x5f\x43\x47\x52\x4f\x55\x50\x5f\x53\x59\x53\x43\x54\x4c\0\x42\x50\x46\
\x5f\x43\x47\x52\x4f\x55\x50\x5f\x55\x44\x50\x34\x5f\x52\x45\x43\x56\x4d\x53\
\x47\0\x42\x50\x46\x5f\x43\x47\x52\x4f\x55\x50\x5f\x55\x44\x50\x36\x5f\x52\x45\
\x43\x56\x4d\x53\x47\0\x42\x50\x46\x5f\x43\x47\x52\x4f\x55\x50\x5f\x47\x45\x54\
\x53\x4f\x43\x4b\x4f\x50\x54\0\x42\x50\x46\x5f\x43\x47\x52\x4f\x55\x50\x5f\x53\
\x45\x54\x53\x4f\x43\x4b\x4f\x50\x54\0\x42\x50\x46\x5f\x54\x52\x41\x43\x45\x5f\
\x52\x41\x57\x5f\x54\x50\0\x42\x50\x46\x5f\x54\x52\x41\x43\x45\x5f\x46\x45\x4e\
\x54\x52\x59\0\x42\x50\x46\x5f\x54\x52\x41\x43\x45\x5f\x46\x45\x58\x49\x54\0\
\x42\x50\x46\x5f\x4d\x4f\x44\x49\x46\x59\x5f\x52\x45\x54\x55\x52\x4e\0\x42\x50\
\x46\x5f\x4c\x53\x4d\x5f\x4d\x41\x43\0\x42\x50\x46\x5f\x54\x52\x41\x43\x45\x5f\
\x49\x54\x45\x52\0\x42\x50\x46\x5f\x43\x47\x52\x4f\x55\x50\x5f\x49\x4e\x45\x54\
\x34\x5f\x47\x45\x54\x50\x45\x45\x52\x4e\x41\x4d\x45\0\x42\x50\x46\x5f\x43\x47\
\x52\x4f\x55\x50\x5f\x49\x4e\x45\x54\x36\x5f\x47\x45\x54\x50\x45\x45\x52\x4e\
\x41\x4d\x45\0\x42\x50\x46\x5f\x43\x47\x52\x4f\x55\x50\x5f\x49\x4e\x45\x54\x34\
\x5f\x47\x45\x54\x53\x4f\x43\x4b\x4e\x41\x4d\x45\0\x42\x50\x46\x5f\x43\x47\x52\
\x4f\x55\x50\x5f\x49\x4e\x45\x54\x36\x5f\x47\x45\x54\x53\x4f\x43\x4b\x4e\x41\
\x4d\x45\0\x42\x50\x46\x5f\x58\x44\x50\x5f\x44\x45\x56\x4d\x41\x50\0\x42\x50\
\x46\x5f\x43\x47\x52\x4f\x55\x50\x5f\x49\x4e\x45\x54\x5f\x53\x4f\x43\x4b\x5f\
\x52\x45\x4c\x45\x41\x53\x45\0\x42\x50\x46\x5f\x58\x44\x50\x5f\x43\x50\x55\x4d\
\x41\x50\0\x42\x50\x46\x5f\x53\x4b\x5f\x4c\x4f\x4f\x4b\x55\x50\0\x42\x50\x46\
\x5f\x58\x44\x50\0\x42\x50\x46\x5f\x53\x4b\x5f\x53\x4b\x42\x5f\x56\x45\x52\x44\
\x49\x43\x54\0\x42\x50\x46\x5f\x53\x4b\x5f\x52\x45\x55\x53\x45\x50\x4f\x52\x54\
\x5f\x53\x45\x4c\x45\x43\x54\0\x42\x50\x46\x5f\x53\x4b\x5f\x52\x45\x55\x53\x45\
\x50\x4f\x52\x54\x5f\x53\x45\x4c\x45\x43\x54\x5f\x4f\x52\x5f\x4d\x49\x47\x52\
\x41\x54\x45\0\x42\x50\x46\x5f\x50\x45\x52\x46\x5f\x45\x56\x45\x4e\x54\0\x5f\
\x5f\x4d\x41\x58\x5f\x42\x50\x46\x5f\x41\x54\x54\x41\x43\x48\x5f\x54\x59\x50\
\x45\0\x62\x70\x66\x5f\x69\x6e\x73\x6e\0\x63\x6f\x64\x65\0\x64\x73\x74\x5f\x72\
\x65\x67\0\x73\x72\x63\x5f\x72\x65\x67\0\x6f\x66\x66\0\x69\x6d\x6d\0\x73\x6f\
\x63\x6b\x5f\x66\x69\x6c\x74\x65\x72\0\x6a\x74\0\x6a\x66\0\x6b\0\x6e\x65\x74\
\x6e\x73\x5f\x78\x66\x72\x6d\0\x73\x74\x61\x74\x65\x5f\x61\x6c\x6c\0\x73\x74\
\x61\x74\x65\x5f\x62\x79\x64\x73\x74\0\x73\x74\x61\x74\x65\x5f\x62\x79\x73\x72\
\x63\0\x73\x74\x61\x74\x65\x5f\x62\x79\x73\x70\x69\0\x73\x74\x61\x74\x65\x5f\
\x62\x79\x73\x65\x71\0\x73\x74\x61\x74\x65\x5f\x68\x6d\x61\x73\x6b\0\x73\x74\
\x61\x74\x65\x5f\x6e\x75\x6d\0\x73\x74\x61\x74\x65\x5f\x68\x61\x73\x68\x5f\x77\
\x6f\x72\x6b\0\x70\x6f\x6c\x69\x63\x79\x5f\x61\x6c\x6c\0\x70\x6f\x6c\x69\x63\
\x79\x5f\x62\x79\x69\x64\x78\0\x70\x6f\x6c\x69\x63\x79\x5f\x69\x64\x78\x5f\x68\
\x6d\x61\x73\x6b\0\x70\x6f\x6c\x69\x63\x79\x5f\x69\x6e\x65\x78\x61\x63\x74\0\
\x70\x6f\x6c\x69\x63\x79\x5f\x62\x79\x64\x73\x74\0\x70\x6f\x6c\x69\x63\x79\x5f\
\x63\x6f\x75\x6e\x74\0\x70\x6f\x6c\x69\x63\x79\x5f\x68\x61\x73\x68\x5f\x77\x6f\
\x72\x6b\0\x70\x6f\x6c\x69\x63\x79\x5f\x68\x74\x68\x72\x65\x73\x68\0\x69\x6e\
\x65\x78\x61\x63\x74\x5f\x62\x69\x6e\x73\0\x6e\x6c\x73\x6b\0\x6e\x6c\x73\x6b\
\x5f\x73\x74\x61\x73\x68\0\x73\x79\x73\x63\x74\x6c\x5f\x61\x65\x76\x65\x6e\x74\
\x5f\x65\x74\x69\x6d\x65\0\x73\x79\x73\x63\x74\x6c\x5f\x61\x65\x76\x65\x6e\x74\
\x5f\x72\x73\x65\x71\x74\x68\0\x73\x79\x73\x63\x74\x6c\x5f\x6c\x61\x72\x76\x61\
\x6c\x5f\x64\x72\x6f\x70\0\x73\x79\x73\x63\x74\x6c\x5f\x61\x63\x71\x5f\x65\x78\
\x70\x69\x72\x65\x73\0\x70\x6f\x6c\x69\x63\x79\x5f\x64\x65\x66\x61\x75\x6c\x74\
\0\x78\x66\x72\x6d\x34\x5f\x64\x73\x74\x5f\x6f\x70\x73\0\x78\x66\x72\x6d\x36\
\x5f\x64\x73\x74\x5f\x6f\x70\x73\0\x78\x66\x72\x6d\x5f\x73\x74\x61\x74\x65\x5f\
\x6c\x6f\x63\x6b\0\x78\x66\x72\x6d\x5f\x73\x74\x61\x74\x65\x5f\x68\x61\x73\x68\
\x5f\x67\x65\x6e\x65\x72\x61\x74\x69\x6f\x6e\0\x78\x66\x72\x6d\x5f\x70\x6f\x6c\
\x69\x63\x79\x5f\x68\x61\x73\x68\x5f\x67\x65\x6e\x65\x72\x61\x74\x69\x6f\x6e\0\
\x78\x66\x72\x6d\x5f\x70\x6f\x6c\x69\x63\x79\x5f\x6c\x6f\x63\x6b\0\x78\x66\x72\
\x6d\x5f\x63\x66\x67\x5f\x6d\x75\x74\x65\x78\0\x78\x66\x72\x6d\x5f\x70\x6f\x6c\
\x69\x63\x79\x5f\x68\x61\x73\x68\0\x74\x61\x62\x6c\x65\0\x68\x6d\x61\x73\x6b\0\
\x64\x62\x69\x74\x73\x34\0\x73\x62\x69\x74\x73\x34\0\x64\x62\x69\x74\x73\x36\0\
\x73\x62\x69\x74\x73\x36\0\x78\x66\x72\x6d\x5f\x70\x6f\x6c\x69\x63\x79\x5f\x68\
\x74\x68\x72\x65\x73\x68\0\x6c\x62\x69\x74\x73\x34\0\x72\x62\x69\x74\x73\x34\0\
\x6c\x62\x69\x74\x73\x36\0\x72\x62\x69\x74\x73\x36\0\x20\x20\x20\x20\x64\x65\
\x76\x20\x3d\x20\x42\x50\x46\x5f\x43\x4f\x52\x45\x5f\x52\x45\x41\x44\x28\x63\
\x72\x6f\x73\x5f\x73\x6b\x62\x5f\x64\x73\x74\x28\x73\x6b\x62\x29\x2c\x20\x64\
\x65\x76\x29\x3b\0\x20\x20\x20\x20\x62\x70\x66\x5f\x70\x72\x69\x6e\x74\x6b\x28\
\0\x30\x3a\x31\x37\0\x20\x20\x69\x6e\x74\x36\x34\x5f\x74\x20\x69\x66\x69\x6e\
\x64\x65\x78\x20\x3d\x20\x42\x50\x46\x5f\x43\x4f\x52\x45\x5f\x52\x45\x41\x44\
\x28\x64\x65\x76\x2c\x20\x69\x66\x69\x6e\x64\x65\x78\x29\x3b\0\x20\x20\x69\x66\
\x20\x28\x69\x66\x69\x6e\x64\x65\x78\x20\x3c\x20\x30\x29\x20\x7b\0\x20\x20\x72\
\x65\x74\x75\x72\x6e\x20\x62\x70\x66\x5f\x6d\x61\x70\x5f\x6c\x6f\x6f\x6b\x75\
\x70\x5f\x65\x6c\x65\x6d\x28\x26\x63\x72\x6f\x73\x5f\x6e\x65\x74\x77\x6f\x72\
\x6b\x5f\x65\x78\x74\x65\x72\x6e\x61\x6c\x5f\x69\x6e\x74\x65\x72\x66\x61\x63\
\x65\x73\x2c\x20\x26\x69\x66\x69\x6e\x64\x65\x78\x29\x20\x21\x3d\0\x20\x20\x69\
\x66\x20\x28\x21\x63\x72\x6f\x73\x5f\x69\x73\x5f\x69\x66\x69\x6e\x64\x65\x78\
\x5f\x65\x78\x74\x65\x72\x6e\x61\x6c\x28\x73\x6b\x62\x29\x29\x20\x7b\0\x30\x3a\
\x31\x3a\x30\0\x20\x20\x73\x74\x72\x75\x63\x74\x20\x73\x6f\x63\x6b\x2a\x20\x73\
\x6b\x20\x3d\x20\x42\x50\x46\x5f\x43\x4f\x52\x45\x5f\x52\x45\x41\x44\x28\x73\
\x6b\x62\x2c\x20\x73\x6b\x29\x3b\0\x20\x20\x73\x74\x72\x75\x63\x74\x20\x73\x6f\
\x63\x6b\x65\x74\x2a\x20\x73\x6f\x63\x6b\x20\x3d\x20\x42\x50\x46\x5f\x43\x4f\
\x52\x45\x5f\x52\x45\x41\x44\x28\x73\x6b\x62\x2c\x20\x73\x6b\x2c\x20\x73\x6b\
\x5f\x73\x6f\x63\x6b\x65\x74\x29\x3b\0\x30\x3a\x37\x39\0\x20\x20\x69\x66\x20\
\x28\x73\x6f\x63\x6b\x20\x3d\x3d\x20\x4e\x55\x4c\x4c\x29\x20\x7b\0\x20\x20\x75\
\x69\x6e\x74\x36\x34\x5f\x74\x20\x73\x6f\x63\x6b\x5f\x6b\x65\x79\x20\x3d\x20\
\x28\x75\x69\x6e\x74\x36\x34\x5f\x74\x29\x28\x73\x6f\x63\x6b\x29\x3b\0\x20\x20\
\x69\x66\x20\x28\x62\x70\x66\x5f\x6d\x61\x70\x5f\x75\x70\x64\x61\x74\x65\x5f\
\x65\x6c\x65\x6d\x28\x26\x61\x63\x74\x69\x76\x65\x5f\x73\x6f\x63\x6b\x65\x74\
\x5f\x6d\x61\x70\x2c\x20\x26\x73\x6f\x63\x6b\x5f\x6b\x65\x79\x2c\x20\x26\x73\
\x6f\x63\x6b\x5f\x6b\x65\x79\x2c\0\x20\x20\x5f\x5f\x62\x75\x69\x6c\x74\x69\x6e\
\x5f\x6d\x65\x6d\x73\x65\x74\x28\x26\x6b\x65\x79\x2c\x20\x30\x2c\x20\x73\x69\
\x7a\x65\x6f\x66\x28\x6b\x65\x79\x29\x29\x3b\0\x20\x20\x6b\x65\x79\x2e\x73\x6f\
\x63\x6b\x20\x3d\x20\x28\x75\x69\x6e\x74\x36\x34\x5f\x74\x29\x42\x50\x46\x5f\
\x43\x4f\x52\x45\x5f\x52\x45\x41\x44\x28\x73\x6b\x2c\x20\x73\x6b\x5f\x73\x6f\
\x63\x6b\x65\x74\x29\x3b\0\x30\x3a\x37\x31\0\x20\x20\x72\x65\x74\x75\x72\x6e\
\x20\x42\x50\x46\x5f\x43\x4f\x52\x45\x5f\x52\x45\x41\x44\x28\x73\x6b\x62\x2c\
\x20\x68\x65\x61\x64\x29\x20\x2b\x20\x42\x50\x46\x5f\x43\x4f\x52\x45\x5f\x52\
\x45\x41\x44\x28\x73\x6b\x62\x2c\x20\x6e\x65\x74\x77\x6f\x72\x6b\x5f\x68\x65\
\x61\x64\x65\x72\x29\x3b\0\x30\x3a\x36\x36\0\x69\x70\x68\x64\x72\0\x69\x68\x6c\
\0\x76\x65\x72\x73\x69\x6f\x6e\0\x74\x6f\x73\0\x74\x6f\x74\x5f\x6c\x65\x6e\0\
\x66\x72\x61\x67\x5f\x6f\x66\x66\0\x74\x74\x6c\0\x5f\x5f\x73\x75\x6d\x31\x36\0\
\x61\x64\x64\x72\x73\0\x30\x3a\x37\0\x20\x20\x69\x6e\x74\x20\x70\x72\x6f\x74\
\x6f\x63\x6f\x6c\x20\x3d\x20\x42\x50\x46\x5f\x43\x4f\x52\x45\x5f\x52\x45\x41\
\x44\x28\x68\x64\x72\x2c\x20\x70\x72\x6f\x74\x6f\x63\x6f\x6c\x29\x3b\0\x20\x20\
\x66\x69\x76\x65\x5f\x74\x75\x70\x6c\x65\x2d\x3e\x66\x61\x6d\x69\x6c\x79\x20\
\x3d\x20\x43\x52\x4f\x53\x5f\x46\x41\x4d\x49\x4c\x59\x5f\x41\x46\x5f\x49\x4e\
\x45\x54\x3b\0\x30\x3a\x39\x3a\x30\x3a\x30\0\x20\x20\x66\x69\x76\x65\x5f\x74\
\x75\x70\x6c\x65\x2d\x3e\x73\x6f\x75\x72\x63\x65\x5f\x61\x64\x64\x72\x2e\x61\
\x64\x64\x72\x34\x20\x3d\x20\x42\x50\x46\x5f\x43\x4f\x52\x45\x5f\x52\x45\x41\
\x44\x28\x68\x64\x72\x2c\x20\x73\x61\x64\x64\x72\x29\x3b\0\x30\x3a\x39\x3a\x30\
\x3a\x31\0\x20\x20\x66\x69\x76\x65\x5f\x74\x75\x70\x6c\x65\x2d\x3e\x64\x65\x73\
\x74\x5f\x61\x64\x64\x72\x2e\x61\x64\x64\x72\x34\x20\x3d\x20\x42\x50\x46\x5f\
\x43\x4f\x52\x45\x5f\x52\x45\x41\x44\x28\x68\x64\x72\x2c\x20\x64\x61\x64\x64\
\x72\x29\x3b\0\x20\x20\x69\x6e\x74\x20\x70\x61\x63\x6b\x65\x74\x5f\x73\x69\x7a\
\x65\x20\x3d\x20\x62\x70\x66\x5f\x6e\x74\x6f\x68\x73\x28\x42\x50\x46\x5f\x43\
\x4f\x52\x45\x5f\x52\x45\x41\x44\x28\x68\x64\x72\x2c\x20\x74\x6f\x74\x5f\x6c\
\x65\x6e\x29\x29\x3b\0\x20\x20\x73\x77\x69\x74\x63\x68\x20\x28\x70\x72\x6f\x74\
\x6f\x63\x6f\x6c\x29\x20\x7b\0\x20\x20\x20\x20\x20\x20\x66\x69\x76\x65\x5f\x74\
\x75\x70\x6c\x65\x2d\x3e\x70\x72\x6f\x74\x6f\x63\x6f\x6c\x20\x3d\x20\x43\x52\
\x4f\x53\x5f\x50\x52\x4f\x54\x4f\x43\x4f\x4c\x5f\x54\x43\x50\x3b\0\x20\x20\x72\
\x65\x74\x75\x72\x6e\x20\x42\x50\x46\x5f\x43\x4f\x52\x45\x5f\x52\x45\x41\x44\
\x28\x73\x6b\x62\x2c\x20\x68\x65\x61\x64\x29\x20\x2b\x20\x42\x50\x46\x5f\x43\
\x4f\x52\x45\x5f\x52\x45\x41\x44\x28\x73\x6b\x62\x2c\x20\x74\x72\x61\x6e\x73\
\x70\x6f\x72\x74\x5f\x68\x65\x61\x64\x65\x72\x29\x3b\0\x30\x3a\x36\x35\0\x74\
\x63\x70\x68\x64\x72\0\x73\x6f\x75\x72\x63\x65\0\x64\x65\x73\x74\0\x61\x63\x6b\
\x5f\x73\x65\x71\0\x72\x65\x73\x31\0\x64\x6f\x66\x66\0\x66\x69\x6e\0\x73\x79\
\x6e\0\x72\x73\x74\0\x70\x73\x68\0\x61\x63\x6b\0\x75\x72\x67\0\x65\x63\x65\0\
\x63\x77\x72\0\x77\x69\x6e\x64\x6f\x77\0\x75\x72\x67\x5f\x70\x74\x72\0\x20\x20\
\x20\x20\x20\x20\x66\x69\x76\x65\x5f\x74\x75\x70\x6c\x65\x2d\x3e\x73\x6f\x75\
\x72\x63\x65\x5f\x70\x6f\x72\x74\x20\x3d\x20\x62\x70\x66\x5f\x6e\x74\x6f\x68\
\x73\x28\x42\x50\x46\x5f\x43\x4f\x52\x45\x5f\x52\x45\x41\x44\x28\x74\x63\x70\
\x5f\x68\x65\x61\x64\x65\x72\x2c\x20\x73\x6f\x75\x72\x63\x65\x29\x29\x3b\0\x20\
\x20\x20\x20\x20\x20\x66\x69\x76\x65\x5f\x74\x75\x70\x6c\x65\x2d\x3e\x64\x65\
\x73\x74\x5f\x70\x6f\x72\x74\x20\x3d\x20\x62\x70\x66\x5f\x6e\x74\x6f\x68\x73\
\x28\x42\x50\x46\x5f\x43\x4f\x52\x45\x5f\x52\x45\x41\x44\x28\x74\x63\x70\x5f\
\x68\x65\x61\x64\x65\x72\x2c\x20\x64\x65\x73\x74\x29\x29\x3b\0\x20\x20\x20\x20\
\x20\x20\x66\x69\x76\x65\x5f\x74\x75\x70\x6c\x65\x2d\x3e\x70\x72\x6f\x74\x6f\
\x63\x6f\x6c\x20\x3d\x20\x43\x52\x4f\x53\x5f\x50\x52\x4f\x54\x4f\x43\x4f\x4c\
\x5f\x55\x44\x50\x3b\0\x75\x64\x70\x68\x64\x72\0\x20\x20\x20\x20\x20\x20\x66\
\x69\x76\x65\x5f\x74\x75\x70\x6c\x65\x2d\x3e\x64\x65\x73\x74\x5f\x70\x6f\x72\
\x74\x20\x3d\x20\x62\x70\x66\x5f\x6e\x74\x6f\x68\x73\x28\x42\x50\x46\x5f\x43\
\x4f\x52\x45\x5f\x52\x45\x41\x44\x28\x75\x64\x70\x5f\x68\x65\x61\x64\x65\x72\
\x2c\x20\x64\x65\x73\x74\x29\x29\x3b\0\x20\x20\x20\x20\x20\x20\x66\x69\x76\x65\
\x5f\x74\x75\x70\x6c\x65\x2d\x3e\x73\x6f\x75\x72\x63\x65\x5f\x70\x6f\x72\x74\
\x20\x3d\x20\x62\x70\x66\x5f\x6e\x74\x6f\x68\x73\x28\x42\x50\x46\x5f\x43\x4f\
\x52\x45\x5f\x52\x45\x41\x44\x28\x75\x64\x70\x5f\x68\x65\x61\x64\x65\x72\x2c\
\x20\x73\x6f\x75\x72\x63\x65\x29\x29\x3b\0\x20\x20\x76\x61\x6c\x75\x65\x5f\x72\
\x65\x66\x20\x3d\x20\x62\x70\x66\x5f\x6d\x61\x70\x5f\x6c\x6f\x6f\x6b\x75\x70\
\x5f\x65\x6c\x65\x6d\x28\x26\x63\x72\x6f\x73\x5f\x6e\x65\x74\x77\x6f\x72\x6b\
\x5f\x66\x6c\x6f\x77\x5f\x6d\x61\x70\x2c\x20\x26\x6b\x65\x79\x29\x3b\0\x20\x20\
\x69\x66\x20\x28\x76\x61\x6c\x75\x65\x5f\x72\x65\x66\x29\x20\x7b\x20\x20\x2f\
\x2f\x20\x65\x6e\x74\x72\x79\x20\x61\x6c\x72\x65\x61\x64\x79\x20\x65\x78\x69\
\x73\x74\x73\x2e\0\x20\x20\x20\x20\x20\x20\x76\x61\x6c\x75\x65\x5f\x72\x65\x66\
\x2d\x3e\x72\x78\x5f\x62\x79\x74\x65\x73\x20\x3d\x20\x76\x61\x6c\x75\x65\x5f\
\x72\x65\x66\x2d\x3e\x72\x78\x5f\x62\x79\x74\x65\x73\x20\x2b\x20\x62\x79\x74\
\x65\x73\x3b\0\x20\x20\x76\x61\x6c\x75\x65\x2e\x67\x61\x72\x62\x61\x67\x65\x5f\
\x63\x6f\x6c\x6c\x65\x63\x74\x5f\x6d\x65\x20\x3d\x20\x66\x61\x6c\x73\x65\x3b\0\
\x20\x20\x76\x61\x6c\x75\x65\x2e\x64\x69\x72\x65\x63\x74\x69\x6f\x6e\x20\x3d\
\x20\x64\x69\x72\x65\x63\x74\x69\x6f\x6e\x3b\0\x20\x20\x76\x61\x6c\x75\x65\x2e\
\x72\x78\x5f\x62\x79\x74\x65\x73\x20\x3d\x20\x72\x78\x5f\x62\x79\x74\x65\x73\
\x3b\0\x20\x20\x62\x70\x66\x5f\x6d\x61\x70\x5f\x75\x70\x64\x61\x74\x65\x5f\x65\
\x6c\x65\x6d\x28\x26\x63\x72\x6f\x73\x5f\x6e\x65\x74\x77\x6f\x72\x6b\x5f\x66\
\x6c\x6f\x77\x5f\x6d\x61\x70\x2c\x20\x6b\x65\x79\x5f\x72\x65\x66\x2c\x20\x26\
\x76\x61\x6c\x75\x65\x2c\x20\x42\x50\x46\x5f\x4e\x4f\x45\x58\x49\x53\x54\x29\
\x3b\0\x63\x72\x6f\x73\x5f\x68\x61\x6e\x64\x6c\x65\x5f\x5f\x69\x70\x5f\x6c\x6f\
\x63\x61\x6c\x5f\x6f\x75\x74\x5f\x65\x78\x69\x74\0\x72\x61\x77\x5f\x74\x72\x61\
\x63\x65\x70\x6f\x69\x6e\x74\x2f\x63\x72\x6f\x73\x5f\x5f\x69\x70\x5f\x6c\x6f\
\x63\x61\x6c\x5f\x6f\x75\x74\x5f\x65\x78\x69\x74\0\x69\x6e\x74\x20\x42\x50\x46\
\x5f\x50\x52\x4f\x47\x28\x63\x72\x6f\x73\x5f\x68\x61\x6e\x64\x6c\x65\x5f\x5f\
\x69\x70\x5f\x6c\x6f\x63\x61\x6c\x5f\x6f\x75\x74\x5f\x65\x78\x69\x74\x2c\0\x20\
\x20\x20\x20\x20\x20\x76\x61\x6c\x75\x65\x5f\x72\x65\x66\x2d\x3e\x74\x78\x5f\
\x62\x79\x74\x65\x73\x20\x3d\x20\x76\x61\x6c\x75\x65\x5f\x72\x65\x66\x2d\x3e\
\x74\x78\x5f\x62\x79\x74\x65\x73\x20\x2b\x20\x62\x79\x74\x65\x73\x3b\0\x20\x20\
\x76\x61\x6c\x75\x65\x2e\x74\x78\x5f\x62\x79\x74\x65\x73\x20\x3d\x20\x74\x78\
\x5f\x62\x79\x74\x65\x73\x3b\0\x63\x72\x6f\x73\x5f\x68\x61\x6e\x64\x6c\x65\x5f\
\x69\x70\x36\x5f\x66\x69\x6e\x69\x73\x68\x5f\x6f\x75\x74\x70\x75\x74\x32\x5f\
\x65\x6e\x74\x65\x72\0\x72\x61\x77\x5f\x74\x72\x61\x63\x65\x70\x6f\x69\x6e\x74\
\x2f\x63\x72\x6f\x73\x5f\x69\x70\x36\x5f\x66\x69\x6e\x69\x73\x68\x5f\x6f\x75\
\x74\x70\x75\x74\x32\x5f\x65\x6e\x74\x65\x72\0\x69\x6e\x74\x20\x42\x50\x46\x5f\
\x50\x52\x4f\x47\x28\x63\x72\x6f\x73\x5f\x68\x61\x6e\x64\x6c\x65\x5f\x69\x70\
\x36\x5f\x66\x69\x6e\x69\x73\x68\x5f\x6f\x75\x74\x70\x75\x74\x32\x5f\x65\x6e\
\x74\x65\x72\x2c\0\x69\x70\x76\x36\x68\x64\x72\0\x66\x6c\x6f\x77\x5f\x6c\x62\
\x6c\0\x70\x61\x79\x6c\x6f\x61\x64\x5f\x6c\x65\x6e\0\x6e\x65\x78\x74\x68\x64\
\x72\0\x68\x6f\x70\x5f\x6c\x69\x6d\x69\x74\0\x30\x3a\x36\x3a\x30\x3a\x30\x3a\
\x30\x3a\x30\0\x20\x20\x42\x50\x46\x5f\x43\x4f\x52\x45\x5f\x52\x45\x41\x44\x5f\
\x49\x4e\x54\x4f\x28\x26\x28\x66\x69\x76\x65\x5f\x74\x75\x70\x6c\x65\x2d\x3e\
\x73\x6f\x75\x72\x63\x65\x5f\x61\x64\x64\x72\x2e\x61\x64\x64\x72\x36\x29\x2c\
\x20\x68\x64\x72\x2c\0\x20\x20\x66\x69\x76\x65\x5f\x74\x75\x70\x6c\x65\x2d\x3e\
\x66\x61\x6d\x69\x6c\x79\x20\x3d\x20\x43\x52\x4f\x53\x5f\x46\x41\x4d\x49\x4c\
\x59\x5f\x41\x46\x5f\x49\x4e\x45\x54\x36\x3b\0\x30\x3a\x36\x3a\x30\x3a\x31\x3a\
\x30\x3a\x30\0\x20\x20\x42\x50\x46\x5f\x43\x4f\x52\x45\x5f\x52\x45\x41\x44\x5f\
\x49\x4e\x54\x4f\x28\x26\x28\x66\x69\x76\x65\x5f\x74\x75\x70\x6c\x65\x2d\x3e\
\x64\x65\x73\x74\x5f\x61\x64\x64\x72\x2e\x61\x64\x64\x72\x36\x29\x2c\x20\x68\
\x64\x72\x2c\x20\x64\x61\x64\x64\x72\x2e\x69\x6e\x36\x5f\x75\x2e\x75\x36\x5f\
\x61\x64\x64\x72\x38\x29\x3b\0\x20\x20\x69\x6e\x74\x20\x70\x61\x63\x6b\x65\x74\
\x5f\x73\x69\x7a\x65\x20\x3d\x20\x62\x70\x66\x5f\x6e\x74\x6f\x68\x73\x28\x42\
\x50\x46\x5f\x43\x4f\x52\x45\x5f\x52\x45\x41\x44\x28\x68\x64\x72\x2c\x20\x70\
\x61\x79\x6c\x6f\x61\x64\x5f\x6c\x65\x6e\x29\x29\x3b\0\x30\x3a\x37\x32\0\x20\
\x20\x72\x65\x74\x75\x72\x6e\x20\x63\x72\x6f\x73\x5f\x73\x6b\x62\x5f\x6e\x65\
\x74\x77\x6f\x72\x6b\x5f\x68\x65\x61\x64\x65\x72\x28\x73\x6b\x62\x29\x20\x2d\
\x20\x42\x50\x46\x5f\x43\x4f\x52\x45\x5f\x52\x45\x41\x44\x28\x73\x6b\x62\x2c\
\x20\x64\x61\x74\x61\x29\x3b\0\x20\x20\x5f\x5f\x75\x38\x20\x6e\x65\x78\x74\x68\
\x64\x72\x20\x3d\x20\x42\x50\x46\x5f\x43\x4f\x52\x45\x5f\x52\x45\x41\x44\x28\
\x63\x72\x6f\x73\x5f\x69\x70\x76\x36\x5f\x68\x64\x72\x28\x73\x6b\x62\x29\x2c\
\x20\x6e\x65\x78\x74\x68\x64\x72\x29\x3b\0\x20\x20\x75\x6e\x73\x69\x67\x6e\x65\
\x64\x20\x69\x6e\x74\x20\x73\x74\x61\x72\x74\x20\x3d\x20\x63\x72\x6f\x73\x5f\
\x73\x6b\x62\x5f\x6e\x65\x74\x77\x6f\x72\x6b\x5f\x6f\x66\x66\x73\x65\x74\x28\
\x73\x6b\x62\x29\x20\x2b\x20\x73\x69\x7a\x65\x6f\x66\x28\x73\x74\x72\x75\x63\
\x74\x20\x69\x70\x76\x36\x68\x64\x72\x29\x3b\0\x30\x3a\x36\0\x69\x70\x76\x36\
\x5f\x6f\x70\x74\x5f\x68\x64\x72\0\x68\x64\x72\x6c\x65\x6e\0\x20\x20\x20\x20\
\x20\x20\x68\x64\x72\x6c\x65\x6e\x20\x3d\x20\x63\x72\x6f\x73\x5f\x69\x70\x76\
\x36\x5f\x6f\x70\x74\x6c\x65\x6e\x28\x68\x70\x29\x3b\0\x20\x20\x20\x20\x6e\x65\
\x78\x74\x68\x64\x72\x20\x3d\x20\x42\x50\x46\x5f\x43\x4f\x52\x45\x5f\x52\x45\
\x41\x44\x28\x68\x70\x2c\x20\x6e\x65\x78\x74\x68\x64\x72\x29\x3b\0\x20\x20\x20\
\x20\x73\x74\x61\x72\x74\x20\x2b\x3d\x20\x68\x64\x72\x6c\x65\x6e\x3b\0\x20\x20\
\x66\x6f\x72\x20\x28\x69\x6e\x74\x20\x69\x74\x65\x72\x20\x3d\x20\x30\x3b\x20\
\x69\x74\x65\x72\x20\x3c\x20\x32\x35\x35\x3b\x20\x69\x74\x65\x72\x2b\x2b\x29\
\x20\x7b\0\x2f\x62\x75\x69\x6c\x64\x2f\x61\x72\x6d\x36\x34\x2d\x67\x65\x6e\x65\
\x72\x69\x63\x2f\x74\x6d\x70\x2f\x70\x6f\x72\x74\x61\x67\x65\x2f\x63\x68\x72\
\x6f\x6d\x65\x6f\x73\x2d\x62\x61\x73\x65\x2f\x73\x65\x63\x61\x67\x65\x6e\x74\
\x64\x2d\x39\x39\x39\x39\x2f\x77\x6f\x72\x6b\x2f\x73\x65\x63\x61\x67\x65\x6e\
\x74\x64\x2d\x39\x39\x39\x39\x2f\x70\x6c\x61\x74\x66\x6f\x72\x6d\x32\x2f\x73\
\x65\x63\x61\x67\x65\x6e\x74\x64\x2f\x62\x70\x66\x2f\x70\x6f\x72\x74\x2f\x69\
\x6e\x63\x6c\x75\x64\x65\x2f\x6e\x65\x74\x2f\x69\x70\x76\x36\x2e\x68\0\x20\x20\
\x72\x65\x74\x75\x72\x6e\x20\x28\x6e\x65\x78\x74\x68\x64\x72\x20\x3d\x3d\x20\
\x43\x52\x4f\x53\x5f\x4e\x45\x58\x54\x48\x44\x52\x5f\x48\x4f\x50\x29\x20\x7c\
\x7c\x20\x28\x6e\x65\x78\x74\x68\x64\x72\x20\x3d\x3d\x20\x43\x52\x4f\x53\x5f\
\x4e\x45\x58\x54\x48\x44\x52\x5f\x52\x4f\x55\x54\x49\x4e\x47\x29\x20\x7c\x7c\0\
\x20\x20\x20\x20\x69\x66\x20\x28\x28\x21\x63\x72\x6f\x73\x5f\x69\x70\x76\x36\
\x5f\x65\x78\x74\x5f\x68\x64\x72\x28\x6e\x65\x78\x74\x68\x64\x72\x29\x29\x20\
\x7c\x7c\x20\x6e\x65\x78\x74\x68\x64\x72\x20\x3d\x3d\x20\x43\x52\x4f\x53\x5f\
\x4e\x45\x58\x54\x48\x44\x52\x5f\x4e\x4f\x4e\x45\x29\x20\x7b\0\x20\x20\x72\x65\
\x74\x75\x72\x6e\x20\x63\x72\x6f\x73\x5f\x5f\x73\x6b\x62\x5f\x68\x65\x61\x64\
\x65\x72\x5f\x70\x6f\x69\x6e\x74\x65\x72\x28\x73\x6b\x62\x2c\x20\x6f\x66\x66\
\x73\x65\x74\x2c\x20\x6c\x65\x6e\x2c\x20\x42\x50\x46\x5f\x43\x4f\x52\x45\x5f\
\x52\x45\x41\x44\x28\x73\x6b\x62\x2c\x20\x64\x61\x74\x61\x29\x2c\0\x20\x20\x72\
\x65\x74\x75\x72\x6e\x20\x42\x50\x46\x5f\x43\x4f\x52\x45\x5f\x52\x45\x41\x44\
\x28\x73\x6b\x62\x2c\x20\x6c\x65\x6e\x29\x20\x2d\x20\x42\x50\x46\x5f\x43\x4f\
\x52\x45\x5f\x52\x45\x41\x44\x28\x73\x6b\x62\x2c\x20\x64\x61\x74\x61\x5f\x6c\
\x65\x6e\x29\x3b\0\x20\x20\x69\x66\x20\x28\x68\x6c\x65\x6e\x20\x2d\x20\x6f\x66\
\x66\x73\x65\x74\x20\x3e\x3d\x20\x6c\x65\x6e\x29\x20\x7b\0\x20\x20\x20\x20\x72\
\x65\x74\x75\x72\x6e\x20\x28\x76\x6f\x69\x64\x2a\x29\x64\x61\x74\x61\x20\x2b\
\x20\x6f\x66\x66\x73\x65\x74\x3b\x20\x20\x2f\x2f\x20\x4e\x4f\x4c\x49\x4e\x54\0\
\x20\x20\x20\x20\x69\x66\x20\x28\x21\x68\x70\x29\0\x20\x20\x20\x20\x69\x66\x20\
\x28\x6e\x65\x78\x74\x68\x64\x72\x20\x3d\x3d\x20\x43\x52\x4f\x53\x5f\x4e\x45\
\x58\x54\x48\x44\x52\x5f\x46\x52\x41\x47\x4d\x45\x4e\x54\x29\x20\x7b\0\x20\x20\
\x20\x20\x20\x20\x68\x64\x72\x6c\x65\x6e\x20\x3d\x20\x63\x72\x6f\x73\x5f\x69\
\x70\x76\x36\x5f\x61\x75\x74\x68\x6c\x65\x6e\x28\x68\x70\x29\x3b\0\x20\x20\x73\
\x77\x69\x74\x63\x68\x20\x28\x6e\x65\x78\x74\x5f\x68\x65\x61\x64\x65\x72\x29\
\x20\x7b\0\x30\x3a\x35\x32\0\x20\x20\x20\x20\x20\x20\x69\x66\x20\x28\x42\x50\
\x46\x5f\x43\x4f\x52\x45\x5f\x52\x45\x41\x44\x28\x73\x6b\x2c\x20\x73\x6b\x5f\
\x74\x79\x70\x65\x29\x20\x3d\x3d\x20\x53\x4f\x43\x4b\x5f\x52\x41\x57\x29\x20\
\x7b\0\x63\x72\x6f\x73\x5f\x68\x61\x6e\x64\x6c\x65\x5f\x69\x70\x36\x5f\x69\x6e\
\x70\x75\x74\x5f\x65\x78\x69\x74\0\x72\x61\x77\x5f\x74\x72\x61\x63\x65\x70\x6f\
\x69\x6e\x74\x2f\x63\x72\x6f\x73\x5f\x69\x70\x36\x5f\x69\x6e\x70\x75\x74\x5f\
\x66\x69\x6e\x69\x73\x68\x5f\x65\x6e\x74\x65\x72\0\x69\x6e\x74\x20\x42\x50\x46\
\x5f\x50\x52\x4f\x47\x28\x63\x72\x6f\x73\x5f\x68\x61\x6e\x64\x6c\x65\x5f\x69\
\x70\x36\x5f\x69\x6e\x70\x75\x74\x5f\x65\x78\x69\x74\x2c\0\x63\x72\x6f\x73\x5f\
\x68\x61\x6e\x64\x6c\x65\x5f\x69\x6e\x65\x74\x5f\x61\x63\x63\x65\x70\x74\x5f\
\x65\x78\x69\x74\0\x72\x61\x77\x5f\x74\x72\x61\x63\x65\x70\x6f\x69\x6e\x74\x2f\
\x63\x72\x6f\x73\x5f\x69\x6e\x65\x74\x5f\x61\x63\x63\x65\x70\x74\x5f\x65\x78\
\x69\x74\0\x69\x6e\x74\x20\x42\x50\x46\x5f\x50\x52\x4f\x47\x28\x63\x72\x6f\x73\
\x5f\x68\x61\x6e\x64\x6c\x65\x5f\x69\x6e\x65\x74\x5f\x61\x63\x63\x65\x70\x74\
\x5f\x65\x78\x69\x74\x2c\0\x20\x20\x69\x66\x20\x28\x72\x76\x20\x3c\x20\x30\x29\
\x20\x7b\0\x20\x20\x6b\x65\x79\x2e\x73\x6f\x63\x6b\x20\x3d\x20\x28\x75\x69\x6e\
\x74\x36\x34\x5f\x74\x29\x6e\x65\x77\x73\x6f\x63\x6b\x3b\0\x20\x20\x73\x74\x72\
\x75\x63\x74\x20\x73\x6f\x63\x6b\x5f\x63\x6f\x6d\x6d\x6f\x6e\x20\x73\x6b\x5f\
\x63\x6f\x6d\x6d\x6f\x6e\x20\x3d\x20\x42\x50\x46\x5f\x43\x4f\x52\x45\x5f\x52\
\x45\x41\x44\x28\x73\x6f\x63\x6b\x2c\x20\x73\x6b\x2c\x20\x5f\x5f\x73\x6b\x5f\
\x63\x6f\x6d\x6d\x6f\x6e\x29\x3b\0\x20\x20\x66\x69\x76\x65\x5f\x74\x75\x70\x6c\
\x65\x2d\x3e\x66\x61\x6d\x69\x6c\x79\x20\x3d\x20\x73\x6b\x5f\x63\x6f\x6d\x6d\
\x6f\x6e\x2e\x73\x6b\x63\x5f\x66\x61\x6d\x69\x6c\x79\x3b\0\x20\x20\x20\x20\x20\
\x20\x64\x65\x74\x65\x72\x6d\x69\x6e\x65\x5f\x70\x72\x6f\x74\x6f\x63\x6f\x6c\
\x28\x66\x69\x76\x65\x5f\x74\x75\x70\x6c\x65\x2d\x3e\x66\x61\x6d\x69\x6c\x79\
\x2c\x20\x42\x50\x46\x5f\x43\x4f\x52\x45\x5f\x52\x45\x41\x44\x28\x73\x6f\x63\
\x6b\x2c\x20\x74\x79\x70\x65\x29\x2c\0\x20\x20\x20\x20\x20\x20\x20\x20\x20\x20\
\x20\x20\x20\x20\x20\x20\x20\x20\x20\x20\x20\x20\x20\x20\x20\x42\x50\x46\x5f\
\x43\x4f\x52\x45\x5f\x52\x45\x41\x44\x28\x73\x6f\x63\x6b\x2c\x20\x73\x6b\x2c\
\x20\x73\x6b\x5f\x70\x72\x6f\x74\x6f\x63\x6f\x6c\x29\x29\x3b\0\x20\x20\x66\x69\
\x76\x65\x5f\x74\x75\x70\x6c\x65\x2d\x3e\x70\x72\x6f\x74\x6f\x63\x6f\x6c\x20\
\x3d\0\x20\x20\x69\x66\x20\x28\x66\x69\x76\x65\x5f\x74\x75\x70\x6c\x65\x2d\x3e\
\x66\x61\x6d\x69\x6c\x79\x20\x3d\x3d\x20\x43\x52\x4f\x53\x5f\x46\x41\x4d\x49\
\x4c\x59\x5f\x41\x46\x5f\x49\x4e\x45\x54\x29\x20\x7b\0\x20\x20\x20\x20\x66\x69\
\x76\x65\x5f\x74\x75\x70\x6c\x65\x2d\x3e\x64\x65\x73\x74\x5f\x61\x64\x64\x72\
\x2e\x61\x64\x64\x72\x34\x20\x3d\x20\x73\x6b\x5f\x63\x6f\x6d\x6d\x6f\x6e\x2e\
\x73\x6b\x63\x5f\x64\x61\x64\x64\x72\x3b\0\x30\x3a\x30\x3a\x31\x3a\x30\0\x20\
\x20\x20\x20\x66\x69\x76\x65\x5f\x74\x75\x70\x6c\x65\x2d\x3e\x73\x6f\x75\x72\
\x63\x65\x5f\x61\x64\x64\x72\x2e\x61\x64\x64\x72\x34\x20\x3d\x20\x73\x6b\x5f\
\x63\x6f\x6d\x6d\x6f\x6e\x2e\x73\x6b\x63\x5f\x72\x63\x76\x5f\x73\x61\x64\x64\
\x72\x3b\0\x20\x20\x20\x20\x5f\x5f\x62\x75\x69\x6c\x74\x69\x6e\x5f\x6d\x65\x6d\
\x6d\x6f\x76\x65\x28\x66\x69\x76\x65\x5f\x74\x75\x70\x6c\x65\x2d\x3e\x73\x6f\
\x75\x72\x63\x65\x5f\x61\x64\x64\x72\x2e\x61\x64\x64\x72\x36\x2c\0\x30\x3a\x31\
\x33\x3a\x30\x3a\x30\0\x20\x20\x20\x20\x5f\x5f\x62\x75\x69\x6c\x74\x69\x6e\x5f\
\x6d\x65\x6d\x6d\x6f\x76\x65\x28\x66\x69\x76\x65\x5f\x74\x75\x70\x6c\x65\x2d\
\x3e\x64\x65\x73\x74\x5f\x61\x64\x64\x72\x2e\x61\x64\x64\x72\x36\x2c\0\x20\x20\
\x66\x69\x76\x65\x5f\x74\x75\x70\x6c\x65\x2d\x3e\x64\x65\x73\x74\x5f\x70\x6f\
\x72\x74\x20\x3d\x20\x73\x6b\x5f\x63\x6f\x6d\x6d\x6f\x6e\x2e\x73\x6b\x63\x5f\
\x64\x70\x6f\x72\x74\x3b\0\x30\x3a\x32\x3a\x31\x3a\x30\0\x20\x20\x66\x69\x76\
\x65\x5f\x74\x75\x70\x6c\x65\x2d\x3e\x73\x6f\x75\x72\x63\x65\x5f\x70\x6f\x72\
\x74\x20\x3d\x20\x73\x6b\x5f\x63\x6f\x6d\x6d\x6f\x6e\x2e\x73\x6b\x63\x5f\x6e\
\x75\x6d\x3b\0\x20\x20\x69\x66\x20\x28\x76\x61\x6c\x75\x65\x5f\x72\x65\x66\x29\
\x20\x7b\x20\x20\x2f\x2f\x20\x65\x6e\x74\x72\x79\x20\x61\x6c\x72\x65\x61\x64\
\x79\x20\x65\x78\x69\x73\x74\x2e\x2e\x20\x74\x68\x69\x73\x20\x73\x68\x6f\x75\
\x6c\x64\x6e\x27\x74\x20\x62\x65\x20\x74\x68\x65\x20\x63\x61\x73\x65\x2e\0\x63\
\x72\x6f\x73\x5f\x68\x61\x6e\x64\x6c\x65\x5f\x69\x6e\x65\x74\x5f\x73\x74\x72\
\x65\x61\x6d\x5f\x63\x6f\x6e\x6e\x65\x63\x74\x5f\x65\x78\x69\x74\0\x72\x61\x77\
\x5f\x74\x72\x61\x63\x65\x70\x6f\x69\x6e\x74\x2f\x63\x72\x6f\x73\x5f\x69\x6e\
\x65\x74\x5f\x73\x74\x72\x65\x61\x6d\x5f\x63\x6f\x6e\x6e\x65\x63\x74\x5f\x65\
\x78\x69\x74\0\x69\x6e\x74\x20\x42\x50\x46\x5f\x50\x52\x4f\x47\x28\x63\x72\x6f\
\x73\x5f\x68\x61\x6e\x64\x6c\x65\x5f\x69\x6e\x65\x74\x5f\x73\x74\x72\x65\x61\
\x6d\x5f\x63\x6f\x6e\x6e\x65\x63\x74\x5f\x65\x78\x69\x74\x2c\0\x20\x20\x6b\x65\
\x79\x2e\x73\x6f\x63\x6b\x20\x3d\x20\x28\x75\x69\x6e\x74\x36\x34\x5f\x74\x29\
\x73\x6f\x63\x6b\x3b\0\x20\x20\x69\x66\x20\x28\x76\x61\x6c\x75\x65\x5f\x72\x65\
\x66\x29\x20\x7b\0\x20\x20\x20\x20\x76\x61\x6c\x75\x65\x5f\x72\x65\x66\x2d\x3e\
\x64\x69\x72\x65\x63\x74\x69\x6f\x6e\x20\x3d\x20\x43\x52\x4f\x53\x5f\x53\x4f\
\x43\x4b\x45\x54\x5f\x44\x49\x52\x45\x43\x54\x49\x4f\x4e\x5f\x4f\x55\x54\x3b\0\
\x63\x72\x6f\x73\x5f\x68\x61\x6e\x64\x6c\x65\x5f\x69\x6e\x65\x74\x5f\x72\x65\
\x6c\x65\x61\x73\x65\x5f\x65\x6e\x74\x65\x72\0\x72\x61\x77\x5f\x74\x72\x61\x63\
\x65\x70\x6f\x69\x6e\x74\x2f\x63\x72\x6f\x73\x5f\x69\x6e\x65\x74\x5f\x72\x65\
\x6c\x65\x61\x73\x65\x5f\x65\x6e\x74\x65\x72\0\x69\x6e\x74\x20\x42\x50\x46\x5f\
\x50\x52\x4f\x47\x28\x63\x72\x6f\x73\x5f\x68\x61\x6e\x64\x6c\x65\x5f\x69\x6e\
\x65\x74\x5f\x72\x65\x6c\x65\x61\x73\x65\x5f\x65\x6e\x74\x65\x72\x2c\x20\x73\
\x74\x72\x75\x63\x74\x20\x73\x6f\x63\x6b\x65\x74\x2a\x20\x73\x6f\x63\x6b\x29\
\x20\x7b\0\x20\x20\x75\x69\x6e\x74\x36\x34\x5f\x74\x20\x6b\x65\x79\x20\x3d\x20\
\x28\x75\x69\x6e\x74\x36\x34\x5f\x74\x29\x73\x6f\x63\x6b\x3b\0\x20\x20\x62\x70\
\x66\x5f\x6d\x61\x70\x5f\x64\x65\x6c\x65\x74\x65\x5f\x65\x6c\x65\x6d\x28\x26\
\x61\x63\x74\x69\x76\x65\x5f\x73\x6f\x63\x6b\x65\x74\x5f\x6d\x61\x70\x2c\x20\
\x26\x6b\x65\x79\x29\x3b\0\x63\x72\x6f\x73\x5f\x68\x61\x6e\x64\x6c\x65\x5f\x69\
\x6e\x65\x74\x5f\x73\x65\x6e\x64\x6d\x73\x67\x5f\x65\x78\x69\x74\0\x72\x61\x77\
\x5f\x74\x72\x61\x63\x65\x70\x6f\x69\x6e\x74\x2f\x63\x72\x6f\x73\x5f\x69\x6e\
\x65\x74\x5f\x73\x65\x6e\x64\x6d\x73\x67\x5f\x65\x78\x69\x74\0\x69\x6e\x74\x20\
\x42\x50\x46\x5f\x50\x52\x4f\x47\x28\x63\x72\x6f\x73\x5f\x68\x61\x6e\x64\x6c\
\x65\x5f\x69\x6e\x65\x74\x5f\x73\x65\x6e\x64\x6d\x73\x67\x5f\x65\x78\x69\x74\
\x2c\0\x20\x20\x63\x6f\x6e\x73\x74\x20\x75\x69\x6e\x74\x33\x32\x5f\x74\x20\x7a\
\x65\x72\x6f\x20\x3d\x20\x30\x3b\0\x20\x20\x70\x72\x6f\x63\x65\x73\x73\x5f\x76\
\x61\x6c\x75\x65\x20\x3d\x20\x62\x70\x66\x5f\x6d\x61\x70\x5f\x6c\x6f\x6f\x6b\
\x75\x70\x5f\x65\x6c\x65\x6d\x28\x26\x68\x65\x61\x70\x5f\x63\x72\x6f\x73\x5f\
\x6e\x65\x74\x77\x6f\x72\x6b\x5f\x63\x6f\x6d\x6d\x6f\x6e\x5f\x6d\x61\x70\x2c\
\x20\x26\x7a\x65\x72\x6f\x29\x3b\0\x20\x20\x69\x66\x20\x28\x70\x72\x6f\x63\x65\
\x73\x73\x5f\x76\x61\x6c\x75\x65\x20\x3d\x3d\x20\x4e\x55\x4c\x4c\x29\x20\x7b\0\
\x20\x20\x5f\x5f\x62\x75\x69\x6c\x74\x69\x6e\x5f\x6d\x65\x6d\x73\x65\x74\x28\
\x70\x72\x6f\x63\x65\x73\x73\x5f\x76\x61\x6c\x75\x65\x2c\x20\x30\x2c\0\x20\x20\
\x70\x72\x6f\x63\x65\x73\x73\x5f\x76\x61\x6c\x75\x65\x2d\x3e\x67\x61\x72\x62\
\x61\x67\x65\x5f\x63\x6f\x6c\x6c\x65\x63\x74\x5f\x6d\x65\x20\x3d\x20\x66\x61\
\x6c\x73\x65\x3b\0\x20\x20\x62\x70\x66\x5f\x6d\x61\x70\x5f\x75\x70\x64\x61\x74\
\x65\x5f\x65\x6c\x65\x6d\x28\x26\x70\x72\x6f\x63\x65\x73\x73\x5f\x6d\x61\x70\
\x2c\x20\x26\x73\x6f\x63\x6b\x2c\x20\x70\x72\x6f\x63\x65\x73\x73\x5f\x76\x61\
\x6c\x75\x65\x2c\x20\x42\x50\x46\x5f\x41\x4e\x59\x29\x3b\0\x63\x72\x6f\x73\x5f\
\x68\x61\x6e\x64\x6c\x65\x5f\x69\x6e\x65\x74\x5f\x72\x65\x63\x76\x6d\x73\x67\
\x5f\x65\x78\x69\x74\0\x72\x61\x77\x5f\x74\x72\x61\x63\x65\x70\x6f\x69\x6e\x74\
\x2f\x63\x72\x6f\x73\x5f\x69\x6e\x65\x74\x5f\x72\x65\x63\x76\x6d\x73\x67\x5f\
\x65\x78\x69\x74\0\x69\x6e\x74\x20\x42\x50\x46\x5f\x50\x52\x4f\x47\x28\x63\x72\
\x6f\x73\x5f\x68\x61\x6e\x64\x6c\x65\x5f\x69\x6e\x65\x74\x5f\x72\x65\x63\x76\
\x6d\x73\x67\x5f\x65\x78\x69\x74\x2c\0\x4c\x49\x43\x45\x4e\x53\x45\0\x63\x72\
\x6f\x73\x5f\x69\x73\x5f\x69\x66\x69\x6e\x64\x65\x78\x5f\x65\x78\x74\x65\x72\
\x6e\x61\x6c\x2e\x5f\x5f\x5f\x5f\x66\x6d\x74\0\x63\x72\x6f\x73\x5f\x69\x73\x5f\
\x69\x66\x69\x6e\x64\x65\x78\x5f\x65\x78\x74\x65\x72\x6e\x61\x6c\x2e\x5f\x5f\
\x5f\x5f\x66\x6d\x74\x2e\x31\0\x5f\x5f\x5f\x5f\x63\x72\x6f\x73\x5f\x68\x61\x6e\
\x64\x6c\x65\x5f\x69\x6e\x65\x74\x5f\x61\x63\x63\x65\x70\x74\x5f\x65\x78\x69\
\x74\x2e\x5f\x5f\x5f\x5f\x66\x6d\x74\0\x2e\x6d\x61\x70\x73\0\x2e\x72\x6f\x64\
\x61\x74\x61\0\x6c\x69\x63\x65\x6e\x73\x65\0\x70\x72\x6f\x63\x5f\x6e\x73\x5f\
\x6f\x70\x65\x72\x61\x74\x69\x6f\x6e\x73\0\x76\x66\x73\x6d\x6f\x75\x6e\x74\0\
\x6b\x65\x72\x6e\x66\x73\x5f\x6e\x6f\x64\x65\0\x69\x6e\x6f\x64\x65\0\x75\x73\
\x65\x72\x5f\x6e\x61\x6d\x65\x73\x70\x61\x63\x65\0\x76\x6d\x5f\x6f\x70\x65\x72\
\x61\x74\x69\x6f\x6e\x73\x5f\x73\x74\x72\x75\x63\x74\0\x74\x61\x73\x6b\x5f\x67\
\x72\x6f\x75\x70\0\x70\x69\x70\x65\x5f\x69\x6e\x6f\x64\x65\x5f\x69\x6e\x66\x6f\
\0\x6c\x69\x6e\x75\x78\x5f\x62\x69\x6e\x66\x6d\x74\0\x6d\x6f\x64\x75\x6c\x65\0\
\x6b\x6f\x62\x6a\x5f\x74\x79\x70\x65\0\x61\x64\x64\x72\x65\x73\x73\x5f\x73\x70\
\x61\x63\x65\x5f\x6f\x70\x65\x72\x61\x74\x69\x6f\x6e\x73\0\x64\x65\x76\x69\x63\
\x65\x5f\x70\x72\x69\x76\x61\x74\x65\0\x64\x65\x76\x69\x63\x65\x5f\x64\x72\x69\
\x76\x65\x72\0\x62\x75\x73\x5f\x74\x79\x70\x65\0\x66\x69\x6c\x65\x5f\x6f\x70\
\x65\x72\x61\x74\x69\x6f\x6e\x73\0\x66\x77\x6e\x6f\x64\x65\x5f\x68\x61\x6e\x64\
\x6c\x65\0\x63\x74\x6c\x5f\x74\x61\x62\x6c\x65\x5f\x72\x6f\x6f\x74\0\x63\x74\
\x6c\x5f\x6e\x6f\x64\x65\0\x6e\x6f\x74\x69\x66\x69\x65\x72\x5f\x62\x6c\x6f\x63\
\x6b\0\x64\x65\x76\x69\x63\x65\x5f\x6e\x6f\x64\x65\0\x74\x63\x70\x5f\x63\x6f\
\x6e\x67\x65\x73\x74\x69\x6f\x6e\x5f\x6f\x70\x73\0\x66\x61\x73\x79\x6e\x63\x5f\
\x73\x74\x72\x75\x63\x74\0\x75\x73\x65\x72\x5f\x73\x74\x72\x75\x63\x74\0\x6e\
\x65\x74\x64\x65\x76\x5f\x6e\x61\x6d\x65\x5f\x6e\x6f\x64\x65\0\x64\x65\x76\x5f\
\x69\x66\x61\x6c\x69\x61\x73\0\x6e\x65\x74\x5f\x64\x65\x76\x69\x63\x65\x5f\x6f\
\x70\x73\0\x6c\x77\x74\x75\x6e\x6e\x65\x6c\x5f\x73\x74\x61\x74\x65\0\x6e\x65\
\x69\x67\x68\x5f\x70\x61\x72\x6d\x73\0\x6b\x65\x79\x5f\x74\x61\x67\0\x70\x72\
\x6f\x63\x5f\x64\x69\x72\x5f\x65\x6e\x74\x72\x79\0\x6e\x65\x74\x5f\x67\x65\x6e\
\x65\x72\x69\x63\0\x62\x70\x66\x5f\x70\x72\x6f\x67\x5f\x73\x74\x61\x74\x73\0\
\x72\x74\x36\x5f\x73\x74\x61\x74\x69\x73\x74\x69\x63\x73\0\x69\x70\x73\x74\x61\
\x74\x73\x5f\x6d\x69\x62\0\x74\x63\x70\x5f\x6d\x69\x62\0\x6c\x69\x6e\x75\x78\
\x5f\x6d\x69\x62\0\x75\x64\x70\x5f\x6d\x69\x62\0\x69\x63\x6d\x70\x5f\x6d\x69\
\x62\0\x69\x63\x6d\x70\x6d\x73\x67\x5f\x6d\x69\x62\0\x69\x63\x6d\x70\x76\x36\
\x5f\x6d\x69\x62\0\x69\x63\x6d\x70\x76\x36\x6d\x73\x67\x5f\x6d\x69\x62\0\x69\
\x6e\x65\x74\x5f\x68\x61\x73\x68\x69\x6e\x66\x6f\0\x6b\x6d\x65\x6d\x5f\x63\x61\
\x63\x68\x65\0\x69\x70\x76\x34\x5f\x64\x65\x76\x63\x6f\x6e\x66\0\x69\x70\x5f\
\x72\x61\x5f\x63\x68\x61\x69\x6e\0\x66\x69\x62\x5f\x72\x75\x6c\x65\x73\x5f\x6f\
\x70\x73\0\x66\x69\x62\x5f\x74\x61\x62\x6c\x65\0\x69\x6e\x65\x74\x5f\x70\x65\
\x65\x72\x5f\x62\x61\x73\x65\0\x74\x63\x70\x5f\x66\x61\x73\x74\x6f\x70\x65\x6e\
\x5f\x63\x6f\x6e\x74\x65\x78\x74\0\x6d\x72\x5f\x74\x61\x62\x6c\x65\0\x66\x69\
\x62\x5f\x6e\x6f\x74\x69\x66\x69\x65\x72\x5f\x6f\x70\x73\0\x78\x66\x72\x6d\x5f\
\x73\x74\x61\x74\x65\0\x68\x72\x74\x69\x6d\x65\x72\x5f\x63\x6c\x6f\x63\x6b\x5f\
\x62\x61\x73\x65\0\x78\x66\x72\x6d\x5f\x73\x65\x63\x5f\x63\x74\x78\0\x6e\x65\
\x69\x67\x68\x5f\x74\x61\x62\x6c\x65\0\x6e\x65\x69\x67\x68\x5f\x6f\x70\x73\0\
\x69\x70\x76\x36\x5f\x64\x65\x76\x63\x6f\x6e\x66\0\x66\x69\x62\x36\x5f\x69\x6e\
\x66\x6f\0\x66\x69\x62\x36\x5f\x74\x61\x62\x6c\x65\0\x72\x74\x36\x5f\x69\x6e\
\x66\x6f\0\x69\x6e\x65\x74\x36\x5f\x64\x65\x76\0\x77\x70\x61\x6e\x5f\x64\x65\
\x76\0\x73\x65\x67\x36\x5f\x70\x65\x72\x6e\x65\x74\x5f\x64\x61\x74\x61\0\x69\
\x6f\x61\x6d\x36\x5f\x70\x65\x72\x6e\x65\x74\x5f\x64\x61\x74\x61\0\x63\x74\x5f\
\x70\x63\x70\x75\0\x69\x70\x5f\x63\x6f\x6e\x6e\x74\x72\x61\x63\x6b\x5f\x73\x74\
\x61\x74\0\x6e\x66\x5f\x63\x74\x5f\x65\x76\x65\x6e\x74\x5f\x6e\x6f\x74\x69\x66\
\x69\x65\x72\0\x62\x70\x66\x5f\x70\x72\x6f\x67\x5f\x61\x75\x78\0\x6c\x6f\x63\
\x6b\x5f\x63\x6c\x61\x73\x73\x5f\x6b\x65\x79\0\x62\x70\x66\x5f\x6c\x6f\x63\x61\
\x6c\x5f\x73\x74\x6f\x72\x61\x67\x65\0\x70\x69\x64\x5f\x6e\x61\x6d\x65\x73\x70\
\x61\x63\x65\0\x73\x6f\x63\x6b\x5f\x72\x65\x75\x73\x65\x70\x6f\x72\x74\0\x73\
\x6f\x63\x6b\x5f\x66\x70\x72\x6f\x67\x5f\x6b\x65\x72\x6e\0\x62\x70\x66\x5f\x73\
\x74\x6f\x72\x61\x67\x65\x5f\x62\x75\x66\x66\x65\x72\0\x62\x70\x66\x5f\x63\x67\
\x72\x6f\x75\x70\x5f\x73\x74\x6f\x72\x61\x67\x65\x5f\x6d\x61\x70\0\x69\x6e\x5f\
\x64\x65\x76\x69\x63\x65\0\x77\x69\x72\x65\x6c\x65\x73\x73\x5f\x64\x65\x76\0\
\x72\x63\x75\x5f\x6e\x6f\x64\x65\0\x5f\x5f\x6b\x65\x72\x6e\x65\x6c\x5f\x74\x69\
\x6d\x65\x73\x70\x65\x63\0\x6f\x6c\x64\x5f\x74\x69\x6d\x65\x73\x70\x65\x63\x33\
\x32\0\x70\x6f\x6c\x6c\x66\x64\0\x6e\x65\x74\x64\x65\x76\x5f\x72\x78\x5f\x71\
\x75\x65\x75\x65\0\x6d\x69\x6e\x69\x5f\x51\x64\x69\x73\x63\0\x51\x64\x69\x73\
\x63\0\x6e\x65\x74\x64\x65\x76\x5f\x71\x75\x65\x75\x65\0\x63\x70\x75\x5f\x72\
\x6d\x61\x70\0\x78\x64\x70\x5f\x64\x65\x76\x5f\x62\x75\x6c\x6b\x5f\x71\x75\x65\
\x75\x65\0\x70\x63\x70\x75\x5f\x6c\x73\x74\x61\x74\x73\0\x70\x63\x70\x75\x5f\
\x73\x77\x5f\x6e\x65\x74\x73\x74\x61\x74\x73\0\x70\x68\x79\x5f\x64\x65\x76\x69\
\x63\x65\0\x69\x72\x71\x5f\x64\x6f\x6d\x61\x69\x6e\0\x62\x70\x66\x5f\x78\x64\
\x70\x5f\x6c\x69\x6e\x6b\0\x73\x6b\x62\x5f\x65\x78\x74\0\x64\x65\x76\x69\x63\
\x65\x5f\x74\x79\x70\x65\0\x77\x61\x6b\x65\x75\x70\x5f\x73\x6f\x75\x72\x63\x65\
\0\x77\x61\x6b\x65\x5f\x69\x72\x71\0\x64\x65\x76\x5f\x70\x6d\x5f\x64\x6f\x6d\
\x61\x69\x6e\0\x70\x6d\x5f\x73\x75\x62\x73\x79\x73\x5f\x64\x61\x74\x61\0\x64\
\x65\x76\x5f\x70\x6d\x5f\x71\x6f\x73\0\x65\x6d\x5f\x70\x65\x72\x66\x5f\x64\x6f\
\x6d\x61\x69\x6e\0\x64\x65\x76\x5f\x70\x69\x6e\x5f\x69\x6e\x66\x6f\0\x64\x6d\
\x61\x5f\x6d\x61\x70\x5f\x6f\x70\x73\0\x62\x75\x73\x5f\x64\x6d\x61\x5f\x72\x65\
\x67\x69\x6f\x6e\0\x64\x65\x76\x69\x63\x65\x5f\x64\x6d\x61\x5f\x70\x61\x72\x61\
\x6d\x65\x74\x65\x72\x73\0\x64\x6d\x61\x5f\x63\x6f\x68\x65\x72\x65\x6e\x74\x5f\
\x6d\x65\x6d\0\x69\x6f\x5f\x74\x6c\x62\x5f\x6d\x65\x6d\0\x64\x65\x76\x5f\x69\
\x6f\x6d\x6d\x75\0\x64\x65\x76\x69\x63\x65\x5f\x70\x68\x79\x73\x69\x63\x61\x6c\
\x5f\x6c\x6f\x63\x61\x74\x69\x6f\x6e\0\x72\x65\x71\x75\x65\x73\x74\x5f\x71\x75\
\x65\x75\x65\0\x74\x72\x61\x63\x65\x5f\x65\x76\x65\x6e\x74\x5f\x63\x61\x6c\x6c\
\0\x65\x76\x65\x6e\x74\x5f\x66\x69\x6c\x74\x65\x72\0\x66\x74\x72\x61\x63\x65\
\x5f\x68\x61\x73\x68\0\x70\x65\x72\x66\x5f\x62\x75\x66\x66\x65\x72\0\x70\x65\
\x72\x66\x5f\x61\x64\x64\x72\x5f\x66\x69\x6c\x74\x65\x72\x5f\x72\x61\x6e\x67\
\x65\0\x70\x65\x72\x66\x5f\x72\x61\x77\x5f\x72\x65\x63\x6f\x72\x64\0\x70\x65\
\x72\x66\x5f\x62\x72\x61\x6e\x63\x68\x5f\x73\x74\x61\x63\x6b\0\x70\x65\x72\x66\
\x5f\x63\x61\x6c\x6c\x63\x68\x61\x69\x6e\x5f\x65\x6e\x74\x72\x79\0\x6b\x65\x72\
\x6e\x65\x6c\x5f\x73\x69\x67\x69\x6e\x66\x6f\0\x6b\x69\x6f\x63\x74\x78\x5f\x74\
\x61\x62\x6c\x65\0\x75\x73\x65\x72\x66\x61\x75\x6c\x74\x66\x64\x5f\x63\x74\x78\
\0\x63\x73\x73\x5f\x73\x65\x74\0\x73\x65\x6d\x5f\x75\x6e\x64\x6f\x5f\x6c\x69\
\x73\x74\0\x66\x73\x5f\x73\x74\x72\x75\x63\x74\0\x66\x69\x6c\x65\x73\x5f\x73\
\x74\x72\x75\x63\x74\0\x73\x69\x67\x6e\x61\x6c\x5f\x73\x74\x72\x75\x63\x74\0\
\x73\x69\x67\x68\x61\x6e\x64\x5f\x73\x74\x72\x75\x63\x74\0\x73\x65\x63\x63\x6f\
\x6d\x70\x5f\x66\x69\x6c\x74\x65\x72\0\x72\x74\x5f\x6d\x75\x74\x65\x78\x5f\x77\
\x61\x69\x74\x65\x72\0\x62\x6c\x6b\x5f\x70\x6c\x75\x67\0\x72\x6f\x62\x75\x73\
\x74\x5f\x6c\x69\x73\x74\x5f\x68\x65\x61\x64\0\x63\x6f\x6d\x70\x61\x74\x5f\x72\
\x6f\x62\x75\x73\x74\x5f\x6c\x69\x73\x74\x5f\x68\x65\x61\x64\0\x66\x75\x74\x65\
\x78\x5f\x70\x69\x5f\x73\x74\x61\x74\x65\0\x66\x74\x72\x61\x63\x65\x5f\x72\x65\
\x74\x5f\x73\x74\x61\x63\x6b\0\x75\x70\x72\x6f\x62\x65\x5f\x74\x61\x73\x6b\0\
\x76\x6d\x5f\x73\x74\x72\x75\x63\x74\0\x62\x70\x66\x5f\x72\x75\x6e\x5f\x63\x74\
\x78\0\x70\x72\x6f\x74\x6f\x5f\x6f\x70\x73\0\0\0\x9f\xeb\x01\0\x20\0\0\0\0\0\0\
\0\xa4\0\0\0\xa4\0\0\0\x34\x3f\0\0\xd8\x3f\0\0\x6c\x0c\0\0\x08\0\0\0\x43\x04\0\
\0\x01\0\0\0\0\0\0\0\x4e\0\0\0\xe8\x47\0\0\x01\0\0\0\0\0\0\0\x16\x02\0\0\x22\
\x87\0\0\x01\0\0\0\0\0\0\0\x9b\x03\0\0\xf1\x87\0\0\x01\0\0\0\0\0\0\0\x9d\x03\0\
\0\xca\x8d\0\0\x01\0\0\0\0\0\0\0\xa5\x03\0\0\x3b\x8e\0\0\x01\0\0\0\0\0\0\0\xa7\
\x03\0\0\xc4\x91\0\0\x01\0\0\0\0\0\0\0\xa9\x03\0\0\xa9\x92\0\0\x01\0\0\0\0\0\0\
\0\xab\x03\0\0\x84\x93\0\0\x01\0\0\0\0\0\0\0\xad\x03\0\0\x11\x95\0\0\x01\0\0\0\
\0\0\0\0\xaf\x03\0\0\x10\0\0\0\x43\x04\0\0\x79\0\0\0\0\0\0\0\x68\x04\0\0\x2b\
\x05\0\0\x05\x84\x06\0\x08\0\0\0\x68\x04\0\0\0\0\0\0\0\0\0\0\x18\0\0\0\x68\x04\
\0\0\x51\x05\0\0\x07\x94\x06\0\x20\0\0\0\x68\x04\0\0\x2b\x05\0\0\x05\x84\x06\0\
\x28\0\0\0\x68\x04\0\0\x62\x05\0\0\x30\xa0\x06\0\x48\0\0\0\x68\x04\0\0\x2b\x05\
\0\0\x05\x84\x06\0\x50\0\0\0\x90\x2a\0\0\x06\x2b\0\0\x0b\x38\0\0\x68\0\0\0\x90\
\x2a\0\0\x06\x2b\0\0\x0b\x38\0\0\x70\0\0\0\x90\x2a\0\0\x06\x2b\0\0\x23\x38\0\0\
\x78\0\0\0\x68\x04\0\0\x37\x2b\0\0\x07\xa4\x06\0\x80\0\0\0\x68\x04\0\0\x4e\x2b\
\0\0\x1c\xb4\x06\0\xa8\0\0\0\x68\x04\0\0\x97\x2b\0\0\x07\xb8\x06\0\xe0\0\0\0\
\x68\x04\0\0\0\0\0\0\0\0\0\0\xe8\0\0\0\x68\x04\0\0\x35\x2c\0\0\x15\xc4\x06\0\0\
\x01\0\0\x68\x04\0\0\x35\x2c\0\0\x15\xc4\x06\0\x18\x01\0\0\x68\x04\0\0\x64\x2c\
\0\0\x22\xcc\x06\0\x20\x01\0\0\x68\x04\0\0\x9d\x2c\0\0\x0f\xc8\x06\0\x28\x01\0\
\0\x68\x04\0\0\x62\x05\0\0\x30\x84\x02\0\x40\x01\0\0\x68\x04\0\0\0\0\0\0\0\0\0\
\0\x48\x01\0\0\x68\x04\0\0\xbc\x2c\0\0\x15\x88\x02\0\x80\x01\0\0\x68\x04\0\0\
\xbc\x2c\0\0\x15\x88\x02\0\x90\x01\0\0\x68\x04\0\0\0\0\0\0\0\0\0\0\x98\x01\0\0\
\x68\x04\0\0\xed\x2c\0\0\x15\x8c\x02\0\xc0\x01\0\0\x68\x04\0\0\xed\x2c\0\0\x15\
\x8c\x02\0\xd0\x01\0\0\x68\x04\0\0\0\0\0\0\0\0\0\0\xd8\x01\0\0\x68\x04\0\0\xbb\
\x3b\0\0\x14\x90\x02\0\xf0\x01\0\0\x68\x04\0\0\xbb\x3b\0\0\x33\x90\x02\0\0\x02\
\0\0\x68\x04\0\0\xbb\x3b\0\0\x12\x90\x02\0\x20\x02\0\0\x68\x04\0\0\0\0\0\0\0\0\
\0\0\x28\x02\0\0\x68\x04\0\0\x02\x3c\0\0\x29\x98\x02\0\x40\x02\0\0\x68\x04\0\0\
\xed\x2c\0\0\x15\x8c\x02\0\x50\x02\0\0\x68\x04\0\0\x02\x3c\0\0\x29\x98\x02\0\
\x58\x02\0\0\x68\x04\0\0\x4b\x3c\0\0\x07\x08\x02\0\x98\x02\0\0\x68\x04\0\0\x8a\
\x3c\0\0\x0e\x54\x02\0\xd8\x02\0\0\x68\x04\0\0\xb2\x3c\0\0\x27\x18\x02\0\xf0\
\x02\0\0\x68\x04\0\0\xfd\x3c\0\0\x0b\x1c\x02\0\x30\x03\0\0\x68\x04\0\0\x25\x3d\
\0\0\x14\x94\x02\0\x68\x03\0\0\x90\x2a\0\0\x6f\x3d\0\0\x23\x90\0\0\x98\x03\0\0\
\x68\x04\0\0\x25\x3d\0\0\x14\x94\x02\0\xa0\x03\0\0\x90\x2a\0\0\x6f\x3d\0\0\x23\
\x90\0\0\xb8\x03\0\0\x90\x2a\0\0\x6f\x3d\0\0\x23\x90\0\0\xc8\x03\0\0\x90\x2a\0\
\0\xc4\x3d\0\0\x15\x58\0\0\xf0\x03\0\0\x90\x2a\0\0\xc4\x3d\0\0\x03\x58\0\0\x18\
\x04\0\0\x90\x2a\0\0\0\0\0\0\0\0\0\0\x20\x04\0\0\x90\x2a\0\0\xe5\x3d\0\0\x22\
\x5c\0\0\x50\x04\0\0\x90\x2a\0\0\0\0\0\0\0\0\0\0\x58\x04\0\0\x90\x2a\0\0\xe5\
\x3d\0\0\x22\x5c\0\0\x68\x04\0\0\x90\x2a\0\0\xe5\x3d\0\0\x22\x5c\0\0\x70\x04\0\
\0\x90\x2a\0\0\x35\x3e\0\0\x13\x60\0\0\x98\x04\0\0\x90\x2a\0\0\0\0\0\0\0\0\0\0\
\xa0\x04\0\0\x90\x2a\0\0\x35\x3e\0\0\x17\x60\0\0\xc0\x04\0\0\x90\x2a\0\0\x35\
\x3e\0\0\x17\x60\0\0\xd0\x04\0\0\x90\x2a\0\0\0\0\0\0\0\0\0\0\xd8\x04\0\0\x90\
\x2a\0\0\x75\x3e\0\0\x17\x64\0\0\xe8\x04\0\0\x90\x2a\0\0\x75\x3e\0\0\x17\x64\0\
\0\xf0\x04\0\0\x90\x2a\0\0\x35\x3e\0\0\x09\x60\0\0\x18\x05\0\0\x90\x2a\0\0\0\0\
\0\0\0\0\0\0\x20\x05\0\0\x90\x2a\0\0\xb8\x3e\0\0\x15\x94\0\0\x30\x05\0\0\x90\
\x2a\0\0\xb8\x3e\0\0\x15\x94\0\0\x40\x05\0\0\x90\x2a\0\0\xb8\x3e\0\0\x13\x94\0\
\0\x60\x05\0\0\x90\x2a\0\0\0\0\0\0\0\0\0\0\x68\x05\0\0\x90\x2a\0\0\xef\x3e\0\0\
\x22\x98\0\0\x88\x05\0\0\x90\x2a\0\0\xef\x3e\0\0\x22\x98\0\0\x90\x05\0\0\x90\
\x2a\0\0\xef\x3e\0\0\x20\x98\0\0\xc0\x05\0\0\x90\x2a\0\0\0\0\0\0\0\0\0\0\xc8\
\x05\0\0\x90\x2a\0\0\x37\x3f\0\0\x1b\x9c\0\0\xf0\x05\0\0\x90\x2a\0\0\0\0\0\0\0\
\0\0\0\xf8\x05\0\0\x90\x2a\0\0\x37\x3f\0\0\x1b\x9c\0\0\x08\x06\0\0\x90\x2a\0\0\
\x37\x3f\0\0\x1b\x9c\0\0\x10\x06\0\0\x90\x2a\0\0\x37\x3f\0\0\x19\x9c\0\0\x30\
\x06\0\0\x90\x2a\0\0\0\0\0\0\0\0\0\0\x38\x06\0\0\x90\x2a\0\0\x81\x3f\0\0\x14\
\xa0\0\0\x48\x06\0\0\x90\x2a\0\0\x81\x3f\0\0\x14\xa0\0\0\x50\x06\0\0\x90\x2a\0\
\0\x81\x3f\0\0\x12\xa0\0\0\x78\x06\0\0\x90\x2a\0\0\0\0\0\0\0\0\0\0\x80\x06\0\0\
\x90\x2a\0\0\xb2\x3f\0\0\x14\xa8\0\0\xb8\x06\0\0\x90\x2a\0\0\0\0\0\0\0\0\0\0\
\xc0\x06\0\0\x90\x2a\0\0\xb2\x3f\0\0\x14\xa8\0\0\xd0\x06\0\0\x90\x2a\0\0\xb2\
\x3f\0\0\x14\xa8\0\0\xd8\x06\0\0\x90\x2a\0\0\xb2\x3f\0\0\x12\xa8\0\0\xe8\x06\0\
\0\x90\x2a\0\0\0\0\0\0\0\0\0\0\xf0\x06\0\0\x90\x2a\0\0\xf1\x3f\0\0\x14\xac\0\0\
\x28\x07\0\0\x90\x2a\0\0\0\0\0\0\0\0\0\0\x30\x07\0\0\x90\x2a\0\0\xf1\x3f\0\0\
\x14\xac\0\0\x40\x07\0\0\x90\x2a\0\0\xf1\x3f\0\0\x14\xac\0\0\x48\x07\0\0\x90\
\x2a\0\0\xf1\x3f\0\0\x12\xac\0\0\x68\x07\0\0\x90\x2a\0\0\0\0\0\0\0\0\0\0\x70\
\x07\0\0\x90\x2a\0\0\x35\x40\0\0\x2a\xb8\0\0\xa8\x07\0\0\x90\x2a\0\0\0\0\0\0\0\
\0\0\0\xb0\x07\0\0\x90\x2a\0\0\x35\x40\0\0\x2a\xb8\0\0\xc0\x07\0\0\x90\x2a\0\0\
\x35\x40\0\0\x2a\xb8\0\0\xd0\x07\0\0\x90\x2a\0\0\0\0\0\0\0\0\0\0\xd8\x07\0\0\
\x90\x2a\0\0\x24\x45\0\0\x28\xbc\0\0\x10\x08\0\0\x90\x2a\0\0\0\0\0\0\0\0\0\0\
\x18\x08\0\0\x90\x2a\0\0\x24\x45\0\0\x28\xbc\0\0\x28\x08\0\0\x90\x2a\0\0\x24\
\x45\0\0\x28\xbc\0\0\x30\x08\0\0\x90\x2a\0\0\x71\x45\0\0\x10\xc0\0\0\x40\x08\0\
\0\x90\x2a\0\0\x71\x45\0\0\x07\xc0\0\0\x50\x08\0\0\x90\x2a\0\0\0\0\0\0\0\0\0\0\
\x60\x08\0\0\x90\x2a\0\0\xb1\x45\0\0\x22\xd4\0\0\x68\x08\0\0\x90\x2a\0\0\xb1\
\x45\0\0\x03\xd4\0\0\x78\x08\0\0\x90\x2a\0\0\xfb\x45\0\0\x12\xdc\0\0\x88\x08\0\
\0\x90\x2a\0\0\xfb\x45\0\0\x07\xdc\0\0\x98\x08\0\0\x90\x2a\0\0\x41\x46\0\0\x3c\
\xe0\0\0\xb8\x08\0\0\x68\x04\0\0\0\0\0\0\0\0\0\0\xc0\x08\0\0\x68\x04\0\0\x84\
\x46\0\0\x15\xdc\x06\0\xd0\x08\0\0\x68\x04\0\0\x84\x46\0\0\x15\xdc\x06\0\xd8\
\x08\0\0\x68\x04\0\0\x84\x46\0\0\x13\xdc\x06\0\0\x09\0\0\x68\x04\0\0\0\0\0\0\0\
\0\0\0\x08\x09\0\0\x68\x04\0\0\xb5\x46\0\0\x0e\xe4\x06\0\x28\x09\0\0\x68\x04\0\
\0\xb5\x46\0\0\x2d\xe4\x06\0\x30\x09\0\0\x68\x04\0\0\xb5\x46\0\0\x0c\xe4\x06\0\
\x40\x09\0\0\x68\x04\0\0\0\0\0\0\0\0\0\0\x48\x09\0\0\x68\x04\0\0\xf2\x46\0\0\
\x13\xec\x06\0\x68\x09\0\0\x68\x04\0\0\xf2\x46\0\0\x32\xec\x06\0\x70\x09\0\0\
\x68\x04\0\0\xf2\x46\0\0\x11\xec\x06\0\x80\x09\0\0\x68\x04\0\0\0\0\0\0\0\0\0\0\
\x88\x09\0\0\x68\x04\0\0\x3a\x47\0\0\x07\xf8\x06\0\xc0\x09\0\0\x68\x04\0\0\x89\
\x47\0\0\x03\xf0\x06\0\0\x0a\0\0\x68\x04\0\0\x9e\x47\0\0\x03\0\x07\0\x18\x0a\0\
\0\x68\x04\0\0\x2b\x05\0\0\x05\x84\x06\0\xe8\x47\0\0\x79\0\0\0\0\0\0\0\x68\x04\
\0\0\x24\x48\0\0\0\x1c\x07\0\x08\0\0\0\x68\x04\0\0\x24\x48\0\0\x05\x1c\x07\0\
\x28\0\0\0\x68\x04\0\0\0\0\0\0\0\0\0\0\x30\0\0\0\x68\x04\0\0\x5c\x48\0\0\x1c\
\xc4\x02\0\x48\0\0\0\x68\x04\0\0\x5c\x48\0\0\x1c\xc4\x02\0\x50\0\0\0\x68\x04\0\
\0\x90\x48\0\0\x07\xc8\x02\0\x78\0\0\0\xad\x48\0\0\0\0\0\0\0\0\0\0\x80\0\0\0\
\xad\x48\0\0\x35\x49\0\0\x1e\x48\0\0\x98\0\0\0\xad\x48\0\0\x35\x49\0\0\x1e\x48\
\0\0\xa0\0\0\0\xad\x48\0\0\x35\x49\0\0\x3e\x48\0\0\xb8\0\0\0\xad\x48\0\0\0\0\0\
\0\0\0\0\0\xc0\0\0\0\x68\x04\0\0\x5d\x7f\0\0\x0b\xcc\x02\0\xd8\0\0\0\x68\x04\0\
\0\0\0\0\0\0\0\0\0\xe0\0\0\0\x68\x04\0\0\x5c\x48\0\0\x1c\xc4\x02\0\xf8\0\0\0\
\x68\x04\0\0\x5c\x48\0\0\x1c\xc4\x02\0\0\x01\0\0\x68\x04\0\0\x90\x48\0\0\x07\
\xc8\x02\0\x28\x01\0\0\xad\x48\0\0\0\0\0\0\0\0\0\0\x30\x01\0\0\xad\x48\0\0\x35\
\x49\0\0\x1e\x48\0\0\x48\x01\0\0\xad\x48\0\0\x35\x49\0\0\x1e\x48\0\0\x50\x01\0\
\0\xad\x48\0\0\x35\x49\0\0\x3e\x48\0\0\x68\x01\0\0\xad\x48\0\0\0\0\0\0\0\0\0\0\
\x70\x01\0\0\x68\x04\0\0\x5d\x7f\0\0\x0b\xcc\x02\0\x80\x01\0\0\x68\x04\0\0\x5d\
\x7f\0\0\x0b\xcc\x02\0\x88\x01\0\0\x68\x04\0\0\x90\x48\0\0\x07\xec\x02\0\x90\
\x01\0\0\x68\x04\0\0\x8e\x7f\0\0\x05\xf0\x02\0\xd0\x01\0\0\x68\x04\0\0\0\0\0\0\
\0\0\0\0\xd8\x01\0\0\x68\x04\0\0\xa3\x7f\0\0\x15\x08\x03\0\xe8\x01\0\0\x68\x04\
\0\0\xa3\x7f\0\0\x15\x08\x03\0\0\x02\0\0\x68\x04\0\0\xa3\x7f\0\0\x0b\x08\x03\0\
\x08\x02\0\0\x68\x04\0\0\xd4\x7f\0\0\x07\x0c\x03\0\x10\x02\0\0\x68\x04\0\0\x8e\
\x7f\0\0\x05\x14\x03\0\x50\x02\0\0\x68\x04\0\0\0\0\0\0\0\0\0\0\x58\x02\0\0\x68\
\x04\0\0\xe9\x7f\0\0\x0a\x28\x03\0\x88\x02\0\0\x68\x04\0\0\x36\x80\0\0\x07\xbc\
\x05\0\xb0\x02\0\0\x68\x04\0\0\0\0\0\0\0\0\0\0\xb8\x02\0\0\x68\x04\0\0\x64\x80\
\0\0\x15\xc8\x05\0\xd0\x02\0\0\x68\x04\0\0\x64\x80\0\0\x15\xc8\x05\0\xe0\x02\0\
\0\x68\x04\0\0\0\0\0\0\0\0\0\0\xe8\x02\0\0\x68\x04\0\0\x90\x80\0\0\x19\xcc\x05\
\0\x20\x03\0\0\x68\x04\0\0\0\0\0\0\0\0\0\0\x28\x03\0\0\x68\x04\0\0\x90\x80\0\0\
\x19\xcc\x05\0\x48\x03\0\0\x68\x04\0\0\x90\x80\0\0\x19\xcc\x05\0\x50\x03\0\0\
\x68\x04\0\0\xd0\x80\0\0\x07\xd0\x05\0\x58\x03\0\0\x68\x04\0\0\xe6\x80\0\0\x0c\
\x48\x05\0\x68\x03\0\0\x68\x04\0\0\0\0\0\0\0\0\0\0\x70\x03\0\0\x68\x04\0\0\x0e\
\x81\0\0\x07\x50\x05\0\xa0\x03\0\0\x68\x04\0\0\x52\x81\0\0\x03\xf4\x05\0\xe8\
\x03\0\0\x68\x04\0\0\0\0\0\0\0\0\0\0\xf0\x03\0\0\x68\x04\0\0\x7c\x81\0\0\x18\
\xf8\x05\0\x08\x04\0\0\x68\x04\0\0\x7c\x81\0\0\x18\xf8\x05\0\x10\x04\0\0\x68\
\x04\0\0\x7c\x81\0\0\x0c\xf8\x05\0\x38\x04\0\0\x68\x04\0\0\0\0\0\0\0\0\0\0\x40\
\x04\0\0\xad\x48\0\0\xb6\x81\0\0\x0a\x60\0\0\x68\x04\0\0\xad\x48\0\0\xb6\x81\0\
\0\x0a\x60\0\0\x78\x04\0\0\x68\x04\0\0\0\0\0\0\0\0\0\0\x88\x04\0\0\xad\x48\0\0\
\xb6\x81\0\0\x25\x60\0\0\x98\x04\0\0\xad\x48\0\0\xb6\x81\0\0\x25\x60\0\0\xa0\
\x04\0\0\xad\x48\0\0\xb6\x81\0\0\x23\x60\0\0\xc8\x04\0\0\x68\x04\0\0\0\0\0\0\0\
\0\0\0\xd0\x04\0\0\x68\x04\0\0\x40\x82\0\0\x12\0\x04\0\xe0\x04\0\0\x68\x04\0\0\
\x6f\x82\0\0\x16\x04\x04\0\0\x05\0\0\x68\x04\0\0\x40\x82\0\0\x12\0\x04\0\x08\
\x05\0\0\x68\x04\0\0\x52\x81\0\0\x03\xf4\x05\0\x18\x05\0\0\x68\x04\0\0\xa3\x82\
\0\0\x23\x08\x04\0\x48\x05\0\0\x68\x04\0\0\0\0\0\0\0\0\0\0\x50\x05\0\0\x68\x04\
\0\0\xe8\x82\0\0\x21\x0c\x04\0\x60\x05\0\0\x68\x04\0\0\xe8\x82\0\0\x21\x0c\x04\
\0\x68\x05\0\0\x68\x04\0\0\xe8\x82\0\0\x1f\x0c\x04\0\x88\x05\0\0\x68\x04\0\0\0\
\0\0\0\0\0\0\0\x90\x05\0\0\x68\x04\0\0\x23\x83\0\0\x15\x10\x04\0\xa8\x05\0\0\
\x68\x04\0\0\x23\x83\0\0\x15\x10\x04\0\xb0\x05\0\0\x68\x04\0\0\x5f\x83\0\0\x03\
\x18\x04\0\xd8\x05\0\0\x68\x04\0\0\x75\x83\0\0\x1c\x54\x04\0\x08\x06\0\0\xad\
\x48\0\0\xa5\x83\0\0\x0a\x74\0\0\x28\x06\0\0\xad\x48\0\0\xa5\x83\0\0\x0a\x74\0\
\0\x38\x06\0\0\x68\x04\0\0\x75\x83\0\0\x1c\x54\x04\0\x40\x06\0\0\xad\x48\0\0\
\xa5\x83\0\0\x25\x74\0\0\x58\x06\0\0\xad\x48\0\0\xa5\x83\0\0\x25\x74\0\0\x60\
\x06\0\0\xad\x48\0\0\xa5\x83\0\0\x23\x74\0\0\x88\x06\0\0\x68\x04\0\0\x75\x83\0\
\0\x1c\x54\x04\0\x90\x06\0\0\x68\x04\0\0\x48\x84\0\0\x21\x60\x04\0\xa0\x06\0\0\
\x68\x04\0\0\x48\x84\0\0\x21\x60\x04\0\xa8\x06\0\0\x68\x04\0\0\x48\x84\0\0\x21\
\x60\x04\0\xb0\x06\0\0\x68\x04\0\0\x48\x84\0\0\x1f\x60\x04\0\xd0\x06\0\0\x68\
\x04\0\0\x75\x83\0\0\x1c\x54\x04\0\xd8\x06\0\0\x68\x04\0\0\x96\x84\0\0\x1f\x64\
\x04\0\xf0\x06\0\0\x68\x04\0\0\x96\x84\0\0\x1f\x64\x04\0\xf8\x06\0\0\x68\x04\0\
\0\x96\x84\0\0\x1f\x64\x04\0\0\x07\0\0\x68\x04\0\0\x96\x84\0\0\x1d\x64\x04\0\
\x10\x07\0\0\x68\x04\0\0\x5f\x83\0\0\x03\x18\x04\0\x50\x07\0\0\x68\x04\0\0\xe0\
\x84\0\0\x1c\x38\x04\0\x80\x07\0\0\xad\x48\0\0\xa5\x83\0\0\x0a\x74\0\0\xa0\x07\
\0\0\xad\x48\0\0\xa5\x83\0\0\x0a\x74\0\0\xb0\x07\0\0\x68\x04\0\0\xe0\x84\0\0\
\x1c\x38\x04\0\xb8\x07\0\0\xad\x48\0\0\xa5\x83\0\0\x25\x74\0\0\xd0\x07\0\0\xad\
\x48\0\0\xa5\x83\0\0\x25\x74\0\0\xd8\x07\0\0\xad\x48\0\0\xa5\x83\0\0\x23\x74\0\
\0\0\x08\0\0\x68\x04\0\0\xe0\x84\0\0\x1c\x38\x04\0\x08\x08\0\0\x68\x04\0\0\x17\
\x85\0\0\x1f\x44\x04\0\x18\x08\0\0\x68\x04\0\0\x17\x85\0\0\x1f\x44\x04\0\x20\
\x08\0\0\x68\x04\0\0\x17\x85\0\0\x1f\x44\x04\0\x28\x08\0\0\x68\x04\0\0\x17\x85\
\0\0\x1d\x44\x04\0\x48\x08\0\0\x68\x04\0\0\xe0\x84\0\0\x1c\x38\x04\0\x50\x08\0\
\0\x68\x04\0\0\x61\x85\0\0\x21\x48\x04\0\x68\x08\0\0\x68\x04\0\0\x61\x85\0\0\
\x21\x48\x04\0\x70\x08\0\0\x68\x04\0\0\x61\x85\0\0\x21\x48\x04\0\x78\x08\0\0\
\x68\x04\0\0\x61\x85\0\0\x1f\x48\x04\0\x90\x08\0\0\x68\x04\0\0\0\0\0\0\0\0\0\0\
\xa0\x08\0\0\x68\x04\0\0\0\0\0\0\0\0\0\0\xa8\x08\0\0\x68\x04\0\0\xaf\x85\0\0\
\x0f\x1c\x06\0\xc0\x08\0\0\x68\x04\0\0\0\0\0\0\0\0\0\0\xc8\x08\0\0\x68\x04\0\0\
\xf0\x85\0\0\x07\x20\x06\0\xd0\x08\0\0\x68\x04\0\0\x1d\x86\0\0\x28\x30\x06\0\
\xd8\x08\0\0\x68\x04\0\0\x1d\x86\0\0\x31\x30\x06\0\xe0\x08\0\0\x68\x04\0\0\x1d\
\x86\0\0\x1b\x30\x06\0\xf8\x08\0\0\x68\x04\0\0\x56\x86\0\0\x1c\x88\x05\0\x08\
\x09\0\0\x68\x04\0\0\x7a\x86\0\0\x13\x8c\x05\0\x10\x09\0\0\x68\x04\0\0\x99\x86\
\0\0\x12\x90\x05\0\x20\x09\0\0\x68\x04\0\0\0\0\0\0\0\0\0\0\x38\x09\0\0\x68\x04\
\0\0\xb6\x86\0\0\x03\x98\x05\0\x60\x09\0\0\x68\x04\0\0\x24\x48\0\0\x05\x1c\x07\
\0\x22\x87\0\0\x79\0\0\0\0\0\0\0\x68\x04\0\0\x49\x87\0\0\0\x4c\x07\0\x08\0\0\0\
\x68\x04\0\0\x49\x87\0\0\x05\x4c\x07\0\x28\0\0\0\x68\x04\0\0\0\0\0\0\0\0\0\0\
\x30\0\0\0\x68\x04\0\0\x5c\x48\0\0\x1c\xc4\x02\0\x48\0\0\0\x68\x04\0\0\x5c\x48\
\0\0\x1c\xc4\x02\0\x50\0\0\0\x68\x04\0\0\x90\x48\0\0\x07\xc8\x02\0\x78\0\0\0\
\xad\x48\0\0\0\0\0\0\0\0\0\0\x80\0\0\0\xad\x48\0\0\x35\x49\0\0\x1e\x48\0\0\x98\
\0\0\0\xad\x48\0\0\x35\x49\0\0\x1e\x48\0\0\xa0\0\0\0\xad\x48\0\0\x35\x49\0\0\
\x3e\x48\0\0\xb8\0\0\0\xad\x48\0\0\0\0\0\0\0\0\0\0\xc0\0\0\0\x68\x04\0\0\x5d\
\x7f\0\0\x0b\xcc\x02\0\xd8\0\0\0\x68\x04\0\0\0\0\0\0\0\0\0\0\xe0\0\0\0\x68\x04\
\0\0\x5c\x48\0\0\x1c\xc4\x02\0\xf8\0\0\0\x68\x04\0\0\x5c\x48\0\0\x1c\xc4\x02\0\
\0\x01\0\0\x68\x04\0\0\x90\x48\0\0\x07\xc8\x02\0\x28\x01\0\0\xad\x48\0\0\0\0\0\
\0\0\0\0\0\x30\x01\0\0\xad\x48\0\0\x35\x49\0\0\x1e\x48\0\0\x48\x01\0\0\xad\x48\
\0\0\x35\x49\0\0\x1e\x48\0\0\x50\x01\0\0\xad\x48\0\0\x35\x49\0\0\x3e\x48\0\0\
\x68\x01\0\0\xad\x48\0\0\0\0\0\0\0\0\0\0\x70\x01\0\0\x68\x04\0\0\x5d\x7f\0\0\
\x0b\xcc\x02\0\x80\x01\0\0\x68\x04\0\0\x5d\x7f\0\0\x0b\xcc\x02\0\x88\x01\0\0\
\x68\x04\0\0\x90\x48\0\0\x07\xec\x02\0\x90\x01\0\0\x68\x04\0\0\x8e\x7f\0\0\x05\
\xf0\x02\0\xd0\x01\0\0\x68\x04\0\0\0\0\0\0\0\0\0\0\xd8\x01\0\0\x68\x04\0\0\xa3\
\x7f\0\0\x15\x08\x03\0\xe8\x01\0\0\x68\x04\0\0\xa3\x7f\0\0\x15\x08\x03\0\0\x02\
\0\0\x68\x04\0\0\xa3\x7f\0\0\x0b\x08\x03\0\x08\x02\0\0\x68\x04\0\0\xd4\x7f\0\0\
\x07\x0c\x03\0\x10\x02\0\0\x68\x04\0\0\x8e\x7f\0\0\x05\x14\x03\0\x50\x02\0\0\
\x68\x04\0\0\0\0\0\0\0\0\0\0\x58\x02\0\0\x68\x04\0\0\xe9\x7f\0\0\x0a\x28\x03\0\
\x88\x02\0\0\x68\x04\0\0\x36\x80\0\0\x07\xbc\x05\0\xb0\x02\0\0\x68\x04\0\0\0\0\
\0\0\0\0\0\0\xb8\x02\0\0\x68\x04\0\0\x64\x80\0\0\x15\xc8\x05\0\xd0\x02\0\0\x68\
\x04\0\0\x64\x80\0\0\x15\xc8\x05\0\xe0\x02\0\0\x68\x04\0\0\0\0\0\0\0\0\0\0\xe8\
\x02\0\0\x68\x04\0\0\x90\x80\0\0\x19\xcc\x05\0\x20\x03\0\0\x68\x04\0\0\0\0\0\0\
\0\0\0\0\x28\x03\0\0\x68\x04\0\0\x90\x80\0\0\x19\xcc\x05\0\x48\x03\0\0\x68\x04\
\0\0\x90\x80\0\0\x19\xcc\x05\0\x50\x03\0\0\x68\x04\0\0\xd0\x80\0\0\x07\xd0\x05\
\0\x58\x03\0\0\x68\x04\0\0\xe6\x80\0\0\x0c\x48\x05\0\x68\x03\0\0\x68\x04\0\0\0\
\0\0\0\0\0\0\0\x70\x03\0\0\x68\x04\0\0\x0e\x81\0\0\x07\x50\x05\0\xa0\x03\0\0\
\x68\x04\0\0\x52\x81\0\0\x03\xf4\x05\0\xe8\x03\0\0\x68\x04\0\0\0\0\0\0\0\0\0\0\
\xf0\x03\0\0\x68\x04\0\0\x7c\x81\0\0\x18\xf8\x05\0\x08\x04\0\0\x68\x04\0\0\x7c\
\x81\0\0\x18\xf8\x05\0\x10\x04\0\0\x68\x04\0\0\x7c\x81\0\0\x0c\xf8\x05\0\x38\
\x04\0\0\x68\x04\0\0\0\0\0\0\0\0\0\0\x40\x04\0\0\xad\x48\0\0\xb6\x81\0\0\x0a\
\x60\0\0\x68\x04\0\0\xad\x48\0\0\xb6\x81\0\0\x0a\x60\0\0\x78\x04\0\0\x68\x04\0\
\0\0\0\0\0\0\0\0\0\x88\x04\0\0\xad\x48\0\0\xb6\x81\0\0\x25\x60\0\0\x98\x04\0\0\
\xad\x48\0\0\xb6\x81\0\0\x25\x60\0\0\xa0\x04\0\0\xad\x48\0\0\xb6\x81\0\0\x23\
\x60\0\0\xc8\x04\0\0\x68\x04\0\0\0\0\0\0\0\0\0\0\xd0\x04\0\0\x68\x04\0\0\x40\
\x82\0\0\x12\0\x04\0\xe0\x04\0\0\x68\x04\0\0\x6f\x82\0\0\x16\x04\x04\0\0\x05\0\
\0\x68\x04\0\0\x40\x82\0\0\x12\0\x04\0\x08\x05\0\0\x68\x04\0\0\x52\x81\0\0\x03\
\xf4\x05\0\x18\x05\0\0\x68\x04\0\0\xa3\x82\0\0\x23\x08\x04\0\x48\x05\0\0\x68\
\x04\0\0\0\0\0\0\0\0\0\0\x50\x05\0\0\x68\x04\0\0\xe8\x82\0\0\x21\x0c\x04\0\x60\
\x05\0\0\x68\x04\0\0\xe8\x82\0\0\x21\x0c\x04\0\x68\x05\0\0\x68\x04\0\0\xe8\x82\
\0\0\x1f\x0c\x04\0\x88\x05\0\0\x68\x04\0\0\0\0\0\0\0\0\0\0\x90\x05\0\0\x68\x04\
\0\0\x23\x83\0\0\x15\x10\x04\0\xa8\x05\0\0\x68\x04\0\0\x23\x83\0\0\x15\x10\x04\
\0\xb0\x05\0\0\x68\x04\0\0\x5f\x83\0\0\x03\x18\x04\0\xd8\x05\0\0\x68\x04\0\0\
\x75\x83\0\0\x1c\x54\x04\0\x08\x06\0\0\xad\x48\0\0\xa5\x83\0\0\x0a\x74\0\0\x28\
\x06\0\0\xad\x48\0\0\xa5\x83\0\0\x0a\x74\0\0\x38\x06\0\0\x68\x04\0\0\x75\x83\0\
\0\x1c\x54\x04\0\x40\x06\0\0\xad\x48\0\0\xa5\x83\0\0\x25\x74\0\0\x58\x06\0\0\
\xad\x48\0\0\xa5\x83\0\0\x25\x74\0\0\x60\x06\0\0\xad\x48\0\0\xa5\x83\0\0\x23\
\x74\0\0\x88\x06\0\0\x68\x04\0\0\x75\x83\0\0\x1c\x54\x04\0\x90\x06\0\0\x68\x04\
\0\0\x48\x84\0\0\x21\x60\x04\0\xa0\x06\0\0\x68\x04\0\0\x48\x84\0\0\x21\x60\x04\
\0\xa8\x06\0\0\x68\x04\0\0\x48\x84\0\0\x21\x60\x04\0\xb0\x06\0\0\x68\x04\0\0\
\x48\x84\0\0\x1f\x60\x04\0\xd0\x06\0\0\x68\x04\0\0\x75\x83\0\0\x1c\x54\x04\0\
\xd8\x06\0\0\x68\x04\0\0\x96\x84\0\0\x1f\x64\x04\0\xf0\x06\0\0\x68\x04\0\0\x96\
\x84\0\0\x1f\x64\x04\0\xf8\x06\0\0\x68\x04\0\0\x96\x84\0\0\x1f\x64\x04\0\0\x07\
\0\0\x68\x04\0\0\x96\x84\0\0\x1d\x64\x04\0\x10\x07\0\0\x68\x04\0\0\x5f\x83\0\0\
\x03\x18\x04\0\x50\x07\0\0\x68\x04\0\0\xe0\x84\0\0\x1c\x38\x04\0\x80\x07\0\0\
\xad\x48\0\0\xa5\x83\0\0\x0a\x74\0\0\xa0\x07\0\0\xad\x48\0\0\xa5\x83\0\0\x0a\
\x74\0\0\xb0\x07\0\0\x68\x04\0\0\xe0\x84\0\0\x1c\x38\x04\0\xb8\x07\0\0\xad\x48\
\0\0\xa5\x83\0\0\x25\x74\0\0\xd0\x07\0\0\xad\x48\0\0\xa5\x83\0\0\x25\x74\0\0\
\xd8\x07\0\0\xad\x48\0\0\xa5\x83\0\0\x23\x74\0\0\0\x08\0\0\x68\x04\0\0\xe0\x84\
\0\0\x1c\x38\x04\0\x08\x08\0\0\x68\x04\0\0\x17\x85\0\0\x1f\x44\x04\0\x18\x08\0\
\0\x68\x04\0\0\x17\x85\0\0\x1f\x44\x04\0\x20\x08\0\0\x68\x04\0\0\x17\x85\0\0\
\x1f\x44\x04\0\x28\x08\0\0\x68\x04\0\0\x17\x85\0\0\x1d\x44\x04\0\x48\x08\0\0\
\x68\x04\0\0\xe0\x84\0\0\x1c\x38\x04\0\x50\x08\0\0\x68\x04\0\0\x61\x85\0\0\x21\
\x48\x04\0\x68\x08\0\0\x68\x04\0\0\x61\x85\0\0\x21\x48\x04\0\x70\x08\0\0\x68\
\x04\0\0\x61\x85\0\0\x21\x48\x04\0\x78\x08\0\0\x68\x04\0\0\x61\x85\0\0\x1f\x48\
\x04\0\x90\x08\0\0\x68\x04\0\0\0\0\0\0\0\0\0\0\xa0\x08\0\0\x68\x04\0\0\0\0\0\0\
\0\0\0\0\xa8\x08\0\0\x68\x04\0\0\xaf\x85\0\0\x0f\x1c\x06\0\xc0\x08\0\0\x68\x04\
\0\0\0\0\0\0\0\0\0\0\xc8\x08\0\0\x68\x04\0\0\xf0\x85\0\0\x07\x20\x06\0\xd0\x08\
\0\0\x68\x04\0\0\x76\x87\0\0\x28\x28\x06\0\xd8\x08\0\0\x68\x04\0\0\x76\x87\0\0\
\x31\x28\x06\0\xe0\x08\0\0\x68\x04\0\0\x76\x87\0\0\x1b\x28\x06\0\xf0\x08\0\0\
\x68\x04\0\0\xaf\x87\0\0\x12\x94\x05\0\0\x09\0\0\x68\x04\0\0\x7a\x86\0\0\x13\
\x8c\x05\0\x10\x09\0\0\x68\x04\0\0\x56\x86\0\0\x1c\x88\x05\0\x20\x09\0\0\x68\
\x04\0\0\0\0\0\0\0\0\0\0\x38\x09\0\0\x68\x04\0\0\xb6\x86\0\0\x03\x98\x05\0\x60\
\x09\0\0\x68\x04\0\0\x49\x87\0\0\x05\x4c\x07\0\xf1\x87\0\0\xad\0\0\0\0\0\0\0\
\x68\x04\0\0\x1e\x88\0\0\0\x84\x07\0\x08\0\0\0\x68\x04\0\0\x1e\x88\0\0\x05\x84\
\x07\0\x28\0\0\0\x68\x04\0\0\0\0\0\0\0\0\0\0\x30\0\0\0\x68\x04\0\0\x5c\x48\0\0\
\x1c\xc4\x02\0\x48\0\0\0\x68\x04\0\0\x5c\x48\0\0\x1c\xc4\x02\0\x50\0\0\0\x68\
\x04\0\0\x90\x48\0\0\x07\xc8\x02\0\x78\0\0\0\xad\x48\0\0\0\0\0\0\0\0\0\0\x80\0\
\0\0\xad\x48\0\0\x35\x49\0\0\x1e\x48\0\0\x98\0\0\0\xad\x48\0\0\x35\x49\0\0\x1e\
\x48\0\0\xa0\0\0\0\xad\x48\0\0\x35\x49\0\0\x3e\x48\0\0\xb8\0\0\0\xad\x48\0\0\0\
\0\0\0\0\0\0\0\xc0\0\0\0\x68\x04\0\0\x5d\x7f\0\0\x0b\xcc\x02\0\xd8\0\0\0\x68\
\x04\0\0\0\0\0\0\0\0\0\0\xe0\0\0\0\x68\x04\0\0\x5c\x48\0\0\x1c\xc4\x02\0\xf8\0\
\0\0\x68\x04\0\0\x5c\x48\0\0\x1c\xc4\x02\0\0\x01\0\0\x68\x04\0\0\x90\x48\0\0\
\x07\xc8\x02\0\x28\x01\0\0\xad\x48\0\0\0\0\0\0\0\0\0\0\x30\x01\0\0\xad\x48\0\0\
\x35\x49\0\0\x1e\x48\0\0\x48\x01\0\0\xad\x48\0\0\x35\x49\0\0\x1e\x48\0\0\x50\
\x01\0\0\xad\x48\0\0\x35\x49\0\0\x3e\x48\0\0\x68\x01\0\0\xad\x48\0\0\0\0\0\0\0\
\0\0\0\x70\x01\0\0\x68\x04\0\0\x5d\x7f\0\0\x0b\xcc\x02\0\x80\x01\0\0\x68\x04\0\
\0\x5d\x7f\0\0\x0b\xcc\x02\0\x88\x01\0\0\x68\x04\0\0\x90\x48\0\0\x07\xec\x02\0\
\x90\x01\0\0\x68\x04\0\0\x8e\x7f\0\0\x05\xf0\x02\0\xd0\x01\0\0\x68\x04\0\0\0\0\
\0\0\0\0\0\0\xd8\x01\0\0\x68\x04\0\0\xa3\x7f\0\0\x15\x08\x03\0\xe8\x01\0\0\x68\
\x04\0\0\xa3\x7f\0\0\x15\x08\x03\0\0\x02\0\0\x68\x04\0\0\xa3\x7f\0\0\x0b\x08\
\x03\0\x08\x02\0\0\x68\x04\0\0\xd4\x7f\0\0\x07\x0c\x03\0\x10\x02\0\0\x68\x04\0\
\0\x8e\x7f\0\0\x05\x14\x03\0\x50\x02\0\0\x68\x04\0\0\0\0\0\0\0\0\0\0\x58\x02\0\
\0\x68\x04\0\0\xe9\x7f\0\0\x0a\x28\x03\0\x88\x02\0\0\x68\x04\0\0\x36\x80\0\0\
\x07\xbc\x05\0\xb0\x02\0\0\x68\x04\0\0\0\0\0\0\0\0\0\0\xb8\x02\0\0\x68\x04\0\0\
\x64\x80\0\0\x15\xc8\x05\0\xd0\x02\0\0\x68\x04\0\0\x64\x80\0\0\x15\xc8\x05\0\
\xe0\x02\0\0\x68\x04\0\0\0\0\0\0\0\0\0\0\xe8\x02\0\0\x68\x04\0\0\x90\x80\0\0\
\x19\xcc\x05\0\x20\x03\0\0\x68\x04\0\0\0\0\0\0\0\0\0\0\x28\x03\0\0\x68\x04\0\0\
\x90\x80\0\0\x19\xcc\x05\0\x48\x03\0\0\x68\x04\0\0\x90\x80\0\0\x19\xcc\x05\0\
\x50\x03\0\0\x68\x04\0\0\xd0\x80\0\0\x07\xd0\x05\0\x58\x03\0\0\x68\x04\0\0\xe6\
\x80\0\0\x0c\x48\x05\0\x68\x03\0\0\x68\x04\0\0\0\0\0\0\0\0\0\0\x70\x03\0\0\x68\
\x04\0\0\x0e\x81\0\0\x07\x50\x05\0\xa0\x03\0\0\x68\x04\0\0\x52\x81\0\0\x03\xf4\
\x05\0\xe8\x03\0\0\x68\x04\0\0\0\0\0\0\0\0\0\0\xf0\x03\0\0\x68\x04\0\0\x7c\x81\
\0\0\x18\xf8\x05\0\x08\x04\0\0\x68\x04\0\0\x7c\x81\0\0\x18\xf8\x05\0\x10\x04\0\
\0\x68\x04\0\0\x7c\x81\0\0\x0c\xf8\x05\0\x30\x04\0\0\xad\x48\0\0\xb6\x81\0\0\
\x0a\x60\0\0\x40\x04\0\0\x68\x04\0\0\0\0\0\0\0\0\0\0\x48\x04\0\0\xad\x48\0\0\
\xb6\x81\0\0\x0a\x60\0\0\x70\x04\0\0\xad\x48\0\0\xb6\x81\0\0\x0a\x60\0\0\x80\
\x04\0\0\x68\x04\0\0\0\0\0\0\0\0\0\0\x88\x04\0\0\xad\x48\0\0\xb6\x81\0\0\x25\
\x60\0\0\xa0\x04\0\0\xad\x48\0\0\xb6\x81\0\0\x25\x60\0\0\xb0\x04\0\0\x68\x04\0\
\0\0\0\0\0\0\0\0\0\xb8\x04\0\0\x68\x04\0\0\x64\x80\0\0\x15\x44\x03\0\xd0\x04\0\
\0\xad\x48\0\0\xb6\x81\0\0\x23\x60\0\0\xf0\x04\0\0\x68\x04\0\0\x64\x80\0\0\x15\
\x44\x03\0\xf8\x04\0\0\x68\x04\0\0\x8c\x88\0\0\x03\x48\x03\0\0\x05\0\0\x68\x04\
\0\0\x52\x81\0\0\x03\xf4\x05\0\x10\x05\0\0\x68\x04\0\0\x8c\x88\0\0\x03\x48\x03\
\0\x28\x05\0\0\x68\x04\0\0\xc8\x88\0\0\x16\x50\x03\0\x48\x05\0\0\x68\x04\0\0\
\x52\x81\0\0\x03\xf4\x05\0\x58\x05\0\0\x68\x04\0\0\x01\x89\0\0\x03\x54\x03\0\
\x80\x05\0\0\x68\x04\0\0\0\0\0\0\0\0\0\0\x88\x05\0\0\x68\x04\0\0\x52\x89\0\0\
\x15\x58\x03\0\xa0\x05\0\0\x68\x04\0\0\x52\x89\0\0\x15\x58\x03\0\xa8\x05\0\0\
\xad\x48\0\0\xb6\x81\0\0\x0a\x60\0\0\xb8\x05\0\0\x68\x04\0\0\0\0\0\0\0\0\0\0\
\xc0\x05\0\0\xad\x48\0\0\xb6\x81\0\0\x0a\x60\0\0\xe0\x05\0\0\xad\x48\0\0\xb6\
\x81\0\0\x0a\x60\0\0\xf0\x05\0\0\x68\x04\0\0\0\0\0\0\0\0\0\0\xf8\x05\0\0\xad\
\x48\0\0\xb6\x81\0\0\x25\x60\0\0\x30\x06\0\0\xad\x48\0\0\xb6\x81\0\0\x25\x60\0\
\0\x38\x06\0\0\xad\x48\0\0\x97\x89\0\0\x29\x9c\0\0\x48\x06\0\0\x68\x04\0\0\0\0\
\0\0\0\0\0\0\x50\x06\0\0\xad\x48\0\0\x97\x89\0\0\x29\x9c\0\0\x60\x06\0\0\xad\
\x48\0\0\x97\x89\0\0\x29\x9c\0\0\x68\x06\0\0\xad\x48\0\0\xb6\x81\0\0\x0a\x60\0\
\0\x78\x06\0\0\x68\x04\0\0\0\0\0\0\0\0\0\0\x80\x06\0\0\xad\x48\0\0\xb6\x81\0\0\
\x0a\x60\0\0\x98\x06\0\0\xad\x48\0\0\xb6\x81\0\0\x0a\x60\0\0\xa8\x06\0\0\x68\
\x04\0\0\0\0\0\0\0\0\0\0\xb0\x06\0\0\xad\x48\0\0\xb6\x81\0\0\x25\x60\0\0\xc8\
\x06\0\0\xad\x48\0\0\xb6\x81\0\0\x25\x60\0\0\xd0\x06\0\0\xad\x48\0\0\xb6\x81\0\
\0\x23\x60\0\0\xf0\x06\0\0\x68\x04\0\0\0\0\0\0\0\0\0\0\xf8\x06\0\0\x68\x04\0\0\
\xd9\x89\0\0\x12\x58\x01\0\x10\x07\0\0\xad\x48\0\0\xb6\x81\0\0\x23\x60\0\0\x20\
\x07\0\0\xad\x48\0\0\x97\x89\0\0\x27\x9c\0\0\x38\x07\0\0\x68\x04\0\0\x16\x8a\0\
\0\x10\x54\x01\0\x40\x07\0\0\x68\x04\0\0\xd9\x89\0\0\x12\x58\x01\0\xa8\x07\0\0\
\x68\x04\0\0\0\0\0\0\0\0\0\0\xb0\x07\0\0\x68\x04\0\0\x7c\x8a\0\0\x10\xdc\x01\0\
\xc0\x07\0\0\x68\x04\0\0\x7c\x8a\0\0\x10\xdc\x01\0\xc8\x07\0\0\x68\x04\0\0\x7c\
\x8a\0\0\x10\xdc\x01\0\xd0\x07\0\0\x68\x04\0\0\0\0\0\0\0\0\0\0\xf0\x07\0\0\x68\
\x04\0\0\0\0\0\0\0\0\0\0\xf8\x07\0\0\x68\x04\0\0\xa1\x8a\0\0\x0f\xe4\x01\0\x10\
\x08\0\0\x68\x04\0\0\xcb\x8a\0\0\x0b\xe8\x01\0\x20\x08\0\0\x68\x04\0\0\xa1\x8a\
\0\0\x0f\xe4\x01\0\x30\x08\0\0\x68\x04\0\0\xe0\x8a\0\0\x1b\x9c\x01\0\x50\x08\0\
\0\x68\x04\0\0\xe0\x8a\0\0\x03\x9c\x01\0\x60\x08\0\0\x0b\x8b\0\0\x8d\x8b\0\0\
\x28\x78\0\0\xc0\x08\0\0\x68\x04\0\0\xdc\x8b\0\0\x27\xac\x01\0\xf8\x08\0\0\xad\
\x48\0\0\0\0\0\0\0\0\0\0\0\x09\0\0\xad\x48\0\0\x25\x8c\0\0\x35\x2c\x01\0\x18\
\x09\0\0\xad\x48\0\0\x25\x8c\0\0\x35\x2c\x01\0\x28\x09\0\0\xad\x48\0\0\0\0\0\0\
\0\0\0\0\x30\x09\0\0\xad\x48\0\0\x73\x8c\0\0\x0a\xc8\0\0\x48\x09\0\0\xad\x48\0\
\0\x73\x8c\0\0\x0a\xc8\0\0\x58\x09\0\0\xad\x48\0\0\0\0\0\0\0\0\0\0\x60\x09\0\0\
\xad\x48\0\0\x73\x8c\0\0\x24\xc8\0\0\x80\x09\0\0\xad\x48\0\0\x73\x8c\0\0\x24\
\xc8\0\0\x88\x09\0\0\xad\x48\0\0\xb4\x8c\0\0\x0c\xf0\0\0\xb0\x09\0\0\xad\x48\0\
\0\xb4\x8c\0\0\x07\xf0\0\0\xc0\x09\0\0\xad\x48\0\0\0\0\0\0\0\0\0\0\xd8\x09\0\0\
\xad\x48\0\0\xd2\x8c\0\0\x18\xf4\0\0\xf8\x09\0\0\x68\x04\0\0\xfe\x8c\0\0\x09\
\xc0\x01\0\x08\x0a\0\0\x68\x04\0\0\x0b\x8d\0\0\x09\xc8\x01\0\x40\x0a\0\0\x68\
\x04\0\0\0\0\0\0\0\0\0\0\x48\x0a\0\0\x68\x04\0\0\x37\x8d\0\0\x10\xd4\x01\0\x58\
\x0a\0\0\x68\x04\0\0\x37\x8d\0\0\x10\xd4\x01\0\x60\x0a\0\0\x68\x04\0\0\x37\x8d\
\0\0\x10\xd4\x01\0\x88\x0a\0\0\x68\x04\0\0\x5d\x8d\0\0\x03\x68\x03\0\xb0\x0a\0\
\0\x68\x04\0\0\0\0\0\0\0\0\0\0\xd0\x0a\0\0\x68\x04\0\0\x75\x83\0\0\x1c\x7c\x03\
\0\x08\x0b\0\0\xad\x48\0\0\xa5\x83\0\0\x0a\x74\0\0\x28\x0b\0\0\xad\x48\0\0\xa5\
\x83\0\0\x0a\x74\0\0\x38\x0b\0\0\x68\x04\0\0\x75\x83\0\0\x1c\x7c\x03\0\x40\x0b\
\0\0\xad\x48\0\0\xa5\x83\0\0\x25\x74\0\0\x58\x0b\0\0\xad\x48\0\0\xa5\x83\0\0\
\x25\x74\0\0\x60\x0b\0\0\xad\x48\0\0\xa5\x83\0\0\x23\x74\0\0\x88\x0b\0\0\x68\
\x04\0\0\x75\x83\0\0\x1c\x7c\x03\0\x90\x0b\0\0\x68\x04\0\0\x48\x84\0\0\x21\x88\
\x03\0\xa0\x0b\0\0\x68\x04\0\0\x48\x84\0\0\x21\x88\x03\0\xa8\x0b\0\0\x68\x04\0\
\0\x48\x84\0\0\x21\x88\x03\0\xb0\x0b\0\0\x68\x04\0\0\x48\x84\0\0\x1f\x88\x03\0\
\xd0\x0b\0\0\x68\x04\0\0\xe0\x84\0\0\x1c\x98\x03\0\x08\x0c\0\0\xad\x48\0\0\xa5\
\x83\0\0\x0a\x74\0\0\x28\x0c\0\0\xad\x48\0\0\xa5\x83\0\0\x0a\x74\0\0\x38\x0c\0\
\0\x68\x04\0\0\xe0\x84\0\0\x1c\x98\x03\0\x40\x0c\0\0\xad\x48\0\0\xa5\x83\0\0\
\x25\x74\0\0\x58\x0c\0\0\xad\x48\0\0\xa5\x83\0\0\x25\x74\0\0\x60\x0c\0\0\xad\
\x48\0\0\xa5\x83\0\0\x23\x74\0\0\x88\x0c\0\0\x68\x04\0\0\xe0\x84\0\0\x1c\x98\
\x03\0\x90\x0c\0\0\x68\x04\0\0\x61\x85\0\0\x21\xa4\x03\0\xa0\x0c\0\0\x68\x04\0\
\0\x61\x85\0\0\x21\xa4\x03\0\xa8\x0c\0\0\x68\x04\0\0\x61\x85\0\0\x21\xa4\x03\0\
\xb0\x0c\0\0\x68\x04\0\0\x61\x85\0\0\x1f\xa4\x03\0\xd0\x0c\0\0\x68\x04\0\0\0\0\
\0\0\0\0\0\0\x38\x0d\0\0\x68\x04\0\0\0\0\0\0\0\0\0\0\x40\x0d\0\0\x68\x04\0\0\
\x7b\x8d\0\0\x0b\xc8\x03\0\x50\x0d\0\0\x68\x04\0\0\x7b\x8d\0\0\x0b\xc8\x03\0\
\x60\x0d\0\0\x68\x04\0\0\x7b\x8d\0\0\x0b\xc8\x03\0\x80\x0d\0\0\x68\x04\0\0\0\0\
\0\0\0\0\0\0\x90\x0d\0\0\x68\x04\0\0\0\0\0\0\0\0\0\0\x98\x0d\0\0\x68\x04\0\0\
\xaf\x85\0\0\x0f\x1c\x06\0\xb0\x0d\0\0\x68\x04\0\0\0\0\0\0\0\0\0\0\xb8\x0d\0\0\
\x68\x04\0\0\xf0\x85\0\0\x07\x20\x06\0\xc0\x0d\0\0\x68\x04\0\0\x76\x87\0\0\x28\
\x28\x06\0\xc8\x0d\0\0\x68\x04\0\0\x76\x87\0\0\x31\x28\x06\0\xd0\x0d\0\0\x68\
\x04\0\0\x76\x87\0\0\x1b\x28\x06\0\xe0\x0d\0\0\x68\x04\0\0\xaf\x87\0\0\x12\x94\
\x05\0\xf0\x0d\0\0\x68\x04\0\0\x7a\x86\0\0\x13\x8c\x05\0\0\x0e\0\0\x68\x04\0\0\
\x56\x86\0\0\x1c\x88\x05\0\x10\x0e\0\0\x68\x04\0\0\0\0\0\0\0\0\0\0\x28\x0e\0\0\
\x68\x04\0\0\xb6\x86\0\0\x03\x98\x05\0\x50\x0e\0\0\x68\x04\0\0\x1e\x88\0\0\x05\
\x84\x07\0\xca\x8d\0\0\xad\0\0\0\0\0\0\0\x68\x04\0\0\xf5\x8d\0\0\0\xb0\x07\0\
\x08\0\0\0\x68\x04\0\0\xf5\x8d\0\0\x05\xb0\x07\0\x28\0\0\0\x68\x04\0\0\0\0\0\0\
\0\0\0\0\x30\0\0\0\x68\x04\0\0\x5c\x48\0\0\x1c\xc4\x02\0\x48\0\0\0\x68\x04\0\0\
\x5c\x48\0\0\x1c\xc4\x02\0\x50\0\0\0\x68\x04\0\0\x90\x48\0\0\x07\xc8\x02\0\x78\
\0\0\0\xad\x48\0\0\0\0\0\0\0\0\0\0\x80\0\0\0\xad\x48\0\0\x35\x49\0\0\x1e\x48\0\
\0\x98\0\0\0\xad\x48\0\0\x35\x49\0\0\x1e\x48\0\0\xa0\0\0\0\xad\x48\0\0\x35\x49\
\0\0\x3e\x48\0\0\xb8\0\0\0\xad\x48\0\0\0\0\0\0\0\0\0\0\xc0\0\0\0\x68\x04\0\0\
\x5d\x7f\0\0\x0b\xcc\x02\0\xd8\0\0\0\x68\x04\0\0\0\0\0\0\0\0\0\0\xe0\0\0\0\x68\
\x04\0\0\x5c\x48\0\0\x1c\xc4\x02\0\xf8\0\0\0\x68\x04\0\0\x5c\x48\0\0\x1c\xc4\
\x02\0\0\x01\0\0\x68\x04\0\0\x90\x48\0\0\x07\xc8\x02\0\x28\x01\0\0\xad\x48\0\0\
\0\0\0\0\0\0\0\0\x30\x01\0\0\xad\x48\0\0\x35\x49\0\0\x1e\x48\0\0\x48\x01\0\0\
\xad\x48\0\0\x35\x49\0\0\x1e\x48\0\0\x50\x01\0\0\xad\x48\0\0\x35\x49\0\0\x3e\
\x48\0\0\x68\x01\0\0\xad\x48\0\0\0\0\0\0\0\0\0\0\x70\x01\0\0\x68\x04\0\0\x5d\
\x7f\0\0\x0b\xcc\x02\0\x80\x01\0\0\x68\x04\0\0\x5d\x7f\0\0\x0b\xcc\x02\0\x88\
\x01\0\0\x68\x04\0\0\x90\x48\0\0\x07\xec\x02\0\x90\x01\0\0\x68\x04\0\0\x8e\x7f\
\0\0\x05\xf0\x02\0\xd0\x01\0\0\x68\x04\0\0\0\0\0\0\0\0\0\0\xd8\x01\0\0\x68\x04\
\0\0\xa3\x7f\0\0\x15\x08\x03\0\xe8\x01\0\0\x68\x04\0\0\xa3\x7f\0\0\x15\x08\x03\
\0\0\x02\0\0\x68\x04\0\0\xa3\x7f\0\0\x0b\x08\x03\0\x08\x02\0\0\x68\x04\0\0\xd4\
\x7f\0\0\x07\x0c\x03\0\x10\x02\0\0\x68\x04\0\0\x8e\x7f\0\0\x05\x14\x03\0\x50\
\x02\0\0\x68\x04\0\0\0\0\0\0\0\0\0\0\x58\x02\0\0\x68\x04\0\0\xe9\x7f\0\0\x0a\
\x28\x03\0\x88\x02\0\0\x68\x04\0\0\x36\x80\0\0\x07\xbc\x05\0\xb0\x02\0\0\x68\
\x04\0\0\0\0\0\0\0\0\0\0\xb8\x02\0\0\x68\x04\0\0\x64\x80\0\0\x15\xc8\x05\0\xd0\
\x02\0\0\x68\x04\0\0\x64\x80\0\0\x15\xc8\x05\0\xe0\x02\0\0\x68\x04\0\0\0\0\0\0\
\0\0\0\0\xe8\x02\0\0\x68\x04\0\0\x90\x80\0\0\x19\xcc\x05\0\x20\x03\0\0\x68\x04\
\0\0\0\0\0\0\0\0\0\0\x28\x03\0\0\x68\x04\0\0\x90\x80\0\0\x19\xcc\x05\0\x48\x03\
\0\0\x68\x04\0\0\x90\x80\0\0\x19\xcc\x05\0\x50\x03\0\0\x68\x04\0\0\xd0\x80\0\0\
\x07\xd0\x05\0\x58\x03\0\0\x68\x04\0\0\xe6\x80\0\0\x0c\x48\x05\0\x68\x03\0\0\
\x68\x04\0\0\0\0\0\0\0\0\0\0\x70\x03\0\0\x68\x04\0\0\x0e\x81\0\0\x07\x50\x05\0\
\xa0\x03\0\0\x68\x04\0\0\x52\x81\0\0\x03\xf4\x05\0\xe8\x03\0\0\x68\x04\0\0\0\0\
\0\0\0\0\0\0\xf0\x03\0\0\x68\x04\0\0\x7c\x81\0\0\x18\xf8\x05\0\x08\x04\0\0\x68\
\x04\0\0\x7c\x81\0\0\x18\xf8\x05\0\x10\x04\0\0\x68\x04\0\0\x7c\x81\0\0\x0c\xf8\
\x05\0\x30\x04\0\0\xad\x48\0\0\xb6\x81\0\0\x0a\x60\0\0\x40\x04\0\0\x68\x04\0\0\
\0\0\0\0\0\0\0\0\x48\x04\0\0\xad\x48\0\0\xb6\x81\0\0\x0a\x60\0\0\x70\x04\0\0\
\xad\x48\0\0\xb6\x81\0\0\x0a\x60\0\0\x80\x04\0\0\x68\x04\0\0\0\0\0\0\0\0\0\0\
\x88\x04\0\0\xad\x48\0\0\xb6\x81\0\0\x25\x60\0\0\xa0\x04\0\0\xad\x48\0\0\xb6\
\x81\0\0\x25\x60\0\0\xb0\x04\0\0\x68\x04\0\0\0\0\0\0\0\0\0\0\xb8\x04\0\0\x68\
\x04\0\0\x64\x80\0\0\x15\x44\x03\0\xd0\x04\0\0\xad\x48\0\0\xb6\x81\0\0\x23\x60\
\0\0\xf0\x04\0\0\x68\x04\0\0\x64\x80\0\0\x15\x44\x03\0\xf8\x04\0\0\x68\x04\0\0\
\x8c\x88\0\0\x03\x48\x03\0\0\x05\0\0\x68\x04\0\0\x52\x81\0\0\x03\xf4\x05\0\x10\
\x05\0\0\x68\x04\0\0\x8c\x88\0\0\x03\x48\x03\0\x28\x05\0\0\x68\x04\0\0\xc8\x88\
\0\0\x16\x50\x03\0\x48\x05\0\0\x68\x04\0\0\x52\x81\0\0\x03\xf4\x05\0\x58\x05\0\
\0\x68\x04\0\0\x01\x89\0\0\x03\x54\x03\0\x80\x05\0\0\x68\x04\0\0\0\0\0\0\0\0\0\
\0\x88\x05\0\0\x68\x04\0\0\x52\x89\0\0\x15\x58\x03\0\xa0\x05\0\0\x68\x04\0\0\
\x52\x89\0\0\x15\x58\x03\0\xa8\x05\0\0\xad\x48\0\0\xb6\x81\0\0\x0a\x60\0\0\xb8\
\x05\0\0\x68\x04\0\0\0\0\0\0\0\0\0\0\xc0\x05\0\0\xad\x48\0\0\xb6\x81\0\0\x0a\
\x60\0\0\xe0\x05\0\0\xad\x48\0\0\xb6\x81\0\0\x0a\x60\0\0\xf0\x05\0\0\x68\x04\0\
\0\0\0\0\0\0\0\0\0\xf8\x05\0\0\xad\x48\0\0\xb6\x81\0\0\x25\x60\0\0\x30\x06\0\0\
\xad\x48\0\0\xb6\x81\0\0\x25\x60\0\0\x38\x06\0\0\xad\x48\0\0\x97\x89\0\0\x29\
\x9c\0\0\x48\x06\0\0\x68\x04\0\0\0\0\0\0\0\0\0\0\x50\x06\0\0\xad\x48\0\0\x97\
\x89\0\0\x29\x9c\0\0\x60\x06\0\0\xad\x48\0\0\x97\x89\0\0\x29\x9c\0\0\x68\x06\0\
\0\xad\x48\0\0\xb6\x81\0\0\x0a\x60\0\0\x78\x06\0\0\x68\x04\0\0\0\0\0\0\0\0\0\0\
\x80\x06\0\0\xad\x48\0\0\xb6\x81\0\0\x0a\x60\0\0\x98\x06\0\0\xad\x48\0\0\xb6\
\x81\0\0\x0a\x60\0\0\xa8\x06\0\0\x68\x04\0\0\0\0\0\0\0\0\0\0\xb0\x06\0\0\xad\
\x48\0\0\xb6\x81\0\0\x25\x60\0\0\xc8\x06\0\0\xad\x48\0\0\xb6\x81\0\0\x25\x60\0\
\0\xd0\x06\0\0\xad\x48\0\0\xb6\x81\0\0\x23\x60\0\0\xf0\x06\0\0\x68\x04\0\0\0\0\
\0\0\0\0\0\0\xf8\x06\0\0\x68\x04\0\0\xd9\x89\0\0\x12\x58\x01\0\x10\x07\0\0\xad\
\x48\0\0\xb6\x81\0\0\x23\x60\0\0\x20\x07\0\0\xad\x48\0\0\x97\x89\0\0\x27\x9c\0\
\0\x38\x07\0\0\x68\x04\0\0\x16\x8a\0\0\x10\x54\x01\0\x40\x07\0\0\x68\x04\0\0\
\xd9\x89\0\0\x12\x58\x01\0\xa8\x07\0\0\x68\x04\0\0\0\0\0\0\0\0\0\0\xb0\x07\0\0\
\x68\x04\0\0\x7c\x8a\0\0\x10\xdc\x01\0\xc0\x07\0\0\x68\x04\0\0\x7c\x8a\0\0\x10\
\xdc\x01\0\xc8\x07\0\0\x68\x04\0\0\x7c\x8a\0\0\x10\xdc\x01\0\xd0\x07\0\0\x68\
\x04\0\0\0\0\0\0\0\0\0\0\xf0\x07\0\0\x68\x04\0\0\0\0\0\0\0\0\0\0\xf8\x07\0\0\
\x68\x04\0\0\xa1\x8a\0\0\x0f\xe4\x01\0\x10\x08\0\0\x68\x04\0\0\xcb\x8a\0\0\x0b\
\xe8\x01\0\x20\x08\0\0\x68\x04\0\0\xa1\x8a\0\0\x0f\xe4\x01\0\x30\x08\0\0\x68\
\x04\0\0\xe0\x8a\0\0\x1b\x9c\x01\0\x50\x08\0\0\x68\x04\0\0\xe0\x8a\0\0\x03\x9c\
\x01\0\x60\x08\0\0\x0b\x8b\0\0\x8d\x8b\0\0\x28\x78\0\0\xc0\x08\0\0\x68\x04\0\0\
\xdc\x8b\0\0\x27\xac\x01\0\xf8\x08\0\0\xad\x48\0\0\0\0\0\0\0\0\0\0\0\x09\0\0\
\xad\x48\0\0\x25\x8c\0\0\x35\x2c\x01\0\x18\x09\0\0\xad\x48\0\0\x25\x8c\0\0\x35\
\x2c\x01\0\x28\x09\0\0\xad\x48\0\0\0\0\0\0\0\0\0\0\x30\x09\0\0\xad\x48\0\0\x73\
\x8c\0\0\x0a\xc8\0\0\x48\x09\0\0\xad\x48\0\0\x73\x8c\0\0\x0a\xc8\0\0\x58\x09\0\
\0\xad\x48\0\0\0\0\0\0\0\0\0\0\x60\x09\0\0\xad\x48\0\0\x73\x8c\0\0\x24\xc8\0\0\
\x80\x09\0\0\xad\x48\0\0\x73\x8c\0\0\x24\xc8\0\0\x88\x09\0\0\xad\x48\0\0\xb4\
\x8c\0\0\x0c\xf0\0\0\xb0\x09\0\0\xad\x48\0\0\xb4\x8c\0\0\x07\xf0\0\0\xc0\x09\0\
\0\xad\x48\0\0\0\0\0\0\0\0\0\0\xd8\x09\0\0\xad\x48\0\0\xd2\x8c\0\0\x18\xf4\0\0\
\xf8\x09\0\0\x68\x04\0\0\xfe\x8c\0\0\x09\xc0\x01\0\x08\x0a\0\0\x68\x04\0\0\x0b\
\x8d\0\0\x09\xc8\x01\0\x40\x0a\0\0\x68\x04\0\0\0\0\0\0\0\0\0\0\x48\x0a\0\0\x68\
\x04\0\0\x37\x8d\0\0\x10\xd4\x01\0\x58\x0a\0\0\x68\x04\0\0\x37\x8d\0\0\x10\xd4\
\x01\0\x60\x0a\0\0\x68\x04\0\0\x37\x8d\0\0\x10\xd4\x01\0\x88\x0a\0\0\x68\x04\0\
\0\x5d\x8d\0\0\x03\x68\x03\0\xb0\x0a\0\0\x68\x04\0\0\0\0\0\0\0\0\0\0\xd0\x0a\0\
\0\x68\x04\0\0\x75\x83\0\0\x1c\x7c\x03\0\x08\x0b\0\0\xad\x48\0\0\xa5\x83\0\0\
\x0a\x74\0\0\x28\x0b\0\0\xad\x48\0\0\xa5\x83\0\0\x0a\x74\0\0\x38\x0b\0\0\x68\
\x04\0\0\x75\x83\0\0\x1c\x7c\x03\0\x40\x0b\0\0\xad\x48\0\0\xa5\x83\0\0\x25\x74\
\0\0\x58\x0b\0\0\xad\x48\0\0\xa5\x83\0\0\x25\x74\0\0\x60\x0b\0\0\xad\x48\0\0\
\xa5\x83\0\0\x23\x74\0\0\x88\x0b\0\0\x68\x04\0\0\x75\x83\0\0\x1c\x7c\x03\0\x90\
\x0b\0\0\x68\x04\0\0\x48\x84\0\0\x21\x88\x03\0\xa0\x0b\0\0\x68\x04\0\0\x48\x84\
\0\0\x21\x88\x03\0\xa8\x0b\0\0\x68\x04\0\0\x48\x84\0\0\x21\x88\x03\0\xb0\x0b\0\
\0\x68\x04\0\0\x48\x84\0\0\x1f\x88\x03\0\xd0\x0b\0\0\x68\x04\0\0\xe0\x84\0\0\
\x1c\x98\x03\0\x08\x0c\0\0\xad\x48\0\0\xa5\x83\0\0\x0a\x74\0\0\x28\x0c\0\0\xad\
\x48\0\0\xa5\x83\0\0\x0a\x74\0\0\x38\x0c\0\0\x68\x04\0\0\xe0\x84\0\0\x1c\x98\
\x03\0\x40\x0c\0\0\xad\x48\0\0\xa5\x83\0\0\x25\x74\0\0\x58\x0c\0\0\xad\x48\0\0\
\xa5\x83\0\0\x25\x74\0\0\x60\x0c\0\0\xad\x48\0\0\xa5\x83\0\0\x23\x74\0\0\x88\
\x0c\0\0\x68\x04\0\0\xe0\x84\0\0\x1c\x98\x03\0\x90\x0c\0\0\x68\x04\0\0\x61\x85\
\0\0\x21\xa4\x03\0\xa0\x0c\0\0\x68\x04\0\0\x61\x85\0\0\x21\xa4\x03\0\xa8\x0c\0\
\0\x68\x04\0\0\x61\x85\0\0\x21\xa4\x03\0\xb0\x0c\0\0\x68\x04\0\0\x61\x85\0\0\
\x1f\xa4\x03\0\xd0\x0c\0\0\x68\x04\0\0\0\0\0\0\0\0\0\0\x38\x0d\0\0\x68\x04\0\0\
\0\0\0\0\0\0\0\0\x40\x0d\0\0\x68\x04\0\0\x7b\x8d\0\0\x0b\xc8\x03\0\x50\x0d\0\0\
\x68\x04\0\0\x7b\x8d\0\0\x0b\xc8\x03\0\x60\x0d\0\0\x68\x04\0\0\x7b\x8d\0\0\x0b\
\xc8\x03\0\x80\x0d\0\0\x68\x04\0\0\0\0\0\0\0\0\0\0\x90\x0d\0\0\x68\x04\0\0\0\0\
\0\0\0\0\0\0\x98\x0d\0\0\x68\x04\0\0\xaf\x85\0\0\x0f\x1c\x06\0\xb0\x0d\0\0\x68\
\x04\0\0\0\0\0\0\0\0\0\0\xb8\x0d\0\0\x68\x04\0\0\xf0\x85\0\0\x07\x20\x06\0\xc0\
\x0d\0\0\x68\x04\0\0\x1d\x86\0\0\x28\x30\x06\0\xc8\x0d\0\0\x68\x04\0\0\x1d\x86\
\0\0\x31\x30\x06\0\xd0\x0d\0\0\x68\x04\0\0\x1d\x86\0\0\x1b\x30\x06\0\xe8\x0d\0\
\0\x68\x04\0\0\x56\x86\0\0\x1c\x88\x05\0\xf8\x0d\0\0\x68\x04\0\0\x7a\x86\0\0\
\x13\x8c\x05\0\0\x0e\0\0\x68\x04\0\0\x99\x86\0\0\x12\x90\x05\0\x10\x0e\0\0\x68\
\x04\0\0\0\0\0\0\0\0\0\0\x28\x0e\0\0\x68\x04\0\0\xb6\x86\0\0\x03\x98\x05\0\x50\
\x0e\0\0\x68\x04\0\0\xf5\x8d\0\0\x05\xb0\x07\0\x3b\x8e\0\0\x31\0\0\0\0\0\0\0\
\x68\x04\0\0\x60\x8e\0\0\x05\xdc\x07\0\x28\0\0\0\x68\x04\0\0\x8b\x8e\0\0\x07\
\xf4\x07\0\x38\0\0\0\x68\x04\0\0\x60\x8e\0\0\x05\xdc\x07\0\x40\0\0\0\x68\x04\0\
\0\x52\x81\0\0\x03\x10\x08\0\x78\0\0\0\x68\x04\0\0\x9b\x8e\0\0\x0c\x14\x08\0\
\x80\0\0\0\x68\x04\0\0\xe6\x80\0\0\x0c\x48\x05\0\x90\0\0\0\x68\x04\0\0\x60\x8e\
\0\0\x05\xdc\x07\0\xa0\0\0\0\x68\x04\0\0\x0e\x81\0\0\x07\x50\x05\0\xe8\0\0\0\
\x68\x04\0\0\x60\x8e\0\0\x05\xdc\x07\0\xf0\0\0\0\x68\x04\0\0\xbb\x8e\0\0\x22\
\x90\x04\0\x28\x01\0\0\x68\x04\0\0\x60\x8e\0\0\x05\xdc\x07\0\x30\x01\0\0\x68\
\x04\0\0\xbb\x8e\0\0\x22\x90\x04\0\x48\x01\0\0\x68\x04\0\0\x02\x8f\0\0\x22\x94\
\x04\0\x50\x01\0\0\x68\x04\0\0\x02\x8f\0\0\x16\x94\x04\0\x70\x01\0\0\x68\x04\0\
\0\x60\x8e\0\0\x05\xdc\x07\0\x78\x01\0\0\x68\x04\0\0\x2f\x8f\0\0\x2e\x9c\x04\0\
\x90\x01\0\0\x68\x04\0\0\x2f\x8f\0\0\x2e\x9c\x04\0\xa0\x01\0\0\x68\x04\0\0\x60\
\x8e\0\0\x05\xdc\x07\0\xa8\x01\0\0\x68\x04\0\0\x77\x8f\0\0\x1a\xa0\x04\0\xe0\
\x01\0\0\x68\x04\0\0\x60\x8e\0\0\x05\xdc\x07\0\xe8\x01\0\0\x68\x04\0\0\x77\x8f\
\0\0\x1a\xa0\x04\0\xf8\x01\0\0\x68\x04\0\0\x2f\x8f\0\0\x2e\x9c\x04\0\x08\x02\0\
\0\x68\x04\0\0\x77\x8f\0\0\x1a\xa0\x04\0\x10\x02\0\0\x68\x04\0\0\x4b\x3c\0\0\
\x07\x08\x02\0\x48\x02\0\0\x68\x04\0\0\x8a\x3c\0\0\x0e\x54\x02\0\x88\x02\0\0\
\x68\x04\0\0\xb2\x3c\0\0\x27\x18\x02\0\xa0\x02\0\0\x68\x04\0\0\xfd\x3c\0\0\x0b\
\x1c\x02\0\xe0\x02\0\0\x68\x04\0\0\xb7\x8f\0\0\x18\x98\x04\0\xe8\x02\0\0\x68\
\x04\0\0\xd0\x8f\0\0\x07\xa4\x04\0\0\x03\0\0\x68\x04\0\0\x03\x90\0\0\x2d\xa8\
\x04\0\x10\x03\0\0\x68\x04\0\0\x03\x90\0\0\x21\xa8\x04\0\x18\x03\0\0\x68\x04\0\
\0\x42\x90\0\0\x2f\xac\x04\0\x20\x03\0\0\x68\x04\0\0\x42\x90\0\0\x23\xac\x04\0\
\x40\x03\0\0\x68\x04\0\0\x7f\x90\0\0\x05\xb4\x04\0\x90\x03\0\0\x68\x04\0\0\xbd\
\x90\0\0\x05\xc0\x04\0\xb8\x03\0\0\x68\x04\0\0\xf0\x90\0\0\x25\xd0\x04\0\xc8\
\x03\0\0\x68\x04\0\0\xf0\x90\0\0\x19\xd0\x04\0\xd0\x03\0\0\x68\x04\0\0\x27\x91\
\0\0\x27\xd4\x04\0\xd8\x03\0\0\x68\x04\0\0\x27\x91\0\0\x1b\xd4\x04\0\xe8\x03\0\
\0\x68\x04\0\0\xf0\x90\0\0\x25\xd0\x04\0\xf0\x03\0\0\x68\x04\0\0\xaf\x85\0\0\
\x0f\x20\x08\0\x08\x04\0\0\x68\x04\0\0\x56\x91\0\0\x07\x24\x08\0\x10\x04\0\0\
\x68\x04\0\0\x8e\x7f\0\0\x05\x28\x08\0\x40\x04\0\0\x68\x04\0\0\x56\x86\0\0\x1c\
\x88\x05\0\x48\x04\0\0\x68\x04\0\0\x7a\x86\0\0\x13\x8c\x05\0\x50\x04\0\0\x68\
\x04\0\0\x99\x86\0\0\x12\x90\x05\0\x68\x04\0\0\x68\x04\0\0\0\0\0\0\0\0\0\0\x80\
\x04\0\0\x68\x04\0\0\xb6\x86\0\0\x03\x98\x05\0\xa0\x04\0\0\x68\x04\0\0\x60\x8e\
\0\0\x05\xdc\x07\0\xc4\x91\0\0\x31\0\0\0\0\0\0\0\x68\x04\0\0\xf1\x91\0\0\x05\
\x58\x08\0\x18\0\0\0\x68\x04\0\0\x8b\x8e\0\0\x0a\x74\x08\0\x20\0\0\0\x68\x04\0\
\0\x8b\x8e\0\0\x07\x74\x08\0\x28\0\0\0\x68\x04\0\0\xf1\x91\0\0\x05\x58\x08\0\
\x38\0\0\0\x68\x04\0\0\x52\x81\0\0\x03\x90\x08\0\x70\0\0\0\x68\x04\0\0\x24\x92\
\0\0\x0c\x94\x08\0\x78\0\0\0\x68\x04\0\0\xe6\x80\0\0\x0c\x48\x05\0\x88\0\0\0\
\x68\x04\0\0\xf1\x91\0\0\x05\x58\x08\0\x98\0\0\0\x68\x04\0\0\x0e\x81\0\0\x07\
\x50\x05\0\xe0\0\0\0\x68\x04\0\0\xf1\x91\0\0\x05\x58\x08\0\xe8\0\0\0\x68\x04\0\
\0\xbb\x8e\0\0\x22\x90\x04\0\x20\x01\0\0\x68\x04\0\0\xf1\x91\0\0\x05\x58\x08\0\
\x28\x01\0\0\x68\x04\0\0\xbb\x8e\0\0\x22\x90\x04\0\x40\x01\0\0\x68\x04\0\0\x02\
\x8f\0\0\x22\x94\x04\0\x48\x01\0\0\x68\x04\0\0\x02\x8f\0\0\x16\x94\x04\0\x68\
\x01\0\0\x68\x04\0\0\xf1\x91\0\0\x05\x58\x08\0\x70\x01\0\0\x68\x04\0\0\x2f\x8f\
\0\0\x2e\x9c\x04\0\x88\x01\0\0\x68\x04\0\0\x2f\x8f\0\0\x2e\x9c\x04\0\x98\x01\0\
\0\x68\x04\0\0\xf1\x91\0\0\x05\x58\x08\0\xa0\x01\0\0\x68\x04\0\0\x77\x8f\0\0\
\x1a\xa0\x04\0\xd8\x01\0\0\x68\x04\0\0\xf1\x91\0\0\x05\x58\x08\0\xe0\x01\0\0\
\x68\x04\0\0\x77\x8f\0\0\x1a\xa0\x04\0\xf0\x01\0\0\x68\x04\0\0\x2f\x8f\0\0\x2e\
\x9c\x04\0\0\x02\0\0\x68\x04\0\0\x77\x8f\0\0\x1a\xa0\x04\0\x08\x02\0\0\x68\x04\
\0\0\x4b\x3c\0\0\x07\x08\x02\0\x40\x02\0\0\x68\x04\0\0\x8a\x3c\0\0\x0e\x54\x02\
\0\x80\x02\0\0\x68\x04\0\0\xb2\x3c\0\0\x27\x18\x02\0\x98\x02\0\0\x68\x04\0\0\
\xfd\x3c\0\0\x0b\x1c\x02\0\xd8\x02\0\0\x68\x04\0\0\xb7\x8f\0\0\x18\x98\x04\0\
\xe0\x02\0\0\x68\x04\0\0\xd0\x8f\0\0\x07\xa4\x04\0\xf8\x02\0\0\x68\x04\0\0\x03\
\x90\0\0\x2d\xa8\x04\0\x08\x03\0\0\x68\x04\0\0\x03\x90\0\0\x21\xa8\x04\0\x10\
\x03\0\0\x68\x04\0\0\x42\x90\0\0\x2f\xac\x04\0\x18\x03\0\0\x68\x04\0\0\x42\x90\
\0\0\x23\xac\x04\0\x38\x03\0\0\x68\x04\0\0\x7f\x90\0\0\x05\xb4\x04\0\x88\x03\0\
\0\x68\x04\0\0\xbd\x90\0\0\x05\xc0\x04\0\xb0\x03\0\0\x68\x04\0\0\xf0\x90\0\0\
\x25\xd0\x04\0\xc0\x03\0\0\x68\x04\0\0\xf0\x90\0\0\x19\xd0\x04\0\xc8\x03\0\0\
\x68\x04\0\0\x27\x91\0\0\x27\xd4\x04\0\xd0\x03\0\0\x68\x04\0\0\x27\x91\0\0\x1b\
\xd4\x04\0\xe0\x03\0\0\x68\x04\0\0\xf0\x90\0\0\x25\xd0\x04\0\xe8\x03\0\0\x68\
\x04\0\0\xaf\x85\0\0\x0f\xa0\x08\0\0\x04\0\0\x68\x04\0\0\x41\x92\0\0\x07\xa4\
\x08\0\x10\x04\0\0\x68\x04\0\0\x54\x92\0\0\x1a\xa8\x08\0\x28\x04\0\0\x68\x04\0\
\0\x56\x86\0\0\x1c\x88\x05\0\x38\x04\0\0\x68\x04\0\0\x7a\x86\0\0\x13\x8c\x05\0\
\x48\x04\0\0\x68\x04\0\0\0\0\0\0\0\0\0\0\x60\x04\0\0\x68\x04\0\0\xb6\x86\0\0\
\x03\x98\x05\0\x80\x04\0\0\x68\x04\0\0\xf1\x91\0\0\x05\x58\x08\0\xa9\x92\0\0\
\x05\0\0\0\0\0\0\0\x68\x04\0\0\xd0\x92\0\0\x05\xd0\x08\0\x08\0\0\0\x68\x04\0\0\
\x14\x93\0\0\x0c\xd4\x08\0\x18\0\0\0\x68\x04\0\0\0\0\0\0\0\0\0\0\x20\0\0\0\x68\
\x04\0\0\x35\x93\0\0\x03\xd8\x08\0\x38\0\0\0\x68\x04\0\0\xd0\x92\0\0\x05\xd0\
\x08\0\x84\x93\0\0\x61\0\0\0\0\0\0\0\x68\x04\0\0\xaa\x93\0\0\x05\xf0\x08\0\x18\
\0\0\0\x68\x04\0\0\xd6\x93\0\0\x12\x04\x05\0\x28\0\0\0\x68\x04\0\0\0\0\0\0\0\0\
\0\0\x30\0\0\0\x68\x04\0\0\xf1\x93\0\0\x13\x0c\x05\0\x48\0\0\0\x68\x04\0\0\x3e\
\x94\0\0\x07\x10\x05\0\x58\0\0\0\x68\x04\0\0\0\0\0\0\0\0\0\0\x60\0\0\0\x68\x04\
\0\0\x5d\x94\0\0\x03\x1c\x05\0\xa0\x02\0\0\x68\x04\0\0\x62\x05\0\0\x30\x84\x02\
\0\xd0\x02\0\0\x68\x04\0\0\0\0\0\0\0\0\0\0\xd8\x02\0\0\x68\x04\0\0\xbc\x2c\0\0\
\x15\x88\x02\0\xf8\x02\0\0\x68\x04\0\0\xbc\x2c\0\0\x15\x88\x02\0\x08\x03\0\0\
\x68\x04\0\0\0\0\0\0\0\0\0\0\x10\x03\0\0\x68\x04\0\0\xed\x2c\0\0\x15\x8c\x02\0\
\x40\x03\0\0\x68\x04\0\0\xed\x2c\0\0\x15\x8c\x02\0\x50\x03\0\0\x68\x04\0\0\0\0\
\0\0\0\0\0\0\x58\x03\0\0\x68\x04\0\0\xbb\x3b\0\0\x14\x90\x02\0\x70\x03\0\0\x68\
\x04\0\0\xbb\x3b\0\0\x33\x90\x02\0\x78\x03\0\0\x68\x04\0\0\xbb\x3b\0\0\x12\x90\
\x02\0\x98\x03\0\0\x68\x04\0\0\0\0\0\0\0\0\0\0\xa0\x03\0\0\x68\x04\0\0\x02\x3c\
\0\0\x29\x98\x02\0\xb8\x03\0\0\x68\x04\0\0\xed\x2c\0\0\x15\x8c\x02\0\xc8\x03\0\
\0\x68\x04\0\0\x02\x3c\0\0\x29\x98\x02\0\xd0\x03\0\0\x68\x04\0\0\x4b\x3c\0\0\
\x07\x08\x02\0\x10\x04\0\0\x68\x04\0\0\x8a\x3c\0\0\x0e\x54\x02\0\x50\x04\0\0\
\x68\x04\0\0\xb2\x3c\0\0\x27\x18\x02\0\x68\x04\0\0\x68\x04\0\0\xfd\x3c\0\0\x0b\
\x1c\x02\0\xb0\x04\0\0\x68\x04\0\0\x25\x3d\0\0\x14\x94\x02\0\xe0\x04\0\0\x90\
\x2a\0\0\x6f\x3d\0\0\x23\x90\0\0\x10\x05\0\0\x68\x04\0\0\x25\x3d\0\0\x14\x94\
\x02\0\x18\x05\0\0\x90\x2a\0\0\x6f\x3d\0\0\x23\x90\0\0\x30\x05\0\0\x90\x2a\0\0\
\x6f\x3d\0\0\x23\x90\0\0\x40\x05\0\0\x90\x2a\0\0\xc4\x3d\0\0\x15\x58\0\0\x68\
\x05\0\0\x90\x2a\0\0\xc4\x3d\0\0\x03\x58\0\0\x90\x05\0\0\x90\x2a\0\0\0\0\0\0\0\
\0\0\0\x98\x05\0\0\x90\x2a\0\0\xe5\x3d\0\0\x22\x5c\0\0\xc8\x05\0\0\x90\x2a\0\0\
\0\0\0\0\0\0\0\0\xd0\x05\0\0\x90\x2a\0\0\xe5\x3d\0\0\x22\x5c\0\0\xe0\x05\0\0\
\x90\x2a\0\0\xe5\x3d\0\0\x22\x5c\0\0\xe8\x05\0\0\x90\x2a\0\0\x35\x3e\0\0\x13\
\x60\0\0\x10\x06\0\0\x90\x2a\0\0\0\0\0\0\0\0\0\0\x18\x06\0\0\x90\x2a\0\0\x35\
\x3e\0\0\x17\x60\0\0\x38\x06\0\0\x90\x2a\0\0\x35\x3e\0\0\x17\x60\0\0\x48\x06\0\
\0\x90\x2a\0\0\0\0\0\0\0\0\0\0\x50\x06\0\0\x90\x2a\0\0\x75\x3e\0\0\x17\x64\0\0\
\x60\x06\0\0\x90\x2a\0\0\x75\x3e\0\0\x17\x64\0\0\x68\x06\0\0\x90\x2a\0\0\x35\
\x3e\0\0\x09\x60\0\0\x90\x06\0\0\x90\x2a\0\0\0\0\0\0\0\0\0\0\x98\x06\0\0\x90\
\x2a\0\0\xb8\x3e\0\0\x15\x94\0\0\xa8\x06\0\0\x90\x2a\0\0\xb8\x3e\0\0\x15\x94\0\
\0\xb8\x06\0\0\x90\x2a\0\0\xb8\x3e\0\0\x13\x94\0\0\xd8\x06\0\0\x90\x2a\0\0\0\0\
\0\0\0\0\0\0\xe0\x06\0\0\x90\x2a\0\0\xef\x3e\0\0\x22\x98\0\0\xf8\x06\0\0\x90\
\x2a\0\0\xef\x3e\0\0\x22\x98\0\0\0\x07\0\0\x90\x2a\0\0\xef\x3e\0\0\x20\x98\0\0\
\x30\x07\0\0\x90\x2a\0\0\0\0\0\0\0\0\0\0\x38\x07\0\0\x90\x2a\0\0\x37\x3f\0\0\
\x1b\x9c\0\0\x60\x07\0\0\x90\x2a\0\0\0\0\0\0\0\0\0\0\x68\x07\0\0\x90\x2a\0\0\
\x37\x3f\0\0\x1b\x9c\0\0\x78\x07\0\0\x90\x2a\0\0\x37\x3f\0\0\x1b\x9c\0\0\x80\
\x07\0\0\x90\x2a\0\0\x37\x3f\0\0\x19\x9c\0\0\xa0\x07\0\0\x90\x2a\0\0\0\0\0\0\0\
\0\0\0\xa8\x07\0\0\x90\x2a\0\0\x81\x3f\0\0\x14\xa0\0\0\xb8\x07\0\0\x90\x2a\0\0\
\x81\x3f\0\0\x14\xa0\0\0\xc0\x07\0\0\x90\x2a\0\0\x81\x3f\0\0\x12\xa0\0\0\xe8\
\x07\0\0\x90\x2a\0\0\0\0\0\0\0\0\0\0\xf0\x07\0\0\x90\x2a\0\0\xb2\x3f\0\0\x14\
\xa8\0\0\x28\x08\0\0\x90\x2a\0\0\0\0\0\0\0\0\0\0\x30\x08\0\0\x90\x2a\0\0\xb2\
\x3f\0\0\x14\xa8\0\0\x40\x08\0\0\x90\x2a\0\0\xb2\x3f\0\0\x14\xa8\0\0\x48\x08\0\
\0\x90\x2a\0\0\xb2\x3f\0\0\x12\xa8\0\0\x58\x08\0\0\x90\x2a\0\0\0\0\0\0\0\0\0\0\
\x60\x08\0\0\x90\x2a\0\0\xf1\x3f\0\0\x14\xac\0\0\x98\x08\0\0\x90\x2a\0\0\0\0\0\
\0\0\0\0\0\xa0\x08\0\0\x90\x2a\0\0\xf1\x3f\0\0\x14\xac\0\0\xb0\x08\0\0\x90\x2a\
\0\0\xf1\x3f\0\0\x14\xac\0\0\xb8\x08\0\0\x90\x2a\0\0\xf1\x3f\0\0\x12\xac\0\0\
\xd8\x08\0\0\x90\x2a\0\0\0\0\0\0\0\0\0\0\xe0\x08\0\0\x90\x2a\0\0\x35\x40\0\0\
\x2a\xb8\0\0\x18\x09\0\0\x90\x2a\0\0\0\0\0\0\0\0\0\0\x20\x09\0\0\x90\x2a\0\0\
\x35\x40\0\0\x2a\xb8\0\0\x30\x09\0\0\x90\x2a\0\0\x35\x40\0\0\x2a\xb8\0\0\x40\
\x09\0\0\x90\x2a\0\0\0\0\0\0\0\0\0\0\x48\x09\0\0\x90\x2a\0\0\x24\x45\0\0\x28\
\xbc\0\0\x80\x09\0\0\x90\x2a\0\0\0\0\0\0\0\0\0\0\x88\x09\0\0\x90\x2a\0\0\x24\
\x45\0\0\x28\xbc\0\0\x98\x09\0\0\x90\x2a\0\0\x24\x45\0\0\x28\xbc\0\0\xa0\x09\0\
\0\x90\x2a\0\0\x71\x45\0\0\x10\xc0\0\0\xb0\x09\0\0\x90\x2a\0\0\x71\x45\0\0\x07\
\xc0\0\0\xc0\x09\0\0\x90\x2a\0\0\0\0\0\0\0\0\0\0\xd0\x09\0\0\x90\x2a\0\0\xb1\
\x45\0\0\x22\xd4\0\0\xd8\x09\0\0\x90\x2a\0\0\xb1\x45\0\0\x03\xd4\0\0\xe8\x09\0\
\0\x90\x2a\0\0\xfb\x45\0\0\x12\xdc\0\0\xf0\x09\0\0\x90\x2a\0\0\xfb\x45\0\0\x07\
\xdc\0\0\0\x0a\0\0\x90\x2a\0\0\x41\x46\0\0\x3c\xe0\0\0\x10\x0a\0\0\x68\x04\0\0\
\x82\x94\0\0\x25\x28\x05\0\x28\x0a\0\0\x68\x04\0\0\xaf\x94\0\0\x03\x2c\x05\0\
\x50\x0a\0\0\x68\x04\0\0\xaa\x93\0\0\x05\xf0\x08\0\x11\x95\0\0\x61\0\0\0\0\0\0\
\0\x68\x04\0\0\x37\x95\0\0\x05\x1c\x09\0\x18\0\0\0\x68\x04\0\0\xd6\x93\0\0\x12\
\x04\x05\0\x28\0\0\0\x68\x04\0\0\0\0\0\0\0\0\0\0\x30\0\0\0\x68\x04\0\0\xf1\x93\
\0\0\x13\x0c\x05\0\x48\0\0\0\x68\x04\0\0\x3e\x94\0\0\x07\x10\x05\0\x58\0\0\0\
\x68\x04\0\0\0\0\0\0\0\0\0\0\x60\0\0\0\x68\x04\0\0\x5d\x94\0\0\x03\x1c\x05\0\
\xa0\x02\0\0\x68\x04\0\0\x62\x05\0\0\x30\x84\x02\0\xd0\x02\0\0\x68\x04\0\0\0\0\
\0\0\0\0\0\0\xd8\x02\0\0\x68\x04\0\0\xbc\x2c\0\0\x15\x88\x02\0\xf8\x02\0\0\x68\
\x04\0\0\xbc\x2c\0\0\x15\x88\x02\0\x08\x03\0\0\x68\x04\0\0\0\0\0\0\0\0\0\0\x10\
\x03\0\0\x68\x04\0\0\xed\x2c\0\0\x15\x8c\x02\0\x40\x03\0\0\x68\x04\0\0\xed\x2c\
\0\0\x15\x8c\x02\0\x50\x03\0\0\x68\x04\0\0\0\0\0\0\0\0\0\0\x58\x03\0\0\x68\x04\
\0\0\xbb\x3b\0\0\x14\x90\x02\0\x70\x03\0\0\x68\x04\0\0\xbb\x3b\0\0\x33\x90\x02\
\0\x78\x03\0\0\x68\x04\0\0\xbb\x3b\0\0\x12\x90\x02\0\x98\x03\0\0\x68\x04\0\0\0\
\0\0\0\0\0\0\0\xa0\x03\0\0\x68\x04\0\0\x02\x3c\0\0\x29\x98\x02\0\xb8\x03\0\0\
\x68\x04\0\0\xed\x2c\0\0\x15\x8c\x02\0\xc8\x03\0\0\x68\x04\0\0\x02\x3c\0\0\x29\
\x98\x02\0\xd0\x03\0\0\x68\x04\0\0\x4b\x3c\0\0\x07\x08\x02\0\x10\x04\0\0\x68\
\x04\0\0\x8a\x3c\0\0\x0e\x54\x02\0\x50\x04\0\0\x68\x04\0\0\xb2\x3c\0\0\x27\x18\
\x02\0\x68\x04\0\0\x68\x04\0\0\xfd\x3c\0\0\x0b\x1c\x02\0\xb0\x04\0\0\x68\x04\0\
\0\x25\x3d\0\0\x14\x94\x02\0\xe0\x04\0\0\x90\x2a\0\0\x6f\x3d\0\0\x23\x90\0\0\
\x10\x05\0\0\x68\x04\0\0\x25\x3d\0\0\x14\x94\x02\0\x18\x05\0\0\x90\x2a\0\0\x6f\
\x3d\0\0\x23\x90\0\0\x30\x05\0\0\x90\x2a\0\0\x6f\x3d\0\0\x23\x90\0\0\x40\x05\0\
\0\x90\x2a\0\0\xc4\x3d\0\0\x15\x58\0\0\x68\x05\0\0\x90\x2a\0\0\xc4\x3d\0\0\x03\
\x58\0\0\x90\x05\0\0\x90\x2a\0\0\0\0\0\0\0\0\0\0\x98\x05\0\0\x90\x2a\0\0\xe5\
\x3d\0\0\x22\x5c\0\0\xc8\x05\0\0\x90\x2a\0\0\0\0\0\0\0\0\0\0\xd0\x05\0\0\x90\
\x2a\0\0\xe5\x3d\0\0\x22\x5c\0\0\xe0\x05\0\0\x90\x2a\0\0\xe5\x3d\0\0\x22\x5c\0\
\0\xe8\x05\0\0\x90\x2a\0\0\x35\x3e\0\0\x13\x60\0\0\x10\x06\0\0\x90\x2a\0\0\0\0\
\0\0\0\0\0\0\x18\x06\0\0\x90\x2a\0\0\x35\x3e\0\0\x17\x60\0\0\x38\x06\0\0\x90\
\x2a\0\0\x35\x3e\0\0\x17\x60\0\0\x48\x06\0\0\x90\x2a\0\0\0\0\0\0\0\0\0\0\x50\
\x06\0\0\x90\x2a\0\0\x75\x3e\0\0\x17\x64\0\0\x60\x06\0\0\x90\x2a\0\0\x75\x3e\0\
\0\x17\x64\0\0\x68\x06\0\0\x90\x2a\0\0\x35\x3e\0\0\x09\x60\0\0\x90\x06\0\0\x90\
\x2a\0\0\0\0\0\0\0\0\0\0\x98\x06\0\0\x90\x2a\0\0\xb8\x3e\0\0\x15\x94\0\0\xa8\
\x06\0\0\x90\x2a\0\0\xb8\x3e\0\0\x15\x94\0\0\xb8\x06\0\0\x90\x2a\0\0\xb8\x3e\0\
\0\x13\x94\0\0\xd8\x06\0\0\x90\x2a\0\0\0\0\0\0\0\0\0\0\xe0\x06\0\0\x90\x2a\0\0\
\xef\x3e\0\0\x22\x98\0\0\xf8\x06\0\0\x90\x2a\0\0\xef\x3e\0\0\x22\x98\0\0\0\x07\
\0\0\x90\x2a\0\0\xef\x3e\0\0\x20\x98\0\0\x30\x07\0\0\x90\x2a\0\0\0\0\0\0\0\0\0\
\0\x38\x07\0\0\x90\x2a\0\0\x37\x3f\0\0\x1b\x9c\0\0\x60\x07\0\0\x90\x2a\0\0\0\0\
\0\0\0\0\0\0\x68\x07\0\0\x90\x2a\0\0\x37\x3f\0\0\x1b\x9c\0\0\x78\x07\0\0\x90\
\x2a\0\0\x37\x3f\0\0\x1b\x9c\0\0\x80\x07\0\0\x90\x2a\0\0\x37\x3f\0\0\x19\x9c\0\
\0\xa0\x07\0\0\x90\x2a\0\0\0\0\0\0\0\0\0\0\xa8\x07\0\0\x90\x2a\0\0\x81\x3f\0\0\
\x14\xa0\0\0\xb8\x07\0\0\x90\x2a\0\0\x81\x3f\0\0\x14\xa0\0\0\xc0\x07\0\0\x90\
\x2a\0\0\x81\x3f\0\0\x12\xa0\0\0\xe8\x07\0\0\x90\x2a\0\0\0\0\0\0\0\0\0\0\xf0\
\x07\0\0\x90\x2a\0\0\xb2\x3f\0\0\x14\xa8\0\0\x28\x08\0\0\x90\x2a\0\0\0\0\0\0\0\
\0\0\0\x30\x08\0\0\x90\x2a\0\0\xb2\x3f\0\0\x14\xa8\0\0\x40\x08\0\0\x90\x2a\0\0\
\xb2\x3f\0\0\x14\xa8\0\0\x48\x08\0\0\x90\x2a\0\0\xb2\x3f\0\0\x12\xa8\0\0\x58\
\x08\0\0\x90\x2a\0\0\0\0\0\0\0\0\0\0\x60\x08\0\0\x90\x2a\0\0\xf1\x3f\0\0\x14\
\xac\0\0\x98\x08\0\0\x90\x2a\0\0\0\0\0\0\0\0\0\0\xa0\x08\0\0\x90\x2a\0\0\xf1\
\x3f\0\0\x14\xac\0\0\xb0\x08\0\0\x90\x2a\0\0\xf1\x3f\0\0\x14\xac\0\0\xb8\x08\0\
\0\x90\x2a\0\0\xf1\x3f\0\0\x12\xac\0\0\xd8\x08\0\0\x90\x2a\0\0\0\0\0\0\0\0\0\0\
\xe0\x08\0\0\x90\x2a\0\0\x35\x40\0\0\x2a\xb8\0\0\x18\x09\0\0\x90\x2a\0\0\0\0\0\
\0\0\0\0\0\x20\x09\0\0\x90\x2a\0\0\x35\x40\0\0\x2a\xb8\0\0\x30\x09\0\0\x90\x2a\
\0\0\x35\x40\0\0\x2a\xb8\0\0\x40\x09\0\0\x90\x2a\0\0\0\0\0\0\0\0\0\0\x48\x09\0\
\0\x90\x2a\0\0\x24\x45\0\0\x28\xbc\0\0\x80\x09\0\0\x90\x2a\0\0\0\0\0\0\0\0\0\0\
\x88\x09\0\0\x90\x2a\0\0\x24\x45\0\0\x28\xbc\0\0\x98\x09\0\0\x90\x2a\0\0\x24\
\x45\0\0\x28\xbc\0\0\xa0\x09\0\0\x90\x2a\0\0\x71\x45\0\0\x10\xc0\0\0\xb0\x09\0\
\0\x90\x2a\0\0\x71\x45\0\0\x07\xc0\0\0\xc0\x09\0\0\x90\x2a\0\0\0\0\0\0\0\0\0\0\
\xd0\x09\0\0\x90\x2a\0\0\xb1\x45\0\0\x22\xd4\0\0\xd8\x09\0\0\x90\x2a\0\0\xb1\
\x45\0\0\x03\xd4\0\0\xe8\x09\0\0\x90\x2a\0\0\xfb\x45\0\0\x12\xdc\0\0\xf0\x09\0\
\0\x90\x2a\0\0\xfb\x45\0\0\x07\xdc\0\0\0\x0a\0\0\x90\x2a\0\0\x41\x46\0\0\x3c\
\xe0\0\0\x10\x0a\0\0\x68\x04\0\0\x82\x94\0\0\x25\x28\x05\0\x28\x0a\0\0\x68\x04\
\0\0\xaf\x94\0\0\x03\x2c\x05\0\x50\x0a\0\0\x68\x04\0\0\x37\x95\0\0\x05\x1c\x09\
\0\x10\0\0\0\x43\x04\0\0\x1a\0\0\0\x30\0\0\0\x4f\0\0\0\x8c\x2a\0\0\0\0\0\0\xc0\
\0\0\0\x7e\x01\0\0\x8c\x2a\0\0\0\0\0\0\x60\x01\0\0\x7e\x01\0\0\xe9\x2c\0\0\0\0\
\0\0\xa8\x01\0\0\x86\x01\0\0\xb7\x3b\0\0\0\0\0\0\xf0\x01\0\0\x87\x01\0\0\xf9\
\x3b\0\0\0\0\0\0\x08\x02\0\0\x86\x01\0\0\xfd\x3b\0\0\0\0\0\0\x40\x03\0\0\x4f\0\
\0\0\x6a\x3d\0\0\0\0\0\0\x78\x03\0\0\x4f\0\0\0\xbf\x3d\0\0\0\0\0\0\0\x04\0\0\
\x4f\0\0\0\x6a\x3d\0\0\0\0\0\0\x38\x04\0\0\x4f\0\0\0\xbf\x3d\0\0\0\0\0\0\x80\
\x04\0\0\x4f\0\0\0\x6f\x3e\0\0\0\0\0\0\xf8\x04\0\0\x4f\0\0\0\xb3\x3e\0\0\0\0\0\
\0\x48\x05\0\0\x4f\0\0\0\xe9\x3e\0\0\0\0\0\0\x98\x05\0\0\x4f\0\0\0\xbf\x3d\0\0\
\0\0\0\0\x58\x06\0\0\x4f\0\0\0\xac\x3f\0\0\0\0\0\0\x98\x06\0\0\xc7\0\0\0\xeb\
\x3f\0\0\0\0\0\0\x08\x07\0\0\xc7\0\0\0\x2a\x40\0\0\0\0\0\0\x50\x07\0\0\x4f\0\0\
\0\x30\x40\0\0\0\0\0\0\x88\x07\0\0\xe9\x01\0\0\x1d\x45\0\0\0\0\0\0\xf0\x07\0\0\
\xe9\x01\0\0\x6a\x45\0\0\0\0\0\0\xa0\x08\0\0\x7e\x01\0\0\xe9\x2c\0\0\0\0\0\0\
\xe0\x08\0\0\x86\x01\0\0\xb7\x3b\0\0\0\0\0\0\x28\x09\0\0\x87\x01\0\0\xea\x46\0\
\0\0\0\0\0\x68\x09\0\0\x87\x01\0\0\x32\x47\0\0\0\0\0\0\xa8\x09\0\0\x87\x01\0\0\
\x80\x47\0\0\0\0\0\0\xd8\x09\0\0\x87\x01\0\0\x80\x47\0\0\0\0\0\0\xe8\x47\0\0\
\x16\0\0\0\0\0\0\0\xd1\x01\0\0\x1a\x48\0\0\0\0\0\0\x58\0\0\0\xd1\x01\0\0\xa5\
\x48\0\0\0\0\0\0\x90\0\0\0\x17\x02\0\0\xb7\x3b\0\0\0\0\0\0\x08\x01\0\0\xd1\x01\
\0\0\xa5\x48\0\0\0\0\0\0\x40\x01\0\0\x17\x02\0\0\xb7\x3b\0\0\0\0\0\0\xb8\x01\0\
\0\x70\x02\0\0\x9e\x7f\0\0\0\0\0\0\x90\x02\0\0\xd1\x01\0\0\x5e\x80\0\0\0\0\0\0\
\0\x03\0\0\x86\x01\0\0\xcb\x80\0\0\0\0\0\0\x18\x04\0\0\xd1\x01\0\0\xb1\x81\0\0\
\0\0\0\0\x50\x04\0\0\xd1\x01\0\0\xfe\x81\0\0\0\0\0\0\xa8\x04\0\0\x93\x03\0\0\
\x3c\x82\0\0\0\0\0\0\xe8\x04\0\0\x93\x03\0\0\x9b\x82\0\0\0\0\0\0\x28\x05\0\0\
\x93\x03\0\0\xe0\x82\0\0\0\0\0\0\x70\x05\0\0\x93\x03\0\0\xf9\x3b\0\0\0\0\0\0\
\xe0\x05\0\0\xd1\x01\0\0\xb1\x81\0\0\0\0\0\0\x18\x06\0\0\xd1\x01\0\0\xef\x83\0\
\0\0\0\0\0\x68\x06\0\0\x98\x03\0\0\xb7\x3b\0\0\0\0\0\0\xb8\x06\0\0\x98\x03\0\0\
\xe9\x2c\0\0\0\0\0\0\x58\x07\0\0\xd1\x01\0\0\xb1\x81\0\0\0\0\0\0\x90\x07\0\0\
\xd1\x01\0\0\xef\x83\0\0\0\0\0\0\xe0\x07\0\0\x99\x03\0\0\xe9\x2c\0\0\0\0\0\0\
\x30\x08\0\0\x99\x03\0\0\xb7\x3b\0\0\0\0\0\0\x22\x87\0\0\x16\0\0\0\0\0\0\0\xd1\
\x01\0\0\x1a\x48\0\0\0\0\0\0\x58\0\0\0\xd1\x01\0\0\xa5\x48\0\0\0\0\0\0\x90\0\0\
\0\x17\x02\0\0\xb7\x3b\0\0\0\0\0\0\x08\x01\0\0\xd1\x01\0\0\xa5\x48\0\0\0\0\0\0\
\x40\x01\0\0\x17\x02\0\0\xb7\x3b\0\0\0\0\0\0\xb8\x01\0\0\x70\x02\0\0\x9e\x7f\0\
\0\0\0\0\0\x90\x02\0\0\xd1\x01\0\0\x5e\x80\0\0\0\0\0\0\0\x03\0\0\x86\x01\0\0\
\xcb\x80\0\0\0\0\0\0\x18\x04\0\0\xd1\x01\0\0\xb1\x81\0\0\0\0\0\0\x50\x04\0\0\
\xd1\x01\0\0\xfe\x81\0\0\0\0\0\0\xa8\x04\0\0\x93\x03\0\0\x3c\x82\0\0\0\0\0\0\
\xe8\x04\0\0\x93\x03\0\0\x9b\x82\0\0\0\0\0\0\x28\x05\0\0\x93\x03\0\0\xe0\x82\0\
\0\0\0\0\0\x70\x05\0\0\x93\x03\0\0\xf9\x3b\0\0\0\0\0\0\xe0\x05\0\0\xd1\x01\0\0\
\xb1\x81\0\0\0\0\0\0\x18\x06\0\0\xd1\x01\0\0\xef\x83\0\0\0\0\0\0\x68\x06\0\0\
\x98\x03\0\0\xb7\x3b\0\0\0\0\0\0\xb8\x06\0\0\x98\x03\0\0\xe9\x2c\0\0\0\0\0\0\
\x58\x07\0\0\xd1\x01\0\0\xb1\x81\0\0\0\0\0\0\x90\x07\0\0\xd1\x01\0\0\xef\x83\0\
\0\0\0\0\0\xe0\x07\0\0\x99\x03\0\0\xe9\x2c\0\0\0\0\0\0\x30\x08\0\0\x99\x03\0\0\
\xb7\x3b\0\0\0\0\0\0\xf1\x87\0\0\x1e\0\0\0\0\0\0\0\xd1\x01\0\0\x1a\x48\0\0\0\0\
\0\0\x58\0\0\0\xd1\x01\0\0\xa5\x48\0\0\0\0\0\0\x90\0\0\0\x17\x02\0\0\xb7\x3b\0\
\0\0\0\0\0\x08\x01\0\0\xd1\x01\0\0\xa5\x48\0\0\0\0\0\0\x40\x01\0\0\x17\x02\0\0\
\xb7\x3b\0\0\0\0\0\0\xb8\x01\0\0\x70\x02\0\0\x9e\x7f\0\0\0\0\0\0\x90\x02\0\0\
\xd1\x01\0\0\x5e\x80\0\0\0\0\0\0\0\x03\0\0\x86\x01\0\0\xcb\x80\0\0\0\0\0\0\x18\
\x04\0\0\xd1\x01\0\0\xb1\x81\0\0\0\0\0\0\x58\x04\0\0\xd1\x01\0\0\xfe\x81\0\0\0\
\0\0\0\xd8\x04\0\0\x9e\x03\0\0\x80\x88\0\0\0\0\0\0\x30\x05\0\0\x9e\x03\0\0\xf5\
\x88\0\0\0\0\0\0\x68\x05\0\0\x9e\x03\0\0\xf9\x3b\0\0\0\0\0\0\x10\x06\0\0\xd1\
\x01\0\0\x92\x89\0\0\0\0\0\0\xd8\x06\0\0\x9e\x03\0\0\x8c\x2a\0\0\0\0\0\0\x48\
\x07\0\0\xd1\x01\0\0\x64\x8a\0\0\0\0\0\0\x68\x07\0\0\xd1\x01\0\0\x3c\x82\0\0\0\
\0\0\0\x90\x07\0\0\xa3\x03\0\0\xe9\x2c\0\0\0\0\0\0\xd8\x07\0\0\xa3\x03\0\0\xb7\
\x3b\0\0\0\0\0\0\xe0\x08\0\0\xd1\x01\0\0\x92\x89\0\0\0\0\0\0\x28\x0a\0\0\xa3\
\x03\0\0\xe9\x2c\0\0\0\0\0\0\xd8\x0a\0\0\xd1\x01\0\0\xb1\x81\0\0\0\0\0\0\x18\
\x0b\0\0\xd1\x01\0\0\xef\x83\0\0\0\0\0\0\x68\x0b\0\0\x98\x03\0\0\xb7\x3b\0\0\0\
\0\0\0\xb8\x0b\0\0\x98\x03\0\0\xe9\x2c\0\0\0\0\0\0\xd8\x0b\0\0\xd1\x01\0\0\xb1\
\x81\0\0\0\0\0\0\x18\x0c\0\0\xd1\x01\0\0\xef\x83\0\0\0\0\0\0\x68\x0c\0\0\x99\
\x03\0\0\xb7\x3b\0\0\0\0\0\0\xb8\x0c\0\0\x99\x03\0\0\xe9\x2c\0\0\0\0\0\0\x18\
\x0d\0\0\x86\x01\0\0\x76\x8d\0\0\0\0\0\0\xca\x8d\0\0\x1e\0\0\0\0\0\0\0\xd1\x01\
\0\0\x1a\x48\0\0\0\0\0\0\x58\0\0\0\xd1\x01\0\0\xa5\x48\0\0\0\0\0\0\x90\0\0\0\
\x17\x02\0\0\xb7\x3b\0\0\0\0\0\0\x08\x01\0\0\xd1\x01\0\0\xa5\x48\0\0\0\0\0\0\
\x40\x01\0\0\x17\x02\0\0\xb7\x3b\0\0\0\0\0\0\xb8\x01\0\0\x70\x02\0\0\x9e\x7f\0\
\0\0\0\0\0\x90\x02\0\0\xd1\x01\0\0\x5e\x80\0\0\0\0\0\0\0\x03\0\0\x86\x01\0\0\
\xcb\x80\0\0\0\0\0\0\x18\x04\0\0\xd1\x01\0\0\xb1\x81\0\0\0\0\0\0\x58\x04\0\0\
\xd1\x01\0\0\xfe\x81\0\0\0\0\0\0\xd8\x04\0\0\x9e\x03\0\0\x80\x88\0\0\0\0\0\0\
\x30\x05\0\0\x9e\x03\0\0\xf5\x88\0\0\0\0\0\0\x68\x05\0\0\x9e\x03\0\0\xf9\x3b\0\
\0\0\0\0\0\x10\x06\0\0\xd1\x01\0\0\x92\x89\0\0\0\0\0\0\xd8\x06\0\0\x9e\x03\0\0\
\x8c\x2a\0\0\0\0\0\0\x48\x07\0\0\xd1\x01\0\0\x64\x8a\0\0\0\0\0\0\x68\x07\0\0\
\xd1\x01\0\0\x3c\x82\0\0\0\0\0\0\x90\x07\0\0\xa3\x03\0\0\xe9\x2c\0\0\0\0\0\0\
\xd8\x07\0\0\xa3\x03\0\0\xb7\x3b\0\0\0\0\0\0\xe0\x08\0\0\xd1\x01\0\0\x92\x89\0\
\0\0\0\0\0\x28\x0a\0\0\xa3\x03\0\0\xe9\x2c\0\0\0\0\0\0\xd8\x0a\0\0\xd1\x01\0\0\
\xb1\x81\0\0\0\0\0\0\x18\x0b\0\0\xd1\x01\0\0\xef\x83\0\0\0\0\0\0\x68\x0b\0\0\
\x98\x03\0\0\xb7\x3b\0\0\0\0\0\0\xb8\x0b\0\0\x98\x03\0\0\xe9\x2c\0\0\0\0\0\0\
\xd8\x0b\0\0\xd1\x01\0\0\xb1\x81\0\0\0\0\0\0\x18\x0c\0\0\xd1\x01\0\0\xef\x83\0\
\0\0\0\0\0\x68\x0c\0\0\x99\x03\0\0\xb7\x3b\0\0\0\0\0\0\xb8\x0c\0\0\x99\x03\0\0\
\xe9\x2c\0\0\0\0\0\0\x18\x0d\0\0\x86\x01\0\0\x76\x8d\0\0\0\0\0\0\x3b\x8e\0\0\
\x0d\0\0\0\xc8\0\0\0\x7e\x01\0\0\x8c\x2a\0\0\0\0\0\0\x08\x01\0\0\x86\x01\0\0\
\xb7\x3b\0\0\0\0\0\0\x48\x01\0\0\x87\x01\0\0\xf9\x3b\0\0\0\0\0\0\x58\x01\0\0\
\x7e\x01\0\0\xe9\x2c\0\0\0\0\0\0\xc0\x01\0\0\x86\x01\0\0\xfd\x3b\0\0\0\0\0\0\
\x08\x03\0\0\x87\x01\0\0\x3a\x90\0\0\0\0\0\0\x18\x03\0\0\x87\x01\0\0\x32\x47\0\
\0\0\0\0\0\x30\x03\0\0\x87\x01\0\0\x80\x47\0\0\0\0\0\0\x58\x03\0\0\x87\x01\0\0\
\x80\x47\0\0\0\0\0\0\x78\x03\0\0\x87\x01\0\0\xb4\x90\0\0\0\0\0\0\x90\x03\0\0\
\x87\x01\0\0\xb4\x90\0\0\0\0\0\0\xc0\x03\0\0\x87\x01\0\0\x1f\x91\0\0\0\0\0\0\
\xd0\x03\0\0\x87\x01\0\0\xea\x46\0\0\0\0\0\0\xc4\x91\0\0\x0d\0\0\0\xc0\0\0\0\
\x7e\x01\0\0\x8c\x2a\0\0\0\0\0\0\0\x01\0\0\x86\x01\0\0\xb7\x3b\0\0\0\0\0\0\x40\
\x01\0\0\x87\x01\0\0\xf9\x3b\0\0\0\0\0\0\x50\x01\0\0\x7e\x01\0\0\xe9\x2c\0\0\0\
\0\0\0\xb8\x01\0\0\x86\x01\0\0\xfd\x3b\0\0\0\0\0\0\0\x03\0\0\x87\x01\0\0\x3a\
\x90\0\0\0\0\0\0\x10\x03\0\0\x87\x01\0\0\x32\x47\0\0\0\0\0\0\x28\x03\0\0\x87\
\x01\0\0\x80\x47\0\0\0\0\0\0\x50\x03\0\0\x87\x01\0\0\x80\x47\0\0\0\0\0\0\x70\
\x03\0\0\x87\x01\0\0\xb4\x90\0\0\0\0\0\0\x88\x03\0\0\x87\x01\0\0\xb4\x90\0\0\0\
\0\0\0\xb8\x03\0\0\x87\x01\0\0\x1f\x91\0\0\0\0\0\0\xc8\x03\0\0\x87\x01\0\0\xea\
\x46\0\0\0\0\0\0\x84\x93\0\0\x13\0\0\0\xb0\x02\0\0\x7e\x01\0\0\x8c\x2a\0\0\0\0\
\0\0\xe8\x02\0\0\x7e\x01\0\0\xe9\x2c\0\0\0\0\0\0\x28\x03\0\0\x86\x01\0\0\xb7\
\x3b\0\0\0\0\0\0\x70\x03\0\0\x87\x01\0\0\xf9\x3b\0\0\0\0\0\0\x80\x03\0\0\x86\
\x01\0\0\xfd\x3b\0\0\0\0\0\0\xb8\x04\0\0\x4f\0\0\0\x6a\x3d\0\0\0\0\0\0\xf0\x04\
\0\0\x4f\0\0\0\xbf\x3d\0\0\0\0\0\0\x78\x05\0\0\x4f\0\0\0\x6a\x3d\0\0\0\0\0\0\
\xb0\x05\0\0\x4f\0\0\0\xbf\x3d\0\0\0\0\0\0\xf8\x05\0\0\x4f\0\0\0\x6f\x3e\0\0\0\
\0\0\0\x70\x06\0\0\x4f\0\0\0\xb3\x3e\0\0\0\0\0\0\xc0\x06\0\0\x4f\0\0\0\xe9\x3e\
\0\0\0\0\0\0\x08\x07\0\0\x4f\0\0\0\xbf\x3d\0\0\0\0\0\0\xc8\x07\0\0\x4f\0\0\0\
\xac\x3f\0\0\0\0\0\0\x08\x08\0\0\xc7\0\0\0\xeb\x3f\0\0\0\0\0\0\x78\x08\0\0\xc7\
\0\0\0\x2a\x40\0\0\0\0\0\0\xc0\x08\0\0\x4f\0\0\0\x30\x40\0\0\0\0\0\0\xf8\x08\0\
\0\xe9\x01\0\0\x1d\x45\0\0\0\0\0\0\x60\x09\0\0\xe9\x01\0\0\x6a\x45\0\0\0\0\0\0\
\x11\x95\0\0\x13\0\0\0\xb0\x02\0\0\x7e\x01\0\0\x8c\x2a\0\0\0\0\0\0\xe8\x02\0\0\
\x7e\x01\0\0\xe9\x2c\0\0\0\0\0\0\x28\x03\0\0\x86\x01\0\0\xb7\x3b\0\0\0\0\0\0\
\x70\x03\0\0\x87\x01\0\0\xf9\x3b\0\0\0\0\0\0\x80\x03\0\0\x86\x01\0\0\xfd\x3b\0\
\0\0\0\0\0\xb8\x04\0\0\x4f\0\0\0\x6a\x3d\0\0\0\0\0\0\xf0\x04\0\0\x4f\0\0\0\xbf\
\x3d\0\0\0\0\0\0\x78\x05\0\0\x4f\0\0\0\x6a\x3d\0\0\0\0\0\0\xb0\x05\0\0\x4f\0\0\
\0\xbf\x3d\0\0\0\0\0\0\xf8\x05\0\0\x4f\0\0\0\x6f\x3e\0\0\0\0\0\0\x70\x06\0\0\
\x4f\0\0\0\xb3\x3e\0\0\0\0\0\0\xc0\x06\0\0\x4f\0\0\0\xe9\x3e\0\0\0\0\0\0\x08\
\x07\0\0\x4f\0\0\0\xbf\x3d\0\0\0\0\0\0\xc8\x07\0\0\x4f\0\0\0\xac\x3f\0\0\0\0\0\
\0\x08\x08\0\0\xc7\0\0\0\xeb\x3f\0\0\0\0\0\0\x78\x08\0\0\xc7\0\0\0\x2a\x40\0\0\
\0\0\0\0\xc0\x08\0\0\x4f\0\0\0\x30\x40\0\0\0\0\0\0\xf8\x08\0\0\xe9\x01\0\0\x1d\
\x45\0\0\0\0\0\0\x60\x09\0\0\xe9\x01\0\0\x6a\x45\0\0\0\0\0\0\0\0\0\0\0\0\0\0\0\
\0\0\0\0\0\0\0\0\0\0\0\0\0\0\0\0\0\0\0\x03\0\x03\0\0\0\0\0\0\0\0\0\0\0\0\0\0\0\
\0\0\xbe\x08\0\0\0\0\x03\0\x18\x0a\0\0\0\0\0\0\0\0\0\0\0\0\0\0\xb0\x05\0\0\0\0\
\x03\0\x80\x02\0\0\0\0\0\0\0\0\0\0\0\0\0\0\x87\x07\0\0\0\0\x03\0\xd8\x02\0\0\0\
\0\0\0\0\0\0\0\0\0\0\0\x4b\x08\0\0\0\0\x03\0\x30\x03\0\0\0\0\0\0\0\0\0\0\0\0\0\
\0\x35\x04\0\0\0\0\x03\0\x90\x02\0\0\0\0\0\0\0\0\0\0\0\0\0\0\x94\x04\0\0\0\0\
\x03\0\xc8\x02\0\0\0\0\0\0\0\0\0\0\0\0\0\0\xf8\x04\0\0\0\0\x03\0\x18\x03\0\0\0\
\0\0\0\0\0\0\0\0\0\0\0\x73\x08\0\0\0\0\x03\0\xa8\x02\0\0\0\0\0\0\0\0\0\0\0\0\0\
\0\x9b\x06\0\0\0\0\x03\0\xe8\x02\0\0\0\0\0\0\0\0\0\0\0\0\0\0\xf6\x08\0\0\0\0\
\x03\0\x28\x03\0\0\0\0\0\0\0\0\0\0\0\0\0\0\x23\x08\0\0\0\0\x03\0\x28\x0a\0\0\0\
\0\0\0\0\0\0\0\0\0\0\0\x4f\x07\0\0\0\0\x03\0\xf8\x03\0\0\0\0\0\0\0\0\0\0\0\0\0\
\0\xeb\x07\0\0\0\0\x03\0\xc8\x03\0\0\0\0\0\0\0\0\0\0\0\0\0\0\x83\x06\0\0\0\0\
\x03\0\xf8\x04\0\0\0\0\0\0\0\0\0\0\0\0\0\0\x68\x05\0\0\0\0\x03\0\x50\x08\0\0\0\
\0\0\0\0\0\0\0\0\0\0\0\x5c\x04\0\0\0\0\x03\0\xa0\x08\0\0\0\0\0\0\0\0\0\0\0\0\0\
\0\0\0\0\0\x03\0\x05\0\0\0\0\0\0\0\0\0\0\0\0\0\0\0\0\0\xa4\x07\0\0\0\0\x05\0\
\xd0\0\0\0\0\0\0\0\0\0\0\0\0\0\0\0\x3c\x06\0\0\0\0\x05\0\xb8\x01\0\0\0\0\0\0\0\
\0\0\0\0\0\0\0\x3d\0\0\0\x01\0\x19\0\0\0\0\0\0\0\0\0\x50\0\0\0\0\0\0\0\xb1\x04\
\0\0\0\0\x05\0\x90\x02\0\0\0\0\0\0\0\0\0\0\0\0\0\0\x31\x05\0\0\0\0\x05\0\x48\
\x02\0\0\0\0\0\0\0\0\0\0\0\0\0\0\x7b\x08\0\0\x01\0\x19\0\x50\0\0\0\0\0\0\0\x42\
\0\0\0\0\0\0\0\xd7\x06\0\0\0\0\x05\0\x60\x09\0\0\0\0\0\0\0\0\0\0\0\0\0\0\xfb\
\x07\0\0\0\0\x05\0\x10\x07\0\0\0\0\0\0\0\0\0\0\0\0\0\0\xf7\x06\0\0\0\0\x05\0\
\x38\x07\0\0\0\0\0\0\0\0\0\0\0\0\0\0\xa8\x05\0\0\0\0\x05\0\xd0\x05\0\0\0\0\0\0\
\0\0\0\0\0\0\0\0\xf0\x04\0\0\0\0\x05\0\x88\x08\0\0\0\0\0\0\0\0\0\0\0\0\0\0\xee\
\x08\0\0\0\0\x05\0\x98\x08\0\0\0\0\0\0\0\0\0\0\0\0\0\0\x1f\x06\0\0\0\0\x05\0\
\x48\x07\0\0\0\0\0\0\0\0\0\0\0\0\0\0\x93\x06\0\0\0\0\x05\0\x28\x07\0\0\0\0\0\0\
\0\0\0\0\0\0\0\0\x8c\x04\0\0\0\0\x05\0\x90\x08\0\0\0\0\0\0\0\0\0\0\0\0\0\0\xe3\
\x07\0\0\0\0\x05\0\xf0\x08\0\0\0\0\0\0\0\0\0\0\0\0\0\0\x47\x07\0\0\0\0\x05\0\
\x58\x09\0\0\0\0\0\0\0\0\0\0\0\0\0\0\0\0\0\0\x03\0\x07\0\0\0\0\0\0\0\0\0\0\0\0\
\0\0\0\0\0\x9d\x07\0\0\0\0\x07\0\xd0\0\0\0\0\0\0\0\0\0\0\0\0\0\0\0\x35\x06\0\0\
\0\0\x07\0\xb8\x01\0\0\0\0\0\0\0\0\0\0\0\0\0\0\xaa\x04\0\0\0\0\x07\0\x90\x02\0\
\0\0\0\0\0\0\0\0\0\0\0\0\0\x2a\x05\0\0\0\0\x07\0\x48\x02\0\0\0\0\0\0\0\0\0\0\0\
\0\0\0\xcf\x06\0\0\0\0\x07\0\x60\x09\0\0\0\0\0\0\0\0\0\0\0\0\0\0\xf3\x07\0\0\0\
\0\x07\0\x10\x07\0\0\0\0\0\0\0\0\0\0\0\0\0\0\xef\x06\0\0\0\0\x07\0\x38\x07\0\0\
\0\0\0\0\0\0\0\0\0\0\0\0\xa0\x05\0\0\0\0\x07\0\xd0\x05\0\0\0\0\0\0\0\0\0\0\0\0\
\0\0\xe8\x04\0\0\0\0\x07\0\x88\x08\0\0\0\0\0\0\0\0\0\0\0\0\0\0\xe6\x08\0\0\0\0\
\x07\0\x98\x08\0\0\0\0\0\0\0\0\0\0\0\0\0\0\x17\x06\0\0\0\0\x07\0\x48\x07\0\0\0\
\0\0\0\0\0\0\0\0\0\0\0\x8b\x06\0\0\0\0\x07\0\x28\x07\0\0\0\0\0\0\0\0\0\0\0\0\0\
\0\x84\x04\0\0\0\0\x07\0\x90\x08\0\0\0\0\0\0\0\0\0\0\0\0\0\0\xdb\x07\0\0\0\0\
\x07\0\xf0\x08\0\0\0\0\0\0\0\0\0\0\0\0\0\0\x3f\x07\0\0\0\0\x07\0\x58\x09\0\0\0\
\0\0\0\0\0\0\0\0\0\0\0\0\0\0\0\x03\0\x09\0\0\0\0\0\0\0\0\0\0\0\0\0\0\0\0\0\x96\
\x07\0\0\0\0\x09\0\xd0\0\0\0\0\0\0\0\0\0\0\0\0\0\0\0\x2e\x06\0\0\0\0\x09\0\xb8\
\x01\0\0\0\0\0\0\0\0\0\0\0\0\0\0\xa3\x04\0\0\0\0\x09\0\x90\x02\0\0\0\0\0\0\0\0\
\0\0\0\0\0\0\x23\x05\0\0\0\0\x09\0\x48\x02\0\0\0\0\0\0\0\0\0\0\0\0\0\0\x0b\x08\
\0\0\0\0\x09\0\x50\x0e\0\0\0\0\0\0\0\0\0\0\0\0\0\0\x06\x09\0\0\0\0\x09\0\x58\
\x08\0\0\0\0\0\0\0\0\0\0\0\0\0\0\xde\x08\0\0\0\0\x09\0\x88\x07\0\0\0\0\0\0\0\0\
\0\0\0\0\0\0\x43\x08\0\0\0\0\x09\0\xd0\x07\0\0\0\0\0\0\0\0\0\0\0\0\0\0\xd3\x07\
\0\0\0\0\x09\0\xd8\x07\0\0\0\0\0\0\0\0\0\0\0\0\0\0\xdf\x05\0\0\0\0\x09\0\x88\
\x0a\0\0\0\0\0\0\0\0\0\0\0\0\0\0\x7f\x07\0\0\0\0\x09\0\xb8\x08\0\0\0\0\0\0\0\0\
\0\0\0\0\0\0\x7b\x06\0\0\0\0\x09\0\x80\x0a\0\0\0\0\0\0\0\0\0\0\0\0\0\0\xe7\x06\
\0\0\0\0\x09\0\xc8\x08\0\0\0\0\0\0\0\0\0\0\0\0\0\0\x0f\x06\0\0\0\0\x09\0\xd8\
\x09\0\0\0\0\0\0\0\0\0\0\0\0\0\0\x37\x07\0\0\0\0\x09\0\x70\x0a\0\0\0\0\0\0\0\0\
\0\0\0\0\0\0\x98\x05\0\0\0\0\x09\0\0\x0a\0\0\0\0\0\0\0\0\0\0\0\0\0\0\xc7\x06\0\
\0\0\0\x09\0\xb0\x0a\0\0\0\0\0\0\0\0\0\0\0\0\0\0\xb6\x08\0\0\0\0\x09\0\xc8\x0a\
\0\0\0\0\0\0\0\0\0\0\0\0\0\0\xb3\x07\0\0\0\0\x09\0\xc8\x0b\0\0\0\0\0\0\0\0\0\0\
\0\0\0\0\x07\x07\0\0\0\0\x09\0\x18\x0d\0\0\0\0\0\0\0\0\0\0\0\0\0\0\x40\x05\0\0\
\0\0\x09\0\x88\x0d\0\0\0\0\0\0\0\0\0\0\0\0\0\0\x1b\x08\0\0\0\0\x09\0\xc0\x0c\0\
\0\0\0\0\0\0\0\0\0\0\0\0\0\x4b\x06\0\0\0\0\x09\0\x78\x0d\0\0\0\0\0\0\0\0\0\0\0\
\0\0\0\xbf\x05\0\0\0\0\x09\0\x80\x0d\0\0\0\0\0\0\0\0\0\0\0\0\0\0\x44\x04\0\0\0\
\0\x09\0\xe0\x0d\0\0\0\0\0\0\0\0\0\0\0\0\0\0\xa6\x08\0\0\0\0\x09\0\x48\x0e\0\0\
\0\0\0\0\0\0\0\0\0\0\0\0\0\0\0\0\x03\0\x0b\0\0\0\0\0\0\0\0\0\0\0\0\0\0\0\0\0\
\x8f\x07\0\0\0\0\x0b\0\xd0\0\0\0\0\0\0\0\0\0\0\0\0\0\0\0\x27\x06\0\0\0\0\x0b\0\
\xb8\x01\0\0\0\0\0\0\0\0\0\0\0\0\0\0\x9c\x04\0\0\0\0\x0b\0\x90\x02\0\0\0\0\0\0\
\0\0\0\0\0\0\0\0\x1c\x05\0\0\0\0\x0b\0\x48\x02\0\0\0\0\0\0\0\0\0\0\0\0\0\0\x03\
\x08\0\0\0\0\x0b\0\x50\x0e\0\0\0\0\0\0\0\0\0\0\0\0\0\0\xfe\x08\0\0\0\0\x0b\0\
\x58\x08\0\0\0\0\0\0\0\0\0\0\0\0\0\0\xd6\x08\0\0\0\0\x0b\0\x88\x07\0\0\0\0\0\0\
\0\0\0\0\0\0\0\0\x3b\x08\0\0\0\0\x0b\0\xd0\x07\0\0\0\0\0\0\0\0\0\0\0\0\0\0\xcb\
\x07\0\0\0\0\x0b\0\xd8\x07\0\0\0\0\0\0\0\0\0\0\0\0\0\0\xd7\x05\0\0\0\0\x0b\0\
\x88\x0a\0\0\0\0\0\0\0\0\0\0\0\0\0\0\x77\x07\0\0\0\0\x0b\0\xb8\x08\0\0\0\0\0\0\
\0\0\0\0\0\0\0\0\x73\x06\0\0\0\0\x0b\0\x80\x0a\0\0\0\0\0\0\0\0\0\0\0\0\0\0\xdf\
\x06\0\0\0\0\x0b\0\xc8\x08\0\0\0\0\0\0\0\0\0\0\0\0\0\0\x07\x06\0\0\0\0\x0b\0\
\xd8\x09\0\0\0\0\0\0\0\0\0\0\0\0\0\0\x2f\x07\0\0\0\0\x0b\0\x70\x0a\0\0\0\0\0\0\
\0\0\0\0\0\0\0\0\x90\x05\0\0\0\0\x0b\0\0\x0a\0\0\0\0\0\0\0\0\0\0\0\0\0\0\xbf\
\x06\0\0\0\0\x0b\0\xb0\x0a\0\0\0\0\0\0\0\0\0\0\0\0\0\0\xae\x08\0\0\0\0\x0b\0\
\xc8\x0a\0\0\0\0\0\0\0\0\0\0\0\0\0\0\xab\x07\0\0\0\0\x0b\0\xc8\x0b\0\0\0\0\0\0\
\0\0\0\0\0\0\0\0\xff\x06\0\0\0\0\x0b\0\x18\x0d\0\0\0\0\0\0\0\0\0\0\0\0\0\0\x38\
\x05\0\0\0\0\x0b\0\x88\x0d\0\0\0\0\0\0\0\0\0\0\0\0\0\0\x13\x08\0\0\0\0\x0b\0\
\xc0\x0c\0\0\0\0\0\0\0\0\0\0\0\0\0\0\x43\x06\0\0\0\0\x0b\0\x78\x0d\0\0\0\0\0\0\
\0\0\0\0\0\0\0\0\xb7\x05\0\0\0\0\x0b\0\x80\x0d\0\0\0\0\0\0\0\0\0\0\0\0\0\0\x3c\
\x04\0\0\0\0\x0b\0\xe0\x0d\0\0\0\0\0\0\0\0\0\0\0\0\0\0\x9e\x08\0\0\0\0\x0b\0\
\x48\x0e\0\0\0\0\0\0\0\0\0\0\0\0\0\0\0\0\0\0\x03\0\x0d\0\0\0\0\0\0\0\0\0\0\0\0\
\0\0\0\0\0\xcf\x05\0\0\0\0\x0d\0\xa0\x04\0\0\0\0\0\0\0\0\0\0\0\0\0\0\xb8\x06\0\
\0\0\0\x0d\0\x30\x02\0\0\0\0\0\0\0\0\0\0\0\0\0\0\x6b\x08\0\0\0\0\x0d\0\x88\x02\
\0\0\0\0\0\0\0\0\0\0\0\0\0\0\x7c\x04\0\0\0\0\x0d\0\xe0\x02\0\0\0\0\0\0\0\0\0\0\
\0\0\0\0\x15\x05\0\0\0\0\x0d\0\x40\x02\0\0\0\0\0\0\0\0\0\0\0\0\0\0\x88\x05\0\0\
\0\0\x0d\0\x78\x02\0\0\0\0\0\0\0\0\0\0\0\0\0\0\xff\x05\0\0\0\0\x0d\0\xc8\x02\0\
\0\0\0\0\0\0\0\0\0\0\0\0\0\x2e\x04\0\0\0\0\x0d\0\x58\x02\0\0\0\0\0\0\0\0\0\0\0\
\0\0\0\x6f\x07\0\0\0\0\x0d\0\x98\x02\0\0\0\0\0\0\0\0\0\0\0\0\0\0\xe0\x04\0\0\0\
\0\x0d\0\xd8\x02\0\0\0\0\0\0\0\0\0\0\0\0\0\0\x60\x05\0\0\0\0\x0d\0\xb0\x04\0\0\
\0\0\0\0\0\0\0\0\0\0\0\0\xc3\x07\0\0\0\0\x0d\0\x30\x03\0\0\0\0\0\0\0\0\0\0\0\0\
\0\0\x27\x07\0\0\0\0\x0d\0\xb0\x03\0\0\0\0\0\0\0\0\0\0\0\0\0\0\x6b\x06\0\0\0\0\
\x0d\0\x38\x04\0\0\0\0\0\0\0\0\0\0\0\0\0\0\x14\0\0\0\x01\0\x19\0\x92\0\0\0\0\0\
\0\0\x47\0\0\0\0\0\0\0\0\0\0\0\x03\0\x0f\0\0\0\0\0\0\0\0\0\0\0\0\0\0\0\0\0\xc7\
\x05\0\0\0\0\x0f\0\x80\x04\0\0\0\0\0\0\0\0\0\0\0\0\0\0\xb1\x06\0\0\0\0\x0f\0\
\x28\x02\0\0\0\0\0\0\0\0\0\0\0\0\0\0\x63\x08\0\0\0\0\x0f\0\x80\x02\0\0\0\0\0\0\
\0\0\0\0\0\0\0\0\x74\x04\0\0\0\0\x0f\0\xd8\x02\0\0\0\0\0\0\0\0\0\0\0\0\0\0\x0e\
\x05\0\0\0\0\x0f\0\x38\x02\0\0\0\0\0\0\0\0\0\0\0\0\0\0\x80\x05\0\0\0\0\x0f\0\
\x70\x02\0\0\0\0\0\0\0\0\0\0\0\0\0\0\xf7\x05\0\0\0\0\x0f\0\xc0\x02\0\0\0\0\0\0\
\0\0\0\0\0\0\0\0\x27\x04\0\0\0\0\x0f\0\x50\x02\0\0\0\0\0\0\0\0\0\0\0\0\0\0\x67\
\x07\0\0\0\0\x0f\0\x90\x02\0\0\0\0\0\0\0\0\0\0\0\0\0\0\xd8\x04\0\0\0\0\x0f\0\
\xd0\x02\0\0\0\0\0\0\0\0\0\0\0\0\0\0\x58\x05\0\0\0\0\x0f\0\x90\x04\0\0\0\0\0\0\
\0\0\0\0\0\0\0\0\xbb\x07\0\0\0\0\x0f\0\x28\x03\0\0\0\0\0\0\0\0\0\0\0\0\0\0\x1f\
\x07\0\0\0\0\x0f\0\xa8\x03\0\0\0\0\0\0\0\0\0\0\0\0\0\0\x63\x06\0\0\0\0\x0f\0\
\x20\x04\0\0\0\0\0\0\0\0\0\0\0\0\0\0\0\0\0\0\x03\0\x11\0\0\0\0\0\0\0\0\0\0\0\0\
\0\0\0\0\0\0\0\0\0\x03\0\x13\0\0\0\0\0\0\0\0\0\0\0\0\0\0\0\0\0\xc0\x04\0\0\0\0\
\x13\0\x50\x0a\0\0\0\0\0\0\0\0\0\0\0\0\0\0\xaa\x06\0\0\0\0\x13\0\xf8\x03\0\0\0\
\0\0\0\0\0\0\0\0\0\0\0\x5b\x08\0\0\0\0\x13\0\x50\x04\0\0\0\0\0\0\0\0\0\0\0\0\0\
\0\x6c\x04\0\0\0\0\x13\0\xa8\x04\0\0\0\0\0\0\0\0\0\0\0\0\0\0\x07\x05\0\0\0\0\
\x13\0\x08\x04\0\0\0\0\0\0\0\0\0\0\0\0\0\0\x78\x05\0\0\0\0\x13\0\x40\x04\0\0\0\
\0\0\0\0\0\0\0\0\0\0\0\xef\x05\0\0\0\0\x13\0\x90\x04\0\0\0\0\0\0\0\0\0\0\0\0\0\
\0\x20\x04\0\0\0\0\x13\0\x20\x04\0\0\0\0\0\0\0\0\0\0\0\0\0\0\x5f\x07\0\0\0\0\
\x13\0\x60\x04\0\0\0\0\0\0\0\0\0\0\0\0\0\0\xd0\x04\0\0\0\0\x13\0\xa0\x04\0\0\0\
\0\0\0\0\0\0\0\0\0\0\0\x54\x04\0\0\0\0\x13\0\x58\x0a\0\0\0\0\0\0\0\0\0\0\0\0\0\
\0\x33\x08\0\0\0\0\x13\0\x70\x05\0\0\0\0\0\0\0\0\0\0\0\0\0\0\xce\x08\0\0\0\0\
\x13\0\x40\x05\0\0\0\0\0\0\0\0\0\0\0\0\0\0\x17\x07\0\0\0\0\x13\0\x70\x06\0\0\0\
\0\0\0\0\0\0\0\0\0\0\0\x5b\x06\0\0\0\0\x13\0\xc0\x09\0\0\0\0\0\0\0\0\0\0\0\0\0\
\0\x50\x05\0\0\0\0\x13\0\x08\x0a\0\0\0\0\0\0\0\0\0\0\0\0\0\0\0\0\0\0\x03\0\x15\
\0\0\0\0\0\0\0\0\0\0\0\0\0\0\0\0\0\xb8\x04\0\0\0\0\x15\0\x50\x0a\0\0\0\0\0\0\0\
\0\0\0\0\0\0\0\xa3\x06\0\0\0\0\x15\0\xf8\x03\0\0\0\0\0\0\0\0\0\0\0\0\0\0\x53\
\x08\0\0\0\0\x15\0\x50\x04\0\0\0\0\0\0\0\0\0\0\0\0\0\0\x64\x04\0\0\0\0\x15\0\
\xa8\x04\0\0\0\0\0\0\0\0\0\0\0\0\0\0\0\x05\0\0\0\0\x15\0\x08\x04\0\0\0\0\0\0\0\
\0\0\0\0\0\0\0\x70\x05\0\0\0\0\x15\0\x40\x04\0\0\0\0\0\0\0\0\0\0\0\0\0\0\xe7\
\x05\0\0\0\0\x15\0\x90\x04\0\0\0\0\0\0\0\0\0\0\0\0\0\0\x19\x04\0\0\0\0\x15\0\
\x20\x04\0\0\0\0\0\0\0\0\0\0\0\0\0\0\x57\x07\0\0\0\0\x15\0\x60\x04\0\0\0\0\0\0\
\0\0\0\0\0\0\0\0\xc8\x04\0\0\0\0\x15\0\xa0\x04\0\0\0\0\0\0\0\0\0\0\0\0\0\0\x4c\
\x04\0\0\0\0\x15\0\x58\x0a\0\0\0\0\0\0\0\0\0\0\0\0\0\0\x2b\x08\0\0\0\0\x15\0\
\x70\x05\0\0\0\0\0\0\0\0\0\0\0\0\0\0\xc6\x08\0\0\0\0\x15\0\x40\x05\0\0\0\0\0\0\
\0\0\0\0\0\0\0\0\x0f\x07\0\0\0\0\x15\0\x70\x06\0\0\0\0\0\0\0\0\0\0\0\0\0\0\x53\
\x06\0\0\0\0\x15\0\xc0\x09\0\0\0\0\0\0\0\0\0\0\0\0\0\0\x48\x05\0\0\0\0\x15\0\
\x08\x0a\0\0\0\0\0\0\0\0\0\0\0\0\0\0\0\0\0\0\x03\0\x19\0\0\0\0\0\0\0\0\0\0\0\0\
\0\0\0\0\0\xbf\x03\0\0\x12\0\x03\0\0\0\0\0\0\0\0\0\x38\x0a\0\0\0\0\0\0\xed\x03\
\0\0\x11\0\x18\0\0\0\0\0\0\0\0\0\x10\0\0\0\0\0\0\0\x75\x02\0\0\x12\0\x05\0\0\0\
\0\0\0\0\0\0\x68\x09\0\0\0\0\0\0\x1e\x02\0\0\x11\0\x18\0\x30\0\0\0\0\0\0\0\x20\
\0\0\0\0\0\0\0\x84\x03\0\0\x11\0\x18\0\x70\0\0\0\0\0\0\0\x20\0\0\0\0\0\0\0\x6e\
\x03\0\0\x11\0\x18\0\x10\0\0\0\0\0\0\0\x20\0\0\0\0\0\0\0\xa4\0\0\0\x12\0\x07\0\
\0\0\0\0\0\0\0\0\x68\x09\0\0\0\0\0\0\x49\x03\0\0\x12\0\x09\0\0\0\0\0\0\0\0\0\
\x58\x0e\0\0\0\0\0\0\x5e\0\0\0\x12\0\x0b\0\0\0\0\0\0\0\0\0\x58\x0e\0\0\0\0\0\0\
\xec\0\0\0\x12\0\x0d\0\0\0\0\0\0\0\0\0\xc0\x04\0\0\0\0\0\0\x3a\x01\0\0\x12\0\
\x0f\0\0\0\0\0\0\0\0\0\xa0\x04\0\0\0\0\0\0\xf9\x02\0\0\x12\0\x11\0\0\0\0\0\0\0\
\0\0\x48\0\0\0\0\0\0\0\xfa\x01\0\0\x12\0\x13\0\0\0\0\0\0\0\0\0\x68\x0a\0\0\0\0\
\0\0\xa2\x03\0\0\x11\0\x18\0\x90\0\0\0\0\0\0\0\x20\0\0\0\0\0\0\0\x96\x03\0\0\
\x11\0\x18\0\x50\0\0\0\0\0\0\0\x20\0\0\0\0\0\0\0\xb2\x01\0\0\x12\0\x15\0\0\0\0\
\0\0\0\0\0\x68\x0a\0\0\0\0\0\0\x11\x04\0\0\x11\0\x17\0\0\0\0\0\0\0\0\0\x0d\0\0\
\0\0\0\0\0\x80\0\0\0\0\0\0\0\x01\0\0\0\xae\0\0\0\x90\x01\0\0\0\0\0\0\x01\0\0\0\
\xac\0\0\0\x10\x02\0\0\0\0\0\0\x01\0\0\0\xac\0\0\0\x58\x02\0\0\0\0\0\0\x01\0\0\
\0\xb0\0\0\0\x70\x03\0\0\0\0\0\0\x01\0\0\0\xb1\0\0\0\xa8\x08\0\0\0\0\0\0\x01\0\
\0\0\xb2\0\0\0\x38\x09\0\0\0\0\0\0\x01\0\0\0\xb2\0\0\0\x90\x01\0\0\0\0\0\0\x01\
\0\0\0\xac\0\0\0\x10\x02\0\0\0\0\0\0\x01\0\0\0\xac\0\0\0\x58\x02\0\0\0\0\0\0\
\x01\0\0\0\xb0\0\0\0\x70\x03\0\0\0\0\0\0\x01\0\0\0\xb1\0\0\0\xa8\x08\0\0\0\0\0\
\0\x01\0\0\0\xb2\0\0\0\x38\x09\0\0\0\0\0\0\x01\0\0\0\xb2\0\0\0\x90\x01\0\0\0\0\
\0\0\x01\0\0\0\xac\0\0\0\x10\x02\0\0\0\0\0\0\x01\0\0\0\xac\0\0\0\x58\x02\0\0\0\
\0\0\0\x01\0\0\0\xb0\0\0\0\x70\x03\0\0\0\0\0\0\x01\0\0\0\xb1\0\0\0\x98\x0d\0\0\
\0\0\0\0\x01\0\0\0\xb2\0\0\0\x28\x0e\0\0\0\0\0\0\x01\0\0\0\xb2\0\0\0\x90\x01\0\
\0\0\0\0\0\x01\0\0\0\xac\0\0\0\x10\x02\0\0\0\0\0\0\x01\0\0\0\xac\0\0\0\x58\x02\
\0\0\0\0\0\0\x01\0\0\0\xb0\0\0\0\x70\x03\0\0\0\0\0\0\x01\0\0\0\xb1\0\0\0\x98\
\x0d\0\0\0\0\0\0\x01\0\0\0\xb2\0\0\0\x28\x0e\0\0\0\0\0\0\x01\0\0\0\xb2\0\0\0\
\xa0\0\0\0\0\0\0\0\x01\0\0\0\xb1\0\0\0\xf0\x03\0\0\0\0\0\0\x01\0\0\0\xb2\0\0\0\
\x10\x04\0\0\0\0\0\0\x01\0\0\0\xac\0\0\0\x80\x04\0\0\0\0\0\0\x01\0\0\0\xb2\0\0\
\0\x98\0\0\0\0\0\0\0\x01\0\0\0\xb1\0\0\0\xe8\x03\0\0\0\0\0\0\x01\0\0\0\xb2\0\0\
\0\x60\x04\0\0\0\0\0\0\x01\0\0\0\xb2\0\0\0\x20\0\0\0\0\0\0\0\x01\0\0\0\xb1\0\0\
\0\x30\0\0\0\0\0\0\0\x01\0\0\0\xba\0\0\0\x28\x0a\0\0\0\0\0\0\x01\0\0\0\xbb\0\0\
\0\x30\0\0\0\0\0\0\0\x01\0\0\0\xba\0\0\0\x28\x0a\0\0\0\0\0\0\x01\0\0\0\xbb\0\0\
\0\xa0\xa6\0\0\0\0\0\0\x04\0\0\0\xae\0\0\0\xac\xa6\0\0\0\0\0\0\x04\0\0\0\xb2\0\
\0\0\xb8\xa6\0\0\0\0\0\0\x04\0\0\0\xb0\0\0\0\xc4\xa6\0\0\0\0\0\0\x04\0\0\0\xbb\
\0\0\0\xd0\xa6\0\0\0\0\0\0\x04\0\0\0\xb1\0\0\0\xdc\xa6\0\0\0\0\0\0\x04\0\0\0\
\xba\0\0\0\xf4\xa6\0\0\0\0\0\0\x03\0\0\0\xac\0\0\0\0\xa7\0\0\0\0\0\0\x03\0\0\0\
\xac\0\0\0\x0c\xa7\0\0\0\0\0\0\x03\0\0\0\xac\0\0\0\x24\xa7\0\0\0\0\0\0\x03\0\0\
\0\xbd\0\0\0\x2c\0\0\0\0\0\0\0\x04\0\0\0\x01\0\0\0\x3c\0\0\0\0\0\0\0\x04\0\0\0\
\x12\0\0\0\x4c\0\0\0\0\0\0\0\x04\0\0\0\x24\0\0\0\x5c\0\0\0\0\0\0\0\x04\0\0\0\
\x34\0\0\0\x6c\0\0\0\0\0\0\0\x04\0\0\0\x4f\0\0\0\x7c\0\0\0\0\0\0\0\x04\0\0\0\
\x6a\0\0\0\x8c\0\0\0\0\0\0\0\x04\0\0\0\x7a\0\0\0\x9c\0\0\0\0\0\0\0\x04\0\0\0\
\x89\0\0\0\xac\0\0\0\0\0\0\0\x04\0\0\0\x8a\0\0\0\xbc\0\0\0\0\0\0\0\x04\0\0\0\
\x9b\0\0\0\xd0\0\0\0\0\0\0\0\x04\0\0\0\x01\0\0\0\xe0\0\0\0\0\0\0\0\x04\0\0\0\
\x01\0\0\0\xf0\0\0\0\0\0\0\0\x04\0\0\0\x01\0\0\0\0\x01\0\0\0\0\0\0\x04\0\0\0\
\x01\0\0\0\x10\x01\0\0\0\0\0\0\x04\0\0\0\x01\0\0\0\x20\x01\0\0\0\0\0\0\x04\0\0\
\0\x01\0\0\0\x30\x01\0\0\0\0\0\0\x04\0\0\0\x01\0\0\0\x40\x01\0\0\0\0\0\0\x04\0\
\0\0\x01\0\0\0\x50\x01\0\0\0\0\0\0\x04\0\0\0\x01\0\0\0\x60\x01\0\0\0\0\0\0\x04\
\0\0\0\x01\0\0\0\x70\x01\0\0\0\0\0\0\x04\0\0\0\x01\0\0\0\x80\x01\0\0\0\0\0\0\
\x04\0\0\0\x01\0\0\0\x90\x01\0\0\0\0\0\0\x04\0\0\0\x01\0\0\0\xa0\x01\0\0\0\0\0\
\0\x04\0\0\0\x01\0\0\0\xb0\x01\0\0\0\0\0\0\x04\0\0\0\x01\0\0\0\xc0\x01\0\0\0\0\
\0\0\x04\0\0\0\x01\0\0\0\xd0\x01\0\0\0\0\0\0\x04\0\0\0\x01\0\0\0\xe0\x01\0\0\0\
\0\0\0\x04\0\0\0\x01\0\0\0\xf0\x01\0\0\0\0\0\0\x04\0\0\0\x01\0\0\0\0\x02\0\0\0\
\0\0\0\x04\0\0\0\x01\0\0\0\x10\x02\0\0\0\0\0\0\x04\0\0\0\x01\0\0\0\x20\x02\0\0\
\0\0\0\0\x04\0\0\0\x01\0\0\0\x30\x02\0\0\0\0\0\0\x04\0\0\0\x01\0\0\0\x40\x02\0\
\0\0\0\0\0\x04\0\0\0\x01\0\0\0\x50\x02\0\0\0\0\0\0\x04\0\0\0\x01\0\0\0\x60\x02\
\0\0\0\0\0\0\x04\0\0\0\x01\0\0\0\x70\x02\0\0\0\0\0\0\x04\0\0\0\x01\0\0\0\x80\
\x02\0\0\0\0\0\0\x04\0\0\0\x01\0\0\0\x90\x02\0\0\0\0\0\0\x04\0\0\0\x01\0\0\0\
\xa0\x02\0\0\0\0\0\0\x04\0\0\0\x01\0\0\0\xb0\x02\0\0\0\0\0\0\x04\0\0\0\x01\0\0\
\0\xc0\x02\0\0\0\0\0\0\x04\0\0\0\x01\0\0\0\xd0\x02\0\0\0\0\0\0\x04\0\0\0\x01\0\
\0\0\xe0\x02\0\0\0\0\0\0\x04\0\0\0\x01\0\0\0\xf0\x02\0\0\0\0\0\0\x04\0\0\0\x01\
\0\0\0\0\x03\0\0\0\0\0\0\x04\0\0\0\x01\0\0\0\x10\x03\0\0\0\0\0\0\x04\0\0\0\x01\
\0\0\0\x20\x03\0\0\0\0\0\0\x04\0\0\0\x01\0\0\0\x30\x03\0\0\0\0\0\0\x04\0\0\0\
\x01\0\0\0\x40\x03\0\0\0\0\0\0\x04\0\0\0\x01\0\0\0\x50\x03\0\0\0\0\0\0\x04\0\0\
\0\x01\0\0\0\x60\x03\0\0\0\0\0\0\x04\0\0\0\x01\0\0\0\x70\x03\0\0\0\0\0\0\x04\0\
\0\0\x01\0\0\0\x80\x03\0\0\0\0\0\0\x04\0\0\0\x01\0\0\0\x90\x03\0\0\0\0\0\0\x04\
\0\0\0\x01\0\0\0\xa0\x03\0\0\0\0\0\0\x04\0\0\0\x01\0\0\0\xb0\x03\0\0\0\0\0\0\
\x04\0\0\0\x01\0\0\0\xc0\x03\0\0\0\0\0\0\x04\0\0\0\x01\0\0\0\xd0\x03\0\0\0\0\0\
\0\x04\0\0\0\x01\0\0\0\xe0\x03\0\0\0\0\0\0\x04\0\0\0\x01\0\0\0\xf0\x03\0\0\0\0\
\0\0\x04\0\0\0\x01\0\0\0\0\x04\0\0\0\0\0\0\x04\0\0\0\x01\0\0\0\x10\x04\0\0\0\0\
\0\0\x04\0\0\0\x01\0\0\0\x20\x04\0\0\0\0\0\0\x04\0\0\0\x01\0\0\0\x30\x04\0\0\0\
\0\0\0\x04\0\0\0\x01\0\0\0\x40\x04\0\0\0\0\0\0\x04\0\0\0\x01\0\0\0\x50\x04\0\0\
\0\0\0\0\x04\0\0\0\x01\0\0\0\x60\x04\0\0\0\0\0\0\x04\0\0\0\x01\0\0\0\x70\x04\0\
\0\0\0\0\0\x04\0\0\0\x01\0\0\0\x80\x04\0\0\0\0\0\0\x04\0\0\0\x01\0\0\0\x90\x04\
\0\0\0\0\0\0\x04\0\0\0\x01\0\0\0\xa0\x04\0\0\0\0\0\0\x04\0\0\0\x01\0\0\0\xb0\
\x04\0\0\0\0\0\0\x04\0\0\0\x01\0\0\0\xc0\x04\0\0\0\0\0\0\x04\0\0\0\x01\0\0\0\
\xd0\x04\0\0\0\0\0\0\x04\0\0\0\x01\0\0\0\xe0\x04\0\0\0\0\0\0\x04\0\0\0\x01\0\0\
\0\xf0\x04\0\0\0\0\0\0\x04\0\0\0\x01\0\0\0\0\x05\0\0\0\0\0\0\x04\0\0\0\x01\0\0\
\0\x10\x05\0\0\0\0\0\0\x04\0\0\0\x01\0\0\0\x20\x05\0\0\0\0\0\0\x04\0\0\0\x01\0\
\0\0\x30\x05\0\0\0\0\0\0\x04\0\0\0\x01\0\0\0\x40\x05\0\0\0\0\0\0\x04\0\0\0\x01\
\0\0\0\x50\x05\0\0\0\0\0\0\x04\0\0\0\x01\0\0\0\x60\x05\0\0\0\0\0\0\x04\0\0\0\
\x01\0\0\0\x70\x05\0\0\0\0\0\0\x04\0\0\0\x01\0\0\0\x80\x05\0\0\0\0\0\0\x04\0\0\
\0\x01\0\0\0\x90\x05\0\0\0\0\0\0\x04\0\0\0\x01\0\0\0\xa0\x05\0\0\0\0\0\0\x04\0\
\0\0\x01\0\0\0\xb0\x05\0\0\0\0\0\0\x04\0\0\0\x01\0\0\0\xc0\x05\0\0\0\0\0\0\x04\
\0\0\0\x01\0\0\0\xd0\x05\0\0\0\0\0\0\x04\0\0\0\x01\0\0\0\xe0\x05\0\0\0\0\0\0\
\x04\0\0\0\x01\0\0\0\xf0\x05\0\0\0\0\0\0\x04\0\0\0\x01\0\0\0\0\x06\0\0\0\0\0\0\
\x04\0\0\0\x01\0\0\0\x10\x06\0\0\0\0\0\0\x04\0\0\0\x01\0\0\0\x20\x06\0\0\0\0\0\
\0\x04\0\0\0\x01\0\0\0\x30\x06\0\0\0\0\0\0\x04\0\0\0\x01\0\0\0\x40\x06\0\0\0\0\
\0\0\x04\0\0\0\x01\0\0\0\x50\x06\0\0\0\0\0\0\x04\0\0\0\x01\0\0\0\x60\x06\0\0\0\
\0\0\0\x04\0\0\0\x01\0\0\0\x70\x06\0\0\0\0\0\0\x04\0\0\0\x01\0\0\0\x80\x06\0\0\
\0\0\0\0\x04\0\0\0\x01\0\0\0\x90\x06\0\0\0\0\0\0\x04\0\0\0\x01\0\0\0\xa0\x06\0\
\0\0\0\0\0\x04\0\0\0\x01\0\0\0\xb0\x06\0\0\0\0\0\0\x04\0\0\0\x01\0\0\0\xc0\x06\
\0\0\0\0\0\0\x04\0\0\0\x01\0\0\0\xd0\x06\0\0\0\0\0\0\x04\0\0\0\x01\0\0\0\xe0\
\x06\0\0\0\0\0\0\x04\0\0\0\x01\0\0\0\xf0\x06\0\0\0\0\0\0\x04\0\0\0\x01\0\0\0\0\
\x07\0\0\0\0\0\0\x04\0\0\0\x01\0\0\0\x10\x07\0\0\0\0\0\0\x04\0\0\0\x01\0\0\0\
\x20\x07\0\0\0\0\0\0\x04\0\0\0\x01\0\0\0\x30\x07\0\0\0\0\0\0\x04\0\0\0\x01\0\0\
\0\x40\x07\0\0\0\0\0\0\x04\0\0\0\x01\0\0\0\x50\x07\0\0\0\0\0\0\x04\0\0\0\x01\0\
\0\0\x60\x07\0\0\0\0\0\0\x04\0\0\0\x01\0\0\0\x70\x07\0\0\0\0\0\0\x04\0\0\0\x01\
\0\0\0\x80\x07\0\0\0\0\0\0\x04\0\0\0\x01\0\0\0\x90\x07\0\0\0\0\0\0\x04\0\0\0\
\x01\0\0\0\xa0\x07\0\0\0\0\0\0\x04\0\0\0\x01\0\0\0\xb0\x07\0\0\0\0\0\0\x04\0\0\
\0\x01\0\0\0\xc0\x07\0\0\0\0\0\0\x04\0\0\0\x01\0\0\0\xd0\x07\0\0\0\0\0\0\x04\0\
\0\0\x01\0\0\0\xe0\x07\0\0\0\0\0\0\x04\0\0\0\x01\0\0\0\xf0\x07\0\0\0\0\0\0\x04\
\0\0\0\x01\0\0\0\0\x08\0\0\0\0\0\0\x04\0\0\0\x01\0\0\0\x10\x08\0\0\0\0\0\0\x04\
\0\0\0\x01\0\0\0\x20\x08\0\0\0\0\0\0\x04\0\0\0\x01\0\0\0\x30\x08\0\0\0\0\0\0\
\x04\0\0\0\x01\0\0\0\x40\x08\0\0\0\0\0\0\x04\0\0\0\x01\0\0\0\x50\x08\0\0\0\0\0\
\0\x04\0\0\0\x01\0\0\0\x68\x08\0\0\0\0\0\0\x04\0\0\0\x12\0\0\0\x78\x08\0\0\0\0\
\0\0\x04\0\0\0\x12\0\0\0\x88\x08\0\0\0\0\0\0\x04\0\0\0\x12\0\0\0\x98\x08\0\0\0\
\0\0\0\x04\0\0\0\x12\0\0\0\xa8\x08\0\0\0\0\0\0\x04\0\0\0\x12\0\0\0\xb8\x08\0\0\
\0\0\0\0\x04\0\0\0\x12\0\0\0\xc8\x08\0\0\0\0\0\0\x04\0\0\0\x12\0\0\0\xd8\x08\0\
\0\0\0\0\0\x04\0\0\0\x12\0\0\0\xe8\x08\0\0\0\0\0\0\x04\0\0\0\x12\0\0\0\xf8\x08\
\0\0\0\0\0\0\x04\0\0\0\x12\0\0\0\x08\x09\0\0\0\0\0\0\x04\0\0\0\x12\0\0\0\x18\
\x09\0\0\0\0\0\0\x04\0\0\0\x12\0\0\0\x28\x09\0\0\0\0\0\0\x04\0\0\0\x12\0\0\0\
\x38\x09\0\0\0\0\0\0\x04\0\0\0\x12\0\0\0\x48\x09\0\0\0\0\0\0\x04\0\0\0\x12\0\0\
\0\x58\x09\0\0\0\0\0\0\x04\0\0\0\x12\0\0\0\x68\x09\0\0\0\0\0\0\x04\0\0\0\x12\0\
\0\0\x78\x09\0\0\0\0\0\0\x04\0\0\0\x12\0\0\0\x88\x09\0\0\0\0\0\0\x04\0\0\0\x12\
\0\0\0\x98\x09\0\0\0\0\0\0\x04\0\0\0\x12\0\0\0\xa8\x09\0\0\0\0\0\0\x04\0\0\0\
\x12\0\0\0\xb8\x09\0\0\0\0\0\0\x04\0\0\0\x12\0\0\0\xc8\x09\0\0\0\0\0\0\x04\0\0\
\0\x12\0\0\0\xd8\x09\0\0\0\0\0\0\x04\0\0\0\x12\0\0\0\xe8\x09\0\0\0\0\0\0\x04\0\
\0\0\x12\0\0\0\xf8\x09\0\0\0\0\0\0\x04\0\0\0\x12\0\0\0\x08\x0a\0\0\0\0\0\0\x04\
\0\0\0\x12\0\0\0\x18\x0a\0\0\0\0\0\0\x04\0\0\0\x12\0\0\0\x28\x0a\0\0\0\0\0\0\
\x04\0\0\0\x12\0\0\0\x38\x0a\0\0\0\0\0\0\x04\0\0\0\x12\0\0\0\x48\x0a\0\0\0\0\0\
\0\x04\0\0\0\x12\0\0\0\x58\x0a\0\0\0\0\0\0\x04\0\0\0\x12\0\0\0\x68\x0a\0\0\0\0\
\0\0\x04\0\0\0\x12\0\0\0\x78\x0a\0\0\0\0\0\0\x04\0\0\0\x12\0\0\0\x88\x0a\0\0\0\
\0\0\0\x04\0\0\0\x12\0\0\0\x98\x0a\0\0\0\0\0\0\x04\0\0\0\x12\0\0\0\xa8\x0a\0\0\
\0\0\0\0\x04\0\0\0\x12\0\0\0\xb8\x0a\0\0\0\0\0\0\x04\0\0\0\x12\0\0\0\xc8\x0a\0\
\0\0\0\0\0\x04\0\0\0\x12\0\0\0\xd8\x0a\0\0\0\0\0\0\x04\0\0\0\x12\0\0\0\xe8\x0a\
\0\0\0\0\0\0\x04\0\0\0\x12\0\0\0\xf8\x0a\0\0\0\0\0\0\x04\0\0\0\x12\0\0\0\x08\
\x0b\0\0\0\0\0\0\x04\0\0\0\x12\0\0\0\x18\x0b\0\0\0\0\0\0\x04\0\0\0\x12\0\0\0\
\x28\x0b\0\0\0\0\0\0\x04\0\0\0\x12\0\0\0\x38\x0b\0\0\0\0\0\0\x04\0\0\0\x12\0\0\
\0\x48\x0b\0\0\0\0\0\0\x04\0\0\0\x12\0\0\0\x58\x0b\0\0\0\0\0\0\x04\0\0\0\x12\0\
\0\0\x68\x0b\0\0\0\0\0\0\x04\0\0\0\x12\0\0\0\x78\x0b\0\0\0\0\0\0\x04\0\0\0\x12\
\0\0\0\x88\x0b\0\0\0\0\0\0\x04\0\0\0\x12\0\0\0\x98\x0b\0\0\0\0\0\0\x04\0\0\0\
\x12\0\0\0\xa8\x0b\0\0\0\0\0\0\x04\0\0\0\x12\0\0\0\xb8\x0b\0\0\0\0\0\0\x04\0\0\
\0\x12\0\0\0\xc8\x0b\0\0\0\0\0\0\x04\0\0\0\x12\0\0\0\xd8\x0b\0\0\0\0\0\0\x04\0\
\0\0\x12\0\0\0\xe8\x0b\0\0\0\0\0\0\x04\0\0\0\x12\0\0\0\xf8\x0b\0\0\0\0\0\0\x04\
\0\0\0\x12\0\0\0\x08\x0c\0\0\0\0\0\0\x04\0\0\0\x12\0\0\0\x18\x0c\0\0\0\0\0\0\
\x04\0\0\0\x12\0\0\0\x28\x0c\0\0\0\0\0\0\x04\0\0\0\x12\0\0\0\x38\x0c\0\0\0\0\0\
\0\x04\0\0\0\x12\0\0\0\x48\x0c\0\0\0\0\0\0\x04\0\0\0\x12\0\0\0\x58\x0c\0\0\0\0\
\0\0\x04\0\0\0\x12\0\0\0\x68\x0c\0\0\0\0\0\0\x04\0\0\0\x12\0\0\0\x78\x0c\0\0\0\
\0\0\0\x04\0\0\0\x12\0\0\0\x88\x0c\0\0\0\0\0\0\x04\0\0\0\x12\0\0\0\x98\x0c\0\0\
\0\0\0\0\x04\0\0\0\x12\0\0\0\xa8\x0c\0\0\0\0\0\0\x04\0\0\0\x12\0\0\0\xb8\x0c\0\
\0\0\0\0\0\x04\0\0\0\x12\0\0\0\xc8\x0c\0\0\0\0\0\0\x04\0\0\0\x12\0\0\0\xd8\x0c\
\0\0\0\0\0\0\x04\0\0\0\x12\0\0\0\xe8\x0c\0\0\0\0\0\0\x04\0\0\0\x12\0\0\0\xf8\
\x0c\0\0\0\0\0\0\x04\0\0\0\x12\0\0\0\x08\x0d\0\0\0\0\0\0\x04\0\0\0\x12\0\0\0\
\x18\x0d\0\0\0\0\0\0\x04\0\0\0\x12\0\0\0\x28\x0d\0\0\0\0\0\0\x04\0\0\0\x12\0\0\
\0\x38\x0d\0\0\0\0\0\0\x04\0\0\0\x12\0\0\0\x48\x0d\0\0\0\0\0\0\x04\0\0\0\x12\0\
\0\0\x58\x0d\0\0\0\0\0\0\x04\0\0\0\x12\0\0\0\x68\x0d\0\0\0\0\0\0\x04\0\0\0\x12\
\0\0\0\x78\x0d\0\0\0\0\0\0\x04\0\0\0\x12\0\0\0\x88\x0d\0\0\0\0\0\0\x04\0\0\0\
\x12\0\0\0\x98\x0d\0\0\0\0\0\0\x04\0\0\0\x12\0\0\0\xa8\x0d\0\0\0\0\0\0\x04\0\0\
\0\x12\0\0\0\xb8\x0d\0\0\0\0\0\0\x04\0\0\0\x12\0\0\0\xc8\x0d\0\0\0\0\0\0\x04\0\
\0\0\x12\0\0\0\xd8\x0d\0\0\0\0\0\0\x04\0\0\0\x12\0\0\0\xe8\x0d\0\0\0\0\0\0\x04\
\0\0\0\x12\0\0\0\xf8\x0d\0\0\0\0\0\0\x04\0\0\0\x12\0\0\0\x08\x0e\0\0\0\0\0\0\
\x04\0\0\0\x12\0\0\0\x18\x0e\0\0\0\0\0\0\x04\0\0\0\x12\0\0\0\x28\x0e\0\0\0\0\0\
\0\x04\0\0\0\x12\0\0\0\x38\x0e\0\0\0\0\0\0\x04\0\0\0\x12\0\0\0\x48\x0e\0\0\0\0\
\0\0\x04\0\0\0\x12\0\0\0\x58\x0e\0\0\0\0\0\0\x04\0\0\0\x12\0\0\0\x68\x0e\0\0\0\
\0\0\0\x04\0\0\0\x12\0\0\0\x78\x0e\0\0\0\0\0\0\x04\0\0\0\x12\0\0\0\x88\x0e\0\0\
\0\0\0\0\x04\0\0\0\x12\0\0\0\x98\x0e\0\0\0\0\0\0\x04\0\0\0\x12\0\0\0\xa8\x0e\0\
\0\0\0\0\0\x04\0\0\0\x12\0\0\0\xb8\x0e\0\0\0\0\0\0\x04\0\0\0\x12\0\0\0\xc8\x0e\
\0\0\0\0\0\0\x04\0\0\0\x12\0\0\0\xd8\x0e\0\0\0\0\0\0\x04\0\0\0\x12\0\0\0\xe8\
\x0e\0\0\0\0\0\0\x04\0\0\0\x12\0\0\0\xf8\x0e\0\0\0\0\0\0\x04\0\0\0\x12\0\0\0\
\x08\x0f\0\0\0\0\0\0\x04\0\0\0\x12\0\0\0\x18\x0f\0\0\0\0\0\0\x04\0\0\0\x12\0\0\
\0\x28\x0f\0\0\0\0\0\0\x04\0\0\0\x12\0\0\0\x38\x0f\0\0\0\0\0\0\x04\0\0\0\x12\0\
\0\0\x48\x0f\0\0\0\0\0\0\x04\0\0\0\x12\0\0\0\x58\x0f\0\0\0\0\0\0\x04\0\0\0\x12\
\0\0\0\x68\x0f\0\0\0\0\0\0\x04\0\0\0\x12\0\0\0\x78\x0f\0\0\0\0\0\0\x04\0\0\0\
\x12\0\0\0\x88\x0f\0\0\0\0\0\0\x04\0\0\0\x12\0\0\0\x98\x0f\0\0\0\0\0\0\x04\0\0\
\0\x12\0\0\0\xa8\x0f\0\0\0\0\0\0\x04\0\0\0\x12\0\0\0\xb8\x0f\0\0\0\0\0\0\x04\0\
\0\0\x12\0\0\0\xc8\x0f\0\0\0\0\0\0\x04\0\0\0\x12\0\0\0\xd8\x0f\0\0\0\0\0\0\x04\
\0\0\0\x12\0\0\0\xe8\x0f\0\0\0\0\0\0\x04\0\0\0\x12\0\0\0\0\x10\0\0\0\0\0\0\x04\
\0\0\0\x24\0\0\0\x10\x10\0\0\0\0\0\0\x04\0\0\0\x24\0\0\0\x20\x10\0\0\0\0\0\0\
\x04\0\0\0\x24\0\0\0\x30\x10\0\0\0\0\0\0\x04\0\0\0\x24\0\0\0\x40\x10\0\0\0\0\0\
\0\x04\0\0\0\x24\0\0\0\x50\x10\0\0\0\0\0\0\x04\0\0\0\x24\0\0\0\x60\x10\0\0\0\0\
\0\0\x04\0\0\0\x24\0\0\0\x70\x10\0\0\0\0\0\0\x04\0\0\0\x24\0\0\0\x80\x10\0\0\0\
\0\0\0\x04\0\0\0\x24\0\0\0\x90\x10\0\0\0\0\0\0\x04\0\0\0\x24\0\0\0\xa0\x10\0\0\
\0\0\0\0\x04\0\0\0\x24\0\0\0\xb0\x10\0\0\0\0\0\0\x04\0\0\0\x24\0\0\0\xc0\x10\0\
\0\0\0\0\0\x04\0\0\0\x24\0\0\0\xd0\x10\0\0\0\0\0\0\x04\0\0\0\x24\0\0\0\xe0\x10\
\0\0\0\0\0\0\x04\0\0\0\x24\0\0\0\xf0\x10\0\0\0\0\0\0\x04\0\0\0\x24\0\0\0\0\x11\
\0\0\0\0\0\0\x04\0\0\0\x24\0\0\0\x10\x11\0\0\0\0\0\0\x04\0\0\0\x24\0\0\0\x20\
\x11\0\0\0\0\0\0\x04\0\0\0\x24\0\0\0\x30\x11\0\0\0\0\0\0\x04\0\0\0\x24\0\0\0\
\x40\x11\0\0\0\0\0\0\x04\0\0\0\x24\0\0\0\x50\x11\0\0\0\0\0\0\x04\0\0\0\x24\0\0\
\0\x60\x11\0\0\0\0\0\0\x04\0\0\0\x24\0\0\0\x70\x11\0\0\0\0\0\0\x04\0\0\0\x24\0\
\0\0\x80\x11\0\0\0\0\0\0\x04\0\0\0\x24\0\0\0\x90\x11\0\0\0\0\0\0\x04\0\0\0\x24\
\0\0\0\xa0\x11\0\0\0\0\0\0\x04\0\0\0\x24\0\0\0\xb0\x11\0\0\0\0\0\0\x04\0\0\0\
\x24\0\0\0\xc0\x11\0\0\0\0\0\0\x04\0\0\0\x24\0\0\0\xd0\x11\0\0\0\0\0\0\x04\0\0\
\0\x24\0\0\0\xe0\x11\0\0\0\0\0\0\x04\0\0\0\x24\0\0\0\xf0\x11\0\0\0\0\0\0\x04\0\
\0\0\x24\0\0\0\0\x12\0\0\0\0\0\0\x04\0\0\0\x24\0\0\0\x10\x12\0\0\0\0\0\0\x04\0\
\0\0\x24\0\0\0\x20\x12\0\0\0\0\0\0\x04\0\0\0\x24\0\0\0\x30\x12\0\0\0\0\0\0\x04\
\0\0\0\x24\0\0\0\x40\x12\0\0\0\0\0\0\x04\0\0\0\x24\0\0\0\x50\x12\0\0\0\0\0\0\
\x04\0\0\0\x24\0\0\0\x60\x12\0\0\0\0\0\0\x04\0\0\0\x24\0\0\0\x70\x12\0\0\0\0\0\
\0\x04\0\0\0\x24\0\0\0\x80\x12\0\0\0\0\0\0\x04\0\0\0\x24\0\0\0\x90\x12\0\0\0\0\
\0\0\x04\0\0\0\x24\0\0\0\xa0\x12\0\0\0\0\0\0\x04\0\0\0\x24\0\0\0\xb0\x12\0\0\0\
\0\0\0\x04\0\0\0\x24\0\0\0\xc0\x12\0\0\0\0\0\0\x04\0\0\0\x24\0\0\0\xd0\x12\0\0\
\0\0\0\0\x04\0\0\0\x24\0\0\0\xe0\x12\0\0\0\0\0\0\x04\0\0\0\x24\0\0\0\xf0\x12\0\
\0\0\0\0\0\x04\0\0\0\x24\0\0\0\0\x13\0\0\0\0\0\0\x04\0\0\0\x24\0\0\0\x10\x13\0\
\0\0\0\0\0\x04\0\0\0\x24\0\0\0\x20\x13\0\0\0\0\0\0\x04\0\0\0\x24\0\0\0\x30\x13\
\0\0\0\0\0\0\x04\0\0\0\x24\0\0\0\x40\x13\0\0\0\0\0\0\x04\0\0\0\x24\0\0\0\x50\
\x13\0\0\0\0\0\0\x04\0\0\0\x24\0\0\0\x60\x13\0\0\0\0\0\0\x04\0\0\0\x24\0\0\0\
\x70\x13\0\0\0\0\0\0\x04\0\0\0\x24\0\0\0\x80\x13\0\0\0\0\0\0\x04\0\0\0\x24\0\0\
\0\x90\x13\0\0\0\0\0\0\x04\0\0\0\x24\0\0\0\xa0\x13\0\0\0\0\0\0\x04\0\0\0\x24\0\
\0\0\xb0\x13\0\0\0\0\0\0\x04\0\0\0\x24\0\0\0\xc0\x13\0\0\0\0\0\0\x04\0\0\0\x24\
\0\0\0\xd0\x13\0\0\0\0\0\0\x04\0\0\0\x24\0\0\0\xe0\x13\0\0\0\0\0\0\x04\0\0\0\
\x24\0\0\0\xf0\x13\0\0\0\0\0\0\x04\0\0\0\x24\0\0\0\0\x14\0\0\0\0\0\0\x04\0\0\0\
\x24\0\0\0\x10\x14\0\0\0\0\0\0\x04\0\0\0\x24\0\0\0\x20\x14\0\0\0\0\0\0\x04\0\0\
\0\x24\0\0\0\x30\x14\0\0\0\0\0\0\x04\0\0\0\x24\0\0\0\x40\x14\0\0\0\0\0\0\x04\0\
\0\0\x24\0\0\0\x50\x14\0\0\0\0\0\0\x04\0\0\0\x24\0\0\0\x60\x14\0\0\0\0\0\0\x04\
\0\0\0\x24\0\0\0\x70\x14\0\0\0\0\0\0\x04\0\0\0\x24\0\0\0\x80\x14\0\0\0\0\0\0\
\x04\0\0\0\x24\0\0\0\x90\x14\0\0\0\0\0\0\x04\0\0\0\x24\0\0\0\xa0\x14\0\0\0\0\0\
\0\x04\0\0\0\x24\0\0\0\xb0\x14\0\0\0\0\0\0\x04\0\0\0\x24\0\0\0\xc0\x14\0\0\0\0\
\0\0\x04\0\0\0\x24\0\0\0\xd0\x14\0\0\0\0\0\0\x04\0\0\0\x24\0\0\0\xe0\x14\0\0\0\
\0\0\0\x04\0\0\0\x24\0\0\0\xf0\x14\0\0\0\0\0\0\x04\0\0\0\x24\0\0\0\0\x15\0\0\0\
\0\0\0\x04\0\0\0\x24\0\0\0\x10\x15\0\0\0\0\0\0\x04\0\0\0\x24\0\0\0\x20\x15\0\0\
\0\0\0\0\x04\0\0\0\x24\0\0\0\x30\x15\0\0\0\0\0\0\x04\0\0\0\x24\0\0\0\x40\x15\0\
\0\0\0\0\0\x04\0\0\0\x24\0\0\0\x50\x15\0\0\0\0\0\0\x04\0\0\0\x24\0\0\0\x60\x15\
\0\0\0\0\0\0\x04\0\0\0\x24\0\0\0\x70\x15\0\0\0\0\0\0\x04\0\0\0\x24\0\0\0\x80\
\x15\0\0\0\0\0\0\x04\0\0\0\x24\0\0\0\x90\x15\0\0\0\0\0\0\x04\0\0\0\x24\0\0\0\
\xa0\x15\0\0\0\0\0\0\x04\0\0\0\x24\0\0\0\xb0\x15\0\0\0\0\0\0\x04\0\0\0\x24\0\0\
\0\xc0\x15\0\0\0\0\0\0\x04\0\0\0\x24\0\0\0\xd0\x15\0\0\0\0\0\0\x04\0\0\0\x24\0\
\0\0\xe0\x15\0\0\0\0\0\0\x04\0\0\0\x24\0\0\0\xf0\x15\0\0\0\0\0\0\x04\0\0\0\x24\
\0\0\0\0\x16\0\0\0\0\0\0\x04\0\0\0\x24\0\0\0\x10\x16\0\0\0\0\0\0\x04\0\0\0\x24\
\0\0\0\x20\x16\0\0\0\0\0\0\x04\0\0\0\x24\0\0\0\x30\x16\0\0\0\0\0\0\x04\0\0\0\
\x24\0\0\0\x40\x16\0\0\0\0\0\0\x04\0\0\0\x24\0\0\0\x50\x16\0\0\0\0\0\0\x04\0\0\
\0\x24\0\0\0\x60\x16\0\0\0\0\0\0\x04\0\0\0\x24\0\0\0\x70\x16\0\0\0\0\0\0\x04\0\
\0\0\x24\0\0\0\x80\x16\0\0\0\0\0\0\x04\0\0\0\x24\0\0\0\x90\x16\0\0\0\0\0\0\x04\
\0\0\0\x24\0\0\0\xa0\x16\0\0\0\0\0\0\x04\0\0\0\x24\0\0\0\xb0\x16\0\0\0\0\0\0\
\x04\0\0\0\x24\0\0\0\xc0\x16\0\0\0\0\0\0\x04\0\0\0\x24\0\0\0\xd0\x16\0\0\0\0\0\
\0\x04\0\0\0\x24\0\0\0\xe0\x16\0\0\0\0\0\0\x04\0\0\0\x24\0\0\0\xf0\x16\0\0\0\0\
\0\0\x04\0\0\0\x24\0\0\0\0\x17\0\0\0\0\0\0\x04\0\0\0\x24\0\0\0\x10\x17\0\0\0\0\
\0\0\x04\0\0\0\x24\0\0\0\x20\x17\0\0\0\0\0\0\x04\0\0\0\x24\0\0\0\x30\x17\0\0\0\
\0\0\0\x04\0\0\0\x24\0\0\0\x40\x17\0\0\0\0\0\0\x04\0\0\0\x24\0\0\0\x50\x17\0\0\
\0\0\0\0\x04\0\0\0\x24\0\0\0\x60\x17\0\0\0\0\0\0\x04\0\0\0\x24\0\0\0\x70\x17\0\
\0\0\0\0\0\x04\0\0\0\x24\0\0\0\x80\x17\0\0\0\0\0\0\x04\0\0\0\x24\0\0\0\x98\x17\
\0\0\0\0\0\0\x04\0\0\0\x34\0\0\0\xa8\x17\0\0\0\0\0\0\x04\0\0\0\x34\0\0\0\xb8\
\x17\0\0\0\0\0\0\x04\0\0\0\x34\0\0\0\xc8\x17\0\0\0\0\0\0\x04\0\0\0\x34\0\0\0\
\xd8\x17\0\0\0\0\0\0\x04\0\0\0\x34\0\0\0\xe8\x17\0\0\0\0\0\0\x04\0\0\0\x34\0\0\
\0\xf8\x17\0\0\0\0\0\0\x04\0\0\0\x34\0\0\0\x08\x18\0\0\0\0\0\0\x04\0\0\0\x34\0\
\0\0\x18\x18\0\0\0\0\0\0\x04\0\0\0\x34\0\0\0\x28\x18\0\0\0\0\0\0\x04\0\0\0\x34\
\0\0\0\x38\x18\0\0\0\0\0\0\x04\0\0\0\x34\0\0\0\x48\x18\0\0\0\0\0\0\x04\0\0\0\
\x34\0\0\0\x58\x18\0\0\0\0\0\0\x04\0\0\0\x34\0\0\0\x68\x18\0\0\0\0\0\0\x04\0\0\
\0\x34\0\0\0\x78\x18\0\0\0\0\0\0\x04\0\0\0\x34\0\0\0\x88\x18\0\0\0\0\0\0\x04\0\
\0\0\x34\0\0\0\x98\x18\0\0\0\0\0\0\x04\0\0\0\x34\0\0\0\xa8\x18\0\0\0\0\0\0\x04\
\0\0\0\x34\0\0\0\xb8\x18\0\0\0\0\0\0\x04\0\0\0\x34\0\0\0\xc8\x18\0\0\0\0\0\0\
\x04\0\0\0\x34\0\0\0\xd8\x18\0\0\0\0\0\0\x04\0\0\0\x34\0\0\0\xe8\x18\0\0\0\0\0\
\0\x04\0\0\0\x34\0\0\0\xf8\x18\0\0\0\0\0\0\x04\0\0\0\x34\0\0\0\x08\x19\0\0\0\0\
\0\0\x04\0\0\0\x34\0\0\0\x18\x19\0\0\0\0\0\0\x04\0\0\0\x34\0\0\0\x28\x19\0\0\0\
\0\0\0\x04\0\0\0\x34\0\0\0\x38\x19\0\0\0\0\0\0\x04\0\0\0\x34\0\0\0\x48\x19\0\0\
\0\0\0\0\x04\0\0\0\x34\0\0\0\x58\x19\0\0\0\0\0\0\x04\0\0\0\x34\0\0\0\x68\x19\0\
\0\0\0\0\0\x04\0\0\0\x34\0\0\0\x78\x19\0\0\0\0\0\0\x04\0\0\0\x34\0\0\0\x88\x19\
\0\0\0\0\0\0\x04\0\0\0\x34\0\0\0\x98\x19\0\0\0\0\0\0\x04\0\0\0\x34\0\0\0\xa8\
\x19\0\0\0\0\0\0\x04\0\0\0\x34\0\0\0\xb8\x19\0\0\0\0\0\0\x04\0\0\0\x34\0\0\0\
\xc8\x19\0\0\0\0\0\0\x04\0\0\0\x34\0\0\0\xd8\x19\0\0\0\0\0\0\x04\0\0\0\x34\0\0\
\0\xe8\x19\0\0\0\0\0\0\x04\0\0\0\x34\0\0\0\xf8\x19\0\0\0\0\0\0\x04\0\0\0\x34\0\
\0\0\x08\x1a\0\0\0\0\0\0\x04\0\0\0\x34\0\0\0\x18\x1a\0\0\0\0\0\0\x04\0\0\0\x34\
\0\0\0\x28\x1a\0\0\0\0\0\0\x04\0\0\0\x34\0\0\0\x38\x1a\0\0\0\0\0\0\x04\0\0\0\
\x34\0\0\0\x48\x1a\0\0\0\0\0\0\x04\0\0\0\x34\0\0\0\x58\x1a\0\0\0\0\0\0\x04\0\0\
\0\x34\0\0\0\x68\x1a\0\0\0\0\0\0\x04\0\0\0\x34\0\0\0\x78\x1a\0\0\0\0\0\0\x04\0\
\0\0\x34\0\0\0\x88\x1a\0\0\0\0\0\0\x04\0\0\0\x34\0\0\0\x98\x1a\0\0\0\0\0\0\x04\
\0\0\0\x34\0\0\0\xa8\x1a\0\0\0\0\0\0\x04\0\0\0\x34\0\0\0\xb8\x1a\0\0\0\0\0\0\
\x04\0\0\0\x34\0\0\0\xc8\x1a\0\0\0\0\0\0\x04\0\0\0\x34\0\0\0\xd8\x1a\0\0\0\0\0\
\0\x04\0\0\0\x34\0\0\0\xe8\x1a\0\0\0\0\0\0\x04\0\0\0\x34\0\0\0\xf8\x1a\0\0\0\0\
\0\0\x04\0\0\0\x34\0\0\0\x08\x1b\0\0\0\0\0\0\x04\0\0\0\x34\0\0\0\x18\x1b\0\0\0\
\0\0\0\x04\0\0\0\x34\0\0\0\x28\x1b\0\0\0\0\0\0\x04\0\0\0\x34\0\0\0\x38\x1b\0\0\
\0\0\0\0\x04\0\0\0\x34\0\0\0\x48\x1b\0\0\0\0\0\0\x04\0\0\0\x34\0\0\0\x58\x1b\0\
\0\0\0\0\0\x04\0\0\0\x34\0\0\0\x68\x1b\0\0\0\0\0\0\x04\0\0\0\x34\0\0\0\x78\x1b\
\0\0\0\0\0\0\x04\0\0\0\x34\0\0\0\x88\x1b\0\0\0\0\0\0\x04\0\0\0\x34\0\0\0\x98\
\x1b\0\0\0\0\0\0\x04\0\0\0\x34\0\0\0\xa8\x1b\0\0\0\0\0\0\x04\0\0\0\x34\0\0\0\
\xb8\x1b\0\0\0\0\0\0\x04\0\0\0\x34\0\0\0\xc8\x1b\0\0\0\0\0\0\x04\0\0\0\x34\0\0\
\0\xd8\x1b\0\0\0\0\0\0\x04\0\0\0\x34\0\0\0\xe8\x1b\0\0\0\0\0\0\x04\0\0\0\x34\0\
\0\0\xf8\x1b\0\0\0\0\0\0\x04\0\0\0\x34\0\0\0\x08\x1c\0\0\0\0\0\0\x04\0\0\0\x34\
\0\0\0\x18\x1c\0\0\0\0\0\0\x04\0\0\0\x34\0\0\0\x28\x1c\0\0\0\0\0\0\x04\0\0\0\
\x34\0\0\0\x38\x1c\0\0\0\0\0\0\x04\0\0\0\x34\0\0\0\x48\x1c\0\0\0\0\0\0\x04\0\0\
\0\x34\0\0\0\x58\x1c\0\0\0\0\0\0\x04\0\0\0\x34\0\0\0\x68\x1c\0\0\0\0\0\0\x04\0\
\0\0\x34\0\0\0\x78\x1c\0\0\0\0\0\0\x04\0\0\0\x34\0\0\0\x88\x1c\0\0\0\0\0\0\x04\
\0\0\0\x34\0\0\0\x98\x1c\0\0\0\0\0\0\x04\0\0\0\x34\0\0\0\xa8\x1c\0\0\0\0\0\0\
\x04\0\0\0\x34\0\0\0\xb8\x1c\0\0\0\0\0\0\x04\0\0\0\x34\0\0\0\xc8\x1c\0\0\0\0\0\
\0\x04\0\0\0\x34\0\0\0\xd8\x1c\0\0\0\0\0\0\x04\0\0\0\x34\0\0\0\xe8\x1c\0\0\0\0\
\0\0\x04\0\0\0\x34\0\0\0\xf8\x1c\0\0\0\0\0\0\x04\0\0\0\x34\0\0\0\x08\x1d\0\0\0\
\0\0\0\x04\0\0\0\x34\0\0\0\x18\x1d\0\0\0\0\0\0\x04\0\0\0\x34\0\0\0\x28\x1d\0\0\
\0\0\0\0\x04\0\0\0\x34\0\0\0\x38\x1d\0\0\0\0\0\0\x04\0\0\0\x34\0\0\0\x48\x1d\0\
\0\0\0\0\0\x04\0\0\0\x34\0\0\0\x58\x1d\0\0\0\0\0\0\x04\0\0\0\x34\0\0\0\x68\x1d\
\0\0\0\0\0\0\x04\0\0\0\x34\0\0\0\x78\x1d\0\0\0\0\0\0\x04\0\0\0\x34\0\0\0\x88\
\x1d\0\0\0\0\0\0\x04\0\0\0\x34\0\0\0\x98\x1d\0\0\0\0\0\0\x04\0\0\0\x34\0\0\0\
\xa8\x1d\0\0\0\0\0\0\x04\0\0\0\x34\0\0\0\xb8\x1d\0\0\0\0\0\0\x04\0\0\0\x34\0\0\
\0\xc8\x1d\0\0\0\0\0\0\x04\0\0\0\x34\0\0\0\xd8\x1d\0\0\0\0\0\0\x04\0\0\0\x34\0\
\0\0\xe8\x1d\0\0\0\0\0\0\x04\0\0\0\x34\0\0\0\xf8\x1d\0\0\0\0\0\0\x04\0\0\0\x34\
\0\0\0\x08\x1e\0\0\0\0\0\0\x04\0\0\0\x34\0\0\0\x18\x1e\0\0\0\0\0\0\x04\0\0\0\
\x34\0\0\0\x28\x1e\0\0\0\0\0\0\x04\0\0\0\x34\0\0\0\x38\x1e\0\0\0\0\0\0\x04\0\0\
\0\x34\0\0\0\x48\x1e\0\0\0\0\0\0\x04\0\0\0\x34\0\0\0\x58\x1e\0\0\0\0\0\0\x04\0\
\0\0\x34\0\0\0\x68\x1e\0\0\0\0\0\0\x04\0\0\0\x34\0\0\0\x78\x1e\0\0\0\0\0\0\x04\
\0\0\0\x34\0\0\0\x88\x1e\0\0\0\0\0\0\x04\0\0\0\x34\0\0\0\x98\x1e\0\0\0\0\0\0\
\x04\0\0\0\x34\0\0\0\xa8\x1e\0\0\0\0\0\0\x04\0\0\0\x34\0\0\0\xb8\x1e\0\0\0\0\0\
\0\x04\0\0\0\x34\0\0\0\xc8\x1e\0\0\0\0\0\0\x04\0\0\0\x34\0\0\0\xd8\x1e\0\0\0\0\
\0\0\x04\0\0\0\x34\0\0\0\xe8\x1e\0\0\0\0\0\0\x04\0\0\0\x34\0\0\0\xf8\x1e\0\0\0\
\0\0\0\x04\0\0\0\x34\0\0\0\x08\x1f\0\0\0\0\0\0\x04\0\0\0\x34\0\0\0\x18\x1f\0\0\
\0\0\0\0\x04\0\0\0\x34\0\0\0\x28\x1f\0\0\0\0\0\0\x04\0\0\0\x34\0\0\0\x38\x1f\0\
\0\0\0\0\0\x04\0\0\0\x34\0\0\0\x48\x1f\0\0\0\0\0\0\x04\0\0\0\x34\0\0\0\x58\x1f\
\0\0\0\0\0\0\x04\0\0\0\x34\0\0\0\x68\x1f\0\0\0\0\0\0\x04\0\0\0\x34\0\0\0\x78\
\x1f\0\0\0\0\0\0\x04\0\0\0\x34\0\0\0\x88\x1f\0\0\0\0\0\0\x04\0\0\0\x34\0\0\0\
\x98\x1f\0\0\0\0\0\0\x04\0\0\0\x34\0\0\0\xa8\x1f\0\0\0\0\0\0\x04\0\0\0\x34\0\0\
\0\xb8\x1f\0\0\0\0\0\0\x04\0\0\0\x34\0\0\0\xc8\x1f\0\0\0\0\0\0\x04\0\0\0\x34\0\
\0\0\xd8\x1f\0\0\0\0\0\0\x04\0\0\0\x34\0\0\0\xe8\x1f\0\0\0\0\0\0\x04\0\0\0\x34\
\0\0\0\xf8\x1f\0\0\0\0\0\0\x04\0\0\0\x34\0\0\0\x08\x20\0\0\0\0\0\0\x04\0\0\0\
\x34\0\0\0\x18\x20\0\0\0\0\0\0\x04\0\0\0\x34\0\0\0\x28\x20\0\0\0\0\0\0\x04\0\0\
\0\x34\0\0\0\x38\x20\0\0\0\0\0\0\x04\0\0\0\x34\0\0\0\x48\x20\0\0\0\0\0\0\x04\0\
\0\0\x34\0\0\0\x58\x20\0\0\0\0\0\0\x04\0\0\0\x34\0\0\0\x68\x20\0\0\0\0\0\0\x04\
\0\0\0\x34\0\0\0\x78\x20\0\0\0\0\0\0\x04\0\0\0\x34\0\0\0\x88\x20\0\0\0\0\0\0\
\x04\0\0\0\x34\0\0\0\x98\x20\0\0\0\0\0\0\x04\0\0\0\x34\0\0\0\xa8\x20\0\0\0\0\0\
\0\x04\0\0\0\x34\0\0\0\xb8\x20\0\0\0\0\0\0\x04\0\0\0\x34\0\0\0\xc8\x20\0\0\0\0\
\0\0\x04\0\0\0\x34\0\0\0\xd8\x20\0\0\0\0\0\0\x04\0\0\0\x34\0\0\0\xe8\x20\0\0\0\
\0\0\0\x04\0\0\0\x34\0\0\0\xf8\x20\0\0\0\0\0\0\x04\0\0\0\x34\0\0\0\x08\x21\0\0\
\0\0\0\0\x04\0\0\0\x34\0\0\0\x18\x21\0\0\0\0\0\0\x04\0\0\0\x34\0\0\0\x28\x21\0\
\0\0\0\0\0\x04\0\0\0\x34\0\0\0\x38\x21\0\0\0\0\0\0\x04\0\0\0\x34\0\0\0\x48\x21\
\0\0\0\0\0\0\x04\0\0\0\x34\0\0\0\x58\x21\0\0\0\0\0\0\x04\0\0\0\x34\0\0\0\x68\
\x21\0\0\0\0\0\0\x04\0\0\0\x34\0\0\0\x78\x21\0\0\0\0\0\0\x04\0\0\0\x34\0\0\0\
\x88\x21\0\0\0\0\0\0\x04\0\0\0\x34\0\0\0\x98\x21\0\0\0\0\0\0\x04\0\0\0\x34\0\0\
\0\xa8\x21\0\0\0\0\0\0\x04\0\0\0\x34\0\0\0\xb8\x21\0\0\0\0\0\0\x04\0\0\0\x34\0\
\0\0\xc8\x21\0\0\0\0\0\0\x04\0\0\0\x34\0\0\0\xd8\x21\0\0\0\0\0\0\x04\0\0\0\x34\
\0\0\0\xe8\x21\0\0\0\0\0\0\x04\0\0\0\x34\0\0\0\xf8\x21\0\0\0\0\0\0\x04\0\0\0\
\x34\0\0\0\x08\x22\0\0\0\0\0\0\x04\0\0\0\x34\0\0\0\x18\x22\0\0\0\0\0\0\x04\0\0\
\0\x34\0\0\0\x28\x22\0\0\0\0\0\0\x04\0\0\0\x34\0\0\0\x38\x22\0\0\0\0\0\0\x04\0\
\0\0\x34\0\0\0\x48\x22\0\0\0\0\0\0\x04\0\0\0\x34\0\0\0\x58\x22\0\0\0\0\0\0\x04\
\0\0\0\x34\0\0\0\x70\x22\0\0\0\0\0\0\x04\0\0\0\x4f\0\0\0\x80\x22\0\0\0\0\0\0\
\x04\0\0\0\x4f\0\0\0\x90\x22\0\0\0\0\0\0\x04\0\0\0\x4f\0\0\0\xa0\x22\0\0\0\0\0\
\0\x04\0\0\0\x4f\0\0\0\xb0\x22\0\0\0\0\0\0\x04\0\0\0\x4f\0\0\0\xc0\x22\0\0\0\0\
\0\0\x04\0\0\0\x4f\0\0\0\xd0\x22\0\0\0\0\0\0\x04\0\0\0\x4f\0\0\0\xe0\x22\0\0\0\
\0\0\0\x04\0\0\0\x4f\0\0\0\xf0\x22\0\0\0\0\0\0\x04\0\0\0\x4f\0\0\0\0\x23\0\0\0\
\0\0\0\x04\0\0\0\x4f\0\0\0\x10\x23\0\0\0\0\0\0\x04\0\0\0\x4f\0\0\0\x20\x23\0\0\
\0\0\0\0\x04\0\0\0\x4f\0\0\0\x30\x23\0\0\0\0\0\0\x04\0\0\0\x4f\0\0\0\x40\x23\0\
\0\0\0\0\0\x04\0\0\0\x4f\0\0\0\x50\x23\0\0\0\0\0\0\x04\0\0\0\x4f\0\0\0\x60\x23\
\0\0\0\0\0\0\x04\0\0\0\x4f\0\0\0\x70\x23\0\0\0\0\0\0\x04\0\0\0\x4f\0\0\0\x80\
\x23\0\0\0\0\0\0\x04\0\0\0\x4f\0\0\0\x90\x23\0\0\0\0\0\0\x04\0\0\0\x4f\0\0\0\
\xa0\x23\0\0\0\0\0\0\x04\0\0\0\x4f\0\0\0\xb0\x23\0\0\0\0\0\0\x04\0\0\0\x4f\0\0\
\0\xc0\x23\0\0\0\0\0\0\x04\0\0\0\x4f\0\0\0\xd0\x23\0\0\0\0\0\0\x04\0\0\0\x4f\0\
\0\0\xe0\x23\0\0\0\0\0\0\x04\0\0\0\x4f\0\0\0\xf0\x23\0\0\0\0\0\0\x04\0\0\0\x4f\
\0\0\0\0\x24\0\0\0\0\0\0\x04\0\0\0\x4f\0\0\0\x10\x24\0\0\0\0\0\0\x04\0\0\0\x4f\
\0\0\0\x20\x24\0\0\0\0\0\0\x04\0\0\0\x4f\0\0\0\x30\x24\0\0\0\0\0\0\x04\0\0\0\
\x4f\0\0\0\x40\x24\0\0\0\0\0\0\x04\0\0\0\x4f\0\0\0\x50\x24\0\0\0\0\0\0\x04\0\0\
\0\x4f\0\0\0\x60\x24\0\0\0\0\0\0\x04\0\0\0\x4f\0\0\0\x70\x24\0\0\0\0\0\0\x04\0\
\0\0\x4f\0\0\0\x80\x24\0\0\0\0\0\0\x04\0\0\0\x4f\0\0\0\x90\x24\0\0\0\0\0\0\x04\
\0\0\0\x4f\0\0\0\xa0\x24\0\0\0\0\0\0\x04\0\0\0\x4f\0\0\0\xb0\x24\0\0\0\0\0\0\
\x04\0\0\0\x4f\0\0\0\xc0\x24\0\0\0\0\0\0\x04\0\0\0\x4f\0\0\0\xd0\x24\0\0\0\0\0\
\0\x04\0\0\0\x4f\0\0\0\xe0\x24\0\0\0\0\0\0\x04\0\0\0\x4f\0\0\0\xf0\x24\0\0\0\0\
\0\0\x04\0\0\0\x4f\0\0\0\0\x25\0\0\0\0\0\0\x04\0\0\0\x4f\0\0\0\x10\x25\0\0\0\0\
\0\0\x04\0\0\0\x4f\0\0\0\x20\x25\0\0\0\0\0\0\x04\0\0\0\x4f\0\0\0\x30\x25\0\0\0\
\0\0\0\x04\0\0\0\x4f\0\0\0\x40\x25\0\0\0\0\0\0\x04\0\0\0\x4f\0\0\0\x50\x25\0\0\
\0\0\0\0\x04\0\0\0\x4f\0\0\0\x60\x25\0\0\0\0\0\0\x04\0\0\0\x4f\0\0\0\x70\x25\0\
\0\0\0\0\0\x04\0\0\0\x4f\0\0\0\x80\x25\0\0\0\0\0\0\x04\0\0\0\x4f\0\0\0\x90\x25\
\0\0\0\0\0\0\x04\0\0\0\x4f\0\0\0\xa0\x25\0\0\0\0\0\0\x04\0\0\0\x4f\0\0\0\xb0\
\x25\0\0\0\0\0\0\x04\0\0\0\x4f\0\0\0\xc0\x25\0\0\0\0\0\0\x04\0\0\0\x4f\0\0\0\
\xd0\x25\0\0\0\0\0\0\x04\0\0\0\x4f\0\0\0\xe0\x25\0\0\0\0\0\0\x04\0\0\0\x4f\0\0\
\0\xf0\x25\0\0\0\0\0\0\x04\0\0\0\x4f\0\0\0\0\x26\0\0\0\0\0\0\x04\0\0\0\x4f\0\0\
\0\x10\x26\0\0\0\0\0\0\x04\0\0\0\x4f\0\0\0\x20\x26\0\0\0\0\0\0\x04\0\0\0\x4f\0\
\0\0\x30\x26\0\0\0\0\0\0\x04\0\0\0\x4f\0\0\0\x40\x26\0\0\0\0\0\0\x04\0\0\0\x4f\
\0\0\0\x50\x26\0\0\0\0\0\0\x04\0\0\0\x4f\0\0\0\x60\x26\0\0\0\0\0\0\x04\0\0\0\
\x4f\0\0\0\x70\x26\0\0\0\0\0\0\x04\0\0\0\x4f\0\0\0\x80\x26\0\0\0\0\0\0\x04\0\0\
\0\x4f\0\0\0\x90\x26\0\0\0\0\0\0\x04\0\0\0\x4f\0\0\0\xa0\x26\0\0\0\0\0\0\x04\0\
\0\0\x4f\0\0\0\xb0\x26\0\0\0\0\0\0\x04\0\0\0\x4f\0\0\0\xc0\x26\0\0\0\0\0\0\x04\
\0\0\0\x4f\0\0\0\xd0\x26\0\0\0\0\0\0\x04\0\0\0\x4f\0\0\0\xe0\x26\0\0\0\0\0\0\
\x04\0\0\0\x4f\0\0\0\xf0\x26\0\0\0\0\0\0\x04\0\0\0\x4f\0\0\0\0\x27\0\0\0\0\0\0\
\x04\0\0\0\x4f\0\0\0\x10\x27\0\0\0\0\0\0\x04\0\0\0\x4f\0\0\0\x20\x27\0\0\0\0\0\
\0\x04\0\0\0\x4f\0\0\0\x30\x27\0\0\0\0\0\0\x04\0\0\0\x4f\0\0\0\x40\x27\0\0\0\0\
\0\0\x04\0\0\0\x4f\0\0\0\x50\x27\0\0\0\0\0\0\x04\0\0\0\x4f\0\0\0\x60\x27\0\0\0\
\0\0\0\x04\0\0\0\x4f\0\0\0\x70\x27\0\0\0\0\0\0\x04\0\0\0\x4f\0\0\0\x80\x27\0\0\
\0\0\0\0\x04\0\0\0\x4f\0\0\0\x90\x27\0\0\0\0\0\0\x04\0\0\0\x4f\0\0\0\xa0\x27\0\
\0\0\0\0\0\x04\0\0\0\x4f\0\0\0\xb0\x27\0\0\0\0\0\0\x04\0\0\0\x4f\0\0\0\xc0\x27\
\0\0\0\0\0\0\x04\0\0\0\x4f\0\0\0\xd0\x27\0\0\0\0\0\0\x04\0\0\0\x4f\0\0\0\xe0\
\x27\0\0\0\0\0\0\x04\0\0\0\x4f\0\0\0\xf0\x27\0\0\0\0\0\0\x04\0\0\0\x4f\0\0\0\0\
\x28\0\0\0\0\0\0\x04\0\0\0\x4f\0\0\0\x10\x28\0\0\0\0\0\0\x04\0\0\0\x4f\0\0\0\
\x20\x28\0\0\0\0\0\0\x04\0\0\0\x4f\0\0\0\x30\x28\0\0\0\0\0\0\x04\0\0\0\x4f\0\0\
\0\x40\x28\0\0\0\0\0\0\x04\0\0\0\x4f\0\0\0\x50\x28\0\0\0\0\0\0\x04\0\0\0\x4f\0\
\0\0\x60\x28\0\0\0\0\0\0\x04\0\0\0\x4f\0\0\0\x70\x28\0\0\0\0\0\0\x04\0\0\0\x4f\
\0\0\0\x80\x28\0\0\0\0\0\0\x04\0\0\0\x4f\0\0\0\x90\x28\0\0\0\0\0\0\x04\0\0\0\
\x4f\0\0\0\xa0\x28\0\0\0\0\0\0\x04\0\0\0\x4f\0\0\0\xb0\x28\0\0\0\0\0\0\x04\0\0\
\0\x4f\0\0\0\xc0\x28\0\0\0\0\0\0\x04\0\0\0\x4f\0\0\0\xd0\x28\0\0\0\0\0\0\x04\0\
\0\0\x4f\0\0\0\xe0\x28\0\0\0\0\0\0\x04\0\0\0\x4f\0\0\0\xf0\x28\0\0\0\0\0\0\x04\
\0\0\0\x4f\0\0\0\0\x29\0\0\0\0\0\0\x04\0\0\0\x4f\0\0\0\x10\x29\0\0\0\0\0\0\x04\
\0\0\0\x4f\0\0\0\x20\x29\0\0\0\0\0\0\x04\0\0\0\x4f\0\0\0\x30\x29\0\0\0\0\0\0\
\x04\0\0\0\x4f\0\0\0\x40\x29\0\0\0\0\0\0\x04\0\0\0\x4f\0\0\0\x50\x29\0\0\0\0\0\
\0\x04\0\0\0\x4f\0\0\0\x60\x29\0\0\0\0\0\0\x04\0\0\0\x4f\0\0\0\x70\x29\0\0\0\0\
\0\0\x04\0\0\0\x4f\0\0\0\x80\x29\0\0\0\0\0\0\x04\0\0\0\x4f\0\0\0\x90\x29\0\0\0\
\0\0\0\x04\0\0\0\x4f\0\0\0\xa0\x29\0\0\0\0\0\0\x04\0\0\0\x4f\0\0\0\xb0\x29\0\0\
\0\0\0\0\x04\0\0\0\x4f\0\0\0\xc0\x29\0\0\0\0\0\0\x04\0\0\0\x4f\0\0\0\xd0\x29\0\
\0\0\0\0\0\x04\0\0\0\x4f\0\0\0\xe0\x29\0\0\0\0\0\0\x04\0\0\0\x4f\0\0\0\xf0\x29\
\0\0\0\0\0\0\x04\0\0\0\x4f\0\0\0\0\x2a\0\0\0\0\0\0\x04\0\0\0\x4f\0\0\0\x10\x2a\
\0\0\0\0\0\0\x04\0\0\0\x4f\0\0\0\x20\x2a\0\0\0\0\0\0\x04\0\0\0\x4f\0\0\0\x30\
\x2a\0\0\0\0\0\0\x04\0\0\0\x4f\0\0\0\x40\x2a\0\0\0\0\0\0\x04\0\0\0\x4f\0\0\0\
\x50\x2a\0\0\0\0\0\0\x04\0\0\0\x4f\0\0\0\x60\x2a\0\0\0\0\0\0\x04\0\0\0\x4f\0\0\
\0\x70\x2a\0\0\0\0\0\0\x04\0\0\0\x4f\0\0\0\x80\x2a\0\0\0\0\0\0\x04\0\0\0\x4f\0\
\0\0\x90\x2a\0\0\0\0\0\0\x04\0\0\0\x4f\0\0\0\xa0\x2a\0\0\0\0\0\0\x04\0\0\0\x4f\
\0\0\0\xb0\x2a\0\0\0\0\0\0\x04\0\0\0\x4f\0\0\0\xc0\x2a\0\0\0\0\0\0\x04\0\0\0\
\x4f\0\0\0\xd0\x2a\0\0\0\0\0\0\x04\0\0\0\x4f\0\0\0\xe0\x2a\0\0\0\0\0\0\x04\0\0\
\0\x4f\0\0\0\xf0\x2a\0\0\0\0\0\0\x04\0\0\0\x4f\0\0\0\0\x2b\0\0\0\0\0\0\x04\0\0\
\0\x4f\0\0\0\x10\x2b\0\0\0\0\0\0\x04\0\0\0\x4f\0\0\0\x20\x2b\0\0\0\0\0\0\x04\0\
\0\0\x4f\0\0\0\x30\x2b\0\0\0\0\0\0\x04\0\0\0\x4f\0\0\0\x40\x2b\0\0\0\0\0\0\x04\
\0\0\0\x4f\0\0\0\x50\x2b\0\0\0\0\0\0\x04\0\0\0\x4f\0\0\0\x60\x2b\0\0\0\0\0\0\
\x04\0\0\0\x4f\0\0\0\x70\x2b\0\0\0\0\0\0\x04\0\0\0\x4f\0\0\0\x80\x2b\0\0\0\0\0\
\0\x04\0\0\0\x4f\0\0\0\x90\x2b\0\0\0\0\0\0\x04\0\0\0\x4f\0\0\0\xa0\x2b\0\0\0\0\
\0\0\x04\0\0\0\x4f\0\0\0\xb0\x2b\0\0\0\0\0\0\x04\0\0\0\x4f\0\0\0\xc0\x2b\0\0\0\
\0\0\0\x04\0\0\0\x4f\0\0\0\xd0\x2b\0\0\0\0\0\0\x04\0\0\0\x4f\0\0\0\xe0\x2b\0\0\
\0\0\0\0\x04\0\0\0\x4f\0\0\0\xf0\x2b\0\0\0\0\0\0\x04\0\0\0\x4f\0\0\0\0\x2c\0\0\
\0\0\0\0\x04\0\0\0\x4f\0\0\0\x10\x2c\0\0\0\0\0\0\x04\0\0\0\x4f\0\0\0\x20\x2c\0\
\0\0\0\0\0\x04\0\0\0\x4f\0\0\0\x30\x2c\0\0\0\0\0\0\x04\0\0\0\x4f\0\0\0\x40\x2c\
\0\0\0\0\0\0\x04\0\0\0\x4f\0\0\0\x50\x2c\0\0\0\0\0\0\x04\0\0\0\x4f\0\0\0\x60\
\x2c\0\0\0\0\0\0\x04\0\0\0\x4f\0\0\0\x70\x2c\0\0\0\0\0\0\x04\0\0\0\x4f\0\0\0\
\x80\x2c\0\0\0\0\0\0\x04\0\0\0\x4f\0\0\0\x90\x2c\0\0\0\0\0\0\x04\0\0\0\x4f\0\0\
\0\xa0\x2c\0\0\0\0\0\0\x04\0\0\0\x4f\0\0\0\xb0\x2c\0\0\0\0\0\0\x04\0\0\0\x4f\0\
\0\0\xc0\x2c\0\0\0\0\0\0\x04\0\0\0\x4f\0\0\0\xd0\x2c\0\0\0\0\0\0\x04\0\0\0\x4f\
\0\0\0\xe0\x2c\0\0\0\0\0\0\x04\0\0\0\x4f\0\0\0\xf0\x2c\0\0\0\0\0\0\x04\0\0\0\
\x4f\0\0\0\0\x2d\0\0\0\0\0\0\x04\0\0\0\x4f\0\0\0\x10\x2d\0\0\0\0\0\0\x04\0\0\0\
\x4f\0\0\0\x20\x2d\0\0\0\0\0\0\x04\0\0\0\x4f\0\0\0\x30\x2d\0\0\0\0\0\0\x04\0\0\
\0\x4f\0\0\0\x48\x2d\0\0\0\0\0\0\x04\0\0\0\x6a\0\0\0\x58\x2d\0\0\0\0\0\0\x04\0\
\0\0\x6a\0\0\0\x68\x2d\0\0\0\0\0\0\x04\0\0\0\x6a\0\0\0\x78\x2d\0\0\0\0\0\0\x04\
\0\0\0\x6a\0\0\0\x88\x2d\0\0\0\0\0\0\x04\0\0\0\x6a\0\0\0\x98\x2d\0\0\0\0\0\0\
\x04\0\0\0\x6a\0\0\0\xa8\x2d\0\0\0\0\0\0\x04\0\0\0\x6a\0\0\0\xb8\x2d\0\0\0\0\0\
\0\x04\0\0\0\x6a\0\0\0\xc8\x2d\0\0\0\0\0\0\x04\0\0\0\x6a\0\0\0\xd8\x2d\0\0\0\0\
\0\0\x04\0\0\0\x6a\0\0\0\xe8\x2d\0\0\0\0\0\0\x04\0\0\0\x6a\0\0\0\xf8\x2d\0\0\0\
\0\0\0\x04\0\0\0\x6a\0\0\0\x08\x2e\0\0\0\0\0\0\x04\0\0\0\x6a\0\0\0\x18\x2e\0\0\
\0\0\0\0\x04\0\0\0\x6a\0\0\0\x28\x2e\0\0\0\0\0\0\x04\0\0\0\x6a\0\0\0\x38\x2e\0\
\0\0\0\0\0\x04\0\0\0\x6a\0\0\0\x48\x2e\0\0\0\0\0\0\x04\0\0\0\x6a\0\0\0\x58\x2e\
\0\0\0\0\0\0\x04\0\0\0\x6a\0\0\0\x68\x2e\0\0\0\0\0\0\x04\0\0\0\x6a\0\0\0\x78\
\x2e\0\0\0\0\0\0\x04\0\0\0\x6a\0\0\0\x88\x2e\0\0\0\0\0\0\x04\0\0\0\x6a\0\0\0\
\x98\x2e\0\0\0\0\0\0\x04\0\0\0\x6a\0\0\0\xa8\x2e\0\0\0\0\0\0\x04\0\0\0\x6a\0\0\
\0\xb8\x2e\0\0\0\0\0\0\x04\0\0\0\x6a\0\0\0\xc8\x2e\0\0\0\0\0\0\x04\0\0\0\x6a\0\
\0\0\xd8\x2e\0\0\0\0\0\0\x04\0\0\0\x6a\0\0\0\xe8\x2e\0\0\0\0\0\0\x04\0\0\0\x6a\
\0\0\0\xf8\x2e\0\0\0\0\0\0\x04\0\0\0\x6a\0\0\0\x08\x2f\0\0\0\0\0\0\x04\0\0\0\
\x6a\0\0\0\x18\x2f\0\0\0\0\0\0\x04\0\0\0\x6a\0\0\0\x28\x2f\0\0\0\0\0\0\x04\0\0\
\0\x6a\0\0\0\x38\x2f\0\0\0\0\0\0\x04\0\0\0\x6a\0\0\0\x48\x2f\0\0\0\0\0\0\x04\0\
\0\0\x6a\0\0\0\x58\x2f\0\0\0\0\0\0\x04\0\0\0\x6a\0\0\0\x68\x2f\0\0\0\0\0\0\x04\
\0\0\0\x6a\0\0\0\x78\x2f\0\0\0\0\0\0\x04\0\0\0\x6a\0\0\0\x88\x2f\0\0\0\0\0\0\
\x04\0\0\0\x6a\0\0\0\x98\x2f\0\0\0\0\0\0\x04\0\0\0\x6a\0\0\0\xa8\x2f\0\0\0\0\0\
\0\x04\0\0\0\x6a\0\0\0\xb8\x2f\0\0\0\0\0\0\x04\0\0\0\x6a\0\0\0\xc8\x2f\0\0\0\0\
\0\0\x04\0\0\0\x6a\0\0\0\xd8\x2f\0\0\0\0\0\0\x04\0\0\0\x6a\0\0\0\xe8\x2f\0\0\0\
\0\0\0\x04\0\0\0\x6a\0\0\0\xf8\x2f\0\0\0\0\0\0\x04\0\0\0\x6a\0\0\0\x08\x30\0\0\
\0\0\0\0\x04\0\0\0\x6a\0\0\0\x18\x30\0\0\0\0\0\0\x04\0\0\0\x6a\0\0\0\x28\x30\0\
\0\0\0\0\0\x04\0\0\0\x6a\0\0\0\x38\x30\0\0\0\0\0\0\x04\0\0\0\x6a\0\0\0\x48\x30\
\0\0\0\0\0\0\x04\0\0\0\x6a\0\0\0\x60\x30\0\0\0\0\0\0\x04\0\0\0\x7a\0\0\0\x70\
\x30\0\0\0\0\0\0\x04\0\0\0\x7a\0\0\0\x80\x30\0\0\0\0\0\0\x04\0\0\0\x7a\0\0\0\
\x90\x30\0\0\0\0\0\0\x04\0\0\0\x7a\0\0\0\xa0\x30\0\0\0\0\0\0\x04\0\0\0\x7a\0\0\
\0\xb0\x30\0\0\0\0\0\0\x04\0\0\0\x7a\0\0\0\xc0\x30\0\0\0\0\0\0\x04\0\0\0\x7a\0\
\0\0\xd0\x30\0\0\0\0\0\0\x04\0\0\0\x7a\0\0\0\xe0\x30\0\0\0\0\0\0\x04\0\0\0\x7a\
\0\0\0\xf0\x30\0\0\0\0\0\0\x04\0\0\0\x7a\0\0\0\0\x31\0\0\0\0\0\0\x04\0\0\0\x7a\
\0\0\0\x10\x31\0\0\0\0\0\0\x04\0\0\0\x7a\0\0\0\x20\x31\0\0\0\0\0\0\x04\0\0\0\
\x7a\0\0\0\x30\x31\0\0\0\0\0\0\x04\0\0\0\x7a\0\0\0\x40\x31\0\0\0\0\0\0\x04\0\0\
\0\x7a\0\0\0\x50\x31\0\0\0\0\0\0\x04\0\0\0\x7a\0\0\0\x60\x31\0\0\0\0\0\0\x04\0\
\0\0\x7a\0\0\0\x70\x31\0\0\0\0\0\0\x04\0\0\0\x7a\0\0\0\x80\x31\0\0\0\0\0\0\x04\
\0\0\0\x7a\0\0\0\x90\x31\0\0\0\0\0\0\x04\0\0\0\x7a\0\0\0\xa0\x31\0\0\0\0\0\0\
\x04\0\0\0\x7a\0\0\0\xb0\x31\0\0\0\0\0\0\x04\0\0\0\x7a\0\0\0\xc0\x31\0\0\0\0\0\
\0\x04\0\0\0\x7a\0\0\0\xd0\x31\0\0\0\0\0\0\x04\0\0\0\x7a\0\0\0\xe0\x31\0\0\0\0\
\0\0\x04\0\0\0\x7a\0\0\0\xf0\x31\0\0\0\0\0\0\x04\0\0\0\x7a\0\0\0\0\x32\0\0\0\0\
\0\0\x04\0\0\0\x7a\0\0\0\x10\x32\0\0\0\0\0\0\x04\0\0\0\x7a\0\0\0\x20\x32\0\0\0\
\0\0\0\x04\0\0\0\x7a\0\0\0\x30\x32\0\0\0\0\0\0\x04\0\0\0\x7a\0\0\0\x40\x32\0\0\
\0\0\0\0\x04\0\0\0\x7a\0\0\0\x50\x32\0\0\0\0\0\0\x04\0\0\0\x7a\0\0\0\x60\x32\0\
\0\0\0\0\0\x04\0\0\0\x7a\0\0\0\x70\x32\0\0\0\0\0\0\x04\0\0\0\x7a\0\0\0\x80\x32\
\0\0\0\0\0\0\x04\0\0\0\x7a\0\0\0\x90\x32\0\0\0\0\0\0\x04\0\0\0\x7a\0\0\0\xa0\
\x32\0\0\0\0\0\0\x04\0\0\0\x7a\0\0\0\xb0\x32\0\0\0\0\0\0\x04\0\0\0\x7a\0\0\0\
\xc0\x32\0\0\0\0\0\0\x04\0\0\0\x7a\0\0\0\xd0\x32\0\0\0\0\0\0\x04\0\0\0\x7a\0\0\
\0\xe0\x32\0\0\0\0\0\0\x04\0\0\0\x7a\0\0\0\xf0\x32\0\0\0\0\0\0\x04\0\0\0\x7a\0\
\0\0\0\x33\0\0\0\0\0\0\x04\0\0\0\x7a\0\0\0\x10\x33\0\0\0\0\0\0\x04\0\0\0\x7a\0\
\0\0\x20\x33\0\0\0\0\0\0\x04\0\0\0\x7a\0\0\0\x30\x33\0\0\0\0\0\0\x04\0\0\0\x7a\
\0\0\0\x40\x33\0\0\0\0\0\0\x04\0\0\0\x7a\0\0\0\x50\x33\0\0\0\0\0\0\x04\0\0\0\
\x7a\0\0\0\x60\x33\0\0\0\0\0\0\x04\0\0\0\x7a\0\0\0\x78\x33\0\0\0\0\0\0\x04\0\0\
\0\x89\0\0\0\x88\x33\0\0\0\0\0\0\x04\0\0\0\x89\0\0\0\x98\x33\0\0\0\0\0\0\x04\0\
\0\0\x89\0\0\0\xa8\x33\0\0\0\0\0\0\x04\0\0\0\x89\0\0\0\xb8\x33\0\0\0\0\0\0\x04\
\0\0\0\x89\0\0\0\xd0\x33\0\0\0\0\0\0\x04\0\0\0\x8a\0\0\0\xe0\x33\0\0\0\0\0\0\
\x04\0\0\0\x8a\0\0\0\xf0\x33\0\0\0\0\0\0\x04\0\0\0\x8a\0\0\0\0\x34\0\0\0\0\0\0\
\x04\0\0\0\x8a\0\0\0\x10\x34\0\0\0\0\0\0\x04\0\0\0\x8a\0\0\0\x20\x34\0\0\0\0\0\
\0\x04\0\0\0\x8a\0\0\0\x30\x34\0\0\0\0\0\0\x04\0\0\0\x8a\0\0\0\x40\x34\0\0\0\0\
\0\0\x04\0\0\0\x8a\0\0\0\x50\x34\0\0\0\0\0\0\x04\0\0\0\x8a\0\0\0\x60\x34\0\0\0\
\0\0\0\x04\0\0\0\x8a\0\0\0\x70\x34\0\0\0\0\0\0\x04\0\0\0\x8a\0\0\0\x80\x34\0\0\
\0\0\0\0\x04\0\0\0\x8a\0\0\0\x90\x34\0\0\0\0\0\0\x04\0\0\0\x8a\0\0\0\xa0\x34\0\
\0\0\0\0\0\x04\0\0\0\x8a\0\0\0\xb0\x34\0\0\0\0\0\0\x04\0\0\0\x8a\0\0\0\xc0\x34\
\0\0\0\0\0\0\x04\0\0\0\x8a\0\0\0\xd0\x34\0\0\0\0\0\0\x04\0\0\0\x8a\0\0\0\xe0\
\x34\0\0\0\0\0\0\x04\0\0\0\x8a\0\0\0\xf0\x34\0\0\0\0\0\0\x04\0\0\0\x8a\0\0\0\0\
\x35\0\0\0\0\0\0\x04\0\0\0\x8a\0\0\0\x10\x35\0\0\0\0\0\0\x04\0\0\0\x8a\0\0\0\
\x20\x35\0\0\0\0\0\0\x04\0\0\0\x8a\0\0\0\x30\x35\0\0\0\0\0\0\x04\0\0\0\x8a\0\0\
\0\x40\x35\0\0\0\0\0\0\x04\0\0\0\x8a\0\0\0\x50\x35\0\0\0\0\0\0\x04\0\0\0\x8a\0\
\0\0\x60\x35\0\0\0\0\0\0\x04\0\0\0\x8a\0\0\0\x70\x35\0\0\0\0\0\0\x04\0\0\0\x8a\
\0\0\0\x80\x35\0\0\0\0\0\0\x04\0\0\0\x8a\0\0\0\x90\x35\0\0\0\0\0\0\x04\0\0\0\
\x8a\0\0\0\xa0\x35\0\0\0\0\0\0\x04\0\0\0\x8a\0\0\0\xb0\x35\0\0\0\0\0\0\x04\0\0\
\0\x8a\0\0\0\xc0\x35\0\0\0\0\0\0\x04\0\0\0\x8a\0\0\0\xd0\x35\0\0\0\0\0\0\x04\0\
\0\0\x8a\0\0\0\xe0\x35\0\0\0\0\0\0\x04\0\0\0\x8a\0\0\0\xf0\x35\0\0\0\0\0\0\x04\
\0\0\0\x8a\0\0\0\0\x36\0\0\0\0\0\0\x04\0\0\0\x8a\0\0\0\x10\x36\0\0\0\0\0\0\x04\
\0\0\0\x8a\0\0\0\x20\x36\0\0\0\0\0\0\x04\0\0\0\x8a\0\0\0\x30\x36\0\0\0\0\0\0\
\x04\0\0\0\x8a\0\0\0\x40\x36\0\0\0\0\0\0\x04\0\0\0\x8a\0\0\0\x50\x36\0\0\0\0\0\
\0\x04\0\0\0\x8a\0\0\0\x60\x36\0\0\0\0\0\0\x04\0\0\0\x8a\0\0\0\x70\x36\0\0\0\0\
\0\0\x04\0\0\0\x8a\0\0\0\x80\x36\0\0\0\0\0\0\x04\0\0\0\x8a\0\0\0\x90\x36\0\0\0\
\0\0\0\x04\0\0\0\x8a\0\0\0\xa0\x36\0\0\0\0\0\0\x04\0\0\0\x8a\0\0\0\xb0\x36\0\0\
\0\0\0\0\x04\0\0\0\x8a\0\0\0\xc0\x36\0\0\0\0\0\0\x04\0\0\0\x8a\0\0\0\xd0\x36\0\
\0\0\0\0\0\x04\0\0\0\x8a\0\0\0\xe0\x36\0\0\0\0\0\0\x04\0\0\0\x8a\0\0\0\xf0\x36\
\0\0\0\0\0\0\x04\0\0\0\x8a\0\0\0\0\x37\0\0\0\0\0\0\x04\0\0\0\x8a\0\0\0\x10\x37\
\0\0\0\0\0\0\x04\0\0\0\x8a\0\0\0\x20\x37\0\0\0\0\0\0\x04\0\0\0\x8a\0\0\0\x30\
\x37\0\0\0\0\0\0\x04\0\0\0\x8a\0\0\0\x40\x37\0\0\0\0\0\0\x04\0\0\0\x8a\0\0\0\
\x50\x37\0\0\0\0\0\0\x04\0\0\0\x8a\0\0\0\x60\x37\0\0\0\0\0\0\x04\0\0\0\x8a\0\0\
\0\x70\x37\0\0\0\0\0\0\x04\0\0\0\x8a\0\0\0\x80\x37\0\0\0\0\0\0\x04\0\0\0\x8a\0\
\0\0\x90\x37\0\0\0\0\0\0\x04\0\0\0\x8a\0\0\0\xa0\x37\0\0\0\0\0\0\x04\0\0\0\x8a\
\0\0\0\xb0\x37\0\0\0\0\0\0\x04\0\0\0\x8a\0\0\0\xc0\x37\0\0\0\0\0\0\x04\0\0\0\
\x8a\0\0\0\xd0\x37\0\0\0\0\0\0\x04\0\0\0\x8a\0\0\0\xe0\x37\0\0\0\0\0\0\x04\0\0\
\0\x8a\0\0\0\xf0\x37\0\0\0\0\0\0\x04\0\0\0\x8a\0\0\0\0\x38\0\0\0\0\0\0\x04\0\0\
\0\x8a\0\0\0\x10\x38\0\0\0\0\0\0\x04\0\0\0\x8a\0\0\0\x20\x38\0\0\0\0\0\0\x04\0\
\0\0\x8a\0\0\0\x30\x38\0\0\0\0\0\0\x04\0\0\0\x8a\0\0\0\x40\x38\0\0\0\0\0\0\x04\
\0\0\0\x8a\0\0\0\x50\x38\0\0\0\0\0\0\x04\0\0\0\x8a\0\0\0\x60\x38\0\0\0\0\0\0\
\x04\0\0\0\x8a\0\0\0\x70\x38\0\0\0\0\0\0\x04\0\0\0\x8a\0\0\0\x80\x38\0\0\0\0\0\
\0\x04\0\0\0\x8a\0\0\0\x90\x38\0\0\0\0\0\0\x04\0\0\0\x8a\0\0\0\xa0\x38\0\0\0\0\
\0\0\x04\0\0\0\x8a\0\0\0\xb0\x38\0\0\0\0\0\0\x04\0\0\0\x8a\0\0\0\xc0\x38\0\0\0\
\0\0\0\x04\0\0\0\x8a\0\0\0\xd0\x38\0\0\0\0\0\0\x04\0\0\0\x8a\0\0\0\xe0\x38\0\0\
\0\0\0\0\x04\0\0\0\x8a\0\0\0\xf0\x38\0\0\0\0\0\0\x04\0\0\0\x8a\0\0\0\0\x39\0\0\
\0\0\0\0\x04\0\0\0\x8a\0\0\0\x10\x39\0\0\0\0\0\0\x04\0\0\0\x8a\0\0\0\x20\x39\0\
\0\0\0\0\0\x04\0\0\0\x8a\0\0\0\x30\x39\0\0\0\0\0\0\x04\0\0\0\x8a\0\0\0\x40\x39\
\0\0\0\0\0\0\x04\0\0\0\x8a\0\0\0\x50\x39\0\0\0\0\0\0\x04\0\0\0\x8a\0\0\0\x60\
\x39\0\0\0\0\0\0\x04\0\0\0\x8a\0\0\0\x70\x39\0\0\0\0\0\0\x04\0\0\0\x8a\0\0\0\
\x80\x39\0\0\0\0\0\0\x04\0\0\0\x8a\0\0\0\x90\x39\0\0\0\0\0\0\x04\0\0\0\x8a\0\0\
\0\xa0\x39\0\0\0\0\0\0\x04\0\0\0\x8a\0\0\0\xb0\x39\0\0\0\0\0\0\x04\0\0\0\x8a\0\
\0\0\xc0\x39\0\0\0\0\0\0\x04\0\0\0\x8a\0\0\0\xd0\x39\0\0\0\0\0\0\x04\0\0\0\x8a\
\0\0\0\xe8\x39\0\0\0\0\0\0\x04\0\0\0\x9b\0\0\0\xf8\x39\0\0\0\0\0\0\x04\0\0\0\
\x9b\0\0\0\x08\x3a\0\0\0\0\0\0\x04\0\0\0\x9b\0\0\0\x18\x3a\0\0\0\0\0\0\x04\0\0\
\0\x9b\0\0\0\x28\x3a\0\0\0\0\0\0\x04\0\0\0\x9b\0\0\0\x38\x3a\0\0\0\0\0\0\x04\0\
\0\0\x9b\0\0\0\x48\x3a\0\0\0\0\0\0\x04\0\0\0\x9b\0\0\0\x58\x3a\0\0\0\0\0\0\x04\
\0\0\0\x9b\0\0\0\x68\x3a\0\0\0\0\0\0\x04\0\0\0\x9b\0\0\0\x78\x3a\0\0\0\0\0\0\
\x04\0\0\0\x9b\0\0\0\x88\x3a\0\0\0\0\0\0\x04\0\0\0\x9b\0\0\0\x98\x3a\0\0\0\0\0\
\0\x04\0\0\0\x9b\0\0\0\xa8\x3a\0\0\0\0\0\0\x04\0\0\0\x9b\0\0\0\xb8\x3a\0\0\0\0\
\0\0\x04\0\0\0\x9b\0\0\0\xc8\x3a\0\0\0\0\0\0\x04\0\0\0\x9b\0\0\0\xd8\x3a\0\0\0\
\0\0\0\x04\0\0\0\x9b\0\0\0\xe8\x3a\0\0\0\0\0\0\x04\0\0\0\x9b\0\0\0\xf8\x3a\0\0\
\0\0\0\0\x04\0\0\0\x9b\0\0\0\x08\x3b\0\0\0\0\0\0\x04\0\0\0\x9b\0\0\0\x18\x3b\0\
\0\0\0\0\0\x04\0\0\0\x9b\0\0\0\x28\x3b\0\0\0\0\0\0\x04\0\0\0\x9b\0\0\0\x38\x3b\
\0\0\0\0\0\0\x04\0\0\0\x9b\0\0\0\x48\x3b\0\0\0\0\0\0\x04\0\0\0\x9b\0\0\0\x58\
\x3b\0\0\0\0\0\0\x04\0\0\0\x9b\0\0\0\x68\x3b\0\0\0\0\0\0\x04\0\0\0\x9b\0\0\0\
\x78\x3b\0\0\0\0\0\0\x04\0\0\0\x9b\0\0\0\x88\x3b\0\0\0\0\0\0\x04\0\0\0\x9b\0\0\
\0\x98\x3b\0\0\0\0\0\0\x04\0\0\0\x9b\0\0\0\xa8\x3b\0\0\0\0\0\0\x04\0\0\0\x9b\0\
\0\0\xb8\x3b\0\0\0\0\0\0\x04\0\0\0\x9b\0\0\0\xc8\x3b\0\0\0\0\0\0\x04\0\0\0\x9b\
\0\0\0\xd8\x3b\0\0\0\0\0\0\x04\0\0\0\x9b\0\0\0\xe8\x3b\0\0\0\0\0\0\x04\0\0\0\
\x9b\0\0\0\xf8\x3b\0\0\0\0\0\0\x04\0\0\0\x9b\0\0\0\x08\x3c\0\0\0\0\0\0\x04\0\0\
\0\x9b\0\0\0\x18\x3c\0\0\0\0\0\0\x04\0\0\0\x9b\0\0\0\x28\x3c\0\0\0\0\0\0\x04\0\
\0\0\x9b\0\0\0\x38\x3c\0\0\0\0\0\0\x04\0\0\0\x9b\0\0\0\x48\x3c\0\0\0\0\0\0\x04\
\0\0\0\x9b\0\0\0\x58\x3c\0\0\0\0\0\0\x04\0\0\0\x9b\0\0\0\x68\x3c\0\0\0\0\0\0\
\x04\0\0\0\x9b\0\0\0\x78\x3c\0\0\0\0\0\0\x04\0\0\0\x9b\0\0\0\x88\x3c\0\0\0\0\0\
\0\x04\0\0\0\x9b\0\0\0\x98\x3c\0\0\0\0\0\0\x04\0\0\0\x9b\0\0\0\xa8\x3c\0\0\0\0\
\0\0\x04\0\0\0\x9b\0\0\0\xb8\x3c\0\0\0\0\0\0\x04\0\0\0\x9b\0\0\0\xc8\x3c\0\0\0\
\0\0\0\x04\0\0\0\x9b\0\0\0\xd8\x3c\0\0\0\0\0\0\x04\0\0\0\x9b\0\0\0\xe8\x3c\0\0\
\0\0\0\0\x04\0\0\0\x9b\0\0\0\xf8\x3c\0\0\0\0\0\0\x04\0\0\0\x9b\0\0\0\x08\x3d\0\
\0\0\0\0\0\x04\0\0\0\x9b\0\0\0\x18\x3d\0\0\0\0\0\0\x04\0\0\0\x9b\0\0\0\x28\x3d\
\0\0\0\0\0\0\x04\0\0\0\x9b\0\0\0\x38\x3d\0\0\0\0\0\0\x04\0\0\0\x9b\0\0\0\x48\
\x3d\0\0\0\0\0\0\x04\0\0\0\x9b\0\0\0\x58\x3d\0\0\0\0\0\0\x04\0\0\0\x9b\0\0\0\
\x68\x3d\0\0\0\0\0\0\x04\0\0\0\x9b\0\0\0\x78\x3d\0\0\0\0\0\0\x04\0\0\0\x9b\0\0\
\0\x88\x3d\0\0\0\0\0\0\x04\0\0\0\x9b\0\0\0\x98\x3d\0\0\0\0\0\0\x04\0\0\0\x9b\0\
\0\0\xa8\x3d\0\0\0\0\0\0\x04\0\0\0\x9b\0\0\0\xb8\x3d\0\0\0\0\0\0\x04\0\0\0\x9b\
\0\0\0\xc8\x3d\0\0\0\0\0\0\x04\0\0\0\x9b\0\0\0\xd8\x3d\0\0\0\0\0\0\x04\0\0\0\
\x9b\0\0\0\xe8\x3d\0\0\0\0\0\0\x04\0\0\0\x9b\0\0\0\xf8\x3d\0\0\0\0\0\0\x04\0\0\
\0\x9b\0\0\0\x08\x3e\0\0\0\0\0\0\x04\0\0\0\x9b\0\0\0\x18\x3e\0\0\0\0\0\0\x04\0\
\0\0\x9b\0\0\0\x28\x3e\0\0\0\0\0\0\x04\0\0\0\x9b\0\0\0\x38\x3e\0\0\0\0\0\0\x04\
\0\0\0\x9b\0\0\0\x48\x3e\0\0\0\0\0\0\x04\0\0\0\x9b\0\0\0\x58\x3e\0\0\0\0\0\0\
\x04\0\0\0\x9b\0\0\0\x68\x3e\0\0\0\0\0\0\x04\0\0\0\x9b\0\0\0\x78\x3e\0\0\0\0\0\
\0\x04\0\0\0\x9b\0\0\0\x88\x3e\0\0\0\0\0\0\x04\0\0\0\x9b\0\0\0\x98\x3e\0\0\0\0\
\0\0\x04\0\0\0\x9b\0\0\0\xa8\x3e\0\0\0\0\0\0\x04\0\0\0\x9b\0\0\0\xb8\x3e\0\0\0\
\0\0\0\x04\0\0\0\x9b\0\0\0\xc8\x3e\0\0\0\0\0\0\x04\0\0\0\x9b\0\0\0\xd8\x3e\0\0\
\0\0\0\0\x04\0\0\0\x9b\0\0\0\xe8\x3e\0\0\0\0\0\0\x04\0\0\0\x9b\0\0\0\xf8\x3e\0\
\0\0\0\0\0\x04\0\0\0\x9b\0\0\0\x08\x3f\0\0\0\0\0\0\x04\0\0\0\x9b\0\0\0\x18\x3f\
\0\0\0\0\0\0\x04\0\0\0\x9b\0\0\0\x28\x3f\0\0\0\0\0\0\x04\0\0\0\x9b\0\0\0\x38\
\x3f\0\0\0\0\0\0\x04\0\0\0\x9b\0\0\0\x48\x3f\0\0\0\0\0\0\x04\0\0\0\x9b\0\0\0\
\x58\x3f\0\0\0\0\0\0\x04\0\0\0\x9b\0\0\0\x68\x3f\0\0\0\0\0\0\x04\0\0\0\x9b\0\0\
\0\x78\x3f\0\0\0\0\0\0\x04\0\0\0\x9b\0\0\0\x88\x3f\0\0\0\0\0\0\x04\0\0\0\x9b\0\
\0\0\x98\x3f\0\0\0\0\0\0\x04\0\0\0\x9b\0\0\0\xa8\x3f\0\0\0\0\0\0\x04\0\0\0\x9b\
\0\0\0\xb8\x3f\0\0\0\0\0\0\x04\0\0\0\x9b\0\0\0\xc8\x3f\0\0\0\0\0\0\x04\0\0\0\
\x9b\0\0\0\xd8\x3f\0\0\0\0\0\0\x04\0\0\0\x9b\0\0\0\xe8\x3f\0\0\0\0\0\0\x04\0\0\
\0\x9b\0\0\0\x04\x40\0\0\0\0\0\0\x04\0\0\0\x01\0\0\0\x14\x40\0\0\0\0\0\0\x04\0\
\0\0\x01\0\0\0\x24\x40\0\0\0\0\0\0\x04\0\0\0\x01\0\0\0\x34\x40\0\0\0\0\0\0\x04\
\0\0\0\x01\0\0\0\x44\x40\0\0\0\0\0\0\x04\0\0\0\x01\0\0\0\x54\x40\0\0\0\0\0\0\
\x04\0\0\0\x01\0\0\0\x64\x40\0\0\0\0\0\0\x04\0\0\0\x01\0\0\0\x74\x40\0\0\0\0\0\
\0\x04\0\0\0\x01\0\0\0\x84\x40\0\0\0\0\0\0\x04\0\0\0\x01\0\0\0\x94\x40\0\0\0\0\
\0\0\x04\0\0\0\x01\0\0\0\xa4\x40\0\0\0\0\0\0\x04\0\0\0\x01\0\0\0\xb4\x40\0\0\0\
\0\0\0\x04\0\0\0\x01\0\0\0\xc4\x40\0\0\0\0\0\0\x04\0\0\0\x01\0\0\0\xd4\x40\0\0\
\0\0\0\0\x04\0\0\0\x01\0\0\0\xe4\x40\0\0\0\0\0\0\x04\0\0\0\x01\0\0\0\xf4\x40\0\
\0\0\0\0\0\x04\0\0\0\x01\0\0\0\x04\x41\0\0\0\0\0\0\x04\0\0\0\x01\0\0\0\x14\x41\
\0\0\0\0\0\0\x04\0\0\0\x01\0\0\0\x24\x41\0\0\0\0\0\0\x04\0\0\0\x01\0\0\0\x34\
\x41\0\0\0\0\0\0\x04\0\0\0\x01\0\0\0\x44\x41\0\0\0\0\0\0\x04\0\0\0\x01\0\0\0\
\x54\x41\0\0\0\0\0\0\x04\0\0\0\x01\0\0\0\x64\x41\0\0\0\0\0\0\x04\0\0\0\x01\0\0\
\0\x74\x41\0\0\0\0\0\0\x04\0\0\0\x01\0\0\0\x84\x41\0\0\0\0\0\0\x04\0\0\0\x01\0\
\0\0\x94\x41\0\0\0\0\0\0\x04\0\0\0\x01\0\0\0\xac\x41\0\0\0\0\0\0\x04\0\0\0\x12\
\0\0\0\xbc\x41\0\0\0\0\0\0\x04\0\0\0\x12\0\0\0\xcc\x41\0\0\0\0\0\0\x04\0\0\0\
\x12\0\0\0\xdc\x41\0\0\0\0\0\0\x04\0\0\0\x12\0\0\0\xec\x41\0\0\0\0\0\0\x04\0\0\
\0\x12\0\0\0\xfc\x41\0\0\0\0\0\0\x04\0\0\0\x12\0\0\0\x0c\x42\0\0\0\0\0\0\x04\0\
\0\0\x12\0\0\0\x1c\x42\0\0\0\0\0\0\x04\0\0\0\x12\0\0\0\x2c\x42\0\0\0\0\0\0\x04\
\0\0\0\x12\0\0\0\x3c\x42\0\0\0\0\0\0\x04\0\0\0\x12\0\0\0\x4c\x42\0\0\0\0\0\0\
\x04\0\0\0\x12\0\0\0\x5c\x42\0\0\0\0\0\0\x04\0\0\0\x12\0\0\0\x6c\x42\0\0\0\0\0\
\0\x04\0\0\0\x12\0\0\0\x7c\x42\0\0\0\0\0\0\x04\0\0\0\x12\0\0\0\x8c\x42\0\0\0\0\
\0\0\x04\0\0\0\x12\0\0\0\x9c\x42\0\0\0\0\0\0\x04\0\0\0\x12\0\0\0\xac\x42\0\0\0\
\0\0\0\x04\0\0\0\x12\0\0\0\xbc\x42\0\0\0\0\0\0\x04\0\0\0\x12\0\0\0\xcc\x42\0\0\
\0\0\0\0\x04\0\0\0\x12\0\0\0\xdc\x42\0\0\0\0\0\0\x04\0\0\0\x12\0\0\0\xec\x42\0\
\0\0\0\0\0\x04\0\0\0\x12\0\0\0\xfc\x42\0\0\0\0\0\0\x04\0\0\0\x12\0\0\0\x14\x43\
\0\0\0\0\0\0\x04\0\0\0\x24\0\0\0\x24\x43\0\0\0\0\0\0\x04\0\0\0\x24\0\0\0\x34\
\x43\0\0\0\0\0\0\x04\0\0\0\x24\0\0\0\x44\x43\0\0\0\0\0\0\x04\0\0\0\x24\0\0\0\
\x54\x43\0\0\0\0\0\0\x04\0\0\0\x24\0\0\0\x64\x43\0\0\0\0\0\0\x04\0\0\0\x24\0\0\
\0\x74\x43\0\0\0\0\0\0\x04\0\0\0\x24\0\0\0\x84\x43\0\0\0\0\0\0\x04\0\0\0\x24\0\
\0\0\x94\x43\0\0\0\0\0\0\x04\0\0\0\x24\0\0\0\xa4\x43\0\0\0\0\0\0\x04\0\0\0\x24\
\0\0\0\xb4\x43\0\0\0\0\0\0\x04\0\0\0\x24\0\0\0\xc4\x43\0\0\0\0\0\0\x04\0\0\0\
\x24\0\0\0\xd4\x43\0\0\0\0\0\0\x04\0\0\0\x24\0\0\0\xe4\x43\0\0\0\0\0\0\x04\0\0\
\0\x24\0\0\0\xf4\x43\0\0\0\0\0\0\x04\0\0\0\x24\0\0\0\x04\x44\0\0\0\0\0\0\x04\0\
\0\0\x24\0\0\0\x14\x44\0\0\0\0\0\0\x04\0\0\0\x24\0\0\0\x24\x44\0\0\0\0\0\0\x04\
\0\0\0\x24\0\0\0\x34\x44\0\0\0\0\0\0\x04\0\0\0\x24\0\0\0\x44\x44\0\0\0\0\0\0\
\x04\0\0\0\x24\0\0\0\x54\x44\0\0\0\0\0\0\x04\0\0\0\x24\0\0\0\x64\x44\0\0\0\0\0\
\0\x04\0\0\0\x24\0\0\0\x7c\x44\0\0\0\0\0\0\x04\0\0\0\x34\0\0\0\x8c\x44\0\0\0\0\
\0\0\x04\0\0\0\x34\0\0\0\x9c\x44\0\0\0\0\0\0\x04\0\0\0\x34\0\0\0\xac\x44\0\0\0\
\0\0\0\x04\0\0\0\x34\0\0\0\xbc\x44\0\0\0\0\0\0\x04\0\0\0\x34\0\0\0\xcc\x44\0\0\
\0\0\0\0\x04\0\0\0\x34\0\0\0\xdc\x44\0\0\0\0\0\0\x04\0\0\0\x34\0\0\0\xec\x44\0\
\0\0\0\0\0\x04\0\0\0\x34\0\0\0\xfc\x44\0\0\0\0\0\0\x04\0\0\0\x34\0\0\0\x0c\x45\
\0\0\0\0\0\0\x04\0\0\0\x34\0\0\0\x1c\x45\0\0\0\0\0\0\x04\0\0\0\x34\0\0\0\x2c\
\x45\0\0\0\0\0\0\x04\0\0\0\x34\0\0\0\x3c\x45\0\0\0\0\0\0\x04\0\0\0\x34\0\0\0\
\x4c\x45\0\0\0\0\0\0\x04\0\0\0\x34\0\0\0\x5c\x45\0\0\0\0\0\0\x04\0\0\0\x34\0\0\
\0\x6c\x45\0\0\0\0\0\0\x04\0\0\0\x34\0\0\0\x7c\x45\0\0\0\0\0\0\x04\0\0\0\x34\0\
\0\0\x8c\x45\0\0\0\0\0\0\x04\0\0\0\x34\0\0\0\x9c\x45\0\0\0\0\0\0\x04\0\0\0\x34\
\0\0\0\xac\x45\0\0\0\0\0\0\x04\0\0\0\x34\0\0\0\xbc\x45\0\0\0\0\0\0\x04\0\0\0\
\x34\0\0\0\xcc\x45\0\0\0\0\0\0\x04\0\0\0\x34\0\0\0\xdc\x45\0\0\0\0\0\0\x04\0\0\
\0\x34\0\0\0\xec\x45\0\0\0\0\0\0\x04\0\0\0\x34\0\0\0\xfc\x45\0\0\0\0\0\0\x04\0\
\0\0\x34\0\0\0\x0c\x46\0\0\0\0\0\0\x04\0\0\0\x34\0\0\0\x1c\x46\0\0\0\0\0\0\x04\
\0\0\0\x34\0\0\0\x2c\x46\0\0\0\0\0\0\x04\0\0\0\x34\0\0\0\x3c\x46\0\0\0\0\0\0\
\x04\0\0\0\x34\0\0\0\x4c\x46\0\0\0\0\0\0\x04\0\0\0\x34\0\0\0\x64\x46\0\0\0\0\0\
\0\x04\0\0\0\x4f\0\0\0\x74\x46\0\0\0\0\0\0\x04\0\0\0\x4f\0\0\0\x84\x46\0\0\0\0\
\0\0\x04\0\0\0\x4f\0\0\0\x94\x46\0\0\0\0\0\0\x04\0\0\0\x4f\0\0\0\xa4\x46\0\0\0\
\0\0\0\x04\0\0\0\x4f\0\0\0\xb4\x46\0\0\0\0\0\0\x04\0\0\0\x4f\0\0\0\xc4\x46\0\0\
\0\0\0\0\x04\0\0\0\x4f\0\0\0\xd4\x46\0\0\0\0\0\0\x04\0\0\0\x4f\0\0\0\xe4\x46\0\
\0\0\0\0\0\x04\0\0\0\x4f\0\0\0\xf4\x46\0\0\0\0\0\0\x04\0\0\0\x4f\0\0\0\x04\x47\
\0\0\0\0\0\0\x04\0\0\0\x4f\0\0\0\x14\x47\0\0\0\0\0\0\x04\0\0\0\x4f\0\0\0\x24\
\x47\0\0\0\0\0\0\x04\0\0\0\x4f\0\0\0\x34\x47\0\0\0\0\0\0\x04\0\0\0\x4f\0\0\0\
\x44\x47\0\0\0\0\0\0\x04\0\0\0\x4f\0\0\0\x54\x47\0\0\0\0\0\0\x04\0\0\0\x4f\0\0\
\0\x64\x47\0\0\0\0\0\0\x04\0\0\0\x4f\0\0\0\x74\x47\0\0\0\0\0\0\x04\0\0\0\x4f\0\
\0\0\x84\x47\0\0\0\0\0\0\x04\0\0\0\x4f\0\0\0\x94\x47\0\0\0\0\0\0\x04\0\0\0\x4f\
\0\0\0\xa4\x47\0\0\0\0\0\0\x04\0\0\0\x4f\0\0\0\xb4\x47\0\0\0\0\0\0\x04\0\0\0\
\x4f\0\0\0\xc4\x47\0\0\0\0\0\0\x04\0\0\0\x4f\0\0\0\xd4\x47\0\0\0\0\0\0\x04\0\0\
\0\x4f\0\0\0\xe4\x47\0\0\0\0\0\0\x04\0\0\0\x4f\0\0\0\xf4\x47\0\0\0\0\0\0\x04\0\
\0\0\x4f\0\0\0\x04\x48\0\0\0\0\0\0\x04\0\0\0\x4f\0\0\0\x14\x48\0\0\0\0\0\0\x04\
\0\0\0\x4f\0\0\0\x24\x48\0\0\0\0\0\0\x04\0\0\0\x4f\0\0\0\x34\x48\0\0\0\0\0\0\
\x04\0\0\0\x4f\0\0\0\x4c\x48\0\0\0\0\0\0\x04\0\0\0\x6a\0\0\0\x5c\x48\0\0\0\0\0\
\0\x04\0\0\0\x6a\0\0\0\x6c\x48\0\0\0\0\0\0\x04\0\0\0\x6a\0\0\0\x7c\x48\0\0\0\0\
\0\0\x04\0\0\0\x6a\0\0\0\x8c\x48\0\0\0\0\0\0\x04\0\0\0\x6a\0\0\0\x9c\x48\0\0\0\
\0\0\0\x04\0\0\0\x6a\0\0\0\xac\x48\0\0\0\0\0\0\x04\0\0\0\x6a\0\0\0\xbc\x48\0\0\
\0\0\0\0\x04\0\0\0\x6a\0\0\0\xcc\x48\0\0\0\0\0\0\x04\0\0\0\x6a\0\0\0\xdc\x48\0\
\0\0\0\0\0\x04\0\0\0\x6a\0\0\0\xec\x48\0\0\0\0\0\0\x04\0\0\0\x6a\0\0\0\xfc\x48\
\0\0\0\0\0\0\x04\0\0\0\x6a\0\0\0\x0c\x49\0\0\0\0\0\0\x04\0\0\0\x6a\0\0\0\x24\
\x49\0\0\0\0\0\0\x04\0\0\0\x7a\0\0\0\x34\x49\0\0\0\0\0\0\x04\0\0\0\x7a\0\0\0\
\x44\x49\0\0\0\0\0\0\x04\0\0\0\x7a\0\0\0\x54\x49\0\0\0\0\0\0\x04\0\0\0\x7a\0\0\
\0\x64\x49\0\0\0\0\0\0\x04\0\0\0\x7a\0\0\0\x74\x49\0\0\0\0\0\0\x04\0\0\0\x7a\0\
\0\0\x84\x49\0\0\0\0\0\0\x04\0\0\0\x7a\0\0\0\x94\x49\0\0\0\0\0\0\x04\0\0\0\x7a\
\0\0\0\xa4\x49\0\0\0\0\0\0\x04\0\0\0\x7a\0\0\0\xb4\x49\0\0\0\0\0\0\x04\0\0\0\
\x7a\0\0\0\xc4\x49\0\0\0\0\0\0\x04\0\0\0\x7a\0\0\0\xd4\x49\0\0\0\0\0\0\x04\0\0\
\0\x7a\0\0\0\xe4\x49\0\0\0\0\0\0\x04\0\0\0\x7a\0\0\0\xfc\x49\0\0\0\0\0\0\x04\0\
\0\0\x8a\0\0\0\x0c\x4a\0\0\0\0\0\0\x04\0\0\0\x8a\0\0\0\x1c\x4a\0\0\0\0\0\0\x04\
\0\0\0\x8a\0\0\0\x2c\x4a\0\0\0\0\0\0\x04\0\0\0\x8a\0\0\0\x3c\x4a\0\0\0\0\0\0\
\x04\0\0\0\x8a\0\0\0\x4c\x4a\0\0\0\0\0\0\x04\0\0\0\x8a\0\0\0\x5c\x4a\0\0\0\0\0\
\0\x04\0\0\0\x8a\0\0\0\x6c\x4a\0\0\0\0\0\0\x04\0\0\0\x8a\0\0\0\x7c\x4a\0\0\0\0\
\0\0\x04\0\0\0\x8a\0\0\0\x8c\x4a\0\0\0\0\0\0\x04\0\0\0\x8a\0\0\0\x9c\x4a\0\0\0\
\0\0\0\x04\0\0\0\x8a\0\0\0\xac\x4a\0\0\0\0\0\0\x04\0\0\0\x8a\0\0\0\xbc\x4a\0\0\
\0\0\0\0\x04\0\0\0\x8a\0\0\0\xcc\x4a\0\0\0\0\0\0\x04\0\0\0\x8a\0\0\0\xdc\x4a\0\
\0\0\0\0\0\x04\0\0\0\x8a\0\0\0\xec\x4a\0\0\0\0\0\0\x04\0\0\0\x8a\0\0\0\xfc\x4a\
\0\0\0\0\0\0\x04\0\0\0\x8a\0\0\0\x0c\x4b\0\0\0\0\0\0\x04\0\0\0\x8a\0\0\0\x1c\
\x4b\0\0\0\0\0\0\x04\0\0\0\x8a\0\0\0\x34\x4b\0\0\0\0\0\0\x04\0\0\0\x9b\0\0\0\
\x44\x4b\0\0\0\0\0\0\x04\0\0\0\x9b\0\0\0\x54\x4b\0\0\0\0\0\0\x04\0\0\0\x9b\0\0\
\0\x64\x4b\0\0\0\0\0\0\x04\0\0\0\x9b\0\0\0\x74\x4b\0\0\0\0\0\0\x04\0\0\0\x9b\0\
\0\0\x84\x4b\0\0\0\0\0\0\x04\0\0\0\x9b\0\0\0\x94\x4b\0\0\0\0\0\0\x04\0\0\0\x9b\
\0\0\0\xa4\x4b\0\0\0\0\0\0\x04\0\0\0\x9b\0\0\0\xb4\x4b\0\0\0\0\0\0\x04\0\0\0\
\x9b\0\0\0\xc4\x4b\0\0\0\0\0\0\x04\0\0\0\x9b\0\0\0\xd4\x4b\0\0\0\0\0\0\x04\0\0\
\0\x9b\0\0\0\xe4\x4b\0\0\0\0\0\0\x04\0\0\0\x9b\0\0\0\xf4\x4b\0\0\0\0\0\0\x04\0\
\0\0\x9b\0\0\0\x04\x4c\0\0\0\0\0\0\x04\0\0\0\x9b\0\0\0\x14\x4c\0\0\0\0\0\0\x04\
\0\0\0\x9b\0\0\0\x24\x4c\0\0\0\0\0\0\x04\0\0\0\x9b\0\0\0\x34\x4c\0\0\0\0\0\0\
\x04\0\0\0\x9b\0\0\0\x44\x4c\0\0\0\0\0\0\x04\0\0\0\x9b\0\0\0\x54\x4c\0\0\0\0\0\
\0\x04\0\0\0\x9b\0\0\0\xb7\x01\xb9\x01\xbd\x01\xbe\x01\xbf\x01\xc0\x01\xc1\x01\
\xc2\x01\xc3\x01\xc6\x01\xc7\x01\xb8\x01\xbc\x01\xba\x01\xc5\x01\xbb\x01\xc4\
\x01\x16\x19\x7a\0\x2e\x74\x65\x78\x74\0\x2e\x72\x65\x6c\x2e\x42\x54\x46\x2e\
\x65\x78\x74\0\x5f\x5f\x5f\x5f\x63\x72\x6f\x73\x5f\x68\x61\x6e\x64\x6c\x65\x5f\
\x69\x6e\x65\x74\x5f\x61\x63\x63\x65\x70\x74\x5f\x65\x78\x69\x74\x2e\x5f\x5f\
\x5f\x5f\x66\x6d\x74\0\x63\x72\x6f\x73\x5f\x69\x73\x5f\x69\x66\x69\x6e\x64\x65\
\x78\x5f\x65\x78\x74\x65\x72\x6e\x61\x6c\x2e\x5f\x5f\x5f\x5f\x66\x6d\x74\0\x63\
\x72\x6f\x73\x5f\x68\x61\x6e\x64\x6c\x65\x5f\x69\x70\x36\x5f\x69\x6e\x70\x75\
\x74\x5f\x65\x78\x69\x74\0\x2e\x72\x65\x6c\x72\x61\x77\x5f\x74\x72\x61\x63\x65\
\x70\x6f\x69\x6e\x74\x2f\x63\x72\x6f\x73\x5f\x5f\x69\x70\x5f\x6c\x6f\x63\x61\
\x6c\x5f\x6f\x75\x74\x5f\x65\x78\x69\x74\0\x63\x72\x6f\x73\x5f\x68\x61\x6e\x64\
\x6c\x65\x5f\x5f\x69\x70\x5f\x6c\x6f\x63\x61\x6c\x5f\x6f\x75\x74\x5f\x65\x78\
\x69\x74\0\x2e\x72\x65\x6c\x72\x61\x77\x5f\x74\x72\x61\x63\x65\x70\x6f\x69\x6e\
\x74\x2f\x63\x72\x6f\x73\x5f\x69\x6e\x65\x74\x5f\x61\x63\x63\x65\x70\x74\x5f\
\x65\x78\x69\x74\0\x63\x72\x6f\x73\x5f\x68\x61\x6e\x64\x6c\x65\x5f\x69\x6e\x65\
\x74\x5f\x61\x63\x63\x65\x70\x74\x5f\x65\x78\x69\x74\0\x2e\x72\x65\x6c\x72\x61\
\x77\x5f\x74\x72\x61\x63\x65\x70\x6f\x69\x6e\x74\x2f\x63\x72\x6f\x73\x5f\x69\
\x6e\x65\x74\x5f\x73\x74\x72\x65\x61\x6d\x5f\x63\x6f\x6e\x6e\x65\x63\x74\x5f\
\x65\x78\x69\x74\0\x63\x72\x6f\x73\x5f\x68\x61\x6e\x64\x6c\x65\x5f\x69\x6e\x65\
\x74\x5f\x73\x74\x72\x65\x61\x6d\x5f\x63\x6f\x6e\x6e\x65\x63\x74\x5f\x65\x78\
\x69\x74\0\x2e\x72\x65\x6c\x72\x61\x77\x5f\x74\x72\x61\x63\x65\x70\x6f\x69\x6e\
\x74\x2f\x63\x72\x6f\x73\x5f\x69\x6e\x65\x74\x5f\x6c\x69\x73\x74\x65\x6e\x5f\
\x65\x78\x69\x74\0\x2e\x72\x65\x6c\x72\x61\x77\x5f\x74\x72\x61\x63\x65\x70\x6f\
\x69\x6e\x74\x2f\x63\x72\x6f\x73\x5f\x69\x6e\x65\x74\x5f\x72\x65\x63\x76\x6d\
\x73\x67\x5f\x65\x78\x69\x74\0\x63\x72\x6f\x73\x5f\x68\x61\x6e\x64\x6c\x65\x5f\
\x69\x6e\x65\x74\x5f\x72\x65\x63\x76\x6d\x73\x67\x5f\x65\x78\x69\x74\0\x2e\x72\
\x65\x6c\x72\x61\x77\x5f\x74\x72\x61\x63\x65\x70\x6f\x69\x6e\x74\x2f\x63\x72\
\x6f\x73\x5f\x69\x6e\x65\x74\x5f\x73\x65\x6e\x64\x6d\x73\x67\x5f\x65\x78\x69\
\x74\0\x63\x72\x6f\x73\x5f\x68\x61\x6e\x64\x6c\x65\x5f\x69\x6e\x65\x74\x5f\x73\
\x65\x6e\x64\x6d\x73\x67\x5f\x65\x78\x69\x74\0\x2e\x6d\x61\x70\x73\0\x63\x72\
\x6f\x73\x5f\x6e\x65\x74\x77\x6f\x72\x6b\x5f\x65\x78\x74\x65\x72\x6e\x61\x6c\
\x5f\x69\x6e\x74\x65\x72\x66\x61\x63\x65\x73\0\x2e\x72\x65\x6c\x72\x61\x77\x5f\
\x74\x72\x61\x63\x65\x70\x6f\x69\x6e\x74\x2f\x63\x72\x6f\x73\x5f\x69\x70\x5f\
\x70\x72\x6f\x74\x6f\x63\x6f\x6c\x5f\x64\x65\x6c\x69\x76\x65\x72\x5f\x72\x63\
\x75\x5f\x65\x6e\x74\x65\x72\0\x63\x72\x6f\x73\x5f\x68\x61\x6e\x64\x6c\x65\x5f\
\x69\x70\x5f\x70\x72\x6f\x74\x6f\x63\x6f\x6c\x5f\x64\x65\x6c\x69\x76\x65\x72\
\x5f\x72\x63\x75\x5f\x65\x6e\x74\x65\x72\0\x2e\x72\x65\x6c\x72\x61\x77\x5f\x74\
\x72\x61\x63\x65\x70\x6f\x69\x6e\x74\x2f\x63\x72\x6f\x73\x5f\x69\x70\x36\x5f\
\x69\x6e\x70\x75\x74\x5f\x66\x69\x6e\x69\x73\x68\x5f\x65\x6e\x74\x65\x72\0\x2e\
\x72\x65\x6c\x72\x61\x77\x5f\x74\x72\x61\x63\x65\x70\x6f\x69\x6e\x74\x2f\x63\
\x72\x6f\x73\x5f\x69\x6e\x65\x74\x5f\x72\x65\x6c\x65\x61\x73\x65\x5f\x65\x6e\
\x74\x65\x72\0\x63\x72\x6f\x73\x5f\x68\x61\x6e\x64\x6c\x65\x5f\x69\x6e\x65\x74\
\x5f\x72\x65\x6c\x65\x61\x73\x65\x5f\x65\x6e\x74\x65\x72\0\x2e\x72\x65\x6c\x72\
\x61\x77\x5f\x74\x72\x61\x63\x65\x70\x6f\x69\x6e\x74\x2f\x63\x72\x6f\x73\x5f\
\x69\x70\x36\x5f\x66\x69\x6e\x69\x73\x68\x5f\x6f\x75\x74\x70\x75\x74\x32\x5f\
\x65\x6e\x74\x65\x72\0\x63\x72\x6f\x73\x5f\x68\x61\x6e\x64\x6c\x65\x5f\x69\x70\
\x36\x5f\x66\x69\x6e\x69\x73\x68\x5f\x6f\x75\x74\x70\x75\x74\x32\x5f\x65\x6e\
\x74\x65\x72\0\x63\x72\x6f\x73\x5f\x6e\x65\x74\x77\x6f\x72\x6b\x5f\x66\x6c\x6f\
\x77\x5f\x6d\x61\x70\0\x61\x63\x74\x69\x76\x65\x5f\x73\x6f\x63\x6b\x65\x74\x5f\
\x6d\x61\x70\0\x70\x72\x6f\x63\x65\x73\x73\x5f\x6d\x61\x70\0\x68\x65\x61\x70\
\x5f\x63\x72\x6f\x73\x5f\x6e\x65\x74\x77\x6f\x72\x6b\x5f\x63\x6f\x6d\x6d\x6f\
\x6e\x5f\x6d\x61\x70\0\x63\x72\x6f\x73\x5f\x68\x61\x6e\x64\x6c\x65\x5f\x69\x6e\
\x65\x74\x5f\x6c\x69\x73\x74\x65\x6e\0\x2e\x6c\x6c\x76\x6d\x5f\x61\x64\x64\x72\
\x73\x69\x67\0\x6c\x69\x63\x65\x6e\x73\x65\0\x72\x62\0\x2e\x73\x74\x72\x74\x61\
\x62\0\x2e\x73\x79\x6d\x74\x61\x62\0\x2e\x72\x6f\x64\x61\x74\x61\0\x2e\x72\x65\
\x6c\x2e\x42\x54\x46\0\x4c\x49\x43\x45\x4e\x53\x45\0\x4c\x42\x42\x39\x5f\x39\0\
\x4c\x42\x42\x38\x5f\x39\0\x4c\x42\x42\x36\x5f\x39\0\x4c\x42\x42\x35\x5f\x39\0\
\x4c\x42\x42\x30\x5f\x39\0\x4c\x42\x42\x34\x5f\x33\x39\0\x4c\x42\x42\x33\x5f\
\x33\x39\0\x4c\x42\x42\x39\x5f\x32\x39\0\x4c\x42\x42\x38\x5f\x32\x39\0\x4c\x42\
\x42\x30\x5f\x32\x39\0\x4c\x42\x42\x39\x5f\x31\x39\0\x4c\x42\x42\x38\x5f\x31\
\x39\0\x4c\x42\x42\x36\x5f\x31\x39\0\x4c\x42\x42\x35\x5f\x31\x39\0\x4c\x42\x42\
\x32\x5f\x31\x39\0\x4c\x42\x42\x31\x5f\x31\x39\0\x4c\x42\x42\x30\x5f\x31\x39\0\
\x4c\x42\x42\x34\x5f\x38\0\x4c\x42\x42\x33\x5f\x38\0\x4c\x42\x42\x32\x5f\x38\0\
\x4c\x42\x42\x31\x5f\x38\0\x4c\x42\x42\x39\x5f\x32\x38\0\x4c\x42\x42\x38\x5f\
\x32\x38\0\x4c\x42\x42\x39\x5f\x31\x38\0\x4c\x42\x42\x38\x5f\x31\x38\0\x4c\x42\
\x42\x36\x5f\x31\x38\0\x4c\x42\x42\x35\x5f\x31\x38\0\x4c\x42\x42\x32\x5f\x31\
\x38\0\x4c\x42\x42\x31\x5f\x31\x38\0\x4c\x42\x42\x30\x5f\x31\x38\0\x4c\x42\x42\
\x39\x5f\x37\0\x4c\x42\x42\x38\x5f\x37\0\x4c\x42\x42\x36\x5f\x37\0\x4c\x42\x42\
\x35\x5f\x37\0\x4c\x42\x42\x34\x5f\x37\0\x4c\x42\x42\x33\x5f\x37\0\x4c\x42\x42\
\x32\x5f\x37\0\x4c\x42\x42\x31\x5f\x37\0\x4c\x42\x42\x34\x5f\x33\x37\0\x4c\x42\
\x42\x33\x5f\x33\x37\0\x4c\x42\x42\x39\x5f\x32\x37\0\x4c\x42\x42\x38\x5f\x32\
\x37\0\x4c\x42\x42\x36\x5f\x32\x37\0\x4c\x42\x42\x35\x5f\x32\x37\0\x4c\x42\x42\
\x30\x5f\x32\x37\0\x4c\x42\x42\x39\x5f\x31\x37\0\x4c\x42\x42\x38\x5f\x31\x37\0\
\x4c\x42\x42\x36\x5f\x31\x37\0\x4c\x42\x42\x35\x5f\x31\x37\0\x4c\x42\x42\x34\
\x5f\x31\x37\0\x4c\x42\x42\x33\x5f\x31\x37\0\x4c\x42\x42\x32\x5f\x31\x37\0\x4c\
\x42\x42\x31\x5f\x31\x37\0\x4c\x42\x42\x30\x5f\x36\0\x4c\x42\x42\x34\x5f\x33\
\x36\0\x4c\x42\x42\x33\x5f\x33\x36\0\x4c\x42\x42\x36\x5f\x32\x36\0\x4c\x42\x42\
\x35\x5f\x32\x36\0\x4c\x42\x42\x34\x5f\x32\x36\0\x4c\x42\x42\x33\x5f\x32\x36\0\
\x4c\x42\x42\x39\x5f\x31\x36\0\x4c\x42\x42\x38\x5f\x31\x36\0\x4c\x42\x42\x36\
\x5f\x31\x36\0\x4c\x42\x42\x35\x5f\x31\x36\0\x4c\x42\x42\x34\x5f\x31\x36\0\x4c\
\x42\x42\x33\x5f\x31\x36\0\x4c\x42\x42\x32\x5f\x31\x36\0\x4c\x42\x42\x31\x5f\
\x31\x36\0\x4c\x42\x42\x34\x5f\x35\0\x4c\x42\x42\x33\x5f\x35\0\x4c\x42\x42\x32\
\x5f\x35\0\x4c\x42\x42\x31\x5f\x35\0\x4c\x42\x42\x34\x5f\x33\x35\0\x4c\x42\x42\
\x33\x5f\x33\x35\0\x4c\x42\x42\x39\x5f\x32\x35\0\x4c\x42\x42\x38\x5f\x32\x35\0\
\x4c\x42\x42\x36\x5f\x32\x35\0\x4c\x42\x42\x35\x5f\x32\x35\0\x4c\x42\x42\x34\
\x5f\x32\x35\0\x4c\x42\x42\x33\x5f\x32\x35\0\x4c\x42\x42\x30\x5f\x32\x35\0\x4c\
\x42\x42\x32\x5f\x31\x35\0\x4c\x42\x42\x31\x5f\x31\x35\0\x4c\x42\x42\x30\x5f\
\x31\x35\0\x4c\x42\x42\x39\x5f\x34\0\x4c\x42\x42\x38\x5f\x34\0\x4c\x42\x42\x36\
\x5f\x34\0\x4c\x42\x42\x35\x5f\x34\0\x4c\x42\x42\x34\x5f\x32\x34\0\x4c\x42\x42\
\x33\x5f\x32\x34\0\x4c\x42\x42\x32\x5f\x32\x34\0\x4c\x42\x42\x31\x5f\x32\x34\0\
\x4c\x42\x42\x34\x5f\x31\x34\0\x4c\x42\x42\x33\x5f\x31\x34\0\x4c\x42\x42\x32\
\x5f\x31\x34\0\x4c\x42\x42\x31\x5f\x31\x34\0\x4c\x42\x42\x34\x5f\x33\x33\0\x4c\
\x42\x42\x33\x5f\x33\x33\0\x4c\x42\x42\x39\x5f\x32\x33\0\x4c\x42\x42\x38\x5f\
\x32\x33\0\x4c\x42\x42\x36\x5f\x32\x33\0\x4c\x42\x42\x35\x5f\x32\x33\0\x4c\x42\
\x42\x34\x5f\x32\x33\0\x4c\x42\x42\x33\x5f\x32\x33\0\x4c\x42\x42\x32\x5f\x32\
\x33\0\x4c\x42\x42\x31\x5f\x32\x33\0\x4c\x42\x42\x30\x5f\x32\x33\0\x4c\x42\x42\
\x39\x5f\x31\x33\0\x4c\x42\x42\x38\x5f\x31\x33\0\x4c\x42\x42\x36\x5f\x31\x33\0\
\x4c\x42\x42\x35\x5f\x31\x33\0\x4c\x42\x42\x34\x5f\x31\x33\0\x4c\x42\x42\x33\
\x5f\x31\x33\0\x4c\x42\x42\x30\x5f\x31\x33\0\x4c\x42\x42\x34\x5f\x32\0\x4c\x42\
\x42\x33\x5f\x32\0\x4c\x42\x42\x32\x5f\x32\0\x4c\x42\x42\x31\x5f\x32\0\x4c\x42\
\x42\x34\x5f\x33\x32\0\x4c\x42\x42\x33\x5f\x33\x32\0\x4c\x42\x42\x36\x5f\x32\
\x32\0\x4c\x42\x42\x35\x5f\x32\x32\0\x4c\x42\x42\x34\x5f\x32\x32\0\x4c\x42\x42\
\x33\x5f\x32\x32\0\x4c\x42\x42\x32\x5f\x32\x32\0\x4c\x42\x42\x31\x5f\x32\x32\0\
\x4c\x42\x42\x30\x5f\x32\x32\0\x4c\x42\x42\x32\x5f\x31\x32\0\x4c\x42\x42\x31\
\x5f\x31\x32\0\x4c\x42\x42\x34\x5f\x34\x31\0\x4c\x42\x42\x33\x5f\x34\x31\0\x4c\
\x42\x42\x34\x5f\x33\x31\0\x4c\x42\x42\x33\x5f\x33\x31\0\x4c\x42\x42\x30\x5f\
\x33\x31\0\x4c\x42\x42\x39\x5f\x32\x31\0\x4c\x42\x42\x38\x5f\x32\x31\0\x4c\x42\
\x42\x34\x5f\x32\x31\0\x4c\x42\x42\x33\x5f\x32\x31\0\x4c\x42\x42\x30\x5f\x32\
\x31\0\x4c\x42\x42\x39\x5f\x31\x31\0\x4c\x42\x42\x38\x5f\x31\x31\0\x4c\x42\x42\
\x36\x5f\x31\x31\0\x4c\x42\x42\x35\x5f\x31\x31\0\x4c\x42\x42\x30\x5f\x31\x31\0\
\x63\x72\x6f\x73\x5f\x69\x73\x5f\x69\x66\x69\x6e\x64\x65\x78\x5f\x65\x78\x74\
\x65\x72\x6e\x61\x6c\x2e\x5f\x5f\x5f\x5f\x66\x6d\x74\x2e\x31\0\x4c\x42\x42\x34\
\x5f\x34\x30\0\x4c\x42\x42\x33\x5f\x34\x30\0\x4c\x42\x42\x34\x5f\x33\x30\0\x4c\
\x42\x42\x33\x5f\x33\x30\0\x4c\x42\x42\x30\x5f\x33\x30\0\x4c\x42\x42\x39\x5f\
\x32\x30\0\x4c\x42\x42\x38\x5f\x32\x30\0\x4c\x42\x42\x34\x5f\x32\x30\0\x4c\x42\
\x42\x33\x5f\x32\x30\0\x4c\x42\x42\x32\x5f\x32\x30\0\x4c\x42\x42\x31\x5f\x32\
\x30\0\x4c\x42\x42\x30\x5f\x32\x30\0\x4c\x42\x42\x34\x5f\x31\x30\0\x4c\x42\x42\
\x33\x5f\x31\x30\0\0\0\0\0\0\0\0\0\0\0\0\0\0\0\0\0\0\0\0\0\0\0\0\0\0\0\0\0\0\0\
\0\0\0\0\0\0\0\0\0\0\0\0\0\0\0\0\0\0\0\0\0\0\0\0\0\0\0\0\0\0\0\0\0\0\0\0\0\0\0\
\xf0\x03\0\0\x03\0\0\0\0\0\0\0\0\0\0\0\0\0\0\0\0\0\0\0\x9d\x53\x02\0\0\0\0\0\
\x0e\x09\0\0\0\0\0\0\0\0\0\0\0\0\0\0\x01\0\0\0\0\0\0\0\0\0\0\0\0\0\0\0\x01\0\0\
\0\x01\0\0\0\x06\0\0\0\0\0\0\0\0\0\0\0\0\0\0\0\x40\0\0\0\0\0\0\0\0\0\0\0\0\0\0\
\0\0\0\0\0\0\0\0\0\x04\0\0\0\0\0\0\0\0\0\0\0\0\0\0\0\x63\x01\0\0\x01\0\0\0\x06\
\0\0\0\0\0\0\0\0\0\0\0\0\0\0\0\x40\0\0\0\0\0\0\0\x38\x0a\0\0\0\0\0\0\0\0\0\0\0\
\0\0\0\x08\0\0\0\0\0\0\0\0\0\0\0\0\0\0\0\x5f\x01\0\0\x09\0\0\0\x40\0\0\0\0\0\0\
\0\0\0\0\0\0\0\0\0\xe8\x04\x02\0\0\0\0\0\x10\0\0\0\0\0\0\0\x1f\0\0\0\x03\0\0\0\
\x08\0\0\0\0\0\0\0\x10\0\0\0\0\0\0\0\x43\x02\0\0\x01\0\0\0\x06\0\0\0\0\0\0\0\0\
\0\0\0\0\0\0\0\x78\x0a\0\0\0\0\0\0\x68\x09\0\0\0\0\0\0\0\0\0\0\0\0\0\0\x08\0\0\
\0\0\0\0\0\0\0\0\0\0\0\0\0\x3f\x02\0\0\x09\0\0\0\x40\0\0\0\0\0\0\0\0\0\0\0\0\0\
\0\0\xf8\x04\x02\0\0\0\0\0\x60\0\0\0\0\0\0\0\x1f\0\0\0\x05\0\0\0\x08\0\0\0\0\0\
\0\0\x10\0\0\0\0\0\0\0\x7d\0\0\0\x01\0\0\0\x06\0\0\0\0\0\0\0\0\0\0\0\0\0\0\0\
\xe0\x13\0\0\0\0\0\0\x68\x09\0\0\0\0\0\0\0\0\0\0\0\0\0\0\x08\0\0\0\0\0\0\0\0\0\
\0\0\0\0\0\0\x79\0\0\0\x09\0\0\0\x40\0\0\0\0\0\0\0\0\0\0\0\0\0\0\0\x58\x05\x02\
\0\0\0\0\0\x60\0\0\0\0\0\0\0\x1f\0\0\0\x07\0\0\0\x08\0\0\0\0\0\0\0\x10\0\0\0\0\
\0\0\0\x1c\x03\0\0\x01\0\0\0\x06\0\0\0\0\0\0\0\0\0\0\0\0\0\0\0\x48\x1d\0\0\0\0\
\0\0\x58\x0e\0\0\0\0\0\0\0\0\0\0\0\0\0\0\x08\0\0\0\0\0\0\0\0\0\0\0\0\0\0\0\x18\
\x03\0\0\x09\0\0\0\x40\0\0\0\0\0\0\0\0\0\0\0\0\0\0\0\xb8\x05\x02\0\0\0\0\0\x60\
\0\0\0\0\0\0\0\x1f\0\0\0\x09\0\0\0\x08\0\0\0\0\0\0\0\x10\0\0\0\0\0\0\0\xa3\x02\
\0\0\x01\0\0\0\x06\0\0\0\0\0\0\0\0\0\0\0\0\0\0\0\xa0\x2b\0\0\0\0\0\0\x58\x0e\0\
\0\0\0\0\0\0\0\0\0\0\0\0\0\x08\0\0\0\0\0\0\0\0\0\0\0\0\0\0\0\x9f\x02\0\0\x09\0\
\0\0\x40\0\0\0\0\0\0\0\0\0\0\0\0\0\0\0\x18\x06\x02\0\0\0\0\0\x60\0\0\0\0\0\0\0\
\x1f\0\0\0\x0b\0\0\0\x08\0\0\0\0\0\0\0\x10\0\0\0\0\0\0\0\xc7\0\0\0\x01\0\0\0\
\x06\0\0\0\0\0\0\0\0\0\0\0\0\0\0\0\xf8\x39\0\0\0\0\0\0\xc0\x04\0\0\0\0\0\0\0\0\
\0\0\0\0\0\0\x08\0\0\0\0\0\0\0\0\0\0\0\0\0\0\0\xc3\0\0\0\x09\0\0\0\x40\0\0\0\0\
\0\0\0\0\0\0\0\0\0\0\0\x78\x06\x02\0\0\0\0\0\x40\0\0\0\0\0\0\0\x1f\0\0\0\x0d\0\
\0\0\x08\0\0\0\0\0\0\0\x10\0\0\0\0\0\0\0\x0d\x01\0\0\x01\0\0\0\x06\0\0\0\0\0\0\
\0\0\0\0\0\0\0\0\0\xb8\x3e\0\0\0\0\0\0\xa0\x04\0\0\0\0\0\0\0\0\0\0\0\0\0\0\x08\
\0\0\0\0\0\0\0\0\0\0\0\0\0\0\0\x09\x01\0\0\x09\0\0\0\x40\0\0\0\0\0\0\0\0\0\0\0\
\0\0\0\0\xb8\x06\x02\0\0\0\0\0\x30\0\0\0\0\0\0\0\x1f\0\0\0\x0f\0\0\0\x08\0\0\0\
\0\0\0\0\x10\0\0\0\0\0\0\0\xd2\x02\0\0\x01\0\0\0\x06\0\0\0\0\0\0\0\0\0\0\0\0\0\
\0\0\x58\x43\0\0\0\0\0\0\x48\0\0\0\0\0\0\0\0\0\0\0\0\0\0\0\x08\0\0\0\0\0\0\0\0\
\0\0\0\0\0\0\0\xce\x02\0\0\x09\0\0\0\x40\0\0\0\0\0\0\0\0\0\0\0\0\0\0\0\xe8\x06\
\x02\0\0\0\0\0\x10\0\0\0\0\0\0\0\x1f\0\0\0\x11\0\0\0\x08\0\0\0\0\0\0\0\x10\0\0\
\0\0\0\0\0\xd4\x01\0\0\x01\0\0\0\x06\0\0\0\0\0\0\0\0\0\0\0\0\0\0\0\xa0\x43\0\0\
\0\0\0\0\x68\x0a\0\0\0\0\0\0\0\0\0\0\0\0\0\0\x08\0\0\0\0\0\0\0\0\0\0\0\0\0\0\0\
\xd0\x01\0\0\x09\0\0\0\x40\0\0\0\0\0\0\0\0\0\0\0\0\0\0\0\xf8\x06\x02\0\0\0\0\0\
\x20\0\0\0\0\0\0\0\x1f\0\0\0\x13\0\0\0\x08\0\0\0\0\0\0\0\x10\0\0\0\0\0\0\0\x8c\
\x01\0\0\x01\0\0\0\x06\0\0\0\0\0\0\0\0\0\0\0\0\0\0\0\x08\x4e\0\0\0\0\0\0\x68\
\x0a\0\0\0\0\0\0\0\0\0\0\0\0\0\0\x08\0\0\0\0\0\0\0\0\0\0\0\0\0\0\0\x88\x01\0\0\
\x09\0\0\0\x40\0\0\0\0\0\0\0\0\0\0\0\0\0\0\0\x18\x07\x02\0\0\0\0\0\x20\0\0\0\0\
\0\0\0\x1f\0\0\0\x15\0\0\0\x08\0\0\0\0\0\0\0\x10\0\0\0\0\0\0\0\xe5\x03\0\0\x01\
\0\0\0\x02\0\0\0\0\0\0\0\0\0\0\0\0\0\0\0\x70\x58\0\0\0\0\0\0\x0d\0\0\0\0\0\0\0\
\0\0\0\0\0\0\0\0\x01\0\0\0\0\0\0\0\0\0\0\0\0\0\0\0\x18\x02\0\0\x01\0\0\0\x03\0\
\0\0\0\0\0\0\0\0\0\0\0\0\0\0\x80\x58\0\0\0\0\0\0\xb0\0\0\0\0\0\0\0\0\0\0\0\0\0\
\0\0\x08\0\0\0\0\0\0\0\0\0\0\0\0\0\0\0\0\x04\0\0\x01\0\0\0\x02\0\0\0\0\0\0\0\0\
\0\0\0\0\0\0\0\x30\x59\0\0\0\0\0\0\xd9\0\0\0\0\0\0\0\0\0\0\0\0\0\0\0\x01\0\0\0\
\0\0\0\0\0\0\0\0\0\0\0\0\x0c\x04\0\0\x01\0\0\0\0\0\0\0\0\0\0\0\0\0\0\0\0\0\0\0\
\x0c\x5a\0\0\0\0\0\0\xa6\x4c\x01\0\0\0\0\0\0\0\0\0\0\0\0\0\x04\0\0\0\0\0\0\0\0\
\0\0\0\0\0\0\0\x08\x04\0\0\x09\0\0\0\x40\0\0\0\0\0\0\0\0\0\0\0\0\0\0\0\x38\x07\
\x02\0\0\0\0\0\xa0\0\0\0\0\0\0\0\x1f\0\0\0\x1a\0\0\0\x08\0\0\0\0\0\0\0\x10\0\0\
\0\0\0\0\0\x0b\0\0\0\x01\0\0\0\0\0\0\0\0\0\0\0\0\0\0\0\0\0\0\0\xb4\xa6\x01\0\0\
\0\0\0\x64\x4c\0\0\0\0\0\0\0\0\0\0\0\0\0\0\x04\0\0\0\0\0\0\0\0\0\0\0\0\0\0\0\
\x07\0\0\0\x09\0\0\0\x40\0\0\0\0\0\0\0\0\0\0\0\0\0\0\0\xd8\x07\x02\0\0\0\0\0\
\xa0\x4b\0\0\0\0\0\0\x1f\0\0\0\x1c\0\0\0\x08\0\0\0\0\0\0\0\x10\0\0\0\0\0\0\0\
\xd7\x03\0\0\x03\x4c\xff\x6f\0\0\0\x80\0\0\0\0\0\0\0\0\0\0\0\0\x78\x53\x02\0\0\
\0\0\0\x25\0\0\0\0\0\0\0\0\0\0\0\0\0\0\0\x01\0\0\0\0\0\0\0\0\0\0\0\0\0\0\0\xf8\
\x03\0\0\x02\0\0\0\0\0\0\0\0\0\0\0\0\0\0\0\0\0\0\0\x18\xf3\x01\0\0\0\0\0\xd0\
\x11\0\0\0\0\0\0\x01\0\0\0\xad\0\0\0\x08\0\0\0\0\0\0\0\x18\0\0\0\0\0\0\0";
}

#ifdef __cplusplus
struct network_bpf *network_bpf::open(const struct bpf_object_open_opts *opts) { return network_bpf__open_opts(opts); }
struct network_bpf *network_bpf::open_and_load() { return network_bpf__open_and_load(); }
int network_bpf::load(struct network_bpf *skel) { return network_bpf__load(skel); }
int network_bpf::attach(struct network_bpf *skel) { return network_bpf__attach(skel); }
void network_bpf::detach(struct network_bpf *skel) { network_bpf__detach(skel); }
void network_bpf::destroy(struct network_bpf *skel) { network_bpf__destroy(skel); }
const void *network_bpf::elf_bytes(size_t *sz) { return network_bpf__elf_bytes(sz); }
#endif /* __cplusplus */

__attribute__((unused)) static void
network_bpf__assert(struct network_bpf *s __attribute__((unused)))
{
#ifdef __cplusplus
#define _Static_assert static_assert
#endif
#ifdef __cplusplus
#undef _Static_assert
#endif
}

#endif /* __NETWORK_BPF_SKEL_H__ */
