// Generated file by bluetooth_flatbuffer bundler
#include <string>
namespace bluetooth {
namespace dumpsys {
extern const std::string& GetBundledSchemaData();
const unsigned char bluetooth_dumpsys_data_[22484] = {
 0x10, 0x00, 0x00, 0x00, 0x00, 0x00, 0x0a, 0x00, 0x10, 0x00, 0x04, 0x00, 0x08, 0x00, 0x0c, 0x00,
 0x0a, 0x00, 0x00, 0x00, 0x48, 0x00, 0x00, 0x00, 0x28, 0x00, 0x00, 0x00, 0x04, 0x00, 0x00, 0x00,
 0x07, 0x00, 0x00, 0x00, 0x94, 0x54, 0x00, 0x00, 0x18, 0x29, 0x00, 0x00, 0x70, 0x25, 0x00, 0x00,
 0x88, 0x0e, 0x00, 0x00, 0x90, 0x0a, 0x00, 0x00, 0x28, 0x05, 0x00, 0x00, 0x3c, 0x00, 0x00, 0x00,
 0x15, 0x00, 0x00, 0x00, 0x62, 0x6c, 0x75, 0x65, 0x74, 0x6f, 0x6f, 0x74, 0x68, 0x2e, 0x44, 0x75,
 0x6d, 0x70, 0x73, 0x79, 0x73, 0x44, 0x61, 0x74, 0x61, 0x00, 0x00, 0x00, 0x15, 0x00, 0x00, 0x00,
 0x42, 0x75, 0x6e, 0x64, 0x6c, 0x65, 0x64, 0x20, 0x73, 0x63, 0x68, 0x65, 0x6d, 0x61, 0x20, 0x74,
 0x61, 0x62, 0x6c, 0x65, 0x73, 0x00, 0x00, 0x00, 0xc8, 0xab, 0xff, 0xff, 0xbc, 0x04, 0x00, 0x00,
 0x04, 0x00, 0x00, 0x00, 0xb0, 0x04, 0x00, 0x00, 0x1c, 0x00, 0x00, 0x00, 0x42, 0x46, 0x42, 0x53,
 0x14, 0x00, 0x20, 0x00, 0x04, 0x00, 0x08, 0x00, 0x0c, 0x00, 0x10, 0x00, 0x14, 0x00, 0x18, 0x00,
 0x00, 0x00, 0x1c, 0x00, 0x14, 0x00, 0x00, 0x00, 0x34, 0x00, 0x00, 0x00, 0x2c, 0x00, 0x00, 0x00,
 0x20, 0x00, 0x00, 0x00, 0x14, 0x00, 0x00, 0x00, 0x4c, 0x00, 0x00, 0x00, 0x08, 0x00, 0x00, 0x00,
 0x2c, 0x00, 0x00, 0x00, 0x00, 0x00, 0x00, 0x00, 0x00, 0x00, 0x00, 0x00, 0x00, 0x00, 0x00, 0x00,
 0x00, 0x00, 0x00, 0x00, 0x00, 0x00, 0x00, 0x00, 0x00, 0x00, 0x00, 0x00, 0x03, 0x00, 0x00, 0x00,
 0x24, 0x00, 0x00, 0x00, 0x24, 0x01, 0x00, 0x00, 0x90, 0x02, 0x00, 0x00, 0x01, 0x00, 0x00, 0x00,
 0x04, 0x00, 0x00, 0x00, 0x14, 0xfc, 0xff, 0xff, 0x94, 0x02, 0x00, 0x00, 0x04, 0x00, 0x00, 0x00,
 0x00, 0x00, 0x00, 0x00, 0xa0, 0xfd, 0xff, 0xff, 0x1c, 0x00, 0x00, 0x00, 0x0c, 0x00, 0x00, 0x00,
 0x01, 0x00, 0x00, 0x00, 0x78, 0x02, 0x00, 0x00, 0x02, 0x00, 0x00, 0x00, 0x30, 0x00, 0x00, 0x00,
 0x94, 0x00, 0x00, 0x00, 0x20, 0x00, 0x00, 0x00, 0x62, 0x6c, 0x75, 0x65, 0x74, 0x6f, 0x6f, 0x74,
 0x68, 0x2e, 0x73, 0x68, 0x69, 0x6d, 0x2e, 0x44, 0x75, 0x6d, 0x70, 0x73, 0x79, 0x73, 0x4d, 0x6f,
 0x64, 0x75, 0x6c, 0x65, 0x44, 0x61, 0x74, 0x61, 0x00, 0x00, 0x00, 0x00, 0x14, 0xfd, 0xff, 0xff,
 0x01, 0x00, 0x06, 0x00, 0x40, 0x00, 0x00, 0x00, 0x30, 0x00, 0x00, 0x00, 0x04, 0x00, 0x00, 0x00,
 0x01, 0x00, 0x00, 0x00, 0x04, 0x00, 0x00, 0x00, 0x88, 0xfc, 0xff, 0xff, 0x10, 0x00, 0x00, 0x00,
 0x04, 0x00, 0x00, 0x00, 0x03, 0x00, 0x00, 0x00, 0x41, 0x6e, 0x79, 0x00, 0x07, 0x00, 0x00, 0x00,
 0x70, 0x72, 0x69, 0x76, 0x61, 0x63, 0x79, 0x00, 0x80, 0xfc, 0xff, 0xff, 0x00, 0x00, 0x00, 0x07,
 0x01, 0x00, 0x00, 0x00, 0x19, 0x00, 0x00, 0x00, 0x6e, 0x75, 0x6d, 0x62, 0x65, 0x72, 0x5f, 0x6f,
 0x66, 0x5f, 0x62, 0x75, 0x6e, 0x64, 0x6c, 0x65, 0x64, 0x5f, 0x73, 0x63, 0x68, 0x65, 0x6d, 0x61,
 0x73, 0x00, 0x00, 0x00, 0x0c, 0xfd, 0xff, 0xff, 0x00, 0x01, 0x04, 0x00, 0x40, 0x00, 0x00, 0x00,
 0x30, 0x00, 0x00, 0x00, 0x04, 0x00, 0x00, 0x00, 0x01, 0x00, 0x00, 0x00, 0x04, 0x00, 0x00, 0x00,
 0xf0, 0xfc, 0xff, 0xff, 0x10, 0x00, 0x00, 0x00, 0x04, 0x00, 0x00, 0x00, 0x03, 0x00, 0x00, 0x00,
 0x41, 0x6e, 0x79, 0x00, 0x07, 0x00, 0x00, 0x00, 0x70, 0x72, 0x69, 0x76, 0x61, 0x63, 0x79, 0x00,
 0xe8, 0xfc, 0xff, 0xff, 0x00, 0x00, 0x00, 0x0d, 0x01, 0x00, 0x00, 0x00, 0x05, 0x00, 0x00, 0x00,
 0x74, 0x69, 0x74, 0x6c, 0x65, 0x00, 0x00, 0x00, 0xa4, 0xfe, 0xff, 0xff, 0x20, 0x00, 0x00, 0x00,
 0x0c, 0x00, 0x00, 0x00, 0x01, 0x00, 0x00, 0x00, 0x74, 0x01, 0x00, 0x00, 0x03, 0x00, 0x00, 0x00,
 0x34, 0x00, 0x00, 0x00, 0x8c, 0x00, 0x00, 0x00, 0xe0, 0x00, 0x00, 0x00, 0x22, 0x00, 0x00, 0x00,
 0x62, 0x6c, 0x75, 0x65, 0x74, 0x6f, 0x6f, 0x74, 0x68, 0x2e, 0x73, 0x68, 0x69, 0x6d, 0x2e, 0x45,
 0x78, 0x61, 0x6d, 0x70, 0x6c, 0x65, 0x49, 0x6e, 0x73, 0x74, 0x61, 0x6e, 0x74, 0x54, 0x61, 0x62,
 0x6c, 0x65, 0x00, 0x00, 0x1c, 0xfe, 0xff, 0xff, 0x02, 0x00, 0x08, 0x00, 0x40, 0x00, 0x00, 0x00,
 0x30, 0x00, 0x00, 0x00, 0x04, 0x00, 0x00, 0x00, 0x01, 0x00, 0x00, 0x00, 0x04, 0x00, 0x00, 0x00,
 0x90, 0xfd, 0xff, 0xff, 0x10, 0x00, 0x00, 0x00, 0x04, 0x00, 0x00, 0x00, 0x03, 0x00, 0x00, 0x00,
 0x41, 0x6e, 0x79, 0x00, 0x07, 0x00, 0x00, 0x00, 0x70, 0x72, 0x69, 0x76, 0x61, 0x63, 0x79, 0x00,
 0x88, 0xfd, 0xff, 0xff, 0x00, 0x00, 0x00, 0x0b, 0x01, 0x00, 0x00, 0x00, 0x0d, 0x00, 0x00, 0x00,
 0x65, 0x78, 0x61, 0x6d, 0x70, 0x6c, 0x65, 0x5f, 0x66, 0x6c, 0x6f, 0x61, 0x74, 0x00, 0x00, 0x00,
 0x78, 0xfe, 0xff, 0xff, 0x01, 0x00, 0x06, 0x00, 0x40, 0x00, 0x00, 0x00, 0x30, 0x00, 0x00, 0x00,
 0x04, 0x00, 0x00, 0x00, 0x01, 0x00, 0x00, 0x00, 0x04, 0x00, 0x00, 0x00, 0xec, 0xfd, 0xff, 0xff,
 0x10, 0x00, 0x00, 0x00, 0x04, 0x00, 0x00, 0x00, 0x03, 0x00, 0x00, 0x00, 0x41, 0x6e, 0x79, 0x00,
 0x07, 0x00, 0x00, 0x00, 0x70, 0x72, 0x69, 0x76, 0x61, 0x63, 0x79, 0x00, 0xe4, 0xfd, 0xff, 0xff,
 0x00, 0x00, 0x00, 0x07, 0x01, 0x00, 0x00, 0x00, 0x0b, 0x00, 0x00, 0x00, 0x65, 0x78, 0x61, 0x6d,
 0x70, 0x6c, 0x65, 0x5f, 0x69, 0x6e, 0x74, 0x00, 0x60, 0xfe, 0xff, 0xff, 0x00, 0x01, 0x04, 0x00,
 0x40, 0x00, 0x00, 0x00, 0x30, 0x00, 0x00, 0x00, 0x04, 0x00, 0x00, 0x00, 0x01, 0x00, 0x00, 0x00,
 0x04, 0x00, 0x00, 0x00, 0x44, 0xfe, 0xff, 0xff, 0x10, 0x00, 0x00, 0x00, 0x04, 0x00, 0x00, 0x00,
 0x03, 0x00, 0x00, 0x00, 0x41, 0x6e, 0x79, 0x00, 0x07, 0x00, 0x00, 0x00, 0x70, 0x72, 0x69, 0x76,
 0x61, 0x63, 0x79, 0x00, 0x3c, 0xfe, 0xff, 0xff, 0x00, 0x00, 0x00, 0x0d, 0x01, 0x00, 0x00, 0x00,
 0x0e, 0x00, 0x00, 0x00, 0x65, 0x78, 0x61, 0x6d, 0x70, 0x6c, 0x65, 0x5f, 0x73, 0x74, 0x72, 0x69,
 0x6e, 0x67, 0x00, 0x00, 0x14, 0x00, 0x14, 0x00, 0x04, 0x00, 0x08, 0x00, 0x00, 0x00, 0x0c, 0x00,
 0x00, 0x00, 0x00, 0x00, 0x00, 0x00, 0x10, 0x00, 0x14, 0x00, 0x00, 0x00, 0x34, 0x00, 0x00, 0x00,
 0x20, 0x00, 0x00, 0x00, 0x01, 0x00, 0x00, 0x00, 0x04, 0x00, 0x00, 0x00, 0x0d, 0x00, 0x00, 0x00,
 0x2f, 0x2f, 0x64, 0x75, 0x6d, 0x70, 0x73, 0x79, 0x73, 0x2e, 0x66, 0x62, 0x73, 0x00, 0x00, 0x00,
 0x03, 0x00, 0x00, 0x00, 0x38, 0x00, 0x00, 0x00, 0xa8, 0x00, 0x00, 0x00, 0x18, 0x01, 0x00, 0x00,
 0x24, 0x00, 0x00, 0x00, 0x62, 0x6c, 0x75, 0x65, 0x74, 0x6f, 0x6f, 0x74, 0x68, 0x2e, 0x73, 0x68,
 0x69, 0x6d, 0x2e, 0x45, 0x78, 0x61, 0x6d, 0x70, 0x6c, 0x65, 0x50, 0x69, 0x65, 0x63, 0x65, 0x6d,
 0x65, 0x61, 0x6c, 0x54, 0x61, 0x62, 0x6c, 0x65, 0x00, 0x00, 0x00, 0x00, 0xa4, 0xff, 0xff, 0xff,
 0x02, 0x00, 0x08, 0x00, 0x40, 0x00, 0x00, 0x00, 0x30, 0x00, 0x00, 0x00, 0x04, 0x00, 0x00, 0x00,
 0x01, 0x00, 0x00, 0x00, 0x04, 0x00, 0x00, 0x00, 0x18, 0xff, 0xff, 0xff, 0x10, 0x00, 0x00, 0x00,
 0x04, 0x00, 0x00, 0x00, 0x03, 0x00, 0x00, 0x00, 0x41, 0x6e, 0x79, 0x00, 0x07, 0x00, 0x00, 0x00,
 0x70, 0x72, 0x69, 0x76, 0x61, 0x63, 0x79, 0x00, 0x10, 0xff, 0xff, 0xff, 0x00, 0x00, 0x00, 0x0b,
 0x01, 0x00, 0x00, 0x00, 0x0d, 0x00, 0x00, 0x00, 0x65, 0x78, 0x61, 0x6d, 0x70, 0x6c, 0x65, 0x5f,
 0x66, 0x6c, 0x6f, 0x61, 0x74, 0x00, 0x00, 0x00, 0x18, 0x00, 0x14, 0x00, 0x08, 0x00, 0x0c, 0x00,
 0x04, 0x00, 0x06, 0x00, 0x00, 0x00, 0x00, 0x00, 0x00, 0x00, 0x00, 0x00, 0x00, 0x00, 0x10, 0x00,
 0x18, 0x00, 0x00, 0x00, 0x01, 0x00, 0x06, 0x00, 0x40, 0x00, 0x00, 0x00, 0x30, 0x00, 0x00, 0x00,
 0x04, 0x00, 0x00, 0x00, 0x01, 0x00, 0x00, 0x00, 0x04, 0x00, 0x00, 0x00, 0x8c, 0xff, 0xff, 0xff,
 0x10, 0x00, 0x00, 0x00, 0x04, 0x00, 0x00, 0x00, 0x03, 0x00, 0x00, 0x00, 0x41, 0x6e, 0x79, 0x00,
 0x07, 0x00, 0x00, 0x00, 0x70, 0x72, 0x69, 0x76, 0x61, 0x63, 0x79, 0x00, 0x84, 0xff, 0xff, 0xff,
 0x00, 0x00, 0x00, 0x07, 0x01, 0x00, 0x00, 0x00, 0x0b, 0x00, 0x00, 0x00, 0x65, 0x78, 0x61, 0x6d,
 0x70, 0x6c, 0x65, 0x5f, 0x69, 0x6e, 0x74, 0x00, 0x1c, 0x00, 0x14, 0x00, 0x08, 0x00, 0x0c, 0x00,
 0x00, 0x00, 0x06, 0x00, 0x00, 0x00, 0x00, 0x00, 0x00, 0x00, 0x00, 0x00, 0x00, 0x00, 0x10, 0x00,
 0x00, 0x00, 0x05, 0x00, 0x1c, 0x00, 0x00, 0x00, 0x00, 0x01, 0x04, 0x00, 0x58, 0x00, 0x00, 0x00,
 0x48, 0x00, 0x00, 0x00, 0x04, 0x00, 0x00, 0x00, 0x01, 0x00, 0x00, 0x00, 0x0c, 0x00, 0x00, 0x00,
 0x08, 0x00, 0x0c, 0x00, 0x04, 0x00, 0x08, 0x00, 0x08, 0x00, 0x00, 0x00, 0x10, 0x00, 0x00, 0x00,
 0x04, 0x00, 0x00, 0x00, 0x03, 0x00, 0x00, 0x00, 0x41, 0x6e, 0x79, 0x00, 0x07, 0x00, 0x00, 0x00,
 0x70, 0x72, 0x69, 0x76, 0x61, 0x63, 0x79, 0x00, 0x10, 0x00, 0x0c, 0x00, 0x07, 0x00, 0x00, 0x00,
 0x00, 0x00, 0x00, 0x00, 0x00, 0x00, 0x08, 0x00, 0x10, 0x00, 0x00, 0x00, 0x00, 0x00, 0x00, 0x0d,
 0x01, 0x00, 0x00, 0x00, 0x0e, 0x00, 0x00, 0x00, 0x65, 0x78, 0x61, 0x6d, 0x70, 0x6c, 0x65, 0x5f,
 0x73, 0x74, 0x72, 0x69, 0x6e, 0x67, 0x00, 0x00, 0x20, 0x00, 0x00, 0x00, 0x62, 0x6c, 0x75, 0x65,
 0x74, 0x6f, 0x6f, 0x74, 0x68, 0x2e, 0x73, 0x68, 0x69, 0x6d, 0x2e, 0x44, 0x75, 0x6d, 0x70, 0x73,
 0x79, 0x73, 0x4d, 0x6f, 0x64, 0x75, 0x6c, 0x65, 0x44, 0x61, 0x74, 0x61, 0x00, 0x00, 0x00, 0x00,
 0xb0, 0xb0, 0xff, 0xff, 0x38, 0x05, 0x00, 0x00, 0x04, 0x00, 0x00, 0x00, 0x2c, 0x05, 0x00, 0x00,
 0x1c, 0x00, 0x00, 0x00, 0x42, 0x46, 0x42, 0x53, 0x14, 0x00, 0x20, 0x00, 0x04, 0x00, 0x08, 0x00,
 0x0c, 0x00, 0x10, 0x00, 0x14, 0x00, 0x18, 0x00, 0x00, 0x00, 0x1c, 0x00, 0x14, 0x00, 0x00, 0x00,
 0x34, 0x00, 0x00, 0x00, 0x2c, 0x00, 0x00, 0x00, 0x20, 0x00, 0x00, 0x00, 0x14, 0x00, 0x00, 0x00,
 0x60, 0x00, 0x00, 0x00, 0x08, 0x00, 0x00, 0x00, 0x24, 0x00, 0x00, 0x00, 0x00, 0x00, 0x00, 0x00,
 0x00, 0x00, 0x00, 0x00, 0x00, 0x00, 0x00, 0x00, 0x00, 0x00, 0x00, 0x00, 0x00, 0x00, 0x00, 0x00,
 0x00, 0x00, 0x00, 0x00, 0x01, 0x00, 0x00, 0x00, 0x38, 0x00, 0x00, 0x00, 0x01, 0x00, 0x00, 0x00,
 0x0c, 0x00, 0x00, 0x00, 0x08, 0x00, 0x0c, 0x00, 0x04, 0x00, 0x08, 0x00, 0x08, 0x00, 0x00, 0x00,
 0x34, 0x00, 0x00, 0x00, 0x04, 0x00, 0x00, 0x00, 0x00, 0x00, 0x00, 0x00, 0x14, 0x00, 0x14, 0x00,
 0x04, 0x00, 0x08, 0x00, 0x00, 0x00, 0x0c, 0x00, 0x00, 0x00, 0x00, 0x00, 0x00, 0x00, 0x10, 0x00,
 0x14, 0x00, 0x00, 0x00, 0x74, 0x00, 0x00, 0x00, 0x28, 0x00, 0x00, 0x00, 0x01, 0x00, 0x00, 0x00,
 0x04, 0x00, 0x00, 0x00, 0x16, 0x00, 0x00, 0x00, 0x2f, 0x2f, 0x77, 0x61, 0x6b, 0x65, 0x6c, 0x6f,
 0x63, 0x6b, 0x5f, 0x6d, 0x61, 0x6e, 0x61, 0x67, 0x65, 0x72, 0x2e, 0x66, 0x62, 0x73, 0x00, 0x00,
 0x11, 0x00, 0x00, 0x00, 0x68, 0x03, 0x00, 0x00, 0xfc, 0x02, 0x00, 0x00, 0xe4, 0x00, 0x00, 0x00,
 0xc8, 0x03, 0x00, 0x00, 0x88, 0x03, 0x00, 0x00, 0x7c, 0x02, 0x00, 0x00, 0xfc, 0x01, 0x00, 0x00,
 0x78, 0x01, 0x00, 0x00, 0x38, 0x02, 0x00, 0x00, 0xac, 0x01, 0x00, 0x00, 0x34, 0x01, 0x00, 0x00,
 0xf8, 0x00, 0x00, 0x00, 0x08, 0x03, 0x00, 0x00, 0x94, 0x02, 0x00, 0x00, 0xf8, 0x03, 0x00, 0x00,
 0x74, 0x00, 0x00, 0x00, 0x2c, 0x00, 0x00, 0x00, 0x20, 0x00, 0x00, 0x00, 0x62, 0x6c, 0x75, 0x65,
 0x74, 0x6f, 0x6f, 0x74, 0x68, 0x2e, 0x6f, 0x73, 0x2e, 0x57, 0x61, 0x6b, 0x65, 0x6c, 0x6f, 0x63,
 0x6b, 0x4d, 0x61, 0x6e, 0x61, 0x67, 0x65, 0x72, 0x44, 0x61, 0x74, 0x61, 0x00, 0x00, 0x00, 0x00,
 0xa4, 0xfc, 0xff, 0xff, 0x10, 0x00, 0x24, 0x00, 0x18, 0x00, 0x00, 0x00, 0x04, 0x00, 0x00, 0x00,
 0x98, 0xfc, 0xff, 0xff, 0x00, 0x00, 0x00, 0x09, 0x08, 0x00, 0x00, 0x00, 0x01, 0x00, 0x00, 0x00,
 0x1d, 0x00, 0x00, 0x00, 0x74, 0x6f, 0x74, 0x61, 0x6c, 0x5f, 0x74, 0x69, 0x6d, 0x65, 0x5f, 0x73,
 0x69, 0x6e, 0x63, 0x65, 0x5f, 0x72, 0x65, 0x73, 0x65, 0x74, 0x5f, 0x6d, 0x69, 0x6c, 0x6c, 0x69,
 0x73, 0x00, 0x00, 0x00, 0xe8, 0xfc, 0xff, 0xff, 0x0f, 0x00, 0x22, 0x00, 0x18, 0x00, 0x00, 0x00,
 0x04, 0x00, 0x00, 0x00, 0xdc, 0xfc, 0xff, 0xff, 0x00, 0x00, 0x00, 0x09, 0x08, 0x00, 0x00, 0x00,
 0x01, 0x00, 0x00, 0x00, 0x15, 0x00, 0x00, 0x00, 0x74, 0x6f, 0x74, 0x61, 0x6c, 0x5f, 0x69, 0x6e,
 0x74, 0x65, 0x72, 0x76, 0x61, 0x6c, 0x5f, 0x6d, 0x69, 0x6c, 0x6c, 0x69, 0x73, 0x00, 0x00, 0x00,
 0x24, 0xfd, 0xff, 0xff, 0x0e, 0x00, 0x20, 0x00, 0x18, 0x00, 0x00, 0x00, 0x04, 0x00, 0x00, 0x00,
 0x18, 0xfd, 0xff, 0xff, 0x00, 0x00, 0x00, 0x09, 0x08, 0x00, 0x00, 0x00, 0x01, 0x00, 0x00, 0x00,
 0x13, 0x00, 0x00, 0x00, 0x61, 0x76, 0x67, 0x5f, 0x69, 0x6e, 0x74, 0x65, 0x72, 0x76, 0x61, 0x6c,
 0x5f, 0x6d, 0x69, 0x6c, 0x6c, 0x69, 0x73, 0x00, 0x5c, 0xfd, 0xff, 0xff, 0x0d, 0x00, 0x1e, 0x00,
 0x18, 0x00, 0x00, 0x00, 0x04, 0x00, 0x00, 0x00, 0x50, 0xfd, 0xff, 0xff, 0x00, 0x00, 0x00, 0x09,
 0x08, 0x00, 0x00, 0x00, 0x01, 0x00, 0x00, 0x00, 0x13, 0x00, 0x00, 0x00, 0x6d, 0x69, 0x6e, 0x5f,
 0x69, 0x6e, 0x74, 0x65, 0x72, 0x76, 0x61, 0x6c, 0x5f, 0x6d, 0x69, 0x6c, 0x6c, 0x69, 0x73, 0x00,
 0x94, 0xfd, 0xff, 0xff, 0x0c, 0x00, 0x1c, 0x00, 0x18, 0x00, 0x00, 0x00, 0x04, 0x00, 0x00, 0x00,
 0x88, 0xfd, 0xff, 0xff, 0x00, 0x00, 0x00, 0x09, 0x08, 0x00, 0x00, 0x00, 0x01, 0x00, 0x00, 0x00,
 0x13, 0x00, 0x00, 0x00, 0x6d, 0x61, 0x78, 0x5f, 0x69, 0x6e, 0x74, 0x65, 0x72, 0x76, 0x61, 0x6c,
 0x5f, 0x6d, 0x69, 0x6c, 0x6c, 0x69, 0x73, 0x00, 0xcc, 0xfd, 0xff, 0xff, 0x0b, 0x00, 0x1a, 0x00,
 0x18, 0x00, 0x00, 0x00, 0x04, 0x00, 0x00, 0x00, 0xc0, 0xfd, 0xff, 0xff, 0x00, 0x00, 0x00, 0x09,
 0x08, 0x00, 0x00, 0x00, 0x01, 0x00, 0x00, 0x00, 0x14, 0x00, 0x00, 0x00, 0x6c, 0x61, 0x73, 0x74,
 0x5f, 0x69, 0x6e, 0x74, 0x65, 0x72, 0x76, 0x61, 0x6c, 0x5f, 0x6d, 0x69, 0x6c, 0x6c, 0x69, 0x73,
 0x00, 0x00, 0x00, 0x00, 0x08, 0xfe, 0xff, 0xff, 0x0a, 0x00, 0x18, 0x00, 0x18, 0x00, 0x00, 0x00,
 0x04, 0x00, 0x00, 0x00, 0xfc, 0xfd, 0xff, 0xff, 0x00, 0x00, 0x00, 0x09, 0x08, 0x00, 0x00, 0x00,
 0x01, 0x00, 0x00, 0x00, 0x1e, 0x00, 0x00, 0x00, 0x6c, 0x61, 0x73, 0x74, 0x5f, 0x72, 0x65, 0x6c,
 0x65, 0x61, 0x73, 0x65, 0x64, 0x5f, 0x74, 0x69, 0x6d, 0x65, 0x73, 0x74, 0x61, 0x6d, 0x70, 0x5f,
 0x6d, 0x69, 0x6c, 0x6c, 0x69, 0x73, 0x00, 0x00, 0x4c, 0xfe, 0xff, 0xff, 0x09, 0x00, 0x16, 0x00,
 0x18, 0x00, 0x00, 0x00, 0x04, 0x00, 0x00, 0x00, 0x40, 0xfe, 0xff, 0xff, 0x00, 0x00, 0x00, 0x09,
 0x08, 0x00, 0x00, 0x00, 0x01, 0x00, 0x00, 0x00, 0x1e, 0x00, 0x00, 0x00, 0x6c, 0x61, 0x73, 0x74,
 0x5f, 0x61, 0x63, 0x71, 0x75, 0x69, 0x72, 0x65, 0x64, 0x5f, 0x74, 0x69, 0x6d, 0x65, 0x73, 0x74,
 0x61, 0x6d, 0x70, 0x5f, 0x6d, 0x69, 0x6c, 0x6c, 0x69, 0x73, 0x00, 0x00, 0x90, 0xfe, 0xff, 0xff,
 0x08, 0x00, 0x14, 0x00, 0x14, 0x00, 0x00, 0x00, 0x04, 0x00, 0x00, 0x00, 0x28, 0xfe, 0xff, 0xff,
 0x00, 0x00, 0x00, 0x07, 0x01, 0x00, 0x00, 0x00, 0x17, 0x00, 0x00, 0x00, 0x6c, 0x61, 0x73, 0x74,
 0x5f, 0x72, 0x65, 0x6c, 0x65, 0x61, 0x73, 0x65, 0x5f, 0x65, 0x72, 0x72, 0x6f, 0x72, 0x5f, 0x63,
 0x6f, 0x64, 0x65, 0x00, 0xc8, 0xfe, 0xff, 0xff, 0x07, 0x00, 0x12, 0x00, 0x14, 0x00, 0x00, 0x00,
 0x04, 0x00, 0x00, 0x00, 0x60, 0xfe, 0xff, 0xff, 0x00, 0x00, 0x00, 0x07, 0x01, 0x00, 0x00, 0x00,
 0x17, 0x00, 0x00, 0x00, 0x6c, 0x61, 0x73, 0x74, 0x5f, 0x61, 0x63, 0x71, 0x75, 0x69, 0x72, 0x65,
 0x5f, 0x65, 0x72, 0x72, 0x6f, 0x72, 0x5f, 0x63, 0x6f, 0x64, 0x65, 0x00, 0x00, 0xff, 0xff, 0xff,
 0x06, 0x00, 0x10, 0x00, 0x14, 0x00, 0x00, 0x00, 0x04, 0x00, 0x00, 0x00, 0x98, 0xfe, 0xff, 0xff,
 0x00, 0x00, 0x00, 0x07, 0x01, 0x00, 0x00, 0x00, 0x14, 0x00, 0x00, 0x00, 0x72, 0x65, 0x6c, 0x65,
 0x61, 0x73, 0x65, 0x64, 0x5f, 0x65, 0x72, 0x72, 0x6f, 0x72, 0x5f, 0x63, 0x6f, 0x75, 0x6e, 0x74,
 0x00, 0x00, 0x00, 0x00, 0x38, 0xff, 0xff, 0xff, 0x05, 0x00, 0x0e, 0x00, 0x14, 0x00, 0x00, 0x00,
 0x04, 0x00, 0x00, 0x00, 0xd0, 0xfe, 0xff, 0xff, 0x00, 0x00, 0x00, 0x07, 0x01, 0x00, 0x00, 0x00,
 0x14, 0x00, 0x00, 0x00, 0x61, 0x63, 0x71, 0x75, 0x69, 0x72, 0x65, 0x64, 0x5f, 0x65, 0x72, 0x72,
 0x6f, 0x72, 0x5f, 0x63, 0x6f, 0x75, 0x6e, 0x74, 0x00, 0x00, 0x00, 0x00, 0x70, 0xff, 0xff, 0xff,
 0x04, 0x00, 0x0c, 0x00, 0x14, 0x00, 0x00, 0x00, 0x04, 0x00, 0x00, 0x00, 0x08, 0xff, 0xff, 0xff,
 0x00, 0x00, 0x00, 0x07, 0x01, 0x00, 0x00, 0x00, 0x0e, 0x00, 0x00, 0x00, 0x72, 0x65, 0x6c, 0x65,
 0x61, 0x73, 0x65, 0x64, 0x5f, 0x63, 0x6f, 0x75, 0x6e, 0x74, 0x00, 0x00, 0xa0, 0xff, 0xff, 0xff,
 0x03, 0x00, 0x0a, 0x00, 0x14, 0x00, 0x00, 0x00, 0x04, 0x00, 0x00, 0x00, 0x38, 0xff, 0xff, 0xff,
 0x00, 0x00, 0x00, 0x07, 0x01, 0x00, 0x00, 0x00, 0x0e, 0x00, 0x00, 0x00, 0x61, 0x63, 0x71, 0x75,
 0x69, 0x72, 0x65, 0x64, 0x5f, 0x63, 0x6f, 0x75, 0x6e, 0x74, 0x00, 0x00, 0xd0, 0xff, 0xff, 0xff,
 0x02, 0x00, 0x08, 0x00, 0x18, 0x00, 0x00, 0x00, 0x04, 0x00, 0x00, 0x00, 0xc4, 0xff, 0xff, 0xff,
 0x00, 0x00, 0x00, 0x02, 0x01, 0x00, 0x00, 0x00, 0x01, 0x00, 0x00, 0x00, 0x09, 0x00, 0x00, 0x00,
 0x69, 0x73, 0x5f, 0x6e, 0x61, 0x74, 0x69, 0x76, 0x65, 0x00, 0x00, 0x00, 0x0c, 0x00, 0x10, 0x00,
 0x08, 0x00, 0x0c, 0x00, 0x04, 0x00, 0x06, 0x00, 0x0c, 0x00, 0x00, 0x00, 0x01, 0x00, 0x06, 0x00,
 0x28, 0x00, 0x00, 0x00, 0x14, 0x00, 0x00, 0x00, 0x10, 0x00, 0x10, 0x00, 0x07, 0x00, 0x00, 0x00,
 0x00, 0x00, 0x00, 0x00, 0x08, 0x00, 0x0c, 0x00, 0x10, 0x00, 0x00, 0x00, 0x00, 0x00, 0x00, 0x02,
 0x01, 0x00, 0x00, 0x00, 0x01, 0x00, 0x00, 0x00, 0x0b, 0x00, 0x00, 0x00, 0x69, 0x73, 0x5f, 0x61,
 0x63, 0x71, 0x75, 0x69, 0x72, 0x65, 0x64, 0x00, 0x1c, 0x00, 0x10, 0x00, 0x08, 0x00, 0x0c, 0x00,
 0x00, 0x00, 0x06, 0x00, 0x00, 0x00, 0x00, 0x00, 0x00, 0x00, 0x00, 0x00, 0x00, 0x00, 0x00, 0x00,
 0x00, 0x00, 0x05, 0x00, 0x1c, 0x00, 0x00, 0x00, 0x00, 0x01, 0x04, 0x00, 0x24, 0x00, 0x00, 0x00,
 0x14, 0x00, 0x00, 0x00, 0x10, 0x00, 0x0c, 0x00, 0x07, 0x00, 0x00, 0x00, 0x00, 0x00, 0x00, 0x00,
 0x00, 0x00, 0x08, 0x00, 0x10, 0x00, 0x00, 0x00, 0x00, 0x00, 0x00, 0x0d, 0x01, 0x00, 0x00, 0x00,
 0x05, 0x00, 0x00, 0x00, 0x74, 0x69, 0x74, 0x6c, 0x65, 0x00, 0x00, 0x00, 0x20, 0x00, 0x00, 0x00,
 0x62, 0x6c, 0x75, 0x65, 0x74, 0x6f, 0x6f, 0x74, 0x68, 0x2e, 0x6f, 0x73, 0x2e, 0x57, 0x61, 0x6b,
 0x65, 0x6c, 0x6f, 0x63, 0x6b, 0x4d, 0x61, 0x6e, 0x61, 0x67, 0x65, 0x72, 0x44, 0x61, 0x74, 0x61,
 0x00, 0x00, 0x00, 0x00, 0x14, 0xb6, 0xff, 0xff, 0xbc, 0x03, 0x00, 0x00, 0x04, 0x00, 0x00, 0x00,
 0xb0, 0x03, 0x00, 0x00, 0x1c, 0x00, 0x00, 0x00, 0x42, 0x46, 0x42, 0x53, 0x14, 0x00, 0x20, 0x00,
 0x04, 0x00, 0x08, 0x00, 0x0c, 0x00, 0x10, 0x00, 0x14, 0x00, 0x18, 0x00, 0x00, 0x00, 0x1c, 0x00,
 0x14, 0x00, 0x00, 0x00, 0x34, 0x00, 0x00, 0x00, 0x2c, 0x00, 0x00, 0x00, 0x20, 0x00, 0x00, 0x00,
 0x14, 0x00, 0x00, 0x00, 0x4c, 0x00, 0x00, 0x00, 0x08, 0x00, 0x00, 0x00, 0x2c, 0x00, 0x00, 0x00,
 0x00, 0x00, 0x00, 0x00, 0x00, 0x00, 0x00, 0x00, 0x00, 0x00, 0x00, 0x00, 0x00, 0x00, 0x00, 0x00,
 0x00, 0x00, 0x00, 0x00, 0x00, 0x00, 0x00, 0x00, 0x03, 0x00, 0x00, 0x00, 0xb4, 0x02, 0x00, 0x00,
 0x20, 0x00, 0x00, 0x00, 0x68, 0x01, 0x00, 0x00, 0x01, 0x00, 0x00, 0x00, 0x04, 0x00, 0x00, 0x00,
 0xe4, 0xfe, 0xff, 0xff, 0xb0, 0x02, 0x00, 0x00, 0x04, 0x00, 0x00, 0x00, 0x00, 0x00, 0x00, 0x00,
 0x84, 0xfd, 0xff, 0xff, 0x1c, 0x00, 0x00, 0x00, 0x0c, 0x00, 0x00, 0x00, 0x01, 0x00, 0x00, 0x00,
 0x94, 0x02, 0x00, 0x00, 0x02, 0x00, 0x00, 0x00, 0x58, 0x00, 0x00, 0x00, 0xd4, 0x00, 0x00, 0x00,
 0x2e, 0x00, 0x00, 0x00, 0x62, 0x6c, 0x75, 0x65, 0x74, 0x6f, 0x6f, 0x74, 0x68, 0x2e, 0x6c, 0x32,
 0x63, 0x61, 0x70, 0x2e, 0x63, 0x6c, 0x61, 0x73, 0x73, 0x69, 0x63, 0x2e, 0x4c, 0x32, 0x63, 0x61,
 0x70, 0x43, 0x6c, 0x61, 0x73, 0x73, 0x69, 0x63, 0x4d, 0x6f, 0x64, 0x75, 0x6c, 0x65, 0x44, 0x61,
 0x74, 0x61, 0x00, 0x00, 0x1c, 0x00, 0x18, 0x00, 0x0c, 0x00, 0x10, 0x00, 0x08, 0x00, 0x0a, 0x00,
 0x00, 0x00, 0x00, 0x00, 0x00, 0x00, 0x00, 0x00, 0x00, 0x00, 0x14, 0x00, 0x00, 0x00, 0x07, 0x00,
 0x1c, 0x00, 0x00, 0x00, 0x00, 0x00, 0x00, 0x01, 0x01, 0x00, 0x06, 0x00, 0x44, 0x00, 0x00, 0x00,
 0x30, 0x00, 0x00, 0x00, 0x04, 0x00, 0x00, 0x00, 0x01, 0x00, 0x00, 0x00, 0x04, 0x00, 0x00, 0x00,
 0x84, 0xff, 0xff, 0xff, 0x10, 0x00, 0x00, 0x00, 0x04, 0x00, 0x00, 0x00, 0x03, 0x00, 0x00, 0x00,
 0x41, 0x6e, 0x79, 0x00, 0x07, 0x00, 0x00, 0x00, 0x70, 0x72, 0x69, 0x76, 0x61, 0x63, 0x79, 0x00,
 0xb0, 0xfe, 0xff, 0xff, 0x00, 0x00, 0x0e, 0x0f, 0x02, 0x00, 0x00, 0x00, 0x04, 0x00, 0x00, 0x00,
 0x0c, 0x00, 0x00, 0x00, 0x61, 0x63, 0x74, 0x69, 0x76, 0x65, 0x5f, 0x6c, 0x69, 0x6e, 0x6b, 0x73,
 0x00, 0x00, 0x00, 0x00, 0x1c, 0x00, 0x14, 0x00, 0x08, 0x00, 0x0c, 0x00, 0x00, 0x00, 0x06, 0x00,
 0x00, 0x00, 0x00, 0x00, 0x00, 0x00, 0x00, 0x00, 0x00, 0x00, 0x10, 0x00, 0x00, 0x00, 0x05, 0x00,
 0x1c, 0x00, 0x00, 0x00, 0x00, 0x01, 0x04, 0x00, 0x48, 0x00, 0x00, 0x00, 0x38, 0x00, 0x00, 0x00,
 0x04, 0x00, 0x00, 0x00, 0x01, 0x00, 0x00, 0x00, 0x0c, 0x00, 0x00, 0x00, 0x08, 0x00, 0x0c, 0x00,
 0x04, 0x00, 0x08, 0x00, 0x08, 0x00, 0x00, 0x00, 0x10, 0x00, 0x00, 0x00, 0x04, 0x00, 0x00, 0x00,
 0x03, 0x00, 0x00, 0x00, 0x41, 0x6e, 0x79, 0x00, 0x07, 0x00, 0x00, 0x00, 0x70, 0x72, 0x69, 0x76,
 0x61, 0x63, 0x79, 0x00, 0x24, 0xfe, 0xff, 0xff, 0x00, 0x00, 0x00, 0x0d, 0x01, 0x00, 0x00, 0x00,
 0x05, 0x00, 0x00, 0x00, 0x74, 0x69, 0x74, 0x6c, 0x65, 0x00, 0x00, 0x00, 0xd0, 0xfe, 0xff, 0xff,
 0x20, 0x00, 0x00, 0x00, 0x0c, 0x00, 0x00, 0x00, 0x01, 0x00, 0x00, 0x00, 0x48, 0x01, 0x00, 0x00,
 0x03, 0x00, 0x00, 0x00, 0xf0, 0x00, 0x00, 0x00, 0x84, 0x00, 0x00, 0x00, 0x2c, 0x00, 0x00, 0x00,
 0x20, 0x00, 0x00, 0x00, 0x62, 0x6c, 0x75, 0x65, 0x74, 0x6f, 0x6f, 0x74, 0x68, 0x2e, 0x6c, 0x32,
 0x63, 0x61, 0x70, 0x2e, 0x63, 0x6c, 0x61, 0x73, 0x73, 0x69, 0x63, 0x2e, 0x4c, 0x69, 0x6e, 0x6b,
 0x44, 0x61, 0x74, 0x61, 0x00, 0x00, 0x00, 0x00, 0xc8, 0xff, 0xff, 0xff, 0x00, 0x00, 0x00, 0x01,
 0x02, 0x00, 0x08, 0x00, 0x18, 0x00, 0x00, 0x00, 0x04, 0x00, 0x00, 0x00, 0xac, 0xff, 0xff, 0xff,
 0x00, 0x00, 0x0e, 0x0f, 0x00, 0x00, 0x00, 0x00, 0x04, 0x00, 0x00, 0x00, 0x0e, 0x00, 0x00, 0x00,
 0x66, 0x69, 0x78, 0x65, 0x64, 0x5f, 0x63, 0x68, 0x61, 0x6e, 0x6e, 0x65, 0x6c, 0x73, 0x00, 0x00,
 0x1c, 0x00, 0x14, 0x00, 0x0c, 0x00, 0x10, 0x00, 0x08, 0x00, 0x0a, 0x00, 0x00, 0x00, 0x00, 0x00,
 0x00, 0x00, 0x00, 0x00, 0x00, 0x00, 0x00, 0x00, 0x00, 0x00, 0x07, 0x00, 0x1c, 0x00, 0x00, 0x00,
 0x00, 0x00, 0x00, 0x01, 0x01, 0x00, 0x06, 0x00, 0x28, 0x00, 0x00, 0x00, 0x14, 0x00, 0x00, 0x00,
 0x10, 0x00, 0x10, 0x00, 0x06, 0x00, 0x07, 0x00, 0x08, 0x00, 0x00, 0x00, 0x00, 0x00, 0x0c, 0x00,
 0x10, 0x00, 0x00, 0x00, 0x00, 0x00, 0x0e, 0x0f, 0x00, 0x00, 0x00, 0x00, 0x04, 0x00, 0x00, 0x00,
 0x10, 0x00, 0x00, 0x00, 0x64, 0x79, 0x6e, 0x61, 0x6d, 0x69, 0x63, 0x5f, 0x63, 0x68, 0x61, 0x6e,
 0x6e, 0x65, 0x6c, 0x73, 0x00, 0x00, 0x00, 0x00, 0x1c, 0x00, 0x10, 0x00, 0x08, 0x00, 0x0c, 0x00,
 0x00, 0x00, 0x06, 0x00, 0x00, 0x00, 0x00, 0x00, 0x00, 0x00, 0x00, 0x00, 0x00, 0x00, 0x00, 0x00,
 0x00, 0x00, 0x05, 0x00, 0x1c, 0x00, 0x00, 0x00, 0x00, 0x01, 0x04, 0x00, 0x14, 0x00, 0x00, 0x00,
 0x04, 0x00, 0x00, 0x00, 0x54, 0xff, 0xff, 0xff, 0x00, 0x00, 0x00, 0x0d, 0x01, 0x00, 0x00, 0x00,
 0x07, 0x00, 0x00, 0x00, 0x61, 0x64, 0x64, 0x72, 0x65, 0x73, 0x73, 0x00, 0x14, 0x00, 0x14, 0x00,
 0x04, 0x00, 0x08, 0x00, 0x00, 0x00, 0x0c, 0x00, 0x00, 0x00, 0x00, 0x00, 0x00, 0x00, 0x10, 0x00,
 0x14, 0x00, 0x00, 0x00, 0x38, 0x00, 0x00, 0x00, 0x2c, 0x00, 0x00, 0x00, 0x01, 0x00, 0x00, 0x00,
 0x04, 0x00, 0x00, 0x00, 0x1a, 0x00, 0x00, 0x00, 0x2f, 0x2f, 0x6c, 0x32, 0x63, 0x61, 0x70, 0x5f,
 0x63, 0x6c, 0x61, 0x73, 0x73, 0x69, 0x63, 0x5f, 0x6d, 0x6f, 0x64, 0x75, 0x6c, 0x65, 0x2e, 0x66,
 0x62, 0x73, 0x00, 0x00, 0x01, 0x00, 0x00, 0x00, 0x38, 0x00, 0x00, 0x00, 0x23, 0x00, 0x00, 0x00,
 0x62, 0x6c, 0x75, 0x65, 0x74, 0x6f, 0x6f, 0x74, 0x68, 0x2e, 0x6c, 0x32, 0x63, 0x61, 0x70, 0x2e,
 0x63, 0x6c, 0x61, 0x73, 0x73, 0x69, 0x63, 0x2e, 0x43, 0x68, 0x61, 0x6e, 0x6e, 0x65, 0x6c, 0x44,
 0x61, 0x74, 0x61, 0x00, 0x0c, 0x00, 0x10, 0x00, 0x08, 0x00, 0x0c, 0x00, 0x00, 0x00, 0x06, 0x00,
 0x0c, 0x00, 0x00, 0x00, 0x00, 0x00, 0x04, 0x00, 0x24, 0x00, 0x00, 0x00, 0x14, 0x00, 0x00, 0x00,
 0x10, 0x00, 0x0c, 0x00, 0x07, 0x00, 0x00, 0x00, 0x00, 0x00, 0x00, 0x00, 0x00, 0x00, 0x08, 0x00,
 0x10, 0x00, 0x00, 0x00, 0x00, 0x00, 0x00, 0x07, 0x01, 0x00, 0x00, 0x00, 0x03, 0x00, 0x00, 0x00,
 0x63, 0x69, 0x64, 0x00, 0x2e, 0x00, 0x00, 0x00, 0x62, 0x6c, 0x75, 0x65, 0x74, 0x6f, 0x6f, 0x74,
 0x68, 0x2e, 0x6c, 0x32, 0x63, 0x61, 0x70, 0x2e, 0x63, 0x6c, 0x61, 0x73, 0x73, 0x69, 0x63, 0x2e,
 0x4c, 0x32, 0x63, 0x61, 0x70, 0x43, 0x6c, 0x61, 0x73, 0x73, 0x69, 0x63, 0x4d, 0x6f, 0x64, 0x75,
 0x6c, 0x65, 0x44, 0x61, 0x74, 0x61, 0x00, 0x00, 0x08, 0xba, 0xff, 0xff, 0xbc, 0x16, 0x00, 0x00,
 0x04, 0x00, 0x00, 0x00, 0xb0, 0x16, 0x00, 0x00, 0x1c, 0x00, 0x00, 0x00, 0x42, 0x46, 0x42, 0x53,
 0x14, 0x00, 0x20, 0x00, 0x04, 0x00, 0x08, 0x00, 0x0c, 0x00, 0x10, 0x00, 0x14, 0x00, 0x18, 0x00,
 0x00, 0x00, 0x1c, 0x00, 0x14, 0x00, 0x00, 0x00, 0x34, 0x00, 0x00, 0x00, 0x2c, 0x00, 0x00, 0x00,
 0x20, 0x00, 0x00, 0x00, 0x14, 0x00, 0x00, 0x00, 0x58, 0x00, 0x00, 0x00, 0x08, 0x00, 0x00, 0x00,
 0x38, 0x00, 0x00, 0x00, 0x00, 0x00, 0x00, 0x00, 0x00, 0x00, 0x00, 0x00, 0x00, 0x00, 0x00, 0x00,
 0x00, 0x00, 0x00, 0x00, 0x00, 0x00, 0x00, 0x00, 0x00, 0x00, 0x00, 0x00, 0x06, 0x00, 0x00, 0x00,
 0x34, 0x12, 0x00, 0x00, 0x2c, 0x00, 0x00, 0x00, 0x20, 0x10, 0x00, 0x00, 0x50, 0x08, 0x00, 0x00,
 0x80, 0x13, 0x00, 0x00, 0x4c, 0x09, 0x00, 0x00, 0x01, 0x00, 0x00, 0x00, 0x04, 0x00, 0x00, 0x00,
 0x1c, 0xea, 0xff, 0xff, 0x80, 0x13, 0x00, 0x00, 0x04, 0x00, 0x00, 0x00, 0x00, 0x00, 0x00, 0x00,
 0xb4, 0xec, 0xff, 0xff, 0x5c, 0x00, 0x00, 0x00, 0x0c, 0x00, 0x00, 0x00, 0x01, 0x00, 0x00, 0x00,
 0x64, 0x13, 0x00, 0x00, 0x12, 0x00, 0x00, 0x00, 0xdc, 0x06, 0x00, 0x00, 0xa0, 0x01, 0x00, 0x00,
 0x0c, 0x06, 0x00, 0x00, 0xa4, 0x05, 0x00, 0x00, 0x38, 0x05, 0x00, 0x00, 0x24, 0x01, 0x00, 0x00,
 0xe8, 0x03, 0x00, 0x00, 0x58, 0x04, 0x00, 0x00, 0xf4, 0x02, 0x00, 0x00, 0x7c, 0x02, 0x00, 0x00,
 0xb8, 0x04, 0x00, 0x00, 0x60, 0x03, 0x00, 0x00, 0xa4, 0x00, 0x00, 0x00, 0xec, 0x01, 0x00, 0x00,
 0x08, 0x07, 0x00, 0x00, 0x3c, 0x06, 0x00, 0x00, 0x80, 0x07, 0x00, 0x00, 0x28, 0x00, 0x00, 0x00,
 0x1c, 0x00, 0x00, 0x00, 0x62, 0x6c, 0x75, 0x65, 0x74, 0x6f, 0x6f, 0x74, 0x68, 0x2e, 0x68, 0x63,
 0x69, 0x2e, 0x43, 0x6f, 0x6e, 0x74, 0x72, 0x6f, 0x6c, 0x6c, 0x65, 0x72, 0x44, 0x61, 0x74, 0x61,
 0x00, 0x00, 0x00, 0x00, 0xe8, 0xeb, 0xff, 0xff, 0x00, 0x00, 0x00, 0x01, 0x11, 0x00, 0x26, 0x00,
 0x44, 0x00, 0x00, 0x00, 0x30, 0x00, 0x00, 0x00, 0x04, 0x00, 0x00, 0x00, 0x01, 0x00, 0x00, 0x00,
 0x04, 0x00, 0x00, 0x00, 0xd0, 0xea, 0xff, 0xff, 0x10, 0x00, 0x00, 0x00, 0x04, 0x00, 0x00, 0x00,
 0x03, 0x00, 0x00, 0x00, 0x41, 0x6e, 0x79, 0x00, 0x07, 0x00, 0x00, 0x00, 0x70, 0x72, 0x69, 0x76,
 0x61, 0x63, 0x79, 0x00, 0x2c, 0xf9, 0xff, 0xff, 0x00, 0x00, 0x00, 0x0f, 0x05, 0x00, 0x00, 0x00,
 0x01, 0x00, 0x00, 0x00, 0x13, 0x00, 0x00, 0x00, 0x76, 0x65, 0x6e, 0x64, 0x6f, 0x72, 0x5f, 0x63,
 0x61, 0x70, 0x61, 0x62, 0x69, 0x6c, 0x69, 0x74, 0x69, 0x65, 0x73, 0x00, 0xd8, 0xeb, 0xff, 0xff,
 0x10, 0x00, 0x24, 0x00, 0x44, 0x00, 0x00, 0x00, 0x30, 0x00, 0x00, 0x00, 0x04, 0x00, 0x00, 0x00,
 0x01, 0x00, 0x00, 0x00, 0x04, 0x00, 0x00, 0x00, 0x34, 0xeb, 0xff, 0xff, 0x10, 0x00, 0x00, 0x00,
 0x04, 0x00, 0x00, 0x00, 0x03, 0x00, 0x00, 0x00, 0x41, 0x6e, 0x79, 0x00, 0x07, 0x00, 0x00, 0x00,
 0x70, 0x72, 0x69, 0x76, 0x61, 0x63, 0x79, 0x00, 0xc0, 0xeb, 0xff, 0xff, 0x00, 0x00, 0x00, 0x0a,
 0x08, 0x00, 0x00, 0x00, 0x01, 0x00, 0x00, 0x00, 0x13, 0x00, 0x00, 0x00, 0x6c, 0x65, 0x5f, 0x73,
 0x75, 0x70, 0x70, 0x6f, 0x72, 0x74, 0x65, 0x64, 0x5f, 0x73, 0x74, 0x61, 0x74, 0x65, 0x73, 0x00,
 0x3c, 0xec, 0xff, 0xff, 0x0f, 0x00, 0x22, 0x00, 0x44, 0x00, 0x00, 0x00, 0x30, 0x00, 0x00, 0x00,
 0x04, 0x00, 0x00, 0x00, 0x01, 0x00, 0x00, 0x00, 0x04, 0x00, 0x00, 0x00, 0x98, 0xeb, 0xff, 0xff,
 0x10, 0x00, 0x00, 0x00, 0x04, 0x00, 0x00, 0x00, 0x03, 0x00, 0x00, 0x00, 0x41, 0x6e, 0x79, 0x00,
 0x07, 0x00, 0x00, 0x00, 0x70, 0x72, 0x69, 0x76, 0x61, 0x63, 0x79, 0x00, 0x24, 0xec, 0xff, 0xff,
 0x00, 0x00, 0x00, 0x09, 0x08, 0x00, 0x00, 0x00, 0x01, 0x00, 0x00, 0x00, 0x1b, 0x00, 0x00, 0x00,
 0x6c, 0x65, 0x5f, 0x6c, 0x6f, 0x63, 0x61, 0x6c, 0x5f, 0x73, 0x75, 0x70, 0x70, 0x6f, 0x72, 0x74,
 0x65, 0x64, 0x5f, 0x66, 0x65, 0x61, 0x74, 0x75, 0x72, 0x65, 0x73, 0x00, 0x20, 0xed, 0xff, 0xff,
 0x00, 0x00, 0x00, 0x01, 0x0e, 0x00, 0x20, 0x00, 0x50, 0x00, 0x00, 0x00, 0x40, 0x00, 0x00, 0x00,
 0x04, 0x00, 0x00, 0x00, 0x01, 0x00, 0x00, 0x00, 0x04, 0x00, 0x00, 0x00, 0x08, 0xec, 0xff, 0xff,
 0x10, 0x00, 0x00, 0x00, 0x04, 0x00, 0x00, 0x00, 0x03, 0x00, 0x00, 0x00, 0x41, 0x6e, 0x79, 0x00,
 0x07, 0x00, 0x00, 0x00, 0x70, 0x72, 0x69, 0x76, 0x61, 0x63, 0x79, 0x00, 0x10, 0x00, 0x0c, 0x00,
 0x06, 0x00, 0x07, 0x00, 0x00, 0x00, 0x00, 0x00, 0x00, 0x00, 0x08, 0x00, 0x10, 0x00, 0x00, 0x00,
 0x00, 0x00, 0x0e, 0x0a, 0x08, 0x00, 0x00, 0x00, 0x1b, 0x00, 0x00, 0x00, 0x65, 0x78, 0x74, 0x65,
 0x6e, 0x64, 0x65, 0x64, 0x5f, 0x6c, 0x6d, 0x70, 0x5f, 0x66, 0x65, 0x61, 0x74, 0x75, 0x72, 0x65,
 0x73, 0x5f, 0x61, 0x72, 0x72, 0x61, 0x79, 0x00, 0x9c, 0xed, 0xff, 0xff, 0x00, 0x00, 0x00, 0x01,
 0x0d, 0x00, 0x1e, 0x00, 0x54, 0x00, 0x00, 0x00, 0x40, 0x00, 0x00, 0x00, 0x04, 0x00, 0x00, 0x00,
 0x01, 0x00, 0x00, 0x00, 0x04, 0x00, 0x00, 0x00, 0x84, 0xec, 0xff, 0xff, 0x10, 0x00, 0x00, 0x00,
 0x04, 0x00, 0x00, 0x00, 0x03, 0x00, 0x00, 0x00, 0x41, 0x6e, 0x79, 0x00, 0x07, 0x00, 0x00, 0x00,
 0x70, 0x72, 0x69, 0x76, 0x61, 0x63, 0x79, 0x00, 0x10, 0x00, 0x10, 0x00, 0x06, 0x00, 0x07, 0x00,
 0x08, 0x00, 0x00, 0x00, 0x00, 0x00, 0x0c, 0x00, 0x10, 0x00, 0x00, 0x00, 0x00, 0x00, 0x0e, 0x0f,
 0x03, 0x00, 0x00, 0x00, 0x02, 0x00, 0x00, 0x00, 0x18, 0x00, 0x00, 0x00, 0x6c, 0x6f, 0x63, 0x61,
 0x6c, 0x5f, 0x73, 0x75, 0x70, 0x70, 0x6f, 0x72, 0x74, 0x65, 0x64, 0x5f, 0x63, 0x6f, 0x6d, 0x6d,
 0x61, 0x6e, 0x64, 0x73, 0x00, 0x00, 0x00, 0x00, 0xa4, 0xed, 0xff, 0xff, 0x0c, 0x00, 0x1c, 0x00,
 0x44, 0x00, 0x00, 0x00, 0x30, 0x00, 0x00, 0x00, 0x04, 0x00, 0x00, 0x00, 0x01, 0x00, 0x00, 0x00,
 0x04, 0x00, 0x00, 0x00, 0x00, 0xed, 0xff, 0xff, 0x10, 0x00, 0x00, 0x00, 0x04, 0x00, 0x00, 0x00,
 0x03, 0x00, 0x00, 0x00, 0x41, 0x6e, 0x79, 0x00, 0x07, 0x00, 0x00, 0x00, 0x70, 0x72, 0x69, 0x76,
 0x61, 0x63, 0x79, 0x00, 0x8c, 0xed, 0xff, 0xff, 0x00, 0x00, 0x00, 0x04, 0x01, 0x00, 0x00, 0x00,
 0x01, 0x00, 0x00, 0x00, 0x20, 0x00, 0x00, 0x00, 0x6c, 0x65, 0x5f, 0x70, 0x65, 0x72, 0x69, 0x6f,
 0x64, 0x69, 0x63, 0x5f, 0x61, 0x64, 0x76, 0x65, 0x72, 0x74, 0x69, 0x73, 0x65, 0x72, 0x5f, 0x6c,
 0x69, 0x73, 0x74, 0x5f, 0x73, 0x69, 0x7a, 0x65, 0x00, 0x00, 0x00, 0x00, 0x18, 0xee, 0xff, 0xff,
 0x0b, 0x00, 0x1a, 0x00, 0x44, 0x00, 0x00, 0x00, 0x30, 0x00, 0x00, 0x00, 0x04, 0x00, 0x00, 0x00,
 0x01, 0x00, 0x00, 0x00, 0x04, 0x00, 0x00, 0x00, 0x74, 0xed, 0xff, 0xff, 0x10, 0x00, 0x00, 0x00,
 0x04, 0x00, 0x00, 0x00, 0x03, 0x00, 0x00, 0x00, 0x41, 0x6e, 0x79, 0x00, 0x07, 0x00, 0x00, 0x00,
 0x70, 0x72, 0x69, 0x76, 0x61, 0x63, 0x79, 0x00, 0x00, 0xee, 0xff, 0xff, 0x00, 0x00, 0x00, 0x04,
 0x01, 0x00, 0x00, 0x00, 0x01, 0x00, 0x00, 0x00, 0x24, 0x00, 0x00, 0x00, 0x6c, 0x65, 0x5f, 0x6e,
 0x75, 0x6d, 0x62, 0x65, 0x72, 0x5f, 0x73, 0x75, 0x70, 0x70, 0x6f, 0x72, 0x74, 0x65, 0x64, 0x5f,
 0x61, 0x64, 0x76, 0x65, 0x72, 0x74, 0x69, 0x73, 0x69, 0x6e, 0x67, 0x5f, 0x73, 0x65, 0x74, 0x73,
 0x00, 0x00, 0x00, 0x00, 0x90, 0xee, 0xff, 0xff, 0x0a, 0x00, 0x18, 0x00, 0x44, 0x00, 0x00, 0x00,
 0x30, 0x00, 0x00, 0x00, 0x04, 0x00, 0x00, 0x00, 0x01, 0x00, 0x00, 0x00, 0x04, 0x00, 0x00, 0x00,
 0xec, 0xed, 0xff, 0xff, 0x10, 0x00, 0x00, 0x00, 0x04, 0x00, 0x00, 0x00, 0x03, 0x00, 0x00, 0x00,
 0x41, 0x6e, 0x79, 0x00, 0x07, 0x00, 0x00, 0x00, 0x70, 0x72, 0x69, 0x76, 0x61, 0x63, 0x79, 0x00,
 0x78, 0xee, 0xff, 0xff, 0x00, 0x00, 0x00, 0x06, 0x02, 0x00, 0x00, 0x00, 0x01, 0x00, 0x00, 0x00,
 0x20, 0x00, 0x00, 0x00, 0x6c, 0x65, 0x5f, 0x73, 0x75, 0x67, 0x67, 0x65, 0x73, 0x74, 0x65, 0x64,
 0x5f, 0x64, 0x65, 0x66, 0x61, 0x75, 0x6c, 0x74, 0x5f, 0x64, 0x61, 0x74, 0x61, 0x5f, 0x6c, 0x65,
 0x6e, 0x67, 0x74, 0x68, 0x00, 0x00, 0x00, 0x00, 0x04, 0xef, 0xff, 0xff, 0x09, 0x00, 0x16, 0x00,
 0x44, 0x00, 0x00, 0x00, 0x30, 0x00, 0x00, 0x00, 0x04, 0x00, 0x00, 0x00, 0x01, 0x00, 0x00, 0x00,
 0x04, 0x00, 0x00, 0x00, 0x60, 0xee, 0xff, 0xff, 0x10, 0x00, 0x00, 0x00, 0x04, 0x00, 0x00, 0x00,
 0x03, 0x00, 0x00, 0x00, 0x41, 0x6e, 0x79, 0x00, 0x07, 0x00, 0x00, 0x00, 0x70, 0x72, 0x69, 0x76,
 0x61, 0x63, 0x79, 0x00, 0xec, 0xee, 0xff, 0xff, 0x00, 0x00, 0x00, 0x06, 0x02, 0x00, 0x00, 0x00,
 0x01, 0x00, 0x00, 0x00, 0x22, 0x00, 0x00, 0x00, 0x6c, 0x65, 0x5f, 0x6d, 0x61, 0x78, 0x69, 0x6d,
 0x75, 0x6d, 0x5f, 0x61, 0x64, 0x76, 0x65, 0x72, 0x74, 0x69, 0x73, 0x69, 0x6e, 0x67, 0x5f, 0x64,
 0x61, 0x74, 0x61, 0x5f, 0x6c, 0x65, 0x6e, 0x67, 0x74, 0x68, 0x00, 0x00, 0xf0, 0xef, 0xff, 0xff,
 0x00, 0x00, 0x00, 0x01, 0x08, 0x00, 0x14, 0x00, 0x44, 0x00, 0x00, 0x00, 0x30, 0x00, 0x00, 0x00,
 0x04, 0x00, 0x00, 0x00, 0x01, 0x00, 0x00, 0x00, 0x04, 0x00, 0x00, 0x00, 0xd8, 0xee, 0xff, 0xff,
 0x10, 0x00, 0x00, 0x00, 0x04, 0x00, 0x00, 0x00, 0x03, 0x00, 0x00, 0x00, 0x41, 0x6e, 0x79, 0x00,
 0x07, 0x00, 0x00, 0x00, 0x70, 0x72, 0x69, 0x76, 0x61, 0x63, 0x79, 0x00, 0x34, 0xfd, 0xff, 0xff,
 0x00, 0x00, 0x00, 0x0f, 0x02, 0x00, 0x00, 0x00, 0x01, 0x00, 0x00, 0x00, 0x16, 0x00, 0x00, 0x00,
 0x6c, 0x65, 0x5f, 0x6d, 0x61, 0x78, 0x69, 0x6d, 0x75, 0x6d, 0x5f, 0x64, 0x61, 0x74, 0x61, 0x5f,
 0x6c, 0x65, 0x6e, 0x67, 0x74, 0x68, 0x00, 0x00, 0xe4, 0xef, 0xff, 0xff, 0x07, 0x00, 0x12, 0x00,
 0x44, 0x00, 0x00, 0x00, 0x30, 0x00, 0x00, 0x00, 0x04, 0x00, 0x00, 0x00, 0x01, 0x00, 0x00, 0x00,
 0x04, 0x00, 0x00, 0x00, 0x40, 0xef, 0xff, 0xff, 0x10, 0x00, 0x00, 0x00, 0x04, 0x00, 0x00, 0x00,
 0x03, 0x00, 0x00, 0x00, 0x41, 0x6e, 0x79, 0x00, 0x07, 0x00, 0x00, 0x00, 0x70, 0x72, 0x69, 0x76,
 0x61, 0x63, 0x79, 0x00, 0xcc, 0xef, 0xff, 0xff, 0x00, 0x00, 0x00, 0x0a, 0x08, 0x00, 0x00, 0x00,
 0x01, 0x00, 0x00, 0x00, 0x16, 0x00, 0x00, 0x00, 0x6c, 0x65, 0x5f, 0x72, 0x65, 0x73, 0x6f, 0x6c,
 0x76, 0x69, 0x6e, 0x67, 0x5f, 0x6c, 0x69, 0x73, 0x74, 0x5f, 0x73, 0x69, 0x7a, 0x65, 0x00, 0x00,
 0x4c, 0xf0, 0xff, 0xff, 0x06, 0x00, 0x10, 0x00, 0x44, 0x00, 0x00, 0x00, 0x30, 0x00, 0x00, 0x00,
 0x04, 0x00, 0x00, 0x00, 0x01, 0x00, 0x00, 0x00, 0x04, 0x00, 0x00, 0x00, 0xa8, 0xef, 0xff, 0xff,
 0x10, 0x00, 0x00, 0x00, 0x04, 0x00, 0x00, 0x00, 0x03, 0x00, 0x00, 0x00, 0x41, 0x6e, 0x79, 0x00,
 0x07, 0x00, 0x00, 0x00, 0x70, 0x72, 0x69, 0x76, 0x61, 0x63, 0x79, 0x00, 0x34, 0xf0, 0xff, 0xff,
 0x00, 0x00, 0x00, 0x0a, 0x08, 0x00, 0x00, 0x00, 0x01, 0x00, 0x00, 0x00, 0x14, 0x00, 0x00, 0x00,
 0x6c, 0x65, 0x5f, 0x63, 0x6f, 0x6e, 0x6e, 0x65, 0x63, 0x74, 0x5f, 0x6c, 0x69, 0x73, 0x74, 0x5f,
 0x73, 0x69, 0x7a, 0x65, 0x00, 0x00, 0x00, 0x00, 0x2c, 0xf1, 0xff, 0xff, 0x00, 0x00, 0x00, 0x01,
 0x05, 0x00, 0x0e, 0x00, 0x44, 0x00, 0x00, 0x00, 0x30, 0x00, 0x00, 0x00, 0x04, 0x00, 0x00, 0x00,
 0x01, 0x00, 0x00, 0x00, 0x04, 0x00, 0x00, 0x00, 0x14, 0xf0, 0xff, 0xff, 0x10, 0x00, 0x00, 0x00,
 0x04, 0x00, 0x00, 0x00, 0x03, 0x00, 0x00, 0x00, 0x41, 0x6e, 0x79, 0x00, 0x07, 0x00, 0x00, 0x00,
 0x70, 0x72, 0x69, 0x76, 0x61, 0x63, 0x79, 0x00, 0x70, 0xfe, 0xff, 0xff, 0x00, 0x00, 0x00, 0x0f,
 0x00, 0x00, 0x00, 0x00, 0x01, 0x00, 0x00, 0x00, 0x0e, 0x00, 0x00, 0x00, 0x6c, 0x65, 0x5f, 0x62,
 0x75, 0x66, 0x66, 0x65, 0x72, 0x5f, 0x73, 0x69, 0x7a, 0x65, 0x00, 0x00, 0x90, 0xf1, 0xff, 0xff,
 0x00, 0x00, 0x00, 0x01, 0x04, 0x00, 0x0c, 0x00, 0x44, 0x00, 0x00, 0x00, 0x30, 0x00, 0x00, 0x00,
 0x04, 0x00, 0x00, 0x00, 0x01, 0x00, 0x00, 0x00, 0x04, 0x00, 0x00, 0x00, 0x78, 0xf0, 0xff, 0xff,
 0x10, 0x00, 0x00, 0x00, 0x04, 0x00, 0x00, 0x00, 0x03, 0x00, 0x00, 0x00, 0x41, 0x6e, 0x79, 0x00,
 0x07, 0x00, 0x00, 0x00, 0x70, 0x72, 0x69, 0x76, 0x61, 0x63, 0x79, 0x00, 0xd4, 0xfe, 0xff, 0xff,
 0x00, 0x00, 0x00, 0x0f, 0x00, 0x00, 0x00, 0x00, 0x01, 0x00, 0x00, 0x00, 0x0f, 0x00, 0x00, 0x00,
 0x69, 0x73, 0x6f, 0x5f, 0x62, 0x75, 0x66, 0x66, 0x65, 0x72, 0x5f, 0x73, 0x69, 0x7a, 0x65, 0x00,
 0xf4, 0xf1, 0xff, 0xff, 0x00, 0x00, 0x00, 0x01, 0x03, 0x00, 0x0a, 0x00, 0x44, 0x00, 0x00, 0x00,
 0x30, 0x00, 0x00, 0x00, 0x04, 0x00, 0x00, 0x00, 0x01, 0x00, 0x00, 0x00, 0x04, 0x00, 0x00, 0x00,
 0xdc, 0xf0, 0xff, 0xff, 0x10, 0x00, 0x00, 0x00, 0x04, 0x00, 0x00, 0x00, 0x03, 0x00, 0x00, 0x00,
 0x41, 0x6e, 0x79, 0x00, 0x07, 0x00, 0x00, 0x00, 0x70, 0x72, 0x69, 0x76, 0x61, 0x63, 0x79, 0x00,
 0x38, 0xff, 0xff, 0xff, 0x00, 0x00, 0x00, 0x0f, 0x00, 0x00, 0x00, 0x00, 0x01, 0x00, 0x00, 0x00,
 0x0f, 0x00, 0x00, 0x00, 0x73, 0x63, 0x6f, 0x5f, 0x62, 0x75, 0x66, 0x66, 0x65, 0x72, 0x5f, 0x73,
 0x69, 0x7a, 0x65, 0x00, 0x58, 0xf2, 0xff, 0xff, 0x00, 0x00, 0x00, 0x01, 0x02, 0x00, 0x08, 0x00,
 0x44, 0x00, 0x00, 0x00, 0x30, 0x00, 0x00, 0x00, 0x04, 0x00, 0x00, 0x00, 0x01, 0x00, 0x00, 0x00,
 0x04, 0x00, 0x00, 0x00, 0x40, 0xf1, 0xff, 0xff, 0x10, 0x00, 0x00, 0x00, 0x04, 0x00, 0x00, 0x00,
 0x03, 0x00, 0x00, 0x00, 0x41, 0x6e, 0x79, 0x00, 0x07, 0x00, 0x00, 0x00, 0x70, 0x72, 0x69, 0x76,
 0x61, 0x63, 0x79, 0x00, 0x9c, 0xff, 0xff, 0xff, 0x00, 0x00, 0x00, 0x0f, 0x00, 0x00, 0x00, 0x00,
 0x01, 0x00, 0x00, 0x00, 0x0f, 0x00, 0x00, 0x00, 0x61, 0x63, 0x6c, 0x5f, 0x62, 0x75, 0x66, 0x66,
 0x65, 0x72, 0x5f, 0x73, 0x69, 0x7a, 0x65, 0x00, 0xbc, 0xf2, 0xff, 0xff, 0x00, 0x00, 0x00, 0x01,
 0x01, 0x00, 0x06, 0x00, 0x54, 0x00, 0x00, 0x00, 0x40, 0x00, 0x00, 0x00, 0x04, 0x00, 0x00, 0x00,
 0x01, 0x00, 0x00, 0x00, 0x04, 0x00, 0x00, 0x00, 0xa4, 0xf1, 0xff, 0xff, 0x10, 0x00, 0x00, 0x00,
 0x04, 0x00, 0x00, 0x00, 0x03, 0x00, 0x00, 0x00, 0x41, 0x6e, 0x79, 0x00, 0x07, 0x00, 0x00, 0x00,
 0x70, 0x72, 0x69, 0x76, 0x61, 0x63, 0x79, 0x00, 0x10, 0x00, 0x10, 0x00, 0x07, 0x00, 0x00, 0x00,
 0x08, 0x00, 0x00, 0x00, 0x00, 0x00, 0x0c, 0x00, 0x10, 0x00, 0x00, 0x00, 0x00, 0x00, 0x00, 0x0f,
 0x04, 0x00, 0x00, 0x00, 0x01, 0x00, 0x00, 0x00, 0x19, 0x00, 0x00, 0x00, 0x6c, 0x6f, 0x63, 0x61,
 0x6c, 0x5f, 0x76, 0x65, 0x72, 0x73, 0x69, 0x6f, 0x6e, 0x5f, 0x69, 0x6e, 0x66, 0x6f, 0x72, 0x6d,
 0x61, 0x74, 0x69, 0x6f, 0x6e, 0x00, 0x00, 0x00, 0x3c, 0xf2, 0xff, 0xff, 0x00, 0x01, 0x04, 0x00,
 0x40, 0x00, 0x00, 0x00, 0x30, 0x00, 0x00, 0x00, 0x04, 0x00, 0x00, 0x00, 0x01, 0x00, 0x00, 0x00,
 0x04, 0x00, 0x00, 0x00, 0x20, 0xf2, 0xff, 0xff, 0x10, 0x00, 0x00, 0x00, 0x04, 0x00, 0x00, 0x00,
 0x03, 0x00, 0x00, 0x00, 0x41, 0x6e, 0x79, 0x00, 0x07, 0x00, 0x00, 0x00, 0x70, 0x72, 0x69, 0x76,
 0x61, 0x63, 0x79, 0x00, 0x18, 0xf2, 0xff, 0xff, 0x00, 0x00, 0x00, 0x0d, 0x01, 0x00, 0x00, 0x00,
 0x05, 0x00, 0x00, 0x00, 0x74, 0x69, 0x74, 0x6c, 0x65, 0x00, 0x00, 0x00, 0x3c, 0xf6, 0xff, 0xff,
 0x00, 0x00, 0x00, 0x01, 0x20, 0x00, 0x00, 0x00, 0x10, 0x00, 0x00, 0x00, 0x01, 0x00, 0x00, 0x00,
 0x02, 0x00, 0x00, 0x00, 0x30, 0x0b, 0x00, 0x00, 0x02, 0x00, 0x00, 0x00, 0x90, 0x00, 0x00, 0x00,
 0x34, 0x00, 0x00, 0x00, 0x28, 0x00, 0x00, 0x00, 0x62, 0x6c, 0x75, 0x65, 0x74, 0x6f, 0x6f, 0x74,
 0x68, 0x2e, 0x68, 0x63, 0x69, 0x2e, 0x4c, 0x6f, 0x63, 0x61, 0x6c, 0x53, 0x75, 0x70, 0x70, 0x6f,
 0x72, 0x74, 0x65, 0x64, 0x43, 0x6f, 0x6d, 0x6d, 0x61, 0x6e, 0x64, 0x73, 0x44, 0x61, 0x74, 0x61,
 0x00, 0x00, 0x00, 0x00, 0x70, 0xf3, 0xff, 0xff, 0x01, 0x00, 0x01, 0x00, 0x44, 0x00, 0x00, 0x00,
 0x30, 0x00, 0x00, 0x00, 0x04, 0x00, 0x00, 0x00, 0x01, 0x00, 0x00, 0x00, 0x04, 0x00, 0x00, 0x00,
 0xcc, 0xf2, 0xff, 0xff, 0x10, 0x00, 0x00, 0x00, 0x04, 0x00, 0x00, 0x00, 0x03, 0x00, 0x00, 0x00,
 0x41, 0x6e, 0x79, 0x00, 0x07, 0x00, 0x00, 0x00, 0x70, 0x72, 0x69, 0x76, 0x61, 0x63, 0x79, 0x00,
 0x58, 0xf3, 0xff, 0xff, 0x00, 0x00, 0x00, 0x04, 0x01, 0x00, 0x00, 0x00, 0x01, 0x00, 0x00, 0x00,
 0x05, 0x00, 0x00, 0x00, 0x76, 0x61, 0x6c, 0x75, 0x65, 0x00, 0x00, 0x00, 0x08, 0xf6, 0xff, 0xff,
 0x44, 0x00, 0x00, 0x00, 0x30, 0x00, 0x00, 0x00, 0x04, 0x00, 0x00, 0x00, 0x01, 0x00, 0x00, 0x00,
 0x04, 0x00, 0x00, 0x00, 0x20, 0xf3, 0xff, 0xff, 0x10, 0x00, 0x00, 0x00, 0x04, 0x00, 0x00, 0x00,
 0x03, 0x00, 0x00, 0x00, 0x41, 0x6e, 0x79, 0x00, 0x07, 0x00, 0x00, 0x00, 0x70, 0x72, 0x69, 0x76,
 0x61, 0x63, 0x79, 0x00, 0xac, 0xf3, 0xff, 0xff, 0x00, 0x00, 0x00, 0x04, 0x01, 0x00, 0x00, 0x00,
 0x01, 0x00, 0x00, 0x00, 0x05, 0x00, 0x00, 0x00, 0x69, 0x6e, 0x64, 0x65, 0x78, 0x00, 0x00, 0x00,
 0x40, 0xf7, 0xff, 0xff, 0x00, 0x00, 0x00, 0x01, 0x54, 0x00, 0x00, 0x00, 0x10, 0x00, 0x00, 0x00,
 0x04, 0x00, 0x00, 0x00, 0x1c, 0x00, 0x00, 0x00, 0x2c, 0x0a, 0x00, 0x00, 0x0f, 0x00, 0x00, 0x00,
 0xe0, 0x00, 0x00, 0x00, 0x6c, 0x03, 0x00, 0x00, 0x60, 0x00, 0x00, 0x00, 0xc4, 0x01, 0x00, 0x00,
 0x28, 0x02, 0x00, 0x00, 0x28, 0x04, 0x00, 0x00, 0x34, 0x06, 0x00, 0x00, 0x34, 0x01, 0x00, 0x00,
 0xc8, 0x05, 0x00, 0x00, 0xbc, 0x03, 0x00, 0x00, 0x78, 0x04, 0x00, 0x00, 0x40, 0x05, 0x00, 0x00,
 0x70, 0x02, 0x00, 0x00, 0xcc, 0x04, 0x00, 0x00, 0xd4, 0x02, 0x00, 0x00, 0x24, 0x00, 0x00, 0x00,
 0x62, 0x6c, 0x75, 0x65, 0x74, 0x6f, 0x6f, 0x74, 0x68, 0x2e, 0x68, 0x63, 0x69, 0x2e, 0x56, 0x65,
 0x6e, 0x64, 0x6f, 0x72, 0x43, 0x61, 0x70, 0x61, 0x62, 0x69, 0x6c, 0x69, 0x74, 0x69, 0x65, 0x73,
 0x44, 0x61, 0x74, 0x61, 0x00, 0x00, 0x00, 0x00, 0x6a, 0xf7, 0xff, 0xff, 0x00, 0x00, 0x0e, 0x00,
 0x18, 0x00, 0x03, 0x00, 0x44, 0x00, 0x00, 0x00, 0x30, 0x00, 0x00, 0x00, 0x04, 0x00, 0x00, 0x00,
 0x01, 0x00, 0x00, 0x00, 0x04, 0x00, 0x00, 0x00, 0x04, 0xf4, 0xff, 0xff, 0x10, 0x00, 0x00, 0x00,
 0x04, 0x00, 0x00, 0x00, 0x03, 0x00, 0x00, 0x00, 0x41, 0x6e, 0x79, 0x00, 0x07, 0x00, 0x00, 0x00,
 0x70, 0x72, 0x69, 0x76, 0x61, 0x63, 0x79, 0x00, 0x90, 0xf4, 0xff, 0xff, 0x00, 0x00, 0x00, 0x04,
 0x01, 0x00, 0x00, 0x00, 0x01, 0x00, 0x00, 0x00, 0x20, 0x00, 0x00, 0x00, 0x62, 0x6c, 0x75, 0x65,
 0x74, 0x6f, 0x6f, 0x74, 0x68, 0x5f, 0x71, 0x75, 0x61, 0x6c, 0x69, 0x74, 0x79, 0x5f, 0x72, 0x65,
 0x70, 0x6f, 0x72, 0x74, 0x5f, 0x73, 0x75, 0x70, 0x70, 0x6f, 0x72, 0x74, 0x00, 0x00, 0x00, 0x00,
 0x1c, 0xf5, 0xff, 0xff, 0x0d, 0x00, 0x14, 0x00, 0x40, 0x00, 0x00, 0x00, 0x30, 0x00, 0x00, 0x00,
 0x04, 0x00, 0x00, 0x00, 0x01, 0x00, 0x00, 0x00, 0x04, 0x00, 0x00, 0x00, 0x78, 0xf4, 0xff, 0xff,
 0x10, 0x00, 0x00, 0x00, 0x04, 0x00, 0x00, 0x00, 0x03, 0x00, 0x00, 0x00, 0x41, 0x6e, 0x79, 0x00,
 0x07, 0x00, 0x00, 0x00, 0x70, 0x72, 0x69, 0x76, 0x61, 0x63, 0x79, 0x00, 0x70, 0xf4, 0xff, 0xff,
 0x00, 0x00, 0x00, 0x08, 0x01, 0x00, 0x00, 0x00, 0x23, 0x00, 0x00, 0x00, 0x61, 0x32, 0x64, 0x70,
 0x5f, 0x73, 0x6f, 0x75, 0x72, 0x63, 0x65, 0x5f, 0x6f, 0x66, 0x66, 0x6c, 0x6f, 0x61, 0x64, 0x5f,
 0x63, 0x61, 0x70, 0x61, 0x62, 0x69, 0x6c, 0x69, 0x74, 0x79, 0x5f, 0x6d, 0x61, 0x73, 0x6b, 0x00,
 0x52, 0xf8, 0xff, 0xff, 0x00, 0x00, 0x0c, 0x00, 0x10, 0x00, 0x03, 0x00, 0x44, 0x00, 0x00, 0x00,
 0x30, 0x00, 0x00, 0x00, 0x04, 0x00, 0x00, 0x00, 0x01, 0x00, 0x00, 0x00, 0x04, 0x00, 0x00, 0x00,
 0xec, 0xf4, 0xff, 0xff, 0x10, 0x00, 0x00, 0x00, 0x04, 0x00, 0x00, 0x00, 0x03, 0x00, 0x00, 0x00,
 0x41, 0x6e, 0x79, 0x00, 0x07, 0x00, 0x00, 0x00, 0x70, 0x72, 0x69, 0x76, 0x61, 0x63, 0x79, 0x00,
 0x78, 0xf5, 0xff, 0xff, 0x00, 0x00, 0x00, 0x04, 0x01, 0x00, 0x00, 0x00, 0x01, 0x00, 0x00, 0x00,
 0x28, 0x00, 0x00, 0x00, 0x6c, 0x65, 0x5f, 0x61, 0x64, 0x64, 0x72, 0x65, 0x73, 0x73, 0x5f, 0x67,
 0x65, 0x6e, 0x65, 0x72, 0x61, 0x74, 0x69, 0x6f, 0x6e, 0x5f, 0x6f, 0x66, 0x66, 0x6c, 0x6f, 0x61,
 0x64, 0x69, 0x6e, 0x67, 0x5f, 0x73, 0x75, 0x70, 0x70, 0x6f, 0x72, 0x74, 0x00, 0x00, 0x00, 0x00,
 0x0c, 0xf6, 0xff, 0xff, 0x0b, 0x00, 0x0f, 0x00, 0x44, 0x00, 0x00, 0x00, 0x30, 0x00, 0x00, 0x00,
 0x04, 0x00, 0x00, 0x00, 0x01, 0x00, 0x00, 0x00, 0x04, 0x00, 0x00, 0x00, 0x68, 0xf5, 0xff, 0xff,
 0x10, 0x00, 0x00, 0x00, 0x04, 0x00, 0x00, 0x00, 0x03, 0x00, 0x00, 0x00, 0x41, 0x6e, 0x79, 0x00,
 0x07, 0x00, 0x00, 0x00, 0x70, 0x72, 0x69, 0x76, 0x61, 0x63, 0x79, 0x00, 0xf4, 0xf5, 0xff, 0xff,
 0x00, 0x00, 0x00, 0x04, 0x01, 0x00, 0x00, 0x00, 0x01, 0x00, 0x00, 0x00, 0x17, 0x00, 0x00, 0x00,
 0x64, 0x65, 0x62, 0x75, 0x67, 0x5f, 0x6c, 0x6f, 0x67, 0x67, 0x69, 0x6e, 0x67, 0x5f, 0x73, 0x75,
 0x70, 0x70, 0x6f, 0x72, 0x74, 0x65, 0x64, 0x00, 0x74, 0xf6, 0xff, 0xff, 0x0a, 0x00, 0x0e, 0x00,
 0x44, 0x00, 0x00, 0x00, 0x30, 0x00, 0x00, 0x00, 0x04, 0x00, 0x00, 0x00, 0x01, 0x00, 0x00, 0x00,
 0x04, 0x00, 0x00, 0x00, 0xd0, 0xf5, 0xff, 0xff, 0x10, 0x00, 0x00, 0x00, 0x04, 0x00, 0x00, 0x00,
 0x03, 0x00, 0x00, 0x00, 0x41, 0x6e, 0x79, 0x00, 0x07, 0x00, 0x00, 0x00, 0x70, 0x72, 0x69, 0x76,
 0x61, 0x63, 0x79, 0x00, 0x5c, 0xf6, 0xff, 0xff, 0x00, 0x00, 0x00, 0x04, 0x01, 0x00, 0x00, 0x00,
 0x01, 0x00, 0x00, 0x00, 0x15, 0x00, 0x00, 0x00, 0x65, 0x78, 0x74, 0x65, 0x6e, 0x64, 0x65, 0x64,
 0x5f, 0x73, 0x63, 0x61, 0x6e, 0x5f, 0x73, 0x75, 0x70, 0x70, 0x6f, 0x72, 0x74, 0x00, 0x00, 0x00,
 0xdc, 0xf6, 0xff, 0xff, 0x09, 0x00, 0x0c, 0x00, 0x44, 0x00, 0x00, 0x00, 0x30, 0x00, 0x00, 0x00,
 0x04, 0x00, 0x00, 0x00, 0x01, 0x00, 0x00, 0x00, 0x04, 0x00, 0x00, 0x00, 0x38, 0xf6, 0xff, 0xff,
 0x10, 0x00, 0x00, 0x00, 0x04, 0x00, 0x00, 0x00, 0x03, 0x00, 0x00, 0x00, 0x41, 0x6e, 0x79, 0x00,
 0x07, 0x00, 0x00, 0x00, 0x70, 0x72, 0x69, 0x76, 0x61, 0x63, 0x79, 0x00, 0xc4, 0xf6, 0xff, 0xff,
 0x00, 0x00, 0x00, 0x06, 0x02, 0x00, 0x00, 0x00, 0x01, 0x00, 0x00, 0x00, 0x19, 0x00, 0x00, 0x00,
 0x74, 0x6f, 0x74, 0x61, 0x6c, 0x5f, 0x6e, 0x75, 0x6d, 0x5f, 0x6f, 0x66, 0x5f, 0x61, 0x64, 0x76,
 0x74, 0x5f, 0x74, 0x72, 0x61, 0x63, 0x6b, 0x65, 0x64, 0x00, 0x00, 0x00, 0x48, 0xf7, 0xff, 0xff,
 0x08, 0x00, 0x0a, 0x00, 0x44, 0x00, 0x00, 0x00, 0x30, 0x00, 0x00, 0x00, 0x04, 0x00, 0x00, 0x00,
 0x01, 0x00, 0x00, 0x00, 0x04, 0x00, 0x00, 0x00, 0xa4, 0xf6, 0xff, 0xff, 0x10, 0x00, 0x00, 0x00,
 0x04, 0x00, 0x00, 0x00, 0x03, 0x00, 0x00, 0x00, 0x41, 0x6e, 0x79, 0x00, 0x07, 0x00, 0x00, 0x00,
 0x70, 0x72, 0x69, 0x76, 0x61, 0x63, 0x79, 0x00, 0x30, 0xf7, 0xff, 0xff, 0x00, 0x00, 0x00, 0x06,
 0x02, 0x00, 0x00, 0x00, 0x01, 0x00, 0x00, 0x00, 0x11, 0x00, 0x00, 0x00, 0x76, 0x65, 0x72, 0x73,
 0x69, 0x6f, 0x6e, 0x5f, 0x73, 0x75, 0x70, 0x70, 0x6f, 0x72, 0x74, 0x65, 0x64, 0x00, 0x00, 0x00,
 0xac, 0xf7, 0xff, 0xff, 0x07, 0x00, 0x09, 0x00, 0x44, 0x00, 0x00, 0x00, 0x30, 0x00, 0x00, 0x00,
 0x04, 0x00, 0x00, 0x00, 0x01, 0x00, 0x00, 0x00, 0x04, 0x00, 0x00, 0x00, 0x08, 0xf7, 0xff, 0xff,
 0x10, 0x00, 0x00, 0x00, 0x04, 0x00, 0x00, 0x00, 0x03, 0x00, 0x00, 0x00, 0x41, 0x6e, 0x79, 0x00,
 0x07, 0x00, 0x00, 0x00, 0x70, 0x72, 0x69, 0x76, 0x61, 0x63, 0x79, 0x00, 0x94, 0xf7, 0xff, 0xff,
 0x00, 0x00, 0x00, 0x04, 0x01, 0x00, 0x00, 0x00, 0x01, 0x00, 0x00, 0x00, 0x1c, 0x00, 0x00, 0x00,
 0x61, 0x63, 0x74, 0x69, 0x76, 0x69, 0x74, 0x79, 0x5f, 0x65, 0x6e, 0x65, 0x72, 0x67, 0x79, 0x5f,
 0x69, 0x6e, 0x66, 0x6f, 0x5f, 0x73, 0x75, 0x70, 0x70, 0x6f, 0x72, 0x74, 0x00, 0x00, 0x00, 0x00,
 0x1c, 0xf8, 0xff, 0xff, 0x06, 0x00, 0x08, 0x00, 0x44, 0x00, 0x00, 0x00, 0x30, 0x00, 0x00, 0x00,
 0x04, 0x00, 0x00, 0x00, 0x01, 0x00, 0x00, 0x00, 0x04, 0x00, 0x00, 0x00, 0x78, 0xf7, 0xff, 0xff,
 0x10, 0x00, 0x00, 0x00, 0x04, 0x00, 0x00, 0x00, 0x03, 0x00, 0x00, 0x00, 0x41, 0x6e, 0x79, 0x00,
 0x07, 0x00, 0x00, 0x00, 0x70, 0x72, 0x69, 0x76, 0x61, 0x63, 0x79, 0x00, 0x04, 0xf8, 0xff, 0xff,
 0x00, 0x00, 0x00, 0x04, 0x01, 0x00, 0x00, 0x00, 0x01, 0x00, 0x00, 0x00, 0x0a, 0x00, 0x00, 0x00,
 0x6d, 0x61, 0x78, 0x5f, 0x66, 0x69, 0x6c, 0x74, 0x65, 0x72, 0x00, 0x00, 0x78, 0xf8, 0xff, 0xff,
 0x05, 0x00, 0x07, 0x00, 0x44, 0x00, 0x00, 0x00, 0x30, 0x00, 0x00, 0x00, 0x04, 0x00, 0x00, 0x00,
 0x01, 0x00, 0x00, 0x00, 0x04, 0x00, 0x00, 0x00, 0xd4, 0xf7, 0xff, 0xff, 0x10, 0x00, 0x00, 0x00,
 0x04, 0x00, 0x00, 0x00, 0x03, 0x00, 0x00, 0x00, 0x41, 0x6e, 0x79, 0x00, 0x07, 0x00, 0x00, 0x00,
 0x70, 0x72, 0x69, 0x76, 0x61, 0x63, 0x79, 0x00, 0x60, 0xf8, 0xff, 0xff, 0x00, 0x00, 0x00, 0x04,
 0x01, 0x00, 0x00, 0x00, 0x01, 0x00, 0x00, 0x00, 0x11, 0x00, 0x00, 0x00, 0x66, 0x69, 0x6c, 0x74,
 0x65, 0x72, 0x69, 0x6e, 0x67, 0x5f, 0x73, 0x75, 0x70, 0x70, 0x6f, 0x72, 0x74, 0x00, 0x00, 0x00,
 0xdc, 0xf8, 0xff, 0xff, 0x04, 0x00, 0x06, 0x00, 0x44, 0x00, 0x00, 0x00, 0x30, 0x00, 0x00, 0x00,
 0x04, 0x00, 0x00, 0x00, 0x01, 0x00, 0x00, 0x00, 0x04, 0x00, 0x00, 0x00, 0x38, 0xf8, 0xff, 0xff,
 0x10, 0x00, 0x00, 0x00, 0x04, 0x00, 0x00, 0x00, 0x03, 0x00, 0x00, 0x00, 0x41, 0x6e, 0x79, 0x00,
 0x07, 0x00, 0x00, 0x00, 0x70, 0x72, 0x69, 0x76, 0x61, 0x63, 0x79, 0x00, 0xc4, 0xf8, 0xff, 0xff,
 0x00, 0x00, 0x00, 0x04, 0x01, 0x00, 0x00, 0x00, 0x01, 0x00, 0x00, 0x00, 0x0f, 0x00, 0x00, 0x00,
 0x6d, 0x61, 0x78, 0x5f, 0x69, 0x72, 0x6b, 0x5f, 0x6c, 0x69, 0x73, 0x74, 0x5f, 0x73, 0x7a, 0x00,
 0x3c, 0xf9, 0xff, 0xff, 0x03, 0x00, 0x04, 0x00, 0x44, 0x00, 0x00, 0x00, 0x30, 0x00, 0x00, 0x00,
 0x04, 0x00, 0x00, 0x00, 0x01, 0x00, 0x00, 0x00, 0x04, 0x00, 0x00, 0x00, 0x98, 0xf8, 0xff, 0xff,
 0x10, 0x00, 0x00, 0x00, 0x04, 0x00, 0x00, 0x00, 0x03, 0x00, 0x00, 0x00, 0x41, 0x6e, 0x79, 0x00,
 0x07, 0x00, 0x00, 0x00, 0x70, 0x72, 0x69, 0x76, 0x61, 0x63, 0x79, 0x00, 0x24, 0xf9, 0xff, 0xff,
 0x00, 0x00, 0x00, 0x06, 0x02, 0x00, 0x00, 0x00, 0x01, 0x00, 0x00, 0x00, 0x1a, 0x00, 0x00, 0x00,
 0x74, 0x6f, 0x74, 0x61, 0x6c, 0x5f, 0x73, 0x63, 0x61, 0x6e, 0x5f, 0x72, 0x65, 0x73, 0x75, 0x6c,
 0x74, 0x73, 0x5f, 0x73, 0x74, 0x6f, 0x72, 0x61, 0x67, 0x65, 0x00, 0x00, 0x6e, 0xfc, 0xff, 0xff,
 0x00, 0x00, 0x02, 0x00, 0x02, 0x00, 0x01, 0x00, 0x44, 0x00, 0x00, 0x00, 0x30, 0x00, 0x00, 0x00,
 0x04, 0x00, 0x00, 0x00, 0x01, 0x00, 0x00, 0x00, 0x04, 0x00, 0x00, 0x00, 0x08, 0xf9, 0xff, 0xff,
 0x10, 0x00, 0x00, 0x00, 0x04, 0x00, 0x00, 0x00, 0x03, 0x00, 0x00, 0x00, 0x41, 0x6e, 0x79, 0x00,
 0x07, 0x00, 0x00, 0x00, 0x70, 0x72, 0x69, 0x76, 0x61, 0x63, 0x79, 0x00, 0x94, 0xf9, 0xff, 0xff,
 0x00, 0x00, 0x00, 0x04, 0x01, 0x00, 0x00, 0x00, 0x01, 0x00, 0x00, 0x00, 0x27, 0x00, 0x00, 0x00,
 0x6f, 0x66, 0x66, 0x6c, 0x6f, 0x61, 0x64, 0x65, 0x64, 0x5f, 0x72, 0x65, 0x73, 0x6f, 0x6c, 0x75,
 0x74, 0x69, 0x6f, 0x6e, 0x5f, 0x6f, 0x66, 0x5f, 0x70, 0x72, 0x69, 0x76, 0x61, 0x74, 0x65, 0x5f,
 0x61, 0x64, 0x64, 0x72, 0x65, 0x73, 0x73, 0x00, 0x24, 0xfa, 0xff, 0xff, 0x01, 0x00, 0x01, 0x00,
 0x44, 0x00, 0x00, 0x00, 0x30, 0x00, 0x00, 0x00, 0x04, 0x00, 0x00, 0x00, 0x01, 0x00, 0x00, 0x00,
 0x04, 0x00, 0x00, 0x00, 0x80, 0xf9, 0xff, 0xff, 0x10, 0x00, 0x00, 0x00, 0x04, 0x00, 0x00, 0x00,
 0x03, 0x00, 0x00, 0x00, 0x41, 0x6e, 0x79, 0x00, 0x07, 0x00, 0x00, 0x00, 0x70, 0x72, 0x69, 0x76,
 0x61, 0x63, 0x79, 0x00, 0x0c, 0xfa, 0xff, 0xff, 0x00, 0x00, 0x00, 0x04, 0x01, 0x00, 0x00, 0x00,
 0x01, 0x00, 0x00, 0x00, 0x12, 0x00, 0x00, 0x00, 0x6d, 0x61, 0x78, 0x5f, 0x61, 0x64, 0x76, 0x74,
 0x5f, 0x69, 0x6e, 0x73, 0x74, 0x61, 0x6e, 0x63, 0x65, 0x73, 0x00, 0x00, 0xc8, 0xfc, 0xff, 0xff,
 0x44, 0x00, 0x00, 0x00, 0x30, 0x00, 0x00, 0x00, 0x04, 0x00, 0x00, 0x00, 0x01, 0x00, 0x00, 0x00,
 0x04, 0x00, 0x00, 0x00, 0xe0, 0xf9, 0xff, 0xff, 0x10, 0x00, 0x00, 0x00, 0x04, 0x00, 0x00, 0x00,
 0x03, 0x00, 0x00, 0x00, 0x41, 0x6e, 0x79, 0x00, 0x07, 0x00, 0x00, 0x00, 0x70, 0x72, 0x69, 0x76,
 0x61, 0x63, 0x79, 0x00, 0x6c, 0xfa, 0xff, 0xff, 0x00, 0x00, 0x00, 0x04, 0x01, 0x00, 0x00, 0x00,
 0x01, 0x00, 0x00, 0x00, 0x0c, 0x00, 0x00, 0x00, 0x69, 0x73, 0x5f, 0x73, 0x75, 0x70, 0x70, 0x6f,
 0x72, 0x74, 0x65, 0x64, 0x00, 0x00, 0x00, 0x00, 0x08, 0xfe, 0xff, 0xff, 0x00, 0x00, 0x00, 0x01,
 0x28, 0x00, 0x00, 0x00, 0x10, 0x00, 0x00, 0x00, 0x02, 0x00, 0x00, 0x00, 0x08, 0x00, 0x00, 0x00,
 0x64, 0x03, 0x00, 0x00, 0x04, 0x00, 0x00, 0x00, 0xa4, 0x00, 0x00, 0x00, 0x38, 0x00, 0x00, 0x00,
 0x6c, 0x01, 0x00, 0x00, 0x00, 0x01, 0x00, 0x00, 0x25, 0x00, 0x00, 0x00, 0x62, 0x6c, 0x75, 0x65,
 0x74, 0x6f, 0x6f, 0x74, 0x68, 0x2e, 0x68, 0x63, 0x69, 0x2e, 0x4c, 0x65, 0x4d, 0x61, 0x78, 0x69,
 0x6d, 0x75, 0x6d, 0x44, 0x61, 0x74, 0x61, 0x4c, 0x65, 0x6e, 0x67, 0x74, 0x68, 0x44, 0x61, 0x74,
 0x61, 0x00, 0x00, 0x00, 0x40, 0xfb, 0xff, 0xff, 0x03, 0x00, 0x06, 0x00, 0x44, 0x00, 0x00, 0x00,
 0x30, 0x00, 0x00, 0x00, 0x04, 0x00, 0x00, 0x00, 0x01, 0x00, 0x00, 0x00, 0x04, 0x00, 0x00, 0x00,
 0x9c, 0xfa, 0xff, 0xff, 0x10, 0x00, 0x00, 0x00, 0x04, 0x00, 0x00, 0x00, 0x03, 0x00, 0x00, 0x00,
 0x41, 0x6e, 0x79, 0x00, 0x07, 0x00, 0x00, 0x00, 0x70, 0x72, 0x69, 0x76, 0x61, 0x63, 0x79, 0x00,
 0x28, 0xfb, 0xff, 0xff, 0x00, 0x00, 0x00, 0x06, 0x02, 0x00, 0x00, 0x00, 0x01, 0x00, 0x00, 0x00,
 0x15, 0x00, 0x00, 0x00, 0x73, 0x75, 0x70, 0x70, 0x6f, 0x72, 0x74, 0x65, 0x64, 0x5f, 0x6d, 0x61,
 0x78, 0x5f, 0x72, 0x78, 0x5f, 0x74, 0x69, 0x6d, 0x65, 0x00, 0x00, 0x00, 0xa8, 0xfb, 0xff, 0xff,
 0x02, 0x00, 0x04, 0x00, 0x44, 0x00, 0x00, 0x00, 0x30, 0x00, 0x00, 0x00, 0x04, 0x00, 0x00, 0x00,
 0x01, 0x00, 0x00, 0x00, 0x04, 0x00, 0x00, 0x00, 0x04, 0xfb, 0xff, 0xff, 0x10, 0x00, 0x00, 0x00,
 0x04, 0x00, 0x00, 0x00, 0x03, 0x00, 0x00, 0x00, 0x41, 0x6e, 0x79, 0x00, 0x07, 0x00, 0x00, 0x00,
 0x70, 0x72, 0x69, 0x76, 0x61, 0x63, 0x79, 0x00, 0x90, 0xfb, 0xff, 0xff, 0x00, 0x00, 0x00, 0x06,
 0x02, 0x00, 0x00, 0x00, 0x01, 0x00, 0x00, 0x00, 0x17, 0x00, 0x00, 0x00, 0x73, 0x75, 0x70, 0x70,
 0x6f, 0x72, 0x74, 0x65, 0x64, 0x5f, 0x6d, 0x61, 0x78, 0x5f, 0x72, 0x78, 0x5f, 0x6f, 0x63, 0x74,
 0x65, 0x74, 0x73, 0x00, 0x10, 0xfc, 0xff, 0xff, 0x01, 0x00, 0x02, 0x00, 0x44, 0x00, 0x00, 0x00,
 0x30, 0x00, 0x00, 0x00, 0x04, 0x00, 0x00, 0x00, 0x01, 0x00, 0x00, 0x00, 0x04, 0x00, 0x00, 0x00,
 0x6c, 0xfb, 0xff, 0xff, 0x10, 0x00, 0x00, 0x00, 0x04, 0x00, 0x00, 0x00, 0x03, 0x00, 0x00, 0x00,
 0x41, 0x6e, 0x79, 0x00, 0x07, 0x00, 0x00, 0x00, 0x70, 0x72, 0x69, 0x76, 0x61, 0x63, 0x79, 0x00,
 0xf8, 0xfb, 0xff, 0xff, 0x00, 0x00, 0x00, 0x06, 0x02, 0x00, 0x00, 0x00, 0x01, 0x00, 0x00, 0x00,
 0x15, 0x00, 0x00, 0x00, 0x73, 0x75, 0x70, 0x70, 0x6f, 0x72, 0x74, 0x65, 0x64, 0x5f, 0x6d, 0x61,
 0x78, 0x5f, 0x74, 0x78, 0x5f, 0x74, 0x69, 0x6d, 0x65, 0x00, 0x00, 0x00, 0xb8, 0xfe, 0xff, 0xff,
 0x44, 0x00, 0x00, 0x00, 0x30, 0x00, 0x00, 0x00, 0x04, 0x00, 0x00, 0x00, 0x01, 0x00, 0x00, 0x00,
 0x04, 0x00, 0x00, 0x00, 0xd0, 0xfb, 0xff, 0xff, 0x10, 0x00, 0x00, 0x00, 0x04, 0x00, 0x00, 0x00,
 0x03, 0x00, 0x00, 0x00, 0x41, 0x6e, 0x79, 0x00, 0x07, 0x00, 0x00, 0x00, 0x70, 0x72, 0x69, 0x76,
 0x61, 0x63, 0x79, 0x00, 0x5c, 0xfc, 0xff, 0xff, 0x00, 0x00, 0x00, 0x06, 0x02, 0x00, 0x00, 0x00,
 0x01, 0x00, 0x00, 0x00, 0x17, 0x00, 0x00, 0x00, 0x73, 0x75, 0x70, 0x70, 0x6f, 0x72, 0x74, 0x65,
 0x64, 0x5f, 0x6d, 0x61, 0x78, 0x5f, 0x74, 0x78, 0x5f, 0x6f, 0x63, 0x74, 0x65, 0x74, 0x73, 0x00,
 0x14, 0x00, 0x1c, 0x00, 0x08, 0x00, 0x0c, 0x00, 0x07, 0x00, 0x10, 0x00, 0x14, 0x00, 0x00, 0x00,
 0x00, 0x00, 0x18, 0x00, 0x14, 0x00, 0x00, 0x00, 0x00, 0x00, 0x00, 0x01, 0x20, 0x00, 0x00, 0x00,
 0x10, 0x00, 0x00, 0x00, 0x02, 0x00, 0x00, 0x00, 0x04, 0x00, 0x00, 0x00, 0x58, 0x01, 0x00, 0x00,
 0x02, 0x00, 0x00, 0x00, 0xc8, 0x00, 0x00, 0x00, 0x44, 0x00, 0x00, 0x00, 0x1c, 0x00, 0x00, 0x00,
 0x62, 0x6c, 0x75, 0x65, 0x74, 0x6f, 0x6f, 0x74, 0x68, 0x2e, 0x68, 0x63, 0x69, 0x2e, 0x42, 0x75,
 0x66, 0x66, 0x65, 0x72, 0x53, 0x69, 0x7a, 0x65, 0x44, 0x61, 0x74, 0x61, 0x00, 0x00, 0x1e, 0x00,
 0x18, 0x00, 0x0c, 0x00, 0x10, 0x00, 0x06, 0x00, 0x08, 0x00, 0x00, 0x00, 0x00, 0x00, 0x00, 0x00,
 0x00, 0x00, 0x00, 0x00, 0x14, 0x00, 0x00, 0x00, 0x00, 0x00, 0x0a, 0x00, 0x1e, 0x00, 0x00, 0x00,
 0x00, 0x00, 0x01, 0x00, 0x02, 0x00, 0x01, 0x00, 0x44, 0x00, 0x00, 0x00, 0x30, 0x00, 0x00, 0x00,
 0x04, 0x00, 0x00, 0x00, 0x01, 0x00, 0x00, 0x00, 0x04, 0x00, 0x00, 0x00, 0xb8, 0xfc, 0xff, 0xff,
 0x10, 0x00, 0x00, 0x00, 0x04, 0x00, 0x00, 0x00, 0x03, 0x00, 0x00, 0x00, 0x41, 0x6e, 0x79, 0x00,
 0x07, 0x00, 0x00, 0x00, 0x70, 0x72, 0x69, 0x76, 0x61, 0x63, 0x79, 0x00, 0x44, 0xfd, 0xff, 0xff,
 0x00, 0x00, 0x00, 0x04, 0x01, 0x00, 0x00, 0x00, 0x01, 0x00, 0x00, 0x00, 0x11, 0x00, 0x00, 0x00,
 0x74, 0x6f, 0x74, 0x61, 0x6c, 0x5f, 0x6e, 0x75, 0x6d, 0x5f, 0x70, 0x61, 0x63, 0x6b, 0x65, 0x74,
 0x73, 0x00, 0x00, 0x00, 0x18, 0x00, 0x10, 0x00, 0x04, 0x00, 0x08, 0x00, 0x00, 0x00, 0x00, 0x00,
 0x00, 0x00, 0x00, 0x00, 0x00, 0x00, 0x00, 0x00, 0x00, 0x00, 0x0c, 0x00, 0x18, 0x00, 0x00, 0x00,
 0x44, 0x00, 0x00, 0x00, 0x30, 0x00, 0x00, 0x00, 0x04, 0x00, 0x00, 0x00, 0x01, 0x00, 0x00, 0x00,
 0x04, 0x00, 0x00, 0x00, 0x30, 0xfd, 0xff, 0xff, 0x10, 0x00, 0x00, 0x00, 0x04, 0x00, 0x00, 0x00,
 0x03, 0x00, 0x00, 0x00, 0x41, 0x6e, 0x79, 0x00, 0x07, 0x00, 0x00, 0x00, 0x70, 0x72, 0x69, 0x76,
 0x61, 0x63, 0x79, 0x00, 0xbc, 0xfd, 0xff, 0xff, 0x00, 0x00, 0x00, 0x06, 0x02, 0x00, 0x00, 0x00,
 0x01, 0x00, 0x00, 0x00, 0x12, 0x00, 0x00, 0x00, 0x64, 0x61, 0x74, 0x61, 0x5f, 0x70, 0x61, 0x63,
 0x6b, 0x65, 0x74, 0x5f, 0x6c, 0x65, 0x6e, 0x67, 0x74, 0x68, 0x00, 0x00, 0x14, 0x00, 0x14, 0x00,
 0x04, 0x00, 0x08, 0x00, 0x00, 0x00, 0x0c, 0x00, 0x00, 0x00, 0x00, 0x00, 0x00, 0x00, 0x10, 0x00,
 0x14, 0x00, 0x00, 0x00, 0x44, 0x00, 0x00, 0x00, 0x28, 0x00, 0x00, 0x00, 0x01, 0x00, 0x00, 0x00,
 0x04, 0x00, 0x00, 0x00, 0x14, 0x00, 0x00, 0x00, 0x2f, 0x2f, 0x68, 0x63, 0x69, 0x5f, 0x63, 0x6f,
 0x6e, 0x74, 0x72, 0x6f, 0x6c, 0x6c, 0x65, 0x72, 0x2e, 0x66, 0x62, 0x73, 0x00, 0x00, 0x00, 0x00,
 0x05, 0x00, 0x00, 0x00, 0x98, 0x01, 0x00, 0x00, 0x20, 0x02, 0x00, 0x00, 0x3c, 0x00, 0x00, 0x00,
 0x18, 0x01, 0x00, 0x00, 0x94, 0x00, 0x00, 0x00, 0x29, 0x00, 0x00, 0x00, 0x62, 0x6c, 0x75, 0x65,
 0x74, 0x6f, 0x6f, 0x74, 0x68, 0x2e, 0x68, 0x63, 0x69, 0x2e, 0x4c, 0x6f, 0x63, 0x61, 0x6c, 0x56,
 0x65, 0x72, 0x73, 0x69, 0x6f, 0x6e, 0x49, 0x6e, 0x66, 0x6f, 0x72, 0x6d, 0x61, 0x74, 0x69, 0x6f,
 0x6e, 0x44, 0x61, 0x74, 0x61, 0x00, 0x00, 0x00, 0xc4, 0xfe, 0xff, 0xff, 0x04, 0x00, 0x0c, 0x00,
 0x44, 0x00, 0x00, 0x00, 0x30, 0x00, 0x00, 0x00, 0x04, 0x00, 0x00, 0x00, 0x01, 0x00, 0x00, 0x00,
 0x04, 0x00, 0x00, 0x00, 0x20, 0xfe, 0xff, 0xff, 0x10, 0x00, 0x00, 0x00, 0x04, 0x00, 0x00, 0x00,
 0x03, 0x00, 0x00, 0x00, 0x41, 0x6e, 0x79, 0x00, 0x07, 0x00, 0x00, 0x00, 0x70, 0x72, 0x69, 0x76,
 0x61, 0x63, 0x79, 0x00, 0xac, 0xfe, 0xff, 0xff, 0x00, 0x00, 0x00, 0x06, 0x02, 0x00, 0x00, 0x00,
 0x01, 0x00, 0x00, 0x00, 0x0e, 0x00, 0x00, 0x00, 0x6c, 0x6d, 0x70, 0x5f, 0x73, 0x75, 0x62, 0x76,
 0x65, 0x72, 0x73, 0x69, 0x6f, 0x6e, 0x00, 0x00, 0x24, 0xff, 0xff, 0xff, 0x03, 0x00, 0x0a, 0x00,
 0x44, 0x00, 0x00, 0x00, 0x30, 0x00, 0x00, 0x00, 0x04, 0x00, 0x00, 0x00, 0x01, 0x00, 0x00, 0x00,
 0x04, 0x00, 0x00, 0x00, 0x80, 0xfe, 0xff, 0xff, 0x10, 0x00, 0x00, 0x00, 0x04, 0x00, 0x00, 0x00,
 0x03, 0x00, 0x00, 0x00, 0x41, 0x6e, 0x79, 0x00, 0x07, 0x00, 0x00, 0x00, 0x70, 0x72, 0x69, 0x76,
 0x61, 0x63, 0x79, 0x00, 0x0c, 0xff, 0xff, 0xff, 0x00, 0x00, 0x00, 0x06, 0x02, 0x00, 0x00, 0x00,
 0x01, 0x00, 0x00, 0x00, 0x11, 0x00, 0x00, 0x00, 0x6d, 0x61, 0x6e, 0x75, 0x66, 0x61, 0x63, 0x74,
 0x75, 0x72, 0x65, 0x72, 0x5f, 0x6e, 0x61, 0x6d, 0x65, 0x00, 0x00, 0x00, 0x1c, 0x00, 0x18, 0x00,
 0x0c, 0x00, 0x10, 0x00, 0x08, 0x00, 0x0a, 0x00, 0x00, 0x00, 0x00, 0x00, 0x00, 0x00, 0x00, 0x00,
 0x00, 0x00, 0x14, 0x00, 0x00, 0x00, 0x07, 0x00, 0x1c, 0x00, 0x00, 0x00, 0x00, 0x00, 0x00, 0x01,
 0x02, 0x00, 0x08, 0x00, 0x40, 0x00, 0x00, 0x00, 0x30, 0x00, 0x00, 0x00, 0x04, 0x00, 0x00, 0x00,
 0x01, 0x00, 0x00, 0x00, 0x04, 0x00, 0x00, 0x00, 0x04, 0xff, 0xff, 0xff, 0x10, 0x00, 0x00, 0x00,
 0x04, 0x00, 0x00, 0x00, 0x03, 0x00, 0x00, 0x00, 0x41, 0x6e, 0x79, 0x00, 0x07, 0x00, 0x00, 0x00,
 0x70, 0x72, 0x69, 0x76, 0x61, 0x63, 0x79, 0x00, 0xfc, 0xfe, 0xff, 0xff, 0x00, 0x00, 0x00, 0x0d,
 0x01, 0x00, 0x00, 0x00, 0x0b, 0x00, 0x00, 0x00, 0x6c, 0x6d, 0x70, 0x5f, 0x76, 0x65, 0x72, 0x73,
 0x69, 0x6f, 0x6e, 0x00, 0x18, 0x00, 0x14, 0x00, 0x08, 0x00, 0x0c, 0x00, 0x04, 0x00, 0x06, 0x00,
 0x00, 0x00, 0x00, 0x00, 0x00, 0x00, 0x00, 0x00, 0x00, 0x00, 0x10, 0x00, 0x18, 0x00, 0x00, 0x00,
 0x01, 0x00, 0x06, 0x00, 0x54, 0x00, 0x00, 0x00, 0x40, 0x00, 0x00, 0x00, 0x04, 0x00, 0x00, 0x00,
 0x01, 0x00, 0x00, 0x00, 0x04, 0x00, 0x00, 0x00, 0x74, 0xff, 0xff, 0xff, 0x10, 0x00, 0x00, 0x00,
 0x04, 0x00, 0x00, 0x00, 0x03, 0x00, 0x00, 0x00, 0x41, 0x6e, 0x79, 0x00, 0x07, 0x00, 0x00, 0x00,
 0x70, 0x72, 0x69, 0x76, 0x61, 0x63, 0x79, 0x00, 0x10, 0x00, 0x10, 0x00, 0x07, 0x00, 0x00, 0x00,
 0x00, 0x00, 0x00, 0x00, 0x08, 0x00, 0x0c, 0x00, 0x10, 0x00, 0x00, 0x00, 0x00, 0x00, 0x00, 0x06,
 0x02, 0x00, 0x00, 0x00, 0x01, 0x00, 0x00, 0x00, 0x0c, 0x00, 0x00, 0x00, 0x68, 0x63, 0x69, 0x5f,
 0x72, 0x65, 0x76, 0x69, 0x73, 0x69, 0x6f, 0x6e, 0x00, 0x00, 0x00, 0x00, 0x1c, 0x00, 0x14, 0x00,
 0x08, 0x00, 0x0c, 0x00, 0x00, 0x00, 0x06, 0x00, 0x00, 0x00, 0x00, 0x00, 0x00, 0x00, 0x00, 0x00,
 0x00, 0x00, 0x10, 0x00, 0x00, 0x00, 0x05, 0x00, 0x1c, 0x00, 0x00, 0x00, 0x00, 0x01, 0x04, 0x00,
 0x58, 0x00, 0x00, 0x00, 0x48, 0x00, 0x00, 0x00, 0x04, 0x00, 0x00, 0x00, 0x01, 0x00, 0x00, 0x00,
 0x0c, 0x00, 0x00, 0x00, 0x08, 0x00, 0x0c, 0x00, 0x04, 0x00, 0x08, 0x00, 0x08, 0x00, 0x00, 0x00,
 0x10, 0x00, 0x00, 0x00, 0x04, 0x00, 0x00, 0x00, 0x03, 0x00, 0x00, 0x00, 0x41, 0x6e, 0x79, 0x00,
 0x07, 0x00, 0x00, 0x00, 0x70, 0x72, 0x69, 0x76, 0x61, 0x63, 0x79, 0x00, 0x10, 0x00, 0x0c, 0x00,
 0x07, 0x00, 0x00, 0x00, 0x00, 0x00, 0x00, 0x00, 0x00, 0x00, 0x08, 0x00, 0x10, 0x00, 0x00, 0x00,
 0x00, 0x00, 0x00, 0x0d, 0x01, 0x00, 0x00, 0x00, 0x0b, 0x00, 0x00, 0x00, 0x68, 0x63, 0x69, 0x5f,
 0x76, 0x65, 0x72, 0x73, 0x69, 0x6f, 0x6e, 0x00, 0x1c, 0x00, 0x00, 0x00, 0x62, 0x6c, 0x75, 0x65,
 0x74, 0x6f, 0x6f, 0x74, 0x68, 0x2e, 0x68, 0x63, 0x69, 0x2e, 0x43, 0x6f, 0x6e, 0x74, 0x72, 0x6f,
 0x6c, 0x6c, 0x65, 0x72, 0x44, 0x61, 0x74, 0x61, 0x00, 0x00, 0x00, 0x00, 0xec, 0xd0, 0xff, 0xff,
 0x7c, 0x03, 0x00, 0x00, 0x04, 0x00, 0x00, 0x00, 0x70, 0x03, 0x00, 0x00, 0x1c, 0x00, 0x00, 0x00,
 0x42, 0x46, 0x42, 0x53, 0x14, 0x00, 0x20, 0x00, 0x04, 0x00, 0x08, 0x00, 0x0c, 0x00, 0x10, 0x00,
 0x14, 0x00, 0x18, 0x00, 0x00, 0x00, 0x1c, 0x00, 0x14, 0x00, 0x00, 0x00, 0x34, 0x00, 0x00, 0x00,
 0x2c, 0x00, 0x00, 0x00, 0x20, 0x00, 0x00, 0x00, 0x14, 0x00, 0x00, 0x00, 0x58, 0x00, 0x00, 0x00,
 0x08, 0x00, 0x00, 0x00, 0x24, 0x00, 0x00, 0x00, 0x00, 0x00, 0x00, 0x00, 0x00, 0x00, 0x00, 0x00,
 0x00, 0x00, 0x00, 0x00, 0x00, 0x00, 0x00, 0x00, 0x00, 0x00, 0x00, 0x00, 0x00, 0x00, 0x00, 0x00,
 0x01, 0x00, 0x00, 0x00, 0x30, 0x00, 0x00, 0x00, 0x01, 0x00, 0x00, 0x00, 0x04, 0x00, 0x00, 0x00,
 0x44, 0xfd, 0xff, 0xff, 0x34, 0x00, 0x00, 0x00, 0x04, 0x00, 0x00, 0x00, 0x00, 0x00, 0x00, 0x00,
 0x14, 0x00, 0x14, 0x00, 0x04, 0x00, 0x08, 0x00, 0x00, 0x00, 0x0c, 0x00, 0x00, 0x00, 0x00, 0x00,
 0x00, 0x00, 0x10, 0x00, 0x14, 0x00, 0x00, 0x00, 0x44, 0x00, 0x00, 0x00, 0x28, 0x00, 0x00, 0x00,
 0x01, 0x00, 0x00, 0x00, 0x04, 0x00, 0x00, 0x00, 0x15, 0x00, 0x00, 0x00, 0x2f, 0x2f, 0x68, 0x63,
 0x69, 0x5f, 0x61, 0x63, 0x6c, 0x5f, 0x6d, 0x61, 0x6e, 0x61, 0x67, 0x65, 0x72, 0x2e, 0x66, 0x62,
 0x73, 0x00, 0x00, 0x00, 0x05, 0x00, 0x00, 0x00, 0xb0, 0x00, 0x00, 0x00, 0x34, 0x00, 0x00, 0x00,
 0x2c, 0x01, 0x00, 0x00, 0xb8, 0x01, 0x00, 0x00, 0x38, 0x02, 0x00, 0x00, 0x1c, 0x00, 0x00, 0x00,
 0x62, 0x6c, 0x75, 0x65, 0x74, 0x6f, 0x6f, 0x74, 0x68, 0x2e, 0x68, 0x63, 0x69, 0x2e, 0x41, 0x63,
 0x6c, 0x4d, 0x61, 0x6e, 0x61, 0x67, 0x65, 0x72, 0x44, 0x61, 0x74, 0x61, 0x00, 0x00, 0x00, 0x00,
 0x8c, 0xfe, 0xff, 0xff, 0x04, 0x00, 0x0c, 0x00, 0x40, 0x00, 0x00, 0x00, 0x30, 0x00, 0x00, 0x00,
 0x04, 0x00, 0x00, 0x00, 0x01, 0x00, 0x00, 0x00, 0x04, 0x00, 0x00, 0x00, 0xf0, 0xfd, 0xff, 0xff,
 0x10, 0x00, 0x00, 0x00, 0x04, 0x00, 0x00, 0x00, 0x03, 0x00, 0x00, 0x00, 0x41, 0x6e, 0x79, 0x00,
 0x07, 0x00, 0x00, 0x00, 0x70, 0x72, 0x69, 0x76, 0x61, 0x63, 0x79, 0x00, 0xe8, 0xfd, 0xff, 0xff,
 0x00, 0x00, 0x00, 0x07, 0x01, 0x00, 0x00, 0x00, 0x29, 0x00, 0x00, 0x00, 0x6c, 0x65, 0x5f, 0x63,
 0x72, 0x65, 0x61, 0x74, 0x65, 0x5f, 0x63, 0x6f, 0x6e, 0x6e, 0x65, 0x63, 0x74, 0x69, 0x6f, 0x6e,
 0x5f, 0x74, 0x69, 0x6d, 0x65, 0x6f, 0x75, 0x74, 0x5f, 0x61, 0x6c, 0x61, 0x72, 0x6d, 0x73, 0x5f,
 0x63, 0x6f, 0x75, 0x6e, 0x74, 0x00, 0x00, 0x00, 0x98, 0xff, 0xff, 0xff, 0x00, 0x00, 0x00, 0x01,
 0x03, 0x00, 0x0a, 0x00, 0x40, 0x00, 0x00, 0x00, 0x30, 0x00, 0x00, 0x00, 0x04, 0x00, 0x00, 0x00,
 0x01, 0x00, 0x00, 0x00, 0x04, 0x00, 0x00, 0x00, 0x6c, 0xfe, 0xff, 0xff, 0x10, 0x00, 0x00, 0x00,
 0x04, 0x00, 0x00, 0x00, 0x03, 0x00, 0x00, 0x00, 0x41, 0x6e, 0x79, 0x00, 0x07, 0x00, 0x00, 0x00,
 0x70, 0x72, 0x69, 0x76, 0x61, 0x63, 0x79, 0x00, 0x64, 0xfe, 0xff, 0xff, 0x00, 0x00, 0x00, 0x0d,
 0x01, 0x00, 0x00, 0x00, 0x17, 0x00, 0x00, 0x00, 0x6c, 0x65, 0x5f, 0x63, 0x6f, 0x6e, 0x6e, 0x65,
 0x63, 0x74, 0x61, 0x62, 0x69, 0x6c, 0x69, 0x74, 0x79, 0x5f, 0x73, 0x74, 0x61, 0x74, 0x65, 0x00,
 0x1c, 0x00, 0x18, 0x00, 0x0c, 0x00, 0x10, 0x00, 0x08, 0x00, 0x0a, 0x00, 0x00, 0x00, 0x00, 0x00,
 0x00, 0x00, 0x00, 0x00, 0x00, 0x00, 0x14, 0x00, 0x00, 0x00, 0x07, 0x00, 0x1c, 0x00, 0x00, 0x00,
 0x00, 0x00, 0x00, 0x01, 0x02, 0x00, 0x08, 0x00, 0x50, 0x00, 0x00, 0x00, 0x40, 0x00, 0x00, 0x00,
 0x04, 0x00, 0x00, 0x00, 0x01, 0x00, 0x00, 0x00, 0x04, 0x00, 0x00, 0x00, 0xf0, 0xfe, 0xff, 0xff,
 0x10, 0x00, 0x00, 0x00, 0x04, 0x00, 0x00, 0x00, 0x03, 0x00, 0x00, 0x00, 0x41, 0x6e, 0x79, 0x00,
 0x07, 0x00, 0x00, 0x00, 0x70, 0x72, 0x69, 0x76, 0x61, 0x63, 0x79, 0x00, 0x10, 0x00, 0x0c, 0x00,
 0x06, 0x00, 0x07, 0x00, 0x00, 0x00, 0x00, 0x00, 0x00, 0x00, 0x08, 0x00, 0x10, 0x00, 0x00, 0x00,
 0x00, 0x00, 0x0e, 0x0d, 0x04, 0x00, 0x00, 0x00, 0x15, 0x00, 0x00, 0x00, 0x6c, 0x65, 0x5f, 0x66,
 0x69, 0x6c, 0x74, 0x65, 0x72, 0x5f, 0x61, 0x63, 0x63, 0x65, 0x70, 0x74, 0x5f, 0x6c, 0x69, 0x73,
 0x74, 0x00, 0x00, 0x00, 0x18, 0x00, 0x14, 0x00, 0x08, 0x00, 0x0c, 0x00, 0x04, 0x00, 0x06, 0x00,
 0x00, 0x00, 0x00, 0x00, 0x00, 0x00, 0x00, 0x00, 0x00, 0x00, 0x10, 0x00, 0x18, 0x00, 0x00, 0x00,
 0x01, 0x00, 0x06, 0x00, 0x40, 0x00, 0x00, 0x00, 0x30, 0x00, 0x00, 0x00, 0x04, 0x00, 0x00, 0x00,
 0x01, 0x00, 0x00, 0x00, 0x04, 0x00, 0x00, 0x00, 0x7c, 0xff, 0xff, 0xff, 0x10, 0x00, 0x00, 0x00,
 0x04, 0x00, 0x00, 0x00, 0x03, 0x00, 0x00, 0x00, 0x41, 0x6e, 0x79, 0x00, 0x07, 0x00, 0x00, 0x00,
 0x70, 0x72, 0x69, 0x76, 0x61, 0x63, 0x79, 0x00, 0x74, 0xff, 0xff, 0xff, 0x00, 0x00, 0x00, 0x07,
 0x01, 0x00, 0x00, 0x00, 0x1b, 0x00, 0x00, 0x00, 0x6c, 0x65, 0x5f, 0x66, 0x69, 0x6c, 0x74, 0x65,
 0x72, 0x5f, 0x61, 0x63, 0x63, 0x65, 0x70, 0x74, 0x5f, 0x6c, 0x69, 0x73, 0x74, 0x5f, 0x63, 0x6f,
 0x75, 0x6e, 0x74, 0x00, 0x1c, 0x00, 0x14, 0x00, 0x08, 0x00, 0x0c, 0x00, 0x00, 0x00, 0x06, 0x00,
 0x00, 0x00, 0x00, 0x00, 0x00, 0x00, 0x00, 0x00, 0x00, 0x00, 0x10, 0x00, 0x00, 0x00, 0x05, 0x00,
 0x1c, 0x00, 0x00, 0x00, 0x00, 0x01, 0x04, 0x00, 0x58, 0x00, 0x00, 0x00, 0x48, 0x00, 0x00, 0x00,
 0x04, 0x00, 0x00, 0x00, 0x01, 0x00, 0x00, 0x00, 0x0c, 0x00, 0x00, 0x00, 0x08, 0x00, 0x0c, 0x00,
 0x04, 0x00, 0x08, 0x00, 0x08, 0x00, 0x00, 0x00, 0x10, 0x00, 0x00, 0x00, 0x04, 0x00, 0x00, 0x00,
 0x03, 0x00, 0x00, 0x00, 0x41, 0x6e, 0x79, 0x00, 0x07, 0x00, 0x00, 0x00, 0x70, 0x72, 0x69, 0x76,
 0x61, 0x63, 0x79, 0x00, 0x10, 0x00, 0x0c, 0x00, 0x07, 0x00, 0x00, 0x00, 0x00, 0x00, 0x00, 0x00,
 0x00, 0x00, 0x08, 0x00, 0x10, 0x00, 0x00, 0x00, 0x00, 0x00, 0x00, 0x0d, 0x01, 0x00, 0x00, 0x00,
 0x05, 0x00, 0x00, 0x00, 0x74, 0x69, 0x74, 0x6c, 0x65, 0x00, 0x00, 0x00, 0x1c, 0x00, 0x00, 0x00,
 0x62, 0x6c, 0x75, 0x65, 0x74, 0x6f, 0x6f, 0x74, 0x68, 0x2e, 0x68, 0x63, 0x69, 0x2e, 0x41, 0x63,
 0x6c, 0x4d, 0x61, 0x6e, 0x61, 0x67, 0x65, 0x72, 0x44, 0x61, 0x74, 0x61, 0x00, 0x00, 0x00, 0x00,
 0x90, 0xd4, 0xff, 0xff, 0x50, 0x2b, 0x00, 0x00, 0x04, 0x00, 0x00, 0x00, 0x44, 0x2b, 0x00, 0x00,
 0x1c, 0x00, 0x00, 0x00, 0x42, 0x46, 0x42, 0x53, 0x14, 0x00, 0x20, 0x00, 0x04, 0x00, 0x08, 0x00,
 0x0c, 0x00, 0x10, 0x00, 0x14, 0x00, 0x18, 0x00, 0x00, 0x00, 0x1c, 0x00, 0x14, 0x00, 0x00, 0x00,
 0x34, 0x00, 0x00, 0x00, 0x2c, 0x00, 0x00, 0x00, 0x20, 0x00, 0x00, 0x00, 0x14, 0x00, 0x00, 0x00,
 0x30, 0x01, 0x00, 0x00, 0x08, 0x00, 0x00, 0x00, 0x68, 0x00, 0x00, 0x00, 0x00, 0x00, 0x00, 0x00,
 0x00, 0x00, 0x00, 0x00, 0x00, 0x00, 0x00, 0x00, 0x00, 0x00, 0x00, 0x00, 0x00, 0x00, 0x00, 0x00,
 0x00, 0x00, 0x00, 0x00, 0x12, 0x00, 0x00, 0x00, 0x08, 0x01, 0x00, 0x00, 0xc8, 0x0c, 0x00, 0x00,
 0x70, 0x28, 0x00, 0x00, 0x70, 0x29, 0x00, 0x00, 0xcc, 0x25, 0x00, 0x00, 0x1c, 0x22, 0x00, 0x00,
 0x34, 0x10, 0x00, 0x00, 0x08, 0x20, 0x00, 0x00, 0x38, 0x18, 0x00, 0x00, 0x54, 0x23, 0x00, 0x00,
 0x34, 0x19, 0x00, 0x00, 0x7c, 0x0f, 0x00, 0x00, 0x4c, 0x0d, 0x00, 0x00, 0x54, 0x0e, 0x00, 0x00,
 0x30, 0x08, 0x00, 0x00, 0x54, 0x04, 0x00, 0x00, 0x54, 0x05, 0x00, 0x00, 0xac, 0x06, 0x00, 0x00,
 0x08, 0x00, 0x00, 0x00, 0xac, 0x00, 0x00, 0x00, 0x7c, 0x00, 0x00, 0x00, 0x68, 0x00, 0x00, 0x00,
 0x54, 0x00, 0x00, 0x00, 0x40, 0x00, 0x00, 0x00, 0x2c, 0x00, 0x00, 0x00, 0x18, 0x00, 0x00, 0x00,
 0x04, 0x00, 0x00, 0x00, 0xd0, 0xd5, 0xff, 0xff, 0x94, 0x06, 0x00, 0x00, 0x04, 0x00, 0x00, 0x00,
 0x00, 0x00, 0x00, 0x00, 0xe0, 0xd5, 0xff, 0xff, 0xfc, 0x07, 0x00, 0x00, 0x04, 0x00, 0x00, 0x00,
 0x00, 0x00, 0x00, 0x00, 0xf0, 0xd5, 0xff, 0xff, 0x50, 0x0c, 0x00, 0x00, 0x04, 0x00, 0x00, 0x00,
 0x00, 0x00, 0x00, 0x00, 0x00, 0xd6, 0xff, 0xff, 0x1c, 0x0f, 0x00, 0x00, 0x04, 0x00, 0x00, 0x00,
 0x00, 0x00, 0x00, 0x00, 0x10, 0xd6, 0xff, 0xff, 0xdc, 0x22, 0x00, 0x00, 0x04, 0x00, 0x00, 0x00,
 0x00, 0x00, 0x00, 0x00, 0x20, 0xd6, 0xff, 0xff, 0x30, 0x25, 0x00, 0x00, 0x04, 0x00, 0x00, 0x00,
 0x00, 0x00, 0x00, 0x00, 0x30, 0xd6, 0xff, 0xff, 0x4c, 0x00, 0x00, 0x00, 0x04, 0x00, 0x00, 0x00,
 0x07, 0x00, 0x00, 0x00, 0xb4, 0x28, 0x00, 0x00, 0x10, 0x25, 0x00, 0x00, 0xa8, 0x22, 0x00, 0x00,
 0xd4, 0x0e, 0x00, 0x00, 0xf4, 0x0b, 0x00, 0x00, 0x8c, 0x07, 0x00, 0x00, 0x10, 0x06, 0x00, 0x00,
 0x5c, 0xd6, 0xff, 0xff, 0x94, 0x28, 0x00, 0x00, 0x04, 0x00, 0x00, 0x00, 0x00, 0x00, 0x00, 0x00,
 0xa0, 0xd7, 0xff, 0xff, 0x4c, 0x00, 0x00, 0x00, 0x24, 0x00, 0x00, 0x00, 0x01, 0x00, 0x00, 0x00,
 0x04, 0x00, 0x00, 0x00, 0x12, 0x00, 0x00, 0x00, 0x2f, 0x2f, 0x64, 0x75, 0x6d, 0x70, 0x73, 0x79,
 0x73, 0x5f, 0x64, 0x61, 0x74, 0x61, 0x2e, 0x66, 0x62, 0x73, 0x00, 0x00, 0x08, 0x00, 0x00, 0x00,
 0xec, 0x00, 0x00, 0x00, 0x78, 0x00, 0x00, 0x00, 0x9c, 0x02, 0x00, 0x00, 0x54, 0x01, 0x00, 0x00,
 0x2c, 0x00, 0x00, 0x00, 0xbc, 0x01, 0x00, 0x00, 0xec, 0x02, 0x00, 0x00, 0x1c, 0x02, 0x00, 0x00,
 0x15, 0x00, 0x00, 0x00, 0x62, 0x6c, 0x75, 0x65, 0x74, 0x6f, 0x6f, 0x74, 0x68, 0x2e, 0x44, 0x75,
 0x6d, 0x70, 0x73, 0x79, 0x73, 0x44, 0x61, 0x74, 0x61, 0x00, 0x00, 0x00, 0x68, 0xf2, 0xff, 0xff,
 0x00, 0x00, 0x00, 0x01, 0x07, 0x00, 0x12, 0x00, 0x18, 0x00, 0x00, 0x00, 0x04, 0x00, 0x00, 0x00,
 0xc4, 0xe9, 0xff, 0xff, 0x00, 0x00, 0x00, 0x0f, 0x01, 0x00, 0x00, 0x00, 0x01, 0x00, 0x00, 0x00,
 0x14, 0x00, 0x00, 0x00, 0x6d, 0x6f, 0x64, 0x75, 0x6c, 0x65, 0x5f, 0x75, 0x6e, 0x69, 0x74, 0x74,
 0x65, 0x73, 0x74, 0x5f, 0x64, 0x61, 0x74, 0x61, 0x00, 0x00, 0x00, 0x00, 0xd8, 0xd7, 0xff, 0xff,
 0x00, 0x00, 0x00, 0x01, 0x06, 0x00, 0x10, 0x00, 0x44, 0x00, 0x00, 0x00, 0x30, 0x00, 0x00, 0x00,
 0x04, 0x00, 0x00, 0x00, 0x01, 0x00, 0x00, 0x00, 0x04, 0x00, 0x00, 0x00, 0x38, 0xd7, 0xff, 0xff,
 0x10, 0x00, 0x00, 0x00, 0x04, 0x00, 0x00, 0x00, 0x03, 0x00, 0x00, 0x00, 0x41, 0x6e, 0x79, 0x00,
 0x07, 0x00, 0x00, 0x00, 0x70, 0x72, 0x69, 0x76, 0x61, 0x63, 0x79, 0x00, 0x30, 0xea, 0xff, 0xff,
 0x00, 0x00, 0x00, 0x0f, 0x06, 0x00, 0x00, 0x00, 0x01, 0x00, 0x00, 0x00, 0x1b, 0x00, 0x00, 0x00,
 0x68, 0x63, 0x69, 0x5f, 0x63, 0x6f, 0x6e, 0x74, 0x72, 0x6f, 0x6c, 0x6c, 0x65, 0x72, 0x5f, 0x64,
 0x75, 0x6d, 0x70, 0x73, 0x79, 0x73, 0x5f, 0x64, 0x61, 0x74, 0x61, 0x00, 0x48, 0xd8, 0xff, 0xff,
 0x00, 0x00, 0x00, 0x01, 0x05, 0x00, 0x0e, 0x00, 0x44, 0x00, 0x00, 0x00, 0x30, 0x00, 0x00, 0x00,
 0x04, 0x00, 0x00, 0x00, 0x01, 0x00, 0x00, 0x00, 0x04, 0x00, 0x00, 0x00, 0xa8, 0xd7, 0xff, 0xff,
 0x10, 0x00, 0x00, 0x00, 0x04, 0x00, 0x00, 0x00, 0x03, 0x00, 0x00, 0x00, 0x41, 0x6e, 0x79, 0x00,
 0x07, 0x00, 0x00, 0x00, 0x70, 0x72, 0x69, 0x76, 0x61, 0x63, 0x79, 0x00, 0xa0, 0xea, 0xff, 0xff,
 0x00, 0x00, 0x00, 0x0f, 0x04, 0x00, 0x00, 0x00, 0x01, 0x00, 0x00, 0x00, 0x1c, 0x00, 0x00, 0x00,
 0x68, 0x63, 0x69, 0x5f, 0x61, 0x63, 0x6c, 0x5f, 0x6d, 0x61, 0x6e, 0x61, 0x67, 0x65, 0x72, 0x5f,
 0x64, 0x75, 0x6d, 0x70, 0x73, 0x79, 0x73, 0x5f, 0x64, 0x61, 0x74, 0x61, 0x00, 0x00, 0x00, 0x00,
 0xbc, 0xd8, 0xff, 0xff, 0x00, 0x00, 0x00, 0x01, 0x04, 0x00, 0x0c, 0x00, 0x44, 0x00, 0x00, 0x00,
 0x30, 0x00, 0x00, 0x00, 0x04, 0x00, 0x00, 0x00, 0x01, 0x00, 0x00, 0x00, 0x04, 0x00, 0x00, 0x00,
 0x1c, 0xd8, 0xff, 0xff, 0x10, 0x00, 0x00, 0x00, 0x04, 0x00, 0x00, 0x00, 0x03, 0x00, 0x00, 0x00,
 0x41, 0x6e, 0x79, 0x00, 0x07, 0x00, 0x00, 0x00, 0x70, 0x72, 0x69, 0x76, 0x61, 0x63, 0x79, 0x00,
 0x14, 0xeb, 0xff, 0xff, 0x00, 0x00, 0x00, 0x0f, 0x0c, 0x00, 0x00, 0x00, 0x01, 0x00, 0x00, 0x00,
 0x1a, 0x00, 0x00, 0x00, 0x6c, 0x32, 0x63, 0x61, 0x70, 0x5f, 0x63, 0x6c, 0x61, 0x73, 0x73, 0x69,
 0x63, 0x5f, 0x64, 0x75, 0x6d, 0x70, 0x73, 0x79, 0x73, 0x5f, 0x64, 0x61, 0x74, 0x61, 0x00, 0x00,
 0x2c, 0xd9, 0xff, 0xff, 0x00, 0x00, 0x00, 0x01, 0x03, 0x00, 0x0a, 0x00, 0x44, 0x00, 0x00, 0x00,
 0x30, 0x00, 0x00, 0x00, 0x04, 0x00, 0x00, 0x00, 0x01, 0x00, 0x00, 0x00, 0x04, 0x00, 0x00, 0x00,
 0x8c, 0xd8, 0xff, 0xff, 0x10, 0x00, 0x00, 0x00, 0x04, 0x00, 0x00, 0x00, 0x03, 0x00, 0x00, 0x00,
 0x41, 0x6e, 0x79, 0x00, 0x07, 0x00, 0x00, 0x00, 0x70, 0x72, 0x69, 0x76, 0x61, 0x63, 0x79, 0x00,
 0x84, 0xeb, 0xff, 0xff, 0x00, 0x00, 0x00, 0x0f, 0x0f, 0x00, 0x00, 0x00, 0x01, 0x00, 0x00, 0x00,
 0x11, 0x00, 0x00, 0x00, 0x73, 0x68, 0x69, 0x6d, 0x5f, 0x64, 0x75, 0x6d, 0x70, 0x73, 0x79, 0x73,
 0x5f, 0x64, 0x61, 0x74, 0x61, 0x00, 0x00, 0x00, 0x94, 0xd9, 0xff, 0xff, 0x00, 0x00, 0x00, 0x01,
 0x02, 0x00, 0x08, 0x00, 0x44, 0x00, 0x00, 0x00, 0x30, 0x00, 0x00, 0x00, 0x04, 0x00, 0x00, 0x00,
 0x01, 0x00, 0x00, 0x00, 0x04, 0x00, 0x00, 0x00, 0xf4, 0xd8, 0xff, 0xff, 0x10, 0x00, 0x00, 0x00,
 0x04, 0x00, 0x00, 0x00, 0x03, 0x00, 0x00, 0x00, 0x41, 0x6e, 0x79, 0x00, 0x07, 0x00, 0x00, 0x00,
 0x70, 0x72, 0x69, 0x76, 0x61, 0x63, 0x79, 0x00, 0xec, 0xeb, 0xff, 0xff, 0x00, 0x00, 0x00, 0x0f,
 0x0e, 0x00, 0x00, 0x00, 0x01, 0x00, 0x00, 0x00, 0x15, 0x00, 0x00, 0x00, 0x77, 0x61, 0x6b, 0x65,
 0x6c, 0x6f, 0x63, 0x6b, 0x5f, 0x6d, 0x61, 0x6e, 0x61, 0x67, 0x65, 0x72, 0x5f, 0x64, 0x61, 0x74,
 0x61, 0x00, 0x00, 0x00, 0x00, 0xda, 0xff, 0xff, 0x00, 0x00, 0x00, 0x01, 0x01, 0x00, 0x06, 0x00,
 0x44, 0x00, 0x00, 0x00, 0x30, 0x00, 0x00, 0x00, 0x04, 0x00, 0x00, 0x00, 0x01, 0x00, 0x00, 0x00,
 0x04, 0x00, 0x00, 0x00, 0x60, 0xd9, 0xff, 0xff, 0x10, 0x00, 0x00, 0x00, 0x04, 0x00, 0x00, 0x00,
 0x03, 0x00, 0x00, 0x00, 0x41, 0x6e, 0x79, 0x00, 0x07, 0x00, 0x00, 0x00, 0x70, 0x72, 0x69, 0x76,
 0x61, 0x63, 0x79, 0x00, 0x58, 0xec, 0xff, 0xff, 0x00, 0x00, 0x00, 0x0f, 0x03, 0x00, 0x00, 0x00,
 0x01, 0x00, 0x00, 0x00, 0x0a, 0x00, 0x00, 0x00, 0x69, 0x6e, 0x69, 0x74, 0x5f, 0x66, 0x6c, 0x61,
 0x67, 0x73, 0x00, 0x00, 0xd8, 0xd9, 0xff, 0xff, 0x00, 0x01, 0x04, 0x00, 0x40, 0x00, 0x00, 0x00,
 0x30, 0x00, 0x00, 0x00, 0x04, 0x00, 0x00, 0x00, 0x01, 0x00, 0x00, 0x00, 0x04, 0x00, 0x00, 0x00,
 0xbc, 0xd9, 0xff, 0xff, 0x10, 0x00, 0x00, 0x00, 0x04, 0x00, 0x00, 0x00, 0x03, 0x00, 0x00, 0x00,
 0x41, 0x6e, 0x79, 0x00, 0x07, 0x00, 0x00, 0x00, 0x70, 0x72, 0x69, 0x76, 0x61, 0x63, 0x79, 0x00,
 0xb4, 0xd9, 0xff, 0xff, 0x00, 0x00, 0x00, 0x0d, 0x01, 0x00, 0x00, 0x00, 0x05, 0x00, 0x00, 0x00,
 0x74, 0x69, 0x74, 0x6c, 0x65, 0x00, 0x00, 0x00, 0x28, 0xdb, 0xff, 0xff, 0x1c, 0x00, 0x00, 0x00,
 0x0c, 0x00, 0x00, 0x00, 0x01, 0x00, 0x00, 0x00, 0x64, 0x02, 0x00, 0x00, 0x02, 0x00, 0x00, 0x00,
 0x30, 0x00, 0x00, 0x00, 0x94, 0x00, 0x00, 0x00, 0x20, 0x00, 0x00, 0x00, 0x62, 0x6c, 0x75, 0x65,
 0x74, 0x6f, 0x6f, 0x74, 0x68, 0x2e, 0x73, 0x68, 0x69, 0x6d, 0x2e, 0x44, 0x75, 0x6d, 0x70, 0x73,
 0x79, 0x73, 0x4d, 0x6f, 0x64, 0x75, 0x6c, 0x65, 0x44, 0x61, 0x74, 0x61, 0x00, 0x00, 0x00, 0x00,
 0x34, 0xdd, 0xff, 0xff, 0x01, 0x00, 0x06, 0x00, 0x40, 0x00, 0x00, 0x00, 0x30, 0x00, 0x00, 0x00,
 0x04, 0x00, 0x00, 0x00, 0x01, 0x00, 0x00, 0x00, 0x04, 0x00, 0x00, 0x00, 0x58, 0xda, 0xff, 0xff,
 0x10, 0x00, 0x00, 0x00, 0x04, 0x00, 0x00, 0x00, 0x03, 0x00, 0x00, 0x00, 0x41, 0x6e, 0x79, 0x00,
 0x07, 0x00, 0x00, 0x00, 0x70, 0x72, 0x69, 0x76, 0x61, 0x63, 0x79, 0x00, 0x50, 0xda, 0xff, 0xff,
 0x00, 0x00, 0x00, 0x07, 0x01, 0x00, 0x00, 0x00, 0x19, 0x00, 0x00, 0x00, 0x6e, 0x75, 0x6d, 0x62,
 0x65, 0x72, 0x5f, 0x6f, 0x66, 0x5f, 0x62, 0x75, 0x6e, 0x64, 0x6c, 0x65, 0x64, 0x5f, 0x73, 0x63,
 0x68, 0x65, 0x6d, 0x61, 0x73, 0x00, 0x00, 0x00, 0xdc, 0xda, 0xff, 0xff, 0x00, 0x01, 0x04, 0x00,
 0x40, 0x00, 0x00, 0x00, 0x30, 0x00, 0x00, 0x00, 0x04, 0x00, 0x00, 0x00, 0x01, 0x00, 0x00, 0x00,
 0x04, 0x00, 0x00, 0x00, 0xc0, 0xda, 0xff, 0xff, 0x10, 0x00, 0x00, 0x00, 0x04, 0x00, 0x00, 0x00,
 0x03, 0x00, 0x00, 0x00, 0x41, 0x6e, 0x79, 0x00, 0x07, 0x00, 0x00, 0x00, 0x70, 0x72, 0x69, 0x76,
 0x61, 0x63, 0x79, 0x00, 0xb8, 0xda, 0xff, 0xff, 0x00, 0x00, 0x00, 0x0d, 0x01, 0x00, 0x00, 0x00,
 0x05, 0x00, 0x00, 0x00, 0x74, 0x69, 0x74, 0x6c, 0x65, 0x00, 0x00, 0x00, 0x2c, 0xdc, 0xff, 0xff,
 0x20, 0x00, 0x00, 0x00, 0x0c, 0x00, 0x00, 0x00, 0x01, 0x00, 0x00, 0x00, 0x60, 0x01, 0x00, 0x00,
 0x03, 0x00, 0x00, 0x00, 0x34, 0x00, 0x00, 0x00, 0x8c, 0x00, 0x00, 0x00, 0xe0, 0x00, 0x00, 0x00,
 0x22, 0x00, 0x00, 0x00, 0x62, 0x6c, 0x75, 0x65, 0x74, 0x6f, 0x6f, 0x74, 0x68, 0x2e, 0x73, 0x68,
 0x69, 0x6d, 0x2e, 0x45, 0x78, 0x61, 0x6d, 0x70, 0x6c, 0x65, 0x49, 0x6e, 0x73, 0x74, 0x61, 0x6e,
 0x74, 0x54, 0x61, 0x62, 0x6c, 0x65, 0x00, 0x00, 0x3c, 0xde, 0xff, 0xff, 0x02, 0x00, 0x08, 0x00,
 0x40, 0x00, 0x00, 0x00, 0x30, 0x00, 0x00, 0x00, 0x04, 0x00, 0x00, 0x00, 0x01, 0x00, 0x00, 0x00,
 0x04, 0x00, 0x00, 0x00, 0x60, 0xdb, 0xff, 0xff, 0x10, 0x00, 0x00, 0x00, 0x04, 0x00, 0x00, 0x00,
 0x03, 0x00, 0x00, 0x00, 0x41, 0x6e, 0x79, 0x00, 0x07, 0x00, 0x00, 0x00, 0x70, 0x72, 0x69, 0x76,
 0x61, 0x63, 0x79, 0x00, 0x58, 0xdb, 0xff, 0xff, 0x00, 0x00, 0x00, 0x0b, 0x01, 0x00, 0x00, 0x00,
 0x0d, 0x00, 0x00, 0x00, 0x65, 0x78, 0x61, 0x6d, 0x70, 0x6c, 0x65, 0x5f, 0x66, 0x6c, 0x6f, 0x61,
 0x74, 0x00, 0x00, 0x00, 0x98, 0xde, 0xff, 0xff, 0x01, 0x00, 0x06, 0x00, 0x40, 0x00, 0x00, 0x00,
 0x30, 0x00, 0x00, 0x00, 0x04, 0x00, 0x00, 0x00, 0x01, 0x00, 0x00, 0x00, 0x04, 0x00, 0x00, 0x00,
 0xbc, 0xdb, 0xff, 0xff, 0x10, 0x00, 0x00, 0x00, 0x04, 0x00, 0x00, 0x00, 0x03, 0x00, 0x00, 0x00,
 0x41, 0x6e, 0x79, 0x00, 0x07, 0x00, 0x00, 0x00, 0x70, 0x72, 0x69, 0x76, 0x61, 0x63, 0x79, 0x00,
 0xb4, 0xdb, 0xff, 0xff, 0x00, 0x00, 0x00, 0x07, 0x01, 0x00, 0x00, 0x00, 0x0b, 0x00, 0x00, 0x00,
 0x65, 0x78, 0x61, 0x6d, 0x70, 0x6c, 0x65, 0x5f, 0x69, 0x6e, 0x74, 0x00, 0x30, 0xdc, 0xff, 0xff,
 0x00, 0x01, 0x04, 0x00, 0x40, 0x00, 0x00, 0x00, 0x30, 0x00, 0x00, 0x00, 0x04, 0x00, 0x00, 0x00,
 0x01, 0x00, 0x00, 0x00, 0x04, 0x00, 0x00, 0x00, 0x14, 0xdc, 0xff, 0xff, 0x10, 0x00, 0x00, 0x00,
 0x04, 0x00, 0x00, 0x00, 0x03, 0x00, 0x00, 0x00, 0x41, 0x6e, 0x79, 0x00, 0x07, 0x00, 0x00, 0x00,
 0x70, 0x72, 0x69, 0x76, 0x61, 0x63, 0x79, 0x00, 0x0c, 0xdc, 0xff, 0xff, 0x00, 0x00, 0x00, 0x0d,
 0x01, 0x00, 0x00, 0x00, 0x0e, 0x00, 0x00, 0x00, 0x65, 0x78, 0x61, 0x6d, 0x70, 0x6c, 0x65, 0x5f,
 0x73, 0x74, 0x72, 0x69, 0x6e, 0x67, 0x00, 0x00, 0x88, 0xdd, 0xff, 0xff, 0x38, 0x00, 0x00, 0x00,
 0x24, 0x00, 0x00, 0x00, 0x01, 0x00, 0x00, 0x00, 0x04, 0x00, 0x00, 0x00, 0x12, 0x00, 0x00, 0x00,
 0x2f, 0x2f, 0x73, 0x68, 0x69, 0x6d, 0x2f, 0x64, 0x75, 0x6d, 0x70, 0x73, 0x79, 0x73, 0x2e, 0x66,
 0x62, 0x73, 0x00, 0x00, 0x03, 0x00, 0x00, 0x00, 0x38, 0x00, 0x00, 0x00, 0x90, 0x00, 0x00, 0x00,
 0xe4, 0x00, 0x00, 0x00, 0x24, 0x00, 0x00, 0x00, 0x62, 0x6c, 0x75, 0x65, 0x74, 0x6f, 0x6f, 0x74,
 0x68, 0x2e, 0x73, 0x68, 0x69, 0x6d, 0x2e, 0x45, 0x78, 0x61, 0x6d, 0x70, 0x6c, 0x65, 0x50, 0x69,
 0x65, 0x63, 0x65, 0x6d, 0x65, 0x61, 0x6c, 0x54, 0x61, 0x62, 0x6c, 0x65, 0x00, 0x00, 0x00, 0x00,
 0xb4, 0xdf, 0xff, 0xff, 0x02, 0x00, 0x08, 0x00, 0x40, 0x00, 0x00, 0x00, 0x30, 0x00, 0x00, 0x00,
 0x04, 0x00, 0x00, 0x00, 0x01, 0x00, 0x00, 0x00, 0x04, 0x00, 0x00, 0x00, 0xd8, 0xdc, 0xff, 0xff,
 0x10, 0x00, 0x00, 0x00, 0x04, 0x00, 0x00, 0x00, 0x03, 0x00, 0x00, 0x00, 0x41, 0x6e, 0x79, 0x00,
 0x07, 0x00, 0x00, 0x00, 0x70, 0x72, 0x69, 0x76, 0x61, 0x63, 0x79, 0x00, 0xd0, 0xdc, 0xff, 0xff,
 0x00, 0x00, 0x00, 0x0b, 0x01, 0x00, 0x00, 0x00, 0x0d, 0x00, 0x00, 0x00, 0x65, 0x78, 0x61, 0x6d,
 0x70, 0x6c, 0x65, 0x5f, 0x66, 0x6c, 0x6f, 0x61, 0x74, 0x00, 0x00, 0x00, 0x10, 0xe0, 0xff, 0xff,
 0x01, 0x00, 0x06, 0x00, 0x40, 0x00, 0x00, 0x00, 0x30, 0x00, 0x00, 0x00, 0x04, 0x00, 0x00, 0x00,
 0x01, 0x00, 0x00, 0x00, 0x04, 0x00, 0x00, 0x00, 0x34, 0xdd, 0xff, 0xff, 0x10, 0x00, 0x00, 0x00,
 0x04, 0x00, 0x00, 0x00, 0x03, 0x00, 0x00, 0x00, 0x41, 0x6e, 0x79, 0x00, 0x07, 0x00, 0x00, 0x00,
 0x70, 0x72, 0x69, 0x76, 0x61, 0x63, 0x79, 0x00, 0x2c, 0xdd, 0xff, 0xff, 0x00, 0x00, 0x00, 0x07,
 0x01, 0x00, 0x00, 0x00, 0x0b, 0x00, 0x00, 0x00, 0x65, 0x78, 0x61, 0x6d, 0x70, 0x6c, 0x65, 0x5f,
 0x69, 0x6e, 0x74, 0x00, 0xa8, 0xdd, 0xff, 0xff, 0x00, 0x01, 0x04, 0x00, 0x40, 0x00, 0x00, 0x00,
 0x30, 0x00, 0x00, 0x00, 0x04, 0x00, 0x00, 0x00, 0x01, 0x00, 0x00, 0x00, 0x04, 0x00, 0x00, 0x00,
 0x8c, 0xdd, 0xff, 0xff, 0x10, 0x00, 0x00, 0x00, 0x04, 0x00, 0x00, 0x00, 0x03, 0x00, 0x00, 0x00,
 0x41, 0x6e, 0x79, 0x00, 0x07, 0x00, 0x00, 0x00, 0x70, 0x72, 0x69, 0x76, 0x61, 0x63, 0x79, 0x00,
 0x84, 0xdd, 0xff, 0xff, 0x00, 0x00, 0x00, 0x0d, 0x01, 0x00, 0x00, 0x00, 0x0e, 0x00, 0x00, 0x00,
 0x65, 0x78, 0x61, 0x6d, 0x70, 0x6c, 0x65, 0x5f, 0x73, 0x74, 0x72, 0x69, 0x6e, 0x67, 0x00, 0x00,
 0x00, 0xdf, 0xff, 0xff, 0x78, 0x00, 0x00, 0x00, 0x2c, 0x00, 0x00, 0x00, 0x01, 0x00, 0x00, 0x00,
 0x04, 0x00, 0x00, 0x00, 0x19, 0x00, 0x00, 0x00, 0x2f, 0x2f, 0x6f, 0x73, 0x2f, 0x77, 0x61, 0x6b,
 0x65, 0x6c, 0x6f, 0x63, 0x6b, 0x5f, 0x6d, 0x61, 0x6e, 0x61, 0x67, 0x65, 0x72, 0x2e, 0x66, 0x62,
 0x73, 0x00, 0x00, 0x00, 0x11, 0x00, 0x00, 0x00, 0x68, 0x03, 0x00, 0x00, 0xfc, 0x02, 0x00, 0x00,
 0xe4, 0x00, 0x00, 0x00, 0xc8, 0x03, 0x00, 0x00, 0x88, 0x03, 0x00, 0x00, 0x7c, 0x02, 0x00, 0x00,
 0xfc, 0x01, 0x00, 0x00, 0x78, 0x01, 0x00, 0x00, 0x38, 0x02, 0x00, 0x00, 0xac, 0x01, 0x00, 0x00,
 0x34, 0x01, 0x00, 0x00, 0xf8, 0x00, 0x00, 0x00, 0x08, 0x03, 0x00, 0x00, 0x94, 0x02, 0x00, 0x00,
 0xcc, 0x03, 0x00, 0x00, 0x74, 0x00, 0x00, 0x00, 0x2c, 0x00, 0x00, 0x00, 0x20, 0x00, 0x00, 0x00,
 0x62, 0x6c, 0x75, 0x65, 0x74, 0x6f, 0x6f, 0x74, 0x68, 0x2e, 0x6f, 0x73, 0x2e, 0x57, 0x61, 0x6b,
 0x65, 0x6c, 0x6f, 0x63, 0x6b, 0x4d, 0x61, 0x6e, 0x61, 0x67, 0x65, 0x72, 0x44, 0x61, 0x74, 0x61,
 0x00, 0x00, 0x00, 0x00, 0xa4, 0xfc, 0xff, 0xff, 0x10, 0x00, 0x24, 0x00, 0x18, 0x00, 0x00, 0x00,
 0x04, 0x00, 0x00, 0x00, 0xcc, 0xe3, 0xff, 0xff, 0x00, 0x00, 0x00, 0x09, 0x08, 0x00, 0x00, 0x00,
 0x01, 0x00, 0x00, 0x00, 0x1d, 0x00, 0x00, 0x00, 0x74, 0x6f, 0x74, 0x61, 0x6c, 0x5f, 0x74, 0x69,
 0x6d, 0x65, 0x5f, 0x73, 0x69, 0x6e, 0x63, 0x65, 0x5f, 0x72, 0x65, 0x73, 0x65, 0x74, 0x5f, 0x6d,
 0x69, 0x6c, 0x6c, 0x69, 0x73, 0x00, 0x00, 0x00, 0xe8, 0xfc, 0xff, 0xff, 0x0f, 0x00, 0x22, 0x00,
 0x18, 0x00, 0x00, 0x00, 0x04, 0x00, 0x00, 0x00, 0x10, 0xe4, 0xff, 0xff, 0x00, 0x00, 0x00, 0x09,
 0x08, 0x00, 0x00, 0x00, 0x01, 0x00, 0x00, 0x00, 0x15, 0x00, 0x00, 0x00, 0x74, 0x6f, 0x74, 0x61,
 0x6c, 0x5f, 0x69, 0x6e, 0x74, 0x65, 0x72, 0x76, 0x61, 0x6c, 0x5f, 0x6d, 0x69, 0x6c, 0x6c, 0x69,
 0x73, 0x00, 0x00, 0x00, 0x24, 0xfd, 0xff, 0xff, 0x0e, 0x00, 0x20, 0x00, 0x18, 0x00, 0x00, 0x00,
 0x04, 0x00, 0x00, 0x00, 0x4c, 0xe4, 0xff, 0xff, 0x00, 0x00, 0x00, 0x09, 0x08, 0x00, 0x00, 0x00,
 0x01, 0x00, 0x00, 0x00, 0x13, 0x00, 0x00, 0x00, 0x61, 0x76, 0x67, 0x5f, 0x69, 0x6e, 0x74, 0x65,
 0x72, 0x76, 0x61, 0x6c, 0x5f, 0x6d, 0x69, 0x6c, 0x6c, 0x69, 0x73, 0x00, 0x5c, 0xfd, 0xff, 0xff,
 0x0d, 0x00, 0x1e, 0x00, 0x18, 0x00, 0x00, 0x00, 0x04, 0x00, 0x00, 0x00, 0x84, 0xe4, 0xff, 0xff,
 0x00, 0x00, 0x00, 0x09, 0x08, 0x00, 0x00, 0x00, 0x01, 0x00, 0x00, 0x00, 0x13, 0x00, 0x00, 0x00,
 0x6d, 0x69, 0x6e, 0x5f, 0x69, 0x6e, 0x74, 0x65, 0x72, 0x76, 0x61, 0x6c, 0x5f, 0x6d, 0x69, 0x6c,
 0x6c, 0x69, 0x73, 0x00, 0x94, 0xfd, 0xff, 0xff, 0x0c, 0x00, 0x1c, 0x00, 0x18, 0x00, 0x00, 0x00,
 0x04, 0x00, 0x00, 0x00, 0xbc, 0xe4, 0xff, 0xff, 0x00, 0x00, 0x00, 0x09, 0x08, 0x00, 0x00, 0x00,
 0x01, 0x00, 0x00, 0x00, 0x13, 0x00, 0x00, 0x00, 0x6d, 0x61, 0x78, 0x5f, 0x69, 0x6e, 0x74, 0x65,
 0x72, 0x76, 0x61, 0x6c, 0x5f, 0x6d, 0x69, 0x6c, 0x6c, 0x69, 0x73, 0x00, 0xcc, 0xfd, 0xff, 0xff,
 0x0b, 0x00, 0x1a, 0x00, 0x18, 0x00, 0x00, 0x00, 0x04, 0x00, 0x00, 0x00, 0xf4, 0xe4, 0xff, 0xff,
 0x00, 0x00, 0x00, 0x09, 0x08, 0x00, 0x00, 0x00, 0x01, 0x00, 0x00, 0x00, 0x14, 0x00, 0x00, 0x00,
 0x6c, 0x61, 0x73, 0x74, 0x5f, 0x69, 0x6e, 0x74, 0x65, 0x72, 0x76, 0x61, 0x6c, 0x5f, 0x6d, 0x69,
 0x6c, 0x6c, 0x69, 0x73, 0x00, 0x00, 0x00, 0x00, 0x08, 0xfe, 0xff, 0xff, 0x0a, 0x00, 0x18, 0x00,
 0x18, 0x00, 0x00, 0x00, 0x04, 0x00, 0x00, 0x00, 0x30, 0xe5, 0xff, 0xff, 0x00, 0x00, 0x00, 0x09,
 0x08, 0x00, 0x00, 0x00, 0x01, 0x00, 0x00, 0x00, 0x1e, 0x00, 0x00, 0x00, 0x6c, 0x61, 0x73, 0x74,
 0x5f, 0x72, 0x65, 0x6c, 0x65, 0x61, 0x73, 0x65, 0x64, 0x5f, 0x74, 0x69, 0x6d, 0x65, 0x73, 0x74,
 0x61, 0x6d, 0x70, 0x5f, 0x6d, 0x69, 0x6c, 0x6c, 0x69, 0x73, 0x00, 0x00, 0x4c, 0xfe, 0xff, 0xff,
 0x09, 0x00, 0x16, 0x00, 0x18, 0x00, 0x00, 0x00, 0x04, 0x00, 0x00, 0x00, 0x74, 0xe5, 0xff, 0xff,
 0x00, 0x00, 0x00, 0x09, 0x08, 0x00, 0x00, 0x00, 0x01, 0x00, 0x00, 0x00, 0x1e, 0x00, 0x00, 0x00,
 0x6c, 0x61, 0x73, 0x74, 0x5f, 0x61, 0x63, 0x71, 0x75, 0x69, 0x72, 0x65, 0x64, 0x5f, 0x74, 0x69,
 0x6d, 0x65, 0x73, 0x74, 0x61, 0x6d, 0x70, 0x5f, 0x6d, 0x69, 0x6c, 0x6c, 0x69, 0x73, 0x00, 0x00,
 0x90, 0xfe, 0xff, 0xff, 0x08, 0x00, 0x14, 0x00, 0x14, 0x00, 0x00, 0x00, 0x04, 0x00, 0x00, 0x00,
 0x44, 0xe0, 0xff, 0xff, 0x00, 0x00, 0x00, 0x07, 0x01, 0x00, 0x00, 0x00, 0x17, 0x00, 0x00, 0x00,
 0x6c, 0x61, 0x73, 0x74, 0x5f, 0x72, 0x65, 0x6c, 0x65, 0x61, 0x73, 0x65, 0x5f, 0x65, 0x72, 0x72,
 0x6f, 0x72, 0x5f, 0x63, 0x6f, 0x64, 0x65, 0x00, 0xc8, 0xfe, 0xff, 0xff, 0x07, 0x00, 0x12, 0x00,
 0x14, 0x00, 0x00, 0x00, 0x04, 0x00, 0x00, 0x00, 0x7c, 0xe0, 0xff, 0xff, 0x00, 0x00, 0x00, 0x07,
 0x01, 0x00, 0x00, 0x00, 0x17, 0x00, 0x00, 0x00, 0x6c, 0x61, 0x73, 0x74, 0x5f, 0x61, 0x63, 0x71,
 0x75, 0x69, 0x72, 0x65, 0x5f, 0x65, 0x72, 0x72, 0x6f, 0x72, 0x5f, 0x63, 0x6f, 0x64, 0x65, 0x00,
 0x00, 0xff, 0xff, 0xff, 0x06, 0x00, 0x10, 0x00, 0x14, 0x00, 0x00, 0x00, 0x04, 0x00, 0x00, 0x00,
 0xb4, 0xe0, 0xff, 0xff, 0x00, 0x00, 0x00, 0x07, 0x01, 0x00, 0x00, 0x00, 0x14, 0x00, 0x00, 0x00,
 0x72, 0x65, 0x6c, 0x65, 0x61, 0x73, 0x65, 0x64, 0x5f, 0x65, 0x72, 0x72, 0x6f, 0x72, 0x5f, 0x63,
 0x6f, 0x75, 0x6e, 0x74, 0x00, 0x00, 0x00, 0x00, 0x38, 0xff, 0xff, 0xff, 0x05, 0x00, 0x0e, 0x00,
 0x14, 0x00, 0x00, 0x00, 0x04, 0x00, 0x00, 0x00, 0xec, 0xe0, 0xff, 0xff, 0x00, 0x00, 0x00, 0x07,
 0x01, 0x00, 0x00, 0x00, 0x14, 0x00, 0x00, 0x00, 0x61, 0x63, 0x71, 0x75, 0x69, 0x72, 0x65, 0x64,
 0x5f, 0x65, 0x72, 0x72, 0x6f, 0x72, 0x5f, 0x63, 0x6f, 0x75, 0x6e, 0x74, 0x00, 0x00, 0x00, 0x00,
 0x70, 0xff, 0xff, 0xff, 0x04, 0x00, 0x0c, 0x00, 0x14, 0x00, 0x00, 0x00, 0x04, 0x00, 0x00, 0x00,
 0x24, 0xe1, 0xff, 0xff, 0x00, 0x00, 0x00, 0x07, 0x01, 0x00, 0x00, 0x00, 0x0e, 0x00, 0x00, 0x00,
 0x72, 0x65, 0x6c, 0x65, 0x61, 0x73, 0x65, 0x64, 0x5f, 0x63, 0x6f, 0x75, 0x6e, 0x74, 0x00, 0x00,
 0xa0, 0xff, 0xff, 0xff, 0x03, 0x00, 0x0a, 0x00, 0x14, 0x00, 0x00, 0x00, 0x04, 0x00, 0x00, 0x00,
 0x54, 0xe1, 0xff, 0xff, 0x00, 0x00, 0x00, 0x07, 0x01, 0x00, 0x00, 0x00, 0x0e, 0x00, 0x00, 0x00,
 0x61, 0x63, 0x71, 0x75, 0x69, 0x72, 0x65, 0x64, 0x5f, 0x63, 0x6f, 0x75, 0x6e, 0x74, 0x00, 0x00,
 0xd0, 0xff, 0xff, 0xff, 0x02, 0x00, 0x08, 0x00, 0x18, 0x00, 0x00, 0x00, 0x04, 0x00, 0x00, 0x00,
 0xf8, 0xe6, 0xff, 0xff, 0x00, 0x00, 0x00, 0x02, 0x01, 0x00, 0x00, 0x00, 0x01, 0x00, 0x00, 0x00,
 0x09, 0x00, 0x00, 0x00, 0x69, 0x73, 0x5f, 0x6e, 0x61, 0x74, 0x69, 0x76, 0x65, 0x00, 0x00, 0x00,
 0x0c, 0x00, 0x10, 0x00, 0x08, 0x00, 0x0c, 0x00, 0x04, 0x00, 0x06, 0x00, 0x0c, 0x00, 0x00, 0x00,
 0x01, 0x00, 0x06, 0x00, 0x18, 0x00, 0x00, 0x00, 0x04, 0x00, 0x00, 0x00, 0x34, 0xe7, 0xff, 0xff,
 0x00, 0x00, 0x00, 0x02, 0x01, 0x00, 0x00, 0x00, 0x01, 0x00, 0x00, 0x00, 0x0b, 0x00, 0x00, 0x00,
 0x69, 0x73, 0x5f, 0x61, 0x63, 0x71, 0x75, 0x69, 0x72, 0x65, 0x64, 0x00, 0x40, 0xfd, 0xff, 0xff,
 0x00, 0x01, 0x04, 0x00, 0x14, 0x00, 0x00, 0x00, 0x04, 0x00, 0x00, 0x00, 0xf0, 0xe1, 0xff, 0xff,
 0x00, 0x00, 0x00, 0x0d, 0x01, 0x00, 0x00, 0x00, 0x05, 0x00, 0x00, 0x00, 0x74, 0x69, 0x74, 0x6c,
 0x65, 0x00, 0x00, 0x00, 0x64, 0xe3, 0xff, 0xff, 0x34, 0x00, 0x00, 0x00, 0x28, 0x00, 0x00, 0x00,
 0x01, 0x00, 0x00, 0x00, 0x04, 0x00, 0x00, 0x00, 0x15, 0x00, 0x00, 0x00, 0x2f, 0x2f, 0x6d, 0x6f,
 0x64, 0x75, 0x6c, 0x65, 0x5f, 0x75, 0x6e, 0x69, 0x74, 0x74, 0x65, 0x73, 0x74, 0x2e, 0x66, 0x62,
 0x73, 0x00, 0x00, 0x00, 0x01, 0x00, 0x00, 0x00, 0x28, 0x00, 0x00, 0x00, 0x1c, 0x00, 0x00, 0x00,
 0x62, 0x6c, 0x75, 0x65, 0x74, 0x6f, 0x6f, 0x74, 0x68, 0x2e, 0x4d, 0x6f, 0x64, 0x75, 0x6c, 0x65,
 0x55, 0x6e, 0x69, 0x74, 0x54, 0x65, 0x73, 0x74, 0x44, 0x61, 0x74, 0x61, 0x00, 0x00, 0x00, 0x00,
 0xc4, 0xe2, 0xff, 0xff, 0x00, 0x01, 0x04, 0x00, 0x40, 0x00, 0x00, 0x00, 0x30, 0x00, 0x00, 0x00,
 0x04, 0x00, 0x00, 0x00, 0x01, 0x00, 0x00, 0x00, 0x04, 0x00, 0x00, 0x00, 0xa8, 0xe2, 0xff, 0xff,
 0x10, 0x00, 0x00, 0x00, 0x04, 0x00, 0x00, 0x00, 0x03, 0x00, 0x00, 0x00, 0x41, 0x6e, 0x79, 0x00,
 0x07, 0x00, 0x00, 0x00, 0x70, 0x72, 0x69, 0x76, 0x61, 0x63, 0x79, 0x00, 0xa0, 0xe2, 0xff, 0xff,
 0x00, 0x00, 0x00, 0x0d, 0x01, 0x00, 0x00, 0x00, 0x05, 0x00, 0x00, 0x00, 0x74, 0x69, 0x74, 0x6c,
 0x65, 0x00, 0x00, 0x00, 0x14, 0xe4, 0xff, 0xff, 0x1c, 0x00, 0x00, 0x00, 0x0c, 0x00, 0x00, 0x00,
 0x01, 0x00, 0x00, 0x00, 0x30, 0x02, 0x00, 0x00, 0x02, 0x00, 0x00, 0x00, 0x3c, 0x00, 0x00, 0x00,
 0x9c, 0x00, 0x00, 0x00, 0x2e, 0x00, 0x00, 0x00, 0x62, 0x6c, 0x75, 0x65, 0x74, 0x6f, 0x6f, 0x74,
 0x68, 0x2e, 0x6c, 0x32, 0x63, 0x61, 0x70, 0x2e, 0x63, 0x6c, 0x61, 0x73, 0x73, 0x69, 0x63, 0x2e,
 0x4c, 0x32, 0x63, 0x61, 0x70, 0x43, 0x6c, 0x61, 0x73, 0x73, 0x69, 0x63, 0x4d, 0x6f, 0x64, 0x75,
 0x6c, 0x65, 0x44, 0x61, 0x74, 0x61, 0x00, 0x00, 0xf4, 0xe3, 0xff, 0xff, 0x00, 0x00, 0x00, 0x01,
 0x01, 0x00, 0x06, 0x00, 0x44, 0x00, 0x00, 0x00, 0x30, 0x00, 0x00, 0x00, 0x04, 0x00, 0x00, 0x00,
 0x01, 0x00, 0x00, 0x00, 0x04, 0x00, 0x00, 0x00, 0x54, 0xe3, 0xff, 0xff, 0x10, 0x00, 0x00, 0x00,
 0x04, 0x00, 0x00, 0x00, 0x03, 0x00, 0x00, 0x00, 0x41, 0x6e, 0x79, 0x00, 0x07, 0x00, 0x00, 0x00,
 0x70, 0x72, 0x69, 0x76, 0x61, 0x63, 0x79, 0x00, 0xd8, 0xe3, 0xff, 0xff, 0x00, 0x00, 0x0e, 0x0f,
 0x0d, 0x00, 0x00, 0x00, 0x04, 0x00, 0x00, 0x00, 0x0c, 0x00, 0x00, 0x00, 0x61, 0x63, 0x74, 0x69,
 0x76, 0x65, 0x5f, 0x6c, 0x69, 0x6e, 0x6b, 0x73, 0x00, 0x00, 0x00, 0x00, 0xd0, 0xe3, 0xff, 0xff,
 0x00, 0x01, 0x04, 0x00, 0x40, 0x00, 0x00, 0x00, 0x30, 0x00, 0x00, 0x00, 0x04, 0x00, 0x00, 0x00,
 0x01, 0x00, 0x00, 0x00, 0x04, 0x00, 0x00, 0x00, 0xb4, 0xe3, 0xff, 0xff, 0x10, 0x00, 0x00, 0x00,
 0x04, 0x00, 0x00, 0x00, 0x03, 0x00, 0x00, 0x00, 0x41, 0x6e, 0x79, 0x00, 0x07, 0x00, 0x00, 0x00,
 0x70, 0x72, 0x69, 0x76, 0x61, 0x63, 0x79, 0x00, 0xac, 0xe3, 0xff, 0xff, 0x00, 0x00, 0x00, 0x0d,
 0x01, 0x00, 0x00, 0x00, 0x05, 0x00, 0x00, 0x00, 0x74, 0x69, 0x74, 0x6c, 0x65, 0x00, 0x00, 0x00,
 0x20, 0xe5, 0xff, 0xff, 0x20, 0x00, 0x00, 0x00, 0x0c, 0x00, 0x00, 0x00, 0x01, 0x00, 0x00, 0x00,
 0x24, 0x01, 0x00, 0x00, 0x03, 0x00, 0x00, 0x00, 0xe0, 0x00, 0x00, 0x00, 0x84, 0x00, 0x00, 0x00,
 0x2c, 0x00, 0x00, 0x00, 0x20, 0x00, 0x00, 0x00, 0x62, 0x6c, 0x75, 0x65, 0x74, 0x6f, 0x6f, 0x74,
 0x68, 0x2e, 0x6c, 0x32, 0x63, 0x61, 0x70, 0x2e, 0x63, 0x6c, 0x61, 0x73, 0x73, 0x69, 0x63, 0x2e,
 0x4c, 0x69, 0x6e, 0x6b, 0x44, 0x61, 0x74, 0x61, 0x00, 0x00, 0x00, 0x00, 0xc8, 0xff, 0xff, 0xff,
 0x00, 0x00, 0x00, 0x01, 0x02, 0x00, 0x08, 0x00, 0x18, 0x00, 0x00, 0x00, 0x04, 0x00, 0x00, 0x00,
 0xb0, 0xe4, 0xff, 0xff, 0x00, 0x00, 0x0e, 0x0f, 0x0b, 0x00, 0x00, 0x00, 0x04, 0x00, 0x00, 0x00,
 0x0e, 0x00, 0x00, 0x00, 0x66, 0x69, 0x78, 0x65, 0x64, 0x5f, 0x63, 0x68, 0x61, 0x6e, 0x6e, 0x65,
 0x6c, 0x73, 0x00, 0x00, 0x1c, 0x00, 0x14, 0x00, 0x0c, 0x00, 0x10, 0x00, 0x08, 0x00, 0x0a, 0x00,
 0x00, 0x00, 0x00, 0x00, 0x00, 0x00, 0x00, 0x00, 0x00, 0x00, 0x00, 0x00, 0x00, 0x00, 0x07, 0x00,
 0x1c, 0x00, 0x00, 0x00, 0x00, 0x00, 0x00, 0x01, 0x01, 0x00, 0x06, 0x00, 0x18, 0x00, 0x00, 0x00,
 0x04, 0x00, 0x00, 0x00, 0x04, 0xe5, 0xff, 0xff, 0x00, 0x00, 0x0e, 0x0f, 0x0b, 0x00, 0x00, 0x00,
 0x04, 0x00, 0x00, 0x00, 0x10, 0x00, 0x00, 0x00, 0x64, 0x79, 0x6e, 0x61, 0x6d, 0x69, 0x63, 0x5f,
 0x63, 0x68, 0x61, 0x6e, 0x6e, 0x65, 0x6c, 0x73, 0x00, 0x00, 0x00, 0x00, 0x1c, 0x00, 0x10, 0x00,
 0x08, 0x00, 0x0c, 0x00, 0x00, 0x00, 0x06, 0x00, 0x00, 0x00, 0x00, 0x00, 0x00, 0x00, 0x00, 0x00,
 0x00, 0x00, 0x00, 0x00, 0x00, 0x00, 0x05, 0x00, 0x1c, 0x00, 0x00, 0x00, 0x00, 0x01, 0x04, 0x00,
 0x14, 0x00, 0x00, 0x00, 0x04, 0x00, 0x00, 0x00, 0xcc, 0xe4, 0xff, 0xff, 0x00, 0x00, 0x00, 0x0d,
 0x01, 0x00, 0x00, 0x00, 0x07, 0x00, 0x00, 0x00, 0x61, 0x64, 0x64, 0x72, 0x65, 0x73, 0x73, 0x00,
 0x40, 0xe6, 0xff, 0xff, 0x48, 0x00, 0x00, 0x00, 0x3c, 0x00, 0x00, 0x00, 0x01, 0x00, 0x00, 0x00,
 0x04, 0x00, 0x00, 0x00, 0x28, 0x00, 0x00, 0x00, 0x2f, 0x2f, 0x6c, 0x32, 0x63, 0x61, 0x70, 0x2f,
 0x63, 0x6c, 0x61, 0x73, 0x73, 0x69, 0x63, 0x2f, 0x6c, 0x32, 0x63, 0x61, 0x70, 0x5f, 0x63, 0x6c,
 0x61, 0x73, 0x73, 0x69, 0x63, 0x5f, 0x6d, 0x6f, 0x64, 0x75, 0x6c, 0x65, 0x2e, 0x66, 0x62, 0x73,
 0x00, 0x00, 0x00, 0x00, 0x01, 0x00, 0x00, 0x00, 0x38, 0x00, 0x00, 0x00, 0x23, 0x00, 0x00, 0x00,
 0x62, 0x6c, 0x75, 0x65, 0x74, 0x6f, 0x6f, 0x74, 0x68, 0x2e, 0x6c, 0x32, 0x63, 0x61, 0x70, 0x2e,
 0x63, 0x6c, 0x61, 0x73, 0x73, 0x69, 0x63, 0x2e, 0x43, 0x68, 0x61, 0x6e, 0x6e, 0x65, 0x6c, 0x44,
 0x61, 0x74, 0x61, 0x00, 0x0c, 0x00, 0x10, 0x00, 0x08, 0x00, 0x0c, 0x00, 0x00, 0x00, 0x06, 0x00,
 0x0c, 0x00, 0x00, 0x00, 0x00, 0x00, 0x04, 0x00, 0x14, 0x00, 0x00, 0x00, 0x04, 0x00, 0x00, 0x00,
 0x74, 0xe5, 0xff, 0xff, 0x00, 0x00, 0x00, 0x07, 0x01, 0x00, 0x00, 0x00, 0x03, 0x00, 0x00, 0x00,
 0x63, 0x69, 0x64, 0x00, 0xe4, 0xe6, 0xff, 0xff, 0x5c, 0x00, 0x00, 0x00, 0x0c, 0x00, 0x00, 0x00,
 0x01, 0x00, 0x00, 0x00, 0x30, 0x13, 0x00, 0x00, 0x12, 0x00, 0x00, 0x00, 0xbc, 0x06, 0x00, 0x00,
 0xa0, 0x01, 0x00, 0x00, 0xec, 0x05, 0x00, 0x00, 0x84, 0x05, 0x00, 0x00, 0x18, 0x05, 0x00, 0x00,
 0x24, 0x01, 0x00, 0x00, 0xc8, 0x03, 0x00, 0x00, 0x38, 0x04, 0x00, 0x00, 0xd4, 0x02, 0x00, 0x00,
 0x5c, 0x02, 0x00, 0x00, 0x98, 0x04, 0x00, 0x00, 0x40, 0x03, 0x00, 0x00, 0xa4, 0x00, 0x00, 0x00,
 0xdc, 0x01, 0x00, 0x00, 0xe8, 0x06, 0x00, 0x00, 0x1c, 0x06, 0x00, 0x00, 0x60, 0x07, 0x00, 0x00,
 0x28, 0x00, 0x00, 0x00, 0x1c, 0x00, 0x00, 0x00, 0x62, 0x6c, 0x75, 0x65, 0x74, 0x6f, 0x6f, 0x74,
 0x68, 0x2e, 0x68, 0x63, 0x69, 0x2e, 0x43, 0x6f, 0x6e, 0x74, 0x72, 0x6f, 0x6c, 0x6c, 0x65, 0x72,
 0x44, 0x61, 0x74, 0x61, 0x00, 0x00, 0x00, 0x00, 0xf4, 0xe6, 0xff, 0xff, 0x00, 0x00, 0x00, 0x01,
 0x11, 0x00, 0x26, 0x00, 0x44, 0x00, 0x00, 0x00, 0x30, 0x00, 0x00, 0x00, 0x04, 0x00, 0x00, 0x00,
 0x01, 0x00, 0x00, 0x00, 0x04, 0x00, 0x00, 0x00, 0x54, 0xe6, 0xff, 0xff, 0x10, 0x00, 0x00, 0x00,
 0x04, 0x00, 0x00, 0x00, 0x03, 0x00, 0x00, 0x00, 0x41, 0x6e, 0x79, 0x00, 0x07, 0x00, 0x00, 0x00,
 0x70, 0x72, 0x69, 0x76, 0x61, 0x63, 0x79, 0x00, 0x4c, 0xf9, 0xff, 0xff, 0x00, 0x00, 0x00, 0x0f,
 0x0a, 0x00, 0x00, 0x00, 0x01, 0x00, 0x00, 0x00, 0x13, 0x00, 0x00, 0x00, 0x76, 0x65, 0x6e, 0x64,
 0x6f, 0x72, 0x5f, 0x63, 0x61, 0x70, 0x61, 0x62, 0x69, 0x6c, 0x69, 0x74, 0x69, 0x65, 0x73, 0x00,
 0x94, 0xe9, 0xff, 0xff, 0x10, 0x00, 0x24, 0x00, 0x44, 0x00, 0x00, 0x00, 0x30, 0x00, 0x00, 0x00,
 0x04, 0x00, 0x00, 0x00, 0x01, 0x00, 0x00, 0x00, 0x04, 0x00, 0x00, 0x00, 0xb8, 0xe6, 0xff, 0xff,
 0x10, 0x00, 0x00, 0x00, 0x04, 0x00, 0x00, 0x00, 0x03, 0x00, 0x00, 0x00, 0x41, 0x6e, 0x79, 0x00,
 0x07, 0x00, 0x00, 0x00, 0x70, 0x72, 0x69, 0x76, 0x61, 0x63, 0x79, 0x00, 0x24, 0xec, 0xff, 0xff,
 0x00, 0x00, 0x00, 0x0a, 0x08, 0x00, 0x00, 0x00, 0x01, 0x00, 0x00, 0x00, 0x13, 0x00, 0x00, 0x00,
 0x6c, 0x65, 0x5f, 0x73, 0x75, 0x70, 0x70, 0x6f, 0x72, 0x74, 0x65, 0x64, 0x5f, 0x73, 0x74, 0x61,
 0x74, 0x65, 0x73, 0x00, 0xf8, 0xe9, 0xff, 0xff, 0x0f, 0x00, 0x22, 0x00, 0x44, 0x00, 0x00, 0x00,
 0x30, 0x00, 0x00, 0x00, 0x04, 0x00, 0x00, 0x00, 0x01, 0x00, 0x00, 0x00, 0x04, 0x00, 0x00, 0x00,
 0x1c, 0xe7, 0xff, 0xff, 0x10, 0x00, 0x00, 0x00, 0x04, 0x00, 0x00, 0x00, 0x03, 0x00, 0x00, 0x00,
 0x41, 0x6e, 0x79, 0x00, 0x07, 0x00, 0x00, 0x00, 0x70, 0x72, 0x69, 0x76, 0x61, 0x63, 0x79, 0x00,
 0x88, 0xec, 0xff, 0xff, 0x00, 0x00, 0x00, 0x09, 0x08, 0x00, 0x00, 0x00, 0x01, 0x00, 0x00, 0x00,
 0x1b, 0x00, 0x00, 0x00, 0x6c, 0x65, 0x5f, 0x6c, 0x6f, 0x63, 0x61, 0x6c, 0x5f, 0x73, 0x75, 0x70,
 0x70, 0x6f, 0x72, 0x74, 0x65, 0x64, 0x5f, 0x66, 0x65, 0x61, 0x74, 0x75, 0x72, 0x65, 0x73, 0x00,
 0x2c, 0xe8, 0xff, 0xff, 0x00, 0x00, 0x00, 0x01, 0x0e, 0x00, 0x20, 0x00, 0x40, 0x00, 0x00, 0x00,
 0x30, 0x00, 0x00, 0x00, 0x04, 0x00, 0x00, 0x00, 0x01, 0x00, 0x00, 0x00, 0x04, 0x00, 0x00, 0x00,
 0x8c, 0xe7, 0xff, 0xff, 0x10, 0x00, 0x00, 0x00, 0x04, 0x00, 0x00, 0x00, 0x03, 0x00, 0x00, 0x00,
 0x41, 0x6e, 0x79, 0x00, 0x07, 0x00, 0x00, 0x00, 0x70, 0x72, 0x69, 0x76, 0x61, 0x63, 0x79, 0x00,
 0xdc, 0xea, 0xff, 0xff, 0x00, 0x00, 0x0e, 0x0a, 0x08, 0x00, 0x00, 0x00, 0x1b, 0x00, 0x00, 0x00,
 0x65, 0x78, 0x74, 0x65, 0x6e, 0x64, 0x65, 0x64, 0x5f, 0x6c, 0x6d, 0x70, 0x5f, 0x66, 0x65, 0x61,
 0x74, 0x75, 0x72, 0x65, 0x73, 0x5f, 0x61, 0x72, 0x72, 0x61, 0x79, 0x00, 0x98, 0xe8, 0xff, 0xff,
 0x00, 0x00, 0x00, 0x01, 0x0d, 0x00, 0x1e, 0x00, 0x44, 0x00, 0x00, 0x00, 0x30, 0x00, 0x00, 0x00,
 0x04, 0x00, 0x00, 0x00, 0x01, 0x00, 0x00, 0x00, 0x04, 0x00, 0x00, 0x00, 0xf8, 0xe7, 0xff, 0xff,
 0x10, 0x00, 0x00, 0x00, 0x04, 0x00, 0x00, 0x00, 0x03, 0x00, 0x00, 0x00, 0x41, 0x6e, 0x79, 0x00,
 0x07, 0x00, 0x00, 0x00, 0x70, 0x72, 0x69, 0x76, 0x61, 0x63, 0x79, 0x00, 0x7c, 0xe8, 0xff, 0xff,
 0x00, 0x00, 0x0e, 0x0f, 0x08, 0x00, 0x00, 0x00, 0x02, 0x00, 0x00, 0x00, 0x18, 0x00, 0x00, 0x00,
 0x6c, 0x6f, 0x63, 0x61, 0x6c, 0x5f, 0x73, 0x75, 0x70, 0x70, 0x6f, 0x72, 0x74, 0x65, 0x64, 0x5f,
 0x63, 0x6f, 0x6d, 0x6d, 0x61, 0x6e, 0x64, 0x73, 0x00, 0x00, 0x00, 0x00, 0x40, 0xeb, 0xff, 0xff,
 0x0c, 0x00, 0x1c, 0x00, 0x44, 0x00, 0x00, 0x00, 0x30, 0x00, 0x00, 0x00, 0x04, 0x00, 0x00, 0x00,
 0x01, 0x00, 0x00, 0x00, 0x04, 0x00, 0x00, 0x00, 0x64, 0xe8, 0xff, 0xff, 0x10, 0x00, 0x00, 0x00,
 0x04, 0x00, 0x00, 0x00, 0x03, 0x00, 0x00, 0x00, 0x41, 0x6e, 0x79, 0x00, 0x07, 0x00, 0x00, 0x00,
 0x70, 0x72, 0x69, 0x76, 0x61, 0x63, 0x79, 0x00, 0xd0, 0xed, 0xff, 0xff, 0x00, 0x00, 0x00, 0x04,
 0x01, 0x00, 0x00, 0x00, 0x01, 0x00, 0x00, 0x00, 0x20, 0x00, 0x00, 0x00, 0x6c, 0x65, 0x5f, 0x70,
 0x65, 0x72, 0x69, 0x6f, 0x64, 0x69, 0x63, 0x5f, 0x61, 0x64, 0x76, 0x65, 0x72, 0x74, 0x69, 0x73,
 0x65, 0x72, 0x5f, 0x6c, 0x69, 0x73, 0x74, 0x5f, 0x73, 0x69, 0x7a, 0x65, 0x00, 0x00, 0x00, 0x00,
 0xb4, 0xeb, 0xff, 0xff, 0x0b, 0x00, 0x1a, 0x00, 0x44, 0x00, 0x00, 0x00, 0x30, 0x00, 0x00, 0x00,
 0x04, 0x00, 0x00, 0x00, 0x01, 0x00, 0x00, 0x00, 0x04, 0x00, 0x00, 0x00, 0xd8, 0xe8, 0xff, 0xff,
 0x10, 0x00, 0x00, 0x00, 0x04, 0x00, 0x00, 0x00, 0x03, 0x00, 0x00, 0x00, 0x41, 0x6e, 0x79, 0x00,
 0x07, 0x00, 0x00, 0x00, 0x70, 0x72, 0x69, 0x76, 0x61, 0x63, 0x79, 0x00, 0x44, 0xee, 0xff, 0xff,
 0x00, 0x00, 0x00, 0x04, 0x01, 0x00, 0x00, 0x00, 0x01, 0x00, 0x00, 0x00, 0x24, 0x00, 0x00, 0x00,
 0x6c, 0x65, 0x5f, 0x6e, 0x75, 0x6d, 0x62, 0x65, 0x72, 0x5f, 0x73, 0x75, 0x70, 0x70, 0x6f, 0x72,
 0x74, 0x65, 0x64, 0x5f, 0x61, 0x64, 0x76, 0x65, 0x72, 0x74, 0x69, 0x73, 0x69, 0x6e, 0x67, 0x5f,
 0x73, 0x65, 0x74, 0x73, 0x00, 0x00, 0x00, 0x00, 0x2c, 0xec, 0xff, 0xff, 0x0a, 0x00, 0x18, 0x00,
 0x44, 0x00, 0x00, 0x00, 0x30, 0x00, 0x00, 0x00, 0x04, 0x00, 0x00, 0x00, 0x01, 0x00, 0x00, 0x00,
 0x04, 0x00, 0x00, 0x00, 0x50, 0xe9, 0xff, 0xff, 0x10, 0x00, 0x00, 0x00, 0x04, 0x00, 0x00, 0x00,
 0x03, 0x00, 0x00, 0x00, 0x41, 0x6e, 0x79, 0x00, 0x07, 0x00, 0x00, 0x00, 0x70, 0x72, 0x69, 0x76,
 0x61, 0x63, 0x79, 0x00, 0xbc, 0xee, 0xff, 0xff, 0x00, 0x00, 0x00, 0x06, 0x02, 0x00, 0x00, 0x00,
 0x01, 0x00, 0x00, 0x00, 0x20, 0x00, 0x00, 0x00, 0x6c, 0x65, 0x5f, 0x73, 0x75, 0x67, 0x67, 0x65,
 0x73, 0x74, 0x65, 0x64, 0x5f, 0x64, 0x65, 0x66, 0x61, 0x75, 0x6c, 0x74, 0x5f, 0x64, 0x61, 0x74,
 0x61, 0x5f, 0x6c, 0x65, 0x6e, 0x67, 0x74, 0x68, 0x00, 0x00, 0x00, 0x00, 0xa0, 0xec, 0xff, 0xff,
 0x09, 0x00, 0x16, 0x00, 0x44, 0x00, 0x00, 0x00, 0x30, 0x00, 0x00, 0x00, 0x04, 0x00, 0x00, 0x00,
 0x01, 0x00, 0x00, 0x00, 0x04, 0x00, 0x00, 0x00, 0xc4, 0xe9, 0xff, 0xff, 0x10, 0x00, 0x00, 0x00,
 0x04, 0x00, 0x00, 0x00, 0x03, 0x00, 0x00, 0x00, 0x41, 0x6e, 0x79, 0x00, 0x07, 0x00, 0x00, 0x00,
 0x70, 0x72, 0x69, 0x76, 0x61, 0x63, 0x79, 0x00, 0x30, 0xef, 0xff, 0xff, 0x00, 0x00, 0x00, 0x06,
 0x02, 0x00, 0x00, 0x00, 0x01, 0x00, 0x00, 0x00, 0x22, 0x00, 0x00, 0x00, 0x6c, 0x65, 0x5f, 0x6d,
 0x61, 0x78, 0x69, 0x6d, 0x75, 0x6d, 0x5f, 0x61, 0x64, 0x76, 0x65, 0x72, 0x74, 0x69, 0x73, 0x69,
 0x6e, 0x67, 0x5f, 0x64, 0x61, 0x74, 0x61, 0x5f, 0x6c, 0x65, 0x6e, 0x67, 0x74, 0x68, 0x00, 0x00,
 0xdc, 0xea, 0xff, 0xff, 0x00, 0x00, 0x00, 0x01, 0x08, 0x00, 0x14, 0x00, 0x44, 0x00, 0x00, 0x00,
 0x30, 0x00, 0x00, 0x00, 0x04, 0x00, 0x00, 0x00, 0x01, 0x00, 0x00, 0x00, 0x04, 0x00, 0x00, 0x00,
 0x3c, 0xea, 0xff, 0xff, 0x10, 0x00, 0x00, 0x00, 0x04, 0x00, 0x00, 0x00, 0x03, 0x00, 0x00, 0x00,
 0x41, 0x6e, 0x79, 0x00, 0x07, 0x00, 0x00, 0x00, 0x70, 0x72, 0x69, 0x76, 0x61, 0x63, 0x79, 0x00,
 0x34, 0xfd, 0xff, 0xff, 0x00, 0x00, 0x00, 0x0f, 0x07, 0x00, 0x00, 0x00, 0x01, 0x00, 0x00, 0x00,
 0x16, 0x00, 0x00, 0x00, 0x6c, 0x65, 0x5f, 0x6d, 0x61, 0x78, 0x69, 0x6d, 0x75, 0x6d, 0x5f, 0x64,
 0x61, 0x74, 0x61, 0x5f, 0x6c, 0x65, 0x6e, 0x67, 0x74, 0x68, 0x00, 0x00, 0x80, 0xed, 0xff, 0xff,
 0x07, 0x00, 0x12, 0x00, 0x44, 0x00, 0x00, 0x00, 0x30, 0x00, 0x00, 0x00, 0x04, 0x00, 0x00, 0x00,
 0x01, 0x00, 0x00, 0x00, 0x04, 0x00, 0x00, 0x00, 0xa4, 0xea, 0xff, 0xff, 0x10, 0x00, 0x00, 0x00,
 0x04, 0x00, 0x00, 0x00, 0x03, 0x00, 0x00, 0x00, 0x41, 0x6e, 0x79, 0x00, 0x07, 0x00, 0x00, 0x00,
 0x70, 0x72, 0x69, 0x76, 0x61, 0x63, 0x79, 0x00, 0x10, 0xf0, 0xff, 0xff, 0x00, 0x00, 0x00, 0x0a,
 0x08, 0x00, 0x00, 0x00, 0x01, 0x00, 0x00, 0x00, 0x16, 0x00, 0x00, 0x00, 0x6c, 0x65, 0x5f, 0x72,
 0x65, 0x73, 0x6f, 0x6c, 0x76, 0x69, 0x6e, 0x67, 0x5f, 0x6c, 0x69, 0x73, 0x74, 0x5f, 0x73, 0x69,
 0x7a, 0x65, 0x00, 0x00, 0xe8, 0xed, 0xff, 0xff, 0x06, 0x00, 0x10, 0x00, 0x44, 0x00, 0x00, 0x00,
 0x30, 0x00, 0x00, 0x00, 0x04, 0x00, 0x00, 0x00, 0x01, 0x00, 0x00, 0x00, 0x04, 0x00, 0x00, 0x00,
 0x0c, 0xeb, 0xff, 0xff, 0x10, 0x00, 0x00, 0x00, 0x04, 0x00, 0x00, 0x00, 0x03, 0x00, 0x00, 0x00,
 0x41, 0x6e, 0x79, 0x00, 0x07, 0x00, 0x00, 0x00, 0x70, 0x72, 0x69, 0x76, 0x61, 0x63, 0x79, 0x00,
 0x78, 0xf0, 0xff, 0xff, 0x00, 0x00, 0x00, 0x0a, 0x08, 0x00, 0x00, 0x00, 0x01, 0x00, 0x00, 0x00,
 0x14, 0x00, 0x00, 0x00, 0x6c, 0x65, 0x5f, 0x63, 0x6f, 0x6e, 0x6e, 0x65, 0x63, 0x74, 0x5f, 0x6c,
 0x69, 0x73, 0x74, 0x5f, 0x73, 0x69, 0x7a, 0x65, 0x00, 0x00, 0x00, 0x00, 0x18, 0xec, 0xff, 0xff,
 0x00, 0x00, 0x00, 0x01, 0x05, 0x00, 0x0e, 0x00, 0x44, 0x00, 0x00, 0x00, 0x30, 0x00, 0x00, 0x00,
 0x04, 0x00, 0x00, 0x00, 0x01, 0x00, 0x00, 0x00, 0x04, 0x00, 0x00, 0x00, 0x78, 0xeb, 0xff, 0xff,
 0x10, 0x00, 0x00, 0x00, 0x04, 0x00, 0x00, 0x00, 0x03, 0x00, 0x00, 0x00, 0x41, 0x6e, 0x79, 0x00,
 0x07, 0x00, 0x00, 0x00, 0x70, 0x72, 0x69, 0x76, 0x61, 0x63, 0x79, 0x00, 0x70, 0xfe, 0xff, 0xff,
 0x00, 0x00, 0x00, 0x0f, 0x05, 0x00, 0x00, 0x00, 0x01, 0x00, 0x00, 0x00, 0x0e, 0x00, 0x00, 0x00,
 0x6c, 0x65, 0x5f, 0x62, 0x75, 0x66, 0x66, 0x65, 0x72, 0x5f, 0x73, 0x69, 0x7a, 0x65, 0x00, 0x00,
 0x7c, 0xec, 0xff, 0xff, 0x00, 0x00, 0x00, 0x01, 0x04, 0x00, 0x0c, 0x00, 0x44, 0x00, 0x00, 0x00,
 0x30, 0x00, 0x00, 0x00, 0x04, 0x00, 0x00, 0x00, 0x01, 0x00, 0x00, 0x00, 0x04, 0x00, 0x00, 0x00,
 0xdc, 0xeb, 0xff, 0xff, 0x10, 0x00, 0x00, 0x00, 0x04, 0x00, 0x00, 0x00, 0x03, 0x00, 0x00, 0x00,
 0x41, 0x6e, 0x79, 0x00, 0x07, 0x00, 0x00, 0x00, 0x70, 0x72, 0x69, 0x76, 0x61, 0x63, 0x79, 0x00,
 0xd4, 0xfe, 0xff, 0xff, 0x00, 0x00, 0x00, 0x0f, 0x05, 0x00, 0x00, 0x00, 0x01, 0x00, 0x00, 0x00,
 0x0f, 0x00, 0x00, 0x00, 0x69, 0x73, 0x6f, 0x5f, 0x62, 0x75, 0x66, 0x66, 0x65, 0x72, 0x5f, 0x73,
 0x69, 0x7a, 0x65, 0x00, 0xe0, 0xec, 0xff, 0xff, 0x00, 0x00, 0x00, 0x01, 0x03, 0x00, 0x0a, 0x00,
 0x44, 0x00, 0x00, 0x00, 0x30, 0x00, 0x00, 0x00, 0x04, 0x00, 0x00, 0x00, 0x01, 0x00, 0x00, 0x00,
 0x04, 0x00, 0x00, 0x00, 0x40, 0xec, 0xff, 0xff, 0x10, 0x00, 0x00, 0x00, 0x04, 0x00, 0x00, 0x00,
 0x03, 0x00, 0x00, 0x00, 0x41, 0x6e, 0x79, 0x00, 0x07, 0x00, 0x00, 0x00, 0x70, 0x72, 0x69, 0x76,
 0x61, 0x63, 0x79, 0x00, 0x38, 0xff, 0xff, 0xff, 0x00, 0x00, 0x00, 0x0f, 0x05, 0x00, 0x00, 0x00,
 0x01, 0x00, 0x00, 0x00, 0x0f, 0x00, 0x00, 0x00, 0x73, 0x63, 0x6f, 0x5f, 0x62, 0x75, 0x66, 0x66,
 0x65, 0x72, 0x5f, 0x73, 0x69, 0x7a, 0x65, 0x00, 0x44, 0xed, 0xff, 0xff, 0x00, 0x00, 0x00, 0x01,
 0x02, 0x00, 0x08, 0x00, 0x44, 0x00, 0x00, 0x00, 0x30, 0x00, 0x00, 0x00, 0x04, 0x00, 0x00, 0x00,
 0x01, 0x00, 0x00, 0x00, 0x04, 0x00, 0x00, 0x00, 0xa4, 0xec, 0xff, 0xff, 0x10, 0x00, 0x00, 0x00,
 0x04, 0x00, 0x00, 0x00, 0x03, 0x00, 0x00, 0x00, 0x41, 0x6e, 0x79, 0x00, 0x07, 0x00, 0x00, 0x00,
 0x70, 0x72, 0x69, 0x76, 0x61, 0x63, 0x79, 0x00, 0x9c, 0xff, 0xff, 0xff, 0x00, 0x00, 0x00, 0x0f,
 0x05, 0x00, 0x00, 0x00, 0x01, 0x00, 0x00, 0x00, 0x0f, 0x00, 0x00, 0x00, 0x61, 0x63, 0x6c, 0x5f,
 0x62, 0x75, 0x66, 0x66, 0x65, 0x72, 0x5f, 0x73, 0x69, 0x7a, 0x65, 0x00, 0xa8, 0xed, 0xff, 0xff,
 0x00, 0x00, 0x00, 0x01, 0x01, 0x00, 0x06, 0x00, 0x54, 0x00, 0x00, 0x00, 0x40, 0x00, 0x00, 0x00,
 0x04, 0x00, 0x00, 0x00, 0x01, 0x00, 0x00, 0x00, 0x04, 0x00, 0x00, 0x00, 0x08, 0xed, 0xff, 0xff,
 0x10, 0x00, 0x00, 0x00, 0x04, 0x00, 0x00, 0x00, 0x03, 0x00, 0x00, 0x00, 0x41, 0x6e, 0x79, 0x00,
 0x07, 0x00, 0x00, 0x00, 0x70, 0x72, 0x69, 0x76, 0x61, 0x63, 0x79, 0x00, 0x10, 0x00, 0x10, 0x00,
 0x07, 0x00, 0x00, 0x00, 0x08, 0x00, 0x00, 0x00, 0x00, 0x00, 0x0c, 0x00, 0x10, 0x00, 0x00, 0x00,
 0x00, 0x00, 0x00, 0x0f, 0x09, 0x00, 0x00, 0x00, 0x01, 0x00, 0x00, 0x00, 0x19, 0x00, 0x00, 0x00,
 0x6c, 0x6f, 0x63, 0x61, 0x6c, 0x5f, 0x76, 0x65, 0x72, 0x73, 0x69, 0x6f, 0x6e, 0x5f, 0x69, 0x6e,
 0x66, 0x6f, 0x72, 0x6d, 0x61, 0x74, 0x69, 0x6f, 0x6e, 0x00, 0x00, 0x00, 0xa0, 0xed, 0xff, 0xff,
 0x00, 0x01, 0x04, 0x00, 0x40, 0x00, 0x00, 0x00, 0x30, 0x00, 0x00, 0x00, 0x04, 0x00, 0x00, 0x00,
 0x01, 0x00, 0x00, 0x00, 0x04, 0x00, 0x00, 0x00, 0x84, 0xed, 0xff, 0xff, 0x10, 0x00, 0x00, 0x00,
 0x04, 0x00, 0x00, 0x00, 0x03, 0x00, 0x00, 0x00, 0x41, 0x6e, 0x79, 0x00, 0x07, 0x00, 0x00, 0x00,
 0x70, 0x72, 0x69, 0x76, 0x61, 0x63, 0x79, 0x00, 0x7c, 0xed, 0xff, 0xff, 0x00, 0x00, 0x00, 0x0d,
 0x01, 0x00, 0x00, 0x00, 0x05, 0x00, 0x00, 0x00, 0x74, 0x69, 0x74, 0x6c, 0x65, 0x00, 0x00, 0x00,
 0x3c, 0xf6, 0xff, 0xff, 0x00, 0x00, 0x00, 0x01, 0x20, 0x00, 0x00, 0x00, 0x10, 0x00, 0x00, 0x00,
 0x01, 0x00, 0x00, 0x00, 0x02, 0x00, 0x00, 0x00, 0x1c, 0x0b, 0x00, 0x00, 0x02, 0x00, 0x00, 0x00,
 0x90, 0x00, 0x00, 0x00, 0x34, 0x00, 0x00, 0x00, 0x28, 0x00, 0x00, 0x00, 0x62, 0x6c, 0x75, 0x65,
 0x74, 0x6f, 0x6f, 0x74, 0x68, 0x2e, 0x68, 0x63, 0x69, 0x2e, 0x4c, 0x6f, 0x63, 0x61, 0x6c, 0x53,
 0x75, 0x70, 0x70, 0x6f, 0x72, 0x74, 0x65, 0x64, 0x43, 0x6f, 0x6d, 0x6d, 0x61, 0x6e, 0x64, 0x73,
 0x44, 0x61, 0x74, 0x61, 0x00, 0x00, 0x00, 0x00, 0x0c, 0xf1, 0xff, 0xff, 0x01, 0x00, 0x01, 0x00,
 0x44, 0x00, 0x00, 0x00, 0x30, 0x00, 0x00, 0x00, 0x04, 0x00, 0x00, 0x00, 0x01, 0x00, 0x00, 0x00,
 0x04, 0x00, 0x00, 0x00, 0x30, 0xee, 0xff, 0xff, 0x10, 0x00, 0x00, 0x00, 0x04, 0x00, 0x00, 0x00,
 0x03, 0x00, 0x00, 0x00, 0x41, 0x6e, 0x79, 0x00, 0x07, 0x00, 0x00, 0x00, 0x70, 0x72, 0x69, 0x76,
 0x61, 0x63, 0x79, 0x00, 0x9c, 0xf3, 0xff, 0xff, 0x00, 0x00, 0x00, 0x04, 0x01, 0x00, 0x00, 0x00,
 0x01, 0x00, 0x00, 0x00, 0x05, 0x00, 0x00, 0x00, 0x76, 0x61, 0x6c, 0x75, 0x65, 0x00, 0x00, 0x00,
 0x08, 0xf6, 0xff, 0xff, 0x44, 0x00, 0x00, 0x00, 0x30, 0x00, 0x00, 0x00, 0x04, 0x00, 0x00, 0x00,
 0x01, 0x00, 0x00, 0x00, 0x04, 0x00, 0x00, 0x00, 0x84, 0xee, 0xff, 0xff, 0x10, 0x00, 0x00, 0x00,
 0x04, 0x00, 0x00, 0x00, 0x03, 0x00, 0x00, 0x00, 0x41, 0x6e, 0x79, 0x00, 0x07, 0x00, 0x00, 0x00,
 0x70, 0x72, 0x69, 0x76, 0x61, 0x63, 0x79, 0x00, 0xf0, 0xf3, 0xff, 0xff, 0x00, 0x00, 0x00, 0x04,
 0x01, 0x00, 0x00, 0x00, 0x01, 0x00, 0x00, 0x00, 0x05, 0x00, 0x00, 0x00, 0x69, 0x6e, 0x64, 0x65,
 0x78, 0x00, 0x00, 0x00, 0x40, 0xf7, 0xff, 0xff, 0x00, 0x00, 0x00, 0x01, 0x54, 0x00, 0x00, 0x00,
 0x10, 0x00, 0x00, 0x00, 0x04, 0x00, 0x00, 0x00, 0x1c, 0x00, 0x00, 0x00, 0x18, 0x0a, 0x00, 0x00,
 0x0f, 0x00, 0x00, 0x00, 0xe0, 0x00, 0x00, 0x00, 0x6c, 0x03, 0x00, 0x00, 0x60, 0x00, 0x00, 0x00,
 0xc4, 0x01, 0x00, 0x00, 0x28, 0x02, 0x00, 0x00, 0x28, 0x04, 0x00, 0x00, 0x34, 0x06, 0x00, 0x00,
 0x34, 0x01, 0x00, 0x00, 0xc8, 0x05, 0x00, 0x00, 0xbc, 0x03, 0x00, 0x00, 0x78, 0x04, 0x00, 0x00,
 0x40, 0x05, 0x00, 0x00, 0x70, 0x02, 0x00, 0x00, 0xcc, 0x04, 0x00, 0x00, 0xd4, 0x02, 0x00, 0x00,
 0x24, 0x00, 0x00, 0x00, 0x62, 0x6c, 0x75, 0x65, 0x74, 0x6f, 0x6f, 0x74, 0x68, 0x2e, 0x68, 0x63,
 0x69, 0x2e, 0x56, 0x65, 0x6e, 0x64, 0x6f, 0x72, 0x43, 0x61, 0x70, 0x61, 0x62, 0x69, 0x6c, 0x69,
 0x74, 0x69, 0x65, 0x73, 0x44, 0x61, 0x74, 0x61, 0x00, 0x00, 0x00, 0x00, 0x6a, 0xf7, 0xff, 0xff,
 0x00, 0x00, 0x0e, 0x00, 0x18, 0x00, 0x03, 0x00, 0x44, 0x00, 0x00, 0x00, 0x30, 0x00, 0x00, 0x00,
 0x04, 0x00, 0x00, 0x00, 0x01, 0x00, 0x00, 0x00, 0x04, 0x00, 0x00, 0x00, 0x68, 0xef, 0xff, 0xff,
 0x10, 0x00, 0x00, 0x00, 0x04, 0x00, 0x00, 0x00, 0x03, 0x00, 0x00, 0x00, 0x41, 0x6e, 0x79, 0x00,
 0x07, 0x00, 0x00, 0x00, 0x70, 0x72, 0x69, 0x76, 0x61, 0x63, 0x79, 0x00, 0xd4, 0xf4, 0xff, 0xff,
 0x00, 0x00, 0x00, 0x04, 0x01, 0x00, 0x00, 0x00, 0x01, 0x00, 0x00, 0x00, 0x20, 0x00, 0x00, 0x00,
 0x62, 0x6c, 0x75, 0x65, 0x74, 0x6f, 0x6f, 0x74, 0x68, 0x5f, 0x71, 0x75, 0x61, 0x6c, 0x69, 0x74,
 0x79, 0x5f, 0x72, 0x65, 0x70, 0x6f, 0x72, 0x74, 0x5f, 0x73, 0x75, 0x70, 0x70, 0x6f, 0x72, 0x74,
 0x00, 0x00, 0x00, 0x00, 0xb8, 0xf2, 0xff, 0xff, 0x0d, 0x00, 0x14, 0x00, 0x40, 0x00, 0x00, 0x00,
 0x30, 0x00, 0x00, 0x00, 0x04, 0x00, 0x00, 0x00, 0x01, 0x00, 0x00, 0x00, 0x04, 0x00, 0x00, 0x00,
 0xdc, 0xef, 0xff, 0xff, 0x10, 0x00, 0x00, 0x00, 0x04, 0x00, 0x00, 0x00, 0x03, 0x00, 0x00, 0x00,
 0x41, 0x6e, 0x79, 0x00, 0x07, 0x00, 0x00, 0x00, 0x70, 0x72, 0x69, 0x76, 0x61, 0x63, 0x79, 0x00,
 0xd4, 0xef, 0xff, 0xff, 0x00, 0x00, 0x00, 0x08, 0x01, 0x00, 0x00, 0x00, 0x23, 0x00, 0x00, 0x00,
 0x61, 0x32, 0x64, 0x70, 0x5f, 0x73, 0x6f, 0x75, 0x72, 0x63, 0x65, 0x5f, 0x6f, 0x66, 0x66, 0x6c,
 0x6f, 0x61, 0x64, 0x5f, 0x63, 0x61, 0x70, 0x61, 0x62, 0x69, 0x6c, 0x69, 0x74, 0x79, 0x5f, 0x6d,
 0x61, 0x73, 0x6b, 0x00, 0x52, 0xf8, 0xff, 0xff, 0x00, 0x00, 0x0c, 0x00, 0x10, 0x00, 0x03, 0x00,
 0x44, 0x00, 0x00, 0x00, 0x30, 0x00, 0x00, 0x00, 0x04, 0x00, 0x00, 0x00, 0x01, 0x00, 0x00, 0x00,
 0x04, 0x00, 0x00, 0x00, 0x50, 0xf0, 0xff, 0xff, 0x10, 0x00, 0x00, 0x00, 0x04, 0x00, 0x00, 0x00,
 0x03, 0x00, 0x00, 0x00, 0x41, 0x6e, 0x79, 0x00, 0x07, 0x00, 0x00, 0x00, 0x70, 0x72, 0x69, 0x76,
 0x61, 0x63, 0x79, 0x00, 0xbc, 0xf5, 0xff, 0xff, 0x00, 0x00, 0x00, 0x04, 0x01, 0x00, 0x00, 0x00,
 0x01, 0x00, 0x00, 0x00, 0x28, 0x00, 0x00, 0x00, 0x6c, 0x65, 0x5f, 0x61, 0x64, 0x64, 0x72, 0x65,
 0x73, 0x73, 0x5f, 0x67, 0x65, 0x6e, 0x65, 0x72, 0x61, 0x74, 0x69, 0x6f, 0x6e, 0x5f, 0x6f, 0x66,
 0x66, 0x6c, 0x6f, 0x61, 0x64, 0x69, 0x6e, 0x67, 0x5f, 0x73, 0x75, 0x70, 0x70, 0x6f, 0x72, 0x74,
 0x00, 0x00, 0x00, 0x00, 0xa8, 0xf3, 0xff, 0xff, 0x0b, 0x00, 0x0f, 0x00, 0x44, 0x00, 0x00, 0x00,
 0x30, 0x00, 0x00, 0x00, 0x04, 0x00, 0x00, 0x00, 0x01, 0x00, 0x00, 0x00, 0x04, 0x00, 0x00, 0x00,
 0xcc, 0xf0, 0xff, 0xff, 0x10, 0x00, 0x00, 0x00, 0x04, 0x00, 0x00, 0x00, 0x03, 0x00, 0x00, 0x00,
 0x41, 0x6e, 0x79, 0x00, 0x07, 0x00, 0x00, 0x00, 0x70, 0x72, 0x69, 0x76, 0x61, 0x63, 0x79, 0x00,
 0x38, 0xf6, 0xff, 0xff, 0x00, 0x00, 0x00, 0x04, 0x01, 0x00, 0x00, 0x00, 0x01, 0x00, 0x00, 0x00,
 0x17, 0x00, 0x00, 0x00, 0x64, 0x65, 0x62, 0x75, 0x67, 0x5f, 0x6c, 0x6f, 0x67, 0x67, 0x69, 0x6e,
 0x67, 0x5f, 0x73, 0x75, 0x70, 0x70, 0x6f, 0x72, 0x74, 0x65, 0x64, 0x00, 0x10, 0xf4, 0xff, 0xff,
 0x0a, 0x00, 0x0e, 0x00, 0x44, 0x00, 0x00, 0x00, 0x30, 0x00, 0x00, 0x00, 0x04, 0x00, 0x00, 0x00,
 0x01, 0x00, 0x00, 0x00, 0x04, 0x00, 0x00, 0x00, 0x34, 0xf1, 0xff, 0xff, 0x10, 0x00, 0x00, 0x00,
 0x04, 0x00, 0x00, 0x00, 0x03, 0x00, 0x00, 0x00, 0x41, 0x6e, 0x79, 0x00, 0x07, 0x00, 0x00, 0x00,
 0x70, 0x72, 0x69, 0x76, 0x61, 0x63, 0x79, 0x00, 0xa0, 0xf6, 0xff, 0xff, 0x00, 0x00, 0x00, 0x04,
 0x01, 0x00, 0x00, 0x00, 0x01, 0x00, 0x00, 0x00, 0x15, 0x00, 0x00, 0x00, 0x65, 0x78, 0x74, 0x65,
 0x6e, 0x64, 0x65, 0x64, 0x5f, 0x73, 0x63, 0x61, 0x6e, 0x5f, 0x73, 0x75, 0x70, 0x70, 0x6f, 0x72,
 0x74, 0x00, 0x00, 0x00, 0x78, 0xf4, 0xff, 0xff, 0x09, 0x00, 0x0c, 0x00, 0x44, 0x00, 0x00, 0x00,
 0x30, 0x00, 0x00, 0x00, 0x04, 0x00, 0x00, 0x00, 0x01, 0x00, 0x00, 0x00, 0x04, 0x00, 0x00, 0x00,
 0x9c, 0xf1, 0xff, 0xff, 0x10, 0x00, 0x00, 0x00, 0x04, 0x00, 0x00, 0x00, 0x03, 0x00, 0x00, 0x00,
 0x41, 0x6e, 0x79, 0x00, 0x07, 0x00, 0x00, 0x00, 0x70, 0x72, 0x69, 0x76, 0x61, 0x63, 0x79, 0x00,
 0x08, 0xf7, 0xff, 0xff, 0x00, 0x00, 0x00, 0x06, 0x02, 0x00, 0x00, 0x00, 0x01, 0x00, 0x00, 0x00,
 0x19, 0x00, 0x00, 0x00, 0x74, 0x6f, 0x74, 0x61, 0x6c, 0x5f, 0x6e, 0x75, 0x6d, 0x5f, 0x6f, 0x66,
 0x5f, 0x61, 0x64, 0x76, 0x74, 0x5f, 0x74, 0x72, 0x61, 0x63, 0x6b, 0x65, 0x64, 0x00, 0x00, 0x00,
 0xe4, 0xf4, 0xff, 0xff, 0x08, 0x00, 0x0a, 0x00, 0x44, 0x00, 0x00, 0x00, 0x30, 0x00, 0x00, 0x00,
 0x04, 0x00, 0x00, 0x00, 0x01, 0x00, 0x00, 0x00, 0x04, 0x00, 0x00, 0x00, 0x08, 0xf2, 0xff, 0xff,
 0x10, 0x00, 0x00, 0x00, 0x04, 0x00, 0x00, 0x00, 0x03, 0x00, 0x00, 0x00, 0x41, 0x6e, 0x79, 0x00,
 0x07, 0x00, 0x00, 0x00, 0x70, 0x72, 0x69, 0x76, 0x61, 0x63, 0x79, 0x00, 0x74, 0xf7, 0xff, 0xff,
 0x00, 0x00, 0x00, 0x06, 0x02, 0x00, 0x00, 0x00, 0x01, 0x00, 0x00, 0x00, 0x11, 0x00, 0x00, 0x00,
 0x76, 0x65, 0x72, 0x73, 0x69, 0x6f, 0x6e, 0x5f, 0x73, 0x75, 0x70, 0x70, 0x6f, 0x72, 0x74, 0x65,
 0x64, 0x00, 0x00, 0x00, 0x48, 0xf5, 0xff, 0xff, 0x07, 0x00, 0x09, 0x00, 0x44, 0x00, 0x00, 0x00,
 0x30, 0x00, 0x00, 0x00, 0x04, 0x00, 0x00, 0x00, 0x01, 0x00, 0x00, 0x00, 0x04, 0x00, 0x00, 0x00,
 0x6c, 0xf2, 0xff, 0xff, 0x10, 0x00, 0x00, 0x00, 0x04, 0x00, 0x00, 0x00, 0x03, 0x00, 0x00, 0x00,
 0x41, 0x6e, 0x79, 0x00, 0x07, 0x00, 0x00, 0x00, 0x70, 0x72, 0x69, 0x76, 0x61, 0x63, 0x79, 0x00,
 0xd8, 0xf7, 0xff, 0xff, 0x00, 0x00, 0x00, 0x04, 0x01, 0x00, 0x00, 0x00, 0x01, 0x00, 0x00, 0x00,
 0x1c, 0x00, 0x00, 0x00, 0x61, 0x63, 0x74, 0x69, 0x76, 0x69, 0x74, 0x79, 0x5f, 0x65, 0x6e, 0x65,
 0x72, 0x67, 0x79, 0x5f, 0x69, 0x6e, 0x66, 0x6f, 0x5f, 0x73, 0x75, 0x70, 0x70, 0x6f, 0x72, 0x74,
 0x00, 0x00, 0x00, 0x00, 0xb8, 0xf5, 0xff, 0xff, 0x06, 0x00, 0x08, 0x00, 0x44, 0x00, 0x00, 0x00,
 0x30, 0x00, 0x00, 0x00, 0x04, 0x00, 0x00, 0x00, 0x01, 0x00, 0x00, 0x00, 0x04, 0x00, 0x00, 0x00,
 0xdc, 0xf2, 0xff, 0xff, 0x10, 0x00, 0x00, 0x00, 0x04, 0x00, 0x00, 0x00, 0x03, 0x00, 0x00, 0x00,
 0x41, 0x6e, 0x79, 0x00, 0x07, 0x00, 0x00, 0x00, 0x70, 0x72, 0x69, 0x76, 0x61, 0x63, 0x79, 0x00,
 0x48, 0xf8, 0xff, 0xff, 0x00, 0x00, 0x00, 0x04, 0x01, 0x00, 0x00, 0x00, 0x01, 0x00, 0x00, 0x00,
 0x0a, 0x00, 0x00, 0x00, 0x6d, 0x61, 0x78, 0x5f, 0x66, 0x69, 0x6c, 0x74, 0x65, 0x72, 0x00, 0x00,
 0x14, 0xf6, 0xff, 0xff, 0x05, 0x00, 0x07, 0x00, 0x44, 0x00, 0x00, 0x00, 0x30, 0x00, 0x00, 0x00,
 0x04, 0x00, 0x00, 0x00, 0x01, 0x00, 0x00, 0x00, 0x04, 0x00, 0x00, 0x00, 0x38, 0xf3, 0xff, 0xff,
 0x10, 0x00, 0x00, 0x00, 0x04, 0x00, 0x00, 0x00, 0x03, 0x00, 0x00, 0x00, 0x41, 0x6e, 0x79, 0x00,
 0x07, 0x00, 0x00, 0x00, 0x70, 0x72, 0x69, 0x76, 0x61, 0x63, 0x79, 0x00, 0xa4, 0xf8, 0xff, 0xff,
 0x00, 0x00, 0x00, 0x04, 0x01, 0x00, 0x00, 0x00, 0x01, 0x00, 0x00, 0x00, 0x11, 0x00, 0x00, 0x00,
 0x66, 0x69, 0x6c, 0x74, 0x65, 0x72, 0x69, 0x6e, 0x67, 0x5f, 0x73, 0x75, 0x70, 0x70, 0x6f, 0x72,
 0x74, 0x00, 0x00, 0x00, 0x78, 0xf6, 0xff, 0xff, 0x04, 0x00, 0x06, 0x00, 0x44, 0x00, 0x00, 0x00,
 0x30, 0x00, 0x00, 0x00, 0x04, 0x00, 0x00, 0x00, 0x01, 0x00, 0x00, 0x00, 0x04, 0x00, 0x00, 0x00,
 0x9c, 0xf3, 0xff, 0xff, 0x10, 0x00, 0x00, 0x00, 0x04, 0x00, 0x00, 0x00, 0x03, 0x00, 0x00, 0x00,
 0x41, 0x6e, 0x79, 0x00, 0x07, 0x00, 0x00, 0x00, 0x70, 0x72, 0x69, 0x76, 0x61, 0x63, 0x79, 0x00,
 0x08, 0xf9, 0xff, 0xff, 0x00, 0x00, 0x00, 0x04, 0x01, 0x00, 0x00, 0x00, 0x01, 0x00, 0x00, 0x00,
 0x0f, 0x00, 0x00, 0x00, 0x6d, 0x61, 0x78, 0x5f, 0x69, 0x72, 0x6b, 0x5f, 0x6c, 0x69, 0x73, 0x74,
 0x5f, 0x73, 0x7a, 0x00, 0xd8, 0xf6, 0xff, 0xff, 0x03, 0x00, 0x04, 0x00, 0x44, 0x00, 0x00, 0x00,
 0x30, 0x00, 0x00, 0x00, 0x04, 0x00, 0x00, 0x00, 0x01, 0x00, 0x00, 0x00, 0x04, 0x00, 0x00, 0x00,
 0xfc, 0xf3, 0xff, 0xff, 0x10, 0x00, 0x00, 0x00, 0x04, 0x00, 0x00, 0x00, 0x03, 0x00, 0x00, 0x00,
 0x41, 0x6e, 0x79, 0x00, 0x07, 0x00, 0x00, 0x00, 0x70, 0x72, 0x69, 0x76, 0x61, 0x63, 0x79, 0x00,
 0x68, 0xf9, 0xff, 0xff, 0x00, 0x00, 0x00, 0x06, 0x02, 0x00, 0x00, 0x00, 0x01, 0x00, 0x00, 0x00,
 0x1a, 0x00, 0x00, 0x00, 0x74, 0x6f, 0x74, 0x61, 0x6c, 0x5f, 0x73, 0x63, 0x61, 0x6e, 0x5f, 0x72,
 0x65, 0x73, 0x75, 0x6c, 0x74, 0x73, 0x5f, 0x73, 0x74, 0x6f, 0x72, 0x61, 0x67, 0x65, 0x00, 0x00,
 0x6e, 0xfc, 0xff, 0xff, 0x00, 0x00, 0x02, 0x00, 0x02, 0x00, 0x01, 0x00, 0x44, 0x00, 0x00, 0x00,
 0x30, 0x00, 0x00, 0x00, 0x04, 0x00, 0x00, 0x00, 0x01, 0x00, 0x00, 0x00, 0x04, 0x00, 0x00, 0x00,
 0x6c, 0xf4, 0xff, 0xff, 0x10, 0x00, 0x00, 0x00, 0x04, 0x00, 0x00, 0x00, 0x03, 0x00, 0x00, 0x00,
 0x41, 0x6e, 0x79, 0x00, 0x07, 0x00, 0x00, 0x00, 0x70, 0x72, 0x69, 0x76, 0x61, 0x63, 0x79, 0x00,
 0xd8, 0xf9, 0xff, 0xff, 0x00, 0x00, 0x00, 0x04, 0x01, 0x00, 0x00, 0x00, 0x01, 0x00, 0x00, 0x00,
 0x27, 0x00, 0x00, 0x00, 0x6f, 0x66, 0x66, 0x6c, 0x6f, 0x61, 0x64, 0x65, 0x64, 0x5f, 0x72, 0x65,
 0x73, 0x6f, 0x6c, 0x75, 0x74, 0x69, 0x6f, 0x6e, 0x5f, 0x6f, 0x66, 0x5f, 0x70, 0x72, 0x69, 0x76,
 0x61, 0x74, 0x65, 0x5f, 0x61, 0x64, 0x64, 0x72, 0x65, 0x73, 0x73, 0x00, 0xc0, 0xf7, 0xff, 0xff,
 0x01, 0x00, 0x01, 0x00, 0x44, 0x00, 0x00, 0x00, 0x30, 0x00, 0x00, 0x00, 0x04, 0x00, 0x00, 0x00,
 0x01, 0x00, 0x00, 0x00, 0x04, 0x00, 0x00, 0x00, 0xe4, 0xf4, 0xff, 0xff, 0x10, 0x00, 0x00, 0x00,
 0x04, 0x00, 0x00, 0x00, 0x03, 0x00, 0x00, 0x00, 0x41, 0x6e, 0x79, 0x00, 0x07, 0x00, 0x00, 0x00,
 0x70, 0x72, 0x69, 0x76, 0x61, 0x63, 0x79, 0x00, 0x50, 0xfa, 0xff, 0xff, 0x00, 0x00, 0x00, 0x04,
 0x01, 0x00, 0x00, 0x00, 0x01, 0x00, 0x00, 0x00, 0x12, 0x00, 0x00, 0x00, 0x6d, 0x61, 0x78, 0x5f,
 0x61, 0x64, 0x76, 0x74, 0x5f, 0x69, 0x6e, 0x73, 0x74, 0x61, 0x6e, 0x63, 0x65, 0x73, 0x00, 0x00,
 0xc8, 0xfc, 0xff, 0xff, 0x44, 0x00, 0x00, 0x00, 0x30, 0x00, 0x00, 0x00, 0x04, 0x00, 0x00, 0x00,
 0x01, 0x00, 0x00, 0x00, 0x04, 0x00, 0x00, 0x00, 0x44, 0xf5, 0xff, 0xff, 0x10, 0x00, 0x00, 0x00,
 0x04, 0x00, 0x00, 0x00, 0x03, 0x00, 0x00, 0x00, 0x41, 0x6e, 0x79, 0x00, 0x07, 0x00, 0x00, 0x00,
 0x70, 0x72, 0x69, 0x76, 0x61, 0x63, 0x79, 0x00, 0xb0, 0xfa, 0xff, 0xff, 0x00, 0x00, 0x00, 0x04,
 0x01, 0x00, 0x00, 0x00, 0x01, 0x00, 0x00, 0x00, 0x0c, 0x00, 0x00, 0x00, 0x69, 0x73, 0x5f, 0x73,
 0x75, 0x70, 0x70, 0x6f, 0x72, 0x74, 0x65, 0x64, 0x00, 0x00, 0x00, 0x00, 0x08, 0xfe, 0xff, 0xff,
 0x00, 0x00, 0x00, 0x01, 0x28, 0x00, 0x00, 0x00, 0x10, 0x00, 0x00, 0x00, 0x02, 0x00, 0x00, 0x00,
 0x08, 0x00, 0x00, 0x00, 0x50, 0x03, 0x00, 0x00, 0x04, 0x00, 0x00, 0x00, 0xa4, 0x00, 0x00, 0x00,
 0x38, 0x00, 0x00, 0x00, 0x6c, 0x01, 0x00, 0x00, 0x00, 0x01, 0x00, 0x00, 0x25, 0x00, 0x00, 0x00,
 0x62, 0x6c, 0x75, 0x65, 0x74, 0x6f, 0x6f, 0x74, 0x68, 0x2e, 0x68, 0x63, 0x69, 0x2e, 0x4c, 0x65,
 0x4d, 0x61, 0x78, 0x69, 0x6d, 0x75, 0x6d, 0x44, 0x61, 0x74, 0x61, 0x4c, 0x65, 0x6e, 0x67, 0x74,
 0x68, 0x44, 0x61, 0x74, 0x61, 0x00, 0x00, 0x00, 0xdc, 0xf8, 0xff, 0xff, 0x03, 0x00, 0x06, 0x00,
 0x44, 0x00, 0x00, 0x00, 0x30, 0x00, 0x00, 0x00, 0x04, 0x00, 0x00, 0x00, 0x01, 0x00, 0x00, 0x00,
 0x04, 0x00, 0x00, 0x00, 0x00, 0xf6, 0xff, 0xff, 0x10, 0x00, 0x00, 0x00, 0x04, 0x00, 0x00, 0x00,
 0x03, 0x00, 0x00, 0x00, 0x41, 0x6e, 0x79, 0x00, 0x07, 0x00, 0x00, 0x00, 0x70, 0x72, 0x69, 0x76,
 0x61, 0x63, 0x79, 0x00, 0x6c, 0xfb, 0xff, 0xff, 0x00, 0x00, 0x00, 0x06, 0x02, 0x00, 0x00, 0x00,
 0x01, 0x00, 0x00, 0x00, 0x15, 0x00, 0x00, 0x00, 0x73, 0x75, 0x70, 0x70, 0x6f, 0x72, 0x74, 0x65,
 0x64, 0x5f, 0x6d, 0x61, 0x78, 0x5f, 0x72, 0x78, 0x5f, 0x74, 0x69, 0x6d, 0x65, 0x00, 0x00, 0x00,
 0x44, 0xf9, 0xff, 0xff, 0x02, 0x00, 0x04, 0x00, 0x44, 0x00, 0x00, 0x00, 0x30, 0x00, 0x00, 0x00,
 0x04, 0x00, 0x00, 0x00, 0x01, 0x00, 0x00, 0x00, 0x04, 0x00, 0x00, 0x00, 0x68, 0xf6, 0xff, 0xff,
 0x10, 0x00, 0x00, 0x00, 0x04, 0x00, 0x00, 0x00, 0x03, 0x00, 0x00, 0x00, 0x41, 0x6e, 0x79, 0x00,
 0x07, 0x00, 0x00, 0x00, 0x70, 0x72, 0x69, 0x76, 0x61, 0x63, 0x79, 0x00, 0xd4, 0xfb, 0xff, 0xff,
 0x00, 0x00, 0x00, 0x06, 0x02, 0x00, 0x00, 0x00, 0x01, 0x00, 0x00, 0x00, 0x17, 0x00, 0x00, 0x00,
 0x73, 0x75, 0x70, 0x70, 0x6f, 0x72, 0x74, 0x65, 0x64, 0x5f, 0x6d, 0x61, 0x78, 0x5f, 0x72, 0x78,
 0x5f, 0x6f, 0x63, 0x74, 0x65, 0x74, 0x73, 0x00, 0xac, 0xf9, 0xff, 0xff, 0x01, 0x00, 0x02, 0x00,
 0x44, 0x00, 0x00, 0x00, 0x30, 0x00, 0x00, 0x00, 0x04, 0x00, 0x00, 0x00, 0x01, 0x00, 0x00, 0x00,
 0x04, 0x00, 0x00, 0x00, 0xd0, 0xf6, 0xff, 0xff, 0x10, 0x00, 0x00, 0x00, 0x04, 0x00, 0x00, 0x00,
 0x03, 0x00, 0x00, 0x00, 0x41, 0x6e, 0x79, 0x00, 0x07, 0x00, 0x00, 0x00, 0x70, 0x72, 0x69, 0x76,
 0x61, 0x63, 0x79, 0x00, 0x3c, 0xfc, 0xff, 0xff, 0x00, 0x00, 0x00, 0x06, 0x02, 0x00, 0x00, 0x00,
 0x01, 0x00, 0x00, 0x00, 0x15, 0x00, 0x00, 0x00, 0x73, 0x75, 0x70, 0x70, 0x6f, 0x72, 0x74, 0x65,
 0x64, 0x5f, 0x6d, 0x61, 0x78, 0x5f, 0x74, 0x78, 0x5f, 0x74, 0x69, 0x6d, 0x65, 0x00, 0x00, 0x00,
 0xb8, 0xfe, 0xff, 0xff, 0x44, 0x00, 0x00, 0x00, 0x30, 0x00, 0x00, 0x00, 0x04, 0x00, 0x00, 0x00,
 0x01, 0x00, 0x00, 0x00, 0x04, 0x00, 0x00, 0x00, 0x34, 0xf7, 0xff, 0xff, 0x10, 0x00, 0x00, 0x00,
 0x04, 0x00, 0x00, 0x00, 0x03, 0x00, 0x00, 0x00, 0x41, 0x6e, 0x79, 0x00, 0x07, 0x00, 0x00, 0x00,
 0x70, 0x72, 0x69, 0x76, 0x61, 0x63, 0x79, 0x00, 0xa0, 0xfc, 0xff, 0xff, 0x00, 0x00, 0x00, 0x06,
 0x02, 0x00, 0x00, 0x00, 0x01, 0x00, 0x00, 0x00, 0x17, 0x00, 0x00, 0x00, 0x73, 0x75, 0x70, 0x70,
 0x6f, 0x72, 0x74, 0x65, 0x64, 0x5f, 0x6d, 0x61, 0x78, 0x5f, 0x74, 0x78, 0x5f, 0x6f, 0x63, 0x74,
 0x65, 0x74, 0x73, 0x00, 0x14, 0x00, 0x1c, 0x00, 0x08, 0x00, 0x0c, 0x00, 0x07, 0x00, 0x10, 0x00,
 0x14, 0x00, 0x00, 0x00, 0x00, 0x00, 0x18, 0x00, 0x14, 0x00, 0x00, 0x00, 0x00, 0x00, 0x00, 0x01,
 0x20, 0x00, 0x00, 0x00, 0x10, 0x00, 0x00, 0x00, 0x02, 0x00, 0x00, 0x00, 0x04, 0x00, 0x00, 0x00,
 0x44, 0x01, 0x00, 0x00, 0x02, 0x00, 0x00, 0x00, 0xc8, 0x00, 0x00, 0x00, 0x44, 0x00, 0x00, 0x00,
 0x1c, 0x00, 0x00, 0x00, 0x62, 0x6c, 0x75, 0x65, 0x74, 0x6f, 0x6f, 0x74, 0x68, 0x2e, 0x68, 0x63,
 0x69, 0x2e, 0x42, 0x75, 0x66, 0x66, 0x65, 0x72, 0x53, 0x69, 0x7a, 0x65, 0x44, 0x61, 0x74, 0x61,
 0x00, 0x00, 0x1e, 0x00, 0x18, 0x00, 0x0c, 0x00, 0x10, 0x00, 0x06, 0x00, 0x08, 0x00, 0x00, 0x00,
 0x00, 0x00, 0x00, 0x00, 0x00, 0x00, 0x00, 0x00, 0x14, 0x00, 0x00, 0x00, 0x00, 0x00, 0x0a, 0x00,
 0x1e, 0x00, 0x00, 0x00, 0x00, 0x00, 0x01, 0x00, 0x02, 0x00, 0x01, 0x00, 0x44, 0x00, 0x00, 0x00,
 0x30, 0x00, 0x00, 0x00, 0x04, 0x00, 0x00, 0x00, 0x01, 0x00, 0x00, 0x00, 0x04, 0x00, 0x00, 0x00,
 0x1c, 0xf8, 0xff, 0xff, 0x10, 0x00, 0x00, 0x00, 0x04, 0x00, 0x00, 0x00, 0x03, 0x00, 0x00, 0x00,
 0x41, 0x6e, 0x79, 0x00, 0x07, 0x00, 0x00, 0x00, 0x70, 0x72, 0x69, 0x76, 0x61, 0x63, 0x79, 0x00,
 0x88, 0xfd, 0xff, 0xff, 0x00, 0x00, 0x00, 0x04, 0x01, 0x00, 0x00, 0x00, 0x01, 0x00, 0x00, 0x00,
 0x11, 0x00, 0x00, 0x00, 0x74, 0x6f, 0x74, 0x61, 0x6c, 0x5f, 0x6e, 0x75, 0x6d, 0x5f, 0x70, 0x61,
 0x63, 0x6b, 0x65, 0x74, 0x73, 0x00, 0x00, 0x00, 0x18, 0x00, 0x10, 0x00, 0x04, 0x00, 0x08, 0x00,
 0x00, 0x00, 0x00, 0x00, 0x00, 0x00, 0x00, 0x00, 0x00, 0x00, 0x00, 0x00, 0x00, 0x00, 0x0c, 0x00,
 0x18, 0x00, 0x00, 0x00, 0x44, 0x00, 0x00, 0x00, 0x30, 0x00, 0x00, 0x00, 0x04, 0x00, 0x00, 0x00,
 0x01, 0x00, 0x00, 0x00, 0x04, 0x00, 0x00, 0x00, 0x94, 0xf8, 0xff, 0xff, 0x10, 0x00, 0x00, 0x00,
 0x04, 0x00, 0x00, 0x00, 0x03, 0x00, 0x00, 0x00, 0x41, 0x6e, 0x79, 0x00, 0x07, 0x00, 0x00, 0x00,
 0x70, 0x72, 0x69, 0x76, 0x61, 0x63, 0x79, 0x00, 0x00, 0xfe, 0xff, 0xff, 0x00, 0x00, 0x00, 0x06,
 0x02, 0x00, 0x00, 0x00, 0x01, 0x00, 0x00, 0x00, 0x12, 0x00, 0x00, 0x00, 0x64, 0x61, 0x74, 0x61,
 0x5f, 0x70, 0x61, 0x63, 0x6b, 0x65, 0x74, 0x5f, 0x6c, 0x65, 0x6e, 0x67, 0x74, 0x68, 0x00, 0x00,
 0x10, 0xfa, 0xff, 0xff, 0x48, 0x00, 0x00, 0x00, 0x2c, 0x00, 0x00, 0x00, 0x01, 0x00, 0x00, 0x00,
 0x04, 0x00, 0x00, 0x00, 0x18, 0x00, 0x00, 0x00, 0x2f, 0x2f, 0x68, 0x63, 0x69, 0x2f, 0x68, 0x63,
 0x69, 0x5f, 0x63, 0x6f, 0x6e, 0x74, 0x72, 0x6f, 0x6c, 0x6c, 0x65, 0x72, 0x2e, 0x66, 0x62, 0x73,
 0x00, 0x00, 0x00, 0x00, 0x05, 0x00, 0x00, 0x00, 0x64, 0x01, 0x00, 0x00, 0xd0, 0x01, 0x00, 0x00,
 0x3c, 0x00, 0x00, 0x00, 0xfc, 0x00, 0x00, 0x00, 0x94, 0x00, 0x00, 0x00, 0x29, 0x00, 0x00, 0x00,
 0x62, 0x6c, 0x75, 0x65, 0x74, 0x6f, 0x6f, 0x74, 0x68, 0x2e, 0x68, 0x63, 0x69, 0x2e, 0x4c, 0x6f,
 0x63, 0x61, 0x6c, 0x56, 0x65, 0x72, 0x73, 0x69, 0x6f, 0x6e, 0x49, 0x6e, 0x66, 0x6f, 0x72, 0x6d,
 0x61, 0x74, 0x69, 0x6f, 0x6e, 0x44, 0x61, 0x74, 0x61, 0x00, 0x00, 0x00, 0x50, 0xfc, 0xff, 0xff,
 0x04, 0x00, 0x0c, 0x00, 0x44, 0x00, 0x00, 0x00, 0x30, 0x00, 0x00, 0x00, 0x04, 0x00, 0x00, 0x00,
 0x01, 0x00, 0x00, 0x00, 0x04, 0x00, 0x00, 0x00, 0x74, 0xf9, 0xff, 0xff, 0x10, 0x00, 0x00, 0x00,
 0x04, 0x00, 0x00, 0x00, 0x03, 0x00, 0x00, 0x00, 0x41, 0x6e, 0x79, 0x00, 0x07, 0x00, 0x00, 0x00,
 0x70, 0x72, 0x69, 0x76, 0x61, 0x63, 0x79, 0x00, 0xe0, 0xfe, 0xff, 0xff, 0x00, 0x00, 0x00, 0x06,
 0x02, 0x00, 0x00, 0x00, 0x01, 0x00, 0x00, 0x00, 0x0e, 0x00, 0x00, 0x00, 0x6c, 0x6d, 0x70, 0x5f,
 0x73, 0x75, 0x62, 0x76, 0x65, 0x72, 0x73, 0x69, 0x6f, 0x6e, 0x00, 0x00, 0xb0, 0xfc, 0xff, 0xff,
 0x03, 0x00, 0x0a, 0x00, 0x44, 0x00, 0x00, 0x00, 0x30, 0x00, 0x00, 0x00, 0x04, 0x00, 0x00, 0x00,
 0x01, 0x00, 0x00, 0x00, 0x04, 0x00, 0x00, 0x00, 0xd4, 0xf9, 0xff, 0xff, 0x10, 0x00, 0x00, 0x00,
 0x04, 0x00, 0x00, 0x00, 0x03, 0x00, 0x00, 0x00, 0x41, 0x6e, 0x79, 0x00, 0x07, 0x00, 0x00, 0x00,
 0x70, 0x72, 0x69, 0x76, 0x61, 0x63, 0x79, 0x00, 0x40, 0xff, 0xff, 0xff, 0x00, 0x00, 0x00, 0x06,
 0x02, 0x00, 0x00, 0x00, 0x01, 0x00, 0x00, 0x00, 0x11, 0x00, 0x00, 0x00, 0x6d, 0x61, 0x6e, 0x75,
 0x66, 0x61, 0x63, 0x74, 0x75, 0x72, 0x65, 0x72, 0x5f, 0x6e, 0x61, 0x6d, 0x65, 0x00, 0x00, 0x00,
 0xdc, 0xfa, 0xff, 0xff, 0x00, 0x00, 0x00, 0x01, 0x02, 0x00, 0x08, 0x00, 0x40, 0x00, 0x00, 0x00,
 0x30, 0x00, 0x00, 0x00, 0x04, 0x00, 0x00, 0x00, 0x01, 0x00, 0x00, 0x00, 0x04, 0x00, 0x00, 0x00,
 0x3c, 0xfa, 0xff, 0xff, 0x10, 0x00, 0x00, 0x00, 0x04, 0x00, 0x00, 0x00, 0x03, 0x00, 0x00, 0x00,
 0x41, 0x6e, 0x79, 0x00, 0x07, 0x00, 0x00, 0x00, 0x70, 0x72, 0x69, 0x76, 0x61, 0x63, 0x79, 0x00,
 0x34, 0xfa, 0xff, 0xff, 0x00, 0x00, 0x00, 0x0d, 0x01, 0x00, 0x00, 0x00, 0x0b, 0x00, 0x00, 0x00,
 0x6c, 0x6d, 0x70, 0x5f, 0x76, 0x65, 0x72, 0x73, 0x69, 0x6f, 0x6e, 0x00, 0x70, 0xfd, 0xff, 0xff,
 0x01, 0x00, 0x06, 0x00, 0x54, 0x00, 0x00, 0x00, 0x40, 0x00, 0x00, 0x00, 0x04, 0x00, 0x00, 0x00,
 0x01, 0x00, 0x00, 0x00, 0x04, 0x00, 0x00, 0x00, 0x94, 0xfa, 0xff, 0xff, 0x10, 0x00, 0x00, 0x00,
 0x04, 0x00, 0x00, 0x00, 0x03, 0x00, 0x00, 0x00, 0x41, 0x6e, 0x79, 0x00, 0x07, 0x00, 0x00, 0x00,
 0x70, 0x72, 0x69, 0x76, 0x61, 0x63, 0x79, 0x00, 0x10, 0x00, 0x10, 0x00, 0x07, 0x00, 0x00, 0x00,
 0x00, 0x00, 0x00, 0x00, 0x08, 0x00, 0x0c, 0x00, 0x10, 0x00, 0x00, 0x00, 0x00, 0x00, 0x00, 0x06,
 0x02, 0x00, 0x00, 0x00, 0x01, 0x00, 0x00, 0x00, 0x0c, 0x00, 0x00, 0x00, 0x68, 0x63, 0x69, 0x5f,
 0x72, 0x65, 0x76, 0x69, 0x73, 0x69, 0x6f, 0x6e, 0x00, 0x00, 0x00, 0x00, 0x20, 0xfb, 0xff, 0xff,
 0x00, 0x01, 0x04, 0x00, 0x40, 0x00, 0x00, 0x00, 0x30, 0x00, 0x00, 0x00, 0x04, 0x00, 0x00, 0x00,
 0x01, 0x00, 0x00, 0x00, 0x04, 0x00, 0x00, 0x00, 0x04, 0xfb, 0xff, 0xff, 0x10, 0x00, 0x00, 0x00,
 0x04, 0x00, 0x00, 0x00, 0x03, 0x00, 0x00, 0x00, 0x41, 0x6e, 0x79, 0x00, 0x07, 0x00, 0x00, 0x00,
 0x70, 0x72, 0x69, 0x76, 0x61, 0x63, 0x79, 0x00, 0xfc, 0xfa, 0xff, 0xff, 0x00, 0x00, 0x00, 0x0d,
 0x01, 0x00, 0x00, 0x00, 0x0b, 0x00, 0x00, 0x00, 0x68, 0x63, 0x69, 0x5f, 0x76, 0x65, 0x72, 0x73,
 0x69, 0x6f, 0x6e, 0x00, 0x74, 0xfc, 0xff, 0xff, 0x48, 0x00, 0x00, 0x00, 0x2c, 0x00, 0x00, 0x00,
 0x01, 0x00, 0x00, 0x00, 0x04, 0x00, 0x00, 0x00, 0x19, 0x00, 0x00, 0x00, 0x2f, 0x2f, 0x68, 0x63,
 0x69, 0x2f, 0x68, 0x63, 0x69, 0x5f, 0x61, 0x63, 0x6c, 0x5f, 0x6d, 0x61, 0x6e, 0x61, 0x67, 0x65,
 0x72, 0x2e, 0x66, 0x62, 0x73, 0x00, 0x00, 0x00, 0x05, 0x00, 0x00, 0x00, 0xb0, 0x00, 0x00, 0x00,
 0x34, 0x00, 0x00, 0x00, 0x10, 0x01, 0x00, 0x00, 0x9c, 0x01, 0x00, 0x00, 0x00, 0x02, 0x00, 0x00,
 0x1c, 0x00, 0x00, 0x00, 0x62, 0x6c, 0x75, 0x65, 0x74, 0x6f, 0x6f, 0x74, 0x68, 0x2e, 0x68, 0x63,
 0x69, 0x2e, 0x41, 0x63, 0x6c, 0x4d, 0x61, 0x6e, 0x61, 0x67, 0x65, 0x72, 0x44, 0x61, 0x74, 0x61,
 0x00, 0x00, 0x00, 0x00, 0xa8, 0xfe, 0xff, 0xff, 0x04, 0x00, 0x0c, 0x00, 0x40, 0x00, 0x00, 0x00,
 0x30, 0x00, 0x00, 0x00, 0x04, 0x00, 0x00, 0x00, 0x01, 0x00, 0x00, 0x00, 0x04, 0x00, 0x00, 0x00,
 0xcc, 0xfb, 0xff, 0xff, 0x10, 0x00, 0x00, 0x00, 0x04, 0x00, 0x00, 0x00, 0x03, 0x00, 0x00, 0x00,
 0x41, 0x6e, 0x79, 0x00, 0x07, 0x00, 0x00, 0x00, 0x70, 0x72, 0x69, 0x76, 0x61, 0x63, 0x79, 0x00,
 0xc4, 0xfb, 0xff, 0xff, 0x00, 0x00, 0x00, 0x07, 0x01, 0x00, 0x00, 0x00, 0x29, 0x00, 0x00, 0x00,
 0x6c, 0x65, 0x5f, 0x63, 0x72, 0x65, 0x61, 0x74, 0x65, 0x5f, 0x63, 0x6f, 0x6e, 0x6e, 0x65, 0x63,
 0x74, 0x69, 0x6f, 0x6e, 0x5f, 0x74, 0x69, 0x6d, 0x65, 0x6f, 0x75, 0x74, 0x5f, 0x61, 0x6c, 0x61,
 0x72, 0x6d, 0x73, 0x5f, 0x63, 0x6f, 0x75, 0x6e, 0x74, 0x00, 0x00, 0x00, 0xe8, 0xfc, 0xff, 0xff,
 0x00, 0x00, 0x00, 0x01, 0x03, 0x00, 0x0a, 0x00, 0x40, 0x00, 0x00, 0x00, 0x30, 0x00, 0x00, 0x00,
 0x04, 0x00, 0x00, 0x00, 0x01, 0x00, 0x00, 0x00, 0x04, 0x00, 0x00, 0x00, 0x48, 0xfc, 0xff, 0xff,
 0x10, 0x00, 0x00, 0x00, 0x04, 0x00, 0x00, 0x00, 0x03, 0x00, 0x00, 0x00, 0x41, 0x6e, 0x79, 0x00,
 0x07, 0x00, 0x00, 0x00, 0x70, 0x72, 0x69, 0x76, 0x61, 0x63, 0x79, 0x00, 0x40, 0xfc, 0xff, 0xff,
 0x00, 0x00, 0x00, 0x0d, 0x01, 0x00, 0x00, 0x00, 0x17, 0x00, 0x00, 0x00, 0x6c, 0x65, 0x5f, 0x63,
 0x6f, 0x6e, 0x6e, 0x65, 0x63, 0x74, 0x61, 0x62, 0x69, 0x6c, 0x69, 0x74, 0x79, 0x5f, 0x73, 0x74,
 0x61, 0x74, 0x65, 0x00, 0x50, 0xfd, 0xff, 0xff, 0x00, 0x00, 0x00, 0x01, 0x02, 0x00, 0x08, 0x00,
 0x50, 0x00, 0x00, 0x00, 0x40, 0x00, 0x00, 0x00, 0x04, 0x00, 0x00, 0x00, 0x01, 0x00, 0x00, 0x00,
 0x04, 0x00, 0x00, 0x00, 0xb0, 0xfc, 0xff, 0xff, 0x10, 0x00, 0x00, 0x00, 0x04, 0x00, 0x00, 0x00,
 0x03, 0x00, 0x00, 0x00, 0x41, 0x6e, 0x79, 0x00, 0x07, 0x00, 0x00, 0x00, 0x70, 0x72, 0x69, 0x76,
 0x61, 0x63, 0x79, 0x00, 0x10, 0x00, 0x0c, 0x00, 0x06, 0x00, 0x07, 0x00, 0x00, 0x00, 0x00, 0x00,
 0x00, 0x00, 0x08, 0x00, 0x10, 0x00, 0x00, 0x00, 0x00, 0x00, 0x0e, 0x0d, 0x04, 0x00, 0x00, 0x00,
 0x15, 0x00, 0x00, 0x00, 0x6c, 0x65, 0x5f, 0x66, 0x69, 0x6c, 0x74, 0x65, 0x72, 0x5f, 0x61, 0x63,
 0x63, 0x65, 0x70, 0x74, 0x5f, 0x6c, 0x69, 0x73, 0x74, 0x00, 0x00, 0x00, 0x18, 0x00, 0x14, 0x00,
 0x08, 0x00, 0x0c, 0x00, 0x04, 0x00, 0x06, 0x00, 0x00, 0x00, 0x00, 0x00, 0x00, 0x00, 0x00, 0x00,
 0x00, 0x00, 0x10, 0x00, 0x18, 0x00, 0x00, 0x00, 0x01, 0x00, 0x06, 0x00, 0x40, 0x00, 0x00, 0x00,
 0x30, 0x00, 0x00, 0x00, 0x04, 0x00, 0x00, 0x00, 0x01, 0x00, 0x00, 0x00, 0x04, 0x00, 0x00, 0x00,
 0x3c, 0xfd, 0xff, 0xff, 0x10, 0x00, 0x00, 0x00, 0x04, 0x00, 0x00, 0x00, 0x03, 0x00, 0x00, 0x00,
 0x41, 0x6e, 0x79, 0x00, 0x07, 0x00, 0x00, 0x00, 0x70, 0x72, 0x69, 0x76, 0x61, 0x63, 0x79, 0x00,
 0x34, 0xfd, 0xff, 0xff, 0x00, 0x00, 0x00, 0x07, 0x01, 0x00, 0x00, 0x00, 0x1b, 0x00, 0x00, 0x00,
 0x6c, 0x65, 0x5f, 0x66, 0x69, 0x6c, 0x74, 0x65, 0x72, 0x5f, 0x61, 0x63, 0x63, 0x65, 0x70, 0x74,
 0x5f, 0x6c, 0x69, 0x73, 0x74, 0x5f, 0x63, 0x6f, 0x75, 0x6e, 0x74, 0x00, 0xc0, 0xfd, 0xff, 0xff,
 0x00, 0x01, 0x04, 0x00, 0x40, 0x00, 0x00, 0x00, 0x30, 0x00, 0x00, 0x00, 0x04, 0x00, 0x00, 0x00,
 0x01, 0x00, 0x00, 0x00, 0x04, 0x00, 0x00, 0x00, 0xa4, 0xfd, 0xff, 0xff, 0x10, 0x00, 0x00, 0x00,
 0x04, 0x00, 0x00, 0x00, 0x03, 0x00, 0x00, 0x00, 0x41, 0x6e, 0x79, 0x00, 0x07, 0x00, 0x00, 0x00,
 0x70, 0x72, 0x69, 0x76, 0x61, 0x63, 0x79, 0x00, 0x9c, 0xfd, 0xff, 0xff, 0x00, 0x00, 0x00, 0x0d,
 0x01, 0x00, 0x00, 0x00, 0x05, 0x00, 0x00, 0x00, 0x74, 0x69, 0x74, 0x6c, 0x65, 0x00, 0x00, 0x00,
 0x10, 0xff, 0xff, 0xff, 0x1c, 0x00, 0x00, 0x00, 0x0c, 0x00, 0x00, 0x00, 0x01, 0x00, 0x00, 0x00,
 0x08, 0x01, 0x00, 0x00, 0x02, 0x00, 0x00, 0x00, 0x84, 0x00, 0x00, 0x00, 0x28, 0x00, 0x00, 0x00,
 0x1e, 0x00, 0x00, 0x00, 0x62, 0x6c, 0x75, 0x65, 0x74, 0x6f, 0x6f, 0x74, 0x68, 0x2e, 0x63, 0x6f,
 0x6d, 0x6d, 0x6f, 0x6e, 0x2e, 0x49, 0x6e, 0x69, 0x74, 0x46, 0x6c, 0x61, 0x67, 0x56, 0x61, 0x6c,
 0x75, 0x65, 0x00, 0x00, 0xe0, 0xfe, 0xff, 0xff, 0x00, 0x00, 0x00, 0x01, 0x01, 0x00, 0x06, 0x00,
 0x40, 0x00, 0x00, 0x00, 0x30, 0x00, 0x00, 0x00, 0x04, 0x00, 0x00, 0x00, 0x01, 0x00, 0x00, 0x00,
 0x04, 0x00, 0x00, 0x00, 0x40, 0xfe, 0xff, 0xff, 0x10, 0x00, 0x00, 0x00, 0x04, 0x00, 0x00, 0x00,
 0x03, 0x00, 0x00, 0x00, 0x41, 0x6e, 0x79, 0x00, 0x07, 0x00, 0x00, 0x00, 0x70, 0x72, 0x69, 0x76,
 0x61, 0x63, 0x79, 0x00, 0x38, 0xfe, 0xff, 0xff, 0x00, 0x00, 0x00, 0x0d, 0x01, 0x00, 0x00, 0x00,
 0x05, 0x00, 0x00, 0x00, 0x76, 0x61, 0x6c, 0x75, 0x65, 0x00, 0x00, 0x00, 0xb0, 0xfe, 0xff, 0xff,
 0x00, 0x01, 0x04, 0x00, 0x40, 0x00, 0x00, 0x00, 0x30, 0x00, 0x00, 0x00, 0x04, 0x00, 0x00, 0x00,
 0x01, 0x00, 0x00, 0x00, 0x04, 0x00, 0x00, 0x00, 0x94, 0xfe, 0xff, 0xff, 0x10, 0x00, 0x00, 0x00,
 0x04, 0x00, 0x00, 0x00, 0x03, 0x00, 0x00, 0x00, 0x41, 0x6e, 0x79, 0x00, 0x07, 0x00, 0x00, 0x00,
 0x70, 0x72, 0x69, 0x76, 0x61, 0x63, 0x79, 0x00, 0x8c, 0xfe, 0xff, 0xff, 0x00, 0x00, 0x00, 0x0d,
 0x01, 0x00, 0x00, 0x00, 0x04, 0x00, 0x00, 0x00, 0x66, 0x6c, 0x61, 0x67, 0x00, 0x00, 0x00, 0x00,
 0x14, 0x00, 0x14, 0x00, 0x04, 0x00, 0x08, 0x00, 0x00, 0x00, 0x0c, 0x00, 0x00, 0x00, 0x00, 0x00,
 0x00, 0x00, 0x10, 0x00, 0x14, 0x00, 0x00, 0x00, 0x38, 0x00, 0x00, 0x00, 0x28, 0x00, 0x00, 0x00,
 0x01, 0x00, 0x00, 0x00, 0x04, 0x00, 0x00, 0x00, 0x17, 0x00, 0x00, 0x00, 0x2f, 0x2f, 0x63, 0x6f,
 0x6d, 0x6d, 0x6f, 0x6e, 0x2f, 0x69, 0x6e, 0x69, 0x74, 0x5f, 0x66, 0x6c, 0x61, 0x67, 0x73, 0x2e,
 0x66, 0x62, 0x73, 0x00, 0x02, 0x00, 0x00, 0x00, 0xd0, 0x00, 0x00, 0x00, 0x44, 0x00, 0x00, 0x00,
 0x1e, 0x00, 0x00, 0x00, 0x62, 0x6c, 0x75, 0x65, 0x74, 0x6f, 0x6f, 0x74, 0x68, 0x2e, 0x63, 0x6f,
 0x6d, 0x6d, 0x6f, 0x6e, 0x2e, 0x49, 0x6e, 0x69, 0x74, 0x46, 0x6c, 0x61, 0x67, 0x73, 0x44, 0x61,
 0x74, 0x61, 0x00, 0x00, 0x1c, 0x00, 0x18, 0x00, 0x0c, 0x00, 0x10, 0x00, 0x08, 0x00, 0x0a, 0x00,
 0x00, 0x00, 0x00, 0x00, 0x00, 0x00, 0x00, 0x00, 0x00, 0x00, 0x14, 0x00, 0x00, 0x00, 0x07, 0x00,
 0x1c, 0x00, 0x00, 0x00, 0x00, 0x00, 0x00, 0x01, 0x01, 0x00, 0x06, 0x00, 0x54, 0x00, 0x00, 0x00,
 0x40, 0x00, 0x00, 0x00, 0x04, 0x00, 0x00, 0x00, 0x01, 0x00, 0x00, 0x00, 0x04, 0x00, 0x00, 0x00,
 0x7c, 0xff, 0xff, 0xff, 0x10, 0x00, 0x00, 0x00, 0x04, 0x00, 0x00, 0x00, 0x03, 0x00, 0x00, 0x00,
 0x41, 0x6e, 0x79, 0x00, 0x07, 0x00, 0x00, 0x00, 0x70, 0x72, 0x69, 0x76, 0x61, 0x63, 0x79, 0x00,
 0x10, 0x00, 0x10, 0x00, 0x06, 0x00, 0x07, 0x00, 0x08, 0x00, 0x00, 0x00, 0x00, 0x00, 0x0c, 0x00,
 0x10, 0x00, 0x00, 0x00, 0x00, 0x00, 0x0e, 0x0f, 0x02, 0x00, 0x00, 0x00, 0x04, 0x00, 0x00, 0x00,
 0x06, 0x00, 0x00, 0x00, 0x76, 0x61, 0x6c, 0x75, 0x65, 0x73, 0x00, 0x00, 0x1c, 0x00, 0x14, 0x00,
 0x08, 0x00, 0x0c, 0x00, 0x00, 0x00, 0x06, 0x00, 0x00, 0x00, 0x00, 0x00, 0x00, 0x00, 0x00, 0x00,
 0x00, 0x00, 0x10, 0x00, 0x00, 0x00, 0x05, 0x00, 0x1c, 0x00, 0x00, 0x00, 0x00, 0x01, 0x04, 0x00,
 0x58, 0x00, 0x00, 0x00, 0x48, 0x00, 0x00, 0x00, 0x04, 0x00, 0x00, 0x00, 0x01, 0x00, 0x00, 0x00,
 0x0c, 0x00, 0x00, 0x00, 0x08, 0x00, 0x0c, 0x00, 0x04, 0x00, 0x08, 0x00, 0x08, 0x00, 0x00, 0x00,
 0x10, 0x00, 0x00, 0x00, 0x04, 0x00, 0x00, 0x00, 0x03, 0x00, 0x00, 0x00, 0x41, 0x6e, 0x79, 0x00,
 0x07, 0x00, 0x00, 0x00, 0x70, 0x72, 0x69, 0x76, 0x61, 0x63, 0x79, 0x00, 0x10, 0x00, 0x0c, 0x00,
 0x07, 0x00, 0x00, 0x00, 0x00, 0x00, 0x00, 0x00, 0x00, 0x00, 0x08, 0x00, 0x10, 0x00, 0x00, 0x00,
 0x00, 0x00, 0x00, 0x0d, 0x01, 0x00, 0x00, 0x00, 0x05, 0x00, 0x00, 0x00, 0x74, 0x69, 0x74, 0x6c,
 0x65, 0x00, 0x00, 0x00, 0x15, 0x00, 0x00, 0x00, 0x62, 0x6c, 0x75, 0x65, 0x74, 0x6f, 0x6f, 0x74,
 0x68, 0x2e, 0x44, 0x75, 0x6d, 0x70, 0x73, 0x79, 0x73, 0x44, 0x61, 0x74, 0x61, 0x00, 0x00, 0x00,
 0x08, 0x00, 0x0c, 0x00, 0x04, 0x00, 0x08, 0x00, 0x08, 0x00, 0x00, 0x00, 0xf4, 0x02, 0x00, 0x00,
 0x04, 0x00, 0x00, 0x00, 0xe8, 0x02, 0x00, 0x00, 0x1c, 0x00, 0x00, 0x00, 0x42, 0x46, 0x42, 0x53,
 0x14, 0x00, 0x20, 0x00, 0x04, 0x00, 0x08, 0x00, 0x0c, 0x00, 0x10, 0x00, 0x14, 0x00, 0x18, 0x00,
 0x00, 0x00, 0x1c, 0x00, 0x14, 0x00, 0x00, 0x00, 0x34, 0x00, 0x00, 0x00, 0x2c, 0x00, 0x00, 0x00,
 0x20, 0x00, 0x00, 0x00, 0x14, 0x00, 0x00, 0x00, 0x4c, 0x01, 0x00, 0x00, 0x08, 0x00, 0x00, 0x00,
 0x28, 0x00, 0x00, 0x00, 0x00, 0x00, 0x00, 0x00, 0x00, 0x00, 0x00, 0x00, 0x00, 0x00, 0x00, 0x00,
 0x00, 0x00, 0x00, 0x00, 0x00, 0x00, 0x00, 0x00, 0x00, 0x00, 0x00, 0x00, 0x02, 0x00, 0x00, 0x00,
 0x20, 0x00, 0x00, 0x00, 0x20, 0x01, 0x00, 0x00, 0x01, 0x00, 0x00, 0x00, 0x04, 0x00, 0x00, 0x00,
 0xd0, 0xfd, 0xff, 0xff, 0x24, 0x01, 0x00, 0x00, 0x04, 0x00, 0x00, 0x00, 0x00, 0x00, 0x00, 0x00,
 0x10, 0xff, 0xff, 0xff, 0x1c, 0x00, 0x00, 0x00, 0x0c, 0x00, 0x00, 0x00, 0x01, 0x00, 0x00, 0x00,
 0x08, 0x01, 0x00, 0x00, 0x02, 0x00, 0x00, 0x00, 0x84, 0x00, 0x00, 0x00, 0x28, 0x00, 0x00, 0x00,
 0x1e, 0x00, 0x00, 0x00, 0x62, 0x6c, 0x75, 0x65, 0x74, 0x6f, 0x6f, 0x74, 0x68, 0x2e, 0x63, 0x6f,
 0x6d, 0x6d, 0x6f, 0x6e, 0x2e, 0x49, 0x6e, 0x69, 0x74, 0x46, 0x6c, 0x61, 0x67, 0x56, 0x61, 0x6c,
 0x75, 0x65, 0x00, 0x00, 0xe4, 0xfe, 0xff, 0xff, 0x00, 0x00, 0x00, 0x01, 0x01, 0x00, 0x06, 0x00,
 0x40, 0x00, 0x00, 0x00, 0x30, 0x00, 0x00, 0x00, 0x04, 0x00, 0x00, 0x00, 0x01, 0x00, 0x00, 0x00,
 0x04, 0x00, 0x00, 0x00, 0x44, 0xfe, 0xff, 0xff, 0x10, 0x00, 0x00, 0x00, 0x04, 0x00, 0x00, 0x00,
 0x03, 0x00, 0x00, 0x00, 0x41, 0x6e, 0x79, 0x00, 0x07, 0x00, 0x00, 0x00, 0x70, 0x72, 0x69, 0x76,
 0x61, 0x63, 0x79, 0x00, 0x3c, 0xfe, 0xff, 0xff, 0x00, 0x00, 0x00, 0x0d, 0x01, 0x00, 0x00, 0x00,
 0x05, 0x00, 0x00, 0x00, 0x76, 0x61, 0x6c, 0x75, 0x65, 0x00, 0x00, 0x00, 0xb4, 0xfe, 0xff, 0xff,
 0x00, 0x01, 0x04, 0x00, 0x40, 0x00, 0x00, 0x00, 0x30, 0x00, 0x00, 0x00, 0x04, 0x00, 0x00, 0x00,
 0x01, 0x00, 0x00, 0x00, 0x04, 0x00, 0x00, 0x00, 0x98, 0xfe, 0xff, 0xff, 0x10, 0x00, 0x00, 0x00,
 0x04, 0x00, 0x00, 0x00, 0x03, 0x00, 0x00, 0x00, 0x41, 0x6e, 0x79, 0x00, 0x07, 0x00, 0x00, 0x00,
 0x70, 0x72, 0x69, 0x76, 0x61, 0x63, 0x79, 0x00, 0x90, 0xfe, 0xff, 0xff, 0x00, 0x00, 0x00, 0x0d,
 0x01, 0x00, 0x00, 0x00, 0x04, 0x00, 0x00, 0x00, 0x66, 0x6c, 0x61, 0x67, 0x00, 0x00, 0x00, 0x00,
 0x14, 0x00, 0x14, 0x00, 0x04, 0x00, 0x08, 0x00, 0x00, 0x00, 0x0c, 0x00, 0x00, 0x00, 0x00, 0x00,
 0x00, 0x00, 0x10, 0x00, 0x14, 0x00, 0x00, 0x00, 0x34, 0x00, 0x00, 0x00, 0x24, 0x00, 0x00, 0x00,
 0x01, 0x00, 0x00, 0x00, 0x04, 0x00, 0x00, 0x00, 0x10, 0x00, 0x00, 0x00, 0x2f, 0x2f, 0x69, 0x6e,
 0x69, 0x74, 0x5f, 0x66, 0x6c, 0x61, 0x67, 0x73, 0x2e, 0x66, 0x62, 0x73, 0x00, 0x00, 0x00, 0x00,
 0x02, 0x00, 0x00, 0x00, 0xd0, 0x00, 0x00, 0x00, 0x44, 0x00, 0x00, 0x00, 0x1e, 0x00, 0x00, 0x00,
 0x62, 0x6c, 0x75, 0x65, 0x74, 0x6f, 0x6f, 0x74, 0x68, 0x2e, 0x63, 0x6f, 0x6d, 0x6d, 0x6f, 0x6e,
 0x2e, 0x49, 0x6e, 0x69, 0x74, 0x46, 0x6c, 0x61, 0x67, 0x73, 0x44, 0x61, 0x74, 0x61, 0x00, 0x00,
 0x1c, 0x00, 0x18, 0x00, 0x0c, 0x00, 0x10, 0x00, 0x08, 0x00, 0x0a, 0x00, 0x00, 0x00, 0x00, 0x00,
 0x00, 0x00, 0x00, 0x00, 0x00, 0x00, 0x14, 0x00, 0x00, 0x00, 0x07, 0x00, 0x1c, 0x00, 0x00, 0x00,
 0x00, 0x00, 0x00, 0x01, 0x01, 0x00, 0x06, 0x00, 0x54, 0x00, 0x00, 0x00, 0x40, 0x00, 0x00, 0x00,
 0x04, 0x00, 0x00, 0x00, 0x01, 0x00, 0x00, 0x00, 0x04, 0x00, 0x00, 0x00, 0x7c, 0xff, 0xff, 0xff,
 0x10, 0x00, 0x00, 0x00, 0x04, 0x00, 0x00, 0x00, 0x03, 0x00, 0x00, 0x00, 0x41, 0x6e, 0x79, 0x00,
 0x07, 0x00, 0x00, 0x00, 0x70, 0x72, 0x69, 0x76, 0x61, 0x63, 0x79, 0x00, 0x10, 0x00, 0x10, 0x00,
 0x06, 0x00, 0x07, 0x00, 0x08, 0x00, 0x00, 0x00, 0x00, 0x00, 0x0c, 0x00, 0x10, 0x00, 0x00, 0x00,
 0x00, 0x00, 0x0e, 0x0f, 0x00, 0x00, 0x00, 0x00, 0x04, 0x00, 0x00, 0x00, 0x06, 0x00, 0x00, 0x00,
 0x76, 0x61, 0x6c, 0x75, 0x65, 0x73, 0x00, 0x00, 0x1c, 0x00, 0x14, 0x00, 0x08, 0x00, 0x0c, 0x00,
 0x00, 0x00, 0x06, 0x00, 0x00, 0x00, 0x00, 0x00, 0x00, 0x00, 0x00, 0x00, 0x00, 0x00, 0x10, 0x00,
 0x00, 0x00, 0x05, 0x00, 0x1c, 0x00, 0x00, 0x00, 0x00, 0x01, 0x04, 0x00, 0x58, 0x00, 0x00, 0x00,
 0x48, 0x00, 0x00, 0x00, 0x04, 0x00, 0x00, 0x00, 0x01, 0x00, 0x00, 0x00, 0x0c, 0x00, 0x00, 0x00,
 0x08, 0x00, 0x0c, 0x00, 0x04, 0x00, 0x08, 0x00, 0x08, 0x00, 0x00, 0x00, 0x10, 0x00, 0x00, 0x00,
 0x04, 0x00, 0x00, 0x00, 0x03, 0x00, 0x00, 0x00, 0x41, 0x6e, 0x79, 0x00, 0x07, 0x00, 0x00, 0x00,
 0x70, 0x72, 0x69, 0x76, 0x61, 0x63, 0x79, 0x00, 0x10, 0x00, 0x0c, 0x00, 0x07, 0x00, 0x00, 0x00,
 0x00, 0x00, 0x00, 0x00, 0x00, 0x00, 0x08, 0x00, 0x10, 0x00, 0x00, 0x00, 0x00, 0x00, 0x00, 0x0d,
 0x01, 0x00, 0x00, 0x00, 0x05, 0x00, 0x00, 0x00, 0x74, 0x69, 0x74, 0x6c, 0x65, 0x00, 0x00, 0x00,
 0x1e, 0x00, 0x00, 0x00, 0x62, 0x6c, 0x75, 0x65, 0x74, 0x6f, 0x6f, 0x74, 0x68, 0x2e, 0x63, 0x6f,
 0x6d, 0x6d, 0x6f, 0x6e, 0x2e, 0x49, 0x6e, 0x69, 0x74, 0x46, 0x6c, 0x61, 0x67, 0x73, 0x44, 0x61,
 0x74, 0x61, 0x00, 0x00 };
const std::string bluetooth_dumpsys_string_data_(bluetooth_dumpsys_data_, bluetooth_dumpsys_data_ + sizeof(bluetooth_dumpsys_data_));
const std::string& GetBundledSchemaData() { return bluetooth_dumpsys_string_data_; }
}  // namespace dumpsys
}  // namespace bluetooth
