/* SPDX-License-Identifier: (LGPL-2.1 OR BSD-2-Clause) */

/* THIS FILE IS AUTOGENERATED BY BPFTOOL! */
#ifndef __NETWORK_BPF_SKEL_H__
#define __NETWORK_BPF_SKEL_H__

#include <errno.h>
#include <stdlib.h>
#include <bpf/libbpf.h>

struct network_bpf {
	struct bpf_object_skeleton *skeleton;
	struct bpf_object *obj;
	struct {
		struct bpf_map *rb;
		struct bpf_map *cros_network_flow_map;
		struct bpf_map *cros_network_external_interfaces;
		struct bpf_map *sk_storage;
		struct bpf_map *shared_process_info;
		struct bpf_map *active_socket_map;
		struct bpf_map *rodata;
	} maps;
	struct {
		struct bpf_program *cros_handle_inet_listen;
		struct bpf_program *cros_handle_ip_protocol_deliver_rcu_enter;
		struct bpf_program *cros_handle__ip_local_out_exit;
		struct bpf_program *cros_handle_ip6_finish_output2_enter;
		struct bpf_program *cros_handle_ip6_input_exit;
		struct bpf_program *cros_handle_inet_accept_exit;
		struct bpf_program *cros_handle___inet_stream_connect_exit;
		struct bpf_program *cros_handle_inet_release_enter;
		struct bpf_program *cros_handle_inet_sendmsg_enter;
		struct bpf_program *cros_handle_inet_recvmsg_exit;
	} progs;
	struct {
		struct bpf_link *cros_handle_inet_listen;
		struct bpf_link *cros_handle_ip_protocol_deliver_rcu_enter;
		struct bpf_link *cros_handle__ip_local_out_exit;
		struct bpf_link *cros_handle_ip6_finish_output2_enter;
		struct bpf_link *cros_handle_ip6_input_exit;
		struct bpf_link *cros_handle_inet_accept_exit;
		struct bpf_link *cros_handle___inet_stream_connect_exit;
		struct bpf_link *cros_handle_inet_release_enter;
		struct bpf_link *cros_handle_inet_sendmsg_enter;
		struct bpf_link *cros_handle_inet_recvmsg_exit;
	} links;

#ifdef __cplusplus
	static inline struct network_bpf *open(const struct bpf_object_open_opts *opts = nullptr);
	static inline struct network_bpf *open_and_load();
	static inline int load(struct network_bpf *skel);
	static inline int attach(struct network_bpf *skel);
	static inline void detach(struct network_bpf *skel);
	static inline void destroy(struct network_bpf *skel);
	static inline const void *elf_bytes(size_t *sz);
#endif /* __cplusplus */
};

static void
network_bpf__destroy(struct network_bpf *obj)
{
	if (!obj)
		return;
	if (obj->skeleton)
		bpf_object__destroy_skeleton(obj->skeleton);
	free(obj);
}

static inline int
network_bpf__create_skeleton(struct network_bpf *obj);

static inline struct network_bpf *
network_bpf__open_opts(const struct bpf_object_open_opts *opts)
{
	struct network_bpf *obj;
	int err;

	obj = (struct network_bpf *)calloc(1, sizeof(*obj));
	if (!obj) {
		errno = ENOMEM;
		return NULL;
	}

	err = network_bpf__create_skeleton(obj);
	if (err)
		goto err_out;

	err = bpf_object__open_skeleton(obj->skeleton, opts);
	if (err)
		goto err_out;

	return obj;
err_out:
	network_bpf__destroy(obj);
	errno = -err;
	return NULL;
}

static inline struct network_bpf *
network_bpf__open(void)
{
	return network_bpf__open_opts(NULL);
}

static inline int
network_bpf__load(struct network_bpf *obj)
{
	return bpf_object__load_skeleton(obj->skeleton);
}

static inline struct network_bpf *
network_bpf__open_and_load(void)
{
	struct network_bpf *obj;
	int err;

	obj = network_bpf__open();
	if (!obj)
		return NULL;
	err = network_bpf__load(obj);
	if (err) {
		network_bpf__destroy(obj);
		errno = -err;
		return NULL;
	}
	return obj;
}

static inline int
network_bpf__attach(struct network_bpf *obj)
{
	return bpf_object__attach_skeleton(obj->skeleton);
}

static inline void
network_bpf__detach(struct network_bpf *obj)
{
	bpf_object__detach_skeleton(obj->skeleton);
}

static inline const void *network_bpf__elf_bytes(size_t *sz);

static inline int
network_bpf__create_skeleton(struct network_bpf *obj)
{
	struct bpf_object_skeleton *s;
	int err;

	s = (struct bpf_object_skeleton *)calloc(1, sizeof(*s));
	if (!s)	{
		err = -ENOMEM;
		goto err;
	}

	s->sz = sizeof(*s);
	s->name = "network_bpf";
	s->obj = &obj->obj;

	/* maps */
	s->map_cnt = 7;
	s->map_skel_sz = sizeof(*s->maps);
	s->maps = (struct bpf_map_skeleton *)calloc(s->map_cnt, s->map_skel_sz);
	if (!s->maps) {
		err = -ENOMEM;
		goto err;
	}

	s->maps[0].name = "rb";
	s->maps[0].map = &obj->maps.rb;

	s->maps[1].name = "cros_network_flow_map";
	s->maps[1].map = &obj->maps.cros_network_flow_map;

	s->maps[2].name = "cros_network_external_interfaces";
	s->maps[2].map = &obj->maps.cros_network_external_interfaces;

	s->maps[3].name = "sk_storage";
	s->maps[3].map = &obj->maps.sk_storage;

	s->maps[4].name = "shared_process_info";
	s->maps[4].map = &obj->maps.shared_process_info;

	s->maps[5].name = "active_socket_map";
	s->maps[5].map = &obj->maps.active_socket_map;

	s->maps[6].name = "network_.rodata";
	s->maps[6].map = &obj->maps.rodata;

	/* programs */
	s->prog_cnt = 10;
	s->prog_skel_sz = sizeof(*s->progs);
	s->progs = (struct bpf_prog_skeleton *)calloc(s->prog_cnt, s->prog_skel_sz);
	if (!s->progs) {
		err = -ENOMEM;
		goto err;
	}

	s->progs[0].name = "cros_handle_inet_listen";
	s->progs[0].prog = &obj->progs.cros_handle_inet_listen;
	s->progs[0].link = &obj->links.cros_handle_inet_listen;

	s->progs[1].name = "cros_handle_ip_protocol_deliver_rcu_enter";
	s->progs[1].prog = &obj->progs.cros_handle_ip_protocol_deliver_rcu_enter;
	s->progs[1].link = &obj->links.cros_handle_ip_protocol_deliver_rcu_enter;

	s->progs[2].name = "cros_handle__ip_local_out_exit";
	s->progs[2].prog = &obj->progs.cros_handle__ip_local_out_exit;
	s->progs[2].link = &obj->links.cros_handle__ip_local_out_exit;

	s->progs[3].name = "cros_handle_ip6_finish_output2_enter";
	s->progs[3].prog = &obj->progs.cros_handle_ip6_finish_output2_enter;
	s->progs[3].link = &obj->links.cros_handle_ip6_finish_output2_enter;

	s->progs[4].name = "cros_handle_ip6_input_exit";
	s->progs[4].prog = &obj->progs.cros_handle_ip6_input_exit;
	s->progs[4].link = &obj->links.cros_handle_ip6_input_exit;

	s->progs[5].name = "cros_handle_inet_accept_exit";
	s->progs[5].prog = &obj->progs.cros_handle_inet_accept_exit;
	s->progs[5].link = &obj->links.cros_handle_inet_accept_exit;

	s->progs[6].name = "cros_handle___inet_stream_connect_exit";
	s->progs[6].prog = &obj->progs.cros_handle___inet_stream_connect_exit;
	s->progs[6].link = &obj->links.cros_handle___inet_stream_connect_exit;

	s->progs[7].name = "cros_handle_inet_release_enter";
	s->progs[7].prog = &obj->progs.cros_handle_inet_release_enter;
	s->progs[7].link = &obj->links.cros_handle_inet_release_enter;

	s->progs[8].name = "cros_handle_inet_sendmsg_enter";
	s->progs[8].prog = &obj->progs.cros_handle_inet_sendmsg_enter;
	s->progs[8].link = &obj->links.cros_handle_inet_sendmsg_enter;

	s->progs[9].name = "cros_handle_inet_recvmsg_exit";
	s->progs[9].prog = &obj->progs.cros_handle_inet_recvmsg_exit;
	s->progs[9].link = &obj->links.cros_handle_inet_recvmsg_exit;

	s->data = (void *)network_bpf__elf_bytes(&s->data_sz);

	obj->skeleton = s;
	return 0;
err:
	bpf_object__destroy_skeleton(s);
	return err;
}

static inline const void *network_bpf__elf_bytes(size_t *sz)
{
	*sz = 200832;
	return (const void *)"\
\x7f\x45\x4c\x46\x02\x01\x01\0\0\0\0\0\0\0\0\0\x01\0\xf7\0\x01\0\0\0\0\0\0\0\0\
\0\0\0\0\0\0\0\0\0\0\0\x80\x08\x03\0\0\0\0\0\0\0\0\0\x40\0\0\0\0\0\x40\0\x20\0\
\x01\0\x79\x12\x10\0\0\0\0\0\x67\x02\0\0\x20\0\0\0\x77\x02\0\0\x20\0\0\0\x55\
\x02\x3f\x02\0\0\0\0\x79\x16\0\0\0\0\0\0\x85\0\0\0\x9e\0\0\0\xb7\x01\0\0\x4c\0\
\0\0\x0f\x10\0\0\0\0\0\0\xbf\xa1\0\0\0\0\0\0\x07\x01\0\0\xf8\xff\xff\xff\xb7\
\x02\0\0\x04\0\0\0\xbf\x03\0\0\0\0\0\0\x85\0\0\0\x71\0\0\0\x61\xa1\xf8\xff\0\0\
\0\0\x57\x01\0\0\0\0\x20\0\x55\x01\x33\x02\0\0\0\0\x18\x01\0\0\0\0\0\0\0\0\0\0\
\0\0\0\0\xb7\x02\0\0\x08\x05\0\0\xb7\x03\0\0\0\0\0\0\x85\0\0\0\x83\0\0\0\xbf\
\x09\0\0\0\0\0\0\x55\x09\x05\0\0\0\0\0\x18\x01\0\0\0\0\0\0\0\0\0\0\0\0\0\0\xb7\
\x02\0\0\x25\0\0\0\x85\0\0\0\x06\0\0\0\x05\0\x27\x02\0\0\0\0\xbf\x97\0\0\0\0\0\
\0\x79\x68\x18\0\0\0\0\0\xb7\x02\0\0\x01\0\0\0\x63\x27\0\0\0\0\0\0\x63\x27\0\
\x05\0\0\0\0\x69\x61\x04\0\0\0\0\0\x69\x83\x10\0\0\0\0\0\x63\x37\x0c\0\0\0\0\0\
\x67\x01\0\0\x30\0\0\0\xc7\x01\0\0\x30\0\0\0\x69\x84\x24\x02\0\0\0\0\x65\x04\
\x03\0\x05\0\0\0\x15\x04\x0d\0\0\0\0\0\x15\x04\x17\0\x01\0\0\0\x05\0\x02\0\0\0\
\0\0\x15\x04\x08\0\x06\0\0\0\x15\x04\x11\0\x11\0\0\0\xb7\x03\0\0\x3a\0\0\0\x15\
\x01\x01\0\x3a\0\0\0\xb7\x03\0\0\xfc\0\0\0\xb7\x02\0\0\xfb\0\0\0\x15\x01\x0f\0\
\x03\0\0\0\xbf\x32\0\0\0\0\0\0\x05\0\x0d\0\0\0\0\0\xb7\x02\0\0\x06\0\0\0\x05\0\
\x0b\0\0\0\0\0\x15\x03\x01\0\x0a\0\0\0\x55\x03\x08\0\x02\0\0\0\xb7\x02\0\0\x06\
\0\0\0\x15\x01\x07\0\x01\0\0\0\x67\x01\0\0\x20\0\0\0\x77\x01\0\0\x20\0\0\0\x15\
\x01\x08\x02\x03\0\0\0\x55\x01\x02\0\x02\0\0\0\xb7\x02\0\0\x11\0\0\0\x05\0\x01\
\0\0\0\0\0\xb7\x02\0\0\xfc\0\0\0\x7b\x6a\xe0\xff\0\0\0\0\x63\x27\x10\0\0\0\0\0\
\x85\0\0\0\x9e\0\0\0\xbf\x06\0\0\0\0\0\0\x61\x61\x4c\x06\0\0\0\0\x63\x1a\xec\
\xff\0\0\0\0\xbf\xa2\0\0\0\0\0\0\x07\x02\0\0\xec\xff\xff\xff\x18\x01\0\0\0\0\0\
\0\0\0\0\0\0\0\0\0\x85\0\0\0\x01\0\0\0\x15\0\x2b\x01\0\0\0\0\x07\x09\0\0\x18\0\
\0\0\x79\x01\x20\x02\0\0\0\0\x7b\x19\x20\x02\0\0\0\0\x79\x01\x18\x02\0\0\0\0\
\x7b\x19\x18\x02\0\0\0\0\x79\x01\x10\x02\0\0\0\0\x7b\x19\x10\x02\0\0\0\0\x79\
\x01\x08\x02\0\0\0\0\x7b\x19\x08\x02\0\0\0\0\x79\x01\0\x02\0\0\0\0\x7b\x19\0\
\x02\0\0\0\0\x79\x01\xf8\x01\0\0\0\0\x7b\x19\xf8\x01\0\0\0\0\x79\x01\xf0\x01\0\
\0\0\0\x7b\x19\xf0\x01\0\0\0\0\x79\x01\xe8\x01\0\0\0\0\x7b\x19\xe8\x01\0\0\0\0\
\x79\x01\xe0\x01\0\0\0\0\x7b\x19\xe0\x01\0\0\0\0\x79\x01\xd8\x01\0\0\0\0\x7b\
\x19\xd8\x01\0\0\0\0\x79\x01\xd0\x01\0\0\0\0\x7b\x19\xd0\x01\0\0\0\0\x79\x01\
\xc8\x01\0\0\0\0\x7b\x19\xc8\x01\0\0\0\0\x79\x01\xc0\x01\0\0\0\0\x7b\x19\xc0\
\x01\0\0\0\0\x79\x01\xb8\x01\0\0\0\0\x7b\x19\xb8\x01\0\0\0\0\x79\x01\xb0\x01\0\
\0\0\0\x7b\x19\xb0\x01\0\0\0\0\x79\x01\xa8\x01\0\0\0\0\x7b\x19\xa8\x01\0\0\0\0\
\x79\x01\xa0\x01\0\0\0\0\x7b\x19\xa0\x01\0\0\0\0\x79\x01\x98\x01\0\0\0\0\x7b\
\x19\x98\x01\0\0\0\0\x79\x01\x90\x01\0\0\0\0\x7b\x19\x90\x01\0\0\0\0\x79\x01\
\x88\x01\0\0\0\0\x7b\x19\x88\x01\0\0\0\0\x79\x01\x80\x01\0\0\0\0\x7b\x19\x80\
\x01\0\0\0\0\x79\x01\x78\x01\0\0\0\0\x7b\x19\x78\x01\0\0\0\0\x79\x01\x70\x01\0\
\0\0\0\x7b\x19\x70\x01\0\0\0\0\x79\x01\x68\x01\0\0\0\0\x7b\x19\x68\x01\0\0\0\0\
\x79\x01\x60\x01\0\0\0\0\x7b\x19\x60\x01\0\0\0\0\x79\x01\x58\x01\0\0\0\0\x7b\
\x19\x58\x01\0\0\0\0\x79\x01\x50\x01\0\0\0\0\x7b\x19\x50\x01\0\0\0\0\x79\x01\
\x48\x01\0\0\0\0\x7b\x19\x48\x01\0\0\0\0\x79\x01\x40\x01\0\0\0\0\x7b\x19\x40\
\x01\0\0\0\0\x79\x01\x38\x01\0\0\0\0\x7b\x19\x38\x01\0\0\0\0\x79\x01\x30\x01\0\
\0\0\0\x7b\x19\x30\x01\0\0\0\0\x79\x01\x28\x01\0\0\0\0\x7b\x19\x28\x01\0\0\0\0\
\x79\x01\x20\x01\0\0\0\0\x7b\x19\x20\x01\0\0\0\0\x79\x01\x18\x01\0\0\0\0\x7b\
\x19\x18\x01\0\0\0\0\x79\x01\x10\x01\0\0\0\0\x7b\x19\x10\x01\0\0\0\0\x79\x01\
\x08\x01\0\0\0\0\x7b\x19\x08\x01\0\0\0\0\x79\x01\0\x01\0\0\0\0\x7b\x19\0\x01\0\
\0\0\0\x79\x01\xf8\0\0\0\0\0\x7b\x19\xf8\0\0\0\0\0\x79\x01\xf0\0\0\0\0\0\x7b\
\x19\xf0\0\0\0\0\0\x79\x01\xe8\0\0\0\0\0\x7b\x19\xe8\0\0\0\0\0\x79\x01\xe0\0\0\
\0\0\0\x7b\x19\xe0\0\0\0\0\0\x79\x01\xd8\0\0\0\0\0\x7b\x19\xd8\0\0\0\0\0\x79\
\x01\xd0\0\0\0\0\0\x7b\x19\xd0\0\0\0\0\0\x79\x01\xc8\0\0\0\0\0\x7b\x19\xc8\0\0\
\0\0\0\x79\x01\xc0\0\0\0\0\0\x7b\x19\xc0\0\0\0\0\0\x79\x01\xb8\0\0\0\0\0\x7b\
\x19\xb8\0\0\0\0\0\x79\x01\xb0\0\0\0\0\0\x7b\x19\xb0\0\0\0\0\0\x79\x01\xa8\0\0\
\0\0\0\x7b\x19\xa8\0\0\0\0\0\x79\x01\xa0\0\0\0\0\0\x7b\x19\xa0\0\0\0\0\0\x79\
\x01\x98\0\0\0\0\0\x7b\x19\x98\0\0\0\0\0\x79\x01\x90\0\0\0\0\0\x7b\x19\x90\0\0\
\0\0\0\x79\x01\x88\0\0\0\0\0\x7b\x19\x88\0\0\0\0\0\x79\x01\x80\0\0\0\0\0\x7b\
\x19\x80\0\0\0\0\0\x79\x01\x78\0\0\0\0\0\x7b\x19\x78\0\0\0\0\0\x79\x01\x70\0\0\
\0\0\0\x7b\x19\x70\0\0\0\0\0\x79\x01\x68\0\0\0\0\0\x7b\x19\x68\0\0\0\0\0\x79\
\x01\x60\0\0\0\0\0\x7b\x19\x60\0\0\0\0\0\x79\x01\x58\0\0\0\0\0\x7b\x19\x58\0\0\
\0\0\0\x79\x01\x50\0\0\0\0\0\x7b\x19\x50\0\0\0\0\0\x79\x01\x48\0\0\0\0\0\x7b\
\x19\x48\0\0\0\0\0\x79\x01\x40\0\0\0\0\0\x7b\x19\x40\0\0\0\0\0\x79\x01\x38\0\0\
\0\0\0\x7b\x19\x38\0\0\0\0\0\x79\x01\x30\0\0\0\0\0\x7b\x19\x30\0\0\0\0\0\x79\
\x01\x28\0\0\0\0\0\x7b\x19\x28\0\0\0\0\0\x79\x01\x20\0\0\0\0\0\x7b\x19\x20\0\0\
\0\0\0\x79\x01\x18\0\0\0\0\0\x7b\x19\x18\0\0\0\0\0\x79\x01\x10\0\0\0\0\0\x7b\
\x19\x10\0\0\0\0\0\x79\x01\x08\0\0\0\0\0\x7b\x19\x08\0\0\0\0\0\x79\x01\0\0\0\0\
\0\0\x7b\x19\0\0\0\0\0\0\x79\x01\x60\x04\0\0\0\0\x7b\x17\x78\x04\0\0\0\0\x79\
\x01\x58\x04\0\0\0\0\x7b\x17\x70\x04\0\0\0\0\x79\x01\x50\x04\0\0\0\0\x7b\x17\
\x68\x04\0\0\0\0\x79\x01\x48\x04\0\0\0\0\x7b\x17\x60\x04\0\0\0\0\x79\x01\x40\
\x04\0\0\0\0\x7b\x17\x58\x04\0\0\0\0\x79\x01\x38\x04\0\0\0\0\x7b\x17\x50\x04\0\
\0\0\0\x79\x01\x30\x04\0\0\0\0\x7b\x17\x48\x04\0\0\0\0\x79\x01\x28\x04\0\0\0\0\
\x7b\x17\x40\x04\0\0\0\0\x79\x01\x20\x04\0\0\0\0\x7b\x17\x38\x04\0\0\0\0\x79\
\x01\x18\x04\0\0\0\0\x7b\x17\x30\x04\0\0\0\0\x79\x01\x10\x04\0\0\0\0\x7b\x17\
\x28\x04\0\0\0\0\x79\x01\x08\x04\0\0\0\0\x7b\x17\x20\x04\0\0\0\0\x79\x01\0\x04\
\0\0\0\0\x7b\x17\x18\x04\0\0\0\0\x79\x01\xf8\x03\0\0\0\0\x7b\x17\x10\x04\0\0\0\
\0\x79\x01\xf0\x03\0\0\0\0\x7b\x17\x08\x04\0\0\0\0\x79\x01\xe8\x03\0\0\0\0\x7b\
\x17\0\x04\0\0\0\0\x79\x01\xe0\x03\0\0\0\0\x7b\x17\xf8\x03\0\0\0\0\x79\x01\xd8\
\x03\0\0\0\0\x7b\x17\xf0\x03\0\0\0\0\x79\x01\xd0\x03\0\0\0\0\x7b\x17\xe8\x03\0\
\0\0\0\x79\x01\xc8\x03\0\0\0\0\x7b\x17\xe0\x03\0\0\0\0\x79\x01\xc0\x03\0\0\0\0\
\x7b\x17\xd8\x03\0\0\0\0\x79\x01\xb8\x03\0\0\0\0\x7b\x17\xd0\x03\0\0\0\0\x79\
\x01\xb0\x03\0\0\0\0\x7b\x17\xc8\x03\0\0\0\0\x79\x01\xa8\x03\0\0\0\0\x7b\x17\
\xc0\x03\0\0\0\0\x79\x01\xa0\x03\0\0\0\0\x7b\x17\xb8\x03\0\0\0\0\x79\x01\x98\
\x03\0\0\0\0\x7b\x17\xb0\x03\0\0\0\0\x79\x01\x90\x03\0\0\0\0\x7b\x17\xa8\x03\0\
\0\0\0\x79\x01\x88\x03\0\0\0\0\x7b\x17\xa0\x03\0\0\0\0\x79\x01\x80\x03\0\0\0\0\
\x7b\x17\x98\x03\0\0\0\0\x79\x01\x78\x03\0\0\0\0\x7b\x17\x90\x03\0\0\0\0\x79\
\x01\x70\x03\0\0\0\0\x7b\x17\x88\x03\0\0\0\0\x79\x01\x68\x03\0\0\0\0\x7b\x17\
\x80\x03\0\0\0\0\x79\x01\x60\x03\0\0\0\0\x7b\x17\x78\x03\0\0\0\0\x79\x01\x58\
\x03\0\0\0\0\x7b\x17\x70\x03\0\0\0\0\x79\x01\x50\x03\0\0\0\0\x7b\x17\x68\x03\0\
\0\0\0\x79\x01\x48\x03\0\0\0\0\x7b\x17\x60\x03\0\0\0\0\x79\x01\x40\x03\0\0\0\0\
\x7b\x17\x58\x03\0\0\0\0\x79\x01\x38\x03\0\0\0\0\x7b\x17\x50\x03\0\0\0\0\x79\
\x01\x30\x03\0\0\0\0\x7b\x17\x48\x03\0\0\0\0\x79\x01\x28\x03\0\0\0\0\x7b\x17\
\x40\x03\0\0\0\0\x79\x01\x20\x03\0\0\0\0\x7b\x17\x38\x03\0\0\0\0\x79\x01\x18\
\x03\0\0\0\0\x7b\x17\x30\x03\0\0\0\0\x79\x01\x10\x03\0\0\0\0\x7b\x17\x28\x03\0\
\0\0\0\x79\x01\x08\x03\0\0\0\0\x7b\x17\x20\x03\0\0\0\0\x79\x01\0\x03\0\0\0\0\
\x7b\x17\x18\x03\0\0\0\0\x79\x01\xf8\x02\0\0\0\0\x7b\x17\x10\x03\0\0\0\0\x79\
\x01\xf0\x02\0\0\0\0\x7b\x17\x08\x03\0\0\0\0\x79\x01\xe8\x02\0\0\0\0\x7b\x17\0\
\x03\0\0\0\0\x79\x01\xe0\x02\0\0\0\0\x7b\x17\xf8\x02\0\0\0\0\x79\x01\xd8\x02\0\
\0\0\0\x7b\x17\xf0\x02\0\0\0\0\x79\x01\xd0\x02\0\0\0\0\x7b\x17\xe8\x02\0\0\0\0\
\x79\x01\xc8\x02\0\0\0\0\x7b\x17\xe0\x02\0\0\0\0\x79\x01\xc0\x02\0\0\0\0\x7b\
\x17\xd8\x02\0\0\0\0\x79\x01\xb8\x02\0\0\0\0\x7b\x17\xd0\x02\0\0\0\0\x79\x01\
\xb0\x02\0\0\0\0\x7b\x17\xc8\x02\0\0\0\0\x79\x01\xa8\x02\0\0\0\0\x7b\x17\xc0\
\x02\0\0\0\0\x79\x01\xa0\x02\0\0\0\0\x7b\x17\xb8\x02\0\0\0\0\x79\x01\x98\x02\0\
\0\0\0\x7b\x17\xb0\x02\0\0\0\0\x79\x01\x90\x02\0\0\0\0\x7b\x17\xa8\x02\0\0\0\0\
\x79\x01\x88\x02\0\0\0\0\x7b\x17\xa0\x02\0\0\0\0\x79\x01\x80\x02\0\0\0\0\x7b\
\x17\x98\x02\0\0\0\0\x79\x01\x78\x02\0\0\0\0\x7b\x17\x90\x02\0\0\0\0\x79\x01\
\x70\x02\0\0\0\0\x7b\x17\x88\x02\0\0\0\0\x79\x01\x68\x02\0\0\0\0\x7b\x17\x80\
\x02\0\0\0\0\x79\x01\x60\x02\0\0\0\0\x7b\x17\x78\x02\0\0\0\0\x79\x01\x58\x02\0\
\0\0\0\x7b\x17\x70\x02\0\0\0\0\x79\x01\x50\x02\0\0\0\0\x7b\x17\x68\x02\0\0\0\0\
\x79\x01\x48\x02\0\0\0\0\x7b\x17\x60\x02\0\0\0\0\x79\x01\x40\x02\0\0\0\0\x7b\
\x17\x58\x02\0\0\0\0\x79\x01\x38\x02\0\0\0\0\x7b\x17\x50\x02\0\0\0\0\x79\x01\
\x30\x02\0\0\0\0\x7b\x17\x48\x02\0\0\0\0\x79\x01\x28\x02\0\0\0\0\x7b\x17\x40\
\x02\0\0\0\0\x79\x01\x98\x04\0\0\0\0\x7b\x17\xb0\x04\0\0\0\0\x79\x01\x90\x04\0\
\0\0\0\x7b\x17\xa8\x04\0\0\0\0\x79\x01\x88\x04\0\0\0\0\x7b\x17\xa0\x04\0\0\0\0\
\x79\x01\x80\x04\0\0\0\0\x7b\x17\x98\x04\0\0\0\0\x79\x01\x78\x04\0\0\0\0\x7b\
\x17\x90\x04\0\0\0\0\x79\x01\x70\x04\0\0\0\0\x7b\x17\x88\x04\0\0\0\0\x79\x01\
\x68\x04\0\0\0\0\x7b\x17\x80\x04\0\0\0\0\x79\xa2\xe0\xff\0\0\0\0\x05\0\xb3\0\0\
\0\0\0\x7b\x9a\xc0\xff\0\0\0\0\x7b\x0a\xc8\xff\0\0\0\0\x7b\x8a\xd0\xff\0\0\0\0\
\x7b\x7a\xd8\xff\0\0\0\0\x79\xa1\xe0\xff\0\0\0\0\xb7\x01\0\0\x58\x06\0\0\x7b\
\x6a\xb8\xff\0\0\0\0\x0f\x16\0\0\0\0\0\0\xbf\xa1\0\0\0\0\0\0\x07\x01\0\0\xf0\
\xff\xff\xff\xb7\x02\0\0\x08\0\0\0\xbf\x63\0\0\0\0\0\0\x85\0\0\0\x71\0\0\0\xb7\
\x01\0\0\x88\x06\0\0\x79\xa3\xf0\xff\0\0\0\0\x0f\x13\0\0\0\0\0\0\xbf\xa1\0\0\0\
\0\0\0\x07\x01\0\0\xf8\xff\xff\xff\xb7\x02\0\0\x08\0\0\0\x85\0\0\0\x71\0\0\0\
\xb7\x06\0\0\x40\0\0\0\x79\xa8\xf8\xff\0\0\0\0\x05\0\x06\0\0\0\0\0\x07\x06\0\0\
\xff\xff\xff\xff\xbf\x61\0\0\0\0\0\0\x67\x01\0\0\x20\0\0\0\x77\x01\0\0\x20\0\0\
\0\xbf\x98\0\0\0\0\0\0\x15\x01\x20\0\0\0\0\0\xbf\x83\0\0\0\0\0\0\xb7\x01\0\0\
\x58\x06\0\0\x0f\x13\0\0\0\0\0\0\xbf\xa1\0\0\0\0\0\0\x07\x01\0\0\xf0\xff\xff\
\xff\xb7\x02\0\0\x08\0\0\0\x85\0\0\0\x71\0\0\0\x79\xa3\xf0\xff\0\0\0\0\xb7\x01\
\0\0\x88\x06\0\0\x0f\x13\0\0\0\0\0\0\xbf\xa1\0\0\0\0\0\0\x07\x01\0\0\xf8\xff\
\xff\xff\xb7\x02\0\0\x08\0\0\0\x85\0\0\0\x71\0\0\0\x79\xa9\xf8\xff\0\0\0\0\x15\
\x09\x10\0\0\0\0\0\xbf\x83\0\0\0\0\0\0\xb7\x07\0\0\xe8\x08\0\0\x0f\x73\0\0\0\0\
\0\0\xbf\xa1\0\0\0\0\0\0\x07\x01\0\0\xf8\xff\xff\xff\xb7\x02\0\0\x08\0\0\0\x85\
\0\0\0\x71\0\0\0\xbf\x93\0\0\0\0\0\0\x0f\x73\0\0\0\0\0\0\x79\xa7\xf8\xff\0\0\0\
\0\xbf\xa1\0\0\0\0\0\0\x07\x01\0\0\xf8\xff\xff\xff\xb7\x02\0\0\x08\0\0\0\x85\0\
\0\0\x71\0\0\0\x79\xa1\xf8\xff\0\0\0\0\x1d\x17\xda\xff\0\0\0\0\xb7\x06\0\0\x4c\
\x06\0\0\xbf\x83\0\0\0\0\0\0\x0f\x63\0\0\0\0\0\0\xbf\xa1\0\0\0\0\0\0\x07\x01\0\
\0\xf8\xff\xff\xff\xb7\x02\0\0\x04\0\0\0\x85\0\0\0\x71\0\0\0\x61\xa1\xf8\xff\0\
\0\0\0\x79\xa7\xd8\xff\0\0\0\0\x63\x17\x1c\0\0\0\0\0\xb7\x09\0\0\x80\x07\0\0\
\x0f\x98\0\0\0\0\0\0\xbf\xa1\0\0\0\0\0\0\x07\x01\0\0\xf8\xff\xff\xff\xb7\x02\0\
\0\x08\0\0\0\xbf\x83\0\0\0\0\0\0\x85\0\0\0\x71\0\0\0\x79\xa1\xf8\xff\0\0\0\0\
\x7b\x17\x28\0\0\0\0\0\xb7\x01\0\0\x88\x06\0\0\x79\xa8\xb8\xff\0\0\0\0\xbf\x83\
\0\0\0\0\0\0\x0f\x13\0\0\0\0\0\0\xbf\xa1\0\0\0\0\0\0\x07\x01\0\0\xf0\xff\xff\
\xff\xb7\x02\0\0\x08\0\0\0\x85\0\0\0\x71\0\0\0\x79\xa3\xf0\xff\0\0\0\0\x0f\x93\
\0\0\0\0\0\0\xbf\xa1\0\0\0\0\0\0\x07\x01\0\0\xf8\xff\xff\xff\xb7\x02\0\0\x08\0\
\0\0\x85\0\0\0\x71\0\0\0\x79\xa1\xf8\xff\0\0\0\0\x7b\x17\x20\0\0\0\0\0\xbf\x83\
\0\0\0\0\0\0\x0f\x63\0\0\0\0\0\0\xbf\xa1\0\0\0\0\0\0\x07\x01\0\0\xf8\xff\xff\
\xff\xb7\x02\0\0\x04\0\0\0\x85\0\0\0\x71\0\0\0\x61\xa1\xf8\xff\0\0\0\0\x63\x17\
\x18\0\0\0\0\0\xb7\x01\0\0\xf0\x07\0\0\xbf\x89\0\0\0\0\0\0\x0f\x19\0\0\0\0\0\0\
\xbf\xa1\0\0\0\0\0\0\x07\x01\0\0\xf8\xff\xff\xff\xb7\x02\0\0\x08\0\0\0\xbf\x93\
\0\0\0\0\0\0\x85\0\0\0\x71\0\0\0\xb7\x01\0\0\x1c\0\0\0\x79\xa3\xf8\xff\0\0\0\0\
\x0f\x13\0\0\0\0\0\0\xbf\xa1\0\0\0\0\0\0\x07\x01\0\0\xf0\xff\xff\xff\xb7\x02\0\
\0\x04\0\0\0\x85\0\0\0\x71\0\0\0\x61\xa1\xf0\xff\0\0\0\0\x63\x17\x34\x02\0\0\0\
\0\xbf\xa1\0\0\0\0\0\0\x07\x01\0\0\xf8\xff\xff\xff\xb7\x02\0\0\x08\0\0\0\xbf\
\x93\0\0\0\0\0\0\x85\0\0\0\x71\0\0\0\xb7\x01\0\0\x20\0\0\0\x79\xa3\xf8\xff\0\0\
\0\0\x0f\x13\0\0\0\0\0\0\xbf\xa1\0\0\0\0\0\0\x07\x01\0\0\xf0\xff\xff\xff\xb7\
\x02\0\0\x04\0\0\0\x85\0\0\0\x71\0\0\0\x61\xa1\xf0\xff\0\0\0\0\x63\x17\x38\x02\
\0\0\0\0\xb7\x01\0\0\x90\x05\0\0\x0f\x18\0\0\0\0\0\0\xbf\xa1\0\0\0\0\0\0\x07\
\x01\0\0\xf0\xff\xff\xff\xb7\x02\0\0\x08\0\0\0\xbf\x83\0\0\0\0\0\0\x85\0\0\0\
\x71\0\0\0\xb7\x01\0\0\x28\x01\0\0\x79\xa3\xf0\xff\0\0\0\0\x0f\x13\0\0\0\0\0\0\
\xbf\xa1\0\0\0\0\0\0\x07\x01\0\0\xf8\xff\xff\xff\xb7\x02\0\0\x08\0\0\0\x85\0\0\
\0\x71\0\0\0\x79\xa9\xf8\xff\0\0\0\0\xbf\xa1\0\0\0\0\0\0\x07\x01\0\0\xf0\xff\
\xff\xff\xb7\x02\0\0\x08\0\0\0\xbf\x83\0\0\0\0\0\0\x85\0\0\0\x71\0\0\0\xb7\x01\
\0\0\x30\x01\0\0\x79\xa3\xf0\xff\0\0\0\0\x0f\x13\0\0\0\0\0\0\xbf\xa1\0\0\0\0\0\
\0\x07\x01\0\0\xf8\xff\xff\xff\xb7\x02\0\0\x08\0\0\0\x85\0\0\0\x71\0\0\0\x79\
\xa2\xf8\xff\0\0\0\0\x1f\x92\0\0\0\0\0\0\xb7\x01\0\0\0\x02\0\0\x2d\x21\x01\0\0\
\0\0\0\xb7\x02\0\0\0\x02\0\0\x63\x27\x30\x02\0\0\0\0\x79\xa1\xc0\xff\0\0\0\0\
\x07\x01\0\0\x30\0\0\0\xbf\x93\0\0\0\0\0\0\x85\0\0\0\x70\0\0\0\x61\x71\x30\x02\
\0\0\0\0\x79\xa2\xe0\xff\0\0\0\0\x79\xa8\xd0\xff\0\0\0\0\x79\xa0\xc8\xff\0\0\0\
\0\x55\x01\x02\0\0\x02\0\0\xb7\x01\0\0\0\0\0\0\x73\x17\x2f\x02\0\0\0\0\xb7\x01\
\0\0\x01\0\0\0\x55\0\x01\0\0\0\0\0\xb7\x01\0\0\0\0\0\0\x73\x17\xb8\x04\0\0\0\0\
\x69\x21\x04\0\0\0\0\0\x73\x17\xb9\x04\0\0\0\0\x69\x81\x0e\0\0\0\0\0\x63\x17\
\xbc\x04\0\0\0\0\x61\x81\x04\0\0\0\0\0\x63\x17\xc0\x04\0\0\0\0\xb7\x01\0\0\x48\
\0\0\0\xbf\x82\0\0\0\0\0\0\x0f\x12\0\0\0\0\0\0\x61\x21\x0c\0\0\0\0\0\x63\x17\
\xd0\x04\0\0\0\0\x61\x21\x08\0\0\0\0\0\x63\x17\xcc\x04\0\0\0\0\x61\x21\x04\0\0\
\0\0\0\x63\x17\xc8\x04\0\0\0\0\x61\x81\x48\0\0\0\0\0\x63\x17\xc4\x04\0\0\0\0\
\xbf\x71\0\0\0\0\0\0\xb7\x02\0\0\0\0\0\0\x85\0\0\0\x84\0\0\0\xb7\0\0\0\0\0\0\0\
\x95\0\0\0\0\0\0\0\xb7\x02\0\0\xfb\0\0\0\x05\0\xfa\xfd\0\0\0\0\xb7\x02\0\0\x10\
\0\0\0\x79\x17\x08\0\0\0\0\0\xbf\x76\0\0\0\0\0\0\x0f\x26\0\0\0\0\0\0\xbf\xa1\0\
\0\0\0\0\0\x07\x01\0\0\xb8\xff\xff\xff\xb7\x02\0\0\x08\0\0\0\xbf\x63\0\0\0\0\0\
\0\x85\0\0\0\x71\0\0\0\x79\xa1\xb8\xff\0\0\0\0\x55\x01\x0f\0\0\0\0\0\xb7\x01\0\
\0\x58\0\0\0\xbf\x73\0\0\0\0\0\0\x0f\x13\0\0\0\0\0\0\xbf\xa1\0\0\0\0\0\0\x07\
\x01\0\0\xb8\xff\xff\xff\xb7\x02\0\0\x08\0\0\0\x85\0\0\0\x71\0\0\0\xb7\x01\0\0\
\0\0\0\0\x79\xa3\xb8\xff\0\0\0\0\x57\x03\0\0\xfe\xff\xff\xff\x0f\x13\0\0\0\0\0\
\0\xbf\xa1\0\0\0\0\0\0\x07\x01\0\0\xb8\xff\xff\xff\xb7\x02\0\0\x08\0\0\0\x85\0\
\0\0\x71\0\0\0\xbf\xa1\0\0\0\0\0\0\x07\x01\0\0\xb8\xff\xff\xff\xb7\x02\0\0\x08\
\0\0\0\xbf\x63\0\0\0\0\0\0\x85\0\0\0\x71\0\0\0\x79\xa3\xb8\xff\0\0\0\0\x55\x03\
\x16\0\0\0\0\0\xb7\x01\0\0\x58\0\0\0\xbf\x73\0\0\0\0\0\0\x0f\x13\0\0\0\0\0\0\
\xbf\xa1\0\0\0\0\0\0\x07\x01\0\0\xb8\xff\xff\xff\xb7\x02\0\0\x08\0\0\0\x85\0\0\
\0\x71\0\0\0\xb7\x01\0\0\0\0\0\0\x79\xa3\xb8\xff\0\0\0\0\x57\x03\0\0\xfe\xff\
\xff\xff\x0f\x13\0\0\0\0\0\0\xbf\xa1\0\0\0\0\0\0\x07\x01\0\0\xb8\xff\xff\xff\
\xb7\x02\0\0\x08\0\0\0\x85\0\0\0\x71\0\0\0\x79\xa3\xb8\xff\0\0\0\0\x55\x03\x05\
\0\0\0\0\0\x18\x01\0\0\x25\0\0\0\0\0\0\0\0\0\0\0\xb7\x02\0\0\x50\0\0\0\x85\0\0\
\0\x06\0\0\0\x05\0\x16\0\0\0\0\0\xb7\x01\0\0\xd0\0\0\0\x0f\x13\0\0\0\0\0\0\xbf\
\xa1\0\0\0\0\0\0\x07\x01\0\0\xf8\xff\xff\xff\xb7\x02\0\0\x04\0\0\0\x85\0\0\0\
\x71\0\0\0\x61\xa3\xf8\xff\0\0\0\0\x67\x03\0\0\x20\0\0\0\xc7\x03\0\0\x20\0\0\0\
\x7b\x3a\xb8\xff\0\0\0\0\x65\x03\x05\0\xff\xff\xff\xff\x18\x01\0\0\x75\0\0\0\0\
\0\0\0\0\0\0\0\xb7\x02\0\0\x42\0\0\0\x85\0\0\0\x06\0\0\0\x05\0\xc0\0\0\0\0\0\
\xbf\xa2\0\0\0\0\0\0\x07\x02\0\0\xb8\xff\xff\xff\x18\x01\0\0\0\0\0\0\0\0\0\0\0\
\0\0\0\x85\0\0\0\x01\0\0\0\x15\0\xba\0\0\0\0\0\x79\x72\x18\0\0\0\0\0\xb7\x08\0\
\0\0\0\0\0\x18\x01\0\0\0\0\0\0\0\0\0\0\0\0\0\0\xb7\x03\0\0\0\0\0\0\xb7\x04\0\0\
\0\0\0\0\x85\0\0\0\x6b\0\0\0\xbf\x06\0\0\0\0\0\0\x15\x06\xb1\0\0\0\0\0\x79\x61\
\x60\x09\0\0\0\0\x7b\x1a\xb8\xff\0\0\0\0\xbf\xa2\0\0\0\0\0\0\x07\x02\0\0\xb8\
\xff\xff\xff\x18\x01\0\0\0\0\0\0\0\0\0\0\0\0\0\0\xbf\x23\0\0\0\0\0\0\xb7\x04\0\
\0\x01\0\0\0\x85\0\0\0\x02\0\0\0\x7b\x8a\xe8\xff\0\0\0\0\x7b\x8a\xe0\xff\0\0\0\
\0\x7b\x8a\xd8\xff\0\0\0\0\x7b\x8a\xd0\xff\0\0\0\0\x7b\x8a\xc8\xff\0\0\0\0\x7b\
\x8a\xc0\xff\0\0\0\0\x79\x61\x60\x09\0\0\0\0\x7b\x1a\xf0\xff\0\0\0\0\x61\x61\
\x04\0\0\0\0\0\x63\x1a\xbc\xff\0\0\0\0\xb7\x01\0\0\xc0\0\0\0\xbf\x73\0\0\0\0\0\
\0\x0f\x13\0\0\0\0\0\0\xbf\xa1\0\0\0\0\0\0\x07\x01\0\0\xf8\xff\xff\xff\xb7\x02\
\0\0\x08\0\0\0\x85\0\0\0\x71\0\0\0\xb7\x01\0\0\xb4\0\0\0\xbf\x73\0\0\0\0\0\0\
\x0f\x13\0\0\0\0\0\0\x79\xa8\xf8\xff\0\0\0\0\xbf\xa1\0\0\0\0\0\0\x07\x01\0\0\
\xf8\xff\xff\xff\xb7\x09\0\0\x02\0\0\0\xb7\x02\0\0\x02\0\0\0\x85\0\0\0\x71\0\0\
\0\x69\xa1\xf8\xff\0\0\0\0\x0f\x18\0\0\0\0\0\0\xb7\x01\0\0\x09\0\0\0\xbf\x83\0\
\0\0\0\0\0\x0f\x13\0\0\0\0\0\0\xbf\xa1\0\0\0\0\0\0\x07\x01\0\0\xf8\xff\xff\xff\
\xb7\x02\0\0\x01\0\0\0\x85\0\0\0\x71\0\0\0\x63\x9a\xb8\xff\0\0\0\0\xb7\x01\0\0\
\x0c\0\0\0\xbf\x83\0\0\0\0\0\0\x0f\x13\0\0\0\0\0\0\x71\xa9\xf8\xff\0\0\0\0\xbf\
\xa1\0\0\0\0\0\0\x07\x01\0\0\xd8\xff\xff\xff\xb7\x02\0\0\x04\0\0\0\x85\0\0\0\
\x71\0\0\0\xb7\x01\0\0\x10\0\0\0\xbf\x83\0\0\0\0\0\0\x0f\x13\0\0\0\0\0\0\xbf\
\xa1\0\0\0\0\0\0\x07\x01\0\0\xf8\xff\xff\xff\xb7\x02\0\0\x04\0\0\0\x85\0\0\0\
\x71\0\0\0\x61\xa1\xf8\xff\0\0\0\0\x63\x1a\xc0\xff\0\0\0\0\xb7\x01\0\0\x02\0\0\
\0\x0f\x18\0\0\0\0\0\0\xbf\xa1\0\0\0\0\0\0\x07\x01\0\0\xf8\xff\xff\xff\xb7\x02\
\0\0\x02\0\0\0\xbf\x83\0\0\0\0\0\0\x85\0\0\0\x71\0\0\0\x69\xa1\xf8\xff\0\0\0\0\
\xbf\x18\0\0\0\0\0\0\xdc\x08\0\0\x10\0\0\0\x55\x01\x08\0\0\0\0\0\xb7\x01\0\0\
\x70\0\0\0\xbf\x73\0\0\0\0\0\0\x0f\x13\0\0\0\0\0\0\xbf\xa1\0\0\0\0\0\0\x07\x01\
\0\0\xf8\xff\xff\xff\xb7\x02\0\0\x04\0\0\0\x85\0\0\0\x71\0\0\0\x61\xa8\xf8\xff\
\0\0\0\0\x65\x09\x23\0\x10\0\0\0\x15\x09\x27\0\x01\0\0\0\x15\x09\x01\0\x06\0\0\
\0\x05\0\x51\0\0\0\0\0\xb7\x01\0\0\x06\0\0\0\x63\x1a\xbc\xff\0\0\0\0\xb7\x01\0\
\0\xc0\0\0\0\xbf\x73\0\0\0\0\0\0\x0f\x13\0\0\0\0\0\0\xbf\xa1\0\0\0\0\0\0\x07\
\x01\0\0\xf8\xff\xff\xff\xb7\x02\0\0\x08\0\0\0\x85\0\0\0\x71\0\0\0\xb7\x01\0\0\
\xb2\0\0\0\x0f\x17\0\0\0\0\0\0\xbf\x89\0\0\0\0\0\0\x79\xa8\xf8\xff\0\0\0\0\xbf\
\xa1\0\0\0\0\0\0\x07\x01\0\0\xf8\xff\xff\xff\xb7\x02\0\0\x02\0\0\0\xbf\x73\0\0\
\0\0\0\0\x85\0\0\0\x71\0\0\0\x69\xa1\xf8\xff\0\0\0\0\x0f\x18\0\0\0\0\0\0\xb7\
\x01\0\0\0\0\0\0\xbf\x83\0\0\0\0\0\0\x0f\x13\0\0\0\0\0\0\xbf\xa1\0\0\0\0\0\0\
\x07\x01\0\0\xf8\xff\xff\xff\xb7\x02\0\0\x02\0\0\0\x85\0\0\0\x71\0\0\0\x69\xa1\
\xf8\xff\0\0\0\0\xdc\x01\0\0\x10\0\0\0\x6b\x1a\xe8\xff\0\0\0\0\xb7\x01\0\0\x02\
\0\0\0\x05\0\x26\0\0\0\0\0\x15\x09\x06\0\x11\0\0\0\x15\x09\x01\0\xff\0\0\0\x05\
\0\x2e\0\0\0\0\0\xb7\x01\0\0\xfb\0\0\0\x05\0\x2d\0\0\0\0\0\xb7\x01\0\0\x01\0\0\
\0\x05\0\x2b\0\0\0\0\0\xb7\x01\0\0\x11\0\0\0\x63\x1a\xbc\xff\0\0\0\0\xb7\x01\0\
\0\xc0\0\0\0\xbf\x73\0\0\0\0\0\0\x0f\x13\0\0\0\0\0\0\xbf\xa1\0\0\0\0\0\0\x07\
\x01\0\0\xf8\xff\xff\xff\xb7\x02\0\0\x08\0\0\0\x85\0\0\0\x71\0\0\0\xb7\x01\0\0\
\xb2\0\0\0\x0f\x17\0\0\0\0\0\0\xbf\x89\0\0\0\0\0\0\x79\xa8\xf8\xff\0\0\0\0\xbf\
\xa1\0\0\0\0\0\0\x07\x01\0\0\xf8\xff\xff\xff\xb7\x02\0\0\x02\0\0\0\xbf\x73\0\0\
\0\0\0\0\x85\0\0\0\x71\0\0\0\x69\xa1\xf8\xff\0\0\0\0\x0f\x18\0\0\0\0\0\0\xb7\
\x01\0\0\0\0\0\0\xbf\x83\0\0\0\0\0\0\x0f\x13\0\0\0\0\0\0\xbf\xa1\0\0\0\0\0\0\
\x07\x01\0\0\xf8\xff\xff\xff\xb7\x02\0\0\x02\0\0\0\x85\0\0\0\x71\0\0\0\x69\xa1\
\xf8\xff\0\0\0\0\xdc\x01\0\0\x10\0\0\0\x6b\x1a\xe8\xff\0\0\0\0\xb7\x01\0\0\x02\
\0\0\0\x0f\x18\0\0\0\0\0\0\xbf\xa1\0\0\0\0\0\0\x07\x01\0\0\xf8\xff\xff\xff\xb7\
\x02\0\0\x02\0\0\0\xbf\x83\0\0\0\0\0\0\xbf\x98\0\0\0\0\0\0\x85\0\0\0\x71\0\0\0\
\x69\xa1\xf8\xff\0\0\0\0\xdc\x01\0\0\x10\0\0\0\x6b\x1a\xd0\xff\0\0\0\0\x05\0\
\x02\0\0\0\0\0\xb7\x01\0\0\xfc\0\0\0\x63\x1a\xbc\xff\0\0\0\0\xbf\xa2\0\0\0\0\0\
\0\x07\x02\0\0\xb8\xff\xff\xff\x18\x01\0\0\0\0\0\0\0\0\0\0\0\0\0\0\x85\0\0\0\
\x01\0\0\0\x15\0\x05\0\0\0\0\0\x61\x01\x08\0\0\0\0\0\x0f\x81\0\0\0\0\0\0\x63\
\x10\x08\0\0\0\0\0\xb7\0\0\0\0\0\0\0\x95\0\0\0\0\0\0\0\x63\x86\xb0\x04\0\0\0\0\
\xb7\x01\0\0\0\0\0\0\x6b\x16\x58\x09\0\0\0\0\xb7\x01\0\0\x02\0\0\0\x7b\x16\xa8\
\x04\0\0\0\0\x79\x61\x08\0\0\0\0\0\x7b\x16\xb8\x04\0\0\0\0\x79\x61\x10\0\0\0\0\
\0\x7b\x16\xc0\x04\0\0\0\0\x79\x61\x18\0\0\0\0\0\x7b\x16\xc8\x04\0\0\0\0\x79\
\x61\x20\0\0\0\0\0\x7b\x16\xd0\x04\0\0\0\0\x79\x61\x28\0\0\0\0\0\x7b\x16\xd8\
\x04\0\0\0\0\x79\x61\x30\0\0\0\0\0\x7b\x16\xe0\x04\0\0\0\0\x79\x61\x38\0\0\0\0\
\0\x7b\x16\xe8\x04\0\0\0\0\x79\x61\x40\0\0\0\0\0\x7b\x16\xf0\x04\0\0\0\0\x79\
\x61\x48\0\0\0\0\0\x7b\x16\xf8\x04\0\0\0\0\x79\x61\x50\0\0\0\0\0\x7b\x16\0\x05\
\0\0\0\0\x79\x61\x58\0\0\0\0\0\x7b\x16\x08\x05\0\0\0\0\x79\x61\x60\0\0\0\0\0\
\x7b\x16\x10\x05\0\0\0\0\x79\x61\x68\0\0\0\0\0\x7b\x16\x18\x05\0\0\0\0\x79\x61\
\x70\0\0\0\0\0\x7b\x16\x20\x05\0\0\0\0\x79\x61\x78\0\0\0\0\0\x7b\x16\x28\x05\0\
\0\0\0\x79\x61\x80\0\0\0\0\0\x7b\x16\x30\x05\0\0\0\0\x79\x61\x88\0\0\0\0\0\x7b\
\x16\x38\x05\0\0\0\0\x79\x61\x90\0\0\0\0\0\x7b\x16\x40\x05\0\0\0\0\x79\x61\x98\
\0\0\0\0\0\x7b\x16\x48\x05\0\0\0\0\x79\x61\xa0\0\0\0\0\0\x7b\x16\x50\x05\0\0\0\
\0\x79\x61\xa8\0\0\0\0\0\x7b\x16\x58\x05\0\0\0\0\x79\x61\xb0\0\0\0\0\0\x7b\x16\
\x60\x05\0\0\0\0\x79\x61\xb8\0\0\0\0\0\x7b\x16\x68\x05\0\0\0\0\x79\x61\xc0\0\0\
\0\0\0\x7b\x16\x70\x05\0\0\0\0\x79\x61\xc8\0\0\0\0\0\x7b\x16\x78\x05\0\0\0\0\
\x79\x61\xd0\0\0\0\0\0\x7b\x16\x80\x05\0\0\0\0\x79\x61\xd8\0\0\0\0\0\x7b\x16\
\x88\x05\0\0\0\0\x79\x61\xe0\0\0\0\0\0\x7b\x16\x90\x05\0\0\0\0\x79\x61\xe8\0\0\
\0\0\0\x7b\x16\x98\x05\0\0\0\0\x79\x61\xf0\0\0\0\0\0\x7b\x16\xa0\x05\0\0\0\0\
\x79\x61\xf8\0\0\0\0\0\x7b\x16\xa8\x05\0\0\0\0\x79\x61\0\x01\0\0\0\0\x7b\x16\
\xb0\x05\0\0\0\0\x79\x61\x08\x01\0\0\0\0\x7b\x16\xb8\x05\0\0\0\0\x79\x61\x10\
\x01\0\0\0\0\x7b\x16\xc0\x05\0\0\0\0\x79\x61\x18\x01\0\0\0\0\x7b\x16\xc8\x05\0\
\0\0\0\x79\x61\x20\x01\0\0\0\0\x7b\x16\xd0\x05\0\0\0\0\x79\x61\x28\x01\0\0\0\0\
\x7b\x16\xd8\x05\0\0\0\0\x79\x61\x30\x01\0\0\0\0\x7b\x16\xe0\x05\0\0\0\0\x79\
\x61\x38\x01\0\0\0\0\x7b\x16\xe8\x05\0\0\0\0\x79\x61\x40\x01\0\0\0\0\x7b\x16\
\xf0\x05\0\0\0\0\x79\x61\x48\x01\0\0\0\0\x7b\x16\xf8\x05\0\0\0\0\x79\x61\x50\
\x01\0\0\0\0\x7b\x16\0\x06\0\0\0\0\x79\x61\x58\x01\0\0\0\0\x7b\x16\x08\x06\0\0\
\0\0\x79\x61\x60\x01\0\0\0\0\x7b\x16\x10\x06\0\0\0\0\x79\x61\x68\x01\0\0\0\0\
\x7b\x16\x18\x06\0\0\0\0\x79\x61\x70\x01\0\0\0\0\x7b\x16\x20\x06\0\0\0\0\x79\
\x61\x78\x01\0\0\0\0\x7b\x16\x28\x06\0\0\0\0\x79\x61\x80\x01\0\0\0\0\x7b\x16\
\x30\x06\0\0\0\0\x79\x61\x88\x01\0\0\0\0\x7b\x16\x38\x06\0\0\0\0\x79\x61\x90\
\x01\0\0\0\0\x7b\x16\x40\x06\0\0\0\0\x79\x61\x98\x01\0\0\0\0\x7b\x16\x48\x06\0\
\0\0\0\x79\x61\xa0\x01\0\0\0\0\x7b\x16\x50\x06\0\0\0\0\x79\x61\xa8\x01\0\0\0\0\
\x7b\x16\x58\x06\0\0\0\0\x79\x61\xb0\x01\0\0\0\0\x7b\x16\x60\x06\0\0\0\0\x79\
\x61\xb8\x01\0\0\0\0\x7b\x16\x68\x06\0\0\0\0\x79\x61\xc0\x01\0\0\0\0\x7b\x16\
\x70\x06\0\0\0\0\x79\x61\xc8\x01\0\0\0\0\x7b\x16\x78\x06\0\0\0\0\x79\x61\xd0\
\x01\0\0\0\0\x7b\x16\x80\x06\0\0\0\0\x79\x61\xd8\x01\0\0\0\0\x7b\x16\x88\x06\0\
\0\0\0\x79\x61\xe0\x01\0\0\0\0\x7b\x16\x90\x06\0\0\0\0\x79\x61\xe8\x01\0\0\0\0\
\x7b\x16\x98\x06\0\0\0\0\x79\x61\xf0\x01\0\0\0\0\x7b\x16\xa0\x06\0\0\0\0\x79\
\x61\xf8\x01\0\0\0\0\x7b\x16\xa8\x06\0\0\0\0\x79\x61\0\x02\0\0\0\0\x7b\x16\xb0\
\x06\0\0\0\0\x79\x61\x08\x02\0\0\0\0\x7b\x16\xb8\x06\0\0\0\0\x79\x61\x10\x02\0\
\0\0\0\x7b\x16\xc0\x06\0\0\0\0\x79\x61\x18\x02\0\0\0\0\x7b\x16\xc8\x06\0\0\0\0\
\x79\x61\x20\x02\0\0\0\0\x7b\x16\xd0\x06\0\0\0\0\x79\x61\x28\x02\0\0\0\0\x7b\
\x16\xd8\x06\0\0\0\0\xbf\x63\0\0\0\0\0\0\x07\x03\0\0\xa8\x04\0\0\x71\x61\x68\
\x09\0\0\0\0\x15\x01\xa0\0\0\0\0\0\x79\x61\x68\x04\0\0\0\0\x7b\x16\x18\x09\0\0\
\0\0\x79\x61\x60\x04\0\0\0\0\x7b\x16\x10\x09\0\0\0\0\x79\x61\x58\x04\0\0\0\0\
\x7b\x16\x08\x09\0\0\0\0\x79\x61\x50\x04\0\0\0\0\x7b\x16\0\x09\0\0\0\0\x79\x61\
\x48\x04\0\0\0\0\x7b\x16\xf8\x08\0\0\0\0\x79\x61\x40\x04\0\0\0\0\x7b\x16\xf0\
\x08\0\0\0\0\x79\x61\x38\x04\0\0\0\0\x7b\x16\xe8\x08\0\0\0\0\x79\x61\x30\x04\0\
\0\0\0\x7b\x16\xe0\x08\0\0\0\0\x79\x61\x28\x04\0\0\0\0\x7b\x16\xd8\x08\0\0\0\0\
\x79\x61\x20\x04\0\0\0\0\x7b\x16\xd0\x08\0\0\0\0\x79\x61\x18\x04\0\0\0\0\x7b\
\x16\xc8\x08\0\0\0\0\x79\x61\x10\x04\0\0\0\0\x7b\x16\xc0\x08\0\0\0\0\x79\x61\
\x08\x04\0\0\0\0\x7b\x16\xb8\x08\0\0\0\0\x79\x61\0\x04\0\0\0\0\x7b\x16\xb0\x08\
\0\0\0\0\x79\x61\xf8\x03\0\0\0\0\x7b\x16\xa8\x08\0\0\0\0\x79\x61\xf0\x03\0\0\0\
\0\x7b\x16\xa0\x08\0\0\0\0\x79\x61\xe8\x03\0\0\0\0\x7b\x16\x98\x08\0\0\0\0\x79\
\x61\xe0\x03\0\0\0\0\x7b\x16\x90\x08\0\0\0\0\x79\x61\xd8\x03\0\0\0\0\x7b\x16\
\x88\x08\0\0\0\0\x79\x61\xd0\x03\0\0\0\0\x7b\x16\x80\x08\0\0\0\0\x79\x61\xc8\
\x03\0\0\0\0\x7b\x16\x78\x08\0\0\0\0\x79\x61\xc0\x03\0\0\0\0\x7b\x16\x70\x08\0\
\0\0\0\x79\x61\xb8\x03\0\0\0\0\x7b\x16\x68\x08\0\0\0\0\x79\x61\xb0\x03\0\0\0\0\
\x7b\x16\x60\x08\0\0\0\0\x79\x61\xa8\x03\0\0\0\0\x7b\x16\x58\x08\0\0\0\0\x79\
\x61\xa0\x03\0\0\0\0\x7b\x16\x50\x08\0\0\0\0\x79\x61\x98\x03\0\0\0\0\x7b\x16\
\x48\x08\0\0\0\0\x79\x61\x90\x03\0\0\0\0\x7b\x16\x40\x08\0\0\0\0\x79\x61\x88\
\x03\0\0\0\0\x7b\x16\x38\x08\0\0\0\0\x79\x61\x80\x03\0\0\0\0\x7b\x16\x30\x08\0\
\0\0\0\x79\x61\x78\x03\0\0\0\0\x7b\x16\x28\x08\0\0\0\0\x79\x61\x70\x03\0\0\0\0\
\x7b\x16\x20\x08\0\0\0\0\x79\x61\x68\x03\0\0\0\0\x7b\x16\x18\x08\0\0\0\0\x79\
\x61\x60\x03\0\0\0\0\x7b\x16\x10\x08\0\0\0\0\x79\x61\x58\x03\0\0\0\0\x7b\x16\
\x08\x08\0\0\0\0\x79\x61\x50\x03\0\0\0\0\x7b\x16\0\x08\0\0\0\0\x79\x61\x48\x03\
\0\0\0\0\x7b\x16\xf8\x07\0\0\0\0\x79\x61\x40\x03\0\0\0\0\x7b\x16\xf0\x07\0\0\0\
\0\x79\x61\x38\x03\0\0\0\0\x7b\x16\xe8\x07\0\0\0\0\x79\x61\x30\x03\0\0\0\0\x7b\
\x16\xe0\x07\0\0\0\0\x79\x61\x28\x03\0\0\0\0\x7b\x16\xd8\x07\0\0\0\0\x79\x61\
\x20\x03\0\0\0\0\x7b\x16\xd0\x07\0\0\0\0\x79\x61\x18\x03\0\0\0\0\x7b\x16\xc8\
\x07\0\0\0\0\x79\x61\x10\x03\0\0\0\0\x7b\x16\xc0\x07\0\0\0\0\x79\x61\x08\x03\0\
\0\0\0\x7b\x16\xb8\x07\0\0\0\0\x79\x61\0\x03\0\0\0\0\x7b\x16\xb0\x07\0\0\0\0\
\x79\x61\xf8\x02\0\0\0\0\x7b\x16\xa8\x07\0\0\0\0\x79\x61\xf0\x02\0\0\0\0\x7b\
\x16\xa0\x07\0\0\0\0\x79\x61\xe8\x02\0\0\0\0\x7b\x16\x98\x07\0\0\0\0\x79\x61\
\xe0\x02\0\0\0\0\x7b\x16\x90\x07\0\0\0\0\x79\x61\xd8\x02\0\0\0\0\x7b\x16\x88\
\x07\0\0\0\0\x79\x61\xd0\x02\0\0\0\0\x7b\x16\x80\x07\0\0\0\0\x79\x61\xc8\x02\0\
\0\0\0\x7b\x16\x78\x07\0\0\0\0\x79\x61\xc0\x02\0\0\0\0\x7b\x16\x70\x07\0\0\0\0\
\x79\x61\xb8\x02\0\0\0\0\x7b\x16\x68\x07\0\0\0\0\x79\x61\xb0\x02\0\0\0\0\x7b\
\x16\x60\x07\0\0\0\0\x79\x61\xa8\x02\0\0\0\0\x7b\x16\x58\x07\0\0\0\0\x79\x61\
\xa0\x02\0\0\0\0\x7b\x16\x50\x07\0\0\0\0\x79\x61\x98\x02\0\0\0\0\x7b\x16\x48\
\x07\0\0\0\0\x79\x61\x90\x02\0\0\0\0\x7b\x16\x40\x07\0\0\0\0\x79\x61\x88\x02\0\
\0\0\0\x7b\x16\x38\x07\0\0\0\0\x79\x61\x80\x02\0\0\0\0\x7b\x16\x30\x07\0\0\0\0\
\x79\x61\x78\x02\0\0\0\0\x7b\x16\x28\x07\0\0\0\0\x79\x61\x70\x02\0\0\0\0\x7b\
\x16\x20\x07\0\0\0\0\x79\x61\x68\x02\0\0\0\0\x7b\x16\x18\x07\0\0\0\0\x79\x61\
\x60\x02\0\0\0\0\x7b\x16\x10\x07\0\0\0\0\x79\x61\x58\x02\0\0\0\0\x7b\x16\x08\
\x07\0\0\0\0\x79\x61\x50\x02\0\0\0\0\x7b\x16\0\x07\0\0\0\0\x79\x61\x48\x02\0\0\
\0\0\x7b\x16\xf8\x06\0\0\0\0\x79\x61\x40\x02\0\0\0\0\x7b\x16\xf0\x06\0\0\0\0\
\x79\x61\x38\x02\0\0\0\0\x7b\x16\xe8\x06\0\0\0\0\x79\x61\x30\x02\0\0\0\0\x7b\
\x16\xe0\x06\0\0\0\0\xb7\x01\0\0\x01\0\0\0\x73\x16\x58\x09\0\0\0\0\x79\x61\xa0\
\x04\0\0\0\0\x7b\x16\x50\x09\0\0\0\0\x79\x61\x98\x04\0\0\0\0\x7b\x16\x48\x09\0\
\0\0\0\x79\x61\x90\x04\0\0\0\0\x7b\x16\x40\x09\0\0\0\0\x79\x61\x88\x04\0\0\0\0\
\x7b\x16\x38\x09\0\0\0\0\x79\x61\x80\x04\0\0\0\0\x7b\x16\x30\x09\0\0\0\0\x79\
\x61\x78\x04\0\0\0\0\x7b\x16\x28\x09\0\0\0\0\x79\x61\x70\x04\0\0\0\0\x7b\x16\
\x20\x09\0\0\0\0\xbf\xa2\0\0\0\0\0\0\x07\x02\0\0\xb8\xff\xff\xff\x18\x01\0\0\0\
\0\0\0\0\0\0\0\0\0\0\0\xb7\x04\0\0\x01\0\0\0\x85\0\0\0\x02\0\0\0\x65\0\xc4\xfe\
\xff\xff\xff\xff\x18\x01\0\0\xb7\0\0\0\0\0\0\0\0\0\0\0\xb7\x02\0\0\x3c\0\0\0\
\x85\0\0\0\x06\0\0\0\x05\0\xbf\xfe\0\0\0\0\xb7\x02\0\0\x10\0\0\0\x79\x17\x10\0\
\0\0\0\0\xbf\x76\0\0\0\0\0\0\x0f\x26\0\0\0\0\0\0\xbf\xa1\0\0\0\0\0\0\x07\x01\0\
\0\xb8\xff\xff\xff\xb7\x02\0\0\x08\0\0\0\xbf\x63\0\0\0\0\0\0\x85\0\0\0\x71\0\0\
\0\x79\xa1\xb8\xff\0\0\0\0\x55\x01\x0f\0\0\0\0\0\xb7\x01\0\0\x58\0\0\0\xbf\x73\
\0\0\0\0\0\0\x0f\x13\0\0\0\0\0\0\xbf\xa1\0\0\0\0\0\0\x07\x01\0\0\xb8\xff\xff\
\xff\xb7\x02\0\0\x08\0\0\0\x85\0\0\0\x71\0\0\0\xb7\x01\0\0\0\0\0\0\x79\xa3\xb8\
\xff\0\0\0\0\x57\x03\0\0\xfe\xff\xff\xff\x0f\x13\0\0\0\0\0\0\xbf\xa1\0\0\0\0\0\
\0\x07\x01\0\0\xb8\xff\xff\xff\xb7\x02\0\0\x08\0\0\0\x85\0\0\0\x71\0\0\0\xbf\
\xa1\0\0\0\0\0\0\x07\x01\0\0\xb8\xff\xff\xff\xb7\x02\0\0\x08\0\0\0\xbf\x63\0\0\
\0\0\0\0\x85\0\0\0\x71\0\0\0\x79\xa3\xb8\xff\0\0\0\0\x55\x03\x16\0\0\0\0\0\xb7\
\x01\0\0\x58\0\0\0\xbf\x73\0\0\0\0\0\0\x0f\x13\0\0\0\0\0\0\xbf\xa1\0\0\0\0\0\0\
\x07\x01\0\0\xb8\xff\xff\xff\xb7\x02\0\0\x08\0\0\0\x85\0\0\0\x71\0\0\0\xb7\x01\
\0\0\0\0\0\0\x79\xa3\xb8\xff\0\0\0\0\x57\x03\0\0\xfe\xff\xff\xff\x0f\x13\0\0\0\
\0\0\0\xbf\xa1\0\0\0\0\0\0\x07\x01\0\0\xb8\xff\xff\xff\xb7\x02\0\0\x08\0\0\0\
\x85\0\0\0\x71\0\0\0\x79\xa3\xb8\xff\0\0\0\0\x55\x03\x05\0\0\0\0\0\x18\x01\0\0\
\x25\0\0\0\0\0\0\0\0\0\0\0\xb7\x02\0\0\x50\0\0\0\x85\0\0\0\x06\0\0\0\x05\0\x16\
\0\0\0\0\0\xb7\x01\0\0\xd0\0\0\0\x0f\x13\0\0\0\0\0\0\xbf\xa1\0\0\0\0\0\0\x07\
\x01\0\0\xf8\xff\xff\xff\xb7\x02\0\0\x04\0\0\0\x85\0\0\0\x71\0\0\0\x61\xa3\xf8\
\xff\0\0\0\0\x67\x03\0\0\x20\0\0\0\xc7\x03\0\0\x20\0\0\0\x7b\x3a\xb8\xff\0\0\0\
\0\x65\x03\x05\0\xff\xff\xff\xff\x18\x01\0\0\x75\0\0\0\0\0\0\0\0\0\0\0\xb7\x02\
\0\0\x42\0\0\0\x85\0\0\0\x06\0\0\0\x05\0\xc0\0\0\0\0\0\xbf\xa2\0\0\0\0\0\0\x07\
\x02\0\0\xb8\xff\xff\xff\x18\x01\0\0\0\0\0\0\0\0\0\0\0\0\0\0\x85\0\0\0\x01\0\0\
\0\x15\0\xba\0\0\0\0\0\x79\x72\x18\0\0\0\0\0\xb7\x08\0\0\0\0\0\0\x18\x01\0\0\0\
\0\0\0\0\0\0\0\0\0\0\0\xb7\x03\0\0\0\0\0\0\xb7\x04\0\0\0\0\0\0\x85\0\0\0\x6b\0\
\0\0\xbf\x06\0\0\0\0\0\0\x15\x06\xb1\0\0\0\0\0\x79\x61\x60\x09\0\0\0\0\x7b\x1a\
\xb8\xff\0\0\0\0\xbf\xa2\0\0\0\0\0\0\x07\x02\0\0\xb8\xff\xff\xff\x18\x01\0\0\0\
\0\0\0\0\0\0\0\0\0\0\0\xbf\x23\0\0\0\0\0\0\xb7\x04\0\0\x01\0\0\0\x85\0\0\0\x02\
\0\0\0\x7b\x8a\xe8\xff\0\0\0\0\x7b\x8a\xe0\xff\0\0\0\0\x7b\x8a\xd8\xff\0\0\0\0\
\x7b\x8a\xd0\xff\0\0\0\0\x7b\x8a\xc8\xff\0\0\0\0\x7b\x8a\xc0\xff\0\0\0\0\x79\
\x61\x60\x09\0\0\0\0\x7b\x1a\xf0\xff\0\0\0\0\x61\x61\x04\0\0\0\0\0\x63\x1a\xbc\
\xff\0\0\0\0\xb7\x01\0\0\xc0\0\0\0\xbf\x73\0\0\0\0\0\0\x0f\x13\0\0\0\0\0\0\xbf\
\xa1\0\0\0\0\0\0\x07\x01\0\0\xf8\xff\xff\xff\xb7\x02\0\0\x08\0\0\0\x85\0\0\0\
\x71\0\0\0\xb7\x01\0\0\xb4\0\0\0\xbf\x73\0\0\0\0\0\0\x0f\x13\0\0\0\0\0\0\x79\
\xa8\xf8\xff\0\0\0\0\xbf\xa1\0\0\0\0\0\0\x07\x01\0\0\xf8\xff\xff\xff\xb7\x09\0\
\0\x02\0\0\0\xb7\x02\0\0\x02\0\0\0\x85\0\0\0\x71\0\0\0\x69\xa1\xf8\xff\0\0\0\0\
\x0f\x18\0\0\0\0\0\0\xb7\x01\0\0\x09\0\0\0\xbf\x83\0\0\0\0\0\0\x0f\x13\0\0\0\0\
\0\0\xbf\xa1\0\0\0\0\0\0\x07\x01\0\0\xf8\xff\xff\xff\xb7\x02\0\0\x01\0\0\0\x85\
\0\0\0\x71\0\0\0\x63\x9a\xb8\xff\0\0\0\0\xb7\x01\0\0\x0c\0\0\0\xbf\x83\0\0\0\0\
\0\0\x0f\x13\0\0\0\0\0\0\x71\xa9\xf8\xff\0\0\0\0\xbf\xa1\0\0\0\0\0\0\x07\x01\0\
\0\xc0\xff\xff\xff\xb7\x02\0\0\x04\0\0\0\x85\0\0\0\x71\0\0\0\xb7\x01\0\0\x10\0\
\0\0\xbf\x83\0\0\0\0\0\0\x0f\x13\0\0\0\0\0\0\xbf\xa1\0\0\0\0\0\0\x07\x01\0\0\
\xf8\xff\xff\xff\xb7\x02\0\0\x04\0\0\0\x85\0\0\0\x71\0\0\0\x61\xa1\xf8\xff\0\0\
\0\0\x63\x1a\xd8\xff\0\0\0\0\xb7\x01\0\0\x02\0\0\0\x0f\x18\0\0\0\0\0\0\xbf\xa1\
\0\0\0\0\0\0\x07\x01\0\0\xf8\xff\xff\xff\xb7\x02\0\0\x02\0\0\0\xbf\x83\0\0\0\0\
\0\0\x85\0\0\0\x71\0\0\0\x69\xa1\xf8\xff\0\0\0\0\xbf\x18\0\0\0\0\0\0\xdc\x08\0\
\0\x10\0\0\0\x55\x01\x08\0\0\0\0\0\xb7\x01\0\0\x70\0\0\0\xbf\x73\0\0\0\0\0\0\
\x0f\x13\0\0\0\0\0\0\xbf\xa1\0\0\0\0\0\0\x07\x01\0\0\xf8\xff\xff\xff\xb7\x02\0\
\0\x04\0\0\0\x85\0\0\0\x71\0\0\0\x61\xa8\xf8\xff\0\0\0\0\x65\x09\x23\0\x10\0\0\
\0\x15\x09\x27\0\x01\0\0\0\x15\x09\x01\0\x06\0\0\0\x05\0\x51\0\0\0\0\0\xb7\x01\
\0\0\x06\0\0\0\x63\x1a\xbc\xff\0\0\0\0\xb7\x01\0\0\xc0\0\0\0\xbf\x73\0\0\0\0\0\
\0\x0f\x13\0\0\0\0\0\0\xbf\xa1\0\0\0\0\0\0\x07\x01\0\0\xf8\xff\xff\xff\xb7\x02\
\0\0\x08\0\0\0\x85\0\0\0\x71\0\0\0\xb7\x01\0\0\xb2\0\0\0\x0f\x17\0\0\0\0\0\0\
\xbf\x89\0\0\0\0\0\0\x79\xa8\xf8\xff\0\0\0\0\xbf\xa1\0\0\0\0\0\0\x07\x01\0\0\
\xf8\xff\xff\xff\xb7\x02\0\0\x02\0\0\0\xbf\x73\0\0\0\0\0\0\x85\0\0\0\x71\0\0\0\
\x69\xa1\xf8\xff\0\0\0\0\x0f\x18\0\0\0\0\0\0\xb7\x01\0\0\0\0\0\0\xbf\x83\0\0\0\
\0\0\0\x0f\x13\0\0\0\0\0\0\xbf\xa1\0\0\0\0\0\0\x07\x01\0\0\xf8\xff\xff\xff\xb7\
\x02\0\0\x02\0\0\0\x85\0\0\0\x71\0\0\0\x69\xa1\xf8\xff\0\0\0\0\xdc\x01\0\0\x10\
\0\0\0\x6b\x1a\xd0\xff\0\0\0\0\xb7\x01\0\0\x02\0\0\0\x05\0\x26\0\0\0\0\0\x15\
\x09\x06\0\x11\0\0\0\x15\x09\x01\0\xff\0\0\0\x05\0\x2e\0\0\0\0\0\xb7\x01\0\0\
\xfb\0\0\0\x05\0\x2d\0\0\0\0\0\xb7\x01\0\0\x01\0\0\0\x05\0\x2b\0\0\0\0\0\xb7\
\x01\0\0\x11\0\0\0\x63\x1a\xbc\xff\0\0\0\0\xb7\x01\0\0\xc0\0\0\0\xbf\x73\0\0\0\
\0\0\0\x0f\x13\0\0\0\0\0\0\xbf\xa1\0\0\0\0\0\0\x07\x01\0\0\xf8\xff\xff\xff\xb7\
\x02\0\0\x08\0\0\0\x85\0\0\0\x71\0\0\0\xb7\x01\0\0\xb2\0\0\0\x0f\x17\0\0\0\0\0\
\0\xbf\x89\0\0\0\0\0\0\x79\xa8\xf8\xff\0\0\0\0\xbf\xa1\0\0\0\0\0\0\x07\x01\0\0\
\xf8\xff\xff\xff\xb7\x02\0\0\x02\0\0\0\xbf\x73\0\0\0\0\0\0\x85\0\0\0\x71\0\0\0\
\x69\xa1\xf8\xff\0\0\0\0\x0f\x18\0\0\0\0\0\0\xb7\x01\0\0\0\0\0\0\xbf\x83\0\0\0\
\0\0\0\x0f\x13\0\0\0\0\0\0\xbf\xa1\0\0\0\0\0\0\x07\x01\0\0\xf8\xff\xff\xff\xb7\
\x02\0\0\x02\0\0\0\x85\0\0\0\x71\0\0\0\x69\xa1\xf8\xff\0\0\0\0\xdc\x01\0\0\x10\
\0\0\0\x6b\x1a\xd0\xff\0\0\0\0\xb7\x01\0\0\x02\0\0\0\x0f\x18\0\0\0\0\0\0\xbf\
\xa1\0\0\0\0\0\0\x07\x01\0\0\xf8\xff\xff\xff\xb7\x02\0\0\x02\0\0\0\xbf\x83\0\0\
\0\0\0\0\xbf\x98\0\0\0\0\0\0\x85\0\0\0\x71\0\0\0\x69\xa1\xf8\xff\0\0\0\0\xdc\
\x01\0\0\x10\0\0\0\x6b\x1a\xe8\xff\0\0\0\0\x05\0\x02\0\0\0\0\0\xb7\x01\0\0\xfc\
\0\0\0\x63\x1a\xbc\xff\0\0\0\0\xbf\xa2\0\0\0\0\0\0\x07\x02\0\0\xb8\xff\xff\xff\
\x18\x01\0\0\0\0\0\0\0\0\0\0\0\0\0\0\x85\0\0\0\x01\0\0\0\x15\0\x05\0\0\0\0\0\
\x61\x01\x04\0\0\0\0\0\x0f\x81\0\0\0\0\0\0\x63\x10\x04\0\0\0\0\0\xb7\0\0\0\0\0\
\0\0\x95\0\0\0\0\0\0\0\xb7\x01\0\0\x02\0\0\0\x63\x16\xa8\x04\0\0\0\0\xb7\x01\0\
\0\0\0\0\0\x63\x16\xb0\x04\0\0\0\0\x6b\x16\x58\x09\0\0\0\0\x63\x86\xac\x04\0\0\
\0\0\x79\x61\x08\0\0\0\0\0\x7b\x16\xb8\x04\0\0\0\0\x79\x61\x10\0\0\0\0\0\x7b\
\x16\xc0\x04\0\0\0\0\x79\x61\x18\0\0\0\0\0\x7b\x16\xc8\x04\0\0\0\0\x79\x61\x20\
\0\0\0\0\0\x7b\x16\xd0\x04\0\0\0\0\x79\x61\x28\0\0\0\0\0\x7b\x16\xd8\x04\0\0\0\
\0\x79\x61\x30\0\0\0\0\0\x7b\x16\xe0\x04\0\0\0\0\x79\x61\x38\0\0\0\0\0\x7b\x16\
\xe8\x04\0\0\0\0\x79\x61\x40\0\0\0\0\0\x7b\x16\xf0\x04\0\0\0\0\x79\x61\x48\0\0\
\0\0\0\x7b\x16\xf8\x04\0\0\0\0\x79\x61\x50\0\0\0\0\0\x7b\x16\0\x05\0\0\0\0\x79\
\x61\x58\0\0\0\0\0\x7b\x16\x08\x05\0\0\0\0\x79\x61\x60\0\0\0\0\0\x7b\x16\x10\
\x05\0\0\0\0\x79\x61\x68\0\0\0\0\0\x7b\x16\x18\x05\0\0\0\0\x79\x61\x70\0\0\0\0\
\0\x7b\x16\x20\x05\0\0\0\0\x79\x61\x78\0\0\0\0\0\x7b\x16\x28\x05\0\0\0\0\x79\
\x61\x80\0\0\0\0\0\x7b\x16\x30\x05\0\0\0\0\x79\x61\x88\0\0\0\0\0\x7b\x16\x38\
\x05\0\0\0\0\x79\x61\x90\0\0\0\0\0\x7b\x16\x40\x05\0\0\0\0\x79\x61\x98\0\0\0\0\
\0\x7b\x16\x48\x05\0\0\0\0\x79\x61\xa0\0\0\0\0\0\x7b\x16\x50\x05\0\0\0\0\x79\
\x61\xa8\0\0\0\0\0\x7b\x16\x58\x05\0\0\0\0\x79\x61\xb0\0\0\0\0\0\x7b\x16\x60\
\x05\0\0\0\0\x79\x61\xb8\0\0\0\0\0\x7b\x16\x68\x05\0\0\0\0\x79\x61\xc0\0\0\0\0\
\0\x7b\x16\x70\x05\0\0\0\0\x79\x61\xc8\0\0\0\0\0\x7b\x16\x78\x05\0\0\0\0\x79\
\x61\xd0\0\0\0\0\0\x7b\x16\x80\x05\0\0\0\0\x79\x61\xd8\0\0\0\0\0\x7b\x16\x88\
\x05\0\0\0\0\x79\x61\xe0\0\0\0\0\0\x7b\x16\x90\x05\0\0\0\0\x79\x61\xe8\0\0\0\0\
\0\x7b\x16\x98\x05\0\0\0\0\x79\x61\xf0\0\0\0\0\0\x7b\x16\xa0\x05\0\0\0\0\x79\
\x61\xf8\0\0\0\0\0\x7b\x16\xa8\x05\0\0\0\0\x79\x61\0\x01\0\0\0\0\x7b\x16\xb0\
\x05\0\0\0\0\x79\x61\x08\x01\0\0\0\0\x7b\x16\xb8\x05\0\0\0\0\x79\x61\x10\x01\0\
\0\0\0\x7b\x16\xc0\x05\0\0\0\0\x79\x61\x18\x01\0\0\0\0\x7b\x16\xc8\x05\0\0\0\0\
\x79\x61\x20\x01\0\0\0\0\x7b\x16\xd0\x05\0\0\0\0\x79\x61\x28\x01\0\0\0\0\x7b\
\x16\xd8\x05\0\0\0\0\x79\x61\x30\x01\0\0\0\0\x7b\x16\xe0\x05\0\0\0\0\x79\x61\
\x38\x01\0\0\0\0\x7b\x16\xe8\x05\0\0\0\0\x79\x61\x40\x01\0\0\0\0\x7b\x16\xf0\
\x05\0\0\0\0\x79\x61\x48\x01\0\0\0\0\x7b\x16\xf8\x05\0\0\0\0\x79\x61\x50\x01\0\
\0\0\0\x7b\x16\0\x06\0\0\0\0\x79\x61\x58\x01\0\0\0\0\x7b\x16\x08\x06\0\0\0\0\
\x79\x61\x60\x01\0\0\0\0\x7b\x16\x10\x06\0\0\0\0\x79\x61\x68\x01\0\0\0\0\x7b\
\x16\x18\x06\0\0\0\0\x79\x61\x70\x01\0\0\0\0\x7b\x16\x20\x06\0\0\0\0\x79\x61\
\x78\x01\0\0\0\0\x7b\x16\x28\x06\0\0\0\0\x79\x61\x80\x01\0\0\0\0\x7b\x16\x30\
\x06\0\0\0\0\x79\x61\x88\x01\0\0\0\0\x7b\x16\x38\x06\0\0\0\0\x79\x61\x90\x01\0\
\0\0\0\x7b\x16\x40\x06\0\0\0\0\x79\x61\x98\x01\0\0\0\0\x7b\x16\x48\x06\0\0\0\0\
\x79\x61\xa0\x01\0\0\0\0\x7b\x16\x50\x06\0\0\0\0\x79\x61\xa8\x01\0\0\0\0\x7b\
\x16\x58\x06\0\0\0\0\x79\x61\xb0\x01\0\0\0\0\x7b\x16\x60\x06\0\0\0\0\x79\x61\
\xb8\x01\0\0\0\0\x7b\x16\x68\x06\0\0\0\0\x79\x61\xc0\x01\0\0\0\0\x7b\x16\x70\
\x06\0\0\0\0\x79\x61\xc8\x01\0\0\0\0\x7b\x16\x78\x06\0\0\0\0\x79\x61\xd0\x01\0\
\0\0\0\x7b\x16\x80\x06\0\0\0\0\x79\x61\xd8\x01\0\0\0\0\x7b\x16\x88\x06\0\0\0\0\
\x79\x61\xe0\x01\0\0\0\0\x7b\x16\x90\x06\0\0\0\0\x79\x61\xe8\x01\0\0\0\0\x7b\
\x16\x98\x06\0\0\0\0\x79\x61\xf0\x01\0\0\0\0\x7b\x16\xa0\x06\0\0\0\0\x79\x61\
\xf8\x01\0\0\0\0\x7b\x16\xa8\x06\0\0\0\0\x79\x61\0\x02\0\0\0\0\x7b\x16\xb0\x06\
\0\0\0\0\x79\x61\x08\x02\0\0\0\0\x7b\x16\xb8\x06\0\0\0\0\x79\x61\x10\x02\0\0\0\
\0\x7b\x16\xc0\x06\0\0\0\0\x79\x61\x18\x02\0\0\0\0\x7b\x16\xc8\x06\0\0\0\0\x79\
\x61\x20\x02\0\0\0\0\x7b\x16\xd0\x06\0\0\0\0\x79\x61\x28\x02\0\0\0\0\x7b\x16\
\xd8\x06\0\0\0\0\xbf\x63\0\0\0\0\0\0\x07\x03\0\0\xa8\x04\0\0\x71\x61\x68\x09\0\
\0\0\0\x15\x01\xa0\0\0\0\0\0\x79\x61\x68\x04\0\0\0\0\x7b\x16\x18\x09\0\0\0\0\
\x79\x61\x60\x04\0\0\0\0\x7b\x16\x10\x09\0\0\0\0\x79\x61\x58\x04\0\0\0\0\x7b\
\x16\x08\x09\0\0\0\0\x79\x61\x50\x04\0\0\0\0\x7b\x16\0\x09\0\0\0\0\x79\x61\x48\
\x04\0\0\0\0\x7b\x16\xf8\x08\0\0\0\0\x79\x61\x40\x04\0\0\0\0\x7b\x16\xf0\x08\0\
\0\0\0\x79\x61\x38\x04\0\0\0\0\x7b\x16\xe8\x08\0\0\0\0\x79\x61\x30\x04\0\0\0\0\
\x7b\x16\xe0\x08\0\0\0\0\x79\x61\x28\x04\0\0\0\0\x7b\x16\xd8\x08\0\0\0\0\x79\
\x61\x20\x04\0\0\0\0\x7b\x16\xd0\x08\0\0\0\0\x79\x61\x18\x04\0\0\0\0\x7b\x16\
\xc8\x08\0\0\0\0\x79\x61\x10\x04\0\0\0\0\x7b\x16\xc0\x08\0\0\0\0\x79\x61\x08\
\x04\0\0\0\0\x7b\x16\xb8\x08\0\0\0\0\x79\x61\0\x04\0\0\0\0\x7b\x16\xb0\x08\0\0\
\0\0\x79\x61\xf8\x03\0\0\0\0\x7b\x16\xa8\x08\0\0\0\0\x79\x61\xf0\x03\0\0\0\0\
\x7b\x16\xa0\x08\0\0\0\0\x79\x61\xe8\x03\0\0\0\0\x7b\x16\x98\x08\0\0\0\0\x79\
\x61\xe0\x03\0\0\0\0\x7b\x16\x90\x08\0\0\0\0\x79\x61\xd8\x03\0\0\0\0\x7b\x16\
\x88\x08\0\0\0\0\x79\x61\xd0\x03\0\0\0\0\x7b\x16\x80\x08\0\0\0\0\x79\x61\xc8\
\x03\0\0\0\0\x7b\x16\x78\x08\0\0\0\0\x79\x61\xc0\x03\0\0\0\0\x7b\x16\x70\x08\0\
\0\0\0\x79\x61\xb8\x03\0\0\0\0\x7b\x16\x68\x08\0\0\0\0\x79\x61\xb0\x03\0\0\0\0\
\x7b\x16\x60\x08\0\0\0\0\x79\x61\xa8\x03\0\0\0\0\x7b\x16\x58\x08\0\0\0\0\x79\
\x61\xa0\x03\0\0\0\0\x7b\x16\x50\x08\0\0\0\0\x79\x61\x98\x03\0\0\0\0\x7b\x16\
\x48\x08\0\0\0\0\x79\x61\x90\x03\0\0\0\0\x7b\x16\x40\x08\0\0\0\0\x79\x61\x88\
\x03\0\0\0\0\x7b\x16\x38\x08\0\0\0\0\x79\x61\x80\x03\0\0\0\0\x7b\x16\x30\x08\0\
\0\0\0\x79\x61\x78\x03\0\0\0\0\x7b\x16\x28\x08\0\0\0\0\x79\x61\x70\x03\0\0\0\0\
\x7b\x16\x20\x08\0\0\0\0\x79\x61\x68\x03\0\0\0\0\x7b\x16\x18\x08\0\0\0\0\x79\
\x61\x60\x03\0\0\0\0\x7b\x16\x10\x08\0\0\0\0\x79\x61\x58\x03\0\0\0\0\x7b\x16\
\x08\x08\0\0\0\0\x79\x61\x50\x03\0\0\0\0\x7b\x16\0\x08\0\0\0\0\x79\x61\x48\x03\
\0\0\0\0\x7b\x16\xf8\x07\0\0\0\0\x79\x61\x40\x03\0\0\0\0\x7b\x16\xf0\x07\0\0\0\
\0\x79\x61\x38\x03\0\0\0\0\x7b\x16\xe8\x07\0\0\0\0\x79\x61\x30\x03\0\0\0\0\x7b\
\x16\xe0\x07\0\0\0\0\x79\x61\x28\x03\0\0\0\0\x7b\x16\xd8\x07\0\0\0\0\x79\x61\
\x20\x03\0\0\0\0\x7b\x16\xd0\x07\0\0\0\0\x79\x61\x18\x03\0\0\0\0\x7b\x16\xc8\
\x07\0\0\0\0\x79\x61\x10\x03\0\0\0\0\x7b\x16\xc0\x07\0\0\0\0\x79\x61\x08\x03\0\
\0\0\0\x7b\x16\xb8\x07\0\0\0\0\x79\x61\0\x03\0\0\0\0\x7b\x16\xb0\x07\0\0\0\0\
\x79\x61\xf8\x02\0\0\0\0\x7b\x16\xa8\x07\0\0\0\0\x79\x61\xf0\x02\0\0\0\0\x7b\
\x16\xa0\x07\0\0\0\0\x79\x61\xe8\x02\0\0\0\0\x7b\x16\x98\x07\0\0\0\0\x79\x61\
\xe0\x02\0\0\0\0\x7b\x16\x90\x07\0\0\0\0\x79\x61\xd8\x02\0\0\0\0\x7b\x16\x88\
\x07\0\0\0\0\x79\x61\xd0\x02\0\0\0\0\x7b\x16\x80\x07\0\0\0\0\x79\x61\xc8\x02\0\
\0\0\0\x7b\x16\x78\x07\0\0\0\0\x79\x61\xc0\x02\0\0\0\0\x7b\x16\x70\x07\0\0\0\0\
\x79\x61\xb8\x02\0\0\0\0\x7b\x16\x68\x07\0\0\0\0\x79\x61\xb0\x02\0\0\0\0\x7b\
\x16\x60\x07\0\0\0\0\x79\x61\xa8\x02\0\0\0\0\x7b\x16\x58\x07\0\0\0\0\x79\x61\
\xa0\x02\0\0\0\0\x7b\x16\x50\x07\0\0\0\0\x79\x61\x98\x02\0\0\0\0\x7b\x16\x48\
\x07\0\0\0\0\x79\x61\x90\x02\0\0\0\0\x7b\x16\x40\x07\0\0\0\0\x79\x61\x88\x02\0\
\0\0\0\x7b\x16\x38\x07\0\0\0\0\x79\x61\x80\x02\0\0\0\0\x7b\x16\x30\x07\0\0\0\0\
\x79\x61\x78\x02\0\0\0\0\x7b\x16\x28\x07\0\0\0\0\x79\x61\x70\x02\0\0\0\0\x7b\
\x16\x20\x07\0\0\0\0\x79\x61\x68\x02\0\0\0\0\x7b\x16\x18\x07\0\0\0\0\x79\x61\
\x60\x02\0\0\0\0\x7b\x16\x10\x07\0\0\0\0\x79\x61\x58\x02\0\0\0\0\x7b\x16\x08\
\x07\0\0\0\0\x79\x61\x50\x02\0\0\0\0\x7b\x16\0\x07\0\0\0\0\x79\x61\x48\x02\0\0\
\0\0\x7b\x16\xf8\x06\0\0\0\0\x79\x61\x40\x02\0\0\0\0\x7b\x16\xf0\x06\0\0\0\0\
\x79\x61\x38\x02\0\0\0\0\x7b\x16\xe8\x06\0\0\0\0\x79\x61\x30\x02\0\0\0\0\x7b\
\x16\xe0\x06\0\0\0\0\xb7\x01\0\0\x01\0\0\0\x73\x16\x58\x09\0\0\0\0\x79\x61\xa0\
\x04\0\0\0\0\x7b\x16\x50\x09\0\0\0\0\x79\x61\x98\x04\0\0\0\0\x7b\x16\x48\x09\0\
\0\0\0\x79\x61\x90\x04\0\0\0\0\x7b\x16\x40\x09\0\0\0\0\x79\x61\x88\x04\0\0\0\0\
\x7b\x16\x38\x09\0\0\0\0\x79\x61\x80\x04\0\0\0\0\x7b\x16\x30\x09\0\0\0\0\x79\
\x61\x78\x04\0\0\0\0\x7b\x16\x28\x09\0\0\0\0\x79\x61\x70\x04\0\0\0\0\x7b\x16\
\x20\x09\0\0\0\0\xbf\xa2\0\0\0\0\0\0\x07\x02\0\0\xb8\xff\xff\xff\x18\x01\0\0\0\
\0\0\0\0\0\0\0\0\0\0\0\xb7\x04\0\0\x01\0\0\0\x85\0\0\0\x02\0\0\0\x65\0\xc3\xfe\
\xff\xff\xff\xff\x18\x01\0\0\xb7\0\0\0\0\0\0\0\0\0\0\0\xb7\x02\0\0\x3c\0\0\0\
\x85\0\0\0\x06\0\0\0\x05\0\xbe\xfe\0\0\0\0\xb7\x02\0\0\x10\0\0\0\x79\x18\x10\0\
\0\0\0\0\xbf\x86\0\0\0\0\0\0\x0f\x26\0\0\0\0\0\0\xbf\xa1\0\0\0\0\0\0\x07\x01\0\
\0\xb0\xff\xff\xff\xb7\x02\0\0\x08\0\0\0\xbf\x63\0\0\0\0\0\0\x85\0\0\0\x71\0\0\
\0\x79\xa1\xb0\xff\0\0\0\0\x55\x01\x0f\0\0\0\0\0\xb7\x01\0\0\x58\0\0\0\xbf\x83\
\0\0\0\0\0\0\x0f\x13\0\0\0\0\0\0\xbf\xa1\0\0\0\0\0\0\x07\x01\0\0\xb0\xff\xff\
\xff\xb7\x02\0\0\x08\0\0\0\x85\0\0\0\x71\0\0\0\xb7\x01\0\0\0\0\0\0\x79\xa3\xb0\
\xff\0\0\0\0\x57\x03\0\0\xfe\xff\xff\xff\x0f\x13\0\0\0\0\0\0\xbf\xa1\0\0\0\0\0\
\0\x07\x01\0\0\xb0\xff\xff\xff\xb7\x02\0\0\x08\0\0\0\x85\0\0\0\x71\0\0\0\xbf\
\xa1\0\0\0\0\0\0\x07\x01\0\0\xb0\xff\xff\xff\xb7\x02\0\0\x08\0\0\0\xbf\x63\0\0\
\0\0\0\0\x85\0\0\0\x71\0\0\0\x79\xa3\xb0\xff\0\0\0\0\x55\x03\x16\0\0\0\0\0\xb7\
\x01\0\0\x58\0\0\0\xbf\x83\0\0\0\0\0\0\x0f\x13\0\0\0\0\0\0\xbf\xa1\0\0\0\0\0\0\
\x07\x01\0\0\xb0\xff\xff\xff\xb7\x02\0\0\x08\0\0\0\x85\0\0\0\x71\0\0\0\xb7\x01\
\0\0\0\0\0\0\x79\xa3\xb0\xff\0\0\0\0\x57\x03\0\0\xfe\xff\xff\xff\x0f\x13\0\0\0\
\0\0\0\xbf\xa1\0\0\0\0\0\0\x07\x01\0\0\xb0\xff\xff\xff\xb7\x02\0\0\x08\0\0\0\
\x85\0\0\0\x71\0\0\0\x79\xa3\xb0\xff\0\0\0\0\x55\x03\x05\0\0\0\0\0\x18\x01\0\0\
\x25\0\0\0\0\0\0\0\0\0\0\0\xb7\x02\0\0\x50\0\0\0\x85\0\0\0\x06\0\0\0\x05\0\x16\
\0\0\0\0\0\xb7\x01\0\0\xd0\0\0\0\x0f\x13\0\0\0\0\0\0\xbf\xa1\0\0\0\0\0\0\x07\
\x01\0\0\xf8\xff\xff\xff\xb7\x02\0\0\x04\0\0\0\x85\0\0\0\x71\0\0\0\x61\xa3\xf8\
\xff\0\0\0\0\x67\x03\0\0\x20\0\0\0\xc7\x03\0\0\x20\0\0\0\x7b\x3a\xb0\xff\0\0\0\
\0\x65\x03\x05\0\xff\xff\xff\xff\x18\x01\0\0\x75\0\0\0\0\0\0\0\0\0\0\0\xb7\x02\
\0\0\x42\0\0\0\x85\0\0\0\x06\0\0\0\x05\0\x63\x01\0\0\0\0\xbf\xa2\0\0\0\0\0\0\
\x07\x02\0\0\xb0\xff\xff\xff\x18\x01\0\0\0\0\0\0\0\0\0\0\0\0\0\0\x85\0\0\0\x01\
\0\0\0\x15\0\x5d\x01\0\0\0\0\x79\x82\x18\0\0\0\0\0\xb7\x06\0\0\0\0\0\0\x18\x01\
\0\0\0\0\0\0\0\0\0\0\0\0\0\0\xb7\x03\0\0\0\0\0\0\xb7\x04\0\0\0\0\0\0\x85\0\0\0\
\x6b\0\0\0\x15\0\x55\x01\0\0\0\0\x7b\x0a\x78\xff\0\0\0\0\xbf\x07\0\0\0\0\0\0\
\x79\x71\x60\x09\0\0\0\0\x7b\x1a\xb0\xff\0\0\0\0\xbf\xa2\0\0\0\0\0\0\x07\x02\0\
\0\xb0\xff\xff\xff\x18\x01\0\0\0\0\0\0\0\0\0\0\0\0\0\0\xbf\x23\0\0\0\0\0\0\xb7\
\x04\0\0\x01\0\0\0\x85\0\0\0\x02\0\0\0\x7b\x6a\xe0\xff\0\0\0\0\x7b\x6a\xd8\xff\
\0\0\0\0\x7b\x6a\xd0\xff\0\0\0\0\x7b\x6a\xc8\xff\0\0\0\0\x7b\x6a\xc0\xff\0\0\0\
\0\x7b\x6a\xb8\xff\0\0\0\0\x79\x71\x60\x09\0\0\0\0\x7b\x1a\xe8\xff\0\0\0\0\x61\
\x71\0\0\0\0\0\0\x63\x1a\xb0\xff\0\0\0\0\x7b\x7a\x70\xff\0\0\0\0\x61\x71\x04\0\
\0\0\0\0\x63\x1a\xb4\xff\0\0\0\0\xb7\x01\0\0\xc0\0\0\0\xbf\x82\0\0\0\0\0\0\xbf\
\x27\0\0\0\0\0\0\x7b\x7a\x98\xff\0\0\0\0\x0f\x18\0\0\0\0\0\0\xbf\xa1\0\0\0\0\0\
\0\x07\x01\0\0\xf8\xff\xff\xff\xb7\x02\0\0\x08\0\0\0\xbf\x83\0\0\0\0\0\0\x85\0\
\0\0\x71\0\0\0\xb7\x01\0\0\xb4\0\0\0\xbf\x79\0\0\0\0\0\0\x0f\x19\0\0\0\0\0\0\
\x79\xa6\xf8\xff\0\0\0\0\xbf\xa1\0\0\0\0\0\0\x07\x01\0\0\xf8\xff\xff\xff\xb7\
\x02\0\0\x02\0\0\0\xbf\x93\0\0\0\0\0\0\x85\0\0\0\x71\0\0\0\xb7\x01\0\0\x18\0\0\
\0\xbf\x73\0\0\0\0\0\0\x0f\x13\0\0\0\0\0\0\x69\xa7\xf8\xff\0\0\0\0\xbf\xa1\0\0\
\0\0\0\0\x07\x01\0\0\xf8\xff\xff\xff\xb7\x02\0\0\x08\0\0\0\x85\0\0\0\x71\0\0\0\
\x0f\x76\0\0\0\0\0\0\xb7\x01\0\0\x08\0\0\0\xbf\x63\0\0\0\0\0\0\x0f\x13\0\0\0\0\
\0\0\x79\xa1\xf8\xff\0\0\0\0\x7b\x1a\x68\xff\0\0\0\0\xbf\xa1\0\0\0\0\0\0\x07\
\x01\0\0\xb8\xff\xff\xff\xb7\x02\0\0\x10\0\0\0\x85\0\0\0\x71\0\0\0\xb7\x01\0\0\
\x0a\0\0\0\x63\x1a\xb0\xff\0\0\0\0\xb7\x01\0\0\x18\0\0\0\xbf\x63\0\0\0\0\0\0\
\x0f\x13\0\0\0\0\0\0\xbf\xa1\0\0\0\0\0\0\x07\x01\0\0\xd0\xff\xff\xff\xb7\x02\0\
\0\x10\0\0\0\x85\0\0\0\x71\0\0\0\xb7\x01\0\0\x04\0\0\0\x0f\x16\0\0\0\0\0\0\xbf\
\xa1\0\0\0\0\0\0\x07\x01\0\0\xf8\xff\xff\xff\xb7\x02\0\0\x02\0\0\0\xbf\x63\0\0\
\0\0\0\0\x85\0\0\0\x71\0\0\0\x69\xa1\xf8\xff\0\0\0\0\x7b\x1a\x80\xff\0\0\0\0\
\xbf\xa1\0\0\0\0\0\0\x07\x01\0\0\xf8\xff\xff\xff\xb7\x02\0\0\x08\0\0\0\xbf\x83\
\0\0\0\0\0\0\x85\0\0\0\x71\0\0\0\x79\xa7\xf8\xff\0\0\0\0\xbf\xa1\0\0\0\0\0\0\
\x07\x01\0\0\xf8\xff\xff\xff\xb7\x02\0\0\x02\0\0\0\xbf\x93\0\0\0\0\0\0\x85\0\0\
\0\x71\0\0\0\xb7\x01\0\0\xc8\0\0\0\x79\xa3\x98\xff\0\0\0\0\x0f\x13\0\0\0\0\0\0\
\x69\xa1\xf8\xff\0\0\0\0\x7b\x1a\xa8\xff\0\0\0\0\xbf\xa1\0\0\0\0\0\0\x07\x01\0\
\0\xf8\xff\xff\xff\xb7\x02\0\0\x08\0\0\0\x85\0\0\0\x71\0\0\0\x79\xa1\xf8\xff\0\
\0\0\0\x7b\x1a\xa0\xff\0\0\0\0\xbf\xa1\0\0\0\0\0\0\x07\x01\0\0\xf8\xff\xff\xff\
\xb7\x02\0\0\x08\0\0\0\xbf\x83\0\0\0\0\0\0\x85\0\0\0\x71\0\0\0\x79\xa6\xf8\xff\
\0\0\0\0\xbf\xa1\0\0\0\0\0\0\x07\x01\0\0\xf8\xff\xff\xff\xb7\x02\0\0\x02\0\0\0\
\xbf\x93\0\0\0\0\0\0\x85\0\0\0\x71\0\0\0\x69\xa1\xf8\xff\0\0\0\0\x0f\x16\0\0\0\
\0\0\0\xb7\x01\0\0\x06\0\0\0\x0f\x16\0\0\0\0\0\0\xbf\xa1\0\0\0\0\0\0\x07\x01\0\
\0\xf8\xff\xff\xff\xb7\x02\0\0\x01\0\0\0\xbf\x63\0\0\0\0\0\0\x85\0\0\0\x71\0\0\
\0\x79\xa1\xa8\xff\0\0\0\0\x0f\x17\0\0\0\0\0\0\x79\xa1\xa0\xff\0\0\0\0\x1f\x17\
\0\0\0\0\0\0\xb7\x04\0\0\xff\0\0\0\x07\x07\0\0\x28\0\0\0\x71\xa8\xf8\xff\0\0\0\
\0\xb7\x01\0\0\x70\0\0\0\x79\xa3\x98\xff\0\0\0\0\xbf\x32\0\0\0\0\0\0\x0f\x12\0\
\0\0\0\0\0\x7b\x2a\x90\xff\0\0\0\0\xb7\x01\0\0\x74\0\0\0\xbf\x32\0\0\0\0\0\0\
\x0f\x12\0\0\0\0\0\0\x7b\x2a\x88\xff\0\0\0\0\x05\0\x1a\0\0\0\0\0\xbf\x63\0\0\0\
\0\0\0\xb7\x01\0\0\x01\0\0\0\x0f\x13\0\0\0\0\0\0\xbf\xa1\0\0\0\0\0\0\x07\x01\0\
\0\xf8\xff\xff\xff\xb7\x02\0\0\x01\0\0\0\x85\0\0\0\x71\0\0\0\x71\xa7\xf8\xff\0\
\0\0\0\x67\x07\0\0\x03\0\0\0\x07\x07\0\0\x08\0\0\0\xb7\x01\0\0\0\0\0\0\x0f\x16\
\0\0\0\0\0\0\xbf\xa1\0\0\0\0\0\0\x07\x01\0\0\xf8\xff\xff\xff\xb7\x02\0\0\x01\0\
\0\0\xbf\x63\0\0\0\0\0\0\x85\0\0\0\x71\0\0\0\x79\xa1\xa8\xff\0\0\0\0\x0f\x17\0\
\0\0\0\0\0\x71\xa8\xf8\xff\0\0\0\0\x79\xa4\xa0\xff\0\0\0\0\x07\x04\0\0\xff\xff\
\xff\xff\xbf\x41\0\0\0\0\0\0\x67\x01\0\0\x20\0\0\0\x77\x01\0\0\x20\0\0\0\x15\
\x01\x47\0\0\0\0\0\xbf\x81\0\0\0\0\0\0\x57\x01\0\0\xff\0\0\0\x15\x01\x0a\0\0\0\
\0\0\xbf\x82\0\0\0\0\0\0\x25\x01\x41\0\x3c\0\0\0\xb7\x03\0\0\x01\0\0\0\x6f\x13\
\0\0\0\0\0\0\x18\x01\0\0\0\0\0\0\0\0\0\0\0\x18\x08\x10\x5f\x13\0\0\0\0\0\0\xbf\
\x82\0\0\0\0\0\0\x55\x03\x03\0\0\0\0\0\x05\0\x39\0\0\0\0\0\xb7\x02\0\0\x3b\0\0\
\0\x15\x01\x37\0\x3b\0\0\0\x7b\x4a\xa0\xff\0\0\0\0\x79\xa9\x98\xff\0\0\0\0\xbf\
\x93\0\0\0\0\0\0\xb7\x01\0\0\xc8\0\0\0\x0f\x13\0\0\0\0\0\0\xbf\xa1\0\0\0\0\0\0\
\x07\x01\0\0\xf8\xff\xff\xff\xb7\x02\0\0\x08\0\0\0\x7b\x7a\xa8\xff\0\0\0\0\x85\
\0\0\0\x71\0\0\0\x79\xa6\xf8\xff\0\0\0\0\xbf\xa1\0\0\0\0\0\0\x07\x01\0\0\xf8\
\xff\xff\xff\xb7\x02\0\0\x04\0\0\0\x79\xa3\x90\xff\0\0\0\0\x85\0\0\0\x71\0\0\0\
\x61\xa7\xf8\xff\0\0\0\0\xbf\xa1\0\0\0\0\0\0\x07\x01\0\0\xf8\xff\xff\xff\xb7\
\x02\0\0\x04\0\0\0\x79\xa3\x88\xff\0\0\0\0\x85\0\0\0\x71\0\0\0\x79\xa3\xa8\xff\
\0\0\0\0\x61\xa1\xf8\xff\0\0\0\0\xbf\x32\0\0\0\0\0\0\x0f\x12\0\0\0\0\0\0\x1f\
\x27\0\0\0\0\0\0\x67\x07\0\0\x20\0\0\0\xc7\x07\0\0\x20\0\0\0\x65\x07\x04\0\x01\
\0\0\0\xbf\xa6\0\0\0\0\0\0\x07\x06\0\0\xf6\xff\xff\xff\x15\x09\x14\0\0\0\0\0\
\x05\0\x05\0\0\0\0\0\xbf\x31\0\0\0\0\0\0\x67\x01\0\0\x20\0\0\0\xc7\x01\0\0\x20\
\0\0\0\x0f\x16\0\0\0\0\0\0\x15\x06\x0e\0\0\0\0\0\xb7\x07\0\0\x08\0\0\0\x57\x08\
\0\0\xff\0\0\0\x15\x08\xb7\xff\x2c\0\0\0\x55\x08\xac\xff\x33\0\0\0\xbf\x63\0\0\
\0\0\0\0\xb7\x01\0\0\x01\0\0\0\x0f\x13\0\0\0\0\0\0\xbf\xa1\0\0\0\0\0\0\x07\x01\
\0\0\xf8\xff\xff\xff\xb7\x02\0\0\x01\0\0\0\x85\0\0\0\x71\0\0\0\x71\xa7\xf8\xff\
\0\0\0\0\x67\x07\0\0\x02\0\0\0\x05\0\xab\xff\0\0\0\0\xb7\x01\0\0\xfc\0\0\0\x05\
\0\x06\0\0\0\0\0\xbf\x28\0\0\0\0\0\0\x57\x08\0\0\xff\0\0\0\x15\x08\x06\0\x06\0\
\0\0\x15\x08\x25\0\x11\0\0\0\x55\x08\x4e\0\x3a\0\0\0\xb7\x01\0\0\x01\0\0\0\x63\
\x1a\xb4\xff\0\0\0\0\x79\xa6\x80\xff\0\0\0\0\x05\0\x58\0\0\0\0\0\xb7\x01\0\0\
\x06\0\0\0\x63\x1a\xb4\xff\0\0\0\0\xb7\x01\0\0\xc0\0\0\0\x79\xa7\x98\xff\0\0\0\
\0\xbf\x73\0\0\0\0\0\0\x0f\x13\0\0\0\0\0\0\xbf\xa1\0\0\0\0\0\0\x07\x01\0\0\xf8\
\xff\xff\xff\xb7\x02\0\0\x08\0\0\0\x85\0\0\0\x71\0\0\0\xb7\x01\0\0\xb2\0\0\0\
\x0f\x17\0\0\0\0\0\0\x79\xa6\xf8\xff\0\0\0\0\xbf\xa1\0\0\0\0\0\0\x07\x01\0\0\
\xf8\xff\xff\xff\xb7\x02\0\0\x02\0\0\0\xbf\x73\0\0\0\0\0\0\x85\0\0\0\x71\0\0\0\
\x69\xa1\xf8\xff\0\0\0\0\x0f\x16\0\0\0\0\0\0\xb7\x01\0\0\0\0\0\0\xbf\x63\0\0\0\
\0\0\0\x0f\x13\0\0\0\0\0\0\xbf\xa1\0\0\0\0\0\0\x07\x01\0\0\xf8\xff\xff\xff\xb7\
\x02\0\0\x02\0\0\0\x85\0\0\0\x71\0\0\0\x69\xa1\xf8\xff\0\0\0\0\xdc\x01\0\0\x10\
\0\0\0\x6b\x1a\xc8\xff\0\0\0\0\xb7\x01\0\0\x02\0\0\0\x05\0\x1f\0\0\0\0\0\xb7\
\x01\0\0\x11\0\0\0\x63\x1a\xb4\xff\0\0\0\0\xb7\x01\0\0\xc0\0\0\0\x79\xa7\x98\
\xff\0\0\0\0\xbf\x73\0\0\0\0\0\0\x0f\x13\0\0\0\0\0\0\xbf\xa1\0\0\0\0\0\0\x07\
\x01\0\0\xf8\xff\xff\xff\xb7\x02\0\0\x08\0\0\0\x85\0\0\0\x71\0\0\0\xb7\x01\0\0\
\xb2\0\0\0\x0f\x17\0\0\0\0\0\0\x79\xa6\xf8\xff\0\0\0\0\xbf\xa1\0\0\0\0\0\0\x07\
\x01\0\0\xf8\xff\xff\xff\xb7\x02\0\0\x02\0\0\0\xbf\x73\0\0\0\0\0\0\x85\0\0\0\
\x71\0\0\0\x69\xa1\xf8\xff\0\0\0\0\x0f\x16\0\0\0\0\0\0\xb7\x01\0\0\0\0\0\0\xbf\
\x63\0\0\0\0\0\0\x0f\x13\0\0\0\0\0\0\xbf\xa1\0\0\0\0\0\0\x07\x01\0\0\xf8\xff\
\xff\xff\xb7\x02\0\0\x02\0\0\0\x85\0\0\0\x71\0\0\0\x69\xa1\xf8\xff\0\0\0\0\xdc\
\x01\0\0\x10\0\0\0\x6b\x1a\xc8\xff\0\0\0\0\xb7\x01\0\0\x02\0\0\0\x0f\x16\0\0\0\
\0\0\0\xbf\xa1\0\0\0\0\0\0\x07\x01\0\0\xf8\xff\xff\xff\xb7\x02\0\0\x02\0\0\0\
\xbf\x63\0\0\0\0\0\0\x85\0\0\0\x71\0\0\0\x69\xa1\xf8\xff\0\0\0\0\xdc\x01\0\0\
\x10\0\0\0\x6b\x1a\xe0\xff\0\0\0\0\x79\xa6\x80\xff\0\0\0\0\x05\0\x0e\0\0\0\0\0\
\xb7\x01\0\0\x22\x02\0\0\x79\xa3\x68\xff\0\0\0\0\x0f\x13\0\0\0\0\0\0\xbf\xa1\0\
\0\0\0\0\0\x07\x01\0\0\xf8\xff\xff\xff\xb7\x02\0\0\x02\0\0\0\x85\0\0\0\x71\0\0\
\0\x69\xa1\xf8\xff\0\0\0\0\x79\xa6\x80\xff\0\0\0\0\x55\x01\x02\0\x03\0\0\0\xb7\
\x01\0\0\xfb\0\0\0\x05\0\x01\0\0\0\0\0\xb7\x01\0\0\xfc\0\0\0\x63\x1a\xb4\xff\0\
\0\0\0\xbf\xa2\0\0\0\0\0\0\x07\x02\0\0\xb0\xff\xff\xff\x18\x01\0\0\0\0\0\0\0\0\
\0\0\0\0\0\0\x85\0\0\0\x01\0\0\0\xdc\x06\0\0\x10\0\0\0\x15\0\x05\0\0\0\0\0\x61\
\x01\x04\0\0\0\0\0\x0f\x61\0\0\0\0\0\0\x63\x10\x04\0\0\0\0\0\xb7\0\0\0\0\0\0\0\
\x95\0\0\0\0\0\0\0\xb7\x01\0\0\x02\0\0\0\x79\xa2\x70\xff\0\0\0\0\x63\x12\xa8\
\x04\0\0\0\0\xb7\x01\0\0\0\0\0\0\x63\x12\xb0\x04\0\0\0\0\x6b\x12\x58\x09\0\0\0\
\0\x63\x62\xac\x04\0\0\0\0\x79\x21\x08\0\0\0\0\0\x7b\x12\xb8\x04\0\0\0\0\x79\
\x21\x10\0\0\0\0\0\x7b\x12\xc0\x04\0\0\0\0\x79\x21\x18\0\0\0\0\0\x7b\x12\xc8\
\x04\0\0\0\0\x79\x21\x20\0\0\0\0\0\x7b\x12\xd0\x04\0\0\0\0\x79\x21\x28\0\0\0\0\
\0\x7b\x12\xd8\x04\0\0\0\0\x79\x21\x30\0\0\0\0\0\x7b\x12\xe0\x04\0\0\0\0\x79\
\x21\x38\0\0\0\0\0\x7b\x12\xe8\x04\0\0\0\0\x79\x21\x40\0\0\0\0\0\x7b\x12\xf0\
\x04\0\0\0\0\x79\x21\x48\0\0\0\0\0\x7b\x12\xf8\x04\0\0\0\0\x79\x21\x50\0\0\0\0\
\0\x7b\x12\0\x05\0\0\0\0\x79\x21\x58\0\0\0\0\0\x7b\x12\x08\x05\0\0\0\0\x79\x21\
\x60\0\0\0\0\0\x7b\x12\x10\x05\0\0\0\0\x79\x21\x68\0\0\0\0\0\x7b\x12\x18\x05\0\
\0\0\0\x79\x21\x70\0\0\0\0\0\x7b\x12\x20\x05\0\0\0\0\x79\x21\x78\0\0\0\0\0\x7b\
\x12\x28\x05\0\0\0\0\x79\x21\x80\0\0\0\0\0\x7b\x12\x30\x05\0\0\0\0\x79\x21\x88\
\0\0\0\0\0\x7b\x12\x38\x05\0\0\0\0\x79\x21\x90\0\0\0\0\0\x7b\x12\x40\x05\0\0\0\
\0\x79\x21\x98\0\0\0\0\0\x7b\x12\x48\x05\0\0\0\0\x79\x21\xa0\0\0\0\0\0\x7b\x12\
\x50\x05\0\0\0\0\x79\x21\xa8\0\0\0\0\0\x7b\x12\x58\x05\0\0\0\0\x79\x21\xb0\0\0\
\0\0\0\x7b\x12\x60\x05\0\0\0\0\x79\x21\xb8\0\0\0\0\0\x7b\x12\x68\x05\0\0\0\0\
\x79\x21\xc0\0\0\0\0\0\x7b\x12\x70\x05\0\0\0\0\x79\x21\xc8\0\0\0\0\0\x7b\x12\
\x78\x05\0\0\0\0\x79\x21\xd0\0\0\0\0\0\x7b\x12\x80\x05\0\0\0\0\x79\x21\xd8\0\0\
\0\0\0\x7b\x12\x88\x05\0\0\0\0\x79\x21\xe0\0\0\0\0\0\x7b\x12\x90\x05\0\0\0\0\
\x79\x21\xe8\0\0\0\0\0\x7b\x12\x98\x05\0\0\0\0\x79\x21\xf0\0\0\0\0\0\x7b\x12\
\xa0\x05\0\0\0\0\x79\x21\xf8\0\0\0\0\0\x7b\x12\xa8\x05\0\0\0\0\x79\x21\0\x01\0\
\0\0\0\x7b\x12\xb0\x05\0\0\0\0\x79\x21\x08\x01\0\0\0\0\x7b\x12\xb8\x05\0\0\0\0\
\x79\x21\x10\x01\0\0\0\0\x7b\x12\xc0\x05\0\0\0\0\x79\x21\x18\x01\0\0\0\0\x7b\
\x12\xc8\x05\0\0\0\0\x79\x21\x20\x01\0\0\0\0\x7b\x12\xd0\x05\0\0\0\0\x79\x21\
\x28\x01\0\0\0\0\x7b\x12\xd8\x05\0\0\0\0\x79\x21\x30\x01\0\0\0\0\x7b\x12\xe0\
\x05\0\0\0\0\x79\x21\x38\x01\0\0\0\0\x7b\x12\xe8\x05\0\0\0\0\x79\x21\x40\x01\0\
\0\0\0\x7b\x12\xf0\x05\0\0\0\0\x79\x21\x48\x01\0\0\0\0\x7b\x12\xf8\x05\0\0\0\0\
\x79\x21\x50\x01\0\0\0\0\x7b\x12\0\x06\0\0\0\0\x79\x21\x58\x01\0\0\0\0\x7b\x12\
\x08\x06\0\0\0\0\x79\x21\x60\x01\0\0\0\0\x7b\x12\x10\x06\0\0\0\0\x79\x21\x68\
\x01\0\0\0\0\x7b\x12\x18\x06\0\0\0\0\x79\x21\x70\x01\0\0\0\0\x7b\x12\x20\x06\0\
\0\0\0\x79\x21\x78\x01\0\0\0\0\x7b\x12\x28\x06\0\0\0\0\x79\x21\x80\x01\0\0\0\0\
\x7b\x12\x30\x06\0\0\0\0\x79\x21\x88\x01\0\0\0\0\x7b\x12\x38\x06\0\0\0\0\x79\
\x21\x90\x01\0\0\0\0\x7b\x12\x40\x06\0\0\0\0\x79\x21\x98\x01\0\0\0\0\x7b\x12\
\x48\x06\0\0\0\0\x79\x21\xa0\x01\0\0\0\0\x7b\x12\x50\x06\0\0\0\0\x79\x21\xa8\
\x01\0\0\0\0\x7b\x12\x58\x06\0\0\0\0\x79\x21\xb0\x01\0\0\0\0\x7b\x12\x60\x06\0\
\0\0\0\x79\x21\xb8\x01\0\0\0\0\x7b\x12\x68\x06\0\0\0\0\x79\x21\xc0\x01\0\0\0\0\
\x7b\x12\x70\x06\0\0\0\0\x79\x21\xc8\x01\0\0\0\0\x7b\x12\x78\x06\0\0\0\0\x79\
\x21\xd0\x01\0\0\0\0\x7b\x12\x80\x06\0\0\0\0\x79\x21\xd8\x01\0\0\0\0\x7b\x12\
\x88\x06\0\0\0\0\x79\x21\xe0\x01\0\0\0\0\x7b\x12\x90\x06\0\0\0\0\x79\x21\xe8\
\x01\0\0\0\0\x7b\x12\x98\x06\0\0\0\0\x79\x21\xf0\x01\0\0\0\0\x7b\x12\xa0\x06\0\
\0\0\0\x79\x21\xf8\x01\0\0\0\0\x7b\x12\xa8\x06\0\0\0\0\x79\x21\0\x02\0\0\0\0\
\x7b\x12\xb0\x06\0\0\0\0\x79\x21\x08\x02\0\0\0\0\x7b\x12\xb8\x06\0\0\0\0\x79\
\x21\x10\x02\0\0\0\0\x7b\x12\xc0\x06\0\0\0\0\x79\x21\x18\x02\0\0\0\0\x7b\x12\
\xc8\x06\0\0\0\0\x79\x21\x20\x02\0\0\0\0\x7b\x12\xd0\x06\0\0\0\0\x79\x21\x28\
\x02\0\0\0\0\x7b\x12\xd8\x06\0\0\0\0\x79\xa3\x78\xff\0\0\0\0\x07\x03\0\0\xa8\
\x04\0\0\x71\x21\x68\x09\0\0\0\0\x15\x01\xa0\0\0\0\0\0\x79\x21\x68\x04\0\0\0\0\
\x7b\x12\x18\x09\0\0\0\0\x79\x21\x60\x04\0\0\0\0\x7b\x12\x10\x09\0\0\0\0\x79\
\x21\x58\x04\0\0\0\0\x7b\x12\x08\x09\0\0\0\0\x79\x21\x50\x04\0\0\0\0\x7b\x12\0\
\x09\0\0\0\0\x79\x21\x48\x04\0\0\0\0\x7b\x12\xf8\x08\0\0\0\0\x79\x21\x40\x04\0\
\0\0\0\x7b\x12\xf0\x08\0\0\0\0\x79\x21\x38\x04\0\0\0\0\x7b\x12\xe8\x08\0\0\0\0\
\x79\x21\x30\x04\0\0\0\0\x7b\x12\xe0\x08\0\0\0\0\x79\x21\x28\x04\0\0\0\0\x7b\
\x12\xd8\x08\0\0\0\0\x79\x21\x20\x04\0\0\0\0\x7b\x12\xd0\x08\0\0\0\0\x79\x21\
\x18\x04\0\0\0\0\x7b\x12\xc8\x08\0\0\0\0\x79\x21\x10\x04\0\0\0\0\x7b\x12\xc0\
\x08\0\0\0\0\x79\x21\x08\x04\0\0\0\0\x7b\x12\xb8\x08\0\0\0\0\x79\x21\0\x04\0\0\
\0\0\x7b\x12\xb0\x08\0\0\0\0\x79\x21\xf8\x03\0\0\0\0\x7b\x12\xa8\x08\0\0\0\0\
\x79\x21\xf0\x03\0\0\0\0\x7b\x12\xa0\x08\0\0\0\0\x79\x21\xe8\x03\0\0\0\0\x7b\
\x12\x98\x08\0\0\0\0\x79\x21\xe0\x03\0\0\0\0\x7b\x12\x90\x08\0\0\0\0\x79\x21\
\xd8\x03\0\0\0\0\x7b\x12\x88\x08\0\0\0\0\x79\x21\xd0\x03\0\0\0\0\x7b\x12\x80\
\x08\0\0\0\0\x79\x21\xc8\x03\0\0\0\0\x7b\x12\x78\x08\0\0\0\0\x79\x21\xc0\x03\0\
\0\0\0\x7b\x12\x70\x08\0\0\0\0\x79\x21\xb8\x03\0\0\0\0\x7b\x12\x68\x08\0\0\0\0\
\x79\x21\xb0\x03\0\0\0\0\x7b\x12\x60\x08\0\0\0\0\x79\x21\xa8\x03\0\0\0\0\x7b\
\x12\x58\x08\0\0\0\0\x79\x21\xa0\x03\0\0\0\0\x7b\x12\x50\x08\0\0\0\0\x79\x21\
\x98\x03\0\0\0\0\x7b\x12\x48\x08\0\0\0\0\x79\x21\x90\x03\0\0\0\0\x7b\x12\x40\
\x08\0\0\0\0\x79\x21\x88\x03\0\0\0\0\x7b\x12\x38\x08\0\0\0\0\x79\x21\x80\x03\0\
\0\0\0\x7b\x12\x30\x08\0\0\0\0\x79\x21\x78\x03\0\0\0\0\x7b\x12\x28\x08\0\0\0\0\
\x79\x21\x70\x03\0\0\0\0\x7b\x12\x20\x08\0\0\0\0\x79\x21\x68\x03\0\0\0\0\x7b\
\x12\x18\x08\0\0\0\0\x79\x21\x60\x03\0\0\0\0\x7b\x12\x10\x08\0\0\0\0\x79\x21\
\x58\x03\0\0\0\0\x7b\x12\x08\x08\0\0\0\0\x79\x21\x50\x03\0\0\0\0\x7b\x12\0\x08\
\0\0\0\0\x79\x21\x48\x03\0\0\0\0\x7b\x12\xf8\x07\0\0\0\0\x79\x21\x40\x03\0\0\0\
\0\x7b\x12\xf0\x07\0\0\0\0\x79\x21\x38\x03\0\0\0\0\x7b\x12\xe8\x07\0\0\0\0\x79\
\x21\x30\x03\0\0\0\0\x7b\x12\xe0\x07\0\0\0\0\x79\x21\x28\x03\0\0\0\0\x7b\x12\
\xd8\x07\0\0\0\0\x79\x21\x20\x03\0\0\0\0\x7b\x12\xd0\x07\0\0\0\0\x79\x21\x18\
\x03\0\0\0\0\x7b\x12\xc8\x07\0\0\0\0\x79\x21\x10\x03\0\0\0\0\x7b\x12\xc0\x07\0\
\0\0\0\x79\x21\x08\x03\0\0\0\0\x7b\x12\xb8\x07\0\0\0\0\x79\x21\0\x03\0\0\0\0\
\x7b\x12\xb0\x07\0\0\0\0\x79\x21\xf8\x02\0\0\0\0\x7b\x12\xa8\x07\0\0\0\0\x79\
\x21\xf0\x02\0\0\0\0\x7b\x12\xa0\x07\0\0\0\0\x79\x21\xe8\x02\0\0\0\0\x7b\x12\
\x98\x07\0\0\0\0\x79\x21\xe0\x02\0\0\0\0\x7b\x12\x90\x07\0\0\0\0\x79\x21\xd8\
\x02\0\0\0\0\x7b\x12\x88\x07\0\0\0\0\x79\x21\xd0\x02\0\0\0\0\x7b\x12\x80\x07\0\
\0\0\0\x79\x21\xc8\x02\0\0\0\0\x7b\x12\x78\x07\0\0\0\0\x79\x21\xc0\x02\0\0\0\0\
\x7b\x12\x70\x07\0\0\0\0\x79\x21\xb8\x02\0\0\0\0\x7b\x12\x68\x07\0\0\0\0\x79\
\x21\xb0\x02\0\0\0\0\x7b\x12\x60\x07\0\0\0\0\x79\x21\xa8\x02\0\0\0\0\x7b\x12\
\x58\x07\0\0\0\0\x79\x21\xa0\x02\0\0\0\0\x7b\x12\x50\x07\0\0\0\0\x79\x21\x98\
\x02\0\0\0\0\x7b\x12\x48\x07\0\0\0\0\x79\x21\x90\x02\0\0\0\0\x7b\x12\x40\x07\0\
\0\0\0\x79\x21\x88\x02\0\0\0\0\x7b\x12\x38\x07\0\0\0\0\x79\x21\x80\x02\0\0\0\0\
\x7b\x12\x30\x07\0\0\0\0\x79\x21\x78\x02\0\0\0\0\x7b\x12\x28\x07\0\0\0\0\x79\
\x21\x70\x02\0\0\0\0\x7b\x12\x20\x07\0\0\0\0\x79\x21\x68\x02\0\0\0\0\x7b\x12\
\x18\x07\0\0\0\0\x79\x21\x60\x02\0\0\0\0\x7b\x12\x10\x07\0\0\0\0\x79\x21\x58\
\x02\0\0\0\0\x7b\x12\x08\x07\0\0\0\0\x79\x21\x50\x02\0\0\0\0\x7b\x12\0\x07\0\0\
\0\0\x79\x21\x48\x02\0\0\0\0\x7b\x12\xf8\x06\0\0\0\0\x79\x21\x40\x02\0\0\0\0\
\x7b\x12\xf0\x06\0\0\0\0\x79\x21\x38\x02\0\0\0\0\x7b\x12\xe8\x06\0\0\0\0\x79\
\x21\x30\x02\0\0\0\0\x7b\x12\xe0\x06\0\0\0\0\xb7\x01\0\0\x01\0\0\0\x73\x12\x58\
\x09\0\0\0\0\x79\x21\xa0\x04\0\0\0\0\x7b\x12\x50\x09\0\0\0\0\x79\x21\x98\x04\0\
\0\0\0\x7b\x12\x48\x09\0\0\0\0\x79\x21\x90\x04\0\0\0\0\x7b\x12\x40\x09\0\0\0\0\
\x79\x21\x88\x04\0\0\0\0\x7b\x12\x38\x09\0\0\0\0\x79\x21\x80\x04\0\0\0\0\x7b\
\x12\x30\x09\0\0\0\0\x79\x21\x78\x04\0\0\0\0\x7b\x12\x28\x09\0\0\0\0\x79\x21\
\x70\x04\0\0\0\0\x7b\x12\x20\x09\0\0\0\0\xbf\xa2\0\0\0\0\0\0\x07\x02\0\0\xb0\
\xff\xff\xff\x18\x01\0\0\0\0\0\0\0\0\0\0\0\0\0\0\xb7\x04\0\0\x01\0\0\0\x85\0\0\
\0\x02\0\0\0\x65\0\xc2\xfe\xff\xff\xff\xff\x18\x01\0\0\xb7\0\0\0\0\0\0\0\0\0\0\
\0\xb7\x02\0\0\x3c\0\0\0\x85\0\0\0\x06\0\0\0\x05\0\xbd\xfe\0\0\0\0\xb7\x02\0\0\
\x10\0\0\0\x79\x18\x10\0\0\0\0\0\xbf\x86\0\0\0\0\0\0\x0f\x26\0\0\0\0\0\0\xbf\
\xa1\0\0\0\0\0\0\x07\x01\0\0\xb0\xff\xff\xff\xb7\x02\0\0\x08\0\0\0\xbf\x63\0\0\
\0\0\0\0\x85\0\0\0\x71\0\0\0\x79\xa1\xb0\xff\0\0\0\0\x55\x01\x0f\0\0\0\0\0\xb7\
\x01\0\0\x58\0\0\0\xbf\x83\0\0\0\0\0\0\x0f\x13\0\0\0\0\0\0\xbf\xa1\0\0\0\0\0\0\
\x07\x01\0\0\xb0\xff\xff\xff\xb7\x02\0\0\x08\0\0\0\x85\0\0\0\x71\0\0\0\xb7\x01\
\0\0\0\0\0\0\x79\xa3\xb0\xff\0\0\0\0\x57\x03\0\0\xfe\xff\xff\xff\x0f\x13\0\0\0\
\0\0\0\xbf\xa1\0\0\0\0\0\0\x07\x01\0\0\xb0\xff\xff\xff\xb7\x02\0\0\x08\0\0\0\
\x85\0\0\0\x71\0\0\0\xbf\xa1\0\0\0\0\0\0\x07\x01\0\0\xb0\xff\xff\xff\xb7\x02\0\
\0\x08\0\0\0\xbf\x63\0\0\0\0\0\0\x85\0\0\0\x71\0\0\0\x79\xa3\xb0\xff\0\0\0\0\
\x55\x03\x16\0\0\0\0\0\xb7\x01\0\0\x58\0\0\0\xbf\x83\0\0\0\0\0\0\x0f\x13\0\0\0\
\0\0\0\xbf\xa1\0\0\0\0\0\0\x07\x01\0\0\xb0\xff\xff\xff\xb7\x02\0\0\x08\0\0\0\
\x85\0\0\0\x71\0\0\0\xb7\x01\0\0\0\0\0\0\x79\xa3\xb0\xff\0\0\0\0\x57\x03\0\0\
\xfe\xff\xff\xff\x0f\x13\0\0\0\0\0\0\xbf\xa1\0\0\0\0\0\0\x07\x01\0\0\xb0\xff\
\xff\xff\xb7\x02\0\0\x08\0\0\0\x85\0\0\0\x71\0\0\0\x79\xa3\xb0\xff\0\0\0\0\x55\
\x03\x05\0\0\0\0\0\x18\x01\0\0\x25\0\0\0\0\0\0\0\0\0\0\0\xb7\x02\0\0\x50\0\0\0\
\x85\0\0\0\x06\0\0\0\x05\0\x16\0\0\0\0\0\xb7\x01\0\0\xd0\0\0\0\x0f\x13\0\0\0\0\
\0\0\xbf\xa1\0\0\0\0\0\0\x07\x01\0\0\xf8\xff\xff\xff\xb7\x02\0\0\x04\0\0\0\x85\
\0\0\0\x71\0\0\0\x61\xa3\xf8\xff\0\0\0\0\x67\x03\0\0\x20\0\0\0\xc7\x03\0\0\x20\
\0\0\0\x7b\x3a\xb0\xff\0\0\0\0\x65\x03\x05\0\xff\xff\xff\xff\x18\x01\0\0\x75\0\
\0\0\0\0\0\0\0\0\0\0\xb7\x02\0\0\x42\0\0\0\x85\0\0\0\x06\0\0\0\x05\0\x63\x01\0\
\0\0\0\xbf\xa2\0\0\0\0\0\0\x07\x02\0\0\xb0\xff\xff\xff\x18\x01\0\0\0\0\0\0\0\0\
\0\0\0\0\0\0\x85\0\0\0\x01\0\0\0\x15\0\x5d\x01\0\0\0\0\x79\x82\x18\0\0\0\0\0\
\xb7\x06\0\0\0\0\0\0\x18\x01\0\0\0\0\0\0\0\0\0\0\0\0\0\0\xb7\x03\0\0\0\0\0\0\
\xb7\x04\0\0\0\0\0\0\x85\0\0\0\x6b\0\0\0\x15\0\x55\x01\0\0\0\0\x7b\x0a\x78\xff\
\0\0\0\0\xbf\x07\0\0\0\0\0\0\x79\x71\x60\x09\0\0\0\0\x7b\x1a\xb0\xff\0\0\0\0\
\xbf\xa2\0\0\0\0\0\0\x07\x02\0\0\xb0\xff\xff\xff\x18\x01\0\0\0\0\0\0\0\0\0\0\0\
\0\0\0\xbf\x23\0\0\0\0\0\0\xb7\x04\0\0\x01\0\0\0\x85\0\0\0\x02\0\0\0\x7b\x6a\
\xe0\xff\0\0\0\0\x7b\x6a\xd8\xff\0\0\0\0\x7b\x6a\xd0\xff\0\0\0\0\x7b\x6a\xc8\
\xff\0\0\0\0\x7b\x6a\xc0\xff\0\0\0\0\x7b\x6a\xb8\xff\0\0\0\0\x79\x71\x60\x09\0\
\0\0\0\x7b\x1a\xe8\xff\0\0\0\0\x61\x71\0\0\0\0\0\0\x63\x1a\xb0\xff\0\0\0\0\x7b\
\x7a\x70\xff\0\0\0\0\x61\x71\x04\0\0\0\0\0\x63\x1a\xb4\xff\0\0\0\0\xb7\x01\0\0\
\xc0\0\0\0\xbf\x82\0\0\0\0\0\0\xbf\x27\0\0\0\0\0\0\x7b\x7a\x98\xff\0\0\0\0\x0f\
\x18\0\0\0\0\0\0\xbf\xa1\0\0\0\0\0\0\x07\x01\0\0\xf8\xff\xff\xff\xb7\x02\0\0\
\x08\0\0\0\xbf\x83\0\0\0\0\0\0\x85\0\0\0\x71\0\0\0\xb7\x01\0\0\xb4\0\0\0\xbf\
\x79\0\0\0\0\0\0\x0f\x19\0\0\0\0\0\0\x79\xa6\xf8\xff\0\0\0\0\xbf\xa1\0\0\0\0\0\
\0\x07\x01\0\0\xf8\xff\xff\xff\xb7\x02\0\0\x02\0\0\0\xbf\x93\0\0\0\0\0\0\x85\0\
\0\0\x71\0\0\0\xb7\x01\0\0\x18\0\0\0\xbf\x73\0\0\0\0\0\0\x0f\x13\0\0\0\0\0\0\
\x69\xa7\xf8\xff\0\0\0\0\xbf\xa1\0\0\0\0\0\0\x07\x01\0\0\xf8\xff\xff\xff\xb7\
\x02\0\0\x08\0\0\0\x85\0\0\0\x71\0\0\0\x0f\x76\0\0\0\0\0\0\xb7\x01\0\0\x08\0\0\
\0\xbf\x63\0\0\0\0\0\0\x0f\x13\0\0\0\0\0\0\x79\xa1\xf8\xff\0\0\0\0\x7b\x1a\x68\
\xff\0\0\0\0\xbf\xa1\0\0\0\0\0\0\x07\x01\0\0\xd0\xff\xff\xff\xb7\x02\0\0\x10\0\
\0\0\x85\0\0\0\x71\0\0\0\xb7\x01\0\0\x0a\0\0\0\x63\x1a\xb0\xff\0\0\0\0\xb7\x01\
\0\0\x18\0\0\0\xbf\x63\0\0\0\0\0\0\x0f\x13\0\0\0\0\0\0\xbf\xa1\0\0\0\0\0\0\x07\
\x01\0\0\xb8\xff\xff\xff\xb7\x02\0\0\x10\0\0\0\x85\0\0\0\x71\0\0\0\xb7\x01\0\0\
\x04\0\0\0\x0f\x16\0\0\0\0\0\0\xbf\xa1\0\0\0\0\0\0\x07\x01\0\0\xf8\xff\xff\xff\
\xb7\x02\0\0\x02\0\0\0\xbf\x63\0\0\0\0\0\0\x85\0\0\0\x71\0\0\0\x69\xa1\xf8\xff\
\0\0\0\0\x7b\x1a\x80\xff\0\0\0\0\xbf\xa1\0\0\0\0\0\0\x07\x01\0\0\xf8\xff\xff\
\xff\xb7\x02\0\0\x08\0\0\0\xbf\x83\0\0\0\0\0\0\x85\0\0\0\x71\0\0\0\x79\xa7\xf8\
\xff\0\0\0\0\xbf\xa1\0\0\0\0\0\0\x07\x01\0\0\xf8\xff\xff\xff\xb7\x02\0\0\x02\0\
\0\0\xbf\x93\0\0\0\0\0\0\x85\0\0\0\x71\0\0\0\xb7\x01\0\0\xc8\0\0\0\x79\xa3\x98\
\xff\0\0\0\0\x0f\x13\0\0\0\0\0\0\x69\xa1\xf8\xff\0\0\0\0\x7b\x1a\xa8\xff\0\0\0\
\0\xbf\xa1\0\0\0\0\0\0\x07\x01\0\0\xf8\xff\xff\xff\xb7\x02\0\0\x08\0\0\0\x85\0\
\0\0\x71\0\0\0\x79\xa1\xf8\xff\0\0\0\0\x7b\x1a\xa0\xff\0\0\0\0\xbf\xa1\0\0\0\0\
\0\0\x07\x01\0\0\xf8\xff\xff\xff\xb7\x02\0\0\x08\0\0\0\xbf\x83\0\0\0\0\0\0\x85\
\0\0\0\x71\0\0\0\x79\xa6\xf8\xff\0\0\0\0\xbf\xa1\0\0\0\0\0\0\x07\x01\0\0\xf8\
\xff\xff\xff\xb7\x02\0\0\x02\0\0\0\xbf\x93\0\0\0\0\0\0\x85\0\0\0\x71\0\0\0\x69\
\xa1\xf8\xff\0\0\0\0\x0f\x16\0\0\0\0\0\0\xb7\x01\0\0\x06\0\0\0\x0f\x16\0\0\0\0\
\0\0\xbf\xa1\0\0\0\0\0\0\x07\x01\0\0\xf8\xff\xff\xff\xb7\x02\0\0\x01\0\0\0\xbf\
\x63\0\0\0\0\0\0\x85\0\0\0\x71\0\0\0\x79\xa1\xa8\xff\0\0\0\0\x0f\x17\0\0\0\0\0\
\0\x79\xa1\xa0\xff\0\0\0\0\x1f\x17\0\0\0\0\0\0\xb7\x04\0\0\xff\0\0\0\x07\x07\0\
\0\x28\0\0\0\x71\xa8\xf8\xff\0\0\0\0\xb7\x01\0\0\x70\0\0\0\x79\xa3\x98\xff\0\0\
\0\0\xbf\x32\0\0\0\0\0\0\x0f\x12\0\0\0\0\0\0\x7b\x2a\x90\xff\0\0\0\0\xb7\x01\0\
\0\x74\0\0\0\xbf\x32\0\0\0\0\0\0\x0f\x12\0\0\0\0\0\0\x7b\x2a\x88\xff\0\0\0\0\
\x05\0\x1a\0\0\0\0\0\xbf\x63\0\0\0\0\0\0\xb7\x01\0\0\x01\0\0\0\x0f\x13\0\0\0\0\
\0\0\xbf\xa1\0\0\0\0\0\0\x07\x01\0\0\xf8\xff\xff\xff\xb7\x02\0\0\x01\0\0\0\x85\
\0\0\0\x71\0\0\0\x71\xa7\xf8\xff\0\0\0\0\x67\x07\0\0\x03\0\0\0\x07\x07\0\0\x08\
\0\0\0\xb7\x01\0\0\0\0\0\0\x0f\x16\0\0\0\0\0\0\xbf\xa1\0\0\0\0\0\0\x07\x01\0\0\
\xf8\xff\xff\xff\xb7\x02\0\0\x01\0\0\0\xbf\x63\0\0\0\0\0\0\x85\0\0\0\x71\0\0\0\
\x79\xa1\xa8\xff\0\0\0\0\x0f\x17\0\0\0\0\0\0\x71\xa8\xf8\xff\0\0\0\0\x79\xa4\
\xa0\xff\0\0\0\0\x07\x04\0\0\xff\xff\xff\xff\xbf\x41\0\0\0\0\0\0\x67\x01\0\0\
\x20\0\0\0\x77\x01\0\0\x20\0\0\0\x15\x01\x47\0\0\0\0\0\xbf\x81\0\0\0\0\0\0\x57\
\x01\0\0\xff\0\0\0\x15\x01\x0a\0\0\0\0\0\xbf\x82\0\0\0\0\0\0\x25\x01\x41\0\x3c\
\0\0\0\xb7\x03\0\0\x01\0\0\0\x6f\x13\0\0\0\0\0\0\x18\x01\0\0\0\0\0\0\0\0\0\0\0\
\x18\x08\x10\x5f\x13\0\0\0\0\0\0\xbf\x82\0\0\0\0\0\0\x55\x03\x03\0\0\0\0\0\x05\
\0\x39\0\0\0\0\0\xb7\x02\0\0\x3b\0\0\0\x15\x01\x37\0\x3b\0\0\0\x7b\x4a\xa0\xff\
\0\0\0\0\x79\xa9\x98\xff\0\0\0\0\xbf\x93\0\0\0\0\0\0\xb7\x01\0\0\xc8\0\0\0\x0f\
\x13\0\0\0\0\0\0\xbf\xa1\0\0\0\0\0\0\x07\x01\0\0\xf8\xff\xff\xff\xb7\x02\0\0\
\x08\0\0\0\x7b\x7a\xa8\xff\0\0\0\0\x85\0\0\0\x71\0\0\0\x79\xa6\xf8\xff\0\0\0\0\
\xbf\xa1\0\0\0\0\0\0\x07\x01\0\0\xf8\xff\xff\xff\xb7\x02\0\0\x04\0\0\0\x79\xa3\
\x90\xff\0\0\0\0\x85\0\0\0\x71\0\0\0\x61\xa7\xf8\xff\0\0\0\0\xbf\xa1\0\0\0\0\0\
\0\x07\x01\0\0\xf8\xff\xff\xff\xb7\x02\0\0\x04\0\0\0\x79\xa3\x88\xff\0\0\0\0\
\x85\0\0\0\x71\0\0\0\x79\xa3\xa8\xff\0\0\0\0\x61\xa1\xf8\xff\0\0\0\0\xbf\x32\0\
\0\0\0\0\0\x0f\x12\0\0\0\0\0\0\x1f\x27\0\0\0\0\0\0\x67\x07\0\0\x20\0\0\0\xc7\
\x07\0\0\x20\0\0\0\x65\x07\x04\0\x01\0\0\0\xbf\xa6\0\0\0\0\0\0\x07\x06\0\0\xf6\
\xff\xff\xff\x15\x09\x14\0\0\0\0\0\x05\0\x05\0\0\0\0\0\xbf\x31\0\0\0\0\0\0\x67\
\x01\0\0\x20\0\0\0\xc7\x01\0\0\x20\0\0\0\x0f\x16\0\0\0\0\0\0\x15\x06\x0e\0\0\0\
\0\0\xb7\x07\0\0\x08\0\0\0\x57\x08\0\0\xff\0\0\0\x15\x08\xb7\xff\x2c\0\0\0\x55\
\x08\xac\xff\x33\0\0\0\xbf\x63\0\0\0\0\0\0\xb7\x01\0\0\x01\0\0\0\x0f\x13\0\0\0\
\0\0\0\xbf\xa1\0\0\0\0\0\0\x07\x01\0\0\xf8\xff\xff\xff\xb7\x02\0\0\x01\0\0\0\
\x85\0\0\0\x71\0\0\0\x71\xa7\xf8\xff\0\0\0\0\x67\x07\0\0\x02\0\0\0\x05\0\xab\
\xff\0\0\0\0\xb7\x01\0\0\xfc\0\0\0\x05\0\x06\0\0\0\0\0\xbf\x28\0\0\0\0\0\0\x57\
\x08\0\0\xff\0\0\0\x15\x08\x06\0\x06\0\0\0\x15\x08\x25\0\x11\0\0\0\x55\x08\x4e\
\0\x3a\0\0\0\xb7\x01\0\0\x01\0\0\0\x63\x1a\xb4\xff\0\0\0\0\x79\xa6\x80\xff\0\0\
\0\0\x05\0\x58\0\0\0\0\0\xb7\x01\0\0\x06\0\0\0\x63\x1a\xb4\xff\0\0\0\0\xb7\x01\
\0\0\xc0\0\0\0\x79\xa7\x98\xff\0\0\0\0\xbf\x73\0\0\0\0\0\0\x0f\x13\0\0\0\0\0\0\
\xbf\xa1\0\0\0\0\0\0\x07\x01\0\0\xf8\xff\xff\xff\xb7\x02\0\0\x08\0\0\0\x85\0\0\
\0\x71\0\0\0\xb7\x01\0\0\xb2\0\0\0\x0f\x17\0\0\0\0\0\0\x79\xa6\xf8\xff\0\0\0\0\
\xbf\xa1\0\0\0\0\0\0\x07\x01\0\0\xf8\xff\xff\xff\xb7\x02\0\0\x02\0\0\0\xbf\x73\
\0\0\0\0\0\0\x85\0\0\0\x71\0\0\0\x69\xa1\xf8\xff\0\0\0\0\x0f\x16\0\0\0\0\0\0\
\xb7\x01\0\0\0\0\0\0\xbf\x63\0\0\0\0\0\0\x0f\x13\0\0\0\0\0\0\xbf\xa1\0\0\0\0\0\
\0\x07\x01\0\0\xf8\xff\xff\xff\xb7\x02\0\0\x02\0\0\0\x85\0\0\0\x71\0\0\0\x69\
\xa1\xf8\xff\0\0\0\0\xdc\x01\0\0\x10\0\0\0\x6b\x1a\xe0\xff\0\0\0\0\xb7\x01\0\0\
\x02\0\0\0\x05\0\x1f\0\0\0\0\0\xb7\x01\0\0\x11\0\0\0\x63\x1a\xb4\xff\0\0\0\0\
\xb7\x01\0\0\xc0\0\0\0\x79\xa7\x98\xff\0\0\0\0\xbf\x73\0\0\0\0\0\0\x0f\x13\0\0\
\0\0\0\0\xbf\xa1\0\0\0\0\0\0\x07\x01\0\0\xf8\xff\xff\xff\xb7\x02\0\0\x08\0\0\0\
\x85\0\0\0\x71\0\0\0\xb7\x01\0\0\xb2\0\0\0\x0f\x17\0\0\0\0\0\0\x79\xa6\xf8\xff\
\0\0\0\0\xbf\xa1\0\0\0\0\0\0\x07\x01\0\0\xf8\xff\xff\xff\xb7\x02\0\0\x02\0\0\0\
\xbf\x73\0\0\0\0\0\0\x85\0\0\0\x71\0\0\0\x69\xa1\xf8\xff\0\0\0\0\x0f\x16\0\0\0\
\0\0\0\xb7\x01\0\0\0\0\0\0\xbf\x63\0\0\0\0\0\0\x0f\x13\0\0\0\0\0\0\xbf\xa1\0\0\
\0\0\0\0\x07\x01\0\0\xf8\xff\xff\xff\xb7\x02\0\0\x02\0\0\0\x85\0\0\0\x71\0\0\0\
\x69\xa1\xf8\xff\0\0\0\0\xdc\x01\0\0\x10\0\0\0\x6b\x1a\xe0\xff\0\0\0\0\xb7\x01\
\0\0\x02\0\0\0\x0f\x16\0\0\0\0\0\0\xbf\xa1\0\0\0\0\0\0\x07\x01\0\0\xf8\xff\xff\
\xff\xb7\x02\0\0\x02\0\0\0\xbf\x63\0\0\0\0\0\0\x85\0\0\0\x71\0\0\0\x69\xa1\xf8\
\xff\0\0\0\0\xdc\x01\0\0\x10\0\0\0\x6b\x1a\xc8\xff\0\0\0\0\x79\xa6\x80\xff\0\0\
\0\0\x05\0\x0e\0\0\0\0\0\xb7\x01\0\0\x22\x02\0\0\x79\xa3\x68\xff\0\0\0\0\x0f\
\x13\0\0\0\0\0\0\xbf\xa1\0\0\0\0\0\0\x07\x01\0\0\xf8\xff\xff\xff\xb7\x02\0\0\
\x02\0\0\0\x85\0\0\0\x71\0\0\0\x69\xa1\xf8\xff\0\0\0\0\x79\xa6\x80\xff\0\0\0\0\
\x55\x01\x02\0\x03\0\0\0\xb7\x01\0\0\xfb\0\0\0\x05\0\x01\0\0\0\0\0\xb7\x01\0\0\
\xfc\0\0\0\x63\x1a\xb4\xff\0\0\0\0\xbf\xa2\0\0\0\0\0\0\x07\x02\0\0\xb0\xff\xff\
\xff\x18\x01\0\0\0\0\0\0\0\0\0\0\0\0\0\0\x85\0\0\0\x01\0\0\0\xdc\x06\0\0\x10\0\
\0\0\x15\0\x05\0\0\0\0\0\x61\x01\x08\0\0\0\0\0\x0f\x61\0\0\0\0\0\0\x63\x10\x08\
\0\0\0\0\0\xb7\0\0\0\0\0\0\0\x95\0\0\0\0\0\0\0\x79\xa2\x70\xff\0\0\0\0\x63\x62\
\xb0\x04\0\0\0\0\xb7\x01\0\0\0\0\0\0\x6b\x12\x58\x09\0\0\0\0\xb7\x01\0\0\x02\0\
\0\0\x7b\x12\xa8\x04\0\0\0\0\x79\x21\x08\0\0\0\0\0\x7b\x12\xb8\x04\0\0\0\0\x79\
\x21\x10\0\0\0\0\0\x7b\x12\xc0\x04\0\0\0\0\x79\x21\x18\0\0\0\0\0\x7b\x12\xc8\
\x04\0\0\0\0\x79\x21\x20\0\0\0\0\0\x7b\x12\xd0\x04\0\0\0\0\x79\x21\x28\0\0\0\0\
\0\x7b\x12\xd8\x04\0\0\0\0\x79\x21\x30\0\0\0\0\0\x7b\x12\xe0\x04\0\0\0\0\x79\
\x21\x38\0\0\0\0\0\x7b\x12\xe8\x04\0\0\0\0\x79\x21\x40\0\0\0\0\0\x7b\x12\xf0\
\x04\0\0\0\0\x79\x21\x48\0\0\0\0\0\x7b\x12\xf8\x04\0\0\0\0\x79\x21\x50\0\0\0\0\
\0\x7b\x12\0\x05\0\0\0\0\x79\x21\x58\0\0\0\0\0\x7b\x12\x08\x05\0\0\0\0\x79\x21\
\x60\0\0\0\0\0\x7b\x12\x10\x05\0\0\0\0\x79\x21\x68\0\0\0\0\0\x7b\x12\x18\x05\0\
\0\0\0\x79\x21\x70\0\0\0\0\0\x7b\x12\x20\x05\0\0\0\0\x79\x21\x78\0\0\0\0\0\x7b\
\x12\x28\x05\0\0\0\0\x79\x21\x80\0\0\0\0\0\x7b\x12\x30\x05\0\0\0\0\x79\x21\x88\
\0\0\0\0\0\x7b\x12\x38\x05\0\0\0\0\x79\x21\x90\0\0\0\0\0\x7b\x12\x40\x05\0\0\0\
\0\x79\x21\x98\0\0\0\0\0\x7b\x12\x48\x05\0\0\0\0\x79\x21\xa0\0\0\0\0\0\x7b\x12\
\x50\x05\0\0\0\0\x79\x21\xa8\0\0\0\0\0\x7b\x12\x58\x05\0\0\0\0\x79\x21\xb0\0\0\
\0\0\0\x7b\x12\x60\x05\0\0\0\0\x79\x21\xb8\0\0\0\0\0\x7b\x12\x68\x05\0\0\0\0\
\x79\x21\xc0\0\0\0\0\0\x7b\x12\x70\x05\0\0\0\0\x79\x21\xc8\0\0\0\0\0\x7b\x12\
\x78\x05\0\0\0\0\x79\x21\xd0\0\0\0\0\0\x7b\x12\x80\x05\0\0\0\0\x79\x21\xd8\0\0\
\0\0\0\x7b\x12\x88\x05\0\0\0\0\x79\x21\xe0\0\0\0\0\0\x7b\x12\x90\x05\0\0\0\0\
\x79\x21\xe8\0\0\0\0\0\x7b\x12\x98\x05\0\0\0\0\x79\x21\xf0\0\0\0\0\0\x7b\x12\
\xa0\x05\0\0\0\0\x79\x21\xf8\0\0\0\0\0\x7b\x12\xa8\x05\0\0\0\0\x79\x21\0\x01\0\
\0\0\0\x7b\x12\xb0\x05\0\0\0\0\x79\x21\x08\x01\0\0\0\0\x7b\x12\xb8\x05\0\0\0\0\
\x79\x21\x10\x01\0\0\0\0\x7b\x12\xc0\x05\0\0\0\0\x79\x21\x18\x01\0\0\0\0\x7b\
\x12\xc8\x05\0\0\0\0\x79\x21\x20\x01\0\0\0\0\x7b\x12\xd0\x05\0\0\0\0\x79\x21\
\x28\x01\0\0\0\0\x7b\x12\xd8\x05\0\0\0\0\x79\x21\x30\x01\0\0\0\0\x7b\x12\xe0\
\x05\0\0\0\0\x79\x21\x38\x01\0\0\0\0\x7b\x12\xe8\x05\0\0\0\0\x79\x21\x40\x01\0\
\0\0\0\x7b\x12\xf0\x05\0\0\0\0\x79\x21\x48\x01\0\0\0\0\x7b\x12\xf8\x05\0\0\0\0\
\x79\x21\x50\x01\0\0\0\0\x7b\x12\0\x06\0\0\0\0\x79\x21\x58\x01\0\0\0\0\x7b\x12\
\x08\x06\0\0\0\0\x79\x21\x60\x01\0\0\0\0\x7b\x12\x10\x06\0\0\0\0\x79\x21\x68\
\x01\0\0\0\0\x7b\x12\x18\x06\0\0\0\0\x79\x21\x70\x01\0\0\0\0\x7b\x12\x20\x06\0\
\0\0\0\x79\x21\x78\x01\0\0\0\0\x7b\x12\x28\x06\0\0\0\0\x79\x21\x80\x01\0\0\0\0\
\x7b\x12\x30\x06\0\0\0\0\x79\x21\x88\x01\0\0\0\0\x7b\x12\x38\x06\0\0\0\0\x79\
\x21\x90\x01\0\0\0\0\x7b\x12\x40\x06\0\0\0\0\x79\x21\x98\x01\0\0\0\0\x7b\x12\
\x48\x06\0\0\0\0\x79\x21\xa0\x01\0\0\0\0\x7b\x12\x50\x06\0\0\0\0\x79\x21\xa8\
\x01\0\0\0\0\x7b\x12\x58\x06\0\0\0\0\x79\x21\xb0\x01\0\0\0\0\x7b\x12\x60\x06\0\
\0\0\0\x79\x21\xb8\x01\0\0\0\0\x7b\x12\x68\x06\0\0\0\0\x79\x21\xc0\x01\0\0\0\0\
\x7b\x12\x70\x06\0\0\0\0\x79\x21\xc8\x01\0\0\0\0\x7b\x12\x78\x06\0\0\0\0\x79\
\x21\xd0\x01\0\0\0\0\x7b\x12\x80\x06\0\0\0\0\x79\x21\xd8\x01\0\0\0\0\x7b\x12\
\x88\x06\0\0\0\0\x79\x21\xe0\x01\0\0\0\0\x7b\x12\x90\x06\0\0\0\0\x79\x21\xe8\
\x01\0\0\0\0\x7b\x12\x98\x06\0\0\0\0\x79\x21\xf0\x01\0\0\0\0\x7b\x12\xa0\x06\0\
\0\0\0\x79\x21\xf8\x01\0\0\0\0\x7b\x12\xa8\x06\0\0\0\0\x79\x21\0\x02\0\0\0\0\
\x7b\x12\xb0\x06\0\0\0\0\x79\x21\x08\x02\0\0\0\0\x7b\x12\xb8\x06\0\0\0\0\x79\
\x21\x10\x02\0\0\0\0\x7b\x12\xc0\x06\0\0\0\0\x79\x21\x18\x02\0\0\0\0\x7b\x12\
\xc8\x06\0\0\0\0\x79\x21\x20\x02\0\0\0\0\x7b\x12\xd0\x06\0\0\0\0\x79\x21\x28\
\x02\0\0\0\0\x7b\x12\xd8\x06\0\0\0\0\x79\xa3\x78\xff\0\0\0\0\x07\x03\0\0\xa8\
\x04\0\0\x71\x21\x68\x09\0\0\0\0\x15\x01\xa0\0\0\0\0\0\x79\x21\x68\x04\0\0\0\0\
\x7b\x12\x18\x09\0\0\0\0\x79\x21\x60\x04\0\0\0\0\x7b\x12\x10\x09\0\0\0\0\x79\
\x21\x58\x04\0\0\0\0\x7b\x12\x08\x09\0\0\0\0\x79\x21\x50\x04\0\0\0\0\x7b\x12\0\
\x09\0\0\0\0\x79\x21\x48\x04\0\0\0\0\x7b\x12\xf8\x08\0\0\0\0\x79\x21\x40\x04\0\
\0\0\0\x7b\x12\xf0\x08\0\0\0\0\x79\x21\x38\x04\0\0\0\0\x7b\x12\xe8\x08\0\0\0\0\
\x79\x21\x30\x04\0\0\0\0\x7b\x12\xe0\x08\0\0\0\0\x79\x21\x28\x04\0\0\0\0\x7b\
\x12\xd8\x08\0\0\0\0\x79\x21\x20\x04\0\0\0\0\x7b\x12\xd0\x08\0\0\0\0\x79\x21\
\x18\x04\0\0\0\0\x7b\x12\xc8\x08\0\0\0\0\x79\x21\x10\x04\0\0\0\0\x7b\x12\xc0\
\x08\0\0\0\0\x79\x21\x08\x04\0\0\0\0\x7b\x12\xb8\x08\0\0\0\0\x79\x21\0\x04\0\0\
\0\0\x7b\x12\xb0\x08\0\0\0\0\x79\x21\xf8\x03\0\0\0\0\x7b\x12\xa8\x08\0\0\0\0\
\x79\x21\xf0\x03\0\0\0\0\x7b\x12\xa0\x08\0\0\0\0\x79\x21\xe8\x03\0\0\0\0\x7b\
\x12\x98\x08\0\0\0\0\x79\x21\xe0\x03\0\0\0\0\x7b\x12\x90\x08\0\0\0\0\x79\x21\
\xd8\x03\0\0\0\0\x7b\x12\x88\x08\0\0\0\0\x79\x21\xd0\x03\0\0\0\0\x7b\x12\x80\
\x08\0\0\0\0\x79\x21\xc8\x03\0\0\0\0\x7b\x12\x78\x08\0\0\0\0\x79\x21\xc0\x03\0\
\0\0\0\x7b\x12\x70\x08\0\0\0\0\x79\x21\xb8\x03\0\0\0\0\x7b\x12\x68\x08\0\0\0\0\
\x79\x21\xb0\x03\0\0\0\0\x7b\x12\x60\x08\0\0\0\0\x79\x21\xa8\x03\0\0\0\0\x7b\
\x12\x58\x08\0\0\0\0\x79\x21\xa0\x03\0\0\0\0\x7b\x12\x50\x08\0\0\0\0\x79\x21\
\x98\x03\0\0\0\0\x7b\x12\x48\x08\0\0\0\0\x79\x21\x90\x03\0\0\0\0\x7b\x12\x40\
\x08\0\0\0\0\x79\x21\x88\x03\0\0\0\0\x7b\x12\x38\x08\0\0\0\0\x79\x21\x80\x03\0\
\0\0\0\x7b\x12\x30\x08\0\0\0\0\x79\x21\x78\x03\0\0\0\0\x7b\x12\x28\x08\0\0\0\0\
\x79\x21\x70\x03\0\0\0\0\x7b\x12\x20\x08\0\0\0\0\x79\x21\x68\x03\0\0\0\0\x7b\
\x12\x18\x08\0\0\0\0\x79\x21\x60\x03\0\0\0\0\x7b\x12\x10\x08\0\0\0\0\x79\x21\
\x58\x03\0\0\0\0\x7b\x12\x08\x08\0\0\0\0\x79\x21\x50\x03\0\0\0\0\x7b\x12\0\x08\
\0\0\0\0\x79\x21\x48\x03\0\0\0\0\x7b\x12\xf8\x07\0\0\0\0\x79\x21\x40\x03\0\0\0\
\0\x7b\x12\xf0\x07\0\0\0\0\x79\x21\x38\x03\0\0\0\0\x7b\x12\xe8\x07\0\0\0\0\x79\
\x21\x30\x03\0\0\0\0\x7b\x12\xe0\x07\0\0\0\0\x79\x21\x28\x03\0\0\0\0\x7b\x12\
\xd8\x07\0\0\0\0\x79\x21\x20\x03\0\0\0\0\x7b\x12\xd0\x07\0\0\0\0\x79\x21\x18\
\x03\0\0\0\0\x7b\x12\xc8\x07\0\0\0\0\x79\x21\x10\x03\0\0\0\0\x7b\x12\xc0\x07\0\
\0\0\0\x79\x21\x08\x03\0\0\0\0\x7b\x12\xb8\x07\0\0\0\0\x79\x21\0\x03\0\0\0\0\
\x7b\x12\xb0\x07\0\0\0\0\x79\x21\xf8\x02\0\0\0\0\x7b\x12\xa8\x07\0\0\0\0\x79\
\x21\xf0\x02\0\0\0\0\x7b\x12\xa0\x07\0\0\0\0\x79\x21\xe8\x02\0\0\0\0\x7b\x12\
\x98\x07\0\0\0\0\x79\x21\xe0\x02\0\0\0\0\x7b\x12\x90\x07\0\0\0\0\x79\x21\xd8\
\x02\0\0\0\0\x7b\x12\x88\x07\0\0\0\0\x79\x21\xd0\x02\0\0\0\0\x7b\x12\x80\x07\0\
\0\0\0\x79\x21\xc8\x02\0\0\0\0\x7b\x12\x78\x07\0\0\0\0\x79\x21\xc0\x02\0\0\0\0\
\x7b\x12\x70\x07\0\0\0\0\x79\x21\xb8\x02\0\0\0\0\x7b\x12\x68\x07\0\0\0\0\x79\
\x21\xb0\x02\0\0\0\0\x7b\x12\x60\x07\0\0\0\0\x79\x21\xa8\x02\0\0\0\0\x7b\x12\
\x58\x07\0\0\0\0\x79\x21\xa0\x02\0\0\0\0\x7b\x12\x50\x07\0\0\0\0\x79\x21\x98\
\x02\0\0\0\0\x7b\x12\x48\x07\0\0\0\0\x79\x21\x90\x02\0\0\0\0\x7b\x12\x40\x07\0\
\0\0\0\x79\x21\x88\x02\0\0\0\0\x7b\x12\x38\x07\0\0\0\0\x79\x21\x80\x02\0\0\0\0\
\x7b\x12\x30\x07\0\0\0\0\x79\x21\x78\x02\0\0\0\0\x7b\x12\x28\x07\0\0\0\0\x79\
\x21\x70\x02\0\0\0\0\x7b\x12\x20\x07\0\0\0\0\x79\x21\x68\x02\0\0\0\0\x7b\x12\
\x18\x07\0\0\0\0\x79\x21\x60\x02\0\0\0\0\x7b\x12\x10\x07\0\0\0\0\x79\x21\x58\
\x02\0\0\0\0\x7b\x12\x08\x07\0\0\0\0\x79\x21\x50\x02\0\0\0\0\x7b\x12\0\x07\0\0\
\0\0\x79\x21\x48\x02\0\0\0\0\x7b\x12\xf8\x06\0\0\0\0\x79\x21\x40\x02\0\0\0\0\
\x7b\x12\xf0\x06\0\0\0\0\x79\x21\x38\x02\0\0\0\0\x7b\x12\xe8\x06\0\0\0\0\x79\
\x21\x30\x02\0\0\0\0\x7b\x12\xe0\x06\0\0\0\0\xb7\x01\0\0\x01\0\0\0\x73\x12\x58\
\x09\0\0\0\0\x79\x21\xa0\x04\0\0\0\0\x7b\x12\x50\x09\0\0\0\0\x79\x21\x98\x04\0\
\0\0\0\x7b\x12\x48\x09\0\0\0\0\x79\x21\x90\x04\0\0\0\0\x7b\x12\x40\x09\0\0\0\0\
\x79\x21\x88\x04\0\0\0\0\x7b\x12\x38\x09\0\0\0\0\x79\x21\x80\x04\0\0\0\0\x7b\
\x12\x30\x09\0\0\0\0\x79\x21\x78\x04\0\0\0\0\x7b\x12\x28\x09\0\0\0\0\x79\x21\
\x70\x04\0\0\0\0\x7b\x12\x20\x09\0\0\0\0\xbf\xa2\0\0\0\0\0\0\x07\x02\0\0\xb0\
\xff\xff\xff\x18\x01\0\0\0\0\0\0\0\0\0\0\0\0\0\0\xb7\x04\0\0\x01\0\0\0\x85\0\0\
\0\x02\0\0\0\x65\0\xc3\xfe\xff\xff\xff\xff\x18\x01\0\0\xb7\0\0\0\0\0\0\0\0\0\0\
\0\xb7\x02\0\0\x3c\0\0\0\x85\0\0\0\x06\0\0\0\x05\0\xbe\xfe\0\0\0\0\x79\x12\x20\
\0\0\0\0\0\x18\x03\0\0\0\0\0\x80\0\0\0\0\0\0\0\0\x5f\x32\0\0\0\0\0\0\x55\x02\
\xa7\x02\0\0\0\0\x79\x19\x08\0\0\0\0\0\xb7\x01\0\0\0\0\0\0\x7b\x1a\x58\xff\0\0\
\0\0\x7b\x1a\x50\xff\0\0\0\0\x7b\x1a\x48\xff\0\0\0\0\x7b\x1a\x40\xff\0\0\0\0\
\x7b\x1a\x38\xff\0\0\0\0\x7b\x1a\x30\xff\0\0\0\0\x7b\x1a\x28\xff\0\0\0\0\x79\
\x92\x18\0\0\0\0\0\x18\x01\0\0\0\0\0\0\0\0\0\0\0\0\0\0\xb7\x03\0\0\0\0\0\0\xb7\
\x04\0\0\0\0\0\0\x85\0\0\0\x6b\0\0\0\xbf\x06\0\0\0\0\0\0\x55\x06\x1e\x02\0\0\0\
\0\x79\x92\x18\0\0\0\0\0\xb7\x07\0\0\x01\0\0\0\x18\x01\0\0\0\0\0\0\0\0\0\0\0\0\
\0\0\xb7\x03\0\0\0\0\0\0\xb7\x04\0\0\x01\0\0\0\x85\0\0\0\x6b\0\0\0\xbf\x08\0\0\
\0\0\0\0\x15\x08\x0d\0\0\0\0\0\xbf\x86\0\0\0\0\0\0\x79\x91\x18\0\0\0\0\0\x69\
\x12\x10\0\0\0\0\0\x63\x26\0\0\0\0\0\0\x79\x93\x18\0\0\0\0\0\x69\x91\x04\0\0\0\
\0\0\x67\x01\0\0\x30\0\0\0\xc7\x01\0\0\x30\0\0\0\x69\x33\x24\x02\0\0\0\0\x65\
\x03\x07\0\x05\0\0\0\x15\x03\x11\0\0\0\0\0\x15\x03\x1b\0\x01\0\0\0\x05\0\x06\0\
\0\0\0\0\x18\x01\0\0\xf3\0\0\0\0\0\0\0\0\0\0\0\xb7\x02\0\0\x45\0\0\0\x05\0\x7b\
\x02\0\0\0\0\x15\x03\x08\0\x06\0\0\0\x15\x03\x11\0\x11\0\0\0\xb7\x02\0\0\x3a\0\
\0\0\x15\x01\x01\0\x3a\0\0\0\xb7\x02\0\0\xfc\0\0\0\xb7\x07\0\0\xfb\0\0\0\x15\
\x01\x0f\0\x03\0\0\0\xbf\x27\0\0\0\0\0\0\x05\0\x0d\0\0\0\0\0\xb7\x07\0\0\x06\0\
\0\0\x05\0\x0b\0\0\0\0\0\x15\x02\x01\0\x0a\0\0\0\x55\x02\x08\0\x02\0\0\0\xb7\
\x07\0\0\x06\0\0\0\x15\x01\x07\0\x01\0\0\0\x67\x01\0\0\x20\0\0\0\x77\x01\0\0\
\x20\0\0\0\x15\x01\xab\x03\x03\0\0\0\x55\x01\x02\0\x02\0\0\0\xb7\x07\0\0\x11\0\
\0\0\x05\0\x01\0\0\0\0\0\xb7\x07\0\0\xfc\0\0\0\x63\x76\x04\0\0\0\0\0\x79\x91\
\x18\0\0\0\0\0\x85\0\0\0\x2e\0\0\0\x7b\x06\x60\x09\0\0\0\0\x85\0\0\0\x9e\0\0\0\
\xbf\x07\0\0\0\0\0\0\x61\x71\x4c\x06\0\0\0\0\x63\x1a\x6c\xff\0\0\0\0\xbf\xa2\0\
\0\0\0\0\0\x07\x02\0\0\x6c\xff\xff\xff\x18\x01\0\0\0\0\0\0\0\0\0\0\0\0\0\0\x85\
\0\0\0\x01\0\0\0\x15\0\x2a\x01\0\0\0\0\x07\x08\0\0\x08\0\0\0\x79\x01\x20\x02\0\
\0\0\0\x7b\x18\x20\x02\0\0\0\0\x79\x01\x18\x02\0\0\0\0\x7b\x18\x18\x02\0\0\0\0\
\x79\x01\x10\x02\0\0\0\0\x7b\x18\x10\x02\0\0\0\0\x79\x01\x08\x02\0\0\0\0\x7b\
\x18\x08\x02\0\0\0\0\x79\x01\0\x02\0\0\0\0\x7b\x18\0\x02\0\0\0\0\x79\x01\xf8\
\x01\0\0\0\0\x7b\x18\xf8\x01\0\0\0\0\x79\x01\xf0\x01\0\0\0\0\x7b\x18\xf0\x01\0\
\0\0\0\x79\x01\xe8\x01\0\0\0\0\x7b\x18\xe8\x01\0\0\0\0\x79\x01\xe0\x01\0\0\0\0\
\x7b\x18\xe0\x01\0\0\0\0\x79\x01\xd8\x01\0\0\0\0\x7b\x18\xd8\x01\0\0\0\0\x79\
\x01\xd0\x01\0\0\0\0\x7b\x18\xd0\x01\0\0\0\0\x79\x01\xc8\x01\0\0\0\0\x7b\x18\
\xc8\x01\0\0\0\0\x79\x01\xc0\x01\0\0\0\0\x7b\x18\xc0\x01\0\0\0\0\x79\x01\xb8\
\x01\0\0\0\0\x7b\x18\xb8\x01\0\0\0\0\x79\x01\xb0\x01\0\0\0\0\x7b\x18\xb0\x01\0\
\0\0\0\x79\x01\xa8\x01\0\0\0\0\x7b\x18\xa8\x01\0\0\0\0\x79\x01\xa0\x01\0\0\0\0\
\x7b\x18\xa0\x01\0\0\0\0\x79\x01\x98\x01\0\0\0\0\x7b\x18\x98\x01\0\0\0\0\x79\
\x01\x90\x01\0\0\0\0\x7b\x18\x90\x01\0\0\0\0\x79\x01\x88\x01\0\0\0\0\x7b\x18\
\x88\x01\0\0\0\0\x79\x01\x80\x01\0\0\0\0\x7b\x18\x80\x01\0\0\0\0\x79\x01\x78\
\x01\0\0\0\0\x7b\x18\x78\x01\0\0\0\0\x79\x01\x70\x01\0\0\0\0\x7b\x18\x70\x01\0\
\0\0\0\x79\x01\x68\x01\0\0\0\0\x7b\x18\x68\x01\0\0\0\0\x79\x01\x60\x01\0\0\0\0\
\x7b\x18\x60\x01\0\0\0\0\x79\x01\x58\x01\0\0\0\0\x7b\x18\x58\x01\0\0\0\0\x79\
\x01\x50\x01\0\0\0\0\x7b\x18\x50\x01\0\0\0\0\x79\x01\x48\x01\0\0\0\0\x7b\x18\
\x48\x01\0\0\0\0\x79\x01\x40\x01\0\0\0\0\x7b\x18\x40\x01\0\0\0\0\x79\x01\x38\
\x01\0\0\0\0\x7b\x18\x38\x01\0\0\0\0\x79\x01\x30\x01\0\0\0\0\x7b\x18\x30\x01\0\
\0\0\0\x79\x01\x28\x01\0\0\0\0\x7b\x18\x28\x01\0\0\0\0\x79\x01\x20\x01\0\0\0\0\
\x7b\x18\x20\x01\0\0\0\0\x79\x01\x18\x01\0\0\0\0\x7b\x18\x18\x01\0\0\0\0\x79\
\x01\x10\x01\0\0\0\0\x7b\x18\x10\x01\0\0\0\0\x79\x01\x08\x01\0\0\0\0\x7b\x18\
\x08\x01\0\0\0\0\x79\x01\0\x01\0\0\0\0\x7b\x18\0\x01\0\0\0\0\x79\x01\xf8\0\0\0\
\0\0\x7b\x18\xf8\0\0\0\0\0\x79\x01\xf0\0\0\0\0\0\x7b\x18\xf0\0\0\0\0\0\x79\x01\
\xe8\0\0\0\0\0\x7b\x18\xe8\0\0\0\0\0\x79\x01\xe0\0\0\0\0\0\x7b\x18\xe0\0\0\0\0\
\0\x79\x01\xd8\0\0\0\0\0\x7b\x18\xd8\0\0\0\0\0\x79\x01\xd0\0\0\0\0\0\x7b\x18\
\xd0\0\0\0\0\0\x79\x01\xc8\0\0\0\0\0\x7b\x18\xc8\0\0\0\0\0\x79\x01\xc0\0\0\0\0\
\0\x7b\x18\xc0\0\0\0\0\0\x79\x01\xb8\0\0\0\0\0\x7b\x18\xb8\0\0\0\0\0\x79\x01\
\xb0\0\0\0\0\0\x7b\x18\xb0\0\0\0\0\0\x79\x01\xa8\0\0\0\0\0\x7b\x18\xa8\0\0\0\0\
\0\x79\x01\xa0\0\0\0\0\0\x7b\x18\xa0\0\0\0\0\0\x79\x01\x98\0\0\0\0\0\x7b\x18\
\x98\0\0\0\0\0\x79\x01\x90\0\0\0\0\0\x7b\x18\x90\0\0\0\0\0\x79\x01\x88\0\0\0\0\
\0\x7b\x18\x88\0\0\0\0\0\x79\x01\x80\0\0\0\0\0\x7b\x18\x80\0\0\0\0\0\x79\x01\
\x78\0\0\0\0\0\x7b\x18\x78\0\0\0\0\0\x79\x01\x70\0\0\0\0\0\x7b\x18\x70\0\0\0\0\
\0\x79\x01\x68\0\0\0\0\0\x7b\x18\x68\0\0\0\0\0\x79\x01\x60\0\0\0\0\0\x7b\x18\
\x60\0\0\0\0\0\x79\x01\x58\0\0\0\0\0\x7b\x18\x58\0\0\0\0\0\x79\x01\x50\0\0\0\0\
\0\x7b\x18\x50\0\0\0\0\0\x79\x01\x48\0\0\0\0\0\x7b\x18\x48\0\0\0\0\0\x79\x01\
\x40\0\0\0\0\0\x7b\x18\x40\0\0\0\0\0\x79\x01\x38\0\0\0\0\0\x7b\x18\x38\0\0\0\0\
\0\x79\x01\x30\0\0\0\0\0\x7b\x18\x30\0\0\0\0\0\x79\x01\x28\0\0\0\0\0\x7b\x18\
\x28\0\0\0\0\0\x79\x01\x20\0\0\0\0\0\x7b\x18\x20\0\0\0\0\0\x79\x01\x18\0\0\0\0\
\0\x7b\x18\x18\0\0\0\0\0\x79\x01\x10\0\0\0\0\0\x7b\x18\x10\0\0\0\0\0\x79\x01\
\x08\0\0\0\0\0\x7b\x18\x08\0\0\0\0\0\x79\x01\0\0\0\0\0\0\x7b\x18\0\0\0\0\0\0\
\x79\x01\x60\x04\0\0\0\0\x7b\x16\x68\x04\0\0\0\0\x79\x01\x58\x04\0\0\0\0\x7b\
\x16\x60\x04\0\0\0\0\x79\x01\x50\x04\0\0\0\0\x7b\x16\x58\x04\0\0\0\0\x79\x01\
\x48\x04\0\0\0\0\x7b\x16\x50\x04\0\0\0\0\x79\x01\x40\x04\0\0\0\0\x7b\x16\x48\
\x04\0\0\0\0\x79\x01\x38\x04\0\0\0\0\x7b\x16\x40\x04\0\0\0\0\x79\x01\x30\x04\0\
\0\0\0\x7b\x16\x38\x04\0\0\0\0\x79\x01\x28\x04\0\0\0\0\x7b\x16\x30\x04\0\0\0\0\
\x79\x01\x20\x04\0\0\0\0\x7b\x16\x28\x04\0\0\0\0\x79\x01\x18\x04\0\0\0\0\x7b\
\x16\x20\x04\0\0\0\0\x79\x01\x10\x04\0\0\0\0\x7b\x16\x18\x04\0\0\0\0\x79\x01\
\x08\x04\0\0\0\0\x7b\x16\x10\x04\0\0\0\0\x79\x01\0\x04\0\0\0\0\x7b\x16\x08\x04\
\0\0\0\0\x79\x01\xf8\x03\0\0\0\0\x7b\x16\0\x04\0\0\0\0\x79\x01\xf0\x03\0\0\0\0\
\x7b\x16\xf8\x03\0\0\0\0\x79\x01\xe8\x03\0\0\0\0\x7b\x16\xf0\x03\0\0\0\0\x79\
\x01\xe0\x03\0\0\0\0\x7b\x16\xe8\x03\0\0\0\0\x79\x01\xd8\x03\0\0\0\0\x7b\x16\
\xe0\x03\0\0\0\0\x79\x01\xd0\x03\0\0\0\0\x7b\x16\xd8\x03\0\0\0\0\x79\x01\xc8\
\x03\0\0\0\0\x7b\x16\xd0\x03\0\0\0\0\x79\x01\xc0\x03\0\0\0\0\x7b\x16\xc8\x03\0\
\0\0\0\x79\x01\xb8\x03\0\0\0\0\x7b\x16\xc0\x03\0\0\0\0\x79\x01\xb0\x03\0\0\0\0\
\x7b\x16\xb8\x03\0\0\0\0\x79\x01\xa8\x03\0\0\0\0\x7b\x16\xb0\x03\0\0\0\0\x79\
\x01\xa0\x03\0\0\0\0\x7b\x16\xa8\x03\0\0\0\0\x79\x01\x98\x03\0\0\0\0\x7b\x16\
\xa0\x03\0\0\0\0\x79\x01\x90\x03\0\0\0\0\x7b\x16\x98\x03\0\0\0\0\x79\x01\x88\
\x03\0\0\0\0\x7b\x16\x90\x03\0\0\0\0\x79\x01\x80\x03\0\0\0\0\x7b\x16\x88\x03\0\
\0\0\0\x79\x01\x78\x03\0\0\0\0\x7b\x16\x80\x03\0\0\0\0\x79\x01\x70\x03\0\0\0\0\
\x7b\x16\x78\x03\0\0\0\0\x79\x01\x68\x03\0\0\0\0\x7b\x16\x70\x03\0\0\0\0\x79\
\x01\x60\x03\0\0\0\0\x7b\x16\x68\x03\0\0\0\0\x79\x01\x58\x03\0\0\0\0\x7b\x16\
\x60\x03\0\0\0\0\x79\x01\x50\x03\0\0\0\0\x7b\x16\x58\x03\0\0\0\0\x79\x01\x48\
\x03\0\0\0\0\x7b\x16\x50\x03\0\0\0\0\x79\x01\x40\x03\0\0\0\0\x7b\x16\x48\x03\0\
\0\0\0\x79\x01\x38\x03\0\0\0\0\x7b\x16\x40\x03\0\0\0\0\x79\x01\x30\x03\0\0\0\0\
\x7b\x16\x38\x03\0\0\0\0\x79\x01\x28\x03\0\0\0\0\x7b\x16\x30\x03\0\0\0\0\x79\
\x01\x20\x03\0\0\0\0\x7b\x16\x28\x03\0\0\0\0\x79\x01\x18\x03\0\0\0\0\x7b\x16\
\x20\x03\0\0\0\0\x79\x01\x10\x03\0\0\0\0\x7b\x16\x18\x03\0\0\0\0\x79\x01\x08\
\x03\0\0\0\0\x7b\x16\x10\x03\0\0\0\0\x79\x01\0\x03\0\0\0\0\x7b\x16\x08\x03\0\0\
\0\0\x79\x01\xf8\x02\0\0\0\0\x7b\x16\0\x03\0\0\0\0\x79\x01\xf0\x02\0\0\0\0\x7b\
\x16\xf8\x02\0\0\0\0\x79\x01\xe8\x02\0\0\0\0\x7b\x16\xf0\x02\0\0\0\0\x79\x01\
\xe0\x02\0\0\0\0\x7b\x16\xe8\x02\0\0\0\0\x79\x01\xd8\x02\0\0\0\0\x7b\x16\xe0\
\x02\0\0\0\0\x79\x01\xd0\x02\0\0\0\0\x7b\x16\xd8\x02\0\0\0\0\x79\x01\xc8\x02\0\
\0\0\0\x7b\x16\xd0\x02\0\0\0\0\x79\x01\xc0\x02\0\0\0\0\x7b\x16\xc8\x02\0\0\0\0\
\x79\x01\xb8\x02\0\0\0\0\x7b\x16\xc0\x02\0\0\0\0\x79\x01\xb0\x02\0\0\0\0\x7b\
\x16\xb8\x02\0\0\0\0\x79\x01\xa8\x02\0\0\0\0\x7b\x16\xb0\x02\0\0\0\0\x79\x01\
\xa0\x02\0\0\0\0\x7b\x16\xa8\x02\0\0\0\0\x79\x01\x98\x02\0\0\0\0\x7b\x16\xa0\
\x02\0\0\0\0\x79\x01\x90\x02\0\0\0\0\x7b\x16\x98\x02\0\0\0\0\x79\x01\x88\x02\0\
\0\0\0\x7b\x16\x90\x02\0\0\0\0\x79\x01\x80\x02\0\0\0\0\x7b\x16\x88\x02\0\0\0\0\
\x79\x01\x78\x02\0\0\0\0\x7b\x16\x80\x02\0\0\0\0\x79\x01\x70\x02\0\0\0\0\x7b\
\x16\x78\x02\0\0\0\0\x79\x01\x68\x02\0\0\0\0\x7b\x16\x70\x02\0\0\0\0\x79\x01\
\x60\x02\0\0\0\0\x7b\x16\x68\x02\0\0\0\0\x79\x01\x58\x02\0\0\0\0\x7b\x16\x60\
\x02\0\0\0\0\x79\x01\x50\x02\0\0\0\0\x7b\x16\x58\x02\0\0\0\0\x79\x01\x48\x02\0\
\0\0\0\x7b\x16\x50\x02\0\0\0\0\x79\x01\x40\x02\0\0\0\0\x7b\x16\x48\x02\0\0\0\0\
\x79\x01\x38\x02\0\0\0\0\x7b\x16\x40\x02\0\0\0\0\x79\x01\x30\x02\0\0\0\0\x7b\
\x16\x38\x02\0\0\0\0\x79\x01\x28\x02\0\0\0\0\x7b\x16\x30\x02\0\0\0\0\x79\x01\
\x98\x04\0\0\0\0\x7b\x16\xa0\x04\0\0\0\0\x79\x01\x90\x04\0\0\0\0\x7b\x16\x98\
\x04\0\0\0\0\x79\x01\x88\x04\0\0\0\0\x7b\x16\x90\x04\0\0\0\0\x79\x01\x80\x04\0\
\0\0\0\x7b\x16\x88\x04\0\0\0\0\x79\x01\x78\x04\0\0\0\0\x7b\x16\x80\x04\0\0\0\0\
\x79\x01\x70\x04\0\0\0\0\x7b\x16\x78\x04\0\0\0\0\x79\x01\x68\x04\0\0\0\0\x7b\
\x16\x70\x04\0\0\0\0\x05\0\xb2\0\0\0\0\0\x7b\x8a\x08\xff\0\0\0\0\x7b\x0a\x10\
\xff\0\0\0\0\x7b\x9a\x18\xff\0\0\0\0\xb7\x01\0\0\x58\x06\0\0\x7b\x7a\0\xff\0\0\
\0\0\x0f\x17\0\0\0\0\0\0\xbf\xa1\0\0\0\0\0\0\x07\x01\0\0\x70\xff\xff\xff\xb7\
\x02\0\0\x08\0\0\0\xbf\x73\0\0\0\0\0\0\x85\0\0\0\x71\0\0\0\xb7\x01\0\0\x88\x06\
\0\0\x79\xa3\x70\xff\0\0\0\0\x0f\x13\0\0\0\0\0\0\xbf\xa1\0\0\0\0\0\0\x07\x01\0\
\0\x78\xff\xff\xff\xb7\x02\0\0\x08\0\0\0\x85\0\0\0\x71\0\0\0\xb7\x09\0\0\x40\0\
\0\0\x79\xa8\x78\xff\0\0\0\0\x05\0\x06\0\0\0\0\0\x07\x09\0\0\xff\xff\xff\xff\
\xbf\x91\0\0\0\0\0\0\x67\x01\0\0\x20\0\0\0\x77\x01\0\0\x20\0\0\0\xbf\x78\0\0\0\
\0\0\0\x15\x01\x23\0\0\0\0\0\xbf\x83\0\0\0\0\0\0\xb7\x01\0\0\x58\x06\0\0\x0f\
\x13\0\0\0\0\0\0\xbf\xa1\0\0\0\0\0\0\x07\x01\0\0\x70\xff\xff\xff\xb7\x02\0\0\
\x08\0\0\0\x85\0\0\0\x71\0\0\0\x79\xa3\x70\xff\0\0\0\0\xb7\x01\0\0\x88\x06\0\0\
\x0f\x13\0\0\0\0\0\0\xbf\xa1\0\0\0\0\0\0\x07\x01\0\0\x78\xff\xff\xff\xb7\x02\0\
\0\x08\0\0\0\x85\0\0\0\x71\0\0\0\x79\xa7\x78\xff\0\0\0\0\x15\x07\x13\0\0\0\0\0\
\xbf\x83\0\0\0\0\0\0\xb7\x01\0\0\xe8\x08\0\0\x0f\x13\0\0\0\0\0\0\xbf\xa1\0\0\0\
\0\0\0\x07\x01\0\0\x78\xff\xff\xff\xb7\x02\0\0\x08\0\0\0\x85\0\0\0\x71\0\0\0\
\xbf\x73\0\0\0\0\0\0\xb7\x01\0\0\xe8\x08\0\0\x0f\x13\0\0\0\0\0\0\x79\xa1\x78\
\xff\0\0\0\0\x7b\x1a\x20\xff\0\0\0\0\xbf\xa1\0\0\0\0\0\0\x07\x01\0\0\x78\xff\
\xff\xff\xb7\x02\0\0\x08\0\0\0\x85\0\0\0\x71\0\0\0\x79\xa1\x78\xff\0\0\0\0\x79\
\xa2\x20\xff\0\0\0\0\x1d\x12\xd7\xff\0\0\0\0\xb7\x09\0\0\x4c\x06\0\0\xbf\x83\0\
\0\0\0\0\0\x0f\x93\0\0\0\0\0\0\xbf\xa1\0\0\0\0\0\0\x07\x01\0\0\x78\xff\xff\xff\
\xb7\x02\0\0\x04\0\0\0\x85\0\0\0\x71\0\0\0\x61\xa1\x78\xff\0\0\0\0\x63\x16\x0c\
\0\0\0\0\0\xb7\x07\0\0\x80\x07\0\0\x0f\x78\0\0\0\0\0\0\xbf\xa1\0\0\0\0\0\0\x07\
\x01\0\0\x78\xff\xff\xff\xb7\x02\0\0\x08\0\0\0\xbf\x83\0\0\0\0\0\0\x85\0\0\0\
\x71\0\0\0\x79\xa1\x78\xff\0\0\0\0\x7b\x16\x18\0\0\0\0\0\xb7\x01\0\0\x88\x06\0\
\0\x79\xa8\0\xff\0\0\0\0\xbf\x83\0\0\0\0\0\0\x0f\x13\0\0\0\0\0\0\xbf\xa1\0\0\0\
\0\0\0\x07\x01\0\0\x70\xff\xff\xff\xb7\x02\0\0\x08\0\0\0\x85\0\0\0\x71\0\0\0\
\x79\xa3\x70\xff\0\0\0\0\x0f\x73\0\0\0\0\0\0\xbf\xa1\0\0\0\0\0\0\x07\x01\0\0\
\x78\xff\xff\xff\xb7\x02\0\0\x08\0\0\0\x85\0\0\0\x71\0\0\0\x79\xa1\x78\xff\0\0\
\0\0\x7b\x16\x10\0\0\0\0\0\xbf\x83\0\0\0\0\0\0\x0f\x93\0\0\0\0\0\0\xbf\xa1\0\0\
\0\0\0\0\x07\x01\0\0\x78\xff\xff\xff\xb7\x02\0\0\x04\0\0\0\x85\0\0\0\x71\0\0\0\
\x61\xa1\x78\xff\0\0\0\0\x63\x16\x08\0\0\0\0\0\xb7\x01\0\0\xf0\x07\0\0\xbf\x87\
\0\0\0\0\0\0\x0f\x17\0\0\0\0\0\0\xbf\xa1\0\0\0\0\0\0\x07\x01\0\0\x78\xff\xff\
\xff\xb7\x02\0\0\x08\0\0\0\xbf\x73\0\0\0\0\0\0\x85\0\0\0\x71\0\0\0\xb7\x01\0\0\
\x1c\0\0\0\x79\xa3\x78\xff\0\0\0\0\x0f\x13\0\0\0\0\0\0\xbf\xa1\0\0\0\0\0\0\x07\
\x01\0\0\x70\xff\xff\xff\xb7\x02\0\0\x04\0\0\0\x85\0\0\0\x71\0\0\0\x61\xa1\x70\
\xff\0\0\0\0\x63\x16\x24\x02\0\0\0\0\xbf\xa1\0\0\0\0\0\0\x07\x01\0\0\x78\xff\
\xff\xff\xb7\x02\0\0\x08\0\0\0\xbf\x73\0\0\0\0\0\0\x85\0\0\0\x71\0\0\0\xb7\x01\
\0\0\x20\0\0\0\x79\xa3\x78\xff\0\0\0\0\x0f\x13\0\0\0\0\0\0\xbf\xa1\0\0\0\0\0\0\
\x07\x01\0\0\x70\xff\xff\xff\xb7\x02\0\0\x04\0\0\0\x85\0\0\0\x71\0\0\0\x61\xa1\
\x70\xff\0\0\0\0\x63\x16\x28\x02\0\0\0\0\xb7\x01\0\0\x90\x05\0\0\x0f\x18\0\0\0\
\0\0\0\xbf\xa1\0\0\0\0\0\0\x07\x01\0\0\x70\xff\xff\xff\xb7\x02\0\0\x08\0\0\0\
\xbf\x83\0\0\0\0\0\0\x85\0\0\0\x71\0\0\0\xb7\x01\0\0\x28\x01\0\0\x79\xa3\x70\
\xff\0\0\0\0\x0f\x13\0\0\0\0\0\0\xbf\xa1\0\0\0\0\0\0\x07\x01\0\0\x78\xff\xff\
\xff\xb7\x02\0\0\x08\0\0\0\x85\0\0\0\x71\0\0\0\x79\xa7\x78\xff\0\0\0\0\xbf\xa1\
\0\0\0\0\0\0\x07\x01\0\0\x70\xff\xff\xff\xb7\x02\0\0\x08\0\0\0\xbf\x83\0\0\0\0\
\0\0\x85\0\0\0\x71\0\0\0\xb7\x01\0\0\x30\x01\0\0\x79\xa3\x70\xff\0\0\0\0\x0f\
\x13\0\0\0\0\0\0\xbf\xa1\0\0\0\0\0\0\x07\x01\0\0\x78\xff\xff\xff\xb7\x02\0\0\
\x08\0\0\0\x85\0\0\0\x71\0\0\0\x79\xa2\x78\xff\0\0\0\0\x1f\x72\0\0\0\0\0\0\xb7\
\x01\0\0\0\x02\0\0\x2d\x21\x01\0\0\0\0\0\xb7\x02\0\0\0\x02\0\0\x63\x26\x20\x02\
\0\0\0\0\x79\xa1\x08\xff\0\0\0\0\x07\x01\0\0\x20\0\0\0\xbf\x73\0\0\0\0\0\0\x85\
\0\0\0\x70\0\0\0\x61\x61\x20\x02\0\0\0\0\x79\xa9\x18\xff\0\0\0\0\x79\xa0\x10\
\xff\0\0\0\0\x55\x01\x02\0\0\x02\0\0\xb7\x01\0\0\0\0\0\0\x73\x16\x1f\x02\0\0\0\
\0\xb7\x01\0\0\x01\0\0\0\x55\0\x01\0\0\0\0\0\xb7\x01\0\0\0\0\0\0\x73\x16\x68\
\x09\0\0\0\0\x79\x61\x60\x09\0\0\0\0\x7b\x1a\x60\xff\0\0\0\0\x7b\x1a\x78\xff\0\
\0\0\0\xbf\xa2\0\0\0\0\0\0\x07\x02\0\0\x78\xff\xff\xff\x18\x01\0\0\0\0\0\0\0\0\
\0\0\0\0\0\0\xbf\x23\0\0\0\0\0\0\xb7\x04\0\0\x01\0\0\0\x85\0\0\0\x02\0\0\0\xb7\
\x01\0\0\x18\0\0\0\xbf\x97\0\0\0\0\0\0\x0f\x17\0\0\0\0\0\0\xbf\xa1\0\0\0\0\0\0\
\x07\x01\0\0\x70\xff\xff\xff\xb7\x02\0\0\x08\0\0\0\xbf\x73\0\0\0\0\0\0\x85\0\0\
\0\x71\0\0\0\xb7\x01\0\0\0\0\0\0\x79\xa3\x70\xff\0\0\0\0\x0f\x13\0\0\0\0\0\0\
\xbf\xa8\0\0\0\0\0\0\x07\x08\0\0\x78\xff\xff\xff\xbf\x81\0\0\0\0\0\0\xb7\x02\0\
\0\x88\0\0\0\x85\0\0\0\x71\0\0\0\x69\x88\x10\0\0\0\0\0\x63\x8a\x28\xff\0\0\0\0\
\xb7\x01\0\0\x04\0\0\0\x0f\x19\0\0\0\0\0\0\xbf\xa1\0\0\0\0\0\0\x07\x01\0\0\x70\
\xff\xff\xff\xb7\x02\0\0\x02\0\0\0\xbf\x93\0\0\0\0\0\0\x85\0\0\0\x71\0\0\0\x69\
\xa9\x70\xff\0\0\0\0\xbf\xa1\0\0\0\0\0\0\x07\x01\0\0\x70\xff\xff\xff\xb7\x02\0\
\0\x08\0\0\0\xbf\x73\0\0\0\0\0\0\x85\0\0\0\x71\0\0\0\xb7\x01\0\0\x24\x02\0\0\
\x79\xa3\x70\xff\0\0\0\0\x0f\x13\0\0\0\0\0\0\xbf\xa1\0\0\0\0\0\0\x07\x01\0\0\
\x6c\xff\xff\xff\xb7\x02\0\0\x02\0\0\0\x85\0\0\0\x71\0\0\0\x67\x09\0\0\x30\0\0\
\0\xc7\x09\0\0\x30\0\0\0\x69\xa1\x6c\xff\0\0\0\0\x65\x01\x04\0\x05\0\0\0\x15\
\x01\x0e\0\0\0\0\0\xb7\x02\0\0\x01\0\0\0\x15\x01\x17\0\x01\0\0\0\x05\0\x02\0\0\
\0\0\0\x15\x01\x08\0\x06\0\0\0\x15\x01\x11\0\x11\0\0\0\xb7\x01\0\0\x3a\0\0\0\
\x15\x09\x01\0\x3a\0\0\0\xb7\x01\0\0\xfc\0\0\0\xb7\x02\0\0\xfb\0\0\0\x15\x09\
\x0f\0\x03\0\0\0\xbf\x12\0\0\0\0\0\0\x05\0\x0d\0\0\0\0\0\xb7\x02\0\0\x06\0\0\0\
\x05\0\x0b\0\0\0\0\0\x15\x08\x01\0\x0a\0\0\0\x55\x08\x08\0\x02\0\0\0\xb7\x02\0\
\0\x06\0\0\0\x15\x09\x07\0\x01\0\0\0\x67\x09\0\0\x20\0\0\0\x77\x09\0\0\x20\0\0\
\0\x15\x09\x6d\x01\x03\0\0\0\x55\x09\x02\0\x02\0\0\0\xb7\x02\0\0\x11\0\0\0\x05\
\0\x01\0\0\0\0\0\xb7\x02\0\0\xfc\0\0\0\x63\x2a\x2c\xff\0\0\0\0\x15\x08\x08\0\
\x0a\0\0\0\x55\x08\x17\0\x02\0\0\0\xbf\xa1\0\0\0\0\0\0\x07\x01\0\0\x78\xff\xff\
\xff\x61\x12\0\0\0\0\0\0\x63\x2a\x48\xff\0\0\0\0\x61\x11\x04\0\0\0\0\0\x63\x1a\
\x30\xff\0\0\0\0\x05\0\x10\0\0\0\0\0\xb7\x01\0\0\x48\0\0\0\xbf\xa2\0\0\0\0\0\0\
\x07\x02\0\0\x78\xff\xff\xff\xbf\x23\0\0\0\0\0\0\x0f\x13\0\0\0\0\0\0\x79\x21\
\x48\0\0\0\0\0\x7b\x1a\x30\xff\0\0\0\0\x79\x31\x08\0\0\0\0\0\x7b\x1a\x38\xff\0\
\0\0\0\xb7\x01\0\0\x38\0\0\0\xbf\x23\0\0\0\0\0\0\x0f\x13\0\0\0\0\0\0\x79\x21\
\x38\0\0\0\0\0\x7b\x1a\x48\xff\0\0\0\0\x79\x31\x08\0\0\0\0\0\x7b\x1a\x50\xff\0\
\0\0\0\xbf\xa1\0\0\0\0\0\0\x07\x01\0\0\x78\xff\xff\xff\x69\x12\x0c\0\0\0\0\0\
\x6b\x2a\x58\xff\0\0\0\0\x69\x11\x0e\0\0\0\0\0\x6b\x1a\x40\xff\0\0\0\0\xbf\xa2\
\0\0\0\0\0\0\x07\x02\0\0\x28\xff\xff\xff\x18\x01\0\0\0\0\0\0\0\0\0\0\0\0\0\0\
\x85\0\0\0\x01\0\0\0\x15\0\x06\0\0\0\0\0\x18\x01\0\0\x38\x01\0\0\0\0\0\0\0\0\0\
\0\xb7\x02\0\0\x47\0\0\0\x85\0\0\0\x06\0\0\0\xb7\0\0\0\0\0\0\0\x95\0\0\0\0\0\0\
\0\xb7\x01\0\0\0\0\0\0\x63\x16\xb0\x04\0\0\0\0\x6b\x16\x58\x09\0\0\0\0\x7b\x16\
\xa8\x04\0\0\0\0\x79\x61\x08\0\0\0\0\0\x7b\x16\xb8\x04\0\0\0\0\x79\x61\x10\0\0\
\0\0\0\x7b\x16\xc0\x04\0\0\0\0\x79\x61\x18\0\0\0\0\0\x7b\x16\xc8\x04\0\0\0\0\
\x79\x61\x20\0\0\0\0\0\x7b\x16\xd0\x04\0\0\0\0\x79\x61\x28\0\0\0\0\0\x7b\x16\
\xd8\x04\0\0\0\0\x79\x61\x30\0\0\0\0\0\x7b\x16\xe0\x04\0\0\0\0\x79\x61\x38\0\0\
\0\0\0\x7b\x16\xe8\x04\0\0\0\0\x79\x61\x40\0\0\0\0\0\x7b\x16\xf0\x04\0\0\0\0\
\x79\x61\x48\0\0\0\0\0\x7b\x16\xf8\x04\0\0\0\0\x79\x61\x50\0\0\0\0\0\x7b\x16\0\
\x05\0\0\0\0\x79\x61\x58\0\0\0\0\0\x7b\x16\x08\x05\0\0\0\0\x79\x61\x60\0\0\0\0\
\0\x7b\x16\x10\x05\0\0\0\0\x79\x61\x68\0\0\0\0\0\x7b\x16\x18\x05\0\0\0\0\x79\
\x61\x70\0\0\0\0\0\x7b\x16\x20\x05\0\0\0\0\x79\x61\x78\0\0\0\0\0\x7b\x16\x28\
\x05\0\0\0\0\x79\x61\x80\0\0\0\0\0\x7b\x16\x30\x05\0\0\0\0\x79\x61\x88\0\0\0\0\
\0\x7b\x16\x38\x05\0\0\0\0\x79\x61\x90\0\0\0\0\0\x7b\x16\x40\x05\0\0\0\0\x79\
\x61\x98\0\0\0\0\0\x7b\x16\x48\x05\0\0\0\0\x79\x61\xa0\0\0\0\0\0\x7b\x16\x50\
\x05\0\0\0\0\x79\x61\xa8\0\0\0\0\0\x7b\x16\x58\x05\0\0\0\0\x79\x61\xb0\0\0\0\0\
\0\x7b\x16\x60\x05\0\0\0\0\x79\x61\xb8\0\0\0\0\0\x7b\x16\x68\x05\0\0\0\0\x79\
\x61\xc0\0\0\0\0\0\x7b\x16\x70\x05\0\0\0\0\x79\x61\xc8\0\0\0\0\0\x7b\x16\x78\
\x05\0\0\0\0\x79\x61\xd0\0\0\0\0\0\x7b\x16\x80\x05\0\0\0\0\x79\x61\xd8\0\0\0\0\
\0\x7b\x16\x88\x05\0\0\0\0\x79\x61\xe0\0\0\0\0\0\x7b\x16\x90\x05\0\0\0\0\x79\
\x61\xe8\0\0\0\0\0\x7b\x16\x98\x05\0\0\0\0\x79\x61\xf0\0\0\0\0\0\x7b\x16\xa0\
\x05\0\0\0\0\x79\x61\xf8\0\0\0\0\0\x7b\x16\xa8\x05\0\0\0\0\x79\x61\0\x01\0\0\0\
\0\x7b\x16\xb0\x05\0\0\0\0\x79\x61\x08\x01\0\0\0\0\x7b\x16\xb8\x05\0\0\0\0\x79\
\x61\x10\x01\0\0\0\0\x7b\x16\xc0\x05\0\0\0\0\x79\x61\x18\x01\0\0\0\0\x7b\x16\
\xc8\x05\0\0\0\0\x79\x61\x20\x01\0\0\0\0\x7b\x16\xd0\x05\0\0\0\0\x79\x61\x28\
\x01\0\0\0\0\x7b\x16\xd8\x05\0\0\0\0\x79\x61\x30\x01\0\0\0\0\x7b\x16\xe0\x05\0\
\0\0\0\x79\x61\x38\x01\0\0\0\0\x7b\x16\xe8\x05\0\0\0\0\x79\x61\x40\x01\0\0\0\0\
\x7b\x16\xf0\x05\0\0\0\0\x79\x61\x48\x01\0\0\0\0\x7b\x16\xf8\x05\0\0\0\0\x79\
\x61\x50\x01\0\0\0\0\x7b\x16\0\x06\0\0\0\0\x79\x61\x58\x01\0\0\0\0\x7b\x16\x08\
\x06\0\0\0\0\x79\x61\x60\x01\0\0\0\0\x7b\x16\x10\x06\0\0\0\0\x79\x61\x68\x01\0\
\0\0\0\x7b\x16\x18\x06\0\0\0\0\x79\x61\x70\x01\0\0\0\0\x7b\x16\x20\x06\0\0\0\0\
\x79\x61\x78\x01\0\0\0\0\x7b\x16\x28\x06\0\0\0\0\x79\x61\x80\x01\0\0\0\0\x7b\
\x16\x30\x06\0\0\0\0\x79\x61\x88\x01\0\0\0\0\x7b\x16\x38\x06\0\0\0\0\x79\x61\
\x90\x01\0\0\0\0\x7b\x16\x40\x06\0\0\0\0\x79\x61\x98\x01\0\0\0\0\x7b\x16\x48\
\x06\0\0\0\0\x79\x61\xa0\x01\0\0\0\0\x7b\x16\x50\x06\0\0\0\0\x79\x61\xa8\x01\0\
\0\0\0\x7b\x16\x58\x06\0\0\0\0\x79\x61\xb0\x01\0\0\0\0\x7b\x16\x60\x06\0\0\0\0\
\x79\x61\xb8\x01\0\0\0\0\x7b\x16\x68\x06\0\0\0\0\x79\x61\xc0\x01\0\0\0\0\x7b\
\x16\x70\x06\0\0\0\0\x79\x61\xc8\x01\0\0\0\0\x7b\x16\x78\x06\0\0\0\0\x79\x61\
\xd0\x01\0\0\0\0\x7b\x16\x80\x06\0\0\0\0\x79\x61\xd8\x01\0\0\0\0\x7b\x16\x88\
\x06\0\0\0\0\x79\x61\xe0\x01\0\0\0\0\x7b\x16\x90\x06\0\0\0\0\x79\x61\xe8\x01\0\
\0\0\0\x7b\x16\x98\x06\0\0\0\0\x79\x61\xf0\x01\0\0\0\0\x7b\x16\xa0\x06\0\0\0\0\
\x79\x61\xf8\x01\0\0\0\0\x7b\x16\xa8\x06\0\0\0\0\x79\x61\0\x02\0\0\0\0\x7b\x16\
\xb0\x06\0\0\0\0\x79\x61\x08\x02\0\0\0\0\x7b\x16\xb8\x06\0\0\0\0\x79\x61\x10\
\x02\0\0\0\0\x7b\x16\xc0\x06\0\0\0\0\x79\x61\x18\x02\0\0\0\0\x7b\x16\xc8\x06\0\
\0\0\0\x79\x61\x20\x02\0\0\0\0\x7b\x16\xd0\x06\0\0\0\0\x79\x61\x28\x02\0\0\0\0\
\x7b\x16\xd8\x06\0\0\0\0\xbf\x63\0\0\0\0\0\0\x07\x03\0\0\xa8\x04\0\0\x71\x61\
\x68\x09\0\0\0\0\x15\x01\xa0\0\0\0\0\0\x79\x61\x68\x04\0\0\0\0\x7b\x16\x18\x09\
\0\0\0\0\x79\x61\x60\x04\0\0\0\0\x7b\x16\x10\x09\0\0\0\0\x79\x61\x58\x04\0\0\0\
\0\x7b\x16\x08\x09\0\0\0\0\x79\x61\x50\x04\0\0\0\0\x7b\x16\0\x09\0\0\0\0\x79\
\x61\x48\x04\0\0\0\0\x7b\x16\xf8\x08\0\0\0\0\x79\x61\x40\x04\0\0\0\0\x7b\x16\
\xf0\x08\0\0\0\0\x79\x61\x38\x04\0\0\0\0\x7b\x16\xe8\x08\0\0\0\0\x79\x61\x30\
\x04\0\0\0\0\x7b\x16\xe0\x08\0\0\0\0\x79\x61\x28\x04\0\0\0\0\x7b\x16\xd8\x08\0\
\0\0\0\x79\x61\x20\x04\0\0\0\0\x7b\x16\xd0\x08\0\0\0\0\x79\x61\x18\x04\0\0\0\0\
\x7b\x16\xc8\x08\0\0\0\0\x79\x61\x10\x04\0\0\0\0\x7b\x16\xc0\x08\0\0\0\0\x79\
\x61\x08\x04\0\0\0\0\x7b\x16\xb8\x08\0\0\0\0\x79\x61\0\x04\0\0\0\0\x7b\x16\xb0\
\x08\0\0\0\0\x79\x61\xf8\x03\0\0\0\0\x7b\x16\xa8\x08\0\0\0\0\x79\x61\xf0\x03\0\
\0\0\0\x7b\x16\xa0\x08\0\0\0\0\x79\x61\xe8\x03\0\0\0\0\x7b\x16\x98\x08\0\0\0\0\
\x79\x61\xe0\x03\0\0\0\0\x7b\x16\x90\x08\0\0\0\0\x79\x61\xd8\x03\0\0\0\0\x7b\
\x16\x88\x08\0\0\0\0\x79\x61\xd0\x03\0\0\0\0\x7b\x16\x80\x08\0\0\0\0\x79\x61\
\xc8\x03\0\0\0\0\x7b\x16\x78\x08\0\0\0\0\x79\x61\xc0\x03\0\0\0\0\x7b\x16\x70\
\x08\0\0\0\0\x79\x61\xb8\x03\0\0\0\0\x7b\x16\x68\x08\0\0\0\0\x79\x61\xb0\x03\0\
\0\0\0\x7b\x16\x60\x08\0\0\0\0\x79\x61\xa8\x03\0\0\0\0\x7b\x16\x58\x08\0\0\0\0\
\x79\x61\xa0\x03\0\0\0\0\x7b\x16\x50\x08\0\0\0\0\x79\x61\x98\x03\0\0\0\0\x7b\
\x16\x48\x08\0\0\0\0\x79\x61\x90\x03\0\0\0\0\x7b\x16\x40\x08\0\0\0\0\x79\x61\
\x88\x03\0\0\0\0\x7b\x16\x38\x08\0\0\0\0\x79\x61\x80\x03\0\0\0\0\x7b\x16\x30\
\x08\0\0\0\0\x79\x61\x78\x03\0\0\0\0\x7b\x16\x28\x08\0\0\0\0\x79\x61\x70\x03\0\
\0\0\0\x7b\x16\x20\x08\0\0\0\0\x79\x61\x68\x03\0\0\0\0\x7b\x16\x18\x08\0\0\0\0\
\x79\x61\x60\x03\0\0\0\0\x7b\x16\x10\x08\0\0\0\0\x79\x61\x58\x03\0\0\0\0\x7b\
\x16\x08\x08\0\0\0\0\x79\x61\x50\x03\0\0\0\0\x7b\x16\0\x08\0\0\0\0\x79\x61\x48\
\x03\0\0\0\0\x7b\x16\xf8\x07\0\0\0\0\x79\x61\x40\x03\0\0\0\0\x7b\x16\xf0\x07\0\
\0\0\0\x79\x61\x38\x03\0\0\0\0\x7b\x16\xe8\x07\0\0\0\0\x79\x61\x30\x03\0\0\0\0\
\x7b\x16\xe0\x07\0\0\0\0\x79\x61\x28\x03\0\0\0\0\x7b\x16\xd8\x07\0\0\0\0\x79\
\x61\x20\x03\0\0\0\0\x7b\x16\xd0\x07\0\0\0\0\x79\x61\x18\x03\0\0\0\0\x7b\x16\
\xc8\x07\0\0\0\0\x79\x61\x10\x03\0\0\0\0\x7b\x16\xc0\x07\0\0\0\0\x79\x61\x08\
\x03\0\0\0\0\x7b\x16\xb8\x07\0\0\0\0\x79\x61\0\x03\0\0\0\0\x7b\x16\xb0\x07\0\0\
\0\0\x79\x61\xf8\x02\0\0\0\0\x7b\x16\xa8\x07\0\0\0\0\x79\x61\xf0\x02\0\0\0\0\
\x7b\x16\xa0\x07\0\0\0\0\x79\x61\xe8\x02\0\0\0\0\x7b\x16\x98\x07\0\0\0\0\x79\
\x61\xe0\x02\0\0\0\0\x7b\x16\x90\x07\0\0\0\0\x79\x61\xd8\x02\0\0\0\0\x7b\x16\
\x88\x07\0\0\0\0\x79\x61\xd0\x02\0\0\0\0\x7b\x16\x80\x07\0\0\0\0\x79\x61\xc8\
\x02\0\0\0\0\x7b\x16\x78\x07\0\0\0\0\x79\x61\xc0\x02\0\0\0\0\x7b\x16\x70\x07\0\
\0\0\0\x79\x61\xb8\x02\0\0\0\0\x7b\x16\x68\x07\0\0\0\0\x79\x61\xb0\x02\0\0\0\0\
\x7b\x16\x60\x07\0\0\0\0\x79\x61\xa8\x02\0\0\0\0\x7b\x16\x58\x07\0\0\0\0\x79\
\x61\xa0\x02\0\0\0\0\x7b\x16\x50\x07\0\0\0\0\x79\x61\x98\x02\0\0\0\0\x7b\x16\
\x48\x07\0\0\0\0\x79\x61\x90\x02\0\0\0\0\x7b\x16\x40\x07\0\0\0\0\x79\x61\x88\
\x02\0\0\0\0\x7b\x16\x38\x07\0\0\0\0\x79\x61\x80\x02\0\0\0\0\x7b\x16\x30\x07\0\
\0\0\0\x79\x61\x78\x02\0\0\0\0\x7b\x16\x28\x07\0\0\0\0\x79\x61\x70\x02\0\0\0\0\
\x7b\x16\x20\x07\0\0\0\0\x79\x61\x68\x02\0\0\0\0\x7b\x16\x18\x07\0\0\0\0\x79\
\x61\x60\x02\0\0\0\0\x7b\x16\x10\x07\0\0\0\0\x79\x61\x58\x02\0\0\0\0\x7b\x16\
\x08\x07\0\0\0\0\x79\x61\x50\x02\0\0\0\0\x7b\x16\0\x07\0\0\0\0\x79\x61\x48\x02\
\0\0\0\0\x7b\x16\xf8\x06\0\0\0\0\x79\x61\x40\x02\0\0\0\0\x7b\x16\xf0\x06\0\0\0\
\0\x79\x61\x38\x02\0\0\0\0\x7b\x16\xe8\x06\0\0\0\0\x79\x61\x30\x02\0\0\0\0\x7b\
\x16\xe0\x06\0\0\0\0\xb7\x01\0\0\x01\0\0\0\x73\x16\x58\x09\0\0\0\0\x79\x61\xa0\
\x04\0\0\0\0\x7b\x16\x50\x09\0\0\0\0\x79\x61\x98\x04\0\0\0\0\x7b\x16\x48\x09\0\
\0\0\0\x79\x61\x90\x04\0\0\0\0\x7b\x16\x40\x09\0\0\0\0\x79\x61\x88\x04\0\0\0\0\
\x7b\x16\x38\x09\0\0\0\0\x79\x61\x80\x04\0\0\0\0\x7b\x16\x30\x09\0\0\0\0\x79\
\x61\x78\x04\0\0\0\0\x7b\x16\x28\x09\0\0\0\0\x79\x61\x70\x04\0\0\0\0\x7b\x16\
\x20\x09\0\0\0\0\xbf\xa2\0\0\0\0\0\0\x07\x02\0\0\x28\xff\xff\xff\x18\x01\0\0\0\
\0\0\0\0\0\0\0\0\0\0\0\xb7\x04\0\0\x01\0\0\0\x85\0\0\0\x02\0\0\0\x65\0\xc5\xfe\
\xff\xff\xff\xff\x18\x01\0\0\xb7\0\0\0\0\0\0\0\0\0\0\0\xb7\x02\0\0\x3c\0\0\0\
\x05\0\xc0\xfe\0\0\0\0\xb7\x02\0\0\xfb\0\0\0\x05\0\x95\xfe\0\0\0\0\xb7\x07\0\0\
\xfb\0\0\0\x05\0\x57\xfc\0\0\0\0\x79\x12\x28\0\0\0\0\0\x18\x03\0\0\0\0\0\x80\0\
\0\0\0\0\0\0\0\x5f\x32\0\0\0\0\0\0\x55\x02\xe3\x03\0\0\0\0\x79\x19\0\0\0\0\0\0\
\xb7\x01\0\0\0\0\0\0\x7b\x1a\x58\xff\0\0\0\0\x7b\x1a\x50\xff\0\0\0\0\x7b\x1a\
\x48\xff\0\0\0\0\x7b\x1a\x40\xff\0\0\0\0\x7b\x1a\x38\xff\0\0\0\0\x7b\x1a\x30\
\xff\0\0\0\0\x7b\x1a\x28\xff\0\0\0\0\x79\x92\x18\0\0\0\0\0\x18\x01\0\0\0\0\0\0\
\0\0\0\0\0\0\0\0\xb7\x03\0\0\0\0\0\0\xb7\x04\0\0\0\0\0\0\x85\0\0\0\x6b\0\0\0\
\xbf\x06\0\0\0\0\0\0\x55\x06\x1e\x02\0\0\0\0\x79\x92\x18\0\0\0\0\0\xb7\x07\0\0\
\x01\0\0\0\x18\x01\0\0\0\0\0\0\0\0\0\0\0\0\0\0\xb7\x03\0\0\0\0\0\0\xb7\x04\0\0\
\x01\0\0\0\x85\0\0\0\x6b\0\0\0\xbf\x08\0\0\0\0\0\0\x15\x08\x0d\0\0\0\0\0\xbf\
\x86\0\0\0\0\0\0\x79\x91\x18\0\0\0\0\0\x69\x12\x10\0\0\0\0\0\x63\x26\0\0\0\0\0\
\0\x79\x93\x18\0\0\0\0\0\x69\x91\x04\0\0\0\0\0\x67\x01\0\0\x30\0\0\0\xc7\x01\0\
\0\x30\0\0\0\x69\x33\x24\x02\0\0\0\0\x65\x03\x07\0\x05\0\0\0\x15\x03\x11\0\0\0\
\0\0\x15\x03\x1b\0\x01\0\0\0\x05\0\x06\0\0\0\0\0\x18\x01\0\0\x7f\x01\0\0\0\0\0\
\0\0\0\0\0\xb7\x02\0\0\x39\0\0\0\x05\0\xb7\x03\0\0\0\0\x15\x03\x08\0\x06\0\0\0\
\x15\x03\x11\0\x11\0\0\0\xb7\x02\0\0\x3a\0\0\0\x15\x01\x01\0\x3a\0\0\0\xb7\x02\
\0\0\xfc\0\0\0\xb7\x07\0\0\xfb\0\0\0\x15\x01\x0f\0\x03\0\0\0\xbf\x27\0\0\0\0\0\
\0\x05\0\x0d\0\0\0\0\0\xb7\x07\0\0\x06\0\0\0\x05\0\x0b\0\0\0\0\0\x15\x02\x01\0\
\x0a\0\0\0\x55\x02\x08\0\x02\0\0\0\xb7\x07\0\0\x06\0\0\0\x15\x01\x07\0\x01\0\0\
\0\x67\x01\0\0\x20\0\0\0\x77\x01\0\0\x20\0\0\0\x15\x01\xaa\x03\x03\0\0\0\x55\
\x01\x02\0\x02\0\0\0\xb7\x07\0\0\x11\0\0\0\x05\0\x01\0\0\0\0\0\xb7\x07\0\0\xfc\
\0\0\0\x63\x76\x04\0\0\0\0\0\x79\x91\x18\0\0\0\0\0\x85\0\0\0\x2e\0\0\0\x7b\x06\
\x60\x09\0\0\0\0\x85\0\0\0\x9e\0\0\0\xbf\x07\0\0\0\0\0\0\x61\x71\x4c\x06\0\0\0\
\0\x63\x1a\x6c\xff\0\0\0\0\xbf\xa2\0\0\0\0\0\0\x07\x02\0\0\x6c\xff\xff\xff\x18\
\x01\0\0\0\0\0\0\0\0\0\0\0\0\0\0\x85\0\0\0\x01\0\0\0\x15\0\x2a\x01\0\0\0\0\x07\
\x08\0\0\x08\0\0\0\x79\x01\x20\x02\0\0\0\0\x7b\x18\x20\x02\0\0\0\0\x79\x01\x18\
\x02\0\0\0\0\x7b\x18\x18\x02\0\0\0\0\x79\x01\x10\x02\0\0\0\0\x7b\x18\x10\x02\0\
\0\0\0\x79\x01\x08\x02\0\0\0\0\x7b\x18\x08\x02\0\0\0\0\x79\x01\0\x02\0\0\0\0\
\x7b\x18\0\x02\0\0\0\0\x79\x01\xf8\x01\0\0\0\0\x7b\x18\xf8\x01\0\0\0\0\x79\x01\
\xf0\x01\0\0\0\0\x7b\x18\xf0\x01\0\0\0\0\x79\x01\xe8\x01\0\0\0\0\x7b\x18\xe8\
\x01\0\0\0\0\x79\x01\xe0\x01\0\0\0\0\x7b\x18\xe0\x01\0\0\0\0\x79\x01\xd8\x01\0\
\0\0\0\x7b\x18\xd8\x01\0\0\0\0\x79\x01\xd0\x01\0\0\0\0\x7b\x18\xd0\x01\0\0\0\0\
\x79\x01\xc8\x01\0\0\0\0\x7b\x18\xc8\x01\0\0\0\0\x79\x01\xc0\x01\0\0\0\0\x7b\
\x18\xc0\x01\0\0\0\0\x79\x01\xb8\x01\0\0\0\0\x7b\x18\xb8\x01\0\0\0\0\x79\x01\
\xb0\x01\0\0\0\0\x7b\x18\xb0\x01\0\0\0\0\x79\x01\xa8\x01\0\0\0\0\x7b\x18\xa8\
\x01\0\0\0\0\x79\x01\xa0\x01\0\0\0\0\x7b\x18\xa0\x01\0\0\0\0\x79\x01\x98\x01\0\
\0\0\0\x7b\x18\x98\x01\0\0\0\0\x79\x01\x90\x01\0\0\0\0\x7b\x18\x90\x01\0\0\0\0\
\x79\x01\x88\x01\0\0\0\0\x7b\x18\x88\x01\0\0\0\0\x79\x01\x80\x01\0\0\0\0\x7b\
\x18\x80\x01\0\0\0\0\x79\x01\x78\x01\0\0\0\0\x7b\x18\x78\x01\0\0\0\0\x79\x01\
\x70\x01\0\0\0\0\x7b\x18\x70\x01\0\0\0\0\x79\x01\x68\x01\0\0\0\0\x7b\x18\x68\
\x01\0\0\0\0\x79\x01\x60\x01\0\0\0\0\x7b\x18\x60\x01\0\0\0\0\x79\x01\x58\x01\0\
\0\0\0\x7b\x18\x58\x01\0\0\0\0\x79\x01\x50\x01\0\0\0\0\x7b\x18\x50\x01\0\0\0\0\
\x79\x01\x48\x01\0\0\0\0\x7b\x18\x48\x01\0\0\0\0\x79\x01\x40\x01\0\0\0\0\x7b\
\x18\x40\x01\0\0\0\0\x79\x01\x38\x01\0\0\0\0\x7b\x18\x38\x01\0\0\0\0\x79\x01\
\x30\x01\0\0\0\0\x7b\x18\x30\x01\0\0\0\0\x79\x01\x28\x01\0\0\0\0\x7b\x18\x28\
\x01\0\0\0\0\x79\x01\x20\x01\0\0\0\0\x7b\x18\x20\x01\0\0\0\0\x79\x01\x18\x01\0\
\0\0\0\x7b\x18\x18\x01\0\0\0\0\x79\x01\x10\x01\0\0\0\0\x7b\x18\x10\x01\0\0\0\0\
\x79\x01\x08\x01\0\0\0\0\x7b\x18\x08\x01\0\0\0\0\x79\x01\0\x01\0\0\0\0\x7b\x18\
\0\x01\0\0\0\0\x79\x01\xf8\0\0\0\0\0\x7b\x18\xf8\0\0\0\0\0\x79\x01\xf0\0\0\0\0\
\0\x7b\x18\xf0\0\0\0\0\0\x79\x01\xe8\0\0\0\0\0\x7b\x18\xe8\0\0\0\0\0\x79\x01\
\xe0\0\0\0\0\0\x7b\x18\xe0\0\0\0\0\0\x79\x01\xd8\0\0\0\0\0\x7b\x18\xd8\0\0\0\0\
\0\x79\x01\xd0\0\0\0\0\0\x7b\x18\xd0\0\0\0\0\0\x79\x01\xc8\0\0\0\0\0\x7b\x18\
\xc8\0\0\0\0\0\x79\x01\xc0\0\0\0\0\0\x7b\x18\xc0\0\0\0\0\0\x79\x01\xb8\0\0\0\0\
\0\x7b\x18\xb8\0\0\0\0\0\x79\x01\xb0\0\0\0\0\0\x7b\x18\xb0\0\0\0\0\0\x79\x01\
\xa8\0\0\0\0\0\x7b\x18\xa8\0\0\0\0\0\x79\x01\xa0\0\0\0\0\0\x7b\x18\xa0\0\0\0\0\
\0\x79\x01\x98\0\0\0\0\0\x7b\x18\x98\0\0\0\0\0\x79\x01\x90\0\0\0\0\0\x7b\x18\
\x90\0\0\0\0\0\x79\x01\x88\0\0\0\0\0\x7b\x18\x88\0\0\0\0\0\x79\x01\x80\0\0\0\0\
\0\x7b\x18\x80\0\0\0\0\0\x79\x01\x78\0\0\0\0\0\x7b\x18\x78\0\0\0\0\0\x79\x01\
\x70\0\0\0\0\0\x7b\x18\x70\0\0\0\0\0\x79\x01\x68\0\0\0\0\0\x7b\x18\x68\0\0\0\0\
\0\x79\x01\x60\0\0\0\0\0\x7b\x18\x60\0\0\0\0\0\x79\x01\x58\0\0\0\0\0\x7b\x18\
\x58\0\0\0\0\0\x79\x01\x50\0\0\0\0\0\x7b\x18\x50\0\0\0\0\0\x79\x01\x48\0\0\0\0\
\0\x7b\x18\x48\0\0\0\0\0\x79\x01\x40\0\0\0\0\0\x7b\x18\x40\0\0\0\0\0\x79\x01\
\x38\0\0\0\0\0\x7b\x18\x38\0\0\0\0\0\x79\x01\x30\0\0\0\0\0\x7b\x18\x30\0\0\0\0\
\0\x79\x01\x28\0\0\0\0\0\x7b\x18\x28\0\0\0\0\0\x79\x01\x20\0\0\0\0\0\x7b\x18\
\x20\0\0\0\0\0\x79\x01\x18\0\0\0\0\0\x7b\x18\x18\0\0\0\0\0\x79\x01\x10\0\0\0\0\
\0\x7b\x18\x10\0\0\0\0\0\x79\x01\x08\0\0\0\0\0\x7b\x18\x08\0\0\0\0\0\x79\x01\0\
\0\0\0\0\0\x7b\x18\0\0\0\0\0\0\x79\x01\x60\x04\0\0\0\0\x7b\x16\x68\x04\0\0\0\0\
\x79\x01\x58\x04\0\0\0\0\x7b\x16\x60\x04\0\0\0\0\x79\x01\x50\x04\0\0\0\0\x7b\
\x16\x58\x04\0\0\0\0\x79\x01\x48\x04\0\0\0\0\x7b\x16\x50\x04\0\0\0\0\x79\x01\
\x40\x04\0\0\0\0\x7b\x16\x48\x04\0\0\0\0\x79\x01\x38\x04\0\0\0\0\x7b\x16\x40\
\x04\0\0\0\0\x79\x01\x30\x04\0\0\0\0\x7b\x16\x38\x04\0\0\0\0\x79\x01\x28\x04\0\
\0\0\0\x7b\x16\x30\x04\0\0\0\0\x79\x01\x20\x04\0\0\0\0\x7b\x16\x28\x04\0\0\0\0\
\x79\x01\x18\x04\0\0\0\0\x7b\x16\x20\x04\0\0\0\0\x79\x01\x10\x04\0\0\0\0\x7b\
\x16\x18\x04\0\0\0\0\x79\x01\x08\x04\0\0\0\0\x7b\x16\x10\x04\0\0\0\0\x79\x01\0\
\x04\0\0\0\0\x7b\x16\x08\x04\0\0\0\0\x79\x01\xf8\x03\0\0\0\0\x7b\x16\0\x04\0\0\
\0\0\x79\x01\xf0\x03\0\0\0\0\x7b\x16\xf8\x03\0\0\0\0\x79\x01\xe8\x03\0\0\0\0\
\x7b\x16\xf0\x03\0\0\0\0\x79\x01\xe0\x03\0\0\0\0\x7b\x16\xe8\x03\0\0\0\0\x79\
\x01\xd8\x03\0\0\0\0\x7b\x16\xe0\x03\0\0\0\0\x79\x01\xd0\x03\0\0\0\0\x7b\x16\
\xd8\x03\0\0\0\0\x79\x01\xc8\x03\0\0\0\0\x7b\x16\xd0\x03\0\0\0\0\x79\x01\xc0\
\x03\0\0\0\0\x7b\x16\xc8\x03\0\0\0\0\x79\x01\xb8\x03\0\0\0\0\x7b\x16\xc0\x03\0\
\0\0\0\x79\x01\xb0\x03\0\0\0\0\x7b\x16\xb8\x03\0\0\0\0\x79\x01\xa8\x03\0\0\0\0\
\x7b\x16\xb0\x03\0\0\0\0\x79\x01\xa0\x03\0\0\0\0\x7b\x16\xa8\x03\0\0\0\0\x79\
\x01\x98\x03\0\0\0\0\x7b\x16\xa0\x03\0\0\0\0\x79\x01\x90\x03\0\0\0\0\x7b\x16\
\x98\x03\0\0\0\0\x79\x01\x88\x03\0\0\0\0\x7b\x16\x90\x03\0\0\0\0\x79\x01\x80\
\x03\0\0\0\0\x7b\x16\x88\x03\0\0\0\0\x79\x01\x78\x03\0\0\0\0\x7b\x16\x80\x03\0\
\0\0\0\x79\x01\x70\x03\0\0\0\0\x7b\x16\x78\x03\0\0\0\0\x79\x01\x68\x03\0\0\0\0\
\x7b\x16\x70\x03\0\0\0\0\x79\x01\x60\x03\0\0\0\0\x7b\x16\x68\x03\0\0\0\0\x79\
\x01\x58\x03\0\0\0\0\x7b\x16\x60\x03\0\0\0\0\x79\x01\x50\x03\0\0\0\0\x7b\x16\
\x58\x03\0\0\0\0\x79\x01\x48\x03\0\0\0\0\x7b\x16\x50\x03\0\0\0\0\x79\x01\x40\
\x03\0\0\0\0\x7b\x16\x48\x03\0\0\0\0\x79\x01\x38\x03\0\0\0\0\x7b\x16\x40\x03\0\
\0\0\0\x79\x01\x30\x03\0\0\0\0\x7b\x16\x38\x03\0\0\0\0\x79\x01\x28\x03\0\0\0\0\
\x7b\x16\x30\x03\0\0\0\0\x79\x01\x20\x03\0\0\0\0\x7b\x16\x28\x03\0\0\0\0\x79\
\x01\x18\x03\0\0\0\0\x7b\x16\x20\x03\0\0\0\0\x79\x01\x10\x03\0\0\0\0\x7b\x16\
\x18\x03\0\0\0\0\x79\x01\x08\x03\0\0\0\0\x7b\x16\x10\x03\0\0\0\0\x79\x01\0\x03\
\0\0\0\0\x7b\x16\x08\x03\0\0\0\0\x79\x01\xf8\x02\0\0\0\0\x7b\x16\0\x03\0\0\0\0\
\x79\x01\xf0\x02\0\0\0\0\x7b\x16\xf8\x02\0\0\0\0\x79\x01\xe8\x02\0\0\0\0\x7b\
\x16\xf0\x02\0\0\0\0\x79\x01\xe0\x02\0\0\0\0\x7b\x16\xe8\x02\0\0\0\0\x79\x01\
\xd8\x02\0\0\0\0\x7b\x16\xe0\x02\0\0\0\0\x79\x01\xd0\x02\0\0\0\0\x7b\x16\xd8\
\x02\0\0\0\0\x79\x01\xc8\x02\0\0\0\0\x7b\x16\xd0\x02\0\0\0\0\x79\x01\xc0\x02\0\
\0\0\0\x7b\x16\xc8\x02\0\0\0\0\x79\x01\xb8\x02\0\0\0\0\x7b\x16\xc0\x02\0\0\0\0\
\x79\x01\xb0\x02\0\0\0\0\x7b\x16\xb8\x02\0\0\0\0\x79\x01\xa8\x02\0\0\0\0\x7b\
\x16\xb0\x02\0\0\0\0\x79\x01\xa0\x02\0\0\0\0\x7b\x16\xa8\x02\0\0\0\0\x79\x01\
\x98\x02\0\0\0\0\x7b\x16\xa0\x02\0\0\0\0\x79\x01\x90\x02\0\0\0\0\x7b\x16\x98\
\x02\0\0\0\0\x79\x01\x88\x02\0\0\0\0\x7b\x16\x90\x02\0\0\0\0\x79\x01\x80\x02\0\
\0\0\0\x7b\x16\x88\x02\0\0\0\0\x79\x01\x78\x02\0\0\0\0\x7b\x16\x80\x02\0\0\0\0\
\x79\x01\x70\x02\0\0\0\0\x7b\x16\x78\x02\0\0\0\0\x79\x01\x68\x02\0\0\0\0\x7b\
\x16\x70\x02\0\0\0\0\x79\x01\x60\x02\0\0\0\0\x7b\x16\x68\x02\0\0\0\0\x79\x01\
\x58\x02\0\0\0\0\x7b\x16\x60\x02\0\0\0\0\x79\x01\x50\x02\0\0\0\0\x7b\x16\x58\
\x02\0\0\0\0\x79\x01\x48\x02\0\0\0\0\x7b\x16\x50\x02\0\0\0\0\x79\x01\x40\x02\0\
\0\0\0\x7b\x16\x48\x02\0\0\0\0\x79\x01\x38\x02\0\0\0\0\x7b\x16\x40\x02\0\0\0\0\
\x79\x01\x30\x02\0\0\0\0\x7b\x16\x38\x02\0\0\0\0\x79\x01\x28\x02\0\0\0\0\x7b\
\x16\x30\x02\0\0\0\0\x79\x01\x98\x04\0\0\0\0\x7b\x16\xa0\x04\0\0\0\0\x79\x01\
\x90\x04\0\0\0\0\x7b\x16\x98\x04\0\0\0\0\x79\x01\x88\x04\0\0\0\0\x7b\x16\x90\
\x04\0\0\0\0\x79\x01\x80\x04\0\0\0\0\x7b\x16\x88\x04\0\0\0\0\x79\x01\x78\x04\0\
\0\0\0\x7b\x16\x80\x04\0\0\0\0\x79\x01\x70\x04\0\0\0\0\x7b\x16\x78\x04\0\0\0\0\
\x79\x01\x68\x04\0\0\0\0\x7b\x16\x70\x04\0\0\0\0\x05\0\xb2\0\0\0\0\0\x7b\x8a\
\x08\xff\0\0\0\0\x7b\x0a\x10\xff\0\0\0\0\x7b\x9a\x18\xff\0\0\0\0\xb7\x01\0\0\
\x58\x06\0\0\x7b\x7a\0\xff\0\0\0\0\x0f\x17\0\0\0\0\0\0\xbf\xa1\0\0\0\0\0\0\x07\
\x01\0\0\x70\xff\xff\xff\xb7\x02\0\0\x08\0\0\0\xbf\x73\0\0\0\0\0\0\x85\0\0\0\
\x71\0\0\0\xb7\x01\0\0\x88\x06\0\0\x79\xa3\x70\xff\0\0\0\0\x0f\x13\0\0\0\0\0\0\
\xbf\xa1\0\0\0\0\0\0\x07\x01\0\0\x78\xff\xff\xff\xb7\x02\0\0\x08\0\0\0\x85\0\0\
\0\x71\0\0\0\xb7\x09\0\0\x40\0\0\0\x79\xa8\x78\xff\0\0\0\0\x05\0\x06\0\0\0\0\0\
\x07\x09\0\0\xff\xff\xff\xff\xbf\x91\0\0\0\0\0\0\x67\x01\0\0\x20\0\0\0\x77\x01\
\0\0\x20\0\0\0\xbf\x78\0\0\0\0\0\0\x15\x01\x23\0\0\0\0\0\xbf\x83\0\0\0\0\0\0\
\xb7\x01\0\0\x58\x06\0\0\x0f\x13\0\0\0\0\0\0\xbf\xa1\0\0\0\0\0\0\x07\x01\0\0\
\x70\xff\xff\xff\xb7\x02\0\0\x08\0\0\0\x85\0\0\0\x71\0\0\0\x79\xa3\x70\xff\0\0\
\0\0\xb7\x01\0\0\x88\x06\0\0\x0f\x13\0\0\0\0\0\0\xbf\xa1\0\0\0\0\0\0\x07\x01\0\
\0\x78\xff\xff\xff\xb7\x02\0\0\x08\0\0\0\x85\0\0\0\x71\0\0\0\x79\xa7\x78\xff\0\
\0\0\0\x15\x07\x13\0\0\0\0\0\xbf\x83\0\0\0\0\0\0\xb7\x01\0\0\xe8\x08\0\0\x0f\
\x13\0\0\0\0\0\0\xbf\xa1\0\0\0\0\0\0\x07\x01\0\0\x78\xff\xff\xff\xb7\x02\0\0\
\x08\0\0\0\x85\0\0\0\x71\0\0\0\xbf\x73\0\0\0\0\0\0\xb7\x01\0\0\xe8\x08\0\0\x0f\
\x13\0\0\0\0\0\0\x79\xa1\x78\xff\0\0\0\0\x7b\x1a\x20\xff\0\0\0\0\xbf\xa1\0\0\0\
\0\0\0\x07\x01\0\0\x78\xff\xff\xff\xb7\x02\0\0\x08\0\0\0\x85\0\0\0\x71\0\0\0\
\x79\xa1\x78\xff\0\0\0\0\x79\xa2\x20\xff\0\0\0\0\x1d\x12\xd7\xff\0\0\0\0\xb7\
\x09\0\0\x4c\x06\0\0\xbf\x83\0\0\0\0\0\0\x0f\x93\0\0\0\0\0\0\xbf\xa1\0\0\0\0\0\
\0\x07\x01\0\0\x78\xff\xff\xff\xb7\x02\0\0\x04\0\0\0\x85\0\0\0\x71\0\0\0\x61\
\xa1\x78\xff\0\0\0\0\x63\x16\x0c\0\0\0\0\0\xb7\x07\0\0\x80\x07\0\0\x0f\x78\0\0\
\0\0\0\0\xbf\xa1\0\0\0\0\0\0\x07\x01\0\0\x78\xff\xff\xff\xb7\x02\0\0\x08\0\0\0\
\xbf\x83\0\0\0\0\0\0\x85\0\0\0\x71\0\0\0\x79\xa1\x78\xff\0\0\0\0\x7b\x16\x18\0\
\0\0\0\0\xb7\x01\0\0\x88\x06\0\0\x79\xa8\0\xff\0\0\0\0\xbf\x83\0\0\0\0\0\0\x0f\
\x13\0\0\0\0\0\0\xbf\xa1\0\0\0\0\0\0\x07\x01\0\0\x70\xff\xff\xff\xb7\x02\0\0\
\x08\0\0\0\x85\0\0\0\x71\0\0\0\x79\xa3\x70\xff\0\0\0\0\x0f\x73\0\0\0\0\0\0\xbf\
\xa1\0\0\0\0\0\0\x07\x01\0\0\x78\xff\xff\xff\xb7\x02\0\0\x08\0\0\0\x85\0\0\0\
\x71\0\0\0\x79\xa1\x78\xff\0\0\0\0\x7b\x16\x10\0\0\0\0\0\xbf\x83\0\0\0\0\0\0\
\x0f\x93\0\0\0\0\0\0\xbf\xa1\0\0\0\0\0\0\x07\x01\0\0\x78\xff\xff\xff\xb7\x02\0\
\0\x04\0\0\0\x85\0\0\0\x71\0\0\0\x61\xa1\x78\xff\0\0\0\0\x63\x16\x08\0\0\0\0\0\
\xb7\x01\0\0\xf0\x07\0\0\xbf\x87\0\0\0\0\0\0\x0f\x17\0\0\0\0\0\0\xbf\xa1\0\0\0\
\0\0\0\x07\x01\0\0\x78\xff\xff\xff\xb7\x02\0\0\x08\0\0\0\xbf\x73\0\0\0\0\0\0\
\x85\0\0\0\x71\0\0\0\xb7\x01\0\0\x1c\0\0\0\x79\xa3\x78\xff\0\0\0\0\x0f\x13\0\0\
\0\0\0\0\xbf\xa1\0\0\0\0\0\0\x07\x01\0\0\x70\xff\xff\xff\xb7\x02\0\0\x04\0\0\0\
\x85\0\0\0\x71\0\0\0\x61\xa1\x70\xff\0\0\0\0\x63\x16\x24\x02\0\0\0\0\xbf\xa1\0\
\0\0\0\0\0\x07\x01\0\0\x78\xff\xff\xff\xb7\x02\0\0\x08\0\0\0\xbf\x73\0\0\0\0\0\
\0\x85\0\0\0\x71\0\0\0\xb7\x01\0\0\x20\0\0\0\x79\xa3\x78\xff\0\0\0\0\x0f\x13\0\
\0\0\0\0\0\xbf\xa1\0\0\0\0\0\0\x07\x01\0\0\x70\xff\xff\xff\xb7\x02\0\0\x04\0\0\
\0\x85\0\0\0\x71\0\0\0\x61\xa1\x70\xff\0\0\0\0\x63\x16\x28\x02\0\0\0\0\xb7\x01\
\0\0\x90\x05\0\0\x0f\x18\0\0\0\0\0\0\xbf\xa1\0\0\0\0\0\0\x07\x01\0\0\x70\xff\
\xff\xff\xb7\x02\0\0\x08\0\0\0\xbf\x83\0\0\0\0\0\0\x85\0\0\0\x71\0\0\0\xb7\x01\
\0\0\x28\x01\0\0\x79\xa3\x70\xff\0\0\0\0\x0f\x13\0\0\0\0\0\0\xbf\xa1\0\0\0\0\0\
\0\x07\x01\0\0\x78\xff\xff\xff\xb7\x02\0\0\x08\0\0\0\x85\0\0\0\x71\0\0\0\x79\
\xa7\x78\xff\0\0\0\0\xbf\xa1\0\0\0\0\0\0\x07\x01\0\0\x70\xff\xff\xff\xb7\x02\0\
\0\x08\0\0\0\xbf\x83\0\0\0\0\0\0\x85\0\0\0\x71\0\0\0\xb7\x01\0\0\x30\x01\0\0\
\x79\xa3\x70\xff\0\0\0\0\x0f\x13\0\0\0\0\0\0\xbf\xa1\0\0\0\0\0\0\x07\x01\0\0\
\x78\xff\xff\xff\xb7\x02\0\0\x08\0\0\0\x85\0\0\0\x71\0\0\0\x79\xa2\x78\xff\0\0\
\0\0\x1f\x72\0\0\0\0\0\0\xb7\x01\0\0\0\x02\0\0\x2d\x21\x01\0\0\0\0\0\xb7\x02\0\
\0\0\x02\0\0\x63\x26\x20\x02\0\0\0\0\x79\xa1\x08\xff\0\0\0\0\x07\x01\0\0\x20\0\
\0\0\xbf\x73\0\0\0\0\0\0\x85\0\0\0\x70\0\0\0\x61\x61\x20\x02\0\0\0\0\x79\xa9\
\x18\xff\0\0\0\0\x79\xa0\x10\xff\0\0\0\0\x55\x01\x02\0\0\x02\0\0\xb7\x01\0\0\0\
\0\0\0\x73\x16\x1f\x02\0\0\0\0\xb7\x01\0\0\x01\0\0\0\x55\0\x01\0\0\0\0\0\xb7\
\x01\0\0\0\0\0\0\x73\x16\x68\x09\0\0\0\0\x79\x61\x60\x09\0\0\0\0\x7b\x1a\x60\
\xff\0\0\0\0\x7b\x1a\x78\xff\0\0\0\0\xbf\xa2\0\0\0\0\0\0\x07\x02\0\0\x78\xff\
\xff\xff\x18\x01\0\0\0\0\0\0\0\0\0\0\0\0\0\0\xbf\x23\0\0\0\0\0\0\xb7\x04\0\0\
\x01\0\0\0\x85\0\0\0\x02\0\0\0\xb7\x01\0\0\x18\0\0\0\xbf\x97\0\0\0\0\0\0\x0f\
\x17\0\0\0\0\0\0\xbf\xa1\0\0\0\0\0\0\x07\x01\0\0\x70\xff\xff\xff\xb7\x02\0\0\
\x08\0\0\0\xbf\x73\0\0\0\0\0\0\x85\0\0\0\x71\0\0\0\xb7\x01\0\0\0\0\0\0\x79\xa3\
\x70\xff\0\0\0\0\x0f\x13\0\0\0\0\0\0\xbf\xa8\0\0\0\0\0\0\x07\x08\0\0\x78\xff\
\xff\xff\xbf\x81\0\0\0\0\0\0\xb7\x02\0\0\x88\0\0\0\x85\0\0\0\x71\0\0\0\x69\x88\
\x10\0\0\0\0\0\x63\x8a\x28\xff\0\0\0\0\xb7\x01\0\0\x04\0\0\0\x0f\x19\0\0\0\0\0\
\0\xbf\xa1\0\0\0\0\0\0\x07\x01\0\0\x70\xff\xff\xff\xb7\x02\0\0\x02\0\0\0\xbf\
\x93\0\0\0\0\0\0\x85\0\0\0\x71\0\0\0\x69\xa9\x70\xff\0\0\0\0\xbf\xa1\0\0\0\0\0\
\0\x07\x01\0\0\x70\xff\xff\xff\xb7\x02\0\0\x08\0\0\0\xbf\x73\0\0\0\0\0\0\x85\0\
\0\0\x71\0\0\0\xb7\x01\0\0\x24\x02\0\0\x79\xa3\x70\xff\0\0\0\0\x0f\x13\0\0\0\0\
\0\0\xbf\xa1\0\0\0\0\0\0\x07\x01\0\0\x6c\xff\xff\xff\xb7\x02\0\0\x02\0\0\0\x85\
\0\0\0\x71\0\0\0\x67\x09\0\0\x30\0\0\0\xc7\x09\0\0\x30\0\0\0\x69\xa1\x6c\xff\0\
\0\0\0\x65\x01\x04\0\x05\0\0\0\x15\x01\x0e\0\0\0\0\0\xb7\x02\0\0\x01\0\0\0\x15\
\x01\x17\0\x01\0\0\0\x05\0\x02\0\0\0\0\0\x15\x01\x08\0\x06\0\0\0\x15\x01\x11\0\
\x11\0\0\0\xb7\x01\0\0\x3a\0\0\0\x15\x09\x01\0\x3a\0\0\0\xb7\x01\0\0\xfc\0\0\0\
\xb7\x02\0\0\xfb\0\0\0\x15\x09\x0f\0\x03\0\0\0\xbf\x12\0\0\0\0\0\0\x05\0\x0d\0\
\0\0\0\0\xb7\x02\0\0\x06\0\0\0\x05\0\x0b\0\0\0\0\0\x15\x08\x01\0\x0a\0\0\0\x55\
\x08\x08\0\x02\0\0\0\xb7\x02\0\0\x06\0\0\0\x15\x09\x07\0\x01\0\0\0\x67\x09\0\0\
\x20\0\0\0\x77\x09\0\0\x20\0\0\0\x15\x09\x6c\x01\x03\0\0\0\x55\x09\x02\0\x02\0\
\0\0\xb7\x02\0\0\x11\0\0\0\x05\0\x01\0\0\0\0\0\xb7\x02\0\0\xfc\0\0\0\x63\x2a\
\x2c\xff\0\0\0\0\x15\x08\x08\0\x0a\0\0\0\x55\x08\x17\0\x02\0\0\0\xbf\xa1\0\0\0\
\0\0\0\x07\x01\0\0\x78\xff\xff\xff\x61\x12\0\0\0\0\0\0\x63\x2a\x48\xff\0\0\0\0\
\x61\x11\x04\0\0\0\0\0\x63\x1a\x30\xff\0\0\0\0\x05\0\x10\0\0\0\0\0\xb7\x01\0\0\
\x48\0\0\0\xbf\xa2\0\0\0\0\0\0\x07\x02\0\0\x78\xff\xff\xff\xbf\x23\0\0\0\0\0\0\
\x0f\x13\0\0\0\0\0\0\x79\x21\x48\0\0\0\0\0\x7b\x1a\x30\xff\0\0\0\0\x79\x31\x08\
\0\0\0\0\0\x7b\x1a\x38\xff\0\0\0\0\xb7\x01\0\0\x38\0\0\0\xbf\x23\0\0\0\0\0\0\
\x0f\x13\0\0\0\0\0\0\x79\x21\x38\0\0\0\0\0\x7b\x1a\x48\xff\0\0\0\0\x79\x31\x08\
\0\0\0\0\0\x7b\x1a\x50\xff\0\0\0\0\xbf\xa1\0\0\0\0\0\0\x07\x01\0\0\x78\xff\xff\
\xff\x69\x12\x0c\0\0\0\0\0\x6b\x2a\x58\xff\0\0\0\0\x69\x11\x0e\0\0\0\0\0\x6b\
\x1a\x40\xff\0\0\0\0\xbf\xa2\0\0\0\0\0\0\x07\x02\0\0\x28\xff\xff\xff\x18\x01\0\
\0\0\0\0\0\0\0\0\0\0\0\0\0\x85\0\0\0\x01\0\0\0\x15\0\x03\0\0\0\0\0\xb7\x01\0\0\
\x01\0\0\0\x63\x10\0\0\0\0\0\0\x05\0\x3d\x01\0\0\0\0\xb7\x01\0\0\0\0\0\0\x63\
\x16\xb0\x04\0\0\0\0\x6b\x16\x58\x09\0\0\0\0\xb7\x01\0\0\x01\0\0\0\x7b\x16\xa8\
\x04\0\0\0\0\x79\x62\x08\0\0\0\0\0\x7b\x26\xb8\x04\0\0\0\0\x79\x62\x10\0\0\0\0\
\0\x7b\x26\xc0\x04\0\0\0\0\x79\x62\x18\0\0\0\0\0\x7b\x26\xc8\x04\0\0\0\0\x79\
\x62\x20\0\0\0\0\0\x7b\x26\xd0\x04\0\0\0\0\x79\x62\x28\0\0\0\0\0\x7b\x26\xd8\
\x04\0\0\0\0\x79\x62\x30\0\0\0\0\0\x7b\x26\xe0\x04\0\0\0\0\x79\x62\x38\0\0\0\0\
\0\x7b\x26\xe8\x04\0\0\0\0\x79\x62\x40\0\0\0\0\0\x7b\x26\xf0\x04\0\0\0\0\x79\
\x62\x48\0\0\0\0\0\x7b\x26\xf8\x04\0\0\0\0\x79\x62\x50\0\0\0\0\0\x7b\x26\0\x05\
\0\0\0\0\x79\x62\x58\0\0\0\0\0\x7b\x26\x08\x05\0\0\0\0\x79\x62\x60\0\0\0\0\0\
\x7b\x26\x10\x05\0\0\0\0\x79\x62\x68\0\0\0\0\0\x7b\x26\x18\x05\0\0\0\0\x79\x62\
\x70\0\0\0\0\0\x7b\x26\x20\x05\0\0\0\0\x79\x62\x78\0\0\0\0\0\x7b\x26\x28\x05\0\
\0\0\0\x79\x62\x80\0\0\0\0\0\x7b\x26\x30\x05\0\0\0\0\x79\x62\x88\0\0\0\0\0\x7b\
\x26\x38\x05\0\0\0\0\x79\x62\x90\0\0\0\0\0\x7b\x26\x40\x05\0\0\0\0\x79\x62\x98\
\0\0\0\0\0\x7b\x26\x48\x05\0\0\0\0\x79\x62\xa0\0\0\0\0\0\x7b\x26\x50\x05\0\0\0\
\0\x79\x62\xa8\0\0\0\0\0\x7b\x26\x58\x05\0\0\0\0\x79\x62\xb0\0\0\0\0\0\x7b\x26\
\x60\x05\0\0\0\0\x79\x62\xb8\0\0\0\0\0\x7b\x26\x68\x05\0\0\0\0\x79\x62\xc0\0\0\
\0\0\0\x7b\x26\x70\x05\0\0\0\0\x79\x62\xc8\0\0\0\0\0\x7b\x26\x78\x05\0\0\0\0\
\x79\x62\xd0\0\0\0\0\0\x7b\x26\x80\x05\0\0\0\0\x79\x62\xd8\0\0\0\0\0\x7b\x26\
\x88\x05\0\0\0\0\x79\x62\xe0\0\0\0\0\0\x7b\x26\x90\x05\0\0\0\0\x79\x62\xe8\0\0\
\0\0\0\x7b\x26\x98\x05\0\0\0\0\x79\x62\xf0\0\0\0\0\0\x7b\x26\xa0\x05\0\0\0\0\
\x79\x62\xf8\0\0\0\0\0\x7b\x26\xa8\x05\0\0\0\0\x79\x62\0\x01\0\0\0\0\x7b\x26\
\xb0\x05\0\0\0\0\x79\x62\x08\x01\0\0\0\0\x7b\x26\xb8\x05\0\0\0\0\x79\x62\x10\
\x01\0\0\0\0\x7b\x26\xc0\x05\0\0\0\0\x79\x62\x18\x01\0\0\0\0\x7b\x26\xc8\x05\0\
\0\0\0\x79\x62\x20\x01\0\0\0\0\x7b\x26\xd0\x05\0\0\0\0\x79\x62\x28\x01\0\0\0\0\
\x7b\x26\xd8\x05\0\0\0\0\x79\x62\x30\x01\0\0\0\0\x7b\x26\xe0\x05\0\0\0\0\x79\
\x62\x38\x01\0\0\0\0\x7b\x26\xe8\x05\0\0\0\0\x79\x62\x40\x01\0\0\0\0\x7b\x26\
\xf0\x05\0\0\0\0\x79\x62\x48\x01\0\0\0\0\x7b\x26\xf8\x05\0\0\0\0\x79\x62\x50\
\x01\0\0\0\0\x7b\x26\0\x06\0\0\0\0\x79\x62\x58\x01\0\0\0\0\x7b\x26\x08\x06\0\0\
\0\0\x79\x62\x60\x01\0\0\0\0\x7b\x26\x10\x06\0\0\0\0\x79\x62\x68\x01\0\0\0\0\
\x7b\x26\x18\x06\0\0\0\0\x79\x62\x70\x01\0\0\0\0\x7b\x26\x20\x06\0\0\0\0\x79\
\x62\x78\x01\0\0\0\0\x7b\x26\x28\x06\0\0\0\0\x79\x62\x80\x01\0\0\0\0\x7b\x26\
\x30\x06\0\0\0\0\x79\x62\x88\x01\0\0\0\0\x7b\x26\x38\x06\0\0\0\0\x79\x62\x90\
\x01\0\0\0\0\x7b\x26\x40\x06\0\0\0\0\x79\x62\x98\x01\0\0\0\0\x7b\x26\x48\x06\0\
\0\0\0\x79\x62\xa0\x01\0\0\0\0\x7b\x26\x50\x06\0\0\0\0\x79\x62\xa8\x01\0\0\0\0\
\x7b\x26\x58\x06\0\0\0\0\x79\x62\xb0\x01\0\0\0\0\x7b\x26\x60\x06\0\0\0\0\x79\
\x62\xb8\x01\0\0\0\0\x7b\x26\x68\x06\0\0\0\0\x79\x62\xc0\x01\0\0\0\0\x7b\x26\
\x70\x06\0\0\0\0\x79\x62\xc8\x01\0\0\0\0\x7b\x26\x78\x06\0\0\0\0\x79\x62\xd0\
\x01\0\0\0\0\x7b\x26\x80\x06\0\0\0\0\x79\x62\xd8\x01\0\0\0\0\x7b\x26\x88\x06\0\
\0\0\0\x79\x62\xe0\x01\0\0\0\0\x7b\x26\x90\x06\0\0\0\0\x79\x62\xe8\x01\0\0\0\0\
\x7b\x26\x98\x06\0\0\0\0\x79\x62\xf0\x01\0\0\0\0\x7b\x26\xa0\x06\0\0\0\0\x79\
\x62\xf8\x01\0\0\0\0\x7b\x26\xa8\x06\0\0\0\0\x79\x62\0\x02\0\0\0\0\x7b\x26\xb0\
\x06\0\0\0\0\x79\x62\x08\x02\0\0\0\0\x7b\x26\xb8\x06\0\0\0\0\x79\x62\x10\x02\0\
\0\0\0\x7b\x26\xc0\x06\0\0\0\0\x79\x62\x18\x02\0\0\0\0\x7b\x26\xc8\x06\0\0\0\0\
\x79\x62\x20\x02\0\0\0\0\x7b\x26\xd0\x06\0\0\0\0\x79\x62\x28\x02\0\0\0\0\x7b\
\x26\xd8\x06\0\0\0\0\xbf\x63\0\0\0\0\0\0\x07\x03\0\0\xa8\x04\0\0\x71\x62\x68\
\x09\0\0\0\0\x15\x02\x9f\0\0\0\0\0\x79\x62\x68\x04\0\0\0\0\x7b\x26\x18\x09\0\0\
\0\0\x79\x62\x60\x04\0\0\0\0\x7b\x26\x10\x09\0\0\0\0\x79\x62\x58\x04\0\0\0\0\
\x7b\x26\x08\x09\0\0\0\0\x79\x62\x50\x04\0\0\0\0\x7b\x26\0\x09\0\0\0\0\x79\x62\
\x48\x04\0\0\0\0\x7b\x26\xf8\x08\0\0\0\0\x79\x62\x40\x04\0\0\0\0\x7b\x26\xf0\
\x08\0\0\0\0\x79\x62\x38\x04\0\0\0\0\x7b\x26\xe8\x08\0\0\0\0\x79\x62\x30\x04\0\
\0\0\0\x7b\x26\xe0\x08\0\0\0\0\x79\x62\x28\x04\0\0\0\0\x7b\x26\xd8\x08\0\0\0\0\
\x79\x62\x20\x04\0\0\0\0\x7b\x26\xd0\x08\0\0\0\0\x79\x62\x18\x04\0\0\0\0\x7b\
\x26\xc8\x08\0\0\0\0\x79\x62\x10\x04\0\0\0\0\x7b\x26\xc0\x08\0\0\0\0\x79\x62\
\x08\x04\0\0\0\0\x7b\x26\xb8\x08\0\0\0\0\x79\x62\0\x04\0\0\0\0\x7b\x26\xb0\x08\
\0\0\0\0\x79\x62\xf8\x03\0\0\0\0\x7b\x26\xa8\x08\0\0\0\0\x79\x62\xf0\x03\0\0\0\
\0\x7b\x26\xa0\x08\0\0\0\0\x79\x62\xe8\x03\0\0\0\0\x7b\x26\x98\x08\0\0\0\0\x79\
\x62\xe0\x03\0\0\0\0\x7b\x26\x90\x08\0\0\0\0\x79\x62\xd8\x03\0\0\0\0\x7b\x26\
\x88\x08\0\0\0\0\x79\x62\xd0\x03\0\0\0\0\x7b\x26\x80\x08\0\0\0\0\x79\x62\xc8\
\x03\0\0\0\0\x7b\x26\x78\x08\0\0\0\0\x79\x62\xc0\x03\0\0\0\0\x7b\x26\x70\x08\0\
\0\0\0\x79\x62\xb8\x03\0\0\0\0\x7b\x26\x68\x08\0\0\0\0\x79\x62\xb0\x03\0\0\0\0\
\x7b\x26\x60\x08\0\0\0\0\x79\x62\xa8\x03\0\0\0\0\x7b\x26\x58\x08\0\0\0\0\x79\
\x62\xa0\x03\0\0\0\0\x7b\x26\x50\x08\0\0\0\0\x79\x62\x98\x03\0\0\0\0\x7b\x26\
\x48\x08\0\0\0\0\x79\x62\x90\x03\0\0\0\0\x7b\x26\x40\x08\0\0\0\0\x79\x62\x88\
\x03\0\0\0\0\x7b\x26\x38\x08\0\0\0\0\x79\x62\x80\x03\0\0\0\0\x7b\x26\x30\x08\0\
\0\0\0\x79\x62\x78\x03\0\0\0\0\x7b\x26\x28\x08\0\0\0\0\x79\x62\x70\x03\0\0\0\0\
\x7b\x26\x20\x08\0\0\0\0\x79\x62\x68\x03\0\0\0\0\x7b\x26\x18\x08\0\0\0\0\x79\
\x62\x60\x03\0\0\0\0\x7b\x26\x10\x08\0\0\0\0\x79\x62\x58\x03\0\0\0\0\x7b\x26\
\x08\x08\0\0\0\0\x79\x62\x50\x03\0\0\0\0\x7b\x26\0\x08\0\0\0\0\x79\x62\x48\x03\
\0\0\0\0\x7b\x26\xf8\x07\0\0\0\0\x79\x62\x40\x03\0\0\0\0\x7b\x26\xf0\x07\0\0\0\
\0\x79\x62\x38\x03\0\0\0\0\x7b\x26\xe8\x07\0\0\0\0\x79\x62\x30\x03\0\0\0\0\x7b\
\x26\xe0\x07\0\0\0\0\x79\x62\x28\x03\0\0\0\0\x7b\x26\xd8\x07\0\0\0\0\x79\x62\
\x20\x03\0\0\0\0\x7b\x26\xd0\x07\0\0\0\0\x79\x62\x18\x03\0\0\0\0\x7b\x26\xc8\
\x07\0\0\0\0\x79\x62\x10\x03\0\0\0\0\x7b\x26\xc0\x07\0\0\0\0\x79\x62\x08\x03\0\
\0\0\0\x7b\x26\xb8\x07\0\0\0\0\x79\x62\0\x03\0\0\0\0\x7b\x26\xb0\x07\0\0\0\0\
\x79\x62\xf8\x02\0\0\0\0\x7b\x26\xa8\x07\0\0\0\0\x79\x62\xf0\x02\0\0\0\0\x7b\
\x26\xa0\x07\0\0\0\0\x79\x62\xe8\x02\0\0\0\0\x7b\x26\x98\x07\0\0\0\0\x79\x62\
\xe0\x02\0\0\0\0\x7b\x26\x90\x07\0\0\0\0\x79\x62\xd8\x02\0\0\0\0\x7b\x26\x88\
\x07\0\0\0\0\x79\x62\xd0\x02\0\0\0\0\x7b\x26\x80\x07\0\0\0\0\x79\x62\xc8\x02\0\
\0\0\0\x7b\x26\x78\x07\0\0\0\0\x79\x62\xc0\x02\0\0\0\0\x7b\x26\x70\x07\0\0\0\0\
\x79\x62\xb8\x02\0\0\0\0\x7b\x26\x68\x07\0\0\0\0\x79\x62\xb0\x02\0\0\0\0\x7b\
\x26\x60\x07\0\0\0\0\x79\x62\xa8\x02\0\0\0\0\x7b\x26\x58\x07\0\0\0\0\x79\x62\
\xa0\x02\0\0\0\0\x7b\x26\x50\x07\0\0\0\0\x79\x62\x98\x02\0\0\0\0\x7b\x26\x48\
\x07\0\0\0\0\x79\x62\x90\x02\0\0\0\0\x7b\x26\x40\x07\0\0\0\0\x79\x62\x88\x02\0\
\0\0\0\x7b\x26\x38\x07\0\0\0\0\x79\x62\x80\x02\0\0\0\0\x7b\x26\x30\x07\0\0\0\0\
\x79\x62\x78\x02\0\0\0\0\x7b\x26\x28\x07\0\0\0\0\x79\x62\x70\x02\0\0\0\0\x7b\
\x26\x20\x07\0\0\0\0\x79\x62\x68\x02\0\0\0\0\x7b\x26\x18\x07\0\0\0\0\x79\x62\
\x60\x02\0\0\0\0\x7b\x26\x10\x07\0\0\0\0\x79\x62\x58\x02\0\0\0\0\x7b\x26\x08\
\x07\0\0\0\0\x79\x62\x50\x02\0\0\0\0\x7b\x26\0\x07\0\0\0\0\x79\x62\x48\x02\0\0\
\0\0\x7b\x26\xf8\x06\0\0\0\0\x79\x62\x40\x02\0\0\0\0\x7b\x26\xf0\x06\0\0\0\0\
\x79\x62\x38\x02\0\0\0\0\x7b\x26\xe8\x06\0\0\0\0\x79\x62\x30\x02\0\0\0\0\x7b\
\x26\xe0\x06\0\0\0\0\x73\x16\x58\x09\0\0\0\0\x79\x61\xa0\x04\0\0\0\0\x7b\x16\
\x50\x09\0\0\0\0\x79\x61\x98\x04\0\0\0\0\x7b\x16\x48\x09\0\0\0\0\x79\x61\x90\
\x04\0\0\0\0\x7b\x16\x40\x09\0\0\0\0\x79\x61\x88\x04\0\0\0\0\x7b\x16\x38\x09\0\
\0\0\0\x79\x61\x80\x04\0\0\0\0\x7b\x16\x30\x09\0\0\0\0\x79\x61\x78\x04\0\0\0\0\
\x7b\x16\x28\x09\0\0\0\0\x79\x61\x70\x04\0\0\0\0\x7b\x16\x20\x09\0\0\0\0\xbf\
\xa2\0\0\0\0\0\0\x07\x02\0\0\x28\xff\xff\xff\x18\x01\0\0\0\0\0\0\0\0\0\0\0\0\0\
\0\xb7\x04\0\0\x01\0\0\0\x85\0\0\0\x02\0\0\0\x65\0\x04\0\xff\xff\xff\xff\x18\
\x01\0\0\xb7\0\0\0\0\0\0\0\0\0\0\0\xb7\x02\0\0\x3c\0\0\0\x85\0\0\0\x06\0\0\0\
\xb7\0\0\0\0\0\0\0\x95\0\0\0\0\0\0\0\xb7\x02\0\0\xfb\0\0\0\x05\0\x96\xfe\0\0\0\
\0\xb7\x07\0\0\xfb\0\0\0\x05\0\x58\xfc\0\0\0\0\x79\x11\0\0\0\0\0\0\x7b\x1a\xf8\
\xff\0\0\0\0\xbf\xa2\0\0\0\0\0\0\x07\x02\0\0\xf8\xff\xff\xff\x18\x01\0\0\0\0\0\
\0\0\0\0\0\0\0\0\0\x85\0\0\0\x03\0\0\0\x55\0\x05\0\xff\xff\xff\xff\x79\xa3\xf8\
\xff\0\0\0\0\x18\x01\0\0\xb8\x01\0\0\0\0\0\0\0\0\0\0\xb7\x02\0\0\x34\0\0\0\x85\
\0\0\0\x06\0\0\0\xb7\0\0\0\0\0\0\0\x95\0\0\0\0\0\0\0\x79\x17\0\0\0\0\0\0\x79\
\x72\x18\0\0\0\0\0\x18\x01\0\0\0\0\0\0\0\0\0\0\0\0\0\0\xb7\x03\0\0\0\0\0\0\xb7\
\x04\0\0\0\0\0\0\x85\0\0\0\x6b\0\0\0\xbf\x06\0\0\0\0\0\0\x55\x06\x1d\x02\0\0\0\
\0\x79\x72\x18\0\0\0\0\0\xb7\x08\0\0\x01\0\0\0\x18\x01\0\0\0\0\0\0\0\0\0\0\0\0\
\0\0\xb7\x03\0\0\0\0\0\0\xb7\x04\0\0\x01\0\0\0\x85\0\0\0\x6b\0\0\0\xbf\x09\0\0\
\0\0\0\0\x15\x09\x0d\0\0\0\0\0\xbf\x96\0\0\0\0\0\0\x79\x71\x18\0\0\0\0\0\x69\
\x12\x10\0\0\0\0\0\x63\x26\0\0\0\0\0\0\x79\x73\x18\0\0\0\0\0\x69\x71\x04\0\0\0\
\0\0\x67\x01\0\0\x30\0\0\0\xc7\x01\0\0\x30\0\0\0\x69\x33\x24\x02\0\0\0\0\x65\
\x03\x08\0\x05\0\0\0\x15\x03\x12\0\0\0\0\0\x15\x03\x1c\0\x01\0\0\0\x05\0\x07\0\
\0\0\0\0\x18\x01\0\0\xec\x01\0\0\0\0\0\0\0\0\0\0\xb7\x02\0\0\x39\0\0\0\x85\0\0\
\0\x06\0\0\0\x05\0\x0b\x02\0\0\0\0\x15\x03\x08\0\x06\0\0\0\x15\x03\x11\0\x11\0\
\0\0\xb7\x02\0\0\x3a\0\0\0\x15\x01\x01\0\x3a\0\0\0\xb7\x02\0\0\xfc\0\0\0\xb7\
\x08\0\0\xfb\0\0\0\x15\x01\x0f\0\x03\0\0\0\xbf\x28\0\0\0\0\0\0\x05\0\x0d\0\0\0\
\0\0\xb7\x08\0\0\x06\0\0\0\x05\0\x0b\0\0\0\0\0\x15\x02\x01\0\x0a\0\0\0\x55\x02\
\x08\0\x02\0\0\0\xb7\x08\0\0\x06\0\0\0\x15\x01\x07\0\x01\0\0\0\x67\x01\0\0\x20\
\0\0\0\x77\x01\0\0\x20\0\0\0\x15\x01\xfb\x01\x03\0\0\0\x55\x01\x02\0\x02\0\0\0\
\xb7\x08\0\0\x11\0\0\0\x05\0\x01\0\0\0\0\0\xb7\x08\0\0\xfc\0\0\0\x63\x86\x04\0\
\0\0\0\0\x79\x71\x18\0\0\0\0\0\x85\0\0\0\x2e\0\0\0\x7b\x06\x60\x09\0\0\0\0\x85\
\0\0\0\x9e\0\0\0\xbf\x07\0\0\0\0\0\0\x61\x71\x4c\x06\0\0\0\0\x63\x1a\xec\xff\0\
\0\0\0\xbf\xa2\0\0\0\0\0\0\x07\x02\0\0\xec\xff\xff\xff\x18\x01\0\0\0\0\0\0\0\0\
\0\0\0\0\0\0\x85\0\0\0\x01\0\0\0\x15\0\x2a\x01\0\0\0\0\x07\x09\0\0\x08\0\0\0\
\x79\x01\x20\x02\0\0\0\0\x7b\x19\x20\x02\0\0\0\0\x79\x01\x18\x02\0\0\0\0\x7b\
\x19\x18\x02\0\0\0\0\x79\x01\x10\x02\0\0\0\0\x7b\x19\x10\x02\0\0\0\0\x79\x01\
\x08\x02\0\0\0\0\x7b\x19\x08\x02\0\0\0\0\x79\x01\0\x02\0\0\0\0\x7b\x19\0\x02\0\
\0\0\0\x79\x01\xf8\x01\0\0\0\0\x7b\x19\xf8\x01\0\0\0\0\x79\x01\xf0\x01\0\0\0\0\
\x7b\x19\xf0\x01\0\0\0\0\x79\x01\xe8\x01\0\0\0\0\x7b\x19\xe8\x01\0\0\0\0\x79\
\x01\xe0\x01\0\0\0\0\x7b\x19\xe0\x01\0\0\0\0\x79\x01\xd8\x01\0\0\0\0\x7b\x19\
\xd8\x01\0\0\0\0\x79\x01\xd0\x01\0\0\0\0\x7b\x19\xd0\x01\0\0\0\0\x79\x01\xc8\
\x01\0\0\0\0\x7b\x19\xc8\x01\0\0\0\0\x79\x01\xc0\x01\0\0\0\0\x7b\x19\xc0\x01\0\
\0\0\0\x79\x01\xb8\x01\0\0\0\0\x7b\x19\xb8\x01\0\0\0\0\x79\x01\xb0\x01\0\0\0\0\
\x7b\x19\xb0\x01\0\0\0\0\x79\x01\xa8\x01\0\0\0\0\x7b\x19\xa8\x01\0\0\0\0\x79\
\x01\xa0\x01\0\0\0\0\x7b\x19\xa0\x01\0\0\0\0\x79\x01\x98\x01\0\0\0\0\x7b\x19\
\x98\x01\0\0\0\0\x79\x01\x90\x01\0\0\0\0\x7b\x19\x90\x01\0\0\0\0\x79\x01\x88\
\x01\0\0\0\0\x7b\x19\x88\x01\0\0\0\0\x79\x01\x80\x01\0\0\0\0\x7b\x19\x80\x01\0\
\0\0\0\x79\x01\x78\x01\0\0\0\0\x7b\x19\x78\x01\0\0\0\0\x79\x01\x70\x01\0\0\0\0\
\x7b\x19\x70\x01\0\0\0\0\x79\x01\x68\x01\0\0\0\0\x7b\x19\x68\x01\0\0\0\0\x79\
\x01\x60\x01\0\0\0\0\x7b\x19\x60\x01\0\0\0\0\x79\x01\x58\x01\0\0\0\0\x7b\x19\
\x58\x01\0\0\0\0\x79\x01\x50\x01\0\0\0\0\x7b\x19\x50\x01\0\0\0\0\x79\x01\x48\
\x01\0\0\0\0\x7b\x19\x48\x01\0\0\0\0\x79\x01\x40\x01\0\0\0\0\x7b\x19\x40\x01\0\
\0\0\0\x79\x01\x38\x01\0\0\0\0\x7b\x19\x38\x01\0\0\0\0\x79\x01\x30\x01\0\0\0\0\
\x7b\x19\x30\x01\0\0\0\0\x79\x01\x28\x01\0\0\0\0\x7b\x19\x28\x01\0\0\0\0\x79\
\x01\x20\x01\0\0\0\0\x7b\x19\x20\x01\0\0\0\0\x79\x01\x18\x01\0\0\0\0\x7b\x19\
\x18\x01\0\0\0\0\x79\x01\x10\x01\0\0\0\0\x7b\x19\x10\x01\0\0\0\0\x79\x01\x08\
\x01\0\0\0\0\x7b\x19\x08\x01\0\0\0\0\x79\x01\0\x01\0\0\0\0\x7b\x19\0\x01\0\0\0\
\0\x79\x01\xf8\0\0\0\0\0\x7b\x19\xf8\0\0\0\0\0\x79\x01\xf0\0\0\0\0\0\x7b\x19\
\xf0\0\0\0\0\0\x79\x01\xe8\0\0\0\0\0\x7b\x19\xe8\0\0\0\0\0\x79\x01\xe0\0\0\0\0\
\0\x7b\x19\xe0\0\0\0\0\0\x79\x01\xd8\0\0\0\0\0\x7b\x19\xd8\0\0\0\0\0\x79\x01\
\xd0\0\0\0\0\0\x7b\x19\xd0\0\0\0\0\0\x79\x01\xc8\0\0\0\0\0\x7b\x19\xc8\0\0\0\0\
\0\x79\x01\xc0\0\0\0\0\0\x7b\x19\xc0\0\0\0\0\0\x79\x01\xb8\0\0\0\0\0\x7b\x19\
\xb8\0\0\0\0\0\x79\x01\xb0\0\0\0\0\0\x7b\x19\xb0\0\0\0\0\0\x79\x01\xa8\0\0\0\0\
\0\x7b\x19\xa8\0\0\0\0\0\x79\x01\xa0\0\0\0\0\0\x7b\x19\xa0\0\0\0\0\0\x79\x01\
\x98\0\0\0\0\0\x7b\x19\x98\0\0\0\0\0\x79\x01\x90\0\0\0\0\0\x7b\x19\x90\0\0\0\0\
\0\x79\x01\x88\0\0\0\0\0\x7b\x19\x88\0\0\0\0\0\x79\x01\x80\0\0\0\0\0\x7b\x19\
\x80\0\0\0\0\0\x79\x01\x78\0\0\0\0\0\x7b\x19\x78\0\0\0\0\0\x79\x01\x70\0\0\0\0\
\0\x7b\x19\x70\0\0\0\0\0\x79\x01\x68\0\0\0\0\0\x7b\x19\x68\0\0\0\0\0\x79\x01\
\x60\0\0\0\0\0\x7b\x19\x60\0\0\0\0\0\x79\x01\x58\0\0\0\0\0\x7b\x19\x58\0\0\0\0\
\0\x79\x01\x50\0\0\0\0\0\x7b\x19\x50\0\0\0\0\0\x79\x01\x48\0\0\0\0\0\x7b\x19\
\x48\0\0\0\0\0\x79\x01\x40\0\0\0\0\0\x7b\x19\x40\0\0\0\0\0\x79\x01\x38\0\0\0\0\
\0\x7b\x19\x38\0\0\0\0\0\x79\x01\x30\0\0\0\0\0\x7b\x19\x30\0\0\0\0\0\x79\x01\
\x28\0\0\0\0\0\x7b\x19\x28\0\0\0\0\0\x79\x01\x20\0\0\0\0\0\x7b\x19\x20\0\0\0\0\
\0\x79\x01\x18\0\0\0\0\0\x7b\x19\x18\0\0\0\0\0\x79\x01\x10\0\0\0\0\0\x7b\x19\
\x10\0\0\0\0\0\x79\x01\x08\0\0\0\0\0\x7b\x19\x08\0\0\0\0\0\x79\x01\0\0\0\0\0\0\
\x7b\x19\0\0\0\0\0\0\x79\x01\x60\x04\0\0\0\0\x7b\x16\x68\x04\0\0\0\0\x79\x01\
\x58\x04\0\0\0\0\x7b\x16\x60\x04\0\0\0\0\x79\x01\x50\x04\0\0\0\0\x7b\x16\x58\
\x04\0\0\0\0\x79\x01\x48\x04\0\0\0\0\x7b\x16\x50\x04\0\0\0\0\x79\x01\x40\x04\0\
\0\0\0\x7b\x16\x48\x04\0\0\0\0\x79\x01\x38\x04\0\0\0\0\x7b\x16\x40\x04\0\0\0\0\
\x79\x01\x30\x04\0\0\0\0\x7b\x16\x38\x04\0\0\0\0\x79\x01\x28\x04\0\0\0\0\x7b\
\x16\x30\x04\0\0\0\0\x79\x01\x20\x04\0\0\0\0\x7b\x16\x28\x04\0\0\0\0\x79\x01\
\x18\x04\0\0\0\0\x7b\x16\x20\x04\0\0\0\0\x79\x01\x10\x04\0\0\0\0\x7b\x16\x18\
\x04\0\0\0\0\x79\x01\x08\x04\0\0\0\0\x7b\x16\x10\x04\0\0\0\0\x79\x01\0\x04\0\0\
\0\0\x7b\x16\x08\x04\0\0\0\0\x79\x01\xf8\x03\0\0\0\0\x7b\x16\0\x04\0\0\0\0\x79\
\x01\xf0\x03\0\0\0\0\x7b\x16\xf8\x03\0\0\0\0\x79\x01\xe8\x03\0\0\0\0\x7b\x16\
\xf0\x03\0\0\0\0\x79\x01\xe0\x03\0\0\0\0\x7b\x16\xe8\x03\0\0\0\0\x79\x01\xd8\
\x03\0\0\0\0\x7b\x16\xe0\x03\0\0\0\0\x79\x01\xd0\x03\0\0\0\0\x7b\x16\xd8\x03\0\
\0\0\0\x79\x01\xc8\x03\0\0\0\0\x7b\x16\xd0\x03\0\0\0\0\x79\x01\xc0\x03\0\0\0\0\
\x7b\x16\xc8\x03\0\0\0\0\x79\x01\xb8\x03\0\0\0\0\x7b\x16\xc0\x03\0\0\0\0\x79\
\x01\xb0\x03\0\0\0\0\x7b\x16\xb8\x03\0\0\0\0\x79\x01\xa8\x03\0\0\0\0\x7b\x16\
\xb0\x03\0\0\0\0\x79\x01\xa0\x03\0\0\0\0\x7b\x16\xa8\x03\0\0\0\0\x79\x01\x98\
\x03\0\0\0\0\x7b\x16\xa0\x03\0\0\0\0\x79\x01\x90\x03\0\0\0\0\x7b\x16\x98\x03\0\
\0\0\0\x79\x01\x88\x03\0\0\0\0\x7b\x16\x90\x03\0\0\0\0\x79\x01\x80\x03\0\0\0\0\
\x7b\x16\x88\x03\0\0\0\0\x79\x01\x78\x03\0\0\0\0\x7b\x16\x80\x03\0\0\0\0\x79\
\x01\x70\x03\0\0\0\0\x7b\x16\x78\x03\0\0\0\0\x79\x01\x68\x03\0\0\0\0\x7b\x16\
\x70\x03\0\0\0\0\x79\x01\x60\x03\0\0\0\0\x7b\x16\x68\x03\0\0\0\0\x79\x01\x58\
\x03\0\0\0\0\x7b\x16\x60\x03\0\0\0\0\x79\x01\x50\x03\0\0\0\0\x7b\x16\x58\x03\0\
\0\0\0\x79\x01\x48\x03\0\0\0\0\x7b\x16\x50\x03\0\0\0\0\x79\x01\x40\x03\0\0\0\0\
\x7b\x16\x48\x03\0\0\0\0\x79\x01\x38\x03\0\0\0\0\x7b\x16\x40\x03\0\0\0\0\x79\
\x01\x30\x03\0\0\0\0\x7b\x16\x38\x03\0\0\0\0\x79\x01\x28\x03\0\0\0\0\x7b\x16\
\x30\x03\0\0\0\0\x79\x01\x20\x03\0\0\0\0\x7b\x16\x28\x03\0\0\0\0\x79\x01\x18\
\x03\0\0\0\0\x7b\x16\x20\x03\0\0\0\0\x79\x01\x10\x03\0\0\0\0\x7b\x16\x18\x03\0\
\0\0\0\x79\x01\x08\x03\0\0\0\0\x7b\x16\x10\x03\0\0\0\0\x79\x01\0\x03\0\0\0\0\
\x7b\x16\x08\x03\0\0\0\0\x79\x01\xf8\x02\0\0\0\0\x7b\x16\0\x03\0\0\0\0\x79\x01\
\xf0\x02\0\0\0\0\x7b\x16\xf8\x02\0\0\0\0\x79\x01\xe8\x02\0\0\0\0\x7b\x16\xf0\
\x02\0\0\0\0\x79\x01\xe0\x02\0\0\0\0\x7b\x16\xe8\x02\0\0\0\0\x79\x01\xd8\x02\0\
\0\0\0\x7b\x16\xe0\x02\0\0\0\0\x79\x01\xd0\x02\0\0\0\0\x7b\x16\xd8\x02\0\0\0\0\
\x79\x01\xc8\x02\0\0\0\0\x7b\x16\xd0\x02\0\0\0\0\x79\x01\xc0\x02\0\0\0\0\x7b\
\x16\xc8\x02\0\0\0\0\x79\x01\xb8\x02\0\0\0\0\x7b\x16\xc0\x02\0\0\0\0\x79\x01\
\xb0\x02\0\0\0\0\x7b\x16\xb8\x02\0\0\0\0\x79\x01\xa8\x02\0\0\0\0\x7b\x16\xb0\
\x02\0\0\0\0\x79\x01\xa0\x02\0\0\0\0\x7b\x16\xa8\x02\0\0\0\0\x79\x01\x98\x02\0\
\0\0\0\x7b\x16\xa0\x02\0\0\0\0\x79\x01\x90\x02\0\0\0\0\x7b\x16\x98\x02\0\0\0\0\
\x79\x01\x88\x02\0\0\0\0\x7b\x16\x90\x02\0\0\0\0\x79\x01\x80\x02\0\0\0\0\x7b\
\x16\x88\x02\0\0\0\0\x79\x01\x78\x02\0\0\0\0\x7b\x16\x80\x02\0\0\0\0\x79\x01\
\x70\x02\0\0\0\0\x7b\x16\x78\x02\0\0\0\0\x79\x01\x68\x02\0\0\0\0\x7b\x16\x70\
\x02\0\0\0\0\x79\x01\x60\x02\0\0\0\0\x7b\x16\x68\x02\0\0\0\0\x79\x01\x58\x02\0\
\0\0\0\x7b\x16\x60\x02\0\0\0\0\x79\x01\x50\x02\0\0\0\0\x7b\x16\x58\x02\0\0\0\0\
\x79\x01\x48\x02\0\0\0\0\x7b\x16\x50\x02\0\0\0\0\x79\x01\x40\x02\0\0\0\0\x7b\
\x16\x48\x02\0\0\0\0\x79\x01\x38\x02\0\0\0\0\x7b\x16\x40\x02\0\0\0\0\x79\x01\
\x30\x02\0\0\0\0\x7b\x16\x38\x02\0\0\0\0\x79\x01\x28\x02\0\0\0\0\x7b\x16\x30\
\x02\0\0\0\0\x79\x01\x98\x04\0\0\0\0\x7b\x16\xa0\x04\0\0\0\0\x79\x01\x90\x04\0\
\0\0\0\x7b\x16\x98\x04\0\0\0\0\x79\x01\x88\x04\0\0\0\0\x7b\x16\x90\x04\0\0\0\0\
\x79\x01\x80\x04\0\0\0\0\x7b\x16\x88\x04\0\0\0\0\x79\x01\x78\x04\0\0\0\0\x7b\
\x16\x80\x04\0\0\0\0\x79\x01\x70\x04\0\0\0\0\x7b\x16\x78\x04\0\0\0\0\x79\x01\
\x68\x04\0\0\0\0\x7b\x16\x70\x04\0\0\0\0\x05\0\xb0\0\0\0\0\0\x7b\x9a\xd0\xff\0\
\0\0\0\x7b\x0a\xd8\xff\0\0\0\0\x7b\x6a\xe0\xff\0\0\0\0\xb7\x01\0\0\x58\x06\0\0\
\x7b\x7a\xc8\xff\0\0\0\0\x0f\x17\0\0\0\0\0\0\xbf\xa1\0\0\0\0\0\0\x07\x01\0\0\
\xf0\xff\xff\xff\xb7\x02\0\0\x08\0\0\0\xbf\x73\0\0\0\0\0\0\x85\0\0\0\x71\0\0\0\
\xb7\x01\0\0\x88\x06\0\0\x79\xa3\xf0\xff\0\0\0\0\x0f\x13\0\0\0\0\0\0\xbf\xa1\0\
\0\0\0\0\0\x07\x01\0\0\xf8\xff\xff\xff\xb7\x02\0\0\x08\0\0\0\x85\0\0\0\x71\0\0\
\0\xb7\x08\0\0\x40\0\0\0\x79\xa6\xf8\xff\0\0\0\0\x05\0\x06\0\0\0\0\0\x07\x08\0\
\0\xff\xff\xff\xff\xbf\x81\0\0\0\0\0\0\x67\x01\0\0\x20\0\0\0\x77\x01\0\0\x20\0\
\0\0\xbf\x96\0\0\0\0\0\0\x15\x01\x20\0\0\0\0\0\xbf\x63\0\0\0\0\0\0\xb7\x01\0\0\
\x58\x06\0\0\x0f\x13\0\0\0\0\0\0\xbf\xa1\0\0\0\0\0\0\x07\x01\0\0\xf0\xff\xff\
\xff\xb7\x02\0\0\x08\0\0\0\x85\0\0\0\x71\0\0\0\x79\xa3\xf0\xff\0\0\0\0\xb7\x01\
\0\0\x88\x06\0\0\x0f\x13\0\0\0\0\0\0\xbf\xa1\0\0\0\0\0\0\x07\x01\0\0\xf8\xff\
\xff\xff\xb7\x02\0\0\x08\0\0\0\x85\0\0\0\x71\0\0\0\x79\xa9\xf8\xff\0\0\0\0\x15\
\x09\x10\0\0\0\0\0\xbf\x63\0\0\0\0\0\0\xb7\x07\0\0\xe8\x08\0\0\x0f\x73\0\0\0\0\
\0\0\xbf\xa1\0\0\0\0\0\0\x07\x01\0\0\xf8\xff\xff\xff\xb7\x02\0\0\x08\0\0\0\x85\
\0\0\0\x71\0\0\0\xbf\x93\0\0\0\0\0\0\x0f\x73\0\0\0\0\0\0\x79\xa7\xf8\xff\0\0\0\
\0\xbf\xa1\0\0\0\0\0\0\x07\x01\0\0\xf8\xff\xff\xff\xb7\x02\0\0\x08\0\0\0\x85\0\
\0\0\x71\0\0\0\x79\xa1\xf8\xff\0\0\0\0\x1d\x17\xda\xff\0\0\0\0\xb7\x08\0\0\x4c\
\x06\0\0\xbf\x63\0\0\0\0\0\0\x0f\x83\0\0\0\0\0\0\xbf\xa1\0\0\0\0\0\0\x07\x01\0\
\0\xf8\xff\xff\xff\xb7\x02\0\0\x04\0\0\0\x85\0\0\0\x71\0\0\0\x61\xa1\xf8\xff\0\
\0\0\0\x79\xa4\xe0\xff\0\0\0\0\x63\x14\x0c\0\0\0\0\0\xb7\x09\0\0\x80\x07\0\0\
\x0f\x96\0\0\0\0\0\0\xbf\xa1\0\0\0\0\0\0\x07\x01\0\0\xf8\xff\xff\xff\xb7\x02\0\
\0\x08\0\0\0\xbf\x63\0\0\0\0\0\0\xbf\x46\0\0\0\0\0\0\x85\0\0\0\x71\0\0\0\x79\
\xa1\xf8\xff\0\0\0\0\x7b\x16\x18\0\0\0\0\0\xb7\x01\0\0\x88\x06\0\0\x79\xa7\xc8\
\xff\0\0\0\0\xbf\x73\0\0\0\0\0\0\x0f\x13\0\0\0\0\0\0\xbf\xa1\0\0\0\0\0\0\x07\
\x01\0\0\xf0\xff\xff\xff\xb7\x02\0\0\x08\0\0\0\x85\0\0\0\x71\0\0\0\x79\xa3\xf0\
\xff\0\0\0\0\x0f\x93\0\0\0\0\0\0\xbf\xa1\0\0\0\0\0\0\x07\x01\0\0\xf8\xff\xff\
\xff\xb7\x02\0\0\x08\0\0\0\x85\0\0\0\x71\0\0\0\x79\xa1\xf8\xff\0\0\0\0\x7b\x16\
\x10\0\0\0\0\0\xbf\x73\0\0\0\0\0\0\x0f\x83\0\0\0\0\0\0\xbf\xa1\0\0\0\0\0\0\x07\
\x01\0\0\xf8\xff\xff\xff\xb7\x02\0\0\x04\0\0\0\x85\0\0\0\x71\0\0\0\x61\xa1\xf8\
\xff\0\0\0\0\x63\x16\x08\0\0\0\0\0\xb7\x01\0\0\xf0\x07\0\0\xbf\x79\0\0\0\0\0\0\
\x0f\x19\0\0\0\0\0\0\xbf\xa1\0\0\0\0\0\0\x07\x01\0\0\xf8\xff\xff\xff\xb7\x02\0\
\0\x08\0\0\0\xbf\x93\0\0\0\0\0\0\x85\0\0\0\x71\0\0\0\xb7\x01\0\0\x1c\0\0\0\x79\
\xa3\xf8\xff\0\0\0\0\x0f\x13\0\0\0\0\0\0\xbf\xa1\0\0\0\0\0\0\x07\x01\0\0\xf0\
\xff\xff\xff\xb7\x02\0\0\x04\0\0\0\x85\0\0\0\x71\0\0\0\x61\xa1\xf0\xff\0\0\0\0\
\x63\x16\x24\x02\0\0\0\0\xbf\xa1\0\0\0\0\0\0\x07\x01\0\0\xf8\xff\xff\xff\xb7\
\x02\0\0\x08\0\0\0\xbf\x93\0\0\0\0\0\0\x85\0\0\0\x71\0\0\0\xb7\x01\0\0\x20\0\0\
\0\x79\xa3\xf8\xff\0\0\0\0\x0f\x13\0\0\0\0\0\0\xbf\xa1\0\0\0\0\0\0\x07\x01\0\0\
\xf0\xff\xff\xff\xb7\x02\0\0\x04\0\0\0\x85\0\0\0\x71\0\0\0\x61\xa1\xf0\xff\0\0\
\0\0\x63\x16\x28\x02\0\0\0\0\xb7\x01\0\0\x90\x05\0\0\x0f\x17\0\0\0\0\0\0\xbf\
\xa1\0\0\0\0\0\0\x07\x01\0\0\xf0\xff\xff\xff\xb7\x02\0\0\x08\0\0\0\xbf\x73\0\0\
\0\0\0\0\x85\0\0\0\x71\0\0\0\xb7\x01\0\0\x28\x01\0\0\x79\xa3\xf0\xff\0\0\0\0\
\x0f\x13\0\0\0\0\0\0\xbf\xa1\0\0\0\0\0\0\x07\x01\0\0\xf8\xff\xff\xff\xb7\x02\0\
\0\x08\0\0\0\x85\0\0\0\x71\0\0\0\x79\xa9\xf8\xff\0\0\0\0\xbf\xa1\0\0\0\0\0\0\
\x07\x01\0\0\xf0\xff\xff\xff\xb7\x02\0\0\x08\0\0\0\xbf\x73\0\0\0\0\0\0\x85\0\0\
\0\x71\0\0\0\xb7\x01\0\0\x30\x01\0\0\x79\xa3\xf0\xff\0\0\0\0\x0f\x13\0\0\0\0\0\
\0\xbf\xa1\0\0\0\0\0\0\x07\x01\0\0\xf8\xff\xff\xff\xb7\x02\0\0\x08\0\0\0\x85\0\
\0\0\x71\0\0\0\x79\xa2\xf8\xff\0\0\0\0\x1f\x92\0\0\0\0\0\0\xb7\x01\0\0\0\x02\0\
\0\x2d\x21\x01\0\0\0\0\0\xb7\x02\0\0\0\x02\0\0\x63\x26\x20\x02\0\0\0\0\x79\xa1\
\xd0\xff\0\0\0\0\x07\x01\0\0\x20\0\0\0\xbf\x93\0\0\0\0\0\0\x85\0\0\0\x70\0\0\0\
\x61\x61\x20\x02\0\0\0\0\x79\xa0\xd8\xff\0\0\0\0\x55\x01\x02\0\0\x02\0\0\xb7\
\x01\0\0\0\0\0\0\x73\x16\x1f\x02\0\0\0\0\xb7\x01\0\0\x01\0\0\0\x55\0\x01\0\0\0\
\0\0\xb7\x01\0\0\0\0\0\0\x73\x16\x68\x09\0\0\0\0\x79\x61\x60\x09\0\0\0\0\x7b\
\x1a\xf8\xff\0\0\0\0\xbf\xa2\0\0\0\0\0\0\x07\x02\0\0\xf8\xff\xff\xff\x18\x01\0\
\0\0\0\0\0\0\0\0\0\0\0\0\0\xbf\x23\0\0\0\0\0\0\xb7\x04\0\0\x01\0\0\0\x85\0\0\0\
\x02\0\0\0\xb7\0\0\0\0\0\0\0\x95\0\0\0\0\0\0\0\xb7\x08\0\0\xfb\0\0\0\x05\0\x07\
\xfe\0\0\0\0\x79\x17\0\0\0\0\0\0\x79\x72\x18\0\0\0\0\0\x18\x01\0\0\0\0\0\0\0\0\
\0\0\0\0\0\0\xb7\x03\0\0\0\0\0\0\xb7\x04\0\0\0\0\0\0\x85\0\0\0\x6b\0\0\0\xbf\
\x06\0\0\0\0\0\0\x55\x06\x1d\x02\0\0\0\0\x79\x72\x18\0\0\0\0\0\xb7\x08\0\0\x01\
\0\0\0\x18\x01\0\0\0\0\0\0\0\0\0\0\0\0\0\0\xb7\x03\0\0\0\0\0\0\xb7\x04\0\0\x01\
\0\0\0\x85\0\0\0\x6b\0\0\0\xbf\x09\0\0\0\0\0\0\x15\x09\x0d\0\0\0\0\0\xbf\x96\0\
\0\0\0\0\0\x79\x71\x18\0\0\0\0\0\x69\x12\x10\0\0\0\0\0\x63\x26\0\0\0\0\0\0\x79\
\x73\x18\0\0\0\0\0\x69\x71\x04\0\0\0\0\0\x67\x01\0\0\x30\0\0\0\xc7\x01\0\0\x30\
\0\0\0\x69\x33\x24\x02\0\0\0\0\x65\x03\x08\0\x05\0\0\0\x15\x03\x12\0\0\0\0\0\
\x15\x03\x1c\0\x01\0\0\0\x05\0\x07\0\0\0\0\0\x18\x01\0\0\x25\x02\0\0\0\0\0\0\0\
\0\0\0\xb7\x02\0\0\x39\0\0\0\x85\0\0\0\x06\0\0\0\x05\0\x0b\x02\0\0\0\0\x15\x03\
\x08\0\x06\0\0\0\x15\x03\x11\0\x11\0\0\0\xb7\x02\0\0\x3a\0\0\0\x15\x01\x01\0\
\x3a\0\0\0\xb7\x02\0\0\xfc\0\0\0\xb7\x08\0\0\xfb\0\0\0\x15\x01\x0f\0\x03\0\0\0\
\xbf\x28\0\0\0\0\0\0\x05\0\x0d\0\0\0\0\0\xb7\x08\0\0\x06\0\0\0\x05\0\x0b\0\0\0\
\0\0\x15\x02\x01\0\x0a\0\0\0\x55\x02\x08\0\x02\0\0\0\xb7\x08\0\0\x06\0\0\0\x15\
\x01\x07\0\x01\0\0\0\x67\x01\0\0\x20\0\0\0\x77\x01\0\0\x20\0\0\0\x15\x01\xfb\
\x01\x03\0\0\0\x55\x01\x02\0\x02\0\0\0\xb7\x08\0\0\x11\0\0\0\x05\0\x01\0\0\0\0\
\0\xb7\x08\0\0\xfc\0\0\0\x63\x86\x04\0\0\0\0\0\x79\x71\x18\0\0\0\0\0\x85\0\0\0\
\x2e\0\0\0\x7b\x06\x60\x09\0\0\0\0\x85\0\0\0\x9e\0\0\0\xbf\x07\0\0\0\0\0\0\x61\
\x71\x4c\x06\0\0\0\0\x63\x1a\xec\xff\0\0\0\0\xbf\xa2\0\0\0\0\0\0\x07\x02\0\0\
\xec\xff\xff\xff\x18\x01\0\0\0\0\0\0\0\0\0\0\0\0\0\0\x85\0\0\0\x01\0\0\0\x15\0\
\x2a\x01\0\0\0\0\x07\x09\0\0\x08\0\0\0\x79\x01\x20\x02\0\0\0\0\x7b\x19\x20\x02\
\0\0\0\0\x79\x01\x18\x02\0\0\0\0\x7b\x19\x18\x02\0\0\0\0\x79\x01\x10\x02\0\0\0\
\0\x7b\x19\x10\x02\0\0\0\0\x79\x01\x08\x02\0\0\0\0\x7b\x19\x08\x02\0\0\0\0\x79\
\x01\0\x02\0\0\0\0\x7b\x19\0\x02\0\0\0\0\x79\x01\xf8\x01\0\0\0\0\x7b\x19\xf8\
\x01\0\0\0\0\x79\x01\xf0\x01\0\0\0\0\x7b\x19\xf0\x01\0\0\0\0\x79\x01\xe8\x01\0\
\0\0\0\x7b\x19\xe8\x01\0\0\0\0\x79\x01\xe0\x01\0\0\0\0\x7b\x19\xe0\x01\0\0\0\0\
\x79\x01\xd8\x01\0\0\0\0\x7b\x19\xd8\x01\0\0\0\0\x79\x01\xd0\x01\0\0\0\0\x7b\
\x19\xd0\x01\0\0\0\0\x79\x01\xc8\x01\0\0\0\0\x7b\x19\xc8\x01\0\0\0\0\x79\x01\
\xc0\x01\0\0\0\0\x7b\x19\xc0\x01\0\0\0\0\x79\x01\xb8\x01\0\0\0\0\x7b\x19\xb8\
\x01\0\0\0\0\x79\x01\xb0\x01\0\0\0\0\x7b\x19\xb0\x01\0\0\0\0\x79\x01\xa8\x01\0\
\0\0\0\x7b\x19\xa8\x01\0\0\0\0\x79\x01\xa0\x01\0\0\0\0\x7b\x19\xa0\x01\0\0\0\0\
\x79\x01\x98\x01\0\0\0\0\x7b\x19\x98\x01\0\0\0\0\x79\x01\x90\x01\0\0\0\0\x7b\
\x19\x90\x01\0\0\0\0\x79\x01\x88\x01\0\0\0\0\x7b\x19\x88\x01\0\0\0\0\x79\x01\
\x80\x01\0\0\0\0\x7b\x19\x80\x01\0\0\0\0\x79\x01\x78\x01\0\0\0\0\x7b\x19\x78\
\x01\0\0\0\0\x79\x01\x70\x01\0\0\0\0\x7b\x19\x70\x01\0\0\0\0\x79\x01\x68\x01\0\
\0\0\0\x7b\x19\x68\x01\0\0\0\0\x79\x01\x60\x01\0\0\0\0\x7b\x19\x60\x01\0\0\0\0\
\x79\x01\x58\x01\0\0\0\0\x7b\x19\x58\x01\0\0\0\0\x79\x01\x50\x01\0\0\0\0\x7b\
\x19\x50\x01\0\0\0\0\x79\x01\x48\x01\0\0\0\0\x7b\x19\x48\x01\0\0\0\0\x79\x01\
\x40\x01\0\0\0\0\x7b\x19\x40\x01\0\0\0\0\x79\x01\x38\x01\0\0\0\0\x7b\x19\x38\
\x01\0\0\0\0\x79\x01\x30\x01\0\0\0\0\x7b\x19\x30\x01\0\0\0\0\x79\x01\x28\x01\0\
\0\0\0\x7b\x19\x28\x01\0\0\0\0\x79\x01\x20\x01\0\0\0\0\x7b\x19\x20\x01\0\0\0\0\
\x79\x01\x18\x01\0\0\0\0\x7b\x19\x18\x01\0\0\0\0\x79\x01\x10\x01\0\0\0\0\x7b\
\x19\x10\x01\0\0\0\0\x79\x01\x08\x01\0\0\0\0\x7b\x19\x08\x01\0\0\0\0\x79\x01\0\
\x01\0\0\0\0\x7b\x19\0\x01\0\0\0\0\x79\x01\xf8\0\0\0\0\0\x7b\x19\xf8\0\0\0\0\0\
\x79\x01\xf0\0\0\0\0\0\x7b\x19\xf0\0\0\0\0\0\x79\x01\xe8\0\0\0\0\0\x7b\x19\xe8\
\0\0\0\0\0\x79\x01\xe0\0\0\0\0\0\x7b\x19\xe0\0\0\0\0\0\x79\x01\xd8\0\0\0\0\0\
\x7b\x19\xd8\0\0\0\0\0\x79\x01\xd0\0\0\0\0\0\x7b\x19\xd0\0\0\0\0\0\x79\x01\xc8\
\0\0\0\0\0\x7b\x19\xc8\0\0\0\0\0\x79\x01\xc0\0\0\0\0\0\x7b\x19\xc0\0\0\0\0\0\
\x79\x01\xb8\0\0\0\0\0\x7b\x19\xb8\0\0\0\0\0\x79\x01\xb0\0\0\0\0\0\x7b\x19\xb0\
\0\0\0\0\0\x79\x01\xa8\0\0\0\0\0\x7b\x19\xa8\0\0\0\0\0\x79\x01\xa0\0\0\0\0\0\
\x7b\x19\xa0\0\0\0\0\0\x79\x01\x98\0\0\0\0\0\x7b\x19\x98\0\0\0\0\0\x79\x01\x90\
\0\0\0\0\0\x7b\x19\x90\0\0\0\0\0\x79\x01\x88\0\0\0\0\0\x7b\x19\x88\0\0\0\0\0\
\x79\x01\x80\0\0\0\0\0\x7b\x19\x80\0\0\0\0\0\x79\x01\x78\0\0\0\0\0\x7b\x19\x78\
\0\0\0\0\0\x79\x01\x70\0\0\0\0\0\x7b\x19\x70\0\0\0\0\0\x79\x01\x68\0\0\0\0\0\
\x7b\x19\x68\0\0\0\0\0\x79\x01\x60\0\0\0\0\0\x7b\x19\x60\0\0\0\0\0\x79\x01\x58\
\0\0\0\0\0\x7b\x19\x58\0\0\0\0\0\x79\x01\x50\0\0\0\0\0\x7b\x19\x50\0\0\0\0\0\
\x79\x01\x48\0\0\0\0\0\x7b\x19\x48\0\0\0\0\0\x79\x01\x40\0\0\0\0\0\x7b\x19\x40\
\0\0\0\0\0\x79\x01\x38\0\0\0\0\0\x7b\x19\x38\0\0\0\0\0\x79\x01\x30\0\0\0\0\0\
\x7b\x19\x30\0\0\0\0\0\x79\x01\x28\0\0\0\0\0\x7b\x19\x28\0\0\0\0\0\x79\x01\x20\
\0\0\0\0\0\x7b\x19\x20\0\0\0\0\0\x79\x01\x18\0\0\0\0\0\x7b\x19\x18\0\0\0\0\0\
\x79\x01\x10\0\0\0\0\0\x7b\x19\x10\0\0\0\0\0\x79\x01\x08\0\0\0\0\0\x7b\x19\x08\
\0\0\0\0\0\x79\x01\0\0\0\0\0\0\x7b\x19\0\0\0\0\0\0\x79\x01\x60\x04\0\0\0\0\x7b\
\x16\x68\x04\0\0\0\0\x79\x01\x58\x04\0\0\0\0\x7b\x16\x60\x04\0\0\0\0\x79\x01\
\x50\x04\0\0\0\0\x7b\x16\x58\x04\0\0\0\0\x79\x01\x48\x04\0\0\0\0\x7b\x16\x50\
\x04\0\0\0\0\x79\x01\x40\x04\0\0\0\0\x7b\x16\x48\x04\0\0\0\0\x79\x01\x38\x04\0\
\0\0\0\x7b\x16\x40\x04\0\0\0\0\x79\x01\x30\x04\0\0\0\0\x7b\x16\x38\x04\0\0\0\0\
\x79\x01\x28\x04\0\0\0\0\x7b\x16\x30\x04\0\0\0\0\x79\x01\x20\x04\0\0\0\0\x7b\
\x16\x28\x04\0\0\0\0\x79\x01\x18\x04\0\0\0\0\x7b\x16\x20\x04\0\0\0\0\x79\x01\
\x10\x04\0\0\0\0\x7b\x16\x18\x04\0\0\0\0\x79\x01\x08\x04\0\0\0\0\x7b\x16\x10\
\x04\0\0\0\0\x79\x01\0\x04\0\0\0\0\x7b\x16\x08\x04\0\0\0\0\x79\x01\xf8\x03\0\0\
\0\0\x7b\x16\0\x04\0\0\0\0\x79\x01\xf0\x03\0\0\0\0\x7b\x16\xf8\x03\0\0\0\0\x79\
\x01\xe8\x03\0\0\0\0\x7b\x16\xf0\x03\0\0\0\0\x79\x01\xe0\x03\0\0\0\0\x7b\x16\
\xe8\x03\0\0\0\0\x79\x01\xd8\x03\0\0\0\0\x7b\x16\xe0\x03\0\0\0\0\x79\x01\xd0\
\x03\0\0\0\0\x7b\x16\xd8\x03\0\0\0\0\x79\x01\xc8\x03\0\0\0\0\x7b\x16\xd0\x03\0\
\0\0\0\x79\x01\xc0\x03\0\0\0\0\x7b\x16\xc8\x03\0\0\0\0\x79\x01\xb8\x03\0\0\0\0\
\x7b\x16\xc0\x03\0\0\0\0\x79\x01\xb0\x03\0\0\0\0\x7b\x16\xb8\x03\0\0\0\0\x79\
\x01\xa8\x03\0\0\0\0\x7b\x16\xb0\x03\0\0\0\0\x79\x01\xa0\x03\0\0\0\0\x7b\x16\
\xa8\x03\0\0\0\0\x79\x01\x98\x03\0\0\0\0\x7b\x16\xa0\x03\0\0\0\0\x79\x01\x90\
\x03\0\0\0\0\x7b\x16\x98\x03\0\0\0\0\x79\x01\x88\x03\0\0\0\0\x7b\x16\x90\x03\0\
\0\0\0\x79\x01\x80\x03\0\0\0\0\x7b\x16\x88\x03\0\0\0\0\x79\x01\x78\x03\0\0\0\0\
\x7b\x16\x80\x03\0\0\0\0\x79\x01\x70\x03\0\0\0\0\x7b\x16\x78\x03\0\0\0\0\x79\
\x01\x68\x03\0\0\0\0\x7b\x16\x70\x03\0\0\0\0\x79\x01\x60\x03\0\0\0\0\x7b\x16\
\x68\x03\0\0\0\0\x79\x01\x58\x03\0\0\0\0\x7b\x16\x60\x03\0\0\0\0\x79\x01\x50\
\x03\0\0\0\0\x7b\x16\x58\x03\0\0\0\0\x79\x01\x48\x03\0\0\0\0\x7b\x16\x50\x03\0\
\0\0\0\x79\x01\x40\x03\0\0\0\0\x7b\x16\x48\x03\0\0\0\0\x79\x01\x38\x03\0\0\0\0\
\x7b\x16\x40\x03\0\0\0\0\x79\x01\x30\x03\0\0\0\0\x7b\x16\x38\x03\0\0\0\0\x79\
\x01\x28\x03\0\0\0\0\x7b\x16\x30\x03\0\0\0\0\x79\x01\x20\x03\0\0\0\0\x7b\x16\
\x28\x03\0\0\0\0\x79\x01\x18\x03\0\0\0\0\x7b\x16\x20\x03\0\0\0\0\x79\x01\x10\
\x03\0\0\0\0\x7b\x16\x18\x03\0\0\0\0\x79\x01\x08\x03\0\0\0\0\x7b\x16\x10\x03\0\
\0\0\0\x79\x01\0\x03\0\0\0\0\x7b\x16\x08\x03\0\0\0\0\x79\x01\xf8\x02\0\0\0\0\
\x7b\x16\0\x03\0\0\0\0\x79\x01\xf0\x02\0\0\0\0\x7b\x16\xf8\x02\0\0\0\0\x79\x01\
\xe8\x02\0\0\0\0\x7b\x16\xf0\x02\0\0\0\0\x79\x01\xe0\x02\0\0\0\0\x7b\x16\xe8\
\x02\0\0\0\0\x79\x01\xd8\x02\0\0\0\0\x7b\x16\xe0\x02\0\0\0\0\x79\x01\xd0\x02\0\
\0\0\0\x7b\x16\xd8\x02\0\0\0\0\x79\x01\xc8\x02\0\0\0\0\x7b\x16\xd0\x02\0\0\0\0\
\x79\x01\xc0\x02\0\0\0\0\x7b\x16\xc8\x02\0\0\0\0\x79\x01\xb8\x02\0\0\0\0\x7b\
\x16\xc0\x02\0\0\0\0\x79\x01\xb0\x02\0\0\0\0\x7b\x16\xb8\x02\0\0\0\0\x79\x01\
\xa8\x02\0\0\0\0\x7b\x16\xb0\x02\0\0\0\0\x79\x01\xa0\x02\0\0\0\0\x7b\x16\xa8\
\x02\0\0\0\0\x79\x01\x98\x02\0\0\0\0\x7b\x16\xa0\x02\0\0\0\0\x79\x01\x90\x02\0\
\0\0\0\x7b\x16\x98\x02\0\0\0\0\x79\x01\x88\x02\0\0\0\0\x7b\x16\x90\x02\0\0\0\0\
\x79\x01\x80\x02\0\0\0\0\x7b\x16\x88\x02\0\0\0\0\x79\x01\x78\x02\0\0\0\0\x7b\
\x16\x80\x02\0\0\0\0\x79\x01\x70\x02\0\0\0\0\x7b\x16\x78\x02\0\0\0\0\x79\x01\
\x68\x02\0\0\0\0\x7b\x16\x70\x02\0\0\0\0\x79\x01\x60\x02\0\0\0\0\x7b\x16\x68\
\x02\0\0\0\0\x79\x01\x58\x02\0\0\0\0\x7b\x16\x60\x02\0\0\0\0\x79\x01\x50\x02\0\
\0\0\0\x7b\x16\x58\x02\0\0\0\0\x79\x01\x48\x02\0\0\0\0\x7b\x16\x50\x02\0\0\0\0\
\x79\x01\x40\x02\0\0\0\0\x7b\x16\x48\x02\0\0\0\0\x79\x01\x38\x02\0\0\0\0\x7b\
\x16\x40\x02\0\0\0\0\x79\x01\x30\x02\0\0\0\0\x7b\x16\x38\x02\0\0\0\0\x79\x01\
\x28\x02\0\0\0\0\x7b\x16\x30\x02\0\0\0\0\x79\x01\x98\x04\0\0\0\0\x7b\x16\xa0\
\x04\0\0\0\0\x79\x01\x90\x04\0\0\0\0\x7b\x16\x98\x04\0\0\0\0\x79\x01\x88\x04\0\
\0\0\0\x7b\x16\x90\x04\0\0\0\0\x79\x01\x80\x04\0\0\0\0\x7b\x16\x88\x04\0\0\0\0\
\x79\x01\x78\x04\0\0\0\0\x7b\x16\x80\x04\0\0\0\0\x79\x01\x70\x04\0\0\0\0\x7b\
\x16\x78\x04\0\0\0\0\x79\x01\x68\x04\0\0\0\0\x7b\x16\x70\x04\0\0\0\0\x05\0\xb0\
\0\0\0\0\0\x7b\x9a\xd0\xff\0\0\0\0\x7b\x0a\xd8\xff\0\0\0\0\x7b\x6a\xe0\xff\0\0\
\0\0\xb7\x01\0\0\x58\x06\0\0\x7b\x7a\xc8\xff\0\0\0\0\x0f\x17\0\0\0\0\0\0\xbf\
\xa1\0\0\0\0\0\0\x07\x01\0\0\xf0\xff\xff\xff\xb7\x02\0\0\x08\0\0\0\xbf\x73\0\0\
\0\0\0\0\x85\0\0\0\x71\0\0\0\xb7\x01\0\0\x88\x06\0\0\x79\xa3\xf0\xff\0\0\0\0\
\x0f\x13\0\0\0\0\0\0\xbf\xa1\0\0\0\0\0\0\x07\x01\0\0\xf8\xff\xff\xff\xb7\x02\0\
\0\x08\0\0\0\x85\0\0\0\x71\0\0\0\xb7\x08\0\0\x40\0\0\0\x79\xa6\xf8\xff\0\0\0\0\
\x05\0\x06\0\0\0\0\0\x07\x08\0\0\xff\xff\xff\xff\xbf\x81\0\0\0\0\0\0\x67\x01\0\
\0\x20\0\0\0\x77\x01\0\0\x20\0\0\0\xbf\x96\0\0\0\0\0\0\x15\x01\x20\0\0\0\0\0\
\xbf\x63\0\0\0\0\0\0\xb7\x01\0\0\x58\x06\0\0\x0f\x13\0\0\0\0\0\0\xbf\xa1\0\0\0\
\0\0\0\x07\x01\0\0\xf0\xff\xff\xff\xb7\x02\0\0\x08\0\0\0\x85\0\0\0\x71\0\0\0\
\x79\xa3\xf0\xff\0\0\0\0\xb7\x01\0\0\x88\x06\0\0\x0f\x13\0\0\0\0\0\0\xbf\xa1\0\
\0\0\0\0\0\x07\x01\0\0\xf8\xff\xff\xff\xb7\x02\0\0\x08\0\0\0\x85\0\0\0\x71\0\0\
\0\x79\xa9\xf8\xff\0\0\0\0\x15\x09\x10\0\0\0\0\0\xbf\x63\0\0\0\0\0\0\xb7\x07\0\
\0\xe8\x08\0\0\x0f\x73\0\0\0\0\0\0\xbf\xa1\0\0\0\0\0\0\x07\x01\0\0\xf8\xff\xff\
\xff\xb7\x02\0\0\x08\0\0\0\x85\0\0\0\x71\0\0\0\xbf\x93\0\0\0\0\0\0\x0f\x73\0\0\
\0\0\0\0\x79\xa7\xf8\xff\0\0\0\0\xbf\xa1\0\0\0\0\0\0\x07\x01\0\0\xf8\xff\xff\
\xff\xb7\x02\0\0\x08\0\0\0\x85\0\0\0\x71\0\0\0\x79\xa1\xf8\xff\0\0\0\0\x1d\x17\
\xda\xff\0\0\0\0\xb7\x08\0\0\x4c\x06\0\0\xbf\x63\0\0\0\0\0\0\x0f\x83\0\0\0\0\0\
\0\xbf\xa1\0\0\0\0\0\0\x07\x01\0\0\xf8\xff\xff\xff\xb7\x02\0\0\x04\0\0\0\x85\0\
\0\0\x71\0\0\0\x61\xa1\xf8\xff\0\0\0\0\x79\xa4\xe0\xff\0\0\0\0\x63\x14\x0c\0\0\
\0\0\0\xb7\x09\0\0\x80\x07\0\0\x0f\x96\0\0\0\0\0\0\xbf\xa1\0\0\0\0\0\0\x07\x01\
\0\0\xf8\xff\xff\xff\xb7\x02\0\0\x08\0\0\0\xbf\x63\0\0\0\0\0\0\xbf\x46\0\0\0\0\
\0\0\x85\0\0\0\x71\0\0\0\x79\xa1\xf8\xff\0\0\0\0\x7b\x16\x18\0\0\0\0\0\xb7\x01\
\0\0\x88\x06\0\0\x79\xa7\xc8\xff\0\0\0\0\xbf\x73\0\0\0\0\0\0\x0f\x13\0\0\0\0\0\
\0\xbf\xa1\0\0\0\0\0\0\x07\x01\0\0\xf0\xff\xff\xff\xb7\x02\0\0\x08\0\0\0\x85\0\
\0\0\x71\0\0\0\x79\xa3\xf0\xff\0\0\0\0\x0f\x93\0\0\0\0\0\0\xbf\xa1\0\0\0\0\0\0\
\x07\x01\0\0\xf8\xff\xff\xff\xb7\x02\0\0\x08\0\0\0\x85\0\0\0\x71\0\0\0\x79\xa1\
\xf8\xff\0\0\0\0\x7b\x16\x10\0\0\0\0\0\xbf\x73\0\0\0\0\0\0\x0f\x83\0\0\0\0\0\0\
\xbf\xa1\0\0\0\0\0\0\x07\x01\0\0\xf8\xff\xff\xff\xb7\x02\0\0\x04\0\0\0\x85\0\0\
\0\x71\0\0\0\x61\xa1\xf8\xff\0\0\0\0\x63\x16\x08\0\0\0\0\0\xb7\x01\0\0\xf0\x07\
\0\0\xbf\x79\0\0\0\0\0\0\x0f\x19\0\0\0\0\0\0\xbf\xa1\0\0\0\0\0\0\x07\x01\0\0\
\xf8\xff\xff\xff\xb7\x02\0\0\x08\0\0\0\xbf\x93\0\0\0\0\0\0\x85\0\0\0\x71\0\0\0\
\xb7\x01\0\0\x1c\0\0\0\x79\xa3\xf8\xff\0\0\0\0\x0f\x13\0\0\0\0\0\0\xbf\xa1\0\0\
\0\0\0\0\x07\x01\0\0\xf0\xff\xff\xff\xb7\x02\0\0\x04\0\0\0\x85\0\0\0\x71\0\0\0\
\x61\xa1\xf0\xff\0\0\0\0\x63\x16\x24\x02\0\0\0\0\xbf\xa1\0\0\0\0\0\0\x07\x01\0\
\0\xf8\xff\xff\xff\xb7\x02\0\0\x08\0\0\0\xbf\x93\0\0\0\0\0\0\x85\0\0\0\x71\0\0\
\0\xb7\x01\0\0\x20\0\0\0\x79\xa3\xf8\xff\0\0\0\0\x0f\x13\0\0\0\0\0\0\xbf\xa1\0\
\0\0\0\0\0\x07\x01\0\0\xf0\xff\xff\xff\xb7\x02\0\0\x04\0\0\0\x85\0\0\0\x71\0\0\
\0\x61\xa1\xf0\xff\0\0\0\0\x63\x16\x28\x02\0\0\0\0\xb7\x01\0\0\x90\x05\0\0\x0f\
\x17\0\0\0\0\0\0\xbf\xa1\0\0\0\0\0\0\x07\x01\0\0\xf0\xff\xff\xff\xb7\x02\0\0\
\x08\0\0\0\xbf\x73\0\0\0\0\0\0\x85\0\0\0\x71\0\0\0\xb7\x01\0\0\x28\x01\0\0\x79\
\xa3\xf0\xff\0\0\0\0\x0f\x13\0\0\0\0\0\0\xbf\xa1\0\0\0\0\0\0\x07\x01\0\0\xf8\
\xff\xff\xff\xb7\x02\0\0\x08\0\0\0\x85\0\0\0\x71\0\0\0\x79\xa9\xf8\xff\0\0\0\0\
\xbf\xa1\0\0\0\0\0\0\x07\x01\0\0\xf0\xff\xff\xff\xb7\x02\0\0\x08\0\0\0\xbf\x73\
\0\0\0\0\0\0\x85\0\0\0\x71\0\0\0\xb7\x01\0\0\x30\x01\0\0\x79\xa3\xf0\xff\0\0\0\
\0\x0f\x13\0\0\0\0\0\0\xbf\xa1\0\0\0\0\0\0\x07\x01\0\0\xf8\xff\xff\xff\xb7\x02\
\0\0\x08\0\0\0\x85\0\0\0\x71\0\0\0\x79\xa2\xf8\xff\0\0\0\0\x1f\x92\0\0\0\0\0\0\
\xb7\x01\0\0\0\x02\0\0\x2d\x21\x01\0\0\0\0\0\xb7\x02\0\0\0\x02\0\0\x63\x26\x20\
\x02\0\0\0\0\x79\xa1\xd0\xff\0\0\0\0\x07\x01\0\0\x20\0\0\0\xbf\x93\0\0\0\0\0\0\
\x85\0\0\0\x70\0\0\0\x61\x61\x20\x02\0\0\0\0\x79\xa0\xd8\xff\0\0\0\0\x55\x01\
\x02\0\0\x02\0\0\xb7\x01\0\0\0\0\0\0\x73\x16\x1f\x02\0\0\0\0\xb7\x01\0\0\x01\0\
\0\0\x55\0\x01\0\0\0\0\0\xb7\x01\0\0\0\0\0\0\x73\x16\x68\x09\0\0\0\0\x79\x61\
\x60\x09\0\0\0\0\x7b\x1a\xf8\xff\0\0\0\0\xbf\xa2\0\0\0\0\0\0\x07\x02\0\0\xf8\
\xff\xff\xff\x18\x01\0\0\0\0\0\0\0\0\0\0\0\0\0\0\xbf\x23\0\0\0\0\0\0\xb7\x04\0\
\0\x01\0\0\0\x85\0\0\0\x02\0\0\0\xb7\0\0\0\0\0\0\0\x95\0\0\0\0\0\0\0\xb7\x08\0\
\0\xfb\0\0\0\x05\0\x07\xfe\0\0\0\0\x44\x75\x61\x6c\x20\x42\x53\x44\x2f\x47\x50\
\x4c\0\0\0\0\0\0\0\0\0\0\0\0\0\0\0\0\0\0\0\0\0\0\0\0\0\0\0\0\0\0\0\0\0\0\0\0\0\
\0\0\0\0\0\0\0\0\0\0\0\0\0\0\0\0\0\0\0\0\0\0\0\0\0\0\0\0\0\0\0\0\0\0\0\0\0\0\0\
\0\0\0\0\0\0\0\0\0\0\0\0\0\0\0\0\0\0\0\0\0\0\0\0\0\0\0\0\0\0\0\0\0\0\0\0\0\0\0\
\0\0\0\0\0\0\0\0\0\0\0\0\0\0\0\0\0\0\0\0\0\0\0\0\0\0\0\0\0\0\0\0\0\0\0\0\0\0\0\
\0\0\0\0\0\0\0\0\0\0\0\0\0\0\0\0\0\0\0\0\0\0\0\0\0\0\0\0\0\0\0\0\0\0\0\0\0\0\0\
\0\0\0\x69\x6e\x65\x74\x5f\x6c\x69\x73\x74\x65\x6e\x20\x75\x6e\x61\x62\x6c\x65\
\x20\x74\x6f\x20\x72\x65\x73\x65\x72\x76\x65\x20\x62\x75\x66\x66\x65\x72\0\x43\
\x6f\x75\x6c\x64\x20\x6e\x6f\x74\x20\x64\x65\x74\x65\x72\x6d\x69\x6e\x65\x20\
\x69\x66\x20\x64\x65\x76\x69\x63\x65\x20\x69\x73\x20\x65\x78\x74\x65\x72\x6e\
\x61\x6c\x2e\x20\x73\x6b\x5f\x62\x75\x66\x66\x20\x63\x6f\x6e\x74\x61\x69\x6e\
\x65\x64\x20\x61\x20\x6e\x75\x6c\x6c\x20\x6e\x65\x74\x5f\x64\x65\x76\x69\x63\
\x65\x2e\0\x43\x6f\x75\x6c\x64\x20\x6e\x6f\x74\x20\x64\x65\x74\x65\x72\x6d\x69\
\x6e\x65\x20\x69\x66\x20\x64\x65\x76\x69\x63\x65\x20\x69\x73\x20\x65\x78\x74\
\x65\x72\x6e\x61\x6c\x2e\x20\x69\x66\x69\x6e\x64\x65\x78\x20\x69\x73\x20\x6e\
\x65\x67\x61\x74\x69\x76\x65\x3a\x25\x64\0\x57\x41\x52\x4e\x49\x4e\x47\x3a\x20\
\x43\x6f\x75\x6c\x64\x20\x6e\x6f\x74\x20\x63\x72\x65\x61\x74\x65\x20\x66\x6c\
\x6f\x77\x20\x65\x6e\x74\x72\x79\x3a\x20\x45\x6e\x74\x72\x79\x20\x61\x6c\x72\
\x65\x61\x64\x79\x20\x65\x78\x69\x73\x74\x73\x2e\0\x63\x72\x6f\x73\x5f\x6e\x65\
\x74\x77\x6f\x72\x6b\x5f\x61\x63\x63\x65\x70\x74\x5f\x65\x78\x69\x74\x20\x77\
\x61\x73\x20\x75\x6e\x61\x62\x6c\x65\x20\x74\x6f\x20\x61\x6c\x6c\x6f\x63\x61\
\x74\x65\x20\x61\x6e\x64\x20\x70\x6f\x70\x75\x6c\x61\x74\x65\x20\x73\x6b\x5f\
\x69\x6e\x66\x6f\0\x63\x72\x6f\x73\x5f\x6e\x65\x74\x77\x6f\x72\x6b\x5f\x61\x63\
\x63\x65\x70\x74\x5f\x65\x78\x69\x74\x20\x65\x6e\x63\x6f\x75\x6e\x74\x65\x72\
\x65\x64\x20\x61\x20\x73\x6f\x63\x6b\x65\x74\x20\x77\x69\x74\x68\x20\x65\x78\
\x69\x73\x74\x69\x6e\x67\x20\x66\x6c\x6f\x77\x20\x65\x6e\x74\x72\x79\0\x69\x6e\
\x65\x74\x5f\x63\x6f\x6e\x6e\x65\x63\x74\x20\x77\x61\x73\x20\x75\x6e\x61\x62\
\x6c\x65\x20\x74\x6f\x20\x61\x6c\x6c\x6f\x63\x61\x74\x65\x20\x61\x6e\x64\x20\
\x70\x6f\x70\x75\x6c\x61\x74\x65\x20\x73\x6b\x5f\x69\x6e\x66\x6f\0\x69\x6e\x65\
\x74\x5f\x72\x65\x6c\x65\x61\x73\x65\x3a\x20\x61\x63\x74\x69\x76\x65\x20\x73\
\x6f\x63\x6b\x65\x74\x20\x64\x65\x6c\x65\x74\x69\x6f\x6e\x20\x66\x61\x69\x6c\
\x65\x64\x20\x66\x6f\x72\x20\x25\x64\x2e\0\x69\x6e\x65\x74\x5f\x73\x65\x6e\x64\
\x6d\x73\x67\x20\x77\x61\x73\x20\x75\x6e\x61\x62\x6c\x65\x20\x74\x6f\x20\x61\
\x6c\x6c\x6f\x63\x61\x74\x65\x20\x61\x6e\x64\x20\x70\x6f\x70\x75\x6c\x61\x74\
\x65\x20\x73\x6b\x5f\x69\x6e\x66\x6f\0\x69\x6e\x65\x74\x5f\x72\x65\x63\x76\x6d\
\x73\x67\x20\x77\x61\x73\x20\x75\x6e\x61\x62\x6c\x65\x20\x74\x6f\x20\x61\x6c\
\x6c\x6f\x63\x61\x74\x65\x20\x61\x6e\x64\x20\x70\x6f\x70\x75\x6c\x61\x74\x65\
\x20\x73\x6b\x5f\x69\x6e\x66\x6f\0\0\0\x9f\xeb\x01\0\x18\0\0\0\0\0\0\0\xf8\xb2\
\0\0\xf8\xb2\0\0\xaf\xa4\0\0\0\0\0\0\0\0\0\x02\x03\0\0\0\x01\0\0\0\0\0\0\x01\
\x04\0\0\0\x20\0\0\x01\0\0\0\0\0\0\0\x03\0\0\0\0\x02\0\0\0\x04\0\0\0\x1b\0\0\0\
\x05\0\0\0\0\0\0\x01\x04\0\0\0\x20\0\0\0\0\0\0\0\0\0\0\x02\x06\0\0\0\0\0\0\0\0\
\0\0\x03\0\0\0\0\x02\0\0\0\x04\0\0\0\0\0\x20\0\0\0\0\0\x02\0\0\x04\x10\0\0\0\
\x19\0\0\0\x01\0\0\0\0\0\0\0\x1e\0\0\0\x05\0\0\0\x40\0\0\0\x2a\0\0\0\0\0\0\x0e\
\x07\0\0\0\x01\0\0\0\0\0\0\0\0\0\0\x02\x0a\0\0\0\0\0\0\0\0\0\0\x03\0\0\0\0\x02\
\0\0\0\x04\0\0\0\x09\0\0\0\0\0\0\0\0\0\0\x02\x0c\0\0\0\0\0\0\0\0\0\0\x03\0\0\0\
\0\x02\0\0\0\x04\0\0\0\0\x08\0\0\0\0\0\0\0\0\0\x02\x0e\0\0\0\x2d\0\0\0\x02\0\0\
\x04\x40\0\0\0\x3f\0\0\0\x0f\0\0\0\0\0\0\0\x4a\0\0\0\x20\0\0\0\xc0\x01\0\0\x52\
\0\0\0\x06\0\0\x04\x38\0\0\0\x67\0\0\0\x10\0\0\0\0\0\0\0\x6e\0\0\0\x11\0\0\0\
\x20\0\0\0\x77\0\0\0\x12\0\0\0\x40\0\0\0\x82\0\0\0\x1c\0\0\0\xc0\0\0\0\x8d\0\0\
\0\x12\0\0\0\0\x01\0\0\x99\0\0\0\x1c\0\0\0\x80\x01\0\0\xa5\0\0\0\x02\0\0\x06\
\x04\0\0\0\xb9\0\0\0\x02\0\0\0\xcd\0\0\0\x0a\0\0\0\xe2\0\0\0\x06\0\0\x06\x04\0\
\0\0\xf8\0\0\0\x06\0\0\0\x0a\x01\0\0\x11\0\0\0\x1c\x01\0\0\x01\0\0\0\x2f\x01\0\
\0\x3a\0\0\0\x43\x01\0\0\xfb\0\0\0\x55\x01\0\0\xfc\0\0\0\x6b\x01\0\0\x02\0\0\
\x05\x10\0\0\0\x78\x01\0\0\x13\0\0\0\0\0\0\0\x7e\x01\0\0\x1b\0\0\0\0\0\0\0\x84\
\x01\0\0\0\0\0\x08\x14\0\0\0\x8d\x01\0\0\0\0\0\x08\x15\0\0\0\x91\x01\0\0\0\0\0\
\x08\x16\0\0\0\x97\x01\0\0\0\0\0\x01\x04\0\0\0\x20\0\0\0\xa4\x01\0\0\0\0\0\x08\
\x18\0\0\0\xac\x01\0\0\0\0\0\x08\x19\0\0\0\xaf\x01\0\0\0\0\0\x08\x1a\0\0\0\xb4\
\x01\0\0\0\0\0\x01\x01\0\0\0\x08\0\0\0\0\0\0\0\0\0\0\x03\0\0\0\0\x17\0\0\0\x04\
\0\0\0\x10\0\0\0\xc2\x01\0\0\0\0\0\x08\x1d\0\0\0\xcb\x01\0\0\0\0\0\x08\x1e\0\0\
\0\xcf\x01\0\0\0\0\0\x08\x1f\0\0\0\xd5\x01\0\0\0\0\0\x01\x02\0\0\0\x10\0\0\0\
\xe4\x01\0\0\0\0\0\x08\x21\0\0\0\xed\x01\0\0\0\0\0\x08\x22\0\0\0\xf1\x01\0\0\0\
\0\0\x08\x23\0\0\0\xf7\x01\0\0\0\0\0\x01\x08\0\0\0\x40\0\0\0\0\0\0\0\0\0\0\x02\
\x25\0\0\0\x0a\x02\0\0\x06\0\0\x04\xb8\x04\0\0\x1e\x02\0\0\x26\0\0\0\0\0\0\0\
\x28\x02\0\0\x13\0\0\0\x20\0\0\0\x31\x02\0\0\x13\0\0\0\x40\0\0\0\x3a\x02\0\0\
\x27\0\0\0\x80\0\0\0\x47\x02\0\0\x33\0\0\0\x80\x25\0\0\x5d\x02\0\0\x33\0\0\0\
\x88\x25\0\0\x70\x02\0\0\x03\0\0\x06\x04\0\0\0\x8e\x02\0\0\0\0\0\0\xa7\x02\0\0\
\x01\0\0\0\xc1\x02\0\0\x02\0\0\0\xdf\x02\0\0\x03\0\0\x04\xa0\x04\0\0\xf2\x02\0\
\0\x28\0\0\0\0\0\0\0\xfc\x02\0\0\x2c\0\0\0\x40\x11\0\0\x07\x03\0\0\x32\0\0\0\
\x40\x23\0\0\x17\x03\0\0\x08\0\0\x04\x28\x02\0\0\x2e\x03\0\0\x13\0\0\0\0\0\0\0\
\x32\x03\0\0\x13\0\0\0\x20\0\0\0\x37\x03\0\0\x29\0\0\0\x40\0\0\0\x42\x03\0\0\
\x29\0\0\0\x80\0\0\0\x54\x03\0\0\x2b\0\0\0\xc0\0\0\0\x60\x03\0\0\x13\0\0\0\xc0\
\x10\0\0\x70\x03\0\0\x13\0\0\0\xe0\x10\0\0\x74\x03\0\0\x13\0\0\0\0\x11\0\0\x78\
\x03\0\0\0\0\0\x08\x20\0\0\0\x82\x03\0\0\0\0\0\x01\x01\0\0\0\x08\0\0\x01\0\0\0\
\0\0\0\0\x03\0\0\0\0\x2a\0\0\0\x04\0\0\0\0\x02\0\0\x87\x03\0\0\x0a\0\0\x04\x40\
\x02\0\0\x97\x03\0\0\x2b\0\0\0\0\0\0\0\xa0\x03\0\0\x20\0\0\0\0\x10\0\0\xa7\x03\
\0\0\x13\0\0\0\x40\x10\0\0\xb7\x03\0\0\x13\0\0\0\x60\x10\0\0\x70\x03\0\0\x13\0\
\0\0\x80\x10\0\0\x74\x03\0\0\x13\0\0\0\xa0\x10\0\0\xbd\x03\0\0\x13\0\0\0\xc0\
\x10\0\0\xcb\x03\0\0\x1c\0\0\0\xe0\x10\0\0\xd0\x03\0\0\x2d\0\0\0\0\x11\0\0\xd6\
\x03\0\0\x2d\0\0\0\x80\x11\0\0\xdc\x03\0\0\x02\0\0\x04\x10\0\0\0\xea\x03\0\0\
\x2e\0\0\0\0\0\0\0\xf1\x03\0\0\x2e\0\0\0\x40\0\0\0\xf9\x03\0\0\0\0\0\x08\x2f\0\
\0\0\x01\x04\0\0\0\0\0\x08\x30\0\0\0\x05\x04\0\0\0\0\0\x08\x31\0\0\0\x0b\x04\0\
\0\0\0\0\x01\x08\0\0\0\x40\0\0\x01\x15\x04\0\0\x07\0\0\x04\x38\0\0\0\x29\x04\0\
\0\x20\0\0\0\0\0\0\0\x33\x04\0\0\x20\0\0\0\x40\0\0\0\x3a\x04\0\0\x20\0\0\0\x80\
\0\0\0\x42\x04\0\0\x20\0\0\0\xc0\0\0\0\xa0\x03\0\0\x20\0\0\0\0\x01\0\0\x49\x04\
\0\0\x20\0\0\0\x40\x01\0\0\x50\x04\0\0\x20\0\0\0\x80\x01\0\0\x57\x04\0\0\0\0\0\
\x08\x34\0\0\0\x5c\x04\0\0\0\0\0\x01\x01\0\0\0\x08\0\0\x04\0\0\0\0\x04\0\0\x04\
\x20\0\0\0\x19\0\0\0\x09\0\0\0\0\0\0\0\x1e\0\0\0\x0b\0\0\0\x40\0\0\0\x62\x04\0\
\0\x0d\0\0\0\x80\0\0\0\x66\x04\0\0\x24\0\0\0\xc0\0\0\0\x6c\x04\0\0\0\0\0\x0e\
\x35\0\0\0\x01\0\0\0\0\0\0\0\0\0\0\x02\x38\0\0\0\0\0\0\0\0\0\0\x03\0\0\0\0\x02\
\0\0\0\x04\0\0\0\0\x01\0\0\0\0\0\0\0\0\0\x02\x2e\0\0\0\0\0\0\0\x04\0\0\x04\x20\
\0\0\0\x19\0\0\0\x09\0\0\0\0\0\0\0\x1e\0\0\0\x37\0\0\0\x40\0\0\0\x62\x04\0\0\
\x39\0\0\0\x80\0\0\0\x66\x04\0\0\x39\0\0\0\xc0\0\0\0\x82\x04\0\0\0\0\0\x0e\x3a\
\0\0\0\x01\0\0\0\0\0\0\0\0\0\0\x02\x3d\0\0\0\0\0\0\0\0\0\0\x03\0\0\0\0\x02\0\0\
\0\x04\0\0\0\x18\0\0\0\0\0\0\0\0\0\0\x02\x3f\0\0\0\0\0\0\0\0\0\0\x03\0\0\0\0\
\x02\0\0\0\x04\0\0\0\x01\0\0\0\0\0\0\0\0\0\0\x02\x02\0\0\0\0\0\0\0\0\0\0\x02\
\x42\0\0\0\xa3\x04\0\0\x06\0\0\x04\x70\x09\0\0\x67\0\0\0\x10\0\0\0\0\0\0\0\x6e\
\0\0\0\x11\0\0\0\x20\0\0\0\xb0\x04\0\0\x27\0\0\0\x40\0\0\0\xbe\x04\0\0\x25\0\0\
\0\x40\x25\0\0\x4a\0\0\0\x20\0\0\0\0\x4b\0\0\x47\x02\0\0\x33\0\0\0\x40\x4b\0\0\
\0\0\0\0\x04\0\0\x04\x20\0\0\0\x19\0\0\0\x3c\0\0\0\0\0\0\0\xd8\x04\0\0\x3e\0\0\
\0\x40\0\0\0\x62\x04\0\0\x40\0\0\0\x80\0\0\0\x66\x04\0\0\x41\0\0\0\xc0\0\0\0\
\xe2\x04\0\0\0\0\0\x0e\x43\0\0\0\x01\0\0\0\0\0\0\0\0\0\0\x02\x46\0\0\0\0\0\0\0\
\0\0\0\x03\0\0\0\0\x02\0\0\0\x04\0\0\0\0\0\x01\0\0\0\0\0\0\0\0\x02\x13\0\0\0\0\
\0\0\0\0\0\0\x02\x27\0\0\0\0\0\0\0\x06\0\0\x04\x30\0\0\0\x19\0\0\0\x3e\0\0\0\0\
\0\0\0\x1e\0\0\0\x45\0\0\0\x40\0\0\0\x62\x04\0\0\x47\0\0\0\x80\0\0\0\x66\x04\0\
\0\x48\0\0\0\xc0\0\0\0\xd8\x04\0\0\x3e\0\0\0\0\x01\0\0\xed\x04\0\0\x3e\0\0\0\
\x40\x01\0\0\xf5\x04\0\0\0\0\0\x0e\x49\0\0\0\x01\0\0\0\0\0\0\0\0\0\0\x02\x4c\0\
\0\0\0\0\0\0\0\0\0\x03\0\0\0\0\x02\0\0\0\x04\0\0\0\0\x04\0\0\0\0\0\0\0\0\0\x02\
\x20\0\0\0\0\0\0\0\x04\0\0\x04\x20\0\0\0\x19\0\0\0\x09\0\0\0\0\0\0\0\x1e\0\0\0\
\x4b\0\0\0\x40\0\0\0\x62\x04\0\0\x4d\0\0\0\x80\0\0\0\x66\x04\0\0\x4d\0\0\0\xc0\
\0\0\0\x09\x05\0\0\0\0\0\x0e\x4e\0\0\0\x01\0\0\0\0\0\0\0\0\0\0\x02\x23\0\0\0\0\
\0\0\0\x01\0\0\x0d\x02\0\0\0\x1b\x05\0\0\x50\0\0\0\x1f\x05\0\0\x01\0\0\x0c\x51\
\0\0\0\xa0\x06\0\0\xd0\0\0\x84\0\x10\0\0\xac\x06\0\0\x54\0\0\0\0\0\0\0\xb8\x06\
\0\0\x16\0\0\0\xc0\x01\0\0\xc0\x06\0\0\x5a\0\0\0\0\x02\0\0\xc6\x06\0\0\x5b\0\0\
\0\x40\x02\0\0\xcc\x06\0\0\x16\0\0\0\x60\x02\0\0\xd2\x06\0\0\x16\0\0\0\x80\x02\
\0\0\xd9\x06\0\0\x02\0\0\0\xa0\x02\0\0\xe0\x06\0\0\x5f\0\0\0\xc0\x02\0\0\xeb\
\x06\0\0\x16\0\0\0\x40\x03\0\0\xef\x06\0\0\x16\0\0\0\x60\x03\0\0\xfb\x06\0\0\
\x55\0\0\0\x80\x03\0\0\x0f\x07\0\0\x63\0\0\0\xc0\x03\0\0\x1a\x07\0\0\x02\0\0\0\
\0\x04\0\0\x2a\x07\0\0\x02\0\0\0\x20\x04\0\0\x33\x07\0\0\x02\0\0\0\x40\x04\0\0\
\x39\x07\0\0\x02\0\0\0\x60\x04\0\0\x3e\x07\0\0\x02\0\0\0\x80\x04\0\0\x4a\x07\0\
\0\x02\0\0\0\xa0\x04\0\0\x56\x07\0\0\x16\0\0\0\xc0\x04\0\0\x62\x07\0\0\x64\0\0\
\0\0\x05\0\0\x6e\x07\0\0\x66\0\0\0\0\x06\0\0\x71\x07\0\0\x70\0\0\0\0\x10\0\0\
\x74\x07\0\0\x72\0\0\0\x80\x11\0\0\x77\x07\0\0\x7f\0\0\0\x40\x19\0\0\x81\x07\0\
\0\x83\0\0\0\x80\x19\0\0\x92\x07\0\0\x85\0\0\0\xc0\x19\0\0\x9d\x07\0\0\x85\0\0\
\0\0\x1a\0\0\xa4\x07\0\0\x02\0\0\0\x40\x1a\0\0\xbb\x07\0\0\x86\0\0\0\0\x1c\0\0\
\xc1\x07\0\0\x87\0\0\0\0\x24\0\0\xd3\x07\0\0\x16\0\0\0\x40\x24\0\0\xde\x07\0\0\
\x16\0\0\0\x60\x24\0\0\xe5\x07\0\0\x02\0\0\0\x80\x24\0\0\xf5\x07\0\0\x89\0\0\0\
\xc0\x24\0\0\xfe\x07\0\0\x8c\0\0\0\0\x25\0\0\x0c\x08\0\0\x8b\0\0\0\x40\x25\0\0\
\x16\x08\0\0\x5a\0\0\0\x80\x25\0\0\x28\x08\0\0\x1f\0\0\0\xc0\x25\0\0\x3b\x08\0\
\0\x1f\0\0\0\xd0\x25\0\0\x4b\x08\0\0\x02\0\0\0\xe0\x25\0\0\x61\x08\0\0\x8f\0\0\
\0\0\x26\0\0\x79\x08\0\0\x6a\0\0\0\x40\x26\0\0\x88\x08\0\0\x91\0\0\0\xc0\x26\0\
\0\x99\x08\0\0\x55\0\0\0\0\x27\0\0\xa9\x08\0\0\x18\0\0\0\x40\x27\0\0\xbb\x08\0\
\0\x18\0\0\0\x48\x27\0\0\xc9\x08\0\0\x02\0\0\0\x60\x27\0\0\xdc\x08\0\0\x6a\0\0\
\0\x80\x27\0\0\xf3\x08\0\0\x02\0\0\0\0\x28\0\0\x06\x09\0\0\x02\0\0\0\x20\x28\0\
\0\x15\x09\0\0\x8f\0\0\0\x40\x28\0\0\x28\x09\0\0\x33\0\0\0\x60\x28\0\0\x3b\x09\
\0\0\x6a\0\0\0\x80\x28\0\0\x4c\x09\0\0\x92\0\0\0\0\x29\0\0\x57\x09\0\0\x6a\0\0\
\0\0\x2a\0\0\x5d\x09\0\0\x93\0\0\0\x80\x2a\0\0\x6c\x09\0\0\x68\0\0\0\xc0\x2b\0\
\0\x7e\x09\0\0\x94\0\0\0\x80\x2c\0\0\x81\x09\0\0\x94\0\0\0\xc0\x2c\0\0\x8b\x09\
\0\0\x95\0\0\0\0\x2d\0\0\x94\x09\0\0\xa9\0\0\0\x40\x2e\0\0\x9d\x09\0\0\x02\0\0\
\0\xe0\x2e\0\0\xa8\x09\0\0\x02\0\0\0\0\x2f\0\0\xb2\x09\0\0\x02\0\0\0\x20\x2f\0\
\0\xbe\x09\0\0\x02\0\0\0\x40\x2f\0\0\xcc\x09\0\0\x55\0\0\0\x80\x2f\0\0\xd3\x09\
\0\0\x16\0\0\0\xc0\x2f\0\0\xdf\x09\0\0\x16\0\0\0\xe0\x2f\0\x01\xf3\x09\0\0\x16\
\0\0\0\xe1\x2f\0\x01\x0d\x0a\0\0\x16\0\0\0\xe2\x2f\0\x01\x1c\x0a\0\0\x16\0\0\0\
\xe3\x2f\0\x01\x33\x0a\0\0\x16\0\0\0\0\x30\0\x01\x47\x0a\0\0\x16\0\0\0\x01\x30\
\0\x01\x51\x0a\0\0\x16\0\0\0\x02\x30\0\x01\x5b\x0a\0\0\x16\0\0\0\x03\x30\0\x01\
\x68\x0a\0\0\x16\0\0\0\x04\x30\0\x01\x7c\x0a\0\0\x16\0\0\0\x05\x30\0\x01\x83\
\x0a\0\0\x16\0\0\0\x06\x30\0\x01\x90\x0a\0\0\x16\0\0\0\x07\x30\0\x01\x9c\x0a\0\
\0\x16\0\0\0\x08\x30\0\x01\xa7\x0a\0\0\x55\0\0\0\x40\x30\0\0\xb4\x0a\0\0\xab\0\
\0\0\x80\x30\0\0\x2e\x03\0\0\xbc\0\0\0\x40\x32\0\0\xc2\x0a\0\0\xbc\0\0\0\x60\
\x32\0\0\xc7\x0a\0\0\x55\0\0\0\x80\x32\0\0\xd4\x0a\0\0\x63\0\0\0\xc0\x32\0\0\
\xe0\x0a\0\0\x63\0\0\0\0\x33\0\0\xe7\x0a\0\0\x6a\0\0\0\x40\x33\0\0\xf0\x0a\0\0\
\x6a\0\0\0\xc0\x33\0\0\xf8\x0a\0\0\x63\0\0\0\x40\x34\0\0\x05\x0b\0\0\x6a\0\0\0\
\x80\x34\0\0\x0d\x0b\0\0\x6a\0\0\0\0\x35\0\0\x1a\x0b\0\0\xbe\0\0\0\x80\x35\0\0\
\x25\x0b\0\0\xc1\0\0\0\xc0\x35\0\0\x2f\x0b\0\0\x6a\0\0\0\xc0\x37\0\0\x3c\x0b\0\
\0\x6a\0\0\0\x40\x38\0\0\x48\x0b\0\0\xc2\0\0\0\xc0\x38\0\0\x53\x0b\0\0\x40\0\0\
\0\0\x39\0\0\x61\x0b\0\0\x40\0\0\0\x40\x39\0\0\x71\x0b\0\0\x5a\0\0\0\x80\x39\0\
\0\x7e\x0b\0\0\x21\0\0\0\xc0\x39\0\0\x84\x0b\0\0\x21\0\0\0\0\x3a\0\0\x8a\x0b\0\
\0\x21\0\0\0\x40\x3a\0\0\x90\x0b\0\0\xc3\0\0\0\x80\x3a\0\0\x9d\x0b\0\0\x55\0\0\
\0\x40\x3b\0\0\xa3\x0b\0\0\x55\0\0\0\x80\x3b\0\0\x37\x03\0\0\x21\0\0\0\xc0\x3b\
\0\0\xaa\x0b\0\0\x21\0\0\0\0\x3c\0\0\xb9\x0b\0\0\x55\0\0\0\x40\x3c\0\0\xc1\x0b\
\0\0\x55\0\0\0\x80\x3c\0\0\xc9\x0b\0\0\xcb\0\0\0\xc0\x3c\0\0\xd9\x0b\0\0\xd1\0\
\0\0\x40\x3f\0\0\xe6\x0b\0\0\xd1\0\0\0\x80\x3f\0\0\xf0\x0b\0\0\xd1\0\0\0\xc0\
\x3f\0\0\xf5\x0b\0\0\xdf\0\0\0\0\x40\0\0\x0a\x0c\0\0\xe9\0\0\0\x40\x40\0\0\x0f\
\x0c\0\0\xea\0\0\0\xc0\x40\0\0\x19\x0c\0\0\xeb\0\0\0\0\x41\0\0\x21\x0c\0\0\xed\
\0\0\0\x40\x41\0\0\x29\x0c\0\0\x55\0\0\0\xc0\x41\0\0\x3b\x0c\0\0\x55\0\0\0\0\
\x42\0\0\x4c\x0c\0\0\xee\0\0\0\x40\x42\0\0\x4f\x0c\0\0\xef\0\0\0\x80\x42\0\0\
\x55\x0c\0\0\xf0\0\0\0\xc0\x42\0\0\x5d\x0c\0\0\xf1\0\0\0\0\x43\0\0\x64\x0c\0\0\
\xf2\0\0\0\x40\x43\0\0\x6c\x0c\0\0\xf3\0\0\0\x80\x43\0\0\x74\x0c\0\0\xf3\0\0\0\
\xc0\x43\0\0\x81\x0c\0\0\xf3\0\0\0\0\x44\0\0\x8f\x0c\0\0\xf5\0\0\0\x40\x44\0\0\
\x97\x0c\0\0\x55\0\0\0\0\x45\0\0\xa1\x0c\0\0\xf6\0\0\0\x40\x45\0\0\xad\x0c\0\0\
\x16\0\0\0\x80\x45\0\0\xba\x0c\0\0\xe6\0\0\0\xc0\x45\0\0\xc5\x0c\0\0\xf9\0\0\0\
\0\x46\0\0\xd3\x0c\0\0\xd4\0\0\0\x40\x46\0\0\xdc\x0c\0\0\x16\0\0\0\x60\x46\0\0\
\xe6\x0c\0\0\xfa\0\0\0\x80\x46\0\0\xee\x0c\0\0\xfc\0\0\0\0\x47\0\0\xff\x0c\0\0\
\x21\0\0\0\0\x47\0\0\x0e\x0d\0\0\x21\0\0\0\x40\x47\0\0\x1b\x0d\0\0\xfd\0\0\0\
\x80\x47\0\0\x26\x0d\0\0\xc4\0\0\0\xa0\x47\0\0\x2e\x0d\0\0\0\x01\0\0\xc0\x47\0\
\0\x35\x0d\0\0\xce\0\0\0\0\x48\0\0\x40\x0d\0\0\x63\0\0\0\x80\x48\0\0\x4c\x0d\0\
\0\x02\x01\0\0\xc0\x48\0\0\x5a\x0d\0\0\x5a\0\0\0\0\x49\0\0\x67\x0d\0\0\x03\x01\
\0\0\x40\x49\0\0\x70\x0d\0\0\x04\x01\0\0\x80\x49\0\0\x75\x0d\0\0\x05\x01\0\0\
\xc0\x49\0\0\x83\x0d\0\0\x06\x01\0\0\0\x4a\0\0\x94\x0d\0\0\x07\x01\0\0\x40\x4a\
\0\0\x9f\x0d\0\0\x08\x01\0\0\x80\x4a\0\0\xaf\x0d\0\0\x55\0\0\0\xc0\x4a\0\0\xbe\
\x0d\0\0\x09\x01\0\0\0\x4b\0\0\xcb\x0d\0\0\x0b\x01\0\0\x40\x4b\0\0\xd0\x0d\0\0\
\x16\0\0\0\x40\x4d\0\0\xda\x0d\0\0\x21\0\0\0\x80\x4d\0\0\xe8\x0d\0\0\x21\0\0\0\
\xc0\x4d\0\0\xf5\x0d\0\0\x21\0\0\0\0\x4e\0\0\x02\x0e\0\0\x0c\x01\0\0\x40\x4e\0\
\0\x0f\x0e\0\0\x0e\x01\0\0\x80\x4e\0\0\x20\x0e\0\0\x02\0\0\0\xa0\x4e\0\0\x38\
\x0e\0\0\x02\0\0\0\xc0\x4e\0\0\x51\x0e\0\0\x12\x01\0\0\0\x4f\0\0\x59\x0e\0\0\
\x6a\0\0\0\x40\x4f\0\0\x61\x0e\0\0\x13\x01\0\0\xc0\x4f\0\0\x6d\x0e\0\0\x14\x01\
\0\0\0\x50\0\0\x80\x0e\0\0\x6a\0\0\0\x40\x50\0\0\x8e\x0e\0\0\x15\x01\0\0\xc0\
\x50\0\0\x9d\x0e\0\0\x16\x01\0\0\0\x51\0\0\xae\x0e\0\0\x16\0\0\0\0\x52\0\0\xba\
\x0e\0\0\x1e\x01\0\0\x40\x52\0\0\xca\x0e\0\0\x16\x01\0\0\xc0\x52\0\0\xdb\x0e\0\
\0\x6a\0\0\0\xc0\x53\0\0\xeb\x0e\0\0\x1f\x01\0\0\x40\x54\0\0\xf0\x0e\0\0\x14\0\
\0\0\x80\x54\0\0\xf9\x0e\0\0\x55\0\0\0\xc0\x54\0\0\x09\x0f\0\0\x20\x01\0\0\0\
\x55\0\0\0\0\0\0\x21\x01\0\0\0\x55\0\0\x11\x0f\0\0\x22\x01\0\0\x80\x55\0\0\x1d\
\x0f\0\0\x23\x01\0\0\xc0\x55\0\0\x27\x0f\0\0\x02\0\0\0\x40\x56\0\0\x32\x0f\0\0\
\x02\0\0\0\x60\x56\0\0\x43\x0f\0\0\x55\0\0\0\x80\x56\0\0\x55\x0f\0\0\x21\0\0\0\
\xc0\x56\0\0\x64\x0f\0\0\x21\0\0\0\0\x57\0\0\x7b\x0f\0\0\x02\0\0\0\x40\x57\0\0\
\x8a\x0f\0\0\x02\0\0\0\x60\x57\0\0\x99\x0f\0\0\x25\x01\0\0\x80\x57\0\0\xa3\x0f\
\0\0\x23\0\0\0\xc0\x57\0\0\xb4\x0f\0\0\x5d\0\0\0\0\x58\0\0\xc2\x0f\0\0\x5d\0\0\
\0\x20\x58\0\0\xd6\x0f\0\0\x55\0\0\0\x40\x58\0\0\xdc\x0f\0\0\x55\0\0\0\x80\x58\
\0\0\xec\x0f\0\0\x26\x01\0\0\xc0\x58\0\0\xfb\x0f\0\0\x27\x01\0\0\0\x59\0\0\x01\
\x10\0\0\x28\x01\0\0\x40\x59\0\0\x0b\x10\0\0\x02\0\0\0\x40\x59\0\0\x1e\x10\0\0\
\x63\0\0\0\x80\x59\0\0\x2e\x10\0\0\x29\x01\0\0\xc0\x59\0\0\x3f\x10\0\0\x2d\x01\
\0\0\0\x5b\0\0\x4d\x10\0\0\x5b\0\0\0\x40\x5b\0\0\x5c\x10\0\0\x5a\0\0\0\x80\x5b\
\0\0\x65\x10\0\0\x2e\x01\0\0\xc0\x5b\0\0\x71\x10\0\0\x2f\x01\0\0\0\x5c\0\0\x79\
\x10\0\0\x30\x01\0\0\x80\x5c\0\0\xac\x06\0\0\x07\0\0\x04\x38\0\0\0\xcc\x06\0\0\
\x55\0\0\0\0\0\0\0\x80\x10\0\0\x21\0\0\0\x40\0\0\0\0\0\0\0\x56\0\0\0\x80\0\0\0\
\x86\x10\0\0\x16\0\0\0\xc0\0\0\0\x92\x10\0\0\x58\0\0\0\0\x01\0\0\xa1\x10\0\0\
\x16\0\0\0\x40\x01\0\0\xb4\x10\0\0\x58\0\0\0\x80\x01\0\0\xca\x10\0\0\0\0\0\x01\
\x08\0\0\0\x40\0\0\0\0\0\0\0\x02\0\0\x05\x08\0\0\0\xd8\x10\0\0\x21\0\0\0\0\0\0\
\0\xe6\x10\0\0\x57\0\0\0\0\0\0\0\0\0\0\0\x02\0\0\x04\x08\0\0\0\xee\x10\0\0\x14\
\0\0\0\0\0\0\0\xf4\x10\0\0\x14\0\0\0\x20\0\0\0\0\0\0\0\0\0\0\x02\x59\0\0\0\0\0\
\0\0\0\0\0\x0a\0\0\0\0\0\0\0\0\0\0\0\x02\0\0\0\0\x01\x11\0\0\0\0\0\x08\x5c\0\0\
\0\x0c\x11\0\0\x01\0\0\x04\x04\0\0\0\x1c\x11\0\0\x5d\0\0\0\0\0\0\0\x21\x11\0\0\
\0\0\0\x08\x5e\0\0\0\0\0\0\0\x01\0\0\x04\x04\0\0\0\x2a\x11\0\0\x02\0\0\0\0\0\0\
\0\x32\x11\0\0\x04\0\0\x04\x10\0\0\0\x45\x11\0\0\x60\0\0\0\0\0\0\0\0\0\0\0\x62\
\0\0\0\x40\0\0\0\x4b\x11\0\0\x1d\0\0\0\x60\0\0\0\x4f\x11\0\0\x1d\0\0\0\x70\0\0\
\0\x53\x11\0\0\x01\0\0\x04\x08\0\0\0\x5e\x11\0\0\x61\0\0\0\0\0\0\0\0\0\0\0\0\0\
\0\x02\x60\0\0\0\0\0\0\0\x02\0\0\x05\x04\0\0\0\x63\x11\0\0\x16\0\0\0\0\0\0\0\
\x6b\x11\0\0\x5d\0\0\0\0\0\0\0\0\0\0\0\0\0\0\x02\x53\0\0\0\0\0\0\0\0\0\0\x02\
\x65\0\0\0\0\0\0\0\0\0\0\x0a\xd9\x03\0\0\x73\x11\0\0\x13\0\0\x04\x40\x01\0\0\
\x80\x11\0\0\x67\0\0\0\0\0\0\0\x85\x11\0\0\x68\0\0\0\x80\0\0\0\x8e\x11\0\0\x21\
\0\0\0\x40\x01\0\0\x97\x11\0\0\x21\0\0\0\x80\x01\0\0\xa4\x11\0\0\x6a\0\0\0\xc0\
\x01\0\0\x33\x07\0\0\x16\0\0\0\x40\x02\0\0\xaf\x11\0\0\x21\0\0\0\x80\x02\0\0\
\xba\x11\0\0\x21\0\0\0\xc0\x02\0\0\xcb\x11\0\0\x21\0\0\0\0\x03\0\0\xe1\x11\0\0\
\x21\0\0\0\x40\x03\0\0\xea\x11\0\0\x2f\0\0\0\x80\x03\0\0\xef\x11\0\0\x21\0\0\0\
\xc0\x03\0\0\xf5\x11\0\0\x21\0\0\0\0\x04\0\0\x03\x12\0\0\x02\0\0\0\x40\x04\0\0\
\xe0\x0a\0\0\x6c\0\0\0\x80\x04\0\0\x09\x12\0\0\x6d\0\0\0\xc0\x04\0\0\x10\x12\0\
\0\x6d\0\0\0\0\x05\0\0\x15\x12\0\0\x55\0\0\0\x40\x05\0\0\x25\x12\0\0\x6e\0\0\0\
\0\x06\0\0\x29\x12\0\0\x02\0\0\x04\x10\0\0\0\x35\x12\0\0\x55\0\0\0\0\0\0\0\x3c\
\x12\0\0\x14\0\0\0\x40\0\0\0\x47\x12\0\0\x03\0\0\x04\x18\0\0\0\x4f\x12\0\0\x55\
\0\0\0\0\0\0\0\x61\x12\0\0\x69\0\0\0\x40\0\0\0\x6a\x12\0\0\x69\0\0\0\x80\0\0\0\
\0\0\0\0\0\0\0\x02\x68\0\0\0\x72\x12\0\0\x02\0\0\x04\x10\0\0\0\x5e\x11\0\0\x6b\
\0\0\0\0\0\0\0\x7c\x12\0\0\x6b\0\0\0\x40\0\0\0\0\0\0\0\0\0\0\x02\x6a\0\0\0\0\0\
\0\0\0\0\0\x02\x66\0\0\0\0\0\0\0\0\0\0\x02\xdb\x03\0\0\x81\x12\0\0\x0a\0\0\x04\
\x80\0\0\0\x8b\x12\0\0\x21\0\0\0\0\0\0\0\x9c\x12\0\0\x21\0\0\0\x40\0\0\0\xa5\
\x12\0\0\x21\0\0\0\x80\0\0\0\xb2\x12\0\0\x14\0\0\0\xc0\0\0\0\xbb\x12\0\0\x14\0\
\0\0\xe0\0\0\0\xca\x12\0\0\x55\0\0\0\0\x01\0\0\xd3\x12\0\0\x55\0\0\0\x40\x01\0\
\0\xe0\x12\0\0\x55\0\0\0\x80\x01\0\0\xe9\x12\0\0\x55\0\0\0\xc0\x01\0\0\xf4\x12\
\0\0\x6f\0\0\0\0\x02\0\0\xf4\x12\0\0\x02\0\0\x04\x08\0\0\0\xfd\x12\0\0\x16\0\0\
\0\0\0\0\0\x06\x13\0\0\x16\0\0\0\x20\0\0\0\x0b\x13\0\0\x07\0\0\x04\x30\0\0\0\
\x1b\x13\0\0\x6a\0\0\0\0\0\0\0\x24\x13\0\0\x55\0\0\0\x80\0\0\0\x2c\x13\0\0\x55\
\0\0\0\xc0\0\0\0\x3b\x13\0\0\x16\0\0\0\0\x01\0\0\x33\x07\0\0\x1f\0\0\0\x20\x01\
\0\0\x46\x13\0\0\x1f\0\0\0\x30\x01\0\0\x4e\x13\0\0\x71\0\0\0\x40\x01\0\0\0\0\0\
\0\0\0\0\x02\x70\0\0\0\x53\x13\0\0\x14\0\0\x84\xf8\0\0\0\x47\x12\0\0\x68\0\0\0\
\0\0\0\0\x63\x13\0\0\x21\0\0\0\xc0\0\0\0\x6e\x13\0\0\x21\0\0\0\0\x01\0\0\x7a\
\x13\0\0\x21\0\0\0\x40\x01\0\0\x84\x13\0\0\x21\0\0\0\x80\x01\0\0\x8a\x13\0\0\
\x21\0\0\0\xc0\x01\0\0\x95\x13\0\0\x2f\0\0\0\0\x02\0\0\x8e\x11\0\0\x21\0\0\0\
\x40\x02\0\0\xcc\x06\0\0\x16\0\0\0\x80\x02\0\0\x9d\x13\0\0\x16\0\0\0\xa0\x02\0\
\x01\xaa\x13\0\0\x16\0\0\0\xa1\x02\0\x01\xb5\x13\0\0\x16\0\0\0\xa2\x02\0\x01\
\xc7\x13\0\0\x16\0\0\0\xa3\x02\0\x01\x77\x07\0\0\x16\0\0\0\xa4\x02\0\x01\xd2\
\x13\0\0\x73\0\0\0\xc0\x02\0\0\xdb\x13\0\0\x73\0\0\0\xc0\x04\0\0\xea\x13\0\0\
\x7b\0\0\0\xc0\x06\0\0\xed\x13\0\0\x7c\0\0\0\0\x07\0\0\xfe\x13\0\0\x80\0\0\0\
\x40\x07\0\0\x0a\x14\0\0\x7f\0\0\0\x80\x07\0\0\x10\x14\0\0\x08\0\0\x04\x40\0\0\
\0\x18\x14\0\0\x74\0\0\0\0\0\0\0\x1d\x14\0\0\x75\0\0\0\0\x01\0\0\x2a\x14\0\0\
\x76\0\0\0\x40\x01\0\0\x33\x14\0\0\x7a\0\0\0\x80\x01\0\0\x38\x14\0\0\x18\0\0\0\
\xc0\x01\0\0\x3e\x14\0\0\x18\0\0\0\xc8\x01\0\0\x45\x14\0\0\x18\0\0\0\xd0\x01\0\
\0\x4d\x14\0\0\x18\0\0\0\xd8\x01\0\0\x55\x14\0\0\x02\0\0\x04\x20\0\0\0\x18\x14\
\0\0\x68\0\0\0\0\0\0\0\x65\x14\0\0\x75\0\0\0\xc0\0\0\0\x6d\x14\0\0\0\0\0\x08\
\x2f\0\0\0\0\0\0\0\0\0\0\x02\x77\0\0\0\0\0\0\0\x01\0\0\x0d\x78\0\0\0\0\0\0\0\
\x79\0\0\0\x75\x14\0\0\x02\0\0\x06\x04\0\0\0\x85\x14\0\0\0\0\0\0\x97\x14\0\0\
\x01\0\0\0\0\0\0\0\0\0\0\x02\x73\0\0\0\0\0\0\0\0\0\0\x02\xee\x03\0\0\0\0\0\0\0\
\0\0\x02\xda\x03\0\0\xa7\x14\0\0\0\0\0\x08\x7d\0\0\0\0\0\0\0\0\0\0\x02\x7e\0\0\
\0\0\0\0\0\x01\0\0\x0d\x33\0\0\0\0\0\0\0\x7f\0\0\0\0\0\0\0\0\0\0\x02\x72\0\0\0\
\xbd\x14\0\0\0\0\0\x08\x81\0\0\0\0\0\0\0\0\0\0\x02\x82\0\0\0\0\0\0\0\x01\0\0\
\x0d\x63\0\0\0\0\0\0\0\x7f\0\0\0\0\0\0\0\0\0\0\x02\xd4\x03\0\0\xce\x14\0\0\x04\
\0\0\x84\x04\0\0\0\x66\x04\0\0\x16\0\0\0\0\0\0\x0b\xd8\x14\0\0\x16\0\0\0\x0b\0\
\0\x03\xe2\x14\0\0\x16\0\0\0\x0e\0\0\x01\xe9\x14\0\0\x16\0\0\0\x0f\0\0\x01\0\0\
\0\0\0\0\0\x03\0\0\0\0\x84\0\0\0\x04\0\0\0\x02\0\0\0\xf6\x14\0\0\x1b\0\0\x04\0\
\x01\0\0\x07\x15\0\0\x21\0\0\0\0\0\0\0\x12\x15\0\0\x21\0\0\0\x40\0\0\0\x1b\x15\
\0\0\x21\0\0\0\x80\0\0\0\x26\x15\0\0\x21\0\0\0\xc0\0\0\0\x2f\x15\0\0\x21\0\0\0\
\0\x01\0\0\x3c\x15\0\0\x21\0\0\0\x40\x01\0\0\x47\x15\0\0\x21\0\0\0\x80\x01\0\0\
\x53\x15\0\0\x21\0\0\0\xc0\x01\0\0\x5d\x15\0\0\x2f\0\0\0\0\x02\0\0\x6f\x15\0\0\
\x21\0\0\0\x40\x02\0\0\x7b\x15\0\0\x21\0\0\0\x80\x02\0\0\x85\x15\0\0\x2f\0\0\0\
\xc0\x02\0\0\x8e\x15\0\0\x21\0\0\0\0\x03\0\0\x98\x15\0\0\x21\0\0\0\x40\x03\0\0\
\xab\x15\0\0\x21\0\0\0\x80\x03\0\0\xc7\x15\0\0\x21\0\0\0\xc0\x03\0\0\xe4\x15\0\
\0\x21\0\0\0\0\x04\0\0\xfd\x15\0\0\x21\0\0\0\x40\x04\0\0\x12\x16\0\0\x21\0\0\0\
\x80\x04\0\0\x1d\x16\0\0\x21\0\0\0\xc0\x04\0\0\x2d\x16\0\0\x21\0\0\0\0\x05\0\0\
\x40\x16\0\0\x21\0\0\0\x40\x05\0\0\x51\x16\0\0\x21\0\0\0\x80\x05\0\0\x63\x16\0\
\0\x21\0\0\0\xc0\x05\0\0\x75\x16\0\0\x21\0\0\0\0\x06\0\0\x90\x16\0\0\x21\0\0\0\
\x40\x06\0\0\xa3\x16\0\0\x21\0\0\0\x80\x06\0\0\xb3\x16\0\0\x01\0\0\x04\x08\0\0\
\0\xbe\x16\0\0\x88\0\0\0\0\0\0\0\0\0\0\0\0\0\0\x02\xbf\0\0\0\0\0\0\0\0\0\0\x02\
\x8a\0\0\0\0\0\0\0\0\0\0\x0a\x8b\0\0\0\xc4\x16\0\0\0\0\0\x08\x8d\0\0\0\0\0\0\0\
\0\0\0\x02\x8b\0\0\0\xce\x16\0\0\x01\0\0\x04\x08\0\0\0\xd6\x16\0\0\x8e\0\0\0\0\
\0\0\0\0\0\0\0\0\0\0\x03\0\0\0\0\x55\0\0\0\x04\0\0\0\x01\0\0\0\xdb\x16\0\0\x02\
\0\0\x05\x04\0\0\0\xe7\x16\0\0\x90\0\0\0\0\0\0\0\xe9\x16\0\0\x14\0\0\0\0\0\0\0\
\0\0\0\0\x04\0\0\x04\x04\0\0\0\x6c\x0c\0\0\x18\0\0\0\0\0\0\0\xeb\x16\0\0\x18\0\
\0\0\x08\0\0\0\xf3\x16\0\0\x18\0\0\0\x10\0\0\0\xfc\x16\0\0\x18\0\0\0\x18\0\0\0\
\0\0\0\0\0\0\0\x02\x6a\x04\0\0\x4c\x09\0\0\x04\0\0\x04\x20\0\0\0\x04\x17\0\0\
\x55\0\0\0\0\0\0\0\x0b\x17\0\0\x23\0\0\0\x40\0\0\0\x15\x17\0\0\x23\0\0\0\x80\0\
\0\0\x22\x17\0\0\x23\0\0\0\xc0\0\0\0\x2e\x17\0\0\x03\0\0\x04\x28\0\0\0\x39\x07\
\0\0\x02\0\0\0\0\0\0\0\x39\x17\0\0\x6a\0\0\0\x40\0\0\0\x43\x17\0\0\x6a\0\0\0\
\xc0\0\0\0\0\0\0\0\0\0\0\x02\xf4\x01\0\0\x8b\x09\0\0\x02\0\0\x04\x28\0\0\0\x4d\
\x17\0\0\x21\0\0\0\0\0\0\0\x54\x17\0\0\xa8\0\0\0\x40\0\0\0\0\0\0\0\0\0\0\x02\
\x97\0\0\0\x59\x17\0\0\x12\0\0\x04\xc0\0\0\0\x68\x17\0\0\x55\0\0\0\0\0\0\0\x71\
\x17\0\0\x55\0\0\0\x40\0\0\0\x78\x17\0\0\x96\0\0\0\x80\0\0\0\x80\x17\0\0\x96\0\
\0\0\xc0\0\0\0\x88\x17\0\0\x68\0\0\0\0\x01\0\0\x8e\x17\0\0\x55\0\0\0\xc0\x01\0\
\0\x9d\x17\0\0\x94\0\0\0\0\x02\0\0\xa3\x17\0\0\x98\0\0\0\x40\x02\0\0\xb0\x17\0\
\0\x55\0\0\0\x80\x02\0\0\0\0\0\0\x9b\0\0\0\xc0\x02\0\0\xb9\x17\0\0\x6a\0\0\0\
\xc0\x03\0\0\xc8\x17\0\0\x9f\0\0\0\x40\x04\0\0\xd1\x17\0\0\xa0\0\0\0\x80\x04\0\
\0\xd8\x17\0\0\x55\0\0\0\xc0\x04\0\0\xe1\x17\0\0\xa2\0\0\0\0\x05\0\0\xe9\x17\0\
\0\x5a\0\0\0\x40\x05\0\0\xf9\x17\0\0\xa3\0\0\0\x80\x05\0\0\x0d\x18\0\0\xa6\0\0\
\0\xc0\x05\0\0\x20\x18\0\0\0\0\0\x08\x99\0\0\0\0\0\0\0\x01\0\0\x04\x08\0\0\0\
\x29\x18\0\0\x9a\0\0\0\0\0\0\0\x30\x18\0\0\0\0\0\x08\x21\0\0\0\0\0\0\0\x02\0\0\
\x05\x20\0\0\0\x39\x18\0\0\x9c\0\0\0\0\0\0\0\x40\x18\0\0\x9d\0\0\0\0\0\0\0\0\0\
\0\0\x02\0\0\x04\x20\0\0\0\x2a\0\0\0\x68\0\0\0\0\0\0\0\x4a\x18\0\0\x55\0\0\0\
\xc0\0\0\0\0\0\0\0\0\0\0\x02\x9e\0\0\0\0\0\0\0\0\0\0\x0a\x2a\0\0\0\0\0\0\0\0\0\
\0\x02\x68\x04\0\0\0\0\0\0\0\0\0\x02\xa1\0\0\0\0\0\0\0\0\0\0\x0a\xde\x03\0\0\0\
\0\0\0\0\0\0\x02\xf8\x01\0\0\x5a\x18\0\0\0\0\0\x08\xa4\0\0\0\x68\x18\0\0\0\0\0\
\x08\xa5\0\0\0\0\0\0\0\x01\0\0\x04\x08\0\0\0\x2a\x11\0\0\x2f\0\0\0\0\0\0\0\x0d\
\x18\0\0\x01\0\0\x04\x08\0\0\0\x1b\x05\0\0\xa7\0\0\0\0\0\0\0\0\0\0\0\0\0\0\x02\
\x69\x04\0\0\0\0\0\0\0\0\0\x03\0\0\0\0\x96\0\0\0\x04\0\0\0\x04\0\0\0\x73\x18\0\
\0\x02\0\0\x04\x14\0\0\0\x81\x18\0\0\x02\0\0\0\0\0\0\0\xee\x10\0\0\xaa\0\0\0\
\x20\0\0\0\0\0\0\0\0\0\0\x03\0\0\0\0\x02\0\0\0\x04\0\0\0\x04\0\0\0\xb4\x0a\0\0\
\x03\0\0\x04\x38\0\0\0\x88\x18\0\0\x55\0\0\0\0\0\0\0\x92\x18\0\0\xac\0\0\0\x40\
\0\0\0\0\0\0\0\xb0\0\0\0\x80\0\0\0\0\0\0\0\0\0\0\x02\xad\0\0\0\0\0\0\0\x01\0\0\
\x0d\xae\0\0\0\0\0\0\0\xaf\0\0\0\x95\x18\0\0\0\0\0\x01\x08\0\0\0\x40\0\0\x01\0\
\0\0\0\0\0\0\x02\xab\0\0\0\0\0\0\0\x03\0\0\x05\x28\0\0\0\x9a\x18\0\0\xb1\0\0\0\
\0\0\0\0\xa0\x18\0\0\xb3\0\0\0\0\0\0\0\xaa\x18\0\0\xba\0\0\0\0\0\0\0\0\0\0\0\
\x06\0\0\x04\x28\0\0\0\xaf\x18\0\0\xb2\0\0\0\0\0\0\0\xb5\x18\0\0\x14\0\0\0\x40\
\0\0\0\xcc\x06\0\0\x14\0\0\0\x60\0\0\0\xb9\x18\0\0\x14\0\0\0\x80\0\0\0\xc0\x18\
\0\0\x21\0\0\0\xc0\0\0\0\xc5\x18\0\0\xb2\0\0\0\0\x01\0\0\0\0\0\0\0\0\0\x02\x14\
\0\0\0\0\0\0\0\x04\0\0\x04\x18\0\0\0\xcc\x18\0\0\xb4\0\0\0\0\0\0\0\x19\0\0\0\
\xb6\0\0\0\x20\0\0\0\0\0\0\0\xb7\0\0\0\x40\0\0\0\x65\x14\0\0\x21\0\0\0\x80\0\0\
\0\xd4\x18\0\0\0\0\0\x08\xb5\0\0\0\xde\x18\0\0\0\0\0\x08\x02\0\0\0\xf1\x18\0\0\
\x03\0\0\x06\x04\0\0\0\xff\x18\0\0\0\0\0\0\x07\x19\0\0\x01\0\0\0\x11\x19\0\0\
\x02\0\0\0\0\0\0\0\x02\0\0\x05\x08\0\0\0\x1b\x19\0\0\xb8\0\0\0\0\0\0\0\x20\x19\
\0\0\xb9\0\0\0\0\0\0\0\0\0\0\0\0\0\0\x02\x6c\x04\0\0\0\0\0\0\0\0\0\x02\x6d\x04\
\0\0\0\0\0\0\x05\0\0\x04\x20\0\0\0\x2c\x19\0\0\xbb\0\0\0\0\0\0\0\x31\x19\0\0\
\x02\0\0\0\x40\0\0\0\x36\x19\0\0\x02\0\0\0\x60\0\0\0\xea\x03\0\0\x55\0\0\0\x80\
\0\0\0\xf1\x03\0\0\x55\0\0\0\xc0\0\0\0\0\0\0\0\0\0\0\x02\x6e\x04\0\0\x42\x19\0\
\0\0\0\0\x08\xbd\0\0\0\x48\x19\0\0\0\0\0\x08\x02\0\0\0\0\0\0\0\0\0\0\x02\x29\
\x04\0\0\x57\x19\0\0\x02\0\0\x04\x10\0\0\0\x5e\x11\0\0\x88\0\0\0\0\0\0\0\x62\
\x19\0\0\xc0\0\0\0\x40\0\0\0\0\0\0\0\0\0\0\x02\x88\0\0\0\0\0\0\0\0\0\0\x03\0\0\
\0\0\xbf\0\0\0\x04\0\0\0\x04\0\0\0\0\0\0\0\0\0\0\x02\xd9\x02\0\0\x90\x0b\0\0\
\x03\0\0\x04\x18\0\0\0\x7e\x0b\0\0\x21\0\0\0\0\0\0\0\x84\x0b\0\0\x21\0\0\0\x40\
\0\0\0\x68\x19\0\0\xc4\0\0\0\x80\0\0\0\x6d\x19\0\0\0\0\0\x08\xc5\0\0\0\x7c\x19\
\0\0\x01\0\0\x04\x04\0\0\0\x89\x19\0\0\xc6\0\0\0\0\0\0\0\x92\x19\0\0\0\0\0\x08\
\xc7\0\0\0\xa2\x19\0\0\x01\0\0\x04\x04\0\0\0\0\0\0\0\xc8\0\0\0\0\0\0\0\0\0\0\0\
\x03\0\0\x05\x04\0\0\0\xb5\x18\0\0\x5d\0\0\0\0\0\0\0\0\0\0\0\xc9\0\0\0\0\0\0\0\
\0\0\0\0\xca\0\0\0\0\0\0\0\0\0\0\0\x02\0\0\x04\x02\0\0\0\xac\x19\0\0\x18\0\0\0\
\0\0\0\0\x8f\x0c\0\0\x18\0\0\0\x08\0\0\0\0\0\0\0\x02\0\0\x04\x04\0\0\0\xb3\x19\
\0\0\x1d\0\0\0\0\0\0\0\xc2\x19\0\0\x1d\0\0\0\x10\0\0\0\xc9\x0b\0\0\x03\0\0\x04\
\x50\0\0\0\xc7\x19\0\0\xd0\0\0\0\0\0\0\0\xcd\x19\0\0\x16\0\0\0\x40\x02\0\0\xdb\
\x19\0\0\x16\0\0\0\x60\x02\0\0\xe9\x19\0\0\x02\0\0\x04\x18\0\0\0\xfd\x19\0\0\
\x21\0\0\0\0\0\0\0\x05\x1a\0\0\xcd\0\0\0\x40\0\0\0\x0c\x1a\0\0\x01\0\0\x04\x10\
\0\0\0\x1c\x1a\0\0\xce\0\0\0\0\0\0\0\x24\x1a\0\0\x02\0\0\x04\x10\0\0\0\x1c\x1a\
\0\0\xcf\0\0\0\0\0\0\0\x33\x1a\0\0\x69\0\0\0\x40\0\0\0\x1c\x1a\0\0\x01\0\0\x04\
\x08\0\0\0\x47\x12\0\0\x69\0\0\0\0\0\0\0\0\0\0\0\0\0\0\x03\0\0\0\0\xcc\0\0\0\
\x04\0\0\0\x03\0\0\0\0\0\0\0\0\0\0\x02\xd2\0\0\0\0\0\0\0\0\0\0\x0a\xd3\0\0\0\
\xf0\x0b\0\0\x1d\0\0\x04\xc8\0\0\0\xc6\x06\0\0\xa3\0\0\0\0\0\0\0\x3f\x1a\0\0\
\x5d\0\0\0\x40\0\0\0\x4b\x1a\0\0\x5a\0\0\0\x80\0\0\0\x54\x1a\0\0\x16\0\0\0\xc0\
\0\0\0\x70\x03\0\0\xd4\0\0\0\xe0\0\0\0\x74\x03\0\0\xd8\0\0\0\0\x01\0\0\x5a\x1a\
\0\0\xd4\0\0\0\x20\x01\0\0\x5f\x1a\0\0\xd8\0\0\0\x40\x01\0\0\x64\x1a\0\0\xd4\0\
\0\0\x60\x01\0\0\x69\x1a\0\0\xd8\0\0\0\x80\x01\0\0\x6e\x1a\0\0\xd4\0\0\0\xa0\
\x01\0\0\x74\x1a\0\0\xd8\0\0\0\xc0\x01\0\0\x7a\x1a\0\0\x16\0\0\0\xe0\x01\0\0\
\x85\x1a\0\0\xdc\0\0\0\0\x02\0\0\x95\x1a\0\0\xdc\0\0\0\x40\x02\0\0\xa3\x1a\0\0\
\xdc\0\0\0\x80\x02\0\0\xb1\x1a\0\0\xdc\0\0\0\xc0\x02\0\0\xba\x1a\0\0\xdc\0\0\0\
\0\x03\0\0\xc6\x1a\0\0\x1a\0\0\0\x40\x03\0\0\xd2\x1a\0\0\xdf\0\0\0\x80\x03\0\0\
\xe2\x1a\0\0\xdf\0\0\0\xc0\x03\0\0\xf2\x1a\0\0\xdf\0\0\0\0\x04\0\0\x01\x1b\0\0\
\xdf\0\0\0\x40\x04\0\0\x5c\x10\0\0\x5a\0\0\0\x80\x04\0\0\x12\x1b\0\0\xe0\0\0\0\
\xc0\x04\0\0\x3a\x04\0\0\xe1\0\0\0\0\x05\0\0\x17\x1b\0\0\xe2\0\0\0\x40\x05\0\0\
\x1f\x1b\0\0\xe3\0\0\0\x80\x05\0\0\0\0\0\0\xe4\0\0\0\xc0\x05\0\0\x2a\x1b\0\0\0\
\0\0\x08\xd5\0\0\0\0\0\0\0\x01\0\0\x04\x04\0\0\0\xb5\x18\0\0\xd6\0\0\0\0\0\0\0\
\x31\x1b\0\0\0\0\0\x08\xd7\0\0\0\x37\x1b\0\0\0\0\0\x08\x16\0\0\0\x48\x1b\0\0\0\
\0\0\x08\xd9\0\0\0\0\0\0\0\x01\0\0\x04\x04\0\0\0\xb5\x18\0\0\xda\0\0\0\0\0\0\0\
\x4f\x1b\0\0\0\0\0\x08\xdb\0\0\0\x55\x1b\0\0\0\0\0\x08\x16\0\0\0\x66\x1b\0\0\0\
\0\0\x08\xdd\0\0\0\x73\x1b\0\0\x01\0\0\x04\x08\0\0\0\x85\x1b\0\0\xde\0\0\0\0\0\
\0\0\0\0\0\0\0\0\0\x03\0\0\0\0\x15\0\0\0\x04\0\0\0\x02\0\0\0\0\0\0\0\0\0\0\x02\
\x2b\x04\0\0\0\0\0\0\0\0\0\x02\xf1\x03\0\0\0\0\0\0\0\0\0\x02\xd7\x03\0\0\0\0\0\
\0\0\0\0\x02\xf8\x03\0\0\0\0\0\0\0\0\0\x02\x45\x04\0\0\0\0\0\0\x02\0\0\x05\x10\
\0\0\0\x89\x1b\0\0\x02\0\0\0\0\0\0\0\x91\x1b\0\0\xe5\0\0\0\0\0\0\0\x95\x1b\0\0\
\x02\0\0\x04\x10\0\0\0\x5e\x11\0\0\xe6\0\0\0\0\0\0\0\xa3\x1b\0\0\xe7\0\0\0\x40\
\0\0\0\0\0\0\0\0\0\0\x02\xe5\0\0\0\0\0\0\0\0\0\0\x02\xe8\0\0\0\0\0\0\0\x01\0\0\
\x0d\0\0\0\0\0\0\0\0\xe6\0\0\0\0\0\0\0\0\0\0\x03\0\0\0\0\x2a\0\0\0\x04\0\0\0\
\x10\0\0\0\0\0\0\0\0\0\0\x02\x6f\x04\0\0\xa8\x1b\0\0\x01\0\0\x04\x08\0\0\0\xb1\
\x1b\0\0\xec\0\0\0\0\0\0\0\0\0\0\0\0\0\0\x02\x70\x04\0\0\xbb\x1b\0\0\x01\0\0\
\x04\x10\0\0\0\xc4\x1b\0\0\x6a\0\0\0\0\0\0\0\0\0\0\0\0\0\0\x02\x71\x04\0\0\0\0\
\0\0\0\0\0\x02\x72\x04\0\0\0\0\0\0\0\0\0\x02\x73\x04\0\0\0\0\0\0\0\0\0\x02\x32\
\x04\0\0\0\0\0\0\0\0\0\x02\x74\x04\0\0\xce\x1b\0\0\0\0\0\x08\xf4\0\0\0\0\0\0\0\
\x01\0\0\x04\x08\0\0\0\xd7\x1b\0\0\x8e\0\0\0\0\0\0\0\xdb\x1b\0\0\x02\0\0\x04\
\x18\0\0\0\xe6\x1b\0\0\x6a\0\0\0\0\0\0\0\x5d\x0c\0\0\xf3\0\0\0\x80\0\0\0\xeb\
\x1b\0\0\0\0\0\x08\xf7\0\0\0\xf2\x1b\0\0\0\0\0\x08\xf8\0\0\0\x02\x1c\0\0\0\0\0\
\x08\x55\0\0\0\0\0\0\0\0\0\0\x02\x75\x04\0\0\xe6\x0c\0\0\x03\0\0\x04\x10\0\0\0\
\xcb\x03\0\0\x02\0\0\0\0\0\0\0\x13\x1c\0\0\x5d\0\0\0\x20\0\0\0\x20\x1c\0\0\xfb\
\0\0\0\x40\0\0\0\0\0\0\0\0\0\0\x02\x6b\x04\0\0\x27\x1c\0\0\0\0\0\x04\0\0\0\0\
\x3d\x1c\0\0\0\0\0\x08\xfe\0\0\0\x48\x1c\0\0\x01\0\0\x04\x04\0\0\0\0\0\0\0\xff\
\0\0\0\0\0\0\0\0\0\0\0\x01\0\0\x05\x04\0\0\0\x51\x1c\0\0\xc5\0\0\0\0\0\0\0\x57\
\x1c\0\0\x01\0\0\x04\x08\0\0\0\x5e\x11\0\0\x01\x01\0\0\0\0\0\0\0\0\0\0\0\0\0\
\x02\0\x01\0\0\0\0\0\0\0\0\0\x02\x76\x04\0\0\0\0\0\0\0\0\0\x02\x57\x04\0\0\0\0\
\0\0\0\0\0\x02\x77\x04\0\0\0\0\0\0\0\0\0\x02\x78\x04\0\0\0\0\0\0\0\0\0\x02\x59\
\x04\0\0\0\0\0\0\0\0\0\x02\x58\x04\0\0\0\0\0\0\0\0\0\x02\x79\x04\0\0\0\0\0\0\0\
\0\0\x02\x0a\x01\0\0\x63\x1c\0\0\0\0\0\x08\x63\x04\0\0\x74\x1c\0\0\x08\0\0\x04\
\x40\0\0\0\x87\x1c\0\0\x21\0\0\0\0\0\0\0\x8d\x1c\0\0\x21\0\0\0\x40\0\0\0\x93\
\x1c\0\0\x21\0\0\0\x80\0\0\0\x99\x1c\0\0\x21\0\0\0\xc0\0\0\0\x9f\x1c\0\0\x21\0\
\0\0\0\x01\0\0\xa6\x1c\0\0\x21\0\0\0\x40\x01\0\0\xb1\x1c\0\0\x21\0\0\0\x80\x01\
\0\0\xbd\x1c\0\0\x21\0\0\0\xc0\x01\0\0\xd3\x1c\0\0\0\0\0\x08\x0d\x01\0\0\0\0\0\
\0\x01\0\0\x04\x08\0\0\0\xd6\x16\0\0\x8e\0\0\0\0\0\0\0\xde\x1c\0\0\0\0\0\x08\
\x0f\x01\0\0\xf2\x1c\0\0\x01\0\0\x04\x04\0\0\0\x04\x1d\0\0\x10\x01\0\0\0\0\0\0\
\x0d\x1d\0\0\0\0\0\x08\x11\x01\0\0\x04\x1d\0\0\x01\0\0\x04\x04\0\0\0\x18\x1d\0\
\0\x16\0\0\0\0\0\0\0\0\0\0\0\0\0\0\x02\x36\x04\0\0\0\0\0\0\0\0\0\x02\x7a\x04\0\
\0\0\0\0\0\0\0\0\x02\x7b\x04\0\0\0\0\0\0\0\0\0\x02\x7c\x04\0\0\x21\x1d\0\0\x04\
\0\0\x04\x20\0\0\0\x27\x1d\0\0\xa3\0\0\0\0\0\0\0\x2d\x1d\0\0\xc4\0\0\0\x40\0\0\
\0\x37\x1d\0\0\x17\x01\0\0\x60\0\0\0\x3b\x1d\0\0\x6a\0\0\0\x80\0\0\0\x45\x1d\0\
\0\x01\0\0\x04\x04\0\0\0\xc2\x19\0\0\x5d\0\0\0\0\0\0\0\0\0\0\0\0\0\0\x02\x19\
\x01\0\0\x5b\x1d\0\0\x1c\0\0\x04\x10\x01\0\0\x6e\x1d\0\0\x1a\x01\0\0\0\0\0\0\
\x68\x19\0\0\xc4\0\0\0\x40\0\0\0\x21\x1d\0\0\x16\x01\0\0\x80\0\0\0\x72\x1d\0\0\
\x6a\0\0\0\x80\x01\0\0\x82\x1d\0\0\x1b\x01\0\0\0\x02\0\0\x90\x1d\0\0\x1b\x01\0\
\0\x80\x02\0\0\xa0\x1d\0\0\x6a\0\0\0\0\x03\0\0\xab\x1d\0\0\x6a\0\0\0\x80\x03\0\
\0\xb9\x1d\0\0\x6a\0\0\0\0\x04\0\0\xc9\x1d\0\0\x02\0\0\0\x80\x04\0\0\xd3\x1d\0\
\0\x02\0\0\0\xa0\x04\0\0\xdd\x1d\0\0\x02\0\0\0\xc0\x04\0\0\xe7\x1d\0\0\x02\0\0\
\0\xe0\x04\0\0\xef\x1d\0\0\x02\0\0\0\0\x05\0\0\xf7\x1d\0\0\x02\0\0\0\x20\x05\0\
\0\x06\x1e\0\0\x02\0\0\0\x40\x05\0\0\x17\x1e\0\0\x5b\0\0\0\x60\x05\0\0\x20\x1e\
\0\0\x63\0\0\0\x80\x05\0\0\xc0\x18\0\0\x21\0\0\0\xc0\x05\0\0\x25\x1e\0\0\x21\0\
\0\0\0\x06\0\0\x2f\x1e\0\0\x21\0\0\0\x40\x06\0\0\x3a\x1e\0\0\x18\x01\0\0\x80\
\x06\0\0\x45\x1e\0\0\x21\0\0\0\xc0\x06\0\0\x50\x1e\0\0\x21\0\0\0\0\x07\0\0\x5b\
\x1e\0\0\x02\0\0\0\x40\x07\0\0\x65\x1e\0\0\x5a\0\0\0\x80\x07\0\0\x95\x1b\0\0\
\xe5\0\0\0\xc0\x07\0\0\x73\x1e\0\0\x1c\x01\0\0\x40\x08\0\0\0\0\0\0\0\0\0\x02\
\x5d\x04\0\0\x7e\x1e\0\0\x02\0\0\x04\x10\0\0\0\x90\x1e\0\0\xcf\0\0\0\0\0\0\0\
\x95\x1e\0\0\x21\0\0\0\x40\0\0\0\x9b\x1e\0\0\0\0\0\x08\x1d\x01\0\0\0\0\0\0\x01\
\0\0\x04\x08\0\0\0\xa3\x1e\0\0\xa3\0\0\0\0\0\0\0\0\0\0\0\0\0\0\x03\0\0\0\0\x18\
\x01\0\0\x04\0\0\0\x02\0\0\0\0\0\0\0\0\0\0\x02\x7d\x04\0\0\xa5\x1e\0\0\0\0\0\
\x04\0\0\0\0\0\0\0\0\x02\0\0\x05\x10\0\0\0\xba\x1e\0\0\x5b\0\0\0\0\0\0\0\x91\
\x1b\0\0\xe5\0\0\0\0\0\0\0\0\0\0\0\0\0\0\x02\xef\x03\0\0\xc4\x1e\0\0\x03\0\0\
\x04\x10\0\0\0\xce\x1e\0\0\x24\x01\0\0\0\0\0\0\xd3\x1e\0\0\x15\0\0\0\x40\0\0\0\
\xda\x1e\0\0\x15\0\0\0\x60\0\0\0\0\0\0\0\0\0\0\x02\xe4\x03\0\0\0\0\0\0\0\0\0\
\x02\x7e\x04\0\0\0\0\0\0\0\0\0\x02\x56\x04\0\0\0\0\0\0\0\0\0\x02\x7f\x04\0\0\
\x01\x10\0\0\0\0\0\x04\0\0\0\0\xdf\x1e\0\0\x04\0\0\x04\x28\0\0\0\xea\x1e\0\0\
\xbf\0\0\0\0\0\0\0\x65\x14\0\0\x55\0\0\0\x80\0\0\0\x2a\x14\0\0\x2a\x01\0\0\xc0\
\0\0\0\xcc\x06\0\0\x14\0\0\0\0\x01\0\0\0\0\0\0\0\0\0\x02\x2b\x01\0\0\0\0\0\0\
\x01\0\0\x0d\0\0\0\0\0\0\0\0\x2c\x01\0\0\0\0\0\0\0\0\0\x02\x29\x01\0\0\0\0\0\0\
\0\0\0\x02\x80\x04\0\0\0\0\0\0\0\0\0\x02\x27\x04\0\0\0\0\0\0\0\0\0\x02\x81\x04\
\0\0\xf0\x1e\0\0\x0d\0\0\x04\x40\x04\0\0\xfe\x1e\0\0\x31\x01\0\0\0\0\0\0\x0a\
\x1f\0\0\x32\x01\0\0\x80\x03\0\0\x0d\x1f\0\0\x16\0\0\0\x80\x14\0\0\x18\x1f\0\0\
\x5a\0\0\0\xc0\x14\0\0\x22\x1f\0\0\x16\0\0\0\0\x15\0\0\x29\x1f\0\0\x16\0\0\0\
\x20\x15\0\0\x37\x1f\0\0\x55\0\0\0\x40\x15\0\0\x45\x1f\0\0\x55\0\0\0\x80\x15\0\
\0\x50\x1f\0\0\x37\x01\0\0\xc0\x15\0\0\x56\x1f\0\0\x86\x01\0\0\x40\x1e\0\0\x60\
\x1f\0\0\x88\x01\0\0\xc0\x20\0\0\x6c\x1f\0\0\x21\0\0\0\x40\x21\0\0\x75\x1f\0\0\
\x21\0\0\0\x80\x21\0\0\xfe\x1e\0\0\x0d\0\0\x04\x68\0\0\0\x80\x1f\0\0\x55\0\0\0\
\0\0\0\0\x84\x1f\0\0\x55\0\0\0\x40\0\0\0\x88\x1f\0\0\x55\0\0\0\x80\0\0\0\x8c\
\x1f\0\0\x55\0\0\0\xc0\0\0\0\x90\x1f\0\0\x55\0\0\0\0\x01\0\0\x94\x1f\0\0\x55\0\
\0\0\x40\x01\0\0\x98\x1f\0\0\x55\0\0\0\x80\x01\0\0\x9c\x1f\0\0\x55\0\0\0\xc0\
\x01\0\0\xa0\x1f\0\0\x55\0\0\0\0\x02\0\0\xa4\x1f\0\0\x55\0\0\0\x40\x02\0\0\xa8\
\x1f\0\0\x55\0\0\0\x80\x02\0\0\xab\x1f\0\0\x55\0\0\0\xc0\x02\0\0\xae\x1f\0\0\
\x55\0\0\0\0\x03\0\0\0\0\0\0\x03\0\0\x04\x20\x02\0\0\xb1\x1f\0\0\x55\0\0\0\0\0\
\0\0\xba\x1f\0\0\x55\0\0\0\x40\0\0\0\xc4\x1f\0\0\x33\x01\0\0\x80\0\0\0\xd1\x1f\
\0\0\x04\0\0\x04\x10\x02\0\0\xe3\x1f\0\0\x36\x01\0\0\0\0\0\0\xe9\x1f\0\0\x15\0\
\0\0\0\x10\0\0\xee\x1f\0\0\x15\0\0\0\x20\x10\0\0\xf3\x1f\0\0\xde\0\0\0\x40\x10\
\0\0\xfe\x1f\0\0\0\0\0\x08\x35\x01\0\0\x0a\x20\0\0\0\0\0\x01\x10\0\0\0\x80\0\0\
\0\0\0\0\0\0\0\0\x03\0\0\0\0\x34\x01\0\0\x04\0\0\0\x20\0\0\0\x1c\x20\0\0\x05\0\
\0\x04\x10\x01\0\0\x27\x20\0\0\x02\0\0\0\0\0\0\0\x36\x20\0\0\x02\0\0\0\x20\0\0\
\0\x43\x20\0\0\x02\0\0\0\x40\0\0\0\x50\x20\0\0\x85\x01\0\0\x80\0\0\0\x5a\x20\0\
\0\x85\x01\0\0\x80\x04\0\0\0\0\0\0\0\0\0\x02\x39\x01\0\0\x64\x20\0\0\x4b\0\0\
\x04\xb8\x04\0\0\x6f\x20\0\0\x6a\0\0\0\0\0\0\0\x7b\x20\0\0\x6a\0\0\0\x80\0\0\0\
\x88\x20\0\0\x6a\0\0\0\0\x01\0\0\xa4\x11\0\0\x68\0\0\0\x80\x01\0\0\x94\x20\0\0\
\x21\0\0\0\x40\x02\0\0\xa0\x20\0\0\x6a\0\0\0\x80\x02\0\0\xae\x20\0\0\xbf\0\0\0\
\0\x03\0\0\xba\x20\0\0\x6a\0\0\0\x80\x03\0\0\xc7\x20\0\0\x02\0\0\0\0\x04\0\0\
\xd3\x20\0\0\x02\0\0\0\x20\x04\0\0\xde\x20\0\0\x02\0\0\0\x40\x04\0\0\xe9\x20\0\
\0\x16\0\0\0\x60\x04\0\0\xf8\x0a\0\0\x38\x01\0\0\x80\x04\0\0\x6e\x1d\0\0\x1a\
\x01\0\0\xc0\x04\0\0\xfa\x20\0\0\x5a\0\0\0\0\x05\0\0\x38\x14\0\0\x3a\x01\0\0\
\x40\x05\0\0\x06\x21\0\0\x16\0\0\0\x60\x05\0\0\xee\x10\0\0\x3b\x01\0\0\x80\x05\
\0\0\x13\x21\0\0\xa4\0\0\0\xc0\x05\0\0\x1f\x21\0\0\x21\0\0\0\0\x06\0\0\x32\x21\
\0\0\x21\0\0\0\x40\x06\0\0\x45\x21\0\0\x21\0\0\0\x80\x06\0\0\x4c\x21\0\0\x3d\
\x01\0\0\xc0\x06\0\0\x51\x21\0\0\x1d\0\0\0\xc0\x0a\0\0\x5d\x21\0\0\x1d\0\0\0\
\xd0\x0a\0\0\x6c\x21\0\0\x1d\0\0\0\xe0\x0a\0\0\x76\x21\0\0\x43\x01\0\0\0\x0b\0\
\0\x1b\x05\0\0\x18\x01\0\0\0\x11\0\0\x17\x1e\0\0\xa3\0\0\0\x40\x11\0\0\x79\x21\
\0\0\xa4\0\0\0\x80\x11\0\0\x92\x21\0\0\xa4\0\0\0\xc0\x11\0\0\xab\x21\0\0\x16\
\x01\0\0\0\x12\0\0\xb7\x21\0\0\x6a\0\0\0\0\x13\0\0\xe0\x0a\0\0\x38\x01\0\0\x80\
\x13\0\0\xc2\x21\0\0\x02\0\0\0\xc0\x13\0\0\xeb\x06\0\0\x02\0\0\0\xe0\x13\0\0\
\xc8\x21\0\0\x6a\0\0\0\0\x14\0\0\x27\x1d\0\0\x63\0\0\0\x80\x14\0\0\xd4\x21\0\0\
\x16\x01\0\0\xc0\x14\0\0\xdf\x21\0\0\x5d\0\0\0\xc0\x15\0\0\x2a\0\0\0\x51\x01\0\
\0\0\x16\0\0\xea\x21\0\0\x6a\0\0\0\x40\x16\0\0\xf3\x21\0\0\x55\0\0\0\xc0\x16\0\
\0\xff\x21\0\0\x02\0\0\0\0\x17\0\0\x0b\x22\0\0\x52\x01\0\0\x40\x17\0\0\x11\x22\
\0\0\x54\x01\0\0\0\x18\0\0\x18\x22\0\0\x16\0\0\0\x40\x18\0\0\x27\x22\0\0\x16\0\
\0\0\x60\x18\0\0\x34\x22\0\0\x16\0\0\0\x80\x18\0\0\x44\x22\0\0\x16\0\0\0\xa0\
\x18\0\0\x54\x22\0\0\x55\0\0\0\xc0\x18\0\0\x61\x22\0\0\x55\x01\0\0\0\x19\0\0\
\x6d\x22\0\0\xe5\0\0\0\xc0\x19\0\0\x7a\x22\0\0\x16\0\0\0\x40\x1a\0\0\x87\x22\0\
\0\x5d\0\0\0\x60\x1a\0\0\x93\x22\0\0\x59\x01\0\0\x80\x1a\0\0\xa0\x22\0\0\x5a\
\x01\0\0\x40\x1b\0\0\xb3\x22\0\0\x55\0\0\0\x80\x1b\0\0\xc4\x22\0\0\x38\x01\0\0\
\xc0\x1b\0\0\xce\x22\0\0\x5b\x01\0\0\0\x1c\0\0\x95\x1b\0\0\xe5\0\0\0\x40\x1c\0\
\0\xd6\x22\0\0\x5d\x01\0\0\xc0\x1c\0\0\xd9\x22\0\0\x21\0\0\0\0\x1d\0\0\xdc\x22\
\0\0\xa4\0\0\0\x40\x1d\0\0\xe9\x22\0\0\x5e\x01\0\0\x80\x1d\0\0\xef\x22\0\0\x60\
\x01\0\0\xc0\x1d\0\0\0\x23\0\0\x5a\0\0\0\0\x1e\0\0\x19\x23\0\0\x60\x01\0\0\x40\
\x1e\0\0\x2f\x23\0\0\x78\x01\0\0\x80\x1e\0\0\x34\x23\0\0\x21\0\0\0\xc0\x1e\0\0\
\x3f\x23\0\0\x79\x01\0\0\0\x1f\0\0\x20\x1c\0\0\x7a\x01\0\0\x40\x1f\0\0\x48\x23\
\0\0\x7b\x01\0\0\x80\x1f\0\0\x5c\x10\0\0\x5a\0\0\0\0\x25\0\0\x53\x23\0\0\x6a\0\
\0\0\x40\x25\0\0\x5b\x23\0\0\x06\0\0\x06\x04\0\0\0\x6c\x23\0\0\xfc\xff\xff\xff\
\x82\x23\0\0\xfd\xff\xff\xff\x98\x23\0\0\xfe\xff\xff\xff\xaf\x23\0\0\xff\xff\
\xff\xff\xc4\x23\0\0\0\0\0\0\xde\x23\0\0\x01\0\0\0\xf6\x23\0\0\0\0\0\x08\x3c\
\x01\0\0\0\0\0\0\x01\0\0\x04\x08\0\0\0\xa3\x1e\0\0\x1c\x01\0\0\0\0\0\0\0\x24\0\
\0\x3b\0\0\x84\x80\0\0\0\x19\0\0\0\x15\0\0\0\0\0\0\0\xda\x1e\0\0\x15\0\0\0\x20\
\0\0\0\x10\x24\0\0\x22\0\0\0\x40\0\0\0\0\0\0\0\x3e\x01\0\0\x80\0\0\0\x17\x24\0\
\0\x22\0\0\0\xc0\0\0\0\x23\x24\0\0\x22\0\0\0\0\x01\0\0\x2f\x24\0\0\x22\0\0\0\
\x40\x01\0\x01\x38\x24\0\0\x22\0\0\0\x41\x01\0\x01\x40\x24\0\0\x22\0\0\0\x42\
\x01\0\x01\x47\x24\0\0\x22\0\0\0\x43\x01\0\x01\x51\x24\0\0\x22\0\0\0\x44\x01\0\
\x01\x5e\x24\0\0\x22\0\0\0\x45\x01\0\x01\x6d\x24\0\0\x22\0\0\0\x46\x01\0\x01\
\x78\x24\0\0\x22\0\0\0\x47\x01\0\x01\x85\x24\0\0\x22\0\0\0\x48\x01\0\x01\x0a\
\x0c\0\0\x22\0\0\0\x49\x01\0\x01\x8a\x24\0\0\x22\0\0\0\x4a\x01\0\x01\x8f\x24\0\
\0\x22\0\0\0\x4b\x01\0\x01\x9c\x24\0\0\x22\0\0\0\x4c\x01\0\x01\x20\x1e\0\0\x22\
\0\0\0\x4d\x01\0\x01\xab\x24\0\0\x22\0\0\0\x4e\x01\0\x01\xb5\x24\0\0\x22\0\0\0\
\x4f\x01\0\x02\xc0\x24\0\0\x22\0\0\0\x51\x01\0\x01\xca\x24\0\0\x22\0\0\0\x52\
\x01\0\x01\xd8\x24\0\0\x22\0\0\0\x53\x01\0\x01\xe5\x24\0\0\x22\0\0\0\x54\x01\0\
\x01\xf3\x24\0\0\x22\0\0\0\x55\x01\0\x01\x0c\x25\0\0\x22\0\0\0\x56\x01\0\x01\
\x23\x25\0\0\x22\0\0\0\x57\x01\0\x01\x29\x25\0\0\x22\0\0\0\x58\x01\0\x01\x33\
\x25\0\0\x22\0\0\0\x59\x01\0\x01\x3f\x25\0\0\x22\0\0\0\x5a\x01\0\x01\x4e\x25\0\
\0\x22\0\0\0\x5b\x01\0\x01\x5d\x25\0\0\x22\0\0\0\x5c\x01\0\x01\x68\x25\0\0\x22\
\0\0\0\x5d\x01\0\x01\x70\x25\0\0\x22\0\0\0\x5e\x01\0\x01\x7a\x25\0\0\x22\0\0\0\
\x5f\x01\0\x01\x85\x25\0\0\x22\0\0\0\x60\x01\0\x01\x8c\x25\0\0\x22\0\0\0\x61\
\x01\0\x01\x96\x25\0\0\x22\0\0\0\x62\x01\0\x01\x9f\x25\0\0\x22\0\0\0\x63\x01\0\
\x01\xae\x25\0\0\x22\0\0\0\x64\x01\0\x01\xbd\x25\0\0\x22\0\0\0\x65\x01\0\x01\
\xc5\x25\0\0\x22\0\0\0\x66\x01\0\x1a\0\0\0\0\x3f\x01\0\0\x80\x01\0\0\xd2\x25\0\
\0\x15\0\0\0\xa0\x01\0\0\0\0\0\0\x40\x01\0\0\xc0\x01\0\0\0\0\0\0\x41\x01\0\0\0\
\x02\0\0\xda\x25\0\0\x22\0\0\0\x40\x02\0\0\xed\x25\0\0\x22\0\0\0\x80\x02\0\0\
\xfe\x25\0\0\x15\0\0\0\xc0\x02\0\0\xcc\x18\0\0\x42\x01\0\0\xe0\x02\0\0\x10\x26\
\0\0\x22\0\0\0\0\x03\0\0\x21\x26\0\0\x15\0\0\0\x40\x03\0\0\x2f\x26\0\0\x1e\0\0\
\0\x60\x03\0\0\x40\x26\0\0\x1e\0\0\0\x70\x03\0\0\x4d\x26\0\0\x15\0\0\0\x80\x03\
\0\0\x5d\x26\0\0\x15\0\0\0\xa0\x03\0\0\x6a\x26\0\0\x22\0\0\0\xc0\x03\0\0\0\0\0\
\0\x02\0\0\x05\x08\0\0\0\x73\x26\0\0\x22\0\0\0\0\0\0\0\x81\x26\0\0\x22\0\0\0\0\
\0\0\0\0\0\0\0\x02\0\0\x05\x04\0\0\0\x8d\x26\0\0\x15\0\0\0\0\0\0\0\x9b\x26\0\0\
\x15\0\0\0\0\0\0\0\0\0\0\0\x04\0\0\x05\x08\0\0\0\xac\x26\0\0\x22\0\0\0\0\0\0\0\
\xb4\x26\0\0\x22\0\0\0\0\0\0\0\xc0\x26\0\0\x22\0\0\0\0\0\0\0\xcc\x26\0\0\x22\0\
\0\0\0\0\0\0\0\0\0\0\x04\0\0\x05\x08\0\0\0\xd4\x26\0\0\x22\0\0\0\0\0\0\0\xdb\
\x26\0\0\x22\0\0\0\0\0\0\0\xe7\x26\0\0\x22\0\0\0\0\0\0\0\xf4\x26\0\0\x22\0\0\0\
\0\0\0\0\xfc\x26\0\0\0\0\0\x08\x02\0\0\0\x02\x27\0\0\x0c\0\0\x04\xc0\0\0\0\0\0\
\0\0\x44\x01\0\0\0\0\0\0\x10\x27\0\0\x63\0\0\0\0\x03\0\0\x93\x22\0\0\x5a\0\0\0\
\x40\x03\0\0\xb3\x22\0\0\x55\0\0\0\x80\x03\0\0\x38\x14\0\0\x02\0\0\0\xc0\x03\0\
\0\x17\x27\0\0\x3b\x01\0\0\0\x04\0\0\x73\x26\0\0\x21\0\0\0\x40\x04\0\0\0\0\0\0\
\x4e\x01\0\0\x80\x04\0\0\x22\x27\0\0\x21\0\0\0\0\x05\0\0\x31\x27\0\0\x21\0\0\0\
\x40\x05\0\0\x3c\x27\0\0\x21\0\0\0\x80\x05\0\0\x4c\x27\0\0\x21\0\0\0\xc0\x05\0\
\0\0\0\0\0\x06\0\0\x05\x60\0\0\0\0\0\0\0\x45\x01\0\0\0\0\0\0\0\0\0\0\x47\x01\0\
\0\0\0\0\0\0\0\0\0\x48\x01\0\0\0\0\0\0\0\0\0\0\x49\x01\0\0\0\0\0\0\0\0\0\0\x4a\
\x01\0\0\0\0\0\0\0\0\0\0\x4d\x01\0\0\0\0\0\0\0\0\0\0\x0a\0\0\x04\x60\0\0\0\x10\
\x24\0\0\x21\0\0\0\0\0\0\0\x5d\x27\0\0\x21\0\0\0\x40\0\0\0\x66\x27\0\0\x55\0\0\
\0\x80\0\0\0\x72\x27\0\0\x55\0\0\0\xc0\0\0\0\x7d\x27\0\0\x02\0\0\0\0\x01\0\0\
\x8e\x27\0\0\x02\0\0\0\x20\x01\0\0\x92\x27\0\0\x02\0\0\0\x40\x01\0\0\xcc\x06\0\
\0\x02\0\0\0\x60\x01\0\0\x9b\x27\0\0\x46\x01\0\0\x80\x01\0\0\xa5\x27\0\0\x46\
\x01\0\0\x40\x02\0\0\xb0\x27\0\0\x04\0\0\x04\x18\0\0\0\x10\x24\0\0\x21\0\0\0\0\
\0\0\0\xc4\x27\0\0\x16\0\0\0\x40\0\0\0\xc8\x27\0\0\x02\0\0\0\x60\0\0\0\x8e\x27\
\0\0\x02\0\0\0\x80\0\0\0\0\0\0\0\x01\0\0\x04\x40\0\0\0\x10\x14\0\0\x73\0\0\0\0\
\0\0\0\0\0\0\0\x01\0\0\x04\x10\0\0\0\xce\x27\0\0\x6a\0\0\0\0\0\0\0\0\0\0\0\x02\
\0\0\x04\x10\0\0\0\xd6\x27\0\0\x21\0\0\0\0\0\0\0\xde\x27\0\0\x21\0\0\0\x40\0\0\
\0\0\0\0\0\x02\0\0\x04\x28\0\0\0\xe3\x27\0\0\x4b\x01\0\0\0\0\0\0\xe8\x27\0\0\
\x6a\0\0\0\xc0\0\0\0\xf0\x27\0\0\x03\0\0\x04\x18\0\0\0\x03\x28\0\0\x21\0\0\0\0\
\0\0\0\x0b\x28\0\0\x21\0\0\0\x40\0\0\0\x13\x28\0\0\x4c\x01\0\0\x80\0\0\0\x18\
\x28\0\0\x05\0\0\x84\x04\0\0\0\xf3\x1f\0\0\x14\0\0\0\0\0\0\x13\x30\x28\0\0\x14\
\0\0\0\x13\0\0\x08\x19\0\0\0\x14\0\0\0\x1b\0\0\x02\x34\x28\0\0\x14\0\0\0\x1d\0\
\0\x02\x3e\x28\0\0\x14\0\0\0\x1f\0\0\x01\0\0\0\0\x05\0\0\x04\x18\0\0\0\x46\x28\
\0\0\x18\0\0\0\0\0\0\0\x51\x28\0\0\x18\0\0\0\x08\0\0\0\x5c\x28\0\0\x1d\0\0\0\
\x10\0\0\0\x64\x28\0\0\x21\0\0\0\x40\0\0\0\x69\x28\0\0\x21\0\0\0\x80\0\0\0\0\0\
\0\0\x02\0\0\x05\x10\0\0\0\0\0\0\0\x4f\x01\0\0\0\0\0\0\0\0\0\0\x50\x01\0\0\0\0\
\0\0\0\0\0\0\x02\0\0\x04\x10\0\0\0\x6f\x28\0\0\x21\0\0\0\0\0\0\0\x7b\x28\0\0\
\x3b\x01\0\0\x40\0\0\0\0\0\0\0\x02\0\0\x04\x10\0\0\0\x87\x28\0\0\x21\0\0\0\0\0\
\0\0\x94\x28\0\0\x21\0\0\0\x40\0\0\0\0\0\0\0\0\0\0\x02\x5e\x04\0\0\xa0\x28\0\0\
\0\0\0\x08\x53\x01\0\0\xb2\x28\0\0\x02\0\0\x04\x18\0\0\0\x68\x19\0\0\xfd\0\0\0\
\0\0\0\0\xc2\x28\0\0\x6a\0\0\0\x40\0\0\0\0\0\0\0\0\0\0\x02\xf0\x03\0\0\xc7\x28\
\0\0\x02\0\0\x04\x18\0\0\0\x18\x14\0\0\x5f\0\0\0\0\0\0\0\xa3\x1b\0\0\x56\x01\0\
\0\x80\0\0\0\0\0\0\0\0\0\0\x02\x57\x01\0\0\0\0\0\0\x01\0\0\x0d\0\0\0\0\0\0\0\0\
\x58\x01\0\0\0\0\0\0\0\0\0\x02\x55\x01\0\0\xd0\x28\0\0\x03\0\0\x04\x18\0\0\0\
\xe6\x1b\0\0\x6a\0\0\0\0\0\0\0\x68\x19\0\0\xc4\0\0\0\x80\0\0\0\xe7\x28\0\0\x16\
\0\0\0\xa0\0\0\0\0\0\0\0\0\0\0\x02\x5f\x04\0\0\0\0\0\0\0\0\0\x02\x5c\x01\0\0\0\
\0\0\0\x01\0\0\x0d\0\0\0\0\0\0\0\0\x38\x01\0\0\0\0\0\0\0\0\0\x02\x2a\x04\0\0\0\
\0\0\0\0\0\0\x02\x5f\x01\0\0\0\0\0\0\x01\0\0\x0d\x21\0\0\0\0\0\0\0\0\0\0\0\xf7\
\x28\0\0\0\0\0\x08\x61\x01\0\0\0\0\0\0\0\0\0\x02\x62\x01\0\0\0\0\0\0\x03\0\0\
\x0d\0\0\0\0\0\0\0\0\x38\x01\0\0\0\0\0\0\x63\x01\0\0\0\0\0\0\x6f\x01\0\0\0\0\0\
\0\0\0\0\x02\x64\x01\0\0\x0f\x29\0\0\x17\0\0\x04\0\x01\0\0\x20\x29\0\0\x21\0\0\
\0\0\0\0\0\x25\x29\0\0\x65\x01\0\0\x40\0\0\0\x29\x29\0\0\x66\x01\0\0\x80\0\0\0\
\x32\x29\0\0\x21\0\0\0\xc0\0\0\0\x35\x12\0\0\x67\x01\0\0\0\x01\0\0\x39\x29\0\0\
\x21\0\0\0\x40\x01\0\0\x3d\x29\0\0\x69\x01\0\0\x80\x01\0\0\x19\0\0\0\x21\0\0\0\
\xc0\x01\0\0\x46\x29\0\0\x21\0\0\0\0\x02\0\0\x49\x29\0\0\x6b\x01\0\0\x40\x02\0\
\0\xc0\x18\0\0\x21\0\0\0\x80\x02\0\0\xd9\x22\0\0\x21\0\0\0\xc0\x02\0\0\x53\x29\
\0\0\x21\0\0\0\0\x03\0\0\x5d\x29\0\0\x6c\x01\0\0\x40\x03\0\0\x67\x29\0\0\x6d\
\x01\0\0\x80\x03\0\0\x71\x29\0\0\x21\0\0\0\xc0\x03\0\0\x7a\x29\0\0\x6e\x01\0\0\
\0\x04\0\0\x84\x29\0\0\x6e\x01\0\0\x80\x04\0\0\x8e\x29\0\0\x21\0\0\0\0\x05\0\0\
\x9e\x29\0\0\x21\0\0\0\x40\x05\0\0\x85\x25\0\0\x21\0\0\0\x80\x05\0\0\xa8\x29\0\
\0\x21\0\0\0\xc0\x05\0\0\xb7\x29\0\0\x21\0\0\0\0\x06\0\0\0\0\0\0\0\0\0\x02\x60\
\x04\0\0\0\0\0\0\0\0\0\x02\x61\x04\0\0\xc6\x29\0\0\x02\0\0\x05\x08\0\0\0\xd9\
\x29\0\0\x22\0\0\0\0\0\0\0\0\0\0\0\x68\x01\0\0\0\0\0\0\0\0\0\0\x03\0\0\x04\x08\
\0\0\0\xde\x29\0\0\x15\0\0\0\0\0\0\0\xe6\x29\0\0\x1e\0\0\0\x20\0\0\0\xed\x29\0\
\0\x1e\0\0\0\x30\0\0\0\xf4\x29\0\0\x02\0\0\x05\x08\0\0\0\xb5\x18\0\0\x22\0\0\0\
\0\0\0\0\0\0\0\0\x6a\x01\0\0\0\0\0\0\0\0\0\0\x0a\0\0\x84\x08\0\0\0\x06\x2a\0\0\
\x22\0\0\0\0\0\0\x05\x0d\x2a\0\0\x22\0\0\0\x05\0\0\x0e\x15\x2a\0\0\x22\0\0\0\
\x13\0\0\x05\x1f\x2a\0\0\x22\0\0\0\x18\0\0\x02\x28\x2a\0\0\x22\0\0\0\x1a\0\0\
\x07\x31\x2a\0\0\x22\0\0\0\x21\0\0\x04\x3d\x2a\0\0\x22\0\0\0\x25\0\0\x01\x48\
\x2a\0\0\x22\0\0\0\x26\0\0\x02\x53\x2a\0\0\x22\0\0\0\x28\0\0\x03\x5b\x2a\0\0\
\x22\0\0\0\x2b\0\0\x15\0\0\0\0\x02\0\0\x04\x08\0\0\0\x2e\x03\0\0\x14\0\0\0\0\0\
\0\0\x64\x2a\0\0\x14\0\0\0\x20\0\0\0\0\0\0\0\x02\0\0\x04\x08\0\0\0\xeb\x06\0\0\
\x14\0\0\0\0\0\0\0\x68\x2a\0\0\x14\0\0\0\x20\0\0\0\0\0\0\0\0\0\0\x02\x62\x04\0\
\0\x71\x2a\0\0\x02\0\0\x04\x10\0\0\0\x7b\x2a\0\0\x22\0\0\0\0\0\0\0\x7f\x2a\0\0\
\x6f\x01\0\0\x40\0\0\0\0\0\0\0\0\0\0\x02\x70\x01\0\0\x84\x2a\0\0\x09\0\0\x04\
\x50\x01\0\0\0\0\0\0\x71\x01\0\0\0\0\0\0\x8c\x2a\0\0\x21\0\0\0\x80\x08\0\0\x94\
\x2a\0\0\x76\x01\0\0\xc0\x08\0\0\x9e\x2a\0\0\x14\0\0\0\xe0\x08\0\0\xa6\x2a\0\0\
\x21\0\0\0\0\x09\0\0\xb1\x2a\0\0\x21\0\0\0\x40\x09\0\0\xba\x2a\0\0\x77\x01\0\0\
\x80\x09\0\0\xc5\x2a\0\0\x21\0\0\0\0\x0a\0\0\xd6\x2a\0\0\x21\0\0\0\x40\x0a\0\0\
\0\0\0\0\x02\0\0\x05\x10\x01\0\0\xdf\x2a\0\0\x72\x01\0\0\0\0\0\0\0\0\0\0\x74\
\x01\0\0\0\0\0\0\xe9\x2a\0\0\x04\0\0\x04\x10\x01\0\0\x7f\x2a\0\0\x73\x01\0\0\0\
\0\0\0\xab\x1f\0\0\x22\0\0\0\xc0\x07\0\0\xae\x1f\0\0\x22\0\0\0\0\x08\0\0\xf6\
\x2a\0\0\x22\0\0\0\x40\x08\0\0\0\0\0\0\0\0\0\x03\0\0\0\0\x22\0\0\0\x04\0\0\0\
\x1f\0\0\0\0\0\0\0\x04\0\0\x04\x10\x01\0\0\x7f\x2a\0\0\x75\x01\0\0\0\0\0\0\xab\
\x1f\0\0\x21\0\0\0\xc0\x07\0\0\xae\x1f\0\0\x21\0\0\0\0\x08\0\0\xf6\x2a\0\0\x21\
\0\0\0\x40\x08\0\0\0\0\0\0\0\0\0\x03\0\0\0\0\x21\0\0\0\x04\0\0\0\x1f\0\0\0\xfd\
\x2a\0\0\0\0\0\x08\x42\x01\0\0\0\0\0\0\0\0\0\x03\0\0\0\0\x21\0\0\0\x04\0\0\0\
\x02\0\0\0\0\0\0\0\0\0\0\x02\x86\x03\0\0\0\0\0\0\0\0\0\x02\x5a\x04\0\0\0\0\0\0\
\0\0\0\x02\x5b\x04\0\0\x48\x23\0\0\x0b\0\0\x04\xb0\0\0\0\xa3\x1b\0\0\x7c\x01\0\
\0\0\0\0\0\x5e\x11\0\0\x7f\x01\0\0\x40\0\0\0\xcc\x06\0\0\x55\0\0\0\x80\0\0\0\
\x01\x2b\0\0\x5a\0\0\0\xc0\0\0\0\x09\x2b\0\0\x7c\x01\0\0\0\x01\0\0\x14\x2b\0\0\
\x82\x01\0\0\x40\x01\0\0\x1f\x2b\0\0\x84\x01\0\0\xc0\x02\0\0\x29\x2b\0\0\x82\
\x01\0\0\0\x03\0\0\x32\x2b\0\0\x55\0\0\0\x80\x04\0\0\x3d\x2b\0\0\x55\0\0\0\xc0\
\x04\0\0\xe6\x1b\0\0\x6a\0\0\0\0\x05\0\0\x4d\x2b\0\0\0\0\0\x08\x7d\x01\0\0\0\0\
\0\0\0\0\0\x02\x7e\x01\0\0\0\0\0\0\x04\0\0\x0d\0\0\0\0\0\0\0\0\x55\0\0\0\0\0\0\
\0\x55\0\0\0\0\0\0\0\x7f\x01\0\0\0\0\0\0\x80\x01\0\0\0\0\0\0\0\0\0\x02\x7b\x01\
\0\0\0\0\0\0\0\0\0\x02\x81\x01\0\0\x5b\x2b\0\0\x01\0\0\x04\x50\x01\0\0\x7f\x2a\
\0\0\x70\x01\0\0\0\0\0\0\x67\x2b\0\0\x03\0\0\x04\x30\0\0\0\x77\x2b\0\0\x83\x01\
\0\0\0\0\0\0\x84\x2b\0\0\x83\x01\0\0\x40\0\0\0\x90\x2b\0\0\x16\x01\0\0\x80\0\0\
\0\0\0\0\0\0\0\0\x02\x5c\x04\0\0\0\0\0\0\0\0\0\x02\x82\x01\0\0\0\0\0\0\0\0\0\
\x03\0\0\0\0\x38\x01\0\0\x04\0\0\0\x10\0\0\0\x9b\x2b\0\0\x05\0\0\x04\x50\0\0\0\
\xad\x2b\0\0\x87\x01\0\0\0\0\0\0\xb2\x2b\0\0\x87\x01\0\0\x80\0\0\0\xb7\x2b\0\0\
\x87\x01\0\0\0\x01\0\0\xbc\x2b\0\0\x87\x01\0\0\x80\x01\0\0\xc1\x2b\0\0\x87\x01\
\0\0\0\x02\0\0\xc6\x2b\0\0\x02\0\0\x04\x10\0\0\0\xd2\x2b\0\0\x55\0\0\0\0\0\0\0\
\xd5\x2b\0\0\x55\0\0\0\x40\0\0\0\xd8\x2b\0\0\x01\0\0\x04\x10\0\0\0\xad\x2b\0\0\
\x87\x01\0\0\0\0\0\0\x4d\x2d\0\0\x07\0\0\x04\x80\0\0\0\x38\x14\0\0\x8a\x01\0\0\
\0\0\0\0\x19\0\0\0\x8c\x01\0\0\x20\0\0\0\xcc\x06\0\0\x55\0\0\0\x40\0\0\0\x54\
\x2d\0\0\xa2\0\0\0\x80\0\0\0\x59\x2d\0\0\x8d\x01\0\0\xc0\0\0\0\x5c\x2d\0\0\x8e\
\x01\0\0\0\x01\0\0\x60\x2d\0\0\x90\x01\0\0\0\x02\0\0\x63\x2d\0\0\0\0\0\x08\x8b\
\x01\0\0\0\0\0\0\x05\0\0\x06\x04\0\0\0\x70\x2d\0\0\0\0\0\0\x78\x2d\0\0\x01\0\0\
\0\x87\x2d\0\0\x02\0\0\0\x95\x2d\0\0\x03\0\0\0\xa2\x2d\0\0\x04\0\0\0\xb3\x2d\0\
\0\0\0\0\x01\x02\0\0\0\x10\0\0\x01\0\0\0\0\0\0\0\x02\x91\x01\0\0\0\0\0\0\0\0\0\
\x02\x8f\x01\0\0\0\0\0\0\0\0\0\x0a\x82\x04\0\0\xb9\x2d\0\0\x04\0\0\x04\x40\0\0\
\0\xc3\x2d\0\0\x52\x01\0\0\0\0\0\0\xc8\x2d\0\0\x54\x01\0\0\xc0\0\0\0\xcc\x06\0\
\0\x55\0\0\0\0\x01\0\0\x91\x1b\0\0\xe5\0\0\0\x40\x01\0\0\x6e\x2e\0\0\x5d\0\0\
\x84\x18\x03\0\0\x73\x2e\0\0\x92\x01\0\0\0\0\0\0\x7f\x2e\0\0\xb1\x01\0\0\x40\
\x04\0\0\x87\x2e\0\0\x5d\0\0\0\x40\x05\0\0\x90\x2e\0\0\x02\0\0\0\x60\x05\0\0\
\x9c\x2e\0\0\xb3\x01\0\0\x80\x05\0\0\xab\x2e\0\0\xb4\x01\0\0\x40\x06\0\0\xbb\
\x2e\0\0\xb3\x01\0\0\x80\x06\0\0\xcc\x2e\0\0\xb5\x01\0\0\x40\x07\0\0\xd7\x2e\0\
\0\x02\0\0\0\0\x08\0\0\xe8\x2e\0\0\x16\0\0\0\x20\x08\0\0\xf3\x2e\0\0\x16\0\0\0\
\x40\x08\0\0\xfe\x2e\0\0\x02\0\0\0\x60\x08\0\0\x08\x2f\0\0\x02\0\0\0\x80\x08\0\
\0\x18\x2f\0\0\xb6\x01\0\0\xc0\x08\0\0\0\0\0\0\xb7\x01\0\0\0\x09\0\0\x22\x2f\0\
\0\xce\x01\0\0\x40\x09\0\0\x2c\x2f\0\0\xcf\x01\0\0\xc0\x09\0\0\x36\x2f\0\0\x02\
\0\0\0\0\x0a\0\0\x48\x2f\0\0\x14\0\0\0\x20\x0a\0\0\x59\x2f\0\0\xcf\x01\0\0\x40\
\x0a\0\0\x66\x2f\0\0\x5d\0\0\0\x80\x0a\0\0\x74\x2f\0\0\x02\0\0\0\xa0\x0a\0\0\
\x7e\x2f\0\0\x02\0\0\0\xc0\x0a\0\0\x8d\x2f\0\0\x5b\0\0\0\xe0\x0a\0\0\x9b\x2f\0\
\0\x55\0\0\0\0\x0b\0\0\0\0\0\0\xd0\x01\0\0\x40\x0b\0\0\xa8\x2f\0\0\xb4\x01\0\0\
\x80\x0b\0\0\xb8\x2f\0\0\xb3\x01\0\0\xc0\x0b\0\0\xc7\x2f\0\0\x42\x01\0\0\x80\
\x0c\0\0\xd3\x2f\0\0\x02\0\0\0\xa0\x0c\0\0\xe4\x2f\0\0\x15\0\0\0\xc0\x0c\0\0\
\xfb\x2f\0\0\x14\0\0\0\xe0\x0c\0\0\x0c\x30\0\0\xae\0\0\0\0\x0d\0\0\x18\x30\0\0\
\x29\x01\0\0\x40\x0d\0\0\x21\x30\0\0\x15\0\0\0\x80\x0e\0\0\x2d\x30\0\0\x15\0\0\
\0\xa0\x0e\0\0\x35\x30\0\0\x55\0\0\0\xc0\x0e\0\0\x44\x30\0\0\x55\0\0\0\0\x0f\0\
\0\x57\x30\0\0\x23\x01\0\0\x40\x0f\0\0\x5f\x30\0\0\xd1\x01\0\0\xc0\x0f\0\0\x6d\
\x30\0\0\xd1\x01\0\0\0\x10\0\0\x7d\x30\0\0\xd1\x01\0\0\x40\x10\0\0\x92\x30\0\0\
\x02\0\0\0\x80\x10\0\0\x9e\x30\0\0\x16\0\0\0\xa0\x10\0\0\xae\x30\0\0\xd2\x01\0\
\0\xc0\x10\0\0\xbc\x30\0\0\x15\0\0\0\xe0\x10\0\0\xc6\x30\0\0\x18\0\0\0\0\x11\0\
\x01\xd1\x30\0\0\x18\0\0\0\x01\x11\0\x01\xde\x30\0\0\x18\0\0\0\x02\x11\0\x01\
\xed\x30\0\0\x18\0\0\0\x03\x11\0\x01\xfc\x30\0\0\x18\0\0\0\x04\x11\0\x04\x09\
\x31\0\0\x18\0\0\0\x08\x11\0\0\x19\x31\0\0\x1d\0\0\0\x10\x11\0\0\x21\x31\0\0\
\x1d\0\0\0\x20\x11\0\0\x2d\x31\0\0\x1d\0\0\0\x30\x11\0\0\x3d\x31\0\0\x55\0\0\0\
\x40\x11\0\0\x4b\x31\0\0\x9f\x01\0\0\x80\x11\0\0\x5b\x31\0\0\xbb\x01\0\0\xc0\
\x11\0\0\x6c\x31\0\0\x02\0\0\0\0\x12\0\0\x73\x31\0\0\x02\0\0\0\x20\x12\0\0\x7f\
\x31\0\0\x14\0\0\0\x40\x12\0\0\x8e\x31\0\0\x14\0\0\0\x60\x12\0\0\xa1\x31\0\0\
\xd4\0\0\0\x80\x12\0\0\xa8\x31\0\0\x18\0\0\0\xa0\x12\0\0\xbc\x31\0\0\x1d\0\0\0\
\xb0\x12\0\0\xd0\x31\0\0\xfd\0\0\0\xc0\x12\0\0\xdd\x31\0\0\xbe\0\0\0\0\x13\0\0\
\xe9\x31\0\0\xd1\0\0\0\x40\x13\0\0\xf6\x31\0\0\xae\0\0\0\x80\x13\0\0\x02\x32\0\
\0\x75\0\0\0\xc0\x13\0\0\x0b\x32\0\0\x1d\0\0\0\0\x14\0\0\x16\x32\0\0\x02\0\0\0\
\x20\x14\0\0\x22\x32\0\0\x18\0\0\0\x40\x14\0\0\x2e\x32\0\0\x5d\0\0\0\x60\x14\0\
\0\x37\x32\0\0\x5d\0\0\0\x80\x14\0\0\x40\x32\0\0\x18\0\0\0\xa0\x14\0\0\x4b\x32\
\0\0\x18\0\0\0\xa8\x14\0\x01\x63\x32\0\0\x18\0\0\0\xa9\x14\0\x01\x7b\x32\0\0\
\x18\0\0\0\xaa\x14\0\x06\x8c\x32\0\0\xd3\x01\0\0\xc0\x14\0\0\x96\x32\0\0\x5a\0\
\0\0\0\x15\0\0\xa3\x32\0\0\x5a\0\0\0\x40\x15\0\0\xaf\x32\0\0\xd4\x01\0\0\x80\
\x15\0\0\xbc\x32\0\0\xd6\x01\0\0\0\x16\0\0\xc5\x32\0\0\xd8\x01\0\0\x40\x16\0\0\
\xd5\x32\0\0\xd8\x01\0\0\x80\x16\0\0\xe3\x32\0\0\xd8\x01\0\0\xc0\x16\0\0\xf2\
\x32\0\0\xd8\x01\0\0\0\x17\0\0\x02\x33\0\0\xda\x01\0\0\x40\x17\0\0\x11\x33\0\0\
\xd8\x01\0\0\x80\x17\0\0\x1d\x33\0\0\xf3\x01\0\0\xc0\x17\0\0\x2d\x33\0\0\x2e\
\x01\0\0\0\x18\0\0\x3c\x33\0\0\xe5\0\0\0\x40\x18\0\0\x43\x33\0\0\x19\0\0\x84\
\x88\0\0\0\0\0\0\0\x93\x01\0\0\0\0\0\0\0\0\0\0\x97\x01\0\0\x40\0\0\0\0\0\0\0\
\x99\x01\0\0\x60\0\0\0\x4f\x33\0\0\x1f\0\0\0\x80\0\0\0\x5a\x33\0\0\x9d\x01\0\0\
\x90\0\0\0\x64\x33\0\0\x1a\0\0\0\x98\0\0\x04\x6e\x33\0\0\x1a\0\0\0\x9c\0\0\x01\
\x7c\x33\0\0\x1a\0\0\0\x9d\0\0\x01\x89\x33\0\0\x1a\0\0\0\x9e\0\0\x01\x98\x33\0\
\0\x02\0\0\0\xa0\0\0\0\0\0\0\0\x9e\x01\0\0\xc0\0\0\0\xa9\x33\0\0\x9f\x01\0\0\
\x40\x01\0\0\xb2\x33\0\0\xa0\x01\0\0\x80\x01\0\0\xba\x33\0\0\xa3\x01\0\0\xc0\
\x01\0\0\xc7\x33\0\0\xa3\x01\0\0\x40\x02\0\0\xd8\x33\0\0\xa4\0\0\0\xc0\x02\0\0\
\0\0\0\0\xa8\x01\0\0\0\x03\0\0\xe3\x33\0\0\xaa\x01\0\0\x40\x03\0\0\0\0\0\0\xab\
\x01\0\0\x40\x03\0\0\xf6\x33\0\0\x1f\0\0\0\xc0\x03\0\0\x0b\x34\0\0\x1f\0\0\0\
\xd0\x03\0\0\0\0\0\0\xaf\x01\0\0\xe0\x03\0\0\x20\x34\0\0\x5b\0\0\0\0\x04\0\0\
\x2b\x34\0\0\xaa\x01\0\0\x20\x04\0\0\0\0\0\0\xb0\x01\0\0\x20\x04\0\0\0\0\0\0\
\x02\0\0\x05\x08\0\0\0\x3c\x34\0\0\x94\x01\0\0\0\0\0\0\0\0\0\0\x95\x01\0\0\0\0\
\0\0\x49\x34\0\0\0\0\0\x08\x22\0\0\0\0\0\0\0\x02\0\0\x04\x08\0\0\0\x54\x34\0\0\
\x96\x01\0\0\0\0\0\0\x5e\x34\0\0\x96\x01\0\0\x20\0\0\0\x6c\x34\0\0\0\0\0\x08\
\x15\0\0\0\0\0\0\0\x02\0\0\x05\x04\0\0\0\x73\x34\0\0\x16\0\0\0\0\0\0\0\x7c\x34\
\0\0\x98\x01\0\0\0\0\0\0\0\0\0\0\0\0\0\x03\0\0\0\0\x1e\0\0\0\x04\0\0\0\x02\0\0\
\0\0\0\0\0\x02\0\0\x05\x04\0\0\0\x8a\x34\0\0\x9a\x01\0\0\0\0\0\0\0\0\0\0\x9b\
\x01\0\0\0\0\0\0\x97\x34\0\0\0\0\0\x08\x15\0\0\0\0\0\0\0\x02\0\0\x04\x04\0\0\0\
\xa2\x34\0\0\x9c\x01\0\0\0\0\0\0\xac\x34\0\0\x1e\0\0\0\x10\0\0\0\xb4\x34\0\0\0\
\0\0\x08\x1e\0\0\0\0\0\0\0\0\0\0\x09\x1a\0\0\0\0\0\0\0\x02\0\0\x05\x10\0\0\0\
\xbb\x34\0\0\xbf\0\0\0\0\0\0\0\xc9\x34\0\0\xbf\0\0\0\0\0\0\0\0\0\0\0\0\0\0\x02\
\xed\x03\0\0\xdb\x34\0\0\0\0\0\x08\xa1\x01\0\0\0\0\0\0\x01\0\0\x04\x08\0\0\0\
\xea\x34\0\0\xa2\x01\0\0\0\0\0\0\0\0\0\0\0\0\0\x02\x2a\x02\0\0\xee\x34\0\0\x01\
\0\0\x04\x10\0\0\0\xf7\x34\0\0\xa4\x01\0\0\0\0\0\0\0\0\0\0\x03\0\0\x05\x10\0\0\
\0\xfd\x34\0\0\xa5\x01\0\0\0\0\0\0\x06\x35\0\0\xa6\x01\0\0\0\0\0\0\x10\x35\0\0\
\xa7\x01\0\0\0\0\0\0\0\0\0\0\0\0\0\x03\0\0\0\0\x19\0\0\0\x04\0\0\0\x10\0\0\0\0\
\0\0\0\0\0\0\x03\0\0\0\0\x9c\x01\0\0\x04\0\0\0\x08\0\0\0\0\0\0\0\0\0\0\x03\0\0\
\0\0\x96\x01\0\0\x04\0\0\0\x04\0\0\0\0\0\0\0\x03\0\0\x05\x08\0\0\0\x1a\x35\0\0\
\x55\0\0\0\0\0\0\0\x24\x35\0\0\x8d\x01\0\0\0\0\0\0\x31\x35\0\0\xa9\x01\0\0\0\0\
\0\0\0\0\0\0\0\0\0\x02\x52\x02\0\0\0\0\0\0\0\0\0\x03\0\0\0\0\x02\0\0\0\x04\0\0\
\0\0\0\0\0\0\0\0\0\x02\0\0\x05\x10\0\0\0\x3b\x35\0\0\xbf\0\0\0\0\0\0\0\x44\x35\
\0\0\xac\x01\0\0\0\0\0\0\x53\x35\0\0\x02\0\0\x04\x10\0\0\0\x5e\x11\0\0\xad\x01\
\0\0\0\0\0\0\x62\x19\0\0\xae\x01\0\0\x40\0\0\0\0\0\0\0\0\0\0\x02\xac\x01\0\0\0\
\0\0\0\0\0\0\x02\xad\x01\0\0\0\0\0\0\x03\0\0\x05\x04\0\0\0\x64\x35\0\0\x02\0\0\
\0\0\0\0\0\x75\x35\0\0\x14\0\0\0\0\0\0\0\x81\x35\0\0\x14\0\0\0\0\0\0\0\0\0\0\0\
\x03\0\0\x05\x04\0\0\0\x90\x35\0\0\x14\0\0\0\0\0\0\0\x9b\x35\0\0\x14\0\0\0\0\0\
\0\0\xac\x35\0\0\x14\0\0\0\0\0\0\0\xbb\x35\0\0\0\0\0\x08\xb2\x01\0\0\0\0\0\0\
\x03\0\0\x04\x20\0\0\0\xc9\x35\0\0\xfd\0\0\0\0\0\0\0\xcf\x35\0\0\x02\0\0\0\x20\
\0\0\0\x60\x2d\0\0\x52\x01\0\0\x40\0\0\0\xd5\x35\0\0\x04\0\0\x04\x18\0\0\0\x5e\
\x11\0\0\xb4\x01\0\0\0\0\0\0\x7c\x12\0\0\xb4\x01\0\0\x40\0\0\0\xe2\x35\0\0\x15\
\0\0\0\x80\0\0\0\x68\x19\0\0\xfd\0\0\0\xa0\0\0\0\0\0\0\0\0\0\0\x02\xdc\x01\0\0\
\0\0\0\0\x04\0\0\x04\x18\0\0\0\xe7\x35\0\0\x5d\0\0\0\0\0\0\0\x30\x28\0\0\x02\0\
\0\0\x20\0\0\0\xc2\x28\0\0\xb4\x01\0\0\x40\0\0\0\xc2\x19\0\0\xb4\x01\0\0\x80\0\
\0\0\0\0\0\0\0\0\0\x02\x28\x04\0\0\0\0\0\0\x02\0\0\x05\x08\0\0\0\xf2\x35\0\0\
\xb8\x01\0\0\0\0\0\0\xf8\x35\0\0\xb8\x01\0\0\0\0\0\0\0\0\0\0\0\0\0\x02\x90\x01\
\0\0\0\0\0\0\0\0\0\x02\xba\x01\0\0\x02\x36\0\0\x1b\0\0\x04\x20\x03\0\0\x0e\x36\
\0\0\xa0\x01\0\0\0\0\0\0\x15\x36\0\0\xbf\0\0\0\x40\0\0\0\x1b\x36\0\0\xbf\0\0\0\
\xc0\0\0\0\x68\x19\0\0\xbb\x01\0\0\x40\x01\0\0\x21\x36\0\0\x5b\0\0\0\x80\x01\0\
\0\x28\x36\0\0\x14\0\0\0\xa0\x01\0\0\x2c\x36\0\0\x29\x01\0\0\xc0\x01\0\0\x32\
\x36\0\0\x5d\0\0\0\0\x03\0\0\x38\x36\0\0\x14\0\0\0\x20\x03\0\0\x95\x1e\0\0\x14\
\0\0\0\x40\x03\0\0\x41\x36\0\0\x14\0\0\0\x60\x03\0\0\x47\x36\0\0\xc2\x01\0\0\
\x80\x03\0\0\x4c\x36\0\0\xc3\x01\0\0\xc0\x03\0\0\x55\x36\0\0\xc6\x01\0\0\x80\
\x05\0\0\x59\x36\0\0\xc7\x01\0\0\x80\x07\0\0\x60\x36\0\0\xc8\x01\0\0\x80\x08\0\
\0\x65\x36\0\0\xc9\x01\0\0\x40\x09\0\0\x6a\x36\0\0\x33\0\0\0\x80\x0b\0\0\x19\0\
\0\0\x18\0\0\0\x88\x0b\0\0\x79\x36\0\0\x18\0\0\0\x90\x0b\0\0\xcc\x06\0\0\x18\0\
\0\0\x98\x0b\0\0\x80\x36\0\0\x18\0\0\0\xa0\x0b\0\0\x67\0\0\0\x1d\0\0\0\xb0\x0b\
\0\0\x5c\x10\0\0\xca\x01\0\0\xc0\x0b\0\0\x88\x36\0\0\xcd\x01\0\0\0\x0c\0\0\x91\
\x36\0\0\xbf\0\0\0\0\x18\0\0\x91\x1b\0\0\xe5\0\0\0\x80\x18\0\0\xa4\x36\0\0\0\0\
\0\x08\xbc\x01\0\0\0\0\0\0\x01\0\0\x04\x08\0\0\0\x89\x19\0\0\xbd\x01\0\0\0\0\0\
\0\xad\x36\0\0\0\0\0\x08\xbe\x01\0\0\xbb\x36\0\0\x02\0\0\x04\x08\0\0\0\0\0\0\0\
\xbf\x01\0\0\0\0\0\0\x2d\x1d\0\0\xc6\0\0\0\x20\0\0\0\0\0\0\0\x02\0\0\x05\x04\0\
\0\0\xc3\x36\0\0\x5d\0\0\0\0\0\0\0\0\0\0\0\xc0\x01\0\0\0\0\0\0\0\0\0\0\x02\0\0\
\x04\x04\0\0\0\xc8\x36\0\0\x18\0\0\0\0\0\0\0\xd0\x36\0\0\xc1\x01\0\0\x08\0\0\0\
\0\0\0\0\0\0\0\x03\0\0\0\0\x18\0\0\0\x04\0\0\0\x03\0\0\0\xd9\x36\0\0\x02\0\0\
\x04\x08\0\0\0\xe3\x36\0\0\x15\0\0\0\0\0\0\0\xe5\x36\0\0\x15\0\0\0\x20\0\0\0\
\xe7\x36\0\0\x0c\0\0\x04\x38\0\0\0\xf5\x36\0\0\xc4\x01\0\0\0\0\0\0\xfb\x36\0\0\
\xc4\x01\0\0\x80\0\0\0\x01\x37\0\0\x9c\x01\0\0\0\x01\0\0\x07\x37\0\0\x9c\x01\0\
\0\x10\x01\0\0\x12\x37\0\0\x9c\x01\0\0\x20\x01\0\0\x18\x37\0\0\x9c\x01\0\0\x30\
\x01\0\0\x67\0\0\0\x1e\0\0\0\x40\x01\0\0\x23\x37\0\0\x19\0\0\0\x50\x01\0\0\x2f\
\x37\0\0\x19\0\0\0\x58\x01\0\0\x3b\x37\0\0\x19\0\0\0\x60\x01\0\0\x41\x37\0\0\
\x02\0\0\0\x80\x01\0\0\x12\x1b\0\0\xd7\0\0\0\xa0\x01\0\0\x49\x37\0\0\0\0\0\x08\
\xc5\x01\0\0\0\0\0\0\x03\0\0\x05\x10\0\0\0\x58\x37\0\0\x96\x01\0\0\0\0\0\0\x5b\
\x37\0\0\xa7\x01\0\0\0\0\0\0\x5e\x37\0\0\xa3\x01\0\0\0\0\0\0\x62\x37\0\0\x08\0\
\0\x04\x40\0\0\0\x74\x37\0\0\x22\0\0\0\0\0\0\0\x84\x37\0\0\x22\0\0\0\x40\0\0\0\
\x94\x37\0\0\x22\0\0\0\x80\0\0\0\xa6\x37\0\0\x22\0\0\0\xc0\0\0\0\xb8\x37\0\0\
\x22\0\0\0\0\x01\0\0\xd1\x37\0\0\x22\0\0\0\x40\x01\0\0\xea\x37\0\0\x22\0\0\0\
\x80\x01\0\0\x03\x38\0\0\x22\0\0\0\xc0\x01\0\0\x1c\x38\0\0\x04\0\0\x04\x20\0\0\
\0\x2e\x38\0\0\x22\0\0\0\0\0\0\0\x34\x38\0\0\x22\0\0\0\x40\0\0\0\x3c\x38\0\0\
\x22\0\0\0\x80\0\0\0\x45\x38\0\0\x22\0\0\0\xc0\0\0\0\x4e\x38\0\0\x02\0\0\x04\
\x18\0\0\0\x65\x38\0\0\x6a\0\0\0\0\0\0\0\x69\x38\0\0\x18\0\0\0\x80\0\0\0\x6e\
\x38\0\0\x03\0\0\x04\x48\0\0\0\x80\x38\0\0\xb3\x01\0\0\0\0\0\0\x8b\x38\0\0\x29\
\x01\0\0\xc0\0\0\0\x24\x13\0\0\x55\0\0\0\0\x02\0\0\0\0\0\0\0\0\0\x02\x17\x04\0\
\0\x96\x38\0\0\x0b\0\0\x04\x40\0\0\0\xd9\x22\0\0\xcc\x01\0\0\0\0\0\0\xfb\x36\0\
\0\xc4\x01\0\0\xc0\0\0\0\xa0\x38\0\0\x1f\0\0\0\x40\x01\0\0\xad\x38\0\0\x14\0\0\
\0\x60\x01\0\0\xcb\x03\0\0\x18\0\0\0\x80\x01\0\0\xb3\x38\0\0\x18\0\0\0\x88\x01\
\0\0\xb9\x38\0\0\x18\0\0\0\x90\x01\0\0\xc2\x38\0\0\x18\0\0\0\x98\x01\0\0\xca\
\x38\0\0\x14\0\0\0\xa0\x01\0\0\xd1\x38\0\0\x14\0\0\0\xc0\x01\0\0\xd8\x38\0\0\
\x14\0\0\0\xe0\x01\0\0\xdf\x38\0\0\x03\0\0\x04\x18\0\0\0\xf5\x36\0\0\xc4\x01\0\
\0\0\0\0\0\xe7\x38\0\0\x96\x01\0\0\x80\0\0\0\x3b\x37\0\0\x19\0\0\0\xa0\0\0\0\0\
\0\0\0\0\0\0\x03\0\0\0\0\xcb\x01\0\0\x04\0\0\0\x06\0\0\0\0\0\0\0\0\0\0\x03\0\0\
\0\0\xb9\x01\0\0\x04\0\0\0\x02\0\0\0\0\0\0\0\0\0\0\x02\x23\x02\0\0\0\0\0\0\x02\
\0\0\x05\x08\0\0\0\xeb\x38\0\0\xb4\x01\0\0\0\0\0\0\xf8\x38\0\0\xcf\0\0\0\0\0\0\
\0\x06\x39\0\0\0\0\0\x08\x21\0\0\0\x18\x39\0\0\0\0\0\x08\x16\0\0\0\0\0\0\0\0\0\
\0\x02\x89\x01\0\0\x1e\x39\0\0\x02\0\0\x04\x10\0\0\0\x85\x25\0\0\xd5\x01\0\0\0\
\0\0\0\x2f\x39\0\0\x14\0\0\0\x40\0\0\0\0\0\0\0\0\0\0\x02\xd5\x03\0\0\0\0\0\0\0\
\0\0\x02\xd7\x01\0\0\x37\x39\0\0\0\0\0\x07\0\0\0\0\0\0\0\0\0\0\0\x02\xd9\x01\0\
\0\0\0\0\0\x01\0\0\x0d\0\0\0\0\0\0\0\0\x8d\x01\0\0\0\0\0\0\0\0\0\x02\xdb\x01\0\
\0\0\0\0\0\x02\0\0\x0d\x02\0\0\0\0\0\0\0\x8d\x01\0\0\0\0\0\0\xb4\x01\0\0\x42\
\x39\0\0\x4c\0\0\x84\xe0\0\0\0\0\0\0\0\xdd\x01\0\0\0\0\0\0\0\0\0\0\xe1\x01\0\0\
\xc0\0\0\0\0\0\0\0\xe2\x01\0\0\0\x01\0\0\x4a\x39\0\0\xe3\x01\0\0\x40\x01\0\0\0\
\0\0\0\xe4\x01\0\0\xc0\x02\0\0\x4d\x39\0\0\x55\0\0\0\x40\x03\0\0\x30\x28\0\0\
\x16\0\0\0\x80\x03\0\0\x53\x39\0\0\x16\0\0\0\xa0\x03\0\0\x5c\x39\0\0\x1e\0\0\0\
\xc0\x03\0\0\x64\x39\0\0\x1e\0\0\0\xd0\x03\0\0\x6c\x39\0\0\x1e\0\0\0\xe0\x03\0\
\0\x7a\x39\0\0\xe8\x01\0\0\xf0\x03\0\0\x8a\x39\0\0\x19\0\0\0\xf0\x03\0\x01\x91\
\x39\0\0\x19\0\0\0\xf1\x03\0\x01\x97\x39\0\0\x19\0\0\0\xf2\x03\0\x02\x9e\x39\0\
\0\x19\0\0\0\xf4\x03\0\x01\xa5\x39\0\0\x19\0\0\0\xf5\x03\0\x01\xaf\x39\0\0\x19\
\0\0\0\xf6\x03\0\x01\xba\x39\0\0\x19\0\0\0\xf7\x03\0\x01\xc5\x39\0\0\x19\0\0\0\
\xf8\x03\0\0\xd7\x39\0\0\xe9\x01\0\0\0\x04\0\0\xe5\x39\0\0\xe8\x01\0\0\0\x04\0\
\0\xf7\x39\0\0\x19\0\0\0\0\x04\0\x03\0\x3a\0\0\x19\0\0\0\x03\x04\0\x01\x0a\x3a\
\0\0\x19\0\0\0\x04\x04\0\x01\x13\x3a\0\0\x19\0\0\0\x05\x04\0\x02\x1d\x3a\0\0\
\x19\0\0\0\x07\x04\0\x01\x26\x3a\0\0\x19\0\0\0\x08\x04\0\x01\x2e\x3a\0\0\x19\0\
\0\0\x09\x04\0\x01\x36\x3a\0\0\x19\0\0\0\x0a\x04\0\x01\x47\x3a\0\0\x19\0\0\0\
\x0b\x04\0\x01\x52\x3a\0\0\x19\0\0\0\x0c\x04\0\x01\x59\x3a\0\0\x19\0\0\0\x0d\
\x04\0\x01\x67\x3a\0\0\x19\0\0\0\x0e\x04\0\x01\x76\x3a\0\0\x19\0\0\0\x0f\x04\0\
\x01\x81\x3a\0\0\xe8\x01\0\0\x10\x04\0\0\x9b\x3a\0\0\x19\0\0\0\x10\x04\0\x01\
\xa8\x3a\0\0\x19\0\0\0\x11\x04\0\x01\xb9\x3a\0\0\x19\0\0\0\x12\x04\0\x02\xc4\
\x3a\0\0\x19\0\0\0\x14\x04\0\x01\xd2\x3a\0\0\x19\0\0\0\x15\x04\0\x01\xe6\x3a\0\
\0\x19\0\0\0\x16\x04\0\x02\xf5\x3a\0\0\x19\0\0\0\x18\x04\0\x01\x03\x3b\0\0\x19\
\0\0\0\x19\x04\0\x01\x17\x3b\0\0\x19\0\0\0\x1a\x04\0\x01\x27\x3b\0\0\x19\0\0\0\
\x1b\x04\0\x01\x38\x3b\0\0\x19\0\0\0\x1c\x04\0\x01\x46\x3b\0\0\x19\0\0\0\x1d\
\x04\0\x01\x51\x3b\0\0\x19\0\0\0\x1e\x04\0\x01\x5a\x3b\0\0\x19\0\0\0\x1f\x04\0\
\x01\x67\x3b\0\0\x1e\0\0\0\x20\x04\0\0\0\0\0\0\xea\x01\0\0\x40\x04\0\0\x38\x36\
\0\0\x15\0\0\0\x60\x04\0\0\x70\x3b\0\0\x02\0\0\0\x80\x04\0\0\x78\x3b\0\0\x15\0\
\0\0\xa0\x04\0\0\x7d\x3b\0\0\x9c\x01\0\0\xc0\x04\0\0\x88\x3b\0\0\x1e\0\0\0\xd0\
\x04\0\0\0\0\0\0\xed\x01\0\0\xe0\x04\0\0\x91\x3b\0\0\x15\0\0\0\0\x05\0\0\0\0\0\
\0\xee\x01\0\0\x20\x05\0\0\0\0\0\0\xef\x01\0\0\x40\x05\0\0\x99\x3b\0\0\x1e\0\0\
\0\x50\x05\0\0\xb0\x3b\0\0\x1e\0\0\0\x60\x05\0\0\xc5\x3b\0\0\x1e\0\0\0\x70\x05\
\0\0\x6e\0\0\0\x9c\x01\0\0\x80\x05\0\0\xd6\x3b\0\0\x1e\0\0\0\x90\x05\0\0\xe7\
\x3b\0\0\x1e\0\0\0\xa0\x05\0\0\xf6\x3b\0\0\x1e\0\0\0\xb0\x05\0\0\x01\x3c\0\0\
\xe9\x01\0\0\xc0\x05\0\0\xc2\x19\0\0\xf0\x01\0\0\xc0\x05\0\0\x0d\x3c\0\0\xf0\
\x01\0\0\xe0\x05\0\0\xc2\x28\0\0\xf1\x01\0\0\0\x06\0\0\x11\x3c\0\0\xf1\x01\0\0\
\x40\x06\0\0\x16\x3c\0\0\x16\0\0\0\x80\x06\0\0\x1f\x3c\0\0\x5b\0\0\0\xa0\x06\0\
\0\x25\x3c\0\0\xf2\x01\0\0\xc0\x06\0\0\0\0\0\0\x03\0\0\x05\x18\0\0\0\0\0\0\0\
\xde\x01\0\0\0\0\0\0\x30\x3c\0\0\x68\0\0\0\0\0\0\0\xe6\x1b\0\0\x6a\0\0\0\0\0\0\
\0\0\0\0\0\x03\0\0\x04\x18\0\0\0\x5e\x11\0\0\xb4\x01\0\0\0\0\0\0\x7c\x12\0\0\
\xb4\x01\0\0\x40\0\0\0\0\0\0\0\xdf\x01\0\0\x80\0\0\0\0\0\0\0\x02\0\0\x05\x08\0\
\0\0\x37\x3c\0\0\xe0\x01\0\0\0\0\0\0\x3b\x3c\0\0\x55\0\0\0\0\0\0\0\0\0\0\0\0\0\
\0\x02\x7b\x02\0\0\0\0\0\0\x02\0\0\x05\x08\0\0\0\x59\x2d\0\0\x8d\x01\0\0\0\0\0\
\0\x47\x3c\0\0\x02\0\0\0\0\0\0\0\0\0\0\0\x02\0\0\x05\x08\0\0\0\x45\x21\0\0\x75\
\0\0\0\0\0\0\0\x58\x3c\0\0\x21\0\0\0\0\0\0\0\0\0\0\0\0\0\0\x03\0\0\0\0\x2a\0\0\
\0\x04\0\0\0\x30\0\0\0\0\0\0\0\x03\0\0\x05\x10\0\0\0\0\0\0\0\xe5\x01\0\0\0\0\0\
\0\x66\x3c\0\0\x6a\0\0\0\0\0\0\0\x79\x3c\0\0\x55\0\0\0\0\0\0\0\0\0\0\0\x02\0\0\
\x04\x10\0\0\0\x83\x3c\0\0\x55\0\0\0\0\0\0\0\x8f\x3c\0\0\xe6\x01\0\0\x40\0\0\0\
\0\0\0\0\0\0\0\x02\xe7\x01\0\0\0\0\0\0\x01\0\0\x0d\0\0\0\0\0\0\0\0\xb4\x01\0\0\
\0\0\0\0\0\0\0\x03\0\0\0\0\x19\0\0\0\x04\0\0\0\0\0\0\0\0\0\0\0\0\0\0\x03\0\0\0\
\0\x15\0\0\0\x04\0\0\0\0\0\0\0\0\0\0\0\x02\0\0\x05\x04\0\0\0\x9a\x3c\0\0\xeb\
\x01\0\0\0\0\0\0\0\0\0\0\xec\x01\0\0\0\0\0\0\x9f\x3c\0\0\0\0\0\x08\x15\0\0\0\0\
\0\0\0\x02\0\0\x04\x04\0\0\0\xa6\x3c\0\0\x1e\0\0\0\0\0\0\0\xb1\x3c\0\0\x1e\0\0\
\0\x10\0\0\0\0\0\0\0\x02\0\0\x05\x04\0\0\0\xbd\x3c\0\0\x16\0\0\0\0\0\0\0\xc5\
\x3c\0\0\x16\0\0\0\0\0\0\0\0\0\0\0\x02\0\0\x05\x04\0\0\0\x47\x36\0\0\x15\0\0\0\
\0\0\0\0\xd0\x3c\0\0\x15\0\0\0\0\0\0\0\0\0\0\0\x02\0\0\x05\x02\0\0\0\xe2\x3c\0\
\0\x9c\x01\0\0\0\0\0\0\xf1\x3c\0\0\x19\0\0\0\0\0\0\0\xff\x3c\0\0\0\0\0\x08\x16\
\0\0\0\0\0\0\0\0\0\0\x02\x1a\0\0\0\0\0\0\0\0\0\0\x02\x44\x04\0\0\0\0\0\0\0\0\0\
\x02\x46\x04\0\0\xd3\x42\0\0\x02\0\0\x04\x90\x03\0\0\0\0\0\0\xf5\x01\0\0\0\0\0\
\0\xdd\x42\0\0\x20\x02\0\0\x80\x1c\0\0\0\0\0\0\x37\0\0\x04\x90\x03\0\0\x85\x24\
\0\0\x96\0\0\0\0\0\0\0\xe8\x42\0\0\xcf\0\0\0\x40\0\0\0\xee\x42\0\0\x21\0\0\0\
\x80\0\0\0\xfe\x42\0\0\xf6\x01\0\0\xc0\0\0\0\x10\x43\0\0\x55\0\0\0\0\x01\0\0\
\x1a\x43\0\0\x55\0\0\0\x40\x01\0\0\x2b\x43\0\0\x55\0\0\0\x80\x01\0\0\x35\x43\0\
\0\x55\0\0\0\xc0\x01\0\0\x44\x43\0\0\x0a\x02\0\0\0\x02\0\0\x48\x43\0\0\x5d\0\0\
\0\x40\x02\0\0\x59\x43\0\0\x5d\0\0\0\x60\x02\0\0\x62\x43\0\0\x5d\0\0\0\x80\x02\
\0\0\x6b\x43\0\0\xa3\0\0\0\xc0\x02\0\0\x7a\x43\0\0\x02\0\0\0\0\x03\0\0\x84\x43\
\0\0\xfd\0\0\0\x20\x03\0\0\x94\x43\0\0\x0e\x02\0\0\x40\x03\0\0\x9e\x43\0\0\x6a\
\0\0\0\x80\x04\0\0\xa5\x43\0\0\x55\0\0\0\0\x05\0\0\xb1\x43\0\0\x55\0\0\0\x40\
\x05\0\0\xbc\x43\0\0\x55\0\0\0\x80\x05\0\0\xc5\x43\0\0\x55\0\0\0\xc0\x05\0\0\
\xcf\x43\0\0\xa4\0\0\0\0\x06\0\0\xd9\x43\0\0\x55\0\0\0\x40\x06\0\0\xe1\x43\0\0\
\x55\0\0\0\x80\x06\0\0\xe9\x43\0\0\x55\0\0\0\xc0\x06\0\0\xf2\x43\0\0\x55\0\0\0\
\0\x07\0\0\xfc\x43\0\0\x10\x01\0\0\x40\x07\0\0\x0e\x44\0\0\xfd\0\0\0\x60\x07\0\
\0\x17\x44\0\0\x55\0\0\0\x80\x07\0\0\x22\x44\0\0\x55\0\0\0\xc0\x07\0\0\x2b\x44\
\0\0\x55\0\0\0\0\x08\0\0\x36\x44\0\0\x55\0\0\0\x40\x08\0\0\x3f\x44\0\0\x55\0\0\
\0\x80\x08\0\0\x49\x44\0\0\x55\0\0\0\xc0\x08\0\0\x4d\x44\0\0\x55\0\0\0\0\x09\0\
\0\x59\x44\0\0\x55\0\0\0\x40\x09\0\0\x63\x44\0\0\x55\0\0\0\x80\x09\0\0\x6b\x44\
\0\0\x55\0\0\0\xc0\x09\0\0\x75\x44\0\0\x55\0\0\0\0\x0a\0\0\x7d\x44\0\0\x0f\x02\
\0\0\x40\x0a\0\0\x94\x09\0\0\x10\x02\0\0\xc0\x15\0\0\x88\x44\0\0\x12\x02\0\0\
\xc0\x16\0\0\x8f\x44\0\0\x13\x02\0\0\0\x17\0\0\xcc\x06\0\0\x55\0\0\0\x40\x18\0\
\0\x97\x44\0\0\x15\x02\0\0\x80\x18\0\0\xa2\x44\0\0\xfd\0\0\0\xc0\x18\0\0\xad\
\x44\0\0\x16\x02\0\0\0\x19\0\0\x3a\x04\0\0\xe1\0\0\0\x40\x19\0\0\xb9\x44\0\0\
\xa2\0\0\0\x80\x19\0\0\xc2\x44\0\0\x17\x02\0\0\xc0\x19\0\0\xd9\x44\0\0\x5d\0\0\
\0\0\x1a\0\0\xeb\x44\0\0\x18\x02\0\0\x40\x1a\0\0\xf9\x44\0\0\x1a\x02\0\0\x80\
\x1a\0\0\x08\x45\0\0\x14\0\0\0\x80\x1b\0\0\x0e\x45\0\0\x1f\x02\0\0\xc0\x1b\0\0\
\0\0\0\0\0\0\0\x02\xf7\x01\0\0\0\0\0\0\x05\0\0\x0d\x55\0\0\0\0\0\0\0\xa2\0\0\0\
\0\0\0\0\x55\0\0\0\0\0\0\0\x55\0\0\0\0\0\0\0\x55\0\0\0\0\0\0\0\x55\0\0\0\x54\
\x2d\0\0\x15\0\0\x04\xf0\0\0\0\x16\x45\0\0\xf9\x01\0\0\0\0\0\0\x1a\x45\0\0\xfa\
\x01\0\0\x80\0\0\0\x21\x45\0\0\xfd\x01\0\0\x40\x01\0\0\x29\x45\0\0\xfe\x01\0\0\
\x80\x01\0\0\x2e\x45\0\0\xfd\0\0\0\xc0\x01\0\0\x35\x45\0\0\0\x02\0\0\xe0\x01\0\
\0\x42\x45\0\0\xa3\0\0\0\0\x02\0\0\x4a\x45\0\0\x16\0\0\0\x40\x02\0\0\x52\x45\0\
\0\x01\x02\0\0\x60\x02\0\0\x59\x45\0\0\x16\x01\0\0\x80\x02\0\0\x64\x45\0\0\x02\
\x02\0\0\x80\x03\0\0\x6a\x45\0\0\x04\x02\0\0\xc0\x03\0\0\x72\x45\0\0\xd1\0\0\0\
\xc0\x04\0\0\x79\x45\0\0\x06\x02\0\0\0\x05\0\0\x7e\x45\0\0\x21\0\0\0\0\x06\0\0\
\x88\x45\0\0\x5a\0\0\0\x40\x06\0\0\x93\x45\0\0\x5a\0\0\0\x80\x06\0\0\xa0\x45\0\
\0\x07\x02\0\0\xc0\x06\0\0\xa5\x45\0\0\x08\x02\0\0\0\x07\0\0\xaf\x45\0\0\x09\
\x02\0\0\x40\x07\0\0\xb8\x45\0\0\x09\x02\0\0\x60\x07\0\0\0\0\0\0\x02\0\0\x05\
\x10\0\0\0\xc1\x45\0\0\x60\0\0\0\0\0\0\0\xca\x45\0\0\xe5\0\0\0\0\0\0\0\xd5\x45\
\0\0\x03\0\0\x04\x18\0\0\0\xda\x45\0\0\xfb\x01\0\0\0\0\0\0\xde\x45\0\0\xfc\x01\
\0\0\x40\0\0\0\xe5\x45\0\0\x02\0\0\0\x80\0\0\0\0\0\0\0\0\0\0\x02\xd2\x03\0\0\0\
\0\0\0\0\0\0\x02\xd3\x03\0\0\0\0\0\0\0\0\0\x02\xd6\x03\0\0\0\0\0\0\0\0\0\x02\
\xff\x01\0\0\0\0\0\0\0\0\0\x0a\xe8\x03\0\0\xf0\x45\0\0\x06\0\0\x06\x04\0\0\0\
\xf8\x45\0\0\0\0\0\0\x0b\x46\0\0\x01\0\0\0\x1b\x46\0\0\x02\0\0\0\x2c\x46\0\0\
\x03\0\0\0\x3e\x46\0\0\x04\0\0\0\x4e\x46\0\0\x05\0\0\0\x61\x46\0\0\0\0\0\x08\
\x16\0\0\0\x69\x46\0\0\0\0\0\x08\x03\x02\0\0\x70\x46\0\0\0\0\0\x08\x31\0\0\0\
\x80\x46\0\0\x06\0\0\x04\x20\0\0\0\x68\x19\0\0\xbb\x01\0\0\0\0\0\0\x2e\x03\0\0\
\xbe\0\0\0\x40\0\0\0\x8c\x46\0\0\x05\x02\0\0\x80\0\0\0\x70\x03\0\0\xd4\0\0\0\
\xa0\0\0\0\x64\x1a\0\0\xd4\0\0\0\xc0\0\0\0\x95\x46\0\0\x02\0\0\0\xe0\0\0\0\x8c\
\x46\0\0\x05\0\0\x06\x04\0\0\0\x9c\x46\0\0\0\0\0\0\xa8\x46\0\0\x01\0\0\0\xb5\
\x46\0\0\x02\0\0\0\xc2\x46\0\0\x03\0\0\0\xce\x46\0\0\x04\0\0\0\xda\x46\0\0\x06\
\0\0\x04\x20\0\0\0\xe8\x46\0\0\x55\0\0\0\0\0\0\0\xda\x1e\0\0\x16\0\0\0\x40\0\0\
\0\xee\x46\0\0\x16\0\0\0\x60\0\0\0\xf9\x46\0\0\x16\0\0\0\x80\0\0\0\x02\x47\0\0\
\x16\0\0\0\xa0\0\0\0\x0c\x47\0\0\x02\x02\0\0\xc0\0\0\0\0\0\0\0\0\0\0\x02\x87\0\
\0\0\0\0\0\0\0\0\0\x02\x0a\x03\0\0\x15\x47\0\0\0\0\0\x08\x14\0\0\0\0\0\0\0\0\0\
\0\x02\x0b\x02\0\0\x1e\x47\0\0\0\0\0\x08\x0c\x02\0\0\0\0\0\0\x01\0\0\x04\x08\0\
\0\0\x44\x43\0\0\x0d\x02\0\0\0\0\0\0\x24\x47\0\0\0\0\0\x08\x21\0\0\0\x2d\x47\0\
\0\x05\0\0\x04\x28\0\0\0\xee\x10\0\0\xa3\0\0\0\0\0\0\0\x27\x1d\0\0\xa3\0\0\0\
\x40\0\0\0\x37\x1d\0\0\x17\x01\0\0\x80\0\0\0\x2d\x1d\0\0\xc4\0\0\0\xa0\0\0\0\
\x3b\x1d\0\0\x6a\0\0\0\xc0\0\0\0\0\0\0\0\0\0\0\x03\0\0\0\0\x55\0\0\0\x04\0\0\0\
\x2e\0\0\0\x3a\x47\0\0\x01\0\0\x04\x20\0\0\0\xee\x10\0\0\x11\x02\0\0\0\0\0\0\0\
\0\0\0\0\0\0\x03\0\0\0\0\xa3\0\0\0\x04\0\0\0\x04\0\0\0\0\0\0\0\0\0\0\x02\xdf\
\x03\0\0\x46\x47\0\0\0\0\0\x08\x14\x02\0\0\0\0\0\0\x05\0\0\x04\x28\0\0\0\xd9\
\x22\0\0\xa4\0\0\0\0\0\0\0\x53\x47\0\0\x5a\0\0\0\x40\0\0\0\x40\x24\0\0\x5b\0\0\
\0\x80\0\0\0\x5b\x47\0\0\x5a\0\0\0\xc0\0\0\0\xcc\x06\0\0\x55\0\0\0\0\x01\0\0\0\
\0\0\0\0\0\0\x02\x64\x04\0\0\0\0\0\0\0\0\0\x02\x65\x04\0\0\0\0\0\0\0\0\0\x02\
\x66\x04\0\0\xeb\x44\0\0\x01\0\0\x04\x08\0\0\0\x60\x47\0\0\x19\x02\0\0\0\0\0\0\
\0\0\0\0\0\0\0\x02\x67\x04\0\0\x69\x47\0\0\x03\0\0\x04\x20\0\0\0\x11\x3c\0\0\
\xa3\0\0\0\0\0\0\0\xea\x1e\0\0\x6a\0\0\0\x40\0\0\0\xa3\x1b\0\0\x1b\x02\0\0\xc0\
\0\0\0\x75\x47\0\0\0\0\0\x08\x1c\x02\0\0\0\0\0\0\0\0\0\x02\x1d\x02\0\0\0\0\0\0\
\x01\0\0\x0d\0\0\0\0\0\0\0\0\x1e\x02\0\0\0\0\0\0\0\0\0\x02\x1a\x02\0\0\0\0\0\0\
\x02\0\0\x04\x18\0\0\0\xe6\x1b\0\0\x6a\0\0\0\0\0\0\0\x81\x47\0\0\x55\0\0\0\x80\
\0\0\0\0\0\0\0\0\0\0\x03\0\0\0\0\x55\0\0\0\x04\0\0\0\0\0\0\0\0\0\0\0\x01\0\0\
\x0d\x02\0\0\0\x1b\x05\0\0\x50\0\0\0\xc7\x49\0\0\x01\0\0\x0c\x21\x02\0\0\x7c\
\x4b\0\0\x13\0\0\x04\x70\0\0\0\x37\x3c\0\0\xe0\x01\0\0\0\0\0\0\x5c\x2d\0\0\x24\
\x02\0\0\x40\0\0\0\x86\x4b\0\0\x55\0\0\0\x80\0\0\0\x65\x14\0\0\x55\0\0\0\xc0\0\
\0\0\x8f\x4b\0\0\x25\x02\0\0\0\x01\0\0\x94\x4b\0\0\x26\x02\0\0\x40\x01\0\0\x9a\
\x4b\0\0\x28\x02\0\0\x80\x01\0\0\xcc\x06\0\0\x1f\0\0\0\xc0\x01\0\0\xa1\x4b\0\0\
\x8c\x01\0\0\xd0\x01\0\0\xaa\x4b\0\0\x1f\0\0\0\xe0\x01\0\0\xb5\x4b\0\0\x1f\0\0\
\0\xf0\x01\0\0\xc1\x4b\0\0\x5d\0\0\0\0\x02\0\0\xca\x4b\0\0\x02\0\0\0\x20\x02\0\
\0\xd0\x4b\0\0\x55\0\0\0\x40\x02\0\0\xd8\x4b\0\0\x9d\x03\0\0\x80\x02\0\0\x95\
\x1b\0\0\xe5\0\0\0\xc0\x02\0\0\xe1\x4b\0\0\x8c\x01\0\0\x40\x03\0\0\xe7\x4b\0\0\
\x8c\x01\0\0\x50\x03\0\0\xed\x4b\0\0\x15\0\0\0\x60\x03\0\0\0\0\0\0\0\0\0\x02\
\x6c\x02\0\0\0\0\0\0\0\0\0\x02\x16\x04\0\0\0\0\0\0\0\0\0\x02\x27\x02\0\0\0\0\0\
\0\x01\0\0\x0d\x02\0\0\0\0\0\0\0\xb4\x01\0\0\0\0\0\0\0\0\0\x02\x29\x02\0\0\0\0\
\0\0\x03\0\0\x0d\x02\0\0\0\0\0\0\0\xa2\x01\0\0\0\0\0\0\x8d\x01\0\0\0\0\0\0\xb4\
\x01\0\0\xea\x34\0\0\x2b\0\0\x04\0\x0d\0\0\xf6\x4b\0\0\x5b\0\0\0\0\0\0\0\xfe\
\x4b\0\0\xfd\0\0\0\x20\0\0\0\x0d\x4c\0\0\x16\0\0\0\x40\0\0\0\x1d\x4c\0\0\x16\0\
\0\0\x60\0\0\0\x41\x37\0\0\x02\0\0\0\x80\0\0\0\x2a\x4c\0\0\xfd\0\0\0\xa0\0\0\0\
\x34\x4c\0\0\x5d\0\0\0\xc0\0\0\0\xe6\x1b\0\0\x6a\0\0\0\0\x01\0\0\x3f\x4c\0\0\
\x6a\0\0\0\x80\x01\0\0\x49\x4c\0\0\x60\0\0\0\0\x02\0\0\x56\x4c\0\0\x2b\x02\0\0\
\x40\x02\0\0\x3a\x04\0\0\xe1\0\0\0\x80\x02\0\0\x17\x1b\0\0\xe2\0\0\0\xc0\x02\0\
\0\x61\x4c\0\0\x2c\x02\0\0\0\x03\0\0\xd6\x22\0\0\x2e\x02\0\0\xc0\x03\0\0\x6b\
\x4c\0\0\x6a\0\0\0\x80\x04\0\0\x79\x4c\0\0\x31\x02\0\0\0\x05\0\0\x82\x4c\0\0\
\x31\x02\0\0\x40\x05\0\0\x90\x4c\0\0\x32\x02\0\0\x80\x05\0\0\x98\x4c\0\0\x8d\
\x01\0\0\x80\x08\0\0\x9d\x4c\0\0\x8d\x01\0\0\xc0\x08\0\0\xa7\x4c\0\0\x3e\x02\0\
\0\0\x09\0\0\xb3\x4c\0\0\x07\x02\0\0\x40\x09\0\0\xc1\x4c\0\0\x07\x02\0\0\x80\
\x09\0\0\xd0\x4c\0\0\x3f\x02\0\0\xc0\x09\0\0\xdd\x4c\0\0\x14\0\0\0\0\x0a\0\0\
\xe6\x4c\0\0\xe0\x01\0\0\x40\x0a\0\0\xf3\x4c\0\0\x6a\0\0\0\x80\x0a\0\0\xfd\x4c\
\0\0\x41\x02\0\0\0\x0b\0\0\x02\x4d\0\0\x44\x02\0\0\0\x0c\0\0\x06\x4d\0\0\x4d\
\x02\0\0\x40\x0f\0\0\x0d\x4d\0\0\x4e\x02\0\0\x80\x10\0\0\x11\x4d\0\0\x4f\x02\0\
\0\0\x11\0\0\x19\x4d\0\0\x51\x02\0\0\0\x14\0\0\x1e\x4d\0\0\x6b\x02\0\0\0\x28\0\
\0\x23\x4d\0\0\x4a\x03\0\0\0\x3e\0\0\x26\x4d\0\0\x6b\x03\0\0\x80\x44\0\0\x29\
\x4d\0\0\xb3\x01\0\0\xc0\x48\0\0\x37\x4d\0\0\x77\x03\0\0\x80\x49\0\0\x3b\x4d\0\
\0\x78\x03\0\0\xc0\x49\0\0\x8f\x4b\0\0\x97\x03\0\0\0\x4c\0\0\x3f\x4d\0\0\x21\0\
\0\0\0\x66\0\0\x4a\x4d\0\0\x8d\x01\0\0\x40\x66\0\0\0\0\0\0\0\0\0\x02\xf7\x03\0\
\0\x54\x4d\0\0\x03\0\0\x04\x18\0\0\0\x58\x4d\0\0\x2d\x02\0\0\0\0\0\0\x5f\x4d\0\
\0\x16\0\0\0\x80\0\0\0\x68\x4d\0\0\x16\0\0\0\xa0\0\0\0\x71\x4d\0\0\x03\0\0\x04\
\x10\0\0\0\x78\x4d\0\0\xfd\0\0\0\0\0\0\0\x80\x4d\0\0\xd2\x01\0\0\x20\0\0\0\x89\
\x4d\0\0\x5a\0\0\0\x40\0\0\0\x91\x4d\0\0\x04\0\0\x04\x18\0\0\0\x9b\x4d\0\0\xa3\
\0\0\0\0\0\0\0\x5c\x2d\0\0\x2f\x02\0\0\x40\0\0\0\xa3\x4d\0\0\x16\0\0\0\x80\0\0\
\0\xee\x10\0\0\x5b\0\0\0\xa0\0\0\0\0\0\0\0\0\0\0\x02\x30\x02\0\0\0\0\0\0\0\0\0\
\x0a\xd8\x03\0\0\0\0\0\0\0\0\0\x02\xf9\x03\0\0\xa8\x4d\0\0\x02\0\0\x04\x60\0\0\
\0\xb6\x4d\0\0\x33\x02\0\0\0\0\0\0\xbe\x4d\0\0\x36\x02\0\0\x40\0\0\0\0\0\0\0\0\
\0\0\x02\x34\x02\0\0\0\0\0\0\x01\0\0\x0d\x02\0\0\0\0\0\0\0\x35\x02\0\0\0\0\0\0\
\0\0\0\x02\x32\x02\0\0\xc2\x4d\0\0\x02\0\0\x04\x58\0\0\0\xca\x4d\0\0\x37\x02\0\
\0\0\0\0\0\xd1\x4d\0\0\xcf\0\0\0\x80\x02\0\0\xd6\x4d\0\0\x08\0\0\x04\x50\0\0\0\
\0\0\0\0\x38\x02\0\0\0\0\0\0\xe7\x4d\0\0\xc2\0\0\0\xc0\0\0\0\xf5\x4d\0\0\x3a\
\x02\0\0\0\x01\0\0\xd1\x4d\0\0\x3b\x02\0\0\x40\x01\0\0\x03\x4e\0\0\x35\x02\0\0\
\x80\x01\0\0\xe0\x0a\0\0\x3c\x02\0\0\xc0\x01\0\0\x18\x14\0\0\x3d\x02\0\0\0\x02\
\0\0\x07\x4e\0\0\x87\0\0\0\x40\x02\0\0\0\0\0\0\x02\0\0\x05\x18\0\0\0\0\0\0\0\
\x39\x02\0\0\0\0\0\0\x91\x1b\0\0\xe5\0\0\0\0\0\0\0\0\0\0\0\x04\0\0\x04\x18\0\0\
\0\x0e\x4e\0\0\x3a\x02\0\0\0\0\0\0\x18\x4e\0\0\x02\0\0\0\x40\0\0\0\xee\x10\0\0\
\x02\0\0\0\x60\0\0\0\x1d\x4e\0\0\x02\0\0\0\x80\0\0\0\0\0\0\0\0\0\0\x02\xfd\x03\
\0\0\0\0\0\0\0\0\0\x02\xfe\x03\0\0\0\0\0\0\0\0\0\x02\x36\x02\0\0\0\0\0\0\0\0\0\
\x02\xff\x03\0\0\0\0\0\0\0\0\0\x02\0\x04\0\0\x22\x4e\0\0\x01\0\0\x04\x08\0\0\0\
\xc2\x28\0\0\x40\x02\0\0\0\0\0\0\0\0\0\0\0\0\0\x02\xea\x03\0\0\x34\x4e\0\0\x05\
\0\0\x04\x20\0\0\0\x3f\x4e\0\0\x42\x02\0\0\0\0\0\0\x4a\x4e\0\0\x02\0\0\0\x40\0\
\0\0\x5b\x4e\0\0\x02\0\0\0\x60\0\0\0\x73\x4e\0\0\x40\0\0\0\x80\0\0\0\x7e\x4e\0\
\0\x43\x02\0\0\xc0\0\0\0\0\0\0\0\0\0\0\x02\x37\x02\0\0\0\0\0\0\0\0\0\x02\x01\
\x04\0\0\x89\x4e\0\0\x0d\0\0\x04\x68\0\0\0\x93\x4e\0\0\x45\x02\0\0\0\0\0\0\xa1\
\x4e\0\0\x45\x02\0\0\x40\0\0\0\xb1\x4e\0\0\x46\x02\0\0\x80\0\0\0\xc0\x4e\0\0\
\x47\x02\0\0\xc0\0\0\0\xcf\x4e\0\0\x48\x02\0\0\0\x01\0\0\xde\x4e\0\0\x48\x02\0\
\0\x40\x01\0\0\xec\x4e\0\0\x48\x02\0\0\x80\x01\0\0\xff\x4e\0\0\x48\x02\0\0\xc0\
\x01\0\0\x11\x4f\0\0\x49\x02\0\0\0\x02\0\0\x21\x4f\0\0\x4a\x02\0\0\x40\x02\0\0\
\x34\x4f\0\0\x4b\x02\0\0\x80\x02\0\0\x46\x4f\0\0\x4c\x02\0\0\xc0\x02\0\0\x5b\
\x4f\0\0\x31\x02\0\0\0\x03\0\0\0\0\0\0\0\0\0\x02\x02\x04\0\0\0\0\0\0\0\0\0\x02\
\x03\x04\0\0\0\0\0\0\0\0\0\x02\x04\x04\0\0\0\0\0\0\0\0\0\x02\x05\x04\0\0\0\0\0\
\0\0\0\0\x02\x06\x04\0\0\0\0\0\0\0\0\0\x02\x07\x04\0\0\0\0\0\0\0\0\0\x02\x08\
\x04\0\0\0\0\0\0\0\0\0\x02\x09\x04\0\0\x6d\x4f\0\0\x02\0\0\x04\x28\0\0\0\x7a\
\x4f\0\0\x16\x01\0\0\0\0\0\0\x86\x4f\0\0\x87\0\0\0\0\x01\0\0\x8d\x4f\0\0\x02\0\
\0\x04\x10\0\0\0\x98\x4f\0\0\x02\0\0\0\0\0\0\0\xae\x4f\0\0\x42\x02\0\0\x40\0\0\
\0\xb2\x4f\0\0\x05\0\0\x04\x48\0\0\0\x1c\x1a\0\0\xcf\0\0\0\0\0\0\0\xc0\x4f\0\0\
\x07\x02\0\0\x40\0\0\0\xc8\x4f\0\0\x16\0\0\0\x80\0\0\0\xcc\x4f\0\0\x14\0\0\0\
\xa0\0\0\0\xde\x4f\0\0\x50\x02\0\0\xc0\0\0\0\xed\x4f\0\0\x02\0\0\x04\x30\0\0\0\
\x04\x50\0\0\x0e\x02\0\0\0\0\0\0\xc2\x28\0\0\x40\x02\0\0\x40\x01\0\0\x0a\x50\0\
\0\x83\0\0\x04\x80\x02\0\0\x15\x50\0\0\x52\x02\0\0\0\0\0\0\x23\x50\0\0\x42\x02\
\0\0\x80\x02\0\0\x2c\x50\0\0\x42\x02\0\0\xc0\x02\0\0\x36\x50\0\0\x42\x02\0\0\0\
\x03\0\0\x3f\x50\0\0\x42\x02\0\0\x40\x03\0\0\x49\x50\0\0\x42\x02\0\0\x80\x03\0\
\0\x53\x50\0\0\x55\x02\0\0\xc0\x03\0\0\x5f\x50\0\0\x55\x02\0\0\0\x04\0\0\x6c\
\x50\0\0\x56\x02\0\0\x40\x04\0\0\x75\x50\0\0\x16\x01\0\0\x80\x04\0\0\xf3\x4c\0\
\0\x57\x02\0\0\x80\x05\0\0\x7e\x50\0\0\x58\x02\0\0\xc0\x05\0\0\x87\x50\0\0\x58\
\x02\0\0\0\x06\0\0\x93\x50\0\0\x16\0\0\0\x40\x06\0\0\xaf\x50\0\0\x33\0\0\0\x60\
\x06\0\0\xc4\x50\0\0\x33\0\0\0\x68\x06\0\0\xe0\x50\0\0\x33\0\0\0\x70\x06\0\0\
\xf5\x50\0\0\x07\x02\0\0\x80\x06\0\0\x04\x51\0\0\x8d\x01\0\0\xc0\x06\0\0\x0a\
\x51\0\0\x59\x02\0\0\0\x07\0\0\x12\x51\0\0\x8d\x01\0\0\x40\x07\0\0\x21\x51\0\0\
\x5a\x02\0\0\x80\x07\0\0\x27\x51\0\0\x5b\x02\0\0\xc0\x07\0\0\x2d\x51\0\0\x18\0\
\0\0\0\x08\0\0\x49\x51\0\0\x18\0\0\0\x08\x08\0\0\x67\x51\0\0\x18\0\0\0\x10\x08\
\0\0\x8a\x51\0\0\x18\0\0\0\x18\x08\0\0\xb3\x51\0\0\x18\0\0\0\x20\x08\0\0\xd9\
\x51\0\0\x02\0\0\0\x40\x08\0\0\xef\x51\0\0\x02\0\0\0\x60\x08\0\0\x04\x52\0\0\
\x5c\x02\0\0\x80\x08\0\0\x13\x52\0\0\x18\0\0\0\x20\x09\0\0\x22\x52\0\0\x18\0\0\
\0\x28\x09\0\0\x3a\x52\0\0\x18\0\0\0\x30\x09\0\0\x50\x52\0\0\x18\0\0\0\x38\x09\
\0\0\x67\x52\0\0\x18\0\0\0\x40\x09\0\0\x7e\x52\0\0\x18\0\0\0\x48\x09\0\0\x9c\
\x52\0\0\x18\0\0\0\x50\x09\0\0\xb4\x52\0\0\x18\0\0\0\x58\x09\0\0\xcd\x52\0\0\
\x18\0\0\0\x60\x09\0\0\xdf\x52\0\0\x18\0\0\0\x68\x09\0\0\xf5\x52\0\0\x18\0\0\0\
\x70\x09\0\0\x0c\x53\0\0\x18\0\0\0\x78\x09\0\0\x23\x53\0\0\x18\0\0\0\x80\x09\0\
\0\x3e\x53\0\0\x18\0\0\0\x88\x09\0\0\x54\x53\0\0\x18\0\0\0\x90\x09\0\0\x6d\x53\
\0\0\x02\0\0\0\xa0\x09\0\0\x8a\x53\0\0\x18\0\0\0\xc0\x09\0\0\xa1\x53\0\0\x02\0\
\0\0\xe0\x09\0\0\xbc\x53\0\0\x02\0\0\0\0\x0a\0\0\xd0\x53\0\0\x02\0\0\0\x20\x0a\
\0\0\xe7\x53\0\0\x02\0\0\0\x40\x0a\0\0\x02\x54\0\0\x14\0\0\0\x60\x0a\0\0\x1c\
\x54\0\0\x02\0\0\0\x80\x0a\0\0\x36\x54\0\0\x02\0\0\0\xa0\x0a\0\0\x51\x54\0\0\
\x18\0\0\0\xc0\x0a\0\0\x6d\x54\0\0\x18\0\0\0\xc8\x0a\0\0\x84\x54\0\0\x18\0\0\0\
\xd0\x0a\0\0\x9e\x54\0\0\x18\0\0\0\xd8\x0a\0\0\xb4\x54\0\0\x18\0\0\0\xe0\x0a\0\
\0\xcb\x54\0\0\x02\0\0\0\0\x0b\0\0\xe1\x54\0\0\x18\0\0\0\x20\x0b\0\0\xf5\x54\0\
\0\x18\0\0\0\x28\x0b\0\0\x09\x55\0\0\x18\0\0\0\x30\x0b\0\0\x23\x55\0\0\x18\0\0\
\0\x38\x0b\0\0\x37\x55\0\0\x02\0\0\0\x40\x0b\0\0\x4e\x55\0\0\x16\0\0\0\x60\x0b\
\0\0\x67\x55\0\0\x18\0\0\0\x80\x0b\0\0\x77\x55\0\0\x18\0\0\0\x88\x0b\0\0\x91\
\x55\0\0\x18\0\0\0\x90\x0b\0\0\xa7\x55\0\0\x18\0\0\0\x98\x0b\0\0\xc0\x55\0\0\
\x18\0\0\0\xa0\x0b\0\0\xd4\x55\0\0\x18\0\0\0\xa8\x0b\0\0\xf4\x55\0\0\x18\0\0\0\
\xb0\x0b\0\0\x15\x56\0\0\x18\0\0\0\xb8\x0b\0\0\x31\x56\0\0\x18\0\0\0\xc0\x0b\0\
\0\x43\x56\0\0\x18\0\0\0\xc8\x0b\0\0\x56\x56\0\0\x18\0\0\0\xd0\x0b\0\0\x73\x56\
\0\0\x18\0\0\0\xd8\x0b\0\0\x83\x56\0\0\x02\0\0\0\xe0\x0b\0\0\x9d\x56\0\0\x02\0\
\0\0\0\x0c\0\0\xb6\x56\0\0\x18\0\0\0\x20\x0c\0\0\xc7\x56\0\0\x18\0\0\0\x28\x0c\
\0\0\xda\x56\0\0\x18\0\0\0\x30\x0c\0\0\xea\x56\0\0\x18\0\0\0\x38\x0c\0\0\x04\
\x57\0\0\x18\0\0\0\x40\x0c\0\0\x28\x57\0\0\x18\0\0\0\x48\x0c\0\0\x43\x57\0\0\
\x18\0\0\0\x50\x0c\0\0\x5e\x57\0\0\x18\0\0\0\x58\x0c\0\0\x83\x57\0\0\x02\0\0\0\
\x60\x0c\0\0\xa1\x57\0\0\x02\0\0\0\x80\x0c\0\0\xc0\x57\0\0\x02\0\0\0\xa0\x0c\0\
\0\xd8\x57\0\0\x18\0\0\0\xc0\x0c\0\0\xf0\x57\0\0\x18\0\0\0\xc8\x0c\0\0\x07\x58\
\0\0\x18\0\0\0\xd0\x0c\0\0\x1e\x58\0\0\x18\0\0\0\xd8\x0c\0\0\x36\x58\0\0\x02\0\
\0\0\xe0\x0c\0\0\x53\x58\0\0\x02\0\0\0\0\x0d\0\0\x6e\x58\0\0\x02\0\0\0\x20\x0d\
\0\0\x89\x58\0\0\x60\x02\0\0\x40\x0d\0\0\x99\x58\0\0\x60\x02\0\0\xa0\x0d\0\0\
\xa9\x58\0\0\x55\0\0\0\0\x0e\0\0\xc7\x58\0\0\x55\0\0\0\x40\x0e\0\0\xe5\x58\0\0\
\x02\0\0\0\x80\x0e\0\0\xfc\x58\0\0\x02\0\0\0\xa0\x0e\0\0\x10\x59\0\0\x61\x02\0\
\0\xc0\x0e\0\0\x27\x59\0\0\x63\x02\0\0\0\x0f\0\0\x38\x59\0\0\x16\0\0\0\x40\x0f\
\0\0\x5e\x59\0\0\x5d\0\0\0\x60\x0f\0\0\x77\x59\0\0\x55\0\0\0\x80\x0f\0\0\x90\
\x59\0\0\x02\0\0\0\xc0\x0f\0\0\xa4\x59\0\0\x02\0\0\0\xe0\x0f\0\0\xb8\x59\0\0\
\x18\0\0\0\0\x10\0\0\xd9\x59\0\0\x18\0\0\0\x08\x10\0\0\xf1\x59\0\0\x02\0\0\0\
\x20\x10\0\0\x0d\x5a\0\0\x02\0\0\0\x40\x10\0\0\x21\x5a\0\0\x02\0\0\0\x60\x10\0\
\0\x31\x5a\0\0\x64\x02\0\0\x80\x10\0\0\x42\x5a\0\0\x5d\0\0\0\0\x11\0\0\x51\x5a\
\0\0\x66\x02\0\0\x40\x11\0\0\x6d\x5a\0\0\x02\0\0\0\x80\x11\0\0\x81\x5a\0\0\x67\
\x02\0\0\xc0\x11\0\0\x85\x5a\0\0\x14\0\0\0\0\x12\0\0\xa6\x5a\0\0\x18\0\0\0\x20\
\x12\0\0\xc5\x5a\0\0\x18\0\0\0\x28\x12\0\0\xe6\x5a\0\0\x68\x02\0\0\x40\x12\0\0\
\xf3\x5a\0\0\x16\0\0\0\x80\x12\0\0\xfb\x5a\0\0\x68\x02\0\0\xc0\x12\0\0\x0d\x5b\
\0\0\x16\0\0\0\0\x13\0\0\x16\x5b\0\0\x5d\0\0\0\x20\x13\0\0\x1f\x5b\0\0\x69\x02\
\0\0\x40\x13\0\0\x29\x5b\0\0\x04\0\0\x04\x50\0\0\0\x41\x5b\0\0\x5d\0\0\0\0\0\0\
\0\x4a\x5b\0\0\x53\x02\0\0\x20\0\0\0\x51\x5b\0\0\x54\x02\0\0\0\x02\0\0\x5a\x5b\
\0\0\x02\0\0\0\x40\x02\0\0\0\0\0\0\0\0\0\x03\0\0\0\0\x2a\0\0\0\x04\0\0\0\x3c\0\
\0\0\0\0\0\0\0\0\0\x02\x0a\x04\0\0\0\0\0\0\0\0\0\x02\x0c\x04\0\0\0\0\0\0\0\0\0\
\x02\x0d\x04\0\0\0\0\0\0\0\0\0\x02\x0e\x04\0\0\0\0\0\0\0\0\0\x02\x0f\x04\0\0\0\
\0\0\0\0\0\0\x02\x8d\x01\0\0\0\0\0\0\0\0\0\x02\x10\x04\0\0\0\0\0\0\0\0\0\x02\
\x11\x04\0\0\x70\x5b\0\0\x03\0\0\x04\x14\0\0\0\x68\x19\0\0\x5d\x02\0\0\0\0\0\0\
\x7c\x5b\0\0\x5f\x02\0\0\x40\0\0\0\x82\x5b\0\0\x33\0\0\0\x80\0\0\0\x89\x5b\0\0\
\0\0\0\x08\x5e\x02\0\0\0\0\0\0\x02\0\0\x04\x08\0\0\0\x04\x1d\0\0\x0e\x01\0\0\0\
\0\0\0\x68\x19\0\0\xfd\0\0\0\x20\0\0\0\0\0\0\0\0\0\0\x03\0\0\0\0\x02\0\0\0\x04\
\0\0\0\x02\0\0\0\0\0\0\0\0\0\0\x03\0\0\0\0\x02\0\0\0\x04\0\0\0\x03\0\0\0\0\0\0\
\0\0\0\0\x02\x62\x02\0\0\0\0\0\0\0\0\0\x0a\x12\x04\0\0\0\0\0\0\0\0\0\x02\x13\
\x04\0\0\x31\x5a\0\0\x02\0\0\x04\x10\0\0\0\x68\x19\0\0\x5d\x02\0\0\0\0\0\0\x7c\
\x5b\0\0\x65\x02\0\0\x40\0\0\0\0\0\0\0\0\0\0\x03\0\0\0\0\xd8\0\0\0\x04\0\0\0\
\x02\0\0\0\0\0\0\0\0\0\0\x02\x55\0\0\0\0\0\0\0\0\0\0\x02\x14\x04\0\0\0\0\0\0\0\
\0\0\x02\x15\x04\0\0\x93\x5b\0\0\0\0\0\x08\x6a\x02\0\0\0\0\0\0\x01\0\0\x04\x10\
\0\0\0\x62\x04\0\0\x77\x01\0\0\0\0\0\0\xa1\x5b\0\0\x25\0\0\x04\xc0\x02\0\0\xac\
\x5b\0\0\x6c\x02\0\0\0\0\0\0\xb8\x5b\0\0\x40\x03\0\0\0\x06\0\0\x53\x50\0\0\x42\
\x03\0\0\xc0\x0b\0\0\x5f\x50\0\0\x42\x03\0\0\0\x0c\0\0\x21\x51\0\0\x5a\x02\0\0\
\x40\x0c\0\0\x27\x51\0\0\x5b\x02\0\0\x80\x0c\0\0\xbf\x5b\0\0\x43\x03\0\0\xc0\
\x0c\0\0\xcf\x5b\0\0\x44\x03\0\0\0\x0d\0\0\xde\x5b\0\0\x45\x03\0\0\x40\x0d\0\0\
\xe8\x5b\0\0\x29\x01\0\0\x80\x0d\0\0\xf5\x50\0\0\x07\x02\0\0\xc0\x0e\0\0\xf6\
\x5b\0\0\x46\x03\0\0\0\x0f\0\0\x04\x5c\0\0\x6a\0\0\0\x40\x0f\0\0\x11\x5c\0\0\
\xbb\x01\0\0\xc0\x0f\0\0\x22\x5c\0\0\xfd\0\0\0\0\x10\0\0\x2f\x5c\0\0\x5d\0\0\0\
\x20\x10\0\0\x40\x5c\0\0\x55\0\0\0\x40\x10\0\0\x4f\x5c\0\0\x1a\0\0\0\x80\x10\0\
\0\x62\x5c\0\0\x33\0\0\0\x88\x10\0\0\x78\x5c\0\0\x16\0\0\0\xa0\x10\0\0\x95\x5c\
\0\0\x44\x03\0\0\xc0\x10\0\0\xa8\x5c\0\0\x44\x03\0\0\0\x11\0\0\xbb\x5c\0\0\x46\
\x03\0\0\x40\x11\0\0\xca\x5c\0\0\x57\x02\0\0\x80\x11\0\0\x0a\x51\0\0\x59\x02\0\
\0\xc0\x11\0\0\xd9\x5c\0\0\x8d\x01\0\0\0\x12\0\0\xe2\x5c\0\0\x8d\x01\0\0\x40\
\x12\0\0\xe9\x5c\0\0\x8d\x01\0\0\x80\x12\0\0\x12\x51\0\0\x8d\x01\0\0\xc0\x12\0\
\0\x42\x5a\0\0\x5d\0\0\0\0\x13\0\0\xf1\x5c\0\0\x5d\0\0\0\x20\x13\0\0\xfd\x5c\0\
\0\x47\x03\0\0\x40\x13\0\0\xe6\x5a\0\0\x68\x02\0\0\x80\x13\0\0\x07\x5d\0\0\x68\
\x02\0\0\xc0\x13\0\0\x0d\x5b\0\0\x16\0\0\0\0\x14\0\0\x1a\x5d\0\0\x48\x03\0\0\
\x40\x14\0\0\x2b\x5d\0\0\x49\x03\0\0\xc0\x14\0\0\x36\x5d\0\0\x12\0\0\x04\xc0\0\
\0\0\x67\0\0\0\x1f\0\0\0\0\0\0\0\x3e\x5d\0\0\x16\0\0\0\x20\0\0\0\x48\x5d\0\0\
\x6d\x02\0\0\x40\0\0\0\x4b\x5d\0\0\x6f\x02\0\0\x80\0\0\0\x51\x5d\0\0\x71\x02\0\
\0\xc0\0\0\0\x60\x5d\0\0\x71\x02\0\0\0\x01\0\0\x64\x5d\0\0\x75\x02\0\0\x40\x01\
\0\0\xce\x22\0\0\x77\x02\0\0\x80\x01\0\0\x70\x5d\0\0\x79\x02\0\0\xc0\x01\0\0\
\x77\x5d\0\0\x28\x03\0\0\0\x02\0\0\x87\x5d\0\0\xe6\x01\0\0\x40\x02\0\0\x94\x5d\
\0\0\x2a\x03\0\0\x80\x02\0\0\xa0\x5d\0\0\x2c\x03\0\0\xc0\x02\0\0\xa9\x5d\0\0\
\x28\x02\0\0\0\x03\0\0\xb3\x5d\0\0\x2e\x03\0\0\x40\x03\0\0\xc0\x5d\0\0\x3b\x03\
\0\0\x80\x03\0\0\xce\x5d\0\0\x3d\x03\0\0\xc0\x03\0\0\xda\x5d\0\0\x3e\x03\0\0\0\
\x04\0\0\0\0\0\0\0\0\0\x02\x6e\x02\0\0\0\0\0\0\x01\0\0\x0d\0\0\0\0\0\0\0\0\x24\
\x02\0\0\0\0\0\0\0\0\0\x02\x70\x02\0\0\0\0\0\0\x02\0\0\x0d\xcf\x01\0\0\0\0\0\0\
\xcf\x01\0\0\0\0\0\0\x15\0\0\0\0\0\0\0\0\0\0\x02\x72\x02\0\0\0\0\0\0\x01\0\0\
\x0d\x16\0\0\0\0\0\0\0\x73\x02\0\0\0\0\0\0\0\0\0\x02\x74\x02\0\0\0\0\0\0\0\0\0\
\x0a\x23\x02\0\0\0\0\0\0\0\0\0\x02\x76\x02\0\0\0\0\0\0\x02\0\0\x0d\xb2\0\0\0\0\
\0\0\0\xcf\x01\0\0\0\0\0\0\x55\0\0\0\0\0\0\0\0\0\0\x02\x78\x02\0\0\0\0\0\0\x01\
\0\0\x0d\0\0\0\0\0\0\0\0\xcf\x01\0\0\0\0\0\0\0\0\0\x02\x7a\x02\0\0\0\0\0\0\x03\
\0\0\x0d\0\0\0\0\0\0\0\0\xcf\x01\0\0\0\0\0\0\xe0\x01\0\0\0\0\0\0\x02\0\0\0\xe8\
\x5d\0\0\x84\0\0\x84\xc0\x08\0\0\xf3\x5d\0\0\xe9\0\0\0\0\0\0\0\xf8\x5d\0\0\x7c\
\x02\0\0\x80\0\0\0\x02\x5e\0\0\x7d\x02\0\0\xc0\0\0\0\x0a\x5e\0\0\x55\0\0\0\0\
\x01\0\0\x12\x5e\0\0\x55\0\0\0\x40\x01\0\0\x1c\x5e\0\0\x55\0\0\0\x80\x01\0\0\
\x38\x14\0\0\x55\0\0\0\xc0\x01\0\0\x26\x5e\0\0\x6a\0\0\0\0\x02\0\0\x2f\x5e\0\0\
\x6a\0\0\0\x80\x02\0\0\x39\x5e\0\0\x6a\0\0\0\0\x03\0\0\x44\x5e\0\0\x6a\0\0\0\
\x80\x03\0\0\x4f\x5e\0\0\x6a\0\0\0\0\x04\0\0\x59\x5e\0\0\x6a\0\0\0\x80\x04\0\0\
\x68\x5e\0\0\x7e\x02\0\0\0\x05\0\0\xcc\x06\0\0\x16\0\0\0\0\x06\0\0\x71\x5e\0\0\
\x16\0\0\0\x20\x06\0\0\x7c\x5e\0\0\x7f\x02\0\0\x40\x06\0\0\x41\x37\0\0\x02\0\0\
\0\x80\x06\0\0\x87\x5e\0\0\x1f\0\0\0\xa0\x06\0\0\x8e\x5e\0\0\x1f\0\0\0\xb0\x06\
\0\0\x60\x5d\0\0\x16\0\0\0\xc0\x06\0\0\x9e\x5e\0\0\x1f\0\0\0\xe0\x06\0\0\xae\
\x5e\0\0\x1f\0\0\0\xf0\x06\0\0\xbe\x5e\0\0\xd1\x01\0\0\0\x07\0\0\xc7\x5e\0\0\
\xd1\x01\0\0\x40\x07\0\0\xd3\x5e\0\0\xd1\x01\0\0\x80\x07\0\0\xe3\x5e\0\0\xd1\
\x01\0\0\xc0\x07\0\0\xf1\x5e\0\0\xd1\x01\0\0\0\x08\0\0\x01\x5f\0\0\xd1\x01\0\0\
\x40\x08\0\0\x0f\x5f\0\0\xd1\x01\0\0\x80\x08\0\0\x24\x5f\0\0\x16\0\0\0\xc0\x08\
\0\0\x2c\x5f\0\0\x16\0\0\0\xe0\x08\0\0\x19\0\0\0\x1f\0\0\0\0\x09\0\0\x34\x5f\0\
\0\x1a\0\0\0\x10\x09\0\0\x43\x5f\0\0\x1a\0\0\0\x18\x09\0\0\x54\x5f\0\0\x02\0\0\
\0\x20\x09\0\0\xbb\x07\0\0\x81\x02\0\0\x40\x09\0\0\x5a\x5f\0\0\xa3\0\0\0\0\x0f\
\0\0\x65\x5f\0\0\xa3\0\0\0\x40\x0f\0\0\x70\x5f\0\0\xa3\0\0\0\x80\x0f\0\0\x7d\
\x5f\0\0\x5d\0\0\0\xc0\x0f\0\0\x8e\x5f\0\0\x5d\0\0\0\xe0\x0f\0\0\xa1\x5f\0\0\
\x99\x02\0\0\0\x10\0\0\xad\x5f\0\0\x9b\x02\0\0\x40\x10\0\0\xb7\x5f\0\0\x9d\x02\
\0\0\x80\x10\0\0\xc2\x5f\0\0\x1a\0\0\0\xc0\x10\0\0\xcc\x5f\0\0\x1a\0\0\0\xc8\
\x10\0\0\xd6\x5f\0\0\x1a\0\0\0\xd0\x10\0\0\xde\x5f\0\0\x1a\0\0\0\xd8\x10\0\0\
\xe2\x5f\0\0\x9f\x02\0\0\xe0\x10\0\0\xec\x5f\0\0\x1a\0\0\0\xe0\x11\0\0\xfd\x5f\
\0\0\x1a\0\0\0\xe8\x11\0\0\x06\x60\0\0\x1a\0\0\0\xf0\x11\0\0\x12\x60\0\0\x1a\0\
\0\0\xf8\x11\0\0\x1e\x60\0\0\x1f\0\0\0\0\x12\0\0\x2d\x60\0\0\x1f\0\0\0\x10\x12\
\0\0\x34\x60\0\0\x1f\0\0\0\x20\x12\0\0\x3d\x60\0\0\x1f\0\0\0\x30\x12\0\0\x44\
\x60\0\0\xfd\0\0\0\x40\x12\0\0\x53\x60\0\0\x02\0\0\0\x60\x12\0\0\x57\x60\0\0\
\xa0\x02\0\0\x80\x12\0\0\x5a\x60\0\0\xa0\x02\0\0\x80\x13\0\0\x5d\x60\0\0\xa0\
\x02\0\0\x80\x14\0\0\x67\x60\0\0\xa1\x02\0\0\x80\x15\0\0\x73\x60\0\0\x16\0\0\0\
\xc0\x15\0\0\x7f\x60\0\0\x16\0\0\0\xe0\x15\0\0\x88\x60\0\0\x33\0\0\0\0\x16\0\0\
\x93\x60\0\0\xa2\x02\0\0\x40\x16\0\0\x9d\x60\0\0\xa3\x02\0\0\x80\x16\0\0\xa4\
\x60\0\0\xa4\x02\0\0\xc0\x16\0\0\xac\x60\0\0\xa5\x02\0\0\0\x17\0\0\xba\x60\0\0\
\xa6\x02\0\0\x40\x17\0\0\xc9\x60\0\0\xf1\x01\0\0\x80\x17\0\0\xd2\x60\0\0\xa7\
\x02\0\0\xc0\x17\0\0\xd6\x60\0\0\x16\0\0\0\0\x18\0\0\xe4\x60\0\0\x16\0\0\0\x20\
\x18\0\0\xf7\x60\0\0\x78\x01\0\0\x40\x18\0\0\0\x61\0\0\x55\0\0\0\x80\x18\0\0\
\x12\x61\0\0\x02\0\0\0\xc0\x18\0\0\x27\x61\0\0\xa8\x02\0\0\0\x19\0\0\x32\x61\0\
\0\x5a\0\0\0\x40\x19\0\0\x42\x61\0\0\xae\x02\0\0\x80\x19\0\0\x50\x61\0\0\xaf\
\x02\0\0\xc0\x19\0\0\x5e\x61\0\0\xb0\x02\0\0\0\x1a\0\0\x6f\x61\0\0\x9f\x02\0\0\
\x40\x1a\0\0\x79\x61\0\0\xb1\x02\0\0\x40\x1b\0\0\x85\x61\0\0\xbf\0\0\0\x80\x1b\
\0\0\x91\x61\0\0\xaf\x02\0\0\0\x1c\0\0\x95\x61\0\0\x16\0\0\0\x40\x1c\0\0\xa3\
\x61\0\0\x16\0\0\0\x60\x1c\0\0\xb6\x61\0\0\xb2\x02\0\0\x80\x1c\0\0\xbc\x61\0\0\
\x16\0\0\0\xc0\x1c\0\0\xc9\x61\0\0\xfd\0\0\0\xe0\x1c\0\0\xd8\x61\0\0\xb3\x02\0\
\0\0\x1d\0\0\xe2\x61\0\0\xbc\x02\0\0\x40\x1d\0\0\xeb\x61\0\0\xae\x02\0\0\xc0\
\x1d\0\0\xf8\x61\0\0\xbd\x02\0\0\0\x1e\0\0\x03\x62\0\0\x29\x01\0\0\0\x22\0\0\
\x12\x62\0\0\x02\0\0\0\x40\x23\0\0\x21\x62\0\0\x14\0\0\0\x60\x23\0\0\x33\x62\0\
\0\x6a\0\0\0\x80\x23\0\0\x3d\x62\0\0\x40\0\0\0\0\x24\0\0\x49\x62\0\0\x6a\0\0\0\
\x40\x24\0\0\x59\x62\0\0\xbe\x02\0\0\xc0\x24\0\x08\x63\x62\0\0\x33\0\0\0\xc8\
\x24\0\0\x6d\x62\0\0\xbf\x02\0\0\xd0\x24\0\x10\x7d\x62\0\0\x33\0\0\0\xe0\x24\0\
\0\x8f\x62\0\0\xc0\x02\0\0\0\x25\0\0\x9f\x62\0\0\xa0\x01\0\0\x40\x25\0\0\xa6\
\x62\0\0\x5a\0\0\0\x80\x25\0\0\xae\x62\0\0\xc2\x02\0\0\xc0\x25\0\0\0\0\0\0\xc3\
\x02\0\0\0\x26\0\0\x37\x3c\0\0\xc8\x02\0\0\x40\x26\0\0\xbb\x62\0\0\x17\x03\0\0\
\0\x3e\0\0\xc8\x62\0\0\xf6\x02\0\0\0\x3f\0\0\xdd\x62\0\0\x18\x03\0\0\x40\x3f\0\
\0\xeb\x62\0\0\x16\0\0\0\x80\x3f\0\0\xf8\x62\0\0\x1d\0\0\0\xa0\x3f\0\0\x05\x63\
\0\0\xb6\x02\0\0\xb0\x3f\0\0\x0c\x63\0\0\x1b\x03\0\0\xc0\x3f\0\0\x16\x63\0\0\
\x1c\x03\0\0\xc0\x41\0\0\x22\x63\0\0\x1d\x03\0\0\x40\x42\0\0\x29\x63\0\0\x1e\
\x03\0\0\x80\x42\0\0\x31\x63\0\0\x20\x03\0\0\xc0\x42\0\0\x43\x63\0\0\x20\x03\0\
\0\0\x43\0\0\x55\x63\0\0\x33\0\0\0\x40\x43\0\0\x60\x63\0\0\x16\0\0\0\x48\x43\0\
\x01\x6c\x63\0\0\x16\0\0\0\x49\x43\0\x01\x75\x63\0\0\x6a\0\0\0\x80\x43\0\0\x87\
\x63\0\0\x21\x03\0\0\0\x44\0\0\x9b\x63\0\0\x23\x03\0\0\x40\x44\0\0\xaa\x63\0\0\
\x27\x03\0\0\x80\x44\0\0\0\0\0\0\0\0\0\x02\xf2\x03\0\0\0\0\0\0\0\0\0\x02\xf3\
\x03\0\0\0\0\0\0\x02\0\0\x04\x20\0\0\0\xb4\x63\0\0\x6a\0\0\0\0\0\0\0\xba\x63\0\
\0\x6a\0\0\0\x80\0\0\0\0\0\0\0\0\0\0\x02\x80\x02\0\0\0\0\0\0\0\0\0\x0a\xf4\x03\
\0\0\xc0\x63\0\0\x17\0\0\x04\xb8\0\0\0\0\0\0\0\x82\x02\0\0\0\0\0\0\0\0\0\0\x83\
\x02\0\0\x40\0\0\0\0\0\0\0\x84\x02\0\0\x80\0\0\0\0\0\0\0\x85\x02\0\0\xc0\0\0\0\
\0\0\0\0\x86\x02\0\0\0\x01\0\0\0\0\0\0\x87\x02\0\0\x40\x01\0\0\0\0\0\0\x88\x02\
\0\0\x80\x01\0\0\0\0\0\0\x89\x02\0\0\xc0\x01\0\0\0\0\0\0\x8a\x02\0\0\0\x02\0\0\
\0\0\0\0\x8b\x02\0\0\x40\x02\0\0\0\0\0\0\x8c\x02\0\0\x80\x02\0\0\0\0\0\0\x8d\
\x02\0\0\xc0\x02\0\0\0\0\0\0\x8e\x02\0\0\0\x03\0\0\0\0\0\0\x8f\x02\0\0\x40\x03\
\0\0\0\0\0\0\x90\x02\0\0\x80\x03\0\0\0\0\0\0\x91\x02\0\0\xc0\x03\0\0\0\0\0\0\
\x92\x02\0\0\0\x04\0\0\0\0\0\0\x93\x02\0\0\x40\x04\0\0\0\0\0\0\x94\x02\0\0\x80\
\x04\0\0\0\0\0\0\x95\x02\0\0\xc0\x04\0\0\0\0\0\0\x96\x02\0\0\0\x05\0\0\0\0\0\0\
\x97\x02\0\0\x40\x05\0\0\0\0\0\0\x98\x02\0\0\x80\x05\0\0\0\0\0\0\x02\0\0\x05\
\x08\0\0\0\xd1\x63\0\0\x55\0\0\0\0\0\0\0\xdc\x63\0\0\xa3\0\0\0\0\0\0\0\0\0\0\0\
\x02\0\0\x05\x08\0\0\0\xe9\x63\0\0\x55\0\0\0\0\0\0\0\xf4\x63\0\0\xa3\0\0\0\0\0\
\0\0\0\0\0\0\x02\0\0\x05\x08\0\0\0\x31\x02\0\0\x55\0\0\0\0\0\0\0\x01\x64\0\0\
\xa3\0\0\0\0\0\0\0\0\0\0\0\x02\0\0\x05\x08\0\0\0\x28\x02\0\0\x55\0\0\0\0\0\0\0\
\x0c\x64\0\0\xa3\0\0\0\0\0\0\0\0\0\0\0\x02\0\0\x05\x08\0\0\0\x17\x64\0\0\x55\0\
\0\0\0\0\0\0\x21\x64\0\0\xa3\0\0\0\0\0\0\0\0\0\0\0\x02\0\0\x05\x08\0\0\0\x2d\
\x64\0\0\x55\0\0\0\0\0\0\0\x37\x64\0\0\xa3\0\0\0\0\0\0\0\0\0\0\0\x02\0\0\x05\
\x08\0\0\0\x5a\x5f\0\0\x55\0\0\0\0\0\0\0\x43\x64\0\0\xa3\0\0\0\0\0\0\0\0\0\0\0\
\x02\0\0\x05\x08\0\0\0\x65\x5f\0\0\x55\0\0\0\0\0\0\0\x50\x64\0\0\xa3\0\0\0\0\0\
\0\0\0\0\0\0\x02\0\0\x05\x08\0\0\0\x5d\x64\0\0\x55\0\0\0\0\0\0\0\x67\x64\0\0\
\xa3\0\0\0\0\0\0\0\0\0\0\0\x02\0\0\x05\x08\0\0\0\x73\x64\0\0\x55\0\0\0\0\0\0\0\
\x7e\x64\0\0\xa3\0\0\0\0\0\0\0\0\0\0\0\x02\0\0\x05\x08\0\0\0\x8b\x64\0\0\x55\0\
\0\0\0\0\0\0\x9c\x64\0\0\xa3\0\0\0\0\0\0\0\0\0\0\0\x02\0\0\x05\x08\0\0\0\xaf\
\x64\0\0\x55\0\0\0\0\0\0\0\xbe\x64\0\0\xa3\0\0\0\0\0\0\0\0\0\0\0\x02\0\0\x05\
\x08\0\0\0\xcf\x64\0\0\x55\0\0\0\0\0\0\0\xdd\x64\0\0\xa3\0\0\0\0\0\0\0\0\0\0\0\
\x02\0\0\x05\x08\0\0\0\xed\x64\0\0\x55\0\0\0\0\0\0\0\xfd\x64\0\0\xa3\0\0\0\0\0\
\0\0\0\0\0\0\x02\0\0\x05\x08\0\0\0\x0f\x65\0\0\x55\0\0\0\0\0\0\0\x1e\x65\0\0\
\xa3\0\0\0\0\0\0\0\0\0\0\0\x02\0\0\x05\x08\0\0\0\x2f\x65\0\0\x55\0\0\0\0\0\0\0\
\x40\x65\0\0\xa3\0\0\0\0\0\0\0\0\0\0\0\x02\0\0\x05\x08\0\0\0\x53\x65\0\0\x55\0\
\0\0\0\0\0\0\x65\x65\0\0\xa3\0\0\0\0\0\0\0\0\0\0\0\x02\0\0\x05\x08\0\0\0\x79\
\x65\0\0\x55\0\0\0\0\0\0\0\x8b\x65\0\0\xa3\0\0\0\0\0\0\0\0\0\0\0\x02\0\0\x05\
\x08\0\0\0\x9f\x65\0\0\x55\0\0\0\0\0\0\0\xae\x65\0\0\xa3\0\0\0\0\0\0\0\0\0\0\0\
\x02\0\0\x05\x08\0\0\0\xbf\x65\0\0\x55\0\0\0\0\0\0\0\xd3\x65\0\0\xa3\0\0\0\0\0\
\0\0\0\0\0\0\x02\0\0\x05\x08\0\0\0\xe9\x65\0\0\x55\0\0\0\0\0\0\0\xfa\x65\0\0\
\xa3\0\0\0\0\0\0\0\0\0\0\0\x02\0\0\x05\x08\0\0\0\x0d\x66\0\0\x55\0\0\0\0\0\0\0\
\x1b\x66\0\0\xa3\0\0\0\0\0\0\0\0\0\0\0\x02\0\0\x05\x08\0\0\0\x2b\x66\0\0\x55\0\
\0\0\0\0\0\0\x39\x66\0\0\xa3\0\0\0\0\0\0\0\0\0\0\0\0\0\0\x02\x9a\x02\0\0\0\0\0\
\0\0\0\0\x0a\x30\x04\0\0\0\0\0\0\0\0\0\x02\x9c\x02\0\0\0\0\0\0\0\0\0\x0a\x31\
\x04\0\0\0\0\0\0\0\0\0\x02\x9e\x02\0\0\0\0\0\0\0\0\0\x0a\x33\x04\0\0\0\0\0\0\0\
\0\0\x03\0\0\0\0\x1a\0\0\0\x04\0\0\0\x20\0\0\0\x49\x66\0\0\x03\0\0\x04\x20\0\0\
\0\xe6\x1b\0\0\x6a\0\0\0\0\0\0\0\xee\x10\0\0\x02\0\0\0\x80\0\0\0\x90\x1e\0\0\
\xcf\0\0\0\xc0\0\0\0\0\0\0\0\0\0\0\x02\xe1\x03\0\0\0\0\0\0\0\0\0\x02\x34\x04\0\
\0\0\0\0\0\0\0\0\x02\x2f\x04\0\0\0\0\0\0\0\0\0\x02\xfc\x03\0\0\0\0\0\0\0\0\0\
\x02\x35\x04\0\0\0\0\0\0\0\0\0\x02\x1d\x04\0\0\0\0\0\0\0\0\0\x02\x37\x04\0\0\0\
\0\0\0\0\0\0\x02\xa9\x02\0\0\x5d\x66\0\0\0\0\0\x08\xaa\x02\0\0\0\0\0\0\x01\0\0\
\x0d\xab\x02\0\0\0\0\0\0\xad\x02\0\0\x6f\x66\0\0\0\0\0\x08\xac\x02\0\0\x83\x66\
\0\0\x04\0\0\x06\x04\0\0\0\x95\x66\0\0\0\0\0\0\xa9\x66\0\0\x01\0\0\0\xbc\x66\0\
\0\x02\0\0\0\xcd\x66\0\0\x03\0\0\0\0\0\0\0\0\0\0\x02\xb4\x01\0\0\0\0\0\0\0\0\0\
\x02\x38\x04\0\0\0\0\0\0\0\0\0\x02\x3a\x04\0\0\0\0\0\0\0\0\0\x02\x61\x03\0\0\0\
\0\0\0\0\0\0\x02\x3b\x04\0\0\0\0\0\0\0\0\0\x02\x39\x04\0\0\0\0\0\0\0\0\0\x02\
\x3c\x04\0\0\0\0\0\0\0\0\0\x02\xb5\x02\0\0\xdd\x66\0\0\x04\0\0\x04\x18\0\0\0\
\x91\x1b\0\0\xe5\0\0\0\0\0\0\0\xea\x66\0\0\x16\0\0\0\x80\0\0\0\x05\x63\0\0\xb6\
\x02\0\0\xa0\0\0\0\xf1\x66\0\0\xbb\x02\0\0\xc0\0\0\0\xfa\x66\0\0\0\0\0\x08\xb7\
\x02\0\0\xfe\x66\0\0\0\0\0\x08\x8c\x01\0\0\0\0\0\0\0\0\0\x02\xb9\x02\0\0\x04\
\x67\0\0\x04\0\0\x04\x18\0\0\0\x30\x28\0\0\x16\0\0\0\0\0\0\0\x0c\x67\0\0\x16\0\
\0\0\x20\0\0\0\x91\x1b\0\0\xe5\0\0\0\x40\0\0\0\x16\x67\0\0\xba\x02\0\0\xc0\0\0\
\0\0\0\0\0\0\0\0\x03\0\0\0\0\x1d\0\0\0\x04\0\0\0\0\0\0\0\0\0\0\0\0\0\0\x03\0\0\
\0\0\xb8\x02\0\0\x04\0\0\0\0\0\0\0\0\0\0\0\0\0\0\x03\0\0\0\0\xb4\x02\0\0\x04\0\
\0\0\x02\0\0\0\0\0\0\0\0\0\0\x03\0\0\0\0\x87\0\0\0\x04\0\0\0\x10\0\0\0\0\0\0\0\
\x06\0\0\x06\x04\0\0\0\x1d\x67\0\0\0\0\0\0\x32\x67\0\0\x01\0\0\0\x44\x67\0\0\
\x02\0\0\0\x59\x67\0\0\x03\0\0\0\x6d\x67\0\0\x04\0\0\0\x7d\x67\0\0\x05\0\0\0\0\
\0\0\0\x02\0\0\x06\x04\0\0\0\x8a\x67\0\0\0\0\0\0\xa0\x67\0\0\x01\0\0\0\0\0\0\0\
\0\0\0\x02\xc1\x02\0\0\0\0\0\0\x01\0\0\x0d\0\0\0\0\0\0\0\0\xe0\x01\0\0\xb7\x67\
\0\0\x02\0\0\x06\x04\0\0\0\xcb\x67\0\0\0\0\0\0\xd8\x67\0\0\x01\0\0\0\0\0\0\0\
\x03\0\0\x05\x08\0\0\0\xe4\x67\0\0\xc4\x02\0\0\0\0\0\0\xeb\x67\0\0\xc5\x02\0\0\
\0\0\0\0\xf2\x67\0\0\xc6\x02\0\0\0\0\0\0\0\0\0\0\0\0\0\x02\x3f\x04\0\0\0\0\0\0\
\0\0\0\x02\x3d\x04\0\0\0\0\0\0\0\0\0\x02\xc7\x02\0\0\xf9\x67\0\0\0\0\0\x07\0\0\
\0\0\x05\x68\0\0\x30\0\0\x84\xf8\x02\0\0\x0c\x68\0\0\xc9\x02\0\0\0\0\0\0\xe0\
\x0a\0\0\xce\x02\0\0\0\x02\0\0\x11\x68\0\0\xcf\x02\0\0\x40\x02\0\0\x13\x68\0\0\
\x9d\0\0\0\x80\x02\0\0\x19\0\0\0\xd0\x02\0\0\xc0\x02\0\0\x1d\x68\0\0\xd2\x02\0\
\0\0\x03\0\0\x21\x68\0\0\xd3\x02\0\0\x40\x03\0\0\x28\x68\0\0\x5a\0\0\0\x80\x03\
\0\0\x36\x68\0\0\x5a\0\0\0\xc0\x03\0\0\x21\x1d\0\0\x16\x01\0\0\0\x04\0\0\x42\
\x68\0\0\xd4\x02\0\0\0\x05\0\0\x48\x68\0\0\xd6\x02\0\0\xc0\x06\0\0\x4e\x68\0\0\
\xe3\x02\0\0\x40\x10\0\0\x58\x68\0\0\xe4\x02\0\0\x80\x10\0\0\x5e\x68\0\0\xe5\
\x02\0\0\xc0\x10\0\0\x69\x68\0\0\xe6\x02\0\0\0\x11\0\0\x6e\x68\0\0\xc4\0\0\0\
\x40\x11\0\0\x77\x68\0\0\x6a\0\0\0\x80\x11\0\0\x80\x68\0\0\xe7\x02\0\0\0\x12\0\
\0\x88\x68\0\0\xe9\x02\0\0\x40\x12\0\0\x91\x68\0\0\x21\0\0\0\x80\x12\0\0\xa3\
\x68\0\0\x21\0\0\0\xc0\x12\0\0\xb1\x68\0\0\xea\x02\0\0\0\x13\0\0\xbf\x68\0\0\
\xec\x02\0\0\x40\x13\0\0\xc9\x68\0\0\x6a\0\0\0\x80\x13\0\0\xd3\x68\0\0\xed\x02\
\0\0\0\x14\0\0\xdb\x68\0\0\xee\x02\0\0\x40\x14\0\0\xea\x68\0\0\xef\x02\0\0\x80\
\x14\0\0\xf3\x68\0\0\xf0\x02\0\0\x80\x14\0\0\xfb\x68\0\0\xf1\x02\0\0\xc0\x14\0\
\0\x02\x69\0\0\xf2\x02\0\0\0\x15\0\0\xd9\x22\0\0\x14\0\0\0\x20\x15\0\0\x07\x69\
\0\0\xfd\0\0\0\x40\x15\0\0\x13\x69\0\0\x6a\0\0\0\x80\x15\0\0\x1f\x69\0\0\xf4\
\x02\0\0\0\x16\0\0\x25\x69\0\0\xf5\x02\0\0\x40\x16\0\0\x2c\x69\0\0\xf8\x02\0\0\
\x80\x16\0\0\x34\x69\0\0\xfa\x02\0\0\xc0\x16\0\0\x40\x69\0\0\xfb\x02\0\0\0\x17\
\0\0\x46\x69\0\0\xfc\x02\0\0\x40\x17\0\0\x58\x69\0\0\xfd\x02\0\0\x80\x17\0\0\
\x62\x69\0\0\x33\0\0\0\xa0\x17\0\x01\x74\x69\0\0\x33\0\0\0\xa1\x17\0\x01\x85\
\x69\0\0\x33\0\0\0\xa2\x17\0\x01\x8d\x69\0\0\x33\0\0\0\xa3\x17\0\x01\x9c\x69\0\
\0\x33\0\0\0\xa4\x17\0\x01\xa9\x69\0\0\x33\0\0\0\xa5\x17\0\x01\xb3\x69\0\0\x33\
\0\0\0\xa6\x17\0\x01\xc0\x69\0\0\x0c\0\0\x84\x40\0\0\0\xf3\x5d\0\0\x9d\0\0\0\0\
\0\0\0\xea\x1e\0\0\x6a\0\0\0\x40\0\0\0\xe0\x0a\0\0\xca\x02\0\0\xc0\0\0\0\xc8\
\x69\0\0\xa1\x02\0\0\0\x01\0\0\xcd\x69\0\0\xcb\x02\0\0\x40\x01\0\0\xd3\x69\0\0\
\xcc\x02\0\0\x80\x01\0\0\xd6\x69\0\0\xcd\x02\0\0\xc0\x01\0\0\xdb\x69\0\0\x16\0\
\0\0\xe0\x01\0\x01\xed\x69\0\0\x16\0\0\0\xe1\x01\0\x01\xfc\x69\0\0\x16\0\0\0\
\xe2\x01\0\x01\x12\x6a\0\0\x16\0\0\0\xe3\x01\0\x01\x2b\x6a\0\0\x16\0\0\0\xe4\
\x01\0\x01\0\0\0\0\0\0\0\x02\xc9\x02\0\0\0\0\0\0\0\0\0\x02\xe2\x03\0\0\0\0\0\0\
\0\0\0\x02\xdc\x03\0\0\xd6\x69\0\0\x01\0\0\x04\x04\0\0\0\x17\x1e\0\0\x5b\0\0\0\
\0\0\0\0\0\0\0\0\0\0\0\x02\xc8\x02\0\0\0\0\0\0\0\0\0\x02\xe5\x03\0\0\0\0\0\0\0\
\0\0\x02\xd1\x02\0\0\0\0\0\0\0\0\0\x0a\x47\x04\0\0\0\0\0\0\0\0\0\x02\xe7\x03\0\
\0\0\0\0\0\0\0\0\x02\xe6\x03\0\0\x3b\x6a\0\0\x04\0\0\x04\x38\0\0\0\x4a\x6a\0\0\
\x6a\0\0\0\0\0\0\0\x54\x6a\0\0\x6a\0\0\0\x80\0\0\0\x5e\x6a\0\0\x6a\0\0\0\0\x01\
\0\0\x69\x6a\0\0\xd5\x02\0\0\x80\x01\0\0\x70\x6a\0\0\x04\0\0\x06\x04\0\0\0\x7d\
\x6a\0\0\0\0\0\0\x8e\x6a\0\0\x01\0\0\0\x9d\x6a\0\0\x02\0\0\0\xb1\x6a\0\0\x03\0\
\0\0\xc2\x6a\0\0\x34\0\0\x84\x30\x01\0\0\xce\x6a\0\0\xd7\x02\0\0\0\0\0\0\xda\
\x6a\0\0\x16\0\0\0\x20\0\0\x01\xe5\x6a\0\0\x16\0\0\0\x21\0\0\x01\xf3\x6a\0\0\
\x33\0\0\0\x22\0\0\x01\xff\x6a\0\0\x33\0\0\0\x23\0\0\x01\x0b\x6b\0\0\x33\0\0\0\
\x24\0\0\x01\x18\x6b\0\0\x33\0\0\0\x25\0\0\x01\x2b\x6b\0\0\x33\0\0\0\x26\0\0\
\x01\x3d\x6b\0\0\x33\0\0\0\x27\0\0\x01\x43\x6b\0\0\x33\0\0\0\x28\0\0\x01\x4e\
\x6b\0\0\x33\0\0\0\x29\0\0\x01\x5e\x6b\0\0\x14\0\0\0\x40\0\0\0\x68\x19\0\0\xfd\
\0\0\0\x60\0\0\0\xea\x1e\0\0\x6a\0\0\0\x80\0\0\0\x6b\x6b\0\0\xd9\x02\0\0\0\x01\
\0\0\x76\x6b\0\0\xdb\x02\0\0\0\x02\0\0\x7d\x6b\0\0\x33\0\0\0\x40\x02\0\x01\x89\
\x6b\0\0\x33\0\0\0\x41\x02\0\x01\x91\x6b\0\0\x33\0\0\0\x42\x02\0\x01\xa1\x6b\0\
\0\x16\0\0\0\x43\x02\0\x01\xad\x6b\0\0\x16\0\0\0\x44\x02\0\x01\xbd\x6b\0\0\x73\
\0\0\0\x80\x02\0\0\xcb\x6b\0\0\x21\0\0\0\x80\x04\0\0\xd9\x6b\0\0\x1a\x02\0\0\
\xc0\x04\0\0\xde\x6b\0\0\x52\x01\0\0\xc0\x05\0\0\xe9\x6b\0\0\xdc\x02\0\0\x80\
\x06\0\0\xf1\x6b\0\0\x5d\0\0\0\xc0\x06\0\0\x13\x21\0\0\x5d\0\0\0\xe0\x06\0\0\
\xfd\x6b\0\0\x16\0\0\0\0\x07\0\x03\x0b\x6c\0\0\x16\0\0\0\x03\x07\0\x01\x1d\x6c\
\0\0\x16\0\0\0\x04\x07\0\x01\x2d\x6c\0\0\x16\0\0\0\x05\x07\0\x01\x3d\x6c\0\0\
\x16\0\0\0\x06\x07\0\x01\x50\x6c\0\0\x16\0\0\0\x07\x07\0\x01\x5d\x6c\0\0\x33\0\
\0\0\x08\x07\0\x01\x6d\x6c\0\0\x16\0\0\0\x09\x07\0\x01\x7a\x6c\0\0\x16\0\0\0\
\x0a\x07\0\x01\x83\x6c\0\0\x16\0\0\0\x0b\x07\0\x01\x93\x6c\0\0\x16\0\0\0\x0c\
\x07\0\x01\xa6\x6c\0\0\x16\0\0\0\x0d\x07\0\x01\xb4\x6c\0\0\x16\0\0\0\x20\x07\0\
\0\xc0\x6c\0\0\xdd\x02\0\0\x40\x07\0\0\xc8\x6c\0\0\xde\x02\0\0\x60\x07\0\0\xd7\
\x6c\0\0\x02\0\0\0\x80\x07\0\0\xe5\x6c\0\0\x02\0\0\0\xa0\x07\0\0\xf7\x6c\0\0\
\x21\0\0\0\xc0\x07\0\0\x01\x6d\0\0\x21\0\0\0\0\x08\0\0\x0d\x6d\0\0\x21\0\0\0\
\x40\x08\0\0\x1c\x6d\0\0\x21\0\0\0\x80\x08\0\0\x31\x6d\0\0\xdf\x02\0\0\xc0\x08\
\0\0\x3d\x6d\0\0\xe0\x02\0\0\0\x09\0\0\x53\x6d\0\0\xe2\x02\0\0\x40\x09\0\0\x57\
\x6d\0\0\0\0\0\x08\xd8\x02\0\0\x64\x6d\0\0\x01\0\0\x04\x04\0\0\0\x6f\x6d\0\0\
\x02\0\0\0\0\0\0\0\x6b\x6b\0\0\x02\0\0\x04\x20\0\0\0\x75\x6d\0\0\x16\0\0\0\0\0\
\0\0\xc3\x2d\0\0\xda\x02\0\0\x40\0\0\0\x7a\x6d\0\0\x02\0\0\x04\x18\0\0\0\x68\
\x19\0\0\xc4\0\0\0\0\0\0\0\x8b\x6d\0\0\x6a\0\0\0\x40\0\0\0\0\0\0\0\0\0\0\x02\
\x48\x04\0\0\0\0\0\0\0\0\0\x02\x49\x04\0\0\x95\x6d\0\0\x05\0\0\x06\x04\0\0\0\
\xa1\x6d\0\0\0\0\0\0\xae\x6d\0\0\x01\0\0\0\xbb\x6d\0\0\x02\0\0\0\xcb\x6d\0\0\
\x03\0\0\0\xdf\x6d\0\0\x04\0\0\0\xee\x6d\0\0\x04\0\0\x06\x04\0\0\0\xf9\x6d\0\0\
\0\0\0\0\x04\x6e\0\0\x01\0\0\0\x11\x6e\0\0\x02\0\0\0\x1f\x6e\0\0\x03\0\0\0\0\0\
\0\0\0\0\0\x02\x4b\x04\0\0\0\0\0\0\0\0\0\x02\xe1\x02\0\0\0\0\0\0\x02\0\0\x0d\0\
\0\0\0\0\0\0\0\xce\x02\0\0\0\0\0\0\x76\x01\0\0\0\0\0\0\0\0\0\x02\x4c\x04\0\0\0\
\0\0\0\0\0\0\x02\x4a\x04\0\0\0\0\0\0\0\0\0\x02\x4d\x04\0\0\0\0\0\0\0\0\0\x02\
\x41\x04\0\0\0\0\0\0\0\0\0\x02\x4e\x04\0\0\0\0\0\0\0\0\0\x02\xe8\x02\0\0\0\0\0\
\0\0\0\0\x0a\x4f\x04\0\0\0\0\0\0\0\0\0\x02\x21\0\0\0\0\0\0\0\0\0\0\x02\xeb\x02\
\0\0\0\0\0\0\0\0\0\x0a\x50\x04\0\0\0\0\0\0\0\0\0\x02\x51\x04\0\0\0\0\0\0\0\0\0\
\x02\x52\x04\0\0\0\0\0\0\0\0\0\x02\x53\x04\0\0\x2e\x6e\0\0\0\0\0\x04\0\0\0\0\0\
\0\0\0\0\0\0\x02\xeb\x03\0\0\0\0\0\0\0\0\0\x02\xdd\x03\0\0\x3b\x6e\0\0\0\0\0\
\x08\xf3\x02\0\0\x41\x6e\0\0\0\0\0\x08\x14\0\0\0\0\0\0\0\0\0\0\x02\xec\x03\0\0\
\0\0\0\0\0\0\0\x02\xf6\x02\0\0\0\0\0\0\0\0\0\x02\xf7\x02\0\0\0\0\0\0\0\0\0\x0a\
\xfe\x02\0\0\0\0\0\0\0\0\0\x02\xf9\x02\0\0\0\0\0\0\x01\0\0\x0d\0\0\0\0\0\0\0\0\
\xce\x02\0\0\0\0\0\0\0\0\0\x02\xe9\x03\0\0\0\0\0\0\0\0\0\x02\x54\x04\0\0\0\0\0\
\0\0\0\0\x02\x55\x04\0\0\x50\x6e\0\0\x04\0\0\x06\x04\0\0\0\x61\x6e\0\0\0\0\0\0\
\x80\x6e\0\0\x01\0\0\0\x99\x6e\0\0\x02\0\0\0\xa6\x6e\0\0\x03\0\0\0\xb7\x6e\0\0\
\x05\0\0\x04\x28\0\0\0\xf3\x5d\0\0\x9d\0\0\0\0\0\0\0\xc7\x6e\0\0\xff\x02\0\0\
\x40\0\0\0\xd2\x6e\0\0\x04\x03\0\0\x80\0\0\0\xe1\x6e\0\0\x15\x03\0\0\xc0\0\0\0\
\xe7\x6e\0\0\x16\x03\0\0\0\x01\0\0\0\0\0\0\0\0\0\x02\0\x03\0\0\0\0\0\0\x03\0\0\
\x0d\x01\x03\0\0\0\0\0\0\xca\x02\0\0\0\0\0\0\x02\x03\0\0\0\0\0\0\x02\0\0\0\xf1\
\x6e\0\0\0\0\0\x08\x1f\0\0\0\0\0\0\0\0\0\0\x02\x03\x03\0\0\xf9\x6e\0\0\x02\0\0\
\x04\x10\0\0\0\xf3\x5d\0\0\x9d\0\0\0\0\0\0\0\xcb\x03\0\0\x01\x03\0\0\x40\0\0\0\
\0\0\0\0\0\0\0\x02\x05\x03\0\0\0\0\0\0\x03\0\0\x0d\x01\x03\0\0\0\0\0\0\xca\x02\
\0\0\0\0\0\0\x06\x03\0\0\0\0\0\0\x02\0\0\0\0\0\0\0\0\0\0\x02\x07\x03\0\0\x03\
\x6f\0\0\x07\0\0\x04\x40\0\0\0\x4c\x21\0\0\x03\x03\0\0\0\0\0\0\xda\x1e\0\0\xf6\
\0\0\0\x80\0\0\0\x01\x2b\0\0\x5a\0\0\0\xc0\0\0\0\xa5\x45\0\0\x08\x03\0\0\0\x01\
\0\0\x11\x6f\0\0\x0d\x03\0\0\x40\x01\0\0\x16\x6f\0\0\x0d\x03\0\0\x80\x01\0\0\
\x85\x24\0\0\x13\x03\0\0\xc0\x01\0\0\0\0\0\0\0\0\0\x02\x09\x03\0\0\0\0\0\0\x01\
\0\0\x0d\x08\x02\0\0\0\0\0\0\0\0\0\0\x1c\x6f\0\0\x0f\0\0\x04\xc0\0\0\0\x2a\x6f\
\0\0\xfd\x01\0\0\0\0\0\0\x2f\x6f\0\0\x2d\x02\0\0\x40\0\0\0\x37\x6f\0\0\x0e\x02\
\0\0\xc0\0\0\0\x47\x6f\0\0\xd2\x01\0\0\0\x02\0\0\x50\x6f\0\0\x5d\0\0\0\x20\x02\
\0\0\x60\x6f\0\0\xce\0\0\0\x40\x02\0\0\x67\x6f\0\0\x0e\x02\0\0\xc0\x02\0\0\x74\
\x6f\0\0\x55\0\0\0\0\x04\0\0\x7c\x6f\0\0\x55\0\0\0\x40\x04\0\0\x8c\x6f\0\0\x0b\
\x03\0\0\x80\x04\0\0\xcc\x06\0\0\x55\0\0\0\xc0\x04\0\0\x92\x6f\0\0\x09\x02\0\0\
\0\x05\0\0\x99\x6f\0\0\xfd\0\0\0\x20\x05\0\0\xa6\x6f\0\0\x6a\0\0\0\x40\x05\0\0\
\x93\x45\0\0\x5a\0\0\0\xc0\x05\0\0\0\0\0\0\0\0\0\x02\x0c\x03\0\0\0\0\0\0\0\0\0\
\x0a\xe3\x03\0\0\0\0\0\0\0\0\0\x02\x0e\x03\0\0\0\0\0\0\x06\0\0\x0d\x0f\x03\0\0\
\0\0\0\0\xa2\0\0\0\0\0\0\0\xca\x02\0\0\0\0\0\0\x06\x03\0\0\0\0\0\0\x12\x03\0\0\
\0\0\0\0\x02\x02\0\0\0\0\0\0\xf6\0\0\0\xb3\x6f\0\0\0\0\0\x08\x10\x03\0\0\xbb\
\x6f\0\0\0\0\0\x08\x11\x03\0\0\xcc\x6f\0\0\0\0\0\x08\xae\0\0\0\0\0\0\0\0\0\0\
\x02\x2a\0\0\0\0\0\0\0\0\0\0\x02\x14\x03\0\0\0\0\0\0\x04\0\0\x0d\x02\0\0\0\0\0\
\0\0\xa2\0\0\0\0\0\0\0\xca\x02\0\0\0\0\0\0\x06\x03\0\0\0\0\0\0\x96\0\0\0\0\0\0\
\0\0\0\0\x02\x02\x03\0\0\0\0\0\0\0\0\0\x02\x06\x03\0\0\0\0\0\0\0\0\0\x03\0\0\0\
\0\xf6\x02\0\0\x04\0\0\0\x04\0\0\0\0\0\0\0\0\0\0\x02\x19\x03\0\0\0\0\0\0\0\0\0\
\x0a\x3e\x04\0\0\xdc\x6f\0\0\x02\0\0\x04\x04\0\0\0\xee\x10\0\0\x1d\0\0\0\0\0\0\
\0\xd3\x1e\0\0\x1d\0\0\0\x10\0\0\0\0\0\0\0\0\0\0\x03\0\0\0\0\x1a\x03\0\0\x04\0\
\0\0\x10\0\0\0\0\0\0\0\0\0\0\x03\0\0\0\0\x18\0\0\0\x04\0\0\0\x10\0\0\0\0\0\0\0\
\0\0\0\x02\x40\x04\0\0\0\0\0\0\0\0\0\x02\x1f\x03\0\0\x29\x63\0\0\0\0\0\x07\0\0\
\0\0\0\0\0\0\0\0\0\x02\x26\x04\0\0\0\0\0\0\0\0\0\x02\x22\x03\0\0\0\0\0\0\0\0\0\
\x0a\x42\x04\0\0\0\0\0\0\0\0\0\x02\x24\x03\0\0\x9b\x63\0\0\0\0\0\x07\0\0\0\0\
\xea\x6f\0\0\x02\0\0\x04\x10\0\0\0\x2f\x23\0\0\x78\x01\0\0\0\0\0\0\xf9\x6f\0\0\
\x26\x03\0\0\x40\0\0\0\0\0\0\0\0\0\0\x02\x43\x04\0\0\0\0\0\0\0\0\0\x03\0\0\0\0\
\x25\x03\0\0\x04\0\0\0\x03\0\0\0\0\0\0\0\0\0\0\x02\x29\x03\0\0\0\0\0\0\x01\0\0\
\x0d\xcf\x01\0\0\0\0\0\0\xcf\x01\0\0\0\0\0\0\0\0\0\x02\x2b\x03\0\0\0\0\0\0\x05\
\0\0\x0d\0\0\0\0\0\0\0\0\xcf\x01\0\0\0\0\0\0\x8d\x01\0\0\0\0\0\0\xb4\x01\0\0\0\
\0\0\0\x14\0\0\0\0\0\0\0\x33\0\0\0\0\0\0\0\0\0\0\x02\x2d\x03\0\0\0\0\0\0\x03\0\
\0\x0d\0\0\0\0\0\0\0\0\xcf\x01\0\0\0\0\0\0\x8d\x01\0\0\0\0\0\0\xb4\x01\0\0\0\0\
\0\0\0\0\0\x02\x2f\x03\0\0\0\0\0\0\x03\0\0\x0d\x30\x03\0\0\0\0\0\0\x73\x02\0\0\
\0\0\0\0\xb4\x01\0\0\0\0\0\0\x58\0\0\0\0\0\0\0\0\0\0\x02\x31\x03\0\0\xfe\x6f\0\
\0\x1a\0\0\x04\x60\x01\0\0\x5e\x11\0\0\x30\x03\0\0\0\0\0\0\x08\x70\0\0\x32\x03\
\0\0\x40\0\0\0\x0c\x70\0\0\x33\x03\0\0\x80\0\0\0\x12\x70\0\0\x55\0\0\0\xc0\0\0\
\0\x1c\x70\0\0\x55\0\0\0\0\x01\0\0\x68\x19\0\0\xbb\x01\0\0\x40\x01\0\0\x21\x36\
\0\0\x5b\0\0\0\x80\x01\0\0\x24\x70\0\0\x16\0\0\0\xa0\x01\0\0\x38\x70\0\0\xb3\
\x01\0\0\xc0\x01\0\0\x2c\x36\0\0\x29\x01\0\0\x80\x02\0\0\x18\x4e\0\0\x55\0\0\0\
\xc0\x03\0\0\x42\x70\0\0\x5d\0\0\0\0\x04\0\0\xcc\x06\0\0\x19\0\0\0\x20\x04\0\0\
\x49\x70\0\0\x19\0\0\0\x28\x04\0\0\x19\0\0\0\x19\0\0\0\x30\x04\0\0\x69\x38\0\0\
\x19\0\0\0\x38\x04\0\0\x6e\0\0\0\x18\0\0\0\x40\x04\0\0\x53\x70\0\0\x5d\x02\0\0\
\x60\x04\0\0\x5b\x70\0\0\x9f\x02\0\0\xc0\x04\0\0\x5e\x70\0\0\x34\x03\0\0\xc0\
\x05\0\0\x9a\x4b\0\0\x36\x03\0\0\x40\x09\0\0\x5c\x2d\0\0\x38\x03\0\0\x80\x09\0\
\0\x61\x70\0\0\x6a\0\0\0\xc0\x09\0\0\x91\x1b\0\0\xe5\0\0\0\x40\x0a\0\0\x37\x3c\
\0\0\xe0\x01\0\0\xc0\x0a\0\0\x69\x70\0\0\x3a\x03\0\0\0\x0b\0\0\0\0\0\0\0\0\0\
\x02\x18\x04\0\0\0\0\0\0\0\0\0\x02\xf6\x03\0\0\x75\x70\0\0\x03\0\0\x04\x70\0\0\
\0\x7e\x70\0\0\x16\0\0\0\0\0\0\0\x85\x70\0\0\x5d\x02\0\0\x20\0\0\0\x8d\x70\0\0\
\x35\x03\0\0\x80\0\0\0\0\0\0\0\0\0\0\x03\0\0\0\0\x55\0\0\0\x04\0\0\0\x0c\0\0\0\
\0\0\0\0\0\0\0\x02\x37\x03\0\0\0\0\0\0\x02\0\0\x0d\x02\0\0\0\0\0\0\0\x30\x03\0\
\0\0\0\0\0\xb4\x01\0\0\0\0\0\0\0\0\0\x02\x39\x03\0\0\0\0\0\0\0\0\0\x0a\x19\x04\
\0\0\0\0\0\0\0\0\0\x03\0\0\0\0\x18\0\0\0\x04\0\0\0\0\0\0\0\0\0\0\0\0\0\0\x02\
\x3c\x03\0\0\0\0\0\0\x02\0\0\x0d\0\0\0\0\0\0\0\0\x73\x02\0\0\0\0\0\0\x58\0\0\0\
\0\0\0\0\0\0\0\x02\x0b\x04\0\0\x95\x70\0\0\x04\0\0\x04\x28\0\0\0\x68\x19\0\0\
\xc4\0\0\0\0\0\0\0\xee\x10\0\0\x2f\0\0\0\x40\0\0\0\xe6\x1b\0\0\x6a\0\0\0\x80\0\
\0\0\xa4\x70\0\0\x3f\x03\0\0\0\x01\0\0\0\0\0\0\0\0\0\x02\x76\x01\0\0\xad\x70\0\
\0\x28\0\0\x04\xb8\0\0\0\xbf\x70\0\0\x42\x02\0\0\0\0\0\0\x3f\x50\0\0\x42\x02\0\
\0\x40\0\0\0\xc3\x70\0\0\x42\x02\0\0\x80\0\0\0\x2c\x50\0\0\x42\x02\0\0\xc0\0\0\
\0\xcc\x70\0\0\x42\x02\0\0\0\x01\0\0\xd6\x70\0\0\x02\0\0\0\x40\x01\0\0\xe2\x70\
\0\0\x02\0\0\0\x60\x01\0\0\xf2\x70\0\0\x02\0\0\0\x80\x01\0\0\x09\x71\0\0\x02\0\
\0\0\xa0\x01\0\0\x1b\x71\0\0\x02\0\0\0\xc0\x01\0\0\x2e\x71\0\0\x02\0\0\0\xe0\
\x01\0\0\x43\x71\0\0\x02\0\0\0\0\x02\0\0\x56\x71\0\0\x02\0\0\0\x20\x02\0\0\x68\
\x71\0\0\x14\0\0\0\x40\x02\0\0\x7e\x71\0\0\x18\0\0\0\x60\x02\0\0\x94\x71\0\0\
\x18\0\0\0\x68\x02\0\0\x9f\x71\0\0\x18\0\0\0\x70\x02\0\0\xb5\x71\0\0\x18\0\0\0\
\x78\x02\0\0\xc5\x71\0\0\x02\0\0\0\x80\x02\0\0\xd1\x71\0\0\x18\0\0\0\xa0\x02\0\
\0\xe8\x71\0\0\x18\0\0\0\xa8\x02\0\0\x05\x72\0\0\x18\0\0\0\xb0\x02\0\0\x20\x72\
\0\0\x41\x03\0\0\xc0\x02\0\0\x30\x72\0\0\x66\x02\0\0\xc0\x03\0\0\x44\x72\0\0\
\x18\0\0\0\0\x04\0\0\x5b\x72\0\0\x18\0\0\0\x08\x04\0\0\x6c\x72\0\0\x18\0\0\0\
\x10\x04\0\0\x7b\x72\0\0\x18\0\0\0\x18\x04\0\0\x92\x72\0\0\x02\0\0\0\x20\x04\0\
\0\xa0\x72\0\0\x02\0\0\0\x40\x04\0\0\xac\x72\0\0\x02\0\0\0\x60\x04\0\0\xbe\x72\
\0\0\x02\0\0\0\x80\x04\0\0\xcf\x72\0\0\x02\0\0\0\xa0\x04\0\0\xe0\x72\0\0\x02\0\
\0\0\xc0\x04\0\0\xf1\x72\0\0\x02\0\0\0\xe0\x04\0\0\x02\x73\0\0\x02\0\0\0\0\x05\
\0\0\x11\x73\0\0\x14\0\0\0\x20\x05\0\0\x1a\x73\0\0\x21\0\0\0\x40\x05\0\0\x28\
\x73\0\0\x02\0\0\0\x80\x05\0\0\x40\x73\0\0\x18\0\0\0\xa0\x05\0\0\0\0\0\0\0\0\0\
\x03\0\0\0\0\x55\0\0\0\x04\0\0\0\x04\0\0\0\0\0\0\0\0\0\0\x02\x1a\x04\0\0\0\0\0\
\0\0\0\0\x02\x1b\x04\0\0\0\0\0\0\0\0\0\x02\xfb\x03\0\0\0\0\0\0\0\0\0\x02\x1e\
\x04\0\0\0\0\0\0\0\0\0\x02\x1c\x04\0\0\0\0\0\0\0\0\0\x02\x1f\x04\0\0\0\0\0\0\
\x03\0\0\x04\x10\0\0\0\xc2\x28\0\0\x87\0\0\0\0\0\0\0\x68\x19\0\0\xfd\0\0\0\x40\
\0\0\0\xc8\x4f\0\0\x14\0\0\0\x60\0\0\0\0\0\0\0\0\0\0\x02\x20\x04\0\0\x5a\x73\0\
\0\x07\0\0\x04\xd0\0\0\0\x63\x73\0\0\x31\x02\0\0\0\0\0\0\x72\x73\0\0\x60\x03\0\
\0\x40\0\0\0\x7d\x73\0\0\x42\x02\0\0\x80\x03\0\0\x8f\x73\0\0\x6a\x03\0\0\xc0\
\x03\0\0\x9a\x73\0\0\x6a\x03\0\0\0\x05\0\0\xa5\x73\0\0\x16\0\0\0\x40\x06\0\0\
\xb7\x73\0\0\x16\0\0\0\x60\x06\0\0\0\0\0\0\0\0\0\x02\x4c\x03\0\0\0\0\0\0\0\0\0\
\x0a\x4d\x03\0\0\xc9\x73\0\0\x04\0\0\x04\x20\0\0\0\xf3\x5d\0\0\x12\x03\0\0\0\0\
\0\0\x19\0\0\0\x4e\x03\0\0\x40\0\0\0\xd3\x73\0\0\x4f\x03\0\0\x80\0\0\0\xd9\x73\
\0\0\x5f\x03\0\0\xc0\0\0\0\xdc\x73\0\0\x03\0\0\x06\x04\0\0\0\xe8\x73\0\0\0\0\0\
\0\xf8\x73\0\0\x01\0\0\0\x09\x74\0\0\x02\0\0\0\0\0\0\0\0\0\0\x02\x50\x03\0\0\
\x19\x74\0\0\0\0\0\x08\x51\x03\0\0\0\0\0\0\x08\0\0\x0d\0\0\0\0\0\0\0\0\xa2\x01\
\0\0\0\0\0\0\x52\x03\0\0\0\0\0\0\x16\0\0\0\0\0\0\0\x53\x03\0\0\0\0\0\0\x55\x03\
\0\0\0\0\0\0\x55\x03\0\0\0\0\0\0\x57\x03\0\0\0\0\0\0\x9d\0\0\0\x22\x74\0\0\0\0\
\0\x08\x18\0\0\0\0\0\0\0\0\0\0\x02\x54\x03\0\0\0\0\0\0\0\0\0\x0a\xdc\x01\0\0\0\
\0\0\0\0\0\0\x02\x56\x03\0\0\0\0\0\0\0\0\0\x0a\x7b\x02\0\0\0\0\0\0\0\0\0\x02\
\x58\x03\0\0\0\0\0\0\0\0\0\x0a\x59\x03\0\0\x2b\x74\0\0\x02\0\0\x04\x10\0\0\0\
\x19\0\0\0\x52\x03\0\0\0\0\0\0\x36\x74\0\0\x5a\x03\0\0\x20\0\0\0\0\0\0\0\x02\0\
\0\x05\x0c\0\0\0\x38\x74\0\0\x5b\x03\0\0\0\0\0\0\x3d\x74\0\0\x5e\x03\0\0\0\0\0\
\0\0\0\0\0\x04\0\0\x04\x0c\0\0\0\x41\x74\0\0\x5c\x03\0\0\0\0\0\0\x54\x5f\0\0\
\x5d\x03\0\0\x20\0\0\0\x4a\x74\0\0\x5d\x03\0\0\x30\0\0\0\xcc\x06\0\0\x5d\x03\0\
\0\x40\0\0\0\x55\x74\0\0\0\0\0\x08\x14\0\0\0\x5f\x74\0\0\0\0\0\x08\x1d\0\0\0\0\
\0\0\0\x02\0\0\x04\x02\0\0\0\x69\x74\0\0\x52\x03\0\0\0\0\0\0\x6f\x74\0\0\x52\
\x03\0\0\x08\0\0\0\0\0\0\0\0\0\0\x02\xe0\x03\0\0\0\0\0\0\0\0\0\x03\0\0\0\0\x4b\
\x03\0\0\x04\0\0\0\x0d\0\0\0\x78\x74\0\0\x02\0\0\x04\x08\0\0\0\x88\x74\0\0\x1d\
\0\0\0\0\0\0\0\x99\x74\0\0\x69\x03\0\0\x40\0\0\0\x9f\x74\0\0\x02\0\0\x04\x10\0\
\0\0\xad\x74\0\0\x63\x03\0\0\0\0\0\0\xb2\x74\0\0\x5a\0\0\0\x40\0\0\0\0\0\0\0\0\
\0\0\x02\x64\x03\0\0\xb7\x74\0\0\0\0\0\x08\x65\x03\0\0\0\0\0\0\x03\0\0\x0d\x16\
\0\0\0\0\0\0\0\x5a\0\0\0\0\0\0\0\xb4\x01\0\0\0\0\0\0\x66\x03\0\0\0\0\0\0\0\0\0\
\x02\x67\x03\0\0\0\0\0\0\0\0\0\x0a\x68\x03\0\0\xc1\x74\0\0\x07\0\0\x04\x30\0\0\
\0\xad\x74\0\0\x18\0\0\0\0\0\0\0\xcf\x74\0\0\x18\0\0\0\x08\0\0\0\xd2\x74\0\0\
\xe0\x01\0\0\x40\0\0\0\xd5\x74\0\0\xe0\x01\0\0\x80\0\0\0\x59\x2d\0\0\x8d\x01\0\
\0\xc0\0\0\0\xea\x34\0\0\xa2\x01\0\0\0\x01\0\0\xd9\x74\0\0\x28\x02\0\0\x40\x01\
\0\0\0\0\0\0\0\0\0\x03\0\0\0\0\x62\x03\0\0\x04\0\0\0\0\0\0\0\0\0\0\0\0\0\0\x03\
\0\0\0\0\xb0\x02\0\0\x04\0\0\0\x05\0\0\0\xde\x74\0\0\x0b\0\0\x04\x88\0\0\0\xe7\
\x74\0\0\x33\0\0\0\0\0\0\0\xfc\x74\0\0\x18\0\0\0\x08\0\0\0\x0f\x75\0\0\x18\0\0\
\0\x10\0\0\0\x1d\x75\0\0\x18\0\0\0\x18\0\0\0\x29\x75\0\0\x18\0\0\0\x20\0\0\0\
\x43\x75\0\0\x18\0\0\0\x28\0\0\0\x51\x75\0\0\x18\0\0\0\x30\0\0\0\x61\x75\0\0\
\x6c\x03\0\0\x40\0\0\0\x6c\x75\0\0\x6d\x03\0\0\x80\0\0\0\x71\x75\0\0\x6e\x03\0\
\0\xc0\0\0\0\x87\x75\0\0\x6f\x03\0\0\0\x01\0\0\0\0\0\0\0\0\0\x02\x21\x04\0\0\0\
\0\0\0\0\0\0\x02\x22\x04\0\0\0\0\0\0\0\0\0\x02\x23\x04\0\0\x93\x75\0\0\x06\0\0\
\x04\x68\0\0\0\x9d\x75\0\0\x70\x03\0\0\0\0\0\0\xa5\x75\0\0\x71\x03\0\0\x20\0\0\
\0\xa9\x75\0\0\x73\x03\0\0\0\x02\0\0\xad\x75\0\0\x75\x03\0\0\x40\x02\0\0\xb2\
\x75\0\0\x75\x03\0\0\x60\x02\0\0\xb9\x75\0\0\x76\x03\0\0\x80\x02\0\0\xbd\x75\0\
\0\x01\0\0\x04\x04\0\0\0\x24\x13\0\0\x16\0\0\0\0\0\0\0\xcc\x75\0\0\x05\0\0\x04\
\x3c\0\0\0\xd7\x75\0\0\x72\x03\0\0\0\0\0\0\xe0\x75\0\0\x18\0\0\0\xc0\x01\0\0\
\xea\x75\0\0\x18\0\0\0\xc8\x01\0\0\xf9\x75\0\0\x18\0\0\0\xd0\x01\0\0\x09\x76\0\
\0\x18\0\0\0\xd8\x01\0\0\0\0\0\0\0\0\0\x03\0\0\0\0\x16\0\0\0\x04\0\0\0\x0e\0\0\
\0\x20\x76\0\0\x01\0\0\x04\x08\0\0\0\xd7\x75\0\0\x74\x03\0\0\0\0\0\0\0\0\0\0\0\
\0\0\x03\0\0\0\0\x16\0\0\0\x04\0\0\0\x02\0\0\0\x2b\x76\0\0\x01\0\0\x04\x04\0\0\
\0\x24\x13\0\0\x16\0\0\0\0\0\0\0\x37\x76\0\0\x02\0\0\x04\x18\0\0\0\x42\x76\0\0\
\x6a\0\0\0\0\0\0\0\xd7\x75\0\0\x74\x03\0\0\x80\0\0\0\0\0\0\0\0\0\0\x02\xfa\x03\
\0\0\x4e\x76\0\0\x03\0\0\x04\x40\0\0\0\x58\x76\0\0\x85\x03\0\0\0\0\0\0\x62\x76\
\0\0\x95\x03\0\0\x80\0\0\0\x42\x68\0\0\x96\x03\0\0\0\x01\0\0\0\0\0\0\0\0\0\x02\
\x7a\x03\0\0\x68\x76\0\0\x02\0\0\x04\x10\0\0\0\x91\x1b\0\0\xe5\0\0\0\0\0\0\0\
\x77\x76\0\0\x84\x03\0\0\x80\0\0\0\x7d\x76\0\0\x02\0\0\x04\x18\0\0\0\x2f\x23\0\
\0\x78\x01\0\0\0\0\0\0\0\0\0\0\x7c\x03\0\0\x40\0\0\0\0\0\0\0\x02\0\0\x05\x10\0\
\0\0\x91\x76\0\0\x83\x03\0\0\0\0\0\0\x34\x23\0\0\x21\0\0\0\0\0\0\0\0\0\0\0\0\0\
\0\x02\x7e\x03\0\0\xa0\x76\0\0\x07\0\0\x04\x68\0\0\0\0\0\0\0\x7f\x03\0\0\0\0\0\
\0\xb3\x76\0\0\x81\x03\0\0\x40\0\0\0\x62\x04\0\0\x82\x03\0\0\x80\0\0\0\xb7\x76\
\0\0\x6a\0\0\0\0\x01\0\0\xc0\x76\0\0\x6a\0\0\0\x80\x01\0\0\x18\x14\0\0\x68\0\0\
\0\0\x02\0\0\x91\x1b\0\0\xe5\0\0\0\xc0\x02\0\0\0\0\0\0\x02\0\0\x05\x08\0\0\0\
\xc8\x76\0\0\x80\x03\0\0\0\0\0\0\xcc\x76\0\0\x5a\0\0\0\0\0\0\0\0\0\0\0\0\0\0\
\x02\x2d\x04\0\0\0\0\0\0\0\0\0\x02\x2e\x04\0\0\xd7\x76\0\0\x02\0\0\x04\x10\0\0\
\0\xee\x76\0\0\x22\0\0\0\0\0\0\0\xfe\x76\0\0\x15\0\0\0\x40\0\0\0\0\0\0\0\0\0\0\
\x03\0\0\0\0\x7d\x03\0\0\x04\0\0\0\x02\0\0\0\0\0\0\0\0\0\0\x03\0\0\0\0\x7b\x03\
\0\0\x04\0\0\0\0\0\0\0\0\0\0\0\0\0\0\x03\0\0\0\0\x79\x03\0\0\x04\0\0\0\x02\0\0\
\0\x0a\x77\0\0\x19\0\0\x84\x48\0\0\0\x13\x77\0\0\x1d\0\0\0\0\0\0\0\x19\x77\0\0\
\x1d\0\0\0\x10\0\0\x01\x1f\x77\0\0\x1d\0\0\0\x11\0\0\x01\x2d\x77\0\0\x1d\0\0\0\
\x12\0\0\x01\x3c\x77\0\0\x1d\0\0\0\x13\0\0\x01\x46\x77\0\0\x1d\0\0\0\x14\0\0\
\x01\x51\x77\0\0\x1d\0\0\0\x15\0\0\x01\x59\x77\0\0\x1d\0\0\0\x16\0\0\x01\x61\
\x77\0\0\x1d\0\0\0\x17\0\0\x01\x71\x77\0\0\x1d\0\0\0\x18\0\0\x01\x83\x77\0\0\
\x1d\0\0\0\x19\0\0\x01\xa0\x77\0\0\x1d\0\0\0\x1a\0\0\x01\xaf\x77\0\0\x1d\0\0\0\
\x1b\0\0\x01\x19\0\0\0\x87\x03\0\0\x20\0\0\0\xc0\x77\0\0\x88\x03\0\0\x40\0\0\0\
\x30\x28\0\0\x14\0\0\0\x60\0\0\0\xd5\x77\0\0\x14\0\0\0\x80\0\0\0\xdf\x77\0\0\
\x89\x03\0\0\xa0\0\0\0\xbb\x07\0\0\x8a\x03\0\0\0\x01\0\0\xe2\x14\0\0\x40\0\0\0\
\x40\x01\0\0\xe3\x77\0\0\x8b\x03\0\0\x80\x01\0\0\xec\x77\0\0\x90\x03\0\0\xc0\
\x01\0\0\xf0\x77\0\0\x91\x03\0\0\0\x02\0\0\xfa\x77\0\0\x93\x03\0\0\x40\x02\0\0\
\0\x78\0\0\x94\x03\0\0\x40\x02\0\0\x07\x78\0\0\x20\0\0\x06\x04\0\0\0\x15\x78\0\
\0\0\0\0\0\x2a\x78\0\0\x01\0\0\0\x46\x78\0\0\x02\0\0\0\x5b\x78\0\0\x03\0\0\0\
\x73\x78\0\0\x04\0\0\0\x8b\x78\0\0\x05\0\0\0\xa4\x78\0\0\x06\0\0\0\xb6\x78\0\0\
\x07\0\0\0\xcf\x78\0\0\x08\0\0\0\xe8\x78\0\0\x09\0\0\0\x02\x79\0\0\x0a\0\0\0\
\x17\x79\0\0\x0b\0\0\0\x2d\x79\0\0\x0c\0\0\0\x44\x79\0\0\x0d\0\0\0\x5b\x79\0\0\
\x0e\0\0\0\x70\x79\0\0\x0f\0\0\0\x8c\x79\0\0\x10\0\0\0\xa1\x79\0\0\x11\0\0\0\
\xbe\x79\0\0\x12\0\0\0\xdd\x79\0\0\x13\0\0\0\xf9\x79\0\0\x14\0\0\0\x12\x7a\0\0\
\x15\0\0\0\x2d\x7a\0\0\x16\0\0\0\x4a\x7a\0\0\x17\0\0\0\x66\x7a\0\0\x18\0\0\0\
\x8c\x7a\0\0\x19\0\0\0\xa9\x7a\0\0\x1a\0\0\0\xbf\x7a\0\0\x1b\0\0\0\xd8\x7a\0\0\
\x1c\0\0\0\xea\x7a\0\0\x1d\0\0\0\xfc\x7a\0\0\x1e\0\0\0\x14\x7b\0\0\x1f\0\0\0\
\x2a\x7b\0\0\x2b\0\0\x06\x04\0\0\0\x3a\x7b\0\0\0\0\0\0\x52\x7b\0\0\x01\0\0\0\
\x69\x7b\0\0\x02\0\0\0\x85\x7b\0\0\x03\0\0\0\x99\x7b\0\0\x04\0\0\0\xb2\x7b\0\0\
\x05\0\0\0\xcc\x7b\0\0\x06\0\0\0\xde\x7b\0\0\x07\0\0\0\xf1\x7b\0\0\x08\0\0\0\
\x07\x7c\0\0\x09\0\0\0\x1d\x7c\0\0\x0a\0\0\0\x36\x7c\0\0\x0b\0\0\0\x4f\x7c\0\0\
\x0c\0\0\0\x6a\x7c\0\0\x0d\0\0\0\x85\x7c\0\0\x0e\0\0\0\x9d\x7c\0\0\x0f\0\0\0\
\xb5\x7c\0\0\x10\0\0\0\xc4\x7c\0\0\x11\0\0\0\xd7\x7c\0\0\x12\0\0\0\xe9\x7c\0\0\
\x13\0\0\0\x01\x7d\0\0\x14\0\0\0\x19\x7d\0\0\x15\0\0\0\x2f\x7d\0\0\x16\0\0\0\
\x45\x7d\0\0\x17\0\0\0\x56\x7d\0\0\x18\0\0\0\x67\x7d\0\0\x19\0\0\0\x77\x7d\0\0\
\x1a\0\0\0\x89\x7d\0\0\x1b\0\0\0\x95\x7d\0\0\x1c\0\0\0\xa4\x7d\0\0\x1d\0\0\0\
\xc1\x7d\0\0\x1e\0\0\0\xde\x7d\0\0\x1f\0\0\0\xfb\x7d\0\0\x20\0\0\0\x18\x7e\0\0\
\x21\0\0\0\x27\x7e\0\0\x22\0\0\0\x44\x7e\0\0\x23\0\0\0\x53\x7e\0\0\x24\0\0\0\
\x61\x7e\0\0\x25\0\0\0\x69\x7e\0\0\x26\0\0\0\x7c\x7e\0\0\x27\0\0\0\x94\x7e\0\0\
\x28\0\0\0\xb7\x7e\0\0\x29\0\0\0\xc6\x7e\0\0\x2a\0\0\0\0\0\0\0\0\0\0\x03\0\0\0\
\0\x18\0\0\0\x04\0\0\0\x08\0\0\0\0\0\0\0\0\0\0\x02\x24\x04\0\0\0\0\0\0\0\0\0\
\x02\x8c\x03\0\0\0\0\0\0\x02\0\0\x0d\x16\0\0\0\0\0\0\0\x58\0\0\0\0\0\0\0\x8d\
\x03\0\0\0\0\0\0\0\0\0\x02\x8e\x03\0\0\0\0\0\0\0\0\0\x0a\x8f\x03\0\0\xdc\x7e\0\
\0\x05\0\0\x84\x08\0\0\0\xe5\x7e\0\0\x19\0\0\0\0\0\0\0\xea\x7e\0\0\x19\0\0\0\
\x08\0\0\x04\xf2\x7e\0\0\x19\0\0\0\x0c\0\0\x04\xfa\x7e\0\0\xb7\x02\0\0\x10\0\0\
\0\xfe\x7e\0\0\x42\x01\0\0\x20\0\0\0\0\0\0\0\0\0\0\x02\x25\x04\0\0\0\0\0\0\0\0\
\0\x02\x2c\x04\0\0\x02\x7f\0\0\x04\0\0\x04\x08\0\0\0\xe5\x7e\0\0\x1e\0\0\0\0\0\
\0\0\x0e\x7f\0\0\x19\0\0\0\x10\0\0\0\x11\x7f\0\0\x19\0\0\0\x18\0\0\0\x14\x7f\0\
\0\x15\0\0\0\x20\0\0\0\0\0\0\0\0\0\0\x03\0\0\0\0\x92\x03\0\0\x04\0\0\0\0\0\0\0\
\0\0\0\0\0\0\0\x03\0\0\0\0\x8f\x03\0\0\x04\0\0\0\0\0\0\0\0\0\0\0\0\0\0\x03\0\0\
\0\0\x78\x01\0\0\x04\0\0\0\x02\0\0\0\0\0\0\0\0\0\0\x03\0\0\0\0\x6a\0\0\0\x04\0\
\0\0\x02\0\0\0\x16\x7f\0\0\x21\0\0\x04\x40\x03\0\0\x21\x7f\0\0\x6a\0\0\0\0\0\0\
\0\x2b\x7f\0\0\x07\x02\0\0\x80\0\0\0\x37\x7f\0\0\x07\x02\0\0\xc0\0\0\0\x43\x7f\
\0\0\x07\x02\0\0\0\x01\0\0\x4f\x7f\0\0\x07\x02\0\0\x40\x01\0\0\x5b\x7f\0\0\x16\
\0\0\0\x80\x01\0\0\x67\x7f\0\0\x16\0\0\0\xa0\x01\0\0\x71\x7f\0\0\x1a\x02\0\0\
\xc0\x01\0\0\x81\x7f\0\0\x6a\0\0\0\xc0\x02\0\0\x8c\x7f\0\0\x07\x02\0\0\x40\x03\
\0\0\x99\x7f\0\0\x16\0\0\0\x80\x03\0\0\xaa\x7f\0\0\x16\0\0\0\xa0\x03\0\0\xb8\
\x7f\0\0\x98\x03\0\0\xc0\x03\0\0\xc7\x7f\0\0\x9a\x03\0\0\x80\x04\0\0\xd4\x7f\0\
\0\x9b\x03\0\0\0\x06\0\0\xe1\x7f\0\0\x1a\x02\0\0\xc0\x06\0\0\xf2\x7f\0\0\x9c\
\x03\0\0\xc0\x07\0\0\x01\x80\0\0\x6a\0\0\0\x40\x09\0\0\x0e\x80\0\0\x8d\x01\0\0\
\xc0\x09\0\0\x13\x80\0\0\x8d\x01\0\0\0\x0a\0\0\x1e\x80\0\0\x14\0\0\0\x40\x0a\0\
\0\x32\x80\0\0\x14\0\0\0\x60\x0a\0\0\x47\x80\0\0\x02\0\0\0\x80\x0a\0\0\x5a\x80\
\0\0\x14\0\0\0\xa0\x0a\0\0\x6d\x80\0\0\xc1\x01\0\0\xc0\x0a\0\0\x3f\x4e\0\0\x42\
\x02\0\0\0\x0b\0\0\x7c\x80\0\0\x6c\x02\0\0\0\x0c\0\0\x8a\x80\0\0\x6c\x02\0\0\0\
\x12\0\0\x98\x80\0\0\xfd\0\0\0\0\x18\0\0\xa8\x80\0\0\x0e\x01\0\0\x20\x18\0\0\
\xc3\x80\0\0\x0e\x01\0\0\x40\x18\0\0\xdf\x80\0\0\xfd\0\0\0\x60\x18\0\0\xf0\x80\
\0\0\x16\x01\0\0\x80\x18\0\0\0\0\0\0\0\0\0\x03\0\0\0\0\x87\0\0\0\x04\0\0\0\x03\
\0\0\0\xff\x80\0\0\x06\0\0\x04\x10\0\0\0\x10\x81\0\0\x07\x02\0\0\0\0\0\0\x16\
\x81\0\0\x16\0\0\0\x40\0\0\0\x1c\x81\0\0\x18\0\0\0\x60\0\0\0\x23\x81\0\0\x18\0\
\0\0\x68\0\0\0\x2a\x81\0\0\x18\0\0\0\x70\0\0\0\x31\x81\0\0\x18\0\0\0\x78\0\0\0\
\0\0\0\0\0\0\0\x03\0\0\0\0\x99\x03\0\0\x04\0\0\0\x03\0\0\0\0\0\0\0\0\0\0\x03\0\
\0\0\0\x16\0\0\0\x04\0\0\0\x06\0\0\0\x38\x81\0\0\x06\0\0\x04\x30\0\0\0\xd9\x6b\
\0\0\x1a\x02\0\0\0\0\0\0\x68\x19\0\0\x5d\x02\0\0\0\x01\0\0\x4c\x81\0\0\x18\0\0\
\0\x40\x01\0\0\x53\x81\0\0\x18\0\0\0\x48\x01\0\0\x5a\x81\0\0\x18\0\0\0\x50\x01\
\0\0\x61\x81\0\0\x18\0\0\0\x58\x01\0\0\0\0\0\0\0\0\0\x02\xf5\x03\0\0\x5c\x84\0\
\0\x0a\0\0\x84\x14\0\0\0\x62\x84\0\0\x19\0\0\0\0\0\0\x04\x66\x84\0\0\x19\0\0\0\
\x04\0\0\x04\x6e\x84\0\0\x19\0\0\0\x08\0\0\0\x72\x84\0\0\x9c\x01\0\0\x10\0\0\0\
\xd9\x22\0\0\x9c\x01\0\0\x20\0\0\0\x7a\x84\0\0\x9c\x01\0\0\x30\0\0\0\x83\x84\0\
\0\x19\0\0\0\x40\0\0\0\x6e\0\0\0\x19\0\0\0\x48\0\0\0\x4b\x5d\0\0\x9f\x03\0\0\
\x50\0\0\0\0\0\0\0\xa0\x03\0\0\x60\0\0\0\x87\x84\0\0\0\0\0\x08\x1e\0\0\0\0\0\0\
\0\x02\0\0\x05\x08\0\0\0\0\0\0\0\xa1\x03\0\0\0\0\0\0\x8f\x84\0\0\xa2\x03\0\0\0\
\0\0\0\0\0\0\0\x02\0\0\x04\x08\0\0\0\xfb\x36\0\0\x96\x01\0\0\0\0\0\0\xf5\x36\0\
\0\x96\x01\0\0\x20\0\0\0\0\0\0\0\x02\0\0\x04\x08\0\0\0\xfb\x36\0\0\x96\x01\0\0\
\0\0\0\0\xf5\x36\0\0\x96\x01\0\0\x20\0\0\0\x84\x86\0\0\x11\0\0\x84\x14\0\0\0\
\x8b\x86\0\0\x9c\x01\0\0\0\0\0\0\x92\x86\0\0\x9c\x01\0\0\x10\0\0\0\xc8\x4f\0\0\
\x96\x01\0\0\x20\0\0\0\x97\x86\0\0\x96\x01\0\0\x40\0\0\0\x9f\x86\0\0\x1e\0\0\0\
\x60\0\0\x04\xa4\x86\0\0\x1e\0\0\0\x64\0\0\x04\xa9\x86\0\0\x1e\0\0\0\x68\0\0\
\x01\xad\x86\0\0\x1e\0\0\0\x69\0\0\x01\xb1\x86\0\0\x1e\0\0\0\x6a\0\0\x01\xb5\
\x86\0\0\x1e\0\0\0\x6b\0\0\x01\xb9\x86\0\0\x1e\0\0\0\x6c\0\0\x01\xbd\x86\0\0\
\x1e\0\0\0\x6d\0\0\x01\xc1\x86\0\0\x1e\0\0\0\x6e\0\0\x01\xc5\x86\0\0\x1e\0\0\0\
\x6f\0\0\x01\xc9\x86\0\0\x9c\x01\0\0\x70\0\0\0\x4b\x5d\0\0\x9f\x03\0\0\x80\0\0\
\0\xd0\x86\0\0\x9c\x01\0\0\x90\0\0\0\x4b\x87\0\0\x04\0\0\x04\x08\0\0\0\x8b\x86\
\0\0\x9c\x01\0\0\0\0\0\0\x92\x86\0\0\x9c\x01\0\0\x10\0\0\0\x30\x28\0\0\x9c\x01\
\0\0\x20\0\0\0\x4b\x5d\0\0\x9f\x03\0\0\x30\0\0\0\0\0\0\0\x01\0\0\x0d\x02\0\0\0\
\x1b\x05\0\0\x50\0\0\0\xa7\x8a\0\0\x01\0\0\x0c\xa5\x03\0\0\0\0\0\0\x01\0\0\x0d\
\x02\0\0\0\x1b\x05\0\0\x50\0\0\0\x73\x8b\0\0\x01\0\0\x0c\xa7\x03\0\0\x50\x8c\0\
\0\x07\0\0\x84\x28\0\0\0\x38\x36\0\0\x19\0\0\0\0\0\0\x04\x66\x84\0\0\x19\0\0\0\
\x04\0\0\x04\x58\x8c\0\0\xaa\x03\0\0\x08\0\0\0\x61\x8c\0\0\x9c\x01\0\0\x20\0\0\
\0\x6d\x8c\0\0\x19\0\0\0\x30\0\0\0\x75\x8c\0\0\x19\0\0\0\x38\0\0\0\0\0\0\0\xab\
\x03\0\0\x40\0\0\0\0\0\0\0\0\0\0\x03\0\0\0\0\x19\0\0\0\x04\0\0\0\x03\0\0\0\0\0\
\0\0\x02\0\0\x05\x20\0\0\0\0\0\0\0\xac\x03\0\0\0\0\0\0\x8f\x84\0\0\xad\x03\0\0\
\0\0\0\0\0\0\0\0\x02\0\0\x04\x20\0\0\0\xfb\x36\0\0\xa3\x01\0\0\0\0\0\0\xf5\x36\
\0\0\xa3\x01\0\0\x80\0\0\0\0\0\0\0\x02\0\0\x04\x20\0\0\0\xfb\x36\0\0\xa3\x01\0\
\0\0\0\0\0\xf5\x36\0\0\xa3\x01\0\0\x80\0\0\0\x64\x8e\0\0\x02\0\0\x04\x02\0\0\0\
\x6d\x8c\0\0\x19\0\0\0\0\0\0\0\x71\x8e\0\0\x19\0\0\0\x08\0\0\0\0\0\0\0\x01\0\0\
\x0d\x02\0\0\0\x1b\x05\0\0\x50\0\0\0\xb2\x91\0\0\x01\0\0\x0c\xaf\x03\0\0\0\0\0\
\0\x01\0\0\x0d\x02\0\0\0\x1b\x05\0\0\x50\0\0\0\x19\x92\0\0\x01\0\0\x0c\xb1\x03\
\0\0\0\0\0\0\x01\0\0\x0d\x02\0\0\0\x1b\x05\0\0\x50\0\0\0\xec\x97\0\0\x01\0\0\
\x0c\xb3\x03\0\0\0\0\0\0\x01\0\0\x0d\x02\0\0\0\x1b\x05\0\0\x50\0\0\0\x02\x99\0\
\0\x01\0\0\x0c\xb5\x03\0\0\0\0\0\0\x01\0\0\x0d\x02\0\0\0\x1b\x05\0\0\x50\0\0\0\
\x2e\x9a\0\0\x01\0\0\x0c\xb7\x03\0\0\0\0\0\0\x01\0\0\x0d\x02\0\0\0\x1b\x05\0\0\
\x50\0\0\0\xe5\x9a\0\0\x01\0\0\x0c\xb9\x03\0\0\0\0\0\0\0\0\0\x03\0\0\0\0\x9e\0\
\0\0\x04\0\0\0\x0d\0\0\0\x99\x9b\0\0\0\0\0\x0e\xbb\x03\0\0\x01\0\0\0\0\0\0\0\0\
\0\0\x03\0\0\0\0\x9e\0\0\0\x04\0\0\0\x25\0\0\0\xa1\x9b\0\0\0\0\0\x0e\xbd\x03\0\
\0\0\0\0\0\0\0\0\0\0\0\0\x03\0\0\0\0\x9e\0\0\0\x04\0\0\0\x50\0\0\0\xc5\x9b\0\0\
\0\0\0\x0e\xbf\x03\0\0\0\0\0\0\0\0\0\0\0\0\0\x03\0\0\0\0\x9e\0\0\0\x04\0\0\0\
\x42\0\0\0\xe6\x9b\0\0\0\0\0\x0e\xc1\x03\0\0\0\0\0\0\0\0\0\0\0\0\0\x03\0\0\0\0\
\x9e\0\0\0\x04\0\0\0\x3c\0\0\0\x09\x9c\0\0\0\0\0\x0e\xc3\x03\0\0\0\0\0\0\0\0\0\
\0\0\0\0\x03\0\0\0\0\x9e\0\0\0\x04\0\0\0\x45\0\0\0\x25\x9c\0\0\0\0\0\x0e\xc5\
\x03\0\0\0\0\0\0\0\0\0\0\0\0\0\x03\0\0\0\0\x9e\0\0\0\x04\0\0\0\x47\0\0\0\x4e\
\x9c\0\0\0\0\0\x0e\xc7\x03\0\0\0\0\0\0\0\0\0\0\0\0\0\x03\0\0\0\0\x9e\0\0\0\x04\
\0\0\0\x39\0\0\0\x79\x9c\0\0\0\0\0\x0e\xc9\x03\0\0\0\0\0\0\0\0\0\0\0\0\0\x03\0\
\0\0\0\x9e\0\0\0\x04\0\0\0\x34\0\0\0\xac\x9c\0\0\0\0\0\x0e\xcb\x03\0\0\0\0\0\0\
\xd7\x9c\0\0\0\0\0\x0e\xc9\x03\0\0\0\0\0\0\x02\x9d\0\0\0\0\0\x0e\xc9\x03\0\0\0\
\0\0\0\x2c\x9d\0\0\x06\0\0\x0f\0\0\0\0\x08\0\0\0\0\0\0\0\x10\0\0\0\x36\0\0\0\0\
\0\0\0\x20\0\0\0\x3b\0\0\0\0\0\0\0\x20\0\0\0\x44\0\0\0\0\0\0\0\x20\0\0\0\x4a\0\
\0\0\0\0\0\0\x30\0\0\0\x4f\0\0\0\0\0\0\0\x20\0\0\0\x32\x9d\0\0\x0a\0\0\x0f\0\0\
\0\0\xbe\x03\0\0\0\0\0\0\x25\0\0\0\xc0\x03\0\0\x25\0\0\0\x50\0\0\0\xc2\x03\0\0\
\x75\0\0\0\x42\0\0\0\xc4\x03\0\0\xb7\0\0\0\x3c\0\0\0\xc6\x03\0\0\xf3\0\0\0\x45\
\0\0\0\xc8\x03\0\0\x38\x01\0\0\x47\0\0\0\xca\x03\0\0\x7f\x01\0\0\x39\0\0\0\xcc\
\x03\0\0\xb8\x01\0\0\x34\0\0\0\xcd\x03\0\0\xec\x01\0\0\x39\0\0\0\xce\x03\0\0\
\x25\x02\0\0\x39\0\0\0\x3a\x9d\0\0\x01\0\0\x0f\0\0\0\0\xbc\x03\0\0\0\0\0\0\x0d\
\0\0\0\x42\x9d\0\0\0\0\0\x07\0\0\0\0\xde\x45\0\0\0\0\0\x07\0\0\0\0\x4b\x9d\0\0\
\0\0\0\x07\0\0\0\0\x85\x25\0\0\0\0\0\x07\0\0\0\0\xb7\x03\0\0\0\0\0\x07\0\0\0\0\
\x56\x9d\0\0\0\0\0\x07\0\0\0\0\x65\x9d\0\0\0\0\0\x07\0\0\0\0\x62\x07\0\0\0\0\0\
\x07\0\0\0\0\xea\x13\0\0\0\0\0\x07\0\0\0\0\x09\x12\0\0\0\0\0\x07\0\0\0\0\x78\
\x9d\0\0\0\0\0\x07\0\0\0\0\x84\x9d\0\0\0\0\0\x07\0\0\0\0\x92\x9d\0\0\0\0\0\x07\
\0\0\0\0\xa7\x9d\0\0\0\0\0\x07\0\0\0\0\xb4\x9d\0\0\0\0\0\x07\0\0\0\0\xc8\x69\0\
\0\0\0\0\x07\0\0\0\0\xbb\x9d\0\0\0\0\0\x07\0\0\0\0\xc5\x9d\0\0\0\0\0\x07\0\0\0\
\0\xce\x1e\0\0\0\0\0\x07\0\0\0\0\xde\x9d\0\0\0\0\0\x07\0\0\0\0\xed\x9d\0\0\0\0\
\0\x07\0\0\0\0\xfb\x9d\0\0\0\0\0\x07\0\0\0\0\x04\x9e\0\0\0\0\0\x07\0\0\0\0\x34\
\x69\0\0\0\0\0\x07\0\0\0\0\x14\x9e\0\0\0\0\0\x07\0\0\0\0\x23\x9e\0\0\0\0\0\x07\
\0\0\0\0\x1f\x69\0\0\0\0\0\x07\0\0\0\0\x3b\x37\0\0\0\0\0\x07\0\0\0\0\x2f\x9e\0\
\0\0\0\0\x07\0\0\0\0\x42\x9e\0\0\0\0\0\x07\0\0\0\0\x52\x9e\0\0\0\0\0\x07\0\0\0\
\0\x60\x9e\0\0\0\0\0\x07\0\0\0\0\x6c\x9e\0\0\0\0\0\x07\0\0\0\0\x7d\x9e\0\0\0\0\
\0\x07\0\0\0\0\x89\x9e\0\0\0\0\0\x07\0\0\0\0\x98\x9e\0\0\0\0\0\x07\0\0\0\0\xa7\
\x9e\0\0\0\0\0\x07\0\0\0\0\xb3\x9e\0\0\0\0\0\x07\0\0\0\0\x17\x1b\0\0\0\0\0\x07\
\0\0\0\0\xbb\x9e\0\0\0\0\0\x07\0\0\0\0\xca\x9e\0\0\0\0\0\x07\0\0\0\0\xd6\x9e\0\
\0\0\0\0\x07\0\0\0\0\xdf\x9e\0\0\0\0\0\x07\0\0\0\0\x0e\x4e\0\0\0\0\0\x07\0\0\0\
\0\xe9\x9e\0\0\0\0\0\x07\0\0\0\0\xf8\x9e\0\0\0\0\0\x07\0\0\0\0\xa7\x4c\0\0\0\0\
\0\x07\0\0\0\0\x7e\x4e\0\0\0\0\0\x07\0\0\0\0\x01\x9f\0\0\0\0\0\x07\0\0\0\0\x0d\
\x9f\0\0\0\0\0\x07\0\0\0\0\x15\x9f\0\0\0\0\0\x07\0\0\0\0\x1f\x9f\0\0\0\0\0\x07\
\0\0\0\0\x27\x9f\0\0\0\0\0\x07\0\0\0\0\x30\x9f\0\0\0\0\0\x07\0\0\0\0\x3c\x9f\0\
\0\0\0\0\x07\0\0\0\0\x47\x9f\0\0\0\0\0\x07\0\0\0\0\x55\x9f\0\0\0\0\0\x07\0\0\0\
\0\x63\x9f\0\0\0\0\0\x07\0\0\0\0\x6e\x9f\0\0\0\0\0\x07\0\0\0\0\x7b\x9f\0\0\0\0\
\0\x07\0\0\0\0\x87\x9f\0\0\0\0\0\x07\0\0\0\0\x95\x9f\0\0\0\0\0\x07\0\0\0\0\x9f\
\x9f\0\0\0\0\0\x07\0\0\0\0\x27\x51\0\0\0\0\0\x07\0\0\0\0\xae\x9f\0\0\0\0\0\x07\
\0\0\0\0\xc1\x9f\0\0\0\0\0\x07\0\0\0\0\xd6\x9f\0\0\0\0\0\x07\0\0\0\0\xdf\x9f\0\
\0\0\0\0\x07\0\0\0\0\xf0\x9f\0\0\0\0\0\x07\0\0\0\0\xfb\x9f\0\0\0\0\0\x07\0\0\0\
\0\x08\xa0\0\0\0\0\0\x07\0\0\0\0\x14\xa0\0\0\0\0\0\x07\0\0\0\0\x1e\xa0\0\0\0\0\
\0\x07\0\0\0\0\x2b\xa0\0\0\0\0\0\x07\0\0\0\0\x35\xa0\0\0\0\0\0\x07\0\0\0\0\x40\
\xa0\0\0\0\0\0\x07\0\0\0\0\x49\xa0\0\0\0\0\0\x07\0\0\0\0\x58\xa0\0\0\0\0\0\x07\
\0\0\0\0\x69\xa0\0\0\0\0\0\x07\0\0\0\0\x7b\xa0\0\0\0\0\0\x07\0\0\0\0\x83\xa0\0\
\0\0\0\0\x07\0\0\0\0\x95\xa0\0\0\0\0\0\x07\0\0\0\0\xaa\xa0\0\0\0\0\0\x07\0\0\0\
\0\xb9\xa0\0\0\0\0\0\x07\0\0\0\0\xc6\xa0\0\0\0\0\0\x07\0\0\0\0\xd5\xa0\0\0\0\0\
\0\x07\0\0\0\0\x18\x2f\0\0\0\0\0\x07\0\0\0\0\x2e\x03\0\0\0\0\0\x07\0\0\0\0\xe7\
\xa0\0\0\0\0\0\x07\0\0\0\0\x62\x04\0\0\0\0\0\x07\0\0\0\0\xf5\xa0\0\0\0\0\0\x07\
\0\0\0\0\x05\xa1\0\0\0\0\0\x07\0\0\0\0\x18\xa1\0\0\0\0\0\x07\0\0\0\0\x2f\xa1\0\
\0\0\0\0\x07\0\0\0\0\xa1\x5f\0\0\0\0\0\x07\0\0\0\0\xad\x5f\0\0\0\0\0\x07\0\0\0\
\0\x39\xa1\0\0\0\0\0\x07\0\0\0\0\xb7\x5f\0\0\0\0\0\x07\0\0\0\0\x93\x60\0\0\0\0\
\0\x07\0\0\0\0\x47\xa1\0\0\0\0\0\x07\0\0\0\0\x54\xa1\0\0\0\0\0\x07\0\0\0\0\x5c\
\xa1\0\0\0\0\0\x07\0\0\0\0\x6c\xa1\0\0\0\0\0\x07\0\0\0\0\x77\xa1\0\0\0\0\0\x07\
\0\0\0\0\x7d\xa1\0\0\0\0\0\x07\0\0\0\0\x8a\xa1\0\0\0\0\0\x07\0\0\0\0\x93\xa1\0\
\0\0\0\0\x07\0\0\0\0\xa6\xa1\0\0\0\0\0\x07\0\0\0\0\xdd\x62\0\0\0\0\0\x07\0\0\0\
\0\xb7\xa1\0\0\0\0\0\x07\0\0\0\0\xc3\xa1\0\0\0\0\0\x07\0\0\0\0\xce\xa1\0\0\0\0\
\0\x07\0\0\0\0\x87\x63\0\0\0\0\0\x07\0\0\0\0\xd9\xa1\0\0\0\0\0\x07\0\0\0\0\xe6\
\xa1\0\0\0\0\0\x07\0\0\0\0\x1f\x1b\0\0\0\0\0\x07\0\0\0\0\xee\xa1\0\0\0\0\0\x07\
\0\0\0\0\xfd\xa1\0\0\0\0\0\x07\0\0\0\0\x09\xa2\0\0\0\0\0\x07\0\0\0\0\x17\xa2\0\
\0\0\0\0\x07\0\0\0\0\x20\xa2\0\0\0\0\0\x07\0\0\0\0\x2e\xa2\0\0\0\0\0\x07\0\0\0\
\0\x3d\xa2\0\0\0\0\0\x07\0\0\0\0\x48\xa2\0\0\0\0\0\x07\0\0\0\0\x57\xa2\0\0\0\0\
\0\x07\0\0\0\0\x64\xa2\0\0\0\0\0\x07\0\0\0\0\x70\xa2\0\0\0\0\0\x07\0\0\0\0\x7f\
\xa2\0\0\0\0\0\x07\0\0\0\0\x95\xa2\0\0\0\0\0\x07\0\0\0\0\xa6\xa2\0\0\0\0\0\x07\
\0\0\0\0\xb1\xa2\0\0\0\0\0\x07\0\0\0\0\xbb\xa2\0\0\0\0\0\x07\0\0\0\0\xd4\xa2\0\
\0\0\0\0\x07\0\0\0\0\x67\x0d\0\0\0\0\0\x07\0\0\0\0\x94\x0d\0\0\0\0\0\x07\0\0\0\
\0\x83\x0d\0\0\0\0\0\x07\0\0\0\0\xe2\xa2\0\0\0\0\0\x07\0\0\0\0\xf3\xa2\0\0\0\0\
\0\x07\0\0\0\0\0\xa3\0\0\0\0\0\x07\0\0\0\0\x6e\x1d\0\0\0\0\0\x07\0\0\0\0\x0c\
\xa3\0\0\0\0\0\x07\0\0\0\0\x18\xa3\0\0\0\0\0\x07\0\0\0\0\x2f\xa3\0\0\0\0\0\x07\
\0\0\0\0\x3f\xa3\0\0\0\0\0\x07\0\0\0\0\x51\xa3\0\0\0\0\0\x07\0\0\0\0\x66\xa3\0\
\0\0\0\0\x07\0\0\0\0\x97\x44\0\0\0\0\0\x07\0\0\0\0\x75\xa3\0\0\0\0\0\x07\0\0\0\
\0\x82\xa3\0\0\0\0\0\x07\0\0\0\0\x60\x47\0\0\0\0\0\x07\0\0\0\0\xc8\x17\0\0\0\0\
\0\x07\0\0\0\0\x9d\xa3\0\0\0\0\0\x07\0\0\0\0\xad\xa3\0\0\0\0\0\x07\0\0\0\0\xb6\
\xa3\0\0\0\0\0\x07\0\0\0\0\xc5\xa3\0\0\0\0\0\x07\0\0\0\0\xd7\xa3\0\0\0\0\0\x07\
\0\0\0\0\xe6\xa3\0\0\0\0\0\x07\0\0\0\0\x0f\x0c\0\0\0\0\0\x07\0\0\0\0\xed\xa3\0\
\0\0\0\0\x07\0\0\0\0\xfb\xa3\0\0\0\0\0\x07\0\0\0\0\x05\xa4\0\0\0\0\0\x07\0\0\0\
\0\x55\x0c\0\0\0\0\0\x07\0\0\0\0\x12\xa4\0\0\0\0\0\x07\0\0\0\0\xc5\x0c\0\0\0\0\
\0\x07\0\0\0\0\x21\xa4\0\0\0\0\0\x07\0\0\0\0\x31\xa4\0\0\0\0\0\x07\0\0\0\0\x75\
\x0d\0\0\0\0\0\x07\0\0\0\0\x9f\x0d\0\0\0\0\0\x07\0\0\0\0\x3a\xa4\0\0\0\0\0\x07\
\0\0\0\0\x4b\xa4\0\0\0\0\0\x07\0\0\0\0\x63\xa4\0\0\0\0\0\x07\0\0\0\0\xeb\x0e\0\
\0\0\0\0\x07\0\0\0\0\x72\xa4\0\0\0\0\0\x07\0\0\0\0\x83\xa4\0\0\0\0\0\x07\0\0\0\
\0\x8f\xa4\0\0\0\0\0\x07\0\0\0\0\x99\xa4\0\0\0\0\0\x07\0\0\0\0\xa5\xa4\0\0\0\0\
\0\x07\0\0\0\0\0\x69\x6e\x74\0\x5f\x5f\x41\x52\x52\x41\x59\x5f\x53\x49\x5a\x45\
\x5f\x54\x59\x50\x45\x5f\x5f\0\x74\x79\x70\x65\0\x6d\x61\x78\x5f\x65\x6e\x74\
\x72\x69\x65\x73\0\x72\x62\0\x63\x72\x6f\x73\x5f\x66\x6c\x6f\x77\x5f\x6d\x61\
\x70\x5f\x6b\x65\x79\0\x66\x69\x76\x65\x5f\x74\x75\x70\x6c\x65\0\x73\x6f\x63\
\x6b\x5f\x69\x64\0\x63\x72\x6f\x73\x5f\x6e\x65\x74\x77\x6f\x72\x6b\x5f\x35\x5f\
\x74\x75\x70\x6c\x65\0\x66\x61\x6d\x69\x6c\x79\0\x70\x72\x6f\x74\x6f\x63\x6f\
\x6c\0\x6c\x6f\x63\x61\x6c\x5f\x61\x64\x64\x72\0\x6c\x6f\x63\x61\x6c\x5f\x70\
\x6f\x72\x74\0\x72\x65\x6d\x6f\x74\x65\x5f\x61\x64\x64\x72\0\x72\x65\x6d\x6f\
\x74\x65\x5f\x70\x6f\x72\x74\0\x63\x72\x6f\x73\x5f\x6e\x65\x74\x77\x6f\x72\x6b\
\x5f\x66\x61\x6d\x69\x6c\x79\0\x43\x52\x4f\x53\x5f\x46\x41\x4d\x49\x4c\x59\x5f\
\x41\x46\x5f\x49\x4e\x45\x54\0\x43\x52\x4f\x53\x5f\x46\x41\x4d\x49\x4c\x59\x5f\
\x41\x46\x5f\x49\x4e\x45\x54\x36\0\x63\x72\x6f\x73\x5f\x6e\x65\x74\x77\x6f\x72\
\x6b\x5f\x70\x72\x6f\x74\x6f\x63\x6f\x6c\0\x43\x52\x4f\x53\x5f\x50\x52\x4f\x54\
\x4f\x43\x4f\x4c\x5f\x54\x43\x50\0\x43\x52\x4f\x53\x5f\x50\x52\x4f\x54\x4f\x43\
\x4f\x4c\x5f\x55\x44\x50\0\x43\x52\x4f\x53\x5f\x50\x52\x4f\x54\x4f\x43\x4f\x4c\
\x5f\x49\x43\x4d\x50\0\x43\x52\x4f\x53\x5f\x50\x52\x4f\x54\x4f\x43\x4f\x4c\x5f\
\x49\x43\x4d\x50\x36\0\x43\x52\x4f\x53\x5f\x50\x52\x4f\x54\x4f\x43\x4f\x4c\x5f\
\x52\x41\x57\0\x43\x52\x4f\x53\x5f\x50\x52\x4f\x54\x4f\x43\x4f\x4c\x5f\x55\x4e\
\x4b\x4e\x4f\x57\x4e\0\x63\x72\x6f\x73\x5f\x69\x70\x5f\x61\x64\x64\x72\0\x61\
\x64\x64\x72\x34\0\x61\x64\x64\x72\x36\0\x75\x69\x6e\x74\x33\x32\x5f\x74\0\x75\
\x33\x32\0\x5f\x5f\x75\x33\x32\0\x75\x6e\x73\x69\x67\x6e\x65\x64\x20\x69\x6e\
\x74\0\x75\x69\x6e\x74\x38\x5f\x74\0\x75\x38\0\x5f\x5f\x75\x38\0\x75\x6e\x73\
\x69\x67\x6e\x65\x64\x20\x63\x68\x61\x72\0\x75\x69\x6e\x74\x31\x36\x5f\x74\0\
\x75\x31\x36\0\x5f\x5f\x75\x31\x36\0\x75\x6e\x73\x69\x67\x6e\x65\x64\x20\x73\
\x68\x6f\x72\x74\0\x75\x69\x6e\x74\x36\x34\x5f\x74\0\x75\x36\x34\0\x5f\x5f\x75\
\x36\x34\0\x75\x6e\x73\x69\x67\x6e\x65\x64\x20\x6c\x6f\x6e\x67\x20\x6c\x6f\x6e\
\x67\0\x63\x72\x6f\x73\x5f\x66\x6c\x6f\x77\x5f\x6d\x61\x70\x5f\x76\x61\x6c\x75\
\x65\0\x64\x69\x72\x65\x63\x74\x69\x6f\x6e\0\x74\x78\x5f\x62\x79\x74\x65\x73\0\
\x72\x78\x5f\x62\x79\x74\x65\x73\0\x70\x72\x6f\x63\x65\x73\x73\x5f\x69\x6e\x66\
\x6f\0\x68\x61\x73\x5f\x66\x75\x6c\x6c\x5f\x70\x72\x6f\x63\x65\x73\x73\x5f\x69\
\x6e\x66\x6f\0\x67\x61\x72\x62\x61\x67\x65\x5f\x63\x6f\x6c\x6c\x65\x63\x74\x5f\
\x6d\x65\0\x63\x72\x6f\x73\x5f\x6e\x65\x74\x77\x6f\x72\x6b\x5f\x73\x6f\x63\x6b\
\x65\x74\x5f\x64\x69\x72\x65\x63\x74\x69\x6f\x6e\0\x43\x52\x4f\x53\x5f\x53\x4f\
\x43\x4b\x45\x54\x5f\x44\x49\x52\x45\x43\x54\x49\x4f\x4e\x5f\x49\x4e\0\x43\x52\
\x4f\x53\x5f\x53\x4f\x43\x4b\x45\x54\x5f\x44\x49\x52\x45\x43\x54\x49\x4f\x4e\
\x5f\x4f\x55\x54\0\x43\x52\x4f\x53\x5f\x53\x4f\x43\x4b\x45\x54\x5f\x44\x49\x52\
\x45\x43\x54\x49\x4f\x4e\x5f\x55\x4e\x4b\x4e\x4f\x57\x4e\0\x63\x72\x6f\x73\x5f\
\x70\x72\x6f\x63\x65\x73\x73\x5f\x73\x74\x61\x72\x74\0\x74\x61\x73\x6b\x5f\x69\
\x6e\x66\x6f\0\x69\x6d\x61\x67\x65\x5f\x69\x6e\x66\x6f\0\x73\x70\x61\x77\x6e\
\x5f\x6e\x61\x6d\x65\x73\x70\x61\x63\x65\0\x63\x72\x6f\x73\x5f\x70\x72\x6f\x63\
\x65\x73\x73\x5f\x74\x61\x73\x6b\x5f\x69\x6e\x66\x6f\0\x70\x69\x64\0\x70\x70\
\x69\x64\0\x73\x74\x61\x72\x74\x5f\x74\x69\x6d\x65\0\x70\x61\x72\x65\x6e\x74\
\x5f\x73\x74\x61\x72\x74\x5f\x74\x69\x6d\x65\0\x63\x6f\x6d\x6d\x61\x6e\x64\x6c\
\x69\x6e\x65\0\x63\x6f\x6d\x6d\x61\x6e\x64\x6c\x69\x6e\x65\x5f\x6c\x65\x6e\0\
\x75\x69\x64\0\x67\x69\x64\0\x74\x69\x6d\x65\x5f\x6e\x73\x5f\x74\0\x63\x68\x61\
\x72\0\x63\x72\x6f\x73\x5f\x69\x6d\x61\x67\x65\x5f\x69\x6e\x66\x6f\0\x70\x61\
\x74\x68\x6e\x61\x6d\x65\0\x6d\x6e\x74\x5f\x6e\x73\0\x69\x6e\x6f\x64\x65\x5f\
\x64\x65\x76\x69\x63\x65\x5f\x69\x64\0\x69\x6e\x6f\x64\x65\0\x70\x69\x64\x5f\
\x66\x6f\x72\x5f\x73\x65\x74\x6e\x73\0\x6d\x6f\x64\x65\0\x6d\x74\x69\x6d\x65\0\
\x63\x74\x69\x6d\x65\0\x63\x72\x6f\x73\x5f\x74\x69\x6d\x65\x73\x70\x65\x63\0\
\x74\x76\x5f\x73\x65\x63\0\x74\x76\x5f\x6e\x73\x65\x63\0\x69\x6e\x74\x36\x34\
\x5f\x74\0\x73\x36\x34\0\x5f\x5f\x73\x36\x34\0\x6c\x6f\x6e\x67\x20\x6c\x6f\x6e\
\x67\0\x63\x72\x6f\x73\x5f\x6e\x61\x6d\x65\x73\x70\x61\x63\x65\x5f\x69\x6e\x66\
\x6f\0\x63\x67\x72\x6f\x75\x70\x5f\x6e\x73\0\x70\x69\x64\x5f\x6e\x73\0\x75\x73\
\x65\x72\x5f\x6e\x73\0\x75\x74\x73\x5f\x6e\x73\0\x6e\x65\x74\x5f\x6e\x73\0\x69\
\x70\x63\x5f\x6e\x73\0\x62\x6f\x6f\x6c\0\x5f\x42\x6f\x6f\x6c\0\x6b\x65\x79\0\
\x76\x61\x6c\x75\x65\0\x63\x72\x6f\x73\x5f\x6e\x65\x74\x77\x6f\x72\x6b\x5f\x66\
\x6c\x6f\x77\x5f\x6d\x61\x70\0\x63\x72\x6f\x73\x5f\x6e\x65\x74\x77\x6f\x72\x6b\
\x5f\x65\x78\x74\x65\x72\x6e\x61\x6c\x5f\x69\x6e\x74\x65\x72\x66\x61\x63\x65\
\x73\0\x63\x72\x6f\x73\x5f\x73\x6b\x5f\x69\x6e\x66\x6f\0\x70\x72\x6f\x63\x65\
\x73\x73\x5f\x73\x74\x61\x72\x74\0\x66\x6c\x6f\x77\x5f\x6d\x61\x70\x5f\x76\x61\
\x6c\x75\x65\x5f\x73\x63\x72\x61\x74\x63\x68\x70\x61\x64\0\x6d\x61\x70\x5f\x66\
\x6c\x61\x67\x73\0\x73\x6b\x5f\x73\x74\x6f\x72\x61\x67\x65\0\x70\x69\x6e\x6e\
\x69\x6e\x67\0\x73\x68\x61\x72\x65\x64\x5f\x70\x72\x6f\x63\x65\x73\x73\x5f\x69\
\x6e\x66\x6f\0\x61\x63\x74\x69\x76\x65\x5f\x73\x6f\x63\x6b\x65\x74\x5f\x6d\x61\
\x70\0\x63\x74\x78\0\x63\x72\x6f\x73\x5f\x68\x61\x6e\x64\x6c\x65\x5f\x69\x6e\
\x65\x74\x5f\x6c\x69\x73\x74\x65\x6e\0\x74\x70\x5f\x62\x74\x66\x2f\x63\x72\x6f\
\x73\x5f\x69\x6e\x65\x74\x5f\x6c\x69\x73\x74\x65\x6e\x5f\x65\x78\x69\x74\0\x2f\
\x62\x75\x69\x6c\x64\x2f\x61\x72\x6d\x36\x34\x2d\x67\x65\x6e\x65\x72\x69\x63\
\x2f\x76\x61\x72\x2f\x63\x61\x63\x68\x65\x2f\x70\x6f\x72\x74\x61\x67\x65\x2f\
\x63\x68\x72\x6f\x6d\x65\x6f\x73\x2d\x62\x61\x73\x65\x2f\x73\x65\x63\x61\x67\
\x65\x6e\x74\x64\x2f\x6f\x75\x74\x2f\x44\x65\x66\x61\x75\x6c\x74\x2f\x2e\x2e\
\x2f\x2e\x2e\x2f\x2e\x2e\x2f\x2e\x2e\x2f\x2e\x2e\x2f\x2e\x2e\x2f\x2e\x2e\x2f\
\x74\x6d\x70\x2f\x70\x6f\x72\x74\x61\x67\x65\x2f\x63\x68\x72\x6f\x6d\x65\x6f\
\x73\x2d\x62\x61\x73\x65\x2f\x73\x65\x63\x61\x67\x65\x6e\x74\x64\x2d\x30\x2e\
\x30\x2e\x31\x2d\x72\x34\x32\x31\x2f\x77\x6f\x72\x6b\x2f\x73\x65\x63\x61\x67\
\x65\x6e\x74\x64\x2d\x30\x2e\x30\x2e\x31\x2f\x70\x6c\x61\x74\x66\x6f\x72\x6d\
\x32\x2f\x73\x65\x63\x61\x67\x65\x6e\x74\x64\x2f\x62\x70\x66\x2f\x6e\x65\x74\
\x77\x6f\x72\x6b\x5f\x62\x70\x66\x2e\x63\0\x69\x6e\x74\x20\x42\x50\x46\x5f\x50\
\x52\x4f\x47\x28\x63\x72\x6f\x73\x5f\x68\x61\x6e\x64\x6c\x65\x5f\x69\x6e\x65\
\x74\x5f\x6c\x69\x73\x74\x65\x6e\x2c\0\x20\x20\x69\x66\x20\x28\x72\x76\x20\x21\
\x3d\x20\x30\x29\x20\x7b\0\x20\x20\x73\x74\x72\x75\x63\x74\x20\x74\x61\x73\x6b\
\x5f\x73\x74\x72\x75\x63\x74\x2a\x20\x74\x20\x3d\x20\x28\x73\x74\x72\x75\x63\
\x74\x20\x74\x61\x73\x6b\x5f\x73\x74\x72\x75\x63\x74\x2a\x29\x62\x70\x66\x5f\
\x67\x65\x74\x5f\x63\x75\x72\x72\x65\x6e\x74\x5f\x74\x61\x73\x6b\x5f\x62\x74\
\x66\x28\x29\x3b\0\x74\x61\x73\x6b\x5f\x73\x74\x72\x75\x63\x74\0\x74\x68\x72\
\x65\x61\x64\x5f\x69\x6e\x66\x6f\0\x5f\x5f\x73\x74\x61\x74\x65\0\x73\x74\x61\
\x63\x6b\0\x75\x73\x61\x67\x65\0\x66\x6c\x61\x67\x73\0\x70\x74\x72\x61\x63\x65\
\0\x6f\x6e\x5f\x63\x70\x75\0\x77\x61\x6b\x65\x5f\x65\x6e\x74\x72\x79\0\x63\x70\
\x75\0\x77\x61\x6b\x65\x65\x5f\x66\x6c\x69\x70\x73\0\x77\x61\x6b\x65\x65\x5f\
\x66\x6c\x69\x70\x5f\x64\x65\x63\x61\x79\x5f\x74\x73\0\x6c\x61\x73\x74\x5f\x77\
\x61\x6b\x65\x65\0\x72\x65\x63\x65\x6e\x74\x5f\x75\x73\x65\x64\x5f\x63\x70\x75\
\0\x77\x61\x6b\x65\x5f\x63\x70\x75\0\x6f\x6e\x5f\x72\x71\0\x70\x72\x69\x6f\0\
\x73\x74\x61\x74\x69\x63\x5f\x70\x72\x69\x6f\0\x6e\x6f\x72\x6d\x61\x6c\x5f\x70\
\x72\x69\x6f\0\x72\x74\x5f\x70\x72\x69\x6f\x72\x69\x74\x79\0\x73\x63\x68\x65\
\x64\x5f\x63\x6c\x61\x73\x73\0\x73\x65\0\x72\x74\0\x64\x6c\0\x64\x6c\x5f\x73\
\x65\x72\x76\x65\x72\0\x73\x63\x68\x65\x64\x5f\x74\x61\x73\x6b\x5f\x67\x72\x6f\
\x75\x70\0\x75\x63\x6c\x61\x6d\x70\x5f\x72\x65\x71\0\x75\x63\x6c\x61\x6d\x70\0\
\x70\x72\x6f\x63\x5f\x6c\x61\x74\x65\x6e\x63\x79\x5f\x73\x65\x6e\x73\x69\x74\
\x69\x76\x65\0\x73\x74\x61\x74\x73\0\x70\x72\x65\x65\x6d\x70\x74\x5f\x6e\x6f\
\x74\x69\x66\x69\x65\x72\x73\0\x62\x74\x72\x61\x63\x65\x5f\x73\x65\x71\0\x70\
\x6f\x6c\x69\x63\x79\0\x6e\x72\x5f\x63\x70\x75\x73\x5f\x61\x6c\x6c\x6f\x77\x65\
\x64\0\x63\x70\x75\x73\x5f\x70\x74\x72\0\x75\x73\x65\x72\x5f\x63\x70\x75\x73\
\x5f\x70\x74\x72\0\x63\x70\x75\x73\x5f\x6d\x61\x73\x6b\0\x6d\x69\x67\x72\x61\
\x74\x69\x6f\x6e\x5f\x70\x65\x6e\x64\x69\x6e\x67\0\x6d\x69\x67\x72\x61\x74\x69\
\x6f\x6e\x5f\x64\x69\x73\x61\x62\x6c\x65\x64\0\x6d\x69\x67\x72\x61\x74\x69\x6f\
\x6e\x5f\x66\x6c\x61\x67\x73\0\x72\x63\x75\x5f\x72\x65\x61\x64\x5f\x6c\x6f\x63\
\x6b\x5f\x6e\x65\x73\x74\x69\x6e\x67\0\x72\x63\x75\x5f\x72\x65\x61\x64\x5f\x75\
\x6e\x6c\x6f\x63\x6b\x5f\x73\x70\x65\x63\x69\x61\x6c\0\x72\x63\x75\x5f\x6e\x6f\
\x64\x65\x5f\x65\x6e\x74\x72\x79\0\x72\x63\x75\x5f\x62\x6c\x6f\x63\x6b\x65\x64\
\x5f\x6e\x6f\x64\x65\0\x72\x63\x75\x5f\x74\x61\x73\x6b\x73\x5f\x6e\x76\x63\x73\
\x77\0\x72\x63\x75\x5f\x74\x61\x73\x6b\x73\x5f\x68\x6f\x6c\x64\x6f\x75\x74\0\
\x72\x63\x75\x5f\x74\x61\x73\x6b\x73\x5f\x69\x64\x78\0\x72\x63\x75\x5f\x74\x61\
\x73\x6b\x73\x5f\x69\x64\x6c\x65\x5f\x63\x70\x75\0\x72\x63\x75\x5f\x74\x61\x73\
\x6b\x73\x5f\x68\x6f\x6c\x64\x6f\x75\x74\x5f\x6c\x69\x73\x74\0\x74\x72\x63\x5f\
\x72\x65\x61\x64\x65\x72\x5f\x6e\x65\x73\x74\x69\x6e\x67\0\x74\x72\x63\x5f\x69\
\x70\x69\x5f\x74\x6f\x5f\x63\x70\x75\0\x74\x72\x63\x5f\x72\x65\x61\x64\x65\x72\
\x5f\x73\x70\x65\x63\x69\x61\x6c\0\x74\x72\x63\x5f\x72\x65\x61\x64\x65\x72\x5f\
\x63\x68\x65\x63\x6b\x65\x64\0\x74\x72\x63\x5f\x68\x6f\x6c\x64\x6f\x75\x74\x5f\
\x6c\x69\x73\x74\0\x73\x63\x68\x65\x64\x5f\x69\x6e\x66\x6f\0\x74\x61\x73\x6b\
\x73\0\x70\x75\x73\x68\x61\x62\x6c\x65\x5f\x74\x61\x73\x6b\x73\0\x70\x75\x73\
\x68\x61\x62\x6c\x65\x5f\x64\x6c\x5f\x74\x61\x73\x6b\x73\0\x6d\x6d\0\x61\x63\
\x74\x69\x76\x65\x5f\x6d\x6d\0\x76\x6d\x61\x63\x61\x63\x68\x65\0\x72\x73\x73\
\x5f\x73\x74\x61\x74\0\x65\x78\x69\x74\x5f\x73\x74\x61\x74\x65\0\x65\x78\x69\
\x74\x5f\x63\x6f\x64\x65\0\x65\x78\x69\x74\x5f\x73\x69\x67\x6e\x61\x6c\0\x70\
\x64\x65\x61\x74\x68\x5f\x73\x69\x67\x6e\x61\x6c\0\x6a\x6f\x62\x63\x74\x6c\0\
\x70\x65\x72\x73\x6f\x6e\x61\x6c\x69\x74\x79\0\x73\x63\x68\x65\x64\x5f\x72\x65\
\x73\x65\x74\x5f\x6f\x6e\x5f\x66\x6f\x72\x6b\0\x73\x63\x68\x65\x64\x5f\x63\x6f\
\x6e\x74\x72\x69\x62\x75\x74\x65\x73\x5f\x74\x6f\x5f\x6c\x6f\x61\x64\0\x73\x63\
\x68\x65\x64\x5f\x6d\x69\x67\x72\x61\x74\x65\x64\0\x73\x63\x68\x65\x64\x5f\x70\
\x73\x69\x5f\x77\x61\x6b\x65\x5f\x72\x65\x71\x75\x65\x75\x65\0\x73\x63\x68\x65\
\x64\x5f\x72\x65\x6d\x6f\x74\x65\x5f\x77\x61\x6b\x65\x75\x70\0\x69\x6e\x5f\x65\
\x78\x65\x63\x76\x65\0\x69\x6e\x5f\x69\x6f\x77\x61\x69\x74\0\x69\x6e\x5f\x6c\
\x72\x75\x5f\x66\x61\x75\x6c\x74\0\x6e\x6f\x5f\x63\x67\x72\x6f\x75\x70\x5f\x6d\
\x69\x67\x72\x61\x74\x69\x6f\x6e\0\x66\x72\x6f\x7a\x65\x6e\0\x75\x73\x65\x5f\
\x6d\x65\x6d\x64\x65\x6c\x61\x79\0\x69\x6e\x5f\x6d\x65\x6d\x73\x74\x61\x6c\x6c\
\0\x69\x6e\x5f\x65\x76\x65\x6e\x74\x66\x64\0\x61\x74\x6f\x6d\x69\x63\x5f\x66\
\x6c\x61\x67\x73\0\x72\x65\x73\x74\x61\x72\x74\x5f\x62\x6c\x6f\x63\x6b\0\x74\
\x67\x69\x64\0\x73\x74\x61\x63\x6b\x5f\x63\x61\x6e\x61\x72\x79\0\x72\x65\x61\
\x6c\x5f\x70\x61\x72\x65\x6e\x74\0\x70\x61\x72\x65\x6e\x74\0\x63\x68\x69\x6c\
\x64\x72\x65\x6e\0\x73\x69\x62\x6c\x69\x6e\x67\0\x67\x72\x6f\x75\x70\x5f\x6c\
\x65\x61\x64\x65\x72\0\x70\x74\x72\x61\x63\x65\x64\0\x70\x74\x72\x61\x63\x65\
\x5f\x65\x6e\x74\x72\x79\0\x74\x68\x72\x65\x61\x64\x5f\x70\x69\x64\0\x70\x69\
\x64\x5f\x6c\x69\x6e\x6b\x73\0\x74\x68\x72\x65\x61\x64\x5f\x67\x72\x6f\x75\x70\
\0\x74\x68\x72\x65\x61\x64\x5f\x6e\x6f\x64\x65\0\x76\x66\x6f\x72\x6b\x5f\x64\
\x6f\x6e\x65\0\x73\x65\x74\x5f\x63\x68\x69\x6c\x64\x5f\x74\x69\x64\0\x63\x6c\
\x65\x61\x72\x5f\x63\x68\x69\x6c\x64\x5f\x74\x69\x64\0\x70\x66\x5f\x69\x6f\x5f\
\x77\x6f\x72\x6b\x65\x72\0\x75\x74\x69\x6d\x65\0\x73\x74\x69\x6d\x65\0\x67\x74\
\x69\x6d\x65\0\x70\x72\x65\x76\x5f\x63\x70\x75\x74\x69\x6d\x65\0\x6e\x76\x63\
\x73\x77\0\x6e\x69\x76\x63\x73\x77\0\x73\x74\x61\x72\x74\x5f\x62\x6f\x6f\x74\
\x74\x69\x6d\x65\0\x6d\x69\x6e\x5f\x66\x6c\x74\0\x6d\x61\x6a\x5f\x66\x6c\x74\0\
\x70\x6f\x73\x69\x78\x5f\x63\x70\x75\x74\x69\x6d\x65\x72\x73\0\x70\x74\x72\x61\
\x63\x65\x72\x5f\x63\x72\x65\x64\0\x72\x65\x61\x6c\x5f\x63\x72\x65\x64\0\x63\
\x72\x65\x64\0\x63\x61\x63\x68\x65\x64\x5f\x72\x65\x71\x75\x65\x73\x74\x65\x64\
\x5f\x6b\x65\x79\0\x63\x6f\x6d\x6d\0\x6e\x61\x6d\x65\x69\x64\x61\x74\x61\0\x73\
\x79\x73\x76\x73\x65\x6d\0\x73\x79\x73\x76\x73\x68\x6d\0\x6c\x61\x73\x74\x5f\
\x73\x77\x69\x74\x63\x68\x5f\x63\x6f\x75\x6e\x74\0\x6c\x61\x73\x74\x5f\x73\x77\
\x69\x74\x63\x68\x5f\x74\x69\x6d\x65\0\x66\x73\0\x66\x69\x6c\x65\x73\0\x6e\x73\
\x70\x72\x6f\x78\x79\0\x73\x69\x67\x6e\x61\x6c\0\x73\x69\x67\x68\x61\x6e\x64\0\
\x62\x6c\x6f\x63\x6b\x65\x64\0\x72\x65\x61\x6c\x5f\x62\x6c\x6f\x63\x6b\x65\x64\
\0\x73\x61\x76\x65\x64\x5f\x73\x69\x67\x6d\x61\x73\x6b\0\x70\x65\x6e\x64\x69\
\x6e\x67\0\x73\x61\x73\x5f\x73\x73\x5f\x73\x70\0\x73\x61\x73\x5f\x73\x73\x5f\
\x73\x69\x7a\x65\0\x73\x61\x73\x5f\x73\x73\x5f\x66\x6c\x61\x67\x73\0\x74\x61\
\x73\x6b\x5f\x77\x6f\x72\x6b\x73\0\x61\x75\x64\x69\x74\x5f\x63\x6f\x6e\x74\x65\
\x78\x74\0\x6c\x6f\x67\x69\x6e\x75\x69\x64\0\x73\x65\x73\x73\x69\x6f\x6e\x69\
\x64\0\x73\x65\x63\x63\x6f\x6d\x70\0\x73\x79\x73\x63\x61\x6c\x6c\x5f\x64\x69\
\x73\x70\x61\x74\x63\x68\0\x70\x61\x72\x65\x6e\x74\x5f\x65\x78\x65\x63\x5f\x69\
\x64\0\x73\x65\x6c\x66\x5f\x65\x78\x65\x63\x5f\x69\x64\0\x61\x6c\x6c\x6f\x63\
\x5f\x6c\x6f\x63\x6b\0\x70\x69\x5f\x6c\x6f\x63\x6b\0\x77\x61\x6b\x65\x5f\x71\0\
\x70\x69\x5f\x77\x61\x69\x74\x65\x72\x73\0\x70\x69\x5f\x74\x6f\x70\x5f\x74\x61\
\x73\x6b\0\x70\x69\x5f\x62\x6c\x6f\x63\x6b\x65\x64\x5f\x6f\x6e\0\x6a\x6f\x75\
\x72\x6e\x61\x6c\x5f\x69\x6e\x66\x6f\0\x62\x69\x6f\x5f\x6c\x69\x73\x74\0\x70\
\x6c\x75\x67\0\x72\x65\x63\x6c\x61\x69\x6d\x5f\x73\x74\x61\x74\x65\0\x62\x61\
\x63\x6b\x69\x6e\x67\x5f\x64\x65\x76\x5f\x69\x6e\x66\x6f\0\x69\x6f\x5f\x63\x6f\
\x6e\x74\x65\x78\x74\0\x63\x61\x70\x74\x75\x72\x65\x5f\x63\x6f\x6e\x74\x72\x6f\
\x6c\0\x70\x74\x72\x61\x63\x65\x5f\x6d\x65\x73\x73\x61\x67\x65\0\x6c\x61\x73\
\x74\x5f\x73\x69\x67\x69\x6e\x66\x6f\0\x69\x6f\x61\x63\0\x70\x73\x69\x5f\x66\
\x6c\x61\x67\x73\0\x61\x63\x63\x74\x5f\x72\x73\x73\x5f\x6d\x65\x6d\x31\0\x61\
\x63\x63\x74\x5f\x76\x6d\x5f\x6d\x65\x6d\x31\0\x61\x63\x63\x74\x5f\x74\x69\x6d\
\x65\x78\x70\x64\0\x6d\x65\x6d\x73\x5f\x61\x6c\x6c\x6f\x77\x65\x64\0\x6d\x65\
\x6d\x73\x5f\x61\x6c\x6c\x6f\x77\x65\x64\x5f\x73\x65\x71\0\x63\x70\x75\x73\x65\
\x74\x5f\x6d\x65\x6d\x5f\x73\x70\x72\x65\x61\x64\x5f\x72\x6f\x74\x6f\x72\0\x63\
\x70\x75\x73\x65\x74\x5f\x73\x6c\x61\x62\x5f\x73\x70\x72\x65\x61\x64\x5f\x72\
\x6f\x74\x6f\x72\0\x63\x67\x72\x6f\x75\x70\x73\0\x63\x67\x5f\x6c\x69\x73\x74\0\
\x72\x6f\x62\x75\x73\x74\x5f\x6c\x69\x73\x74\0\x63\x6f\x6d\x70\x61\x74\x5f\x72\
\x6f\x62\x75\x73\x74\x5f\x6c\x69\x73\x74\0\x70\x69\x5f\x73\x74\x61\x74\x65\x5f\
\x6c\x69\x73\x74\0\x70\x69\x5f\x73\x74\x61\x74\x65\x5f\x63\x61\x63\x68\x65\0\
\x66\x75\x74\x65\x78\x5f\x65\x78\x69\x74\x5f\x6d\x75\x74\x65\x78\0\x66\x75\x74\
\x65\x78\x5f\x73\x74\x61\x74\x65\0\x70\x65\x72\x66\x5f\x65\x76\x65\x6e\x74\x5f\
\x63\x74\x78\x70\0\x70\x65\x72\x66\x5f\x65\x76\x65\x6e\x74\x5f\x6d\x75\x74\x65\
\x78\0\x70\x65\x72\x66\x5f\x65\x76\x65\x6e\x74\x5f\x6c\x69\x73\x74\0\x72\x73\
\x65\x71\0\x72\x73\x65\x71\x5f\x73\x69\x67\0\x72\x73\x65\x71\x5f\x65\x76\x65\
\x6e\x74\x5f\x6d\x61\x73\x6b\0\x74\x6c\x62\x5f\x75\x62\x63\0\x73\x70\x6c\x69\
\x63\x65\x5f\x70\x69\x70\x65\0\x74\x61\x73\x6b\x5f\x66\x72\x61\x67\0\x6e\x72\
\x5f\x64\x69\x72\x74\x69\x65\x64\0\x6e\x72\x5f\x64\x69\x72\x74\x69\x65\x64\x5f\
\x70\x61\x75\x73\x65\0\x64\x69\x72\x74\x79\x5f\x70\x61\x75\x73\x65\x64\x5f\x77\
\x68\x65\x6e\0\x74\x69\x6d\x65\x72\x5f\x73\x6c\x61\x63\x6b\x5f\x6e\x73\0\x64\
\x65\x66\x61\x75\x6c\x74\x5f\x74\x69\x6d\x65\x72\x5f\x73\x6c\x61\x63\x6b\x5f\
\x6e\x73\0\x63\x75\x72\x72\x5f\x72\x65\x74\x5f\x73\x74\x61\x63\x6b\0\x63\x75\
\x72\x72\x5f\x72\x65\x74\x5f\x64\x65\x70\x74\x68\0\x72\x65\x74\x5f\x73\x74\x61\
\x63\x6b\0\x66\x74\x72\x61\x63\x65\x5f\x74\x69\x6d\x65\x73\x74\x61\x6d\x70\0\
\x74\x72\x61\x63\x65\x5f\x6f\x76\x65\x72\x72\x75\x6e\0\x74\x72\x61\x63\x69\x6e\
\x67\x5f\x67\x72\x61\x70\x68\x5f\x70\x61\x75\x73\x65\0\x74\x72\x61\x63\x65\0\
\x74\x72\x61\x63\x65\x5f\x72\x65\x63\x75\x72\x73\x69\x6f\x6e\0\x74\x68\x72\x6f\
\x74\x74\x6c\x65\x5f\x71\x75\x65\x75\x65\0\x75\x74\x61\x73\x6b\0\x6b\x6d\x61\
\x70\x5f\x63\x74\x72\x6c\0\x70\x61\x67\x65\x66\x61\x75\x6c\x74\x5f\x64\x69\x73\
\x61\x62\x6c\x65\x64\0\x6f\x6f\x6d\x5f\x72\x65\x61\x70\x65\x72\x5f\x6c\x69\x73\
\x74\0\x6f\x6f\x6d\x5f\x72\x65\x61\x70\x65\x72\x5f\x74\x69\x6d\x65\x72\0\x73\
\x74\x61\x63\x6b\x5f\x76\x6d\x5f\x61\x72\x65\x61\0\x73\x74\x61\x63\x6b\x5f\x72\
\x65\x66\x63\x6f\x75\x6e\x74\0\x73\x65\x63\x75\x72\x69\x74\x79\0\x62\x70\x66\
\x5f\x73\x74\x6f\x72\x61\x67\x65\0\x62\x70\x66\x5f\x63\x74\x78\0\x74\x68\x72\
\x65\x61\x64\0\x74\x74\x62\x72\x30\0\x6e\x72\x5f\x73\x79\x73\x63\x61\x6c\x6c\
\x73\0\x73\x79\x73\x5f\x63\x61\x6c\x6c\x5f\x74\x61\x62\x6c\x65\0\x63\x6f\x6d\
\x70\x61\x74\x5f\x6e\x72\x5f\x73\x79\x73\x63\x61\x6c\x6c\x73\0\x63\x6f\x6d\x70\
\x61\x74\x5f\x73\x79\x73\x5f\x63\x61\x6c\x6c\x5f\x74\x61\x62\x6c\x65\0\x75\x6e\
\x73\x69\x67\x6e\x65\x64\x20\x6c\x6f\x6e\x67\0\x70\x72\x65\x65\x6d\x70\x74\x5f\
\x63\x6f\x75\x6e\x74\0\x70\x72\x65\x65\x6d\x70\x74\0\x63\x6f\x75\x6e\x74\0\x6e\
\x65\x65\x64\x5f\x72\x65\x73\x63\x68\x65\x64\0\x72\x65\x66\x63\x6f\x75\x6e\x74\
\x5f\x74\0\x72\x65\x66\x63\x6f\x75\x6e\x74\x5f\x73\x74\x72\x75\x63\x74\0\x72\
\x65\x66\x73\0\x61\x74\x6f\x6d\x69\x63\x5f\x74\0\x63\x6f\x75\x6e\x74\x65\x72\0\
\x5f\x5f\x63\x61\x6c\x6c\x5f\x73\x69\x6e\x67\x6c\x65\x5f\x6e\x6f\x64\x65\0\x6c\
\x6c\x69\x73\x74\0\x73\x72\x63\0\x64\x73\x74\0\x6c\x6c\x69\x73\x74\x5f\x6e\x6f\
\x64\x65\0\x6e\x65\x78\x74\0\x75\x5f\x66\x6c\x61\x67\x73\0\x61\x5f\x66\x6c\x61\
\x67\x73\0\x73\x63\x68\x65\x64\x5f\x65\x6e\x74\x69\x74\x79\0\x6c\x6f\x61\x64\0\
\x72\x75\x6e\x5f\x6e\x6f\x64\x65\0\x64\x65\x61\x64\x6c\x69\x6e\x65\0\x6d\x69\
\x6e\x5f\x64\x65\x61\x64\x6c\x69\x6e\x65\0\x67\x72\x6f\x75\x70\x5f\x6e\x6f\x64\
\x65\0\x65\x78\x65\x63\x5f\x73\x74\x61\x72\x74\0\x73\x75\x6d\x5f\x65\x78\x65\
\x63\x5f\x72\x75\x6e\x74\x69\x6d\x65\0\x70\x72\x65\x76\x5f\x73\x75\x6d\x5f\x65\
\x78\x65\x63\x5f\x72\x75\x6e\x74\x69\x6d\x65\0\x76\x72\x75\x6e\x74\x69\x6d\x65\
\0\x76\x6c\x61\x67\0\x73\x6c\x69\x63\x65\0\x6e\x72\x5f\x6d\x69\x67\x72\x61\x74\
\x69\x6f\x6e\x73\0\x64\x65\x70\x74\x68\0\x63\x66\x73\x5f\x72\x71\0\x6d\x79\x5f\
\x71\0\x72\x75\x6e\x6e\x61\x62\x6c\x65\x5f\x77\x65\x69\x67\x68\x74\0\x61\x76\
\x67\0\x6c\x6f\x61\x64\x5f\x77\x65\x69\x67\x68\x74\0\x77\x65\x69\x67\x68\x74\0\
\x69\x6e\x76\x5f\x77\x65\x69\x67\x68\x74\0\x72\x62\x5f\x6e\x6f\x64\x65\0\x5f\
\x5f\x72\x62\x5f\x70\x61\x72\x65\x6e\x74\x5f\x63\x6f\x6c\x6f\x72\0\x72\x62\x5f\
\x72\x69\x67\x68\x74\0\x72\x62\x5f\x6c\x65\x66\x74\0\x6c\x69\x73\x74\x5f\x68\
\x65\x61\x64\0\x70\x72\x65\x76\0\x73\x63\x68\x65\x64\x5f\x61\x76\x67\0\x6c\x61\
\x73\x74\x5f\x75\x70\x64\x61\x74\x65\x5f\x74\x69\x6d\x65\0\x6c\x6f\x61\x64\x5f\
\x73\x75\x6d\0\x72\x75\x6e\x6e\x61\x62\x6c\x65\x5f\x73\x75\x6d\0\x75\x74\x69\
\x6c\x5f\x73\x75\x6d\0\x70\x65\x72\x69\x6f\x64\x5f\x63\x6f\x6e\x74\x72\x69\x62\
\0\x6c\x6f\x61\x64\x5f\x61\x76\x67\0\x72\x75\x6e\x6e\x61\x62\x6c\x65\x5f\x61\
\x76\x67\0\x75\x74\x69\x6c\x5f\x61\x76\x67\0\x75\x74\x69\x6c\x5f\x67\x75\x65\
\x73\x74\0\x75\x74\x69\x6c\x5f\x65\x73\x74\0\x65\x6e\x71\x75\x65\x75\x65\x64\0\
\x65\x77\x6d\x61\0\x73\x63\x68\x65\x64\x5f\x72\x74\x5f\x65\x6e\x74\x69\x74\x79\
\0\x72\x75\x6e\x5f\x6c\x69\x73\x74\0\x74\x69\x6d\x65\x6f\x75\x74\0\x77\x61\x74\
\x63\x68\x64\x6f\x67\x5f\x73\x74\x61\x6d\x70\0\x74\x69\x6d\x65\x5f\x73\x6c\x69\
\x63\x65\0\x6f\x6e\x5f\x6c\x69\x73\x74\0\x62\x61\x63\x6b\0\x73\x63\x68\x65\x64\
\x5f\x64\x6c\x5f\x65\x6e\x74\x69\x74\x79\0\x64\x6c\x5f\x72\x75\x6e\x74\x69\x6d\
\x65\0\x64\x6c\x5f\x64\x65\x61\x64\x6c\x69\x6e\x65\0\x64\x6c\x5f\x70\x65\x72\
\x69\x6f\x64\0\x64\x6c\x5f\x62\x77\0\x64\x6c\x5f\x64\x65\x6e\x73\x69\x74\x79\0\
\x72\x75\x6e\x74\x69\x6d\x65\0\x64\x6c\x5f\x74\x68\x72\x6f\x74\x74\x6c\x65\x64\
\0\x64\x6c\x5f\x79\x69\x65\x6c\x64\x65\x64\0\x64\x6c\x5f\x6e\x6f\x6e\x5f\x63\
\x6f\x6e\x74\x65\x6e\x64\x69\x6e\x67\0\x64\x6c\x5f\x6f\x76\x65\x72\x72\x75\x6e\
\0\x64\x6c\x5f\x74\x69\x6d\x65\x72\0\x69\x6e\x61\x63\x74\x69\x76\x65\x5f\x74\
\x69\x6d\x65\x72\0\x72\x71\0\x73\x65\x72\x76\x65\x72\x5f\x68\x61\x73\x5f\x74\
\x61\x73\x6b\x73\0\x73\x65\x72\x76\x65\x72\x5f\x70\x69\x63\x6b\0\x70\x69\x5f\
\x73\x65\0\x68\x72\x74\x69\x6d\x65\x72\0\x6e\x6f\x64\x65\0\x5f\x73\x6f\x66\x74\
\x65\x78\x70\x69\x72\x65\x73\0\x66\x75\x6e\x63\x74\x69\x6f\x6e\0\x62\x61\x73\
\x65\0\x73\x74\x61\x74\x65\0\x69\x73\x5f\x72\x65\x6c\0\x69\x73\x5f\x73\x6f\x66\
\x74\0\x69\x73\x5f\x68\x61\x72\x64\0\x74\x69\x6d\x65\x72\x71\x75\x65\x75\x65\
\x5f\x6e\x6f\x64\x65\0\x65\x78\x70\x69\x72\x65\x73\0\x6b\x74\x69\x6d\x65\x5f\
\x74\0\x68\x72\x74\x69\x6d\x65\x72\x5f\x72\x65\x73\x74\x61\x72\x74\0\x48\x52\
\x54\x49\x4d\x45\x52\x5f\x4e\x4f\x52\x45\x53\x54\x41\x52\x54\0\x48\x52\x54\x49\
\x4d\x45\x52\x5f\x52\x45\x53\x54\x41\x52\x54\0\x64\x6c\x5f\x73\x65\x72\x76\x65\
\x72\x5f\x68\x61\x73\x5f\x74\x61\x73\x6b\x73\x5f\x66\0\x64\x6c\x5f\x73\x65\x72\
\x76\x65\x72\x5f\x70\x69\x63\x6b\x5f\x66\0\x75\x63\x6c\x61\x6d\x70\x5f\x73\x65\
\0\x62\x75\x63\x6b\x65\x74\x5f\x69\x64\0\x61\x63\x74\x69\x76\x65\0\x75\x73\x65\
\x72\x5f\x64\x65\x66\x69\x6e\x65\x64\0\x73\x63\x68\x65\x64\x5f\x73\x74\x61\x74\
\x69\x73\x74\x69\x63\x73\0\x77\x61\x69\x74\x5f\x73\x74\x61\x72\x74\0\x77\x61\
\x69\x74\x5f\x6d\x61\x78\0\x77\x61\x69\x74\x5f\x63\x6f\x75\x6e\x74\0\x77\x61\
\x69\x74\x5f\x73\x75\x6d\0\x69\x6f\x77\x61\x69\x74\x5f\x63\x6f\x75\x6e\x74\0\
\x69\x6f\x77\x61\x69\x74\x5f\x73\x75\x6d\0\x73\x6c\x65\x65\x70\x5f\x73\x74\x61\
\x72\x74\0\x73\x6c\x65\x65\x70\x5f\x6d\x61\x78\0\x73\x75\x6d\x5f\x73\x6c\x65\
\x65\x70\x5f\x72\x75\x6e\x74\x69\x6d\x65\0\x62\x6c\x6f\x63\x6b\x5f\x73\x74\x61\
\x72\x74\0\x62\x6c\x6f\x63\x6b\x5f\x6d\x61\x78\0\x65\x78\x65\x63\x5f\x6d\x61\
\x78\0\x73\x6c\x69\x63\x65\x5f\x6d\x61\x78\0\x6e\x72\x5f\x6d\x69\x67\x72\x61\
\x74\x69\x6f\x6e\x73\x5f\x63\x6f\x6c\x64\0\x6e\x72\x5f\x66\x61\x69\x6c\x65\x64\
\x5f\x6d\x69\x67\x72\x61\x74\x69\x6f\x6e\x73\x5f\x61\x66\x66\x69\x6e\x65\0\x6e\
\x72\x5f\x66\x61\x69\x6c\x65\x64\x5f\x6d\x69\x67\x72\x61\x74\x69\x6f\x6e\x73\
\x5f\x72\x75\x6e\x6e\x69\x6e\x67\0\x6e\x72\x5f\x66\x61\x69\x6c\x65\x64\x5f\x6d\
\x69\x67\x72\x61\x74\x69\x6f\x6e\x73\x5f\x68\x6f\x74\0\x6e\x72\x5f\x66\x6f\x72\
\x63\x65\x64\x5f\x6d\x69\x67\x72\x61\x74\x69\x6f\x6e\x73\0\x6e\x72\x5f\x77\x61\
\x6b\x65\x75\x70\x73\0\x6e\x72\x5f\x77\x61\x6b\x65\x75\x70\x73\x5f\x73\x79\x6e\
\x63\0\x6e\x72\x5f\x77\x61\x6b\x65\x75\x70\x73\x5f\x6d\x69\x67\x72\x61\x74\x65\
\0\x6e\x72\x5f\x77\x61\x6b\x65\x75\x70\x73\x5f\x6c\x6f\x63\x61\x6c\0\x6e\x72\
\x5f\x77\x61\x6b\x65\x75\x70\x73\x5f\x72\x65\x6d\x6f\x74\x65\0\x6e\x72\x5f\x77\
\x61\x6b\x65\x75\x70\x73\x5f\x61\x66\x66\x69\x6e\x65\0\x6e\x72\x5f\x77\x61\x6b\
\x65\x75\x70\x73\x5f\x61\x66\x66\x69\x6e\x65\x5f\x61\x74\x74\x65\x6d\x70\x74\
\x73\0\x6e\x72\x5f\x77\x61\x6b\x65\x75\x70\x73\x5f\x70\x61\x73\x73\x69\x76\x65\
\0\x6e\x72\x5f\x77\x61\x6b\x65\x75\x70\x73\x5f\x69\x64\x6c\x65\0\x68\x6c\x69\
\x73\x74\x5f\x68\x65\x61\x64\0\x66\x69\x72\x73\x74\0\x63\x70\x75\x6d\x61\x73\
\x6b\x5f\x74\0\x63\x70\x75\x6d\x61\x73\x6b\0\x62\x69\x74\x73\0\x72\x63\x75\x5f\
\x73\x70\x65\x63\x69\x61\x6c\0\x62\0\x73\0\x6e\x65\x65\x64\x5f\x71\x73\0\x65\
\x78\x70\x5f\x68\x69\x6e\x74\0\x6e\x65\x65\x64\x5f\x6d\x62\0\x70\x63\x6f\x75\
\x6e\x74\0\x72\x75\x6e\x5f\x64\x65\x6c\x61\x79\0\x6c\x61\x73\x74\x5f\x61\x72\
\x72\x69\x76\x61\x6c\0\x6c\x61\x73\x74\x5f\x71\x75\x65\x75\x65\x64\0\x70\x6c\
\x69\x73\x74\x5f\x6e\x6f\x64\x65\0\x70\x72\x69\x6f\x5f\x6c\x69\x73\x74\0\x6e\
\x6f\x64\x65\x5f\x6c\x69\x73\x74\0\x73\x65\x71\x6e\x75\x6d\0\x76\x6d\x61\x73\0\
\x76\x6d\x5f\x61\x72\x65\x61\x5f\x73\x74\x72\x75\x63\x74\0\x76\x6d\x5f\x73\x74\
\x61\x72\x74\0\x76\x6d\x5f\x65\x6e\x64\0\x76\x6d\x5f\x6e\x65\x78\x74\0\x76\x6d\
\x5f\x70\x72\x65\x76\0\x76\x6d\x5f\x72\x62\0\x72\x62\x5f\x73\x75\x62\x74\x72\
\x65\x65\x5f\x67\x61\x70\0\x76\x6d\x5f\x6d\x6d\0\x76\x6d\x5f\x70\x61\x67\x65\
\x5f\x70\x72\x6f\x74\0\x76\x6d\x5f\x66\x6c\x61\x67\x73\0\x61\x6e\x6f\x6e\x5f\
\x76\x6d\x61\x5f\x63\x68\x61\x69\x6e\0\x61\x6e\x6f\x6e\x5f\x76\x6d\x61\0\x76\
\x6d\x5f\x6f\x70\x73\0\x76\x6d\x5f\x70\x67\x6f\x66\x66\0\x76\x6d\x5f\x66\x69\
\x6c\x65\0\x76\x6d\x5f\x70\x72\x69\x76\x61\x74\x65\x5f\x64\x61\x74\x61\0\x73\
\x77\x61\x70\x5f\x72\x65\x61\x64\x61\x68\x65\x61\x64\x5f\x69\x6e\x66\x6f\0\x76\
\x6d\x5f\x75\x73\x65\x72\x66\x61\x75\x6c\x74\x66\x64\x5f\x63\x74\x78\0\x70\x67\
\x70\x72\x6f\x74\x5f\x74\0\x70\x67\x70\x72\x6f\x74\0\x70\x74\x65\x76\x61\x6c\
\x5f\x74\0\x73\x68\x61\x72\x65\x64\0\x61\x6e\x6f\x6e\x5f\x6e\x61\x6d\x65\0\x72\
\x62\x5f\x73\x75\x62\x74\x72\x65\x65\x5f\x6c\x61\x73\x74\0\x61\x74\x6f\x6d\x69\
\x63\x5f\x6c\x6f\x6e\x67\x5f\x74\0\x61\x74\x6f\x6d\x69\x63\x36\x34\x5f\x74\0\
\x74\x61\x73\x6b\x5f\x72\x73\x73\x5f\x73\x74\x61\x74\0\x65\x76\x65\x6e\x74\x73\
\0\x61\x72\x63\x68\x5f\x64\x61\x74\x61\0\x66\x6e\0\x6c\x6f\x6e\x67\0\x66\x75\
\x74\x65\x78\0\x6e\x61\x6e\x6f\x73\x6c\x65\x65\x70\0\x70\x6f\x6c\x6c\0\x75\x61\
\x64\x64\x72\0\x76\x61\x6c\0\x62\x69\x74\x73\x65\x74\0\x74\x69\x6d\x65\0\x75\
\x61\x64\x64\x72\x32\0\x63\x6c\x6f\x63\x6b\x69\x64\0\x63\x6c\x6f\x63\x6b\x69\
\x64\x5f\x74\0\x5f\x5f\x6b\x65\x72\x6e\x65\x6c\x5f\x63\x6c\x6f\x63\x6b\x69\x64\
\x5f\x74\0\x74\x69\x6d\x65\x73\x70\x65\x63\x5f\x74\x79\x70\x65\0\x54\x54\x5f\
\x4e\x4f\x4e\x45\0\x54\x54\x5f\x4e\x41\x54\x49\x56\x45\0\x54\x54\x5f\x43\x4f\
\x4d\x50\x41\x54\0\x72\x6d\x74\x70\0\x63\x6f\x6d\x70\x61\x74\x5f\x72\x6d\x74\
\x70\0\x75\x66\x64\x73\0\x6e\x66\x64\x73\0\x68\x61\x73\x5f\x74\x69\x6d\x65\x6f\
\x75\x74\0\x70\x69\x64\x5f\x74\0\x5f\x5f\x6b\x65\x72\x6e\x65\x6c\x5f\x70\x69\
\x64\x5f\x74\0\x68\x6c\x69\x73\x74\x5f\x6e\x6f\x64\x65\0\x70\x70\x72\x65\x76\0\
\x6c\x6f\x63\x6b\0\x72\x61\x77\x5f\x73\x70\x69\x6e\x6c\x6f\x63\x6b\x5f\x74\0\
\x72\x61\x77\x5f\x73\x70\x69\x6e\x6c\x6f\x63\x6b\0\x72\x61\x77\x5f\x6c\x6f\x63\
\x6b\0\x61\x72\x63\x68\x5f\x73\x70\x69\x6e\x6c\x6f\x63\x6b\x5f\x74\0\x71\x73\
\x70\x69\x6e\x6c\x6f\x63\x6b\0\x6c\x6f\x63\x6b\x65\x64\0\x6c\x6f\x63\x6b\x65\
\x64\x5f\x70\x65\x6e\x64\x69\x6e\x67\0\x74\x61\x69\x6c\0\x62\x61\x73\x65\x73\0\
\x74\x69\x6d\x65\x72\x73\x5f\x61\x63\x74\x69\x76\x65\0\x65\x78\x70\x69\x72\x79\
\x5f\x61\x63\x74\x69\x76\x65\0\x70\x6f\x73\x69\x78\x5f\x63\x70\x75\x74\x69\x6d\
\x65\x72\x5f\x62\x61\x73\x65\0\x6e\x65\x78\x74\x65\x76\x74\0\x74\x71\x68\x65\
\x61\x64\0\x74\x69\x6d\x65\x72\x71\x75\x65\x75\x65\x5f\x68\x65\x61\x64\0\x72\
\x62\x5f\x72\x6f\x6f\x74\0\x72\x62\x5f\x72\x6f\x6f\x74\x5f\x63\x61\x63\x68\x65\
\x64\0\x72\x62\x5f\x6c\x65\x66\x74\x6d\x6f\x73\x74\0\x73\x75\x62\x73\x63\x72\
\x69\x62\x65\x72\x73\0\x70\x75\x74\x5f\x61\x64\x64\x72\0\x6d\x61\x67\x69\x63\0\
\x73\x75\x69\x64\0\x73\x67\x69\x64\0\x65\x75\x69\x64\0\x65\x67\x69\x64\0\x66\
\x73\x75\x69\x64\0\x66\x73\x67\x69\x64\0\x73\x65\x63\x75\x72\x65\x62\x69\x74\
\x73\0\x63\x61\x70\x5f\x69\x6e\x68\x65\x72\x69\x74\x61\x62\x6c\x65\0\x63\x61\
\x70\x5f\x70\x65\x72\x6d\x69\x74\x74\x65\x64\0\x63\x61\x70\x5f\x65\x66\x66\x65\
\x63\x74\x69\x76\x65\0\x63\x61\x70\x5f\x62\x73\x65\x74\0\x63\x61\x70\x5f\x61\
\x6d\x62\x69\x65\x6e\x74\0\x6a\x69\x74\x5f\x6b\x65\x79\x72\x69\x6e\x67\0\x73\
\x65\x73\x73\x69\x6f\x6e\x5f\x6b\x65\x79\x72\x69\x6e\x67\0\x70\x72\x6f\x63\x65\
\x73\x73\x5f\x6b\x65\x79\x72\x69\x6e\x67\0\x74\x68\x72\x65\x61\x64\x5f\x6b\x65\
\x79\x72\x69\x6e\x67\0\x72\x65\x71\x75\x65\x73\x74\x5f\x6b\x65\x79\x5f\x61\x75\
\x74\x68\0\x75\x73\x65\x72\0\x75\x63\x6f\x75\x6e\x74\x73\0\x67\x72\x6f\x75\x70\
\x5f\x69\x6e\x66\x6f\0\x6b\x75\x69\x64\x5f\x74\0\x75\x69\x64\x5f\x74\0\x5f\x5f\
\x6b\x65\x72\x6e\x65\x6c\x5f\x75\x69\x64\x33\x32\x5f\x74\0\x6b\x67\x69\x64\x5f\
\x74\0\x67\x69\x64\x5f\x74\0\x5f\x5f\x6b\x65\x72\x6e\x65\x6c\x5f\x67\x69\x64\
\x33\x32\x5f\x74\0\x6b\x65\x72\x6e\x65\x6c\x5f\x63\x61\x70\x5f\x74\0\x6b\x65\
\x72\x6e\x65\x6c\x5f\x63\x61\x70\x5f\x73\x74\x72\x75\x63\x74\0\x63\x61\x70\0\
\x6e\x6f\x6e\x5f\x72\x63\x75\0\x72\x63\x75\0\x63\x61\x6c\x6c\x62\x61\x63\x6b\
\x5f\x68\x65\x61\x64\0\x66\x75\x6e\x63\0\x73\x79\x73\x76\x5f\x73\x65\x6d\0\x75\
\x6e\x64\x6f\x5f\x6c\x69\x73\x74\0\x73\x79\x73\x76\x5f\x73\x68\x6d\0\x73\x68\
\x6d\x5f\x63\x6c\x69\x73\x74\0\x73\x69\x67\x73\x65\x74\x5f\x74\0\x73\x69\x67\0\
\x73\x69\x67\x70\x65\x6e\x64\x69\x6e\x67\0\x6c\x69\x73\x74\0\x73\x69\x7a\x65\
\x5f\x74\0\x5f\x5f\x6b\x65\x72\x6e\x65\x6c\x5f\x73\x69\x7a\x65\x5f\x74\0\x5f\
\x5f\x6b\x65\x72\x6e\x65\x6c\x5f\x75\x6c\x6f\x6e\x67\x5f\x74\0\x66\x69\x6c\x74\
\x65\x72\x5f\x63\x6f\x75\x6e\x74\0\x66\x69\x6c\x74\x65\x72\0\x73\x79\x73\x63\
\x61\x6c\x6c\x5f\x75\x73\x65\x72\x5f\x64\x69\x73\x70\x61\x74\x63\x68\0\x73\x70\
\x69\x6e\x6c\x6f\x63\x6b\x5f\x74\0\x73\x70\x69\x6e\x6c\x6f\x63\x6b\0\x72\x6c\
\x6f\x63\x6b\0\x77\x61\x6b\x65\x5f\x71\x5f\x6e\x6f\x64\x65\0\x6b\x65\x72\x6e\
\x65\x6c\x5f\x73\x69\x67\x69\x6e\x66\x6f\x5f\x74\0\x74\x61\x73\x6b\x5f\x69\x6f\
\x5f\x61\x63\x63\x6f\x75\x6e\x74\x69\x6e\x67\0\x72\x63\x68\x61\x72\0\x77\x63\
\x68\x61\x72\0\x73\x79\x73\x63\x72\0\x73\x79\x73\x63\x77\0\x73\x79\x73\x63\x66\
\x73\0\x72\x65\x61\x64\x5f\x62\x79\x74\x65\x73\0\x77\x72\x69\x74\x65\x5f\x62\
\x79\x74\x65\x73\0\x63\x61\x6e\x63\x65\x6c\x6c\x65\x64\x5f\x77\x72\x69\x74\x65\
\x5f\x62\x79\x74\x65\x73\0\x6e\x6f\x64\x65\x6d\x61\x73\x6b\x5f\x74\0\x73\x65\
\x71\x63\x6f\x75\x6e\x74\x5f\x73\x70\x69\x6e\x6c\x6f\x63\x6b\x5f\x74\0\x73\x65\
\x71\x63\x6f\x75\x6e\x74\x5f\x73\x70\x69\x6e\x6c\x6f\x63\x6b\0\x73\x65\x71\x63\
\x6f\x75\x6e\x74\0\x73\x65\x71\x63\x6f\x75\x6e\x74\x5f\x74\0\x73\x65\x71\x75\
\x65\x6e\x63\x65\0\x6d\x75\x74\x65\x78\0\x6f\x77\x6e\x65\x72\0\x77\x61\x69\x74\
\x5f\x6c\x6f\x63\x6b\0\x6f\x73\x71\0\x77\x61\x69\x74\x5f\x6c\x69\x73\x74\0\x6f\
\x70\x74\x69\x6d\x69\x73\x74\x69\x63\x5f\x73\x70\x69\x6e\x5f\x71\x75\x65\x75\
\x65\0\x70\x65\x72\x66\x5f\x65\x76\x65\x6e\x74\x5f\x63\x6f\x6e\x74\x65\x78\x74\
\0\x70\x6d\x75\0\x61\x63\x74\x69\x76\x65\x5f\x63\x74\x78\x5f\x6c\x69\x73\x74\0\
\x70\x69\x6e\x6e\x65\x64\x5f\x67\x72\x6f\x75\x70\x73\0\x66\x6c\x65\x78\x69\x62\
\x6c\x65\x5f\x67\x72\x6f\x75\x70\x73\0\x65\x76\x65\x6e\x74\x5f\x6c\x69\x73\x74\
\0\x70\x69\x6e\x6e\x65\x64\x5f\x61\x63\x74\x69\x76\x65\0\x66\x6c\x65\x78\x69\
\x62\x6c\x65\x5f\x61\x63\x74\x69\x76\x65\0\x6e\x72\x5f\x65\x76\x65\x6e\x74\x73\
\0\x6e\x72\x5f\x61\x63\x74\x69\x76\x65\0\x69\x73\x5f\x61\x63\x74\x69\x76\x65\0\
\x6e\x72\x5f\x73\x74\x61\x74\0\x6e\x72\x5f\x66\x72\x65\x71\0\x72\x6f\x74\x61\
\x74\x65\x5f\x64\x69\x73\x61\x62\x6c\x65\0\x72\x6f\x74\x61\x74\x65\x5f\x6e\x65\
\x63\x65\x73\x73\x61\x72\x79\0\x72\x65\x66\x63\x6f\x75\x6e\x74\0\x74\x61\x73\
\x6b\0\x74\x69\x6d\x65\x73\x74\x61\x6d\x70\0\x74\x69\x6d\x65\x6f\x66\x66\x73\
\x65\x74\0\x70\x61\x72\x65\x6e\x74\x5f\x63\x74\x78\0\x70\x61\x72\x65\x6e\x74\
\x5f\x67\x65\x6e\0\x67\x65\x6e\x65\x72\x61\x74\x69\x6f\x6e\0\x70\x69\x6e\x5f\
\x63\x6f\x75\x6e\x74\0\x74\x61\x73\x6b\x5f\x63\x74\x78\x5f\x64\x61\x74\x61\0\
\x6e\x72\x5f\x70\x65\x6e\x64\x69\x6e\x67\0\x70\x65\x72\x66\x5f\x65\x76\x65\x6e\
\x74\x5f\x67\x72\x6f\x75\x70\x73\0\x74\x72\x65\x65\0\x69\x6e\x64\x65\x78\0\x6c\
\x6f\x63\x61\x6c\x5f\x74\0\x61\0\x74\x6c\x62\x66\x6c\x75\x73\x68\x5f\x75\x6e\
\x6d\x61\x70\x5f\x62\x61\x74\x63\x68\0\x72\x63\x75\x5f\x75\x73\x65\x72\x73\0\
\x70\x61\x67\x65\x5f\x66\x72\x61\x67\0\x70\x61\x67\x65\0\x6f\x66\x66\x73\x65\
\x74\0\x73\x69\x7a\x65\0\x74\x69\x6d\x65\x72\x5f\x6c\x69\x73\x74\0\x65\x6e\x74\
\x72\x79\0\x74\x68\x72\x65\x61\x64\x5f\x73\x74\x72\x75\x63\x74\0\x63\x70\x75\
\x5f\x63\x6f\x6e\x74\x65\x78\x74\0\x75\x77\0\x66\x70\x73\x69\x6d\x64\x5f\x63\
\x70\x75\0\x73\x76\x65\x5f\x73\x74\x61\x74\x65\0\x73\x76\x65\x5f\x76\x6c\0\x73\
\x76\x65\x5f\x76\x6c\x5f\x6f\x6e\x65\x78\x65\x63\0\x66\x61\x75\x6c\x74\x5f\x61\
\x64\x64\x72\x65\x73\x73\0\x66\x61\x75\x6c\x74\x5f\x63\x6f\x64\x65\0\x64\x65\
\x62\x75\x67\0\x6b\x65\x79\x73\x5f\x75\x73\x65\x72\0\x6b\x65\x79\x73\x5f\x6b\
\x65\x72\x6e\x65\x6c\0\x6d\x74\x65\x5f\x63\x74\x72\x6c\0\x73\x63\x74\x6c\x72\
\x5f\x75\x73\x65\x72\0\x78\x31\x39\0\x78\x32\x30\0\x78\x32\x31\0\x78\x32\x32\0\
\x78\x32\x33\0\x78\x32\x34\0\x78\x32\x35\0\x78\x32\x36\0\x78\x32\x37\0\x78\x32\
\x38\0\x66\x70\0\x73\x70\0\x70\x63\0\x74\x70\x5f\x76\x61\x6c\x75\x65\0\x74\x70\
\x32\x5f\x76\x61\x6c\x75\x65\0\x66\x70\x73\x69\x6d\x64\x5f\x73\x74\x61\x74\x65\
\0\x75\x73\x65\x72\x5f\x66\x70\x73\x69\x6d\x64\x5f\x73\x74\x61\x74\x65\0\x76\
\x72\x65\x67\x73\0\x66\x70\x73\x72\0\x66\x70\x63\x72\0\x5f\x5f\x72\x65\x73\x65\
\x72\x76\x65\x64\0\x5f\x5f\x75\x69\x6e\x74\x31\x32\x38\x5f\x74\0\x75\x6e\x73\
\x69\x67\x6e\x65\x64\x20\x5f\x5f\x69\x6e\x74\x31\x32\x38\0\x64\x65\x62\x75\x67\
\x5f\x69\x6e\x66\x6f\0\x73\x75\x73\x70\x65\x6e\x64\x65\x64\x5f\x73\x74\x65\x70\
\0\x62\x70\x73\x5f\x64\x69\x73\x61\x62\x6c\x65\x64\0\x77\x70\x73\x5f\x64\x69\
\x73\x61\x62\x6c\x65\x64\0\x68\x62\x70\x5f\x62\x72\x65\x61\x6b\0\x68\x62\x70\
\x5f\x77\x61\x74\x63\x68\0\x70\x65\x72\x66\x5f\x65\x76\x65\x6e\x74\0\x65\x76\
\x65\x6e\x74\x5f\x65\x6e\x74\x72\x79\0\x73\x69\x62\x6c\x69\x6e\x67\x5f\x6c\x69\
\x73\x74\0\x61\x63\x74\x69\x76\x65\x5f\x6c\x69\x73\x74\0\x67\x72\x6f\x75\x70\
\x5f\x69\x6e\x64\x65\x78\0\x6d\x69\x67\x72\x61\x74\x65\x5f\x65\x6e\x74\x72\x79\
\0\x68\x6c\x69\x73\x74\x5f\x65\x6e\x74\x72\x79\0\x61\x63\x74\x69\x76\x65\x5f\
\x65\x6e\x74\x72\x79\0\x6e\x72\x5f\x73\x69\x62\x6c\x69\x6e\x67\x73\0\x65\x76\
\x65\x6e\x74\x5f\x63\x61\x70\x73\0\x67\x72\x6f\x75\x70\x5f\x63\x61\x70\x73\0\
\x67\x72\x6f\x75\x70\x5f\x67\x65\x6e\x65\x72\x61\x74\x69\x6f\x6e\0\x70\x6d\x75\
\x5f\x70\x72\x69\x76\x61\x74\x65\0\x61\x74\x74\x61\x63\x68\x5f\x73\x74\x61\x74\
\x65\0\x63\x68\x69\x6c\x64\x5f\x63\x6f\x75\x6e\x74\0\x74\x6f\x74\x61\x6c\x5f\
\x74\x69\x6d\x65\x5f\x65\x6e\x61\x62\x6c\x65\x64\0\x74\x6f\x74\x61\x6c\x5f\x74\
\x69\x6d\x65\x5f\x72\x75\x6e\x6e\x69\x6e\x67\0\x74\x73\x74\x61\x6d\x70\0\x61\
\x74\x74\x72\0\x68\x65\x61\x64\x65\x72\x5f\x73\x69\x7a\x65\0\x69\x64\x5f\x68\
\x65\x61\x64\x65\x72\x5f\x73\x69\x7a\x65\0\x72\x65\x61\x64\x5f\x73\x69\x7a\x65\
\0\x68\x77\0\x63\x68\x69\x6c\x64\x5f\x74\x6f\x74\x61\x6c\x5f\x74\x69\x6d\x65\
\x5f\x65\x6e\x61\x62\x6c\x65\x64\0\x63\x68\x69\x6c\x64\x5f\x74\x6f\x74\x61\x6c\
\x5f\x74\x69\x6d\x65\x5f\x72\x75\x6e\x6e\x69\x6e\x67\0\x63\x68\x69\x6c\x64\x5f\
\x6d\x75\x74\x65\x78\0\x63\x68\x69\x6c\x64\x5f\x6c\x69\x73\x74\0\x6f\x6e\x63\
\x70\x75\0\x6f\x77\x6e\x65\x72\x5f\x65\x6e\x74\x72\x79\0\x6d\x6d\x61\x70\x5f\
\x6d\x75\x74\x65\x78\0\x6d\x6d\x61\x70\x5f\x63\x6f\x75\x6e\x74\0\x72\x62\x5f\
\x65\x6e\x74\x72\x79\0\x72\x63\x75\x5f\x62\x61\x74\x63\x68\x65\x73\0\x72\x63\
\x75\x5f\x70\x65\x6e\x64\x69\x6e\x67\0\x77\x61\x69\x74\x71\0\x66\x61\x73\x79\
\x6e\x63\0\x70\x65\x6e\x64\x69\x6e\x67\x5f\x77\x61\x6b\x65\x75\x70\0\x70\x65\
\x6e\x64\x69\x6e\x67\x5f\x6b\x69\x6c\x6c\0\x70\x65\x6e\x64\x69\x6e\x67\x5f\x64\
\x69\x73\x61\x62\x6c\x65\0\x70\x65\x6e\x64\x69\x6e\x67\x5f\x73\x69\x67\x74\x72\
\x61\x70\0\x70\x65\x6e\x64\x69\x6e\x67\x5f\x61\x64\x64\x72\0\x70\x65\x6e\x64\
\x69\x6e\x67\x5f\x69\x72\x71\0\x70\x65\x6e\x64\x69\x6e\x67\x5f\x74\x61\x73\x6b\
\0\x70\x65\x6e\x64\x69\x6e\x67\x5f\x77\x6f\x72\x6b\0\x65\x76\x65\x6e\x74\x5f\
\x6c\x69\x6d\x69\x74\0\x61\x64\x64\x72\x5f\x66\x69\x6c\x74\x65\x72\x73\0\x61\
\x64\x64\x72\x5f\x66\x69\x6c\x74\x65\x72\x5f\x72\x61\x6e\x67\x65\x73\0\x61\x64\
\x64\x72\x5f\x66\x69\x6c\x74\x65\x72\x73\x5f\x67\x65\x6e\0\x61\x75\x78\x5f\x65\
\x76\x65\x6e\x74\0\x64\x65\x73\x74\x72\x6f\x79\0\x6e\x73\0\x69\x64\0\x6c\x6f\
\x73\x74\x5f\x73\x61\x6d\x70\x6c\x65\x73\0\x63\x6c\x6f\x63\x6b\0\x6f\x76\x65\
\x72\x66\x6c\x6f\x77\x5f\x68\x61\x6e\x64\x6c\x65\x72\0\x6f\x76\x65\x72\x66\x6c\
\x6f\x77\x5f\x68\x61\x6e\x64\x6c\x65\x72\x5f\x63\x6f\x6e\x74\x65\x78\x74\0\x6f\
\x72\x69\x67\x5f\x6f\x76\x65\x72\x66\x6c\x6f\x77\x5f\x68\x61\x6e\x64\x6c\x65\
\x72\0\x70\x72\x6f\x67\0\x62\x70\x66\x5f\x63\x6f\x6f\x6b\x69\x65\0\x74\x70\x5f\
\x65\x76\x65\x6e\x74\0\x66\x74\x72\x61\x63\x65\x5f\x6f\x70\x73\0\x73\x62\x5f\
\x6c\x69\x73\x74\0\x70\x65\x72\x66\x5f\x65\x76\x65\x6e\x74\x5f\x73\x74\x61\x74\
\x65\0\x50\x45\x52\x46\x5f\x45\x56\x45\x4e\x54\x5f\x53\x54\x41\x54\x45\x5f\x44\
\x45\x41\x44\0\x50\x45\x52\x46\x5f\x45\x56\x45\x4e\x54\x5f\x53\x54\x41\x54\x45\
\x5f\x45\x58\x49\x54\0\x50\x45\x52\x46\x5f\x45\x56\x45\x4e\x54\x5f\x53\x54\x41\
\x54\x45\x5f\x45\x52\x52\x4f\x52\0\x50\x45\x52\x46\x5f\x45\x56\x45\x4e\x54\x5f\
\x53\x54\x41\x54\x45\x5f\x4f\x46\x46\0\x50\x45\x52\x46\x5f\x45\x56\x45\x4e\x54\
\x5f\x53\x54\x41\x54\x45\x5f\x49\x4e\x41\x43\x54\x49\x56\x45\0\x50\x45\x52\x46\
\x5f\x45\x56\x45\x4e\x54\x5f\x53\x54\x41\x54\x45\x5f\x41\x43\x54\x49\x56\x45\0\
\x6c\x6f\x63\x61\x6c\x36\x34\x5f\x74\0\x70\x65\x72\x66\x5f\x65\x76\x65\x6e\x74\
\x5f\x61\x74\x74\x72\0\x63\x6f\x6e\x66\x69\x67\0\x73\x61\x6d\x70\x6c\x65\x5f\
\x74\x79\x70\x65\0\x72\x65\x61\x64\x5f\x66\x6f\x72\x6d\x61\x74\0\x64\x69\x73\
\x61\x62\x6c\x65\x64\0\x69\x6e\x68\x65\x72\x69\x74\0\x70\x69\x6e\x6e\x65\x64\0\
\x65\x78\x63\x6c\x75\x73\x69\x76\x65\0\x65\x78\x63\x6c\x75\x64\x65\x5f\x75\x73\
\x65\x72\0\x65\x78\x63\x6c\x75\x64\x65\x5f\x6b\x65\x72\x6e\x65\x6c\0\x65\x78\
\x63\x6c\x75\x64\x65\x5f\x68\x76\0\x65\x78\x63\x6c\x75\x64\x65\x5f\x69\x64\x6c\
\x65\0\x6d\x6d\x61\x70\0\x66\x72\x65\x71\0\x69\x6e\x68\x65\x72\x69\x74\x5f\x73\
\x74\x61\x74\0\x65\x6e\x61\x62\x6c\x65\x5f\x6f\x6e\x5f\x65\x78\x65\x63\0\x77\
\x61\x74\x65\x72\x6d\x61\x72\x6b\0\x70\x72\x65\x63\x69\x73\x65\x5f\x69\x70\0\
\x6d\x6d\x61\x70\x5f\x64\x61\x74\x61\0\x73\x61\x6d\x70\x6c\x65\x5f\x69\x64\x5f\
\x61\x6c\x6c\0\x65\x78\x63\x6c\x75\x64\x65\x5f\x68\x6f\x73\x74\0\x65\x78\x63\
\x6c\x75\x64\x65\x5f\x67\x75\x65\x73\x74\0\x65\x78\x63\x6c\x75\x64\x65\x5f\x63\
\x61\x6c\x6c\x63\x68\x61\x69\x6e\x5f\x6b\x65\x72\x6e\x65\x6c\0\x65\x78\x63\x6c\
\x75\x64\x65\x5f\x63\x61\x6c\x6c\x63\x68\x61\x69\x6e\x5f\x75\x73\x65\x72\0\x6d\
\x6d\x61\x70\x32\0\x63\x6f\x6d\x6d\x5f\x65\x78\x65\x63\0\x75\x73\x65\x5f\x63\
\x6c\x6f\x63\x6b\x69\x64\0\x63\x6f\x6e\x74\x65\x78\x74\x5f\x73\x77\x69\x74\x63\
\x68\0\x77\x72\x69\x74\x65\x5f\x62\x61\x63\x6b\x77\x61\x72\x64\0\x6e\x61\x6d\
\x65\x73\x70\x61\x63\x65\x73\0\x6b\x73\x79\x6d\x62\x6f\x6c\0\x62\x70\x66\x5f\
\x65\x76\x65\x6e\x74\0\x61\x75\x78\x5f\x6f\x75\x74\x70\x75\x74\0\x63\x67\x72\
\x6f\x75\x70\0\x74\x65\x78\x74\x5f\x70\x6f\x6b\x65\0\x62\x75\x69\x6c\x64\x5f\
\x69\x64\0\x69\x6e\x68\x65\x72\x69\x74\x5f\x74\x68\x72\x65\x61\x64\0\x72\x65\
\x6d\x6f\x76\x65\x5f\x6f\x6e\x5f\x65\x78\x65\x63\0\x73\x69\x67\x74\x72\x61\x70\
\0\x5f\x5f\x72\x65\x73\x65\x72\x76\x65\x64\x5f\x31\0\x62\x70\x5f\x74\x79\x70\
\x65\0\x62\x72\x61\x6e\x63\x68\x5f\x73\x61\x6d\x70\x6c\x65\x5f\x74\x79\x70\x65\
\0\x73\x61\x6d\x70\x6c\x65\x5f\x72\x65\x67\x73\x5f\x75\x73\x65\x72\0\x73\x61\
\x6d\x70\x6c\x65\x5f\x73\x74\x61\x63\x6b\x5f\x75\x73\x65\x72\0\x73\x61\x6d\x70\
\x6c\x65\x5f\x72\x65\x67\x73\x5f\x69\x6e\x74\x72\0\x61\x75\x78\x5f\x77\x61\x74\
\x65\x72\x6d\x61\x72\x6b\0\x73\x61\x6d\x70\x6c\x65\x5f\x6d\x61\x78\x5f\x73\x74\
\x61\x63\x6b\0\x5f\x5f\x72\x65\x73\x65\x72\x76\x65\x64\x5f\x32\0\x61\x75\x78\
\x5f\x73\x61\x6d\x70\x6c\x65\x5f\x73\x69\x7a\x65\0\x5f\x5f\x72\x65\x73\x65\x72\
\x76\x65\x64\x5f\x33\0\x73\x69\x67\x5f\x64\x61\x74\x61\0\x73\x61\x6d\x70\x6c\
\x65\x5f\x70\x65\x72\x69\x6f\x64\0\x73\x61\x6d\x70\x6c\x65\x5f\x66\x72\x65\x71\
\0\x77\x61\x6b\x65\x75\x70\x5f\x65\x76\x65\x6e\x74\x73\0\x77\x61\x6b\x65\x75\
\x70\x5f\x77\x61\x74\x65\x72\x6d\x61\x72\x6b\0\x62\x70\x5f\x61\x64\x64\x72\0\
\x6b\x70\x72\x6f\x62\x65\x5f\x66\x75\x6e\x63\0\x75\x70\x72\x6f\x62\x65\x5f\x70\
\x61\x74\x68\0\x63\x6f\x6e\x66\x69\x67\x31\0\x62\x70\x5f\x6c\x65\x6e\0\x6b\x70\
\x72\x6f\x62\x65\x5f\x61\x64\x64\x72\0\x70\x72\x6f\x62\x65\x5f\x6f\x66\x66\x73\
\x65\x74\0\x63\x6f\x6e\x66\x69\x67\x32\0\x5f\x5f\x73\x33\x32\0\x68\x77\x5f\x70\
\x65\x72\x66\x5f\x65\x76\x65\x6e\x74\0\x74\x61\x72\x67\x65\x74\0\x70\x72\x65\
\x76\x5f\x63\x6f\x75\x6e\x74\0\x69\x6e\x74\x65\x72\x72\x75\x70\x74\x73\x5f\x73\
\x65\x71\0\x69\x6e\x74\x65\x72\x72\x75\x70\x74\x73\0\x66\x72\x65\x71\x5f\x74\
\x69\x6d\x65\x5f\x73\x74\x61\x6d\x70\0\x66\x72\x65\x71\x5f\x63\x6f\x75\x6e\x74\
\x5f\x73\x74\x61\x6d\x70\0\x6c\x61\x73\x74\x5f\x74\x61\x67\0\x63\x6f\x6e\x66\
\x69\x67\x5f\x62\x61\x73\x65\0\x65\x76\x65\x6e\x74\x5f\x62\x61\x73\x65\0\x65\
\x76\x65\x6e\x74\x5f\x62\x61\x73\x65\x5f\x72\x64\x70\x6d\x63\0\x69\x64\x78\0\
\x6c\x61\x73\x74\x5f\x63\x70\x75\0\x65\x78\x74\x72\x61\x5f\x72\x65\x67\0\x62\
\x72\x61\x6e\x63\x68\x5f\x72\x65\x67\0\x68\x77\x5f\x70\x65\x72\x66\x5f\x65\x76\
\x65\x6e\x74\x5f\x65\x78\x74\x72\x61\0\x72\x65\x67\0\x61\x6c\x6c\x6f\x63\0\x74\
\x70\x5f\x6c\x69\x73\x74\0\x70\x77\x72\x5f\x61\x63\x63\0\x70\x74\x73\x63\0\x69\
\x6e\x66\x6f\0\x62\x70\x5f\x6c\x69\x73\x74\0\x61\x72\x63\x68\x5f\x68\x77\x5f\
\x62\x72\x65\x61\x6b\x70\x6f\x69\x6e\x74\0\x61\x64\x64\x72\x65\x73\x73\0\x74\
\x72\x69\x67\x67\x65\x72\0\x63\x74\x72\x6c\0\x61\x72\x63\x68\x5f\x68\x77\x5f\
\x62\x72\x65\x61\x6b\x70\x6f\x69\x6e\x74\x5f\x63\x74\x72\x6c\0\x6c\x65\x6e\0\
\x70\x72\x69\x76\x69\x6c\x65\x67\x65\0\x65\x6e\x61\x62\x6c\x65\x64\0\x69\x6f\
\x6d\x6d\x75\x5f\x62\x61\x6e\x6b\0\x69\x6f\x6d\x6d\x75\x5f\x63\x6e\x74\x72\0\
\x70\x61\x64\x64\x69\x6e\x67\0\x63\x6f\x6e\x66\0\x63\x6f\x6e\x66\x31\0\x6c\x61\
\x73\x74\x5f\x70\x65\x72\x69\x6f\x64\0\x70\x65\x72\x69\x6f\x64\x5f\x6c\x65\x66\
\x74\0\x73\x61\x76\x65\x64\x5f\x6d\x65\x74\x72\x69\x63\0\x73\x61\x76\x65\x64\
\x5f\x73\x6c\x6f\x74\x73\0\x77\x61\x69\x74\x5f\x71\x75\x65\x75\x65\x5f\x68\x65\
\x61\x64\x5f\x74\0\x77\x61\x69\x74\x5f\x71\x75\x65\x75\x65\x5f\x68\x65\x61\x64\
\0\x68\x65\x61\x64\0\x69\x72\x71\x5f\x77\x6f\x72\x6b\0\x70\x65\x72\x66\x5f\x61\
\x64\x64\x72\x5f\x66\x69\x6c\x74\x65\x72\x73\x5f\x68\x65\x61\x64\0\x6e\x72\x5f\
\x66\x69\x6c\x65\x5f\x66\x69\x6c\x74\x65\x72\x73\0\x70\x65\x72\x66\x5f\x6f\x76\
\x65\x72\x66\x6c\x6f\x77\x5f\x68\x61\x6e\x64\x6c\x65\x72\x5f\x74\0\x70\x65\x72\
\x66\x5f\x73\x61\x6d\x70\x6c\x65\x5f\x64\x61\x74\x61\0\x61\x64\x64\x72\0\x72\
\x61\x77\0\x62\x72\x5f\x73\x74\x61\x63\x6b\0\x70\x65\x72\x69\x6f\x64\0\x74\x78\
\x6e\0\x64\x61\x74\x61\x5f\x73\x72\x63\0\x69\x70\0\x74\x69\x64\x5f\x65\x6e\x74\
\x72\x79\0\x73\x74\x72\x65\x61\x6d\x5f\x69\x64\0\x63\x70\x75\x5f\x65\x6e\x74\
\x72\x79\0\x63\x61\x6c\x6c\x63\x68\x61\x69\x6e\0\x61\x75\x78\x5f\x73\x69\x7a\
\x65\0\x72\x65\x67\x73\x5f\x75\x73\x65\x72\0\x72\x65\x67\x73\x5f\x69\x6e\x74\
\x72\0\x73\x74\x61\x63\x6b\x5f\x75\x73\x65\x72\x5f\x73\x69\x7a\x65\0\x70\x68\
\x79\x73\x5f\x61\x64\x64\x72\0\x64\x61\x74\x61\x5f\x70\x61\x67\x65\x5f\x73\x69\
\x7a\x65\0\x63\x6f\x64\x65\x5f\x70\x61\x67\x65\x5f\x73\x69\x7a\x65\0\x70\x65\
\x72\x66\x5f\x73\x61\x6d\x70\x6c\x65\x5f\x77\x65\x69\x67\x68\x74\0\x66\x75\x6c\
\x6c\0\x76\x61\x72\x31\x5f\x64\x77\0\x76\x61\x72\x32\x5f\x77\0\x76\x61\x72\x33\
\x5f\x77\0\x70\x65\x72\x66\x5f\x6d\x65\x6d\x5f\x64\x61\x74\x61\x5f\x73\x72\x63\
\0\x6d\x65\x6d\x5f\x6f\x70\0\x6d\x65\x6d\x5f\x6c\x76\x6c\0\x6d\x65\x6d\x5f\x73\
\x6e\x6f\x6f\x70\0\x6d\x65\x6d\x5f\x6c\x6f\x63\x6b\0\x6d\x65\x6d\x5f\x64\x74\
\x6c\x62\0\x6d\x65\x6d\x5f\x6c\x76\x6c\x5f\x6e\x75\x6d\0\x6d\x65\x6d\x5f\x72\
\x65\x6d\x6f\x74\x65\0\x6d\x65\x6d\x5f\x73\x6e\x6f\x6f\x70\x78\0\x6d\x65\x6d\
\x5f\x62\x6c\x6b\0\x6d\x65\x6d\x5f\x72\x73\x76\x64\0\x74\x69\x64\0\x72\x65\x73\
\x65\x72\x76\x65\x64\0\x70\x65\x72\x66\x5f\x72\x65\x67\x73\0\x61\x62\x69\0\x72\
\x65\x67\x73\0\x70\x74\x5f\x72\x65\x67\x73\0\x6f\x72\x69\x67\x5f\x78\x30\0\x73\
\x79\x73\x63\x61\x6c\x6c\x6e\x6f\0\x75\x6e\x75\x73\x65\x64\x32\0\x73\x64\x65\
\x69\x5f\x74\x74\x62\x72\x31\0\x70\x6d\x72\x5f\x73\x61\x76\x65\0\x73\x74\x61\
\x63\x6b\x66\x72\x61\x6d\x65\0\x6c\x6f\x63\x6b\x64\x65\x70\x5f\x68\x61\x72\x64\
\x69\x72\x71\x73\0\x65\x78\x69\x74\x5f\x72\x63\x75\0\x75\x73\x65\x72\x5f\x72\
\x65\x67\x73\0\x75\x73\x65\x72\x5f\x70\x74\x5f\x72\x65\x67\x73\0\x70\x73\x74\
\x61\x74\x65\0\x73\x33\x32\0\x70\x72\x69\x76\x61\x74\x65\0\x73\x61\x76\x65\x64\
\x5f\x66\x75\x6e\x63\0\x6c\x6f\x63\x61\x6c\x5f\x68\x61\x73\x68\0\x66\x75\x6e\
\x63\x5f\x68\x61\x73\x68\0\x6f\x6c\x64\x5f\x68\x61\x73\x68\0\x74\x72\x61\x6d\
\x70\x6f\x6c\x69\x6e\x65\0\x74\x72\x61\x6d\x70\x6f\x6c\x69\x6e\x65\x5f\x73\x69\
\x7a\x65\0\x66\x74\x72\x61\x63\x65\x5f\x66\x75\x6e\x63\x5f\x74\0\x66\x74\x72\
\x61\x63\x65\x5f\x72\x65\x67\x73\0\x66\x74\x72\x61\x63\x65\x5f\x6f\x70\x73\x5f\
\x68\x61\x73\x68\0\x6e\x6f\x74\x72\x61\x63\x65\x5f\x68\x61\x73\x68\0\x66\x69\
\x6c\x74\x65\x72\x5f\x68\x61\x73\x68\0\x72\x65\x67\x65\x78\x5f\x6c\x6f\x63\x6b\
\0\x70\x74\x72\x61\x75\x74\x68\x5f\x6b\x65\x79\x73\x5f\x75\x73\x65\x72\0\x61\
\x70\x69\x61\0\x61\x70\x69\x62\0\x61\x70\x64\x61\0\x61\x70\x64\x62\0\x61\x70\
\x67\x61\0\x70\x74\x72\x61\x75\x74\x68\x5f\x6b\x65\x79\0\x6c\x6f\0\x68\x69\0\
\x70\x74\x72\x61\x75\x74\x68\x5f\x6b\x65\x79\x73\x5f\x6b\x65\x72\x6e\x65\x6c\0\
\x30\x3a\x34\0\x2f\x62\x75\x69\x6c\x64\x2f\x61\x72\x6d\x36\x34\x2d\x67\x65\x6e\
\x65\x72\x69\x63\x2f\x74\x6d\x70\x2f\x70\x6f\x72\x74\x61\x67\x65\x2f\x63\x68\
\x72\x6f\x6d\x65\x6f\x73\x2d\x62\x61\x73\x65\x2f\x73\x65\x63\x61\x67\x65\x6e\
\x74\x64\x2d\x30\x2e\x30\x2e\x31\x2d\x72\x34\x32\x31\x2f\x77\x6f\x72\x6b\x2f\
\x73\x65\x63\x61\x67\x65\x6e\x74\x64\x2d\x30\x2e\x30\x2e\x31\x2f\x70\x6c\x61\
\x74\x66\x6f\x72\x6d\x32\x2f\x73\x65\x63\x61\x67\x65\x6e\x74\x64\x2f\x62\x70\
\x66\x2f\x62\x70\x66\x5f\x75\x74\x69\x6c\x73\x2e\x68\0\x20\x20\x72\x65\x74\x75\
\x72\x6e\x20\x28\x42\x50\x46\x5f\x43\x4f\x52\x45\x5f\x52\x45\x41\x44\x28\x74\
\x2c\x20\x66\x6c\x61\x67\x73\x29\x20\x26\x20\x30\x78\x30\x30\x32\x30\x30\x30\
\x30\x30\x29\x3b\0\x20\x20\x69\x66\x20\x28\x69\x73\x5f\x6b\x74\x68\x72\x65\x61\
\x64\x28\x74\x29\x29\x20\x7b\0\x20\x20\x20\x20\x20\x20\x28\x73\x74\x72\x75\x63\
\x74\x20\x63\x72\x6f\x73\x5f\x65\x76\x65\x6e\x74\x2a\x29\x28\x62\x70\x66\x5f\
\x72\x69\x6e\x67\x62\x75\x66\x5f\x72\x65\x73\x65\x72\x76\x65\x28\x26\x72\x62\
\x2c\x20\x73\x69\x7a\x65\x6f\x66\x28\x2a\x65\x76\x65\x6e\x74\x29\x2c\x20\x30\
\x29\x29\x3b\0\x20\x20\x69\x66\x20\x28\x65\x76\x65\x6e\x74\x20\x3d\x3d\x20\x4e\
\x55\x4c\x4c\x29\x20\x7b\0\x20\x20\x20\x20\x62\x70\x66\x5f\x70\x72\x69\x6e\x74\
\x6b\x28\x22\x69\x6e\x65\x74\x5f\x6c\x69\x73\x74\x65\x6e\x20\x75\x6e\x61\x62\
\x6c\x65\x20\x74\x6f\x20\x72\x65\x73\x65\x72\x76\x65\x20\x62\x75\x66\x66\x65\
\x72\x22\x29\x3b\0\x73\x6f\x63\x6b\x65\x74\0\x66\x69\x6c\x65\0\x73\x6b\0\x6f\
\x70\x73\0\x77\x71\0\x73\x6f\x63\x6b\x65\x74\x5f\x73\x74\x61\x74\x65\0\x53\x53\
\x5f\x46\x52\x45\x45\0\x53\x53\x5f\x55\x4e\x43\x4f\x4e\x4e\x45\x43\x54\x45\x44\
\0\x53\x53\x5f\x43\x4f\x4e\x4e\x45\x43\x54\x49\x4e\x47\0\x53\x53\x5f\x43\x4f\
\x4e\x4e\x45\x43\x54\x45\x44\0\x53\x53\x5f\x44\x49\x53\x43\x4f\x4e\x4e\x45\x43\
\x54\x49\x4e\x47\0\x73\x68\x6f\x72\x74\0\x73\x6f\x63\x6b\x65\x74\x5f\x77\x71\0\
\x77\x61\x69\x74\0\x66\x61\x73\x79\x6e\x63\x5f\x6c\x69\x73\x74\0\x20\x20\x73\
\x74\x72\x75\x63\x74\x20\x73\x6f\x63\x6b\x2a\x20\x73\x6b\x20\x3d\x20\x73\x6f\
\x63\x6b\x2d\x3e\x73\x6b\x3b\0\x20\x20\x65\x76\x65\x6e\x74\x2d\x3e\x64\x61\x74\
\x61\x2e\x6e\x65\x74\x77\x6f\x72\x6b\x5f\x65\x76\x65\x6e\x74\x2e\x74\x79\x70\
\x65\x20\x3d\x20\x6b\x4e\x65\x74\x77\x6f\x72\x6b\x53\x6f\x63\x6b\x65\x74\x4c\
\x69\x73\x74\x65\x6e\x3b\0\x20\x20\x65\x76\x65\x6e\x74\x2d\x3e\x74\x79\x70\x65\
\x20\x3d\x20\x6b\x4e\x65\x74\x77\x6f\x72\x6b\x45\x76\x65\x6e\x74\x3b\0\x30\x3a\
\x31\0\x20\x20\x69\x6e\x74\x20\x73\x6f\x63\x6b\x65\x74\x5f\x74\x79\x70\x65\x20\
\x3d\x20\x73\x6f\x63\x6b\x2d\x3e\x74\x79\x70\x65\x3b\0\x73\x6f\x63\x6b\0\x5f\
\x5f\x73\x6b\x5f\x63\x6f\x6d\x6d\x6f\x6e\0\x73\x6b\x5f\x6c\x6f\x63\x6b\0\x73\
\x6b\x5f\x64\x72\x6f\x70\x73\0\x73\x6b\x5f\x72\x63\x76\x6c\x6f\x77\x61\x74\0\
\x73\x6b\x5f\x65\x72\x72\x6f\x72\x5f\x71\x75\x65\x75\x65\0\x73\x6b\x5f\x72\x78\
\x5f\x73\x6b\x62\x5f\x63\x61\x63\x68\x65\0\x73\x6b\x5f\x72\x65\x63\x65\x69\x76\
\x65\x5f\x71\x75\x65\x75\x65\0\x73\x6b\x5f\x62\x61\x63\x6b\x6c\x6f\x67\0\x73\
\x6b\x5f\x66\x6f\x72\x77\x61\x72\x64\x5f\x61\x6c\x6c\x6f\x63\0\x73\x6b\x5f\x6c\
\x6c\x5f\x75\x73\x65\x63\0\x73\x6b\x5f\x6e\x61\x70\x69\x5f\x69\x64\0\x73\x6b\
\x5f\x72\x63\x76\x62\x75\x66\0\x73\x6b\x5f\x77\x61\x69\x74\x5f\x70\x65\x6e\x64\
\x69\x6e\x67\0\x73\x6b\x5f\x66\x69\x6c\x74\x65\x72\0\x73\x6b\x5f\x70\x6f\x6c\
\x69\x63\x79\0\x73\x6b\x5f\x72\x78\x5f\x64\x73\x74\0\x73\x6b\x5f\x72\x78\x5f\
\x64\x73\x74\x5f\x69\x66\x69\x6e\x64\x65\x78\0\x73\x6b\x5f\x72\x78\x5f\x64\x73\
\x74\x5f\x63\x6f\x6f\x6b\x69\x65\0\x73\x6b\x5f\x64\x73\x74\x5f\x63\x61\x63\x68\
\x65\0\x73\x6b\x5f\x6f\x6d\x65\x6d\x5f\x61\x6c\x6c\x6f\x63\0\x73\x6b\x5f\x73\
\x6e\x64\x62\x75\x66\0\x73\x6b\x5f\x77\x6d\x65\x6d\x5f\x71\x75\x65\x75\x65\x64\
\0\x73\x6b\x5f\x77\x6d\x65\x6d\x5f\x61\x6c\x6c\x6f\x63\0\x73\x6b\x5f\x74\x73\
\x71\x5f\x66\x6c\x61\x67\x73\0\x73\x6b\x5f\x74\x78\x5f\x73\x6b\x62\x5f\x63\x61\
\x63\x68\x65\0\x73\x6b\x5f\x77\x72\x69\x74\x65\x5f\x71\x75\x65\x75\x65\0\x73\
\x6b\x5f\x70\x65\x65\x6b\x5f\x6f\x66\x66\0\x73\x6b\x5f\x77\x72\x69\x74\x65\x5f\
\x70\x65\x6e\x64\x69\x6e\x67\0\x73\x6b\x5f\x64\x73\x74\x5f\x70\x65\x6e\x64\x69\
\x6e\x67\x5f\x63\x6f\x6e\x66\x69\x72\x6d\0\x73\x6b\x5f\x70\x61\x63\x69\x6e\x67\
\x5f\x73\x74\x61\x74\x75\x73\0\x73\x6b\x5f\x73\x6e\x64\x74\x69\x6d\x65\x6f\0\
\x73\x6b\x5f\x74\x69\x6d\x65\x72\0\x73\x6b\x5f\x70\x72\x69\x6f\x72\x69\x74\x79\
\0\x73\x6b\x5f\x6d\x61\x72\x6b\0\x73\x6b\x5f\x70\x61\x63\x69\x6e\x67\x5f\x72\
\x61\x74\x65\0\x73\x6b\x5f\x6d\x61\x78\x5f\x70\x61\x63\x69\x6e\x67\x5f\x72\x61\
\x74\x65\0\x73\x6b\x5f\x66\x72\x61\x67\0\x73\x6b\x5f\x72\x6f\x75\x74\x65\x5f\
\x63\x61\x70\x73\0\x73\x6b\x5f\x72\x6f\x75\x74\x65\x5f\x6e\x6f\x63\x61\x70\x73\
\0\x73\x6b\x5f\x72\x6f\x75\x74\x65\x5f\x66\x6f\x72\x63\x65\x64\x5f\x63\x61\x70\
\x73\0\x73\x6b\x5f\x67\x73\x6f\x5f\x74\x79\x70\x65\0\x73\x6b\x5f\x67\x73\x6f\
\x5f\x6d\x61\x78\x5f\x73\x69\x7a\x65\0\x73\x6b\x5f\x61\x6c\x6c\x6f\x63\x61\x74\
\x69\x6f\x6e\0\x73\x6b\x5f\x74\x78\x68\x61\x73\x68\0\x73\x6b\x5f\x70\x61\x64\
\x64\x69\x6e\x67\0\x73\x6b\x5f\x6b\x65\x72\x6e\x5f\x73\x6f\x63\x6b\0\x73\x6b\
\x5f\x6e\x6f\x5f\x63\x68\x65\x63\x6b\x5f\x74\x78\0\x73\x6b\x5f\x6e\x6f\x5f\x63\
\x68\x65\x63\x6b\x5f\x72\x78\0\x73\x6b\x5f\x75\x73\x65\x72\x6c\x6f\x63\x6b\x73\
\0\x73\x6b\x5f\x70\x61\x63\x69\x6e\x67\x5f\x73\x68\x69\x66\x74\0\x73\x6b\x5f\
\x74\x79\x70\x65\0\x73\x6b\x5f\x70\x72\x6f\x74\x6f\x63\x6f\x6c\0\x73\x6b\x5f\
\x67\x73\x6f\x5f\x6d\x61\x78\x5f\x73\x65\x67\x73\0\x73\x6b\x5f\x6c\x69\x6e\x67\
\x65\x72\x74\x69\x6d\x65\0\x73\x6b\x5f\x70\x72\x6f\x74\x5f\x63\x72\x65\x61\x74\
\x6f\x72\0\x73\x6b\x5f\x63\x61\x6c\x6c\x62\x61\x63\x6b\x5f\x6c\x6f\x63\x6b\0\
\x73\x6b\x5f\x65\x72\x72\0\x73\x6b\x5f\x65\x72\x72\x5f\x73\x6f\x66\x74\0\x73\
\x6b\x5f\x61\x63\x6b\x5f\x62\x61\x63\x6b\x6c\x6f\x67\0\x73\x6b\x5f\x6d\x61\x78\
\x5f\x61\x63\x6b\x5f\x62\x61\x63\x6b\x6c\x6f\x67\0\x73\x6b\x5f\x75\x69\x64\0\
\x73\x6b\x5f\x70\x72\x65\x66\x65\x72\x5f\x62\x75\x73\x79\x5f\x70\x6f\x6c\x6c\0\
\x73\x6b\x5f\x62\x75\x73\x79\x5f\x70\x6f\x6c\x6c\x5f\x62\x75\x64\x67\x65\x74\0\
\x73\x6b\x5f\x70\x65\x65\x72\x5f\x6c\x6f\x63\x6b\0\x73\x6b\x5f\x70\x65\x65\x72\
\x5f\x70\x69\x64\0\x73\x6b\x5f\x70\x65\x65\x72\x5f\x63\x72\x65\x64\0\x73\x6b\
\x5f\x72\x63\x76\x74\x69\x6d\x65\x6f\0\x73\x6b\x5f\x73\x74\x61\x6d\x70\0\x73\
\x6b\x5f\x74\x73\x66\x6c\x61\x67\x73\0\x73\x6b\x5f\x62\x69\x6e\x64\x5f\x70\x68\
\x63\0\x73\x6b\x5f\x73\x68\x75\x74\x64\x6f\x77\x6e\0\x73\x6b\x5f\x74\x73\x6b\
\x65\x79\0\x73\x6b\x5f\x7a\x63\x6b\x65\x79\0\x73\x6b\x5f\x63\x6c\x6f\x63\x6b\
\x69\x64\0\x73\x6b\x5f\x74\x78\x74\x69\x6d\x65\x5f\x64\x65\x61\x64\x6c\x69\x6e\
\x65\x5f\x6d\x6f\x64\x65\0\x73\x6b\x5f\x74\x78\x74\x69\x6d\x65\x5f\x72\x65\x70\
\x6f\x72\x74\x5f\x65\x72\x72\x6f\x72\x73\0\x73\x6b\x5f\x74\x78\x74\x69\x6d\x65\
\x5f\x75\x6e\x75\x73\x65\x64\0\x73\x6b\x5f\x73\x6f\x63\x6b\x65\x74\0\x73\x6b\
\x5f\x75\x73\x65\x72\x5f\x64\x61\x74\x61\0\x73\x6b\x5f\x73\x65\x63\x75\x72\x69\
\x74\x79\0\x73\x6b\x5f\x63\x67\x72\x70\x5f\x64\x61\x74\x61\0\x73\x6b\x5f\x6d\
\x65\x6d\x63\x67\0\x73\x6b\x5f\x73\x74\x61\x74\x65\x5f\x63\x68\x61\x6e\x67\x65\
\0\x73\x6b\x5f\x64\x61\x74\x61\x5f\x72\x65\x61\x64\x79\0\x73\x6b\x5f\x77\x72\
\x69\x74\x65\x5f\x73\x70\x61\x63\x65\0\x73\x6b\x5f\x65\x72\x72\x6f\x72\x5f\x72\
\x65\x70\x6f\x72\x74\0\x73\x6b\x5f\x62\x61\x63\x6b\x6c\x6f\x67\x5f\x72\x63\x76\
\0\x73\x6b\x5f\x64\x65\x73\x74\x72\x75\x63\x74\0\x73\x6b\x5f\x72\x65\x75\x73\
\x65\x70\x6f\x72\x74\x5f\x63\x62\0\x73\x6b\x5f\x62\x70\x66\x5f\x73\x74\x6f\x72\
\x61\x67\x65\0\x73\x6b\x5f\x72\x63\x75\0\x73\x6f\x63\x6b\x5f\x63\x6f\x6d\x6d\
\x6f\x6e\0\x73\x6b\x63\x5f\x66\x61\x6d\x69\x6c\x79\0\x73\x6b\x63\x5f\x73\x74\
\x61\x74\x65\0\x73\x6b\x63\x5f\x72\x65\x75\x73\x65\0\x73\x6b\x63\x5f\x72\x65\
\x75\x73\x65\x70\x6f\x72\x74\0\x73\x6b\x63\x5f\x69\x70\x76\x36\x6f\x6e\x6c\x79\
\0\x73\x6b\x63\x5f\x6e\x65\x74\x5f\x72\x65\x66\x63\x6e\x74\0\x73\x6b\x63\x5f\
\x62\x6f\x75\x6e\x64\x5f\x64\x65\x76\x5f\x69\x66\0\x73\x6b\x63\x5f\x70\x72\x6f\
\x74\0\x73\x6b\x63\x5f\x6e\x65\x74\0\x73\x6b\x63\x5f\x76\x36\x5f\x64\x61\x64\
\x64\x72\0\x73\x6b\x63\x5f\x76\x36\x5f\x72\x63\x76\x5f\x73\x61\x64\x64\x72\0\
\x73\x6b\x63\x5f\x63\x6f\x6f\x6b\x69\x65\0\x73\x6b\x63\x5f\x64\x6f\x6e\x74\x63\
\x6f\x70\x79\x5f\x62\x65\x67\x69\x6e\0\x73\x6b\x63\x5f\x74\x78\x5f\x71\x75\x65\
\x75\x65\x5f\x6d\x61\x70\x70\x69\x6e\x67\0\x73\x6b\x63\x5f\x72\x78\x5f\x71\x75\
\x65\x75\x65\x5f\x6d\x61\x70\x70\x69\x6e\x67\0\x73\x6b\x63\x5f\x72\x65\x66\x63\
\x6e\x74\0\x73\x6b\x63\x5f\x64\x6f\x6e\x74\x63\x6f\x70\x79\x5f\x65\x6e\x64\0\
\x73\x6b\x63\x5f\x61\x64\x64\x72\x70\x61\x69\x72\0\x5f\x5f\x61\x64\x64\x72\x70\
\x61\x69\x72\0\x73\x6b\x63\x5f\x64\x61\x64\x64\x72\0\x73\x6b\x63\x5f\x72\x63\
\x76\x5f\x73\x61\x64\x64\x72\0\x5f\x5f\x62\x65\x33\x32\0\x73\x6b\x63\x5f\x68\
\x61\x73\x68\0\x73\x6b\x63\x5f\x75\x31\x36\x68\x61\x73\x68\x65\x73\0\x73\x6b\
\x63\x5f\x70\x6f\x72\x74\x70\x61\x69\x72\0\x5f\x5f\x70\x6f\x72\x74\x70\x61\x69\
\x72\0\x73\x6b\x63\x5f\x64\x70\x6f\x72\x74\0\x73\x6b\x63\x5f\x6e\x75\x6d\0\x5f\
\x5f\x62\x65\x31\x36\0\x73\x6b\x63\x5f\x62\x69\x6e\x64\x5f\x6e\x6f\x64\x65\0\
\x73\x6b\x63\x5f\x70\x6f\x72\x74\x61\x64\x64\x72\x5f\x6e\x6f\x64\x65\0\x70\x6f\
\x73\x73\x69\x62\x6c\x65\x5f\x6e\x65\x74\x5f\x74\0\x6e\x65\x74\0\x69\x6e\x36\
\x5f\x61\x64\x64\x72\0\x69\x6e\x36\x5f\x75\0\x75\x36\x5f\x61\x64\x64\x72\x38\0\
\x75\x36\x5f\x61\x64\x64\x72\x31\x36\0\x75\x36\x5f\x61\x64\x64\x72\x33\x32\0\
\x73\x6b\x63\x5f\x66\x6c\x61\x67\x73\0\x73\x6b\x63\x5f\x6c\x69\x73\x74\x65\x6e\
\x65\x72\0\x73\x6b\x63\x5f\x74\x77\x5f\x64\x72\0\x73\x6b\x63\x5f\x6e\x6f\x64\
\x65\0\x73\x6b\x63\x5f\x6e\x75\x6c\x6c\x73\x5f\x6e\x6f\x64\x65\0\x68\x6c\x69\
\x73\x74\x5f\x6e\x75\x6c\x6c\x73\x5f\x6e\x6f\x64\x65\0\x73\x6b\x63\x5f\x69\x6e\
\x63\x6f\x6d\x69\x6e\x67\x5f\x63\x70\x75\0\x73\x6b\x63\x5f\x72\x63\x76\x5f\x77\
\x6e\x64\0\x73\x6b\x63\x5f\x74\x77\x5f\x72\x63\x76\x5f\x6e\x78\x74\0\x73\x6b\
\x63\x5f\x72\x78\x68\x61\x73\x68\0\x73\x6b\x63\x5f\x77\x69\x6e\x64\x6f\x77\x5f\
\x63\x6c\x61\x6d\x70\0\x73\x6b\x63\x5f\x74\x77\x5f\x73\x6e\x64\x5f\x6e\x78\x74\
\0\x73\x6f\x63\x6b\x65\x74\x5f\x6c\x6f\x63\x6b\x5f\x74\0\x73\x6c\x6f\x63\x6b\0\
\x6f\x77\x6e\x65\x64\0\x73\x6b\x5f\x62\x75\x66\x66\x5f\x68\x65\x61\x64\0\x71\
\x6c\x65\x6e\0\x72\x6d\x65\x6d\x5f\x61\x6c\x6c\x6f\x63\0\x73\x6b\x5f\x77\x71\0\
\x73\x6b\x5f\x77\x71\x5f\x72\x61\x77\0\x78\x66\x72\x6d\x5f\x70\x6f\x6c\x69\x63\
\x79\0\x78\x70\x5f\x6e\x65\x74\0\x62\x79\x64\x73\x74\0\x62\x79\x69\x64\x78\0\
\x72\x65\x66\x63\x6e\x74\0\x70\x6f\x73\0\x74\x69\x6d\x65\x72\0\x67\x65\x6e\x69\
\x64\0\x70\x72\x69\x6f\x72\x69\x74\x79\0\x69\x66\x5f\x69\x64\0\x6d\x61\x72\x6b\
\0\x73\x65\x6c\x65\x63\x74\x6f\x72\0\x6c\x66\x74\0\x63\x75\x72\x6c\x66\x74\0\
\x77\x61\x6c\x6b\0\x70\x6f\x6c\x71\0\x62\x79\x64\x73\x74\x5f\x72\x65\x69\x6e\
\x73\x65\x72\x74\0\x61\x63\x74\x69\x6f\x6e\0\x78\x66\x72\x6d\x5f\x6e\x72\0\x78\
\x66\x72\x6d\x5f\x76\x65\x63\0\x62\x79\x64\x73\x74\x5f\x69\x6e\x65\x78\x61\x63\
\x74\x5f\x6c\x69\x73\x74\0\x72\x77\x6c\x6f\x63\x6b\x5f\x74\0\x61\x72\x63\x68\
\x5f\x72\x77\x6c\x6f\x63\x6b\x5f\x74\0\x71\x72\x77\x6c\x6f\x63\x6b\0\x63\x6e\
\x74\x73\0\x77\x6c\x6f\x63\x6b\x65\x64\0\x5f\x5f\x6c\x73\x74\x61\x74\x65\0\x78\
\x66\x72\x6d\x5f\x6d\x61\x72\x6b\0\x76\0\x6d\0\x78\x66\x72\x6d\x5f\x73\x65\x6c\
\x65\x63\x74\x6f\x72\0\x64\x61\x64\x64\x72\0\x73\x61\x64\x64\x72\0\x64\x70\x6f\
\x72\x74\0\x64\x70\x6f\x72\x74\x5f\x6d\x61\x73\x6b\0\x73\x70\x6f\x72\x74\0\x73\
\x70\x6f\x72\x74\x5f\x6d\x61\x73\x6b\0\x70\x72\x65\x66\x69\x78\x6c\x65\x6e\x5f\
\x64\0\x70\x72\x65\x66\x69\x78\x6c\x65\x6e\x5f\x73\0\x70\x72\x6f\x74\x6f\0\x69\
\x66\x69\x6e\x64\x65\x78\0\x78\x66\x72\x6d\x5f\x61\x64\x64\x72\x65\x73\x73\x5f\
\x74\0\x61\x34\0\x61\x36\0\x69\x6e\x36\0\x78\x66\x72\x6d\x5f\x6c\x69\x66\x65\
\x74\x69\x6d\x65\x5f\x63\x66\x67\0\x73\x6f\x66\x74\x5f\x62\x79\x74\x65\x5f\x6c\
\x69\x6d\x69\x74\0\x68\x61\x72\x64\x5f\x62\x79\x74\x65\x5f\x6c\x69\x6d\x69\x74\
\0\x73\x6f\x66\x74\x5f\x70\x61\x63\x6b\x65\x74\x5f\x6c\x69\x6d\x69\x74\0\x68\
\x61\x72\x64\x5f\x70\x61\x63\x6b\x65\x74\x5f\x6c\x69\x6d\x69\x74\0\x73\x6f\x66\
\x74\x5f\x61\x64\x64\x5f\x65\x78\x70\x69\x72\x65\x73\x5f\x73\x65\x63\x6f\x6e\
\x64\x73\0\x68\x61\x72\x64\x5f\x61\x64\x64\x5f\x65\x78\x70\x69\x72\x65\x73\x5f\
\x73\x65\x63\x6f\x6e\x64\x73\0\x73\x6f\x66\x74\x5f\x75\x73\x65\x5f\x65\x78\x70\
\x69\x72\x65\x73\x5f\x73\x65\x63\x6f\x6e\x64\x73\0\x68\x61\x72\x64\x5f\x75\x73\
\x65\x5f\x65\x78\x70\x69\x72\x65\x73\x5f\x73\x65\x63\x6f\x6e\x64\x73\0\x78\x66\
\x72\x6d\x5f\x6c\x69\x66\x65\x74\x69\x6d\x65\x5f\x63\x75\x72\0\x62\x79\x74\x65\
\x73\0\x70\x61\x63\x6b\x65\x74\x73\0\x61\x64\x64\x5f\x74\x69\x6d\x65\0\x75\x73\
\x65\x5f\x74\x69\x6d\x65\0\x78\x66\x72\x6d\x5f\x70\x6f\x6c\x69\x63\x79\x5f\x77\
\x61\x6c\x6b\x5f\x65\x6e\x74\x72\x79\0\x61\x6c\x6c\0\x64\x65\x61\x64\0\x78\x66\
\x72\x6d\x5f\x70\x6f\x6c\x69\x63\x79\x5f\x71\x75\x65\x75\x65\0\x68\x6f\x6c\x64\
\x5f\x71\x75\x65\x75\x65\0\x68\x6f\x6c\x64\x5f\x74\x69\x6d\x65\x72\0\x78\x66\
\x72\x6d\x5f\x74\x6d\x70\x6c\0\x65\x6e\x63\x61\x70\x5f\x66\x61\x6d\x69\x6c\x79\
\0\x72\x65\x71\x69\x64\0\x73\x68\x61\x72\x65\0\x6f\x70\x74\x69\x6f\x6e\x61\x6c\
\0\x61\x6c\x6c\x61\x6c\x67\x73\0\x61\x61\x6c\x67\x6f\x73\0\x65\x61\x6c\x67\x6f\
\x73\0\x63\x61\x6c\x67\x6f\x73\0\x78\x66\x72\x6d\x5f\x69\x64\0\x73\x70\x69\0\
\x73\x6b\x5f\x73\x65\x6e\x64\x5f\x68\x65\x61\x64\0\x74\x63\x70\x5f\x72\x74\x78\
\x5f\x71\x75\x65\x75\x65\0\x6e\x65\x74\x64\x65\x76\x5f\x66\x65\x61\x74\x75\x72\
\x65\x73\x5f\x74\0\x67\x66\x70\x5f\x74\0\x73\x6f\x63\x6b\x5f\x63\x67\x72\x6f\
\x75\x70\x5f\x64\x61\x74\x61\0\x63\x6c\x61\x73\x73\x69\x64\0\x6d\x65\x6d\x5f\
\x63\x67\x72\x6f\x75\x70\0\x73\x6b\x5f\x62\x75\x66\x66\0\x63\x62\0\x5f\x6e\x66\
\x63\x74\0\x64\x61\x74\x61\x5f\x6c\x65\x6e\0\x6d\x61\x63\x5f\x6c\x65\x6e\0\x68\
\x64\x72\x5f\x6c\x65\x6e\0\x71\x75\x65\x75\x65\x5f\x6d\x61\x70\x70\x69\x6e\x67\
\0\x5f\x5f\x63\x6c\x6f\x6e\x65\x64\x5f\x6f\x66\x66\x73\x65\x74\0\x63\x6c\x6f\
\x6e\x65\x64\0\x6e\x6f\x68\x64\x72\0\x66\x63\x6c\x6f\x6e\x65\0\x70\x65\x65\x6b\
\x65\x64\0\x68\x65\x61\x64\x5f\x66\x72\x61\x67\0\x70\x66\x6d\x65\x6d\x61\x6c\
\x6c\x6f\x63\0\x70\x70\x5f\x72\x65\x63\x79\x63\x6c\x65\0\x61\x63\x74\x69\x76\
\x65\x5f\x65\x78\x74\x65\x6e\x73\x69\x6f\x6e\x73\0\x68\x65\x61\x64\x65\x72\x73\
\x5f\x73\x74\x61\x72\x74\0\x5f\x5f\x70\x6b\x74\x5f\x74\x79\x70\x65\x5f\x6f\x66\
\x66\x73\x65\x74\0\x70\x6b\x74\x5f\x74\x79\x70\x65\0\x69\x67\x6e\x6f\x72\x65\
\x5f\x64\x66\0\x6e\x66\x5f\x74\x72\x61\x63\x65\0\x69\x70\x5f\x73\x75\x6d\x6d\
\x65\x64\0\x6f\x6f\x6f\x5f\x6f\x6b\x61\x79\0\x6c\x34\x5f\x68\x61\x73\x68\0\x73\
\x77\x5f\x68\x61\x73\x68\0\x77\x69\x66\x69\x5f\x61\x63\x6b\x65\x64\x5f\x76\x61\
\x6c\x69\x64\0\x77\x69\x66\x69\x5f\x61\x63\x6b\x65\x64\0\x6e\x6f\x5f\x66\x63\
\x73\0\x65\x6e\x63\x61\x70\x73\x75\x6c\x61\x74\x69\x6f\x6e\0\x65\x6e\x63\x61\
\x70\x5f\x68\x64\x72\x5f\x63\x73\x75\x6d\0\x63\x73\x75\x6d\x5f\x76\x61\x6c\x69\
\x64\0\x5f\x5f\x70\x6b\x74\x5f\x76\x6c\x61\x6e\x5f\x70\x72\x65\x73\x65\x6e\x74\
\x5f\x6f\x66\x66\x73\x65\x74\0\x76\x6c\x61\x6e\x5f\x70\x72\x65\x73\x65\x6e\x74\
\0\x63\x73\x75\x6d\x5f\x63\x6f\x6d\x70\x6c\x65\x74\x65\x5f\x73\x77\0\x63\x73\
\x75\x6d\x5f\x6c\x65\x76\x65\x6c\0\x63\x73\x75\x6d\x5f\x6e\x6f\x74\x5f\x69\x6e\
\x65\x74\0\x64\x73\x74\x5f\x70\x65\x6e\x64\x69\x6e\x67\x5f\x63\x6f\x6e\x66\x69\
\x72\x6d\0\x6e\x64\x69\x73\x63\x5f\x6e\x6f\x64\x65\x74\x79\x70\x65\0\x69\x70\
\x76\x73\x5f\x70\x72\x6f\x70\x65\x72\x74\x79\0\x69\x6e\x6e\x65\x72\x5f\x70\x72\
\x6f\x74\x6f\x63\x6f\x6c\x5f\x74\x79\x70\x65\0\x72\x65\x6d\x63\x73\x75\x6d\x5f\
\x6f\x66\x66\x6c\x6f\x61\x64\0\x74\x63\x5f\x73\x6b\x69\x70\x5f\x63\x6c\x61\x73\
\x73\x69\x66\x79\0\x74\x63\x5f\x61\x74\x5f\x69\x6e\x67\x72\x65\x73\x73\0\x72\
\x65\x64\x69\x72\x65\x63\x74\x65\x64\0\x73\x6c\x6f\x77\x5f\x67\x72\x6f\0\x73\
\x63\x6d\x5f\x69\x6f\x5f\x75\x72\x69\x6e\x67\0\x74\x63\x5f\x69\x6e\x64\x65\x78\
\0\x73\x6b\x62\x5f\x69\x69\x66\0\x68\x61\x73\x68\0\x76\x6c\x61\x6e\x5f\x70\x72\
\x6f\x74\x6f\0\x76\x6c\x61\x6e\x5f\x74\x63\x69\0\x73\x65\x63\x6d\x61\x72\x6b\0\
\x69\x6e\x6e\x65\x72\x5f\x74\x72\x61\x6e\x73\x70\x6f\x72\x74\x5f\x68\x65\x61\
\x64\x65\x72\0\x69\x6e\x6e\x65\x72\x5f\x6e\x65\x74\x77\x6f\x72\x6b\x5f\x68\x65\
\x61\x64\x65\x72\0\x69\x6e\x6e\x65\x72\x5f\x6d\x61\x63\x5f\x68\x65\x61\x64\x65\
\x72\0\x74\x72\x61\x6e\x73\x70\x6f\x72\x74\x5f\x68\x65\x61\x64\x65\x72\0\x6e\
\x65\x74\x77\x6f\x72\x6b\x5f\x68\x65\x61\x64\x65\x72\0\x6d\x61\x63\x5f\x68\x65\
\x61\x64\x65\x72\0\x68\x65\x61\x64\x65\x72\x73\x5f\x65\x6e\x64\0\x65\x6e\x64\0\
\x64\x61\x74\x61\0\x74\x72\x75\x65\x73\x69\x7a\x65\0\x75\x73\x65\x72\x73\0\x65\
\x78\x74\x65\x6e\x73\x69\x6f\x6e\x73\0\x72\x62\x6e\x6f\x64\x65\0\x64\x65\x76\0\
\x64\x65\x76\x5f\x73\x63\x72\x61\x74\x63\x68\0\x69\x70\x5f\x64\x65\x66\x72\x61\
\x67\x5f\x6f\x66\x66\x73\x65\x74\0\x73\x6b\x62\x5f\x6d\x73\x74\x61\x6d\x70\x5f\
\x6e\x73\0\x74\x63\x70\x5f\x74\x73\x6f\x72\x74\x65\x64\x5f\x61\x6e\x63\x68\x6f\
\x72\0\x5f\x73\x6b\x5f\x72\x65\x64\x69\x72\0\x5f\x73\x6b\x62\x5f\x72\x65\x66\
\x64\x73\x74\0\x64\x65\x73\x74\x72\x75\x63\x74\x6f\x72\0\x63\x73\x75\x6d\0\x5f\
\x5f\x77\x73\x75\x6d\0\x63\x73\x75\x6d\x5f\x73\x74\x61\x72\x74\0\x63\x73\x75\
\x6d\x5f\x6f\x66\x66\x73\x65\x74\0\x6e\x61\x70\x69\x5f\x69\x64\0\x73\x65\x6e\
\x64\x65\x72\x5f\x63\x70\x75\0\x72\x65\x73\x65\x72\x76\x65\x64\x5f\x74\x61\x69\
\x6c\x72\x6f\x6f\x6d\0\x69\x6e\x6e\x65\x72\x5f\x70\x72\x6f\x74\x6f\x63\x6f\x6c\
\0\x69\x6e\x6e\x65\x72\x5f\x69\x70\x70\x72\x6f\x74\x6f\0\x73\x6b\x5f\x62\x75\
\x66\x66\x5f\x64\x61\x74\x61\x5f\x74\0\x30\x3a\x30\x3a\x33\0\x20\x20\x73\x6c\
\x2d\x3e\x66\x61\x6d\x69\x6c\x79\x20\x3d\x20\x73\x6b\x2d\x3e\x5f\x5f\x73\x6b\
\x5f\x63\x6f\x6d\x6d\x6f\x6e\x2e\x73\x6b\x63\x5f\x66\x61\x6d\x69\x6c\x79\x3b\0\
\x30\x3a\x35\x33\0\x20\x20\x73\x6c\x2d\x3e\x70\x72\x6f\x74\x6f\x63\x6f\x6c\x20\
\x3d\x20\x64\x65\x74\x65\x72\x6d\x69\x6e\x65\x5f\x70\x72\x6f\x74\x6f\x63\x6f\
\x6c\x28\x73\x6c\x2d\x3e\x66\x61\x6d\x69\x6c\x79\x2c\x20\x73\x6f\x63\x6b\x65\
\x74\x5f\x74\x79\x70\x65\x2c\x20\x73\x6b\x2d\x3e\x73\x6b\x5f\x70\x72\x6f\x74\
\x6f\x63\x6f\x6c\x29\x3b\0\x20\x20\x69\x66\x20\x28\x70\x72\x6f\x74\x6f\x63\x6f\
\x6c\x20\x3d\x3d\x20\x43\x52\x4f\x53\x5f\x49\x41\x4e\x41\x5f\x48\x4f\x50\x4f\
\x50\x54\x29\x20\x7b\x20\x20\x2f\x2f\x20\x67\x65\x6e\x65\x72\x69\x63\x20\x69\
\x70\x20\x70\x72\x6f\x74\x6f\x63\x6f\x6c\x2e\0\x20\x20\x7d\x20\x65\x6c\x73\x65\
\x20\x69\x66\x20\x28\x73\x6f\x63\x6b\x65\x74\x5f\x74\x79\x70\x65\x20\x3d\x3d\
\x20\x53\x4f\x43\x4b\x5f\x52\x41\x57\x29\x20\x7b\0\x20\x20\x20\x20\x69\x66\x20\
\x28\x66\x61\x6d\x69\x6c\x79\x20\x3d\x3d\x20\x43\x52\x4f\x53\x5f\x46\x41\x4d\
\x49\x4c\x59\x5f\x41\x46\x5f\x49\x4e\x45\x54\x20\x7c\x7c\x20\x66\x61\x6d\x69\
\x6c\x79\x20\x3d\x3d\x20\x43\x52\x4f\x53\x5f\x46\x41\x4d\x49\x4c\x59\x5f\x41\
\x46\x5f\x49\x4e\x45\x54\x36\x29\x20\x7b\0\x20\x20\x20\x20\x20\x20\x69\x66\x20\
\x28\x73\x6f\x63\x6b\x65\x74\x5f\x74\x79\x70\x65\x20\x3d\x3d\x20\x53\x4f\x43\
\x4b\x5f\x53\x54\x52\x45\x41\x4d\x29\x20\x7b\0\x30\x3a\x38\x33\0\x20\x20\x69\
\x6e\x74\x20\x70\x69\x64\x20\x3d\x20\x74\x2d\x3e\x74\x67\x69\x64\x3b\0\x20\x20\
\x20\x20\x20\x20\x62\x70\x66\x5f\x6d\x61\x70\x5f\x6c\x6f\x6f\x6b\x75\x70\x5f\
\x65\x6c\x65\x6d\x28\x26\x73\x68\x61\x72\x65\x64\x5f\x70\x72\x6f\x63\x65\x73\
\x73\x5f\x69\x6e\x66\x6f\x2c\x20\x26\x70\x69\x64\x29\x3b\0\x20\x20\x69\x66\x20\
\x28\x70\x72\x6f\x63\x65\x73\x73\x5f\x73\x74\x61\x72\x74\x5f\x66\x72\x6f\x6d\
\x5f\x65\x78\x65\x63\x20\x21\x3d\x20\x4e\x55\x4c\x4c\x29\x20\x7b\0\x20\x20\x73\
\x6c\x2d\x3e\x68\x61\x73\x5f\x66\x75\x6c\x6c\x5f\x70\x72\x6f\x63\x65\x73\x73\
\x5f\x69\x6e\x66\x6f\x20\x3d\x20\x66\x69\x6c\x6c\x5f\x70\x72\x6f\x63\x65\x73\
\x73\x5f\x73\x74\x61\x72\x74\x28\x26\x73\x6c\x2d\x3e\x70\x72\x6f\x63\x65\x73\
\x73\x5f\x69\x6e\x66\x6f\x29\x3b\0\x20\x20\x20\x20\x5f\x5f\x62\x75\x69\x6c\x74\
\x69\x6e\x5f\x6d\x65\x6d\x63\x70\x79\x28\x26\x70\x72\x6f\x63\x65\x73\x73\x5f\
\x73\x74\x61\x72\x74\x2d\x3e\x74\x61\x73\x6b\x5f\x69\x6e\x66\x6f\x2c\0\x20\x20\
\x20\x20\x5f\x5f\x62\x75\x69\x6c\x74\x69\x6e\x5f\x6d\x65\x6d\x63\x70\x79\x28\
\x26\x70\x72\x6f\x63\x65\x73\x73\x5f\x73\x74\x61\x72\x74\x2d\x3e\x69\x6d\x61\
\x67\x65\x5f\x69\x6e\x66\x6f\x2c\0\x20\x20\x20\x20\x5f\x5f\x62\x75\x69\x6c\x74\
\x69\x6e\x5f\x6d\x65\x6d\x63\x70\x79\x28\x26\x70\x72\x6f\x63\x65\x73\x73\x5f\
\x73\x74\x61\x72\x74\x2d\x3e\x73\x70\x61\x77\x6e\x5f\x6e\x61\x6d\x65\x73\x70\
\x61\x63\x65\x2c\0\x30\x3a\x38\x35\0\x20\x20\x20\x20\x20\x20\x63\x72\x6f\x73\
\x5f\x6e\x6f\x72\x6d\x61\x6c\x69\x7a\x65\x5f\x74\x6f\x5f\x6c\x61\x73\x74\x5f\
\x65\x78\x65\x63\x28\x42\x50\x46\x5f\x43\x4f\x52\x45\x5f\x52\x45\x41\x44\x28\
\x74\x2c\x20\x72\x65\x61\x6c\x5f\x70\x61\x72\x65\x6e\x74\x2c\x20\x67\x72\x6f\
\x75\x70\x5f\x6c\x65\x61\x64\x65\x72\x29\x29\x3b\0\x30\x3a\x38\x39\0\x20\x20\
\x66\x6f\x72\x20\x28\x69\x6e\x74\x20\x69\x20\x3d\x20\x30\x3b\x20\x69\x20\x3c\
\x20\x36\x34\x3b\x20\x2b\x2b\x69\x29\x20\x7b\0\x20\x20\x20\x20\x73\x74\x72\x75\
\x63\x74\x20\x74\x61\x73\x6b\x5f\x73\x74\x72\x75\x63\x74\x2a\x20\x70\x61\x72\
\x65\x6e\x74\x20\x3d\x20\x42\x50\x46\x5f\x43\x4f\x52\x45\x5f\x52\x45\x41\x44\
\x28\x72\x65\x74\x2c\x20\x72\x65\x61\x6c\x5f\x70\x61\x72\x65\x6e\x74\x2c\x20\
\x67\x72\x6f\x75\x70\x5f\x6c\x65\x61\x64\x65\x72\x29\x3b\0\x20\x20\x20\x20\x69\
\x66\x20\x28\x28\x21\x70\x61\x72\x65\x6e\x74\x29\x20\x7c\x7c\x20\x28\x42\x50\
\x46\x5f\x43\x4f\x52\x45\x5f\x52\x45\x41\x44\x28\x72\x65\x74\x2c\x20\x73\x65\
\x6c\x66\x5f\x65\x78\x65\x63\x5f\x69\x64\x29\x20\x21\x3d\0\x30\x3a\x31\x34\x30\
\0\x20\x20\x20\x20\x20\x20\x20\x20\x20\x20\x20\x20\x20\x20\x20\x20\x20\x20\x20\
\x20\x20\x20\x42\x50\x46\x5f\x43\x4f\x52\x45\x5f\x52\x45\x41\x44\x28\x70\x61\
\x72\x65\x6e\x74\x2c\x20\x73\x65\x6c\x66\x5f\x65\x78\x65\x63\x5f\x69\x64\x29\
\x29\x29\x20\x7b\0\x20\x20\x74\x61\x73\x6b\x5f\x69\x6e\x66\x6f\x2d\x3e\x70\x70\
\x69\x64\x20\x3d\x20\x42\x50\x46\x5f\x43\x4f\x52\x45\x5f\x52\x45\x41\x44\x28\
\x70\x61\x72\x65\x6e\x74\x2c\x20\x74\x67\x69\x64\x29\x3b\0\x30\x3a\x31\x30\x37\
\0\x20\x20\x74\x61\x73\x6b\x5f\x69\x6e\x66\x6f\x2d\x3e\x70\x61\x72\x65\x6e\x74\
\x5f\x73\x74\x61\x72\x74\x5f\x74\x69\x6d\x65\x20\x3d\x20\x42\x50\x46\x5f\x43\
\x4f\x52\x45\x5f\x52\x45\x41\x44\x28\x70\x61\x72\x65\x6e\x74\x2c\x20\x73\x74\
\x61\x72\x74\x5f\x62\x6f\x6f\x74\x74\x69\x6d\x65\x29\x3b\0\x20\x20\x74\x61\x73\
\x6b\x5f\x69\x6e\x66\x6f\x2d\x3e\x73\x74\x61\x72\x74\x5f\x74\x69\x6d\x65\x20\
\x3d\x20\x42\x50\x46\x5f\x43\x4f\x52\x45\x5f\x52\x45\x41\x44\x28\x74\x2c\x20\
\x67\x72\x6f\x75\x70\x5f\x6c\x65\x61\x64\x65\x72\x2c\x20\x73\x74\x61\x72\x74\
\x5f\x62\x6f\x6f\x74\x74\x69\x6d\x65\x29\x3b\0\x20\x20\x74\x61\x73\x6b\x5f\x69\
\x6e\x66\x6f\x2d\x3e\x70\x69\x64\x20\x3d\x20\x42\x50\x46\x5f\x43\x4f\x52\x45\
\x5f\x52\x45\x41\x44\x28\x74\x2c\x20\x74\x67\x69\x64\x29\x3b\0\x30\x3a\x31\x31\
\x32\0\x20\x20\x74\x61\x73\x6b\x5f\x69\x6e\x66\x6f\x2d\x3e\x75\x69\x64\x20\x3d\
\x20\x42\x50\x46\x5f\x43\x4f\x52\x45\x5f\x52\x45\x41\x44\x28\x74\x2c\x20\x72\
\x65\x61\x6c\x5f\x63\x72\x65\x64\x2c\x20\x75\x69\x64\x2e\x76\x61\x6c\x29\x3b\0\
\x30\x3a\x34\x3a\x30\0\x20\x20\x74\x61\x73\x6b\x5f\x69\x6e\x66\x6f\x2d\x3e\x67\
\x69\x64\x20\x3d\x20\x42\x50\x46\x5f\x43\x4f\x52\x45\x5f\x52\x45\x41\x44\x28\
\x74\x2c\x20\x72\x65\x61\x6c\x5f\x63\x72\x65\x64\x2c\x20\x67\x69\x64\x2e\x76\
\x61\x6c\x29\x3b\0\x30\x3a\x35\x3a\x30\0\x30\x3a\x35\x37\0\x20\x20\x63\x6f\x6e\
\x73\x74\x20\x75\x69\x6e\x74\x70\x74\x72\x5f\x74\x20\x61\x72\x67\x5f\x73\x74\
\x61\x72\x74\x20\x3d\x20\x28\x75\x69\x6e\x74\x70\x74\x72\x5f\x74\x29\x42\x50\
\x46\x5f\x43\x4f\x52\x45\x5f\x52\x45\x41\x44\x28\x74\x2c\x20\x6d\x6d\x2c\x20\
\x61\x72\x67\x5f\x73\x74\x61\x72\x74\x29\x3b\0\x6d\x6d\x5f\x73\x74\x72\x75\x63\
\x74\0\x63\x70\x75\x5f\x62\x69\x74\x6d\x61\x70\0\x6d\x6d\x5f\x72\x62\0\x76\x6d\
\x61\x63\x61\x63\x68\x65\x5f\x73\x65\x71\x6e\x75\x6d\0\x67\x65\x74\x5f\x75\x6e\
\x6d\x61\x70\x70\x65\x64\x5f\x61\x72\x65\x61\0\x6d\x6d\x61\x70\x5f\x62\x61\x73\
\x65\0\x6d\x6d\x61\x70\x5f\x6c\x65\x67\x61\x63\x79\x5f\x62\x61\x73\x65\0\x74\
\x61\x73\x6b\x5f\x73\x69\x7a\x65\0\x68\x69\x67\x68\x65\x73\x74\x5f\x76\x6d\x5f\
\x65\x6e\x64\0\x70\x67\x64\0\x6d\x65\x6d\x62\x61\x72\x72\x69\x65\x72\x5f\x73\
\x74\x61\x74\x65\0\x6d\x6d\x5f\x75\x73\x65\x72\x73\0\x6d\x6d\x5f\x63\x6f\x75\
\x6e\x74\0\x70\x67\x74\x61\x62\x6c\x65\x73\x5f\x62\x79\x74\x65\x73\0\x6d\x61\
\x70\x5f\x63\x6f\x75\x6e\x74\0\x70\x61\x67\x65\x5f\x74\x61\x62\x6c\x65\x5f\x6c\
\x6f\x63\x6b\0\x6d\x6d\x61\x70\x5f\x6c\x6f\x63\x6b\0\x6d\x6d\x6c\x69\x73\x74\0\
\x68\x69\x77\x61\x74\x65\x72\x5f\x72\x73\x73\0\x68\x69\x77\x61\x74\x65\x72\x5f\
\x76\x6d\0\x74\x6f\x74\x61\x6c\x5f\x76\x6d\0\x6c\x6f\x63\x6b\x65\x64\x5f\x76\
\x6d\0\x70\x69\x6e\x6e\x65\x64\x5f\x76\x6d\0\x64\x61\x74\x61\x5f\x76\x6d\0\x65\
\x78\x65\x63\x5f\x76\x6d\0\x73\x74\x61\x63\x6b\x5f\x76\x6d\0\x64\x65\x66\x5f\
\x66\x6c\x61\x67\x73\0\x77\x72\x69\x74\x65\x5f\x70\x72\x6f\x74\x65\x63\x74\x5f\
\x73\x65\x71\0\x61\x72\x67\x5f\x6c\x6f\x63\x6b\0\x73\x74\x61\x72\x74\x5f\x63\
\x6f\x64\x65\0\x65\x6e\x64\x5f\x63\x6f\x64\x65\0\x73\x74\x61\x72\x74\x5f\x64\
\x61\x74\x61\0\x65\x6e\x64\x5f\x64\x61\x74\x61\0\x73\x74\x61\x72\x74\x5f\x62\
\x72\x6b\0\x62\x72\x6b\0\x73\x74\x61\x72\x74\x5f\x73\x74\x61\x63\x6b\0\x61\x72\
\x67\x5f\x73\x74\x61\x72\x74\0\x61\x72\x67\x5f\x65\x6e\x64\0\x65\x6e\x76\x5f\
\x73\x74\x61\x72\x74\0\x65\x6e\x76\x5f\x65\x6e\x64\0\x73\x61\x76\x65\x64\x5f\
\x61\x75\x78\x76\0\x62\x69\x6e\x66\x6d\x74\0\x63\x6f\x6e\x74\x65\x78\x74\0\x63\
\x6f\x72\x65\x5f\x73\x74\x61\x74\x65\0\x69\x6f\x63\x74\x78\x5f\x6c\x6f\x63\x6b\
\0\x69\x6f\x63\x74\x78\x5f\x74\x61\x62\x6c\x65\0\x65\x78\x65\x5f\x66\x69\x6c\
\x65\0\x6e\x6f\x74\x69\x66\x69\x65\x72\x5f\x73\x75\x62\x73\x63\x72\x69\x70\x74\
\x69\x6f\x6e\x73\0\x74\x6c\x62\x5f\x66\x6c\x75\x73\x68\x5f\x70\x65\x6e\x64\x69\
\x6e\x67\0\x75\x70\x72\x6f\x62\x65\x73\x5f\x73\x74\x61\x74\x65\0\x61\x73\x79\
\x6e\x63\x5f\x70\x75\x74\x5f\x77\x6f\x72\x6b\0\x70\x61\x73\x69\x64\0\x6c\x72\
\x75\x5f\x67\x65\x6e\0\x66\x5f\x75\0\x66\x5f\x70\x61\x74\x68\0\x66\x5f\x69\x6e\
\x6f\x64\x65\0\x66\x5f\x6f\x70\0\x66\x5f\x6c\x6f\x63\x6b\0\x66\x5f\x77\x72\x69\
\x74\x65\x5f\x68\x69\x6e\x74\0\x66\x5f\x63\x6f\x75\x6e\x74\0\x66\x5f\x66\x6c\
\x61\x67\x73\0\x66\x5f\x6d\x6f\x64\x65\0\x66\x5f\x70\x6f\x73\x5f\x6c\x6f\x63\
\x6b\0\x66\x5f\x70\x6f\x73\0\x66\x5f\x6f\x77\x6e\x65\x72\0\x66\x5f\x63\x72\x65\
\x64\0\x66\x5f\x72\x61\0\x66\x5f\x76\x65\x72\x73\x69\x6f\x6e\0\x66\x5f\x73\x65\
\x63\x75\x72\x69\x74\x79\0\x70\x72\x69\x76\x61\x74\x65\x5f\x64\x61\x74\x61\0\
\x66\x5f\x65\x70\0\x66\x5f\x6d\x61\x70\x70\x69\x6e\x67\0\x66\x5f\x77\x62\x5f\
\x65\x72\x72\0\x66\x5f\x73\x62\x5f\x65\x72\x72\0\x66\x75\x5f\x6c\x6c\x69\x73\
\x74\0\x66\x75\x5f\x72\x63\x75\x68\x65\x61\x64\0\x70\x61\x74\x68\0\x6d\x6e\x74\
\0\x64\x65\x6e\x74\x72\x79\0\x6c\x69\x6e\x6b\x5f\x63\x6f\x75\x6e\x74\0\x72\x77\
\x5f\x68\x69\x6e\x74\0\x57\x52\x49\x54\x45\x5f\x4c\x49\x46\x45\x5f\x4e\x4f\x54\
\x5f\x53\x45\x54\0\x57\x52\x49\x54\x45\x5f\x4c\x49\x46\x45\x5f\x4e\x4f\x4e\x45\
\0\x57\x52\x49\x54\x45\x5f\x4c\x49\x46\x45\x5f\x53\x48\x4f\x52\x54\0\x57\x52\
\x49\x54\x45\x5f\x4c\x49\x46\x45\x5f\x4d\x45\x44\x49\x55\x4d\0\x57\x52\x49\x54\
\x45\x5f\x4c\x49\x46\x45\x5f\x4c\x4f\x4e\x47\0\x57\x52\x49\x54\x45\x5f\x4c\x49\
\x46\x45\x5f\x45\x58\x54\x52\x45\x4d\x45\0\x66\x6d\x6f\x64\x65\x5f\x74\0\x6c\
\x6f\x66\x66\x5f\x74\0\x5f\x5f\x6b\x65\x72\x6e\x65\x6c\x5f\x6c\x6f\x66\x66\x5f\
\x74\0\x66\x6f\x77\x6e\x5f\x73\x74\x72\x75\x63\x74\0\x70\x69\x64\x5f\x74\x79\
\x70\x65\0\x73\x69\x67\x6e\x75\x6d\0\x50\x49\x44\x54\x59\x50\x45\x5f\x50\x49\
\x44\0\x50\x49\x44\x54\x59\x50\x45\x5f\x54\x47\x49\x44\0\x50\x49\x44\x54\x59\
\x50\x45\x5f\x50\x47\x49\x44\0\x50\x49\x44\x54\x59\x50\x45\x5f\x53\x49\x44\0\
\x50\x49\x44\x54\x59\x50\x45\x5f\x4d\x41\x58\0\x66\x69\x6c\x65\x5f\x72\x61\x5f\
\x73\x74\x61\x74\x65\0\x73\x74\x61\x72\x74\0\x61\x73\x79\x6e\x63\x5f\x73\x69\
\x7a\x65\0\x72\x61\x5f\x70\x61\x67\x65\x73\0\x6d\x6d\x61\x70\x5f\x6d\x69\x73\
\x73\0\x70\x72\x65\x76\x5f\x70\x6f\x73\0\x65\x72\x72\x73\x65\x71\x5f\x74\0\x70\
\x67\x64\x5f\x74\0\x70\x67\x64\x76\x61\x6c\x5f\x74\0\x72\x77\x5f\x73\x65\x6d\
\x61\x70\x68\x6f\x72\x65\0\x6d\x6d\x5f\x72\x73\x73\x5f\x73\x74\x61\x74\0\x6d\
\x6d\x5f\x63\x6f\x6e\x74\x65\x78\x74\x5f\x74\0\x73\x69\x67\x70\x61\x67\x65\0\
\x76\x64\x73\x6f\0\x78\x6f\x6c\x5f\x61\x72\x65\x61\0\x77\x6f\x72\x6b\x5f\x73\
\x74\x72\x75\x63\x74\0\x77\x6f\x72\x6b\x5f\x66\x75\x6e\x63\x5f\x74\0\x62\x69\
\x74\x6d\x61\x70\0\x30\x3a\x30\x3a\x33\x35\0\x20\x20\x63\x6f\x6e\x73\x74\x20\
\x75\x69\x6e\x74\x70\x74\x72\x5f\x74\x20\x61\x72\x67\x5f\x65\x6e\x64\x20\x3d\
\x20\x28\x75\x69\x6e\x74\x70\x74\x72\x5f\x74\x29\x42\x50\x46\x5f\x43\x4f\x52\
\x45\x5f\x52\x45\x41\x44\x28\x74\x2c\x20\x6d\x6d\x2c\x20\x61\x72\x67\x5f\x65\
\x6e\x64\x29\x3b\0\x30\x3a\x30\x3a\x33\x36\0\x20\x20\x69\x66\x20\x28\x28\x61\
\x72\x67\x5f\x65\x6e\x64\x20\x2d\x20\x61\x72\x67\x5f\x73\x74\x61\x72\x74\x29\
\x20\x3e\x20\x73\x69\x7a\x65\x6f\x66\x28\x74\x61\x73\x6b\x5f\x69\x6e\x66\x6f\
\x2d\x3e\x63\x6f\x6d\x6d\x61\x6e\x64\x6c\x69\x6e\x65\x29\x29\x20\x7b\0\x20\x20\
\x62\x70\x66\x5f\x70\x72\x6f\x62\x65\x5f\x72\x65\x61\x64\x5f\x75\x73\x65\x72\
\x28\x74\x61\x73\x6b\x5f\x69\x6e\x66\x6f\x2d\x3e\x63\x6f\x6d\x6d\x61\x6e\x64\
\x6c\x69\x6e\x65\x2c\x20\x74\x61\x73\x6b\x5f\x69\x6e\x66\x6f\x2d\x3e\x63\x6f\
\x6d\x6d\x61\x6e\x64\x6c\x69\x6e\x65\x5f\x6c\x65\x6e\x2c\0\x20\x20\x69\x66\x20\
\x28\x74\x61\x73\x6b\x5f\x69\x6e\x66\x6f\x2d\x3e\x63\x6f\x6d\x6d\x61\x6e\x64\
\x6c\x69\x6e\x65\x5f\x6c\x65\x6e\x20\x3d\x3d\x20\x73\x69\x7a\x65\x6f\x66\x28\
\x74\x61\x73\x6b\x5f\x69\x6e\x66\x6f\x2d\x3e\x63\x6f\x6d\x6d\x61\x6e\x64\x6c\
\x69\x6e\x65\x29\x29\x20\x7b\0\x20\x20\x20\x20\x74\x61\x73\x6b\x5f\x69\x6e\x66\
\x6f\x2d\x3e\x63\x6f\x6d\x6d\x61\x6e\x64\x6c\x69\x6e\x65\x5b\x74\x61\x73\x6b\
\x5f\x69\x6e\x66\x6f\x2d\x3e\x63\x6f\x6d\x6d\x61\x6e\x64\x6c\x69\x6e\x65\x5f\
\x6c\x65\x6e\x20\x2d\x20\x31\x5d\x20\x3d\x20\x27\x5c\x30\x27\x3b\0\x20\x20\x73\
\x6c\x2d\x3e\x73\x6f\x63\x6b\x65\x74\x5f\x74\x79\x70\x65\x20\x3d\x20\x73\x6f\
\x63\x6b\x2d\x3e\x74\x79\x70\x65\x3b\0\x30\x3a\x30\x3a\x32\x3a\x31\x3a\x31\0\
\x20\x20\x73\x6c\x2d\x3e\x70\x6f\x72\x74\x20\x3d\x20\x73\x6b\x2d\x3e\x5f\x5f\
\x73\x6b\x5f\x63\x6f\x6d\x6d\x6f\x6e\x2e\x73\x6b\x63\x5f\x6e\x75\x6d\x3b\0\x30\
\x3a\x30\x3a\x30\x3a\x31\x3a\x31\0\x20\x20\x73\x6c\x2d\x3e\x69\x70\x76\x34\x5f\
\x61\x64\x64\x72\x20\x3d\x20\x73\x6b\x2d\x3e\x5f\x5f\x73\x6b\x5f\x63\x6f\x6d\
\x6d\x6f\x6e\x2e\x73\x6b\x63\x5f\x72\x63\x76\x5f\x73\x61\x64\x64\x72\x3b\0\x30\
\x3a\x30\x3a\x31\x34\x3a\x30\x3a\x30\0\x20\x20\x5f\x5f\x62\x75\x69\x6c\x74\x69\
\x6e\x5f\x6d\x65\x6d\x63\x70\x79\x28\x73\x6c\x2d\x3e\x69\x70\x76\x36\x5f\x61\
\x64\x64\x72\x2c\0\x20\x20\x62\x70\x66\x5f\x72\x69\x6e\x67\x62\x75\x66\x5f\x73\
\x75\x62\x6d\x69\x74\x28\x65\x76\x65\x6e\x74\x2c\x20\x30\x29\x3b\0\x63\x72\x6f\
\x73\x5f\x68\x61\x6e\x64\x6c\x65\x5f\x69\x70\x5f\x70\x72\x6f\x74\x6f\x63\x6f\
\x6c\x5f\x64\x65\x6c\x69\x76\x65\x72\x5f\x72\x63\x75\x5f\x65\x6e\x74\x65\x72\0\
\x74\x70\x5f\x62\x74\x66\x2f\x63\x72\x6f\x73\x5f\x69\x70\x5f\x70\x72\x6f\x74\
\x6f\x63\x6f\x6c\x5f\x64\x65\x6c\x69\x76\x65\x72\x5f\x72\x63\x75\x5f\x65\x6e\
\x74\x65\x72\0\x30\x3a\x30\x3a\x30\x3a\x32\x3a\x30\0\x69\x6e\x74\x20\x42\x50\
\x46\x5f\x50\x52\x4f\x47\x28\x63\x72\x6f\x73\x5f\x68\x61\x6e\x64\x6c\x65\x5f\
\x69\x70\x5f\x70\x72\x6f\x74\x6f\x63\x6f\x6c\x5f\x64\x65\x6c\x69\x76\x65\x72\
\x5f\x72\x63\x75\x5f\x65\x6e\x74\x65\x72\x2c\0\x20\x20\x73\x74\x72\x75\x63\x74\
\x20\x6e\x65\x74\x5f\x64\x65\x76\x69\x63\x65\x2a\x20\x64\x65\x76\x20\x3d\x20\
\x42\x50\x46\x5f\x43\x4f\x52\x45\x5f\x52\x45\x41\x44\x28\x73\x6b\x62\x2c\x20\
\x64\x65\x76\x29\x3b\0\x20\x20\x69\x66\x20\x28\x64\x65\x76\x20\x3d\x3d\x20\x4e\
\x55\x4c\x4c\x29\x20\x7b\0\x30\x3a\x34\x3a\x30\x3a\x30\0\x2f\x62\x75\x69\x6c\
\x64\x2f\x61\x72\x6d\x36\x34\x2d\x67\x65\x6e\x65\x72\x69\x63\x2f\x74\x6d\x70\
\x2f\x70\x6f\x72\x74\x61\x67\x65\x2f\x63\x68\x72\x6f\x6d\x65\x6f\x73\x2d\x62\
\x61\x73\x65\x2f\x73\x65\x63\x61\x67\x65\x6e\x74\x64\x2d\x30\x2e\x30\x2e\x31\
\x2d\x72\x34\x32\x31\x2f\x77\x6f\x72\x6b\x2f\x73\x65\x63\x61\x67\x65\x6e\x74\
\x64\x2d\x30\x2e\x30\x2e\x31\x2f\x70\x6c\x61\x74\x66\x6f\x72\x6d\x32\x2f\x73\
\x65\x63\x61\x67\x65\x6e\x74\x64\x2f\x62\x70\x66\x2f\x70\x6f\x72\x74\x2f\x69\
\x6e\x63\x6c\x75\x64\x65\x2f\x6c\x69\x6e\x75\x78\x2f\x73\x6b\x62\x5f\x62\x75\
\x66\x66\x2e\x68\0\x20\x20\x72\x65\x74\x75\x72\x6e\x20\x28\x73\x74\x72\x75\x63\
\x74\x20\x64\x73\x74\x5f\x65\x6e\x74\x72\x79\x2a\x29\x28\x42\x50\x46\x5f\x43\
\x4f\x52\x45\x5f\x52\x45\x41\x44\x28\x73\x6b\x62\x2c\x20\x5f\x73\x6b\x62\x5f\
\x72\x65\x66\x64\x73\x74\x29\x20\x26\0\x64\x73\x74\x5f\x65\x6e\x74\x72\x79\0\
\x5f\x6d\x65\x74\x72\x69\x63\x73\0\x78\x66\x72\x6d\0\x69\x6e\x70\x75\x74\0\x6f\
\x75\x74\x70\x75\x74\0\x6f\x62\x73\x6f\x6c\x65\x74\x65\0\x68\x65\x61\x64\x65\
\x72\x5f\x6c\x65\x6e\0\x74\x72\x61\x69\x6c\x65\x72\x5f\x6c\x65\x6e\0\x5f\x5f\
\x72\x65\x66\x63\x6e\x74\0\x5f\x5f\x75\x73\x65\0\x6c\x61\x73\x74\x75\x73\x65\0\
\x6c\x77\x74\x73\x74\x61\x74\x65\0\x65\x72\x72\x6f\x72\0\x5f\x5f\x70\x61\x64\0\
\x74\x63\x6c\x61\x73\x73\x69\x64\0\x70\x61\x73\x73\x69\x76\x65\0\x72\x75\x6c\
\x65\x73\x5f\x6d\x6f\x64\x5f\x6c\x6f\x63\x6b\0\x64\x65\x76\x5f\x75\x6e\x72\x65\
\x67\x5f\x63\x6f\x75\x6e\x74\0\x64\x65\x76\x5f\x62\x61\x73\x65\x5f\x73\x65\x71\
\0\x6e\x73\x69\x64\x5f\x6c\x6f\x63\x6b\0\x66\x6e\x68\x65\x5f\x67\x65\x6e\x69\
\x64\0\x65\x78\x69\x74\x5f\x6c\x69\x73\x74\0\x63\x6c\x65\x61\x6e\x75\x70\x5f\
\x6c\x69\x73\x74\0\x6b\x65\x79\x5f\x64\x6f\x6d\x61\x69\x6e\0\x6e\x65\x74\x6e\
\x73\x5f\x69\x64\x73\0\x64\x65\x76\x5f\x62\x61\x73\x65\x5f\x68\x65\x61\x64\0\
\x70\x72\x6f\x63\x5f\x6e\x65\x74\0\x70\x72\x6f\x63\x5f\x6e\x65\x74\x5f\x73\x74\
\x61\x74\0\x73\x79\x73\x63\x74\x6c\x73\0\x72\x74\x6e\x6c\0\x67\x65\x6e\x6c\x5f\
\x73\x6f\x63\x6b\0\x75\x65\x76\x65\x6e\x74\x5f\x73\x6f\x63\x6b\0\x64\x65\x76\
\x5f\x6e\x61\x6d\x65\x5f\x68\x65\x61\x64\0\x64\x65\x76\x5f\x69\x6e\x64\x65\x78\
\x5f\x68\x65\x61\x64\0\x6e\x65\x74\x64\x65\x76\x5f\x63\x68\x61\x69\x6e\0\x68\
\x61\x73\x68\x5f\x6d\x69\x78\0\x6c\x6f\x6f\x70\x62\x61\x63\x6b\x5f\x64\x65\x76\
\0\x72\x75\x6c\x65\x73\x5f\x6f\x70\x73\0\x63\x6f\x72\x65\0\x6d\x69\x62\0\x70\
\x61\x63\x6b\x65\x74\0\x75\x6e\x78\0\x6e\x65\x78\x74\x68\x6f\x70\0\x69\x70\x76\
\x34\0\x69\x70\x76\x36\0\x6e\x66\0\x63\x74\0\x77\x65\x78\x74\x5f\x6e\x6c\x65\
\x76\x65\x6e\x74\x73\0\x67\x65\x6e\0\x62\x70\x66\0\x6e\x65\x74\x5f\x63\x6f\x6f\
\x6b\x69\x65\0\x64\x69\x61\x67\x5f\x6e\x6c\x73\x6b\0\x69\x64\x72\0\x69\x64\x72\
\x5f\x72\x74\0\x69\x64\x72\x5f\x62\x61\x73\x65\0\x69\x64\x72\x5f\x6e\x65\x78\
\x74\0\x78\x61\x72\x72\x61\x79\0\x78\x61\x5f\x6c\x6f\x63\x6b\0\x78\x61\x5f\x66\
\x6c\x61\x67\x73\0\x78\x61\x5f\x68\x65\x61\x64\0\x6e\x73\x5f\x63\x6f\x6d\x6d\
\x6f\x6e\0\x73\x74\x61\x73\x68\x65\x64\0\x69\x6e\x75\x6d\0\x63\x74\x6c\x5f\x74\
\x61\x62\x6c\x65\x5f\x73\x65\x74\0\x69\x73\x5f\x73\x65\x65\x6e\0\x64\x69\x72\0\
\x63\x74\x6c\x5f\x64\x69\x72\0\x68\x65\x61\x64\x65\x72\0\x72\x6f\x6f\x74\0\x63\
\x74\x6c\x5f\x74\x61\x62\x6c\x65\x5f\x68\x65\x61\x64\x65\x72\0\x75\x6e\x72\x65\
\x67\x69\x73\x74\x65\x72\x69\x6e\x67\0\x63\x74\x6c\x5f\x74\x61\x62\x6c\x65\x5f\
\x61\x72\x67\0\x73\x65\x74\0\x69\x6e\x6f\x64\x65\x73\0\x63\x74\x6c\x5f\x74\x61\
\x62\x6c\x65\0\x75\x73\x65\x64\0\x6e\x72\x65\x67\0\x72\x61\x77\x5f\x6e\x6f\x74\
\x69\x66\x69\x65\x72\x5f\x68\x65\x61\x64\0\x6e\x65\x74\x6e\x73\x5f\x63\x6f\x72\
\x65\0\x73\x79\x73\x63\x74\x6c\x5f\x68\x64\x72\0\x73\x79\x73\x63\x74\x6c\x5f\
\x73\x6f\x6d\x61\x78\x63\x6f\x6e\x6e\0\x73\x79\x73\x63\x74\x6c\x5f\x61\x6e\x64\
\x72\x6f\x69\x64\x5f\x70\x61\x72\x61\x6e\x6f\x69\x64\0\x73\x6f\x63\x6b\x5f\x69\
\x6e\x75\x73\x65\0\x70\x72\x6f\x74\x5f\x69\x6e\x75\x73\x65\0\x6e\x65\x74\x6e\
\x73\x5f\x6d\x69\x62\0\x69\x70\x5f\x73\x74\x61\x74\x69\x73\x74\x69\x63\x73\0\
\x69\x70\x76\x36\x5f\x73\x74\x61\x74\x69\x73\x74\x69\x63\x73\0\x74\x63\x70\x5f\
\x73\x74\x61\x74\x69\x73\x74\x69\x63\x73\0\x6e\x65\x74\x5f\x73\x74\x61\x74\x69\
\x73\x74\x69\x63\x73\0\x75\x64\x70\x5f\x73\x74\x61\x74\x69\x73\x74\x69\x63\x73\
\0\x75\x64\x70\x5f\x73\x74\x61\x74\x73\x5f\x69\x6e\x36\0\x75\x64\x70\x6c\x69\
\x74\x65\x5f\x73\x74\x61\x74\x69\x73\x74\x69\x63\x73\0\x75\x64\x70\x6c\x69\x74\
\x65\x5f\x73\x74\x61\x74\x73\x5f\x69\x6e\x36\0\x69\x63\x6d\x70\x5f\x73\x74\x61\
\x74\x69\x73\x74\x69\x63\x73\0\x69\x63\x6d\x70\x6d\x73\x67\x5f\x73\x74\x61\x74\
\x69\x73\x74\x69\x63\x73\0\x69\x63\x6d\x70\x76\x36\x5f\x73\x74\x61\x74\x69\x73\
\x74\x69\x63\x73\0\x69\x63\x6d\x70\x76\x36\x6d\x73\x67\x5f\x73\x74\x61\x74\x69\
\x73\x74\x69\x63\x73\0\x70\x72\x6f\x63\x5f\x6e\x65\x74\x5f\x64\x65\x76\x73\x6e\
\x6d\x70\x36\0\x6e\x65\x74\x6e\x73\x5f\x70\x61\x63\x6b\x65\x74\0\x73\x6b\x6c\
\x69\x73\x74\x5f\x6c\x6f\x63\x6b\0\x73\x6b\x6c\x69\x73\x74\0\x6e\x65\x74\x6e\
\x73\x5f\x75\x6e\x69\x78\0\x73\x79\x73\x63\x74\x6c\x5f\x6d\x61\x78\x5f\x64\x67\
\x72\x61\x6d\x5f\x71\x6c\x65\x6e\0\x63\x74\x6c\0\x6e\x65\x74\x6e\x73\x5f\x6e\
\x65\x78\x74\x68\x6f\x70\0\x64\x65\x76\x68\x61\x73\x68\0\x73\x65\x71\0\x6c\x61\
\x73\x74\x5f\x69\x64\x5f\x61\x6c\x6c\x6f\x63\x61\x74\x65\x64\0\x6e\x6f\x74\x69\
\x66\x69\x65\x72\x5f\x63\x68\x61\x69\x6e\0\x62\x6c\x6f\x63\x6b\x69\x6e\x67\x5f\
\x6e\x6f\x74\x69\x66\x69\x65\x72\x5f\x68\x65\x61\x64\0\x72\x77\x73\x65\x6d\0\
\x6e\x65\x74\x6e\x73\x5f\x69\x70\x76\x34\0\x74\x63\x70\x5f\x64\x65\x61\x74\x68\
\x5f\x72\x6f\x77\0\x66\x6f\x72\x77\x5f\x68\x64\x72\0\x66\x72\x61\x67\x73\x5f\
\x68\x64\x72\0\x69\x70\x76\x34\x5f\x68\x64\x72\0\x72\x6f\x75\x74\x65\x5f\x68\
\x64\x72\0\x78\x66\x72\x6d\x34\x5f\x68\x64\x72\0\x64\x65\x76\x63\x6f\x6e\x66\
\x5f\x61\x6c\x6c\0\x64\x65\x76\x63\x6f\x6e\x66\x5f\x64\x66\x6c\x74\0\x72\x61\
\x5f\x63\x68\x61\x69\x6e\0\x72\x61\x5f\x6d\x75\x74\x65\x78\0\x66\x69\x62\x5f\
\x6d\x61\x69\x6e\0\x66\x69\x62\x5f\x64\x65\x66\x61\x75\x6c\x74\0\x66\x69\x62\
\x5f\x72\x75\x6c\x65\x73\x5f\x72\x65\x71\x75\x69\x72\x65\x5f\x66\x6c\x64\x69\
\x73\x73\x65\x63\x74\0\x66\x69\x62\x5f\x68\x61\x73\x5f\x63\x75\x73\x74\x6f\x6d\
\x5f\x72\x75\x6c\x65\x73\0\x66\x69\x62\x5f\x68\x61\x73\x5f\x63\x75\x73\x74\x6f\
\x6d\x5f\x6c\x6f\x63\x61\x6c\x5f\x72\x6f\x75\x74\x65\x73\0\x66\x69\x62\x5f\x6f\
\x66\x66\x6c\x6f\x61\x64\x5f\x64\x69\x73\x61\x62\x6c\x65\x64\0\x66\x69\x62\x5f\
\x74\x61\x62\x6c\x65\x5f\x68\x61\x73\x68\0\x66\x69\x62\x6e\x6c\0\x69\x63\x6d\
\x70\x5f\x73\x6b\0\x6d\x63\x5f\x61\x75\x74\x6f\x6a\x6f\x69\x6e\x5f\x73\x6b\0\
\x70\x65\x65\x72\x73\0\x66\x71\x64\x69\x72\0\x73\x79\x73\x63\x74\x6c\x5f\x69\
\x63\x6d\x70\x5f\x65\x63\x68\x6f\x5f\x69\x67\x6e\x6f\x72\x65\x5f\x61\x6c\x6c\0\
\x73\x79\x73\x63\x74\x6c\x5f\x69\x63\x6d\x70\x5f\x65\x63\x68\x6f\x5f\x65\x6e\
\x61\x62\x6c\x65\x5f\x70\x72\x6f\x62\x65\0\x73\x79\x73\x63\x74\x6c\x5f\x69\x63\
\x6d\x70\x5f\x65\x63\x68\x6f\x5f\x69\x67\x6e\x6f\x72\x65\x5f\x62\x72\x6f\x61\
\x64\x63\x61\x73\x74\x73\0\x73\x79\x73\x63\x74\x6c\x5f\x69\x63\x6d\x70\x5f\x69\
\x67\x6e\x6f\x72\x65\x5f\x62\x6f\x67\x75\x73\x5f\x65\x72\x72\x6f\x72\x5f\x72\
\x65\x73\x70\x6f\x6e\x73\x65\x73\0\x73\x79\x73\x63\x74\x6c\x5f\x69\x63\x6d\x70\
\x5f\x65\x72\x72\x6f\x72\x73\x5f\x75\x73\x65\x5f\x69\x6e\x62\x6f\x75\x6e\x64\
\x5f\x69\x66\x61\x64\x64\x72\0\x73\x79\x73\x63\x74\x6c\x5f\x69\x63\x6d\x70\x5f\
\x72\x61\x74\x65\x6c\x69\x6d\x69\x74\0\x73\x79\x73\x63\x74\x6c\x5f\x69\x63\x6d\
\x70\x5f\x72\x61\x74\x65\x6d\x61\x73\x6b\0\x69\x70\x5f\x6c\x6f\x63\x61\x6c\x5f\
\x70\x6f\x72\x74\x73\0\x73\x79\x73\x63\x74\x6c\x5f\x74\x63\x70\x5f\x65\x63\x6e\
\0\x73\x79\x73\x63\x74\x6c\x5f\x74\x63\x70\x5f\x65\x63\x6e\x5f\x66\x61\x6c\x6c\
\x62\x61\x63\x6b\0\x73\x79\x73\x63\x74\x6c\x5f\x69\x70\x5f\x64\x65\x66\x61\x75\
\x6c\x74\x5f\x74\x74\x6c\0\x73\x79\x73\x63\x74\x6c\x5f\x69\x70\x5f\x6e\x6f\x5f\
\x70\x6d\x74\x75\x5f\x64\x69\x73\x63\0\x73\x79\x73\x63\x74\x6c\x5f\x69\x70\x5f\
\x66\x77\x64\x5f\x75\x73\x65\x5f\x70\x6d\x74\x75\0\x73\x79\x73\x63\x74\x6c\x5f\
\x69\x70\x5f\x66\x77\x64\x5f\x75\x70\x64\x61\x74\x65\x5f\x70\x72\x69\x6f\x72\
\x69\x74\x79\0\x73\x79\x73\x63\x74\x6c\x5f\x69\x70\x5f\x6e\x6f\x6e\x6c\x6f\x63\
\x61\x6c\x5f\x62\x69\x6e\x64\0\x73\x79\x73\x63\x74\x6c\x5f\x69\x70\x5f\x61\x75\
\x74\x6f\x62\x69\x6e\x64\x5f\x72\x65\x75\x73\x65\0\x73\x79\x73\x63\x74\x6c\x5f\
\x69\x70\x5f\x64\x79\x6e\x61\x64\x64\x72\0\x73\x79\x73\x63\x74\x6c\x5f\x69\x70\
\x5f\x65\x61\x72\x6c\x79\x5f\x64\x65\x6d\x75\x78\0\x73\x79\x73\x63\x74\x6c\x5f\
\x74\x63\x70\x5f\x65\x61\x72\x6c\x79\x5f\x64\x65\x6d\x75\x78\0\x73\x79\x73\x63\
\x74\x6c\x5f\x75\x64\x70\x5f\x65\x61\x72\x6c\x79\x5f\x64\x65\x6d\x75\x78\0\x73\
\x79\x73\x63\x74\x6c\x5f\x6e\x65\x78\x74\x68\x6f\x70\x5f\x63\x6f\x6d\x70\x61\
\x74\x5f\x6d\x6f\x64\x65\0\x73\x79\x73\x63\x74\x6c\x5f\x66\x77\x6d\x61\x72\x6b\
\x5f\x72\x65\x66\x6c\x65\x63\x74\0\x73\x79\x73\x63\x74\x6c\x5f\x74\x63\x70\x5f\
\x66\x77\x6d\x61\x72\x6b\x5f\x61\x63\x63\x65\x70\x74\0\x73\x79\x73\x63\x74\x6c\
\x5f\x74\x63\x70\x5f\x64\x65\x66\x61\x75\x6c\x74\x5f\x69\x6e\x69\x74\x5f\x72\
\x77\x6e\x64\0\x73\x79\x73\x63\x74\x6c\x5f\x74\x63\x70\x5f\x6d\x74\x75\x5f\x70\
\x72\x6f\x62\x69\x6e\x67\0\x73\x79\x73\x63\x74\x6c\x5f\x74\x63\x70\x5f\x6d\x74\
\x75\x5f\x70\x72\x6f\x62\x65\x5f\x66\x6c\x6f\x6f\x72\0\x73\x79\x73\x63\x74\x6c\
\x5f\x74\x63\x70\x5f\x62\x61\x73\x65\x5f\x6d\x73\x73\0\x73\x79\x73\x63\x74\x6c\
\x5f\x74\x63\x70\x5f\x6d\x69\x6e\x5f\x73\x6e\x64\x5f\x6d\x73\x73\0\x73\x79\x73\
\x63\x74\x6c\x5f\x74\x63\x70\x5f\x70\x72\x6f\x62\x65\x5f\x74\x68\x72\x65\x73\
\x68\x6f\x6c\x64\0\x73\x79\x73\x63\x74\x6c\x5f\x74\x63\x70\x5f\x70\x72\x6f\x62\
\x65\x5f\x69\x6e\x74\x65\x72\x76\x61\x6c\0\x73\x79\x73\x63\x74\x6c\x5f\x74\x63\
\x70\x5f\x6b\x65\x65\x70\x61\x6c\x69\x76\x65\x5f\x74\x69\x6d\x65\0\x73\x79\x73\
\x63\x74\x6c\x5f\x74\x63\x70\x5f\x6b\x65\x65\x70\x61\x6c\x69\x76\x65\x5f\x69\
\x6e\x74\x76\x6c\0\x73\x79\x73\x63\x74\x6c\x5f\x74\x63\x70\x5f\x6b\x65\x65\x70\
\x61\x6c\x69\x76\x65\x5f\x70\x72\x6f\x62\x65\x73\0\x73\x79\x73\x63\x74\x6c\x5f\
\x74\x63\x70\x5f\x73\x79\x6e\x5f\x72\x65\x74\x72\x69\x65\x73\0\x73\x79\x73\x63\
\x74\x6c\x5f\x74\x63\x70\x5f\x73\x79\x6e\x61\x63\x6b\x5f\x72\x65\x74\x72\x69\
\x65\x73\0\x73\x79\x73\x63\x74\x6c\x5f\x74\x63\x70\x5f\x73\x79\x6e\x63\x6f\x6f\
\x6b\x69\x65\x73\0\x73\x79\x73\x63\x74\x6c\x5f\x74\x63\x70\x5f\x6d\x69\x67\x72\
\x61\x74\x65\x5f\x72\x65\x71\0\x73\x79\x73\x63\x74\x6c\x5f\x74\x63\x70\x5f\x72\
\x65\x6f\x72\x64\x65\x72\x69\x6e\x67\0\x73\x79\x73\x63\x74\x6c\x5f\x74\x63\x70\
\x5f\x72\x65\x74\x72\x69\x65\x73\x31\0\x73\x79\x73\x63\x74\x6c\x5f\x74\x63\x70\
\x5f\x72\x65\x74\x72\x69\x65\x73\x32\0\x73\x79\x73\x63\x74\x6c\x5f\x74\x63\x70\
\x5f\x6f\x72\x70\x68\x61\x6e\x5f\x72\x65\x74\x72\x69\x65\x73\0\x73\x79\x73\x63\
\x74\x6c\x5f\x74\x63\x70\x5f\x74\x77\x5f\x72\x65\x75\x73\x65\0\x73\x79\x73\x63\
\x74\x6c\x5f\x74\x63\x70\x5f\x66\x69\x6e\x5f\x74\x69\x6d\x65\x6f\x75\x74\0\x73\
\x79\x73\x63\x74\x6c\x5f\x74\x63\x70\x5f\x6e\x6f\x74\x73\x65\x6e\x74\x5f\x6c\
\x6f\x77\x61\x74\0\x73\x79\x73\x63\x74\x6c\x5f\x74\x63\x70\x5f\x73\x61\x63\x6b\
\0\x73\x79\x73\x63\x74\x6c\x5f\x74\x63\x70\x5f\x77\x69\x6e\x64\x6f\x77\x5f\x73\
\x63\x61\x6c\x69\x6e\x67\0\x73\x79\x73\x63\x74\x6c\x5f\x74\x63\x70\x5f\x74\x69\
\x6d\x65\x73\x74\x61\x6d\x70\x73\0\x73\x79\x73\x63\x74\x6c\x5f\x74\x63\x70\x5f\
\x65\x61\x72\x6c\x79\x5f\x72\x65\x74\x72\x61\x6e\x73\0\x73\x79\x73\x63\x74\x6c\
\x5f\x74\x63\x70\x5f\x72\x65\x63\x6f\x76\x65\x72\x79\0\x73\x79\x73\x63\x74\x6c\
\x5f\x74\x63\x70\x5f\x74\x68\x69\x6e\x5f\x6c\x69\x6e\x65\x61\x72\x5f\x74\x69\
\x6d\x65\x6f\x75\x74\x73\0\x73\x79\x73\x63\x74\x6c\x5f\x74\x63\x70\x5f\x73\x6c\
\x6f\x77\x5f\x73\x74\x61\x72\x74\x5f\x61\x66\x74\x65\x72\x5f\x69\x64\x6c\x65\0\
\x73\x79\x73\x63\x74\x6c\x5f\x74\x63\x70\x5f\x72\x65\x74\x72\x61\x6e\x73\x5f\
\x63\x6f\x6c\x6c\x61\x70\x73\x65\0\x73\x79\x73\x63\x74\x6c\x5f\x74\x63\x70\x5f\
\x73\x74\x64\x75\x72\x67\0\x73\x79\x73\x63\x74\x6c\x5f\x74\x63\x70\x5f\x72\x66\
\x63\x31\x33\x33\x37\0\x73\x79\x73\x63\x74\x6c\x5f\x74\x63\x70\x5f\x61\x62\x6f\
\x72\x74\x5f\x6f\x6e\x5f\x6f\x76\x65\x72\x66\x6c\x6f\x77\0\x73\x79\x73\x63\x74\
\x6c\x5f\x74\x63\x70\x5f\x66\x61\x63\x6b\0\x73\x79\x73\x63\x74\x6c\x5f\x74\x63\
\x70\x5f\x6d\x61\x78\x5f\x72\x65\x6f\x72\x64\x65\x72\x69\x6e\x67\0\x73\x79\x73\
\x63\x74\x6c\x5f\x74\x63\x70\x5f\x61\x64\x76\x5f\x77\x69\x6e\x5f\x73\x63\x61\
\x6c\x65\0\x73\x79\x73\x63\x74\x6c\x5f\x74\x63\x70\x5f\x64\x73\x61\x63\x6b\0\
\x73\x79\x73\x63\x74\x6c\x5f\x74\x63\x70\x5f\x61\x70\x70\x5f\x77\x69\x6e\0\x73\
\x79\x73\x63\x74\x6c\x5f\x74\x63\x70\x5f\x66\x72\x74\x6f\0\x73\x79\x73\x63\x74\
\x6c\x5f\x74\x63\x70\x5f\x6e\x6f\x6d\x65\x74\x72\x69\x63\x73\x5f\x73\x61\x76\
\x65\0\x73\x79\x73\x63\x74\x6c\x5f\x74\x63\x70\x5f\x6e\x6f\x5f\x73\x73\x74\x68\
\x72\x65\x73\x68\x5f\x6d\x65\x74\x72\x69\x63\x73\x5f\x73\x61\x76\x65\0\x73\x79\
\x73\x63\x74\x6c\x5f\x74\x63\x70\x5f\x6d\x6f\x64\x65\x72\x61\x74\x65\x5f\x72\
\x63\x76\x62\x75\x66\0\x73\x79\x73\x63\x74\x6c\x5f\x74\x63\x70\x5f\x74\x73\x6f\
\x5f\x77\x69\x6e\x5f\x64\x69\x76\x69\x73\x6f\x72\0\x73\x79\x73\x63\x74\x6c\x5f\
\x74\x63\x70\x5f\x77\x6f\x72\x6b\x61\x72\x6f\x75\x6e\x64\x5f\x73\x69\x67\x6e\
\x65\x64\x5f\x77\x69\x6e\x64\x6f\x77\x73\0\x73\x79\x73\x63\x74\x6c\x5f\x74\x63\
\x70\x5f\x6c\x69\x6d\x69\x74\x5f\x6f\x75\x74\x70\x75\x74\x5f\x62\x79\x74\x65\
\x73\0\x73\x79\x73\x63\x74\x6c\x5f\x74\x63\x70\x5f\x63\x68\x61\x6c\x6c\x65\x6e\
\x67\x65\x5f\x61\x63\x6b\x5f\x6c\x69\x6d\x69\x74\0\x73\x79\x73\x63\x74\x6c\x5f\
\x74\x63\x70\x5f\x6d\x69\x6e\x5f\x72\x74\x74\x5f\x77\x6c\x65\x6e\0\x73\x79\x73\
\x63\x74\x6c\x5f\x74\x63\x70\x5f\x6d\x69\x6e\x5f\x74\x73\x6f\x5f\x73\x65\x67\
\x73\0\x73\x79\x73\x63\x74\x6c\x5f\x74\x63\x70\x5f\x61\x75\x74\x6f\x63\x6f\x72\
\x6b\x69\x6e\x67\0\x73\x79\x73\x63\x74\x6c\x5f\x74\x63\x70\x5f\x72\x65\x66\x6c\
\x65\x63\x74\x5f\x74\x6f\x73\0\x73\x79\x73\x63\x74\x6c\x5f\x74\x63\x70\x5f\x63\
\x6f\x6d\x70\x5f\x73\x61\x63\x6b\x5f\x6e\x72\0\x73\x79\x73\x63\x74\x6c\x5f\x74\
\x63\x70\x5f\x69\x6e\x76\x61\x6c\x69\x64\x5f\x72\x61\x74\x65\x6c\x69\x6d\x69\
\x74\0\x73\x79\x73\x63\x74\x6c\x5f\x74\x63\x70\x5f\x70\x61\x63\x69\x6e\x67\x5f\
\x73\x73\x5f\x72\x61\x74\x69\x6f\0\x73\x79\x73\x63\x74\x6c\x5f\x74\x63\x70\x5f\
\x70\x61\x63\x69\x6e\x67\x5f\x63\x61\x5f\x72\x61\x74\x69\x6f\0\x73\x79\x73\x63\
\x74\x6c\x5f\x74\x63\x70\x5f\x77\x6d\x65\x6d\0\x73\x79\x73\x63\x74\x6c\x5f\x74\
\x63\x70\x5f\x72\x6d\x65\x6d\0\x73\x79\x73\x63\x74\x6c\x5f\x74\x63\x70\x5f\x63\
\x6f\x6d\x70\x5f\x73\x61\x63\x6b\x5f\x64\x65\x6c\x61\x79\x5f\x6e\x73\0\x73\x79\
\x73\x63\x74\x6c\x5f\x74\x63\x70\x5f\x63\x6f\x6d\x70\x5f\x73\x61\x63\x6b\x5f\
\x73\x6c\x61\x63\x6b\x5f\x6e\x73\0\x73\x79\x73\x63\x74\x6c\x5f\x6d\x61\x78\x5f\
\x73\x79\x6e\x5f\x62\x61\x63\x6b\x6c\x6f\x67\0\x73\x79\x73\x63\x74\x6c\x5f\x74\
\x63\x70\x5f\x66\x61\x73\x74\x6f\x70\x65\x6e\0\x74\x63\x70\x5f\x63\x6f\x6e\x67\
\x65\x73\x74\x69\x6f\x6e\x5f\x63\x6f\x6e\x74\x72\x6f\x6c\0\x74\x63\x70\x5f\x66\
\x61\x73\x74\x6f\x70\x65\x6e\x5f\x63\x74\x78\0\x73\x79\x73\x63\x74\x6c\x5f\x74\
\x63\x70\x5f\x66\x61\x73\x74\x6f\x70\x65\x6e\x5f\x62\x6c\x61\x63\x6b\x68\x6f\
\x6c\x65\x5f\x74\x69\x6d\x65\x6f\x75\x74\0\x74\x66\x6f\x5f\x61\x63\x74\x69\x76\
\x65\x5f\x64\x69\x73\x61\x62\x6c\x65\x5f\x74\x69\x6d\x65\x73\0\x74\x66\x6f\x5f\
\x61\x63\x74\x69\x76\x65\x5f\x64\x69\x73\x61\x62\x6c\x65\x5f\x73\x74\x61\x6d\
\x70\0\x73\x79\x73\x63\x74\x6c\x5f\x75\x64\x70\x5f\x77\x6d\x65\x6d\x5f\x6d\x69\
\x6e\0\x73\x79\x73\x63\x74\x6c\x5f\x75\x64\x70\x5f\x72\x6d\x65\x6d\x5f\x6d\x69\
\x6e\0\x73\x79\x73\x63\x74\x6c\x5f\x66\x69\x62\x5f\x6e\x6f\x74\x69\x66\x79\x5f\
\x6f\x6e\x5f\x66\x6c\x61\x67\x5f\x63\x68\x61\x6e\x67\x65\0\x73\x79\x73\x63\x74\
\x6c\x5f\x69\x67\x6d\x70\x5f\x6c\x6c\x6d\x5f\x72\x65\x70\x6f\x72\x74\x73\0\x73\
\x79\x73\x63\x74\x6c\x5f\x69\x67\x6d\x70\x5f\x6d\x61\x78\x5f\x6d\x65\x6d\x62\
\x65\x72\x73\x68\x69\x70\x73\0\x73\x79\x73\x63\x74\x6c\x5f\x69\x67\x6d\x70\x5f\
\x6d\x61\x78\x5f\x6d\x73\x66\0\x73\x79\x73\x63\x74\x6c\x5f\x69\x67\x6d\x70\x5f\
\x71\x72\x76\0\x70\x69\x6e\x67\x5f\x67\x72\x6f\x75\x70\x5f\x72\x61\x6e\x67\x65\
\0\x64\x65\x76\x5f\x61\x64\x64\x72\x5f\x67\x65\x6e\x69\x64\0\x73\x79\x73\x63\
\x74\x6c\x5f\x6c\x6f\x63\x61\x6c\x5f\x72\x65\x73\x65\x72\x76\x65\x64\x5f\x70\
\x6f\x72\x74\x73\0\x73\x79\x73\x63\x74\x6c\x5f\x69\x70\x5f\x70\x72\x6f\x74\x5f\
\x73\x6f\x63\x6b\0\x6d\x72\x74\0\x73\x79\x73\x63\x74\x6c\x5f\x66\x69\x62\x5f\
\x6d\x75\x6c\x74\x69\x70\x61\x74\x68\x5f\x68\x61\x73\x68\x5f\x66\x69\x65\x6c\
\x64\x73\0\x73\x79\x73\x63\x74\x6c\x5f\x66\x69\x62\x5f\x6d\x75\x6c\x74\x69\x70\
\x61\x74\x68\x5f\x75\x73\x65\x5f\x6e\x65\x69\x67\x68\0\x73\x79\x73\x63\x74\x6c\
\x5f\x66\x69\x62\x5f\x6d\x75\x6c\x74\x69\x70\x61\x74\x68\x5f\x68\x61\x73\x68\
\x5f\x70\x6f\x6c\x69\x63\x79\0\x6e\x6f\x74\x69\x66\x69\x65\x72\x5f\x6f\x70\x73\
\0\x66\x69\x62\x5f\x73\x65\x71\0\x69\x70\x6d\x72\x5f\x6e\x6f\x74\x69\x66\x69\
\x65\x72\x5f\x6f\x70\x73\0\x69\x70\x6d\x72\x5f\x73\x65\x71\0\x72\x74\x5f\x67\
\x65\x6e\x69\x64\0\x69\x70\x5f\x69\x64\x5f\x6b\x65\x79\0\x69\x6e\x65\x74\x5f\
\x74\x69\x6d\x65\x77\x61\x69\x74\x5f\x64\x65\x61\x74\x68\x5f\x72\x6f\x77\0\x74\
\x77\x5f\x63\x6f\x75\x6e\x74\0\x74\x77\x5f\x70\x61\x64\0\x68\x61\x73\x68\x69\
\x6e\x66\x6f\0\x73\x79\x73\x63\x74\x6c\x5f\x6d\x61\x78\x5f\x74\x77\x5f\x62\x75\
\x63\x6b\x65\x74\x73\0\x6c\x6f\x63\x61\x6c\x5f\x70\x6f\x72\x74\x73\0\x72\x61\
\x6e\x67\x65\0\x77\x61\x72\x6e\x65\x64\0\x73\x65\x71\x6c\x6f\x63\x6b\x5f\x74\0\
\x73\x69\x70\x68\x61\x73\x68\x5f\x6b\x65\x79\x5f\x74\0\x6e\x65\x74\x6e\x73\x5f\
\x69\x70\x76\x36\0\x69\x70\x36\x5f\x64\x73\x74\x5f\x6f\x70\x73\0\x73\x79\x73\
\x63\x74\x6c\0\x66\x69\x62\x36\x5f\x6e\x75\x6c\x6c\x5f\x65\x6e\x74\x72\x79\0\
\x69\x70\x36\x5f\x6e\x75\x6c\x6c\x5f\x65\x6e\x74\x72\x79\0\x72\x74\x36\x5f\x73\
\x74\x61\x74\x73\0\x69\x70\x36\x5f\x66\x69\x62\x5f\x74\x69\x6d\x65\x72\0\x66\
\x69\x62\x36\x5f\x6d\x61\x69\x6e\x5f\x74\x62\x6c\0\x66\x69\x62\x36\x5f\x77\x61\
\x6c\x6b\x65\x72\x73\0\x66\x69\x62\x36\x5f\x77\x61\x6c\x6b\x65\x72\x5f\x6c\x6f\
\x63\x6b\0\x66\x69\x62\x36\x5f\x67\x63\x5f\x6c\x6f\x63\x6b\0\x69\x70\x36\x5f\
\x72\x74\x5f\x67\x63\x5f\x65\x78\x70\x69\x72\x65\0\x69\x70\x36\x5f\x72\x74\x5f\
\x6c\x61\x73\x74\x5f\x67\x63\0\x66\x6c\x6f\x77\x6c\x61\x62\x65\x6c\x5f\x68\x61\
\x73\x5f\x65\x78\x63\x6c\0\x66\x69\x62\x36\x5f\x68\x61\x73\x5f\x63\x75\x73\x74\
\x6f\x6d\x5f\x72\x75\x6c\x65\x73\0\x66\x69\x62\x36\x5f\x72\x75\x6c\x65\x73\x5f\
\x72\x65\x71\x75\x69\x72\x65\x5f\x66\x6c\x64\x69\x73\x73\x65\x63\x74\0\x69\x70\
\x36\x5f\x70\x72\x6f\x68\x69\x62\x69\x74\x5f\x65\x6e\x74\x72\x79\0\x69\x70\x36\
\x5f\x62\x6c\x6b\x5f\x68\x6f\x6c\x65\x5f\x65\x6e\x74\x72\x79\0\x66\x69\x62\x36\
\x5f\x6c\x6f\x63\x61\x6c\x5f\x74\x62\x6c\0\x66\x69\x62\x36\x5f\x72\x75\x6c\x65\
\x73\x5f\x6f\x70\x73\0\x6e\x64\x69\x73\x63\x5f\x73\x6b\0\x74\x63\x70\x5f\x73\
\x6b\0\x69\x67\x6d\x70\x5f\x73\x6b\0\x66\x69\x62\x36\x5f\x73\x65\x72\x6e\x75\
\x6d\0\x73\x65\x67\x36\x5f\x64\x61\x74\x61\0\x69\x70\x36\x6d\x72\x5f\x6e\x6f\
\x74\x69\x66\x69\x65\x72\x5f\x6f\x70\x73\0\x69\x70\x36\x61\x64\x64\x72\x6c\x62\
\x6c\x5f\x74\x61\x62\x6c\x65\0\x69\x6f\x61\x6d\x36\x5f\x64\x61\x74\x61\0\x64\
\x73\x74\x5f\x6f\x70\x73\0\x67\x63\x5f\x74\x68\x72\x65\x73\x68\0\x67\x63\0\x63\
\x68\x65\x63\x6b\0\x64\x65\x66\x61\x75\x6c\x74\x5f\x61\x64\x76\x6d\x73\x73\0\
\x6d\x74\x75\0\x63\x6f\x77\x5f\x6d\x65\x74\x72\x69\x63\x73\0\x69\x66\x64\x6f\
\x77\x6e\0\x6e\x65\x67\x61\x74\x69\x76\x65\x5f\x61\x64\x76\x69\x63\x65\0\x6c\
\x69\x6e\x6b\x5f\x66\x61\x69\x6c\x75\x72\x65\0\x75\x70\x64\x61\x74\x65\x5f\x70\
\x6d\x74\x75\0\x72\x65\x64\x69\x72\x65\x63\x74\0\x6c\x6f\x63\x61\x6c\x5f\x6f\
\x75\x74\0\x6e\x65\x69\x67\x68\x5f\x6c\x6f\x6f\x6b\x75\x70\0\x63\x6f\x6e\x66\
\x69\x72\x6d\x5f\x6e\x65\x69\x67\x68\0\x6b\x6d\x65\x6d\x5f\x63\x61\x63\x68\x65\
\x70\0\x70\x63\x70\x75\x63\x5f\x65\x6e\x74\x72\x69\x65\x73\0\x6e\x65\x74\x5f\
\x64\x65\x76\x69\x63\x65\0\x6e\x61\x6d\x65\0\x6e\x61\x6d\x65\x5f\x6e\x6f\x64\
\x65\0\x69\x66\x61\x6c\x69\x61\x73\0\x6d\x65\x6d\x5f\x65\x6e\x64\0\x6d\x65\x6d\
\x5f\x73\x74\x61\x72\x74\0\x62\x61\x73\x65\x5f\x61\x64\x64\x72\0\x64\x65\x76\
\x5f\x6c\x69\x73\x74\0\x6e\x61\x70\x69\x5f\x6c\x69\x73\x74\0\x75\x6e\x72\x65\
\x67\x5f\x6c\x69\x73\x74\0\x63\x6c\x6f\x73\x65\x5f\x6c\x69\x73\x74\0\x70\x74\
\x79\x70\x65\x5f\x61\x6c\x6c\0\x70\x74\x79\x70\x65\x5f\x73\x70\x65\x63\x69\x66\
\x69\x63\0\x61\x64\x6a\x5f\x6c\x69\x73\x74\0\x70\x72\x69\x76\x5f\x66\x6c\x61\
\x67\x73\0\x6e\x65\x74\x64\x65\x76\x5f\x6f\x70\x73\0\x67\x66\x6c\x61\x67\x73\0\
\x68\x61\x72\x64\x5f\x68\x65\x61\x64\x65\x72\x5f\x6c\x65\x6e\0\x6e\x65\x65\x64\
\x65\x64\x5f\x68\x65\x61\x64\x72\x6f\x6f\x6d\0\x6e\x65\x65\x64\x65\x64\x5f\x74\
\x61\x69\x6c\x72\x6f\x6f\x6d\0\x66\x65\x61\x74\x75\x72\x65\x73\0\x68\x77\x5f\
\x66\x65\x61\x74\x75\x72\x65\x73\0\x77\x61\x6e\x74\x65\x64\x5f\x66\x65\x61\x74\
\x75\x72\x65\x73\0\x76\x6c\x61\x6e\x5f\x66\x65\x61\x74\x75\x72\x65\x73\0\x68\
\x77\x5f\x65\x6e\x63\x5f\x66\x65\x61\x74\x75\x72\x65\x73\0\x6d\x70\x6c\x73\x5f\
\x66\x65\x61\x74\x75\x72\x65\x73\0\x67\x73\x6f\x5f\x70\x61\x72\x74\x69\x61\x6c\
\x5f\x66\x65\x61\x74\x75\x72\x65\x73\0\x6d\x69\x6e\x5f\x6d\x74\x75\0\x6d\x61\
\x78\x5f\x6d\x74\x75\0\x6d\x69\x6e\x5f\x68\x65\x61\x64\x65\x72\x5f\x6c\x65\x6e\
\0\x6e\x61\x6d\x65\x5f\x61\x73\x73\x69\x67\x6e\x5f\x74\x79\x70\x65\0\x67\x72\
\x6f\x75\x70\0\x72\x78\x5f\x64\x72\x6f\x70\x70\x65\x64\0\x74\x78\x5f\x64\x72\
\x6f\x70\x70\x65\x64\0\x72\x78\x5f\x6e\x6f\x68\x61\x6e\x64\x6c\x65\x72\0\x63\
\x61\x72\x72\x69\x65\x72\x5f\x75\x70\x5f\x63\x6f\x75\x6e\x74\0\x63\x61\x72\x72\
\x69\x65\x72\x5f\x64\x6f\x77\x6e\x5f\x63\x6f\x75\x6e\x74\0\x65\x74\x68\x74\x6f\
\x6f\x6c\x5f\x6f\x70\x73\0\x6e\x64\x69\x73\x63\x5f\x6f\x70\x73\0\x68\x65\x61\
\x64\x65\x72\x5f\x6f\x70\x73\0\x6f\x70\x65\x72\x73\x74\x61\x74\x65\0\x6c\x69\
\x6e\x6b\x5f\x6d\x6f\x64\x65\0\x69\x66\x5f\x70\x6f\x72\x74\0\x64\x6d\x61\0\x70\
\x65\x72\x6d\x5f\x61\x64\x64\x72\0\x61\x64\x64\x72\x5f\x61\x73\x73\x69\x67\x6e\
\x5f\x74\x79\x70\x65\0\x61\x64\x64\x72\x5f\x6c\x65\x6e\0\x75\x70\x70\x65\x72\
\x5f\x6c\x65\x76\x65\x6c\0\x6c\x6f\x77\x65\x72\x5f\x6c\x65\x76\x65\x6c\0\x6e\
\x65\x69\x67\x68\x5f\x70\x72\x69\x76\x5f\x6c\x65\x6e\0\x64\x65\x76\x5f\x69\x64\
\0\x64\x65\x76\x5f\x70\x6f\x72\x74\0\x70\x61\x64\x64\x65\x64\0\x61\x64\x64\x72\
\x5f\x6c\x69\x73\x74\x5f\x6c\x6f\x63\x6b\0\x69\x72\x71\0\x75\x63\0\x6d\x63\0\
\x64\x65\x76\x5f\x61\x64\x64\x72\x73\0\x71\x75\x65\x75\x65\x73\x5f\x6b\x73\x65\
\x74\0\x70\x72\x6f\x6d\x69\x73\x63\x75\x69\x74\x79\0\x61\x6c\x6c\x6d\x75\x6c\
\x74\x69\0\x75\x63\x5f\x70\x72\x6f\x6d\x69\x73\x63\0\x76\x6c\x61\x6e\x5f\x69\
\x6e\x66\x6f\0\x69\x70\x5f\x70\x74\x72\0\x69\x70\x36\x5f\x70\x74\x72\0\x69\x65\
\x65\x65\x38\x30\x32\x31\x31\x5f\x70\x74\x72\0\x69\x65\x65\x65\x38\x30\x32\x31\
\x35\x34\x5f\x70\x74\x72\0\x64\x65\x76\x5f\x61\x64\x64\x72\0\x5f\x72\x78\0\x6e\
\x75\x6d\x5f\x72\x78\x5f\x71\x75\x65\x75\x65\x73\0\x72\x65\x61\x6c\x5f\x6e\x75\
\x6d\x5f\x72\x78\x5f\x71\x75\x65\x75\x65\x73\0\x78\x64\x70\x5f\x70\x72\x6f\x67\
\0\x67\x72\x6f\x5f\x66\x6c\x75\x73\x68\x5f\x74\x69\x6d\x65\x6f\x75\x74\0\x6e\
\x61\x70\x69\x5f\x64\x65\x66\x65\x72\x5f\x68\x61\x72\x64\x5f\x69\x72\x71\x73\0\
\x72\x78\x5f\x68\x61\x6e\x64\x6c\x65\x72\0\x72\x78\x5f\x68\x61\x6e\x64\x6c\x65\
\x72\x5f\x64\x61\x74\x61\0\x6d\x69\x6e\x69\x71\x5f\x69\x6e\x67\x72\x65\x73\x73\
\0\x69\x6e\x67\x72\x65\x73\x73\x5f\x71\x75\x65\x75\x65\0\x6e\x66\x5f\x68\x6f\
\x6f\x6b\x73\x5f\x69\x6e\x67\x72\x65\x73\x73\0\x62\x72\x6f\x61\x64\x63\x61\x73\
\x74\0\x72\x78\x5f\x63\x70\x75\x5f\x72\x6d\x61\x70\0\x69\x6e\x64\x65\x78\x5f\
\x68\x6c\x69\x73\x74\0\x5f\x74\x78\0\x6e\x75\x6d\x5f\x74\x78\x5f\x71\x75\x65\
\x75\x65\x73\0\x72\x65\x61\x6c\x5f\x6e\x75\x6d\x5f\x74\x78\x5f\x71\x75\x65\x75\
\x65\x73\0\x71\x64\x69\x73\x63\0\x74\x78\x5f\x71\x75\x65\x75\x65\x5f\x6c\x65\
\x6e\0\x74\x78\x5f\x67\x6c\x6f\x62\x61\x6c\x5f\x6c\x6f\x63\x6b\0\x78\x64\x70\
\x5f\x62\x75\x6c\x6b\x71\0\x78\x70\x73\x5f\x6d\x61\x70\x73\0\x6d\x69\x6e\x69\
\x71\x5f\x65\x67\x72\x65\x73\x73\0\x71\x64\x69\x73\x63\x5f\x68\x61\x73\x68\0\
\x77\x61\x74\x63\x68\x64\x6f\x67\x5f\x74\x69\x6d\x65\x72\0\x77\x61\x74\x63\x68\
\x64\x6f\x67\x5f\x74\x69\x6d\x65\x6f\0\x70\x72\x6f\x74\x6f\x5f\x64\x6f\x77\x6e\
\x5f\x72\x65\x61\x73\x6f\x6e\0\x74\x6f\x64\x6f\x5f\x6c\x69\x73\x74\0\x70\x63\
\x70\x75\x5f\x72\x65\x66\x63\x6e\x74\0\x6c\x69\x6e\x6b\x5f\x77\x61\x74\x63\x68\
\x5f\x6c\x69\x73\x74\0\x72\x65\x67\x5f\x73\x74\x61\x74\x65\0\x64\x69\x73\x6d\
\x61\x6e\x74\x6c\x65\0\x72\x74\x6e\x6c\x5f\x6c\x69\x6e\x6b\x5f\x73\x74\x61\x74\
\x65\0\x6e\x65\x65\x64\x73\x5f\x66\x72\x65\x65\x5f\x6e\x65\x74\x64\x65\x76\0\
\x70\x72\x69\x76\x5f\x64\x65\x73\x74\x72\x75\x63\x74\x6f\x72\0\x6e\x64\x5f\x6e\
\x65\x74\0\x6d\x6c\x5f\x70\x72\x69\x76\0\x6d\x6c\x5f\x70\x72\x69\x76\x5f\x74\
\x79\x70\x65\0\x73\x79\x73\x66\x73\x5f\x67\x72\x6f\x75\x70\x73\0\x73\x79\x73\
\x66\x73\x5f\x72\x78\x5f\x71\x75\x65\x75\x65\x5f\x67\x72\x6f\x75\x70\0\x72\x74\
\x6e\x6c\x5f\x6c\x69\x6e\x6b\x5f\x6f\x70\x73\0\x67\x73\x6f\x5f\x6d\x61\x78\x5f\
\x73\x69\x7a\x65\0\x67\x73\x6f\x5f\x6d\x61\x78\x5f\x73\x65\x67\x73\0\x6e\x75\
\x6d\x5f\x74\x63\0\x74\x63\x5f\x74\x6f\x5f\x74\x78\x71\0\x70\x72\x69\x6f\x5f\
\x74\x63\x5f\x6d\x61\x70\0\x70\x68\x79\x64\x65\x76\0\x73\x66\x70\x5f\x62\x75\
\x73\0\x71\x64\x69\x73\x63\x5f\x74\x78\x5f\x62\x75\x73\x79\x6c\x6f\x63\x6b\0\
\x71\x64\x69\x73\x63\x5f\x72\x75\x6e\x6e\x69\x6e\x67\x5f\x6b\x65\x79\0\x70\x72\
\x6f\x74\x6f\x5f\x64\x6f\x77\x6e\0\x77\x6f\x6c\x5f\x65\x6e\x61\x62\x6c\x65\x64\
\0\x74\x68\x72\x65\x61\x64\x65\x64\0\x6e\x65\x74\x5f\x6e\x6f\x74\x69\x66\x69\
\x65\x72\x5f\x6c\x69\x73\x74\0\x75\x64\x70\x5f\x74\x75\x6e\x6e\x65\x6c\x5f\x6e\
\x69\x63\x5f\x69\x6e\x66\x6f\0\x75\x64\x70\x5f\x74\x75\x6e\x6e\x65\x6c\x5f\x6e\
\x69\x63\0\x78\x64\x70\x5f\x73\x74\x61\x74\x65\0\x75\x70\x70\x65\x72\0\x6c\x6f\
\x77\x65\x72\0\x6e\x65\x74\x5f\x64\x65\x76\x69\x63\x65\x5f\x73\x74\x61\x74\x73\
\0\x72\x78\x5f\x70\x61\x63\x6b\x65\x74\x73\0\x5f\x5f\x72\x78\x5f\x70\x61\x63\
\x6b\x65\x74\x73\0\x74\x78\x5f\x70\x61\x63\x6b\x65\x74\x73\0\x5f\x5f\x74\x78\
\x5f\x70\x61\x63\x6b\x65\x74\x73\0\x5f\x5f\x72\x78\x5f\x62\x79\x74\x65\x73\0\
\x5f\x5f\x74\x78\x5f\x62\x79\x74\x65\x73\0\x72\x78\x5f\x65\x72\x72\x6f\x72\x73\
\0\x5f\x5f\x72\x78\x5f\x65\x72\x72\x6f\x72\x73\0\x74\x78\x5f\x65\x72\x72\x6f\
\x72\x73\0\x5f\x5f\x74\x78\x5f\x65\x72\x72\x6f\x72\x73\0\x5f\x5f\x72\x78\x5f\
\x64\x72\x6f\x70\x70\x65\x64\0\x5f\x5f\x74\x78\x5f\x64\x72\x6f\x70\x70\x65\x64\
\0\x6d\x75\x6c\x74\x69\x63\x61\x73\x74\0\x5f\x5f\x6d\x75\x6c\x74\x69\x63\x61\
\x73\x74\0\x63\x6f\x6c\x6c\x69\x73\x69\x6f\x6e\x73\0\x5f\x5f\x63\x6f\x6c\x6c\
\x69\x73\x69\x6f\x6e\x73\0\x72\x78\x5f\x6c\x65\x6e\x67\x74\x68\x5f\x65\x72\x72\
\x6f\x72\x73\0\x5f\x5f\x72\x78\x5f\x6c\x65\x6e\x67\x74\x68\x5f\x65\x72\x72\x6f\
\x72\x73\0\x72\x78\x5f\x6f\x76\x65\x72\x5f\x65\x72\x72\x6f\x72\x73\0\x5f\x5f\
\x72\x78\x5f\x6f\x76\x65\x72\x5f\x65\x72\x72\x6f\x72\x73\0\x72\x78\x5f\x63\x72\
\x63\x5f\x65\x72\x72\x6f\x72\x73\0\x5f\x5f\x72\x78\x5f\x63\x72\x63\x5f\x65\x72\
\x72\x6f\x72\x73\0\x72\x78\x5f\x66\x72\x61\x6d\x65\x5f\x65\x72\x72\x6f\x72\x73\
\0\x5f\x5f\x72\x78\x5f\x66\x72\x61\x6d\x65\x5f\x65\x72\x72\x6f\x72\x73\0\x72\
\x78\x5f\x66\x69\x66\x6f\x5f\x65\x72\x72\x6f\x72\x73\0\x5f\x5f\x72\x78\x5f\x66\
\x69\x66\x6f\x5f\x65\x72\x72\x6f\x72\x73\0\x72\x78\x5f\x6d\x69\x73\x73\x65\x64\
\x5f\x65\x72\x72\x6f\x72\x73\0\x5f\x5f\x72\x78\x5f\x6d\x69\x73\x73\x65\x64\x5f\
\x65\x72\x72\x6f\x72\x73\0\x74\x78\x5f\x61\x62\x6f\x72\x74\x65\x64\x5f\x65\x72\
\x72\x6f\x72\x73\0\x5f\x5f\x74\x78\x5f\x61\x62\x6f\x72\x74\x65\x64\x5f\x65\x72\
\x72\x6f\x72\x73\0\x74\x78\x5f\x63\x61\x72\x72\x69\x65\x72\x5f\x65\x72\x72\x6f\
\x72\x73\0\x5f\x5f\x74\x78\x5f\x63\x61\x72\x72\x69\x65\x72\x5f\x65\x72\x72\x6f\
\x72\x73\0\x74\x78\x5f\x66\x69\x66\x6f\x5f\x65\x72\x72\x6f\x72\x73\0\x5f\x5f\
\x74\x78\x5f\x66\x69\x66\x6f\x5f\x65\x72\x72\x6f\x72\x73\0\x74\x78\x5f\x68\x65\
\x61\x72\x74\x62\x65\x61\x74\x5f\x65\x72\x72\x6f\x72\x73\0\x5f\x5f\x74\x78\x5f\
\x68\x65\x61\x72\x74\x62\x65\x61\x74\x5f\x65\x72\x72\x6f\x72\x73\0\x74\x78\x5f\
\x77\x69\x6e\x64\x6f\x77\x5f\x65\x72\x72\x6f\x72\x73\0\x5f\x5f\x74\x78\x5f\x77\
\x69\x6e\x64\x6f\x77\x5f\x65\x72\x72\x6f\x72\x73\0\x72\x78\x5f\x63\x6f\x6d\x70\
\x72\x65\x73\x73\x65\x64\0\x5f\x5f\x72\x78\x5f\x63\x6f\x6d\x70\x72\x65\x73\x73\
\x65\x64\0\x74\x78\x5f\x63\x6f\x6d\x70\x72\x65\x73\x73\x65\x64\0\x5f\x5f\x74\
\x78\x5f\x63\x6f\x6d\x70\x72\x65\x73\x73\x65\x64\0\x6e\x65\x74\x64\x65\x76\x5f\
\x68\x77\x5f\x61\x64\x64\x72\x5f\x6c\x69\x73\x74\0\x72\x78\x5f\x68\x61\x6e\x64\
\x6c\x65\x72\x5f\x66\x75\x6e\x63\x5f\x74\0\x72\x78\x5f\x68\x61\x6e\x64\x6c\x65\
\x72\x5f\x72\x65\x73\x75\x6c\x74\x5f\x74\0\x72\x78\x5f\x68\x61\x6e\x64\x6c\x65\
\x72\x5f\x72\x65\x73\x75\x6c\x74\0\x52\x58\x5f\x48\x41\x4e\x44\x4c\x45\x52\x5f\
\x43\x4f\x4e\x53\x55\x4d\x45\x44\0\x52\x58\x5f\x48\x41\x4e\x44\x4c\x45\x52\x5f\
\x41\x4e\x4f\x54\x48\x45\x52\0\x52\x58\x5f\x48\x41\x4e\x44\x4c\x45\x52\x5f\x45\
\x58\x41\x43\x54\0\x52\x58\x5f\x48\x41\x4e\x44\x4c\x45\x52\x5f\x50\x41\x53\x53\
\0\x78\x70\x73\x5f\x64\x65\x76\x5f\x6d\x61\x70\x73\0\x6e\x72\x5f\x69\x64\x73\0\
\x61\x74\x74\x72\x5f\x6d\x61\x70\0\x73\x31\x36\0\x5f\x5f\x73\x31\x36\0\x78\x70\
\x73\x5f\x6d\x61\x70\0\x61\x6c\x6c\x6f\x63\x5f\x6c\x65\x6e\0\x71\x75\x65\x75\
\x65\x73\0\x4e\x45\x54\x52\x45\x47\x5f\x55\x4e\x49\x4e\x49\x54\x49\x41\x4c\x49\
\x5a\x45\x44\0\x4e\x45\x54\x52\x45\x47\x5f\x52\x45\x47\x49\x53\x54\x45\x52\x45\
\x44\0\x4e\x45\x54\x52\x45\x47\x5f\x55\x4e\x52\x45\x47\x49\x53\x54\x45\x52\x49\
\x4e\x47\0\x4e\x45\x54\x52\x45\x47\x5f\x55\x4e\x52\x45\x47\x49\x53\x54\x45\x52\
\x45\x44\0\x4e\x45\x54\x52\x45\x47\x5f\x52\x45\x4c\x45\x41\x53\x45\x44\0\x4e\
\x45\x54\x52\x45\x47\x5f\x44\x55\x4d\x4d\x59\0\x52\x54\x4e\x4c\x5f\x4c\x49\x4e\
\x4b\x5f\x49\x4e\x49\x54\x49\x41\x4c\x49\x5a\x45\x44\0\x52\x54\x4e\x4c\x5f\x4c\
\x49\x4e\x4b\x5f\x49\x4e\x49\x54\x49\x41\x4c\x49\x5a\x49\x4e\x47\0\x6e\x65\x74\
\x64\x65\x76\x5f\x6d\x6c\x5f\x70\x72\x69\x76\x5f\x74\x79\x70\x65\0\x4d\x4c\x5f\
\x50\x52\x49\x56\x5f\x4e\x4f\x4e\x45\0\x4d\x4c\x5f\x50\x52\x49\x56\x5f\x43\x41\
\x4e\0\x6c\x73\x74\x61\x74\x73\0\x74\x73\x74\x61\x74\x73\0\x64\x73\x74\x61\x74\
\x73\0\x70\x63\x70\x75\x5f\x64\x73\x74\x61\x74\x73\0\x64\x65\x76\x69\x63\x65\0\
\x6b\x6f\x62\x6a\0\x70\0\x69\x6e\x69\x74\x5f\x6e\x61\x6d\x65\0\x62\x75\x73\0\
\x64\x72\x69\x76\x65\x72\0\x70\x6c\x61\x74\x66\x6f\x72\x6d\x5f\x64\x61\x74\x61\
\0\x64\x72\x69\x76\x65\x72\x5f\x64\x61\x74\x61\0\x6c\x69\x6e\x6b\x73\0\x70\x6f\
\x77\x65\x72\0\x70\x6d\x5f\x64\x6f\x6d\x61\x69\x6e\0\x65\x6d\x5f\x70\x64\0\x6d\
\x73\x69\x5f\x64\x6f\x6d\x61\x69\x6e\0\x70\x69\x6e\x73\0\x6d\x73\x69\x5f\x6c\
\x6f\x63\x6b\0\x6d\x73\x69\x5f\x6c\x69\x73\x74\0\x64\x6d\x61\x5f\x6f\x70\x73\0\
\x64\x6d\x61\x5f\x6d\x61\x73\x6b\0\x63\x6f\x68\x65\x72\x65\x6e\x74\x5f\x64\x6d\
\x61\x5f\x6d\x61\x73\x6b\0\x62\x75\x73\x5f\x64\x6d\x61\x5f\x6c\x69\x6d\x69\x74\
\0\x64\x6d\x61\x5f\x72\x61\x6e\x67\x65\x5f\x6d\x61\x70\0\x64\x6d\x61\x5f\x70\
\x61\x72\x6d\x73\0\x64\x6d\x61\x5f\x70\x6f\x6f\x6c\x73\0\x64\x6d\x61\x5f\x6d\
\x65\x6d\0\x64\x6d\x61\x5f\x69\x6f\x5f\x74\x6c\x62\x5f\x6d\x65\x6d\0\x61\x72\
\x63\x68\x64\x61\x74\x61\0\x6f\x66\x5f\x6e\x6f\x64\x65\0\x66\x77\x6e\x6f\x64\
\x65\0\x64\x65\x76\x74\0\x64\x65\x76\x72\x65\x73\x5f\x6c\x6f\x63\x6b\0\x64\x65\
\x76\x72\x65\x73\x5f\x68\x65\x61\x64\0\x63\x6c\x61\x73\x73\0\x67\x72\x6f\x75\
\x70\x73\0\x72\x65\x6c\x65\x61\x73\x65\0\x69\x6f\x6d\x6d\x75\x5f\x67\x72\x6f\
\x75\x70\0\x69\x6f\x6d\x6d\x75\0\x70\x68\x79\x73\x69\x63\x61\x6c\x5f\x6c\x6f\
\x63\x61\x74\x69\x6f\x6e\0\x72\x65\x6d\x6f\x76\x61\x62\x6c\x65\0\x63\x6f\x72\
\x65\x64\x75\x6d\x70\x5f\x64\x69\x73\x61\x62\x6c\x65\x64\0\x6f\x66\x66\x6c\x69\
\x6e\x65\x5f\x64\x69\x73\x61\x62\x6c\x65\x64\0\x6f\x66\x66\x6c\x69\x6e\x65\0\
\x6f\x66\x5f\x6e\x6f\x64\x65\x5f\x72\x65\x75\x73\x65\x64\0\x73\x74\x61\x74\x65\
\x5f\x73\x79\x6e\x63\x65\x64\0\x63\x61\x6e\x5f\x6d\x61\x74\x63\x68\0\x64\x6d\
\x61\x5f\x63\x6f\x68\x65\x72\x65\x6e\x74\0\x6b\x6f\x62\x6a\x65\x63\x74\0\x6b\
\x73\x65\x74\0\x6b\x74\x79\x70\x65\0\x73\x64\0\x6b\x72\x65\x66\0\x73\x74\x61\
\x74\x65\x5f\x69\x6e\x69\x74\x69\x61\x6c\x69\x7a\x65\x64\0\x73\x74\x61\x74\x65\
\x5f\x69\x6e\x5f\x73\x79\x73\x66\x73\0\x73\x74\x61\x74\x65\x5f\x61\x64\x64\x5f\
\x75\x65\x76\x65\x6e\x74\x5f\x73\x65\x6e\x74\0\x73\x74\x61\x74\x65\x5f\x72\x65\
\x6d\x6f\x76\x65\x5f\x75\x65\x76\x65\x6e\x74\x5f\x73\x65\x6e\x74\0\x75\x65\x76\
\x65\x6e\x74\x5f\x73\x75\x70\x70\x72\x65\x73\x73\0\x64\x65\x76\x5f\x6c\x69\x6e\
\x6b\x73\x5f\x69\x6e\x66\x6f\0\x73\x75\x70\x70\x6c\x69\x65\x72\x73\0\x63\x6f\
\x6e\x73\x75\x6d\x65\x72\x73\0\x64\x65\x66\x65\x72\x5f\x73\x79\x6e\x63\0\x73\
\x74\x61\x74\x75\x73\0\x64\x6c\x5f\x64\x65\x76\x5f\x73\x74\x61\x74\x65\0\x44\
\x4c\x5f\x44\x45\x56\x5f\x4e\x4f\x5f\x44\x52\x49\x56\x45\x52\0\x44\x4c\x5f\x44\
\x45\x56\x5f\x50\x52\x4f\x42\x49\x4e\x47\0\x44\x4c\x5f\x44\x45\x56\x5f\x44\x52\
\x49\x56\x45\x52\x5f\x42\x4f\x55\x4e\x44\0\x44\x4c\x5f\x44\x45\x56\x5f\x55\x4e\
\x42\x49\x4e\x44\x49\x4e\x47\0\x64\x65\x76\x5f\x70\x6d\x5f\x69\x6e\x66\x6f\0\
\x70\x6f\x77\x65\x72\x5f\x73\x74\x61\x74\x65\0\x63\x61\x6e\x5f\x77\x61\x6b\x65\
\x75\x70\0\x61\x73\x79\x6e\x63\x5f\x73\x75\x73\x70\x65\x6e\x64\0\x69\x6e\x5f\
\x64\x70\x6d\x5f\x6c\x69\x73\x74\0\x69\x73\x5f\x70\x72\x65\x70\x61\x72\x65\x64\
\0\x69\x73\x5f\x73\x75\x73\x70\x65\x6e\x64\x65\x64\0\x69\x73\x5f\x6e\x6f\x69\
\x72\x71\x5f\x73\x75\x73\x70\x65\x6e\x64\x65\x64\0\x69\x73\x5f\x6c\x61\x74\x65\
\x5f\x73\x75\x73\x70\x65\x6e\x64\x65\x64\0\x6e\x6f\x5f\x70\x6d\0\x65\x61\x72\
\x6c\x79\x5f\x69\x6e\x69\x74\0\x64\x69\x72\x65\x63\x74\x5f\x63\x6f\x6d\x70\x6c\
\x65\x74\x65\0\x64\x72\x69\x76\x65\x72\x5f\x66\x6c\x61\x67\x73\0\x63\x6f\x6d\
\x70\x6c\x65\x74\x69\x6f\x6e\0\x77\x61\x6b\x65\x75\x70\0\x77\x61\x6b\x65\x75\
\x70\x5f\x70\x61\x74\x68\0\x73\x79\x73\x63\x6f\x72\x65\0\x6e\x6f\x5f\x70\x6d\
\x5f\x63\x61\x6c\x6c\x62\x61\x63\x6b\x73\0\x6d\x75\x73\x74\x5f\x72\x65\x73\x75\
\x6d\x65\0\x6d\x61\x79\x5f\x73\x6b\x69\x70\x5f\x72\x65\x73\x75\x6d\x65\0\x73\
\x75\x73\x70\x65\x6e\x64\x5f\x74\x69\x6d\x65\x72\0\x74\x69\x6d\x65\x72\x5f\x65\
\x78\x70\x69\x72\x65\x73\0\x77\x6f\x72\x6b\0\x77\x61\x69\x74\x5f\x71\x75\x65\
\x75\x65\0\x77\x61\x6b\x65\x69\x72\x71\0\x75\x73\x61\x67\x65\x5f\x63\x6f\x75\
\x6e\x74\0\x64\x69\x73\x61\x62\x6c\x65\x5f\x64\x65\x70\x74\x68\0\x69\x64\x6c\
\x65\x5f\x6e\x6f\x74\x69\x66\x69\x63\x61\x74\x69\x6f\x6e\0\x72\x65\x71\x75\x65\
\x73\x74\x5f\x70\x65\x6e\x64\x69\x6e\x67\0\x64\x65\x66\x65\x72\x72\x65\x64\x5f\
\x72\x65\x73\x75\x6d\x65\0\x6e\x65\x65\x64\x73\x5f\x66\x6f\x72\x63\x65\x5f\x72\
\x65\x73\x75\x6d\x65\0\x72\x75\x6e\x74\x69\x6d\x65\x5f\x61\x75\x74\x6f\0\x69\
\x67\x6e\x6f\x72\x65\x5f\x63\x68\x69\x6c\x64\x72\x65\x6e\0\x6e\x6f\x5f\x63\x61\
\x6c\x6c\x62\x61\x63\x6b\x73\0\x69\x72\x71\x5f\x73\x61\x66\x65\0\x75\x73\x65\
\x5f\x61\x75\x74\x6f\x73\x75\x73\x70\x65\x6e\x64\0\x74\x69\x6d\x65\x72\x5f\x61\
\x75\x74\x6f\x73\x75\x73\x70\x65\x6e\x64\x73\0\x6d\x65\x6d\x61\x6c\x6c\x6f\x63\
\x5f\x6e\x6f\x69\x6f\0\x6c\x69\x6e\x6b\x73\x5f\x63\x6f\x75\x6e\x74\0\x72\x65\
\x71\x75\x65\x73\x74\0\x72\x75\x6e\x74\x69\x6d\x65\x5f\x73\x74\x61\x74\x75\x73\
\0\x72\x75\x6e\x74\x69\x6d\x65\x5f\x65\x72\x72\x6f\x72\0\x61\x75\x74\x6f\x73\
\x75\x73\x70\x65\x6e\x64\x5f\x64\x65\x6c\x61\x79\0\x6c\x61\x73\x74\x5f\x62\x75\
\x73\x79\0\x61\x63\x74\x69\x76\x65\x5f\x74\x69\x6d\x65\0\x73\x75\x73\x70\x65\
\x6e\x64\x65\x64\x5f\x74\x69\x6d\x65\0\x61\x63\x63\x6f\x75\x6e\x74\x69\x6e\x67\
\x5f\x74\x69\x6d\x65\x73\x74\x61\x6d\x70\0\x73\x75\x62\x73\x79\x73\x5f\x64\x61\
\x74\x61\0\x73\x65\x74\x5f\x6c\x61\x74\x65\x6e\x63\x79\x5f\x74\x6f\x6c\x65\x72\
\x61\x6e\x63\x65\0\x71\x6f\x73\0\x70\x6d\x5f\x6d\x65\x73\x73\x61\x67\x65\x5f\
\x74\0\x70\x6d\x5f\x6d\x65\x73\x73\x61\x67\x65\0\x65\x76\x65\x6e\x74\0\x64\x6f\
\x6e\x65\0\x73\x77\x61\x69\x74\x5f\x71\x75\x65\x75\x65\x5f\x68\x65\x61\x64\0\
\x74\x61\x73\x6b\x5f\x6c\x69\x73\x74\0\x72\x70\x6d\x5f\x72\x65\x71\x75\x65\x73\
\x74\0\x52\x50\x4d\x5f\x52\x45\x51\x5f\x4e\x4f\x4e\x45\0\x52\x50\x4d\x5f\x52\
\x45\x51\x5f\x49\x44\x4c\x45\0\x52\x50\x4d\x5f\x52\x45\x51\x5f\x53\x55\x53\x50\
\x45\x4e\x44\0\x52\x50\x4d\x5f\x52\x45\x51\x5f\x41\x55\x54\x4f\x53\x55\x53\x50\
\x45\x4e\x44\0\x52\x50\x4d\x5f\x52\x45\x51\x5f\x52\x45\x53\x55\x4d\x45\0\x72\
\x70\x6d\x5f\x73\x74\x61\x74\x75\x73\0\x52\x50\x4d\x5f\x41\x43\x54\x49\x56\x45\
\0\x52\x50\x4d\x5f\x52\x45\x53\x55\x4d\x49\x4e\x47\0\x52\x50\x4d\x5f\x53\x55\
\x53\x50\x45\x4e\x44\x45\x44\0\x52\x50\x4d\x5f\x53\x55\x53\x50\x45\x4e\x44\x49\
\x4e\x47\0\x64\x65\x76\x5f\x61\x72\x63\x68\x64\x61\x74\x61\0\x64\x65\x76\x5f\
\x74\0\x5f\x5f\x6b\x65\x72\x6e\x65\x6c\x5f\x64\x65\x76\x5f\x74\0\x64\x65\x76\
\x69\x63\x65\x5f\x72\x65\x6d\x6f\x76\x61\x62\x6c\x65\0\x44\x45\x56\x49\x43\x45\
\x5f\x52\x45\x4d\x4f\x56\x41\x42\x4c\x45\x5f\x4e\x4f\x54\x5f\x53\x55\x50\x50\
\x4f\x52\x54\x45\x44\0\x44\x45\x56\x49\x43\x45\x5f\x52\x45\x4d\x4f\x56\x41\x42\
\x4c\x45\x5f\x55\x4e\x4b\x4e\x4f\x57\x4e\0\x44\x45\x56\x49\x43\x45\x5f\x46\x49\
\x58\x45\x44\0\x44\x45\x56\x49\x43\x45\x5f\x52\x45\x4d\x4f\x56\x41\x42\x4c\x45\
\0\x61\x74\x74\x72\x69\x62\x75\x74\x65\x5f\x67\x72\x6f\x75\x70\0\x69\x73\x5f\
\x76\x69\x73\x69\x62\x6c\x65\0\x69\x73\x5f\x62\x69\x6e\x5f\x76\x69\x73\x69\x62\
\x6c\x65\0\x61\x74\x74\x72\x73\0\x62\x69\x6e\x5f\x61\x74\x74\x72\x73\0\x75\x6d\
\x6f\x64\x65\x5f\x74\0\x61\x74\x74\x72\x69\x62\x75\x74\x65\0\x62\x69\x6e\x5f\
\x61\x74\x74\x72\x69\x62\x75\x74\x65\0\x72\x65\x61\x64\0\x77\x72\x69\x74\x65\0\
\x61\x64\x64\x72\x65\x73\x73\x5f\x73\x70\x61\x63\x65\0\x68\x6f\x73\x74\0\x69\
\x5f\x70\x61\x67\x65\x73\0\x69\x6e\x76\x61\x6c\x69\x64\x61\x74\x65\x5f\x6c\x6f\
\x63\x6b\0\x67\x66\x70\x5f\x6d\x61\x73\x6b\0\x69\x5f\x6d\x6d\x61\x70\x5f\x77\
\x72\x69\x74\x61\x62\x6c\x65\0\x69\x5f\x6d\x6d\x61\x70\0\x69\x5f\x6d\x6d\x61\
\x70\x5f\x72\x77\x73\x65\x6d\0\x6e\x72\x70\x61\x67\x65\x73\0\x77\x72\x69\x74\
\x65\x62\x61\x63\x6b\x5f\x69\x6e\x64\x65\x78\0\x61\x5f\x6f\x70\x73\0\x77\x62\
\x5f\x65\x72\x72\0\x70\x72\x69\x76\x61\x74\x65\x5f\x6c\x6f\x63\x6b\0\x70\x72\
\x69\x76\x61\x74\x65\x5f\x6c\x69\x73\x74\0\x73\x73\x69\x7a\x65\x5f\x74\0\x5f\
\x5f\x6b\x65\x72\x6e\x65\x6c\x5f\x73\x73\x69\x7a\x65\x5f\x74\0\x5f\x5f\x6b\x65\
\x72\x6e\x65\x6c\x5f\x6c\x6f\x6e\x67\x5f\x74\0\x6e\x65\x74\x64\x65\x76\x5f\x74\
\x63\x5f\x74\x78\x71\0\x62\x70\x66\x5f\x78\x64\x70\x5f\x65\x6e\x74\x69\x74\x79\
\0\x6c\x69\x6e\x6b\0\x6e\x65\x69\x67\x68\x62\x6f\x75\x72\0\x74\x62\x6c\0\x70\
\x61\x72\x6d\x73\0\x63\x6f\x6e\x66\x69\x72\x6d\x65\x64\0\x75\x70\x64\x61\x74\
\x65\x64\0\x61\x72\x70\x5f\x71\x75\x65\x75\x65\x5f\x6c\x65\x6e\x5f\x62\x79\x74\
\x65\x73\0\x61\x72\x70\x5f\x71\x75\x65\x75\x65\0\x70\x72\x6f\x62\x65\x73\0\x6e\
\x75\x64\x5f\x73\x74\x61\x74\x65\0\x68\x61\x5f\x6c\x6f\x63\x6b\0\x68\x61\0\x68\
\x68\0\x67\x63\x5f\x6c\x69\x73\x74\0\x70\x72\x69\x6d\x61\x72\x79\x5f\x6b\x65\
\x79\0\x68\x68\x5f\x63\x61\x63\x68\x65\0\x68\x68\x5f\x6c\x65\x6e\0\x68\x68\x5f\
\x6c\x6f\x63\x6b\0\x68\x68\x5f\x64\x61\x74\x61\0\x70\x65\x72\x63\x70\x75\x5f\
\x63\x6f\x75\x6e\x74\x65\x72\0\x63\x6f\x75\x6e\x74\x65\x72\x73\0\x6e\x65\x74\
\x6e\x73\x5f\x73\x79\x73\x63\x74\x6c\x5f\x69\x70\x76\x36\0\x68\x64\x72\0\x69\
\x63\x6d\x70\x5f\x68\x64\x72\0\x78\x66\x72\x6d\x36\x5f\x68\x64\x72\0\x66\x6c\
\x75\x73\x68\x5f\x64\x65\x6c\x61\x79\0\x69\x70\x36\x5f\x72\x74\x5f\x6d\x61\x78\
\x5f\x73\x69\x7a\x65\0\x69\x70\x36\x5f\x72\x74\x5f\x67\x63\x5f\x6d\x69\x6e\x5f\
\x69\x6e\x74\x65\x72\x76\x61\x6c\0\x69\x70\x36\x5f\x72\x74\x5f\x67\x63\x5f\x74\
\x69\x6d\x65\x6f\x75\x74\0\x69\x70\x36\x5f\x72\x74\x5f\x67\x63\x5f\x69\x6e\x74\
\x65\x72\x76\x61\x6c\0\x69\x70\x36\x5f\x72\x74\x5f\x67\x63\x5f\x65\x6c\x61\x73\
\x74\x69\x63\x69\x74\x79\0\x69\x70\x36\x5f\x72\x74\x5f\x6d\x74\x75\x5f\x65\x78\
\x70\x69\x72\x65\x73\0\x69\x70\x36\x5f\x72\x74\x5f\x6d\x69\x6e\x5f\x61\x64\x76\
\x6d\x73\x73\0\x6d\x75\x6c\x74\x69\x70\x61\x74\x68\x5f\x68\x61\x73\x68\x5f\x66\
\x69\x65\x6c\x64\x73\0\x6d\x75\x6c\x74\x69\x70\x61\x74\x68\x5f\x68\x61\x73\x68\
\x5f\x70\x6f\x6c\x69\x63\x79\0\x62\x69\x6e\x64\x76\x36\x6f\x6e\x6c\x79\0\x66\
\x6c\x6f\x77\x6c\x61\x62\x65\x6c\x5f\x63\x6f\x6e\x73\x69\x73\x74\x65\x6e\x63\
\x79\0\x61\x75\x74\x6f\x5f\x66\x6c\x6f\x77\x6c\x61\x62\x65\x6c\x73\0\x69\x63\
\x6d\x70\x76\x36\x5f\x74\x69\x6d\x65\0\x69\x63\x6d\x70\x76\x36\x5f\x65\x63\x68\
\x6f\x5f\x69\x67\x6e\x6f\x72\x65\x5f\x61\x6c\x6c\0\x69\x63\x6d\x70\x76\x36\x5f\
\x65\x63\x68\x6f\x5f\x69\x67\x6e\x6f\x72\x65\x5f\x6d\x75\x6c\x74\x69\x63\x61\
\x73\x74\0\x69\x63\x6d\x70\x76\x36\x5f\x65\x63\x68\x6f\x5f\x69\x67\x6e\x6f\x72\
\x65\x5f\x61\x6e\x79\x63\x61\x73\x74\0\x69\x63\x6d\x70\x76\x36\x5f\x72\x61\x74\
\x65\x6d\x61\x73\x6b\0\x69\x63\x6d\x70\x76\x36\x5f\x72\x61\x74\x65\x6d\x61\x73\
\x6b\x5f\x70\x74\x72\0\x61\x6e\x79\x63\x61\x73\x74\x5f\x73\x72\x63\x5f\x65\x63\
\x68\x6f\x5f\x72\x65\x70\x6c\x79\0\x69\x70\x5f\x6e\x6f\x6e\x6c\x6f\x63\x61\x6c\
\x5f\x62\x69\x6e\x64\0\x66\x77\x6d\x61\x72\x6b\x5f\x72\x65\x66\x6c\x65\x63\x74\
\0\x66\x6c\x6f\x77\x6c\x61\x62\x65\x6c\x5f\x73\x74\x61\x74\x65\x5f\x72\x61\x6e\
\x67\x65\x73\0\x69\x64\x67\x65\x6e\x5f\x72\x65\x74\x72\x69\x65\x73\0\x69\x64\
\x67\x65\x6e\x5f\x64\x65\x6c\x61\x79\0\x66\x6c\x6f\x77\x6c\x61\x62\x65\x6c\x5f\
\x72\x65\x66\x6c\x65\x63\x74\0\x6d\x61\x78\x5f\x64\x73\x74\x5f\x6f\x70\x74\x73\
\x5f\x63\x6e\x74\0\x6d\x61\x78\x5f\x68\x62\x68\x5f\x6f\x70\x74\x73\x5f\x63\x6e\
\x74\0\x6d\x61\x78\x5f\x64\x73\x74\x5f\x6f\x70\x74\x73\x5f\x6c\x65\x6e\0\x6d\
\x61\x78\x5f\x68\x62\x68\x5f\x6f\x70\x74\x73\x5f\x6c\x65\x6e\0\x73\x65\x67\x36\
\x5f\x66\x6c\x6f\x77\x6c\x61\x62\x65\x6c\0\x69\x6f\x61\x6d\x36\x5f\x69\x64\0\
\x69\x6f\x61\x6d\x36\x5f\x69\x64\x5f\x77\x69\x64\x65\0\x73\x6b\x69\x70\x5f\x6e\
\x6f\x74\x69\x66\x79\x5f\x6f\x6e\x5f\x64\x65\x76\x5f\x64\x6f\x77\x6e\0\x66\x69\
\x62\x5f\x6e\x6f\x74\x69\x66\x79\x5f\x6f\x6e\x5f\x66\x6c\x61\x67\x5f\x63\x68\
\x61\x6e\x67\x65\0\x6e\x65\x74\x6e\x73\x5f\x6e\x66\0\x70\x72\x6f\x63\x5f\x6e\
\x65\x74\x66\x69\x6c\x74\x65\x72\0\x6e\x66\x5f\x6c\x6f\x67\x67\x65\x72\x73\0\
\x6e\x66\x5f\x6c\x6f\x67\x5f\x64\x69\x72\x5f\x68\x65\x61\x64\x65\x72\0\x68\x6f\
\x6f\x6b\x73\x5f\x69\x70\x76\x34\0\x68\x6f\x6f\x6b\x73\x5f\x69\x70\x76\x36\0\
\x64\x65\x66\x72\x61\x67\x5f\x69\x70\x76\x34\x5f\x75\x73\x65\x72\x73\0\x64\x65\
\x66\x72\x61\x67\x5f\x69\x70\x76\x36\x5f\x75\x73\x65\x72\x73\0\x6e\x66\x5f\x6c\
\x6f\x67\x67\x65\x72\0\x6c\x6f\x67\x66\x6e\0\x6d\x65\0\x6e\x66\x5f\x6c\x6f\x67\
\x5f\x74\x79\x70\x65\0\x4e\x46\x5f\x4c\x4f\x47\x5f\x54\x59\x50\x45\x5f\x4c\x4f\
\x47\0\x4e\x46\x5f\x4c\x4f\x47\x5f\x54\x59\x50\x45\x5f\x55\x4c\x4f\x47\0\x4e\
\x46\x5f\x4c\x4f\x47\x5f\x54\x59\x50\x45\x5f\x4d\x41\x58\0\x6e\x66\x5f\x6c\x6f\
\x67\x66\x6e\0\x75\x5f\x69\x6e\x74\x38\x5f\x74\0\x6e\x66\x5f\x6c\x6f\x67\x69\
\x6e\x66\x6f\0\x75\0\x75\x6c\x6f\x67\0\x6c\x6f\x67\0\x63\x6f\x70\x79\x5f\x6c\
\x65\x6e\0\x71\x74\x68\x72\x65\x73\x68\x6f\x6c\x64\0\x75\x5f\x69\x6e\x74\x33\
\x32\x5f\x74\0\x75\x5f\x69\x6e\x74\x31\x36\x5f\x74\0\x6c\x65\x76\x65\x6c\0\x6c\
\x6f\x67\x66\x6c\x61\x67\x73\0\x6e\x66\x5f\x68\x6f\x6f\x6b\x5f\x65\x6e\x74\x72\
\x69\x65\x73\0\x6e\x75\x6d\x5f\x68\x6f\x6f\x6b\x5f\x65\x6e\x74\x72\x69\x65\x73\
\0\x68\x6f\x6f\x6b\x73\0\x6e\x66\x5f\x68\x6f\x6f\x6b\x5f\x65\x6e\x74\x72\x79\0\
\x68\x6f\x6f\x6b\0\x70\x72\x69\x76\0\x6e\x66\x5f\x68\x6f\x6f\x6b\x66\x6e\0\x6e\
\x66\x5f\x68\x6f\x6f\x6b\x5f\x73\x74\x61\x74\x65\0\x70\x66\0\x69\x6e\0\x6f\x75\
\x74\0\x6f\x6b\x66\x6e\0\x6e\x65\x74\x6e\x73\x5f\x63\x74\0\x65\x63\x61\x63\x68\
\x65\x5f\x64\x77\x6f\x72\x6b\x5f\x70\x65\x6e\x64\x69\x6e\x67\0\x73\x79\x73\x63\
\x74\x6c\x5f\x6c\x6f\x67\x5f\x69\x6e\x76\x61\x6c\x69\x64\0\x73\x79\x73\x63\x74\
\x6c\x5f\x65\x76\x65\x6e\x74\x73\0\x73\x79\x73\x63\x74\x6c\x5f\x61\x63\x63\x74\
\0\x73\x79\x73\x63\x74\x6c\x5f\x61\x75\x74\x6f\x5f\x61\x73\x73\x69\x67\x6e\x5f\
\x68\x65\x6c\x70\x65\x72\0\x73\x79\x73\x63\x74\x6c\x5f\x74\x73\x74\x61\x6d\x70\
\0\x73\x79\x73\x63\x74\x6c\x5f\x63\x68\x65\x63\x6b\x73\x75\x6d\0\x70\x63\x70\
\x75\x5f\x6c\x69\x73\x74\x73\0\x73\x74\x61\x74\0\x6e\x66\x5f\x63\x6f\x6e\x6e\
\x74\x72\x61\x63\x6b\x5f\x65\x76\x65\x6e\x74\x5f\x63\x62\0\x6e\x66\x5f\x63\x74\
\x5f\x70\x72\x6f\x74\x6f\0\x6e\x66\x5f\x69\x70\x5f\x6e\x65\x74\0\x67\x65\x6e\
\x65\x72\x69\x63\0\x74\x63\x70\0\x75\x64\x70\0\x69\x63\x6d\x70\0\x69\x63\x6d\
\x70\x76\x36\0\x67\x72\x65\0\x6e\x66\x5f\x67\x65\x6e\x65\x72\x69\x63\x5f\x6e\
\x65\x74\0\x6e\x66\x5f\x74\x63\x70\x5f\x6e\x65\x74\0\x74\x69\x6d\x65\x6f\x75\
\x74\x73\0\x74\x63\x70\x5f\x6c\x6f\x6f\x73\x65\0\x74\x63\x70\x5f\x62\x65\x5f\
\x6c\x69\x62\x65\x72\x61\x6c\0\x74\x63\x70\x5f\x6d\x61\x78\x5f\x72\x65\x74\x72\
\x61\x6e\x73\0\x74\x63\x70\x5f\x69\x67\x6e\x6f\x72\x65\x5f\x69\x6e\x76\x61\x6c\
\x69\x64\x5f\x72\x73\x74\0\x6e\x66\x5f\x75\x64\x70\x5f\x6e\x65\x74\0\x6e\x66\
\x5f\x69\x63\x6d\x70\x5f\x6e\x65\x74\0\x6e\x66\x5f\x67\x72\x65\x5f\x6e\x65\x74\
\0\x6b\x65\x79\x6d\x61\x70\x5f\x6c\x69\x73\x74\0\x6e\x65\x74\x6e\x73\x5f\x62\
\x70\x66\0\x72\x75\x6e\x5f\x61\x72\x72\x61\x79\0\x70\x72\x6f\x67\x73\0\x62\x70\
\x66\x5f\x70\x72\x6f\x67\x5f\x61\x72\x72\x61\x79\0\x69\x74\x65\x6d\x73\0\x62\
\x70\x66\x5f\x70\x72\x6f\x67\x5f\x61\x72\x72\x61\x79\x5f\x69\x74\x65\x6d\0\x63\
\x67\x72\x6f\x75\x70\x5f\x73\x74\x6f\x72\x61\x67\x65\0\x62\x70\x66\x5f\x63\x67\
\x72\x6f\x75\x70\x5f\x73\x74\x6f\x72\x61\x67\x65\0\x6d\x61\x70\0\x6c\x69\x73\
\x74\x5f\x6d\x61\x70\0\x6c\x69\x73\x74\x5f\x63\x67\0\x62\x75\x66\0\x70\x65\x72\
\x63\x70\x75\x5f\x62\x75\x66\0\x62\x70\x66\x5f\x63\x67\x72\x6f\x75\x70\x5f\x73\
\x74\x6f\x72\x61\x67\x65\x5f\x6b\x65\x79\0\x63\x67\x72\x6f\x75\x70\x5f\x69\x6e\
\x6f\x64\x65\x5f\x69\x64\0\x61\x74\x74\x61\x63\x68\x5f\x74\x79\x70\x65\0\x62\
\x70\x66\x5f\x70\x72\x6f\x67\0\x70\x61\x67\x65\x73\0\x6a\x69\x74\x65\x64\0\x6a\
\x69\x74\x5f\x72\x65\x71\x75\x65\x73\x74\x65\x64\0\x67\x70\x6c\x5f\x63\x6f\x6d\
\x70\x61\x74\x69\x62\x6c\x65\0\x63\x62\x5f\x61\x63\x63\x65\x73\x73\0\x64\x73\
\x74\x5f\x6e\x65\x65\x64\x65\x64\0\x62\x6c\x69\x6e\x64\x65\x64\0\x69\x73\x5f\
\x66\x75\x6e\x63\0\x6b\x70\x72\x6f\x62\x65\x5f\x6f\x76\x65\x72\x72\x69\x64\x65\
\0\x68\x61\x73\x5f\x63\x61\x6c\x6c\x63\x68\x61\x69\x6e\x5f\x62\x75\x66\0\x65\
\x6e\x66\x6f\x72\x63\x65\x5f\x65\x78\x70\x65\x63\x74\x65\x64\x5f\x61\x74\x74\
\x61\x63\x68\x5f\x74\x79\x70\x65\0\x63\x61\x6c\x6c\x5f\x67\x65\x74\x5f\x73\x74\
\x61\x63\x6b\0\x63\x61\x6c\x6c\x5f\x67\x65\x74\x5f\x66\x75\x6e\x63\x5f\x69\x70\
\0\x65\x78\x70\x65\x63\x74\x65\x64\x5f\x61\x74\x74\x61\x63\x68\x5f\x74\x79\x70\
\x65\0\x6a\x69\x74\x65\x64\x5f\x6c\x65\x6e\0\x74\x61\x67\0\x62\x70\x66\x5f\x66\
\x75\x6e\x63\0\x61\x75\x78\0\x6f\x72\x69\x67\x5f\x70\x72\x6f\x67\0\x69\x6e\x73\
\x6e\x73\0\x69\x6e\x73\x6e\x73\x69\0\x62\x70\x66\x5f\x70\x72\x6f\x67\x5f\x74\
\x79\x70\x65\0\x42\x50\x46\x5f\x50\x52\x4f\x47\x5f\x54\x59\x50\x45\x5f\x55\x4e\
\x53\x50\x45\x43\0\x42\x50\x46\x5f\x50\x52\x4f\x47\x5f\x54\x59\x50\x45\x5f\x53\
\x4f\x43\x4b\x45\x54\x5f\x46\x49\x4c\x54\x45\x52\0\x42\x50\x46\x5f\x50\x52\x4f\
\x47\x5f\x54\x59\x50\x45\x5f\x4b\x50\x52\x4f\x42\x45\0\x42\x50\x46\x5f\x50\x52\
\x4f\x47\x5f\x54\x59\x50\x45\x5f\x53\x43\x48\x45\x44\x5f\x43\x4c\x53\0\x42\x50\
\x46\x5f\x50\x52\x4f\x47\x5f\x54\x59\x50\x45\x5f\x53\x43\x48\x45\x44\x5f\x41\
\x43\x54\0\x42\x50\x46\x5f\x50\x52\x4f\x47\x5f\x54\x59\x50\x45\x5f\x54\x52\x41\
\x43\x45\x50\x4f\x49\x4e\x54\0\x42\x50\x46\x5f\x50\x52\x4f\x47\x5f\x54\x59\x50\
\x45\x5f\x58\x44\x50\0\x42\x50\x46\x5f\x50\x52\x4f\x47\x5f\x54\x59\x50\x45\x5f\
\x50\x45\x52\x46\x5f\x45\x56\x45\x4e\x54\0\x42\x50\x46\x5f\x50\x52\x4f\x47\x5f\
\x54\x59\x50\x45\x5f\x43\x47\x52\x4f\x55\x50\x5f\x53\x4b\x42\0\x42\x50\x46\x5f\
\x50\x52\x4f\x47\x5f\x54\x59\x50\x45\x5f\x43\x47\x52\x4f\x55\x50\x5f\x53\x4f\
\x43\x4b\0\x42\x50\x46\x5f\x50\x52\x4f\x47\x5f\x54\x59\x50\x45\x5f\x4c\x57\x54\
\x5f\x49\x4e\0\x42\x50\x46\x5f\x50\x52\x4f\x47\x5f\x54\x59\x50\x45\x5f\x4c\x57\
\x54\x5f\x4f\x55\x54\0\x42\x50\x46\x5f\x50\x52\x4f\x47\x5f\x54\x59\x50\x45\x5f\
\x4c\x57\x54\x5f\x58\x4d\x49\x54\0\x42\x50\x46\x5f\x50\x52\x4f\x47\x5f\x54\x59\
\x50\x45\x5f\x53\x4f\x43\x4b\x5f\x4f\x50\x53\0\x42\x50\x46\x5f\x50\x52\x4f\x47\
\x5f\x54\x59\x50\x45\x5f\x53\x4b\x5f\x53\x4b\x42\0\x42\x50\x46\x5f\x50\x52\x4f\
\x47\x5f\x54\x59\x50\x45\x5f\x43\x47\x52\x4f\x55\x50\x5f\x44\x45\x56\x49\x43\
\x45\0\x42\x50\x46\x5f\x50\x52\x4f\x47\x5f\x54\x59\x50\x45\x5f\x53\x4b\x5f\x4d\
\x53\x47\0\x42\x50\x46\x5f\x50\x52\x4f\x47\x5f\x54\x59\x50\x45\x5f\x52\x41\x57\
\x5f\x54\x52\x41\x43\x45\x50\x4f\x49\x4e\x54\0\x42\x50\x46\x5f\x50\x52\x4f\x47\
\x5f\x54\x59\x50\x45\x5f\x43\x47\x52\x4f\x55\x50\x5f\x53\x4f\x43\x4b\x5f\x41\
\x44\x44\x52\0\x42\x50\x46\x5f\x50\x52\x4f\x47\x5f\x54\x59\x50\x45\x5f\x4c\x57\
\x54\x5f\x53\x45\x47\x36\x4c\x4f\x43\x41\x4c\0\x42\x50\x46\x5f\x50\x52\x4f\x47\
\x5f\x54\x59\x50\x45\x5f\x4c\x49\x52\x43\x5f\x4d\x4f\x44\x45\x32\0\x42\x50\x46\
\x5f\x50\x52\x4f\x47\x5f\x54\x59\x50\x45\x5f\x53\x4b\x5f\x52\x45\x55\x53\x45\
\x50\x4f\x52\x54\0\x42\x50\x46\x5f\x50\x52\x4f\x47\x5f\x54\x59\x50\x45\x5f\x46\
\x4c\x4f\x57\x5f\x44\x49\x53\x53\x45\x43\x54\x4f\x52\0\x42\x50\x46\x5f\x50\x52\
\x4f\x47\x5f\x54\x59\x50\x45\x5f\x43\x47\x52\x4f\x55\x50\x5f\x53\x59\x53\x43\
\x54\x4c\0\x42\x50\x46\x5f\x50\x52\x4f\x47\x5f\x54\x59\x50\x45\x5f\x52\x41\x57\
\x5f\x54\x52\x41\x43\x45\x50\x4f\x49\x4e\x54\x5f\x57\x52\x49\x54\x41\x42\x4c\
\x45\0\x42\x50\x46\x5f\x50\x52\x4f\x47\x5f\x54\x59\x50\x45\x5f\x43\x47\x52\x4f\
\x55\x50\x5f\x53\x4f\x43\x4b\x4f\x50\x54\0\x42\x50\x46\x5f\x50\x52\x4f\x47\x5f\
\x54\x59\x50\x45\x5f\x54\x52\x41\x43\x49\x4e\x47\0\x42\x50\x46\x5f\x50\x52\x4f\
\x47\x5f\x54\x59\x50\x45\x5f\x53\x54\x52\x55\x43\x54\x5f\x4f\x50\x53\0\x42\x50\
\x46\x5f\x50\x52\x4f\x47\x5f\x54\x59\x50\x45\x5f\x45\x58\x54\0\x42\x50\x46\x5f\
\x50\x52\x4f\x47\x5f\x54\x59\x50\x45\x5f\x4c\x53\x4d\0\x42\x50\x46\x5f\x50\x52\
\x4f\x47\x5f\x54\x59\x50\x45\x5f\x53\x4b\x5f\x4c\x4f\x4f\x4b\x55\x50\0\x42\x50\
\x46\x5f\x50\x52\x4f\x47\x5f\x54\x59\x50\x45\x5f\x53\x59\x53\x43\x41\x4c\x4c\0\
\x62\x70\x66\x5f\x61\x74\x74\x61\x63\x68\x5f\x74\x79\x70\x65\0\x42\x50\x46\x5f\
\x43\x47\x52\x4f\x55\x50\x5f\x49\x4e\x45\x54\x5f\x49\x4e\x47\x52\x45\x53\x53\0\
\x42\x50\x46\x5f\x43\x47\x52\x4f\x55\x50\x5f\x49\x4e\x45\x54\x5f\x45\x47\x52\
\x45\x53\x53\0\x42\x50\x46\x5f\x43\x47\x52\x4f\x55\x50\x5f\x49\x4e\x45\x54\x5f\
\x53\x4f\x43\x4b\x5f\x43\x52\x45\x41\x54\x45\0\x42\x50\x46\x5f\x43\x47\x52\x4f\
\x55\x50\x5f\x53\x4f\x43\x4b\x5f\x4f\x50\x53\0\x42\x50\x46\x5f\x53\x4b\x5f\x53\
\x4b\x42\x5f\x53\x54\x52\x45\x41\x4d\x5f\x50\x41\x52\x53\x45\x52\0\x42\x50\x46\
\x5f\x53\x4b\x5f\x53\x4b\x42\x5f\x53\x54\x52\x45\x41\x4d\x5f\x56\x45\x52\x44\
\x49\x43\x54\0\x42\x50\x46\x5f\x43\x47\x52\x4f\x55\x50\x5f\x44\x45\x56\x49\x43\
\x45\0\x42\x50\x46\x5f\x53\x4b\x5f\x4d\x53\x47\x5f\x56\x45\x52\x44\x49\x43\x54\
\0\x42\x50\x46\x5f\x43\x47\x52\x4f\x55\x50\x5f\x49\x4e\x45\x54\x34\x5f\x42\x49\
\x4e\x44\0\x42\x50\x46\x5f\x43\x47\x52\x4f\x55\x50\x5f\x49\x4e\x45\x54\x36\x5f\
\x42\x49\x4e\x44\0\x42\x50\x46\x5f\x43\x47\x52\x4f\x55\x50\x5f\x49\x4e\x45\x54\
\x34\x5f\x43\x4f\x4e\x4e\x45\x43\x54\0\x42\x50\x46\x5f\x43\x47\x52\x4f\x55\x50\
\x5f\x49\x4e\x45\x54\x36\x5f\x43\x4f\x4e\x4e\x45\x43\x54\0\x42\x50\x46\x5f\x43\
\x47\x52\x4f\x55\x50\x5f\x49\x4e\x45\x54\x34\x5f\x50\x4f\x53\x54\x5f\x42\x49\
\x4e\x44\0\x42\x50\x46\x5f\x43\x47\x52\x4f\x55\x50\x5f\x49\x4e\x45\x54\x36\x5f\
\x50\x4f\x53\x54\x5f\x42\x49\x4e\x44\0\x42\x50\x46\x5f\x43\x47\x52\x4f\x55\x50\
\x5f\x55\x44\x50\x34\x5f\x53\x45\x4e\x44\x4d\x53\x47\0\x42\x50\x46\x5f\x43\x47\
\x52\x4f\x55\x50\x5f\x55\x44\x50\x36\x5f\x53\x45\x4e\x44\x4d\x53\x47\0\x42\x50\
\x46\x5f\x4c\x49\x52\x43\x5f\x4d\x4f\x44\x45\x32\0\x42\x50\x46\x5f\x46\x4c\x4f\
\x57\x5f\x44\x49\x53\x53\x45\x43\x54\x4f\x52\0\x42\x50\x46\x5f\x43\x47\x52\x4f\
\x55\x50\x5f\x53\x59\x53\x43\x54\x4c\0\x42\x50\x46\x5f\x43\x47\x52\x4f\x55\x50\
\x5f\x55\x44\x50\x34\x5f\x52\x45\x43\x56\x4d\x53\x47\0\x42\x50\x46\x5f\x43\x47\
\x52\x4f\x55\x50\x5f\x55\x44\x50\x36\x5f\x52\x45\x43\x56\x4d\x53\x47\0\x42\x50\
\x46\x5f\x43\x47\x52\x4f\x55\x50\x5f\x47\x45\x54\x53\x4f\x43\x4b\x4f\x50\x54\0\
\x42\x50\x46\x5f\x43\x47\x52\x4f\x55\x50\x5f\x53\x45\x54\x53\x4f\x43\x4b\x4f\
\x50\x54\0\x42\x50\x46\x5f\x54\x52\x41\x43\x45\x5f\x52\x41\x57\x5f\x54\x50\0\
\x42\x50\x46\x5f\x54\x52\x41\x43\x45\x5f\x46\x45\x4e\x54\x52\x59\0\x42\x50\x46\
\x5f\x54\x52\x41\x43\x45\x5f\x46\x45\x58\x49\x54\0\x42\x50\x46\x5f\x4d\x4f\x44\
\x49\x46\x59\x5f\x52\x45\x54\x55\x52\x4e\0\x42\x50\x46\x5f\x4c\x53\x4d\x5f\x4d\
\x41\x43\0\x42\x50\x46\x5f\x54\x52\x41\x43\x45\x5f\x49\x54\x45\x52\0\x42\x50\
\x46\x5f\x43\x47\x52\x4f\x55\x50\x5f\x49\x4e\x45\x54\x34\x5f\x47\x45\x54\x50\
\x45\x45\x52\x4e\x41\x4d\x45\0\x42\x50\x46\x5f\x43\x47\x52\x4f\x55\x50\x5f\x49\
\x4e\x45\x54\x36\x5f\x47\x45\x54\x50\x45\x45\x52\x4e\x41\x4d\x45\0\x42\x50\x46\
\x5f\x43\x47\x52\x4f\x55\x50\x5f\x49\x4e\x45\x54\x34\x5f\x47\x45\x54\x53\x4f\
\x43\x4b\x4e\x41\x4d\x45\0\x42\x50\x46\x5f\x43\x47\x52\x4f\x55\x50\x5f\x49\x4e\
\x45\x54\x36\x5f\x47\x45\x54\x53\x4f\x43\x4b\x4e\x41\x4d\x45\0\x42\x50\x46\x5f\
\x58\x44\x50\x5f\x44\x45\x56\x4d\x41\x50\0\x42\x50\x46\x5f\x43\x47\x52\x4f\x55\
\x50\x5f\x49\x4e\x45\x54\x5f\x53\x4f\x43\x4b\x5f\x52\x45\x4c\x45\x41\x53\x45\0\
\x42\x50\x46\x5f\x58\x44\x50\x5f\x43\x50\x55\x4d\x41\x50\0\x42\x50\x46\x5f\x53\
\x4b\x5f\x4c\x4f\x4f\x4b\x55\x50\0\x42\x50\x46\x5f\x58\x44\x50\0\x42\x50\x46\
\x5f\x53\x4b\x5f\x53\x4b\x42\x5f\x56\x45\x52\x44\x49\x43\x54\0\x42\x50\x46\x5f\
\x53\x4b\x5f\x52\x45\x55\x53\x45\x50\x4f\x52\x54\x5f\x53\x45\x4c\x45\x43\x54\0\
\x42\x50\x46\x5f\x53\x4b\x5f\x52\x45\x55\x53\x45\x50\x4f\x52\x54\x5f\x53\x45\
\x4c\x45\x43\x54\x5f\x4f\x52\x5f\x4d\x49\x47\x52\x41\x54\x45\0\x42\x50\x46\x5f\
\x50\x45\x52\x46\x5f\x45\x56\x45\x4e\x54\0\x5f\x5f\x4d\x41\x58\x5f\x42\x50\x46\
\x5f\x41\x54\x54\x41\x43\x48\x5f\x54\x59\x50\x45\0\x62\x70\x66\x5f\x69\x6e\x73\
\x6e\0\x63\x6f\x64\x65\0\x64\x73\x74\x5f\x72\x65\x67\0\x73\x72\x63\x5f\x72\x65\
\x67\0\x6f\x66\x66\0\x69\x6d\x6d\0\x73\x6f\x63\x6b\x5f\x66\x69\x6c\x74\x65\x72\
\0\x6a\x74\0\x6a\x66\0\x6b\0\x6e\x65\x74\x6e\x73\x5f\x78\x66\x72\x6d\0\x73\x74\
\x61\x74\x65\x5f\x61\x6c\x6c\0\x73\x74\x61\x74\x65\x5f\x62\x79\x64\x73\x74\0\
\x73\x74\x61\x74\x65\x5f\x62\x79\x73\x72\x63\0\x73\x74\x61\x74\x65\x5f\x62\x79\
\x73\x70\x69\0\x73\x74\x61\x74\x65\x5f\x62\x79\x73\x65\x71\0\x73\x74\x61\x74\
\x65\x5f\x68\x6d\x61\x73\x6b\0\x73\x74\x61\x74\x65\x5f\x6e\x75\x6d\0\x73\x74\
\x61\x74\x65\x5f\x68\x61\x73\x68\x5f\x77\x6f\x72\x6b\0\x70\x6f\x6c\x69\x63\x79\
\x5f\x61\x6c\x6c\0\x70\x6f\x6c\x69\x63\x79\x5f\x62\x79\x69\x64\x78\0\x70\x6f\
\x6c\x69\x63\x79\x5f\x69\x64\x78\x5f\x68\x6d\x61\x73\x6b\0\x69\x64\x78\x5f\x67\
\x65\x6e\x65\x72\x61\x74\x6f\x72\0\x70\x6f\x6c\x69\x63\x79\x5f\x69\x6e\x65\x78\
\x61\x63\x74\0\x70\x6f\x6c\x69\x63\x79\x5f\x62\x79\x64\x73\x74\0\x70\x6f\x6c\
\x69\x63\x79\x5f\x63\x6f\x75\x6e\x74\0\x70\x6f\x6c\x69\x63\x79\x5f\x68\x61\x73\
\x68\x5f\x77\x6f\x72\x6b\0\x70\x6f\x6c\x69\x63\x79\x5f\x68\x74\x68\x72\x65\x73\
\x68\0\x69\x6e\x65\x78\x61\x63\x74\x5f\x62\x69\x6e\x73\0\x6e\x6c\x73\x6b\0\x6e\
\x6c\x73\x6b\x5f\x73\x74\x61\x73\x68\0\x73\x79\x73\x63\x74\x6c\x5f\x61\x65\x76\
\x65\x6e\x74\x5f\x65\x74\x69\x6d\x65\0\x73\x79\x73\x63\x74\x6c\x5f\x61\x65\x76\
\x65\x6e\x74\x5f\x72\x73\x65\x71\x74\x68\0\x73\x79\x73\x63\x74\x6c\x5f\x6c\x61\
\x72\x76\x61\x6c\x5f\x64\x72\x6f\x70\0\x73\x79\x73\x63\x74\x6c\x5f\x61\x63\x71\
\x5f\x65\x78\x70\x69\x72\x65\x73\0\x70\x6f\x6c\x69\x63\x79\x5f\x64\x65\x66\x61\
\x75\x6c\x74\0\x78\x66\x72\x6d\x34\x5f\x64\x73\x74\x5f\x6f\x70\x73\0\x78\x66\
\x72\x6d\x36\x5f\x64\x73\x74\x5f\x6f\x70\x73\0\x78\x66\x72\x6d\x5f\x73\x74\x61\
\x74\x65\x5f\x6c\x6f\x63\x6b\0\x78\x66\x72\x6d\x5f\x73\x74\x61\x74\x65\x5f\x68\
\x61\x73\x68\x5f\x67\x65\x6e\x65\x72\x61\x74\x69\x6f\x6e\0\x78\x66\x72\x6d\x5f\
\x70\x6f\x6c\x69\x63\x79\x5f\x68\x61\x73\x68\x5f\x67\x65\x6e\x65\x72\x61\x74\
\x69\x6f\x6e\0\x78\x66\x72\x6d\x5f\x70\x6f\x6c\x69\x63\x79\x5f\x6c\x6f\x63\x6b\
\0\x78\x66\x72\x6d\x5f\x63\x66\x67\x5f\x6d\x75\x74\x65\x78\0\x78\x66\x72\x6d\
\x5f\x70\x6f\x6c\x69\x63\x79\x5f\x68\x61\x73\x68\0\x74\x61\x62\x6c\x65\0\x68\
\x6d\x61\x73\x6b\0\x64\x62\x69\x74\x73\x34\0\x73\x62\x69\x74\x73\x34\0\x64\x62\
\x69\x74\x73\x36\0\x73\x62\x69\x74\x73\x36\0\x78\x66\x72\x6d\x5f\x70\x6f\x6c\
\x69\x63\x79\x5f\x68\x74\x68\x72\x65\x73\x68\0\x6c\x62\x69\x74\x73\x34\0\x72\
\x62\x69\x74\x73\x34\0\x6c\x62\x69\x74\x73\x36\0\x72\x62\x69\x74\x73\x36\0\x30\
\x3a\x30\0\x20\x20\x20\x20\x64\x65\x76\x20\x3d\x20\x42\x50\x46\x5f\x43\x4f\x52\
\x45\x5f\x52\x45\x41\x44\x28\x63\x72\x6f\x73\x5f\x73\x6b\x62\x5f\x64\x73\x74\
\x28\x73\x6b\x62\x29\x2c\x20\x64\x65\x76\x29\x3b\0\x20\x20\x20\x20\x62\x70\x66\
\x5f\x70\x72\x69\x6e\x74\x6b\x28\0\x30\x3a\x31\x37\0\x20\x20\x69\x6e\x74\x36\
\x34\x5f\x74\x20\x69\x66\x69\x6e\x64\x65\x78\x20\x3d\x20\x42\x50\x46\x5f\x43\
\x4f\x52\x45\x5f\x52\x45\x41\x44\x28\x64\x65\x76\x2c\x20\x69\x66\x69\x6e\x64\
\x65\x78\x29\x3b\0\x20\x20\x69\x66\x20\x28\x69\x66\x69\x6e\x64\x65\x78\x20\x3c\
\x20\x30\x29\x20\x7b\0\x20\x20\x72\x65\x74\x75\x72\x6e\x20\x62\x70\x66\x5f\x6d\
\x61\x70\x5f\x6c\x6f\x6f\x6b\x75\x70\x5f\x65\x6c\x65\x6d\x28\x26\x63\x72\x6f\
\x73\x5f\x6e\x65\x74\x77\x6f\x72\x6b\x5f\x65\x78\x74\x65\x72\x6e\x61\x6c\x5f\
\x69\x6e\x74\x65\x72\x66\x61\x63\x65\x73\x2c\x20\x26\x69\x66\x69\x6e\x64\x65\
\x78\x29\x20\x21\x3d\0\x20\x20\x69\x66\x20\x28\x21\x63\x72\x6f\x73\x5f\x69\x73\
\x5f\x69\x66\x69\x6e\x64\x65\x78\x5f\x65\x78\x74\x65\x72\x6e\x61\x6c\x28\x73\
\x6b\x62\x29\x29\x20\x7b\0\x30\x3a\x31\x3a\x30\0\x20\x20\x73\x74\x72\x75\x63\
\x74\x20\x63\x72\x6f\x73\x5f\x73\x6b\x5f\x69\x6e\x66\x6f\x2a\x20\x73\x6b\x5f\
\x69\x6e\x66\x6f\x20\x3d\x20\x62\x70\x66\x5f\x73\x6b\x5f\x73\x74\x6f\x72\x61\
\x67\x65\x5f\x67\x65\x74\x28\x26\x73\x6b\x5f\x73\x74\x6f\x72\x61\x67\x65\x2c\
\x20\x73\x6b\x62\x2d\x3e\x73\x6b\x2c\x20\x30\x2c\x20\x30\x29\x3b\0\x20\x20\x69\
\x66\x20\x28\x73\x6b\x5f\x69\x6e\x66\x6f\x20\x3d\x3d\x20\x4e\x55\x4c\x4c\x29\
\x20\x7b\0\x20\x20\x63\x72\x6f\x73\x5f\x6d\x61\x79\x62\x65\x5f\x6e\x65\x77\x5f\
\x73\x6f\x63\x6b\x65\x74\x28\x73\x6b\x5f\x69\x6e\x66\x6f\x2d\x3e\x73\x6f\x63\
\x6b\x5f\x69\x64\x29\x3b\0\x20\x20\x75\x69\x6e\x74\x36\x34\x5f\x74\x20\x73\x6f\
\x63\x6b\x5f\x6b\x65\x79\x20\x3d\x20\x73\x6f\x63\x6b\x5f\x69\x64\x3b\0\x20\x20\
\x69\x66\x20\x28\x62\x70\x66\x5f\x6d\x61\x70\x5f\x75\x70\x64\x61\x74\x65\x5f\
\x65\x6c\x65\x6d\x28\x26\x61\x63\x74\x69\x76\x65\x5f\x73\x6f\x63\x6b\x65\x74\
\x5f\x6d\x61\x70\x2c\x20\x26\x73\x6f\x63\x6b\x5f\x6b\x65\x79\x2c\x20\x26\x73\
\x6f\x63\x6b\x5f\x6b\x65\x79\x2c\0\x20\x20\x5f\x5f\x62\x75\x69\x6c\x74\x69\x6e\
\x5f\x6d\x65\x6d\x73\x65\x74\x28\x26\x66\x6c\x6f\x77\x5f\x6d\x61\x70\x5f\x6b\
\x65\x79\x2c\x20\x30\x2c\x20\x73\x69\x7a\x65\x6f\x66\x28\x66\x6c\x6f\x77\x5f\
\x6d\x61\x70\x5f\x6b\x65\x79\x29\x29\x3b\0\x20\x20\x66\x6c\x6f\x77\x5f\x6d\x61\
\x70\x5f\x6b\x65\x79\x2e\x73\x6f\x63\x6b\x5f\x69\x64\x20\x3d\x20\x73\x6b\x5f\
\x69\x6e\x66\x6f\x2d\x3e\x73\x6f\x63\x6b\x5f\x69\x64\x3b\0\x20\x20\x66\x6c\x6f\
\x77\x5f\x6d\x61\x70\x5f\x6b\x65\x79\x2e\x66\x69\x76\x65\x5f\x74\x75\x70\x6c\
\x65\x2e\x70\x72\x6f\x74\x6f\x63\x6f\x6c\x20\x3d\x20\x73\x6b\x5f\x69\x6e\x66\
\x6f\x2d\x3e\x70\x72\x6f\x74\x6f\x63\x6f\x6c\x3b\0\x30\x3a\x37\x31\0\x20\x20\
\x72\x65\x74\x75\x72\x6e\x20\x42\x50\x46\x5f\x43\x4f\x52\x45\x5f\x52\x45\x41\
\x44\x28\x73\x6b\x62\x2c\x20\x68\x65\x61\x64\x29\x20\x2b\x20\x42\x50\x46\x5f\
\x43\x4f\x52\x45\x5f\x52\x45\x41\x44\x28\x73\x6b\x62\x2c\x20\x6e\x65\x74\x77\
\x6f\x72\x6b\x5f\x68\x65\x61\x64\x65\x72\x29\x3b\0\x30\x3a\x36\x36\0\x69\x70\
\x68\x64\x72\0\x69\x68\x6c\0\x76\x65\x72\x73\x69\x6f\x6e\0\x74\x6f\x73\0\x74\
\x6f\x74\x5f\x6c\x65\x6e\0\x66\x72\x61\x67\x5f\x6f\x66\x66\0\x74\x74\x6c\0\x5f\
\x5f\x73\x75\x6d\x31\x36\0\x61\x64\x64\x72\x73\0\x30\x3a\x37\0\x20\x20\x69\x6e\
\x74\x20\x70\x72\x6f\x74\x6f\x63\x6f\x6c\x20\x3d\x20\x42\x50\x46\x5f\x43\x4f\
\x52\x45\x5f\x52\x45\x41\x44\x28\x68\x64\x72\x2c\x20\x70\x72\x6f\x74\x6f\x63\
\x6f\x6c\x29\x3b\0\x20\x20\x66\x69\x76\x65\x5f\x74\x75\x70\x6c\x65\x2d\x3e\x66\
\x61\x6d\x69\x6c\x79\x20\x3d\x20\x43\x52\x4f\x53\x5f\x46\x41\x4d\x49\x4c\x59\
\x5f\x41\x46\x5f\x49\x4e\x45\x54\x3b\0\x30\x3a\x39\x3a\x30\x3a\x30\0\x20\x20\
\x73\x6f\x75\x72\x63\x65\x5f\x61\x64\x64\x72\x2d\x3e\x61\x64\x64\x72\x34\x20\
\x3d\x20\x42\x50\x46\x5f\x43\x4f\x52\x45\x5f\x52\x45\x41\x44\x28\x68\x64\x72\
\x2c\x20\x73\x61\x64\x64\x72\x29\x3b\0\x30\x3a\x39\x3a\x30\x3a\x31\0\x20\x20\
\x64\x65\x73\x74\x5f\x61\x64\x64\x72\x2d\x3e\x61\x64\x64\x72\x34\x20\x3d\x20\
\x42\x50\x46\x5f\x43\x4f\x52\x45\x5f\x52\x45\x41\x44\x28\x68\x64\x72\x2c\x20\
\x64\x61\x64\x64\x72\x29\x3b\0\x30\x3a\x33\0\x20\x20\x69\x6e\x74\x20\x70\x61\
\x63\x6b\x65\x74\x5f\x73\x69\x7a\x65\x20\x3d\x20\x62\x70\x66\x5f\x6e\x74\x6f\
\x68\x73\x28\x42\x50\x46\x5f\x43\x4f\x52\x45\x5f\x52\x45\x41\x44\x28\x68\x64\
\x72\x2c\x20\x74\x6f\x74\x5f\x6c\x65\x6e\x29\x29\x3b\0\x20\x20\x69\x66\x20\x28\
\x70\x61\x63\x6b\x65\x74\x5f\x73\x69\x7a\x65\x20\x3d\x3d\x20\x30\x29\x20\x7b\0\
\x30\x3a\x36\0\x20\x20\x20\x20\x70\x61\x63\x6b\x65\x74\x5f\x73\x69\x7a\x65\x20\
\x3d\x20\x42\x50\x46\x5f\x43\x4f\x52\x45\x5f\x52\x45\x41\x44\x28\x73\x6b\x62\
\x2c\x20\x6c\x65\x6e\x29\x3b\0\x20\x20\x73\x77\x69\x74\x63\x68\x20\x28\x70\x72\
\x6f\x74\x6f\x63\x6f\x6c\x29\x20\x7b\0\x20\x20\x20\x20\x20\x20\x66\x69\x76\x65\
\x5f\x74\x75\x70\x6c\x65\x2d\x3e\x70\x72\x6f\x74\x6f\x63\x6f\x6c\x20\x3d\x20\
\x43\x52\x4f\x53\x5f\x50\x52\x4f\x54\x4f\x43\x4f\x4c\x5f\x54\x43\x50\x3b\0\x20\
\x20\x72\x65\x74\x75\x72\x6e\x20\x42\x50\x46\x5f\x43\x4f\x52\x45\x5f\x52\x45\
\x41\x44\x28\x73\x6b\x62\x2c\x20\x68\x65\x61\x64\x29\x20\x2b\x20\x42\x50\x46\
\x5f\x43\x4f\x52\x45\x5f\x52\x45\x41\x44\x28\x73\x6b\x62\x2c\x20\x74\x72\x61\
\x6e\x73\x70\x6f\x72\x74\x5f\x68\x65\x61\x64\x65\x72\x29\x3b\0\x30\x3a\x36\x35\
\0\x74\x63\x70\x68\x64\x72\0\x73\x6f\x75\x72\x63\x65\0\x64\x65\x73\x74\0\x61\
\x63\x6b\x5f\x73\x65\x71\0\x72\x65\x73\x31\0\x64\x6f\x66\x66\0\x66\x69\x6e\0\
\x73\x79\x6e\0\x72\x73\x74\0\x70\x73\x68\0\x61\x63\x6b\0\x75\x72\x67\0\x65\x63\
\x65\0\x63\x77\x72\0\x77\x69\x6e\x64\x6f\x77\0\x75\x72\x67\x5f\x70\x74\x72\0\
\x20\x20\x20\x20\x20\x20\x2a\x73\x6f\x75\x72\x63\x65\x5f\x70\x6f\x72\x74\x20\
\x3d\x20\x62\x70\x66\x5f\x6e\x74\x6f\x68\x73\x28\x42\x50\x46\x5f\x43\x4f\x52\
\x45\x5f\x52\x45\x41\x44\x28\x74\x63\x70\x5f\x68\x65\x61\x64\x65\x72\x2c\x20\
\x73\x6f\x75\x72\x63\x65\x29\x29\x3b\0\x20\x20\x20\x20\x20\x20\x66\x69\x76\x65\
\x5f\x74\x75\x70\x6c\x65\x2d\x3e\x70\x72\x6f\x74\x6f\x63\x6f\x6c\x20\x3d\x20\
\x43\x52\x4f\x53\x5f\x50\x52\x4f\x54\x4f\x43\x4f\x4c\x5f\x55\x44\x50\x3b\0\x75\
\x64\x70\x68\x64\x72\0\x20\x20\x20\x20\x20\x20\x2a\x73\x6f\x75\x72\x63\x65\x5f\
\x70\x6f\x72\x74\x20\x3d\x20\x62\x70\x66\x5f\x6e\x74\x6f\x68\x73\x28\x42\x50\
\x46\x5f\x43\x4f\x52\x45\x5f\x52\x45\x41\x44\x28\x75\x64\x70\x5f\x68\x65\x61\
\x64\x65\x72\x2c\x20\x73\x6f\x75\x72\x63\x65\x29\x29\x3b\0\x20\x20\x66\x6c\x6f\
\x77\x5f\x6d\x61\x70\x5f\x76\x61\x6c\x75\x65\x20\x3d\x20\x62\x70\x66\x5f\x6d\
\x61\x70\x5f\x6c\x6f\x6f\x6b\x75\x70\x5f\x65\x6c\x65\x6d\x28\x26\x63\x72\x6f\
\x73\x5f\x6e\x65\x74\x77\x6f\x72\x6b\x5f\x66\x6c\x6f\x77\x5f\x6d\x61\x70\x2c\
\x20\x26\x66\x6c\x6f\x77\x5f\x6d\x61\x70\x5f\x6b\x65\x79\x29\x3b\0\x20\x20\x69\
\x66\x20\x28\x66\x6c\x6f\x77\x5f\x6d\x61\x70\x5f\x76\x61\x6c\x75\x65\x29\x20\
\x7b\x20\x20\x2f\x2f\x20\x65\x6e\x74\x72\x79\x20\x61\x6c\x72\x65\x61\x64\x79\
\x20\x65\x78\x69\x73\x74\x73\x2e\0\x20\x20\x20\x20\x20\x20\x66\x6c\x6f\x77\x5f\
\x6d\x61\x70\x5f\x76\x61\x6c\x75\x65\x2d\x3e\x72\x78\x5f\x62\x79\x74\x65\x73\
\x20\x3d\x20\x66\x6c\x6f\x77\x5f\x6d\x61\x70\x5f\x76\x61\x6c\x75\x65\x2d\x3e\
\x72\x78\x5f\x62\x79\x74\x65\x73\x20\x2b\x20\x62\x79\x74\x65\x73\x3b\0\x20\x20\
\x76\x61\x6c\x75\x65\x2d\x3e\x72\x78\x5f\x62\x79\x74\x65\x73\x20\x3d\x20\x72\
\x78\x5f\x62\x79\x74\x65\x73\x3b\0\x20\x20\x76\x61\x6c\x75\x65\x2d\x3e\x68\x61\
\x73\x5f\x66\x75\x6c\x6c\x5f\x70\x72\x6f\x63\x65\x73\x73\x5f\x69\x6e\x66\x6f\
\x20\x3d\x20\x66\x61\x6c\x73\x65\x3b\0\x20\x20\x76\x61\x6c\x75\x65\x2d\x3e\x64\
\x69\x72\x65\x63\x74\x69\x6f\x6e\x20\x3d\x20\x64\x69\x72\x65\x63\x74\x69\x6f\
\x6e\x3b\0\x20\x20\x5f\x5f\x62\x75\x69\x6c\x74\x69\x6e\x5f\x6d\x65\x6d\x63\x70\
\x79\x28\x26\x76\x61\x6c\x75\x65\x2d\x3e\x70\x72\x6f\x63\x65\x73\x73\x5f\x69\
\x6e\x66\x6f\x2e\x74\x61\x73\x6b\x5f\x69\x6e\x66\x6f\x2c\0\x20\x20\x73\x74\x72\
\x75\x63\x74\x20\x63\x72\x6f\x73\x5f\x66\x6c\x6f\x77\x5f\x6d\x61\x70\x5f\x76\
\x61\x6c\x75\x65\x2a\x20\x76\x61\x6c\x75\x65\x20\x3d\x20\x26\x73\x6b\x5f\x69\
\x6e\x66\x6f\x2d\x3e\x66\x6c\x6f\x77\x5f\x6d\x61\x70\x5f\x76\x61\x6c\x75\x65\
\x5f\x73\x63\x72\x61\x74\x63\x68\x70\x61\x64\x3b\0\x20\x20\x69\x66\x20\x28\x73\
\x6b\x5f\x69\x6e\x66\x6f\x2d\x3e\x68\x61\x73\x5f\x66\x75\x6c\x6c\x5f\x70\x72\
\x6f\x63\x65\x73\x73\x5f\x69\x6e\x66\x6f\x20\x3d\x3d\x20\x74\x72\x75\x65\x29\
\x20\x7b\0\x20\x20\x20\x20\x5f\x5f\x62\x75\x69\x6c\x74\x69\x6e\x5f\x6d\x65\x6d\
\x63\x70\x79\x28\x26\x76\x61\x6c\x75\x65\x2d\x3e\x70\x72\x6f\x63\x65\x73\x73\
\x5f\x69\x6e\x66\x6f\x2e\x69\x6d\x61\x67\x65\x5f\x69\x6e\x66\x6f\x2c\0\x20\x20\
\x20\x20\x76\x61\x6c\x75\x65\x2d\x3e\x68\x61\x73\x5f\x66\x75\x6c\x6c\x5f\x70\
\x72\x6f\x63\x65\x73\x73\x5f\x69\x6e\x66\x6f\x20\x3d\x20\x74\x72\x75\x65\x3b\0\
\x20\x20\x20\x20\x5f\x5f\x62\x75\x69\x6c\x74\x69\x6e\x5f\x6d\x65\x6d\x63\x70\
\x79\x28\x26\x76\x61\x6c\x75\x65\x2d\x3e\x70\x72\x6f\x63\x65\x73\x73\x5f\x69\
\x6e\x66\x6f\x2e\x73\x70\x61\x77\x6e\x5f\x6e\x61\x6d\x65\x73\x70\x61\x63\x65\
\x2c\0\x20\x20\x69\x66\x20\x28\x62\x70\x66\x5f\x6d\x61\x70\x5f\x75\x70\x64\x61\
\x74\x65\x5f\x65\x6c\x65\x6d\x28\x26\x63\x72\x6f\x73\x5f\x6e\x65\x74\x77\x6f\
\x72\x6b\x5f\x66\x6c\x6f\x77\x5f\x6d\x61\x70\x2c\x20\x6d\x61\x70\x5f\x6b\x65\
\x79\x2c\x20\x76\x61\x6c\x75\x65\x2c\x20\x42\x50\x46\x5f\x4e\x4f\x45\x58\x49\
\x53\x54\x29\x20\x3c\0\x20\x20\x20\x20\x62\x70\x66\x5f\x70\x72\x69\x6e\x74\x6b\
\x28\x22\x57\x41\x52\x4e\x49\x4e\x47\x3a\x20\x43\x6f\x75\x6c\x64\x20\x6e\x6f\
\x74\x20\x63\x72\x65\x61\x74\x65\x20\x66\x6c\x6f\x77\x20\x65\x6e\x74\x72\x79\
\x3a\x20\x45\x6e\x74\x72\x79\x20\x61\x6c\x72\x65\x61\x64\x79\x20\x65\x78\x69\
\x73\x74\x73\x2e\x22\x29\x3b\0\x63\x72\x6f\x73\x5f\x68\x61\x6e\x64\x6c\x65\x5f\
\x5f\x69\x70\x5f\x6c\x6f\x63\x61\x6c\x5f\x6f\x75\x74\x5f\x65\x78\x69\x74\0\x74\
\x70\x5f\x62\x74\x66\x2f\x63\x72\x6f\x73\x5f\x5f\x69\x70\x5f\x6c\x6f\x63\x61\
\x6c\x5f\x6f\x75\x74\x5f\x65\x78\x69\x74\0\x69\x6e\x74\x20\x42\x50\x46\x5f\x50\
\x52\x4f\x47\x28\x63\x72\x6f\x73\x5f\x68\x61\x6e\x64\x6c\x65\x5f\x5f\x69\x70\
\x5f\x6c\x6f\x63\x61\x6c\x5f\x6f\x75\x74\x5f\x65\x78\x69\x74\x2c\0\x20\x20\x20\
\x20\x20\x20\x66\x6c\x6f\x77\x5f\x6d\x61\x70\x5f\x76\x61\x6c\x75\x65\x2d\x3e\
\x74\x78\x5f\x62\x79\x74\x65\x73\x20\x3d\x20\x66\x6c\x6f\x77\x5f\x6d\x61\x70\
\x5f\x76\x61\x6c\x75\x65\x2d\x3e\x74\x78\x5f\x62\x79\x74\x65\x73\x20\x2b\x20\
\x62\x79\x74\x65\x73\x3b\0\x20\x20\x76\x61\x6c\x75\x65\x2d\x3e\x74\x78\x5f\x62\
\x79\x74\x65\x73\x20\x3d\x20\x74\x78\x5f\x62\x79\x74\x65\x73\x3b\0\x63\x72\x6f\
\x73\x5f\x68\x61\x6e\x64\x6c\x65\x5f\x69\x70\x36\x5f\x66\x69\x6e\x69\x73\x68\
\x5f\x6f\x75\x74\x70\x75\x74\x32\x5f\x65\x6e\x74\x65\x72\0\x74\x70\x5f\x62\x74\
\x66\x2f\x63\x72\x6f\x73\x5f\x69\x70\x36\x5f\x66\x69\x6e\x69\x73\x68\x5f\x6f\
\x75\x74\x70\x75\x74\x32\x5f\x65\x6e\x74\x65\x72\0\x69\x6e\x74\x20\x42\x50\x46\
\x5f\x50\x52\x4f\x47\x28\x63\x72\x6f\x73\x5f\x68\x61\x6e\x64\x6c\x65\x5f\x69\
\x70\x36\x5f\x66\x69\x6e\x69\x73\x68\x5f\x6f\x75\x74\x70\x75\x74\x32\x5f\x65\
\x6e\x74\x65\x72\x2c\0\x20\x20\x66\x6c\x6f\x77\x5f\x6d\x61\x70\x5f\x6b\x65\x79\
\x2e\x66\x69\x76\x65\x5f\x74\x75\x70\x6c\x65\x2e\x66\x61\x6d\x69\x6c\x79\x20\
\x3d\x20\x73\x6b\x5f\x69\x6e\x66\x6f\x2d\x3e\x66\x61\x6d\x69\x6c\x79\x3b\0\x20\
\x20\x73\x74\x72\x75\x63\x74\x20\x73\x6f\x63\x6b\x2a\x20\x73\x6b\x20\x3d\x20\
\x42\x50\x46\x5f\x43\x4f\x52\x45\x5f\x52\x45\x41\x44\x28\x73\x6b\x62\x2c\x20\
\x73\x6b\x29\x3b\0\x69\x70\x76\x36\x68\x64\x72\0\x66\x6c\x6f\x77\x5f\x6c\x62\
\x6c\0\x70\x61\x79\x6c\x6f\x61\x64\x5f\x6c\x65\x6e\0\x6e\x65\x78\x74\x68\x64\
\x72\0\x68\x6f\x70\x5f\x6c\x69\x6d\x69\x74\0\x30\x3a\x36\x3a\x30\x3a\x30\x3a\
\x30\x3a\x30\0\x20\x20\x42\x50\x46\x5f\x43\x4f\x52\x45\x5f\x52\x45\x41\x44\x5f\
\x49\x4e\x54\x4f\x28\x26\x28\x73\x6f\x75\x72\x63\x65\x5f\x61\x64\x64\x72\x2d\
\x3e\x61\x64\x64\x72\x36\x29\x2c\x20\x68\x64\x72\x2c\x20\x73\x61\x64\x64\x72\
\x2e\x69\x6e\x36\x5f\x75\x2e\x75\x36\x5f\x61\x64\x64\x72\x38\x29\x3b\0\x20\x20\
\x66\x69\x76\x65\x5f\x74\x75\x70\x6c\x65\x2d\x3e\x66\x61\x6d\x69\x6c\x79\x20\
\x3d\x20\x43\x52\x4f\x53\x5f\x46\x41\x4d\x49\x4c\x59\x5f\x41\x46\x5f\x49\x4e\
\x45\x54\x36\x3b\0\x30\x3a\x36\x3a\x30\x3a\x31\x3a\x30\x3a\x30\0\x20\x20\x42\
\x50\x46\x5f\x43\x4f\x52\x45\x5f\x52\x45\x41\x44\x5f\x49\x4e\x54\x4f\x28\x26\
\x28\x64\x65\x73\x74\x5f\x61\x64\x64\x72\x2d\x3e\x61\x64\x64\x72\x36\x29\x2c\
\x20\x68\x64\x72\x2c\x20\x64\x61\x64\x64\x72\x2e\x69\x6e\x36\x5f\x75\x2e\x75\
\x36\x5f\x61\x64\x64\x72\x38\x29\x3b\0\x20\x20\x69\x6e\x74\x20\x70\x61\x63\x6b\
\x65\x74\x5f\x73\x69\x7a\x65\x20\x3d\x20\x62\x70\x66\x5f\x6e\x74\x6f\x68\x73\
\x28\x42\x50\x46\x5f\x43\x4f\x52\x45\x5f\x52\x45\x41\x44\x28\x68\x64\x72\x2c\
\x20\x70\x61\x79\x6c\x6f\x61\x64\x5f\x6c\x65\x6e\x29\x29\x3b\0\x30\x3a\x37\x32\
\0\x20\x20\x72\x65\x74\x75\x72\x6e\x20\x63\x72\x6f\x73\x5f\x73\x6b\x62\x5f\x6e\
\x65\x74\x77\x6f\x72\x6b\x5f\x68\x65\x61\x64\x65\x72\x28\x73\x6b\x62\x29\x20\
\x2d\x20\x42\x50\x46\x5f\x43\x4f\x52\x45\x5f\x52\x45\x41\x44\x28\x73\x6b\x62\
\x2c\x20\x64\x61\x74\x61\x29\x3b\0\x20\x20\x5f\x5f\x75\x38\x20\x6e\x65\x78\x74\
\x68\x64\x72\x20\x3d\x20\x42\x50\x46\x5f\x43\x4f\x52\x45\x5f\x52\x45\x41\x44\
\x28\x63\x72\x6f\x73\x5f\x69\x70\x76\x36\x5f\x68\x64\x72\x28\x73\x6b\x62\x29\
\x2c\x20\x6e\x65\x78\x74\x68\x64\x72\x29\x3b\0\x20\x20\x75\x6e\x73\x69\x67\x6e\
\x65\x64\x20\x69\x6e\x74\x20\x73\x74\x61\x72\x74\x20\x3d\x20\x63\x72\x6f\x73\
\x5f\x73\x6b\x62\x5f\x6e\x65\x74\x77\x6f\x72\x6b\x5f\x6f\x66\x66\x73\x65\x74\
\x28\x73\x6b\x62\x29\x20\x2b\x20\x73\x69\x7a\x65\x6f\x66\x28\x73\x74\x72\x75\
\x63\x74\x20\x69\x70\x76\x36\x68\x64\x72\x29\x3b\0\x69\x70\x76\x36\x5f\x6f\x70\
\x74\x5f\x68\x64\x72\0\x68\x64\x72\x6c\x65\x6e\0\x20\x20\x20\x20\x20\x20\x68\
\x64\x72\x6c\x65\x6e\x20\x3d\x20\x63\x72\x6f\x73\x5f\x69\x70\x76\x36\x5f\x6f\
\x70\x74\x6c\x65\x6e\x28\x68\x70\x29\x3b\0\x20\x20\x20\x20\x6e\x65\x78\x74\x68\
\x64\x72\x20\x3d\x20\x42\x50\x46\x5f\x43\x4f\x52\x45\x5f\x52\x45\x41\x44\x28\
\x68\x70\x2c\x20\x6e\x65\x78\x74\x68\x64\x72\x29\x3b\0\x20\x20\x20\x20\x73\x74\
\x61\x72\x74\x20\x2b\x3d\x20\x68\x64\x72\x6c\x65\x6e\x3b\0\x20\x20\x66\x6f\x72\
\x20\x28\x69\x6e\x74\x20\x69\x74\x65\x72\x20\x3d\x20\x30\x3b\x20\x69\x74\x65\
\x72\x20\x3c\x20\x32\x35\x35\x3b\x20\x69\x74\x65\x72\x2b\x2b\x29\x20\x7b\0\x2f\
\x62\x75\x69\x6c\x64\x2f\x61\x72\x6d\x36\x34\x2d\x67\x65\x6e\x65\x72\x69\x63\
\x2f\x74\x6d\x70\x2f\x70\x6f\x72\x74\x61\x67\x65\x2f\x63\x68\x72\x6f\x6d\x65\
\x6f\x73\x2d\x62\x61\x73\x65\x2f\x73\x65\x63\x61\x67\x65\x6e\x74\x64\x2d\x30\
\x2e\x30\x2e\x31\x2d\x72\x34\x32\x31\x2f\x77\x6f\x72\x6b\x2f\x73\x65\x63\x61\
\x67\x65\x6e\x74\x64\x2d\x30\x2e\x30\x2e\x31\x2f\x70\x6c\x61\x74\x66\x6f\x72\
\x6d\x32\x2f\x73\x65\x63\x61\x67\x65\x6e\x74\x64\x2f\x62\x70\x66\x2f\x70\x6f\
\x72\x74\x2f\x69\x6e\x63\x6c\x75\x64\x65\x2f\x6e\x65\x74\x2f\x69\x70\x76\x36\
\x2e\x68\0\x20\x20\x72\x65\x74\x75\x72\x6e\x20\x28\x6e\x65\x78\x74\x68\x64\x72\
\x20\x3d\x3d\x20\x43\x52\x4f\x53\x5f\x4e\x45\x58\x54\x48\x44\x52\x5f\x48\x4f\
\x50\x29\x20\x7c\x7c\x20\x28\x6e\x65\x78\x74\x68\x64\x72\x20\x3d\x3d\x20\x43\
\x52\x4f\x53\x5f\x4e\x45\x58\x54\x48\x44\x52\x5f\x52\x4f\x55\x54\x49\x4e\x47\
\x29\x20\x7c\x7c\0\x20\x20\x20\x20\x69\x66\x20\x28\x28\x21\x63\x72\x6f\x73\x5f\
\x69\x70\x76\x36\x5f\x65\x78\x74\x5f\x68\x64\x72\x28\x6e\x65\x78\x74\x68\x64\
\x72\x29\x29\x20\x7c\x7c\x20\x6e\x65\x78\x74\x68\x64\x72\x20\x3d\x3d\x20\x43\
\x52\x4f\x53\x5f\x4e\x45\x58\x54\x48\x44\x52\x5f\x4e\x4f\x4e\x45\x29\x20\x7b\0\
\x20\x20\x72\x65\x74\x75\x72\x6e\x20\x63\x72\x6f\x73\x5f\x5f\x73\x6b\x62\x5f\
\x68\x65\x61\x64\x65\x72\x5f\x70\x6f\x69\x6e\x74\x65\x72\x28\x73\x6b\x62\x2c\
\x20\x6f\x66\x66\x73\x65\x74\x2c\x20\x6c\x65\x6e\x2c\x20\x42\x50\x46\x5f\x43\
\x4f\x52\x45\x5f\x52\x45\x41\x44\x28\x73\x6b\x62\x2c\x20\x64\x61\x74\x61\x29\
\x2c\0\x20\x20\x72\x65\x74\x75\x72\x6e\x20\x42\x50\x46\x5f\x43\x4f\x52\x45\x5f\
\x52\x45\x41\x44\x28\x73\x6b\x62\x2c\x20\x6c\x65\x6e\x29\x20\x2d\x20\x42\x50\
\x46\x5f\x43\x4f\x52\x45\x5f\x52\x45\x41\x44\x28\x73\x6b\x62\x2c\x20\x64\x61\
\x74\x61\x5f\x6c\x65\x6e\x29\x3b\0\x20\x20\x69\x66\x20\x28\x68\x6c\x65\x6e\x20\
\x2d\x20\x6f\x66\x66\x73\x65\x74\x20\x3e\x3d\x20\x6c\x65\x6e\x29\x20\x7b\0\x20\
\x20\x20\x20\x72\x65\x74\x75\x72\x6e\x20\x28\x76\x6f\x69\x64\x2a\x29\x64\x61\
\x74\x61\x20\x2b\x20\x6f\x66\x66\x73\x65\x74\x3b\x20\x20\x2f\x2f\x20\x4e\x4f\
\x4c\x49\x4e\x54\0\x20\x20\x20\x20\x69\x66\x20\x28\x21\x68\x70\x29\0\x20\x20\
\x20\x20\x69\x66\x20\x28\x6e\x65\x78\x74\x68\x64\x72\x20\x3d\x3d\x20\x43\x52\
\x4f\x53\x5f\x4e\x45\x58\x54\x48\x44\x52\x5f\x46\x52\x41\x47\x4d\x45\x4e\x54\
\x29\x20\x7b\0\x20\x20\x20\x20\x20\x20\x68\x64\x72\x6c\x65\x6e\x20\x3d\x20\x63\
\x72\x6f\x73\x5f\x69\x70\x76\x36\x5f\x61\x75\x74\x68\x6c\x65\x6e\x28\x68\x70\
\x29\x3b\0\x20\x20\x73\x77\x69\x74\x63\x68\x20\x28\x6e\x65\x78\x74\x5f\x68\x65\
\x61\x64\x65\x72\x29\x20\x7b\0\x30\x3a\x35\x32\0\x20\x20\x20\x20\x20\x20\x69\
\x66\x20\x28\x42\x50\x46\x5f\x43\x4f\x52\x45\x5f\x52\x45\x41\x44\x28\x73\x6b\
\x2c\x20\x73\x6b\x5f\x74\x79\x70\x65\x29\x20\x3d\x3d\x20\x53\x4f\x43\x4b\x5f\
\x52\x41\x57\x29\x20\x7b\0\x63\x72\x6f\x73\x5f\x68\x61\x6e\x64\x6c\x65\x5f\x69\
\x70\x36\x5f\x69\x6e\x70\x75\x74\x5f\x65\x78\x69\x74\0\x74\x70\x5f\x62\x74\x66\
\x2f\x63\x72\x6f\x73\x5f\x69\x70\x36\x5f\x69\x6e\x70\x75\x74\x5f\x66\x69\x6e\
\x69\x73\x68\x5f\x65\x6e\x74\x65\x72\0\x69\x6e\x74\x20\x42\x50\x46\x5f\x50\x52\
\x4f\x47\x28\x63\x72\x6f\x73\x5f\x68\x61\x6e\x64\x6c\x65\x5f\x69\x70\x36\x5f\
\x69\x6e\x70\x75\x74\x5f\x65\x78\x69\x74\x2c\0\x63\x72\x6f\x73\x5f\x68\x61\x6e\
\x64\x6c\x65\x5f\x69\x6e\x65\x74\x5f\x61\x63\x63\x65\x70\x74\x5f\x65\x78\x69\
\x74\0\x74\x70\x5f\x62\x74\x66\x2f\x63\x72\x6f\x73\x5f\x69\x6e\x65\x74\x5f\x61\
\x63\x63\x65\x70\x74\x5f\x65\x78\x69\x74\0\x69\x6e\x74\x20\x42\x50\x46\x5f\x50\
\x52\x4f\x47\x28\x63\x72\x6f\x73\x5f\x68\x61\x6e\x64\x6c\x65\x5f\x69\x6e\x65\
\x74\x5f\x61\x63\x63\x65\x70\x74\x5f\x65\x78\x69\x74\x2c\0\x20\x20\x69\x66\x20\
\x28\x72\x76\x20\x3c\x20\x30\x29\x20\x7b\0\x20\x20\x5f\x5f\x62\x75\x69\x6c\x74\
\x69\x6e\x5f\x6d\x65\x6d\x73\x65\x74\x28\x26\x6b\x65\x79\x2c\x20\x30\x2c\x20\
\x73\x69\x7a\x65\x6f\x66\x28\x6b\x65\x79\x29\x29\x3b\0\x20\x20\x20\x20\x20\x20\
\x62\x70\x66\x5f\x73\x6b\x5f\x73\x74\x6f\x72\x61\x67\x65\x5f\x67\x65\x74\x28\
\x26\x73\x6b\x5f\x73\x74\x6f\x72\x61\x67\x65\x2c\x20\x73\x6f\x63\x6b\x2d\x3e\
\x73\x6b\x2c\x20\x30\x2c\x20\x30\x29\x3b\0\x20\x20\x69\x66\x20\x28\x73\x6b\x5f\
\x69\x6e\x66\x6f\x20\x21\x3d\x20\x4e\x55\x4c\x4c\x29\x20\x7b\0\x20\x20\x20\x20\
\x20\x20\x62\x70\x66\x5f\x73\x6b\x5f\x73\x74\x6f\x72\x61\x67\x65\x5f\x67\x65\
\x74\x28\x26\x73\x6b\x5f\x73\x74\x6f\x72\x61\x67\x65\x2c\x20\x73\x6f\x63\x6b\
\x2d\x3e\x73\x6b\x2c\x20\x30\x2c\x20\x42\x50\x46\x5f\x53\x4b\x5f\x53\x54\x4f\
\x52\x41\x47\x45\x5f\x47\x45\x54\x5f\x46\x5f\x43\x52\x45\x41\x54\x45\x29\x3b\0\
\x20\x20\x69\x66\x20\x28\x21\x73\x6b\x5f\x69\x6e\x66\x6f\x29\x20\x7b\0\x20\x20\
\x73\x6b\x5f\x69\x6e\x66\x6f\x2d\x3e\x66\x61\x6d\x69\x6c\x79\x20\x3d\x20\x73\
\x6f\x63\x6b\x2d\x3e\x73\x6b\x2d\x3e\x5f\x5f\x73\x6b\x5f\x63\x6f\x6d\x6d\x6f\
\x6e\x2e\x73\x6b\x63\x5f\x66\x61\x6d\x69\x6c\x79\x3b\0\x20\x20\x20\x20\x20\x20\
\x64\x65\x74\x65\x72\x6d\x69\x6e\x65\x5f\x70\x72\x6f\x74\x6f\x63\x6f\x6c\x28\
\x73\x6b\x5f\x69\x6e\x66\x6f\x2d\x3e\x66\x61\x6d\x69\x6c\x79\x2c\x20\x73\x6f\
\x63\x6b\x2d\x3e\x74\x79\x70\x65\x2c\x20\x73\x6f\x63\x6b\x2d\x3e\x73\x6b\x2d\
\x3e\x73\x6b\x5f\x70\x72\x6f\x74\x6f\x63\x6f\x6c\x29\x3b\0\x20\x20\x73\x6b\x5f\
\x69\x6e\x66\x6f\x2d\x3e\x70\x72\x6f\x74\x6f\x63\x6f\x6c\x20\x3d\0\x20\x20\x73\
\x6b\x5f\x69\x6e\x66\x6f\x2d\x3e\x73\x6f\x63\x6b\x5f\x69\x64\x20\x3d\x20\x62\
\x70\x66\x5f\x67\x65\x74\x5f\x73\x6f\x63\x6b\x65\x74\x5f\x63\x6f\x6f\x6b\x69\
\x65\x28\x73\x6f\x63\x6b\x2d\x3e\x73\x6b\x29\x3b\0\x20\x20\x73\x6b\x5f\x69\x6e\
\x66\x6f\x2d\x3e\x68\x61\x73\x5f\x66\x75\x6c\x6c\x5f\x70\x72\x6f\x63\x65\x73\
\x73\x5f\x69\x6e\x66\x6f\x20\x3d\x20\x66\x69\x6c\x6c\x5f\x70\x72\x6f\x63\x65\
\x73\x73\x5f\x73\x74\x61\x72\x74\x28\x26\x73\x6b\x5f\x69\x6e\x66\x6f\x2d\x3e\
\x70\x72\x6f\x63\x65\x73\x73\x5f\x73\x74\x61\x72\x74\x29\x3b\0\x20\x20\x6b\x65\
\x79\x2e\x73\x6f\x63\x6b\x5f\x69\x64\x20\x3d\x20\x73\x6b\x5f\x69\x6e\x66\x6f\
\x2d\x3e\x73\x6f\x63\x6b\x5f\x69\x64\x3b\0\x20\x20\x73\x74\x72\x75\x63\x74\x20\
\x73\x6f\x63\x6b\x5f\x63\x6f\x6d\x6d\x6f\x6e\x20\x73\x6b\x5f\x63\x6f\x6d\x6d\
\x6f\x6e\x20\x3d\x20\x42\x50\x46\x5f\x43\x4f\x52\x45\x5f\x52\x45\x41\x44\x28\
\x73\x6f\x63\x6b\x2c\x20\x73\x6b\x2c\x20\x5f\x5f\x73\x6b\x5f\x63\x6f\x6d\x6d\
\x6f\x6e\x29\x3b\0\x20\x20\x66\x69\x76\x65\x5f\x74\x75\x70\x6c\x65\x2d\x3e\x66\
\x61\x6d\x69\x6c\x79\x20\x3d\x20\x73\x6b\x5f\x63\x6f\x6d\x6d\x6f\x6e\x2e\x73\
\x6b\x63\x5f\x66\x61\x6d\x69\x6c\x79\x3b\0\x20\x20\x20\x20\x20\x20\x64\x65\x74\
\x65\x72\x6d\x69\x6e\x65\x5f\x70\x72\x6f\x74\x6f\x63\x6f\x6c\x28\x66\x69\x76\
\x65\x5f\x74\x75\x70\x6c\x65\x2d\x3e\x66\x61\x6d\x69\x6c\x79\x2c\x20\x42\x50\
\x46\x5f\x43\x4f\x52\x45\x5f\x52\x45\x41\x44\x28\x73\x6f\x63\x6b\x2c\x20\x74\
\x79\x70\x65\x29\x2c\0\x20\x20\x20\x20\x20\x20\x20\x20\x20\x20\x20\x20\x20\x20\
\x20\x20\x20\x20\x20\x20\x20\x20\x20\x20\x20\x42\x50\x46\x5f\x43\x4f\x52\x45\
\x5f\x52\x45\x41\x44\x28\x73\x6f\x63\x6b\x2c\x20\x73\x6b\x2c\x20\x73\x6b\x5f\
\x70\x72\x6f\x74\x6f\x63\x6f\x6c\x29\x29\x3b\0\x20\x20\x66\x69\x76\x65\x5f\x74\
\x75\x70\x6c\x65\x2d\x3e\x70\x72\x6f\x74\x6f\x63\x6f\x6c\x20\x3d\0\x20\x20\x69\
\x66\x20\x28\x66\x69\x76\x65\x5f\x74\x75\x70\x6c\x65\x2d\x3e\x66\x61\x6d\x69\
\x6c\x79\x20\x3d\x3d\x20\x43\x52\x4f\x53\x5f\x46\x41\x4d\x49\x4c\x59\x5f\x41\
\x46\x5f\x49\x4e\x45\x54\x29\x20\x7b\0\x20\x20\x20\x20\x66\x69\x76\x65\x5f\x74\
\x75\x70\x6c\x65\x2d\x3e\x72\x65\x6d\x6f\x74\x65\x5f\x61\x64\x64\x72\x2e\x61\
\x64\x64\x72\x34\x20\x3d\x20\x73\x6b\x5f\x63\x6f\x6d\x6d\x6f\x6e\x2e\x73\x6b\
\x63\x5f\x64\x61\x64\x64\x72\x3b\0\x30\x3a\x30\x3a\x31\x3a\x30\0\x30\x3a\x30\
\x3a\x31\x3a\x31\0\x20\x20\x20\x20\x66\x69\x76\x65\x5f\x74\x75\x70\x6c\x65\x2d\
\x3e\x6c\x6f\x63\x61\x6c\x5f\x61\x64\x64\x72\x2e\x61\x64\x64\x72\x34\x20\x3d\
\x20\x73\x6b\x5f\x63\x6f\x6d\x6d\x6f\x6e\x2e\x73\x6b\x63\x5f\x72\x63\x76\x5f\
\x73\x61\x64\x64\x72\x3b\0\x30\x3a\x31\x34\x3a\x30\x3a\x30\0\x20\x20\x20\x20\
\x5f\x5f\x62\x75\x69\x6c\x74\x69\x6e\x5f\x6d\x65\x6d\x63\x70\x79\x28\x66\x69\
\x76\x65\x5f\x74\x75\x70\x6c\x65\x2d\x3e\x6c\x6f\x63\x61\x6c\x5f\x61\x64\x64\
\x72\x2e\x61\x64\x64\x72\x36\x2c\0\x30\x3a\x31\x33\x3a\x30\x3a\x30\0\x20\x20\
\x20\x20\x5f\x5f\x62\x75\x69\x6c\x74\x69\x6e\x5f\x6d\x65\x6d\x63\x70\x79\x28\
\x66\x69\x76\x65\x5f\x74\x75\x70\x6c\x65\x2d\x3e\x72\x65\x6d\x6f\x74\x65\x5f\
\x61\x64\x64\x72\x2e\x61\x64\x64\x72\x36\x2c\0\x20\x20\x66\x69\x76\x65\x5f\x74\
\x75\x70\x6c\x65\x2d\x3e\x72\x65\x6d\x6f\x74\x65\x5f\x70\x6f\x72\x74\x20\x3d\
\x20\x73\x6b\x5f\x63\x6f\x6d\x6d\x6f\x6e\x2e\x73\x6b\x63\x5f\x64\x70\x6f\x72\
\x74\x3b\0\x30\x3a\x32\x3a\x31\x3a\x30\0\x30\x3a\x32\x3a\x31\x3a\x31\0\x20\x20\
\x66\x69\x76\x65\x5f\x74\x75\x70\x6c\x65\x2d\x3e\x6c\x6f\x63\x61\x6c\x5f\x70\
\x6f\x72\x74\x20\x3d\x20\x73\x6b\x5f\x63\x6f\x6d\x6d\x6f\x6e\x2e\x73\x6b\x63\
\x5f\x6e\x75\x6d\x3b\0\x20\x20\x76\x61\x6c\x75\x65\x5f\x72\x65\x66\x20\x3d\x20\
\x62\x70\x66\x5f\x6d\x61\x70\x5f\x6c\x6f\x6f\x6b\x75\x70\x5f\x65\x6c\x65\x6d\
\x28\x26\x63\x72\x6f\x73\x5f\x6e\x65\x74\x77\x6f\x72\x6b\x5f\x66\x6c\x6f\x77\
\x5f\x6d\x61\x70\x2c\x20\x26\x6b\x65\x79\x29\x3b\0\x20\x20\x69\x66\x20\x28\x76\
\x61\x6c\x75\x65\x5f\x72\x65\x66\x29\x20\x7b\x20\x20\x2f\x2f\x20\x65\x6e\x74\
\x72\x79\x20\x61\x6c\x72\x65\x61\x64\x79\x20\x65\x78\x69\x73\x74\x2e\x2e\x20\
\x74\x68\x69\x73\x20\x73\x68\x6f\x75\x6c\x64\x6e\x27\x74\x20\x62\x65\x20\x74\
\x68\x65\x20\x63\x61\x73\x65\x2e\0\x63\x72\x6f\x73\x5f\x68\x61\x6e\x64\x6c\x65\
\x5f\x5f\x5f\x69\x6e\x65\x74\x5f\x73\x74\x72\x65\x61\x6d\x5f\x63\x6f\x6e\x6e\
\x65\x63\x74\x5f\x65\x78\x69\x74\0\x74\x70\x5f\x62\x74\x66\x2f\x63\x72\x6f\x73\
\x5f\x69\x6e\x65\x74\x5f\x73\x74\x72\x65\x61\x6d\x5f\x63\x6f\x6e\x6e\x65\x63\
\x74\x5f\x65\x78\x69\x74\0\x69\x6e\x74\x20\x42\x50\x46\x5f\x50\x52\x4f\x47\x28\
\x63\x72\x6f\x73\x5f\x68\x61\x6e\x64\x6c\x65\x5f\x5f\x5f\x69\x6e\x65\x74\x5f\
\x73\x74\x72\x65\x61\x6d\x5f\x63\x6f\x6e\x6e\x65\x63\x74\x5f\x65\x78\x69\x74\
\x2c\0\x20\x20\x20\x20\x62\x70\x66\x5f\x70\x72\x69\x6e\x74\x6b\x28\x22\x69\x6e\
\x65\x74\x5f\x63\x6f\x6e\x6e\x65\x63\x74\x20\x77\x61\x73\x20\x75\x6e\x61\x62\
\x6c\x65\x20\x74\x6f\x20\x61\x6c\x6c\x6f\x63\x61\x74\x65\x20\x61\x6e\x64\x20\
\x70\x6f\x70\x75\x6c\x61\x74\x65\x20\x73\x6b\x5f\x69\x6e\x66\x6f\x22\x29\x3b\0\
\x20\x20\x69\x66\x20\x28\x76\x61\x6c\x75\x65\x5f\x72\x65\x66\x29\x20\x7b\0\x20\
\x20\x20\x20\x76\x61\x6c\x75\x65\x5f\x72\x65\x66\x2d\x3e\x64\x69\x72\x65\x63\
\x74\x69\x6f\x6e\x20\x3d\x20\x43\x52\x4f\x53\x5f\x53\x4f\x43\x4b\x45\x54\x5f\
\x44\x49\x52\x45\x43\x54\x49\x4f\x4e\x5f\x4f\x55\x54\x3b\0\x63\x72\x6f\x73\x5f\
\x68\x61\x6e\x64\x6c\x65\x5f\x69\x6e\x65\x74\x5f\x72\x65\x6c\x65\x61\x73\x65\
\x5f\x65\x6e\x74\x65\x72\0\x74\x70\x5f\x62\x74\x66\x2f\x63\x72\x6f\x73\x5f\x69\
\x6e\x65\x74\x5f\x72\x65\x6c\x65\x61\x73\x65\x5f\x65\x6e\x74\x65\x72\0\x69\x6e\
\x74\x20\x42\x50\x46\x5f\x50\x52\x4f\x47\x28\x63\x72\x6f\x73\x5f\x68\x61\x6e\
\x64\x6c\x65\x5f\x69\x6e\x65\x74\x5f\x72\x65\x6c\x65\x61\x73\x65\x5f\x65\x6e\
\x74\x65\x72\x2c\x20\x73\x74\x72\x75\x63\x74\x20\x73\x6f\x63\x6b\x65\x74\x2a\
\x20\x73\x6f\x63\x6b\x29\x20\x7b\0\x20\x20\x75\x69\x6e\x74\x36\x34\x5f\x74\x20\
\x6b\x65\x79\x20\x3d\x20\x28\x75\x69\x6e\x74\x36\x34\x5f\x74\x29\x73\x6f\x63\
\x6b\x3b\0\x20\x20\x69\x66\x20\x28\x62\x70\x66\x5f\x6d\x61\x70\x5f\x64\x65\x6c\
\x65\x74\x65\x5f\x65\x6c\x65\x6d\x28\x26\x61\x63\x74\x69\x76\x65\x5f\x73\x6f\
\x63\x6b\x65\x74\x5f\x6d\x61\x70\x2c\x20\x26\x6b\x65\x79\x29\x20\x3d\x3d\x20\
\x2d\x31\x29\x20\x7b\0\x20\x20\x20\x20\x62\x70\x66\x5f\x70\x72\x69\x6e\x74\x6b\
\x28\x22\x69\x6e\x65\x74\x5f\x72\x65\x6c\x65\x61\x73\x65\x3a\x20\x61\x63\x74\
\x69\x76\x65\x20\x73\x6f\x63\x6b\x65\x74\x20\x64\x65\x6c\x65\x74\x69\x6f\x6e\
\x20\x66\x61\x69\x6c\x65\x64\x20\x66\x6f\x72\x20\x25\x64\x2e\x22\x2c\x20\x6b\
\x65\x79\x29\x3b\0\x63\x72\x6f\x73\x5f\x68\x61\x6e\x64\x6c\x65\x5f\x69\x6e\x65\
\x74\x5f\x73\x65\x6e\x64\x6d\x73\x67\x5f\x65\x6e\x74\x65\x72\0\x74\x70\x5f\x62\
\x74\x66\x2f\x63\x72\x6f\x73\x5f\x69\x6e\x65\x74\x5f\x73\x65\x6e\x64\x6d\x73\
\x67\x5f\x65\x6e\x74\x65\x72\0\x69\x6e\x74\x20\x42\x50\x46\x5f\x50\x52\x4f\x47\
\x28\x63\x72\x6f\x73\x5f\x68\x61\x6e\x64\x6c\x65\x5f\x69\x6e\x65\x74\x5f\x73\
\x65\x6e\x64\x6d\x73\x67\x5f\x65\x6e\x74\x65\x72\x2c\0\x20\x20\x20\x20\x62\x70\
\x66\x5f\x70\x72\x69\x6e\x74\x6b\x28\x22\x69\x6e\x65\x74\x5f\x73\x65\x6e\x64\
\x6d\x73\x67\x20\x77\x61\x73\x20\x75\x6e\x61\x62\x6c\x65\x20\x74\x6f\x20\x61\
\x6c\x6c\x6f\x63\x61\x74\x65\x20\x61\x6e\x64\x20\x70\x6f\x70\x75\x6c\x61\x74\
\x65\x20\x73\x6b\x5f\x69\x6e\x66\x6f\x22\x29\x3b\0\x63\x72\x6f\x73\x5f\x68\x61\
\x6e\x64\x6c\x65\x5f\x69\x6e\x65\x74\x5f\x72\x65\x63\x76\x6d\x73\x67\x5f\x65\
\x78\x69\x74\0\x74\x70\x5f\x62\x74\x66\x2f\x63\x72\x6f\x73\x5f\x69\x6e\x65\x74\
\x5f\x72\x65\x63\x76\x6d\x73\x67\x5f\x65\x78\x69\x74\0\x69\x6e\x74\x20\x42\x50\
\x46\x5f\x50\x52\x4f\x47\x28\x63\x72\x6f\x73\x5f\x68\x61\x6e\x64\x6c\x65\x5f\
\x69\x6e\x65\x74\x5f\x72\x65\x63\x76\x6d\x73\x67\x5f\x65\x78\x69\x74\x2c\0\x20\
\x20\x20\x20\x62\x70\x66\x5f\x70\x72\x69\x6e\x74\x6b\x28\x22\x69\x6e\x65\x74\
\x5f\x72\x65\x63\x76\x6d\x73\x67\x20\x77\x61\x73\x20\x75\x6e\x61\x62\x6c\x65\
\x20\x74\x6f\x20\x61\x6c\x6c\x6f\x63\x61\x74\x65\x20\x61\x6e\x64\x20\x70\x6f\
\x70\x75\x6c\x61\x74\x65\x20\x73\x6b\x5f\x69\x6e\x66\x6f\x22\x29\x3b\0\x4c\x49\
\x43\x45\x4e\x53\x45\0\x5f\x5f\x5f\x5f\x63\x72\x6f\x73\x5f\x68\x61\x6e\x64\x6c\
\x65\x5f\x69\x6e\x65\x74\x5f\x6c\x69\x73\x74\x65\x6e\x2e\x5f\x5f\x5f\x5f\x66\
\x6d\x74\0\x63\x72\x6f\x73\x5f\x69\x73\x5f\x69\x66\x69\x6e\x64\x65\x78\x5f\x65\
\x78\x74\x65\x72\x6e\x61\x6c\x2e\x5f\x5f\x5f\x5f\x66\x6d\x74\0\x63\x72\x6f\x73\
\x5f\x69\x73\x5f\x69\x66\x69\x6e\x64\x65\x78\x5f\x65\x78\x74\x65\x72\x6e\x61\
\x6c\x2e\x5f\x5f\x5f\x5f\x66\x6d\x74\x2e\x31\0\x63\x72\x6f\x73\x5f\x6e\x65\x77\
\x5f\x66\x6c\x6f\x77\x5f\x65\x6e\x74\x72\x79\x2e\x5f\x5f\x5f\x5f\x66\x6d\x74\0\
\x5f\x5f\x5f\x5f\x63\x72\x6f\x73\x5f\x68\x61\x6e\x64\x6c\x65\x5f\x69\x6e\x65\
\x74\x5f\x61\x63\x63\x65\x70\x74\x5f\x65\x78\x69\x74\x2e\x5f\x5f\x5f\x5f\x66\
\x6d\x74\0\x5f\x5f\x5f\x5f\x63\x72\x6f\x73\x5f\x68\x61\x6e\x64\x6c\x65\x5f\x69\
\x6e\x65\x74\x5f\x61\x63\x63\x65\x70\x74\x5f\x65\x78\x69\x74\x2e\x5f\x5f\x5f\
\x5f\x66\x6d\x74\x2e\x36\0\x5f\x5f\x5f\x5f\x63\x72\x6f\x73\x5f\x68\x61\x6e\x64\
\x6c\x65\x5f\x5f\x5f\x69\x6e\x65\x74\x5f\x73\x74\x72\x65\x61\x6d\x5f\x63\x6f\
\x6e\x6e\x65\x63\x74\x5f\x65\x78\x69\x74\x2e\x5f\x5f\x5f\x5f\x66\x6d\x74\0\x5f\
\x5f\x5f\x5f\x63\x72\x6f\x73\x5f\x68\x61\x6e\x64\x6c\x65\x5f\x69\x6e\x65\x74\
\x5f\x72\x65\x6c\x65\x61\x73\x65\x5f\x65\x6e\x74\x65\x72\x2e\x5f\x5f\x5f\x5f\
\x66\x6d\x74\0\x5f\x5f\x5f\x5f\x63\x72\x6f\x73\x5f\x68\x61\x6e\x64\x6c\x65\x5f\
\x69\x6e\x65\x74\x5f\x73\x65\x6e\x64\x6d\x73\x67\x5f\x65\x6e\x74\x65\x72\x2e\
\x5f\x5f\x5f\x5f\x66\x6d\x74\0\x5f\x5f\x5f\x5f\x63\x72\x6f\x73\x5f\x68\x61\x6e\
\x64\x6c\x65\x5f\x69\x6e\x65\x74\x5f\x72\x65\x63\x76\x6d\x73\x67\x5f\x65\x78\
\x69\x74\x2e\x5f\x5f\x5f\x5f\x66\x6d\x74\0\x2e\x6d\x61\x70\x73\0\x2e\x72\x6f\
\x64\x61\x74\x61\0\x6c\x69\x63\x65\x6e\x73\x65\0\x76\x66\x73\x6d\x6f\x75\x6e\
\x74\0\x74\x61\x73\x6b\x5f\x67\x72\x6f\x75\x70\0\x75\x73\x65\x72\x5f\x6e\x61\
\x6d\x65\x73\x70\x61\x63\x65\0\x70\x72\x6f\x63\x5f\x6e\x73\x5f\x6f\x70\x65\x72\
\x61\x74\x69\x6f\x6e\x73\0\x6b\x65\x72\x6e\x66\x73\x5f\x6e\x6f\x64\x65\0\x66\
\x77\x6e\x6f\x64\x65\x5f\x68\x61\x6e\x64\x6c\x65\0\x76\x6d\x5f\x6f\x70\x65\x72\
\x61\x74\x69\x6f\x6e\x73\x5f\x73\x74\x72\x75\x63\x74\0\x6c\x69\x6e\x75\x78\x5f\
\x62\x69\x6e\x66\x6d\x74\0\x6d\x6f\x64\x75\x6c\x65\0\x6b\x6f\x62\x6a\x5f\x74\
\x79\x70\x65\0\x61\x64\x64\x72\x65\x73\x73\x5f\x73\x70\x61\x63\x65\x5f\x6f\x70\
\x65\x72\x61\x74\x69\x6f\x6e\x73\0\x64\x65\x76\x69\x63\x65\x5f\x70\x72\x69\x76\
\x61\x74\x65\0\x64\x65\x76\x69\x63\x65\x5f\x64\x72\x69\x76\x65\x72\0\x62\x75\
\x73\x5f\x74\x79\x70\x65\0\x66\x69\x6c\x65\x5f\x6f\x70\x65\x72\x61\x74\x69\x6f\
\x6e\x73\0\x6e\x6f\x74\x69\x66\x69\x65\x72\x5f\x62\x6c\x6f\x63\x6b\0\x64\x65\
\x76\x69\x63\x65\x5f\x6e\x6f\x64\x65\0\x68\x72\x74\x69\x6d\x65\x72\x5f\x63\x6c\
\x6f\x63\x6b\x5f\x62\x61\x73\x65\0\x70\x69\x70\x65\x5f\x69\x6e\x6f\x64\x65\x5f\
\x69\x6e\x66\x6f\0\x66\x61\x73\x79\x6e\x63\x5f\x73\x74\x72\x75\x63\x74\0\x75\
\x73\x65\x72\x5f\x73\x74\x72\x75\x63\x74\0\x6e\x65\x74\x64\x65\x76\x5f\x6e\x61\
\x6d\x65\x5f\x6e\x6f\x64\x65\0\x64\x65\x76\x5f\x69\x66\x61\x6c\x69\x61\x73\0\
\x6e\x65\x74\x5f\x64\x65\x76\x69\x63\x65\x5f\x6f\x70\x73\0\x6c\x77\x74\x75\x6e\
\x6e\x65\x6c\x5f\x73\x74\x61\x74\x65\0\x6e\x65\x69\x67\x68\x5f\x70\x61\x72\x6d\
\x73\0\x6b\x65\x79\x5f\x74\x61\x67\0\x70\x72\x6f\x63\x5f\x64\x69\x72\x5f\x65\
\x6e\x74\x72\x79\0\x6e\x65\x74\x5f\x67\x65\x6e\x65\x72\x69\x63\0\x72\x74\x36\
\x5f\x69\x6e\x66\x6f\0\x69\x6e\x65\x74\x36\x5f\x64\x65\x76\0\x63\x74\x6c\x5f\
\x74\x61\x62\x6c\x65\x5f\x72\x6f\x6f\x74\0\x63\x74\x6c\x5f\x6e\x6f\x64\x65\0\
\x69\x70\x73\x74\x61\x74\x73\x5f\x6d\x69\x62\0\x74\x63\x70\x5f\x6d\x69\x62\0\
\x6c\x69\x6e\x75\x78\x5f\x6d\x69\x62\0\x75\x64\x70\x5f\x6d\x69\x62\0\x69\x63\
\x6d\x70\x5f\x6d\x69\x62\0\x69\x63\x6d\x70\x6d\x73\x67\x5f\x6d\x69\x62\0\x69\
\x63\x6d\x70\x76\x36\x5f\x6d\x69\x62\0\x69\x63\x6d\x70\x76\x36\x6d\x73\x67\x5f\
\x6d\x69\x62\0\x69\x6e\x65\x74\x5f\x68\x61\x73\x68\x69\x6e\x66\x6f\0\x6b\x6d\
\x65\x6d\x5f\x63\x61\x63\x68\x65\0\x69\x70\x76\x34\x5f\x64\x65\x76\x63\x6f\x6e\
\x66\0\x69\x70\x5f\x72\x61\x5f\x63\x68\x61\x69\x6e\0\x66\x69\x62\x5f\x72\x75\
\x6c\x65\x73\x5f\x6f\x70\x73\0\x66\x69\x62\x5f\x74\x61\x62\x6c\x65\0\x69\x6e\
\x65\x74\x5f\x70\x65\x65\x72\x5f\x62\x61\x73\x65\0\x74\x63\x70\x5f\x63\x6f\x6e\
\x67\x65\x73\x74\x69\x6f\x6e\x5f\x6f\x70\x73\0\x74\x63\x70\x5f\x66\x61\x73\x74\
\x6f\x70\x65\x6e\x5f\x63\x6f\x6e\x74\x65\x78\x74\0\x6d\x72\x5f\x74\x61\x62\x6c\
\x65\0\x66\x69\x62\x5f\x6e\x6f\x74\x69\x66\x69\x65\x72\x5f\x6f\x70\x73\0\x78\
\x66\x72\x6d\x5f\x73\x74\x61\x74\x65\0\x78\x66\x72\x6d\x5f\x73\x65\x63\x5f\x63\
\x74\x78\0\x6e\x65\x69\x67\x68\x5f\x74\x61\x62\x6c\x65\0\x6e\x65\x69\x67\x68\
\x5f\x6f\x70\x73\0\x69\x70\x76\x36\x5f\x64\x65\x76\x63\x6f\x6e\x66\0\x66\x69\
\x62\x36\x5f\x69\x6e\x66\x6f\0\x66\x69\x62\x36\x5f\x74\x61\x62\x6c\x65\0\x77\
\x70\x61\x6e\x5f\x64\x65\x76\0\x72\x74\x36\x5f\x73\x74\x61\x74\x69\x73\x74\x69\
\x63\x73\0\x73\x65\x67\x36\x5f\x70\x65\x72\x6e\x65\x74\x5f\x64\x61\x74\x61\0\
\x69\x6f\x61\x6d\x36\x5f\x70\x65\x72\x6e\x65\x74\x5f\x64\x61\x74\x61\0\x63\x74\
\x5f\x70\x63\x70\x75\0\x69\x70\x5f\x63\x6f\x6e\x6e\x74\x72\x61\x63\x6b\x5f\x73\
\x74\x61\x74\0\x6e\x66\x5f\x63\x74\x5f\x65\x76\x65\x6e\x74\x5f\x6e\x6f\x74\x69\
\x66\x69\x65\x72\0\x62\x70\x66\x5f\x70\x72\x6f\x67\x5f\x73\x74\x61\x74\x73\0\
\x62\x70\x66\x5f\x70\x72\x6f\x67\x5f\x61\x75\x78\0\x6c\x6f\x63\x6b\x5f\x63\x6c\
\x61\x73\x73\x5f\x6b\x65\x79\0\x62\x70\x66\x5f\x6c\x6f\x63\x61\x6c\x5f\x73\x74\
\x6f\x72\x61\x67\x65\0\x70\x69\x64\x5f\x6e\x61\x6d\x65\x73\x70\x61\x63\x65\0\
\x73\x6f\x63\x6b\x5f\x66\x70\x72\x6f\x67\x5f\x6b\x65\x72\x6e\0\x62\x70\x66\x5f\
\x73\x74\x6f\x72\x61\x67\x65\x5f\x62\x75\x66\x66\x65\x72\0\x62\x70\x66\x5f\x63\
\x67\x72\x6f\x75\x70\x5f\x73\x74\x6f\x72\x61\x67\x65\x5f\x6d\x61\x70\0\x69\x6e\
\x5f\x64\x65\x76\x69\x63\x65\0\x73\x69\x67\x6e\x61\x6c\x5f\x73\x74\x72\x75\x63\
\x74\0\x77\x69\x72\x65\x6c\x65\x73\x73\x5f\x64\x65\x76\0\x63\x73\x73\x5f\x73\
\x65\x74\0\x6e\x65\x74\x64\x65\x76\x5f\x72\x78\x5f\x71\x75\x65\x75\x65\0\x6d\
\x69\x6e\x69\x5f\x51\x64\x69\x73\x63\0\x51\x64\x69\x73\x63\0\x6e\x65\x74\x64\
\x65\x76\x5f\x71\x75\x65\x75\x65\0\x63\x70\x75\x5f\x72\x6d\x61\x70\0\x78\x64\
\x70\x5f\x64\x65\x76\x5f\x62\x75\x6c\x6b\x5f\x71\x75\x65\x75\x65\0\x70\x63\x70\
\x75\x5f\x73\x77\x5f\x6e\x65\x74\x73\x74\x61\x74\x73\0\x70\x63\x70\x75\x5f\x6c\
\x73\x74\x61\x74\x73\0\x70\x68\x79\x5f\x64\x65\x76\x69\x63\x65\0\x69\x72\x71\
\x5f\x64\x6f\x6d\x61\x69\x6e\0\x62\x70\x66\x5f\x78\x64\x70\x5f\x6c\x69\x6e\x6b\
\0\x73\x6b\x62\x5f\x65\x78\x74\0\x73\x6f\x63\x6b\x5f\x72\x65\x75\x73\x65\x70\
\x6f\x72\x74\0\x64\x65\x76\x69\x63\x65\x5f\x74\x79\x70\x65\0\x77\x61\x6b\x65\
\x75\x70\x5f\x73\x6f\x75\x72\x63\x65\0\x77\x61\x6b\x65\x5f\x69\x72\x71\0\x64\
\x65\x76\x5f\x70\x6d\x5f\x64\x6f\x6d\x61\x69\x6e\0\x70\x6d\x5f\x73\x75\x62\x73\
\x79\x73\x5f\x64\x61\x74\x61\0\x64\x65\x76\x5f\x70\x6d\x5f\x71\x6f\x73\0\x65\
\x6d\x5f\x70\x65\x72\x66\x5f\x64\x6f\x6d\x61\x69\x6e\0\x64\x65\x76\x5f\x70\x69\
\x6e\x5f\x69\x6e\x66\x6f\0\x64\x6d\x61\x5f\x6d\x61\x70\x5f\x6f\x70\x73\0\x62\
\x75\x73\x5f\x64\x6d\x61\x5f\x72\x65\x67\x69\x6f\x6e\0\x64\x65\x76\x69\x63\x65\
\x5f\x64\x6d\x61\x5f\x70\x61\x72\x61\x6d\x65\x74\x65\x72\x73\0\x64\x6d\x61\x5f\
\x63\x6f\x68\x65\x72\x65\x6e\x74\x5f\x6d\x65\x6d\0\x69\x6f\x5f\x74\x6c\x62\x5f\
\x6d\x65\x6d\0\x64\x65\x76\x5f\x69\x6f\x6d\x6d\x75\0\x64\x65\x76\x69\x63\x65\
\x5f\x70\x68\x79\x73\x69\x63\x61\x6c\x5f\x6c\x6f\x63\x61\x74\x69\x6f\x6e\0\x72\
\x65\x71\x75\x65\x73\x74\x5f\x71\x75\x65\x75\x65\0\x74\x72\x61\x63\x65\x5f\x65\
\x76\x65\x6e\x74\x5f\x63\x61\x6c\x6c\0\x65\x76\x65\x6e\x74\x5f\x66\x69\x6c\x74\
\x65\x72\0\x66\x74\x72\x61\x63\x65\x5f\x68\x61\x73\x68\0\x70\x65\x72\x66\x5f\
\x62\x75\x66\x66\x65\x72\0\x70\x65\x72\x66\x5f\x61\x64\x64\x72\x5f\x66\x69\x6c\
\x74\x65\x72\x5f\x72\x61\x6e\x67\x65\0\x70\x65\x72\x66\x5f\x72\x61\x77\x5f\x72\
\x65\x63\x6f\x72\x64\0\x70\x65\x72\x66\x5f\x62\x72\x61\x6e\x63\x68\x5f\x73\x74\
\x61\x63\x6b\0\x70\x65\x72\x66\x5f\x63\x61\x6c\x6c\x63\x68\x61\x69\x6e\x5f\x65\
\x6e\x74\x72\x79\0\x6b\x65\x72\x6e\x65\x6c\x5f\x73\x69\x67\x69\x6e\x66\x6f\0\
\x6b\x69\x6f\x63\x74\x78\x5f\x74\x61\x62\x6c\x65\0\x6d\x6d\x75\x5f\x6e\x6f\x74\
\x69\x66\x69\x65\x72\x5f\x73\x75\x62\x73\x63\x72\x69\x70\x74\x69\x6f\x6e\x73\0\
\x75\x73\x65\x72\x66\x61\x75\x6c\x74\x66\x64\x5f\x63\x74\x78\0\x72\x63\x75\x5f\
\x6e\x6f\x64\x65\0\x73\x65\x63\x63\x6f\x6d\x70\x5f\x66\x69\x6c\x74\x65\x72\0\
\x5f\x5f\x6b\x65\x72\x6e\x65\x6c\x5f\x74\x69\x6d\x65\x73\x70\x65\x63\0\x6f\x6c\
\x64\x5f\x74\x69\x6d\x65\x73\x70\x65\x63\x33\x32\0\x70\x6f\x6c\x6c\x66\x64\0\
\x73\x65\x6d\x5f\x75\x6e\x64\x6f\x5f\x6c\x69\x73\x74\0\x66\x73\x5f\x73\x74\x72\
\x75\x63\x74\0\x66\x69\x6c\x65\x73\x5f\x73\x74\x72\x75\x63\x74\0\x73\x69\x67\
\x68\x61\x6e\x64\x5f\x73\x74\x72\x75\x63\x74\0\x72\x74\x5f\x6d\x75\x74\x65\x78\
\x5f\x77\x61\x69\x74\x65\x72\0\x62\x6c\x6b\x5f\x70\x6c\x75\x67\0\x72\x6f\x62\
\x75\x73\x74\x5f\x6c\x69\x73\x74\x5f\x68\x65\x61\x64\0\x63\x6f\x6d\x70\x61\x74\
\x5f\x72\x6f\x62\x75\x73\x74\x5f\x6c\x69\x73\x74\x5f\x68\x65\x61\x64\0\x66\x75\
\x74\x65\x78\x5f\x70\x69\x5f\x73\x74\x61\x74\x65\0\x66\x74\x72\x61\x63\x65\x5f\
\x72\x65\x74\x5f\x73\x74\x61\x63\x6b\0\x75\x70\x72\x6f\x62\x65\x5f\x74\x61\x73\
\x6b\0\x76\x6d\x5f\x73\x74\x72\x75\x63\x74\0\x62\x70\x66\x5f\x72\x75\x6e\x5f\
\x63\x74\x78\0\x70\x72\x6f\x74\x6f\x5f\x6f\x70\x73\0\0\x9f\xeb\x01\0\x20\0\0\0\
\0\0\0\0\xa4\0\0\0\xa4\0\0\0\xf4\x4d\0\0\x98\x4e\0\0\xdc\x0f\0\0\x08\0\0\0\x37\
\x05\0\0\x01\0\0\0\0\0\0\0\x52\0\0\0\xf1\x49\0\0\x01\0\0\0\0\0\0\0\x22\x02\0\0\
\xc6\x8a\0\0\x01\0\0\0\0\0\0\0\xa6\x03\0\0\x98\x8b\0\0\x01\0\0\0\0\0\0\0\xa8\
\x03\0\0\xcd\x91\0\0\x01\0\0\0\0\0\0\0\xb0\x03\0\0\x36\x92\0\0\x01\0\0\0\0\0\0\
\0\xb2\x03\0\0\x13\x98\0\0\x01\0\0\0\0\0\0\0\xb4\x03\0\0\x21\x99\0\0\x01\0\0\0\
\0\0\0\0\xb6\x03\0\0\x4d\x9a\0\0\x01\0\0\0\0\0\0\0\xb8\x03\0\0\x03\x9b\0\0\x01\
\0\0\0\0\0\0\0\xba\x03\0\0\x10\0\0\0\x37\x05\0\0\x73\0\0\0\0\0\0\0\x54\x05\0\0\
\x1e\x06\0\0\x05\x18\x08\0\x08\0\0\0\x54\x05\0\0\0\0\0\0\0\0\0\0\x18\0\0\0\x54\
\x05\0\0\x44\x06\0\0\x07\x28\x08\0\x20\0\0\0\x54\x05\0\0\x1e\x06\0\0\x05\x18\
\x08\0\x28\0\0\0\x54\x05\0\0\x55\x06\0\0\x30\x34\x08\0\x48\0\0\0\x54\x05\0\0\
\x1e\x06\0\0\x05\x18\x08\0\x50\0\0\0\xf0\x2b\0\0\x6d\x2c\0\0\x0b\x38\0\0\x68\0\
\0\0\xf0\x2b\0\0\x6d\x2c\0\0\x0b\x38\0\0\x70\0\0\0\xf0\x2b\0\0\x6d\x2c\0\0\x23\
\x38\0\0\x78\0\0\0\x54\x05\0\0\x9e\x2c\0\0\x07\x38\x08\0\x80\0\0\0\x54\x05\0\0\
\xb5\x2c\0\0\x1c\x48\x08\0\xb0\0\0\0\x54\x05\0\0\xfe\x2c\0\0\x07\x4c\x08\0\xb8\
\0\0\0\x54\x05\0\0\x15\x2d\0\0\x05\x50\x08\0\xe0\0\0\0\x54\x05\0\0\0\0\0\0\0\0\
\0\0\xe8\0\0\0\x54\x05\0\0\xd4\x2d\0\0\x1b\x5c\x08\0\xf8\0\0\0\x54\x05\0\0\xf2\
\x2d\0\0\x22\x64\x08\0\0\x01\0\0\x54\x05\0\0\x2b\x2e\0\0\x0f\x60\x08\0\x08\x01\
\0\0\x54\x05\0\0\x4e\x2e\0\0\x1b\x70\x08\0\x10\x01\0\0\x54\x05\0\0\x14\x3d\0\0\
\x20\x74\x08\0\x18\x01\0\0\x54\x05\0\0\x14\x3d\0\0\x0e\x74\x08\0\x20\x01\0\0\
\x54\x05\0\0\x4e\x2e\0\0\x1b\x70\x08\0\x30\x01\0\0\x54\x05\0\0\x44\x3d\0\0\x42\
\x78\x08\0\x38\x01\0\0\x54\x05\0\0\x93\x3d\0\0\x07\x40\x02\0\x70\x01\0\0\x54\
\x05\0\0\xd2\x3d\0\0\x0e\x8c\x02\0\xb0\x01\0\0\x54\x05\0\0\xfa\x3d\0\0\x27\x50\
\x02\0\xc8\x01\0\0\x54\x05\0\0\x45\x3e\0\0\x0b\x54\x02\0\x10\x02\0\0\x54\x05\0\
\0\x44\x3d\0\0\x10\x78\x08\0\x18\x02\0\0\x54\x05\0\0\x55\x06\0\0\x30\xd4\x05\0\
\x28\x02\0\0\x54\x05\0\0\x72\x3e\0\0\x10\xd8\x05\0\x30\x02\0\0\x54\x05\0\0\x72\
\x3e\0\0\x07\xd8\x05\0\x40\x02\0\0\x54\x05\0\0\x44\x3d\0\0\x10\x78\x08\0\x48\
\x02\0\0\x54\x05\0\0\x87\x3e\0\0\x07\xe0\x05\0\x60\x02\0\0\x54\x05\0\0\xbe\x3e\
\0\0\x07\xe4\x05\0\x68\x02\0\0\x54\x05\0\0\xe7\x3e\0\0\0\x7c\x08\0\x70\x02\0\0\
\x54\x05\0\0\x2c\x3f\0\0\x05\xe8\x05\0\xc0\x06\0\0\x54\x05\0\0\x5c\x3f\0\0\x05\
\xf4\x05\0\x40\x0b\0\0\x54\x05\0\0\x8d\x3f\0\0\x05\0\x06\0\x08\x0c\0\0\xf0\x2b\
\0\0\0\0\0\0\0\0\0\0\x10\x0c\0\0\xf0\x2b\0\0\xc8\x3f\0\0\x23\x90\0\0\x48\x0c\0\
\0\xf0\x2b\0\0\0\0\0\0\0\0\0\0\x50\x0c\0\0\xf0\x2b\0\0\xc8\x3f\0\0\x23\x90\0\0\
\x68\x0c\0\0\xf0\x2b\0\0\xc8\x3f\0\0\x23\x90\0\0\x78\x0c\0\0\xf0\x2b\0\0\x1d\
\x40\0\0\x15\x58\0\0\xa0\x0c\0\0\xf0\x2b\0\0\x1d\x40\0\0\x03\x58\0\0\xc8\x0c\0\
\0\xf0\x2b\0\0\0\0\0\0\0\0\0\0\xd0\x0c\0\0\xf0\x2b\0\0\x3e\x40\0\0\x22\x5c\0\0\
\0\x0d\0\0\xf0\x2b\0\0\0\0\0\0\0\0\0\0\x08\x0d\0\0\xf0\x2b\0\0\x3e\x40\0\0\x22\
\x5c\0\0\x18\x0d\0\0\xf0\x2b\0\0\x3e\x40\0\0\x22\x5c\0\0\x20\x0d\0\0\xf0\x2b\0\
\0\x8e\x40\0\0\x13\x60\0\0\x48\x0d\0\0\xf0\x2b\0\0\x8e\x40\0\0\x17\x60\0\0\x70\
\x0d\0\0\xf0\x2b\0\0\x8e\x40\0\0\x17\x60\0\0\x80\x0d\0\0\xf0\x2b\0\0\x8e\x40\0\
\0\x17\x60\0\0\x88\x0d\0\0\xf0\x2b\0\0\xce\x40\0\0\x17\x64\0\0\x98\x0d\0\0\xf0\
\x2b\0\0\xce\x40\0\0\x17\x64\0\0\xa0\x0d\0\0\xf0\x2b\0\0\x8e\x40\0\0\x09\x60\0\
\0\xc8\x0d\0\0\xf0\x2b\0\0\0\0\0\0\0\0\0\0\xd0\x0d\0\0\xf0\x2b\0\0\x0c\x41\0\0\
\x15\x94\0\0\xe0\x0d\0\0\xf0\x2b\0\0\x0c\x41\0\0\x15\x94\0\0\xf0\x0d\0\0\xf0\
\x2b\0\0\x0c\x41\0\0\x13\x94\0\0\x10\x0e\0\0\xf0\x2b\0\0\0\0\0\0\0\0\0\0\x18\
\x0e\0\0\xf0\x2b\0\0\x43\x41\0\0\x22\x98\0\0\x30\x0e\0\0\xf0\x2b\0\0\x43\x41\0\
\0\x22\x98\0\0\x38\x0e\0\0\xf0\x2b\0\0\x43\x41\0\0\x20\x98\0\0\x68\x0e\0\0\xf0\
\x2b\0\0\0\0\0\0\0\0\0\0\x70\x0e\0\0\xf0\x2b\0\0\x8b\x41\0\0\x1b\x9c\0\0\x98\
\x0e\0\0\xf0\x2b\0\0\0\0\0\0\0\0\0\0\xa0\x0e\0\0\xf0\x2b\0\0\x8b\x41\0\0\x1b\
\x9c\0\0\xb0\x0e\0\0\xf0\x2b\0\0\x8b\x41\0\0\x1b\x9c\0\0\xb8\x0e\0\0\xf0\x2b\0\
\0\x8b\x41\0\0\x19\x9c\0\0\xd8\x0e\0\0\xf0\x2b\0\0\0\0\0\0\0\0\0\0\xe0\x0e\0\0\
\xf0\x2b\0\0\xd5\x41\0\0\x14\xa0\0\0\xf0\x0e\0\0\xf0\x2b\0\0\xd5\x41\0\0\x14\
\xa0\0\0\xf8\x0e\0\0\xf0\x2b\0\0\xd5\x41\0\0\x12\xa0\0\0\x20\x0f\0\0\xf0\x2b\0\
\0\0\0\0\0\0\0\0\0\x28\x0f\0\0\xf0\x2b\0\0\x06\x42\0\0\x14\xa8\0\0\x60\x0f\0\0\
\xf0\x2b\0\0\0\0\0\0\0\0\0\0\x68\x0f\0\0\xf0\x2b\0\0\x06\x42\0\0\x14\xa8\0\0\
\x78\x0f\0\0\xf0\x2b\0\0\x06\x42\0\0\x14\xa8\0\0\x80\x0f\0\0\xf0\x2b\0\0\x06\
\x42\0\0\x12\xa8\0\0\x90\x0f\0\0\xf0\x2b\0\0\0\0\0\0\0\0\0\0\x98\x0f\0\0\xf0\
\x2b\0\0\x45\x42\0\0\x14\xac\0\0\xd0\x0f\0\0\xf0\x2b\0\0\0\0\0\0\0\0\0\0\xd8\
\x0f\0\0\xf0\x2b\0\0\x45\x42\0\0\x14\xac\0\0\xe8\x0f\0\0\xf0\x2b\0\0\x45\x42\0\
\0\x14\xac\0\0\xf0\x0f\0\0\xf0\x2b\0\0\x45\x42\0\0\x12\xac\0\0\x10\x10\0\0\xf0\
\x2b\0\0\0\0\0\0\0\0\0\0\x18\x10\0\0\xf0\x2b\0\0\x89\x42\0\0\x2a\xb8\0\0\x50\
\x10\0\0\xf0\x2b\0\0\0\0\0\0\0\0\0\0\x58\x10\0\0\xf0\x2b\0\0\x89\x42\0\0\x2a\
\xb8\0\0\x68\x10\0\0\xf0\x2b\0\0\x89\x42\0\0\x2a\xb8\0\0\x78\x10\0\0\xf0\x2b\0\
\0\0\0\0\0\0\0\0\0\x80\x10\0\0\xf0\x2b\0\0\x8f\x47\0\0\x28\xbc\0\0\xb8\x10\0\0\
\xf0\x2b\0\0\0\0\0\0\0\0\0\0\xc0\x10\0\0\xf0\x2b\0\0\x8f\x47\0\0\x28\xbc\0\0\
\xd0\x10\0\0\xf0\x2b\0\0\x8f\x47\0\0\x28\xbc\0\0\xd8\x10\0\0\xf0\x2b\0\0\xdc\
\x47\0\0\x10\xc0\0\0\xe8\x10\0\0\xf0\x2b\0\0\xdc\x47\0\0\x07\xc0\0\0\xf8\x10\0\
\0\xf0\x2b\0\0\0\0\0\0\0\0\0\0\x08\x11\0\0\xf0\x2b\0\0\x1c\x48\0\0\x22\xd4\0\0\
\x10\x11\0\0\xf0\x2b\0\0\x1c\x48\0\0\x03\xd4\0\0\x20\x11\0\0\xf0\x2b\0\0\x66\
\x48\0\0\x12\xdc\0\0\x40\x11\0\0\xf0\x2b\0\0\x66\x48\0\0\x07\xdc\0\0\x50\x11\0\
\0\xf0\x2b\0\0\xac\x48\0\0\x3c\xe0\0\0\x60\x11\0\0\x54\x05\0\0\xbe\x3e\0\0\x1f\
\xe4\x05\0\x70\x11\0\0\x54\x05\0\0\xe7\x3e\0\0\x1d\x7c\x08\0\x78\x11\0\0\x54\
\x05\0\0\xef\x48\0\0\x1b\x80\x08\0\x80\x11\0\0\x54\x05\0\0\xef\x48\0\0\x13\x80\
\x08\0\x88\x11\0\0\x54\x05\0\0\x19\x49\0\0\x1e\x88\x08\0\x90\x11\0\0\x54\x05\0\
\0\x19\x49\0\0\x0c\x88\x08\0\x98\x11\0\0\x54\x05\0\0\x49\x49\0\0\x23\x90\x08\0\
\xa0\x11\0\0\x54\x05\0\0\x49\x49\0\0\x11\x90\x08\0\xc0\x11\0\0\x54\x05\0\0\x85\
\x49\0\0\x03\x94\x08\0\0\x12\0\0\x54\x05\0\0\xa7\x49\0\0\x03\xa0\x08\0\x18\x12\
\0\0\x54\x05\0\0\x1e\x06\0\0\x05\x18\x08\0\xf1\x49\0\0\x73\0\0\0\0\0\0\0\x54\
\x05\0\0\x25\x4a\0\0\0\xbc\x08\0\x08\0\0\0\x54\x05\0\0\x25\x4a\0\0\x05\xbc\x08\
\0\x28\0\0\0\x54\x05\0\0\0\0\0\0\0\0\0\0\x30\0\0\0\x54\x05\0\0\x5d\x4a\0\0\x1c\
\xcc\x02\0\x48\0\0\0\x54\x05\0\0\x5d\x4a\0\0\x1c\xcc\x02\0\x50\0\0\0\x54\x05\0\
\0\x91\x4a\0\0\x07\xd0\x02\0\x78\0\0\0\xae\x4a\0\0\0\0\0\0\0\0\0\0\x80\0\0\0\
\xae\x4a\0\0\x3d\x4b\0\0\x1e\x48\0\0\x98\0\0\0\xae\x4a\0\0\x3d\x4b\0\0\x1e\x48\
\0\0\xa0\0\0\0\xae\x4a\0\0\x3d\x4b\0\0\x3e\x48\0\0\xb8\0\0\0\xae\x4a\0\0\0\0\0\
\0\0\0\0\0\xc0\0\0\0\x54\x05\0\0\x6c\x81\0\0\x0b\xd4\x02\0\xd8\0\0\0\x54\x05\0\
\0\0\0\0\0\0\0\0\0\xe0\0\0\0\x54\x05\0\0\x5d\x4a\0\0\x1c\xcc\x02\0\xf8\0\0\0\
\x54\x05\0\0\x5d\x4a\0\0\x1c\xcc\x02\0\0\x01\0\0\x54\x05\0\0\x91\x4a\0\0\x07\
\xd0\x02\0\x28\x01\0\0\xae\x4a\0\0\0\0\0\0\0\0\0\0\x30\x01\0\0\xae\x4a\0\0\x3d\
\x4b\0\0\x1e\x48\0\0\x48\x01\0\0\xae\x4a\0\0\x3d\x4b\0\0\x1e\x48\0\0\x50\x01\0\
\0\xae\x4a\0\0\x3d\x4b\0\0\x3e\x48\0\0\x68\x01\0\0\xae\x4a\0\0\0\0\0\0\0\0\0\0\
\x70\x01\0\0\x54\x05\0\0\x6c\x81\0\0\x0b\xd4\x02\0\x80\x01\0\0\x54\x05\0\0\x6c\
\x81\0\0\x0b\xd4\x02\0\x88\x01\0\0\x54\x05\0\0\x91\x4a\0\0\x07\xf4\x02\0\x90\
\x01\0\0\x54\x05\0\0\x9d\x81\0\0\x05\xf8\x02\0\xd0\x01\0\0\x54\x05\0\0\xb2\x81\
\0\0\x15\x10\x03\0\xe8\x01\0\0\x54\x05\0\0\xb2\x81\0\0\x15\x10\x03\0\0\x02\0\0\
\x54\x05\0\0\xb2\x81\0\0\x0b\x10\x03\0\x08\x02\0\0\x54\x05\0\0\xe3\x81\0\0\x07\
\x14\x03\0\x10\x02\0\0\x54\x05\0\0\x9d\x81\0\0\x05\x1c\x03\0\x40\x02\0\0\x54\
\x05\0\0\xf8\x81\0\0\x0a\x30\x03\0\x60\x02\0\0\x54\x05\0\0\x45\x82\0\0\x07\x44\
\x07\0\x68\x02\0\0\x54\x05\0\0\x73\x82\0\0\x47\x50\x07\0\x78\x02\0\0\x54\x05\0\
\0\x73\x82\0\0\x22\x50\x07\0\xa8\x02\0\0\x54\x05\0\0\xc4\x82\0\0\x07\x54\x07\0\
\xb0\x02\0\0\x54\x05\0\0\xdd\x82\0\0\x22\x60\x07\0\xb8\x02\0\0\x54\x05\0\0\x08\
\x83\0\0\x0c\x84\x06\0\xc8\x02\0\0\x54\x05\0\0\xdd\x82\0\0\x22\x60\x07\0\xd0\
\x02\0\0\x54\x05\0\0\x27\x83\0\0\x07\x88\x06\0\xf8\x02\0\0\x54\x05\0\0\x6b\x83\
\0\0\x03\x74\x07\0\x28\x03\0\0\x54\x05\0\0\xa7\x83\0\0\x23\x78\x07\0\x30\x03\0\
\0\x54\x05\0\0\xa7\x83\0\0\x18\x78\x07\0\x38\x03\0\0\x54\x05\0\0\xd2\x83\0\0\
\x2f\x80\x07\0\x40\x03\0\0\x54\x05\0\0\xd2\x83\0\0\x24\x80\x07\0\x68\x03\0\0\
\x54\x05\0\0\xdd\x82\0\0\x22\x60\x07\0\x70\x03\0\0\xae\x4a\0\0\x0f\x84\0\0\x0a\
\x60\0\0\x98\x03\0\0\xae\x4a\0\0\x0f\x84\0\0\x0a\x60\0\0\xa8\x03\0\0\x54\x05\0\
\0\xdd\x82\0\0\x22\x60\x07\0\xb8\x03\0\0\xae\x4a\0\0\x0f\x84\0\0\x25\x60\0\0\
\xc8\x03\0\0\xae\x4a\0\0\x0f\x84\0\0\x25\x60\0\0\xd0\x03\0\0\xae\x4a\0\0\x0f\
\x84\0\0\x23\x60\0\0\xf8\x03\0\0\x54\x05\0\0\xdd\x82\0\0\x22\x60\x07\0\0\x04\0\
\0\x54\x05\0\0\x99\x84\0\0\x12\x7c\x04\0\x10\x04\0\0\x54\x05\0\0\xc8\x84\0\0\
\x16\xc8\x04\0\x30\x04\0\0\x54\x05\0\0\x99\x84\0\0\x12\x7c\x04\0\x38\x04\0\0\
\x54\x05\0\0\x6b\x83\0\0\x03\x74\x07\0\x48\x04\0\0\x54\x05\0\0\xfc\x84\0\0\x18\
\xd0\x04\0\x78\x04\0\0\x54\x05\0\0\xdd\x82\0\0\x22\x60\x07\0\x80\x04\0\0\x54\
\x05\0\0\x36\x85\0\0\x16\xd4\x04\0\x90\x04\0\0\x54\x05\0\0\x36\x85\0\0\x16\xd4\
\x04\0\x98\x04\0\0\x54\x05\0\0\x36\x85\0\0\x14\xd4\x04\0\xb8\x04\0\0\x54\x05\0\
\0\xdd\x82\0\0\x22\x60\x07\0\xc0\x04\0\0\x54\x05\0\0\x6a\x85\0\0\x15\xdc\x04\0\
\xd8\x04\0\0\x54\x05\0\0\x6a\x85\0\0\x15\xdc\x04\0\xe0\x04\0\0\x54\x05\0\0\x6a\
\x85\0\0\x15\xdc\x04\0\xf0\x04\0\0\x54\x05\0\0\xa6\x85\0\0\x07\xe0\x04\0\x18\
\x05\0\0\x54\x05\0\0\xc4\x85\0\0\x13\xe4\x04\0\x30\x05\0\0\x54\x05\0\0\xc4\x85\
\0\0\x13\xe4\x04\0\x38\x05\0\0\x54\x05\0\0\xef\x85\0\0\x03\xf0\x04\0\x60\x05\0\
\0\x54\x05\0\0\x05\x86\0\0\x1c\x2c\x05\0\x90\x05\0\0\xae\x4a\0\0\x35\x86\0\0\
\x0a\x74\0\0\xb8\x05\0\0\xae\x4a\0\0\x35\x86\0\0\x0a\x74\0\0\xc8\x05\0\0\x54\
\x05\0\0\x05\x86\0\0\x1c\x2c\x05\0\xd0\x05\0\0\xae\x4a\0\0\x35\x86\0\0\x25\x74\
\0\0\xe8\x05\0\0\xae\x4a\0\0\x35\x86\0\0\x25\x74\0\0\xf0\x05\0\0\xae\x4a\0\0\
\x35\x86\0\0\x23\x74\0\0\x18\x06\0\0\x54\x05\0\0\x05\x86\0\0\x1c\x2c\x05\0\x20\
\x06\0\0\x54\x05\0\0\xd8\x86\0\0\x16\x38\x05\0\x30\x06\0\0\x54\x05\0\0\xd8\x86\
\0\0\x16\x38\x05\0\x38\x06\0\0\x54\x05\0\0\xd8\x86\0\0\x16\x38\x05\0\x40\x06\0\
\0\x54\x05\0\0\xd8\x86\0\0\x14\x38\x05\0\x58\x06\0\0\x54\x05\0\0\xef\x85\0\0\
\x03\xf0\x04\0\x98\x06\0\0\x54\x05\0\0\x1b\x87\0\0\x1c\x10\x05\0\xc8\x06\0\0\
\xae\x4a\0\0\x35\x86\0\0\x0a\x74\0\0\xf0\x06\0\0\xae\x4a\0\0\x35\x86\0\0\x0a\
\x74\0\0\0\x07\0\0\x54\x05\0\0\x1b\x87\0\0\x1c\x10\x05\0\x08\x07\0\0\xae\x4a\0\
\0\x35\x86\0\0\x25\x74\0\0\x20\x07\0\0\xae\x4a\0\0\x35\x86\0\0\x25\x74\0\0\x28\
\x07\0\0\xae\x4a\0\0\x35\x86\0\0\x23\x74\0\0\x50\x07\0\0\x54\x05\0\0\x1b\x87\0\
\0\x1c\x10\x05\0\x58\x07\0\0\x54\x05\0\0\x52\x87\0\0\x16\x1c\x05\0\x68\x07\0\0\
\x54\x05\0\0\x52\x87\0\0\x16\x1c\x05\0\x70\x07\0\0\x54\x05\0\0\x52\x87\0\0\x16\
\x1c\x05\0\x78\x07\0\0\x54\x05\0\0\x52\x87\0\0\x14\x1c\x05\0\x98\x07\0\0\x54\
\x05\0\0\0\0\0\0\0\0\0\0\xf8\x07\0\0\x54\x05\0\0\0\0\0\0\0\0\0\0\0\x08\0\0\x54\
\x05\0\0\x95\x87\0\0\x14\xa4\x07\0\x18\x08\0\0\x54\x05\0\0\xe4\x87\0\0\x07\xa8\
\x07\0\x20\x08\0\0\x54\x05\0\0\x16\x88\0\0\x32\xb8\x07\0\x28\x08\0\0\x54\x05\0\
\0\x16\x88\0\0\x3b\xb8\x07\0\x30\x08\0\0\x54\x05\0\0\x16\x88\0\0\x20\xb8\x07\0\
\x38\x08\0\0\x54\x05\0\0\x25\x4a\0\0\x05\xbc\x08\0\x48\x08\0\0\x54\x05\0\0\x59\
\x88\0\0\x13\xc8\x06\0\x58\x08\0\0\x54\x05\0\0\x77\x88\0\0\x20\xd0\x06\0\x68\
\x08\0\0\x54\x05\0\0\x9f\x88\0\0\x14\xc4\x06\0\x70\x08\0\0\x54\x05\0\0\xbf\x88\
\0\0\x03\xd8\x06\0\xc0\x0c\0\0\x54\x05\0\0\xf2\x88\0\0\x31\xbc\x06\0\xd0\x0c\0\
\0\x54\x05\0\0\x3d\x89\0\0\x10\xe8\x06\0\xd8\x0c\0\0\x54\x05\0\0\x3d\x89\0\0\
\x07\xe8\x06\0\xe0\x0c\0\0\x54\x05\0\0\x6d\x89\0\0\x05\xec\x06\0\x68\x11\0\0\
\x54\x05\0\0\xa3\x89\0\0\x22\x04\x07\0\x70\x11\0\0\x54\x05\0\0\xcc\x89\0\0\x05\
\xf8\x06\0\xe8\x11\0\0\x54\x05\0\0\x07\x8a\0\0\x07\x10\x07\0\x10\x12\0\0\x54\
\x05\0\0\x07\x8a\0\0\x07\x10\x07\0\x18\x12\0\0\x54\x05\0\0\x58\x8a\0\0\x05\x18\
\x07\0\xc6\x8a\0\0\x74\0\0\0\0\0\0\0\x54\x05\0\0\xe5\x8a\0\0\0\x04\x09\0\x08\0\
\0\0\x54\x05\0\0\xe5\x8a\0\0\x05\x04\x09\0\x28\0\0\0\x54\x05\0\0\0\0\0\0\0\0\0\
\0\x30\0\0\0\x54\x05\0\0\x5d\x4a\0\0\x1c\xcc\x02\0\x48\0\0\0\x54\x05\0\0\x5d\
\x4a\0\0\x1c\xcc\x02\0\x50\0\0\0\x54\x05\0\0\x91\x4a\0\0\x07\xd0\x02\0\x78\0\0\
\0\xae\x4a\0\0\0\0\0\0\0\0\0\0\x80\0\0\0\xae\x4a\0\0\x3d\x4b\0\0\x1e\x48\0\0\
\x98\0\0\0\xae\x4a\0\0\x3d\x4b\0\0\x1e\x48\0\0\xa0\0\0\0\xae\x4a\0\0\x3d\x4b\0\
\0\x3e\x48\0\0\xb8\0\0\0\xae\x4a\0\0\0\0\0\0\0\0\0\0\xc0\0\0\0\x54\x05\0\0\x6c\
\x81\0\0\x0b\xd4\x02\0\xd8\0\0\0\x54\x05\0\0\0\0\0\0\0\0\0\0\xe0\0\0\0\x54\x05\
\0\0\x5d\x4a\0\0\x1c\xcc\x02\0\xf8\0\0\0\x54\x05\0\0\x5d\x4a\0\0\x1c\xcc\x02\0\
\0\x01\0\0\x54\x05\0\0\x91\x4a\0\0\x07\xd0\x02\0\x28\x01\0\0\xae\x4a\0\0\0\0\0\
\0\0\0\0\0\x30\x01\0\0\xae\x4a\0\0\x3d\x4b\0\0\x1e\x48\0\0\x48\x01\0\0\xae\x4a\
\0\0\x3d\x4b\0\0\x1e\x48\0\0\x50\x01\0\0\xae\x4a\0\0\x3d\x4b\0\0\x3e\x48\0\0\
\x68\x01\0\0\xae\x4a\0\0\0\0\0\0\0\0\0\0\x70\x01\0\0\x54\x05\0\0\x6c\x81\0\0\
\x0b\xd4\x02\0\x80\x01\0\0\x54\x05\0\0\x6c\x81\0\0\x0b\xd4\x02\0\x88\x01\0\0\
\x54\x05\0\0\x91\x4a\0\0\x07\xf4\x02\0\x90\x01\0\0\x54\x05\0\0\x9d\x81\0\0\x05\
\xf8\x02\0\xd0\x01\0\0\x54\x05\0\0\xb2\x81\0\0\x15\x10\x03\0\xe8\x01\0\0\x54\
\x05\0\0\xb2\x81\0\0\x15\x10\x03\0\0\x02\0\0\x54\x05\0\0\xb2\x81\0\0\x0b\x10\
\x03\0\x08\x02\0\0\x54\x05\0\0\xe3\x81\0\0\x07\x14\x03\0\x10\x02\0\0\x54\x05\0\
\0\x9d\x81\0\0\x05\x1c\x03\0\x40\x02\0\0\x54\x05\0\0\xf8\x81\0\0\x0a\x30\x03\0\
\x60\x02\0\0\x54\x05\0\0\x45\x82\0\0\x07\x44\x07\0\x68\x02\0\0\x54\x05\0\0\x73\
\x82\0\0\x47\x50\x07\0\x78\x02\0\0\x54\x05\0\0\x73\x82\0\0\x22\x50\x07\0\xa8\
\x02\0\0\x54\x05\0\0\xc4\x82\0\0\x07\x54\x07\0\xb0\x02\0\0\x54\x05\0\0\xdd\x82\
\0\0\x22\x60\x07\0\xb8\x02\0\0\x54\x05\0\0\x08\x83\0\0\x0c\x84\x06\0\xc8\x02\0\
\0\x54\x05\0\0\xdd\x82\0\0\x22\x60\x07\0\xd0\x02\0\0\x54\x05\0\0\x27\x83\0\0\
\x07\x88\x06\0\xf8\x02\0\0\x54\x05\0\0\x6b\x83\0\0\x03\x74\x07\0\x28\x03\0\0\
\x54\x05\0\0\xa7\x83\0\0\x23\x78\x07\0\x30\x03\0\0\x54\x05\0\0\xa7\x83\0\0\x18\
\x78\x07\0\x38\x03\0\0\x54\x05\0\0\xd2\x83\0\0\x2f\x80\x07\0\x40\x03\0\0\x54\
\x05\0\0\xd2\x83\0\0\x24\x80\x07\0\x68\x03\0\0\x54\x05\0\0\xdd\x82\0\0\x22\x60\
\x07\0\x70\x03\0\0\xae\x4a\0\0\x0f\x84\0\0\x0a\x60\0\0\x98\x03\0\0\xae\x4a\0\0\
\x0f\x84\0\0\x0a\x60\0\0\xa8\x03\0\0\x54\x05\0\0\xdd\x82\0\0\x22\x60\x07\0\xb8\
\x03\0\0\xae\x4a\0\0\x0f\x84\0\0\x25\x60\0\0\xc8\x03\0\0\xae\x4a\0\0\x0f\x84\0\
\0\x25\x60\0\0\xd0\x03\0\0\xae\x4a\0\0\x0f\x84\0\0\x23\x60\0\0\xf8\x03\0\0\x54\
\x05\0\0\xdd\x82\0\0\x22\x60\x07\0\0\x04\0\0\x54\x05\0\0\x99\x84\0\0\x12\x7c\
\x04\0\x10\x04\0\0\x54\x05\0\0\xc8\x84\0\0\x16\xc8\x04\0\x30\x04\0\0\x54\x05\0\
\0\x99\x84\0\0\x12\x7c\x04\0\x38\x04\0\0\x54\x05\0\0\x6b\x83\0\0\x03\x74\x07\0\
\x48\x04\0\0\x54\x05\0\0\xfc\x84\0\0\x18\xd0\x04\0\x78\x04\0\0\x54\x05\0\0\xdd\
\x82\0\0\x22\x60\x07\0\x80\x04\0\0\x54\x05\0\0\x36\x85\0\0\x16\xd4\x04\0\x90\
\x04\0\0\x54\x05\0\0\x36\x85\0\0\x16\xd4\x04\0\x98\x04\0\0\x54\x05\0\0\x36\x85\
\0\0\x14\xd4\x04\0\xb8\x04\0\0\x54\x05\0\0\xdd\x82\0\0\x22\x60\x07\0\xc0\x04\0\
\0\x54\x05\0\0\x6a\x85\0\0\x15\xdc\x04\0\xd8\x04\0\0\x54\x05\0\0\x6a\x85\0\0\
\x15\xdc\x04\0\xe0\x04\0\0\x54\x05\0\0\x6a\x85\0\0\x15\xdc\x04\0\xf0\x04\0\0\
\x54\x05\0\0\xa6\x85\0\0\x07\xe0\x04\0\x18\x05\0\0\x54\x05\0\0\xc4\x85\0\0\x13\
\xe4\x04\0\x30\x05\0\0\x54\x05\0\0\xc4\x85\0\0\x13\xe4\x04\0\x38\x05\0\0\x54\
\x05\0\0\xef\x85\0\0\x03\xf0\x04\0\x60\x05\0\0\x54\x05\0\0\x05\x86\0\0\x1c\x2c\
\x05\0\x90\x05\0\0\xae\x4a\0\0\x35\x86\0\0\x0a\x74\0\0\xb8\x05\0\0\xae\x4a\0\0\
\x35\x86\0\0\x0a\x74\0\0\xc8\x05\0\0\x54\x05\0\0\x05\x86\0\0\x1c\x2c\x05\0\xd0\
\x05\0\0\xae\x4a\0\0\x35\x86\0\0\x25\x74\0\0\xe8\x05\0\0\xae\x4a\0\0\x35\x86\0\
\0\x25\x74\0\0\xf0\x05\0\0\xae\x4a\0\0\x35\x86\0\0\x23\x74\0\0\x18\x06\0\0\x54\
\x05\0\0\x05\x86\0\0\x1c\x2c\x05\0\x20\x06\0\0\x54\x05\0\0\xd8\x86\0\0\x16\x38\
\x05\0\x30\x06\0\0\x54\x05\0\0\xd8\x86\0\0\x16\x38\x05\0\x38\x06\0\0\x54\x05\0\
\0\xd8\x86\0\0\x16\x38\x05\0\x40\x06\0\0\x54\x05\0\0\xd8\x86\0\0\x14\x38\x05\0\
\x58\x06\0\0\x54\x05\0\0\xef\x85\0\0\x03\xf0\x04\0\x98\x06\0\0\x54\x05\0\0\x1b\
\x87\0\0\x1c\x10\x05\0\xc8\x06\0\0\xae\x4a\0\0\x35\x86\0\0\x0a\x74\0\0\xf0\x06\
\0\0\xae\x4a\0\0\x35\x86\0\0\x0a\x74\0\0\0\x07\0\0\x54\x05\0\0\x1b\x87\0\0\x1c\
\x10\x05\0\x08\x07\0\0\xae\x4a\0\0\x35\x86\0\0\x25\x74\0\0\x20\x07\0\0\xae\x4a\
\0\0\x35\x86\0\0\x25\x74\0\0\x28\x07\0\0\xae\x4a\0\0\x35\x86\0\0\x23\x74\0\0\
\x50\x07\0\0\x54\x05\0\0\x1b\x87\0\0\x1c\x10\x05\0\x58\x07\0\0\x54\x05\0\0\x52\
\x87\0\0\x16\x1c\x05\0\x68\x07\0\0\x54\x05\0\0\x52\x87\0\0\x16\x1c\x05\0\x70\
\x07\0\0\x54\x05\0\0\x52\x87\0\0\x16\x1c\x05\0\x78\x07\0\0\x54\x05\0\0\x52\x87\
\0\0\x14\x1c\x05\0\x98\x07\0\0\x54\x05\0\0\0\0\0\0\0\0\0\0\xf8\x07\0\0\x54\x05\
\0\0\0\0\0\0\0\0\0\0\0\x08\0\0\x54\x05\0\0\x95\x87\0\0\x14\xa4\x07\0\x18\x08\0\
\0\x54\x05\0\0\xe4\x87\0\0\x07\xa8\x07\0\x20\x08\0\0\x54\x05\0\0\x12\x8b\0\0\
\x32\xb0\x07\0\x28\x08\0\0\x54\x05\0\0\x12\x8b\0\0\x3b\xb0\x07\0\x30\x08\0\0\
\x54\x05\0\0\x12\x8b\0\0\x20\xb0\x07\0\x38\x08\0\0\x54\x05\0\0\xe5\x8a\0\0\x05\
\x04\x09\0\x50\x08\0\0\x54\x05\0\0\x9f\x88\0\0\x14\xc4\x06\0\x60\x08\0\0\x54\
\x05\0\0\x59\x88\0\0\x13\xc8\x06\0\x68\x08\0\0\x54\x05\0\0\x77\x88\0\0\x20\xd0\
\x06\0\x70\x08\0\0\x54\x05\0\0\x55\x8b\0\0\x13\xcc\x06\0\x78\x08\0\0\x54\x05\0\
\0\xbf\x88\0\0\x03\xd8\x06\0\xc8\x0c\0\0\x54\x05\0\0\xf2\x88\0\0\x31\xbc\x06\0\
\xd8\x0c\0\0\x54\x05\0\0\x3d\x89\0\0\x10\xe8\x06\0\xe0\x0c\0\0\x54\x05\0\0\x3d\
\x89\0\0\x07\xe8\x06\0\xe8\x0c\0\0\x54\x05\0\0\x6d\x89\0\0\x05\xec\x06\0\x70\
\x11\0\0\x54\x05\0\0\xa3\x89\0\0\x22\x04\x07\0\x78\x11\0\0\x54\x05\0\0\xcc\x89\
\0\0\x05\xf8\x06\0\xf0\x11\0\0\x54\x05\0\0\x07\x8a\0\0\x07\x10\x07\0\x18\x12\0\
\0\x54\x05\0\0\x07\x8a\0\0\x07\x10\x07\0\x20\x12\0\0\x54\x05\0\0\x58\x8a\0\0\
\x05\x18\x07\0\x98\x8b\0\0\xae\0\0\0\0\0\0\0\x54\x05\0\0\xbd\x8b\0\0\0\x4c\x09\
\0\x08\0\0\0\x54\x05\0\0\xbd\x8b\0\0\x05\x4c\x09\0\x28\0\0\0\x54\x05\0\0\0\0\0\
\0\0\0\0\0\x30\0\0\0\x54\x05\0\0\x5d\x4a\0\0\x1c\xcc\x02\0\x48\0\0\0\x54\x05\0\
\0\x5d\x4a\0\0\x1c\xcc\x02\0\x50\0\0\0\x54\x05\0\0\x91\x4a\0\0\x07\xd0\x02\0\
\x78\0\0\0\xae\x4a\0\0\0\0\0\0\0\0\0\0\x80\0\0\0\xae\x4a\0\0\x3d\x4b\0\0\x1e\
\x48\0\0\x98\0\0\0\xae\x4a\0\0\x3d\x4b\0\0\x1e\x48\0\0\xa0\0\0\0\xae\x4a\0\0\
\x3d\x4b\0\0\x3e\x48\0\0\xb8\0\0\0\xae\x4a\0\0\0\0\0\0\0\0\0\0\xc0\0\0\0\x54\
\x05\0\0\x6c\x81\0\0\x0b\xd4\x02\0\xd8\0\0\0\x54\x05\0\0\0\0\0\0\0\0\0\0\xe0\0\
\0\0\x54\x05\0\0\x5d\x4a\0\0\x1c\xcc\x02\0\xf8\0\0\0\x54\x05\0\0\x5d\x4a\0\0\
\x1c\xcc\x02\0\0\x01\0\0\x54\x05\0\0\x91\x4a\0\0\x07\xd0\x02\0\x28\x01\0\0\xae\
\x4a\0\0\0\0\0\0\0\0\0\0\x30\x01\0\0\xae\x4a\0\0\x3d\x4b\0\0\x1e\x48\0\0\x48\
\x01\0\0\xae\x4a\0\0\x3d\x4b\0\0\x1e\x48\0\0\x50\x01\0\0\xae\x4a\0\0\x3d\x4b\0\
\0\x3e\x48\0\0\x68\x01\0\0\xae\x4a\0\0\0\0\0\0\0\0\0\0\x70\x01\0\0\x54\x05\0\0\
\x6c\x81\0\0\x0b\xd4\x02\0\x80\x01\0\0\x54\x05\0\0\x6c\x81\0\0\x0b\xd4\x02\0\
\x88\x01\0\0\x54\x05\0\0\x91\x4a\0\0\x07\xf4\x02\0\x90\x01\0\0\x54\x05\0\0\x9d\
\x81\0\0\x05\xf8\x02\0\xd0\x01\0\0\x54\x05\0\0\xb2\x81\0\0\x15\x10\x03\0\xe8\
\x01\0\0\x54\x05\0\0\xb2\x81\0\0\x15\x10\x03\0\0\x02\0\0\x54\x05\0\0\xb2\x81\0\
\0\x0b\x10\x03\0\x08\x02\0\0\x54\x05\0\0\xe3\x81\0\0\x07\x14\x03\0\x10\x02\0\0\
\x54\x05\0\0\x9d\x81\0\0\x05\x1c\x03\0\x40\x02\0\0\x54\x05\0\0\xf8\x81\0\0\x0a\
\x30\x03\0\x60\x02\0\0\x54\x05\0\0\x45\x82\0\0\x07\x44\x07\0\x68\x02\0\0\x54\
\x05\0\0\x73\x82\0\0\x47\x50\x07\0\x78\x02\0\0\x54\x05\0\0\x73\x82\0\0\x22\x50\
\x07\0\xa0\x02\0\0\x54\x05\0\0\xc4\x82\0\0\x07\x54\x07\0\xb0\x02\0\0\x54\x05\0\
\0\0\0\0\0\0\0\0\0\xb8\x02\0\0\x54\x05\0\0\xdd\x82\0\0\x22\x60\x07\0\xc0\x02\0\
\0\x54\x05\0\0\x08\x83\0\0\x0c\x84\x06\0\xd0\x02\0\0\x54\x05\0\0\0\0\0\0\0\0\0\
\0\xd8\x02\0\0\x54\x05\0\0\x27\x83\0\0\x07\x88\x06\0\0\x03\0\0\x54\x05\0\0\x6b\
\x83\0\0\x03\x74\x07\0\x30\x03\0\0\x54\x05\0\0\xa7\x83\0\0\x23\x78\x07\0\x38\
\x03\0\0\x54\x05\0\0\xa7\x83\0\0\x18\x78\x07\0\x40\x03\0\0\x54\x05\0\0\xf0\x8b\
\0\0\x2d\x7c\x07\0\x48\x03\0\0\x54\x05\0\0\xf0\x8b\0\0\x22\x7c\x07\0\x58\x03\0\
\0\x54\x05\0\0\xd2\x83\0\0\x2f\x80\x07\0\x60\x03\0\0\x54\x05\0\0\xd2\x83\0\0\
\x24\x80\x07\0\x98\x03\0\0\x54\x05\0\0\0\0\0\0\0\0\0\0\xa0\x03\0\0\xae\x4a\0\0\
\x0f\x84\0\0\x0a\x60\0\0\xd0\x03\0\0\xae\x4a\0\0\x0f\x84\0\0\x0a\x60\0\0\xe0\
\x03\0\0\x54\x05\0\0\0\0\0\0\0\0\0\0\xe8\x03\0\0\xae\x4a\0\0\x0f\x84\0\0\x25\
\x60\0\0\x18\x04\0\0\xae\x4a\0\0\x0f\x84\0\0\x25\x60\0\0\x28\x04\0\0\x54\x05\0\
\0\0\0\0\0\0\0\0\0\x30\x04\0\0\x54\x05\0\0\x24\x8c\0\0\x15\x54\x03\0\x40\x04\0\
\0\xae\x4a\0\0\x0f\x84\0\0\x23\x60\0\0\x60\x04\0\0\x54\x05\0\0\x24\x8c\0\0\x15\
\x54\x03\0\x68\x04\0\0\x54\x05\0\0\x8b\x8c\0\0\x03\xb0\x03\0\x70\x04\0\0\x54\
\x05\0\0\x6b\x83\0\0\x03\x74\x07\0\x80\x04\0\0\x54\x05\0\0\x8b\x8c\0\0\x03\xb0\
\x03\0\x98\x04\0\0\x54\x05\0\0\xd3\x8c\0\0\x16\xb4\x03\0\xb8\x04\0\0\x54\x05\0\
\0\x6b\x83\0\0\x03\x74\x07\0\xc8\x04\0\0\x54\x05\0\0\x0c\x8d\0\0\x03\xb8\x03\0\
\xf0\x04\0\0\x54\x05\0\0\0\0\0\0\0\0\0\0\xf8\x04\0\0\x54\x05\0\0\x52\x8d\0\0\
\x15\xbc\x03\0\x10\x05\0\0\x54\x05\0\0\x52\x8d\0\0\x15\xbc\x03\0\x18\x05\0\0\
\xae\x4a\0\0\x0f\x84\0\0\x0a\x60\0\0\x28\x05\0\0\x54\x05\0\0\0\0\0\0\0\0\0\0\
\x30\x05\0\0\xae\x4a\0\0\x0f\x84\0\0\x0a\x60\0\0\x48\x05\0\0\xae\x4a\0\0\x0f\
\x84\0\0\x0a\x60\0\0\x58\x05\0\0\x54\x05\0\0\0\0\0\0\0\0\0\0\x60\x05\0\0\xae\
\x4a\0\0\x0f\x84\0\0\x25\x60\0\0\x90\x05\0\0\xae\x4a\0\0\x0f\x84\0\0\x25\x60\0\
\0\x98\x05\0\0\xae\x4a\0\0\x97\x8d\0\0\x29\x9c\0\0\xa8\x05\0\0\x54\x05\0\0\0\0\
\0\0\0\0\0\0\xb0\x05\0\0\xae\x4a\0\0\x97\x8d\0\0\x29\x9c\0\0\xc0\x05\0\0\xae\
\x4a\0\0\x97\x8d\0\0\x29\x9c\0\0\xc8\x05\0\0\xae\x4a\0\0\x0f\x84\0\0\x0a\x60\0\
\0\xd8\x05\0\0\x54\x05\0\0\0\0\0\0\0\0\0\0\xe0\x05\0\0\xae\x4a\0\0\x0f\x84\0\0\
\x0a\x60\0\0\xf8\x05\0\0\xae\x4a\0\0\x0f\x84\0\0\x0a\x60\0\0\x08\x06\0\0\x54\
\x05\0\0\0\0\0\0\0\0\0\0\x10\x06\0\0\xae\x4a\0\0\x0f\x84\0\0\x25\x60\0\0\x28\
\x06\0\0\xae\x4a\0\0\x0f\x84\0\0\x25\x60\0\0\x30\x06\0\0\xae\x4a\0\0\x0f\x84\0\
\0\x23\x60\0\0\x50\x06\0\0\x54\x05\0\0\0\0\0\0\0\0\0\0\x58\x06\0\0\x54\x05\0\0\
\xd9\x8d\0\0\x12\x90\x01\0\x70\x06\0\0\xae\x4a\0\0\x0f\x84\0\0\x23\x60\0\0\x80\
\x06\0\0\xae\x4a\0\0\x97\x8d\0\0\x27\x9c\0\0\x98\x06\0\0\x54\x05\0\0\x16\x8e\0\
\0\x10\x8c\x01\0\xa0\x06\0\0\x54\x05\0\0\xd9\x8d\0\0\x12\x90\x01\0\x18\x07\0\0\
\x54\x05\0\0\x78\x8e\0\0\x10\x14\x02\0\x30\x07\0\0\x54\x05\0\0\x78\x8e\0\0\x10\
\x14\x02\0\x38\x07\0\0\x54\x05\0\0\x78\x8e\0\0\x10\x14\x02\0\x40\x07\0\0\x54\
\x05\0\0\0\0\0\0\0\0\0\0\x60\x07\0\0\x54\x05\0\0\0\0\0\0\0\0\0\0\x68\x07\0\0\
\x54\x05\0\0\x9d\x8e\0\0\x0f\x1c\x02\0\x80\x07\0\0\x54\x05\0\0\xc7\x8e\0\0\x0b\
\x20\x02\0\x90\x07\0\0\x54\x05\0\0\x9d\x8e\0\0\x0f\x1c\x02\0\xa0\x07\0\0\x54\
\x05\0\0\xdc\x8e\0\0\x1b\xd4\x01\0\xc0\x07\0\0\x54\x05\0\0\xdc\x8e\0\0\x03\xd4\
\x01\0\xd8\x07\0\0\x07\x8f\0\0\x90\x8f\0\0\x28\x78\0\0\x38\x08\0\0\x54\x05\0\0\
\xdf\x8f\0\0\x27\xe4\x01\0\x70\x08\0\0\xae\x4a\0\0\0\0\0\0\0\0\0\0\x78\x08\0\0\
\xae\x4a\0\0\x28\x90\0\0\x35\x2c\x01\0\x90\x08\0\0\xae\x4a\0\0\x28\x90\0\0\x35\
\x2c\x01\0\xa0\x08\0\0\xae\x4a\0\0\0\0\0\0\0\0\0\0\xa8\x08\0\0\xae\x4a\0\0\x76\
\x90\0\0\x0a\xc8\0\0\xc0\x08\0\0\xae\x4a\0\0\x76\x90\0\0\x0a\xc8\0\0\xd0\x08\0\
\0\xae\x4a\0\0\0\0\0\0\0\0\0\0\xd8\x08\0\0\xae\x4a\0\0\x76\x90\0\0\x24\xc8\0\0\
\xf8\x08\0\0\xae\x4a\0\0\x76\x90\0\0\x24\xc8\0\0\0\x09\0\0\xae\x4a\0\0\xb7\x90\
\0\0\x0c\xf0\0\0\x28\x09\0\0\xae\x4a\0\0\xb7\x90\0\0\x07\xf0\0\0\x38\x09\0\0\
\xae\x4a\0\0\0\0\0\0\0\0\0\0\x50\x09\0\0\xae\x4a\0\0\xd5\x90\0\0\x18\xf4\0\0\
\x70\x09\0\0\x54\x05\0\0\x01\x91\0\0\x09\xf8\x01\0\x80\x09\0\0\x54\x05\0\0\x0e\
\x91\0\0\x09\0\x02\0\xb8\x09\0\0\x54\x05\0\0\x3a\x91\0\0\x10\x0c\x02\0\xd0\x09\
\0\0\x54\x05\0\0\x3a\x91\0\0\x10\x0c\x02\0\xd8\x09\0\0\x54\x05\0\0\x3a\x91\0\0\
\x10\x0c\x02\0\0\x0a\0\0\x54\x05\0\0\x60\x91\0\0\x03\xcc\x03\0\x28\x0a\0\0\x54\
\x05\0\0\0\0\0\0\0\0\0\0\x48\x0a\0\0\x54\x05\0\0\x05\x86\0\0\x1c\xe0\x03\0\x80\
\x0a\0\0\xae\x4a\0\0\x35\x86\0\0\x0a\x74\0\0\xa0\x0a\0\0\xae\x4a\0\0\x35\x86\0\
\0\x0a\x74\0\0\xb0\x0a\0\0\x54\x05\0\0\x05\x86\0\0\x1c\xe0\x03\0\xb8\x0a\0\0\
\xae\x4a\0\0\x35\x86\0\0\x25\x74\0\0\xd0\x0a\0\0\xae\x4a\0\0\x35\x86\0\0\x25\
\x74\0\0\xd8\x0a\0\0\xae\x4a\0\0\x35\x86\0\0\x23\x74\0\0\0\x0b\0\0\x54\x05\0\0\
\x05\x86\0\0\x1c\xe0\x03\0\x08\x0b\0\0\x54\x05\0\0\xd8\x86\0\0\x16\xec\x03\0\
\x18\x0b\0\0\x54\x05\0\0\xd8\x86\0\0\x16\xec\x03\0\x20\x0b\0\0\x54\x05\0\0\xd8\
\x86\0\0\x16\xec\x03\0\x28\x0b\0\0\x54\x05\0\0\xd8\x86\0\0\x14\xec\x03\0\x48\
\x0b\0\0\x54\x05\0\0\x1b\x87\0\0\x1c\xfc\x03\0\x80\x0b\0\0\xae\x4a\0\0\x35\x86\
\0\0\x0a\x74\0\0\xa0\x0b\0\0\xae\x4a\0\0\x35\x86\0\0\x0a\x74\0\0\xb0\x0b\0\0\
\x54\x05\0\0\x1b\x87\0\0\x1c\xfc\x03\0\xb8\x0b\0\0\xae\x4a\0\0\x35\x86\0\0\x25\
\x74\0\0\xd0\x0b\0\0\xae\x4a\0\0\x35\x86\0\0\x25\x74\0\0\xd8\x0b\0\0\xae\x4a\0\
\0\x35\x86\0\0\x23\x74\0\0\0\x0c\0\0\x54\x05\0\0\x1b\x87\0\0\x1c\xfc\x03\0\x08\
\x0c\0\0\x54\x05\0\0\x52\x87\0\0\x16\x08\x04\0\x18\x0c\0\0\x54\x05\0\0\x52\x87\
\0\0\x16\x08\x04\0\x20\x0c\0\0\x54\x05\0\0\x52\x87\0\0\x16\x08\x04\0\x28\x0c\0\
\0\x54\x05\0\0\x52\x87\0\0\x14\x08\x04\0\x48\x0c\0\0\x54\x05\0\0\0\0\0\0\0\0\0\
\0\xb0\x0c\0\0\x54\x05\0\0\x7e\x91\0\0\x0b\x2c\x04\0\xc8\x0c\0\0\x54\x05\0\0\
\x7e\x91\0\0\x0b\x2c\x04\0\xd8\x0c\0\0\x54\x05\0\0\x7e\x91\0\0\x0b\x2c\x04\0\
\xf8\x0c\0\0\x54\x05\0\0\0\0\0\0\0\0\0\0\x08\x0d\0\0\x54\x05\0\0\0\0\0\0\0\0\0\
\0\x10\x0d\0\0\x54\x05\0\0\x95\x87\0\0\x14\xa4\x07\0\x28\x0d\0\0\x54\x05\0\0\
\x52\x8d\0\0\x15\xbc\x03\0\x30\x0d\0\0\x54\x05\0\0\xe4\x87\0\0\x07\xa8\x07\0\
\x38\x0d\0\0\x54\x05\0\0\x12\x8b\0\0\x32\xb0\x07\0\x40\x0d\0\0\x54\x05\0\0\x12\
\x8b\0\0\x3b\xb0\x07\0\x48\x0d\0\0\x54\x05\0\0\x12\x8b\0\0\x20\xb0\x07\0\x50\
\x0d\0\0\x54\x05\0\0\xbd\x8b\0\0\x05\x4c\x09\0\x70\x0d\0\0\x54\x05\0\0\x9f\x88\
\0\0\x14\xc4\x06\0\x80\x0d\0\0\x54\x05\0\0\x59\x88\0\0\x13\xc8\x06\0\x88\x0d\0\
\0\x54\x05\0\0\x77\x88\0\0\x20\xd0\x06\0\x90\x0d\0\0\x54\x05\0\0\x55\x8b\0\0\
\x13\xcc\x06\0\x98\x0d\0\0\x54\x05\0\0\xbf\x88\0\0\x03\xd8\x06\0\xf0\x11\0\0\
\x54\x05\0\0\xf2\x88\0\0\x31\xbc\x06\0\xf8\x11\0\0\x54\x05\0\0\x3d\x89\0\0\x10\
\xe8\x06\0\0\x12\0\0\x54\x05\0\0\x3d\x89\0\0\x07\xe8\x06\0\x08\x12\0\0\x54\x05\
\0\0\x6d\x89\0\0\x05\xec\x06\0\x90\x16\0\0\x54\x05\0\0\xa3\x89\0\0\x22\x04\x07\
\0\x98\x16\0\0\x54\x05\0\0\xcc\x89\0\0\x05\xf8\x06\0\x10\x17\0\0\x54\x05\0\0\
\x07\x8a\0\0\x07\x10\x07\0\x38\x17\0\0\x54\x05\0\0\x07\x8a\0\0\x07\x10\x07\0\
\x40\x17\0\0\x54\x05\0\0\x58\x8a\0\0\x05\x18\x07\0\xcd\x91\0\0\xad\0\0\0\0\0\0\
\0\x54\x05\0\0\xf0\x91\0\0\0\x7c\x09\0\x08\0\0\0\x54\x05\0\0\xf0\x91\0\0\x05\
\x7c\x09\0\x28\0\0\0\x54\x05\0\0\0\0\0\0\0\0\0\0\x30\0\0\0\x54\x05\0\0\x5d\x4a\
\0\0\x1c\xcc\x02\0\x48\0\0\0\x54\x05\0\0\x5d\x4a\0\0\x1c\xcc\x02\0\x50\0\0\0\
\x54\x05\0\0\x91\x4a\0\0\x07\xd0\x02\0\x78\0\0\0\xae\x4a\0\0\0\0\0\0\0\0\0\0\
\x80\0\0\0\xae\x4a\0\0\x3d\x4b\0\0\x1e\x48\0\0\x98\0\0\0\xae\x4a\0\0\x3d\x4b\0\
\0\x1e\x48\0\0\xa0\0\0\0\xae\x4a\0\0\x3d\x4b\0\0\x3e\x48\0\0\xb8\0\0\0\xae\x4a\
\0\0\0\0\0\0\0\0\0\0\xc0\0\0\0\x54\x05\0\0\x6c\x81\0\0\x0b\xd4\x02\0\xd8\0\0\0\
\x54\x05\0\0\0\0\0\0\0\0\0\0\xe0\0\0\0\x54\x05\0\0\x5d\x4a\0\0\x1c\xcc\x02\0\
\xf8\0\0\0\x54\x05\0\0\x5d\x4a\0\0\x1c\xcc\x02\0\0\x01\0\0\x54\x05\0\0\x91\x4a\
\0\0\x07\xd0\x02\0\x28\x01\0\0\xae\x4a\0\0\0\0\0\0\0\0\0\0\x30\x01\0\0\xae\x4a\
\0\0\x3d\x4b\0\0\x1e\x48\0\0\x48\x01\0\0\xae\x4a\0\0\x3d\x4b\0\0\x1e\x48\0\0\
\x50\x01\0\0\xae\x4a\0\0\x3d\x4b\0\0\x3e\x48\0\0\x68\x01\0\0\xae\x4a\0\0\0\0\0\
\0\0\0\0\0\x70\x01\0\0\x54\x05\0\0\x6c\x81\0\0\x0b\xd4\x02\0\x80\x01\0\0\x54\
\x05\0\0\x6c\x81\0\0\x0b\xd4\x02\0\x88\x01\0\0\x54\x05\0\0\x91\x4a\0\0\x07\xf4\
\x02\0\x90\x01\0\0\x54\x05\0\0\x9d\x81\0\0\x05\xf8\x02\0\xd0\x01\0\0\x54\x05\0\
\0\xb2\x81\0\0\x15\x10\x03\0\xe8\x01\0\0\x54\x05\0\0\xb2\x81\0\0\x15\x10\x03\0\
\0\x02\0\0\x54\x05\0\0\xb2\x81\0\0\x0b\x10\x03\0\x08\x02\0\0\x54\x05\0\0\xe3\
\x81\0\0\x07\x14\x03\0\x10\x02\0\0\x54\x05\0\0\x9d\x81\0\0\x05\x1c\x03\0\x40\
\x02\0\0\x54\x05\0\0\xf8\x81\0\0\x0a\x30\x03\0\x60\x02\0\0\x54\x05\0\0\x45\x82\
\0\0\x07\x44\x07\0\x68\x02\0\0\x54\x05\0\0\x73\x82\0\0\x47\x50\x07\0\x78\x02\0\
\0\x54\x05\0\0\x73\x82\0\0\x22\x50\x07\0\xa0\x02\0\0\x54\x05\0\0\xc4\x82\0\0\
\x07\x54\x07\0\xb0\x02\0\0\x54\x05\0\0\0\0\0\0\0\0\0\0\xb8\x02\0\0\x54\x05\0\0\
\xdd\x82\0\0\x22\x60\x07\0\xc0\x02\0\0\x54\x05\0\0\x08\x83\0\0\x0c\x84\x06\0\
\xd0\x02\0\0\x54\x05\0\0\0\0\0\0\0\0\0\0\xd8\x02\0\0\x54\x05\0\0\x27\x83\0\0\
\x07\x88\x06\0\0\x03\0\0\x54\x05\0\0\x6b\x83\0\0\x03\x74\x07\0\x30\x03\0\0\x54\
\x05\0\0\xa7\x83\0\0\x23\x78\x07\0\x38\x03\0\0\x54\x05\0\0\xa7\x83\0\0\x18\x78\
\x07\0\x40\x03\0\0\x54\x05\0\0\xf0\x8b\0\0\x2d\x7c\x07\0\x48\x03\0\0\x54\x05\0\
\0\xf0\x8b\0\0\x22\x7c\x07\0\x58\x03\0\0\x54\x05\0\0\xd2\x83\0\0\x2f\x80\x07\0\
\x60\x03\0\0\x54\x05\0\0\xd2\x83\0\0\x24\x80\x07\0\x98\x03\0\0\x54\x05\0\0\0\0\
\0\0\0\0\0\0\xa0\x03\0\0\xae\x4a\0\0\x0f\x84\0\0\x0a\x60\0\0\xd0\x03\0\0\xae\
\x4a\0\0\x0f\x84\0\0\x0a\x60\0\0\xe0\x03\0\0\x54\x05\0\0\0\0\0\0\0\0\0\0\xe8\
\x03\0\0\xae\x4a\0\0\x0f\x84\0\0\x25\x60\0\0\x18\x04\0\0\xae\x4a\0\0\x0f\x84\0\
\0\x25\x60\0\0\x28\x04\0\0\x54\x05\0\0\0\0\0\0\0\0\0\0\x30\x04\0\0\x54\x05\0\0\
\x24\x8c\0\0\x15\x54\x03\0\x40\x04\0\0\xae\x4a\0\0\x0f\x84\0\0\x23\x60\0\0\x60\
\x04\0\0\x54\x05\0\0\x24\x8c\0\0\x15\x54\x03\0\x68\x04\0\0\x54\x05\0\0\x8b\x8c\
\0\0\x03\xb0\x03\0\x70\x04\0\0\x54\x05\0\0\x6b\x83\0\0\x03\x74\x07\0\x80\x04\0\
\0\x54\x05\0\0\x8b\x8c\0\0\x03\xb0\x03\0\x98\x04\0\0\x54\x05\0\0\xd3\x8c\0\0\
\x16\xb4\x03\0\xb8\x04\0\0\x54\x05\0\0\x6b\x83\0\0\x03\x74\x07\0\xc8\x04\0\0\
\x54\x05\0\0\x0c\x8d\0\0\x03\xb8\x03\0\xf0\x04\0\0\x54\x05\0\0\0\0\0\0\0\0\0\0\
\xf8\x04\0\0\x54\x05\0\0\x52\x8d\0\0\x15\xbc\x03\0\x10\x05\0\0\x54\x05\0\0\x52\
\x8d\0\0\x15\xbc\x03\0\x18\x05\0\0\xae\x4a\0\0\x0f\x84\0\0\x0a\x60\0\0\x28\x05\
\0\0\x54\x05\0\0\0\0\0\0\0\0\0\0\x30\x05\0\0\xae\x4a\0\0\x0f\x84\0\0\x0a\x60\0\
\0\x48\x05\0\0\xae\x4a\0\0\x0f\x84\0\0\x0a\x60\0\0\x58\x05\0\0\x54\x05\0\0\0\0\
\0\0\0\0\0\0\x60\x05\0\0\xae\x4a\0\0\x0f\x84\0\0\x25\x60\0\0\x90\x05\0\0\xae\
\x4a\0\0\x0f\x84\0\0\x25\x60\0\0\x98\x05\0\0\xae\x4a\0\0\x97\x8d\0\0\x29\x9c\0\
\0\xa8\x05\0\0\x54\x05\0\0\0\0\0\0\0\0\0\0\xb0\x05\0\0\xae\x4a\0\0\x97\x8d\0\0\
\x29\x9c\0\0\xc0\x05\0\0\xae\x4a\0\0\x97\x8d\0\0\x29\x9c\0\0\xc8\x05\0\0\xae\
\x4a\0\0\x0f\x84\0\0\x0a\x60\0\0\xd8\x05\0\0\x54\x05\0\0\0\0\0\0\0\0\0\0\xe0\
\x05\0\0\xae\x4a\0\0\x0f\x84\0\0\x0a\x60\0\0\xf8\x05\0\0\xae\x4a\0\0\x0f\x84\0\
\0\x0a\x60\0\0\x08\x06\0\0\x54\x05\0\0\0\0\0\0\0\0\0\0\x10\x06\0\0\xae\x4a\0\0\
\x0f\x84\0\0\x25\x60\0\0\x28\x06\0\0\xae\x4a\0\0\x0f\x84\0\0\x25\x60\0\0\x30\
\x06\0\0\xae\x4a\0\0\x0f\x84\0\0\x23\x60\0\0\x50\x06\0\0\x54\x05\0\0\0\0\0\0\0\
\0\0\0\x58\x06\0\0\x54\x05\0\0\xd9\x8d\0\0\x12\x90\x01\0\x70\x06\0\0\xae\x4a\0\
\0\x0f\x84\0\0\x23\x60\0\0\x80\x06\0\0\xae\x4a\0\0\x97\x8d\0\0\x27\x9c\0\0\x98\
\x06\0\0\x54\x05\0\0\x16\x8e\0\0\x10\x8c\x01\0\xa0\x06\0\0\x54\x05\0\0\xd9\x8d\
\0\0\x12\x90\x01\0\x18\x07\0\0\x54\x05\0\0\x78\x8e\0\0\x10\x14\x02\0\x30\x07\0\
\0\x54\x05\0\0\x78\x8e\0\0\x10\x14\x02\0\x38\x07\0\0\x54\x05\0\0\x78\x8e\0\0\
\x10\x14\x02\0\x40\x07\0\0\x54\x05\0\0\0\0\0\0\0\0\0\0\x60\x07\0\0\x54\x05\0\0\
\0\0\0\0\0\0\0\0\x68\x07\0\0\x54\x05\0\0\x9d\x8e\0\0\x0f\x1c\x02\0\x80\x07\0\0\
\x54\x05\0\0\xc7\x8e\0\0\x0b\x20\x02\0\x90\x07\0\0\x54\x05\0\0\x9d\x8e\0\0\x0f\
\x1c\x02\0\xa0\x07\0\0\x54\x05\0\0\xdc\x8e\0\0\x1b\xd4\x01\0\xc0\x07\0\0\x54\
\x05\0\0\xdc\x8e\0\0\x03\xd4\x01\0\xd8\x07\0\0\x07\x8f\0\0\x90\x8f\0\0\x28\x78\
\0\0\x38\x08\0\0\x54\x05\0\0\xdf\x8f\0\0\x27\xe4\x01\0\x70\x08\0\0\xae\x4a\0\0\
\0\0\0\0\0\0\0\0\x78\x08\0\0\xae\x4a\0\0\x28\x90\0\0\x35\x2c\x01\0\x90\x08\0\0\
\xae\x4a\0\0\x28\x90\0\0\x35\x2c\x01\0\xa0\x08\0\0\xae\x4a\0\0\0\0\0\0\0\0\0\0\
\xa8\x08\0\0\xae\x4a\0\0\x76\x90\0\0\x0a\xc8\0\0\xc0\x08\0\0\xae\x4a\0\0\x76\
\x90\0\0\x0a\xc8\0\0\xd0\x08\0\0\xae\x4a\0\0\0\0\0\0\0\0\0\0\xd8\x08\0\0\xae\
\x4a\0\0\x76\x90\0\0\x24\xc8\0\0\xf8\x08\0\0\xae\x4a\0\0\x76\x90\0\0\x24\xc8\0\
\0\0\x09\0\0\xae\x4a\0\0\xb7\x90\0\0\x0c\xf0\0\0\x28\x09\0\0\xae\x4a\0\0\xb7\
\x90\0\0\x07\xf0\0\0\x38\x09\0\0\xae\x4a\0\0\0\0\0\0\0\0\0\0\x50\x09\0\0\xae\
\x4a\0\0\xd5\x90\0\0\x18\xf4\0\0\x70\x09\0\0\x54\x05\0\0\x01\x91\0\0\x09\xf8\
\x01\0\x80\x09\0\0\x54\x05\0\0\x0e\x91\0\0\x09\0\x02\0\xb8\x09\0\0\x54\x05\0\0\
\x3a\x91\0\0\x10\x0c\x02\0\xd0\x09\0\0\x54\x05\0\0\x3a\x91\0\0\x10\x0c\x02\0\
\xd8\x09\0\0\x54\x05\0\0\x3a\x91\0\0\x10\x0c\x02\0\0\x0a\0\0\x54\x05\0\0\x60\
\x91\0\0\x03\xcc\x03\0\x28\x0a\0\0\x54\x05\0\0\0\0\0\0\0\0\0\0\x48\x0a\0\0\x54\
\x05\0\0\x05\x86\0\0\x1c\xe0\x03\0\x80\x0a\0\0\xae\x4a\0\0\x35\x86\0\0\x0a\x74\
\0\0\xa0\x0a\0\0\xae\x4a\0\0\x35\x86\0\0\x0a\x74\0\0\xb0\x0a\0\0\x54\x05\0\0\
\x05\x86\0\0\x1c\xe0\x03\0\xb8\x0a\0\0\xae\x4a\0\0\x35\x86\0\0\x25\x74\0\0\xd0\
\x0a\0\0\xae\x4a\0\0\x35\x86\0\0\x25\x74\0\0\xd8\x0a\0\0\xae\x4a\0\0\x35\x86\0\
\0\x23\x74\0\0\0\x0b\0\0\x54\x05\0\0\x05\x86\0\0\x1c\xe0\x03\0\x08\x0b\0\0\x54\
\x05\0\0\xd8\x86\0\0\x16\xec\x03\0\x18\x0b\0\0\x54\x05\0\0\xd8\x86\0\0\x16\xec\
\x03\0\x20\x0b\0\0\x54\x05\0\0\xd8\x86\0\0\x16\xec\x03\0\x28\x0b\0\0\x54\x05\0\
\0\xd8\x86\0\0\x14\xec\x03\0\x48\x0b\0\0\x54\x05\0\0\x1b\x87\0\0\x1c\xfc\x03\0\
\x80\x0b\0\0\xae\x4a\0\0\x35\x86\0\0\x0a\x74\0\0\xa0\x0b\0\0\xae\x4a\0\0\x35\
\x86\0\0\x0a\x74\0\0\xb0\x0b\0\0\x54\x05\0\0\x1b\x87\0\0\x1c\xfc\x03\0\xb8\x0b\
\0\0\xae\x4a\0\0\x35\x86\0\0\x25\x74\0\0\xd0\x0b\0\0\xae\x4a\0\0\x35\x86\0\0\
\x25\x74\0\0\xd8\x0b\0\0\xae\x4a\0\0\x35\x86\0\0\x23\x74\0\0\0\x0c\0\0\x54\x05\
\0\0\x1b\x87\0\0\x1c\xfc\x03\0\x08\x0c\0\0\x54\x05\0\0\x52\x87\0\0\x16\x08\x04\
\0\x18\x0c\0\0\x54\x05\0\0\x52\x87\0\0\x16\x08\x04\0\x20\x0c\0\0\x54\x05\0\0\
\x52\x87\0\0\x16\x08\x04\0\x28\x0c\0\0\x54\x05\0\0\x52\x87\0\0\x14\x08\x04\0\
\x48\x0c\0\0\x54\x05\0\0\0\0\0\0\0\0\0\0\xb0\x0c\0\0\x54\x05\0\0\x7e\x91\0\0\
\x0b\x2c\x04\0\xc8\x0c\0\0\x54\x05\0\0\x7e\x91\0\0\x0b\x2c\x04\0\xd8\x0c\0\0\
\x54\x05\0\0\x7e\x91\0\0\x0b\x2c\x04\0\xf8\x0c\0\0\x54\x05\0\0\0\0\0\0\0\0\0\0\
\x08\x0d\0\0\x54\x05\0\0\0\0\0\0\0\0\0\0\x10\x0d\0\0\x54\x05\0\0\x95\x87\0\0\
\x14\xa4\x07\0\x28\x0d\0\0\x54\x05\0\0\x52\x8d\0\0\x15\xbc\x03\0\x30\x0d\0\0\
\x54\x05\0\0\xe4\x87\0\0\x07\xa8\x07\0\x38\x0d\0\0\x54\x05\0\0\x16\x88\0\0\x32\
\xb8\x07\0\x40\x0d\0\0\x54\x05\0\0\x16\x88\0\0\x3b\xb8\x07\0\x48\x0d\0\0\x54\
\x05\0\0\x16\x88\0\0\x20\xb8\x07\0\x50\x0d\0\0\x54\x05\0\0\xf0\x91\0\0\x05\x7c\
\x09\0\x68\x0d\0\0\x54\x05\0\0\x59\x88\0\0\x13\xc8\x06\0\x78\x0d\0\0\x54\x05\0\
\0\x77\x88\0\0\x20\xd0\x06\0\x88\x0d\0\0\x54\x05\0\0\x9f\x88\0\0\x14\xc4\x06\0\
\x90\x0d\0\0\x54\x05\0\0\xbf\x88\0\0\x03\xd8\x06\0\xe8\x11\0\0\x54\x05\0\0\xf2\
\x88\0\0\x31\xbc\x06\0\xf0\x11\0\0\x54\x05\0\0\x3d\x89\0\0\x10\xe8\x06\0\xf8\
\x11\0\0\x54\x05\0\0\x3d\x89\0\0\x07\xe8\x06\0\0\x12\0\0\x54\x05\0\0\x6d\x89\0\
\0\x05\xec\x06\0\x88\x16\0\0\x54\x05\0\0\xa3\x89\0\0\x22\x04\x07\0\x90\x16\0\0\
\x54\x05\0\0\xcc\x89\0\0\x05\xf8\x06\0\x08\x17\0\0\x54\x05\0\0\x07\x8a\0\0\x07\
\x10\x07\0\x30\x17\0\0\x54\x05\0\0\x07\x8a\0\0\x07\x10\x07\0\x38\x17\0\0\x54\
\x05\0\0\x58\x8a\0\0\x05\x18\x07\0\x36\x92\0\0\xa3\0\0\0\0\0\0\0\x54\x05\0\0\
\x53\x92\0\0\x05\xa8\x09\0\x18\0\0\0\x54\x05\0\0\x7e\x92\0\0\x0a\xc0\x09\0\x20\
\0\0\0\x54\x05\0\0\x7e\x92\0\0\x07\xc0\x09\0\x28\0\0\0\x54\x05\0\0\x53\x92\0\0\
\x05\xa8\x09\0\x38\0\0\0\x54\x05\0\0\x8e\x92\0\0\x03\xdc\x09\0\x70\0\0\0\x54\
\x05\0\0\xb8\x92\0\0\x2d\x38\x06\0\x78\0\0\0\x54\x05\0\0\xb8\x92\0\0\x07\x38\
\x06\0\xa8\0\0\0\x54\x05\0\0\xef\x92\0\0\x07\x3c\x06\0\xb0\0\0\0\x54\x05\0\0\
\x08\x93\0\0\x2d\x4c\x06\0\xc0\0\0\0\x54\x05\0\0\x08\x93\0\0\x07\x4c\x06\0\xf0\
\0\0\0\x54\x05\0\0\x59\x93\0\0\x07\x50\x06\0\xf8\0\0\0\x54\x05\0\0\0\0\0\0\0\0\
\0\0\0\x01\0\0\x54\x05\0\0\x6b\x93\0\0\x1b\x5c\x06\0\x08\x01\0\0\x54\x05\0\0\
\x6b\x93\0\0\x2b\x5c\x06\0\x10\x01\0\0\x54\x05\0\0\x6b\x93\0\0\x13\x5c\x06\0\
\x18\x01\0\0\x54\x05\0\0\xa1\x93\0\0\x3d\x64\x06\0\x20\x01\0\0\x54\x05\0\0\xa1\
\x93\0\0\x31\x64\x06\0\x38\x01\0\0\x54\x05\0\0\xa1\x93\0\0\x41\x64\x06\0\x40\
\x01\0\0\x54\x05\0\0\x93\x3d\0\0\x07\x40\x02\0\x60\x01\0\0\x54\x05\0\0\x9d\x81\
\0\0\x05\xec\x09\0\x80\x01\0\0\x54\x05\0\0\x93\x3d\0\0\x07\x40\x02\0\x98\x01\0\
\0\x54\x05\0\0\xd2\x3d\0\0\x0e\x8c\x02\0\xd8\x01\0\0\x54\x05\0\0\xfa\x3d\0\0\
\x27\x50\x02\0\xf0\x01\0\0\x54\x05\0\0\x45\x3e\0\0\x0b\x54\x02\0\x30\x02\0\0\
\x54\x05\0\0\xef\x93\0\0\x15\x60\x06\0\x38\x02\0\0\x54\x05\0\0\x05\x94\0\0\x32\
\x68\x06\0\x40\x02\0\0\x54\x05\0\0\x05\x94\0\0\x16\x68\x06\0\x48\x02\0\0\x54\
\x05\0\0\x05\x94\0\0\x14\x68\x06\0\x50\x02\0\0\x54\x05\0\0\x55\x06\0\0\x30\xd4\
\x05\0\x60\x02\0\0\x54\x05\0\0\x72\x3e\0\0\x10\xd8\x05\0\x68\x02\0\0\x54\x05\0\
\0\x72\x3e\0\0\x07\xd8\x05\0\x78\x02\0\0\x54\x05\0\0\xef\x93\0\0\x15\x60\x06\0\
\x80\x02\0\0\x54\x05\0\0\x87\x3e\0\0\x07\xe0\x05\0\x98\x02\0\0\x54\x05\0\0\xbe\
\x3e\0\0\x07\xe4\x05\0\xa0\x02\0\0\x54\x05\0\0\x3b\x94\0\0\0\x6c\x06\0\xa8\x02\
\0\0\x54\x05\0\0\x2c\x3f\0\0\x05\xe8\x05\0\xf8\x06\0\0\x54\x05\0\0\x5c\x3f\0\0\
\x05\xf4\x05\0\x78\x0b\0\0\x54\x05\0\0\x8d\x3f\0\0\x05\0\x06\0\x28\x0c\0\0\xf0\
\x2b\0\0\0\0\0\0\0\0\0\0\x30\x0c\0\0\xf0\x2b\0\0\xc8\x3f\0\0\x23\x90\0\0\x68\
\x0c\0\0\xf0\x2b\0\0\0\0\0\0\0\0\0\0\x70\x0c\0\0\xf0\x2b\0\0\xc8\x3f\0\0\x23\
\x90\0\0\x88\x0c\0\0\xf0\x2b\0\0\xc8\x3f\0\0\x23\x90\0\0\x98\x0c\0\0\xf0\x2b\0\
\0\x1d\x40\0\0\x15\x58\0\0\xc0\x0c\0\0\xf0\x2b\0\0\x1d\x40\0\0\x03\x58\0\0\xe8\
\x0c\0\0\xf0\x2b\0\0\0\0\0\0\0\0\0\0\xf0\x0c\0\0\xf0\x2b\0\0\x3e\x40\0\0\x22\
\x5c\0\0\x20\x0d\0\0\xf0\x2b\0\0\0\0\0\0\0\0\0\0\x28\x0d\0\0\xf0\x2b\0\0\x3e\
\x40\0\0\x22\x5c\0\0\x38\x0d\0\0\xf0\x2b\0\0\x3e\x40\0\0\x22\x5c\0\0\x40\x0d\0\
\0\xf0\x2b\0\0\x8e\x40\0\0\x13\x60\0\0\x68\x0d\0\0\xf0\x2b\0\0\x8e\x40\0\0\x17\
\x60\0\0\x98\x0d\0\0\xf0\x2b\0\0\x8e\x40\0\0\x17\x60\0\0\xa0\x0d\0\0\xf0\x2b\0\
\0\xce\x40\0\0\x17\x64\0\0\xb0\x0d\0\0\xf0\x2b\0\0\x8e\x40\0\0\x17\x60\0\0\xb8\
\x0d\0\0\xf0\x2b\0\0\xce\x40\0\0\x17\x64\0\0\xc8\x0d\0\0\xf0\x2b\0\0\xce\x40\0\
\0\x17\x64\0\0\xd0\x0d\0\0\xf0\x2b\0\0\x8e\x40\0\0\x09\x60\0\0\0\x0e\0\0\xf0\
\x2b\0\0\0\0\0\0\0\0\0\0\x08\x0e\0\0\xf0\x2b\0\0\x0c\x41\0\0\x15\x94\0\0\x18\
\x0e\0\0\xf0\x2b\0\0\x0c\x41\0\0\x15\x94\0\0\x20\x0e\0\0\xf0\x2b\0\0\x0c\x41\0\
\0\x13\x94\0\0\x40\x0e\0\0\xf0\x2b\0\0\0\0\0\0\0\0\0\0\x48\x0e\0\0\xf0\x2b\0\0\
\x43\x41\0\0\x22\x98\0\0\x60\x0e\0\0\xf0\x2b\0\0\x43\x41\0\0\x22\x98\0\0\x68\
\x0e\0\0\xf0\x2b\0\0\x43\x41\0\0\x20\x98\0\0\x98\x0e\0\0\xf0\x2b\0\0\0\0\0\0\0\
\0\0\0\xa0\x0e\0\0\xf0\x2b\0\0\x8b\x41\0\0\x1b\x9c\0\0\xc8\x0e\0\0\xf0\x2b\0\0\
\0\0\0\0\0\0\0\0\xd0\x0e\0\0\xf0\x2b\0\0\x8b\x41\0\0\x1b\x9c\0\0\xe0\x0e\0\0\
\xf0\x2b\0\0\x8b\x41\0\0\x1b\x9c\0\0\xe8\x0e\0\0\xf0\x2b\0\0\x8b\x41\0\0\x19\
\x9c\0\0\x08\x0f\0\0\xf0\x2b\0\0\0\0\0\0\0\0\0\0\x10\x0f\0\0\xf0\x2b\0\0\xd5\
\x41\0\0\x14\xa0\0\0\x20\x0f\0\0\xf0\x2b\0\0\xd5\x41\0\0\x14\xa0\0\0\x28\x0f\0\
\0\xf0\x2b\0\0\xd5\x41\0\0\x12\xa0\0\0\x50\x0f\0\0\xf0\x2b\0\0\0\0\0\0\0\0\0\0\
\x58\x0f\0\0\xf0\x2b\0\0\x06\x42\0\0\x14\xa8\0\0\x90\x0f\0\0\xf0\x2b\0\0\0\0\0\
\0\0\0\0\0\x98\x0f\0\0\xf0\x2b\0\0\x06\x42\0\0\x14\xa8\0\0\xa8\x0f\0\0\xf0\x2b\
\0\0\x06\x42\0\0\x14\xa8\0\0\xb0\x0f\0\0\xf0\x2b\0\0\x06\x42\0\0\x12\xa8\0\0\
\xc0\x0f\0\0\xf0\x2b\0\0\0\0\0\0\0\0\0\0\xc8\x0f\0\0\xf0\x2b\0\0\x45\x42\0\0\
\x14\xac\0\0\0\x10\0\0\xf0\x2b\0\0\0\0\0\0\0\0\0\0\x08\x10\0\0\xf0\x2b\0\0\x45\
\x42\0\0\x14\xac\0\0\x18\x10\0\0\xf0\x2b\0\0\x45\x42\0\0\x14\xac\0\0\x20\x10\0\
\0\xf0\x2b\0\0\x45\x42\0\0\x12\xac\0\0\x40\x10\0\0\xf0\x2b\0\0\0\0\0\0\0\0\0\0\
\x48\x10\0\0\xf0\x2b\0\0\x89\x42\0\0\x2a\xb8\0\0\x80\x10\0\0\xf0\x2b\0\0\0\0\0\
\0\0\0\0\0\x88\x10\0\0\xf0\x2b\0\0\x89\x42\0\0\x2a\xb8\0\0\x98\x10\0\0\xf0\x2b\
\0\0\x89\x42\0\0\x2a\xb8\0\0\xa8\x10\0\0\xf0\x2b\0\0\0\0\0\0\0\0\0\0\xb0\x10\0\
\0\xf0\x2b\0\0\x8f\x47\0\0\x28\xbc\0\0\xe8\x10\0\0\xf0\x2b\0\0\0\0\0\0\0\0\0\0\
\xf0\x10\0\0\xf0\x2b\0\0\x8f\x47\0\0\x28\xbc\0\0\0\x11\0\0\xf0\x2b\0\0\x8f\x47\
\0\0\x28\xbc\0\0\x08\x11\0\0\xf0\x2b\0\0\xdc\x47\0\0\x10\xc0\0\0\x18\x11\0\0\
\xf0\x2b\0\0\xdc\x47\0\0\x07\xc0\0\0\x28\x11\0\0\xf0\x2b\0\0\0\0\0\0\0\0\0\0\
\x38\x11\0\0\xf0\x2b\0\0\x1c\x48\0\0\x22\xd4\0\0\x40\x11\0\0\xf0\x2b\0\0\x1c\
\x48\0\0\x03\xd4\0\0\x50\x11\0\0\xf0\x2b\0\0\x66\x48\0\0\x12\xdc\0\0\x68\x11\0\
\0\xf0\x2b\0\0\x66\x48\0\0\x07\xdc\0\0\x78\x11\0\0\xf0\x2b\0\0\xac\x48\0\0\x3c\
\xe0\0\0\x88\x11\0\0\x54\x05\0\0\xbe\x3e\0\0\x1f\xe4\x05\0\x98\x11\0\0\x54\x05\
\0\0\x3b\x94\0\0\x22\x6c\x06\0\xa0\x11\0\0\x54\x05\0\0\x8b\x94\0\0\x1a\0\x0a\0\
\xa8\x11\0\0\x54\x05\0\0\x8b\x94\0\0\x0f\0\x0a\0\xb0\x11\0\0\x54\x05\0\0\x08\
\x83\0\0\x0c\x84\x06\0\xc0\x11\0\0\x54\x05\0\0\0\0\0\0\0\0\0\0\xc8\x11\0\0\x54\
\x05\0\0\x27\x83\0\0\x07\x88\x06\0\x10\x12\0\0\x54\x05\0\0\0\0\0\0\0\0\0\0\x18\
\x12\0\0\x54\x05\0\0\xad\x94\0\0\x22\x68\x05\0\x50\x12\0\0\x54\x05\0\0\0\0\0\0\
\0\0\0\0\x58\x12\0\0\x54\x05\0\0\xad\x94\0\0\x22\x68\x05\0\x70\x12\0\0\x54\x05\
\0\0\xf4\x94\0\0\x22\x6c\x05\0\x78\x12\0\0\x54\x05\0\0\xf4\x94\0\0\x16\x6c\x05\
\0\x98\x12\0\0\x54\x05\0\0\0\0\0\0\0\0\0\0\xa0\x12\0\0\x54\x05\0\0\x21\x95\0\0\
\x2e\x74\x05\0\xb8\x12\0\0\x54\x05\0\0\x21\x95\0\0\x2e\x74\x05\0\xc8\x12\0\0\
\x54\x05\0\0\0\0\0\0\0\0\0\0\xd0\x12\0\0\x54\x05\0\0\x69\x95\0\0\x1a\x78\x05\0\
\x08\x13\0\0\x54\x05\0\0\0\0\0\0\0\0\0\0\x10\x13\0\0\x54\x05\0\0\x69\x95\0\0\
\x1a\x78\x05\0\x20\x13\0\0\x54\x05\0\0\x21\x95\0\0\x2e\x74\x05\0\x30\x13\0\0\
\x54\x05\0\0\x69\x95\0\0\x1a\x78\x05\0\x38\x13\0\0\x54\x05\0\0\x93\x3d\0\0\x07\
\x40\x02\0\x78\x13\0\0\x54\x05\0\0\xd2\x3d\0\0\x0e\x8c\x02\0\xb8\x13\0\0\x54\
\x05\0\0\xfa\x3d\0\0\x27\x50\x02\0\xd0\x13\0\0\x54\x05\0\0\x45\x3e\0\0\x0b\x54\
\x02\0\x10\x14\0\0\x54\x05\0\0\xa9\x95\0\0\x18\x70\x05\0\x18\x14\0\0\x54\x05\0\
\0\xc2\x95\0\0\x07\x7c\x05\0\x30\x14\0\0\x54\x05\0\0\xf5\x95\0\0\x2f\x80\x05\0\
\x40\x14\0\0\x54\x05\0\0\xf5\x95\0\0\x23\x80\x05\0\x48\x14\0\0\x54\x05\0\0\x3e\
\x96\0\0\x2e\x84\x05\0\x50\x14\0\0\x54\x05\0\0\x3e\x96\0\0\x22\x84\x05\0\x70\
\x14\0\0\x54\x05\0\0\x83\x96\0\0\x05\x8c\x05\0\xc0\x14\0\0\x54\x05\0\0\xbf\x96\
\0\0\x05\x98\x05\0\xe8\x14\0\0\x54\x05\0\0\xf3\x96\0\0\x27\xa8\x05\0\xf8\x14\0\
\0\x54\x05\0\0\xf3\x96\0\0\x1b\xa8\x05\0\0\x15\0\0\x54\x05\0\0\x34\x97\0\0\x26\
\xac\x05\0\x08\x15\0\0\x54\x05\0\0\x34\x97\0\0\x1a\xac\x05\0\x18\x15\0\0\x54\
\x05\0\0\xf3\x96\0\0\x27\xa8\x05\0\x20\x15\0\0\x54\x05\0\0\x62\x97\0\0\x0f\x10\
\x0a\0\x38\x15\0\0\x54\x05\0\0\xa3\x97\0\0\x07\x14\x0a\0\x40\x15\0\0\x54\x05\0\
\0\x9d\x81\0\0\x05\x18\x0a\0\x58\x15\0\0\x54\x05\0\0\0\0\0\0\0\0\0\0\x60\x15\0\
\0\x54\x05\0\0\x53\x92\0\0\x05\xa8\x09\0\x78\x15\0\0\x54\x05\0\0\x59\x88\0\0\
\x13\xc8\x06\0\x80\x15\0\0\x54\x05\0\0\x77\x88\0\0\x20\xd0\x06\0\x88\x15\0\0\
\x54\x05\0\0\x9f\x88\0\0\x14\xc4\x06\0\x90\x15\0\0\x54\x05\0\0\xbf\x88\0\0\x03\
\xd8\x06\0\xe0\x19\0\0\x54\x05\0\0\xf2\x88\0\0\x31\xbc\x06\0\xf0\x19\0\0\x54\
\x05\0\0\x3d\x89\0\0\x10\xe8\x06\0\xf8\x19\0\0\x54\x05\0\0\x3d\x89\0\0\x07\xe8\
\x06\0\0\x1a\0\0\x54\x05\0\0\x6d\x89\0\0\x05\xec\x06\0\x88\x1e\0\0\x54\x05\0\0\
\xa3\x89\0\0\x22\x04\x07\0\x90\x1e\0\0\x54\x05\0\0\xcc\x89\0\0\x05\xf8\x06\0\
\x08\x1f\0\0\x54\x05\0\0\x07\x8a\0\0\x07\x10\x07\0\x30\x1f\0\0\x54\x05\0\0\x07\
\x8a\0\0\x07\x10\x07\0\x38\x1f\0\0\x54\x05\0\0\x58\x8a\0\0\x05\x18\x07\0\x13\
\x98\0\0\xa3\0\0\0\0\0\0\0\x54\x05\0\0\x38\x98\0\0\x05\x4c\x0a\0\x18\0\0\0\x54\
\x05\0\0\x7e\x92\0\0\x0a\x68\x0a\0\x20\0\0\0\x54\x05\0\0\x7e\x92\0\0\x07\x68\
\x0a\0\x28\0\0\0\x54\x05\0\0\x38\x98\0\0\x05\x4c\x0a\0\x38\0\0\0\x54\x05\0\0\
\x8e\x92\0\0\x03\x84\x0a\0\x70\0\0\0\x54\x05\0\0\xb8\x92\0\0\x2d\x38\x06\0\x78\
\0\0\0\x54\x05\0\0\xb8\x92\0\0\x07\x38\x06\0\xa8\0\0\0\x54\x05\0\0\xef\x92\0\0\
\x07\x3c\x06\0\xb0\0\0\0\x54\x05\0\0\x08\x93\0\0\x2d\x4c\x06\0\xc0\0\0\0\x54\
\x05\0\0\x08\x93\0\0\x07\x4c\x06\0\xf0\0\0\0\x54\x05\0\0\x59\x93\0\0\x07\x50\
\x06\0\xf8\0\0\0\x54\x05\0\0\0\0\0\0\0\0\0\0\0\x01\0\0\x54\x05\0\0\x6b\x93\0\0\
\x1b\x5c\x06\0\x08\x01\0\0\x54\x05\0\0\x6b\x93\0\0\x2b\x5c\x06\0\x10\x01\0\0\
\x54\x05\0\0\x6b\x93\0\0\x13\x5c\x06\0\x18\x01\0\0\x54\x05\0\0\xa1\x93\0\0\x3d\
\x64\x06\0\x20\x01\0\0\x54\x05\0\0\xa1\x93\0\0\x31\x64\x06\0\x38\x01\0\0\x54\
\x05\0\0\xa1\x93\0\0\x41\x64\x06\0\x40\x01\0\0\x54\x05\0\0\x93\x3d\0\0\x07\x40\
\x02\0\x60\x01\0\0\x54\x05\0\0\x6d\x98\0\0\x05\x90\x0a\0\x80\x01\0\0\x54\x05\0\
\0\x93\x3d\0\0\x07\x40\x02\0\x98\x01\0\0\x54\x05\0\0\xd2\x3d\0\0\x0e\x8c\x02\0\
\xd8\x01\0\0\x54\x05\0\0\xfa\x3d\0\0\x27\x50\x02\0\xf0\x01\0\0\x54\x05\0\0\x45\
\x3e\0\0\x0b\x54\x02\0\x30\x02\0\0\x54\x05\0\0\xef\x93\0\0\x15\x60\x06\0\x38\
\x02\0\0\x54\x05\0\0\x05\x94\0\0\x32\x68\x06\0\x40\x02\0\0\x54\x05\0\0\x05\x94\
\0\0\x16\x68\x06\0\x48\x02\0\0\x54\x05\0\0\x05\x94\0\0\x14\x68\x06\0\x50\x02\0\
\0\x54\x05\0\0\x55\x06\0\0\x30\xd4\x05\0\x60\x02\0\0\x54\x05\0\0\x72\x3e\0\0\
\x10\xd8\x05\0\x68\x02\0\0\x54\x05\0\0\x72\x3e\0\0\x07\xd8\x05\0\x78\x02\0\0\
\x54\x05\0\0\xef\x93\0\0\x15\x60\x06\0\x80\x02\0\0\x54\x05\0\0\x87\x3e\0\0\x07\
\xe0\x05\0\x98\x02\0\0\x54\x05\0\0\xbe\x3e\0\0\x07\xe4\x05\0\xa0\x02\0\0\x54\
\x05\0\0\x3b\x94\0\0\0\x6c\x06\0\xa8\x02\0\0\x54\x05\0\0\x2c\x3f\0\0\x05\xe8\
\x05\0\xf8\x06\0\0\x54\x05\0\0\x5c\x3f\0\0\x05\xf4\x05\0\x78\x0b\0\0\x54\x05\0\
\0\x8d\x3f\0\0\x05\0\x06\0\x28\x0c\0\0\xf0\x2b\0\0\0\0\0\0\0\0\0\0\x30\x0c\0\0\
\xf0\x2b\0\0\xc8\x3f\0\0\x23\x90\0\0\x68\x0c\0\0\xf0\x2b\0\0\0\0\0\0\0\0\0\0\
\x70\x0c\0\0\xf0\x2b\0\0\xc8\x3f\0\0\x23\x90\0\0\x88\x0c\0\0\xf0\x2b\0\0\xc8\
\x3f\0\0\x23\x90\0\0\x98\x0c\0\0\xf0\x2b\0\0\x1d\x40\0\0\x15\x58\0\0\xc0\x0c\0\
\0\xf0\x2b\0\0\x1d\x40\0\0\x03\x58\0\0\xe8\x0c\0\0\xf0\x2b\0\0\0\0\0\0\0\0\0\0\
\xf0\x0c\0\0\xf0\x2b\0\0\x3e\x40\0\0\x22\x5c\0\0\x20\x0d\0\0\xf0\x2b\0\0\0\0\0\
\0\0\0\0\0\x28\x0d\0\0\xf0\x2b\0\0\x3e\x40\0\0\x22\x5c\0\0\x38\x0d\0\0\xf0\x2b\
\0\0\x3e\x40\0\0\x22\x5c\0\0\x40\x0d\0\0\xf0\x2b\0\0\x8e\x40\0\0\x13\x60\0\0\
\x68\x0d\0\0\xf0\x2b\0\0\x8e\x40\0\0\x17\x60\0\0\x98\x0d\0\0\xf0\x2b\0\0\x8e\
\x40\0\0\x17\x60\0\0\xa0\x0d\0\0\xf0\x2b\0\0\xce\x40\0\0\x17\x64\0\0\xb0\x0d\0\
\0\xf0\x2b\0\0\x8e\x40\0\0\x17\x60\0\0\xb8\x0d\0\0\xf0\x2b\0\0\xce\x40\0\0\x17\
\x64\0\0\xc8\x0d\0\0\xf0\x2b\0\0\xce\x40\0\0\x17\x64\0\0\xd0\x0d\0\0\xf0\x2b\0\
\0\x8e\x40\0\0\x09\x60\0\0\0\x0e\0\0\xf0\x2b\0\0\0\0\0\0\0\0\0\0\x08\x0e\0\0\
\xf0\x2b\0\0\x0c\x41\0\0\x15\x94\0\0\x18\x0e\0\0\xf0\x2b\0\0\x0c\x41\0\0\x15\
\x94\0\0\x20\x0e\0\0\xf0\x2b\0\0\x0c\x41\0\0\x13\x94\0\0\x40\x0e\0\0\xf0\x2b\0\
\0\0\0\0\0\0\0\0\0\x48\x0e\0\0\xf0\x2b\0\0\x43\x41\0\0\x22\x98\0\0\x60\x0e\0\0\
\xf0\x2b\0\0\x43\x41\0\0\x22\x98\0\0\x68\x0e\0\0\xf0\x2b\0\0\x43\x41\0\0\x20\
\x98\0\0\x98\x0e\0\0\xf0\x2b\0\0\0\0\0\0\0\0\0\0\xa0\x0e\0\0\xf0\x2b\0\0\x8b\
\x41\0\0\x1b\x9c\0\0\xc8\x0e\0\0\xf0\x2b\0\0\0\0\0\0\0\0\0\0\xd0\x0e\0\0\xf0\
\x2b\0\0\x8b\x41\0\0\x1b\x9c\0\0\xe0\x0e\0\0\xf0\x2b\0\0\x8b\x41\0\0\x1b\x9c\0\
\0\xe8\x0e\0\0\xf0\x2b\0\0\x8b\x41\0\0\x19\x9c\0\0\x08\x0f\0\0\xf0\x2b\0\0\0\0\
\0\0\0\0\0\0\x10\x0f\0\0\xf0\x2b\0\0\xd5\x41\0\0\x14\xa0\0\0\x20\x0f\0\0\xf0\
\x2b\0\0\xd5\x41\0\0\x14\xa0\0\0\x28\x0f\0\0\xf0\x2b\0\0\xd5\x41\0\0\x12\xa0\0\
\0\x50\x0f\0\0\xf0\x2b\0\0\0\0\0\0\0\0\0\0\x58\x0f\0\0\xf0\x2b\0\0\x06\x42\0\0\
\x14\xa8\0\0\x90\x0f\0\0\xf0\x2b\0\0\0\0\0\0\0\0\0\0\x98\x0f\0\0\xf0\x2b\0\0\
\x06\x42\0\0\x14\xa8\0\0\xa8\x0f\0\0\xf0\x2b\0\0\x06\x42\0\0\x14\xa8\0\0\xb0\
\x0f\0\0\xf0\x2b\0\0\x06\x42\0\0\x12\xa8\0\0\xc0\x0f\0\0\xf0\x2b\0\0\0\0\0\0\0\
\0\0\0\xc8\x0f\0\0\xf0\x2b\0\0\x45\x42\0\0\x14\xac\0\0\0\x10\0\0\xf0\x2b\0\0\0\
\0\0\0\0\0\0\0\x08\x10\0\0\xf0\x2b\0\0\x45\x42\0\0\x14\xac\0\0\x18\x10\0\0\xf0\
\x2b\0\0\x45\x42\0\0\x14\xac\0\0\x20\x10\0\0\xf0\x2b\0\0\x45\x42\0\0\x12\xac\0\
\0\x40\x10\0\0\xf0\x2b\0\0\0\0\0\0\0\0\0\0\x48\x10\0\0\xf0\x2b\0\0\x89\x42\0\0\
\x2a\xb8\0\0\x80\x10\0\0\xf0\x2b\0\0\0\0\0\0\0\0\0\0\x88\x10\0\0\xf0\x2b\0\0\
\x89\x42\0\0\x2a\xb8\0\0\x98\x10\0\0\xf0\x2b\0\0\x89\x42\0\0\x2a\xb8\0\0\xa8\
\x10\0\0\xf0\x2b\0\0\0\0\0\0\0\0\0\0\xb0\x10\0\0\xf0\x2b\0\0\x8f\x47\0\0\x28\
\xbc\0\0\xe8\x10\0\0\xf0\x2b\0\0\0\0\0\0\0\0\0\0\xf0\x10\0\0\xf0\x2b\0\0\x8f\
\x47\0\0\x28\xbc\0\0\0\x11\0\0\xf0\x2b\0\0\x8f\x47\0\0\x28\xbc\0\0\x08\x11\0\0\
\xf0\x2b\0\0\xdc\x47\0\0\x10\xc0\0\0\x18\x11\0\0\xf0\x2b\0\0\xdc\x47\0\0\x07\
\xc0\0\0\x28\x11\0\0\xf0\x2b\0\0\0\0\0\0\0\0\0\0\x38\x11\0\0\xf0\x2b\0\0\x1c\
\x48\0\0\x22\xd4\0\0\x40\x11\0\0\xf0\x2b\0\0\x1c\x48\0\0\x03\xd4\0\0\x50\x11\0\
\0\xf0\x2b\0\0\x66\x48\0\0\x12\xdc\0\0\x68\x11\0\0\xf0\x2b\0\0\x66\x48\0\0\x07\
\xdc\0\0\x78\x11\0\0\xf0\x2b\0\0\xac\x48\0\0\x3c\xe0\0\0\x88\x11\0\0\x54\x05\0\
\0\xbe\x3e\0\0\x1f\xe4\x05\0\x98\x11\0\0\x54\x05\0\0\x3b\x94\0\0\x22\x6c\x06\0\
\xa0\x11\0\0\x54\x05\0\0\x8b\x94\0\0\x1a\x9c\x0a\0\xa8\x11\0\0\x54\x05\0\0\x8b\
\x94\0\0\x0f\x9c\x0a\0\xb0\x11\0\0\x54\x05\0\0\x08\x83\0\0\x0c\x84\x06\0\xc0\
\x11\0\0\x54\x05\0\0\0\0\0\0\0\0\0\0\xc8\x11\0\0\x54\x05\0\0\x27\x83\0\0\x07\
\x88\x06\0\x10\x12\0\0\x54\x05\0\0\0\0\0\0\0\0\0\0\x18\x12\0\0\x54\x05\0\0\xad\
\x94\0\0\x22\x68\x05\0\x50\x12\0\0\x54\x05\0\0\0\0\0\0\0\0\0\0\x58\x12\0\0\x54\
\x05\0\0\xad\x94\0\0\x22\x68\x05\0\x70\x12\0\0\x54\x05\0\0\xf4\x94\0\0\x22\x6c\
\x05\0\x78\x12\0\0\x54\x05\0\0\xf4\x94\0\0\x16\x6c\x05\0\x98\x12\0\0\x54\x05\0\
\0\0\0\0\0\0\0\0\0\xa0\x12\0\0\x54\x05\0\0\x21\x95\0\0\x2e\x74\x05\0\xb8\x12\0\
\0\x54\x05\0\0\x21\x95\0\0\x2e\x74\x05\0\xc8\x12\0\0\x54\x05\0\0\0\0\0\0\0\0\0\
\0\xd0\x12\0\0\x54\x05\0\0\x69\x95\0\0\x1a\x78\x05\0\x08\x13\0\0\x54\x05\0\0\0\
\0\0\0\0\0\0\0\x10\x13\0\0\x54\x05\0\0\x69\x95\0\0\x1a\x78\x05\0\x20\x13\0\0\
\x54\x05\0\0\x21\x95\0\0\x2e\x74\x05\0\x30\x13\0\0\x54\x05\0\0\x69\x95\0\0\x1a\
\x78\x05\0\x38\x13\0\0\x54\x05\0\0\x93\x3d\0\0\x07\x40\x02\0\x78\x13\0\0\x54\
\x05\0\0\xd2\x3d\0\0\x0e\x8c\x02\0\xb8\x13\0\0\x54\x05\0\0\xfa\x3d\0\0\x27\x50\
\x02\0\xd0\x13\0\0\x54\x05\0\0\x45\x3e\0\0\x0b\x54\x02\0\x10\x14\0\0\x54\x05\0\
\0\xa9\x95\0\0\x18\x70\x05\0\x18\x14\0\0\x54\x05\0\0\xc2\x95\0\0\x07\x7c\x05\0\
\x30\x14\0\0\x54\x05\0\0\xf5\x95\0\0\x2f\x80\x05\0\x40\x14\0\0\x54\x05\0\0\xf5\
\x95\0\0\x23\x80\x05\0\x48\x14\0\0\x54\x05\0\0\x3e\x96\0\0\x2e\x84\x05\0\x50\
\x14\0\0\x54\x05\0\0\x3e\x96\0\0\x22\x84\x05\0\x70\x14\0\0\x54\x05\0\0\x83\x96\
\0\0\x05\x8c\x05\0\xc0\x14\0\0\x54\x05\0\0\xbf\x96\0\0\x05\x98\x05\0\xe8\x14\0\
\0\x54\x05\0\0\xf3\x96\0\0\x27\xa8\x05\0\xf8\x14\0\0\x54\x05\0\0\xf3\x96\0\0\
\x1b\xa8\x05\0\0\x15\0\0\x54\x05\0\0\x34\x97\0\0\x26\xac\x05\0\x08\x15\0\0\x54\
\x05\0\0\x34\x97\0\0\x1a\xac\x05\0\x18\x15\0\0\x54\x05\0\0\xf3\x96\0\0\x27\xa8\
\x05\0\x20\x15\0\0\x54\x05\0\0\x62\x97\0\0\x0f\xa8\x0a\0\x38\x15\0\0\x54\x05\0\
\0\xb9\x98\0\0\x07\xac\x0a\0\x48\x15\0\0\x54\x05\0\0\xcc\x98\0\0\x1a\xb0\x0a\0\
\x60\x15\0\0\x54\x05\0\0\x59\x88\0\0\x13\xc8\x06\0\x68\x15\0\0\x54\x05\0\0\x77\
\x88\0\0\x20\xd0\x06\0\x78\x15\0\0\x54\x05\0\0\x9f\x88\0\0\x14\xc4\x06\0\x80\
\x15\0\0\x54\x05\0\0\xbf\x88\0\0\x03\xd8\x06\0\xd0\x19\0\0\x54\x05\0\0\xf2\x88\
\0\0\x31\xbc\x06\0\xe0\x19\0\0\x54\x05\0\0\x3d\x89\0\0\x10\xe8\x06\0\xe8\x19\0\
\0\x54\x05\0\0\x3d\x89\0\0\x07\xe8\x06\0\xf0\x19\0\0\x54\x05\0\0\x6d\x89\0\0\
\x05\xec\x06\0\x70\x1e\0\0\x54\x05\0\0\xa3\x89\0\0\x22\x04\x07\0\x78\x1e\0\0\
\x54\x05\0\0\xcc\x89\0\0\x05\xf8\x06\0\xf0\x1e\0\0\x54\x05\0\0\x07\x8a\0\0\x07\
\x10\x07\0\x18\x1f\0\0\x54\x05\0\0\x07\x8a\0\0\x07\x10\x07\0\x20\x1f\0\0\x54\
\x05\0\0\x58\x8a\0\0\x05\x18\x07\0\x38\x1f\0\0\x54\x05\0\0\0\0\0\0\0\0\0\0\x40\
\x1f\0\0\x54\x05\0\0\x38\x98\0\0\x05\x4c\x0a\0\x21\x99\0\0\x07\0\0\0\0\0\0\0\
\x54\x05\0\0\x40\x99\0\0\x05\xd8\x0a\0\x08\0\0\0\x54\x05\0\0\x84\x99\0\0\x0c\
\xdc\x0a\0\x18\0\0\0\x54\x05\0\0\0\0\0\0\0\0\0\0\x20\0\0\0\x54\x05\0\0\xa5\x99\
\0\0\x07\xe0\x0a\0\x38\0\0\0\x54\x05\0\0\xa5\x99\0\0\x07\xe0\x0a\0\x40\0\0\0\
\x54\x05\0\0\xe2\x99\0\0\x05\xe4\x0a\0\x68\0\0\0\x54\x05\0\0\x40\x99\0\0\x05\
\xd8\x0a\0\x4d\x9a\0\0\x6c\0\0\0\0\0\0\0\x54\x05\0\0\x6c\x9a\0\0\x05\xfc\x0a\0\
\x08\0\0\0\x54\x05\0\0\xb8\x92\0\0\x2d\x38\x06\0\x10\0\0\0\x54\x05\0\0\xb8\x92\
\0\0\x07\x38\x06\0\x40\0\0\0\x54\x05\0\0\xef\x92\0\0\x07\x3c\x06\0\x48\0\0\0\
\x54\x05\0\0\x08\x93\0\0\x2d\x4c\x06\0\x58\0\0\0\x54\x05\0\0\x08\x93\0\0\x07\
\x4c\x06\0\x88\0\0\0\x54\x05\0\0\x59\x93\0\0\x07\x50\x06\0\x90\0\0\0\x54\x05\0\
\0\0\0\0\0\0\0\0\0\x98\0\0\0\x54\x05\0\0\x6b\x93\0\0\x1b\x5c\x06\0\xa0\0\0\0\
\x54\x05\0\0\x6b\x93\0\0\x2b\x5c\x06\0\xa8\0\0\0\x54\x05\0\0\x6b\x93\0\0\x13\
\x5c\x06\0\xb0\0\0\0\x54\x05\0\0\xa1\x93\0\0\x3d\x64\x06\0\xb8\0\0\0\x54\x05\0\
\0\xa1\x93\0\0\x31\x64\x06\0\xd0\0\0\0\x54\x05\0\0\xa1\x93\0\0\x41\x64\x06\0\
\xd8\0\0\0\x54\x05\0\0\x93\x3d\0\0\x07\x40\x02\0\xf8\0\0\0\x54\x05\0\0\x99\x9a\
\0\0\x05\x18\x0b\0\x20\x01\0\0\x54\x05\0\0\x93\x3d\0\0\x07\x40\x02\0\x38\x01\0\
\0\x54\x05\0\0\xd2\x3d\0\0\x0e\x8c\x02\0\x78\x01\0\0\x54\x05\0\0\xfa\x3d\0\0\
\x27\x50\x02\0\x90\x01\0\0\x54\x05\0\0\x45\x3e\0\0\x0b\x54\x02\0\xd0\x01\0\0\
\x54\x05\0\0\xef\x93\0\0\x15\x60\x06\0\xd8\x01\0\0\x54\x05\0\0\x05\x94\0\0\x32\
\x68\x06\0\xe0\x01\0\0\x54\x05\0\0\x05\x94\0\0\x16\x68\x06\0\xe8\x01\0\0\x54\
\x05\0\0\x05\x94\0\0\x14\x68\x06\0\xf0\x01\0\0\x54\x05\0\0\x55\x06\0\0\x30\xd4\
\x05\0\0\x02\0\0\x54\x05\0\0\x72\x3e\0\0\x10\xd8\x05\0\x08\x02\0\0\x54\x05\0\0\
\x72\x3e\0\0\x07\xd8\x05\0\x18\x02\0\0\x54\x05\0\0\xef\x93\0\0\x15\x60\x06\0\
\x20\x02\0\0\x54\x05\0\0\x87\x3e\0\0\x07\xe0\x05\0\x38\x02\0\0\x54\x05\0\0\xbe\
\x3e\0\0\x07\xe4\x05\0\x40\x02\0\0\x54\x05\0\0\x3b\x94\0\0\0\x6c\x06\0\x48\x02\
\0\0\x54\x05\0\0\x2c\x3f\0\0\x05\xe8\x05\0\x98\x06\0\0\x54\x05\0\0\x5c\x3f\0\0\
\x05\xf4\x05\0\x18\x0b\0\0\x54\x05\0\0\x8d\x3f\0\0\x05\0\x06\0\xc8\x0b\0\0\xf0\
\x2b\0\0\0\0\0\0\0\0\0\0\xd0\x0b\0\0\xf0\x2b\0\0\xc8\x3f\0\0\x23\x90\0\0\x08\
\x0c\0\0\xf0\x2b\0\0\0\0\0\0\0\0\0\0\x10\x0c\0\0\xf0\x2b\0\0\xc8\x3f\0\0\x23\
\x90\0\0\x28\x0c\0\0\xf0\x2b\0\0\xc8\x3f\0\0\x23\x90\0\0\x38\x0c\0\0\xf0\x2b\0\
\0\x1d\x40\0\0\x15\x58\0\0\x60\x0c\0\0\xf0\x2b\0\0\x1d\x40\0\0\x03\x58\0\0\x88\
\x0c\0\0\xf0\x2b\0\0\0\0\0\0\0\0\0\0\x90\x0c\0\0\xf0\x2b\0\0\x3e\x40\0\0\x22\
\x5c\0\0\xc0\x0c\0\0\xf0\x2b\0\0\0\0\0\0\0\0\0\0\xc8\x0c\0\0\xf0\x2b\0\0\x3e\
\x40\0\0\x22\x5c\0\0\xd8\x0c\0\0\xf0\x2b\0\0\x3e\x40\0\0\x22\x5c\0\0\xe0\x0c\0\
\0\xf0\x2b\0\0\x8e\x40\0\0\x13\x60\0\0\x08\x0d\0\0\xf0\x2b\0\0\x8e\x40\0\0\x17\
\x60\0\0\x30\x0d\0\0\xf0\x2b\0\0\x8e\x40\0\0\x17\x60\0\0\x40\x0d\0\0\xf0\x2b\0\
\0\x8e\x40\0\0\x17\x60\0\0\x48\x0d\0\0\xf0\x2b\0\0\xce\x40\0\0\x17\x64\0\0\x58\
\x0d\0\0\xf0\x2b\0\0\xce\x40\0\0\x17\x64\0\0\x60\x0d\0\0\xf0\x2b\0\0\x8e\x40\0\
\0\x09\x60\0\0\x88\x0d\0\0\xf0\x2b\0\0\0\0\0\0\0\0\0\0\x90\x0d\0\0\xf0\x2b\0\0\
\x0c\x41\0\0\x15\x94\0\0\xa0\x0d\0\0\xf0\x2b\0\0\x0c\x41\0\0\x15\x94\0\0\xb0\
\x0d\0\0\xf0\x2b\0\0\x0c\x41\0\0\x13\x94\0\0\xd0\x0d\0\0\xf0\x2b\0\0\0\0\0\0\0\
\0\0\0\xd8\x0d\0\0\xf0\x2b\0\0\x43\x41\0\0\x22\x98\0\0\xf8\x0d\0\0\xf0\x2b\0\0\
\x43\x41\0\0\x22\x98\0\0\0\x0e\0\0\xf0\x2b\0\0\x43\x41\0\0\x20\x98\0\0\x30\x0e\
\0\0\xf0\x2b\0\0\0\0\0\0\0\0\0\0\x38\x0e\0\0\xf0\x2b\0\0\x8b\x41\0\0\x1b\x9c\0\
\0\x60\x0e\0\0\xf0\x2b\0\0\0\0\0\0\0\0\0\0\x68\x0e\0\0\xf0\x2b\0\0\x8b\x41\0\0\
\x1b\x9c\0\0\x78\x0e\0\0\xf0\x2b\0\0\x8b\x41\0\0\x1b\x9c\0\0\x80\x0e\0\0\xf0\
\x2b\0\0\x8b\x41\0\0\x19\x9c\0\0\xa0\x0e\0\0\xf0\x2b\0\0\0\0\0\0\0\0\0\0\xa8\
\x0e\0\0\xf0\x2b\0\0\xd5\x41\0\0\x14\xa0\0\0\xb8\x0e\0\0\xf0\x2b\0\0\xd5\x41\0\
\0\x14\xa0\0\0\xc0\x0e\0\0\xf0\x2b\0\0\xd5\x41\0\0\x12\xa0\0\0\xe8\x0e\0\0\xf0\
\x2b\0\0\0\0\0\0\0\0\0\0\xf0\x0e\0\0\xf0\x2b\0\0\x06\x42\0\0\x14\xa8\0\0\x28\
\x0f\0\0\xf0\x2b\0\0\0\0\0\0\0\0\0\0\x30\x0f\0\0\xf0\x2b\0\0\x06\x42\0\0\x14\
\xa8\0\0\x40\x0f\0\0\xf0\x2b\0\0\x06\x42\0\0\x14\xa8\0\0\x48\x0f\0\0\xf0\x2b\0\
\0\x06\x42\0\0\x12\xa8\0\0\x58\x0f\0\0\xf0\x2b\0\0\0\0\0\0\0\0\0\0\x60\x0f\0\0\
\xf0\x2b\0\0\x45\x42\0\0\x14\xac\0\0\x98\x0f\0\0\xf0\x2b\0\0\0\0\0\0\0\0\0\0\
\xa0\x0f\0\0\xf0\x2b\0\0\x45\x42\0\0\x14\xac\0\0\xb0\x0f\0\0\xf0\x2b\0\0\x45\
\x42\0\0\x14\xac\0\0\xb8\x0f\0\0\xf0\x2b\0\0\x45\x42\0\0\x12\xac\0\0\xd8\x0f\0\
\0\xf0\x2b\0\0\0\0\0\0\0\0\0\0\xe0\x0f\0\0\xf0\x2b\0\0\x89\x42\0\0\x2a\xb8\0\0\
\x18\x10\0\0\xf0\x2b\0\0\0\0\0\0\0\0\0\0\x20\x10\0\0\xf0\x2b\0\0\x89\x42\0\0\
\x2a\xb8\0\0\x30\x10\0\0\xf0\x2b\0\0\x89\x42\0\0\x2a\xb8\0\0\x40\x10\0\0\xf0\
\x2b\0\0\0\0\0\0\0\0\0\0\x48\x10\0\0\xf0\x2b\0\0\x8f\x47\0\0\x28\xbc\0\0\x80\
\x10\0\0\xf0\x2b\0\0\0\0\0\0\0\0\0\0\x88\x10\0\0\xf0\x2b\0\0\x8f\x47\0\0\x28\
\xbc\0\0\x98\x10\0\0\xf0\x2b\0\0\x8f\x47\0\0\x28\xbc\0\0\xa0\x10\0\0\xf0\x2b\0\
\0\xdc\x47\0\0\x10\xc0\0\0\xb0\x10\0\0\xf0\x2b\0\0\xdc\x47\0\0\x07\xc0\0\0\xc0\
\x10\0\0\xf0\x2b\0\0\0\0\0\0\0\0\0\0\xd0\x10\0\0\xf0\x2b\0\0\x1c\x48\0\0\x22\
\xd4\0\0\xd8\x10\0\0\xf0\x2b\0\0\x1c\x48\0\0\x03\xd4\0\0\xe8\x10\0\0\xf0\x2b\0\
\0\x66\x48\0\0\x12\xdc\0\0\xf8\x10\0\0\xf0\x2b\0\0\x66\x48\0\0\x07\xdc\0\0\x08\
\x11\0\0\xf0\x2b\0\0\xac\x48\0\0\x3c\xe0\0\0\x18\x11\0\0\x54\x05\0\0\xbe\x3e\0\
\0\x1f\xe4\x05\0\x28\x11\0\0\x54\x05\0\0\x3b\x94\0\0\x22\x6c\x06\0\x30\x11\0\0\
\x54\x05\0\0\xdd\x82\0\0\x22\x24\x0b\0\x38\x11\0\0\x54\x05\0\0\x08\x83\0\0\x0c\
\x84\x06\0\x48\x11\0\0\x54\x05\0\0\0\0\0\0\0\0\0\0\x50\x11\0\0\x54\x05\0\0\x27\
\x83\0\0\x07\x88\x06\0\x78\x11\0\0\x54\x05\0\0\x6c\x9a\0\0\x05\xfc\x0a\0\x03\
\x9b\0\0\x6c\0\0\0\0\0\0\0\x54\x05\0\0\x21\x9b\0\0\x05\x38\x0b\0\x08\0\0\0\x54\
\x05\0\0\xb8\x92\0\0\x2d\x38\x06\0\x10\0\0\0\x54\x05\0\0\xb8\x92\0\0\x07\x38\
\x06\0\x40\0\0\0\x54\x05\0\0\xef\x92\0\0\x07\x3c\x06\0\x48\0\0\0\x54\x05\0\0\
\x08\x93\0\0\x2d\x4c\x06\0\x58\0\0\0\x54\x05\0\0\x08\x93\0\0\x07\x4c\x06\0\x88\
\0\0\0\x54\x05\0\0\x59\x93\0\0\x07\x50\x06\0\x90\0\0\0\x54\x05\0\0\0\0\0\0\0\0\
\0\0\x98\0\0\0\x54\x05\0\0\x6b\x93\0\0\x1b\x5c\x06\0\xa0\0\0\0\x54\x05\0\0\x6b\
\x93\0\0\x2b\x5c\x06\0\xa8\0\0\0\x54\x05\0\0\x6b\x93\0\0\x13\x5c\x06\0\xb0\0\0\
\0\x54\x05\0\0\xa1\x93\0\0\x3d\x64\x06\0\xb8\0\0\0\x54\x05\0\0\xa1\x93\0\0\x31\
\x64\x06\0\xd0\0\0\0\x54\x05\0\0\xa1\x93\0\0\x41\x64\x06\0\xd8\0\0\0\x54\x05\0\
\0\x93\x3d\0\0\x07\x40\x02\0\xf8\0\0\0\x54\x05\0\0\x4d\x9b\0\0\x05\x5c\x0b\0\
\x20\x01\0\0\x54\x05\0\0\x93\x3d\0\0\x07\x40\x02\0\x38\x01\0\0\x54\x05\0\0\xd2\
\x3d\0\0\x0e\x8c\x02\0\x78\x01\0\0\x54\x05\0\0\xfa\x3d\0\0\x27\x50\x02\0\x90\
\x01\0\0\x54\x05\0\0\x45\x3e\0\0\x0b\x54\x02\0\xd0\x01\0\0\x54\x05\0\0\xef\x93\
\0\0\x15\x60\x06\0\xd8\x01\0\0\x54\x05\0\0\x05\x94\0\0\x32\x68\x06\0\xe0\x01\0\
\0\x54\x05\0\0\x05\x94\0\0\x16\x68\x06\0\xe8\x01\0\0\x54\x05\0\0\x05\x94\0\0\
\x14\x68\x06\0\xf0\x01\0\0\x54\x05\0\0\x55\x06\0\0\x30\xd4\x05\0\0\x02\0\0\x54\
\x05\0\0\x72\x3e\0\0\x10\xd8\x05\0\x08\x02\0\0\x54\x05\0\0\x72\x3e\0\0\x07\xd8\
\x05\0\x18\x02\0\0\x54\x05\0\0\xef\x93\0\0\x15\x60\x06\0\x20\x02\0\0\x54\x05\0\
\0\x87\x3e\0\0\x07\xe0\x05\0\x38\x02\0\0\x54\x05\0\0\xbe\x3e\0\0\x07\xe4\x05\0\
\x40\x02\0\0\x54\x05\0\0\x3b\x94\0\0\0\x6c\x06\0\x48\x02\0\0\x54\x05\0\0\x2c\
\x3f\0\0\x05\xe8\x05\0\x98\x06\0\0\x54\x05\0\0\x5c\x3f\0\0\x05\xf4\x05\0\x18\
\x0b\0\0\x54\x05\0\0\x8d\x3f\0\0\x05\0\x06\0\xc8\x0b\0\0\xf0\x2b\0\0\0\0\0\0\0\
\0\0\0\xd0\x0b\0\0\xf0\x2b\0\0\xc8\x3f\0\0\x23\x90\0\0\x08\x0c\0\0\xf0\x2b\0\0\
\0\0\0\0\0\0\0\0\x10\x0c\0\0\xf0\x2b\0\0\xc8\x3f\0\0\x23\x90\0\0\x28\x0c\0\0\
\xf0\x2b\0\0\xc8\x3f\0\0\x23\x90\0\0\x38\x0c\0\0\xf0\x2b\0\0\x1d\x40\0\0\x15\
\x58\0\0\x60\x0c\0\0\xf0\x2b\0\0\x1d\x40\0\0\x03\x58\0\0\x88\x0c\0\0\xf0\x2b\0\
\0\0\0\0\0\0\0\0\0\x90\x0c\0\0\xf0\x2b\0\0\x3e\x40\0\0\x22\x5c\0\0\xc0\x0c\0\0\
\xf0\x2b\0\0\0\0\0\0\0\0\0\0\xc8\x0c\0\0\xf0\x2b\0\0\x3e\x40\0\0\x22\x5c\0\0\
\xd8\x0c\0\0\xf0\x2b\0\0\x3e\x40\0\0\x22\x5c\0\0\xe0\x0c\0\0\xf0\x2b\0\0\x8e\
\x40\0\0\x13\x60\0\0\x08\x0d\0\0\xf0\x2b\0\0\x8e\x40\0\0\x17\x60\0\0\x30\x0d\0\
\0\xf0\x2b\0\0\x8e\x40\0\0\x17\x60\0\0\x40\x0d\0\0\xf0\x2b\0\0\x8e\x40\0\0\x17\
\x60\0\0\x48\x0d\0\0\xf0\x2b\0\0\xce\x40\0\0\x17\x64\0\0\x58\x0d\0\0\xf0\x2b\0\
\0\xce\x40\0\0\x17\x64\0\0\x60\x0d\0\0\xf0\x2b\0\0\x8e\x40\0\0\x09\x60\0\0\x88\
\x0d\0\0\xf0\x2b\0\0\0\0\0\0\0\0\0\0\x90\x0d\0\0\xf0\x2b\0\0\x0c\x41\0\0\x15\
\x94\0\0\xa0\x0d\0\0\xf0\x2b\0\0\x0c\x41\0\0\x15\x94\0\0\xb0\x0d\0\0\xf0\x2b\0\
\0\x0c\x41\0\0\x13\x94\0\0\xd0\x0d\0\0\xf0\x2b\0\0\0\0\0\0\0\0\0\0\xd8\x0d\0\0\
\xf0\x2b\0\0\x43\x41\0\0\x22\x98\0\0\xf8\x0d\0\0\xf0\x2b\0\0\x43\x41\0\0\x22\
\x98\0\0\0\x0e\0\0\xf0\x2b\0\0\x43\x41\0\0\x20\x98\0\0\x30\x0e\0\0\xf0\x2b\0\0\
\0\0\0\0\0\0\0\0\x38\x0e\0\0\xf0\x2b\0\0\x8b\x41\0\0\x1b\x9c\0\0\x60\x0e\0\0\
\xf0\x2b\0\0\0\0\0\0\0\0\0\0\x68\x0e\0\0\xf0\x2b\0\0\x8b\x41\0\0\x1b\x9c\0\0\
\x78\x0e\0\0\xf0\x2b\0\0\x8b\x41\0\0\x1b\x9c\0\0\x80\x0e\0\0\xf0\x2b\0\0\x8b\
\x41\0\0\x19\x9c\0\0\xa0\x0e\0\0\xf0\x2b\0\0\0\0\0\0\0\0\0\0\xa8\x0e\0\0\xf0\
\x2b\0\0\xd5\x41\0\0\x14\xa0\0\0\xb8\x0e\0\0\xf0\x2b\0\0\xd5\x41\0\0\x14\xa0\0\
\0\xc0\x0e\0\0\xf0\x2b\0\0\xd5\x41\0\0\x12\xa0\0\0\xe8\x0e\0\0\xf0\x2b\0\0\0\0\
\0\0\0\0\0\0\xf0\x0e\0\0\xf0\x2b\0\0\x06\x42\0\0\x14\xa8\0\0\x28\x0f\0\0\xf0\
\x2b\0\0\0\0\0\0\0\0\0\0\x30\x0f\0\0\xf0\x2b\0\0\x06\x42\0\0\x14\xa8\0\0\x40\
\x0f\0\0\xf0\x2b\0\0\x06\x42\0\0\x14\xa8\0\0\x48\x0f\0\0\xf0\x2b\0\0\x06\x42\0\
\0\x12\xa8\0\0\x58\x0f\0\0\xf0\x2b\0\0\0\0\0\0\0\0\0\0\x60\x0f\0\0\xf0\x2b\0\0\
\x45\x42\0\0\x14\xac\0\0\x98\x0f\0\0\xf0\x2b\0\0\0\0\0\0\0\0\0\0\xa0\x0f\0\0\
\xf0\x2b\0\0\x45\x42\0\0\x14\xac\0\0\xb0\x0f\0\0\xf0\x2b\0\0\x45\x42\0\0\x14\
\xac\0\0\xb8\x0f\0\0\xf0\x2b\0\0\x45\x42\0\0\x12\xac\0\0\xd8\x0f\0\0\xf0\x2b\0\
\0\0\0\0\0\0\0\0\0\xe0\x0f\0\0\xf0\x2b\0\0\x89\x42\0\0\x2a\xb8\0\0\x18\x10\0\0\
\xf0\x2b\0\0\0\0\0\0\0\0\0\0\x20\x10\0\0\xf0\x2b\0\0\x89\x42\0\0\x2a\xb8\0\0\
\x30\x10\0\0\xf0\x2b\0\0\x89\x42\0\0\x2a\xb8\0\0\x40\x10\0\0\xf0\x2b\0\0\0\0\0\
\0\0\0\0\0\x48\x10\0\0\xf0\x2b\0\0\x8f\x47\0\0\x28\xbc\0\0\x80\x10\0\0\xf0\x2b\
\0\0\0\0\0\0\0\0\0\0\x88\x10\0\0\xf0\x2b\0\0\x8f\x47\0\0\x28\xbc\0\0\x98\x10\0\
\0\xf0\x2b\0\0\x8f\x47\0\0\x28\xbc\0\0\xa0\x10\0\0\xf0\x2b\0\0\xdc\x47\0\0\x10\
\xc0\0\0\xb0\x10\0\0\xf0\x2b\0\0\xdc\x47\0\0\x07\xc0\0\0\xc0\x10\0\0\xf0\x2b\0\
\0\0\0\0\0\0\0\0\0\xd0\x10\0\0\xf0\x2b\0\0\x1c\x48\0\0\x22\xd4\0\0\xd8\x10\0\0\
\xf0\x2b\0\0\x1c\x48\0\0\x03\xd4\0\0\xe8\x10\0\0\xf0\x2b\0\0\x66\x48\0\0\x12\
\xdc\0\0\xf8\x10\0\0\xf0\x2b\0\0\x66\x48\0\0\x07\xdc\0\0\x08\x11\0\0\xf0\x2b\0\
\0\xac\x48\0\0\x3c\xe0\0\0\x18\x11\0\0\x54\x05\0\0\xbe\x3e\0\0\x1f\xe4\x05\0\
\x28\x11\0\0\x54\x05\0\0\x3b\x94\0\0\x22\x6c\x06\0\x30\x11\0\0\x54\x05\0\0\xdd\
\x82\0\0\x22\x68\x0b\0\x38\x11\0\0\x54\x05\0\0\x08\x83\0\0\x0c\x84\x06\0\x48\
\x11\0\0\x54\x05\0\0\0\0\0\0\0\0\0\0\x50\x11\0\0\x54\x05\0\0\x27\x83\0\0\x07\
\x88\x06\0\x78\x11\0\0\x54\x05\0\0\x21\x9b\0\0\x05\x38\x0b\0\x10\0\0\0\x37\x05\
\0\0\x19\0\0\0\x30\0\0\0\x53\0\0\0\xec\x2b\0\0\0\0\0\0\xe8\0\0\0\x89\x01\0\0\
\xec\x2b\0\0\0\0\0\0\x08\x01\0\0\x89\x01\0\0\x4a\x2e\0\0\0\0\0\0\x10\x01\0\0\
\x91\x01\0\0\x0e\x3d\0\0\0\0\0\0\x30\x01\0\0\x91\x01\0\0\x3f\x3d\0\0\0\0\0\0\
\x28\x02\0\0\x53\0\0\0\x6d\x3e\0\0\0\0\0\0\xe8\x0b\0\0\x53\0\0\0\xc3\x3f\0\0\0\
\0\0\0\x28\x0c\0\0\x53\0\0\0\x18\x40\0\0\0\0\0\0\xb0\x0c\0\0\x53\0\0\0\xc3\x3f\
\0\0\0\0\0\0\xe8\x0c\0\0\x53\0\0\0\x18\x40\0\0\0\0\0\0\x30\x0d\0\0\x53\0\0\0\
\xc8\x40\0\0\0\0\0\0\xa8\x0d\0\0\x53\0\0\0\x6d\x3e\0\0\0\0\0\0\xf8\x0d\0\0\x53\
\0\0\0\x3d\x41\0\0\0\0\0\0\x40\x0e\0\0\x53\0\0\0\x18\x40\0\0\0\0\0\0\0\x0f\0\0\
\x53\0\0\0\0\x42\0\0\0\0\0\0\x40\x0f\0\0\xd3\0\0\0\x3f\x42\0\0\0\0\0\0\xb0\x0f\
\0\0\xd3\0\0\0\x7e\x42\0\0\0\0\0\0\xf8\x0f\0\0\x53\0\0\0\x84\x42\0\0\0\0\0\0\
\x30\x10\0\0\xf4\x01\0\0\x88\x47\0\0\0\0\0\0\x98\x10\0\0\xf4\x01\0\0\xd5\x47\0\
\0\0\0\0\0\x78\x11\0\0\x89\x01\0\0\x4a\x2e\0\0\0\0\0\0\x88\x11\0\0\x91\x01\0\0\
\x0f\x49\0\0\0\0\0\0\x98\x11\0\0\x91\x01\0\0\x3f\x49\0\0\0\0\0\0\xa8\x11\0\0\
\x91\x01\0\0\x7a\x49\0\0\0\0\0\0\xf0\x11\0\0\x91\x01\0\0\x7a\x49\0\0\0\0\0\0\
\xf1\x49\0\0\x16\0\0\0\0\0\0\0\xdc\x01\0\0\x1b\x4a\0\0\0\0\0\0\x58\0\0\0\xdc\
\x01\0\0\xa6\x4a\0\0\0\0\0\0\x90\0\0\0\x23\x02\0\0\x68\x81\0\0\0\0\0\0\x08\x01\
\0\0\xdc\x01\0\0\xa6\x4a\0\0\0\0\0\0\x40\x01\0\0\x23\x02\0\0\x68\x81\0\0\0\0\0\
\0\xb8\x01\0\0\x7b\x02\0\0\xad\x81\0\0\0\0\0\0\x68\x02\0\0\xdc\x01\0\0\x6d\x82\
\0\0\0\0\0\0\x48\x03\0\0\xdc\x01\0\0\x0a\x84\0\0\0\0\0\0\x80\x03\0\0\xdc\x01\0\
\0\x57\x84\0\0\0\0\0\0\xd8\x03\0\0\x9e\x03\0\0\x95\x84\0\0\0\0\0\0\x18\x04\0\0\
\x9e\x03\0\0\xf4\x84\0\0\0\0\0\0\x58\x04\0\0\x9e\x03\0\0\x2e\x85\0\0\0\0\0\0\
\xa0\x04\0\0\x9e\x03\0\0\x66\x85\0\0\0\0\0\0\xf8\x04\0\0\xdc\x01\0\0\xc0\x85\0\
\0\0\0\0\0\x68\x05\0\0\xdc\x01\0\0\x0a\x84\0\0\0\0\0\0\xa0\x05\0\0\xdc\x01\0\0\
\x7f\x86\0\0\0\0\0\0\xf8\x05\0\0\xa3\x03\0\0\x68\x81\0\0\0\0\0\0\x48\x06\0\0\
\xa3\x03\0\0\x4a\x2e\0\0\0\0\0\0\xa0\x06\0\0\xdc\x01\0\0\x0a\x84\0\0\0\0\0\0\
\xd8\x06\0\0\xdc\x01\0\0\x7f\x86\0\0\0\0\0\0\x30\x07\0\0\xa4\x03\0\0\x68\x81\0\
\0\0\0\0\0\x80\x07\0\0\xa4\x03\0\0\x4a\x2e\0\0\0\0\0\0\xc6\x8a\0\0\x16\0\0\0\0\
\0\0\0\xdc\x01\0\0\x1b\x4a\0\0\0\0\0\0\x58\0\0\0\xdc\x01\0\0\xa6\x4a\0\0\0\0\0\
\0\x90\0\0\0\x23\x02\0\0\x68\x81\0\0\0\0\0\0\x08\x01\0\0\xdc\x01\0\0\xa6\x4a\0\
\0\0\0\0\0\x40\x01\0\0\x23\x02\0\0\x68\x81\0\0\0\0\0\0\xb8\x01\0\0\x7b\x02\0\0\
\xad\x81\0\0\0\0\0\0\x68\x02\0\0\xdc\x01\0\0\x6d\x82\0\0\0\0\0\0\x48\x03\0\0\
\xdc\x01\0\0\x0a\x84\0\0\0\0\0\0\x80\x03\0\0\xdc\x01\0\0\x57\x84\0\0\0\0\0\0\
\xd8\x03\0\0\x9e\x03\0\0\x95\x84\0\0\0\0\0\0\x18\x04\0\0\x9e\x03\0\0\xf4\x84\0\
\0\0\0\0\0\x58\x04\0\0\x9e\x03\0\0\x2e\x85\0\0\0\0\0\0\xa0\x04\0\0\x9e\x03\0\0\
\x66\x85\0\0\0\0\0\0\xf8\x04\0\0\xdc\x01\0\0\xc0\x85\0\0\0\0\0\0\x68\x05\0\0\
\xdc\x01\0\0\x0a\x84\0\0\0\0\0\0\xa0\x05\0\0\xdc\x01\0\0\x7f\x86\0\0\0\0\0\0\
\xf8\x05\0\0\xa3\x03\0\0\x68\x81\0\0\0\0\0\0\x48\x06\0\0\xa3\x03\0\0\x4a\x2e\0\
\0\0\0\0\0\xa0\x06\0\0\xdc\x01\0\0\x0a\x84\0\0\0\0\0\0\xd8\x06\0\0\xdc\x01\0\0\
\x7f\x86\0\0\0\0\0\0\x30\x07\0\0\xa4\x03\0\0\x68\x81\0\0\0\0\0\0\x80\x07\0\0\
\xa4\x03\0\0\x4a\x2e\0\0\0\0\0\0\x98\x8b\0\0\x1e\0\0\0\0\0\0\0\xdc\x01\0\0\x1b\
\x4a\0\0\0\0\0\0\x58\0\0\0\xdc\x01\0\0\xa6\x4a\0\0\0\0\0\0\x90\0\0\0\x23\x02\0\
\0\x68\x81\0\0\0\0\0\0\x08\x01\0\0\xdc\x01\0\0\xa6\x4a\0\0\0\0\0\0\x40\x01\0\0\
\x23\x02\0\0\x68\x81\0\0\0\0\0\0\xb8\x01\0\0\x7b\x02\0\0\xad\x81\0\0\0\0\0\0\
\x68\x02\0\0\xdc\x01\0\0\x6d\x82\0\0\0\0\0\0\x68\x03\0\0\xdc\x01\0\0\x0a\x84\0\
\0\0\0\0\0\xb8\x03\0\0\xdc\x01\0\0\x57\x84\0\0\0\0\0\0\0\x04\0\0\xdc\x01\0\0\
\x6d\x82\0\0\0\0\0\0\x48\x04\0\0\xa9\x03\0\0\x7f\x8c\0\0\0\0\0\0\xa0\x04\0\0\
\xa9\x03\0\0\0\x8d\0\0\0\0\0\0\xd8\x04\0\0\xa9\x03\0\0\x66\x85\0\0\0\0\0\0\x78\
\x05\0\0\xdc\x01\0\0\x92\x8d\0\0\0\0\0\0\x38\x06\0\0\xa9\x03\0\0\xec\x2b\0\0\0\
\0\0\0\xa8\x06\0\0\xdc\x01\0\0\xc0\x85\0\0\0\0\0\0\xd0\x06\0\0\xdc\x01\0\0\x95\
\x84\0\0\0\0\0\0\0\x07\0\0\xae\x03\0\0\x4a\x2e\0\0\0\0\0\0\x48\x07\0\0\xae\x03\
\0\0\x68\x81\0\0\0\0\0\0\x58\x08\0\0\xdc\x01\0\0\x92\x8d\0\0\0\0\0\0\xa0\x09\0\
\0\xae\x03\0\0\x4a\x2e\0\0\0\0\0\0\x50\x0a\0\0\xdc\x01\0\0\x0a\x84\0\0\0\0\0\0\
\x90\x0a\0\0\xdc\x01\0\0\x7f\x86\0\0\0\0\0\0\xe0\x0a\0\0\xa3\x03\0\0\x68\x81\0\
\0\0\0\0\0\x30\x0b\0\0\xa3\x03\0\0\x4a\x2e\0\0\0\0\0\0\x50\x0b\0\0\xdc\x01\0\0\
\x0a\x84\0\0\0\0\0\0\x90\x0b\0\0\xdc\x01\0\0\x7f\x86\0\0\0\0\0\0\xe0\x0b\0\0\
\xa4\x03\0\0\x68\x81\0\0\0\0\0\0\x30\x0c\0\0\xa4\x03\0\0\x4a\x2e\0\0\0\0\0\0\
\x90\x0c\0\0\x91\x01\0\0\x79\x91\0\0\0\0\0\0\xcd\x91\0\0\x1e\0\0\0\0\0\0\0\xdc\
\x01\0\0\x1b\x4a\0\0\0\0\0\0\x58\0\0\0\xdc\x01\0\0\xa6\x4a\0\0\0\0\0\0\x90\0\0\
\0\x23\x02\0\0\x68\x81\0\0\0\0\0\0\x08\x01\0\0\xdc\x01\0\0\xa6\x4a\0\0\0\0\0\0\
\x40\x01\0\0\x23\x02\0\0\x68\x81\0\0\0\0\0\0\xb8\x01\0\0\x7b\x02\0\0\xad\x81\0\
\0\0\0\0\0\x68\x02\0\0\xdc\x01\0\0\x6d\x82\0\0\0\0\0\0\x68\x03\0\0\xdc\x01\0\0\
\x0a\x84\0\0\0\0\0\0\xb8\x03\0\0\xdc\x01\0\0\x57\x84\0\0\0\0\0\0\0\x04\0\0\xdc\
\x01\0\0\x6d\x82\0\0\0\0\0\0\x48\x04\0\0\xa9\x03\0\0\x7f\x8c\0\0\0\0\0\0\xa0\
\x04\0\0\xa9\x03\0\0\0\x8d\0\0\0\0\0\0\xd8\x04\0\0\xa9\x03\0\0\x66\x85\0\0\0\0\
\0\0\x78\x05\0\0\xdc\x01\0\0\x92\x8d\0\0\0\0\0\0\x38\x06\0\0\xa9\x03\0\0\xec\
\x2b\0\0\0\0\0\0\xa8\x06\0\0\xdc\x01\0\0\xc0\x85\0\0\0\0\0\0\xd0\x06\0\0\xdc\
\x01\0\0\x95\x84\0\0\0\0\0\0\0\x07\0\0\xae\x03\0\0\x4a\x2e\0\0\0\0\0\0\x48\x07\
\0\0\xae\x03\0\0\x68\x81\0\0\0\0\0\0\x58\x08\0\0\xdc\x01\0\0\x92\x8d\0\0\0\0\0\
\0\xa0\x09\0\0\xae\x03\0\0\x4a\x2e\0\0\0\0\0\0\x50\x0a\0\0\xdc\x01\0\0\x0a\x84\
\0\0\0\0\0\0\x90\x0a\0\0\xdc\x01\0\0\x7f\x86\0\0\0\0\0\0\xe0\x0a\0\0\xa3\x03\0\
\0\x68\x81\0\0\0\0\0\0\x30\x0b\0\0\xa3\x03\0\0\x4a\x2e\0\0\0\0\0\0\x50\x0b\0\0\
\xdc\x01\0\0\x0a\x84\0\0\0\0\0\0\x90\x0b\0\0\xdc\x01\0\0\x7f\x86\0\0\0\0\0\0\
\xe0\x0b\0\0\xa4\x03\0\0\x68\x81\0\0\0\0\0\0\x30\x0c\0\0\xa4\x03\0\0\x4a\x2e\0\
\0\0\0\0\0\x90\x0c\0\0\x91\x01\0\0\x79\x91\0\0\0\0\0\0\x36\x92\0\0\x25\0\0\0\
\x70\0\0\0\x89\x01\0\0\xec\x2b\0\0\0\0\0\0\xb0\0\0\0\x89\x01\0\0\xec\x2b\0\0\0\
\0\0\0\0\x01\0\0\x89\x01\0\0\xec\x2b\0\0\0\0\0\0\x08\x01\0\0\x91\x01\0\0\x0e\
\x3d\0\0\0\0\0\0\x18\x01\0\0\x89\x01\0\0\xec\x2b\0\0\0\0\0\0\x20\x01\0\0\x89\
\x01\0\0\x4a\x2e\0\0\0\0\0\0\x38\x01\0\0\x91\x01\0\0\x3f\x3d\0\0\0\0\0\0\x38\
\x02\0\0\x89\x01\0\0\xec\x2b\0\0\0\0\0\0\x60\x02\0\0\x53\0\0\0\x6d\x3e\0\0\0\0\
\0\0\x08\x0c\0\0\x53\0\0\0\xc3\x3f\0\0\0\0\0\0\x48\x0c\0\0\x53\0\0\0\x18\x40\0\
\0\0\0\0\0\xd0\x0c\0\0\x53\0\0\0\xc3\x3f\0\0\0\0\0\0\x08\x0d\0\0\x53\0\0\0\x18\
\x40\0\0\0\0\0\0\x50\x0d\0\0\x53\0\0\0\xc8\x40\0\0\0\0\0\0\x88\x0d\0\0\x53\0\0\
\0\xc8\x40\0\0\0\0\0\0\xe0\x0d\0\0\x53\0\0\0\x6d\x3e\0\0\0\0\0\0\x28\x0e\0\0\
\x53\0\0\0\x3d\x41\0\0\0\0\0\0\x70\x0e\0\0\x53\0\0\0\x18\x40\0\0\0\0\0\0\x30\
\x0f\0\0\x53\0\0\0\0\x42\0\0\0\0\0\0\x70\x0f\0\0\xd3\0\0\0\x3f\x42\0\0\0\0\0\0\
\xe0\x0f\0\0\xd3\0\0\0\x7e\x42\0\0\0\0\0\0\x28\x10\0\0\x53\0\0\0\x84\x42\0\0\0\
\0\0\0\x60\x10\0\0\xf4\x01\0\0\x88\x47\0\0\0\0\0\0\xc8\x10\0\0\xf4\x01\0\0\xd5\
\x47\0\0\0\0\0\0\xf0\x11\0\0\x89\x01\0\0\xec\x2b\0\0\0\0\0\0\x30\x12\0\0\x91\
\x01\0\0\x68\x81\0\0\0\0\0\0\x70\x12\0\0\x92\x01\0\0\x66\x85\0\0\0\0\0\0\x80\
\x12\0\0\x89\x01\0\0\x4a\x2e\0\0\0\0\0\0\xe8\x12\0\0\x91\x01\0\0\x3f\x3d\0\0\0\
\0\0\0\x38\x14\0\0\x92\x01\0\0\x2e\x96\0\0\0\0\0\0\x48\x14\0\0\x92\x01\0\0\x36\
\x96\0\0\0\0\0\0\x60\x14\0\0\x92\x01\0\0\x7a\x96\0\0\0\0\0\0\x88\x14\0\0\x92\
\x01\0\0\x7a\x96\0\0\0\0\0\0\xa8\x14\0\0\x92\x01\0\0\xb6\x96\0\0\0\0\0\0\xc0\
\x14\0\0\x92\x01\0\0\xb6\x96\0\0\0\0\0\0\xf0\x14\0\0\x92\x01\0\0\x24\x97\0\0\0\
\0\0\0\0\x15\0\0\x92\x01\0\0\x2c\x97\0\0\0\0\0\0\x13\x98\0\0\x25\0\0\0\x70\0\0\
\0\x89\x01\0\0\xec\x2b\0\0\0\0\0\0\xb0\0\0\0\x89\x01\0\0\xec\x2b\0\0\0\0\0\0\0\
\x01\0\0\x89\x01\0\0\xec\x2b\0\0\0\0\0\0\x08\x01\0\0\x91\x01\0\0\x0e\x3d\0\0\0\
\0\0\0\x18\x01\0\0\x89\x01\0\0\xec\x2b\0\0\0\0\0\0\x20\x01\0\0\x89\x01\0\0\x4a\
\x2e\0\0\0\0\0\0\x38\x01\0\0\x91\x01\0\0\x3f\x3d\0\0\0\0\0\0\x38\x02\0\0\x89\
\x01\0\0\xec\x2b\0\0\0\0\0\0\x60\x02\0\0\x53\0\0\0\x6d\x3e\0\0\0\0\0\0\x08\x0c\
\0\0\x53\0\0\0\xc3\x3f\0\0\0\0\0\0\x48\x0c\0\0\x53\0\0\0\x18\x40\0\0\0\0\0\0\
\xd0\x0c\0\0\x53\0\0\0\xc3\x3f\0\0\0\0\0\0\x08\x0d\0\0\x53\0\0\0\x18\x40\0\0\0\
\0\0\0\x50\x0d\0\0\x53\0\0\0\xc8\x40\0\0\0\0\0\0\x88\x0d\0\0\x53\0\0\0\xc8\x40\
\0\0\0\0\0\0\xe0\x0d\0\0\x53\0\0\0\x6d\x3e\0\0\0\0\0\0\x28\x0e\0\0\x53\0\0\0\
\x3d\x41\0\0\0\0\0\0\x70\x0e\0\0\x53\0\0\0\x18\x40\0\0\0\0\0\0\x30\x0f\0\0\x53\
\0\0\0\0\x42\0\0\0\0\0\0\x70\x0f\0\0\xd3\0\0\0\x3f\x42\0\0\0\0\0\0\xe0\x0f\0\0\
\xd3\0\0\0\x7e\x42\0\0\0\0\0\0\x28\x10\0\0\x53\0\0\0\x84\x42\0\0\0\0\0\0\x60\
\x10\0\0\xf4\x01\0\0\x88\x47\0\0\0\0\0\0\xc8\x10\0\0\xf4\x01\0\0\xd5\x47\0\0\0\
\0\0\0\xf0\x11\0\0\x89\x01\0\0\xec\x2b\0\0\0\0\0\0\x30\x12\0\0\x91\x01\0\0\x68\
\x81\0\0\0\0\0\0\x70\x12\0\0\x92\x01\0\0\x66\x85\0\0\0\0\0\0\x80\x12\0\0\x89\
\x01\0\0\x4a\x2e\0\0\0\0\0\0\xe8\x12\0\0\x91\x01\0\0\x3f\x3d\0\0\0\0\0\0\x38\
\x14\0\0\x92\x01\0\0\x2e\x96\0\0\0\0\0\0\x48\x14\0\0\x92\x01\0\0\x36\x96\0\0\0\
\0\0\0\x60\x14\0\0\x92\x01\0\0\x7a\x96\0\0\0\0\0\0\x88\x14\0\0\x92\x01\0\0\x7a\
\x96\0\0\0\0\0\0\xa8\x14\0\0\x92\x01\0\0\xb6\x96\0\0\0\0\0\0\xc0\x14\0\0\x92\
\x01\0\0\xb6\x96\0\0\0\0\0\0\xf0\x14\0\0\x92\x01\0\0\x24\x97\0\0\0\0\0\0\0\x15\
\0\0\x92\x01\0\0\x2c\x97\0\0\0\0\0\0\x4d\x9a\0\0\x17\0\0\0\x08\0\0\0\x89\x01\0\
\0\xec\x2b\0\0\0\0\0\0\x48\0\0\0\x89\x01\0\0\xec\x2b\0\0\0\0\0\0\x98\0\0\0\x89\
\x01\0\0\xec\x2b\0\0\0\0\0\0\xa0\0\0\0\x91\x01\0\0\x0e\x3d\0\0\0\0\0\0\xb0\0\0\
\0\x89\x01\0\0\xec\x2b\0\0\0\0\0\0\xb8\0\0\0\x89\x01\0\0\x4a\x2e\0\0\0\0\0\0\
\xd0\0\0\0\x91\x01\0\0\x3f\x3d\0\0\0\0\0\0\xd8\x01\0\0\x89\x01\0\0\xec\x2b\0\0\
\0\0\0\0\0\x02\0\0\x53\0\0\0\x6d\x3e\0\0\0\0\0\0\xa8\x0b\0\0\x53\0\0\0\xc3\x3f\
\0\0\0\0\0\0\xe8\x0b\0\0\x53\0\0\0\x18\x40\0\0\0\0\0\0\x70\x0c\0\0\x53\0\0\0\
\xc3\x3f\0\0\0\0\0\0\xa8\x0c\0\0\x53\0\0\0\x18\x40\0\0\0\0\0\0\xf0\x0c\0\0\x53\
\0\0\0\xc8\x40\0\0\0\0\0\0\x68\x0d\0\0\x53\0\0\0\x6d\x3e\0\0\0\0\0\0\xb8\x0d\0\
\0\x53\0\0\0\x3d\x41\0\0\0\0\0\0\x08\x0e\0\0\x53\0\0\0\x18\x40\0\0\0\0\0\0\xc8\
\x0e\0\0\x53\0\0\0\0\x42\0\0\0\0\0\0\x08\x0f\0\0\xd3\0\0\0\x3f\x42\0\0\0\0\0\0\
\x78\x0f\0\0\xd3\0\0\0\x7e\x42\0\0\0\0\0\0\xc0\x0f\0\0\x53\0\0\0\x84\x42\0\0\0\
\0\0\0\xf8\x0f\0\0\xf4\x01\0\0\x88\x47\0\0\0\0\0\0\x60\x10\0\0\xf4\x01\0\0\xd5\
\x47\0\0\0\0\0\0\x03\x9b\0\0\x17\0\0\0\x08\0\0\0\x89\x01\0\0\xec\x2b\0\0\0\0\0\
\0\x48\0\0\0\x89\x01\0\0\xec\x2b\0\0\0\0\0\0\x98\0\0\0\x89\x01\0\0\xec\x2b\0\0\
\0\0\0\0\xa0\0\0\0\x91\x01\0\0\x0e\x3d\0\0\0\0\0\0\xb0\0\0\0\x89\x01\0\0\xec\
\x2b\0\0\0\0\0\0\xb8\0\0\0\x89\x01\0\0\x4a\x2e\0\0\0\0\0\0\xd0\0\0\0\x91\x01\0\
\0\x3f\x3d\0\0\0\0\0\0\xd8\x01\0\0\x89\x01\0\0\xec\x2b\0\0\0\0\0\0\0\x02\0\0\
\x53\0\0\0\x6d\x3e\0\0\0\0\0\0\xa8\x0b\0\0\x53\0\0\0\xc3\x3f\0\0\0\0\0\0\xe8\
\x0b\0\0\x53\0\0\0\x18\x40\0\0\0\0\0\0\x70\x0c\0\0\x53\0\0\0\xc3\x3f\0\0\0\0\0\
\0\xa8\x0c\0\0\x53\0\0\0\x18\x40\0\0\0\0\0\0\xf0\x0c\0\0\x53\0\0\0\xc8\x40\0\0\
\0\0\0\0\x68\x0d\0\0\x53\0\0\0\x6d\x3e\0\0\0\0\0\0\xb8\x0d\0\0\x53\0\0\0\x3d\
\x41\0\0\0\0\0\0\x08\x0e\0\0\x53\0\0\0\x18\x40\0\0\0\0\0\0\xc8\x0e\0\0\x53\0\0\
\0\0\x42\0\0\0\0\0\0\x08\x0f\0\0\xd3\0\0\0\x3f\x42\0\0\0\0\0\0\x78\x0f\0\0\xd3\
\0\0\0\x7e\x42\0\0\0\0\0\0\xc0\x0f\0\0\x53\0\0\0\x84\x42\0\0\0\0\0\0\xf8\x0f\0\
\0\xf4\x01\0\0\x88\x47\0\0\0\0\0\0\x60\x10\0\0\xf4\x01\0\0\xd5\x47\0\0\0\0\0\0\
\0\0\0\0\0\0\0\0\0\0\0\0\0\0\0\0\0\0\0\0\0\0\0\0\0\0\0\0\0\0\0\0\x03\0\x03\0\0\
\0\0\0\0\0\0\0\0\0\0\0\0\0\0\0\xba\x07\0\0\0\0\x03\0\x18\x12\0\0\0\0\0\0\0\0\0\
\0\0\0\0\0\x1a\x08\0\0\0\0\x03\0\xe0\0\0\0\0\0\0\0\0\0\0\0\0\0\0\0\x0c\x01\0\0\
\x01\0\x19\0\0\0\0\0\0\0\0\0\x25\0\0\0\0\0\0\0\xda\x05\0\0\0\0\x03\0\x58\x01\0\
\0\0\0\0\0\0\0\0\0\0\0\0\0\xb9\x08\0\0\0\0\x03\0\xb0\x01\0\0\0\0\0\0\0\0\0\0\0\
\0\0\0\xfc\x09\0\0\0\0\x03\0\x08\x02\0\0\0\0\0\0\0\0\0\0\0\0\0\0\x9f\x0b\0\0\0\
\0\x03\0\x68\x01\0\0\0\0\0\0\0\0\0\0\0\0\0\0\x77\x0b\0\0\0\0\x03\0\xa0\x01\0\0\
\0\0\0\0\0\0\0\0\0\0\0\0\x34\x05\0\0\0\0\x03\0\xf0\x01\0\0\0\0\0\0\0\0\0\0\0\0\
\0\0\x14\x0a\0\0\0\0\x03\0\x80\x01\0\0\0\0\0\0\0\0\0\0\0\0\0\0\x1d\x07\0\0\0\0\
\x03\0\xc0\x01\0\0\0\0\0\0\0\0\0\0\0\0\0\0\xac\x0a\0\0\0\0\x03\0\0\x02\0\0\0\0\
\0\0\0\0\0\0\0\0\0\0\xbd\x06\0\0\0\0\x03\0\x28\x12\0\0\0\0\0\0\0\0\0\0\0\0\0\0\
\x81\x08\0\0\0\0\x03\0\xc0\x0b\0\0\0\0\0\0\0\0\0\0\0\0\0\0\xc4\x09\0\0\0\0\x03\
\0\x58\x11\0\0\0\0\0\0\0\0\0\0\0\0\0\0\xe5\x06\0\0\0\0\x03\0\xa8\x0c\0\0\0\0\0\
\0\0\0\0\0\0\0\0\0\x02\x08\0\0\0\0\x03\0\x78\x0c\0\0\0\0\0\0\0\0\0\0\0\0\0\0\
\x88\x05\0\0\0\0\x03\0\xa8\x0d\0\0\0\0\0\0\0\0\0\0\0\0\0\0\x2f\x0b\0\0\0\0\x03\
\0\xf8\x10\0\0\0\0\0\0\0\0\0\0\0\0\0\0\x49\x08\0\0\0\0\x03\0\x70\x11\0\0\0\0\0\
\0\0\0\0\0\0\0\0\0\0\0\0\0\x03\0\x05\0\0\0\0\0\0\0\0\0\0\0\0\0\0\0\0\0\x8d\x09\
\0\0\0\0\x05\0\xd0\0\0\0\0\0\0\0\0\0\0\0\0\0\0\0\x73\x07\0\0\0\0\x05\0\xb8\x01\
\0\0\0\0\0\0\0\0\0\0\0\0\0\0\x30\x01\0\0\x01\0\x19\0\x25\0\0\0\0\0\0\0\x50\0\0\
\0\0\0\0\0\x51\x05\0\0\0\0\x05\0\x68\x02\0\0\0\0\0\0\0\0\0\0\0\0\0\0\xd3\x05\0\
\0\0\0\x05\0\x38\x02\0\0\0\0\0\0\0\0\0\0\0\0\0\0\xd4\x0a\0\0\x01\0\x19\0\x75\0\
\0\0\0\0\0\0\x42\0\0\0\0\0\0\0\xfc\x04\0\0\0\0\x05\0\x38\x08\0\0\0\0\0\0\0\0\0\
\0\0\0\0\0\xcc\x0a\0\0\0\0\x05\0\x38\x05\0\0\0\0\0\0\0\0\0\0\0\0\0\0\xb1\x08\0\
\0\0\0\x05\0\x58\x06\0\0\0\0\0\0\0\0\0\0\0\0\0\0\x15\x07\0\0\0\0\x05\0\x80\x06\
\0\0\0\0\0\0\0\0\0\0\0\0\0\0\x6f\x0b\0\0\0\0\x05\0\x58\x05\0\0\0\0\0\0\0\0\0\0\
\0\0\0\0\xa4\x0a\0\0\0\0\x05\0\xe0\x07\0\0\0\0\0\0\0\0\0\0\0\0\0\0\x2c\x05\0\0\
\0\0\x05\0\x88\x07\0\0\0\0\0\0\0\0\0\0\0\0\0\0\xa8\x05\0\0\0\0\x05\0\x90\x06\0\
\0\0\0\0\0\0\0\0\0\0\0\0\0\x49\x06\0\0\0\0\x05\0\x70\x06\0\0\0\0\0\0\0\0\0\0\0\
\0\0\0\xf4\x09\0\0\0\0\x05\0\xe8\x07\0\0\0\0\0\0\0\0\0\0\0\0\0\0\x49\x09\0\0\0\
\0\x05\0\xf0\x07\0\0\0\0\0\0\0\0\0\0\0\0\0\0\xfa\x07\0\0\0\0\x05\0\x48\x08\0\0\
\0\0\0\0\0\0\0\0\0\0\0\0\x29\x06\0\0\0\0\x05\0\xe0\x11\0\0\0\0\0\0\0\0\0\0\0\0\
\0\0\x14\0\0\0\x01\0\x19\0\xb7\0\0\0\0\0\0\0\x3c\0\0\0\0\0\0\0\0\0\0\0\x03\0\
\x07\0\0\0\0\0\0\0\0\0\0\0\0\0\0\0\0\0\x86\x09\0\0\0\0\x07\0\xd0\0\0\0\0\0\0\0\
\0\0\0\0\0\0\0\0\x6c\x07\0\0\0\0\x07\0\xb8\x01\0\0\0\0\0\0\0\0\0\0\0\0\0\0\x4a\
\x05\0\0\0\0\x07\0\x68\x02\0\0\0\0\0\0\0\0\0\0\0\0\0\0\xcc\x05\0\0\0\0\x07\0\
\x38\x02\0\0\0\0\0\0\0\0\0\0\0\0\0\0\xf4\x04\0\0\0\0\x07\0\x38\x08\0\0\0\0\0\0\
\0\0\0\0\0\0\0\0\xc4\x0a\0\0\0\0\x07\0\x38\x05\0\0\0\0\0\0\0\0\0\0\0\0\0\0\xa9\
\x08\0\0\0\0\x07\0\x58\x06\0\0\0\0\0\0\0\0\0\0\0\0\0\0\x0d\x07\0\0\0\0\x07\0\
\x80\x06\0\0\0\0\0\0\0\0\0\0\0\0\0\0\x67\x0b\0\0\0\0\x07\0\x58\x05\0\0\0\0\0\0\
\0\0\0\0\0\0\0\0\x9c\x0a\0\0\0\0\x07\0\xe0\x07\0\0\0\0\0\0\0\0\0\0\0\0\0\0\x24\
\x05\0\0\0\0\x07\0\x88\x07\0\0\0\0\0\0\0\0\0\0\0\0\0\0\xa0\x05\0\0\0\0\x07\0\
\x90\x06\0\0\0\0\0\0\0\0\0\0\0\0\0\0\x41\x06\0\0\0\0\x07\0\x70\x06\0\0\0\0\0\0\
\0\0\0\0\0\0\0\0\xec\x09\0\0\0\0\x07\0\xe8\x07\0\0\0\0\0\0\0\0\0\0\0\0\0\0\x41\
\x09\0\0\0\0\x07\0\xf0\x07\0\0\0\0\0\0\0\0\0\0\0\0\0\0\xf2\x07\0\0\0\0\x07\0\
\x48\x08\0\0\0\0\0\0\0\0\0\0\0\0\0\0\x21\x06\0\0\0\0\x07\0\xe8\x11\0\0\0\0\0\0\
\0\0\0\0\0\0\0\0\0\0\0\0\x03\0\x09\0\0\0\0\0\0\0\0\0\0\0\0\0\0\0\0\0\x7f\x09\0\
\0\0\0\x09\0\xd0\0\0\0\0\0\0\0\0\0\0\0\0\0\0\0\x65\x07\0\0\0\0\x09\0\xb8\x01\0\
\0\0\0\0\0\0\0\0\0\0\0\0\0\x43\x05\0\0\0\0\x09\0\x68\x02\0\0\0\0\0\0\0\0\0\0\0\
\0\0\0\xc5\x05\0\0\0\0\x09\0\x38\x02\0\0\0\0\0\0\0\0\0\0\0\0\0\0\xf9\x08\0\0\0\
\0\x09\0\x50\x0d\0\0\0\0\0\0\0\0\0\0\0\0\0\0\x97\x0b\0\0\0\0\x09\0\xc8\x07\0\0\
\0\0\0\0\0\0\0\0\0\0\0\0\x5f\x0b\0\0\0\0\x09\0\xf8\x06\0\0\0\0\0\0\0\0\0\0\0\0\
\0\0\x94\x0a\0\0\0\0\x09\0\x40\x07\0\0\0\0\0\0\0\0\0\0\0\0\0\0\xe4\x09\0\0\0\0\
\x09\0\x48\x07\0\0\0\0\0\0\0\0\0\0\0\0\0\0\xdd\x06\0\0\0\0\x09\0\0\x0a\0\0\0\0\
\0\0\0\0\0\0\0\0\0\0\x69\x09\0\0\0\0\x09\0\x30\x08\0\0\0\0\0\0\0\0\0\0\0\0\0\0\
\xea\x07\0\0\0\0\x09\0\xf8\x09\0\0\0\0\0\0\0\0\0\0\0\0\0\0\xa1\x08\0\0\0\0\x09\
\0\x40\x08\0\0\0\0\0\0\0\0\0\0\0\0\0\0\x05\x07\0\0\0\0\x09\0\x50\x09\0\0\0\0\0\
\0\0\0\0\0\0\0\0\0\x39\x09\0\0\0\0\x09\0\xe8\x09\0\0\0\0\0\0\0\0\0\0\0\0\0\0\
\x39\x06\0\0\0\0\x09\0\x78\x09\0\0\0\0\0\0\0\0\0\0\0\0\0\0\x79\x08\0\0\0\0\x09\
\0\x28\x0a\0\0\0\0\0\0\0\0\0\0\0\0\0\0\x27\x0b\0\0\0\0\x09\0\x40\x0a\0\0\0\0\0\
\0\0\0\0\0\0\0\0\0\xbc\x09\0\0\0\0\x09\0\x40\x0b\0\0\0\0\0\0\0\0\0\0\0\0\0\0\
\x19\x09\0\0\0\0\x09\0\x90\x0c\0\0\0\0\0\0\0\0\0\0\0\0\0\0\x09\x06\0\0\0\0\x09\
\0\0\x0d\0\0\0\0\0\0\0\0\0\0\0\0\0\0\x64\x0a\0\0\0\0\x09\0\x38\x0c\0\0\0\0\0\0\
\0\0\0\0\0\0\0\0\xb2\x07\0\0\0\0\x09\0\xf0\x0c\0\0\0\0\0\0\0\0\0\0\0\0\0\0\xb5\
\x06\0\0\0\0\x09\0\xf8\x0c\0\0\0\0\0\0\0\0\0\0\0\0\0\0\xdc\x04\0\0\0\0\x09\0\
\x60\x0d\0\0\0\0\0\0\0\0\0\0\0\0\0\0\x44\x0a\0\0\0\0\x09\0\x08\x17\0\0\0\0\0\0\
\0\0\0\0\0\0\0\0\0\0\0\0\x03\0\x0b\0\0\0\0\0\0\0\0\0\0\0\0\0\0\0\0\0\x78\x09\0\
\0\0\0\x0b\0\xd0\0\0\0\0\0\0\0\0\0\0\0\0\0\0\0\x5e\x07\0\0\0\0\x0b\0\xb8\x01\0\
\0\0\0\0\0\0\0\0\0\0\0\0\0\x3c\x05\0\0\0\0\x0b\0\x68\x02\0\0\0\0\0\0\0\0\0\0\0\
\0\0\0\xbe\x05\0\0\0\0\x0b\0\x38\x02\0\0\0\0\0\0\0\0\0\0\0\0\0\0\xf1\x08\0\0\0\
\0\x0b\0\x50\x0d\0\0\0\0\0\0\0\0\0\0\0\0\0\0\x8f\x0b\0\0\0\0\x0b\0\xc8\x07\0\0\
\0\0\0\0\0\0\0\0\0\0\0\0\x57\x0b\0\0\0\0\x0b\0\xf8\x06\0\0\0\0\0\0\0\0\0\0\0\0\
\0\0\x8c\x0a\0\0\0\0\x0b\0\x40\x07\0\0\0\0\0\0\0\0\0\0\0\0\0\0\xdc\x09\0\0\0\0\
\x0b\0\x48\x07\0\0\0\0\0\0\0\0\0\0\0\0\0\0\xd5\x06\0\0\0\0\x0b\0\0\x0a\0\0\0\0\
\0\0\0\0\0\0\0\0\0\0\x61\x09\0\0\0\0\x0b\0\x30\x08\0\0\0\0\0\0\0\0\0\0\0\0\0\0\
\xe2\x07\0\0\0\0\x0b\0\xf8\x09\0\0\0\0\0\0\0\0\0\0\0\0\0\0\x99\x08\0\0\0\0\x0b\
\0\x40\x08\0\0\0\0\0\0\0\0\0\0\0\0\0\0\xfd\x06\0\0\0\0\x0b\0\x50\x09\0\0\0\0\0\
\0\0\0\0\0\0\0\0\0\x31\x09\0\0\0\0\x0b\0\xe8\x09\0\0\0\0\0\0\0\0\0\0\0\0\0\0\
\x31\x06\0\0\0\0\x0b\0\x78\x09\0\0\0\0\0\0\0\0\0\0\0\0\0\0\x71\x08\0\0\0\0\x0b\
\0\x28\x0a\0\0\0\0\0\0\0\0\0\0\0\0\0\0\x1f\x0b\0\0\0\0\x0b\0\x40\x0a\0\0\0\0\0\
\0\0\0\0\0\0\0\0\0\xb4\x09\0\0\0\0\x0b\0\x40\x0b\0\0\0\0\0\0\0\0\0\0\0\0\0\0\
\x11\x09\0\0\0\0\x0b\0\x90\x0c\0\0\0\0\0\0\0\0\0\0\0\0\0\0\x01\x06\0\0\0\0\x0b\
\0\0\x0d\0\0\0\0\0\0\0\0\0\0\0\0\0\0\x5c\x0a\0\0\0\0\x0b\0\x38\x0c\0\0\0\0\0\0\
\0\0\0\0\0\0\0\0\xaa\x07\0\0\0\0\x0b\0\xf0\x0c\0\0\0\0\0\0\0\0\0\0\0\0\0\0\xad\
\x06\0\0\0\0\x0b\0\xf8\x0c\0\0\0\0\0\0\0\0\0\0\0\0\0\0\xd4\x04\0\0\0\0\x0b\0\
\x60\x0d\0\0\0\0\0\0\0\0\0\0\0\0\0\0\x3c\x0a\0\0\0\0\x0b\0\0\x17\0\0\0\0\0\0\0\
\0\0\0\0\0\0\0\0\0\0\0\x03\0\x0d\0\0\0\0\0\0\0\0\0\0\0\0\0\0\0\0\0\xf7\x0a\0\0\
\0\0\x0d\0\x60\x15\0\0\0\0\0\0\0\0\0\0\0\0\0\0\xa2\x07\0\0\0\0\x0d\0\xa0\x11\0\
\0\0\0\0\0\0\0\0\0\0\0\0\0\x66\x06\0\0\0\0\x0d\0\x60\x01\0\0\0\0\0\0\0\0\0\0\0\
\0\0\0\xb7\x05\0\0\0\0\x0d\0\x80\x01\0\0\0\0\0\0\0\0\0\0\0\0\0\0\x91\x08\0\0\0\
\0\x0d\0\xd8\x01\0\0\0\0\0\0\0\0\0\0\0\0\0\0\xd4\x09\0\0\0\0\x0d\0\x30\x02\0\0\
\0\0\0\0\0\0\0\0\0\0\0\0\x87\x0b\0\0\0\0\x0d\0\x90\x01\0\0\0\0\0\0\0\0\0\0\0\0\
\0\0\x30\0\0\0\x01\0\x19\0\xf3\0\0\0\0\0\0\0\x45\0\0\0\0\0\0\0\xcc\x04\0\0\0\0\
\x0d\0\x58\x15\0\0\0\0\0\0\0\0\0\0\0\0\0\0\x4f\x0b\0\0\0\0\x0d\0\xc8\x01\0\0\0\
\0\0\0\0\0\0\0\0\0\0\0\x1c\x05\0\0\0\0\x0d\0\x18\x02\0\0\0\0\0\0\0\0\0\0\0\0\0\
\0\x0c\x0a\0\0\0\0\x0d\0\xa8\x01\0\0\0\0\0\0\0\0\0\0\0\0\0\0\xf5\x06\0\0\0\0\
\x0d\0\xe8\x01\0\0\0\0\0\0\0\0\0\0\0\0\0\0\x84\x0a\0\0\0\0\x0d\0\x28\x02\0\0\0\
\0\0\0\0\0\0\0\0\0\0\0\x75\x06\0\0\0\0\x0d\0\x68\x1f\0\0\0\0\0\0\0\0\0\0\0\0\0\
\0\x69\x08\0\0\0\0\x0d\0\xf0\x0b\0\0\0\0\0\0\0\0\0\0\0\0\0\0\xac\x09\0\0\0\0\
\x0d\0\x80\x11\0\0\0\0\0\0\0\0\0\0\0\0\0\0\xcd\x06\0\0\0\0\x0d\0\xc8\x0c\0\0\0\
\0\0\0\0\0\0\0\0\0\0\0\xda\x07\0\0\0\0\x0d\0\x98\x0c\0\0\0\0\0\0\0\0\0\0\0\0\0\
\0\x80\x05\0\0\0\0\x0d\0\xe0\x0d\0\0\0\0\0\0\0\0\0\0\0\0\0\0\x17\x0b\0\0\0\0\
\x0d\0\x28\x11\0\0\0\0\0\0\0\0\0\0\0\0\0\0\x41\x08\0\0\0\0\x0d\0\x98\x11\0\0\0\
\0\0\0\0\0\0\0\0\0\0\0\x70\x05\0\0\0\0\x0d\0\x60\x13\0\0\0\0\0\0\0\0\0\0\0\0\0\
\0\x34\x0a\0\0\0\0\x0d\0\xb8\x13\0\0\0\0\0\0\0\0\0\0\0\0\0\0\xd9\x08\0\0\0\0\
\x0d\0\x10\x14\0\0\0\0\0\0\0\0\0\0\0\0\0\0\x60\x05\0\0\0\0\x0d\0\x70\x13\0\0\0\
\0\0\0\0\0\0\0\0\0\0\0\xf9\x05\0\0\0\0\x0d\0\xa8\x13\0\0\0\0\0\0\0\0\0\0\0\0\0\
\0\x95\x06\0\0\0\0\x0d\0\xf8\x13\0\0\0\0\0\0\0\0\0\0\0\0\0\0\x07\x0b\0\0\0\0\
\x0d\0\x88\x13\0\0\0\0\0\0\0\0\0\0\0\0\0\0\xe9\x08\0\0\0\0\x0d\0\xc8\x13\0\0\0\
\0\0\0\0\0\0\0\0\0\0\0\x9c\x09\0\0\0\0\x0d\0\x08\x14\0\0\0\0\0\0\0\0\0\0\0\0\0\
\0\x82\x07\0\0\0\0\x0d\0\x58\x1f\0\0\0\0\0\0\0\0\0\0\0\0\0\0\x85\x06\0\0\0\0\
\x0d\0\x60\x14\0\0\0\0\0\0\0\0\0\0\0\0\0\0\xe9\x05\0\0\0\0\x0d\0\xe0\x14\0\0\0\
\0\0\0\0\0\0\0\0\0\0\0\x24\x0a\0\0\0\0\x0d\0\x70\x15\0\0\0\0\0\0\0\0\0\0\0\0\0\
\0\x25\x07\0\0\x01\0\x19\0\x38\x01\0\0\0\0\0\0\x47\0\0\0\0\0\0\0\xc9\x08\0\0\0\
\0\x0d\0\0\x1f\0\0\0\0\0\0\0\0\0\0\0\0\0\0\0\0\0\0\x03\0\x0f\0\0\0\0\0\0\0\0\0\
\0\0\0\0\0\0\0\0\x21\x08\0\0\0\0\x0f\0\x40\x1f\0\0\0\0\0\0\0\0\0\0\0\0\0\0\x9a\
\x07\0\0\0\0\x0f\0\xa0\x11\0\0\0\0\0\0\0\0\0\0\0\0\0\0\x5f\x06\0\0\0\0\x0f\0\
\x60\x01\0\0\0\0\0\0\0\0\0\0\0\0\0\0\xb0\x05\0\0\0\0\x0f\0\x80\x01\0\0\0\0\0\0\
\0\0\0\0\0\0\0\0\x89\x08\0\0\0\0\x0f\0\xd8\x01\0\0\0\0\0\0\0\0\0\0\0\0\0\0\xcc\
\x09\0\0\0\0\x0f\0\x30\x02\0\0\0\0\0\0\0\0\0\0\0\0\0\0\x7f\x0b\0\0\0\0\x0f\0\
\x90\x01\0\0\0\0\0\0\0\0\0\0\0\0\0\0\x59\0\0\0\x01\0\x19\0\x7f\x01\0\0\0\0\0\0\
\x39\0\0\0\0\0\0\0\xc1\x08\0\0\0\0\x0f\0\x38\x1f\0\0\0\0\0\0\0\0\0\0\0\0\0\0\
\x47\x0b\0\0\0\0\x0f\0\xc8\x01\0\0\0\0\0\0\0\0\0\0\0\0\0\0\x14\x05\0\0\0\0\x0f\
\0\x18\x02\0\0\0\0\0\0\0\0\0\0\0\0\0\0\x04\x0a\0\0\0\0\x0f\0\xa8\x01\0\0\0\0\0\
\0\0\0\0\0\0\0\0\0\xed\x06\0\0\0\0\x0f\0\xe8\x01\0\0\0\0\0\0\0\0\0\0\0\0\0\0\
\x7c\x0a\0\0\0\0\x0f\0\x28\x02\0\0\0\0\0\0\0\0\0\0\0\0\0\0\x6d\x06\0\0\0\0\x0f\
\0\x60\x1f\0\0\0\0\0\0\0\0\0\0\0\0\0\0\x61\x08\0\0\0\0\x0f\0\xf0\x0b\0\0\0\0\0\
\0\0\0\0\0\0\0\0\0\xa4\x09\0\0\0\0\x0f\0\x80\x11\0\0\0\0\0\0\0\0\0\0\0\0\0\0\
\xc5\x06\0\0\0\0\x0f\0\xc8\x0c\0\0\0\0\0\0\0\0\0\0\0\0\0\0\xd2\x07\0\0\0\0\x0f\
\0\x98\x0c\0\0\0\0\0\0\0\0\0\0\0\0\0\0\x78\x05\0\0\0\0\x0f\0\xe0\x0d\0\0\0\0\0\
\0\0\0\0\0\0\0\0\0\x0f\x0b\0\0\0\0\x0f\0\x28\x11\0\0\0\0\0\0\0\0\0\0\0\0\0\0\
\x39\x08\0\0\0\0\x0f\0\x98\x11\0\0\0\0\0\0\0\0\0\0\0\0\0\0\x68\x05\0\0\0\0\x0f\
\0\x60\x13\0\0\0\0\0\0\0\0\0\0\0\0\0\0\x2c\x0a\0\0\0\0\x0f\0\xb8\x13\0\0\0\0\0\
\0\0\0\0\0\0\0\0\0\xd1\x08\0\0\0\0\x0f\0\x10\x14\0\0\0\0\0\0\0\0\0\0\0\0\0\0\
\x58\x05\0\0\0\0\x0f\0\x70\x13\0\0\0\0\0\0\0\0\0\0\0\0\0\0\xf1\x05\0\0\0\0\x0f\
\0\xa8\x13\0\0\0\0\0\0\0\0\0\0\0\0\0\0\x8d\x06\0\0\0\0\x0f\0\xf8\x13\0\0\0\0\0\
\0\0\0\0\0\0\0\0\0\xff\x0a\0\0\0\0\x0f\0\x88\x13\0\0\0\0\0\0\0\0\0\0\0\0\0\0\
\xe1\x08\0\0\0\0\x0f\0\xc8\x13\0\0\0\0\0\0\0\0\0\0\0\0\0\0\x94\x09\0\0\0\0\x0f\
\0\x08\x14\0\0\0\0\0\0\0\0\0\0\0\0\0\0\x7a\x07\0\0\0\0\x0f\0\x50\x1f\0\0\0\0\0\
\0\0\0\0\0\0\0\0\0\x7d\x06\0\0\0\0\x0f\0\x60\x14\0\0\0\0\0\0\0\0\0\0\0\0\0\0\
\xe1\x05\0\0\0\0\x0f\0\xe0\x14\0\0\0\0\0\0\0\0\0\0\0\0\0\0\xc4\x04\0\0\0\0\x0f\
\0\x58\x15\0\0\0\0\0\0\0\0\0\0\0\0\0\0\x1c\x0a\0\0\0\0\x0f\0\xe8\x1e\0\0\0\0\0\
\0\0\0\0\0\0\0\0\0\0\0\0\0\x03\0\x11\0\0\0\0\0\0\0\0\0\0\0\0\0\0\0\0\0\x71\x09\
\0\0\0\0\x11\0\x68\0\0\0\0\0\0\0\0\0\0\0\0\0\0\0\xe1\0\0\0\x01\0\x19\0\xb8\x01\
\0\0\0\0\0\0\x34\0\0\0\0\0\0\0\0\0\0\0\x03\0\x13\0\0\0\0\0\0\0\0\0\0\0\0\0\0\0\
\0\0\x31\x08\0\0\0\0\x13\0\x30\x11\0\0\0\0\0\0\0\0\0\0\0\0\0\0\x57\x07\0\0\0\0\
\x13\0\xf8\0\0\0\0\0\0\0\0\0\0\0\0\0\0\0\x58\x06\0\0\0\0\x13\0\x20\x01\0\0\0\0\
\0\0\0\0\0\0\0\0\0\0\x59\x09\0\0\0\0\x13\0\x78\x01\0\0\0\0\0\0\0\0\0\0\0\0\0\0\
\x74\x0a\0\0\0\0\x13\0\xd0\x01\0\0\0\0\0\0\0\0\0\0\0\0\0\0\xbd\x04\0\0\0\0\x13\
\0\x30\x01\0\0\0\0\0\0\0\0\0\0\0\0\0\0\xb6\0\0\0\x01\0\x19\0\xec\x01\0\0\0\0\0\
\0\x39\0\0\0\0\0\0\0\x92\x07\0\0\0\0\x13\0\x78\x11\0\0\0\0\0\0\0\0\0\0\0\0\0\0\
\x0c\x05\0\0\0\0\x13\0\x68\x01\0\0\0\0\0\0\0\0\0\0\0\0\0\0\x98\x05\0\0\0\0\x13\
\0\xb8\x01\0\0\0\0\0\0\0\0\0\0\0\0\0\0\xbc\x0a\0\0\0\0\x13\0\x48\x01\0\0\0\0\0\
\0\0\0\0\0\0\0\0\0\x12\x08\0\0\0\0\x13\0\x88\x01\0\0\0\0\0\0\0\0\0\0\0\0\0\0\
\x3f\x0b\0\0\0\0\x13\0\xc8\x01\0\0\0\0\0\0\0\0\0\0\0\0\0\0\xa5\x06\0\0\0\0\x13\
\0\x88\x11\0\0\0\0\0\0\0\0\0\0\0\0\0\0\x29\x09\0\0\0\0\x13\0\x90\x0b\0\0\0\0\0\
\0\0\0\0\0\0\0\0\0\x54\x0a\0\0\0\0\x13\0\x10\x11\0\0\0\0\0\0\0\0\0\0\0\0\0\0\
\xca\x07\0\0\0\0\x13\0\x68\x0c\0\0\0\0\0\0\0\0\0\0\0\0\0\0\x59\x08\0\0\0\0\x13\
\0\x38\x0c\0\0\0\0\0\0\0\0\0\0\0\0\0\0\x19\x06\0\0\0\0\x13\0\x68\x0d\0\0\0\0\0\
\0\0\0\0\0\0\0\0\0\xec\x04\0\0\0\0\x13\0\xc0\x10\0\0\0\0\0\0\0\0\0\0\0\0\0\0\
\x09\x09\0\0\0\0\x13\0\x28\x11\0\0\0\0\0\0\0\0\0\0\0\0\0\0\0\0\0\0\x03\0\x15\0\
\0\0\0\0\0\0\0\0\0\0\0\0\0\0\0\0\x29\x08\0\0\0\0\x15\0\x30\x11\0\0\0\0\0\0\0\0\
\0\0\0\0\0\0\x50\x07\0\0\0\0\x15\0\xf8\0\0\0\0\0\0\0\0\0\0\0\0\0\0\0\x51\x06\0\
\0\0\0\x15\0\x20\x01\0\0\0\0\0\0\0\0\0\0\0\0\0\0\x51\x09\0\0\0\0\x15\0\x78\x01\
\0\0\0\0\0\0\0\0\0\0\0\0\0\0\x6c\x0a\0\0\0\0\x15\0\xd0\x01\0\0\0\0\0\0\0\0\0\0\
\0\0\0\0\xb6\x04\0\0\0\0\x15\0\x30\x01\0\0\0\0\0\0\0\0\0\0\0\0\0\0\x8c\0\0\0\
\x01\0\x19\0\x25\x02\0\0\0\0\0\0\x39\0\0\0\0\0\0\0\x8a\x07\0\0\0\0\x15\0\x78\
\x11\0\0\0\0\0\0\0\0\0\0\0\0\0\0\x04\x05\0\0\0\0\x15\0\x68\x01\0\0\0\0\0\0\0\0\
\0\0\0\0\0\0\x90\x05\0\0\0\0\x15\0\xb8\x01\0\0\0\0\0\0\0\0\0\0\0\0\0\0\xb4\x0a\
\0\0\0\0\x15\0\x48\x01\0\0\0\0\0\0\0\0\0\0\0\0\0\0\x0a\x08\0\0\0\0\x15\0\x88\
\x01\0\0\0\0\0\0\0\0\0\0\0\0\0\0\x37\x0b\0\0\0\0\x15\0\xc8\x01\0\0\0\0\0\0\0\0\
\0\0\0\0\0\0\x9d\x06\0\0\0\0\x15\0\x88\x11\0\0\0\0\0\0\0\0\0\0\0\0\0\0\x21\x09\
\0\0\0\0\x15\0\x90\x0b\0\0\0\0\0\0\0\0\0\0\0\0\0\0\x4c\x0a\0\0\0\0\x15\0\x10\
\x11\0\0\0\0\0\0\0\0\0\0\0\0\0\0\xc2\x07\0\0\0\0\x15\0\x68\x0c\0\0\0\0\0\0\0\0\
\0\0\0\0\0\0\x51\x08\0\0\0\0\x15\0\x38\x0c\0\0\0\0\0\0\0\0\0\0\0\0\0\0\x11\x06\
\0\0\0\0\x15\0\x68\x0d\0\0\0\0\0\0\0\0\0\0\0\0\0\0\xe4\x04\0\0\0\0\x15\0\xc0\
\x10\0\0\0\0\0\0\0\0\0\0\0\0\0\0\x01\x09\0\0\0\0\x15\0\x28\x11\0\0\0\0\0\0\0\0\
\0\0\0\0\0\0\0\0\0\0\x03\0\x19\0\0\0\0\0\0\0\0\0\0\0\0\0\0\0\0\0\x51\x04\0\0\
\x12\0\x03\0\0\0\0\0\0\0\0\0\x38\x12\0\0\0\0\0\0\x8a\x04\0\0\x11\0\x18\0\0\0\0\
\0\0\0\0\0\x10\0\0\0\0\0\0\0\x3d\x04\0\0\x11\0\x18\0\x70\0\0\0\0\0\0\0\x30\0\0\
\0\0\0\0\0\xf2\x02\0\0\x12\0\x05\0\0\0\0\0\0\0\0\0\x40\x12\0\0\0\0\0\0\xa3\x02\
\0\0\x11\0\x18\0\x30\0\0\0\0\0\0\0\x20\0\0\0\0\0\0\0\x7f\x04\0\0\x11\0\x18\0\
\x50\0\0\0\0\0\0\0\x20\0\0\0\0\0\0\0\x2b\x04\0\0\x11\0\x18\0\xa0\0\0\0\0\0\0\0\
\x20\0\0\0\0\0\0\0\x15\x04\0\0\x11\0\x18\0\x10\0\0\0\0\0\0\0\x20\0\0\0\0\0\0\0\
\x8f\x01\0\0\x12\0\x07\0\0\0\0\0\0\0\0\0\x48\x12\0\0\0\0\0\0\xf0\x03\0\0\x12\0\
\x09\0\0\0\0\0\0\0\0\0\x68\x17\0\0\0\0\0\0\x51\x01\0\0\x12\0\x0b\0\0\0\0\0\0\0\
\0\0\x60\x17\0\0\0\0\0\0\xcf\x01\0\0\x12\0\x0d\0\0\0\0\0\0\0\0\0\x78\x1f\0\0\0\
\0\0\0\x15\x02\0\0\x12\0\x0f\0\0\0\0\0\0\0\0\0\x70\x1f\0\0\0\0\0\0\xa8\x03\0\0\
\x12\0\x11\0\0\0\0\0\0\0\0\0\x78\0\0\0\0\0\0\0\x66\x03\0\0\x12\0\x13\0\0\0\0\0\
\0\0\0\0\x98\x11\0\0\0\0\0\0\x7f\x02\0\0\x12\0\x15\0\0\0\0\0\0\0\0\0\x98\x11\0\
\0\0\0\0\0\xae\x04\0\0\x11\0\x17\0\0\0\0\0\0\0\0\0\x0d\0\0\0\0\0\0\0\x80\0\0\0\
\0\0\0\0\x01\0\0\0\xef\0\0\0\xb8\0\0\0\0\0\0\0\x01\0\0\0\xed\0\0\0\x48\x02\0\0\
\0\0\0\0\x01\0\0\0\xf0\0\0\0\x90\x01\0\0\0\0\0\0\x01\0\0\0\xed\0\0\0\x10\x02\0\
\0\0\0\0\0\x01\0\0\0\xed\0\0\0\x48\x02\0\0\0\0\0\0\x01\0\0\0\xf2\0\0\0\x78\x02\
\0\0\0\0\0\0\x01\0\0\0\xf3\0\0\0\xd0\x02\0\0\0\0\0\0\x01\0\0\0\xf4\0\0\0\0\x08\
\0\0\0\0\0\0\x01\0\0\0\xf5\0\0\0\xf0\x11\0\0\0\0\0\0\x01\0\0\0\xf5\0\0\0\x18\
\x12\0\0\0\0\0\0\x01\0\0\0\xed\0\0\0\x90\x01\0\0\0\0\0\0\x01\0\0\0\xed\0\0\0\
\x10\x02\0\0\0\0\0\0\x01\0\0\0\xed\0\0\0\x48\x02\0\0\0\0\0\0\x01\0\0\0\xf2\0\0\
\0\x78\x02\0\0\0\0\0\0\x01\0\0\0\xf3\0\0\0\xd0\x02\0\0\0\0\0\0\x01\0\0\0\xf4\0\
\0\0\0\x08\0\0\0\0\0\0\x01\0\0\0\xf5\0\0\0\xf8\x11\0\0\0\0\0\0\x01\0\0\0\xf5\0\
\0\0\x20\x12\0\0\0\0\0\0\x01\0\0\0\xed\0\0\0\x90\x01\0\0\0\0\0\0\x01\0\0\0\xed\
\0\0\0\x10\x02\0\0\0\0\0\0\x01\0\0\0\xed\0\0\0\x48\x02\0\0\0\0\0\0\x01\0\0\0\
\xf2\0\0\0\x78\x02\0\0\0\0\0\0\x01\0\0\0\xf3\0\0\0\xd8\x02\0\0\0\0\0\0\x01\0\0\
\0\xf4\0\0\0\x10\x0d\0\0\0\0\0\0\x01\0\0\0\xf5\0\0\0\x18\x17\0\0\0\0\0\0\x01\0\
\0\0\xf5\0\0\0\x40\x17\0\0\0\0\0\0\x01\0\0\0\xed\0\0\0\x90\x01\0\0\0\0\0\0\x01\
\0\0\0\xed\0\0\0\x10\x02\0\0\0\0\0\0\x01\0\0\0\xed\0\0\0\x48\x02\0\0\0\0\0\0\
\x01\0\0\0\xf2\0\0\0\x78\x02\0\0\0\0\0\0\x01\0\0\0\xf3\0\0\0\xd8\x02\0\0\0\0\0\
\0\x01\0\0\0\xf4\0\0\0\x10\x0d\0\0\0\0\0\0\x01\0\0\0\xf5\0\0\0\x10\x17\0\0\0\0\
\0\0\x01\0\0\0\xf5\0\0\0\x38\x17\0\0\0\0\0\0\x01\0\0\0\xed\0\0\0\x78\0\0\0\0\0\
\0\0\x01\0\0\0\xf3\0\0\0\xc0\0\0\0\0\0\0\0\x01\0\0\0\xf3\0\0\0\x60\x01\0\0\0\0\
\0\0\x01\0\0\0\xed\0\0\0\x80\x02\0\0\0\0\0\0\x01\0\0\0\xf0\0\0\0\xc8\x11\0\0\0\
\0\0\0\x01\0\0\0\xf4\0\0\0\x20\x15\0\0\0\0\0\0\x01\0\0\0\xf5\0\0\0\x40\x15\0\0\
\0\0\0\0\x01\0\0\0\xed\0\0\0\x10\x1f\0\0\0\0\0\0\x01\0\0\0\xf5\0\0\0\x38\x1f\0\
\0\0\0\0\0\x01\0\0\0\xed\0\0\0\x78\0\0\0\0\0\0\0\x01\0\0\0\xf3\0\0\0\xc0\0\0\0\
\0\0\0\0\x01\0\0\0\xf3\0\0\0\x60\x01\0\0\0\0\0\0\x01\0\0\0\xed\0\0\0\x80\x02\0\
\0\0\0\0\0\x01\0\0\0\xf0\0\0\0\xc8\x11\0\0\0\0\0\0\x01\0\0\0\xf4\0\0\0\x20\x15\
\0\0\0\0\0\0\x01\0\0\0\xf5\0\0\0\xf8\x1e\0\0\0\0\0\0\x01\0\0\0\xf5\0\0\0\x20\
\x1f\0\0\0\0\0\0\x01\0\0\0\xed\0\0\0\x20\0\0\0\0\0\0\0\x01\0\0\0\xf4\0\0\0\x48\
\0\0\0\0\0\0\0\x01\0\0\0\xed\0\0\0\x10\0\0\0\0\0\0\0\x01\0\0\0\xf3\0\0\0\x58\0\
\0\0\0\0\0\0\x01\0\0\0\xf3\0\0\0\xf8\0\0\0\0\0\0\0\x01\0\0\0\xed\0\0\0\x20\x02\
\0\0\0\0\0\0\x01\0\0\0\xf0\0\0\0\x50\x11\0\0\0\0\0\0\x01\0\0\0\xf4\0\0\0\x10\0\
\0\0\0\0\0\0\x01\0\0\0\xf3\0\0\0\x58\0\0\0\0\0\0\0\x01\0\0\0\xf3\0\0\0\xf8\0\0\
\0\0\0\0\0\x01\0\0\0\xed\0\0\0\x20\x02\0\0\0\0\0\0\x01\0\0\0\xf0\0\0\0\x50\x11\
\0\0\0\0\0\0\x01\0\0\0\xf4\0\0\0\xe4\xa9\0\0\0\0\0\0\x04\0\0\0\xef\0\0\0\xf0\
\xa9\0\0\0\0\0\0\x04\0\0\0\xf5\0\0\0\xfc\xa9\0\0\0\0\0\0\x04\0\0\0\xf2\0\0\0\
\x08\xaa\0\0\0\0\0\0\x04\0\0\0\xf3\0\0\0\x14\xaa\0\0\0\0\0\0\x04\0\0\0\xf0\0\0\
\0\x20\xaa\0\0\0\0\0\0\x04\0\0\0\xf4\0\0\0\x38\xaa\0\0\0\0\0\0\x03\0\0\0\xed\0\
\0\0\x44\xaa\0\0\0\0\0\0\x03\0\0\0\xed\0\0\0\x50\xaa\0\0\0\0\0\0\x03\0\0\0\xed\
\0\0\0\x5c\xaa\0\0\0\0\0\0\x03\0\0\0\xed\0\0\0\x68\xaa\0\0\0\0\0\0\x03\0\0\0\
\xed\0\0\0\x74\xaa\0\0\0\0\0\0\x03\0\0\0\xed\0\0\0\x80\xaa\0\0\0\0\0\0\x03\0\0\
\0\xed\0\0\0\x8c\xaa\0\0\0\0\0\0\x03\0\0\0\xed\0\0\0\x98\xaa\0\0\0\0\0\0\x03\0\
\0\0\xed\0\0\0\xa4\xaa\0\0\0\0\0\0\x03\0\0\0\xed\0\0\0\xbc\xaa\0\0\0\0\0\0\x03\
\0\0\0\xfe\0\0\0\x2c\0\0\0\0\0\0\0\x04\0\0\0\x01\0\0\0\x3c\0\0\0\0\0\0\0\x04\0\
\0\0\x16\0\0\0\x4c\0\0\0\0\0\0\0\x04\0\0\0\x2b\0\0\0\x5c\0\0\0\0\0\0\0\x04\0\0\
\0\x3d\0\0\0\x6c\0\0\0\0\0\0\0\x04\0\0\0\x58\0\0\0\x7c\0\0\0\0\0\0\0\x04\0\0\0\
\x73\0\0\0\x8c\0\0\0\0\0\0\0\x04\0\0\0\x99\0\0\0\x9c\0\0\0\0\0\0\0\x04\0\0\0\
\xbe\0\0\0\xac\0\0\0\0\0\0\0\x04\0\0\0\xc1\0\0\0\xbc\0\0\0\0\0\0\0\x04\0\0\0\
\xd7\0\0\0\xd0\0\0\0\0\0\0\0\x04\0\0\0\x01\0\0\0\xe0\0\0\0\0\0\0\0\x04\0\0\0\
\x01\0\0\0\xf0\0\0\0\0\0\0\0\x04\0\0\0\x01\0\0\0\0\x01\0\0\0\0\0\0\x04\0\0\0\
\x01\0\0\0\x10\x01\0\0\0\0\0\0\x04\0\0\0\x01\0\0\0\x20\x01\0\0\0\0\0\0\x04\0\0\
\0\x01\0\0\0\x30\x01\0\0\0\0\0\0\x04\0\0\0\x01\0\0\0\x40\x01\0\0\0\0\0\0\x04\0\
\0\0\x01\0\0\0\x50\x01\0\0\0\0\0\0\x04\0\0\0\x01\0\0\0\x60\x01\0\0\0\0\0\0\x04\
\0\0\0\x01\0\0\0\x70\x01\0\0\0\0\0\0\x04\0\0\0\x01\0\0\0\x80\x01\0\0\0\0\0\0\
\x04\0\0\0\x01\0\0\0\x90\x01\0\0\0\0\0\0\x04\0\0\0\x01\0\0\0\xa0\x01\0\0\0\0\0\
\0\x04\0\0\0\x01\0\0\0\xb0\x01\0\0\0\0\0\0\x04\0\0\0\x01\0\0\0\xc0\x01\0\0\0\0\
\0\0\x04\0\0\0\x01\0\0\0\xd0\x01\0\0\0\0\0\0\x04\0\0\0\x01\0\0\0\xe0\x01\0\0\0\
\0\0\0\x04\0\0\0\x01\0\0\0\xf0\x01\0\0\0\0\0\0\x04\0\0\0\x01\0\0\0\0\x02\0\0\0\
\0\0\0\x04\0\0\0\x01\0\0\0\x10\x02\0\0\0\0\0\0\x04\0\0\0\x01\0\0\0\x20\x02\0\0\
\0\0\0\0\x04\0\0\0\x01\0\0\0\x30\x02\0\0\0\0\0\0\x04\0\0\0\x01\0\0\0\x40\x02\0\
\0\0\0\0\0\x04\0\0\0\x01\0\0\0\x50\x02\0\0\0\0\0\0\x04\0\0\0\x01\0\0\0\x60\x02\
\0\0\0\0\0\0\x04\0\0\0\x01\0\0\0\x70\x02\0\0\0\0\0\0\x04\0\0\0\x01\0\0\0\x80\
\x02\0\0\0\0\0\0\x04\0\0\0\x01\0\0\0\x90\x02\0\0\0\0\0\0\x04\0\0\0\x01\0\0\0\
\xa0\x02\0\0\0\0\0\0\x04\0\0\0\x01\0\0\0\xb0\x02\0\0\0\0\0\0\x04\0\0\0\x01\0\0\
\0\xc0\x02\0\0\0\0\0\0\x04\0\0\0\x01\0\0\0\xd0\x02\0\0\0\0\0\0\x04\0\0\0\x01\0\
\0\0\xe0\x02\0\0\0\0\0\0\x04\0\0\0\x01\0\0\0\xf0\x02\0\0\0\0\0\0\x04\0\0\0\x01\
\0\0\0\0\x03\0\0\0\0\0\0\x04\0\0\0\x01\0\0\0\x10\x03\0\0\0\0\0\0\x04\0\0\0\x01\
\0\0\0\x20\x03\0\0\0\0\0\0\x04\0\0\0\x01\0\0\0\x30\x03\0\0\0\0\0\0\x04\0\0\0\
\x01\0\0\0\x40\x03\0\0\0\0\0\0\x04\0\0\0\x01\0\0\0\x50\x03\0\0\0\0\0\0\x04\0\0\
\0\x01\0\0\0\x60\x03\0\0\0\0\0\0\x04\0\0\0\x01\0\0\0\x70\x03\0\0\0\0\0\0\x04\0\
\0\0\x01\0\0\0\x80\x03\0\0\0\0\0\0\x04\0\0\0\x01\0\0\0\x90\x03\0\0\0\0\0\0\x04\
\0\0\0\x01\0\0\0\xa0\x03\0\0\0\0\0\0\x04\0\0\0\x01\0\0\0\xb0\x03\0\0\0\0\0\0\
\x04\0\0\0\x01\0\0\0\xc0\x03\0\0\0\0\0\0\x04\0\0\0\x01\0\0\0\xd0\x03\0\0\0\0\0\
\0\x04\0\0\0\x01\0\0\0\xe0\x03\0\0\0\0\0\0\x04\0\0\0\x01\0\0\0\xf0\x03\0\0\0\0\
\0\0\x04\0\0\0\x01\0\0\0\0\x04\0\0\0\0\0\0\x04\0\0\0\x01\0\0\0\x10\x04\0\0\0\0\
\0\0\x04\0\0\0\x01\0\0\0\x20\x04\0\0\0\0\0\0\x04\0\0\0\x01\0\0\0\x30\x04\0\0\0\
\0\0\0\x04\0\0\0\x01\0\0\0\x40\x04\0\0\0\0\0\0\x04\0\0\0\x01\0\0\0\x50\x04\0\0\
\0\0\0\0\x04\0\0\0\x01\0\0\0\x60\x04\0\0\0\0\0\0\x04\0\0\0\x01\0\0\0\x70\x04\0\
\0\0\0\0\0\x04\0\0\0\x01\0\0\0\x80\x04\0\0\0\0\0\0\x04\0\0\0\x01\0\0\0\x90\x04\
\0\0\0\0\0\0\x04\0\0\0\x01\0\0\0\xa0\x04\0\0\0\0\0\0\x04\0\0\0\x01\0\0\0\xb0\
\x04\0\0\0\0\0\0\x04\0\0\0\x01\0\0\0\xc0\x04\0\0\0\0\0\0\x04\0\0\0\x01\0\0\0\
\xd0\x04\0\0\0\0\0\0\x04\0\0\0\x01\0\0\0\xe0\x04\0\0\0\0\0\0\x04\0\0\0\x01\0\0\
\0\xf0\x04\0\0\0\0\0\0\x04\0\0\0\x01\0\0\0\0\x05\0\0\0\0\0\0\x04\0\0\0\x01\0\0\
\0\x10\x05\0\0\0\0\0\0\x04\0\0\0\x01\0\0\0\x20\x05\0\0\0\0\0\0\x04\0\0\0\x01\0\
\0\0\x30\x05\0\0\0\0\0\0\x04\0\0\0\x01\0\0\0\x40\x05\0\0\0\0\0\0\x04\0\0\0\x01\
\0\0\0\x50\x05\0\0\0\0\0\0\x04\0\0\0\x01\0\0\0\x60\x05\0\0\0\0\0\0\x04\0\0\0\
\x01\0\0\0\x70\x05\0\0\0\0\0\0\x04\0\0\0\x01\0\0\0\x80\x05\0\0\0\0\0\0\x04\0\0\
\0\x01\0\0\0\x90\x05\0\0\0\0\0\0\x04\0\0\0\x01\0\0\0\xa0\x05\0\0\0\0\0\0\x04\0\
\0\0\x01\0\0\0\xb0\x05\0\0\0\0\0\0\x04\0\0\0\x01\0\0\0\xc0\x05\0\0\0\0\0\0\x04\
\0\0\0\x01\0\0\0\xd0\x05\0\0\0\0\0\0\x04\0\0\0\x01\0\0\0\xe0\x05\0\0\0\0\0\0\
\x04\0\0\0\x01\0\0\0\xf0\x05\0\0\0\0\0\0\x04\0\0\0\x01\0\0\0\0\x06\0\0\0\0\0\0\
\x04\0\0\0\x01\0\0\0\x10\x06\0\0\0\0\0\0\x04\0\0\0\x01\0\0\0\x20\x06\0\0\0\0\0\
\0\x04\0\0\0\x01\0\0\0\x30\x06\0\0\0\0\0\0\x04\0\0\0\x01\0\0\0\x40\x06\0\0\0\0\
\0\0\x04\0\0\0\x01\0\0\0\x50\x06\0\0\0\0\0\0\x04\0\0\0\x01\0\0\0\x60\x06\0\0\0\
\0\0\0\x04\0\0\0\x01\0\0\0\x70\x06\0\0\0\0\0\0\x04\0\0\0\x01\0\0\0\x80\x06\0\0\
\0\0\0\0\x04\0\0\0\x01\0\0\0\x90\x06\0\0\0\0\0\0\x04\0\0\0\x01\0\0\0\xa0\x06\0\
\0\0\0\0\0\x04\0\0\0\x01\0\0\0\xb0\x06\0\0\0\0\0\0\x04\0\0\0\x01\0\0\0\xc0\x06\
\0\0\0\0\0\0\x04\0\0\0\x01\0\0\0\xd0\x06\0\0\0\0\0\0\x04\0\0\0\x01\0\0\0\xe0\
\x06\0\0\0\0\0\0\x04\0\0\0\x01\0\0\0\xf0\x06\0\0\0\0\0\0\x04\0\0\0\x01\0\0\0\0\
\x07\0\0\0\0\0\0\x04\0\0\0\x01\0\0\0\x10\x07\0\0\0\0\0\0\x04\0\0\0\x01\0\0\0\
\x20\x07\0\0\0\0\0\0\x04\0\0\0\x01\0\0\0\x30\x07\0\0\0\0\0\0\x04\0\0\0\x01\0\0\
\0\x40\x07\0\0\0\0\0\0\x04\0\0\0\x01\0\0\0\x50\x07\0\0\0\0\0\0\x04\0\0\0\x01\0\
\0\0\x60\x07\0\0\0\0\0\0\x04\0\0\0\x01\0\0\0\x70\x07\0\0\0\0\0\0\x04\0\0\0\x01\
\0\0\0\x80\x07\0\0\0\0\0\0\x04\0\0\0\x01\0\0\0\x90\x07\0\0\0\0\0\0\x04\0\0\0\
\x01\0\0\0\xa0\x07\0\0\0\0\0\0\x04\0\0\0\x01\0\0\0\xb0\x07\0\0\0\0\0\0\x04\0\0\
\0\x01\0\0\0\xc0\x07\0\0\0\0\0\0\x04\0\0\0\x01\0\0\0\xd0\x07\0\0\0\0\0\0\x04\0\
\0\0\x01\0\0\0\xe0\x07\0\0\0\0\0\0\x04\0\0\0\x01\0\0\0\xf0\x07\0\0\0\0\0\0\x04\
\0\0\0\x01\0\0\0\x08\x08\0\0\0\0\0\0\x04\0\0\0\x16\0\0\0\x18\x08\0\0\0\0\0\0\
\x04\0\0\0\x16\0\0\0\x28\x08\0\0\0\0\0\0\x04\0\0\0\x16\0\0\0\x38\x08\0\0\0\0\0\
\0\x04\0\0\0\x16\0\0\0\x48\x08\0\0\0\0\0\0\x04\0\0\0\x16\0\0\0\x58\x08\0\0\0\0\
\0\0\x04\0\0\0\x16\0\0\0\x68\x08\0\0\0\0\0\0\x04\0\0\0\x16\0\0\0\x78\x08\0\0\0\
\0\0\0\x04\0\0\0\x16\0\0\0\x88\x08\0\0\0\0\0\0\x04\0\0\0\x16\0\0\0\x98\x08\0\0\
\0\0\0\0\x04\0\0\0\x16\0\0\0\xa8\x08\0\0\0\0\0\0\x04\0\0\0\x16\0\0\0\xb8\x08\0\
\0\0\0\0\0\x04\0\0\0\x16\0\0\0\xc8\x08\0\0\0\0\0\0\x04\0\0\0\x16\0\0\0\xd8\x08\
\0\0\0\0\0\0\x04\0\0\0\x16\0\0\0\xe8\x08\0\0\0\0\0\0\x04\0\0\0\x16\0\0\0\xf8\
\x08\0\0\0\0\0\0\x04\0\0\0\x16\0\0\0\x08\x09\0\0\0\0\0\0\x04\0\0\0\x16\0\0\0\
\x18\x09\0\0\0\0\0\0\x04\0\0\0\x16\0\0\0\x28\x09\0\0\0\0\0\0\x04\0\0\0\x16\0\0\
\0\x38\x09\0\0\0\0\0\0\x04\0\0\0\x16\0\0\0\x48\x09\0\0\0\0\0\0\x04\0\0\0\x16\0\
\0\0\x58\x09\0\0\0\0\0\0\x04\0\0\0\x16\0\0\0\x68\x09\0\0\0\0\0\0\x04\0\0\0\x16\
\0\0\0\x78\x09\0\0\0\0\0\0\x04\0\0\0\x16\0\0\0\x88\x09\0\0\0\0\0\0\x04\0\0\0\
\x16\0\0\0\x98\x09\0\0\0\0\0\0\x04\0\0\0\x16\0\0\0\xa8\x09\0\0\0\0\0\0\x04\0\0\
\0\x16\0\0\0\xb8\x09\0\0\0\0\0\0\x04\0\0\0\x16\0\0\0\xc8\x09\0\0\0\0\0\0\x04\0\
\0\0\x16\0\0\0\xd8\x09\0\0\0\0\0\0\x04\0\0\0\x16\0\0\0\xe8\x09\0\0\0\0\0\0\x04\
\0\0\0\x16\0\0\0\xf8\x09\0\0\0\0\0\0\x04\0\0\0\x16\0\0\0\x08\x0a\0\0\0\0\0\0\
\x04\0\0\0\x16\0\0\0\x18\x0a\0\0\0\0\0\0\x04\0\0\0\x16\0\0\0\x28\x0a\0\0\0\0\0\
\0\x04\0\0\0\x16\0\0\0\x38\x0a\0\0\0\0\0\0\x04\0\0\0\x16\0\0\0\x48\x0a\0\0\0\0\
\0\0\x04\0\0\0\x16\0\0\0\x58\x0a\0\0\0\0\0\0\x04\0\0\0\x16\0\0\0\x68\x0a\0\0\0\
\0\0\0\x04\0\0\0\x16\0\0\0\x78\x0a\0\0\0\0\0\0\x04\0\0\0\x16\0\0\0\x88\x0a\0\0\
\0\0\0\0\x04\0\0\0\x16\0\0\0\x98\x0a\0\0\0\0\0\0\x04\0\0\0\x16\0\0\0\xa8\x0a\0\
\0\0\0\0\0\x04\0\0\0\x16\0\0\0\xb8\x0a\0\0\0\0\0\0\x04\0\0\0\x16\0\0\0\xc8\x0a\
\0\0\0\0\0\0\x04\0\0\0\x16\0\0\0\xd8\x0a\0\0\0\0\0\0\x04\0\0\0\x16\0\0\0\xe8\
\x0a\0\0\0\0\0\0\x04\0\0\0\x16\0\0\0\xf8\x0a\0\0\0\0\0\0\x04\0\0\0\x16\0\0\0\
\x08\x0b\0\0\0\0\0\0\x04\0\0\0\x16\0\0\0\x18\x0b\0\0\0\0\0\0\x04\0\0\0\x16\0\0\
\0\x28\x0b\0\0\0\0\0\0\x04\0\0\0\x16\0\0\0\x38\x0b\0\0\0\0\0\0\x04\0\0\0\x16\0\
\0\0\x48\x0b\0\0\0\0\0\0\x04\0\0\0\x16\0\0\0\x58\x0b\0\0\0\0\0\0\x04\0\0\0\x16\
\0\0\0\x68\x0b\0\0\0\0\0\0\x04\0\0\0\x16\0\0\0\x78\x0b\0\0\0\0\0\0\x04\0\0\0\
\x16\0\0\0\x88\x0b\0\0\0\0\0\0\x04\0\0\0\x16\0\0\0\x98\x0b\0\0\0\0\0\0\x04\0\0\
\0\x16\0\0\0\xa8\x0b\0\0\0\0\0\0\x04\0\0\0\x16\0\0\0\xb8\x0b\0\0\0\0\0\0\x04\0\
\0\0\x16\0\0\0\xc8\x0b\0\0\0\0\0\0\x04\0\0\0\x16\0\0\0\xd8\x0b\0\0\0\0\0\0\x04\
\0\0\0\x16\0\0\0\xe8\x0b\0\0\0\0\0\0\x04\0\0\0\x16\0\0\0\xf8\x0b\0\0\0\0\0\0\
\x04\0\0\0\x16\0\0\0\x08\x0c\0\0\0\0\0\0\x04\0\0\0\x16\0\0\0\x18\x0c\0\0\0\0\0\
\0\x04\0\0\0\x16\0\0\0\x28\x0c\0\0\0\0\0\0\x04\0\0\0\x16\0\0\0\x38\x0c\0\0\0\0\
\0\0\x04\0\0\0\x16\0\0\0\x48\x0c\0\0\0\0\0\0\x04\0\0\0\x16\0\0\0\x58\x0c\0\0\0\
\0\0\0\x04\0\0\0\x16\0\0\0\x68\x0c\0\0\0\0\0\0\x04\0\0\0\x16\0\0\0\x78\x0c\0\0\
\0\0\0\0\x04\0\0\0\x16\0\0\0\x88\x0c\0\0\0\0\0\0\x04\0\0\0\x16\0\0\0\x98\x0c\0\
\0\0\0\0\0\x04\0\0\0\x16\0\0\0\xa8\x0c\0\0\0\0\0\0\x04\0\0\0\x16\0\0\0\xb8\x0c\
\0\0\0\0\0\0\x04\0\0\0\x16\0\0\0\xc8\x0c\0\0\0\0\0\0\x04\0\0\0\x16\0\0\0\xd8\
\x0c\0\0\0\0\0\0\x04\0\0\0\x16\0\0\0\xe8\x0c\0\0\0\0\0\0\x04\0\0\0\x16\0\0\0\
\xf8\x0c\0\0\0\0\0\0\x04\0\0\0\x16\0\0\0\x08\x0d\0\0\0\0\0\0\x04\0\0\0\x16\0\0\
\0\x18\x0d\0\0\0\0\0\0\x04\0\0\0\x16\0\0\0\x28\x0d\0\0\0\0\0\0\x04\0\0\0\x16\0\
\0\0\x38\x0d\0\0\0\0\0\0\x04\0\0\0\x16\0\0\0\x48\x0d\0\0\0\0\0\0\x04\0\0\0\x16\
\0\0\0\x58\x0d\0\0\0\0\0\0\x04\0\0\0\x16\0\0\0\x68\x0d\0\0\0\0\0\0\x04\0\0\0\
\x16\0\0\0\x78\x0d\0\0\0\0\0\0\x04\0\0\0\x16\0\0\0\x88\x0d\0\0\0\0\0\0\x04\0\0\
\0\x16\0\0\0\x98\x0d\0\0\0\0\0\0\x04\0\0\0\x16\0\0\0\xa8\x0d\0\0\0\0\0\0\x04\0\
\0\0\x16\0\0\0\xb8\x0d\0\0\0\0\0\0\x04\0\0\0\x16\0\0\0\xc8\x0d\0\0\0\0\0\0\x04\
\0\0\0\x16\0\0\0\xd8\x0d\0\0\0\0\0\0\x04\0\0\0\x16\0\0\0\xe8\x0d\0\0\0\0\0\0\
\x04\0\0\0\x16\0\0\0\xf8\x0d\0\0\0\0\0\0\x04\0\0\0\x16\0\0\0\x08\x0e\0\0\0\0\0\
\0\x04\0\0\0\x16\0\0\0\x18\x0e\0\0\0\0\0\0\x04\0\0\0\x16\0\0\0\x28\x0e\0\0\0\0\
\0\0\x04\0\0\0\x16\0\0\0\x38\x0e\0\0\0\0\0\0\x04\0\0\0\x16\0\0\0\x48\x0e\0\0\0\
\0\0\0\x04\0\0\0\x16\0\0\0\x58\x0e\0\0\0\0\0\0\x04\0\0\0\x16\0\0\0\x68\x0e\0\0\
\0\0\0\0\x04\0\0\0\x16\0\0\0\x78\x0e\0\0\0\0\0\0\x04\0\0\0\x16\0\0\0\x88\x0e\0\
\0\0\0\0\0\x04\0\0\0\x16\0\0\0\x98\x0e\0\0\0\0\0\0\x04\0\0\0\x16\0\0\0\xa8\x0e\
\0\0\0\0\0\0\x04\0\0\0\x16\0\0\0\xb8\x0e\0\0\0\0\0\0\x04\0\0\0\x16\0\0\0\xc8\
\x0e\0\0\0\0\0\0\x04\0\0\0\x16\0\0\0\xd8\x0e\0\0\0\0\0\0\x04\0\0\0\x16\0\0\0\
\xe8\x0e\0\0\0\0\0\0\x04\0\0\0\x16\0\0\0\xf8\x0e\0\0\0\0\0\0\x04\0\0\0\x16\0\0\
\0\x08\x0f\0\0\0\0\0\0\x04\0\0\0\x16\0\0\0\x18\x0f\0\0\0\0\0\0\x04\0\0\0\x16\0\
\0\0\x28\x0f\0\0\0\0\0\0\x04\0\0\0\x16\0\0\0\x40\x0f\0\0\0\0\0\0\x04\0\0\0\x2b\
\0\0\0\x50\x0f\0\0\0\0\0\0\x04\0\0\0\x2b\0\0\0\x60\x0f\0\0\0\0\0\0\x04\0\0\0\
\x2b\0\0\0\x70\x0f\0\0\0\0\0\0\x04\0\0\0\x2b\0\0\0\x80\x0f\0\0\0\0\0\0\x04\0\0\
\0\x2b\0\0\0\x90\x0f\0\0\0\0\0\0\x04\0\0\0\x2b\0\0\0\xa0\x0f\0\0\0\0\0\0\x04\0\
\0\0\x2b\0\0\0\xb0\x0f\0\0\0\0\0\0\x04\0\0\0\x2b\0\0\0\xc0\x0f\0\0\0\0\0\0\x04\
\0\0\0\x2b\0\0\0\xd0\x0f\0\0\0\0\0\0\x04\0\0\0\x2b\0\0\0\xe0\x0f\0\0\0\0\0\0\
\x04\0\0\0\x2b\0\0\0\xf0\x0f\0\0\0\0\0\0\x04\0\0\0\x2b\0\0\0\0\x10\0\0\0\0\0\0\
\x04\0\0\0\x2b\0\0\0\x10\x10\0\0\0\0\0\0\x04\0\0\0\x2b\0\0\0\x20\x10\0\0\0\0\0\
\0\x04\0\0\0\x2b\0\0\0\x30\x10\0\0\0\0\0\0\x04\0\0\0\x2b\0\0\0\x40\x10\0\0\0\0\
\0\0\x04\0\0\0\x2b\0\0\0\x50\x10\0\0\0\0\0\0\x04\0\0\0\x2b\0\0\0\x60\x10\0\0\0\
\0\0\0\x04\0\0\0\x2b\0\0\0\x70\x10\0\0\0\0\0\0\x04\0\0\0\x2b\0\0\0\x80\x10\0\0\
\0\0\0\0\x04\0\0\0\x2b\0\0\0\x90\x10\0\0\0\0\0\0\x04\0\0\0\x2b\0\0\0\xa0\x10\0\
\0\0\0\0\0\x04\0\0\0\x2b\0\0\0\xb0\x10\0\0\0\0\0\0\x04\0\0\0\x2b\0\0\0\xc0\x10\
\0\0\0\0\0\0\x04\0\0\0\x2b\0\0\0\xd0\x10\0\0\0\0\0\0\x04\0\0\0\x2b\0\0\0\xe0\
\x10\0\0\0\0\0\0\x04\0\0\0\x2b\0\0\0\xf0\x10\0\0\0\0\0\0\x04\0\0\0\x2b\0\0\0\0\
\x11\0\0\0\0\0\0\x04\0\0\0\x2b\0\0\0\x10\x11\0\0\0\0\0\0\x04\0\0\0\x2b\0\0\0\
\x20\x11\0\0\0\0\0\0\x04\0\0\0\x2b\0\0\0\x30\x11\0\0\0\0\0\0\x04\0\0\0\x2b\0\0\
\0\x40\x11\0\0\0\0\0\0\x04\0\0\0\x2b\0\0\0\x50\x11\0\0\0\0\0\0\x04\0\0\0\x2b\0\
\0\0\x60\x11\0\0\0\0\0\0\x04\0\0\0\x2b\0\0\0\x70\x11\0\0\0\0\0\0\x04\0\0\0\x2b\
\0\0\0\x80\x11\0\0\0\0\0\0\x04\0\0\0\x2b\0\0\0\x90\x11\0\0\0\0\0\0\x04\0\0\0\
\x2b\0\0\0\xa0\x11\0\0\0\0\0\0\x04\0\0\0\x2b\0\0\0\xb0\x11\0\0\0\0\0\0\x04\0\0\
\0\x2b\0\0\0\xc0\x11\0\0\0\0\0\0\x04\0\0\0\x2b\0\0\0\xd0\x11\0\0\0\0\0\0\x04\0\
\0\0\x2b\0\0\0\xe0\x11\0\0\0\0\0\0\x04\0\0\0\x2b\0\0\0\xf0\x11\0\0\0\0\0\0\x04\
\0\0\0\x2b\0\0\0\0\x12\0\0\0\0\0\0\x04\0\0\0\x2b\0\0\0\x10\x12\0\0\0\0\0\0\x04\
\0\0\0\x2b\0\0\0\x20\x12\0\0\0\0\0\0\x04\0\0\0\x2b\0\0\0\x30\x12\0\0\0\0\0\0\
\x04\0\0\0\x2b\0\0\0\x40\x12\0\0\0\0\0\0\x04\0\0\0\x2b\0\0\0\x50\x12\0\0\0\0\0\
\0\x04\0\0\0\x2b\0\0\0\x60\x12\0\0\0\0\0\0\x04\0\0\0\x2b\0\0\0\x70\x12\0\0\0\0\
\0\0\x04\0\0\0\x2b\0\0\0\x80\x12\0\0\0\0\0\0\x04\0\0\0\x2b\0\0\0\x90\x12\0\0\0\
\0\0\0\x04\0\0\0\x2b\0\0\0\xa0\x12\0\0\0\0\0\0\x04\0\0\0\x2b\0\0\0\xb0\x12\0\0\
\0\0\0\0\x04\0\0\0\x2b\0\0\0\xc0\x12\0\0\0\0\0\0\x04\0\0\0\x2b\0\0\0\xd0\x12\0\
\0\0\0\0\0\x04\0\0\0\x2b\0\0\0\xe0\x12\0\0\0\0\0\0\x04\0\0\0\x2b\0\0\0\xf0\x12\
\0\0\0\0\0\0\x04\0\0\0\x2b\0\0\0\0\x13\0\0\0\0\0\0\x04\0\0\0\x2b\0\0\0\x10\x13\
\0\0\0\0\0\0\x04\0\0\0\x2b\0\0\0\x20\x13\0\0\0\0\0\0\x04\0\0\0\x2b\0\0\0\x30\
\x13\0\0\0\0\0\0\x04\0\0\0\x2b\0\0\0\x40\x13\0\0\0\0\0\0\x04\0\0\0\x2b\0\0\0\
\x50\x13\0\0\0\0\0\0\x04\0\0\0\x2b\0\0\0\x60\x13\0\0\0\0\0\0\x04\0\0\0\x2b\0\0\
\0\x70\x13\0\0\0\0\0\0\x04\0\0\0\x2b\0\0\0\x80\x13\0\0\0\0\0\0\x04\0\0\0\x2b\0\
\0\0\x90\x13\0\0\0\0\0\0\x04\0\0\0\x2b\0\0\0\xa0\x13\0\0\0\0\0\0\x04\0\0\0\x2b\
\0\0\0\xb0\x13\0\0\0\0\0\0\x04\0\0\0\x2b\0\0\0\xc0\x13\0\0\0\0\0\0\x04\0\0\0\
\x2b\0\0\0\xd0\x13\0\0\0\0\0\0\x04\0\0\0\x2b\0\0\0\xe0\x13\0\0\0\0\0\0\x04\0\0\
\0\x2b\0\0\0\xf0\x13\0\0\0\0\0\0\x04\0\0\0\x2b\0\0\0\0\x14\0\0\0\0\0\0\x04\0\0\
\0\x2b\0\0\0\x10\x14\0\0\0\0\0\0\x04\0\0\0\x2b\0\0\0\x20\x14\0\0\0\0\0\0\x04\0\
\0\0\x2b\0\0\0\x30\x14\0\0\0\0\0\0\x04\0\0\0\x2b\0\0\0\x40\x14\0\0\0\0\0\0\x04\
\0\0\0\x2b\0\0\0\x50\x14\0\0\0\0\0\0\x04\0\0\0\x2b\0\0\0\x60\x14\0\0\0\0\0\0\
\x04\0\0\0\x2b\0\0\0\x70\x14\0\0\0\0\0\0\x04\0\0\0\x2b\0\0\0\x80\x14\0\0\0\0\0\
\0\x04\0\0\0\x2b\0\0\0\x90\x14\0\0\0\0\0\0\x04\0\0\0\x2b\0\0\0\xa0\x14\0\0\0\0\
\0\0\x04\0\0\0\x2b\0\0\0\xb0\x14\0\0\0\0\0\0\x04\0\0\0\x2b\0\0\0\xc0\x14\0\0\0\
\0\0\0\x04\0\0\0\x2b\0\0\0\xd0\x14\0\0\0\0\0\0\x04\0\0\0\x2b\0\0\0\xe0\x14\0\0\
\0\0\0\0\x04\0\0\0\x2b\0\0\0\xf0\x14\0\0\0\0\0\0\x04\0\0\0\x2b\0\0\0\0\x15\0\0\
\0\0\0\0\x04\0\0\0\x2b\0\0\0\x10\x15\0\0\0\0\0\0\x04\0\0\0\x2b\0\0\0\x20\x15\0\
\0\0\0\0\0\x04\0\0\0\x2b\0\0\0\x30\x15\0\0\0\0\0\0\x04\0\0\0\x2b\0\0\0\x40\x15\
\0\0\0\0\0\0\x04\0\0\0\x2b\0\0\0\x50\x15\0\0\0\0\0\0\x04\0\0\0\x2b\0\0\0\x60\
\x15\0\0\0\0\0\0\x04\0\0\0\x2b\0\0\0\x70\x15\0\0\0\0\0\0\x04\0\0\0\x2b\0\0\0\
\x80\x15\0\0\0\0\0\0\x04\0\0\0\x2b\0\0\0\x90\x15\0\0\0\0\0\0\x04\0\0\0\x2b\0\0\
\0\xa0\x15\0\0\0\0\0\0\x04\0\0\0\x2b\0\0\0\xb0\x15\0\0\0\0\0\0\x04\0\0\0\x2b\0\
\0\0\xc0\x15\0\0\0\0\0\0\x04\0\0\0\x2b\0\0\0\xd0\x15\0\0\0\0\0\0\x04\0\0\0\x2b\
\0\0\0\xe0\x15\0\0\0\0\0\0\x04\0\0\0\x2b\0\0\0\xf0\x15\0\0\0\0\0\0\x04\0\0\0\
\x2b\0\0\0\0\x16\0\0\0\0\0\0\x04\0\0\0\x2b\0\0\0\x10\x16\0\0\0\0\0\0\x04\0\0\0\
\x2b\0\0\0\x20\x16\0\0\0\0\0\0\x04\0\0\0\x2b\0\0\0\x30\x16\0\0\0\0\0\0\x04\0\0\
\0\x2b\0\0\0\x40\x16\0\0\0\0\0\0\x04\0\0\0\x2b\0\0\0\x50\x16\0\0\0\0\0\0\x04\0\
\0\0\x2b\0\0\0\x60\x16\0\0\0\0\0\0\x04\0\0\0\x2b\0\0\0\x70\x16\0\0\0\0\0\0\x04\
\0\0\0\x2b\0\0\0\x88\x16\0\0\0\0\0\0\x04\0\0\0\x3d\0\0\0\x98\x16\0\0\0\0\0\0\
\x04\0\0\0\x3d\0\0\0\xa8\x16\0\0\0\0\0\0\x04\0\0\0\x3d\0\0\0\xb8\x16\0\0\0\0\0\
\0\x04\0\0\0\x3d\0\0\0\xc8\x16\0\0\0\0\0\0\x04\0\0\0\x3d\0\0\0\xd8\x16\0\0\0\0\
\0\0\x04\0\0\0\x3d\0\0\0\xe8\x16\0\0\0\0\0\0\x04\0\0\0\x3d\0\0\0\xf8\x16\0\0\0\
\0\0\0\x04\0\0\0\x3d\0\0\0\x08\x17\0\0\0\0\0\0\x04\0\0\0\x3d\0\0\0\x18\x17\0\0\
\0\0\0\0\x04\0\0\0\x3d\0\0\0\x28\x17\0\0\0\0\0\0\x04\0\0\0\x3d\0\0\0\x38\x17\0\
\0\0\0\0\0\x04\0\0\0\x3d\0\0\0\x48\x17\0\0\0\0\0\0\x04\0\0\0\x3d\0\0\0\x58\x17\
\0\0\0\0\0\0\x04\0\0\0\x3d\0\0\0\x68\x17\0\0\0\0\0\0\x04\0\0\0\x3d\0\0\0\x78\
\x17\0\0\0\0\0\0\x04\0\0\0\x3d\0\0\0\x88\x17\0\0\0\0\0\0\x04\0\0\0\x3d\0\0\0\
\x98\x17\0\0\0\0\0\0\x04\0\0\0\x3d\0\0\0\xa8\x17\0\0\0\0\0\0\x04\0\0\0\x3d\0\0\
\0\xb8\x17\0\0\0\0\0\0\x04\0\0\0\x3d\0\0\0\xc8\x17\0\0\0\0\0\0\x04\0\0\0\x3d\0\
\0\0\xd8\x17\0\0\0\0\0\0\x04\0\0\0\x3d\0\0\0\xe8\x17\0\0\0\0\0\0\x04\0\0\0\x3d\
\0\0\0\xf8\x17\0\0\0\0\0\0\x04\0\0\0\x3d\0\0\0\x08\x18\0\0\0\0\0\0\x04\0\0\0\
\x3d\0\0\0\x18\x18\0\0\0\0\0\0\x04\0\0\0\x3d\0\0\0\x28\x18\0\0\0\0\0\0\x04\0\0\
\0\x3d\0\0\0\x38\x18\0\0\0\0\0\0\x04\0\0\0\x3d\0\0\0\x48\x18\0\0\0\0\0\0\x04\0\
\0\0\x3d\0\0\0\x58\x18\0\0\0\0\0\0\x04\0\0\0\x3d\0\0\0\x68\x18\0\0\0\0\0\0\x04\
\0\0\0\x3d\0\0\0\x78\x18\0\0\0\0\0\0\x04\0\0\0\x3d\0\0\0\x88\x18\0\0\0\0\0\0\
\x04\0\0\0\x3d\0\0\0\x98\x18\0\0\0\0\0\0\x04\0\0\0\x3d\0\0\0\xa8\x18\0\0\0\0\0\
\0\x04\0\0\0\x3d\0\0\0\xb8\x18\0\0\0\0\0\0\x04\0\0\0\x3d\0\0\0\xc8\x18\0\0\0\0\
\0\0\x04\0\0\0\x3d\0\0\0\xd8\x18\0\0\0\0\0\0\x04\0\0\0\x3d\0\0\0\xe8\x18\0\0\0\
\0\0\0\x04\0\0\0\x3d\0\0\0\xf8\x18\0\0\0\0\0\0\x04\0\0\0\x3d\0\0\0\x08\x19\0\0\
\0\0\0\0\x04\0\0\0\x3d\0\0\0\x18\x19\0\0\0\0\0\0\x04\0\0\0\x3d\0\0\0\x28\x19\0\
\0\0\0\0\0\x04\0\0\0\x3d\0\0\0\x38\x19\0\0\0\0\0\0\x04\0\0\0\x3d\0\0\0\x48\x19\
\0\0\0\0\0\0\x04\0\0\0\x3d\0\0\0\x58\x19\0\0\0\0\0\0\x04\0\0\0\x3d\0\0\0\x68\
\x19\0\0\0\0\0\0\x04\0\0\0\x3d\0\0\0\x78\x19\0\0\0\0\0\0\x04\0\0\0\x3d\0\0\0\
\x88\x19\0\0\0\0\0\0\x04\0\0\0\x3d\0\0\0\x98\x19\0\0\0\0\0\0\x04\0\0\0\x3d\0\0\
\0\xa8\x19\0\0\0\0\0\0\x04\0\0\0\x3d\0\0\0\xb8\x19\0\0\0\0\0\0\x04\0\0\0\x3d\0\
\0\0\xc8\x19\0\0\0\0\0\0\x04\0\0\0\x3d\0\0\0\xd8\x19\0\0\0\0\0\0\x04\0\0\0\x3d\
\0\0\0\xe8\x19\0\0\0\0\0\0\x04\0\0\0\x3d\0\0\0\xf8\x19\0\0\0\0\0\0\x04\0\0\0\
\x3d\0\0\0\x08\x1a\0\0\0\0\0\0\x04\0\0\0\x3d\0\0\0\x18\x1a\0\0\0\0\0\0\x04\0\0\
\0\x3d\0\0\0\x28\x1a\0\0\0\0\0\0\x04\0\0\0\x3d\0\0\0\x38\x1a\0\0\0\0\0\0\x04\0\
\0\0\x3d\0\0\0\x48\x1a\0\0\0\0\0\0\x04\0\0\0\x3d\0\0\0\x58\x1a\0\0\0\0\0\0\x04\
\0\0\0\x3d\0\0\0\x68\x1a\0\0\0\0\0\0\x04\0\0\0\x3d\0\0\0\x78\x1a\0\0\0\0\0\0\
\x04\0\0\0\x3d\0\0\0\x88\x1a\0\0\0\0\0\0\x04\0\0\0\x3d\0\0\0\x98\x1a\0\0\0\0\0\
\0\x04\0\0\0\x3d\0\0\0\xa8\x1a\0\0\0\0\0\0\x04\0\0\0\x3d\0\0\0\xb8\x1a\0\0\0\0\
\0\0\x04\0\0\0\x3d\0\0\0\xc8\x1a\0\0\0\0\0\0\x04\0\0\0\x3d\0\0\0\xd8\x1a\0\0\0\
\0\0\0\x04\0\0\0\x3d\0\0\0\xe8\x1a\0\0\0\0\0\0\x04\0\0\0\x3d\0\0\0\xf8\x1a\0\0\
\0\0\0\0\x04\0\0\0\x3d\0\0\0\x08\x1b\0\0\0\0\0\0\x04\0\0\0\x3d\0\0\0\x18\x1b\0\
\0\0\0\0\0\x04\0\0\0\x3d\0\0\0\x28\x1b\0\0\0\0\0\0\x04\0\0\0\x3d\0\0\0\x38\x1b\
\0\0\0\0\0\0\x04\0\0\0\x3d\0\0\0\x48\x1b\0\0\0\0\0\0\x04\0\0\0\x3d\0\0\0\x58\
\x1b\0\0\0\0\0\0\x04\0\0\0\x3d\0\0\0\x68\x1b\0\0\0\0\0\0\x04\0\0\0\x3d\0\0\0\
\x78\x1b\0\0\0\0\0\0\x04\0\0\0\x3d\0\0\0\x88\x1b\0\0\0\0\0\0\x04\0\0\0\x3d\0\0\
\0\x98\x1b\0\0\0\0\0\0\x04\0\0\0\x3d\0\0\0\xa8\x1b\0\0\0\0\0\0\x04\0\0\0\x3d\0\
\0\0\xb8\x1b\0\0\0\0\0\0\x04\0\0\0\x3d\0\0\0\xc8\x1b\0\0\0\0\0\0\x04\0\0\0\x3d\
\0\0\0\xd8\x1b\0\0\0\0\0\0\x04\0\0\0\x3d\0\0\0\xe8\x1b\0\0\0\0\0\0\x04\0\0\0\
\x3d\0\0\0\xf8\x1b\0\0\0\0\0\0\x04\0\0\0\x3d\0\0\0\x08\x1c\0\0\0\0\0\0\x04\0\0\
\0\x3d\0\0\0\x18\x1c\0\0\0\0\0\0\x04\0\0\0\x3d\0\0\0\x28\x1c\0\0\0\0\0\0\x04\0\
\0\0\x3d\0\0\0\x38\x1c\0\0\0\0\0\0\x04\0\0\0\x3d\0\0\0\x48\x1c\0\0\0\0\0\0\x04\
\0\0\0\x3d\0\0\0\x58\x1c\0\0\0\0\0\0\x04\0\0\0\x3d\0\0\0\x68\x1c\0\0\0\0\0\0\
\x04\0\0\0\x3d\0\0\0\x78\x1c\0\0\0\0\0\0\x04\0\0\0\x3d\0\0\0\x88\x1c\0\0\0\0\0\
\0\x04\0\0\0\x3d\0\0\0\x98\x1c\0\0\0\0\0\0\x04\0\0\0\x3d\0\0\0\xa8\x1c\0\0\0\0\
\0\0\x04\0\0\0\x3d\0\0\0\xb8\x1c\0\0\0\0\0\0\x04\0\0\0\x3d\0\0\0\xc8\x1c\0\0\0\
\0\0\0\x04\0\0\0\x3d\0\0\0\xd8\x1c\0\0\0\0\0\0\x04\0\0\0\x3d\0\0\0\xe8\x1c\0\0\
\0\0\0\0\x04\0\0\0\x3d\0\0\0\xf8\x1c\0\0\0\0\0\0\x04\0\0\0\x3d\0\0\0\x08\x1d\0\
\0\0\0\0\0\x04\0\0\0\x3d\0\0\0\x18\x1d\0\0\0\0\0\0\x04\0\0\0\x3d\0\0\0\x28\x1d\
\0\0\0\0\0\0\x04\0\0\0\x3d\0\0\0\x38\x1d\0\0\0\0\0\0\x04\0\0\0\x3d\0\0\0\x48\
\x1d\0\0\0\0\0\0\x04\0\0\0\x3d\0\0\0\x58\x1d\0\0\0\0\0\0\x04\0\0\0\x3d\0\0\0\
\x68\x1d\0\0\0\0\0\0\x04\0\0\0\x3d\0\0\0\x78\x1d\0\0\0\0\0\0\x04\0\0\0\x3d\0\0\
\0\x88\x1d\0\0\0\0\0\0\x04\0\0\0\x3d\0\0\0\x98\x1d\0\0\0\0\0\0\x04\0\0\0\x3d\0\
\0\0\xa8\x1d\0\0\0\0\0\0\x04\0\0\0\x3d\0\0\0\xb8\x1d\0\0\0\0\0\0\x04\0\0\0\x3d\
\0\0\0\xc8\x1d\0\0\0\0\0\0\x04\0\0\0\x3d\0\0\0\xd8\x1d\0\0\0\0\0\0\x04\0\0\0\
\x3d\0\0\0\xe8\x1d\0\0\0\0\0\0\x04\0\0\0\x3d\0\0\0\xf8\x1d\0\0\0\0\0\0\x04\0\0\
\0\x3d\0\0\0\x08\x1e\0\0\0\0\0\0\x04\0\0\0\x3d\0\0\0\x18\x1e\0\0\0\0\0\0\x04\0\
\0\0\x3d\0\0\0\x28\x1e\0\0\0\0\0\0\x04\0\0\0\x3d\0\0\0\x38\x1e\0\0\0\0\0\0\x04\
\0\0\0\x3d\0\0\0\x48\x1e\0\0\0\0\0\0\x04\0\0\0\x3d\0\0\0\x58\x1e\0\0\0\0\0\0\
\x04\0\0\0\x3d\0\0\0\x68\x1e\0\0\0\0\0\0\x04\0\0\0\x3d\0\0\0\x78\x1e\0\0\0\0\0\
\0\x04\0\0\0\x3d\0\0\0\x88\x1e\0\0\0\0\0\0\x04\0\0\0\x3d\0\0\0\x98\x1e\0\0\0\0\
\0\0\x04\0\0\0\x3d\0\0\0\xa8\x1e\0\0\0\0\0\0\x04\0\0\0\x3d\0\0\0\xb8\x1e\0\0\0\
\0\0\0\x04\0\0\0\x3d\0\0\0\xc8\x1e\0\0\0\0\0\0\x04\0\0\0\x3d\0\0\0\xd8\x1e\0\0\
\0\0\0\0\x04\0\0\0\x3d\0\0\0\xe8\x1e\0\0\0\0\0\0\x04\0\0\0\x3d\0\0\0\xf8\x1e\0\
\0\0\0\0\0\x04\0\0\0\x3d\0\0\0\x08\x1f\0\0\0\0\0\0\x04\0\0\0\x3d\0\0\0\x18\x1f\
\0\0\0\0\0\0\x04\0\0\0\x3d\0\0\0\x28\x1f\0\0\0\0\0\0\x04\0\0\0\x3d\0\0\0\x38\
\x1f\0\0\0\0\0\0\x04\0\0\0\x3d\0\0\0\x48\x1f\0\0\0\0\0\0\x04\0\0\0\x3d\0\0\0\
\x58\x1f\0\0\0\0\0\0\x04\0\0\0\x3d\0\0\0\x68\x1f\0\0\0\0\0\0\x04\0\0\0\x3d\0\0\
\0\x78\x1f\0\0\0\0\0\0\x04\0\0\0\x3d\0\0\0\x88\x1f\0\0\0\0\0\0\x04\0\0\0\x3d\0\
\0\0\x98\x1f\0\0\0\0\0\0\x04\0\0\0\x3d\0\0\0\xa8\x1f\0\0\0\0\0\0\x04\0\0\0\x3d\
\0\0\0\xb8\x1f\0\0\0\0\0\0\x04\0\0\0\x3d\0\0\0\xc8\x1f\0\0\0\0\0\0\x04\0\0\0\
\x3d\0\0\0\xd8\x1f\0\0\0\0\0\0\x04\0\0\0\x3d\0\0\0\xe8\x1f\0\0\0\0\0\0\x04\0\0\
\0\x3d\0\0\0\xf8\x1f\0\0\0\0\0\0\x04\0\0\0\x3d\0\0\0\x08\x20\0\0\0\0\0\0\x04\0\
\0\0\x3d\0\0\0\x18\x20\0\0\0\0\0\0\x04\0\0\0\x3d\0\0\0\x28\x20\0\0\0\0\0\0\x04\
\0\0\0\x3d\0\0\0\x38\x20\0\0\0\0\0\0\x04\0\0\0\x3d\0\0\0\x48\x20\0\0\0\0\0\0\
\x04\0\0\0\x3d\0\0\0\x58\x20\0\0\0\0\0\0\x04\0\0\0\x3d\0\0\0\x68\x20\0\0\0\0\0\
\0\x04\0\0\0\x3d\0\0\0\x78\x20\0\0\0\0\0\0\x04\0\0\0\x3d\0\0\0\x88\x20\0\0\0\0\
\0\0\x04\0\0\0\x3d\0\0\0\x98\x20\0\0\0\0\0\0\x04\0\0\0\x3d\0\0\0\xa8\x20\0\0\0\
\0\0\0\x04\0\0\0\x3d\0\0\0\xb8\x20\0\0\0\0\0\0\x04\0\0\0\x3d\0\0\0\xc8\x20\0\0\
\0\0\0\0\x04\0\0\0\x3d\0\0\0\xd8\x20\0\0\0\0\0\0\x04\0\0\0\x3d\0\0\0\xe8\x20\0\
\0\0\0\0\0\x04\0\0\0\x3d\0\0\0\xf8\x20\0\0\0\0\0\0\x04\0\0\0\x3d\0\0\0\x08\x21\
\0\0\0\0\0\0\x04\0\0\0\x3d\0\0\0\x18\x21\0\0\0\0\0\0\x04\0\0\0\x3d\0\0\0\x28\
\x21\0\0\0\0\0\0\x04\0\0\0\x3d\0\0\0\x38\x21\0\0\0\0\0\0\x04\0\0\0\x3d\0\0\0\
\x48\x21\0\0\0\0\0\0\x04\0\0\0\x3d\0\0\0\x58\x21\0\0\0\0\0\0\x04\0\0\0\x3d\0\0\
\0\x70\x21\0\0\0\0\0\0\x04\0\0\0\x58\0\0\0\x80\x21\0\0\0\0\0\0\x04\0\0\0\x58\0\
\0\0\x90\x21\0\0\0\0\0\0\x04\0\0\0\x58\0\0\0\xa0\x21\0\0\0\0\0\0\x04\0\0\0\x58\
\0\0\0\xb0\x21\0\0\0\0\0\0\x04\0\0\0\x58\0\0\0\xc0\x21\0\0\0\0\0\0\x04\0\0\0\
\x58\0\0\0\xd0\x21\0\0\0\0\0\0\x04\0\0\0\x58\0\0\0\xe0\x21\0\0\0\0\0\0\x04\0\0\
\0\x58\0\0\0\xf0\x21\0\0\0\0\0\0\x04\0\0\0\x58\0\0\0\0\x22\0\0\0\0\0\0\x04\0\0\
\0\x58\0\0\0\x10\x22\0\0\0\0\0\0\x04\0\0\0\x58\0\0\0\x20\x22\0\0\0\0\0\0\x04\0\
\0\0\x58\0\0\0\x30\x22\0\0\0\0\0\0\x04\0\0\0\x58\0\0\0\x40\x22\0\0\0\0\0\0\x04\
\0\0\0\x58\0\0\0\x50\x22\0\0\0\0\0\0\x04\0\0\0\x58\0\0\0\x60\x22\0\0\0\0\0\0\
\x04\0\0\0\x58\0\0\0\x70\x22\0\0\0\0\0\0\x04\0\0\0\x58\0\0\0\x80\x22\0\0\0\0\0\
\0\x04\0\0\0\x58\0\0\0\x90\x22\0\0\0\0\0\0\x04\0\0\0\x58\0\0\0\xa0\x22\0\0\0\0\
\0\0\x04\0\0\0\x58\0\0\0\xb0\x22\0\0\0\0\0\0\x04\0\0\0\x58\0\0\0\xc0\x22\0\0\0\
\0\0\0\x04\0\0\0\x58\0\0\0\xd0\x22\0\0\0\0\0\0\x04\0\0\0\x58\0\0\0\xe0\x22\0\0\
\0\0\0\0\x04\0\0\0\x58\0\0\0\xf0\x22\0\0\0\0\0\0\x04\0\0\0\x58\0\0\0\0\x23\0\0\
\0\0\0\0\x04\0\0\0\x58\0\0\0\x10\x23\0\0\0\0\0\0\x04\0\0\0\x58\0\0\0\x20\x23\0\
\0\0\0\0\0\x04\0\0\0\x58\0\0\0\x30\x23\0\0\0\0\0\0\x04\0\0\0\x58\0\0\0\x40\x23\
\0\0\0\0\0\0\x04\0\0\0\x58\0\0\0\x50\x23\0\0\0\0\0\0\x04\0\0\0\x58\0\0\0\x60\
\x23\0\0\0\0\0\0\x04\0\0\0\x58\0\0\0\x70\x23\0\0\0\0\0\0\x04\0\0\0\x58\0\0\0\
\x80\x23\0\0\0\0\0\0\x04\0\0\0\x58\0\0\0\x90\x23\0\0\0\0\0\0\x04\0\0\0\x58\0\0\
\0\xa0\x23\0\0\0\0\0\0\x04\0\0\0\x58\0\0\0\xb0\x23\0\0\0\0\0\0\x04\0\0\0\x58\0\
\0\0\xc0\x23\0\0\0\0\0\0\x04\0\0\0\x58\0\0\0\xd0\x23\0\0\0\0\0\0\x04\0\0\0\x58\
\0\0\0\xe0\x23\0\0\0\0\0\0\x04\0\0\0\x58\0\0\0\xf0\x23\0\0\0\0\0\0\x04\0\0\0\
\x58\0\0\0\0\x24\0\0\0\0\0\0\x04\0\0\0\x58\0\0\0\x10\x24\0\0\0\0\0\0\x04\0\0\0\
\x58\0\0\0\x20\x24\0\0\0\0\0\0\x04\0\0\0\x58\0\0\0\x30\x24\0\0\0\0\0\0\x04\0\0\
\0\x58\0\0\0\x40\x24\0\0\0\0\0\0\x04\0\0\0\x58\0\0\0\x50\x24\0\0\0\0\0\0\x04\0\
\0\0\x58\0\0\0\x60\x24\0\0\0\0\0\0\x04\0\0\0\x58\0\0\0\x70\x24\0\0\0\0\0\0\x04\
\0\0\0\x58\0\0\0\x80\x24\0\0\0\0\0\0\x04\0\0\0\x58\0\0\0\x90\x24\0\0\0\0\0\0\
\x04\0\0\0\x58\0\0\0\xa0\x24\0\0\0\0\0\0\x04\0\0\0\x58\0\0\0\xb0\x24\0\0\0\0\0\
\0\x04\0\0\0\x58\0\0\0\xc0\x24\0\0\0\0\0\0\x04\0\0\0\x58\0\0\0\xd0\x24\0\0\0\0\
\0\0\x04\0\0\0\x58\0\0\0\xe0\x24\0\0\0\0\0\0\x04\0\0\0\x58\0\0\0\xf0\x24\0\0\0\
\0\0\0\x04\0\0\0\x58\0\0\0\0\x25\0\0\0\0\0\0\x04\0\0\0\x58\0\0\0\x10\x25\0\0\0\
\0\0\0\x04\0\0\0\x58\0\0\0\x20\x25\0\0\0\0\0\0\x04\0\0\0\x58\0\0\0\x30\x25\0\0\
\0\0\0\0\x04\0\0\0\x58\0\0\0\x40\x25\0\0\0\0\0\0\x04\0\0\0\x58\0\0\0\x50\x25\0\
\0\0\0\0\0\x04\0\0\0\x58\0\0\0\x60\x25\0\0\0\0\0\0\x04\0\0\0\x58\0\0\0\x70\x25\
\0\0\0\0\0\0\x04\0\0\0\x58\0\0\0\x80\x25\0\0\0\0\0\0\x04\0\0\0\x58\0\0\0\x90\
\x25\0\0\0\0\0\0\x04\0\0\0\x58\0\0\0\xa0\x25\0\0\0\0\0\0\x04\0\0\0\x58\0\0\0\
\xb0\x25\0\0\0\0\0\0\x04\0\0\0\x58\0\0\0\xc0\x25\0\0\0\0\0\0\x04\0\0\0\x58\0\0\
\0\xd0\x25\0\0\0\0\0\0\x04\0\0\0\x58\0\0\0\xe0\x25\0\0\0\0\0\0\x04\0\0\0\x58\0\
\0\0\xf0\x25\0\0\0\0\0\0\x04\0\0\0\x58\0\0\0\0\x26\0\0\0\0\0\0\x04\0\0\0\x58\0\
\0\0\x10\x26\0\0\0\0\0\0\x04\0\0\0\x58\0\0\0\x20\x26\0\0\0\0\0\0\x04\0\0\0\x58\
\0\0\0\x30\x26\0\0\0\0\0\0\x04\0\0\0\x58\0\0\0\x40\x26\0\0\0\0\0\0\x04\0\0\0\
\x58\0\0\0\x50\x26\0\0\0\0\0\0\x04\0\0\0\x58\0\0\0\x60\x26\0\0\0\0\0\0\x04\0\0\
\0\x58\0\0\0\x70\x26\0\0\0\0\0\0\x04\0\0\0\x58\0\0\0\x80\x26\0\0\0\0\0\0\x04\0\
\0\0\x58\0\0\0\x90\x26\0\0\0\0\0\0\x04\0\0\0\x58\0\0\0\xa0\x26\0\0\0\0\0\0\x04\
\0\0\0\x58\0\0\0\xb0\x26\0\0\0\0\0\0\x04\0\0\0\x58\0\0\0\xc0\x26\0\0\0\0\0\0\
\x04\0\0\0\x58\0\0\0\xd0\x26\0\0\0\0\0\0\x04\0\0\0\x58\0\0\0\xe0\x26\0\0\0\0\0\
\0\x04\0\0\0\x58\0\0\0\xf0\x26\0\0\0\0\0\0\x04\0\0\0\x58\0\0\0\0\x27\0\0\0\0\0\
\0\x04\0\0\0\x58\0\0\0\x10\x27\0\0\0\0\0\0\x04\0\0\0\x58\0\0\0\x20\x27\0\0\0\0\
\0\0\x04\0\0\0\x58\0\0\0\x30\x27\0\0\0\0\0\0\x04\0\0\0\x58\0\0\0\x40\x27\0\0\0\
\0\0\0\x04\0\0\0\x58\0\0\0\x50\x27\0\0\0\0\0\0\x04\0\0\0\x58\0\0\0\x60\x27\0\0\
\0\0\0\0\x04\0\0\0\x58\0\0\0\x70\x27\0\0\0\0\0\0\x04\0\0\0\x58\0\0\0\x80\x27\0\
\0\0\0\0\0\x04\0\0\0\x58\0\0\0\x90\x27\0\0\0\0\0\0\x04\0\0\0\x58\0\0\0\xa0\x27\
\0\0\0\0\0\0\x04\0\0\0\x58\0\0\0\xb0\x27\0\0\0\0\0\0\x04\0\0\0\x58\0\0\0\xc0\
\x27\0\0\0\0\0\0\x04\0\0\0\x58\0\0\0\xd0\x27\0\0\0\0\0\0\x04\0\0\0\x58\0\0\0\
\xe0\x27\0\0\0\0\0\0\x04\0\0\0\x58\0\0\0\xf0\x27\0\0\0\0\0\0\x04\0\0\0\x58\0\0\
\0\0\x28\0\0\0\0\0\0\x04\0\0\0\x58\0\0\0\x10\x28\0\0\0\0\0\0\x04\0\0\0\x58\0\0\
\0\x20\x28\0\0\0\0\0\0\x04\0\0\0\x58\0\0\0\x30\x28\0\0\0\0\0\0\x04\0\0\0\x58\0\
\0\0\x40\x28\0\0\0\0\0\0\x04\0\0\0\x58\0\0\0\x50\x28\0\0\0\0\0\0\x04\0\0\0\x58\
\0\0\0\x60\x28\0\0\0\0\0\0\x04\0\0\0\x58\0\0\0\x70\x28\0\0\0\0\0\0\x04\0\0\0\
\x58\0\0\0\x80\x28\0\0\0\0\0\0\x04\0\0\0\x58\0\0\0\x90\x28\0\0\0\0\0\0\x04\0\0\
\0\x58\0\0\0\xa0\x28\0\0\0\0\0\0\x04\0\0\0\x58\0\0\0\xb0\x28\0\0\0\0\0\0\x04\0\
\0\0\x58\0\0\0\xc0\x28\0\0\0\0\0\0\x04\0\0\0\x58\0\0\0\xd0\x28\0\0\0\0\0\0\x04\
\0\0\0\x58\0\0\0\xe0\x28\0\0\0\0\0\0\x04\0\0\0\x58\0\0\0\xf0\x28\0\0\0\0\0\0\
\x04\0\0\0\x58\0\0\0\0\x29\0\0\0\0\0\0\x04\0\0\0\x58\0\0\0\x10\x29\0\0\0\0\0\0\
\x04\0\0\0\x58\0\0\0\x20\x29\0\0\0\0\0\0\x04\0\0\0\x58\0\0\0\x30\x29\0\0\0\0\0\
\0\x04\0\0\0\x58\0\0\0\x40\x29\0\0\0\0\0\0\x04\0\0\0\x58\0\0\0\x50\x29\0\0\0\0\
\0\0\x04\0\0\0\x58\0\0\0\x60\x29\0\0\0\0\0\0\x04\0\0\0\x58\0\0\0\x70\x29\0\0\0\
\0\0\0\x04\0\0\0\x58\0\0\0\x80\x29\0\0\0\0\0\0\x04\0\0\0\x58\0\0\0\x90\x29\0\0\
\0\0\0\0\x04\0\0\0\x58\0\0\0\xa0\x29\0\0\0\0\0\0\x04\0\0\0\x58\0\0\0\xb0\x29\0\
\0\0\0\0\0\x04\0\0\0\x58\0\0\0\xc0\x29\0\0\0\0\0\0\x04\0\0\0\x58\0\0\0\xd0\x29\
\0\0\0\0\0\0\x04\0\0\0\x58\0\0\0\xe0\x29\0\0\0\0\0\0\x04\0\0\0\x58\0\0\0\xf0\
\x29\0\0\0\0\0\0\x04\0\0\0\x58\0\0\0\0\x2a\0\0\0\0\0\0\x04\0\0\0\x58\0\0\0\x10\
\x2a\0\0\0\0\0\0\x04\0\0\0\x58\0\0\0\x20\x2a\0\0\0\0\0\0\x04\0\0\0\x58\0\0\0\
\x30\x2a\0\0\0\0\0\0\x04\0\0\0\x58\0\0\0\x40\x2a\0\0\0\0\0\0\x04\0\0\0\x58\0\0\
\0\x50\x2a\0\0\0\0\0\0\x04\0\0\0\x58\0\0\0\x60\x2a\0\0\0\0\0\0\x04\0\0\0\x58\0\
\0\0\x70\x2a\0\0\0\0\0\0\x04\0\0\0\x58\0\0\0\x80\x2a\0\0\0\0\0\0\x04\0\0\0\x58\
\0\0\0\x90\x2a\0\0\0\0\0\0\x04\0\0\0\x58\0\0\0\xa0\x2a\0\0\0\0\0\0\x04\0\0\0\
\x58\0\0\0\xb0\x2a\0\0\0\0\0\0\x04\0\0\0\x58\0\0\0\xc0\x2a\0\0\0\0\0\0\x04\0\0\
\0\x58\0\0\0\xd0\x2a\0\0\0\0\0\0\x04\0\0\0\x58\0\0\0\xe0\x2a\0\0\0\0\0\0\x04\0\
\0\0\x58\0\0\0\xf0\x2a\0\0\0\0\0\0\x04\0\0\0\x58\0\0\0\0\x2b\0\0\0\0\0\0\x04\0\
\0\0\x58\0\0\0\x10\x2b\0\0\0\0\0\0\x04\0\0\0\x58\0\0\0\x20\x2b\0\0\0\0\0\0\x04\
\0\0\0\x58\0\0\0\x30\x2b\0\0\0\0\0\0\x04\0\0\0\x58\0\0\0\x40\x2b\0\0\0\0\0\0\
\x04\0\0\0\x58\0\0\0\x50\x2b\0\0\0\0\0\0\x04\0\0\0\x58\0\0\0\x60\x2b\0\0\0\0\0\
\0\x04\0\0\0\x58\0\0\0\x70\x2b\0\0\0\0\0\0\x04\0\0\0\x58\0\0\0\x80\x2b\0\0\0\0\
\0\0\x04\0\0\0\x58\0\0\0\x90\x2b\0\0\0\0\0\0\x04\0\0\0\x58\0\0\0\xa0\x2b\0\0\0\
\0\0\0\x04\0\0\0\x58\0\0\0\xb0\x2b\0\0\0\0\0\0\x04\0\0\0\x58\0\0\0\xc0\x2b\0\0\
\0\0\0\0\x04\0\0\0\x58\0\0\0\xd0\x2b\0\0\0\0\0\0\x04\0\0\0\x58\0\0\0\xe0\x2b\0\
\0\0\0\0\0\x04\0\0\0\x58\0\0\0\xf0\x2b\0\0\0\0\0\0\x04\0\0\0\x58\0\0\0\0\x2c\0\
\0\0\0\0\0\x04\0\0\0\x58\0\0\0\x10\x2c\0\0\0\0\0\0\x04\0\0\0\x58\0\0\0\x20\x2c\
\0\0\0\0\0\0\x04\0\0\0\x58\0\0\0\x30\x2c\0\0\0\0\0\0\x04\0\0\0\x58\0\0\0\x48\
\x2c\0\0\0\0\0\0\x04\0\0\0\x73\0\0\0\x58\x2c\0\0\0\0\0\0\x04\0\0\0\x73\0\0\0\
\x68\x2c\0\0\0\0\0\0\x04\0\0\0\x73\0\0\0\x78\x2c\0\0\0\0\0\0\x04\0\0\0\x73\0\0\
\0\x88\x2c\0\0\0\0\0\0\x04\0\0\0\x73\0\0\0\x98\x2c\0\0\0\0\0\0\x04\0\0\0\x73\0\
\0\0\xa8\x2c\0\0\0\0\0\0\x04\0\0\0\x73\0\0\0\xb8\x2c\0\0\0\0\0\0\x04\0\0\0\x73\
\0\0\0\xc8\x2c\0\0\0\0\0\0\x04\0\0\0\x73\0\0\0\xd8\x2c\0\0\0\0\0\0\x04\0\0\0\
\x73\0\0\0\xe8\x2c\0\0\0\0\0\0\x04\0\0\0\x73\0\0\0\xf8\x2c\0\0\0\0\0\0\x04\0\0\
\0\x73\0\0\0\x08\x2d\0\0\0\0\0\0\x04\0\0\0\x73\0\0\0\x18\x2d\0\0\0\0\0\0\x04\0\
\0\0\x73\0\0\0\x28\x2d\0\0\0\0\0\0\x04\0\0\0\x73\0\0\0\x38\x2d\0\0\0\0\0\0\x04\
\0\0\0\x73\0\0\0\x48\x2d\0\0\0\0\0\0\x04\0\0\0\x73\0\0\0\x58\x2d\0\0\0\0\0\0\
\x04\0\0\0\x73\0\0\0\x68\x2d\0\0\0\0\0\0\x04\0\0\0\x73\0\0\0\x78\x2d\0\0\0\0\0\
\0\x04\0\0\0\x73\0\0\0\x88\x2d\0\0\0\0\0\0\x04\0\0\0\x73\0\0\0\x98\x2d\0\0\0\0\
\0\0\x04\0\0\0\x73\0\0\0\xa8\x2d\0\0\0\0\0\0\x04\0\0\0\x73\0\0\0\xb8\x2d\0\0\0\
\0\0\0\x04\0\0\0\x73\0\0\0\xc8\x2d\0\0\0\0\0\0\x04\0\0\0\x73\0\0\0\xd8\x2d\0\0\
\0\0\0\0\x04\0\0\0\x73\0\0\0\xe8\x2d\0\0\0\0\0\0\x04\0\0\0\x73\0\0\0\xf8\x2d\0\
\0\0\0\0\0\x04\0\0\0\x73\0\0\0\x08\x2e\0\0\0\0\0\0\x04\0\0\0\x73\0\0\0\x18\x2e\
\0\0\0\0\0\0\x04\0\0\0\x73\0\0\0\x28\x2e\0\0\0\0\0\0\x04\0\0\0\x73\0\0\0\x38\
\x2e\0\0\0\0\0\0\x04\0\0\0\x73\0\0\0\x48\x2e\0\0\0\0\0\0\x04\0\0\0\x73\0\0\0\
\x58\x2e\0\0\0\0\0\0\x04\0\0\0\x73\0\0\0\x68\x2e\0\0\0\0\0\0\x04\0\0\0\x73\0\0\
\0\x78\x2e\0\0\0\0\0\0\x04\0\0\0\x73\0\0\0\x88\x2e\0\0\0\0\0\0\x04\0\0\0\x73\0\
\0\0\x98\x2e\0\0\0\0\0\0\x04\0\0\0\x73\0\0\0\xa8\x2e\0\0\0\0\0\0\x04\0\0\0\x73\
\0\0\0\xb8\x2e\0\0\0\0\0\0\x04\0\0\0\x73\0\0\0\xc8\x2e\0\0\0\0\0\0\x04\0\0\0\
\x73\0\0\0\xd8\x2e\0\0\0\0\0\0\x04\0\0\0\x73\0\0\0\xe8\x2e\0\0\0\0\0\0\x04\0\0\
\0\x73\0\0\0\xf8\x2e\0\0\0\0\0\0\x04\0\0\0\x73\0\0\0\x08\x2f\0\0\0\0\0\0\x04\0\
\0\0\x73\0\0\0\x18\x2f\0\0\0\0\0\0\x04\0\0\0\x73\0\0\0\x28\x2f\0\0\0\0\0\0\x04\
\0\0\0\x73\0\0\0\x38\x2f\0\0\0\0\0\0\x04\0\0\0\x73\0\0\0\x48\x2f\0\0\0\0\0\0\
\x04\0\0\0\x73\0\0\0\x58\x2f\0\0\0\0\0\0\x04\0\0\0\x73\0\0\0\x68\x2f\0\0\0\0\0\
\0\x04\0\0\0\x73\0\0\0\x78\x2f\0\0\0\0\0\0\x04\0\0\0\x73\0\0\0\x88\x2f\0\0\0\0\
\0\0\x04\0\0\0\x73\0\0\0\x98\x2f\0\0\0\0\0\0\x04\0\0\0\x73\0\0\0\xa8\x2f\0\0\0\
\0\0\0\x04\0\0\0\x73\0\0\0\xb8\x2f\0\0\0\0\0\0\x04\0\0\0\x73\0\0\0\xc8\x2f\0\0\
\0\0\0\0\x04\0\0\0\x73\0\0\0\xd8\x2f\0\0\0\0\0\0\x04\0\0\0\x73\0\0\0\xe8\x2f\0\
\0\0\0\0\0\x04\0\0\0\x73\0\0\0\xf8\x2f\0\0\0\0\0\0\x04\0\0\0\x73\0\0\0\x08\x30\
\0\0\0\0\0\0\x04\0\0\0\x73\0\0\0\x18\x30\0\0\0\0\0\0\x04\0\0\0\x73\0\0\0\x28\
\x30\0\0\0\0\0\0\x04\0\0\0\x73\0\0\0\x38\x30\0\0\0\0\0\0\x04\0\0\0\x73\0\0\0\
\x48\x30\0\0\0\0\0\0\x04\0\0\0\x73\0\0\0\x58\x30\0\0\0\0\0\0\x04\0\0\0\x73\0\0\
\0\x68\x30\0\0\0\0\0\0\x04\0\0\0\x73\0\0\0\x78\x30\0\0\0\0\0\0\x04\0\0\0\x73\0\
\0\0\x88\x30\0\0\0\0\0\0\x04\0\0\0\x73\0\0\0\x98\x30\0\0\0\0\0\0\x04\0\0\0\x73\
\0\0\0\xa8\x30\0\0\0\0\0\0\x04\0\0\0\x73\0\0\0\xb8\x30\0\0\0\0\0\0\x04\0\0\0\
\x73\0\0\0\xc8\x30\0\0\0\0\0\0\x04\0\0\0\x73\0\0\0\xd8\x30\0\0\0\0\0\0\x04\0\0\
\0\x73\0\0\0\xe8\x30\0\0\0\0\0\0\x04\0\0\0\x73\0\0\0\xf8\x30\0\0\0\0\0\0\x04\0\
\0\0\x73\0\0\0\x08\x31\0\0\0\0\0\0\x04\0\0\0\x73\0\0\0\x18\x31\0\0\0\0\0\0\x04\
\0\0\0\x73\0\0\0\x28\x31\0\0\0\0\0\0\x04\0\0\0\x73\0\0\0\x38\x31\0\0\0\0\0\0\
\x04\0\0\0\x73\0\0\0\x48\x31\0\0\0\0\0\0\x04\0\0\0\x73\0\0\0\x58\x31\0\0\0\0\0\
\0\x04\0\0\0\x73\0\0\0\x68\x31\0\0\0\0\0\0\x04\0\0\0\x73\0\0\0\x78\x31\0\0\0\0\
\0\0\x04\0\0\0\x73\0\0\0\x88\x31\0\0\0\0\0\0\x04\0\0\0\x73\0\0\0\x98\x31\0\0\0\
\0\0\0\x04\0\0\0\x73\0\0\0\xa8\x31\0\0\0\0\0\0\x04\0\0\0\x73\0\0\0\xb8\x31\0\0\
\0\0\0\0\x04\0\0\0\x73\0\0\0\xc8\x31\0\0\0\0\0\0\x04\0\0\0\x73\0\0\0\xd8\x31\0\
\0\0\0\0\0\x04\0\0\0\x73\0\0\0\xe8\x31\0\0\0\0\0\0\x04\0\0\0\x73\0\0\0\xf8\x31\
\0\0\0\0\0\0\x04\0\0\0\x73\0\0\0\x08\x32\0\0\0\0\0\0\x04\0\0\0\x73\0\0\0\x18\
\x32\0\0\0\0\0\0\x04\0\0\0\x73\0\0\0\x28\x32\0\0\0\0\0\0\x04\0\0\0\x73\0\0\0\
\x38\x32\0\0\0\0\0\0\x04\0\0\0\x73\0\0\0\x48\x32\0\0\0\0\0\0\x04\0\0\0\x73\0\0\
\0\x58\x32\0\0\0\0\0\0\x04\0\0\0\x73\0\0\0\x68\x32\0\0\0\0\0\0\x04\0\0\0\x73\0\
\0\0\x78\x32\0\0\0\0\0\0\x04\0\0\0\x73\0\0\0\x88\x32\0\0\0\0\0\0\x04\0\0\0\x73\
\0\0\0\x98\x32\0\0\0\0\0\0\x04\0\0\0\x73\0\0\0\xa8\x32\0\0\0\0\0\0\x04\0\0\0\
\x73\0\0\0\xb8\x32\0\0\0\0\0\0\x04\0\0\0\x73\0\0\0\xc8\x32\0\0\0\0\0\0\x04\0\0\
\0\x73\0\0\0\xd8\x32\0\0\0\0\0\0\x04\0\0\0\x73\0\0\0\xe8\x32\0\0\0\0\0\0\x04\0\
\0\0\x73\0\0\0\xf8\x32\0\0\0\0\0\0\x04\0\0\0\x73\0\0\0\x08\x33\0\0\0\0\0\0\x04\
\0\0\0\x73\0\0\0\x18\x33\0\0\0\0\0\0\x04\0\0\0\x73\0\0\0\x28\x33\0\0\0\0\0\0\
\x04\0\0\0\x73\0\0\0\x38\x33\0\0\0\0\0\0\x04\0\0\0\x73\0\0\0\x48\x33\0\0\0\0\0\
\0\x04\0\0\0\x73\0\0\0\x58\x33\0\0\0\0\0\0\x04\0\0\0\x73\0\0\0\x68\x33\0\0\0\0\
\0\0\x04\0\0\0\x73\0\0\0\x78\x33\0\0\0\0\0\0\x04\0\0\0\x73\0\0\0\x88\x33\0\0\0\
\0\0\0\x04\0\0\0\x73\0\0\0\x98\x33\0\0\0\0\0\0\x04\0\0\0\x73\0\0\0\xa8\x33\0\0\
\0\0\0\0\x04\0\0\0\x73\0\0\0\xb8\x33\0\0\0\0\0\0\x04\0\0\0\x73\0\0\0\xc8\x33\0\
\0\0\0\0\0\x04\0\0\0\x73\0\0\0\xd8\x33\0\0\0\0\0\0\x04\0\0\0\x73\0\0\0\xe8\x33\
\0\0\0\0\0\0\x04\0\0\0\x73\0\0\0\xf8\x33\0\0\0\0\0\0\x04\0\0\0\x73\0\0\0\x08\
\x34\0\0\0\0\0\0\x04\0\0\0\x73\0\0\0\x18\x34\0\0\0\0\0\0\x04\0\0\0\x73\0\0\0\
\x28\x34\0\0\0\0\0\0\x04\0\0\0\x73\0\0\0\x38\x34\0\0\0\0\0\0\x04\0\0\0\x73\0\0\
\0\x48\x34\0\0\0\0\0\0\x04\0\0\0\x73\0\0\0\x58\x34\0\0\0\0\0\0\x04\0\0\0\x73\0\
\0\0\x68\x34\0\0\0\0\0\0\x04\0\0\0\x73\0\0\0\x78\x34\0\0\0\0\0\0\x04\0\0\0\x73\
\0\0\0\x88\x34\0\0\0\0\0\0\x04\0\0\0\x73\0\0\0\x98\x34\0\0\0\0\0\0\x04\0\0\0\
\x73\0\0\0\xa8\x34\0\0\0\0\0\0\x04\0\0\0\x73\0\0\0\xb8\x34\0\0\0\0\0\0\x04\0\0\
\0\x73\0\0\0\xc8\x34\0\0\0\0\0\0\x04\0\0\0\x73\0\0\0\xd8\x34\0\0\0\0\0\0\x04\0\
\0\0\x73\0\0\0\xe8\x34\0\0\0\0\0\0\x04\0\0\0\x73\0\0\0\xf8\x34\0\0\0\0\0\0\x04\
\0\0\0\x73\0\0\0\x08\x35\0\0\0\0\0\0\x04\0\0\0\x73\0\0\0\x18\x35\0\0\0\0\0\0\
\x04\0\0\0\x73\0\0\0\x28\x35\0\0\0\0\0\0\x04\0\0\0\x73\0\0\0\x38\x35\0\0\0\0\0\
\0\x04\0\0\0\x73\0\0\0\x48\x35\0\0\0\0\0\0\x04\0\0\0\x73\0\0\0\x58\x35\0\0\0\0\
\0\0\x04\0\0\0\x73\0\0\0\x68\x35\0\0\0\0\0\0\x04\0\0\0\x73\0\0\0\x78\x35\0\0\0\
\0\0\0\x04\0\0\0\x73\0\0\0\x88\x35\0\0\0\0\0\0\x04\0\0\0\x73\0\0\0\x98\x35\0\0\
\0\0\0\0\x04\0\0\0\x73\0\0\0\xa8\x35\0\0\0\0\0\0\x04\0\0\0\x73\0\0\0\xb8\x35\0\
\0\0\0\0\0\x04\0\0\0\x73\0\0\0\xc8\x35\0\0\0\0\0\0\x04\0\0\0\x73\0\0\0\xd8\x35\
\0\0\0\0\0\0\x04\0\0\0\x73\0\0\0\xe8\x35\0\0\0\0\0\0\x04\0\0\0\x73\0\0\0\xf8\
\x35\0\0\0\0\0\0\x04\0\0\0\x73\0\0\0\x08\x36\0\0\0\0\0\0\x04\0\0\0\x73\0\0\0\
\x18\x36\0\0\0\0\0\0\x04\0\0\0\x73\0\0\0\x28\x36\0\0\0\0\0\0\x04\0\0\0\x73\0\0\
\0\x38\x36\0\0\0\0\0\0\x04\0\0\0\x73\0\0\0\x48\x36\0\0\0\0\0\0\x04\0\0\0\x73\0\
\0\0\x58\x36\0\0\0\0\0\0\x04\0\0\0\x73\0\0\0\x68\x36\0\0\0\0\0\0\x04\0\0\0\x73\
\0\0\0\x80\x36\0\0\0\0\0\0\x04\0\0\0\x99\0\0\0\x90\x36\0\0\0\0\0\0\x04\0\0\0\
\x99\0\0\0\xa0\x36\0\0\0\0\0\0\x04\0\0\0\x99\0\0\0\xb0\x36\0\0\0\0\0\0\x04\0\0\
\0\x99\0\0\0\xc0\x36\0\0\0\0\0\0\x04\0\0\0\x99\0\0\0\xd0\x36\0\0\0\0\0\0\x04\0\
\0\0\x99\0\0\0\xe0\x36\0\0\0\0\0\0\x04\0\0\0\x99\0\0\0\xf0\x36\0\0\0\0\0\0\x04\
\0\0\0\x99\0\0\0\0\x37\0\0\0\0\0\0\x04\0\0\0\x99\0\0\0\x10\x37\0\0\0\0\0\0\x04\
\0\0\0\x99\0\0\0\x20\x37\0\0\0\0\0\0\x04\0\0\0\x99\0\0\0\x30\x37\0\0\0\0\0\0\
\x04\0\0\0\x99\0\0\0\x40\x37\0\0\0\0\0\0\x04\0\0\0\x99\0\0\0\x50\x37\0\0\0\0\0\
\0\x04\0\0\0\x99\0\0\0\x60\x37\0\0\0\0\0\0\x04\0\0\0\x99\0\0\0\x70\x37\0\0\0\0\
\0\0\x04\0\0\0\x99\0\0\0\x80\x37\0\0\0\0\0\0\x04\0\0\0\x99\0\0\0\x90\x37\0\0\0\
\0\0\0\x04\0\0\0\x99\0\0\0\xa0\x37\0\0\0\0\0\0\x04\0\0\0\x99\0\0\0\xb0\x37\0\0\
\0\0\0\0\x04\0\0\0\x99\0\0\0\xc0\x37\0\0\0\0\0\0\x04\0\0\0\x99\0\0\0\xd0\x37\0\
\0\0\0\0\0\x04\0\0\0\x99\0\0\0\xe0\x37\0\0\0\0\0\0\x04\0\0\0\x99\0\0\0\xf0\x37\
\0\0\0\0\0\0\x04\0\0\0\x99\0\0\0\0\x38\0\0\0\0\0\0\x04\0\0\0\x99\0\0\0\x10\x38\
\0\0\0\0\0\0\x04\0\0\0\x99\0\0\0\x20\x38\0\0\0\0\0\0\x04\0\0\0\x99\0\0\0\x30\
\x38\0\0\0\0\0\0\x04\0\0\0\x99\0\0\0\x40\x38\0\0\0\0\0\0\x04\0\0\0\x99\0\0\0\
\x50\x38\0\0\0\0\0\0\x04\0\0\0\x99\0\0\0\x60\x38\0\0\0\0\0\0\x04\0\0\0\x99\0\0\
\0\x70\x38\0\0\0\0\0\0\x04\0\0\0\x99\0\0\0\x80\x38\0\0\0\0\0\0\x04\0\0\0\x99\0\
\0\0\x90\x38\0\0\0\0\0\0\x04\0\0\0\x99\0\0\0\xa0\x38\0\0\0\0\0\0\x04\0\0\0\x99\
\0\0\0\xb0\x38\0\0\0\0\0\0\x04\0\0\0\x99\0\0\0\xc0\x38\0\0\0\0\0\0\x04\0\0\0\
\x99\0\0\0\xd0\x38\0\0\0\0\0\0\x04\0\0\0\x99\0\0\0\xe0\x38\0\0\0\0\0\0\x04\0\0\
\0\x99\0\0\0\xf0\x38\0\0\0\0\0\0\x04\0\0\0\x99\0\0\0\0\x39\0\0\0\0\0\0\x04\0\0\
\0\x99\0\0\0\x10\x39\0\0\0\0\0\0\x04\0\0\0\x99\0\0\0\x20\x39\0\0\0\0\0\0\x04\0\
\0\0\x99\0\0\0\x30\x39\0\0\0\0\0\0\x04\0\0\0\x99\0\0\0\x40\x39\0\0\0\0\0\0\x04\
\0\0\0\x99\0\0\0\x50\x39\0\0\0\0\0\0\x04\0\0\0\x99\0\0\0\x60\x39\0\0\0\0\0\0\
\x04\0\0\0\x99\0\0\0\x70\x39\0\0\0\0\0\0\x04\0\0\0\x99\0\0\0\x80\x39\0\0\0\0\0\
\0\x04\0\0\0\x99\0\0\0\x90\x39\0\0\0\0\0\0\x04\0\0\0\x99\0\0\0\xa0\x39\0\0\0\0\
\0\0\x04\0\0\0\x99\0\0\0\xb0\x39\0\0\0\0\0\0\x04\0\0\0\x99\0\0\0\xc0\x39\0\0\0\
\0\0\0\x04\0\0\0\x99\0\0\0\xd0\x39\0\0\0\0\0\0\x04\0\0\0\x99\0\0\0\xe0\x39\0\0\
\0\0\0\0\x04\0\0\0\x99\0\0\0\xf0\x39\0\0\0\0\0\0\x04\0\0\0\x99\0\0\0\0\x3a\0\0\
\0\0\0\0\x04\0\0\0\x99\0\0\0\x10\x3a\0\0\0\0\0\0\x04\0\0\0\x99\0\0\0\x20\x3a\0\
\0\0\0\0\0\x04\0\0\0\x99\0\0\0\x30\x3a\0\0\0\0\0\0\x04\0\0\0\x99\0\0\0\x40\x3a\
\0\0\0\0\0\0\x04\0\0\0\x99\0\0\0\x50\x3a\0\0\0\0\0\0\x04\0\0\0\x99\0\0\0\x60\
\x3a\0\0\0\0\0\0\x04\0\0\0\x99\0\0\0\x70\x3a\0\0\0\0\0\0\x04\0\0\0\x99\0\0\0\
\x80\x3a\0\0\0\0\0\0\x04\0\0\0\x99\0\0\0\x90\x3a\0\0\0\0\0\0\x04\0\0\0\x99\0\0\
\0\xa0\x3a\0\0\0\0\0\0\x04\0\0\0\x99\0\0\0\xb0\x3a\0\0\0\0\0\0\x04\0\0\0\x99\0\
\0\0\xc0\x3a\0\0\0\0\0\0\x04\0\0\0\x99\0\0\0\xd0\x3a\0\0\0\0\0\0\x04\0\0\0\x99\
\0\0\0\xe0\x3a\0\0\0\0\0\0\x04\0\0\0\x99\0\0\0\xf0\x3a\0\0\0\0\0\0\x04\0\0\0\
\x99\0\0\0\0\x3b\0\0\0\0\0\0\x04\0\0\0\x99\0\0\0\x10\x3b\0\0\0\0\0\0\x04\0\0\0\
\x99\0\0\0\x20\x3b\0\0\0\0\0\0\x04\0\0\0\x99\0\0\0\x30\x3b\0\0\0\0\0\0\x04\0\0\
\0\x99\0\0\0\x40\x3b\0\0\0\0\0\0\x04\0\0\0\x99\0\0\0\x50\x3b\0\0\0\0\0\0\x04\0\
\0\0\x99\0\0\0\x60\x3b\0\0\0\0\0\0\x04\0\0\0\x99\0\0\0\x70\x3b\0\0\0\0\0\0\x04\
\0\0\0\x99\0\0\0\x80\x3b\0\0\0\0\0\0\x04\0\0\0\x99\0\0\0\x90\x3b\0\0\0\0\0\0\
\x04\0\0\0\x99\0\0\0\xa0\x3b\0\0\0\0\0\0\x04\0\0\0\x99\0\0\0\xb0\x3b\0\0\0\0\0\
\0\x04\0\0\0\x99\0\0\0\xc0\x3b\0\0\0\0\0\0\x04\0\0\0\x99\0\0\0\xd0\x3b\0\0\0\0\
\0\0\x04\0\0\0\x99\0\0\0\xe0\x3b\0\0\0\0\0\0\x04\0\0\0\x99\0\0\0\xf0\x3b\0\0\0\
\0\0\0\x04\0\0\0\x99\0\0\0\0\x3c\0\0\0\0\0\0\x04\0\0\0\x99\0\0\0\x10\x3c\0\0\0\
\0\0\0\x04\0\0\0\x99\0\0\0\x20\x3c\0\0\0\0\0\0\x04\0\0\0\x99\0\0\0\x30\x3c\0\0\
\0\0\0\0\x04\0\0\0\x99\0\0\0\x40\x3c\0\0\0\0\0\0\x04\0\0\0\x99\0\0\0\x50\x3c\0\
\0\0\0\0\0\x04\0\0\0\x99\0\0\0\x60\x3c\0\0\0\0\0\0\x04\0\0\0\x99\0\0\0\x70\x3c\
\0\0\0\0\0\0\x04\0\0\0\x99\0\0\0\x80\x3c\0\0\0\0\0\0\x04\0\0\0\x99\0\0\0\x90\
\x3c\0\0\0\0\0\0\x04\0\0\0\x99\0\0\0\xa0\x3c\0\0\0\0\0\0\x04\0\0\0\x99\0\0\0\
\xb0\x3c\0\0\0\0\0\0\x04\0\0\0\x99\0\0\0\xc0\x3c\0\0\0\0\0\0\x04\0\0\0\x99\0\0\
\0\xd0\x3c\0\0\0\0\0\0\x04\0\0\0\x99\0\0\0\xe0\x3c\0\0\0\0\0\0\x04\0\0\0\x99\0\
\0\0\xf0\x3c\0\0\0\0\0\0\x04\0\0\0\x99\0\0\0\0\x3d\0\0\0\0\0\0\x04\0\0\0\x99\0\
\0\0\x10\x3d\0\0\0\0\0\0\x04\0\0\0\x99\0\0\0\x20\x3d\0\0\0\0\0\0\x04\0\0\0\x99\
\0\0\0\x30\x3d\0\0\0\0\0\0\x04\0\0\0\x99\0\0\0\x40\x3d\0\0\0\0\0\0\x04\0\0\0\
\x99\0\0\0\x50\x3d\0\0\0\0\0\0\x04\0\0\0\x99\0\0\0\x60\x3d\0\0\0\0\0\0\x04\0\0\
\0\x99\0\0\0\x70\x3d\0\0\0\0\0\0\x04\0\0\0\x99\0\0\0\x80\x3d\0\0\0\0\0\0\x04\0\
\0\0\x99\0\0\0\x90\x3d\0\0\0\0\0\0\x04\0\0\0\x99\0\0\0\xa0\x3d\0\0\0\0\0\0\x04\
\0\0\0\x99\0\0\0\xb0\x3d\0\0\0\0\0\0\x04\0\0\0\x99\0\0\0\xc0\x3d\0\0\0\0\0\0\
\x04\0\0\0\x99\0\0\0\xd0\x3d\0\0\0\0\0\0\x04\0\0\0\x99\0\0\0\xe0\x3d\0\0\0\0\0\
\0\x04\0\0\0\x99\0\0\0\xf0\x3d\0\0\0\0\0\0\x04\0\0\0\x99\0\0\0\0\x3e\0\0\0\0\0\
\0\x04\0\0\0\x99\0\0\0\x10\x3e\0\0\0\0\0\0\x04\0\0\0\x99\0\0\0\x20\x3e\0\0\0\0\
\0\0\x04\0\0\0\x99\0\0\0\x30\x3e\0\0\0\0\0\0\x04\0\0\0\x99\0\0\0\x40\x3e\0\0\0\
\0\0\0\x04\0\0\0\x99\0\0\0\x50\x3e\0\0\0\0\0\0\x04\0\0\0\x99\0\0\0\x60\x3e\0\0\
\0\0\0\0\x04\0\0\0\x99\0\0\0\x70\x3e\0\0\0\0\0\0\x04\0\0\0\x99\0\0\0\x80\x3e\0\
\0\0\0\0\0\x04\0\0\0\x99\0\0\0\x90\x3e\0\0\0\0\0\0\x04\0\0\0\x99\0\0\0\xa0\x3e\
\0\0\0\0\0\0\x04\0\0\0\x99\0\0\0\xb0\x3e\0\0\0\0\0\0\x04\0\0\0\x99\0\0\0\xc0\
\x3e\0\0\0\0\0\0\x04\0\0\0\x99\0\0\0\xd0\x3e\0\0\0\0\0\0\x04\0\0\0\x99\0\0\0\
\xe0\x3e\0\0\0\0\0\0\x04\0\0\0\x99\0\0\0\xf0\x3e\0\0\0\0\0\0\x04\0\0\0\x99\0\0\
\0\0\x3f\0\0\0\0\0\0\x04\0\0\0\x99\0\0\0\x10\x3f\0\0\0\0\0\0\x04\0\0\0\x99\0\0\
\0\x20\x3f\0\0\0\0\0\0\x04\0\0\0\x99\0\0\0\x30\x3f\0\0\0\0\0\0\x04\0\0\0\x99\0\
\0\0\x40\x3f\0\0\0\0\0\0\x04\0\0\0\x99\0\0\0\x50\x3f\0\0\0\0\0\0\x04\0\0\0\x99\
\0\0\0\x60\x3f\0\0\0\0\0\0\x04\0\0\0\x99\0\0\0\x70\x3f\0\0\0\0\0\0\x04\0\0\0\
\x99\0\0\0\x80\x3f\0\0\0\0\0\0\x04\0\0\0\x99\0\0\0\x90\x3f\0\0\0\0\0\0\x04\0\0\
\0\x99\0\0\0\xa0\x3f\0\0\0\0\0\0\x04\0\0\0\x99\0\0\0\xb0\x3f\0\0\0\0\0\0\x04\0\
\0\0\x99\0\0\0\xc0\x3f\0\0\0\0\0\0\x04\0\0\0\x99\0\0\0\xd0\x3f\0\0\0\0\0\0\x04\
\0\0\0\x99\0\0\0\xe0\x3f\0\0\0\0\0\0\x04\0\0\0\x99\0\0\0\xf0\x3f\0\0\0\0\0\0\
\x04\0\0\0\x99\0\0\0\0\x40\0\0\0\0\0\0\x04\0\0\0\x99\0\0\0\x10\x40\0\0\0\0\0\0\
\x04\0\0\0\x99\0\0\0\x20\x40\0\0\0\0\0\0\x04\0\0\0\x99\0\0\0\x30\x40\0\0\0\0\0\
\0\x04\0\0\0\x99\0\0\0\x40\x40\0\0\0\0\0\0\x04\0\0\0\x99\0\0\0\x50\x40\0\0\0\0\
\0\0\x04\0\0\0\x99\0\0\0\x60\x40\0\0\0\0\0\0\x04\0\0\0\x99\0\0\0\x70\x40\0\0\0\
\0\0\0\x04\0\0\0\x99\0\0\0\x80\x40\0\0\0\0\0\0\x04\0\0\0\x99\0\0\0\x90\x40\0\0\
\0\0\0\0\x04\0\0\0\x99\0\0\0\xa0\x40\0\0\0\0\0\0\x04\0\0\0\x99\0\0\0\xb8\x40\0\
\0\0\0\0\0\x04\0\0\0\xbe\0\0\0\xc8\x40\0\0\0\0\0\0\x04\0\0\0\xbe\0\0\0\xd8\x40\
\0\0\0\0\0\0\x04\0\0\0\xbe\0\0\0\xe8\x40\0\0\0\0\0\0\x04\0\0\0\xbe\0\0\0\xf8\
\x40\0\0\0\0\0\0\x04\0\0\0\xbe\0\0\0\x08\x41\0\0\0\0\0\0\x04\0\0\0\xbe\0\0\0\
\x18\x41\0\0\0\0\0\0\x04\0\0\0\xbe\0\0\0\x30\x41\0\0\0\0\0\0\x04\0\0\0\xc1\0\0\
\0\x40\x41\0\0\0\0\0\0\x04\0\0\0\xc1\0\0\0\x50\x41\0\0\0\0\0\0\x04\0\0\0\xc1\0\
\0\0\x60\x41\0\0\0\0\0\0\x04\0\0\0\xc1\0\0\0\x70\x41\0\0\0\0\0\0\x04\0\0\0\xc1\
\0\0\0\x80\x41\0\0\0\0\0\0\x04\0\0\0\xc1\0\0\0\x90\x41\0\0\0\0\0\0\x04\0\0\0\
\xc1\0\0\0\xa0\x41\0\0\0\0\0\0\x04\0\0\0\xc1\0\0\0\xb0\x41\0\0\0\0\0\0\x04\0\0\
\0\xc1\0\0\0\xc0\x41\0\0\0\0\0\0\x04\0\0\0\xc1\0\0\0\xd0\x41\0\0\0\0\0\0\x04\0\
\0\0\xc1\0\0\0\xe0\x41\0\0\0\0\0\0\x04\0\0\0\xc1\0\0\0\xf0\x41\0\0\0\0\0\0\x04\
\0\0\0\xc1\0\0\0\0\x42\0\0\0\0\0\0\x04\0\0\0\xc1\0\0\0\x10\x42\0\0\0\0\0\0\x04\
\0\0\0\xc1\0\0\0\x20\x42\0\0\0\0\0\0\x04\0\0\0\xc1\0\0\0\x30\x42\0\0\0\0\0\0\
\x04\0\0\0\xc1\0\0\0\x40\x42\0\0\0\0\0\0\x04\0\0\0\xc1\0\0\0\x50\x42\0\0\0\0\0\
\0\x04\0\0\0\xc1\0\0\0\x60\x42\0\0\0\0\0\0\x04\0\0\0\xc1\0\0\0\x70\x42\0\0\0\0\
\0\0\x04\0\0\0\xc1\0\0\0\x80\x42\0\0\0\0\0\0\x04\0\0\0\xc1\0\0\0\x90\x42\0\0\0\
\0\0\0\x04\0\0\0\xc1\0\0\0\xa0\x42\0\0\0\0\0\0\x04\0\0\0\xc1\0\0\0\xb0\x42\0\0\
\0\0\0\0\x04\0\0\0\xc1\0\0\0\xc0\x42\0\0\0\0\0\0\x04\0\0\0\xc1\0\0\0\xd0\x42\0\
\0\0\0\0\0\x04\0\0\0\xc1\0\0\0\xe0\x42\0\0\0\0\0\0\x04\0\0\0\xc1\0\0\0\xf0\x42\
\0\0\0\0\0\0\x04\0\0\0\xc1\0\0\0\0\x43\0\0\0\0\0\0\x04\0\0\0\xc1\0\0\0\x10\x43\
\0\0\0\0\0\0\x04\0\0\0\xc1\0\0\0\x20\x43\0\0\0\0\0\0\x04\0\0\0\xc1\0\0\0\x30\
\x43\0\0\0\0\0\0\x04\0\0\0\xc1\0\0\0\x40\x43\0\0\0\0\0\0\x04\0\0\0\xc1\0\0\0\
\x50\x43\0\0\0\0\0\0\x04\0\0\0\xc1\0\0\0\x60\x43\0\0\0\0\0\0\x04\0\0\0\xc1\0\0\
\0\x70\x43\0\0\0\0\0\0\x04\0\0\0\xc1\0\0\0\x80\x43\0\0\0\0\0\0\x04\0\0\0\xc1\0\
\0\0\x90\x43\0\0\0\0\0\0\x04\0\0\0\xc1\0\0\0\xa0\x43\0\0\0\0\0\0\x04\0\0\0\xc1\
\0\0\0\xb0\x43\0\0\0\0\0\0\x04\0\0\0\xc1\0\0\0\xc0\x43\0\0\0\0\0\0\x04\0\0\0\
\xc1\0\0\0\xd0\x43\0\0\0\0\0\0\x04\0\0\0\xc1\0\0\0\xe0\x43\0\0\0\0\0\0\x04\0\0\
\0\xc1\0\0\0\xf0\x43\0\0\0\0\0\0\x04\0\0\0\xc1\0\0\0\0\x44\0\0\0\0\0\0\x04\0\0\
\0\xc1\0\0\0\x10\x44\0\0\0\0\0\0\x04\0\0\0\xc1\0\0\0\x20\x44\0\0\0\0\0\0\x04\0\
\0\0\xc1\0\0\0\x30\x44\0\0\0\0\0\0\x04\0\0\0\xc1\0\0\0\x40\x44\0\0\0\0\0\0\x04\
\0\0\0\xc1\0\0\0\x50\x44\0\0\0\0\0\0\x04\0\0\0\xc1\0\0\0\x60\x44\0\0\0\0\0\0\
\x04\0\0\0\xc1\0\0\0\x70\x44\0\0\0\0\0\0\x04\0\0\0\xc1\0\0\0\x80\x44\0\0\0\0\0\
\0\x04\0\0\0\xc1\0\0\0\x90\x44\0\0\0\0\0\0\x04\0\0\0\xc1\0\0\0\xa0\x44\0\0\0\0\
\0\0\x04\0\0\0\xc1\0\0\0\xb0\x44\0\0\0\0\0\0\x04\0\0\0\xc1\0\0\0\xc0\x44\0\0\0\
\0\0\0\x04\0\0\0\xc1\0\0\0\xd0\x44\0\0\0\0\0\0\x04\0\0\0\xc1\0\0\0\xe0\x44\0\0\
\0\0\0\0\x04\0\0\0\xc1\0\0\0\xf0\x44\0\0\0\0\0\0\x04\0\0\0\xc1\0\0\0\0\x45\0\0\
\0\0\0\0\x04\0\0\0\xc1\0\0\0\x10\x45\0\0\0\0\0\0\x04\0\0\0\xc1\0\0\0\x20\x45\0\
\0\0\0\0\0\x04\0\0\0\xc1\0\0\0\x30\x45\0\0\0\0\0\0\x04\0\0\0\xc1\0\0\0\x40\x45\
\0\0\0\0\0\0\x04\0\0\0\xc1\0\0\0\x50\x45\0\0\0\0\0\0\x04\0\0\0\xc1\0\0\0\x60\
\x45\0\0\0\0\0\0\x04\0\0\0\xc1\0\0\0\x70\x45\0\0\0\0\0\0\x04\0\0\0\xc1\0\0\0\
\x80\x45\0\0\0\0\0\0\x04\0\0\0\xc1\0\0\0\x90\x45\0\0\0\0\0\0\x04\0\0\0\xc1\0\0\
\0\xa0\x45\0\0\0\0\0\0\x04\0\0\0\xc1\0\0\0\xb0\x45\0\0\0\0\0\0\x04\0\0\0\xc1\0\
\0\0\xc0\x45\0\0\0\0\0\0\x04\0\0\0\xc1\0\0\0\xd0\x45\0\0\0\0\0\0\x04\0\0\0\xc1\
\0\0\0\xe0\x45\0\0\0\0\0\0\x04\0\0\0\xc1\0\0\0\xf0\x45\0\0\0\0\0\0\x04\0\0\0\
\xc1\0\0\0\0\x46\0\0\0\0\0\0\x04\0\0\0\xc1\0\0\0\x10\x46\0\0\0\0\0\0\x04\0\0\0\
\xc1\0\0\0\x20\x46\0\0\0\0\0\0\x04\0\0\0\xc1\0\0\0\x30\x46\0\0\0\0\0\0\x04\0\0\
\0\xc1\0\0\0\x40\x46\0\0\0\0\0\0\x04\0\0\0\xc1\0\0\0\x50\x46\0\0\0\0\0\0\x04\0\
\0\0\xc1\0\0\0\x60\x46\0\0\0\0\0\0\x04\0\0\0\xc1\0\0\0\x70\x46\0\0\0\0\0\0\x04\
\0\0\0\xc1\0\0\0\x80\x46\0\0\0\0\0\0\x04\0\0\0\xc1\0\0\0\x90\x46\0\0\0\0\0\0\
\x04\0\0\0\xc1\0\0\0\xa0\x46\0\0\0\0\0\0\x04\0\0\0\xc1\0\0\0\xb0\x46\0\0\0\0\0\
\0\x04\0\0\0\xc1\0\0\0\xc0\x46\0\0\0\0\0\0\x04\0\0\0\xc1\0\0\0\xd0\x46\0\0\0\0\
\0\0\x04\0\0\0\xc1\0\0\0\xe0\x46\0\0\0\0\0\0\x04\0\0\0\xc1\0\0\0\xf0\x46\0\0\0\
\0\0\0\x04\0\0\0\xc1\0\0\0\0\x47\0\0\0\0\0\0\x04\0\0\0\xc1\0\0\0\x10\x47\0\0\0\
\0\0\0\x04\0\0\0\xc1\0\0\0\x20\x47\0\0\0\0\0\0\x04\0\0\0\xc1\0\0\0\x30\x47\0\0\
\0\0\0\0\x04\0\0\0\xc1\0\0\0\x40\x47\0\0\0\0\0\0\x04\0\0\0\xc1\0\0\0\x50\x47\0\
\0\0\0\0\0\x04\0\0\0\xc1\0\0\0\x60\x47\0\0\0\0\0\0\x04\0\0\0\xc1\0\0\0\x70\x47\
\0\0\0\0\0\0\x04\0\0\0\xc1\0\0\0\x80\x47\0\0\0\0\0\0\x04\0\0\0\xc1\0\0\0\x90\
\x47\0\0\0\0\0\0\x04\0\0\0\xc1\0\0\0\xa0\x47\0\0\0\0\0\0\x04\0\0\0\xc1\0\0\0\
\xb0\x47\0\0\0\0\0\0\x04\0\0\0\xc1\0\0\0\xc0\x47\0\0\0\0\0\0\x04\0\0\0\xc1\0\0\
\0\xd0\x47\0\0\0\0\0\0\x04\0\0\0\xc1\0\0\0\xe0\x47\0\0\0\0\0\0\x04\0\0\0\xc1\0\
\0\0\xf8\x47\0\0\0\0\0\0\x04\0\0\0\xd7\0\0\0\x08\x48\0\0\0\0\0\0\x04\0\0\0\xd7\
\0\0\0\x18\x48\0\0\0\0\0\0\x04\0\0\0\xd7\0\0\0\x28\x48\0\0\0\0\0\0\x04\0\0\0\
\xd7\0\0\0\x38\x48\0\0\0\0\0\0\x04\0\0\0\xd7\0\0\0\x48\x48\0\0\0\0\0\0\x04\0\0\
\0\xd7\0\0\0\x58\x48\0\0\0\0\0\0\x04\0\0\0\xd7\0\0\0\x68\x48\0\0\0\0\0\0\x04\0\
\0\0\xd7\0\0\0\x78\x48\0\0\0\0\0\0\x04\0\0\0\xd7\0\0\0\x88\x48\0\0\0\0\0\0\x04\
\0\0\0\xd7\0\0\0\x98\x48\0\0\0\0\0\0\x04\0\0\0\xd7\0\0\0\xa8\x48\0\0\0\0\0\0\
\x04\0\0\0\xd7\0\0\0\xb8\x48\0\0\0\0\0\0\x04\0\0\0\xd7\0\0\0\xc8\x48\0\0\0\0\0\
\0\x04\0\0\0\xd7\0\0\0\xd8\x48\0\0\0\0\0\0\x04\0\0\0\xd7\0\0\0\xe8\x48\0\0\0\0\
\0\0\x04\0\0\0\xd7\0\0\0\xf8\x48\0\0\0\0\0\0\x04\0\0\0\xd7\0\0\0\x08\x49\0\0\0\
\0\0\0\x04\0\0\0\xd7\0\0\0\x18\x49\0\0\0\0\0\0\x04\0\0\0\xd7\0\0\0\x28\x49\0\0\
\0\0\0\0\x04\0\0\0\xd7\0\0\0\x38\x49\0\0\0\0\0\0\x04\0\0\0\xd7\0\0\0\x48\x49\0\
\0\0\0\0\0\x04\0\0\0\xd7\0\0\0\x58\x49\0\0\0\0\0\0\x04\0\0\0\xd7\0\0\0\x68\x49\
\0\0\0\0\0\0\x04\0\0\0\xd7\0\0\0\x78\x49\0\0\0\0\0\0\x04\0\0\0\xd7\0\0\0\x88\
\x49\0\0\0\0\0\0\x04\0\0\0\xd7\0\0\0\x98\x49\0\0\0\0\0\0\x04\0\0\0\xd7\0\0\0\
\xa8\x49\0\0\0\0\0\0\x04\0\0\0\xd7\0\0\0\xb8\x49\0\0\0\0\0\0\x04\0\0\0\xd7\0\0\
\0\xc8\x49\0\0\0\0\0\0\x04\0\0\0\xd7\0\0\0\xd8\x49\0\0\0\0\0\0\x04\0\0\0\xd7\0\
\0\0\xe8\x49\0\0\0\0\0\0\x04\0\0\0\xd7\0\0\0\xf8\x49\0\0\0\0\0\0\x04\0\0\0\xd7\
\0\0\0\x08\x4a\0\0\0\0\0\0\x04\0\0\0\xd7\0\0\0\x18\x4a\0\0\0\0\0\0\x04\0\0\0\
\xd7\0\0\0\x28\x4a\0\0\0\0\0\0\x04\0\0\0\xd7\0\0\0\x38\x4a\0\0\0\0\0\0\x04\0\0\
\0\xd7\0\0\0\x48\x4a\0\0\0\0\0\0\x04\0\0\0\xd7\0\0\0\x58\x4a\0\0\0\0\0\0\x04\0\
\0\0\xd7\0\0\0\x68\x4a\0\0\0\0\0\0\x04\0\0\0\xd7\0\0\0\x78\x4a\0\0\0\0\0\0\x04\
\0\0\0\xd7\0\0\0\x88\x4a\0\0\0\0\0\0\x04\0\0\0\xd7\0\0\0\x98\x4a\0\0\0\0\0\0\
\x04\0\0\0\xd7\0\0\0\xa8\x4a\0\0\0\0\0\0\x04\0\0\0\xd7\0\0\0\xb8\x4a\0\0\0\0\0\
\0\x04\0\0\0\xd7\0\0\0\xc8\x4a\0\0\0\0\0\0\x04\0\0\0\xd7\0\0\0\xd8\x4a\0\0\0\0\
\0\0\x04\0\0\0\xd7\0\0\0\xe8\x4a\0\0\0\0\0\0\x04\0\0\0\xd7\0\0\0\xf8\x4a\0\0\0\
\0\0\0\x04\0\0\0\xd7\0\0\0\x08\x4b\0\0\0\0\0\0\x04\0\0\0\xd7\0\0\0\x18\x4b\0\0\
\0\0\0\0\x04\0\0\0\xd7\0\0\0\x28\x4b\0\0\0\0\0\0\x04\0\0\0\xd7\0\0\0\x38\x4b\0\
\0\0\0\0\0\x04\0\0\0\xd7\0\0\0\x48\x4b\0\0\0\0\0\0\x04\0\0\0\xd7\0\0\0\x58\x4b\
\0\0\0\0\0\0\x04\0\0\0\xd7\0\0\0\x68\x4b\0\0\0\0\0\0\x04\0\0\0\xd7\0\0\0\x78\
\x4b\0\0\0\0\0\0\x04\0\0\0\xd7\0\0\0\x88\x4b\0\0\0\0\0\0\x04\0\0\0\xd7\0\0\0\
\x98\x4b\0\0\0\0\0\0\x04\0\0\0\xd7\0\0\0\xa8\x4b\0\0\0\0\0\0\x04\0\0\0\xd7\0\0\
\0\xb8\x4b\0\0\0\0\0\0\x04\0\0\0\xd7\0\0\0\xc8\x4b\0\0\0\0\0\0\x04\0\0\0\xd7\0\
\0\0\xd8\x4b\0\0\0\0\0\0\x04\0\0\0\xd7\0\0\0\xe8\x4b\0\0\0\0\0\0\x04\0\0\0\xd7\
\0\0\0\xf8\x4b\0\0\0\0\0\0\x04\0\0\0\xd7\0\0\0\x08\x4c\0\0\0\0\0\0\x04\0\0\0\
\xd7\0\0\0\x18\x4c\0\0\0\0\0\0\x04\0\0\0\xd7\0\0\0\x28\x4c\0\0\0\0\0\0\x04\0\0\
\0\xd7\0\0\0\x38\x4c\0\0\0\0\0\0\x04\0\0\0\xd7\0\0\0\x48\x4c\0\0\0\0\0\0\x04\0\
\0\0\xd7\0\0\0\x58\x4c\0\0\0\0\0\0\x04\0\0\0\xd7\0\0\0\x68\x4c\0\0\0\0\0\0\x04\
\0\0\0\xd7\0\0\0\x78\x4c\0\0\0\0\0\0\x04\0\0\0\xd7\0\0\0\x88\x4c\0\0\0\0\0\0\
\x04\0\0\0\xd7\0\0\0\x98\x4c\0\0\0\0\0\0\x04\0\0\0\xd7\0\0\0\xa8\x4c\0\0\0\0\0\
\0\x04\0\0\0\xd7\0\0\0\xb8\x4c\0\0\0\0\0\0\x04\0\0\0\xd7\0\0\0\xc8\x4c\0\0\0\0\
\0\0\x04\0\0\0\xd7\0\0\0\xd8\x4c\0\0\0\0\0\0\x04\0\0\0\xd7\0\0\0\xe8\x4c\0\0\0\
\0\0\0\x04\0\0\0\xd7\0\0\0\xf8\x4c\0\0\0\0\0\0\x04\0\0\0\xd7\0\0\0\x08\x4d\0\0\
\0\0\0\0\x04\0\0\0\xd7\0\0\0\x18\x4d\0\0\0\0\0\0\x04\0\0\0\xd7\0\0\0\x28\x4d\0\
\0\0\0\0\0\x04\0\0\0\xd7\0\0\0\x38\x4d\0\0\0\0\0\0\x04\0\0\0\xd7\0\0\0\x48\x4d\
\0\0\0\0\0\0\x04\0\0\0\xd7\0\0\0\x58\x4d\0\0\0\0\0\0\x04\0\0\0\xd7\0\0\0\x68\
\x4d\0\0\0\0\0\0\x04\0\0\0\xd7\0\0\0\x78\x4d\0\0\0\0\0\0\x04\0\0\0\xd7\0\0\0\
\x88\x4d\0\0\0\0\0\0\x04\0\0\0\xd7\0\0\0\x98\x4d\0\0\0\0\0\0\x04\0\0\0\xd7\0\0\
\0\xa8\x4d\0\0\0\0\0\0\x04\0\0\0\xd7\0\0\0\xb8\x4d\0\0\0\0\0\0\x04\0\0\0\xd7\0\
\0\0\xc8\x4d\0\0\0\0\0\0\x04\0\0\0\xd7\0\0\0\xd8\x4d\0\0\0\0\0\0\x04\0\0\0\xd7\
\0\0\0\xe8\x4d\0\0\0\0\0\0\x04\0\0\0\xd7\0\0\0\xf8\x4d\0\0\0\0\0\0\x04\0\0\0\
\xd7\0\0\0\x08\x4e\0\0\0\0\0\0\x04\0\0\0\xd7\0\0\0\x18\x4e\0\0\0\0\0\0\x04\0\0\
\0\xd7\0\0\0\x28\x4e\0\0\0\0\0\0\x04\0\0\0\xd7\0\0\0\x38\x4e\0\0\0\0\0\0\x04\0\
\0\0\xd7\0\0\0\x48\x4e\0\0\0\0\0\0\x04\0\0\0\xd7\0\0\0\x58\x4e\0\0\0\0\0\0\x04\
\0\0\0\xd7\0\0\0\x68\x4e\0\0\0\0\0\0\x04\0\0\0\xd7\0\0\0\x78\x4e\0\0\0\0\0\0\
\x04\0\0\0\xd7\0\0\0\x88\x4e\0\0\0\0\0\0\x04\0\0\0\xd7\0\0\0\x98\x4e\0\0\0\0\0\
\0\x04\0\0\0\xd7\0\0\0\xa8\x4e\0\0\0\0\0\0\x04\0\0\0\xd7\0\0\0\xc4\x4e\0\0\0\0\
\0\0\x04\0\0\0\x01\0\0\0\xd4\x4e\0\0\0\0\0\0\x04\0\0\0\x01\0\0\0\xe4\x4e\0\0\0\
\0\0\0\x04\0\0\0\x01\0\0\0\xf4\x4e\0\0\0\0\0\0\x04\0\0\0\x01\0\0\0\x04\x4f\0\0\
\0\0\0\0\x04\0\0\0\x01\0\0\0\x14\x4f\0\0\0\0\0\0\x04\0\0\0\x01\0\0\0\x24\x4f\0\
\0\0\0\0\0\x04\0\0\0\x01\0\0\0\x34\x4f\0\0\0\0\0\0\x04\0\0\0\x01\0\0\0\x44\x4f\
\0\0\0\0\0\0\x04\0\0\0\x01\0\0\0\x54\x4f\0\0\0\0\0\0\x04\0\0\0\x01\0\0\0\x64\
\x4f\0\0\0\0\0\0\x04\0\0\0\x01\0\0\0\x74\x4f\0\0\0\0\0\0\x04\0\0\0\x01\0\0\0\
\x84\x4f\0\0\0\0\0\0\x04\0\0\0\x01\0\0\0\x94\x4f\0\0\0\0\0\0\x04\0\0\0\x01\0\0\
\0\xa4\x4f\0\0\0\0\0\0\x04\0\0\0\x01\0\0\0\xb4\x4f\0\0\0\0\0\0\x04\0\0\0\x01\0\
\0\0\xc4\x4f\0\0\0\0\0\0\x04\0\0\0\x01\0\0\0\xd4\x4f\0\0\0\0\0\0\x04\0\0\0\x01\
\0\0\0\xe4\x4f\0\0\0\0\0\0\x04\0\0\0\x01\0\0\0\xf4\x4f\0\0\0\0\0\0\x04\0\0\0\
\x01\0\0\0\x04\x50\0\0\0\0\0\0\x04\0\0\0\x01\0\0\0\x14\x50\0\0\0\0\0\0\x04\0\0\
\0\x01\0\0\0\x24\x50\0\0\0\0\0\0\x04\0\0\0\x01\0\0\0\x34\x50\0\0\0\0\0\0\x04\0\
\0\0\x01\0\0\0\x44\x50\0\0\0\0\0\0\x04\0\0\0\x01\0\0\0\x5c\x50\0\0\0\0\0\0\x04\
\0\0\0\x16\0\0\0\x6c\x50\0\0\0\0\0\0\x04\0\0\0\x16\0\0\0\x7c\x50\0\0\0\0\0\0\
\x04\0\0\0\x16\0\0\0\x8c\x50\0\0\0\0\0\0\x04\0\0\0\x16\0\0\0\x9c\x50\0\0\0\0\0\
\0\x04\0\0\0\x16\0\0\0\xac\x50\0\0\0\0\0\0\x04\0\0\0\x16\0\0\0\xbc\x50\0\0\0\0\
\0\0\x04\0\0\0\x16\0\0\0\xcc\x50\0\0\0\0\0\0\x04\0\0\0\x16\0\0\0\xdc\x50\0\0\0\
\0\0\0\x04\0\0\0\x16\0\0\0\xec\x50\0\0\0\0\0\0\x04\0\0\0\x16\0\0\0\xfc\x50\0\0\
\0\0\0\0\x04\0\0\0\x16\0\0\0\x0c\x51\0\0\0\0\0\0\x04\0\0\0\x16\0\0\0\x1c\x51\0\
\0\0\0\0\0\x04\0\0\0\x16\0\0\0\x2c\x51\0\0\0\0\0\0\x04\0\0\0\x16\0\0\0\x3c\x51\
\0\0\0\0\0\0\x04\0\0\0\x16\0\0\0\x4c\x51\0\0\0\0\0\0\x04\0\0\0\x16\0\0\0\x5c\
\x51\0\0\0\0\0\0\x04\0\0\0\x16\0\0\0\x6c\x51\0\0\0\0\0\0\x04\0\0\0\x16\0\0\0\
\x7c\x51\0\0\0\0\0\0\x04\0\0\0\x16\0\0\0\x8c\x51\0\0\0\0\0\0\x04\0\0\0\x16\0\0\
\0\x9c\x51\0\0\0\0\0\0\x04\0\0\0\x16\0\0\0\xac\x51\0\0\0\0\0\0\x04\0\0\0\x16\0\
\0\0\xc4\x51\0\0\0\0\0\0\x04\0\0\0\x2b\0\0\0\xd4\x51\0\0\0\0\0\0\x04\0\0\0\x2b\
\0\0\0\xe4\x51\0\0\0\0\0\0\x04\0\0\0\x2b\0\0\0\xf4\x51\0\0\0\0\0\0\x04\0\0\0\
\x2b\0\0\0\x04\x52\0\0\0\0\0\0\x04\0\0\0\x2b\0\0\0\x14\x52\0\0\0\0\0\0\x04\0\0\
\0\x2b\0\0\0\x24\x52\0\0\0\0\0\0\x04\0\0\0\x2b\0\0\0\x34\x52\0\0\0\0\0\0\x04\0\
\0\0\x2b\0\0\0\x44\x52\0\0\0\0\0\0\x04\0\0\0\x2b\0\0\0\x54\x52\0\0\0\0\0\0\x04\
\0\0\0\x2b\0\0\0\x64\x52\0\0\0\0\0\0\x04\0\0\0\x2b\0\0\0\x74\x52\0\0\0\0\0\0\
\x04\0\0\0\x2b\0\0\0\x84\x52\0\0\0\0\0\0\x04\0\0\0\x2b\0\0\0\x94\x52\0\0\0\0\0\
\0\x04\0\0\0\x2b\0\0\0\xa4\x52\0\0\0\0\0\0\x04\0\0\0\x2b\0\0\0\xb4\x52\0\0\0\0\
\0\0\x04\0\0\0\x2b\0\0\0\xc4\x52\0\0\0\0\0\0\x04\0\0\0\x2b\0\0\0\xd4\x52\0\0\0\
\0\0\0\x04\0\0\0\x2b\0\0\0\xe4\x52\0\0\0\0\0\0\x04\0\0\0\x2b\0\0\0\xf4\x52\0\0\
\0\0\0\0\x04\0\0\0\x2b\0\0\0\x04\x53\0\0\0\0\0\0\x04\0\0\0\x2b\0\0\0\x14\x53\0\
\0\0\0\0\0\x04\0\0\0\x2b\0\0\0\x2c\x53\0\0\0\0\0\0\x04\0\0\0\x3d\0\0\0\x3c\x53\
\0\0\0\0\0\0\x04\0\0\0\x3d\0\0\0\x4c\x53\0\0\0\0\0\0\x04\0\0\0\x3d\0\0\0\x5c\
\x53\0\0\0\0\0\0\x04\0\0\0\x3d\0\0\0\x6c\x53\0\0\0\0\0\0\x04\0\0\0\x3d\0\0\0\
\x7c\x53\0\0\0\0\0\0\x04\0\0\0\x3d\0\0\0\x8c\x53\0\0\0\0\0\0\x04\0\0\0\x3d\0\0\
\0\x9c\x53\0\0\0\0\0\0\x04\0\0\0\x3d\0\0\0\xac\x53\0\0\0\0\0\0\x04\0\0\0\x3d\0\
\0\0\xbc\x53\0\0\0\0\0\0\x04\0\0\0\x3d\0\0\0\xcc\x53\0\0\0\0\0\0\x04\0\0\0\x3d\
\0\0\0\xdc\x53\0\0\0\0\0\0\x04\0\0\0\x3d\0\0\0\xec\x53\0\0\0\0\0\0\x04\0\0\0\
\x3d\0\0\0\xfc\x53\0\0\0\0\0\0\x04\0\0\0\x3d\0\0\0\x0c\x54\0\0\0\0\0\0\x04\0\0\
\0\x3d\0\0\0\x1c\x54\0\0\0\0\0\0\x04\0\0\0\x3d\0\0\0\x2c\x54\0\0\0\0\0\0\x04\0\
\0\0\x3d\0\0\0\x3c\x54\0\0\0\0\0\0\x04\0\0\0\x3d\0\0\0\x4c\x54\0\0\0\0\0\0\x04\
\0\0\0\x3d\0\0\0\x5c\x54\0\0\0\0\0\0\x04\0\0\0\x3d\0\0\0\x6c\x54\0\0\0\0\0\0\
\x04\0\0\0\x3d\0\0\0\x7c\x54\0\0\0\0\0\0\x04\0\0\0\x3d\0\0\0\x8c\x54\0\0\0\0\0\
\0\x04\0\0\0\x3d\0\0\0\x9c\x54\0\0\0\0\0\0\x04\0\0\0\x3d\0\0\0\xac\x54\0\0\0\0\
\0\0\x04\0\0\0\x3d\0\0\0\xbc\x54\0\0\0\0\0\0\x04\0\0\0\x3d\0\0\0\xcc\x54\0\0\0\
\0\0\0\x04\0\0\0\x3d\0\0\0\xdc\x54\0\0\0\0\0\0\x04\0\0\0\x3d\0\0\0\xec\x54\0\0\
\0\0\0\0\x04\0\0\0\x3d\0\0\0\xfc\x54\0\0\0\0\0\0\x04\0\0\0\x3d\0\0\0\x14\x55\0\
\0\0\0\0\0\x04\0\0\0\x58\0\0\0\x24\x55\0\0\0\0\0\0\x04\0\0\0\x58\0\0\0\x34\x55\
\0\0\0\0\0\0\x04\0\0\0\x58\0\0\0\x44\x55\0\0\0\0\0\0\x04\0\0\0\x58\0\0\0\x54\
\x55\0\0\0\0\0\0\x04\0\0\0\x58\0\0\0\x64\x55\0\0\0\0\0\0\x04\0\0\0\x58\0\0\0\
\x74\x55\0\0\0\0\0\0\x04\0\0\0\x58\0\0\0\x84\x55\0\0\0\0\0\0\x04\0\0\0\x58\0\0\
\0\x94\x55\0\0\0\0\0\0\x04\0\0\0\x58\0\0\0\xa4\x55\0\0\0\0\0\0\x04\0\0\0\x58\0\
\0\0\xb4\x55\0\0\0\0\0\0\x04\0\0\0\x58\0\0\0\xc4\x55\0\0\0\0\0\0\x04\0\0\0\x58\
\0\0\0\xd4\x55\0\0\0\0\0\0\x04\0\0\0\x58\0\0\0\xe4\x55\0\0\0\0\0\0\x04\0\0\0\
\x58\0\0\0\xf4\x55\0\0\0\0\0\0\x04\0\0\0\x58\0\0\0\x04\x56\0\0\0\0\0\0\x04\0\0\
\0\x58\0\0\0\x14\x56\0\0\0\0\0\0\x04\0\0\0\x58\0\0\0\x24\x56\0\0\0\0\0\0\x04\0\
\0\0\x58\0\0\0\x34\x56\0\0\0\0\0\0\x04\0\0\0\x58\0\0\0\x44\x56\0\0\0\0\0\0\x04\
\0\0\0\x58\0\0\0\x54\x56\0\0\0\0\0\0\x04\0\0\0\x58\0\0\0\x64\x56\0\0\0\0\0\0\
\x04\0\0\0\x58\0\0\0\x74\x56\0\0\0\0\0\0\x04\0\0\0\x58\0\0\0\x84\x56\0\0\0\0\0\
\0\x04\0\0\0\x58\0\0\0\x94\x56\0\0\0\0\0\0\x04\0\0\0\x58\0\0\0\xa4\x56\0\0\0\0\
\0\0\x04\0\0\0\x58\0\0\0\xb4\x56\0\0\0\0\0\0\x04\0\0\0\x58\0\0\0\xc4\x56\0\0\0\
\0\0\0\x04\0\0\0\x58\0\0\0\xd4\x56\0\0\0\0\0\0\x04\0\0\0\x58\0\0\0\xe4\x56\0\0\
\0\0\0\0\x04\0\0\0\x58\0\0\0\xfc\x56\0\0\0\0\0\0\x04\0\0\0\x73\0\0\0\x0c\x57\0\
\0\0\0\0\0\x04\0\0\0\x73\0\0\0\x1c\x57\0\0\0\0\0\0\x04\0\0\0\x73\0\0\0\x2c\x57\
\0\0\0\0\0\0\x04\0\0\0\x73\0\0\0\x3c\x57\0\0\0\0\0\0\x04\0\0\0\x73\0\0\0\x4c\
\x57\0\0\0\0\0\0\x04\0\0\0\x73\0\0\0\x5c\x57\0\0\0\0\0\0\x04\0\0\0\x73\0\0\0\
\x6c\x57\0\0\0\0\0\0\x04\0\0\0\x73\0\0\0\x7c\x57\0\0\0\0\0\0\x04\0\0\0\x73\0\0\
\0\x8c\x57\0\0\0\0\0\0\x04\0\0\0\x73\0\0\0\x9c\x57\0\0\0\0\0\0\x04\0\0\0\x73\0\
\0\0\xac\x57\0\0\0\0\0\0\x04\0\0\0\x73\0\0\0\xbc\x57\0\0\0\0\0\0\x04\0\0\0\x73\
\0\0\0\xcc\x57\0\0\0\0\0\0\x04\0\0\0\x73\0\0\0\xdc\x57\0\0\0\0\0\0\x04\0\0\0\
\x73\0\0\0\xec\x57\0\0\0\0\0\0\x04\0\0\0\x73\0\0\0\xfc\x57\0\0\0\0\0\0\x04\0\0\
\0\x73\0\0\0\x0c\x58\0\0\0\0\0\0\x04\0\0\0\x73\0\0\0\x1c\x58\0\0\0\0\0\0\x04\0\
\0\0\x73\0\0\0\x2c\x58\0\0\0\0\0\0\x04\0\0\0\x73\0\0\0\x3c\x58\0\0\0\0\0\0\x04\
\0\0\0\x73\0\0\0\x4c\x58\0\0\0\0\0\0\x04\0\0\0\x73\0\0\0\x5c\x58\0\0\0\0\0\0\
\x04\0\0\0\x73\0\0\0\x6c\x58\0\0\0\0\0\0\x04\0\0\0\x73\0\0\0\x7c\x58\0\0\0\0\0\
\0\x04\0\0\0\x73\0\0\0\x8c\x58\0\0\0\0\0\0\x04\0\0\0\x73\0\0\0\x9c\x58\0\0\0\0\
\0\0\x04\0\0\0\x73\0\0\0\xac\x58\0\0\0\0\0\0\x04\0\0\0\x73\0\0\0\xbc\x58\0\0\0\
\0\0\0\x04\0\0\0\x73\0\0\0\xcc\x58\0\0\0\0\0\0\x04\0\0\0\x73\0\0\0\xdc\x58\0\0\
\0\0\0\0\x04\0\0\0\x73\0\0\0\xec\x58\0\0\0\0\0\0\x04\0\0\0\x73\0\0\0\xfc\x58\0\
\0\0\0\0\0\x04\0\0\0\x73\0\0\0\x0c\x59\0\0\0\0\0\0\x04\0\0\0\x73\0\0\0\x1c\x59\
\0\0\0\0\0\0\x04\0\0\0\x73\0\0\0\x2c\x59\0\0\0\0\0\0\x04\0\0\0\x73\0\0\0\x3c\
\x59\0\0\0\0\0\0\x04\0\0\0\x73\0\0\0\x54\x59\0\0\0\0\0\0\x04\0\0\0\x99\0\0\0\
\x64\x59\0\0\0\0\0\0\x04\0\0\0\x99\0\0\0\x74\x59\0\0\0\0\0\0\x04\0\0\0\x99\0\0\
\0\x84\x59\0\0\0\0\0\0\x04\0\0\0\x99\0\0\0\x94\x59\0\0\0\0\0\0\x04\0\0\0\x99\0\
\0\0\xa4\x59\0\0\0\0\0\0\x04\0\0\0\x99\0\0\0\xb4\x59\0\0\0\0\0\0\x04\0\0\0\x99\
\0\0\0\xc4\x59\0\0\0\0\0\0\x04\0\0\0\x99\0\0\0\xd4\x59\0\0\0\0\0\0\x04\0\0\0\
\x99\0\0\0\xe4\x59\0\0\0\0\0\0\x04\0\0\0\x99\0\0\0\xf4\x59\0\0\0\0\0\0\x04\0\0\
\0\x99\0\0\0\x04\x5a\0\0\0\0\0\0\x04\0\0\0\x99\0\0\0\x14\x5a\0\0\0\0\0\0\x04\0\
\0\0\x99\0\0\0\x24\x5a\0\0\0\0\0\0\x04\0\0\0\x99\0\0\0\x34\x5a\0\0\0\0\0\0\x04\
\0\0\0\x99\0\0\0\x44\x5a\0\0\0\0\0\0\x04\0\0\0\x99\0\0\0\x54\x5a\0\0\0\0\0\0\
\x04\0\0\0\x99\0\0\0\x64\x5a\0\0\0\0\0\0\x04\0\0\0\x99\0\0\0\x74\x5a\0\0\0\0\0\
\0\x04\0\0\0\x99\0\0\0\x84\x5a\0\0\0\0\0\0\x04\0\0\0\x99\0\0\0\x94\x5a\0\0\0\0\
\0\0\x04\0\0\0\x99\0\0\0\xa4\x5a\0\0\0\0\0\0\x04\0\0\0\x99\0\0\0\xb4\x5a\0\0\0\
\0\0\0\x04\0\0\0\x99\0\0\0\xc4\x5a\0\0\0\0\0\0\x04\0\0\0\x99\0\0\0\xd4\x5a\0\0\
\0\0\0\0\x04\0\0\0\x99\0\0\0\xe4\x5a\0\0\0\0\0\0\x04\0\0\0\x99\0\0\0\xf4\x5a\0\
\0\0\0\0\0\x04\0\0\0\x99\0\0\0\x04\x5b\0\0\0\0\0\0\x04\0\0\0\x99\0\0\0\x14\x5b\
\0\0\0\0\0\0\x04\0\0\0\x99\0\0\0\x24\x5b\0\0\0\0\0\0\x04\0\0\0\x99\0\0\0\x34\
\x5b\0\0\0\0\0\0\x04\0\0\0\x99\0\0\0\x44\x5b\0\0\0\0\0\0\x04\0\0\0\x99\0\0\0\
\x54\x5b\0\0\0\0\0\0\x04\0\0\0\x99\0\0\0\x64\x5b\0\0\0\0\0\0\x04\0\0\0\x99\0\0\
\0\x74\x5b\0\0\0\0\0\0\x04\0\0\0\x99\0\0\0\x84\x5b\0\0\0\0\0\0\x04\0\0\0\x99\0\
\0\0\x94\x5b\0\0\0\0\0\0\x04\0\0\0\x99\0\0\0\xac\x5b\0\0\0\0\0\0\x04\0\0\0\xc1\
\0\0\0\xbc\x5b\0\0\0\0\0\0\x04\0\0\0\xc1\0\0\0\xcc\x5b\0\0\0\0\0\0\x04\0\0\0\
\xc1\0\0\0\xdc\x5b\0\0\0\0\0\0\x04\0\0\0\xc1\0\0\0\xec\x5b\0\0\0\0\0\0\x04\0\0\
\0\xc1\0\0\0\xfc\x5b\0\0\0\0\0\0\x04\0\0\0\xc1\0\0\0\x0c\x5c\0\0\0\0\0\0\x04\0\
\0\0\xc1\0\0\0\x1c\x5c\0\0\0\0\0\0\x04\0\0\0\xc1\0\0\0\x2c\x5c\0\0\0\0\0\0\x04\
\0\0\0\xc1\0\0\0\x3c\x5c\0\0\0\0\0\0\x04\0\0\0\xc1\0\0\0\x4c\x5c\0\0\0\0\0\0\
\x04\0\0\0\xc1\0\0\0\x5c\x5c\0\0\0\0\0\0\x04\0\0\0\xc1\0\0\0\x6c\x5c\0\0\0\0\0\
\0\x04\0\0\0\xc1\0\0\0\x7c\x5c\0\0\0\0\0\0\x04\0\0\0\xc1\0\0\0\x8c\x5c\0\0\0\0\
\0\0\x04\0\0\0\xc1\0\0\0\x9c\x5c\0\0\0\0\0\0\x04\0\0\0\xc1\0\0\0\xac\x5c\0\0\0\
\0\0\0\x04\0\0\0\xc1\0\0\0\xbc\x5c\0\0\0\0\0\0\x04\0\0\0\xc1\0\0\0\xcc\x5c\0\0\
\0\0\0\0\x04\0\0\0\xc1\0\0\0\xdc\x5c\0\0\0\0\0\0\x04\0\0\0\xc1\0\0\0\xec\x5c\0\
\0\0\0\0\0\x04\0\0\0\xc1\0\0\0\xfc\x5c\0\0\0\0\0\0\x04\0\0\0\xc1\0\0\0\x0c\x5d\
\0\0\0\0\0\0\x04\0\0\0\xc1\0\0\0\x24\x5d\0\0\0\0\0\0\x04\0\0\0\xd7\0\0\0\x34\
\x5d\0\0\0\0\0\0\x04\0\0\0\xd7\0\0\0\x44\x5d\0\0\0\0\0\0\x04\0\0\0\xd7\0\0\0\
\x54\x5d\0\0\0\0\0\0\x04\0\0\0\xd7\0\0\0\x64\x5d\0\0\0\0\0\0\x04\0\0\0\xd7\0\0\
\0\x74\x5d\0\0\0\0\0\0\x04\0\0\0\xd7\0\0\0\x84\x5d\0\0\0\0\0\0\x04\0\0\0\xd7\0\
\0\0\x94\x5d\0\0\0\0\0\0\x04\0\0\0\xd7\0\0\0\xa4\x5d\0\0\0\0\0\0\x04\0\0\0\xd7\
\0\0\0\xb4\x5d\0\0\0\0\0\0\x04\0\0\0\xd7\0\0\0\xc4\x5d\0\0\0\0\0\0\x04\0\0\0\
\xd7\0\0\0\xd4\x5d\0\0\0\0\0\0\x04\0\0\0\xd7\0\0\0\xe4\x5d\0\0\0\0\0\0\x04\0\0\
\0\xd7\0\0\0\xf4\x5d\0\0\0\0\0\0\x04\0\0\0\xd7\0\0\0\x04\x5e\0\0\0\0\0\0\x04\0\
\0\0\xd7\0\0\0\x14\x5e\0\0\0\0\0\0\x04\0\0\0\xd7\0\0\0\x24\x5e\0\0\0\0\0\0\x04\
\0\0\0\xd7\0\0\0\x34\x5e\0\0\0\0\0\0\x04\0\0\0\xd7\0\0\0\x44\x5e\0\0\0\0\0\0\
\x04\0\0\0\xd7\0\0\0\x54\x5e\0\0\0\0\0\0\x04\0\0\0\xd7\0\0\0\x64\x5e\0\0\0\0\0\
\0\x04\0\0\0\xd7\0\0\0\x74\x5e\0\0\0\0\0\0\x04\0\0\0\xd7\0\0\0\x84\x5e\0\0\0\0\
\0\0\x04\0\0\0\xd7\0\0\0\xf8\x01\xfb\x01\x80\x02\x81\x02\x82\x02\x83\x02\x84\
\x02\x85\x02\x86\x02\x87\x02\x88\x02\xf9\x01\xff\x01\xfc\x01\xfd\x01\xfa\x01\
\xfe\x01\x05\x1a\x1d\x2b\x7c\x98\x01\xa2\x01\xc1\x01\xc9\x01\xdf\x01\0\x2e\x74\
\x65\x78\x74\0\x2e\x72\x65\x6c\x2e\x42\x54\x46\x2e\x65\x78\x74\0\x63\x72\x6f\
\x73\x5f\x6e\x65\x77\x5f\x66\x6c\x6f\x77\x5f\x65\x6e\x74\x72\x79\x2e\x5f\x5f\
\x5f\x5f\x66\x6d\x74\0\x5f\x5f\x5f\x5f\x63\x72\x6f\x73\x5f\x68\x61\x6e\x64\x6c\
\x65\x5f\x69\x6e\x65\x74\x5f\x61\x63\x63\x65\x70\x74\x5f\x65\x78\x69\x74\x2e\
\x5f\x5f\x5f\x5f\x66\x6d\x74\0\x5f\x5f\x5f\x5f\x63\x72\x6f\x73\x5f\x68\x61\x6e\
\x64\x6c\x65\x5f\x5f\x5f\x69\x6e\x65\x74\x5f\x73\x74\x72\x65\x61\x6d\x5f\x63\
\x6f\x6e\x6e\x65\x63\x74\x5f\x65\x78\x69\x74\x2e\x5f\x5f\x5f\x5f\x66\x6d\x74\0\
\x5f\x5f\x5f\x5f\x63\x72\x6f\x73\x5f\x68\x61\x6e\x64\x6c\x65\x5f\x69\x6e\x65\
\x74\x5f\x72\x65\x63\x76\x6d\x73\x67\x5f\x65\x78\x69\x74\x2e\x5f\x5f\x5f\x5f\
\x66\x6d\x74\0\x5f\x5f\x5f\x5f\x63\x72\x6f\x73\x5f\x68\x61\x6e\x64\x6c\x65\x5f\
\x69\x6e\x65\x74\x5f\x73\x65\x6e\x64\x6d\x73\x67\x5f\x65\x6e\x74\x65\x72\x2e\
\x5f\x5f\x5f\x5f\x66\x6d\x74\0\x5f\x5f\x5f\x5f\x63\x72\x6f\x73\x5f\x68\x61\x6e\
\x64\x6c\x65\x5f\x69\x6e\x65\x74\x5f\x72\x65\x6c\x65\x61\x73\x65\x5f\x65\x6e\
\x74\x65\x72\x2e\x5f\x5f\x5f\x5f\x66\x6d\x74\0\x5f\x5f\x5f\x5f\x63\x72\x6f\x73\
\x5f\x68\x61\x6e\x64\x6c\x65\x5f\x69\x6e\x65\x74\x5f\x6c\x69\x73\x74\x65\x6e\
\x2e\x5f\x5f\x5f\x5f\x66\x6d\x74\0\x63\x72\x6f\x73\x5f\x69\x73\x5f\x69\x66\x69\
\x6e\x64\x65\x78\x5f\x65\x78\x74\x65\x72\x6e\x61\x6c\x2e\x5f\x5f\x5f\x5f\x66\
\x6d\x74\0\x63\x72\x6f\x73\x5f\x68\x61\x6e\x64\x6c\x65\x5f\x69\x70\x36\x5f\x69\
\x6e\x70\x75\x74\x5f\x65\x78\x69\x74\0\x2e\x72\x65\x6c\x74\x70\x5f\x62\x74\x66\
\x2f\x63\x72\x6f\x73\x5f\x5f\x69\x70\x5f\x6c\x6f\x63\x61\x6c\x5f\x6f\x75\x74\
\x5f\x65\x78\x69\x74\0\x63\x72\x6f\x73\x5f\x68\x61\x6e\x64\x6c\x65\x5f\x5f\x69\
\x70\x5f\x6c\x6f\x63\x61\x6c\x5f\x6f\x75\x74\x5f\x65\x78\x69\x74\0\x2e\x72\x65\
\x6c\x74\x70\x5f\x62\x74\x66\x2f\x63\x72\x6f\x73\x5f\x69\x6e\x65\x74\x5f\x61\
\x63\x63\x65\x70\x74\x5f\x65\x78\x69\x74\0\x63\x72\x6f\x73\x5f\x68\x61\x6e\x64\
\x6c\x65\x5f\x69\x6e\x65\x74\x5f\x61\x63\x63\x65\x70\x74\x5f\x65\x78\x69\x74\0\
\x2e\x72\x65\x6c\x74\x70\x5f\x62\x74\x66\x2f\x63\x72\x6f\x73\x5f\x69\x6e\x65\
\x74\x5f\x73\x74\x72\x65\x61\x6d\x5f\x63\x6f\x6e\x6e\x65\x63\x74\x5f\x65\x78\
\x69\x74\0\x63\x72\x6f\x73\x5f\x68\x61\x6e\x64\x6c\x65\x5f\x5f\x5f\x69\x6e\x65\
\x74\x5f\x73\x74\x72\x65\x61\x6d\x5f\x63\x6f\x6e\x6e\x65\x63\x74\x5f\x65\x78\
\x69\x74\0\x2e\x72\x65\x6c\x74\x70\x5f\x62\x74\x66\x2f\x63\x72\x6f\x73\x5f\x69\
\x6e\x65\x74\x5f\x6c\x69\x73\x74\x65\x6e\x5f\x65\x78\x69\x74\0\x2e\x72\x65\x6c\
\x74\x70\x5f\x62\x74\x66\x2f\x63\x72\x6f\x73\x5f\x69\x6e\x65\x74\x5f\x72\x65\
\x63\x76\x6d\x73\x67\x5f\x65\x78\x69\x74\0\x63\x72\x6f\x73\x5f\x68\x61\x6e\x64\
\x6c\x65\x5f\x69\x6e\x65\x74\x5f\x72\x65\x63\x76\x6d\x73\x67\x5f\x65\x78\x69\
\x74\0\x2e\x6d\x61\x70\x73\0\x63\x72\x6f\x73\x5f\x6e\x65\x74\x77\x6f\x72\x6b\
\x5f\x65\x78\x74\x65\x72\x6e\x61\x6c\x5f\x69\x6e\x74\x65\x72\x66\x61\x63\x65\
\x73\0\x2e\x72\x65\x6c\x74\x70\x5f\x62\x74\x66\x2f\x63\x72\x6f\x73\x5f\x69\x70\
\x5f\x70\x72\x6f\x74\x6f\x63\x6f\x6c\x5f\x64\x65\x6c\x69\x76\x65\x72\x5f\x72\
\x63\x75\x5f\x65\x6e\x74\x65\x72\0\x63\x72\x6f\x73\x5f\x68\x61\x6e\x64\x6c\x65\
\x5f\x69\x70\x5f\x70\x72\x6f\x74\x6f\x63\x6f\x6c\x5f\x64\x65\x6c\x69\x76\x65\
\x72\x5f\x72\x63\x75\x5f\x65\x6e\x74\x65\x72\0\x2e\x72\x65\x6c\x74\x70\x5f\x62\
\x74\x66\x2f\x63\x72\x6f\x73\x5f\x69\x70\x36\x5f\x69\x6e\x70\x75\x74\x5f\x66\
\x69\x6e\x69\x73\x68\x5f\x65\x6e\x74\x65\x72\0\x2e\x72\x65\x6c\x74\x70\x5f\x62\
\x74\x66\x2f\x63\x72\x6f\x73\x5f\x69\x6e\x65\x74\x5f\x73\x65\x6e\x64\x6d\x73\
\x67\x5f\x65\x6e\x74\x65\x72\0\x63\x72\x6f\x73\x5f\x68\x61\x6e\x64\x6c\x65\x5f\
\x69\x6e\x65\x74\x5f\x73\x65\x6e\x64\x6d\x73\x67\x5f\x65\x6e\x74\x65\x72\0\x2e\
\x72\x65\x6c\x74\x70\x5f\x62\x74\x66\x2f\x63\x72\x6f\x73\x5f\x69\x6e\x65\x74\
\x5f\x72\x65\x6c\x65\x61\x73\x65\x5f\x65\x6e\x74\x65\x72\0\x63\x72\x6f\x73\x5f\
\x68\x61\x6e\x64\x6c\x65\x5f\x69\x6e\x65\x74\x5f\x72\x65\x6c\x65\x61\x73\x65\
\x5f\x65\x6e\x74\x65\x72\0\x2e\x72\x65\x6c\x74\x70\x5f\x62\x74\x66\x2f\x63\x72\
\x6f\x73\x5f\x69\x70\x36\x5f\x66\x69\x6e\x69\x73\x68\x5f\x6f\x75\x74\x70\x75\
\x74\x32\x5f\x65\x6e\x74\x65\x72\0\x63\x72\x6f\x73\x5f\x68\x61\x6e\x64\x6c\x65\
\x5f\x69\x70\x36\x5f\x66\x69\x6e\x69\x73\x68\x5f\x6f\x75\x74\x70\x75\x74\x32\
\x5f\x65\x6e\x74\x65\x72\0\x63\x72\x6f\x73\x5f\x6e\x65\x74\x77\x6f\x72\x6b\x5f\
\x66\x6c\x6f\x77\x5f\x6d\x61\x70\0\x61\x63\x74\x69\x76\x65\x5f\x73\x6f\x63\x6b\
\x65\x74\x5f\x6d\x61\x70\0\x73\x68\x61\x72\x65\x64\x5f\x70\x72\x6f\x63\x65\x73\
\x73\x5f\x69\x6e\x66\x6f\0\x63\x72\x6f\x73\x5f\x68\x61\x6e\x64\x6c\x65\x5f\x69\
\x6e\x65\x74\x5f\x6c\x69\x73\x74\x65\x6e\0\x2e\x6c\x6c\x76\x6d\x5f\x61\x64\x64\
\x72\x73\x69\x67\0\x6c\x69\x63\x65\x6e\x73\x65\0\x73\x6b\x5f\x73\x74\x6f\x72\
\x61\x67\x65\0\x72\x62\0\x2e\x73\x74\x72\x74\x61\x62\0\x2e\x73\x79\x6d\x74\x61\
\x62\0\x2e\x72\x6f\x64\x61\x74\x61\0\x2e\x72\x65\x6c\x2e\x42\x54\x46\0\x4c\x49\
\x43\x45\x4e\x53\x45\0\x4c\x42\x42\x39\x5f\x39\0\x4c\x42\x42\x38\x5f\x39\0\x4c\
\x42\x42\x36\x5f\x35\x39\0\x4c\x42\x42\x35\x5f\x35\x39\0\x4c\x42\x42\x34\x5f\
\x33\x39\0\x4c\x42\x42\x33\x5f\x33\x39\0\x4c\x42\x42\x39\x5f\x32\x39\0\x4c\x42\
\x42\x38\x5f\x32\x39\0\x4c\x42\x42\x32\x5f\x32\x39\0\x4c\x42\x42\x31\x5f\x32\
\x39\0\x4c\x42\x42\x39\x5f\x31\x39\0\x4c\x42\x42\x38\x5f\x31\x39\0\x4c\x42\x42\
\x36\x5f\x31\x39\0\x4c\x42\x42\x35\x5f\x31\x39\0\x4c\x42\x42\x32\x5f\x31\x39\0\
\x4c\x42\x42\x31\x5f\x31\x39\0\x4c\x42\x42\x30\x5f\x31\x39\0\x4c\x42\x42\x34\
\x5f\x38\0\x4c\x42\x42\x33\x5f\x38\0\x4c\x42\x42\x32\x5f\x38\0\x4c\x42\x42\x31\
\x5f\x38\0\x4c\x42\x42\x36\x5f\x34\x38\0\x4c\x42\x42\x35\x5f\x34\x38\0\x4c\x42\
\x42\x36\x5f\x33\x38\0\x4c\x42\x42\x35\x5f\x33\x38\0\x4c\x42\x42\x36\x5f\x32\
\x38\0\x4c\x42\x42\x35\x5f\x32\x38\0\x4c\x42\x42\x30\x5f\x32\x38\0\x4c\x42\x42\
\x39\x5f\x31\x38\0\x4c\x42\x42\x38\x5f\x31\x38\0\x4c\x42\x42\x32\x5f\x31\x38\0\
\x4c\x42\x42\x31\x5f\x31\x38\0\x4c\x42\x42\x36\x5f\x37\0\x4c\x42\x42\x35\x5f\
\x37\0\x4c\x42\x42\x34\x5f\x37\0\x4c\x42\x42\x33\x5f\x37\0\x4c\x42\x42\x32\x5f\
\x37\0\x4c\x42\x42\x31\x5f\x37\0\x4c\x42\x42\x30\x5f\x37\0\x4c\x42\x42\x36\x5f\
\x35\x37\0\x4c\x42\x42\x35\x5f\x35\x37\0\x4c\x42\x42\x36\x5f\x34\x37\0\x4c\x42\
\x42\x35\x5f\x34\x37\0\x4c\x42\x42\x34\x5f\x33\x37\0\x4c\x42\x42\x33\x5f\x33\
\x37\0\x4c\x42\x42\x39\x5f\x32\x37\0\x4c\x42\x42\x38\x5f\x32\x37\0\x4c\x42\x42\
\x32\x5f\x32\x37\0\x4c\x42\x42\x31\x5f\x32\x37\0\x4c\x42\x42\x34\x5f\x31\x37\0\
\x4c\x42\x42\x33\x5f\x31\x37\0\x4c\x42\x42\x32\x5f\x31\x37\0\x4c\x42\x42\x31\
\x5f\x31\x37\0\x4c\x42\x42\x39\x5f\x36\0\x4c\x42\x42\x38\x5f\x36\0\x4c\x42\x42\
\x36\x5f\x36\0\x4c\x42\x42\x35\x5f\x36\0\x4c\x42\x42\x36\x5f\x36\x36\0\x4c\x42\
\x42\x35\x5f\x36\x36\0\x4c\x42\x42\x36\x5f\x35\x36\0\x4c\x42\x42\x35\x5f\x35\
\x36\0\x4c\x42\x42\x36\x5f\x34\x36\0\x4c\x42\x42\x35\x5f\x34\x36\0\x4c\x42\x42\
\x39\x5f\x33\x36\0\x4c\x42\x42\x38\x5f\x33\x36\0\x4c\x42\x42\x34\x5f\x33\x36\0\
\x4c\x42\x42\x33\x5f\x33\x36\0\x4c\x42\x42\x30\x5f\x33\x36\0\x4c\x42\x42\x36\
\x5f\x32\x36\0\x4c\x42\x42\x35\x5f\x32\x36\0\x4c\x42\x42\x34\x5f\x32\x36\0\x4c\
\x42\x42\x33\x5f\x32\x36\0\x4c\x42\x42\x30\x5f\x32\x36\0\x4c\x42\x42\x36\x5f\
\x31\x36\0\x4c\x42\x42\x35\x5f\x31\x36\0\x4c\x42\x42\x34\x5f\x31\x36\0\x4c\x42\
\x42\x33\x5f\x31\x36\0\x4c\x42\x42\x32\x5f\x31\x36\0\x4c\x42\x42\x31\x5f\x31\
\x36\0\x4c\x42\x42\x30\x5f\x31\x36\0\x5f\x5f\x5f\x5f\x63\x72\x6f\x73\x5f\x68\
\x61\x6e\x64\x6c\x65\x5f\x69\x6e\x65\x74\x5f\x61\x63\x63\x65\x70\x74\x5f\x65\
\x78\x69\x74\x2e\x5f\x5f\x5f\x5f\x66\x6d\x74\x2e\x36\0\x4c\x42\x42\x39\x5f\x35\
\0\x4c\x42\x42\x38\x5f\x35\0\x4c\x42\x42\x34\x5f\x35\0\x4c\x42\x42\x33\x5f\x35\
\0\x4c\x42\x42\x32\x5f\x35\0\x4c\x42\x42\x31\x5f\x35\0\x4c\x42\x42\x36\x5f\x36\
\x35\0\x4c\x42\x42\x35\x5f\x36\x35\0\x4c\x42\x42\x39\x5f\x33\x35\0\x4c\x42\x42\
\x38\x5f\x33\x35\0\x4c\x42\x42\x36\x5f\x33\x35\0\x4c\x42\x42\x35\x5f\x33\x35\0\
\x4c\x42\x42\x34\x5f\x33\x35\0\x4c\x42\x42\x33\x5f\x33\x35\0\x4c\x42\x42\x30\
\x5f\x33\x35\0\x4c\x42\x42\x39\x5f\x32\x35\0\x4c\x42\x42\x38\x5f\x32\x35\0\x4c\
\x42\x42\x36\x5f\x32\x35\0\x4c\x42\x42\x35\x5f\x32\x35\0\x4c\x42\x42\x34\x5f\
\x32\x35\0\x4c\x42\x42\x33\x5f\x32\x35\0\x4c\x42\x42\x32\x5f\x32\x35\0\x4c\x42\
\x42\x31\x5f\x32\x35\0\x4c\x42\x42\x30\x5f\x32\x35\0\x4c\x42\x42\x39\x5f\x31\
\x35\0\x4c\x42\x42\x38\x5f\x31\x35\0\x4c\x42\x42\x30\x5f\x34\0\x4c\x42\x42\x36\
\x5f\x36\x34\0\x4c\x42\x42\x39\x5f\x33\x34\0\x4c\x42\x42\x38\x5f\x33\x34\0\x4c\
\x42\x42\x36\x5f\x33\x34\0\x4c\x42\x42\x35\x5f\x33\x34\0\x4c\x42\x42\x30\x5f\
\x33\x34\0\x4c\x42\x42\x39\x5f\x32\x34\0\x4c\x42\x42\x38\x5f\x32\x34\0\x4c\x42\
\x42\x36\x5f\x32\x34\0\x4c\x42\x42\x35\x5f\x32\x34\0\x4c\x42\x42\x34\x5f\x32\
\x34\0\x4c\x42\x42\x33\x5f\x32\x34\0\x4c\x42\x42\x30\x5f\x32\x34\0\x4c\x42\x42\
\x36\x5f\x31\x34\0\x4c\x42\x42\x35\x5f\x31\x34\0\x4c\x42\x42\x34\x5f\x31\x34\0\
\x4c\x42\x42\x33\x5f\x31\x34\0\x4c\x42\x42\x32\x5f\x31\x34\0\x4c\x42\x42\x31\
\x5f\x31\x34\0\x4c\x42\x42\x30\x5f\x31\x34\0\x4c\x42\x42\x36\x5f\x36\x33\0\x4c\
\x42\x42\x35\x5f\x36\x33\0\x4c\x42\x42\x36\x5f\x35\x33\0\x4c\x42\x42\x35\x5f\
\x35\x33\0\x4c\x42\x42\x36\x5f\x34\x33\0\x4c\x42\x42\x35\x5f\x34\x33\0\x4c\x42\
\x42\x34\x5f\x34\x33\0\x4c\x42\x42\x33\x5f\x34\x33\0\x4c\x42\x42\x39\x5f\x33\
\x33\0\x4c\x42\x42\x38\x5f\x33\x33\0\x4c\x42\x42\x34\x5f\x33\x33\0\x4c\x42\x42\
\x33\x5f\x33\x33\0\x4c\x42\x42\x39\x5f\x32\x33\0\x4c\x42\x42\x38\x5f\x32\x33\0\
\x4c\x42\x42\x34\x5f\x32\x33\0\x4c\x42\x42\x33\x5f\x32\x33\0\x4c\x42\x42\x32\
\x5f\x32\x33\0\x4c\x42\x42\x31\x5f\x32\x33\0\x4c\x42\x42\x39\x5f\x31\x33\0\x4c\
\x42\x42\x38\x5f\x31\x33\0\x4c\x42\x42\x34\x5f\x31\x33\0\x4c\x42\x42\x33\x5f\
\x31\x33\0\x4c\x42\x42\x37\x5f\x32\0\x4c\x42\x42\x34\x5f\x32\0\x4c\x42\x42\x33\
\x5f\x32\0\x4c\x42\x42\x32\x5f\x32\0\x4c\x42\x42\x31\x5f\x32\0\x4c\x42\x42\x36\
\x5f\x35\x32\0\x4c\x42\x42\x35\x5f\x35\x32\0\x4c\x42\x42\x36\x5f\x33\x32\0\x4c\
\x42\x42\x35\x5f\x33\x32\0\x4c\x42\x42\x34\x5f\x33\x32\0\x4c\x42\x42\x33\x5f\
\x33\x32\0\x4c\x42\x42\x30\x5f\x33\x32\0\x4c\x42\x42\x36\x5f\x32\x32\0\x4c\x42\
\x42\x35\x5f\x32\x32\0\x4c\x42\x42\x34\x5f\x32\x32\0\x4c\x42\x42\x33\x5f\x32\
\x32\0\x4c\x42\x42\x32\x5f\x32\x32\0\x4c\x42\x42\x31\x5f\x32\x32\0\x4c\x42\x42\
\x30\x5f\x32\x32\0\x4c\x42\x42\x36\x5f\x31\x32\0\x4c\x42\x42\x35\x5f\x31\x32\0\
\x4c\x42\x42\x30\x5f\x31\x32\0\x4c\x42\x42\x36\x5f\x36\x31\0\x4c\x42\x42\x35\
\x5f\x36\x31\0\x4c\x42\x42\x36\x5f\x34\x31\0\x4c\x42\x42\x35\x5f\x34\x31\0\x4c\
\x42\x42\x34\x5f\x34\x31\0\x4c\x42\x42\x33\x5f\x34\x31\0\x4c\x42\x42\x39\x5f\
\x33\x31\0\x4c\x42\x42\x38\x5f\x33\x31\0\x4c\x42\x42\x34\x5f\x33\x31\0\x4c\x42\
\x42\x33\x5f\x33\x31\0\x4c\x42\x42\x39\x5f\x32\x31\0\x4c\x42\x42\x38\x5f\x32\
\x31\0\x4c\x42\x42\x36\x5f\x32\x31\0\x4c\x42\x42\x35\x5f\x32\x31\0\x4c\x42\x42\
\x34\x5f\x32\x31\0\x4c\x42\x42\x33\x5f\x32\x31\0\x4c\x42\x42\x32\x5f\x32\x31\0\
\x4c\x42\x42\x31\x5f\x32\x31\0\x4c\x42\x42\x30\x5f\x32\x31\0\x4c\x42\x42\x39\
\x5f\x31\x31\0\x4c\x42\x42\x38\x5f\x31\x31\0\x4c\x42\x42\x32\x5f\x31\x31\0\x4c\
\x42\x42\x31\x5f\x31\x31\0\x63\x72\x6f\x73\x5f\x69\x73\x5f\x69\x66\x69\x6e\x64\
\x65\x78\x5f\x65\x78\x74\x65\x72\x6e\x61\x6c\x2e\x5f\x5f\x5f\x5f\x66\x6d\x74\
\x2e\x31\0\x4c\x42\x42\x35\x5f\x36\x30\0\x4c\x42\x42\x36\x5f\x35\x30\0\x4c\x42\
\x42\x35\x5f\x35\x30\0\x4c\x42\x42\x36\x5f\x33\x30\0\x4c\x42\x42\x35\x5f\x33\
\x30\0\x4c\x42\x42\x34\x5f\x33\x30\0\x4c\x42\x42\x33\x5f\x33\x30\0\x4c\x42\x42\
\x30\x5f\x33\x30\0\x4c\x42\x42\x39\x5f\x32\x30\0\x4c\x42\x42\x38\x5f\x32\x30\0\
\x4c\x42\x42\x36\x5f\x32\x30\0\x4c\x42\x42\x35\x5f\x32\x30\0\x4c\x42\x42\x34\
\x5f\x32\x30\0\x4c\x42\x42\x33\x5f\x32\x30\0\x4c\x42\x42\x32\x5f\x32\x30\0\x4c\
\x42\x42\x31\x5f\x32\x30\0\x4c\x42\x42\x30\x5f\x32\x30\0\x4c\x42\x42\x36\x5f\
\x31\x30\0\x4c\x42\x42\x35\x5f\x31\x30\0\x4c\x42\x42\x34\x5f\x31\x30\0\x4c\x42\
\x42\x33\x5f\x31\x30\0\x4c\x42\x42\x30\x5f\x31\x30\0\0\0\0\0\0\0\0\0\0\0\0\0\0\
\0\0\0\0\0\0\0\0\0\0\0\0\0\0\0\0\0\0\0\0\0\0\0\0\0\0\0\0\0\0\0\0\0\0\0\0\0\0\0\
\0\0\0\0\0\0\0\0\0\0\0\0\x8d\x04\0\0\x03\0\0\0\0\0\0\0\0\0\0\0\0\0\0\0\0\0\0\0\
\xd9\xfc\x02\0\0\0\0\0\xa7\x0b\0\0\0\0\0\0\0\0\0\0\0\0\0\0\x01\0\0\0\0\0\0\0\0\
\0\0\0\0\0\0\0\x01\0\0\0\x01\0\0\0\x06\0\0\0\0\0\0\0\0\0\0\0\0\0\0\0\x40\0\0\0\
\0\0\0\0\0\0\0\0\0\0\0\0\0\0\0\0\0\0\0\0\x04\0\0\0\0\0\0\0\0\0\0\0\0\0\0\0\x40\
\x02\0\0\x01\0\0\0\x06\0\0\0\0\0\0\0\0\0\0\0\0\0\0\0\x40\0\0\0\0\0\0\0\x38\x12\
\0\0\0\0\0\0\0\0\0\0\0\0\0\0\x08\0\0\0\0\0\0\0\0\0\0\0\0\0\0\0\x3c\x02\0\0\x09\
\0\0\0\x40\0\0\0\0\0\0\0\0\0\0\0\0\0\0\0\xc8\x99\x02\0\0\0\0\0\x30\0\0\0\0\0\0\
\0\x1f\0\0\0\x03\0\0\0\x08\0\0\0\0\0\0\0\x10\0\0\0\0\0\0\0\xc8\x02\0\0\x01\0\0\
\0\x06\0\0\0\0\0\0\0\0\0\0\0\0\0\0\0\x78\x12\0\0\0\0\0\0\x40\x12\0\0\0\0\0\0\0\
\0\0\0\0\0\0\0\x08\0\0\0\0\0\0\0\0\0\0\0\0\0\0\0\xc4\x02\0\0\x09\0\0\0\x40\0\0\
\0\0\0\0\0\0\0\0\0\0\0\0\0\xf8\x99\x02\0\0\0\0\0\x80\0\0\0\0\0\0\0\x1f\0\0\0\
\x05\0\0\0\x08\0\0\0\0\0\0\0\x10\0\0\0\0\0\0\0\x70\x01\0\0\x01\0\0\0\x06\0\0\0\
\0\0\0\0\0\0\0\0\0\0\0\0\xb8\x24\0\0\0\0\0\0\x48\x12\0\0\0\0\0\0\0\0\0\0\0\0\0\
\0\x08\0\0\0\0\0\0\0\0\0\0\0\0\0\0\0\x6c\x01\0\0\x09\0\0\0\x40\0\0\0\0\0\0\0\0\
\0\0\0\0\0\0\0\x78\x9a\x02\0\0\0\0\0\x80\0\0\0\0\0\0\0\x1f\0\0\0\x07\0\0\0\x08\
\0\0\0\0\0\0\0\x10\0\0\0\0\0\0\0\xcb\x03\0\0\x01\0\0\0\x06\0\0\0\0\0\0\0\0\0\0\
\0\0\0\0\0\0\x37\0\0\0\0\0\0\x68\x17\0\0\0\0\0\0\0\0\0\0\0\0\0\0\x08\0\0\0\0\0\
\0\0\0\0\0\0\0\0\0\0\xc7\x03\0\0\x09\0\0\0\x40\0\0\0\0\0\0\0\0\0\0\0\0\0\0\0\
\xf8\x9a\x02\0\0\0\0\0\x80\0\0\0\0\0\0\0\x1f\0\0\0\x09\0\0\0\x08\0\0\0\0\0\0\0\
\x10\0\0\0\0\0\0\0\x20\x03\0\0\x01\0\0\0\x06\0\0\0\0\0\0\0\0\0\0\0\0\0\0\0\x68\
\x4e\0\0\0\0\0\0\x60\x17\0\0\0\0\0\0\0\0\0\0\0\0\0\0\x08\0\0\0\0\0\0\0\0\0\0\0\
\0\0\0\0\x1c\x03\0\0\x09\0\0\0\x40\0\0\0\0\0\0\0\0\0\0\0\0\0\0\0\x78\x9b\x02\0\
\0\0\0\0\x80\0\0\0\0\0\0\0\x1f\0\0\0\x0b\0\0\0\x08\0\0\0\0\0\0\0\x10\0\0\0\0\0\
\0\0\xb2\x01\0\0\x01\0\0\0\x06\0\0\0\0\0\0\0\0\0\0\0\0\0\0\0\xc8\x65\0\0\0\0\0\
\0\x78\x1f\0\0\0\0\0\0\0\0\0\0\0\0\0\0\x08\0\0\0\0\0\0\0\0\0\0\0\0\0\0\0\xae\
\x01\0\0\x09\0\0\0\x40\0\0\0\0\0\0\0\0\0\0\0\0\0\0\0\xf8\x9b\x02\0\0\0\0\0\x90\
\0\0\0\0\0\0\0\x1f\0\0\0\x0d\0\0\0\x08\0\0\0\0\0\0\0\x10\0\0\0\0\0\0\0\xf0\x01\
\0\0\x01\0\0\0\x06\0\0\0\0\0\0\0\0\0\0\0\0\0\0\0\x40\x85\0\0\0\0\0\0\x70\x1f\0\
\0\0\0\0\0\0\0\0\0\0\0\0\0\x08\0\0\0\0\0\0\0\0\0\0\0\0\0\0\0\xec\x01\0\0\x09\0\
\0\0\x40\0\0\0\0\0\0\0\0\0\0\0\0\0\0\0\x88\x9c\x02\0\0\0\0\0\x80\0\0\0\0\0\0\0\
\x1f\0\0\0\x0f\0\0\0\x08\0\0\0\0\0\0\0\x10\0\0\0\0\0\0\0\x89\x03\0\0\x01\0\0\0\
\x06\0\0\0\0\0\0\0\0\0\0\0\0\0\0\0\xb0\xa4\0\0\0\0\0\0\x78\0\0\0\0\0\0\0\0\0\0\
\0\0\0\0\0\x08\0\0\0\0\0\0\0\0\0\0\0\0\0\0\0\x85\x03\0\0\x09\0\0\0\x40\0\0\0\0\
\0\0\0\0\0\0\0\0\0\0\0\x08\x9d\x02\0\0\0\0\0\x20\0\0\0\0\0\0\0\x1f\0\0\0\x11\0\
\0\0\x08\0\0\0\0\0\0\0\x10\0\0\0\0\0\0\0\x47\x03\0\0\x01\0\0\0\x06\0\0\0\0\0\0\
\0\0\0\0\0\0\0\0\0\x28\xa5\0\0\0\0\0\0\x98\x11\0\0\0\0\0\0\0\0\0\0\0\0\0\0\x08\
\0\0\0\0\0\0\0\0\0\0\0\0\0\0\0\x43\x03\0\0\x09\0\0\0\x40\0\0\0\0\0\0\0\0\0\0\0\
\0\0\0\0\x28\x9d\x02\0\0\0\0\0\x50\0\0\0\0\0\0\0\x1f\0\0\0\x13\0\0\0\x08\0\0\0\
\0\0\0\0\x10\0\0\0\0\0\0\0\x61\x02\0\0\x01\0\0\0\x06\0\0\0\0\0\0\0\0\0\0\0\0\0\
\0\0\xc0\xb6\0\0\0\0\0\0\x98\x11\0\0\0\0\0\0\0\0\0\0\0\0\0\0\x08\0\0\0\0\0\0\0\
\0\0\0\0\0\0\0\0\x5d\x02\0\0\x09\0\0\0\x40\0\0\0\0\0\0\0\0\0\0\0\0\0\0\0\x78\
\x9d\x02\0\0\0\0\0\x50\0\0\0\0\0\0\0\x1f\0\0\0\x15\0\0\0\x08\0\0\0\0\0\0\0\x10\
\0\0\0\0\0\0\0\x77\x04\0\0\x01\0\0\0\x02\0\0\0\0\0\0\0\0\0\0\0\0\0\0\0\x58\xc8\
\0\0\0\0\0\0\x0d\0\0\0\0\0\0\0\0\0\0\0\0\0\0\0\x01\0\0\0\0\0\0\0\0\0\0\0\0\0\0\
\0\x9d\x02\0\0\x01\0\0\0\x03\0\0\0\0\0\0\0\0\0\0\0\0\0\0\0\x68\xc8\0\0\0\0\0\0\
\xc0\0\0\0\0\0\0\0\0\0\0\0\0\0\0\0\x08\0\0\0\0\0\0\0\0\0\0\0\0\0\0\0\x9d\x04\0\
\0\x01\0\0\0\x02\0\0\0\0\0\0\0\0\0\0\0\0\0\0\0\x28\xc9\0\0\0\0\0\0\x5e\x02\0\0\
\0\0\0\0\0\0\0\0\0\0\0\0\x01\0\0\0\0\0\0\0\0\0\0\0\0\0\0\0\xa9\x04\0\0\x01\0\0\
\0\0\0\0\0\0\0\0\0\0\0\0\0\0\0\0\0\x88\xcb\0\0\0\0\0\0\xbf\x57\x01\0\0\0\0\0\0\
\0\0\0\0\0\0\0\x04\0\0\0\0\0\0\0\0\0\0\0\0\0\0\0\xa5\x04\0\0\x09\0\0\0\x40\0\0\
\0\0\0\0\0\0\0\0\0\0\0\0\0\xc8\x9d\x02\0\0\0\0\0\x10\x01\0\0\0\0\0\0\x1f\0\0\0\
\x1a\0\0\0\x08\0\0\0\0\0\0\0\x10\0\0\0\0\0\0\0\x0b\0\0\0\x01\0\0\0\0\0\0\0\0\0\
\0\0\0\0\0\0\0\0\0\0\x48\x23\x02\0\0\0\0\0\x94\x5e\0\0\0\0\0\0\0\0\0\0\0\0\0\0\
\x04\0\0\0\0\0\0\0\0\0\0\0\0\0\0\0\x07\0\0\0\x09\0\0\0\x40\0\0\0\0\0\0\0\0\0\0\
\0\0\0\0\0\xd8\x9e\x02\0\0\0\0\0\xd0\x5d\0\0\0\0\0\0\x1f\0\0\0\x1c\0\0\0\x08\0\
\0\0\0\0\0\0\x10\0\0\0\0\0\0\0\x69\x04\0\0\x03\x4c\xff\x6f\0\0\0\x80\0\0\0\0\0\
\0\0\0\0\0\0\0\xa8\xfc\x02\0\0\0\0\0\x31\0\0\0\0\0\0\0\0\0\0\0\0\0\0\0\x01\0\0\
\0\0\0\0\0\0\0\0\0\0\0\0\0\x95\x04\0\0\x02\0\0\0\0\0\0\0\0\0\0\0\0\0\0\0\0\0\0\
\0\xe0\x81\x02\0\0\0\0\0\xe8\x17\0\0\0\0\0\0\x01\0\0\0\xee\0\0\0\x08\0\0\0\0\0\
\0\0\x18\0\0\0\0\0\0\0";
}

#ifdef __cplusplus
struct network_bpf *network_bpf::open(const struct bpf_object_open_opts *opts) { return network_bpf__open_opts(opts); }
struct network_bpf *network_bpf::open_and_load() { return network_bpf__open_and_load(); }
int network_bpf::load(struct network_bpf *skel) { return network_bpf__load(skel); }
int network_bpf::attach(struct network_bpf *skel) { return network_bpf__attach(skel); }
void network_bpf::detach(struct network_bpf *skel) { network_bpf__detach(skel); }
void network_bpf::destroy(struct network_bpf *skel) { network_bpf__destroy(skel); }
const void *network_bpf::elf_bytes(size_t *sz) { return network_bpf__elf_bytes(sz); }
#endif /* __cplusplus */

__attribute__((unused)) static void
network_bpf__assert(struct network_bpf *s __attribute__((unused)))
{
#ifdef __cplusplus
#define _Static_assert static_assert
#endif
#ifdef __cplusplus
#undef _Static_assert
#endif
}

#endif /* __NETWORK_BPF_SKEL_H__ */
