/* SPDX-License-Identifier: (LGPL-2.1 OR BSD-2-Clause) */

/* THIS FILE IS AUTOGENERATED BY BPFTOOL! */
#ifndef __PROCESS_BPF_SKEL_H__
#define __PROCESS_BPF_SKEL_H__

#include <errno.h>
#include <stdlib.h>
#include <bpf/libbpf.h>

struct process_bpf {
	struct bpf_object_skeleton *skeleton;
	struct bpf_object *obj;
	struct {
		struct bpf_map *rb;
	} maps;
	struct {
		struct bpf_program *handle_sched_process_exec;
		struct bpf_program *handle_sched_process_exit;
	} progs;
	struct {
		struct bpf_link *handle_sched_process_exec;
		struct bpf_link *handle_sched_process_exit;
	} links;

#ifdef __cplusplus
	static inline struct process_bpf *open(const struct bpf_object_open_opts *opts = nullptr);
	static inline struct process_bpf *open_and_load();
	static inline int load(struct process_bpf *skel);
	static inline int attach(struct process_bpf *skel);
	static inline void detach(struct process_bpf *skel);
	static inline void destroy(struct process_bpf *skel);
	static inline const void *elf_bytes(size_t *sz);
#endif /* __cplusplus */
};

static void
process_bpf__destroy(struct process_bpf *obj)
{
	if (!obj)
		return;
	if (obj->skeleton)
		bpf_object__destroy_skeleton(obj->skeleton);
	free(obj);
}

static inline int
process_bpf__create_skeleton(struct process_bpf *obj);

static inline struct process_bpf *
process_bpf__open_opts(const struct bpf_object_open_opts *opts)
{
	struct process_bpf *obj;
	int err;

	obj = (struct process_bpf *)calloc(1, sizeof(*obj));
	if (!obj) {
		errno = ENOMEM;
		return NULL;
	}

	err = process_bpf__create_skeleton(obj);
	if (err)
		goto err_out;

	err = bpf_object__open_skeleton(obj->skeleton, opts);
	if (err)
		goto err_out;

	return obj;
err_out:
	process_bpf__destroy(obj);
	errno = -err;
	return NULL;
}

static inline struct process_bpf *
process_bpf__open(void)
{
	return process_bpf__open_opts(NULL);
}

static inline int
process_bpf__load(struct process_bpf *obj)
{
	return bpf_object__load_skeleton(obj->skeleton);
}

static inline struct process_bpf *
process_bpf__open_and_load(void)
{
	struct process_bpf *obj;
	int err;

	obj = process_bpf__open();
	if (!obj)
		return NULL;
	err = process_bpf__load(obj);
	if (err) {
		process_bpf__destroy(obj);
		errno = -err;
		return NULL;
	}
	return obj;
}

static inline int
process_bpf__attach(struct process_bpf *obj)
{
	return bpf_object__attach_skeleton(obj->skeleton);
}

static inline void
process_bpf__detach(struct process_bpf *obj)
{
	bpf_object__detach_skeleton(obj->skeleton);
}

static inline const void *process_bpf__elf_bytes(size_t *sz);

static inline int
process_bpf__create_skeleton(struct process_bpf *obj)
{
	struct bpf_object_skeleton *s;
	int err;

	s = (struct bpf_object_skeleton *)calloc(1, sizeof(*s));
	if (!s)	{
		err = -ENOMEM;
		goto err;
	}

	s->sz = sizeof(*s);
	s->name = "process_bpf";
	s->obj = &obj->obj;

	/* maps */
	s->map_cnt = 1;
	s->map_skel_sz = sizeof(*s->maps);
	s->maps = (struct bpf_map_skeleton *)calloc(s->map_cnt, s->map_skel_sz);
	if (!s->maps) {
		err = -ENOMEM;
		goto err;
	}

	s->maps[0].name = "rb";
	s->maps[0].map = &obj->maps.rb;

	/* programs */
	s->prog_cnt = 2;
	s->prog_skel_sz = sizeof(*s->progs);
	s->progs = (struct bpf_prog_skeleton *)calloc(s->prog_cnt, s->prog_skel_sz);
	if (!s->progs) {
		err = -ENOMEM;
		goto err;
	}

	s->progs[0].name = "handle_sched_process_exec";
	s->progs[0].prog = &obj->progs.handle_sched_process_exec;
	s->progs[0].link = &obj->links.handle_sched_process_exec;

	s->progs[1].name = "handle_sched_process_exit";
	s->progs[1].prog = &obj->progs.handle_sched_process_exit;
	s->progs[1].link = &obj->links.handle_sched_process_exit;

	s->data = (void *)process_bpf__elf_bytes(&s->data_sz);

	obj->skeleton = s;
	return 0;
err:
	bpf_object__destroy_skeleton(s);
	return err;
}

static inline const void *process_bpf__elf_bytes(size_t *sz)
{
	*sz = 115848;
	return (const void *)"\
\x7f\x45\x4c\x46\x02\x01\x01\0\0\0\0\0\0\0\0\0\x01\0\xf7\0\x01\0\0\0\0\0\0\0\0\
\0\0\0\0\0\0\0\0\0\0\0\xc8\xc0\x01\0\0\0\0\0\0\0\0\0\x40\0\0\0\0\0\x40\0\x0f\0\
\x01\0\xb7\x02\0\0\x4c\0\0\0\x79\x17\0\0\0\0\0\0\xbf\x73\0\0\0\0\0\0\x0f\x23\0\
\0\0\0\0\0\x79\x18\x10\0\0\0\0\0\xbf\xa1\0\0\0\0\0\0\x07\x01\0\0\xf8\xff\xff\
\xff\xb7\x02\0\0\x04\0\0\0\x85\0\0\0\x71\0\0\0\x61\xa1\xf8\xff\0\0\0\0\x57\x01\
\0\0\0\0\x20\0\x55\x01\x9d\x02\0\0\0\0\xb7\x06\0\0\0\0\0\0\x18\x01\0\0\0\0\0\0\
\0\0\0\0\0\0\0\0\xb7\x02\0\0\xb0\x04\0\0\xb7\x03\0\0\0\0\0\0\x85\0\0\0\x83\0\0\
\0\x15\0\x96\x02\0\0\0\0\x7b\x8a\xd8\xff\0\0\0\0\x7b\x0a\xd0\xff\0\0\0\0\xbf\
\x01\0\0\0\0\0\0\x63\x61\0\0\0\0\0\0\x7b\x1a\xe0\xff\0\0\0\0\x63\x61\xa8\x04\0\
\0\0\0\xb7\x01\0\0\x10\x06\0\0\x7b\x7a\xe8\xff\0\0\0\0\xbf\x73\0\0\0\0\0\0\x0f\
\x13\0\0\0\0\0\0\xbf\xa1\0\0\0\0\0\0\x07\x01\0\0\xf0\xff\xff\xff\xb7\x02\0\0\
\x08\0\0\0\x85\0\0\0\x71\0\0\0\xb7\x01\0\0\x40\x06\0\0\x79\xa3\xf0\xff\0\0\0\0\
\x0f\x13\0\0\0\0\0\0\xbf\xa1\0\0\0\0\0\0\x07\x01\0\0\xf8\xff\xff\xff\xb7\x02\0\
\0\x08\0\0\0\x85\0\0\0\x71\0\0\0\xb7\x09\0\0\x40\0\0\0\x79\xa6\xf8\xff\0\0\0\0\
\x05\0\x06\0\0\0\0\0\x07\x09\0\0\xff\xff\xff\xff\xbf\x91\0\0\0\0\0\0\x67\x01\0\
\0\x20\0\0\0\x77\x01\0\0\x20\0\0\0\xbf\x86\0\0\0\0\0\0\x15\x01\x20\0\0\0\0\0\
\xbf\x63\0\0\0\0\0\0\xb7\x01\0\0\x10\x06\0\0\x0f\x13\0\0\0\0\0\0\xbf\xa1\0\0\0\
\0\0\0\x07\x01\0\0\xf0\xff\xff\xff\xb7\x02\0\0\x08\0\0\0\x85\0\0\0\x71\0\0\0\
\x79\xa3\xf0\xff\0\0\0\0\xb7\x01\0\0\x40\x06\0\0\x0f\x13\0\0\0\0\0\0\xbf\xa1\0\
\0\0\0\0\0\x07\x01\0\0\xf8\xff\xff\xff\xb7\x02\0\0\x08\0\0\0\x85\0\0\0\x71\0\0\
\0\x79\xa8\xf8\xff\0\0\0\0\x15\x08\x10\0\0\0\0\0\xbf\x63\0\0\0\0\0\0\xb7\x07\0\
\0\xa0\x08\0\0\x0f\x73\0\0\0\0\0\0\xbf\xa1\0\0\0\0\0\0\x07\x01\0\0\xf8\xff\xff\
\xff\xb7\x02\0\0\x08\0\0\0\x85\0\0\0\x71\0\0\0\xbf\x83\0\0\0\0\0\0\x0f\x73\0\0\
\0\0\0\0\x79\xa7\xf8\xff\0\0\0\0\xbf\xa1\0\0\0\0\0\0\x07\x01\0\0\xf8\xff\xff\
\xff\xb7\x02\0\0\x08\0\0\0\x85\0\0\0\x71\0\0\0\x79\xa1\xf8\xff\0\0\0\0\x1d\x17\
\xda\xff\0\0\0\0\xb7\x07\0\0\x04\x06\0\0\xbf\x63\0\0\0\0\0\0\x0f\x73\0\0\0\0\0\
\0\xbf\xa1\0\0\0\0\0\0\x07\x01\0\0\xf8\xff\xff\xff\xb7\x02\0\0\x04\0\0\0\x85\0\
\0\0\x71\0\0\0\x61\xa1\xf8\xff\0\0\0\0\x79\xa4\xe0\xff\0\0\0\0\x63\x14\x0c\0\0\
\0\0\0\xb7\x08\0\0\x38\x07\0\0\x0f\x86\0\0\0\0\0\0\xbf\xa1\0\0\0\0\0\0\x07\x01\
\0\0\xf8\xff\xff\xff\xb7\x02\0\0\x08\0\0\0\xbf\x63\0\0\0\0\0\0\xbf\x46\0\0\0\0\
\0\0\x85\0\0\0\x71\0\0\0\x79\xa1\xf8\xff\0\0\0\0\x7b\x16\x18\0\0\0\0\0\xb7\x01\
\0\0\x40\x06\0\0\x79\xa9\xe8\xff\0\0\0\0\xbf\x93\0\0\0\0\0\0\x0f\x13\0\0\0\0\0\
\0\xbf\xa1\0\0\0\0\0\0\x07\x01\0\0\xf0\xff\xff\xff\xb7\x02\0\0\x08\0\0\0\x85\0\
\0\0\x71\0\0\0\x79\xa3\xf0\xff\0\0\0\0\x0f\x83\0\0\0\0\0\0\xbf\xa1\0\0\0\0\0\0\
\x07\x01\0\0\xf8\xff\xff\xff\xb7\x02\0\0\x08\0\0\0\x85\0\0\0\x71\0\0\0\x79\xa1\
\xf8\xff\0\0\0\0\x7b\x16\x10\0\0\0\0\0\xbf\x93\0\0\0\0\0\0\x0f\x73\0\0\0\0\0\0\
\xbf\xa1\0\0\0\0\0\0\x07\x01\0\0\xf8\xff\xff\xff\xb7\x02\0\0\x04\0\0\0\x85\0\0\
\0\x71\0\0\0\x61\xa1\xf8\xff\0\0\0\0\x63\x16\x08\0\0\0\0\0\xb7\x01\0\0\xa8\x07\
\0\0\xbf\x98\0\0\0\0\0\0\x0f\x18\0\0\0\0\0\0\xbf\xa1\0\0\0\0\0\0\x07\x01\0\0\
\xf8\xff\xff\xff\xb7\x02\0\0\x08\0\0\0\xbf\x83\0\0\0\0\0\0\x85\0\0\0\x71\0\0\0\
\xb7\x01\0\0\x14\0\0\0\x79\xa3\xf8\xff\0\0\0\0\x0f\x13\0\0\0\0\0\0\xbf\xa1\0\0\
\0\0\0\0\x07\x01\0\0\xf0\xff\xff\xff\xb7\x02\0\0\x04\0\0\0\x85\0\0\0\x71\0\0\0\
\x61\xa1\xf0\xff\0\0\0\0\x63\x16\x24\x02\0\0\0\0\xbf\xa1\0\0\0\0\0\0\x07\x01\0\
\0\xf8\xff\xff\xff\xb7\x02\0\0\x08\0\0\0\xbf\x83\0\0\0\0\0\0\x85\0\0\0\x71\0\0\
\0\xb7\x01\0\0\x18\0\0\0\x79\xa3\xf8\xff\0\0\0\0\x0f\x13\0\0\0\0\0\0\xbf\xa1\0\
\0\0\0\0\0\x07\x01\0\0\xf0\xff\xff\xff\xb7\x02\0\0\x04\0\0\0\x85\0\0\0\x71\0\0\
\0\x61\xa1\xf0\xff\0\0\0\0\x63\x16\x28\x02\0\0\0\0\xb7\x01\0\0\x48\x05\0\0\x0f\
\x19\0\0\0\0\0\0\xbf\xa1\0\0\0\0\0\0\x07\x01\0\0\xf0\xff\xff\xff\xb7\x02\0\0\
\x08\0\0\0\xbf\x93\0\0\0\0\0\0\x85\0\0\0\x71\0\0\0\xb7\x01\0\0\x28\x01\0\0\x79\
\xa3\xf0\xff\0\0\0\0\x0f\x13\0\0\0\0\0\0\xbf\xa1\0\0\0\0\0\0\x07\x01\0\0\xf8\
\xff\xff\xff\xb7\x02\0\0\x08\0\0\0\x85\0\0\0\x71\0\0\0\x79\xa8\xf8\xff\0\0\0\0\
\xbf\xa1\0\0\0\0\0\0\x07\x01\0\0\xf0\xff\xff\xff\xb7\x02\0\0\x08\0\0\0\xbf\x93\
\0\0\0\0\0\0\x85\0\0\0\x71\0\0\0\xb7\x01\0\0\x30\x01\0\0\x79\xa3\xf0\xff\0\0\0\
\0\x0f\x13\0\0\0\0\0\0\xbf\xa1\0\0\0\0\0\0\x07\x01\0\0\xf8\xff\xff\xff\xb7\x02\
\0\0\x08\0\0\0\x85\0\0\0\x71\0\0\0\x79\xa2\xf8\xff\0\0\0\0\x1f\x82\0\0\0\0\0\0\
\xb7\x01\0\0\0\x02\0\0\x2d\x21\x01\0\0\0\0\0\xb7\x02\0\0\0\x02\0\0\x63\x26\x20\
\x02\0\0\0\0\x79\xa1\xd0\xff\0\0\0\0\x07\x01\0\0\x20\0\0\0\xbf\x83\0\0\0\0\0\0\
\x85\0\0\0\x70\0\0\0\x61\x61\x20\x02\0\0\0\0\x55\x01\x02\0\0\x02\0\0\xb7\x01\0\
\0\0\0\0\0\x73\x16\x1f\x02\0\0\0\0\xb7\x01\0\0\x10\x08\0\0\x79\xa8\xe8\xff\0\0\
\0\0\x0f\x18\0\0\0\0\0\0\xbf\xa9\0\0\0\0\0\0\x07\x09\0\0\xf8\xff\xff\xff\xbf\
\x91\0\0\0\0\0\0\xb7\x02\0\0\x08\0\0\0\xbf\x83\0\0\0\0\0\0\x85\0\0\0\x71\0\0\0\
\xb7\x01\0\0\x20\0\0\0\x79\xa3\xf8\xff\0\0\0\0\x0f\x13\0\0\0\0\0\0\xbf\x91\0\0\
\0\0\0\0\xb7\x02\0\0\x08\0\0\0\x85\0\0\0\x71\0\0\0\xb7\x01\0\0\x78\0\0\0\x79\
\xa3\xf8\xff\0\0\0\0\x0f\x13\0\0\0\0\0\0\xbf\xa1\0\0\0\0\0\0\x07\x01\0\0\xf0\
\xff\xff\xff\xb7\x02\0\0\x04\0\0\0\x85\0\0\0\x71\0\0\0\x61\xa1\xf0\xff\0\0\0\0\
\x7b\x16\x78\x04\0\0\0\0\xbf\xa9\0\0\0\0\0\0\x07\x09\0\0\xf8\xff\xff\xff\xbf\
\x91\0\0\0\0\0\0\xb7\x02\0\0\x08\0\0\0\xbf\x83\0\0\0\0\0\0\x85\0\0\0\x71\0\0\0\
\xb7\x01\0\0\x18\0\0\0\x79\xa3\xf8\xff\0\0\0\0\x0f\x13\0\0\0\0\0\0\xbf\x91\0\0\
\0\0\0\0\xb7\x02\0\0\x08\0\0\0\x85\0\0\0\x71\0\0\0\xb7\x01\0\0\x10\0\0\0\x79\
\xa3\xf8\xff\0\0\0\0\x0f\x13\0\0\0\0\0\0\xbf\xa1\0\0\0\0\0\0\x07\x01\0\0\xf0\
\xff\xff\xff\xb7\x02\0\0\x04\0\0\0\x85\0\0\0\x71\0\0\0\x61\xa1\xf0\xff\0\0\0\0\
\x7b\x16\x90\x04\0\0\0\0\xbf\xa9\0\0\0\0\0\0\x07\x09\0\0\xf8\xff\xff\xff\xbf\
\x91\0\0\0\0\0\0\xb7\x02\0\0\x08\0\0\0\xbf\x83\0\0\0\0\0\0\x85\0\0\0\x71\0\0\0\
\xb7\x01\0\0\x40\0\0\0\x79\xa3\xf8\xff\0\0\0\0\x0f\x13\0\0\0\0\0\0\xbf\x91\0\0\
\0\0\0\0\xb7\x02\0\0\x08\0\0\0\x85\0\0\0\x71\0\0\0\xb7\x01\0\0\x10\0\0\0\x79\
\xa3\xf8\xff\0\0\0\0\x0f\x13\0\0\0\0\0\0\xbf\xa1\0\0\0\0\0\0\x07\x01\0\0\xf0\
\xff\xff\xff\xb7\x02\0\0\x04\0\0\0\x85\0\0\0\x71\0\0\0\x61\xa1\xf0\xff\0\0\0\0\
\x7b\x16\x70\x04\0\0\0\0\xbf\xa9\0\0\0\0\0\0\x07\x09\0\0\xf8\xff\xff\xff\xbf\
\x91\0\0\0\0\0\0\xb7\x02\0\0\x08\0\0\0\xbf\x83\0\0\0\0\0\0\x85\0\0\0\x71\0\0\0\
\xb7\x01\0\0\x10\0\0\0\x79\xa3\xf8\xff\0\0\0\0\x0f\x13\0\0\0\0\0\0\xbf\x91\0\0\
\0\0\0\0\xb7\x02\0\0\x08\0\0\0\x85\0\0\0\x71\0\0\0\xb7\x01\0\0\x30\x03\0\0\x79\
\xa3\xf8\xff\0\0\0\0\x0f\x13\0\0\0\0\0\0\xbf\xa1\0\0\0\0\0\0\x07\x01\0\0\xf0\
\xff\xff\xff\xb7\x02\0\0\x04\0\0\0\x85\0\0\0\x71\0\0\0\x61\xa1\xf0\xff\0\0\0\0\
\x7b\x16\xa0\x04\0\0\0\0\xbf\xa9\0\0\0\0\0\0\x07\x09\0\0\xf8\xff\xff\xff\xbf\
\x91\0\0\0\0\0\0\xb7\x02\0\0\x08\0\0\0\xbf\x83\0\0\0\0\0\0\x85\0\0\0\x71\0\0\0\
\xb7\x01\0\0\x28\0\0\0\x79\xa3\xf8\xff\0\0\0\0\x0f\x13\0\0\0\0\0\0\xbf\x91\0\0\
\0\0\0\0\xb7\x02\0\0\x08\0\0\0\x85\0\0\0\x71\0\0\0\xb7\x01\0\0\x88\0\0\0\x79\
\xa3\xf8\xff\0\0\0\0\x0f\x13\0\0\0\0\0\0\xbf\xa1\0\0\0\0\0\0\x07\x01\0\0\xf0\
\xff\xff\xff\xb7\x02\0\0\x04\0\0\0\x85\0\0\0\x71\0\0\0\x61\xa1\xf0\xff\0\0\0\0\
\x7b\x16\x98\x04\0\0\0\0\xbf\xa9\0\0\0\0\0\0\x07\x09\0\0\xf8\xff\xff\xff\xbf\
\x91\0\0\0\0\0\0\xb7\x02\0\0\x08\0\0\0\xbf\x83\0\0\0\0\0\0\x7b\x8a\xc8\xff\0\0\
\0\0\x85\0\0\0\x71\0\0\0\xbf\x67\0\0\0\0\0\0\xb7\x06\0\0\x08\0\0\0\x79\xa3\xf8\
\xff\0\0\0\0\x0f\x63\0\0\0\0\0\0\xbf\x91\0\0\0\0\0\0\xb7\x02\0\0\x08\0\0\0\x85\
\0\0\0\x71\0\0\0\xb7\x01\0\0\x88\x01\0\0\x79\xa3\xf8\xff\0\0\0\0\x0f\x13\0\0\0\
\0\0\0\xbf\x91\0\0\0\0\0\0\xb7\x02\0\0\x08\0\0\0\x85\0\0\0\x71\0\0\0\xb7\x01\0\
\0\0\x01\0\0\x79\xa3\xf8\xff\0\0\0\0\x0f\x13\0\0\0\0\0\0\xbf\xa1\0\0\0\0\0\0\
\x07\x01\0\0\xf0\xff\xff\xff\xb7\x02\0\0\x04\0\0\0\x85\0\0\0\x71\0\0\0\x61\xa1\
\xf0\xff\0\0\0\0\x7b\x17\x80\x04\0\0\0\0\xbf\xa9\0\0\0\0\0\0\x07\x09\0\0\xf8\
\xff\xff\xff\xbf\x91\0\0\0\0\0\0\xb7\x02\0\0\x08\0\0\0\xbf\x83\0\0\0\0\0\0\x85\
\0\0\0\x71\0\0\0\x79\xa3\xf8\xff\0\0\0\0\x0f\x63\0\0\0\0\0\0\xbf\x91\0\0\0\0\0\
\0\xb7\x02\0\0\x08\0\0\0\x85\0\0\0\x71\0\0\0\xb7\x01\0\0\xa8\x01\0\0\x79\xa3\
\xf8\xff\0\0\0\0\x0f\x13\0\0\0\0\0\0\xbf\xa1\0\0\0\0\0\0\x07\x01\0\0\xf0\xff\
\xff\xff\xb7\x02\0\0\x04\0\0\0\x85\0\0\0\x71\0\0\0\x61\xa1\xf0\xff\0\0\0\0\x7b\
\x17\x88\x04\0\0\0\0\xb7\x01\0\0\x40\0\0\0\x79\xa9\xd8\xff\0\0\0\0\x0f\x19\0\0\
\0\0\0\0\xbf\xa8\0\0\0\0\0\0\x07\x08\0\0\xf0\xff\xff\xff\xbf\x81\0\0\0\0\0\0\
\xb7\x02\0\0\x08\0\0\0\xbf\x93\0\0\0\0\0\0\x85\0\0\0\x71\0\0\0\xb7\x01\0\0\x28\
\0\0\0\x79\xa3\xf0\xff\0\0\0\0\x0f\x13\0\0\0\0\0\0\xb7\x06\0\0\x28\0\0\0\xbf\
\x81\0\0\0\0\0\0\xb7\x02\0\0\x08\0\0\0\x85\0\0\0\x71\0\0\0\xb7\x01\0\0\x40\0\0\
\0\x79\xa3\xf0\xff\0\0\0\0\x0f\x13\0\0\0\0\0\0\xbf\xa1\0\0\0\0\0\0\x07\x01\0\0\
\xf8\xff\xff\xff\xb7\x02\0\0\x08\0\0\0\x85\0\0\0\x71\0\0\0\x79\xa1\xf8\xff\0\0\
\0\0\x63\x17\x3c\x04\0\0\0\0\xbf\xa8\0\0\0\0\0\0\x07\x08\0\0\xf8\xff\xff\xff\
\xbf\x81\0\0\0\0\0\0\xb7\x02\0\0\x08\0\0\0\xbf\x93\0\0\0\0\0\0\x85\0\0\0\x71\0\
\0\0\x79\xa3\xf8\xff\0\0\0\0\x0f\x63\0\0\0\0\0\0\xbf\x81\0\0\0\0\0\0\xb7\x02\0\
\0\x08\0\0\0\x85\0\0\0\x71\0\0\0\xb7\x01\0\0\x04\0\0\0\x79\xa3\xf8\xff\0\0\0\0\
\x0f\x13\0\0\0\0\0\0\xbf\xa1\0\0\0\0\0\0\x07\x01\0\0\xf0\xff\xff\xff\xb7\x02\0\
\0\x04\0\0\0\x85\0\0\0\x71\0\0\0\x61\xa1\xf0\xff\0\0\0\0\x63\x17\x40\x04\0\0\0\
\0\xbf\xa8\0\0\0\0\0\0\x07\x08\0\0\xf8\xff\xff\xff\xbf\x81\0\0\0\0\0\0\xb7\x02\
\0\0\x08\0\0\0\xbf\x93\0\0\0\0\0\0\x85\0\0\0\x71\0\0\0\x79\xa3\xf8\xff\0\0\0\0\
\x0f\x63\0\0\0\0\0\0\xbf\x81\0\0\0\0\0\0\xb7\x02\0\0\x08\0\0\0\x85\0\0\0\x71\0\
\0\0\xb7\x01\0\0\x08\0\0\0\x79\xa3\xf8\xff\0\0\0\0\x0f\x13\0\0\0\0\0\0\xbf\xa1\
\0\0\0\0\0\0\x07\x01\0\0\xf0\xff\xff\xff\xb7\x02\0\0\x04\0\0\0\x85\0\0\0\x71\0\
\0\0\x61\xa1\xf0\xff\0\0\0\0\x63\x17\x44\x04\0\0\0\0\xbf\xa8\0\0\0\0\0\0\x07\
\x08\0\0\xf8\xff\xff\xff\xbf\x81\0\0\0\0\0\0\xb7\x02\0\0\x08\0\0\0\xbf\x93\0\0\
\0\0\0\0\x85\0\0\0\x71\0\0\0\x79\xa3\xf8\xff\0\0\0\0\x0f\x63\0\0\0\0\0\0\xbf\
\x81\0\0\0\0\0\0\xb7\x02\0\0\x08\0\0\0\x85\0\0\0\x71\0\0\0\xb7\x01\0\0\0\0\0\0\
\x79\xa3\xf8\xff\0\0\0\0\x0f\x13\0\0\0\0\0\0\xbf\xa1\0\0\0\0\0\0\x07\x01\0\0\
\xf0\xff\xff\xff\xb7\x02\0\0\x02\0\0\0\x85\0\0\0\x71\0\0\0\x69\xa1\xf0\xff\0\0\
\0\0\x6b\x17\x4c\x04\0\0\0\0\xbf\xa8\0\0\0\0\0\0\x07\x08\0\0\xf0\xff\xff\xff\
\xbf\x81\0\0\0\0\0\0\xb7\x02\0\0\x08\0\0\0\xbf\x93\0\0\0\0\0\0\x85\0\0\0\x71\0\
\0\0\x79\xa3\xf0\xff\0\0\0\0\x0f\x63\0\0\0\0\0\0\xbf\x81\0\0\0\0\0\0\xb7\x02\0\
\0\x08\0\0\0\x85\0\0\0\x71\0\0\0\xb7\x01\0\0\x68\0\0\0\x79\xa3\xf0\xff\0\0\0\0\
\x0f\x13\0\0\0\0\0\0\xbf\xa1\0\0\0\0\0\0\x07\x01\0\0\xf8\xff\xff\xff\xb7\x02\0\
\0\x08\0\0\0\x85\0\0\0\x71\0\0\0\x79\xa1\xf8\xff\0\0\0\0\x7b\x17\x50\x04\0\0\0\
\0\xbf\xa8\0\0\0\0\0\0\x07\x08\0\0\xf0\xff\xff\xff\xbf\x81\0\0\0\0\0\0\xb7\x02\
\0\0\x08\0\0\0\xbf\x93\0\0\0\0\0\0\x85\0\0\0\x71\0\0\0\x79\xa3\xf0\xff\0\0\0\0\
\x0f\x63\0\0\0\0\0\0\xbf\x81\0\0\0\0\0\0\xb7\x02\0\0\x08\0\0\0\x85\0\0\0\x71\0\
\0\0\xb7\x01\0\0\x70\0\0\0\x79\xa3\xf0\xff\0\0\0\0\x0f\x13\0\0\0\0\0\0\xbf\xa1\
\0\0\0\0\0\0\x07\x01\0\0\xf8\xff\xff\xff\xb7\x02\0\0\x08\0\0\0\x85\0\0\0\x71\0\
\0\0\x79\xa1\xf8\xff\0\0\0\0\x7b\x17\x58\x04\0\0\0\0\xbf\xa8\0\0\0\0\0\0\x07\
\x08\0\0\xf0\xff\xff\xff\xbf\x81\0\0\0\0\0\0\xb7\x02\0\0\x08\0\0\0\xbf\x93\0\0\
\0\0\0\0\x85\0\0\0\x71\0\0\0\x79\xa3\xf0\xff\0\0\0\0\x0f\x63\0\0\0\0\0\0\xbf\
\x81\0\0\0\0\0\0\xb7\x02\0\0\x08\0\0\0\x85\0\0\0\x71\0\0\0\xb7\x01\0\0\x78\0\0\
\0\x79\xa3\xf0\xff\0\0\0\0\x0f\x13\0\0\0\0\0\0\xbf\xa1\0\0\0\0\0\0\x07\x01\0\0\
\xf8\xff\xff\xff\xb7\x02\0\0\x08\0\0\0\x85\0\0\0\x71\0\0\0\x79\xa1\xf8\xff\0\0\
\0\0\x7b\x17\x60\x04\0\0\0\0\xbf\xa8\0\0\0\0\0\0\x07\x08\0\0\xf0\xff\xff\xff\
\xbf\x81\0\0\0\0\0\0\xb7\x02\0\0\x08\0\0\0\xbf\x93\0\0\0\0\0\0\x85\0\0\0\x71\0\
\0\0\x79\xa3\xf0\xff\0\0\0\0\x0f\x63\0\0\0\0\0\0\xbf\x81\0\0\0\0\0\0\xb7\x02\0\
\0\x08\0\0\0\x85\0\0\0\x71\0\0\0\xb7\x01\0\0\x80\0\0\0\x79\xa3\xf0\xff\0\0\0\0\
\x0f\x13\0\0\0\0\0\0\xbf\xa1\0\0\0\0\0\0\x07\x01\0\0\xf8\xff\xff\xff\xb7\x02\0\
\0\x08\0\0\0\x85\0\0\0\x71\0\0\0\x79\xa1\xf8\xff\0\0\0\0\x7b\x17\x68\x04\0\0\0\
\0\xbf\xa8\0\0\0\0\0\0\x07\x08\0\0\xf8\xff\xff\xff\xbf\x81\0\0\0\0\0\0\xb7\x02\
\0\0\x08\0\0\0\xbf\x93\0\0\0\0\0\0\x85\0\0\0\x71\0\0\0\x79\xa3\xf8\xff\0\0\0\0\
\x0f\x63\0\0\0\0\0\0\xbf\x81\0\0\0\0\0\0\xb7\x02\0\0\x08\0\0\0\x85\0\0\0\x71\0\
\0\0\xb7\x01\0\0\x28\0\0\0\x79\xa3\xf8\xff\0\0\0\0\x0f\x13\0\0\0\0\0\0\xbf\x81\
\0\0\0\0\0\0\xb7\x02\0\0\x08\0\0\0\x85\0\0\0\x71\0\0\0\xb7\x01\0\0\x10\0\0\0\
\x79\xa3\xf8\xff\0\0\0\0\x0f\x13\0\0\0\0\0\0\xbf\xa1\0\0\0\0\0\0\x07\x01\0\0\
\xf0\xff\xff\xff\xb7\x02\0\0\x04\0\0\0\x85\0\0\0\x71\0\0\0\x18\x01\0\0\0\0\xf0\
\xff\0\0\0\0\0\0\0\0\x61\xa2\xf0\xff\0\0\0\0\xbf\x23\0\0\0\0\0\0\x67\x03\0\0\
\x0c\0\0\0\x5f\x13\0\0\0\0\0\0\xbf\x21\0\0\0\0\0\0\x57\x01\0\0\xff\0\0\0\x77\
\x02\0\0\x0c\0\0\0\x57\x02\0\0\0\xff\x0f\0\x4f\x12\0\0\0\0\0\0\x4f\x32\0\0\0\0\
\0\0\x63\x27\x38\x04\0\0\0\0\xb7\x01\0\0\x68\0\0\0\x79\xa3\xd8\xff\0\0\0\0\x0f\
\x13\0\0\0\0\0\0\xbf\xa1\0\0\0\0\0\0\x07\x01\0\0\xf8\xff\xff\xff\xb7\x02\0\0\
\x08\0\0\0\x85\0\0\0\x71\0\0\0\x79\xa3\xf8\xff\0\0\0\0\x79\xa1\xd0\xff\0\0\0\0\
\x07\x01\0\0\x30\x02\0\0\xb7\x02\0\0\0\x02\0\0\x85\0\0\0\x2d\0\0\0\xbf\xa8\0\0\
\0\0\0\0\x07\x08\0\0\xf8\xff\xff\xff\xbf\x81\0\0\0\0\0\0\xb7\x02\0\0\x08\0\0\0\
\x79\xa3\xc8\xff\0\0\0\0\x85\0\0\0\x71\0\0\0\x79\xa3\xf8\xff\0\0\0\0\xb7\x01\0\
\0\x18\0\0\0\x0f\x13\0\0\0\0\0\0\xbf\x81\0\0\0\0\0\0\x79\xa8\xe8\xff\0\0\0\0\
\xb7\x02\0\0\x08\0\0\0\x85\0\0\0\x71\0\0\0\x79\xa3\xf8\xff\0\0\0\0\xb7\x01\0\0\
\x10\0\0\0\x0f\x13\0\0\0\0\0\0\xbf\xa1\0\0\0\0\0\0\x07\x01\0\0\xf0\xff\xff\xff\
\xb7\x02\0\0\x04\0\0\0\x85\0\0\0\x71\0\0\0\x61\xa1\xf0\xff\0\0\0\0\x7b\x17\x30\
\x04\0\0\0\0\xb7\x09\0\0\x40\0\0\0\x05\0\x06\0\0\0\0\0\x07\x09\0\0\xff\xff\xff\
\xff\xbf\x91\0\0\0\0\0\0\x67\x01\0\0\x20\0\0\0\x77\x01\0\0\x20\0\0\0\xbf\x68\0\
\0\0\0\0\0\x15\x01\x47\0\0\0\0\0\xbf\x83\0\0\0\0\0\0\xb7\x01\0\0\x10\x06\0\0\
\x0f\x13\0\0\0\0\0\0\xbf\xa1\0\0\0\0\0\0\x07\x01\0\0\xf0\xff\xff\xff\xb7\x02\0\
\0\x08\0\0\0\x85\0\0\0\x71\0\0\0\x79\xa3\xf0\xff\0\0\0\0\xb7\x01\0\0\x40\x06\0\
\0\x0f\x13\0\0\0\0\0\0\xbf\xa1\0\0\0\0\0\0\x07\x01\0\0\xf8\xff\xff\xff\xb7\x02\
\0\0\x08\0\0\0\x85\0\0\0\x71\0\0\0\x79\xa6\xf8\xff\0\0\0\0\x15\x06\x37\0\0\0\0\
\0\xbf\x63\0\0\0\0\0\0\xb7\x01\0\0\x04\x06\0\0\x0f\x13\0\0\0\0\0\0\xbf\xa1\0\0\
\0\0\0\0\x07\x01\0\0\xf8\xff\xff\xff\xb7\x02\0\0\x04\0\0\0\x85\0\0\0\x71\0\0\0\
\x61\xa1\xf8\xff\0\0\0\0\x15\x01\x2e\0\0\0\0\0\xbf\x83\0\0\0\0\0\0\xb7\x07\0\0\
\x10\x08\0\0\x0f\x73\0\0\0\0\0\0\x7b\x8a\xe8\xff\0\0\0\0\xbf\xa8\0\0\0\0\0\0\
\x07\x08\0\0\xf8\xff\xff\xff\xbf\x81\0\0\0\0\0\0\xb7\x02\0\0\x08\0\0\0\x85\0\0\
\0\x71\0\0\0\x79\xa3\xf8\xff\0\0\0\0\xb7\x01\0\0\x18\0\0\0\x0f\x13\0\0\0\0\0\0\
\xbf\x81\0\0\0\0\0\0\xb7\x02\0\0\x08\0\0\0\x85\0\0\0\x71\0\0\0\x79\xa3\xf8\xff\
\0\0\0\0\xb7\x01\0\0\x10\0\0\0\x0f\x13\0\0\0\0\0\0\xbf\xa1\0\0\0\0\0\0\x07\x01\
\0\0\xf0\xff\xff\xff\xb7\x02\0\0\x04\0\0\0\x85\0\0\0\x71\0\0\0\xbf\x63\0\0\0\0\
\0\0\x0f\x73\0\0\0\0\0\0\x61\xa7\xf0\xff\0\0\0\0\xbf\xa8\0\0\0\0\0\0\x07\x08\0\
\0\xf8\xff\xff\xff\xbf\x81\0\0\0\0\0\0\xb7\x02\0\0\x08\0\0\0\x85\0\0\0\x71\0\0\
\0\x79\xa3\xf8\xff\0\0\0\0\xb7\x01\0\0\x18\0\0\0\x0f\x13\0\0\0\0\0\0\xbf\x81\0\
\0\0\0\0\0\x79\xa8\xe8\xff\0\0\0\0\xb7\x02\0\0\x08\0\0\0\x85\0\0\0\x71\0\0\0\
\x79\xa3\xf8\xff\0\0\0\0\xb7\x01\0\0\x10\0\0\0\x0f\x13\0\0\0\0\0\0\xbf\xa1\0\0\
\0\0\0\0\x07\x01\0\0\xf0\xff\xff\xff\xb7\x02\0\0\x04\0\0\0\x85\0\0\0\x71\0\0\0\
\x61\xa1\xf0\xff\0\0\0\0\x1d\x17\xb3\xff\0\0\0\0\xb7\x01\0\0\x04\x06\0\0\x0f\
\x18\0\0\0\0\0\0\xbf\xa1\0\0\0\0\0\0\x07\x01\0\0\xf8\xff\xff\xff\xb7\x02\0\0\
\x04\0\0\0\xbf\x83\0\0\0\0\0\0\x85\0\0\0\x71\0\0\0\x61\xa2\xf8\xff\0\0\0\0\x79\
\xa1\xe0\xff\0\0\0\0\x63\x21\x48\x04\0\0\0\0\xb7\x02\0\0\0\0\0\0\x85\0\0\0\x84\
\0\0\0\xb7\0\0\0\0\0\0\0\x95\0\0\0\0\0\0\0\xb7\x02\0\0\x4c\0\0\0\x79\x19\0\0\0\
\0\0\0\xbf\x93\0\0\0\0\0\0\x0f\x23\0\0\0\0\0\0\xbf\xa1\0\0\0\0\0\0\x07\x01\0\0\
\xf8\xff\xff\xff\xb7\x02\0\0\x04\0\0\0\x85\0\0\0\x71\0\0\0\x61\xa1\xf8\xff\0\0\
\0\0\x57\x01\0\0\0\0\x20\0\x55\x01\x0f\x01\0\0\0\0\xb7\x01\0\0\0\x06\0\0\xbf\
\x93\0\0\0\0\0\0\x0f\x13\0\0\0\0\0\0\xbf\xa1\0\0\0\0\0\0\x07\x01\0\0\xf8\xff\
\xff\xff\xb7\x02\0\0\x04\0\0\0\x85\0\0\0\x71\0\0\0\xb7\x01\0\0\x04\x06\0\0\xbf\
\x93\0\0\0\0\0\0\x0f\x13\0\0\0\0\0\0\x61\xa6\xf8\xff\0\0\0\0\xbf\xa1\0\0\0\0\0\
\0\x07\x01\0\0\xf8\xff\xff\xff\xb7\x02\0\0\x04\0\0\0\x85\0\0\0\x71\0\0\0\x61\
\xa1\xf8\xff\0\0\0\0\x5d\x16\xfe\0\0\0\0\0\xb7\x07\0\0\x40\0\0\0\x7b\x9a\xe8\
\xff\0\0\0\0\x05\0\x06\0\0\0\0\0\x07\x07\0\0\xff\xff\xff\xff\xbf\x71\0\0\0\0\0\
\0\x67\x01\0\0\x20\0\0\0\x77\x01\0\0\x20\0\0\0\xbf\x89\0\0\0\0\0\0\x15\x01\x20\
\0\0\0\0\0\xbf\x93\0\0\0\0\0\0\xb7\x01\0\0\x10\x06\0\0\x0f\x13\0\0\0\0\0\0\xbf\
\xa1\0\0\0\0\0\0\x07\x01\0\0\xf0\xff\xff\xff\xb7\x02\0\0\x08\0\0\0\x85\0\0\0\
\x71\0\0\0\x79\xa3\xf0\xff\0\0\0\0\xb7\x01\0\0\x40\x06\0\0\x0f\x13\0\0\0\0\0\0\
\xbf\xa1\0\0\0\0\0\0\x07\x01\0\0\xf8\xff\xff\xff\xb7\x02\0\0\x08\0\0\0\x85\0\0\
\0\x71\0\0\0\x79\xa8\xf8\xff\0\0\0\0\x15\x08\x10\0\0\0\0\0\xbf\x93\0\0\0\0\0\0\
\xb7\x06\0\0\xa0\x08\0\0\x0f\x63\0\0\0\0\0\0\xbf\xa1\0\0\0\0\0\0\x07\x01\0\0\
\xf8\xff\xff\xff\xb7\x02\0\0\x08\0\0\0\x85\0\0\0\x71\0\0\0\xbf\x83\0\0\0\0\0\0\
\x0f\x63\0\0\0\0\0\0\x79\xa6\xf8\xff\0\0\0\0\xbf\xa1\0\0\0\0\0\0\x07\x01\0\0\
\xf8\xff\xff\xff\xb7\x02\0\0\x08\0\0\0\x85\0\0\0\x71\0\0\0\x79\xa1\xf8\xff\0\0\
\0\0\x1d\x16\xda\xff\0\0\0\0\x79\xa7\xe8\xff\0\0\0\0\x5d\x79\xd3\0\0\0\0\0\xb7\
\x06\0\0\0\0\0\0\x18\x01\0\0\0\0\0\0\0\0\0\0\0\0\0\0\xb7\x02\0\0\xb0\x04\0\0\
\xb7\x03\0\0\0\0\0\0\x85\0\0\0\x83\0\0\0\x15\0\xcc\0\0\0\0\0\x7b\x0a\xd8\xff\0\
\0\0\0\xbf\x02\0\0\0\0\0\0\xb7\x01\0\0\x01\0\0\0\x63\x12\0\0\0\0\0\0\x7b\x2a\
\xe0\xff\0\0\0\0\x63\x62\xa8\x04\0\0\0\0\xb7\x01\0\0\x10\x06\0\0\xbf\x73\0\0\0\
\0\0\0\x0f\x13\0\0\0\0\0\0\xbf\xa1\0\0\0\0\0\0\x07\x01\0\0\xf0\xff\xff\xff\xb7\
\x02\0\0\x08\0\0\0\x85\0\0\0\x71\0\0\0\xb7\x01\0\0\x40\x06\0\0\x79\xa3\xf0\xff\
\0\0\0\0\x0f\x13\0\0\0\0\0\0\xbf\xa1\0\0\0\0\0\0\x07\x01\0\0\xf8\xff\xff\xff\
\xb7\x02\0\0\x08\0\0\0\x85\0\0\0\x71\0\0\0\xb7\x08\0\0\x40\0\0\0\x79\xa7\xf8\
\xff\0\0\0\0\x05\0\x06\0\0\0\0\0\x07\x08\0\0\xff\xff\xff\xff\xbf\x81\0\0\0\0\0\
\0\x67\x01\0\0\x20\0\0\0\x77\x01\0\0\x20\0\0\0\xbf\x97\0\0\0\0\0\0\x15\x01\x20\
\0\0\0\0\0\xbf\x73\0\0\0\0\0\0\xb7\x01\0\0\x10\x06\0\0\x0f\x13\0\0\0\0\0\0\xbf\
\xa1\0\0\0\0\0\0\x07\x01\0\0\xf0\xff\xff\xff\xb7\x02\0\0\x08\0\0\0\x85\0\0\0\
\x71\0\0\0\x79\xa3\xf0\xff\0\0\0\0\xb7\x01\0\0\x40\x06\0\0\x0f\x13\0\0\0\0\0\0\
\xbf\xa1\0\0\0\0\0\0\x07\x01\0\0\xf8\xff\xff\xff\xb7\x02\0\0\x08\0\0\0\x85\0\0\
\0\x71\0\0\0\x79\xa9\xf8\xff\0\0\0\0\x15\x09\x10\0\0\0\0\0\xbf\x73\0\0\0\0\0\0\
\xb7\x06\0\0\xa0\x08\0\0\x0f\x63\0\0\0\0\0\0\xbf\xa1\0\0\0\0\0\0\x07\x01\0\0\
\xf8\xff\xff\xff\xb7\x02\0\0\x08\0\0\0\x85\0\0\0\x71\0\0\0\xbf\x93\0\0\0\0\0\0\
\x0f\x63\0\0\0\0\0\0\x79\xa6\xf8\xff\0\0\0\0\xbf\xa1\0\0\0\0\0\0\x07\x01\0\0\
\xf8\xff\xff\xff\xb7\x02\0\0\x08\0\0\0\x85\0\0\0\x71\0\0\0\x79\xa1\xf8\xff\0\0\
\0\0\x1d\x16\xda\xff\0\0\0\0\xb7\x09\0\0\x04\x06\0\0\xbf\x73\0\0\0\0\0\0\x0f\
\x93\0\0\0\0\0\0\xbf\xa1\0\0\0\0\0\0\x07\x01\0\0\xf8\xff\xff\xff\xb7\x02\0\0\
\x04\0\0\0\x85\0\0\0\x71\0\0\0\x61\xa1\xf8\xff\0\0\0\0\x79\xa6\xe0\xff\0\0\0\0\
\x63\x16\x0c\0\0\0\0\0\xb7\x08\0\0\x38\x07\0\0\x0f\x87\0\0\0\0\0\0\xbf\xa1\0\0\
\0\0\0\0\x07\x01\0\0\xf8\xff\xff\xff\xb7\x02\0\0\x08\0\0\0\xbf\x73\0\0\0\0\0\0\
\x85\0\0\0\x71\0\0\0\x79\xa1\xf8\xff\0\0\0\0\x7b\x16\x18\0\0\0\0\0\xb7\x01\0\0\
\x40\x06\0\0\x79\xa7\xe8\xff\0\0\0\0\xbf\x73\0\0\0\0\0\0\x0f\x13\0\0\0\0\0\0\
\xbf\xa1\0\0\0\0\0\0\x07\x01\0\0\xf0\xff\xff\xff\xb7\x02\0\0\x08\0\0\0\x85\0\0\
\0\x71\0\0\0\x79\xa3\xf0\xff\0\0\0\0\x0f\x83\0\0\0\0\0\0\xbf\xa1\0\0\0\0\0\0\
\x07\x01\0\0\xf8\xff\xff\xff\xb7\x02\0\0\x08\0\0\0\x85\0\0\0\x71\0\0\0\x79\xa1\
\xf8\xff\0\0\0\0\x7b\x16\x10\0\0\0\0\0\xbf\x73\0\0\0\0\0\0\x0f\x93\0\0\0\0\0\0\
\xbf\xa1\0\0\0\0\0\0\x07\x01\0\0\xf8\xff\xff\xff\xb7\x02\0\0\x04\0\0\0\x85\0\0\
\0\x71\0\0\0\x61\xa1\xf8\xff\0\0\0\0\x63\x16\x08\0\0\0\0\0\xb7\x01\0\0\xa8\x07\
\0\0\xbf\x79\0\0\0\0\0\0\x0f\x19\0\0\0\0\0\0\xbf\xa1\0\0\0\0\0\0\x07\x01\0\0\
\xf8\xff\xff\xff\xb7\x02\0\0\x08\0\0\0\xbf\x93\0\0\0\0\0\0\x85\0\0\0\x71\0\0\0\
\xb7\x01\0\0\x14\0\0\0\x79\xa3\xf8\xff\0\0\0\0\x0f\x13\0\0\0\0\0\0\xbf\xa1\0\0\
\0\0\0\0\x07\x01\0\0\xf0\xff\xff\xff\xb7\x02\0\0\x04\0\0\0\x85\0\0\0\x71\0\0\0\
\x61\xa1\xf0\xff\0\0\0\0\x63\x16\x24\x02\0\0\0\0\xbf\xa1\0\0\0\0\0\0\x07\x01\0\
\0\xf8\xff\xff\xff\xb7\x02\0\0\x08\0\0\0\xbf\x93\0\0\0\0\0\0\x85\0\0\0\x71\0\0\
\0\xb7\x01\0\0\x18\0\0\0\x79\xa3\xf8\xff\0\0\0\0\x0f\x13\0\0\0\0\0\0\xbf\xa1\0\
\0\0\0\0\0\x07\x01\0\0\xf0\xff\xff\xff\xb7\x02\0\0\x04\0\0\0\x85\0\0\0\x71\0\0\
\0\x61\xa1\xf0\xff\0\0\0\0\x63\x16\x28\x02\0\0\0\0\xb7\x01\0\0\x48\x05\0\0\xbf\
\x78\0\0\0\0\0\0\x0f\x18\0\0\0\0\0\0\xbf\xa1\0\0\0\0\0\0\x07\x01\0\0\xf0\xff\
\xff\xff\xb7\x02\0\0\x08\0\0\0\xbf\x83\0\0\0\0\0\0\x85\0\0\0\x71\0\0\0\xb7\x01\
\0\0\x28\x01\0\0\x79\xa3\xf0\xff\0\0\0\0\x0f\x13\0\0\0\0\0\0\xbf\xa1\0\0\0\0\0\
\0\x07\x01\0\0\xf8\xff\xff\xff\xb7\x02\0\0\x08\0\0\0\x85\0\0\0\x71\0\0\0\x79\
\xa9\xf8\xff\0\0\0\0\xbf\xa1\0\0\0\0\0\0\x07\x01\0\0\xf0\xff\xff\xff\xb7\x02\0\
\0\x08\0\0\0\xbf\x83\0\0\0\0\0\0\x85\0\0\0\x71\0\0\0\xb7\x01\0\0\x30\x01\0\0\
\x79\xa3\xf0\xff\0\0\0\0\x0f\x13\0\0\0\0\0\0\xbf\xa1\0\0\0\0\0\0\x07\x01\0\0\
\xf8\xff\xff\xff\xb7\x02\0\0\x08\0\0\0\x85\0\0\0\x71\0\0\0\x79\xa2\xf8\xff\0\0\
\0\0\x1f\x92\0\0\0\0\0\0\xb7\x01\0\0\0\x02\0\0\x2d\x21\x01\0\0\0\0\0\xb7\x02\0\
\0\0\x02\0\0\x63\x26\x20\x02\0\0\0\0\x79\xa1\xd8\xff\0\0\0\0\x07\x01\0\0\x20\0\
\0\0\xbf\x93\0\0\0\0\0\0\x85\0\0\0\x70\0\0\0\x61\x61\x20\x02\0\0\0\0\xbf\x67\0\
\0\0\0\0\0\x55\x01\x02\0\0\x02\0\0\xb7\x01\0\0\0\0\0\0\x73\x17\x1f\x02\0\0\0\0\
\xb7\x01\0\0\x20\x06\0\0\x79\xa3\xe8\xff\0\0\0\0\x0f\x13\0\0\0\0\0\0\xbf\xa1\0\
\0\0\0\0\0\x07\x01\0\0\xf8\xff\xff\xff\xb7\x02\0\0\x08\0\0\0\x85\0\0\0\x71\0\0\
\0\xb7\x01\0\0\x01\0\0\0\x79\xa6\xf8\xff\0\0\0\0\x15\x06\x0b\0\0\0\0\0\xb7\x01\
\0\0\0\0\0\0\xbf\x63\0\0\0\0\0\0\x0f\x13\0\0\0\0\0\0\xbf\xa1\0\0\0\0\0\0\x07\
\x01\0\0\xf8\xff\xff\xff\xb7\x02\0\0\x08\0\0\0\x85\0\0\0\x71\0\0\0\xb7\x01\0\0\
\x01\0\0\0\x79\xa2\xf8\xff\0\0\0\0\x1d\x26\x01\0\0\0\0\0\xb7\x01\0\0\0\0\0\0\
\x57\x01\0\0\x01\0\0\0\x73\x17\x30\x02\0\0\0\0\xbf\x71\0\0\0\0\0\0\xb7\x02\0\0\
\0\0\0\0\x85\0\0\0\x84\0\0\0\xb7\0\0\0\0\0\0\0\x95\0\0\0\0\0\0\0\x44\x75\x61\
\x6c\x20\x42\x53\x44\x2f\x47\x50\x4c\0\0\0\0\0\0\0\0\0\0\0\0\0\0\0\0\0\0\0\0\
\x9f\xeb\x01\0\x18\0\0\0\0\0\0\0\xa8\xce\0\0\xa8\xce\0\0\x65\x9b\0\0\0\0\0\0\0\
\0\0\x02\x03\0\0\0\x01\0\0\0\0\0\0\x01\x04\0\0\0\x20\0\0\x01\0\0\0\0\0\0\0\x03\
\0\0\0\0\x02\0\0\0\x04\0\0\0\x1b\0\0\0\x05\0\0\0\0\0\0\x01\x04\0\0\0\x20\0\0\0\
\0\0\0\0\0\0\0\x02\x06\0\0\0\0\0\0\0\0\0\0\x03\0\0\0\0\x02\0\0\0\x04\0\0\0\0\0\
\x20\0\0\0\0\0\x02\0\0\x04\x10\0\0\0\x19\0\0\0\x01\0\0\0\0\0\0\0\x1e\0\0\0\x05\
\0\0\0\x40\0\0\0\x2a\0\0\0\0\0\0\x0e\x07\0\0\0\x01\0\0\0\0\0\0\0\0\0\0\x02\x0a\
\0\0\0\x2d\0\0\0\0\0\0\x01\x08\0\0\0\x40\0\0\0\0\0\0\0\x01\0\0\x0d\x02\0\0\0\
\x40\0\0\0\x09\0\0\0\x44\0\0\0\x01\0\0\x0c\x0b\0\0\0\x80\0\0\0\xce\0\0\x84\x80\
\x0f\0\0\x8c\0\0\0\x0e\0\0\0\0\0\0\0\x98\0\0\0\x16\0\0\0\xc0\x01\0\0\xa0\0\0\0\
\x19\0\0\0\0\x02\0\0\xa6\0\0\0\x1a\0\0\0\x40\x02\0\0\xac\0\0\0\x16\0\0\0\x60\
\x02\0\0\xb2\0\0\0\x16\0\0\0\x80\x02\0\0\xb9\0\0\0\x02\0\0\0\xa0\x02\0\0\xc0\0\
\0\0\x1e\0\0\0\xc0\x02\0\0\xcb\0\0\0\x16\0\0\0\x40\x03\0\0\xcf\0\0\0\x16\0\0\0\
\x60\x03\0\0\xdb\0\0\0\x0f\0\0\0\x80\x03\0\0\xef\0\0\0\x25\0\0\0\xc0\x03\0\0\
\xfa\0\0\0\x02\0\0\0\0\x04\0\0\x0a\x01\0\0\x02\0\0\0\x20\x04\0\0\x13\x01\0\0\
\x02\0\0\0\x40\x04\0\0\x19\x01\0\0\x02\0\0\0\x60\x04\0\0\x1e\x01\0\0\x02\0\0\0\
\x80\x04\0\0\x2a\x01\0\0\x02\0\0\0\xa0\x04\0\0\x36\x01\0\0\x16\0\0\0\xc0\x04\0\
\0\x42\x01\0\0\x26\0\0\0\0\x05\0\0\x4e\x01\0\0\x28\0\0\0\0\x06\0\0\x51\x01\0\0\
\x32\0\0\0\0\x10\0\0\x54\x01\0\0\x34\0\0\0\x80\x11\0\0\x57\x01\0\0\x44\0\0\0\
\x80\x18\0\0\x68\x01\0\0\x46\0\0\0\xc0\x18\0\0\x73\x01\0\0\x46\0\0\0\0\x19\0\0\
\x7a\x01\0\0\x02\0\0\0\x40\x19\0\0\x91\x01\0\0\x47\0\0\0\0\x1a\0\0\x97\x01\0\0\
\x16\0\0\0\0\x22\0\0\xa2\x01\0\0\x16\0\0\0\x20\x22\0\0\xa9\x01\0\0\x02\0\0\0\
\x40\x22\0\0\xb9\x01\0\0\x48\0\0\0\x80\x22\0\0\xc2\x01\0\0\x4b\0\0\0\xc0\x22\0\
\0\xd0\x01\0\0\x4a\0\0\0\0\x23\0\0\xda\x01\0\0\x19\0\0\0\x40\x23\0\0\xec\x01\0\
\0\x24\0\0\0\x80\x23\0\0\xff\x01\0\0\x24\0\0\0\x90\x23\0\0\x0f\x02\0\0\x02\0\0\
\0\xa0\x23\0\0\x25\x02\0\0\x4e\0\0\0\xc0\x23\0\0\x3d\x02\0\0\x2c\0\0\0\0\x24\0\
\0\x4c\x02\0\0\x50\0\0\0\x80\x24\0\0\x5d\x02\0\0\x0f\0\0\0\xc0\x24\0\0\x6d\x02\
\0\0\x40\0\0\0\0\x25\0\0\x7f\x02\0\0\x40\0\0\0\x08\x25\0\0\x8d\x02\0\0\x02\0\0\
\0\x20\x25\0\0\xa0\x02\0\0\x2c\0\0\0\x40\x25\0\0\xb7\x02\0\0\x02\0\0\0\xc0\x25\
\0\0\xca\x02\0\0\x02\0\0\0\xe0\x25\0\0\xd9\x02\0\0\x4e\0\0\0\0\x26\0\0\xec\x02\
\0\0\x51\0\0\0\x20\x26\0\0\xff\x02\0\0\x2c\0\0\0\x40\x26\0\0\x10\x03\0\0\x53\0\
\0\0\xc0\x26\0\0\x1b\x03\0\0\x2c\0\0\0\xc0\x27\0\0\x21\x03\0\0\x54\0\0\0\x40\
\x28\0\0\x30\x03\0\0\x2a\0\0\0\x80\x29\0\0\x42\x03\0\0\x55\0\0\0\x40\x2a\0\0\
\x45\x03\0\0\x55\0\0\0\x80\x2a\0\0\x4f\x03\0\0\x56\0\0\0\xc0\x2a\0\0\x58\x03\0\
\0\x6b\0\0\0\0\x2c\0\0\x61\x03\0\0\x02\0\0\0\xa0\x2c\0\0\x6c\x03\0\0\x02\0\0\0\
\xc0\x2c\0\0\x76\x03\0\0\x02\0\0\0\xe0\x2c\0\0\x82\x03\0\0\x02\0\0\0\0\x2d\0\0\
\x90\x03\0\0\x0f\0\0\0\x40\x2d\0\0\x97\x03\0\0\x16\0\0\0\x80\x2d\0\0\xa3\x03\0\
\0\x16\0\0\0\xa0\x2d\0\x01\xb7\x03\0\0\x16\0\0\0\xa1\x2d\0\x01\xd1\x03\0\0\x16\
\0\0\0\xa2\x2d\0\x01\xe0\x03\0\0\x16\0\0\0\xa3\x2d\0\x01\xf7\x03\0\0\x16\0\0\0\
\xc0\x2d\0\x01\x0b\x04\0\0\x16\0\0\0\xc1\x2d\0\x01\x15\x04\0\0\x16\0\0\0\xc2\
\x2d\0\x01\x1f\x04\0\0\x16\0\0\0\xc3\x2d\0\x01\x2c\x04\0\0\x16\0\0\0\xc4\x2d\0\
\x01\x40\x04\0\0\x16\0\0\0\xc5\x2d\0\x01\x47\x04\0\0\x16\0\0\0\xc6\x2d\0\x01\
\x54\x04\0\0\x16\0\0\0\xc7\x2d\0\x01\x60\x04\0\0\x16\0\0\0\xc8\x2d\0\x01\x6b\
\x04\0\0\x0f\0\0\0\0\x2e\0\0\x78\x04\0\0\x6d\0\0\0\x40\x2e\0\0\x86\x04\0\0\x7e\
\0\0\0\0\x30\0\0\x8a\x04\0\0\x7e\0\0\0\x20\x30\0\0\x8f\x04\0\0\x0f\0\0\0\x40\
\x30\0\0\x9c\x04\0\0\x25\0\0\0\x80\x30\0\0\xa8\x04\0\0\x25\0\0\0\xc0\x30\0\0\
\xaf\x04\0\0\x2c\0\0\0\0\x31\0\0\xb8\x04\0\0\x2c\0\0\0\x80\x31\0\0\xc0\x04\0\0\
\x25\0\0\0\0\x32\0\0\xcd\x04\0\0\x2c\0\0\0\x40\x32\0\0\xd5\x04\0\0\x2c\0\0\0\
\xc0\x32\0\0\xe2\x04\0\0\x80\0\0\0\x40\x33\0\0\xed\x04\0\0\x84\0\0\0\x80\x33\0\
\0\xf7\x04\0\0\x2c\0\0\0\x80\x35\0\0\x04\x05\0\0\x2c\0\0\0\0\x36\0\0\x10\x05\0\
\0\x85\0\0\0\x80\x36\0\0\x1b\x05\0\0\x86\0\0\0\xc0\x36\0\0\x29\x05\0\0\x86\0\0\
\0\0\x37\0\0\x39\x05\0\0\x19\0\0\0\x40\x37\0\0\x46\x05\0\0\x10\0\0\0\x80\x37\0\
\0\x4c\x05\0\0\x10\0\0\0\xc0\x37\0\0\x52\x05\0\0\x10\0\0\0\0\x38\0\0\x58\x05\0\
\0\x87\0\0\0\x40\x38\0\0\x65\x05\0\0\x0f\0\0\0\0\x39\0\0\x6b\x05\0\0\x0f\0\0\0\
\x40\x39\0\0\x72\x05\0\0\x10\0\0\0\x80\x39\0\0\x7d\x05\0\0\x10\0\0\0\xc0\x39\0\
\0\x8c\x05\0\0\x0f\0\0\0\0\x3a\0\0\x94\x05\0\0\x0f\0\0\0\x40\x3a\0\0\x9c\x05\0\
\0\x8f\0\0\0\x80\x3a\0\0\xac\x05\0\0\x95\0\0\0\0\x3d\0\0\xb9\x05\0\0\x95\0\0\0\
\x40\x3d\0\0\xc3\x05\0\0\x95\0\0\0\x80\x3d\0\0\xc8\x05\0\0\xa3\0\0\0\xc0\x3d\0\
\0\xdd\x05\0\0\xad\0\0\0\0\x3e\0\0\xe2\x05\0\0\xae\0\0\0\x80\x3e\0\0\xec\x05\0\
\0\xaf\0\0\0\xc0\x3e\0\0\xf4\x05\0\0\xb1\0\0\0\0\x3f\0\0\xfc\x05\0\0\x0f\0\0\0\
\x80\x3f\0\0\x0e\x06\0\0\x0f\0\0\0\xc0\x3f\0\0\x1f\x06\0\0\xb2\0\0\0\0\x40\0\0\
\x22\x06\0\0\xb3\0\0\0\x40\x40\0\0\x28\x06\0\0\xb4\0\0\0\x80\x40\0\0\x30\x06\0\
\0\xb5\0\0\0\xc0\x40\0\0\x37\x06\0\0\xb6\0\0\0\0\x41\0\0\x3f\x06\0\0\xb7\0\0\0\
\x40\x41\0\0\x47\x06\0\0\xb7\0\0\0\x80\x41\0\0\x54\x06\0\0\xb7\0\0\0\xc0\x41\0\
\0\x62\x06\0\0\xb9\0\0\0\0\x42\0\0\x6a\x06\0\0\x0f\0\0\0\xc0\x42\0\0\x74\x06\0\
\0\xba\0\0\0\0\x43\0\0\x80\x06\0\0\x16\0\0\0\x40\x43\0\0\x8d\x06\0\0\xaa\0\0\0\
\x80\x43\0\0\x98\x06\0\0\xbd\0\0\0\xc0\x43\0\0\xa6\x06\0\0\x98\0\0\0\0\x44\0\0\
\xaf\x06\0\0\x16\0\0\0\x20\x44\0\0\xb9\x06\0\0\xbe\0\0\0\x40\x44\0\0\xc1\x06\0\
\0\xc0\0\0\0\xc0\x44\0\0\xd2\x06\0\0\x10\0\0\0\xc0\x44\0\0\xe1\x06\0\0\x10\0\0\
\0\0\x45\0\0\xee\x06\0\0\xc1\0\0\0\x40\x45\0\0\xf9\x06\0\0\x88\0\0\0\x60\x45\0\
\0\x01\x07\0\0\xc4\0\0\0\x80\x45\0\0\x08\x07\0\0\x92\0\0\0\xc0\x45\0\0\x13\x07\
\0\0\x25\0\0\0\x40\x46\0\0\x1f\x07\0\0\xc6\0\0\0\x80\x46\0\0\x2d\x07\0\0\x19\0\
\0\0\xc0\x46\0\0\x3a\x07\0\0\xc7\0\0\0\0\x47\0\0\x43\x07\0\0\xc8\0\0\0\x40\x47\
\0\0\x48\x07\0\0\xc9\0\0\0\x80\x47\0\0\x56\x07\0\0\xca\0\0\0\xc0\x47\0\0\x67\
\x07\0\0\xcb\0\0\0\0\x48\0\0\x72\x07\0\0\xcc\0\0\0\x40\x48\0\0\x82\x07\0\0\x0f\
\0\0\0\x80\x48\0\0\x91\x07\0\0\xcd\0\0\0\xc0\x48\0\0\x9e\x07\0\0\xcf\0\0\0\0\
\x49\0\0\xa3\x07\0\0\x16\0\0\0\0\x4b\0\0\xad\x07\0\0\x10\0\0\0\x40\x4b\0\0\xbb\
\x07\0\0\x10\0\0\0\x80\x4b\0\0\xc8\x07\0\0\x10\0\0\0\xc0\x4b\0\0\xd5\x07\0\0\
\xd0\0\0\0\0\x4c\0\0\xe2\x07\0\0\xd2\0\0\0\x40\x4c\0\0\xf3\x07\0\0\x02\0\0\0\
\x60\x4c\0\0\x0b\x08\0\0\x02\0\0\0\x80\x4c\0\0\x24\x08\0\0\xd6\0\0\0\xc0\x4c\0\
\0\x2c\x08\0\0\x2c\0\0\0\0\x4d\0\0\x34\x08\0\0\xd7\0\0\0\x80\x4d\0\0\x40\x08\0\
\0\xd8\0\0\0\xc0\x4d\0\0\x53\x08\0\0\x2c\0\0\0\0\x4e\0\0\x61\x08\0\0\xd9\0\0\0\
\x80\x4e\0\0\x70\x08\0\0\xda\0\0\0\xc0\x4e\0\0\x81\x08\0\0\x16\0\0\0\xc0\x4f\0\
\0\x8d\x08\0\0\xe2\0\0\0\0\x50\0\0\x9d\x08\0\0\xda\0\0\0\x80\x50\0\0\xae\x08\0\
\0\x2c\0\0\0\x80\x51\0\0\xbe\x08\0\0\xe3\0\0\0\0\x52\0\0\xc3\x08\0\0\x14\0\0\0\
\x40\x52\0\0\xcc\x08\0\0\x0f\0\0\0\x80\x52\0\0\xdc\x08\0\0\xe4\0\0\0\xc0\x52\0\
\0\0\0\0\0\xe5\0\0\0\xc0\x52\0\0\xe4\x08\0\0\xe6\0\0\0\x40\x53\0\0\xf0\x08\0\0\
\xe7\0\0\0\x80\x53\0\0\xfa\x08\0\0\x02\0\0\0\0\x54\0\0\x05\x09\0\0\x02\0\0\0\
\x20\x54\0\0\x16\x09\0\0\x0f\0\0\0\x40\x54\0\0\x28\x09\0\0\x10\0\0\0\x80\x54\0\
\0\x37\x09\0\0\x10\0\0\0\xc0\x54\0\0\x4e\x09\0\0\x02\0\0\0\0\x55\0\0\x5d\x09\0\
\0\x02\0\0\0\x20\x55\0\0\x6c\x09\0\0\xe9\0\0\0\x40\x55\0\0\x76\x09\0\0\x0a\0\0\
\0\x80\x55\0\0\x87\x09\0\0\x1c\0\0\0\xc0\x55\0\0\x95\x09\0\0\x1c\0\0\0\xe0\x55\
\0\0\xa9\x09\0\0\x0f\0\0\0\0\x56\0\0\xaf\x09\0\0\x0f\0\0\0\x40\x56\0\0\xbf\x09\
\0\0\xea\0\0\0\x80\x56\0\0\xce\x09\0\0\xeb\0\0\0\xc0\x56\0\0\xd4\x09\0\0\xec\0\
\0\0\0\x57\0\0\xde\x09\0\0\x02\0\0\0\0\x57\0\0\xf1\x09\0\0\x25\0\0\0\x40\x57\0\
\0\x01\x0a\0\0\xed\0\0\0\x80\x57\0\0\x12\x0a\0\0\xf1\0\0\0\xc0\x58\0\0\x20\x0a\
\0\0\x1a\0\0\0\0\x59\0\0\x2f\x0a\0\0\x19\0\0\0\x40\x59\0\0\x38\x0a\0\0\xf2\0\0\
\0\x80\x59\0\0\x44\x0a\0\0\xf3\0\0\0\xc0\x59\0\0\x4c\x0a\0\0\xf4\0\0\0\0\x5a\0\
\0\x8c\0\0\0\x07\0\0\x04\x38\0\0\0\xac\0\0\0\x0f\0\0\0\0\0\0\0\x53\x0a\0\0\x10\
\0\0\0\x40\0\0\0\0\0\0\0\x12\0\0\0\x80\0\0\0\x59\x0a\0\0\x16\0\0\0\xc0\0\0\0\
\x65\x0a\0\0\x17\0\0\0\0\x01\0\0\x74\x0a\0\0\x16\0\0\0\x40\x01\0\0\x87\x0a\0\0\
\x17\0\0\0\x80\x01\0\0\x9d\x0a\0\0\0\0\0\x01\x08\0\0\0\x40\0\0\0\xab\x0a\0\0\0\
\0\0\x08\x11\0\0\0\xaf\x0a\0\0\0\0\0\x08\x0a\0\0\0\0\0\0\0\x02\0\0\x05\x08\0\0\
\0\xb5\x0a\0\0\x10\0\0\0\0\0\0\0\xc3\x0a\0\0\x13\0\0\0\0\0\0\0\0\0\0\0\x02\0\0\
\x04\x08\0\0\0\xcb\x0a\0\0\x14\0\0\0\0\0\0\0\xd1\x0a\0\0\x14\0\0\0\x20\0\0\0\
\xde\x0a\0\0\0\0\0\x08\x15\0\0\0\xe2\x0a\0\0\0\0\0\x08\x16\0\0\0\xe8\x0a\0\0\0\
\0\0\x01\x04\0\0\0\x20\0\0\0\0\0\0\0\0\0\0\x02\x18\0\0\0\0\0\0\0\0\0\0\x0a\0\0\
\0\0\0\0\0\0\0\0\0\x02\0\0\0\0\xf5\x0a\0\0\0\0\0\x08\x1b\0\0\0\0\x0b\0\0\x01\0\
\0\x04\x04\0\0\0\x10\x0b\0\0\x1c\0\0\0\0\0\0\0\x15\x0b\0\0\0\0\0\x08\x1d\0\0\0\
\0\0\0\0\x01\0\0\x04\x04\0\0\0\x1e\x0b\0\0\x02\0\0\0\0\0\0\0\x26\x0b\0\0\x04\0\
\0\x04\x10\0\0\0\x39\x0b\0\0\x1f\0\0\0\0\0\0\0\0\0\0\0\x21\0\0\0\x40\0\0\0\x3f\
\x0b\0\0\x22\0\0\0\x60\0\0\0\x43\x0b\0\0\x22\0\0\0\x70\0\0\0\x47\x0b\0\0\x01\0\
\0\x04\x08\0\0\0\x52\x0b\0\0\x20\0\0\0\0\0\0\0\0\0\0\0\0\0\0\x02\x1f\0\0\0\0\0\
\0\0\x02\0\0\x05\x04\0\0\0\x57\x0b\0\0\x16\0\0\0\0\0\0\0\x5f\x0b\0\0\x1c\0\0\0\
\0\0\0\0\x67\x0b\0\0\0\0\0\x08\x23\0\0\0\x6b\x0b\0\0\0\0\0\x08\x24\0\0\0\x71\
\x0b\0\0\0\0\0\x01\x02\0\0\0\x10\0\0\0\0\0\0\0\0\0\0\x02\x0d\0\0\0\0\0\0\0\0\0\
\0\x02\x27\0\0\0\0\0\0\0\0\0\0\x0a\x61\x04\0\0\x80\x0b\0\0\x0f\0\0\x04\x40\x01\
\0\0\x8d\x0b\0\0\x29\0\0\0\0\0\0\0\x92\x0b\0\0\x2a\0\0\0\x80\0\0\0\x9b\x0b\0\0\
\x2c\0\0\0\x40\x01\0\0\x13\x01\0\0\x16\0\0\0\xc0\x01\0\0\xa6\x0b\0\0\x10\0\0\0\
\0\x02\0\0\xb1\x0b\0\0\x10\0\0\0\x40\x02\0\0\xc2\x0b\0\0\x10\0\0\0\x80\x02\0\0\
\xcb\x0b\0\0\x10\0\0\0\xc0\x02\0\0\xe1\x0b\0\0\x10\0\0\0\0\x03\0\0\xef\x0b\0\0\
\x02\0\0\0\x40\x03\0\0\xa8\x04\0\0\x2e\0\0\0\x80\x03\0\0\xf5\x0b\0\0\x2f\0\0\0\
\xc0\x03\0\0\xfc\x0b\0\0\x2f\0\0\0\0\x04\0\0\x01\x0c\0\0\x0f\0\0\0\x40\x04\0\0\
\x11\x0c\0\0\x30\0\0\0\0\x06\0\0\x15\x0c\0\0\x02\0\0\x04\x10\0\0\0\x21\x0c\0\0\
\x0f\0\0\0\0\0\0\0\x28\x0c\0\0\x14\0\0\0\x40\0\0\0\x33\x0c\0\0\x03\0\0\x04\x18\
\0\0\0\x3b\x0c\0\0\x0f\0\0\0\0\0\0\0\x4d\x0c\0\0\x2b\0\0\0\x40\0\0\0\x56\x0c\0\
\0\x2b\0\0\0\x80\0\0\0\0\0\0\0\0\0\0\x02\x2a\0\0\0\x5e\x0c\0\0\x02\0\0\x04\x10\
\0\0\0\x52\x0b\0\0\x2d\0\0\0\0\0\0\0\x68\x0c\0\0\x2d\0\0\0\x40\0\0\0\0\0\0\0\0\
\0\0\x02\x2c\0\0\0\0\0\0\0\0\0\0\x02\x28\0\0\0\0\0\0\0\0\0\0\x02\x63\x04\0\0\
\x6d\x0c\0\0\x0a\0\0\x04\x80\0\0\0\x77\x0c\0\0\x10\0\0\0\0\0\0\0\x88\x0c\0\0\
\x10\0\0\0\x40\0\0\0\x91\x0c\0\0\x10\0\0\0\x80\0\0\0\x9e\x0c\0\0\x14\0\0\0\xc0\
\0\0\0\xa7\x0c\0\0\x14\0\0\0\xe0\0\0\0\xb6\x0c\0\0\x0f\0\0\0\0\x01\0\0\xbf\x0c\
\0\0\x0f\0\0\0\x40\x01\0\0\xcc\x0c\0\0\x0f\0\0\0\x80\x01\0\0\xd5\x0c\0\0\x0f\0\
\0\0\xc0\x01\0\0\xe0\x0c\0\0\x31\0\0\0\0\x02\0\0\xe0\x0c\0\0\x02\0\0\x04\x08\0\
\0\0\xe9\x0c\0\0\x16\0\0\0\0\0\0\0\xf2\x0c\0\0\x16\0\0\0\x20\0\0\0\xf7\x0c\0\0\
\x07\0\0\x04\x30\0\0\0\x07\x0d\0\0\x2c\0\0\0\0\0\0\0\x10\x0d\0\0\x0f\0\0\0\x80\
\0\0\0\x18\x0d\0\0\x0f\0\0\0\xc0\0\0\0\x27\x0d\0\0\x16\0\0\0\0\x01\0\0\x13\x01\
\0\0\x24\0\0\0\x20\x01\0\0\x32\x0d\0\0\x24\0\0\0\x30\x01\0\0\x3a\x0d\0\0\x33\0\
\0\0\x40\x01\0\0\0\0\0\0\0\0\0\x02\x32\0\0\0\x3f\x0d\0\0\x10\0\0\x84\xe0\0\0\0\
\x33\x0c\0\0\x2a\0\0\0\0\0\0\0\x4f\x0d\0\0\x10\0\0\0\xc0\0\0\0\x5a\x0d\0\0\x10\
\0\0\0\0\x01\0\0\x66\x0d\0\0\x10\0\0\0\x40\x01\0\0\x70\x0d\0\0\x10\0\0\0\x80\
\x01\0\0\x76\x0d\0\0\x10\0\0\0\xc0\x01\0\0\x81\x0d\0\0\x35\0\0\0\0\x02\0\0\x89\
\x0d\0\0\x10\0\0\0\x40\x02\0\0\xac\0\0\0\x16\0\0\0\x80\x02\0\0\x92\x0d\0\0\x16\
\0\0\0\xa0\x02\0\x01\x9f\x0d\0\0\x16\0\0\0\xa1\x02\0\x01\xaa\x0d\0\0\x16\0\0\0\
\xa2\x02\0\x01\xbc\x0d\0\0\x16\0\0\0\xa3\x02\0\x01\xc7\x0d\0\0\x38\0\0\0\xc0\
\x02\0\0\xd0\x0d\0\0\x38\0\0\0\xc0\x04\0\0\xdf\x0d\0\0\x43\0\0\0\xc0\x06\0\0\
\xe5\x0d\0\0\0\0\0\x08\x36\0\0\0\xe9\x0d\0\0\0\0\0\x08\x37\0\0\0\xef\x0d\0\0\0\
\0\0\x01\x08\0\0\0\x40\0\0\x01\xf9\x0d\0\0\x08\0\0\x04\x40\0\0\0\x01\x0e\0\0\
\x39\0\0\0\0\0\0\0\x06\x0e\0\0\x3a\0\0\0\0\x01\0\0\x13\x0e\0\0\x3b\0\0\0\x40\
\x01\0\0\x1c\x0e\0\0\x3f\0\0\0\x80\x01\0\0\x21\x0e\0\0\x40\0\0\0\xc0\x01\0\0\
\x27\x0e\0\0\x40\0\0\0\xc8\x01\0\0\x2e\x0e\0\0\x40\0\0\0\xd0\x01\0\0\x36\x0e\0\
\0\x40\0\0\0\xd8\x01\0\0\x3e\x0e\0\0\x02\0\0\x04\x20\0\0\0\x01\x0e\0\0\x2a\0\0\
\0\0\0\0\0\x4e\x0e\0\0\x3a\0\0\0\xc0\0\0\0\x56\x0e\0\0\0\0\0\x08\x35\0\0\0\0\0\
\0\0\0\0\0\x02\x3c\0\0\0\0\0\0\0\x01\0\0\x0d\x3d\0\0\0\0\0\0\0\x3e\0\0\0\x5e\
\x0e\0\0\x02\0\0\x06\x04\0\0\0\x6e\x0e\0\0\0\0\0\0\x80\x0e\0\0\x01\0\0\0\0\0\0\
\0\0\0\0\x02\x38\0\0\0\0\0\0\0\0\0\0\x02\x99\x04\0\0\x90\x0e\0\0\0\0\0\x08\x41\
\0\0\0\x93\x0e\0\0\0\0\0\x08\x42\0\0\0\x98\x0e\0\0\0\0\0\x01\x01\0\0\0\x08\0\0\
\0\0\0\0\0\0\0\0\x02\x34\0\0\0\0\0\0\0\0\0\0\x02\x64\x04\0\0\xa6\x0e\0\0\x04\0\
\0\x84\x04\0\0\0\xb0\x0e\0\0\x16\0\0\0\0\0\0\x0b\xb6\x0e\0\0\x16\0\0\0\x0b\0\0\
\x03\xc0\x0e\0\0\x16\0\0\0\x0e\0\0\x01\xc7\x0e\0\0\x16\0\0\0\x0f\0\0\x01\0\0\0\
\0\0\0\0\x03\0\0\0\0\x45\0\0\0\x04\0\0\0\x02\0\0\0\xd4\x0e\0\0\x1b\0\0\x04\0\
\x01\0\0\xe5\x0e\0\0\x10\0\0\0\0\0\0\0\xf0\x0e\0\0\x10\0\0\0\x40\0\0\0\xf9\x0e\
\0\0\x10\0\0\0\x80\0\0\0\x04\x0f\0\0\x10\0\0\0\xc0\0\0\0\x0d\x0f\0\0\x10\0\0\0\
\0\x01\0\0\x1a\x0f\0\0\x10\0\0\0\x40\x01\0\0\x25\x0f\0\0\x10\0\0\0\x80\x01\0\0\
\x31\x0f\0\0\x10\0\0\0\xc0\x01\0\0\x3b\x0f\0\0\x35\0\0\0\0\x02\0\0\x4d\x0f\0\0\
\x10\0\0\0\x40\x02\0\0\x59\x0f\0\0\x10\0\0\0\x80\x02\0\0\x63\x0f\0\0\x10\0\0\0\
\xc0\x02\0\0\x6c\x0f\0\0\x10\0\0\0\0\x03\0\0\x76\x0f\0\0\x10\0\0\0\x40\x03\0\0\
\x89\x0f\0\0\x10\0\0\0\x80\x03\0\0\xa5\x0f\0\0\x10\0\0\0\xc0\x03\0\0\xc2\x0f\0\
\0\x10\0\0\0\0\x04\0\0\xdb\x0f\0\0\x10\0\0\0\x40\x04\0\0\xf0\x0f\0\0\x10\0\0\0\
\x80\x04\0\0\xfb\x0f\0\0\x10\0\0\0\xc0\x04\0\0\x0b\x10\0\0\x10\0\0\0\0\x05\0\0\
\x1e\x10\0\0\x10\0\0\0\x40\x05\0\0\x2f\x10\0\0\x10\0\0\0\x80\x05\0\0\x41\x10\0\
\0\x10\0\0\0\xc0\x05\0\0\x53\x10\0\0\x10\0\0\0\0\x06\0\0\x6e\x10\0\0\x10\0\0\0\
\x40\x06\0\0\x81\x10\0\0\x10\0\0\0\x80\x06\0\0\0\0\0\0\0\0\0\x02\x49\0\0\0\0\0\
\0\0\0\0\0\x0a\x4a\0\0\0\x91\x10\0\0\0\0\0\x08\x4c\0\0\0\0\0\0\0\0\0\0\x02\x4a\
\0\0\0\x9b\x10\0\0\x01\0\0\x04\x08\0\0\0\xa3\x10\0\0\x4d\0\0\0\0\0\0\0\0\0\0\0\
\0\0\0\x03\0\0\0\0\x0f\0\0\0\x04\0\0\0\x01\0\0\0\xa8\x10\0\0\x02\0\0\x05\x04\0\
\0\0\xb4\x10\0\0\x4f\0\0\0\0\0\0\0\xb6\x10\0\0\x14\0\0\0\0\0\0\0\0\0\0\0\x04\0\
\0\x04\x04\0\0\0\x3f\x06\0\0\x40\0\0\0\0\0\0\0\xb8\x10\0\0\x40\0\0\0\x08\0\0\0\
\xc0\x10\0\0\x40\0\0\0\x10\0\0\0\xc9\x10\0\0\x40\0\0\0\x18\0\0\0\0\0\0\0\0\0\0\
\x02\xc8\x04\0\0\xd1\x10\0\0\0\0\0\x08\x52\0\0\0\xd6\x10\0\0\0\0\0\x01\x01\0\0\
\0\x08\0\0\x04\x10\x03\0\0\x04\0\0\x04\x20\0\0\0\xdc\x10\0\0\x0f\0\0\0\0\0\0\0\
\xe3\x10\0\0\x0a\0\0\0\x40\0\0\0\xed\x10\0\0\x0a\0\0\0\x80\0\0\0\xfa\x10\0\0\
\x0a\0\0\0\xc0\0\0\0\x06\x11\0\0\x03\0\0\x04\x28\0\0\0\x19\x01\0\0\x02\0\0\0\0\
\0\0\0\x11\x11\0\0\x2c\0\0\0\x40\0\0\0\x1b\x11\0\0\x2c\0\0\0\xc0\0\0\0\0\0\0\0\
\0\0\0\x02\x4d\x01\0\0\x4f\x03\0\0\x02\0\0\x04\x28\0\0\0\x25\x11\0\0\x10\0\0\0\
\0\0\0\0\x2c\x11\0\0\x6a\0\0\0\x40\0\0\0\0\0\0\0\0\0\0\x02\x58\0\0\0\x31\x11\0\
\0\x12\0\0\x04\xc0\0\0\0\x40\x11\0\0\x0f\0\0\0\0\0\0\0\x49\x11\0\0\x0f\0\0\0\
\x40\0\0\0\x50\x11\0\0\x57\0\0\0\x80\0\0\0\x58\x11\0\0\x57\0\0\0\xc0\0\0\0\x60\
\x11\0\0\x2a\0\0\0\0\x01\0\0\x66\x11\0\0\x0f\0\0\0\xc0\x01\0\0\x75\x11\0\0\x55\
\0\0\0\0\x02\0\0\x7b\x11\0\0\x59\0\0\0\x40\x02\0\0\x88\x11\0\0\x0f\0\0\0\x80\
\x02\0\0\0\0\0\0\x5c\0\0\0\xc0\x02\0\0\x91\x11\0\0\x2c\0\0\0\xc0\x03\0\0\xa0\
\x11\0\0\x61\0\0\0\x40\x04\0\0\xa9\x11\0\0\x62\0\0\0\x80\x04\0\0\xb0\x11\0\0\
\x0f\0\0\0\xc0\x04\0\0\xb9\x11\0\0\x64\0\0\0\0\x05\0\0\xc1\x11\0\0\x19\0\0\0\
\x40\x05\0\0\xd1\x11\0\0\x65\0\0\0\x80\x05\0\0\xe5\x11\0\0\x68\0\0\0\xc0\x05\0\
\0\xf8\x11\0\0\0\0\0\x08\x5a\0\0\0\0\0\0\0\x01\0\0\x04\x08\0\0\0\x01\x12\0\0\
\x5b\0\0\0\0\0\0\0\x08\x12\0\0\0\0\0\x08\x10\0\0\0\0\0\0\0\x02\0\0\x05\x20\0\0\
\0\x11\x12\0\0\x5d\0\0\0\0\0\0\0\x18\x12\0\0\x5e\0\0\0\0\0\0\0\0\0\0\0\x02\0\0\
\x04\x20\0\0\0\x2a\0\0\0\x2a\0\0\0\0\0\0\0\x22\x12\0\0\x0f\0\0\0\xc0\0\0\0\0\0\
\0\0\0\0\0\x02\x5f\0\0\0\0\0\0\0\0\0\0\x0a\x60\0\0\0\x32\x12\0\0\0\0\0\x01\x01\
\0\0\0\x08\0\0\x01\0\0\0\0\0\0\0\x02\xeb\x04\0\0\0\0\0\0\0\0\0\x02\x63\0\0\0\0\
\0\0\0\0\0\0\x0a\xec\x04\0\0\0\0\0\0\0\0\0\x02\x51\x01\0\0\x37\x12\0\0\0\0\0\
\x08\x66\0\0\0\x45\x12\0\0\0\0\0\x08\x67\0\0\0\0\0\0\0\x01\0\0\x04\x08\0\0\0\
\x1e\x0b\0\0\x35\0\0\0\0\0\0\0\xe5\x11\0\0\x01\0\0\x04\x08\0\0\0\x40\0\0\0\x69\
\0\0\0\0\0\0\0\0\0\0\0\0\0\0\x02\xed\x04\0\0\0\0\0\0\0\0\0\x03\0\0\0\0\x57\0\0\
\0\x04\0\0\0\x04\0\0\0\x50\x12\0\0\x02\0\0\x04\x14\0\0\0\x5e\x12\0\0\x02\0\0\0\
\0\0\0\0\xcb\x0a\0\0\x6c\0\0\0\x20\0\0\0\0\0\0\0\0\0\0\x03\0\0\0\0\x02\0\0\0\
\x04\0\0\0\x04\0\0\0\x78\x04\0\0\x03\0\0\x04\x38\0\0\0\x65\x12\0\0\x0f\0\0\0\0\
\0\0\0\x6f\x12\0\0\x6e\0\0\0\x40\0\0\0\0\0\0\0\x72\0\0\0\x80\0\0\0\0\0\0\0\0\0\
\0\x02\x6f\0\0\0\0\0\0\0\x01\0\0\x0d\x70\0\0\0\0\0\0\0\x71\0\0\0\x72\x12\0\0\0\
\0\0\x01\x08\0\0\0\x40\0\0\x01\0\0\0\0\0\0\0\x02\x6d\0\0\0\0\0\0\0\x03\0\0\x05\
\x28\0\0\0\x77\x12\0\0\x73\0\0\0\0\0\0\0\x7d\x12\0\0\x75\0\0\0\0\0\0\0\x87\x12\
\0\0\x7c\0\0\0\0\0\0\0\0\0\0\0\x06\0\0\x04\x28\0\0\0\x8c\x12\0\0\x74\0\0\0\0\0\
\0\0\x92\x12\0\0\x14\0\0\0\x40\0\0\0\xac\0\0\0\x14\0\0\0\x60\0\0\0\x96\x12\0\0\
\x14\0\0\0\x80\0\0\0\x9d\x12\0\0\x10\0\0\0\xc0\0\0\0\xa2\x12\0\0\x74\0\0\0\0\
\x01\0\0\0\0\0\0\0\0\0\x02\x14\0\0\0\0\0\0\0\x04\0\0\x04\x18\0\0\0\xa9\x12\0\0\
\x76\0\0\0\0\0\0\0\x19\0\0\0\x78\0\0\0\x20\0\0\0\0\0\0\0\x79\0\0\0\x40\0\0\0\
\x4e\x0e\0\0\x10\0\0\0\x80\0\0\0\xb1\x12\0\0\0\0\0\x08\x77\0\0\0\xbb\x12\0\0\0\
\0\0\x08\x02\0\0\0\xce\x12\0\0\x03\0\0\x06\x04\0\0\0\xdc\x12\0\0\0\0\0\0\xe4\
\x12\0\0\x01\0\0\0\xee\x12\0\0\x02\0\0\0\0\0\0\0\x02\0\0\x05\x08\0\0\0\xf8\x12\
\0\0\x7a\0\0\0\0\0\0\0\xfd\x12\0\0\x7b\0\0\0\0\0\0\0\0\0\0\0\0\0\0\x02\xc9\x04\
\0\0\0\0\0\0\0\0\0\x02\xca\x04\0\0\0\0\0\0\x05\0\0\x04\x20\0\0\0\x09\x13\0\0\
\x7d\0\0\0\0\0\0\0\x0e\x13\0\0\x02\0\0\0\x40\0\0\0\x13\x13\0\0\x02\0\0\0\x60\0\
\0\0\x1f\x13\0\0\x0f\0\0\0\x80\0\0\0\x26\x13\0\0\x0f\0\0\0\xc0\0\0\0\0\0\0\0\0\
\0\0\x02\x1a\x05\0\0\x2e\x13\0\0\0\0\0\x08\x7f\0\0\0\x34\x13\0\0\0\0\0\x08\x02\
\0\0\0\0\0\0\0\0\0\0\x02\xdb\x04\0\0\x43\x13\0\0\x02\0\0\x04\x10\0\0\0\x52\x0b\
\0\0\x82\0\0\0\0\0\0\0\x4e\x13\0\0\x83\0\0\0\x40\0\0\0\0\0\0\0\0\0\0\x02\x81\0\
\0\0\0\0\0\0\0\0\0\x02\x82\0\0\0\0\0\0\0\0\0\0\x03\0\0\0\0\x81\0\0\0\x04\0\0\0\
\x04\0\0\0\0\0\0\0\0\0\0\x02\xb5\x02\0\0\0\0\0\0\0\0\0\x02\x02\0\0\0\x58\x05\0\
\0\x03\0\0\x04\x18\0\0\0\x46\x05\0\0\x10\0\0\0\0\0\0\0\x4c\x05\0\0\x10\0\0\0\
\x40\0\0\0\x54\x13\0\0\x88\0\0\0\x80\0\0\0\x59\x13\0\0\0\0\0\x08\x89\0\0\0\x68\
\x13\0\0\x01\0\0\x04\x04\0\0\0\x75\x13\0\0\x8a\0\0\0\0\0\0\0\x7e\x13\0\0\0\0\0\
\x08\x8b\0\0\0\x8e\x13\0\0\x01\0\0\x04\x04\0\0\0\0\0\0\0\x8c\0\0\0\0\0\0\0\0\0\
\0\0\x03\0\0\x05\x04\0\0\0\x92\x12\0\0\x1c\0\0\0\0\0\0\0\0\0\0\0\x8d\0\0\0\0\0\
\0\0\0\0\0\0\x8e\0\0\0\0\0\0\0\0\0\0\0\x02\0\0\x04\x02\0\0\0\x98\x13\0\0\x40\0\
\0\0\0\0\0\0\x62\x06\0\0\x40\0\0\0\x08\0\0\0\0\0\0\0\x02\0\0\x04\x04\0\0\0\x9f\
\x13\0\0\x22\0\0\0\0\0\0\0\xae\x13\0\0\x22\0\0\0\x10\0\0\0\x9c\x05\0\0\x03\0\0\
\x04\x50\0\0\0\xb3\x13\0\0\x94\0\0\0\0\0\0\0\xb9\x13\0\0\x16\0\0\0\x40\x02\0\0\
\xc7\x13\0\0\x16\0\0\0\x60\x02\0\0\xd5\x13\0\0\x02\0\0\x04\x18\0\0\0\xe9\x13\0\
\0\x10\0\0\0\0\0\0\0\xf1\x13\0\0\x91\0\0\0\x40\0\0\0\xf8\x13\0\0\x01\0\0\x04\
\x10\0\0\0\x08\x14\0\0\x92\0\0\0\0\0\0\0\x10\x14\0\0\x02\0\0\x04\x10\0\0\0\x08\
\x14\0\0\x93\0\0\0\0\0\0\0\x1f\x14\0\0\x2b\0\0\0\x40\0\0\0\x08\x14\0\0\x01\0\0\
\x04\x08\0\0\0\x33\x0c\0\0\x2b\0\0\0\0\0\0\0\0\0\0\0\0\0\0\x03\0\0\0\0\x90\0\0\
\0\x04\0\0\0\x03\0\0\0\0\0\0\0\0\0\0\x02\x96\0\0\0\0\0\0\0\0\0\0\x0a\x97\0\0\0\
\xc3\x05\0\0\x1d\0\0\x04\xc0\0\0\0\xa6\0\0\0\x1c\0\0\0\0\0\0\0\x2b\x14\0\0\x1c\
\0\0\0\x20\0\0\0\x37\x14\0\0\x19\0\0\0\x40\0\0\0\x40\x14\0\0\x16\0\0\0\x80\0\0\
\0\x46\x14\0\0\x98\0\0\0\xa0\0\0\0\x4a\x14\0\0\x9c\0\0\0\xc0\0\0\0\x4e\x14\0\0\
\x98\0\0\0\xe0\0\0\0\x53\x14\0\0\x9c\0\0\0\0\x01\0\0\x58\x14\0\0\x98\0\0\0\x20\
\x01\0\0\x5d\x14\0\0\x9c\0\0\0\x40\x01\0\0\x62\x14\0\0\x98\0\0\0\x60\x01\0\0\
\x68\x14\0\0\x9c\0\0\0\x80\x01\0\0\x6e\x14\0\0\x16\0\0\0\xa0\x01\0\0\x79\x14\0\
\0\xa0\0\0\0\xc0\x01\0\0\x89\x14\0\0\xa0\0\0\0\0\x02\0\0\x97\x14\0\0\xa0\0\0\0\
\x40\x02\0\0\xa5\x14\0\0\xa0\0\0\0\x80\x02\0\0\xae\x14\0\0\xa0\0\0\0\xc0\x02\0\
\0\xba\x14\0\0\x42\0\0\0\0\x03\0\0\xc6\x14\0\0\xa3\0\0\0\x40\x03\0\0\xd6\x14\0\
\0\xa3\0\0\0\x80\x03\0\0\xe6\x14\0\0\xa3\0\0\0\xc0\x03\0\0\xf5\x14\0\0\xa3\0\0\
\0\0\x04\0\0\x2f\x0a\0\0\x19\0\0\0\x40\x04\0\0\x06\x15\0\0\xa4\0\0\0\x80\x04\0\
\0\x0b\x15\0\0\xa5\0\0\0\xc0\x04\0\0\x13\x15\0\0\xa6\0\0\0\0\x05\0\0\x1b\x15\0\
\0\xa7\0\0\0\x40\x05\0\0\0\0\0\0\xa8\0\0\0\x80\x05\0\0\x26\x15\0\0\0\0\0\x08\
\x99\0\0\0\0\0\0\0\x01\0\0\x04\x04\0\0\0\x92\x12\0\0\x9a\0\0\0\0\0\0\0\x2d\x15\
\0\0\0\0\0\x08\x9b\0\0\0\x33\x15\0\0\0\0\0\x08\x16\0\0\0\x44\x15\0\0\0\0\0\x08\
\x9d\0\0\0\0\0\0\0\x01\0\0\x04\x04\0\0\0\x92\x12\0\0\x9e\0\0\0\0\0\0\0\x4b\x15\
\0\0\0\0\0\x08\x9f\0\0\0\x51\x15\0\0\0\0\0\x08\x16\0\0\0\x62\x15\0\0\0\0\0\x08\
\xa1\0\0\0\x6f\x15\0\0\x01\0\0\x04\x08\0\0\0\x81\x15\0\0\xa2\0\0\0\0\0\0\0\0\0\
\0\0\0\0\0\x03\0\0\0\0\x15\0\0\0\x04\0\0\0\x02\0\0\0\0\0\0\0\0\0\0\x02\xdc\x04\
\0\0\0\0\0\0\0\0\0\x02\x7f\x04\0\0\0\0\0\0\0\0\0\x02\x7b\x03\0\0\0\0\0\0\0\0\0\
\x02\x6f\x04\0\0\0\0\0\0\0\0\0\x02\xdd\x04\0\0\0\0\0\0\x02\0\0\x05\x10\0\0\0\
\x85\x15\0\0\x02\0\0\0\0\0\0\0\x8d\x15\0\0\xa9\0\0\0\0\0\0\0\x91\x15\0\0\x02\0\
\0\x04\x10\0\0\0\x52\x0b\0\0\xaa\0\0\0\0\0\0\0\x9f\x15\0\0\xab\0\0\0\x40\0\0\0\
\0\0\0\0\0\0\0\x02\xa9\0\0\0\0\0\0\0\0\0\0\x02\xac\0\0\0\0\0\0\0\x01\0\0\x0d\0\
\0\0\0\0\0\0\0\xaa\0\0\0\0\0\0\0\0\0\0\x03\0\0\0\0\x60\0\0\0\x04\0\0\0\x10\0\0\
\0\0\0\0\0\0\0\0\x02\x1b\x05\0\0\xa4\x15\0\0\x01\0\0\x04\x08\0\0\0\xad\x15\0\0\
\xb0\0\0\0\0\0\0\0\0\0\0\0\0\0\0\x02\x1c\x05\0\0\xb7\x15\0\0\x01\0\0\x04\x10\0\
\0\0\xc0\x15\0\0\x2c\0\0\0\0\0\0\0\0\0\0\0\0\0\0\x02\x19\x05\0\0\0\0\0\0\0\0\0\
\x02\x1d\x05\0\0\0\0\0\0\0\0\0\x02\x80\x01\0\0\0\0\0\0\0\0\0\x02\x1e\x05\0\0\0\
\0\0\0\0\0\0\x02\x1f\x05\0\0\xca\x15\0\0\0\0\0\x08\xb8\0\0\0\0\0\0\0\x01\0\0\
\x04\x08\0\0\0\xd3\x15\0\0\x4d\0\0\0\0\0\0\0\xd7\x15\0\0\x02\0\0\x04\x18\0\0\0\
\xe2\x15\0\0\x2c\0\0\0\0\0\0\0\x30\x06\0\0\xb7\0\0\0\x80\0\0\0\xe7\x15\0\0\0\0\
\0\x08\xbb\0\0\0\xee\x15\0\0\0\0\0\x08\xbc\0\0\0\xfe\x15\0\0\0\0\0\x08\x0f\0\0\
\0\0\0\0\0\0\0\0\x02\x20\x05\0\0\xb9\x06\0\0\x03\0\0\x04\x10\0\0\0\x0f\x16\0\0\
\x02\0\0\0\0\0\0\0\x14\x16\0\0\x1c\0\0\0\x20\0\0\0\x21\x16\0\0\xbf\0\0\0\x40\0\
\0\0\0\0\0\0\0\0\0\x02\x21\x05\0\0\x28\x16\0\0\0\0\0\x04\0\0\0\0\x3e\x16\0\0\0\
\0\0\x08\xc2\0\0\0\x49\x16\0\0\x01\0\0\x04\x04\0\0\0\0\0\0\0\xc3\0\0\0\0\0\0\0\
\0\0\0\0\x01\0\0\x05\x04\0\0\0\x52\x16\0\0\x89\0\0\0\0\0\0\0\x58\x16\0\0\x01\0\
\0\x04\x08\0\0\0\x52\x0b\0\0\xc5\0\0\0\0\0\0\0\0\0\0\0\0\0\0\x02\xc4\0\0\0\0\0\
\0\0\0\0\0\x02\x22\x05\0\0\0\0\0\0\0\0\0\x02\x0c\x05\0\0\0\0\0\0\0\0\0\x02\x23\
\x05\0\0\0\0\0\0\0\0\0\x02\x24\x05\0\0\0\0\0\0\0\0\0\x02\x0e\x05\0\0\0\0\0\0\0\
\0\0\x02\x0d\x05\0\0\0\0\0\0\0\0\0\x02\x25\x05\0\0\0\0\0\0\0\0\0\x02\xce\0\0\0\
\x64\x16\0\0\0\0\0\x08\xe7\x04\0\0\x75\x16\0\0\x08\0\0\x04\x40\0\0\0\x88\x16\0\
\0\x10\0\0\0\0\0\0\0\x8e\x16\0\0\x10\0\0\0\x40\0\0\0\x94\x16\0\0\x10\0\0\0\x80\
\0\0\0\x9a\x16\0\0\x10\0\0\0\xc0\0\0\0\xa0\x16\0\0\x10\0\0\0\0\x01\0\0\xa7\x16\
\0\0\x10\0\0\0\x40\x01\0\0\xb2\x16\0\0\x10\0\0\0\x80\x01\0\0\xbe\x16\0\0\x10\0\
\0\0\xc0\x01\0\0\xd4\x16\0\0\0\0\0\x08\xd1\0\0\0\0\0\0\0\x01\0\0\x04\x08\0\0\0\
\xa3\x10\0\0\x4d\0\0\0\0\0\0\0\xdf\x16\0\0\0\0\0\x08\xd3\0\0\0\xf3\x16\0\0\x01\
\0\0\x04\x04\0\0\0\x05\x17\0\0\xd4\0\0\0\0\0\0\0\x0e\x17\0\0\0\0\0\x08\xd5\0\0\
\0\x05\x17\0\0\x01\0\0\x04\x04\0\0\0\x19\x17\0\0\x16\0\0\0\0\0\0\0\0\0\0\0\0\0\
\0\x02\x18\x05\0\0\0\0\0\0\0\0\0\x02\x26\x05\0\0\0\0\0\0\0\0\0\x02\x27\x05\0\0\
\0\0\0\0\0\0\0\x02\x28\x05\0\0\x22\x17\0\0\x04\0\0\x04\x20\0\0\0\x28\x17\0\0\
\x65\0\0\0\0\0\0\0\x2e\x17\0\0\x88\0\0\0\x40\0\0\0\x38\x17\0\0\xdb\0\0\0\x60\0\
\0\0\x3c\x17\0\0\x2c\0\0\0\x80\0\0\0\x46\x17\0\0\x01\0\0\x04\x04\0\0\0\xae\x13\
\0\0\x1c\0\0\0\0\0\0\0\0\0\0\0\0\0\0\x02\xdd\0\0\0\x5c\x17\0\0\x1c\0\0\x04\x10\
\x01\0\0\x6f\x17\0\0\xde\0\0\0\0\0\0\0\x54\x13\0\0\x88\0\0\0\x40\0\0\0\x22\x17\
\0\0\xda\0\0\0\x80\0\0\0\x73\x17\0\0\x2c\0\0\0\x80\x01\0\0\x83\x17\0\0\xdf\0\0\
\0\0\x02\0\0\x91\x17\0\0\xdf\0\0\0\x80\x02\0\0\xa1\x17\0\0\x2c\0\0\0\0\x03\0\0\
\xac\x17\0\0\x2c\0\0\0\x80\x03\0\0\xba\x17\0\0\x2c\0\0\0\0\x04\0\0\xca\x17\0\0\
\x02\0\0\0\x80\x04\0\0\xd4\x17\0\0\x02\0\0\0\xa0\x04\0\0\xde\x17\0\0\x02\0\0\0\
\xc0\x04\0\0\xe8\x17\0\0\x02\0\0\0\xe0\x04\0\0\xf0\x17\0\0\x02\0\0\0\0\x05\0\0\
\xf8\x17\0\0\x02\0\0\0\x20\x05\0\0\x07\x18\0\0\x02\0\0\0\x40\x05\0\0\x18\x18\0\
\0\x1a\0\0\0\x60\x05\0\0\x21\x18\0\0\x25\0\0\0\x80\x05\0\0\x9d\x12\0\0\x10\0\0\
\0\xc0\x05\0\0\x26\x18\0\0\x10\0\0\0\0\x06\0\0\x30\x18\0\0\x10\0\0\0\x40\x06\0\
\0\x3b\x18\0\0\xdc\0\0\0\x80\x06\0\0\x46\x18\0\0\x10\0\0\0\xc0\x06\0\0\x51\x18\
\0\0\x10\0\0\0\0\x07\0\0\x5c\x18\0\0\x02\0\0\0\x40\x07\0\0\x66\x18\0\0\x19\0\0\
\0\x80\x07\0\0\x91\x15\0\0\xa9\0\0\0\xc0\x07\0\0\x74\x18\0\0\xe0\0\0\0\x40\x08\
\0\0\0\0\0\0\0\0\0\x02\xe1\x04\0\0\x7f\x18\0\0\x02\0\0\x04\x10\0\0\0\x91\x18\0\
\0\x93\0\0\0\0\0\0\0\x96\x18\0\0\x10\0\0\0\x40\0\0\0\x9c\x18\0\0\0\0\0\x08\xe1\
\0\0\0\0\0\0\0\x01\0\0\x04\x08\0\0\0\xa4\x18\0\0\x65\0\0\0\0\0\0\0\0\0\0\0\0\0\
\0\x03\0\0\0\0\xdc\0\0\0\x04\0\0\0\x02\0\0\0\0\0\0\0\0\0\0\x02\x29\x05\0\0\xa6\
\x18\0\0\0\0\0\x04\0\0\0\0\0\0\0\0\x02\0\0\x05\x10\0\0\0\xbb\x18\0\0\x1a\0\0\0\
\0\0\0\0\x8d\x15\0\0\xa9\0\0\0\0\0\0\0\0\0\0\0\0\0\0\x02\xf7\x03\0\0\xc5\x18\0\
\0\x03\0\0\x04\x10\0\0\0\xcf\x18\0\0\xe8\0\0\0\0\0\0\0\xd4\x18\0\0\x15\0\0\0\
\x40\0\0\0\xdb\x18\0\0\x15\0\0\0\x60\0\0\0\0\0\0\0\0\0\0\x02\xe0\x03\0\0\0\0\0\
\0\0\0\0\x02\x2a\x05\0\0\0\0\0\0\0\0\0\x02\x0b\x05\0\0\0\0\0\0\0\0\0\x02\x2b\
\x05\0\0\xd4\x09\0\0\0\0\0\x04\0\0\0\0\xe0\x18\0\0\x04\0\0\x04\x28\0\0\0\xeb\
\x18\0\0\x81\0\0\0\0\0\0\0\x4e\x0e\0\0\x0f\0\0\0\x80\0\0\0\x13\x0e\0\0\xee\0\0\
\0\xc0\0\0\0\xac\0\0\0\x14\0\0\0\0\x01\0\0\0\0\0\0\0\0\0\x02\xef\0\0\0\0\0\0\0\
\x01\0\0\x0d\0\0\0\0\0\0\0\0\xf0\0\0\0\0\0\0\0\0\0\0\x02\xed\0\0\0\0\0\0\0\0\0\
\0\x02\x2c\x05\0\0\0\0\0\0\0\0\0\x02\x90\x04\0\0\0\0\0\0\0\0\0\x02\x2d\x05\0\0\
\xf1\x18\0\0\x0d\0\0\x04\x40\x04\0\0\xff\x18\0\0\xf5\0\0\0\0\0\0\0\x0b\x19\0\0\
\xf6\0\0\0\x80\x03\0\0\x0e\x19\0\0\x16\0\0\0\x80\x14\0\0\x19\x19\0\0\x19\0\0\0\
\xc0\x14\0\0\x23\x19\0\0\x16\0\0\0\0\x15\0\0\x2a\x19\0\0\x16\0\0\0\x20\x15\0\0\
\x38\x19\0\0\x0f\0\0\0\x40\x15\0\0\x46\x19\0\0\x0f\0\0\0\x80\x15\0\0\x51\x19\0\
\0\xfb\0\0\0\xc0\x15\0\0\x57\x19\0\0\x4a\x01\0\0\x40\x1e\0\0\x61\x19\0\0\x4c\
\x01\0\0\xc0\x20\0\0\x6d\x19\0\0\x10\0\0\0\x40\x21\0\0\x76\x19\0\0\x10\0\0\0\
\x80\x21\0\0\xff\x18\0\0\x0d\0\0\x04\x68\0\0\0\x81\x19\0\0\x0f\0\0\0\0\0\0\0\
\x85\x19\0\0\x0f\0\0\0\x40\0\0\0\x89\x19\0\0\x0f\0\0\0\x80\0\0\0\x8d\x19\0\0\
\x0f\0\0\0\xc0\0\0\0\x91\x19\0\0\x0f\0\0\0\0\x01\0\0\x95\x19\0\0\x0f\0\0\0\x40\
\x01\0\0\x99\x19\0\0\x0f\0\0\0\x80\x01\0\0\x9d\x19\0\0\x0f\0\0\0\xc0\x01\0\0\
\xa1\x19\0\0\x0f\0\0\0\0\x02\0\0\xa5\x19\0\0\x0f\0\0\0\x40\x02\0\0\xa9\x19\0\0\
\x0f\0\0\0\x80\x02\0\0\xac\x19\0\0\x0f\0\0\0\xc0\x02\0\0\xaf\x19\0\0\x0f\0\0\0\
\0\x03\0\0\0\0\0\0\x03\0\0\x04\x20\x02\0\0\xb2\x19\0\0\x0f\0\0\0\0\0\0\0\xbb\
\x19\0\0\x0f\0\0\0\x40\0\0\0\xc5\x19\0\0\xf7\0\0\0\x80\0\0\0\xd2\x19\0\0\x04\0\
\0\x04\x10\x02\0\0\xe4\x19\0\0\xfa\0\0\0\0\0\0\0\xea\x19\0\0\x15\0\0\0\0\x10\0\
\0\xef\x19\0\0\x15\0\0\0\x20\x10\0\0\xf4\x19\0\0\xa2\0\0\0\x40\x10\0\0\xff\x19\
\0\0\0\0\0\x08\xf9\0\0\0\x0b\x1a\0\0\0\0\0\x01\x10\0\0\0\x80\0\0\0\0\0\0\0\0\0\
\0\x03\0\0\0\0\xf8\0\0\0\x04\0\0\0\x20\0\0\0\x1d\x1a\0\0\x05\0\0\x04\x10\x01\0\
\0\x28\x1a\0\0\x02\0\0\0\0\0\0\0\x37\x1a\0\0\x02\0\0\0\x20\0\0\0\x44\x1a\0\0\
\x02\0\0\0\x40\0\0\0\x51\x1a\0\0\x49\x01\0\0\x80\0\0\0\x5b\x1a\0\0\x49\x01\0\0\
\x80\x04\0\0\0\0\0\0\0\0\0\x02\xfd\0\0\0\x65\x1a\0\0\x49\0\0\x04\xb0\x04\0\0\
\x70\x1a\0\0\x2c\0\0\0\0\0\0\0\x7c\x1a\0\0\x2c\0\0\0\x80\0\0\0\x89\x1a\0\0\x2c\
\0\0\0\0\x01\0\0\x9b\x0b\0\0\x2a\0\0\0\x80\x01\0\0\x95\x1a\0\0\x10\0\0\0\x40\
\x02\0\0\xa1\x1a\0\0\x2c\0\0\0\x80\x02\0\0\xaf\x1a\0\0\x81\0\0\0\0\x03\0\0\xbb\
\x1a\0\0\x2c\0\0\0\x80\x03\0\0\xc8\x1a\0\0\x02\0\0\0\0\x04\0\0\xd4\x1a\0\0\x02\
\0\0\0\x20\x04\0\0\xdf\x1a\0\0\x02\0\0\0\x40\x04\0\0\xc0\x04\0\0\xfc\0\0\0\x80\
\x04\0\0\x6f\x17\0\0\xde\0\0\0\xc0\x04\0\0\xea\x1a\0\0\x19\0\0\0\0\x05\0\0\x21\
\x0e\0\0\xfe\0\0\0\x40\x05\0\0\xf6\x1a\0\0\x16\0\0\0\x60\x05\0\0\xcb\x0a\0\0\
\xff\0\0\0\x80\x05\0\0\x03\x1b\0\0\x66\0\0\0\xc0\x05\0\0\x0f\x1b\0\0\x10\0\0\0\
\0\x06\0\0\x22\x1b\0\0\x10\0\0\0\x40\x06\0\0\x35\x1b\0\0\x10\0\0\0\x80\x06\0\0\
\x3c\x1b\0\0\x01\x01\0\0\xc0\x06\0\0\x41\x1b\0\0\x22\0\0\0\xc0\x0a\0\0\x4d\x1b\
\0\0\x22\0\0\0\xd0\x0a\0\0\x5c\x1b\0\0\x22\0\0\0\xe0\x0a\0\0\x66\x1b\0\0\x07\
\x01\0\0\0\x0b\0\0\x40\0\0\0\xdc\0\0\0\0\x11\0\0\x18\x18\0\0\x65\0\0\0\x40\x11\
\0\0\x69\x1b\0\0\x66\0\0\0\x80\x11\0\0\x82\x1b\0\0\x66\0\0\0\xc0\x11\0\0\x9b\
\x1b\0\0\xda\0\0\0\0\x12\0\0\xa7\x1b\0\0\x2c\0\0\0\0\x13\0\0\xa8\x04\0\0\xfc\0\
\0\0\x80\x13\0\0\xb2\x1b\0\0\x02\0\0\0\xc0\x13\0\0\xcb\0\0\0\x02\0\0\0\xe0\x13\
\0\0\xb8\x1b\0\0\x2c\0\0\0\0\x14\0\0\x28\x17\0\0\x25\0\0\0\x80\x14\0\0\xc4\x1b\
\0\0\xda\0\0\0\xc0\x14\0\0\xcf\x1b\0\0\x1c\0\0\0\xc0\x15\0\0\x2a\0\0\0\x15\x01\
\0\0\0\x16\0\0\xda\x1b\0\0\x2c\0\0\0\x40\x16\0\0\xe3\x1b\0\0\x0f\0\0\0\xc0\x16\
\0\0\xef\x1b\0\0\x02\0\0\0\0\x17\0\0\xfb\x1b\0\0\x16\x01\0\0\x40\x17\0\0\x01\
\x1c\0\0\x18\x01\0\0\0\x18\0\0\x08\x1c\0\0\x16\0\0\0\x40\x18\0\0\x17\x1c\0\0\
\x16\0\0\0\x60\x18\0\0\x24\x1c\0\0\x16\0\0\0\x80\x18\0\0\x34\x1c\0\0\x16\0\0\0\
\xa0\x18\0\0\x44\x1c\0\0\x0f\0\0\0\xc0\x18\0\0\x51\x1c\0\0\x19\x01\0\0\0\x19\0\
\0\x5d\x1c\0\0\xa9\0\0\0\xc0\x19\0\0\x6a\x1c\0\0\x16\0\0\0\x40\x1a\0\0\x77\x1c\
\0\0\x1c\0\0\0\x60\x1a\0\0\x83\x1c\0\0\x1d\x01\0\0\x80\x1a\0\0\x90\x1c\0\0\x1e\
\x01\0\0\x40\x1b\0\0\xa3\x1c\0\0\x0f\0\0\0\x80\x1b\0\0\xb4\x1c\0\0\xfc\0\0\0\
\xc0\x1b\0\0\xbe\x1c\0\0\x1f\x01\0\0\0\x1c\0\0\x91\x15\0\0\xa9\0\0\0\x40\x1c\0\
\0\xc6\x1c\0\0\x21\x01\0\0\xc0\x1c\0\0\xc9\x1c\0\0\x10\0\0\0\0\x1d\0\0\xcc\x1c\
\0\0\x22\x01\0\0\x40\x1d\0\0\xd2\x1c\0\0\x24\x01\0\0\x80\x1d\0\0\xe3\x1c\0\0\
\x19\0\0\0\xc0\x1d\0\0\xfc\x1c\0\0\x24\x01\0\0\0\x1e\0\0\x12\x1d\0\0\x3c\x01\0\
\0\x40\x1e\0\0\x17\x1d\0\0\x10\0\0\0\x80\x1e\0\0\x22\x1d\0\0\x3d\x01\0\0\xc0\
\x1e\0\0\x21\x16\0\0\x3e\x01\0\0\0\x1f\0\0\x2b\x1d\0\0\x3f\x01\0\0\x40\x1f\0\0\
\x2f\x0a\0\0\x19\0\0\0\xc0\x24\0\0\x36\x1d\0\0\x2c\0\0\0\0\x25\0\0\x3e\x1d\0\0\
\x06\0\0\x06\x04\0\0\0\x4f\x1d\0\0\xfc\xff\xff\xff\x65\x1d\0\0\xfd\xff\xff\xff\
\x7b\x1d\0\0\xfe\xff\xff\xff\x92\x1d\0\0\xff\xff\xff\xff\xa7\x1d\0\0\0\0\0\0\
\xc1\x1d\0\0\x01\0\0\0\xd9\x1d\0\0\0\0\0\x08\0\x01\0\0\0\0\0\0\x01\0\0\x04\x08\
\0\0\0\xa4\x18\0\0\xe0\0\0\0\0\0\0\0\xe3\x1d\0\0\x3b\0\0\x84\x80\0\0\0\x19\0\0\
\0\x15\0\0\0\0\0\0\0\xdb\x18\0\0\x15\0\0\0\x20\0\0\0\xf3\x1d\0\0\x11\0\0\0\x40\
\0\0\0\0\0\0\0\x02\x01\0\0\x80\0\0\0\xfa\x1d\0\0\x11\0\0\0\xc0\0\0\0\x06\x1e\0\
\0\x11\0\0\0\0\x01\0\0\x12\x1e\0\0\x11\0\0\0\x40\x01\0\x01\x1b\x1e\0\0\x11\0\0\
\0\x41\x01\0\x01\x23\x1e\0\0\x11\0\0\0\x42\x01\0\x01\x2a\x1e\0\0\x11\0\0\0\x43\
\x01\0\x01\x34\x1e\0\0\x11\0\0\0\x44\x01\0\x01\x41\x1e\0\0\x11\0\0\0\x45\x01\0\
\x01\x50\x1e\0\0\x11\0\0\0\x46\x01\0\x01\x5b\x1e\0\0\x11\0\0\0\x47\x01\0\x01\
\x68\x1e\0\0\x11\0\0\0\x48\x01\0\x01\xdd\x05\0\0\x11\0\0\0\x49\x01\0\x01\x6d\
\x1e\0\0\x11\0\0\0\x4a\x01\0\x01\x72\x1e\0\0\x11\0\0\0\x4b\x01\0\x01\x7f\x1e\0\
\0\x11\0\0\0\x4c\x01\0\x01\x21\x18\0\0\x11\0\0\0\x4d\x01\0\x01\x8e\x1e\0\0\x11\
\0\0\0\x4e\x01\0\x01\x98\x1e\0\0\x11\0\0\0\x4f\x01\0\x02\xa3\x1e\0\0\x11\0\0\0\
\x51\x01\0\x01\xad\x1e\0\0\x11\0\0\0\x52\x01\0\x01\xbb\x1e\0\0\x11\0\0\0\x53\
\x01\0\x01\xc8\x1e\0\0\x11\0\0\0\x54\x01\0\x01\xd6\x1e\0\0\x11\0\0\0\x55\x01\0\
\x01\xef\x1e\0\0\x11\0\0\0\x56\x01\0\x01\x06\x1f\0\0\x11\0\0\0\x57\x01\0\x01\
\x0c\x1f\0\0\x11\0\0\0\x58\x01\0\x01\x16\x1f\0\0\x11\0\0\0\x59\x01\0\x01\x22\
\x1f\0\0\x11\0\0\0\x5a\x01\0\x01\x31\x1f\0\0\x11\0\0\0\x5b\x01\0\x01\x40\x1f\0\
\0\x11\0\0\0\x5c\x01\0\x01\x4b\x1f\0\0\x11\0\0\0\x5d\x01\0\x01\x53\x1f\0\0\x11\
\0\0\0\x5e\x01\0\x01\x5d\x1f\0\0\x11\0\0\0\x5f\x01\0\x01\x68\x1f\0\0\x11\0\0\0\
\x60\x01\0\x01\x6f\x1f\0\0\x11\0\0\0\x61\x01\0\x01\x79\x1f\0\0\x11\0\0\0\x62\
\x01\0\x01\x82\x1f\0\0\x11\0\0\0\x63\x01\0\x01\x91\x1f\0\0\x11\0\0\0\x64\x01\0\
\x01\xa0\x1f\0\0\x11\0\0\0\x65\x01\0\x01\xa8\x1f\0\0\x11\0\0\0\x66\x01\0\x1a\0\
\0\0\0\x03\x01\0\0\x80\x01\0\0\xb5\x1f\0\0\x15\0\0\0\xa0\x01\0\0\0\0\0\0\x04\
\x01\0\0\xc0\x01\0\0\0\0\0\0\x05\x01\0\0\0\x02\0\0\xbd\x1f\0\0\x11\0\0\0\x40\
\x02\0\0\xd0\x1f\0\0\x11\0\0\0\x80\x02\0\0\xe1\x1f\0\0\x15\0\0\0\xc0\x02\0\0\
\xa9\x12\0\0\x06\x01\0\0\xe0\x02\0\0\xf3\x1f\0\0\x11\0\0\0\0\x03\0\0\x04\x20\0\
\0\x15\0\0\0\x40\x03\0\0\x12\x20\0\0\x23\0\0\0\x60\x03\0\0\x23\x20\0\0\x23\0\0\
\0\x70\x03\0\0\x30\x20\0\0\x15\0\0\0\x80\x03\0\0\x40\x20\0\0\x15\0\0\0\xa0\x03\
\0\0\x4d\x20\0\0\x11\0\0\0\xc0\x03\0\0\0\0\0\0\x02\0\0\x05\x08\0\0\0\x56\x20\0\
\0\x11\0\0\0\0\0\0\0\x64\x20\0\0\x11\0\0\0\0\0\0\0\0\0\0\0\x02\0\0\x05\x04\0\0\
\0\x70\x20\0\0\x15\0\0\0\0\0\0\0\x7e\x20\0\0\x15\0\0\0\0\0\0\0\0\0\0\0\x04\0\0\
\x05\x08\0\0\0\x8f\x20\0\0\x11\0\0\0\0\0\0\0\x97\x20\0\0\x11\0\0\0\0\0\0\0\xa3\
\x20\0\0\x11\0\0\0\0\0\0\0\xaf\x20\0\0\x11\0\0\0\0\0\0\0\0\0\0\0\x04\0\0\x05\
\x08\0\0\0\xb7\x20\0\0\x11\0\0\0\0\0\0\0\xbe\x20\0\0\x11\0\0\0\0\0\0\0\xca\x20\
\0\0\x11\0\0\0\0\0\0\0\xd7\x20\0\0\x11\0\0\0\0\0\0\0\xdf\x20\0\0\0\0\0\x08\x02\
\0\0\0\xe5\x20\0\0\x0c\0\0\x04\xc0\0\0\0\0\0\0\0\x08\x01\0\0\0\0\0\0\xf3\x20\0\
\0\x25\0\0\0\0\x03\0\0\x83\x1c\0\0\x19\0\0\0\x40\x03\0\0\xa3\x1c\0\0\x0f\0\0\0\
\x80\x03\0\0\x21\x0e\0\0\x02\0\0\0\xc0\x03\0\0\xfa\x20\0\0\xff\0\0\0\0\x04\0\0\
\x56\x20\0\0\x10\0\0\0\x40\x04\0\0\0\0\0\0\x12\x01\0\0\x80\x04\0\0\x05\x21\0\0\
\x10\0\0\0\0\x05\0\0\x14\x21\0\0\x10\0\0\0\x40\x05\0\0\x1f\x21\0\0\x10\0\0\0\
\x80\x05\0\0\x2f\x21\0\0\x10\0\0\0\xc0\x05\0\0\0\0\0\0\x06\0\0\x05\x60\0\0\0\0\
\0\0\0\x09\x01\0\0\0\0\0\0\0\0\0\0\x0b\x01\0\0\0\0\0\0\0\0\0\0\x0c\x01\0\0\0\0\
\0\0\0\0\0\0\x0d\x01\0\0\0\0\0\0\0\0\0\0\x0e\x01\0\0\0\0\0\0\0\0\0\0\x11\x01\0\
\0\0\0\0\0\0\0\0\0\x0a\0\0\x04\x60\0\0\0\xf3\x1d\0\0\x10\0\0\0\0\0\0\0\x40\x21\
\0\0\x10\0\0\0\x40\0\0\0\x49\x21\0\0\x0f\0\0\0\x80\0\0\0\x55\x21\0\0\x0f\0\0\0\
\xc0\0\0\0\x60\x21\0\0\x02\0\0\0\0\x01\0\0\x71\x21\0\0\x02\0\0\0\x20\x01\0\0\
\x75\x21\0\0\x02\0\0\0\x40\x01\0\0\xac\0\0\0\x02\0\0\0\x60\x01\0\0\x7e\x21\0\0\
\x0a\x01\0\0\x80\x01\0\0\x88\x21\0\0\x0a\x01\0\0\x40\x02\0\0\x93\x21\0\0\x04\0\
\0\x04\x18\0\0\0\xf3\x1d\0\0\x10\0\0\0\0\0\0\0\xa7\x21\0\0\x16\0\0\0\x40\0\0\0\
\xab\x21\0\0\x02\0\0\0\x60\0\0\0\x71\x21\0\0\x02\0\0\0\x80\0\0\0\0\0\0\0\x01\0\
\0\x04\x40\0\0\0\xf9\x0d\0\0\x38\0\0\0\0\0\0\0\0\0\0\0\x01\0\0\x04\x10\0\0\0\
\xb1\x21\0\0\x2c\0\0\0\0\0\0\0\0\0\0\0\x02\0\0\x04\x10\0\0\0\xb9\x21\0\0\x10\0\
\0\0\0\0\0\0\xc1\x21\0\0\x10\0\0\0\x40\0\0\0\0\0\0\0\x02\0\0\x04\x28\0\0\0\xc6\
\x21\0\0\x0f\x01\0\0\0\0\0\0\xcb\x21\0\0\x2c\0\0\0\xc0\0\0\0\xd3\x21\0\0\x03\0\
\0\x04\x18\0\0\0\xe6\x21\0\0\x10\0\0\0\0\0\0\0\xee\x21\0\0\x10\0\0\0\x40\0\0\0\
\xf6\x21\0\0\x10\x01\0\0\x80\0\0\0\xfb\x21\0\0\x05\0\0\x84\x04\0\0\0\xf4\x19\0\
\0\x14\0\0\0\0\0\0\x13\x13\x22\0\0\x14\0\0\0\x13\0\0\x08\x19\0\0\0\x14\0\0\0\
\x1b\0\0\x02\x17\x22\0\0\x14\0\0\0\x1d\0\0\x02\x21\x22\0\0\x14\0\0\0\x1f\0\0\
\x01\0\0\0\0\x05\0\0\x04\x18\0\0\0\x29\x22\0\0\x40\0\0\0\0\0\0\0\x34\x22\0\0\
\x40\0\0\0\x08\0\0\0\x3f\x22\0\0\x22\0\0\0\x10\0\0\0\x47\x22\0\0\x10\0\0\0\x40\
\0\0\0\x4c\x22\0\0\x10\0\0\0\x80\0\0\0\0\0\0\0\x02\0\0\x05\x10\0\0\0\0\0\0\0\
\x13\x01\0\0\0\0\0\0\0\0\0\0\x14\x01\0\0\0\0\0\0\0\0\0\0\x02\0\0\x04\x10\0\0\0\
\x52\x22\0\0\x10\0\0\0\0\0\0\0\x5e\x22\0\0\xff\0\0\0\x40\0\0\0\0\0\0\0\x02\0\0\
\x04\x10\0\0\0\x6a\x22\0\0\x10\0\0\0\0\0\0\0\x77\x22\0\0\x10\0\0\0\x40\0\0\0\0\
\0\0\0\0\0\0\x02\xe2\x04\0\0\x83\x22\0\0\0\0\0\x08\x17\x01\0\0\x95\x22\0\0\x02\
\0\0\x04\x18\0\0\0\x54\x13\0\0\xc1\0\0\0\0\0\0\0\xa5\x22\0\0\x2c\0\0\0\x40\0\0\
\0\0\0\0\0\0\0\0\x02\x7d\x04\0\0\xaa\x22\0\0\x02\0\0\x04\x18\0\0\0\x01\x0e\0\0\
\x1e\0\0\0\0\0\0\0\x9f\x15\0\0\x1a\x01\0\0\x80\0\0\0\0\0\0\0\0\0\0\x02\x1b\x01\
\0\0\0\0\0\0\x01\0\0\x0d\0\0\0\0\0\0\0\0\x1c\x01\0\0\0\0\0\0\0\0\0\x02\x19\x01\
\0\0\xb3\x22\0\0\x03\0\0\x04\x18\0\0\0\xe2\x15\0\0\x2c\0\0\0\0\0\0\0\x54\x13\0\
\0\x88\0\0\0\x80\0\0\0\xca\x22\0\0\x16\0\0\0\xa0\0\0\0\0\0\0\0\0\0\0\x02\xe3\
\x04\0\0\0\0\0\0\0\0\0\x02\x20\x01\0\0\0\0\0\0\x01\0\0\x0d\0\0\0\0\0\0\0\0\xfc\
\0\0\0\0\0\0\0\0\0\0\x02\x87\x01\0\0\0\0\0\0\0\0\0\x02\x23\x01\0\0\0\0\0\0\x01\
\0\0\x0d\x10\0\0\0\0\0\0\0\0\0\0\0\xda\x22\0\0\0\0\0\x08\x25\x01\0\0\0\0\0\0\0\
\0\0\x02\x26\x01\0\0\0\0\0\0\x03\0\0\x0d\0\0\0\0\0\0\0\0\xfc\0\0\0\0\0\0\0\x27\
\x01\0\0\0\0\0\0\x33\x01\0\0\0\0\0\0\0\0\0\x02\x28\x01\0\0\xf2\x22\0\0\x17\0\0\
\x04\0\x01\0\0\x03\x23\0\0\x10\0\0\0\0\0\0\0\x08\x23\0\0\x29\x01\0\0\x40\0\0\0\
\x0c\x23\0\0\x2a\x01\0\0\x80\0\0\0\x15\x23\0\0\x10\0\0\0\xc0\0\0\0\x21\x0c\0\0\
\x2b\x01\0\0\0\x01\0\0\x1c\x23\0\0\x10\0\0\0\x40\x01\0\0\x20\x23\0\0\x2d\x01\0\
\0\x80\x01\0\0\x19\0\0\0\x10\0\0\0\xc0\x01\0\0\x29\x23\0\0\x10\0\0\0\0\x02\0\0\
\x2c\x23\0\0\x2f\x01\0\0\x40\x02\0\0\x9d\x12\0\0\x10\0\0\0\x80\x02\0\0\xc9\x1c\
\0\0\x10\0\0\0\xc0\x02\0\0\x36\x23\0\0\x10\0\0\0\0\x03\0\0\x40\x23\0\0\x30\x01\
\0\0\x40\x03\0\0\x4a\x23\0\0\x31\x01\0\0\x80\x03\0\0\x54\x23\0\0\x10\0\0\0\xc0\
\x03\0\0\x5d\x23\0\0\x32\x01\0\0\0\x04\0\0\x67\x23\0\0\x32\x01\0\0\x80\x04\0\0\
\x71\x23\0\0\x10\0\0\0\0\x05\0\0\x81\x23\0\0\x10\0\0\0\x40\x05\0\0\x68\x1f\0\0\
\x10\0\0\0\x80\x05\0\0\x8b\x23\0\0\x10\0\0\0\xc0\x05\0\0\x9a\x23\0\0\x10\0\0\0\
\0\x06\0\0\0\0\0\0\0\0\0\x02\xe4\x04\0\0\0\0\0\0\0\0\0\x02\xe5\x04\0\0\xa9\x23\
\0\0\x02\0\0\x05\x08\0\0\0\xbc\x23\0\0\x11\0\0\0\0\0\0\0\0\0\0\0\x2c\x01\0\0\0\
\0\0\0\0\0\0\0\x03\0\0\x04\x08\0\0\0\xc1\x23\0\0\x15\0\0\0\0\0\0\0\xc9\x23\0\0\
\x23\0\0\0\x20\0\0\0\xd0\x23\0\0\x23\0\0\0\x30\0\0\0\xd7\x23\0\0\x02\0\0\x05\
\x08\0\0\0\x92\x12\0\0\x11\0\0\0\0\0\0\0\0\0\0\0\x2e\x01\0\0\0\0\0\0\0\0\0\0\
\x0a\0\0\x84\x08\0\0\0\xe9\x23\0\0\x11\0\0\0\0\0\0\x05\xf0\x23\0\0\x11\0\0\0\
\x05\0\0\x0e\xf8\x23\0\0\x11\0\0\0\x13\0\0\x05\x02\x24\0\0\x11\0\0\0\x18\0\0\
\x02\x0b\x24\0\0\x11\0\0\0\x1a\0\0\x07\x14\x24\0\0\x11\0\0\0\x21\0\0\x04\x20\
\x24\0\0\x11\0\0\0\x25\0\0\x01\x2b\x24\0\0\x11\0\0\0\x26\0\0\x02\x36\x24\0\0\
\x11\0\0\0\x28\0\0\x03\x3e\x24\0\0\x11\0\0\0\x2b\0\0\x15\0\0\0\0\x02\0\0\x04\
\x08\0\0\0\x86\x04\0\0\x14\0\0\0\0\0\0\0\x47\x24\0\0\x14\0\0\0\x20\0\0\0\0\0\0\
\0\x02\0\0\x04\x08\0\0\0\xcb\0\0\0\x14\0\0\0\0\0\0\0\x4b\x24\0\0\x14\0\0\0\x20\
\0\0\0\0\0\0\0\0\0\0\x02\xe6\x04\0\0\x54\x24\0\0\x02\0\0\x04\x10\0\0\0\x5e\x24\
\0\0\x11\0\0\0\0\0\0\0\x62\x24\0\0\x33\x01\0\0\x40\0\0\0\0\0\0\0\0\0\0\x02\x34\
\x01\0\0\x67\x24\0\0\x09\0\0\x04\x50\x01\0\0\0\0\0\0\x35\x01\0\0\0\0\0\0\x6f\
\x24\0\0\x10\0\0\0\x80\x08\0\0\x77\x24\0\0\x3a\x01\0\0\xc0\x08\0\0\x81\x24\0\0\
\x14\0\0\0\xe0\x08\0\0\x89\x24\0\0\x10\0\0\0\0\x09\0\0\x94\x24\0\0\x10\0\0\0\
\x40\x09\0\0\x9d\x24\0\0\x3b\x01\0\0\x80\x09\0\0\xa8\x24\0\0\x10\0\0\0\0\x0a\0\
\0\xb9\x24\0\0\x10\0\0\0\x40\x0a\0\0\0\0\0\0\x02\0\0\x05\x10\x01\0\0\xc2\x24\0\
\0\x36\x01\0\0\0\0\0\0\0\0\0\0\x38\x01\0\0\0\0\0\0\xcc\x24\0\0\x04\0\0\x04\x10\
\x01\0\0\x62\x24\0\0\x37\x01\0\0\0\0\0\0\xac\x19\0\0\x11\0\0\0\xc0\x07\0\0\xaf\
\x19\0\0\x11\0\0\0\0\x08\0\0\xd9\x24\0\0\x11\0\0\0\x40\x08\0\0\0\0\0\0\0\0\0\
\x03\0\0\0\0\x11\0\0\0\x04\0\0\0\x1f\0\0\0\0\0\0\0\x04\0\0\x04\x10\x01\0\0\x62\
\x24\0\0\x39\x01\0\0\0\0\0\0\xac\x19\0\0\x10\0\0\0\xc0\x07\0\0\xaf\x19\0\0\x10\
\0\0\0\0\x08\0\0\xd9\x24\0\0\x10\0\0\0\x40\x08\0\0\0\0\0\0\0\0\0\x03\0\0\0\0\
\x10\0\0\0\x04\0\0\0\x1f\0\0\0\xe0\x24\0\0\0\0\0\x08\x06\x01\0\0\0\0\0\0\0\0\0\
\x03\0\0\0\0\x10\0\0\0\x04\0\0\0\x02\0\0\0\0\0\0\0\0\0\0\x02\x61\x03\0\0\0\0\0\
\0\0\0\0\x02\xad\x04\0\0\0\0\0\0\0\0\0\x02\xae\x04\0\0\x2b\x1d\0\0\x0b\0\0\x04\
\xb0\0\0\0\x9f\x15\0\0\x40\x01\0\0\0\0\0\0\x52\x0b\0\0\x43\x01\0\0\x40\0\0\0\
\xac\0\0\0\x0f\0\0\0\x80\0\0\0\xe4\x24\0\0\x19\0\0\0\xc0\0\0\0\xec\x24\0\0\x40\
\x01\0\0\0\x01\0\0\xf7\x24\0\0\x46\x01\0\0\x40\x01\0\0\x02\x25\0\0\x48\x01\0\0\
\xc0\x02\0\0\x0c\x25\0\0\x46\x01\0\0\0\x03\0\0\x15\x25\0\0\x0f\0\0\0\x80\x04\0\
\0\x20\x25\0\0\x0f\0\0\0\xc0\x04\0\0\xe2\x15\0\0\x2c\0\0\0\0\x05\0\0\x30\x25\0\
\0\0\0\0\x08\x41\x01\0\0\0\0\0\0\0\0\0\x02\x42\x01\0\0\0\0\0\0\x04\0\0\x0d\0\0\
\0\0\0\0\0\0\x0f\0\0\0\0\0\0\0\x0f\0\0\0\0\0\0\0\x43\x01\0\0\0\0\0\0\x44\x01\0\
\0\0\0\0\0\0\0\0\x02\x3f\x01\0\0\0\0\0\0\0\0\0\x02\x45\x01\0\0\x3e\x25\0\0\x01\
\0\0\x04\x50\x01\0\0\x62\x24\0\0\x34\x01\0\0\0\0\0\0\x4a\x25\0\0\x03\0\0\x04\
\x30\0\0\0\x5a\x25\0\0\x47\x01\0\0\0\0\0\0\x67\x25\0\0\x47\x01\0\0\x40\0\0\0\
\x73\x25\0\0\xda\0\0\0\x80\0\0\0\0\0\0\0\0\0\0\x02\xaf\x04\0\0\0\0\0\0\0\0\0\
\x02\x46\x01\0\0\0\0\0\0\0\0\0\x03\0\0\0\0\xfc\0\0\0\x04\0\0\0\x10\0\0\0\x7e\
\x25\0\0\x05\0\0\x04\x50\0\0\0\x90\x25\0\0\x4b\x01\0\0\0\0\0\0\x95\x25\0\0\x4b\
\x01\0\0\x80\0\0\0\x9a\x25\0\0\x4b\x01\0\0\0\x01\0\0\x9f\x25\0\0\x4b\x01\0\0\
\x80\x01\0\0\xa4\x25\0\0\x4b\x01\0\0\0\x02\0\0\xa9\x25\0\0\x02\0\0\x04\x10\0\0\
\0\xb5\x25\0\0\x0f\0\0\0\0\0\0\0\xb8\x25\0\0\x0f\0\0\0\x40\0\0\0\xbb\x25\0\0\
\x01\0\0\x04\x10\0\0\0\x90\x25\0\0\x4b\x01\0\0\0\0\0\0\x4d\x2b\0\0\x02\0\0\x04\
\x88\x03\0\0\0\0\0\0\x4e\x01\0\0\0\0\0\0\x57\x2b\0\0\x7f\x01\0\0\x40\x1c\0\0\0\
\0\0\0\x36\0\0\x04\x88\x03\0\0\x68\x1e\0\0\x57\0\0\0\0\0\0\0\x62\x2b\0\0\x93\0\
\0\0\x40\0\0\0\x68\x2b\0\0\x10\0\0\0\x80\0\0\0\x78\x2b\0\0\x4f\x01\0\0\xc0\0\0\
\0\x8a\x2b\0\0\x0f\0\0\0\0\x01\0\0\x94\x2b\0\0\x0f\0\0\0\x40\x01\0\0\xa5\x2b\0\
\0\x0f\0\0\0\x80\x01\0\0\xaf\x2b\0\0\x0f\0\0\0\xc0\x01\0\0\xbe\x2b\0\0\x6a\x01\
\0\0\0\x02\0\0\xc2\x2b\0\0\x1c\0\0\0\x40\x02\0\0\xd3\x2b\0\0\x1c\0\0\0\x60\x02\
\0\0\xdc\x2b\0\0\x1c\0\0\0\x80\x02\0\0\xe5\x2b\0\0\x65\0\0\0\xc0\x02\0\0\xf4\
\x2b\0\0\x02\0\0\0\0\x03\0\0\xfe\x2b\0\0\xc1\0\0\0\x20\x03\0\0\x0e\x2c\0\0\x6e\
\x01\0\0\x40\x03\0\0\x18\x2c\0\0\x2c\0\0\0\x80\x04\0\0\x1f\x2c\0\0\x0f\0\0\0\0\
\x05\0\0\x2b\x2c\0\0\x0f\0\0\0\x40\x05\0\0\x36\x2c\0\0\x0f\0\0\0\x80\x05\0\0\
\x3f\x2c\0\0\x0f\0\0\0\xc0\x05\0\0\x49\x2c\0\0\x66\0\0\0\0\x06\0\0\x53\x2c\0\0\
\x0f\0\0\0\x40\x06\0\0\x5b\x2c\0\0\x0f\0\0\0\x80\x06\0\0\x63\x2c\0\0\x0f\0\0\0\
\xc0\x06\0\0\x6c\x2c\0\0\x0f\0\0\0\0\x07\0\0\x76\x2c\0\0\xd4\0\0\0\x40\x07\0\0\
\x88\x2c\0\0\xc1\0\0\0\x60\x07\0\0\x91\x2c\0\0\x0f\0\0\0\x80\x07\0\0\x9c\x2c\0\
\0\x0f\0\0\0\xc0\x07\0\0\xa5\x2c\0\0\x0f\0\0\0\0\x08\0\0\xb0\x2c\0\0\x0f\0\0\0\
\x40\x08\0\0\xb9\x2c\0\0\x0f\0\0\0\x80\x08\0\0\xc3\x2c\0\0\x0f\0\0\0\xc0\x08\0\
\0\xc7\x2c\0\0\x0f\0\0\0\0\x09\0\0\xd3\x2c\0\0\x0f\0\0\0\x40\x09\0\0\xdd\x2c\0\
\0\x0f\0\0\0\x80\x09\0\0\xe5\x2c\0\0\x0f\0\0\0\xc0\x09\0\0\xef\x2c\0\0\x0f\0\0\
\0\0\x0a\0\0\xf7\x2c\0\0\x6f\x01\0\0\x40\x0a\0\0\x58\x03\0\0\x70\x01\0\0\xc0\
\x15\0\0\x02\x2d\0\0\x72\x01\0\0\xc0\x16\0\0\x09\x2d\0\0\x73\x01\0\0\0\x17\0\0\
\xac\0\0\0\x0f\0\0\0\x40\x18\0\0\x11\x2d\0\0\x75\x01\0\0\x80\x18\0\0\x1c\x2d\0\
\0\xc1\0\0\0\xc0\x18\0\0\x27\x2d\0\0\x76\x01\0\0\0\x19\0\0\x0b\x15\0\0\xa5\0\0\
\0\x40\x19\0\0\x33\x2d\0\0\x64\0\0\0\x80\x19\0\0\x3c\x2d\0\0\x1c\0\0\0\xc0\x19\
\0\0\x4e\x2d\0\0\x77\x01\0\0\0\x1a\0\0\x5c\x2d\0\0\x79\x01\0\0\x40\x1a\0\0\x6b\
\x2d\0\0\x14\0\0\0\x40\x1b\0\0\x71\x2d\0\0\x7e\x01\0\0\x80\x1b\0\0\0\0\0\0\0\0\
\0\x02\x50\x01\0\0\0\0\0\0\x05\0\0\x0d\x0f\0\0\0\0\0\0\0\x64\0\0\0\0\0\0\0\x0f\
\0\0\0\0\0\0\0\x0f\0\0\0\0\0\0\0\x0f\0\0\0\0\0\0\0\x0f\0\0\0\x79\x2d\0\0\x15\0\
\0\x04\xf0\0\0\0\x7e\x2d\0\0\x52\x01\0\0\0\0\0\0\x82\x2d\0\0\x53\x01\0\0\x80\0\
\0\0\x89\x2d\0\0\x56\x01\0\0\x40\x01\0\0\x91\x2d\0\0\x57\x01\0\0\x80\x01\0\0\
\x96\x2d\0\0\xc1\0\0\0\xc0\x01\0\0\x9d\x2d\0\0\x59\x01\0\0\xe0\x01\0\0\xaa\x2d\
\0\0\x65\0\0\0\0\x02\0\0\xb2\x2d\0\0\x16\0\0\0\x40\x02\0\0\xba\x2d\0\0\x5a\x01\
\0\0\x60\x02\0\0\xc1\x2d\0\0\xda\0\0\0\x80\x02\0\0\xcc\x2d\0\0\x5b\x01\0\0\x80\
\x03\0\0\xd2\x2d\0\0\x5d\x01\0\0\xc0\x03\0\0\xda\x2d\0\0\x95\0\0\0\xc0\x04\0\0\
\xe1\x2d\0\0\x66\x01\0\0\0\x05\0\0\xe6\x2d\0\0\x10\0\0\0\0\x06\0\0\xf0\x2d\0\0\
\x19\0\0\0\x40\x06\0\0\xfb\x2d\0\0\x19\0\0\0\x80\x06\0\0\x08\x2e\0\0\x67\x01\0\
\0\xc0\x06\0\0\x0d\x2e\0\0\x68\x01\0\0\0\x07\0\0\x17\x2e\0\0\x69\x01\0\0\x40\
\x07\0\0\x20\x2e\0\0\x69\x01\0\0\x60\x07\0\0\0\0\0\0\x02\0\0\x05\x10\0\0\0\x29\
\x2e\0\0\x1f\0\0\0\0\0\0\0\x32\x2e\0\0\xa9\0\0\0\0\0\0\0\x3d\x2e\0\0\x03\0\0\
\x04\x18\0\0\0\x42\x2e\0\0\x54\x01\0\0\0\0\0\0\x46\x2e\0\0\x55\x01\0\0\x40\0\0\
\0\x4d\x2e\0\0\x02\0\0\0\x80\0\0\0\0\0\0\0\0\0\0\x02\x69\x04\0\0\0\0\0\0\0\0\0\
\x02\x6a\x04\0\0\0\0\0\0\0\0\0\x02\x87\x03\0\0\0\0\0\0\0\0\0\x02\x58\x01\0\0\0\
\0\0\0\0\0\0\x0a\x93\x03\0\0\x58\x2e\0\0\x06\0\0\x06\x04\0\0\0\x60\x2e\0\0\0\0\
\0\0\x73\x2e\0\0\x01\0\0\0\x83\x2e\0\0\x02\0\0\0\x94\x2e\0\0\x03\0\0\0\xa6\x2e\
\0\0\x04\0\0\0\xb6\x2e\0\0\x05\0\0\0\xc9\x2e\0\0\0\0\0\x08\x16\0\0\0\xd1\x2e\0\
\0\0\0\0\x08\x5c\x01\0\0\xd8\x2e\0\0\0\0\0\x08\x37\0\0\0\xe8\x2e\0\0\x06\0\0\
\x04\x20\0\0\0\x54\x13\0\0\x5e\x01\0\0\0\0\0\0\x86\x04\0\0\x80\0\0\0\x40\0\0\0\
\xf4\x2e\0\0\x65\x01\0\0\x80\0\0\0\x46\x14\0\0\x98\0\0\0\xa0\0\0\0\x58\x14\0\0\
\x98\0\0\0\xc0\0\0\0\xfd\x2e\0\0\x02\0\0\0\xe0\0\0\0\x04\x2f\0\0\0\0\0\x08\x5f\
\x01\0\0\0\0\0\0\x01\0\0\x04\x08\0\0\0\x75\x13\0\0\x60\x01\0\0\0\0\0\0\x0d\x2f\
\0\0\0\0\0\x08\x61\x01\0\0\x1b\x2f\0\0\x02\0\0\x04\x08\0\0\0\0\0\0\0\x62\x01\0\
\0\0\0\0\0\x2e\x17\0\0\x8a\0\0\0\x20\0\0\0\0\0\0\0\x02\0\0\x05\x04\0\0\0\x23\
\x2f\0\0\x1c\0\0\0\0\0\0\0\0\0\0\0\x63\x01\0\0\0\0\0\0\0\0\0\0\x02\0\0\x04\x04\
\0\0\0\x28\x2f\0\0\x40\0\0\0\0\0\0\0\x30\x2f\0\0\x64\x01\0\0\x08\0\0\0\0\0\0\0\
\0\0\0\x03\0\0\0\0\x40\0\0\0\x04\0\0\0\x03\0\0\0\xf4\x2e\0\0\x05\0\0\x06\x04\0\
\0\0\x39\x2f\0\0\0\0\0\0\x45\x2f\0\0\x01\0\0\0\x52\x2f\0\0\x02\0\0\0\x5f\x2f\0\
\0\x03\0\0\0\x6b\x2f\0\0\x04\0\0\0\x77\x2f\0\0\x06\0\0\x04\x20\0\0\0\x85\x2f\0\
\0\x0f\0\0\0\0\0\0\0\xdb\x18\0\0\x16\0\0\0\x40\0\0\0\x8b\x2f\0\0\x16\0\0\0\x60\
\0\0\0\x96\x2f\0\0\x16\0\0\0\x80\0\0\0\x9f\x2f\0\0\x16\0\0\0\xa0\0\0\0\xa9\x2f\
\0\0\x5b\x01\0\0\xc0\0\0\0\0\0\0\0\0\0\0\x02\xb6\x01\0\0\0\0\0\0\0\0\0\x02\xe6\
\x02\0\0\xb2\x2f\0\0\0\0\0\x08\x14\0\0\0\0\0\0\0\0\0\0\x02\x6b\x01\0\0\xbb\x2f\
\0\0\0\0\0\x08\x6c\x01\0\0\0\0\0\0\x01\0\0\x04\x08\0\0\0\xbe\x2b\0\0\x6d\x01\0\
\0\0\0\0\0\xc1\x2f\0\0\0\0\0\x08\x10\0\0\0\xca\x2f\0\0\x05\0\0\x04\x28\0\0\0\
\xcb\x0a\0\0\x65\0\0\0\0\0\0\0\x28\x17\0\0\x65\0\0\0\x40\0\0\0\x38\x17\0\0\xdb\
\0\0\0\x80\0\0\0\x2e\x17\0\0\x88\0\0\0\xa0\0\0\0\x3c\x17\0\0\x2c\0\0\0\xc0\0\0\
\0\0\0\0\0\0\0\0\x03\0\0\0\0\x0f\0\0\0\x04\0\0\0\x2e\0\0\0\xd7\x2f\0\0\x01\0\0\
\x04\x20\0\0\0\xcb\x0a\0\0\x71\x01\0\0\0\0\0\0\0\0\0\0\0\0\0\x03\0\0\0\0\x65\0\
\0\0\x04\0\0\0\x04\0\0\0\0\0\0\0\0\0\0\x02\x72\x04\0\0\xe3\x2f\0\0\0\0\0\x08\
\x74\x01\0\0\0\0\0\0\x05\0\0\x04\x28\0\0\0\xc9\x1c\0\0\x66\0\0\0\0\0\0\0\xf0\
\x2f\0\0\x19\0\0\0\x40\0\0\0\x23\x1e\0\0\x1a\0\0\0\x80\0\0\0\xf8\x2f\0\0\x19\0\
\0\0\xc0\0\0\0\xac\0\0\0\x0f\0\0\0\0\x01\0\0\0\0\0\0\0\0\0\x02\xe8\x04\0\0\0\0\
\0\0\0\0\0\x02\xe9\x04\0\0\x4e\x2d\0\0\x01\0\0\x04\x08\0\0\0\xfd\x2f\0\0\x78\
\x01\0\0\0\0\0\0\0\0\0\0\0\0\0\x02\xea\x04\0\0\x06\x30\0\0\x03\0\0\x04\x20\0\0\
\0\x12\x30\0\0\x65\0\0\0\0\0\0\0\xeb\x18\0\0\x2c\0\0\0\x40\0\0\0\x9f\x15\0\0\
\x7a\x01\0\0\xc0\0\0\0\x17\x30\0\0\0\0\0\x08\x7b\x01\0\0\0\0\0\0\0\0\0\x02\x7c\
\x01\0\0\0\0\0\0\x01\0\0\x0d\0\0\0\0\0\0\0\0\x7d\x01\0\0\0\0\0\0\0\0\0\x02\x79\
\x01\0\0\0\0\0\0\x02\0\0\x04\x18\0\0\0\xe2\x15\0\0\x2c\0\0\0\0\0\0\0\x23\x30\0\
\0\x0f\0\0\0\x80\0\0\0\0\0\0\0\0\0\0\x03\0\0\0\0\x0f\0\0\0\x04\0\0\0\0\0\0\0\
\x28\x06\0\0\x09\0\0\x04\x48\0\0\0\xcb\x0a\0\0\x1c\0\0\0\0\0\0\0\xe4\x31\0\0\
\x81\x01\0\0\x40\0\0\0\xeb\x31\0\0\x82\x01\0\0\x80\0\0\0\xf2\x31\0\0\x83\x01\0\
\0\xc0\0\0\0\xf9\x31\0\0\x21\x01\0\0\0\x01\0\0\x0d\x32\0\0\x84\x01\0\0\x40\x01\
\0\0\x14\x32\0\0\x85\x01\0\0\x80\x01\0\0\x1c\x32\0\0\x85\x01\0\0\xc0\x01\0\0\
\x31\x32\0\0\x86\x01\0\0\0\x02\0\0\0\0\0\0\0\0\0\x02\x78\x03\0\0\0\0\0\0\0\0\0\
\x02\x92\x01\0\0\0\0\0\0\0\0\0\x02\x8f\x01\0\0\0\0\0\0\0\0\0\x02\xa7\x01\0\0\0\
\0\0\0\0\0\0\x02\x17\x05\0\0\0\0\0\0\0\0\0\x02\x91\x01\0\0\x3b\x32\0\0\x0c\0\0\
\x04\x88\0\0\0\x49\x32\0\0\x88\x01\0\0\0\0\0\0\x8d\x15\0\0\xa9\0\0\0\xc0\0\0\0\
\x4d\x32\0\0\x16\0\0\0\x40\x01\0\0\x5b\x32\0\0\x25\0\0\0\x80\x01\0\0\x68\x32\0\
\0\x8b\x01\0\0\xc0\x01\0\0\x73\x32\0\0\x16\0\0\0\0\x02\0\0\xa8\x04\0\0\x21\x01\
\0\0\x40\x02\0\0\x0b\x15\0\0\xa5\0\0\0\x80\x02\0\0\x13\x15\0\0\xa6\0\0\0\xc0\
\x02\0\0\x79\x32\0\0\x02\0\0\0\0\x03\0\0\xc6\x1c\0\0\x8c\x01\0\0\x40\x03\0\0\
\x80\x32\0\0\x02\0\0\0\0\x04\0\0\x49\x32\0\0\x03\0\0\x04\x18\0\0\0\x93\x32\0\0\
\x89\x01\0\0\0\0\0\0\x9a\x32\0\0\x16\0\0\0\x80\0\0\0\xa3\x32\0\0\x16\0\0\0\xa0\
\0\0\0\xac\x32\0\0\x03\0\0\x04\x10\0\0\0\xb3\x32\0\0\xc1\0\0\0\0\0\0\0\xbb\x32\
\0\0\x8a\x01\0\0\x20\0\0\0\xc4\x32\0\0\x19\0\0\0\x40\0\0\0\xcc\x32\0\0\0\0\0\
\x08\x16\0\0\0\0\0\0\0\0\0\0\x02\x77\x04\0\0\xd2\x32\0\0\x04\0\0\x04\x18\0\0\0\
\xdc\x32\0\0\x65\0\0\0\0\0\0\0\xe4\x32\0\0\x8d\x01\0\0\x40\0\0\0\xe8\x32\0\0\
\x16\0\0\0\x80\0\0\0\xcb\x0a\0\0\x1a\0\0\0\xa0\0\0\0\0\0\0\0\0\0\0\x02\x8e\x01\
\0\0\0\0\0\0\0\0\0\x0a\x6e\x04\0\0\x38\x33\0\0\x0b\0\0\x04\x78\0\0\0\xc6\x1c\0\
\0\x8c\x01\0\0\0\0\0\0\x46\x33\0\0\x90\x01\0\0\xc0\0\0\0\xe2\x15\0\0\x2c\0\0\0\
\0\x01\0\0\x4b\x33\0\0\xc1\0\0\0\x80\x01\0\0\x0b\x15\0\0\xa5\0\0\0\xc0\x01\0\0\
\x13\x15\0\0\xa6\0\0\0\0\x02\0\0\x53\x33\0\0\x10\0\0\0\x40\x02\0\0\x87\x12\0\0\
\x16\x01\0\0\x80\x02\0\0\x57\x33\0\0\x10\0\0\0\x40\x03\0\0\x5d\x33\0\0\x16\0\0\
\0\x80\x03\0\0\x64\x33\0\0\x16\0\0\0\xa0\x03\0\0\0\0\0\0\0\0\0\x02\x67\x04\0\0\
\xc3\x33\0\0\x04\0\0\x04\x30\0\0\0\xc6\x1c\0\0\x8c\x01\0\0\0\0\0\0\x0b\x15\0\0\
\xa5\0\0\0\xc0\0\0\0\x13\x15\0\0\xa6\0\0\0\0\x01\0\0\xd4\x33\0\0\xd6\0\0\0\x40\
\x01\0\0\x22\x34\0\0\x19\0\0\x04\x38\x03\0\0\x30\x34\0\0\xa1\x01\0\0\0\0\0\0\
\x34\x34\0\0\x6c\0\0\0\x40\x14\0\0\x3d\x34\0\0\x02\0\0\0\xc0\x14\0\0\x47\x34\0\
\0\x16\0\0\0\xe0\x14\0\0\x52\x34\0\0\x16\0\0\0\0\x15\0\0\x5d\x34\0\0\x16\0\0\0\
\x20\x15\0\0\x68\x34\0\0\x1c\0\0\0\x40\x15\0\0\x72\x34\0\0\x1c\0\0\0\x60\x15\0\
\0\x7b\x34\0\0\xba\0\0\0\x80\x15\0\0\x86\x34\0\0\xba\0\0\0\xc0\x15\0\0\x91\x34\
\0\0\x0f\0\0\0\0\x16\0\0\x99\x34\0\0\x02\0\0\0\x40\x16\0\0\xa4\x34\0\0\x02\0\0\
\0\x60\x16\0\0\xb4\x34\0\0\xa2\x01\0\0\x80\x16\0\0\xbd\x34\0\0\x54\x01\0\0\x40\
\x17\0\0\xc4\x34\0\0\x16\0\0\0\x80\x17\0\0\xd4\x34\0\0\x16\0\0\0\xa0\x17\0\0\
\xe2\x34\0\0\x16\0\0\0\xc0\x17\0\0\xed\x34\0\0\x16\0\0\0\xe0\x17\0\0\xfc\x34\0\
\0\x16\0\0\0\0\x18\0\0\x0b\x35\0\0\x16\0\0\0\x20\x18\0\0\x0b\x15\0\0\xa5\0\0\0\
\x40\x18\0\0\x13\x15\0\0\xa6\0\0\0\x80\x18\0\0\x1e\x35\0\0\x1f\0\0\0\xc0\x18\0\
\0\xc6\x1c\0\0\x8c\x01\0\0\0\x19\0\0\x28\x35\0\0\x07\0\0\x04\xd8\0\0\0\x30\x35\
\0\0\x02\0\0\0\0\0\0\0\x53\x33\0\0\x24\0\0\0\x20\0\0\0\x37\x35\0\0\x6e\x01\0\0\
\x40\0\0\0\x3d\x35\0\0\x88\x01\0\0\x80\x01\0\0\x46\x35\0\0\x02\0\0\0\x40\x02\0\
\0\x4e\x35\0\0\x02\0\0\0\x60\x02\0\0\x57\x35\0\0\x94\x01\0\0\x80\x02\0\0\x5e\
\x35\0\0\x09\0\0\x04\x88\0\0\0\x69\x35\0\0\x95\x01\0\0\0\0\0\0\x6d\x35\0\0\x16\
\0\0\0\x40\0\0\0\x75\x35\0\0\x16\0\0\0\x60\0\0\0\x7f\x35\0\0\x96\x01\0\0\x80\0\
\0\0\x81\x35\0\0\x51\0\0\0\xc0\x01\0\0\x88\x35\0\0\x79\x01\0\0\0\x02\0\0\x22\
\x17\0\0\xda\0\0\0\0\x03\0\0\x54\x13\0\0\xc1\0\0\0\0\x04\0\0\x91\x35\0\0\x1c\0\
\0\0\x20\x04\0\0\0\0\0\0\0\0\0\x02\x68\x04\0\0\x98\x35\0\0\x0a\0\0\x04\x28\0\0\
\0\xaa\x35\0\0\x22\0\0\0\0\0\0\0\x6d\x35\0\0\x22\0\0\0\x10\0\0\0\xb5\x35\0\0\
\x22\0\0\0\x20\0\0\0\xc0\x35\0\0\x22\0\0\0\x30\0\0\0\xcc\x35\0\0\x16\0\0\0\x40\
\0\0\0\xd5\x35\0\0\x22\0\0\0\x60\0\0\0\xde\x35\0\0\x51\0\0\0\x70\0\0\0\xf2\x35\
\0\0\x97\x01\0\0\x80\0\0\0\xf9\x35\0\0\x9a\x01\0\0\xc0\0\0\0\x04\x36\0\0\x9b\
\x01\0\0\0\x01\0\0\x0e\x36\0\0\0\0\0\x08\x98\x01\0\0\0\0\0\0\0\0\0\x02\x99\x01\
\0\0\0\0\0\0\x03\0\0\x0d\x14\0\0\0\0\0\0\0\x17\0\0\0\0\0\0\0\x14\0\0\0\0\0\0\0\
\x14\0\0\0\x1b\x36\0\0\0\0\0\x08\x98\x01\0\0\x2c\x36\0\0\0\0\0\x08\x9c\x01\0\0\
\0\0\0\0\0\0\0\x02\x9d\x01\0\0\0\0\0\0\x02\0\0\x0d\x02\0\0\0\0\0\0\0\x9e\x01\0\
\0\0\0\0\0\x17\0\0\0\0\0\0\0\0\0\0\x02\x9f\x01\0\0\x3c\x36\0\0\x02\0\0\x04\x10\
\0\0\0\x53\x36\0\0\xa0\x01\0\0\0\0\0\0\x56\x36\0\0\x17\0\0\0\x40\0\0\0\0\0\0\0\
\0\0\0\x02\x94\x01\0\0\0\0\0\0\0\0\0\x03\0\0\0\0\x93\x01\0\0\x04\0\0\0\x03\0\0\
\0\x5a\x36\0\0\x03\0\0\x04\x18\0\0\0\x69\x36\0\0\xa3\x01\0\0\0\0\0\0\x52\x0b\0\
\0\xa6\x01\0\0\x40\0\0\0\x77\x36\0\0\x02\0\0\0\x80\0\0\0\x80\x36\0\0\0\0\0\x08\
\xa4\x01\0\0\0\0\0\0\0\0\0\x02\xa5\x01\0\0\0\0\0\0\x03\0\0\x0d\x02\0\0\0\0\0\0\
\0\xa6\x01\0\0\0\0\0\0\x0f\0\0\0\0\0\0\0\x19\0\0\0\0\0\0\0\0\0\0\x02\xa2\x01\0\
\0\xd9\x36\0\0\x2b\0\0\x04\0\x0d\0\0\xdd\x36\0\0\x1a\0\0\0\0\0\0\0\xe5\x36\0\0\
\xc1\0\0\0\x20\0\0\0\xf4\x36\0\0\x16\0\0\0\x40\0\0\0\x04\x37\0\0\x16\0\0\0\x60\
\0\0\0\x11\x37\0\0\x02\0\0\0\x80\0\0\0\x19\x37\0\0\xc1\0\0\0\xa0\0\0\0\x23\x37\
\0\0\x1c\0\0\0\xc0\0\0\0\xe2\x15\0\0\x2c\0\0\0\0\x01\0\0\x2e\x37\0\0\x2c\0\0\0\
\x80\x01\0\0\x38\x37\0\0\x1f\0\0\0\0\x02\0\0\x45\x37\0\0\xa8\x01\0\0\x40\x02\0\
\0\x0b\x15\0\0\xa5\0\0\0\x80\x02\0\0\x13\x15\0\0\xa6\0\0\0\xc0\x02\0\0\x50\x37\
\0\0\x88\x01\0\0\0\x03\0\0\xc6\x1c\0\0\x8c\x01\0\0\xc0\x03\0\0\x5a\x37\0\0\x2c\
\0\0\0\x80\x04\0\0\x68\x37\0\0\xa9\x01\0\0\0\x05\0\0\x71\x37\0\0\xa9\x01\0\0\
\x40\x05\0\0\x7f\x37\0\0\xaa\x01\0\0\x80\x05\0\0\x87\x37\0\0\xb7\x01\0\0\x80\
\x08\0\0\x8c\x37\0\0\xb7\x01\0\0\xc0\x08\0\0\x96\x37\0\0\xb8\x01\0\0\0\x09\0\0\
\xa2\x37\0\0\x67\x01\0\0\x40\x09\0\0\xb0\x37\0\0\x67\x01\0\0\x80\x09\0\0\xbf\
\x37\0\0\xb9\x01\0\0\xc0\x09\0\0\xcc\x37\0\0\x14\0\0\0\0\x0a\0\0\xd5\x37\0\0\
\xba\x01\0\0\x40\x0a\0\0\xe2\x37\0\0\x2c\0\0\0\x80\x0a\0\0\xec\x37\0\0\xbb\x01\
\0\0\0\x0b\0\0\xf1\x37\0\0\xbe\x01\0\0\0\x0c\0\0\xf5\x37\0\0\xc7\x01\0\0\x40\
\x0f\0\0\xfc\x37\0\0\xc8\x01\0\0\x80\x10\0\0\0\x38\0\0\xc9\x01\0\0\0\x11\0\0\
\x08\x38\0\0\xcb\x01\0\0\0\x14\0\0\x0d\x38\0\0\xe5\x01\0\0\0\x28\0\0\x12\x38\0\
\0\x25\x03\0\0\0\x3e\0\0\x15\x38\0\0\x46\x03\0\0\x80\x44\0\0\x18\x38\0\0\x2b\
\x02\0\0\xc0\x48\0\0\x26\x38\0\0\x52\x03\0\0\x80\x49\0\0\x2a\x38\0\0\x53\x03\0\
\0\xc0\x49\0\0\x2e\x38\0\0\x72\x03\0\0\0\x4c\0\0\x33\x38\0\0\x10\0\0\0\0\x66\0\
\0\x3e\x38\0\0\xb7\x01\0\0\x40\x66\0\0\0\0\0\0\0\0\0\x02\x80\x04\0\0\0\0\0\0\0\
\0\0\x02\x81\x04\0\0\x48\x38\0\0\x02\0\0\x04\x60\0\0\0\x56\x38\0\0\xab\x01\0\0\
\0\0\0\0\x5e\x38\0\0\xae\x01\0\0\x40\0\0\0\0\0\0\0\0\0\0\x02\xac\x01\0\0\0\0\0\
\0\x01\0\0\x0d\x02\0\0\0\0\0\0\0\xad\x01\0\0\0\0\0\0\0\0\0\x02\xaa\x01\0\0\x62\
\x38\0\0\x02\0\0\x04\x58\0\0\0\x6a\x38\0\0\xaf\x01\0\0\0\0\0\0\x46\x33\0\0\x93\
\0\0\0\x80\x02\0\0\x71\x38\0\0\x08\0\0\x04\x50\0\0\0\0\0\0\0\xb0\x01\0\0\0\0\0\
\0\x82\x38\0\0\x85\0\0\0\xc0\0\0\0\x90\x38\0\0\xb2\x01\0\0\0\x01\0\0\x46\x33\0\
\0\xb3\x01\0\0\x40\x01\0\0\x9e\x38\0\0\xad\x01\0\0\x80\x01\0\0\xa8\x04\0\0\xb4\
\x01\0\0\xc0\x01\0\0\x01\x0e\0\0\xb5\x01\0\0\0\x02\0\0\xa2\x38\0\0\xb6\x01\0\0\
\x40\x02\0\0\0\0\0\0\x02\0\0\x05\x18\0\0\0\0\0\0\0\xb1\x01\0\0\0\0\0\0\x8d\x15\
\0\0\xa9\0\0\0\0\0\0\0\0\0\0\0\x04\0\0\x04\x18\0\0\0\xa9\x38\0\0\xb2\x01\0\0\0\
\0\0\0\xb3\x38\0\0\x02\0\0\0\x40\0\0\0\xcb\x0a\0\0\x02\0\0\0\x60\0\0\0\xb8\x38\
\0\0\x02\0\0\0\x80\0\0\0\0\0\0\0\0\0\0\x02\xbe\x04\0\0\0\0\0\0\0\0\0\x02\xbf\
\x04\0\0\0\0\0\0\0\0\0\x02\xae\x01\0\0\0\0\0\0\0\0\0\x02\xc0\x04\0\0\xbd\x38\0\
\0\x01\0\0\x04\x08\0\0\0\xc8\x38\0\0\x82\0\0\0\0\0\0\0\0\0\0\0\0\0\0\x02\x0b\
\x02\0\0\0\0\0\0\0\0\0\x02\xef\x04\0\0\xce\x38\0\0\x01\0\0\x04\x08\0\0\0\xa5\
\x22\0\0\xa6\x01\0\0\0\0\0\0\0\0\0\0\0\0\0\x02\x57\x02\0\0\xe0\x38\0\0\x05\0\0\
\x04\x20\0\0\0\xeb\x38\0\0\xbc\x01\0\0\0\0\0\0\xf6\x38\0\0\x02\0\0\0\x40\0\0\0\
\x07\x39\0\0\x02\0\0\0\x60\0\0\0\x1f\x39\0\0\x86\0\0\0\x80\0\0\0\x2a\x39\0\0\
\xbd\x01\0\0\xc0\0\0\0\0\0\0\0\0\0\0\x02\xaf\x01\0\0\0\0\0\0\0\0\0\x02\xf0\x04\
\0\0\x35\x39\0\0\x0d\0\0\x04\x68\0\0\0\x3f\x39\0\0\xbf\x01\0\0\0\0\0\0\x4d\x39\
\0\0\xbf\x01\0\0\x40\0\0\0\x5d\x39\0\0\xc0\x01\0\0\x80\0\0\0\x6c\x39\0\0\xc1\
\x01\0\0\xc0\0\0\0\x7b\x39\0\0\xc2\x01\0\0\0\x01\0\0\x8a\x39\0\0\xc2\x01\0\0\
\x40\x01\0\0\x98\x39\0\0\xc2\x01\0\0\x80\x01\0\0\xab\x39\0\0\xc2\x01\0\0\xc0\
\x01\0\0\xbd\x39\0\0\xc3\x01\0\0\0\x02\0\0\xcd\x39\0\0\xc4\x01\0\0\x40\x02\0\0\
\xe0\x39\0\0\xc5\x01\0\0\x80\x02\0\0\xf2\x39\0\0\xc6\x01\0\0\xc0\x02\0\0\x07\
\x3a\0\0\xa9\x01\0\0\0\x03\0\0\0\0\0\0\0\0\0\x02\xc1\x04\0\0\0\0\0\0\0\0\0\x02\
\xf1\x04\0\0\0\0\0\0\0\0\0\x02\xf2\x04\0\0\0\0\0\0\0\0\0\x02\xf3\x04\0\0\0\0\0\
\0\0\0\0\x02\xf4\x04\0\0\0\0\0\0\0\0\0\x02\xf5\x04\0\0\0\0\0\0\0\0\0\x02\xf6\
\x04\0\0\0\0\0\0\0\0\0\x02\xf7\x04\0\0\x19\x3a\0\0\x02\0\0\x04\x28\0\0\0\x26\
\x3a\0\0\xda\0\0\0\0\0\0\0\x32\x3a\0\0\xb6\x01\0\0\0\x01\0\0\x39\x3a\0\0\x02\0\
\0\x04\x10\0\0\0\x44\x3a\0\0\x02\0\0\0\0\0\0\0\x5a\x3a\0\0\xbc\x01\0\0\x40\0\0\
\0\x5e\x3a\0\0\x05\0\0\x04\x48\0\0\0\x08\x14\0\0\x93\0\0\0\0\0\0\0\x6c\x3a\0\0\
\x67\x01\0\0\x40\0\0\0\x53\x33\0\0\x16\0\0\0\x80\0\0\0\x74\x3a\0\0\x14\0\0\0\
\xa0\0\0\0\x86\x3a\0\0\xca\x01\0\0\xc0\0\0\0\x95\x3a\0\0\x02\0\0\x04\x30\0\0\0\
\x37\x35\0\0\x6e\x01\0\0\0\0\0\0\xa5\x22\0\0\xa6\x01\0\0\x40\x01\0\0\xac\x3a\0\
\0\x83\0\0\x04\x80\x02\0\0\xb7\x3a\0\0\xcc\x01\0\0\0\0\0\0\xc5\x3a\0\0\xbc\x01\
\0\0\x80\x02\0\0\xce\x3a\0\0\xbc\x01\0\0\xc0\x02\0\0\xd8\x3a\0\0\xbc\x01\0\0\0\
\x03\0\0\xe1\x3a\0\0\xbc\x01\0\0\x40\x03\0\0\xeb\x3a\0\0\xbc\x01\0\0\x80\x03\0\
\0\xf5\x3a\0\0\xcf\x01\0\0\xc0\x03\0\0\x01\x3b\0\0\xcf\x01\0\0\0\x04\0\0\x0e\
\x3b\0\0\xd0\x01\0\0\x40\x04\0\0\x17\x3b\0\0\xda\0\0\0\x80\x04\0\0\xe2\x37\0\0\
\xd1\x01\0\0\x80\x05\0\0\x20\x3b\0\0\xd2\x01\0\0\xc0\x05\0\0\x29\x3b\0\0\xd2\
\x01\0\0\0\x06\0\0\x35\x3b\0\0\x16\0\0\0\x40\x06\0\0\x51\x3b\0\0\x51\0\0\0\x60\
\x06\0\0\x66\x3b\0\0\x51\0\0\0\x68\x06\0\0\x82\x3b\0\0\x51\0\0\0\x70\x06\0\0\
\x97\x3b\0\0\x67\x01\0\0\x80\x06\0\0\xa6\x3b\0\0\xb7\x01\0\0\xc0\x06\0\0\xac\
\x3b\0\0\xd3\x01\0\0\0\x07\0\0\xb4\x3b\0\0\xb7\x01\0\0\x40\x07\0\0\xc3\x3b\0\0\
\xd4\x01\0\0\x80\x07\0\0\xc9\x3b\0\0\xd5\x01\0\0\xc0\x07\0\0\xcf\x3b\0\0\x40\0\
\0\0\0\x08\0\0\xeb\x3b\0\0\x40\0\0\0\x08\x08\0\0\x09\x3c\0\0\x40\0\0\0\x10\x08\
\0\0\x2c\x3c\0\0\x40\0\0\0\x18\x08\0\0\x55\x3c\0\0\x40\0\0\0\x20\x08\0\0\x7b\
\x3c\0\0\x02\0\0\0\x40\x08\0\0\x91\x3c\0\0\x02\0\0\0\x60\x08\0\0\xa6\x3c\0\0\
\xd6\x01\0\0\x80\x08\0\0\xb5\x3c\0\0\x40\0\0\0\x20\x09\0\0\xc4\x3c\0\0\x40\0\0\
\0\x28\x09\0\0\xdc\x3c\0\0\x40\0\0\0\x30\x09\0\0\xf2\x3c\0\0\x40\0\0\0\x38\x09\
\0\0\x09\x3d\0\0\x40\0\0\0\x40\x09\0\0\x20\x3d\0\0\x40\0\0\0\x48\x09\0\0\x3e\
\x3d\0\0\x40\0\0\0\x50\x09\0\0\x56\x3d\0\0\x40\0\0\0\x58\x09\0\0\x6f\x3d\0\0\
\x40\0\0\0\x60\x09\0\0\x81\x3d\0\0\x40\0\0\0\x68\x09\0\0\x97\x3d\0\0\x40\0\0\0\
\x70\x09\0\0\xae\x3d\0\0\x40\0\0\0\x78\x09\0\0\xc5\x3d\0\0\x40\0\0\0\x80\x09\0\
\0\xe0\x3d\0\0\x40\0\0\0\x88\x09\0\0\xf6\x3d\0\0\x40\0\0\0\x90\x09\0\0\x0f\x3e\
\0\0\x02\0\0\0\xa0\x09\0\0\x2c\x3e\0\0\x40\0\0\0\xc0\x09\0\0\x43\x3e\0\0\x02\0\
\0\0\xe0\x09\0\0\x5e\x3e\0\0\x02\0\0\0\0\x0a\0\0\x72\x3e\0\0\x02\0\0\0\x20\x0a\
\0\0\x89\x3e\0\0\x02\0\0\0\x40\x0a\0\0\xa4\x3e\0\0\x14\0\0\0\x60\x0a\0\0\xbe\
\x3e\0\0\x02\0\0\0\x80\x0a\0\0\xd8\x3e\0\0\x02\0\0\0\xa0\x0a\0\0\xf3\x3e\0\0\
\x40\0\0\0\xc0\x0a\0\0\x0f\x3f\0\0\x40\0\0\0\xc8\x0a\0\0\x26\x3f\0\0\x40\0\0\0\
\xd0\x0a\0\0\x40\x3f\0\0\x40\0\0\0\xd8\x0a\0\0\x56\x3f\0\0\x40\0\0\0\xe0\x0a\0\
\0\x6d\x3f\0\0\x02\0\0\0\0\x0b\0\0\x83\x3f\0\0\x40\0\0\0\x20\x0b\0\0\x97\x3f\0\
\0\x40\0\0\0\x28\x0b\0\0\xab\x3f\0\0\x40\0\0\0\x30\x0b\0\0\xc5\x3f\0\0\x40\0\0\
\0\x38\x0b\0\0\xd9\x3f\0\0\x02\0\0\0\x40\x0b\0\0\xf0\x3f\0\0\x16\0\0\0\x60\x0b\
\0\0\x09\x40\0\0\x40\0\0\0\x80\x0b\0\0\x19\x40\0\0\x40\0\0\0\x88\x0b\0\0\x33\
\x40\0\0\x40\0\0\0\x90\x0b\0\0\x49\x40\0\0\x40\0\0\0\x98\x0b\0\0\x62\x40\0\0\
\x40\0\0\0\xa0\x0b\0\0\x76\x40\0\0\x40\0\0\0\xa8\x0b\0\0\x96\x40\0\0\x40\0\0\0\
\xb0\x0b\0\0\xb7\x40\0\0\x40\0\0\0\xb8\x0b\0\0\xd3\x40\0\0\x40\0\0\0\xc0\x0b\0\
\0\xe5\x40\0\0\x40\0\0\0\xc8\x0b\0\0\xf8\x40\0\0\x40\0\0\0\xd0\x0b\0\0\x15\x41\
\0\0\x40\0\0\0\xd8\x0b\0\0\x25\x41\0\0\x02\0\0\0\xe0\x0b\0\0\x3f\x41\0\0\x02\0\
\0\0\0\x0c\0\0\x58\x41\0\0\x40\0\0\0\x20\x0c\0\0\x69\x41\0\0\x40\0\0\0\x28\x0c\
\0\0\x7c\x41\0\0\x40\0\0\0\x30\x0c\0\0\x8c\x41\0\0\x40\0\0\0\x38\x0c\0\0\xa6\
\x41\0\0\x40\0\0\0\x40\x0c\0\0\xca\x41\0\0\x40\0\0\0\x48\x0c\0\0\xe5\x41\0\0\
\x40\0\0\0\x50\x0c\0\0\0\x42\0\0\x40\0\0\0\x58\x0c\0\0\x25\x42\0\0\x02\0\0\0\
\x60\x0c\0\0\x43\x42\0\0\x02\0\0\0\x80\x0c\0\0\x62\x42\0\0\x02\0\0\0\xa0\x0c\0\
\0\x7a\x42\0\0\x40\0\0\0\xc0\x0c\0\0\x92\x42\0\0\x40\0\0\0\xc8\x0c\0\0\xa9\x42\
\0\0\x40\0\0\0\xd0\x0c\0\0\xc0\x42\0\0\x40\0\0\0\xd8\x0c\0\0\xd8\x42\0\0\x02\0\
\0\0\xe0\x0c\0\0\xf5\x42\0\0\x02\0\0\0\0\x0d\0\0\x10\x43\0\0\x02\0\0\0\x20\x0d\
\0\0\x2b\x43\0\0\xda\x01\0\0\x40\x0d\0\0\x3b\x43\0\0\xda\x01\0\0\xa0\x0d\0\0\
\x4b\x43\0\0\x0f\0\0\0\0\x0e\0\0\x69\x43\0\0\x0f\0\0\0\x40\x0e\0\0\x87\x43\0\0\
\x02\0\0\0\x80\x0e\0\0\x9e\x43\0\0\x02\0\0\0\xa0\x0e\0\0\xb2\x43\0\0\xdb\x01\0\
\0\xc0\x0e\0\0\xc9\x43\0\0\xdd\x01\0\0\0\x0f\0\0\xda\x43\0\0\x16\0\0\0\x40\x0f\
\0\0\0\x44\0\0\x1c\0\0\0\x60\x0f\0\0\x19\x44\0\0\x0f\0\0\0\x80\x0f\0\0\x32\x44\
\0\0\x02\0\0\0\xc0\x0f\0\0\x46\x44\0\0\x02\0\0\0\xe0\x0f\0\0\x5a\x44\0\0\x40\0\
\0\0\0\x10\0\0\x7b\x44\0\0\x40\0\0\0\x08\x10\0\0\x93\x44\0\0\x02\0\0\0\x20\x10\
\0\0\xaf\x44\0\0\x02\0\0\0\x40\x10\0\0\xc3\x44\0\0\x02\0\0\0\x60\x10\0\0\xd3\
\x44\0\0\xde\x01\0\0\x80\x10\0\0\xe4\x44\0\0\x1c\0\0\0\0\x11\0\0\xf3\x44\0\0\
\xe0\x01\0\0\x40\x11\0\0\x0f\x45\0\0\x02\0\0\0\x80\x11\0\0\x23\x45\0\0\xe1\x01\
\0\0\xc0\x11\0\0\x27\x45\0\0\x14\0\0\0\0\x12\0\0\x48\x45\0\0\x40\0\0\0\x20\x12\
\0\0\x67\x45\0\0\x40\0\0\0\x28\x12\0\0\x88\x45\0\0\xe2\x01\0\0\x40\x12\0\0\x95\
\x45\0\0\x16\0\0\0\x80\x12\0\0\x9d\x45\0\0\xe2\x01\0\0\xc0\x12\0\0\xaf\x45\0\0\
\x16\0\0\0\0\x13\0\0\xb8\x45\0\0\x1c\0\0\0\x20\x13\0\0\xc1\x45\0\0\xe3\x01\0\0\
\x40\x13\0\0\xcb\x45\0\0\x04\0\0\x04\x50\0\0\0\xe3\x45\0\0\x1c\0\0\0\0\0\0\0\
\xec\x45\0\0\xcd\x01\0\0\x20\0\0\0\xf3\x45\0\0\xce\x01\0\0\0\x02\0\0\xfc\x45\0\
\0\x02\0\0\0\x40\x02\0\0\0\0\0\0\0\0\0\x03\0\0\0\0\x60\0\0\0\x04\0\0\0\x3c\0\0\
\0\0\0\0\0\0\0\0\x02\xd9\x04\0\0\0\0\0\0\0\0\0\x02\xc4\x04\0\0\0\0\0\0\0\0\0\
\x02\xf8\x04\0\0\0\0\0\0\0\0\0\x02\xf9\x04\0\0\0\0\0\0\0\0\0\x02\xfa\x04\0\0\0\
\0\0\0\0\0\0\x02\xb7\x01\0\0\0\0\0\0\0\0\0\x02\xb7\x04\0\0\0\0\0\0\0\0\0\x02\
\xfb\x04\0\0\x12\x46\0\0\x03\0\0\x04\x14\0\0\0\x54\x13\0\0\xd7\x01\0\0\0\0\0\0\
\x1e\x46\0\0\xd9\x01\0\0\x40\0\0\0\x24\x46\0\0\x51\0\0\0\x80\0\0\0\x2b\x46\0\0\
\0\0\0\x08\xd8\x01\0\0\0\0\0\0\x02\0\0\x04\x08\0\0\0\x05\x17\0\0\xd2\0\0\0\0\0\
\0\0\x54\x13\0\0\xc1\0\0\0\x20\0\0\0\0\0\0\0\0\0\0\x03\0\0\0\0\x02\0\0\0\x04\0\
\0\0\x02\0\0\0\0\0\0\0\0\0\0\x03\0\0\0\0\x02\0\0\0\x04\0\0\0\x03\0\0\0\0\0\0\0\
\0\0\0\x02\xdc\x01\0\0\0\0\0\0\0\0\0\x0a\xfc\x04\0\0\0\0\0\0\0\0\0\x02\xfd\x04\
\0\0\xd3\x44\0\0\x02\0\0\x04\x10\0\0\0\x54\x13\0\0\xd7\x01\0\0\0\0\0\0\x1e\x46\
\0\0\xdf\x01\0\0\x40\0\0\0\0\0\0\0\0\0\0\x03\0\0\0\0\x9c\0\0\0\x04\0\0\0\x02\0\
\0\0\0\0\0\0\0\0\0\x02\x0f\0\0\0\0\0\0\0\0\0\0\x02\xfe\x04\0\0\0\0\0\0\0\0\0\
\x02\xff\x04\0\0\x35\x46\0\0\0\0\0\x08\xe4\x01\0\0\0\0\0\0\x01\0\0\x04\x10\0\0\
\0\x56\x36\0\0\x3b\x01\0\0\0\0\0\0\x43\x46\0\0\x25\0\0\x04\xc0\x02\0\0\x4e\x46\
\0\0\xe6\x01\0\0\0\0\0\0\x5a\x46\0\0\x1b\x03\0\0\0\x06\0\0\xf5\x3a\0\0\x1d\x03\
\0\0\xc0\x0b\0\0\x01\x3b\0\0\x1d\x03\0\0\0\x0c\0\0\xc3\x3b\0\0\xd4\x01\0\0\x40\
\x0c\0\0\xc9\x3b\0\0\xd5\x01\0\0\x80\x0c\0\0\x61\x46\0\0\x1e\x03\0\0\xc0\x0c\0\
\0\x71\x46\0\0\x1f\x03\0\0\0\x0d\0\0\x80\x46\0\0\x20\x03\0\0\x40\x0d\0\0\x8a\
\x46\0\0\xed\0\0\0\x80\x0d\0\0\x97\x3b\0\0\x67\x01\0\0\xc0\x0e\0\0\x98\x46\0\0\
\x21\x03\0\0\0\x0f\0\0\xa6\x46\0\0\x2c\0\0\0\x40\x0f\0\0\xb3\x46\0\0\x5e\x01\0\
\0\xc0\x0f\0\0\xc4\x46\0\0\xc1\0\0\0\0\x10\0\0\xd1\x46\0\0\x1c\0\0\0\x20\x10\0\
\0\xe2\x46\0\0\x0f\0\0\0\x40\x10\0\0\xf1\x46\0\0\x42\0\0\0\x80\x10\0\0\x04\x47\
\0\0\x51\0\0\0\x88\x10\0\0\x1a\x47\0\0\x16\0\0\0\xa0\x10\0\0\x37\x47\0\0\x1f\
\x03\0\0\xc0\x10\0\0\x4a\x47\0\0\x1f\x03\0\0\0\x11\0\0\x5d\x47\0\0\x21\x03\0\0\
\x40\x11\0\0\x6c\x47\0\0\xd1\x01\0\0\x80\x11\0\0\xac\x3b\0\0\xd3\x01\0\0\xc0\
\x11\0\0\x7b\x47\0\0\xb7\x01\0\0\0\x12\0\0\x84\x47\0\0\xb7\x01\0\0\x40\x12\0\0\
\x8b\x47\0\0\xb7\x01\0\0\x80\x12\0\0\xb4\x3b\0\0\xb7\x01\0\0\xc0\x12\0\0\xe4\
\x44\0\0\x1c\0\0\0\0\x13\0\0\x93\x47\0\0\x1c\0\0\0\x20\x13\0\0\x9f\x47\0\0\x22\
\x03\0\0\x40\x13\0\0\x88\x45\0\0\xe2\x01\0\0\x80\x13\0\0\xa9\x47\0\0\xe2\x01\0\
\0\xc0\x13\0\0\xaf\x45\0\0\x16\0\0\0\0\x14\0\0\xbc\x47\0\0\x23\x03\0\0\x40\x14\
\0\0\xcd\x47\0\0\x24\x03\0\0\xc0\x14\0\0\xd8\x47\0\0\x12\0\0\x04\xc0\0\0\0\xe0\
\x47\0\0\x24\0\0\0\0\0\0\0\xe7\x47\0\0\x16\0\0\0\x20\0\0\0\xf1\x47\0\0\xe7\x01\
\0\0\x40\0\0\0\xf4\x47\0\0\xea\x01\0\0\x80\0\0\0\xfa\x47\0\0\x4d\x02\0\0\xc0\0\
\0\0\x09\x48\0\0\x4d\x02\0\0\0\x01\0\0\x0d\x48\0\0\x51\x02\0\0\x40\x01\0\0\xbe\
\x1c\0\0\x53\x02\0\0\x80\x01\0\0\x19\x48\0\0\x55\x02\0\0\xc0\x01\0\0\x20\x48\0\
\0\x04\x03\0\0\0\x02\0\0\x30\x48\0\0\xfb\x01\0\0\x40\x02\0\0\x3d\x48\0\0\x06\
\x03\0\0\x80\x02\0\0\x49\x48\0\0\x08\x03\0\0\xc0\x02\0\0\x52\x48\0\0\x09\x02\0\
\0\0\x03\0\0\x5c\x48\0\0\x0a\x03\0\0\x40\x03\0\0\x69\x48\0\0\x17\x03\0\0\x80\
\x03\0\0\x77\x48\0\0\x8b\x01\0\0\xc0\x03\0\0\x83\x48\0\0\x19\x03\0\0\0\x04\0\0\
\0\0\0\0\0\0\0\x02\xe8\x01\0\0\0\0\0\0\x01\0\0\x0d\x02\0\0\0\0\0\0\0\xe9\x01\0\
\0\0\0\0\0\0\0\0\x02\xe6\x01\0\0\0\0\0\0\0\0\0\x02\xeb\x01\0\0\0\0\0\0\x02\0\0\
\x0d\xec\x01\0\0\0\0\0\0\xec\x01\0\0\0\0\0\0\x15\0\0\0\0\0\0\0\0\0\0\x02\xed\
\x01\0\0\x91\x48\0\0\x13\0\0\x04\x70\0\0\0\x9b\x48\0\0\xba\x01\0\0\0\0\0\0\xe4\
\x32\0\0\xe9\x01\0\0\x40\0\0\0\x9f\x48\0\0\x0f\0\0\0\x80\0\0\0\x4e\x0e\0\0\x0f\
\0\0\0\xc0\0\0\0\x2e\x38\0\0\xee\x01\0\0\0\x01\0\0\xa8\x48\0\0\xef\x01\0\0\x40\
\x01\0\0\xae\x48\0\0\x09\x02\0\0\x80\x01\0\0\xac\0\0\0\x24\0\0\0\xc0\x01\0\0\
\xb5\x48\0\0\x4b\x02\0\0\xd0\x01\0\0\xbe\x48\0\0\x24\0\0\0\xe0\x01\0\0\xc9\x48\
\0\0\x24\0\0\0\xf0\x01\0\0\xd5\x48\0\0\x1c\0\0\0\0\x02\0\0\xde\x48\0\0\x02\0\0\
\0\x20\x02\0\0\xe4\x48\0\0\x0f\0\0\0\x40\x02\0\0\xec\x48\0\0\x4c\x02\0\0\x80\
\x02\0\0\x91\x15\0\0\xa9\0\0\0\xc0\x02\0\0\xf5\x48\0\0\x4b\x02\0\0\x40\x03\0\0\
\xfb\x48\0\0\x4b\x02\0\0\x50\x03\0\0\x01\x49\0\0\x15\0\0\0\x60\x03\0\0\0\0\0\0\
\0\0\0\x02\xb9\x04\0\0\0\0\0\0\0\0\0\x02\xf0\x01\0\0\0\0\0\0\x01\0\0\x0d\x02\0\
\0\0\0\0\0\0\xf1\x01\0\0\0\0\0\0\0\0\0\x02\xf2\x01\0\0\x0a\x49\0\0\x4c\0\0\x84\
\xe0\0\0\0\0\0\0\0\xf3\x01\0\0\0\0\0\0\0\0\0\0\xf6\x01\0\0\xc0\0\0\0\0\0\0\0\
\xf7\x01\0\0\0\x01\0\0\x12\x49\0\0\xf8\x01\0\0\x40\x01\0\0\0\0\0\0\xf9\x01\0\0\
\xc0\x02\0\0\x15\x49\0\0\x0f\0\0\0\x40\x03\0\0\x13\x22\0\0\x16\0\0\0\x80\x03\0\
\0\x1b\x49\0\0\x16\0\0\0\xa0\x03\0\0\x24\x49\0\0\x23\0\0\0\xc0\x03\0\0\x2c\x49\
\0\0\x23\0\0\0\xd0\x03\0\0\x34\x49\0\0\x23\0\0\0\xe0\x03\0\0\x42\x49\0\0\xfd\
\x01\0\0\xf0\x03\0\0\x52\x49\0\0\x41\0\0\0\xf0\x03\0\x01\x59\x49\0\0\x41\0\0\0\
\xf1\x03\0\x01\x5f\x49\0\0\x41\0\0\0\xf2\x03\0\x02\x66\x49\0\0\x41\0\0\0\xf4\
\x03\0\x01\x6d\x49\0\0\x41\0\0\0\xf5\x03\0\x01\x77\x49\0\0\x41\0\0\0\xf6\x03\0\
\x01\x82\x49\0\0\x41\0\0\0\xf7\x03\0\x01\x8d\x49\0\0\x41\0\0\0\xf8\x03\0\0\x9f\
\x49\0\0\xfe\x01\0\0\0\x04\0\0\xad\x49\0\0\xfd\x01\0\0\0\x04\0\0\xbf\x49\0\0\
\x41\0\0\0\0\x04\0\x03\xc8\x49\0\0\x41\0\0\0\x03\x04\0\x01\xd2\x49\0\0\x41\0\0\
\0\x04\x04\0\x01\xdb\x49\0\0\x41\0\0\0\x05\x04\0\x02\xe5\x49\0\0\x41\0\0\0\x07\
\x04\0\x01\xee\x49\0\0\x41\0\0\0\x08\x04\0\x01\xf6\x49\0\0\x41\0\0\0\x09\x04\0\
\x01\xfe\x49\0\0\x41\0\0\0\x0a\x04\0\x01\x0f\x4a\0\0\x41\0\0\0\x0b\x04\0\x01\
\x1a\x4a\0\0\x41\0\0\0\x0c\x04\0\x01\x21\x4a\0\0\x41\0\0\0\x0d\x04\0\x01\x2f\
\x4a\0\0\x41\0\0\0\x0e\x04\0\x01\x3e\x4a\0\0\x41\0\0\0\x0f\x04\0\x01\x49\x4a\0\
\0\xfd\x01\0\0\x10\x04\0\0\x63\x4a\0\0\x41\0\0\0\x10\x04\0\x01\x70\x4a\0\0\x41\
\0\0\0\x11\x04\0\x01\x81\x4a\0\0\x41\0\0\0\x12\x04\0\x02\x8c\x4a\0\0\x41\0\0\0\
\x14\x04\0\x01\x9a\x4a\0\0\x41\0\0\0\x15\x04\0\x01\xae\x4a\0\0\x41\0\0\0\x16\
\x04\0\x02\xbd\x4a\0\0\x41\0\0\0\x18\x04\0\x01\xcb\x4a\0\0\x41\0\0\0\x19\x04\0\
\x01\xdf\x4a\0\0\x41\0\0\0\x1a\x04\0\x01\xef\x4a\0\0\x41\0\0\0\x1b\x04\0\x01\0\
\x4b\0\0\x41\0\0\0\x1c\x04\0\x01\x0e\x4b\0\0\x41\0\0\0\x1d\x04\0\x01\x19\x4b\0\
\0\x41\0\0\0\x1e\x04\0\x01\x22\x4b\0\0\x41\0\0\0\x1f\x04\0\x01\x2f\x4b\0\0\x23\
\0\0\0\x20\x04\0\0\0\0\0\0\xff\x01\0\0\x40\x04\0\0\x77\x36\0\0\x15\0\0\0\x60\
\x04\0\0\x38\x4b\0\0\x02\0\0\0\x80\x04\0\0\x40\x4b\0\0\x15\0\0\0\xa0\x04\0\0\
\x45\x4b\0\0\x02\x02\0\0\xc0\x04\0\0\x50\x4b\0\0\x23\0\0\0\xd0\x04\0\0\0\0\0\0\
\x03\x02\0\0\xe0\x04\0\0\x59\x4b\0\0\x15\0\0\0\0\x05\0\0\0\0\0\0\x04\x02\0\0\
\x20\x05\0\0\0\0\0\0\x05\x02\0\0\x40\x05\0\0\x61\x4b\0\0\x23\0\0\0\x50\x05\0\0\
\x78\x4b\0\0\x23\0\0\0\x60\x05\0\0\x8d\x4b\0\0\x23\0\0\0\x70\x05\0\0\x9e\x4b\0\
\0\x02\x02\0\0\x80\x05\0\0\xa7\x4b\0\0\x23\0\0\0\x90\x05\0\0\xb8\x4b\0\0\x23\0\
\0\0\xa0\x05\0\0\xc7\x4b\0\0\x23\0\0\0\xb0\x05\0\0\xd2\x4b\0\0\xfe\x01\0\0\xc0\
\x05\0\0\xae\x13\0\0\x06\x02\0\0\xc0\x05\0\0\xde\x4b\0\0\x06\x02\0\0\xe0\x05\0\
\0\xa5\x22\0\0\x07\x02\0\0\0\x06\0\0\x12\x30\0\0\x07\x02\0\0\x40\x06\0\0\xe2\
\x4b\0\0\x16\0\0\0\x80\x06\0\0\xeb\x4b\0\0\x1a\0\0\0\xa0\x06\0\0\xf1\x4b\0\0\
\x08\x02\0\0\xc0\x06\0\0\0\0\0\0\x03\0\0\x05\x18\0\0\0\0\0\0\0\xf4\x01\0\0\0\0\
\0\0\xfc\x4b\0\0\x2a\0\0\0\0\0\0\0\xe2\x15\0\0\x2c\0\0\0\0\0\0\0\0\0\0\0\x03\0\
\0\x04\x18\0\0\0\x52\x0b\0\0\xf1\x01\0\0\0\0\0\0\x68\x0c\0\0\xf1\x01\0\0\x40\0\
\0\0\0\0\0\0\xf5\x01\0\0\x80\0\0\0\0\0\0\0\x02\0\0\x05\x08\0\0\0\x9b\x48\0\0\
\xba\x01\0\0\0\0\0\0\x03\x4c\0\0\x0f\0\0\0\0\0\0\0\0\0\0\0\x02\0\0\x05\x08\0\0\
\0\x0f\x4c\0\0\xb7\x01\0\0\0\0\0\0\x12\x4c\0\0\x02\0\0\0\0\0\0\0\0\0\0\0\x02\0\
\0\x05\x08\0\0\0\x35\x1b\0\0\x3a\0\0\0\0\0\0\0\x23\x4c\0\0\x10\0\0\0\0\0\0\0\0\
\0\0\0\0\0\0\x03\0\0\0\0\x60\0\0\0\x04\0\0\0\x30\0\0\0\0\0\0\0\x03\0\0\x05\x10\
\0\0\0\0\0\0\0\xfa\x01\0\0\0\0\0\0\x31\x4c\0\0\x2c\0\0\0\0\0\0\0\x44\x4c\0\0\
\x0f\0\0\0\0\0\0\0\0\0\0\0\x02\0\0\x04\x10\0\0\0\x4e\x4c\0\0\x0f\0\0\0\0\0\0\0\
\x5a\x4c\0\0\xfb\x01\0\0\x40\0\0\0\0\0\0\0\0\0\0\x02\xfc\x01\0\0\0\0\0\0\x01\0\
\0\x0d\0\0\0\0\0\0\0\0\xf1\x01\0\0\0\0\0\0\0\0\0\x03\0\0\0\0\x41\0\0\0\x04\0\0\
\0\0\0\0\0\0\0\0\0\0\0\0\x03\0\0\0\0\x15\0\0\0\x04\0\0\0\0\0\0\0\0\0\0\0\x02\0\
\0\x05\x04\0\0\0\x65\x4c\0\0\0\x02\0\0\0\0\0\0\0\0\0\0\x01\x02\0\0\0\0\0\0\x6a\
\x4c\0\0\0\0\0\x08\x15\0\0\0\0\0\0\0\x02\0\0\x04\x04\0\0\0\x71\x4c\0\0\x23\0\0\
\0\0\0\0\0\x7c\x4c\0\0\x23\0\0\0\x10\0\0\0\x88\x4c\0\0\0\0\0\x08\x23\0\0\0\0\0\
\0\0\x02\0\0\x05\x04\0\0\0\x8f\x4c\0\0\x16\0\0\0\0\0\0\0\x97\x4c\0\0\x16\0\0\0\
\0\0\0\0\0\0\0\0\x02\0\0\x05\x04\0\0\0\xa2\x4c\0\0\x15\0\0\0\0\0\0\0\xa7\x4c\0\
\0\x15\0\0\0\0\0\0\0\0\0\0\0\x02\0\0\x05\x02\0\0\0\xb9\x4c\0\0\x02\x02\0\0\0\0\
\0\0\xc8\x4c\0\0\x41\0\0\0\0\0\0\0\xd6\x4c\0\0\0\0\0\x08\x16\0\0\0\0\0\0\0\0\0\
\0\x02\x42\0\0\0\0\0\0\0\0\0\0\x02\xd8\x04\0\0\0\0\0\0\0\0\0\x02\x0a\x02\0\0\0\
\0\0\0\x03\0\0\x0d\x02\0\0\0\0\0\0\0\x84\x01\0\0\0\0\0\0\xb7\x01\0\0\0\0\0\0\
\xf1\x01\0\0\xe5\x4c\0\0\x5d\0\0\x84\x18\x03\0\0\xea\x4c\0\0\x0c\x02\0\0\0\0\0\
\0\xf6\x4c\0\0\x29\x02\0\0\x40\x04\0\0\xfe\x4c\0\0\x1c\0\0\0\x40\x05\0\0\x07\
\x4d\0\0\x02\0\0\0\x60\x05\0\0\x13\x4d\0\0\x2b\x02\0\0\x80\x05\0\0\x22\x4d\0\0\
\xf1\x01\0\0\x40\x06\0\0\x32\x4d\0\0\x2b\x02\0\0\x80\x06\0\0\x43\x4d\0\0\x2c\
\x02\0\0\x40\x07\0\0\x4e\x4d\0\0\x02\0\0\0\0\x08\0\0\x5f\x4d\0\0\x16\0\0\0\x20\
\x08\0\0\x6a\x4d\0\0\x16\0\0\0\x40\x08\0\0\x75\x4d\0\0\x02\0\0\0\x60\x08\0\0\
\x7f\x4d\0\0\x02\0\0\0\x80\x08\0\0\x8f\x4d\0\0\x2d\x02\0\0\xc0\x08\0\0\0\0\0\0\
\x2e\x02\0\0\0\x09\0\0\x99\x4d\0\0\x3e\x02\0\0\x40\x09\0\0\xa3\x4d\0\0\xec\x01\
\0\0\xc0\x09\0\0\xad\x4d\0\0\x02\0\0\0\0\x0a\0\0\xbf\x4d\0\0\x14\0\0\0\x20\x0a\
\0\0\xd0\x4d\0\0\xec\x01\0\0\x40\x0a\0\0\xdd\x4d\0\0\x1c\0\0\0\x80\x0a\0\0\xeb\
\x4d\0\0\x02\0\0\0\xa0\x0a\0\0\xf5\x4d\0\0\x02\0\0\0\xc0\x0a\0\0\x04\x4e\0\0\
\x1a\0\0\0\xe0\x0a\0\0\x12\x4e\0\0\x0f\0\0\0\0\x0b\0\0\0\0\0\0\x3f\x02\0\0\x40\
\x0b\0\0\x1f\x4e\0\0\xf1\x01\0\0\x80\x0b\0\0\x2f\x4e\0\0\x2b\x02\0\0\xc0\x0b\0\
\0\x3e\x4e\0\0\x06\x01\0\0\x80\x0c\0\0\x4a\x4e\0\0\x02\0\0\0\xa0\x0c\0\0\x5b\
\x4e\0\0\x15\0\0\0\xc0\x0c\0\0\x72\x4e\0\0\x14\0\0\0\xe0\x0c\0\0\x83\x4e\0\0\
\x70\0\0\0\0\x0d\0\0\x8f\x4e\0\0\xed\0\0\0\x40\x0d\0\0\x98\x4e\0\0\x15\0\0\0\
\x80\x0e\0\0\xa4\x4e\0\0\x15\0\0\0\xa0\x0e\0\0\xac\x4e\0\0\x0f\0\0\0\xc0\x0e\0\
\0\xbb\x4e\0\0\x0f\0\0\0\0\x0f\0\0\xce\x4e\0\0\xe7\0\0\0\x40\x0f\0\0\xd6\x4e\0\
\0\x40\x02\0\0\xc0\x0f\0\0\xe4\x4e\0\0\x40\x02\0\0\0\x10\0\0\xf4\x4e\0\0\x40\
\x02\0\0\x40\x10\0\0\x09\x4f\0\0\x02\0\0\0\x80\x10\0\0\x15\x4f\0\0\x16\0\0\0\
\xa0\x10\0\0\x25\x4f\0\0\x8a\x01\0\0\xc0\x10\0\0\x33\x4f\0\0\x15\0\0\0\xe0\x10\
\0\0\x3d\x4f\0\0\x40\0\0\0\0\x11\0\x01\x48\x4f\0\0\x40\0\0\0\x01\x11\0\x01\x55\
\x4f\0\0\x40\0\0\0\x02\x11\0\x01\x64\x4f\0\0\x40\0\0\0\x03\x11\0\x01\x73\x4f\0\
\0\x40\0\0\0\x04\x11\0\x04\x80\x4f\0\0\x40\0\0\0\x08\x11\0\0\x90\x4f\0\0\x22\0\
\0\0\x10\x11\0\0\x98\x4f\0\0\x22\0\0\0\x20\x11\0\0\xa4\x4f\0\0\x22\0\0\0\x30\
\x11\0\0\xb4\x4f\0\0\x0f\0\0\0\x40\x11\0\0\xc2\x4f\0\0\x18\x02\0\0\x80\x11\0\0\
\xd2\x4f\0\0\x5e\x01\0\0\xc0\x11\0\0\xe3\x4f\0\0\x02\0\0\0\0\x12\0\0\xea\x4f\0\
\0\x02\0\0\0\x20\x12\0\0\xf6\x4f\0\0\x14\0\0\0\x40\x12\0\0\x05\x50\0\0\x14\0\0\
\0\x60\x12\0\0\x18\x50\0\0\x98\0\0\0\x80\x12\0\0\x1f\x50\0\0\x40\0\0\0\xa0\x12\
\0\0\x33\x50\0\0\x22\0\0\0\xb0\x12\0\0\x47\x50\0\0\xc1\0\0\0\xc0\x12\0\0\x54\
\x50\0\0\x80\0\0\0\0\x13\0\0\x60\x50\0\0\x95\0\0\0\x40\x13\0\0\x6d\x50\0\0\x70\
\0\0\0\x80\x13\0\0\x79\x50\0\0\x3a\0\0\0\xc0\x13\0\0\x82\x50\0\0\x22\0\0\0\0\
\x14\0\0\x8d\x50\0\0\x02\0\0\0\x20\x14\0\0\x99\x50\0\0\x40\0\0\0\x40\x14\0\0\
\xa5\x50\0\0\x1c\0\0\0\x60\x14\0\0\xae\x50\0\0\x1c\0\0\0\x80\x14\0\0\xb7\x50\0\
\0\x40\0\0\0\xa0\x14\0\0\xc2\x50\0\0\x40\0\0\0\xa8\x14\0\x01\xda\x50\0\0\x40\0\
\0\0\xa9\x14\0\x01\xf2\x50\0\0\x40\0\0\0\xaa\x14\0\x06\x03\x51\0\0\x41\x02\0\0\
\xc0\x14\0\0\x0d\x51\0\0\x19\0\0\0\0\x15\0\0\x1a\x51\0\0\x19\0\0\0\x40\x15\0\0\
\x26\x51\0\0\x42\x02\0\0\x80\x15\0\0\x33\x51\0\0\x44\x02\0\0\0\x16\0\0\x3c\x51\
\0\0\x46\x02\0\0\x40\x16\0\0\x4c\x51\0\0\x46\x02\0\0\x80\x16\0\0\x5a\x51\0\0\
\x46\x02\0\0\xc0\x16\0\0\x69\x51\0\0\x46\x02\0\0\0\x17\0\0\x79\x51\0\0\x48\x02\
\0\0\x40\x17\0\0\x88\x51\0\0\x46\x02\0\0\x80\x17\0\0\x94\x51\0\0\x4a\x02\0\0\
\xc0\x17\0\0\xa4\x51\0\0\xf2\0\0\0\0\x18\0\0\xb3\x51\0\0\xa9\0\0\0\x40\x18\0\0\
\xba\x51\0\0\x19\0\0\x84\x88\0\0\0\0\0\0\0\x0d\x02\0\0\0\0\0\0\0\0\0\0\x11\x02\
\0\0\x40\0\0\0\0\0\0\0\x13\x02\0\0\x60\0\0\0\xc6\x51\0\0\x24\0\0\0\x80\0\0\0\
\xd1\x51\0\0\x16\x02\0\0\x90\0\0\0\xdb\x51\0\0\x42\0\0\0\x98\0\0\x04\xe5\x51\0\
\0\x42\0\0\0\x9c\0\0\x01\xf3\x51\0\0\x42\0\0\0\x9d\0\0\x01\0\x52\0\0\x42\0\0\0\
\x9e\0\0\x01\x0f\x52\0\0\x02\0\0\0\xa0\0\0\0\0\0\0\0\x17\x02\0\0\xc0\0\0\0\x20\
\x52\0\0\x18\x02\0\0\x40\x01\0\0\x29\x52\0\0\x19\x02\0\0\x80\x01\0\0\x31\x52\0\
\0\x1b\x02\0\0\xc0\x01\0\0\x3e\x52\0\0\x1b\x02\0\0\x40\x02\0\0\x4f\x52\0\0\x66\
\0\0\0\xc0\x02\0\0\0\0\0\0\x20\x02\0\0\0\x03\0\0\x5a\x52\0\0\x22\x02\0\0\x40\
\x03\0\0\0\0\0\0\x23\x02\0\0\x40\x03\0\0\x6d\x52\0\0\x24\0\0\0\xc0\x03\0\0\x82\
\x52\0\0\x24\0\0\0\xd0\x03\0\0\0\0\0\0\x27\x02\0\0\xe0\x03\0\0\x97\x52\0\0\x1a\
\0\0\0\0\x04\0\0\xa2\x52\0\0\x22\x02\0\0\x20\x04\0\0\0\0\0\0\x28\x02\0\0\x20\
\x04\0\0\0\0\0\0\x02\0\0\x05\x08\0\0\0\xb3\x52\0\0\x0e\x02\0\0\0\0\0\0\0\0\0\0\
\x0f\x02\0\0\0\0\0\0\xc0\x52\0\0\0\0\0\x08\x11\0\0\0\0\0\0\0\x02\0\0\x04\x08\0\
\0\0\xcb\x52\0\0\x10\x02\0\0\0\0\0\0\xd5\x52\0\0\x10\x02\0\0\x20\0\0\0\xe3\x52\
\0\0\0\0\0\x08\x15\0\0\0\0\0\0\0\x02\0\0\x05\x04\0\0\0\xea\x52\0\0\x16\0\0\0\0\
\0\0\0\xf3\x52\0\0\x12\x02\0\0\0\0\0\0\0\0\0\0\0\0\0\x03\0\0\0\0\x23\0\0\0\x04\
\0\0\0\x02\0\0\0\0\0\0\0\x02\0\0\x05\x04\0\0\0\x01\x53\0\0\x14\x02\0\0\0\0\0\0\
\0\0\0\0\x15\x02\0\0\0\0\0\0\x0e\x53\0\0\0\0\0\x08\x15\0\0\0\0\0\0\0\x02\0\0\
\x04\x04\0\0\0\x19\x53\0\0\x02\x02\0\0\0\0\0\0\x23\x53\0\0\x23\0\0\0\x10\0\0\0\
\0\0\0\0\0\0\0\x09\x42\0\0\0\0\0\0\0\x02\0\0\x05\x10\0\0\0\x2b\x53\0\0\x81\0\0\
\0\0\0\0\0\x39\x53\0\0\x81\0\0\0\0\0\0\0\0\0\0\0\0\0\0\x02\x75\x04\0\0\x4b\x53\
\0\0\0\0\0\x08\x1a\x02\0\0\0\0\0\0\x01\0\0\x04\x08\0\0\0\xd9\x36\0\0\x84\x01\0\
\0\0\0\0\0\x5a\x53\0\0\x01\0\0\x04\x10\0\0\0\x63\x53\0\0\x1c\x02\0\0\0\0\0\0\0\
\0\0\0\x03\0\0\x05\x10\0\0\0\x69\x53\0\0\x1d\x02\0\0\0\0\0\0\x72\x53\0\0\x1e\
\x02\0\0\0\0\0\0\x7c\x53\0\0\x1f\x02\0\0\0\0\0\0\0\0\0\0\0\0\0\x03\0\0\0\0\x41\
\0\0\0\x04\0\0\0\x10\0\0\0\0\0\0\0\0\0\0\x03\0\0\0\0\x02\x02\0\0\x04\0\0\0\x08\
\0\0\0\0\0\0\0\0\0\0\x03\0\0\0\0\x10\x02\0\0\x04\0\0\0\x04\0\0\0\0\0\0\0\x03\0\
\0\x05\x08\0\0\0\x86\x53\0\0\x0f\0\0\0\0\0\0\0\x90\x53\0\0\xb7\x01\0\0\0\0\0\0\
\x9d\x53\0\0\x21\x02\0\0\0\0\0\0\0\0\0\0\0\0\0\x02\xcc\x01\0\0\0\0\0\0\0\0\0\
\x03\0\0\0\0\x02\0\0\0\x04\0\0\0\0\0\0\0\0\0\0\0\x02\0\0\x05\x10\0\0\0\xa7\x53\
\0\0\x81\0\0\0\0\0\0\0\xb0\x53\0\0\x24\x02\0\0\0\0\0\0\xbf\x53\0\0\x02\0\0\x04\
\x10\0\0\0\x52\x0b\0\0\x25\x02\0\0\0\0\0\0\x4e\x13\0\0\x26\x02\0\0\x40\0\0\0\0\
\0\0\0\0\0\0\x02\x24\x02\0\0\0\0\0\0\0\0\0\x02\x25\x02\0\0\0\0\0\0\x03\0\0\x05\
\x04\0\0\0\xd0\x53\0\0\x02\0\0\0\0\0\0\0\xe1\x53\0\0\x14\0\0\0\0\0\0\0\xed\x53\
\0\0\x14\0\0\0\0\0\0\0\0\0\0\0\x03\0\0\x05\x04\0\0\0\xfc\x53\0\0\x14\0\0\0\0\0\
\0\0\x07\x54\0\0\x14\0\0\0\0\0\0\0\x18\x54\0\0\x14\0\0\0\0\0\0\0\x27\x54\0\0\0\
\0\0\x08\x2a\x02\0\0\0\0\0\0\x03\0\0\x04\x20\0\0\0\x35\x54\0\0\xc1\0\0\0\0\0\0\
\0\x3b\x54\0\0\x02\0\0\0\x20\0\0\0\x41\x54\0\0\x16\x01\0\0\x40\0\0\0\x44\x54\0\
\0\x04\0\0\x04\x18\0\0\0\x52\x0b\0\0\xf1\x01\0\0\0\0\0\0\x68\x0c\0\0\xf1\x01\0\
\0\x40\0\0\0\x51\x54\0\0\x15\0\0\0\x80\0\0\0\x54\x13\0\0\xc1\0\0\0\xa0\0\0\0\0\
\0\0\0\x04\0\0\x04\x18\0\0\0\x56\x54\0\0\x1c\0\0\0\0\0\0\0\x13\x22\0\0\x02\0\0\
\0\x20\0\0\0\xa5\x22\0\0\xf1\x01\0\0\x40\0\0\0\xae\x13\0\0\xf1\x01\0\0\x80\0\0\
\0\0\0\0\0\0\0\0\x02\xda\x04\0\0\0\0\0\0\x02\0\0\x05\x08\0\0\0\x61\x54\0\0\x2f\
\x02\0\0\0\0\0\0\x67\x54\0\0\x2f\x02\0\0\0\0\0\0\0\0\0\0\0\0\0\x02\xc7\x04\0\0\
\0\0\0\0\0\0\0\x02\x31\x02\0\0\x71\x54\0\0\x1b\0\0\x04\x20\x03\0\0\x7d\x54\0\0\
\x19\x02\0\0\0\0\0\0\x84\x54\0\0\x81\0\0\0\x40\0\0\0\x8a\x54\0\0\x81\0\0\0\xc0\
\0\0\0\x54\x13\0\0\x5e\x01\0\0\x40\x01\0\0\x90\x54\0\0\x1a\0\0\0\x80\x01\0\0\
\x97\x54\0\0\x14\0\0\0\xa0\x01\0\0\x9b\x54\0\0\xed\0\0\0\xc0\x01\0\0\xa1\x54\0\
\0\x1c\0\0\0\0\x03\0\0\x77\x36\0\0\x14\0\0\0\x20\x03\0\0\x96\x18\0\0\x14\0\0\0\
\x40\x03\0\0\xa7\x54\0\0\x14\0\0\0\x60\x03\0\0\xa2\x4c\0\0\x32\x02\0\0\x80\x03\
\0\0\xad\x54\0\0\x33\x02\0\0\xc0\x03\0\0\xb6\x54\0\0\x36\x02\0\0\x80\x05\0\0\
\xba\x54\0\0\x37\x02\0\0\x80\x07\0\0\xc1\x54\0\0\x38\x02\0\0\x80\x08\0\0\xc6\
\x54\0\0\x39\x02\0\0\x40\x09\0\0\xcb\x54\0\0\x51\0\0\0\x80\x0b\0\0\x19\0\0\0\
\x40\0\0\0\x88\x0b\0\0\xda\x54\0\0\x40\0\0\0\x90\x0b\0\0\xac\0\0\0\x40\0\0\0\
\x98\x0b\0\0\xe1\x54\0\0\x40\0\0\0\xa0\x0b\0\0\xe0\x47\0\0\x22\0\0\0\xb0\x0b\0\
\0\x2f\x0a\0\0\x3a\x02\0\0\xc0\x0b\0\0\xe9\x54\0\0\x3d\x02\0\0\0\x0c\0\0\xf2\
\x54\0\0\x81\0\0\0\0\x18\0\0\x8d\x15\0\0\xa9\0\0\0\x80\x18\0\0\x05\x55\0\0\x02\
\0\0\x04\x08\0\0\0\x0f\x55\0\0\x15\0\0\0\0\0\0\0\x11\x55\0\0\x15\0\0\0\x20\0\0\
\0\x13\x55\0\0\x0c\0\0\x04\x38\0\0\0\x21\x55\0\0\x34\x02\0\0\0\0\0\0\x27\x55\0\
\0\x34\x02\0\0\x80\0\0\0\x2d\x55\0\0\x02\x02\0\0\0\x01\0\0\x33\x55\0\0\x02\x02\
\0\0\x10\x01\0\0\x3e\x55\0\0\x02\x02\0\0\x20\x01\0\0\x44\x55\0\0\x02\x02\0\0\
\x30\x01\0\0\xe0\x47\0\0\x23\0\0\0\x40\x01\0\0\x4f\x55\0\0\x41\0\0\0\x50\x01\0\
\0\x5b\x55\0\0\x41\0\0\0\x58\x01\0\0\x67\x55\0\0\x41\0\0\0\x60\x01\0\0\x11\x37\
\0\0\x02\0\0\0\x80\x01\0\0\x06\x15\0\0\x9b\0\0\0\xa0\x01\0\0\x6d\x55\0\0\0\0\0\
\x08\x35\x02\0\0\0\0\0\0\x03\0\0\x05\x10\0\0\0\x7c\x55\0\0\x10\x02\0\0\0\0\0\0\
\x7f\x55\0\0\x1f\x02\0\0\0\0\0\0\x82\x55\0\0\x1b\x02\0\0\0\0\0\0\x86\x55\0\0\
\x08\0\0\x04\x40\0\0\0\x98\x55\0\0\x11\0\0\0\0\0\0\0\xa8\x55\0\0\x11\0\0\0\x40\
\0\0\0\xb8\x55\0\0\x11\0\0\0\x80\0\0\0\xca\x55\0\0\x11\0\0\0\xc0\0\0\0\xdc\x55\
\0\0\x11\0\0\0\0\x01\0\0\xf5\x55\0\0\x11\0\0\0\x40\x01\0\0\x0e\x56\0\0\x11\0\0\
\0\x80\x01\0\0\x27\x56\0\0\x11\0\0\0\xc0\x01\0\0\x40\x56\0\0\x04\0\0\x04\x20\0\
\0\0\x52\x56\0\0\x11\0\0\0\0\0\0\0\x58\x56\0\0\x11\0\0\0\x40\0\0\0\x60\x56\0\0\
\x11\0\0\0\x80\0\0\0\x69\x56\0\0\x11\0\0\0\xc0\0\0\0\x72\x56\0\0\x02\0\0\x04\
\x18\0\0\0\x89\x56\0\0\x2c\0\0\0\0\0\0\0\x8d\x56\0\0\x40\0\0\0\x80\0\0\0\x92\
\x56\0\0\x03\0\0\x04\x48\0\0\0\xa4\x56\0\0\x2b\x02\0\0\0\0\0\0\xaf\x56\0\0\xed\
\0\0\0\xc0\0\0\0\x10\x0d\0\0\x0f\0\0\0\0\x02\0\0\0\0\0\0\0\0\0\x02\xbb\x04\0\0\
\xba\x56\0\0\x0b\0\0\x04\x40\0\0\0\xc9\x1c\0\0\x3c\x02\0\0\0\0\0\0\x27\x55\0\0\
\x34\x02\0\0\xc0\0\0\0\xc4\x56\0\0\x24\0\0\0\x40\x01\0\0\xd1\x56\0\0\x14\0\0\0\
\x60\x01\0\0\x0f\x16\0\0\x40\0\0\0\x80\x01\0\0\xd7\x56\0\0\x40\0\0\0\x88\x01\0\
\0\xdd\x56\0\0\x40\0\0\0\x90\x01\0\0\xe6\x56\0\0\x40\0\0\0\x98\x01\0\0\xee\x56\
\0\0\x14\0\0\0\xa0\x01\0\0\xf5\x56\0\0\x14\0\0\0\xc0\x01\0\0\xfc\x56\0\0\x14\0\
\0\0\xe0\x01\0\0\x03\x57\0\0\x03\0\0\x04\x18\0\0\0\x21\x55\0\0\x34\x02\0\0\0\0\
\0\0\x0b\x57\0\0\x10\x02\0\0\x80\0\0\0\x67\x55\0\0\x41\0\0\0\xa0\0\0\0\0\0\0\0\
\0\0\0\x03\0\0\0\0\x3b\x02\0\0\x04\0\0\0\x06\0\0\0\0\0\0\0\0\0\0\x03\0\0\0\0\
\x30\x02\0\0\x04\0\0\0\x02\0\0\0\0\0\0\0\x02\0\0\x05\x08\0\0\0\x0f\x57\0\0\xf1\
\x01\0\0\0\0\0\0\x1c\x57\0\0\x93\0\0\0\0\0\0\0\x2a\x57\0\0\0\0\0\x08\x10\0\0\0\
\0\0\0\0\0\0\0\x02\xc6\x04\0\0\x3c\x57\0\0\x02\0\0\x04\x10\0\0\0\x68\x1f\0\0\
\x43\x02\0\0\0\0\0\0\x4d\x57\0\0\x14\0\0\0\x40\0\0\0\0\0\0\0\0\0\0\x02\x65\x04\
\0\0\0\0\0\0\0\0\0\x02\x45\x02\0\0\x55\x57\0\0\0\0\0\x07\0\0\0\0\0\0\0\0\0\0\0\
\x02\x47\x02\0\0\0\0\0\0\x01\0\0\x0d\0\0\0\0\0\0\0\0\xb7\x01\0\0\0\0\0\0\0\0\0\
\x02\x49\x02\0\0\0\0\0\0\x02\0\0\x0d\x02\0\0\0\0\0\0\0\xb7\x01\0\0\0\0\0\0\xf1\
\x01\0\0\0\0\0\0\0\0\0\x02\xde\x04\0\0\x60\x57\0\0\0\0\0\x01\x02\0\0\0\x10\0\0\
\x01\0\0\0\0\0\0\0\x02\xb8\x04\0\0\0\0\0\0\0\0\0\x02\x4e\x02\0\0\0\0\0\0\x01\0\
\0\x0d\x16\0\0\0\0\0\0\0\x4f\x02\0\0\0\0\0\0\0\0\0\x02\x50\x02\0\0\0\0\0\0\0\0\
\0\x0a\xed\x01\0\0\0\0\0\0\0\0\0\x02\x52\x02\0\0\0\0\0\0\x02\0\0\x0d\x74\0\0\0\
\0\0\0\0\xec\x01\0\0\0\0\0\0\x0f\0\0\0\0\0\0\0\0\0\0\x02\x54\x02\0\0\0\0\0\0\
\x01\0\0\x0d\0\0\0\0\0\0\0\0\xec\x01\0\0\0\0\0\0\0\0\0\x02\x56\x02\0\0\0\0\0\0\
\x03\0\0\x0d\0\0\0\0\0\0\0\0\xec\x01\0\0\0\0\0\0\xba\x01\0\0\0\0\0\0\x02\0\0\0\
\x66\x57\0\0\x84\0\0\x84\xc0\x08\0\0\x71\x57\0\0\xad\0\0\0\0\0\0\0\x76\x57\0\0\
\x58\x02\0\0\x80\0\0\0\x80\x57\0\0\x59\x02\0\0\xc0\0\0\0\x88\x57\0\0\x0f\0\0\0\
\0\x01\0\0\x90\x57\0\0\x0f\0\0\0\x40\x01\0\0\x9a\x57\0\0\x0f\0\0\0\x80\x01\0\0\
\x21\x0e\0\0\x0f\0\0\0\xc0\x01\0\0\xa4\x57\0\0\x2c\0\0\0\0\x02\0\0\xad\x57\0\0\
\x2c\0\0\0\x80\x02\0\0\xb7\x57\0\0\x2c\0\0\0\0\x03\0\0\xc2\x57\0\0\x2c\0\0\0\
\x80\x03\0\0\xcd\x57\0\0\x2c\0\0\0\0\x04\0\0\xd7\x57\0\0\x2c\0\0\0\x80\x04\0\0\
\xe6\x57\0\0\x5a\x02\0\0\0\x05\0\0\xac\0\0\0\x16\0\0\0\0\x06\0\0\xef\x57\0\0\
\x16\0\0\0\x20\x06\0\0\xfa\x57\0\0\x5b\x02\0\0\x40\x06\0\0\x11\x37\0\0\x02\0\0\
\0\x80\x06\0\0\x05\x58\0\0\x24\0\0\0\xa0\x06\0\0\x0c\x58\0\0\x24\0\0\0\xb0\x06\
\0\0\x09\x48\0\0\x16\0\0\0\xc0\x06\0\0\x1c\x58\0\0\x24\0\0\0\xe0\x06\0\0\x2c\
\x58\0\0\x24\0\0\0\xf0\x06\0\0\x3c\x58\0\0\x40\x02\0\0\0\x07\0\0\x45\x58\0\0\
\x40\x02\0\0\x40\x07\0\0\x51\x58\0\0\x40\x02\0\0\x80\x07\0\0\x61\x58\0\0\x40\
\x02\0\0\xc0\x07\0\0\x6f\x58\0\0\x40\x02\0\0\0\x08\0\0\x7f\x58\0\0\x40\x02\0\0\
\x40\x08\0\0\x8d\x58\0\0\x40\x02\0\0\x80\x08\0\0\xa2\x58\0\0\x16\0\0\0\xc0\x08\
\0\0\xaa\x58\0\0\x16\0\0\0\xe0\x08\0\0\x19\0\0\0\x24\0\0\0\0\x09\0\0\xb2\x58\0\
\0\x42\0\0\0\x10\x09\0\0\xc1\x58\0\0\x42\0\0\0\x18\x09\0\0\xd2\x58\0\0\x02\0\0\
\0\x20\x09\0\0\x91\x01\0\0\x5d\x02\0\0\x40\x09\0\0\xd8\x58\0\0\x65\0\0\0\0\x0f\
\0\0\xe3\x58\0\0\x65\0\0\0\x40\x0f\0\0\xee\x58\0\0\x65\0\0\0\x80\x0f\0\0\xfb\
\x58\0\0\x1c\0\0\0\xc0\x0f\0\0\x0c\x59\0\0\x1c\0\0\0\xe0\x0f\0\0\x1f\x59\0\0\
\x75\x02\0\0\0\x10\0\0\x2b\x59\0\0\x77\x02\0\0\x40\x10\0\0\x35\x59\0\0\x79\x02\
\0\0\x80\x10\0\0\x40\x59\0\0\x42\0\0\0\xc0\x10\0\0\x4a\x59\0\0\x42\0\0\0\xc8\
\x10\0\0\x54\x59\0\0\x42\0\0\0\xd0\x10\0\0\x5c\x59\0\0\x42\0\0\0\xd8\x10\0\0\
\x60\x59\0\0\x7b\x02\0\0\xe0\x10\0\0\x6a\x59\0\0\x42\0\0\0\xe0\x11\0\0\x7b\x59\
\0\0\x42\0\0\0\xe8\x11\0\0\x84\x59\0\0\x42\0\0\0\xf0\x11\0\0\x90\x59\0\0\x42\0\
\0\0\xf8\x11\0\0\x9c\x59\0\0\x24\0\0\0\0\x12\0\0\xab\x59\0\0\x24\0\0\0\x10\x12\
\0\0\xb2\x59\0\0\x24\0\0\0\x20\x12\0\0\xbb\x59\0\0\x24\0\0\0\x30\x12\0\0\xc2\
\x59\0\0\xc1\0\0\0\x40\x12\0\0\xd1\x59\0\0\x02\0\0\0\x60\x12\0\0\xd5\x59\0\0\
\x7c\x02\0\0\x80\x12\0\0\xd8\x59\0\0\x7c\x02\0\0\x80\x13\0\0\xdb\x59\0\0\x7c\
\x02\0\0\x80\x14\0\0\xe5\x59\0\0\x7d\x02\0\0\x80\x15\0\0\xf1\x59\0\0\x16\0\0\0\
\xc0\x15\0\0\xfd\x59\0\0\x16\0\0\0\xe0\x15\0\0\x06\x5a\0\0\x51\0\0\0\0\x16\0\0\
\x11\x5a\0\0\x7e\x02\0\0\x40\x16\0\0\x1b\x5a\0\0\x7f\x02\0\0\x80\x16\0\0\x22\
\x5a\0\0\x80\x02\0\0\xc0\x16\0\0\x2a\x5a\0\0\x81\x02\0\0\0\x17\0\0\x38\x5a\0\0\
\x82\x02\0\0\x40\x17\0\0\x47\x5a\0\0\x07\x02\0\0\x80\x17\0\0\x50\x5a\0\0\x83\
\x02\0\0\xc0\x17\0\0\x54\x5a\0\0\x16\0\0\0\0\x18\0\0\x62\x5a\0\0\x16\0\0\0\x20\
\x18\0\0\x75\x5a\0\0\x3c\x01\0\0\x40\x18\0\0\x7e\x5a\0\0\x0f\0\0\0\x80\x18\0\0\
\x90\x5a\0\0\x02\0\0\0\xc0\x18\0\0\xa5\x5a\0\0\x84\x02\0\0\0\x19\0\0\xb0\x5a\0\
\0\x19\0\0\0\x40\x19\0\0\xc0\x5a\0\0\x8a\x02\0\0\x80\x19\0\0\xce\x5a\0\0\x8b\
\x02\0\0\xc0\x19\0\0\xdc\x5a\0\0\x8c\x02\0\0\0\x1a\0\0\xed\x5a\0\0\x7b\x02\0\0\
\x40\x1a\0\0\xf7\x5a\0\0\x8d\x02\0\0\x40\x1b\0\0\x03\x5b\0\0\x81\0\0\0\x80\x1b\
\0\0\x0f\x5b\0\0\x8b\x02\0\0\0\x1c\0\0\x13\x5b\0\0\x16\0\0\0\x40\x1c\0\0\x21\
\x5b\0\0\x16\0\0\0\x60\x1c\0\0\x34\x5b\0\0\x8e\x02\0\0\x80\x1c\0\0\x3a\x5b\0\0\
\x16\0\0\0\xc0\x1c\0\0\x47\x5b\0\0\xc1\0\0\0\xe0\x1c\0\0\x56\x5b\0\0\x8f\x02\0\
\0\0\x1d\0\0\x60\x5b\0\0\x98\x02\0\0\x40\x1d\0\0\x69\x5b\0\0\x8a\x02\0\0\xc0\
\x1d\0\0\x76\x5b\0\0\x99\x02\0\0\0\x1e\0\0\x81\x5b\0\0\xed\0\0\0\0\x22\0\0\x90\
\x5b\0\0\x02\0\0\0\x40\x23\0\0\x9f\x5b\0\0\x14\0\0\0\x60\x23\0\0\xb1\x5b\0\0\
\x2c\0\0\0\x80\x23\0\0\xbb\x5b\0\0\x86\0\0\0\0\x24\0\0\xc7\x5b\0\0\x2c\0\0\0\
\x40\x24\0\0\xd7\x5b\0\0\x9a\x02\0\0\xc0\x24\0\x08\xe1\x5b\0\0\x51\0\0\0\xc8\
\x24\0\0\xeb\x5b\0\0\x9b\x02\0\0\xd0\x24\0\x10\xfb\x5b\0\0\x51\0\0\0\xe0\x24\0\
\0\x0d\x5c\0\0\x9c\x02\0\0\0\x25\0\0\x1d\x5c\0\0\x19\x02\0\0\x40\x25\0\0\x24\
\x5c\0\0\x19\0\0\0\x80\x25\0\0\x2c\x5c\0\0\x9e\x02\0\0\xc0\x25\0\0\0\0\0\0\x9f\
\x02\0\0\0\x26\0\0\x9b\x48\0\0\xa4\x02\0\0\x40\x26\0\0\x39\x5c\0\0\xf3\x02\0\0\
\0\x3e\0\0\x46\x5c\0\0\xd2\x02\0\0\0\x3f\0\0\x5b\x5c\0\0\xf4\x02\0\0\x40\x3f\0\
\0\x69\x5c\0\0\x16\0\0\0\x80\x3f\0\0\x76\x5c\0\0\x22\0\0\0\xa0\x3f\0\0\x83\x5c\
\0\0\x92\x02\0\0\xb0\x3f\0\0\x8a\x5c\0\0\xf7\x02\0\0\xc0\x3f\0\0\x94\x5c\0\0\
\xf8\x02\0\0\xc0\x41\0\0\xa0\x5c\0\0\xf9\x02\0\0\x40\x42\0\0\xa7\x5c\0\0\xfa\
\x02\0\0\x80\x42\0\0\xaf\x5c\0\0\xfc\x02\0\0\xc0\x42\0\0\xc1\x5c\0\0\xfc\x02\0\
\0\0\x43\0\0\xd3\x5c\0\0\x51\0\0\0\x40\x43\0\0\xde\x5c\0\0\x16\0\0\0\x48\x43\0\
\x01\xea\x5c\0\0\x16\0\0\0\x49\x43\0\x01\xf3\x5c\0\0\x2c\0\0\0\x80\x43\0\0\x05\
\x5d\0\0\xfd\x02\0\0\0\x44\0\0\x19\x5d\0\0\xff\x02\0\0\x40\x44\0\0\x28\x5d\0\0\
\x03\x03\0\0\x80\x44\0\0\0\0\0\0\0\0\0\x02\x87\x04\0\0\0\0\0\0\0\0\0\x02\x88\
\x04\0\0\0\0\0\0\x02\0\0\x04\x20\0\0\0\x32\x5d\0\0\x2c\0\0\0\0\0\0\0\x38\x5d\0\
\0\x2c\0\0\0\x80\0\0\0\0\0\0\0\0\0\0\x02\x5c\x02\0\0\0\0\0\0\0\0\0\x0a\x89\x04\
\0\0\x3e\x5d\0\0\x17\0\0\x04\xb8\0\0\0\0\0\0\0\x5e\x02\0\0\0\0\0\0\0\0\0\0\x5f\
\x02\0\0\x40\0\0\0\0\0\0\0\x60\x02\0\0\x80\0\0\0\0\0\0\0\x61\x02\0\0\xc0\0\0\0\
\0\0\0\0\x62\x02\0\0\0\x01\0\0\0\0\0\0\x63\x02\0\0\x40\x01\0\0\0\0\0\0\x64\x02\
\0\0\x80\x01\0\0\0\0\0\0\x65\x02\0\0\xc0\x01\0\0\0\0\0\0\x66\x02\0\0\0\x02\0\0\
\0\0\0\0\x67\x02\0\0\x40\x02\0\0\0\0\0\0\x68\x02\0\0\x80\x02\0\0\0\0\0\0\x69\
\x02\0\0\xc0\x02\0\0\0\0\0\0\x6a\x02\0\0\0\x03\0\0\0\0\0\0\x6b\x02\0\0\x40\x03\
\0\0\0\0\0\0\x6c\x02\0\0\x80\x03\0\0\0\0\0\0\x6d\x02\0\0\xc0\x03\0\0\0\0\0\0\
\x6e\x02\0\0\0\x04\0\0\0\0\0\0\x6f\x02\0\0\x40\x04\0\0\0\0\0\0\x70\x02\0\0\x80\
\x04\0\0\0\0\0\0\x71\x02\0\0\xc0\x04\0\0\0\0\0\0\x72\x02\0\0\0\x05\0\0\0\0\0\0\
\x73\x02\0\0\x40\x05\0\0\0\0\0\0\x74\x02\0\0\x80\x05\0\0\0\0\0\0\x02\0\0\x05\
\x08\0\0\0\x4f\x5d\0\0\x0f\0\0\0\0\0\0\0\x5a\x5d\0\0\x65\0\0\0\0\0\0\0\0\0\0\0\
\x02\0\0\x05\x08\0\0\0\x67\x5d\0\0\x0f\0\0\0\0\0\0\0\x72\x5d\0\0\x65\0\0\0\0\0\
\0\0\0\0\0\0\x02\0\0\x05\x08\0\0\0\x7f\x5d\0\0\x0f\0\0\0\0\0\0\0\x88\x5d\0\0\
\x65\0\0\0\0\0\0\0\0\0\0\0\x02\0\0\x05\x08\0\0\0\x93\x5d\0\0\x0f\0\0\0\0\0\0\0\
\x9c\x5d\0\0\x65\0\0\0\0\0\0\0\0\0\0\0\x02\0\0\x05\x08\0\0\0\xa7\x5d\0\0\x0f\0\
\0\0\0\0\0\0\xb1\x5d\0\0\x65\0\0\0\0\0\0\0\0\0\0\0\x02\0\0\x05\x08\0\0\0\xbd\
\x5d\0\0\x0f\0\0\0\0\0\0\0\xc7\x5d\0\0\x65\0\0\0\0\0\0\0\0\0\0\0\x02\0\0\x05\
\x08\0\0\0\xd8\x58\0\0\x0f\0\0\0\0\0\0\0\xd3\x5d\0\0\x65\0\0\0\0\0\0\0\0\0\0\0\
\x02\0\0\x05\x08\0\0\0\xe3\x58\0\0\x0f\0\0\0\0\0\0\0\xe0\x5d\0\0\x65\0\0\0\0\0\
\0\0\0\0\0\0\x02\0\0\x05\x08\0\0\0\xed\x5d\0\0\x0f\0\0\0\0\0\0\0\xf7\x5d\0\0\
\x65\0\0\0\0\0\0\0\0\0\0\0\x02\0\0\x05\x08\0\0\0\x03\x5e\0\0\x0f\0\0\0\0\0\0\0\
\x0e\x5e\0\0\x65\0\0\0\0\0\0\0\0\0\0\0\x02\0\0\x05\x08\0\0\0\x1b\x5e\0\0\x0f\0\
\0\0\0\0\0\0\x2c\x5e\0\0\x65\0\0\0\0\0\0\0\0\0\0\0\x02\0\0\x05\x08\0\0\0\x3f\
\x5e\0\0\x0f\0\0\0\0\0\0\0\x4e\x5e\0\0\x65\0\0\0\0\0\0\0\0\0\0\0\x02\0\0\x05\
\x08\0\0\0\x5f\x5e\0\0\x0f\0\0\0\0\0\0\0\x6d\x5e\0\0\x65\0\0\0\0\0\0\0\0\0\0\0\
\x02\0\0\x05\x08\0\0\0\x7d\x5e\0\0\x0f\0\0\0\0\0\0\0\x8d\x5e\0\0\x65\0\0\0\0\0\
\0\0\0\0\0\0\x02\0\0\x05\x08\0\0\0\x9f\x5e\0\0\x0f\0\0\0\0\0\0\0\xae\x5e\0\0\
\x65\0\0\0\0\0\0\0\0\0\0\0\x02\0\0\x05\x08\0\0\0\xbf\x5e\0\0\x0f\0\0\0\0\0\0\0\
\xd0\x5e\0\0\x65\0\0\0\0\0\0\0\0\0\0\0\x02\0\0\x05\x08\0\0\0\xe3\x5e\0\0\x0f\0\
\0\0\0\0\0\0\xf5\x5e\0\0\x65\0\0\0\0\0\0\0\0\0\0\0\x02\0\0\x05\x08\0\0\0\x09\
\x5f\0\0\x0f\0\0\0\0\0\0\0\x1b\x5f\0\0\x65\0\0\0\0\0\0\0\0\0\0\0\x02\0\0\x05\
\x08\0\0\0\x2f\x5f\0\0\x0f\0\0\0\0\0\0\0\x3e\x5f\0\0\x65\0\0\0\0\0\0\0\0\0\0\0\
\x02\0\0\x05\x08\0\0\0\x4f\x5f\0\0\x0f\0\0\0\0\0\0\0\x63\x5f\0\0\x65\0\0\0\0\0\
\0\0\0\0\0\0\x02\0\0\x05\x08\0\0\0\x79\x5f\0\0\x0f\0\0\0\0\0\0\0\x8a\x5f\0\0\
\x65\0\0\0\0\0\0\0\0\0\0\0\x02\0\0\x05\x08\0\0\0\x9d\x5f\0\0\x0f\0\0\0\0\0\0\0\
\xab\x5f\0\0\x65\0\0\0\0\0\0\0\0\0\0\0\x02\0\0\x05\x08\0\0\0\xbb\x5f\0\0\x0f\0\
\0\0\0\0\0\0\xc9\x5f\0\0\x65\0\0\0\0\0\0\0\0\0\0\0\0\0\0\x02\x76\x02\0\0\0\0\0\
\0\0\0\0\x0a\xb1\x04\0\0\0\0\0\0\0\0\0\x02\x78\x02\0\0\0\0\0\0\0\0\0\x0a\xb3\
\x04\0\0\0\0\0\0\0\0\0\x02\x7a\x02\0\0\0\0\0\0\0\0\0\x0a\xc2\x04\0\0\0\0\0\0\0\
\0\0\x03\0\0\0\0\x42\0\0\0\x04\0\0\0\x20\0\0\0\xd9\x5f\0\0\x03\0\0\x04\x20\0\0\
\0\xe2\x15\0\0\x2c\0\0\0\0\0\0\0\xcb\x0a\0\0\x02\0\0\0\x80\0\0\0\x91\x18\0\0\
\x93\0\0\0\xc0\0\0\0\0\0\0\0\0\0\0\x02\x74\x04\0\0\0\0\0\0\0\0\0\x02\xc3\x04\0\
\0\0\0\0\0\0\0\0\x02\xb0\x04\0\0\0\0\0\0\0\0\0\x02\xb4\x04\0\0\0\0\0\0\0\0\0\
\x02\xc5\x04\0\0\0\0\0\0\0\0\0\x02\xcb\x04\0\0\0\0\0\0\0\0\0\x02\xa6\x04\0\0\0\
\0\0\0\0\0\0\x02\x85\x02\0\0\xed\x5f\0\0\0\0\0\x08\x86\x02\0\0\0\0\0\0\x01\0\0\
\x0d\x87\x02\0\0\0\0\0\0\x89\x02\0\0\xff\x5f\0\0\0\0\0\x08\x88\x02\0\0\x13\x60\
\0\0\x04\0\0\x06\x04\0\0\0\x25\x60\0\0\0\0\0\0\x39\x60\0\0\x01\0\0\0\x4c\x60\0\
\0\x02\0\0\0\x5d\x60\0\0\x03\0\0\0\0\0\0\0\0\0\0\x02\xf1\x01\0\0\0\0\0\0\0\0\0\
\x02\xa7\x04\0\0\0\0\0\0\0\0\0\x02\xa9\x04\0\0\0\0\0\0\0\0\0\x02\x3c\x03\0\0\0\
\0\0\0\0\0\0\x02\xcf\x04\0\0\0\0\0\0\0\0\0\x02\xa8\x04\0\0\0\0\0\0\0\0\0\x02\
\xd0\x04\0\0\0\0\0\0\0\0\0\x02\x91\x02\0\0\x6d\x60\0\0\x04\0\0\x04\x18\0\0\0\
\x8d\x15\0\0\xa9\0\0\0\0\0\0\0\x7a\x60\0\0\x16\0\0\0\x80\0\0\0\x83\x5c\0\0\x92\
\x02\0\0\xa0\0\0\0\x81\x60\0\0\x97\x02\0\0\xc0\0\0\0\x8a\x60\0\0\0\0\0\x08\x93\
\x02\0\0\x8e\x60\0\0\0\0\0\x08\x4b\x02\0\0\0\0\0\0\0\0\0\x02\x95\x02\0\0\x94\
\x60\0\0\x04\0\0\x04\x18\0\0\0\x13\x22\0\0\x16\0\0\0\0\0\0\0\x9c\x60\0\0\x16\0\
\0\0\x20\0\0\0\x8d\x15\0\0\xa9\0\0\0\x40\0\0\0\xa6\x60\0\0\x96\x02\0\0\xc0\0\0\
\0\0\0\0\0\0\0\0\x03\0\0\0\0\x22\0\0\0\x04\0\0\0\0\0\0\0\0\0\0\0\0\0\0\x03\0\0\
\0\0\x94\x02\0\0\x04\0\0\0\0\0\0\0\0\0\0\0\0\0\0\x03\0\0\0\0\x90\x02\0\0\x04\0\
\0\0\x02\0\0\0\0\0\0\0\0\0\0\x03\0\0\0\0\xb6\x01\0\0\x04\0\0\0\x10\0\0\0\0\0\0\
\0\x06\0\0\x06\x04\0\0\0\xad\x60\0\0\0\0\0\0\xc2\x60\0\0\x01\0\0\0\xd4\x60\0\0\
\x02\0\0\0\xe9\x60\0\0\x03\0\0\0\xfd\x60\0\0\x04\0\0\0\x0d\x61\0\0\x05\0\0\0\0\
\0\0\0\x02\0\0\x06\x04\0\0\0\x1a\x61\0\0\0\0\0\0\x30\x61\0\0\x01\0\0\0\0\0\0\0\
\0\0\0\x02\x9d\x02\0\0\0\0\0\0\x01\0\0\x0d\0\0\0\0\0\0\0\0\xba\x01\0\0\x47\x61\
\0\0\x02\0\0\x06\x04\0\0\0\x5b\x61\0\0\0\0\0\0\x68\x61\0\0\x01\0\0\0\0\0\0\0\
\x03\0\0\x05\x08\0\0\0\x74\x61\0\0\xa0\x02\0\0\0\0\0\0\x7b\x61\0\0\xa1\x02\0\0\
\0\0\0\0\x82\x61\0\0\xa2\x02\0\0\0\0\0\0\0\0\0\0\0\0\0\x02\xd1\x04\0\0\0\0\0\0\
\0\0\0\x02\xd2\x04\0\0\0\0\0\0\0\0\0\x02\xa3\x02\0\0\x89\x61\0\0\0\0\0\x07\0\0\
\0\0\x95\x61\0\0\x30\0\0\x84\xf8\x02\0\0\x9c\x61\0\0\xa5\x02\0\0\0\0\0\0\xa8\
\x04\0\0\xaa\x02\0\0\0\x02\0\0\x7f\x35\0\0\xab\x02\0\0\x40\x02\0\0\xa1\x61\0\0\
\x5e\0\0\0\x80\x02\0\0\x19\0\0\0\xac\x02\0\0\xc0\x02\0\0\xab\x61\0\0\xae\x02\0\
\0\0\x03\0\0\xaf\x61\0\0\xaf\x02\0\0\x40\x03\0\0\xb6\x61\0\0\x19\0\0\0\x80\x03\
\0\0\xc4\x61\0\0\x19\0\0\0\xc0\x03\0\0\x22\x17\0\0\xda\0\0\0\0\x04\0\0\xd0\x61\
\0\0\xb0\x02\0\0\0\x05\0\0\xd6\x61\0\0\xb2\x02\0\0\xc0\x06\0\0\xdc\x61\0\0\xbf\
\x02\0\0\x40\x10\0\0\xe6\x61\0\0\xc0\x02\0\0\x80\x10\0\0\xec\x61\0\0\xc1\x02\0\
\0\xc0\x10\0\0\xf7\x61\0\0\xc2\x02\0\0\0\x11\0\0\xfc\x61\0\0\x88\0\0\0\x40\x11\
\0\0\x05\x62\0\0\x2c\0\0\0\x80\x11\0\0\x0e\x62\0\0\xc3\x02\0\0\0\x12\0\0\x16\
\x62\0\0\xc5\x02\0\0\x40\x12\0\0\x1f\x62\0\0\x10\0\0\0\x80\x12\0\0\x31\x62\0\0\
\x10\0\0\0\xc0\x12\0\0\x3f\x62\0\0\xc6\x02\0\0\0\x13\0\0\x4d\x62\0\0\xc8\x02\0\
\0\x40\x13\0\0\x57\x62\0\0\x2c\0\0\0\x80\x13\0\0\x61\x62\0\0\xc9\x02\0\0\0\x14\
\0\0\x69\x62\0\0\xca\x02\0\0\x40\x14\0\0\x78\x62\0\0\xcb\x02\0\0\x80\x14\0\0\
\x81\x62\0\0\xcc\x02\0\0\x80\x14\0\0\x89\x62\0\0\xcd\x02\0\0\xc0\x14\0\0\x90\
\x62\0\0\xce\x02\0\0\0\x15\0\0\xc9\x1c\0\0\x14\0\0\0\x20\x15\0\0\x95\x62\0\0\
\xc1\0\0\0\x40\x15\0\0\xa1\x62\0\0\x2c\0\0\0\x80\x15\0\0\xad\x62\0\0\xd0\x02\0\
\0\0\x16\0\0\xb3\x62\0\0\xd1\x02\0\0\x40\x16\0\0\xba\x62\0\0\xd4\x02\0\0\x80\
\x16\0\0\xc2\x62\0\0\xd6\x02\0\0\xc0\x16\0\0\xce\x62\0\0\xd7\x02\0\0\0\x17\0\0\
\xd4\x62\0\0\xd8\x02\0\0\x40\x17\0\0\xe6\x62\0\0\xd9\x02\0\0\x80\x17\0\0\xf0\
\x62\0\0\x51\0\0\0\xa0\x17\0\x01\x02\x63\0\0\x51\0\0\0\xa1\x17\0\x01\x13\x63\0\
\0\x51\0\0\0\xa2\x17\0\x01\x1b\x63\0\0\x51\0\0\0\xa3\x17\0\x01\x2a\x63\0\0\x51\
\0\0\0\xa4\x17\0\x01\x37\x63\0\0\x51\0\0\0\xa5\x17\0\x01\x41\x63\0\0\x51\0\0\0\
\xa6\x17\0\x01\x4e\x63\0\0\x0c\0\0\x84\x40\0\0\0\x71\x57\0\0\x5e\0\0\0\0\0\0\0\
\xeb\x18\0\0\x2c\0\0\0\x40\0\0\0\xa8\x04\0\0\xa6\x02\0\0\xc0\0\0\0\x56\x63\0\0\
\x7d\x02\0\0\0\x01\0\0\x5b\x63\0\0\xa7\x02\0\0\x40\x01\0\0\x61\x63\0\0\xa8\x02\
\0\0\x80\x01\0\0\x64\x63\0\0\xa9\x02\0\0\xc0\x01\0\0\x69\x63\0\0\x16\0\0\0\xe0\
\x01\0\x01\x7b\x63\0\0\x16\0\0\0\xe1\x01\0\x01\x8a\x63\0\0\x16\0\0\0\xe2\x01\0\
\x01\xa0\x63\0\0\x16\0\0\0\xe3\x01\0\x01\xb9\x63\0\0\x16\0\0\0\xe4\x01\0\x01\0\
\0\0\0\0\0\0\x02\xa5\x02\0\0\0\0\0\0\0\0\0\x02\x86\x04\0\0\0\0\0\0\0\0\0\x02\
\x66\x04\0\0\x64\x63\0\0\x01\0\0\x04\x04\0\0\0\x18\x18\0\0\x1a\0\0\0\0\0\0\0\0\
\0\0\0\0\0\0\x02\xa4\x02\0\0\0\0\0\0\0\0\0\x02\x8d\x04\0\0\0\0\0\0\0\0\0\x02\
\xad\x02\0\0\0\0\0\0\0\0\0\x0a\x96\x04\0\0\0\0\0\0\0\0\0\x02\x8f\x04\0\0\0\0\0\
\0\0\0\0\x02\x8e\x04\0\0\xc9\x63\0\0\x04\0\0\x04\x38\0\0\0\xd8\x63\0\0\x2c\0\0\
\0\0\0\0\0\xe2\x63\0\0\x2c\0\0\0\x80\0\0\0\xec\x63\0\0\x2c\0\0\0\0\x01\0\0\xf7\
\x63\0\0\xb1\x02\0\0\x80\x01\0\0\xfe\x63\0\0\x04\0\0\x06\x04\0\0\0\x0b\x64\0\0\
\0\0\0\0\x1c\x64\0\0\x01\0\0\0\x2b\x64\0\0\x02\0\0\0\x3f\x64\0\0\x03\0\0\0\x50\
\x64\0\0\x34\0\0\x84\x30\x01\0\0\x5c\x64\0\0\xb3\x02\0\0\0\0\0\0\x68\x64\0\0\
\x16\0\0\0\x20\0\0\x01\x73\x64\0\0\x16\0\0\0\x21\0\0\x01\x81\x64\0\0\x51\0\0\0\
\x22\0\0\x01\x8d\x64\0\0\x51\0\0\0\x23\0\0\x01\x99\x64\0\0\x51\0\0\0\x24\0\0\
\x01\xa6\x64\0\0\x51\0\0\0\x25\0\0\x01\xb9\x64\0\0\x51\0\0\0\x26\0\0\x01\xcb\
\x64\0\0\x51\0\0\0\x27\0\0\x01\xd1\x64\0\0\x51\0\0\0\x28\0\0\x01\xdc\x64\0\0\
\x51\0\0\0\x29\0\0\x01\xec\x64\0\0\x14\0\0\0\x40\0\0\0\x54\x13\0\0\xc1\0\0\0\
\x60\0\0\0\xeb\x18\0\0\x2c\0\0\0\x80\0\0\0\xf9\x64\0\0\xb5\x02\0\0\0\x01\0\0\
\x04\x65\0\0\xb7\x02\0\0\0\x02\0\0\x0b\x65\0\0\x51\0\0\0\x40\x02\0\x01\x17\x65\
\0\0\x51\0\0\0\x41\x02\0\x01\x1f\x65\0\0\x51\0\0\0\x42\x02\0\x01\x2f\x65\0\0\
\x16\0\0\0\x43\x02\0\x01\x3b\x65\0\0\x16\0\0\0\x44\x02\0\x01\x4b\x65\0\0\x38\0\
\0\0\x80\x02\0\0\x59\x65\0\0\x10\0\0\0\x80\x04\0\0\x67\x65\0\0\x79\x01\0\0\xc0\
\x04\0\0\x6c\x65\0\0\x16\x01\0\0\xc0\x05\0\0\x77\x65\0\0\xb8\x02\0\0\x80\x06\0\
\0\x7f\x65\0\0\x1c\0\0\0\xc0\x06\0\0\x03\x1b\0\0\x1c\0\0\0\xe0\x06\0\0\x8b\x65\
\0\0\x16\0\0\0\0\x07\0\x03\x99\x65\0\0\x16\0\0\0\x03\x07\0\x01\xab\x65\0\0\x16\
\0\0\0\x04\x07\0\x01\xbb\x65\0\0\x16\0\0\0\x05\x07\0\x01\xcb\x65\0\0\x16\0\0\0\
\x06\x07\0\x01\xde\x65\0\0\x16\0\0\0\x07\x07\0\x01\xeb\x65\0\0\x51\0\0\0\x08\
\x07\0\x01\xfb\x65\0\0\x16\0\0\0\x09\x07\0\x01\x08\x66\0\0\x16\0\0\0\x0a\x07\0\
\x01\x11\x66\0\0\x16\0\0\0\x0b\x07\0\x01\x21\x66\0\0\x16\0\0\0\x0c\x07\0\x01\
\x34\x66\0\0\x16\0\0\0\x0d\x07\0\x01\x42\x66\0\0\x16\0\0\0\x20\x07\0\0\x4e\x66\
\0\0\xb9\x02\0\0\x40\x07\0\0\x56\x66\0\0\xba\x02\0\0\x60\x07\0\0\x65\x66\0\0\
\x02\0\0\0\x80\x07\0\0\x73\x66\0\0\x02\0\0\0\xa0\x07\0\0\x85\x66\0\0\x10\0\0\0\
\xc0\x07\0\0\x8f\x66\0\0\x10\0\0\0\0\x08\0\0\x9b\x66\0\0\x10\0\0\0\x40\x08\0\0\
\xaa\x66\0\0\x10\0\0\0\x80\x08\0\0\xbf\x66\0\0\xbb\x02\0\0\xc0\x08\0\0\xcb\x66\
\0\0\xbc\x02\0\0\0\x09\0\0\xe1\x66\0\0\xbe\x02\0\0\x40\x09\0\0\xe5\x66\0\0\0\0\
\0\x08\xb4\x02\0\0\xf2\x66\0\0\x01\0\0\x04\x04\0\0\0\x57\x33\0\0\x02\0\0\0\0\0\
\0\0\xf9\x64\0\0\x02\0\0\x04\x20\0\0\0\xfd\x66\0\0\x16\0\0\0\0\0\0\0\x02\x67\0\
\0\xb6\x02\0\0\x40\0\0\0\x07\x67\0\0\x02\0\0\x04\x18\0\0\0\x54\x13\0\0\x88\0\0\
\0\0\0\0\0\x18\x67\0\0\x2c\0\0\0\x40\0\0\0\0\0\0\0\0\0\0\x02\x97\x04\0\0\0\0\0\
\0\0\0\0\x02\x98\x04\0\0\x22\x67\0\0\x05\0\0\x06\x04\0\0\0\x2e\x67\0\0\0\0\0\0\
\x3b\x67\0\0\x01\0\0\0\x48\x67\0\0\x02\0\0\0\x58\x67\0\0\x03\0\0\0\x6c\x67\0\0\
\x04\0\0\0\x7b\x67\0\0\x04\0\0\x06\x04\0\0\0\x86\x67\0\0\0\0\0\0\x91\x67\0\0\
\x01\0\0\0\x9e\x67\0\0\x02\0\0\0\xac\x67\0\0\x03\0\0\0\0\0\0\0\0\0\0\x02\x82\
\x04\0\0\0\0\0\0\0\0\0\x02\xbd\x02\0\0\0\0\0\0\x02\0\0\x0d\0\0\0\0\0\0\0\0\xaa\
\x02\0\0\0\0\0\0\x3a\x01\0\0\0\0\0\0\0\0\0\x02\x83\x04\0\0\0\0\0\0\0\0\0\x02\
\x9a\x04\0\0\0\0\0\0\0\0\0\x02\x84\x04\0\0\0\0\0\0\0\0\0\x02\x85\x04\0\0\0\0\0\
\0\0\0\0\x02\x9b\x04\0\0\0\0\0\0\0\0\0\x02\xc4\x02\0\0\0\0\0\0\0\0\0\x0a\x9c\
\x04\0\0\0\0\0\0\0\0\0\x02\x10\0\0\0\0\0\0\0\0\0\0\x02\xc7\x02\0\0\0\0\0\0\0\0\
\0\x0a\x9d\x04\0\0\0\0\0\0\0\0\0\x02\x9e\x04\0\0\0\0\0\0\0\0\0\x02\x9f\x04\0\0\
\0\0\0\0\0\0\0\x02\xa0\x04\0\0\xbb\x67\0\0\0\0\0\x04\0\0\0\0\0\0\0\0\0\0\0\x02\
\x93\x04\0\0\0\0\0\0\0\0\0\x02\x91\x04\0\0\xc8\x67\0\0\0\0\0\x08\xcf\x02\0\0\
\xce\x67\0\0\0\0\0\x08\x14\0\0\0\0\0\0\0\0\0\0\x02\x94\x04\0\0\0\0\0\0\0\0\0\
\x02\xd2\x02\0\0\0\0\0\0\0\0\0\x02\xd3\x02\0\0\0\0\0\0\0\0\0\x0a\xda\x02\0\0\0\
\0\0\0\0\0\0\x02\xd5\x02\0\0\0\0\0\0\x01\0\0\x0d\0\0\0\0\0\0\0\0\xaa\x02\0\0\0\
\0\0\0\0\0\0\x02\x92\x04\0\0\0\0\0\0\0\0\0\x02\xa1\x04\0\0\0\0\0\0\0\0\0\x02\
\xa2\x04\0\0\xdd\x67\0\0\x04\0\0\x06\x04\0\0\0\xee\x67\0\0\0\0\0\0\x0d\x68\0\0\
\x01\0\0\0\x26\x68\0\0\x02\0\0\0\x33\x68\0\0\x03\0\0\0\x44\x68\0\0\x05\0\0\x04\
\x28\0\0\0\x71\x57\0\0\x5e\0\0\0\0\0\0\0\x54\x68\0\0\xdb\x02\0\0\x40\0\0\0\x5f\
\x68\0\0\xe0\x02\0\0\x80\0\0\0\x6e\x68\0\0\xf1\x02\0\0\xc0\0\0\0\x74\x68\0\0\
\xf2\x02\0\0\0\x01\0\0\0\0\0\0\0\0\0\x02\xdc\x02\0\0\0\0\0\0\x03\0\0\x0d\xdd\
\x02\0\0\0\0\0\0\xa6\x02\0\0\0\0\0\0\xde\x02\0\0\0\0\0\0\x02\0\0\0\x7e\x68\0\0\
\0\0\0\x08\x24\0\0\0\0\0\0\0\0\0\0\x02\xdf\x02\0\0\x86\x68\0\0\x02\0\0\x04\x10\
\0\0\0\x71\x57\0\0\x5e\0\0\0\0\0\0\0\x0f\x16\0\0\xdd\x02\0\0\x40\0\0\0\0\0\0\0\
\0\0\0\x02\xe1\x02\0\0\0\0\0\0\x03\0\0\x0d\xdd\x02\0\0\0\0\0\0\xa6\x02\0\0\0\0\
\0\0\xe2\x02\0\0\0\0\0\0\x02\0\0\0\0\0\0\0\0\0\0\x02\xe3\x02\0\0\x90\x68\0\0\
\x07\0\0\x04\x40\0\0\0\x3c\x1b\0\0\xdf\x02\0\0\0\0\0\0\xdb\x18\0\0\xba\0\0\0\
\x80\0\0\0\xe4\x24\0\0\x19\0\0\0\xc0\0\0\0\x0d\x2e\0\0\xe4\x02\0\0\0\x01\0\0\
\x9e\x68\0\0\xe9\x02\0\0\x40\x01\0\0\xa3\x68\0\0\xe9\x02\0\0\x80\x01\0\0\x68\
\x1e\0\0\xef\x02\0\0\xc0\x01\0\0\0\0\0\0\0\0\0\x02\xe5\x02\0\0\0\0\0\0\x01\0\0\
\x0d\x68\x01\0\0\0\0\0\0\0\0\0\0\xa9\x68\0\0\x0f\0\0\x04\xc0\0\0\0\xb7\x68\0\0\
\x56\x01\0\0\0\0\0\0\xbc\x68\0\0\x89\x01\0\0\x40\0\0\0\xc4\x68\0\0\x6e\x01\0\0\
\xc0\0\0\0\xd4\x68\0\0\x8a\x01\0\0\0\x02\0\0\xdd\x68\0\0\x1c\0\0\0\x20\x02\0\0\
\xed\x68\0\0\x92\0\0\0\x40\x02\0\0\xf4\x68\0\0\x6e\x01\0\0\xc0\x02\0\0\x01\x69\
\0\0\x0f\0\0\0\0\x04\0\0\x09\x69\0\0\x0f\0\0\0\x40\x04\0\0\x19\x69\0\0\xe7\x02\
\0\0\x80\x04\0\0\xac\0\0\0\x0f\0\0\0\xc0\x04\0\0\x1f\x69\0\0\x69\x01\0\0\0\x05\
\0\0\x26\x69\0\0\xc1\0\0\0\x20\x05\0\0\x33\x69\0\0\x2c\0\0\0\x40\x05\0\0\xfb\
\x2d\0\0\x19\0\0\0\xc0\x05\0\0\0\0\0\0\0\0\0\x02\xe8\x02\0\0\0\0\0\0\0\0\0\x0a\
\x78\x04\0\0\0\0\0\0\0\0\0\x02\xea\x02\0\0\0\0\0\0\x06\0\0\x0d\xeb\x02\0\0\0\0\
\0\0\x64\0\0\0\0\0\0\0\xa6\x02\0\0\0\0\0\0\xe2\x02\0\0\0\0\0\0\xee\x02\0\0\0\0\
\0\0\x5b\x01\0\0\0\0\0\0\xba\0\0\0\x40\x69\0\0\0\0\0\x08\xec\x02\0\0\x48\x69\0\
\0\0\0\0\x08\xed\x02\0\0\x59\x69\0\0\0\0\0\x08\x70\0\0\0\0\0\0\0\0\0\0\x02\x60\
\0\0\0\0\0\0\0\0\0\0\x02\xf0\x02\0\0\0\0\0\0\x04\0\0\x0d\x02\0\0\0\0\0\0\0\x64\
\0\0\0\0\0\0\0\xa6\x02\0\0\0\0\0\0\xe2\x02\0\0\0\0\0\0\x57\0\0\0\0\0\0\0\0\0\0\
\x02\xde\x02\0\0\0\0\0\0\0\0\0\x02\xe2\x02\0\0\0\0\0\0\0\0\0\x03\0\0\0\0\xd2\
\x02\0\0\x04\0\0\0\x04\0\0\0\0\0\0\0\0\0\0\x02\xf5\x02\0\0\0\0\0\0\0\0\0\x0a\
\xd3\x04\0\0\x69\x69\0\0\x02\0\0\x04\x04\0\0\0\xcb\x0a\0\0\x22\0\0\0\0\0\0\0\
\xd4\x18\0\0\x22\0\0\0\x10\0\0\0\0\0\0\0\0\0\0\x03\0\0\0\0\xf6\x02\0\0\x04\0\0\
\0\x10\0\0\0\0\0\0\0\0\0\0\x03\0\0\0\0\x40\0\0\0\x04\0\0\0\x10\0\0\0\0\0\0\0\0\
\0\0\x02\xd4\x04\0\0\0\0\0\0\0\0\0\x02\xfb\x02\0\0\xa7\x5c\0\0\0\0\0\x07\0\0\0\
\0\0\0\0\0\0\0\0\x02\x95\x04\0\0\0\0\0\0\0\0\0\x02\xfe\x02\0\0\0\0\0\0\0\0\0\
\x0a\xaa\x04\0\0\0\0\0\0\0\0\0\x02\0\x03\0\0\x19\x5d\0\0\0\0\0\x07\0\0\0\0\x77\
\x69\0\0\x02\0\0\x04\x10\0\0\0\x12\x1d\0\0\x3c\x01\0\0\0\0\0\0\x86\x69\0\0\x02\
\x03\0\0\x40\0\0\0\0\0\0\0\0\0\0\x02\xab\x04\0\0\0\0\0\0\0\0\0\x03\0\0\0\0\x01\
\x03\0\0\x04\0\0\0\x03\0\0\0\0\0\0\0\0\0\0\x02\x05\x03\0\0\0\0\0\0\x01\0\0\x0d\
\xec\x01\0\0\0\0\0\0\xec\x01\0\0\0\0\0\0\0\0\0\x02\x07\x03\0\0\0\0\0\0\x05\0\0\
\x0d\0\0\0\0\0\0\0\0\xec\x01\0\0\0\0\0\0\xb7\x01\0\0\0\0\0\0\xf1\x01\0\0\0\0\0\
\0\x14\0\0\0\0\0\0\0\x51\0\0\0\0\0\0\0\0\0\0\x02\x09\x03\0\0\0\0\0\0\x03\0\0\
\x0d\0\0\0\0\0\0\0\0\xec\x01\0\0\0\0\0\0\xb7\x01\0\0\0\0\0\0\xf1\x01\0\0\0\0\0\
\0\0\0\0\x02\x0b\x03\0\0\0\0\0\0\x03\0\0\x0d\x0c\x03\0\0\0\0\0\0\x4f\x02\0\0\0\
\0\0\0\xf1\x01\0\0\0\0\0\0\x17\0\0\0\0\0\0\0\0\0\0\x02\x0d\x03\0\0\x8b\x69\0\0\
\x1a\0\0\x04\x60\x01\0\0\x52\x0b\0\0\x0c\x03\0\0\0\0\0\0\x69\x35\0\0\x0e\x03\0\
\0\x40\0\0\0\x95\x69\0\0\x0f\x03\0\0\x80\0\0\0\x9b\x69\0\0\x0f\0\0\0\xc0\0\0\0\
\xa5\x69\0\0\x0f\0\0\0\0\x01\0\0\x54\x13\0\0\x5e\x01\0\0\x40\x01\0\0\x90\x54\0\
\0\x1a\0\0\0\x80\x01\0\0\xad\x69\0\0\x16\0\0\0\xa0\x01\0\0\xc1\x69\0\0\x2b\x02\
\0\0\xc0\x01\0\0\x9b\x54\0\0\xed\0\0\0\x80\x02\0\0\xb3\x38\0\0\x0f\0\0\0\xc0\
\x03\0\0\xcb\x69\0\0\x1c\0\0\0\0\x04\0\0\xac\0\0\0\x41\0\0\0\x20\x04\0\0\xd2\
\x69\0\0\x41\0\0\0\x28\x04\0\0\x19\0\0\0\x41\0\0\0\x30\x04\0\0\x8d\x56\0\0\x41\
\0\0\0\x38\x04\0\0\x9e\x4b\0\0\x40\0\0\0\x40\x04\0\0\xdc\x69\0\0\xd7\x01\0\0\
\x60\x04\0\0\xe4\x69\0\0\x7b\x02\0\0\xc0\x04\0\0\xe7\x69\0\0\x10\x03\0\0\xc0\
\x05\0\0\xae\x48\0\0\x12\x03\0\0\x40\x09\0\0\xe4\x32\0\0\x14\x03\0\0\x80\x09\0\
\0\xea\x69\0\0\x2c\0\0\0\xc0\x09\0\0\x8d\x15\0\0\xa9\0\0\0\x40\x0a\0\0\x9b\x48\
\0\0\xba\x01\0\0\xc0\x0a\0\0\xf2\x69\0\0\x16\x03\0\0\0\x0b\0\0\0\0\0\0\0\0\0\
\x02\x8b\x04\0\0\0\0\0\0\0\0\0\x02\x8a\x04\0\0\xfe\x69\0\0\x03\0\0\x04\x70\0\0\
\0\x07\x6a\0\0\x16\0\0\0\0\0\0\0\x0e\x6a\0\0\xd7\x01\0\0\x20\0\0\0\x16\x6a\0\0\
\x11\x03\0\0\x80\0\0\0\0\0\0\0\0\0\0\x03\0\0\0\0\x0f\0\0\0\x04\0\0\0\x0c\0\0\0\
\0\0\0\0\0\0\0\x02\x13\x03\0\0\0\0\0\0\x02\0\0\x0d\x02\0\0\0\0\0\0\0\x0c\x03\0\
\0\0\0\0\0\xf1\x01\0\0\0\0\0\0\0\0\0\x02\x15\x03\0\0\0\0\0\0\0\0\0\x0a\xa3\x04\
\0\0\0\0\0\0\0\0\0\x03\0\0\0\0\x40\0\0\0\x04\0\0\0\0\0\0\0\0\0\0\0\0\0\0\x02\
\x18\x03\0\0\0\0\0\0\x02\0\0\x0d\0\0\0\0\0\0\0\0\x4f\x02\0\0\0\0\0\0\x17\0\0\0\
\x1e\x6a\0\0\x04\0\0\x04\x28\0\0\0\x54\x13\0\0\x88\0\0\0\0\0\0\0\xcb\x0a\0\0\
\x35\0\0\0\x40\0\0\0\xe2\x15\0\0\x2c\0\0\0\x80\0\0\0\x2d\x6a\0\0\x1a\x03\0\0\0\
\x01\0\0\0\0\0\0\0\0\0\x02\x3a\x01\0\0\x36\x6a\0\0\x28\0\0\x04\xb8\0\0\0\x48\
\x6a\0\0\xbc\x01\0\0\0\0\0\0\xe1\x3a\0\0\xbc\x01\0\0\x40\0\0\0\x4c\x6a\0\0\xbc\
\x01\0\0\x80\0\0\0\xce\x3a\0\0\xbc\x01\0\0\xc0\0\0\0\x55\x6a\0\0\xbc\x01\0\0\0\
\x01\0\0\x5f\x6a\0\0\x02\0\0\0\x40\x01\0\0\x6b\x6a\0\0\x02\0\0\0\x60\x01\0\0\
\x7b\x6a\0\0\x02\0\0\0\x80\x01\0\0\x92\x6a\0\0\x02\0\0\0\xa0\x01\0\0\xa4\x6a\0\
\0\x02\0\0\0\xc0\x01\0\0\xb7\x6a\0\0\x02\0\0\0\xe0\x01\0\0\xcc\x6a\0\0\x02\0\0\
\0\0\x02\0\0\xdf\x6a\0\0\x02\0\0\0\x20\x02\0\0\xf1\x6a\0\0\x14\0\0\0\x40\x02\0\
\0\x07\x6b\0\0\x40\0\0\0\x60\x02\0\0\x1d\x6b\0\0\x40\0\0\0\x68\x02\0\0\x28\x6b\
\0\0\x40\0\0\0\x70\x02\0\0\x3e\x6b\0\0\x40\0\0\0\x78\x02\0\0\x4e\x6b\0\0\x02\0\
\0\0\x80\x02\0\0\x5a\x6b\0\0\x40\0\0\0\xa0\x02\0\0\x71\x6b\0\0\x40\0\0\0\xa8\
\x02\0\0\x8e\x6b\0\0\x40\0\0\0\xb0\x02\0\0\xa9\x6b\0\0\x1c\x03\0\0\xc0\x02\0\0\
\xb9\x6b\0\0\xe0\x01\0\0\xc0\x03\0\0\xcd\x6b\0\0\x40\0\0\0\0\x04\0\0\xe4\x6b\0\
\0\x40\0\0\0\x08\x04\0\0\xf5\x6b\0\0\x40\0\0\0\x10\x04\0\0\x04\x6c\0\0\x40\0\0\
\0\x18\x04\0\0\x1b\x6c\0\0\x02\0\0\0\x20\x04\0\0\x29\x6c\0\0\x02\0\0\0\x40\x04\
\0\0\x35\x6c\0\0\x02\0\0\0\x60\x04\0\0\x47\x6c\0\0\x02\0\0\0\x80\x04\0\0\x58\
\x6c\0\0\x02\0\0\0\xa0\x04\0\0\x69\x6c\0\0\x02\0\0\0\xc0\x04\0\0\x7a\x6c\0\0\
\x02\0\0\0\xe0\x04\0\0\x8b\x6c\0\0\x02\0\0\0\0\x05\0\0\x9a\x6c\0\0\x14\0\0\0\
\x20\x05\0\0\xa3\x6c\0\0\x10\0\0\0\x40\x05\0\0\xb1\x6c\0\0\x02\0\0\0\x80\x05\0\
\0\xc9\x6c\0\0\x40\0\0\0\xa0\x05\0\0\0\0\0\0\0\0\0\x03\0\0\0\0\x0f\0\0\0\x04\0\
\0\0\x04\0\0\0\0\0\0\0\0\0\0\x02\xbd\x04\0\0\0\0\0\0\0\0\0\x02\xb5\x04\0\0\0\0\
\0\0\0\0\0\x02\xbc\x04\0\0\0\0\0\0\0\0\0\x02\0\x05\0\0\0\0\0\0\0\0\0\x02\xb6\
\x04\0\0\0\0\0\0\0\0\0\x02\x01\x05\0\0\0\0\0\0\x03\0\0\x04\x10\0\0\0\xa5\x22\0\
\0\xb6\x01\0\0\0\0\0\0\x54\x13\0\0\xc1\0\0\0\x40\0\0\0\x53\x33\0\0\x14\0\0\0\
\x60\0\0\0\0\0\0\0\0\0\0\x02\x02\x05\0\0\xe3\x6c\0\0\x07\0\0\x04\xd0\0\0\0\xec\
\x6c\0\0\xa9\x01\0\0\0\0\0\0\xfb\x6c\0\0\x3b\x03\0\0\x40\0\0\0\x06\x6d\0\0\xbc\
\x01\0\0\x80\x03\0\0\x18\x6d\0\0\x45\x03\0\0\xc0\x03\0\0\x23\x6d\0\0\x45\x03\0\
\0\0\x05\0\0\x2e\x6d\0\0\x16\0\0\0\x40\x06\0\0\x40\x6d\0\0\x16\0\0\0\x60\x06\0\
\0\0\0\0\0\0\0\0\x02\x27\x03\0\0\0\0\0\0\0\0\0\x0a\x28\x03\0\0\x52\x6d\0\0\x04\
\0\0\x04\x20\0\0\0\x71\x57\0\0\xee\x02\0\0\0\0\0\0\x19\0\0\0\x29\x03\0\0\x40\0\
\0\0\x5c\x6d\0\0\x2a\x03\0\0\x80\0\0\0\x62\x6d\0\0\x3a\x03\0\0\xc0\0\0\0\x65\
\x6d\0\0\x03\0\0\x06\x04\0\0\0\x71\x6d\0\0\0\0\0\0\x81\x6d\0\0\x01\0\0\0\x92\
\x6d\0\0\x02\0\0\0\0\0\0\0\0\0\0\x02\x2b\x03\0\0\xa2\x6d\0\0\0\0\0\x08\x2c\x03\
\0\0\0\0\0\0\x08\0\0\x0d\0\0\0\0\0\0\0\0\x84\x01\0\0\0\0\0\0\x2d\x03\0\0\0\0\0\
\0\x16\0\0\0\0\0\0\0\x2e\x03\0\0\0\0\0\0\x30\x03\0\0\0\0\0\0\x30\x03\0\0\0\0\0\
\0\x32\x03\0\0\0\0\0\0\x5e\0\0\0\xab\x6d\0\0\0\0\0\x08\x40\0\0\0\0\0\0\0\0\0\0\
\x02\x2f\x03\0\0\0\0\0\0\0\0\0\x0a\xf2\x01\0\0\0\0\0\0\0\0\0\x02\x31\x03\0\0\0\
\0\0\0\0\0\0\x0a\x57\x02\0\0\0\0\0\0\0\0\0\x02\x33\x03\0\0\0\0\0\0\0\0\0\x0a\
\x34\x03\0\0\xb4\x6d\0\0\x02\0\0\x04\x10\0\0\0\x19\0\0\0\x2d\x03\0\0\0\0\0\0\
\xbf\x6d\0\0\x35\x03\0\0\x20\0\0\0\0\0\0\0\x02\0\0\x05\x0c\0\0\0\xc1\x6d\0\0\
\x36\x03\0\0\0\0\0\0\xc6\x6d\0\0\x39\x03\0\0\0\0\0\0\0\0\0\0\x04\0\0\x04\x0c\0\
\0\0\xca\x6d\0\0\x37\x03\0\0\0\0\0\0\xd2\x58\0\0\x38\x03\0\0\x20\0\0\0\xd3\x6d\
\0\0\x38\x03\0\0\x30\0\0\0\xac\0\0\0\x38\x03\0\0\x40\0\0\0\xde\x6d\0\0\0\0\0\
\x08\x14\0\0\0\xe8\x6d\0\0\0\0\0\x08\x22\0\0\0\0\0\0\0\x02\0\0\x04\x02\0\0\0\
\x73\x32\0\0\x2d\x03\0\0\0\0\0\0\xf2\x6d\0\0\x2d\x03\0\0\x08\0\0\0\0\0\0\0\0\0\
\0\x02\x73\x04\0\0\0\0\0\0\0\0\0\x03\0\0\0\0\x26\x03\0\0\x04\0\0\0\x0d\0\0\0\
\xfb\x6d\0\0\x02\0\0\x04\x08\0\0\0\x0b\x6e\0\0\x22\0\0\0\0\0\0\0\x1c\x6e\0\0\
\x44\x03\0\0\x40\0\0\0\x22\x6e\0\0\x02\0\0\x04\x10\0\0\0\x30\x6e\0\0\x3e\x03\0\
\0\0\0\0\0\x35\x6e\0\0\x19\0\0\0\x40\0\0\0\0\0\0\0\0\0\0\x02\x3f\x03\0\0\x3a\
\x6e\0\0\0\0\0\x08\x40\x03\0\0\0\0\0\0\x03\0\0\x0d\x16\0\0\0\0\0\0\0\x19\0\0\0\
\0\0\0\0\xf1\x01\0\0\0\0\0\0\x41\x03\0\0\0\0\0\0\0\0\0\x02\x42\x03\0\0\0\0\0\0\
\0\0\0\x0a\x43\x03\0\0\x44\x6e\0\0\x07\0\0\x04\x30\0\0\0\x30\x6e\0\0\x40\0\0\0\
\0\0\0\0\x52\x6e\0\0\x40\0\0\0\x08\0\0\0\x55\x6e\0\0\xba\x01\0\0\x40\0\0\0\x58\
\x6e\0\0\xba\x01\0\0\x80\0\0\0\x0f\x4c\0\0\xb7\x01\0\0\xc0\0\0\0\xd9\x36\0\0\
\x84\x01\0\0\0\x01\0\0\x5c\x6e\0\0\x09\x02\0\0\x40\x01\0\0\0\0\0\0\0\0\0\x03\0\
\0\0\0\x3d\x03\0\0\x04\0\0\0\0\0\0\0\0\0\0\0\0\0\0\x03\0\0\0\0\x8c\x02\0\0\x04\
\0\0\0\x05\0\0\0\x61\x6e\0\0\x0b\0\0\x04\x88\0\0\0\x6a\x6e\0\0\x51\0\0\0\0\0\0\
\0\x7f\x6e\0\0\x40\0\0\0\x08\0\0\0\x92\x6e\0\0\x40\0\0\0\x10\0\0\0\xa0\x6e\0\0\
\x40\0\0\0\x18\0\0\0\xac\x6e\0\0\x40\0\0\0\x20\0\0\0\xc6\x6e\0\0\x40\0\0\0\x28\
\0\0\0\xd4\x6e\0\0\x40\0\0\0\x30\0\0\0\xe4\x6e\0\0\x47\x03\0\0\x40\0\0\0\xef\
\x6e\0\0\x48\x03\0\0\x80\0\0\0\xf4\x6e\0\0\x49\x03\0\0\xc0\0\0\0\x0a\x6f\0\0\
\x4a\x03\0\0\0\x01\0\0\0\0\0\0\0\0\0\x02\x03\x05\0\0\0\0\0\0\0\0\0\x02\x04\x05\
\0\0\0\0\0\0\0\0\0\x02\x05\x05\0\0\x16\x6f\0\0\x06\0\0\x04\x68\0\0\0\x20\x6f\0\
\0\x4b\x03\0\0\0\0\0\0\x28\x6f\0\0\x4c\x03\0\0\x20\0\0\0\x2c\x6f\0\0\x4e\x03\0\
\0\0\x02\0\0\x30\x6f\0\0\x50\x03\0\0\x40\x02\0\0\x35\x6f\0\0\x50\x03\0\0\x60\
\x02\0\0\x3c\x6f\0\0\x51\x03\0\0\x80\x02\0\0\x40\x6f\0\0\x01\0\0\x04\x04\0\0\0\
\x10\x0d\0\0\x16\0\0\0\0\0\0\0\x4f\x6f\0\0\x05\0\0\x04\x3c\0\0\0\x5a\x6f\0\0\
\x4d\x03\0\0\0\0\0\0\x63\x6f\0\0\x40\0\0\0\xc0\x01\0\0\x6d\x6f\0\0\x40\0\0\0\
\xc8\x01\0\0\x7c\x6f\0\0\x40\0\0\0\xd0\x01\0\0\x8c\x6f\0\0\x40\0\0\0\xd8\x01\0\
\0\0\0\0\0\0\0\0\x03\0\0\0\0\x16\0\0\0\x04\0\0\0\x0e\0\0\0\xa3\x6f\0\0\x01\0\0\
\x04\x08\0\0\0\x5a\x6f\0\0\x4f\x03\0\0\0\0\0\0\0\0\0\0\0\0\0\x03\0\0\0\0\x16\0\
\0\0\x04\0\0\0\x02\0\0\0\xae\x6f\0\0\x01\0\0\x04\x04\0\0\0\x10\x0d\0\0\x16\0\0\
\0\0\0\0\0\xba\x6f\0\0\x02\0\0\x04\x18\0\0\0\xc5\x6f\0\0\x2c\0\0\0\0\0\0\0\x5a\
\x6f\0\0\x4f\x03\0\0\x80\0\0\0\0\0\0\0\0\0\0\x02\xba\x04\0\0\xd1\x6f\0\0\x03\0\
\0\x04\x40\0\0\0\xdb\x6f\0\0\x60\x03\0\0\0\0\0\0\xe5\x6f\0\0\x70\x03\0\0\x80\0\
\0\0\xd0\x61\0\0\x71\x03\0\0\0\x01\0\0\0\0\0\0\0\0\0\x02\x55\x03\0\0\xeb\x6f\0\
\0\x02\0\0\x04\x10\0\0\0\x8d\x15\0\0\xa9\0\0\0\0\0\0\0\xfa\x6f\0\0\x5f\x03\0\0\
\x80\0\0\0\0\x70\0\0\x02\0\0\x04\x18\0\0\0\x12\x1d\0\0\x3c\x01\0\0\0\0\0\0\0\0\
\0\0\x57\x03\0\0\x40\0\0\0\0\0\0\0\x02\0\0\x05\x10\0\0\0\x14\x70\0\0\x5e\x03\0\
\0\0\0\0\0\x17\x1d\0\0\x10\0\0\0\0\0\0\0\0\0\0\0\0\0\0\x02\x59\x03\0\0\x23\x70\
\0\0\x07\0\0\x04\x68\0\0\0\0\0\0\0\x5a\x03\0\0\0\0\0\0\x36\x70\0\0\x5c\x03\0\0\
\x40\0\0\0\x56\x36\0\0\x5d\x03\0\0\x80\0\0\0\x3a\x70\0\0\x2c\0\0\0\0\x01\0\0\
\x43\x70\0\0\x2c\0\0\0\x80\x01\0\0\x01\x0e\0\0\x2a\0\0\0\0\x02\0\0\x8d\x15\0\0\
\xa9\0\0\0\xc0\x02\0\0\0\0\0\0\x02\0\0\x05\x08\0\0\0\x4b\x70\0\0\x5b\x03\0\0\0\
\0\0\0\x4f\x70\0\0\x19\0\0\0\0\0\0\0\0\0\0\0\0\0\0\x02\xdf\x04\0\0\0\0\0\0\0\0\
\0\x02\xe0\x04\0\0\x5a\x70\0\0\x02\0\0\x04\x10\0\0\0\x71\x70\0\0\x11\0\0\0\0\0\
\0\0\x81\x70\0\0\x15\0\0\0\x40\0\0\0\0\0\0\0\0\0\0\x03\0\0\0\0\x58\x03\0\0\x04\
\0\0\0\x02\0\0\0\0\0\0\0\0\0\0\x03\0\0\0\0\x56\x03\0\0\x04\0\0\0\0\0\0\0\0\0\0\
\0\0\0\0\x03\0\0\0\0\x54\x03\0\0\x04\0\0\0\x02\0\0\0\x8d\x70\0\0\x19\0\0\x84\
\x48\0\0\0\x96\x70\0\0\x22\0\0\0\0\0\0\0\x9c\x70\0\0\x22\0\0\0\x10\0\0\x01\xa2\
\x70\0\0\x22\0\0\0\x11\0\0\x01\xb0\x70\0\0\x22\0\0\0\x12\0\0\x01\xbf\x70\0\0\
\x22\0\0\0\x13\0\0\x01\xc9\x70\0\0\x22\0\0\0\x14\0\0\x01\xd4\x70\0\0\x22\0\0\0\
\x15\0\0\x01\xdc\x70\0\0\x22\0\0\0\x16\0\0\x01\xe4\x70\0\0\x22\0\0\0\x17\0\0\
\x01\xf4\x70\0\0\x22\0\0\0\x18\0\0\x01\x06\x71\0\0\x22\0\0\0\x19\0\0\x01\x23\
\x71\0\0\x22\0\0\0\x1a\0\0\x01\x32\x71\0\0\x22\0\0\0\x1b\0\0\x01\x19\0\0\0\x62\
\x03\0\0\x20\0\0\0\x43\x71\0\0\x63\x03\0\0\x40\0\0\0\x13\x22\0\0\x14\0\0\0\x60\
\0\0\0\x58\x71\0\0\x14\0\0\0\x80\0\0\0\x62\x71\0\0\x64\x03\0\0\xa0\0\0\0\x91\
\x01\0\0\x65\x03\0\0\0\x01\0\0\xc0\x0e\0\0\x86\0\0\0\x40\x01\0\0\x66\x71\0\0\
\x66\x03\0\0\x80\x01\0\0\x6f\x71\0\0\x6b\x03\0\0\xc0\x01\0\0\x73\x71\0\0\x6c\
\x03\0\0\0\x02\0\0\x7d\x71\0\0\x6e\x03\0\0\x40\x02\0\0\x83\x71\0\0\x6f\x03\0\0\
\x40\x02\0\0\x8a\x71\0\0\x20\0\0\x06\x04\0\0\0\x98\x71\0\0\0\0\0\0\xad\x71\0\0\
\x01\0\0\0\xc9\x71\0\0\x02\0\0\0\xde\x71\0\0\x03\0\0\0\xf6\x71\0\0\x04\0\0\0\
\x0e\x72\0\0\x05\0\0\0\x27\x72\0\0\x06\0\0\0\x39\x72\0\0\x07\0\0\0\x52\x72\0\0\
\x08\0\0\0\x6b\x72\0\0\x09\0\0\0\x85\x72\0\0\x0a\0\0\0\x9a\x72\0\0\x0b\0\0\0\
\xb0\x72\0\0\x0c\0\0\0\xc7\x72\0\0\x0d\0\0\0\xde\x72\0\0\x0e\0\0\0\xf3\x72\0\0\
\x0f\0\0\0\x0f\x73\0\0\x10\0\0\0\x24\x73\0\0\x11\0\0\0\x41\x73\0\0\x12\0\0\0\
\x60\x73\0\0\x13\0\0\0\x7c\x73\0\0\x14\0\0\0\x95\x73\0\0\x15\0\0\0\xb0\x73\0\0\
\x16\0\0\0\xcd\x73\0\0\x17\0\0\0\xe9\x73\0\0\x18\0\0\0\x0f\x74\0\0\x19\0\0\0\
\x2c\x74\0\0\x1a\0\0\0\x42\x74\0\0\x1b\0\0\0\x5b\x74\0\0\x1c\0\0\0\x6d\x74\0\0\
\x1d\0\0\0\x7f\x74\0\0\x1e\0\0\0\x97\x74\0\0\x1f\0\0\0\xad\x74\0\0\x2b\0\0\x06\
\x04\0\0\0\xbd\x74\0\0\0\0\0\0\xd5\x74\0\0\x01\0\0\0\xec\x74\0\0\x02\0\0\0\x08\
\x75\0\0\x03\0\0\0\x1c\x75\0\0\x04\0\0\0\x35\x75\0\0\x05\0\0\0\x4f\x75\0\0\x06\
\0\0\0\x61\x75\0\0\x07\0\0\0\x74\x75\0\0\x08\0\0\0\x8a\x75\0\0\x09\0\0\0\xa0\
\x75\0\0\x0a\0\0\0\xb9\x75\0\0\x0b\0\0\0\xd2\x75\0\0\x0c\0\0\0\xed\x75\0\0\x0d\
\0\0\0\x08\x76\0\0\x0e\0\0\0\x20\x76\0\0\x0f\0\0\0\x38\x76\0\0\x10\0\0\0\x47\
\x76\0\0\x11\0\0\0\x5a\x76\0\0\x12\0\0\0\x6c\x76\0\0\x13\0\0\0\x84\x76\0\0\x14\
\0\0\0\x9c\x76\0\0\x15\0\0\0\xb2\x76\0\0\x16\0\0\0\xc8\x76\0\0\x17\0\0\0\xd9\
\x76\0\0\x18\0\0\0\xea\x76\0\0\x19\0\0\0\xfa\x76\0\0\x1a\0\0\0\x0c\x77\0\0\x1b\
\0\0\0\x18\x77\0\0\x1c\0\0\0\x27\x77\0\0\x1d\0\0\0\x44\x77\0\0\x1e\0\0\0\x61\
\x77\0\0\x1f\0\0\0\x7e\x77\0\0\x20\0\0\0\x9b\x77\0\0\x21\0\0\0\xaa\x77\0\0\x22\
\0\0\0\xc7\x77\0\0\x23\0\0\0\xd6\x77\0\0\x24\0\0\0\xe4\x77\0\0\x25\0\0\0\xec\
\x77\0\0\x26\0\0\0\xff\x77\0\0\x27\0\0\0\x17\x78\0\0\x28\0\0\0\x3a\x78\0\0\x29\
\0\0\0\x49\x78\0\0\x2a\0\0\0\0\0\0\0\0\0\0\x03\0\0\0\0\x40\0\0\0\x04\0\0\0\x08\
\0\0\0\0\0\0\0\0\0\0\x02\xa4\x04\0\0\0\0\0\0\0\0\0\x02\x67\x03\0\0\0\0\0\0\x02\
\0\0\x0d\x16\0\0\0\0\0\0\0\x17\0\0\0\0\0\0\0\x68\x03\0\0\0\0\0\0\0\0\0\x02\x69\
\x03\0\0\0\0\0\0\0\0\0\x0a\x6a\x03\0\0\x5f\x78\0\0\x05\0\0\x84\x08\0\0\0\x68\
\x78\0\0\x41\0\0\0\0\0\0\0\x6d\x78\0\0\x41\0\0\0\x08\0\0\x04\x75\x78\0\0\x41\0\
\0\0\x0c\0\0\x04\x7d\x78\0\0\x93\x02\0\0\x10\0\0\0\x81\x78\0\0\x06\x01\0\0\x20\
\0\0\0\0\0\0\0\0\0\0\x02\xa5\x04\0\0\0\0\0\0\0\0\0\x02\xac\x04\0\0\x85\x78\0\0\
\x04\0\0\x04\x08\0\0\0\x68\x78\0\0\x23\0\0\0\0\0\0\0\x91\x78\0\0\x41\0\0\0\x10\
\0\0\0\x94\x78\0\0\x41\0\0\0\x18\0\0\0\x97\x78\0\0\x15\0\0\0\x20\0\0\0\0\0\0\0\
\0\0\0\x03\0\0\0\0\x6d\x03\0\0\x04\0\0\0\0\0\0\0\0\0\0\0\0\0\0\x03\0\0\0\0\x6a\
\x03\0\0\x04\0\0\0\0\0\0\0\0\0\0\0\0\0\0\x03\0\0\0\0\x3c\x01\0\0\x04\0\0\0\x02\
\0\0\0\0\0\0\0\0\0\0\x03\0\0\0\0\x2c\0\0\0\x04\0\0\0\x02\0\0\0\x99\x78\0\0\x20\
\0\0\x04\x40\x03\0\0\xa4\x78\0\0\x2c\0\0\0\0\0\0\0\xae\x78\0\0\x67\x01\0\0\x80\
\0\0\0\xba\x78\0\0\x67\x01\0\0\xc0\0\0\0\xc6\x78\0\0\x67\x01\0\0\0\x01\0\0\xd2\
\x78\0\0\x67\x01\0\0\x40\x01\0\0\xde\x78\0\0\x16\0\0\0\x80\x01\0\0\xea\x78\0\0\
\x16\0\0\0\xa0\x01\0\0\xf4\x78\0\0\x79\x01\0\0\xc0\x01\0\0\x04\x79\0\0\x2c\0\0\
\0\xc0\x02\0\0\x0f\x79\0\0\x67\x01\0\0\x40\x03\0\0\x1c\x79\0\0\x16\0\0\0\x80\
\x03\0\0\x2d\x79\0\0\x73\x03\0\0\xc0\x03\0\0\x3c\x79\0\0\x75\x03\0\0\x80\x04\0\
\0\x49\x79\0\0\x76\x03\0\0\0\x06\0\0\x56\x79\0\0\x79\x01\0\0\xc0\x06\0\0\x67\
\x79\0\0\x77\x03\0\0\xc0\x07\0\0\x76\x79\0\0\x2c\0\0\0\x40\x09\0\0\x83\x79\0\0\
\xb7\x01\0\0\xc0\x09\0\0\x88\x79\0\0\xb7\x01\0\0\0\x0a\0\0\x93\x79\0\0\x14\0\0\
\0\x40\x0a\0\0\xa7\x79\0\0\x14\0\0\0\x60\x0a\0\0\xbc\x79\0\0\x02\0\0\0\x80\x0a\
\0\0\xcf\x79\0\0\x14\0\0\0\xa0\x0a\0\0\xe2\x79\0\0\x64\x01\0\0\xc0\x0a\0\0\xeb\
\x38\0\0\xbc\x01\0\0\0\x0b\0\0\xf1\x79\0\0\xe6\x01\0\0\0\x0c\0\0\xff\x79\0\0\
\xe6\x01\0\0\0\x12\0\0\x0d\x7a\0\0\xc1\0\0\0\0\x18\0\0\x1d\x7a\0\0\xd2\0\0\0\
\x20\x18\0\0\x38\x7a\0\0\xd2\0\0\0\x40\x18\0\0\x54\x7a\0\0\xc1\0\0\0\x60\x18\0\
\0\x65\x7a\0\0\xda\0\0\0\x80\x18\0\0\0\0\0\0\0\0\0\x03\0\0\0\0\xb6\x01\0\0\x04\
\0\0\0\x03\0\0\0\x74\x7a\0\0\x06\0\0\x04\x10\0\0\0\x85\x7a\0\0\x67\x01\0\0\0\0\
\0\0\x8b\x7a\0\0\x16\0\0\0\x40\0\0\0\x91\x7a\0\0\x40\0\0\0\x60\0\0\0\x98\x7a\0\
\0\x40\0\0\0\x68\0\0\0\x9f\x7a\0\0\x40\0\0\0\x70\0\0\0\xa6\x7a\0\0\x40\0\0\0\
\x78\0\0\0\0\0\0\0\0\0\0\x03\0\0\0\0\x74\x03\0\0\x04\0\0\0\x03\0\0\0\0\0\0\0\0\
\0\0\x03\0\0\0\0\x16\0\0\0\x04\0\0\0\x06\0\0\0\xad\x7a\0\0\x06\0\0\x04\x30\0\0\
\0\x67\x65\0\0\x79\x01\0\0\0\0\0\0\x54\x13\0\0\xd7\x01\0\0\0\x01\0\0\xc1\x7a\0\
\0\x40\0\0\0\x40\x01\0\0\xc8\x7a\0\0\x40\0\0\0\x48\x01\0\0\xcf\x7a\0\0\x40\0\0\
\0\x50\x01\0\0\xd6\x7a\0\0\x40\0\0\0\x58\x01\0\0\x32\x7b\0\0\x04\0\0\x04\xb0\
\x01\0\0\x71\x57\0\0\x79\x03\0\0\0\0\0\0\x0b\x15\0\0\xa5\0\0\0\x40\x0c\0\0\x13\
\x15\0\0\xa6\0\0\0\x80\x0c\0\0\xc6\x1c\0\0\x8c\x01\0\0\xc0\x0c\0\0\x40\x7b\0\0\
\x06\0\0\x04\x86\x01\0\0\x4c\x7b\0\0\x7a\x03\0\0\0\0\0\0\x54\x7b\0\0\x7a\x03\0\
\0\x08\x02\0\0\xba\x62\0\0\x7a\x03\0\0\x10\x04\0\0\x5d\x7b\0\0\x7a\x03\0\0\x18\
\x06\0\0\x65\x7b\0\0\x7a\x03\0\0\x20\x08\0\0\x6d\x7b\0\0\x7a\x03\0\0\x28\x0a\0\
\0\0\0\0\0\0\0\0\x03\0\0\0\0\x60\0\0\0\x04\0\0\0\x41\0\0\0\x78\x7b\0\0\x12\0\0\
\x04\x68\x02\0\0\x87\x7b\0\0\x7c\x03\0\0\0\0\0\0\x8f\x7b\0\0\x7c\x03\0\0\x40\
\x02\0\0\x97\x7b\0\0\x7c\x03\0\0\x80\x04\0\0\xa8\x04\0\0\xa5\0\0\0\xc0\x06\0\0\
\x73\x32\0\0\x02\0\0\0\0\x07\0\0\x28\x17\0\0\x98\0\0\0\x20\x07\0\0\xd2\x58\0\0\
\x9c\0\0\0\x40\x07\0\0\xc6\x1c\0\0\x8c\x01\0\0\x80\x07\0\0\xac\0\0\0\x0f\0\0\0\
\x40\x08\0\0\xa2\x7b\0\0\x51\0\0\0\x80\x08\0\0\xb7\x7b\0\0\x2c\0\0\0\xc0\x08\0\
\0\xc9\x7b\0\0\xa3\0\0\0\x40\x09\0\0\xdf\x7b\0\0\x6e\x01\0\0\x80\x09\0\0\x67\
\x65\0\0\x79\x01\0\0\xc0\x0a\0\0\x9e\x38\0\0\xaa\x01\0\0\xc0\x0b\0\0\x7f\x37\0\
\0\xbc\x01\0\0\xc0\x0e\0\0\x13\x15\0\0\xa6\0\0\0\0\x0f\0\0\xeb\x7b\0\0\x82\x03\
\0\0\x40\x0f\0\0\xf6\x7b\0\0\x02\0\0\x04\x48\0\0\0\x02\x7c\0\0\x14\0\0\0\0\0\0\
\0\0\0\0\0\x7d\x03\0\0\x40\0\0\0\0\0\0\0\x02\0\0\x05\x40\0\0\0\x0d\x7c\0\0\x7f\
\x03\0\0\0\0\0\0\0\0\0\0\x80\x03\0\0\0\0\0\0\x14\x7c\0\0\x03\0\0\x04\x0c\0\0\0\
\xc8\x38\0\0\x14\0\0\0\0\0\0\0\x23\x7c\0\0\x14\0\0\0\x20\0\0\0\xcb\x0a\0\0\x14\
\0\0\0\x40\0\0\0\0\0\0\0\0\0\0\x03\0\0\0\0\x7e\x03\0\0\x04\0\0\0\x05\0\0\0\0\0\
\0\0\x02\0\0\x04\x10\0\0\0\x2f\x7c\0\0\x81\x03\0\0\0\0\0\0\x37\x7c\0\0\x81\x03\
\0\0\x40\0\0\0\0\0\0\0\0\0\0\x02\x7e\x03\0\0\0\0\0\0\0\0\0\x03\0\0\0\0\x70\0\0\
\0\x04\0\0\0\x10\0\0\0\x8b\x7c\0\0\x1a\0\0\x84\xa0\x01\0\0\x98\x7c\0\0\x57\0\0\
\0\0\0\0\0\x9c\x7c\0\0\x0f\0\0\0\x40\0\0\0\x42\x03\0\0\x55\0\0\0\x80\0\0\0\x7f\
\x35\0\0\x0f\0\0\0\xc0\0\0\0\xa6\x7c\0\0\x0f\0\0\0\0\x01\0\0\xad\x7c\0\0\x16\0\
\0\0\x40\x01\0\x01\xb9\x7c\0\0\x16\0\0\0\x41\x01\0\x01\xc6\x7c\0\0\x16\0\0\0\
\x42\x01\0\x01\xd1\x7c\0\0\x16\0\0\0\x43\x01\0\x01\xe4\x7c\0\0\x64\0\0\0\x80\
\x01\0\0\xef\x7c\0\0\x64\0\0\0\xc0\x01\0\0\x79\x2d\0\0\x64\0\0\0\0\x02\0\0\xc3\
\x05\0\0\x84\x03\0\0\x40\x02\0\0\xfb\x7c\0\0\x02\0\0\0\x80\x02\0\0\x02\x7d\0\0\
\x16\0\0\0\xa0\x02\0\0\x0c\x7d\0\0\x02\0\0\0\xc0\x02\0\0\x11\x7d\0\0\x02\0\0\0\
\xe0\x02\0\0\x16\x7d\0\0\x5e\0\0\0\0\x03\0\0\x1f\x7d\0\0\x5e\0\0\0\x40\x03\0\0\
\x26\x7d\0\0\x5e\0\0\0\x80\x03\0\0\x2d\x7d\0\0\x16\0\0\0\xc0\x03\0\0\x3a\x7d\0\
\0\x02\0\0\0\xe0\x03\0\0\x41\x7d\0\0\x0f\0\0\0\0\x04\0\0\x48\x7d\0\0\x0f\0\0\0\
\x40\x04\0\0\x4d\x7d\0\0\x85\x03\0\0\x80\x04\0\0\x4b\x70\0\0\x86\x03\0\0\0\x05\
\0\0\0\0\0\0\0\0\0\x02\x97\0\0\0\x58\x7d\0\0\x02\0\0\x04\x10\0\0\0\x5f\x7d\0\0\
\xbc\0\0\0\0\0\0\0\x68\x7d\0\0\xbc\0\0\0\x40\0\0\0\0\0\0\0\0\0\0\x03\0\0\0\0\
\x60\0\0\0\x04\0\0\0\0\x01\0\0\xb7\x7d\0\0\x32\0\0\x04\x68\x02\0\0\xbd\x7d\0\0\
\xdd\x02\0\0\0\0\0\0\xc4\x7d\0\0\x24\0\0\0\x10\0\0\0\xce\x7d\0\0\x98\0\0\0\x20\
\0\0\0\xd4\x7d\0\0\x9c\0\0\0\x40\0\0\0\xda\x7d\0\0\x16\0\0\0\x60\0\0\0\xe2\x7d\
\0\0\x88\x03\0\0\x80\0\0\0\xe8\x7d\0\0\x88\x03\0\0\xc0\0\0\0\xf6\x7d\0\0\x89\
\x03\0\0\0\x01\0\0\xfb\x7d\0\0\x8b\x03\0\0\x40\x01\0\0\0\x7e\0\0\x68\x01\0\0\
\x80\x01\0\0\x0a\x7e\0\0\x19\0\0\0\xc0\x01\0\0\x15\x7e\0\0\x0f\0\0\0\0\x02\0\0\
\0\0\0\0\x8c\x03\0\0\x40\x02\0\0\x1b\x7e\0\0\xce\x02\0\0\x60\x02\0\0\x22\x7e\0\
\0\x5b\x01\0\0\x80\x02\0\0\x29\x7e\0\0\x8e\x03\0\0\xc0\x02\0\0\x31\x7e\0\0\x8e\
\x03\0\0\x40\x03\0\0\x39\x7e\0\0\x8e\x03\0\0\xc0\x03\0\0\x41\x7e\0\0\xc1\0\0\0\
\x40\x04\0\0\x48\x7e\0\0\x24\0\0\0\x60\x04\0\0\x50\x7e\0\0\x40\0\0\0\x70\x04\0\
\0\x5a\x7e\0\0\x40\0\0\0\x78\x04\0\0\x67\x7e\0\0\x90\x03\0\0\x80\x04\0\0\x70\
\x7e\0\0\x0f\0\0\0\xc0\x04\0\0\x78\x7e\0\0\x6e\x01\0\0\0\x05\0\0\x80\x7e\0\0\
\x0f\0\0\0\x40\x06\0\0\x8d\x7e\0\0\x0f\0\0\0\x80\x06\0\0\x9f\x7e\0\0\x81\0\0\0\
\xc0\x06\0\0\xa6\x7e\0\0\x2c\0\0\0\x40\x07\0\0\xb0\x7e\0\0\x2c\0\0\0\xc0\x07\0\
\0\xb6\x7e\0\0\x2c\0\0\0\x40\x08\0\0\xc0\x7e\0\0\x2c\0\0\0\xc0\x08\0\0\0\0\0\0\
\x91\x03\0\0\x40\x09\0\0\xca\x7e\0\0\x66\0\0\0\xc0\x09\0\0\xd4\x7e\0\0\x66\0\0\
\0\0\x0a\0\0\xdf\x7e\0\0\x1c\0\0\0\x40\x0a\0\0\xe7\x7e\0\0\x1c\0\0\0\x60\x0a\0\
\0\xf3\x7e\0\0\x1c\0\0\0\x80\x0a\0\0\0\x7f\0\0\x1c\0\0\0\xa0\x0a\0\0\0\0\0\0\
\x92\x03\0\0\xc0\x0a\0\0\x0c\x7f\0\0\x0f\x04\0\0\0\x0b\0\0\x14\x7f\0\0\xe6\x02\
\0\0\x40\x0b\0\0\x1b\x7f\0\0\x2c\0\0\0\x40\x11\0\0\0\0\0\0\x10\x04\0\0\xc0\x11\
\0\0\x25\x7f\0\0\x15\0\0\0\0\x12\0\0\x32\x7f\0\0\x15\0\0\0\x20\x12\0\0\x42\x7f\
\0\0\x12\x04\0\0\x40\x12\0\0\x53\x7f\0\0\x13\x04\0\0\x80\x12\0\0\x60\x7f\0\0\
\x14\x04\0\0\xc0\x12\0\0\x6e\x7f\0\0\x19\0\0\0\0\x13\0\0\0\0\0\0\0\0\0\x02\x6c\
\x04\0\0\0\0\0\0\0\0\0\x02\x8a\x03\0\0\0\0\0\0\0\0\0\x0a\x6d\x04\0\0\0\0\0\0\0\
\0\0\x02\x15\x04\0\0\0\0\0\0\x02\0\0\x05\x04\0\0\0\x78\x7f\0\0\x8d\x03\0\0\0\0\
\0\0\x80\x7f\0\0\x16\0\0\0\0\0\0\0\0\0\0\0\0\0\0\x0a\x16\0\0\0\x8a\x7f\0\0\x02\
\0\0\x04\x10\0\0\0\x1f\x13\0\0\x8f\x03\0\0\0\0\0\0\x26\x13\0\0\x70\0\0\0\x40\0\
\0\0\x95\x7f\0\0\0\0\0\x08\x36\0\0\0\x9e\x7f\0\0\0\0\0\x08\x10\0\0\0\0\0\0\0\
\x02\0\0\x05\x10\0\0\0\xa7\x7f\0\0\xb6\x01\0\0\0\0\0\0\xb0\x7f\0\0\xa9\0\0\0\0\
\0\0\0\0\0\0\0\x02\0\0\x05\x08\0\0\0\xb6\x7f\0\0\x57\x01\0\0\0\0\0\0\xbc\x7f\0\
\0\x0d\x04\0\0\0\0\0\0\xc7\x7f\0\0\x20\0\0\x04\0\x01\0\0\x28\x17\0\0\x3a\x03\0\
\0\0\0\0\0\xd7\x7f\0\0\x94\x03\0\0\x40\0\0\0\x9e\x68\0\0\x96\x03\0\0\x80\0\0\0\
\xa3\x68\0\0\x99\x03\0\0\xc0\0\0\0\xde\x7f\0\0\x9b\x03\0\0\0\x01\0\0\xe8\x7f\0\
\0\x9b\x03\0\0\x40\x01\0\0\xf3\x7f\0\0\xaf\x03\0\0\x80\x01\0\0\xfa\x7f\0\0\xb1\
\x03\0\0\xc0\x01\0\0\x02\x80\0\0\xb1\x03\0\0\0\x02\0\0\x87\x12\0\0\xb8\x03\0\0\
\x40\x02\0\0\x11\x80\0\0\xc1\x03\0\0\x80\x02\0\0\x20\x80\0\0\xc1\x03\0\0\xc0\
\x02\0\0\x68\x1e\0\0\xc3\x03\0\0\0\x03\0\0\x2d\x80\0\0\x0f\0\0\0\x40\x03\0\0\
\x42\x80\0\0\xc5\x03\0\0\x80\x03\0\0\x47\x80\0\0\xc7\x03\0\0\xc0\x03\0\0\xba\
\x62\0\0\xc5\x03\0\0\0\x04\0\0\x4d\x80\0\0\xca\x03\0\0\x40\x04\0\0\x01\x1c\0\0\
\xcc\x03\0\0\x80\x04\0\0\x54\x13\0\0\xce\x03\0\0\xc0\x04\0\0\x53\x80\0\0\xde\
\x03\0\0\0\x05\0\0\x78\x2b\0\0\x4f\x01\0\0\x40\x05\0\0\x5c\x80\0\0\xf3\x03\0\0\
\x80\x05\0\0\x68\x80\0\0\xce\x03\0\0\xc0\x05\0\0\x6e\x80\0\0\xf5\x03\0\0\0\x06\
\0\0\x7b\x80\0\0\xf9\x03\0\0\x40\x06\0\0\x87\x80\0\0\xfb\x03\0\0\x80\x06\0\0\
\x90\x80\0\0\xff\x03\0\0\xc0\x06\0\0\x9a\x80\0\0\x01\x04\0\0\0\x07\0\0\xa6\x80\
\0\0\x09\x04\0\0\x40\x07\0\0\xb6\x80\0\0\x0b\x04\0\0\x80\x07\0\0\xc7\x80\0\0\
\xca\x03\0\0\xc0\x07\0\0\0\0\0\0\0\0\0\x02\x95\x03\0\0\0\0\0\0\x03\0\0\x0d\x5b\
\x01\0\0\0\0\0\0\x64\0\0\0\0\0\0\0\x5b\x01\0\0\0\0\0\0\x02\0\0\0\0\0\0\0\0\0\0\
\x02\x97\x03\0\0\0\0\0\0\x04\0\0\x0d\xeb\x02\0\0\0\0\0\0\x64\0\0\0\0\0\0\0\xee\
\x02\0\0\0\0\0\0\xba\0\0\0\0\0\0\0\x98\x03\0\0\0\0\0\0\0\0\0\x02\x5b\x01\0\0\0\
\0\0\0\0\0\0\x02\x9a\x03\0\0\0\0\0\0\x04\0\0\x0d\xeb\x02\0\0\0\0\0\0\x64\0\0\0\
\0\0\0\0\x5e\0\0\0\0\0\0\0\xba\0\0\0\0\0\0\0\x98\x03\0\0\0\0\0\0\0\0\0\x02\x9c\
\x03\0\0\0\0\0\0\x02\0\0\x0d\xeb\x02\0\0\0\0\0\0\x9d\x03\0\0\0\0\0\0\xa3\x03\0\
\0\0\0\0\0\0\0\0\x02\x9e\x03\0\0\xcf\x80\0\0\x08\0\0\x04\x30\0\0\0\xd5\x80\0\0\
\x64\0\0\0\0\0\0\0\xdd\x80\0\0\x5b\x01\0\0\x40\0\0\0\xe4\x80\0\0\x9f\x03\0\0\
\x80\0\0\0\xe4\x24\0\0\x19\0\0\0\xc0\0\0\0\xf0\x80\0\0\x02\0\0\0\0\x01\0\0\xf9\
\x80\0\0\x22\0\0\0\x20\x01\0\0\x01\x81\0\0\x22\0\0\0\x30\x01\0\0\0\0\0\0\xa1\
\x03\0\0\x40\x01\0\0\0\0\0\0\0\0\0\x02\xa0\x03\0\0\0\0\0\0\x03\0\0\x0d\0\0\0\0\
\0\0\0\0\x9d\x03\0\0\0\0\0\0\x70\0\0\0\0\0\0\0\x70\0\0\0\0\0\0\0\x02\0\0\x05\
\x08\0\0\0\x0b\x81\0\0\x16\0\0\0\0\0\0\0\x15\x81\0\0\xa2\x03\0\0\0\0\0\0\0\0\0\
\0\0\0\0\x02\x79\x04\0\0\0\0\0\0\0\0\0\x02\xa4\x03\0\0\x1e\x81\0\0\x07\0\0\x04\
\x28\0\0\0\x27\x81\0\0\x40\0\0\0\0\0\0\0\x31\x81\0\0\x51\0\0\0\x08\0\0\0\x39\
\x81\0\0\x51\0\0\0\x10\0\0\0\x45\x81\0\0\xba\0\0\0\x40\0\0\0\xcb\x0a\0\0\xba\0\
\0\0\x80\0\0\0\0\0\0\0\xa5\x03\0\0\xc0\0\0\0\0\0\0\0\xad\x03\0\0\0\x01\0\0\0\0\
\0\0\x05\0\0\x05\x08\0\0\0\x50\x81\0\0\xa6\x03\0\0\0\0\0\0\x54\x81\0\0\xa8\x03\
\0\0\0\0\0\0\x59\x81\0\0\xaa\x03\0\0\0\0\0\0\xac\x32\0\0\xac\x03\0\0\0\0\0\0\
\x5e\x81\0\0\xe6\0\0\0\0\0\0\0\0\0\0\0\0\0\0\x02\xa7\x03\0\0\0\0\0\0\0\0\0\x0a\
\x7a\x04\0\0\0\0\0\0\0\0\0\x02\xa9\x03\0\0\0\0\0\0\0\0\0\x0a\x7b\x04\0\0\0\0\0\
\0\0\0\0\x02\xab\x03\0\0\0\0\0\0\0\0\0\x0a\x7c\x04\0\0\0\0\0\0\0\0\0\x02\x89\
\x01\0\0\0\0\0\0\x03\0\0\x05\x08\0\0\0\x63\x81\0\0\x0f\0\0\0\0\0\0\0\0\0\0\0\
\xae\x03\0\0\0\0\0\0\x6b\x81\0\0\x5b\x01\0\0\0\0\0\0\0\0\0\0\x02\0\0\x04\x08\0\
\0\0\xa5\x22\0\0\x16\0\0\0\0\0\0\0\x78\x81\0\0\x16\0\0\0\x20\0\0\0\0\0\0\0\0\0\
\0\x02\xb0\x03\0\0\0\0\0\0\x02\0\0\x0d\x02\0\0\0\0\0\0\0\x9d\x03\0\0\0\0\0\0\
\x51\0\0\0\0\0\0\0\0\0\0\x02\xb2\x03\0\0\0\0\0\0\x02\0\0\x0d\x02\0\0\0\0\0\0\0\
\x64\0\0\0\0\0\0\0\xb3\x03\0\0\0\0\0\0\0\0\0\x02\xb4\x03\0\0\x83\x81\0\0\x02\0\
\0\x04\x10\0\0\0\x8f\x81\0\0\xb5\x03\0\0\0\0\0\0\x97\x54\0\0\x5b\x01\0\0\x40\0\
\0\0\x95\x81\0\0\0\0\0\x08\xb6\x03\0\0\0\0\0\0\0\0\0\x02\xb7\x03\0\0\0\0\0\0\
\x06\0\0\x0d\x02\0\0\0\0\0\0\0\xb3\x03\0\0\0\0\0\0\x5e\0\0\0\0\0\0\0\x02\0\0\0\
\0\0\0\0\x5b\x01\0\0\0\0\0\0\x10\0\0\0\0\0\0\0\x16\0\0\0\0\0\0\0\0\0\0\x02\xb9\
\x03\0\0\0\0\0\0\x02\0\0\x0d\xba\x03\0\0\0\0\0\0\x64\0\0\0\0\0\0\0\xbb\x03\0\0\
\x9f\x81\0\0\0\0\0\x08\x16\0\0\0\0\0\0\0\0\0\0\x02\xbc\x03\0\0\xa8\x81\0\0\x02\
\0\0\x04\x10\0\0\0\xba\x81\0\0\xbd\x03\0\0\0\0\0\0\xc1\x81\0\0\xba\x03\0\0\x40\
\0\0\0\xc6\x81\0\0\0\0\0\x08\xbe\x03\0\0\0\0\0\0\0\0\0\x02\xbf\x03\0\0\0\0\0\0\
\x03\0\0\x0d\0\0\0\0\0\0\0\0\x64\0\0\0\0\0\0\0\xc0\x03\0\0\0\0\0\0\xbb\x03\0\0\
\0\0\0\0\0\0\0\x02\x16\x01\0\0\0\0\0\0\0\0\0\x02\xc2\x03\0\0\0\0\0\0\x03\0\0\
\x0d\x70\0\0\0\0\0\0\0\x64\0\0\0\0\0\0\0\x16\0\0\0\0\0\0\0\x0f\0\0\0\0\0\0\0\0\
\0\0\x02\xc4\x03\0\0\0\0\0\0\x02\0\0\x0d\x02\0\0\0\0\0\0\0\x64\0\0\0\0\0\0\0\
\x57\0\0\0\0\0\0\0\0\0\0\x02\xc6\x03\0\0\0\0\0\0\x02\0\0\x0d\x02\0\0\0\0\0\0\0\
\x56\x01\0\0\0\0\0\0\x64\0\0\0\0\0\0\0\0\0\0\x02\xc8\x03\0\0\0\0\0\0\x02\0\0\
\x0d\x02\0\0\0\0\0\0\0\x64\0\0\0\0\0\0\0\xc9\x03\0\0\xd6\x81\0\0\0\0\0\x08\x19\
\0\0\0\0\0\0\0\0\0\0\x02\xcb\x03\0\0\0\0\0\0\x04\0\0\x0d\x02\0\0\0\0\0\0\0\x64\
\0\0\0\0\0\0\0\x5b\x01\0\0\0\0\0\0\x5b\x01\0\0\0\0\0\0\x02\0\0\0\0\0\0\0\0\0\0\
\x02\xcd\x03\0\0\0\0\0\0\x03\0\0\x0d\x02\0\0\0\0\0\0\0\x02\0\0\0\0\0\0\0\x64\0\
\0\0\0\0\0\0\x02\0\0\0\0\0\0\0\0\0\0\x02\xcf\x03\0\0\0\0\0\0\x03\0\0\x0d\x02\0\
\0\0\0\0\0\0\x64\0\0\0\0\0\0\0\x02\0\0\0\0\0\0\0\xd0\x03\0\0\0\0\0\0\0\0\0\x02\
\xd1\x03\0\0\xe1\x81\0\0\x14\0\0\x04\xd8\0\0\0\xeb\x81\0\0\xd0\x03\0\0\0\0\0\0\
\xf6\x81\0\0\x2c\0\0\0\x40\0\0\0\xfe\x81\0\0\x81\0\0\0\xc0\0\0\0\x06\x82\0\0\
\x2c\0\0\0\x40\x01\0\0\x1a\x82\0\0\x2c\0\0\0\xc0\x01\0\0\x2c\x82\0\0\xc9\x03\0\
\0\x40\x02\0\0\x35\x82\0\0\x16\0\0\0\x80\x02\0\0\x3e\x82\0\0\x42\0\0\0\xa0\x02\
\0\0\x46\x82\0\0\x16\0\0\0\xc0\x02\0\0\x4d\x82\0\0\x02\0\0\0\xe0\x02\0\0\x59\
\x82\0\0\x16\x01\0\0\0\x03\0\0\x61\x82\0\0\x64\0\0\0\xc0\x03\0\0\x69\x82\0\0\
\x5b\x01\0\0\0\x04\0\0\x72\x82\0\0\x5b\x01\0\0\x40\x04\0\0\x79\x82\0\0\x18\x01\
\0\0\x80\x04\0\0\x83\x82\0\0\x0f\0\0\0\xc0\x04\0\0\x91\x82\0\0\x0f\0\0\0\0\x05\
\0\0\xa3\x82\0\0\xd2\x03\0\0\x40\x05\0\0\xaa\x82\0\0\xd4\x03\0\0\x80\x05\0\0\
\xb3\x82\0\0\xd6\x03\0\0\xc0\x05\0\0\0\0\0\0\0\0\0\x02\xd3\x03\0\0\0\0\0\0\0\0\
\0\x0a\xd6\x04\0\0\0\0\0\0\0\0\0\x02\xd5\x03\0\0\0\0\0\0\0\0\0\x0a\xd7\x04\0\0\
\0\0\0\0\x03\0\0\x05\x20\0\0\0\xb8\x82\0\0\xd7\x03\0\0\0\0\0\0\xbf\x82\0\0\xda\
\x03\0\0\0\0\0\0\xc7\x82\0\0\xdd\x03\0\0\0\0\0\0\xcb\x82\0\0\x03\0\0\x04\x20\0\
\0\0\x21\x0e\0\0\x14\0\0\0\0\0\0\0\x28\x17\0\0\xd8\x03\0\0\x40\0\0\0\xe2\x15\0\
\0\x2c\0\0\0\x80\0\0\0\0\0\0\0\0\0\0\x02\xd9\x03\0\0\xd9\x82\0\0\0\0\0\x07\0\0\
\0\0\xe7\x82\0\0\x01\0\0\x04\x08\0\0\0\x28\x17\0\0\xdb\x03\0\0\0\0\0\0\0\0\0\0\
\0\0\0\x02\xdc\x03\0\0\xf6\x82\0\0\0\0\0\x07\0\0\0\0\0\0\0\0\x03\0\0\x04\x18\0\
\0\0\x86\x69\0\0\x2c\0\0\0\0\0\0\0\x21\x0e\0\0\x02\0\0\0\x80\0\0\0\x06\x83\0\0\
\x16\0\0\0\xa0\0\0\0\0\0\0\0\0\0\0\x02\xdf\x03\0\0\0\0\0\0\x06\0\0\x0d\xeb\x02\
\0\0\0\0\0\0\x64\0\0\0\0\0\0\0\xe8\0\0\0\0\0\0\0\x02\0\0\0\0\0\0\0\xba\0\0\0\0\
\0\0\0\x98\x03\0\0\0\0\0\0\x02\0\0\0\xcf\x18\0\0\x04\0\0\x04\x40\0\0\0\xac\0\0\
\0\x0f\0\0\0\0\0\0\0\0\0\0\0\xe1\x03\0\0\x40\0\0\0\0\0\0\0\xf2\x03\0\0\x80\x01\
\0\0\x0f\x83\0\0\x1c\0\0\0\xa0\x01\0\0\0\0\0\0\x08\0\0\x05\x28\0\0\0\0\0\0\0\
\xe2\x03\0\0\0\0\0\0\0\0\0\0\xe3\x03\0\0\0\0\0\0\0\0\0\0\xe6\x03\0\0\0\0\0\0\0\
\0\0\0\xeb\x03\0\0\0\0\0\0\0\0\0\0\xec\x03\0\0\0\0\0\0\0\0\0\0\xed\x03\0\0\0\0\
\0\0\0\0\0\0\xf0\x03\0\0\0\0\0\0\x91\x15\0\0\xa9\0\0\0\0\0\0\0\0\0\0\0\x04\0\0\
\x04\x28\0\0\0\x19\x83\0\0\x2c\0\0\0\0\0\0\0\x1d\x83\0\0\x68\x01\0\0\x80\0\0\0\
\x96\x18\0\0\x0f\0\0\0\xc0\0\0\0\xe4\x24\0\0\x0f\0\0\0\0\x01\0\0\0\0\0\0\x05\0\
\0\x04\x28\0\0\0\x25\x83\0\0\x0f\0\0\0\0\0\0\0\x2e\x83\0\0\xe4\x03\0\0\x40\0\0\
\0\x31\x83\0\0\x0f\0\0\0\x80\0\0\0\x41\x83\0\0\x0f\0\0\0\xc0\0\0\0\0\0\0\0\xe5\
\x03\0\0\0\x01\0\0\0\0\0\0\0\0\0\x02\x15\x05\0\0\0\0\0\0\x02\0\0\x05\x08\0\0\0\
\x4a\x83\0\0\x0f\0\0\0\0\0\0\0\x59\x83\0\0\x65\0\0\0\0\0\0\0\0\0\0\0\x04\0\0\
\x04\x28\0\0\0\0\0\0\0\xe7\x03\0\0\0\0\0\0\x67\x83\0\0\x8b\x01\0\0\x80\0\0\0\
\x72\x83\0\0\x19\0\0\0\xc0\0\0\0\0\0\0\0\xe9\x03\0\0\0\x01\0\0\0\0\0\0\x02\0\0\
\x05\x10\0\0\0\x7b\x83\0\0\x2c\0\0\0\0\0\0\0\0\0\0\0\xe8\x03\0\0\0\0\0\0\0\0\0\
\0\x03\0\0\x04\x10\0\0\0\x52\x0b\0\0\xe8\0\0\0\0\0\0\0\x96\x70\0\0\x02\0\0\0\
\x40\0\0\0\x85\x83\0\0\x02\0\0\0\x60\0\0\0\0\0\0\0\x03\0\0\x05\x08\0\0\0\x8e\
\x83\0\0\x19\0\0\0\0\0\0\0\x2d\x6a\0\0\x0f\0\0\0\0\0\0\0\0\0\0\0\xea\x03\0\0\0\
\0\0\0\0\0\0\0\x03\0\0\x84\x04\0\0\0\x94\x83\0\0\x16\0\0\0\0\0\0\x10\x9a\x83\0\
\0\x16\0\0\0\x10\0\0\x0f\x40\x04\0\0\x16\0\0\0\x1f\0\0\x01\0\0\0\0\x05\0\0\x04\
\x18\0\0\0\xa2\x83\0\0\x0f\0\0\0\0\0\0\0\xb0\x83\0\0\x42\0\0\0\x40\0\0\0\xbe\
\x83\0\0\x42\0\0\0\x48\0\0\0\xcd\x83\0\0\x1c\0\0\0\x60\0\0\0\xdf\x83\0\0\x16\0\
\0\0\x80\0\0\0\0\0\0\0\x03\0\0\x04\x20\0\0\0\xeb\x83\0\0\x0f\0\0\0\0\0\0\0\xfb\
\x83\0\0\x1c\0\0\0\x40\0\0\0\x11\x84\0\0\x2c\0\0\0\x80\0\0\0\0\0\0\0\x05\0\0\
\x04\x28\0\0\0\x1f\x84\0\0\x0f\0\0\0\0\0\0\0\x29\x84\0\0\xee\x03\0\0\x40\0\0\0\
\x36\x84\0\0\x0f\0\0\0\x80\0\0\0\0\0\0\0\xef\x03\0\0\xc0\0\0\0\x40\x84\0\0\xc1\
\0\0\0\0\x01\0\0\x44\x84\0\0\0\0\0\x08\xe8\0\0\0\0\0\0\0\x02\0\0\x05\x08\0\0\0\
\x4e\x84\0\0\x55\0\0\0\0\0\0\0\x54\x84\0\0\x1c\0\0\0\0\0\0\0\0\0\0\0\x02\0\0\
\x04\x10\0\0\0\x65\x84\0\0\xf1\x03\0\0\0\0\0\0\x6b\x84\0\0\x19\0\0\0\x40\0\0\0\
\0\0\0\0\0\0\0\x02\x16\x05\0\0\0\0\0\0\x04\0\0\x05\x04\0\0\0\x7c\x84\0\0\x1c\0\
\0\0\0\0\0\0\x86\x84\0\0\x16\0\0\0\0\0\0\0\xc0\x0e\0\0\x16\0\0\0\0\0\0\0\x90\
\x84\0\0\x02\0\0\0\0\0\0\0\0\0\0\0\0\0\0\x02\xf4\x03\0\0\0\0\0\0\x01\0\0\x0d\
\x02\0\0\0\0\0\0\0\x02\0\0\0\0\0\0\0\0\0\0\x02\xf6\x03\0\0\0\0\0\0\x05\0\0\x0d\
\xeb\x02\0\0\0\0\0\0\xe6\0\0\0\0\0\0\0\x64\0\0\0\0\0\0\0\x98\x03\0\0\0\0\0\0\
\xba\0\0\0\0\0\0\0\x16\0\0\0\x96\x84\0\0\x13\0\0\x04\xa8\0\0\0\x22\x17\0\0\xda\
\0\0\0\0\0\0\0\xa6\x84\0\0\x16\x01\0\0\0\x01\0\0\xae\x84\0\0\x16\x01\0\0\xc0\
\x01\0\0\xa5\x22\0\0\x16\0\0\0\x80\x02\0\0\xae\x13\0\0\x16\0\0\0\xa0\x02\0\0\
\xb6\x84\0\0\x16\0\0\0\xc0\x02\0\0\xc0\x84\0\0\x16\0\0\0\xe0\x02\0\0\xca\x84\0\
\0\x16\0\0\0\0\x03\0\0\xd7\x84\0\0\x16\0\0\0\x20\x03\0\0\xdf\x84\0\0\x16\0\0\0\
\x40\x03\0\0\x22\x06\0\0\x16\0\0\0\x60\x03\0\0\xe7\x84\0\0\x16\0\0\0\x80\x03\0\
\0\xf1\x84\0\0\x16\0\0\0\xa0\x03\0\0\xfb\x84\0\0\x51\0\0\0\xc0\x03\0\0\x06\x85\
\0\0\xe8\0\0\0\0\x04\0\0\x0f\x85\0\0\x18\x01\0\0\x40\x04\0\0\x1e\x85\0\0\x18\
\x01\0\0\x80\x04\0\0\x2d\x85\0\0\xf8\x03\0\0\xc0\x04\0\0\x06\x15\0\0\xa4\0\0\0\
\0\x05\0\0\0\0\0\0\0\0\0\x02\x7e\x04\0\0\0\0\0\0\0\0\0\x02\xfa\x03\0\0\0\0\0\0\
\x05\0\0\x0d\xeb\x02\0\0\0\0\0\0\x64\0\0\0\0\0\0\0\x98\x03\0\0\0\0\0\0\xe6\0\0\
\0\0\0\0\0\xba\0\0\0\0\0\0\0\x16\0\0\0\0\0\0\0\0\0\0\x02\xfc\x03\0\0\0\0\0\0\
\x04\0\0\x0d\x02\0\0\0\0\0\0\0\x64\0\0\0\0\0\0\0\x70\0\0\0\0\0\0\0\xfd\x03\0\0\
\0\0\0\0\xfe\x03\0\0\0\0\0\0\0\0\0\x02\xd0\x03\0\0\0\0\0\0\0\0\0\x02\x19\0\0\0\
\0\0\0\0\0\0\0\x02\0\x04\0\0\0\0\0\0\x04\0\0\x0d\x70\0\0\0\0\0\0\0\x64\0\0\0\0\
\0\0\0\x02\0\0\0\0\0\0\0\x5b\x01\0\0\0\0\0\0\x5b\x01\0\0\0\0\0\0\0\0\0\x02\x02\
\x04\0\0\0\0\0\0\x02\0\0\x0d\0\0\0\0\0\0\0\0\x03\x04\0\0\0\0\0\0\x64\0\0\0\0\0\
\0\0\0\0\0\x02\x04\x04\0\0\x32\x85\0\0\x0c\0\0\x04\x78\0\0\0\x4b\x70\0\0\xee\
\x02\0\0\0\0\0\0\xdb\x18\0\0\xba\0\0\0\x40\0\0\0\x3b\x85\0\0\xba\0\0\0\x80\0\0\
\0\xcb\x0a\0\0\xba\0\0\0\xc0\0\0\0\x40\x85\0\0\xba\0\0\0\0\x01\0\0\x96\x18\0\0\
\x5b\x01\0\0\x40\x01\0\0\x4a\x85\0\0\x5b\x01\0\0\x80\x01\0\0\x54\x13\0\0\xda\0\
\0\0\xc0\x01\0\0\x53\x85\0\0\x05\x04\0\0\xc0\x02\0\0\x56\x85\0\0\x02\0\0\0\0\
\x03\0\0\x79\x2d\0\0\x07\x04\0\0\x40\x03\0\0\xe4\x24\0\0\x19\0\0\0\x80\x03\0\0\
\0\0\0\0\0\0\0\x02\x06\x04\0\0\0\0\0\0\0\0\0\x0a\x62\x04\0\0\0\0\0\0\0\0\0\x02\
\x08\x04\0\0\0\0\0\0\0\0\0\x0a\x51\x01\0\0\0\0\0\0\0\0\0\x02\x0a\x04\0\0\0\0\0\
\0\x06\0\0\x0d\xeb\x02\0\0\0\0\0\0\x64\0\0\0\0\0\0\0\x5b\x01\0\0\0\0\0\0\x64\0\
\0\0\0\0\0\0\x5b\x01\0\0\0\0\0\0\xba\0\0\0\0\0\0\0\x16\0\0\0\0\0\0\0\0\0\0\x02\
\x0c\x04\0\0\0\0\0\0\x06\0\0\x0d\x5b\x01\0\0\0\0\0\0\x64\0\0\0\0\0\0\0\x5b\x01\
\0\0\0\0\0\0\x64\0\0\0\0\0\0\0\x5b\x01\0\0\0\0\0\0\x5b\x01\0\0\0\0\0\0\x16\0\0\
\0\0\0\0\0\0\0\0\x02\x0e\x04\0\0\0\0\0\0\x01\0\0\x0d\0\0\0\0\0\0\0\0\x56\x01\0\
\0\0\0\0\0\0\0\0\x02\xcc\x04\0\0\0\0\0\0\x04\0\0\x05\x08\0\0\0\x61\x85\0\0\xe6\
\0\0\0\0\0\0\0\x68\x85\0\0\x11\x04\0\0\0\0\0\0\x6f\x85\0\0\xee\x02\0\0\0\0\0\0\
\x76\x85\0\0\x16\0\0\0\0\0\0\0\0\0\0\0\0\0\0\x02\xd5\x04\0\0\0\0\0\0\0\0\0\x02\
\x76\x04\0\0\0\0\0\0\0\0\0\x02\xcd\x04\0\0\0\0\0\0\0\0\0\x02\xce\x04\0\0\x06\
\x88\0\0\x41\0\0\x04\x80\x05\0\0\x12\x88\0\0\x2c\0\0\0\0\0\0\0\x19\x88\0\0\xce\
\x02\0\0\x80\0\0\0\x1f\x88\0\0\x42\0\0\0\xa0\0\0\0\x30\x88\0\0\x0f\0\0\0\xc0\0\
\0\0\x3c\x88\0\0\x5b\x01\0\0\0\x01\0\0\x47\x88\0\0\x16\x04\0\0\x40\x01\0\0\x4e\
\x88\0\0\x17\x04\0\0\x80\x01\0\0\x53\x88\0\0\x19\x04\0\0\xc0\x01\0\0\x59\x88\0\
\0\x1b\x04\0\0\0\x02\0\0\x60\x88\0\0\x1d\x04\0\0\x40\x02\0\0\x6c\x88\0\0\x0f\0\
\0\0\x80\x02\0\0\x74\x88\0\0\x0f\0\0\0\xc0\x02\0\0\x7d\x88\0\0\x0f\0\0\0\0\x03\
\0\0\x85\x88\0\0\x55\x01\0\0\x40\x03\0\0\x8c\x88\0\0\x6e\x01\0\0\x80\x03\0\0\
\x95\x88\0\0\x02\0\0\0\xc0\x04\0\0\x9d\x88\0\0\x1c\0\0\0\xe0\x04\0\0\xa6\x88\0\
\0\x19\0\0\0\0\x05\0\0\xb1\x88\0\0\x1f\x04\0\0\x40\x05\0\0\xb9\x88\0\0\x22\x04\
\0\0\x80\x05\0\0\xbf\x88\0\0\x24\x04\0\0\xc0\x05\0\0\xcd\x88\0\0\x25\x04\0\0\0\
\x06\0\0\xd3\x88\0\0\x27\x04\0\0\x40\x06\0\0\xde\x88\0\0\x23\0\0\0\x80\x06\0\0\
\xef\x88\0\0\x28\x04\0\0\xc0\x06\0\0\xf7\x88\0\0\x2c\0\0\0\0\x07\0\0\0\x89\0\0\
\x2a\x04\0\0\x80\x07\0\0\x07\x89\0\0\xca\0\0\0\xc0\x07\0\0\x0d\x89\0\0\x2b\x04\
\0\0\0\x08\0\0\x13\x89\0\0\x81\0\0\0\x40\x08\0\0\x1f\x89\0\0\x16\0\0\0\xc0\x08\
\0\0\x2d\x89\0\0\x2c\x04\0\0\0\x09\0\0\x35\x89\0\0\x46\x04\0\0\xc0\x12\0\0\x3f\
\x89\0\0\x19\0\0\0\xc0\x1c\0\0\x49\x89\0\0\x14\0\0\0\0\x1d\0\0\x55\x89\0\0\x8f\
\x03\0\0\x40\x1d\0\0\x60\x89\0\0\x8f\x03\0\0\x80\x1d\0\0\x6b\x89\0\0\x15\0\0\0\
\xc0\x1d\0\0\x7b\x89\0\0\x12\x04\0\0\0\x1e\0\0\x8c\x89\0\0\x4c\x04\0\0\x40\x1e\
\0\0\x91\x89\0\0\x4d\x04\0\0\x40\x1f\0\0\x98\x89\0\0\x16\0\0\0\xc0\x1f\0\0\xa4\
\x89\0\0\x5a\x01\0\0\xe0\x1f\0\0\xab\x89\0\0\xda\0\0\0\0\x20\0\0\xbe\x89\0\0\
\x5e\0\0\0\0\x21\0\0\xc8\x89\0\0\x4f\x04\0\0\x40\x21\0\0\xcf\x89\0\0\x02\0\0\0\
\x80\x21\0\0\xe1\x89\0\0\x51\x04\0\0\xc0\x21\0\0\xea\x89\0\0\x65\0\0\0\x80\x23\
\0\0\xf9\x89\0\0\x65\0\0\0\xc0\x23\0\0\x0f\x8a\0\0\x02\0\0\0\0\x24\0\0\x22\x8a\
\0\0\x69\x01\0\0\x20\x24\0\0\x2b\x8a\0\0\x58\x04\0\0\x40\x24\0\0\x39\x8a\0\0\
\xb6\x01\0\0\x80\x24\0\0\x40\x8a\0\0\xa5\0\0\0\xc0\x24\0\0\x4a\x8a\0\0\x59\x04\
\0\0\0\x25\0\0\x57\x8a\0\0\x59\x04\0\0\x40\x25\0\0\x8d\x15\0\0\xa9\0\0\0\x80\
\x25\0\0\x63\x8a\0\0\x79\x01\0\0\0\x26\0\0\x70\x8a\0\0\xda\0\0\0\0\x27\0\0\x7c\
\x8a\0\0\x02\0\0\0\0\x28\0\0\x8a\x8a\0\0\xc1\0\0\0\0\x2a\0\0\x9c\x8a\0\0\x2c\0\
\0\0\x40\x2a\0\0\xa5\x8a\0\0\xc1\0\0\0\xc0\x2a\0\0\xb9\x8a\0\0\x2c\0\0\0\0\x2b\
\0\0\0\0\0\0\0\0\0\x02\x71\x04\0\0\0\0\0\0\0\0\0\x02\x18\x04\0\0\0\0\0\0\0\0\0\
\x0a\x06\x05\0\0\0\0\0\0\0\0\0\x02\x1a\x04\0\0\0\0\0\0\0\0\0\x0a\x07\x05\0\0\0\
\0\0\0\0\0\0\x02\x1c\x04\0\0\0\0\0\0\0\0\0\x0a\x08\x05\0\0\0\0\0\0\0\0\0\x02\
\x1e\x04\0\0\0\0\0\0\0\0\0\x0a\xb2\x04\0\0\0\0\0\0\0\0\0\x02\x20\x04\0\0\0\0\0\
\0\0\0\0\x02\x21\x04\0\0\0\0\0\0\0\0\0\x0a\x09\x05\0\0\0\0\0\0\0\0\0\x02\x23\
\x04\0\0\0\0\0\0\0\0\0\x0a\x0a\x05\0\0\0\0\0\0\0\0\0\x02\x0f\x05\0\0\0\0\0\0\0\
\0\0\x02\x26\x04\0\0\0\0\0\0\0\0\0\x0a\x10\x05\0\0\0\0\0\0\0\0\0\x02\x11\x05\0\
\0\xc5\x8a\0\0\x01\0\0\x04\x08\0\0\0\xc8\x38\0\0\x29\x04\0\0\0\0\0\0\0\0\0\0\0\
\0\0\x02\x6b\x04\0\0\0\0\0\0\0\0\0\x02\x70\x04\0\0\0\0\0\0\0\0\0\x02\x12\x05\0\
\0\xd3\x8a\0\0\x05\0\0\x04\x38\x01\0\0\xac\0\0\0\x16\0\0\0\0\0\0\0\xde\x8a\0\0\
\x6e\x01\0\0\x40\0\0\0\x22\x06\0\0\x2d\x04\0\0\x80\x01\0\0\xc6\x21\0\0\x31\x04\
\0\0\x40\x02\0\0\xe4\x32\0\0\x45\x04\0\0\0\x09\0\0\0\0\0\0\0\0\0\x03\0\0\0\0\
\x56\x01\0\0\x04\0\0\0\x03\0\0\0\xe7\x8a\0\0\x09\0\0\x04\x48\0\0\0\xf2\x8a\0\0\
\x2f\x04\0\0\0\0\0\0\xfd\x8a\0\0\x02\0\0\0\x40\0\0\0\x08\x8b\0\0\x2c\0\0\0\x80\
\0\0\0\x17\x8b\0\0\x0f\0\0\0\0\x01\0\0\x21\x8b\0\0\x16\0\0\0\x40\x01\0\0\x2c\
\x8b\0\0\x16\0\0\0\x60\x01\0\0\x37\x8b\0\0\x30\x04\0\0\x80\x01\0\0\x49\x8b\0\0\
\x30\x04\0\0\xc0\x01\0\0\x5b\x8b\0\0\x19\0\0\0\0\x02\0\0\0\0\0\0\0\0\0\x02\x13\
\x05\0\0\x64\x8b\0\0\0\0\0\x08\x37\0\0\0\0\0\0\0\0\0\0\x03\0\0\0\0\x2e\x04\0\0\
\x04\0\0\0\x03\0\0\0\0\0\0\0\0\0\0\x02\x33\x04\0\0\0\0\0\0\0\0\0\x0a\x34\x04\0\
\0\x6c\x8b\0\0\x08\0\0\x04\x40\0\0\0\x7d\x8b\0\0\x35\x04\0\0\0\0\0\0\x8e\x8b\0\
\0\x35\x04\0\0\x40\0\0\0\x9d\x8b\0\0\x35\x04\0\0\x80\0\0\0\xad\x8b\0\0\x35\x04\
\0\0\xc0\0\0\0\xbc\x8b\0\0\x37\x04\0\0\0\x01\0\0\xc7\x8b\0\0\x37\x04\0\0\x40\
\x01\0\0\xd4\x8b\0\0\x37\x04\0\0\x80\x01\0\0\xe2\x8b\0\0\x42\x04\0\0\xc0\x01\0\
\0\0\0\0\0\0\0\0\x02\x36\x04\0\0\0\0\0\0\x02\0\0\x0d\x02\0\0\0\0\0\0\0\x8b\x03\
\0\0\0\0\0\0\x02\0\0\0\0\0\0\0\0\0\0\x02\x38\x04\0\0\0\0\0\0\x01\0\0\x0d\x02\0\
\0\0\0\0\0\0\x39\x04\0\0\0\0\0\0\0\0\0\x02\x3a\x04\0\0\xee\x8b\0\0\x0c\0\0\x04\
\xd0\0\0\0\xf4\x8b\0\0\x81\0\0\0\0\0\0\0\xfc\x8b\0\0\x2c\0\0\0\x80\0\0\0\x05\
\x8c\0\0\x2c\0\0\0\0\x01\0\0\x0d\x8c\0\0\x2c\0\0\0\x80\x01\0\0\x16\x8c\0\0\xda\
\0\0\0\0\x02\0\0\x1e\x8c\0\0\xc1\0\0\0\0\x03\0\0\x2a\x8c\0\0\x1c\0\0\0\x20\x03\
\0\0\x33\x8c\0\0\x8b\x03\0\0\x40\x03\0\0\x39\x8c\0\0\x3b\x04\0\0\x80\x03\0\0\
\x3f\x8c\0\0\x5b\x01\0\0\xc0\x03\0\0\x46\x8c\0\0\x0f\0\0\0\0\x04\0\0\x4f\x8c\0\
\0\x41\x04\0\0\x40\x04\0\0\x56\x8c\0\0\x02\0\0\x04\x08\0\0\0\0\0\0\0\x3c\x04\0\
\0\0\0\0\0\x19\0\0\0\x40\x04\0\0\x20\0\0\0\0\0\0\0\x03\0\0\x05\x04\0\0\0\x46\
\x14\0\0\x98\0\0\0\0\0\0\0\x4a\x14\0\0\x9c\0\0\0\0\0\0\0\x5b\x8c\0\0\x3d\x04\0\
\0\0\0\0\0\x62\x8c\0\0\0\0\0\x08\x3e\x04\0\0\0\0\0\0\x01\0\0\x04\x04\0\0\0\x92\
\x12\0\0\x3f\x04\0\0\0\0\0\0\x6c\x8c\0\0\0\0\0\x08\x9b\0\0\0\x75\x8c\0\0\x03\0\
\0\x06\x04\0\0\0\x80\x8c\0\0\0\0\0\0\x89\x8c\0\0\x01\0\0\0\x92\x8c\0\0\x02\0\0\
\0\x9b\x8c\0\0\x09\0\0\x04\x48\0\0\0\xa5\x8c\0\0\x30\x04\0\0\0\0\0\0\xb4\x8c\0\
\0\x30\x04\0\0\x40\0\0\0\xc3\x8c\0\0\x30\x04\0\0\x80\0\0\0\xd0\x8c\0\0\x30\x04\
\0\0\xc0\0\0\0\xdd\x8c\0\0\x30\x04\0\0\0\x01\0\0\xec\x8c\0\0\x30\x04\0\0\x40\
\x01\0\0\xfb\x8c\0\0\x30\x04\0\0\x80\x01\0\0\x09\x8d\0\0\x8f\x03\0\0\xc0\x01\0\
\0\x13\x8d\0\0\x8f\x03\0\0\0\x02\0\0\0\0\0\0\0\0\0\x02\x43\x04\0\0\0\0\0\0\x02\
\0\0\x0d\x02\0\0\0\0\0\0\0\x8b\x03\0\0\0\0\0\0\x44\x04\0\0\0\0\0\0\0\0\0\x02\
\x3b\x04\0\0\0\0\0\0\0\0\0\x03\0\0\0\0\x32\x04\0\0\x04\0\0\0\x03\0\0\0\x1d\x8d\
\0\0\x03\0\0\x04\x40\x01\0\0\x40\x04\0\0\x02\0\0\0\0\0\0\0\x28\x8d\0\0\x16\x01\
\0\0\x40\0\0\0\x36\x8d\0\0\x4b\x04\0\0\0\x01\0\0\x3d\x8d\0\0\x05\0\0\x04\x60\0\
\0\0\x51\x8d\0\0\x48\x04\0\0\0\0\0\0\x55\x8d\0\0\x49\x04\0\0\x80\x01\0\0\x60\
\x8d\0\0\x4a\x04\0\0\xc0\x01\0\0\x67\x8d\0\0\x16\x01\0\0\0\x02\0\0\x6f\x8d\0\0\
\x1c\0\0\0\xc0\x02\0\0\x75\x8d\0\0\x04\0\0\x04\x30\0\0\0\x7e\x8d\0\0\x02\0\0\0\
\0\0\0\0\x87\x8d\0\0\x02\0\0\0\x20\0\0\0\x90\x8d\0\0\x16\x01\0\0\x40\0\0\0\x98\
\x8d\0\0\xa9\0\0\0\0\x01\0\0\0\0\0\0\0\0\0\x02\x16\0\0\0\xa0\x8d\0\0\x01\0\0\
\x04\x08\0\0\0\x21\x18\0\0\x25\0\0\0\0\0\0\0\0\0\0\0\0\0\0\x03\0\0\0\0\x47\x04\
\0\0\x04\0\0\0\x03\0\0\0\0\0\0\0\0\0\0\x03\0\0\0\0\x60\0\0\0\x04\0\0\0\x20\0\0\
\0\xa8\x8d\0\0\0\0\0\x08\x4e\x04\0\0\0\0\0\0\x01\0\0\x04\x10\0\0\0\xb4\x10\0\0\
\x1d\x02\0\0\0\0\0\0\0\0\0\0\0\0\0\x02\x50\x04\0\0\0\0\0\0\0\0\0\x0a\xee\x04\0\
\0\xaf\x8d\0\0\x07\0\0\x04\x38\0\0\0\xb8\x8d\0\0\x52\x04\0\0\0\0\0\0\xc6\x8d\0\
\0\x52\x04\0\0\x40\0\0\0\xd3\x8d\0\0\x70\0\0\0\x80\0\0\0\xd9\x8d\0\0\x02\0\0\0\
\xc0\0\0\0\xac\0\0\0\x16\0\0\0\xe0\0\0\0\xe2\x15\0\0\x2c\0\0\0\0\x01\0\0\xdf\
\x8d\0\0\x57\x04\0\0\x80\x01\0\0\0\0\0\0\0\0\0\x02\x53\x04\0\0\0\0\0\0\x02\0\0\
\x0d\x0f\0\0\0\0\0\0\0\x54\x04\0\0\0\0\0\0\x55\x04\0\0\0\0\0\0\0\0\0\x02\x51\
\x04\0\0\0\0\0\0\0\0\0\x02\x56\x04\0\0\xeb\x8d\0\0\x05\0\0\x04\x20\0\0\0\xd4\
\x68\0\0\x8a\x01\0\0\0\0\0\0\xfa\x8d\0\0\x02\0\0\0\x20\0\0\0\xfe\x8d\0\0\x0f\0\
\0\0\x40\0\0\0\x09\x8e\0\0\x0f\0\0\0\x80\0\0\0\x14\x8e\0\0\x44\x02\0\0\xc0\0\0\
\0\0\0\0\0\0\0\0\x02\x65\0\0\0\0\0\0\0\0\0\0\x02\x8c\x04\0\0\x1a\x8e\0\0\x01\0\
\0\x04\x08\0\0\0\x01\x0e\0\0\x5a\x04\0\0\0\0\0\0\0\0\0\0\0\0\0\x02\x14\x05\0\0\
\0\0\0\0\x01\0\0\x0d\x02\0\0\0\x40\0\0\0\x09\0\0\0\x86\x90\0\0\x01\0\0\x0c\x5b\
\x04\0\0\0\0\0\0\0\0\0\x03\0\0\0\0\x5f\0\0\0\x04\0\0\0\x0d\0\0\0\x35\x92\0\0\0\
\0\0\x0e\x5d\x04\0\0\x01\0\0\0\x3d\x92\0\0\x01\0\0\x0f\0\0\0\0\x08\0\0\0\0\0\0\
\0\x10\0\0\0\x43\x92\0\0\x01\0\0\x0f\0\0\0\0\x5e\x04\0\0\0\0\0\0\x0d\0\0\0\x42\
\x01\0\0\0\0\0\x07\0\0\0\0\x4b\x92\0\0\0\0\0\x07\0\0\0\0\xf5\x0b\0\0\0\0\0\x07\
\0\0\0\0\x5a\x92\0\0\0\0\0\x07\0\0\0\0\x68\x1f\0\0\0\0\0\x07\0\0\0\0\x65\x92\0\
\0\0\0\0\x07\0\0\0\0\x71\x92\0\0\0\0\0\x07\0\0\0\0\x77\x92\0\0\0\0\0\x07\0\0\0\
\0\x84\x92\0\0\0\0\0\x07\0\0\0\0\x46\x2e\0\0\0\0\0\x07\0\0\0\0\x8d\x92\0\0\0\0\
\0\x07\0\0\0\0\x9b\x92\0\0\0\0\0\x07\0\0\0\0\xa5\x92\0\0\0\0\0\x07\0\0\0\0\xb6\
\x92\0\0\0\0\0\x07\0\0\0\0\x13\x15\0\0\0\0\0\x07\0\0\0\0\xc9\x92\0\0\0\0\0\x07\
\0\0\0\0\xd6\x92\0\0\0\0\0\x07\0\0\0\0\xe7\x92\0\0\0\0\0\x07\0\0\0\0\xf4\x92\0\
\0\0\0\0\x07\0\0\0\0\x56\x63\0\0\0\0\0\x07\0\0\0\0\x67\x55\0\0\0\0\0\x07\0\0\0\
\0\xfb\x92\0\0\0\0\0\x07\0\0\0\0\x13\x93\0\0\0\0\0\x07\0\0\0\0\x1e\x93\0\0\0\0\
\0\x07\0\0\0\0\x37\x93\0\0\0\0\0\x07\0\0\0\0\x47\x93\0\0\0\0\0\x07\0\0\0\0\x54\
\x81\0\0\0\0\0\x07\0\0\0\0\x4d\x93\0\0\0\0\0\x07\0\0\0\0\x55\x93\0\0\0\0\0\x07\
\0\0\0\0\x63\x93\0\0\0\0\0\x07\0\0\0\0\x6f\x93\0\0\0\0\0\x07\0\0\0\0\x7b\x93\0\
\0\0\0\0\x07\0\0\0\0\x83\x93\0\0\0\0\0\x07\0\0\0\0\x92\x93\0\0\0\0\0\x07\0\0\0\
\0\xa1\x93\0\0\0\0\0\x07\0\0\0\0\xac\x93\0\0\0\0\0\x07\0\0\0\0\xbb\x93\0\0\0\0\
\0\x07\0\0\0\0\xc6\x93\0\0\0\0\0\x07\0\0\0\0\xd0\x93\0\0\0\0\0\x07\0\0\0\0\xe1\
\x93\0\0\0\0\0\x07\0\0\0\0\xed\x93\0\0\0\0\0\x07\0\0\0\0\xfc\x93\0\0\0\0\0\x07\
\0\0\0\0\x08\x94\0\0\0\0\0\x07\0\0\0\0\x14\x94\0\0\0\0\0\x07\0\0\0\0\x25\x94\0\
\0\0\0\0\x07\0\0\0\0\x34\x94\0\0\0\0\0\x07\0\0\0\0\x42\x94\0\0\0\0\0\x07\0\0\0\
\0\x4b\x94\0\0\0\0\0\x07\0\0\0\0\x5d\x94\0\0\0\0\0\x07\0\0\0\0\xc2\x62\0\0\0\0\
\0\x07\0\0\0\0\x6b\x94\0\0\0\0\0\x07\0\0\0\0\xad\x62\0\0\0\0\0\x07\0\0\0\0\x77\
\x94\0\0\0\0\0\x07\0\0\0\0\x86\x94\0\0\0\0\0\x07\0\0\0\0\x92\x94\0\0\0\0\0\x07\
\0\0\0\0\xa0\x94\0\0\0\0\0\x07\0\0\0\0\xa9\x94\0\0\0\0\0\x07\0\0\0\0\xbc\x94\0\
\0\0\0\0\x07\0\0\0\0\xca\x94\0\0\0\0\0\x07\0\0\0\0\xd7\x94\0\0\0\0\0\x07\0\0\0\
\0\xe3\x94\0\0\0\0\0\x07\0\0\0\0\xf2\x94\0\0\0\0\0\x07\0\0\0\0\x08\x95\0\0\0\0\
\0\x07\0\0\0\0\x19\x95\0\0\0\0\0\x07\0\0\0\0\x24\x95\0\0\0\0\0\x07\0\0\0\0\x2e\
\x95\0\0\0\0\0\x07\0\0\0\0\x47\x95\0\0\0\0\0\x07\0\0\0\0\x51\x95\0\0\0\0\0\x07\
\0\0\0\0\x60\x95\0\0\0\0\0\x07\0\0\0\0\x6d\x95\0\0\0\0\0\x07\0\0\0\0\x7d\x95\0\
\0\0\0\0\x07\0\0\0\0\x88\x95\0\0\0\0\0\x07\0\0\0\0\x8e\x95\0\0\0\0\0\x07\0\0\0\
\0\x05\x5d\0\0\0\0\0\x07\0\0\0\0\x9b\x95\0\0\0\0\0\x07\0\0\0\0\xa8\x95\0\0\0\0\
\0\x07\0\0\0\0\xb8\x95\0\0\0\0\0\x07\0\0\0\0\xc9\x95\0\0\0\0\0\x07\0\0\0\0\xd6\
\x95\0\0\0\0\0\x07\0\0\0\0\xe2\x95\0\0\0\0\0\x07\0\0\0\0\x1f\x59\0\0\0\0\0\x07\
\0\0\0\0\xec\x95\0\0\0\0\0\x07\0\0\0\0\x2b\x59\0\0\0\0\0\x07\0\0\0\0\xfe\x95\0\
\0\0\0\0\x07\0\0\0\0\x08\x96\0\0\0\0\0\x07\0\0\0\0\x12\x96\0\0\0\0\0\x07\0\0\0\
\0\x1d\x96\0\0\0\0\0\x07\0\0\0\0\x2c\x96\0\0\0\0\0\x07\0\0\0\0\x3b\x96\0\0\0\0\
\0\x07\0\0\0\0\x46\x96\0\0\0\0\0\x07\0\0\0\0\x52\x96\0\0\0\0\0\x07\0\0\0\0\x5f\
\x96\0\0\0\0\0\x07\0\0\0\0\x68\x96\0\0\0\0\0\x07\0\0\0\0\xa9\x38\0\0\0\0\0\x07\
\0\0\0\0\x75\x96\0\0\0\0\0\x07\0\0\0\0\x84\x96\0\0\0\0\0\x07\0\0\0\0\x8d\x96\0\
\0\0\0\0\x07\0\0\0\0\x35\x59\0\0\0\0\0\x07\0\0\0\0\x11\x5a\0\0\0\0\0\x07\0\0\0\
\0\x99\x96\0\0\0\0\0\x07\0\0\0\0\xa6\x96\0\0\0\0\0\x07\0\0\0\0\xb3\x96\0\0\0\0\
\0\x07\0\0\0\0\xba\x96\0\0\0\0\0\x07\0\0\0\0\xc4\x96\0\0\0\0\0\x07\0\0\0\0\xcd\
\x96\0\0\0\0\0\x07\0\0\0\0\xdf\x96\0\0\0\0\0\x07\0\0\0\0\xee\x96\0\0\0\0\0\x07\
\0\0\0\0\xf7\x96\0\0\0\0\0\x07\0\0\0\0\x09\x97\0\0\0\0\0\x07\0\0\0\0\x16\x97\0\
\0\0\0\0\x07\0\0\0\0\x24\x97\0\0\0\0\0\x07\0\0\0\0\x2d\x97\0\0\0\0\0\x07\0\0\0\
\0\x40\x97\0\0\0\0\0\x07\0\0\0\0\x4c\x97\0\0\0\0\0\x07\0\0\0\0\x5b\x5c\0\0\0\0\
\0\x07\0\0\0\0\x5d\x97\0\0\0\0\0\x07\0\0\0\0\x68\x97\0\0\0\0\0\x07\0\0\0\0\x6d\
\x97\0\0\0\0\0\x07\0\0\0\0\x82\x97\0\0\0\0\0\x07\0\0\0\0\x9a\x97\0\0\0\0\0\x07\
\0\0\0\0\xa2\x97\0\0\0\0\0\x07\0\0\0\0\x8f\x4d\0\0\0\0\0\x07\0\0\0\0\x86\x04\0\
\0\0\0\0\x07\0\0\0\0\x56\x36\0\0\0\0\0\x07\0\0\0\0\x1b\x15\0\0\0\0\0\x07\0\0\0\
\0\xb0\x97\0\0\0\0\0\x07\0\0\0\0\xbf\x97\0\0\0\0\0\x07\0\0\0\0\xd2\x97\0\0\0\0\
\0\x07\0\0\0\0\x6f\x17\0\0\0\0\0\x07\0\0\0\0\xe9\x97\0\0\0\0\0\x07\0\0\0\0\xf5\
\x97\0\0\0\0\0\x07\0\0\0\0\x0c\x98\0\0\0\0\0\x07\0\0\0\0\x1c\x98\0\0\0\0\0\x07\
\0\0\0\0\x2e\x98\0\0\0\0\0\x07\0\0\0\0\x43\x98\0\0\0\0\0\x07\0\0\0\0\x11\x2d\0\
\0\0\0\0\x07\0\0\0\0\x52\x98\0\0\0\0\0\x07\0\0\0\0\xfd\x2f\0\0\0\0\0\x07\0\0\0\
\0\xa0\x11\0\0\0\0\0\x07\0\0\0\0\x5f\x98\0\0\0\0\0\x07\0\0\0\0\x74\x98\0\0\0\0\
\0\x07\0\0\0\0\x84\x98\0\0\0\0\0\x07\0\0\0\0\x96\x37\0\0\0\0\0\x07\0\0\0\0\x2a\
\x39\0\0\0\0\0\x07\0\0\0\0\x96\x98\0\0\0\0\0\x07\0\0\0\0\x9e\x98\0\0\0\0\0\x07\
\0\0\0\0\xa8\x98\0\0\0\0\0\x07\0\0\0\0\xb0\x98\0\0\0\0\0\x07\0\0\0\0\xb9\x98\0\
\0\0\0\0\x07\0\0\0\0\xc5\x98\0\0\0\0\0\x07\0\0\0\0\xd0\x98\0\0\0\0\0\x07\0\0\0\
\0\xde\x98\0\0\0\0\0\x07\0\0\0\0\xea\x98\0\0\0\0\0\x07\0\0\0\0\xf8\x98\0\0\0\0\
\0\x07\0\0\0\0\xc9\x3b\0\0\0\0\0\x07\0\0\0\0\x02\x99\0\0\0\0\0\x07\0\0\0\0\x15\
\x99\0\0\0\0\0\x07\0\0\0\0\x2a\x99\0\0\0\0\0\x07\0\0\0\0\x33\x99\0\0\0\0\0\x07\
\0\0\0\0\x44\x99\0\0\0\0\0\x07\0\0\0\0\x53\x99\0\0\0\0\0\x07\0\0\0\0\x64\x99\0\
\0\0\0\0\x07\0\0\0\0\x76\x99\0\0\0\0\0\x07\0\0\0\0\x7e\x99\0\0\0\0\0\x07\0\0\0\
\0\x90\x99\0\0\0\0\0\x07\0\0\0\0\xa5\x99\0\0\0\0\0\x07\0\0\0\0\xb6\x99\0\0\0\0\
\0\x07\0\0\0\0\xc7\x99\0\0\0\0\0\x07\0\0\0\0\xd4\x99\0\0\0\0\0\x07\0\0\0\0\xe2\
\x99\0\0\0\0\0\x07\0\0\0\0\xf5\x99\0\0\0\0\0\x07\0\0\0\0\x3a\x07\0\0\0\0\0\x07\
\0\0\0\0\x67\x07\0\0\0\0\0\x07\0\0\0\0\x56\x07\0\0\0\0\0\x07\0\0\0\0\x03\x9a\0\
\0\0\0\0\x07\0\0\0\0\x13\x9a\0\0\0\0\0\x07\0\0\0\0\x27\x9a\0\0\0\0\0\x07\0\0\0\
\0\x33\x9a\0\0\0\0\0\x07\0\0\0\0\x3c\x9a\0\0\0\0\0\x07\0\0\0\0\x4e\x9a\0\0\0\0\
\0\x07\0\0\0\0\x5c\x9a\0\0\0\0\0\x07\0\0\0\0\x66\x9a\0\0\0\0\0\x07\0\0\0\0\x72\
\x9a\0\0\0\0\0\x07\0\0\0\0\x81\x9a\0\0\0\0\0\x07\0\0\0\0\x89\x9a\0\0\0\0\0\x07\
\0\0\0\0\x93\x9a\0\0\0\0\0\x07\0\0\0\0\xe2\x05\0\0\0\0\0\x07\0\0\0\0\x9a\x9a\0\
\0\0\0\0\x07\0\0\0\0\xa8\x9a\0\0\0\0\0\x07\0\0\0\0\xb5\x9a\0\0\0\0\0\x07\0\0\0\
\0\xc3\x9a\0\0\0\0\0\x07\0\0\0\0\x98\x06\0\0\0\0\0\x07\0\0\0\0\xd2\x9a\0\0\0\0\
\0\x07\0\0\0\0\xe1\x9a\0\0\0\0\0\x07\0\0\0\0\xf1\x9a\0\0\0\0\0\x07\0\0\0\0\x48\
\x07\0\0\0\0\0\x07\0\0\0\0\x72\x07\0\0\0\0\0\x07\0\0\0\0\xfa\x9a\0\0\0\0\0\x07\
\0\0\0\0\x0b\x9b\0\0\0\0\0\x07\0\0\0\0\x23\x9b\0\0\0\0\0\x07\0\0\0\0\xbe\x08\0\
\0\0\0\0\x07\0\0\0\0\x32\x9b\0\0\0\0\0\x07\0\0\0\0\x43\x9b\0\0\0\0\0\x07\0\0\0\
\0\x4f\x9b\0\0\0\0\0\x07\0\0\0\0\x59\x9b\0\0\0\0\0\x07\0\0\0\0\0\x69\x6e\x74\0\
\x5f\x5f\x41\x52\x52\x41\x59\x5f\x53\x49\x5a\x45\x5f\x54\x59\x50\x45\x5f\x5f\0\
\x74\x79\x70\x65\0\x6d\x61\x78\x5f\x65\x6e\x74\x72\x69\x65\x73\0\x72\x62\0\x75\
\x6e\x73\x69\x67\x6e\x65\x64\x20\x6c\x6f\x6e\x67\x20\x6c\x6f\x6e\x67\0\x63\x74\
\x78\0\x68\x61\x6e\x64\x6c\x65\x5f\x73\x63\x68\x65\x64\x5f\x70\x72\x6f\x63\x65\
\x73\x73\x5f\x65\x78\x65\x63\0\x72\x61\x77\x5f\x74\x72\x61\x63\x65\x70\x6f\x69\
\x6e\x74\x2f\x73\x63\x68\x65\x64\x5f\x70\x72\x6f\x63\x65\x73\x73\x5f\x65\x78\
\x65\x63\0\x74\x61\x73\x6b\x5f\x73\x74\x72\x75\x63\x74\0\x74\x68\x72\x65\x61\
\x64\x5f\x69\x6e\x66\x6f\0\x5f\x5f\x73\x74\x61\x74\x65\0\x73\x74\x61\x63\x6b\0\
\x75\x73\x61\x67\x65\0\x66\x6c\x61\x67\x73\0\x70\x74\x72\x61\x63\x65\0\x6f\x6e\
\x5f\x63\x70\x75\0\x77\x61\x6b\x65\x5f\x65\x6e\x74\x72\x79\0\x63\x70\x75\0\x77\
\x61\x6b\x65\x65\x5f\x66\x6c\x69\x70\x73\0\x77\x61\x6b\x65\x65\x5f\x66\x6c\x69\
\x70\x5f\x64\x65\x63\x61\x79\x5f\x74\x73\0\x6c\x61\x73\x74\x5f\x77\x61\x6b\x65\
\x65\0\x72\x65\x63\x65\x6e\x74\x5f\x75\x73\x65\x64\x5f\x63\x70\x75\0\x77\x61\
\x6b\x65\x5f\x63\x70\x75\0\x6f\x6e\x5f\x72\x71\0\x70\x72\x69\x6f\0\x73\x74\x61\
\x74\x69\x63\x5f\x70\x72\x69\x6f\0\x6e\x6f\x72\x6d\x61\x6c\x5f\x70\x72\x69\x6f\
\0\x72\x74\x5f\x70\x72\x69\x6f\x72\x69\x74\x79\0\x73\x63\x68\x65\x64\x5f\x63\
\x6c\x61\x73\x73\0\x73\x65\0\x72\x74\0\x64\x6c\0\x73\x63\x68\x65\x64\x5f\x74\
\x61\x73\x6b\x5f\x67\x72\x6f\x75\x70\0\x75\x63\x6c\x61\x6d\x70\x5f\x72\x65\x71\
\0\x75\x63\x6c\x61\x6d\x70\0\x70\x72\x6f\x63\x5f\x6c\x61\x74\x65\x6e\x63\x79\
\x5f\x73\x65\x6e\x73\x69\x74\x69\x76\x65\0\x73\x74\x61\x74\x73\0\x62\x74\x72\
\x61\x63\x65\x5f\x73\x65\x71\0\x70\x6f\x6c\x69\x63\x79\0\x6e\x72\x5f\x63\x70\
\x75\x73\x5f\x61\x6c\x6c\x6f\x77\x65\x64\0\x63\x70\x75\x73\x5f\x70\x74\x72\0\
\x75\x73\x65\x72\x5f\x63\x70\x75\x73\x5f\x70\x74\x72\0\x63\x70\x75\x73\x5f\x6d\
\x61\x73\x6b\0\x6d\x69\x67\x72\x61\x74\x69\x6f\x6e\x5f\x70\x65\x6e\x64\x69\x6e\
\x67\0\x6d\x69\x67\x72\x61\x74\x69\x6f\x6e\x5f\x64\x69\x73\x61\x62\x6c\x65\x64\
\0\x6d\x69\x67\x72\x61\x74\x69\x6f\x6e\x5f\x66\x6c\x61\x67\x73\0\x72\x63\x75\
\x5f\x72\x65\x61\x64\x5f\x6c\x6f\x63\x6b\x5f\x6e\x65\x73\x74\x69\x6e\x67\0\x72\
\x63\x75\x5f\x72\x65\x61\x64\x5f\x75\x6e\x6c\x6f\x63\x6b\x5f\x73\x70\x65\x63\
\x69\x61\x6c\0\x72\x63\x75\x5f\x6e\x6f\x64\x65\x5f\x65\x6e\x74\x72\x79\0\x72\
\x63\x75\x5f\x62\x6c\x6f\x63\x6b\x65\x64\x5f\x6e\x6f\x64\x65\0\x72\x63\x75\x5f\
\x74\x61\x73\x6b\x73\x5f\x6e\x76\x63\x73\x77\0\x72\x63\x75\x5f\x74\x61\x73\x6b\
\x73\x5f\x68\x6f\x6c\x64\x6f\x75\x74\0\x72\x63\x75\x5f\x74\x61\x73\x6b\x73\x5f\
\x69\x64\x78\0\x72\x63\x75\x5f\x74\x61\x73\x6b\x73\x5f\x69\x64\x6c\x65\x5f\x63\
\x70\x75\0\x72\x63\x75\x5f\x74\x61\x73\x6b\x73\x5f\x68\x6f\x6c\x64\x6f\x75\x74\
\x5f\x6c\x69\x73\x74\0\x74\x72\x63\x5f\x72\x65\x61\x64\x65\x72\x5f\x6e\x65\x73\
\x74\x69\x6e\x67\0\x74\x72\x63\x5f\x69\x70\x69\x5f\x74\x6f\x5f\x63\x70\x75\0\
\x74\x72\x63\x5f\x72\x65\x61\x64\x65\x72\x5f\x73\x70\x65\x63\x69\x61\x6c\0\x74\
\x72\x63\x5f\x72\x65\x61\x64\x65\x72\x5f\x63\x68\x65\x63\x6b\x65\x64\0\x74\x72\
\x63\x5f\x68\x6f\x6c\x64\x6f\x75\x74\x5f\x6c\x69\x73\x74\0\x73\x63\x68\x65\x64\
\x5f\x69\x6e\x66\x6f\0\x74\x61\x73\x6b\x73\0\x70\x75\x73\x68\x61\x62\x6c\x65\
\x5f\x74\x61\x73\x6b\x73\0\x70\x75\x73\x68\x61\x62\x6c\x65\x5f\x64\x6c\x5f\x74\
\x61\x73\x6b\x73\0\x6d\x6d\0\x61\x63\x74\x69\x76\x65\x5f\x6d\x6d\0\x76\x6d\x61\
\x63\x61\x63\x68\x65\0\x72\x73\x73\x5f\x73\x74\x61\x74\0\x65\x78\x69\x74\x5f\
\x73\x74\x61\x74\x65\0\x65\x78\x69\x74\x5f\x63\x6f\x64\x65\0\x65\x78\x69\x74\
\x5f\x73\x69\x67\x6e\x61\x6c\0\x70\x64\x65\x61\x74\x68\x5f\x73\x69\x67\x6e\x61\
\x6c\0\x6a\x6f\x62\x63\x74\x6c\0\x70\x65\x72\x73\x6f\x6e\x61\x6c\x69\x74\x79\0\
\x73\x63\x68\x65\x64\x5f\x72\x65\x73\x65\x74\x5f\x6f\x6e\x5f\x66\x6f\x72\x6b\0\
\x73\x63\x68\x65\x64\x5f\x63\x6f\x6e\x74\x72\x69\x62\x75\x74\x65\x73\x5f\x74\
\x6f\x5f\x6c\x6f\x61\x64\0\x73\x63\x68\x65\x64\x5f\x6d\x69\x67\x72\x61\x74\x65\
\x64\0\x73\x63\x68\x65\x64\x5f\x70\x73\x69\x5f\x77\x61\x6b\x65\x5f\x72\x65\x71\
\x75\x65\x75\x65\0\x73\x63\x68\x65\x64\x5f\x72\x65\x6d\x6f\x74\x65\x5f\x77\x61\
\x6b\x65\x75\x70\0\x69\x6e\x5f\x65\x78\x65\x63\x76\x65\0\x69\x6e\x5f\x69\x6f\
\x77\x61\x69\x74\0\x69\x6e\x5f\x6c\x72\x75\x5f\x66\x61\x75\x6c\x74\0\x6e\x6f\
\x5f\x63\x67\x72\x6f\x75\x70\x5f\x6d\x69\x67\x72\x61\x74\x69\x6f\x6e\0\x66\x72\
\x6f\x7a\x65\x6e\0\x75\x73\x65\x5f\x6d\x65\x6d\x64\x65\x6c\x61\x79\0\x69\x6e\
\x5f\x6d\x65\x6d\x73\x74\x61\x6c\x6c\0\x69\x6e\x5f\x65\x76\x65\x6e\x74\x66\x64\
\0\x61\x74\x6f\x6d\x69\x63\x5f\x66\x6c\x61\x67\x73\0\x72\x65\x73\x74\x61\x72\
\x74\x5f\x62\x6c\x6f\x63\x6b\0\x70\x69\x64\0\x74\x67\x69\x64\0\x73\x74\x61\x63\
\x6b\x5f\x63\x61\x6e\x61\x72\x79\0\x72\x65\x61\x6c\x5f\x70\x61\x72\x65\x6e\x74\
\0\x70\x61\x72\x65\x6e\x74\0\x63\x68\x69\x6c\x64\x72\x65\x6e\0\x73\x69\x62\x6c\
\x69\x6e\x67\0\x67\x72\x6f\x75\x70\x5f\x6c\x65\x61\x64\x65\x72\0\x70\x74\x72\
\x61\x63\x65\x64\0\x70\x74\x72\x61\x63\x65\x5f\x65\x6e\x74\x72\x79\0\x74\x68\
\x72\x65\x61\x64\x5f\x70\x69\x64\0\x70\x69\x64\x5f\x6c\x69\x6e\x6b\x73\0\x74\
\x68\x72\x65\x61\x64\x5f\x67\x72\x6f\x75\x70\0\x74\x68\x72\x65\x61\x64\x5f\x6e\
\x6f\x64\x65\0\x76\x66\x6f\x72\x6b\x5f\x64\x6f\x6e\x65\0\x73\x65\x74\x5f\x63\
\x68\x69\x6c\x64\x5f\x74\x69\x64\0\x63\x6c\x65\x61\x72\x5f\x63\x68\x69\x6c\x64\
\x5f\x74\x69\x64\0\x70\x66\x5f\x69\x6f\x5f\x77\x6f\x72\x6b\x65\x72\0\x75\x74\
\x69\x6d\x65\0\x73\x74\x69\x6d\x65\0\x67\x74\x69\x6d\x65\0\x70\x72\x65\x76\x5f\
\x63\x70\x75\x74\x69\x6d\x65\0\x6e\x76\x63\x73\x77\0\x6e\x69\x76\x63\x73\x77\0\
\x73\x74\x61\x72\x74\x5f\x74\x69\x6d\x65\0\x73\x74\x61\x72\x74\x5f\x62\x6f\x6f\
\x74\x74\x69\x6d\x65\0\x6d\x69\x6e\x5f\x66\x6c\x74\0\x6d\x61\x6a\x5f\x66\x6c\
\x74\0\x70\x6f\x73\x69\x78\x5f\x63\x70\x75\x74\x69\x6d\x65\x72\x73\0\x70\x74\
\x72\x61\x63\x65\x72\x5f\x63\x72\x65\x64\0\x72\x65\x61\x6c\x5f\x63\x72\x65\x64\
\0\x63\x72\x65\x64\0\x63\x61\x63\x68\x65\x64\x5f\x72\x65\x71\x75\x65\x73\x74\
\x65\x64\x5f\x6b\x65\x79\0\x63\x6f\x6d\x6d\0\x6e\x61\x6d\x65\x69\x64\x61\x74\
\x61\0\x73\x79\x73\x76\x73\x65\x6d\0\x73\x79\x73\x76\x73\x68\x6d\0\x6c\x61\x73\
\x74\x5f\x73\x77\x69\x74\x63\x68\x5f\x63\x6f\x75\x6e\x74\0\x6c\x61\x73\x74\x5f\
\x73\x77\x69\x74\x63\x68\x5f\x74\x69\x6d\x65\0\x66\x73\0\x66\x69\x6c\x65\x73\0\
\x6e\x73\x70\x72\x6f\x78\x79\0\x73\x69\x67\x6e\x61\x6c\0\x73\x69\x67\x68\x61\
\x6e\x64\0\x62\x6c\x6f\x63\x6b\x65\x64\0\x72\x65\x61\x6c\x5f\x62\x6c\x6f\x63\
\x6b\x65\x64\0\x73\x61\x76\x65\x64\x5f\x73\x69\x67\x6d\x61\x73\x6b\0\x70\x65\
\x6e\x64\x69\x6e\x67\0\x73\x61\x73\x5f\x73\x73\x5f\x73\x70\0\x73\x61\x73\x5f\
\x73\x73\x5f\x73\x69\x7a\x65\0\x73\x61\x73\x5f\x73\x73\x5f\x66\x6c\x61\x67\x73\
\0\x74\x61\x73\x6b\x5f\x77\x6f\x72\x6b\x73\0\x61\x75\x64\x69\x74\x5f\x63\x6f\
\x6e\x74\x65\x78\x74\0\x6c\x6f\x67\x69\x6e\x75\x69\x64\0\x73\x65\x73\x73\x69\
\x6f\x6e\x69\x64\0\x73\x65\x63\x63\x6f\x6d\x70\0\x73\x79\x73\x63\x61\x6c\x6c\
\x5f\x64\x69\x73\x70\x61\x74\x63\x68\0\x70\x61\x72\x65\x6e\x74\x5f\x65\x78\x65\
\x63\x5f\x69\x64\0\x73\x65\x6c\x66\x5f\x65\x78\x65\x63\x5f\x69\x64\0\x61\x6c\
\x6c\x6f\x63\x5f\x6c\x6f\x63\x6b\0\x70\x69\x5f\x6c\x6f\x63\x6b\0\x77\x61\x6b\
\x65\x5f\x71\0\x70\x69\x5f\x77\x61\x69\x74\x65\x72\x73\0\x70\x69\x5f\x74\x6f\
\x70\x5f\x74\x61\x73\x6b\0\x70\x69\x5f\x62\x6c\x6f\x63\x6b\x65\x64\x5f\x6f\x6e\
\0\x6a\x6f\x75\x72\x6e\x61\x6c\x5f\x69\x6e\x66\x6f\0\x62\x69\x6f\x5f\x6c\x69\
\x73\x74\0\x70\x6c\x75\x67\0\x72\x65\x63\x6c\x61\x69\x6d\x5f\x73\x74\x61\x74\
\x65\0\x62\x61\x63\x6b\x69\x6e\x67\x5f\x64\x65\x76\x5f\x69\x6e\x66\x6f\0\x69\
\x6f\x5f\x63\x6f\x6e\x74\x65\x78\x74\0\x63\x61\x70\x74\x75\x72\x65\x5f\x63\x6f\
\x6e\x74\x72\x6f\x6c\0\x70\x74\x72\x61\x63\x65\x5f\x6d\x65\x73\x73\x61\x67\x65\
\0\x6c\x61\x73\x74\x5f\x73\x69\x67\x69\x6e\x66\x6f\0\x69\x6f\x61\x63\0\x70\x73\
\x69\x5f\x66\x6c\x61\x67\x73\0\x61\x63\x63\x74\x5f\x72\x73\x73\x5f\x6d\x65\x6d\
\x31\0\x61\x63\x63\x74\x5f\x76\x6d\x5f\x6d\x65\x6d\x31\0\x61\x63\x63\x74\x5f\
\x74\x69\x6d\x65\x78\x70\x64\0\x6d\x65\x6d\x73\x5f\x61\x6c\x6c\x6f\x77\x65\x64\
\0\x6d\x65\x6d\x73\x5f\x61\x6c\x6c\x6f\x77\x65\x64\x5f\x73\x65\x71\0\x63\x70\
\x75\x73\x65\x74\x5f\x6d\x65\x6d\x5f\x73\x70\x72\x65\x61\x64\x5f\x72\x6f\x74\
\x6f\x72\0\x63\x70\x75\x73\x65\x74\x5f\x73\x6c\x61\x62\x5f\x73\x70\x72\x65\x61\
\x64\x5f\x72\x6f\x74\x6f\x72\0\x63\x67\x72\x6f\x75\x70\x73\0\x63\x67\x5f\x6c\
\x69\x73\x74\0\x72\x6f\x62\x75\x73\x74\x5f\x6c\x69\x73\x74\0\x63\x6f\x6d\x70\
\x61\x74\x5f\x72\x6f\x62\x75\x73\x74\x5f\x6c\x69\x73\x74\0\x70\x69\x5f\x73\x74\
\x61\x74\x65\x5f\x6c\x69\x73\x74\0\x70\x69\x5f\x73\x74\x61\x74\x65\x5f\x63\x61\
\x63\x68\x65\0\x66\x75\x74\x65\x78\x5f\x65\x78\x69\x74\x5f\x6d\x75\x74\x65\x78\
\0\x66\x75\x74\x65\x78\x5f\x73\x74\x61\x74\x65\0\x70\x65\x72\x66\x5f\x65\x76\
\x65\x6e\x74\x5f\x63\x74\x78\x70\0\x70\x65\x72\x66\x5f\x65\x76\x65\x6e\x74\x5f\
\x6d\x75\x74\x65\x78\0\x70\x65\x72\x66\x5f\x65\x76\x65\x6e\x74\x5f\x6c\x69\x73\
\x74\0\x72\x73\x65\x71\0\x72\x73\x65\x71\x5f\x73\x69\x67\0\x72\x73\x65\x71\x5f\
\x65\x76\x65\x6e\x74\x5f\x6d\x61\x73\x6b\0\x74\x6c\x62\x5f\x75\x62\x63\0\x73\
\x70\x6c\x69\x63\x65\x5f\x70\x69\x70\x65\0\x74\x61\x73\x6b\x5f\x66\x72\x61\x67\
\0\x6e\x72\x5f\x64\x69\x72\x74\x69\x65\x64\0\x6e\x72\x5f\x64\x69\x72\x74\x69\
\x65\x64\x5f\x70\x61\x75\x73\x65\0\x64\x69\x72\x74\x79\x5f\x70\x61\x75\x73\x65\
\x64\x5f\x77\x68\x65\x6e\0\x74\x69\x6d\x65\x72\x5f\x73\x6c\x61\x63\x6b\x5f\x6e\
\x73\0\x64\x65\x66\x61\x75\x6c\x74\x5f\x74\x69\x6d\x65\x72\x5f\x73\x6c\x61\x63\
\x6b\x5f\x6e\x73\0\x63\x75\x72\x72\x5f\x72\x65\x74\x5f\x73\x74\x61\x63\x6b\0\
\x63\x75\x72\x72\x5f\x72\x65\x74\x5f\x64\x65\x70\x74\x68\0\x72\x65\x74\x5f\x73\
\x74\x61\x63\x6b\0\x66\x74\x72\x61\x63\x65\x5f\x74\x69\x6d\x65\x73\x74\x61\x6d\
\x70\0\x74\x72\x61\x63\x65\x5f\x6f\x76\x65\x72\x72\x75\x6e\0\x74\x72\x61\x63\
\x69\x6e\x67\x5f\x67\x72\x61\x70\x68\x5f\x70\x61\x75\x73\x65\0\x74\x72\x61\x63\
\x65\0\x74\x72\x61\x63\x65\x5f\x72\x65\x63\x75\x72\x73\x69\x6f\x6e\0\x74\x68\
\x72\x6f\x74\x74\x6c\x65\x5f\x71\x75\x65\x75\x65\0\x75\x74\x61\x73\x6b\0\x6b\
\x6d\x61\x70\x5f\x63\x74\x72\x6c\0\x70\x61\x67\x65\x66\x61\x75\x6c\x74\x5f\x64\
\x69\x73\x61\x62\x6c\x65\x64\0\x6f\x6f\x6d\x5f\x72\x65\x61\x70\x65\x72\x5f\x6c\
\x69\x73\x74\0\x6f\x6f\x6d\x5f\x72\x65\x61\x70\x65\x72\x5f\x74\x69\x6d\x65\x72\
\0\x73\x74\x61\x63\x6b\x5f\x76\x6d\x5f\x61\x72\x65\x61\0\x73\x74\x61\x63\x6b\
\x5f\x72\x65\x66\x63\x6f\x75\x6e\x74\0\x73\x65\x63\x75\x72\x69\x74\x79\0\x62\
\x70\x66\x5f\x73\x74\x6f\x72\x61\x67\x65\0\x62\x70\x66\x5f\x63\x74\x78\0\x74\
\x68\x72\x65\x61\x64\0\x74\x74\x62\x72\x30\0\x6e\x72\x5f\x73\x79\x73\x63\x61\
\x6c\x6c\x73\0\x73\x79\x73\x5f\x63\x61\x6c\x6c\x5f\x74\x61\x62\x6c\x65\0\x63\
\x6f\x6d\x70\x61\x74\x5f\x6e\x72\x5f\x73\x79\x73\x63\x61\x6c\x6c\x73\0\x63\x6f\
\x6d\x70\x61\x74\x5f\x73\x79\x73\x5f\x63\x61\x6c\x6c\x5f\x74\x61\x62\x6c\x65\0\
\x75\x6e\x73\x69\x67\x6e\x65\x64\x20\x6c\x6f\x6e\x67\0\x75\x36\x34\0\x5f\x5f\
\x75\x36\x34\0\x70\x72\x65\x65\x6d\x70\x74\x5f\x63\x6f\x75\x6e\x74\0\x70\x72\
\x65\x65\x6d\x70\x74\0\x63\x6f\x75\x6e\x74\0\x6e\x65\x65\x64\x5f\x72\x65\x73\
\x63\x68\x65\x64\0\x75\x33\x32\0\x5f\x5f\x75\x33\x32\0\x75\x6e\x73\x69\x67\x6e\
\x65\x64\x20\x69\x6e\x74\0\x72\x65\x66\x63\x6f\x75\x6e\x74\x5f\x74\0\x72\x65\
\x66\x63\x6f\x75\x6e\x74\x5f\x73\x74\x72\x75\x63\x74\0\x72\x65\x66\x73\0\x61\
\x74\x6f\x6d\x69\x63\x5f\x74\0\x63\x6f\x75\x6e\x74\x65\x72\0\x5f\x5f\x63\x61\
\x6c\x6c\x5f\x73\x69\x6e\x67\x6c\x65\x5f\x6e\x6f\x64\x65\0\x6c\x6c\x69\x73\x74\
\0\x73\x72\x63\0\x64\x73\x74\0\x6c\x6c\x69\x73\x74\x5f\x6e\x6f\x64\x65\0\x6e\
\x65\x78\x74\0\x75\x5f\x66\x6c\x61\x67\x73\0\x61\x5f\x66\x6c\x61\x67\x73\0\x75\
\x31\x36\0\x5f\x5f\x75\x31\x36\0\x75\x6e\x73\x69\x67\x6e\x65\x64\x20\x73\x68\
\x6f\x72\x74\0\x73\x63\x68\x65\x64\x5f\x65\x6e\x74\x69\x74\x79\0\x6c\x6f\x61\
\x64\0\x72\x75\x6e\x5f\x6e\x6f\x64\x65\0\x67\x72\x6f\x75\x70\x5f\x6e\x6f\x64\
\x65\0\x65\x78\x65\x63\x5f\x73\x74\x61\x72\x74\0\x73\x75\x6d\x5f\x65\x78\x65\
\x63\x5f\x72\x75\x6e\x74\x69\x6d\x65\0\x76\x72\x75\x6e\x74\x69\x6d\x65\0\x70\
\x72\x65\x76\x5f\x73\x75\x6d\x5f\x65\x78\x65\x63\x5f\x72\x75\x6e\x74\x69\x6d\
\x65\0\x6e\x72\x5f\x6d\x69\x67\x72\x61\x74\x69\x6f\x6e\x73\0\x64\x65\x70\x74\
\x68\0\x63\x66\x73\x5f\x72\x71\0\x6d\x79\x5f\x71\0\x72\x75\x6e\x6e\x61\x62\x6c\
\x65\x5f\x77\x65\x69\x67\x68\x74\0\x61\x76\x67\0\x6c\x6f\x61\x64\x5f\x77\x65\
\x69\x67\x68\x74\0\x77\x65\x69\x67\x68\x74\0\x69\x6e\x76\x5f\x77\x65\x69\x67\
\x68\x74\0\x72\x62\x5f\x6e\x6f\x64\x65\0\x5f\x5f\x72\x62\x5f\x70\x61\x72\x65\
\x6e\x74\x5f\x63\x6f\x6c\x6f\x72\0\x72\x62\x5f\x72\x69\x67\x68\x74\0\x72\x62\
\x5f\x6c\x65\x66\x74\0\x6c\x69\x73\x74\x5f\x68\x65\x61\x64\0\x70\x72\x65\x76\0\
\x73\x63\x68\x65\x64\x5f\x61\x76\x67\0\x6c\x61\x73\x74\x5f\x75\x70\x64\x61\x74\
\x65\x5f\x74\x69\x6d\x65\0\x6c\x6f\x61\x64\x5f\x73\x75\x6d\0\x72\x75\x6e\x6e\
\x61\x62\x6c\x65\x5f\x73\x75\x6d\0\x75\x74\x69\x6c\x5f\x73\x75\x6d\0\x70\x65\
\x72\x69\x6f\x64\x5f\x63\x6f\x6e\x74\x72\x69\x62\0\x6c\x6f\x61\x64\x5f\x61\x76\
\x67\0\x72\x75\x6e\x6e\x61\x62\x6c\x65\x5f\x61\x76\x67\0\x75\x74\x69\x6c\x5f\
\x61\x76\x67\0\x75\x74\x69\x6c\x5f\x67\x75\x65\x73\x74\0\x75\x74\x69\x6c\x5f\
\x65\x73\x74\0\x65\x6e\x71\x75\x65\x75\x65\x64\0\x65\x77\x6d\x61\0\x73\x63\x68\
\x65\x64\x5f\x72\x74\x5f\x65\x6e\x74\x69\x74\x79\0\x72\x75\x6e\x5f\x6c\x69\x73\
\x74\0\x74\x69\x6d\x65\x6f\x75\x74\0\x77\x61\x74\x63\x68\x64\x6f\x67\x5f\x73\
\x74\x61\x6d\x70\0\x74\x69\x6d\x65\x5f\x73\x6c\x69\x63\x65\0\x6f\x6e\x5f\x6c\
\x69\x73\x74\0\x62\x61\x63\x6b\0\x73\x63\x68\x65\x64\x5f\x64\x6c\x5f\x65\x6e\
\x74\x69\x74\x79\0\x64\x6c\x5f\x72\x75\x6e\x74\x69\x6d\x65\0\x64\x6c\x5f\x64\
\x65\x61\x64\x6c\x69\x6e\x65\0\x64\x6c\x5f\x70\x65\x72\x69\x6f\x64\0\x64\x6c\
\x5f\x62\x77\0\x64\x6c\x5f\x64\x65\x6e\x73\x69\x74\x79\0\x72\x75\x6e\x74\x69\
\x6d\x65\0\x64\x65\x61\x64\x6c\x69\x6e\x65\0\x64\x6c\x5f\x74\x68\x72\x6f\x74\
\x74\x6c\x65\x64\0\x64\x6c\x5f\x79\x69\x65\x6c\x64\x65\x64\0\x64\x6c\x5f\x6e\
\x6f\x6e\x5f\x63\x6f\x6e\x74\x65\x6e\x64\x69\x6e\x67\0\x64\x6c\x5f\x6f\x76\x65\
\x72\x72\x75\x6e\0\x64\x6c\x5f\x74\x69\x6d\x65\x72\0\x69\x6e\x61\x63\x74\x69\
\x76\x65\x5f\x74\x69\x6d\x65\x72\0\x70\x69\x5f\x73\x65\0\x73\x36\x34\0\x5f\x5f\
\x73\x36\x34\0\x6c\x6f\x6e\x67\x20\x6c\x6f\x6e\x67\0\x68\x72\x74\x69\x6d\x65\
\x72\0\x6e\x6f\x64\x65\0\x5f\x73\x6f\x66\x74\x65\x78\x70\x69\x72\x65\x73\0\x66\
\x75\x6e\x63\x74\x69\x6f\x6e\0\x62\x61\x73\x65\0\x73\x74\x61\x74\x65\0\x69\x73\
\x5f\x72\x65\x6c\0\x69\x73\x5f\x73\x6f\x66\x74\0\x69\x73\x5f\x68\x61\x72\x64\0\
\x74\x69\x6d\x65\x72\x71\x75\x65\x75\x65\x5f\x6e\x6f\x64\x65\0\x65\x78\x70\x69\
\x72\x65\x73\0\x6b\x74\x69\x6d\x65\x5f\x74\0\x68\x72\x74\x69\x6d\x65\x72\x5f\
\x72\x65\x73\x74\x61\x72\x74\0\x48\x52\x54\x49\x4d\x45\x52\x5f\x4e\x4f\x52\x45\
\x53\x54\x41\x52\x54\0\x48\x52\x54\x49\x4d\x45\x52\x5f\x52\x45\x53\x54\x41\x52\
\x54\0\x75\x38\0\x5f\x5f\x75\x38\0\x75\x6e\x73\x69\x67\x6e\x65\x64\x20\x63\x68\
\x61\x72\0\x75\x63\x6c\x61\x6d\x70\x5f\x73\x65\0\x76\x61\x6c\x75\x65\0\x62\x75\
\x63\x6b\x65\x74\x5f\x69\x64\0\x61\x63\x74\x69\x76\x65\0\x75\x73\x65\x72\x5f\
\x64\x65\x66\x69\x6e\x65\x64\0\x73\x63\x68\x65\x64\x5f\x73\x74\x61\x74\x69\x73\
\x74\x69\x63\x73\0\x77\x61\x69\x74\x5f\x73\x74\x61\x72\x74\0\x77\x61\x69\x74\
\x5f\x6d\x61\x78\0\x77\x61\x69\x74\x5f\x63\x6f\x75\x6e\x74\0\x77\x61\x69\x74\
\x5f\x73\x75\x6d\0\x69\x6f\x77\x61\x69\x74\x5f\x63\x6f\x75\x6e\x74\0\x69\x6f\
\x77\x61\x69\x74\x5f\x73\x75\x6d\0\x73\x6c\x65\x65\x70\x5f\x73\x74\x61\x72\x74\
\0\x73\x6c\x65\x65\x70\x5f\x6d\x61\x78\0\x73\x75\x6d\x5f\x73\x6c\x65\x65\x70\
\x5f\x72\x75\x6e\x74\x69\x6d\x65\0\x62\x6c\x6f\x63\x6b\x5f\x73\x74\x61\x72\x74\
\0\x62\x6c\x6f\x63\x6b\x5f\x6d\x61\x78\0\x65\x78\x65\x63\x5f\x6d\x61\x78\0\x73\
\x6c\x69\x63\x65\x5f\x6d\x61\x78\0\x6e\x72\x5f\x6d\x69\x67\x72\x61\x74\x69\x6f\
\x6e\x73\x5f\x63\x6f\x6c\x64\0\x6e\x72\x5f\x66\x61\x69\x6c\x65\x64\x5f\x6d\x69\
\x67\x72\x61\x74\x69\x6f\x6e\x73\x5f\x61\x66\x66\x69\x6e\x65\0\x6e\x72\x5f\x66\
\x61\x69\x6c\x65\x64\x5f\x6d\x69\x67\x72\x61\x74\x69\x6f\x6e\x73\x5f\x72\x75\
\x6e\x6e\x69\x6e\x67\0\x6e\x72\x5f\x66\x61\x69\x6c\x65\x64\x5f\x6d\x69\x67\x72\
\x61\x74\x69\x6f\x6e\x73\x5f\x68\x6f\x74\0\x6e\x72\x5f\x66\x6f\x72\x63\x65\x64\
\x5f\x6d\x69\x67\x72\x61\x74\x69\x6f\x6e\x73\0\x6e\x72\x5f\x77\x61\x6b\x65\x75\
\x70\x73\0\x6e\x72\x5f\x77\x61\x6b\x65\x75\x70\x73\x5f\x73\x79\x6e\x63\0\x6e\
\x72\x5f\x77\x61\x6b\x65\x75\x70\x73\x5f\x6d\x69\x67\x72\x61\x74\x65\0\x6e\x72\
\x5f\x77\x61\x6b\x65\x75\x70\x73\x5f\x6c\x6f\x63\x61\x6c\0\x6e\x72\x5f\x77\x61\
\x6b\x65\x75\x70\x73\x5f\x72\x65\x6d\x6f\x74\x65\0\x6e\x72\x5f\x77\x61\x6b\x65\
\x75\x70\x73\x5f\x61\x66\x66\x69\x6e\x65\0\x6e\x72\x5f\x77\x61\x6b\x65\x75\x70\
\x73\x5f\x61\x66\x66\x69\x6e\x65\x5f\x61\x74\x74\x65\x6d\x70\x74\x73\0\x6e\x72\
\x5f\x77\x61\x6b\x65\x75\x70\x73\x5f\x70\x61\x73\x73\x69\x76\x65\0\x6e\x72\x5f\
\x77\x61\x6b\x65\x75\x70\x73\x5f\x69\x64\x6c\x65\0\x63\x70\x75\x6d\x61\x73\x6b\
\x5f\x74\0\x63\x70\x75\x6d\x61\x73\x6b\0\x62\x69\x74\x73\0\x72\x63\x75\x5f\x73\
\x70\x65\x63\x69\x61\x6c\0\x62\0\x73\0\x6e\x65\x65\x64\x5f\x71\x73\0\x65\x78\
\x70\x5f\x68\x69\x6e\x74\0\x6e\x65\x65\x64\x5f\x6d\x62\0\x62\x6f\x6f\x6c\0\x5f\
\x42\x6f\x6f\x6c\0\x70\x63\x6f\x75\x6e\x74\0\x72\x75\x6e\x5f\x64\x65\x6c\x61\
\x79\0\x6c\x61\x73\x74\x5f\x61\x72\x72\x69\x76\x61\x6c\0\x6c\x61\x73\x74\x5f\
\x71\x75\x65\x75\x65\x64\0\x70\x6c\x69\x73\x74\x5f\x6e\x6f\x64\x65\0\x70\x72\
\x69\x6f\x5f\x6c\x69\x73\x74\0\x6e\x6f\x64\x65\x5f\x6c\x69\x73\x74\0\x73\x65\
\x71\x6e\x75\x6d\0\x76\x6d\x61\x73\0\x76\x6d\x5f\x61\x72\x65\x61\x5f\x73\x74\
\x72\x75\x63\x74\0\x76\x6d\x5f\x73\x74\x61\x72\x74\0\x76\x6d\x5f\x65\x6e\x64\0\
\x76\x6d\x5f\x6e\x65\x78\x74\0\x76\x6d\x5f\x70\x72\x65\x76\0\x76\x6d\x5f\x72\
\x62\0\x72\x62\x5f\x73\x75\x62\x74\x72\x65\x65\x5f\x67\x61\x70\0\x76\x6d\x5f\
\x6d\x6d\0\x76\x6d\x5f\x70\x61\x67\x65\x5f\x70\x72\x6f\x74\0\x76\x6d\x5f\x66\
\x6c\x61\x67\x73\0\x61\x6e\x6f\x6e\x5f\x76\x6d\x61\x5f\x63\x68\x61\x69\x6e\0\
\x61\x6e\x6f\x6e\x5f\x76\x6d\x61\0\x76\x6d\x5f\x6f\x70\x73\0\x76\x6d\x5f\x70\
\x67\x6f\x66\x66\0\x76\x6d\x5f\x66\x69\x6c\x65\0\x76\x6d\x5f\x70\x72\x69\x76\
\x61\x74\x65\x5f\x64\x61\x74\x61\0\x73\x77\x61\x70\x5f\x72\x65\x61\x64\x61\x68\
\x65\x61\x64\x5f\x69\x6e\x66\x6f\0\x76\x6d\x5f\x75\x73\x65\x72\x66\x61\x75\x6c\
\x74\x66\x64\x5f\x63\x74\x78\0\x70\x67\x70\x72\x6f\x74\x5f\x74\0\x70\x67\x70\
\x72\x6f\x74\0\x70\x74\x65\x76\x61\x6c\x5f\x74\0\x73\x68\x61\x72\x65\x64\0\x61\
\x6e\x6f\x6e\x5f\x6e\x61\x6d\x65\0\x72\x62\x5f\x73\x75\x62\x74\x72\x65\x65\x5f\
\x6c\x61\x73\x74\0\x63\x68\x61\x72\0\x61\x74\x6f\x6d\x69\x63\x5f\x6c\x6f\x6e\
\x67\x5f\x74\0\x61\x74\x6f\x6d\x69\x63\x36\x34\x5f\x74\0\x74\x61\x73\x6b\x5f\
\x72\x73\x73\x5f\x73\x74\x61\x74\0\x65\x76\x65\x6e\x74\x73\0\x61\x72\x63\x68\
\x5f\x64\x61\x74\x61\0\x66\x6e\0\x6c\x6f\x6e\x67\0\x66\x75\x74\x65\x78\0\x6e\
\x61\x6e\x6f\x73\x6c\x65\x65\x70\0\x70\x6f\x6c\x6c\0\x75\x61\x64\x64\x72\0\x76\
\x61\x6c\0\x62\x69\x74\x73\x65\x74\0\x74\x69\x6d\x65\0\x75\x61\x64\x64\x72\x32\
\0\x63\x6c\x6f\x63\x6b\x69\x64\0\x63\x6c\x6f\x63\x6b\x69\x64\x5f\x74\0\x5f\x5f\
\x6b\x65\x72\x6e\x65\x6c\x5f\x63\x6c\x6f\x63\x6b\x69\x64\x5f\x74\0\x74\x69\x6d\
\x65\x73\x70\x65\x63\x5f\x74\x79\x70\x65\0\x54\x54\x5f\x4e\x4f\x4e\x45\0\x54\
\x54\x5f\x4e\x41\x54\x49\x56\x45\0\x54\x54\x5f\x43\x4f\x4d\x50\x41\x54\0\x72\
\x6d\x74\x70\0\x63\x6f\x6d\x70\x61\x74\x5f\x72\x6d\x74\x70\0\x75\x66\x64\x73\0\
\x6e\x66\x64\x73\0\x68\x61\x73\x5f\x74\x69\x6d\x65\x6f\x75\x74\0\x74\x76\x5f\
\x73\x65\x63\0\x74\x76\x5f\x6e\x73\x65\x63\0\x70\x69\x64\x5f\x74\0\x5f\x5f\x6b\
\x65\x72\x6e\x65\x6c\x5f\x70\x69\x64\x5f\x74\0\x68\x6c\x69\x73\x74\x5f\x6e\x6f\
\x64\x65\0\x70\x70\x72\x65\x76\0\x6c\x6f\x63\x6b\0\x72\x61\x77\x5f\x73\x70\x69\
\x6e\x6c\x6f\x63\x6b\x5f\x74\0\x72\x61\x77\x5f\x73\x70\x69\x6e\x6c\x6f\x63\x6b\
\0\x72\x61\x77\x5f\x6c\x6f\x63\x6b\0\x61\x72\x63\x68\x5f\x73\x70\x69\x6e\x6c\
\x6f\x63\x6b\x5f\x74\0\x71\x73\x70\x69\x6e\x6c\x6f\x63\x6b\0\x6c\x6f\x63\x6b\
\x65\x64\0\x6c\x6f\x63\x6b\x65\x64\x5f\x70\x65\x6e\x64\x69\x6e\x67\0\x74\x61\
\x69\x6c\0\x62\x61\x73\x65\x73\0\x74\x69\x6d\x65\x72\x73\x5f\x61\x63\x74\x69\
\x76\x65\0\x65\x78\x70\x69\x72\x79\x5f\x61\x63\x74\x69\x76\x65\0\x70\x6f\x73\
\x69\x78\x5f\x63\x70\x75\x74\x69\x6d\x65\x72\x5f\x62\x61\x73\x65\0\x6e\x65\x78\
\x74\x65\x76\x74\0\x74\x71\x68\x65\x61\x64\0\x74\x69\x6d\x65\x72\x71\x75\x65\
\x75\x65\x5f\x68\x65\x61\x64\0\x72\x62\x5f\x72\x6f\x6f\x74\0\x72\x62\x5f\x72\
\x6f\x6f\x74\x5f\x63\x61\x63\x68\x65\x64\0\x72\x62\x5f\x6c\x65\x66\x74\x6d\x6f\
\x73\x74\0\x73\x75\x62\x73\x63\x72\x69\x62\x65\x72\x73\0\x70\x75\x74\x5f\x61\
\x64\x64\x72\0\x6d\x61\x67\x69\x63\0\x75\x69\x64\0\x67\x69\x64\0\x73\x75\x69\
\x64\0\x73\x67\x69\x64\0\x65\x75\x69\x64\0\x65\x67\x69\x64\0\x66\x73\x75\x69\
\x64\0\x66\x73\x67\x69\x64\0\x73\x65\x63\x75\x72\x65\x62\x69\x74\x73\0\x63\x61\
\x70\x5f\x69\x6e\x68\x65\x72\x69\x74\x61\x62\x6c\x65\0\x63\x61\x70\x5f\x70\x65\
\x72\x6d\x69\x74\x74\x65\x64\0\x63\x61\x70\x5f\x65\x66\x66\x65\x63\x74\x69\x76\
\x65\0\x63\x61\x70\x5f\x62\x73\x65\x74\0\x63\x61\x70\x5f\x61\x6d\x62\x69\x65\
\x6e\x74\0\x6a\x69\x74\x5f\x6b\x65\x79\x72\x69\x6e\x67\0\x73\x65\x73\x73\x69\
\x6f\x6e\x5f\x6b\x65\x79\x72\x69\x6e\x67\0\x70\x72\x6f\x63\x65\x73\x73\x5f\x6b\
\x65\x79\x72\x69\x6e\x67\0\x74\x68\x72\x65\x61\x64\x5f\x6b\x65\x79\x72\x69\x6e\
\x67\0\x72\x65\x71\x75\x65\x73\x74\x5f\x6b\x65\x79\x5f\x61\x75\x74\x68\0\x75\
\x73\x65\x72\0\x75\x73\x65\x72\x5f\x6e\x73\0\x75\x63\x6f\x75\x6e\x74\x73\0\x67\
\x72\x6f\x75\x70\x5f\x69\x6e\x66\x6f\0\x6b\x75\x69\x64\x5f\x74\0\x75\x69\x64\
\x5f\x74\0\x5f\x5f\x6b\x65\x72\x6e\x65\x6c\x5f\x75\x69\x64\x33\x32\x5f\x74\0\
\x6b\x67\x69\x64\x5f\x74\0\x67\x69\x64\x5f\x74\0\x5f\x5f\x6b\x65\x72\x6e\x65\
\x6c\x5f\x67\x69\x64\x33\x32\x5f\x74\0\x6b\x65\x72\x6e\x65\x6c\x5f\x63\x61\x70\
\x5f\x74\0\x6b\x65\x72\x6e\x65\x6c\x5f\x63\x61\x70\x5f\x73\x74\x72\x75\x63\x74\
\0\x63\x61\x70\0\x6e\x6f\x6e\x5f\x72\x63\x75\0\x72\x63\x75\0\x63\x61\x6c\x6c\
\x62\x61\x63\x6b\x5f\x68\x65\x61\x64\0\x66\x75\x6e\x63\0\x73\x79\x73\x76\x5f\
\x73\x65\x6d\0\x75\x6e\x64\x6f\x5f\x6c\x69\x73\x74\0\x73\x79\x73\x76\x5f\x73\
\x68\x6d\0\x73\x68\x6d\x5f\x63\x6c\x69\x73\x74\0\x73\x69\x67\x73\x65\x74\x5f\
\x74\0\x73\x69\x67\0\x73\x69\x67\x70\x65\x6e\x64\x69\x6e\x67\0\x6c\x69\x73\x74\
\0\x73\x69\x7a\x65\x5f\x74\0\x5f\x5f\x6b\x65\x72\x6e\x65\x6c\x5f\x73\x69\x7a\
\x65\x5f\x74\0\x5f\x5f\x6b\x65\x72\x6e\x65\x6c\x5f\x75\x6c\x6f\x6e\x67\x5f\x74\
\0\x6d\x6f\x64\x65\0\x66\x69\x6c\x74\x65\x72\x5f\x63\x6f\x75\x6e\x74\0\x66\x69\
\x6c\x74\x65\x72\0\x73\x79\x73\x63\x61\x6c\x6c\x5f\x75\x73\x65\x72\x5f\x64\x69\
\x73\x70\x61\x74\x63\x68\0\x73\x70\x69\x6e\x6c\x6f\x63\x6b\x5f\x74\0\x73\x70\
\x69\x6e\x6c\x6f\x63\x6b\0\x72\x6c\x6f\x63\x6b\0\x77\x61\x6b\x65\x5f\x71\x5f\
\x6e\x6f\x64\x65\0\x6b\x65\x72\x6e\x65\x6c\x5f\x73\x69\x67\x69\x6e\x66\x6f\x5f\
\x74\0\x74\x61\x73\x6b\x5f\x69\x6f\x5f\x61\x63\x63\x6f\x75\x6e\x74\x69\x6e\x67\
\0\x72\x63\x68\x61\x72\0\x77\x63\x68\x61\x72\0\x73\x79\x73\x63\x72\0\x73\x79\
\x73\x63\x77\0\x73\x79\x73\x63\x66\x73\0\x72\x65\x61\x64\x5f\x62\x79\x74\x65\
\x73\0\x77\x72\x69\x74\x65\x5f\x62\x79\x74\x65\x73\0\x63\x61\x6e\x63\x65\x6c\
\x6c\x65\x64\x5f\x77\x72\x69\x74\x65\x5f\x62\x79\x74\x65\x73\0\x6e\x6f\x64\x65\
\x6d\x61\x73\x6b\x5f\x74\0\x73\x65\x71\x63\x6f\x75\x6e\x74\x5f\x73\x70\x69\x6e\
\x6c\x6f\x63\x6b\x5f\x74\0\x73\x65\x71\x63\x6f\x75\x6e\x74\x5f\x73\x70\x69\x6e\
\x6c\x6f\x63\x6b\0\x73\x65\x71\x63\x6f\x75\x6e\x74\0\x73\x65\x71\x63\x6f\x75\
\x6e\x74\x5f\x74\0\x73\x65\x71\x75\x65\x6e\x63\x65\0\x6d\x75\x74\x65\x78\0\x6f\
\x77\x6e\x65\x72\0\x77\x61\x69\x74\x5f\x6c\x6f\x63\x6b\0\x6f\x73\x71\0\x77\x61\
\x69\x74\x5f\x6c\x69\x73\x74\0\x6f\x70\x74\x69\x6d\x69\x73\x74\x69\x63\x5f\x73\
\x70\x69\x6e\x5f\x71\x75\x65\x75\x65\0\x70\x65\x72\x66\x5f\x65\x76\x65\x6e\x74\
\x5f\x63\x6f\x6e\x74\x65\x78\x74\0\x70\x6d\x75\0\x61\x63\x74\x69\x76\x65\x5f\
\x63\x74\x78\x5f\x6c\x69\x73\x74\0\x70\x69\x6e\x6e\x65\x64\x5f\x67\x72\x6f\x75\
\x70\x73\0\x66\x6c\x65\x78\x69\x62\x6c\x65\x5f\x67\x72\x6f\x75\x70\x73\0\x65\
\x76\x65\x6e\x74\x5f\x6c\x69\x73\x74\0\x70\x69\x6e\x6e\x65\x64\x5f\x61\x63\x74\
\x69\x76\x65\0\x66\x6c\x65\x78\x69\x62\x6c\x65\x5f\x61\x63\x74\x69\x76\x65\0\
\x6e\x72\x5f\x65\x76\x65\x6e\x74\x73\0\x6e\x72\x5f\x61\x63\x74\x69\x76\x65\0\
\x69\x73\x5f\x61\x63\x74\x69\x76\x65\0\x6e\x72\x5f\x73\x74\x61\x74\0\x6e\x72\
\x5f\x66\x72\x65\x71\0\x72\x6f\x74\x61\x74\x65\x5f\x64\x69\x73\x61\x62\x6c\x65\
\0\x72\x6f\x74\x61\x74\x65\x5f\x6e\x65\x63\x65\x73\x73\x61\x72\x79\0\x72\x65\
\x66\x63\x6f\x75\x6e\x74\0\x74\x61\x73\x6b\0\x74\x69\x6d\x65\x73\x74\x61\x6d\
\x70\0\x74\x69\x6d\x65\x6f\x66\x66\x73\x65\x74\0\x70\x61\x72\x65\x6e\x74\x5f\
\x63\x74\x78\0\x70\x61\x72\x65\x6e\x74\x5f\x67\x65\x6e\0\x67\x65\x6e\x65\x72\
\x61\x74\x69\x6f\x6e\0\x70\x69\x6e\x5f\x63\x6f\x75\x6e\x74\0\x74\x61\x73\x6b\
\x5f\x63\x74\x78\x5f\x64\x61\x74\x61\0\x6e\x72\x5f\x70\x65\x6e\x64\x69\x6e\x67\
\0\x70\x65\x72\x66\x5f\x65\x76\x65\x6e\x74\x5f\x67\x72\x6f\x75\x70\x73\0\x74\
\x72\x65\x65\0\x69\x6e\x64\x65\x78\0\x6c\x6f\x63\x61\x6c\x5f\x74\0\x61\0\x74\
\x6c\x62\x66\x6c\x75\x73\x68\x5f\x75\x6e\x6d\x61\x70\x5f\x62\x61\x74\x63\x68\0\
\x72\x63\x75\x5f\x75\x73\x65\x72\x73\0\x70\x61\x67\x65\x5f\x66\x72\x61\x67\0\
\x70\x61\x67\x65\0\x6f\x66\x66\x73\x65\x74\0\x73\x69\x7a\x65\0\x74\x69\x6d\x65\
\x72\x5f\x6c\x69\x73\x74\0\x65\x6e\x74\x72\x79\0\x74\x68\x72\x65\x61\x64\x5f\
\x73\x74\x72\x75\x63\x74\0\x63\x70\x75\x5f\x63\x6f\x6e\x74\x65\x78\x74\0\x75\
\x77\0\x66\x70\x73\x69\x6d\x64\x5f\x63\x70\x75\0\x73\x76\x65\x5f\x73\x74\x61\
\x74\x65\0\x73\x76\x65\x5f\x76\x6c\0\x73\x76\x65\x5f\x76\x6c\x5f\x6f\x6e\x65\
\x78\x65\x63\0\x66\x61\x75\x6c\x74\x5f\x61\x64\x64\x72\x65\x73\x73\0\x66\x61\
\x75\x6c\x74\x5f\x63\x6f\x64\x65\0\x64\x65\x62\x75\x67\0\x6b\x65\x79\x73\x5f\
\x75\x73\x65\x72\0\x6b\x65\x79\x73\x5f\x6b\x65\x72\x6e\x65\x6c\0\x6d\x74\x65\
\x5f\x63\x74\x72\x6c\0\x73\x63\x74\x6c\x72\x5f\x75\x73\x65\x72\0\x78\x31\x39\0\
\x78\x32\x30\0\x78\x32\x31\0\x78\x32\x32\0\x78\x32\x33\0\x78\x32\x34\0\x78\x32\
\x35\0\x78\x32\x36\0\x78\x32\x37\0\x78\x32\x38\0\x66\x70\0\x73\x70\0\x70\x63\0\
\x74\x70\x5f\x76\x61\x6c\x75\x65\0\x74\x70\x32\x5f\x76\x61\x6c\x75\x65\0\x66\
\x70\x73\x69\x6d\x64\x5f\x73\x74\x61\x74\x65\0\x75\x73\x65\x72\x5f\x66\x70\x73\
\x69\x6d\x64\x5f\x73\x74\x61\x74\x65\0\x76\x72\x65\x67\x73\0\x66\x70\x73\x72\0\
\x66\x70\x63\x72\0\x5f\x5f\x72\x65\x73\x65\x72\x76\x65\x64\0\x5f\x5f\x75\x69\
\x6e\x74\x31\x32\x38\x5f\x74\0\x75\x6e\x73\x69\x67\x6e\x65\x64\x20\x5f\x5f\x69\
\x6e\x74\x31\x32\x38\0\x64\x65\x62\x75\x67\x5f\x69\x6e\x66\x6f\0\x73\x75\x73\
\x70\x65\x6e\x64\x65\x64\x5f\x73\x74\x65\x70\0\x62\x70\x73\x5f\x64\x69\x73\x61\
\x62\x6c\x65\x64\0\x77\x70\x73\x5f\x64\x69\x73\x61\x62\x6c\x65\x64\0\x68\x62\
\x70\x5f\x62\x72\x65\x61\x6b\0\x68\x62\x70\x5f\x77\x61\x74\x63\x68\0\x70\x65\
\x72\x66\x5f\x65\x76\x65\x6e\x74\0\x65\x76\x65\x6e\x74\x5f\x65\x6e\x74\x72\x79\
\0\x73\x69\x62\x6c\x69\x6e\x67\x5f\x6c\x69\x73\x74\0\x61\x63\x74\x69\x76\x65\
\x5f\x6c\x69\x73\x74\0\x67\x72\x6f\x75\x70\x5f\x69\x6e\x64\x65\x78\0\x6d\x69\
\x67\x72\x61\x74\x65\x5f\x65\x6e\x74\x72\x79\0\x68\x6c\x69\x73\x74\x5f\x65\x6e\
\x74\x72\x79\0\x61\x63\x74\x69\x76\x65\x5f\x65\x6e\x74\x72\x79\0\x6e\x72\x5f\
\x73\x69\x62\x6c\x69\x6e\x67\x73\0\x65\x76\x65\x6e\x74\x5f\x63\x61\x70\x73\0\
\x67\x72\x6f\x75\x70\x5f\x63\x61\x70\x73\0\x70\x6d\x75\x5f\x70\x72\x69\x76\x61\
\x74\x65\0\x61\x74\x74\x61\x63\x68\x5f\x73\x74\x61\x74\x65\0\x63\x68\x69\x6c\
\x64\x5f\x63\x6f\x75\x6e\x74\0\x74\x6f\x74\x61\x6c\x5f\x74\x69\x6d\x65\x5f\x65\
\x6e\x61\x62\x6c\x65\x64\0\x74\x6f\x74\x61\x6c\x5f\x74\x69\x6d\x65\x5f\x72\x75\
\x6e\x6e\x69\x6e\x67\0\x74\x73\x74\x61\x6d\x70\0\x61\x74\x74\x72\0\x68\x65\x61\
\x64\x65\x72\x5f\x73\x69\x7a\x65\0\x69\x64\x5f\x68\x65\x61\x64\x65\x72\x5f\x73\
\x69\x7a\x65\0\x72\x65\x61\x64\x5f\x73\x69\x7a\x65\0\x68\x77\0\x63\x68\x69\x6c\
\x64\x5f\x74\x6f\x74\x61\x6c\x5f\x74\x69\x6d\x65\x5f\x65\x6e\x61\x62\x6c\x65\
\x64\0\x63\x68\x69\x6c\x64\x5f\x74\x6f\x74\x61\x6c\x5f\x74\x69\x6d\x65\x5f\x72\
\x75\x6e\x6e\x69\x6e\x67\0\x63\x68\x69\x6c\x64\x5f\x6d\x75\x74\x65\x78\0\x63\
\x68\x69\x6c\x64\x5f\x6c\x69\x73\x74\0\x6f\x6e\x63\x70\x75\0\x6f\x77\x6e\x65\
\x72\x5f\x65\x6e\x74\x72\x79\0\x6d\x6d\x61\x70\x5f\x6d\x75\x74\x65\x78\0\x6d\
\x6d\x61\x70\x5f\x63\x6f\x75\x6e\x74\0\x72\x62\x5f\x65\x6e\x74\x72\x79\0\x72\
\x63\x75\x5f\x62\x61\x74\x63\x68\x65\x73\0\x72\x63\x75\x5f\x70\x65\x6e\x64\x69\
\x6e\x67\0\x77\x61\x69\x74\x71\0\x66\x61\x73\x79\x6e\x63\0\x70\x65\x6e\x64\x69\
\x6e\x67\x5f\x77\x61\x6b\x65\x75\x70\0\x70\x65\x6e\x64\x69\x6e\x67\x5f\x6b\x69\
\x6c\x6c\0\x70\x65\x6e\x64\x69\x6e\x67\x5f\x64\x69\x73\x61\x62\x6c\x65\0\x70\
\x65\x6e\x64\x69\x6e\x67\x5f\x73\x69\x67\x74\x72\x61\x70\0\x70\x65\x6e\x64\x69\
\x6e\x67\x5f\x61\x64\x64\x72\0\x70\x65\x6e\x64\x69\x6e\x67\x5f\x69\x72\x71\0\
\x70\x65\x6e\x64\x69\x6e\x67\x5f\x74\x61\x73\x6b\0\x70\x65\x6e\x64\x69\x6e\x67\
\x5f\x77\x6f\x72\x6b\0\x65\x76\x65\x6e\x74\x5f\x6c\x69\x6d\x69\x74\0\x61\x64\
\x64\x72\x5f\x66\x69\x6c\x74\x65\x72\x73\0\x61\x64\x64\x72\x5f\x66\x69\x6c\x74\
\x65\x72\x5f\x72\x61\x6e\x67\x65\x73\0\x61\x64\x64\x72\x5f\x66\x69\x6c\x74\x65\
\x72\x73\x5f\x67\x65\x6e\0\x61\x75\x78\x5f\x65\x76\x65\x6e\x74\0\x64\x65\x73\
\x74\x72\x6f\x79\0\x6e\x73\0\x69\x64\0\x63\x6c\x6f\x63\x6b\0\x6f\x76\x65\x72\
\x66\x6c\x6f\x77\x5f\x68\x61\x6e\x64\x6c\x65\x72\0\x6f\x76\x65\x72\x66\x6c\x6f\
\x77\x5f\x68\x61\x6e\x64\x6c\x65\x72\x5f\x63\x6f\x6e\x74\x65\x78\x74\0\x6f\x72\
\x69\x67\x5f\x6f\x76\x65\x72\x66\x6c\x6f\x77\x5f\x68\x61\x6e\x64\x6c\x65\x72\0\
\x70\x72\x6f\x67\0\x62\x70\x66\x5f\x63\x6f\x6f\x6b\x69\x65\0\x74\x70\x5f\x65\
\x76\x65\x6e\x74\0\x66\x74\x72\x61\x63\x65\x5f\x6f\x70\x73\0\x73\x62\x5f\x6c\
\x69\x73\x74\0\x70\x65\x72\x66\x5f\x65\x76\x65\x6e\x74\x5f\x73\x74\x61\x74\x65\
\0\x50\x45\x52\x46\x5f\x45\x56\x45\x4e\x54\x5f\x53\x54\x41\x54\x45\x5f\x44\x45\
\x41\x44\0\x50\x45\x52\x46\x5f\x45\x56\x45\x4e\x54\x5f\x53\x54\x41\x54\x45\x5f\
\x45\x58\x49\x54\0\x50\x45\x52\x46\x5f\x45\x56\x45\x4e\x54\x5f\x53\x54\x41\x54\
\x45\x5f\x45\x52\x52\x4f\x52\0\x50\x45\x52\x46\x5f\x45\x56\x45\x4e\x54\x5f\x53\
\x54\x41\x54\x45\x5f\x4f\x46\x46\0\x50\x45\x52\x46\x5f\x45\x56\x45\x4e\x54\x5f\
\x53\x54\x41\x54\x45\x5f\x49\x4e\x41\x43\x54\x49\x56\x45\0\x50\x45\x52\x46\x5f\
\x45\x56\x45\x4e\x54\x5f\x53\x54\x41\x54\x45\x5f\x41\x43\x54\x49\x56\x45\0\x6c\
\x6f\x63\x61\x6c\x36\x34\x5f\x74\0\x70\x65\x72\x66\x5f\x65\x76\x65\x6e\x74\x5f\
\x61\x74\x74\x72\0\x63\x6f\x6e\x66\x69\x67\0\x73\x61\x6d\x70\x6c\x65\x5f\x74\
\x79\x70\x65\0\x72\x65\x61\x64\x5f\x66\x6f\x72\x6d\x61\x74\0\x64\x69\x73\x61\
\x62\x6c\x65\x64\0\x69\x6e\x68\x65\x72\x69\x74\0\x70\x69\x6e\x6e\x65\x64\0\x65\
\x78\x63\x6c\x75\x73\x69\x76\x65\0\x65\x78\x63\x6c\x75\x64\x65\x5f\x75\x73\x65\
\x72\0\x65\x78\x63\x6c\x75\x64\x65\x5f\x6b\x65\x72\x6e\x65\x6c\0\x65\x78\x63\
\x6c\x75\x64\x65\x5f\x68\x76\0\x65\x78\x63\x6c\x75\x64\x65\x5f\x69\x64\x6c\x65\
\0\x6d\x6d\x61\x70\0\x66\x72\x65\x71\0\x69\x6e\x68\x65\x72\x69\x74\x5f\x73\x74\
\x61\x74\0\x65\x6e\x61\x62\x6c\x65\x5f\x6f\x6e\x5f\x65\x78\x65\x63\0\x77\x61\
\x74\x65\x72\x6d\x61\x72\x6b\0\x70\x72\x65\x63\x69\x73\x65\x5f\x69\x70\0\x6d\
\x6d\x61\x70\x5f\x64\x61\x74\x61\0\x73\x61\x6d\x70\x6c\x65\x5f\x69\x64\x5f\x61\
\x6c\x6c\0\x65\x78\x63\x6c\x75\x64\x65\x5f\x68\x6f\x73\x74\0\x65\x78\x63\x6c\
\x75\x64\x65\x5f\x67\x75\x65\x73\x74\0\x65\x78\x63\x6c\x75\x64\x65\x5f\x63\x61\
\x6c\x6c\x63\x68\x61\x69\x6e\x5f\x6b\x65\x72\x6e\x65\x6c\0\x65\x78\x63\x6c\x75\
\x64\x65\x5f\x63\x61\x6c\x6c\x63\x68\x61\x69\x6e\x5f\x75\x73\x65\x72\0\x6d\x6d\
\x61\x70\x32\0\x63\x6f\x6d\x6d\x5f\x65\x78\x65\x63\0\x75\x73\x65\x5f\x63\x6c\
\x6f\x63\x6b\x69\x64\0\x63\x6f\x6e\x74\x65\x78\x74\x5f\x73\x77\x69\x74\x63\x68\
\0\x77\x72\x69\x74\x65\x5f\x62\x61\x63\x6b\x77\x61\x72\x64\0\x6e\x61\x6d\x65\
\x73\x70\x61\x63\x65\x73\0\x6b\x73\x79\x6d\x62\x6f\x6c\0\x62\x70\x66\x5f\x65\
\x76\x65\x6e\x74\0\x61\x75\x78\x5f\x6f\x75\x74\x70\x75\x74\0\x63\x67\x72\x6f\
\x75\x70\0\x74\x65\x78\x74\x5f\x70\x6f\x6b\x65\0\x62\x75\x69\x6c\x64\x5f\x69\
\x64\0\x69\x6e\x68\x65\x72\x69\x74\x5f\x74\x68\x72\x65\x61\x64\0\x72\x65\x6d\
\x6f\x76\x65\x5f\x6f\x6e\x5f\x65\x78\x65\x63\0\x73\x69\x67\x74\x72\x61\x70\0\
\x5f\x5f\x72\x65\x73\x65\x72\x76\x65\x64\x5f\x31\0\x62\x70\x5f\x74\x79\x70\x65\
\0\x62\x72\x61\x6e\x63\x68\x5f\x73\x61\x6d\x70\x6c\x65\x5f\x74\x79\x70\x65\0\
\x73\x61\x6d\x70\x6c\x65\x5f\x72\x65\x67\x73\x5f\x75\x73\x65\x72\0\x73\x61\x6d\
\x70\x6c\x65\x5f\x73\x74\x61\x63\x6b\x5f\x75\x73\x65\x72\0\x73\x61\x6d\x70\x6c\
\x65\x5f\x72\x65\x67\x73\x5f\x69\x6e\x74\x72\0\x61\x75\x78\x5f\x77\x61\x74\x65\
\x72\x6d\x61\x72\x6b\0\x73\x61\x6d\x70\x6c\x65\x5f\x6d\x61\x78\x5f\x73\x74\x61\
\x63\x6b\0\x5f\x5f\x72\x65\x73\x65\x72\x76\x65\x64\x5f\x32\0\x61\x75\x78\x5f\
\x73\x61\x6d\x70\x6c\x65\x5f\x73\x69\x7a\x65\0\x5f\x5f\x72\x65\x73\x65\x72\x76\
\x65\x64\x5f\x33\0\x73\x69\x67\x5f\x64\x61\x74\x61\0\x73\x61\x6d\x70\x6c\x65\
\x5f\x70\x65\x72\x69\x6f\x64\0\x73\x61\x6d\x70\x6c\x65\x5f\x66\x72\x65\x71\0\
\x77\x61\x6b\x65\x75\x70\x5f\x65\x76\x65\x6e\x74\x73\0\x77\x61\x6b\x65\x75\x70\
\x5f\x77\x61\x74\x65\x72\x6d\x61\x72\x6b\0\x62\x70\x5f\x61\x64\x64\x72\0\x6b\
\x70\x72\x6f\x62\x65\x5f\x66\x75\x6e\x63\0\x75\x70\x72\x6f\x62\x65\x5f\x70\x61\
\x74\x68\0\x63\x6f\x6e\x66\x69\x67\x31\0\x62\x70\x5f\x6c\x65\x6e\0\x6b\x70\x72\
\x6f\x62\x65\x5f\x61\x64\x64\x72\0\x70\x72\x6f\x62\x65\x5f\x6f\x66\x66\x73\x65\
\x74\0\x63\x6f\x6e\x66\x69\x67\x32\0\x5f\x5f\x73\x33\x32\0\x68\x77\x5f\x70\x65\
\x72\x66\x5f\x65\x76\x65\x6e\x74\0\x74\x61\x72\x67\x65\x74\0\x70\x72\x65\x76\
\x5f\x63\x6f\x75\x6e\x74\0\x69\x6e\x74\x65\x72\x72\x75\x70\x74\x73\x5f\x73\x65\
\x71\0\x69\x6e\x74\x65\x72\x72\x75\x70\x74\x73\0\x66\x72\x65\x71\x5f\x74\x69\
\x6d\x65\x5f\x73\x74\x61\x6d\x70\0\x66\x72\x65\x71\x5f\x63\x6f\x75\x6e\x74\x5f\
\x73\x74\x61\x6d\x70\0\x6c\x61\x73\x74\x5f\x74\x61\x67\0\x63\x6f\x6e\x66\x69\
\x67\x5f\x62\x61\x73\x65\0\x65\x76\x65\x6e\x74\x5f\x62\x61\x73\x65\0\x65\x76\
\x65\x6e\x74\x5f\x62\x61\x73\x65\x5f\x72\x64\x70\x6d\x63\0\x69\x64\x78\0\x6c\
\x61\x73\x74\x5f\x63\x70\x75\0\x65\x78\x74\x72\x61\x5f\x72\x65\x67\0\x62\x72\
\x61\x6e\x63\x68\x5f\x72\x65\x67\0\x68\x77\x5f\x70\x65\x72\x66\x5f\x65\x76\x65\
\x6e\x74\x5f\x65\x78\x74\x72\x61\0\x72\x65\x67\0\x61\x6c\x6c\x6f\x63\0\x74\x70\
\x5f\x6c\x69\x73\x74\0\x70\x77\x72\x5f\x61\x63\x63\0\x70\x74\x73\x63\0\x69\x6e\
\x66\x6f\0\x62\x70\x5f\x6c\x69\x73\x74\0\x61\x72\x63\x68\x5f\x68\x77\x5f\x62\
\x72\x65\x61\x6b\x70\x6f\x69\x6e\x74\0\x61\x64\x64\x72\x65\x73\x73\0\x74\x72\
\x69\x67\x67\x65\x72\0\x63\x74\x72\x6c\0\x61\x72\x63\x68\x5f\x68\x77\x5f\x62\
\x72\x65\x61\x6b\x70\x6f\x69\x6e\x74\x5f\x63\x74\x72\x6c\0\x6c\x65\x6e\0\x70\
\x72\x69\x76\x69\x6c\x65\x67\x65\0\x65\x6e\x61\x62\x6c\x65\x64\0\x69\x6f\x6d\
\x6d\x75\x5f\x62\x61\x6e\x6b\0\x69\x6f\x6d\x6d\x75\x5f\x63\x6e\x74\x72\0\x70\
\x61\x64\x64\x69\x6e\x67\0\x63\x6f\x6e\x66\0\x63\x6f\x6e\x66\x31\0\x6c\x61\x73\
\x74\x5f\x70\x65\x72\x69\x6f\x64\0\x70\x65\x72\x69\x6f\x64\x5f\x6c\x65\x66\x74\
\0\x73\x61\x76\x65\x64\x5f\x6d\x65\x74\x72\x69\x63\0\x73\x61\x76\x65\x64\x5f\
\x73\x6c\x6f\x74\x73\0\x77\x61\x69\x74\x5f\x71\x75\x65\x75\x65\x5f\x68\x65\x61\
\x64\x5f\x74\0\x77\x61\x69\x74\x5f\x71\x75\x65\x75\x65\x5f\x68\x65\x61\x64\0\
\x68\x65\x61\x64\0\x69\x72\x71\x5f\x77\x6f\x72\x6b\0\x70\x65\x72\x66\x5f\x61\
\x64\x64\x72\x5f\x66\x69\x6c\x74\x65\x72\x73\x5f\x68\x65\x61\x64\0\x6e\x72\x5f\
\x66\x69\x6c\x65\x5f\x66\x69\x6c\x74\x65\x72\x73\0\x70\x65\x72\x66\x5f\x6f\x76\
\x65\x72\x66\x6c\x6f\x77\x5f\x68\x61\x6e\x64\x6c\x65\x72\x5f\x74\0\x70\x65\x72\
\x66\x5f\x73\x61\x6d\x70\x6c\x65\x5f\x64\x61\x74\x61\0\x61\x64\x64\x72\0\x72\
\x61\x77\0\x62\x72\x5f\x73\x74\x61\x63\x6b\0\x70\x65\x72\x69\x6f\x64\0\x74\x78\
\x6e\0\x64\x61\x74\x61\x5f\x73\x72\x63\0\x69\x70\0\x74\x69\x64\x5f\x65\x6e\x74\
\x72\x79\0\x73\x74\x72\x65\x61\x6d\x5f\x69\x64\0\x63\x70\x75\x5f\x65\x6e\x74\
\x72\x79\0\x63\x61\x6c\x6c\x63\x68\x61\x69\x6e\0\x61\x75\x78\x5f\x73\x69\x7a\
\x65\0\x72\x65\x67\x73\x5f\x75\x73\x65\x72\0\x72\x65\x67\x73\x5f\x69\x6e\x74\
\x72\0\x73\x74\x61\x63\x6b\x5f\x75\x73\x65\x72\x5f\x73\x69\x7a\x65\0\x70\x68\
\x79\x73\x5f\x61\x64\x64\x72\0\x64\x61\x74\x61\x5f\x70\x61\x67\x65\x5f\x73\x69\
\x7a\x65\0\x63\x6f\x64\x65\x5f\x70\x61\x67\x65\x5f\x73\x69\x7a\x65\0\x70\x65\
\x72\x66\x5f\x73\x61\x6d\x70\x6c\x65\x5f\x77\x65\x69\x67\x68\x74\0\x66\x75\x6c\
\x6c\0\x76\x61\x72\x31\x5f\x64\x77\0\x76\x61\x72\x32\x5f\x77\0\x76\x61\x72\x33\
\x5f\x77\0\x70\x65\x72\x66\x5f\x6d\x65\x6d\x5f\x64\x61\x74\x61\x5f\x73\x72\x63\
\0\x6d\x65\x6d\x5f\x6f\x70\0\x6d\x65\x6d\x5f\x6c\x76\x6c\0\x6d\x65\x6d\x5f\x73\
\x6e\x6f\x6f\x70\0\x6d\x65\x6d\x5f\x6c\x6f\x63\x6b\0\x6d\x65\x6d\x5f\x64\x74\
\x6c\x62\0\x6d\x65\x6d\x5f\x6c\x76\x6c\x5f\x6e\x75\x6d\0\x6d\x65\x6d\x5f\x72\
\x65\x6d\x6f\x74\x65\0\x6d\x65\x6d\x5f\x73\x6e\x6f\x6f\x70\x78\0\x6d\x65\x6d\
\x5f\x62\x6c\x6b\0\x6d\x65\x6d\x5f\x72\x73\x76\x64\0\x74\x69\x64\0\x72\x65\x73\
\x65\x72\x76\x65\x64\0\x70\x65\x72\x66\x5f\x72\x65\x67\x73\0\x61\x62\x69\0\x72\
\x65\x67\x73\0\x70\x74\x5f\x72\x65\x67\x73\0\x6f\x72\x69\x67\x5f\x78\x30\0\x73\
\x79\x73\x63\x61\x6c\x6c\x6e\x6f\0\x75\x6e\x75\x73\x65\x64\x32\0\x73\x64\x65\
\x69\x5f\x74\x74\x62\x72\x31\0\x70\x6d\x72\x5f\x73\x61\x76\x65\0\x73\x74\x61\
\x63\x6b\x66\x72\x61\x6d\x65\0\x6c\x6f\x63\x6b\x64\x65\x70\x5f\x68\x61\x72\x64\
\x69\x72\x71\x73\0\x65\x78\x69\x74\x5f\x72\x63\x75\0\x75\x73\x65\x72\x5f\x72\
\x65\x67\x73\0\x75\x73\x65\x72\x5f\x70\x74\x5f\x72\x65\x67\x73\0\x70\x73\x74\
\x61\x74\x65\0\x73\x33\x32\0\x70\x72\x69\x76\x61\x74\x65\0\x73\x61\x76\x65\x64\
\x5f\x66\x75\x6e\x63\0\x6c\x6f\x63\x61\x6c\x5f\x68\x61\x73\x68\0\x66\x75\x6e\
\x63\x5f\x68\x61\x73\x68\0\x6f\x6c\x64\x5f\x68\x61\x73\x68\0\x74\x72\x61\x6d\
\x70\x6f\x6c\x69\x6e\x65\0\x74\x72\x61\x6d\x70\x6f\x6c\x69\x6e\x65\x5f\x73\x69\
\x7a\x65\0\x66\x74\x72\x61\x63\x65\x5f\x66\x75\x6e\x63\x5f\x74\0\x66\x74\x72\
\x61\x63\x65\x5f\x72\x65\x67\x73\0\x66\x74\x72\x61\x63\x65\x5f\x6f\x70\x73\x5f\
\x68\x61\x73\x68\0\x6e\x6f\x74\x72\x61\x63\x65\x5f\x68\x61\x73\x68\0\x66\x69\
\x6c\x74\x65\x72\x5f\x68\x61\x73\x68\0\x72\x65\x67\x65\x78\x5f\x6c\x6f\x63\x6b\
\0\x70\x74\x72\x61\x75\x74\x68\x5f\x6b\x65\x79\x73\x5f\x75\x73\x65\x72\0\x61\
\x70\x69\x61\0\x61\x70\x69\x62\0\x61\x70\x64\x61\0\x61\x70\x64\x62\0\x61\x70\
\x67\x61\0\x70\x74\x72\x61\x75\x74\x68\x5f\x6b\x65\x79\0\x6c\x6f\0\x68\x69\0\
\x70\x74\x72\x61\x75\x74\x68\x5f\x6b\x65\x79\x73\x5f\x6b\x65\x72\x6e\x65\x6c\0\
\x30\x3a\x34\0\x2f\x62\x75\x69\x6c\x64\x2f\x61\x72\x6d\x36\x34\x2d\x67\x65\x6e\
\x65\x72\x69\x63\x2f\x76\x61\x72\x2f\x63\x61\x63\x68\x65\x2f\x70\x6f\x72\x74\
\x61\x67\x65\x2f\x63\x68\x72\x6f\x6d\x65\x6f\x73\x2d\x62\x61\x73\x65\x2f\x73\
\x65\x63\x61\x67\x65\x6e\x74\x64\x2f\x6f\x75\x74\x2f\x44\x65\x66\x61\x75\x6c\
\x74\x2f\x2e\x2e\x2f\x2e\x2e\x2f\x2e\x2e\x2f\x2e\x2e\x2f\x2e\x2e\x2f\x2e\x2e\
\x2f\x2e\x2e\x2f\x74\x6d\x70\x2f\x70\x6f\x72\x74\x61\x67\x65\x2f\x63\x68\x72\
\x6f\x6d\x65\x6f\x73\x2d\x62\x61\x73\x65\x2f\x73\x65\x63\x61\x67\x65\x6e\x74\
\x64\x2d\x39\x39\x39\x39\x2f\x77\x6f\x72\x6b\x2f\x73\x65\x63\x61\x67\x65\x6e\
\x74\x64\x2d\x39\x39\x39\x39\x2f\x70\x6c\x61\x74\x66\x6f\x72\x6d\x32\x2f\x73\
\x65\x63\x61\x67\x65\x6e\x74\x64\x2f\x62\x70\x66\x2f\x70\x72\x6f\x63\x65\x73\
\x73\x5f\x62\x70\x66\x2e\x63\0\x69\x6e\x74\x20\x42\x50\x46\x5f\x50\x52\x4f\x47\
\x28\x68\x61\x6e\x64\x6c\x65\x5f\x73\x63\x68\x65\x64\x5f\x70\x72\x6f\x63\x65\
\x73\x73\x5f\x65\x78\x65\x63\x2c\0\x2f\x62\x75\x69\x6c\x64\x2f\x61\x72\x6d\x36\
\x34\x2d\x67\x65\x6e\x65\x72\x69\x63\x2f\x74\x6d\x70\x2f\x70\x6f\x72\x74\x61\
\x67\x65\x2f\x63\x68\x72\x6f\x6d\x65\x6f\x73\x2d\x62\x61\x73\x65\x2f\x73\x65\
\x63\x61\x67\x65\x6e\x74\x64\x2d\x39\x39\x39\x39\x2f\x77\x6f\x72\x6b\x2f\x73\
\x65\x63\x61\x67\x65\x6e\x74\x64\x2d\x39\x39\x39\x39\x2f\x70\x6c\x61\x74\x66\
\x6f\x72\x6d\x32\x2f\x73\x65\x63\x61\x67\x65\x6e\x74\x64\x2f\x62\x70\x66\x2f\
\x62\x70\x66\x5f\x75\x74\x69\x6c\x73\x2e\x68\0\x20\x20\x72\x65\x74\x75\x72\x6e\
\x20\x28\x42\x50\x46\x5f\x43\x4f\x52\x45\x5f\x52\x45\x41\x44\x28\x74\x2c\x20\
\x66\x6c\x61\x67\x73\x29\x20\x26\x20\x30\x78\x30\x30\x32\x30\x30\x30\x30\x30\
\x29\x3b\0\x20\x20\x69\x66\x20\x28\x69\x73\x5f\x6b\x74\x68\x72\x65\x61\x64\x28\
\x63\x75\x72\x72\x65\x6e\x74\x29\x29\x20\x7b\0\x20\x20\x20\x20\x20\x20\x28\x73\
\x74\x72\x75\x63\x74\x20\x63\x72\x6f\x73\x5f\x65\x76\x65\x6e\x74\x2a\x29\x28\
\x62\x70\x66\x5f\x72\x69\x6e\x67\x62\x75\x66\x5f\x72\x65\x73\x65\x72\x76\x65\
\x28\x26\x72\x62\x2c\x20\x73\x69\x7a\x65\x6f\x66\x28\x2a\x65\x76\x65\x6e\x74\
\x29\x2c\x20\x30\x29\x29\x3b\0\x20\x20\x69\x66\x20\x28\x65\x76\x65\x6e\x74\x20\
\x3d\x3d\x20\x4e\x55\x4c\x4c\x29\x20\x7b\0\x20\x20\x65\x76\x65\x6e\x74\x2d\x3e\
\x64\x61\x74\x61\x2e\x70\x72\x6f\x63\x65\x73\x73\x5f\x65\x76\x65\x6e\x74\x2e\
\x74\x79\x70\x65\x20\x3d\x20\x6b\x50\x72\x6f\x63\x65\x73\x73\x53\x74\x61\x72\
\x74\x45\x76\x65\x6e\x74\x3b\0\x20\x20\x65\x76\x65\x6e\x74\x2d\x3e\x74\x79\x70\
\x65\x20\x3d\x20\x6b\x50\x72\x6f\x63\x65\x73\x73\x45\x76\x65\x6e\x74\x3b\0\x30\
\x3a\x38\x33\0\x20\x20\x20\x20\x20\x20\x63\x72\x6f\x73\x5f\x6e\x6f\x72\x6d\x61\
\x6c\x69\x7a\x65\x5f\x74\x6f\x5f\x6c\x61\x73\x74\x5f\x65\x78\x65\x63\x28\x42\
\x50\x46\x5f\x43\x4f\x52\x45\x5f\x52\x45\x41\x44\x28\x74\x2c\x20\x72\x65\x61\
\x6c\x5f\x70\x61\x72\x65\x6e\x74\x2c\x20\x67\x72\x6f\x75\x70\x5f\x6c\x65\x61\
\x64\x65\x72\x29\x29\x3b\0\x30\x3a\x38\x37\0\x20\x20\x66\x6f\x72\x20\x28\x69\
\x6e\x74\x20\x69\x20\x3d\x20\x30\x3b\x20\x69\x20\x3c\x20\x36\x34\x3b\x20\x2b\
\x2b\x69\x29\x20\x7b\0\x20\x20\x20\x20\x73\x74\x72\x75\x63\x74\x20\x74\x61\x73\
\x6b\x5f\x73\x74\x72\x75\x63\x74\x2a\x20\x70\x61\x72\x65\x6e\x74\x20\x3d\x20\
\x42\x50\x46\x5f\x43\x4f\x52\x45\x5f\x52\x45\x41\x44\x28\x72\x65\x74\x2c\x20\
\x72\x65\x61\x6c\x5f\x70\x61\x72\x65\x6e\x74\x2c\x20\x67\x72\x6f\x75\x70\x5f\
\x6c\x65\x61\x64\x65\x72\x29\x3b\0\x20\x20\x20\x20\x69\x66\x20\x28\x28\x21\x70\
\x61\x72\x65\x6e\x74\x29\x20\x7c\x7c\x20\x28\x42\x50\x46\x5f\x43\x4f\x52\x45\
\x5f\x52\x45\x41\x44\x28\x72\x65\x74\x2c\x20\x73\x65\x6c\x66\x5f\x65\x78\x65\
\x63\x5f\x69\x64\x29\x20\x21\x3d\0\x30\x3a\x31\x33\x38\0\x20\x20\x20\x20\x20\
\x20\x20\x20\x20\x20\x20\x20\x20\x20\x20\x20\x20\x20\x20\x20\x20\x20\x42\x50\
\x46\x5f\x43\x4f\x52\x45\x5f\x52\x45\x41\x44\x28\x70\x61\x72\x65\x6e\x74\x2c\
\x20\x73\x65\x6c\x66\x5f\x65\x78\x65\x63\x5f\x69\x64\x29\x29\x29\x20\x7b\0\x30\
\x3a\x38\x31\0\x20\x20\x74\x61\x73\x6b\x5f\x69\x6e\x66\x6f\x2d\x3e\x70\x70\x69\
\x64\x20\x3d\x20\x42\x50\x46\x5f\x43\x4f\x52\x45\x5f\x52\x45\x41\x44\x28\x70\
\x61\x72\x65\x6e\x74\x2c\x20\x74\x67\x69\x64\x29\x3b\0\x30\x3a\x31\x30\x35\0\
\x20\x20\x74\x61\x73\x6b\x5f\x69\x6e\x66\x6f\x2d\x3e\x70\x61\x72\x65\x6e\x74\
\x5f\x73\x74\x61\x72\x74\x5f\x74\x69\x6d\x65\x20\x3d\x20\x42\x50\x46\x5f\x43\
\x4f\x52\x45\x5f\x52\x45\x41\x44\x28\x70\x61\x72\x65\x6e\x74\x2c\x20\x73\x74\
\x61\x72\x74\x5f\x62\x6f\x6f\x74\x74\x69\x6d\x65\x29\x3b\0\x20\x20\x74\x61\x73\
\x6b\x5f\x69\x6e\x66\x6f\x2d\x3e\x73\x74\x61\x72\x74\x5f\x74\x69\x6d\x65\x20\
\x3d\x20\x42\x50\x46\x5f\x43\x4f\x52\x45\x5f\x52\x45\x41\x44\x28\x74\x2c\x20\
\x67\x72\x6f\x75\x70\x5f\x6c\x65\x61\x64\x65\x72\x2c\x20\x73\x74\x61\x72\x74\
\x5f\x62\x6f\x6f\x74\x74\x69\x6d\x65\x29\x3b\0\x20\x20\x74\x61\x73\x6b\x5f\x69\
\x6e\x66\x6f\x2d\x3e\x70\x69\x64\x20\x3d\x20\x42\x50\x46\x5f\x43\x4f\x52\x45\
\x5f\x52\x45\x41\x44\x28\x74\x2c\x20\x74\x67\x69\x64\x29\x3b\0\x30\x3a\x31\x31\
\x30\0\x20\x20\x74\x61\x73\x6b\x5f\x69\x6e\x66\x6f\x2d\x3e\x75\x69\x64\x20\x3d\
\x20\x42\x50\x46\x5f\x43\x4f\x52\x45\x5f\x52\x45\x41\x44\x28\x74\x2c\x20\x72\
\x65\x61\x6c\x5f\x63\x72\x65\x64\x2c\x20\x75\x69\x64\x2e\x76\x61\x6c\x29\x3b\0\
\x30\x3a\x34\x3a\x30\0\x20\x20\x74\x61\x73\x6b\x5f\x69\x6e\x66\x6f\x2d\x3e\x67\
\x69\x64\x20\x3d\x20\x42\x50\x46\x5f\x43\x4f\x52\x45\x5f\x52\x45\x41\x44\x28\
\x74\x2c\x20\x72\x65\x61\x6c\x5f\x63\x72\x65\x64\x2c\x20\x67\x69\x64\x2e\x76\
\x61\x6c\x29\x3b\0\x30\x3a\x35\x3a\x30\0\x30\x3a\x35\x35\0\x20\x20\x63\x6f\x6e\
\x73\x74\x20\x75\x69\x6e\x74\x70\x74\x72\x5f\x74\x20\x61\x72\x67\x5f\x73\x74\
\x61\x72\x74\x20\x3d\x20\x28\x75\x69\x6e\x74\x70\x74\x72\x5f\x74\x29\x42\x50\
\x46\x5f\x43\x4f\x52\x45\x5f\x52\x45\x41\x44\x28\x74\x2c\x20\x6d\x6d\x2c\x20\
\x61\x72\x67\x5f\x73\x74\x61\x72\x74\x29\x3b\0\x6d\x6d\x5f\x73\x74\x72\x75\x63\
\x74\0\x63\x70\x75\x5f\x62\x69\x74\x6d\x61\x70\0\x6d\x6d\x5f\x72\x62\0\x76\x6d\
\x61\x63\x61\x63\x68\x65\x5f\x73\x65\x71\x6e\x75\x6d\0\x67\x65\x74\x5f\x75\x6e\
\x6d\x61\x70\x70\x65\x64\x5f\x61\x72\x65\x61\0\x6d\x6d\x61\x70\x5f\x62\x61\x73\
\x65\0\x6d\x6d\x61\x70\x5f\x6c\x65\x67\x61\x63\x79\x5f\x62\x61\x73\x65\0\x74\
\x61\x73\x6b\x5f\x73\x69\x7a\x65\0\x68\x69\x67\x68\x65\x73\x74\x5f\x76\x6d\x5f\
\x65\x6e\x64\0\x70\x67\x64\0\x6d\x65\x6d\x62\x61\x72\x72\x69\x65\x72\x5f\x73\
\x74\x61\x74\x65\0\x6d\x6d\x5f\x75\x73\x65\x72\x73\0\x6d\x6d\x5f\x63\x6f\x75\
\x6e\x74\0\x70\x67\x74\x61\x62\x6c\x65\x73\x5f\x62\x79\x74\x65\x73\0\x6d\x61\
\x70\x5f\x63\x6f\x75\x6e\x74\0\x70\x61\x67\x65\x5f\x74\x61\x62\x6c\x65\x5f\x6c\
\x6f\x63\x6b\0\x6d\x6d\x61\x70\x5f\x6c\x6f\x63\x6b\0\x6d\x6d\x6c\x69\x73\x74\0\
\x68\x69\x77\x61\x74\x65\x72\x5f\x72\x73\x73\0\x68\x69\x77\x61\x74\x65\x72\x5f\
\x76\x6d\0\x74\x6f\x74\x61\x6c\x5f\x76\x6d\0\x6c\x6f\x63\x6b\x65\x64\x5f\x76\
\x6d\0\x70\x69\x6e\x6e\x65\x64\x5f\x76\x6d\0\x64\x61\x74\x61\x5f\x76\x6d\0\x65\
\x78\x65\x63\x5f\x76\x6d\0\x73\x74\x61\x63\x6b\x5f\x76\x6d\0\x64\x65\x66\x5f\
\x66\x6c\x61\x67\x73\0\x77\x72\x69\x74\x65\x5f\x70\x72\x6f\x74\x65\x63\x74\x5f\
\x73\x65\x71\0\x61\x72\x67\x5f\x6c\x6f\x63\x6b\0\x73\x74\x61\x72\x74\x5f\x63\
\x6f\x64\x65\0\x65\x6e\x64\x5f\x63\x6f\x64\x65\0\x73\x74\x61\x72\x74\x5f\x64\
\x61\x74\x61\0\x65\x6e\x64\x5f\x64\x61\x74\x61\0\x73\x74\x61\x72\x74\x5f\x62\
\x72\x6b\0\x62\x72\x6b\0\x73\x74\x61\x72\x74\x5f\x73\x74\x61\x63\x6b\0\x61\x72\
\x67\x5f\x73\x74\x61\x72\x74\0\x61\x72\x67\x5f\x65\x6e\x64\0\x65\x6e\x76\x5f\
\x73\x74\x61\x72\x74\0\x65\x6e\x76\x5f\x65\x6e\x64\0\x73\x61\x76\x65\x64\x5f\
\x61\x75\x78\x76\0\x62\x69\x6e\x66\x6d\x74\0\x63\x6f\x6e\x74\x65\x78\x74\0\x63\
\x6f\x72\x65\x5f\x73\x74\x61\x74\x65\0\x69\x6f\x63\x74\x78\x5f\x6c\x6f\x63\x6b\
\0\x69\x6f\x63\x74\x78\x5f\x74\x61\x62\x6c\x65\0\x65\x78\x65\x5f\x66\x69\x6c\
\x65\0\x74\x6c\x62\x5f\x66\x6c\x75\x73\x68\x5f\x70\x65\x6e\x64\x69\x6e\x67\0\
\x75\x70\x72\x6f\x62\x65\x73\x5f\x73\x74\x61\x74\x65\0\x61\x73\x79\x6e\x63\x5f\
\x70\x75\x74\x5f\x77\x6f\x72\x6b\0\x70\x61\x73\x69\x64\0\x6c\x72\x75\x5f\x67\
\x65\x6e\0\x66\x69\x6c\x65\0\x66\x5f\x75\0\x66\x5f\x70\x61\x74\x68\0\x66\x5f\
\x69\x6e\x6f\x64\x65\0\x66\x5f\x6f\x70\0\x66\x5f\x6c\x6f\x63\x6b\0\x66\x5f\x77\
\x72\x69\x74\x65\x5f\x68\x69\x6e\x74\0\x66\x5f\x63\x6f\x75\x6e\x74\0\x66\x5f\
\x66\x6c\x61\x67\x73\0\x66\x5f\x6d\x6f\x64\x65\0\x66\x5f\x70\x6f\x73\x5f\x6c\
\x6f\x63\x6b\0\x66\x5f\x70\x6f\x73\0\x66\x5f\x6f\x77\x6e\x65\x72\0\x66\x5f\x63\
\x72\x65\x64\0\x66\x5f\x72\x61\0\x66\x5f\x76\x65\x72\x73\x69\x6f\x6e\0\x66\x5f\
\x73\x65\x63\x75\x72\x69\x74\x79\0\x70\x72\x69\x76\x61\x74\x65\x5f\x64\x61\x74\
\x61\0\x66\x5f\x65\x70\0\x66\x5f\x6d\x61\x70\x70\x69\x6e\x67\0\x66\x5f\x77\x62\
\x5f\x65\x72\x72\0\x66\x5f\x73\x62\x5f\x65\x72\x72\0\x66\x75\x5f\x6c\x6c\x69\
\x73\x74\0\x66\x75\x5f\x72\x63\x75\x68\x65\x61\x64\0\x70\x61\x74\x68\0\x6d\x6e\
\x74\0\x64\x65\x6e\x74\x72\x79\0\x6c\x69\x6e\x6b\x5f\x63\x6f\x75\x6e\x74\0\x72\
\x77\x5f\x68\x69\x6e\x74\0\x57\x52\x49\x54\x45\x5f\x4c\x49\x46\x45\x5f\x4e\x4f\
\x54\x5f\x53\x45\x54\0\x57\x52\x49\x54\x45\x5f\x4c\x49\x46\x45\x5f\x4e\x4f\x4e\
\x45\0\x57\x52\x49\x54\x45\x5f\x4c\x49\x46\x45\x5f\x53\x48\x4f\x52\x54\0\x57\
\x52\x49\x54\x45\x5f\x4c\x49\x46\x45\x5f\x4d\x45\x44\x49\x55\x4d\0\x57\x52\x49\
\x54\x45\x5f\x4c\x49\x46\x45\x5f\x4c\x4f\x4e\x47\0\x57\x52\x49\x54\x45\x5f\x4c\
\x49\x46\x45\x5f\x45\x58\x54\x52\x45\x4d\x45\0\x66\x6d\x6f\x64\x65\x5f\x74\0\
\x6c\x6f\x66\x66\x5f\x74\0\x5f\x5f\x6b\x65\x72\x6e\x65\x6c\x5f\x6c\x6f\x66\x66\
\x5f\x74\0\x66\x6f\x77\x6e\x5f\x73\x74\x72\x75\x63\x74\0\x70\x69\x64\x5f\x74\
\x79\x70\x65\0\x73\x69\x67\x6e\x75\x6d\0\x72\x77\x6c\x6f\x63\x6b\x5f\x74\0\x61\
\x72\x63\x68\x5f\x72\x77\x6c\x6f\x63\x6b\x5f\x74\0\x71\x72\x77\x6c\x6f\x63\x6b\
\0\x63\x6e\x74\x73\0\x77\x6c\x6f\x63\x6b\x65\x64\0\x5f\x5f\x6c\x73\x74\x61\x74\
\x65\0\x50\x49\x44\x54\x59\x50\x45\x5f\x50\x49\x44\0\x50\x49\x44\x54\x59\x50\
\x45\x5f\x54\x47\x49\x44\0\x50\x49\x44\x54\x59\x50\x45\x5f\x50\x47\x49\x44\0\
\x50\x49\x44\x54\x59\x50\x45\x5f\x53\x49\x44\0\x50\x49\x44\x54\x59\x50\x45\x5f\
\x4d\x41\x58\0\x66\x69\x6c\x65\x5f\x72\x61\x5f\x73\x74\x61\x74\x65\0\x73\x74\
\x61\x72\x74\0\x61\x73\x79\x6e\x63\x5f\x73\x69\x7a\x65\0\x72\x61\x5f\x70\x61\
\x67\x65\x73\0\x6d\x6d\x61\x70\x5f\x6d\x69\x73\x73\0\x70\x72\x65\x76\x5f\x70\
\x6f\x73\0\x65\x72\x72\x73\x65\x71\x5f\x74\0\x70\x67\x64\x5f\x74\0\x70\x67\x64\
\x76\x61\x6c\x5f\x74\0\x72\x77\x5f\x73\x65\x6d\x61\x70\x68\x6f\x72\x65\0\x6d\
\x6d\x5f\x72\x73\x73\x5f\x73\x74\x61\x74\0\x6d\x6d\x5f\x63\x6f\x6e\x74\x65\x78\
\x74\x5f\x74\0\x73\x69\x67\x70\x61\x67\x65\0\x76\x64\x73\x6f\0\x78\x6f\x6c\x5f\
\x61\x72\x65\x61\0\x77\x6f\x72\x6b\x5f\x73\x74\x72\x75\x63\x74\0\x64\x61\x74\
\x61\0\x77\x6f\x72\x6b\x5f\x66\x75\x6e\x63\x5f\x74\0\x62\x69\x74\x6d\x61\x70\0\
\x30\x3a\x30\x3a\x33\x35\0\x20\x20\x63\x6f\x6e\x73\x74\x20\x75\x69\x6e\x74\x70\
\x74\x72\x5f\x74\x20\x61\x72\x67\x5f\x65\x6e\x64\x20\x3d\x20\x28\x75\x69\x6e\
\x74\x70\x74\x72\x5f\x74\x29\x42\x50\x46\x5f\x43\x4f\x52\x45\x5f\x52\x45\x41\
\x44\x28\x74\x2c\x20\x6d\x6d\x2c\x20\x61\x72\x67\x5f\x65\x6e\x64\x29\x3b\0\x30\
\x3a\x30\x3a\x33\x36\0\x20\x20\x69\x66\x20\x28\x28\x61\x72\x67\x5f\x65\x6e\x64\
\x20\x2d\x20\x61\x72\x67\x5f\x73\x74\x61\x72\x74\x29\x20\x3e\x20\x73\x69\x7a\
\x65\x6f\x66\x28\x74\x61\x73\x6b\x5f\x69\x6e\x66\x6f\x2d\x3e\x63\x6f\x6d\x6d\
\x61\x6e\x64\x6c\x69\x6e\x65\x29\x29\x20\x7b\0\x20\x20\x62\x70\x66\x5f\x70\x72\
\x6f\x62\x65\x5f\x72\x65\x61\x64\x5f\x75\x73\x65\x72\x28\x74\x61\x73\x6b\x5f\
\x69\x6e\x66\x6f\x2d\x3e\x63\x6f\x6d\x6d\x61\x6e\x64\x6c\x69\x6e\x65\x2c\x20\
\x74\x61\x73\x6b\x5f\x69\x6e\x66\x6f\x2d\x3e\x63\x6f\x6d\x6d\x61\x6e\x64\x6c\
\x69\x6e\x65\x5f\x6c\x65\x6e\x2c\0\x20\x20\x69\x66\x20\x28\x74\x61\x73\x6b\x5f\
\x69\x6e\x66\x6f\x2d\x3e\x63\x6f\x6d\x6d\x61\x6e\x64\x6c\x69\x6e\x65\x5f\x6c\
\x65\x6e\x20\x3d\x3d\x20\x73\x69\x7a\x65\x6f\x66\x28\x74\x61\x73\x6b\x5f\x69\
\x6e\x66\x6f\x2d\x3e\x63\x6f\x6d\x6d\x61\x6e\x64\x6c\x69\x6e\x65\x29\x29\x20\
\x7b\0\x20\x20\x20\x20\x74\x61\x73\x6b\x5f\x69\x6e\x66\x6f\x2d\x3e\x63\x6f\x6d\
\x6d\x61\x6e\x64\x6c\x69\x6e\x65\x5b\x74\x61\x73\x6b\x5f\x69\x6e\x66\x6f\x2d\
\x3e\x63\x6f\x6d\x6d\x61\x6e\x64\x6c\x69\x6e\x65\x5f\x6c\x65\x6e\x20\x2d\x20\
\x31\x5d\x20\x3d\x20\x27\x5c\x30\x27\x3b\0\x30\x3a\x31\x32\x31\0\x20\x20\x6e\
\x73\x5f\x69\x6e\x66\x6f\x2d\x3e\x70\x69\x64\x5f\x6e\x73\x20\x3d\x20\x42\x50\
\x46\x5f\x43\x4f\x52\x45\x5f\x52\x45\x41\x44\x28\x74\x2c\x20\x6e\x73\x70\x72\
\x6f\x78\x79\x2c\x20\x70\x69\x64\x5f\x6e\x73\x5f\x66\x6f\x72\x5f\x63\x68\x69\
\x6c\x64\x72\x65\x6e\x2c\x20\x6e\x73\x2e\x69\x6e\x75\x6d\x29\x3b\0\x75\x74\x73\
\x5f\x6e\x73\0\x69\x70\x63\x5f\x6e\x73\0\x6d\x6e\x74\x5f\x6e\x73\0\x70\x69\x64\
\x5f\x6e\x73\x5f\x66\x6f\x72\x5f\x63\x68\x69\x6c\x64\x72\x65\x6e\0\x6e\x65\x74\
\x5f\x6e\x73\0\x74\x69\x6d\x65\x5f\x6e\x73\0\x74\x69\x6d\x65\x5f\x6e\x73\x5f\
\x66\x6f\x72\x5f\x63\x68\x69\x6c\x64\x72\x65\x6e\0\x63\x67\x72\x6f\x75\x70\x5f\
\x6e\x73\0\x70\x69\x64\x5f\x6e\x61\x6d\x65\x73\x70\x61\x63\x65\0\x69\x64\x72\0\
\x70\x69\x64\x5f\x61\x6c\x6c\x6f\x63\x61\x74\x65\x64\0\x63\x68\x69\x6c\x64\x5f\
\x72\x65\x61\x70\x65\x72\0\x70\x69\x64\x5f\x63\x61\x63\x68\x65\x70\0\x6c\x65\
\x76\x65\x6c\0\x72\x65\x62\x6f\x6f\x74\0\x6d\x65\x6d\x66\x64\x5f\x6e\x6f\x65\
\x78\x65\x63\x5f\x73\x63\x6f\x70\x65\0\x69\x64\x72\x5f\x72\x74\0\x69\x64\x72\
\x5f\x62\x61\x73\x65\0\x69\x64\x72\x5f\x6e\x65\x78\x74\0\x78\x61\x72\x72\x61\
\x79\0\x78\x61\x5f\x6c\x6f\x63\x6b\0\x78\x61\x5f\x66\x6c\x61\x67\x73\0\x78\x61\
\x5f\x68\x65\x61\x64\0\x67\x66\x70\x5f\x74\0\x6e\x73\x5f\x63\x6f\x6d\x6d\x6f\
\x6e\0\x73\x74\x61\x73\x68\x65\x64\0\x6f\x70\x73\0\x69\x6e\x75\x6d\0\x30\x3a\
\x31\x30\x3a\x32\0\x20\x20\x6e\x73\x5f\x69\x6e\x66\x6f\x2d\x3e\x6d\x6e\x74\x5f\
\x6e\x73\x20\x3d\x20\x42\x50\x46\x5f\x43\x4f\x52\x45\x5f\x52\x45\x41\x44\x28\
\x74\x2c\x20\x6e\x73\x70\x72\x6f\x78\x79\x2c\x20\x6d\x6e\x74\x5f\x6e\x73\x2c\
\x20\x6e\x73\x2e\x69\x6e\x75\x6d\x29\x3b\0\x30\x3a\x33\0\x6d\x6e\x74\x5f\x6e\
\x61\x6d\x65\x73\x70\x61\x63\x65\0\x72\x6f\x6f\x74\0\x6e\x73\x5f\x6c\x6f\x63\
\x6b\0\x73\x65\x71\0\x65\x76\x65\x6e\x74\0\x6d\x6f\x75\x6e\x74\x73\0\x70\x65\
\x6e\x64\x69\x6e\x67\x5f\x6d\x6f\x75\x6e\x74\x73\0\x30\x3a\x30\x3a\x32\0\x20\
\x20\x6e\x73\x5f\x69\x6e\x66\x6f\x2d\x3e\x63\x67\x72\x6f\x75\x70\x5f\x6e\x73\
\x20\x3d\x20\x42\x50\x46\x5f\x43\x4f\x52\x45\x5f\x52\x45\x41\x44\x28\x74\x2c\
\x20\x6e\x73\x70\x72\x6f\x78\x79\x2c\x20\x63\x67\x72\x6f\x75\x70\x5f\x6e\x73\
\x2c\x20\x6e\x73\x2e\x69\x6e\x75\x6d\x29\x3b\0\x30\x3a\x38\0\x63\x67\x72\x6f\
\x75\x70\x5f\x6e\x61\x6d\x65\x73\x70\x61\x63\x65\0\x72\x6f\x6f\x74\x5f\x63\x73\
\x65\x74\0\x20\x20\x6e\x73\x5f\x69\x6e\x66\x6f\x2d\x3e\x69\x70\x63\x5f\x6e\x73\
\x20\x3d\x20\x42\x50\x46\x5f\x43\x4f\x52\x45\x5f\x52\x45\x41\x44\x28\x74\x2c\
\x20\x6e\x73\x70\x72\x6f\x78\x79\x2c\x20\x69\x70\x63\x5f\x6e\x73\x2c\x20\x6e\
\x73\x2e\x69\x6e\x75\x6d\x29\x3b\0\x30\x3a\x32\0\x69\x70\x63\x5f\x6e\x61\x6d\
\x65\x73\x70\x61\x63\x65\0\x69\x64\x73\0\x73\x65\x6d\x5f\x63\x74\x6c\x73\0\x75\
\x73\x65\x64\x5f\x73\x65\x6d\x73\0\x6d\x73\x67\x5f\x63\x74\x6c\x6d\x61\x78\0\
\x6d\x73\x67\x5f\x63\x74\x6c\x6d\x6e\x62\0\x6d\x73\x67\x5f\x63\x74\x6c\x6d\x6e\
\x69\0\x6d\x73\x67\x5f\x62\x79\x74\x65\x73\0\x6d\x73\x67\x5f\x68\x64\x72\x73\0\
\x73\x68\x6d\x5f\x63\x74\x6c\x6d\x61\x78\0\x73\x68\x6d\x5f\x63\x74\x6c\x61\x6c\
\x6c\0\x73\x68\x6d\x5f\x74\x6f\x74\0\x73\x68\x6d\x5f\x63\x74\x6c\x6d\x6e\x69\0\
\x73\x68\x6d\x5f\x72\x6d\x69\x64\x5f\x66\x6f\x72\x63\x65\x64\0\x69\x70\x63\x6e\
\x73\x5f\x6e\x62\0\x6d\x71\x5f\x6d\x6e\x74\0\x6d\x71\x5f\x71\x75\x65\x75\x65\
\x73\x5f\x63\x6f\x75\x6e\x74\0\x6d\x71\x5f\x71\x75\x65\x75\x65\x73\x5f\x6d\x61\
\x78\0\x6d\x71\x5f\x6d\x73\x67\x5f\x6d\x61\x78\0\x6d\x71\x5f\x6d\x73\x67\x73\
\x69\x7a\x65\x5f\x6d\x61\x78\0\x6d\x71\x5f\x6d\x73\x67\x5f\x64\x65\x66\x61\x75\
\x6c\x74\0\x6d\x71\x5f\x6d\x73\x67\x73\x69\x7a\x65\x5f\x64\x65\x66\x61\x75\x6c\
\x74\0\x6d\x6e\x74\x5f\x6c\x6c\x69\x73\x74\0\x69\x70\x63\x5f\x69\x64\x73\0\x69\
\x6e\x5f\x75\x73\x65\0\x72\x77\x73\x65\x6d\0\x69\x70\x63\x73\x5f\x69\x64\x72\0\
\x6d\x61\x78\x5f\x69\x64\x78\0\x6c\x61\x73\x74\x5f\x69\x64\x78\0\x6b\x65\x79\
\x5f\x68\x74\0\x72\x68\x61\x73\x68\x74\x61\x62\x6c\x65\0\x74\x62\x6c\0\x6b\x65\
\x79\x5f\x6c\x65\x6e\0\x6d\x61\x78\x5f\x65\x6c\x65\x6d\x73\0\x70\0\x72\x68\x6c\
\x69\x73\x74\0\x72\x75\x6e\x5f\x77\x6f\x72\x6b\0\x6e\x65\x6c\x65\x6d\x73\0\x72\
\x68\x61\x73\x68\x74\x61\x62\x6c\x65\x5f\x70\x61\x72\x61\x6d\x73\0\x6e\x65\x6c\
\x65\x6d\x5f\x68\x69\x6e\x74\0\x6b\x65\x79\x5f\x6f\x66\x66\x73\x65\x74\0\x68\
\x65\x61\x64\x5f\x6f\x66\x66\x73\x65\x74\0\x6d\x61\x78\x5f\x73\x69\x7a\x65\0\
\x6d\x69\x6e\x5f\x73\x69\x7a\x65\0\x61\x75\x74\x6f\x6d\x61\x74\x69\x63\x5f\x73\
\x68\x72\x69\x6e\x6b\x69\x6e\x67\0\x68\x61\x73\x68\x66\x6e\0\x6f\x62\x6a\x5f\
\x68\x61\x73\x68\x66\x6e\0\x6f\x62\x6a\x5f\x63\x6d\x70\x66\x6e\0\x72\x68\x74\
\x5f\x68\x61\x73\x68\x66\x6e\x5f\x74\0\x72\x68\x74\x5f\x6f\x62\x6a\x5f\x68\x61\
\x73\x68\x66\x6e\x5f\x74\0\x72\x68\x74\x5f\x6f\x62\x6a\x5f\x63\x6d\x70\x66\x6e\
\x5f\x74\0\x72\x68\x61\x73\x68\x74\x61\x62\x6c\x65\x5f\x63\x6f\x6d\x70\x61\x72\
\x65\x5f\x61\x72\x67\0\x68\x74\0\x6b\x65\x79\0\x6e\x6f\x74\x69\x66\x69\x65\x72\
\x5f\x62\x6c\x6f\x63\x6b\0\x6e\x6f\x74\x69\x66\x69\x65\x72\x5f\x63\x61\x6c\x6c\
\0\x70\x72\x69\x6f\x72\x69\x74\x79\0\x6e\x6f\x74\x69\x66\x69\x65\x72\x5f\x66\
\x6e\x5f\x74\0\x30\x3a\x32\x34\x3a\x32\0\x20\x20\x6e\x73\x5f\x69\x6e\x66\x6f\
\x2d\x3e\x6e\x65\x74\x5f\x6e\x73\x20\x3d\x20\x42\x50\x46\x5f\x43\x4f\x52\x45\
\x5f\x52\x45\x41\x44\x28\x74\x2c\x20\x6e\x73\x70\x72\x6f\x78\x79\x2c\x20\x6e\
\x65\x74\x5f\x6e\x73\x2c\x20\x6e\x73\x2e\x69\x6e\x75\x6d\x29\x3b\0\x30\x3a\x35\
\0\x6e\x65\x74\0\x70\x61\x73\x73\x69\x76\x65\0\x72\x75\x6c\x65\x73\x5f\x6d\x6f\
\x64\x5f\x6c\x6f\x63\x6b\0\x64\x65\x76\x5f\x75\x6e\x72\x65\x67\x5f\x63\x6f\x75\
\x6e\x74\0\x64\x65\x76\x5f\x62\x61\x73\x65\x5f\x73\x65\x71\0\x69\x66\x69\x6e\
\x64\x65\x78\0\x6e\x73\x69\x64\x5f\x6c\x6f\x63\x6b\0\x66\x6e\x68\x65\x5f\x67\
\x65\x6e\x69\x64\0\x65\x78\x69\x74\x5f\x6c\x69\x73\x74\0\x63\x6c\x65\x61\x6e\
\x75\x70\x5f\x6c\x69\x73\x74\0\x6b\x65\x79\x5f\x64\x6f\x6d\x61\x69\x6e\0\x6e\
\x65\x74\x6e\x73\x5f\x69\x64\x73\0\x64\x65\x76\x5f\x62\x61\x73\x65\x5f\x68\x65\
\x61\x64\0\x70\x72\x6f\x63\x5f\x6e\x65\x74\0\x70\x72\x6f\x63\x5f\x6e\x65\x74\
\x5f\x73\x74\x61\x74\0\x73\x79\x73\x63\x74\x6c\x73\0\x72\x74\x6e\x6c\0\x67\x65\
\x6e\x6c\x5f\x73\x6f\x63\x6b\0\x75\x65\x76\x65\x6e\x74\x5f\x73\x6f\x63\x6b\0\
\x64\x65\x76\x5f\x6e\x61\x6d\x65\x5f\x68\x65\x61\x64\0\x64\x65\x76\x5f\x69\x6e\
\x64\x65\x78\x5f\x68\x65\x61\x64\0\x6e\x65\x74\x64\x65\x76\x5f\x63\x68\x61\x69\
\x6e\0\x68\x61\x73\x68\x5f\x6d\x69\x78\0\x6c\x6f\x6f\x70\x62\x61\x63\x6b\x5f\
\x64\x65\x76\0\x72\x75\x6c\x65\x73\x5f\x6f\x70\x73\0\x63\x6f\x72\x65\0\x6d\x69\
\x62\0\x70\x61\x63\x6b\x65\x74\0\x75\x6e\x78\0\x6e\x65\x78\x74\x68\x6f\x70\0\
\x69\x70\x76\x34\0\x69\x70\x76\x36\0\x6e\x66\0\x63\x74\0\x77\x65\x78\x74\x5f\
\x6e\x6c\x65\x76\x65\x6e\x74\x73\0\x67\x65\x6e\0\x62\x70\x66\0\x78\x66\x72\x6d\
\0\x6e\x65\x74\x5f\x63\x6f\x6f\x6b\x69\x65\0\x64\x69\x61\x67\x5f\x6e\x6c\x73\
\x6b\0\x63\x74\x6c\x5f\x74\x61\x62\x6c\x65\x5f\x73\x65\x74\0\x69\x73\x5f\x73\
\x65\x65\x6e\0\x64\x69\x72\0\x63\x74\x6c\x5f\x64\x69\x72\0\x68\x65\x61\x64\x65\
\x72\0\x63\x74\x6c\x5f\x74\x61\x62\x6c\x65\x5f\x68\x65\x61\x64\x65\x72\0\x75\
\x6e\x72\x65\x67\x69\x73\x74\x65\x72\x69\x6e\x67\0\x63\x74\x6c\x5f\x74\x61\x62\
\x6c\x65\x5f\x61\x72\x67\0\x73\x65\x74\0\x69\x6e\x6f\x64\x65\x73\0\x63\x74\x6c\
\x5f\x74\x61\x62\x6c\x65\0\x75\x73\x65\x64\0\x6e\x72\x65\x67\0\x68\x6c\x69\x73\
\x74\x5f\x68\x65\x61\x64\0\x66\x69\x72\x73\x74\0\x72\x61\x77\x5f\x6e\x6f\x74\
\x69\x66\x69\x65\x72\x5f\x68\x65\x61\x64\0\x6e\x65\x74\x6e\x73\x5f\x63\x6f\x72\
\x65\0\x73\x79\x73\x63\x74\x6c\x5f\x68\x64\x72\0\x73\x79\x73\x63\x74\x6c\x5f\
\x73\x6f\x6d\x61\x78\x63\x6f\x6e\x6e\0\x73\x79\x73\x63\x74\x6c\x5f\x61\x6e\x64\
\x72\x6f\x69\x64\x5f\x70\x61\x72\x61\x6e\x6f\x69\x64\0\x73\x6f\x63\x6b\x5f\x69\
\x6e\x75\x73\x65\0\x70\x72\x6f\x74\x5f\x69\x6e\x75\x73\x65\0\x6e\x65\x74\x6e\
\x73\x5f\x6d\x69\x62\0\x69\x70\x5f\x73\x74\x61\x74\x69\x73\x74\x69\x63\x73\0\
\x69\x70\x76\x36\x5f\x73\x74\x61\x74\x69\x73\x74\x69\x63\x73\0\x74\x63\x70\x5f\
\x73\x74\x61\x74\x69\x73\x74\x69\x63\x73\0\x6e\x65\x74\x5f\x73\x74\x61\x74\x69\
\x73\x74\x69\x63\x73\0\x75\x64\x70\x5f\x73\x74\x61\x74\x69\x73\x74\x69\x63\x73\
\0\x75\x64\x70\x5f\x73\x74\x61\x74\x73\x5f\x69\x6e\x36\0\x75\x64\x70\x6c\x69\
\x74\x65\x5f\x73\x74\x61\x74\x69\x73\x74\x69\x63\x73\0\x75\x64\x70\x6c\x69\x74\
\x65\x5f\x73\x74\x61\x74\x73\x5f\x69\x6e\x36\0\x69\x63\x6d\x70\x5f\x73\x74\x61\
\x74\x69\x73\x74\x69\x63\x73\0\x69\x63\x6d\x70\x6d\x73\x67\x5f\x73\x74\x61\x74\
\x69\x73\x74\x69\x63\x73\0\x69\x63\x6d\x70\x76\x36\x5f\x73\x74\x61\x74\x69\x73\
\x74\x69\x63\x73\0\x69\x63\x6d\x70\x76\x36\x6d\x73\x67\x5f\x73\x74\x61\x74\x69\
\x73\x74\x69\x63\x73\0\x70\x72\x6f\x63\x5f\x6e\x65\x74\x5f\x64\x65\x76\x73\x6e\
\x6d\x70\x36\0\x6e\x65\x74\x6e\x73\x5f\x70\x61\x63\x6b\x65\x74\0\x73\x6b\x6c\
\x69\x73\x74\x5f\x6c\x6f\x63\x6b\0\x73\x6b\x6c\x69\x73\x74\0\x6e\x65\x74\x6e\
\x73\x5f\x75\x6e\x69\x78\0\x73\x79\x73\x63\x74\x6c\x5f\x6d\x61\x78\x5f\x64\x67\
\x72\x61\x6d\x5f\x71\x6c\x65\x6e\0\x63\x74\x6c\0\x6e\x65\x74\x6e\x73\x5f\x6e\
\x65\x78\x74\x68\x6f\x70\0\x64\x65\x76\x68\x61\x73\x68\0\x6c\x61\x73\x74\x5f\
\x69\x64\x5f\x61\x6c\x6c\x6f\x63\x61\x74\x65\x64\0\x6e\x6f\x74\x69\x66\x69\x65\
\x72\x5f\x63\x68\x61\x69\x6e\0\x62\x6c\x6f\x63\x6b\x69\x6e\x67\x5f\x6e\x6f\x74\
\x69\x66\x69\x65\x72\x5f\x68\x65\x61\x64\0\x6e\x65\x74\x6e\x73\x5f\x69\x70\x76\
\x34\0\x74\x63\x70\x5f\x64\x65\x61\x74\x68\x5f\x72\x6f\x77\0\x66\x6f\x72\x77\
\x5f\x68\x64\x72\0\x66\x72\x61\x67\x73\x5f\x68\x64\x72\0\x69\x70\x76\x34\x5f\
\x68\x64\x72\0\x72\x6f\x75\x74\x65\x5f\x68\x64\x72\0\x78\x66\x72\x6d\x34\x5f\
\x68\x64\x72\0\x64\x65\x76\x63\x6f\x6e\x66\x5f\x61\x6c\x6c\0\x64\x65\x76\x63\
\x6f\x6e\x66\x5f\x64\x66\x6c\x74\0\x72\x61\x5f\x63\x68\x61\x69\x6e\0\x72\x61\
\x5f\x6d\x75\x74\x65\x78\0\x66\x69\x62\x5f\x6d\x61\x69\x6e\0\x66\x69\x62\x5f\
\x64\x65\x66\x61\x75\x6c\x74\0\x66\x69\x62\x5f\x72\x75\x6c\x65\x73\x5f\x72\x65\
\x71\x75\x69\x72\x65\x5f\x66\x6c\x64\x69\x73\x73\x65\x63\x74\0\x66\x69\x62\x5f\
\x68\x61\x73\x5f\x63\x75\x73\x74\x6f\x6d\x5f\x72\x75\x6c\x65\x73\0\x66\x69\x62\
\x5f\x68\x61\x73\x5f\x63\x75\x73\x74\x6f\x6d\x5f\x6c\x6f\x63\x61\x6c\x5f\x72\
\x6f\x75\x74\x65\x73\0\x66\x69\x62\x5f\x6f\x66\x66\x6c\x6f\x61\x64\x5f\x64\x69\
\x73\x61\x62\x6c\x65\x64\0\x66\x69\x62\x5f\x74\x61\x62\x6c\x65\x5f\x68\x61\x73\
\x68\0\x66\x69\x62\x6e\x6c\0\x69\x63\x6d\x70\x5f\x73\x6b\0\x6d\x63\x5f\x61\x75\
\x74\x6f\x6a\x6f\x69\x6e\x5f\x73\x6b\0\x70\x65\x65\x72\x73\0\x66\x71\x64\x69\
\x72\0\x73\x79\x73\x63\x74\x6c\x5f\x69\x63\x6d\x70\x5f\x65\x63\x68\x6f\x5f\x69\
\x67\x6e\x6f\x72\x65\x5f\x61\x6c\x6c\0\x73\x79\x73\x63\x74\x6c\x5f\x69\x63\x6d\
\x70\x5f\x65\x63\x68\x6f\x5f\x65\x6e\x61\x62\x6c\x65\x5f\x70\x72\x6f\x62\x65\0\
\x73\x79\x73\x63\x74\x6c\x5f\x69\x63\x6d\x70\x5f\x65\x63\x68\x6f\x5f\x69\x67\
\x6e\x6f\x72\x65\x5f\x62\x72\x6f\x61\x64\x63\x61\x73\x74\x73\0\x73\x79\x73\x63\
\x74\x6c\x5f\x69\x63\x6d\x70\x5f\x69\x67\x6e\x6f\x72\x65\x5f\x62\x6f\x67\x75\
\x73\x5f\x65\x72\x72\x6f\x72\x5f\x72\x65\x73\x70\x6f\x6e\x73\x65\x73\0\x73\x79\
\x73\x63\x74\x6c\x5f\x69\x63\x6d\x70\x5f\x65\x72\x72\x6f\x72\x73\x5f\x75\x73\
\x65\x5f\x69\x6e\x62\x6f\x75\x6e\x64\x5f\x69\x66\x61\x64\x64\x72\0\x73\x79\x73\
\x63\x74\x6c\x5f\x69\x63\x6d\x70\x5f\x72\x61\x74\x65\x6c\x69\x6d\x69\x74\0\x73\
\x79\x73\x63\x74\x6c\x5f\x69\x63\x6d\x70\x5f\x72\x61\x74\x65\x6d\x61\x73\x6b\0\
\x69\x70\x5f\x6c\x6f\x63\x61\x6c\x5f\x70\x6f\x72\x74\x73\0\x73\x79\x73\x63\x74\
\x6c\x5f\x74\x63\x70\x5f\x65\x63\x6e\0\x73\x79\x73\x63\x74\x6c\x5f\x74\x63\x70\
\x5f\x65\x63\x6e\x5f\x66\x61\x6c\x6c\x62\x61\x63\x6b\0\x73\x79\x73\x63\x74\x6c\
\x5f\x69\x70\x5f\x64\x65\x66\x61\x75\x6c\x74\x5f\x74\x74\x6c\0\x73\x79\x73\x63\
\x74\x6c\x5f\x69\x70\x5f\x6e\x6f\x5f\x70\x6d\x74\x75\x5f\x64\x69\x73\x63\0\x73\
\x79\x73\x63\x74\x6c\x5f\x69\x70\x5f\x66\x77\x64\x5f\x75\x73\x65\x5f\x70\x6d\
\x74\x75\0\x73\x79\x73\x63\x74\x6c\x5f\x69\x70\x5f\x66\x77\x64\x5f\x75\x70\x64\
\x61\x74\x65\x5f\x70\x72\x69\x6f\x72\x69\x74\x79\0\x73\x79\x73\x63\x74\x6c\x5f\
\x69\x70\x5f\x6e\x6f\x6e\x6c\x6f\x63\x61\x6c\x5f\x62\x69\x6e\x64\0\x73\x79\x73\
\x63\x74\x6c\x5f\x69\x70\x5f\x61\x75\x74\x6f\x62\x69\x6e\x64\x5f\x72\x65\x75\
\x73\x65\0\x73\x79\x73\x63\x74\x6c\x5f\x69\x70\x5f\x64\x79\x6e\x61\x64\x64\x72\
\0\x73\x79\x73\x63\x74\x6c\x5f\x69\x70\x5f\x65\x61\x72\x6c\x79\x5f\x64\x65\x6d\
\x75\x78\0\x73\x79\x73\x63\x74\x6c\x5f\x74\x63\x70\x5f\x65\x61\x72\x6c\x79\x5f\
\x64\x65\x6d\x75\x78\0\x73\x79\x73\x63\x74\x6c\x5f\x75\x64\x70\x5f\x65\x61\x72\
\x6c\x79\x5f\x64\x65\x6d\x75\x78\0\x73\x79\x73\x63\x74\x6c\x5f\x6e\x65\x78\x74\
\x68\x6f\x70\x5f\x63\x6f\x6d\x70\x61\x74\x5f\x6d\x6f\x64\x65\0\x73\x79\x73\x63\
\x74\x6c\x5f\x66\x77\x6d\x61\x72\x6b\x5f\x72\x65\x66\x6c\x65\x63\x74\0\x73\x79\
\x73\x63\x74\x6c\x5f\x74\x63\x70\x5f\x66\x77\x6d\x61\x72\x6b\x5f\x61\x63\x63\
\x65\x70\x74\0\x73\x79\x73\x63\x74\x6c\x5f\x74\x63\x70\x5f\x64\x65\x66\x61\x75\
\x6c\x74\x5f\x69\x6e\x69\x74\x5f\x72\x77\x6e\x64\0\x73\x79\x73\x63\x74\x6c\x5f\
\x74\x63\x70\x5f\x6d\x74\x75\x5f\x70\x72\x6f\x62\x69\x6e\x67\0\x73\x79\x73\x63\
\x74\x6c\x5f\x74\x63\x70\x5f\x6d\x74\x75\x5f\x70\x72\x6f\x62\x65\x5f\x66\x6c\
\x6f\x6f\x72\0\x73\x79\x73\x63\x74\x6c\x5f\x74\x63\x70\x5f\x62\x61\x73\x65\x5f\
\x6d\x73\x73\0\x73\x79\x73\x63\x74\x6c\x5f\x74\x63\x70\x5f\x6d\x69\x6e\x5f\x73\
\x6e\x64\x5f\x6d\x73\x73\0\x73\x79\x73\x63\x74\x6c\x5f\x74\x63\x70\x5f\x70\x72\
\x6f\x62\x65\x5f\x74\x68\x72\x65\x73\x68\x6f\x6c\x64\0\x73\x79\x73\x63\x74\x6c\
\x5f\x74\x63\x70\x5f\x70\x72\x6f\x62\x65\x5f\x69\x6e\x74\x65\x72\x76\x61\x6c\0\
\x73\x79\x73\x63\x74\x6c\x5f\x74\x63\x70\x5f\x6b\x65\x65\x70\x61\x6c\x69\x76\
\x65\x5f\x74\x69\x6d\x65\0\x73\x79\x73\x63\x74\x6c\x5f\x74\x63\x70\x5f\x6b\x65\
\x65\x70\x61\x6c\x69\x76\x65\x5f\x69\x6e\x74\x76\x6c\0\x73\x79\x73\x63\x74\x6c\
\x5f\x74\x63\x70\x5f\x6b\x65\x65\x70\x61\x6c\x69\x76\x65\x5f\x70\x72\x6f\x62\
\x65\x73\0\x73\x79\x73\x63\x74\x6c\x5f\x74\x63\x70\x5f\x73\x79\x6e\x5f\x72\x65\
\x74\x72\x69\x65\x73\0\x73\x79\x73\x63\x74\x6c\x5f\x74\x63\x70\x5f\x73\x79\x6e\
\x61\x63\x6b\x5f\x72\x65\x74\x72\x69\x65\x73\0\x73\x79\x73\x63\x74\x6c\x5f\x74\
\x63\x70\x5f\x73\x79\x6e\x63\x6f\x6f\x6b\x69\x65\x73\0\x73\x79\x73\x63\x74\x6c\
\x5f\x74\x63\x70\x5f\x6d\x69\x67\x72\x61\x74\x65\x5f\x72\x65\x71\0\x73\x79\x73\
\x63\x74\x6c\x5f\x74\x63\x70\x5f\x72\x65\x6f\x72\x64\x65\x72\x69\x6e\x67\0\x73\
\x79\x73\x63\x74\x6c\x5f\x74\x63\x70\x5f\x72\x65\x74\x72\x69\x65\x73\x31\0\x73\
\x79\x73\x63\x74\x6c\x5f\x74\x63\x70\x5f\x72\x65\x74\x72\x69\x65\x73\x32\0\x73\
\x79\x73\x63\x74\x6c\x5f\x74\x63\x70\x5f\x6f\x72\x70\x68\x61\x6e\x5f\x72\x65\
\x74\x72\x69\x65\x73\0\x73\x79\x73\x63\x74\x6c\x5f\x74\x63\x70\x5f\x74\x77\x5f\
\x72\x65\x75\x73\x65\0\x73\x79\x73\x63\x74\x6c\x5f\x74\x63\x70\x5f\x66\x69\x6e\
\x5f\x74\x69\x6d\x65\x6f\x75\x74\0\x73\x79\x73\x63\x74\x6c\x5f\x74\x63\x70\x5f\
\x6e\x6f\x74\x73\x65\x6e\x74\x5f\x6c\x6f\x77\x61\x74\0\x73\x79\x73\x63\x74\x6c\
\x5f\x74\x63\x70\x5f\x73\x61\x63\x6b\0\x73\x79\x73\x63\x74\x6c\x5f\x74\x63\x70\
\x5f\x77\x69\x6e\x64\x6f\x77\x5f\x73\x63\x61\x6c\x69\x6e\x67\0\x73\x79\x73\x63\
\x74\x6c\x5f\x74\x63\x70\x5f\x74\x69\x6d\x65\x73\x74\x61\x6d\x70\x73\0\x73\x79\
\x73\x63\x74\x6c\x5f\x74\x63\x70\x5f\x65\x61\x72\x6c\x79\x5f\x72\x65\x74\x72\
\x61\x6e\x73\0\x73\x79\x73\x63\x74\x6c\x5f\x74\x63\x70\x5f\x72\x65\x63\x6f\x76\
\x65\x72\x79\0\x73\x79\x73\x63\x74\x6c\x5f\x74\x63\x70\x5f\x74\x68\x69\x6e\x5f\
\x6c\x69\x6e\x65\x61\x72\x5f\x74\x69\x6d\x65\x6f\x75\x74\x73\0\x73\x79\x73\x63\
\x74\x6c\x5f\x74\x63\x70\x5f\x73\x6c\x6f\x77\x5f\x73\x74\x61\x72\x74\x5f\x61\
\x66\x74\x65\x72\x5f\x69\x64\x6c\x65\0\x73\x79\x73\x63\x74\x6c\x5f\x74\x63\x70\
\x5f\x72\x65\x74\x72\x61\x6e\x73\x5f\x63\x6f\x6c\x6c\x61\x70\x73\x65\0\x73\x79\
\x73\x63\x74\x6c\x5f\x74\x63\x70\x5f\x73\x74\x64\x75\x72\x67\0\x73\x79\x73\x63\
\x74\x6c\x5f\x74\x63\x70\x5f\x72\x66\x63\x31\x33\x33\x37\0\x73\x79\x73\x63\x74\
\x6c\x5f\x74\x63\x70\x5f\x61\x62\x6f\x72\x74\x5f\x6f\x6e\x5f\x6f\x76\x65\x72\
\x66\x6c\x6f\x77\0\x73\x79\x73\x63\x74\x6c\x5f\x74\x63\x70\x5f\x66\x61\x63\x6b\
\0\x73\x79\x73\x63\x74\x6c\x5f\x74\x63\x70\x5f\x6d\x61\x78\x5f\x72\x65\x6f\x72\
\x64\x65\x72\x69\x6e\x67\0\x73\x79\x73\x63\x74\x6c\x5f\x74\x63\x70\x5f\x61\x64\
\x76\x5f\x77\x69\x6e\x5f\x73\x63\x61\x6c\x65\0\x73\x79\x73\x63\x74\x6c\x5f\x74\
\x63\x70\x5f\x64\x73\x61\x63\x6b\0\x73\x79\x73\x63\x74\x6c\x5f\x74\x63\x70\x5f\
\x61\x70\x70\x5f\x77\x69\x6e\0\x73\x79\x73\x63\x74\x6c\x5f\x74\x63\x70\x5f\x66\
\x72\x74\x6f\0\x73\x79\x73\x63\x74\x6c\x5f\x74\x63\x70\x5f\x6e\x6f\x6d\x65\x74\
\x72\x69\x63\x73\x5f\x73\x61\x76\x65\0\x73\x79\x73\x63\x74\x6c\x5f\x74\x63\x70\
\x5f\x6e\x6f\x5f\x73\x73\x74\x68\x72\x65\x73\x68\x5f\x6d\x65\x74\x72\x69\x63\
\x73\x5f\x73\x61\x76\x65\0\x73\x79\x73\x63\x74\x6c\x5f\x74\x63\x70\x5f\x6d\x6f\
\x64\x65\x72\x61\x74\x65\x5f\x72\x63\x76\x62\x75\x66\0\x73\x79\x73\x63\x74\x6c\
\x5f\x74\x63\x70\x5f\x74\x73\x6f\x5f\x77\x69\x6e\x5f\x64\x69\x76\x69\x73\x6f\
\x72\0\x73\x79\x73\x63\x74\x6c\x5f\x74\x63\x70\x5f\x77\x6f\x72\x6b\x61\x72\x6f\
\x75\x6e\x64\x5f\x73\x69\x67\x6e\x65\x64\x5f\x77\x69\x6e\x64\x6f\x77\x73\0\x73\
\x79\x73\x63\x74\x6c\x5f\x74\x63\x70\x5f\x6c\x69\x6d\x69\x74\x5f\x6f\x75\x74\
\x70\x75\x74\x5f\x62\x79\x74\x65\x73\0\x73\x79\x73\x63\x74\x6c\x5f\x74\x63\x70\
\x5f\x63\x68\x61\x6c\x6c\x65\x6e\x67\x65\x5f\x61\x63\x6b\x5f\x6c\x69\x6d\x69\
\x74\0\x73\x79\x73\x63\x74\x6c\x5f\x74\x63\x70\x5f\x6d\x69\x6e\x5f\x72\x74\x74\
\x5f\x77\x6c\x65\x6e\0\x73\x79\x73\x63\x74\x6c\x5f\x74\x63\x70\x5f\x6d\x69\x6e\
\x5f\x74\x73\x6f\x5f\x73\x65\x67\x73\0\x73\x79\x73\x63\x74\x6c\x5f\x74\x63\x70\
\x5f\x61\x75\x74\x6f\x63\x6f\x72\x6b\x69\x6e\x67\0\x73\x79\x73\x63\x74\x6c\x5f\
\x74\x63\x70\x5f\x72\x65\x66\x6c\x65\x63\x74\x5f\x74\x6f\x73\0\x73\x79\x73\x63\
\x74\x6c\x5f\x74\x63\x70\x5f\x63\x6f\x6d\x70\x5f\x73\x61\x63\x6b\x5f\x6e\x72\0\
\x73\x79\x73\x63\x74\x6c\x5f\x74\x63\x70\x5f\x69\x6e\x76\x61\x6c\x69\x64\x5f\
\x72\x61\x74\x65\x6c\x69\x6d\x69\x74\0\x73\x79\x73\x63\x74\x6c\x5f\x74\x63\x70\
\x5f\x70\x61\x63\x69\x6e\x67\x5f\x73\x73\x5f\x72\x61\x74\x69\x6f\0\x73\x79\x73\
\x63\x74\x6c\x5f\x74\x63\x70\x5f\x70\x61\x63\x69\x6e\x67\x5f\x63\x61\x5f\x72\
\x61\x74\x69\x6f\0\x73\x79\x73\x63\x74\x6c\x5f\x74\x63\x70\x5f\x77\x6d\x65\x6d\
\0\x73\x79\x73\x63\x74\x6c\x5f\x74\x63\x70\x5f\x72\x6d\x65\x6d\0\x73\x79\x73\
\x63\x74\x6c\x5f\x74\x63\x70\x5f\x63\x6f\x6d\x70\x5f\x73\x61\x63\x6b\x5f\x64\
\x65\x6c\x61\x79\x5f\x6e\x73\0\x73\x79\x73\x63\x74\x6c\x5f\x74\x63\x70\x5f\x63\
\x6f\x6d\x70\x5f\x73\x61\x63\x6b\x5f\x73\x6c\x61\x63\x6b\x5f\x6e\x73\0\x73\x79\
\x73\x63\x74\x6c\x5f\x6d\x61\x78\x5f\x73\x79\x6e\x5f\x62\x61\x63\x6b\x6c\x6f\
\x67\0\x73\x79\x73\x63\x74\x6c\x5f\x74\x63\x70\x5f\x66\x61\x73\x74\x6f\x70\x65\
\x6e\0\x74\x63\x70\x5f\x63\x6f\x6e\x67\x65\x73\x74\x69\x6f\x6e\x5f\x63\x6f\x6e\
\x74\x72\x6f\x6c\0\x74\x63\x70\x5f\x66\x61\x73\x74\x6f\x70\x65\x6e\x5f\x63\x74\
\x78\0\x73\x79\x73\x63\x74\x6c\x5f\x74\x63\x70\x5f\x66\x61\x73\x74\x6f\x70\x65\
\x6e\x5f\x62\x6c\x61\x63\x6b\x68\x6f\x6c\x65\x5f\x74\x69\x6d\x65\x6f\x75\x74\0\
\x74\x66\x6f\x5f\x61\x63\x74\x69\x76\x65\x5f\x64\x69\x73\x61\x62\x6c\x65\x5f\
\x74\x69\x6d\x65\x73\0\x74\x66\x6f\x5f\x61\x63\x74\x69\x76\x65\x5f\x64\x69\x73\
\x61\x62\x6c\x65\x5f\x73\x74\x61\x6d\x70\0\x73\x79\x73\x63\x74\x6c\x5f\x75\x64\
\x70\x5f\x77\x6d\x65\x6d\x5f\x6d\x69\x6e\0\x73\x79\x73\x63\x74\x6c\x5f\x75\x64\
\x70\x5f\x72\x6d\x65\x6d\x5f\x6d\x69\x6e\0\x73\x79\x73\x63\x74\x6c\x5f\x66\x69\
\x62\x5f\x6e\x6f\x74\x69\x66\x79\x5f\x6f\x6e\x5f\x66\x6c\x61\x67\x5f\x63\x68\
\x61\x6e\x67\x65\0\x73\x79\x73\x63\x74\x6c\x5f\x69\x67\x6d\x70\x5f\x6c\x6c\x6d\
\x5f\x72\x65\x70\x6f\x72\x74\x73\0\x73\x79\x73\x63\x74\x6c\x5f\x69\x67\x6d\x70\
\x5f\x6d\x61\x78\x5f\x6d\x65\x6d\x62\x65\x72\x73\x68\x69\x70\x73\0\x73\x79\x73\
\x63\x74\x6c\x5f\x69\x67\x6d\x70\x5f\x6d\x61\x78\x5f\x6d\x73\x66\0\x73\x79\x73\
\x63\x74\x6c\x5f\x69\x67\x6d\x70\x5f\x71\x72\x76\0\x70\x69\x6e\x67\x5f\x67\x72\
\x6f\x75\x70\x5f\x72\x61\x6e\x67\x65\0\x64\x65\x76\x5f\x61\x64\x64\x72\x5f\x67\
\x65\x6e\x69\x64\0\x73\x79\x73\x63\x74\x6c\x5f\x6c\x6f\x63\x61\x6c\x5f\x72\x65\
\x73\x65\x72\x76\x65\x64\x5f\x70\x6f\x72\x74\x73\0\x73\x79\x73\x63\x74\x6c\x5f\
\x69\x70\x5f\x70\x72\x6f\x74\x5f\x73\x6f\x63\x6b\0\x6d\x72\x74\0\x73\x79\x73\
\x63\x74\x6c\x5f\x66\x69\x62\x5f\x6d\x75\x6c\x74\x69\x70\x61\x74\x68\x5f\x68\
\x61\x73\x68\x5f\x66\x69\x65\x6c\x64\x73\0\x73\x79\x73\x63\x74\x6c\x5f\x66\x69\
\x62\x5f\x6d\x75\x6c\x74\x69\x70\x61\x74\x68\x5f\x75\x73\x65\x5f\x6e\x65\x69\
\x67\x68\0\x73\x79\x73\x63\x74\x6c\x5f\x66\x69\x62\x5f\x6d\x75\x6c\x74\x69\x70\
\x61\x74\x68\x5f\x68\x61\x73\x68\x5f\x70\x6f\x6c\x69\x63\x79\0\x6e\x6f\x74\x69\
\x66\x69\x65\x72\x5f\x6f\x70\x73\0\x66\x69\x62\x5f\x73\x65\x71\0\x69\x70\x6d\
\x72\x5f\x6e\x6f\x74\x69\x66\x69\x65\x72\x5f\x6f\x70\x73\0\x69\x70\x6d\x72\x5f\
\x73\x65\x71\0\x72\x74\x5f\x67\x65\x6e\x69\x64\0\x69\x70\x5f\x69\x64\x5f\x6b\
\x65\x79\0\x69\x6e\x65\x74\x5f\x74\x69\x6d\x65\x77\x61\x69\x74\x5f\x64\x65\x61\
\x74\x68\x5f\x72\x6f\x77\0\x74\x77\x5f\x63\x6f\x75\x6e\x74\0\x74\x77\x5f\x70\
\x61\x64\0\x68\x61\x73\x68\x69\x6e\x66\x6f\0\x73\x79\x73\x63\x74\x6c\x5f\x6d\
\x61\x78\x5f\x74\x77\x5f\x62\x75\x63\x6b\x65\x74\x73\0\x6c\x6f\x63\x61\x6c\x5f\
\x70\x6f\x72\x74\x73\0\x72\x61\x6e\x67\x65\0\x77\x61\x72\x6e\x65\x64\0\x73\x65\
\x71\x6c\x6f\x63\x6b\x5f\x74\0\x73\x69\x70\x68\x61\x73\x68\x5f\x6b\x65\x79\x5f\
\x74\0\x6e\x65\x74\x6e\x73\x5f\x69\x70\x76\x36\0\x69\x70\x36\x5f\x64\x73\x74\
\x5f\x6f\x70\x73\0\x73\x79\x73\x63\x74\x6c\0\x66\x69\x62\x36\x5f\x6e\x75\x6c\
\x6c\x5f\x65\x6e\x74\x72\x79\0\x69\x70\x36\x5f\x6e\x75\x6c\x6c\x5f\x65\x6e\x74\
\x72\x79\0\x72\x74\x36\x5f\x73\x74\x61\x74\x73\0\x69\x70\x36\x5f\x66\x69\x62\
\x5f\x74\x69\x6d\x65\x72\0\x66\x69\x62\x36\x5f\x6d\x61\x69\x6e\x5f\x74\x62\x6c\
\0\x66\x69\x62\x36\x5f\x77\x61\x6c\x6b\x65\x72\x73\0\x66\x69\x62\x36\x5f\x77\
\x61\x6c\x6b\x65\x72\x5f\x6c\x6f\x63\x6b\0\x66\x69\x62\x36\x5f\x67\x63\x5f\x6c\
\x6f\x63\x6b\0\x69\x70\x36\x5f\x72\x74\x5f\x67\x63\x5f\x65\x78\x70\x69\x72\x65\
\0\x69\x70\x36\x5f\x72\x74\x5f\x6c\x61\x73\x74\x5f\x67\x63\0\x66\x6c\x6f\x77\
\x6c\x61\x62\x65\x6c\x5f\x68\x61\x73\x5f\x65\x78\x63\x6c\0\x66\x69\x62\x36\x5f\
\x68\x61\x73\x5f\x63\x75\x73\x74\x6f\x6d\x5f\x72\x75\x6c\x65\x73\0\x66\x69\x62\
\x36\x5f\x72\x75\x6c\x65\x73\x5f\x72\x65\x71\x75\x69\x72\x65\x5f\x66\x6c\x64\
\x69\x73\x73\x65\x63\x74\0\x69\x70\x36\x5f\x70\x72\x6f\x68\x69\x62\x69\x74\x5f\
\x65\x6e\x74\x72\x79\0\x69\x70\x36\x5f\x62\x6c\x6b\x5f\x68\x6f\x6c\x65\x5f\x65\
\x6e\x74\x72\x79\0\x66\x69\x62\x36\x5f\x6c\x6f\x63\x61\x6c\x5f\x74\x62\x6c\0\
\x66\x69\x62\x36\x5f\x72\x75\x6c\x65\x73\x5f\x6f\x70\x73\0\x6e\x64\x69\x73\x63\
\x5f\x73\x6b\0\x74\x63\x70\x5f\x73\x6b\0\x69\x67\x6d\x70\x5f\x73\x6b\0\x66\x69\
\x62\x36\x5f\x73\x65\x72\x6e\x75\x6d\0\x73\x65\x67\x36\x5f\x64\x61\x74\x61\0\
\x69\x70\x36\x6d\x72\x5f\x6e\x6f\x74\x69\x66\x69\x65\x72\x5f\x6f\x70\x73\0\x69\
\x70\x36\x61\x64\x64\x72\x6c\x62\x6c\x5f\x74\x61\x62\x6c\x65\0\x69\x6f\x61\x6d\
\x36\x5f\x64\x61\x74\x61\0\x64\x73\x74\x5f\x6f\x70\x73\0\x66\x61\x6d\x69\x6c\
\x79\0\x67\x63\x5f\x74\x68\x72\x65\x73\x68\0\x67\x63\0\x63\x68\x65\x63\x6b\0\
\x64\x65\x66\x61\x75\x6c\x74\x5f\x61\x64\x76\x6d\x73\x73\0\x6d\x74\x75\0\x63\
\x6f\x77\x5f\x6d\x65\x74\x72\x69\x63\x73\0\x69\x66\x64\x6f\x77\x6e\0\x6e\x65\
\x67\x61\x74\x69\x76\x65\x5f\x61\x64\x76\x69\x63\x65\0\x6c\x69\x6e\x6b\x5f\x66\
\x61\x69\x6c\x75\x72\x65\0\x75\x70\x64\x61\x74\x65\x5f\x70\x6d\x74\x75\0\x72\
\x65\x64\x69\x72\x65\x63\x74\0\x6c\x6f\x63\x61\x6c\x5f\x6f\x75\x74\0\x6e\x65\
\x69\x67\x68\x5f\x6c\x6f\x6f\x6b\x75\x70\0\x63\x6f\x6e\x66\x69\x72\x6d\x5f\x6e\
\x65\x69\x67\x68\0\x6b\x6d\x65\x6d\x5f\x63\x61\x63\x68\x65\x70\0\x70\x63\x70\
\x75\x63\x5f\x65\x6e\x74\x72\x69\x65\x73\0\x64\x73\x74\x5f\x65\x6e\x74\x72\x79\
\0\x64\x65\x76\0\x5f\x6d\x65\x74\x72\x69\x63\x73\0\x69\x6e\x70\x75\x74\0\x6f\
\x75\x74\x70\x75\x74\0\x6f\x62\x73\x6f\x6c\x65\x74\x65\0\x68\x65\x61\x64\x65\
\x72\x5f\x6c\x65\x6e\0\x74\x72\x61\x69\x6c\x65\x72\x5f\x6c\x65\x6e\0\x5f\x5f\
\x72\x65\x66\x63\x6e\x74\0\x5f\x5f\x75\x73\x65\0\x6c\x61\x73\x74\x75\x73\x65\0\
\x6c\x77\x74\x73\x74\x61\x74\x65\0\x65\x72\x72\x6f\x72\0\x5f\x5f\x70\x61\x64\0\
\x74\x63\x6c\x61\x73\x73\x69\x64\0\x73\x6b\x5f\x62\x75\x66\x66\0\x63\x62\0\x5f\
\x6e\x66\x63\x74\0\x64\x61\x74\x61\x5f\x6c\x65\x6e\0\x6d\x61\x63\x5f\x6c\x65\
\x6e\0\x68\x64\x72\x5f\x6c\x65\x6e\0\x71\x75\x65\x75\x65\x5f\x6d\x61\x70\x70\
\x69\x6e\x67\0\x5f\x5f\x63\x6c\x6f\x6e\x65\x64\x5f\x6f\x66\x66\x73\x65\x74\0\
\x63\x6c\x6f\x6e\x65\x64\0\x6e\x6f\x68\x64\x72\0\x66\x63\x6c\x6f\x6e\x65\0\x70\
\x65\x65\x6b\x65\x64\0\x68\x65\x61\x64\x5f\x66\x72\x61\x67\0\x70\x66\x6d\x65\
\x6d\x61\x6c\x6c\x6f\x63\0\x70\x70\x5f\x72\x65\x63\x79\x63\x6c\x65\0\x61\x63\
\x74\x69\x76\x65\x5f\x65\x78\x74\x65\x6e\x73\x69\x6f\x6e\x73\0\x68\x65\x61\x64\
\x65\x72\x73\x5f\x73\x74\x61\x72\x74\0\x5f\x5f\x70\x6b\x74\x5f\x74\x79\x70\x65\
\x5f\x6f\x66\x66\x73\x65\x74\0\x70\x6b\x74\x5f\x74\x79\x70\x65\0\x69\x67\x6e\
\x6f\x72\x65\x5f\x64\x66\0\x6e\x66\x5f\x74\x72\x61\x63\x65\0\x69\x70\x5f\x73\
\x75\x6d\x6d\x65\x64\0\x6f\x6f\x6f\x5f\x6f\x6b\x61\x79\0\x6c\x34\x5f\x68\x61\
\x73\x68\0\x73\x77\x5f\x68\x61\x73\x68\0\x77\x69\x66\x69\x5f\x61\x63\x6b\x65\
\x64\x5f\x76\x61\x6c\x69\x64\0\x77\x69\x66\x69\x5f\x61\x63\x6b\x65\x64\0\x6e\
\x6f\x5f\x66\x63\x73\0\x65\x6e\x63\x61\x70\x73\x75\x6c\x61\x74\x69\x6f\x6e\0\
\x65\x6e\x63\x61\x70\x5f\x68\x64\x72\x5f\x63\x73\x75\x6d\0\x63\x73\x75\x6d\x5f\
\x76\x61\x6c\x69\x64\0\x5f\x5f\x70\x6b\x74\x5f\x76\x6c\x61\x6e\x5f\x70\x72\x65\
\x73\x65\x6e\x74\x5f\x6f\x66\x66\x73\x65\x74\0\x76\x6c\x61\x6e\x5f\x70\x72\x65\
\x73\x65\x6e\x74\0\x63\x73\x75\x6d\x5f\x63\x6f\x6d\x70\x6c\x65\x74\x65\x5f\x73\
\x77\0\x63\x73\x75\x6d\x5f\x6c\x65\x76\x65\x6c\0\x63\x73\x75\x6d\x5f\x6e\x6f\
\x74\x5f\x69\x6e\x65\x74\0\x64\x73\x74\x5f\x70\x65\x6e\x64\x69\x6e\x67\x5f\x63\
\x6f\x6e\x66\x69\x72\x6d\0\x6e\x64\x69\x73\x63\x5f\x6e\x6f\x64\x65\x74\x79\x70\
\x65\0\x69\x70\x76\x73\x5f\x70\x72\x6f\x70\x65\x72\x74\x79\0\x69\x6e\x6e\x65\
\x72\x5f\x70\x72\x6f\x74\x6f\x63\x6f\x6c\x5f\x74\x79\x70\x65\0\x72\x65\x6d\x63\
\x73\x75\x6d\x5f\x6f\x66\x66\x6c\x6f\x61\x64\0\x74\x63\x5f\x73\x6b\x69\x70\x5f\
\x63\x6c\x61\x73\x73\x69\x66\x79\0\x74\x63\x5f\x61\x74\x5f\x69\x6e\x67\x72\x65\
\x73\x73\0\x72\x65\x64\x69\x72\x65\x63\x74\x65\x64\0\x73\x6c\x6f\x77\x5f\x67\
\x72\x6f\0\x73\x63\x6d\x5f\x69\x6f\x5f\x75\x72\x69\x6e\x67\0\x74\x63\x5f\x69\
\x6e\x64\x65\x78\0\x73\x6b\x62\x5f\x69\x69\x66\0\x68\x61\x73\x68\0\x76\x6c\x61\
\x6e\x5f\x70\x72\x6f\x74\x6f\0\x76\x6c\x61\x6e\x5f\x74\x63\x69\0\x73\x65\x63\
\x6d\x61\x72\x6b\0\x69\x6e\x6e\x65\x72\x5f\x74\x72\x61\x6e\x73\x70\x6f\x72\x74\
\x5f\x68\x65\x61\x64\x65\x72\0\x69\x6e\x6e\x65\x72\x5f\x6e\x65\x74\x77\x6f\x72\
\x6b\x5f\x68\x65\x61\x64\x65\x72\0\x69\x6e\x6e\x65\x72\x5f\x6d\x61\x63\x5f\x68\
\x65\x61\x64\x65\x72\0\x70\x72\x6f\x74\x6f\x63\x6f\x6c\0\x74\x72\x61\x6e\x73\
\x70\x6f\x72\x74\x5f\x68\x65\x61\x64\x65\x72\0\x6e\x65\x74\x77\x6f\x72\x6b\x5f\
\x68\x65\x61\x64\x65\x72\0\x6d\x61\x63\x5f\x68\x65\x61\x64\x65\x72\0\x68\x65\
\x61\x64\x65\x72\x73\x5f\x65\x6e\x64\0\x65\x6e\x64\0\x74\x72\x75\x65\x73\x69\
\x7a\x65\0\x75\x73\x65\x72\x73\0\x65\x78\x74\x65\x6e\x73\x69\x6f\x6e\x73\0\x72\
\x62\x6e\x6f\x64\x65\0\x64\x65\x76\x5f\x73\x63\x72\x61\x74\x63\x68\0\x73\x6b\0\
\x69\x70\x5f\x64\x65\x66\x72\x61\x67\x5f\x6f\x66\x66\x73\x65\x74\0\x73\x6b\x62\
\x5f\x6d\x73\x74\x61\x6d\x70\x5f\x6e\x73\0\x74\x63\x70\x5f\x74\x73\x6f\x72\x74\
\x65\x64\x5f\x61\x6e\x63\x68\x6f\x72\0\x5f\x73\x6b\x5f\x72\x65\x64\x69\x72\0\
\x5f\x73\x6b\x62\x5f\x72\x65\x66\x64\x73\x74\0\x64\x65\x73\x74\x72\x75\x63\x74\
\x6f\x72\0\x63\x73\x75\x6d\0\x5f\x5f\x77\x73\x75\x6d\0\x63\x73\x75\x6d\x5f\x73\
\x74\x61\x72\x74\0\x63\x73\x75\x6d\x5f\x6f\x66\x66\x73\x65\x74\0\x5f\x5f\x62\
\x65\x31\x36\0\x6e\x61\x70\x69\x5f\x69\x64\0\x73\x65\x6e\x64\x65\x72\x5f\x63\
\x70\x75\0\x6d\x61\x72\x6b\0\x72\x65\x73\x65\x72\x76\x65\x64\x5f\x74\x61\x69\
\x6c\x72\x6f\x6f\x6d\0\x69\x6e\x6e\x65\x72\x5f\x70\x72\x6f\x74\x6f\x63\x6f\x6c\
\0\x69\x6e\x6e\x65\x72\x5f\x69\x70\x70\x72\x6f\x74\x6f\0\x73\x6b\x5f\x62\x75\
\x66\x66\x5f\x64\x61\x74\x61\x5f\x74\0\x73\x6f\x63\x6b\0\x5f\x5f\x73\x6b\x5f\
\x63\x6f\x6d\x6d\x6f\x6e\0\x73\x6b\x5f\x6c\x6f\x63\x6b\0\x73\x6b\x5f\x64\x72\
\x6f\x70\x73\0\x73\x6b\x5f\x72\x63\x76\x6c\x6f\x77\x61\x74\0\x73\x6b\x5f\x65\
\x72\x72\x6f\x72\x5f\x71\x75\x65\x75\x65\0\x73\x6b\x5f\x72\x78\x5f\x73\x6b\x62\
\x5f\x63\x61\x63\x68\x65\0\x73\x6b\x5f\x72\x65\x63\x65\x69\x76\x65\x5f\x71\x75\
\x65\x75\x65\0\x73\x6b\x5f\x62\x61\x63\x6b\x6c\x6f\x67\0\x73\x6b\x5f\x66\x6f\
\x72\x77\x61\x72\x64\x5f\x61\x6c\x6c\x6f\x63\0\x73\x6b\x5f\x6c\x6c\x5f\x75\x73\
\x65\x63\0\x73\x6b\x5f\x6e\x61\x70\x69\x5f\x69\x64\0\x73\x6b\x5f\x72\x63\x76\
\x62\x75\x66\0\x73\x6b\x5f\x77\x61\x69\x74\x5f\x70\x65\x6e\x64\x69\x6e\x67\0\
\x73\x6b\x5f\x66\x69\x6c\x74\x65\x72\0\x73\x6b\x5f\x70\x6f\x6c\x69\x63\x79\0\
\x73\x6b\x5f\x72\x78\x5f\x64\x73\x74\0\x73\x6b\x5f\x72\x78\x5f\x64\x73\x74\x5f\
\x69\x66\x69\x6e\x64\x65\x78\0\x73\x6b\x5f\x72\x78\x5f\x64\x73\x74\x5f\x63\x6f\
\x6f\x6b\x69\x65\0\x73\x6b\x5f\x64\x73\x74\x5f\x63\x61\x63\x68\x65\0\x73\x6b\
\x5f\x6f\x6d\x65\x6d\x5f\x61\x6c\x6c\x6f\x63\0\x73\x6b\x5f\x73\x6e\x64\x62\x75\
\x66\0\x73\x6b\x5f\x77\x6d\x65\x6d\x5f\x71\x75\x65\x75\x65\x64\0\x73\x6b\x5f\
\x77\x6d\x65\x6d\x5f\x61\x6c\x6c\x6f\x63\0\x73\x6b\x5f\x74\x73\x71\x5f\x66\x6c\
\x61\x67\x73\0\x73\x6b\x5f\x74\x78\x5f\x73\x6b\x62\x5f\x63\x61\x63\x68\x65\0\
\x73\x6b\x5f\x77\x72\x69\x74\x65\x5f\x71\x75\x65\x75\x65\0\x73\x6b\x5f\x70\x65\
\x65\x6b\x5f\x6f\x66\x66\0\x73\x6b\x5f\x77\x72\x69\x74\x65\x5f\x70\x65\x6e\x64\
\x69\x6e\x67\0\x73\x6b\x5f\x64\x73\x74\x5f\x70\x65\x6e\x64\x69\x6e\x67\x5f\x63\
\x6f\x6e\x66\x69\x72\x6d\0\x73\x6b\x5f\x70\x61\x63\x69\x6e\x67\x5f\x73\x74\x61\
\x74\x75\x73\0\x73\x6b\x5f\x73\x6e\x64\x74\x69\x6d\x65\x6f\0\x73\x6b\x5f\x74\
\x69\x6d\x65\x72\0\x73\x6b\x5f\x70\x72\x69\x6f\x72\x69\x74\x79\0\x73\x6b\x5f\
\x6d\x61\x72\x6b\0\x73\x6b\x5f\x70\x61\x63\x69\x6e\x67\x5f\x72\x61\x74\x65\0\
\x73\x6b\x5f\x6d\x61\x78\x5f\x70\x61\x63\x69\x6e\x67\x5f\x72\x61\x74\x65\0\x73\
\x6b\x5f\x66\x72\x61\x67\0\x73\x6b\x5f\x72\x6f\x75\x74\x65\x5f\x63\x61\x70\x73\
\0\x73\x6b\x5f\x72\x6f\x75\x74\x65\x5f\x6e\x6f\x63\x61\x70\x73\0\x73\x6b\x5f\
\x72\x6f\x75\x74\x65\x5f\x66\x6f\x72\x63\x65\x64\x5f\x63\x61\x70\x73\0\x73\x6b\
\x5f\x67\x73\x6f\x5f\x74\x79\x70\x65\0\x73\x6b\x5f\x67\x73\x6f\x5f\x6d\x61\x78\
\x5f\x73\x69\x7a\x65\0\x73\x6b\x5f\x61\x6c\x6c\x6f\x63\x61\x74\x69\x6f\x6e\0\
\x73\x6b\x5f\x74\x78\x68\x61\x73\x68\0\x73\x6b\x5f\x70\x61\x64\x64\x69\x6e\x67\
\0\x73\x6b\x5f\x6b\x65\x72\x6e\x5f\x73\x6f\x63\x6b\0\x73\x6b\x5f\x6e\x6f\x5f\
\x63\x68\x65\x63\x6b\x5f\x74\x78\0\x73\x6b\x5f\x6e\x6f\x5f\x63\x68\x65\x63\x6b\
\x5f\x72\x78\0\x73\x6b\x5f\x75\x73\x65\x72\x6c\x6f\x63\x6b\x73\0\x73\x6b\x5f\
\x70\x61\x63\x69\x6e\x67\x5f\x73\x68\x69\x66\x74\0\x73\x6b\x5f\x74\x79\x70\x65\
\0\x73\x6b\x5f\x70\x72\x6f\x74\x6f\x63\x6f\x6c\0\x73\x6b\x5f\x67\x73\x6f\x5f\
\x6d\x61\x78\x5f\x73\x65\x67\x73\0\x73\x6b\x5f\x6c\x69\x6e\x67\x65\x72\x74\x69\
\x6d\x65\0\x73\x6b\x5f\x70\x72\x6f\x74\x5f\x63\x72\x65\x61\x74\x6f\x72\0\x73\
\x6b\x5f\x63\x61\x6c\x6c\x62\x61\x63\x6b\x5f\x6c\x6f\x63\x6b\0\x73\x6b\x5f\x65\
\x72\x72\0\x73\x6b\x5f\x65\x72\x72\x5f\x73\x6f\x66\x74\0\x73\x6b\x5f\x61\x63\
\x6b\x5f\x62\x61\x63\x6b\x6c\x6f\x67\0\x73\x6b\x5f\x6d\x61\x78\x5f\x61\x63\x6b\
\x5f\x62\x61\x63\x6b\x6c\x6f\x67\0\x73\x6b\x5f\x75\x69\x64\0\x73\x6b\x5f\x70\
\x72\x65\x66\x65\x72\x5f\x62\x75\x73\x79\x5f\x70\x6f\x6c\x6c\0\x73\x6b\x5f\x62\
\x75\x73\x79\x5f\x70\x6f\x6c\x6c\x5f\x62\x75\x64\x67\x65\x74\0\x73\x6b\x5f\x70\
\x65\x65\x72\x5f\x6c\x6f\x63\x6b\0\x73\x6b\x5f\x70\x65\x65\x72\x5f\x70\x69\x64\
\0\x73\x6b\x5f\x70\x65\x65\x72\x5f\x63\x72\x65\x64\0\x73\x6b\x5f\x72\x63\x76\
\x74\x69\x6d\x65\x6f\0\x73\x6b\x5f\x73\x74\x61\x6d\x70\0\x73\x6b\x5f\x74\x73\
\x66\x6c\x61\x67\x73\0\x73\x6b\x5f\x62\x69\x6e\x64\x5f\x70\x68\x63\0\x73\x6b\
\x5f\x73\x68\x75\x74\x64\x6f\x77\x6e\0\x73\x6b\x5f\x74\x73\x6b\x65\x79\0\x73\
\x6b\x5f\x7a\x63\x6b\x65\x79\0\x73\x6b\x5f\x63\x6c\x6f\x63\x6b\x69\x64\0\x73\
\x6b\x5f\x74\x78\x74\x69\x6d\x65\x5f\x64\x65\x61\x64\x6c\x69\x6e\x65\x5f\x6d\
\x6f\x64\x65\0\x73\x6b\x5f\x74\x78\x74\x69\x6d\x65\x5f\x72\x65\x70\x6f\x72\x74\
\x5f\x65\x72\x72\x6f\x72\x73\0\x73\x6b\x5f\x74\x78\x74\x69\x6d\x65\x5f\x75\x6e\
\x75\x73\x65\x64\0\x73\x6b\x5f\x73\x6f\x63\x6b\x65\x74\0\x73\x6b\x5f\x75\x73\
\x65\x72\x5f\x64\x61\x74\x61\0\x73\x6b\x5f\x73\x65\x63\x75\x72\x69\x74\x79\0\
\x73\x6b\x5f\x63\x67\x72\x70\x5f\x64\x61\x74\x61\0\x73\x6b\x5f\x6d\x65\x6d\x63\
\x67\0\x73\x6b\x5f\x73\x74\x61\x74\x65\x5f\x63\x68\x61\x6e\x67\x65\0\x73\x6b\
\x5f\x64\x61\x74\x61\x5f\x72\x65\x61\x64\x79\0\x73\x6b\x5f\x77\x72\x69\x74\x65\
\x5f\x73\x70\x61\x63\x65\0\x73\x6b\x5f\x65\x72\x72\x6f\x72\x5f\x72\x65\x70\x6f\
\x72\x74\0\x73\x6b\x5f\x62\x61\x63\x6b\x6c\x6f\x67\x5f\x72\x63\x76\0\x73\x6b\
\x5f\x64\x65\x73\x74\x72\x75\x63\x74\0\x73\x6b\x5f\x72\x65\x75\x73\x65\x70\x6f\
\x72\x74\x5f\x63\x62\0\x73\x6b\x5f\x62\x70\x66\x5f\x73\x74\x6f\x72\x61\x67\x65\
\0\x73\x6b\x5f\x72\x63\x75\0\x73\x6f\x63\x6b\x5f\x63\x6f\x6d\x6d\x6f\x6e\0\x73\
\x6b\x63\x5f\x66\x61\x6d\x69\x6c\x79\0\x73\x6b\x63\x5f\x73\x74\x61\x74\x65\0\
\x73\x6b\x63\x5f\x72\x65\x75\x73\x65\0\x73\x6b\x63\x5f\x72\x65\x75\x73\x65\x70\
\x6f\x72\x74\0\x73\x6b\x63\x5f\x69\x70\x76\x36\x6f\x6e\x6c\x79\0\x73\x6b\x63\
\x5f\x6e\x65\x74\x5f\x72\x65\x66\x63\x6e\x74\0\x73\x6b\x63\x5f\x62\x6f\x75\x6e\
\x64\x5f\x64\x65\x76\x5f\x69\x66\0\x73\x6b\x63\x5f\x70\x72\x6f\x74\0\x73\x6b\
\x63\x5f\x6e\x65\x74\0\x73\x6b\x63\x5f\x76\x36\x5f\x64\x61\x64\x64\x72\0\x73\
\x6b\x63\x5f\x76\x36\x5f\x72\x63\x76\x5f\x73\x61\x64\x64\x72\0\x73\x6b\x63\x5f\
\x63\x6f\x6f\x6b\x69\x65\0\x73\x6b\x63\x5f\x64\x6f\x6e\x74\x63\x6f\x70\x79\x5f\
\x62\x65\x67\x69\x6e\0\x73\x6b\x63\x5f\x74\x78\x5f\x71\x75\x65\x75\x65\x5f\x6d\
\x61\x70\x70\x69\x6e\x67\0\x73\x6b\x63\x5f\x72\x78\x5f\x71\x75\x65\x75\x65\x5f\
\x6d\x61\x70\x70\x69\x6e\x67\0\x73\x6b\x63\x5f\x72\x65\x66\x63\x6e\x74\0\x73\
\x6b\x63\x5f\x64\x6f\x6e\x74\x63\x6f\x70\x79\x5f\x65\x6e\x64\0\x73\x6b\x63\x5f\
\x61\x64\x64\x72\x70\x61\x69\x72\0\x5f\x5f\x61\x64\x64\x72\x70\x61\x69\x72\0\
\x73\x6b\x63\x5f\x64\x61\x64\x64\x72\0\x73\x6b\x63\x5f\x72\x63\x76\x5f\x73\x61\
\x64\x64\x72\0\x5f\x5f\x62\x65\x33\x32\0\x73\x6b\x63\x5f\x68\x61\x73\x68\0\x73\
\x6b\x63\x5f\x75\x31\x36\x68\x61\x73\x68\x65\x73\0\x73\x6b\x63\x5f\x70\x6f\x72\
\x74\x70\x61\x69\x72\0\x5f\x5f\x70\x6f\x72\x74\x70\x61\x69\x72\0\x73\x6b\x63\
\x5f\x64\x70\x6f\x72\x74\0\x73\x6b\x63\x5f\x6e\x75\x6d\0\x73\x6b\x63\x5f\x62\
\x69\x6e\x64\x5f\x6e\x6f\x64\x65\0\x73\x6b\x63\x5f\x70\x6f\x72\x74\x61\x64\x64\
\x72\x5f\x6e\x6f\x64\x65\0\x70\x6f\x73\x73\x69\x62\x6c\x65\x5f\x6e\x65\x74\x5f\
\x74\0\x69\x6e\x36\x5f\x61\x64\x64\x72\0\x69\x6e\x36\x5f\x75\0\x75\x36\x5f\x61\
\x64\x64\x72\x38\0\x75\x36\x5f\x61\x64\x64\x72\x31\x36\0\x75\x36\x5f\x61\x64\
\x64\x72\x33\x32\0\x73\x6b\x63\x5f\x66\x6c\x61\x67\x73\0\x73\x6b\x63\x5f\x6c\
\x69\x73\x74\x65\x6e\x65\x72\0\x73\x6b\x63\x5f\x74\x77\x5f\x64\x72\0\x73\x6b\
\x63\x5f\x6e\x6f\x64\x65\0\x73\x6b\x63\x5f\x6e\x75\x6c\x6c\x73\x5f\x6e\x6f\x64\
\x65\0\x68\x6c\x69\x73\x74\x5f\x6e\x75\x6c\x6c\x73\x5f\x6e\x6f\x64\x65\0\x73\
\x6b\x63\x5f\x69\x6e\x63\x6f\x6d\x69\x6e\x67\x5f\x63\x70\x75\0\x73\x6b\x63\x5f\
\x72\x63\x76\x5f\x77\x6e\x64\0\x73\x6b\x63\x5f\x74\x77\x5f\x72\x63\x76\x5f\x6e\
\x78\x74\0\x73\x6b\x63\x5f\x72\x78\x68\x61\x73\x68\0\x73\x6b\x63\x5f\x77\x69\
\x6e\x64\x6f\x77\x5f\x63\x6c\x61\x6d\x70\0\x73\x6b\x63\x5f\x74\x77\x5f\x73\x6e\
\x64\x5f\x6e\x78\x74\0\x73\x6f\x63\x6b\x65\x74\x5f\x6c\x6f\x63\x6b\x5f\x74\0\
\x73\x6c\x6f\x63\x6b\0\x6f\x77\x6e\x65\x64\0\x77\x71\0\x73\x6b\x5f\x62\x75\x66\
\x66\x5f\x68\x65\x61\x64\0\x71\x6c\x65\x6e\0\x72\x6d\x65\x6d\x5f\x61\x6c\x6c\
\x6f\x63\0\x73\x6b\x5f\x77\x71\0\x73\x6b\x5f\x77\x71\x5f\x72\x61\x77\0\x78\x66\
\x72\x6d\x5f\x70\x6f\x6c\x69\x63\x79\0\x78\x70\x5f\x6e\x65\x74\0\x62\x79\x64\
\x73\x74\0\x62\x79\x69\x64\x78\0\x72\x65\x66\x63\x6e\x74\0\x70\x6f\x73\0\x74\
\x69\x6d\x65\x72\0\x67\x65\x6e\x69\x64\0\x69\x66\x5f\x69\x64\0\x73\x65\x6c\x65\
\x63\x74\x6f\x72\0\x6c\x66\x74\0\x63\x75\x72\x6c\x66\x74\0\x77\x61\x6c\x6b\0\
\x70\x6f\x6c\x71\0\x62\x79\x64\x73\x74\x5f\x72\x65\x69\x6e\x73\x65\x72\x74\0\
\x61\x63\x74\x69\x6f\x6e\0\x78\x66\x72\x6d\x5f\x6e\x72\0\x78\x66\x72\x6d\x5f\
\x76\x65\x63\0\x62\x79\x64\x73\x74\x5f\x69\x6e\x65\x78\x61\x63\x74\x5f\x6c\x69\
\x73\x74\0\x78\x66\x72\x6d\x5f\x6d\x61\x72\x6b\0\x76\0\x6d\0\x78\x66\x72\x6d\
\x5f\x73\x65\x6c\x65\x63\x74\x6f\x72\0\x64\x61\x64\x64\x72\0\x73\x61\x64\x64\
\x72\0\x64\x70\x6f\x72\x74\0\x64\x70\x6f\x72\x74\x5f\x6d\x61\x73\x6b\0\x73\x70\
\x6f\x72\x74\0\x73\x70\x6f\x72\x74\x5f\x6d\x61\x73\x6b\0\x70\x72\x65\x66\x69\
\x78\x6c\x65\x6e\x5f\x64\0\x70\x72\x65\x66\x69\x78\x6c\x65\x6e\x5f\x73\0\x70\
\x72\x6f\x74\x6f\0\x78\x66\x72\x6d\x5f\x61\x64\x64\x72\x65\x73\x73\x5f\x74\0\
\x61\x34\0\x61\x36\0\x69\x6e\x36\0\x78\x66\x72\x6d\x5f\x6c\x69\x66\x65\x74\x69\
\x6d\x65\x5f\x63\x66\x67\0\x73\x6f\x66\x74\x5f\x62\x79\x74\x65\x5f\x6c\x69\x6d\
\x69\x74\0\x68\x61\x72\x64\x5f\x62\x79\x74\x65\x5f\x6c\x69\x6d\x69\x74\0\x73\
\x6f\x66\x74\x5f\x70\x61\x63\x6b\x65\x74\x5f\x6c\x69\x6d\x69\x74\0\x68\x61\x72\
\x64\x5f\x70\x61\x63\x6b\x65\x74\x5f\x6c\x69\x6d\x69\x74\0\x73\x6f\x66\x74\x5f\
\x61\x64\x64\x5f\x65\x78\x70\x69\x72\x65\x73\x5f\x73\x65\x63\x6f\x6e\x64\x73\0\
\x68\x61\x72\x64\x5f\x61\x64\x64\x5f\x65\x78\x70\x69\x72\x65\x73\x5f\x73\x65\
\x63\x6f\x6e\x64\x73\0\x73\x6f\x66\x74\x5f\x75\x73\x65\x5f\x65\x78\x70\x69\x72\
\x65\x73\x5f\x73\x65\x63\x6f\x6e\x64\x73\0\x68\x61\x72\x64\x5f\x75\x73\x65\x5f\
\x65\x78\x70\x69\x72\x65\x73\x5f\x73\x65\x63\x6f\x6e\x64\x73\0\x78\x66\x72\x6d\
\x5f\x6c\x69\x66\x65\x74\x69\x6d\x65\x5f\x63\x75\x72\0\x62\x79\x74\x65\x73\0\
\x70\x61\x63\x6b\x65\x74\x73\0\x61\x64\x64\x5f\x74\x69\x6d\x65\0\x75\x73\x65\
\x5f\x74\x69\x6d\x65\0\x78\x66\x72\x6d\x5f\x70\x6f\x6c\x69\x63\x79\x5f\x77\x61\
\x6c\x6b\x5f\x65\x6e\x74\x72\x79\0\x61\x6c\x6c\0\x64\x65\x61\x64\0\x78\x66\x72\
\x6d\x5f\x70\x6f\x6c\x69\x63\x79\x5f\x71\x75\x65\x75\x65\0\x68\x6f\x6c\x64\x5f\
\x71\x75\x65\x75\x65\0\x68\x6f\x6c\x64\x5f\x74\x69\x6d\x65\x72\0\x78\x66\x72\
\x6d\x5f\x74\x6d\x70\x6c\0\x65\x6e\x63\x61\x70\x5f\x66\x61\x6d\x69\x6c\x79\0\
\x72\x65\x71\x69\x64\0\x73\x68\x61\x72\x65\0\x6f\x70\x74\x69\x6f\x6e\x61\x6c\0\
\x61\x6c\x6c\x61\x6c\x67\x73\0\x61\x61\x6c\x67\x6f\x73\0\x65\x61\x6c\x67\x6f\
\x73\0\x63\x61\x6c\x67\x6f\x73\0\x78\x66\x72\x6d\x5f\x69\x64\0\x73\x70\x69\0\
\x73\x6b\x5f\x73\x65\x6e\x64\x5f\x68\x65\x61\x64\0\x74\x63\x70\x5f\x72\x74\x78\
\x5f\x71\x75\x65\x75\x65\0\x6e\x65\x74\x64\x65\x76\x5f\x66\x65\x61\x74\x75\x72\
\x65\x73\x5f\x74\0\x73\x6f\x63\x6b\x5f\x63\x67\x72\x6f\x75\x70\x5f\x64\x61\x74\
\x61\0\x63\x6c\x61\x73\x73\x69\x64\0\x6d\x65\x6d\x5f\x63\x67\x72\x6f\x75\x70\0\
\x73\x68\x6f\x72\x74\0\x6e\x65\x74\x5f\x64\x65\x76\x69\x63\x65\0\x6e\x61\x6d\
\x65\0\x6e\x61\x6d\x65\x5f\x6e\x6f\x64\x65\0\x69\x66\x61\x6c\x69\x61\x73\0\x6d\
\x65\x6d\x5f\x65\x6e\x64\0\x6d\x65\x6d\x5f\x73\x74\x61\x72\x74\0\x62\x61\x73\
\x65\x5f\x61\x64\x64\x72\0\x64\x65\x76\x5f\x6c\x69\x73\x74\0\x6e\x61\x70\x69\
\x5f\x6c\x69\x73\x74\0\x75\x6e\x72\x65\x67\x5f\x6c\x69\x73\x74\0\x63\x6c\x6f\
\x73\x65\x5f\x6c\x69\x73\x74\0\x70\x74\x79\x70\x65\x5f\x61\x6c\x6c\0\x70\x74\
\x79\x70\x65\x5f\x73\x70\x65\x63\x69\x66\x69\x63\0\x61\x64\x6a\x5f\x6c\x69\x73\
\x74\0\x70\x72\x69\x76\x5f\x66\x6c\x61\x67\x73\0\x6e\x65\x74\x64\x65\x76\x5f\
\x6f\x70\x73\0\x67\x66\x6c\x61\x67\x73\0\x68\x61\x72\x64\x5f\x68\x65\x61\x64\
\x65\x72\x5f\x6c\x65\x6e\0\x6e\x65\x65\x64\x65\x64\x5f\x68\x65\x61\x64\x72\x6f\
\x6f\x6d\0\x6e\x65\x65\x64\x65\x64\x5f\x74\x61\x69\x6c\x72\x6f\x6f\x6d\0\x66\
\x65\x61\x74\x75\x72\x65\x73\0\x68\x77\x5f\x66\x65\x61\x74\x75\x72\x65\x73\0\
\x77\x61\x6e\x74\x65\x64\x5f\x66\x65\x61\x74\x75\x72\x65\x73\0\x76\x6c\x61\x6e\
\x5f\x66\x65\x61\x74\x75\x72\x65\x73\0\x68\x77\x5f\x65\x6e\x63\x5f\x66\x65\x61\
\x74\x75\x72\x65\x73\0\x6d\x70\x6c\x73\x5f\x66\x65\x61\x74\x75\x72\x65\x73\0\
\x67\x73\x6f\x5f\x70\x61\x72\x74\x69\x61\x6c\x5f\x66\x65\x61\x74\x75\x72\x65\
\x73\0\x6d\x69\x6e\x5f\x6d\x74\x75\0\x6d\x61\x78\x5f\x6d\x74\x75\0\x6d\x69\x6e\
\x5f\x68\x65\x61\x64\x65\x72\x5f\x6c\x65\x6e\0\x6e\x61\x6d\x65\x5f\x61\x73\x73\
\x69\x67\x6e\x5f\x74\x79\x70\x65\0\x67\x72\x6f\x75\x70\0\x72\x78\x5f\x64\x72\
\x6f\x70\x70\x65\x64\0\x74\x78\x5f\x64\x72\x6f\x70\x70\x65\x64\0\x72\x78\x5f\
\x6e\x6f\x68\x61\x6e\x64\x6c\x65\x72\0\x63\x61\x72\x72\x69\x65\x72\x5f\x75\x70\
\x5f\x63\x6f\x75\x6e\x74\0\x63\x61\x72\x72\x69\x65\x72\x5f\x64\x6f\x77\x6e\x5f\
\x63\x6f\x75\x6e\x74\0\x65\x74\x68\x74\x6f\x6f\x6c\x5f\x6f\x70\x73\0\x6e\x64\
\x69\x73\x63\x5f\x6f\x70\x73\0\x68\x65\x61\x64\x65\x72\x5f\x6f\x70\x73\0\x6f\
\x70\x65\x72\x73\x74\x61\x74\x65\0\x6c\x69\x6e\x6b\x5f\x6d\x6f\x64\x65\0\x69\
\x66\x5f\x70\x6f\x72\x74\0\x64\x6d\x61\0\x70\x65\x72\x6d\x5f\x61\x64\x64\x72\0\
\x61\x64\x64\x72\x5f\x61\x73\x73\x69\x67\x6e\x5f\x74\x79\x70\x65\0\x61\x64\x64\
\x72\x5f\x6c\x65\x6e\0\x75\x70\x70\x65\x72\x5f\x6c\x65\x76\x65\x6c\0\x6c\x6f\
\x77\x65\x72\x5f\x6c\x65\x76\x65\x6c\0\x6e\x65\x69\x67\x68\x5f\x70\x72\x69\x76\
\x5f\x6c\x65\x6e\0\x64\x65\x76\x5f\x69\x64\0\x64\x65\x76\x5f\x70\x6f\x72\x74\0\
\x70\x61\x64\x64\x65\x64\0\x61\x64\x64\x72\x5f\x6c\x69\x73\x74\x5f\x6c\x6f\x63\
\x6b\0\x69\x72\x71\0\x75\x63\0\x6d\x63\0\x64\x65\x76\x5f\x61\x64\x64\x72\x73\0\
\x71\x75\x65\x75\x65\x73\x5f\x6b\x73\x65\x74\0\x70\x72\x6f\x6d\x69\x73\x63\x75\
\x69\x74\x79\0\x61\x6c\x6c\x6d\x75\x6c\x74\x69\0\x75\x63\x5f\x70\x72\x6f\x6d\
\x69\x73\x63\0\x76\x6c\x61\x6e\x5f\x69\x6e\x66\x6f\0\x69\x70\x5f\x70\x74\x72\0\
\x69\x70\x36\x5f\x70\x74\x72\0\x69\x65\x65\x65\x38\x30\x32\x31\x31\x5f\x70\x74\
\x72\0\x69\x65\x65\x65\x38\x30\x32\x31\x35\x34\x5f\x70\x74\x72\0\x64\x65\x76\
\x5f\x61\x64\x64\x72\0\x5f\x72\x78\0\x6e\x75\x6d\x5f\x72\x78\x5f\x71\x75\x65\
\x75\x65\x73\0\x72\x65\x61\x6c\x5f\x6e\x75\x6d\x5f\x72\x78\x5f\x71\x75\x65\x75\
\x65\x73\0\x78\x64\x70\x5f\x70\x72\x6f\x67\0\x67\x72\x6f\x5f\x66\x6c\x75\x73\
\x68\x5f\x74\x69\x6d\x65\x6f\x75\x74\0\x6e\x61\x70\x69\x5f\x64\x65\x66\x65\x72\
\x5f\x68\x61\x72\x64\x5f\x69\x72\x71\x73\0\x72\x78\x5f\x68\x61\x6e\x64\x6c\x65\
\x72\0\x72\x78\x5f\x68\x61\x6e\x64\x6c\x65\x72\x5f\x64\x61\x74\x61\0\x6d\x69\
\x6e\x69\x71\x5f\x69\x6e\x67\x72\x65\x73\x73\0\x69\x6e\x67\x72\x65\x73\x73\x5f\
\x71\x75\x65\x75\x65\0\x6e\x66\x5f\x68\x6f\x6f\x6b\x73\x5f\x69\x6e\x67\x72\x65\
\x73\x73\0\x62\x72\x6f\x61\x64\x63\x61\x73\x74\0\x72\x78\x5f\x63\x70\x75\x5f\
\x72\x6d\x61\x70\0\x69\x6e\x64\x65\x78\x5f\x68\x6c\x69\x73\x74\0\x5f\x74\x78\0\
\x6e\x75\x6d\x5f\x74\x78\x5f\x71\x75\x65\x75\x65\x73\0\x72\x65\x61\x6c\x5f\x6e\
\x75\x6d\x5f\x74\x78\x5f\x71\x75\x65\x75\x65\x73\0\x71\x64\x69\x73\x63\0\x74\
\x78\x5f\x71\x75\x65\x75\x65\x5f\x6c\x65\x6e\0\x74\x78\x5f\x67\x6c\x6f\x62\x61\
\x6c\x5f\x6c\x6f\x63\x6b\0\x78\x64\x70\x5f\x62\x75\x6c\x6b\x71\0\x78\x70\x73\
\x5f\x6d\x61\x70\x73\0\x6d\x69\x6e\x69\x71\x5f\x65\x67\x72\x65\x73\x73\0\x71\
\x64\x69\x73\x63\x5f\x68\x61\x73\x68\0\x77\x61\x74\x63\x68\x64\x6f\x67\x5f\x74\
\x69\x6d\x65\x72\0\x77\x61\x74\x63\x68\x64\x6f\x67\x5f\x74\x69\x6d\x65\x6f\0\
\x70\x72\x6f\x74\x6f\x5f\x64\x6f\x77\x6e\x5f\x72\x65\x61\x73\x6f\x6e\0\x74\x6f\
\x64\x6f\x5f\x6c\x69\x73\x74\0\x70\x63\x70\x75\x5f\x72\x65\x66\x63\x6e\x74\0\
\x6c\x69\x6e\x6b\x5f\x77\x61\x74\x63\x68\x5f\x6c\x69\x73\x74\0\x72\x65\x67\x5f\
\x73\x74\x61\x74\x65\0\x64\x69\x73\x6d\x61\x6e\x74\x6c\x65\0\x72\x74\x6e\x6c\
\x5f\x6c\x69\x6e\x6b\x5f\x73\x74\x61\x74\x65\0\x6e\x65\x65\x64\x73\x5f\x66\x72\
\x65\x65\x5f\x6e\x65\x74\x64\x65\x76\0\x70\x72\x69\x76\x5f\x64\x65\x73\x74\x72\
\x75\x63\x74\x6f\x72\0\x6e\x64\x5f\x6e\x65\x74\0\x6d\x6c\x5f\x70\x72\x69\x76\0\
\x6d\x6c\x5f\x70\x72\x69\x76\x5f\x74\x79\x70\x65\0\x73\x79\x73\x66\x73\x5f\x67\
\x72\x6f\x75\x70\x73\0\x73\x79\x73\x66\x73\x5f\x72\x78\x5f\x71\x75\x65\x75\x65\
\x5f\x67\x72\x6f\x75\x70\0\x72\x74\x6e\x6c\x5f\x6c\x69\x6e\x6b\x5f\x6f\x70\x73\
\0\x67\x73\x6f\x5f\x6d\x61\x78\x5f\x73\x69\x7a\x65\0\x67\x73\x6f\x5f\x6d\x61\
\x78\x5f\x73\x65\x67\x73\0\x6e\x75\x6d\x5f\x74\x63\0\x74\x63\x5f\x74\x6f\x5f\
\x74\x78\x71\0\x70\x72\x69\x6f\x5f\x74\x63\x5f\x6d\x61\x70\0\x70\x68\x79\x64\
\x65\x76\0\x73\x66\x70\x5f\x62\x75\x73\0\x71\x64\x69\x73\x63\x5f\x74\x78\x5f\
\x62\x75\x73\x79\x6c\x6f\x63\x6b\0\x71\x64\x69\x73\x63\x5f\x72\x75\x6e\x6e\x69\
\x6e\x67\x5f\x6b\x65\x79\0\x70\x72\x6f\x74\x6f\x5f\x64\x6f\x77\x6e\0\x77\x6f\
\x6c\x5f\x65\x6e\x61\x62\x6c\x65\x64\0\x74\x68\x72\x65\x61\x64\x65\x64\0\x6e\
\x65\x74\x5f\x6e\x6f\x74\x69\x66\x69\x65\x72\x5f\x6c\x69\x73\x74\0\x75\x64\x70\
\x5f\x74\x75\x6e\x6e\x65\x6c\x5f\x6e\x69\x63\x5f\x69\x6e\x66\x6f\0\x75\x64\x70\
\x5f\x74\x75\x6e\x6e\x65\x6c\x5f\x6e\x69\x63\0\x78\x64\x70\x5f\x73\x74\x61\x74\
\x65\0\x75\x70\x70\x65\x72\0\x6c\x6f\x77\x65\x72\0\x6e\x65\x74\x5f\x64\x65\x76\
\x69\x63\x65\x5f\x73\x74\x61\x74\x73\0\x72\x78\x5f\x70\x61\x63\x6b\x65\x74\x73\
\0\x5f\x5f\x72\x78\x5f\x70\x61\x63\x6b\x65\x74\x73\0\x74\x78\x5f\x70\x61\x63\
\x6b\x65\x74\x73\0\x5f\x5f\x74\x78\x5f\x70\x61\x63\x6b\x65\x74\x73\0\x72\x78\
\x5f\x62\x79\x74\x65\x73\0\x5f\x5f\x72\x78\x5f\x62\x79\x74\x65\x73\0\x74\x78\
\x5f\x62\x79\x74\x65\x73\0\x5f\x5f\x74\x78\x5f\x62\x79\x74\x65\x73\0\x72\x78\
\x5f\x65\x72\x72\x6f\x72\x73\0\x5f\x5f\x72\x78\x5f\x65\x72\x72\x6f\x72\x73\0\
\x74\x78\x5f\x65\x72\x72\x6f\x72\x73\0\x5f\x5f\x74\x78\x5f\x65\x72\x72\x6f\x72\
\x73\0\x5f\x5f\x72\x78\x5f\x64\x72\x6f\x70\x70\x65\x64\0\x5f\x5f\x74\x78\x5f\
\x64\x72\x6f\x70\x70\x65\x64\0\x6d\x75\x6c\x74\x69\x63\x61\x73\x74\0\x5f\x5f\
\x6d\x75\x6c\x74\x69\x63\x61\x73\x74\0\x63\x6f\x6c\x6c\x69\x73\x69\x6f\x6e\x73\
\0\x5f\x5f\x63\x6f\x6c\x6c\x69\x73\x69\x6f\x6e\x73\0\x72\x78\x5f\x6c\x65\x6e\
\x67\x74\x68\x5f\x65\x72\x72\x6f\x72\x73\0\x5f\x5f\x72\x78\x5f\x6c\x65\x6e\x67\
\x74\x68\x5f\x65\x72\x72\x6f\x72\x73\0\x72\x78\x5f\x6f\x76\x65\x72\x5f\x65\x72\
\x72\x6f\x72\x73\0\x5f\x5f\x72\x78\x5f\x6f\x76\x65\x72\x5f\x65\x72\x72\x6f\x72\
\x73\0\x72\x78\x5f\x63\x72\x63\x5f\x65\x72\x72\x6f\x72\x73\0\x5f\x5f\x72\x78\
\x5f\x63\x72\x63\x5f\x65\x72\x72\x6f\x72\x73\0\x72\x78\x5f\x66\x72\x61\x6d\x65\
\x5f\x65\x72\x72\x6f\x72\x73\0\x5f\x5f\x72\x78\x5f\x66\x72\x61\x6d\x65\x5f\x65\
\x72\x72\x6f\x72\x73\0\x72\x78\x5f\x66\x69\x66\x6f\x5f\x65\x72\x72\x6f\x72\x73\
\0\x5f\x5f\x72\x78\x5f\x66\x69\x66\x6f\x5f\x65\x72\x72\x6f\x72\x73\0\x72\x78\
\x5f\x6d\x69\x73\x73\x65\x64\x5f\x65\x72\x72\x6f\x72\x73\0\x5f\x5f\x72\x78\x5f\
\x6d\x69\x73\x73\x65\x64\x5f\x65\x72\x72\x6f\x72\x73\0\x74\x78\x5f\x61\x62\x6f\
\x72\x74\x65\x64\x5f\x65\x72\x72\x6f\x72\x73\0\x5f\x5f\x74\x78\x5f\x61\x62\x6f\
\x72\x74\x65\x64\x5f\x65\x72\x72\x6f\x72\x73\0\x74\x78\x5f\x63\x61\x72\x72\x69\
\x65\x72\x5f\x65\x72\x72\x6f\x72\x73\0\x5f\x5f\x74\x78\x5f\x63\x61\x72\x72\x69\
\x65\x72\x5f\x65\x72\x72\x6f\x72\x73\0\x74\x78\x5f\x66\x69\x66\x6f\x5f\x65\x72\
\x72\x6f\x72\x73\0\x5f\x5f\x74\x78\x5f\x66\x69\x66\x6f\x5f\x65\x72\x72\x6f\x72\
\x73\0\x74\x78\x5f\x68\x65\x61\x72\x74\x62\x65\x61\x74\x5f\x65\x72\x72\x6f\x72\
\x73\0\x5f\x5f\x74\x78\x5f\x68\x65\x61\x72\x74\x62\x65\x61\x74\x5f\x65\x72\x72\
\x6f\x72\x73\0\x74\x78\x5f\x77\x69\x6e\x64\x6f\x77\x5f\x65\x72\x72\x6f\x72\x73\
\0\x5f\x5f\x74\x78\x5f\x77\x69\x6e\x64\x6f\x77\x5f\x65\x72\x72\x6f\x72\x73\0\
\x72\x78\x5f\x63\x6f\x6d\x70\x72\x65\x73\x73\x65\x64\0\x5f\x5f\x72\x78\x5f\x63\
\x6f\x6d\x70\x72\x65\x73\x73\x65\x64\0\x74\x78\x5f\x63\x6f\x6d\x70\x72\x65\x73\
\x73\x65\x64\0\x5f\x5f\x74\x78\x5f\x63\x6f\x6d\x70\x72\x65\x73\x73\x65\x64\0\
\x6e\x65\x74\x64\x65\x76\x5f\x68\x77\x5f\x61\x64\x64\x72\x5f\x6c\x69\x73\x74\0\
\x72\x78\x5f\x68\x61\x6e\x64\x6c\x65\x72\x5f\x66\x75\x6e\x63\x5f\x74\0\x72\x78\
\x5f\x68\x61\x6e\x64\x6c\x65\x72\x5f\x72\x65\x73\x75\x6c\x74\x5f\x74\0\x72\x78\
\x5f\x68\x61\x6e\x64\x6c\x65\x72\x5f\x72\x65\x73\x75\x6c\x74\0\x52\x58\x5f\x48\
\x41\x4e\x44\x4c\x45\x52\x5f\x43\x4f\x4e\x53\x55\x4d\x45\x44\0\x52\x58\x5f\x48\
\x41\x4e\x44\x4c\x45\x52\x5f\x41\x4e\x4f\x54\x48\x45\x52\0\x52\x58\x5f\x48\x41\
\x4e\x44\x4c\x45\x52\x5f\x45\x58\x41\x43\x54\0\x52\x58\x5f\x48\x41\x4e\x44\x4c\
\x45\x52\x5f\x50\x41\x53\x53\0\x78\x70\x73\x5f\x64\x65\x76\x5f\x6d\x61\x70\x73\
\0\x6e\x72\x5f\x69\x64\x73\0\x61\x74\x74\x72\x5f\x6d\x61\x70\0\x73\x31\x36\0\
\x5f\x5f\x73\x31\x36\0\x78\x70\x73\x5f\x6d\x61\x70\0\x61\x6c\x6c\x6f\x63\x5f\
\x6c\x65\x6e\0\x71\x75\x65\x75\x65\x73\0\x4e\x45\x54\x52\x45\x47\x5f\x55\x4e\
\x49\x4e\x49\x54\x49\x41\x4c\x49\x5a\x45\x44\0\x4e\x45\x54\x52\x45\x47\x5f\x52\
\x45\x47\x49\x53\x54\x45\x52\x45\x44\0\x4e\x45\x54\x52\x45\x47\x5f\x55\x4e\x52\
\x45\x47\x49\x53\x54\x45\x52\x49\x4e\x47\0\x4e\x45\x54\x52\x45\x47\x5f\x55\x4e\
\x52\x45\x47\x49\x53\x54\x45\x52\x45\x44\0\x4e\x45\x54\x52\x45\x47\x5f\x52\x45\
\x4c\x45\x41\x53\x45\x44\0\x4e\x45\x54\x52\x45\x47\x5f\x44\x55\x4d\x4d\x59\0\
\x52\x54\x4e\x4c\x5f\x4c\x49\x4e\x4b\x5f\x49\x4e\x49\x54\x49\x41\x4c\x49\x5a\
\x45\x44\0\x52\x54\x4e\x4c\x5f\x4c\x49\x4e\x4b\x5f\x49\x4e\x49\x54\x49\x41\x4c\
\x49\x5a\x49\x4e\x47\0\x6e\x65\x74\x64\x65\x76\x5f\x6d\x6c\x5f\x70\x72\x69\x76\
\x5f\x74\x79\x70\x65\0\x4d\x4c\x5f\x50\x52\x49\x56\x5f\x4e\x4f\x4e\x45\0\x4d\
\x4c\x5f\x50\x52\x49\x56\x5f\x43\x41\x4e\0\x6c\x73\x74\x61\x74\x73\0\x74\x73\
\x74\x61\x74\x73\0\x64\x73\x74\x61\x74\x73\0\x70\x63\x70\x75\x5f\x64\x73\x74\
\x61\x74\x73\0\x64\x65\x76\x69\x63\x65\0\x6b\x6f\x62\x6a\0\x69\x6e\x69\x74\x5f\
\x6e\x61\x6d\x65\0\x62\x75\x73\0\x64\x72\x69\x76\x65\x72\0\x70\x6c\x61\x74\x66\
\x6f\x72\x6d\x5f\x64\x61\x74\x61\0\x64\x72\x69\x76\x65\x72\x5f\x64\x61\x74\x61\
\0\x6c\x69\x6e\x6b\x73\0\x70\x6f\x77\x65\x72\0\x70\x6d\x5f\x64\x6f\x6d\x61\x69\
\x6e\0\x65\x6d\x5f\x70\x64\0\x6d\x73\x69\x5f\x64\x6f\x6d\x61\x69\x6e\0\x70\x69\
\x6e\x73\0\x6d\x73\x69\x5f\x6c\x6f\x63\x6b\0\x6d\x73\x69\x5f\x6c\x69\x73\x74\0\
\x64\x6d\x61\x5f\x6f\x70\x73\0\x64\x6d\x61\x5f\x6d\x61\x73\x6b\0\x63\x6f\x68\
\x65\x72\x65\x6e\x74\x5f\x64\x6d\x61\x5f\x6d\x61\x73\x6b\0\x62\x75\x73\x5f\x64\
\x6d\x61\x5f\x6c\x69\x6d\x69\x74\0\x64\x6d\x61\x5f\x72\x61\x6e\x67\x65\x5f\x6d\
\x61\x70\0\x64\x6d\x61\x5f\x70\x61\x72\x6d\x73\0\x64\x6d\x61\x5f\x70\x6f\x6f\
\x6c\x73\0\x64\x6d\x61\x5f\x6d\x65\x6d\0\x64\x6d\x61\x5f\x69\x6f\x5f\x74\x6c\
\x62\x5f\x6d\x65\x6d\0\x61\x72\x63\x68\x64\x61\x74\x61\0\x6f\x66\x5f\x6e\x6f\
\x64\x65\0\x66\x77\x6e\x6f\x64\x65\0\x64\x65\x76\x74\0\x64\x65\x76\x72\x65\x73\
\x5f\x6c\x6f\x63\x6b\0\x64\x65\x76\x72\x65\x73\x5f\x68\x65\x61\x64\0\x63\x6c\
\x61\x73\x73\0\x67\x72\x6f\x75\x70\x73\0\x72\x65\x6c\x65\x61\x73\x65\0\x69\x6f\
\x6d\x6d\x75\x5f\x67\x72\x6f\x75\x70\0\x69\x6f\x6d\x6d\x75\0\x70\x68\x79\x73\
\x69\x63\x61\x6c\x5f\x6c\x6f\x63\x61\x74\x69\x6f\x6e\0\x72\x65\x6d\x6f\x76\x61\
\x62\x6c\x65\0\x63\x6f\x72\x65\x64\x75\x6d\x70\x5f\x64\x69\x73\x61\x62\x6c\x65\
\x64\0\x6f\x66\x66\x6c\x69\x6e\x65\x5f\x64\x69\x73\x61\x62\x6c\x65\x64\0\x6f\
\x66\x66\x6c\x69\x6e\x65\0\x6f\x66\x5f\x6e\x6f\x64\x65\x5f\x72\x65\x75\x73\x65\
\x64\0\x73\x74\x61\x74\x65\x5f\x73\x79\x6e\x63\x65\x64\0\x63\x61\x6e\x5f\x6d\
\x61\x74\x63\x68\0\x64\x6d\x61\x5f\x63\x6f\x68\x65\x72\x65\x6e\x74\0\x6b\x6f\
\x62\x6a\x65\x63\x74\0\x6b\x73\x65\x74\0\x6b\x74\x79\x70\x65\0\x73\x64\0\x6b\
\x72\x65\x66\0\x73\x74\x61\x74\x65\x5f\x69\x6e\x69\x74\x69\x61\x6c\x69\x7a\x65\
\x64\0\x73\x74\x61\x74\x65\x5f\x69\x6e\x5f\x73\x79\x73\x66\x73\0\x73\x74\x61\
\x74\x65\x5f\x61\x64\x64\x5f\x75\x65\x76\x65\x6e\x74\x5f\x73\x65\x6e\x74\0\x73\
\x74\x61\x74\x65\x5f\x72\x65\x6d\x6f\x76\x65\x5f\x75\x65\x76\x65\x6e\x74\x5f\
\x73\x65\x6e\x74\0\x75\x65\x76\x65\x6e\x74\x5f\x73\x75\x70\x70\x72\x65\x73\x73\
\0\x64\x65\x76\x5f\x6c\x69\x6e\x6b\x73\x5f\x69\x6e\x66\x6f\0\x73\x75\x70\x70\
\x6c\x69\x65\x72\x73\0\x63\x6f\x6e\x73\x75\x6d\x65\x72\x73\0\x64\x65\x66\x65\
\x72\x5f\x73\x79\x6e\x63\0\x73\x74\x61\x74\x75\x73\0\x64\x6c\x5f\x64\x65\x76\
\x5f\x73\x74\x61\x74\x65\0\x44\x4c\x5f\x44\x45\x56\x5f\x4e\x4f\x5f\x44\x52\x49\
\x56\x45\x52\0\x44\x4c\x5f\x44\x45\x56\x5f\x50\x52\x4f\x42\x49\x4e\x47\0\x44\
\x4c\x5f\x44\x45\x56\x5f\x44\x52\x49\x56\x45\x52\x5f\x42\x4f\x55\x4e\x44\0\x44\
\x4c\x5f\x44\x45\x56\x5f\x55\x4e\x42\x49\x4e\x44\x49\x4e\x47\0\x64\x65\x76\x5f\
\x70\x6d\x5f\x69\x6e\x66\x6f\0\x70\x6f\x77\x65\x72\x5f\x73\x74\x61\x74\x65\0\
\x63\x61\x6e\x5f\x77\x61\x6b\x65\x75\x70\0\x61\x73\x79\x6e\x63\x5f\x73\x75\x73\
\x70\x65\x6e\x64\0\x69\x6e\x5f\x64\x70\x6d\x5f\x6c\x69\x73\x74\0\x69\x73\x5f\
\x70\x72\x65\x70\x61\x72\x65\x64\0\x69\x73\x5f\x73\x75\x73\x70\x65\x6e\x64\x65\
\x64\0\x69\x73\x5f\x6e\x6f\x69\x72\x71\x5f\x73\x75\x73\x70\x65\x6e\x64\x65\x64\
\0\x69\x73\x5f\x6c\x61\x74\x65\x5f\x73\x75\x73\x70\x65\x6e\x64\x65\x64\0\x6e\
\x6f\x5f\x70\x6d\0\x65\x61\x72\x6c\x79\x5f\x69\x6e\x69\x74\0\x64\x69\x72\x65\
\x63\x74\x5f\x63\x6f\x6d\x70\x6c\x65\x74\x65\0\x64\x72\x69\x76\x65\x72\x5f\x66\
\x6c\x61\x67\x73\0\x63\x6f\x6d\x70\x6c\x65\x74\x69\x6f\x6e\0\x77\x61\x6b\x65\
\x75\x70\0\x77\x61\x6b\x65\x75\x70\x5f\x70\x61\x74\x68\0\x73\x79\x73\x63\x6f\
\x72\x65\0\x6e\x6f\x5f\x70\x6d\x5f\x63\x61\x6c\x6c\x62\x61\x63\x6b\x73\0\x6d\
\x75\x73\x74\x5f\x72\x65\x73\x75\x6d\x65\0\x6d\x61\x79\x5f\x73\x6b\x69\x70\x5f\
\x72\x65\x73\x75\x6d\x65\0\x73\x75\x73\x70\x65\x6e\x64\x5f\x74\x69\x6d\x65\x72\
\0\x74\x69\x6d\x65\x72\x5f\x65\x78\x70\x69\x72\x65\x73\0\x77\x6f\x72\x6b\0\x77\
\x61\x69\x74\x5f\x71\x75\x65\x75\x65\0\x77\x61\x6b\x65\x69\x72\x71\0\x75\x73\
\x61\x67\x65\x5f\x63\x6f\x75\x6e\x74\0\x64\x69\x73\x61\x62\x6c\x65\x5f\x64\x65\
\x70\x74\x68\0\x69\x64\x6c\x65\x5f\x6e\x6f\x74\x69\x66\x69\x63\x61\x74\x69\x6f\
\x6e\0\x72\x65\x71\x75\x65\x73\x74\x5f\x70\x65\x6e\x64\x69\x6e\x67\0\x64\x65\
\x66\x65\x72\x72\x65\x64\x5f\x72\x65\x73\x75\x6d\x65\0\x6e\x65\x65\x64\x73\x5f\
\x66\x6f\x72\x63\x65\x5f\x72\x65\x73\x75\x6d\x65\0\x72\x75\x6e\x74\x69\x6d\x65\
\x5f\x61\x75\x74\x6f\0\x69\x67\x6e\x6f\x72\x65\x5f\x63\x68\x69\x6c\x64\x72\x65\
\x6e\0\x6e\x6f\x5f\x63\x61\x6c\x6c\x62\x61\x63\x6b\x73\0\x69\x72\x71\x5f\x73\
\x61\x66\x65\0\x75\x73\x65\x5f\x61\x75\x74\x6f\x73\x75\x73\x70\x65\x6e\x64\0\
\x74\x69\x6d\x65\x72\x5f\x61\x75\x74\x6f\x73\x75\x73\x70\x65\x6e\x64\x73\0\x6d\
\x65\x6d\x61\x6c\x6c\x6f\x63\x5f\x6e\x6f\x69\x6f\0\x6c\x69\x6e\x6b\x73\x5f\x63\
\x6f\x75\x6e\x74\0\x72\x65\x71\x75\x65\x73\x74\0\x72\x75\x6e\x74\x69\x6d\x65\
\x5f\x73\x74\x61\x74\x75\x73\0\x72\x75\x6e\x74\x69\x6d\x65\x5f\x65\x72\x72\x6f\
\x72\0\x61\x75\x74\x6f\x73\x75\x73\x70\x65\x6e\x64\x5f\x64\x65\x6c\x61\x79\0\
\x6c\x61\x73\x74\x5f\x62\x75\x73\x79\0\x61\x63\x74\x69\x76\x65\x5f\x74\x69\x6d\
\x65\0\x73\x75\x73\x70\x65\x6e\x64\x65\x64\x5f\x74\x69\x6d\x65\0\x61\x63\x63\
\x6f\x75\x6e\x74\x69\x6e\x67\x5f\x74\x69\x6d\x65\x73\x74\x61\x6d\x70\0\x73\x75\
\x62\x73\x79\x73\x5f\x64\x61\x74\x61\0\x73\x65\x74\x5f\x6c\x61\x74\x65\x6e\x63\
\x79\x5f\x74\x6f\x6c\x65\x72\x61\x6e\x63\x65\0\x71\x6f\x73\0\x70\x6d\x5f\x6d\
\x65\x73\x73\x61\x67\x65\x5f\x74\0\x70\x6d\x5f\x6d\x65\x73\x73\x61\x67\x65\0\
\x64\x6f\x6e\x65\0\x77\x61\x69\x74\0\x73\x77\x61\x69\x74\x5f\x71\x75\x65\x75\
\x65\x5f\x68\x65\x61\x64\0\x74\x61\x73\x6b\x5f\x6c\x69\x73\x74\0\x72\x70\x6d\
\x5f\x72\x65\x71\x75\x65\x73\x74\0\x52\x50\x4d\x5f\x52\x45\x51\x5f\x4e\x4f\x4e\
\x45\0\x52\x50\x4d\x5f\x52\x45\x51\x5f\x49\x44\x4c\x45\0\x52\x50\x4d\x5f\x52\
\x45\x51\x5f\x53\x55\x53\x50\x45\x4e\x44\0\x52\x50\x4d\x5f\x52\x45\x51\x5f\x41\
\x55\x54\x4f\x53\x55\x53\x50\x45\x4e\x44\0\x52\x50\x4d\x5f\x52\x45\x51\x5f\x52\
\x45\x53\x55\x4d\x45\0\x72\x70\x6d\x5f\x73\x74\x61\x74\x75\x73\0\x52\x50\x4d\
\x5f\x41\x43\x54\x49\x56\x45\0\x52\x50\x4d\x5f\x52\x45\x53\x55\x4d\x49\x4e\x47\
\0\x52\x50\x4d\x5f\x53\x55\x53\x50\x45\x4e\x44\x45\x44\0\x52\x50\x4d\x5f\x53\
\x55\x53\x50\x45\x4e\x44\x49\x4e\x47\0\x64\x65\x76\x5f\x61\x72\x63\x68\x64\x61\
\x74\x61\0\x64\x65\x76\x5f\x74\0\x5f\x5f\x6b\x65\x72\x6e\x65\x6c\x5f\x64\x65\
\x76\x5f\x74\0\x64\x65\x76\x69\x63\x65\x5f\x72\x65\x6d\x6f\x76\x61\x62\x6c\x65\
\0\x44\x45\x56\x49\x43\x45\x5f\x52\x45\x4d\x4f\x56\x41\x42\x4c\x45\x5f\x4e\x4f\
\x54\x5f\x53\x55\x50\x50\x4f\x52\x54\x45\x44\0\x44\x45\x56\x49\x43\x45\x5f\x52\
\x45\x4d\x4f\x56\x41\x42\x4c\x45\x5f\x55\x4e\x4b\x4e\x4f\x57\x4e\0\x44\x45\x56\
\x49\x43\x45\x5f\x46\x49\x58\x45\x44\0\x44\x45\x56\x49\x43\x45\x5f\x52\x45\x4d\
\x4f\x56\x41\x42\x4c\x45\0\x61\x74\x74\x72\x69\x62\x75\x74\x65\x5f\x67\x72\x6f\
\x75\x70\0\x69\x73\x5f\x76\x69\x73\x69\x62\x6c\x65\0\x69\x73\x5f\x62\x69\x6e\
\x5f\x76\x69\x73\x69\x62\x6c\x65\0\x61\x74\x74\x72\x73\0\x62\x69\x6e\x5f\x61\
\x74\x74\x72\x73\0\x75\x6d\x6f\x64\x65\x5f\x74\0\x61\x74\x74\x72\x69\x62\x75\
\x74\x65\0\x62\x69\x6e\x5f\x61\x74\x74\x72\x69\x62\x75\x74\x65\0\x72\x65\x61\
\x64\0\x77\x72\x69\x74\x65\0\x61\x64\x64\x72\x65\x73\x73\x5f\x73\x70\x61\x63\
\x65\0\x68\x6f\x73\x74\0\x69\x5f\x70\x61\x67\x65\x73\0\x69\x6e\x76\x61\x6c\x69\
\x64\x61\x74\x65\x5f\x6c\x6f\x63\x6b\0\x67\x66\x70\x5f\x6d\x61\x73\x6b\0\x69\
\x5f\x6d\x6d\x61\x70\x5f\x77\x72\x69\x74\x61\x62\x6c\x65\0\x69\x5f\x6d\x6d\x61\
\x70\0\x69\x5f\x6d\x6d\x61\x70\x5f\x72\x77\x73\x65\x6d\0\x6e\x72\x70\x61\x67\
\x65\x73\0\x77\x72\x69\x74\x65\x62\x61\x63\x6b\x5f\x69\x6e\x64\x65\x78\0\x61\
\x5f\x6f\x70\x73\0\x77\x62\x5f\x65\x72\x72\0\x70\x72\x69\x76\x61\x74\x65\x5f\
\x6c\x6f\x63\x6b\0\x70\x72\x69\x76\x61\x74\x65\x5f\x6c\x69\x73\x74\0\x73\x73\
\x69\x7a\x65\x5f\x74\0\x5f\x5f\x6b\x65\x72\x6e\x65\x6c\x5f\x73\x73\x69\x7a\x65\
\x5f\x74\0\x5f\x5f\x6b\x65\x72\x6e\x65\x6c\x5f\x6c\x6f\x6e\x67\x5f\x74\0\x6e\
\x65\x74\x64\x65\x76\x5f\x74\x63\x5f\x74\x78\x71\0\x62\x70\x66\x5f\x78\x64\x70\
\x5f\x65\x6e\x74\x69\x74\x79\0\x6c\x69\x6e\x6b\0\x6e\x65\x69\x67\x68\x62\x6f\
\x75\x72\0\x70\x61\x72\x6d\x73\0\x63\x6f\x6e\x66\x69\x72\x6d\x65\x64\0\x75\x70\
\x64\x61\x74\x65\x64\0\x61\x72\x70\x5f\x71\x75\x65\x75\x65\x5f\x6c\x65\x6e\x5f\
\x62\x79\x74\x65\x73\0\x61\x72\x70\x5f\x71\x75\x65\x75\x65\0\x70\x72\x6f\x62\
\x65\x73\0\x6e\x75\x64\x5f\x73\x74\x61\x74\x65\0\x68\x61\x5f\x6c\x6f\x63\x6b\0\
\x68\x61\0\x68\x68\0\x67\x63\x5f\x6c\x69\x73\x74\0\x70\x72\x69\x6d\x61\x72\x79\
\x5f\x6b\x65\x79\0\x68\x68\x5f\x63\x61\x63\x68\x65\0\x68\x68\x5f\x6c\x65\x6e\0\
\x68\x68\x5f\x6c\x6f\x63\x6b\0\x68\x68\x5f\x64\x61\x74\x61\0\x70\x65\x72\x63\
\x70\x75\x5f\x63\x6f\x75\x6e\x74\x65\x72\0\x63\x6f\x75\x6e\x74\x65\x72\x73\0\
\x6e\x65\x74\x6e\x73\x5f\x73\x79\x73\x63\x74\x6c\x5f\x69\x70\x76\x36\0\x68\x64\
\x72\0\x69\x63\x6d\x70\x5f\x68\x64\x72\0\x78\x66\x72\x6d\x36\x5f\x68\x64\x72\0\
\x66\x6c\x75\x73\x68\x5f\x64\x65\x6c\x61\x79\0\x69\x70\x36\x5f\x72\x74\x5f\x6d\
\x61\x78\x5f\x73\x69\x7a\x65\0\x69\x70\x36\x5f\x72\x74\x5f\x67\x63\x5f\x6d\x69\
\x6e\x5f\x69\x6e\x74\x65\x72\x76\x61\x6c\0\x69\x70\x36\x5f\x72\x74\x5f\x67\x63\
\x5f\x74\x69\x6d\x65\x6f\x75\x74\0\x69\x70\x36\x5f\x72\x74\x5f\x67\x63\x5f\x69\
\x6e\x74\x65\x72\x76\x61\x6c\0\x69\x70\x36\x5f\x72\x74\x5f\x67\x63\x5f\x65\x6c\
\x61\x73\x74\x69\x63\x69\x74\x79\0\x69\x70\x36\x5f\x72\x74\x5f\x6d\x74\x75\x5f\
\x65\x78\x70\x69\x72\x65\x73\0\x69\x70\x36\x5f\x72\x74\x5f\x6d\x69\x6e\x5f\x61\
\x64\x76\x6d\x73\x73\0\x6d\x75\x6c\x74\x69\x70\x61\x74\x68\x5f\x68\x61\x73\x68\
\x5f\x66\x69\x65\x6c\x64\x73\0\x6d\x75\x6c\x74\x69\x70\x61\x74\x68\x5f\x68\x61\
\x73\x68\x5f\x70\x6f\x6c\x69\x63\x79\0\x62\x69\x6e\x64\x76\x36\x6f\x6e\x6c\x79\
\0\x66\x6c\x6f\x77\x6c\x61\x62\x65\x6c\x5f\x63\x6f\x6e\x73\x69\x73\x74\x65\x6e\
\x63\x79\0\x61\x75\x74\x6f\x5f\x66\x6c\x6f\x77\x6c\x61\x62\x65\x6c\x73\0\x69\
\x63\x6d\x70\x76\x36\x5f\x74\x69\x6d\x65\0\x69\x63\x6d\x70\x76\x36\x5f\x65\x63\
\x68\x6f\x5f\x69\x67\x6e\x6f\x72\x65\x5f\x61\x6c\x6c\0\x69\x63\x6d\x70\x76\x36\
\x5f\x65\x63\x68\x6f\x5f\x69\x67\x6e\x6f\x72\x65\x5f\x6d\x75\x6c\x74\x69\x63\
\x61\x73\x74\0\x69\x63\x6d\x70\x76\x36\x5f\x65\x63\x68\x6f\x5f\x69\x67\x6e\x6f\
\x72\x65\x5f\x61\x6e\x79\x63\x61\x73\x74\0\x69\x63\x6d\x70\x76\x36\x5f\x72\x61\
\x74\x65\x6d\x61\x73\x6b\0\x69\x63\x6d\x70\x76\x36\x5f\x72\x61\x74\x65\x6d\x61\
\x73\x6b\x5f\x70\x74\x72\0\x61\x6e\x79\x63\x61\x73\x74\x5f\x73\x72\x63\x5f\x65\
\x63\x68\x6f\x5f\x72\x65\x70\x6c\x79\0\x69\x70\x5f\x6e\x6f\x6e\x6c\x6f\x63\x61\
\x6c\x5f\x62\x69\x6e\x64\0\x66\x77\x6d\x61\x72\x6b\x5f\x72\x65\x66\x6c\x65\x63\
\x74\0\x66\x6c\x6f\x77\x6c\x61\x62\x65\x6c\x5f\x73\x74\x61\x74\x65\x5f\x72\x61\
\x6e\x67\x65\x73\0\x69\x64\x67\x65\x6e\x5f\x72\x65\x74\x72\x69\x65\x73\0\x69\
\x64\x67\x65\x6e\x5f\x64\x65\x6c\x61\x79\0\x66\x6c\x6f\x77\x6c\x61\x62\x65\x6c\
\x5f\x72\x65\x66\x6c\x65\x63\x74\0\x6d\x61\x78\x5f\x64\x73\x74\x5f\x6f\x70\x74\
\x73\x5f\x63\x6e\x74\0\x6d\x61\x78\x5f\x68\x62\x68\x5f\x6f\x70\x74\x73\x5f\x63\
\x6e\x74\0\x6d\x61\x78\x5f\x64\x73\x74\x5f\x6f\x70\x74\x73\x5f\x6c\x65\x6e\0\
\x6d\x61\x78\x5f\x68\x62\x68\x5f\x6f\x70\x74\x73\x5f\x6c\x65\x6e\0\x73\x65\x67\
\x36\x5f\x66\x6c\x6f\x77\x6c\x61\x62\x65\x6c\0\x69\x6f\x61\x6d\x36\x5f\x69\x64\
\0\x69\x6f\x61\x6d\x36\x5f\x69\x64\x5f\x77\x69\x64\x65\0\x73\x6b\x69\x70\x5f\
\x6e\x6f\x74\x69\x66\x79\x5f\x6f\x6e\x5f\x64\x65\x76\x5f\x64\x6f\x77\x6e\0\x66\
\x69\x62\x5f\x6e\x6f\x74\x69\x66\x79\x5f\x6f\x6e\x5f\x66\x6c\x61\x67\x5f\x63\
\x68\x61\x6e\x67\x65\0\x6e\x65\x74\x6e\x73\x5f\x6e\x66\0\x70\x72\x6f\x63\x5f\
\x6e\x65\x74\x66\x69\x6c\x74\x65\x72\0\x6e\x66\x5f\x6c\x6f\x67\x67\x65\x72\x73\
\0\x6e\x66\x5f\x6c\x6f\x67\x5f\x64\x69\x72\x5f\x68\x65\x61\x64\x65\x72\0\x68\
\x6f\x6f\x6b\x73\x5f\x69\x70\x76\x34\0\x68\x6f\x6f\x6b\x73\x5f\x69\x70\x76\x36\
\0\x64\x65\x66\x72\x61\x67\x5f\x69\x70\x76\x34\x5f\x75\x73\x65\x72\x73\0\x64\
\x65\x66\x72\x61\x67\x5f\x69\x70\x76\x36\x5f\x75\x73\x65\x72\x73\0\x6e\x66\x5f\
\x6c\x6f\x67\x67\x65\x72\0\x6c\x6f\x67\x66\x6e\0\x6d\x65\0\x6e\x66\x5f\x6c\x6f\
\x67\x5f\x74\x79\x70\x65\0\x4e\x46\x5f\x4c\x4f\x47\x5f\x54\x59\x50\x45\x5f\x4c\
\x4f\x47\0\x4e\x46\x5f\x4c\x4f\x47\x5f\x54\x59\x50\x45\x5f\x55\x4c\x4f\x47\0\
\x4e\x46\x5f\x4c\x4f\x47\x5f\x54\x59\x50\x45\x5f\x4d\x41\x58\0\x6e\x66\x5f\x6c\
\x6f\x67\x66\x6e\0\x75\x5f\x69\x6e\x74\x38\x5f\x74\0\x6e\x66\x5f\x6c\x6f\x67\
\x69\x6e\x66\x6f\0\x75\0\x75\x6c\x6f\x67\0\x6c\x6f\x67\0\x63\x6f\x70\x79\x5f\
\x6c\x65\x6e\0\x71\x74\x68\x72\x65\x73\x68\x6f\x6c\x64\0\x75\x5f\x69\x6e\x74\
\x33\x32\x5f\x74\0\x75\x5f\x69\x6e\x74\x31\x36\x5f\x74\0\x6c\x6f\x67\x66\x6c\
\x61\x67\x73\0\x6e\x66\x5f\x68\x6f\x6f\x6b\x5f\x65\x6e\x74\x72\x69\x65\x73\0\
\x6e\x75\x6d\x5f\x68\x6f\x6f\x6b\x5f\x65\x6e\x74\x72\x69\x65\x73\0\x68\x6f\x6f\
\x6b\x73\0\x6e\x66\x5f\x68\x6f\x6f\x6b\x5f\x65\x6e\x74\x72\x79\0\x68\x6f\x6f\
\x6b\0\x70\x72\x69\x76\0\x6e\x66\x5f\x68\x6f\x6f\x6b\x66\x6e\0\x6e\x66\x5f\x68\
\x6f\x6f\x6b\x5f\x73\x74\x61\x74\x65\0\x70\x66\0\x69\x6e\0\x6f\x75\x74\0\x6f\
\x6b\x66\x6e\0\x6e\x65\x74\x6e\x73\x5f\x63\x74\0\x65\x63\x61\x63\x68\x65\x5f\
\x64\x77\x6f\x72\x6b\x5f\x70\x65\x6e\x64\x69\x6e\x67\0\x73\x79\x73\x63\x74\x6c\
\x5f\x6c\x6f\x67\x5f\x69\x6e\x76\x61\x6c\x69\x64\0\x73\x79\x73\x63\x74\x6c\x5f\
\x65\x76\x65\x6e\x74\x73\0\x73\x79\x73\x63\x74\x6c\x5f\x61\x63\x63\x74\0\x73\
\x79\x73\x63\x74\x6c\x5f\x61\x75\x74\x6f\x5f\x61\x73\x73\x69\x67\x6e\x5f\x68\
\x65\x6c\x70\x65\x72\0\x73\x79\x73\x63\x74\x6c\x5f\x74\x73\x74\x61\x6d\x70\0\
\x73\x79\x73\x63\x74\x6c\x5f\x63\x68\x65\x63\x6b\x73\x75\x6d\0\x70\x63\x70\x75\
\x5f\x6c\x69\x73\x74\x73\0\x73\x74\x61\x74\0\x6e\x66\x5f\x63\x6f\x6e\x6e\x74\
\x72\x61\x63\x6b\x5f\x65\x76\x65\x6e\x74\x5f\x63\x62\0\x6e\x66\x5f\x63\x74\x5f\
\x70\x72\x6f\x74\x6f\0\x6e\x66\x5f\x69\x70\x5f\x6e\x65\x74\0\x67\x65\x6e\x65\
\x72\x69\x63\0\x74\x63\x70\0\x75\x64\x70\0\x69\x63\x6d\x70\0\x69\x63\x6d\x70\
\x76\x36\0\x67\x72\x65\0\x6e\x66\x5f\x67\x65\x6e\x65\x72\x69\x63\x5f\x6e\x65\
\x74\0\x6e\x66\x5f\x74\x63\x70\x5f\x6e\x65\x74\0\x74\x69\x6d\x65\x6f\x75\x74\
\x73\0\x74\x63\x70\x5f\x6c\x6f\x6f\x73\x65\0\x74\x63\x70\x5f\x62\x65\x5f\x6c\
\x69\x62\x65\x72\x61\x6c\0\x74\x63\x70\x5f\x6d\x61\x78\x5f\x72\x65\x74\x72\x61\
\x6e\x73\0\x74\x63\x70\x5f\x69\x67\x6e\x6f\x72\x65\x5f\x69\x6e\x76\x61\x6c\x69\
\x64\x5f\x72\x73\x74\0\x6e\x66\x5f\x75\x64\x70\x5f\x6e\x65\x74\0\x6e\x66\x5f\
\x69\x63\x6d\x70\x5f\x6e\x65\x74\0\x6e\x66\x5f\x67\x72\x65\x5f\x6e\x65\x74\0\
\x6b\x65\x79\x6d\x61\x70\x5f\x6c\x69\x73\x74\0\x6e\x65\x74\x6e\x73\x5f\x62\x70\
\x66\0\x72\x75\x6e\x5f\x61\x72\x72\x61\x79\0\x70\x72\x6f\x67\x73\0\x62\x70\x66\
\x5f\x70\x72\x6f\x67\x5f\x61\x72\x72\x61\x79\0\x69\x74\x65\x6d\x73\0\x62\x70\
\x66\x5f\x70\x72\x6f\x67\x5f\x61\x72\x72\x61\x79\x5f\x69\x74\x65\x6d\0\x63\x67\
\x72\x6f\x75\x70\x5f\x73\x74\x6f\x72\x61\x67\x65\0\x62\x70\x66\x5f\x63\x67\x72\
\x6f\x75\x70\x5f\x73\x74\x6f\x72\x61\x67\x65\0\x6d\x61\x70\0\x6c\x69\x73\x74\
\x5f\x6d\x61\x70\0\x6c\x69\x73\x74\x5f\x63\x67\0\x62\x75\x66\0\x70\x65\x72\x63\
\x70\x75\x5f\x62\x75\x66\0\x62\x70\x66\x5f\x63\x67\x72\x6f\x75\x70\x5f\x73\x74\
\x6f\x72\x61\x67\x65\x5f\x6b\x65\x79\0\x63\x67\x72\x6f\x75\x70\x5f\x69\x6e\x6f\
\x64\x65\x5f\x69\x64\0\x61\x74\x74\x61\x63\x68\x5f\x74\x79\x70\x65\0\x62\x70\
\x66\x5f\x70\x72\x6f\x67\0\x70\x61\x67\x65\x73\0\x6a\x69\x74\x65\x64\0\x6a\x69\
\x74\x5f\x72\x65\x71\x75\x65\x73\x74\x65\x64\0\x67\x70\x6c\x5f\x63\x6f\x6d\x70\
\x61\x74\x69\x62\x6c\x65\0\x63\x62\x5f\x61\x63\x63\x65\x73\x73\0\x64\x73\x74\
\x5f\x6e\x65\x65\x64\x65\x64\0\x62\x6c\x69\x6e\x64\x65\x64\0\x69\x73\x5f\x66\
\x75\x6e\x63\0\x6b\x70\x72\x6f\x62\x65\x5f\x6f\x76\x65\x72\x72\x69\x64\x65\0\
\x68\x61\x73\x5f\x63\x61\x6c\x6c\x63\x68\x61\x69\x6e\x5f\x62\x75\x66\0\x65\x6e\
\x66\x6f\x72\x63\x65\x5f\x65\x78\x70\x65\x63\x74\x65\x64\x5f\x61\x74\x74\x61\
\x63\x68\x5f\x74\x79\x70\x65\0\x63\x61\x6c\x6c\x5f\x67\x65\x74\x5f\x73\x74\x61\
\x63\x6b\0\x63\x61\x6c\x6c\x5f\x67\x65\x74\x5f\x66\x75\x6e\x63\x5f\x69\x70\0\
\x65\x78\x70\x65\x63\x74\x65\x64\x5f\x61\x74\x74\x61\x63\x68\x5f\x74\x79\x70\
\x65\0\x6a\x69\x74\x65\x64\x5f\x6c\x65\x6e\0\x74\x61\x67\0\x62\x70\x66\x5f\x66\
\x75\x6e\x63\0\x61\x75\x78\0\x6f\x72\x69\x67\x5f\x70\x72\x6f\x67\0\x69\x6e\x73\
\x6e\x73\0\x69\x6e\x73\x6e\x73\x69\0\x62\x70\x66\x5f\x70\x72\x6f\x67\x5f\x74\
\x79\x70\x65\0\x42\x50\x46\x5f\x50\x52\x4f\x47\x5f\x54\x59\x50\x45\x5f\x55\x4e\
\x53\x50\x45\x43\0\x42\x50\x46\x5f\x50\x52\x4f\x47\x5f\x54\x59\x50\x45\x5f\x53\
\x4f\x43\x4b\x45\x54\x5f\x46\x49\x4c\x54\x45\x52\0\x42\x50\x46\x5f\x50\x52\x4f\
\x47\x5f\x54\x59\x50\x45\x5f\x4b\x50\x52\x4f\x42\x45\0\x42\x50\x46\x5f\x50\x52\
\x4f\x47\x5f\x54\x59\x50\x45\x5f\x53\x43\x48\x45\x44\x5f\x43\x4c\x53\0\x42\x50\
\x46\x5f\x50\x52\x4f\x47\x5f\x54\x59\x50\x45\x5f\x53\x43\x48\x45\x44\x5f\x41\
\x43\x54\0\x42\x50\x46\x5f\x50\x52\x4f\x47\x5f\x54\x59\x50\x45\x5f\x54\x52\x41\
\x43\x45\x50\x4f\x49\x4e\x54\0\x42\x50\x46\x5f\x50\x52\x4f\x47\x5f\x54\x59\x50\
\x45\x5f\x58\x44\x50\0\x42\x50\x46\x5f\x50\x52\x4f\x47\x5f\x54\x59\x50\x45\x5f\
\x50\x45\x52\x46\x5f\x45\x56\x45\x4e\x54\0\x42\x50\x46\x5f\x50\x52\x4f\x47\x5f\
\x54\x59\x50\x45\x5f\x43\x47\x52\x4f\x55\x50\x5f\x53\x4b\x42\0\x42\x50\x46\x5f\
\x50\x52\x4f\x47\x5f\x54\x59\x50\x45\x5f\x43\x47\x52\x4f\x55\x50\x5f\x53\x4f\
\x43\x4b\0\x42\x50\x46\x5f\x50\x52\x4f\x47\x5f\x54\x59\x50\x45\x5f\x4c\x57\x54\
\x5f\x49\x4e\0\x42\x50\x46\x5f\x50\x52\x4f\x47\x5f\x54\x59\x50\x45\x5f\x4c\x57\
\x54\x5f\x4f\x55\x54\0\x42\x50\x46\x5f\x50\x52\x4f\x47\x5f\x54\x59\x50\x45\x5f\
\x4c\x57\x54\x5f\x58\x4d\x49\x54\0\x42\x50\x46\x5f\x50\x52\x4f\x47\x5f\x54\x59\
\x50\x45\x5f\x53\x4f\x43\x4b\x5f\x4f\x50\x53\0\x42\x50\x46\x5f\x50\x52\x4f\x47\
\x5f\x54\x59\x50\x45\x5f\x53\x4b\x5f\x53\x4b\x42\0\x42\x50\x46\x5f\x50\x52\x4f\
\x47\x5f\x54\x59\x50\x45\x5f\x43\x47\x52\x4f\x55\x50\x5f\x44\x45\x56\x49\x43\
\x45\0\x42\x50\x46\x5f\x50\x52\x4f\x47\x5f\x54\x59\x50\x45\x5f\x53\x4b\x5f\x4d\
\x53\x47\0\x42\x50\x46\x5f\x50\x52\x4f\x47\x5f\x54\x59\x50\x45\x5f\x52\x41\x57\
\x5f\x54\x52\x41\x43\x45\x50\x4f\x49\x4e\x54\0\x42\x50\x46\x5f\x50\x52\x4f\x47\
\x5f\x54\x59\x50\x45\x5f\x43\x47\x52\x4f\x55\x50\x5f\x53\x4f\x43\x4b\x5f\x41\
\x44\x44\x52\0\x42\x50\x46\x5f\x50\x52\x4f\x47\x5f\x54\x59\x50\x45\x5f\x4c\x57\
\x54\x5f\x53\x45\x47\x36\x4c\x4f\x43\x41\x4c\0\x42\x50\x46\x5f\x50\x52\x4f\x47\
\x5f\x54\x59\x50\x45\x5f\x4c\x49\x52\x43\x5f\x4d\x4f\x44\x45\x32\0\x42\x50\x46\
\x5f\x50\x52\x4f\x47\x5f\x54\x59\x50\x45\x5f\x53\x4b\x5f\x52\x45\x55\x53\x45\
\x50\x4f\x52\x54\0\x42\x50\x46\x5f\x50\x52\x4f\x47\x5f\x54\x59\x50\x45\x5f\x46\
\x4c\x4f\x57\x5f\x44\x49\x53\x53\x45\x43\x54\x4f\x52\0\x42\x50\x46\x5f\x50\x52\
\x4f\x47\x5f\x54\x59\x50\x45\x5f\x43\x47\x52\x4f\x55\x50\x5f\x53\x59\x53\x43\
\x54\x4c\0\x42\x50\x46\x5f\x50\x52\x4f\x47\x5f\x54\x59\x50\x45\x5f\x52\x41\x57\
\x5f\x54\x52\x41\x43\x45\x50\x4f\x49\x4e\x54\x5f\x57\x52\x49\x54\x41\x42\x4c\
\x45\0\x42\x50\x46\x5f\x50\x52\x4f\x47\x5f\x54\x59\x50\x45\x5f\x43\x47\x52\x4f\
\x55\x50\x5f\x53\x4f\x43\x4b\x4f\x50\x54\0\x42\x50\x46\x5f\x50\x52\x4f\x47\x5f\
\x54\x59\x50\x45\x5f\x54\x52\x41\x43\x49\x4e\x47\0\x42\x50\x46\x5f\x50\x52\x4f\
\x47\x5f\x54\x59\x50\x45\x5f\x53\x54\x52\x55\x43\x54\x5f\x4f\x50\x53\0\x42\x50\
\x46\x5f\x50\x52\x4f\x47\x5f\x54\x59\x50\x45\x5f\x45\x58\x54\0\x42\x50\x46\x5f\
\x50\x52\x4f\x47\x5f\x54\x59\x50\x45\x5f\x4c\x53\x4d\0\x42\x50\x46\x5f\x50\x52\
\x4f\x47\x5f\x54\x59\x50\x45\x5f\x53\x4b\x5f\x4c\x4f\x4f\x4b\x55\x50\0\x42\x50\
\x46\x5f\x50\x52\x4f\x47\x5f\x54\x59\x50\x45\x5f\x53\x59\x53\x43\x41\x4c\x4c\0\
\x62\x70\x66\x5f\x61\x74\x74\x61\x63\x68\x5f\x74\x79\x70\x65\0\x42\x50\x46\x5f\
\x43\x47\x52\x4f\x55\x50\x5f\x49\x4e\x45\x54\x5f\x49\x4e\x47\x52\x45\x53\x53\0\
\x42\x50\x46\x5f\x43\x47\x52\x4f\x55\x50\x5f\x49\x4e\x45\x54\x5f\x45\x47\x52\
\x45\x53\x53\0\x42\x50\x46\x5f\x43\x47\x52\x4f\x55\x50\x5f\x49\x4e\x45\x54\x5f\
\x53\x4f\x43\x4b\x5f\x43\x52\x45\x41\x54\x45\0\x42\x50\x46\x5f\x43\x47\x52\x4f\
\x55\x50\x5f\x53\x4f\x43\x4b\x5f\x4f\x50\x53\0\x42\x50\x46\x5f\x53\x4b\x5f\x53\
\x4b\x42\x5f\x53\x54\x52\x45\x41\x4d\x5f\x50\x41\x52\x53\x45\x52\0\x42\x50\x46\
\x5f\x53\x4b\x5f\x53\x4b\x42\x5f\x53\x54\x52\x45\x41\x4d\x5f\x56\x45\x52\x44\
\x49\x43\x54\0\x42\x50\x46\x5f\x43\x47\x52\x4f\x55\x50\x5f\x44\x45\x56\x49\x43\
\x45\0\x42\x50\x46\x5f\x53\x4b\x5f\x4d\x53\x47\x5f\x56\x45\x52\x44\x49\x43\x54\
\0\x42\x50\x46\x5f\x43\x47\x52\x4f\x55\x50\x5f\x49\x4e\x45\x54\x34\x5f\x42\x49\
\x4e\x44\0\x42\x50\x46\x5f\x43\x47\x52\x4f\x55\x50\x5f\x49\x4e\x45\x54\x36\x5f\
\x42\x49\x4e\x44\0\x42\x50\x46\x5f\x43\x47\x52\x4f\x55\x50\x5f\x49\x4e\x45\x54\
\x34\x5f\x43\x4f\x4e\x4e\x45\x43\x54\0\x42\x50\x46\x5f\x43\x47\x52\x4f\x55\x50\
\x5f\x49\x4e\x45\x54\x36\x5f\x43\x4f\x4e\x4e\x45\x43\x54\0\x42\x50\x46\x5f\x43\
\x47\x52\x4f\x55\x50\x5f\x49\x4e\x45\x54\x34\x5f\x50\x4f\x53\x54\x5f\x42\x49\
\x4e\x44\0\x42\x50\x46\x5f\x43\x47\x52\x4f\x55\x50\x5f\x49\x4e\x45\x54\x36\x5f\
\x50\x4f\x53\x54\x5f\x42\x49\x4e\x44\0\x42\x50\x46\x5f\x43\x47\x52\x4f\x55\x50\
\x5f\x55\x44\x50\x34\x5f\x53\x45\x4e\x44\x4d\x53\x47\0\x42\x50\x46\x5f\x43\x47\
\x52\x4f\x55\x50\x5f\x55\x44\x50\x36\x5f\x53\x45\x4e\x44\x4d\x53\x47\0\x42\x50\
\x46\x5f\x4c\x49\x52\x43\x5f\x4d\x4f\x44\x45\x32\0\x42\x50\x46\x5f\x46\x4c\x4f\
\x57\x5f\x44\x49\x53\x53\x45\x43\x54\x4f\x52\0\x42\x50\x46\x5f\x43\x47\x52\x4f\
\x55\x50\x5f\x53\x59\x53\x43\x54\x4c\0\x42\x50\x46\x5f\x43\x47\x52\x4f\x55\x50\
\x5f\x55\x44\x50\x34\x5f\x52\x45\x43\x56\x4d\x53\x47\0\x42\x50\x46\x5f\x43\x47\
\x52\x4f\x55\x50\x5f\x55\x44\x50\x36\x5f\x52\x45\x43\x56\x4d\x53\x47\0\x42\x50\
\x46\x5f\x43\x47\x52\x4f\x55\x50\x5f\x47\x45\x54\x53\x4f\x43\x4b\x4f\x50\x54\0\
\x42\x50\x46\x5f\x43\x47\x52\x4f\x55\x50\x5f\x53\x45\x54\x53\x4f\x43\x4b\x4f\
\x50\x54\0\x42\x50\x46\x5f\x54\x52\x41\x43\x45\x5f\x52\x41\x57\x5f\x54\x50\0\
\x42\x50\x46\x5f\x54\x52\x41\x43\x45\x5f\x46\x45\x4e\x54\x52\x59\0\x42\x50\x46\
\x5f\x54\x52\x41\x43\x45\x5f\x46\x45\x58\x49\x54\0\x42\x50\x46\x5f\x4d\x4f\x44\
\x49\x46\x59\x5f\x52\x45\x54\x55\x52\x4e\0\x42\x50\x46\x5f\x4c\x53\x4d\x5f\x4d\
\x41\x43\0\x42\x50\x46\x5f\x54\x52\x41\x43\x45\x5f\x49\x54\x45\x52\0\x42\x50\
\x46\x5f\x43\x47\x52\x4f\x55\x50\x5f\x49\x4e\x45\x54\x34\x5f\x47\x45\x54\x50\
\x45\x45\x52\x4e\x41\x4d\x45\0\x42\x50\x46\x5f\x43\x47\x52\x4f\x55\x50\x5f\x49\
\x4e\x45\x54\x36\x5f\x47\x45\x54\x50\x45\x45\x52\x4e\x41\x4d\x45\0\x42\x50\x46\
\x5f\x43\x47\x52\x4f\x55\x50\x5f\x49\x4e\x45\x54\x34\x5f\x47\x45\x54\x53\x4f\
\x43\x4b\x4e\x41\x4d\x45\0\x42\x50\x46\x5f\x43\x47\x52\x4f\x55\x50\x5f\x49\x4e\
\x45\x54\x36\x5f\x47\x45\x54\x53\x4f\x43\x4b\x4e\x41\x4d\x45\0\x42\x50\x46\x5f\
\x58\x44\x50\x5f\x44\x45\x56\x4d\x41\x50\0\x42\x50\x46\x5f\x43\x47\x52\x4f\x55\
\x50\x5f\x49\x4e\x45\x54\x5f\x53\x4f\x43\x4b\x5f\x52\x45\x4c\x45\x41\x53\x45\0\
\x42\x50\x46\x5f\x58\x44\x50\x5f\x43\x50\x55\x4d\x41\x50\0\x42\x50\x46\x5f\x53\
\x4b\x5f\x4c\x4f\x4f\x4b\x55\x50\0\x42\x50\x46\x5f\x58\x44\x50\0\x42\x50\x46\
\x5f\x53\x4b\x5f\x53\x4b\x42\x5f\x56\x45\x52\x44\x49\x43\x54\0\x42\x50\x46\x5f\
\x53\x4b\x5f\x52\x45\x55\x53\x45\x50\x4f\x52\x54\x5f\x53\x45\x4c\x45\x43\x54\0\
\x42\x50\x46\x5f\x53\x4b\x5f\x52\x45\x55\x53\x45\x50\x4f\x52\x54\x5f\x53\x45\
\x4c\x45\x43\x54\x5f\x4f\x52\x5f\x4d\x49\x47\x52\x41\x54\x45\0\x42\x50\x46\x5f\
\x50\x45\x52\x46\x5f\x45\x56\x45\x4e\x54\0\x5f\x5f\x4d\x41\x58\x5f\x42\x50\x46\
\x5f\x41\x54\x54\x41\x43\x48\x5f\x54\x59\x50\x45\0\x62\x70\x66\x5f\x69\x6e\x73\
\x6e\0\x63\x6f\x64\x65\0\x64\x73\x74\x5f\x72\x65\x67\0\x73\x72\x63\x5f\x72\x65\
\x67\0\x6f\x66\x66\0\x69\x6d\x6d\0\x73\x6f\x63\x6b\x5f\x66\x69\x6c\x74\x65\x72\
\0\x6a\x74\0\x6a\x66\0\x6b\0\x6e\x65\x74\x6e\x73\x5f\x78\x66\x72\x6d\0\x73\x74\
\x61\x74\x65\x5f\x61\x6c\x6c\0\x73\x74\x61\x74\x65\x5f\x62\x79\x64\x73\x74\0\
\x73\x74\x61\x74\x65\x5f\x62\x79\x73\x72\x63\0\x73\x74\x61\x74\x65\x5f\x62\x79\
\x73\x70\x69\0\x73\x74\x61\x74\x65\x5f\x62\x79\x73\x65\x71\0\x73\x74\x61\x74\
\x65\x5f\x68\x6d\x61\x73\x6b\0\x73\x74\x61\x74\x65\x5f\x6e\x75\x6d\0\x73\x74\
\x61\x74\x65\x5f\x68\x61\x73\x68\x5f\x77\x6f\x72\x6b\0\x70\x6f\x6c\x69\x63\x79\
\x5f\x61\x6c\x6c\0\x70\x6f\x6c\x69\x63\x79\x5f\x62\x79\x69\x64\x78\0\x70\x6f\
\x6c\x69\x63\x79\x5f\x69\x64\x78\x5f\x68\x6d\x61\x73\x6b\0\x70\x6f\x6c\x69\x63\
\x79\x5f\x69\x6e\x65\x78\x61\x63\x74\0\x70\x6f\x6c\x69\x63\x79\x5f\x62\x79\x64\
\x73\x74\0\x70\x6f\x6c\x69\x63\x79\x5f\x63\x6f\x75\x6e\x74\0\x70\x6f\x6c\x69\
\x63\x79\x5f\x68\x61\x73\x68\x5f\x77\x6f\x72\x6b\0\x70\x6f\x6c\x69\x63\x79\x5f\
\x68\x74\x68\x72\x65\x73\x68\0\x69\x6e\x65\x78\x61\x63\x74\x5f\x62\x69\x6e\x73\
\0\x6e\x6c\x73\x6b\0\x6e\x6c\x73\x6b\x5f\x73\x74\x61\x73\x68\0\x73\x79\x73\x63\
\x74\x6c\x5f\x61\x65\x76\x65\x6e\x74\x5f\x65\x74\x69\x6d\x65\0\x73\x79\x73\x63\
\x74\x6c\x5f\x61\x65\x76\x65\x6e\x74\x5f\x72\x73\x65\x71\x74\x68\0\x73\x79\x73\
\x63\x74\x6c\x5f\x6c\x61\x72\x76\x61\x6c\x5f\x64\x72\x6f\x70\0\x73\x79\x73\x63\
\x74\x6c\x5f\x61\x63\x71\x5f\x65\x78\x70\x69\x72\x65\x73\0\x70\x6f\x6c\x69\x63\
\x79\x5f\x64\x65\x66\x61\x75\x6c\x74\0\x78\x66\x72\x6d\x34\x5f\x64\x73\x74\x5f\
\x6f\x70\x73\0\x78\x66\x72\x6d\x36\x5f\x64\x73\x74\x5f\x6f\x70\x73\0\x78\x66\
\x72\x6d\x5f\x73\x74\x61\x74\x65\x5f\x6c\x6f\x63\x6b\0\x78\x66\x72\x6d\x5f\x73\
\x74\x61\x74\x65\x5f\x68\x61\x73\x68\x5f\x67\x65\x6e\x65\x72\x61\x74\x69\x6f\
\x6e\0\x78\x66\x72\x6d\x5f\x70\x6f\x6c\x69\x63\x79\x5f\x68\x61\x73\x68\x5f\x67\
\x65\x6e\x65\x72\x61\x74\x69\x6f\x6e\0\x78\x66\x72\x6d\x5f\x70\x6f\x6c\x69\x63\
\x79\x5f\x6c\x6f\x63\x6b\0\x78\x66\x72\x6d\x5f\x63\x66\x67\x5f\x6d\x75\x74\x65\
\x78\0\x78\x66\x72\x6d\x5f\x70\x6f\x6c\x69\x63\x79\x5f\x68\x61\x73\x68\0\x74\
\x61\x62\x6c\x65\0\x68\x6d\x61\x73\x6b\0\x64\x62\x69\x74\x73\x34\0\x73\x62\x69\
\x74\x73\x34\0\x64\x62\x69\x74\x73\x36\0\x73\x62\x69\x74\x73\x36\0\x78\x66\x72\
\x6d\x5f\x70\x6f\x6c\x69\x63\x79\x5f\x68\x74\x68\x72\x65\x73\x68\0\x6c\x62\x69\
\x74\x73\x34\0\x72\x62\x69\x74\x73\x34\0\x6c\x62\x69\x74\x73\x36\0\x72\x62\x69\
\x74\x73\x36\0\x30\x3a\x31\x34\x3a\x32\0\x20\x20\x6e\x73\x5f\x69\x6e\x66\x6f\
\x2d\x3e\x75\x73\x65\x72\x5f\x6e\x73\x20\x3d\x20\x42\x50\x46\x5f\x43\x4f\x52\
\x45\x5f\x52\x45\x41\x44\x28\x74\x2c\x20\x6e\x73\x70\x72\x6f\x78\x79\x2c\x20\
\x75\x74\x73\x5f\x6e\x73\x2c\x20\x75\x73\x65\x72\x5f\x6e\x73\x2c\x20\x6e\x73\
\x2e\x69\x6e\x75\x6d\x29\x3b\0\x30\x3a\x31\0\x75\x74\x73\x5f\x6e\x61\x6d\x65\
\x73\x70\x61\x63\x65\0\x6e\x65\x77\x5f\x75\x74\x73\x6e\x61\x6d\x65\0\x73\x79\
\x73\x6e\x61\x6d\x65\0\x6e\x6f\x64\x65\x6e\x61\x6d\x65\0\x76\x65\x72\x73\x69\
\x6f\x6e\0\x6d\x61\x63\x68\x69\x6e\x65\0\x64\x6f\x6d\x61\x69\x6e\x6e\x61\x6d\
\x65\0\x75\x73\x65\x72\x5f\x6e\x61\x6d\x65\x73\x70\x61\x63\x65\0\x75\x69\x64\
\x5f\x6d\x61\x70\0\x67\x69\x64\x5f\x6d\x61\x70\0\x70\x72\x6f\x6a\x69\x64\x5f\
\x6d\x61\x70\0\x70\x61\x72\x65\x6e\x74\x5f\x63\x6f\x75\x6c\x64\x5f\x73\x65\x74\
\x66\x63\x61\x70\0\x6b\x65\x79\x72\x69\x6e\x67\x5f\x6e\x61\x6d\x65\x5f\x6c\x69\
\x73\x74\0\x75\x73\x65\x72\x5f\x6b\x65\x79\x72\x69\x6e\x67\x5f\x72\x65\x67\x69\
\x73\x74\x65\x72\0\x6b\x65\x79\x72\x69\x6e\x67\x5f\x73\x65\x6d\0\x75\x63\x6f\
\x75\x6e\x74\x5f\x6d\x61\x78\0\x75\x69\x64\x5f\x67\x69\x64\x5f\x6d\x61\x70\0\
\x6e\x72\x5f\x65\x78\x74\x65\x6e\x74\x73\0\x65\x78\x74\x65\x6e\x74\0\x75\x69\
\x64\x5f\x67\x69\x64\x5f\x65\x78\x74\x65\x6e\x74\0\x6c\x6f\x77\x65\x72\x5f\x66\
\x69\x72\x73\x74\0\x66\x6f\x72\x77\x61\x72\x64\0\x72\x65\x76\x65\x72\x73\x65\0\
\x30\x3a\x37\x3a\x32\0\x20\x20\x6e\x73\x5f\x69\x6e\x66\x6f\x2d\x3e\x75\x74\x73\
\x5f\x6e\x73\x20\x3d\x20\x42\x50\x46\x5f\x43\x4f\x52\x45\x5f\x52\x45\x41\x44\
\x28\x74\x2c\x20\x6e\x73\x70\x72\x6f\x78\x79\x2c\x20\x75\x74\x73\x5f\x6e\x73\
\x2c\x20\x6e\x73\x2e\x69\x6e\x75\x6d\x29\x3b\0\x30\x3a\x33\x3a\x32\0\x6c\x69\
\x6e\x75\x78\x5f\x62\x69\x6e\x70\x72\x6d\0\x76\x6d\x61\0\x76\x6d\x61\x5f\x70\
\x61\x67\x65\x73\0\x61\x72\x67\x6d\x69\x6e\0\x68\x61\x76\x65\x5f\x65\x78\x65\
\x63\x66\x64\0\x65\x78\x65\x63\x66\x64\x5f\x63\x72\x65\x64\x73\0\x73\x65\x63\
\x75\x72\x65\x65\x78\x65\x63\0\x70\x6f\x69\x6e\x74\x5f\x6f\x66\x5f\x6e\x6f\x5f\
\x72\x65\x74\x75\x72\x6e\0\x65\x78\x65\x63\x75\x74\x61\x62\x6c\x65\0\x69\x6e\
\x74\x65\x72\x70\x72\x65\x74\x65\x72\0\x75\x6e\x73\x61\x66\x65\0\x70\x65\x72\
\x5f\x63\x6c\x65\x61\x72\0\x61\x72\x67\x63\0\x65\x6e\x76\x63\0\x66\x69\x6c\x65\
\x6e\x61\x6d\x65\0\x69\x6e\x74\x65\x72\x70\0\x66\x64\x70\x61\x74\x68\0\x69\x6e\
\x74\x65\x72\x70\x5f\x66\x6c\x61\x67\x73\0\x65\x78\x65\x63\x66\x64\0\x6c\x6f\
\x61\x64\x65\x72\0\x65\x78\x65\x63\0\x72\x6c\x69\x6d\x5f\x73\x74\x61\x63\x6b\0\
\x72\x6c\x69\x6d\x69\x74\0\x72\x6c\x69\x6d\x5f\x63\x75\x72\0\x72\x6c\x69\x6d\
\x5f\x6d\x61\x78\0\x30\x3a\x31\x31\0\x20\x20\x69\x6d\x61\x67\x65\x5f\x69\x6e\
\x66\x6f\x2d\x3e\x69\x6e\x6f\x64\x65\x20\x3d\x20\x42\x50\x46\x5f\x43\x4f\x52\
\x45\x5f\x52\x45\x41\x44\x28\x62\x70\x72\x6d\x2c\x20\x66\x69\x6c\x65\x2c\x20\
\x66\x5f\x69\x6e\x6f\x64\x65\x2c\x20\x69\x5f\x69\x6e\x6f\x29\x3b\0\x69\x6e\x6f\
\x64\x65\0\x69\x5f\x6d\x6f\x64\x65\0\x69\x5f\x6f\x70\x66\x6c\x61\x67\x73\0\x69\
\x5f\x75\x69\x64\0\x69\x5f\x67\x69\x64\0\x69\x5f\x66\x6c\x61\x67\x73\0\x69\x5f\
\x61\x63\x6c\0\x69\x5f\x64\x65\x66\x61\x75\x6c\x74\x5f\x61\x63\x6c\0\x69\x5f\
\x6f\x70\0\x69\x5f\x73\x62\0\x69\x5f\x6d\x61\x70\x70\x69\x6e\x67\0\x69\x5f\x73\
\x65\x63\x75\x72\x69\x74\x79\0\x69\x5f\x69\x6e\x6f\0\x69\x5f\x72\x64\x65\x76\0\
\x69\x5f\x73\x69\x7a\x65\0\x69\x5f\x61\x74\x69\x6d\x65\0\x69\x5f\x6d\x74\x69\
\x6d\x65\0\x69\x5f\x63\x74\x69\x6d\x65\0\x69\x5f\x6c\x6f\x63\x6b\0\x69\x5f\x62\
\x79\x74\x65\x73\0\x69\x5f\x62\x6c\x6b\x62\x69\x74\x73\0\x69\x5f\x77\x72\x69\
\x74\x65\x5f\x68\x69\x6e\x74\0\x69\x5f\x62\x6c\x6f\x63\x6b\x73\0\x69\x5f\x73\
\x74\x61\x74\x65\0\x69\x5f\x72\x77\x73\x65\x6d\0\x64\x69\x72\x74\x69\x65\x64\
\x5f\x77\x68\x65\x6e\0\x64\x69\x72\x74\x69\x65\x64\x5f\x74\x69\x6d\x65\x5f\x77\
\x68\x65\x6e\0\x69\x5f\x68\x61\x73\x68\0\x69\x5f\x69\x6f\x5f\x6c\x69\x73\x74\0\
\x69\x5f\x6c\x72\x75\0\x69\x5f\x73\x62\x5f\x6c\x69\x73\x74\0\x69\x5f\x77\x62\
\x5f\x6c\x69\x73\x74\0\x69\x5f\x76\x65\x72\x73\x69\x6f\x6e\0\x69\x5f\x73\x65\
\x71\x75\x65\x6e\x63\x65\0\x69\x5f\x63\x6f\x75\x6e\x74\0\x69\x5f\x64\x69\x6f\
\x5f\x63\x6f\x75\x6e\x74\0\x69\x5f\x77\x72\x69\x74\x65\x63\x6f\x75\x6e\x74\0\
\x69\x5f\x72\x65\x61\x64\x63\x6f\x75\x6e\x74\0\x69\x5f\x66\x6c\x63\x74\x78\0\
\x69\x5f\x64\x61\x74\x61\0\x69\x5f\x64\x65\x76\x69\x63\x65\x73\0\x69\x5f\x67\
\x65\x6e\x65\x72\x61\x74\x69\x6f\x6e\0\x69\x5f\x66\x73\x6e\x6f\x74\x69\x66\x79\
\x5f\x6d\x61\x73\x6b\0\x69\x5f\x66\x73\x6e\x6f\x74\x69\x66\x79\x5f\x6d\x61\x72\
\x6b\x73\0\x69\x5f\x63\x72\x79\x70\x74\x5f\x69\x6e\x66\x6f\0\x69\x5f\x76\x65\
\x72\x69\x74\x79\x5f\x69\x6e\x66\x6f\0\x69\x5f\x70\x72\x69\x76\x61\x74\x65\0\
\x69\x5f\x6e\x6c\x69\x6e\x6b\0\x5f\x5f\x69\x5f\x6e\x6c\x69\x6e\x6b\0\x74\x69\
\x6d\x65\x73\x70\x65\x63\x36\x34\0\x74\x69\x6d\x65\x36\x34\x5f\x74\0\x62\x6c\
\x6b\x63\x6e\x74\x5f\x74\0\x69\x5f\x64\x65\x6e\x74\x72\x79\0\x69\x5f\x72\x63\
\x75\0\x69\x5f\x66\x6f\x70\0\x66\x72\x65\x65\x5f\x69\x6e\x6f\x64\x65\0\x66\x69\
\x6c\x65\x5f\x6f\x70\x65\x72\x61\x74\x69\x6f\x6e\x73\0\x6c\x6c\x73\x65\x65\x6b\
\0\x72\x65\x61\x64\x5f\x69\x74\x65\x72\0\x77\x72\x69\x74\x65\x5f\x69\x74\x65\
\x72\0\x69\x6f\x70\x6f\x6c\x6c\0\x69\x74\x65\x72\x61\x74\x65\0\x69\x74\x65\x72\
\x61\x74\x65\x5f\x73\x68\x61\x72\x65\x64\0\x75\x6e\x6c\x6f\x63\x6b\x65\x64\x5f\
\x69\x6f\x63\x74\x6c\0\x63\x6f\x6d\x70\x61\x74\x5f\x69\x6f\x63\x74\x6c\0\x6d\
\x6d\x61\x70\x5f\x73\x75\x70\x70\x6f\x72\x74\x65\x64\x5f\x66\x6c\x61\x67\x73\0\
\x6f\x70\x65\x6e\0\x66\x6c\x75\x73\x68\0\x66\x73\x79\x6e\x63\0\x73\x65\x6e\x64\
\x70\x61\x67\x65\0\x63\x68\x65\x63\x6b\x5f\x66\x6c\x61\x67\x73\0\x66\x6c\x6f\
\x63\x6b\0\x73\x70\x6c\x69\x63\x65\x5f\x77\x72\x69\x74\x65\0\x73\x70\x6c\x69\
\x63\x65\x5f\x72\x65\x61\x64\0\x73\x65\x74\x6c\x65\x61\x73\x65\0\x66\x61\x6c\
\x6c\x6f\x63\x61\x74\x65\0\x73\x68\x6f\x77\x5f\x66\x64\x69\x6e\x66\x6f\0\x63\
\x6f\x70\x79\x5f\x66\x69\x6c\x65\x5f\x72\x61\x6e\x67\x65\0\x72\x65\x6d\x61\x70\
\x5f\x66\x69\x6c\x65\x5f\x72\x61\x6e\x67\x65\0\x66\x61\x64\x76\x69\x73\x65\0\
\x6b\x69\x6f\x63\x62\0\x6b\x69\x5f\x66\x69\x6c\x70\0\x6b\x69\x5f\x70\x6f\x73\0\
\x6b\x69\x5f\x63\x6f\x6d\x70\x6c\x65\x74\x65\0\x6b\x69\x5f\x66\x6c\x61\x67\x73\
\0\x6b\x69\x5f\x68\x69\x6e\x74\0\x6b\x69\x5f\x69\x6f\x70\x72\x69\x6f\0\x6b\x69\
\x5f\x63\x6f\x6f\x6b\x69\x65\0\x6b\x69\x5f\x77\x61\x69\x74\x71\0\x69\x6f\x76\
\x5f\x69\x74\x65\x72\0\x69\x74\x65\x72\x5f\x74\x79\x70\x65\0\x6e\x6f\x66\x61\
\x75\x6c\x74\0\x64\x61\x74\x61\x5f\x73\x6f\x75\x72\x63\x65\0\x69\x6f\x76\x5f\
\x6f\x66\x66\x73\x65\x74\0\x69\x6f\x76\0\x6b\x76\x65\x63\0\x62\x76\x65\x63\0\
\x70\x69\x70\x65\0\x6e\x72\x5f\x73\x65\x67\x73\0\x78\x61\x72\x72\x61\x79\x5f\
\x73\x74\x61\x72\x74\0\x73\x74\x61\x72\x74\x5f\x68\x65\x61\x64\0\x64\x69\x72\
\x5f\x63\x6f\x6e\x74\x65\x78\x74\0\x61\x63\x74\x6f\x72\0\x66\x69\x6c\x6c\x64\
\x69\x72\x5f\x74\0\x5f\x5f\x70\x6f\x6c\x6c\x5f\x74\0\x70\x6f\x6c\x6c\x5f\x74\
\x61\x62\x6c\x65\x5f\x73\x74\x72\x75\x63\x74\0\x5f\x71\x70\x72\x6f\x63\0\x5f\
\x6b\x65\x79\0\x70\x6f\x6c\x6c\x5f\x71\x75\x65\x75\x65\x5f\x70\x72\x6f\x63\0\
\x66\x6c\x5f\x6f\x77\x6e\x65\x72\x5f\x74\0\x66\x69\x6c\x65\x5f\x6c\x6f\x63\x6b\
\0\x66\x6c\x5f\x62\x6c\x6f\x63\x6b\x65\x72\0\x66\x6c\x5f\x6c\x69\x73\x74\0\x66\
\x6c\x5f\x6c\x69\x6e\x6b\0\x66\x6c\x5f\x62\x6c\x6f\x63\x6b\x65\x64\x5f\x72\x65\
\x71\x75\x65\x73\x74\x73\0\x66\x6c\x5f\x62\x6c\x6f\x63\x6b\x65\x64\x5f\x6d\x65\
\x6d\x62\x65\x72\0\x66\x6c\x5f\x6f\x77\x6e\x65\x72\0\x66\x6c\x5f\x66\x6c\x61\
\x67\x73\0\x66\x6c\x5f\x74\x79\x70\x65\0\x66\x6c\x5f\x70\x69\x64\0\x66\x6c\x5f\
\x6c\x69\x6e\x6b\x5f\x63\x70\x75\0\x66\x6c\x5f\x77\x61\x69\x74\0\x66\x6c\x5f\
\x66\x69\x6c\x65\0\x66\x6c\x5f\x73\x74\x61\x72\x74\0\x66\x6c\x5f\x65\x6e\x64\0\
\x66\x6c\x5f\x66\x61\x73\x79\x6e\x63\0\x66\x6c\x5f\x62\x72\x65\x61\x6b\x5f\x74\
\x69\x6d\x65\0\x66\x6c\x5f\x64\x6f\x77\x6e\x67\x72\x61\x64\x65\x5f\x74\x69\x6d\
\x65\0\x66\x6c\x5f\x6f\x70\x73\0\x66\x6c\x5f\x6c\x6d\x6f\x70\x73\0\x66\x6c\x5f\
\x75\0\x6e\x66\x73\x5f\x66\x6c\0\x6e\x66\x73\x34\x5f\x66\x6c\0\x61\x66\x73\0\
\x6e\x66\x73\x5f\x6c\x6f\x63\x6b\x5f\x69\x6e\x66\x6f\0\x6e\x6c\x6d\x5f\x6c\x6f\
\x63\x6b\x6f\x77\x6e\x65\x72\0\x6e\x66\x73\x34\x5f\x6c\x6f\x63\x6b\x5f\x69\x6e\
\x66\x6f\0\x6e\x66\x73\x34\x5f\x6c\x6f\x63\x6b\x5f\x73\x74\x61\x74\x65\0\x64\
\x65\x62\x75\x67\x5f\x69\x64\0\x5f\x72\x65\x66\x63\x6f\x75\x6e\x74\0\x6c\x72\
\x75\0\x6d\x61\x70\x70\x69\x6e\x67\0\x70\x70\x5f\x6d\x61\x67\x69\x63\0\x70\x70\
\0\x5f\x70\x70\x5f\x6d\x61\x70\x70\x69\x6e\x67\x5f\x70\x61\x64\0\x64\x6d\x61\
\x5f\x61\x64\x64\x72\0\x64\x6d\x61\x5f\x61\x64\x64\x72\x5f\x75\x70\x70\x65\x72\
\0\x70\x70\x5f\x66\x72\x61\x67\x5f\x63\x6f\x75\x6e\x74\0\x73\x6c\x61\x62\x5f\
\x63\x61\x63\x68\x65\0\x66\x72\x65\x65\x6c\x69\x73\x74\0\x73\x6c\x61\x62\x5f\
\x6c\x69\x73\x74\0\x70\x6f\x62\x6a\x65\x63\x74\x73\0\x73\x5f\x6d\x65\x6d\0\x69\
\x6e\x75\x73\x65\0\x6f\x62\x6a\x65\x63\x74\x73\0\x63\x6f\x6d\x70\x6f\x75\x6e\
\x64\x5f\x68\x65\x61\x64\0\x63\x6f\x6d\x70\x6f\x75\x6e\x64\x5f\x64\x74\x6f\x72\
\0\x63\x6f\x6d\x70\x6f\x75\x6e\x64\x5f\x6f\x72\x64\x65\x72\0\x63\x6f\x6d\x70\
\x6f\x75\x6e\x64\x5f\x6d\x61\x70\x63\x6f\x75\x6e\x74\0\x63\x6f\x6d\x70\x6f\x75\
\x6e\x64\x5f\x6e\x72\0\x5f\x63\x6f\x6d\x70\x6f\x75\x6e\x64\x5f\x70\x61\x64\x5f\
\x31\0\x68\x70\x61\x67\x65\x5f\x70\x69\x6e\x6e\x65\x64\x5f\x72\x65\x66\x63\x6f\
\x75\x6e\x74\0\x64\x65\x66\x65\x72\x72\x65\x64\x5f\x6c\x69\x73\x74\0\x5f\x70\
\x74\x5f\x70\x61\x64\x5f\x31\0\x70\x6d\x64\x5f\x68\x75\x67\x65\x5f\x70\x74\x65\
\0\x5f\x70\x74\x5f\x70\x61\x64\x5f\x32\0\x70\x74\x6c\0\x70\x67\x74\x61\x62\x6c\
\x65\x5f\x74\0\x70\x74\x5f\x6d\x6d\0\x70\x74\x5f\x66\x72\x61\x67\x5f\x72\x65\
\x66\x63\x6f\x75\x6e\x74\0\x70\x67\x6d\x61\x70\0\x7a\x6f\x6e\x65\x5f\x64\x65\
\x76\x69\x63\x65\x5f\x64\x61\x74\x61\0\x5f\x6d\x61\x70\x63\x6f\x75\x6e\x74\0\
\x70\x61\x67\x65\x5f\x74\x79\x70\x65\0\x75\x6e\x69\x74\x73\0\x70\x69\x70\x65\
\x5f\x69\x6e\x6f\x64\x65\x5f\x69\x6e\x66\x6f\0\x72\x64\x5f\x77\x61\x69\x74\0\
\x77\x72\x5f\x77\x61\x69\x74\0\x6d\x61\x78\x5f\x75\x73\x61\x67\x65\0\x72\x69\
\x6e\x67\x5f\x73\x69\x7a\x65\0\x6e\x72\x5f\x61\x63\x63\x6f\x75\x6e\x74\x65\x64\
\0\x72\x65\x61\x64\x65\x72\x73\0\x77\x72\x69\x74\x65\x72\x73\0\x72\x5f\x63\x6f\
\x75\x6e\x74\x65\x72\0\x77\x5f\x63\x6f\x75\x6e\x74\x65\x72\0\x70\x6f\x6c\x6c\
\x5f\x75\x73\x61\x67\x65\0\x74\x6d\x70\x5f\x70\x61\x67\x65\0\x66\x61\x73\x79\
\x6e\x63\x5f\x72\x65\x61\x64\x65\x72\x73\0\x66\x61\x73\x79\x6e\x63\x5f\x77\x72\
\x69\x74\x65\x72\x73\0\x62\x75\x66\x73\0\x73\x65\x71\x5f\x66\x69\x6c\x65\0\x66\
\x72\x6f\x6d\0\x70\x61\x64\x5f\x75\x6e\x74\x69\x6c\0\x72\x65\x61\x64\x5f\x70\
\x6f\x73\0\x6f\x70\0\x70\x6f\x6c\x6c\x5f\x65\x76\x65\x6e\x74\0\x69\x5f\x70\x69\
\x70\x65\0\x69\x5f\x63\x64\x65\x76\0\x69\x5f\x6c\x69\x6e\x6b\0\x69\x5f\x64\x69\
\x72\x5f\x73\x65\x71\0\x20\x20\x69\x6d\x61\x67\x65\x5f\x69\x6e\x66\x6f\x2d\x3e\
\x75\x69\x64\x20\x3d\x20\x42\x50\x46\x5f\x43\x4f\x52\x45\x5f\x52\x45\x41\x44\
\x28\x62\x70\x72\x6d\x2c\x20\x66\x69\x6c\x65\x2c\x20\x66\x5f\x69\x6e\x6f\x64\
\x65\x2c\x20\x69\x5f\x75\x69\x64\x2e\x76\x61\x6c\x29\x3b\0\x30\x3a\x32\x3a\x30\
\0\x20\x20\x69\x6d\x61\x67\x65\x5f\x69\x6e\x66\x6f\x2d\x3e\x67\x69\x64\x20\x3d\
\x20\x42\x50\x46\x5f\x43\x4f\x52\x45\x5f\x52\x45\x41\x44\x28\x62\x70\x72\x6d\
\x2c\x20\x66\x69\x6c\x65\x2c\x20\x66\x5f\x69\x6e\x6f\x64\x65\x2c\x20\x69\x5f\
\x67\x69\x64\x2e\x76\x61\x6c\x29\x3b\0\x30\x3a\x33\x3a\x30\0\x20\x20\x69\x6d\
\x61\x67\x65\x5f\x69\x6e\x66\x6f\x2d\x3e\x6d\x6f\x64\x65\x20\x3d\x20\x42\x50\
\x46\x5f\x43\x4f\x52\x45\x5f\x52\x45\x41\x44\x28\x62\x70\x72\x6d\x2c\x20\x66\
\x69\x6c\x65\x2c\x20\x66\x5f\x69\x6e\x6f\x64\x65\x2c\x20\x69\x5f\x6d\x6f\x64\
\x65\x29\x3b\0\x30\x3a\x30\0\x20\x20\x69\x6d\x61\x67\x65\x5f\x69\x6e\x66\x6f\
\x2d\x3e\x6d\x74\x69\x6d\x65\x2e\x74\x76\x5f\x73\x65\x63\x20\x3d\x20\x42\x50\
\x46\x5f\x43\x4f\x52\x45\x5f\x52\x45\x41\x44\x28\x62\x70\x72\x6d\x2c\x20\x66\
\x69\x6c\x65\x2c\x20\x66\x5f\x69\x6e\x6f\x64\x65\x2c\x20\x69\x5f\x6d\x74\x69\
\x6d\x65\x2e\x74\x76\x5f\x73\x65\x63\x29\x3b\0\x30\x3a\x31\x36\x3a\x30\0\x20\
\x20\x20\x20\x20\x20\x42\x50\x46\x5f\x43\x4f\x52\x45\x5f\x52\x45\x41\x44\x28\
\x62\x70\x72\x6d\x2c\x20\x66\x69\x6c\x65\x2c\x20\x66\x5f\x69\x6e\x6f\x64\x65\
\x2c\x20\x69\x5f\x6d\x74\x69\x6d\x65\x2e\x74\x76\x5f\x6e\x73\x65\x63\x29\x3b\0\
\x30\x3a\x31\x36\x3a\x31\0\x20\x20\x69\x6d\x61\x67\x65\x5f\x69\x6e\x66\x6f\x2d\
\x3e\x6d\x74\x69\x6d\x65\x2e\x74\x76\x5f\x6e\x73\x65\x63\x20\x3d\0\x20\x20\x69\
\x6d\x61\x67\x65\x5f\x69\x6e\x66\x6f\x2d\x3e\x63\x74\x69\x6d\x65\x2e\x74\x76\
\x5f\x73\x65\x63\x20\x3d\x20\x42\x50\x46\x5f\x43\x4f\x52\x45\x5f\x52\x45\x41\
\x44\x28\x62\x70\x72\x6d\x2c\x20\x66\x69\x6c\x65\x2c\x20\x66\x5f\x69\x6e\x6f\
\x64\x65\x2c\x20\x69\x5f\x63\x74\x69\x6d\x65\x2e\x74\x76\x5f\x73\x65\x63\x29\
\x3b\0\x30\x3a\x31\x37\x3a\x30\0\x20\x20\x20\x20\x20\x20\x42\x50\x46\x5f\x43\
\x4f\x52\x45\x5f\x52\x45\x41\x44\x28\x62\x70\x72\x6d\x2c\x20\x66\x69\x6c\x65\
\x2c\x20\x66\x5f\x69\x6e\x6f\x64\x65\x2c\x20\x69\x5f\x63\x74\x69\x6d\x65\x2e\
\x74\x76\x5f\x6e\x73\x65\x63\x29\x3b\0\x30\x3a\x31\x37\x3a\x31\0\x20\x20\x69\
\x6d\x61\x67\x65\x5f\x69\x6e\x66\x6f\x2d\x3e\x63\x74\x69\x6d\x65\x2e\x74\x76\
\x5f\x6e\x73\x65\x63\x20\x3d\0\x20\x20\x64\x65\x76\x5f\x74\x20\x64\x65\x76\x20\
\x3d\x20\x42\x50\x46\x5f\x43\x4f\x52\x45\x5f\x52\x45\x41\x44\x28\x62\x70\x72\
\x6d\x2c\x20\x66\x69\x6c\x65\x2c\x20\x66\x5f\x69\x6e\x6f\x64\x65\x2c\x20\x69\
\x5f\x73\x62\x2c\x20\x73\x5f\x64\x65\x76\x29\x3b\0\x73\x75\x70\x65\x72\x5f\x62\
\x6c\x6f\x63\x6b\0\x73\x5f\x6c\x69\x73\x74\0\x73\x5f\x64\x65\x76\0\x73\x5f\x62\
\x6c\x6f\x63\x6b\x73\x69\x7a\x65\x5f\x62\x69\x74\x73\0\x73\x5f\x62\x6c\x6f\x63\
\x6b\x73\x69\x7a\x65\0\x73\x5f\x6d\x61\x78\x62\x79\x74\x65\x73\0\x73\x5f\x74\
\x79\x70\x65\0\x73\x5f\x6f\x70\0\x64\x71\x5f\x6f\x70\0\x73\x5f\x71\x63\x6f\x70\
\0\x73\x5f\x65\x78\x70\x6f\x72\x74\x5f\x6f\x70\0\x73\x5f\x66\x6c\x61\x67\x73\0\
\x73\x5f\x69\x66\x6c\x61\x67\x73\0\x73\x5f\x6d\x61\x67\x69\x63\0\x73\x5f\x72\
\x6f\x6f\x74\0\x73\x5f\x75\x6d\x6f\x75\x6e\x74\0\x73\x5f\x63\x6f\x75\x6e\x74\0\
\x73\x5f\x61\x63\x74\x69\x76\x65\0\x73\x5f\x73\x65\x63\x75\x72\x69\x74\x79\0\
\x73\x5f\x78\x61\x74\x74\x72\0\x73\x5f\x63\x6f\x70\0\x73\x5f\x6d\x61\x73\x74\
\x65\x72\x5f\x6b\x65\x79\x73\0\x73\x5f\x76\x6f\x70\0\x73\x5f\x65\x6e\x63\x6f\
\x64\x69\x6e\x67\0\x73\x5f\x65\x6e\x63\x6f\x64\x69\x6e\x67\x5f\x66\x6c\x61\x67\
\x73\0\x73\x5f\x72\x6f\x6f\x74\x73\0\x73\x5f\x6d\x6f\x75\x6e\x74\x73\0\x73\x5f\
\x62\x64\x65\x76\0\x73\x5f\x62\x64\x69\0\x73\x5f\x6d\x74\x64\0\x73\x5f\x69\x6e\
\x73\x74\x61\x6e\x63\x65\x73\0\x73\x5f\x71\x75\x6f\x74\x61\x5f\x74\x79\x70\x65\
\x73\0\x73\x5f\x64\x71\x75\x6f\x74\0\x73\x5f\x77\x72\x69\x74\x65\x72\x73\0\x73\
\x5f\x66\x73\x5f\x69\x6e\x66\x6f\0\x73\x5f\x74\x69\x6d\x65\x5f\x67\x72\x61\x6e\
\0\x73\x5f\x74\x69\x6d\x65\x5f\x6d\x69\x6e\0\x73\x5f\x74\x69\x6d\x65\x5f\x6d\
\x61\x78\0\x73\x5f\x66\x73\x6e\x6f\x74\x69\x66\x79\x5f\x6d\x61\x73\x6b\0\x73\
\x5f\x66\x73\x6e\x6f\x74\x69\x66\x79\x5f\x6d\x61\x72\x6b\x73\0\x73\x5f\x69\x64\
\0\x73\x5f\x75\x75\x69\x64\0\x73\x5f\x6d\x61\x78\x5f\x6c\x69\x6e\x6b\x73\0\x73\
\x5f\x6d\x6f\x64\x65\0\x73\x5f\x76\x66\x73\x5f\x72\x65\x6e\x61\x6d\x65\x5f\x6d\
\x75\x74\x65\x78\0\x73\x5f\x73\x75\x62\x74\x79\x70\x65\0\x73\x5f\x64\x5f\x6f\
\x70\0\x63\x6c\x65\x61\x6e\x63\x61\x63\x68\x65\x5f\x70\x6f\x6f\x6c\x69\x64\0\
\x73\x5f\x73\x68\x72\x69\x6e\x6b\0\x73\x5f\x72\x65\x6d\x6f\x76\x65\x5f\x63\x6f\
\x75\x6e\x74\0\x73\x5f\x66\x73\x6e\x6f\x74\x69\x66\x79\x5f\x63\x6f\x6e\x6e\x65\
\x63\x74\x6f\x72\x73\0\x73\x5f\x72\x65\x61\x64\x6f\x6e\x6c\x79\x5f\x72\x65\x6d\
\x6f\x75\x6e\x74\0\x73\x5f\x77\x62\x5f\x65\x72\x72\0\x73\x5f\x64\x69\x6f\x5f\
\x64\x6f\x6e\x65\x5f\x77\x71\0\x73\x5f\x70\x69\x6e\x73\0\x73\x5f\x75\x73\x65\
\x72\x5f\x6e\x73\0\x73\x5f\x64\x65\x6e\x74\x72\x79\x5f\x6c\x72\x75\0\x73\x5f\
\x69\x6e\x6f\x64\x65\x5f\x6c\x72\x75\0\x64\x65\x73\x74\x72\x6f\x79\x5f\x77\x6f\
\x72\x6b\0\x73\x5f\x73\x79\x6e\x63\x5f\x6c\x6f\x63\x6b\0\x73\x5f\x73\x74\x61\
\x63\x6b\x5f\x64\x65\x70\x74\x68\0\x73\x5f\x69\x6e\x6f\x64\x65\x5f\x6c\x69\x73\
\x74\x5f\x6c\x6f\x63\x6b\0\x73\x5f\x69\x6e\x6f\x64\x65\x73\0\x73\x5f\x69\x6e\
\x6f\x64\x65\x5f\x77\x62\x6c\x69\x73\x74\x5f\x6c\x6f\x63\x6b\0\x73\x5f\x69\x6e\
\x6f\x64\x65\x73\x5f\x77\x62\0\x68\x6c\x69\x73\x74\x5f\x62\x6c\x5f\x68\x65\x61\
\x64\0\x71\x75\x6f\x74\x61\x5f\x69\x6e\x66\x6f\0\x64\x71\x69\x6f\x5f\x73\x65\
\x6d\0\x6d\x65\x6d\x5f\x64\x71\x69\x6e\x66\x6f\0\x64\x71\x69\x5f\x66\x6f\x72\
\x6d\x61\x74\0\x64\x71\x69\x5f\x66\x6d\x74\x5f\x69\x64\0\x64\x71\x69\x5f\x64\
\x69\x72\x74\x79\x5f\x6c\x69\x73\x74\0\x64\x71\x69\x5f\x66\x6c\x61\x67\x73\0\
\x64\x71\x69\x5f\x62\x67\x72\x61\x63\x65\0\x64\x71\x69\x5f\x69\x67\x72\x61\x63\
\x65\0\x64\x71\x69\x5f\x6d\x61\x78\x5f\x73\x70\x63\x5f\x6c\x69\x6d\x69\x74\0\
\x64\x71\x69\x5f\x6d\x61\x78\x5f\x69\x6e\x6f\x5f\x6c\x69\x6d\x69\x74\0\x64\x71\
\x69\x5f\x70\x72\x69\x76\0\x71\x73\x69\x7a\x65\x5f\x74\0\x71\x75\x6f\x74\x61\
\x5f\x66\x6f\x72\x6d\x61\x74\x5f\x6f\x70\x73\0\x63\x68\x65\x63\x6b\x5f\x71\x75\
\x6f\x74\x61\x5f\x66\x69\x6c\x65\0\x72\x65\x61\x64\x5f\x66\x69\x6c\x65\x5f\x69\
\x6e\x66\x6f\0\x77\x72\x69\x74\x65\x5f\x66\x69\x6c\x65\x5f\x69\x6e\x66\x6f\0\
\x66\x72\x65\x65\x5f\x66\x69\x6c\x65\x5f\x69\x6e\x66\x6f\0\x72\x65\x61\x64\x5f\
\x64\x71\x62\x6c\x6b\0\x63\x6f\x6d\x6d\x69\x74\x5f\x64\x71\x62\x6c\x6b\0\x72\
\x65\x6c\x65\x61\x73\x65\x5f\x64\x71\x62\x6c\x6b\0\x67\x65\x74\x5f\x6e\x65\x78\
\x74\x5f\x69\x64\0\x64\x71\x75\x6f\x74\0\x64\x71\x5f\x68\x61\x73\x68\0\x64\x71\
\x5f\x69\x6e\x75\x73\x65\0\x64\x71\x5f\x66\x72\x65\x65\0\x64\x71\x5f\x64\x69\
\x72\x74\x79\0\x64\x71\x5f\x6c\x6f\x63\x6b\0\x64\x71\x5f\x64\x71\x62\x5f\x6c\
\x6f\x63\x6b\0\x64\x71\x5f\x63\x6f\x75\x6e\x74\0\x64\x71\x5f\x73\x62\0\x64\x71\
\x5f\x69\x64\0\x64\x71\x5f\x6f\x66\x66\0\x64\x71\x5f\x66\x6c\x61\x67\x73\0\x64\
\x71\x5f\x64\x71\x62\0\x6b\x71\x69\x64\0\x70\x72\x6f\x6a\x69\x64\0\x6b\x70\x72\
\x6f\x6a\x69\x64\x5f\x74\0\x70\x72\x6f\x6a\x69\x64\x5f\x74\0\x71\x75\x6f\x74\
\x61\x5f\x74\x79\x70\x65\0\x55\x53\x52\x51\x55\x4f\x54\x41\0\x47\x52\x50\x51\
\x55\x4f\x54\x41\0\x50\x52\x4a\x51\x55\x4f\x54\x41\0\x6d\x65\x6d\x5f\x64\x71\
\x62\x6c\x6b\0\x64\x71\x62\x5f\x62\x68\x61\x72\x64\x6c\x69\x6d\x69\x74\0\x64\
\x71\x62\x5f\x62\x73\x6f\x66\x74\x6c\x69\x6d\x69\x74\0\x64\x71\x62\x5f\x63\x75\
\x72\x73\x70\x61\x63\x65\0\x64\x71\x62\x5f\x72\x73\x76\x73\x70\x61\x63\x65\0\
\x64\x71\x62\x5f\x69\x68\x61\x72\x64\x6c\x69\x6d\x69\x74\0\x64\x71\x62\x5f\x69\
\x73\x6f\x66\x74\x6c\x69\x6d\x69\x74\0\x64\x71\x62\x5f\x63\x75\x72\x69\x6e\x6f\
\x64\x65\x73\0\x64\x71\x62\x5f\x62\x74\x69\x6d\x65\0\x64\x71\x62\x5f\x69\x74\
\x69\x6d\x65\0\x73\x62\x5f\x77\x72\x69\x74\x65\x72\x73\0\x77\x61\x69\x74\x5f\
\x75\x6e\x66\x72\x6f\x7a\x65\x6e\0\x72\x77\x5f\x73\x65\x6d\0\x70\x65\x72\x63\
\x70\x75\x5f\x72\x77\x5f\x73\x65\x6d\x61\x70\x68\x6f\x72\x65\0\x72\x73\x73\0\
\x72\x65\x61\x64\x5f\x63\x6f\x75\x6e\x74\0\x77\x72\x69\x74\x65\x72\0\x77\x61\
\x69\x74\x65\x72\x73\0\x62\x6c\x6f\x63\x6b\0\x72\x63\x75\x5f\x73\x79\x6e\x63\0\
\x67\x70\x5f\x73\x74\x61\x74\x65\0\x67\x70\x5f\x63\x6f\x75\x6e\x74\0\x67\x70\
\x5f\x77\x61\x69\x74\0\x63\x62\x5f\x68\x65\x61\x64\0\x72\x63\x75\x77\x61\x69\
\x74\0\x75\x75\x69\x64\x5f\x74\0\x73\x68\x72\x69\x6e\x6b\x65\x72\0\x63\x6f\x75\
\x6e\x74\x5f\x6f\x62\x6a\x65\x63\x74\x73\0\x73\x63\x61\x6e\x5f\x6f\x62\x6a\x65\
\x63\x74\x73\0\x62\x61\x74\x63\x68\0\x73\x65\x65\x6b\x73\0\x6e\x72\x5f\x64\x65\
\x66\x65\x72\x72\x65\x64\0\x73\x68\x72\x69\x6e\x6b\x5f\x63\x6f\x6e\x74\x72\x6f\
\x6c\0\x6e\x69\x64\0\x6e\x72\x5f\x74\x6f\x5f\x73\x63\x61\x6e\0\x6e\x72\x5f\x73\
\x63\x61\x6e\x6e\x65\x64\0\x6d\x65\x6d\x63\x67\0\x6c\x69\x73\x74\x5f\x6c\x72\
\x75\0\x20\x20\x20\x20\x20\x20\x28\x6d\x69\x6e\x6f\x72\x20\x26\x20\x30\x78\x66\
\x66\x29\x20\x7c\x20\x28\x6d\x61\x6a\x6f\x72\x20\x3c\x3c\x20\x38\x29\x20\x7c\
\x20\x28\x28\x6d\x69\x6e\x6f\x72\x20\x26\x20\x7e\x30\x78\x66\x66\x29\x20\x3c\
\x3c\x20\x31\x32\x29\x3b\0\x20\x20\x69\x6d\x61\x67\x65\x5f\x69\x6e\x66\x6f\x2d\
\x3e\x69\x6e\x6f\x64\x65\x5f\x64\x65\x76\x69\x63\x65\x5f\x69\x64\x20\x3d\0\x30\
\x3a\x31\x38\0\x20\x20\x63\x6f\x6e\x73\x74\x20\x63\x68\x61\x72\x2a\x20\x69\x6e\
\x74\x65\x72\x70\x5f\x73\x74\x61\x72\x74\x20\x3d\x20\x42\x50\x46\x5f\x43\x4f\
\x52\x45\x5f\x52\x45\x41\x44\x28\x62\x70\x72\x6d\x2c\x20\x69\x6e\x74\x65\x72\
\x70\x29\x3b\0\x20\x20\x66\x69\x6c\x6c\x5f\x69\x6d\x61\x67\x65\x5f\x69\x6e\x66\
\x6f\x28\x26\x70\x2d\x3e\x69\x6d\x61\x67\x65\x5f\x69\x6e\x66\x6f\x2c\x20\x62\
\x70\x72\x6d\x2c\x20\x63\x75\x72\x72\x65\x6e\x74\x29\x3b\0\x20\x20\x62\x70\x66\
\x5f\x70\x72\x6f\x62\x65\x5f\x72\x65\x61\x64\x5f\x73\x74\x72\x28\x69\x6d\x61\
\x67\x65\x5f\x69\x6e\x66\x6f\x2d\x3e\x70\x61\x74\x68\x6e\x61\x6d\x65\x2c\x20\
\x73\x69\x7a\x65\x6f\x66\x28\x69\x6d\x61\x67\x65\x5f\x69\x6e\x66\x6f\x2d\x3e\
\x70\x61\x74\x68\x6e\x61\x6d\x65\x29\x2c\0\x20\x20\x69\x6d\x61\x67\x65\x5f\x69\
\x6e\x66\x6f\x2d\x3e\x6d\x6e\x74\x5f\x6e\x73\x20\x3d\x20\x42\x50\x46\x5f\x43\
\x4f\x52\x45\x5f\x52\x45\x41\x44\x28\x74\x2c\x20\x6e\x73\x70\x72\x6f\x78\x79\
\x2c\x20\x6d\x6e\x74\x5f\x6e\x73\x2c\x20\x6e\x73\x2e\x69\x6e\x75\x6d\x29\x3b\0\
\x20\x20\x20\x20\x69\x66\x20\x28\x28\x21\x70\x61\x72\x65\x6e\x74\x29\x20\x7c\
\x7c\x20\x28\x42\x50\x46\x5f\x43\x4f\x52\x45\x5f\x52\x45\x41\x44\x28\x70\x61\
\x72\x65\x6e\x74\x2c\x20\x74\x67\x69\x64\x29\x20\x3d\x3d\x20\x30\x29\x20\x7c\
\x7c\0\x20\x20\x20\x20\x20\x20\x20\x20\x28\x42\x50\x46\x5f\x43\x4f\x52\x45\x5f\
\x52\x45\x41\x44\x28\x72\x65\x74\x2c\x20\x6e\x73\x70\x72\x6f\x78\x79\x2c\x20\
\x6d\x6e\x74\x5f\x6e\x73\x2c\x20\x6e\x73\x2e\x69\x6e\x75\x6d\x29\x20\x21\x3d\0\
\x20\x20\x20\x20\x20\x20\x20\x20\x20\x42\x50\x46\x5f\x43\x4f\x52\x45\x5f\x52\
\x45\x41\x44\x28\x70\x61\x72\x65\x6e\x74\x2c\x20\x6e\x73\x70\x72\x6f\x78\x79\
\x2c\x20\x6d\x6e\x74\x5f\x6e\x73\x2c\x20\x6e\x73\x2e\x69\x6e\x75\x6d\x29\x29\
\x29\x20\x7b\0\x20\x20\x69\x6d\x61\x67\x65\x5f\x69\x6e\x66\x6f\x2d\x3e\x70\x69\
\x64\x5f\x66\x6f\x72\x5f\x73\x65\x74\x6e\x73\x20\x3d\x20\x42\x50\x46\x5f\x43\
\x4f\x52\x45\x5f\x52\x45\x41\x44\x28\x6e\x2c\x20\x74\x67\x69\x64\x29\x3b\0\x20\
\x20\x62\x70\x66\x5f\x72\x69\x6e\x67\x62\x75\x66\x5f\x73\x75\x62\x6d\x69\x74\
\x28\x65\x76\x65\x6e\x74\x2c\x20\x30\x29\x3b\0\x68\x61\x6e\x64\x6c\x65\x5f\x73\
\x63\x68\x65\x64\x5f\x70\x72\x6f\x63\x65\x73\x73\x5f\x65\x78\x69\x74\0\x72\x61\
\x77\x5f\x74\x72\x61\x63\x65\x70\x6f\x69\x6e\x74\x2f\x73\x63\x68\x65\x64\x5f\
\x70\x72\x6f\x63\x65\x73\x73\x5f\x65\x78\x69\x74\0\x69\x6e\x74\x20\x42\x50\x46\
\x5f\x50\x52\x4f\x47\x28\x68\x61\x6e\x64\x6c\x65\x5f\x73\x63\x68\x65\x64\x5f\
\x70\x72\x6f\x63\x65\x73\x73\x5f\x65\x78\x69\x74\x2c\x20\x73\x74\x72\x75\x63\
\x74\x20\x74\x61\x73\x6b\x5f\x73\x74\x72\x75\x63\x74\x2a\x20\x63\x75\x72\x72\
\x65\x6e\x74\x29\x20\x7b\0\x30\x3a\x38\x30\0\x20\x20\x69\x66\x20\x28\x28\x42\
\x50\x46\x5f\x43\x4f\x52\x45\x5f\x52\x45\x41\x44\x28\x63\x75\x72\x72\x65\x6e\
\x74\x2c\x20\x70\x69\x64\x29\x20\x21\x3d\x20\x42\x50\x46\x5f\x43\x4f\x52\x45\
\x5f\x52\x45\x41\x44\x28\x63\x75\x72\x72\x65\x6e\x74\x2c\x20\x74\x67\x69\x64\
\x29\x29\x20\x7c\x7c\0\x20\x20\x65\x76\x65\x6e\x74\x2d\x3e\x64\x61\x74\x61\x2e\
\x70\x72\x6f\x63\x65\x73\x73\x5f\x65\x76\x65\x6e\x74\x2e\x74\x79\x70\x65\x20\
\x3d\x20\x6b\x50\x72\x6f\x63\x65\x73\x73\x45\x78\x69\x74\x45\x76\x65\x6e\x74\
\x3b\0\x30\x3a\x38\x35\x3a\x30\0\x20\x20\x73\x74\x72\x75\x63\x74\x20\x6c\x69\
\x73\x74\x5f\x68\x65\x61\x64\x2a\x20\x66\x69\x72\x73\x74\x5f\x63\x68\x69\x6c\
\x64\x20\x3d\x20\x42\x50\x46\x5f\x43\x4f\x52\x45\x5f\x52\x45\x41\x44\x28\x63\
\x75\x72\x72\x65\x6e\x74\x2c\x20\x63\x68\x69\x6c\x64\x72\x65\x6e\x2e\x6e\x65\
\x78\x74\x29\x3b\0\x20\x20\x20\x20\x20\x20\x28\x21\x66\x69\x72\x73\x74\x5f\x63\
\x68\x69\x6c\x64\x20\x7c\x7c\x20\x28\x66\x69\x72\x73\x74\x5f\x63\x68\x69\x6c\
\x64\x20\x3d\x3d\x20\x42\x50\x46\x5f\x43\x4f\x52\x45\x5f\x52\x45\x41\x44\x28\
\x66\x69\x72\x73\x74\x5f\x63\x68\x69\x6c\x64\x2c\x20\x6e\x65\x78\x74\x29\x29\
\x29\x3b\0\x20\x20\x70\x2d\x3e\x69\x73\x5f\x6c\x65\x61\x66\x20\x3d\0\x4c\x49\
\x43\x45\x4e\x53\x45\0\x2e\x6d\x61\x70\x73\0\x6c\x69\x63\x65\x6e\x73\x65\0\x73\
\x65\x71\x5f\x6f\x70\x65\x72\x61\x74\x69\x6f\x6e\x73\0\x74\x61\x73\x6b\x5f\x67\
\x72\x6f\x75\x70\0\x6b\x65\x72\x6e\x66\x73\x5f\x6e\x6f\x64\x65\0\x6d\x6f\x75\
\x6e\x74\0\x62\x75\x63\x6b\x65\x74\x5f\x74\x61\x62\x6c\x65\0\x76\x66\x73\x6d\
\x6f\x75\x6e\x74\0\x68\x6c\x69\x73\x74\x5f\x62\x6c\x5f\x6e\x6f\x64\x65\0\x70\
\x6f\x73\x69\x78\x5f\x61\x63\x6c\0\x69\x6e\x6f\x64\x65\x5f\x6f\x70\x65\x72\x61\
\x74\x69\x6f\x6e\x73\0\x70\x72\x6f\x63\x5f\x6e\x73\x5f\x6f\x70\x65\x72\x61\x74\
\x69\x6f\x6e\x73\0\x62\x6c\x6f\x63\x6b\x5f\x64\x65\x76\x69\x63\x65\0\x66\x69\
\x6c\x65\x5f\x73\x79\x73\x74\x65\x6d\x5f\x74\x79\x70\x65\0\x6c\x69\x6e\x75\x78\
\x5f\x62\x69\x6e\x66\x6d\x74\0\x6d\x6f\x64\x75\x6c\x65\0\x66\x73\x6e\x6f\x74\
\x69\x66\x79\x5f\x6d\x61\x72\x6b\x5f\x63\x6f\x6e\x6e\x65\x63\x74\x6f\x72\0\x6b\
\x6d\x65\x6d\x5f\x63\x61\x63\x68\x65\0\x61\x64\x64\x72\x65\x73\x73\x5f\x73\x70\
\x61\x63\x65\x5f\x6f\x70\x65\x72\x61\x74\x69\x6f\x6e\x73\0\x77\x61\x69\x74\x5f\
\x70\x61\x67\x65\x5f\x71\x75\x65\x75\x65\0\x69\x6f\x76\x65\x63\0\x62\x69\x6f\
\x5f\x76\x65\x63\0\x66\x61\x73\x79\x6e\x63\x5f\x73\x74\x72\x75\x63\x74\0\x70\
\x69\x70\x65\x5f\x62\x75\x66\x66\x65\x72\0\x75\x73\x65\x72\x5f\x73\x74\x72\x75\
\x63\x74\0\x6b\x65\x79\x5f\x74\x61\x67\0\x70\x72\x6f\x63\x5f\x64\x69\x72\x5f\
\x65\x6e\x74\x72\x79\0\x70\x6d\x5f\x73\x75\x62\x73\x79\x73\x5f\x64\x61\x74\x61\
\0\x64\x65\x76\x5f\x70\x6d\x5f\x71\x6f\x73\0\x65\x6d\x5f\x70\x65\x72\x66\x5f\
\x64\x6f\x6d\x61\x69\x6e\0\x69\x72\x71\x5f\x64\x6f\x6d\x61\x69\x6e\0\x6b\x6f\
\x62\x6a\x5f\x74\x79\x70\x65\0\x6e\x65\x74\x64\x65\x76\x5f\x6e\x61\x6d\x65\x5f\
\x6e\x6f\x64\x65\0\x64\x65\x76\x5f\x69\x66\x61\x6c\x69\x61\x73\0\x6e\x65\x74\
\x5f\x64\x65\x76\x69\x63\x65\x5f\x6f\x70\x73\0\x6e\x65\x69\x67\x68\x5f\x70\x61\
\x72\x6d\x73\0\x6e\x65\x69\x67\x68\x5f\x74\x61\x62\x6c\x65\0\x77\x6f\x72\x6b\
\x71\x75\x65\x75\x65\x5f\x73\x74\x72\x75\x63\x74\0\x64\x65\x76\x69\x63\x65\x5f\
\x70\x72\x69\x76\x61\x74\x65\0\x64\x65\x76\x69\x63\x65\x5f\x64\x72\x69\x76\x65\
\x72\0\x62\x75\x73\x5f\x74\x79\x70\x65\0\x62\x70\x66\x5f\x6c\x6f\x63\x61\x6c\
\x5f\x73\x74\x6f\x72\x61\x67\x65\0\x66\x77\x6e\x6f\x64\x65\x5f\x68\x61\x6e\x64\
\x6c\x65\0\x64\x65\x76\x69\x63\x65\x5f\x6e\x6f\x64\x65\0\x6c\x6f\x63\x6b\x5f\
\x63\x6c\x61\x73\x73\x5f\x6b\x65\x79\0\x64\x65\x76\x69\x63\x65\x5f\x74\x79\x70\
\x65\0\x77\x61\x6b\x65\x75\x70\x5f\x73\x6f\x75\x72\x63\x65\0\x77\x61\x6b\x65\
\x5f\x69\x72\x71\0\x68\x72\x74\x69\x6d\x65\x72\x5f\x63\x6c\x6f\x63\x6b\x5f\x62\
\x61\x73\x65\0\x64\x65\x76\x5f\x70\x6d\x5f\x64\x6f\x6d\x61\x69\x6e\0\x64\x65\
\x76\x5f\x70\x69\x6e\x5f\x69\x6e\x66\x6f\0\x64\x6d\x61\x5f\x6d\x61\x70\x5f\x6f\
\x70\x73\0\x62\x75\x73\x5f\x64\x6d\x61\x5f\x72\x65\x67\x69\x6f\x6e\0\x64\x65\
\x76\x69\x63\x65\x5f\x64\x6d\x61\x5f\x70\x61\x72\x61\x6d\x65\x74\x65\x72\x73\0\
\x64\x6d\x61\x5f\x63\x6f\x68\x65\x72\x65\x6e\x74\x5f\x6d\x65\x6d\0\x69\x6f\x5f\
\x74\x6c\x62\x5f\x6d\x65\x6d\0\x64\x65\x76\x5f\x69\x6f\x6d\x6d\x75\0\x64\x65\
\x76\x69\x63\x65\x5f\x70\x68\x79\x73\x69\x63\x61\x6c\x5f\x6c\x6f\x63\x61\x74\
\x69\x6f\x6e\0\x6e\x65\x69\x67\x68\x5f\x6f\x70\x73\0\x62\x70\x66\x5f\x70\x72\
\x6f\x67\x5f\x73\x74\x61\x74\x73\0\x62\x70\x66\x5f\x70\x72\x6f\x67\x5f\x61\x75\
\x78\0\x6e\x65\x74\x64\x65\x76\x5f\x72\x78\x5f\x71\x75\x65\x75\x65\0\x6d\x69\
\x6e\x69\x5f\x51\x64\x69\x73\x63\0\x51\x64\x69\x73\x63\0\x6e\x65\x74\x64\x65\
\x76\x5f\x71\x75\x65\x75\x65\0\x62\x70\x66\x5f\x78\x64\x70\x5f\x6c\x69\x6e\x6b\
\0\x73\x6f\x63\x6b\x5f\x66\x70\x72\x6f\x67\x5f\x6b\x65\x72\x6e\0\x74\x72\x61\
\x63\x65\x5f\x65\x76\x65\x6e\x74\x5f\x63\x61\x6c\x6c\0\x65\x76\x65\x6e\x74\x5f\
\x66\x69\x6c\x74\x65\x72\0\x66\x74\x72\x61\x63\x65\x5f\x68\x61\x73\x68\0\x69\
\x6e\x5f\x64\x65\x76\x69\x63\x65\0\x65\x78\x70\x6f\x72\x74\x5f\x6f\x70\x65\x72\
\x61\x74\x69\x6f\x6e\x73\0\x69\x6e\x65\x74\x36\x5f\x64\x65\x76\0\x66\x69\x62\
\x36\x5f\x69\x6e\x66\x6f\0\x66\x69\x62\x36\x5f\x74\x61\x62\x6c\x65\0\x69\x6e\
\x65\x74\x5f\x70\x65\x65\x72\x5f\x62\x61\x73\x65\0\x6c\x77\x74\x75\x6e\x6e\x65\
\x6c\x5f\x73\x74\x61\x74\x65\0\x78\x66\x72\x6d\x5f\x73\x74\x61\x74\x65\0\x6e\
\x65\x74\x5f\x67\x65\x6e\x65\x72\x69\x63\0\x78\x66\x72\x6d\x5f\x73\x65\x63\x5f\
\x63\x74\x78\0\x72\x74\x36\x5f\x69\x6e\x66\x6f\0\x69\x70\x76\x36\x5f\x64\x65\
\x76\x63\x6f\x6e\x66\0\x63\x74\x6c\x5f\x74\x61\x62\x6c\x65\x5f\x72\x6f\x6f\x74\
\0\x63\x74\x6c\x5f\x6e\x6f\x64\x65\0\x69\x70\x73\x74\x61\x74\x73\x5f\x6d\x69\
\x62\0\x69\x70\x76\x34\x5f\x64\x65\x76\x63\x6f\x6e\x66\0\x77\x69\x72\x65\x6c\
\x65\x73\x73\x5f\x64\x65\x76\0\x73\x6f\x63\x6b\x65\x74\0\x73\x6f\x63\x6b\x65\
\x74\x5f\x77\x71\0\x72\x63\x75\x5f\x6e\x6f\x64\x65\0\x5f\x5f\x6b\x65\x72\x6e\
\x65\x6c\x5f\x74\x69\x6d\x65\x73\x70\x65\x63\0\x6f\x6c\x64\x5f\x74\x69\x6d\x65\
\x73\x70\x65\x63\x33\x32\0\x77\x70\x61\x6e\x5f\x64\x65\x76\0\x66\x69\x6c\x65\
\x5f\x6c\x6f\x63\x6b\x5f\x63\x6f\x6e\x74\x65\x78\x74\0\x66\x73\x63\x72\x79\x70\
\x74\x5f\x69\x6e\x66\x6f\0\x66\x73\x76\x65\x72\x69\x74\x79\x5f\x69\x6e\x66\x6f\
\0\x63\x70\x75\x5f\x72\x6d\x61\x70\0\x78\x64\x70\x5f\x64\x65\x76\x5f\x62\x75\
\x6c\x6b\x5f\x71\x75\x65\x75\x65\0\x70\x63\x70\x75\x5f\x6c\x73\x74\x61\x74\x73\
\0\x70\x63\x70\x75\x5f\x73\x77\x5f\x6e\x65\x74\x73\x74\x61\x74\x73\0\x70\x68\
\x79\x5f\x64\x65\x76\x69\x63\x65\0\x63\x64\x65\x76\0\x66\x69\x6c\x65\x5f\x6c\
\x6f\x63\x6b\x5f\x6f\x70\x65\x72\x61\x74\x69\x6f\x6e\x73\0\x6c\x6f\x63\x6b\x5f\
\x6d\x61\x6e\x61\x67\x65\x72\x5f\x6f\x70\x65\x72\x61\x74\x69\x6f\x6e\x73\0\x73\
\x6b\x62\x5f\x65\x78\x74\0\x69\x6e\x65\x74\x5f\x68\x61\x73\x68\x69\x6e\x66\x6f\
\0\x73\x6f\x63\x6b\x5f\x72\x65\x75\x73\x65\x70\x6f\x72\x74\0\x62\x70\x66\x5f\
\x73\x74\x6f\x72\x61\x67\x65\x5f\x62\x75\x66\x66\x65\x72\0\x62\x70\x66\x5f\x63\
\x67\x72\x6f\x75\x70\x5f\x73\x74\x6f\x72\x61\x67\x65\x5f\x6d\x61\x70\0\x70\x65\
\x72\x66\x5f\x62\x75\x66\x66\x65\x72\0\x70\x65\x72\x66\x5f\x61\x64\x64\x72\x5f\
\x66\x69\x6c\x74\x65\x72\x5f\x72\x61\x6e\x67\x65\0\x70\x65\x72\x66\x5f\x72\x61\
\x77\x5f\x72\x65\x63\x6f\x72\x64\0\x70\x65\x72\x66\x5f\x62\x72\x61\x6e\x63\x68\
\x5f\x73\x74\x61\x63\x6b\0\x70\x65\x72\x66\x5f\x63\x61\x6c\x6c\x63\x68\x61\x69\
\x6e\x5f\x65\x6e\x74\x72\x79\0\x6b\x65\x72\x6e\x65\x6c\x5f\x73\x69\x67\x69\x6e\
\x66\x6f\0\x6b\x69\x6f\x63\x74\x78\x5f\x74\x61\x62\x6c\x65\0\x76\x6d\x5f\x6f\
\x70\x65\x72\x61\x74\x69\x6f\x6e\x73\x5f\x73\x74\x72\x75\x63\x74\0\x75\x73\x65\
\x72\x66\x61\x75\x6c\x74\x66\x64\x5f\x63\x74\x78\0\x64\x65\x6e\x74\x72\x79\x5f\
\x6f\x70\x65\x72\x61\x74\x69\x6f\x6e\x73\0\x74\x63\x70\x5f\x6d\x69\x62\0\x6c\
\x69\x6e\x75\x78\x5f\x6d\x69\x62\0\x75\x64\x70\x5f\x6d\x69\x62\0\x69\x63\x6d\
\x70\x5f\x6d\x69\x62\0\x69\x63\x6d\x70\x6d\x73\x67\x5f\x6d\x69\x62\0\x69\x63\
\x6d\x70\x76\x36\x5f\x6d\x69\x62\0\x69\x63\x6d\x70\x76\x36\x6d\x73\x67\x5f\x6d\
\x69\x62\0\x69\x70\x5f\x72\x61\x5f\x63\x68\x61\x69\x6e\0\x66\x69\x62\x5f\x72\
\x75\x6c\x65\x73\x5f\x6f\x70\x73\0\x66\x69\x62\x5f\x74\x61\x62\x6c\x65\0\x74\
\x63\x70\x5f\x63\x6f\x6e\x67\x65\x73\x74\x69\x6f\x6e\x5f\x6f\x70\x73\0\x74\x63\
\x70\x5f\x66\x61\x73\x74\x6f\x70\x65\x6e\x5f\x63\x6f\x6e\x74\x65\x78\x74\0\x6d\
\x72\x5f\x74\x61\x62\x6c\x65\0\x66\x69\x62\x5f\x6e\x6f\x74\x69\x66\x69\x65\x72\
\x5f\x6f\x70\x73\0\x72\x74\x36\x5f\x73\x74\x61\x74\x69\x73\x74\x69\x63\x73\0\
\x73\x65\x67\x36\x5f\x70\x65\x72\x6e\x65\x74\x5f\x64\x61\x74\x61\0\x69\x6f\x61\
\x6d\x36\x5f\x70\x65\x72\x6e\x65\x74\x5f\x64\x61\x74\x61\0\x63\x74\x5f\x70\x63\
\x70\x75\0\x69\x70\x5f\x63\x6f\x6e\x6e\x74\x72\x61\x63\x6b\x5f\x73\x74\x61\x74\
\0\x6e\x66\x5f\x63\x74\x5f\x65\x76\x65\x6e\x74\x5f\x6e\x6f\x74\x69\x66\x69\x65\
\x72\0\x73\x75\x70\x65\x72\x5f\x6f\x70\x65\x72\x61\x74\x69\x6f\x6e\x73\0\x64\
\x71\x75\x6f\x74\x5f\x6f\x70\x65\x72\x61\x74\x69\x6f\x6e\x73\0\x71\x75\x6f\x74\
\x61\x63\x74\x6c\x5f\x6f\x70\x73\0\x78\x61\x74\x74\x72\x5f\x68\x61\x6e\x64\x6c\
\x65\x72\0\x66\x73\x63\x72\x79\x70\x74\x5f\x6f\x70\x65\x72\x61\x74\x69\x6f\x6e\
\x73\0\x72\x65\x71\x75\x65\x73\x74\x5f\x71\x75\x65\x75\x65\0\x66\x73\x63\x72\
\x79\x70\x74\x5f\x6b\x65\x79\x72\x69\x6e\x67\0\x66\x73\x76\x65\x72\x69\x74\x79\
\x5f\x6f\x70\x65\x72\x61\x74\x69\x6f\x6e\x73\0\x75\x6e\x69\x63\x6f\x64\x65\x5f\
\x6d\x61\x70\0\x6d\x74\x64\x5f\x69\x6e\x66\x6f\0\x71\x75\x6f\x74\x61\x5f\x66\
\x6f\x72\x6d\x61\x74\x5f\x74\x79\x70\x65\0\x6c\x69\x73\x74\x5f\x6c\x72\x75\x5f\
\x6e\x6f\x64\x65\0\x70\x61\x67\x65\x5f\x70\x6f\x6f\x6c\0\x64\x65\x76\x5f\x70\
\x61\x67\x65\x6d\x61\x70\0\x74\x69\x6d\x65\x5f\x6e\x61\x6d\x65\x73\x70\x61\x63\
\x65\0\x63\x73\x73\x5f\x73\x65\x74\0\x66\x73\x5f\x73\x74\x72\x75\x63\x74\0\x70\
\x6f\x6c\x6c\x66\x64\0\x73\x65\x6d\x5f\x75\x6e\x64\x6f\x5f\x6c\x69\x73\x74\0\
\x66\x69\x6c\x65\x73\x5f\x73\x74\x72\x75\x63\x74\0\x73\x69\x67\x6e\x61\x6c\x5f\
\x73\x74\x72\x75\x63\x74\0\x73\x69\x67\x68\x61\x6e\x64\x5f\x73\x74\x72\x75\x63\
\x74\0\x73\x65\x63\x63\x6f\x6d\x70\x5f\x66\x69\x6c\x74\x65\x72\0\x72\x74\x5f\
\x6d\x75\x74\x65\x78\x5f\x77\x61\x69\x74\x65\x72\0\x62\x6c\x6b\x5f\x70\x6c\x75\
\x67\0\x72\x6f\x62\x75\x73\x74\x5f\x6c\x69\x73\x74\x5f\x68\x65\x61\x64\0\x63\
\x6f\x6d\x70\x61\x74\x5f\x72\x6f\x62\x75\x73\x74\x5f\x6c\x69\x73\x74\x5f\x68\
\x65\x61\x64\0\x66\x75\x74\x65\x78\x5f\x70\x69\x5f\x73\x74\x61\x74\x65\0\x66\
\x74\x72\x61\x63\x65\x5f\x72\x65\x74\x5f\x73\x74\x61\x63\x6b\0\x75\x70\x72\x6f\
\x62\x65\x5f\x74\x61\x73\x6b\0\x76\x6d\x5f\x73\x74\x72\x75\x63\x74\0\x62\x70\
\x66\x5f\x72\x75\x6e\x5f\x63\x74\x78\0\0\0\0\x9f\xeb\x01\0\x20\0\0\0\0\0\0\0\
\x24\0\0\0\x24\0\0\0\xf4\x14\0\0\x18\x15\0\0\xe4\x04\0\0\x08\0\0\0\x5e\0\0\0\
\x01\0\0\0\0\0\0\0\x0c\0\0\0\xa0\x90\0\0\x01\0\0\0\0\0\0\0\x5c\x04\0\0\x10\0\0\
\0\x5e\0\0\0\xdd\0\0\0\0\0\0\0\xd3\x25\0\0\x96\x26\0\0\0\xb8\x01\0\x08\0\0\0\
\xd3\x25\0\0\x96\x26\0\0\x05\xb8\x01\0\x30\0\0\0\xd3\x25\0\0\0\0\0\0\0\0\0\0\
\x38\0\0\0\xbe\x26\0\0\x34\x27\0\0\x0b\x38\0\0\x48\0\0\0\xbe\x26\0\0\x34\x27\0\
\0\x0b\x38\0\0\x50\0\0\0\xbe\x26\0\0\x34\x27\0\0\x23\x38\0\0\x58\0\0\0\xd3\x25\
\0\0\x65\x27\0\0\x07\xc8\x01\0\x68\0\0\0\xd3\x25\0\0\x82\x27\0\0\x1c\xdc\x01\0\
\x90\0\0\0\xd3\x25\0\0\xcb\x27\0\0\x07\xe0\x01\0\xa8\0\0\0\xd3\x25\0\0\0\0\0\0\
\0\0\0\0\xb0\0\0\0\xd3\x25\0\0\xe2\x27\0\0\x22\xf0\x01\0\xc0\0\0\0\xd3\x25\0\0\
\x19\x28\0\0\x0f\xec\x01\0\xf0\0\0\0\xd3\x25\0\0\0\0\0\0\0\0\0\0\xf8\0\0\0\xbe\
\x26\0\0\x3d\x28\0\0\x23\x90\0\0\x28\x01\0\0\xd3\x25\0\0\0\0\0\0\0\0\0\0\x30\
\x01\0\0\xbe\x26\0\0\x3d\x28\0\0\x23\x90\0\0\x48\x01\0\0\xbe\x26\0\0\x3d\x28\0\
\0\x23\x90\0\0\x58\x01\0\0\xbe\x26\0\0\x92\x28\0\0\x15\x58\0\0\x80\x01\0\0\xbe\
\x26\0\0\x92\x28\0\0\x03\x58\0\0\xa8\x01\0\0\xbe\x26\0\0\0\0\0\0\0\0\0\0\xb0\
\x01\0\0\xbe\x26\0\0\xb3\x28\0\0\x22\x5c\0\0\xe0\x01\0\0\xbe\x26\0\0\0\0\0\0\0\
\0\0\0\xe8\x01\0\0\xbe\x26\0\0\xb3\x28\0\0\x22\x5c\0\0\xf8\x01\0\0\xbe\x26\0\0\
\xb3\x28\0\0\x22\x5c\0\0\0\x02\0\0\xbe\x26\0\0\x03\x29\0\0\x13\x60\0\0\x28\x02\
\0\0\xbe\x26\0\0\0\0\0\0\0\0\0\0\x30\x02\0\0\xbe\x26\0\0\x03\x29\0\0\x17\x60\0\
\0\x50\x02\0\0\xbe\x26\0\0\x03\x29\0\0\x17\x60\0\0\x60\x02\0\0\xbe\x26\0\0\0\0\
\0\0\0\0\0\0\x68\x02\0\0\xbe\x26\0\0\x43\x29\0\0\x17\x64\0\0\x78\x02\0\0\xbe\
\x26\0\0\x43\x29\0\0\x17\x64\0\0\x80\x02\0\0\xbe\x26\0\0\x03\x29\0\0\x09\x60\0\
\0\xa8\x02\0\0\xbe\x26\0\0\0\0\0\0\0\0\0\0\xb0\x02\0\0\xbe\x26\0\0\x86\x29\0\0\
\x15\x94\0\0\xc0\x02\0\0\xbe\x26\0\0\x86\x29\0\0\x15\x94\0\0\xd0\x02\0\0\xbe\
\x26\0\0\x86\x29\0\0\x13\x94\0\0\xf0\x02\0\0\xbe\x26\0\0\0\0\0\0\0\0\0\0\xf8\
\x02\0\0\xbe\x26\0\0\xbd\x29\0\0\x22\x98\0\0\x18\x03\0\0\xbe\x26\0\0\xbd\x29\0\
\0\x22\x98\0\0\x20\x03\0\0\xbe\x26\0\0\xbd\x29\0\0\x20\x98\0\0\x50\x03\0\0\xbe\
\x26\0\0\0\0\0\0\0\0\0\0\x58\x03\0\0\xbe\x26\0\0\x05\x2a\0\0\x1b\x9c\0\0\x80\
\x03\0\0\xbe\x26\0\0\0\0\0\0\0\0\0\0\x88\x03\0\0\xbe\x26\0\0\x05\x2a\0\0\x1b\
\x9c\0\0\x98\x03\0\0\xbe\x26\0\0\x05\x2a\0\0\x1b\x9c\0\0\xa0\x03\0\0\xbe\x26\0\
\0\x05\x2a\0\0\x19\x9c\0\0\xc0\x03\0\0\xbe\x26\0\0\0\0\0\0\0\0\0\0\xc8\x03\0\0\
\xbe\x26\0\0\x4f\x2a\0\0\x14\xa0\0\0\xd8\x03\0\0\xbe\x26\0\0\x4f\x2a\0\0\x14\
\xa0\0\0\xe0\x03\0\0\xbe\x26\0\0\x4f\x2a\0\0\x12\xa0\0\0\x08\x04\0\0\xbe\x26\0\
\0\0\0\0\0\0\0\0\0\x10\x04\0\0\xbe\x26\0\0\x80\x2a\0\0\x14\xa8\0\0\x48\x04\0\0\
\xbe\x26\0\0\0\0\0\0\0\0\0\0\x50\x04\0\0\xbe\x26\0\0\x80\x2a\0\0\x14\xa8\0\0\
\x60\x04\0\0\xbe\x26\0\0\x80\x2a\0\0\x14\xa8\0\0\x68\x04\0\0\xbe\x26\0\0\x80\
\x2a\0\0\x12\xa8\0\0\x78\x04\0\0\xbe\x26\0\0\0\0\0\0\0\0\0\0\x80\x04\0\0\xbe\
\x26\0\0\xbf\x2a\0\0\x14\xac\0\0\xb8\x04\0\0\xbe\x26\0\0\0\0\0\0\0\0\0\0\xc0\
\x04\0\0\xbe\x26\0\0\xbf\x2a\0\0\x14\xac\0\0\xd0\x04\0\0\xbe\x26\0\0\xbf\x2a\0\
\0\x14\xac\0\0\xd8\x04\0\0\xbe\x26\0\0\xbf\x2a\0\0\x12\xac\0\0\xf8\x04\0\0\xbe\
\x26\0\0\0\0\0\0\0\0\0\0\0\x05\0\0\xbe\x26\0\0\x03\x2b\0\0\x2a\xb8\0\0\x38\x05\
\0\0\xbe\x26\0\0\0\0\0\0\0\0\0\0\x40\x05\0\0\xbe\x26\0\0\x03\x2b\0\0\x2a\xb8\0\
\0\x50\x05\0\0\xbe\x26\0\0\x03\x2b\0\0\x2a\xb8\0\0\x60\x05\0\0\xbe\x26\0\0\0\0\
\0\0\0\0\0\0\x68\x05\0\0\xbe\x26\0\0\x31\x30\0\0\x28\xbc\0\0\xa0\x05\0\0\xbe\
\x26\0\0\0\0\0\0\0\0\0\0\xa8\x05\0\0\xbe\x26\0\0\x31\x30\0\0\x28\xbc\0\0\xb8\
\x05\0\0\xbe\x26\0\0\x31\x30\0\0\x28\xbc\0\0\xc0\x05\0\0\xbe\x26\0\0\x7e\x30\0\
\0\x10\xc0\0\0\xd0\x05\0\0\xbe\x26\0\0\x7e\x30\0\0\x07\xc0\0\0\xe0\x05\0\0\xbe\
\x26\0\0\0\0\0\0\0\0\0\0\xe8\x05\0\0\xbe\x26\0\0\xbe\x30\0\0\x22\xd4\0\0\xf8\
\x05\0\0\xbe\x26\0\0\xbe\x30\0\0\x03\xd4\0\0\x08\x06\0\0\xbe\x26\0\0\x08\x31\0\
\0\x12\xdc\0\0\x10\x06\0\0\xbe\x26\0\0\x08\x31\0\0\x07\xdc\0\0\x20\x06\0\0\xbe\
\x26\0\0\x4e\x31\0\0\x3c\xe0\0\0\x48\x06\0\0\xd3\x25\0\0\0\0\0\0\0\0\0\0\x50\
\x06\0\0\xd3\x25\0\0\x97\x31\0\0\x15\x64\0\0\xc0\x06\0\0\xd3\x25\0\0\0\0\0\0\0\
\0\0\0\xc8\x06\0\0\xd3\x25\0\0\x97\x31\0\0\x15\x64\0\0\xd8\x06\0\0\xd3\x25\0\0\
\x97\x31\0\0\x15\x64\0\0\xe0\x06\0\0\xd3\x25\0\0\x97\x31\0\0\x13\x64\0\0\xf0\
\x06\0\0\xd3\x25\0\0\0\0\0\0\0\0\0\0\xf8\x06\0\0\xd3\x25\0\0\xf4\x32\0\0\x15\
\x68\0\0\x68\x07\0\0\xd3\x25\0\0\0\0\0\0\0\0\0\0\x70\x07\0\0\xd3\x25\0\0\xf4\
\x32\0\0\x15\x68\0\0\x80\x07\0\0\xd3\x25\0\0\xf4\x32\0\0\x15\x68\0\0\x88\x07\0\
\0\xd3\x25\0\0\xf4\x32\0\0\x13\x68\0\0\x98\x07\0\0\xd3\x25\0\0\0\0\0\0\0\0\0\0\
\xa0\x07\0\0\xd3\x25\0\0\x79\x33\0\0\x18\x6c\0\0\x10\x08\0\0\xd3\x25\0\0\0\0\0\
\0\0\0\0\0\x18\x08\0\0\xd3\x25\0\0\x79\x33\0\0\x18\x6c\0\0\x28\x08\0\0\xd3\x25\
\0\0\x79\x33\0\0\x18\x6c\0\0\x30\x08\0\0\xd3\x25\0\0\x79\x33\0\0\x16\x6c\0\0\
\x40\x08\0\0\xd3\x25\0\0\0\0\0\0\0\0\0\0\x48\x08\0\0\xd3\x25\0\0\xde\x33\0\0\
\x15\x70\0\0\xb8\x08\0\0\xd3\x25\0\0\0\0\0\0\0\0\0\0\xc0\x08\0\0\xd3\x25\0\0\
\xde\x33\0\0\x15\x70\0\0\xd0\x08\0\0\xd3\x25\0\0\xde\x33\0\0\x15\x70\0\0\xd8\
\x08\0\0\xd3\x25\0\0\xde\x33\0\0\x13\x70\0\0\xe8\x08\0\0\xd3\x25\0\0\0\0\0\0\0\
\0\0\0\xf0\x08\0\0\xd3\x25\0\0\x95\x36\0\0\x15\x74\0\0\x60\x09\0\0\xd3\x25\0\0\
\0\0\0\0\0\0\0\0\x68\x09\0\0\xd3\x25\0\0\x95\x36\0\0\x15\x74\0\0\x78\x09\0\0\
\xd3\x25\0\0\x95\x36\0\0\x15\x74\0\0\x80\x09\0\0\xd3\x25\0\0\x95\x36\0\0\x13\
\x74\0\0\x90\x09\0\0\xd3\x25\0\0\0\0\0\0\0\0\0\0\x98\x09\0\0\xd3\x25\0\0\xe4\
\x7a\0\0\x16\x78\0\0\x48\x0a\0\0\xd3\x25\0\0\0\0\0\0\0\0\0\0\x50\x0a\0\0\xd3\
\x25\0\0\xe4\x7a\0\0\x16\x78\0\0\x60\x0a\0\0\xd3\x25\0\0\xe4\x7a\0\0\x16\x78\0\
\0\x68\x0a\0\0\xd3\x25\0\0\xe4\x7a\0\0\x14\x78\0\0\x78\x0a\0\0\xd3\x25\0\0\0\0\
\0\0\0\0\0\0\x80\x0a\0\0\xd3\x25\0\0\x45\x7c\0\0\x15\x7c\0\0\xe8\x0a\0\0\xd3\
\x25\0\0\0\0\0\0\0\0\0\0\xf0\x0a\0\0\xd3\x25\0\0\x45\x7c\0\0\x15\x7c\0\0\0\x0b\
\0\0\xd3\x25\0\0\x45\x7c\0\0\x15\x7c\0\0\x08\x0b\0\0\xd3\x25\0\0\x45\x7c\0\0\
\x13\x7c\0\0\x30\x0b\0\0\xd3\x25\0\0\0\0\0\0\0\0\0\0\x38\x0b\0\0\xd3\x25\0\0\
\x76\x7d\0\0\x17\xe0\0\0\xb0\x0b\0\0\xd3\x25\0\0\0\0\0\0\0\0\0\0\xb8\x0b\0\0\
\xd3\x25\0\0\x76\x7d\0\0\x17\xe0\0\0\xc8\x0b\0\0\xd3\x25\0\0\x76\x7d\0\0\x17\
\xe0\0\0\xd0\x0b\0\0\xd3\x25\0\0\x76\x7d\0\0\x15\xe0\0\0\xe0\x0b\0\0\xd3\x25\0\
\0\0\0\0\0\0\0\0\0\xe8\x0b\0\0\xd3\x25\0\0\x80\x85\0\0\x15\xe4\0\0\x50\x0c\0\0\
\xd3\x25\0\0\0\0\0\0\0\0\0\0\x58\x0c\0\0\xd3\x25\0\0\x80\x85\0\0\x15\xe4\0\0\
\x68\x0c\0\0\xd3\x25\0\0\x80\x85\0\0\x15\xe4\0\0\x70\x0c\0\0\xd3\x25\0\0\x80\
\x85\0\0\x13\xe4\0\0\x80\x0c\0\0\xd3\x25\0\0\0\0\0\0\0\0\0\0\x88\x0c\0\0\xd3\
\x25\0\0\xc9\x85\0\0\x15\xe8\0\0\xf0\x0c\0\0\xd3\x25\0\0\0\0\0\0\0\0\0\0\xf8\
\x0c\0\0\xd3\x25\0\0\xc9\x85\0\0\x15\xe8\0\0\x08\x0d\0\0\xd3\x25\0\0\xc9\x85\0\
\0\x15\xe8\0\0\x10\x0d\0\0\xd3\x25\0\0\xc9\x85\0\0\x13\xe8\0\0\x20\x0d\0\0\xd3\
\x25\0\0\0\0\0\0\0\0\0\0\x28\x0d\0\0\xd3\x25\0\0\x12\x86\0\0\x16\xec\0\0\x90\
\x0d\0\0\xd3\x25\0\0\0\0\0\0\0\0\0\0\x98\x0d\0\0\xd3\x25\0\0\x12\x86\0\0\x16\
\xec\0\0\xa8\x0d\0\0\xd3\x25\0\0\x12\x86\0\0\x16\xec\0\0\xb0\x0d\0\0\xd3\x25\0\
\0\x12\x86\0\0\x14\xec\0\0\xc0\x0d\0\0\xd3\x25\0\0\0\0\0\0\0\0\0\0\xc8\x0d\0\0\
\xd3\x25\0\0\x57\x86\0\0\x1e\xf0\0\0\x30\x0e\0\0\xd3\x25\0\0\0\0\0\0\0\0\0\0\
\x38\x0e\0\0\xd3\x25\0\0\x57\x86\0\0\x1e\xf0\0\0\x48\x0e\0\0\xd3\x25\0\0\x57\
\x86\0\0\x1e\xf0\0\0\x50\x0e\0\0\xd3\x25\0\0\x57\x86\0\0\x1c\xf0\0\0\x60\x0e\0\
\0\xd3\x25\0\0\0\0\0\0\0\0\0\0\x68\x0e\0\0\xd3\x25\0\0\xaf\x86\0\0\x07\xf8\0\0\
\xd0\x0e\0\0\xd3\x25\0\0\0\0\0\0\0\0\0\0\xd8\x0e\0\0\xd3\x25\0\0\xaf\x86\0\0\
\x07\xf8\0\0\xe8\x0e\0\0\xd3\x25\0\0\xaf\x86\0\0\x07\xf8\0\0\xf0\x0e\0\0\xd3\
\x25\0\0\xf1\x86\0\0\x1d\xf4\0\0\0\x0f\0\0\xd3\x25\0\0\0\0\0\0\0\0\0\0\x08\x0f\
\0\0\xd3\x25\0\0\x0f\x87\0\0\x1e\x24\x01\0\x70\x0f\0\0\xd3\x25\0\0\0\0\0\0\0\0\
\0\0\x78\x0f\0\0\xd3\x25\0\0\x0f\x87\0\0\x1e\x24\x01\0\x88\x0f\0\0\xd3\x25\0\0\
\x0f\x87\0\0\x1e\x24\x01\0\x90\x0f\0\0\xd3\x25\0\0\x0f\x87\0\0\x1c\x24\x01\0\
\xa0\x0f\0\0\xd3\x25\0\0\0\0\0\0\0\0\0\0\xa8\x0f\0\0\xd3\x25\0\0\x67\x87\0\0\
\x07\x2c\x01\0\x10\x10\0\0\xd3\x25\0\0\0\0\0\0\0\0\0\0\x18\x10\0\0\xd3\x25\0\0\
\x67\x87\0\0\x07\x2c\x01\0\x28\x10\0\0\xd3\x25\0\0\x67\x87\0\0\x07\x2c\x01\0\
\x30\x10\0\0\xd3\x25\0\0\xa9\x87\0\0\x1d\x28\x01\0\x40\x10\0\0\xd3\x25\0\0\0\0\
\0\0\0\0\0\0\x48\x10\0\0\xd3\x25\0\0\xc7\x87\0\0\x0f\x38\x01\0\xe0\x10\0\0\xd3\
\x25\0\0\0\0\0\0\0\0\0\0\xe8\x10\0\0\xd3\x25\0\0\xc7\x87\0\0\x0f\x38\x01\0\x08\
\x11\0\0\xd3\x25\0\0\xc7\x87\0\0\x0f\x38\x01\0\x10\x11\0\0\xd3\x25\0\0\x23\x8e\
\0\0\x38\x48\x01\0\x28\x11\0\0\xd3\x25\0\0\x23\x8e\0\0\x0e\x48\x01\0\x38\x11\0\
\0\xd3\x25\0\0\x23\x8e\0\0\x1f\x48\x01\0\x48\x11\0\0\xd3\x25\0\0\x23\x8e\0\0\
\x16\x48\x01\0\x50\x11\0\0\xd3\x25\0\0\x23\x8e\0\0\x25\x48\x01\0\x58\x11\0\0\
\xd3\x25\0\0\x62\x8e\0\0\x1f\x44\x01\0\x80\x11\0\0\xd3\x25\0\0\0\0\0\0\0\0\0\0\
\x88\x11\0\0\xd3\x25\0\0\x87\x8e\0\0\x1e\x58\x01\0\x98\x11\0\0\xd3\x25\0\0\x87\
\x8e\0\0\x1e\x58\x01\0\xa8\x11\0\0\xd3\x25\0\0\xc1\x8e\0\0\x17\x08\x02\0\xb0\
\x11\0\0\xd3\x25\0\0\xf3\x8e\0\0\x03\x5c\x01\0\xc8\x11\0\0\xd3\x25\0\0\0\0\0\0\
\0\0\0\0\xd0\x11\0\0\xd3\x25\0\0\x3c\x8f\0\0\x18\x6c\x01\0\x48\x12\0\0\xd3\x25\
\0\0\0\0\0\0\0\0\0\0\x50\x12\0\0\xd3\x25\0\0\x3c\x8f\0\0\x18\x6c\x01\0\x60\x12\
\0\0\xd3\x25\0\0\x3c\x8f\0\0\x18\x6c\x01\0\x68\x12\0\0\xd3\x25\0\0\x3c\x8f\0\0\
\x16\x6c\x01\0\x80\x12\0\0\xd3\x25\0\0\x92\x28\0\0\x15\x9c\0\0\xa8\x12\0\0\xd3\
\x25\0\0\x92\x28\0\0\x03\x9c\0\0\xd0\x12\0\0\xd3\x25\0\0\0\0\0\0\0\0\0\0\xd8\
\x12\0\0\xd3\x25\0\0\xb3\x28\0\0\x22\xa0\0\0\x08\x13\0\0\xd3\x25\0\0\0\0\0\0\0\
\0\0\0\x10\x13\0\0\xd3\x25\0\0\xb3\x28\0\0\x22\xa0\0\0\x20\x13\0\0\xd3\x25\0\0\
\xb3\x28\0\0\x22\xa0\0\0\x28\x13\0\0\xd3\x25\0\0\x7f\x8f\0\0\x13\xa4\0\0\x50\
\x13\0\0\xd3\x25\0\0\0\0\0\0\0\0\0\0\x58\x13\0\0\xd3\x25\0\0\x7f\x8f\0\0\x17\
\xa4\0\0\x68\x13\0\0\xd3\x25\0\0\x7f\x8f\0\0\x17\xa4\0\0\x70\x13\0\0\xd3\x25\0\
\0\x7f\x8f\0\0\x39\xa4\0\0\xa0\x13\0\0\xd3\x25\0\0\0\0\0\0\0\0\0\0\xa8\x13\0\0\
\xd3\x25\0\0\xba\x8f\0\0\x0a\xa8\0\0\x10\x14\0\0\xd3\x25\0\0\0\0\0\0\0\0\0\0\
\x18\x14\0\0\xd3\x25\0\0\xba\x8f\0\0\x0a\xa8\0\0\x38\x14\0\0\xd3\x25\0\0\xba\
\x8f\0\0\x0a\xa8\0\0\x48\x14\0\0\xd3\x25\0\0\0\0\0\0\0\0\0\0\x50\x14\0\0\xd3\
\x25\0\0\xf3\x8f\0\0\x0a\xac\0\0\xc0\x14\0\0\xd3\x25\0\0\0\0\0\0\0\0\0\0\xc8\
\x14\0\0\xd3\x25\0\0\xf3\x8f\0\0\x0a\xac\0\0\xd8\x14\0\0\xd3\x25\0\0\xf3\x8f\0\
\0\x0a\xac\0\0\xe0\x14\0\0\xd3\x25\0\0\x7f\x8f\0\0\x09\xa4\0\0\0\x15\0\0\xd3\
\x25\0\0\0\0\0\0\0\0\0\0\x08\x15\0\0\xd3\x25\0\0\x30\x90\0\0\x1f\x7c\x01\0\x20\
\x15\0\0\xd3\x25\0\0\x30\x90\0\0\x1f\x7c\x01\0\x30\x15\0\0\xd3\x25\0\0\x30\x90\
\0\0\x1d\x7c\x01\0\x38\x15\0\0\xd3\x25\0\0\x66\x90\0\0\x03\x14\x02\0\x48\x15\0\
\0\xd3\x25\0\0\x96\x26\0\0\x05\xb8\x01\0\xa0\x90\0\0\x71\0\0\0\0\0\0\0\xd3\x25\
\0\0\xc2\x90\0\0\0\x38\x02\0\x08\0\0\0\xd3\x25\0\0\xc2\x90\0\0\x05\x38\x02\0\
\x28\0\0\0\xd3\x25\0\0\0\0\0\0\0\0\0\0\x30\0\0\0\xbe\x26\0\0\x34\x27\0\0\x0b\
\x38\0\0\x40\0\0\0\xbe\x26\0\0\x34\x27\0\0\x0b\x38\0\0\x48\0\0\0\xbe\x26\0\0\
\x34\x27\0\0\x23\x38\0\0\x50\0\0\0\xd3\x25\0\0\x65\x27\0\0\x07\x3c\x02\0\x78\0\
\0\0\xd3\x25\0\0\0\0\0\0\0\0\0\0\x80\0\0\0\xd3\x25\0\0\x0e\x91\0\0\x08\x48\x02\
\0\xa8\0\0\0\xd3\x25\0\0\x0e\x91\0\0\x08\x48\x02\0\xb8\0\0\0\xd3\x25\0\0\0\0\0\
\0\0\0\0\0\xc0\0\0\0\xd3\x25\0\0\x0e\x91\0\0\x27\x48\x02\0\xd0\0\0\0\xd3\x25\0\
\0\x0e\x91\0\0\x27\x48\x02\0\xd8\0\0\0\xd3\x25\0\0\x0e\x91\0\0\x45\x48\x02\0\
\xf8\0\0\0\xbe\x26\0\0\x92\x28\0\0\x15\x58\0\0\x20\x01\0\0\xbe\x26\0\0\x92\x28\
\0\0\x03\x58\0\0\x48\x01\0\0\xbe\x26\0\0\0\0\0\0\0\0\0\0\x50\x01\0\0\xbe\x26\0\
\0\xb3\x28\0\0\x22\x5c\0\0\x80\x01\0\0\xbe\x26\0\0\0\0\0\0\0\0\0\0\x88\x01\0\0\
\xbe\x26\0\0\xb3\x28\0\0\x22\x5c\0\0\x98\x01\0\0\xbe\x26\0\0\xb3\x28\0\0\x22\
\x5c\0\0\xa0\x01\0\0\xbe\x26\0\0\x03\x29\0\0\x13\x60\0\0\xc8\x01\0\0\xbe\x26\0\
\0\0\0\0\0\0\0\0\0\xd0\x01\0\0\xbe\x26\0\0\x03\x29\0\0\x17\x60\0\0\xf0\x01\0\0\
\xbe\x26\0\0\x03\x29\0\0\x17\x60\0\0\0\x02\0\0\xbe\x26\0\0\0\0\0\0\0\0\0\0\x08\
\x02\0\0\xbe\x26\0\0\x43\x29\0\0\x17\x64\0\0\x18\x02\0\0\xbe\x26\0\0\x43\x29\0\
\0\x17\x64\0\0\x20\x02\0\0\xbe\x26\0\0\x03\x29\0\0\x09\x60\0\0\x30\x02\0\0\xd3\
\x25\0\0\x0e\x91\0\0\x07\x48\x02\0\x40\x02\0\0\xd3\x25\0\0\x82\x27\0\0\x1c\x68\
\x02\0\x68\x02\0\0\xd3\x25\0\0\xcb\x27\0\0\x07\x6c\x02\0\x88\x02\0\0\xd3\x25\0\
\0\x55\x91\0\0\x22\x7c\x02\0\x98\x02\0\0\xd3\x25\0\0\x19\x28\0\0\x0f\x78\x02\0\
\xc0\x02\0\0\xd3\x25\0\0\x55\x91\0\0\x22\x7c\x02\0\xc8\x02\0\0\xbe\x26\0\0\x3d\
\x28\0\0\x23\x90\0\0\xf8\x02\0\0\xd3\x25\0\0\x55\x91\0\0\x22\x7c\x02\0\0\x03\0\
\0\xbe\x26\0\0\x3d\x28\0\0\x23\x90\0\0\x18\x03\0\0\xbe\x26\0\0\x3d\x28\0\0\x23\
\x90\0\0\x28\x03\0\0\xbe\x26\0\0\x92\x28\0\0\x15\x58\0\0\x50\x03\0\0\xbe\x26\0\
\0\x92\x28\0\0\x03\x58\0\0\x78\x03\0\0\xbe\x26\0\0\0\0\0\0\0\0\0\0\x80\x03\0\0\
\xbe\x26\0\0\xb3\x28\0\0\x22\x5c\0\0\xb0\x03\0\0\xbe\x26\0\0\0\0\0\0\0\0\0\0\
\xb8\x03\0\0\xbe\x26\0\0\xb3\x28\0\0\x22\x5c\0\0\xc8\x03\0\0\xbe\x26\0\0\xb3\
\x28\0\0\x22\x5c\0\0\xd0\x03\0\0\xbe\x26\0\0\x03\x29\0\0\x13\x60\0\0\xf8\x03\0\
\0\xbe\x26\0\0\0\0\0\0\0\0\0\0\0\x04\0\0\xbe\x26\0\0\x03\x29\0\0\x17\x60\0\0\
\x20\x04\0\0\xbe\x26\0\0\x03\x29\0\0\x17\x60\0\0\x30\x04\0\0\xbe\x26\0\0\0\0\0\
\0\0\0\0\0\x38\x04\0\0\xbe\x26\0\0\x43\x29\0\0\x17\x64\0\0\x48\x04\0\0\xbe\x26\
\0\0\x43\x29\0\0\x17\x64\0\0\x50\x04\0\0\xbe\x26\0\0\x03\x29\0\0\x09\x60\0\0\
\x78\x04\0\0\xbe\x26\0\0\0\0\0\0\0\0\0\0\x80\x04\0\0\xbe\x26\0\0\x86\x29\0\0\
\x15\x94\0\0\x90\x04\0\0\xbe\x26\0\0\x86\x29\0\0\x15\x94\0\0\xa0\x04\0\0\xbe\
\x26\0\0\x86\x29\0\0\x13\x94\0\0\xc0\x04\0\0\xbe\x26\0\0\0\0\0\0\0\0\0\0\xc8\
\x04\0\0\xbe\x26\0\0\xbd\x29\0\0\x22\x98\0\0\xe0\x04\0\0\xbe\x26\0\0\xbd\x29\0\
\0\x22\x98\0\0\xe8\x04\0\0\xbe\x26\0\0\xbd\x29\0\0\x20\x98\0\0\x18\x05\0\0\xbe\
\x26\0\0\0\0\0\0\0\0\0\0\x20\x05\0\0\xbe\x26\0\0\x05\x2a\0\0\x1b\x9c\0\0\x48\
\x05\0\0\xbe\x26\0\0\0\0\0\0\0\0\0\0\x50\x05\0\0\xbe\x26\0\0\x05\x2a\0\0\x1b\
\x9c\0\0\x60\x05\0\0\xbe\x26\0\0\x05\x2a\0\0\x1b\x9c\0\0\x68\x05\0\0\xbe\x26\0\
\0\x05\x2a\0\0\x19\x9c\0\0\x88\x05\0\0\xbe\x26\0\0\0\0\0\0\0\0\0\0\x90\x05\0\0\
\xbe\x26\0\0\x4f\x2a\0\0\x14\xa0\0\0\xa0\x05\0\0\xbe\x26\0\0\x4f\x2a\0\0\x14\
\xa0\0\0\xa8\x05\0\0\xbe\x26\0\0\x4f\x2a\0\0\x12\xa0\0\0\xd0\x05\0\0\xbe\x26\0\
\0\0\0\0\0\0\0\0\0\xd8\x05\0\0\xbe\x26\0\0\x80\x2a\0\0\x14\xa8\0\0\x10\x06\0\0\
\xbe\x26\0\0\0\0\0\0\0\0\0\0\x18\x06\0\0\xbe\x26\0\0\x80\x2a\0\0\x14\xa8\0\0\
\x28\x06\0\0\xbe\x26\0\0\x80\x2a\0\0\x14\xa8\0\0\x30\x06\0\0\xbe\x26\0\0\x80\
\x2a\0\0\x12\xa8\0\0\x40\x06\0\0\xbe\x26\0\0\0\0\0\0\0\0\0\0\x48\x06\0\0\xbe\
\x26\0\0\xbf\x2a\0\0\x14\xac\0\0\x80\x06\0\0\xbe\x26\0\0\0\0\0\0\0\0\0\0\x88\
\x06\0\0\xbe\x26\0\0\xbf\x2a\0\0\x14\xac\0\0\x98\x06\0\0\xbe\x26\0\0\xbf\x2a\0\
\0\x14\xac\0\0\xa0\x06\0\0\xbe\x26\0\0\xbf\x2a\0\0\x12\xac\0\0\xc8\x06\0\0\xbe\
\x26\0\0\0\0\0\0\0\0\0\0\xd0\x06\0\0\xbe\x26\0\0\x03\x2b\0\0\x2a\xb8\0\0\x08\
\x07\0\0\xbe\x26\0\0\0\0\0\0\0\0\0\0\x10\x07\0\0\xbe\x26\0\0\x03\x2b\0\0\x2a\
\xb8\0\0\x20\x07\0\0\xbe\x26\0\0\x03\x2b\0\0\x2a\xb8\0\0\x30\x07\0\0\xbe\x26\0\
\0\0\0\0\0\0\0\0\0\x38\x07\0\0\xbe\x26\0\0\x31\x30\0\0\x28\xbc\0\0\x70\x07\0\0\
\xbe\x26\0\0\0\0\0\0\0\0\0\0\x78\x07\0\0\xbe\x26\0\0\x31\x30\0\0\x28\xbc\0\0\
\x88\x07\0\0\xbe\x26\0\0\x31\x30\0\0\x28\xbc\0\0\x90\x07\0\0\xbe\x26\0\0\x7e\
\x30\0\0\x10\xc0\0\0\xa0\x07\0\0\xbe\x26\0\0\x7e\x30\0\0\x07\xc0\0\0\xb0\x07\0\
\0\xbe\x26\0\0\0\0\0\0\0\0\0\0\xc0\x07\0\0\xbe\x26\0\0\xbe\x30\0\0\x22\xd4\0\0\
\xc8\x07\0\0\xbe\x26\0\0\xbe\x30\0\0\x03\xd4\0\0\xd8\x07\0\0\xbe\x26\0\0\x08\
\x31\0\0\x12\xdc\0\0\xe8\x07\0\0\xbe\x26\0\0\x08\x31\0\0\x07\xdc\0\0\xf8\x07\0\
\0\xbe\x26\0\0\x4e\x31\0\0\x3c\xe0\0\0\x20\x08\0\0\xd3\x25\0\0\0\0\0\0\0\0\0\0\
\x28\x08\0\0\xd3\x25\0\0\x92\x91\0\0\x23\xac\x02\0\x40\x08\0\0\xd3\x25\0\0\x92\
\x91\0\0\x23\xac\x02\0\x48\x08\0\0\xd3\x25\0\0\xdb\x91\0\0\x15\xb4\x02\0\x70\
\x08\0\0\xd3\x25\0\0\0\0\0\0\0\0\0\0\x78\x08\0\0\xd3\x25\0\0\xdb\x91\0\0\x28\
\xb4\x02\0\x90\x08\0\0\xd3\x25\0\0\xdb\x91\0\0\x28\xb4\x02\0\x98\x08\0\0\xd3\
\x25\0\0\xdb\x91\0\0\x25\xb4\x02\0\xa8\x08\0\0\xd3\x25\0\0\x26\x92\0\0\x0e\xb0\
\x02\0\xb8\x08\0\0\xd3\x25\0\0\x66\x90\0\0\x03\xbc\x02\0\xd0\x08\0\0\xd3\x25\0\
\0\xc2\x90\0\0\x05\x38\x02\0\x10\0\0\0\x5e\0\0\0\x37\0\0\0\0\0\0\0\x0d\0\0\0\
\xcf\x25\0\0\0\0\0\0\xc8\0\0\0\x0d\0\0\0\x38\x28\0\0\0\0\0\0\x08\x01\0\0\x0d\0\
\0\0\x8d\x28\0\0\0\0\0\0\x90\x01\0\0\x0d\0\0\0\x38\x28\0\0\0\0\0\0\xc8\x01\0\0\
\x0d\0\0\0\x8d\x28\0\0\0\0\0\0\x10\x02\0\0\x0d\0\0\0\x3d\x29\0\0\0\0\0\0\x88\
\x02\0\0\x0d\0\0\0\x81\x29\0\0\0\0\0\0\xd8\x02\0\0\x0d\0\0\0\xb7\x29\0\0\0\0\0\
\0\x28\x03\0\0\x0d\0\0\0\x8d\x28\0\0\0\0\0\0\xe8\x03\0\0\x0d\0\0\0\x7a\x2a\0\0\
\0\0\0\0\x28\x04\0\0\x97\0\0\0\xb9\x2a\0\0\0\0\0\0\x98\x04\0\0\x97\0\0\0\xf8\
\x2a\0\0\0\0\0\0\xe0\x04\0\0\x0d\0\0\0\xfe\x2a\0\0\0\0\0\0\x18\x05\0\0\x4d\x01\
\0\0\x2a\x30\0\0\0\0\0\0\x80\x05\0\0\x4d\x01\0\0\x77\x30\0\0\0\0\0\0\x28\x06\0\
\0\x0d\0\0\0\x91\x31\0\0\0\0\0\0\x70\x06\0\0\x80\x01\0\0\xcf\x25\0\0\0\0\0\0\
\xa0\x06\0\0\x87\x01\0\0\xed\x32\0\0\0\0\0\0\x18\x07\0\0\x80\x01\0\0\x34\x33\0\
\0\0\0\0\0\x48\x07\0\0\x8f\x01\0\0\x73\x33\0\0\0\0\0\0\xc0\x07\0\0\x80\x01\0\0\
\xbf\x33\0\0\0\0\0\0\xf0\x07\0\0\x91\x01\0\0\x73\x33\0\0\0\0\0\0\x68\x08\0\0\
\x80\x01\0\0\x1e\x34\0\0\0\0\0\0\x98\x08\0\0\x92\x01\0\0\x8e\x36\0\0\0\0\0\0\
\x10\x09\0\0\x80\x01\0\0\xd5\x36\0\0\0\0\0\0\x40\x09\0\0\xa7\x01\0\0\xdd\x7a\0\
\0\0\0\0\0\xc8\x09\0\0\x80\x01\0\0\x2e\x7b\0\0\0\0\0\0\xf8\x09\0\0\x78\x03\0\0\
\x2e\x7b\0\0\0\0\0\0\x28\x0a\0\0\x7b\x03\0\0\x3f\x7c\0\0\0\0\0\0\xc8\x0a\0\0\
\x78\x03\0\0\x85\x7c\0\0\0\0\0\0\x10\x0b\0\0\x83\x03\0\0\x71\x7d\0\0\0\0\0\0\
\x58\x0b\0\0\x51\x01\0\0\x1e\x34\0\0\0\0\0\0\x70\x0b\0\0\x51\x01\0\0\x1e\x34\0\
\0\0\0\0\0\x90\x0b\0\0\x87\x03\0\0\x71\x7d\0\0\0\0\0\0\x30\x0c\0\0\x87\x03\0\0\
\xc3\x85\0\0\0\0\0\0\xd0\x0c\0\0\x87\x03\0\0\x0c\x86\0\0\0\0\0\0\x70\x0d\0\0\
\x87\x03\0\0\x53\x86\0\0\0\0\0\0\x10\x0e\0\0\x87\x03\0\0\xa8\x86\0\0\0\0\0\0\
\xb0\x0e\0\0\x87\x03\0\0\xea\x86\0\0\0\0\0\0\x50\x0f\0\0\x87\x03\0\0\x60\x87\0\
\0\0\0\0\0\xf0\x0f\0\0\x87\x03\0\0\xa2\x87\0\0\0\0\0\0\x90\x10\0\0\x87\x03\0\0\
\xbf\x33\0\0\0\0\0\0\xc0\x10\0\0\x15\x04\0\0\x2e\x7b\0\0\0\0\0\0\x60\x11\0\0\
\x83\x03\0\0\x82\x8e\0\0\0\0\0\0\xf8\x11\0\0\x80\x01\0\0\x34\x33\0\0\0\0\0\0\
\x30\x12\0\0\x8f\x01\0\0\x73\x33\0\0\0\0\0\0\xb8\x12\0\0\x0d\0\0\0\x38\x28\0\0\
\0\0\0\0\xf0\x12\0\0\x0d\0\0\0\x8d\x28\0\0\0\0\0\0\x38\x13\0\0\x0d\0\0\0\x81\
\x29\0\0\0\0\0\0\x80\x13\0\0\x0d\0\0\0\x91\x31\0\0\0\0\0\0\xc8\x13\0\0\x80\x01\
\0\0\x34\x33\0\0\0\0\0\0\xf8\x13\0\0\x8f\x01\0\0\x73\x33\0\0\0\0\0\0\x70\x14\0\
\0\x80\x01\0\0\x34\x33\0\0\0\0\0\0\xa8\x14\0\0\x8f\x01\0\0\x73\x33\0\0\0\0\0\0\
\xe8\x14\0\0\x0d\0\0\0\x81\x29\0\0\0\0\0\0\xa0\x90\0\0\x16\0\0\0\0\0\0\0\x0d\0\
\0\0\xcf\x25\0\0\0\0\0\0\x58\0\0\0\x0d\0\0\0\x09\x91\0\0\0\0\0\0\x90\0\0\0\x0d\
\0\0\0\x81\x29\0\0\0\0\0\0\x30\x01\0\0\x0d\0\0\0\x38\x28\0\0\0\0\0\0\x68\x01\0\
\0\x0d\0\0\0\x8d\x28\0\0\0\0\0\0\xb0\x01\0\0\x0d\0\0\0\x3d\x29\0\0\0\0\0\0\xa0\
\x02\0\0\x0d\0\0\0\x38\x28\0\0\0\0\0\0\xd8\x02\0\0\x0d\0\0\0\x8d\x28\0\0\0\0\0\
\0\x60\x03\0\0\x0d\0\0\0\x38\x28\0\0\0\0\0\0\x98\x03\0\0\x0d\0\0\0\x8d\x28\0\0\
\0\0\0\0\xe0\x03\0\0\x0d\0\0\0\x3d\x29\0\0\0\0\0\0\x58\x04\0\0\x0d\0\0\0\x81\
\x29\0\0\0\0\0\0\xa8\x04\0\0\x0d\0\0\0\xb7\x29\0\0\0\0\0\0\xf0\x04\0\0\x0d\0\0\
\0\x8d\x28\0\0\0\0\0\0\xb0\x05\0\0\x0d\0\0\0\x7a\x2a\0\0\0\0\0\0\xf0\x05\0\0\
\x97\0\0\0\xb9\x2a\0\0\0\0\0\0\x60\x06\0\0\x97\0\0\0\xf8\x2a\0\0\0\0\0\0\xa8\
\x06\0\0\x0d\0\0\0\xfe\x2a\0\0\0\0\0\0\xe8\x06\0\0\x4d\x01\0\0\x2a\x30\0\0\0\0\
\0\0\x50\x07\0\0\x4d\x01\0\0\x77\x30\0\0\0\0\0\0\0\x08\0\0\x0d\0\0\0\x8b\x91\0\
\0\0\0\0\0\x50\x08\0\0\x2c\0\0\0\x53\x86\0\0\0\0\0\0\0\0\0\0\0\0\0\0\0\0\0\0\0\
\0\0\0\0\0\0\0\0\0\0\0\0\0\0\0\0\0\0\0\x03\0\x03\0\0\0\0\0\0\0\0\0\0\0\0\0\0\0\
\0\0\0\x01\0\0\0\0\x03\0\x48\x15\0\0\0\0\0\0\0\0\0\0\0\0\0\0\x17\x01\0\0\0\0\
\x03\0\x88\x01\0\0\0\0\0\0\0\0\0\0\0\0\0\0\x2d\x01\0\0\0\0\x03\0\x58\x01\0\0\0\
\0\0\0\0\0\0\0\0\0\0\0\xf1\0\0\0\0\0\x03\0\x88\x02\0\0\0\0\0\0\0\0\0\0\0\0\0\0\
\xe3\0\0\0\0\0\x03\0\xe0\x05\0\0\0\0\0\0\0\0\0\0\0\0\0\0\x5c\x01\0\0\0\0\x03\0\
\x28\x06\0\0\0\0\0\0\0\0\0\0\0\0\0\0\x3c\x01\0\0\0\0\x03\0\xb0\x12\0\0\0\0\0\0\
\0\0\0\0\0\0\0\0\x44\x01\0\0\0\0\x03\0\x80\x12\0\0\0\0\0\0\0\0\0\0\0\0\0\0\x08\
\x01\0\0\0\0\x03\0\xe8\x14\0\0\0\0\0\0\0\0\0\0\0\0\0\0\0\0\0\0\x03\0\x05\0\0\0\
\0\0\0\0\0\0\0\0\0\0\0\0\0\0\x4c\x01\0\0\0\0\x05\0\xd0\x08\0\0\0\0\0\0\0\0\0\0\
\0\0\0\0\x10\x01\0\0\0\0\x05\0\x28\x01\0\0\0\0\0\0\0\0\0\0\0\0\0\0\x26\x01\0\0\
\0\0\x05\0\xf8\0\0\0\0\0\0\0\0\0\0\0\0\0\0\0\xea\0\0\0\0\0\x05\0\x28\x02\0\0\0\
\0\0\0\0\0\0\0\0\0\0\0\x54\x01\0\0\0\0\x05\0\x58\x03\0\0\0\0\0\0\0\0\0\0\0\0\0\
\0\xd4\0\0\0\0\0\x05\0\x28\x03\0\0\0\0\0\0\0\0\0\0\0\0\0\0\x34\x01\0\0\0\0\x05\
\0\x58\x04\0\0\0\0\0\0\0\0\0\0\0\0\0\0\x1e\x01\0\0\0\0\x05\0\xb0\x07\0\0\0\0\0\
\0\0\0\0\0\0\0\0\0\xf8\0\0\0\0\0\x05\0\0\x08\0\0\0\0\0\0\0\0\0\0\0\0\0\0\xdb\0\
\0\0\0\0\x05\0\xa8\x08\0\0\0\0\0\0\0\0\0\0\0\0\0\0\x70\0\0\0\x12\0\x03\0\0\0\0\
\0\0\0\0\0\x58\x15\0\0\0\0\0\0\xb0\0\0\0\x11\0\x08\0\0\0\0\0\0\0\0\0\x10\0\0\0\
\0\0\0\0\x14\0\0\0\x12\0\x05\0\0\0\0\0\0\0\0\0\xe0\x08\0\0\0\0\0\0\xcc\0\0\0\
\x11\0\x07\0\0\0\0\0\0\0\0\0\x0d\0\0\0\0\0\0\0\x68\0\0\0\0\0\0\0\x01\0\0\0\x17\
\0\0\0\x40\x02\0\0\0\0\0\0\x01\0\0\0\x17\0\0\0\x04\xc5\0\0\0\0\0\0\x04\0\0\0\
\x17\0\0\0\x1c\xc5\0\0\0\0\0\0\x03\0\0\0\x19\0\0\0\x2c\0\0\0\0\0\0\0\x04\0\0\0\
\x01\0\0\0\x3c\0\0\0\0\0\0\0\x04\0\0\0\x0b\0\0\0\x50\0\0\0\0\0\0\0\x04\0\0\0\
\x01\0\0\0\x60\0\0\0\0\0\0\0\x04\0\0\0\x01\0\0\0\x70\0\0\0\0\0\0\0\x04\0\0\0\
\x01\0\0\0\x80\0\0\0\0\0\0\0\x04\0\0\0\x01\0\0\0\x90\0\0\0\0\0\0\0\x04\0\0\0\
\x01\0\0\0\xa0\0\0\0\0\0\0\0\x04\0\0\0\x01\0\0\0\xb0\0\0\0\0\0\0\0\x04\0\0\0\
\x01\0\0\0\xc0\0\0\0\0\0\0\0\x04\0\0\0\x01\0\0\0\xd0\0\0\0\0\0\0\0\x04\0\0\0\
\x01\0\0\0\xe0\0\0\0\0\0\0\0\x04\0\0\0\x01\0\0\0\xf0\0\0\0\0\0\0\0\x04\0\0\0\
\x01\0\0\0\0\x01\0\0\0\0\0\0\x04\0\0\0\x01\0\0\0\x10\x01\0\0\0\0\0\0\x04\0\0\0\
\x01\0\0\0\x20\x01\0\0\0\0\0\0\x04\0\0\0\x01\0\0\0\x30\x01\0\0\0\0\0\0\x04\0\0\
\0\x01\0\0\0\x40\x01\0\0\0\0\0\0\x04\0\0\0\x01\0\0\0\x50\x01\0\0\0\0\0\0\x04\0\
\0\0\x01\0\0\0\x60\x01\0\0\0\0\0\0\x04\0\0\0\x01\0\0\0\x70\x01\0\0\0\0\0\0\x04\
\0\0\0\x01\0\0\0\x80\x01\0\0\0\0\0\0\x04\0\0\0\x01\0\0\0\x90\x01\0\0\0\0\0\0\
\x04\0\0\0\x01\0\0\0\xa0\x01\0\0\0\0\0\0\x04\0\0\0\x01\0\0\0\xb0\x01\0\0\0\0\0\
\0\x04\0\0\0\x01\0\0\0\xc0\x01\0\0\0\0\0\0\x04\0\0\0\x01\0\0\0\xd0\x01\0\0\0\0\
\0\0\x04\0\0\0\x01\0\0\0\xe0\x01\0\0\0\0\0\0\x04\0\0\0\x01\0\0\0\xf0\x01\0\0\0\
\0\0\0\x04\0\0\0\x01\0\0\0\0\x02\0\0\0\0\0\0\x04\0\0\0\x01\0\0\0\x10\x02\0\0\0\
\0\0\0\x04\0\0\0\x01\0\0\0\x20\x02\0\0\0\0\0\0\x04\0\0\0\x01\0\0\0\x30\x02\0\0\
\0\0\0\0\x04\0\0\0\x01\0\0\0\x40\x02\0\0\0\0\0\0\x04\0\0\0\x01\0\0\0\x50\x02\0\
\0\0\0\0\0\x04\0\0\0\x01\0\0\0\x60\x02\0\0\0\0\0\0\x04\0\0\0\x01\0\0\0\x70\x02\
\0\0\0\0\0\0\x04\0\0\0\x01\0\0\0\x80\x02\0\0\0\0\0\0\x04\0\0\0\x01\0\0\0\x90\
\x02\0\0\0\0\0\0\x04\0\0\0\x01\0\0\0\xa0\x02\0\0\0\0\0\0\x04\0\0\0\x01\0\0\0\
\xb0\x02\0\0\0\0\0\0\x04\0\0\0\x01\0\0\0\xc0\x02\0\0\0\0\0\0\x04\0\0\0\x01\0\0\
\0\xd0\x02\0\0\0\0\0\0\x04\0\0\0\x01\0\0\0\xe0\x02\0\0\0\0\0\0\x04\0\0\0\x01\0\
\0\0\xf0\x02\0\0\0\0\0\0\x04\0\0\0\x01\0\0\0\0\x03\0\0\0\0\0\0\x04\0\0\0\x01\0\
\0\0\x10\x03\0\0\0\0\0\0\x04\0\0\0\x01\0\0\0\x20\x03\0\0\0\0\0\0\x04\0\0\0\x01\
\0\0\0\x30\x03\0\0\0\0\0\0\x04\0\0\0\x01\0\0\0\x40\x03\0\0\0\0\0\0\x04\0\0\0\
\x01\0\0\0\x50\x03\0\0\0\0\0\0\x04\0\0\0\x01\0\0\0\x60\x03\0\0\0\0\0\0\x04\0\0\
\0\x01\0\0\0\x70\x03\0\0\0\0\0\0\x04\0\0\0\x01\0\0\0\x80\x03\0\0\0\0\0\0\x04\0\
\0\0\x01\0\0\0\x90\x03\0\0\0\0\0\0\x04\0\0\0\x01\0\0\0\xa0\x03\0\0\0\0\0\0\x04\
\0\0\0\x01\0\0\0\xb0\x03\0\0\0\0\0\0\x04\0\0\0\x01\0\0\0\xc0\x03\0\0\0\0\0\0\
\x04\0\0\0\x01\0\0\0\xd0\x03\0\0\0\0\0\0\x04\0\0\0\x01\0\0\0\xe0\x03\0\0\0\0\0\
\0\x04\0\0\0\x01\0\0\0\xf0\x03\0\0\0\0\0\0\x04\0\0\0\x01\0\0\0\0\x04\0\0\0\0\0\
\0\x04\0\0\0\x01\0\0\0\x10\x04\0\0\0\0\0\0\x04\0\0\0\x01\0\0\0\x20\x04\0\0\0\0\
\0\0\x04\0\0\0\x01\0\0\0\x30\x04\0\0\0\0\0\0\x04\0\0\0\x01\0\0\0\x40\x04\0\0\0\
\0\0\0\x04\0\0\0\x01\0\0\0\x50\x04\0\0\0\0\0\0\x04\0\0\0\x01\0\0\0\x60\x04\0\0\
\0\0\0\0\x04\0\0\0\x01\0\0\0\x70\x04\0\0\0\0\0\0\x04\0\0\0\x01\0\0\0\x80\x04\0\
\0\0\0\0\0\x04\0\0\0\x01\0\0\0\x90\x04\0\0\0\0\0\0\x04\0\0\0\x01\0\0\0\xa0\x04\
\0\0\0\0\0\0\x04\0\0\0\x01\0\0\0\xb0\x04\0\0\0\0\0\0\x04\0\0\0\x01\0\0\0\xc0\
\x04\0\0\0\0\0\0\x04\0\0\0\x01\0\0\0\xd0\x04\0\0\0\0\0\0\x04\0\0\0\x01\0\0\0\
\xe0\x04\0\0\0\0\0\0\x04\0\0\0\x01\0\0\0\xf0\x04\0\0\0\0\0\0\x04\0\0\0\x01\0\0\
\0\0\x05\0\0\0\0\0\0\x04\0\0\0\x01\0\0\0\x10\x05\0\0\0\0\0\0\x04\0\0\0\x01\0\0\
\0\x20\x05\0\0\0\0\0\0\x04\0\0\0\x01\0\0\0\x30\x05\0\0\0\0\0\0\x04\0\0\0\x01\0\
\0\0\x40\x05\0\0\0\0\0\0\x04\0\0\0\x01\0\0\0\x50\x05\0\0\0\0\0\0\x04\0\0\0\x01\
\0\0\0\x60\x05\0\0\0\0\0\0\x04\0\0\0\x01\0\0\0\x70\x05\0\0\0\0\0\0\x04\0\0\0\
\x01\0\0\0\x80\x05\0\0\0\0\0\0\x04\0\0\0\x01\0\0\0\x90\x05\0\0\0\0\0\0\x04\0\0\
\0\x01\0\0\0\xa0\x05\0\0\0\0\0\0\x04\0\0\0\x01\0\0\0\xb0\x05\0\0\0\0\0\0\x04\0\
\0\0\x01\0\0\0\xc0\x05\0\0\0\0\0\0\x04\0\0\0\x01\0\0\0\xd0\x05\0\0\0\0\0\0\x04\
\0\0\0\x01\0\0\0\xe0\x05\0\0\0\0\0\0\x04\0\0\0\x01\0\0\0\xf0\x05\0\0\0\0\0\0\
\x04\0\0\0\x01\0\0\0\0\x06\0\0\0\0\0\0\x04\0\0\0\x01\0\0\0\x10\x06\0\0\0\0\0\0\
\x04\0\0\0\x01\0\0\0\x20\x06\0\0\0\0\0\0\x04\0\0\0\x01\0\0\0\x30\x06\0\0\0\0\0\
\0\x04\0\0\0\x01\0\0\0\x40\x06\0\0\0\0\0\0\x04\0\0\0\x01\0\0\0\x50\x06\0\0\0\0\
\0\0\x04\0\0\0\x01\0\0\0\x60\x06\0\0\0\0\0\0\x04\0\0\0\x01\0\0\0\x70\x06\0\0\0\
\0\0\0\x04\0\0\0\x01\0\0\0\x80\x06\0\0\0\0\0\0\x04\0\0\0\x01\0\0\0\x90\x06\0\0\
\0\0\0\0\x04\0\0\0\x01\0\0\0\xa0\x06\0\0\0\0\0\0\x04\0\0\0\x01\0\0\0\xb0\x06\0\
\0\0\0\0\0\x04\0\0\0\x01\0\0\0\xc0\x06\0\0\0\0\0\0\x04\0\0\0\x01\0\0\0\xd0\x06\
\0\0\0\0\0\0\x04\0\0\0\x01\0\0\0\xe0\x06\0\0\0\0\0\0\x04\0\0\0\x01\0\0\0\xf0\
\x06\0\0\0\0\0\0\x04\0\0\0\x01\0\0\0\0\x07\0\0\0\0\0\0\x04\0\0\0\x01\0\0\0\x10\
\x07\0\0\0\0\0\0\x04\0\0\0\x01\0\0\0\x20\x07\0\0\0\0\0\0\x04\0\0\0\x01\0\0\0\
\x30\x07\0\0\0\0\0\0\x04\0\0\0\x01\0\0\0\x40\x07\0\0\0\0\0\0\x04\0\0\0\x01\0\0\
\0\x50\x07\0\0\0\0\0\0\x04\0\0\0\x01\0\0\0\x60\x07\0\0\0\0\0\0\x04\0\0\0\x01\0\
\0\0\x70\x07\0\0\0\0\0\0\x04\0\0\0\x01\0\0\0\x80\x07\0\0\0\0\0\0\x04\0\0\0\x01\
\0\0\0\x90\x07\0\0\0\0\0\0\x04\0\0\0\x01\0\0\0\xa0\x07\0\0\0\0\0\0\x04\0\0\0\
\x01\0\0\0\xb0\x07\0\0\0\0\0\0\x04\0\0\0\x01\0\0\0\xc0\x07\0\0\0\0\0\0\x04\0\0\
\0\x01\0\0\0\xd0\x07\0\0\0\0\0\0\x04\0\0\0\x01\0\0\0\xe0\x07\0\0\0\0\0\0\x04\0\
\0\0\x01\0\0\0\xf0\x07\0\0\0\0\0\0\x04\0\0\0\x01\0\0\0\0\x08\0\0\0\0\0\0\x04\0\
\0\0\x01\0\0\0\x10\x08\0\0\0\0\0\0\x04\0\0\0\x01\0\0\0\x20\x08\0\0\0\0\0\0\x04\
\0\0\0\x01\0\0\0\x30\x08\0\0\0\0\0\0\x04\0\0\0\x01\0\0\0\x40\x08\0\0\0\0\0\0\
\x04\0\0\0\x01\0\0\0\x50\x08\0\0\0\0\0\0\x04\0\0\0\x01\0\0\0\x60\x08\0\0\0\0\0\
\0\x04\0\0\0\x01\0\0\0\x70\x08\0\0\0\0\0\0\x04\0\0\0\x01\0\0\0\x80\x08\0\0\0\0\
\0\0\x04\0\0\0\x01\0\0\0\x90\x08\0\0\0\0\0\0\x04\0\0\0\x01\0\0\0\xa0\x08\0\0\0\
\0\0\0\x04\0\0\0\x01\0\0\0\xb0\x08\0\0\0\0\0\0\x04\0\0\0\x01\0\0\0\xc0\x08\0\0\
\0\0\0\0\x04\0\0\0\x01\0\0\0\xd0\x08\0\0\0\0\0\0\x04\0\0\0\x01\0\0\0\xe0\x08\0\
\0\0\0\0\0\x04\0\0\0\x01\0\0\0\xf0\x08\0\0\0\0\0\0\x04\0\0\0\x01\0\0\0\0\x09\0\
\0\0\0\0\0\x04\0\0\0\x01\0\0\0\x10\x09\0\0\0\0\0\0\x04\0\0\0\x01\0\0\0\x20\x09\
\0\0\0\0\0\0\x04\0\0\0\x01\0\0\0\x30\x09\0\0\0\0\0\0\x04\0\0\0\x01\0\0\0\x40\
\x09\0\0\0\0\0\0\x04\0\0\0\x01\0\0\0\x50\x09\0\0\0\0\0\0\x04\0\0\0\x01\0\0\0\
\x60\x09\0\0\0\0\0\0\x04\0\0\0\x01\0\0\0\x70\x09\0\0\0\0\0\0\x04\0\0\0\x01\0\0\
\0\x80\x09\0\0\0\0\0\0\x04\0\0\0\x01\0\0\0\x90\x09\0\0\0\0\0\0\x04\0\0\0\x01\0\
\0\0\xa0\x09\0\0\0\0\0\0\x04\0\0\0\x01\0\0\0\xb0\x09\0\0\0\0\0\0\x04\0\0\0\x01\
\0\0\0\xc0\x09\0\0\0\0\0\0\x04\0\0\0\x01\0\0\0\xd0\x09\0\0\0\0\0\0\x04\0\0\0\
\x01\0\0\0\xe0\x09\0\0\0\0\0\0\x04\0\0\0\x01\0\0\0\xf0\x09\0\0\0\0\0\0\x04\0\0\
\0\x01\0\0\0\0\x0a\0\0\0\0\0\0\x04\0\0\0\x01\0\0\0\x10\x0a\0\0\0\0\0\0\x04\0\0\
\0\x01\0\0\0\x20\x0a\0\0\0\0\0\0\x04\0\0\0\x01\0\0\0\x30\x0a\0\0\0\0\0\0\x04\0\
\0\0\x01\0\0\0\x40\x0a\0\0\0\0\0\0\x04\0\0\0\x01\0\0\0\x50\x0a\0\0\0\0\0\0\x04\
\0\0\0\x01\0\0\0\x60\x0a\0\0\0\0\0\0\x04\0\0\0\x01\0\0\0\x70\x0a\0\0\0\0\0\0\
\x04\0\0\0\x01\0\0\0\x80\x0a\0\0\0\0\0\0\x04\0\0\0\x01\0\0\0\x90\x0a\0\0\0\0\0\
\0\x04\0\0\0\x01\0\0\0\xa0\x0a\0\0\0\0\0\0\x04\0\0\0\x01\0\0\0\xb0\x0a\0\0\0\0\
\0\0\x04\0\0\0\x01\0\0\0\xc0\x0a\0\0\0\0\0\0\x04\0\0\0\x01\0\0\0\xd0\x0a\0\0\0\
\0\0\0\x04\0\0\0\x01\0\0\0\xe0\x0a\0\0\0\0\0\0\x04\0\0\0\x01\0\0\0\xf0\x0a\0\0\
\0\0\0\0\x04\0\0\0\x01\0\0\0\0\x0b\0\0\0\0\0\0\x04\0\0\0\x01\0\0\0\x10\x0b\0\0\
\0\0\0\0\x04\0\0\0\x01\0\0\0\x20\x0b\0\0\0\0\0\0\x04\0\0\0\x01\0\0\0\x30\x0b\0\
\0\0\0\0\0\x04\0\0\0\x01\0\0\0\x40\x0b\0\0\0\0\0\0\x04\0\0\0\x01\0\0\0\x50\x0b\
\0\0\0\0\0\0\x04\0\0\0\x01\0\0\0\x60\x0b\0\0\0\0\0\0\x04\0\0\0\x01\0\0\0\x70\
\x0b\0\0\0\0\0\0\x04\0\0\0\x01\0\0\0\x80\x0b\0\0\0\0\0\0\x04\0\0\0\x01\0\0\0\
\x90\x0b\0\0\0\0\0\0\x04\0\0\0\x01\0\0\0\xa0\x0b\0\0\0\0\0\0\x04\0\0\0\x01\0\0\
\0\xb0\x0b\0\0\0\0\0\0\x04\0\0\0\x01\0\0\0\xc0\x0b\0\0\0\0\0\0\x04\0\0\0\x01\0\
\0\0\xd0\x0b\0\0\0\0\0\0\x04\0\0\0\x01\0\0\0\xe0\x0b\0\0\0\0\0\0\x04\0\0\0\x01\
\0\0\0\xf0\x0b\0\0\0\0\0\0\x04\0\0\0\x01\0\0\0\0\x0c\0\0\0\0\0\0\x04\0\0\0\x01\
\0\0\0\x10\x0c\0\0\0\0\0\0\x04\0\0\0\x01\0\0\0\x20\x0c\0\0\0\0\0\0\x04\0\0\0\
\x01\0\0\0\x30\x0c\0\0\0\0\0\0\x04\0\0\0\x01\0\0\0\x40\x0c\0\0\0\0\0\0\x04\0\0\
\0\x01\0\0\0\x50\x0c\0\0\0\0\0\0\x04\0\0\0\x01\0\0\0\x60\x0c\0\0\0\0\0\0\x04\0\
\0\0\x01\0\0\0\x70\x0c\0\0\0\0\0\0\x04\0\0\0\x01\0\0\0\x80\x0c\0\0\0\0\0\0\x04\
\0\0\0\x01\0\0\0\x90\x0c\0\0\0\0\0\0\x04\0\0\0\x01\0\0\0\xa0\x0c\0\0\0\0\0\0\
\x04\0\0\0\x01\0\0\0\xb0\x0c\0\0\0\0\0\0\x04\0\0\0\x01\0\0\0\xc0\x0c\0\0\0\0\0\
\0\x04\0\0\0\x01\0\0\0\xd0\x0c\0\0\0\0\0\0\x04\0\0\0\x01\0\0\0\xe0\x0c\0\0\0\0\
\0\0\x04\0\0\0\x01\0\0\0\xf0\x0c\0\0\0\0\0\0\x04\0\0\0\x01\0\0\0\0\x0d\0\0\0\0\
\0\0\x04\0\0\0\x01\0\0\0\x10\x0d\0\0\0\0\0\0\x04\0\0\0\x01\0\0\0\x20\x0d\0\0\0\
\0\0\0\x04\0\0\0\x01\0\0\0\x30\x0d\0\0\0\0\0\0\x04\0\0\0\x01\0\0\0\x40\x0d\0\0\
\0\0\0\0\x04\0\0\0\x01\0\0\0\x50\x0d\0\0\0\0\0\0\x04\0\0\0\x01\0\0\0\x60\x0d\0\
\0\0\0\0\0\x04\0\0\0\x01\0\0\0\x70\x0d\0\0\0\0\0\0\x04\0\0\0\x01\0\0\0\x80\x0d\
\0\0\0\0\0\0\x04\0\0\0\x01\0\0\0\x90\x0d\0\0\0\0\0\0\x04\0\0\0\x01\0\0\0\xa0\
\x0d\0\0\0\0\0\0\x04\0\0\0\x01\0\0\0\xb0\x0d\0\0\0\0\0\0\x04\0\0\0\x01\0\0\0\
\xc0\x0d\0\0\0\0\0\0\x04\0\0\0\x01\0\0\0\xd0\x0d\0\0\0\0\0\0\x04\0\0\0\x01\0\0\
\0\xe0\x0d\0\0\0\0\0\0\x04\0\0\0\x01\0\0\0\xf0\x0d\0\0\0\0\0\0\x04\0\0\0\x01\0\
\0\0\0\x0e\0\0\0\0\0\0\x04\0\0\0\x01\0\0\0\x10\x0e\0\0\0\0\0\0\x04\0\0\0\x01\0\
\0\0\x28\x0e\0\0\0\0\0\0\x04\0\0\0\x0b\0\0\0\x38\x0e\0\0\0\0\0\0\x04\0\0\0\x0b\
\0\0\0\x48\x0e\0\0\0\0\0\0\x04\0\0\0\x0b\0\0\0\x58\x0e\0\0\0\0\0\0\x04\0\0\0\
\x0b\0\0\0\x68\x0e\0\0\0\0\0\0\x04\0\0\0\x0b\0\0\0\x78\x0e\0\0\0\0\0\0\x04\0\0\
\0\x0b\0\0\0\x88\x0e\0\0\0\0\0\0\x04\0\0\0\x0b\0\0\0\x98\x0e\0\0\0\0\0\0\x04\0\
\0\0\x0b\0\0\0\xa8\x0e\0\0\0\0\0\0\x04\0\0\0\x0b\0\0\0\xb8\x0e\0\0\0\0\0\0\x04\
\0\0\0\x0b\0\0\0\xc8\x0e\0\0\0\0\0\0\x04\0\0\0\x0b\0\0\0\xd8\x0e\0\0\0\0\0\0\
\x04\0\0\0\x0b\0\0\0\xe8\x0e\0\0\0\0\0\0\x04\0\0\0\x0b\0\0\0\xf8\x0e\0\0\0\0\0\
\0\x04\0\0\0\x0b\0\0\0\x08\x0f\0\0\0\0\0\0\x04\0\0\0\x0b\0\0\0\x18\x0f\0\0\0\0\
\0\0\x04\0\0\0\x0b\0\0\0\x28\x0f\0\0\0\0\0\0\x04\0\0\0\x0b\0\0\0\x38\x0f\0\0\0\
\0\0\0\x04\0\0\0\x0b\0\0\0\x48\x0f\0\0\0\0\0\0\x04\0\0\0\x0b\0\0\0\x58\x0f\0\0\
\0\0\0\0\x04\0\0\0\x0b\0\0\0\x68\x0f\0\0\0\0\0\0\x04\0\0\0\x0b\0\0\0\x78\x0f\0\
\0\0\0\0\0\x04\0\0\0\x0b\0\0\0\x88\x0f\0\0\0\0\0\0\x04\0\0\0\x0b\0\0\0\x98\x0f\
\0\0\0\0\0\0\x04\0\0\0\x0b\0\0\0\xa8\x0f\0\0\0\0\0\0\x04\0\0\0\x0b\0\0\0\xb8\
\x0f\0\0\0\0\0\0\x04\0\0\0\x0b\0\0\0\xc8\x0f\0\0\0\0\0\0\x04\0\0\0\x0b\0\0\0\
\xd8\x0f\0\0\0\0\0\0\x04\0\0\0\x0b\0\0\0\xe8\x0f\0\0\0\0\0\0\x04\0\0\0\x0b\0\0\
\0\xf8\x0f\0\0\0\0\0\0\x04\0\0\0\x0b\0\0\0\x08\x10\0\0\0\0\0\0\x04\0\0\0\x0b\0\
\0\0\x18\x10\0\0\0\0\0\0\x04\0\0\0\x0b\0\0\0\x28\x10\0\0\0\0\0\0\x04\0\0\0\x0b\
\0\0\0\x38\x10\0\0\0\0\0\0\x04\0\0\0\x0b\0\0\0\x48\x10\0\0\0\0\0\0\x04\0\0\0\
\x0b\0\0\0\x58\x10\0\0\0\0\0\0\x04\0\0\0\x0b\0\0\0\x68\x10\0\0\0\0\0\0\x04\0\0\
\0\x0b\0\0\0\x78\x10\0\0\0\0\0\0\x04\0\0\0\x0b\0\0\0\x88\x10\0\0\0\0\0\0\x04\0\
\0\0\x0b\0\0\0\x98\x10\0\0\0\0\0\0\x04\0\0\0\x0b\0\0\0\xa8\x10\0\0\0\0\0\0\x04\
\0\0\0\x0b\0\0\0\xb8\x10\0\0\0\0\0\0\x04\0\0\0\x0b\0\0\0\xc8\x10\0\0\0\0\0\0\
\x04\0\0\0\x0b\0\0\0\xd8\x10\0\0\0\0\0\0\x04\0\0\0\x0b\0\0\0\xe8\x10\0\0\0\0\0\
\0\x04\0\0\0\x0b\0\0\0\xf8\x10\0\0\0\0\0\0\x04\0\0\0\x0b\0\0\0\x08\x11\0\0\0\0\
\0\0\x04\0\0\0\x0b\0\0\0\x18\x11\0\0\0\0\0\0\x04\0\0\0\x0b\0\0\0\x28\x11\0\0\0\
\0\0\0\x04\0\0\0\x0b\0\0\0\x38\x11\0\0\0\0\0\0\x04\0\0\0\x0b\0\0\0\x48\x11\0\0\
\0\0\0\0\x04\0\0\0\x0b\0\0\0\x58\x11\0\0\0\0\0\0\x04\0\0\0\x0b\0\0\0\x68\x11\0\
\0\0\0\0\0\x04\0\0\0\x0b\0\0\0\x78\x11\0\0\0\0\0\0\x04\0\0\0\x0b\0\0\0\x88\x11\
\0\0\0\0\0\0\x04\0\0\0\x0b\0\0\0\x98\x11\0\0\0\0\0\0\x04\0\0\0\x0b\0\0\0\xa8\
\x11\0\0\0\0\0\0\x04\0\0\0\x0b\0\0\0\xb8\x11\0\0\0\0\0\0\x04\0\0\0\x0b\0\0\0\
\xc8\x11\0\0\0\0\0\0\x04\0\0\0\x0b\0\0\0\xd8\x11\0\0\0\0\0\0\x04\0\0\0\x0b\0\0\
\0\xe8\x11\0\0\0\0\0\0\x04\0\0\0\x0b\0\0\0\xf8\x11\0\0\0\0\0\0\x04\0\0\0\x0b\0\
\0\0\x08\x12\0\0\0\0\0\0\x04\0\0\0\x0b\0\0\0\x18\x12\0\0\0\0\0\0\x04\0\0\0\x0b\
\0\0\0\x28\x12\0\0\0\0\0\0\x04\0\0\0\x0b\0\0\0\x38\x12\0\0\0\0\0\0\x04\0\0\0\
\x0b\0\0\0\x48\x12\0\0\0\0\0\0\x04\0\0\0\x0b\0\0\0\x58\x12\0\0\0\0\0\0\x04\0\0\
\0\x0b\0\0\0\x68\x12\0\0\0\0\0\0\x04\0\0\0\x0b\0\0\0\x78\x12\0\0\0\0\0\0\x04\0\
\0\0\x0b\0\0\0\x88\x12\0\0\0\0\0\0\x04\0\0\0\x0b\0\0\0\x98\x12\0\0\0\0\0\0\x04\
\0\0\0\x0b\0\0\0\xa8\x12\0\0\0\0\0\0\x04\0\0\0\x0b\0\0\0\xb8\x12\0\0\0\0\0\0\
\x04\0\0\0\x0b\0\0\0\xc8\x12\0\0\0\0\0\0\x04\0\0\0\x0b\0\0\0\xd8\x12\0\0\0\0\0\
\0\x04\0\0\0\x0b\0\0\0\xe8\x12\0\0\0\0\0\0\x04\0\0\0\x0b\0\0\0\xf8\x12\0\0\0\0\
\0\0\x04\0\0\0\x0b\0\0\0\x08\x13\0\0\0\0\0\0\x04\0\0\0\x0b\0\0\0\x18\x13\0\0\0\
\0\0\0\x04\0\0\0\x0b\0\0\0\x28\x13\0\0\0\0\0\0\x04\0\0\0\x0b\0\0\0\x38\x13\0\0\
\0\0\0\0\x04\0\0\0\x0b\0\0\0\x48\x13\0\0\0\0\0\0\x04\0\0\0\x0b\0\0\0\x58\x13\0\
\0\0\0\0\0\x04\0\0\0\x0b\0\0\0\x68\x13\0\0\0\0\0\0\x04\0\0\0\x0b\0\0\0\x78\x13\
\0\0\0\0\0\0\x04\0\0\0\x0b\0\0\0\x88\x13\0\0\0\0\0\0\x04\0\0\0\x0b\0\0\0\x98\
\x13\0\0\0\0\0\0\x04\0\0\0\x0b\0\0\0\xa8\x13\0\0\0\0\0\0\x04\0\0\0\x0b\0\0\0\
\xb8\x13\0\0\0\0\0\0\x04\0\0\0\x0b\0\0\0\xc8\x13\0\0\0\0\0\0\x04\0\0\0\x0b\0\0\
\0\xd8\x13\0\0\0\0\0\0\x04\0\0\0\x0b\0\0\0\xe8\x13\0\0\0\0\0\0\x04\0\0\0\x0b\0\
\0\0\xf8\x13\0\0\0\0\0\0\x04\0\0\0\x0b\0\0\0\x08\x14\0\0\0\0\0\0\x04\0\0\0\x0b\
\0\0\0\x18\x14\0\0\0\0\0\0\x04\0\0\0\x0b\0\0\0\x28\x14\0\0\0\0\0\0\x04\0\0\0\
\x0b\0\0\0\x38\x14\0\0\0\0\0\0\x04\0\0\0\x0b\0\0\0\x48\x14\0\0\0\0\0\0\x04\0\0\
\0\x0b\0\0\0\x58\x14\0\0\0\0\0\0\x04\0\0\0\x0b\0\0\0\x68\x14\0\0\0\0\0\0\x04\0\
\0\0\x0b\0\0\0\x78\x14\0\0\0\0\0\0\x04\0\0\0\x0b\0\0\0\x88\x14\0\0\0\0\0\0\x04\
\0\0\0\x0b\0\0\0\x98\x14\0\0\0\0\0\0\x04\0\0\0\x0b\0\0\0\xa8\x14\0\0\0\0\0\0\
\x04\0\0\0\x0b\0\0\0\xb8\x14\0\0\0\0\0\0\x04\0\0\0\x0b\0\0\0\xc8\x14\0\0\0\0\0\
\0\x04\0\0\0\x0b\0\0\0\xd8\x14\0\0\0\0\0\0\x04\0\0\0\x0b\0\0\0\xe8\x14\0\0\0\0\
\0\0\x04\0\0\0\x0b\0\0\0\xf8\x14\0\0\0\0\0\0\x04\0\0\0\x0b\0\0\0\x08\x15\0\0\0\
\0\0\0\x04\0\0\0\x0b\0\0\0\x18\x15\0\0\0\0\0\0\x04\0\0\0\x0b\0\0\0\x28\x15\0\0\
\0\0\0\0\x04\0\0\0\x0b\0\0\0\x44\x15\0\0\0\0\0\0\x04\0\0\0\x01\0\0\0\x54\x15\0\
\0\0\0\0\0\x04\0\0\0\x01\0\0\0\x64\x15\0\0\0\0\0\0\x04\0\0\0\x01\0\0\0\x74\x15\
\0\0\0\0\0\0\x04\0\0\0\x01\0\0\0\x84\x15\0\0\0\0\0\0\x04\0\0\0\x01\0\0\0\x94\
\x15\0\0\0\0\0\0\x04\0\0\0\x01\0\0\0\xa4\x15\0\0\0\0\0\0\x04\0\0\0\x01\0\0\0\
\xb4\x15\0\0\0\0\0\0\x04\0\0\0\x01\0\0\0\xc4\x15\0\0\0\0\0\0\x04\0\0\0\x01\0\0\
\0\xd4\x15\0\0\0\0\0\0\x04\0\0\0\x01\0\0\0\xe4\x15\0\0\0\0\0\0\x04\0\0\0\x01\0\
\0\0\xf4\x15\0\0\0\0\0\0\x04\0\0\0\x01\0\0\0\x04\x16\0\0\0\0\0\0\x04\0\0\0\x01\
\0\0\0\x14\x16\0\0\0\0\0\0\x04\0\0\0\x01\0\0\0\x24\x16\0\0\0\0\0\0\x04\0\0\0\
\x01\0\0\0\x34\x16\0\0\0\0\0\0\x04\0\0\0\x01\0\0\0\x44\x16\0\0\0\0\0\0\x04\0\0\
\0\x01\0\0\0\x54\x16\0\0\0\0\0\0\x04\0\0\0\x01\0\0\0\x64\x16\0\0\0\0\0\0\x04\0\
\0\0\x01\0\0\0\x74\x16\0\0\0\0\0\0\x04\0\0\0\x01\0\0\0\x84\x16\0\0\0\0\0\0\x04\
\0\0\0\x01\0\0\0\x94\x16\0\0\0\0\0\0\x04\0\0\0\x01\0\0\0\xa4\x16\0\0\0\0\0\0\
\x04\0\0\0\x01\0\0\0\xb4\x16\0\0\0\0\0\0\x04\0\0\0\x01\0\0\0\xc4\x16\0\0\0\0\0\
\0\x04\0\0\0\x01\0\0\0\xd4\x16\0\0\0\0\0\0\x04\0\0\0\x01\0\0\0\xe4\x16\0\0\0\0\
\0\0\x04\0\0\0\x01\0\0\0\xf4\x16\0\0\0\0\0\0\x04\0\0\0\x01\0\0\0\x04\x17\0\0\0\
\0\0\0\x04\0\0\0\x01\0\0\0\x14\x17\0\0\0\0\0\0\x04\0\0\0\x01\0\0\0\x24\x17\0\0\
\0\0\0\0\x04\0\0\0\x01\0\0\0\x34\x17\0\0\0\0\0\0\x04\0\0\0\x01\0\0\0\x44\x17\0\
\0\0\0\0\0\x04\0\0\0\x01\0\0\0\x54\x17\0\0\0\0\0\0\x04\0\0\0\x01\0\0\0\x64\x17\
\0\0\0\0\0\0\x04\0\0\0\x01\0\0\0\x74\x17\0\0\0\0\0\0\x04\0\0\0\x01\0\0\0\x84\
\x17\0\0\0\0\0\0\x04\0\0\0\x01\0\0\0\x94\x17\0\0\0\0\0\0\x04\0\0\0\x01\0\0\0\
\xa4\x17\0\0\0\0\0\0\x04\0\0\0\x01\0\0\0\xb4\x17\0\0\0\0\0\0\x04\0\0\0\x01\0\0\
\0\xc4\x17\0\0\0\0\0\0\x04\0\0\0\x01\0\0\0\xd4\x17\0\0\0\0\0\0\x04\0\0\0\x01\0\
\0\0\xe4\x17\0\0\0\0\0\0\x04\0\0\0\x01\0\0\0\xf4\x17\0\0\0\0\0\0\x04\0\0\0\x01\
\0\0\0\x04\x18\0\0\0\0\0\0\x04\0\0\0\x01\0\0\0\x14\x18\0\0\0\0\0\0\x04\0\0\0\
\x01\0\0\0\x24\x18\0\0\0\0\0\0\x04\0\0\0\x01\0\0\0\x34\x18\0\0\0\0\0\0\x04\0\0\
\0\x01\0\0\0\x44\x18\0\0\0\0\0\0\x04\0\0\0\x01\0\0\0\x54\x18\0\0\0\0\0\0\x04\0\
\0\0\x01\0\0\0\x64\x18\0\0\0\0\0\0\x04\0\0\0\x01\0\0\0\x74\x18\0\0\0\0\0\0\x04\
\0\0\0\x01\0\0\0\x84\x18\0\0\0\0\0\0\x04\0\0\0\x01\0\0\0\x94\x18\0\0\0\0\0\0\
\x04\0\0\0\x01\0\0\0\xa4\x18\0\0\0\0\0\0\x04\0\0\0\x01\0\0\0\xbc\x18\0\0\0\0\0\
\0\x04\0\0\0\x0b\0\0\0\xcc\x18\0\0\0\0\0\0\x04\0\0\0\x0b\0\0\0\xdc\x18\0\0\0\0\
\0\0\x04\0\0\0\x0b\0\0\0\xec\x18\0\0\0\0\0\0\x04\0\0\0\x0b\0\0\0\xfc\x18\0\0\0\
\0\0\0\x04\0\0\0\x0b\0\0\0\x0c\x19\0\0\0\0\0\0\x04\0\0\0\x0b\0\0\0\x1c\x19\0\0\
\0\0\0\0\x04\0\0\0\x0b\0\0\0\x2c\x19\0\0\0\0\0\0\x04\0\0\0\x0b\0\0\0\x3c\x19\0\
\0\0\0\0\0\x04\0\0\0\x0b\0\0\0\x4c\x19\0\0\0\0\0\0\x04\0\0\0\x0b\0\0\0\x5c\x19\
\0\0\0\0\0\0\x04\0\0\0\x0b\0\0\0\x6c\x19\0\0\0\0\0\0\x04\0\0\0\x0b\0\0\0\x7c\
\x19\0\0\0\0\0\0\x04\0\0\0\x0b\0\0\0\x8c\x19\0\0\0\0\0\0\x04\0\0\0\x0b\0\0\0\
\x9c\x19\0\0\0\0\0\0\x04\0\0\0\x0b\0\0\0\xac\x19\0\0\0\0\0\0\x04\0\0\0\x0b\0\0\
\0\xbc\x19\0\0\0\0\0\0\x04\0\0\0\x0b\0\0\0\xcc\x19\0\0\0\0\0\0\x04\0\0\0\x0b\0\
\0\0\xdc\x19\0\0\0\0\0\0\x04\0\0\0\x0b\0\0\0\xec\x19\0\0\0\0\0\0\x04\0\0\0\x0b\
\0\0\0\xfc\x19\0\0\0\0\0\0\x04\0\0\0\x0b\0\0\0\x0c\x1a\0\0\0\0\0\0\x04\0\0\0\
\x0b\0\0\0\x20\x22\x23\x21\0\x2e\x74\x65\x78\x74\0\x2e\x72\x65\x6c\x2e\x42\x54\
\x46\x2e\x65\x78\x74\0\x68\x61\x6e\x64\x6c\x65\x5f\x73\x63\x68\x65\x64\x5f\x70\
\x72\x6f\x63\x65\x73\x73\x5f\x65\x78\x69\x74\0\x2e\x72\x65\x6c\x72\x61\x77\x5f\
\x74\x72\x61\x63\x65\x70\x6f\x69\x6e\x74\x2f\x73\x63\x68\x65\x64\x5f\x70\x72\
\x6f\x63\x65\x73\x73\x5f\x65\x78\x69\x74\0\x2e\x6d\x61\x70\x73\0\x2e\x6c\x6c\
\x76\x6d\x5f\x61\x64\x64\x72\x73\x69\x67\0\x6c\x69\x63\x65\x6e\x73\x65\0\x68\
\x61\x6e\x64\x6c\x65\x5f\x73\x63\x68\x65\x64\x5f\x70\x72\x6f\x63\x65\x73\x73\
\x5f\x65\x78\x65\x63\0\x2e\x72\x65\x6c\x72\x61\x77\x5f\x74\x72\x61\x63\x65\x70\
\x6f\x69\x6e\x74\x2f\x73\x63\x68\x65\x64\x5f\x70\x72\x6f\x63\x65\x73\x73\x5f\
\x65\x78\x65\x63\0\x72\x62\0\x2e\x73\x74\x72\x74\x61\x62\0\x2e\x73\x79\x6d\x74\
\x61\x62\0\x2e\x72\x65\x6c\x2e\x42\x54\x46\0\x4c\x49\x43\x45\x4e\x53\x45\0\x4c\
\x42\x42\x31\x5f\x39\0\x4c\x42\x42\x31\x5f\x31\x39\0\x4c\x42\x42\x30\x5f\x38\0\
\x4c\x42\x42\x31\x5f\x36\0\x4c\x42\x42\x30\x5f\x36\0\x4c\x42\x42\x31\x5f\x31\
\x36\0\x4c\x42\x42\x30\x5f\x31\x36\0\x4c\x42\x42\x30\x5f\x31\x35\0\x4c\x42\x42\
\x31\x5f\x34\0\x4c\x42\x42\x30\x5f\x34\0\x4c\x42\x42\x31\x5f\x31\x34\0\x4c\x42\
\x42\x31\x5f\x33\0\x4c\x42\x42\x30\x5f\x33\0\x4c\x42\x42\x31\x5f\x31\x32\0\x4c\
\x42\x42\x30\x5f\x31\x32\0\x4c\x42\x42\x30\x5f\x31\x31\0\x4c\x42\x42\x31\x5f\
\x32\x30\0\x4c\x42\x42\x31\x5f\x31\x30\0\x4c\x42\x42\x30\x5f\x31\x30\0\0\0\0\0\
\0\0\0\0\0\0\0\0\0\0\0\0\0\0\0\0\0\0\0\0\0\0\0\0\0\0\0\0\0\0\0\0\0\0\0\0\0\0\0\
\0\0\0\0\0\0\0\0\0\0\0\0\0\0\0\0\0\0\0\0\0\xb3\0\0\0\x03\0\0\0\0\0\0\0\0\0\0\0\
\0\0\0\0\0\0\0\0\x64\xbf\x01\0\0\0\0\0\x64\x01\0\0\0\0\0\0\0\0\0\0\0\0\0\0\x01\
\0\0\0\0\0\0\0\0\0\0\0\0\0\0\0\x01\0\0\0\x01\0\0\0\x06\0\0\0\0\0\0\0\0\0\0\0\0\
\0\0\0\x40\0\0\0\0\0\0\0\0\0\0\0\0\0\0\0\0\0\0\0\0\0\0\0\x04\0\0\0\0\0\0\0\0\0\
\0\0\0\0\0\0\x8e\0\0\0\x01\0\0\0\x06\0\0\0\0\0\0\0\0\0\0\0\0\0\0\0\x40\0\0\0\0\
\0\0\0\x58\x15\0\0\0\0\0\0\0\0\0\0\0\0\0\0\x08\0\0\0\0\0\0\0\0\0\0\0\0\0\0\0\
\x8a\0\0\0\x09\0\0\0\x40\0\0\0\0\0\0\0\0\0\0\0\0\0\0\0\x50\xa5\x01\0\0\0\0\0\
\x10\0\0\0\0\0\0\0\x0e\0\0\0\x03\0\0\0\x08\0\0\0\0\0\0\0\x10\0\0\0\0\0\0\0\x32\
\0\0\0\x01\0\0\0\x06\0\0\0\0\0\0\0\0\0\0\0\0\0\0\0\x98\x15\0\0\0\0\0\0\xe0\x08\
\0\0\0\0\0\0\0\0\0\0\0\0\0\0\x08\0\0\0\0\0\0\0\0\0\0\0\0\0\0\0\x2e\0\0\0\x09\0\
\0\0\x40\0\0\0\0\0\0\0\0\0\0\0\0\0\0\0\x60\xa5\x01\0\0\0\0\0\x10\0\0\0\0\0\0\0\
\x0e\0\0\0\x05\0\0\0\x08\0\0\0\0\0\0\0\x10\0\0\0\0\0\0\0\x68\0\0\0\x01\0\0\0\
\x02\0\0\0\0\0\0\0\0\0\0\0\0\0\0\0\x78\x1e\0\0\0\0\0\0\x0d\0\0\0\0\0\0\0\0\0\0\
\0\0\0\0\0\x01\0\0\0\0\0\0\0\0\0\0\0\0\0\0\0\x54\0\0\0\x01\0\0\0\x03\0\0\0\0\0\
\0\0\0\0\0\0\0\0\0\0\x88\x1e\0\0\0\0\0\0\x10\0\0\0\0\0\0\0\0\0\0\0\0\0\0\0\x08\
\0\0\0\0\0\0\0\0\0\0\0\0\0\0\0\xc7\0\0\0\x01\0\0\0\0\0\0\0\0\0\0\0\0\0\0\0\0\0\
\0\0\x98\x1e\0\0\0\0\0\0\x25\x6a\x01\0\0\0\0\0\0\0\0\0\0\0\0\0\x04\0\0\0\0\0\0\
\0\0\0\0\0\0\0\0\0\xc3\0\0\0\x09\0\0\0\x40\0\0\0\0\0\0\0\0\0\0\0\0\0\0\0\x70\
\xa5\x01\0\0\0\0\0\x20\0\0\0\0\0\0\0\x0e\0\0\0\x09\0\0\0\x08\0\0\0\0\0\0\0\x10\
\0\0\0\0\0\0\0\x0b\0\0\0\x01\0\0\0\0\0\0\0\0\0\0\0\0\0\0\0\0\0\0\0\xc0\x88\x01\
\0\0\0\0\0\x1c\x1a\0\0\0\0\0\0\0\0\0\0\0\0\0\0\x04\0\0\0\0\0\0\0\0\0\0\0\0\0\0\
\0\x07\0\0\0\x09\0\0\0\x40\0\0\0\0\0\0\0\0\0\0\0\0\0\0\0\x90\xa5\x01\0\0\0\0\0\
\xd0\x19\0\0\0\0\0\0\x0e\0\0\0\x0b\0\0\0\x08\0\0\0\0\0\0\0\x10\0\0\0\0\0\0\0\
\x5a\0\0\0\x03\x4c\xff\x6f\0\0\0\x80\0\0\0\0\0\0\0\0\0\0\0\0\x60\xbf\x01\0\0\0\
\0\0\x04\0\0\0\0\0\0\0\0\0\0\0\0\0\0\0\x01\0\0\0\0\0\0\0\0\0\0\0\0\0\0\0\xbb\0\
\0\0\x02\0\0\0\0\0\0\0\0\0\0\0\0\0\0\0\0\0\0\0\xe0\xa2\x01\0\0\0\0\0\x70\x02\0\
\0\0\0\0\0\x01\0\0\0\x16\0\0\0\x08\0\0\0\0\0\0\0\x18\0\0\0\0\0\0\0";
}

#ifdef __cplusplus
struct process_bpf *process_bpf::open(const struct bpf_object_open_opts *opts) { return process_bpf__open_opts(opts); }
struct process_bpf *process_bpf::open_and_load() { return process_bpf__open_and_load(); }
int process_bpf::load(struct process_bpf *skel) { return process_bpf__load(skel); }
int process_bpf::attach(struct process_bpf *skel) { return process_bpf__attach(skel); }
void process_bpf::detach(struct process_bpf *skel) { process_bpf__detach(skel); }
void process_bpf::destroy(struct process_bpf *skel) { process_bpf__destroy(skel); }
const void *process_bpf::elf_bytes(size_t *sz) { return process_bpf__elf_bytes(sz); }
#endif /* __cplusplus */

__attribute__((unused)) static void
process_bpf__assert(struct process_bpf *s __attribute__((unused)))
{
#ifdef __cplusplus
#define _Static_assert static_assert
#endif
#ifdef __cplusplus
#undef _Static_assert
#endif
}

#endif /* __PROCESS_BPF_SKEL_H__ */
