/* SPDX-License-Identifier: (LGPL-2.1 OR BSD-2-Clause) */

/* THIS FILE IS AUTOGENERATED BY BPFTOOL! */
#ifndef __PROCESS_BPF_SKEL_H__
#define __PROCESS_BPF_SKEL_H__

#include <errno.h>
#include <stdlib.h>
#include <bpf/libbpf.h>

struct process_bpf {
	struct bpf_object_skeleton *skeleton;
	struct bpf_object *obj;
	struct {
		struct bpf_map *rb;
	} maps;
	struct {
		struct bpf_program *handle_sched_process_exec;
		struct bpf_program *handle_sched_process_exit;
	} progs;
	struct {
		struct bpf_link *handle_sched_process_exec;
		struct bpf_link *handle_sched_process_exit;
	} links;

#ifdef __cplusplus
	static inline struct process_bpf *open(const struct bpf_object_open_opts *opts = nullptr);
	static inline struct process_bpf *open_and_load();
	static inline int load(struct process_bpf *skel);
	static inline int attach(struct process_bpf *skel);
	static inline void detach(struct process_bpf *skel);
	static inline void destroy(struct process_bpf *skel);
	static inline const void *elf_bytes(size_t *sz);
#endif /* __cplusplus */
};

static void
process_bpf__destroy(struct process_bpf *obj)
{
	if (!obj)
		return;
	if (obj->skeleton)
		bpf_object__destroy_skeleton(obj->skeleton);
	free(obj);
}

static inline int
process_bpf__create_skeleton(struct process_bpf *obj);

static inline struct process_bpf *
process_bpf__open_opts(const struct bpf_object_open_opts *opts)
{
	struct process_bpf *obj;
	int err;

	obj = (struct process_bpf *)calloc(1, sizeof(*obj));
	if (!obj) {
		errno = ENOMEM;
		return NULL;
	}

	err = process_bpf__create_skeleton(obj);
	if (err)
		goto err_out;

	err = bpf_object__open_skeleton(obj->skeleton, opts);
	if (err)
		goto err_out;

	return obj;
err_out:
	process_bpf__destroy(obj);
	errno = -err;
	return NULL;
}

static inline struct process_bpf *
process_bpf__open(void)
{
	return process_bpf__open_opts(NULL);
}

static inline int
process_bpf__load(struct process_bpf *obj)
{
	return bpf_object__load_skeleton(obj->skeleton);
}

static inline struct process_bpf *
process_bpf__open_and_load(void)
{
	struct process_bpf *obj;
	int err;

	obj = process_bpf__open();
	if (!obj)
		return NULL;
	err = process_bpf__load(obj);
	if (err) {
		process_bpf__destroy(obj);
		errno = -err;
		return NULL;
	}
	return obj;
}

static inline int
process_bpf__attach(struct process_bpf *obj)
{
	return bpf_object__attach_skeleton(obj->skeleton);
}

static inline void
process_bpf__detach(struct process_bpf *obj)
{
	return bpf_object__detach_skeleton(obj->skeleton);
}

static inline const void *process_bpf__elf_bytes(size_t *sz);

static inline int
process_bpf__create_skeleton(struct process_bpf *obj)
{
	struct bpf_object_skeleton *s;
	int err;

	s = (struct bpf_object_skeleton *)calloc(1, sizeof(*s));
	if (!s)	{
		err = -ENOMEM;
		goto err;
	}

	s->sz = sizeof(*s);
	s->name = "process_bpf";
	s->obj = &obj->obj;

	/* maps */
	s->map_cnt = 1;
	s->map_skel_sz = sizeof(*s->maps);
	s->maps = (struct bpf_map_skeleton *)calloc(s->map_cnt, s->map_skel_sz);
	if (!s->maps) {
		err = -ENOMEM;
		goto err;
	}

	s->maps[0].name = "rb";
	s->maps[0].map = &obj->maps.rb;

	/* programs */
	s->prog_cnt = 2;
	s->prog_skel_sz = sizeof(*s->progs);
	s->progs = (struct bpf_prog_skeleton *)calloc(s->prog_cnt, s->prog_skel_sz);
	if (!s->progs) {
		err = -ENOMEM;
		goto err;
	}

	s->progs[0].name = "handle_sched_process_exec";
	s->progs[0].prog = &obj->progs.handle_sched_process_exec;
	s->progs[0].link = &obj->links.handle_sched_process_exec;

	s->progs[1].name = "handle_sched_process_exit";
	s->progs[1].prog = &obj->progs.handle_sched_process_exit;
	s->progs[1].link = &obj->links.handle_sched_process_exit;

	s->data = (void *)process_bpf__elf_bytes(&s->data_sz);

	obj->skeleton = s;
	return 0;
err:
	bpf_object__destroy_skeleton(s);
	return err;
}

static inline const void *process_bpf__elf_bytes(size_t *sz)
{
	*sz = 156056;
	return (const void *)"\
\x7f\x45\x4c\x46\x02\x01\x01\0\0\0\0\0\0\0\0\0\x01\0\xf7\0\x01\0\0\0\0\0\0\0\0\
\0\0\0\0\0\0\0\0\0\0\0\xd8\x5d\x02\0\0\0\0\0\0\0\0\0\x40\0\0\0\0\0\x40\0\x0f\0\
\x01\0\xb7\x02\0\0\x4c\0\0\0\x79\x17\0\0\0\0\0\0\xbf\x73\0\0\0\0\0\0\x0f\x23\0\
\0\0\0\0\0\x79\x18\x10\0\0\0\0\0\xbf\xa1\0\0\0\0\0\0\x07\x01\0\0\xf8\xff\xff\
\xff\xb7\x02\0\0\x04\0\0\0\x85\0\0\0\x71\0\0\0\x61\xa1\xf8\xff\0\0\0\0\x57\x01\
\0\0\0\0\x20\0\x55\x01\x4a\x02\0\0\0\0\xb7\x06\0\0\0\0\0\0\x18\x01\0\0\0\0\0\0\
\0\0\0\0\0\0\0\0\xb7\x02\0\0\xb0\x04\0\0\xb7\x03\0\0\0\0\0\0\x85\0\0\0\x83\0\0\
\0\x15\0\x43\x02\0\0\0\0\x7b\x8a\xe0\xff\0\0\0\0\x7b\x0a\xd8\xff\0\0\0\0\xbf\
\x01\0\0\0\0\0\0\x63\x61\0\0\0\0\0\0\x7b\x1a\xd0\xff\0\0\0\0\x63\x61\xa8\x04\0\
\0\0\0\xb7\x01\0\0\x78\x05\0\0\x7b\x7a\xe8\xff\0\0\0\0\xbf\x73\0\0\0\0\0\0\x0f\
\x13\0\0\0\0\0\0\xbf\xa1\0\0\0\0\0\0\x07\x01\0\0\xf0\xff\xff\xff\xb7\x02\0\0\
\x08\0\0\0\x85\0\0\0\x71\0\0\0\xb7\x01\0\0\xa8\x05\0\0\x79\xa3\xf0\xff\0\0\0\0\
\x0f\x13\0\0\0\0\0\0\xbf\xa1\0\0\0\0\0\0\x07\x01\0\0\xf8\xff\xff\xff\xb7\x02\0\
\0\x08\0\0\0\x85\0\0\0\x71\0\0\0\xb7\x06\0\0\x40\0\0\0\x79\xa9\xf8\xff\0\0\0\0\
\x05\0\x06\0\0\0\0\0\x07\x06\0\0\xff\xff\xff\xff\xbf\x61\0\0\0\0\0\0\x67\x01\0\
\0\x20\0\0\0\x77\x01\0\0\x20\0\0\0\xbf\x89\0\0\0\0\0\0\x15\x01\x20\0\0\0\0\0\
\xbf\x93\0\0\0\0\0\0\xb7\x01\0\0\x78\x05\0\0\x0f\x13\0\0\0\0\0\0\xbf\xa1\0\0\0\
\0\0\0\x07\x01\0\0\xf0\xff\xff\xff\xb7\x02\0\0\x08\0\0\0\x85\0\0\0\x71\0\0\0\
\x79\xa3\xf0\xff\0\0\0\0\xb7\x01\0\0\xa8\x05\0\0\x0f\x13\0\0\0\0\0\0\xbf\xa1\0\
\0\0\0\0\0\x07\x01\0\0\xf8\xff\xff\xff\xb7\x02\0\0\x08\0\0\0\x85\0\0\0\x71\0\0\
\0\x79\xa8\xf8\xff\0\0\0\0\x15\x08\x10\0\0\0\0\0\xbf\x93\0\0\0\0\0\0\xb7\x07\0\
\0\x08\x08\0\0\x0f\x73\0\0\0\0\0\0\xbf\xa1\0\0\0\0\0\0\x07\x01\0\0\xf8\xff\xff\
\xff\xb7\x02\0\0\x08\0\0\0\x85\0\0\0\x71\0\0\0\xbf\x83\0\0\0\0\0\0\x0f\x73\0\0\
\0\0\0\0\x79\xa7\xf8\xff\0\0\0\0\xbf\xa1\0\0\0\0\0\0\x07\x01\0\0\xf8\xff\xff\
\xff\xb7\x02\0\0\x08\0\0\0\x85\0\0\0\x71\0\0\0\x79\xa1\xf8\xff\0\0\0\0\x1d\x17\
\xda\xff\0\0\0\0\xb7\x01\0\0\x6c\x05\0\0\xbf\x93\0\0\0\0\0\0\x0f\x13\0\0\0\0\0\
\0\xbf\xa1\0\0\0\0\0\0\x07\x01\0\0\xf8\xff\xff\xff\xb7\x02\0\0\x04\0\0\0\x85\0\
\0\0\x71\0\0\0\x61\xa1\xf8\xff\0\0\0\0\x79\xa8\xd0\xff\0\0\0\0\x63\x18\x0c\0\0\
\0\0\0\xb7\x06\0\0\xa0\x06\0\0\x0f\x69\0\0\0\0\0\0\xbf\xa1\0\0\0\0\0\0\x07\x01\
\0\0\xf8\xff\xff\xff\xb7\x02\0\0\x08\0\0\0\xbf\x93\0\0\0\0\0\0\x85\0\0\0\x71\0\
\0\0\x79\xa1\xf8\xff\0\0\0\0\x7b\x18\x18\0\0\0\0\0\xb7\x01\0\0\xa8\x05\0\0\x79\
\xa7\xe8\xff\0\0\0\0\xbf\x73\0\0\0\0\0\0\x0f\x13\0\0\0\0\0\0\xbf\xa1\0\0\0\0\0\
\0\x07\x01\0\0\xf0\xff\xff\xff\xb7\x02\0\0\x08\0\0\0\x85\0\0\0\x71\0\0\0\x79\
\xa3\xf0\xff\0\0\0\0\x0f\x63\0\0\0\0\0\0\xbf\xa1\0\0\0\0\0\0\x07\x01\0\0\xf8\
\xff\xff\xff\xb7\x02\0\0\x08\0\0\0\x85\0\0\0\x71\0\0\0\x79\xa1\xf8\xff\0\0\0\0\
\x7b\x18\x10\0\0\0\0\0\xbf\x73\0\0\0\0\0\0\xb7\x01\0\0\x6c\x05\0\0\x0f\x13\0\0\
\0\0\0\0\xbf\x89\0\0\0\0\0\0\xbf\xa1\0\0\0\0\0\0\x07\x01\0\0\xf8\xff\xff\xff\
\xb7\x02\0\0\x04\0\0\0\x85\0\0\0\x71\0\0\0\x61\xa1\xf8\xff\0\0\0\0\x63\x19\x08\
\0\0\0\0\0\xb7\x01\0\0\x10\x07\0\0\xbf\x78\0\0\0\0\0\0\x0f\x18\0\0\0\0\0\0\xbf\
\xa1\0\0\0\0\0\0\x07\x01\0\0\xf8\xff\xff\xff\xb7\x02\0\0\x08\0\0\0\xbf\x83\0\0\
\0\0\0\0\x85\0\0\0\x71\0\0\0\xb7\x01\0\0\x14\0\0\0\x79\xa3\xf8\xff\0\0\0\0\x0f\
\x13\0\0\0\0\0\0\xbf\xa1\0\0\0\0\0\0\x07\x01\0\0\xf0\xff\xff\xff\xb7\x02\0\0\
\x04\0\0\0\x85\0\0\0\x71\0\0\0\x61\xa1\xf0\xff\0\0\0\0\x63\x19\x24\x02\0\0\0\0\
\xbf\xa1\0\0\0\0\0\0\x07\x01\0\0\xf8\xff\xff\xff\xb7\x02\0\0\x08\0\0\0\xbf\x83\
\0\0\0\0\0\0\x85\0\0\0\x71\0\0\0\xb7\x01\0\0\x18\0\0\0\x79\xa3\xf8\xff\0\0\0\0\
\x0f\x13\0\0\0\0\0\0\xbf\xa1\0\0\0\0\0\0\x07\x01\0\0\xf0\xff\xff\xff\xb7\x02\0\
\0\x04\0\0\0\x85\0\0\0\x71\0\0\0\x61\xa1\xf0\xff\0\0\0\0\x63\x19\x28\x02\0\0\0\
\0\xb7\x01\0\0\xb0\x04\0\0\x0f\x17\0\0\0\0\0\0\xbf\xa1\0\0\0\0\0\0\x07\x01\0\0\
\xf0\xff\xff\xff\xb7\x02\0\0\x08\0\0\0\xbf\x73\0\0\0\0\0\0\x85\0\0\0\x71\0\0\0\
\xb7\x01\0\0\x28\x01\0\0\x79\xa3\xf0\xff\0\0\0\0\x0f\x13\0\0\0\0\0\0\xbf\xa1\0\
\0\0\0\0\0\x07\x01\0\0\xf8\xff\xff\xff\xb7\x02\0\0\x08\0\0\0\x85\0\0\0\x71\0\0\
\0\x79\xa8\xf8\xff\0\0\0\0\xbf\xa1\0\0\0\0\0\0\x07\x01\0\0\xf0\xff\xff\xff\xb7\
\x02\0\0\x08\0\0\0\xbf\x73\0\0\0\0\0\0\x85\0\0\0\x71\0\0\0\xb7\x01\0\0\x30\x01\
\0\0\x79\xa3\xf0\xff\0\0\0\0\x0f\x13\0\0\0\0\0\0\xbf\xa1\0\0\0\0\0\0\x07\x01\0\
\0\xf8\xff\xff\xff\xb7\x02\0\0\x08\0\0\0\x85\0\0\0\x71\0\0\0\x79\xa2\xf8\xff\0\
\0\0\0\x1f\x82\0\0\0\0\0\0\xb7\x01\0\0\0\x02\0\0\x2d\x21\x01\0\0\0\0\0\xb7\x02\
\0\0\0\x02\0\0\x63\x29\x20\x02\0\0\0\0\x79\xa1\xd8\xff\0\0\0\0\x07\x01\0\0\x20\
\0\0\0\xbf\x83\0\0\0\0\0\0\x85\0\0\0\x70\0\0\0\x61\x91\x20\x02\0\0\0\0\x55\x01\
\x02\0\0\x02\0\0\xb7\x01\0\0\0\0\0\0\x73\x19\x1f\x02\0\0\0\0\xb7\x01\0\0\x78\
\x07\0\0\x79\xa8\xe8\xff\0\0\0\0\x0f\x18\0\0\0\0\0\0\xbf\xa7\0\0\0\0\0\0\x07\
\x07\0\0\xf8\xff\xff\xff\xbf\x71\0\0\0\0\0\0\xb7\x02\0\0\x08\0\0\0\xbf\x83\0\0\
\0\0\0\0\x85\0\0\0\x71\0\0\0\xb7\x01\0\0\x20\0\0\0\x79\xa3\xf8\xff\0\0\0\0\x0f\
\x13\0\0\0\0\0\0\xbf\x71\0\0\0\0\0\0\xb7\x02\0\0\x08\0\0\0\x85\0\0\0\x71\0\0\0\
\xb7\x01\0\0\x78\0\0\0\x79\xa3\xf8\xff\0\0\0\0\x0f\x13\0\0\0\0\0\0\xbf\xa1\0\0\
\0\0\0\0\x07\x01\0\0\xf0\xff\xff\xff\xb7\x02\0\0\x04\0\0\0\x85\0\0\0\x71\0\0\0\
\x61\xa1\xf0\xff\0\0\0\0\x7b\x19\x78\x04\0\0\0\0\xbf\xa7\0\0\0\0\0\0\x07\x07\0\
\0\xf8\xff\xff\xff\xbf\x71\0\0\0\0\0\0\xb7\x02\0\0\x08\0\0\0\xbf\x83\0\0\0\0\0\
\0\x85\0\0\0\x71\0\0\0\xb7\x01\0\0\x18\0\0\0\x79\xa3\xf8\xff\0\0\0\0\x0f\x13\0\
\0\0\0\0\0\xbf\x71\0\0\0\0\0\0\xb7\x02\0\0\x08\0\0\0\x85\0\0\0\x71\0\0\0\xb7\
\x01\0\0\x10\0\0\0\x79\xa3\xf8\xff\0\0\0\0\x0f\x13\0\0\0\0\0\0\xbf\xa1\0\0\0\0\
\0\0\x07\x01\0\0\xf0\xff\xff\xff\xb7\x02\0\0\x04\0\0\0\x85\0\0\0\x71\0\0\0\x61\
\xa1\xf0\xff\0\0\0\0\x7b\x19\x90\x04\0\0\0\0\xbf\xa7\0\0\0\0\0\0\x07\x07\0\0\
\xf8\xff\xff\xff\xbf\x71\0\0\0\0\0\0\xb7\x02\0\0\x08\0\0\0\xbf\x83\0\0\0\0\0\0\
\x85\0\0\0\x71\0\0\0\xb7\x01\0\0\x40\0\0\0\x79\xa3\xf8\xff\0\0\0\0\x0f\x13\0\0\
\0\0\0\0\xbf\x71\0\0\0\0\0\0\xb7\x02\0\0\x08\0\0\0\x85\0\0\0\x71\0\0\0\xb7\x01\
\0\0\x10\0\0\0\x79\xa3\xf8\xff\0\0\0\0\x0f\x13\0\0\0\0\0\0\xbf\xa1\0\0\0\0\0\0\
\x07\x01\0\0\xf0\xff\xff\xff\xb7\x02\0\0\x04\0\0\0\x85\0\0\0\x71\0\0\0\x61\xa1\
\xf0\xff\0\0\0\0\x7b\x19\x70\x04\0\0\0\0\xbf\xa7\0\0\0\0\0\0\x07\x07\0\0\xf8\
\xff\xff\xff\xbf\x71\0\0\0\0\0\0\xb7\x02\0\0\x08\0\0\0\xbf\x83\0\0\0\0\0\0\x85\
\0\0\0\x71\0\0\0\xb7\x01\0\0\x10\0\0\0\x79\xa3\xf8\xff\0\0\0\0\x0f\x13\0\0\0\0\
\0\0\xbf\x71\0\0\0\0\0\0\xb7\x02\0\0\x08\0\0\0\x85\0\0\0\x71\0\0\0\xb7\x01\0\0\
\x30\x03\0\0\x79\xa3\xf8\xff\0\0\0\0\x0f\x13\0\0\0\0\0\0\xbf\xa1\0\0\0\0\0\0\
\x07\x01\0\0\xf0\xff\xff\xff\xb7\x02\0\0\x04\0\0\0\x85\0\0\0\x71\0\0\0\x61\xa1\
\xf0\xff\0\0\0\0\x7b\x19\xa0\x04\0\0\0\0\xbf\xa7\0\0\0\0\0\0\x07\x07\0\0\xf8\
\xff\xff\xff\xbf\x71\0\0\0\0\0\0\xb7\x02\0\0\x08\0\0\0\xbf\x83\0\0\0\0\0\0\x85\
\0\0\0\x71\0\0\0\xb7\x01\0\0\x28\0\0\0\x79\xa3\xf8\xff\0\0\0\0\x0f\x13\0\0\0\0\
\0\0\xbf\x71\0\0\0\0\0\0\xb7\x02\0\0\x08\0\0\0\x85\0\0\0\x71\0\0\0\xb7\x01\0\0\
\x88\0\0\0\x79\xa3\xf8\xff\0\0\0\0\x0f\x13\0\0\0\0\0\0\xbf\xa1\0\0\0\0\0\0\x07\
\x01\0\0\xf0\xff\xff\xff\xb7\x02\0\0\x04\0\0\0\x85\0\0\0\x71\0\0\0\x61\xa1\xf0\
\xff\0\0\0\0\x7b\x19\x98\x04\0\0\0\0\xbf\xa7\0\0\0\0\0\0\x07\x07\0\0\xf8\xff\
\xff\xff\xbf\x71\0\0\0\0\0\0\xb7\x02\0\0\x08\0\0\0\xbf\x83\0\0\0\0\0\0\x85\0\0\
\0\x71\0\0\0\xb7\x06\0\0\x08\0\0\0\x79\xa3\xf8\xff\0\0\0\0\x0f\x63\0\0\0\0\0\0\
\xbf\x71\0\0\0\0\0\0\xb7\x02\0\0\x08\0\0\0\x85\0\0\0\x71\0\0\0\xb7\x01\0\0\x88\
\x01\0\0\x79\xa3\xf8\xff\0\0\0\0\x0f\x13\0\0\0\0\0\0\xbf\x71\0\0\0\0\0\0\xb7\
\x02\0\0\x08\0\0\0\x85\0\0\0\x71\0\0\0\xb7\x01\0\0\0\x01\0\0\x79\xa3\xf8\xff\0\
\0\0\0\x0f\x13\0\0\0\0\0\0\xbf\xa1\0\0\0\0\0\0\x07\x01\0\0\xf0\xff\xff\xff\xb7\
\x02\0\0\x04\0\0\0\x85\0\0\0\x71\0\0\0\x61\xa1\xf0\xff\0\0\0\0\x7b\x19\x80\x04\
\0\0\0\0\xbf\xa7\0\0\0\0\0\0\x07\x07\0\0\xf8\xff\xff\xff\xbf\x71\0\0\0\0\0\0\
\xb7\x02\0\0\x08\0\0\0\xbf\x83\0\0\0\0\0\0\x85\0\0\0\x71\0\0\0\x79\xa3\xf8\xff\
\0\0\0\0\x0f\x63\0\0\0\0\0\0\xbf\x71\0\0\0\0\0\0\xb7\x02\0\0\x08\0\0\0\x85\0\0\
\0\x71\0\0\0\xb7\x01\0\0\xa8\x01\0\0\x79\xa3\xf8\xff\0\0\0\0\x0f\x13\0\0\0\0\0\
\0\xbf\xa1\0\0\0\0\0\0\x07\x01\0\0\xf0\xff\xff\xff\xb7\x02\0\0\x04\0\0\0\x85\0\
\0\0\x71\0\0\0\x61\xa1\xf0\xff\0\0\0\0\x7b\x19\x88\x04\0\0\0\0\xb7\x01\0\0\x40\
\0\0\0\x79\xa8\xe0\xff\0\0\0\0\x0f\x18\0\0\0\0\0\0\xbf\xa7\0\0\0\0\0\0\x07\x07\
\0\0\xf0\xff\xff\xff\xbf\x71\0\0\0\0\0\0\xb7\x02\0\0\x08\0\0\0\xbf\x83\0\0\0\0\
\0\0\x85\0\0\0\x71\0\0\0\xb7\x06\0\0\x28\0\0\0\x79\xa3\xf0\xff\0\0\0\0\x0f\x63\
\0\0\0\0\0\0\xbf\x71\0\0\0\0\0\0\xb7\x02\0\0\x08\0\0\0\x85\0\0\0\x71\0\0\0\xb7\
\x01\0\0\x40\0\0\0\x79\xa3\xf0\xff\0\0\0\0\x0f\x13\0\0\0\0\0\0\xbf\xa1\0\0\0\0\
\0\0\x07\x01\0\0\xf8\xff\xff\xff\xb7\x02\0\0\x08\0\0\0\x85\0\0\0\x71\0\0\0\x79\
\xa1\xf8\xff\0\0\0\0\x63\x19\x3c\x04\0\0\0\0\xbf\xa7\0\0\0\0\0\0\x07\x07\0\0\
\xf8\xff\xff\xff\xbf\x71\0\0\0\0\0\0\xb7\x02\0\0\x08\0\0\0\xbf\x83\0\0\0\0\0\0\
\x85\0\0\0\x71\0\0\0\x79\xa3\xf8\xff\0\0\0\0\x0f\x63\0\0\0\0\0\0\xbf\x71\0\0\0\
\0\0\0\xb7\x02\0\0\x08\0\0\0\x85\0\0\0\x71\0\0\0\xb7\x01\0\0\x04\0\0\0\x79\xa3\
\xf8\xff\0\0\0\0\x0f\x13\0\0\0\0\0\0\xbf\xa1\0\0\0\0\0\0\x07\x01\0\0\xf0\xff\
\xff\xff\xb7\x02\0\0\x04\0\0\0\x85\0\0\0\x71\0\0\0\x61\xa1\xf0\xff\0\0\0\0\x63\
\x19\x40\x04\0\0\0\0\xbf\xa7\0\0\0\0\0\0\x07\x07\0\0\xf8\xff\xff\xff\xbf\x71\0\
\0\0\0\0\0\xb7\x02\0\0\x08\0\0\0\xbf\x83\0\0\0\0\0\0\x85\0\0\0\x71\0\0\0\x79\
\xa3\xf8\xff\0\0\0\0\x0f\x63\0\0\0\0\0\0\xbf\x71\0\0\0\0\0\0\xb7\x02\0\0\x08\0\
\0\0\x85\0\0\0\x71\0\0\0\xb7\x01\0\0\x08\0\0\0\x79\xa3\xf8\xff\0\0\0\0\x0f\x13\
\0\0\0\0\0\0\xbf\xa1\0\0\0\0\0\0\x07\x01\0\0\xf0\xff\xff\xff\xb7\x02\0\0\x04\0\
\0\0\x85\0\0\0\x71\0\0\0\x61\xa1\xf0\xff\0\0\0\0\x63\x19\x44\x04\0\0\0\0\xbf\
\xa7\0\0\0\0\0\0\x07\x07\0\0\xf8\xff\xff\xff\xbf\x71\0\0\0\0\0\0\xb7\x02\0\0\
\x08\0\0\0\xbf\x83\0\0\0\0\0\0\x85\0\0\0\x71\0\0\0\x79\xa3\xf8\xff\0\0\0\0\x0f\
\x63\0\0\0\0\0\0\xbf\x71\0\0\0\0\0\0\xb7\x02\0\0\x08\0\0\0\x85\0\0\0\x71\0\0\0\
\xb7\x01\0\0\0\0\0\0\x79\xa3\xf8\xff\0\0\0\0\x0f\x13\0\0\0\0\0\0\xbf\xa1\0\0\0\
\0\0\0\x07\x01\0\0\xf0\xff\xff\xff\xb7\x02\0\0\x02\0\0\0\x85\0\0\0\x71\0\0\0\
\x69\xa1\xf0\xff\0\0\0\0\x6b\x19\x48\x04\0\0\0\0\xbf\xa7\0\0\0\0\0\0\x07\x07\0\
\0\xf0\xff\xff\xff\xbf\x71\0\0\0\0\0\0\xb7\x02\0\0\x08\0\0\0\xbf\x83\0\0\0\0\0\
\0\x85\0\0\0\x71\0\0\0\x79\xa3\xf0\xff\0\0\0\0\x0f\x63\0\0\0\0\0\0\xbf\x71\0\0\
\0\0\0\0\xb7\x02\0\0\x08\0\0\0\x85\0\0\0\x71\0\0\0\xb7\x01\0\0\x68\0\0\0\x79\
\xa3\xf0\xff\0\0\0\0\x0f\x13\0\0\0\0\0\0\xbf\xa1\0\0\0\0\0\0\x07\x01\0\0\xf8\
\xff\xff\xff\xb7\x02\0\0\x08\0\0\0\x85\0\0\0\x71\0\0\0\x79\xa1\xf8\xff\0\0\0\0\
\x7b\x19\x50\x04\0\0\0\0\xbf\xa7\0\0\0\0\0\0\x07\x07\0\0\xf0\xff\xff\xff\xbf\
\x71\0\0\0\0\0\0\xb7\x02\0\0\x08\0\0\0\xbf\x83\0\0\0\0\0\0\x85\0\0\0\x71\0\0\0\
\x79\xa3\xf0\xff\0\0\0\0\x0f\x63\0\0\0\0\0\0\xbf\x71\0\0\0\0\0\0\xb7\x02\0\0\
\x08\0\0\0\x85\0\0\0\x71\0\0\0\xb7\x01\0\0\x70\0\0\0\x79\xa3\xf0\xff\0\0\0\0\
\x0f\x13\0\0\0\0\0\0\xbf\xa1\0\0\0\0\0\0\x07\x01\0\0\xf8\xff\xff\xff\xb7\x02\0\
\0\x08\0\0\0\x85\0\0\0\x71\0\0\0\x79\xa1\xf8\xff\0\0\0\0\x7b\x19\x58\x04\0\0\0\
\0\xbf\xa7\0\0\0\0\0\0\x07\x07\0\0\xf0\xff\xff\xff\xbf\x71\0\0\0\0\0\0\xb7\x02\
\0\0\x08\0\0\0\xbf\x83\0\0\0\0\0\0\x85\0\0\0\x71\0\0\0\x79\xa3\xf0\xff\0\0\0\0\
\x0f\x63\0\0\0\0\0\0\xbf\x71\0\0\0\0\0\0\xb7\x02\0\0\x08\0\0\0\x85\0\0\0\x71\0\
\0\0\xb7\x01\0\0\x78\0\0\0\x79\xa3\xf0\xff\0\0\0\0\x0f\x13\0\0\0\0\0\0\xbf\xa1\
\0\0\0\0\0\0\x07\x01\0\0\xf8\xff\xff\xff\xb7\x02\0\0\x08\0\0\0\x85\0\0\0\x71\0\
\0\0\x79\xa1\xf8\xff\0\0\0\0\x7b\x19\x60\x04\0\0\0\0\xbf\xa7\0\0\0\0\0\0\x07\
\x07\0\0\xf0\xff\xff\xff\xbf\x71\0\0\0\0\0\0\xb7\x02\0\0\x08\0\0\0\xbf\x83\0\0\
\0\0\0\0\x85\0\0\0\x71\0\0\0\x79\xa3\xf0\xff\0\0\0\0\x0f\x63\0\0\0\0\0\0\xbf\
\x71\0\0\0\0\0\0\xb7\x02\0\0\x08\0\0\0\x85\0\0\0\x71\0\0\0\xb7\x01\0\0\x80\0\0\
\0\x79\xa3\xf0\xff\0\0\0\0\x0f\x13\0\0\0\0\0\0\xbf\xa1\0\0\0\0\0\0\x07\x01\0\0\
\xf8\xff\xff\xff\xb7\x02\0\0\x08\0\0\0\x85\0\0\0\x71\0\0\0\x79\xa1\xf8\xff\0\0\
\0\0\x7b\x19\x68\x04\0\0\0\0\xbf\xa7\0\0\0\0\0\0\x07\x07\0\0\xf8\xff\xff\xff\
\xbf\x71\0\0\0\0\0\0\xb7\x02\0\0\x08\0\0\0\xbf\x83\0\0\0\0\0\0\x85\0\0\0\x71\0\
\0\0\x79\xa3\xf8\xff\0\0\0\0\x0f\x63\0\0\0\0\0\0\xbf\x71\0\0\0\0\0\0\xb7\x02\0\
\0\x08\0\0\0\x85\0\0\0\x71\0\0\0\xb7\x01\0\0\x28\0\0\0\x79\xa3\xf8\xff\0\0\0\0\
\x0f\x13\0\0\0\0\0\0\xbf\x71\0\0\0\0\0\0\xb7\x02\0\0\x08\0\0\0\x85\0\0\0\x71\0\
\0\0\xb7\x01\0\0\x10\0\0\0\x79\xa3\xf8\xff\0\0\0\0\x0f\x13\0\0\0\0\0\0\xbf\xa1\
\0\0\0\0\0\0\x07\x01\0\0\xf0\xff\xff\xff\xb7\x02\0\0\x04\0\0\0\x85\0\0\0\x71\0\
\0\0\x18\x01\0\0\0\0\xf0\xff\0\0\0\0\0\0\0\0\x61\xa2\xf0\xff\0\0\0\0\xbf\x23\0\
\0\0\0\0\0\x67\x03\0\0\x0c\0\0\0\x5f\x13\0\0\0\0\0\0\xbf\x21\0\0\0\0\0\0\x57\
\x01\0\0\xff\0\0\0\x77\x02\0\0\x0c\0\0\0\x57\x02\0\0\0\xff\x0f\0\x4f\x12\0\0\0\
\0\0\0\x4f\x32\0\0\0\0\0\0\x63\x29\x38\x04\0\0\0\0\xb7\x01\0\0\x68\0\0\0\x79\
\xa3\xe0\xff\0\0\0\0\x0f\x13\0\0\0\0\0\0\xbf\xa1\0\0\0\0\0\0\x07\x01\0\0\xf8\
\xff\xff\xff\xb7\x02\0\0\x08\0\0\0\x85\0\0\0\x71\0\0\0\x79\xa3\xf8\xff\0\0\0\0\
\x79\xa1\xd8\xff\0\0\0\0\x07\x01\0\0\x30\x02\0\0\xb7\x02\0\0\0\x02\0\0\x85\0\0\
\0\x2d\0\0\0\xb7\x01\0\0\x78\x05\0\0\x79\xa3\xe8\xff\0\0\0\0\x0f\x13\0\0\0\0\0\
\0\xbf\xa7\0\0\0\0\0\0\x07\x07\0\0\xf8\xff\xff\xff\xbf\x71\0\0\0\0\0\0\xb7\x02\
\0\0\x08\0\0\0\x85\0\0\0\x71\0\0\0\x79\xa3\xf8\xff\0\0\0\0\xb7\x01\0\0\x78\x07\
\0\0\x0f\x13\0\0\0\0\0\0\xbf\x71\0\0\0\0\0\0\xb7\x02\0\0\x08\0\0\0\x85\0\0\0\
\x71\0\0\0\x79\xa3\xf8\xff\0\0\0\0\xb7\x01\0\0\x18\0\0\0\x0f\x13\0\0\0\0\0\0\
\xbf\x71\0\0\0\0\0\0\xb7\x02\0\0\x08\0\0\0\x85\0\0\0\x71\0\0\0\x79\xa3\xf8\xff\
\0\0\0\0\xb7\x01\0\0\x10\0\0\0\x0f\x13\0\0\0\0\0\0\xbf\xa1\0\0\0\0\0\0\x07\x01\
\0\0\xf0\xff\xff\xff\xb7\x02\0\0\x04\0\0\0\x85\0\0\0\x71\0\0\0\x61\xa1\xf0\xff\
\0\0\0\0\x7b\x19\x30\x04\0\0\0\0\xbf\x91\0\0\0\0\0\0\xb7\x02\0\0\0\0\0\0\x85\0\
\0\0\x84\0\0\0\xb7\0\0\0\0\0\0\0\x95\0\0\0\0\0\0\0\xb7\x02\0\0\x4c\0\0\0\x79\
\x19\0\0\0\0\0\0\xbf\x93\0\0\0\0\0\0\x0f\x23\0\0\0\0\0\0\xbf\xa1\0\0\0\0\0\0\
\x07\x01\0\0\xf8\xff\xff\xff\xb7\x02\0\0\x04\0\0\0\x85\0\0\0\x71\0\0\0\x61\xa1\
\xf8\xff\0\0\0\0\x57\x01\0\0\0\0\x20\0\x55\x01\x0f\x01\0\0\0\0\xb7\x01\0\0\x68\
\x05\0\0\xbf\x93\0\0\0\0\0\0\x0f\x13\0\0\0\0\0\0\xbf\xa1\0\0\0\0\0\0\x07\x01\0\
\0\xf8\xff\xff\xff\xb7\x02\0\0\x04\0\0\0\x85\0\0\0\x71\0\0\0\xb7\x01\0\0\x6c\
\x05\0\0\xbf\x93\0\0\0\0\0\0\x0f\x13\0\0\0\0\0\0\x61\xa6\xf8\xff\0\0\0\0\xbf\
\xa1\0\0\0\0\0\0\x07\x01\0\0\xf8\xff\xff\xff\xb7\x02\0\0\x04\0\0\0\x85\0\0\0\
\x71\0\0\0\x61\xa1\xf8\xff\0\0\0\0\x5d\x16\xfe\0\0\0\0\0\xb7\x07\0\0\x40\0\0\0\
\x7b\x9a\xe8\xff\0\0\0\0\x05\0\x06\0\0\0\0\0\x07\x07\0\0\xff\xff\xff\xff\xbf\
\x71\0\0\0\0\0\0\x67\x01\0\0\x20\0\0\0\x77\x01\0\0\x20\0\0\0\xbf\x89\0\0\0\0\0\
\0\x15\x01\x20\0\0\0\0\0\xbf\x93\0\0\0\0\0\0\xb7\x01\0\0\x78\x05\0\0\x0f\x13\0\
\0\0\0\0\0\xbf\xa1\0\0\0\0\0\0\x07\x01\0\0\xf0\xff\xff\xff\xb7\x02\0\0\x08\0\0\
\0\x85\0\0\0\x71\0\0\0\x79\xa3\xf0\xff\0\0\0\0\xb7\x01\0\0\xa8\x05\0\0\x0f\x13\
\0\0\0\0\0\0\xbf\xa1\0\0\0\0\0\0\x07\x01\0\0\xf8\xff\xff\xff\xb7\x02\0\0\x08\0\
\0\0\x85\0\0\0\x71\0\0\0\x79\xa8\xf8\xff\0\0\0\0\x15\x08\x10\0\0\0\0\0\xbf\x93\
\0\0\0\0\0\0\xb7\x06\0\0\x08\x08\0\0\x0f\x63\0\0\0\0\0\0\xbf\xa1\0\0\0\0\0\0\
\x07\x01\0\0\xf8\xff\xff\xff\xb7\x02\0\0\x08\0\0\0\x85\0\0\0\x71\0\0\0\xbf\x83\
\0\0\0\0\0\0\x0f\x63\0\0\0\0\0\0\x79\xa6\xf8\xff\0\0\0\0\xbf\xa1\0\0\0\0\0\0\
\x07\x01\0\0\xf8\xff\xff\xff\xb7\x02\0\0\x08\0\0\0\x85\0\0\0\x71\0\0\0\x79\xa1\
\xf8\xff\0\0\0\0\x1d\x16\xda\xff\0\0\0\0\x79\xa7\xe8\xff\0\0\0\0\x5d\x79\xd3\0\
\0\0\0\0\xb7\x06\0\0\0\0\0\0\x18\x01\0\0\0\0\0\0\0\0\0\0\0\0\0\0\xb7\x02\0\0\
\xb0\x04\0\0\xb7\x03\0\0\0\0\0\0\x85\0\0\0\x83\0\0\0\x15\0\xcc\0\0\0\0\0\x7b\
\x0a\xd8\xff\0\0\0\0\xbf\x02\0\0\0\0\0\0\xb7\x01\0\0\x01\0\0\0\x63\x12\0\0\0\0\
\0\0\x7b\x2a\xe0\xff\0\0\0\0\x63\x62\xa8\x04\0\0\0\0\xb7\x01\0\0\x78\x05\0\0\
\xbf\x73\0\0\0\0\0\0\x0f\x13\0\0\0\0\0\0\xbf\xa1\0\0\0\0\0\0\x07\x01\0\0\xf0\
\xff\xff\xff\xb7\x02\0\0\x08\0\0\0\x85\0\0\0\x71\0\0\0\xb7\x01\0\0\xa8\x05\0\0\
\x79\xa3\xf0\xff\0\0\0\0\x0f\x13\0\0\0\0\0\0\xbf\xa1\0\0\0\0\0\0\x07\x01\0\0\
\xf8\xff\xff\xff\xb7\x02\0\0\x08\0\0\0\x85\0\0\0\x71\0\0\0\xb7\x08\0\0\x40\0\0\
\0\x79\xa7\xf8\xff\0\0\0\0\x05\0\x06\0\0\0\0\0\x07\x08\0\0\xff\xff\xff\xff\xbf\
\x81\0\0\0\0\0\0\x67\x01\0\0\x20\0\0\0\x77\x01\0\0\x20\0\0\0\xbf\x97\0\0\0\0\0\
\0\x15\x01\x20\0\0\0\0\0\xbf\x73\0\0\0\0\0\0\xb7\x01\0\0\x78\x05\0\0\x0f\x13\0\
\0\0\0\0\0\xbf\xa1\0\0\0\0\0\0\x07\x01\0\0\xf0\xff\xff\xff\xb7\x02\0\0\x08\0\0\
\0\x85\0\0\0\x71\0\0\0\x79\xa3\xf0\xff\0\0\0\0\xb7\x01\0\0\xa8\x05\0\0\x0f\x13\
\0\0\0\0\0\0\xbf\xa1\0\0\0\0\0\0\x07\x01\0\0\xf8\xff\xff\xff\xb7\x02\0\0\x08\0\
\0\0\x85\0\0\0\x71\0\0\0\x79\xa9\xf8\xff\0\0\0\0\x15\x09\x10\0\0\0\0\0\xbf\x73\
\0\0\0\0\0\0\xb7\x06\0\0\x08\x08\0\0\x0f\x63\0\0\0\0\0\0\xbf\xa1\0\0\0\0\0\0\
\x07\x01\0\0\xf8\xff\xff\xff\xb7\x02\0\0\x08\0\0\0\x85\0\0\0\x71\0\0\0\xbf\x93\
\0\0\0\0\0\0\x0f\x63\0\0\0\0\0\0\x79\xa6\xf8\xff\0\0\0\0\xbf\xa1\0\0\0\0\0\0\
\x07\x01\0\0\xf8\xff\xff\xff\xb7\x02\0\0\x08\0\0\0\x85\0\0\0\x71\0\0\0\x79\xa1\
\xf8\xff\0\0\0\0\x1d\x16\xda\xff\0\0\0\0\xb7\x09\0\0\x6c\x05\0\0\xbf\x73\0\0\0\
\0\0\0\x0f\x93\0\0\0\0\0\0\xbf\xa1\0\0\0\0\0\0\x07\x01\0\0\xf8\xff\xff\xff\xb7\
\x02\0\0\x04\0\0\0\x85\0\0\0\x71\0\0\0\x61\xa1\xf8\xff\0\0\0\0\x79\xa6\xe0\xff\
\0\0\0\0\x63\x16\x0c\0\0\0\0\0\xb7\x08\0\0\xa0\x06\0\0\x0f\x87\0\0\0\0\0\0\xbf\
\xa1\0\0\0\0\0\0\x07\x01\0\0\xf8\xff\xff\xff\xb7\x02\0\0\x08\0\0\0\xbf\x73\0\0\
\0\0\0\0\x85\0\0\0\x71\0\0\0\x79\xa1\xf8\xff\0\0\0\0\x7b\x16\x18\0\0\0\0\0\xb7\
\x01\0\0\xa8\x05\0\0\x79\xa7\xe8\xff\0\0\0\0\xbf\x73\0\0\0\0\0\0\x0f\x13\0\0\0\
\0\0\0\xbf\xa1\0\0\0\0\0\0\x07\x01\0\0\xf0\xff\xff\xff\xb7\x02\0\0\x08\0\0\0\
\x85\0\0\0\x71\0\0\0\x79\xa3\xf0\xff\0\0\0\0\x0f\x83\0\0\0\0\0\0\xbf\xa1\0\0\0\
\0\0\0\x07\x01\0\0\xf8\xff\xff\xff\xb7\x02\0\0\x08\0\0\0\x85\0\0\0\x71\0\0\0\
\x79\xa1\xf8\xff\0\0\0\0\x7b\x16\x10\0\0\0\0\0\xbf\x73\0\0\0\0\0\0\x0f\x93\0\0\
\0\0\0\0\xbf\xa1\0\0\0\0\0\0\x07\x01\0\0\xf8\xff\xff\xff\xb7\x02\0\0\x04\0\0\0\
\x85\0\0\0\x71\0\0\0\x61\xa1\xf8\xff\0\0\0\0\x63\x16\x08\0\0\0\0\0\xb7\x01\0\0\
\x10\x07\0\0\xbf\x79\0\0\0\0\0\0\x0f\x19\0\0\0\0\0\0\xbf\xa1\0\0\0\0\0\0\x07\
\x01\0\0\xf8\xff\xff\xff\xb7\x02\0\0\x08\0\0\0\xbf\x93\0\0\0\0\0\0\x85\0\0\0\
\x71\0\0\0\xb7\x01\0\0\x14\0\0\0\x79\xa3\xf8\xff\0\0\0\0\x0f\x13\0\0\0\0\0\0\
\xbf\xa1\0\0\0\0\0\0\x07\x01\0\0\xf0\xff\xff\xff\xb7\x02\0\0\x04\0\0\0\x85\0\0\
\0\x71\0\0\0\x61\xa1\xf0\xff\0\0\0\0\x63\x16\x24\x02\0\0\0\0\xbf\xa1\0\0\0\0\0\
\0\x07\x01\0\0\xf8\xff\xff\xff\xb7\x02\0\0\x08\0\0\0\xbf\x93\0\0\0\0\0\0\x85\0\
\0\0\x71\0\0\0\xb7\x01\0\0\x18\0\0\0\x79\xa3\xf8\xff\0\0\0\0\x0f\x13\0\0\0\0\0\
\0\xbf\xa1\0\0\0\0\0\0\x07\x01\0\0\xf0\xff\xff\xff\xb7\x02\0\0\x04\0\0\0\x85\0\
\0\0\x71\0\0\0\x61\xa1\xf0\xff\0\0\0\0\x63\x16\x28\x02\0\0\0\0\xb7\x01\0\0\xb0\
\x04\0\0\xbf\x78\0\0\0\0\0\0\x0f\x18\0\0\0\0\0\0\xbf\xa1\0\0\0\0\0\0\x07\x01\0\
\0\xf0\xff\xff\xff\xb7\x02\0\0\x08\0\0\0\xbf\x83\0\0\0\0\0\0\x85\0\0\0\x71\0\0\
\0\xb7\x01\0\0\x28\x01\0\0\x79\xa3\xf0\xff\0\0\0\0\x0f\x13\0\0\0\0\0\0\xbf\xa1\
\0\0\0\0\0\0\x07\x01\0\0\xf8\xff\xff\xff\xb7\x02\0\0\x08\0\0\0\x85\0\0\0\x71\0\
\0\0\x79\xa9\xf8\xff\0\0\0\0\xbf\xa1\0\0\0\0\0\0\x07\x01\0\0\xf0\xff\xff\xff\
\xb7\x02\0\0\x08\0\0\0\xbf\x83\0\0\0\0\0\0\x85\0\0\0\x71\0\0\0\xb7\x01\0\0\x30\
\x01\0\0\x79\xa3\xf0\xff\0\0\0\0\x0f\x13\0\0\0\0\0\0\xbf\xa1\0\0\0\0\0\0\x07\
\x01\0\0\xf8\xff\xff\xff\xb7\x02\0\0\x08\0\0\0\x85\0\0\0\x71\0\0\0\x79\xa2\xf8\
\xff\0\0\0\0\x1f\x92\0\0\0\0\0\0\xb7\x01\0\0\0\x02\0\0\x2d\x21\x01\0\0\0\0\0\
\xb7\x02\0\0\0\x02\0\0\x63\x26\x20\x02\0\0\0\0\x79\xa1\xd8\xff\0\0\0\0\x07\x01\
\0\0\x20\0\0\0\xbf\x93\0\0\0\0\0\0\x85\0\0\0\x70\0\0\0\x61\x61\x20\x02\0\0\0\0\
\xbf\x67\0\0\0\0\0\0\x55\x01\x02\0\0\x02\0\0\xb7\x01\0\0\0\0\0\0\x73\x17\x1f\
\x02\0\0\0\0\xb7\x01\0\0\x88\x05\0\0\x79\xa3\xe8\xff\0\0\0\0\x0f\x13\0\0\0\0\0\
\0\xbf\xa1\0\0\0\0\0\0\x07\x01\0\0\xf8\xff\xff\xff\xb7\x02\0\0\x08\0\0\0\x85\0\
\0\0\x71\0\0\0\xb7\x01\0\0\x01\0\0\0\x79\xa6\xf8\xff\0\0\0\0\x15\x06\x0b\0\0\0\
\0\0\xb7\x01\0\0\0\0\0\0\xbf\x63\0\0\0\0\0\0\x0f\x13\0\0\0\0\0\0\xbf\xa1\0\0\0\
\0\0\0\x07\x01\0\0\xf8\xff\xff\xff\xb7\x02\0\0\x08\0\0\0\x85\0\0\0\x71\0\0\0\
\xb7\x01\0\0\x01\0\0\0\x79\xa2\xf8\xff\0\0\0\0\x1d\x26\x01\0\0\0\0\0\xb7\x01\0\
\0\0\0\0\0\x57\x01\0\0\x01\0\0\0\x73\x17\x30\x02\0\0\0\0\xbf\x71\0\0\0\0\0\0\
\xb7\x02\0\0\0\0\0\0\x85\0\0\0\x84\0\0\0\xb7\0\0\0\0\0\0\0\x95\0\0\0\0\0\0\0\
\x44\x75\x61\x6c\x20\x42\x53\x44\x2f\x47\x50\x4c\0\0\0\0\0\0\0\0\0\0\0\0\0\0\0\
\0\0\0\0\0\x9f\xeb\x01\0\x18\0\0\0\0\0\0\0\x4c\x3d\x01\0\x4c\x3d\x01\0\x0e\xd1\
\0\0\0\0\0\0\0\0\0\x02\x03\0\0\0\x01\0\0\0\0\0\0\x01\x04\0\0\0\x20\0\0\x01\0\0\
\0\0\0\0\0\x03\0\0\0\0\x02\0\0\0\x04\0\0\0\x1b\0\0\0\x05\0\0\0\0\0\0\x01\x04\0\
\0\0\x20\0\0\0\0\0\0\0\0\0\0\x02\x06\0\0\0\0\0\0\0\0\0\0\x03\0\0\0\0\x02\0\0\0\
\x04\0\0\0\0\0\x20\0\0\0\0\0\x02\0\0\x04\x10\0\0\0\x19\0\0\0\x01\0\0\0\0\0\0\0\
\x1e\0\0\0\x05\0\0\0\x40\0\0\0\x2a\0\0\0\0\0\0\x0e\x07\0\0\0\x01\0\0\0\0\0\0\0\
\0\0\0\x02\x0a\0\0\0\x2d\0\0\0\0\0\0\x01\x08\0\0\0\x40\0\0\0\0\0\0\0\x01\0\0\
\x0d\x02\0\0\0\x40\0\0\0\x09\0\0\0\x44\0\0\0\x01\0\0\x0c\x0b\0\0\0\x80\0\0\0\
\xce\0\0\x84\0\x0f\0\0\x8c\0\0\0\x0e\0\0\0\0\0\0\0\x98\0\0\0\x16\0\0\0\xc0\x01\
\0\0\xa0\0\0\0\x19\0\0\0\0\x02\0\0\xa6\0\0\0\x1a\0\0\0\x40\x02\0\0\xac\0\0\0\
\x16\0\0\0\x60\x02\0\0\xb2\0\0\0\x16\0\0\0\x80\x02\0\0\xb9\0\0\0\x02\0\0\0\xa0\
\x02\0\0\xc0\0\0\0\x1e\0\0\0\xc0\x02\0\0\xcb\0\0\0\x16\0\0\0\x40\x03\0\0\xcf\0\
\0\0\x16\0\0\0\x60\x03\0\0\xdb\0\0\0\x0f\0\0\0\x80\x03\0\0\xef\0\0\0\x25\0\0\0\
\xc0\x03\0\0\xfa\0\0\0\x02\0\0\0\0\x04\0\0\x0a\x01\0\0\x02\0\0\0\x20\x04\0\0\
\x13\x01\0\0\x02\0\0\0\x40\x04\0\0\x19\x01\0\0\x02\0\0\0\x60\x04\0\0\x1e\x01\0\
\0\x02\0\0\0\x80\x04\0\0\x2a\x01\0\0\x02\0\0\0\xa0\x04\0\0\x36\x01\0\0\x16\0\0\
\0\xc0\x04\0\0\x42\x01\0\0\x26\0\0\0\0\x05\0\0\x4e\x01\0\0\x28\0\0\0\0\x06\0\0\
\x51\x01\0\0\x47\0\0\0\0\x14\0\0\x54\x01\0\0\x49\0\0\0\x80\x15\0\0\x57\x01\0\0\
\x46\0\0\0\x80\x1c\0\0\x68\x01\0\0\x6d\0\0\0\xc0\x1c\0\0\x73\x01\0\0\x6d\0\0\0\
\0\x1d\0\0\x7a\x01\0\0\x02\0\0\0\x40\x1d\0\0\x91\x01\0\0\x16\0\0\0\x60\x1d\0\0\
\x9c\x01\0\0\x16\0\0\0\x80\x1d\0\0\xa3\x01\0\0\x02\0\0\0\xa0\x1d\0\0\xb3\x01\0\
\0\x6e\0\0\0\xc0\x1d\0\0\xbc\x01\0\0\x71\0\0\0\0\x1e\0\0\xca\x01\0\0\x70\0\0\0\
\x40\x1e\0\0\xd4\x01\0\0\x19\0\0\0\x80\x1e\0\0\xe6\x01\0\0\x24\0\0\0\xc0\x1e\0\
\0\xf9\x01\0\0\x24\0\0\0\xd0\x1e\0\0\x09\x02\0\0\x02\0\0\0\xe0\x1e\0\0\x1f\x02\
\0\0\x74\0\0\0\0\x1f\0\0\x37\x02\0\0\x2c\0\0\0\x40\x1f\0\0\x46\x02\0\0\x76\0\0\
\0\xc0\x1f\0\0\x57\x02\0\0\x0f\0\0\0\0\x20\0\0\x67\x02\0\0\x40\0\0\0\x40\x20\0\
\0\x79\x02\0\0\x40\0\0\0\x48\x20\0\0\x87\x02\0\0\x02\0\0\0\x60\x20\0\0\x9a\x02\
\0\0\x2c\0\0\0\x80\x20\0\0\xb1\x02\0\0\x02\0\0\0\0\x21\0\0\xc4\x02\0\0\x02\0\0\
\0\x20\x21\0\0\xd3\x02\0\0\x74\0\0\0\x40\x21\0\0\xe6\x02\0\0\x77\0\0\0\x60\x21\
\0\0\xf9\x02\0\0\x2c\0\0\0\x80\x21\0\0\x0a\x03\0\0\x79\0\0\0\0\x22\0\0\x15\x03\
\0\0\x2c\0\0\0\0\x23\0\0\x1b\x03\0\0\x7a\0\0\0\x80\x23\0\0\x2a\x03\0\0\x2a\0\0\
\0\xc0\x24\0\0\x3c\x03\0\0\x7b\0\0\0\x80\x25\0\0\x3f\x03\0\0\x7b\0\0\0\xc0\x25\
\0\0\x49\x03\0\0\xbb\0\0\0\0\x26\0\0\x52\x03\0\0\xcb\0\0\0\x40\x27\0\0\x5b\x03\
\0\0\x02\0\0\0\xe0\x27\0\0\x66\x03\0\0\x02\0\0\0\0\x28\0\0\x70\x03\0\0\x02\0\0\
\0\x20\x28\0\0\x7c\x03\0\0\x02\0\0\0\x40\x28\0\0\x8a\x03\0\0\x0f\0\0\0\x80\x28\
\0\0\x91\x03\0\0\x16\0\0\0\xc0\x28\0\0\x9d\x03\0\0\x16\0\0\0\xe0\x28\0\x01\xb1\
\x03\0\0\x16\0\0\0\xe1\x28\0\x01\xcb\x03\0\0\x16\0\0\0\xe2\x28\0\x01\xda\x03\0\
\0\x16\0\0\0\xe3\x28\0\x01\xf1\x03\0\0\x16\0\0\0\0\x29\0\x01\x05\x04\0\0\x16\0\
\0\0\x01\x29\0\x01\x0f\x04\0\0\x16\0\0\0\x02\x29\0\x01\x19\x04\0\0\x16\0\0\0\
\x03\x29\0\x01\x26\x04\0\0\x16\0\0\0\x04\x29\0\x01\x3a\x04\0\0\x16\0\0\0\x05\
\x29\0\x01\x41\x04\0\0\x16\0\0\0\x06\x29\0\x01\x4e\x04\0\0\x16\0\0\0\x07\x29\0\
\x01\x5a\x04\0\0\x16\0\0\0\x08\x29\0\x01\x65\x04\0\0\x0f\0\0\0\x40\x29\0\0\x72\
\x04\0\0\xcd\0\0\0\x80\x29\0\0\x80\x04\0\0\xdd\0\0\0\x40\x2b\0\0\x84\x04\0\0\
\xdd\0\0\0\x60\x2b\0\0\x89\x04\0\0\x0f\0\0\0\x80\x2b\0\0\x96\x04\0\0\x25\0\0\0\
\xc0\x2b\0\0\xa2\x04\0\0\x25\0\0\0\0\x2c\0\0\xa9\x04\0\0\x2c\0\0\0\x40\x2c\0\0\
\xb2\x04\0\0\x2c\0\0\0\xc0\x2c\0\0\xba\x04\0\0\x25\0\0\0\x40\x2d\0\0\xc7\x04\0\
\0\x2c\0\0\0\x80\x2d\0\0\xcf\x04\0\0\x2c\0\0\0\0\x2e\0\0\xdc\x04\0\0\x9b\0\0\0\
\x80\x2e\0\0\xe7\x04\0\0\xea\0\0\0\xc0\x2e\0\0\xf1\x04\0\0\x2c\0\0\0\xc0\x30\0\
\0\xfe\x04\0\0\x2c\0\0\0\x40\x31\0\0\x0a\x05\0\0\xeb\0\0\0\xc0\x31\0\0\x15\x05\
\0\0\xec\0\0\0\0\x32\0\0\x23\x05\0\0\xec\0\0\0\x40\x32\0\0\x33\x05\0\0\x19\0\0\
\0\x80\x32\0\0\x40\x05\0\0\x10\0\0\0\xc0\x32\0\0\x46\x05\0\0\x10\0\0\0\0\x33\0\
\0\x4c\x05\0\0\x10\0\0\0\x40\x33\0\0\x52\x05\0\0\xed\0\0\0\x80\x33\0\0\x5f\x05\
\0\0\x0f\0\0\0\x40\x34\0\0\x65\x05\0\0\x0f\0\0\0\x80\x34\0\0\x6c\x05\0\0\x10\0\
\0\0\xc0\x34\0\0\x77\x05\0\0\x10\0\0\0\0\x35\0\0\x86\x05\0\0\x0f\0\0\0\x40\x35\
\0\0\x8e\x05\0\0\x0f\0\0\0\x80\x35\0\0\x96\x05\0\0\xee\0\0\0\xc0\x35\0\0\xa6\
\x05\0\0\xa1\0\0\0\x40\x38\0\0\xb3\x05\0\0\xa1\0\0\0\x80\x38\0\0\xbd\x05\0\0\
\xa1\0\0\0\xc0\x38\0\0\xc2\x05\0\0\xfa\0\0\0\0\x39\0\0\xd7\x05\0\0\x83\x01\0\0\
\x40\x39\0\0\xdc\x05\0\0\x84\x01\0\0\xc0\x39\0\0\xe6\x05\0\0\x85\x01\0\0\0\x3a\
\0\0\xee\x05\0\0\x87\x01\0\0\x40\x3a\0\0\xf6\x05\0\0\x0f\0\0\0\xc0\x3a\0\0\x08\
\x06\0\0\x0f\0\0\0\0\x3b\0\0\x19\x06\0\0\x88\x01\0\0\x40\x3b\0\0\x1c\x06\0\0\
\x89\x01\0\0\x80\x3b\0\0\x22\x06\0\0\x8a\x01\0\0\xc0\x3b\0\0\x2a\x06\0\0\x8b\
\x01\0\0\0\x3c\0\0\x31\x06\0\0\x8c\x01\0\0\x40\x3c\0\0\x39\x06\0\0\x8d\x01\0\0\
\x80\x3c\0\0\x41\x06\0\0\x8d\x01\0\0\xc0\x3c\0\0\x4e\x06\0\0\x8d\x01\0\0\0\x3d\
\0\0\x5c\x06\0\0\x8f\x01\0\0\x40\x3d\0\0\x64\x06\0\0\x0f\0\0\0\0\x3e\0\0\x6e\
\x06\0\0\x10\x01\0\0\x40\x3e\0\0\x7a\x06\0\0\x16\0\0\0\x80\x3e\0\0\x87\x06\0\0\
\x63\0\0\0\xc0\x3e\0\0\x92\x06\0\0\x90\x01\0\0\0\x3f\0\0\xa0\x06\0\0\x9d\0\0\0\
\x40\x3f\0\0\xa9\x06\0\0\x16\0\0\0\x60\x3f\0\0\xb3\x06\0\0\x91\x01\0\0\x80\x3f\
\0\0\xbb\x06\0\0\x93\x01\0\0\0\x40\0\0\xcc\x06\0\0\x10\0\0\0\0\x40\0\0\xdb\x06\
\0\0\x10\0\0\0\x40\x40\0\0\xe8\x06\0\0\x8a\0\0\0\x80\x40\0\0\xf3\x06\0\0\x3a\0\
\0\0\xa0\x40\0\0\xfb\x06\0\0\x94\x01\0\0\xc0\x40\0\0\x02\x07\0\0\x35\0\0\0\0\
\x41\0\0\x0d\x07\0\0\x25\0\0\0\x80\x41\0\0\x19\x07\0\0\x96\x01\0\0\xc0\x41\0\0\
\x27\x07\0\0\x19\0\0\0\0\x42\0\0\x34\x07\0\0\x97\x01\0\0\x40\x42\0\0\x3d\x07\0\
\0\x98\x01\0\0\x80\x42\0\0\x42\x07\0\0\x99\x01\0\0\xc0\x42\0\0\x50\x07\0\0\x9a\
\x01\0\0\0\x43\0\0\x61\x07\0\0\x9b\x01\0\0\x40\x43\0\0\x6c\x07\0\0\x9c\x01\0\0\
\x80\x43\0\0\x7c\x07\0\0\x0f\0\0\0\xc0\x43\0\0\x8b\x07\0\0\x9d\x01\0\0\0\x44\0\
\0\x98\x07\0\0\x9f\x01\0\0\x40\x44\0\0\x9d\x07\0\0\x16\0\0\0\x40\x46\0\0\xa7\
\x07\0\0\x10\0\0\0\x80\x46\0\0\xb5\x07\0\0\x10\0\0\0\xc0\x46\0\0\xc2\x07\0\0\
\x10\0\0\0\0\x47\0\0\xcf\x07\0\0\xa0\x01\0\0\x40\x47\0\0\xdc\x07\0\0\xa2\x01\0\
\0\x80\x47\0\0\xed\x07\0\0\x02\0\0\0\xa0\x47\0\0\x05\x08\0\0\x02\0\0\0\xc0\x47\
\0\0\x1e\x08\0\0\xa4\x01\0\0\0\x48\0\0\x26\x08\0\0\x2c\0\0\0\x40\x48\0\0\x2e\
\x08\0\0\xa5\x01\0\0\xc0\x48\0\0\x3a\x08\0\0\xa6\x01\0\0\0\x49\0\0\x4d\x08\0\0\
\x2c\0\0\0\x40\x49\0\0\x5b\x08\0\0\xa7\x01\0\0\xc0\x49\0\0\x6a\x08\0\0\x8f\0\0\
\0\0\x4a\0\0\x7b\x08\0\0\x16\0\0\0\0\x4b\0\0\x87\x08\0\0\xae\x01\0\0\x40\x4b\0\
\0\x97\x08\0\0\x8f\0\0\0\xc0\x4b\0\0\xa8\x08\0\0\x2c\0\0\0\xc0\x4c\0\0\xb8\x08\
\0\0\xaf\x01\0\0\x40\x4d\0\0\xbd\x08\0\0\x14\0\0\0\x80\x4d\0\0\xc6\x08\0\0\x0f\
\0\0\0\xc0\x4d\0\0\xd6\x08\0\0\xb0\x01\0\0\0\x4e\0\0\0\0\0\0\xb1\x01\0\0\0\x4e\
\0\0\xde\x08\0\0\xb2\x01\0\0\x80\x4e\0\0\xea\x08\0\0\xb3\x01\0\0\xc0\x4e\0\0\
\xf4\x08\0\0\x02\0\0\0\x40\x4f\0\0\xff\x08\0\0\x02\0\0\0\x60\x4f\0\0\x10\x09\0\
\0\x0f\0\0\0\x80\x4f\0\0\x22\x09\0\0\x10\0\0\0\xc0\x4f\0\0\x31\x09\0\0\x10\0\0\
\0\0\x50\0\0\x48\x09\0\0\x02\0\0\0\x40\x50\0\0\x57\x09\0\0\x02\0\0\0\x60\x50\0\
\0\x66\x09\0\0\xb5\x01\0\0\x80\x50\0\0\x70\x09\0\0\x0a\0\0\0\xc0\x50\0\0\x81\
\x09\0\0\x1c\0\0\0\0\x51\0\0\x8f\x09\0\0\x1c\0\0\0\x20\x51\0\0\xa3\x09\0\0\x0f\
\0\0\0\x40\x51\0\0\xa9\x09\0\0\x0f\0\0\0\x80\x51\0\0\xb9\x09\0\0\xb6\x01\0\0\
\xc0\x51\0\0\xc8\x09\0\0\xb7\x01\0\0\0\x52\0\0\xce\x09\0\0\xb8\x01\0\0\x40\x52\
\0\0\xd8\x09\0\0\x02\0\0\0\x40\x52\0\0\xeb\x09\0\0\x25\0\0\0\x80\x52\0\0\xfb\
\x09\0\0\xb9\x01\0\0\xc0\x52\0\0\x0c\x0a\0\0\xbd\x01\0\0\0\x54\0\0\x1a\x0a\0\0\
\x1a\0\0\0\x40\x54\0\0\x29\x0a\0\0\x19\0\0\0\x80\x54\0\0\x32\x0a\0\0\xbe\x01\0\
\0\xc0\x54\0\0\x3e\x0a\0\0\xbf\x01\0\0\0\x55\0\0\x46\x0a\0\0\xc0\x01\0\0\x40\
\x55\0\0\x5a\x0a\0\0\xc1\x01\0\0\x80\x55\0\0\x8c\0\0\0\x07\0\0\x04\x38\0\0\0\
\xac\0\0\0\x0f\0\0\0\0\0\0\0\x61\x0a\0\0\x10\0\0\0\x40\0\0\0\0\0\0\0\x12\0\0\0\
\x80\0\0\0\x67\x0a\0\0\x16\0\0\0\xc0\0\0\0\x73\x0a\0\0\x17\0\0\0\0\x01\0\0\x82\
\x0a\0\0\x16\0\0\0\x40\x01\0\0\x95\x0a\0\0\x17\0\0\0\x80\x01\0\0\xab\x0a\0\0\0\
\0\0\x01\x08\0\0\0\x40\0\0\0\xb9\x0a\0\0\0\0\0\x08\x11\0\0\0\xbd\x0a\0\0\0\0\0\
\x08\x0a\0\0\0\0\0\0\0\x02\0\0\x05\x08\0\0\0\xc3\x0a\0\0\x10\0\0\0\0\0\0\0\xd1\
\x0a\0\0\x13\0\0\0\0\0\0\0\0\0\0\0\x02\0\0\x04\x08\0\0\0\xd9\x0a\0\0\x14\0\0\0\
\0\0\0\0\xdf\x0a\0\0\x14\0\0\0\x20\0\0\0\xec\x0a\0\0\0\0\0\x08\x15\0\0\0\xf0\
\x0a\0\0\0\0\0\x08\x16\0\0\0\xf6\x0a\0\0\0\0\0\x01\x04\0\0\0\x20\0\0\0\0\0\0\0\
\0\0\0\x02\x18\0\0\0\0\0\0\0\0\0\0\x0a\0\0\0\0\0\0\0\0\0\0\0\x02\0\0\0\0\x03\
\x0b\0\0\0\0\0\x08\x1b\0\0\0\x0e\x0b\0\0\x01\0\0\x04\x04\0\0\0\x1e\x0b\0\0\x1c\
\0\0\0\0\0\0\0\x23\x0b\0\0\0\0\0\x08\x1d\0\0\0\0\0\0\0\x01\0\0\x04\x04\0\0\0\
\x2c\x0b\0\0\x02\0\0\0\0\0\0\0\x34\x0b\0\0\x04\0\0\x04\x10\0\0\0\x47\x0b\0\0\
\x1f\0\0\0\0\0\0\0\0\0\0\0\x21\0\0\0\x40\0\0\0\x4d\x0b\0\0\x22\0\0\0\x60\0\0\0\
\x51\x0b\0\0\x22\0\0\0\x70\0\0\0\x55\x0b\0\0\x01\0\0\x04\x08\0\0\0\x60\x0b\0\0\
\x20\0\0\0\0\0\0\0\0\0\0\0\0\0\0\x02\x1f\0\0\0\0\0\0\0\x02\0\0\x05\x04\0\0\0\
\x65\x0b\0\0\x16\0\0\0\0\0\0\0\x6d\x0b\0\0\x1c\0\0\0\0\0\0\0\x75\x0b\0\0\0\0\0\
\x08\x23\0\0\0\x79\x0b\0\0\0\0\0\x08\x24\0\0\0\x7f\x0b\0\0\0\0\0\x01\x02\0\0\0\
\x10\0\0\0\0\0\0\0\0\0\0\x02\x0d\0\0\0\0\0\0\0\0\0\0\x02\x27\0\0\0\0\0\0\0\0\0\
\0\x0a\xd7\x06\0\0\x8e\x0b\0\0\x10\0\0\x04\xc0\x01\0\0\x9b\x0b\0\0\x29\0\0\0\0\
\0\0\0\xa0\x0b\0\0\x2a\0\0\0\x80\0\0\0\xa9\x0b\0\0\x2c\0\0\0\x40\x01\0\0\x13\
\x01\0\0\x16\0\0\0\xc0\x01\0\0\xb4\x0b\0\0\x10\0\0\0\0\x02\0\0\xbf\x0b\0\0\x10\
\0\0\0\x40\x02\0\0\xd0\x0b\0\0\x10\0\0\0\x80\x02\0\0\xd9\x0b\0\0\x10\0\0\0\xc0\
\x02\0\0\xef\x0b\0\0\x10\0\0\0\0\x03\0\0\xfd\x0b\0\0\x2e\0\0\0\x40\x03\0\0\x08\
\x0c\0\0\x02\0\0\0\0\x0a\0\0\xa2\x04\0\0\x32\0\0\0\x40\x0a\0\0\x0e\x0c\0\0\x33\
\0\0\0\x80\x0a\0\0\x15\x0c\0\0\x33\0\0\0\xc0\x0a\0\0\x1a\x0c\0\0\x0f\0\0\0\0\
\x0b\0\0\x2a\x0c\0\0\x37\0\0\0\0\x0c\0\0\x2e\x0c\0\0\x02\0\0\x04\x10\0\0\0\x3a\
\x0c\0\0\x0f\0\0\0\0\0\0\0\x41\x0c\0\0\x14\0\0\0\x40\0\0\0\x4c\x0c\0\0\x03\0\0\
\x04\x18\0\0\0\x54\x0c\0\0\x0f\0\0\0\0\0\0\0\x66\x0c\0\0\x2b\0\0\0\x40\0\0\0\
\x6f\x0c\0\0\x2b\0\0\0\x80\0\0\0\0\0\0\0\0\0\0\x02\x2a\0\0\0\x77\x0c\0\0\x02\0\
\0\x04\x10\0\0\0\x60\x0b\0\0\x2d\0\0\0\0\0\0\0\x81\x0c\0\0\x2d\0\0\0\x40\0\0\0\
\0\0\0\0\0\0\0\x02\x2c\0\0\0\x86\x0c\0\0\x1b\0\0\x04\xd8\0\0\0\x97\x0c\0\0\x10\
\0\0\0\0\0\0\0\xa2\x0c\0\0\x10\0\0\0\x40\0\0\0\xab\x0c\0\0\x10\0\0\0\x80\0\0\0\
\xb6\x0c\0\0\x10\0\0\0\xc0\0\0\0\xbf\x0c\0\0\x10\0\0\0\0\x01\0\0\xcc\x0c\0\0\
\x10\0\0\0\x40\x01\0\0\xd7\x0c\0\0\x10\0\0\0\x80\x01\0\0\xe3\x0c\0\0\x10\0\0\0\
\xc0\x01\0\0\xed\x0c\0\0\x2f\0\0\0\0\x02\0\0\xff\x0c\0\0\x10\0\0\0\x40\x02\0\0\
\x0b\x0d\0\0\x10\0\0\0\x80\x02\0\0\x15\x0d\0\0\x10\0\0\0\xc0\x02\0\0\x1e\x0d\0\
\0\x10\0\0\0\0\x03\0\0\x28\x0d\0\0\x10\0\0\0\x40\x03\0\0\x3b\x0d\0\0\x10\0\0\0\
\x80\x03\0\0\x57\x0d\0\0\x10\0\0\0\xc0\x03\0\0\x74\x0d\0\0\x10\0\0\0\0\x04\0\0\
\x8d\x0d\0\0\x10\0\0\0\x40\x04\0\0\xa2\x0d\0\0\x10\0\0\0\x80\x04\0\0\xad\x0d\0\
\0\x10\0\0\0\xc0\x04\0\0\xbd\x0d\0\0\x10\0\0\0\0\x05\0\0\xd0\x0d\0\0\x10\0\0\0\
\x40\x05\0\0\xe1\x0d\0\0\x10\0\0\0\x80\x05\0\0\xf3\x0d\0\0\x10\0\0\0\xc0\x05\0\
\0\x05\x0e\0\0\x10\0\0\0\0\x06\0\0\x20\x0e\0\0\x10\0\0\0\x40\x06\0\0\x33\x0e\0\
\0\x10\0\0\0\x80\x06\0\0\x43\x0e\0\0\0\0\0\x08\x30\0\0\0\x47\x0e\0\0\0\0\0\x08\
\x31\0\0\0\x4d\x0e\0\0\0\0\0\x01\x08\0\0\0\x40\0\0\x01\0\0\0\0\0\0\0\x02\x28\0\
\0\0\0\0\0\0\0\0\0\x02\x34\0\0\0\x0e\x0c\0\0\x21\0\0\x04\xc0\x01\0\0\x9b\x0b\0\
\0\x29\0\0\0\0\0\0\0\x57\x0e\0\0\x16\0\0\0\x80\0\0\0\x62\x0e\0\0\x16\0\0\0\xa0\
\0\0\0\x6f\x0e\0\0\x16\0\0\0\xc0\0\0\0\x81\x0e\0\0\x10\0\0\0\0\x01\0\0\x8c\x0e\
\0\0\x10\0\0\0\x40\x01\0\0\x99\x0e\0\0\x35\0\0\0\x80\x01\0\0\xa8\x0e\0\0\x32\0\
\0\0\0\x02\0\0\x60\x0b\0\0\x32\0\0\0\x40\x02\0\0\xad\x0e\0\0\x32\0\0\0\x80\x02\
\0\0\xb2\x0e\0\0\x32\0\0\0\xc0\x02\0\0\xb7\x0e\0\0\x16\0\0\0\0\x03\0\0\x2a\x0c\
\0\0\x37\0\0\0\0\x04\0\0\xc6\x0e\0\0\x39\0\0\0\0\x06\0\0\xce\x0e\0\0\x0f\0\0\0\
\0\x08\0\0\xe2\x0e\0\0\x44\0\0\0\x40\x08\0\0\xec\x0e\0\0\x44\0\0\0\x80\x08\0\0\
\xfe\x0e\0\0\x0f\0\0\0\xc0\x08\0\0\x05\x0f\0\0\x10\0\0\0\0\x09\0\0\x18\x0f\0\0\
\x32\0\0\0\x40\x09\0\0\x24\x0f\0\0\x45\0\0\0\x80\x09\0\0\x27\x0f\0\0\x02\0\0\0\
\xc0\x09\0\0\x2f\x0f\0\0\x2c\0\0\0\0\x0a\0\0\x40\x0f\0\0\x46\0\0\0\x80\x0a\0\0\
\x43\x0f\0\0\x02\0\0\0\xc0\x0a\0\0\x48\x0f\0\0\x02\0\0\0\xe0\x0a\0\0\x58\x0f\0\
\0\x2f\0\0\0\0\x0b\0\0\x6a\x0f\0\0\x10\0\0\0\x40\x0b\0\0\x7a\x0f\0\0\x10\0\0\0\
\x80\x0b\0\0\x8f\x0f\0\0\x10\0\0\0\xc0\x0b\0\0\xa9\x0f\0\0\x02\0\0\0\0\x0c\0\0\
\xb3\x0f\0\0\x02\0\0\0\x20\x0c\0\0\xc2\x0f\0\0\x2c\0\0\0\x40\x0c\0\0\xd1\x0f\0\
\0\x02\0\0\x04\x10\0\0\0\xe0\x0f\0\0\x36\0\0\0\0\0\0\0\xe8\x0f\0\0\x2b\0\0\0\
\x40\0\0\0\xe0\x0f\0\0\x01\0\0\x04\x08\0\0\0\x4c\x0c\0\0\x2b\0\0\0\0\0\0\0\xf4\
\x0f\0\0\x09\0\0\x04\x40\0\0\0\xfe\x0f\0\0\x10\0\0\0\0\0\0\0\x0f\x10\0\0\x10\0\
\0\0\x40\0\0\0\x18\x10\0\0\x10\0\0\0\x80\0\0\0\x25\x10\0\0\x14\0\0\0\xc0\0\0\0\
\x2e\x10\0\0\x14\0\0\0\xe0\0\0\0\x3d\x10\0\0\x0f\0\0\0\0\x01\0\0\x46\x10\0\0\
\x0f\0\0\0\x40\x01\0\0\x53\x10\0\0\x0f\0\0\0\x80\x01\0\0\x5c\x10\0\0\x38\0\0\0\
\xc0\x01\0\0\x5c\x10\0\0\x02\0\0\x04\x08\0\0\0\x65\x10\0\0\x16\0\0\0\0\0\0\0\
\x6e\x10\0\0\x16\0\0\0\x20\0\0\0\0\0\0\0\x05\0\0\x04\x40\0\0\0\x73\x10\0\0\x3a\
\0\0\0\0\0\0\0\x78\x10\0\0\x02\0\0\0\x20\0\0\0\x3d\x10\0\0\x0f\0\0\0\x40\0\0\0\
\x53\x10\0\0\x0f\0\0\0\x80\0\0\0\x46\x10\0\0\x0f\0\0\0\xc0\0\0\0\x7b\x10\0\0\0\
\0\0\x08\x3b\0\0\0\x8a\x10\0\0\x01\0\0\x04\x04\0\0\0\x97\x10\0\0\x3c\0\0\0\0\0\
\0\0\xa0\x10\0\0\0\0\0\x08\x3d\0\0\0\xb0\x10\0\0\x01\0\0\x04\x04\0\0\0\0\0\0\0\
\x3e\0\0\0\0\0\0\0\0\0\0\0\x03\0\0\x05\x04\0\0\0\xba\x10\0\0\x1c\0\0\0\0\0\0\0\
\0\0\0\0\x3f\0\0\0\0\0\0\0\0\0\0\0\x43\0\0\0\0\0\0\0\0\0\0\0\x02\0\0\x04\x02\0\
\0\0\xbe\x10\0\0\x40\0\0\0\0\0\0\0\x5c\x06\0\0\x40\0\0\0\x08\0\0\0\xc5\x10\0\0\
\0\0\0\x08\x41\0\0\0\xc8\x10\0\0\0\0\0\x08\x42\0\0\0\xcd\x10\0\0\0\0\0\x01\x01\
\0\0\0\x08\0\0\0\0\0\0\0\x02\0\0\x04\x04\0\0\0\xdb\x10\0\0\x22\0\0\0\0\0\0\0\
\xea\x10\0\0\x22\0\0\0\x10\0\0\0\xef\x10\0\0\0\0\0\x01\x08\0\0\0\x40\0\0\x01\0\
\0\0\0\0\0\0\x02\xd8\x06\0\0\0\0\0\0\0\0\0\x02\x53\0\0\0\xf4\x10\0\0\x07\0\0\
\x04\x30\0\0\0\x04\x11\0\0\x2c\0\0\0\0\0\0\0\x0d\x11\0\0\x0f\0\0\0\x80\0\0\0\
\x15\x11\0\0\x0f\0\0\0\xc0\0\0\0\x24\x11\0\0\x16\0\0\0\0\x01\0\0\x13\x01\0\0\
\x24\0\0\0\x20\x01\0\0\x27\x0f\0\0\x24\0\0\0\x30\x01\0\0\x2f\x11\0\0\x48\0\0\0\
\x40\x01\0\0\0\0\0\0\0\0\0\x02\x47\0\0\0\x34\x11\0\0\x10\0\0\x84\xe0\0\0\0\x4c\
\x0c\0\0\x2a\0\0\0\0\0\0\0\x44\x11\0\0\x10\0\0\0\xc0\0\0\0\x4f\x11\0\0\x10\0\0\
\0\0\x01\0\0\x5b\x11\0\0\x10\0\0\0\x40\x01\0\0\x65\x11\0\0\x10\0\0\0\x80\x01\0\
\0\x6b\x11\0\0\x10\0\0\0\xc0\x01\0\0\x76\x11\0\0\x2f\0\0\0\0\x02\0\0\x7e\x11\0\
\0\x10\0\0\0\x40\x02\0\0\xac\0\0\0\x16\0\0\0\x80\x02\0\0\x87\x11\0\0\x16\0\0\0\
\xa0\x02\0\x01\x94\x11\0\0\x16\0\0\0\xa1\x02\0\x01\x9f\x11\0\0\x16\0\0\0\xa2\
\x02\0\x01\xb1\x11\0\0\x16\0\0\0\xa3\x02\0\x01\xbc\x11\0\0\x4a\0\0\0\xc0\x02\0\
\0\xc5\x11\0\0\x4a\0\0\0\xc0\x04\0\0\xd4\x11\0\0\x52\0\0\0\xc0\x06\0\0\xda\x11\
\0\0\x08\0\0\x04\x40\0\0\0\xe2\x11\0\0\x4b\0\0\0\0\0\0\0\xe7\x11\0\0\x4c\0\0\0\
\0\x01\0\0\xf4\x11\0\0\x4d\0\0\0\x40\x01\0\0\xfd\x11\0\0\x51\0\0\0\x80\x01\0\0\
\x02\x12\0\0\x40\0\0\0\xc0\x01\0\0\x08\x12\0\0\x40\0\0\0\xc8\x01\0\0\x0f\x12\0\
\0\x40\0\0\0\xd0\x01\0\0\x17\x12\0\0\x40\0\0\0\xd8\x01\0\0\x1f\x12\0\0\x02\0\0\
\x04\x20\0\0\0\xe2\x11\0\0\x2a\0\0\0\0\0\0\0\x2f\x12\0\0\x4c\0\0\0\xc0\0\0\0\
\x37\x12\0\0\0\0\0\x08\x2f\0\0\0\0\0\0\0\0\0\0\x02\x4e\0\0\0\0\0\0\0\x01\0\0\
\x0d\x4f\0\0\0\0\0\0\0\x50\0\0\0\x3f\x12\0\0\x02\0\0\x06\x04\0\0\0\x4f\x12\0\0\
\0\0\0\0\x61\x12\0\0\x01\0\0\0\0\0\0\0\0\0\0\x02\x4a\0\0\0\0\0\0\0\0\0\0\x02\
\x04\x07\0\0\0\0\0\0\0\0\0\x02\x49\0\0\0\x71\x12\0\0\x10\0\0\x04\x80\x02\0\0\
\x7c\x12\0\0\x54\0\0\0\0\0\0\0\x4e\x01\0\0\x68\0\0\0\x40\x06\0\0\x0e\x0c\0\0\
\x69\0\0\0\x80\x06\0\0\x80\x12\0\0\x0f\0\0\0\xc0\x06\0\0\x43\x0f\0\0\x02\0\0\0\
\0\x07\0\0\x3d\x10\0\0\x5a\0\0\0\0\x08\0\0\x87\x12\0\0\x62\0\0\0\x40\x08\0\0\
\x8b\x12\0\0\x2c\0\0\0\xc0\x08\0\0\xa2\x04\0\0\x46\0\0\0\x40\x09\0\0\x90\x12\0\
\0\x2c\0\0\0\x80\x09\0\0\xa9\x04\0\0\x2c\0\0\0\0\x0a\0\0\x99\x12\0\0\x6a\0\0\0\
\x80\x0a\0\0\xa7\x12\0\0\x6b\0\0\0\x40\x11\0\0\x68\x01\0\0\x6d\0\0\0\x80\x11\0\
\0\x73\x01\0\0\x6d\0\0\0\xc0\x11\0\0\xb2\x12\0\0\x16\0\0\0\0\x12\0\0\xc4\x12\0\
\0\x0d\0\0\x04\xc8\0\0\0\xd8\x12\0\0\x55\0\0\0\0\0\0\0\xdf\x12\0\0\x56\0\0\0\
\x40\0\0\0\xe2\x12\0\0\x57\0\0\0\x80\0\0\0\xb2\x04\0\0\x2c\0\0\0\0\x01\0\0\xa9\
\x04\0\0\x2c\0\0\0\x80\x01\0\0\xe9\x12\0\0\x2c\0\0\0\0\x02\0\0\xf8\x12\0\0\x02\
\0\0\0\x80\x02\0\0\xac\0\0\0\x16\0\0\0\xa0\x02\0\0\xfb\x12\0\0\x10\0\0\0\xc0\
\x02\0\0\x05\x13\0\0\x1c\0\0\0\0\x03\0\0\x10\x13\0\0\x59\0\0\0\x40\x03\0\0\x1d\
\x13\0\0\x61\0\0\0\x40\x04\0\0\xa2\x04\0\0\x67\0\0\0\0\x06\0\0\0\0\0\0\0\0\0\
\x02\x41\x03\0\0\0\0\0\0\0\0\0\x02\x4a\x07\0\0\x2b\x13\0\0\x02\0\0\x04\x10\0\0\
\0\x36\x13\0\0\x0f\0\0\0\0\0\0\0\x47\x13\0\0\x58\0\0\0\x40\0\0\0\0\0\0\0\0\0\0\
\x02\xe7\x06\0\0\x4c\x13\0\0\x03\0\0\x04\x20\0\0\0\x47\x13\0\0\x5a\0\0\0\0\0\0\
\0\x58\x13\0\0\x2c\0\0\0\x40\0\0\0\x5e\x13\0\0\x5d\0\0\0\xc0\0\0\0\x63\x13\0\0\
\0\0\0\x08\x5b\0\0\0\x71\x13\0\0\0\0\0\x08\x5c\0\0\0\0\0\0\0\x01\0\0\x04\x08\0\
\0\0\x2c\x0b\0\0\x2f\0\0\0\0\0\0\0\x7c\x13\0\0\0\0\0\x08\x5e\0\0\0\0\0\0\0\0\0\
\0\x02\x5f\0\0\0\0\0\0\0\x01\0\0\x0d\0\0\0\0\0\0\0\0\x60\0\0\0\0\0\0\0\0\0\0\
\x02\x59\0\0\0\x88\x13\0\0\x03\0\0\x04\x38\0\0\0\x91\x13\0\0\x59\0\0\0\0\0\0\0\
\x87\x12\0\0\x62\0\0\0\0\x01\0\0\x96\x13\0\0\x66\0\0\0\x80\x01\0\0\x99\x13\0\0\
\x02\0\0\x04\x10\0\0\0\x60\x0b\0\0\x63\0\0\0\0\0\0\0\x5e\x13\0\0\x64\0\0\0\x40\
\0\0\0\0\0\0\0\0\0\0\x02\x62\0\0\0\0\0\0\0\0\0\0\x02\x65\0\0\0\0\0\0\0\x01\0\0\
\x0d\0\0\0\0\0\0\0\0\x63\0\0\0\0\0\0\0\0\0\0\x02\x56\x03\0\0\0\0\0\0\0\0\0\x02\
\x54\0\0\0\0\0\0\0\0\0\0\x02\x32\0\0\0\0\0\0\0\0\0\0\x02\x33\0\0\0\x99\x12\0\0\
\x0f\0\0\x04\xd8\0\0\0\x73\x10\0\0\x3a\0\0\0\0\0\0\0\xa7\x13\0\0\x4c\0\0\0\x40\
\0\0\0\xae\x13\0\0\x10\0\0\0\x80\0\0\0\x76\x11\0\0\x10\0\0\0\xc0\0\0\0\xb4\x13\
\0\0\x10\0\0\0\0\x01\0\0\xba\x13\0\0\x2f\0\0\0\x40\x01\0\0\x43\x0f\0\0\x40\0\0\
\0\x80\x01\0\0\xcd\x13\0\0\x40\0\0\0\x88\x01\0\0\xdb\x13\0\0\x40\0\0\0\x90\x01\
\0\0\xe9\x13\0\0\x4a\0\0\0\xc0\x01\0\0\xf6\x13\0\0\x4a\0\0\0\xc0\x03\0\0\x02\
\x14\0\0\x2c\0\0\0\xc0\x05\0\0\x13\x14\0\0\x02\0\0\0\x40\x06\0\0\x1e\x14\0\0\
\x02\0\0\0\x60\x06\0\0\x2b\x14\0\0\x10\0\0\0\x80\x06\0\0\0\0\0\0\0\0\0\x03\0\0\
\0\0\x16\0\0\0\x04\0\0\0\x02\0\0\0\x3a\x14\0\0\x04\0\0\x84\x04\0\0\0\x44\x14\0\
\0\x16\0\0\0\0\0\0\x0b\x4a\x14\0\0\x16\0\0\0\x0b\0\0\x03\x54\x14\0\0\x16\0\0\0\
\x0e\0\0\x01\x5b\x14\0\0\x16\0\0\0\x0f\0\0\x01\0\0\0\0\0\0\0\x03\0\0\0\0\x6c\0\
\0\0\x04\0\0\0\x02\0\0\0\0\0\0\0\0\0\0\x02\x6f\0\0\0\0\0\0\0\0\0\0\x0a\x70\0\0\
\0\x68\x14\0\0\0\0\0\x08\x72\0\0\0\0\0\0\0\0\0\0\x02\x70\0\0\0\x72\x14\0\0\x01\
\0\0\x04\x08\0\0\0\x7a\x14\0\0\x73\0\0\0\0\0\0\0\0\0\0\0\0\0\0\x03\0\0\0\0\x0f\
\0\0\0\x04\0\0\0\x01\0\0\0\x7f\x14\0\0\x02\0\0\x05\x04\0\0\0\x8b\x14\0\0\x75\0\
\0\0\0\0\0\0\x8d\x14\0\0\x14\0\0\0\0\0\0\0\0\0\0\0\x04\0\0\x04\x04\0\0\0\x39\
\x06\0\0\x40\0\0\0\0\0\0\0\x8f\x14\0\0\x40\0\0\0\x08\0\0\0\x97\x14\0\0\x40\0\0\
\0\x10\0\0\0\xa0\x14\0\0\x40\0\0\0\x18\0\0\0\0\0\0\0\0\0\0\x02\x3f\x07\0\0\xa8\
\x14\0\0\0\0\0\x08\x78\0\0\0\xad\x14\0\0\0\0\0\x01\x01\0\0\0\x08\0\0\x04\x0a\
\x03\0\0\x04\0\0\x04\x20\0\0\0\xb3\x14\0\0\x0f\0\0\0\0\0\0\0\xba\x14\0\0\x0a\0\
\0\0\x40\0\0\0\xc4\x14\0\0\x0a\0\0\0\x80\0\0\0\xd1\x14\0\0\x0a\0\0\0\xc0\0\0\0\
\xdd\x14\0\0\x03\0\0\x04\x28\0\0\0\x19\x01\0\0\x02\0\0\0\0\0\0\0\xe8\x14\0\0\
\x2c\0\0\0\x40\0\0\0\xf2\x14\0\0\x2c\0\0\0\xc0\0\0\0\0\0\0\0\0\0\0\x02\x7c\0\0\
\0\xfc\x14\0\0\x02\0\0\x04\x88\x03\0\0\0\0\0\0\x7d\0\0\0\0\0\0\0\x06\x15\0\0\
\xba\0\0\0\x40\x1c\0\0\0\0\0\0\x36\0\0\x04\x88\x03\0\0\x11\x15\0\0\x7e\0\0\0\0\
\0\0\0\x16\x15\0\0\x36\0\0\0\x40\0\0\0\x1c\x15\0\0\x10\0\0\0\x80\0\0\0\x2c\x15\
\0\0\x7f\0\0\0\xc0\0\0\0\x3e\x15\0\0\x0f\0\0\0\0\x01\0\0\x48\x15\0\0\x0f\0\0\0\
\x40\x01\0\0\x59\x15\0\0\x0f\0\0\0\x80\x01\0\0\x63\x15\0\0\x0f\0\0\0\xc0\x01\0\
\0\x72\x15\0\0\xa7\0\0\0\0\x02\0\0\x76\x15\0\0\x1c\0\0\0\x40\x02\0\0\x87\x15\0\
\0\x1c\0\0\0\x60\x02\0\0\x90\x15\0\0\x1c\0\0\0\x80\x02\0\0\x99\x15\0\0\x5a\0\0\
\0\xc0\x02\0\0\xa8\x15\0\0\x02\0\0\0\0\x03\0\0\xb2\x15\0\0\x8a\0\0\0\x20\x03\0\
\0\xc2\x15\0\0\xab\0\0\0\x40\x03\0\0\xcc\x15\0\0\x2c\0\0\0\x80\x04\0\0\xd3\x15\
\0\0\x0f\0\0\0\0\x05\0\0\xdf\x15\0\0\x0f\0\0\0\x40\x05\0\0\xea\x15\0\0\x0f\0\0\
\0\x80\x05\0\0\xf3\x15\0\0\x0f\0\0\0\xc0\x05\0\0\xfd\x15\0\0\x5b\0\0\0\0\x06\0\
\0\x07\x16\0\0\x0f\0\0\0\x40\x06\0\0\x0f\x16\0\0\x0f\0\0\0\x80\x06\0\0\x17\x16\
\0\0\x0f\0\0\0\xc0\x06\0\0\x20\x16\0\0\x0f\0\0\0\0\x07\0\0\x2a\x16\0\0\xac\0\0\
\0\x40\x07\0\0\x3c\x16\0\0\x8a\0\0\0\x60\x07\0\0\x45\x16\0\0\x0f\0\0\0\x80\x07\
\0\0\x50\x16\0\0\x0f\0\0\0\xc0\x07\0\0\x59\x16\0\0\x0f\0\0\0\0\x08\0\0\x64\x16\
\0\0\x0f\0\0\0\x40\x08\0\0\x6d\x16\0\0\x0f\0\0\0\x80\x08\0\0\x77\x16\0\0\x0f\0\
\0\0\xc0\x08\0\0\x7b\x16\0\0\x0f\0\0\0\0\x09\0\0\x87\x16\0\0\x0f\0\0\0\x40\x09\
\0\0\x91\x16\0\0\x0f\0\0\0\x80\x09\0\0\x99\x16\0\0\x0f\0\0\0\xc0\x09\0\0\xa3\
\x16\0\0\x0f\0\0\0\0\x0a\0\0\xab\x16\0\0\xae\0\0\0\x40\x0a\0\0\x52\x03\0\0\xaf\
\0\0\0\xc0\x15\0\0\xb6\x16\0\0\xb1\0\0\0\xc0\x16\0\0\xbd\x16\0\0\xb2\0\0\0\0\
\x17\0\0\xac\0\0\0\x0f\0\0\0\x40\x18\0\0\xc5\x16\0\0\xb4\0\0\0\x80\x18\0\0\xd0\
\x16\0\0\x8a\0\0\0\xc0\x18\0\0\xdb\x16\0\0\xb5\0\0\0\0\x19\0\0\xe7\x16\0\0\xb6\
\0\0\0\x40\x19\0\0\xef\x16\0\0\x81\0\0\0\x80\x19\0\0\xf8\x16\0\0\x1c\0\0\0\xc0\
\x19\0\0\x0a\x17\0\0\xb7\0\0\0\0\x1a\0\0\x18\x17\0\0\x59\0\0\0\x40\x1a\0\0\x27\
\x17\0\0\x14\0\0\0\x40\x1b\0\0\x2d\x17\0\0\xb9\0\0\0\x80\x1b\0\0\0\0\0\0\0\0\0\
\x02\xbc\0\0\0\0\0\0\0\0\0\0\x02\x80\0\0\0\0\0\0\0\x05\0\0\x0d\x0f\0\0\0\0\0\0\
\0\x81\0\0\0\0\0\0\0\x0f\0\0\0\0\0\0\0\x0f\0\0\0\0\0\0\0\x0f\0\0\0\0\0\0\0\x0f\
\0\0\0\0\0\0\0\0\0\0\x02\x82\0\0\0\x35\x17\0\0\x15\0\0\x04\xf0\0\0\0\x3a\x17\0\
\0\x83\0\0\0\0\0\0\0\x3e\x17\0\0\x84\0\0\0\x80\0\0\0\x45\x17\0\0\x87\0\0\0\x40\
\x01\0\0\x4d\x17\0\0\x88\0\0\0\x80\x01\0\0\x52\x17\0\0\x8a\0\0\0\xc0\x01\0\0\
\x59\x17\0\0\x8d\0\0\0\xe0\x01\0\0\x66\x17\0\0\x5a\0\0\0\0\x02\0\0\x6e\x17\0\0\
\x16\0\0\0\x40\x02\0\0\x76\x17\0\0\x8e\0\0\0\x60\x02\0\0\x7d\x17\0\0\x8f\0\0\0\
\x80\x02\0\0\x88\x17\0\0\x91\0\0\0\x80\x03\0\0\x8e\x17\0\0\x93\0\0\0\xc0\x03\0\
\0\x96\x17\0\0\xa1\0\0\0\xc0\x04\0\0\x9d\x17\0\0\xa3\0\0\0\0\x05\0\0\xa2\x17\0\
\0\x10\0\0\0\0\x06\0\0\xac\x17\0\0\x19\0\0\0\x40\x06\0\0\xb7\x17\0\0\x19\0\0\0\
\x80\x06\0\0\xc4\x17\0\0\xa4\0\0\0\xc0\x06\0\0\xc9\x17\0\0\xa5\0\0\0\0\x07\0\0\
\xd3\x17\0\0\xa6\0\0\0\x40\x07\0\0\xdc\x17\0\0\xa6\0\0\0\x60\x07\0\0\0\0\0\0\
\x02\0\0\x05\x10\0\0\0\xe5\x17\0\0\x1f\0\0\0\0\0\0\0\xee\x17\0\0\x62\0\0\0\0\0\
\0\0\xf9\x17\0\0\x03\0\0\x04\x18\0\0\0\xfe\x17\0\0\x85\0\0\0\0\0\0\0\x02\x18\0\
\0\x86\0\0\0\x40\0\0\0\x09\x18\0\0\x02\0\0\0\x80\0\0\0\0\0\0\0\0\0\0\x02\x9a\
\x03\0\0\0\0\0\0\0\0\0\x02\x9b\x03\0\0\0\0\0\0\0\0\0\x02\xe3\x01\0\0\0\0\0\0\0\
\0\0\x02\x89\0\0\0\0\0\0\0\0\0\0\x0a\xf4\x01\0\0\x14\x18\0\0\0\0\0\x08\x8b\0\0\
\0\x1f\x18\0\0\x01\0\0\x04\x04\0\0\0\0\0\0\0\x8c\0\0\0\0\0\0\0\0\0\0\0\x01\0\0\
\x05\x04\0\0\0\x28\x18\0\0\x3b\0\0\0\0\0\0\0\x2e\x18\0\0\x06\0\0\x06\x04\0\0\0\
\x36\x18\0\0\0\0\0\0\x49\x18\0\0\x01\0\0\0\x59\x18\0\0\x02\0\0\0\x6a\x18\0\0\
\x03\0\0\0\x7c\x18\0\0\x04\0\0\0\x8c\x18\0\0\x05\0\0\0\x9f\x18\0\0\0\0\0\x08\
\x16\0\0\0\xa7\x18\0\0\x04\0\0\x04\x20\0\0\0\xad\x18\0\0\x5a\0\0\0\0\0\0\0\xb3\
\x18\0\0\x3a\0\0\0\x40\0\0\0\xbd\x18\0\0\x90\0\0\0\x60\0\0\0\xc1\x18\0\0\x2c\0\
\0\0\x80\0\0\0\xcb\x18\0\0\x01\0\0\x04\x04\0\0\0\xea\x10\0\0\x1c\0\0\0\0\0\0\0\
\xe1\x18\0\0\0\0\0\x08\x92\0\0\0\xe8\x18\0\0\0\0\0\x08\x31\0\0\0\xf8\x18\0\0\
\x06\0\0\x04\x20\0\0\0\x73\x10\0\0\x94\0\0\0\0\0\0\0\x80\x04\0\0\x9b\0\0\0\x40\
\0\0\0\x04\x19\0\0\x9c\0\0\0\x80\0\0\0\x0d\x19\0\0\x9d\0\0\0\xa0\0\0\0\x11\x19\
\0\0\x9d\0\0\0\xc0\0\0\0\x16\x19\0\0\x02\0\0\0\xe0\0\0\0\x1d\x19\0\0\0\0\0\x08\
\x95\0\0\0\0\0\0\0\x01\0\0\x04\x08\0\0\0\x97\x10\0\0\x96\0\0\0\0\0\0\0\x26\x19\
\0\0\0\0\0\x08\x97\0\0\0\x34\x19\0\0\x02\0\0\x04\x08\0\0\0\0\0\0\0\x98\0\0\0\0\
\0\0\0\xb3\x18\0\0\x3c\0\0\0\x20\0\0\0\0\0\0\0\x02\0\0\x05\x04\0\0\0\x3c\x19\0\
\0\x1c\0\0\0\0\0\0\0\0\0\0\0\x99\0\0\0\0\0\0\0\0\0\0\0\x02\0\0\x04\x04\0\0\0\
\x41\x19\0\0\x40\0\0\0\0\0\0\0\x49\x19\0\0\x9a\0\0\0\x08\0\0\0\0\0\0\0\0\0\0\
\x03\0\0\0\0\x40\0\0\0\x04\0\0\0\x03\0\0\0\0\0\0\0\0\0\0\x02\xdf\0\0\0\x04\x19\
\0\0\x05\0\0\x06\x04\0\0\0\x52\x19\0\0\0\0\0\0\x5e\x19\0\0\x01\0\0\0\x6b\x19\0\
\0\x02\0\0\0\x78\x19\0\0\x03\0\0\0\x84\x19\0\0\x04\0\0\0\x90\x19\0\0\0\0\0\x08\
\x9e\0\0\0\0\0\0\0\x01\0\0\x04\x04\0\0\0\xba\x10\0\0\x9f\0\0\0\0\0\0\0\x97\x19\
\0\0\0\0\0\x08\xa0\0\0\0\x9d\x19\0\0\0\0\0\x08\x16\0\0\0\0\0\0\0\0\0\0\x02\xa2\
\0\0\0\0\0\0\0\0\0\0\x0a\xf2\0\0\0\xae\x19\0\0\x06\0\0\x04\x20\0\0\0\xbc\x19\0\
\0\x0f\0\0\0\0\0\0\0\xc2\x19\0\0\x16\0\0\0\x40\0\0\0\xc7\x19\0\0\x16\0\0\0\x60\
\0\0\0\xd2\x19\0\0\x16\0\0\0\x80\0\0\0\xdb\x19\0\0\x16\0\0\0\xa0\0\0\0\xe5\x19\
\0\0\x91\0\0\0\xc0\0\0\0\0\0\0\0\0\0\0\x02\xe0\0\0\0\0\0\0\0\0\0\0\x02\xe2\x01\
\0\0\xee\x19\0\0\0\0\0\x08\x14\0\0\0\0\0\0\0\0\0\0\x02\xa8\0\0\0\xf7\x19\0\0\0\
\0\0\x08\xa9\0\0\0\0\0\0\0\x01\0\0\x04\x08\0\0\0\x72\x15\0\0\xaa\0\0\0\0\0\0\0\
\xfd\x19\0\0\0\0\0\x08\x10\0\0\0\x06\x1a\0\0\x05\0\0\x04\x28\0\0\0\xd9\x0a\0\0\
\x5a\0\0\0\0\0\0\0\xad\x18\0\0\x5a\0\0\0\x40\0\0\0\xbd\x18\0\0\x90\0\0\0\x80\0\
\0\0\xb3\x18\0\0\x3a\0\0\0\xa0\0\0\0\xc1\x18\0\0\x2c\0\0\0\xc0\0\0\0\x13\x1a\0\
\0\0\0\0\x08\xad\0\0\0\x1e\x1a\0\0\x01\0\0\x04\x04\0\0\0\x27\x1a\0\0\x16\0\0\0\
\0\0\0\0\0\0\0\0\0\0\0\x03\0\0\0\0\x0f\0\0\0\x04\0\0\0\x2e\0\0\0\x30\x1a\0\0\
\x01\0\0\x04\x20\0\0\0\xd9\x0a\0\0\xb0\0\0\0\0\0\0\0\0\0\0\0\0\0\0\x03\0\0\0\0\
\x5a\0\0\0\x04\0\0\0\x04\0\0\0\0\0\0\0\0\0\0\x02\xed\x06\0\0\x3c\x1a\0\0\0\0\0\
\x08\xb3\0\0\0\0\0\0\0\x05\0\0\x04\x28\0\0\0\xf8\x12\0\0\x5b\0\0\0\0\0\0\0\x49\
\x1a\0\0\x19\0\0\0\x40\0\0\0\x51\x1a\0\0\x1a\0\0\0\x80\0\0\0\x58\x1a\0\0\x19\0\
\0\0\xc0\0\0\0\xac\0\0\0\x0f\0\0\0\0\x01\0\0\0\0\0\0\0\0\0\x02\x6c\x07\0\0\0\0\
\0\0\0\0\0\x02\x6d\x07\0\0\0\0\0\0\0\0\0\x02\x5c\x01\0\0\x0a\x17\0\0\x01\0\0\
\x04\x08\0\0\0\x5d\x1a\0\0\xb8\0\0\0\0\0\0\0\0\0\0\0\0\0\0\x02\x6e\x07\0\0\0\0\
\0\0\x02\0\0\x04\x18\0\0\0\x8b\x12\0\0\x2c\0\0\0\0\0\0\0\x66\x1a\0\0\x0f\0\0\0\
\x80\0\0\0\0\0\0\0\0\0\0\x03\0\0\0\0\x0f\0\0\0\x04\0\0\0\0\0\0\0\x49\x03\0\0\
\x02\0\0\x04\x28\0\0\0\x6d\x1a\0\0\x10\0\0\0\0\0\0\0\x74\x1a\0\0\xca\0\0\0\x40\
\0\0\0\x79\x1a\0\0\x12\0\0\x04\xc0\0\0\0\x88\x1a\0\0\x0f\0\0\0\0\0\0\0\x91\x1a\
\0\0\x0f\0\0\0\x40\0\0\0\x98\x1a\0\0\x7e\0\0\0\x80\0\0\0\xa0\x1a\0\0\x7e\0\0\0\
\xc0\0\0\0\xa8\x1a\0\0\x2a\0\0\0\0\x01\0\0\xae\x1a\0\0\x0f\0\0\0\xc0\x01\0\0\
\xbd\x1a\0\0\x7b\0\0\0\0\x02\0\0\xc3\x1a\0\0\xbd\0\0\0\x40\x02\0\0\xd0\x1a\0\0\
\x0f\0\0\0\x80\x02\0\0\0\0\0\0\xc0\0\0\0\xc0\x02\0\0\xd9\x1a\0\0\x2c\0\0\0\xc0\
\x03\0\0\xe8\x1a\0\0\xc5\0\0\0\x40\x04\0\0\xf1\x1a\0\0\xc6\0\0\0\x80\x04\0\0\
\xf8\x1a\0\0\x0f\0\0\0\xc0\x04\0\0\x01\x1b\0\0\x81\0\0\0\0\x05\0\0\x09\x1b\0\0\
\x19\0\0\0\x40\x05\0\0\x19\x1b\0\0\x5a\0\0\0\x80\x05\0\0\x2d\x1b\0\0\xc8\0\0\0\
\xc0\x05\0\0\x40\x1b\0\0\0\0\0\x08\xbe\0\0\0\0\0\0\0\x01\0\0\x04\x08\0\0\0\x49\
\x1b\0\0\xbf\0\0\0\0\0\0\0\x50\x1b\0\0\0\0\0\x08\x10\0\0\0\0\0\0\0\x02\0\0\x05\
\x20\0\0\0\x59\x1b\0\0\xc1\0\0\0\0\0\0\0\x60\x1b\0\0\xc2\0\0\0\0\0\0\0\0\0\0\0\
\x02\0\0\x04\x20\0\0\0\x2a\0\0\0\x2a\0\0\0\0\0\0\0\x6a\x1b\0\0\x0f\0\0\0\xc0\0\
\0\0\0\0\0\0\0\0\0\x02\xc3\0\0\0\0\0\0\0\0\0\0\x0a\xc4\0\0\0\x7a\x1b\0\0\0\0\0\
\x01\x01\0\0\0\x08\0\0\x01\0\0\0\0\0\0\0\x02\x6f\x07\0\0\0\0\0\0\0\0\0\x02\xc7\
\0\0\0\0\0\0\0\0\0\0\x0a\x70\x07\0\0\x2d\x1b\0\0\x01\0\0\x04\x08\0\0\0\x40\0\0\
\0\xc9\0\0\0\0\0\0\0\0\0\0\0\0\0\0\x02\x71\x07\0\0\0\0\0\0\0\0\0\x03\0\0\0\0\
\x7e\0\0\0\x04\0\0\0\x04\0\0\0\x7f\x1b\0\0\x02\0\0\x04\x14\0\0\0\x8d\x1b\0\0\
\x02\0\0\0\0\0\0\0\xd9\x0a\0\0\xcc\0\0\0\x20\0\0\0\0\0\0\0\0\0\0\x03\0\0\0\0\
\x02\0\0\0\x04\0\0\0\x04\0\0\0\x72\x04\0\0\x03\0\0\x04\x38\0\0\0\x94\x1b\0\0\
\x0f\0\0\0\0\0\0\0\x9e\x1b\0\0\xce\0\0\0\x40\0\0\0\0\0\0\0\xd1\0\0\0\x80\0\0\0\
\0\0\0\0\0\0\0\x02\xcf\0\0\0\0\0\0\0\x01\0\0\x0d\x44\0\0\0\0\0\0\0\xd0\0\0\0\0\
\0\0\0\0\0\0\x02\xcd\0\0\0\0\0\0\0\x03\0\0\x05\x28\0\0\0\xa1\x1b\0\0\xd2\0\0\0\
\0\0\0\0\xa7\x1b\0\0\xd4\0\0\0\0\0\0\0\xb1\x1b\0\0\xdb\0\0\0\0\0\0\0\0\0\0\0\
\x06\0\0\x04\x28\0\0\0\xb6\x1b\0\0\xd3\0\0\0\0\0\0\0\xba\x10\0\0\x14\0\0\0\x40\
\0\0\0\xac\0\0\0\x14\0\0\0\x60\0\0\0\xbc\x1b\0\0\x14\0\0\0\x80\0\0\0\xc3\x1b\0\
\0\x10\0\0\0\xc0\0\0\0\xc8\x1b\0\0\xd3\0\0\0\0\x01\0\0\0\0\0\0\0\0\0\x02\x14\0\
\0\0\0\0\0\0\x04\0\0\x04\x18\0\0\0\xcf\x1b\0\0\xd5\0\0\0\0\0\0\0\x19\0\0\0\xd7\
\0\0\0\x20\0\0\0\0\0\0\0\xd8\0\0\0\x40\0\0\0\x2f\x12\0\0\x10\0\0\0\x80\0\0\0\
\xd7\x1b\0\0\0\0\0\x08\xd6\0\0\0\xe1\x1b\0\0\0\0\0\x08\x02\0\0\0\xf4\x1b\0\0\
\x03\0\0\x06\x04\0\0\0\x02\x1c\0\0\0\0\0\0\x0a\x1c\0\0\x01\0\0\0\x14\x1c\0\0\
\x02\0\0\0\0\0\0\0\x02\0\0\x05\x08\0\0\0\x1e\x1c\0\0\xd9\0\0\0\0\0\0\0\x23\x1c\
\0\0\xda\0\0\0\0\0\0\0\0\0\0\0\0\0\0\x02\x97\x07\0\0\0\0\0\0\0\0\0\x02\x98\x07\
\0\0\0\0\0\0\x05\0\0\x04\x20\0\0\0\x2f\x1c\0\0\xdc\0\0\0\0\0\0\0\x34\x1c\0\0\
\x02\0\0\0\x40\0\0\0\x39\x1c\0\0\x02\0\0\0\x60\0\0\0\x45\x1c\0\0\x0f\0\0\0\x80\
\0\0\0\x4c\x1c\0\0\x0f\0\0\0\xc0\0\0\0\0\0\0\0\0\0\0\x02\x99\x07\0\0\x54\x1c\0\
\0\0\0\0\x08\xde\0\0\0\x5a\x1c\0\0\0\0\0\x08\x02\0\0\0\x80\x04\0\0\x08\0\0\x04\
\x70\0\0\0\xd9\x0a\0\0\x1a\0\0\0\0\0\0\0\x69\x1c\0\0\x16\0\0\0\x20\0\0\0\x73\
\x10\0\0\x8a\0\0\0\x40\0\0\0\x15\x03\0\0\xe2\0\0\0\x80\0\0\0\x6f\x1c\0\0\xe0\0\
\0\0\x80\x01\0\0\x76\x1c\0\0\xe3\0\0\0\xc0\x01\0\0\x87\x12\0\0\x62\0\0\0\x80\
\x02\0\0\x81\x1c\0\0\xe7\0\0\0\0\x03\0\0\x89\x1c\0\0\x01\0\0\x04\x08\0\0\0\x94\
\x1c\0\0\xe1\0\0\0\0\0\0\0\0\0\0\0\0\0\0\x02\xe8\0\0\0\0\0\0\0\0\0\0\x03\0\0\0\
\0\xe0\0\0\0\x04\0\0\0\x04\0\0\0\x9a\x1c\0\0\0\0\0\x08\xe4\0\0\0\xac\x1c\0\0\
\x02\0\0\x04\x18\0\0\0\x73\x10\0\0\x8a\0\0\0\0\0\0\0\xbc\x1c\0\0\x2c\0\0\0\x40\
\0\0\0\xc1\x1c\0\0\x02\0\0\x04\x10\0\0\0\x78\x10\0\0\x02\0\0\0\0\0\0\0\xc6\x1c\
\0\0\xe6\0\0\0\x40\0\0\0\0\0\0\0\0\0\0\x02\xfb\x02\0\0\0\0\0\0\0\0\0\x03\0\0\0\
\0\xe5\0\0\0\x04\0\0\0\x01\0\0\0\xc9\x1c\0\0\x02\0\0\x04\x10\0\0\0\x60\x0b\0\0\
\xe1\0\0\0\0\0\0\0\xd4\x1c\0\0\xe9\0\0\0\x40\0\0\0\0\0\0\0\0\0\0\x02\xe1\0\0\0\
\0\0\0\0\0\0\0\x03\0\0\0\0\xe8\0\0\0\x04\0\0\0\x04\0\0\0\0\0\0\0\0\0\0\x02\x6f\
\x01\0\0\0\0\0\0\0\0\0\x02\x02\0\0\0\x52\x05\0\0\x03\0\0\x04\x18\0\0\0\x40\x05\
\0\0\x10\0\0\0\0\0\0\0\x46\x05\0\0\x10\0\0\0\x40\0\0\0\x73\x10\0\0\x3a\0\0\0\
\x80\0\0\0\x96\x05\0\0\x03\0\0\x04\x50\0\0\0\xda\x1c\0\0\xf1\0\0\0\0\0\0\0\xe0\
\x1c\0\0\x16\0\0\0\x40\x02\0\0\xee\x1c\0\0\x16\0\0\0\x60\x02\0\0\xfc\x1c\0\0\
\x02\0\0\x04\x18\0\0\0\x10\x1d\0\0\x10\0\0\0\0\0\0\0\x18\x1d\0\0\xf0\0\0\0\x40\
\0\0\0\x1f\x1d\0\0\x01\0\0\x04\x10\0\0\0\xe0\x0f\0\0\x35\0\0\0\0\0\0\0\0\0\0\0\
\0\0\0\x03\0\0\0\0\xef\0\0\0\x04\0\0\0\x03\0\0\0\xbd\x05\0\0\x1d\0\0\x04\xc0\0\
\0\0\xa6\0\0\0\x1c\0\0\0\0\0\0\0\x2f\x1d\0\0\x1c\0\0\0\x20\0\0\0\x3b\x1d\0\0\
\x19\0\0\0\x40\0\0\0\x44\x1d\0\0\x16\0\0\0\x80\0\0\0\x0d\x19\0\0\x9d\0\0\0\xa0\
\0\0\0\x4a\x1d\0\0\xf3\0\0\0\xc0\0\0\0\x4e\x1d\0\0\x9d\0\0\0\xe0\0\0\0\x53\x1d\
\0\0\xf3\0\0\0\0\x01\0\0\x11\x19\0\0\x9d\0\0\0\x20\x01\0\0\x58\x1d\0\0\xf3\0\0\
\0\x40\x01\0\0\x5d\x1d\0\0\x9d\0\0\0\x60\x01\0\0\x63\x1d\0\0\xf3\0\0\0\x80\x01\
\0\0\x69\x1d\0\0\x16\0\0\0\xa0\x01\0\0\x74\x1d\0\0\xf7\0\0\0\xc0\x01\0\0\x84\
\x1d\0\0\xf7\0\0\0\0\x02\0\0\x92\x1d\0\0\xf7\0\0\0\x40\x02\0\0\xa0\x1d\0\0\xf7\
\0\0\0\x80\x02\0\0\xa9\x1d\0\0\xf7\0\0\0\xc0\x02\0\0\xb5\x1d\0\0\x42\0\0\0\0\
\x03\0\0\xc1\x1d\0\0\xfa\0\0\0\x40\x03\0\0\xd1\x1d\0\0\xfa\0\0\0\x80\x03\0\0\
\xe1\x1d\0\0\xfa\0\0\0\xc0\x03\0\0\xf0\x1d\0\0\xfa\0\0\0\0\x04\0\0\x29\x0a\0\0\
\x19\0\0\0\x40\x04\0\0\x01\x1e\0\0\x5b\x01\0\0\x80\x04\0\0\xe7\x16\0\0\xb6\0\0\
\0\xc0\x04\0\0\x06\x1e\0\0\x7d\x01\0\0\0\x05\0\0\x0e\x1e\0\0\x81\x01\0\0\x40\
\x05\0\0\0\0\0\0\x82\x01\0\0\x80\x05\0\0\x19\x1e\0\0\0\0\0\x08\xf4\0\0\0\0\0\0\
\0\x01\0\0\x04\x04\0\0\0\xba\x10\0\0\xf5\0\0\0\0\0\0\0\x20\x1e\0\0\0\0\0\x08\
\xf6\0\0\0\x26\x1e\0\0\0\0\0\x08\x16\0\0\0\x37\x1e\0\0\0\0\0\x08\xf8\0\0\0\x44\
\x1e\0\0\x01\0\0\x04\x08\0\0\0\x56\x1e\0\0\xf9\0\0\0\0\0\0\0\0\0\0\0\0\0\0\x03\
\0\0\0\0\x15\0\0\0\x04\0\0\0\x02\0\0\0\0\0\0\0\0\0\0\x02\xfb\0\0\0\x5a\x1e\0\0\
\x12\0\0\x04\xe0\0\0\0\xa6\0\0\0\x1a\0\0\0\0\0\0\0\x5e\x1e\0\0\xfc\0\0\0\x20\0\
\0\0\0\0\0\0\0\x01\0\0\x40\0\0\0\x65\x1e\0\0\xab\0\0\0\0\x01\0\0\x01\x1e\0\0\
\x01\x01\0\0\x40\x02\0\0\x29\x0a\0\0\x19\0\0\0\x80\x02\0\0\0\0\0\0\x02\x01\0\0\
\xc0\x02\0\0\x69\x1e\0\0\x03\x01\0\0\0\x03\0\0\x0d\x19\0\0\x9d\0\0\0\x40\x03\0\
\0\x4a\x1d\0\0\xf3\0\0\0\x60\x03\0\0\x76\x1e\0\0\x04\x01\0\0\x80\x03\0\0\x7b\
\x1e\0\0\x24\0\0\0\xa0\x03\0\0\x84\x1e\0\0\x24\0\0\0\xb0\x03\0\0\x02\x12\0\0\
\x06\x01\0\0\xc0\x03\0\0\xac\0\0\0\x0f\0\0\0\0\x04\0\0\0\0\0\0\x07\x01\0\0\x40\
\x04\0\0\0\0\0\0\x56\x01\0\0\x80\x05\0\0\x8c\x1e\0\0\x3d\x01\0\0\xc0\x06\0\0\
\x9a\x1e\0\0\0\0\0\x08\xfd\0\0\0\xa7\x1e\0\0\0\0\0\x08\xfe\0\0\0\xaf\x1e\0\0\0\
\0\0\x08\xff\0\0\0\xb3\x1e\0\0\0\0\0\x08\x02\0\0\0\0\0\0\0\x02\0\0\x05\x18\0\0\
\0\xb9\x1e\0\0\x2c\0\0\0\0\0\0\0\xc8\x1e\0\0\x2a\0\0\0\0\0\0\0\0\0\0\0\0\0\0\
\x02\x5f\x07\0\0\0\0\0\0\x02\0\0\x05\x08\0\0\0\xd4\x1e\0\0\x03\x01\0\0\0\0\0\0\
\xdb\x1e\0\0\x03\x01\0\0\0\0\0\0\xe6\x1e\0\0\0\0\0\x08\x30\0\0\0\xef\x1e\0\0\0\
\0\0\x08\x05\x01\0\0\xfa\x1e\0\0\0\0\0\x08\x14\0\0\0\x03\x1f\0\0\0\0\0\x01\x02\
\0\0\0\x10\0\0\x01\0\0\0\0\x02\0\0\x05\x28\0\0\0\x09\x1f\0\0\x08\x01\0\0\0\0\0\
\0\0\0\0\0\x0e\x01\0\0\0\0\0\0\x13\x1f\0\0\x05\0\0\x04\x28\0\0\0\x25\x1f\0\0\
\x0f\0\0\0\0\0\0\0\0\0\0\0\x09\x01\0\0\x40\0\0\0\x19\0\0\0\x0c\x01\0\0\x80\0\0\
\0\x2a\x1f\0\0\x0d\x01\0\0\xc0\0\0\0\x35\x1f\0\0\xc2\0\0\0\0\x01\0\0\0\0\0\0\
\x02\0\0\x05\x08\0\0\0\0\0\0\0\x0a\x01\0\0\0\0\0\0\x41\x1f\0\0\x0f\0\0\0\0\0\0\
\0\0\0\0\0\x02\0\0\x04\x08\0\0\0\x43\x1f\0\0\x22\0\0\0\0\0\0\0\x4c\x1f\0\0\x0b\
\x01\0\0\x10\0\0\0\0\0\0\0\0\0\0\x03\0\0\0\0\xc4\0\0\0\x04\0\0\0\x06\0\0\0\0\0\
\0\0\0\0\0\x02\x0f\x01\0\0\0\0\0\0\0\0\0\x02\x55\x01\0\0\0\0\0\0\x05\0\0\x04\
\x28\0\0\0\x25\x1f\0\0\x0f\0\0\0\0\0\0\0\x51\x1f\0\0\x0f\0\0\0\x40\0\0\0\x19\0\
\0\0\x0c\x01\0\0\x80\0\0\0\x2a\x1f\0\0\x0d\x01\0\0\xc0\0\0\0\x35\x1f\0\0\x19\
\x01\0\0\0\x01\0\0\x5a\x1f\0\0\x15\0\0\x04\xa8\0\0\0\x63\x1f\0\0\xc2\0\0\0\0\0\
\0\0\x68\x1f\0\0\x10\x01\0\0\x40\0\0\0\xac\0\0\0\x16\0\0\0\x80\0\0\0\x74\x1f\0\
\0\x13\x01\0\0\xc0\0\0\0\x84\x1f\0\0\x15\x01\0\0\0\x01\0\0\x8d\x1f\0\0\x1c\x01\
\0\0\x40\x01\0\0\x9b\x1f\0\0\x1e\x01\0\0\x80\x01\0\0\xa7\x1f\0\0\x1e\x01\0\0\
\xc0\x01\0\0\xae\x1f\0\0\x20\x01\0\0\0\x02\0\0\xbd\x1f\0\0\x2a\x01\0\0\x40\x02\
\0\0\xc8\x1f\0\0\x2c\x01\0\0\x80\x02\0\0\xcf\x1f\0\0\x2c\x01\0\0\xc0\x02\0\0\
\xd7\x1f\0\0\x2e\x01\0\0\0\x03\0\0\xe0\x1f\0\0\x36\x01\0\0\x40\x03\0\0\xe5\x1f\
\0\0\x38\x01\0\0\x80\x03\0\0\xf1\x1f\0\0\x3b\x01\0\0\xc0\x03\0\0\x04\x20\0\0\
\x46\x01\0\0\0\x04\0\0\x0f\x20\0\0\x4f\x01\0\0\x40\x04\0\0\x1b\x20\0\0\x52\x01\
\0\0\x80\x04\0\0\x31\x20\0\0\x2c\0\0\0\xc0\x04\0\0\x36\x20\0\0\x54\x01\0\0\x40\
\x05\0\0\x41\x20\0\0\0\0\0\x08\x11\x01\0\0\x48\x20\0\0\0\0\0\x08\x12\x01\0\0\
\x58\x20\0\0\0\0\0\x08\x0f\0\0\0\0\0\0\0\0\0\0\x02\x14\x01\0\0\0\0\0\0\x01\0\0\
\x0d\x02\0\0\0\0\0\0\0\xc2\0\0\0\0\0\0\0\0\0\0\x02\x16\x01\0\0\0\0\0\0\x01\0\0\
\x0d\x02\0\0\0\0\0\0\0\x17\x01\0\0\0\0\0\0\0\0\0\x02\x18\x01\0\0\x69\x20\0\0\
\x07\0\0\x04\x58\0\0\0\x7f\x20\0\0\xc2\0\0\0\0\0\0\0\x35\x1f\0\0\x19\x01\0\0\
\x40\0\0\0\x90\x20\0\0\x1a\x01\0\0\x80\0\0\0\x47\x13\0\0\x17\0\0\0\xc0\x01\0\0\
\x84\x1e\0\0\x10\x01\0\0\0\x02\0\0\x7b\x1e\0\0\x10\x01\0\0\x40\x02\0\0\xd4\x1e\
\0\0\x03\x01\0\0\x80\x02\0\0\0\0\0\0\0\0\0\x02\xc4\0\0\0\x98\x20\0\0\x02\0\0\
\x05\x28\0\0\0\xa4\x20\0\0\x19\0\0\0\0\0\0\0\x47\x13\0\0\x1b\x01\0\0\0\0\0\0\0\
\0\0\0\0\0\0\x03\0\0\0\0\x19\0\0\0\x04\0\0\0\x05\0\0\0\0\0\0\0\0\0\0\x02\x1d\
\x01\0\0\0\0\0\0\x01\0\0\x0d\0\0\0\0\0\0\0\0\x17\x01\0\0\0\0\0\0\0\0\0\x02\x1f\
\x01\0\0\0\0\0\0\x02\0\0\x0d\x02\0\0\0\0\0\0\0\xfa\0\0\0\0\0\0\0\x17\x01\0\0\0\
\0\0\0\0\0\0\x02\x21\x01\0\0\0\0\0\0\x01\0\0\x0d\x02\0\0\0\0\0\0\0\x22\x01\0\0\
\0\0\0\0\0\0\0\x02\x23\x01\0\0\xae\x20\0\0\x04\0\0\x04\x20\0\0\0\xbd\x20\0\0\
\x24\x01\0\0\0\0\0\0\xc1\x20\0\0\x17\0\0\0\x40\0\0\0\xca\x20\0\0\x19\0\0\0\x80\
\0\0\0\xd4\x20\0\0\x16\0\0\0\xc0\0\0\0\0\0\0\0\0\0\0\x02\x25\x01\0\0\0\0\0\0\
\x02\0\0\x0d\x77\0\0\0\0\0\0\0\x26\x01\0\0\0\0\0\0\x28\x01\0\0\0\0\0\0\0\0\0\
\x02\x27\x01\0\0\0\0\0\0\0\0\0\x0a\xfb\0\0\0\0\0\0\0\0\0\0\x02\x29\x01\0\0\0\0\
\0\0\0\0\0\x0a\x23\x01\0\0\0\0\0\0\0\0\0\x02\x2b\x01\0\0\0\0\0\0\x01\0\0\x0d\0\
\0\0\0\0\0\0\0\x22\x01\0\0\0\0\0\0\0\0\0\x02\x2d\x01\0\0\0\0\0\0\x01\0\0\x0d\0\
\0\0\0\0\0\0\0\xfa\0\0\0\0\0\0\0\0\0\0\x02\x2f\x01\0\0\0\0\0\0\x02\0\0\x0d\0\0\
\0\0\0\0\0\0\x26\x01\0\0\0\0\0\0\x30\x01\0\0\0\0\0\0\0\0\0\x02\x31\x01\0\0\xe0\
\x20\0\0\x0c\0\0\x04\x78\0\0\0\xe9\x20\0\0\x19\x01\0\0\0\0\0\0\xc2\x19\0\0\x10\
\x01\0\0\x40\0\0\0\xed\x20\0\0\x10\x01\0\0\x80\0\0\0\xd9\x0a\0\0\x10\x01\0\0\
\xc0\0\0\0\xf2\x20\0\0\x10\x01\0\0\0\x01\0\0\xfc\x20\0\0\x91\0\0\0\x40\x01\0\0\
\x02\x21\0\0\x91\0\0\0\x80\x01\0\0\x73\x10\0\0\x8f\0\0\0\xc0\x01\0\0\x0b\x21\0\
\0\x32\x01\0\0\xc0\x02\0\0\x0e\x21\0\0\x02\0\0\0\0\x03\0\0\x35\x17\0\0\x34\x01\
\0\0\x40\x03\0\0\x19\x21\0\0\x19\0\0\0\x80\x03\0\0\0\0\0\0\0\0\0\x02\x33\x01\0\
\0\0\0\0\0\0\0\0\x0a\x85\x04\0\0\0\0\0\0\0\0\0\x02\x35\x01\0\0\0\0\0\0\0\0\0\
\x0a\x82\0\0\0\0\0\0\0\0\0\0\x02\x37\x01\0\0\0\0\0\0\x03\0\0\x0d\x44\0\0\0\0\0\
\0\0\x26\x01\0\0\0\0\0\0\x19\x01\0\0\0\0\0\0\x10\x01\0\0\x21\x21\0\0\0\0\0\x08\
\x39\x01\0\0\0\0\0\0\0\0\0\x02\x3a\x01\0\0\0\0\0\0\x02\0\0\x0d\x02\0\0\0\0\0\0\
\0\xfa\0\0\0\0\0\0\0\x19\0\0\0\0\0\0\0\0\0\0\x02\x3c\x01\0\0\0\0\0\0\x01\0\0\
\x0d\x3d\x01\0\0\0\0\0\0\xc2\0\0\0\0\0\0\0\0\0\0\x02\x3e\x01\0\0\x35\x21\0\0\
\x03\0\0\x04\x18\0\0\0\x45\x21\0\0\x3f\x01\0\0\0\0\0\0\x5a\x1e\0\0\xfa\0\0\0\
\x40\0\0\0\x4b\x21\0\0\x0c\x01\0\0\x80\0\0\0\x53\x21\0\0\0\0\0\x08\x40\x01\0\0\
\0\0\0\0\0\0\0\x02\x41\x01\0\0\0\0\0\0\x04\0\0\x0d\x02\0\0\0\0\0\0\0\xfa\0\0\0\
\0\0\0\0\x42\x01\0\0\0\0\0\0\x44\x01\0\0\0\0\0\0\xfa\0\0\0\0\0\0\0\0\0\0\x02\
\x43\x01\0\0\0\0\0\0\0\0\0\x0a\x0f\x01\0\0\0\0\0\0\0\0\0\x02\x45\x01\0\0\0\0\0\
\0\0\0\0\x0a\x1a\x01\0\0\0\0\0\0\0\0\0\x02\x47\x01\0\0\0\0\0\0\x02\0\0\x0d\x02\
\0\0\0\0\0\0\0\x48\x01\0\0\0\0\0\0\x4d\x01\0\0\0\0\0\0\0\0\0\x02\x49\x01\0\0\0\
\0\0\0\0\0\0\x0a\x4a\x01\0\0\x6c\x21\0\0\x07\0\0\x84\x30\0\0\0\x5a\x1e\0\0\xfa\
\0\0\0\0\0\0\0\x7f\x21\0\0\xc2\0\0\0\x40\0\0\0\x88\x21\0\0\xc2\0\0\0\x80\0\0\0\
\x92\x21\0\0\x19\x01\0\0\xc0\0\0\0\x97\x21\0\0\x15\0\0\0\0\x01\0\0\0\0\0\0\x4b\
\x01\0\0\x20\x01\0\0\x0b\x21\0\0\x4c\x01\0\0\x40\x01\0\x08\0\0\0\0\x02\0\0\x05\
\x04\0\0\0\x9e\x21\0\0\x15\0\0\0\0\0\0\0\xa6\x21\0\0\x15\0\0\0\0\0\0\0\xae\x21\
\0\0\x04\0\0\x06\x04\0\0\0\xc4\x21\0\0\0\0\0\0\xd8\x21\0\0\x01\0\0\0\xec\x21\0\
\0\x02\0\0\0\xfd\x21\0\0\x03\0\0\0\0\0\0\0\0\0\0\x02\x4e\x01\0\0\x10\x22\0\0\
\x06\0\0\x04\x10\0\0\0\x22\x22\0\0\x15\0\0\0\0\0\0\0\x30\x22\0\0\x15\0\0\0\x20\
\0\0\0\x39\x22\0\0\x23\0\0\0\x40\0\0\0\x47\x22\0\0\x23\0\0\0\x50\0\0\0\x54\x22\
\0\0\x23\0\0\0\x60\0\0\0\x61\x22\0\0\x23\0\0\0\x70\0\0\0\0\0\0\0\0\0\0\x02\x50\
\x01\0\0\0\0\0\0\x03\0\0\x0d\x02\0\0\0\0\0\0\0\x51\x01\0\0\0\0\0\0\x17\0\0\0\0\
\0\0\0\x19\0\0\0\0\0\0\0\0\0\0\x02\x4a\x01\0\0\0\0\0\0\0\0\0\x02\x53\x01\0\0\0\
\0\0\0\x03\0\0\x0d\x02\0\0\0\0\0\0\0\x51\x01\0\0\0\0\0\0\x17\0\0\0\0\0\0\0\x17\
\0\0\0\x6e\x22\0\0\0\0\0\x04\0\0\0\0\x7d\x22\0\0\x03\0\0\x04\x18\0\0\0\x87\x12\
\0\0\x62\0\0\0\0\0\0\0\xa6\0\0\0\x1a\0\0\0\x80\0\0\0\xc6\x0e\0\0\x77\0\0\0\xa0\
\0\0\0\0\0\0\0\x02\0\0\x05\x28\0\0\0\x90\x20\0\0\x1a\x01\0\0\0\0\0\0\0\0\0\0\
\x57\x01\0\0\0\0\0\0\0\0\0\0\x02\0\0\x04\x20\0\0\0\x85\x22\0\0\x2c\0\0\0\0\0\0\
\0\x8f\x22\0\0\x58\x01\0\0\x80\0\0\0\x94\x22\0\0\x02\0\0\x04\x10\0\0\0\xa0\x22\
\0\0\x59\x01\0\0\0\0\0\0\xa5\x22\0\0\x0f\0\0\0\x40\0\0\0\0\0\0\0\0\0\0\x02\x5a\
\x01\0\0\xb7\x22\0\0\0\0\0\x07\0\0\0\0\0\0\0\0\0\0\0\x02\x55\x02\0\0\xc7\x22\0\
\0\x12\0\0\x04\x68\x02\0\0\xd6\x22\0\0\x5d\x01\0\0\0\0\0\0\xde\x22\0\0\x5d\x01\
\0\0\x40\x02\0\0\xe6\x22\0\0\x5d\x01\0\0\x80\x04\0\0\xa2\x04\0\0\xb6\0\0\0\xc0\
\x06\0\0\x69\x1c\0\0\x02\0\0\0\0\x07\0\0\xad\x18\0\0\x9d\0\0\0\x20\x07\0\0\xf1\
\x22\0\0\xf3\0\0\0\x40\x07\0\0\xc6\x1c\0\0\x63\x01\0\0\x80\x07\0\0\xac\0\0\0\
\x0f\0\0\0\x40\x08\0\0\xf7\x22\0\0\x77\0\0\0\x80\x08\0\0\x0c\x23\0\0\x2c\0\0\0\
\xc0\x08\0\0\x1e\x23\0\0\xfa\0\0\0\x40\x09\0\0\x34\x23\0\0\xab\0\0\0\x80\x09\0\
\0\x91\x13\0\0\x59\0\0\0\xc0\x0a\0\0\x40\x23\0\0\x66\x01\0\0\xc0\x0b\0\0\x44\
\x23\0\0\x7c\x01\0\0\xc0\x0e\0\0\x06\x1e\0\0\x7d\x01\0\0\0\x0f\0\0\x4c\x23\0\0\
\x7e\x01\0\0\x40\x0f\0\0\x57\x23\0\0\x02\0\0\x04\x48\0\0\0\x63\x23\0\0\x14\0\0\
\0\0\0\0\0\0\0\0\0\x5e\x01\0\0\x40\0\0\0\0\0\0\0\x02\0\0\x05\x40\0\0\0\x6e\x23\
\0\0\x60\x01\0\0\0\0\0\0\0\0\0\0\x61\x01\0\0\0\0\0\0\x75\x23\0\0\x03\0\0\x04\
\x0c\0\0\0\x94\x1c\0\0\x14\0\0\0\0\0\0\0\x84\x23\0\0\x14\0\0\0\x20\0\0\0\xd9\
\x0a\0\0\x14\0\0\0\x40\0\0\0\0\0\0\0\0\0\0\x03\0\0\0\0\x5f\x01\0\0\x04\0\0\0\
\x05\0\0\0\0\0\0\0\x02\0\0\x04\x10\0\0\0\x90\x23\0\0\x62\x01\0\0\0\0\0\0\x98\
\x23\0\0\x62\x01\0\0\x40\0\0\0\0\0\0\0\0\0\0\x02\x5f\x01\0\0\xa0\x23\0\0\x04\0\
\0\x04\x18\0\0\0\xaa\x23\0\0\x5a\0\0\0\0\0\0\0\xb2\x23\0\0\x64\x01\0\0\x40\0\0\
\0\xb6\x23\0\0\x16\0\0\0\x80\0\0\0\xd9\x0a\0\0\x1a\0\0\0\xa0\0\0\0\0\0\0\0\0\0\
\0\x02\x65\x01\0\0\0\0\0\0\0\0\0\x0a\xdb\x06\0\0\xbb\x23\0\0\x02\0\0\x04\x60\0\
\0\0\xc9\x23\0\0\x67\x01\0\0\0\0\0\0\xd1\x23\0\0\x6a\x01\0\0\x40\0\0\0\0\0\0\0\
\0\0\0\x02\x68\x01\0\0\0\0\0\0\x01\0\0\x0d\x02\0\0\0\0\0\0\0\x69\x01\0\0\0\0\0\
\0\0\0\0\x02\x66\x01\0\0\xd5\x23\0\0\x02\0\0\x04\x58\0\0\0\xdd\x23\0\0\x6b\x01\
\0\0\0\0\0\0\xa0\x22\0\0\x36\0\0\0\x80\x02\0\0\xe4\x23\0\0\x08\0\0\x04\x50\0\0\
\0\0\0\0\0\x6c\x01\0\0\0\0\0\0\xf5\x23\0\0\xeb\0\0\0\xc0\0\0\0\x03\x24\0\0\x6e\
\x01\0\0\0\x01\0\0\xa0\x22\0\0\x79\x01\0\0\x40\x01\0\0\x40\x23\0\0\x69\x01\0\0\
\x80\x01\0\0\xa2\x04\0\0\x7a\x01\0\0\xc0\x01\0\0\xe2\x11\0\0\x7b\x01\0\0\0\x02\
\0\0\x6f\x1c\0\0\xe0\0\0\0\x40\x02\0\0\0\0\0\0\x02\0\0\x05\x18\0\0\0\0\0\0\0\
\x6d\x01\0\0\0\0\0\0\x87\x12\0\0\x62\0\0\0\0\0\0\0\0\0\0\0\x04\0\0\x04\x18\0\0\
\0\x11\x24\0\0\x6e\x01\0\0\0\0\0\0\x1b\x24\0\0\x02\0\0\0\x40\0\0\0\xd9\x0a\0\0\
\x02\0\0\0\x60\0\0\0\x20\x24\0\0\x02\0\0\0\x80\0\0\0\0\0\0\0\0\0\0\x02\x71\x01\
\0\0\x25\x24\0\0\x02\0\0\x04\x20\0\0\0\x30\x24\0\0\x16\0\0\0\0\0\0\0\x35\x24\0\
\0\x70\x01\0\0\x40\0\0\0\x3a\x24\0\0\x02\0\0\x04\x18\0\0\0\x73\x10\0\0\x3a\0\0\
\0\0\0\0\0\x4b\x24\0\0\x2c\0\0\0\x40\0\0\0\x11\x24\0\0\x09\0\0\x04\x40\0\0\0\
\x55\x24\0\0\xc2\0\0\0\0\0\0\0\x47\x13\0\0\x19\0\0\0\x40\0\0\0\x5e\x24\0\0\x02\
\0\0\0\x80\0\0\0\x65\x24\0\0\x72\x01\0\0\xa0\0\0\0\x6a\x24\0\0\x6e\x01\0\0\xc0\
\0\0\0\x70\x24\0\0\x73\x01\0\0\0\x01\0\0\xb1\x1b\0\0\x78\x01\0\0\x40\x01\0\0\
\x7d\x24\0\0\x19\0\0\0\x80\x01\0\0\x84\x24\0\0\x19\0\0\0\xc0\x01\0\0\x8b\x24\0\
\0\0\0\0\x08\x24\0\0\0\0\0\0\0\0\0\0\x02\x74\x01\0\0\x70\x24\0\0\0\0\0\x08\x75\
\x01\0\0\0\0\0\0\x05\0\0\x0d\x02\0\0\0\0\0\0\0\x6e\x01\0\0\0\0\0\0\x02\0\0\0\0\
\0\0\0\x19\0\0\0\0\0\0\0\x76\x01\0\0\0\0\0\0\x77\x01\0\0\0\0\0\0\0\0\0\x02\x10\
\x01\0\0\0\0\0\0\0\0\0\x02\x91\0\0\0\0\0\0\0\0\0\0\x02\x36\x07\0\0\0\0\0\0\0\0\
\0\x02\x37\x07\0\0\0\0\0\0\0\0\0\x02\x6a\x01\0\0\0\0\0\0\0\0\0\x02\x38\x07\0\0\
\0\0\0\0\0\0\0\x02\x6b\x01\0\0\0\0\0\0\0\0\0\x02\x7f\x01\0\0\0\0\0\0\0\0\0\x03\
\0\0\0\0\x44\0\0\0\x04\0\0\0\x10\0\0\0\x06\x1e\0\0\x05\0\0\x04\xa0\0\0\0\xe2\
\x11\0\0\xe8\0\0\0\0\0\0\0\xc6\x1c\0\0\xb6\0\0\0\x80\0\0\0\x0d\x19\0\0\x9d\0\0\
\0\xc0\0\0\0\xd9\x0a\0\0\x1c\0\0\0\xe0\0\0\0\x93\x24\0\0\x80\x01\0\0\0\x01\0\0\
\0\0\0\0\0\0\0\x03\0\0\0\0\x5a\0\0\0\x04\0\0\0\x10\0\0\0\0\0\0\0\0\0\0\x02\x60\
\x07\0\0\0\0\0\0\x02\0\0\x05\x10\0\0\0\x9a\x24\0\0\x02\0\0\0\0\0\0\0\x87\x12\0\
\0\x62\0\0\0\0\0\0\0\0\0\0\0\0\0\0\x03\0\0\0\0\xc4\0\0\0\x04\0\0\0\x10\0\0\0\0\
\0\0\0\0\0\0\x02\x9a\x07\0\0\xa2\x24\0\0\x01\0\0\x04\x08\0\0\0\xab\x24\0\0\x86\
\x01\0\0\0\0\0\0\0\0\0\0\0\0\0\x02\x9b\x07\0\0\xb5\x24\0\0\x01\0\0\x04\x10\0\0\
\0\xbe\x24\0\0\x2c\0\0\0\0\0\0\0\0\0\0\0\0\0\0\x02\x95\x07\0\0\0\0\0\0\0\0\0\
\x02\x9c\x07\0\0\0\0\0\0\0\0\0\x02\x33\x03\0\0\0\0\0\0\0\0\0\x02\x9d\x07\0\0\0\
\0\0\0\0\0\0\x02\x9e\x07\0\0\xc8\x24\0\0\0\0\0\x08\x8e\x01\0\0\0\0\0\0\x01\0\0\
\x04\x08\0\0\0\xd1\x24\0\0\x73\0\0\0\0\0\0\0\xd5\x24\0\0\x02\0\0\x04\x18\0\0\0\
\x8b\x12\0\0\x2c\0\0\0\0\0\0\0\x2a\x06\0\0\x8d\x01\0\0\x80\0\0\0\0\0\0\0\0\0\0\
\x02\x9f\x07\0\0\xb3\x06\0\0\x03\0\0\x04\x10\0\0\0\x65\x24\0\0\x02\0\0\0\0\0\0\
\0\xe0\x24\0\0\x1c\0\0\0\x20\0\0\0\xed\x24\0\0\x92\x01\0\0\x40\0\0\0\0\0\0\0\0\
\0\0\x02\xa0\x07\0\0\xf4\x24\0\0\0\0\0\x04\0\0\0\0\x0a\x25\0\0\x01\0\0\x04\x08\
\0\0\0\x60\x0b\0\0\x95\x01\0\0\0\0\0\0\0\0\0\0\0\0\0\x02\x94\x01\0\0\0\0\0\0\0\
\0\0\x02\xa1\x07\0\0\0\0\0\0\0\0\0\x02\x8b\x07\0\0\0\0\0\0\0\0\0\x02\xa2\x07\0\
\0\0\0\0\0\0\0\0\x02\xa3\x07\0\0\0\0\0\0\0\0\0\x02\xbf\x03\0\0\0\0\0\0\0\0\0\
\x02\x8c\x07\0\0\0\0\0\0\0\0\0\x02\xa4\x07\0\0\0\0\0\0\0\0\0\x02\x9e\x01\0\0\
\x16\x25\0\0\0\0\0\x08\x6b\x07\0\0\x27\x25\0\0\x08\0\0\x04\x40\0\0\0\x3a\x25\0\
\0\x10\0\0\0\0\0\0\0\x40\x25\0\0\x10\0\0\0\x40\0\0\0\x46\x25\0\0\x10\0\0\0\x80\
\0\0\0\x4c\x25\0\0\x10\0\0\0\xc0\0\0\0\x52\x25\0\0\x10\0\0\0\0\x01\0\0\x59\x25\
\0\0\x10\0\0\0\x40\x01\0\0\x64\x25\0\0\x10\0\0\0\x80\x01\0\0\x70\x25\0\0\x10\0\
\0\0\xc0\x01\0\0\x86\x25\0\0\0\0\0\x08\xa1\x01\0\0\0\0\0\0\x01\0\0\x04\x08\0\0\
\0\x7a\x14\0\0\x73\0\0\0\0\0\0\0\x91\x25\0\0\0\0\0\x08\xa3\x01\0\0\xa5\x25\0\0\
\x01\0\0\x04\x04\0\0\0\x1e\x1a\0\0\xac\0\0\0\0\0\0\0\0\0\0\0\0\0\0\x02\x3f\x03\
\0\0\0\0\0\0\0\0\0\x02\xa5\x07\0\0\0\0\0\0\0\0\0\x02\xa6\x07\0\0\0\0\0\0\0\0\0\
\x02\xa7\x07\0\0\0\0\0\0\0\0\0\x02\xa9\x01\0\0\xb7\x25\0\0\x1c\0\0\x04\x10\x01\
\0\0\xca\x25\0\0\xaa\x01\0\0\0\0\0\0\x73\x10\0\0\x3a\0\0\0\x40\0\0\0\xa7\x18\0\
\0\x8f\0\0\0\x80\0\0\0\xce\x25\0\0\x2c\0\0\0\x80\x01\0\0\xde\x25\0\0\xab\x01\0\
\0\0\x02\0\0\xec\x25\0\0\xab\x01\0\0\x80\x02\0\0\xfc\x25\0\0\x2c\0\0\0\0\x03\0\
\0\x07\x26\0\0\x2c\0\0\0\x80\x03\0\0\x15\x26\0\0\x2c\0\0\0\0\x04\0\0\x25\x26\0\
\0\x02\0\0\0\x80\x04\0\0\x2f\x26\0\0\x02\0\0\0\xa0\x04\0\0\x39\x26\0\0\x02\0\0\
\0\xc0\x04\0\0\x43\x26\0\0\x02\0\0\0\xe0\x04\0\0\x4b\x26\0\0\x02\0\0\0\0\x05\0\
\0\x53\x26\0\0\x02\0\0\0\x20\x05\0\0\x62\x26\0\0\x02\0\0\0\x40\x05\0\0\x73\x26\
\0\0\x1a\0\0\0\x60\x05\0\0\x7c\x26\0\0\x25\0\0\0\x80\x05\0\0\xc3\x1b\0\0\x10\0\
\0\0\xc0\x05\0\0\x81\x26\0\0\x10\0\0\0\0\x06\0\0\x8b\x26\0\0\x10\0\0\0\x40\x06\
\0\0\x96\x26\0\0\xa8\x01\0\0\x80\x06\0\0\xa1\x26\0\0\x10\0\0\0\xc0\x06\0\0\xac\
\x26\0\0\x10\0\0\0\0\x07\0\0\xb7\x26\0\0\x02\0\0\0\x40\x07\0\0\xc1\x26\0\0\x19\
\0\0\0\x80\x07\0\0\x99\x13\0\0\x62\0\0\0\xc0\x07\0\0\xcf\x26\0\0\xac\x01\0\0\
\x40\x08\0\0\0\0\0\0\0\0\0\x02\xcb\x01\0\0\xda\x26\0\0\x02\0\0\x04\x10\0\0\0\
\xec\x26\0\0\x36\0\0\0\0\0\0\0\xfc\x20\0\0\x10\0\0\0\x40\0\0\0\xf1\x26\0\0\0\0\
\0\x08\xad\x01\0\0\0\0\0\0\x01\0\0\x04\x08\0\0\0\xf9\x26\0\0\x5a\0\0\0\0\0\0\0\
\0\0\0\0\0\0\0\x03\0\0\0\0\xa8\x01\0\0\x04\0\0\0\x02\0\0\0\0\0\0\0\0\0\0\x02\
\xa8\x07\0\0\xfb\x26\0\0\0\0\0\x04\0\0\0\0\0\0\0\0\x02\0\0\x05\x10\0\0\0\x10\
\x27\0\0\x1a\0\0\0\0\0\0\0\x87\x12\0\0\x62\0\0\0\0\0\0\0\0\0\0\0\0\0\0\x02\x3d\
\x02\0\0\x1a\x27\0\0\x03\0\0\x04\x10\0\0\0\x24\x27\0\0\xb4\x01\0\0\0\0\0\0\x29\
\x27\0\0\x15\0\0\0\x40\0\0\0\xc2\x19\0\0\x15\0\0\0\x60\0\0\0\0\0\0\0\0\0\0\x02\
\x3e\x02\0\0\0\0\0\0\0\0\0\x02\xa9\x07\0\0\0\0\0\0\0\0\0\x02\x8a\x07\0\0\0\0\0\
\0\0\0\0\x02\xaa\x07\0\0\xce\x09\0\0\0\0\0\x04\0\0\0\0\x30\x27\0\0\x04\0\0\x04\
\x28\0\0\0\x58\x13\0\0\xe8\0\0\0\0\0\0\0\x2f\x12\0\0\x0f\0\0\0\x80\0\0\0\xf4\
\x11\0\0\xba\x01\0\0\xc0\0\0\0\xac\0\0\0\x14\0\0\0\0\x01\0\0\0\0\0\0\0\0\0\x02\
\xbb\x01\0\0\0\0\0\0\x01\0\0\x0d\0\0\0\0\0\0\0\0\xbc\x01\0\0\0\0\0\0\0\0\0\x02\
\xb9\x01\0\0\0\0\0\0\0\0\0\x02\xab\x07\0\0\0\0\0\0\0\0\0\x02\xa8\x05\0\0\0\0\0\
\0\0\0\0\x02\xac\x07\0\0\x3b\x27\0\0\x01\0\0\x04\x08\0\0\0\x94\x1c\0\0\x20\0\0\
\0\0\0\0\0\x46\x27\0\0\x0d\0\0\x04\x40\x04\0\0\x54\x27\0\0\xc2\x01\0\0\0\0\0\0\
\x60\x27\0\0\xc3\x01\0\0\x80\x03\0\0\x63\x27\0\0\x16\0\0\0\x80\x14\0\0\x6e\x27\
\0\0\x19\0\0\0\xc0\x14\0\0\x78\x27\0\0\x16\0\0\0\0\x15\0\0\x7f\x27\0\0\x16\0\0\
\0\x20\x15\0\0\x8d\x27\0\0\x0f\0\0\0\x40\x15\0\0\x9b\x27\0\0\x0f\0\0\0\x80\x15\
\0\0\xa6\x27\0\0\xc8\x01\0\0\xc0\x15\0\0\xac\x27\0\0\x30\x03\0\0\x40\x1e\0\0\
\xb6\x27\0\0\x32\x03\0\0\xc0\x20\0\0\xc2\x27\0\0\x10\0\0\0\x40\x21\0\0\xcb\x27\
\0\0\x10\0\0\0\x80\x21\0\0\x54\x27\0\0\x0d\0\0\x04\x68\0\0\0\xd6\x27\0\0\x0f\0\
\0\0\0\0\0\0\xda\x27\0\0\x0f\0\0\0\x40\0\0\0\xde\x27\0\0\x0f\0\0\0\x80\0\0\0\
\xe2\x27\0\0\x0f\0\0\0\xc0\0\0\0\xe6\x27\0\0\x0f\0\0\0\0\x01\0\0\xea\x27\0\0\
\x0f\0\0\0\x40\x01\0\0\xee\x27\0\0\x0f\0\0\0\x80\x01\0\0\xf2\x27\0\0\x0f\0\0\0\
\xc0\x01\0\0\xf6\x27\0\0\x0f\0\0\0\0\x02\0\0\xfa\x27\0\0\x0f\0\0\0\x40\x02\0\0\
\xfe\x27\0\0\x0f\0\0\0\x80\x02\0\0\x01\x28\0\0\x0f\0\0\0\xc0\x02\0\0\x04\x28\0\
\0\x0f\0\0\0\0\x03\0\0\0\0\0\0\x03\0\0\x04\x20\x02\0\0\x07\x28\0\0\x0f\0\0\0\0\
\0\0\0\x10\x28\0\0\x0f\0\0\0\x40\0\0\0\x1a\x28\0\0\xc4\x01\0\0\x80\0\0\0\x27\
\x28\0\0\x04\0\0\x04\x10\x02\0\0\x39\x28\0\0\xc7\x01\0\0\0\0\0\0\x3f\x28\0\0\
\x15\0\0\0\0\x10\0\0\x44\x28\0\0\x15\0\0\0\x20\x10\0\0\x49\x28\0\0\xf9\0\0\0\
\x40\x10\0\0\x54\x28\0\0\0\0\0\x08\xc6\x01\0\0\x60\x28\0\0\0\0\0\x01\x10\0\0\0\
\x80\0\0\0\0\0\0\0\0\0\0\x03\0\0\0\0\xc5\x01\0\0\x04\0\0\0\x20\0\0\0\x72\x28\0\
\0\x05\0\0\x04\x10\x01\0\0\x7d\x28\0\0\x02\0\0\0\0\0\0\0\x8c\x28\0\0\x02\0\0\0\
\x20\0\0\0\x99\x28\0\0\x02\0\0\0\x40\0\0\0\xa6\x28\0\0\x2f\x03\0\0\x80\0\0\0\
\xb0\x28\0\0\x2f\x03\0\0\x80\x04\0\0\0\0\0\0\0\0\0\x02\xca\x01\0\0\xba\x28\0\0\
\x49\0\0\x04\xb0\x04\0\0\xc5\x28\0\0\x2c\0\0\0\0\0\0\0\xd1\x28\0\0\x2c\0\0\0\
\x80\0\0\0\xde\x28\0\0\x2c\0\0\0\0\x01\0\0\xa9\x0b\0\0\x2a\0\0\0\x80\x01\0\0\
\xea\x28\0\0\x10\0\0\0\x40\x02\0\0\xf6\x28\0\0\x2c\0\0\0\x80\x02\0\0\x04\x29\0\
\0\xe8\0\0\0\0\x03\0\0\x10\x29\0\0\x2c\0\0\0\x80\x03\0\0\x1d\x29\0\0\x02\0\0\0\
\0\x04\0\0\x29\x29\0\0\x02\0\0\0\x20\x04\0\0\x34\x29\0\0\x02\0\0\0\x40\x04\0\0\
\xba\x04\0\0\xc9\x01\0\0\x80\x04\0\0\xca\x25\0\0\xaa\x01\0\0\xc0\x04\0\0\x3f\
\x29\0\0\x19\0\0\0\0\x05\0\0\x02\x12\0\0\xdc\x02\0\0\x40\x05\0\0\x4b\x29\0\0\
\x16\0\0\0\x60\x05\0\0\xd9\x0a\0\0\xdd\x02\0\0\x80\x05\0\0\x58\x29\0\0\x5b\0\0\
\0\xc0\x05\0\0\x64\x29\0\0\x10\0\0\0\0\x06\0\0\x77\x29\0\0\x10\0\0\0\x40\x06\0\
\0\x8a\x29\0\0\x10\0\0\0\x80\x06\0\0\x91\x29\0\0\xdf\x02\0\0\xc0\x06\0\0\x96\
\x29\0\0\x22\0\0\0\xc0\x0a\0\0\xa2\x29\0\0\x22\0\0\0\xd0\x0a\0\0\xb1\x29\0\0\
\x22\0\0\0\xe0\x0a\0\0\xbb\x29\0\0\xe4\x02\0\0\0\x0b\0\0\x40\0\0\0\xa8\x01\0\0\
\0\x11\0\0\x73\x26\0\0\x5a\0\0\0\x40\x11\0\0\xbe\x29\0\0\x5b\0\0\0\x80\x11\0\0\
\xd7\x29\0\0\x5b\0\0\0\xc0\x11\0\0\xf0\x29\0\0\x8f\0\0\0\0\x12\0\0\xfc\x29\0\0\
\x2c\0\0\0\0\x13\0\0\xa2\x04\0\0\xc9\x01\0\0\x80\x13\0\0\x07\x2a\0\0\x02\0\0\0\
\xc0\x13\0\0\xcb\0\0\0\x02\0\0\0\xe0\x13\0\0\x0d\x2a\0\0\x2c\0\0\0\0\x14\0\0\
\xad\x18\0\0\x25\0\0\0\x80\x14\0\0\x19\x2a\0\0\x8f\0\0\0\xc0\x14\0\0\x24\x2a\0\
\0\x1c\0\0\0\xc0\x15\0\0\x2a\0\0\0\xd6\x02\0\0\0\x16\0\0\x2f\x2a\0\0\x2c\0\0\0\
\x40\x16\0\0\x38\x2a\0\0\x0f\0\0\0\xc0\x16\0\0\x44\x2a\0\0\x02\0\0\0\0\x17\0\0\
\x50\x2a\0\0\xe3\0\0\0\x40\x17\0\0\x56\x2a\0\0\x52\x02\0\0\0\x18\0\0\x5d\x2a\0\
\0\x16\0\0\0\x40\x18\0\0\x6c\x2a\0\0\x16\0\0\0\x60\x18\0\0\x79\x2a\0\0\x16\0\0\
\0\x80\x18\0\0\x89\x2a\0\0\x16\0\0\0\xa0\x18\0\0\x99\x2a\0\0\x0f\0\0\0\xc0\x18\
\0\0\xa6\x2a\0\0\xf5\x02\0\0\0\x19\0\0\xb2\x2a\0\0\x62\0\0\0\xc0\x19\0\0\xbf\
\x2a\0\0\x16\0\0\0\x40\x1a\0\0\xcc\x2a\0\0\x1c\0\0\0\x60\x1a\0\0\xd8\x2a\0\0\
\xf9\x02\0\0\x80\x1a\0\0\xe5\x2a\0\0\xfa\x02\0\0\x40\x1b\0\0\xf8\x2a\0\0\x0f\0\
\0\0\x80\x1b\0\0\x09\x2b\0\0\xc9\x01\0\0\xc0\x1b\0\0\xcf\x1f\0\0\xbb\x02\0\0\0\
\x1c\0\0\x99\x13\0\0\x62\0\0\0\x40\x1c\0\0\xc6\x1c\0\0\xe6\0\0\0\xc0\x1c\0\0\
\xf8\x12\0\0\x10\0\0\0\0\x1d\0\0\x13\x2b\0\0\xfd\x02\0\0\x40\x1d\0\0\x19\x2b\0\
\0\xff\x02\0\0\x80\x1d\0\0\x2a\x2b\0\0\x19\0\0\0\xc0\x1d\0\0\x43\x2b\0\0\xff\
\x02\0\0\0\x1e\0\0\x59\x2b\0\0\x16\x03\0\0\x40\x1e\0\0\x5e\x2b\0\0\x10\0\0\0\
\x80\x1e\0\0\x69\x2b\0\0\x1c\x02\0\0\xc0\x1e\0\0\xed\x24\0\0\x1d\x03\0\0\0\x1f\
\0\0\x72\x2b\0\0\x24\x03\0\0\x40\x1f\0\0\x29\x0a\0\0\x19\0\0\0\xc0\x24\0\0\x7d\
\x2b\0\0\x2c\0\0\0\0\x25\0\0\xca\x25\0\0\x27\0\0\x04\x28\x01\0\0\x58\x13\0\0\
\x2c\0\0\0\0\0\0\0\x85\x2b\0\0\xcc\x01\0\0\x80\0\0\0\x8c\x2b\0\0\xcd\x01\0\0\
\xc0\0\0\0\x90\x2b\0\0\xce\x01\0\0\0\x01\0\0\x9c\x2b\0\0\xce\x01\0\0\x40\x01\0\
\0\x63\x1f\0\0\xc2\0\0\0\x80\x01\0\0\x19\0\0\0\x02\0\0\0\xc0\x01\0\0\xa8\x2b\0\
\0\x02\0\0\0\xe0\x01\0\0\xb5\x2b\0\0\xec\0\0\0\0\x02\0\0\xc7\x2b\0\0\xb0\x02\0\
\0\x40\x02\0\0\xd7\x2b\0\0\x1c\0\0\0\x80\x02\0\0\xe5\x2b\0\0\x02\0\0\0\xa0\x02\
\0\0\xf1\x2b\0\0\x02\0\0\0\xc0\x02\0\0\x05\x2c\0\0\x16\0\0\0\xe0\x02\0\0\x15\
\x2c\0\0\xb1\x02\0\0\0\x03\0\0\x20\x2c\0\0\xb1\x02\0\0\x40\x03\0\0\x2c\x2c\0\0\
\xb3\x02\0\0\x80\x03\0\0\x37\x2c\0\0\xb5\x02\0\0\xc0\x03\0\0\x44\x2c\0\0\xb5\
\x02\0\0\0\x04\0\0\x53\x2c\0\0\xb7\x02\0\0\x40\x04\0\0\x57\x2c\0\0\xb9\x02\0\0\
\x80\x04\0\0\xbc\x19\0\0\xb9\x02\0\0\xc0\x04\0\0\x5b\x2c\0\0\xb9\x02\0\0\0\x05\
\0\0\xe0\x1f\0\0\xbb\x02\0\0\x40\x05\0\0\x60\x2c\0\0\xbd\x02\0\0\x80\x05\0\0\
\x6a\x2c\0\0\xbf\x02\0\0\xc0\x05\0\0\x75\x2c\0\0\xb1\x02\0\0\0\x06\0\0\x80\x2c\
\0\0\xb3\x02\0\0\x40\x06\0\0\x8a\x2c\0\0\xc1\x02\0\0\x80\x06\0\0\x95\x2c\0\0\
\x47\x02\0\0\xc0\x06\0\0\xa4\x2c\0\0\xce\x02\0\0\0\x07\0\0\xb2\x2c\0\0\xd0\x02\
\0\0\x40\x07\0\0\xbc\x2c\0\0\xc8\x02\0\0\x80\x07\0\0\xc5\x2c\0\0\xd2\x02\0\0\
\xc0\x07\0\0\xd2\x2c\0\0\xd8\x02\0\0\0\x08\0\0\xe8\x2c\0\0\xbb\x02\0\0\x40\x08\
\0\0\xfa\x2c\0\0\xb3\x02\0\0\x80\x08\0\0\x0b\x2d\0\0\xb3\x02\0\0\xc0\x08\0\0\
\x18\x2d\0\0\xda\x02\0\0\0\x09\0\0\0\0\0\0\0\0\0\x02\xf5\x01\0\0\0\0\0\0\0\0\0\
\x02\xc4\x03\0\0\0\0\0\0\0\0\0\x02\xcf\x01\0\0\0\0\0\0\0\0\0\x02\xd0\x01\0\0\0\
\0\0\0\0\0\0\x0a\xd1\x01\0\0\x25\x2d\0\0\x05\0\0\x04\x28\0\0\0\x63\x1f\0\0\xc2\
\0\0\0\0\0\0\0\x35\x2d\0\0\xd2\x01\0\0\x40\0\0\0\x40\x2d\0\0\xdc\x01\0\0\x80\0\
\0\0\x4f\x2d\0\0\xae\x02\0\0\xc0\0\0\0\x55\x2d\0\0\xaf\x02\0\0\0\x01\0\0\0\0\0\
\0\0\0\0\x02\xd3\x01\0\0\0\0\0\0\x03\0\0\x0d\x72\x01\0\0\0\0\0\0\xd4\x01\0\0\0\
\0\0\0\xda\x01\0\0\0\0\0\0\x02\0\0\0\0\0\0\0\0\0\0\x02\xd5\x01\0\0\x5f\x2d\0\0\
\x0c\0\0\x84\x40\0\0\0\x63\x1f\0\0\xc2\0\0\0\0\0\0\0\x58\x13\0\0\x2c\0\0\0\x40\
\0\0\0\xa2\x04\0\0\xd4\x01\0\0\xc0\0\0\0\x67\x2d\0\0\xd6\x01\0\0\0\x01\0\0\x6c\
\x2d\0\0\xd7\x01\0\0\x40\x01\0\0\x72\x2d\0\0\xd8\x01\0\0\x80\x01\0\0\x75\x2d\0\
\0\xd9\x01\0\0\xc0\x01\0\0\x7a\x2d\0\0\x16\0\0\0\xe0\x01\0\x01\x8c\x2d\0\0\x16\
\0\0\0\xe1\x01\0\x01\x9b\x2d\0\0\x16\0\0\0\xe2\x01\0\x01\xb1\x2d\0\0\x16\0\0\0\
\xe3\x01\0\x01\xca\x2d\0\0\x16\0\0\0\xe4\x01\0\x01\0\0\0\0\0\0\0\x02\x09\x05\0\
\0\0\0\0\0\0\0\0\x02\xef\x06\0\0\0\0\0\0\0\0\0\x02\x42\x03\0\0\x75\x2d\0\0\x01\
\0\0\x04\x04\0\0\0\x73\x26\0\0\x1a\0\0\0\0\0\0\0\0\0\0\0\0\0\0\x02\xdb\x01\0\0\
\xda\x2d\0\0\x02\0\0\x04\x10\0\0\0\x63\x1f\0\0\xc2\0\0\0\0\0\0\0\x65\x24\0\0\
\x72\x01\0\0\x40\0\0\0\0\0\0\0\0\0\0\x02\xdd\x01\0\0\0\0\0\0\x03\0\0\x0d\x72\
\x01\0\0\0\0\0\0\xd4\x01\0\0\0\0\0\0\xde\x01\0\0\0\0\0\0\x02\0\0\0\0\0\0\0\0\0\
\0\x02\xdf\x01\0\0\xe4\x2d\0\0\x07\0\0\x04\x40\0\0\0\x91\x29\0\0\xdb\x01\0\0\0\
\0\0\0\xc2\x19\0\0\x10\x01\0\0\x80\0\0\0\x19\x21\0\0\x19\0\0\0\xc0\0\0\0\xc9\
\x17\0\0\xe0\x01\0\0\0\x01\0\0\xe0\x1f\0\0\xaa\x02\0\0\x40\x01\0\0\xf2\x2d\0\0\
\xaa\x02\0\0\x80\x01\0\0\x11\x15\0\0\xac\x02\0\0\xc0\x01\0\0\0\0\0\0\0\0\0\x02\
\xe1\x01\0\0\0\0\0\0\x01\0\0\x0d\xa5\0\0\0\0\0\0\0\0\0\0\0\xf8\x2d\0\0\x0f\0\0\
\x04\xc0\0\0\0\x06\x2e\0\0\x87\0\0\0\0\0\0\0\x0b\x2e\0\0\xa6\x02\0\0\x40\0\0\0\
\x13\x2e\0\0\xab\0\0\0\xc0\0\0\0\x23\x2e\0\0\xa7\x02\0\0\0\x02\0\0\x2c\x2e\0\0\
\x1c\0\0\0\x20\x02\0\0\x3c\x2e\0\0\x35\0\0\0\x40\x02\0\0\x43\x2e\0\0\xab\0\0\0\
\xc0\x02\0\0\x50\x2e\0\0\x0f\0\0\0\0\x04\0\0\x58\x2e\0\0\x0f\0\0\0\x40\x04\0\0\
\x68\x2e\0\0\xa8\x02\0\0\x80\x04\0\0\xac\0\0\0\x0f\0\0\0\xc0\x04\0\0\x6e\x2e\0\
\0\xa6\0\0\0\0\x05\0\0\x75\x2e\0\0\x8a\0\0\0\x20\x05\0\0\x82\x2e\0\0\x2c\0\0\0\
\x40\x05\0\0\xb7\x17\0\0\x19\0\0\0\xc0\x05\0\0\x8f\x2e\0\0\x32\0\0\x04\x68\x02\
\0\0\x95\x2e\0\0\x72\x01\0\0\0\0\0\0\x9c\x2e\0\0\x24\0\0\0\x10\0\0\0\xa6\x2e\0\
\0\x9d\0\0\0\x20\0\0\0\xac\x2e\0\0\xf3\0\0\0\x40\0\0\0\xb2\x2e\0\0\x16\0\0\0\
\x60\0\0\0\xba\x2e\0\0\xe4\x01\0\0\x80\0\0\0\xc0\x2e\0\0\xe4\x01\0\0\xc0\0\0\0\
\xce\x2e\0\0\xe9\x01\0\0\0\x01\0\0\xd3\x2e\0\0\xeb\x01\0\0\x40\x01\0\0\xd8\x2e\
\0\0\xa5\0\0\0\x80\x01\0\0\xe2\x2e\0\0\x19\0\0\0\xc0\x01\0\0\xed\x2e\0\0\x0f\0\
\0\0\0\x02\0\0\0\0\0\0\xec\x01\0\0\x40\x02\0\0\xf3\x2e\0\0\xee\x01\0\0\x60\x02\
\0\0\xfa\x2e\0\0\x91\0\0\0\x80\x02\0\0\x01\x2f\0\0\xf0\x01\0\0\xc0\x02\0\0\x09\
\x2f\0\0\xf0\x01\0\0\x40\x03\0\0\x11\x2f\0\0\xf0\x01\0\0\xc0\x03\0\0\x19\x2f\0\
\0\x8a\0\0\0\x40\x04\0\0\x20\x2f\0\0\x24\0\0\0\x60\x04\0\0\x28\x2f\0\0\x40\0\0\
\0\x70\x04\0\0\x32\x2f\0\0\x40\0\0\0\x78\x04\0\0\x3f\x2f\0\0\xf1\x01\0\0\x80\
\x04\0\0\x48\x2f\0\0\x0f\0\0\0\xc0\x04\0\0\x50\x2f\0\0\xab\0\0\0\0\x05\0\0\x58\
\x2f\0\0\x0f\0\0\0\x40\x06\0\0\x65\x2f\0\0\x0f\0\0\0\x80\x06\0\0\x77\x2f\0\0\
\xe8\0\0\0\xc0\x06\0\0\x7e\x2f\0\0\x2c\0\0\0\x40\x07\0\0\x88\x2f\0\0\x2c\0\0\0\
\xc0\x07\0\0\x8e\x2f\0\0\x2c\0\0\0\x40\x08\0\0\x98\x2f\0\0\x2c\0\0\0\xc0\x08\0\
\0\0\0\0\0\xf2\x01\0\0\x40\x09\0\0\xa2\x2f\0\0\x5b\0\0\0\xc0\x09\0\0\xac\x2f\0\
\0\x5b\0\0\0\0\x0a\0\0\xb7\x2f\0\0\x1c\0\0\0\x40\x0a\0\0\xbf\x2f\0\0\x1c\0\0\0\
\x60\x0a\0\0\xcb\x2f\0\0\x1c\0\0\0\x80\x0a\0\0\xd8\x2f\0\0\x1c\0\0\0\xa0\x0a\0\
\0\0\0\0\0\xf3\x01\0\0\xc0\x0a\0\0\xe4\x2f\0\0\xa0\x02\0\0\0\x0b\0\0\xec\x2f\0\
\0\xe2\x01\0\0\x40\x0b\0\0\xf3\x2f\0\0\x2c\0\0\0\x40\x11\0\0\0\0\0\0\xa1\x02\0\
\0\xc0\x11\0\0\xfd\x2f\0\0\x15\0\0\0\0\x12\0\0\x0a\x30\0\0\x15\0\0\0\x20\x12\0\
\0\x1a\x30\0\0\xa3\x02\0\0\x40\x12\0\0\x2b\x30\0\0\xa4\x02\0\0\x80\x12\0\0\x38\
\x30\0\0\xa5\x02\0\0\xc0\x12\0\0\x46\x30\0\0\x19\0\0\0\0\x13\0\0\0\0\0\0\0\0\0\
\x02\xe5\x01\0\0\x50\x30\0\0\x04\0\0\x04\x20\0\0\0\x5a\x30\0\0\x1a\0\0\0\0\0\0\
\0\x65\x30\0\0\x62\0\0\0\x40\0\0\0\x6b\x30\0\0\x16\0\0\0\xc0\0\0\0\x73\x30\0\0\
\xe8\x01\0\0\xe0\0\0\0\x7d\x30\0\0\x03\0\0\x04\x08\0\0\0\x8d\x30\0\0\x06\x01\0\
\0\0\0\0\0\x93\x30\0\0\x24\0\0\0\x10\0\0\0\0\0\0\0\xe7\x01\0\0\x20\0\0\0\0\0\0\
\0\x02\0\0\x05\x04\0\0\0\x9a\x30\0\0\x9d\0\0\0\0\0\0\0\xa0\x30\0\0\xf3\0\0\0\0\
\0\0\0\0\0\0\0\0\0\0\x03\0\0\0\0\xe6\x01\0\0\x04\0\0\0\0\0\0\0\0\0\0\0\0\0\0\
\x02\xea\x01\0\0\0\0\0\0\0\0\0\x0a\x4a\x04\0\0\0\0\0\0\0\0\0\x02\xaa\x03\0\0\0\
\0\0\0\x02\0\0\x05\x04\0\0\0\xa6\x30\0\0\xed\x01\0\0\0\0\0\0\xae\x30\0\0\x16\0\
\0\0\0\0\0\0\0\0\0\0\0\0\0\x0a\x16\0\0\0\xb8\x30\0\0\0\0\0\x08\xef\x01\0\0\xbe\
\x30\0\0\0\0\0\x08\x14\0\0\0\xcd\x30\0\0\x02\0\0\x04\x10\0\0\0\x45\x1c\0\0\x03\
\x01\0\0\0\0\0\0\x4c\x1c\0\0\x44\0\0\0\x40\0\0\0\xd8\x30\0\0\0\0\0\x08\x10\0\0\
\0\0\0\0\0\x02\0\0\x05\x10\0\0\0\xe1\x30\0\0\xe0\0\0\0\0\0\0\0\xea\x30\0\0\x62\
\0\0\0\0\0\0\0\0\0\0\0\x02\0\0\x05\x08\0\0\0\xf0\x30\0\0\x88\0\0\0\0\0\0\0\xf6\
\x30\0\0\x9e\x02\0\0\0\0\0\0\x01\x31\0\0\x20\0\0\x04\0\x01\0\0\xad\x18\0\0\xcc\
\x01\0\0\0\0\0\0\x11\x31\0\0\x22\x02\0\0\x40\0\0\0\xe0\x1f\0\0\x24\x02\0\0\x80\
\0\0\0\xf2\x2d\0\0\x29\x02\0\0\xc0\0\0\0\x18\x31\0\0\x2b\x02\0\0\0\x01\0\0\x22\
\x31\0\0\x2b\x02\0\0\x40\x01\0\0\x2d\x31\0\0\x5b\x02\0\0\x80\x01\0\0\x34\x31\0\
\0\x5d\x02\0\0\xc0\x01\0\0\x3c\x31\0\0\x5d\x02\0\0\0\x02\0\0\xb1\x1b\0\0\x64\
\x02\0\0\x40\x02\0\0\x4b\x31\0\0\x6d\x02\0\0\x80\x02\0\0\x5a\x31\0\0\x6d\x02\0\
\0\xc0\x02\0\0\x11\x15\0\0\x6f\x02\0\0\0\x03\0\0\x67\x31\0\0\x0f\0\0\0\x40\x03\
\0\0\x7c\x31\0\0\x71\x02\0\0\x80\x03\0\0\x81\x31\0\0\x73\x02\0\0\xc0\x03\0\0\
\x87\x31\0\0\x71\x02\0\0\0\x04\0\0\x8f\x31\0\0\x76\x02\0\0\x40\x04\0\0\x56\x2a\
\0\0\x78\x02\0\0\x80\x04\0\0\x73\x10\0\0\x7a\x02\0\0\xc0\x04\0\0\x95\x31\0\0\
\x8a\x02\0\0\0\x05\0\0\x2c\x15\0\0\x7f\0\0\0\x40\x05\0\0\x9e\x31\0\0\x8c\x02\0\
\0\x80\x05\0\0\xaa\x31\0\0\x7a\x02\0\0\xc0\x05\0\0\xb0\x31\0\0\x8e\x02\0\0\0\
\x06\0\0\xbd\x31\0\0\x90\x02\0\0\x40\x06\0\0\xc9\x31\0\0\x92\x02\0\0\x80\x06\0\
\0\xd2\x31\0\0\x96\x02\0\0\xc0\x06\0\0\xdc\x31\0\0\x98\x02\0\0\0\x07\0\0\xe8\
\x31\0\0\x9a\x02\0\0\x40\x07\0\0\xf8\x31\0\0\x9c\x02\0\0\x80\x07\0\0\x09\x32\0\
\0\x76\x02\0\0\xc0\x07\0\0\x85\x2b\0\0\x3f\0\0\x04\x80\x03\0\0\x02\x12\0\0\xf6\
\x01\0\0\0\0\0\0\x8b\x12\0\0\x2c\0\0\0\x40\0\0\0\x63\x1f\0\0\xf7\x01\0\0\xc0\0\
\0\0\x11\x32\0\0\xf8\x01\0\0\x80\x02\0\0\x1a\x32\0\0\xf9\x01\0\0\x40\x03\0\0\
\x20\x32\0\0\xfb\x01\0\0\x40\x06\0\0\x2e\x32\0\0\xc2\0\0\0\x80\x06\0\0\x36\x32\
\0\0\xc2\0\0\0\xc0\x06\0\0\x41\x32\0\0\xd4\x01\0\0\0\x07\0\0\x4d\x32\0\0\xfc\
\x01\0\0\x40\x07\0\0\x52\x32\0\0\xfe\x01\0\0\x80\x07\0\0\x57\x32\0\0\x16\0\0\0\
\xc0\x07\0\0\x60\x32\0\0\x8f\0\0\0\0\x08\0\0\x6b\x32\0\0\0\x02\0\0\0\x09\0\0\
\x6e\x32\0\0\x16\0\0\0\x40\x09\0\0\x75\x32\0\0\x16\0\0\0\x60\x09\0\0\x82\x32\0\
\0\xfc\x01\0\0\x80\x09\0\0\x8b\x32\0\0\xfe\x01\0\0\xc0\x09\0\0\x94\x32\0\0\x77\
\0\0\0\0\x0a\0\0\xaa\x32\0\0\x77\0\0\0\x08\x0a\0\0\xc0\x32\0\0\x16\0\0\0\x20\
\x0a\0\0\xce\x32\0\0\x02\x02\0\0\x40\x0a\0\0\xd6\x32\0\0\x03\x02\0\0\x80\x0a\0\
\0\xdb\x32\0\0\x05\x02\0\0\0\x0c\0\0\xe7\x32\0\0\x05\x02\0\0\x80\x0e\0\0\xf3\
\x32\0\0\x09\x02\0\0\0\x11\0\0\xf8\x32\0\0\x0f\0\0\0\0\x12\0\0\xff\x32\0\0\x16\
\0\0\0\x40\x12\0\0\x08\x33\0\0\x2c\0\0\0\x80\x12\0\0\x11\x33\0\0\x0c\x02\0\0\0\
\x13\0\0\x1b\x33\0\0\x0d\x02\0\0\x40\x13\0\0\x24\x33\0\0\x0e\x02\0\0\x80\x13\0\
\0\x32\x33\0\0\x11\x02\0\0\x80\x14\0\0\x3d\x33\0\0\x12\x02\0\0\xc0\x14\0\0\x49\
\x33\0\0\x19\x01\0\0\0\x15\0\0\x4e\x33\0\0\x19\0\0\0\x40\x15\0\0\x55\x33\0\0\
\x16\0\0\0\x80\x15\0\0\x61\x33\0\0\x19\0\0\0\xc0\x15\0\0\x74\x33\0\0\x16\0\0\0\
\0\x16\0\0\x86\x33\0\0\x16\0\0\0\x20\x16\0\0\x96\x33\0\0\x13\x02\0\0\x40\x16\0\
\0\xa7\x33\0\0\x16\0\0\0\x80\x16\0\0\xb8\x33\0\0\x16\x02\0\0\xc0\x16\0\0\xc9\
\x33\0\0\x16\0\0\0\0\x17\0\0\xdc\x33\0\0\x18\x02\0\0\x40\x17\0\0\xeb\x33\0\0\
\x19\x02\0\0\x80\x17\0\0\xf8\x33\0\0\x16\0\0\0\xc0\x17\0\0\x09\x34\0\0\x16\0\0\
\0\xe0\x17\0\0\x1f\x34\0\0\x1a\x02\0\0\0\x18\0\0\x37\x34\0\0\x1b\x02\0\0\x40\
\x18\0\0\x44\x34\0\0\x16\0\0\0\x80\x18\0\0\x55\x34\0\0\x1d\x02\0\0\xc0\x18\0\0\
\x61\x34\0\0\x16\0\0\0\0\x19\0\0\x71\x34\0\0\x16\0\0\0\x20\x19\0\0\x86\x34\0\0\
\x1f\x02\0\0\x40\x19\0\0\x97\x34\0\0\x19\0\0\0\x80\x19\0\0\xaa\x34\0\0\x16\0\0\
\0\xc0\x19\0\0\xbc\x34\0\0\x1f\x02\0\0\0\x1a\0\0\xcd\x34\0\0\x16\0\0\0\x40\x1a\
\0\0\xe2\x34\0\0\x2c\0\0\0\x80\x1a\0\0\xee\x34\0\0\x2c\0\0\0\0\x1b\0\0\xfa\x34\
\0\0\x20\x02\0\0\x80\x1b\0\0\xe2\x12\0\0\x1c\0\0\0\xc0\x1b\0\0\xff\x34\0\0\x04\
\0\0\x06\x04\0\0\0\x0c\x35\0\0\0\0\0\0\x1e\x35\0\0\x01\0\0\0\x32\x35\0\0\x02\0\
\0\0\x45\x35\0\0\x03\0\0\0\0\0\0\0\0\0\0\x03\0\0\0\0\xc4\0\0\0\x04\0\0\0\x38\0\
\0\0\0\0\0\0\0\0\0\x03\0\0\0\0\x42\0\0\0\x04\0\0\0\x14\0\0\0\x5b\x35\0\0\x05\0\
\0\x04\x60\0\0\0\x6a\x35\0\0\xd5\x01\0\0\0\0\0\0\x6f\x35\0\0\xcc\x01\0\0\0\x02\
\0\0\x73\x35\0\0\xd4\x01\0\0\x40\x02\0\0\x7f\x35\0\0\xfa\x01\0\0\x80\x02\0\0\
\x82\x35\0\0\xeb\0\0\0\xc0\x02\0\0\0\0\0\0\0\0\0\x02\x1b\x07\0\0\0\0\0\0\0\0\0\
\x02\x1c\x07\0\0\0\0\0\0\0\0\0\x02\xfd\x01\0\0\0\0\0\0\0\0\0\x0a\x01\x02\0\0\0\
\0\0\0\0\0\0\x02\xff\x01\0\0\0\0\0\0\0\0\0\x0a\xfe\0\0\0\0\0\0\0\0\0\0\x02\x1d\
\x07\0\0\x92\x35\0\0\x03\0\0\x04\x0c\0\0\0\xa0\x35\0\0\x02\0\0\0\0\0\0\0\xad\
\x35\0\0\x02\0\0\0\x20\0\0\0\xb9\x35\0\0\x02\0\0\0\x40\0\0\0\0\0\0\0\0\0\0\x02\
\x1a\x07\0\0\0\0\0\0\0\0\0\x02\x04\x02\0\0\0\0\0\0\x01\0\0\x0d\x02\0\0\0\0\0\0\
\0\0\0\0\0\xca\x35\0\0\x06\0\0\x04\x50\0\0\0\xfd\x11\0\0\x19\0\0\0\0\0\0\0\xc2\
\x19\0\0\x16\0\0\0\x40\0\0\0\xd8\x35\0\0\x16\0\0\0\x60\0\0\0\xe2\x35\0\0\x16\0\
\0\0\x80\0\0\0\xea\x35\0\0\x16\0\0\0\xa0\0\0\0\xfd\x35\0\0\x06\x02\0\0\xc0\0\0\
\0\x01\x36\0\0\x02\0\0\x04\x38\0\0\0\x6f\x35\0\0\xcc\x01\0\0\0\0\0\0\xe2\x11\0\
\0\x07\x02\0\0\x40\0\0\0\x0f\x36\0\0\x01\0\0\x04\x30\0\0\0\xe2\x11\0\0\x08\x02\
\0\0\0\0\0\0\0\0\0\0\0\0\0\x03\0\0\0\0\x2a\0\0\0\x04\0\0\0\x02\0\0\0\x1f\x36\0\
\0\x03\0\0\x04\x20\0\0\0\x31\x36\0\0\x0a\x02\0\0\0\0\0\0\xd6\x32\0\0\x0a\x02\0\
\0\x60\0\0\0\x36\x36\0\0\x0b\x02\0\0\xc0\0\0\0\x49\x36\0\0\x03\0\0\x04\x0c\0\0\
\0\x55\x36\0\0\x02\0\0\0\0\0\0\0\x5f\x36\0\0\x02\0\0\0\x20\0\0\0\x6f\x36\0\0\
\x02\0\0\0\x40\0\0\0\0\0\0\0\0\0\0\x02\x1e\x07\0\0\0\0\0\0\0\0\0\x02\x1f\x07\0\
\0\0\0\0\0\0\0\0\x02\x0e\x02\0\0\x7f\x36\0\0\x04\0\0\x04\x20\0\0\0\x8c\x36\0\0\
\x0f\x02\0\0\0\0\0\0\x93\x36\0\0\x16\0\0\0\x40\0\0\0\x9e\x36\0\0\x19\x01\0\0\
\x80\0\0\0\xa5\x36\0\0\x19\x01\0\0\xc0\0\0\0\0\0\0\0\0\0\0\x02\x10\x02\0\0\xad\
\x36\0\0\0\0\0\x08\x20\x07\0\0\0\0\0\0\0\0\0\x02\x21\x07\0\0\0\0\0\0\0\0\0\x02\
\x22\x07\0\0\0\0\0\0\0\0\0\x02\x14\x02\0\0\xb7\x36\0\0\0\0\0\x08\x15\x02\0\0\0\
\0\0\0\0\0\0\x0a\x02\0\0\0\0\0\0\0\0\0\0\x02\x17\x02\0\0\0\0\0\0\0\0\0\x02\x23\
\x07\0\0\0\0\0\0\0\0\0\x02\x24\x07\0\0\0\0\0\0\0\0\0\x02\x26\x07\0\0\0\0\0\0\0\
\0\0\x02\xc2\0\0\0\0\0\0\0\0\0\0\x02\x1c\x02\0\0\0\0\0\0\0\0\0\x02\x17\x03\0\0\
\0\0\0\0\0\0\0\x02\x1e\x02\0\0\0\0\0\0\0\0\0\x02\x6a\x07\0\0\0\0\0\0\0\0\0\x02\
\x0f\0\0\0\0\0\0\0\0\0\0\x02\x21\x02\0\0\0\0\0\0\x01\0\0\x0d\0\0\0\0\0\0\0\0\0\
\0\0\0\0\0\0\0\0\0\0\x02\x23\x02\0\0\0\0\0\0\x03\0\0\x0d\x91\0\0\0\0\0\0\0\x81\
\0\0\0\0\0\0\0\x91\0\0\0\0\0\0\0\x02\0\0\0\0\0\0\0\0\0\0\x02\x25\x02\0\0\0\0\0\
\0\x04\0\0\x0d\x26\x02\0\0\0\0\0\0\x81\0\0\0\0\0\0\0\x19\x01\0\0\0\0\0\0\x10\
\x01\0\0\0\0\0\0\x77\x01\0\0\xc8\x36\0\0\0\0\0\x08\x27\x02\0\0\xd0\x36\0\0\0\0\
\0\x08\x28\x02\0\0\xe1\x36\0\0\0\0\0\x08\x44\0\0\0\0\0\0\0\0\0\0\x02\x2a\x02\0\
\0\0\0\0\0\x04\0\0\x0d\x26\x02\0\0\0\0\0\0\x81\0\0\0\0\0\0\0\xc2\0\0\0\0\0\0\0\
\x10\x01\0\0\0\0\0\0\x77\x01\0\0\0\0\0\0\0\0\0\x02\x2c\x02\0\0\0\0\0\0\x02\0\0\
\x0d\x26\x02\0\0\0\0\0\0\x2d\x02\0\0\0\0\0\0\x33\x02\0\0\0\0\0\0\0\0\0\x02\x2e\
\x02\0\0\xf1\x36\0\0\x08\0\0\x04\x30\0\0\0\xf7\x36\0\0\x81\0\0\0\0\0\0\0\xff\
\x36\0\0\x91\0\0\0\x40\0\0\0\x06\x37\0\0\x2f\x02\0\0\x80\0\0\0\x19\x21\0\0\x19\
\0\0\0\xc0\0\0\0\x12\x37\0\0\x02\0\0\0\0\x01\0\0\x1b\x37\0\0\x22\0\0\0\x20\x01\
\0\0\x23\x37\0\0\x22\0\0\0\x30\x01\0\0\0\0\0\0\x31\x02\0\0\x40\x01\0\0\0\0\0\0\
\0\0\0\x02\x30\x02\0\0\0\0\0\0\x03\0\0\x0d\0\0\0\0\0\0\0\0\x2d\x02\0\0\0\0\0\0\
\x44\0\0\0\0\0\0\0\x44\0\0\0\0\0\0\0\x02\0\0\x05\x08\0\0\0\x2d\x37\0\0\x16\0\0\
\0\0\0\0\0\x37\x37\0\0\x32\x02\0\0\0\0\0\0\0\0\0\0\0\0\0\x02\xe2\x06\0\0\0\0\0\
\0\0\0\0\x02\x34\x02\0\0\x40\x37\0\0\x07\0\0\x04\x28\0\0\0\x49\x37\0\0\x40\0\0\
\0\0\0\0\0\x53\x37\0\0\x77\0\0\0\x08\0\0\0\x5b\x37\0\0\x77\0\0\0\x10\0\0\0\x67\
\x37\0\0\x10\x01\0\0\x40\0\0\0\xd9\x0a\0\0\x10\x01\0\0\x80\0\0\0\0\0\0\0\x35\
\x02\0\0\xc0\0\0\0\0\0\0\0\x59\x02\0\0\0\x01\0\0\0\0\0\0\x05\0\0\x05\x08\0\0\0\
\x72\x37\0\0\x36\x02\0\0\0\0\0\0\x76\x37\0\0\x38\x02\0\0\0\0\0\0\x7b\x37\0\0\
\x3a\x02\0\0\0\0\0\0\x80\x37\0\0\x3c\x02\0\0\0\0\0\0\x87\x37\0\0\xb2\x01\0\0\0\
\0\0\0\0\0\0\0\0\0\0\x02\x37\x02\0\0\0\0\0\0\0\0\0\x0a\xe3\x06\0\0\0\0\0\0\0\0\
\0\x02\x39\x02\0\0\0\0\0\0\0\0\0\x0a\xe4\x06\0\0\0\0\0\0\0\0\0\x02\x3b\x02\0\0\
\0\0\0\0\0\0\0\x0a\xe5\x06\0\0\0\0\0\0\0\0\0\x02\xa6\x02\0\0\x8c\x37\0\0\x13\0\
\0\x04\xa8\0\0\0\xa7\x18\0\0\x8f\0\0\0\0\0\0\0\x9c\x37\0\0\xe3\0\0\0\0\x01\0\0\
\xa4\x37\0\0\xe3\0\0\0\xc0\x01\0\0\xbc\x1c\0\0\x16\0\0\0\x80\x02\0\0\xea\x10\0\
\0\x16\0\0\0\xa0\x02\0\0\xac\x37\0\0\x16\0\0\0\xc0\x02\0\0\xb6\x37\0\0\x16\0\0\
\0\xe0\x02\0\0\xc0\x37\0\0\x16\0\0\0\0\x03\0\0\xcd\x37\0\0\x16\0\0\0\x20\x03\0\
\0\xd5\x37\0\0\x16\0\0\0\x40\x03\0\0\x1c\x06\0\0\x16\0\0\0\x60\x03\0\0\xdd\x37\
\0\0\x16\0\0\0\x80\x03\0\0\xe7\x37\0\0\x16\0\0\0\xa0\x03\0\0\xf1\x37\0\0\x77\0\
\0\0\xc0\x03\0\0\xfc\x37\0\0\xb4\x01\0\0\0\x04\0\0\x05\x38\0\0\x52\x02\0\0\x40\
\x04\0\0\x14\x38\0\0\x52\x02\0\0\x80\x04\0\0\x23\x38\0\0\x54\x02\0\0\xc0\x04\0\
\0\x01\x1e\0\0\x5b\x01\0\0\0\x05\0\0\x24\x27\0\0\x04\0\0\x04\x40\0\0\0\xac\0\0\
\0\x0f\0\0\0\0\0\0\0\0\0\0\0\x3f\x02\0\0\x40\0\0\0\0\0\0\0\x51\x02\0\0\x80\x01\
\0\0\x28\x38\0\0\x1c\0\0\0\xa0\x01\0\0\0\0\0\0\x08\0\0\x05\x28\0\0\0\0\0\0\0\
\x40\x02\0\0\0\0\0\0\0\0\0\0\x41\x02\0\0\0\0\0\0\0\0\0\0\x44\x02\0\0\0\0\0\0\0\
\0\0\0\x4a\x02\0\0\0\0\0\0\0\0\0\0\x4b\x02\0\0\0\0\0\0\0\0\0\0\x4c\x02\0\0\0\0\
\0\0\0\0\0\0\x4f\x02\0\0\0\0\0\0\x99\x13\0\0\x62\0\0\0\0\0\0\0\0\0\0\0\x04\0\0\
\x04\x28\0\0\0\x32\x38\0\0\x2c\0\0\0\0\0\0\0\x36\x38\0\0\xa5\0\0\0\x80\0\0\0\
\xfc\x20\0\0\x0f\0\0\0\xc0\0\0\0\x19\x21\0\0\x0f\0\0\0\0\x01\0\0\0\0\0\0\x05\0\
\0\x04\x28\0\0\0\x3e\x38\0\0\x0f\0\0\0\0\0\0\0\x47\x38\0\0\x42\x02\0\0\x40\0\0\
\0\x4a\x38\0\0\x0f\0\0\0\x80\0\0\0\x5a\x38\0\0\x0f\0\0\0\xc0\0\0\0\0\0\0\0\x43\
\x02\0\0\0\x01\0\0\0\0\0\0\0\0\0\x02\x93\x07\0\0\0\0\0\0\x02\0\0\x05\x08\0\0\0\
\x63\x38\0\0\x0f\0\0\0\0\0\0\0\x72\x38\0\0\x5a\0\0\0\0\0\0\0\0\0\0\0\x04\0\0\
\x04\x28\0\0\0\0\0\0\0\x45\x02\0\0\0\0\0\0\x80\x38\0\0\x47\x02\0\0\x80\0\0\0\
\x8b\x38\0\0\x19\0\0\0\xc0\0\0\0\0\0\0\0\x48\x02\0\0\0\x01\0\0\0\0\0\0\x02\0\0\
\x05\x10\0\0\0\x94\x38\0\0\x2c\0\0\0\0\0\0\0\0\0\0\0\x46\x02\0\0\0\0\0\0\0\0\0\
\0\x03\0\0\x04\x10\0\0\0\x60\x0b\0\0\xb4\x01\0\0\0\0\0\0\x9e\x38\0\0\x02\0\0\0\
\x40\0\0\0\xa4\x38\0\0\x02\0\0\0\x60\0\0\0\0\0\0\0\0\0\0\x02\xc3\x02\0\0\0\0\0\
\0\x03\0\0\x05\x08\0\0\0\xad\x38\0\0\x19\0\0\0\0\0\0\0\xb3\x38\0\0\x0f\0\0\0\0\
\0\0\0\0\0\0\0\x49\x02\0\0\0\0\0\0\0\0\0\0\x03\0\0\x84\x04\0\0\0\xbc\x38\0\0\
\x16\0\0\0\0\0\0\x10\xc2\x38\0\0\x16\0\0\0\x10\0\0\x0f\x3a\x04\0\0\x16\0\0\0\
\x1f\0\0\x01\0\0\0\0\x05\0\0\x04\x18\0\0\0\xca\x38\0\0\x0f\0\0\0\0\0\0\0\xd8\
\x38\0\0\x42\0\0\0\x40\0\0\0\xe6\x38\0\0\x42\0\0\0\x48\0\0\0\xf5\x38\0\0\x1c\0\
\0\0\x60\0\0\0\x07\x39\0\0\x16\0\0\0\x80\0\0\0\0\0\0\0\x03\0\0\x04\x20\0\0\0\
\x13\x39\0\0\x0f\0\0\0\0\0\0\0\x23\x39\0\0\x1c\0\0\0\x40\0\0\0\x39\x39\0\0\x2c\
\0\0\0\x80\0\0\0\0\0\0\0\x05\0\0\x04\x28\0\0\0\x47\x39\0\0\x0f\0\0\0\0\0\0\0\
\x51\x39\0\0\x4d\x02\0\0\x40\0\0\0\x5e\x39\0\0\x0f\0\0\0\x80\0\0\0\0\0\0\0\x4e\
\x02\0\0\xc0\0\0\0\x68\x39\0\0\x8a\0\0\0\0\x01\0\0\x6c\x39\0\0\0\0\0\x08\xb4\
\x01\0\0\0\0\0\0\x02\0\0\x05\x08\0\0\0\x76\x39\0\0\x7b\0\0\0\0\0\0\0\x7c\x39\0\
\0\x1c\0\0\0\0\0\0\0\0\0\0\0\x02\0\0\x04\x10\0\0\0\x8d\x39\0\0\x50\x02\0\0\0\0\
\0\0\x93\x39\0\0\x19\0\0\0\x40\0\0\0\0\0\0\0\0\0\0\x02\x94\x07\0\0\0\0\0\0\x04\
\0\0\x05\x04\0\0\0\xa4\x39\0\0\x1c\0\0\0\0\0\0\0\xae\x39\0\0\x16\0\0\0\0\0\0\0\
\x54\x14\0\0\x16\0\0\0\0\0\0\0\xb8\x39\0\0\x02\0\0\0\0\0\0\0\0\0\0\0\0\0\0\x02\
\x53\x02\0\0\xbe\x39\0\0\x06\0\0\x04\x30\0\0\0\xcc\x39\0\0\x94\0\0\0\0\0\0\0\
\x44\x1d\0\0\x02\0\0\0\x40\0\0\0\xd4\x39\0\0\x02\0\0\0\x60\0\0\0\xda\x39\0\0\
\x52\x02\0\0\x80\0\0\0\xe2\x39\0\0\x81\0\0\0\xc0\0\0\0\xea\x39\0\0\x62\0\0\0\0\
\x01\0\0\0\0\0\0\0\0\0\x02\xe6\x06\0\0\xf1\x39\0\0\x08\0\0\x04\x88\0\0\0\xfd\
\x39\0\0\x1a\0\0\0\0\0\0\0\x05\x3a\0\0\x56\x02\0\0\x40\0\0\0\x13\x3a\0\0\x0f\0\
\0\0\x80\x01\0\0\x21\x3a\0\0\x5a\0\0\0\xc0\x01\0\0\x2b\x3a\0\0\xe8\0\0\0\0\x02\
\0\0\x0d\x19\0\0\x9d\0\0\0\x80\x02\0\0\xf3\x15\0\0\x5a\0\0\0\xc0\x02\0\0\x38\
\x3a\0\0\x58\x02\0\0\0\x03\0\0\x42\x3a\0\0\x04\0\0\x04\x28\0\0\0\x73\x10\0\0\
\x3a\0\0\0\0\0\0\0\xd9\x0a\0\0\x2f\0\0\0\x40\0\0\0\x8b\x12\0\0\x2c\0\0\0\x80\0\
\0\0\xb3\x38\0\0\x57\x02\0\0\0\x01\0\0\0\0\0\0\0\0\0\x02\xfe\0\0\0\x51\x3a\0\0\
\x07\0\0\x04\x28\0\0\0\x73\x10\0\0\x3a\0\0\0\0\0\0\0\x61\x3a\0\0\x02\0\0\0\x20\
\0\0\0\xb4\x13\0\0\x02\0\0\0\x40\0\0\0\x6a\x3a\0\0\x02\0\0\0\x60\0\0\0\x72\x3a\
\0\0\x02\0\0\0\x80\0\0\0\x79\x3a\0\0\x0f\0\0\0\xc0\0\0\0\xac\0\0\0\x0f\0\0\0\0\
\x01\0\0\0\0\0\0\x03\0\0\x05\x08\0\0\0\x7f\x3a\0\0\x0f\0\0\0\0\0\0\0\0\0\0\0\
\x5a\x02\0\0\0\0\0\0\x87\x3a\0\0\x91\0\0\0\0\0\0\0\0\0\0\0\x02\0\0\x04\x08\0\0\
\0\xbc\x1c\0\0\x16\0\0\0\0\0\0\0\x94\x3a\0\0\x16\0\0\0\x20\0\0\0\0\0\0\0\0\0\0\
\x02\x5c\x02\0\0\0\0\0\0\x02\0\0\x0d\x02\0\0\0\0\0\0\0\x2d\x02\0\0\0\0\0\0\x77\
\0\0\0\0\0\0\0\0\0\0\x02\x5e\x02\0\0\0\0\0\0\x02\0\0\x0d\x02\0\0\0\0\0\0\0\x81\
\0\0\0\0\0\0\0\x5f\x02\0\0\0\0\0\0\0\0\0\x02\x60\x02\0\0\x9f\x3a\0\0\x02\0\0\
\x04\x10\0\0\0\xab\x3a\0\0\x61\x02\0\0\0\0\0\0\xb1\x3a\0\0\x91\0\0\0\x40\0\0\0\
\xb5\x3a\0\0\0\0\0\x08\x62\x02\0\0\0\0\0\0\0\0\0\x02\x63\x02\0\0\0\0\0\0\x06\0\
\0\x0d\x02\0\0\0\0\0\0\0\x5f\x02\0\0\0\0\0\0\xc2\0\0\0\0\0\0\0\x02\0\0\0\0\0\0\
\0\x91\0\0\0\0\0\0\0\x10\0\0\0\0\0\0\0\x16\0\0\0\0\0\0\0\0\0\0\x02\x65\x02\0\0\
\0\0\0\0\x02\0\0\x0d\x66\x02\0\0\0\0\0\0\x81\0\0\0\0\0\0\0\x67\x02\0\0\xbf\x3a\
\0\0\0\0\0\x08\x16\0\0\0\0\0\0\0\0\0\0\x02\x68\x02\0\0\xc8\x3a\0\0\x02\0\0\x04\
\x10\0\0\0\xda\x3a\0\0\x69\x02\0\0\0\0\0\0\xe1\x3a\0\0\x66\x02\0\0\x40\0\0\0\
\xe6\x3a\0\0\0\0\0\x08\x6a\x02\0\0\0\0\0\0\0\0\0\x02\x6b\x02\0\0\0\0\0\0\x03\0\
\0\x0d\0\0\0\0\0\0\0\0\x81\0\0\0\0\0\0\0\x6c\x02\0\0\0\0\0\0\x67\x02\0\0\0\0\0\
\0\0\0\0\x02\xe3\0\0\0\0\0\0\0\0\0\0\x02\x6e\x02\0\0\0\0\0\0\x03\0\0\x0d\x44\0\
\0\0\0\0\0\0\x81\0\0\0\0\0\0\0\x16\0\0\0\0\0\0\0\x0f\0\0\0\0\0\0\0\0\0\0\x02\
\x70\x02\0\0\0\0\0\0\x02\0\0\x0d\x02\0\0\0\0\0\0\0\x81\0\0\0\0\0\0\0\x7e\0\0\0\
\0\0\0\0\0\0\0\x02\x72\x02\0\0\0\0\0\0\x02\0\0\x0d\x02\0\0\0\0\0\0\0\x87\0\0\0\
\0\0\0\0\x81\0\0\0\0\0\0\0\0\0\0\x02\x74\x02\0\0\0\0\0\0\x02\0\0\x0d\x02\0\0\0\
\0\0\0\0\x81\0\0\0\0\0\0\0\x75\x02\0\0\xf6\x3a\0\0\0\0\0\x08\x19\0\0\0\0\0\0\0\
\0\0\0\x02\x77\x02\0\0\0\0\0\0\x04\0\0\x0d\x02\0\0\0\0\0\0\0\x81\0\0\0\0\0\0\0\
\x91\0\0\0\0\0\0\0\x91\0\0\0\0\0\0\0\x02\0\0\0\0\0\0\0\0\0\0\x02\x79\x02\0\0\0\
\0\0\0\x03\0\0\x0d\x02\0\0\0\0\0\0\0\x02\0\0\0\0\0\0\0\x81\0\0\0\0\0\0\0\x02\0\
\0\0\0\0\0\0\0\0\0\x02\x7b\x02\0\0\0\0\0\0\x03\0\0\x0d\x02\0\0\0\0\0\0\0\x81\0\
\0\0\0\0\0\0\x02\0\0\0\0\0\0\0\x7c\x02\0\0\0\0\0\0\0\0\0\x02\x7d\x02\0\0\x01\
\x3b\0\0\x14\0\0\x04\xd8\0\0\0\x0b\x3b\0\0\x7c\x02\0\0\0\0\0\0\x16\x3b\0\0\x2c\
\0\0\0\x40\0\0\0\x1e\x3b\0\0\xe8\0\0\0\xc0\0\0\0\x26\x3b\0\0\x2c\0\0\0\x40\x01\
\0\0\x3a\x3b\0\0\x2c\0\0\0\xc0\x01\0\0\x4c\x3b\0\0\x75\x02\0\0\x40\x02\0\0\x55\
\x3b\0\0\x16\0\0\0\x80\x02\0\0\x5e\x3b\0\0\x42\0\0\0\xa0\x02\0\0\x66\x3b\0\0\
\x16\0\0\0\xc0\x02\0\0\x6d\x3b\0\0\x02\0\0\0\xe0\x02\0\0\x79\x3b\0\0\xe3\0\0\0\
\0\x03\0\0\x81\x3b\0\0\x81\0\0\0\xc0\x03\0\0\x89\x3b\0\0\x91\0\0\0\0\x04\0\0\
\x92\x3b\0\0\x91\0\0\0\x40\x04\0\0\x99\x3b\0\0\x52\x02\0\0\x80\x04\0\0\xa3\x3b\
\0\0\x0f\0\0\0\xc0\x04\0\0\xb1\x3b\0\0\x0f\0\0\0\0\x05\0\0\xc3\x3b\0\0\x7e\x02\
\0\0\x40\x05\0\0\xca\x3b\0\0\x80\x02\0\0\x80\x05\0\0\xd3\x3b\0\0\x82\x02\0\0\
\xc0\x05\0\0\0\0\0\0\0\0\0\x02\x7f\x02\0\0\0\0\0\0\0\0\0\x0a\x54\x07\0\0\0\0\0\
\0\0\0\0\x02\x81\x02\0\0\0\0\0\0\0\0\0\x0a\x55\x07\0\0\0\0\0\0\x03\0\0\x05\x20\
\0\0\0\xd8\x3b\0\0\x83\x02\0\0\0\0\0\0\xdf\x3b\0\0\x86\x02\0\0\0\0\0\0\xe7\x3b\
\0\0\x89\x02\0\0\0\0\0\0\xeb\x3b\0\0\x03\0\0\x04\x20\0\0\0\x02\x12\0\0\x14\0\0\
\0\0\0\0\0\xad\x18\0\0\x84\x02\0\0\x40\0\0\0\x8b\x12\0\0\x2c\0\0\0\x80\0\0\0\0\
\0\0\0\0\0\0\x02\x85\x02\0\0\xf9\x3b\0\0\0\0\0\x07\0\0\0\0\x07\x3c\0\0\x01\0\0\
\x04\x08\0\0\0\xad\x18\0\0\x87\x02\0\0\0\0\0\0\0\0\0\0\0\0\0\x02\x88\x02\0\0\
\x16\x3c\0\0\0\0\0\x07\0\0\0\0\0\0\0\0\x03\0\0\x04\x18\0\0\0\x31\x20\0\0\x2c\0\
\0\0\0\0\0\0\x02\x12\0\0\x02\0\0\0\x80\0\0\0\x26\x3c\0\0\x16\0\0\0\xa0\0\0\0\0\
\0\0\0\0\0\0\x02\x8b\x02\0\0\0\0\0\0\x06\0\0\x0d\x26\x02\0\0\0\0\0\0\x81\0\0\0\
\0\0\0\0\xb4\x01\0\0\0\0\0\0\x02\0\0\0\0\0\0\0\x10\x01\0\0\0\0\0\0\x77\x01\0\0\
\0\0\0\0\x02\0\0\0\0\0\0\0\0\0\0\x02\x8d\x02\0\0\0\0\0\0\x01\0\0\x0d\x02\0\0\0\
\0\0\0\0\x02\0\0\0\0\0\0\0\0\0\0\x02\x8f\x02\0\0\0\0\0\0\x05\0\0\x0d\x26\x02\0\
\0\0\0\0\0\xb2\x01\0\0\0\0\0\0\x81\0\0\0\0\0\0\0\x77\x01\0\0\0\0\0\0\x10\x01\0\
\0\0\0\0\0\x16\0\0\0\0\0\0\0\0\0\0\x02\x91\x02\0\0\0\0\0\0\x05\0\0\x0d\x26\x02\
\0\0\0\0\0\0\x81\0\0\0\0\0\0\0\x77\x01\0\0\0\0\0\0\xb2\x01\0\0\0\0\0\0\x10\x01\
\0\0\0\0\0\0\x16\0\0\0\0\0\0\0\0\0\0\x02\x93\x02\0\0\0\0\0\0\x04\0\0\x0d\x02\0\
\0\0\0\0\0\0\x81\0\0\0\0\0\0\0\x44\0\0\0\0\0\0\0\x94\x02\0\0\0\0\0\0\x95\x02\0\
\0\0\0\0\0\0\0\0\x02\x7c\x02\0\0\0\0\0\0\0\0\0\x02\x19\0\0\0\0\0\0\0\0\0\0\x02\
\x97\x02\0\0\0\0\0\0\x04\0\0\x0d\x44\0\0\0\0\0\0\0\x81\0\0\0\0\0\0\0\x02\0\0\0\
\0\0\0\0\x91\0\0\0\0\0\0\0\x91\0\0\0\0\0\0\0\0\0\0\x02\x99\x02\0\0\0\0\0\0\x02\
\0\0\x0d\0\0\0\0\0\0\0\0\x30\x01\0\0\0\0\0\0\x81\0\0\0\0\0\0\0\0\0\0\x02\x9b\
\x02\0\0\0\0\0\0\x06\0\0\x0d\x26\x02\0\0\0\0\0\0\x81\0\0\0\0\0\0\0\x91\0\0\0\0\
\0\0\0\x81\0\0\0\0\0\0\0\x91\0\0\0\0\0\0\0\x10\x01\0\0\0\0\0\0\x16\0\0\0\0\0\0\
\0\0\0\0\x02\x9d\x02\0\0\0\0\0\0\x06\0\0\x0d\x91\0\0\0\0\0\0\0\x81\0\0\0\0\0\0\
\0\x91\0\0\0\0\0\0\0\x81\0\0\0\0\0\0\0\x91\0\0\0\0\0\0\0\x91\0\0\0\0\0\0\0\x16\
\0\0\0\0\0\0\0\0\0\0\x02\x9f\x02\0\0\0\0\0\0\x01\0\0\x0d\0\0\0\0\0\0\0\0\x87\0\
\0\0\0\0\0\0\0\0\0\x02\x41\x07\0\0\0\0\0\0\x04\0\0\x05\x08\0\0\0\x2f\x3c\0\0\
\xb2\x01\0\0\0\0\0\0\x36\x3c\0\0\xa2\x02\0\0\0\0\0\0\x3d\x3c\0\0\x19\x01\0\0\0\
\0\0\0\x44\x3c\0\0\x16\0\0\0\0\0\0\0\0\0\0\0\0\0\0\x02\x53\x07\0\0\0\0\0\0\0\0\
\0\x02\x0e\x04\0\0\0\0\0\0\0\0\0\x02\x42\x07\0\0\0\0\0\0\0\0\0\x02\x43\x07\0\0\
\x80\x37\0\0\x03\0\0\x04\x10\0\0\0\x4e\x3c\0\0\x8a\0\0\0\0\0\0\0\x56\x3c\0\0\
\xa7\x02\0\0\x20\0\0\0\x5f\x3c\0\0\x19\0\0\0\x40\0\0\0\x67\x3c\0\0\0\0\0\x08\
\x16\0\0\0\0\0\0\0\0\0\0\x02\xa9\x02\0\0\0\0\0\0\0\0\0\x0a\xe1\x06\0\0\0\0\0\0\
\0\0\0\x02\xab\x02\0\0\0\0\0\0\x06\0\0\x0d\x26\x02\0\0\0\0\0\0\x81\0\0\0\0\0\0\
\0\xd4\x01\0\0\0\0\0\0\xde\x01\0\0\0\0\0\0\x19\x01\0\0\0\0\0\0\x91\0\0\0\0\0\0\
\0\x10\x01\0\0\0\0\0\0\0\0\0\x02\xad\x02\0\0\0\0\0\0\x04\0\0\x0d\x02\0\0\0\0\0\
\0\0\x81\0\0\0\0\0\0\0\xd4\x01\0\0\0\0\0\0\xde\x01\0\0\0\0\0\0\x7e\0\0\0\0\0\0\
\0\0\0\0\x02\xda\x01\0\0\0\0\0\0\0\0\0\x02\xde\x01\0\0\0\0\0\0\0\0\0\x02\x64\
\x07\0\0\0\0\0\0\0\0\0\x02\xb2\x02\0\0\0\0\0\0\x01\0\0\x0d\0\0\0\0\0\0\0\0\xaa\
\x01\0\0\0\0\0\0\0\0\0\x02\xb4\x02\0\0\0\0\0\0\x01\0\0\x0d\x02\0\0\0\0\0\0\0\
\xc9\x01\0\0\0\0\0\0\0\0\0\x02\xb6\x02\0\0\0\0\0\0\x02\0\0\x0d\0\0\0\0\0\0\0\0\
\xc9\x01\0\0\0\0\0\0\x7b\0\0\0\0\0\0\0\0\0\0\x02\xb8\x02\0\0\0\0\0\0\x02\0\0\
\x0d\x02\0\0\0\0\0\0\0\xc9\x01\0\0\0\0\0\0\x02\0\0\0\0\0\0\0\0\0\0\x02\xba\x02\
\0\0\0\0\0\0\x02\0\0\x0d\0\0\0\0\0\0\0\0\xc9\x01\0\0\0\0\0\0\x02\0\0\0\0\0\0\0\
\0\0\0\x02\xbc\x02\0\0\0\0\0\0\x01\0\0\x0d\0\0\0\0\0\0\0\0\xc9\x01\0\0\0\0\0\0\
\0\0\0\x02\xbe\x02\0\0\0\0\0\0\x02\0\0\x0d\0\0\0\0\0\0\0\0\xaa\x01\0\0\0\0\0\0\
\x16\0\0\0\0\0\0\0\0\0\0\x02\xc0\x02\0\0\0\0\0\0\x01\0\0\x0d\x02\0\0\0\0\0\0\0\
\xaa\x01\0\0\0\0\0\0\0\0\0\x02\xc2\x02\0\0\0\0\0\0\x02\0\0\x0d\0\0\0\0\0\0\0\0\
\xa8\x01\0\0\0\0\0\0\x77\0\0\0\x6d\x3c\0\0\x19\0\0\x04\xd8\0\0\0\x78\x3c\0\0\
\xc4\x02\0\0\0\0\0\0\xac\0\0\0\xc5\x02\0\0\x40\0\0\0\x81\x3c\0\0\x0f\0\0\0\x80\
\0\0\0\xc2\x19\0\0\x16\0\0\0\xc0\0\0\0\x8d\x3c\0\0\x16\0\0\0\xe0\0\0\0\x99\x3c\
\0\0\xc6\x02\0\0\0\x01\0\0\x29\x27\0\0\x16\0\0\0\x40\x01\0\0\xa9\x3c\0\0\x16\0\
\0\0\x60\x01\0\0\xb5\x3c\0\0\xc7\x02\0\0\x80\x01\0\0\xb8\x3c\0\0\xc7\x02\0\0\
\xa0\x01\0\0\xbc\x3c\0\0\xc7\x02\0\0\xc0\x01\0\0\xc0\x3c\0\0\xa7\x02\0\0\xe0\
\x01\0\0\x73\x26\0\0\x02\0\0\0\0\x02\0\0\xcb\x3c\0\0\xc8\x02\0\0\x40\x02\0\0\
\xbc\x38\0\0\x16\0\0\0\x80\x02\0\0\xd0\x3c\0\0\x16\0\0\0\xa0\x02\0\0\xd6\x3c\0\
\0\x16\0\0\0\xc0\x02\0\0\x63\x1f\0\0\xc2\0\0\0\0\x03\0\0\x8b\x12\0\0\x2c\0\0\0\
\x40\x03\0\0\x6a\x35\0\0\xd5\x01\0\0\xc0\x03\0\0\xe3\x3c\0\0\x0f\0\0\0\xc0\x05\
\0\0\xea\x3c\0\0\xca\x02\0\0\0\x06\0\0\xf5\x3c\0\0\x16\0\0\0\x40\x06\0\0\0\x3d\
\0\0\x16\0\0\0\x60\x06\0\0\xe2\x11\0\0\xcd\x02\0\0\x80\x06\0\0\0\0\0\0\0\0\0\
\x02\xe0\x06\0\0\x09\x3d\0\0\0\0\0\x08\x16\0\0\0\x16\x3d\0\0\x03\0\0\x04\x08\0\
\0\0\x27\x3d\0\0\x14\0\0\0\0\0\0\0\x29\x3d\0\0\x40\0\0\0\x20\0\0\0\x2d\x3d\0\0\
\x40\0\0\0\x28\0\0\0\x31\x3d\0\0\x01\0\0\x04\x04\0\0\0\x41\x1f\0\0\x16\0\0\0\0\
\0\0\0\0\0\0\0\0\0\0\x02\xc9\x02\0\0\0\0\0\0\x01\0\0\x0d\0\0\0\0\0\0\0\0\x19\0\
\0\0\0\0\0\0\0\0\0\x02\x16\0\0\0\0\0\0\0\0\0\0\x02\xcc\x02\0\0\x4a\x3d\0\0\x06\
\0\0\x04\x40\0\0\0\x5a\x3d\0\0\x8a\0\0\0\0\0\0\0\x64\x3d\0\0\x0f\0\0\0\x40\0\0\
\0\x6f\x3d\0\0\x2c\0\0\0\x80\0\0\0\x77\x3d\0\0\x5a\0\0\0\0\x01\0\0\x80\x3d\0\0\
\x5a\0\0\0\x40\x01\0\0\x8e\x3d\0\0\x2c\0\0\0\x80\x01\0\0\0\0\0\0\0\0\0\x03\0\0\
\0\0\xcb\x02\0\0\x04\0\0\0\x01\0\0\0\0\0\0\0\0\0\0\x02\xcf\x02\0\0\0\0\0\0\x02\
\0\0\x0d\0\0\0\0\0\0\0\0\xa8\x01\0\0\0\0\0\0\xa8\x01\0\0\0\0\0\0\0\0\0\x02\xd1\
\x02\0\0\0\0\0\0\x04\0\0\x0d\x19\0\0\0\0\0\0\0\xc9\x01\0\0\0\0\0\0\x95\x02\0\0\
\0\0\0\0\x02\0\0\0\0\0\0\0\x77\0\0\0\0\0\0\0\0\0\0\x02\xd3\x02\0\0\0\0\0\0\x03\
\0\0\x0d\x44\0\0\0\0\0\0\0\xc9\x01\0\0\0\0\0\0\xd4\x02\0\0\0\0\0\0\x0f\0\0\0\0\
\0\0\0\0\0\0\x02\xd5\x02\0\0\x93\x3d\0\0\x07\0\0\x04\x38\0\0\0\xa6\x3d\0\0\xc9\
\x01\0\0\0\0\0\0\x2a\0\0\0\xd6\x02\0\0\x40\0\0\0\xac\x3d\0\0\x0f\0\0\0\x80\0\0\
\0\xc2\x19\0\0\x0f\0\0\0\xc0\0\0\0\xb3\x3d\0\0\x10\0\0\0\0\x01\0\0\0\0\0\0\xd7\
\x02\0\0\x40\x01\0\0\x24\x27\0\0\x02\0\0\0\x80\x01\0\0\0\0\0\0\0\0\0\x02\xf2\
\x02\0\0\0\0\0\0\x02\0\0\x05\x08\0\0\0\xbd\x3d\0\0\x19\0\0\0\0\0\0\0\xbc\x1c\0\
\0\x0f\0\0\0\0\0\0\0\0\0\0\0\0\0\0\x02\xd9\x02\0\0\0\0\0\0\x01\0\0\x0d\x02\0\0\
\0\0\0\0\0\x2d\0\0\0\0\0\0\0\0\0\0\x02\xdb\x02\0\0\0\0\0\0\x02\0\0\x0d\x02\0\0\
\0\0\0\0\0\xc9\x01\0\0\0\0\0\0\x10\0\0\0\xc2\x3d\0\0\x06\0\0\x06\x04\0\0\0\xd3\
\x3d\0\0\xfc\xff\xff\xff\xe9\x3d\0\0\xfd\xff\xff\xff\xff\x3d\0\0\xfe\xff\xff\
\xff\x16\x3e\0\0\xff\xff\xff\xff\x2b\x3e\0\0\0\0\0\0\x45\x3e\0\0\x01\0\0\0\x5d\
\x3e\0\0\0\0\0\x08\xde\x02\0\0\0\0\0\0\x01\0\0\x04\x08\0\0\0\xf9\x26\0\0\xac\
\x01\0\0\0\0\0\0\x67\x3e\0\0\x3b\0\0\x84\x80\0\0\0\x19\0\0\0\x15\0\0\0\0\0\0\0\
\xc2\x19\0\0\x15\0\0\0\x20\0\0\0\x77\x3e\0\0\x11\0\0\0\x40\0\0\0\0\0\0\0\xe0\
\x02\0\0\x80\0\0\0\x7e\x3e\0\0\x11\0\0\0\xc0\0\0\0\x8a\x3e\0\0\x11\0\0\0\0\x01\
\0\0\x96\x3e\0\0\x11\0\0\0\x40\x01\0\x01\x9f\x3e\0\0\x11\0\0\0\x41\x01\0\x01\
\x51\x1a\0\0\x11\0\0\0\x42\x01\0\x01\xa7\x3e\0\0\x11\0\0\0\x43\x01\0\x01\xb1\
\x3e\0\0\x11\0\0\0\x44\x01\0\x01\xbe\x3e\0\0\x11\0\0\0\x45\x01\0\x01\xcd\x3e\0\
\0\x11\0\0\0\x46\x01\0\x01\xd8\x3e\0\0\x11\0\0\0\x47\x01\0\x01\x11\x15\0\0\x11\
\0\0\0\x48\x01\0\x01\xd7\x05\0\0\x11\0\0\0\x49\x01\0\x01\xe5\x3e\0\0\x11\0\0\0\
\x4a\x01\0\x01\xea\x3e\0\0\x11\0\0\0\x4b\x01\0\x01\xf7\x3e\0\0\x11\0\0\0\x4c\
\x01\0\x01\x7c\x26\0\0\x11\0\0\0\x4d\x01\0\x01\x06\x3f\0\0\x11\0\0\0\x4e\x01\0\
\x01\x10\x3f\0\0\x11\0\0\0\x4f\x01\0\x02\x1b\x3f\0\0\x11\0\0\0\x51\x01\0\x01\
\x25\x3f\0\0\x11\0\0\0\x52\x01\0\x01\x33\x3f\0\0\x11\0\0\0\x53\x01\0\x01\x40\
\x3f\0\0\x11\0\0\0\x54\x01\0\x01\x4e\x3f\0\0\x11\0\0\0\x55\x01\0\x01\x67\x3f\0\
\0\x11\0\0\0\x56\x01\0\x01\x7e\x3f\0\0\x11\0\0\0\x57\x01\0\x01\x84\x3f\0\0\x11\
\0\0\0\x58\x01\0\x01\x8e\x3f\0\0\x11\0\0\0\x59\x01\0\x01\x9a\x3f\0\0\x11\0\0\0\
\x5a\x01\0\x01\xa9\x3f\0\0\x11\0\0\0\x5b\x01\0\x01\xb8\x3f\0\0\x11\0\0\0\x5c\
\x01\0\x01\xc3\x3f\0\0\x11\0\0\0\x5d\x01\0\x01\xcb\x3f\0\0\x11\0\0\0\x5e\x01\0\
\x01\xd5\x3f\0\0\x11\0\0\0\x5f\x01\0\x01\xd8\x12\0\0\x11\0\0\0\x60\x01\0\x01\
\xe0\x3f\0\0\x11\0\0\0\x61\x01\0\x01\x11\x32\0\0\x11\0\0\0\x62\x01\0\x01\xea\
\x3f\0\0\x11\0\0\0\x63\x01\0\x01\xf9\x3f\0\0\x11\0\0\0\x64\x01\0\x01\x08\x40\0\
\0\x11\0\0\0\x65\x01\0\x01\x10\x40\0\0\x11\0\0\0\x66\x01\0\x1a\0\0\0\0\xe1\x02\
\0\0\x80\x01\0\0\x1d\x40\0\0\x15\0\0\0\xa0\x01\0\0\0\0\0\0\xe2\x02\0\0\xc0\x01\
\0\0\0\0\0\0\xe3\x02\0\0\0\x02\0\0\x25\x40\0\0\x11\0\0\0\x40\x02\0\0\x38\x40\0\
\0\x11\0\0\0\x80\x02\0\0\x49\x40\0\0\x15\0\0\0\xc0\x02\0\0\xcf\x1b\0\0\xff\0\0\
\0\xe0\x02\0\0\x5b\x40\0\0\x11\0\0\0\0\x03\0\0\x6c\x40\0\0\x15\0\0\0\x40\x03\0\
\0\x7a\x40\0\0\x23\0\0\0\x60\x03\0\0\x8b\x40\0\0\x23\0\0\0\x70\x03\0\0\x98\x40\
\0\0\x15\0\0\0\x80\x03\0\0\xa8\x40\0\0\x15\0\0\0\xa0\x03\0\0\xb5\x40\0\0\x11\0\
\0\0\xc0\x03\0\0\0\0\0\0\x02\0\0\x05\x08\0\0\0\xbe\x40\0\0\x11\0\0\0\0\0\0\0\
\xcc\x40\0\0\x11\0\0\0\0\0\0\0\0\0\0\0\x02\0\0\x05\x04\0\0\0\xd8\x40\0\0\x15\0\
\0\0\0\0\0\0\xe6\x40\0\0\x15\0\0\0\0\0\0\0\0\0\0\0\x04\0\0\x05\x08\0\0\0\xf7\
\x40\0\0\x11\0\0\0\0\0\0\0\xff\x40\0\0\x11\0\0\0\0\0\0\0\x0b\x41\0\0\x11\0\0\0\
\0\0\0\0\x17\x41\0\0\x11\0\0\0\0\0\0\0\0\0\0\0\x04\0\0\x05\x08\0\0\0\x1f\x41\0\
\0\x11\0\0\0\0\0\0\0\x26\x41\0\0\x11\0\0\0\0\0\0\0\x32\x41\0\0\x11\0\0\0\0\0\0\
\0\x3f\x41\0\0\x11\0\0\0\0\0\0\0\x47\x41\0\0\x0c\0\0\x04\xc0\0\0\0\0\0\0\0\xe5\
\x02\0\0\0\0\0\0\x55\x41\0\0\x25\0\0\0\0\x03\0\0\xd8\x2a\0\0\x19\0\0\0\x40\x03\
\0\0\xf8\x2a\0\0\x0f\0\0\0\x80\x03\0\0\x02\x12\0\0\x02\0\0\0\xc0\x03\0\0\x5c\
\x41\0\0\xdd\x02\0\0\0\x04\0\0\xbe\x40\0\0\x10\0\0\0\x40\x04\0\0\0\0\0\0\xef\
\x02\0\0\x80\x04\0\0\x67\x41\0\0\x10\0\0\0\0\x05\0\0\x76\x41\0\0\x10\0\0\0\x40\
\x05\0\0\x81\x41\0\0\x10\0\0\0\x80\x05\0\0\x91\x41\0\0\x10\0\0\0\xc0\x05\0\0\0\
\0\0\0\x06\0\0\x05\x60\0\0\0\0\0\0\0\xe6\x02\0\0\0\0\0\0\0\0\0\0\xe8\x02\0\0\0\
\0\0\0\0\0\0\0\xe9\x02\0\0\0\0\0\0\0\0\0\0\xea\x02\0\0\0\0\0\0\0\0\0\0\xeb\x02\
\0\0\0\0\0\0\0\0\0\0\xee\x02\0\0\0\0\0\0\0\0\0\0\x0a\0\0\x04\x60\0\0\0\x77\x3e\
\0\0\x10\0\0\0\0\0\0\0\xa2\x41\0\0\x10\0\0\0\x40\0\0\0\xab\x41\0\0\x0f\0\0\0\
\x80\0\0\0\xb7\x41\0\0\x0f\0\0\0\xc0\0\0\0\xc2\x41\0\0\x02\0\0\0\0\x01\0\0\xd3\
\x41\0\0\x02\0\0\0\x20\x01\0\0\xd7\x41\0\0\x02\0\0\0\x40\x01\0\0\xac\0\0\0\x02\
\0\0\0\x60\x01\0\0\xe0\x41\0\0\xe7\x02\0\0\x80\x01\0\0\xea\x41\0\0\xe7\x02\0\0\
\x40\x02\0\0\xf5\x41\0\0\x04\0\0\x04\x18\0\0\0\x77\x3e\0\0\x10\0\0\0\0\0\0\0\
\x09\x42\0\0\x16\0\0\0\x40\0\0\0\x0d\x42\0\0\x02\0\0\0\x60\0\0\0\xd3\x41\0\0\
\x02\0\0\0\x80\0\0\0\0\0\0\0\x01\0\0\x04\x40\0\0\0\xda\x11\0\0\x4a\0\0\0\0\0\0\
\0\0\0\0\0\x01\0\0\x04\x10\0\0\0\x13\x42\0\0\x2c\0\0\0\0\0\0\0\0\0\0\0\x02\0\0\
\x04\x10\0\0\0\x1b\x42\0\0\x10\0\0\0\0\0\0\0\x23\x42\0\0\x10\0\0\0\x40\0\0\0\0\
\0\0\0\x02\0\0\x04\x28\0\0\0\x92\x21\0\0\xec\x02\0\0\0\0\0\0\x28\x42\0\0\x2c\0\
\0\0\xc0\0\0\0\x30\x42\0\0\x03\0\0\x04\x18\0\0\0\x43\x42\0\0\x10\0\0\0\0\0\0\0\
\x4b\x42\0\0\x10\0\0\0\x40\0\0\0\x53\x42\0\0\xed\x02\0\0\x80\0\0\0\x58\x42\0\0\
\x05\0\0\x84\x04\0\0\0\x49\x28\0\0\x14\0\0\0\0\0\0\x13\x70\x42\0\0\x14\0\0\0\
\x13\0\0\x08\x19\0\0\0\x14\0\0\0\x1b\0\0\x02\x74\x42\0\0\x14\0\0\0\x1d\0\0\x02\
\x7e\x42\0\0\x14\0\0\0\x1f\0\0\x01\0\0\0\0\x05\0\0\x04\x18\0\0\0\x86\x42\0\0\
\x40\0\0\0\0\0\0\0\x91\x42\0\0\x40\0\0\0\x08\0\0\0\x9c\x42\0\0\x22\0\0\0\x10\0\
\0\0\xa4\x42\0\0\x10\0\0\0\x40\0\0\0\xa9\x42\0\0\x10\0\0\0\x80\0\0\0\0\0\0\0\
\x02\0\0\x05\x10\0\0\0\0\0\0\0\xf0\x02\0\0\0\0\0\0\0\0\0\0\xf1\x02\0\0\0\0\0\0\
\0\0\0\0\x02\0\0\x04\x10\0\0\0\xaf\x42\0\0\x10\0\0\0\0\0\0\0\xbb\x42\0\0\xdd\
\x02\0\0\x40\0\0\0\0\0\0\0\x02\0\0\x04\x10\0\0\0\xc7\x42\0\0\x10\0\0\0\0\0\0\0\
\xd4\x42\0\0\x10\0\0\0\x40\0\0\0\xe0\x42\0\0\x21\0\0\x04\xf0\0\0\0\x73\x26\0\0\
\x1a\0\0\0\0\0\0\0\x99\x13\0\0\x62\0\0\0\x40\0\0\0\xec\x42\0\0\x02\0\0\0\xc0\0\
\0\0\xf5\x42\0\0\x02\0\0\0\xe0\0\0\0\xff\x42\0\0\x02\0\0\0\0\x01\0\0\xb1\x1b\0\
\0\x1c\0\0\0\x20\x01\0\0\xbc\x1c\0\0\xac\x01\0\0\x40\x01\0\0\x06\x43\0\0\x16\0\
\0\0\x80\x01\0\0\x8d\x1b\0\0\xac\x01\0\0\xc0\x01\0\0\xac\x3d\0\0\xac\x01\0\0\0\
\x02\0\0\x0b\x43\0\0\xac\x01\0\0\x40\x02\0\0\x06\x3f\0\0\x44\0\0\0\x80\x02\0\0\
\x6c\x40\0\0\x44\0\0\0\xc0\x02\0\0\x10\x43\0\0\x8a\0\0\0\0\x03\0\0\xfc\x25\0\0\
\x2c\0\0\0\x40\x03\0\0\x24\x2a\0\0\x1c\0\0\0\xc0\x03\0\0\x1b\x43\0\0\x0f\0\0\0\
\0\x04\0\0\x27\x43\0\0\x5b\x01\0\0\x40\x04\0\0\x31\x43\0\0\x44\0\0\0\x80\x04\0\
\0\x3a\x43\0\0\x16\0\0\0\xc0\x04\0\0\x43\x43\0\0\x44\0\0\0\0\x05\0\0\x4e\x43\0\
\0\x0f\0\0\0\x40\x05\0\0\x58\x43\0\0\x02\0\0\0\x80\x05\0\0\x65\x43\0\0\x02\0\0\
\0\xa0\x05\0\0\x73\x43\0\0\x1c\0\0\0\xc0\x05\0\0\x82\x43\0\0\x0f\0\0\0\0\x06\0\
\0\xbc\x2c\0\0\xc8\x02\0\0\x40\x06\0\0\x92\x43\0\0\x1a\0\0\0\x80\x06\0\0\x9f\
\x43\0\0\x02\0\0\0\xa0\x06\0\0\xaf\x43\0\0\x95\x02\0\0\xc0\x06\0\0\xb9\x43\0\0\
\x19\0\0\0\0\x07\0\0\xc2\x43\0\0\xf3\x02\0\0\x40\x07\0\0\xcc\x43\0\0\xf4\x02\0\
\0\x80\x07\0\0\0\0\0\0\0\0\0\x02\x65\x07\0\0\0\0\0\0\0\0\0\x03\0\0\0\0\x19\0\0\
\0\x04\0\0\0\0\0\0\0\xd7\x43\0\0\x02\0\0\x04\x18\0\0\0\xe2\x11\0\0\x1e\0\0\0\0\
\0\0\0\x5e\x13\0\0\xf6\x02\0\0\x80\0\0\0\0\0\0\0\0\0\0\x02\xf7\x02\0\0\0\0\0\0\
\x01\0\0\x0d\0\0\0\0\0\0\0\0\xf8\x02\0\0\0\0\0\0\0\0\0\x02\xf5\x02\0\0\xe0\x43\
\0\0\x03\0\0\x04\x18\0\0\0\x8b\x12\0\0\x2c\0\0\0\0\0\0\0\x73\x10\0\0\x3a\0\0\0\
\x80\0\0\0\xf7\x43\0\0\x16\0\0\0\xa0\0\0\0\0\0\0\0\0\0\0\x02\x66\x07\0\0\x07\
\x44\0\0\x0b\0\0\x04\x80\0\0\0\x15\x44\0\0\xfc\x02\0\0\0\0\0\0\x87\x12\0\0\x62\
\0\0\0\xc0\0\0\0\x19\x44\0\0\x16\0\0\0\x40\x01\0\0\x27\x44\0\0\x25\0\0\0\x80\
\x01\0\0\x34\x44\0\0\x47\x02\0\0\xc0\x01\0\0\x69\x1c\0\0\x16\0\0\0\0\x02\0\0\
\xa2\x04\0\0\xe6\0\0\0\x40\x02\0\0\xe7\x16\0\0\xb6\0\0\0\x80\x02\0\0\x06\x1e\0\
\0\x7d\x01\0\0\xc0\x02\0\0\x3f\x44\0\0\x02\0\0\0\0\x03\0\0\xc6\x1c\0\0\x63\x01\
\0\0\x40\x03\0\0\x15\x44\0\0\x03\0\0\x04\x18\0\0\0\x46\x44\0\0\xa6\x02\0\0\0\0\
\0\0\x4d\x44\0\0\x16\0\0\0\x80\0\0\0\x56\x44\0\0\x16\0\0\0\xa0\0\0\0\0\0\0\0\0\
\0\0\x02\xfe\x02\0\0\0\0\0\0\x01\0\0\x0d\x10\0\0\0\0\0\0\0\0\0\0\0\x5f\x44\0\0\
\0\0\0\x08\0\x03\0\0\0\0\0\0\0\0\0\x02\x01\x03\0\0\0\0\0\0\x03\0\0\x0d\0\0\0\0\
\0\0\0\0\xc9\x01\0\0\0\0\0\0\x02\x03\0\0\0\0\0\0\x0e\x03\0\0\0\0\0\0\0\0\0\x02\
\x03\x03\0\0\x77\x44\0\0\x17\0\0\x04\0\x01\0\0\xbd\x3d\0\0\x10\0\0\0\0\0\0\0\
\x88\x44\0\0\x04\x03\0\0\x40\0\0\0\x8c\x44\0\0\x05\x03\0\0\x80\0\0\0\xa7\x13\0\
\0\x10\0\0\0\xc0\0\0\0\x3a\x0c\0\0\x06\x03\0\0\0\x01\0\0\x95\x44\0\0\x10\0\0\0\
\x40\x01\0\0\x99\x44\0\0\x08\x03\0\0\x80\x01\0\0\x19\0\0\0\x10\0\0\0\xc0\x01\0\
\0\xa2\x44\0\0\x10\0\0\0\0\x02\0\0\xa5\x44\0\0\x0a\x03\0\0\x40\x02\0\0\xc3\x1b\
\0\0\x10\0\0\0\x80\x02\0\0\xf8\x12\0\0\x10\0\0\0\xc0\x02\0\0\xaf\x44\0\0\x10\0\
\0\0\0\x03\0\0\xb9\x44\0\0\x0b\x03\0\0\x40\x03\0\0\xc3\x44\0\0\x0c\x03\0\0\x80\
\x03\0\0\xcd\x44\0\0\x10\0\0\0\xc0\x03\0\0\xd6\x44\0\0\x0d\x03\0\0\0\x04\0\0\
\xe0\x44\0\0\x0d\x03\0\0\x80\x04\0\0\xea\x44\0\0\x10\0\0\0\0\x05\0\0\xfa\x44\0\
\0\x10\0\0\0\x40\x05\0\0\xd8\x12\0\0\x10\0\0\0\x80\x05\0\0\x04\x45\0\0\x10\0\0\
\0\xc0\x05\0\0\x13\x45\0\0\x10\0\0\0\0\x06\0\0\0\0\0\0\0\0\0\x02\x67\x07\0\0\0\
\0\0\0\0\0\0\x02\x68\x07\0\0\x22\x45\0\0\x02\0\0\x05\x08\0\0\0\x8e\x3d\0\0\x11\
\0\0\0\0\0\0\0\0\0\0\0\x07\x03\0\0\0\0\0\0\0\0\0\0\x03\0\0\x04\x08\0\0\0\x35\
\x45\0\0\x15\0\0\0\0\0\0\0\x3d\x45\0\0\x23\0\0\0\x20\0\0\0\x44\x45\0\0\x23\0\0\
\0\x30\0\0\0\x4b\x45\0\0\x02\0\0\x05\x08\0\0\0\xba\x10\0\0\x11\0\0\0\0\0\0\0\0\
\0\0\0\x09\x03\0\0\0\0\0\0\0\0\0\0\x0a\0\0\x84\x08\0\0\0\x5d\x45\0\0\x11\0\0\0\
\0\0\0\x05\x64\x45\0\0\x11\0\0\0\x05\0\0\x0e\x6c\x45\0\0\x11\0\0\0\x13\0\0\x05\
\x76\x45\0\0\x11\0\0\0\x18\0\0\x02\x7f\x45\0\0\x11\0\0\0\x1a\0\0\x07\x88\x45\0\
\0\x11\0\0\0\x21\0\0\x04\x94\x45\0\0\x11\0\0\0\x25\0\0\x01\x9f\x45\0\0\x11\0\0\
\0\x26\0\0\x02\xaa\x45\0\0\x11\0\0\0\x28\0\0\x03\xb2\x45\0\0\x11\0\0\0\x2b\0\0\
\x15\0\0\0\0\x02\0\0\x04\x08\0\0\0\x80\x04\0\0\x14\0\0\0\0\0\0\0\xbb\x45\0\0\
\x14\0\0\0\x20\0\0\0\0\0\0\0\x02\0\0\x04\x08\0\0\0\xcb\0\0\0\x14\0\0\0\0\0\0\0\
\xbf\x45\0\0\x14\0\0\0\x20\0\0\0\0\0\0\0\0\0\0\x02\x69\x07\0\0\xc8\x45\0\0\x02\
\0\0\x04\x10\0\0\0\xd2\x45\0\0\x11\0\0\0\0\0\0\0\xd6\x45\0\0\x0e\x03\0\0\x40\0\
\0\0\0\0\0\0\0\0\0\x02\x0f\x03\0\0\xdb\x45\0\0\x09\0\0\x04\x50\x01\0\0\0\0\0\0\
\x10\x03\0\0\0\0\0\0\xe3\x45\0\0\x10\0\0\0\x80\x08\0\0\xeb\x45\0\0\xfe\0\0\0\
\xc0\x08\0\0\xf5\x45\0\0\x14\0\0\0\xe0\x08\0\0\xfd\x45\0\0\x10\0\0\0\0\x09\0\0\
\x08\x46\0\0\x10\0\0\0\x40\x09\0\0\x11\x46\0\0\x15\x03\0\0\x80\x09\0\0\x1c\x46\
\0\0\x10\0\0\0\0\x0a\0\0\x2d\x46\0\0\x10\0\0\0\x40\x0a\0\0\0\0\0\0\x02\0\0\x05\
\x10\x01\0\0\x36\x46\0\0\x11\x03\0\0\0\0\0\0\0\0\0\0\x13\x03\0\0\0\0\0\0\x40\
\x46\0\0\x04\0\0\x04\x10\x01\0\0\xd6\x45\0\0\x12\x03\0\0\0\0\0\0\x01\x28\0\0\
\x11\0\0\0\xc0\x07\0\0\x04\x28\0\0\x11\0\0\0\0\x08\0\0\x4d\x46\0\0\x11\0\0\0\
\x40\x08\0\0\0\0\0\0\0\0\0\x03\0\0\0\0\x11\0\0\0\x04\0\0\0\x1f\0\0\0\0\0\0\0\
\x04\0\0\x04\x10\x01\0\0\xd6\x45\0\0\x14\x03\0\0\0\0\0\0\x01\x28\0\0\x10\0\0\0\
\xc0\x07\0\0\x04\x28\0\0\x10\0\0\0\0\x08\0\0\x4d\x46\0\0\x10\0\0\0\x40\x08\0\0\
\0\0\0\0\0\0\0\x03\0\0\0\0\x10\0\0\0\x04\0\0\0\x1f\0\0\0\0\0\0\0\0\0\0\x03\0\0\
\0\0\x10\0\0\0\x04\0\0\0\x02\0\0\0\0\0\0\0\0\0\0\x02\x67\x03\0\0\x54\x46\0\0\
\x0d\0\0\x04\x90\0\0\0\x8b\x12\0\0\x2c\0\0\0\0\0\0\0\x65\x46\0\0\x18\x03\0\0\
\x80\0\0\0\0\0\0\0\x19\x03\0\0\xc0\0\0\0\xa6\x3d\0\0\x1b\x03\0\0\0\x01\0\0\x6b\
\x46\0\0\x19\x01\0\0\x80\x02\0\0\xed\x24\0\0\x1d\x03\0\0\xc0\x02\0\0\0\0\0\0\
\x1e\x03\0\0\0\x03\0\0\x47\x13\0\0\x19\0\0\0\x40\x03\0\0\xac\0\0\0\x02\0\0\0\
\x80\x03\0\0\x75\x46\0\0\x02\0\0\0\xa0\x03\0\0\x83\x46\0\0\xa4\0\0\0\xc0\x03\0\
\0\x8f\x46\0\0\x1f\x03\0\0\0\x04\0\0\x9a\x46\0\0\x20\x03\0\0\x40\x04\0\0\0\0\0\
\0\0\0\0\x02\x27\x07\0\0\0\0\0\0\x02\0\0\x05\x08\0\0\0\x63\x1f\0\0\x19\x01\0\0\
\0\0\0\0\xa4\x46\0\0\x1a\x03\0\0\0\0\0\0\0\0\0\0\0\0\0\x02\x25\x07\0\0\xa7\x46\
\0\0\x04\0\0\x04\x30\0\0\0\xe2\x11\0\0\xe8\0\0\0\0\0\0\0\x8b\x12\0\0\x2c\0\0\0\
\x80\0\0\0\x19\0\0\0\x02\0\0\0\0\x01\0\0\xb3\x46\0\0\x1c\x03\0\0\x40\x01\0\0\0\
\0\0\0\0\0\0\x02\x28\x07\0\0\0\0\0\0\0\0\0\x02\x22\x03\0\0\0\0\0\0\x02\0\0\x05\
\x08\0\0\0\x85\x2b\0\0\x19\0\0\0\0\0\0\0\xe2\x12\0\0\x1c\0\0\0\0\0\0\0\0\0\0\0\
\0\0\0\x02\x65\x03\0\0\0\0\0\0\0\0\0\x02\x21\x03\0\0\0\0\0\0\x02\0\0\x0d\x02\0\
\0\0\0\0\0\0\x1c\x02\0\0\0\0\0\0\xc9\x01\0\0\xb9\x46\0\0\x02\0\0\x04\x10\0\0\0\
\x59\x2b\0\0\x23\x03\0\0\0\0\0\0\xc6\x46\0\0\x19\x01\0\0\x40\0\0\0\0\0\0\0\0\0\
\0\x02\x29\x07\0\0\x72\x2b\0\0\x0b\0\0\x04\xb0\0\0\0\x5e\x13\0\0\x25\x03\0\0\0\
\0\0\0\x60\x0b\0\0\x28\x03\0\0\x40\0\0\0\xac\0\0\0\x0f\0\0\0\x80\0\0\0\x19\x21\
\0\0\x19\0\0\0\xc0\0\0\0\xd4\x46\0\0\x25\x03\0\0\0\x01\0\0\xdf\x46\0\0\x2b\x03\
\0\0\x40\x01\0\0\xea\x46\0\0\x2e\x03\0\0\xc0\x02\0\0\xf4\x46\0\0\x2b\x03\0\0\0\
\x03\0\0\xfd\x46\0\0\x0f\0\0\0\x80\x04\0\0\x08\x47\0\0\x0f\0\0\0\xc0\x04\0\0\
\x8b\x12\0\0\x2c\0\0\0\0\x05\0\0\x18\x47\0\0\0\0\0\x08\x26\x03\0\0\0\0\0\0\0\0\
\0\x02\x27\x03\0\0\0\0\0\0\x04\0\0\x0d\0\0\0\0\0\0\0\0\x0f\0\0\0\0\0\0\0\x0f\0\
\0\0\0\0\0\0\x28\x03\0\0\0\0\0\0\x29\x03\0\0\0\0\0\0\0\0\0\x02\x24\x03\0\0\0\0\
\0\0\0\0\0\x02\x2a\x03\0\0\x26\x47\0\0\x01\0\0\x04\x50\x01\0\0\xd6\x45\0\0\x0f\
\x03\0\0\0\0\0\0\x32\x47\0\0\x03\0\0\x04\x30\0\0\0\x42\x47\0\0\x2c\x03\0\0\0\0\
\0\0\x4f\x47\0\0\x2c\x03\0\0\x40\0\0\0\x5b\x47\0\0\x8f\0\0\0\x80\0\0\0\0\0\0\0\
\0\0\0\x02\x2d\x03\0\0\x66\x47\0\0\x05\0\0\x04\x30\0\0\0\x72\x47\0\0\x0f\0\0\0\
\0\0\0\0\x7c\x47\0\0\xa4\0\0\0\x40\0\0\0\xd9\x0a\0\0\x0f\0\0\0\x80\0\0\0\xac\0\
\0\0\x0f\0\0\0\xc0\0\0\0\x87\x12\0\0\x62\0\0\0\0\x01\0\0\0\0\0\0\0\0\0\x02\x2b\
\x03\0\0\0\0\0\0\0\0\0\x03\0\0\0\0\xc9\x01\0\0\x04\0\0\0\x10\0\0\0\x84\x47\0\0\
\x05\0\0\x04\x50\0\0\0\x96\x47\0\0\x31\x03\0\0\0\0\0\0\x9b\x47\0\0\x31\x03\0\0\
\x80\0\0\0\xa0\x47\0\0\x31\x03\0\0\0\x01\0\0\xa5\x47\0\0\x31\x03\0\0\x80\x01\0\
\0\xaa\x47\0\0\x31\x03\0\0\0\x02\0\0\xaf\x47\0\0\x02\0\0\x04\x10\0\0\0\xbb\x47\
\0\0\x0f\0\0\0\0\0\0\0\xbe\x47\0\0\x0f\0\0\0\x40\0\0\0\xc1\x47\0\0\x01\0\0\x04\
\x10\0\0\0\x96\x47\0\0\x31\x03\0\0\0\0\0\0\x22\x06\0\0\x09\0\0\x04\x48\0\0\0\
\xd9\x0a\0\0\x1c\0\0\0\0\0\0\0\x92\x4e\0\0\x34\x03\0\0\x40\0\0\0\x99\x4e\0\0\
\x35\x03\0\0\x80\0\0\0\xa0\x4e\0\0\x36\x03\0\0\xc0\0\0\0\xa7\x4e\0\0\xe6\0\0\0\
\0\x01\0\0\xbb\x4e\0\0\x37\x03\0\0\x40\x01\0\0\xc2\x4e\0\0\x38\x03\0\0\x80\x01\
\0\0\xca\x4e\0\0\x38\x03\0\0\xc0\x01\0\0\xdf\x4e\0\0\x3b\x03\0\0\0\x02\0\0\0\0\
\0\0\0\0\0\x02\xca\x06\0\0\0\0\0\0\0\0\0\x02\x85\x03\0\0\0\0\0\0\0\0\0\x02\x3c\
\x03\0\0\0\0\0\0\0\0\0\x02\x47\x04\0\0\0\0\0\0\0\0\0\x02\x39\x03\0\0\xe9\x4e\0\
\0\x06\0\0\x04\x58\0\0\0\xe7\x16\0\0\xb6\0\0\0\0\0\0\0\x06\x1e\0\0\x7d\x01\0\0\
\x40\0\0\0\xc6\x1c\0\0\x63\x01\0\0\x80\0\0\0\xf8\x4e\0\0\x3a\x03\0\0\x40\x01\0\
\0\0\x4f\0\0\xb4\x01\0\0\x40\x02\0\0\x0a\x4f\0\0\x77\0\0\0\x80\x02\0\0\x19\x4f\
\0\0\x02\0\0\x04\x20\0\0\0\x28\x4f\0\0\xf0\x01\0\0\0\0\0\0\x32\x4f\0\0\xf0\x01\
\0\0\x80\0\0\0\0\0\0\0\0\0\0\x02\x3e\x03\0\0\x86\x4f\0\0\x0b\0\0\x04\x78\0\0\0\
\xc6\x1c\0\0\x63\x01\0\0\0\0\0\0\xa0\x22\0\0\x3d\x03\0\0\xc0\0\0\0\x8b\x12\0\0\
\x2c\0\0\0\0\x01\0\0\x94\x4f\0\0\x8a\0\0\0\x80\x01\0\0\xe7\x16\0\0\xb6\0\0\0\
\xc0\x01\0\0\x06\x1e\0\0\x7d\x01\0\0\0\x02\0\0\x9c\x4f\0\0\x10\0\0\0\x40\x02\0\
\0\xb1\x1b\0\0\xe3\0\0\0\x80\x02\0\0\xa6\x3d\0\0\x10\0\0\0\x40\x03\0\0\xa0\x4f\
\0\0\x16\0\0\0\x80\x03\0\0\xa7\x4f\0\0\x16\0\0\0\xa0\x03\0\0\0\0\0\0\0\0\0\x02\
\xdf\x06\0\0\x06\x50\0\0\x04\0\0\x04\x30\0\0\0\xc6\x1c\0\0\x63\x01\0\0\0\0\0\0\
\xe7\x16\0\0\xb6\0\0\0\xc0\0\0\0\x06\x1e\0\0\x7d\x01\0\0\0\x01\0\0\x17\x50\0\0\
\xa4\x01\0\0\x40\x01\0\0\x21\x50\0\0\x16\0\0\x04\xa8\x01\0\0\x29\x50\0\0\x40\
\x03\0\0\0\0\0\0\x73\x26\0\0\x1a\0\0\0\xc0\x01\0\0\x30\x50\0\0\xa4\x01\0\0\0\
\x02\0\0\x39\x50\0\0\x55\0\0\0\x40\x02\0\0\x42\x50\0\0\x02\0\0\0\x80\x02\0\0\
\x15\x03\0\0\x2c\0\0\0\xc0\x02\0\0\x4b\x50\0\0\x2c\0\0\0\x40\x03\0\0\x54\x50\0\
\0\x2c\0\0\0\xc0\x03\0\0\x60\x50\0\0\x2c\0\0\0\x40\x04\0\0\x6b\x50\0\0\x4e\x03\
\0\0\xc0\x04\0\0\x77\x50\0\0\x2c\0\0\0\x40\x08\0\0\x86\x50\0\0\x2c\0\0\0\xc0\
\x08\0\0\x9a\x50\0\0\xe8\0\0\0\x40\x09\0\0\xa0\x50\0\0\x2c\0\0\0\xc0\x09\0\0\
\xab\x50\0\0\x2c\0\0\0\x40\x0a\0\0\xbf\x50\0\0\x2c\0\0\0\xc0\x0a\0\0\xd3\x50\0\
\0\x2c\0\0\0\x40\x0b\0\0\xdb\x50\0\0\x55\0\0\0\xc0\x0b\0\0\xe7\x50\0\0\x55\0\0\
\0\0\x0c\0\0\xf3\x50\0\0\xa4\x01\0\0\x40\x0c\0\0\xff\x50\0\0\x77\0\0\0\x80\x0c\
\0\0\x99\x13\0\0\x62\0\0\0\xc0\x0c\0\0\0\0\0\0\0\0\0\x03\0\0\0\0\x67\0\0\0\x04\
\0\0\0\x07\0\0\0\xd8\x12\0\0\x26\0\0\x04\x90\x08\0\0\x04\x51\0\0\x54\0\0\0\0\0\
\0\0\xac\0\0\0\x0f\0\0\0\x40\x06\0\0\x69\x1c\0\0\x02\0\0\0\x80\x06\0\0\x09\x51\
\0\0\x02\0\0\0\xa0\x06\0\0\x13\x51\0\0\x02\0\0\0\xc0\x06\0\0\x22\x51\0\0\x02\0\
\0\0\xe0\x06\0\0\x37\x51\0\0\x02\0\0\0\0\x07\0\0\x47\x51\0\0\x02\0\0\0\x20\x07\
\0\0\x5a\x51\0\0\x02\0\0\0\x40\x07\0\0\x77\x51\0\0\x02\0\0\0\x60\x07\0\0\x96\
\x51\0\0\x02\0\0\0\x80\x07\0\0\xab\x51\0\0\xd8\x01\0\0\xc0\x07\0\0\xae\x51\0\0\
\x4c\x03\0\0\0\x08\0\0\xb9\x51\0\0\x4c\x03\0\0\xc0\x09\0\0\xc5\x51\0\0\x22\0\0\
\0\x80\x0b\0\0\xd5\x51\0\0\x22\0\0\0\x90\x0b\0\0\xe5\x51\0\0\x22\0\0\0\xa0\x0b\
\0\0\xf9\x51\0\0\x22\0\0\0\xb0\x0b\0\0\x29\x50\0\0\x40\x03\0\0\xc0\x0b\0\0\xa0\
\x22\0\0\x4d\x03\0\0\x80\x0d\0\0\x0d\x52\0\0\x2c\0\0\0\xc0\x0d\0\0\x18\x52\0\0\
\x4e\x03\0\0\x40\x0e\0\0\x20\x52\0\0\x55\0\0\0\xc0\x11\0\0\x29\x52\0\0\x55\0\0\
\0\0\x12\0\0\x36\x52\0\0\x4f\x03\0\0\x40\x12\0\0\x40\x52\0\0\x2c\0\0\0\x80\x12\
\0\0\x4f\x52\0\0\x50\x03\0\0\0\x13\0\0\x5a\x52\0\0\x50\x03\0\0\xc0\x13\0\0\x52\
\x05\0\0\xed\0\0\0\x80\x14\0\0\x60\x52\0\0\x2c\0\0\0\x40\x15\0\0\x69\x52\0\0\
\x8f\0\0\0\xc0\x15\0\0\x77\x52\0\0\xe3\0\0\0\xc0\x16\0\0\x85\x52\0\0\x59\0\0\0\
\x80\x17\0\0\x98\x52\0\0\x52\x03\0\0\x80\x18\0\0\x9c\x52\0\0\x64\x03\0\0\x40\
\x2d\0\0\xa0\x52\0\0\x1c\0\0\0\xc0\x43\0\0\xb1\x52\0\0\x83\x03\0\0\xe0\x43\0\0\
\xb9\x52\0\0\x84\x03\0\0\x80\x44\0\0\xc6\x52\0\0\x0d\0\0\x04\x80\0\0\0\xd9\x0a\
\0\0\x1c\0\0\0\0\0\0\0\x54\x14\0\0\x1c\0\0\0\x20\0\0\0\xa2\x04\0\0\xd8\x01\0\0\
\x40\0\0\0\x63\x1f\0\0\xc2\0\0\0\x80\0\0\0\x2a\0\0\0\x2a\0\0\0\xc0\0\0\0\xc6\
\x1c\0\0\x17\0\0\0\x80\x01\0\0\x25\x1f\0\0\x16\0\0\0\xc0\x01\0\0\0\0\0\0\x43\
\x03\0\0\0\x02\0\0\xd2\x52\0\0\x19\0\0\0\0\x03\0\0\xf8\x12\0\0\x10\0\0\0\x40\
\x03\0\0\xac\0\0\0\x24\0\0\0\x80\x03\0\0\x65\x24\0\0\x72\x01\0\0\x90\x03\0\0\
\xd7\x52\0\0\x4b\x03\0\0\xc0\x03\0\0\0\0\0\0\x03\0\0\x05\x20\0\0\0\xd1\x23\0\0\
\x44\x03\0\0\0\0\0\0\xdd\x52\0\0\x46\x03\0\0\0\0\0\0\x91\x29\0\0\x47\x03\0\0\0\
\0\0\0\xe5\x52\0\0\x04\0\0\x04\x20\0\0\0\xf5\x52\0\0\x0f\0\0\0\0\0\0\0\xa9\x04\
\0\0\x36\0\0\0\x40\0\0\0\xa0\x22\0\0\x45\x03\0\0\x80\0\0\0\xfd\x52\0\0\x0f\0\0\
\0\xc0\0\0\0\0\0\0\0\0\0\0\x02\xd9\x06\0\0\x01\x53\0\0\x01\0\0\x04\x08\0\0\0\
\x15\x53\0\0\xd8\x01\0\0\0\0\0\0\x1f\x53\0\0\x04\0\0\x04\x20\0\0\0\xb2\x23\0\0\
\x48\x03\0\0\0\0\0\0\x7c\x31\0\0\x4a\x03\0\0\x40\0\0\0\xc2\x19\0\0\x91\0\0\0\
\x80\0\0\0\x30\x53\0\0\xd8\x01\0\0\xc0\0\0\0\0\0\0\0\0\0\0\x02\x49\x03\0\0\0\0\
\0\0\0\0\0\x0a\x44\x07\0\0\0\0\0\0\0\0\0\x02\x45\x07\0\0\0\0\0\0\0\0\0\x02\x46\
\x07\0\0\x3c\x53\0\0\x03\0\0\x04\x38\0\0\0\xab\x51\0\0\xd8\x01\0\0\0\0\0\0\x48\
\x53\0\0\x0f\0\0\0\x40\0\0\0\x54\x53\0\0\xb9\x01\0\0\x80\0\0\0\0\0\0\0\0\0\0\
\x02\x47\x07\0\0\0\0\0\0\0\0\0\x03\0\0\0\0\x2c\0\0\0\x04\0\0\0\x07\0\0\0\0\0\0\
\0\0\0\0\x02\x48\x07\0\0\x61\x53\0\0\x01\0\0\x04\x18\0\0\0\x72\x53\0\0\x51\x03\
\0\0\0\0\0\0\x7a\x53\0\0\x03\0\0\x04\x18\0\0\0\x46\x05\0\0\x10\0\0\0\0\0\0\0\
\x40\x05\0\0\x10\0\0\0\x40\0\0\0\xbf\x0b\0\0\x0a\0\0\0\x80\0\0\0\x87\x53\0\0\
\x14\0\0\x04\x98\x02\0\0\x91\x53\0\0\x8f\0\0\0\0\0\0\0\x9b\x53\0\0\x53\x03\0\0\
\0\x01\0\0\xa0\x53\0\0\x54\x03\0\0\x40\x01\0\0\xaa\x53\0\0\x10\0\0\0\xc0\x02\0\
\0\xba\x53\0\0\x10\0\0\0\0\x03\0\0\xca\x53\0\0\x55\x03\0\0\x40\x03\0\0\xd4\x53\
\0\0\x61\x03\0\0\0\x06\0\0\x2a\x0c\0\0\x62\x03\0\0\0\x09\0\0\xda\x53\0\0\x25\0\
\0\0\x80\x0d\0\0\xe4\x53\0\0\xb9\x01\0\0\xc0\x0d\0\0\xef\x53\0\0\xe3\0\0\0\0\
\x0f\0\0\xf9\x53\0\0\x1c\0\0\0\xc0\x0f\0\0\x05\x54\0\0\x8f\0\0\0\0\x10\0\0\x12\
\x54\0\0\x2c\0\0\0\0\x11\0\0\x1b\x54\0\0\x63\x03\0\0\x80\x11\0\0\x27\x54\0\0\
\x14\0\0\0\x40\x12\0\0\x33\x54\0\0\x10\0\0\0\x80\x12\0\0\x43\x54\0\0\x54\x03\0\
\0\xc0\x12\0\0\x51\x54\0\0\x10\0\0\0\x40\x14\0\0\x65\x54\0\0\x10\0\0\0\x80\x14\
\0\0\0\0\0\0\0\0\0\x02\x49\x07\0\0\0\0\0\0\0\0\0\x03\0\0\0\0\x10\0\0\0\x04\0\0\
\0\x06\0\0\0\x73\x54\0\0\x04\0\0\x04\x58\0\0\0\x91\x13\0\0\x59\0\0\0\0\0\0\0\
\x80\x54\0\0\xb9\x01\0\0\0\x01\0\0\x96\x13\0\0\x66\0\0\0\x40\x02\0\0\xcb\0\0\0\
\x02\0\0\0\x80\x02\0\0\x86\x54\0\0\x15\0\0\x04\x40\x01\0\0\x97\x54\0\0\x2c\0\0\
\0\0\0\0\0\x8b\x12\0\0\x2c\0\0\0\x80\0\0\0\xa7\x18\0\0\x8f\0\0\0\0\x01\0\0\x9c\
\x54\0\0\x02\0\0\0\0\x02\0\0\xa7\x54\0\0\x02\0\0\0\x20\x02\0\0\xb3\x54\0\0\x1c\
\0\0\0\x40\x02\0\0\xc4\x54\0\0\x57\x03\0\0\x80\x02\0\0\xd2\x54\0\0\x2c\0\0\0\
\xc0\x02\0\0\xe0\x54\0\0\x2c\0\0\0\x40\x03\0\0\xf1\x54\0\0\x2c\0\0\0\xc0\x03\0\
\0\xf9\x54\0\0\x58\x03\0\0\x40\x04\0\0\x01\x55\0\0\x02\0\0\0\x80\x04\0\0\x0d\
\x55\0\0\x02\0\0\0\xa0\x04\0\0\x1e\x55\0\0\x59\x03\0\0\xc0\x04\0\0\x2c\x55\0\0\
\x5a\x03\0\0\0\x05\0\0\x34\x55\0\0\x5b\x03\0\0\x40\x05\0\0\x63\x1f\0\0\x5c\x03\
\0\0\x80\x05\0\0\x87\x12\0\0\x62\0\0\0\x40\x06\0\0\xac\0\0\0\x16\0\0\0\0\x08\0\
\0\x3b\x55\0\0\x5a\x03\0\0\x40\x08\0\0\x44\x55\0\0\x60\x03\0\0\x80\x08\0\0\0\0\
\0\0\0\0\0\x02\xf5\x06\0\0\0\0\0\0\0\0\0\x02\xf6\x06\0\0\0\0\0\0\0\0\0\x02\xf8\
\x06\0\0\0\0\0\0\0\0\0\x02\x5d\x03\0\0\0\0\0\0\0\0\0\x02\xf9\x06\0\0\0\0\0\0\0\
\0\0\x03\0\0\0\0\xc4\0\0\0\x04\0\0\0\x18\0\0\0\x51\x55\0\0\x0d\0\0\x04\0\x01\0\
\0\x60\x55\0\0\x5e\x03\0\0\0\0\0\0\x96\x13\0\0\x66\0\0\0\x40\0\0\0\x9c\x54\0\0\
\x02\0\0\0\x80\0\0\0\xa7\x54\0\0\x02\0\0\0\xa0\0\0\0\xe2\x12\0\0\x02\0\0\0\xc0\
\0\0\0\x65\x55\0\0\x5f\x03\0\0\xe0\0\0\0\x2f\x26\0\0\x02\0\0\0\xe0\x02\0\0\x72\
\x55\0\0\x02\0\0\0\0\x03\0\0\x7d\x55\0\0\x2c\0\0\0\x40\x03\0\0\x8c\x55\0\0\x2c\
\0\0\0\xc0\x03\0\0\x96\x55\0\0\x2c\0\0\0\x40\x04\0\0\xa2\x55\0\0\x59\0\0\0\xc0\
\x04\0\0\x87\x12\0\0\x62\0\0\0\xc0\x05\0\0\0\0\0\0\0\0\0\x02\xf7\x06\0\0\0\0\0\
\0\0\0\0\x03\0\0\0\0\x02\0\0\0\x04\0\0\0\x10\0\0\0\0\0\0\0\0\0\0\x03\0\0\0\0\
\x5a\x03\0\0\x04\0\0\0\0\0\0\0\0\0\0\0\0\0\0\x03\0\0\0\0\x10\0\0\0\x04\0\0\0\
\x0c\0\0\0\0\0\0\0\0\0\0\x03\0\0\0\0\x0f\0\0\0\x04\0\0\0\x12\0\0\0\0\0\0\0\0\0\
\0\x03\0\0\0\0\x14\0\0\0\x04\0\0\0\x06\0\0\0\xb7\x55\0\0\x07\0\0\x04\xd0\x02\0\
\0\xc2\x55\0\0\x80\x03\0\0\0\0\0\0\xcc\x55\0\0\x81\x03\0\0\xc0\x05\0\0\xac\0\0\
\0\x82\x03\0\0\x40\x11\0\0\xd2\x55\0\0\x2c\0\0\0\x40\x14\0\0\xdb\x55\0\0\x1f\
\x03\0\0\xc0\x14\0\0\xe2\x12\0\0\x57\0\0\0\0\x15\0\0\xe4\x55\0\0\x59\0\0\0\x80\
\x15\0\0\xf1\x55\0\0\x02\0\0\x04\x10\0\0\0\x87\x12\0\0\x62\0\0\0\0\0\0\0\0\x56\
\0\0\x7f\x03\0\0\x80\0\0\0\x06\x56\0\0\x02\0\0\x04\x18\0\0\0\x59\x2b\0\0\x16\
\x03\0\0\0\0\0\0\0\0\0\0\x77\x03\0\0\x40\0\0\0\x1a\x56\0\0\x19\0\0\x84\x48\0\0\
\0\x9e\x38\0\0\x22\0\0\0\0\0\0\0\x23\x56\0\0\x22\0\0\0\x10\0\0\x01\x29\x56\0\0\
\x22\0\0\0\x11\0\0\x01\x37\x56\0\0\x22\0\0\0\x12\0\0\x01\x46\x56\0\0\x22\0\0\0\
\x13\0\0\x01\x50\x56\0\0\x22\0\0\0\x14\0\0\x01\x5b\x56\0\0\x22\0\0\0\x15\0\0\
\x01\x63\x56\0\0\x22\0\0\0\x16\0\0\x01\x6b\x56\0\0\x22\0\0\0\x17\0\0\x01\x7b\
\x56\0\0\x22\0\0\0\x18\0\0\x01\x8d\x56\0\0\x22\0\0\0\x19\0\0\x01\xaa\x56\0\0\
\x22\0\0\0\x1a\0\0\x01\xb9\x56\0\0\x22\0\0\0\x1b\0\0\x01\x19\0\0\0\x68\x03\0\0\
\x20\0\0\0\xca\x56\0\0\x69\x03\0\0\x40\0\0\0\x70\x42\0\0\x14\0\0\0\x60\0\0\0\
\xdf\x56\0\0\x14\0\0\0\x80\0\0\0\xe9\x56\0\0\x6a\x03\0\0\xa0\0\0\0\xed\x56\0\0\
\x6b\x03\0\0\0\x01\0\0\x54\x14\0\0\xec\0\0\0\x40\x01\0\0\xf3\x56\0\0\x6c\x03\0\
\0\x80\x01\0\0\xfc\x56\0\0\x72\x03\0\0\xc0\x01\0\0\0\x57\0\0\x73\x03\0\0\0\x02\
\0\0\x0a\x57\0\0\x75\x03\0\0\x40\x02\0\0\x10\x57\0\0\x76\x03\0\0\x40\x02\0\0\
\x17\x57\0\0\x20\0\0\x06\x04\0\0\0\x25\x57\0\0\0\0\0\0\x3a\x57\0\0\x01\0\0\0\
\x56\x57\0\0\x02\0\0\0\x6b\x57\0\0\x03\0\0\0\x83\x57\0\0\x04\0\0\0\x9b\x57\0\0\
\x05\0\0\0\xb4\x57\0\0\x06\0\0\0\xc6\x57\0\0\x07\0\0\0\xdf\x57\0\0\x08\0\0\0\
\xf8\x57\0\0\x09\0\0\0\x12\x58\0\0\x0a\0\0\0\x27\x58\0\0\x0b\0\0\0\x3d\x58\0\0\
\x0c\0\0\0\x54\x58\0\0\x0d\0\0\0\x6b\x58\0\0\x0e\0\0\0\x80\x58\0\0\x0f\0\0\0\
\x9c\x58\0\0\x10\0\0\0\xb1\x58\0\0\x11\0\0\0\xce\x58\0\0\x12\0\0\0\xed\x58\0\0\
\x13\0\0\0\x09\x59\0\0\x14\0\0\0\x22\x59\0\0\x15\0\0\0\x3d\x59\0\0\x16\0\0\0\
\x5a\x59\0\0\x17\0\0\0\x76\x59\0\0\x18\0\0\0\x9c\x59\0\0\x19\0\0\0\xb9\x59\0\0\
\x1a\0\0\0\xcf\x59\0\0\x1b\0\0\0\xe8\x59\0\0\x1c\0\0\0\xfa\x59\0\0\x1d\0\0\0\
\x0c\x5a\0\0\x1e\0\0\0\x24\x5a\0\0\x1f\0\0\0\x3a\x5a\0\0\x2b\0\0\x06\x04\0\0\0\
\x4a\x5a\0\0\0\0\0\0\x62\x5a\0\0\x01\0\0\0\x79\x5a\0\0\x02\0\0\0\x95\x5a\0\0\
\x03\0\0\0\xa9\x5a\0\0\x04\0\0\0\xc2\x5a\0\0\x05\0\0\0\xdc\x5a\0\0\x06\0\0\0\
\xee\x5a\0\0\x07\0\0\0\x01\x5b\0\0\x08\0\0\0\x17\x5b\0\0\x09\0\0\0\x2d\x5b\0\0\
\x0a\0\0\0\x46\x5b\0\0\x0b\0\0\0\x5f\x5b\0\0\x0c\0\0\0\x7a\x5b\0\0\x0d\0\0\0\
\x95\x5b\0\0\x0e\0\0\0\xad\x5b\0\0\x0f\0\0\0\xc5\x5b\0\0\x10\0\0\0\xd4\x5b\0\0\
\x11\0\0\0\xe7\x5b\0\0\x12\0\0\0\xf9\x5b\0\0\x13\0\0\0\x11\x5c\0\0\x14\0\0\0\
\x29\x5c\0\0\x15\0\0\0\x3f\x5c\0\0\x16\0\0\0\x55\x5c\0\0\x17\0\0\0\x66\x5c\0\0\
\x18\0\0\0\x77\x5c\0\0\x19\0\0\0\x87\x5c\0\0\x1a\0\0\0\x99\x5c\0\0\x1b\0\0\0\
\xa5\x5c\0\0\x1c\0\0\0\xb4\x5c\0\0\x1d\0\0\0\xd1\x5c\0\0\x1e\0\0\0\xee\x5c\0\0\
\x1f\0\0\0\x0b\x5d\0\0\x20\0\0\0\x28\x5d\0\0\x21\0\0\0\x37\x5d\0\0\x22\0\0\0\
\x54\x5d\0\0\x23\0\0\0\x63\x5d\0\0\x24\0\0\0\x71\x5d\0\0\x25\0\0\0\x79\x5d\0\0\
\x26\0\0\0\x8c\x5d\0\0\x27\0\0\0\xa4\x5d\0\0\x28\0\0\0\xc7\x5d\0\0\x29\0\0\0\
\xd6\x5d\0\0\x2a\0\0\0\0\0\0\0\0\0\0\x03\0\0\0\0\x40\0\0\0\x04\0\0\0\x08\0\0\0\
\0\0\0\0\0\0\0\x02\x0e\x07\0\0\0\0\0\0\0\0\0\x02\x6d\x03\0\0\0\0\0\0\x02\0\0\
\x0d\x16\0\0\0\0\0\0\0\x17\0\0\0\0\0\0\0\x6e\x03\0\0\0\0\0\0\0\0\0\x02\x6f\x03\
\0\0\0\0\0\0\0\0\0\x0a\x70\x03\0\0\xec\x5d\0\0\x05\0\0\x84\x08\0\0\0\xf5\x5d\0\
\0\x41\0\0\0\0\0\0\0\xfa\x5d\0\0\x41\0\0\0\x08\0\0\x04\x02\x5e\0\0\x41\0\0\0\
\x0c\0\0\x04\x0a\x5e\0\0\x71\x03\0\0\x10\0\0\0\x0e\x5e\0\0\xff\0\0\0\x20\0\0\0\
\x12\x5e\0\0\0\0\0\x08\x06\x01\0\0\0\0\0\0\0\0\0\x02\x12\x07\0\0\0\0\0\0\0\0\0\
\x02\x19\x07\0\0\x18\x5e\0\0\x04\0\0\x04\x08\0\0\0\xf5\x5d\0\0\x23\0\0\0\0\0\0\
\0\x24\x5e\0\0\x41\0\0\0\x10\0\0\0\x27\x5e\0\0\x41\0\0\0\x18\0\0\0\x2a\x5e\0\0\
\x15\0\0\0\x20\0\0\0\0\0\0\0\0\0\0\x03\0\0\0\0\x74\x03\0\0\x04\0\0\0\0\0\0\0\0\
\0\0\0\0\0\0\x03\0\0\0\0\x70\x03\0\0\x04\0\0\0\0\0\0\0\0\0\0\0\x02\0\0\x05\x10\
\0\0\0\x2c\x5e\0\0\x7e\x03\0\0\0\0\0\0\x5e\x2b\0\0\x10\0\0\0\0\0\0\0\0\0\0\0\0\
\0\0\x02\x79\x03\0\0\x3b\x5e\0\0\x07\0\0\x04\x68\0\0\0\0\0\0\0\x7a\x03\0\0\0\0\
\0\0\x4e\x5e\0\0\x7c\x03\0\0\x40\0\0\0\x5a\x1e\0\0\x7d\x03\0\0\x80\0\0\0\x52\
\x5e\0\0\x2c\0\0\0\0\x01\0\0\x5b\x5e\0\0\x2c\0\0\0\x80\x01\0\0\xe2\x11\0\0\x2a\
\0\0\0\0\x02\0\0\x87\x12\0\0\x62\0\0\0\xc0\x02\0\0\0\0\0\0\x02\0\0\x05\x08\0\0\
\0\xe9\x20\0\0\x7b\x03\0\0\0\0\0\0\x63\x5e\0\0\x19\0\0\0\0\0\0\0\0\0\0\0\0\0\0\
\x02\x62\x07\0\0\0\0\0\0\0\0\0\x02\x63\x07\0\0\x6e\x5e\0\0\x02\0\0\x04\x10\0\0\
\0\x85\x5e\0\0\x11\0\0\0\0\0\0\0\x95\x5e\0\0\x15\0\0\0\x40\0\0\0\0\0\0\0\0\0\0\
\x03\0\0\0\0\x78\x03\0\0\x04\0\0\0\x02\0\0\0\0\0\0\0\0\0\0\x03\0\0\0\0\x66\x03\
\0\0\x04\0\0\0\0\0\0\0\0\0\0\0\0\0\0\x03\0\0\0\0\x1f\x03\0\0\x04\0\0\0\x17\0\0\
\0\0\0\0\0\0\0\0\x03\0\0\0\0\x2c\0\0\0\x04\0\0\0\x17\0\0\0\0\0\0\0\0\0\0\x03\0\
\0\0\0\x14\0\0\0\x04\0\0\0\x17\0\0\0\xa1\x5e\0\0\x04\0\0\x04\x10\0\0\0\xb6\x5e\
\0\0\x77\0\0\0\0\0\0\0\xbd\x5e\0\0\x02\0\0\0\x20\0\0\0\xc6\x5e\0\0\x02\0\0\0\
\x40\0\0\0\xdc\x5e\0\0\x02\0\0\0\x60\0\0\0\0\0\0\0\0\0\0\x03\0\0\0\0\x10\0\0\0\
\x04\0\0\0\0\0\0\0\x30\x5f\0\0\x19\0\0\x04\x38\x03\0\0\x3e\x5f\0\0\x94\x03\0\0\
\0\0\0\0\x42\x5f\0\0\xcc\0\0\0\x40\x14\0\0\x4b\x5f\0\0\x02\0\0\0\xc0\x14\0\0\
\x55\x5f\0\0\x16\0\0\0\xe0\x14\0\0\x60\x5f\0\0\x16\0\0\0\0\x15\0\0\x6b\x5f\0\0\
\x16\0\0\0\x20\x15\0\0\x76\x5f\0\0\x1c\0\0\0\x40\x15\0\0\x80\x5f\0\0\x1c\0\0\0\
\x60\x15\0\0\x89\x5f\0\0\x10\x01\0\0\x80\x15\0\0\x94\x5f\0\0\x10\x01\0\0\xc0\
\x15\0\0\x9f\x5f\0\0\x0f\0\0\0\0\x16\0\0\xa7\x5f\0\0\x02\0\0\0\x40\x16\0\0\xb2\
\x5f\0\0\x02\0\0\0\x60\x16\0\0\xc2\x5f\0\0\x95\x03\0\0\x80\x16\0\0\xcb\x5f\0\0\
\x85\0\0\0\x40\x17\0\0\xd2\x5f\0\0\x16\0\0\0\x80\x17\0\0\xe2\x5f\0\0\x16\0\0\0\
\xa0\x17\0\0\xf0\x5f\0\0\x16\0\0\0\xc0\x17\0\0\xfb\x5f\0\0\x16\0\0\0\xe0\x17\0\
\0\x0a\x60\0\0\x16\0\0\0\0\x18\0\0\x19\x60\0\0\x16\0\0\0\x20\x18\0\0\xe7\x16\0\
\0\xb6\0\0\0\x40\x18\0\0\x06\x1e\0\0\x7d\x01\0\0\x80\x18\0\0\x2c\x60\0\0\x1f\0\
\0\0\xc0\x18\0\0\xc6\x1c\0\0\x63\x01\0\0\0\x19\0\0\x36\x60\0\0\x07\0\0\x04\xd8\
\0\0\0\x3e\x60\0\0\x02\0\0\0\0\0\0\0\x9c\x4f\0\0\x24\0\0\0\x20\0\0\0\x45\x60\0\
\0\xab\0\0\0\x40\0\0\0\x4b\x60\0\0\xfc\x02\0\0\x80\x01\0\0\x54\x60\0\0\x02\0\0\
\0\x40\x02\0\0\x5c\x60\0\0\x02\0\0\0\x60\x02\0\0\x65\x60\0\0\x87\x03\0\0\x80\
\x02\0\0\x6c\x60\0\0\x09\0\0\x04\x88\0\0\0\x77\x60\0\0\x88\x03\0\0\0\0\0\0\x7b\
\x60\0\0\x16\0\0\0\x40\0\0\0\x83\x60\0\0\x16\0\0\0\x60\0\0\0\x8d\x60\0\0\x89\
\x03\0\0\x80\0\0\0\x8f\x60\0\0\x77\0\0\0\xc0\x01\0\0\x96\x60\0\0\x59\0\0\0\0\
\x02\0\0\xa7\x18\0\0\x8f\0\0\0\0\x03\0\0\x73\x10\0\0\x8a\0\0\0\0\x04\0\0\x9f\
\x60\0\0\x1c\0\0\0\x20\x04\0\0\0\0\0\0\0\0\0\x02\xda\x06\0\0\xa6\x60\0\0\x0a\0\
\0\x04\x28\0\0\0\xb8\x60\0\0\x22\0\0\0\0\0\0\0\x7b\x60\0\0\x22\0\0\0\x10\0\0\0\
\xc3\x60\0\0\x22\0\0\0\x20\0\0\0\xce\x60\0\0\x22\0\0\0\x30\0\0\0\xda\x60\0\0\
\x16\0\0\0\x40\0\0\0\xe3\x60\0\0\x22\0\0\0\x60\0\0\0\xec\x60\0\0\x77\0\0\0\x70\
\0\0\0\0\x61\0\0\x8a\x03\0\0\x80\0\0\0\x07\x61\0\0\x8d\x03\0\0\xc0\0\0\0\x12\
\x61\0\0\x8e\x03\0\0\0\x01\0\0\x1c\x61\0\0\0\0\0\x08\x8b\x03\0\0\0\0\0\0\0\0\0\
\x02\x8c\x03\0\0\0\0\0\0\x03\0\0\x0d\x14\0\0\0\0\0\0\0\x17\0\0\0\0\0\0\0\x14\0\
\0\0\0\0\0\0\x14\0\0\0\x29\x61\0\0\0\0\0\x08\x8b\x03\0\0\x3a\x61\0\0\0\0\0\x08\
\x8f\x03\0\0\0\0\0\0\0\0\0\x02\x90\x03\0\0\0\0\0\0\x02\0\0\x0d\x02\0\0\0\0\0\0\
\0\x91\x03\0\0\0\0\0\0\x17\0\0\0\0\0\0\0\0\0\0\x02\x92\x03\0\0\x4a\x61\0\0\x02\
\0\0\x04\x10\0\0\0\x61\x61\0\0\x93\x03\0\0\0\0\0\0\x5a\x1e\0\0\x17\0\0\0\x40\0\
\0\0\0\0\0\0\0\0\0\x02\x87\x03\0\0\0\0\0\0\0\0\0\x03\0\0\0\0\x86\x03\0\0\x04\0\
\0\0\x03\0\0\0\x64\x61\0\0\x03\0\0\x04\x18\0\0\0\x73\x61\0\0\x96\x03\0\0\0\0\0\
\0\x60\x0b\0\0\x99\x03\0\0\x40\0\0\0\x81\x61\0\0\x02\0\0\0\x80\0\0\0\x8a\x61\0\
\0\0\0\0\x08\x97\x03\0\0\0\0\0\0\0\0\0\x02\x98\x03\0\0\0\0\0\0\x03\0\0\x0d\x02\
\0\0\0\0\0\0\0\x99\x03\0\0\0\0\0\0\x0f\0\0\0\0\0\0\0\x19\0\0\0\0\0\0\0\0\0\0\
\x02\x95\x03\0\0\x98\x61\0\0\x04\0\0\x04\x20\0\0\0\xa1\x61\0\0\x86\0\0\0\0\0\0\
\0\xaa\x61\0\0\xeb\x01\0\0\x40\0\0\0\xb1\x61\0\0\x02\0\0\0\x80\0\0\0\xbb\x61\0\
\0\xb6\0\0\0\xc0\0\0\0\x02\x18\0\0\x10\0\0\x04\xc0\0\0\0\xc6\x61\0\0\x16\0\0\0\
\0\0\0\0\xce\x61\0\0\xa2\x01\0\0\x20\0\0\0\xd4\x61\0\0\x9c\x03\0\0\x40\0\0\0\
\xdb\x61\0\0\x86\0\0\0\xc0\0\0\0\xe4\x61\0\0\x9f\x03\0\0\0\x01\0\0\xeb\x61\0\0\
\x87\0\0\0\x80\x01\0\0\xf3\x61\0\0\xa4\x03\0\0\xc0\x01\0\0\xfb\x61\0\0\xa5\x03\
\0\0\xc0\x02\0\0\x05\x62\0\0\xa8\x03\0\0\0\x03\0\0\x0a\x62\0\0\xeb\x01\0\0\x40\
\x03\0\0\x0f\x62\0\0\x0f\0\0\0\x80\x03\0\0\x16\x62\0\0\x19\0\0\0\xc0\x03\0\0\0\
\0\0\0\x45\x04\0\0\0\x04\0\0\x1f\x62\0\0\x2c\0\0\0\x80\x04\0\0\x27\x62\0\0\x2c\
\0\0\0\0\x05\0\0\x31\x62\0\0\x46\x04\0\0\x80\x05\0\0\x35\x62\0\0\x02\0\0\x04\
\x10\0\0\0\x60\x0b\0\0\x9d\x03\0\0\0\0\0\0\xd4\x1c\0\0\x9e\x03\0\0\x40\0\0\0\0\
\0\0\0\0\0\0\x02\x9c\x03\0\0\0\0\0\0\0\0\0\x02\x9d\x03\0\0\x43\x62\0\0\x02\0\0\
\x04\x10\0\0\0\0\0\0\0\xa0\x03\0\0\0\0\0\0\x63\x1f\0\0\xa2\x03\0\0\x40\0\0\0\0\
\0\0\0\x02\0\0\x05\x08\0\0\0\0\0\0\0\xa1\x03\0\0\0\0\0\0\x48\x62\0\0\x10\0\0\0\
\0\0\0\0\0\0\0\0\x02\0\0\x04\x08\0\0\0\x25\x1f\0\0\x14\0\0\0\0\0\0\0\x70\x42\0\
\0\x14\0\0\0\x20\0\0\0\0\0\0\0\0\0\0\x02\xa3\x03\0\0\0\0\0\0\0\0\0\x0a\x42\0\0\
\0\0\0\0\0\0\0\0\x03\0\0\0\0\x42\0\0\0\x04\0\0\0\x20\0\0\0\x51\x62\0\0\x01\0\0\
\x04\x08\0\0\0\0\0\0\0\xa6\x03\0\0\0\0\0\0\0\0\0\0\x02\0\0\x05\x08\0\0\0\x59\
\x62\0\0\x11\0\0\0\0\0\0\0\0\0\0\0\xa7\x03\0\0\0\0\0\0\0\0\0\0\x02\0\0\x04\x08\
\0\0\0\x73\x10\0\0\x8a\0\0\0\0\0\0\0\xd9\x0a\0\0\x02\0\0\0\x20\0\0\0\0\0\0\0\0\
\0\0\x02\xa9\x03\0\0\0\0\0\0\0\0\0\x0a\x19\x04\0\0\x64\x62\0\0\x41\0\0\x04\x80\
\x05\0\0\x70\x62\0\0\x2c\0\0\0\0\0\0\0\x77\x62\0\0\xee\x01\0\0\x80\0\0\0\x7d\
\x62\0\0\x42\0\0\0\xa0\0\0\0\x8e\x62\0\0\x0f\0\0\0\xc0\0\0\0\x9a\x62\0\0\x91\0\
\0\0\0\x01\0\0\xa5\x62\0\0\xab\x03\0\0\x40\x01\0\0\xac\x62\0\0\xac\x03\0\0\x80\
\x01\0\0\xb1\x62\0\0\xae\x03\0\0\xc0\x01\0\0\xb7\x62\0\0\xb0\x03\0\0\0\x02\0\0\
\xbe\x62\0\0\xb2\x03\0\0\x40\x02\0\0\xca\x62\0\0\x0f\0\0\0\x80\x02\0\0\xd2\x62\
\0\0\x0f\0\0\0\xc0\x02\0\0\xdb\x62\0\0\x0f\0\0\0\0\x03\0\0\xe3\x62\0\0\x86\0\0\
\0\x40\x03\0\0\xea\x62\0\0\xab\0\0\0\x80\x03\0\0\xf3\x62\0\0\x02\0\0\0\xc0\x04\
\0\0\xfb\x62\0\0\x1c\0\0\0\xe0\x04\0\0\x04\x63\0\0\x19\0\0\0\0\x05\0\0\x0f\x63\
\0\0\xb4\x03\0\0\x40\x05\0\0\x17\x63\0\0\xb7\x03\0\0\x80\x05\0\0\x1d\x63\0\0\
\xb9\x03\0\0\xc0\x05\0\0\x2b\x63\0\0\xba\x03\0\0\0\x06\0\0\x31\x63\0\0\xbc\x03\
\0\0\x40\x06\0\0\x3c\x63\0\0\x23\0\0\0\x80\x06\0\0\x4d\x63\0\0\xbd\x03\0\0\xc0\
\x06\0\0\x55\x63\0\0\x2c\0\0\0\0\x07\0\0\x5e\x63\0\0\xbe\x03\0\0\x80\x07\0\0\
\x65\x63\0\0\x9a\x01\0\0\xc0\x07\0\0\x6b\x63\0\0\xee\x03\0\0\0\x08\0\0\x71\x63\
\0\0\xe8\0\0\0\x40\x08\0\0\x7d\x63\0\0\x16\0\0\0\xc0\x08\0\0\x8b\x63\0\0\xef\
\x03\0\0\0\x09\0\0\x93\x63\0\0\x09\x04\0\0\xc0\x12\0\0\x9d\x63\0\0\x19\0\0\0\
\xc0\x1c\0\0\xa7\x63\0\0\x14\0\0\0\0\x1d\0\0\xb3\x63\0\0\x03\x01\0\0\x40\x1d\0\
\0\xbe\x63\0\0\x03\x01\0\0\x80\x1d\0\0\xc9\x63\0\0\x15\0\0\0\xc0\x1d\0\0\xd9\
\x63\0\0\xa3\x02\0\0\0\x1e\0\0\xea\x63\0\0\x15\x04\0\0\x40\x1e\0\0\xef\x63\0\0\
\x16\x04\0\0\x40\x1f\0\0\xf6\x63\0\0\x16\0\0\0\xc0\x1f\0\0\x02\x64\0\0\x8e\0\0\
\0\xe0\x1f\0\0\x09\x64\0\0\x8f\0\0\0\0\x20\0\0\x1c\x64\0\0\xc2\0\0\0\0\x21\0\0\
\x26\x64\0\0\xa8\x03\0\0\x40\x21\0\0\x2d\x64\0\0\x02\0\0\0\x80\x21\0\0\x3f\x64\
\0\0\x3a\x04\0\0\xc0\x21\0\0\x48\x64\0\0\x5a\0\0\0\x80\x23\0\0\x57\x64\0\0\x5a\
\0\0\0\xc0\x23\0\0\x6d\x64\0\0\x02\0\0\0\0\x24\0\0\x80\x64\0\0\xa6\0\0\0\x20\
\x24\0\0\x89\x64\0\0\x66\0\0\0\x40\x24\0\0\x97\x64\0\0\xe0\0\0\0\x80\x24\0\0\
\x9e\x64\0\0\xb6\0\0\0\xc0\x24\0\0\xa8\x64\0\0\x43\x04\0\0\0\x25\0\0\xb5\x64\0\
\0\x43\x04\0\0\x40\x25\0\0\x87\x12\0\0\x62\0\0\0\x80\x25\0\0\x10\x13\0\0\x59\0\
\0\0\0\x26\0\0\xc1\x64\0\0\x8f\0\0\0\0\x27\0\0\xcd\x64\0\0\x02\0\0\0\0\x28\0\0\
\xdb\x64\0\0\x8a\0\0\0\0\x2a\0\0\xed\x64\0\0\x2c\0\0\0\x40\x2a\0\0\xf6\x64\0\0\
\x8a\0\0\0\xc0\x2a\0\0\x0a\x65\0\0\x2c\0\0\0\0\x2b\0\0\0\0\0\0\0\0\0\x02\xdc\
\x06\0\0\0\0\0\0\0\0\0\x02\xad\x03\0\0\0\0\0\0\0\0\0\x0a\x85\x07\0\0\0\0\0\0\0\
\0\0\x02\xaf\x03\0\0\0\0\0\0\0\0\0\x0a\x86\x07\0\0\0\0\0\0\0\0\0\x02\xb1\x03\0\
\0\0\0\0\0\0\0\0\x0a\x87\x07\0\0\0\0\0\0\0\0\0\x02\xb3\x03\0\0\0\0\0\0\0\0\0\
\x0a\x2c\x07\0\0\0\0\0\0\0\0\0\x02\xb5\x03\0\0\0\0\0\0\0\0\0\x02\xb6\x03\0\0\0\
\0\0\0\0\0\0\x0a\x88\x07\0\0\0\0\0\0\0\0\0\x02\xb8\x03\0\0\0\0\0\0\0\0\0\x0a\
\x89\x07\0\0\0\0\0\0\0\0\0\x02\x8d\x07\0\0\0\0\0\0\0\0\0\x02\xbb\x03\0\0\0\0\0\
\0\0\0\0\x0a\x8e\x07\0\0\0\0\0\0\0\0\0\x02\x8f\x07\0\0\x16\x65\0\0\x01\0\0\x04\
\x08\0\0\0\x94\x1c\0\0\x9d\x03\0\0\0\0\0\0\0\0\0\0\0\0\0\x02\xdd\x06\0\0\x50\
\x07\0\0\x13\0\0\x04\x60\x03\0\0\xf8\x12\0\0\x10\0\0\0\0\0\0\0\x4c\x0c\0\0\x2a\
\0\0\0\x40\0\0\0\x24\x65\0\0\x2c\0\0\0\0\x01\0\0\xd2\x19\0\0\x0f\0\0\0\x80\x01\
\0\0\x2d\x65\0\0\x0f\0\0\0\xc0\x01\0\0\xe2\x12\0\0\xd9\x01\0\0\0\x02\0\0\xa8\
\x2b\0\0\x16\0\0\0\x20\x02\0\0\x36\x65\0\0\x16\0\0\0\x40\x02\0\0\x40\x65\0\0\
\x16\0\0\0\x60\x02\0\0\x4a\x65\0\0\x16\0\0\0\x80\x02\0\0\x58\x65\0\0\x5a\0\0\0\
\xc0\x02\0\0\x6c\x65\0\0\xc0\x03\0\0\0\x03\0\0\x6f\x65\0\0\x2c\0\0\0\xc0\x15\0\
\0\x77\x65\0\0\xe3\0\0\0\x40\x16\0\0\x8c\x2b\0\0\xcd\x01\0\0\0\x17\0\0\x80\x65\
\0\0\xed\x03\0\0\x40\x17\0\0\xad\x18\0\0\xcd\x01\0\0\x40\x19\0\0\x89\x65\0\0\
\xb9\x01\0\0\x80\x19\0\0\x9e\x65\0\0\x86\0\0\0\xc0\x1a\0\0\xa8\x65\0\0\x1b\0\0\
\x04\x58\x02\0\0\xb6\x65\0\0\x9a\x01\0\0\0\0\0\0\x02\x12\0\0\x0f\0\0\0\x40\0\0\
\0\xba\x65\0\0\x0f\0\0\0\x80\0\0\0\xc9\x65\0\0\x2c\0\0\0\xc0\0\0\0\xd1\x65\0\0\
\x2c\0\0\0\x40\x01\0\0\xd6\x65\0\0\x2c\0\0\0\xc0\x01\0\0\xe0\x65\0\0\x2c\0\0\0\
\x40\x02\0\0\x5a\x3d\0\0\x8a\0\0\0\xc0\x02\0\0\xed\x65\0\0\x1c\0\0\0\xe0\x02\0\
\0\xfe\x65\0\0\xc1\x03\0\0\0\x03\0\0\x03\x66\0\0\x0f\0\0\0\0\x08\0\0\x0d\x66\0\
\0\x0f\0\0\0\x40\x08\0\0\x1b\x66\0\0\x0f\0\0\0\x80\x08\0\0\x29\x66\0\0\x0f\0\0\
\0\xc0\x08\0\0\x37\x66\0\0\x0f\0\0\0\0\x09\0\0\x47\x66\0\0\x0f\0\0\0\x40\x09\0\
\0\x5b\x66\0\0\x0f\0\0\0\x80\x09\0\0\x6b\x66\0\0\x0f\0\0\0\xc0\x09\0\0\x84\x66\
\0\0\xc2\x03\0\0\0\x0a\0\0\x90\x66\0\0\x02\0\0\0\x80\x0b\0\0\x9f\x66\0\0\xc3\
\x03\0\0\xa0\x0b\0\0\xb0\x66\0\0\x8a\0\0\0\xc0\x0b\0\0\xba\x66\0\0\x2c\0\0\0\0\
\x0c\0\0\xc4\x66\0\0\x55\x03\0\0\x80\x0c\0\0\xca\x66\0\0\x55\x03\0\0\x40\x0f\0\
\0\xd3\x66\0\0\x0f\0\0\0\0\x12\0\0\xdf\x66\0\0\x2c\0\0\0\x40\x12\0\0\0\0\0\0\0\
\0\0\x03\0\0\0\0\x56\x02\0\0\x04\0\0\0\x04\0\0\0\xe8\x66\0\0\x03\0\0\x04\x30\0\
\0\0\x8d\x1b\0\0\x56\x02\0\0\0\0\0\0\xa7\x13\0\0\x16\0\0\0\x40\x01\0\0\x73\x10\
\0\0\x3a\0\0\0\x60\x01\0\0\xfb\x66\0\0\x09\0\0\x06\x04\0\0\0\x05\x67\0\0\0\0\0\
\0\x1a\x67\0\0\x01\0\0\0\x2b\x67\0\0\x02\0\0\0\x3a\x67\0\0\x03\0\0\0\x4d\x67\0\
\0\x04\0\0\0\x64\x67\0\0\x05\0\0\0\x7c\x67\0\0\x06\0\0\0\x94\x67\0\0\x07\0\0\0\
\xac\x67\0\0\x08\0\0\0\xba\x67\0\0\x30\0\0\x84\xf8\x02\0\0\x6a\x35\0\0\xd5\x01\
\0\0\0\0\0\0\xa2\x04\0\0\xcd\x01\0\0\0\x02\0\0\x8d\x60\0\0\xc5\x03\0\0\x40\x02\
\0\0\xc1\x67\0\0\xc2\0\0\0\x80\x02\0\0\x19\0\0\0\xc6\x03\0\0\xc0\x02\0\0\xcb\
\x67\0\0\xc8\x03\0\0\0\x03\0\0\xcf\x67\0\0\xc9\x03\0\0\x40\x03\0\0\xd6\x67\0\0\
\x19\0\0\0\x80\x03\0\0\xe4\x67\0\0\x19\0\0\0\xc0\x03\0\0\xa7\x18\0\0\x8f\0\0\0\
\0\x04\0\0\xf0\x67\0\0\xca\x03\0\0\0\x05\0\0\xf6\x67\0\0\xcc\x03\0\0\xc0\x06\0\
\0\xfc\x67\0\0\xd7\x03\0\0\x40\x10\0\0\x06\x68\0\0\xd8\x03\0\0\x80\x10\0\0\x0c\
\x68\0\0\xd9\x03\0\0\xc0\x10\0\0\x17\x68\0\0\xda\x03\0\0\0\x11\0\0\x1c\x68\0\0\
\x3a\0\0\0\x40\x11\0\0\x25\x68\0\0\x2c\0\0\0\x80\x11\0\0\x2e\x68\0\0\xdb\x03\0\
\0\0\x12\0\0\x36\x68\0\0\xdd\x03\0\0\x40\x12\0\0\x3f\x68\0\0\x10\0\0\0\x80\x12\
\0\0\x51\x68\0\0\x10\0\0\0\xc0\x12\0\0\x5f\x68\0\0\xde\x03\0\0\0\x13\0\0\x6d\
\x68\0\0\xe0\x03\0\0\x40\x13\0\0\x77\x68\0\0\x2c\0\0\0\x80\x13\0\0\x81\x68\0\0\
\xe1\x03\0\0\0\x14\0\0\x89\x68\0\0\xe2\x03\0\0\x40\x14\0\0\x98\x68\0\0\xe3\x03\
\0\0\x80\x14\0\0\xa1\x68\0\0\xe4\x03\0\0\x80\x14\0\0\xa9\x68\0\0\xe5\x03\0\0\
\xc0\x14\0\0\xb0\x68\0\0\xee\x01\0\0\0\x15\0\0\xf8\x12\0\0\x14\0\0\0\x20\x15\0\
\0\xb5\x68\0\0\x8a\0\0\0\x40\x15\0\0\xc1\x68\0\0\x2c\0\0\0\x80\x15\0\0\x65\x46\
\0\0\xe6\x03\0\0\0\x16\0\0\xcd\x68\0\0\xce\x01\0\0\x40\x16\0\0\x87\x31\0\0\xe7\
\x03\0\0\x80\x16\0\0\xd4\x68\0\0\xe9\x03\0\0\xc0\x16\0\0\xe0\x68\0\0\xea\x03\0\
\0\0\x17\0\0\xe6\x68\0\0\xeb\x03\0\0\x40\x17\0\0\xf8\x68\0\0\xec\x03\0\0\x80\
\x17\0\0\x02\x69\0\0\x77\0\0\0\xa0\x17\0\x01\x14\x69\0\0\x77\0\0\0\xa1\x17\0\
\x01\x25\x69\0\0\x77\0\0\0\xa2\x17\0\x01\x2d\x69\0\0\x77\0\0\0\xa3\x17\0\x01\
\x3c\x69\0\0\x77\0\0\0\xa4\x17\0\x01\x49\x69\0\0\x77\0\0\0\xa5\x17\0\x01\x53\
\x69\0\0\x77\0\0\0\xa6\x17\0\x01\0\0\0\0\0\0\0\x02\xfa\x06\0\0\0\0\0\0\0\0\0\
\x02\xc7\x03\0\0\0\0\0\0\0\0\0\x0a\x01\x07\0\0\0\0\0\0\0\0\0\x02\xfc\x06\0\0\0\
\0\0\0\0\0\0\x02\xfb\x06\0\0\x60\x69\0\0\x04\0\0\x04\x38\0\0\0\x6f\x69\0\0\x2c\
\0\0\0\0\0\0\0\x79\x69\0\0\x2c\0\0\0\x80\0\0\0\x83\x69\0\0\x2c\0\0\0\0\x01\0\0\
\x8e\x69\0\0\xcb\x03\0\0\x80\x01\0\0\x95\x69\0\0\x04\0\0\x06\x04\0\0\0\xa2\x69\
\0\0\0\0\0\0\xb3\x69\0\0\x01\0\0\0\xc2\x69\0\0\x02\0\0\0\xd6\x69\0\0\x03\0\0\0\
\xe7\x69\0\0\x34\0\0\x84\x30\x01\0\0\xf3\x69\0\0\xcd\x03\0\0\0\0\0\0\xff\x69\0\
\0\x16\0\0\0\x20\0\0\x01\x0a\x6a\0\0\x16\0\0\0\x21\0\0\x01\x18\x6a\0\0\x77\0\0\
\0\x22\0\0\x01\x24\x6a\0\0\x77\0\0\0\x23\0\0\x01\x30\x6a\0\0\x77\0\0\0\x24\0\0\
\x01\x3d\x6a\0\0\x77\0\0\0\x25\0\0\x01\x50\x6a\0\0\x77\0\0\0\x26\0\0\x01\x62\
\x6a\0\0\x77\0\0\0\x27\0\0\x01\x68\x6a\0\0\x77\0\0\0\x28\0\0\x01\x73\x6a\0\0\
\x77\0\0\0\x29\0\0\x01\x83\x6a\0\0\x14\0\0\0\x40\0\0\0\x73\x10\0\0\x8a\0\0\0\
\x60\0\0\0\x58\x13\0\0\x2c\0\0\0\x80\0\0\0\x25\x24\0\0\x6f\x01\0\0\0\x01\0\0\
\xac\x3d\0\0\xcf\x03\0\0\0\x02\0\0\x90\x6a\0\0\x77\0\0\0\x40\x02\0\x01\x9c\x6a\
\0\0\x77\0\0\0\x41\x02\0\x01\xa4\x6a\0\0\x77\0\0\0\x42\x02\0\x01\xb4\x6a\0\0\
\x16\0\0\0\x43\x02\0\x01\xc0\x6a\0\0\x16\0\0\0\x44\x02\0\x01\xd0\x6a\0\0\x4a\0\
\0\0\x80\x02\0\0\xde\x6a\0\0\x10\0\0\0\x80\x04\0\0\x91\x13\0\0\x59\0\0\0\xc0\
\x04\0\0\xec\x6a\0\0\xe3\0\0\0\xc0\x05\0\0\xf7\x6a\0\0\xd0\x03\0\0\x80\x06\0\0\
\xff\x6a\0\0\x1c\0\0\0\xc0\x06\0\0\x58\x29\0\0\x1c\0\0\0\xe0\x06\0\0\x0b\x6b\0\
\0\x16\0\0\0\0\x07\0\x03\x19\x6b\0\0\x16\0\0\0\x03\x07\0\x01\x2b\x6b\0\0\x16\0\
\0\0\x04\x07\0\x01\x3b\x6b\0\0\x16\0\0\0\x05\x07\0\x01\x4b\x6b\0\0\x16\0\0\0\
\x06\x07\0\x01\x5e\x6b\0\0\x16\0\0\0\x07\x07\0\x01\x6b\x6b\0\0\x77\0\0\0\x08\
\x07\0\x01\x7b\x6b\0\0\x16\0\0\0\x09\x07\0\x01\x88\x6b\0\0\x16\0\0\0\x0a\x07\0\
\x01\x91\x6b\0\0\x16\0\0\0\x0b\x07\0\x01\xa1\x6b\0\0\x16\0\0\0\x0c\x07\0\x01\
\xb4\x6b\0\0\x16\0\0\0\x0d\x07\0\x01\xc2\x6b\0\0\x16\0\0\0\x20\x07\0\0\xce\x6b\
\0\0\xd1\x03\0\0\x40\x07\0\0\xd6\x6b\0\0\xd2\x03\0\0\x60\x07\0\0\xe5\x6b\0\0\
\x02\0\0\0\x80\x07\0\0\xf3\x6b\0\0\x02\0\0\0\xa0\x07\0\0\x05\x6c\0\0\x10\0\0\0\
\xc0\x07\0\0\x0f\x6c\0\0\x10\0\0\0\0\x08\0\0\x1b\x6c\0\0\x10\0\0\0\x40\x08\0\0\
\x2a\x6c\0\0\x10\0\0\0\x80\x08\0\0\x3f\x6c\0\0\xd3\x03\0\0\xc0\x08\0\0\x4b\x6c\
\0\0\xd4\x03\0\0\0\x09\0\0\x61\x6c\0\0\xd6\x03\0\0\x40\x09\0\0\x65\x6c\0\0\0\0\
\0\x08\xce\x03\0\0\x72\x6c\0\0\x01\0\0\x04\x04\0\0\0\xa6\x3d\0\0\x02\0\0\0\0\0\
\0\0\0\0\0\0\0\0\0\x02\x02\x07\0\0\0\0\0\0\0\0\0\x02\x03\x07\0\0\x7d\x6c\0\0\
\x05\0\0\x06\x04\0\0\0\x89\x6c\0\0\0\0\0\0\x96\x6c\0\0\x01\0\0\0\xa3\x6c\0\0\
\x02\0\0\0\xb3\x6c\0\0\x03\0\0\0\xc7\x6c\0\0\x04\0\0\0\xd6\x6c\0\0\x04\0\0\x06\
\x04\0\0\0\xe1\x6c\0\0\0\0\0\0\xec\x6c\0\0\x01\0\0\0\xf9\x6c\0\0\x02\0\0\0\x07\
\x6d\0\0\x03\0\0\0\0\0\0\0\0\0\0\x02\xea\x06\0\0\0\0\0\0\0\0\0\x02\xd5\x03\0\0\
\0\0\0\0\x02\0\0\x0d\0\0\0\0\0\0\0\0\xcd\x01\0\0\0\0\0\0\xfe\0\0\0\0\0\0\0\0\0\
\0\x02\xeb\x06\0\0\0\0\0\0\0\0\0\x02\xe9\x06\0\0\0\0\0\0\0\0\0\x02\xec\x06\0\0\
\0\0\0\0\0\0\0\x02\x05\x07\0\0\0\0\0\0\0\0\0\x02\x06\x07\0\0\0\0\0\0\0\0\0\x02\
\xdc\x03\0\0\0\0\0\0\0\0\0\x0a\x07\x07\0\0\0\0\0\0\0\0\0\x02\x10\0\0\0\0\0\0\0\
\0\0\0\x02\xdf\x03\0\0\0\0\0\0\0\0\0\x0a\x08\x07\0\0\0\0\0\0\0\0\0\x02\x09\x07\
\0\0\0\0\0\0\0\0\0\x02\x0a\x07\0\0\0\0\0\0\0\0\0\x02\x0b\x07\0\0\x16\x6d\0\0\0\
\0\0\x04\0\0\0\0\0\0\0\0\0\0\0\x02\xff\x06\0\0\0\0\0\0\0\0\0\x02\xe8\x06\0\0\0\
\0\0\0\0\0\0\x02\0\x07\0\0\0\0\0\0\0\0\0\x02\xe8\x03\0\0\0\0\0\0\x01\0\0\x0d\0\
\0\0\0\0\0\0\0\xcd\x01\0\0\0\0\0\0\0\0\0\x02\xfe\x06\0\0\0\0\0\0\0\0\0\x02\x0c\
\x07\0\0\0\0\0\0\0\0\0\x02\x0d\x07\0\0\x23\x6d\0\0\x04\0\0\x06\x04\0\0\0\x34\
\x6d\0\0\0\0\0\0\x53\x6d\0\0\x01\0\0\0\x6c\x6d\0\0\x02\0\0\0\x79\x6d\0\0\x03\0\
\0\0\0\0\0\0\0\0\0\x03\0\0\0\0\xc4\0\0\0\x04\0\0\0\x40\0\0\0\0\0\0\0\0\0\0\x02\
\x90\x07\0\0\x8a\x6d\0\0\x05\0\0\x04\x38\x01\0\0\xac\0\0\0\x16\0\0\0\0\0\0\0\
\x95\x6d\0\0\xab\0\0\0\x40\0\0\0\x1c\x06\0\0\xf0\x03\0\0\x80\x01\0\0\x92\x21\0\
\0\xf4\x03\0\0\x40\x02\0\0\xb2\x23\0\0\x08\x04\0\0\0\x09\0\0\0\0\0\0\0\0\0\x03\
\0\0\0\0\x87\0\0\0\x04\0\0\0\x03\0\0\0\x9e\x6d\0\0\x09\0\0\x04\x48\0\0\0\xa9\
\x6d\0\0\xf2\x03\0\0\0\0\0\0\xb4\x6d\0\0\x02\0\0\0\x40\0\0\0\xbf\x6d\0\0\x2c\0\
\0\0\x80\0\0\0\xce\x6d\0\0\x0f\0\0\0\0\x01\0\0\xd8\x6d\0\0\x16\0\0\0\x40\x01\0\
\0\xe3\x6d\0\0\x16\0\0\0\x60\x01\0\0\xee\x6d\0\0\xf3\x03\0\0\x80\x01\0\0\0\x6e\
\0\0\xf3\x03\0\0\xc0\x01\0\0\x12\x6e\0\0\x19\0\0\0\0\x02\0\0\0\0\0\0\0\0\0\x02\
\x91\x07\0\0\x1b\x6e\0\0\0\0\0\x08\x31\0\0\0\0\0\0\0\0\0\0\x03\0\0\0\0\xf1\x03\
\0\0\x04\0\0\0\x03\0\0\0\0\0\0\0\0\0\0\x02\xf6\x03\0\0\0\0\0\0\0\0\0\x0a\xf7\
\x03\0\0\x23\x6e\0\0\x08\0\0\x04\x40\0\0\0\x34\x6e\0\0\xf8\x03\0\0\0\0\0\0\x45\
\x6e\0\0\xf8\x03\0\0\x40\0\0\0\x54\x6e\0\0\xf8\x03\0\0\x80\0\0\0\x64\x6e\0\0\
\xf8\x03\0\0\xc0\0\0\0\x73\x6e\0\0\xfa\x03\0\0\0\x01\0\0\x7e\x6e\0\0\xfa\x03\0\
\0\x40\x01\0\0\x8b\x6e\0\0\xfa\x03\0\0\x80\x01\0\0\x99\x6e\0\0\x05\x04\0\0\xc0\
\x01\0\0\0\0\0\0\0\0\0\x02\xf9\x03\0\0\0\0\0\0\x02\0\0\x0d\x02\0\0\0\0\0\0\0\
\xeb\x01\0\0\0\0\0\0\x02\0\0\0\0\0\0\0\0\0\0\x02\xfb\x03\0\0\0\0\0\0\x01\0\0\
\x0d\x02\0\0\0\0\0\0\0\xfc\x03\0\0\0\0\0\0\0\0\0\x02\xfd\x03\0\0\xa5\x6e\0\0\
\x0c\0\0\x04\xd0\0\0\0\xab\x6e\0\0\xe8\0\0\0\0\0\0\0\xb3\x6e\0\0\x2c\0\0\0\x80\
\0\0\0\xbc\x6e\0\0\x2c\0\0\0\0\x01\0\0\xc4\x6e\0\0\x2c\0\0\0\x80\x01\0\0\xcd\
\x6e\0\0\x8f\0\0\0\0\x02\0\0\xd5\x6e\0\0\x8a\0\0\0\0\x03\0\0\xe1\x6e\0\0\x1c\0\
\0\0\x20\x03\0\0\xea\x6e\0\0\xeb\x01\0\0\x40\x03\0\0\xf0\x6e\0\0\xfe\x03\0\0\
\x80\x03\0\0\xf6\x6e\0\0\x91\0\0\0\xc0\x03\0\0\xfd\x6e\0\0\x0f\0\0\0\0\x04\0\0\
\x06\x6f\0\0\x04\x04\0\0\x40\x04\0\0\x0d\x6f\0\0\x02\0\0\x04\x08\0\0\0\0\0\0\0\
\xff\x03\0\0\0\0\0\0\x19\0\0\0\x03\x04\0\0\x20\0\0\0\0\0\0\0\x03\0\0\x05\x04\0\
\0\0\x0d\x19\0\0\x9d\0\0\0\0\0\0\0\x4a\x1d\0\0\xf3\0\0\0\0\0\0\0\x12\x6f\0\0\0\
\x04\0\0\0\0\0\0\x19\x6f\0\0\0\0\0\x08\x01\x04\0\0\0\0\0\0\x01\0\0\x04\x04\0\0\
\0\xba\x10\0\0\x02\x04\0\0\0\0\0\0\x23\x6f\0\0\0\0\0\x08\xa0\0\0\0\x2c\x6f\0\0\
\x03\0\0\x06\x04\0\0\0\x37\x6f\0\0\0\0\0\0\x40\x6f\0\0\x01\0\0\0\x49\x6f\0\0\
\x02\0\0\0\x52\x6f\0\0\x09\0\0\x04\x48\0\0\0\x5c\x6f\0\0\xf3\x03\0\0\0\0\0\0\
\x6b\x6f\0\0\xf3\x03\0\0\x40\0\0\0\x7a\x6f\0\0\xf3\x03\0\0\x80\0\0\0\x87\x6f\0\
\0\xf3\x03\0\0\xc0\0\0\0\x94\x6f\0\0\xf3\x03\0\0\0\x01\0\0\xa3\x6f\0\0\xf3\x03\
\0\0\x40\x01\0\0\xb2\x6f\0\0\xf3\x03\0\0\x80\x01\0\0\xc0\x6f\0\0\x03\x01\0\0\
\xc0\x01\0\0\xca\x6f\0\0\x03\x01\0\0\0\x02\0\0\0\0\0\0\0\0\0\x02\x06\x04\0\0\0\
\0\0\0\x02\0\0\x0d\x02\0\0\0\0\0\0\0\xeb\x01\0\0\0\0\0\0\x07\x04\0\0\0\0\0\0\0\
\0\0\x02\xfe\x03\0\0\0\0\0\0\0\0\0\x03\0\0\0\0\xf5\x03\0\0\x04\0\0\0\x03\0\0\0\
\xd4\x6f\0\0\x03\0\0\x04\x40\x01\0\0\x3a\x04\0\0\x02\0\0\0\0\0\0\0\xdf\x6f\0\0\
\xe3\0\0\0\x40\0\0\0\xed\x6f\0\0\x0d\x04\0\0\0\x01\0\0\xf4\x6f\0\0\x05\0\0\x04\
\x60\0\0\0\x08\x70\0\0\x0b\x04\0\0\0\0\0\0\x0c\x70\0\0\xca\x02\0\0\x80\x01\0\0\
\x17\x70\0\0\x0c\x04\0\0\xc0\x01\0\0\x1e\x70\0\0\xe3\0\0\0\0\x02\0\0\x26\x70\0\
\0\x1c\0\0\0\xc0\x02\0\0\x2c\x70\0\0\x04\0\0\x04\x30\0\0\0\x35\x70\0\0\x02\0\0\
\0\0\0\0\0\x3e\x70\0\0\x02\0\0\0\x20\0\0\0\x47\x70\0\0\xe3\0\0\0\x40\0\0\0\x4f\
\x70\0\0\x62\0\0\0\0\x01\0\0\x57\x70\0\0\x01\0\0\x04\x08\0\0\0\x7c\x26\0\0\x25\
\0\0\0\0\0\0\0\0\0\0\0\0\0\0\x03\0\0\0\0\x0a\x04\0\0\x04\0\0\0\x03\0\0\0\x5f\
\x70\0\0\x06\0\0\x04\x20\0\0\0\x73\x10\0\0\x8a\0\0\0\0\0\0\0\x19\0\0\0\x24\0\0\
\0\x20\0\0\0\xac\0\0\0\x24\0\0\0\x30\0\0\0\x77\x70\0\0\x0f\x04\0\0\x40\0\0\0\0\
\0\0\0\x12\x04\0\0\x80\0\0\0\x8b\x12\0\0\xe0\0\0\0\xc0\0\0\0\x7c\x70\0\0\0\0\0\
\x08\x10\x04\0\0\0\0\0\0\x01\0\0\x04\x08\0\0\0\xba\x10\0\0\x11\x04\0\0\0\0\0\0\
\0\0\0\0\0\0\0\x03\0\0\0\0\x02\0\0\0\x04\0\0\0\x02\0\0\0\0\0\0\0\x02\0\0\x05\
\x08\0\0\0\x8c\x70\0\0\x13\x04\0\0\0\0\0\0\x90\x70\0\0\xa3\x02\0\0\0\0\0\0\0\0\
\0\0\0\0\0\x02\x14\x04\0\0\x9d\x70\0\0\0\0\0\x08\xa3\x02\0\0\0\0\0\0\0\0\0\x03\
\0\0\0\0\xc4\0\0\0\x04\0\0\0\x20\0\0\0\xae\x70\0\0\0\0\0\x08\x17\x04\0\0\0\0\0\
\0\x01\0\0\x04\x10\0\0\0\x8b\x14\0\0\x18\x04\0\0\0\0\0\0\0\0\0\0\0\0\0\x03\0\0\
\0\0\x41\0\0\0\x04\0\0\0\x10\0\0\0\xb5\x70\0\0\x0d\0\0\x04\x80\0\0\0\xc7\x70\0\
\0\x1a\x04\0\0\0\0\0\0\xd4\x70\0\0\x1a\x04\0\0\x40\0\0\0\xd4\x61\0\0\x1c\x04\0\
\0\x80\0\0\0\xe6\x70\0\0\x21\x04\0\0\xc0\0\0\0\xf0\x70\0\0\x25\x04\0\0\0\x01\0\
\0\xf9\x70\0\0\x27\x04\0\0\x40\x01\0\0\0\x71\0\0\x29\x04\0\0\x80\x01\0\0\x0a\
\x71\0\0\x29\x04\0\0\xc0\x01\0\0\x12\x71\0\0\x2b\x04\0\0\0\x02\0\0\x19\x71\0\0\
\x2d\x04\0\0\x40\x02\0\0\x21\x71\0\0\x2f\x04\0\0\x80\x02\0\0\x2d\x71\0\0\x32\
\x04\0\0\xc0\x02\0\0\x36\x71\0\0\x36\x04\0\0\0\x03\0\0\0\0\0\0\0\0\0\x02\x1b\
\x04\0\0\0\0\0\0\x02\0\0\x0d\x02\0\0\0\0\0\0\0\x86\0\0\0\0\0\0\0\x16\0\0\0\0\0\
\0\0\0\0\0\x02\x1d\x04\0\0\0\0\0\0\x02\0\0\x0d\x02\0\0\0\0\0\0\0\x1e\x04\0\0\0\
\0\0\0\x20\x04\0\0\0\0\0\0\0\0\0\x02\x1f\x04\0\0\0\0\0\0\0\0\0\x0a\x9b\x03\0\0\
\0\0\0\0\0\0\0\x02\x9f\x03\0\0\0\0\0\0\0\0\0\x02\x22\x04\0\0\0\0\0\0\x04\0\0\
\x0d\x02\0\0\0\0\0\0\0\x1e\x04\0\0\0\0\0\0\x16\0\0\0\0\0\0\0\xc2\0\0\0\0\0\0\0\
\x23\x04\0\0\0\0\0\0\0\0\0\x02\x24\x04\0\0\0\0\0\0\0\0\0\x0a\x9f\x03\0\0\0\0\0\
\0\0\0\0\x02\x26\x04\0\0\0\0\0\0\x01\0\0\x0d\x02\0\0\0\0\0\0\0\x1e\x04\0\0\0\0\
\0\0\0\0\0\x02\x28\x04\0\0\0\0\0\0\x01\0\0\x0d\x02\0\0\0\0\0\0\0\x86\0\0\0\0\0\
\0\0\0\0\0\x02\x2a\x04\0\0\0\0\0\0\x01\0\0\x0d\0\0\0\0\0\0\0\0\x86\0\0\0\0\0\0\
\0\0\0\0\x02\x2c\x04\0\0\0\0\0\0\x02\0\0\x0d\0\0\0\0\0\0\0\0\x86\0\0\0\0\0\0\0\
\x87\0\0\0\0\0\0\0\0\0\0\x02\x2e\x04\0\0\0\0\0\0\x03\0\0\x0d\x19\x01\0\0\0\0\0\
\0\x86\0\0\0\0\0\0\0\x19\x01\0\0\0\0\0\0\x02\0\0\0\0\0\0\0\0\0\0\x02\x30\x04\0\
\0\0\0\0\0\x01\0\0\x0d\x85\0\0\0\0\0\0\0\x31\x04\0\0\0\0\0\0\0\0\0\x02\x84\0\0\
\0\0\0\0\0\0\0\0\x02\x33\x04\0\0\0\0\0\0\x02\0\0\x0d\x02\0\0\0\0\0\0\0\x34\x04\
\0\0\0\0\0\0\x77\0\0\0\0\0\0\0\0\0\0\x02\x35\x04\0\0\0\0\0\0\0\0\0\x0a\x84\0\0\
\0\0\0\0\0\0\0\0\x02\x37\x04\0\0\0\0\0\0\x02\0\0\x0d\x86\0\0\0\0\0\0\0\x86\0\0\
\0\0\0\0\0\x38\x04\0\0\0\0\0\0\0\0\0\x02\x39\x04\0\0\0\0\0\0\0\0\0\x0a\xe3\x01\
\0\0\x3d\x71\0\0\x07\0\0\x04\x38\0\0\0\x46\x71\0\0\x3b\x04\0\0\0\0\0\0\x54\x71\
\0\0\x3b\x04\0\0\x40\0\0\0\x61\x71\0\0\x44\0\0\0\x80\0\0\0\x67\x71\0\0\x02\0\0\
\0\xc0\0\0\0\xac\0\0\0\x16\0\0\0\xe0\0\0\0\x8b\x12\0\0\x2c\0\0\0\0\x01\0\0\x6d\
\x71\0\0\x42\x04\0\0\x80\x01\0\0\0\0\0\0\0\0\0\x02\x3c\x04\0\0\0\0\0\0\x02\0\0\
\x0d\x0f\0\0\0\0\0\0\0\x3d\x04\0\0\0\0\0\0\x3e\x04\0\0\0\0\0\0\0\0\0\x02\x3a\
\x04\0\0\0\0\0\0\0\0\0\x02\x3f\x04\0\0\x79\x71\0\0\x05\0\0\x04\x20\0\0\0\x23\
\x2e\0\0\xa7\x02\0\0\0\0\0\0\x88\x71\0\0\x02\0\0\0\x20\0\0\0\x8c\x71\0\0\x0f\0\
\0\0\x40\0\0\0\x97\x71\0\0\x0f\0\0\0\x80\0\0\0\xa2\x71\0\0\x40\x04\0\0\xc0\0\0\
\0\0\0\0\0\0\0\0\x02\x41\x04\0\0\xa8\x71\0\0\0\0\0\x07\0\0\0\0\0\0\0\0\0\0\0\
\x02\x5a\0\0\0\xb3\x71\0\0\x01\0\0\x04\x08\0\0\0\xe2\x11\0\0\x44\x04\0\0\0\0\0\
\0\0\0\0\0\0\0\0\x02\x92\x07\0\0\0\0\0\0\x02\0\0\x05\x10\0\0\0\xbc\x71\0\0\x2c\
\0\0\0\0\0\0\0\xc2\x71\0\0\x6c\x02\0\0\0\0\0\0\0\0\0\0\x03\0\0\x05\x10\0\0\0\
\xc9\x71\0\0\xe8\0\0\0\0\0\0\0\xd1\x71\0\0\x9c\x03\0\0\0\0\0\0\xe2\x71\0\0\x62\
\0\0\0\0\0\0\0\x33\x72\0\0\x2b\0\0\x04\0\x0d\0\0\x37\x72\0\0\x1a\0\0\0\0\0\0\0\
\x3f\x72\0\0\x8a\0\0\0\x20\0\0\0\x4e\x72\0\0\x16\0\0\0\x40\0\0\0\x5e\x72\0\0\
\x16\0\0\0\x60\0\0\0\x6b\x72\0\0\x02\0\0\0\x80\0\0\0\x73\x72\0\0\x8a\0\0\0\xa0\
\0\0\0\x7d\x72\0\0\x1c\0\0\0\xc0\0\0\0\x8b\x12\0\0\x2c\0\0\0\0\x01\0\0\x88\x72\
\0\0\x2c\0\0\0\x80\x01\0\0\x92\x72\0\0\x1f\0\0\0\0\x02\0\0\x9f\x72\0\0\x0d\x01\
\0\0\x40\x02\0\0\xe7\x16\0\0\xb6\0\0\0\x80\x02\0\0\x06\x1e\0\0\x7d\x01\0\0\xc0\
\x02\0\0\xaa\x72\0\0\xfc\x02\0\0\0\x03\0\0\xc6\x1c\0\0\x63\x01\0\0\xc0\x03\0\0\
\xb4\x72\0\0\x2c\0\0\0\x80\x04\0\0\xc2\x72\0\0\x48\x04\0\0\0\x05\0\0\xcb\x72\0\
\0\x48\x04\0\0\x40\x05\0\0\x44\x23\0\0\x66\x01\0\0\x80\x05\0\0\xd9\x72\0\0\x93\
\x04\0\0\x80\x08\0\0\xde\x72\0\0\x93\x04\0\0\xc0\x08\0\0\xe8\x72\0\0\xae\x05\0\
\0\0\x09\0\0\xf4\x72\0\0\xa4\0\0\0\x40\x09\0\0\x02\x73\0\0\xa4\0\0\0\x80\x09\0\
\0\x11\x73\0\0\xaf\x05\0\0\xc0\x09\0\0\x1e\x73\0\0\x14\0\0\0\0\x0a\0\0\x27\x73\
\0\0\xba\x04\0\0\x40\x0a\0\0\x34\x73\0\0\x2c\0\0\0\x80\x0a\0\0\x31\x36\0\0\xb0\
\x05\0\0\0\x0b\0\0\x3e\x73\0\0\xb2\x05\0\0\0\x0c\0\0\x42\x73\0\0\xbf\x05\0\0\
\x40\x0f\0\0\x49\x73\0\0\xc0\x05\0\0\x80\x10\0\0\x4d\x73\0\0\xc1\x05\0\0\0\x11\
\0\0\x55\x73\0\0\xc3\x05\0\0\0\x14\0\0\x5a\x73\0\0\xf2\x05\0\0\0\x28\0\0\x5f\
\x73\0\0\x96\x06\0\0\0\x3e\0\0\x62\x73\0\0\xb4\x06\0\0\x80\x44\0\0\x65\x73\0\0\
\xb4\x04\0\0\xc0\x48\0\0\x73\x73\0\0\xbf\x06\0\0\x80\x49\0\0\x9c\x52\0\0\xc0\
\x06\0\0\xc0\x49\0\0\x77\x73\0\0\xc4\x06\0\0\0\x4c\0\0\x7c\x73\0\0\x10\0\0\0\0\
\x66\0\0\x87\x73\0\0\x93\x04\0\0\x40\x66\0\0\0\0\0\0\0\0\0\x02\x49\x04\0\0\x91\
\x73\0\0\x19\0\0\x04\xb0\0\0\0\x3e\x60\0\0\x1c\0\0\0\0\0\0\0\xe2\x12\0\0\x1a\0\
\0\0\x20\0\0\0\xa0\x73\0\0\x2c\0\0\0\x40\0\0\0\xac\x73\0\0\x8a\0\0\0\xc0\0\0\0\
\xbc\x73\0\0\xeb\0\0\0\0\x01\0\0\xd2\x73\0\0\xe9\x01\0\0\x40\x01\0\0\0\0\0\0\
\x81\x04\0\0\x80\x01\0\0\xdc\x73\0\0\xa8\x03\0\0\xc0\x01\0\0\0\0\0\0\x84\x04\0\
\0\0\x02\0\0\xf2\x2d\0\0\x8e\x04\0\0\x40\x02\0\0\x47\x13\0\0\x19\0\0\0\x80\x02\
\0\0\xe6\x73\0\0\x16\0\0\0\xc0\x02\0\0\xf1\x73\0\0\x16\0\0\0\xe0\x02\0\0\xf9\
\x73\0\0\x91\x04\0\0\0\x03\0\0\x0d\x19\0\0\x9d\0\0\0\x20\x03\0\0\x4a\x1d\0\0\
\xf3\0\0\0\x40\x03\0\0\xc2\x19\0\0\x91\0\0\0\x80\x03\0\0\xa2\x04\0\0\x48\x04\0\
\0\xc0\x03\0\0\xff\x73\0\0\x36\0\0\0\0\x04\0\0\x06\x74\0\0\x2a\0\0\0\x40\x04\0\
\0\x63\x1f\0\0\x19\x01\0\0\0\x05\0\0\x65\x24\0\0\x72\x01\0\0\x40\x05\0\0\xac\0\
\0\0\x40\0\0\0\x50\x05\0\0\x12\x74\0\0\x40\0\0\0\x58\x05\0\0\x1a\x74\0\0\x92\
\x04\0\0\x60\x05\0\0\x26\x74\0\0\x17\0\0\x04\xc0\0\0\0\x37\x74\0\0\x4b\x04\0\0\
\0\0\0\0\x3e\x74\0\0\x4d\x04\0\0\x40\0\0\0\x47\x74\0\0\x51\x04\0\0\x80\0\0\0\
\x52\x74\0\0\x53\x04\0\0\xc0\0\0\0\x5a\x74\0\0\x55\x04\0\0\0\x01\0\0\x63\x74\0\
\0\x57\x04\0\0\x40\x01\0\0\x31\x20\0\0\x59\x04\0\0\x80\x01\0\0\x6a\x74\0\0\x5b\
\x04\0\0\xc0\x01\0\0\xdd\x52\0\0\x5d\x04\0\0\0\x02\0\0\x71\x74\0\0\x5f\x04\0\0\
\x40\x02\0\0\x77\x74\0\0\x5b\x04\0\0\x80\x02\0\0\x7d\x74\0\0\x61\x04\0\0\xc0\
\x02\0\0\x83\x74\0\0\x63\x04\0\0\0\x03\0\0\x8a\x74\0\0\x65\x04\0\0\x40\x03\0\0\
\x92\x74\0\0\x69\x04\0\0\x80\x03\0\0\x9a\x74\0\0\x6d\x04\0\0\xc0\x03\0\0\xa4\
\x74\0\0\x6f\x04\0\0\0\x04\0\0\xab\x74\0\0\x74\x04\0\0\x40\x04\0\0\xb7\x74\0\0\
\x77\x04\0\0\x80\x04\0\0\xc3\x74\0\0\x5f\x04\0\0\xc0\x04\0\0\xcb\x74\0\0\x79\
\x04\0\0\0\x05\0\0\xd3\x74\0\0\x7b\x04\0\0\x40\x05\0\0\xe0\x74\0\0\x7f\x04\0\0\
\x80\x05\0\0\0\0\0\0\0\0\0\x02\x4c\x04\0\0\0\0\0\0\x03\0\0\x0d\x86\0\0\0\0\0\0\
\0\x87\0\0\0\0\0\0\0\x86\0\0\0\0\0\0\0\x16\0\0\0\0\0\0\0\0\0\0\x02\x4e\x04\0\0\
\0\0\0\0\x03\0\0\x0d\xc2\0\0\0\0\0\0\0\x86\0\0\0\0\0\0\0\x87\0\0\0\0\0\0\0\x4f\
\x04\0\0\0\0\0\0\0\0\0\x02\x50\x04\0\0\xed\x74\0\0\x02\0\0\x04\x10\0\0\0\x9e\
\x1b\0\0\xc8\x02\0\0\0\0\0\0\xfa\x74\0\0\x19\0\0\0\x40\0\0\0\0\0\0\0\0\0\0\x02\
\x52\x04\0\0\0\0\0\0\x03\0\0\x0d\x02\0\0\0\0\0\0\0\xb6\0\0\0\0\0\0\0\x87\0\0\0\
\0\0\0\0\x02\0\0\0\0\0\0\0\0\0\0\x02\x54\x04\0\0\0\0\0\0\x03\0\0\x0d\xe4\x01\0\
\0\0\0\0\0\x87\0\0\0\0\0\0\0\x02\0\0\0\0\0\0\0\x77\0\0\0\0\0\0\0\0\0\0\x02\x56\
\x04\0\0\0\0\0\0\x03\0\0\x0d\x02\0\0\0\0\0\0\0\x86\0\0\0\0\0\0\0\x19\x01\0\0\0\
\0\0\0\x02\0\0\0\0\0\0\0\0\0\0\x02\x58\x04\0\0\0\0\0\0\x05\0\0\x0d\x02\0\0\0\0\
\0\0\0\xb6\0\0\0\0\0\0\0\x87\0\0\0\0\0\0\0\x86\0\0\0\0\0\0\0\x72\x01\0\0\0\0\0\
\0\x77\0\0\0\0\0\0\0\0\0\0\x02\x5a\x04\0\0\0\0\0\0\x03\0\0\x0d\x02\0\0\0\0\0\0\
\0\x86\0\0\0\0\0\0\0\x87\0\0\0\0\0\0\0\x86\0\0\0\0\0\0\0\0\0\0\x02\x5c\x04\0\0\
\0\0\0\0\x02\0\0\x0d\x02\0\0\0\0\0\0\0\x87\0\0\0\0\0\0\0\x86\0\0\0\0\0\0\0\0\0\
\0\x02\x5e\x04\0\0\0\0\0\0\x04\0\0\x0d\x02\0\0\0\0\0\0\0\xb6\0\0\0\0\0\0\0\x87\
\0\0\0\0\0\0\0\x86\0\0\0\0\0\0\0\xc2\0\0\0\0\0\0\0\0\0\0\x02\x60\x04\0\0\0\0\0\
\0\x04\0\0\x0d\x02\0\0\0\0\0\0\0\xb6\0\0\0\0\0\0\0\x87\0\0\0\0\0\0\0\x86\0\0\0\
\0\0\0\0\x72\x01\0\0\0\0\0\0\0\0\0\x02\x62\x04\0\0\0\0\0\0\x05\0\0\x0d\x02\0\0\
\0\0\0\0\0\xb6\0\0\0\0\0\0\0\x87\0\0\0\0\0\0\0\x86\0\0\0\0\0\0\0\x72\x01\0\0\0\
\0\0\0\xee\x01\0\0\0\0\0\0\0\0\0\x02\x64\x04\0\0\0\0\0\0\x06\0\0\x0d\x02\0\0\0\
\0\0\0\0\xb6\0\0\0\0\0\0\0\x87\0\0\0\0\0\0\0\x86\0\0\0\0\0\0\0\x87\0\0\0\0\0\0\
\0\x86\0\0\0\0\0\0\0\x16\0\0\0\0\0\0\0\0\0\0\x02\x66\x04\0\0\0\0\0\0\x03\0\0\
\x0d\x02\0\0\0\0\0\0\0\xb6\0\0\0\0\0\0\0\x86\0\0\0\0\0\0\0\x67\x04\0\0\0\0\0\0\
\0\0\0\x02\x68\x04\0\0\xd7\x52\0\0\x09\0\0\x04\x50\0\0\0\xfe\x74\0\0\x16\0\0\0\
\0\0\0\0\x07\x75\0\0\x72\x01\0\0\x20\0\0\0\x0f\x75\0\0\x9d\0\0\0\x40\0\0\0\x16\
\x75\0\0\xf3\0\0\0\x60\0\0\0\x1d\x75\0\0\x91\0\0\0\x80\0\0\0\x25\x75\0\0\xf0\
\x01\0\0\xc0\0\0\0\x2e\x75\0\0\xf0\x01\0\0\x40\x01\0\0\x37\x75\0\0\xf0\x01\0\0\
\xc0\x01\0\0\x40\x75\0\0\x81\0\0\0\x40\x02\0\0\0\0\0\0\0\0\0\x02\x6a\x04\0\0\0\
\0\0\0\x05\0\0\x0d\x02\0\0\0\0\0\0\0\xb6\0\0\0\0\0\0\0\x34\x04\0\0\0\0\0\0\x6b\
\x04\0\0\0\0\0\0\x14\0\0\0\0\0\0\0\x16\0\0\0\0\0\0\0\0\0\0\x02\x6c\x04\0\0\x48\
\x75\0\0\x12\0\0\x04\x90\0\0\0\x4e\x75\0\0\x14\0\0\0\0\0\0\0\x65\x24\0\0\x72\
\x01\0\0\x20\0\0\0\xf9\x73\0\0\x16\0\0\0\x40\0\0\0\x5a\x75\0\0\x05\x01\0\0\x60\
\0\0\0\x62\x75\0\0\x10\0\0\0\x80\0\0\0\x6d\x75\0\0\x10\0\0\0\xc0\0\0\0\x7d\x75\
\0\0\x10\0\0\0\0\x01\0\0\x8c\x2b\0\0\xee\x01\0\0\x40\x01\0\0\x81\x75\0\0\xee\
\x01\0\0\x60\x01\0\0\x0d\x19\0\0\x9d\0\0\0\x80\x01\0\0\x4a\x1d\0\0\xf3\0\0\0\
\xa0\x01\0\0\xc2\x19\0\0\x91\0\0\0\xc0\x01\0\0\x86\x75\0\0\xf0\x01\0\0\0\x02\0\
\0\x8c\x75\0\0\xf0\x01\0\0\x80\x02\0\0\x92\x75\0\0\xf0\x01\0\0\0\x03\0\0\x98\
\x75\0\0\xf0\x01\0\0\x80\x03\0\0\x9e\x75\0\0\x10\0\0\0\0\x04\0\0\xa5\x75\0\0\
\x10\0\0\0\x40\x04\0\0\0\0\0\0\0\0\0\x02\x6e\x04\0\0\0\0\0\0\x03\0\0\x0d\x26\
\x02\0\0\0\0\0\0\x86\0\0\0\0\0\0\0\x19\x01\0\0\0\0\0\0\x10\x01\0\0\0\0\0\0\0\0\
\0\x02\x70\x04\0\0\0\0\0\0\x04\0\0\x0d\x02\0\0\0\0\0\0\0\x87\0\0\0\0\0\0\0\x71\
\x04\0\0\0\0\0\0\x10\0\0\0\0\0\0\0\x10\0\0\0\0\0\0\0\0\0\0\x02\x72\x04\0\0\xac\
\x75\0\0\x04\0\0\x04\x18\0\0\0\xbf\x75\0\0\x16\0\0\0\0\0\0\0\xc8\x75\0\0\x16\0\
\0\0\x20\0\0\0\xda\x75\0\0\x16\0\0\0\x40\0\0\0\xe9\x75\0\0\x73\x04\0\0\x80\0\0\
\0\0\0\0\0\0\0\0\x02\x96\x07\0\0\0\0\0\0\0\0\0\x02\x75\x04\0\0\0\0\0\0\x03\0\0\
\x0d\x02\0\0\0\0\0\0\0\x87\0\0\0\0\0\0\0\x76\x04\0\0\0\0\0\0\x02\0\0\0\0\0\0\0\
\0\0\0\x02\xf0\x01\0\0\0\0\0\0\0\0\0\x02\x78\x04\0\0\0\0\0\0\x05\0\0\x0d\x02\0\
\0\0\0\0\0\0\x87\0\0\0\0\0\0\0\x86\0\0\0\0\0\0\0\x81\0\0\0\0\0\0\0\x16\0\0\0\0\
\0\0\0\x72\x01\0\0\0\0\0\0\0\0\0\x02\x7a\x04\0\0\0\0\0\0\x04\0\0\x0d\x02\0\0\0\
\0\0\0\0\xb6\0\0\0\0\0\0\0\x87\0\0\0\0\0\0\0\xe4\x01\0\0\0\0\0\0\x02\0\0\0\0\0\
\0\0\0\0\0\x02\x7c\x04\0\0\0\0\0\0\x03\0\0\x0d\x02\0\0\0\0\0\0\0\xb6\0\0\0\0\0\
\0\0\x86\0\0\0\0\0\0\0\x7d\x04\0\0\0\0\0\0\0\0\0\x02\x7e\x04\0\0\xfa\x75\0\0\
\x08\0\0\x84\x1c\0\0\0\xac\0\0\0\x14\0\0\0\0\0\0\0\x03\x76\0\0\x14\0\0\0\x20\0\
\0\0\x0e\x76\0\0\x14\0\0\0\x40\0\0\0\x1a\x76\0\0\x14\0\0\0\x60\0\0\0\x27\x76\0\
\0\x14\0\0\0\x80\0\0\0\x32\x76\0\0\x14\0\0\0\xa0\0\0\0\x41\x76\0\0\x77\0\0\0\
\xc0\0\0\x01\x4d\x76\0\0\x77\0\0\0\xc1\0\0\x01\0\0\0\0\0\0\0\x02\x80\x04\0\0\0\
\0\0\0\x02\0\0\x0d\x02\0\0\0\0\0\0\0\x86\0\0\0\0\0\0\0\x7d\x04\0\0\0\0\0\0\x02\
\0\0\x05\x08\0\0\0\x57\x76\0\0\x82\x04\0\0\0\0\0\0\x60\x76\0\0\x88\0\0\0\0\0\0\
\0\0\0\0\0\0\0\0\x02\x83\x04\0\0\0\0\0\0\0\0\0\x0a\xde\x06\0\0\0\0\0\0\x02\0\0\
\x05\x08\0\0\0\x6d\x76\0\0\x32\x01\0\0\0\0\0\0\x75\x76\0\0\x8c\x04\0\0\0\0\0\0\
\x81\x76\0\0\x04\0\0\x04\x20\0\0\0\xbc\x19\0\0\x86\x04\0\0\0\0\0\0\x5b\x2c\0\0\
\x88\x04\0\0\x40\0\0\0\x60\x0b\0\0\x8a\x04\0\0\x80\0\0\0\x90\x76\0\0\x8c\x04\0\
\0\xc0\0\0\0\0\0\0\0\0\0\0\x02\x87\x04\0\0\0\0\0\0\x02\0\0\x0d\x19\0\0\0\0\0\0\
\0\x30\x01\0\0\0\0\0\0\x77\x01\0\0\0\0\0\0\0\0\0\x02\x89\x04\0\0\0\0\0\0\x02\0\
\0\x0d\0\0\0\0\0\0\0\0\x30\x01\0\0\0\0\0\0\x19\0\0\0\0\0\0\0\0\0\0\x02\x8b\x04\
\0\0\0\0\0\0\x03\0\0\x0d\x19\0\0\0\0\0\0\0\x30\x01\0\0\0\0\0\0\x19\0\0\0\0\0\0\
\0\x77\x01\0\0\0\0\0\0\0\0\0\x02\x8d\x04\0\0\0\0\0\0\x02\0\0\x0d\x02\0\0\0\0\0\
\0\0\x30\x01\0\0\0\0\0\0\x19\0\0\0\x95\x76\0\0\0\0\0\x08\x8f\x04\0\0\0\0\0\0\0\
\0\0\x02\x90\x04\0\0\0\0\0\0\x03\0\0\x0d\x02\0\0\0\0\0\0\0\x81\0\0\0\0\0\0\0\
\x19\x01\0\0\0\0\0\0\x10\x01\0\0\xa2\x76\0\0\0\0\0\x08\x14\0\0\0\0\0\0\0\0\0\0\
\x03\0\0\0\0\xc4\0\0\0\x04\0\0\0\0\0\0\0\0\0\0\0\0\0\0\x02\x94\x04\0\0\xaa\x76\
\0\0\x5c\0\0\x84\x10\x03\0\0\xaf\x76\0\0\x95\x04\0\0\0\0\0\0\xbb\x76\0\0\xb2\
\x04\0\0\x40\x04\0\0\xc3\x76\0\0\x1c\0\0\0\x40\x05\0\0\xcc\x76\0\0\x02\0\0\0\
\x60\x05\0\0\xd8\x76\0\0\xb4\x04\0\0\x80\x05\0\0\xe7\x76\0\0\xb5\x04\0\0\x40\
\x06\0\0\xf7\x76\0\0\xb4\x04\0\0\x80\x06\0\0\x08\x77\0\0\xcd\x04\0\0\x40\x07\0\
\0\x13\x77\0\0\x02\0\0\0\0\x08\0\0\x24\x77\0\0\x16\0\0\0\x20\x08\0\0\x2f\x77\0\
\0\x16\0\0\0\x40\x08\0\0\x3a\x77\0\0\x02\0\0\0\x60\x08\0\0\x44\x77\0\0\xce\x04\
\0\0\x80\x08\0\0\0\0\0\0\xcf\x04\0\0\xc0\x08\0\0\x4e\x77\0\0\xe0\x04\0\0\0\x09\
\0\0\x58\x77\0\0\xe1\x04\0\0\x80\x09\0\0\x62\x77\0\0\x02\0\0\0\xc0\x09\0\0\x74\
\x77\0\0\x14\0\0\0\xe0\x09\0\0\x85\x77\0\0\xe1\x04\0\0\0\x0a\0\0\x92\x77\0\0\
\x1c\0\0\0\x40\x0a\0\0\xa0\x77\0\0\x02\0\0\0\x60\x0a\0\0\xaa\x77\0\0\x02\0\0\0\
\x80\x0a\0\0\xb9\x77\0\0\x1a\0\0\0\xa0\x0a\0\0\xc7\x77\0\0\x0f\0\0\0\xc0\x0a\0\
\0\0\0\0\0\x5f\x05\0\0\0\x0b\0\0\xd4\x77\0\0\xb5\x04\0\0\x40\x0b\0\0\xe4\x77\0\
\0\xb4\x04\0\0\x80\x0b\0\0\xf3\x77\0\0\xff\0\0\0\x40\x0c\0\0\xff\x77\0\0\x02\0\
\0\0\x60\x0c\0\0\x10\x78\0\0\x15\0\0\0\x80\x0c\0\0\x27\x78\0\0\x14\0\0\0\xa0\
\x0c\0\0\x38\x78\0\0\x44\0\0\0\xc0\x0c\0\0\x44\x78\0\0\xb9\x01\0\0\0\x0d\0\0\
\x4d\x78\0\0\x15\0\0\0\x40\x0e\0\0\x59\x78\0\0\x15\0\0\0\x60\x0e\0\0\x61\x78\0\
\0\x0f\0\0\0\x80\x0e\0\0\x70\x78\0\0\x0f\0\0\0\xc0\x0e\0\0\x83\x78\0\0\xb3\x01\
\0\0\0\x0f\0\0\x8b\x78\0\0\xe9\x04\0\0\x80\x0f\0\0\x99\x78\0\0\xe9\x04\0\0\xc0\
\x0f\0\0\xa9\x78\0\0\xe9\x04\0\0\0\x10\0\0\xbe\x78\0\0\x02\0\0\0\x40\x10\0\0\
\xca\x78\0\0\x16\0\0\0\x60\x10\0\0\xda\x78\0\0\xa7\x02\0\0\x80\x10\0\0\xe8\x78\
\0\0\x15\0\0\0\xa0\x10\0\0\xf2\x78\0\0\x40\0\0\0\xc0\x10\0\x01\xfd\x78\0\0\x40\
\0\0\0\xc1\x10\0\x01\x0a\x79\0\0\x40\0\0\0\xc2\x10\0\x01\x19\x79\0\0\x40\0\0\0\
\xc3\x10\0\x01\x28\x79\0\0\x40\0\0\0\xc4\x10\0\x04\x35\x79\0\0\x40\0\0\0\xc8\
\x10\0\0\x45\x79\0\0\x22\0\0\0\xd0\x10\0\0\x4d\x79\0\0\x22\0\0\0\xe0\x10\0\0\
\x59\x79\0\0\x22\0\0\0\xf0\x10\0\0\x69\x79\0\0\x0f\0\0\0\0\x11\0\0\x77\x79\0\0\
\xa2\x04\0\0\x40\x11\0\0\x87\x79\0\0\x94\0\0\0\x80\x11\0\0\x98\x79\0\0\x02\0\0\
\0\xc0\x11\0\0\x9f\x79\0\0\x02\0\0\0\xe0\x11\0\0\xab\x79\0\0\x14\0\0\0\0\x12\0\
\0\xba\x79\0\0\x14\0\0\0\x20\x12\0\0\xcd\x79\0\0\x9d\0\0\0\x40\x12\0\0\xd4\x79\
\0\0\x40\0\0\0\x60\x12\0\0\xe8\x79\0\0\x22\0\0\0\x70\x12\0\0\xfc\x79\0\0\x8a\0\
\0\0\x80\x12\0\0\x09\x7a\0\0\x9b\0\0\0\xc0\x12\0\0\x15\x7a\0\0\xa1\0\0\0\0\x13\
\0\0\x22\x7a\0\0\x44\0\0\0\x40\x13\0\0\x2e\x7a\0\0\x4c\0\0\0\x80\x13\0\0\x37\
\x7a\0\0\x22\0\0\0\xc0\x13\0\0\x42\x7a\0\0\x02\0\0\0\xe0\x13\0\0\x4e\x7a\0\0\
\x40\0\0\0\0\x14\0\0\x5a\x7a\0\0\x1c\0\0\0\x20\x14\0\0\x63\x7a\0\0\x1c\0\0\0\
\x40\x14\0\0\x6c\x7a\0\0\x40\0\0\0\x60\x14\0\0\x77\x7a\0\0\x40\0\0\0\x68\x14\0\
\x01\x8f\x7a\0\0\x40\0\0\0\x69\x14\0\x01\xa7\x7a\0\0\x40\0\0\0\x6a\x14\0\x06\
\xb8\x7a\0\0\xa5\x05\0\0\x80\x14\0\0\xc2\x7a\0\0\x19\0\0\0\xc0\x14\0\0\xcf\x7a\
\0\0\x19\0\0\0\0\x15\0\0\xdb\x7a\0\0\xa6\x05\0\0\x40\x15\0\0\xe8\x7a\0\0\x40\
\x04\0\0\xc0\x15\0\0\xf1\x7a\0\0\x72\x05\0\0\0\x16\0\0\x01\x7b\0\0\x72\x05\0\0\
\x40\x16\0\0\x0f\x7b\0\0\x72\x05\0\0\x80\x16\0\0\x1e\x7b\0\0\x72\x05\0\0\xc0\
\x16\0\0\x2e\x7b\0\0\x88\x05\0\0\0\x17\0\0\x3d\x7b\0\0\x72\x05\0\0\x40\x17\0\0\
\x49\x7b\0\0\xa7\x05\0\0\x80\x17\0\0\x59\x7b\0\0\xbe\x01\0\0\xc0\x17\0\0\x68\
\x7b\0\0\x62\0\0\0\0\x18\0\0\x6f\x7b\0\0\x19\0\0\x84\x88\0\0\0\0\0\0\0\x96\x04\
\0\0\0\0\0\0\0\0\0\0\x9a\x04\0\0\x40\0\0\0\0\0\0\0\x9c\x04\0\0\x60\0\0\0\x7b\
\x7b\0\0\x24\0\0\0\x80\0\0\0\x86\x7b\0\0\xa0\x04\0\0\x90\0\0\0\x90\x7b\0\0\x42\
\0\0\0\x98\0\0\x04\x9a\x7b\0\0\x42\0\0\0\x9c\0\0\x01\xa8\x7b\0\0\x42\0\0\0\x9d\
\0\0\x01\xb5\x7b\0\0\x42\0\0\0\x9e\0\0\x01\xc4\x7b\0\0\x02\0\0\0\xa0\0\0\0\0\0\
\0\0\xa1\x04\0\0\xc0\0\0\0\xd5\x7b\0\0\xa2\x04\0\0\x40\x01\0\0\xde\x7b\0\0\xa3\
\x04\0\0\x80\x01\0\0\xe6\x7b\0\0\xa5\x04\0\0\xc0\x01\0\0\xf3\x7b\0\0\xa5\x04\0\
\0\x40\x02\0\0\x04\x7c\0\0\x5b\0\0\0\xc0\x02\0\0\0\0\0\0\xa9\x04\0\0\0\x03\0\0\
\x0f\x7c\0\0\xab\x04\0\0\x40\x03\0\0\0\0\0\0\xac\x04\0\0\x40\x03\0\0\x22\x7c\0\
\0\x24\0\0\0\xc0\x03\0\0\x37\x7c\0\0\x24\0\0\0\xd0\x03\0\0\0\0\0\0\xb0\x04\0\0\
\xe0\x03\0\0\x4c\x7c\0\0\x1a\0\0\0\0\x04\0\0\x57\x7c\0\0\xab\x04\0\0\x20\x04\0\
\0\0\0\0\0\xb1\x04\0\0\x20\x04\0\0\0\0\0\0\x02\0\0\x05\x08\0\0\0\x68\x7c\0\0\
\x97\x04\0\0\0\0\0\0\0\0\0\0\x98\x04\0\0\0\0\0\0\x75\x7c\0\0\0\0\0\x08\x11\0\0\
\0\0\0\0\0\x02\0\0\x04\x08\0\0\0\x80\x7c\0\0\x99\x04\0\0\0\0\0\0\x8a\x7c\0\0\
\x99\x04\0\0\x20\0\0\0\x98\x7c\0\0\0\0\0\x08\x15\0\0\0\0\0\0\0\x02\0\0\x05\x04\
\0\0\0\x9f\x7c\0\0\x16\0\0\0\0\0\0\0\xa8\x7c\0\0\x9b\x04\0\0\0\0\0\0\0\0\0\0\0\
\0\0\x03\0\0\0\0\x23\0\0\0\x04\0\0\0\x02\0\0\0\0\0\0\0\x02\0\0\x05\x04\0\0\0\
\xb6\x7c\0\0\x9d\x04\0\0\0\0\0\0\0\0\0\0\x9e\x04\0\0\0\0\0\0\xc3\x7c\0\0\0\0\0\
\x08\x15\0\0\0\0\0\0\0\x02\0\0\x04\x04\0\0\0\xce\x7c\0\0\x9f\x04\0\0\0\0\0\0\
\xd8\x7c\0\0\x23\0\0\0\x10\0\0\0\xe0\x7c\0\0\0\0\0\x08\x23\0\0\0\0\0\0\0\0\0\0\
\x09\x42\0\0\0\0\0\0\0\x02\0\0\x05\x10\0\0\0\xe7\x7c\0\0\xe8\0\0\0\0\0\0\0\xf5\
\x7c\0\0\xe8\0\0\0\0\0\0\0\0\0\0\0\0\0\0\x02\x60\x05\0\0\x07\x7d\0\0\0\0\0\x08\
\xa4\x04\0\0\0\0\0\0\x01\0\0\x04\x08\0\0\0\x33\x72\0\0\x37\x03\0\0\0\0\0\0\x16\
\x7d\0\0\x01\0\0\x04\x10\0\0\0\x1f\x7d\0\0\xa6\x04\0\0\0\0\0\0\0\0\0\0\x03\0\0\
\x05\x10\0\0\0\x25\x7d\0\0\x18\x04\0\0\0\0\0\0\x2e\x7d\0\0\xa7\x04\0\0\0\0\0\0\
\x38\x7d\0\0\xa8\x04\0\0\0\0\0\0\0\0\0\0\0\0\0\x03\0\0\0\0\x9f\x04\0\0\x04\0\0\
\0\x08\0\0\0\0\0\0\0\0\0\0\x03\0\0\0\0\x99\x04\0\0\x04\0\0\0\x04\0\0\0\0\0\0\0\
\x03\0\0\x05\x08\0\0\0\x42\x7d\0\0\x0f\0\0\0\0\0\0\0\x4c\x7d\0\0\x93\x04\0\0\0\
\0\0\0\x59\x7d\0\0\xaa\x04\0\0\0\0\0\0\0\0\0\0\0\0\0\x02\xc4\x05\0\0\0\0\0\0\0\
\0\0\x03\0\0\0\0\x02\0\0\0\x04\0\0\0\0\0\0\0\0\0\0\0\x02\0\0\x05\x10\0\0\0\x63\
\x7d\0\0\xe8\0\0\0\0\0\0\0\x6c\x7d\0\0\xad\x04\0\0\0\0\0\0\x7b\x7d\0\0\x02\0\0\
\x04\x10\0\0\0\x60\x0b\0\0\xae\x04\0\0\0\0\0\0\xd4\x1c\0\0\xaf\x04\0\0\x40\0\0\
\0\0\0\0\0\0\0\0\x02\xad\x04\0\0\0\0\0\0\0\0\0\x02\xae\x04\0\0\0\0\0\0\x03\0\0\
\x05\x04\0\0\0\x8c\x7d\0\0\x02\0\0\0\0\0\0\0\x9d\x7d\0\0\x14\0\0\0\0\0\0\0\xa9\
\x7d\0\0\x14\0\0\0\0\0\0\0\0\0\0\0\x03\0\0\x05\x04\0\0\0\xb8\x7d\0\0\x14\0\0\0\
\0\0\0\0\xc3\x7d\0\0\x14\0\0\0\0\0\0\0\xd4\x7d\0\0\x14\0\0\0\0\0\0\0\xe3\x7d\0\
\0\0\0\0\x08\xb3\x04\0\0\0\0\0\0\x03\0\0\x04\x20\0\0\0\xf1\x7d\0\0\x8a\0\0\0\0\
\0\0\0\xf7\x7d\0\0\x02\0\0\0\x20\0\0\0\x96\x13\0\0\xe3\0\0\0\x40\0\0\0\xfd\x7d\
\0\0\x04\0\0\x04\x18\0\0\0\x60\x0b\0\0\xb5\x04\0\0\0\0\0\0\x81\x0c\0\0\xb5\x04\
\0\0\x40\0\0\0\x0a\x7e\0\0\x15\0\0\0\x80\0\0\0\x73\x10\0\0\x8a\0\0\0\xa0\0\0\0\
\0\0\0\0\0\0\0\x02\xb6\x04\0\0\x0f\x7e\0\0\x4c\0\0\x84\xe0\0\0\0\0\0\0\0\xb7\
\x04\0\0\0\0\0\0\0\0\0\0\xbb\x04\0\0\xc0\0\0\0\0\0\0\0\xbc\x04\0\0\0\x01\0\0\
\x17\x7e\0\0\xbd\x04\0\0\x40\x01\0\0\0\0\0\0\xbe\x04\0\0\xc0\x02\0\0\x1a\x7e\0\
\0\x0f\0\0\0\x40\x03\0\0\x70\x42\0\0\x16\0\0\0\x80\x03\0\0\x20\x7e\0\0\x16\0\0\
\0\xa0\x03\0\0\x29\x7e\0\0\x23\0\0\0\xc0\x03\0\0\x31\x7e\0\0\x23\0\0\0\xd0\x03\
\0\0\x39\x7e\0\0\x23\0\0\0\xe0\x03\0\0\x47\x7e\0\0\xc2\x04\0\0\xf0\x03\0\0\x57\
\x7e\0\0\x41\0\0\0\xf0\x03\0\x01\x5e\x7e\0\0\x41\0\0\0\xf1\x03\0\x01\x64\x7e\0\
\0\x41\0\0\0\xf2\x03\0\x02\x6b\x7e\0\0\x41\0\0\0\xf4\x03\0\x01\x72\x7e\0\0\x41\
\0\0\0\xf5\x03\0\x01\x7c\x7e\0\0\x41\0\0\0\xf6\x03\0\x01\x87\x7e\0\0\x41\0\0\0\
\xf7\x03\0\x01\x92\x7e\0\0\x41\0\0\0\xf8\x03\0\0\xa4\x7e\0\0\xc3\x04\0\0\0\x04\
\0\0\xb2\x7e\0\0\xc2\x04\0\0\0\x04\0\0\xc4\x7e\0\0\x41\0\0\0\0\x04\0\x03\xcd\
\x7e\0\0\x41\0\0\0\x03\x04\0\x01\xd7\x7e\0\0\x41\0\0\0\x04\x04\0\x01\xe0\x7e\0\
\0\x41\0\0\0\x05\x04\0\x02\xea\x7e\0\0\x41\0\0\0\x07\x04\0\x01\xf3\x7e\0\0\x41\
\0\0\0\x08\x04\0\x01\xfb\x7e\0\0\x41\0\0\0\x09\x04\0\x01\x03\x7f\0\0\x41\0\0\0\
\x0a\x04\0\x01\x14\x7f\0\0\x41\0\0\0\x0b\x04\0\x01\x1f\x7f\0\0\x41\0\0\0\x0c\
\x04\0\x01\x26\x7f\0\0\x41\0\0\0\x0d\x04\0\x01\x34\x7f\0\0\x41\0\0\0\x0e\x04\0\
\x01\x43\x7f\0\0\x41\0\0\0\x0f\x04\0\x01\x4e\x7f\0\0\xc2\x04\0\0\x10\x04\0\0\
\x68\x7f\0\0\x41\0\0\0\x10\x04\0\x01\x75\x7f\0\0\x41\0\0\0\x11\x04\0\x01\x86\
\x7f\0\0\x41\0\0\0\x12\x04\0\x02\x91\x7f\0\0\x41\0\0\0\x14\x04\0\x01\x9f\x7f\0\
\0\x41\0\0\0\x15\x04\0\x01\xb3\x7f\0\0\x41\0\0\0\x16\x04\0\x02\xc2\x7f\0\0\x41\
\0\0\0\x18\x04\0\x01\xd0\x7f\0\0\x41\0\0\0\x19\x04\0\x01\xe4\x7f\0\0\x41\0\0\0\
\x1a\x04\0\x01\xf4\x7f\0\0\x41\0\0\0\x1b\x04\0\x01\x05\x80\0\0\x41\0\0\0\x1c\
\x04\0\x01\x13\x80\0\0\x41\0\0\0\x1d\x04\0\x01\x1e\x80\0\0\x41\0\0\0\x1e\x04\0\
\x01\x27\x80\0\0\x41\0\0\0\x1f\x04\0\x01\x34\x80\0\0\x23\0\0\0\x20\x04\0\0\0\0\
\0\0\xc4\x04\0\0\x40\x04\0\0\x81\x61\0\0\x15\0\0\0\x60\x04\0\0\x3d\x80\0\0\x02\
\0\0\0\x80\x04\0\0\x25\x1f\0\0\x15\0\0\0\xa0\x04\0\0\x45\x80\0\0\x9f\x04\0\0\
\xc0\x04\0\0\x50\x80\0\0\x23\0\0\0\xd0\x04\0\0\0\0\0\0\xc7\x04\0\0\xe0\x04\0\0\
\x59\x80\0\0\x15\0\0\0\0\x05\0\0\0\0\0\0\xc8\x04\0\0\x20\x05\0\0\0\0\0\0\xc9\
\x04\0\0\x40\x05\0\0\x61\x80\0\0\x23\0\0\0\x50\x05\0\0\x78\x80\0\0\x23\0\0\0\
\x60\x05\0\0\x8d\x80\0\0\x23\0\0\0\x70\x05\0\0\x9e\x80\0\0\x9f\x04\0\0\x80\x05\
\0\0\xa7\x80\0\0\x23\0\0\0\x90\x05\0\0\xb8\x80\0\0\x23\0\0\0\xa0\x05\0\0\xc7\
\x80\0\0\x23\0\0\0\xb0\x05\0\0\xd2\x80\0\0\xc3\x04\0\0\xc0\x05\0\0\xea\x10\0\0\
\xca\x04\0\0\xc0\x05\0\0\xde\x80\0\0\xca\x04\0\0\xe0\x05\0\0\xbc\x1c\0\0\xcb\
\x04\0\0\0\x06\0\0\x47\x13\0\0\xcb\x04\0\0\x40\x06\0\0\xe2\x80\0\0\x16\0\0\0\
\x80\x06\0\0\xeb\x80\0\0\x1a\0\0\0\xa0\x06\0\0\xf1\x80\0\0\xcc\x04\0\0\xc0\x06\
\0\0\0\0\0\0\x03\0\0\x05\x18\0\0\0\0\0\0\0\xb8\x04\0\0\0\0\0\0\xfc\x80\0\0\x2a\
\0\0\0\0\0\0\0\x8b\x12\0\0\x2c\0\0\0\0\0\0\0\0\0\0\0\x03\0\0\x04\x18\0\0\0\x60\
\x0b\0\0\xb5\x04\0\0\0\0\0\0\x81\x0c\0\0\xb5\x04\0\0\x40\0\0\0\0\0\0\0\xb9\x04\
\0\0\x80\0\0\0\0\0\0\0\x02\0\0\x05\x08\0\0\0\x8c\x2b\0\0\xba\x04\0\0\0\0\0\0\
\x03\x81\0\0\x0f\0\0\0\0\0\0\0\0\0\0\0\0\0\0\x02\xe3\x04\0\0\0\0\0\0\x02\0\0\
\x05\x08\0\0\0\x0f\x81\0\0\x93\x04\0\0\0\0\0\0\x12\x81\0\0\x02\0\0\0\0\0\0\0\0\
\0\0\0\x02\0\0\x05\x08\0\0\0\x8a\x29\0\0\x4c\0\0\0\0\0\0\0\x23\x81\0\0\x10\0\0\
\0\0\0\0\0\0\0\0\0\0\0\0\x03\0\0\0\0\xc4\0\0\0\x04\0\0\0\x30\0\0\0\0\0\0\0\x03\
\0\0\x05\x10\0\0\0\0\0\0\0\xbf\x04\0\0\0\0\0\0\x31\x81\0\0\x2c\0\0\0\0\0\0\0\
\x44\x81\0\0\x0f\0\0\0\0\0\0\0\0\0\0\0\x02\0\0\x04\x10\0\0\0\x4e\x81\0\0\x0f\0\
\0\0\0\0\0\0\x5a\x81\0\0\xc0\x04\0\0\x40\0\0\0\0\0\0\0\0\0\0\x02\xc1\x04\0\0\0\
\0\0\0\x01\0\0\x0d\0\0\0\0\0\0\0\0\xb5\x04\0\0\0\0\0\0\0\0\0\x03\0\0\0\0\x41\0\
\0\0\x04\0\0\0\0\0\0\0\0\0\0\0\0\0\0\x03\0\0\0\0\x15\0\0\0\x04\0\0\0\0\0\0\0\0\
\0\0\0\x02\0\0\x05\x04\0\0\0\x65\x81\0\0\xc5\x04\0\0\0\0\0\0\0\0\0\0\xc6\x04\0\
\0\0\0\0\0\x6a\x81\0\0\0\0\0\x08\x15\0\0\0\0\0\0\0\x02\0\0\x04\x04\0\0\0\x71\
\x81\0\0\x23\0\0\0\0\0\0\0\x7c\x81\0\0\x23\0\0\0\x10\0\0\0\0\0\0\0\x02\0\0\x05\
\x04\0\0\0\x88\x81\0\0\x16\0\0\0\0\0\0\0\x90\x81\0\0\x16\0\0\0\0\0\0\0\0\0\0\0\
\x02\0\0\x05\x04\0\0\0\x9b\x81\0\0\x15\0\0\0\0\0\0\0\xa0\x81\0\0\x15\0\0\0\0\0\
\0\0\0\0\0\0\x02\0\0\x05\x02\0\0\0\xb2\x81\0\0\x9f\x04\0\0\0\0\0\0\xc1\x81\0\0\
\x41\0\0\0\0\0\0\0\xcf\x81\0\0\0\0\0\x08\x16\0\0\0\0\0\0\0\0\0\0\x02\x42\0\0\0\
\0\0\0\0\0\0\0\x02\x56\x07\0\0\0\0\0\0\x04\0\0\x04\x18\0\0\0\xde\x81\0\0\x1c\0\
\0\0\0\0\0\0\x70\x42\0\0\x02\0\0\0\x20\0\0\0\xbc\x1c\0\0\xb5\x04\0\0\x40\0\0\0\
\xea\x10\0\0\xb5\x04\0\0\x80\0\0\0\0\0\0\0\0\0\0\x02\x5e\x07\0\0\0\0\0\0\x02\0\
\0\x05\x08\0\0\0\xe9\x81\0\0\xd0\x04\0\0\0\0\0\0\xef\x81\0\0\xd0\x04\0\0\0\0\0\
\0\0\0\0\0\0\0\0\x02\xd1\x04\0\0\xf9\x81\0\0\x04\0\0\x04\x40\0\0\0\x35\x24\0\0\
\xe3\0\0\0\0\0\0\0\x03\x82\0\0\x52\x02\0\0\xc0\0\0\0\xac\0\0\0\x0f\0\0\0\0\x01\
\0\0\x87\x12\0\0\x62\0\0\0\x40\x01\0\0\0\0\0\0\0\0\0\x02\xd3\x04\0\0\x0f\x82\0\
\0\x1b\0\0\x04\x20\x03\0\0\x1b\x82\0\0\xa3\x04\0\0\0\0\0\0\x22\x82\0\0\xe8\0\0\
\0\x40\0\0\0\x28\x82\0\0\xe8\0\0\0\xc0\0\0\0\x73\x10\0\0\x94\0\0\0\x40\x01\0\0\
\xe2\x12\0\0\x1a\0\0\0\x80\x01\0\0\xb1\x3a\0\0\x14\0\0\0\xa0\x01\0\0\x80\x54\0\
\0\xb9\x01\0\0\xc0\x01\0\0\x2e\x82\0\0\x1c\0\0\0\0\x03\0\0\x81\x61\0\0\x14\0\0\
\0\x20\x03\0\0\xfc\x20\0\0\x14\0\0\0\x40\x03\0\0\x34\x82\0\0\x14\0\0\0\x60\x03\
\0\0\x9b\x81\0\0\xd4\x04\0\0\x80\x03\0\0\x3a\x82\0\0\xd5\x04\0\0\xc0\x03\0\0\
\x43\x82\0\0\xd8\x04\0\0\x80\x05\0\0\x47\x82\0\0\xd9\x04\0\0\x80\x07\0\0\x4e\
\x82\0\0\xda\x04\0\0\x80\x08\0\0\x53\x82\0\0\xdb\x04\0\0\x40\x09\0\0\x58\x82\0\
\0\x77\0\0\0\x80\x0b\0\0\x19\0\0\0\x40\0\0\0\x88\x0b\0\0\x67\x82\0\0\x40\0\0\0\
\x90\x0b\0\0\xac\0\0\0\x40\0\0\0\x98\x0b\0\0\x6e\x82\0\0\x40\0\0\0\xa0\x0b\0\0\
\x76\x82\0\0\x22\0\0\0\xb0\x0b\0\0\x29\x0a\0\0\xdc\x04\0\0\xc0\x0b\0\0\x7d\x82\
\0\0\xdf\x04\0\0\0\x0c\0\0\x86\x82\0\0\xe8\0\0\0\0\x18\0\0\x87\x12\0\0\x62\0\0\
\0\x80\x18\0\0\x99\x82\0\0\x02\0\0\x04\x08\0\0\0\xa3\x82\0\0\x15\0\0\0\0\0\0\0\
\x27\x3d\0\0\x15\0\0\0\x20\0\0\0\xa5\x82\0\0\x0c\0\0\x04\x38\0\0\0\xb3\x82\0\0\
\xd6\x04\0\0\0\0\0\0\xb9\x82\0\0\xd6\x04\0\0\x80\0\0\0\xbf\x82\0\0\x9f\x04\0\0\
\0\x01\0\0\xc5\x82\0\0\x9f\x04\0\0\x10\x01\0\0\xd0\x82\0\0\x9f\x04\0\0\x20\x01\
\0\0\xd6\x82\0\0\x9f\x04\0\0\x30\x01\0\0\x76\x82\0\0\x23\0\0\0\x40\x01\0\0\xe1\
\x82\0\0\x41\0\0\0\x50\x01\0\0\xed\x82\0\0\x41\0\0\0\x58\x01\0\0\xf9\x82\0\0\
\x41\0\0\0\x60\x01\0\0\x6b\x72\0\0\x02\0\0\0\x80\x01\0\0\x01\x1e\0\0\xa0\0\0\0\
\xa0\x01\0\0\xff\x82\0\0\0\0\0\x08\xd7\x04\0\0\0\0\0\0\x03\0\0\x05\x10\0\0\0\
\x0e\x83\0\0\x99\x04\0\0\0\0\0\0\x11\x83\0\0\xa8\x04\0\0\0\0\0\0\x14\x83\0\0\
\xa5\x04\0\0\0\0\0\0\x18\x83\0\0\x08\0\0\x04\x40\0\0\0\x2a\x83\0\0\x11\0\0\0\0\
\0\0\0\x3a\x83\0\0\x11\0\0\0\x40\0\0\0\x4a\x83\0\0\x11\0\0\0\x80\0\0\0\x5c\x83\
\0\0\x11\0\0\0\xc0\0\0\0\x6e\x83\0\0\x11\0\0\0\0\x01\0\0\x87\x83\0\0\x11\0\0\0\
\x40\x01\0\0\xa0\x83\0\0\x11\0\0\0\x80\x01\0\0\xb9\x83\0\0\x11\0\0\0\xc0\x01\0\
\0\xd2\x83\0\0\x04\0\0\x04\x20\0\0\0\xe4\x83\0\0\x11\0\0\0\0\0\0\0\xea\x83\0\0\
\x11\0\0\0\x40\0\0\0\xf2\x83\0\0\x11\0\0\0\x80\0\0\0\xfb\x83\0\0\x11\0\0\0\xc0\
\0\0\0\x04\x84\0\0\x02\0\0\x04\x18\0\0\0\x1b\x84\0\0\x2c\0\0\0\0\0\0\0\xff\x50\
\0\0\x40\0\0\0\x80\0\0\0\x1f\x84\0\0\x03\0\0\x04\x48\0\0\0\x31\x84\0\0\xb4\x04\
\0\0\0\0\0\0\x3c\x84\0\0\xb9\x01\0\0\xc0\0\0\0\x0d\x11\0\0\x0f\0\0\0\0\x02\0\0\
\0\0\0\0\0\0\0\x02\x33\x07\0\0\x47\x84\0\0\x0b\0\0\x04\x40\0\0\0\xf8\x12\0\0\
\xde\x04\0\0\0\0\0\0\xb9\x82\0\0\xd6\x04\0\0\xc0\0\0\0\x51\x84\0\0\x24\0\0\0\
\x40\x01\0\0\x5e\x84\0\0\x14\0\0\0\x60\x01\0\0\x65\x24\0\0\x40\0\0\0\x80\x01\0\
\0\x64\x84\0\0\x40\0\0\0\x88\x01\0\0\x6a\x84\0\0\x40\0\0\0\x90\x01\0\0\x73\x84\
\0\0\x40\0\0\0\x98\x01\0\0\x7b\x84\0\0\x14\0\0\0\xa0\x01\0\0\x82\x84\0\0\x14\0\
\0\0\xc0\x01\0\0\x89\x84\0\0\x14\0\0\0\xe0\x01\0\0\x90\x84\0\0\x03\0\0\x04\x18\
\0\0\0\xb3\x82\0\0\xd6\x04\0\0\0\0\0\0\x98\x84\0\0\x99\x04\0\0\x80\0\0\0\xf9\
\x82\0\0\x41\0\0\0\xa0\0\0\0\0\0\0\0\0\0\0\x03\0\0\0\0\xdd\x04\0\0\x04\0\0\0\
\x06\0\0\0\0\0\0\0\0\0\0\x03\0\0\0\0\xd2\x04\0\0\x04\0\0\0\x02\0\0\0\0\0\0\0\0\
\0\0\x02\xe2\x04\0\0\x9c\x84\0\0\x13\0\0\x04\x70\0\0\0\x8c\x2b\0\0\xba\x04\0\0\
\0\0\0\0\xb2\x23\0\0\x58\x05\0\0\x40\0\0\0\xa6\x84\0\0\x0f\0\0\0\x80\0\0\0\x2f\
\x12\0\0\x0f\0\0\0\xc0\0\0\0\x77\x73\0\0\x59\x05\0\0\0\x01\0\0\xaf\x84\0\0\x5a\
\x05\0\0\x40\x01\0\0\xb5\x84\0\0\x5c\x05\0\0\x80\x01\0\0\xac\0\0\0\x24\0\0\0\
\xc0\x01\0\0\xbc\x84\0\0\x06\x01\0\0\xd0\x01\0\0\xc5\x84\0\0\x24\0\0\0\xe0\x01\
\0\0\xd0\x84\0\0\x24\0\0\0\xf0\x01\0\0\xdc\x84\0\0\x1c\0\0\0\0\x02\0\0\xe5\x84\
\0\0\x02\0\0\0\x20\x02\0\0\xeb\x84\0\0\x0f\0\0\0\x40\x02\0\0\xf3\x84\0\0\x5e\
\x05\0\0\x80\x02\0\0\x99\x13\0\0\x62\0\0\0\xc0\x02\0\0\xfc\x84\0\0\x06\x01\0\0\
\x40\x03\0\0\x02\x85\0\0\x06\x01\0\0\x50\x03\0\0\x08\x85\0\0\x15\0\0\0\x60\x03\
\0\0\x11\x85\0\0\x84\0\0\x84\xc0\x08\0\0\x63\x1f\0\0\x83\x01\0\0\0\0\0\0\x1c\
\x85\0\0\xe4\x04\0\0\x80\0\0\0\x26\x85\0\0\xe5\x04\0\0\xc0\0\0\0\x2e\x85\0\0\
\x0f\0\0\0\0\x01\0\0\x36\x85\0\0\x0f\0\0\0\x40\x01\0\0\x40\x85\0\0\x0f\0\0\0\
\x80\x01\0\0\x02\x12\0\0\x0f\0\0\0\xc0\x01\0\0\x4a\x85\0\0\x2c\0\0\0\0\x02\0\0\
\x53\x85\0\0\x2c\0\0\0\x80\x02\0\0\x5d\x85\0\0\x2c\0\0\0\0\x03\0\0\x68\x85\0\0\
\x2c\0\0\0\x80\x03\0\0\x73\x85\0\0\x2c\0\0\0\0\x04\0\0\x7d\x85\0\0\x2c\0\0\0\
\x80\x04\0\0\x8c\x85\0\0\xe6\x04\0\0\0\x05\0\0\xac\0\0\0\x16\0\0\0\0\x06\0\0\
\x95\x85\0\0\x16\0\0\0\x20\x06\0\0\xa0\x85\0\0\xe7\x04\0\0\x40\x06\0\0\x6b\x72\
\0\0\x02\0\0\0\x80\x06\0\0\xab\x85\0\0\x24\0\0\0\xa0\x06\0\0\xb2\x85\0\0\x24\0\
\0\0\xb0\x06\0\0\xc2\x85\0\0\x16\0\0\0\xc0\x06\0\0\xc6\x85\0\0\x24\0\0\0\xe0\
\x06\0\0\xd6\x85\0\0\x24\0\0\0\xf0\x06\0\0\xe6\x85\0\0\xe9\x04\0\0\0\x07\0\0\
\xef\x85\0\0\xe9\x04\0\0\x40\x07\0\0\xfb\x85\0\0\xe9\x04\0\0\x80\x07\0\0\x0b\
\x86\0\0\xe9\x04\0\0\xc0\x07\0\0\x19\x86\0\0\xe9\x04\0\0\0\x08\0\0\x29\x86\0\0\
\xe9\x04\0\0\x40\x08\0\0\x37\x86\0\0\xe9\x04\0\0\x80\x08\0\0\x4c\x86\0\0\x16\0\
\0\0\xc0\x08\0\0\x54\x86\0\0\x16\0\0\0\xe0\x08\0\0\x19\0\0\0\x24\0\0\0\0\x09\0\
\0\x5c\x86\0\0\x42\0\0\0\x10\x09\0\0\x6b\x86\0\0\x42\0\0\0\x18\x09\0\0\xf1\x22\
\0\0\x02\0\0\0\x20\x09\0\0\xed\x56\0\0\xea\x04\0\0\x40\x09\0\0\x7c\x86\0\0\x5a\
\0\0\0\0\x0f\0\0\x87\x86\0\0\x5a\0\0\0\x40\x0f\0\0\x92\x86\0\0\x5a\0\0\0\x80\
\x0f\0\0\x9f\x86\0\0\x1c\0\0\0\xc0\x0f\0\0\xb0\x86\0\0\x1c\0\0\0\xe0\x0f\0\0\
\xc3\x86\0\0\x02\x05\0\0\0\x10\0\0\xcf\x86\0\0\x04\x05\0\0\x40\x10\0\0\xd9\x86\
\0\0\x06\x05\0\0\x80\x10\0\0\xe4\x86\0\0\x42\0\0\0\xc0\x10\0\0\xee\x86\0\0\x42\
\0\0\0\xc8\x10\0\0\xf8\x86\0\0\x42\0\0\0\xd0\x10\0\0\0\x87\0\0\x42\0\0\0\xd8\
\x10\0\0\x04\x87\0\0\xa4\x03\0\0\xe0\x10\0\0\x0e\x87\0\0\x42\0\0\0\xe0\x11\0\0\
\x1f\x87\0\0\x42\0\0\0\xe8\x11\0\0\x28\x87\0\0\x42\0\0\0\xf0\x11\0\0\x34\x87\0\
\0\x42\0\0\0\xf8\x11\0\0\x40\x87\0\0\x24\0\0\0\0\x12\0\0\x4f\x87\0\0\x24\0\0\0\
\x10\x12\0\0\x56\x87\0\0\x24\0\0\0\x20\x12\0\0\x5f\x87\0\0\x24\0\0\0\x30\x12\0\
\0\x66\x87\0\0\x8a\0\0\0\x40\x12\0\0\x75\x87\0\0\x02\0\0\0\x60\x12\0\0\x79\x87\
\0\0\x08\x05\0\0\x80\x12\0\0\x7c\x87\0\0\x08\x05\0\0\x80\x13\0\0\x7f\x87\0\0\
\x08\x05\0\0\x80\x14\0\0\x89\x87\0\0\xd6\x01\0\0\x80\x15\0\0\x95\x87\0\0\x16\0\
\0\0\xc0\x15\0\0\xa1\x87\0\0\x16\0\0\0\xe0\x15\0\0\xaa\x87\0\0\x77\0\0\0\0\x16\
\0\0\xb5\x87\0\0\x0c\x05\0\0\x40\x16\0\0\xbf\x87\0\0\x0d\x05\0\0\x80\x16\0\0\
\xc6\x87\0\0\x0e\x05\0\0\xc0\x16\0\0\xce\x87\0\0\x0f\x05\0\0\0\x17\0\0\xdc\x87\
\0\0\x10\x05\0\0\x40\x17\0\0\xeb\x87\0\0\xcb\x04\0\0\x80\x17\0\0\xf4\x87\0\0\
\x11\x05\0\0\xc0\x17\0\0\xf8\x87\0\0\x16\0\0\0\0\x18\0\0\x06\x88\0\0\x16\0\0\0\
\x20\x18\0\0\x19\x88\0\0\x16\x03\0\0\x40\x18\0\0\x22\x88\0\0\x0f\0\0\0\x80\x18\
\0\0\x34\x88\0\0\x02\0\0\0\xc0\x18\0\0\x49\x88\0\0\x12\x05\0\0\0\x19\0\0\x54\
\x88\0\0\x19\0\0\0\x40\x19\0\0\x64\x88\0\0\x18\x05\0\0\x80\x19\0\0\x72\x88\0\0\
\x19\x05\0\0\xc0\x19\0\0\x80\x88\0\0\x1a\x05\0\0\0\x1a\0\0\x91\x88\0\0\xa4\x03\
\0\0\x40\x1a\0\0\x9b\x88\0\0\x1b\x05\0\0\x40\x1b\0\0\xa7\x88\0\0\xe8\0\0\0\x80\
\x1b\0\0\xb3\x88\0\0\x19\x05\0\0\0\x1c\0\0\xb7\x88\0\0\x16\0\0\0\x40\x1c\0\0\
\xc5\x88\0\0\x16\0\0\0\x60\x1c\0\0\xd8\x88\0\0\x1d\x05\0\0\x80\x1c\0\0\xde\x88\
\0\0\x16\0\0\0\xc0\x1c\0\0\xeb\x88\0\0\x8a\0\0\0\xe0\x1c\0\0\xfa\x88\0\0\x2e\
\x05\0\0\0\x1d\0\0\x04\x89\0\0\x36\x05\0\0\x40\x1d\0\0\x0d\x89\0\0\x18\x05\0\0\
\xc0\x1d\0\0\x1a\x89\0\0\x3c\x05\0\0\0\x1e\0\0\x25\x89\0\0\xb9\x01\0\0\0\x22\0\
\0\x34\x89\0\0\x02\0\0\0\x40\x23\0\0\x43\x89\0\0\x14\0\0\0\x60\x23\0\0\x55\x89\
\0\0\x2c\0\0\0\x80\x23\0\0\x5f\x89\0\0\xec\0\0\0\0\x24\0\0\x6b\x89\0\0\x2c\0\0\
\0\x40\x24\0\0\x7b\x89\0\0\x3d\x05\0\0\xc0\x24\0\x08\x85\x89\0\0\x77\0\0\0\xc8\
\x24\0\0\x8f\x89\0\0\x3e\x05\0\0\xd0\x24\0\x10\x9f\x89\0\0\x77\0\0\0\xe0\x24\0\
\0\xb1\x89\0\0\x3f\x05\0\0\0\x25\0\0\xc1\x89\0\0\xa3\x04\0\0\x40\x25\0\0\xc8\
\x89\0\0\x19\0\0\0\x80\x25\0\0\xd0\x89\0\0\x41\x05\0\0\xc0\x25\0\0\0\0\0\0\x42\
\x05\0\0\0\x26\0\0\x8c\x2b\0\0\xc4\x03\0\0\x40\x26\0\0\xdd\x89\0\0\x47\x05\0\0\
\0\x3e\0\0\xea\x89\0\0\xcf\x01\0\0\0\x3f\0\0\xff\x89\0\0\x48\x05\0\0\x40\x3f\0\
\0\x0d\x8a\0\0\x16\0\0\0\x80\x3f\0\0\x1a\x8a\0\0\x22\0\0\0\xa0\x3f\0\0\x27\x8a\
\0\0\x31\x05\0\0\xb0\x3f\0\0\x2e\x8a\0\0\x4b\x05\0\0\xc0\x3f\0\0\x38\x8a\0\0\
\x4c\x05\0\0\xc0\x41\0\0\x44\x8a\0\0\x4d\x05\0\0\x40\x42\0\0\x4b\x8a\0\0\x4e\
\x05\0\0\x80\x42\0\0\x53\x8a\0\0\x50\x05\0\0\xc0\x42\0\0\x65\x8a\0\0\x50\x05\0\
\0\0\x43\0\0\x77\x8a\0\0\x77\0\0\0\x40\x43\0\0\x82\x8a\0\0\x16\0\0\0\x48\x43\0\
\x01\x8e\x8a\0\0\x16\0\0\0\x49\x43\0\x01\x97\x8a\0\0\x2c\0\0\0\x80\x43\0\0\xa9\
\x8a\0\0\x51\x05\0\0\0\x44\0\0\xbd\x8a\0\0\x53\x05\0\0\x40\x44\0\0\xcc\x8a\0\0\
\x57\x05\0\0\x80\x44\0\0\0\0\0\0\0\0\0\x02\xf0\x06\0\0\0\0\0\0\0\0\0\x02\xf1\
\x06\0\0\0\0\0\0\x02\0\0\x04\x20\0\0\0\xd6\x8a\0\0\x2c\0\0\0\0\0\0\0\xdc\x8a\0\
\0\x2c\0\0\0\x80\0\0\0\0\0\0\0\0\0\0\x02\xe8\x04\0\0\0\0\0\0\0\0\0\x0a\xf2\x06\
\0\0\xe2\x8a\0\0\0\0\0\x08\x10\0\0\0\xf4\x8a\0\0\x17\0\0\x04\xb8\0\0\0\0\0\0\0\
\xeb\x04\0\0\0\0\0\0\0\0\0\0\xec\x04\0\0\x40\0\0\0\0\0\0\0\xed\x04\0\0\x80\0\0\
\0\0\0\0\0\xee\x04\0\0\xc0\0\0\0\0\0\0\0\xef\x04\0\0\0\x01\0\0\0\0\0\0\xf0\x04\
\0\0\x40\x01\0\0\0\0\0\0\xf1\x04\0\0\x80\x01\0\0\0\0\0\0\xf2\x04\0\0\xc0\x01\0\
\0\0\0\0\0\xf3\x04\0\0\0\x02\0\0\0\0\0\0\xf4\x04\0\0\x40\x02\0\0\0\0\0\0\xf5\
\x04\0\0\x80\x02\0\0\0\0\0\0\xf6\x04\0\0\xc0\x02\0\0\0\0\0\0\xf7\x04\0\0\0\x03\
\0\0\0\0\0\0\xf8\x04\0\0\x40\x03\0\0\0\0\0\0\xf9\x04\0\0\x80\x03\0\0\0\0\0\0\
\xfa\x04\0\0\xc0\x03\0\0\0\0\0\0\xfb\x04\0\0\0\x04\0\0\0\0\0\0\xfc\x04\0\0\x40\
\x04\0\0\0\0\0\0\xfd\x04\0\0\x80\x04\0\0\0\0\0\0\xfe\x04\0\0\xc0\x04\0\0\0\0\0\
\0\xff\x04\0\0\0\x05\0\0\0\0\0\0\0\x05\0\0\x40\x05\0\0\0\0\0\0\x01\x05\0\0\x80\
\x05\0\0\0\0\0\0\x02\0\0\x05\x08\0\0\0\x05\x8b\0\0\x0f\0\0\0\0\0\0\0\x10\x8b\0\
\0\x5a\0\0\0\0\0\0\0\0\0\0\0\x02\0\0\x05\x08\0\0\0\x1d\x8b\0\0\x0f\0\0\0\0\0\0\
\0\x28\x8b\0\0\x5a\0\0\0\0\0\0\0\0\0\0\0\x02\0\0\x05\x08\0\0\0\x35\x8b\0\0\x0f\
\0\0\0\0\0\0\0\x3e\x8b\0\0\x5a\0\0\0\0\0\0\0\0\0\0\0\x02\0\0\x05\x08\0\0\0\x49\
\x8b\0\0\x0f\0\0\0\0\0\0\0\x52\x8b\0\0\x5a\0\0\0\0\0\0\0\0\0\0\0\x02\0\0\x05\
\x08\0\0\0\x5d\x8b\0\0\x0f\0\0\0\0\0\0\0\x67\x8b\0\0\x5a\0\0\0\0\0\0\0\0\0\0\0\
\x02\0\0\x05\x08\0\0\0\x73\x8b\0\0\x0f\0\0\0\0\0\0\0\x7d\x8b\0\0\x5a\0\0\0\0\0\
\0\0\0\0\0\0\x02\0\0\x05\x08\0\0\0\x7c\x86\0\0\x0f\0\0\0\0\0\0\0\x89\x8b\0\0\
\x5a\0\0\0\0\0\0\0\0\0\0\0\x02\0\0\x05\x08\0\0\0\x87\x86\0\0\x0f\0\0\0\0\0\0\0\
\x96\x8b\0\0\x5a\0\0\0\0\0\0\0\0\0\0\0\x02\0\0\x05\x08\0\0\0\xa3\x8b\0\0\x0f\0\
\0\0\0\0\0\0\xad\x8b\0\0\x5a\0\0\0\0\0\0\0\0\0\0\0\x02\0\0\x05\x08\0\0\0\xb9\
\x8b\0\0\x0f\0\0\0\0\0\0\0\xc4\x8b\0\0\x5a\0\0\0\0\0\0\0\0\0\0\0\x02\0\0\x05\
\x08\0\0\0\xd1\x8b\0\0\x0f\0\0\0\0\0\0\0\xe2\x8b\0\0\x5a\0\0\0\0\0\0\0\0\0\0\0\
\x02\0\0\x05\x08\0\0\0\xf5\x8b\0\0\x0f\0\0\0\0\0\0\0\x04\x8c\0\0\x5a\0\0\0\0\0\
\0\0\0\0\0\0\x02\0\0\x05\x08\0\0\0\x15\x8c\0\0\x0f\0\0\0\0\0\0\0\x23\x8c\0\0\
\x5a\0\0\0\0\0\0\0\0\0\0\0\x02\0\0\x05\x08\0\0\0\x33\x8c\0\0\x0f\0\0\0\0\0\0\0\
\x43\x8c\0\0\x5a\0\0\0\0\0\0\0\0\0\0\0\x02\0\0\x05\x08\0\0\0\x55\x8c\0\0\x0f\0\
\0\0\0\0\0\0\x64\x8c\0\0\x5a\0\0\0\0\0\0\0\0\0\0\0\x02\0\0\x05\x08\0\0\0\x75\
\x8c\0\0\x0f\0\0\0\0\0\0\0\x86\x8c\0\0\x5a\0\0\0\0\0\0\0\0\0\0\0\x02\0\0\x05\
\x08\0\0\0\x99\x8c\0\0\x0f\0\0\0\0\0\0\0\xab\x8c\0\0\x5a\0\0\0\0\0\0\0\0\0\0\0\
\x02\0\0\x05\x08\0\0\0\xbf\x8c\0\0\x0f\0\0\0\0\0\0\0\xd1\x8c\0\0\x5a\0\0\0\0\0\
\0\0\0\0\0\0\x02\0\0\x05\x08\0\0\0\xe5\x8c\0\0\x0f\0\0\0\0\0\0\0\xf4\x8c\0\0\
\x5a\0\0\0\0\0\0\0\0\0\0\0\x02\0\0\x05\x08\0\0\0\x05\x8d\0\0\x0f\0\0\0\0\0\0\0\
\x19\x8d\0\0\x5a\0\0\0\0\0\0\0\0\0\0\0\x02\0\0\x05\x08\0\0\0\x2f\x8d\0\0\x0f\0\
\0\0\0\0\0\0\x40\x8d\0\0\x5a\0\0\0\0\0\0\0\0\0\0\0\x02\0\0\x05\x08\0\0\0\x53\
\x8d\0\0\x0f\0\0\0\0\0\0\0\x61\x8d\0\0\x5a\0\0\0\0\0\0\0\0\0\0\0\x02\0\0\x05\
\x08\0\0\0\x71\x8d\0\0\x0f\0\0\0\0\0\0\0\x7f\x8d\0\0\x5a\0\0\0\0\0\0\0\0\0\0\0\
\0\0\0\x02\x03\x05\0\0\0\0\0\0\0\0\0\x0a\x2b\x07\0\0\0\0\0\0\0\0\0\x02\x05\x05\
\0\0\0\0\0\0\0\0\0\x0a\x2d\x07\0\0\0\0\0\0\0\0\0\x02\x07\x05\0\0\0\0\0\0\0\0\0\
\x0a\x3b\x07\0\0\x8f\x8d\0\0\x03\0\0\x04\x20\0\0\0\x8b\x12\0\0\x2c\0\0\0\0\0\0\
\0\xd9\x0a\0\0\x02\0\0\0\x80\0\0\0\xec\x26\0\0\x36\0\0\0\xc0\0\0\0\x67\x2d\0\0\
\x04\0\0\x04\x60\0\0\0\x8b\x12\0\0\x2c\0\0\0\0\0\0\0\x5a\x3d\0\0\x8a\0\0\0\x80\
\0\0\0\x6a\x35\0\0\xd5\x01\0\0\xc0\0\0\0\xa3\x8d\0\0\x0a\x05\0\0\xc0\x02\0\0\0\
\0\0\0\0\0\0\x02\x0b\x05\0\0\0\0\0\0\0\0\0\x0a\xee\x06\0\0\0\0\0\0\0\0\0\x02\
\x3c\x07\0\0\0\0\0\0\0\0\0\x02\x2a\x07\0\0\0\0\0\0\0\0\0\x02\x38\x06\0\0\0\0\0\
\0\0\0\0\x02\x3d\x07\0\0\0\0\0\0\0\0\0\x02\x40\x07\0\0\0\0\0\0\0\0\0\x02\x13\
\x07\0\0\0\0\0\0\0\0\0\x02\x13\x05\0\0\xae\x8d\0\0\0\0\0\x08\x14\x05\0\0\0\0\0\
\0\x01\0\0\x0d\x15\x05\0\0\0\0\0\0\x17\x05\0\0\xc0\x8d\0\0\0\0\0\x08\x16\x05\0\
\0\xd4\x8d\0\0\x04\0\0\x06\x04\0\0\0\xe6\x8d\0\0\0\0\0\0\xfa\x8d\0\0\x01\0\0\0\
\x0d\x8e\0\0\x02\0\0\0\x1e\x8e\0\0\x03\0\0\0\0\0\0\0\0\0\0\x02\xb5\x04\0\0\0\0\
\0\0\0\0\0\x02\x37\x05\0\0\0\0\0\0\0\0\0\x02\x1c\x05\0\0\0\0\0\0\0\0\0\x02\xaa\
\x06\0\0\0\0\0\0\0\0\0\x02\x4d\x07\0\0\x2e\x8e\0\0\x0c\0\0\x04\x40\x01\0\0\x8c\
\x2b\0\0\xba\x04\0\0\0\0\0\0\xd8\x88\0\0\x1d\x05\0\0\x40\0\0\0\x3b\x8e\0\0\x1d\
\x05\0\0\x80\0\0\0\x6a\x35\0\0\xd5\x01\0\0\xc0\0\0\0\x4a\x8e\0\0\x0f\0\0\0\xc0\
\x02\0\0\x55\x8e\0\0\x0f\0\0\0\0\x03\0\0\x63\x8e\0\0\xba\x04\0\0\x40\x03\0\0\
\x6a\x8e\0\0\x8a\0\0\0\0\x04\0\0\x75\x8e\0\0\x02\0\0\0\x20\x04\0\0\x85\x8e\0\0\
\x0f\0\0\0\x40\x04\0\0\x02\x12\0\0\x0f\0\0\0\x80\x04\0\0\x91\x8e\0\0\x2d\x05\0\
\0\0\x06\0\0\0\0\0\0\0\0\0\x02\x1e\x05\0\0\x95\x8e\0\0\x1b\0\0\x04\x40\x01\0\0\
\x9b\x8e\0\0\x1f\x05\0\0\0\0\0\0\xa3\x8e\0\0\x21\x05\0\0\x40\0\0\0\xac\0\0\0\
\x16\0\0\0\x80\0\0\0\xab\x8e\0\0\x14\0\0\0\xa0\0\0\0\xb2\x23\0\0\x23\x05\0\0\
\xc0\0\0\0\xb1\x8e\0\0\x25\x05\0\0\0\x01\0\0\x25\x1f\0\0\xe8\0\0\0\x40\x01\0\0\
\xb6\x8e\0\0\x14\0\0\0\xc0\x01\0\0\xa2\x04\0\0\x14\0\0\0\xe0\x01\0\0\xbd\x8e\0\
\0\x19\x05\0\0\0\x02\0\0\xc7\x8e\0\0\x26\x05\0\0\x40\x02\0\0\xd0\x8e\0\0\x27\
\x05\0\0\x80\x02\0\0\xdb\x8e\0\0\x28\x05\0\0\xc0\x02\0\0\xe6\x8e\0\0\x02\0\0\0\
\0\x03\0\0\xe2\x12\0\0\x1a\0\0\0\x20\x03\0\0\xea\x8e\0\0\xb4\x04\0\0\0\x04\0\0\
\xf2\x8e\0\0\x29\x05\0\0\xc0\x04\0\0\xf4\x8e\0\0\x2a\x05\0\0\x80\x05\0\0\xfb\
\x8e\0\0\xac\0\0\0\0\x06\0\0\x03\x8f\0\0\x2b\x05\0\0\x20\x06\0\0\x02\x12\0\0\
\x0f\0\0\0\xc0\x06\0\0\x0a\x8f\0\0\x1d\x05\0\0\0\x07\0\0\x15\x8f\0\0\xb4\x04\0\
\0\x40\x07\0\0\x21\x8f\0\0\x8a\0\0\0\0\x08\0\0\x2a\x8f\0\0\x8a\0\0\0\x20\x08\0\
\0\x87\x12\0\0\x62\0\0\0\x40\x08\0\0\x32\x8f\0\0\x2c\x05\0\0\0\x0a\0\0\0\0\0\0\
\0\0\0\x02\x20\x05\0\0\0\0\0\0\x03\0\0\x0d\x02\0\0\0\0\0\0\0\xb5\x04\0\0\0\0\0\
\0\x1d\x05\0\0\0\0\0\0\x17\x05\0\0\0\0\0\0\0\0\0\x02\x22\x05\0\0\0\0\0\0\x01\0\
\0\x0d\xb5\x04\0\0\0\0\0\0\x1d\x05\0\0\0\0\0\0\0\0\0\x02\x24\x05\0\0\0\0\0\0\0\
\0\0\x0a\x16\x07\0\0\0\0\0\0\0\0\0\x02\x4b\x07\0\0\0\0\0\0\0\0\0\x02\x4c\x07\0\
\0\0\0\0\0\0\0\0\x02\x3a\x05\0\0\0\0\0\0\0\0\0\x02\x2b\x05\0\0\x3b\x8f\0\0\x04\
\0\0\x04\x18\0\0\0\xbc\x1c\0\0\xb5\x04\0\0\0\0\0\0\xea\x10\0\0\xb5\x04\0\0\x40\
\0\0\0\x0a\x7e\0\0\x15\0\0\0\x80\0\0\0\x73\x10\0\0\x8a\0\0\0\xa0\0\0\0\x4a\x8f\
\0\0\x02\0\0\x04\x10\0\0\0\xe4\x83\0\0\x11\0\0\0\0\0\0\0\xea\x83\0\0\x11\0\0\0\
\x40\0\0\0\x62\x8f\0\0\x05\0\0\x04\x14\0\0\0\x0a\x7e\0\0\x15\0\0\0\0\0\0\0\x73\
\x8f\0\0\x15\0\0\0\x20\0\0\0\x7b\x8f\0\0\x15\0\0\0\x40\0\0\0\x81\x8f\0\0\x15\0\
\0\0\x60\0\0\0\x8a\x8f\0\0\x15\0\0\0\x80\0\0\0\0\0\0\0\0\0\0\x03\0\0\0\0\x44\0\
\0\0\x04\0\0\0\0\0\0\0\x91\x8e\0\0\x0d\0\0\x04\x80\0\0\0\x95\x8f\0\0\x16\0\0\0\
\0\0\0\0\xa0\x8f\0\0\x16\0\0\0\x20\0\0\0\xaa\x8f\0\0\x16\0\0\0\x40\0\0\0\xab\
\x8e\0\0\x16\0\0\0\0\x02\0\0\xb7\x8f\0\0\x16\0\0\0\x20\x02\0\0\xc5\x8f\0\0\x16\
\0\0\0\x40\x02\0\0\xd2\x8f\0\0\x16\0\0\0\x60\x02\0\0\xe2\x8f\0\0\x16\0\0\0\x80\
\x02\0\0\xf4\x8f\0\0\x16\0\0\0\xa0\x02\0\0\x01\x90\0\0\x0f\0\0\0\xc0\x02\0\0\
\x12\x90\0\0\x16\0\0\0\0\x03\0\0\x1c\x90\0\0\x16\0\0\0\x20\x03\0\0\x26\x90\0\0\
\x16\0\0\0\x40\x03\0\0\0\0\0\0\0\0\0\x02\x4e\x07\0\0\0\0\0\0\0\0\0\x02\x30\x05\
\0\0\x36\x90\0\0\x04\0\0\x04\x18\0\0\0\x87\x12\0\0\x62\0\0\0\0\0\0\0\x43\x90\0\
\0\x16\0\0\0\x80\0\0\0\x27\x8a\0\0\x31\x05\0\0\xa0\0\0\0\x4a\x90\0\0\x35\x05\0\
\0\xc0\0\0\0\x53\x90\0\0\0\0\0\x08\x71\x03\0\0\0\0\0\0\0\0\0\x02\x33\x05\0\0\
\x57\x90\0\0\x04\0\0\x04\x18\0\0\0\x70\x42\0\0\x16\0\0\0\0\0\0\0\x5f\x90\0\0\
\x16\0\0\0\x20\0\0\0\x87\x12\0\0\x62\0\0\0\x40\0\0\0\x69\x90\0\0\x34\x05\0\0\
\xc0\0\0\0\0\0\0\0\0\0\0\x03\0\0\0\0\x22\0\0\0\x04\0\0\0\0\0\0\0\0\0\0\0\0\0\0\
\x03\0\0\0\0\x32\x05\0\0\x04\0\0\0\0\0\0\0\0\0\0\0\0\0\0\x03\0\0\0\0\x2f\x05\0\
\0\x04\0\0\0\x02\0\0\0\x70\x90\0\0\x05\0\0\x04\x30\0\0\0\x7b\x90\0\0\x38\x05\0\
\0\0\0\0\0\x26\x70\0\0\x39\x05\0\0\x40\0\0\0\xd0\x8e\0\0\x27\x05\0\0\x80\0\0\0\
\xdb\x8e\0\0\x28\x05\0\0\xc0\0\0\0\x87\x12\0\0\x62\0\0\0\0\x01\0\0\0\0\0\0\0\0\
\0\x02\x14\x07\0\0\0\0\0\0\0\0\0\x02\x15\x07\0\0\x87\x90\0\0\x02\0\0\x04\x10\0\
\0\0\xf4\x8e\0\0\x2a\x05\0\0\0\0\0\0\x9c\x90\0\0\x3b\x05\0\0\x80\0\0\0\xa2\x90\
\0\0\0\0\0\x04\0\0\0\0\0\0\0\0\0\0\0\x03\0\0\0\0\xe0\0\0\0\x04\0\0\0\x10\0\0\0\
\0\0\0\0\x06\0\0\x06\x04\0\0\0\xb1\x90\0\0\0\0\0\0\xc6\x90\0\0\x01\0\0\0\xd8\
\x90\0\0\x02\0\0\0\xed\x90\0\0\x03\0\0\0\x01\x91\0\0\x04\0\0\0\x11\x91\0\0\x05\
\0\0\0\0\0\0\0\x02\0\0\x06\x04\0\0\0\x1e\x91\0\0\0\0\0\0\x34\x91\0\0\x01\0\0\0\
\0\0\0\0\0\0\0\x02\x40\x05\0\0\0\0\0\0\x01\0\0\x0d\0\0\0\0\0\0\0\0\xba\x04\0\0\
\x4b\x91\0\0\x02\0\0\x06\x04\0\0\0\x5f\x91\0\0\0\0\0\0\x6c\x91\0\0\x01\0\0\0\0\
\0\0\0\x03\0\0\x05\x08\0\0\0\x78\x91\0\0\x43\x05\0\0\0\0\0\0\x7f\x91\0\0\x44\
\x05\0\0\0\0\0\0\x86\x91\0\0\x45\x05\0\0\0\0\0\0\0\0\0\0\0\0\0\x02\x4f\x07\0\0\
\0\0\0\0\0\0\0\x02\x50\x07\0\0\0\0\0\0\0\0\0\x02\x46\x05\0\0\x8d\x91\0\0\0\0\0\
\x07\0\0\0\0\0\0\0\0\0\0\0\x03\0\0\0\0\xcf\x01\0\0\x04\0\0\0\x04\0\0\0\0\0\0\0\
\0\0\0\x02\x49\x05\0\0\0\0\0\0\0\0\0\x0a\x51\x07\0\0\x99\x91\0\0\x02\0\0\x04\
\x04\0\0\0\xd9\x0a\0\0\x22\0\0\0\0\0\0\0\x29\x27\0\0\x22\0\0\0\x10\0\0\0\0\0\0\
\0\0\0\0\x03\0\0\0\0\x4a\x05\0\0\x04\0\0\0\x10\0\0\0\0\0\0\0\0\0\0\x03\0\0\0\0\
\x40\0\0\0\x04\0\0\0\x10\0\0\0\0\0\0\0\0\0\0\x02\x52\x07\0\0\0\0\0\0\0\0\0\x02\
\x4f\x05\0\0\x4b\x8a\0\0\0\0\0\x07\0\0\0\0\0\0\0\0\0\0\0\x02\x54\x01\0\0\0\0\0\
\0\0\0\0\x02\x52\x05\0\0\0\0\0\0\0\0\0\x0a\x17\x07\0\0\0\0\0\0\0\0\0\x02\x54\
\x05\0\0\xbd\x8a\0\0\0\0\0\x07\0\0\0\0\xa7\x91\0\0\x02\0\0\x04\x10\0\0\0\x59\
\x2b\0\0\x16\x03\0\0\0\0\0\0\x31\x20\0\0\x56\x05\0\0\x40\0\0\0\0\0\0\0\0\0\0\
\x02\x18\x07\0\0\0\0\0\0\0\0\0\x03\0\0\0\0\x55\x05\0\0\x04\0\0\0\x03\0\0\0\0\0\
\0\0\0\0\0\x02\xf3\x05\0\0\0\0\0\0\0\0\0\x02\x31\x07\0\0\0\0\0\0\0\0\0\x02\x5b\
\x05\0\0\0\0\0\0\x01\0\0\x0d\x02\0\0\0\0\0\0\0\xb5\x04\0\0\0\0\0\0\0\0\0\x02\
\x5d\x05\0\0\0\0\0\0\x03\0\0\x0d\x02\0\0\0\0\0\0\0\x37\x03\0\0\0\0\0\0\x93\x04\
\0\0\0\0\0\0\xb5\x04\0\0\0\0\0\0\0\0\0\x02\x2d\x06\0\0\0\0\0\0\x02\0\0\x05\x08\
\0\0\0\xb6\x91\0\0\xb5\x04\0\0\0\0\0\0\xc3\x91\0\0\x36\0\0\0\0\0\0\0\xf9\x82\0\
\0\x36\0\0\x04\xb0\x01\0\0\xd1\x91\0\0\x61\x05\0\0\0\0\0\0\xd7\x91\0\0\x63\x05\
\0\0\x40\0\0\0\xe3\x91\0\0\x63\x05\0\0\x80\0\0\0\xeb\x91\0\0\x6a\x05\0\0\xc0\0\
\0\0\xf6\x91\0\0\x6c\x05\0\0\0\x01\0\0\xfd\x91\0\0\x6e\x05\0\0\x40\x01\0\0\xd6\
\x32\0\0\x70\x05\0\0\x80\x01\0\0\xcf\x1f\0\0\x72\x05\0\0\xc0\x01\0\0\x03\x92\0\
\0\x74\x05\0\0\0\x02\0\0\x0c\x92\0\0\x76\x05\0\0\x40\x02\0\0\x17\x92\0\0\x7b\
\x05\0\0\x80\x02\0\0\x22\x92\0\0\x74\x05\0\0\xc0\x02\0\0\x5a\x31\0\0\x7d\x05\0\
\0\0\x03\0\0\x2c\x92\0\0\x7f\x05\0\0\x40\x03\0\0\x34\x92\0\0\x84\x05\0\0\x80\
\x03\0\0\x95\x31\0\0\x86\x05\0\0\xc0\x03\0\0\x3c\x92\0\0\x63\x05\0\0\0\x04\0\0\
\x41\x92\0\0\x63\x05\0\0\x40\x04\0\0\x4a\x92\0\0\x88\x05\0\0\x80\x04\0\0\x56\
\x92\0\0\x8a\x05\0\0\xc0\x04\0\0\x6c\x92\0\0\x72\x05\0\0\0\x05\0\0\x25\x1f\0\0\
\x70\x05\0\0\x40\x05\0\0\x77\x92\0\0\x72\x05\0\0\x80\x05\0\0\x7e\x92\0\0\x72\
\x05\0\0\xc0\x05\0\0\x85\x92\0\0\x8c\x05\0\0\0\x06\0\0\x8e\x92\0\0\x8e\x05\0\0\
\x40\x06\0\0\xa3\x92\0\0\x16\0\0\0\x80\x06\0\0\xad\x92\0\0\x95\x05\0\0\xc0\x06\
\0\0\xc0\x92\0\0\x99\x05\0\0\0\x07\0\0\xd1\x92\0\0\x72\x05\0\0\x40\x07\0\0\xe7\
\x92\0\0\x72\x05\0\0\x80\x07\0\0\xfd\x92\0\0\x42\x04\0\0\xc0\x07\0\0\x0e\x93\0\
\0\x9b\x05\0\0\0\x08\0\0\x20\x93\0\0\x1f\x02\0\0\x40\x08\0\0\x30\x93\0\0\x9c\
\x05\0\0\x80\x08\0\0\x3b\x93\0\0\xec\0\0\0\xc0\x08\0\0\x47\x93\0\0\xec\0\0\0\0\
\x09\0\0\x53\x93\0\0\x14\0\0\0\x40\x09\0\0\x66\x93\0\0\x14\0\0\0\x60\x09\0\0\
\x79\x93\0\0\x02\0\0\0\x80\x09\0\0\x84\x93\0\0\x77\0\0\0\xa0\x09\0\0\x90\x93\0\
\0\x47\x02\0\0\xc0\x09\0\0\x95\x93\0\0\x16\0\0\0\0\x0a\0\0\x9e\x93\0\0\xc5\x02\
\0\0\x20\x0a\0\0\xf5\x3c\0\0\x16\0\0\0\x40\x0a\0\0\0\x3d\0\0\x16\0\0\0\x60\x0a\
\0\0\xa9\x93\0\0\xca\x02\0\0\x80\x0a\0\0\xb6\x93\0\0\x9d\x05\0\0\xc0\x0a\0\0\
\xbf\x93\0\0\x9e\x05\0\0\0\x0b\0\0\xc9\x93\0\0\x9f\x05\0\0\x40\x0b\0\0\xad\x18\
\0\0\xcc\x01\0\0\x80\x0b\0\0\x63\x1f\0\0\x15\x04\0\0\xc0\x0b\0\0\xe2\x11\0\0\
\x2c\0\0\0\xc0\x0c\0\0\xcb\x93\0\0\x6a\x05\0\0\x40\x0d\0\0\0\0\0\0\0\0\0\x02\
\x62\x05\0\0\0\0\0\0\x02\0\0\x0d\0\0\0\0\0\0\0\0\x93\x04\0\0\0\0\0\0\x44\0\0\0\
\0\0\0\0\0\0\0\x02\x64\x05\0\0\0\0\0\0\x03\0\0\x0d\x02\0\0\0\0\0\0\0\x93\x04\0\
\0\0\0\0\0\x65\x05\0\0\0\0\0\0\x02\0\0\0\0\0\0\0\0\0\0\x02\x66\x05\0\0\xd8\x93\
\0\0\x02\0\0\x04\x10\0\0\0\xe1\x93\0\0\x67\x05\0\0\0\0\0\0\xeb\x93\0\0\x69\x05\
\0\0\x10\0\0\0\xf3\x93\0\0\0\0\0\x08\x68\x05\0\0\xff\x93\0\0\0\0\0\x08\x24\0\0\
\0\0\0\0\0\0\0\0\x03\0\0\0\0\xc4\0\0\0\x04\0\0\0\x0e\0\0\0\0\0\0\0\0\0\0\x02\
\x6b\x05\0\0\0\0\0\0\x02\0\0\x0d\x02\0\0\0\0\0\0\0\x93\x04\0\0\0\0\0\0\x02\0\0\
\0\0\0\0\0\0\0\0\x02\x6d\x05\0\0\0\0\0\0\x04\0\0\x0d\x93\x04\0\0\0\0\0\0\x93\
\x04\0\0\0\0\0\0\x02\0\0\0\0\0\0\0\xec\0\0\0\0\0\0\0\x77\0\0\0\0\0\0\0\0\0\0\
\x02\x6f\x05\0\0\0\0\0\0\x03\0\0\x0d\x02\0\0\0\0\0\0\0\x93\x04\0\0\0\0\0\0\x02\
\0\0\0\0\0\0\0\x0f\0\0\0\0\0\0\0\0\0\0\x02\x71\x05\0\0\0\0\0\0\x01\0\0\x0d\x02\
\0\0\0\0\0\0\0\x93\x04\0\0\0\0\0\0\0\0\0\x02\x73\x05\0\0\0\0\0\0\x01\0\0\x0d\0\
\0\0\0\0\0\0\0\x93\x04\0\0\0\0\0\0\0\0\0\x02\x75\x05\0\0\0\0\0\0\x02\0\0\x0d\0\
\0\0\0\0\0\0\0\x93\x04\0\0\0\0\0\0\x02\0\0\0\0\0\0\0\0\0\0\x02\x77\x05\0\0\0\0\
\0\0\x05\0\0\x0d\x02\0\0\0\0\0\0\0\x93\x04\0\0\0\0\0\0\x02\0\0\0\0\0\0\0\x02\0\
\0\0\0\0\0\0\x78\x05\0\0\0\0\0\0\x16\0\0\0\x14\x94\0\0\0\0\0\x08\x79\x05\0\0\0\
\0\0\0\x02\0\0\x84\x10\0\0\0\0\0\0\0\x7a\x05\0\0\0\0\0\0\x1e\x94\0\0\x77\0\0\0\
\x40\0\0\x01\0\0\0\0\x02\0\0\x05\x08\0\0\0\x28\x94\0\0\x19\0\0\0\0\0\0\0\x01\
\x1e\0\0\x19\0\0\0\0\0\0\0\0\0\0\0\0\0\0\x02\x7c\x05\0\0\0\0\0\0\x05\0\0\x0d\
\x02\0\0\0\0\0\0\0\x93\x04\0\0\0\0\0\0\x02\0\0\0\0\0\0\0\x02\0\0\0\0\0\0\0\x19\
\x01\0\0\0\0\0\0\xec\0\0\0\0\0\0\0\0\0\0\x02\x7e\x05\0\0\0\0\0\0\x03\0\0\x0d\
\x02\0\0\0\0\0\0\0\x93\x04\0\0\0\0\0\0\x16\0\0\0\0\0\0\0\x0f\0\0\0\0\0\0\0\0\0\
\0\x02\x80\x05\0\0\0\0\0\0\x03\0\0\x0d\x02\0\0\0\0\0\0\0\x93\x04\0\0\0\0\0\0\
\x81\x05\0\0\0\0\0\0\x10\x01\0\0\0\0\0\0\0\0\0\x02\x82\x05\0\0\x2f\x94\0\0\x08\
\0\0\x84\x60\0\0\0\x36\x94\0\0\x19\0\0\0\0\0\0\0\x3f\x94\0\0\x02\0\0\0\x40\0\0\
\0\x4b\x94\0\0\x34\x02\0\0\x80\0\0\0\0\0\0\0\x83\x05\0\0\xc0\x01\0\0\x54\x94\0\
\0\x77\0\0\0\0\x02\0\x01\x68\x94\0\0\x11\x01\0\0\x40\x02\0\0\x77\x94\0\0\x16\0\
\0\0\x80\x02\0\0\x81\x94\0\0\x2d\x02\0\0\xc0\x02\0\0\0\0\0\0\x02\0\0\x05\x08\0\
\0\0\x8a\x94\0\0\x19\0\0\0\0\0\0\0\x96\x94\0\0\x19\0\0\0\0\0\0\0\0\0\0\0\0\0\0\
\x02\x85\x05\0\0\0\0\0\0\x06\0\0\x0d\x02\0\0\0\0\0\0\0\x93\x04\0\0\0\0\0\0\x81\
\x05\0\0\0\0\0\0\x10\x01\0\0\0\0\0\0\x02\0\0\0\0\0\0\0\x02\0\0\0\0\0\0\0\xec\0\
\0\0\0\0\0\0\0\0\0\x02\x87\x05\0\0\0\0\0\0\x05\0\0\x0d\x02\0\0\0\0\0\0\0\x93\
\x04\0\0\0\0\0\0\xb4\x01\0\0\0\0\0\0\x02\0\0\0\0\0\0\0\x10\x01\0\0\0\0\0\0\x02\
\0\0\0\0\0\0\0\0\0\0\x02\x89\x05\0\0\0\0\0\0\x02\0\0\x0d\x02\0\0\0\0\0\0\0\x93\
\x04\0\0\0\0\0\0\xb5\x04\0\0\0\0\0\0\0\0\0\x02\x8b\x05\0\0\0\0\0\0\x02\0\0\x0d\
\x77\0\0\0\0\0\0\0\x02\0\0\0\0\0\0\0\x02\0\0\0\0\0\0\0\0\0\0\x02\x8d\x05\0\0\0\
\0\0\0\x02\0\0\x0d\x02\0\0\0\0\0\0\0\x93\x04\0\0\0\0\0\0\x24\0\0\0\0\0\0\0\0\0\
\0\x02\x8f\x05\0\0\0\0\0\0\x03\0\0\x0d\x02\0\0\0\0\0\0\0\x93\x04\0\0\0\0\0\0\
\x90\x05\0\0\0\0\0\0\x77\0\0\0\0\0\0\0\0\0\0\x02\x91\x05\0\0\xa7\x94\0\0\x1a\0\
\0\x04\x58\x01\0\0\x0f\x81\0\0\x93\x04\0\0\0\0\0\0\xb0\x94\0\0\x93\x04\0\0\x40\
\0\0\0\xb9\x94\0\0\x14\0\0\0\x80\0\0\0\xc5\x94\0\0\x14\0\0\0\xa0\0\0\0\xd0\x94\
\0\0\x14\0\0\0\xc0\0\0\0\xd5\x94\0\0\x77\0\0\0\xe0\0\0\0\xe3\x94\0\0\x92\x05\0\
\0\0\x01\0\0\xcc\x55\0\0\x93\x05\0\0\x40\x01\0\0\xe8\x94\0\0\xb4\x04\0\0\x40\
\x02\0\0\xf4\x94\0\0\x2c\0\0\0\0\x03\0\0\0\x95\0\0\x8a\0\0\0\x80\x03\0\0\x02\
\x12\0\0\x0f\0\0\0\xc0\x03\0\0\x31\x20\0\0\x2c\0\0\0\0\x04\0\0\x0d\x95\0\0\x8a\
\0\0\0\x80\x04\0\0\xe2\x12\0\0\x1a\0\0\0\xa0\x04\0\0\x17\x95\0\0\x72\x05\0\0\
\xc0\x04\0\0\x24\x95\0\0\x72\x05\0\0\0\x05\0\0\x32\x95\0\0\x61\x05\0\0\x40\x05\
\0\0\x3e\x95\0\0\x72\x05\0\0\x80\x05\0\0\x50\x95\0\0\x72\x05\0\0\xc0\x05\0\0\
\x8e\x92\0\0\x8e\x05\0\0\0\x06\0\0\x61\x95\0\0\xa2\x04\0\0\x40\x06\0\0\x6a\x95\
\0\0\x8f\0\0\0\x80\x06\0\0\x75\x95\0\0\x94\x05\0\0\x80\x07\0\0\x91\x13\0\0\x59\
\0\0\0\0\x08\0\0\x80\x95\0\0\x61\0\0\0\0\x09\0\0\0\0\0\0\0\0\0\x02\x57\x07\0\0\
\x86\x95\0\0\x04\0\0\x04\x20\0\0\0\x95\x95\0\0\x16\x03\0\0\0\0\0\0\xa0\x95\0\0\
\x16\x03\0\0\x40\0\0\0\xae\x95\0\0\x16\x03\0\0\x80\0\0\0\xbd\x95\0\0\x16\x03\0\
\0\xc0\0\0\0\xc9\x95\0\0\x03\0\0\x04\x10\0\0\0\xdd\x95\0\0\xb5\x04\0\0\0\0\0\0\
\x70\x42\0\0\x14\0\0\0\x40\0\0\0\x0a\x5e\0\0\x14\0\0\0\x60\0\0\0\0\0\0\0\0\0\0\
\x02\x96\x05\0\0\0\0\0\0\x02\0\0\x0d\x77\0\0\0\0\0\0\0\x97\x05\0\0\0\0\0\0\x02\
\0\0\0\0\0\0\0\0\0\0\x02\x98\x05\0\0\0\0\0\0\0\0\0\x0a\x94\x04\0\0\0\0\0\0\0\0\
\0\x02\x9a\x05\0\0\0\0\0\0\x01\0\0\x0d\x77\0\0\0\0\0\0\0\x93\x04\0\0\0\0\0\0\0\
\0\0\x02\x56\x02\0\0\0\0\0\0\0\0\0\x02\x44\0\0\0\0\0\0\0\0\0\0\x02\x58\x07\0\0\
\0\0\0\0\0\0\0\x02\x59\x07\0\0\0\0\0\0\x04\0\0\x05\x08\0\0\0\xe1\x95\0\0\xa0\
\x05\0\0\0\0\0\0\xea\x95\0\0\xa1\x05\0\0\0\0\0\0\xf4\x95\0\0\xa2\x05\0\0\0\0\0\
\0\xfd\x95\0\0\xa3\x05\0\0\0\0\0\0\0\0\0\0\0\0\0\x02\xc6\x05\0\0\0\0\0\0\0\0\0\
\x02\x5c\x07\0\0\0\0\0\0\0\0\0\x02\x5d\x07\0\0\0\0\0\0\0\0\0\x02\xa4\x05\0\0\
\x06\x96\0\0\0\0\0\x07\0\0\0\0\0\0\0\0\0\0\0\x02\x3e\x07\0\0\x13\x96\0\0\x02\0\
\0\x04\x10\0\0\0\xd8\x12\0\0\x55\0\0\0\0\0\0\0\x24\x96\0\0\x14\0\0\0\x40\0\0\0\
\0\0\0\0\0\0\0\x02\x61\x07\0\0\x2c\x96\0\0\x05\0\0\x04\xa8\0\0\0\x3e\x96\0\0\
\xad\x05\0\0\0\0\0\0\x8b\x12\0\0\xe0\0\0\0\0\x04\0\0\xad\x18\0\0\x19\0\0\0\x40\
\x04\0\0\x87\x12\0\0\x62\0\0\0\x80\x04\0\0\x73\x10\0\0\x3a\0\0\0\0\x05\0\0\0\0\
\0\0\0\0\0\x02\xaa\x05\0\0\x44\x96\0\0\x02\0\0\x04\x08\0\0\0\x5b\x96\0\0\xab\
\x05\0\0\0\0\0\0\x47\x13\0\0\xac\x05\0\0\x40\0\0\0\0\0\0\0\0\0\0\x02\xfd\x06\0\
\0\0\0\0\0\0\0\0\x03\0\0\0\0\x40\0\0\0\x04\0\0\0\0\0\0\0\0\0\0\0\0\0\0\x03\0\0\
\0\0\xa9\x05\0\0\x04\0\0\0\x10\0\0\0\0\0\0\0\0\0\0\x02\x72\x07\0\0\x60\x96\0\0\
\x01\0\0\x04\x08\0\0\0\xbc\x1c\0\0\x99\x03\0\0\0\0\0\0\x72\x96\0\0\x05\0\0\x04\
\x20\0\0\0\x7d\x96\0\0\x7c\x01\0\0\0\0\0\0\x88\x96\0\0\x02\0\0\0\x40\0\0\0\x99\
\x96\0\0\x02\0\0\0\x60\0\0\0\xb1\x96\0\0\xec\0\0\0\x80\0\0\0\xbc\x96\0\0\xb1\
\x05\0\0\xc0\0\0\0\0\0\0\0\0\0\0\x02\x73\x07\0\0\xc7\x96\0\0\x0d\0\0\x04\x68\0\
\0\0\xd1\x96\0\0\xb3\x05\0\0\0\0\0\0\xdf\x96\0\0\xb3\x05\0\0\x40\0\0\0\xef\x96\
\0\0\xb6\x05\0\0\x80\0\0\0\xfe\x96\0\0\xb7\x05\0\0\xc0\0\0\0\x0d\x97\0\0\xb8\
\x05\0\0\0\x01\0\0\x1c\x97\0\0\xb8\x05\0\0\x40\x01\0\0\x2a\x97\0\0\xb8\x05\0\0\
\x80\x01\0\0\x3d\x97\0\0\xb8\x05\0\0\xc0\x01\0\0\x4f\x97\0\0\xbb\x05\0\0\0\x02\
\0\0\x5f\x97\0\0\xbc\x05\0\0\x40\x02\0\0\x72\x97\0\0\xbd\x05\0\0\x80\x02\0\0\
\x84\x97\0\0\xbe\x05\0\0\xc0\x02\0\0\x99\x97\0\0\x48\x04\0\0\0\x03\0\0\0\0\0\0\
\0\0\0\x02\xb4\x05\0\0\xab\x97\0\0\x02\0\0\x04\x28\x01\0\0\xb7\x97\0\0\xb5\x05\
\0\0\0\0\0\0\x9c\x90\0\0\x3b\x05\0\0\x40\x09\0\0\0\0\0\0\0\0\0\x03\0\0\0\0\x10\
\0\0\0\x04\0\0\0\x25\0\0\0\0\0\0\0\0\0\0\x02\x74\x07\0\0\0\0\0\0\0\0\0\x02\x75\
\x07\0\0\0\0\0\0\0\0\0\x02\xb9\x05\0\0\xbc\x97\0\0\x01\0\0\x04\x50\0\0\0\xb7\
\x97\0\0\xba\x05\0\0\0\0\0\0\0\0\0\0\0\0\0\x03\0\0\0\0\x0f\0\0\0\x04\0\0\0\x0a\
\0\0\0\0\0\0\0\0\0\0\x02\x76\x07\0\0\0\0\0\0\0\0\0\x02\x77\x07\0\0\0\0\0\0\0\0\
\0\x02\x78\x07\0\0\0\0\0\0\0\0\0\x02\x79\x07\0\0\xc4\x97\0\0\x02\0\0\x04\x28\0\
\0\0\xd1\x97\0\0\x8f\0\0\0\0\0\0\0\xdd\x97\0\0\xe0\0\0\0\0\x01\0\0\xe4\x97\0\0\
\x02\0\0\x04\x10\0\0\0\xef\x97\0\0\x02\0\0\0\0\0\0\0\x05\x98\0\0\x7c\x01\0\0\
\x40\0\0\0\x09\x98\0\0\x05\0\0\x04\x48\0\0\0\xe0\x0f\0\0\x36\0\0\0\0\0\0\0\x17\
\x98\0\0\xa4\0\0\0\x40\0\0\0\x9c\x4f\0\0\x16\0\0\0\x80\0\0\0\x1f\x98\0\0\x14\0\
\0\0\xa0\0\0\0\x31\x98\0\0\xc2\x05\0\0\xc0\0\0\0\x40\x98\0\0\x02\0\0\x04\x30\0\
\0\0\x45\x60\0\0\xab\0\0\0\0\0\0\0\xbc\x1c\0\0\x99\x03\0\0\x40\x01\0\0\x57\x98\
\0\0\x83\0\0\x04\x80\x02\0\0\x62\x98\0\0\xc4\x05\0\0\0\0\0\0\x70\x98\0\0\x7c\
\x01\0\0\x80\x02\0\0\x79\x98\0\0\x7c\x01\0\0\xc0\x02\0\0\x83\x98\0\0\x7c\x01\0\
\0\0\x03\0\0\x8c\x98\0\0\x7c\x01\0\0\x40\x03\0\0\x96\x98\0\0\x7c\x01\0\0\x80\
\x03\0\0\xa0\x98\0\0\xcf\x05\0\0\xc0\x03\0\0\xac\x98\0\0\xcf\x05\0\0\0\x04\0\0\
\xb9\x98\0\0\xd2\x05\0\0\x40\x04\0\0\xc2\x98\0\0\x8f\0\0\0\x80\x04\0\0\x34\x73\
\0\0\xd3\x05\0\0\x80\x05\0\0\xcb\x98\0\0\xd4\x05\0\0\xc0\x05\0\0\xd4\x98\0\0\
\xd4\x05\0\0\0\x06\0\0\xe0\x98\0\0\x16\0\0\0\x40\x06\0\0\xfc\x98\0\0\x77\0\0\0\
\x60\x06\0\0\x11\x99\0\0\x77\0\0\0\x68\x06\0\0\x2d\x99\0\0\x77\0\0\0\x70\x06\0\
\0\x42\x99\0\0\xa4\0\0\0\x80\x06\0\0\x51\x99\0\0\x93\x04\0\0\xc0\x06\0\0\x57\
\x99\0\0\xd6\x05\0\0\0\x07\0\0\x5f\x99\0\0\x93\x04\0\0\x40\x07\0\0\x6e\x99\0\0\
\xd7\x05\0\0\x80\x07\0\0\x74\x99\0\0\xd8\x05\0\0\xc0\x07\0\0\x7a\x99\0\0\x40\0\
\0\0\0\x08\0\0\x96\x99\0\0\x40\0\0\0\x08\x08\0\0\xb4\x99\0\0\x40\0\0\0\x10\x08\
\0\0\xd7\x99\0\0\x40\0\0\0\x18\x08\0\0\0\x9a\0\0\x40\0\0\0\x20\x08\0\0\x26\x9a\
\0\0\x02\0\0\0\x40\x08\0\0\x3c\x9a\0\0\x02\0\0\0\x60\x08\0\0\x51\x9a\0\0\xd9\
\x05\0\0\x80\x08\0\0\x60\x9a\0\0\x40\0\0\0\x20\x09\0\0\x6f\x9a\0\0\x40\0\0\0\
\x28\x09\0\0\x87\x9a\0\0\x40\0\0\0\x30\x09\0\0\x9d\x9a\0\0\x40\0\0\0\x38\x09\0\
\0\xb4\x9a\0\0\x40\0\0\0\x40\x09\0\0\xcb\x9a\0\0\x40\0\0\0\x48\x09\0\0\xe9\x9a\
\0\0\x40\0\0\0\x50\x09\0\0\x01\x9b\0\0\x40\0\0\0\x58\x09\0\0\x1a\x9b\0\0\x40\0\
\0\0\x60\x09\0\0\x2c\x9b\0\0\x40\0\0\0\x68\x09\0\0\x42\x9b\0\0\x40\0\0\0\x70\
\x09\0\0\x59\x9b\0\0\x40\0\0\0\x78\x09\0\0\x70\x9b\0\0\x40\0\0\0\x80\x09\0\0\
\x8b\x9b\0\0\x40\0\0\0\x88\x09\0\0\xa1\x9b\0\0\x40\0\0\0\x90\x09\0\0\xba\x9b\0\
\0\x02\0\0\0\xa0\x09\0\0\xd7\x9b\0\0\x40\0\0\0\xc0\x09\0\0\xee\x9b\0\0\x02\0\0\
\0\xe0\x09\0\0\x09\x9c\0\0\x02\0\0\0\0\x0a\0\0\x1d\x9c\0\0\x02\0\0\0\x20\x0a\0\
\0\x34\x9c\0\0\x02\0\0\0\x40\x0a\0\0\x4f\x9c\0\0\x14\0\0\0\x60\x0a\0\0\x69\x9c\
\0\0\x02\0\0\0\x80\x0a\0\0\x83\x9c\0\0\x02\0\0\0\xa0\x0a\0\0\x9e\x9c\0\0\x40\0\
\0\0\xc0\x0a\0\0\xba\x9c\0\0\x40\0\0\0\xc8\x0a\0\0\xd1\x9c\0\0\x40\0\0\0\xd0\
\x0a\0\0\xeb\x9c\0\0\x40\0\0\0\xd8\x0a\0\0\x01\x9d\0\0\x40\0\0\0\xe0\x0a\0\0\
\x18\x9d\0\0\x02\0\0\0\0\x0b\0\0\x2e\x9d\0\0\x40\0\0\0\x20\x0b\0\0\x42\x9d\0\0\
\x40\0\0\0\x28\x0b\0\0\x56\x9d\0\0\x40\0\0\0\x30\x0b\0\0\x70\x9d\0\0\x40\0\0\0\
\x38\x0b\0\0\x84\x9d\0\0\x02\0\0\0\x40\x0b\0\0\x9b\x9d\0\0\x16\0\0\0\x60\x0b\0\
\0\xb4\x9d\0\0\x40\0\0\0\x80\x0b\0\0\xc4\x9d\0\0\x40\0\0\0\x88\x0b\0\0\xde\x9d\
\0\0\x40\0\0\0\x90\x0b\0\0\xf4\x9d\0\0\x40\0\0\0\x98\x0b\0\0\x0d\x9e\0\0\x40\0\
\0\0\xa0\x0b\0\0\x21\x9e\0\0\x40\0\0\0\xa8\x0b\0\0\x41\x9e\0\0\x40\0\0\0\xb0\
\x0b\0\0\x62\x9e\0\0\x40\0\0\0\xb8\x0b\0\0\x7e\x9e\0\0\x40\0\0\0\xc0\x0b\0\0\
\x90\x9e\0\0\x40\0\0\0\xc8\x0b\0\0\xa3\x9e\0\0\x40\0\0\0\xd0\x0b\0\0\xc0\x9e\0\
\0\x40\0\0\0\xd8\x0b\0\0\xd0\x9e\0\0\x02\0\0\0\xe0\x0b\0\0\xea\x9e\0\0\x02\0\0\
\0\0\x0c\0\0\x03\x9f\0\0\x40\0\0\0\x20\x0c\0\0\x14\x9f\0\0\x40\0\0\0\x28\x0c\0\
\0\x27\x9f\0\0\x40\0\0\0\x30\x0c\0\0\x37\x9f\0\0\x40\0\0\0\x38\x0c\0\0\x51\x9f\
\0\0\x40\0\0\0\x40\x0c\0\0\x75\x9f\0\0\x40\0\0\0\x48\x0c\0\0\x90\x9f\0\0\x40\0\
\0\0\x50\x0c\0\0\xab\x9f\0\0\x40\0\0\0\x58\x0c\0\0\xd0\x9f\0\0\x02\0\0\0\x60\
\x0c\0\0\xee\x9f\0\0\x02\0\0\0\x80\x0c\0\0\x0d\xa0\0\0\x02\0\0\0\xa0\x0c\0\0\
\x25\xa0\0\0\x40\0\0\0\xc0\x0c\0\0\x3d\xa0\0\0\x40\0\0\0\xc8\x0c\0\0\x54\xa0\0\
\0\x40\0\0\0\xd0\x0c\0\0\x6b\xa0\0\0\x40\0\0\0\xd8\x0c\0\0\x83\xa0\0\0\x02\0\0\
\0\xe0\x0c\0\0\xa0\xa0\0\0\x02\0\0\0\0\x0d\0\0\xbb\xa0\0\0\x02\0\0\0\x20\x0d\0\
\0\xd6\xa0\0\0\xdc\x05\0\0\x40\x0d\0\0\xe6\xa0\0\0\xdc\x05\0\0\xa0\x0d\0\0\xf6\
\xa0\0\0\x0f\0\0\0\0\x0e\0\0\x14\xa1\0\0\x0f\0\0\0\x40\x0e\0\0\x32\xa1\0\0\x02\
\0\0\0\x80\x0e\0\0\x49\xa1\0\0\x02\0\0\0\xa0\x0e\0\0\x5d\xa1\0\0\xdd\x05\0\0\
\xc0\x0e\0\0\x74\xa1\0\0\xdf\x05\0\0\0\x0f\0\0\x85\xa1\0\0\x16\0\0\0\x40\x0f\0\
\0\xab\xa1\0\0\x1c\0\0\0\x60\x0f\0\0\xc4\xa1\0\0\x0f\0\0\0\x80\x0f\0\0\xdd\xa1\
\0\0\x02\0\0\0\xc0\x0f\0\0\xf1\xa1\0\0\x02\0\0\0\xe0\x0f\0\0\x05\xa2\0\0\x40\0\
\0\0\0\x10\0\0\x26\xa2\0\0\x40\0\0\0\x08\x10\0\0\x3e\xa2\0\0\x02\0\0\0\x20\x10\
\0\0\x5a\xa2\0\0\x02\0\0\0\x40\x10\0\0\x6e\xa2\0\0\x02\0\0\0\x60\x10\0\0\x7e\
\xa2\0\0\xe0\x05\0\0\x80\x10\0\0\x8f\xa2\0\0\x1c\0\0\0\0\x11\0\0\x9e\xa2\0\0\
\x1f\x02\0\0\x40\x11\0\0\xba\xa2\0\0\x02\0\0\0\x80\x11\0\0\xce\xa2\0\0\xe2\x05\
\0\0\xc0\x11\0\0\xd2\xa2\0\0\x14\0\0\0\0\x12\0\0\xf3\xa2\0\0\x40\0\0\0\x20\x12\
\0\0\x12\xa3\0\0\x40\0\0\0\x28\x12\0\0\x33\xa3\0\0\xe3\x05\0\0\x40\x12\0\0\x40\
\xa3\0\0\x16\0\0\0\x80\x12\0\0\x48\xa3\0\0\xe3\x05\0\0\xc0\x12\0\0\x5a\xa3\0\0\
\x16\0\0\0\0\x13\0\0\x63\xa3\0\0\x1c\0\0\0\x20\x13\0\0\x6c\xa3\0\0\xf0\x05\0\0\
\x40\x13\0\0\x76\xa3\0\0\x04\0\0\x04\x50\0\0\0\x8e\xa3\0\0\x1c\0\0\0\0\0\0\0\
\x97\xa3\0\0\xc5\x05\0\0\x20\0\0\0\xe1\x95\0\0\xa0\x05\0\0\0\x02\0\0\x9e\xa3\0\
\0\x02\0\0\0\x40\x02\0\0\0\0\0\0\0\0\0\x03\0\0\0\0\xc4\0\0\0\x04\0\0\0\x3c\0\0\
\0\xb4\xa3\0\0\x0a\0\0\x04\x40\x02\0\0\xc2\xa3\0\0\xc7\x05\0\0\0\0\0\0\xc8\xa3\
\0\0\xc8\x05\0\0\x40\0\0\0\xd4\xa3\0\0\x16\0\0\0\x80\0\0\0\xdf\xa3\0\0\x16\0\0\
\0\xa0\0\0\0\xf0\xa3\0\0\x47\x02\0\0\xc0\0\0\0\x03\xa4\0\0\xc9\x05\0\0\0\x01\0\
\0\x09\xa4\0\0\x16\0\0\0\x40\x01\0\0\x14\xa4\0\0\x16\0\0\0\x60\x01\0\0\x20\xa4\
\0\0\xca\x05\0\0\x80\x01\0\0\x27\xa4\0\0\xce\x05\0\0\0\x02\0\0\0\0\0\0\0\0\0\
\x02\x5a\x07\0\0\0\0\0\0\0\0\0\x02\x8a\0\0\0\0\0\0\0\0\0\0\x02\x5b\x07\0\0\0\0\
\0\0\0\0\0\x02\xcb\x05\0\0\x36\xa4\0\0\x03\0\0\x04\x10\0\0\0\x73\x10\0\0\x8a\0\
\0\0\0\0\0\0\xd9\x0a\0\0\x16\0\0\0\x20\0\0\0\0\0\0\0\xcc\x05\0\0\x40\0\0\0\0\0\
\0\0\x02\0\0\x05\x08\0\0\0\xbc\x1c\0\0\xe0\0\0\0\0\0\0\0\x4d\xa4\0\0\xcd\x05\0\
\0\0\0\0\0\x58\xa4\0\0\x01\0\0\x04\x08\0\0\0\x94\x1c\0\0\xae\x04\0\0\0\0\0\0\0\
\0\0\0\0\0\0\x03\0\0\0\0\xcb\x05\0\0\x04\0\0\0\x20\0\0\0\0\0\0\0\0\0\0\x02\xd0\
\x05\0\0\x69\xa4\0\0\x03\0\0\x04\x90\0\0\0\x76\xa4\0\0\x19\0\0\0\0\0\0\0\x47\
\x13\0\0\xd1\x05\0\0\x40\0\0\0\x02\x12\0\0\x73\0\0\0\x40\x04\0\0\0\0\0\0\0\0\0\
\x03\0\0\0\0\x02\0\0\0\x04\0\0\0\x20\0\0\0\0\0\0\0\0\0\0\x02\x7a\x07\0\0\0\0\0\
\0\0\0\0\x02\x5e\x06\0\0\0\0\0\0\0\0\0\x02\xd5\x05\0\0\x7d\xa4\0\0\x06\0\0\x04\
\x30\0\0\0\x87\xa4\0\0\xe8\0\0\0\0\0\0\0\x90\xa4\0\0\x14\0\0\0\x80\0\0\0\x96\
\xa4\0\0\x02\0\0\0\xa0\0\0\0\x87\x12\0\0\x62\0\0\0\xc0\0\0\0\xa5\xa4\0\0\x1f\
\x02\0\0\x40\x01\0\0\xad\xa4\0\0\xba\0\0\0\x80\x01\0\0\0\0\0\0\0\0\0\x02\x93\
\x04\0\0\0\0\0\0\0\0\0\x02\x1b\x06\0\0\0\0\0\0\0\0\0\x02\x1c\x06\0\0\xb4\xa4\0\
\0\x03\0\0\x04\x14\0\0\0\x73\x10\0\0\xda\x05\0\0\0\0\0\0\xc0\xa4\0\0\x11\x04\0\
\0\x40\0\0\0\xc6\xa4\0\0\x77\0\0\0\x80\0\0\0\xcd\xa4\0\0\0\0\0\x08\xdb\x05\0\0\
\0\0\0\0\x02\0\0\x04\x08\0\0\0\x1e\x1a\0\0\xa2\x01\0\0\0\0\0\0\x73\x10\0\0\x8a\
\0\0\0\x20\0\0\0\0\0\0\0\0\0\0\x03\0\0\0\0\x02\0\0\0\x04\0\0\0\x03\0\0\0\0\0\0\
\0\0\0\0\x02\xde\x05\0\0\0\0\0\0\0\0\0\x0a\x7c\x07\0\0\0\0\0\0\0\0\0\x02\x7d\
\x07\0\0\x7e\xa2\0\0\x02\0\0\x04\x10\0\0\0\x73\x10\0\0\xda\x05\0\0\0\0\0\0\xc0\
\xa4\0\0\xe1\x05\0\0\x40\0\0\0\0\0\0\0\0\0\0\x03\0\0\0\0\xf3\0\0\0\x04\0\0\0\
\x02\0\0\0\0\0\0\0\0\0\0\x02\x7e\x07\0\0\0\0\0\0\0\0\0\x02\xe4\x05\0\0\xd7\xa4\
\0\0\x06\0\0\x04\x40\0\0\0\x76\x82\0\0\x02\0\0\0\0\0\0\0\x8b\x12\0\0\x2c\0\0\0\
\x40\0\0\0\xe8\xa4\0\0\xe5\x05\0\0\xc0\0\0\0\xf5\xa4\0\0\xe7\x05\0\0\0\x01\0\0\
\xad\x18\0\0\xcc\x01\0\0\x40\x01\0\0\x87\x12\0\0\x62\0\0\0\x80\x01\0\0\0\0\0\0\
\0\0\0\x02\xe6\x05\0\0\0\0\0\0\x01\0\0\x0d\x16\0\0\0\0\0\0\0\x37\x03\0\0\0\0\0\
\0\0\0\0\x02\xe8\x05\0\0\0\0\0\0\x03\0\0\x0d\x02\0\0\0\0\0\0\0\x37\x03\0\0\0\0\
\0\0\x99\x03\0\0\0\0\0\0\xe9\x05\0\0\0\0\0\0\0\0\0\x02\xea\x05\0\0\xfe\xa4\0\0\
\x05\0\0\x04\x30\0\0\0\x0e\xa5\0\0\xc2\0\0\0\0\0\0\0\x13\xa5\0\0\xeb\x05\0\0\
\x40\0\0\0\x9c\x01\0\0\xed\x05\0\0\x80\0\0\0\x1c\xa5\0\0\xef\x05\0\0\xc0\0\0\0\
\x23\xa5\0\0\x40\0\0\0\x60\x01\0\0\0\0\0\0\0\0\0\x02\xec\x05\0\0\0\0\0\0\0\0\0\
\x0a\x80\x06\0\0\0\0\0\0\0\0\0\x02\xee\x05\0\0\0\0\0\0\0\0\0\x0a\x8b\x06\0\0\0\
\0\0\0\0\0\0\x03\0\0\0\0\x40\0\0\0\x04\0\0\0\x14\0\0\0\x2e\xa5\0\0\0\0\0\x08\
\xf1\x05\0\0\0\0\0\0\x01\0\0\x04\x10\0\0\0\x5a\x1e\0\0\x15\x03\0\0\0\0\0\0\x3c\
\xa5\0\0\x25\0\0\x04\xc0\x02\0\0\x47\xa5\0\0\xf3\x05\0\0\0\0\0\0\x76\xa4\0\0\
\x16\x06\0\0\0\x06\0\0\xa0\x98\0\0\x18\x06\0\0\xc0\x0b\0\0\xac\x98\0\0\x18\x06\
\0\0\0\x0c\0\0\x6e\x99\0\0\xd7\x05\0\0\x40\x0c\0\0\x74\x99\0\0\xd8\x05\0\0\x80\
\x0c\0\0\x53\xa5\0\0\x1e\x06\0\0\xc0\x0c\0\0\x63\xa5\0\0\x1f\x06\0\0\0\x0d\0\0\
\x72\xa5\0\0\x20\x06\0\0\x40\x0d\0\0\x7c\xa5\0\0\xb9\x01\0\0\x80\x0d\0\0\x42\
\x99\0\0\xa4\0\0\0\xc0\x0e\0\0\x8a\xa5\0\0\x21\x06\0\0\0\x0f\0\0\x98\xa5\0\0\
\x2c\0\0\0\x40\x0f\0\0\xa5\xa5\0\0\x94\0\0\0\xc0\x0f\0\0\xb6\xa5\0\0\x8a\0\0\0\
\0\x10\0\0\xc3\xa5\0\0\x1c\0\0\0\x20\x10\0\0\xd4\xa5\0\0\x0f\0\0\0\x40\x10\0\0\
\xe3\xa5\0\0\x42\0\0\0\x80\x10\0\0\xf6\xa5\0\0\x77\0\0\0\x88\x10\0\0\x0c\xa6\0\
\0\x16\0\0\0\xa0\x10\0\0\x29\xa6\0\0\x1f\x06\0\0\xc0\x10\0\0\x3c\xa6\0\0\x1f\
\x06\0\0\0\x11\0\0\x4f\xa6\0\0\x21\x06\0\0\x40\x11\0\0\x5e\xa6\0\0\xd3\x05\0\0\
\x80\x11\0\0\x57\x99\0\0\xd6\x05\0\0\xc0\x11\0\0\x6d\xa6\0\0\x93\x04\0\0\0\x12\
\0\0\x76\xa6\0\0\x93\x04\0\0\x40\x12\0\0\x7d\xa6\0\0\x93\x04\0\0\x80\x12\0\0\
\x5f\x99\0\0\x93\x04\0\0\xc0\x12\0\0\x8f\xa2\0\0\x1c\0\0\0\0\x13\0\0\x85\xa6\0\
\0\x1c\0\0\0\x20\x13\0\0\x91\xa6\0\0\x93\x06\0\0\x40\x13\0\0\x33\xa3\0\0\xe3\
\x05\0\0\x80\x13\0\0\x9b\xa6\0\0\xe3\x05\0\0\xc0\x13\0\0\x5a\xa3\0\0\x16\0\0\0\
\0\x14\0\0\xae\xa6\0\0\x94\x06\0\0\x40\x14\0\0\xbf\xa6\0\0\x95\x06\0\0\xc0\x14\
\0\0\xca\xa6\0\0\x12\0\0\x04\xc0\0\0\0\x76\x82\0\0\x24\0\0\0\0\0\0\0\xd2\xa6\0\
\0\x16\0\0\0\x20\0\0\0\xdc\xa6\0\0\xf4\x05\0\0\x40\0\0\0\x45\x21\0\0\xf6\x05\0\
\0\x80\0\0\0\xdf\xa6\0\0\xf8\x05\0\0\xc0\0\0\0\xc2\x85\0\0\xf8\x05\0\0\0\x01\0\
\0\xee\xa6\0\0\xfc\x05\0\0\x40\x01\0\0\xcf\x1f\0\0\xfe\x05\0\0\x80\x01\0\0\xfa\
\xa6\0\0\0\x06\0\0\xc0\x01\0\0\x01\xa7\0\0\x02\x06\0\0\0\x02\0\0\x11\xa7\0\0\
\xc0\x04\0\0\x40\x02\0\0\x1e\xa7\0\0\x04\x06\0\0\x80\x02\0\0\x2a\xa7\0\0\x06\
\x06\0\0\xc0\x02\0\0\x33\xa7\0\0\x5c\x05\0\0\0\x03\0\0\x3d\xa7\0\0\x08\x06\0\0\
\x40\x03\0\0\x4a\xa7\0\0\x14\x06\0\0\x80\x03\0\0\x58\xa7\0\0\x47\x02\0\0\xc0\
\x03\0\0\x64\xa7\0\0\x56\x02\0\0\0\x04\0\0\0\0\0\0\0\0\0\x02\xf5\x05\0\0\0\0\0\
\0\x01\0\0\x0d\x02\0\0\0\0\0\0\0\x58\x05\0\0\0\0\0\0\0\0\0\x02\xf7\x05\0\0\0\0\
\0\0\x02\0\0\x0d\xe1\x04\0\0\0\0\0\0\xe1\x04\0\0\0\0\0\0\x15\0\0\0\0\0\0\0\0\0\
\0\x02\xf9\x05\0\0\0\0\0\0\x01\0\0\x0d\x16\0\0\0\0\0\0\0\xfa\x05\0\0\0\0\0\0\0\
\0\0\x02\xfb\x05\0\0\0\0\0\0\0\0\0\x0a\xe2\x04\0\0\0\0\0\0\0\0\0\x02\xfd\x05\0\
\0\0\0\0\0\x02\0\0\x0d\xd3\0\0\0\0\0\0\0\xe1\x04\0\0\0\0\0\0\x0f\0\0\0\0\0\0\0\
\0\0\0\x02\xff\x05\0\0\0\0\0\0\x01\0\0\x0d\0\0\0\0\0\0\0\0\xe1\x04\0\0\0\0\0\0\
\0\0\0\x02\x01\x06\0\0\0\0\0\0\x03\0\0\x0d\0\0\0\0\0\0\0\0\xe1\x04\0\0\0\0\0\0\
\xba\x04\0\0\0\0\0\0\x02\0\0\0\0\0\0\0\0\0\0\x02\x03\x06\0\0\0\0\0\0\x01\0\0\
\x0d\xe1\x04\0\0\0\0\0\0\xe1\x04\0\0\0\0\0\0\0\0\0\x02\x05\x06\0\0\0\0\0\0\x05\
\0\0\x0d\0\0\0\0\0\0\0\0\xe1\x04\0\0\0\0\0\0\x93\x04\0\0\0\0\0\0\xb5\x04\0\0\0\
\0\0\0\x14\0\0\0\0\0\0\0\x77\0\0\0\0\0\0\0\0\0\0\x02\x07\x06\0\0\0\0\0\0\x03\0\
\0\x0d\0\0\0\0\0\0\0\0\xe1\x04\0\0\0\0\0\0\x93\x04\0\0\0\0\0\0\xb5\x04\0\0\0\0\
\0\0\0\0\0\x02\x09\x06\0\0\0\0\0\0\x03\0\0\x0d\x0a\x06\0\0\0\0\0\0\xfa\x05\0\0\
\0\0\0\0\xb5\x04\0\0\0\0\0\0\x17\0\0\0\0\0\0\0\0\0\0\x02\x0b\x06\0\0\x72\xa7\0\
\0\x1a\0\0\x04\x60\x01\0\0\x60\x0b\0\0\x0a\x06\0\0\0\0\0\0\x77\x60\0\0\x0c\x06\
\0\0\x40\0\0\0\x7c\xa7\0\0\x0d\x06\0\0\x80\0\0\0\x82\xa7\0\0\x0f\0\0\0\xc0\0\0\
\0\x8c\xa7\0\0\x0f\0\0\0\0\x01\0\0\x73\x10\0\0\x94\0\0\0\x40\x01\0\0\xe2\x12\0\
\0\x1a\0\0\0\x80\x01\0\0\x94\xa7\0\0\x16\0\0\0\xa0\x01\0\0\xa8\xa7\0\0\xb4\x04\
\0\0\xc0\x01\0\0\x80\x54\0\0\xb9\x01\0\0\x80\x02\0\0\x1b\x24\0\0\x0f\0\0\0\xc0\
\x03\0\0\xb2\xa7\0\0\x1c\0\0\0\0\x04\0\0\xac\0\0\0\x41\0\0\0\x20\x04\0\0\xb9\
\xa7\0\0\x41\0\0\0\x28\x04\0\0\x19\0\0\0\x41\0\0\0\x30\x04\0\0\xff\x50\0\0\x41\
\0\0\0\x38\x04\0\0\x9e\x80\0\0\x40\0\0\0\x40\x04\0\0\xc3\xa7\0\0\xda\x05\0\0\
\x60\x04\0\0\xcb\xa7\0\0\xa4\x03\0\0\xc0\x04\0\0\xce\xa7\0\0\x0e\x06\0\0\xc0\
\x05\0\0\xb5\x84\0\0\x10\x06\0\0\x40\x09\0\0\xb2\x23\0\0\x12\x06\0\0\x80\x09\0\
\0\xd1\xa7\0\0\x2c\0\0\0\xc0\x09\0\0\x87\x12\0\0\x62\0\0\0\x40\x0a\0\0\x8c\x2b\
\0\0\xba\x04\0\0\xc0\x0a\0\0\xd9\xa7\0\0\xac\x05\0\0\0\x0b\0\0\0\0\0\0\0\0\0\
\x02\x42\x06\0\0\0\0\0\0\0\0\0\x02\x3f\x06\0\0\xe5\xa7\0\0\x03\0\0\x04\x70\0\0\
\0\xee\xa7\0\0\x16\0\0\0\0\0\0\0\xf5\xa7\0\0\xda\x05\0\0\x20\0\0\0\xfd\xa7\0\0\
\x0f\x06\0\0\x80\0\0\0\0\0\0\0\0\0\0\x03\0\0\0\0\x0f\0\0\0\x04\0\0\0\x0c\0\0\0\
\0\0\0\0\0\0\0\x02\x11\x06\0\0\0\0\0\0\x02\0\0\x0d\x02\0\0\0\0\0\0\0\x0a\x06\0\
\0\0\0\0\0\xb5\x04\0\0\0\0\0\0\0\0\0\x02\x13\x06\0\0\0\0\0\0\0\0\0\x0a\x11\x07\
\0\0\0\0\0\0\0\0\0\x02\x15\x06\0\0\0\0\0\0\x02\0\0\x0d\0\0\0\0\0\0\0\0\xfa\x05\
\0\0\0\0\0\0\x17\0\0\0\x05\xa8\0\0\x28\0\0\x04\xb8\0\0\0\x17\xa8\0\0\x7c\x01\0\
\0\0\0\0\0\x8c\x98\0\0\x7c\x01\0\0\x40\0\0\0\x1b\xa8\0\0\x7c\x01\0\0\x80\0\0\0\
\x79\x98\0\0\x7c\x01\0\0\xc0\0\0\0\x24\xa8\0\0\x7c\x01\0\0\0\x01\0\0\x2e\xa8\0\
\0\x02\0\0\0\x40\x01\0\0\x3a\xa8\0\0\x02\0\0\0\x60\x01\0\0\x4a\xa8\0\0\x02\0\0\
\0\x80\x01\0\0\x61\xa8\0\0\x02\0\0\0\xa0\x01\0\0\x73\xa8\0\0\x02\0\0\0\xc0\x01\
\0\0\x86\xa8\0\0\x02\0\0\0\xe0\x01\0\0\x9b\xa8\0\0\x02\0\0\0\0\x02\0\0\xae\xa8\
\0\0\x02\0\0\0\x20\x02\0\0\xc0\xa8\0\0\x14\0\0\0\x40\x02\0\0\xd6\xa8\0\0\x40\0\
\0\0\x60\x02\0\0\xec\xa8\0\0\x40\0\0\0\x68\x02\0\0\xf7\xa8\0\0\x40\0\0\0\x70\
\x02\0\0\x0d\xa9\0\0\x40\0\0\0\x78\x02\0\0\x1d\xa9\0\0\x02\0\0\0\x80\x02\0\0\
\x29\xa9\0\0\x40\0\0\0\xa0\x02\0\0\x40\xa9\0\0\x40\0\0\0\xa8\x02\0\0\x5d\xa9\0\
\0\x40\0\0\0\xb0\x02\0\0\x78\xa9\0\0\x17\x06\0\0\xc0\x02\0\0\x88\xa9\0\0\x1f\
\x02\0\0\xc0\x03\0\0\x9c\xa9\0\0\x40\0\0\0\0\x04\0\0\xb3\xa9\0\0\x40\0\0\0\x08\
\x04\0\0\xc4\xa9\0\0\x40\0\0\0\x10\x04\0\0\xd3\xa9\0\0\x40\0\0\0\x18\x04\0\0\
\xea\xa9\0\0\x02\0\0\0\x20\x04\0\0\xf8\xa9\0\0\x02\0\0\0\x40\x04\0\0\x04\xaa\0\
\0\x02\0\0\0\x60\x04\0\0\x16\xaa\0\0\x02\0\0\0\x80\x04\0\0\x27\xaa\0\0\x02\0\0\
\0\xa0\x04\0\0\x38\xaa\0\0\x02\0\0\0\xc0\x04\0\0\x49\xaa\0\0\x02\0\0\0\xe0\x04\
\0\0\x5a\xaa\0\0\x02\0\0\0\0\x05\0\0\x69\xaa\0\0\x14\0\0\0\x20\x05\0\0\x72\xaa\
\0\0\x10\0\0\0\x40\x05\0\0\x80\xaa\0\0\x77\0\0\0\x80\x05\0\0\x98\xaa\0\0\x40\0\
\0\0\x88\x05\0\0\0\0\0\0\0\0\0\x03\0\0\0\0\x0f\0\0\0\x04\0\0\0\x04\0\0\0\0\0\0\
\0\0\0\0\x02\x19\x06\0\0\xb2\xaa\0\0\x36\0\0\x04\xf0\0\0\0\xbf\xaa\0\0\xff\0\0\
\0\0\0\0\0\xca\xaa\0\0\xff\0\0\0\x20\0\0\0\xd4\xaa\0\0\xff\0\0\0\x40\0\0\0\xd9\
\xaa\0\0\xff\0\0\0\x60\0\0\0\xe3\xaa\0\0\xff\0\0\0\x80\0\0\0\xf4\xaa\0\0\xff\0\
\0\0\xa0\0\0\0\xfd\xaa\0\0\xff\0\0\0\xc0\0\0\0\x0b\xab\0\0\xff\0\0\0\xe0\0\0\0\
\x18\xab\0\0\xff\0\0\0\0\x01\0\0\x2d\xab\0\0\xff\0\0\0\x20\x01\0\0\x46\xab\0\0\
\xff\0\0\0\x40\x01\0\0\x58\xab\0\0\xff\0\0\0\x60\x01\0\0\x6a\xab\0\0\xff\0\0\0\
\x80\x01\0\0\x8c\xab\0\0\xff\0\0\0\xa0\x01\0\0\xae\xab\0\0\xff\0\0\0\xc0\x01\0\
\0\xbb\xab\0\0\xff\0\0\0\xe0\x01\0\0\xca\xab\0\0\xff\0\0\0\0\x02\0\0\xdc\xab\0\
\0\xff\0\0\0\x20\x02\0\0\xec\xab\0\0\xff\0\0\0\x40\x02\0\0\xfe\xab\0\0\xff\0\0\
\0\x60\x02\0\0\x0c\xac\0\0\xff\0\0\0\x80\x02\0\0\x1d\xac\0\0\x15\0\0\0\xa0\x02\
\0\0\x2e\xac\0\0\xff\0\0\0\xc0\x02\0\0\x46\xac\0\0\xff\0\0\0\xe0\x02\0\0\x56\
\xac\0\0\xff\0\0\0\0\x03\0\0\x72\xac\0\0\xff\0\0\0\x20\x03\0\0\x85\xac\0\0\xff\
\0\0\0\x40\x03\0\0\x98\xac\0\0\xff\0\0\0\x60\x03\0\0\xb3\xac\0\0\xff\0\0\0\x80\
\x03\0\0\xce\xac\0\0\xff\0\0\0\xa0\x03\0\0\xe1\xac\0\0\xff\0\0\0\xc0\x03\0\0\
\xeb\xac\0\0\xff\0\0\0\xe0\x03\0\0\xff\xac\0\0\xff\0\0\0\0\x04\0\0\x14\xad\0\0\
\xff\0\0\0\x20\x04\0\0\x21\xad\0\0\xff\0\0\0\x40\x04\0\0\x3e\xad\0\0\xff\0\0\0\
\x60\x04\0\0\x49\xad\0\0\xff\0\0\0\x80\x04\0\0\x55\xad\0\0\xff\0\0\0\xa0\x04\0\
\0\x62\xad\0\0\xff\0\0\0\xc0\x04\0\0\x76\xad\0\0\xff\0\0\0\xe0\x04\0\0\x84\xad\
\0\0\xff\0\0\0\0\x05\0\0\x98\xad\0\0\x1a\x06\0\0\x20\x05\0\0\xa6\xad\0\0\xff\0\
\0\0\xc0\x05\0\0\xb9\xad\0\0\xff\0\0\0\xe0\x05\0\0\xcb\xad\0\0\xff\0\0\0\0\x06\
\0\0\xd8\xad\0\0\x15\0\0\0\x20\x06\0\0\xe5\xad\0\0\x15\0\0\0\x40\x06\0\0\xf3\
\xad\0\0\xff\0\0\0\x60\x06\0\0\x02\xae\0\0\xff\0\0\0\x80\x06\0\0\x0f\xae\0\0\
\xff\0\0\0\xa0\x06\0\0\x69\xaa\0\0\x15\0\0\0\xc0\x06\0\0\x72\xaa\0\0\x15\0\0\0\
\xe0\x06\0\0\x1f\xae\0\0\x41\0\0\0\0\x07\0\0\x2d\xae\0\0\x7c\x01\0\0\x40\x07\0\
\0\x3b\xae\0\0\x02\0\0\x04\x14\0\0\0\x4e\xae\0\0\x77\0\0\0\0\0\0\0\x5a\xae\0\0\
\xa5\x04\0\0\x20\0\0\0\x61\xae\0\0\x03\0\0\x04\x18\0\0\0\xe0\x0f\0\0\x36\0\0\0\
\0\0\0\0\x73\x10\0\0\xda\x05\0\0\x40\0\0\0\xd4\x53\0\0\x02\0\0\0\x80\0\0\0\x74\
\x99\0\0\x0b\0\0\x04\x40\x01\0\0\x70\xae\0\0\x44\0\0\0\0\0\0\0\x7c\xae\0\0\x44\
\0\0\0\x40\0\0\0\x0d\x11\0\0\x02\0\0\0\x80\0\0\0\x87\xae\0\0\x02\0\0\0\xa0\0\0\
\0\x90\xae\0\0\x1d\x06\0\0\xc0\0\0\0\x33\x72\0\0\x37\x03\0\0\0\x01\0\0\xff\x50\
\0\0\x77\0\0\0\x40\x01\0\0\x6c\x60\0\0\x87\x03\0\0\0\x02\0\0\x92\xae\0\0\x5a\0\
\0\0\0\x08\0\0\x10\x13\0\0\x59\0\0\0\x40\x08\0\0\x96\xae\0\0\x1f\0\0\0\x40\x09\
\0\0\0\0\0\0\0\0\0\x02\x7b\x07\0\0\0\0\0\0\0\0\0\x02\x23\x06\0\0\0\0\0\0\0\0\0\
\x02\x22\x06\0\0\0\0\0\0\0\0\0\x02\x7f\x07\0\0\0\0\0\0\0\0\0\x02\x24\x06\0\0\
\xa0\xae\0\0\x0b\0\0\x04\xe8\0\0\0\x51\x0b\0\0\xe2\x04\0\0\0\0\0\0\xed\x20\0\0\
\x1e\x06\0\0\x80\x03\0\0\xa9\xae\0\0\x02\0\0\0\xc0\x03\0\0\xb0\xae\0\0\x29\x06\
\0\0\xe0\x03\0\0\xb9\xae\0\0\x29\x06\0\0\x80\x04\0\0\xc2\xae\0\0\xa5\x04\0\0\
\x20\x05\0\0\xcf\xae\0\0\x0e\x05\0\0\xc0\x05\0\0\xd9\xae\0\0\x14\0\0\0\0\x06\0\
\0\xe4\xae\0\0\x2c\0\0\0\x40\x06\0\0\xf2\xae\0\0\x33\x06\0\0\xc0\x06\0\0\x05\
\xaf\0\0\x24\0\0\0\0\x07\0\0\x17\xaf\0\0\x1a\0\0\x84\xa8\0\0\0\x21\xaf\0\0\x21\
\x06\0\0\0\0\0\0\x2c\xaf\0\0\x1e\x06\0\0\x40\0\0\0\x36\xaf\0\0\x26\x06\0\0\x80\
\0\0\0\0\0\0\0\x27\x06\0\0\xc0\0\0\0\x40\xaf\0\0\x16\0\0\0\x40\x01\0\0\x4f\xaf\
\0\0\x1a\0\0\0\x60\x01\0\0\x2f\x12\0\0\x0f\0\0\0\x80\x01\0\0\x58\xaf\0\0\x28\
\x06\0\0\xc0\x01\0\0\x65\xaf\0\0\x29\x06\0\0\0\x02\0\0\x6e\xaf\0\0\x14\0\0\0\
\xa0\x02\0\0\x79\xaf\0\0\x29\x06\0\0\xc0\x02\0\0\x82\xaf\0\0\x29\x06\0\0\x60\
\x03\0\0\x8f\xaf\0\0\x14\0\0\0\0\x04\0\0\x9b\xaf\0\0\x40\0\0\0\x20\x04\0\0\xa9\
\xaf\0\0\x40\0\0\0\x28\x04\0\0\xb3\xaf\0\0\x40\0\0\0\x30\x04\0\0\xbb\xaf\0\0\
\x40\0\0\0\x38\x04\0\0\xc0\xaf\0\0\x40\0\0\0\x40\x04\0\0\xcf\xaf\0\0\x40\0\0\0\
\x48\x04\0\x01\xdc\xaf\0\0\x40\0\0\0\x49\x04\0\x01\xe8\xaf\0\0\x40\0\0\0\x4a\
\x04\0\x01\xf5\xaf\0\0\x40\0\0\0\x4b\x04\0\x01\x05\xb0\0\0\x40\0\0\0\x4c\x04\0\
\x04\x87\x12\0\0\x62\0\0\0\x80\x04\0\0\x0c\xb0\0\0\x2a\x06\0\0\0\x05\0\0\x0f\
\xb0\0\0\x37\x06\0\0\x40\x05\0\0\x21\xaf\0\0\x07\0\0\x04\x78\0\0\0\x17\xb0\0\0\
\xe8\0\0\0\0\0\0\0\x21\xb0\0\0\x14\0\0\0\x80\0\0\0\x28\xb0\0\0\x8a\0\0\0\xa0\0\
\0\0\x31\xb0\0\0\x25\x06\0\0\xc0\0\0\0\x3a\xb0\0\0\x1b\x06\0\0\xc0\x02\0\0\xac\
\0\0\0\x16\0\0\0\x80\x03\0\0\x40\xa3\0\0\x16\0\0\0\xa0\x03\0\0\x36\xaf\0\0\x09\
\0\0\x04\x40\0\0\0\xa2\x04\0\0\x26\x06\0\0\0\0\0\0\x44\xb0\0\0\x26\x06\0\0\x40\
\0\0\0\x49\xb0\0\0\x26\x06\0\0\x80\0\0\0\x4f\xb0\0\0\x1e\x06\0\0\xc0\0\0\0\x54\
\xb0\0\0\x23\0\0\0\0\x01\0\0\x5b\xb0\0\0\x23\0\0\0\x10\x01\0\0\x64\xb0\0\0\x02\
\0\0\0\x20\x01\0\0\x6e\xb0\0\0\x1e\x06\0\0\x40\x01\0\0\x87\x12\0\0\x62\0\0\0\
\x80\x01\0\0\0\0\0\0\0\0\0\x02\x25\x06\0\0\0\0\0\0\x02\0\0\x05\x10\0\0\0\x75\
\xb0\0\0\x2c\0\0\0\0\0\0\0\x83\xb0\0\0\x2c\0\0\0\0\0\0\0\0\0\0\0\0\0\0\x02\x2f\
\x07\0\0\x8b\xb0\0\0\x02\0\0\x04\x14\0\0\0\xbd\x3d\0\0\xa5\x04\0\0\0\0\0\0\x92\
\xb0\0\0\x02\0\0\0\x80\0\0\0\0\0\0\0\0\0\0\x02\x30\x07\0\0\x0f\xb0\0\0\x04\0\0\
\x04\x60\0\0\0\x97\xb0\0\0\x2c\x06\0\0\0\0\0\0\xa1\xb0\0\0\x0f\0\0\0\x40\x02\0\
\0\xac\xb0\0\0\x35\x06\0\0\x80\x02\0\0\xb6\xb0\0\0\x36\x06\0\0\xc0\x02\0\0\xcc\
\xb0\0\0\x0d\0\0\x04\x48\0\0\0\xda\xb0\0\0\xba\x04\0\0\0\0\0\0\xe2\xb0\0\0\x02\
\0\0\0\x40\0\0\0\xea\xb0\0\0\x42\0\0\0\x60\0\0\0\xf4\xb0\0\0\x40\0\0\0\x68\0\0\
\0\xff\xb0\0\0\x40\0\0\0\x70\0\0\0\x0d\xb1\0\0\x42\0\0\0\x78\0\0\0\x17\xb1\0\0\
\x5e\x05\0\0\x80\0\0\0\x24\xb1\0\0\x2e\x06\0\0\xc0\0\0\0\x2b\xb1\0\0\x02\0\0\0\
\x40\x01\0\0\x36\xb1\0\0\x1c\0\0\0\x60\x01\0\0\x46\xb1\0\0\x2f\x06\0\0\x80\x01\
\0\0\x5a\xb1\0\0\x30\x06\0\0\xc0\x01\0\0\x68\xb1\0\0\x34\x06\0\0\0\x02\0\0\x77\
\xb1\0\0\x08\0\0\x04\x30\0\0\0\x19\0\0\0\x23\0\0\0\0\0\0\0\xac\0\0\0\x23\0\0\0\
\x10\0\0\0\x86\xb1\0\0\x23\0\0\0\x20\0\0\0\xe2\x12\0\0\x1c\0\0\0\x40\0\0\0\x8f\
\xb1\0\0\x5c\x05\0\0\x80\0\0\0\x9b\xb1\0\0\x5a\x05\0\0\xc0\0\0\0\x87\x12\0\0\
\x62\0\0\0\0\x01\0\0\x47\x13\0\0\xc2\x04\0\0\x80\x01\0\0\0\0\0\0\x02\0\0\x05\
\x10\0\0\0\x55\x73\0\0\x99\x04\0\0\0\0\0\0\x5a\x73\0\0\xa5\x04\0\0\0\0\0\0\0\0\
\0\0\0\0\0\x02\x30\x06\0\0\0\0\0\0\0\0\0\x02\x31\x06\0\0\xa6\xb1\0\0\x0d\0\0\
\x84\xb0\0\0\0\x51\x0b\0\0\xe2\x04\0\0\0\0\0\0\x63\xa3\0\0\x02\0\0\0\x80\x03\0\
\0\xad\xb1\0\0\x16\0\0\0\xa0\x03\0\0\xb6\xb1\0\0\x23\0\0\0\xc0\x03\0\0\xbe\xb1\
\0\0\x41\0\0\0\xd0\x03\0\0\xca\xb1\0\0\x41\0\0\0\xd8\x03\0\0\xda\xb1\0\0\x02\0\
\0\0\xe0\x03\0\0\xe1\xb1\0\0\x40\0\0\0\0\x04\0\0\0\0\0\0\x32\x06\0\0\x20\x04\0\
\0\xee\xb1\0\0\x14\0\0\0\xa0\x04\0\x01\xfc\xb1\0\0\x14\0\0\0\xa1\x04\0\x1f\x04\
\xb2\0\0\x2c\0\0\0\xc0\x04\0\0\x10\xb2\0\0\x33\x06\0\0\x40\x05\0\0\0\0\0\0\x02\
\0\0\x05\x10\0\0\0\x21\xb2\0\0\x99\x04\0\0\0\0\0\0\x28\xb2\0\0\xa5\x04\0\0\0\0\
\0\0\0\0\0\0\0\0\0\x02\x5d\x06\0\0\0\0\0\0\0\0\0\x02\x34\x07\0\0\0\0\0\0\0\0\0\
\x02\x1f\x06\0\0\0\0\0\0\0\0\0\x02\x35\x07\0\0\0\0\0\0\0\0\0\x03\0\0\0\0\x2b\
\x06\0\0\x04\0\0\0\0\0\0\0\x2f\xb2\0\0\x27\0\0\x04\x08\x04\0\0\x8c\x2b\0\0\xba\
\x04\0\0\0\0\0\0\x39\xb2\0\0\x2c\0\0\0\x40\0\0\0\x43\xb2\0\0\x39\x06\0\0\xc0\0\
\0\0\x4b\xb2\0\0\x39\x06\0\0\0\x01\0\0\x53\xb2\0\0\x42\0\0\0\x40\x01\0\0\x5a\
\xb2\0\0\x42\0\0\0\x48\x01\0\0\x68\xb2\0\0\x42\0\0\0\x50\x01\0\0\x75\xb2\0\0\
\x42\0\0\0\x58\x01\0\0\x82\xb2\0\0\x0f\0\0\0\x80\x01\0\0\x8d\xb2\0\0\x0f\0\0\0\
\xc0\x01\0\0\x93\xb2\0\0\x0f\0\0\0\0\x02\0\0\x9a\xb2\0\0\x0f\0\0\0\x40\x02\0\0\
\xa6\xb2\0\0\x55\x03\0\0\x80\x02\0\0\xb1\xb2\0\0\x55\x03\0\0\x40\x05\0\0\xbd\
\xb2\0\0\x55\x03\0\0\0\x08\0\0\xc9\xb2\0\0\x55\x03\0\0\xc0\x0a\0\0\xd7\xb2\0\0\
\x55\x03\0\0\x80\x0d\0\0\xe6\xb2\0\0\xb4\x04\0\0\x40\x10\0\0\xf5\xb2\0\0\xb4\
\x04\0\0\0\x11\0\0\x05\xb3\0\0\x8a\0\0\0\xc0\x11\0\0\x13\xb3\0\0\x8a\0\0\0\xe0\
\x11\0\0\x22\xb3\0\0\x8f\0\0\0\0\x12\0\0\x2a\xb3\0\0\x3e\x06\0\0\0\x13\0\0\x73\
\x10\0\0\x94\0\0\0\x40\x13\0\0\xe2\x12\0\0\x1a\0\0\0\x80\x13\0\0\x32\xb3\0\0\
\x15\0\0\0\xa0\x13\0\0\xff\x50\0\0\x02\0\0\0\xc0\x13\0\0\x3b\xb3\0\0\x14\0\0\0\
\xe0\x13\0\0\x49\xb3\0\0\x2c\0\0\0\0\x14\0\0\x57\xb3\0\0\xa5\x04\0\0\x80\x14\0\
\0\x5d\xb3\0\0\x0d\x06\0\0\0\x15\0\0\x66\xb3\0\0\x19\x06\0\0\x40\x15\0\0\xed\
\x56\0\0\x5a\x06\0\0\xc0\x1c\0\0\x6a\xb3\0\0\xb9\x01\0\0\xc0\x1d\0\0\x73\xb3\0\
\0\xff\0\0\0\0\x1f\0\0\x7f\xb3\0\0\x41\0\0\0\x20\x1f\0\0\x8a\x29\0\0\x0f\0\0\0\
\x40\x1f\0\0\x87\x12\0\0\x62\0\0\0\x80\x1f\0\0\x89\xb3\0\0\x16\0\0\0\0\x20\0\0\
\0\0\0\0\0\0\0\x02\x3a\x06\0\0\x90\xb3\0\0\x0f\0\0\x04\xd0\0\0\0\x9a\xb3\0\0\
\xa5\x04\0\0\0\0\0\0\xa3\xb3\0\0\x0e\x05\0\0\x80\0\0\0\x60\x0b\0\0\x39\x06\0\0\
\xc0\0\0\0\xa8\xb3\0\0\x3b\x06\0\0\0\x01\0\0\xb4\xb3\0\0\x3b\x06\0\0\x40\x01\0\
\0\xbd\xb3\0\0\x16\0\0\0\x80\x01\0\0\xc8\xb3\0\0\x42\0\0\0\xa0\x01\0\0\xd4\xb3\
\0\0\x3d\x06\0\0\xc0\x01\0\0\xe0\xb3\0\0\x55\x03\0\0\x40\x02\0\0\xe9\xb3\0\0\
\x16\0\0\0\0\x05\0\0\xf3\xb3\0\0\x02\0\0\0\x20\x05\0\0\xfd\xb3\0\0\x1a\0\0\0\
\x40\x05\0\0\x08\xb4\0\0\x0f\0\0\0\x80\x05\0\0\x13\xb4\0\0\x0f\0\0\0\xc0\x05\0\
\0\x87\x12\0\0\x62\0\0\0\0\x06\0\0\0\0\0\0\0\0\0\x02\x3c\x06\0\0\x1e\xb4\0\0\
\x07\0\0\x04\x40\0\0\0\x2a\xb4\0\0\x3b\x06\0\0\0\0\0\0\x32\xb4\0\0\xa5\x04\0\0\
\x40\0\0\0\x3a\xb4\0\0\x3d\x06\0\0\xc0\0\0\0\x43\xb4\0\0\x42\0\0\0\x40\x01\0\0\
\x4d\xb4\0\0\x42\0\0\0\x48\x01\0\0\x56\xb4\0\0\x42\0\0\0\x50\x01\0\0\x87\x12\0\
\0\x62\0\0\0\x80\x01\0\0\0\0\0\0\0\0\0\x03\0\0\0\0\x0f\0\0\0\x04\0\0\0\x02\0\0\
\0\0\0\0\0\0\0\0\x02\x2e\x07\0\0\x61\xb4\0\0\x0c\0\0\x04\x90\0\0\0\x33\x72\0\0\
\xa3\x04\0\0\0\0\0\0\x8c\x2b\0\0\xba\x04\0\0\x40\0\0\0\x8b\x12\0\0\x2c\0\0\0\
\x80\0\0\0\x6d\xb4\0\0\x40\x06\0\0\0\x01\0\0\x77\x60\0\0\x0c\x06\0\0\x40\x01\0\
\0\x79\xb4\0\0\x19\0\0\0\x80\x01\0\0\xff\x50\0\0\x02\0\0\0\xc0\x01\0\0\xe2\x12\
\0\0\x1a\0\0\0\xe0\x01\0\0\x99\x13\0\0\x62\0\0\0\0\x02\0\0\x86\xb4\0\0\x02\0\0\
\0\x80\x02\0\0\x47\x13\0\0\x59\x06\0\0\xa0\x02\0\0\x95\xb4\0\0\x73\0\0\0\x40\
\x04\0\0\0\0\0\0\0\0\0\x02\x41\x06\0\0\0\0\0\0\x01\0\0\x0d\x02\0\0\0\0\0\0\0\
\x0a\x06\0\0\xa0\xb4\0\0\x1f\0\0\x04\xe8\x01\0\0\x76\x82\0\0\x02\0\0\0\0\0\0\0\
\xac\xb4\0\0\x16\0\0\0\x20\0\0\0\x7b\x60\0\0\x16\0\0\0\x40\0\0\0\x9e\x80\0\0\
\x9f\x04\0\0\x60\0\0\0\x25\x1f\0\0\x43\x06\0\0\x80\0\0\0\xb7\xb4\0\0\x48\x06\0\
\0\xc0\0\0\0\xbe\xb4\0\0\x40\x06\0\0\0\x01\0\0\xca\xb4\0\0\x4c\x06\0\0\x40\x01\
\0\0\xd7\xb4\0\0\x50\x06\0\0\x80\x01\0\0\xe3\xb4\0\0\xc0\x04\0\0\xc0\x01\0\0\
\xee\xb4\0\0\x52\x06\0\0\0\x02\0\0\xfb\xb4\0\0\x54\x06\0\0\x40\x02\0\0\xf8\x12\
\0\0\x19\x01\0\0\x80\x02\0\0\x7c\xa7\0\0\x3f\x06\0\0\xc0\x02\0\0\x05\xb5\0\0\
\x2c\0\0\0\x40\x07\0\0\x10\xb5\0\0\x02\0\0\0\xc0\x07\0\0\x1c\xb5\0\0\x02\0\0\0\
\xe0\x07\0\0\x27\xb5\0\0\x02\0\0\0\0\x08\0\0\x32\xb5\0\0\x02\0\0\0\x20\x08\0\0\
\x3d\xb5\0\0\x0f\0\0\0\x40\x08\0\0\x48\xb5\0\0\x55\x03\0\0\x80\x08\0\0\x50\xb5\
\0\0\xb9\x01\0\0\x40\x0b\0\0\x5c\xb5\0\0\xb4\x04\0\0\x80\x0c\0\0\x68\xb5\0\0\
\x1c\0\0\0\x40\x0d\0\0\x70\xb5\0\0\x1c\0\0\0\x60\x0d\0\0\xd1\xa7\0\0\x2c\0\0\0\
\x80\x0d\0\0\x73\x10\0\0\x94\0\0\0\0\x0e\0\0\x7b\xb5\0\0\x0f\0\0\0\x40\x0e\0\0\
\xed\x56\0\0\x56\x06\0\0\x80\x0e\0\0\x85\xb5\0\0\x57\x06\0\0\xc0\x0e\0\0\x89\
\xb5\0\0\x58\x06\0\0\0\x0f\0\0\0\0\0\0\0\0\0\x02\x44\x06\0\0\0\0\0\0\x03\0\0\
\x0d\x15\0\0\0\0\0\0\0\x17\0\0\0\0\0\0\0\x45\x06\0\0\0\0\0\0\x47\x06\0\0\0\0\0\
\0\0\0\0\x02\x46\x06\0\0\0\0\0\0\0\0\0\x0a\xe3\x04\0\0\0\0\0\0\0\0\0\x02\x15\0\
\0\0\0\0\0\0\0\0\0\x02\x49\x06\0\0\0\0\0\0\x02\0\0\x0d\x77\0\0\0\0\0\0\0\x4a\
\x06\0\0\0\0\0\0\x17\0\0\0\0\0\0\0\0\0\0\x02\x4b\x06\0\0\0\0\0\0\0\0\0\x0a\x0b\
\x06\0\0\0\0\0\0\0\0\0\x02\x4d\x06\0\0\0\0\0\0\x01\0\0\x0d\x02\0\0\0\0\0\0\0\
\x4e\x06\0\0\0\0\0\0\0\0\0\x02\x4f\x06\0\0\x97\xb5\0\0\x06\0\0\x04\x20\0\0\0\
\x60\x0b\0\0\x4e\x06\0\0\0\0\0\0\x33\x72\0\0\xa3\x04\0\0\x40\0\0\0\x8c\x2b\0\0\
\xba\x04\0\0\x80\0\0\0\xac\0\0\0\x40\0\0\0\xc0\0\0\0\x9e\x80\0\0\x40\0\0\0\xc8\
\0\0\0\x5a\x1e\0\0\xac\x05\0\0\xd0\0\0\0\0\0\0\0\0\0\0\x02\x51\x06\0\0\0\0\0\0\
\x01\0\0\x0d\0\0\0\0\0\0\0\0\x4e\x06\0\0\0\0\0\0\0\0\0\x02\x53\x06\0\0\0\0\0\0\
\x01\0\0\x0d\x02\0\0\0\0\0\0\0\x17\0\0\0\0\0\0\0\0\0\0\x02\x55\x06\0\0\0\0\0\0\
\x02\0\0\x0d\x77\0\0\0\0\0\0\0\x45\x06\0\0\0\0\0\0\xe9\x05\0\0\0\0\0\0\0\0\0\
\x02\x0f\x07\0\0\0\0\0\0\0\0\0\x02\x10\x07\0\0\0\0\0\0\0\0\0\x02\x4e\x06\0\0\0\
\0\0\0\0\0\0\x03\0\0\0\0\x02\0\0\0\x04\0\0\0\x0d\0\0\0\xa4\xb5\0\0\x04\0\0\x04\
\x20\0\0\0\x91\x73\0\0\x48\x04\0\0\0\0\0\0\x5a\x73\0\0\xb3\x05\0\0\x40\0\0\0\
\xb1\xb5\0\0\x5b\x06\0\0\x80\0\0\0\xbb\xb5\0\0\x5c\x06\0\0\xc0\0\0\0\0\0\0\0\0\
\0\0\x02\x39\x07\0\0\0\0\0\0\0\0\0\x02\x3a\x07\0\0\xc8\xb5\0\0\x02\0\0\x04\x18\
\0\0\0\x73\x10\0\0\x8a\0\0\0\0\0\0\0\xbc\x1c\0\0\x2c\0\0\0\x40\0\0\0\xd6\xb5\0\
\0\x16\0\0\x04\xb8\0\0\0\x76\x82\0\0\x02\0\0\0\0\0\0\0\x8b\x12\0\0\x2c\0\0\0\
\x40\0\0\0\xe4\xb5\0\0\x02\0\0\0\xc0\0\0\0\xee\xb5\0\0\x02\0\0\0\xe0\0\0\0\xf8\
\xb5\0\0\x02\0\0\0\0\x01\0\0\x09\xb6\0\0\x02\0\0\0\x20\x01\0\0\x17\xb6\0\0\x16\
\0\0\0\x40\x01\0\0\x67\x82\0\0\x5f\x06\0\0\x80\x01\0\0\x25\xb6\0\0\x76\x06\0\0\
\xc0\x01\0\0\x2e\xb6\0\0\x78\x06\0\0\0\x02\0\0\x34\xb6\0\0\x7a\x06\0\0\x40\x02\
\0\0\x3e\xb6\0\0\x81\x06\0\0\x80\x02\0\0\x45\xb6\0\0\x83\x06\0\0\xc0\x02\0\0\
\x4d\xb6\0\0\x85\x06\0\0\0\x03\0\0\x52\xb6\0\0\x87\x06\0\0\x40\x03\0\0\x60\xb6\
\0\0\x89\x06\0\0\x80\x03\0\0\x6c\xb6\0\0\x02\0\0\0\xc0\x03\0\0\x9c\x01\0\0\xed\
\x05\0\0\0\x04\0\0\x74\xb6\0\0\x2c\0\0\0\x40\x04\0\0\xad\x18\0\0\xcc\x01\0\0\
\xc0\x04\0\0\x7f\xb6\0\0\x37\x03\0\0\0\x05\0\0\x87\x12\0\0\x62\0\0\0\x40\x05\0\
\0\0\0\0\0\0\0\0\x02\x60\x06\0\0\0\0\0\0\x04\0\0\x0d\x02\0\0\0\0\0\0\0\x61\x06\
\0\0\0\0\0\0\x66\x06\0\0\0\0\0\0\x02\0\0\0\0\0\0\0\x74\x06\0\0\0\0\0\0\0\0\0\
\x02\x62\x06\0\0\x87\xb6\0\0\x19\0\0\x04\x98\0\0\0\x8b\x12\0\0\x2c\0\0\0\0\0\0\
\0\x90\xb6\0\0\x02\0\0\0\x80\0\0\0\x99\xb6\0\0\x02\0\0\0\xa0\0\0\0\x9b\x81\0\0\
\x14\0\0\0\xc0\0\0\0\xa2\xb6\0\0\x14\0\0\0\xe0\0\0\0\xac\0\0\0\x14\0\0\0\0\x01\
\0\0\xac\xb6\0\0\x14\0\0\0\x20\x01\0\0\x67\x82\0\0\x40\0\0\0\x40\x01\0\0\xb2\
\xb6\0\0\x40\0\0\0\x48\x01\0\0\xf9\x82\0\0\x40\0\0\0\x50\x01\0\0\xb9\xb6\0\0\
\x40\0\0\0\x58\x01\0\0\x55\x41\0\0\x14\0\0\0\x60\x01\0\0\xc2\xb6\0\0\x63\x06\0\
\0\x80\x01\0\0\xc9\xb6\0\0\x61\x06\0\0\xc0\x01\0\0\xd1\xb6\0\0\x37\x03\0\0\0\
\x02\0\0\xe2\x12\0\0\x1a\0\0\0\x40\x02\0\0\xd8\xb6\0\0\x14\0\0\0\x60\x02\0\0\
\xdd\xb6\0\0\x02\0\0\0\x80\x02\0\0\xee\xb6\0\0\x02\0\0\0\xa0\x02\0\0\x01\xb7\0\
\0\x83\x01\0\0\xc0\x02\0\0\x09\xb7\0\0\x83\x01\0\0\x40\x03\0\0\x11\xb7\0\0\x64\
\x06\0\0\xc0\x03\0\0\x1b\xb7\0\0\x65\x06\0\0\0\x04\0\0\x27\xb7\0\0\x65\x06\0\0\
\x20\x04\0\0\x87\x12\0\0\x62\0\0\0\x40\x04\0\0\x33\xb7\0\0\0\0\0\x08\x11\0\0\0\
\x3a\xb7\0\0\x02\0\0\x04\x08\0\0\0\xbc\x19\0\0\x9d\0\0\0\0\0\0\0\xde\x80\0\0\
\x9d\0\0\0\x20\0\0\0\x49\xb7\0\0\x02\0\0\x04\x04\0\0\0\xbc\x19\0\0\x23\0\0\0\0\
\0\0\0\xde\x80\0\0\x23\0\0\0\x10\0\0\0\0\0\0\0\0\0\0\x02\x67\x06\0\0\x5d\xb7\0\
\0\x01\0\0\x04\x58\0\0\0\x63\xb7\0\0\x68\x06\0\0\0\0\0\0\0\0\0\0\x04\0\0\x05\
\x58\0\0\0\x65\xb7\0\0\x69\x06\0\0\0\0\0\0\x71\xb7\0\0\x6b\x06\0\0\0\0\0\0\x75\
\xb7\0\0\x72\x06\0\0\0\0\0\0\x79\xb7\0\0\x73\x06\0\0\0\0\0\0\x7c\xb7\0\0\x0b\0\
\0\x04\x28\0\0\0\x89\xb7\0\0\x02\0\0\0\0\0\0\0\x94\xb7\0\0\x02\0\0\0\x20\0\0\0\
\x9f\xb7\0\0\x15\0\0\0\x40\0\0\0\xab\xb7\0\0\x41\0\0\0\x60\0\0\0\xb6\xb7\0\0\
\x41\0\0\0\x68\0\0\0\xc3\xb7\0\0\x41\0\0\0\x70\0\0\0\xd0\xb7\0\0\x41\0\0\0\x78\
\0\0\0\xdd\xb7\0\0\x15\0\0\0\x80\0\0\0\xea\xb7\0\0\x9d\0\0\0\xa0\0\0\0\xf5\xb7\
\0\0\x6a\x06\0\0\xc0\0\0\0\x04\xb8\0\0\x15\0\0\0\0\x01\0\0\x1a\xb8\0\0\x01\0\0\
\x04\x08\0\0\0\xc2\xb6\0\0\x63\x06\0\0\0\0\0\0\x27\xb8\0\0\x04\0\0\x04\x38\0\0\
\0\x65\xb7\0\0\x69\x06\0\0\0\0\0\0\xb9\x82\0\0\x99\x04\0\0\x40\x01\0\0\xb3\x82\
\0\0\x99\x04\0\0\x60\x01\0\0\x2e\xb8\0\0\x6c\x06\0\0\x80\x01\0\0\x32\xb8\0\0\
\x05\0\0\x05\x04\0\0\0\x3c\xb8\0\0\x6d\x06\0\0\0\0\0\0\x42\xb8\0\0\x6e\x06\0\0\
\0\0\0\0\x48\xb8\0\0\x6f\x06\0\0\0\0\0\0\x50\xb8\0\0\x99\x04\0\0\0\0\0\0\x58\
\xb8\0\0\x71\x06\0\0\0\0\0\0\0\0\0\0\x02\0\0\x04\x04\0\0\0\xbf\x82\0\0\x9f\x04\
\0\0\0\0\0\0\xd0\x82\0\0\x9f\x04\0\0\x10\0\0\0\0\0\0\0\x02\0\0\x04\x02\0\0\0\
\x19\0\0\0\x41\0\0\0\0\0\0\0\xf5\x5d\0\0\x41\0\0\0\x08\0\0\0\0\0\0\0\x02\0\0\
\x04\x04\0\0\0\xbf\x82\0\0\x70\x06\0\0\0\0\0\0\xd0\x82\0\0\x70\x06\0\0\x10\0\0\
\0\x5c\xb8\0\0\0\0\0\x08\x23\0\0\0\0\0\0\0\x01\0\0\x04\x01\0\0\0\x19\0\0\0\x41\
\0\0\0\0\0\0\0\x63\xb8\0\0\x06\0\0\x04\x58\0\0\0\x65\xb7\0\0\x69\x06\0\0\0\0\0\
\0\xb3\x82\0\0\xa5\x04\0\0\x40\x01\0\0\xb9\x82\0\0\xa5\x04\0\0\xc0\x01\0\0\x6a\
\xb8\0\0\x99\x04\0\0\x40\x02\0\0\x2e\xb8\0\0\x6c\x06\0\0\x60\x02\0\0\x74\xb8\0\
\0\x15\0\0\0\x80\x02\0\0\x7c\xb8\0\0\x04\0\0\x04\x30\0\0\0\x65\xb7\0\0\x69\x06\
\0\0\0\0\0\0\xb3\x82\0\0\x70\x06\0\0\x40\x01\0\0\xb9\x82\0\0\x70\x06\0\0\x50\
\x01\0\0\x2e\xb8\0\0\x6c\x06\0\0\x60\x01\0\0\0\0\0\0\0\0\0\x02\x75\x06\0\0\x84\
\xb8\0\0\x06\0\0\x04\x28\0\0\0\x93\xb8\0\0\x19\0\0\0\0\0\0\0\x9e\xb8\0\0\x17\0\
\0\0\x40\0\0\0\xaa\xb8\0\0\x19\0\0\0\x80\0\0\0\xb1\xb8\0\0\x61\x06\0\0\xc0\0\0\
\0\xac\xb6\0\0\x14\0\0\0\0\x01\0\0\xac\0\0\0\x02\0\0\0\x20\x01\0\0\0\0\0\0\0\0\
\0\x02\x77\x06\0\0\0\0\0\0\x03\0\0\x0d\x77\0\0\0\0\0\0\0\x61\x06\0\0\0\0\0\0\
\x02\0\0\0\0\0\0\0\x74\x06\0\0\0\0\0\0\0\0\0\x02\x79\x06\0\0\0\0\0\0\x03\0\0\
\x0d\x02\0\0\0\0\0\0\0\x61\x06\0\0\0\0\0\0\x66\x06\0\0\0\0\0\0\x02\0\0\0\0\0\0\
\0\0\0\0\x02\x7b\x06\0\0\0\0\0\0\x05\0\0\x0d\x02\0\0\0\0\0\0\0\x61\x06\0\0\0\0\
\0\0\xb5\x04\0\0\0\0\0\0\x7c\x06\0\0\0\0\0\0\x7e\x06\0\0\0\0\0\0\xe9\x05\0\0\0\
\0\0\0\0\0\0\x02\x7d\x06\0\0\xb6\xb8\0\0\x09\0\0\x04\x0c\0\0\0\x76\x82\0\0\x41\
\0\0\0\0\0\0\0\xc3\xb8\0\0\x41\0\0\0\x08\0\0\0\xcb\xb8\0\0\x41\0\0\0\x10\0\0\0\
\xd3\xb8\0\0\x41\0\0\0\x18\0\0\0\xac\xb6\0\0\x41\0\0\0\x20\0\0\0\xd7\xb8\0\0\
\x41\0\0\0\x28\0\0\0\xdc\xb8\0\0\x41\0\0\0\x30\0\0\0\x67\x82\0\0\x41\0\0\0\x38\
\0\0\0\xac\0\0\0\x15\0\0\0\x40\0\0\0\0\0\0\0\0\0\0\x02\x7f\x06\0\0\0\0\0\0\0\0\
\0\x02\x80\x06\0\0\xe1\xb8\0\0\x02\0\0\x04\x04\0\0\0\xe8\xb8\0\0\x23\0\0\0\0\0\
\0\0\xf0\xb8\0\0\x23\0\0\0\x10\0\0\0\0\0\0\0\0\0\0\x02\x82\x06\0\0\0\0\0\0\x01\
\0\0\x0d\x02\0\0\0\0\0\0\0\x61\x06\0\0\0\0\0\0\0\0\0\x02\x84\x06\0\0\0\0\0\0\
\x03\0\0\x0d\x02\0\0\0\0\0\0\0\x61\x06\0\0\0\0\0\0\x7c\x06\0\0\0\0\0\0\x7e\x06\
\0\0\0\0\0\0\0\0\0\x02\x86\x06\0\0\0\0\0\0\x03\0\0\x0d\x02\0\0\0\0\0\0\0\x61\
\x06\0\0\0\0\0\0\xb5\x04\0\0\0\0\0\0\x7c\x06\0\0\0\0\0\0\0\0\0\x02\x88\x06\0\0\
\0\0\0\0\x01\0\0\x0d\x10\x01\0\0\0\0\0\0\x61\x06\0\0\0\0\0\0\0\0\0\x02\x8a\x06\
\0\0\0\0\0\0\x01\0\0\x0d\0\0\0\0\0\0\0\0\xd3\x05\0\0\xf9\xb8\0\0\x04\0\0\x04\
\x10\0\0\0\x19\0\0\0\x40\0\0\0\0\0\0\0\x04\xb9\0\0\x40\0\0\0\x08\0\0\0\x70\x42\
\0\0\x22\0\0\0\x10\0\0\0\0\0\0\0\x8c\x06\0\0\x40\0\0\0\0\0\0\0\x09\0\0\x05\x08\
\0\0\0\x14\xb9\0\0\x8d\x06\0\0\0\0\0\0\x25\xb9\0\0\x8d\x06\0\0\0\0\0\0\x2a\xb9\
\0\0\xc2\0\0\0\0\0\0\0\x39\xb9\0\0\xed\x05\0\0\0\0\0\0\xc0\xa4\0\0\x8e\x06\0\0\
\0\0\0\0\x47\xb9\0\0\x8f\x06\0\0\0\0\0\0\0\0\0\0\x90\x06\0\0\0\0\0\0\x54\xb9\0\
\0\x91\x06\0\0\0\0\0\0\x5d\xb9\0\0\x22\0\0\0\0\0\0\0\0\0\0\0\0\0\0\x0a\x14\0\0\
\0\0\0\0\0\0\0\0\x02\xf3\x06\0\0\0\0\0\0\0\0\0\x02\xf4\x06\0\0\0\0\0\0\x02\0\0\
\x04\x04\0\0\0\xbc\x3c\0\0\x31\x05\0\0\0\0\0\0\xb8\x3c\0\0\x31\x05\0\0\x10\0\0\
\0\0\0\0\0\0\0\0\x02\x92\x06\0\0\0\0\0\0\x02\0\0\x0d\x02\0\0\0\0\0\0\0\xeb\x05\
\0\0\0\0\0\0\xe9\x05\0\0\0\0\0\0\0\0\0\x02\x80\x07\0\0\0\0\0\0\x03\0\0\x04\x10\
\0\0\0\xbc\x1c\0\0\xe0\0\0\0\0\0\0\0\x73\x10\0\0\x8a\0\0\0\x40\0\0\0\x9c\x4f\0\
\0\x14\0\0\0\x60\0\0\0\0\0\0\0\0\0\0\x02\x81\x07\0\0\x6f\xb9\0\0\x07\0\0\x04\
\xd0\0\0\0\x78\xb9\0\0\x48\x04\0\0\0\0\0\0\x87\xb9\0\0\xa9\x06\0\0\x40\0\0\0\
\x92\xb9\0\0\x7c\x01\0\0\x80\x03\0\0\xa4\xb9\0\0\xb3\x06\0\0\xc0\x03\0\0\xaf\
\xb9\0\0\xb3\x06\0\0\0\x05\0\0\xba\xb9\0\0\x16\0\0\0\x40\x06\0\0\xcc\xb9\0\0\
\x16\0\0\0\x60\x06\0\0\0\0\0\0\0\0\0\x02\x98\x06\0\0\0\0\0\0\0\0\0\x0a\x99\x06\
\0\0\xde\xb9\0\0\x04\0\0\x04\x20\0\0\0\x63\x1f\0\0\x19\x01\0\0\0\0\0\0\x19\0\0\
\0\x9a\x06\0\0\x40\0\0\0\xe8\xb9\0\0\x9b\x06\0\0\x80\0\0\0\xee\xb9\0\0\xcc\x01\
\0\0\xc0\0\0\0\xf1\xb9\0\0\x03\0\0\x06\x04\0\0\0\xfd\xb9\0\0\0\0\0\0\x0d\xba\0\
\0\x01\0\0\0\x1e\xba\0\0\x02\0\0\0\0\0\0\0\0\0\0\x02\x9c\x06\0\0\x2e\xba\0\0\0\
\0\0\x08\x9d\x06\0\0\0\0\0\0\x08\0\0\x0d\0\0\0\0\0\0\0\0\x37\x03\0\0\0\0\0\0\
\x9e\x06\0\0\0\0\0\0\x16\0\0\0\0\0\0\0\x9f\x06\0\0\0\0\0\0\x45\x06\0\0\0\0\0\0\
\x45\x06\0\0\0\0\0\0\xa1\x06\0\0\0\0\0\0\xc2\0\0\0\x37\xba\0\0\0\0\0\x08\x40\0\
\0\0\0\0\0\0\0\0\0\x02\xa0\x06\0\0\0\0\0\0\0\0\0\x0a\xb6\x04\0\0\0\0\0\0\0\0\0\
\x02\xa2\x06\0\0\0\0\0\0\0\0\0\x0a\xa3\x06\0\0\x40\xba\0\0\x02\0\0\x04\x10\0\0\
\0\x19\0\0\0\x9e\x06\0\0\0\0\0\0\x63\xb7\0\0\xa4\x06\0\0\x20\0\0\0\0\0\0\0\x02\
\0\0\x05\x0c\0\0\0\x4b\xba\0\0\xa5\x06\0\0\0\0\0\0\x50\xba\0\0\xa8\x06\0\0\0\0\
\0\0\0\0\0\0\x04\0\0\x04\x0c\0\0\0\x54\xba\0\0\xa6\x06\0\0\0\0\0\0\xf1\x22\0\0\
\xa7\x06\0\0\x20\0\0\0\x5d\xba\0\0\xa7\x06\0\0\x30\0\0\0\xac\0\0\0\xa7\x06\0\0\
\x40\0\0\0\x68\xba\0\0\0\0\0\x08\x14\0\0\0\x72\xba\0\0\0\0\0\x08\x22\0\0\0\0\0\
\0\0\x02\0\0\x04\x02\0\0\0\x69\x1c\0\0\x9e\x06\0\0\0\0\0\0\x7c\xba\0\0\x9e\x06\
\0\0\x08\0\0\0\0\0\0\0\0\0\0\x03\0\0\0\0\x97\x06\0\0\x04\0\0\0\x0d\0\0\0\x85\
\xba\0\0\x02\0\0\x04\x08\0\0\0\x95\xba\0\0\x22\0\0\0\0\0\0\0\xa6\xba\0\0\xb2\
\x06\0\0\x40\0\0\0\xac\xba\0\0\x02\0\0\x04\x10\0\0\0\xba\xba\0\0\xac\x06\0\0\0\
\0\0\0\xd2\x52\0\0\x19\0\0\0\x40\0\0\0\0\0\0\0\0\0\0\x02\xad\x06\0\0\xbf\xba\0\
\0\0\0\0\x08\xae\x06\0\0\0\0\0\0\x03\0\0\x0d\x16\0\0\0\0\0\0\0\x19\0\0\0\0\0\0\
\0\xb5\x04\0\0\0\0\0\0\xaf\x06\0\0\0\0\0\0\0\0\0\x02\xb0\x06\0\0\0\0\0\0\0\0\0\
\x0a\xb1\x06\0\0\xc9\xba\0\0\x07\0\0\x04\x30\0\0\0\xba\xba\0\0\x40\0\0\0\0\0\0\
\0\xd7\xba\0\0\x40\0\0\0\x08\0\0\0\xda\xba\0\0\xba\x04\0\0\x40\0\0\0\xdd\xba\0\
\0\xba\x04\0\0\x80\0\0\0\x0f\x81\0\0\x93\x04\0\0\xc0\0\0\0\x33\x72\0\0\x37\x03\
\0\0\0\x01\0\0\xe1\xba\0\0\x5c\x05\0\0\x40\x01\0\0\0\0\0\0\0\0\0\x03\0\0\0\0\
\xab\x06\0\0\x04\0\0\0\0\0\0\0\0\0\0\0\0\0\0\x03\0\0\0\0\x1a\x05\0\0\x04\0\0\0\
\x05\0\0\0\xe6\xba\0\0\x0b\0\0\x04\x88\0\0\0\xef\xba\0\0\x77\0\0\0\0\0\0\0\x04\
\xbb\0\0\x40\0\0\0\x08\0\0\0\x17\xbb\0\0\x40\0\0\0\x10\0\0\0\x25\xbb\0\0\x40\0\
\0\0\x18\0\0\0\x31\xbb\0\0\x40\0\0\0\x20\0\0\0\x4b\xbb\0\0\x40\0\0\0\x28\0\0\0\
\x59\xbb\0\0\x40\0\0\0\x30\0\0\0\x69\xbb\0\0\xb5\x06\0\0\x40\0\0\0\xfe\x65\0\0\
\xb6\x06\0\0\x80\0\0\0\x74\xbb\0\0\xb7\x06\0\0\xc0\0\0\0\x8a\xbb\0\0\xb8\x06\0\
\0\0\x01\0\0\0\0\0\0\0\0\0\x02\x82\x07\0\0\0\0\0\0\0\0\0\x02\x83\x07\0\0\0\0\0\
\0\0\0\0\x02\x84\x07\0\0\x96\xbb\0\0\x06\0\0\x04\x68\0\0\0\xa0\xbb\0\0\xb9\x06\
\0\0\0\0\0\0\xa8\xbb\0\0\xba\x06\0\0\x20\0\0\0\xac\xbb\0\0\xbc\x06\0\0\0\x02\0\
\0\xb0\xbb\0\0\xbd\x06\0\0\x40\x02\0\0\xb5\xbb\0\0\xbd\x06\0\0\x60\x02\0\0\xbc\
\xbb\0\0\xbe\x06\0\0\x80\x02\0\0\xc0\xbb\0\0\x01\0\0\x04\x04\0\0\0\x0d\x11\0\0\
\x16\0\0\0\0\0\0\0\xcf\xbb\0\0\x05\0\0\x04\x3c\0\0\0\xda\xbb\0\0\xbb\x06\0\0\0\
\0\0\0\xe3\xbb\0\0\x40\0\0\0\xc0\x01\0\0\xed\xbb\0\0\x40\0\0\0\xc8\x01\0\0\xfc\
\xbb\0\0\x40\0\0\0\xd0\x01\0\0\x0c\xbc\0\0\x40\0\0\0\xd8\x01\0\0\0\0\0\0\0\0\0\
\x03\0\0\0\0\x16\0\0\0\x04\0\0\0\x0e\0\0\0\x23\xbc\0\0\x01\0\0\x04\x08\0\0\0\
\xda\xbb\0\0\x6b\0\0\0\0\0\0\0\x2e\xbc\0\0\x01\0\0\x04\x04\0\0\0\x0d\x11\0\0\
\x16\0\0\0\0\0\0\0\x3a\xbc\0\0\x02\0\0\x04\x18\0\0\0\x45\xbc\0\0\x2c\0\0\0\0\0\
\0\0\xda\xbb\0\0\x6b\0\0\0\x80\0\0\0\0\0\0\0\0\0\0\x02\x32\x07\0\0\x51\xbc\0\0\
\x03\0\0\x04\x40\0\0\0\x5b\xbc\0\0\xc1\x06\0\0\0\0\0\0\xcc\x55\0\0\xc2\x06\0\0\
\x80\0\0\0\xf0\x67\0\0\xc3\x06\0\0\0\x01\0\0\0\0\0\0\0\0\0\x03\0\0\0\0\x1f\x03\
\0\0\x04\0\0\0\x02\0\0\0\0\0\0\0\0\0\0\x03\0\0\0\0\x16\x03\0\0\x04\0\0\0\x02\0\
\0\0\0\0\0\0\0\0\0\x03\0\0\0\0\x2c\0\0\0\x04\0\0\0\x02\0\0\0\x65\xbc\0\0\x20\0\
\0\x04\x40\x03\0\0\x70\xbc\0\0\x2c\0\0\0\0\0\0\0\x7a\xbc\0\0\xa4\0\0\0\x80\0\0\
\0\x86\xbc\0\0\xa4\0\0\0\xc0\0\0\0\x92\xbc\0\0\xa4\0\0\0\0\x01\0\0\x9e\xbc\0\0\
\xa4\0\0\0\x40\x01\0\0\xaa\xbc\0\0\x16\0\0\0\x80\x01\0\0\xb6\xbc\0\0\x16\0\0\0\
\xa0\x01\0\0\xc0\xbc\0\0\x59\0\0\0\xc0\x01\0\0\xd0\xbc\0\0\x2c\0\0\0\xc0\x02\0\
\0\xdb\xbc\0\0\xa4\0\0\0\x40\x03\0\0\xe8\xbc\0\0\x16\0\0\0\x80\x03\0\0\xf9\xbc\
\0\0\xc5\x06\0\0\xc0\x03\0\0\x08\xbd\0\0\xc7\x06\0\0\x80\x04\0\0\x15\xbd\0\0\
\xc8\x06\0\0\0\x06\0\0\x22\xbd\0\0\x59\0\0\0\xc0\x06\0\0\x33\xbd\0\0\xc9\x06\0\
\0\xc0\x07\0\0\x42\xbd\0\0\x2c\0\0\0\x40\x09\0\0\x4f\xbd\0\0\x93\x04\0\0\xc0\
\x09\0\0\x54\xbd\0\0\x93\x04\0\0\0\x0a\0\0\x5f\xbd\0\0\x14\0\0\0\x40\x0a\0\0\
\x73\xbd\0\0\x14\0\0\0\x60\x0a\0\0\x88\xbd\0\0\x02\0\0\0\x80\x0a\0\0\x9b\xbd\0\
\0\x14\0\0\0\xa0\x0a\0\0\xae\xbd\0\0\x9a\0\0\0\xc0\x0a\0\0\x7d\x96\0\0\x7c\x01\
\0\0\0\x0b\0\0\xbd\xbd\0\0\xf3\x05\0\0\0\x0c\0\0\xcb\xbd\0\0\xf3\x05\0\0\0\x12\
\0\0\xd9\xbd\0\0\x8a\0\0\0\0\x18\0\0\xe9\xbd\0\0\xa2\x01\0\0\x20\x18\0\0\x04\
\xbe\0\0\xa2\x01\0\0\x40\x18\0\0\x20\xbe\0\0\x8a\0\0\0\x60\x18\0\0\x31\xbe\0\0\
\x8f\0\0\0\x80\x18\0\0\0\0\0\0\0\0\0\x03\0\0\0\0\xe0\0\0\0\x04\0\0\0\x03\0\0\0\
\x40\xbe\0\0\x06\0\0\x04\x10\0\0\0\xac\xb6\0\0\xa4\0\0\0\0\0\0\0\x51\xbe\0\0\
\x16\0\0\0\x40\0\0\0\x57\xbe\0\0\x40\0\0\0\x60\0\0\0\x5e\xbe\0\0\x40\0\0\0\x68\
\0\0\0\x65\xbe\0\0\x40\0\0\0\x70\0\0\0\x6c\xbe\0\0\x40\0\0\0\x78\0\0\0\0\0\0\0\
\0\0\0\x03\0\0\0\0\xc6\x06\0\0\x04\0\0\0\x03\0\0\0\0\0\0\0\0\0\0\x03\0\0\0\0\
\x16\0\0\0\x04\0\0\0\x06\0\0\0\x73\xbe\0\0\x06\0\0\x04\x30\0\0\0\x91\x13\0\0\
\x59\0\0\0\0\0\0\0\x73\x10\0\0\xda\x05\0\0\0\x01\0\0\x87\xbe\0\0\x40\0\0\0\x40\
\x01\0\0\x8e\xbe\0\0\x40\0\0\0\x48\x01\0\0\x95\xbe\0\0\x40\0\0\0\x50\x01\0\0\
\x9c\xbe\0\0\x40\0\0\0\x58\x01\0\0\xf8\xbe\0\0\x04\0\0\x04\xb0\x01\0\0\x63\x1f\
\0\0\xcb\x06\0\0\0\0\0\0\xe7\x16\0\0\xb6\0\0\0\x40\x0c\0\0\x06\x1e\0\0\x7d\x01\
\0\0\x80\x0c\0\0\xc6\x1c\0\0\x63\x01\0\0\xc0\x0c\0\0\x06\xbf\0\0\x06\0\0\x04\
\x86\x01\0\0\x12\xbf\0\0\xcc\x06\0\0\0\0\0\0\x1a\xbf\0\0\xcc\x06\0\0\x08\x02\0\
\0\x87\x31\0\0\xcc\x06\0\0\x10\x04\0\0\x2e\x32\0\0\xcc\x06\0\0\x18\x06\0\0\x23\
\xbf\0\0\xcc\x06\0\0\x20\x08\0\0\x2b\xbf\0\0\xcc\x06\0\0\x28\x0a\0\0\0\0\0\0\0\
\0\0\x03\0\0\0\0\xc4\0\0\0\x04\0\0\0\x41\0\0\0\x82\xbf\0\0\x1a\0\0\x84\xa0\x01\
\0\0\x8f\xbf\0\0\x7e\0\0\0\0\0\0\0\x93\xbf\0\0\x0f\0\0\0\x40\0\0\0\x3c\x03\0\0\
\x7b\0\0\0\x80\0\0\0\x8d\x60\0\0\x0f\0\0\0\xc0\0\0\0\x9d\xbf\0\0\x0f\0\0\0\0\
\x01\0\0\xa4\xbf\0\0\x16\0\0\0\x40\x01\0\x01\xb0\xbf\0\0\x16\0\0\0\x41\x01\0\
\x01\xbd\xbf\0\0\x16\0\0\0\x42\x01\0\x01\xc8\xbf\0\0\x16\0\0\0\x43\x01\0\x01\
\xdb\xbf\0\0\x81\0\0\0\x80\x01\0\0\xe6\xbf\0\0\x81\0\0\0\xc0\x01\0\0\x35\x17\0\
\0\x81\0\0\0\0\x02\0\0\xbd\x05\0\0\xce\x06\0\0\x40\x02\0\0\xf2\xbf\0\0\x02\0\0\
\0\x80\x02\0\0\xf9\xbf\0\0\x16\0\0\0\xa0\x02\0\0\x03\xc0\0\0\x02\0\0\0\xc0\x02\
\0\0\x08\xc0\0\0\x02\0\0\0\xe0\x02\0\0\x0d\xc0\0\0\xc2\0\0\0\0\x03\0\0\x16\xc0\
\0\0\xc2\0\0\0\x40\x03\0\0\x1d\xc0\0\0\xc2\0\0\0\x80\x03\0\0\x24\xc0\0\0\x16\0\
\0\0\xc0\x03\0\0\x31\xc0\0\0\x02\0\0\0\xe0\x03\0\0\x38\xc0\0\0\x0f\0\0\0\0\x04\
\0\0\x3f\xc0\0\0\x0f\0\0\0\x40\x04\0\0\x44\xc0\0\0\xcf\x06\0\0\x80\x04\0\0\xe9\
\x20\0\0\xd0\x06\0\0\0\x05\0\0\0\0\0\0\0\0\0\x02\xf2\0\0\0\x4f\xc0\0\0\x02\0\0\
\x04\x10\0\0\0\x56\xc0\0\0\x12\x01\0\0\0\0\0\0\x5f\xc0\0\0\x12\x01\0\0\x40\0\0\
\0\0\0\0\0\0\0\0\x03\0\0\0\0\xc4\0\0\0\x04\0\0\0\0\x01\0\0\0\0\0\0\x01\0\0\x0d\
\x02\0\0\0\x40\0\0\0\x09\0\0\0\xbd\xc4\0\0\x01\0\0\x0c\xd1\x06\0\0\0\0\0\0\0\0\
\0\x03\0\0\0\0\xc3\0\0\0\x04\0\0\0\x0d\0\0\0\x6c\xc6\0\0\0\0\0\x0e\xd3\x06\0\0\
\x01\0\0\0\x74\xc6\0\0\x01\0\0\x0f\0\0\0\0\x08\0\0\0\0\0\0\0\x10\0\0\0\x7a\xc6\
\0\0\x01\0\0\x0f\0\0\0\0\xd4\x06\0\0\0\0\0\0\x0d\0\0\0\x42\x01\0\0\0\0\0\x07\0\
\0\0\0\x24\x0f\0\0\0\0\0\x07\0\0\0\0\x82\xc6\0\0\0\0\0\x07\0\0\0\0\x8e\xc6\0\0\
\0\0\0\x07\0\0\0\0\x9b\xc6\0\0\0\0\0\x07\0\0\0\0\xae\xc6\0\0\0\0\0\x07\0\0\0\0\
\xbf\xc6\0\0\0\0\0\x07\0\0\0\0\x57\x76\0\0\0\0\0\x07\0\0\0\0\xcc\xc6\0\0\0\0\0\
\x07\0\0\0\0\xd2\xc6\0\0\0\0\0\x07\0\0\0\0\xe1\xc6\0\0\0\0\0\x07\0\0\0\0\xfa\
\xc6\0\0\0\0\0\x07\0\0\0\0\x0a\xc7\0\0\0\0\0\x07\0\0\0\0\x76\x37\0\0\0\0\0\x07\
\0\0\0\0\x10\xc7\0\0\0\0\0\x07\0\0\0\0\x18\xc7\0\0\0\0\0\x07\0\0\0\0\x24\xc7\0\
\0\0\0\0\x07\0\0\0\0\x34\xc7\0\0\0\0\0\x07\0\0\0\0\x42\xc7\0\0\0\0\0\x07\0\0\0\
\0\x50\xc7\0\0\0\0\0\x07\0\0\0\0\x5f\xc7\0\0\0\0\0\x07\0\0\0\0\x6a\xc7\0\0\0\0\
\0\x07\0\0\0\0\x79\xc7\0\0\0\0\0\x07\0\0\0\0\x86\xc7\0\0\0\0\0\x07\0\0\0\0\x96\
\xc7\0\0\0\0\0\x07\0\0\0\0\xa0\xc7\0\0\0\0\0\x07\0\0\0\0\xb1\xc7\0\0\0\0\0\x07\
\0\0\0\0\xbd\xc7\0\0\0\0\0\x07\0\0\0\0\xcc\xc7\0\0\0\0\0\x07\0\0\0\0\xe5\xc7\0\
\0\0\0\0\x07\0\0\0\0\x05\xc8\0\0\0\0\0\x07\0\0\0\0\x10\xc8\0\0\0\0\0\x07\0\0\0\
\0\x17\xc8\0\0\0\0\0\x07\0\0\0\0\x23\xc8\0\0\0\0\0\x07\0\0\0\0\x33\xc8\0\0\0\0\
\0\x07\0\0\0\0\x3d\xc8\0\0\0\0\0\x07\0\0\0\0\x4c\xc8\0\0\0\0\0\x07\0\0\0\0\x5a\
\xc8\0\0\0\0\0\x07\0\0\0\0\x63\xc8\0\0\0\0\0\x07\0\0\0\0\xd4\x68\0\0\0\0\0\x07\
\0\0\0\0\x79\xc8\0\0\0\0\0\x07\0\0\0\0\x65\x46\0\0\0\0\0\x07\0\0\0\0\x85\xc8\0\
\0\0\0\0\x07\0\0\0\0\x91\xc8\0\0\0\0\0\x07\0\0\0\0\x9f\xc8\0\0\0\0\0\x07\0\0\0\
\0\xa8\xc8\0\0\0\0\0\x07\0\0\0\0\xbb\xc8\0\0\0\0\0\x07\0\0\0\0\xc6\xc8\0\0\0\0\
\0\x07\0\0\0\0\xd3\xc8\0\0\0\0\0\x07\0\0\0\0\xdf\xc8\0\0\0\0\0\x07\0\0\0\0\xee\
\xc8\0\0\0\0\0\x07\0\0\0\0\x04\xc9\0\0\0\0\0\x07\0\0\0\0\x15\xc9\0\0\0\0\0\x07\
\0\0\0\0\x20\xc9\0\0\0\0\0\x07\0\0\0\0\x2a\xc9\0\0\0\0\0\x07\0\0\0\0\x43\xc9\0\
\0\0\0\0\x07\0\0\0\0\x52\xc9\0\0\0\0\0\x07\0\0\0\0\x63\xc9\0\0\0\0\0\x07\0\0\0\
\0\x74\xc9\0\0\0\0\0\x07\0\0\0\0\x7e\xc9\0\0\0\0\0\x07\0\0\0\0\x8b\xc9\0\0\0\0\
\0\x07\0\0\0\0\x9b\xc9\0\0\0\0\0\x07\0\0\0\0\xa5\xc9\0\0\0\0\0\x07\0\0\0\0\xaf\
\xc9\0\0\0\0\0\x07\0\0\0\0\xa9\x8a\0\0\0\0\0\x07\0\0\0\0\xb9\xc9\0\0\0\0\0\x07\
\0\0\0\0\xc6\xc9\0\0\0\0\0\x07\0\0\0\0\xd6\xc9\0\0\0\0\0\x07\0\0\0\0\xec\xc9\0\
\0\0\0\0\x07\0\0\0\0\xff\xc9\0\0\0\0\0\x07\0\0\0\0\x10\xca\0\0\0\0\0\x07\0\0\0\
\0\x1d\xca\0\0\0\0\0\x07\0\0\0\0\x27\xca\0\0\0\0\0\x07\0\0\0\0\x31\xca\0\0\0\0\
\0\x07\0\0\0\0\x3b\xca\0\0\0\0\0\x07\0\0\0\0\x4d\xca\0\0\0\0\0\x07\0\0\0\0\x60\
\xca\0\0\0\0\0\x07\0\0\0\0\x6c\xca\0\0\0\0\0\x07\0\0\0\0\x7e\xca\0\0\0\0\0\x07\
\0\0\0\0\x89\xca\0\0\0\0\0\x07\0\0\0\0\x94\xca\0\0\0\0\0\x07\0\0\0\0\xa6\xca\0\
\0\0\0\0\x07\0\0\0\0\xbc\xca\0\0\0\0\0\x07\0\0\0\0\xc7\xca\0\0\0\0\0\x07\0\0\0\
\0\xc3\x86\0\0\0\0\0\x07\0\0\0\0\xd1\xca\0\0\0\0\0\x07\0\0\0\0\xcf\x86\0\0\0\0\
\0\x07\0\0\0\0\xe3\xca\0\0\0\0\0\x07\0\0\0\0\xed\xca\0\0\0\0\0\x07\0\0\0\0\x4d\
\x73\0\0\0\0\0\x07\0\0\0\0\xf9\xca\0\0\0\0\0\x07\0\0\0\0\x04\xcb\0\0\0\0\0\x07\
\0\0\0\0\x10\xcb\0\0\0\0\0\x07\0\0\0\0\x1d\xcb\0\0\0\0\0\x07\0\0\0\0\x2e\xcb\0\
\0\0\0\0\x07\0\0\0\0\x43\xcb\0\0\0\0\0\x07\0\0\0\0\x52\xcb\0\0\0\0\0\x07\0\0\0\
\0\x61\xcb\0\0\0\0\0\x07\0\0\0\0\x6a\xcb\0\0\0\0\0\x07\0\0\0\0\x7c\xcb\0\0\0\0\
\0\x07\0\0\0\0\xd9\x86\0\0\0\0\0\x07\0\0\0\0\xb5\x87\0\0\0\0\0\x07\0\0\0\0\x91\
\xcb\0\0\0\0\0\x07\0\0\0\0\x9e\xcb\0\0\0\0\0\x07\0\0\0\0\xa5\xcb\0\0\0\0\0\x07\
\0\0\0\0\xae\xcb\0\0\0\0\0\x07\0\0\0\0\xb7\xcb\0\0\0\0\0\x07\0\0\0\0\xc9\xcb\0\
\0\0\0\0\x07\0\0\0\0\xd6\xcb\0\0\0\0\0\x07\0\0\0\0\xe4\xcb\0\0\0\0\0\x07\0\0\0\
\0\xef\xcb\0\0\0\0\0\x07\0\0\0\0\0\xcc\0\0\0\0\0\x07\0\0\0\0\x0e\xcc\0\0\0\0\0\
\x07\0\0\0\0\x1a\xcc\0\0\0\0\0\x07\0\0\0\0\x2b\xcc\0\0\0\0\0\x07\0\0\0\0\x39\
\xcc\0\0\0\0\0\x07\0\0\0\0\x47\xcc\0\0\0\0\0\x07\0\0\0\0\x58\xcc\0\0\0\0\0\x07\
\0\0\0\0\x6b\xcc\0\0\0\0\0\x07\0\0\0\0\x74\xcc\0\0\0\0\0\x07\0\0\0\0\x87\xcc\0\
\0\0\0\0\x07\0\0\0\0\x93\xcc\0\0\0\0\0\x07\0\0\0\0\xff\x89\0\0\0\0\0\x07\0\0\0\
\0\xa4\xcc\0\0\0\0\0\x07\0\0\0\0\xaf\xcc\0\0\0\0\0\x07\0\0\0\0\xb4\xcc\0\0\0\0\
\0\x07\0\0\0\0\xc9\xcc\0\0\0\0\0\x07\0\0\0\0\xe1\xcc\0\0\0\0\0\x07\0\0\0\0\xe9\
\xcc\0\0\0\0\0\x07\0\0\0\0\xf0\xcc\0\0\0\0\0\x07\0\0\0\0\x01\xcd\0\0\0\0\0\x07\
\0\0\0\0\x13\xcd\0\0\0\0\0\x07\0\0\0\0\x25\xcd\0\0\0\0\0\x07\0\0\0\0\xea\x95\0\
\0\0\0\0\x07\0\0\0\0\x3a\xcd\0\0\0\0\0\x07\0\0\0\0\x44\x77\0\0\0\0\0\x07\0\0\0\
\0\x47\xcd\0\0\0\0\0\x07\0\0\0\0\x0e\x1e\0\0\0\0\0\x07\0\0\0\0\x50\xcd\0\0\0\0\
\0\x07\0\0\0\0\x5f\xcd\0\0\0\0\0\x07\0\0\0\0\x72\xcd\0\0\0\0\0\x07\0\0\0\0\x89\
\xcd\0\0\0\0\0\x07\0\0\0\0\x9a\xcd\0\0\0\0\0\x07\0\0\0\0\xaf\xcd\0\0\0\0\0\x07\
\0\0\0\0\xc6\xcd\0\0\0\0\0\x07\0\0\0\0\xd6\xcd\0\0\0\0\0\x07\0\0\0\0\xe8\xcd\0\
\0\0\0\0\x07\0\0\0\0\xfd\xcd\0\0\0\0\0\x07\0\0\0\0\x0c\xce\0\0\0\0\0\x07\0\0\0\
\0\xc5\x16\0\0\0\0\0\x07\0\0\0\0\x1b\xce\0\0\0\0\0\x07\0\0\0\0\x5d\x1a\0\0\0\0\
\0\x07\0\0\0\0\xe8\x1a\0\0\0\0\0\x07\0\0\0\0\x28\xce\0\0\0\0\0\x07\0\0\0\0\x3d\
\xce\0\0\0\0\0\x07\0\0\0\0\xe8\x72\0\0\0\0\0\x07\0\0\0\0\xbc\x96\0\0\0\0\0\x07\
\0\0\0\0\x4d\xce\0\0\0\0\0\x07\0\0\0\0\x55\xce\0\0\0\0\0\x07\0\0\0\0\x5f\xce\0\
\0\0\0\0\x07\0\0\0\0\x68\xce\0\0\0\0\0\x07\0\0\0\0\x74\xce\0\0\0\0\0\x07\0\0\0\
\0\x7f\xce\0\0\0\0\0\x07\0\0\0\0\x8d\xce\0\0\0\0\0\x07\0\0\0\0\x99\xce\0\0\0\0\
\0\x07\0\0\0\0\xa4\xce\0\0\0\0\0\x07\0\0\0\0\xb7\xce\0\0\0\0\0\x07\0\0\0\0\xcc\
\xce\0\0\0\0\0\x07\0\0\0\0\xd5\xce\0\0\0\0\0\x07\0\0\0\0\xe4\xce\0\0\0\0\0\x07\
\0\0\0\0\xf5\xce\0\0\0\0\0\x07\0\0\0\0\x07\xcf\0\0\0\0\0\x07\0\0\0\0\x0f\xcf\0\
\0\0\0\0\x07\0\0\0\0\x21\xcf\0\0\0\0\0\x07\0\0\0\0\x36\xcf\0\0\0\0\0\x07\0\0\0\
\0\x47\xcf\0\0\0\0\0\x07\0\0\0\0\x58\xcf\0\0\0\0\0\x07\0\0\0\0\x65\xcf\0\0\0\0\
\0\x07\0\0\0\0\x73\xcf\0\0\0\0\0\x07\0\0\0\0\x86\xcf\0\0\0\0\0\x07\0\0\0\0\x34\
\x07\0\0\0\0\0\x07\0\0\0\0\x61\x07\0\0\0\0\0\x07\0\0\0\0\x94\xcf\0\0\0\0\0\x07\
\0\0\0\0\xa4\xcf\0\0\0\0\0\x07\0\0\0\0\xb8\xcf\0\0\0\0\0\x07\0\0\0\0\xc4\xcf\0\
\0\0\0\0\x07\0\0\0\0\xcd\xcf\0\0\0\0\0\x07\0\0\0\0\xdf\xcf\0\0\0\0\0\x07\0\0\0\
\0\xed\xcf\0\0\0\0\0\x07\0\0\0\0\xf7\xcf\0\0\0\0\0\x07\0\0\0\0\x03\xd0\0\0\0\0\
\0\x07\0\0\0\0\x0d\xd0\0\0\0\0\0\x07\0\0\0\0\x1b\xd0\0\0\0\0\0\x07\0\0\0\0\x2d\
\xd0\0\0\0\0\0\x07\0\0\0\0\x3c\xd0\0\0\0\0\0\x07\0\0\0\0\xdc\x05\0\0\0\0\0\x07\
\0\0\0\0\x43\xd0\0\0\0\0\0\x07\0\0\0\0\x51\xd0\0\0\0\0\0\x07\0\0\0\0\x5e\xd0\0\
\0\0\0\0\x07\0\0\0\0\x6c\xd0\0\0\0\0\0\x07\0\0\0\0\x92\x06\0\0\0\0\0\x07\0\0\0\
\0\x7b\xd0\0\0\0\0\0\x07\0\0\0\0\x8a\xd0\0\0\0\0\0\x07\0\0\0\0\x9a\xd0\0\0\0\0\
\0\x07\0\0\0\0\x42\x07\0\0\0\0\0\x07\0\0\0\0\x6c\x07\0\0\0\0\0\x07\0\0\0\0\xa3\
\xd0\0\0\0\0\0\x07\0\0\0\0\xb4\xd0\0\0\0\0\0\x07\0\0\0\0\xcc\xd0\0\0\0\0\0\x07\
\0\0\0\0\xb8\x08\0\0\0\0\0\x07\0\0\0\0\xdb\xd0\0\0\0\0\0\x07\0\0\0\0\xec\xd0\0\
\0\0\0\0\x07\0\0\0\0\xf8\xd0\0\0\0\0\0\x07\0\0\0\0\x02\xd1\0\0\0\0\0\x07\0\0\0\
\0\0\x69\x6e\x74\0\x5f\x5f\x41\x52\x52\x41\x59\x5f\x53\x49\x5a\x45\x5f\x54\x59\
\x50\x45\x5f\x5f\0\x74\x79\x70\x65\0\x6d\x61\x78\x5f\x65\x6e\x74\x72\x69\x65\
\x73\0\x72\x62\0\x75\x6e\x73\x69\x67\x6e\x65\x64\x20\x6c\x6f\x6e\x67\x20\x6c\
\x6f\x6e\x67\0\x63\x74\x78\0\x68\x61\x6e\x64\x6c\x65\x5f\x73\x63\x68\x65\x64\
\x5f\x70\x72\x6f\x63\x65\x73\x73\x5f\x65\x78\x65\x63\0\x72\x61\x77\x5f\x74\x72\
\x61\x63\x65\x70\x6f\x69\x6e\x74\x2f\x73\x63\x68\x65\x64\x5f\x70\x72\x6f\x63\
\x65\x73\x73\x5f\x65\x78\x65\x63\0\x74\x61\x73\x6b\x5f\x73\x74\x72\x75\x63\x74\
\0\x74\x68\x72\x65\x61\x64\x5f\x69\x6e\x66\x6f\0\x5f\x5f\x73\x74\x61\x74\x65\0\
\x73\x74\x61\x63\x6b\0\x75\x73\x61\x67\x65\0\x66\x6c\x61\x67\x73\0\x70\x74\x72\
\x61\x63\x65\0\x6f\x6e\x5f\x63\x70\x75\0\x77\x61\x6b\x65\x5f\x65\x6e\x74\x72\
\x79\0\x63\x70\x75\0\x77\x61\x6b\x65\x65\x5f\x66\x6c\x69\x70\x73\0\x77\x61\x6b\
\x65\x65\x5f\x66\x6c\x69\x70\x5f\x64\x65\x63\x61\x79\x5f\x74\x73\0\x6c\x61\x73\
\x74\x5f\x77\x61\x6b\x65\x65\0\x72\x65\x63\x65\x6e\x74\x5f\x75\x73\x65\x64\x5f\
\x63\x70\x75\0\x77\x61\x6b\x65\x5f\x63\x70\x75\0\x6f\x6e\x5f\x72\x71\0\x70\x72\
\x69\x6f\0\x73\x74\x61\x74\x69\x63\x5f\x70\x72\x69\x6f\0\x6e\x6f\x72\x6d\x61\
\x6c\x5f\x70\x72\x69\x6f\0\x72\x74\x5f\x70\x72\x69\x6f\x72\x69\x74\x79\0\x73\
\x63\x68\x65\x64\x5f\x63\x6c\x61\x73\x73\0\x73\x65\0\x72\x74\0\x64\x6c\0\x73\
\x63\x68\x65\x64\x5f\x74\x61\x73\x6b\x5f\x67\x72\x6f\x75\x70\0\x75\x63\x6c\x61\
\x6d\x70\x5f\x72\x65\x71\0\x75\x63\x6c\x61\x6d\x70\0\x70\x72\x6f\x63\x5f\x6c\
\x61\x74\x65\x6e\x63\x79\x5f\x73\x65\x6e\x73\x69\x74\x69\x76\x65\0\x62\x74\x72\
\x61\x63\x65\x5f\x73\x65\x71\0\x70\x6f\x6c\x69\x63\x79\0\x6e\x72\x5f\x63\x70\
\x75\x73\x5f\x61\x6c\x6c\x6f\x77\x65\x64\0\x63\x70\x75\x73\x5f\x70\x74\x72\0\
\x75\x73\x65\x72\x5f\x63\x70\x75\x73\x5f\x70\x74\x72\0\x63\x70\x75\x73\x5f\x6d\
\x61\x73\x6b\0\x6d\x69\x67\x72\x61\x74\x69\x6f\x6e\x5f\x70\x65\x6e\x64\x69\x6e\
\x67\0\x6d\x69\x67\x72\x61\x74\x69\x6f\x6e\x5f\x64\x69\x73\x61\x62\x6c\x65\x64\
\0\x6d\x69\x67\x72\x61\x74\x69\x6f\x6e\x5f\x66\x6c\x61\x67\x73\0\x72\x63\x75\
\x5f\x72\x65\x61\x64\x5f\x6c\x6f\x63\x6b\x5f\x6e\x65\x73\x74\x69\x6e\x67\0\x72\
\x63\x75\x5f\x72\x65\x61\x64\x5f\x75\x6e\x6c\x6f\x63\x6b\x5f\x73\x70\x65\x63\
\x69\x61\x6c\0\x72\x63\x75\x5f\x6e\x6f\x64\x65\x5f\x65\x6e\x74\x72\x79\0\x72\
\x63\x75\x5f\x62\x6c\x6f\x63\x6b\x65\x64\x5f\x6e\x6f\x64\x65\0\x72\x63\x75\x5f\
\x74\x61\x73\x6b\x73\x5f\x6e\x76\x63\x73\x77\0\x72\x63\x75\x5f\x74\x61\x73\x6b\
\x73\x5f\x68\x6f\x6c\x64\x6f\x75\x74\0\x72\x63\x75\x5f\x74\x61\x73\x6b\x73\x5f\
\x69\x64\x78\0\x72\x63\x75\x5f\x74\x61\x73\x6b\x73\x5f\x69\x64\x6c\x65\x5f\x63\
\x70\x75\0\x72\x63\x75\x5f\x74\x61\x73\x6b\x73\x5f\x68\x6f\x6c\x64\x6f\x75\x74\
\x5f\x6c\x69\x73\x74\0\x74\x72\x63\x5f\x72\x65\x61\x64\x65\x72\x5f\x6e\x65\x73\
\x74\x69\x6e\x67\0\x74\x72\x63\x5f\x69\x70\x69\x5f\x74\x6f\x5f\x63\x70\x75\0\
\x74\x72\x63\x5f\x72\x65\x61\x64\x65\x72\x5f\x73\x70\x65\x63\x69\x61\x6c\0\x74\
\x72\x63\x5f\x72\x65\x61\x64\x65\x72\x5f\x63\x68\x65\x63\x6b\x65\x64\0\x74\x72\
\x63\x5f\x68\x6f\x6c\x64\x6f\x75\x74\x5f\x6c\x69\x73\x74\0\x73\x63\x68\x65\x64\
\x5f\x69\x6e\x66\x6f\0\x74\x61\x73\x6b\x73\0\x70\x75\x73\x68\x61\x62\x6c\x65\
\x5f\x74\x61\x73\x6b\x73\0\x70\x75\x73\x68\x61\x62\x6c\x65\x5f\x64\x6c\x5f\x74\
\x61\x73\x6b\x73\0\x6d\x6d\0\x61\x63\x74\x69\x76\x65\x5f\x6d\x6d\0\x76\x6d\x61\
\x63\x61\x63\x68\x65\0\x72\x73\x73\x5f\x73\x74\x61\x74\0\x65\x78\x69\x74\x5f\
\x73\x74\x61\x74\x65\0\x65\x78\x69\x74\x5f\x63\x6f\x64\x65\0\x65\x78\x69\x74\
\x5f\x73\x69\x67\x6e\x61\x6c\0\x70\x64\x65\x61\x74\x68\x5f\x73\x69\x67\x6e\x61\
\x6c\0\x6a\x6f\x62\x63\x74\x6c\0\x70\x65\x72\x73\x6f\x6e\x61\x6c\x69\x74\x79\0\
\x73\x63\x68\x65\x64\x5f\x72\x65\x73\x65\x74\x5f\x6f\x6e\x5f\x66\x6f\x72\x6b\0\
\x73\x63\x68\x65\x64\x5f\x63\x6f\x6e\x74\x72\x69\x62\x75\x74\x65\x73\x5f\x74\
\x6f\x5f\x6c\x6f\x61\x64\0\x73\x63\x68\x65\x64\x5f\x6d\x69\x67\x72\x61\x74\x65\
\x64\0\x73\x63\x68\x65\x64\x5f\x70\x73\x69\x5f\x77\x61\x6b\x65\x5f\x72\x65\x71\
\x75\x65\x75\x65\0\x73\x63\x68\x65\x64\x5f\x72\x65\x6d\x6f\x74\x65\x5f\x77\x61\
\x6b\x65\x75\x70\0\x69\x6e\x5f\x65\x78\x65\x63\x76\x65\0\x69\x6e\x5f\x69\x6f\
\x77\x61\x69\x74\0\x69\x6e\x5f\x6c\x72\x75\x5f\x66\x61\x75\x6c\x74\0\x6e\x6f\
\x5f\x63\x67\x72\x6f\x75\x70\x5f\x6d\x69\x67\x72\x61\x74\x69\x6f\x6e\0\x66\x72\
\x6f\x7a\x65\x6e\0\x75\x73\x65\x5f\x6d\x65\x6d\x64\x65\x6c\x61\x79\0\x69\x6e\
\x5f\x6d\x65\x6d\x73\x74\x61\x6c\x6c\0\x69\x6e\x5f\x65\x76\x65\x6e\x74\x66\x64\
\0\x61\x74\x6f\x6d\x69\x63\x5f\x66\x6c\x61\x67\x73\0\x72\x65\x73\x74\x61\x72\
\x74\x5f\x62\x6c\x6f\x63\x6b\0\x70\x69\x64\0\x74\x67\x69\x64\0\x73\x74\x61\x63\
\x6b\x5f\x63\x61\x6e\x61\x72\x79\0\x72\x65\x61\x6c\x5f\x70\x61\x72\x65\x6e\x74\
\0\x70\x61\x72\x65\x6e\x74\0\x63\x68\x69\x6c\x64\x72\x65\x6e\0\x73\x69\x62\x6c\
\x69\x6e\x67\0\x67\x72\x6f\x75\x70\x5f\x6c\x65\x61\x64\x65\x72\0\x70\x74\x72\
\x61\x63\x65\x64\0\x70\x74\x72\x61\x63\x65\x5f\x65\x6e\x74\x72\x79\0\x74\x68\
\x72\x65\x61\x64\x5f\x70\x69\x64\0\x70\x69\x64\x5f\x6c\x69\x6e\x6b\x73\0\x74\
\x68\x72\x65\x61\x64\x5f\x67\x72\x6f\x75\x70\0\x74\x68\x72\x65\x61\x64\x5f\x6e\
\x6f\x64\x65\0\x76\x66\x6f\x72\x6b\x5f\x64\x6f\x6e\x65\0\x73\x65\x74\x5f\x63\
\x68\x69\x6c\x64\x5f\x74\x69\x64\0\x63\x6c\x65\x61\x72\x5f\x63\x68\x69\x6c\x64\
\x5f\x74\x69\x64\0\x70\x66\x5f\x69\x6f\x5f\x77\x6f\x72\x6b\x65\x72\0\x75\x74\
\x69\x6d\x65\0\x73\x74\x69\x6d\x65\0\x67\x74\x69\x6d\x65\0\x70\x72\x65\x76\x5f\
\x63\x70\x75\x74\x69\x6d\x65\0\x6e\x76\x63\x73\x77\0\x6e\x69\x76\x63\x73\x77\0\
\x73\x74\x61\x72\x74\x5f\x74\x69\x6d\x65\0\x73\x74\x61\x72\x74\x5f\x62\x6f\x6f\
\x74\x74\x69\x6d\x65\0\x6d\x69\x6e\x5f\x66\x6c\x74\0\x6d\x61\x6a\x5f\x66\x6c\
\x74\0\x70\x6f\x73\x69\x78\x5f\x63\x70\x75\x74\x69\x6d\x65\x72\x73\0\x70\x74\
\x72\x61\x63\x65\x72\x5f\x63\x72\x65\x64\0\x72\x65\x61\x6c\x5f\x63\x72\x65\x64\
\0\x63\x72\x65\x64\0\x63\x61\x63\x68\x65\x64\x5f\x72\x65\x71\x75\x65\x73\x74\
\x65\x64\x5f\x6b\x65\x79\0\x63\x6f\x6d\x6d\0\x6e\x61\x6d\x65\x69\x64\x61\x74\
\x61\0\x73\x79\x73\x76\x73\x65\x6d\0\x73\x79\x73\x76\x73\x68\x6d\0\x6c\x61\x73\
\x74\x5f\x73\x77\x69\x74\x63\x68\x5f\x63\x6f\x75\x6e\x74\0\x6c\x61\x73\x74\x5f\
\x73\x77\x69\x74\x63\x68\x5f\x74\x69\x6d\x65\0\x66\x73\0\x66\x69\x6c\x65\x73\0\
\x6e\x73\x70\x72\x6f\x78\x79\0\x73\x69\x67\x6e\x61\x6c\0\x73\x69\x67\x68\x61\
\x6e\x64\0\x62\x6c\x6f\x63\x6b\x65\x64\0\x72\x65\x61\x6c\x5f\x62\x6c\x6f\x63\
\x6b\x65\x64\0\x73\x61\x76\x65\x64\x5f\x73\x69\x67\x6d\x61\x73\x6b\0\x70\x65\
\x6e\x64\x69\x6e\x67\0\x73\x61\x73\x5f\x73\x73\x5f\x73\x70\0\x73\x61\x73\x5f\
\x73\x73\x5f\x73\x69\x7a\x65\0\x73\x61\x73\x5f\x73\x73\x5f\x66\x6c\x61\x67\x73\
\0\x74\x61\x73\x6b\x5f\x77\x6f\x72\x6b\x73\0\x61\x75\x64\x69\x74\x5f\x63\x6f\
\x6e\x74\x65\x78\x74\0\x6c\x6f\x67\x69\x6e\x75\x69\x64\0\x73\x65\x73\x73\x69\
\x6f\x6e\x69\x64\0\x73\x65\x63\x63\x6f\x6d\x70\0\x73\x79\x73\x63\x61\x6c\x6c\
\x5f\x64\x69\x73\x70\x61\x74\x63\x68\0\x70\x61\x72\x65\x6e\x74\x5f\x65\x78\x65\
\x63\x5f\x69\x64\0\x73\x65\x6c\x66\x5f\x65\x78\x65\x63\x5f\x69\x64\0\x61\x6c\
\x6c\x6f\x63\x5f\x6c\x6f\x63\x6b\0\x70\x69\x5f\x6c\x6f\x63\x6b\0\x77\x61\x6b\
\x65\x5f\x71\0\x70\x69\x5f\x77\x61\x69\x74\x65\x72\x73\0\x70\x69\x5f\x74\x6f\
\x70\x5f\x74\x61\x73\x6b\0\x70\x69\x5f\x62\x6c\x6f\x63\x6b\x65\x64\x5f\x6f\x6e\
\0\x6a\x6f\x75\x72\x6e\x61\x6c\x5f\x69\x6e\x66\x6f\0\x62\x69\x6f\x5f\x6c\x69\
\x73\x74\0\x70\x6c\x75\x67\0\x72\x65\x63\x6c\x61\x69\x6d\x5f\x73\x74\x61\x74\
\x65\0\x62\x61\x63\x6b\x69\x6e\x67\x5f\x64\x65\x76\x5f\x69\x6e\x66\x6f\0\x69\
\x6f\x5f\x63\x6f\x6e\x74\x65\x78\x74\0\x63\x61\x70\x74\x75\x72\x65\x5f\x63\x6f\
\x6e\x74\x72\x6f\x6c\0\x70\x74\x72\x61\x63\x65\x5f\x6d\x65\x73\x73\x61\x67\x65\
\0\x6c\x61\x73\x74\x5f\x73\x69\x67\x69\x6e\x66\x6f\0\x69\x6f\x61\x63\0\x70\x73\
\x69\x5f\x66\x6c\x61\x67\x73\0\x61\x63\x63\x74\x5f\x72\x73\x73\x5f\x6d\x65\x6d\
\x31\0\x61\x63\x63\x74\x5f\x76\x6d\x5f\x6d\x65\x6d\x31\0\x61\x63\x63\x74\x5f\
\x74\x69\x6d\x65\x78\x70\x64\0\x6d\x65\x6d\x73\x5f\x61\x6c\x6c\x6f\x77\x65\x64\
\0\x6d\x65\x6d\x73\x5f\x61\x6c\x6c\x6f\x77\x65\x64\x5f\x73\x65\x71\0\x63\x70\
\x75\x73\x65\x74\x5f\x6d\x65\x6d\x5f\x73\x70\x72\x65\x61\x64\x5f\x72\x6f\x74\
\x6f\x72\0\x63\x70\x75\x73\x65\x74\x5f\x73\x6c\x61\x62\x5f\x73\x70\x72\x65\x61\
\x64\x5f\x72\x6f\x74\x6f\x72\0\x63\x67\x72\x6f\x75\x70\x73\0\x63\x67\x5f\x6c\
\x69\x73\x74\0\x72\x6f\x62\x75\x73\x74\x5f\x6c\x69\x73\x74\0\x63\x6f\x6d\x70\
\x61\x74\x5f\x72\x6f\x62\x75\x73\x74\x5f\x6c\x69\x73\x74\0\x70\x69\x5f\x73\x74\
\x61\x74\x65\x5f\x6c\x69\x73\x74\0\x70\x69\x5f\x73\x74\x61\x74\x65\x5f\x63\x61\
\x63\x68\x65\0\x66\x75\x74\x65\x78\x5f\x65\x78\x69\x74\x5f\x6d\x75\x74\x65\x78\
\0\x66\x75\x74\x65\x78\x5f\x73\x74\x61\x74\x65\0\x70\x65\x72\x66\x5f\x65\x76\
\x65\x6e\x74\x5f\x63\x74\x78\x70\0\x70\x65\x72\x66\x5f\x65\x76\x65\x6e\x74\x5f\
\x6d\x75\x74\x65\x78\0\x70\x65\x72\x66\x5f\x65\x76\x65\x6e\x74\x5f\x6c\x69\x73\
\x74\0\x72\x73\x65\x71\0\x72\x73\x65\x71\x5f\x73\x69\x67\0\x72\x73\x65\x71\x5f\
\x65\x76\x65\x6e\x74\x5f\x6d\x61\x73\x6b\0\x74\x6c\x62\x5f\x75\x62\x63\0\x73\
\x70\x6c\x69\x63\x65\x5f\x70\x69\x70\x65\0\x74\x61\x73\x6b\x5f\x66\x72\x61\x67\
\0\x6e\x72\x5f\x64\x69\x72\x74\x69\x65\x64\0\x6e\x72\x5f\x64\x69\x72\x74\x69\
\x65\x64\x5f\x70\x61\x75\x73\x65\0\x64\x69\x72\x74\x79\x5f\x70\x61\x75\x73\x65\
\x64\x5f\x77\x68\x65\x6e\0\x74\x69\x6d\x65\x72\x5f\x73\x6c\x61\x63\x6b\x5f\x6e\
\x73\0\x64\x65\x66\x61\x75\x6c\x74\x5f\x74\x69\x6d\x65\x72\x5f\x73\x6c\x61\x63\
\x6b\x5f\x6e\x73\0\x63\x75\x72\x72\x5f\x72\x65\x74\x5f\x73\x74\x61\x63\x6b\0\
\x63\x75\x72\x72\x5f\x72\x65\x74\x5f\x64\x65\x70\x74\x68\0\x72\x65\x74\x5f\x73\
\x74\x61\x63\x6b\0\x66\x74\x72\x61\x63\x65\x5f\x74\x69\x6d\x65\x73\x74\x61\x6d\
\x70\0\x74\x72\x61\x63\x65\x5f\x6f\x76\x65\x72\x72\x75\x6e\0\x74\x72\x61\x63\
\x69\x6e\x67\x5f\x67\x72\x61\x70\x68\x5f\x70\x61\x75\x73\x65\0\x74\x72\x61\x63\
\x65\0\x74\x72\x61\x63\x65\x5f\x72\x65\x63\x75\x72\x73\x69\x6f\x6e\0\x74\x68\
\x72\x6f\x74\x74\x6c\x65\x5f\x71\x75\x65\x75\x65\0\x75\x74\x61\x73\x6b\0\x6b\
\x6d\x61\x70\x5f\x63\x74\x72\x6c\0\x70\x61\x67\x65\x66\x61\x75\x6c\x74\x5f\x64\
\x69\x73\x61\x62\x6c\x65\x64\0\x6f\x6f\x6d\x5f\x72\x65\x61\x70\x65\x72\x5f\x6c\
\x69\x73\x74\0\x6f\x6f\x6d\x5f\x72\x65\x61\x70\x65\x72\x5f\x74\x69\x6d\x65\x72\
\0\x73\x74\x61\x63\x6b\x5f\x76\x6d\x5f\x61\x72\x65\x61\0\x73\x74\x61\x63\x6b\
\x5f\x72\x65\x66\x63\x6f\x75\x6e\x74\0\x73\x65\x63\x75\x72\x69\x74\x79\0\x62\
\x70\x66\x5f\x73\x74\x6f\x72\x61\x67\x65\0\x62\x70\x66\x5f\x63\x74\x78\0\x6b\
\x72\x65\x74\x70\x72\x6f\x62\x65\x5f\x69\x6e\x73\x74\x61\x6e\x63\x65\x73\0\x74\
\x68\x72\x65\x61\x64\0\x74\x74\x62\x72\x30\0\x6e\x72\x5f\x73\x79\x73\x63\x61\
\x6c\x6c\x73\0\x73\x79\x73\x5f\x63\x61\x6c\x6c\x5f\x74\x61\x62\x6c\x65\0\x63\
\x6f\x6d\x70\x61\x74\x5f\x6e\x72\x5f\x73\x79\x73\x63\x61\x6c\x6c\x73\0\x63\x6f\
\x6d\x70\x61\x74\x5f\x73\x79\x73\x5f\x63\x61\x6c\x6c\x5f\x74\x61\x62\x6c\x65\0\
\x75\x6e\x73\x69\x67\x6e\x65\x64\x20\x6c\x6f\x6e\x67\0\x75\x36\x34\0\x5f\x5f\
\x75\x36\x34\0\x70\x72\x65\x65\x6d\x70\x74\x5f\x63\x6f\x75\x6e\x74\0\x70\x72\
\x65\x65\x6d\x70\x74\0\x63\x6f\x75\x6e\x74\0\x6e\x65\x65\x64\x5f\x72\x65\x73\
\x63\x68\x65\x64\0\x75\x33\x32\0\x5f\x5f\x75\x33\x32\0\x75\x6e\x73\x69\x67\x6e\
\x65\x64\x20\x69\x6e\x74\0\x72\x65\x66\x63\x6f\x75\x6e\x74\x5f\x74\0\x72\x65\
\x66\x63\x6f\x75\x6e\x74\x5f\x73\x74\x72\x75\x63\x74\0\x72\x65\x66\x73\0\x61\
\x74\x6f\x6d\x69\x63\x5f\x74\0\x63\x6f\x75\x6e\x74\x65\x72\0\x5f\x5f\x63\x61\
\x6c\x6c\x5f\x73\x69\x6e\x67\x6c\x65\x5f\x6e\x6f\x64\x65\0\x6c\x6c\x69\x73\x74\
\0\x73\x72\x63\0\x64\x73\x74\0\x6c\x6c\x69\x73\x74\x5f\x6e\x6f\x64\x65\0\x6e\
\x65\x78\x74\0\x75\x5f\x66\x6c\x61\x67\x73\0\x61\x5f\x66\x6c\x61\x67\x73\0\x75\
\x31\x36\0\x5f\x5f\x75\x31\x36\0\x75\x6e\x73\x69\x67\x6e\x65\x64\x20\x73\x68\
\x6f\x72\x74\0\x73\x63\x68\x65\x64\x5f\x65\x6e\x74\x69\x74\x79\0\x6c\x6f\x61\
\x64\0\x72\x75\x6e\x5f\x6e\x6f\x64\x65\0\x67\x72\x6f\x75\x70\x5f\x6e\x6f\x64\
\x65\0\x65\x78\x65\x63\x5f\x73\x74\x61\x72\x74\0\x73\x75\x6d\x5f\x65\x78\x65\
\x63\x5f\x72\x75\x6e\x74\x69\x6d\x65\0\x76\x72\x75\x6e\x74\x69\x6d\x65\0\x70\
\x72\x65\x76\x5f\x73\x75\x6d\x5f\x65\x78\x65\x63\x5f\x72\x75\x6e\x74\x69\x6d\
\x65\0\x6e\x72\x5f\x6d\x69\x67\x72\x61\x74\x69\x6f\x6e\x73\0\x73\x74\x61\x74\
\x69\x73\x74\x69\x63\x73\0\x64\x65\x70\x74\x68\0\x63\x66\x73\x5f\x72\x71\0\x6d\
\x79\x5f\x71\0\x72\x75\x6e\x6e\x61\x62\x6c\x65\x5f\x77\x65\x69\x67\x68\x74\0\
\x61\x76\x67\0\x6c\x6f\x61\x64\x5f\x77\x65\x69\x67\x68\x74\0\x77\x65\x69\x67\
\x68\x74\0\x69\x6e\x76\x5f\x77\x65\x69\x67\x68\x74\0\x72\x62\x5f\x6e\x6f\x64\
\x65\0\x5f\x5f\x72\x62\x5f\x70\x61\x72\x65\x6e\x74\x5f\x63\x6f\x6c\x6f\x72\0\
\x72\x62\x5f\x72\x69\x67\x68\x74\0\x72\x62\x5f\x6c\x65\x66\x74\0\x6c\x69\x73\
\x74\x5f\x68\x65\x61\x64\0\x70\x72\x65\x76\0\x73\x63\x68\x65\x64\x5f\x73\x74\
\x61\x74\x69\x73\x74\x69\x63\x73\0\x77\x61\x69\x74\x5f\x73\x74\x61\x72\x74\0\
\x77\x61\x69\x74\x5f\x6d\x61\x78\0\x77\x61\x69\x74\x5f\x63\x6f\x75\x6e\x74\0\
\x77\x61\x69\x74\x5f\x73\x75\x6d\0\x69\x6f\x77\x61\x69\x74\x5f\x63\x6f\x75\x6e\
\x74\0\x69\x6f\x77\x61\x69\x74\x5f\x73\x75\x6d\0\x73\x6c\x65\x65\x70\x5f\x73\
\x74\x61\x72\x74\0\x73\x6c\x65\x65\x70\x5f\x6d\x61\x78\0\x73\x75\x6d\x5f\x73\
\x6c\x65\x65\x70\x5f\x72\x75\x6e\x74\x69\x6d\x65\0\x62\x6c\x6f\x63\x6b\x5f\x73\
\x74\x61\x72\x74\0\x62\x6c\x6f\x63\x6b\x5f\x6d\x61\x78\0\x65\x78\x65\x63\x5f\
\x6d\x61\x78\0\x73\x6c\x69\x63\x65\x5f\x6d\x61\x78\0\x6e\x72\x5f\x6d\x69\x67\
\x72\x61\x74\x69\x6f\x6e\x73\x5f\x63\x6f\x6c\x64\0\x6e\x72\x5f\x66\x61\x69\x6c\
\x65\x64\x5f\x6d\x69\x67\x72\x61\x74\x69\x6f\x6e\x73\x5f\x61\x66\x66\x69\x6e\
\x65\0\x6e\x72\x5f\x66\x61\x69\x6c\x65\x64\x5f\x6d\x69\x67\x72\x61\x74\x69\x6f\
\x6e\x73\x5f\x72\x75\x6e\x6e\x69\x6e\x67\0\x6e\x72\x5f\x66\x61\x69\x6c\x65\x64\
\x5f\x6d\x69\x67\x72\x61\x74\x69\x6f\x6e\x73\x5f\x68\x6f\x74\0\x6e\x72\x5f\x66\
\x6f\x72\x63\x65\x64\x5f\x6d\x69\x67\x72\x61\x74\x69\x6f\x6e\x73\0\x6e\x72\x5f\
\x77\x61\x6b\x65\x75\x70\x73\0\x6e\x72\x5f\x77\x61\x6b\x65\x75\x70\x73\x5f\x73\
\x79\x6e\x63\0\x6e\x72\x5f\x77\x61\x6b\x65\x75\x70\x73\x5f\x6d\x69\x67\x72\x61\
\x74\x65\0\x6e\x72\x5f\x77\x61\x6b\x65\x75\x70\x73\x5f\x6c\x6f\x63\x61\x6c\0\
\x6e\x72\x5f\x77\x61\x6b\x65\x75\x70\x73\x5f\x72\x65\x6d\x6f\x74\x65\0\x6e\x72\
\x5f\x77\x61\x6b\x65\x75\x70\x73\x5f\x61\x66\x66\x69\x6e\x65\0\x6e\x72\x5f\x77\
\x61\x6b\x65\x75\x70\x73\x5f\x61\x66\x66\x69\x6e\x65\x5f\x61\x74\x74\x65\x6d\
\x70\x74\x73\0\x6e\x72\x5f\x77\x61\x6b\x65\x75\x70\x73\x5f\x70\x61\x73\x73\x69\
\x76\x65\0\x6e\x72\x5f\x77\x61\x6b\x65\x75\x70\x73\x5f\x69\x64\x6c\x65\0\x73\
\x36\x34\0\x5f\x5f\x73\x36\x34\0\x6c\x6f\x6e\x67\x20\x6c\x6f\x6e\x67\0\x6e\x72\
\x5f\x72\x75\x6e\x6e\x69\x6e\x67\0\x68\x5f\x6e\x72\x5f\x72\x75\x6e\x6e\x69\x6e\
\x67\0\x69\x64\x6c\x65\x5f\x68\x5f\x6e\x72\x5f\x72\x75\x6e\x6e\x69\x6e\x67\0\
\x65\x78\x65\x63\x5f\x63\x6c\x6f\x63\x6b\0\x6d\x69\x6e\x5f\x76\x72\x75\x6e\x74\
\x69\x6d\x65\0\x74\x61\x73\x6b\x73\x5f\x74\x69\x6d\x65\x6c\x69\x6e\x65\0\x63\
\x75\x72\x72\0\x6c\x61\x73\x74\0\x73\x6b\x69\x70\0\x6e\x72\x5f\x73\x70\x72\x65\
\x61\x64\x5f\x6f\x76\x65\x72\0\x72\x65\x6d\x6f\x76\x65\x64\0\x74\x67\x5f\x6c\
\x6f\x61\x64\x5f\x61\x76\x67\x5f\x63\x6f\x6e\x74\x72\x69\x62\0\x70\x72\x6f\x70\
\x61\x67\x61\x74\x65\0\x70\x72\x6f\x70\x5f\x72\x75\x6e\x6e\x61\x62\x6c\x65\x5f\
\x73\x75\x6d\0\x68\x5f\x6c\x6f\x61\x64\0\x6c\x61\x73\x74\x5f\x68\x5f\x6c\x6f\
\x61\x64\x5f\x75\x70\x64\x61\x74\x65\0\x68\x5f\x6c\x6f\x61\x64\x5f\x6e\x65\x78\
\x74\0\x72\x71\0\x6f\x6e\x5f\x6c\x69\x73\x74\0\x6c\x65\x61\x66\x5f\x63\x66\x73\
\x5f\x72\x71\x5f\x6c\x69\x73\x74\0\x74\x67\0\x69\x64\x6c\x65\0\x72\x75\x6e\x74\
\x69\x6d\x65\x5f\x65\x6e\x61\x62\x6c\x65\x64\0\x72\x75\x6e\x74\x69\x6d\x65\x5f\
\x72\x65\x6d\x61\x69\x6e\x69\x6e\x67\0\x74\x68\x72\x6f\x74\x74\x6c\x65\x64\x5f\
\x63\x6c\x6f\x63\x6b\0\x74\x68\x72\x6f\x74\x74\x6c\x65\x64\x5f\x63\x6c\x6f\x63\
\x6b\x5f\x70\x65\x6c\x74\0\x74\x68\x72\x6f\x74\x74\x6c\x65\x64\x5f\x63\x6c\x6f\
\x63\x6b\x5f\x70\x65\x6c\x74\x5f\x74\x69\x6d\x65\0\x74\x68\x72\x6f\x74\x74\x6c\
\x65\x64\0\x74\x68\x72\x6f\x74\x74\x6c\x65\x5f\x63\x6f\x75\x6e\x74\0\x74\x68\
\x72\x6f\x74\x74\x6c\x65\x64\x5f\x6c\x69\x73\x74\0\x72\x62\x5f\x72\x6f\x6f\x74\
\x5f\x63\x61\x63\x68\x65\x64\0\x72\x62\x5f\x72\x6f\x6f\x74\0\x72\x62\x5f\x6c\
\x65\x66\x74\x6d\x6f\x73\x74\0\x73\x63\x68\x65\x64\x5f\x61\x76\x67\0\x6c\x61\
\x73\x74\x5f\x75\x70\x64\x61\x74\x65\x5f\x74\x69\x6d\x65\0\x6c\x6f\x61\x64\x5f\
\x73\x75\x6d\0\x72\x75\x6e\x6e\x61\x62\x6c\x65\x5f\x73\x75\x6d\0\x75\x74\x69\
\x6c\x5f\x73\x75\x6d\0\x70\x65\x72\x69\x6f\x64\x5f\x63\x6f\x6e\x74\x72\x69\x62\
\0\x6c\x6f\x61\x64\x5f\x61\x76\x67\0\x72\x75\x6e\x6e\x61\x62\x6c\x65\x5f\x61\
\x76\x67\0\x75\x74\x69\x6c\x5f\x61\x76\x67\0\x75\x74\x69\x6c\x5f\x65\x73\x74\0\
\x65\x6e\x71\x75\x65\x75\x65\x64\0\x65\x77\x6d\x61\0\x6c\x6f\x63\x6b\0\x6e\x72\
\0\x72\x61\x77\x5f\x73\x70\x69\x6e\x6c\x6f\x63\x6b\x5f\x74\0\x72\x61\x77\x5f\
\x73\x70\x69\x6e\x6c\x6f\x63\x6b\0\x72\x61\x77\x5f\x6c\x6f\x63\x6b\0\x61\x72\
\x63\x68\x5f\x73\x70\x69\x6e\x6c\x6f\x63\x6b\x5f\x74\0\x71\x73\x70\x69\x6e\x6c\
\x6f\x63\x6b\0\x76\x61\x6c\0\x6c\x6f\x63\x6b\x65\x64\0\x75\x38\0\x5f\x5f\x75\
\x38\0\x75\x6e\x73\x69\x67\x6e\x65\x64\x20\x63\x68\x61\x72\0\x6c\x6f\x63\x6b\
\x65\x64\x5f\x70\x65\x6e\x64\x69\x6e\x67\0\x74\x61\x69\x6c\0\x6c\x6f\x6e\x67\0\
\x73\x63\x68\x65\x64\x5f\x72\x74\x5f\x65\x6e\x74\x69\x74\x79\0\x72\x75\x6e\x5f\
\x6c\x69\x73\x74\0\x74\x69\x6d\x65\x6f\x75\x74\0\x77\x61\x74\x63\x68\x64\x6f\
\x67\x5f\x73\x74\x61\x6d\x70\0\x74\x69\x6d\x65\x5f\x73\x6c\x69\x63\x65\0\x62\
\x61\x63\x6b\0\x73\x63\x68\x65\x64\x5f\x64\x6c\x5f\x65\x6e\x74\x69\x74\x79\0\
\x64\x6c\x5f\x72\x75\x6e\x74\x69\x6d\x65\0\x64\x6c\x5f\x64\x65\x61\x64\x6c\x69\
\x6e\x65\0\x64\x6c\x5f\x70\x65\x72\x69\x6f\x64\0\x64\x6c\x5f\x62\x77\0\x64\x6c\
\x5f\x64\x65\x6e\x73\x69\x74\x79\0\x72\x75\x6e\x74\x69\x6d\x65\0\x64\x65\x61\
\x64\x6c\x69\x6e\x65\0\x64\x6c\x5f\x74\x68\x72\x6f\x74\x74\x6c\x65\x64\0\x64\
\x6c\x5f\x79\x69\x65\x6c\x64\x65\x64\0\x64\x6c\x5f\x6e\x6f\x6e\x5f\x63\x6f\x6e\
\x74\x65\x6e\x64\x69\x6e\x67\0\x64\x6c\x5f\x6f\x76\x65\x72\x72\x75\x6e\0\x64\
\x6c\x5f\x74\x69\x6d\x65\x72\0\x69\x6e\x61\x63\x74\x69\x76\x65\x5f\x74\x69\x6d\
\x65\x72\0\x70\x69\x5f\x73\x65\0\x68\x72\x74\x69\x6d\x65\x72\0\x6e\x6f\x64\x65\
\0\x5f\x73\x6f\x66\x74\x65\x78\x70\x69\x72\x65\x73\0\x66\x75\x6e\x63\x74\x69\
\x6f\x6e\0\x62\x61\x73\x65\0\x73\x74\x61\x74\x65\0\x69\x73\x5f\x72\x65\x6c\0\
\x69\x73\x5f\x73\x6f\x66\x74\0\x69\x73\x5f\x68\x61\x72\x64\0\x74\x69\x6d\x65\
\x72\x71\x75\x65\x75\x65\x5f\x6e\x6f\x64\x65\0\x65\x78\x70\x69\x72\x65\x73\0\
\x6b\x74\x69\x6d\x65\x5f\x74\0\x68\x72\x74\x69\x6d\x65\x72\x5f\x72\x65\x73\x74\
\x61\x72\x74\0\x48\x52\x54\x49\x4d\x45\x52\x5f\x4e\x4f\x52\x45\x53\x54\x41\x52\
\x54\0\x48\x52\x54\x49\x4d\x45\x52\x5f\x52\x45\x53\x54\x41\x52\x54\0\x74\x61\
\x73\x6b\x5f\x67\x72\x6f\x75\x70\0\x63\x73\x73\0\x73\x68\x61\x72\x65\x73\0\x72\
\x63\x75\0\x6c\x69\x73\x74\0\x73\x69\x62\x6c\x69\x6e\x67\x73\0\x63\x66\x73\x5f\
\x62\x61\x6e\x64\x77\x69\x64\x74\x68\0\x75\x63\x6c\x61\x6d\x70\x5f\x70\x63\x74\
\0\x6c\x61\x74\x65\x6e\x63\x79\x5f\x73\x65\x6e\x73\x69\x74\x69\x76\x65\0\x63\
\x67\x72\x6f\x75\x70\x5f\x73\x75\x62\x73\x79\x73\x5f\x73\x74\x61\x74\x65\0\x63\
\x67\x72\x6f\x75\x70\0\x73\x73\0\x72\x65\x66\x63\x6e\x74\0\x72\x73\x74\x61\x74\
\x5f\x63\x73\x73\x5f\x6e\x6f\x64\x65\0\x69\x64\0\x73\x65\x72\x69\x61\x6c\x5f\
\x6e\x72\0\x6f\x6e\x6c\x69\x6e\x65\x5f\x63\x6e\x74\0\x64\x65\x73\x74\x72\x6f\
\x79\x5f\x77\x6f\x72\x6b\0\x64\x65\x73\x74\x72\x6f\x79\x5f\x72\x77\x6f\x72\x6b\
\0\x70\x65\x72\x63\x70\x75\x5f\x72\x65\x66\0\x70\x65\x72\x63\x70\x75\x5f\x63\
\x6f\x75\x6e\x74\x5f\x70\x74\x72\0\x64\x61\x74\x61\0\x77\x6f\x72\x6b\x5f\x73\
\x74\x72\x75\x63\x74\0\x65\x6e\x74\x72\x79\0\x66\x75\x6e\x63\0\x61\x74\x6f\x6d\
\x69\x63\x5f\x6c\x6f\x6e\x67\x5f\x74\0\x61\x74\x6f\x6d\x69\x63\x36\x34\x5f\x74\
\0\x77\x6f\x72\x6b\x5f\x66\x75\x6e\x63\x5f\x74\0\x72\x63\x75\x5f\x77\x6f\x72\
\x6b\0\x77\x6f\x72\x6b\0\x77\x71\0\x63\x61\x6c\x6c\x62\x61\x63\x6b\x5f\x68\x65\
\x61\x64\0\x70\x65\x72\x69\x6f\x64\0\x71\x75\x6f\x74\x61\0\x62\x75\x72\x73\x74\
\0\x68\x69\x65\x72\x61\x72\x63\x68\x69\x63\x61\x6c\x5f\x71\x75\x6f\x74\x61\0\
\x70\x65\x72\x69\x6f\x64\x5f\x61\x63\x74\x69\x76\x65\0\x73\x6c\x61\x63\x6b\x5f\
\x73\x74\x61\x72\x74\x65\x64\0\x70\x65\x72\x69\x6f\x64\x5f\x74\x69\x6d\x65\x72\
\0\x73\x6c\x61\x63\x6b\x5f\x74\x69\x6d\x65\x72\0\x74\x68\x72\x6f\x74\x74\x6c\
\x65\x64\x5f\x63\x66\x73\x5f\x72\x71\0\x6e\x72\x5f\x70\x65\x72\x69\x6f\x64\x73\
\0\x6e\x72\x5f\x74\x68\x72\x6f\x74\x74\x6c\x65\x64\0\x74\x68\x72\x6f\x74\x74\
\x6c\x65\x64\x5f\x74\x69\x6d\x65\0\x75\x63\x6c\x61\x6d\x70\x5f\x73\x65\0\x76\
\x61\x6c\x75\x65\0\x62\x75\x63\x6b\x65\x74\x5f\x69\x64\0\x61\x63\x74\x69\x76\
\x65\0\x75\x73\x65\x72\x5f\x64\x65\x66\x69\x6e\x65\x64\0\x63\x70\x75\x6d\x61\
\x73\x6b\x5f\x74\0\x63\x70\x75\x6d\x61\x73\x6b\0\x62\x69\x74\x73\0\x72\x63\x75\
\x5f\x73\x70\x65\x63\x69\x61\x6c\0\x62\0\x73\0\x6e\x65\x65\x64\x5f\x71\x73\0\
\x65\x78\x70\x5f\x68\x69\x6e\x74\0\x6e\x65\x65\x64\x5f\x6d\x62\0\x62\x6f\x6f\
\x6c\0\x5f\x42\x6f\x6f\x6c\0\x70\x63\x6f\x75\x6e\x74\0\x72\x75\x6e\x5f\x64\x65\
\x6c\x61\x79\0\x6c\x61\x73\x74\x5f\x61\x72\x72\x69\x76\x61\x6c\0\x6c\x61\x73\
\x74\x5f\x71\x75\x65\x75\x65\x64\0\x70\x6c\x69\x73\x74\x5f\x6e\x6f\x64\x65\0\
\x70\x72\x69\x6f\x5f\x6c\x69\x73\x74\0\x6e\x6f\x64\x65\x5f\x6c\x69\x73\x74\0\
\x6d\x6d\x5f\x73\x74\x72\x75\x63\x74\0\x63\x70\x75\x5f\x62\x69\x74\x6d\x61\x70\
\0\x6d\x6d\x61\x70\0\x6d\x6d\x5f\x72\x62\0\x76\x6d\x61\x63\x61\x63\x68\x65\x5f\
\x73\x65\x71\x6e\x75\x6d\0\x67\x65\x74\x5f\x75\x6e\x6d\x61\x70\x70\x65\x64\x5f\
\x61\x72\x65\x61\0\x6d\x6d\x61\x70\x5f\x62\x61\x73\x65\0\x6d\x6d\x61\x70\x5f\
\x6c\x65\x67\x61\x63\x79\x5f\x62\x61\x73\x65\0\x74\x61\x73\x6b\x5f\x73\x69\x7a\
\x65\0\x68\x69\x67\x68\x65\x73\x74\x5f\x76\x6d\x5f\x65\x6e\x64\0\x70\x67\x64\0\
\x6d\x65\x6d\x62\x61\x72\x72\x69\x65\x72\x5f\x73\x74\x61\x74\x65\0\x6d\x6d\x5f\
\x75\x73\x65\x72\x73\0\x6d\x6d\x5f\x63\x6f\x75\x6e\x74\0\x70\x67\x74\x61\x62\
\x6c\x65\x73\x5f\x62\x79\x74\x65\x73\0\x6d\x61\x70\x5f\x63\x6f\x75\x6e\x74\0\
\x70\x61\x67\x65\x5f\x74\x61\x62\x6c\x65\x5f\x6c\x6f\x63\x6b\0\x6d\x6d\x61\x70\
\x5f\x6c\x6f\x63\x6b\0\x6d\x6d\x6c\x69\x73\x74\0\x68\x69\x77\x61\x74\x65\x72\
\x5f\x72\x73\x73\0\x68\x69\x77\x61\x74\x65\x72\x5f\x76\x6d\0\x74\x6f\x74\x61\
\x6c\x5f\x76\x6d\0\x6c\x6f\x63\x6b\x65\x64\x5f\x76\x6d\0\x70\x69\x6e\x6e\x65\
\x64\x5f\x76\x6d\0\x64\x61\x74\x61\x5f\x76\x6d\0\x65\x78\x65\x63\x5f\x76\x6d\0\
\x73\x74\x61\x63\x6b\x5f\x76\x6d\0\x64\x65\x66\x5f\x66\x6c\x61\x67\x73\0\x77\
\x72\x69\x74\x65\x5f\x70\x72\x6f\x74\x65\x63\x74\x5f\x73\x65\x71\0\x61\x72\x67\
\x5f\x6c\x6f\x63\x6b\0\x73\x74\x61\x72\x74\x5f\x63\x6f\x64\x65\0\x65\x6e\x64\
\x5f\x63\x6f\x64\x65\0\x73\x74\x61\x72\x74\x5f\x64\x61\x74\x61\0\x65\x6e\x64\
\x5f\x64\x61\x74\x61\0\x73\x74\x61\x72\x74\x5f\x62\x72\x6b\0\x62\x72\x6b\0\x73\
\x74\x61\x72\x74\x5f\x73\x74\x61\x63\x6b\0\x61\x72\x67\x5f\x73\x74\x61\x72\x74\
\0\x61\x72\x67\x5f\x65\x6e\x64\0\x65\x6e\x76\x5f\x73\x74\x61\x72\x74\0\x65\x6e\
\x76\x5f\x65\x6e\x64\0\x73\x61\x76\x65\x64\x5f\x61\x75\x78\x76\0\x62\x69\x6e\
\x66\x6d\x74\0\x63\x6f\x6e\x74\x65\x78\x74\0\x63\x6f\x72\x65\x5f\x73\x74\x61\
\x74\x65\0\x69\x6f\x63\x74\x78\x5f\x6c\x6f\x63\x6b\0\x69\x6f\x63\x74\x78\x5f\
\x74\x61\x62\x6c\x65\0\x75\x73\x65\x72\x5f\x6e\x73\0\x65\x78\x65\x5f\x66\x69\
\x6c\x65\0\x74\x6c\x62\x5f\x66\x6c\x75\x73\x68\x5f\x70\x65\x6e\x64\x69\x6e\x67\
\0\x75\x70\x72\x6f\x62\x65\x73\x5f\x73\x74\x61\x74\x65\0\x61\x73\x79\x6e\x63\
\x5f\x70\x75\x74\x5f\x77\x6f\x72\x6b\0\x70\x61\x73\x69\x64\0\x6c\x72\x75\x5f\
\x67\x65\x6e\0\x66\x69\x6c\x65\0\x66\x5f\x75\0\x66\x5f\x70\x61\x74\x68\0\x66\
\x5f\x69\x6e\x6f\x64\x65\0\x66\x5f\x6f\x70\0\x66\x5f\x6c\x6f\x63\x6b\0\x66\x5f\
\x77\x72\x69\x74\x65\x5f\x68\x69\x6e\x74\0\x66\x5f\x63\x6f\x75\x6e\x74\0\x66\
\x5f\x66\x6c\x61\x67\x73\0\x66\x5f\x6d\x6f\x64\x65\0\x66\x5f\x70\x6f\x73\x5f\
\x6c\x6f\x63\x6b\0\x66\x5f\x70\x6f\x73\0\x66\x5f\x6f\x77\x6e\x65\x72\0\x66\x5f\
\x63\x72\x65\x64\0\x66\x5f\x72\x61\0\x66\x5f\x76\x65\x72\x73\x69\x6f\x6e\0\x66\
\x5f\x73\x65\x63\x75\x72\x69\x74\x79\0\x70\x72\x69\x76\x61\x74\x65\x5f\x64\x61\
\x74\x61\0\x66\x5f\x65\x70\0\x66\x5f\x6d\x61\x70\x70\x69\x6e\x67\0\x66\x5f\x77\
\x62\x5f\x65\x72\x72\0\x66\x5f\x73\x62\x5f\x65\x72\x72\0\x66\x75\x5f\x6c\x6c\
\x69\x73\x74\0\x66\x75\x5f\x72\x63\x75\x68\x65\x61\x64\0\x70\x61\x74\x68\0\x6d\
\x6e\x74\0\x64\x65\x6e\x74\x72\x79\0\x6c\x69\x6e\x6b\x5f\x63\x6f\x75\x6e\x74\0\
\x73\x70\x69\x6e\x6c\x6f\x63\x6b\x5f\x74\0\x73\x70\x69\x6e\x6c\x6f\x63\x6b\0\
\x72\x6c\x6f\x63\x6b\0\x72\x77\x5f\x68\x69\x6e\x74\0\x57\x52\x49\x54\x45\x5f\
\x4c\x49\x46\x45\x5f\x4e\x4f\x54\x5f\x53\x45\x54\0\x57\x52\x49\x54\x45\x5f\x4c\
\x49\x46\x45\x5f\x4e\x4f\x4e\x45\0\x57\x52\x49\x54\x45\x5f\x4c\x49\x46\x45\x5f\
\x53\x48\x4f\x52\x54\0\x57\x52\x49\x54\x45\x5f\x4c\x49\x46\x45\x5f\x4d\x45\x44\
\x49\x55\x4d\0\x57\x52\x49\x54\x45\x5f\x4c\x49\x46\x45\x5f\x4c\x4f\x4e\x47\0\
\x57\x52\x49\x54\x45\x5f\x4c\x49\x46\x45\x5f\x45\x58\x54\x52\x45\x4d\x45\0\x66\
\x6d\x6f\x64\x65\x5f\x74\0\x6d\x75\x74\x65\x78\0\x6f\x77\x6e\x65\x72\0\x77\x61\
\x69\x74\x5f\x6c\x6f\x63\x6b\0\x6f\x73\x71\0\x77\x61\x69\x74\x5f\x6c\x69\x73\
\x74\0\x6f\x70\x74\x69\x6d\x69\x73\x74\x69\x63\x5f\x73\x70\x69\x6e\x5f\x71\x75\
\x65\x75\x65\0\x6c\x6f\x66\x66\x5f\x74\0\x5f\x5f\x6b\x65\x72\x6e\x65\x6c\x5f\
\x6c\x6f\x66\x66\x5f\x74\0\x66\x6f\x77\x6e\x5f\x73\x74\x72\x75\x63\x74\0\x70\
\x69\x64\x5f\x74\x79\x70\x65\0\x75\x69\x64\0\x65\x75\x69\x64\0\x73\x69\x67\x6e\
\x75\x6d\0\x72\x77\x6c\x6f\x63\x6b\x5f\x74\0\x61\x72\x63\x68\x5f\x72\x77\x6c\
\x6f\x63\x6b\x5f\x74\0\x71\x72\x77\x6c\x6f\x63\x6b\0\x63\x6e\x74\x73\0\x77\x6c\
\x6f\x63\x6b\x65\x64\0\x5f\x5f\x6c\x73\x74\x61\x74\x65\0\x50\x49\x44\x54\x59\
\x50\x45\x5f\x50\x49\x44\0\x50\x49\x44\x54\x59\x50\x45\x5f\x54\x47\x49\x44\0\
\x50\x49\x44\x54\x59\x50\x45\x5f\x50\x47\x49\x44\0\x50\x49\x44\x54\x59\x50\x45\
\x5f\x53\x49\x44\0\x50\x49\x44\x54\x59\x50\x45\x5f\x4d\x41\x58\0\x6b\x75\x69\
\x64\x5f\x74\0\x75\x69\x64\x5f\x74\0\x5f\x5f\x6b\x65\x72\x6e\x65\x6c\x5f\x75\
\x69\x64\x33\x32\x5f\x74\0\x66\x69\x6c\x65\x5f\x72\x61\x5f\x73\x74\x61\x74\x65\
\0\x73\x74\x61\x72\x74\0\x73\x69\x7a\x65\0\x61\x73\x79\x6e\x63\x5f\x73\x69\x7a\
\x65\0\x72\x61\x5f\x70\x61\x67\x65\x73\0\x6d\x6d\x61\x70\x5f\x6d\x69\x73\x73\0\
\x70\x72\x65\x76\x5f\x70\x6f\x73\0\x65\x72\x72\x73\x65\x71\x5f\x74\0\x70\x67\
\x64\x5f\x74\0\x70\x67\x64\x76\x61\x6c\x5f\x74\0\x72\x77\x5f\x73\x65\x6d\x61\
\x70\x68\x6f\x72\x65\0\x73\x65\x71\x63\x6f\x75\x6e\x74\x5f\x74\0\x73\x65\x71\
\x63\x6f\x75\x6e\x74\0\x73\x65\x71\x75\x65\x6e\x63\x65\0\x6d\x6d\x5f\x72\x73\
\x73\x5f\x73\x74\x61\x74\0\x6d\x6d\x5f\x63\x6f\x6e\x74\x65\x78\x74\x5f\x74\0\
\x73\x69\x67\x70\x61\x67\x65\0\x70\x69\x6e\x6e\x65\x64\0\x76\x64\x73\x6f\0\x78\
\x6f\x6c\x5f\x61\x72\x65\x61\0\x62\x69\x74\x6d\x61\x70\0\x73\x65\x71\x6e\x75\
\x6d\0\x76\x6d\x61\x73\0\x76\x6d\x5f\x61\x72\x65\x61\x5f\x73\x74\x72\x75\x63\
\x74\0\x76\x6d\x5f\x73\x74\x61\x72\x74\0\x76\x6d\x5f\x65\x6e\x64\0\x76\x6d\x5f\
\x6e\x65\x78\x74\0\x76\x6d\x5f\x70\x72\x65\x76\0\x76\x6d\x5f\x72\x62\0\x72\x62\
\x5f\x73\x75\x62\x74\x72\x65\x65\x5f\x67\x61\x70\0\x76\x6d\x5f\x6d\x6d\0\x76\
\x6d\x5f\x70\x61\x67\x65\x5f\x70\x72\x6f\x74\0\x76\x6d\x5f\x66\x6c\x61\x67\x73\
\0\x61\x6e\x6f\x6e\x5f\x76\x6d\x61\x5f\x63\x68\x61\x69\x6e\0\x61\x6e\x6f\x6e\
\x5f\x76\x6d\x61\0\x76\x6d\x5f\x6f\x70\x73\0\x76\x6d\x5f\x70\x67\x6f\x66\x66\0\
\x76\x6d\x5f\x66\x69\x6c\x65\0\x76\x6d\x5f\x70\x72\x69\x76\x61\x74\x65\x5f\x64\
\x61\x74\x61\0\x73\x77\x61\x70\x5f\x72\x65\x61\x64\x61\x68\x65\x61\x64\x5f\x69\
\x6e\x66\x6f\0\x76\x6d\x5f\x75\x73\x65\x72\x66\x61\x75\x6c\x74\x66\x64\x5f\x63\
\x74\x78\0\x70\x67\x70\x72\x6f\x74\x5f\x74\0\x70\x67\x70\x72\x6f\x74\0\x70\x74\
\x65\x76\x61\x6c\x5f\x74\0\x73\x68\x61\x72\x65\x64\0\x61\x6e\x6f\x6e\x5f\x6e\
\x61\x6d\x65\0\x72\x62\x5f\x73\x75\x62\x74\x72\x65\x65\x5f\x6c\x61\x73\x74\0\
\x63\x68\x61\x72\0\x74\x61\x73\x6b\x5f\x72\x73\x73\x5f\x73\x74\x61\x74\0\x65\
\x76\x65\x6e\x74\x73\0\x61\x72\x63\x68\x5f\x64\x61\x74\x61\0\x66\x6e\0\x66\x75\
\x74\x65\x78\0\x6e\x61\x6e\x6f\x73\x6c\x65\x65\x70\0\x70\x6f\x6c\x6c\0\x75\x61\
\x64\x64\x72\0\x62\x69\x74\x73\x65\x74\0\x74\x69\x6d\x65\0\x75\x61\x64\x64\x72\
\x32\0\x63\x6c\x6f\x63\x6b\x69\x64\0\x63\x6c\x6f\x63\x6b\x69\x64\x5f\x74\0\x5f\
\x5f\x6b\x65\x72\x6e\x65\x6c\x5f\x63\x6c\x6f\x63\x6b\x69\x64\x5f\x74\0\x74\x69\
\x6d\x65\x73\x70\x65\x63\x5f\x74\x79\x70\x65\0\x54\x54\x5f\x4e\x4f\x4e\x45\0\
\x54\x54\x5f\x4e\x41\x54\x49\x56\x45\0\x54\x54\x5f\x43\x4f\x4d\x50\x41\x54\0\
\x72\x6d\x74\x70\0\x63\x6f\x6d\x70\x61\x74\x5f\x72\x6d\x74\x70\0\x75\x66\x64\
\x73\0\x6e\x66\x64\x73\0\x68\x61\x73\x5f\x74\x69\x6d\x65\x6f\x75\x74\0\x74\x76\
\x5f\x73\x65\x63\0\x74\x76\x5f\x6e\x73\x65\x63\0\x70\x69\x64\x5f\x74\0\x5f\x5f\
\x6b\x65\x72\x6e\x65\x6c\x5f\x70\x69\x64\x5f\x74\0\x6c\x65\x76\x65\x6c\0\x69\
\x6e\x6f\x64\x65\x73\0\x77\x61\x69\x74\x5f\x70\x69\x64\x66\x64\0\x6e\x75\x6d\
\x62\x65\x72\x73\0\x68\x6c\x69\x73\x74\x5f\x68\x65\x61\x64\0\x66\x69\x72\x73\
\x74\0\x77\x61\x69\x74\x5f\x71\x75\x65\x75\x65\x5f\x68\x65\x61\x64\x5f\x74\0\
\x77\x61\x69\x74\x5f\x71\x75\x65\x75\x65\x5f\x68\x65\x61\x64\0\x68\x65\x61\x64\
\0\x75\x70\x69\x64\0\x6e\x73\0\x68\x6c\x69\x73\x74\x5f\x6e\x6f\x64\x65\0\x70\
\x70\x72\x65\x76\0\x62\x61\x73\x65\x73\0\x74\x69\x6d\x65\x72\x73\x5f\x61\x63\
\x74\x69\x76\x65\0\x65\x78\x70\x69\x72\x79\x5f\x61\x63\x74\x69\x76\x65\0\x70\
\x6f\x73\x69\x78\x5f\x63\x70\x75\x74\x69\x6d\x65\x72\x5f\x62\x61\x73\x65\0\x6e\
\x65\x78\x74\x65\x76\x74\0\x74\x71\x68\x65\x61\x64\0\x74\x69\x6d\x65\x72\x71\
\x75\x65\x75\x65\x5f\x68\x65\x61\x64\0\x73\x75\x62\x73\x63\x72\x69\x62\x65\x72\
\x73\0\x70\x75\x74\x5f\x61\x64\x64\x72\0\x6d\x61\x67\x69\x63\0\x67\x69\x64\0\
\x73\x75\x69\x64\0\x73\x67\x69\x64\0\x65\x67\x69\x64\0\x66\x73\x75\x69\x64\0\
\x66\x73\x67\x69\x64\0\x73\x65\x63\x75\x72\x65\x62\x69\x74\x73\0\x63\x61\x70\
\x5f\x69\x6e\x68\x65\x72\x69\x74\x61\x62\x6c\x65\0\x63\x61\x70\x5f\x70\x65\x72\
\x6d\x69\x74\x74\x65\x64\0\x63\x61\x70\x5f\x65\x66\x66\x65\x63\x74\x69\x76\x65\
\0\x63\x61\x70\x5f\x62\x73\x65\x74\0\x63\x61\x70\x5f\x61\x6d\x62\x69\x65\x6e\
\x74\0\x6a\x69\x74\x5f\x6b\x65\x79\x72\x69\x6e\x67\0\x73\x65\x73\x73\x69\x6f\
\x6e\x5f\x6b\x65\x79\x72\x69\x6e\x67\0\x70\x72\x6f\x63\x65\x73\x73\x5f\x6b\x65\
\x79\x72\x69\x6e\x67\0\x74\x68\x72\x65\x61\x64\x5f\x6b\x65\x79\x72\x69\x6e\x67\
\0\x72\x65\x71\x75\x65\x73\x74\x5f\x6b\x65\x79\x5f\x61\x75\x74\x68\0\x75\x73\
\x65\x72\0\x75\x63\x6f\x75\x6e\x74\x73\0\x67\x72\x6f\x75\x70\x5f\x69\x6e\x66\
\x6f\0\x6b\x67\x69\x64\x5f\x74\0\x67\x69\x64\x5f\x74\0\x5f\x5f\x6b\x65\x72\x6e\
\x65\x6c\x5f\x67\x69\x64\x33\x32\x5f\x74\0\x6b\x65\x72\x6e\x65\x6c\x5f\x63\x61\
\x70\x5f\x74\0\x6b\x65\x72\x6e\x65\x6c\x5f\x63\x61\x70\x5f\x73\x74\x72\x75\x63\
\x74\0\x63\x61\x70\0\x6b\x65\x79\0\x73\x65\x72\x69\x61\x6c\0\x73\x65\x6d\0\x6c\
\x61\x73\x74\x5f\x75\x73\x65\x64\x5f\x61\x74\0\x70\x65\x72\x6d\0\x71\x75\x6f\
\x74\x61\x6c\x65\x6e\0\x64\x61\x74\x61\x6c\x65\x6e\0\x72\x65\x73\x74\x72\x69\
\x63\x74\x5f\x6c\x69\x6e\x6b\0\x6b\x65\x79\x5f\x73\x65\x72\x69\x61\x6c\x5f\x74\
\0\x69\x6e\x74\x33\x32\x5f\x74\0\x73\x33\x32\0\x5f\x5f\x73\x33\x32\0\x67\x72\
\x61\x76\x65\x79\x61\x72\x64\x5f\x6c\x69\x6e\x6b\0\x73\x65\x72\x69\x61\x6c\x5f\
\x6e\x6f\x64\x65\0\x65\x78\x70\x69\x72\x79\0\x72\x65\x76\x6f\x6b\x65\x64\x5f\
\x61\x74\0\x74\x69\x6d\x65\x36\x34\x5f\x74\0\x6b\x65\x79\x5f\x70\x65\x72\x6d\
\x5f\x74\0\x75\x69\x6e\x74\x33\x32\x5f\x74\0\x73\x68\x6f\x72\x74\0\x69\x6e\x64\
\x65\x78\x5f\x6b\x65\x79\0\x6b\x65\x79\x72\x69\x6e\x67\x5f\x69\x6e\x64\x65\x78\
\x5f\x6b\x65\x79\0\x68\x61\x73\x68\0\x64\x6f\x6d\x61\x69\x6e\x5f\x74\x61\x67\0\
\x64\x65\x73\x63\x72\x69\x70\x74\x69\x6f\x6e\0\x78\0\x64\x65\x73\x63\x5f\x6c\
\x65\x6e\0\x64\x65\x73\x63\0\x6c\x65\x6e\x5f\x64\x65\x73\x63\0\x6b\x65\x79\x5f\
\x74\x79\x70\x65\0\x6e\x61\x6d\x65\0\x64\x65\x66\x5f\x64\x61\x74\x61\x6c\x65\
\x6e\0\x76\x65\x74\x5f\x64\x65\x73\x63\x72\x69\x70\x74\x69\x6f\x6e\0\x70\x72\
\x65\x70\x61\x72\x73\x65\0\x66\x72\x65\x65\x5f\x70\x72\x65\x70\x61\x72\x73\x65\
\0\x69\x6e\x73\x74\x61\x6e\x74\x69\x61\x74\x65\0\x75\x70\x64\x61\x74\x65\0\x6d\
\x61\x74\x63\x68\x5f\x70\x72\x65\x70\x61\x72\x73\x65\0\x6d\x61\x74\x63\x68\x5f\
\x66\x72\x65\x65\0\x72\x65\x76\x6f\x6b\x65\0\x64\x65\x73\x74\x72\x6f\x79\0\x64\
\x65\x73\x63\x72\x69\x62\x65\0\x72\x65\x61\x64\0\x72\x65\x71\x75\x65\x73\x74\
\x5f\x6b\x65\x79\0\x6c\x6f\x6f\x6b\x75\x70\x5f\x72\x65\x73\x74\x72\x69\x63\x74\
\x69\x6f\x6e\0\x61\x73\x79\x6d\x5f\x71\x75\x65\x72\x79\0\x61\x73\x79\x6d\x5f\
\x65\x64\x73\x5f\x6f\x70\0\x61\x73\x79\x6d\x5f\x76\x65\x72\x69\x66\x79\x5f\x73\
\x69\x67\x6e\x61\x74\x75\x72\x65\0\x6c\x69\x6e\x6b\0\x6c\x6f\x63\x6b\x5f\x63\
\x6c\x61\x73\x73\0\x73\x69\x7a\x65\x5f\x74\0\x5f\x5f\x6b\x65\x72\x6e\x65\x6c\
\x5f\x73\x69\x7a\x65\x5f\x74\0\x5f\x5f\x6b\x65\x72\x6e\x65\x6c\x5f\x75\x6c\x6f\
\x6e\x67\x5f\x74\0\x6b\x65\x79\x5f\x70\x72\x65\x70\x61\x72\x73\x65\x64\x5f\x70\
\x61\x79\x6c\x6f\x61\x64\0\x6f\x72\x69\x67\x5f\x64\x65\x73\x63\x72\x69\x70\x74\
\x69\x6f\x6e\0\x70\x61\x79\x6c\x6f\x61\x64\0\x6b\x65\x79\x5f\x70\x61\x79\x6c\
\x6f\x61\x64\0\x72\x63\x75\x5f\x64\x61\x74\x61\x30\0\x6b\x65\x79\x5f\x6d\x61\
\x74\x63\x68\x5f\x64\x61\x74\x61\0\x63\x6d\x70\0\x72\x61\x77\x5f\x64\x61\x74\
\x61\0\x70\x72\x65\x70\x61\x72\x73\x65\x64\0\x6c\x6f\x6f\x6b\x75\x70\x5f\x74\
\x79\x70\x65\0\x73\x65\x71\x5f\x66\x69\x6c\x65\0\x62\x75\x66\0\x66\x72\x6f\x6d\
\0\x70\x61\x64\x5f\x75\x6e\x74\x69\x6c\0\x69\x6e\x64\x65\x78\0\x72\x65\x61\x64\
\x5f\x70\x6f\x73\0\x6f\x70\0\x70\x6f\x6c\x6c\x5f\x65\x76\x65\x6e\x74\0\x70\x72\
\x69\x76\x61\x74\x65\0\x72\x65\x71\x75\x65\x73\x74\x5f\x6b\x65\x79\x5f\x61\x63\
\x74\x6f\x72\x5f\x74\0\x6b\x65\x79\x5f\x72\x65\x73\x74\x72\x69\x63\x74\x69\x6f\
\x6e\0\x63\x68\x65\x63\x6b\0\x6b\x65\x79\x74\x79\x70\x65\0\x6b\x65\x79\x5f\x72\
\x65\x73\x74\x72\x69\x63\x74\x5f\x6c\x69\x6e\x6b\x5f\x66\x75\x6e\x63\x5f\x74\0\
\x6b\x65\x72\x6e\x65\x6c\x5f\x70\x6b\x65\x79\x5f\x70\x61\x72\x61\x6d\x73\0\x65\
\x6e\x63\x6f\x64\x69\x6e\x67\0\x68\x61\x73\x68\x5f\x61\x6c\x67\x6f\0\x69\x6e\
\x66\x6f\0\x69\x6e\x5f\x6c\x65\x6e\0\x6f\x75\x74\x5f\x6c\x65\x6e\0\x69\x6e\x32\
\x5f\x6c\x65\x6e\0\x6b\x65\x72\x6e\x65\x6c\x5f\x70\x6b\x65\x79\x5f\x6f\x70\x65\
\x72\x61\x74\x69\x6f\x6e\0\x6b\x65\x72\x6e\x65\x6c\x5f\x70\x6b\x65\x79\x5f\x65\
\x6e\x63\x72\x79\x70\x74\0\x6b\x65\x72\x6e\x65\x6c\x5f\x70\x6b\x65\x79\x5f\x64\
\x65\x63\x72\x79\x70\x74\0\x6b\x65\x72\x6e\x65\x6c\x5f\x70\x6b\x65\x79\x5f\x73\
\x69\x67\x6e\0\x6b\x65\x72\x6e\x65\x6c\x5f\x70\x6b\x65\x79\x5f\x76\x65\x72\x69\
\x66\x79\0\x6b\x65\x72\x6e\x65\x6c\x5f\x70\x6b\x65\x79\x5f\x71\x75\x65\x72\x79\
\0\x73\x75\x70\x70\x6f\x72\x74\x65\x64\x5f\x6f\x70\x73\0\x6b\x65\x79\x5f\x73\
\x69\x7a\x65\0\x6d\x61\x78\x5f\x64\x61\x74\x61\x5f\x73\x69\x7a\x65\0\x6d\x61\
\x78\x5f\x73\x69\x67\x5f\x73\x69\x7a\x65\0\x6d\x61\x78\x5f\x65\x6e\x63\x5f\x73\
\x69\x7a\x65\0\x6d\x61\x78\x5f\x64\x65\x63\x5f\x73\x69\x7a\x65\0\x6c\x6f\x63\
\x6b\x5f\x63\x6c\x61\x73\x73\x5f\x6b\x65\x79\0\x6b\x65\x79\x5f\x74\x61\x67\0\
\x6e\x61\x6d\x65\x5f\x6c\x69\x6e\x6b\0\x6b\x65\x79\x73\0\x61\x73\x73\x6f\x63\
\x5f\x61\x72\x72\x61\x79\0\x72\x6f\x6f\x74\0\x6e\x72\x5f\x6c\x65\x61\x76\x65\
\x73\x5f\x6f\x6e\x5f\x74\x72\x65\x65\0\x61\x73\x73\x6f\x63\x5f\x61\x72\x72\x61\
\x79\x5f\x70\x74\x72\0\x75\x73\x65\x72\x5f\x6e\x61\x6d\x65\x73\x70\x61\x63\x65\
\0\x75\x69\x64\x5f\x6d\x61\x70\0\x67\x69\x64\x5f\x6d\x61\x70\0\x70\x72\x6f\x6a\
\x69\x64\x5f\x6d\x61\x70\0\x67\x72\x6f\x75\x70\0\x70\x61\x72\x65\x6e\x74\x5f\
\x63\x6f\x75\x6c\x64\x5f\x73\x65\x74\x66\x63\x61\x70\0\x6b\x65\x79\x72\x69\x6e\
\x67\x5f\x6e\x61\x6d\x65\x5f\x6c\x69\x73\x74\0\x75\x73\x65\x72\x5f\x6b\x65\x79\
\x72\x69\x6e\x67\x5f\x72\x65\x67\x69\x73\x74\x65\x72\0\x6b\x65\x79\x72\x69\x6e\
\x67\x5f\x73\x65\x6d\0\x73\x65\x74\0\x73\x79\x73\x63\x74\x6c\x73\0\x75\x63\x6f\
\x75\x6e\x74\x5f\x6d\x61\x78\0\x75\x69\x64\x5f\x67\x69\x64\x5f\x6d\x61\x70\0\
\x6e\x72\x5f\x65\x78\x74\x65\x6e\x74\x73\0\x65\x78\x74\x65\x6e\x74\0\x75\x69\
\x64\x5f\x67\x69\x64\x5f\x65\x78\x74\x65\x6e\x74\0\x6c\x6f\x77\x65\x72\x5f\x66\
\x69\x72\x73\x74\0\x66\x6f\x72\x77\x61\x72\x64\0\x72\x65\x76\x65\x72\x73\x65\0\
\x6e\x73\x5f\x63\x6f\x6d\x6d\x6f\x6e\0\x73\x74\x61\x73\x68\x65\x64\0\x6f\x70\
\x73\0\x69\x6e\x75\x6d\0\x63\x74\x6c\x5f\x74\x61\x62\x6c\x65\x5f\x73\x65\x74\0\
\x69\x73\x5f\x73\x65\x65\x6e\0\x64\x69\x72\0\x63\x74\x6c\x5f\x64\x69\x72\0\x68\
\x65\x61\x64\x65\x72\0\x63\x74\x6c\x5f\x74\x61\x62\x6c\x65\x5f\x68\x65\x61\x64\
\x65\x72\0\x75\x6e\x72\x65\x67\x69\x73\x74\x65\x72\x69\x6e\x67\0\x63\x74\x6c\
\x5f\x74\x61\x62\x6c\x65\x5f\x61\x72\x67\0\x63\x74\x6c\x5f\x74\x61\x62\x6c\x65\
\0\x75\x73\x65\x64\0\x6e\x72\x65\x67\0\x63\x6f\x6d\x70\x6c\x65\x74\x69\x6f\x6e\
\0\x64\x6f\x6e\x65\0\x77\x61\x69\x74\0\x73\x77\x61\x69\x74\x5f\x71\x75\x65\x75\
\x65\x5f\x68\x65\x61\x64\0\x74\x61\x73\x6b\x5f\x6c\x69\x73\x74\0\x70\x72\x6f\
\x63\x6e\x61\x6d\x65\0\x6d\x61\x78\x6c\x65\x6e\0\x6d\x6f\x64\x65\0\x63\x68\x69\
\x6c\x64\0\x70\x72\x6f\x63\x5f\x68\x61\x6e\x64\x6c\x65\x72\0\x65\x78\x74\x72\
\x61\x31\0\x65\x78\x74\x72\x61\x32\0\x75\x6d\x6f\x64\x65\x5f\x74\0\x75\x63\x6f\
\x75\x6e\x74\0\x6e\x6f\x6e\x5f\x72\x63\x75\0\x73\x79\x73\x76\x5f\x73\x65\x6d\0\
\x75\x6e\x64\x6f\x5f\x6c\x69\x73\x74\0\x73\x79\x73\x76\x5f\x73\x68\x6d\0\x73\
\x68\x6d\x5f\x63\x6c\x69\x73\x74\0\x73\x69\x67\x73\x65\x74\x5f\x74\0\x73\x69\
\x67\0\x73\x69\x67\x70\x65\x6e\x64\x69\x6e\x67\0\x66\x69\x6c\x74\x65\x72\x5f\
\x63\x6f\x75\x6e\x74\0\x66\x69\x6c\x74\x65\x72\0\x73\x79\x73\x63\x61\x6c\x6c\
\x5f\x75\x73\x65\x72\x5f\x64\x69\x73\x70\x61\x74\x63\x68\0\x77\x61\x6b\x65\x5f\
\x71\x5f\x6e\x6f\x64\x65\0\x6b\x65\x72\x6e\x65\x6c\x5f\x73\x69\x67\x69\x6e\x66\
\x6f\x5f\x74\0\x74\x61\x73\x6b\x5f\x69\x6f\x5f\x61\x63\x63\x6f\x75\x6e\x74\x69\
\x6e\x67\0\x72\x63\x68\x61\x72\0\x77\x63\x68\x61\x72\0\x73\x79\x73\x63\x72\0\
\x73\x79\x73\x63\x77\0\x73\x79\x73\x63\x66\x73\0\x72\x65\x61\x64\x5f\x62\x79\
\x74\x65\x73\0\x77\x72\x69\x74\x65\x5f\x62\x79\x74\x65\x73\0\x63\x61\x6e\x63\
\x65\x6c\x6c\x65\x64\x5f\x77\x72\x69\x74\x65\x5f\x62\x79\x74\x65\x73\0\x6e\x6f\
\x64\x65\x6d\x61\x73\x6b\x5f\x74\0\x73\x65\x71\x63\x6f\x75\x6e\x74\x5f\x73\x70\
\x69\x6e\x6c\x6f\x63\x6b\x5f\x74\0\x73\x65\x71\x63\x6f\x75\x6e\x74\x5f\x73\x70\
\x69\x6e\x6c\x6f\x63\x6b\0\x70\x65\x72\x66\x5f\x65\x76\x65\x6e\x74\x5f\x63\x6f\
\x6e\x74\x65\x78\x74\0\x70\x6d\x75\0\x61\x63\x74\x69\x76\x65\x5f\x63\x74\x78\
\x5f\x6c\x69\x73\x74\0\x70\x69\x6e\x6e\x65\x64\x5f\x67\x72\x6f\x75\x70\x73\0\
\x66\x6c\x65\x78\x69\x62\x6c\x65\x5f\x67\x72\x6f\x75\x70\x73\0\x65\x76\x65\x6e\
\x74\x5f\x6c\x69\x73\x74\0\x70\x69\x6e\x6e\x65\x64\x5f\x61\x63\x74\x69\x76\x65\
\0\x66\x6c\x65\x78\x69\x62\x6c\x65\x5f\x61\x63\x74\x69\x76\x65\0\x6e\x72\x5f\
\x65\x76\x65\x6e\x74\x73\0\x6e\x72\x5f\x61\x63\x74\x69\x76\x65\0\x69\x73\x5f\
\x61\x63\x74\x69\x76\x65\0\x6e\x72\x5f\x73\x74\x61\x74\0\x6e\x72\x5f\x66\x72\
\x65\x71\0\x72\x6f\x74\x61\x74\x65\x5f\x64\x69\x73\x61\x62\x6c\x65\0\x72\x6f\
\x74\x61\x74\x65\x5f\x6e\x65\x63\x65\x73\x73\x61\x72\x79\0\x72\x65\x66\x63\x6f\
\x75\x6e\x74\0\x74\x61\x73\x6b\0\x74\x69\x6d\x65\x73\x74\x61\x6d\x70\0\x74\x69\
\x6d\x65\x6f\x66\x66\x73\x65\x74\0\x70\x61\x72\x65\x6e\x74\x5f\x63\x74\x78\0\
\x70\x61\x72\x65\x6e\x74\x5f\x67\x65\x6e\0\x67\x65\x6e\x65\x72\x61\x74\x69\x6f\
\x6e\0\x70\x69\x6e\x5f\x63\x6f\x75\x6e\x74\0\x74\x61\x73\x6b\x5f\x63\x74\x78\
\x5f\x64\x61\x74\x61\0\x6e\x72\x5f\x70\x65\x6e\x64\x69\x6e\x67\0\x70\x65\x72\
\x66\x5f\x65\x76\x65\x6e\x74\x5f\x67\x72\x6f\x75\x70\x73\0\x74\x72\x65\x65\0\
\x6c\x6f\x63\x61\x6c\x5f\x74\0\x61\0\x74\x6c\x62\x66\x6c\x75\x73\x68\x5f\x75\
\x6e\x6d\x61\x70\x5f\x62\x61\x74\x63\x68\0\x72\x63\x75\x5f\x75\x73\x65\x72\x73\
\0\x70\x61\x67\x65\x5f\x66\x72\x61\x67\0\x70\x61\x67\x65\0\x6f\x66\x66\x73\x65\
\x74\0\x74\x69\x6d\x65\x72\x5f\x6c\x69\x73\x74\0\x6c\x6c\x69\x73\x74\x5f\x68\
\x65\x61\x64\0\x74\x68\x72\x65\x61\x64\x5f\x73\x74\x72\x75\x63\x74\0\x63\x70\
\x75\x5f\x63\x6f\x6e\x74\x65\x78\x74\0\x75\x77\0\x66\x70\x73\x69\x6d\x64\x5f\
\x63\x70\x75\0\x73\x76\x65\x5f\x73\x74\x61\x74\x65\0\x73\x76\x65\x5f\x76\x6c\0\
\x73\x76\x65\x5f\x76\x6c\x5f\x6f\x6e\x65\x78\x65\x63\0\x66\x61\x75\x6c\x74\x5f\
\x61\x64\x64\x72\x65\x73\x73\0\x66\x61\x75\x6c\x74\x5f\x63\x6f\x64\x65\0\x64\
\x65\x62\x75\x67\0\x6b\x65\x79\x73\x5f\x75\x73\x65\x72\0\x6b\x65\x79\x73\x5f\
\x6b\x65\x72\x6e\x65\x6c\0\x6d\x74\x65\x5f\x63\x74\x72\x6c\0\x73\x63\x74\x6c\
\x72\x5f\x75\x73\x65\x72\0\x78\x31\x39\0\x78\x32\x30\0\x78\x32\x31\0\x78\x32\
\x32\0\x78\x32\x33\0\x78\x32\x34\0\x78\x32\x35\0\x78\x32\x36\0\x78\x32\x37\0\
\x78\x32\x38\0\x66\x70\0\x73\x70\0\x70\x63\0\x74\x70\x5f\x76\x61\x6c\x75\x65\0\
\x74\x70\x32\x5f\x76\x61\x6c\x75\x65\0\x66\x70\x73\x69\x6d\x64\x5f\x73\x74\x61\
\x74\x65\0\x75\x73\x65\x72\x5f\x66\x70\x73\x69\x6d\x64\x5f\x73\x74\x61\x74\x65\
\0\x76\x72\x65\x67\x73\0\x66\x70\x73\x72\0\x66\x70\x63\x72\0\x5f\x5f\x72\x65\
\x73\x65\x72\x76\x65\x64\0\x5f\x5f\x75\x69\x6e\x74\x31\x32\x38\x5f\x74\0\x75\
\x6e\x73\x69\x67\x6e\x65\x64\x20\x5f\x5f\x69\x6e\x74\x31\x32\x38\0\x64\x65\x62\
\x75\x67\x5f\x69\x6e\x66\x6f\0\x73\x75\x73\x70\x65\x6e\x64\x65\x64\x5f\x73\x74\
\x65\x70\0\x62\x70\x73\x5f\x64\x69\x73\x61\x62\x6c\x65\x64\0\x77\x70\x73\x5f\
\x64\x69\x73\x61\x62\x6c\x65\x64\0\x68\x62\x70\x5f\x62\x72\x65\x61\x6b\0\x68\
\x62\x70\x5f\x77\x61\x74\x63\x68\0\x70\x65\x72\x66\x5f\x65\x76\x65\x6e\x74\0\
\x65\x76\x65\x6e\x74\x5f\x65\x6e\x74\x72\x79\0\x73\x69\x62\x6c\x69\x6e\x67\x5f\
\x6c\x69\x73\x74\0\x61\x63\x74\x69\x76\x65\x5f\x6c\x69\x73\x74\0\x67\x72\x6f\
\x75\x70\x5f\x69\x6e\x64\x65\x78\0\x6d\x69\x67\x72\x61\x74\x65\x5f\x65\x6e\x74\
\x72\x79\0\x68\x6c\x69\x73\x74\x5f\x65\x6e\x74\x72\x79\0\x61\x63\x74\x69\x76\
\x65\x5f\x65\x6e\x74\x72\x79\0\x6e\x72\x5f\x73\x69\x62\x6c\x69\x6e\x67\x73\0\
\x65\x76\x65\x6e\x74\x5f\x63\x61\x70\x73\0\x67\x72\x6f\x75\x70\x5f\x63\x61\x70\
\x73\0\x70\x6d\x75\x5f\x70\x72\x69\x76\x61\x74\x65\0\x61\x74\x74\x61\x63\x68\
\x5f\x73\x74\x61\x74\x65\0\x63\x68\x69\x6c\x64\x5f\x63\x6f\x75\x6e\x74\0\x74\
\x6f\x74\x61\x6c\x5f\x74\x69\x6d\x65\x5f\x65\x6e\x61\x62\x6c\x65\x64\0\x74\x6f\
\x74\x61\x6c\x5f\x74\x69\x6d\x65\x5f\x72\x75\x6e\x6e\x69\x6e\x67\0\x74\x73\x74\
\x61\x6d\x70\0\x61\x74\x74\x72\0\x68\x65\x61\x64\x65\x72\x5f\x73\x69\x7a\x65\0\
\x69\x64\x5f\x68\x65\x61\x64\x65\x72\x5f\x73\x69\x7a\x65\0\x72\x65\x61\x64\x5f\
\x73\x69\x7a\x65\0\x68\x77\0\x63\x68\x69\x6c\x64\x5f\x74\x6f\x74\x61\x6c\x5f\
\x74\x69\x6d\x65\x5f\x65\x6e\x61\x62\x6c\x65\x64\0\x63\x68\x69\x6c\x64\x5f\x74\
\x6f\x74\x61\x6c\x5f\x74\x69\x6d\x65\x5f\x72\x75\x6e\x6e\x69\x6e\x67\0\x63\x68\
\x69\x6c\x64\x5f\x6d\x75\x74\x65\x78\0\x63\x68\x69\x6c\x64\x5f\x6c\x69\x73\x74\
\0\x6f\x6e\x63\x70\x75\0\x6f\x77\x6e\x65\x72\x5f\x65\x6e\x74\x72\x79\0\x6d\x6d\
\x61\x70\x5f\x6d\x75\x74\x65\x78\0\x6d\x6d\x61\x70\x5f\x63\x6f\x75\x6e\x74\0\
\x72\x62\x5f\x65\x6e\x74\x72\x79\0\x72\x63\x75\x5f\x62\x61\x74\x63\x68\x65\x73\
\0\x72\x63\x75\x5f\x70\x65\x6e\x64\x69\x6e\x67\0\x77\x61\x69\x74\x71\0\x66\x61\
\x73\x79\x6e\x63\0\x70\x65\x6e\x64\x69\x6e\x67\x5f\x77\x61\x6b\x65\x75\x70\0\
\x70\x65\x6e\x64\x69\x6e\x67\x5f\x6b\x69\x6c\x6c\0\x70\x65\x6e\x64\x69\x6e\x67\
\x5f\x64\x69\x73\x61\x62\x6c\x65\0\x70\x65\x6e\x64\x69\x6e\x67\x5f\x73\x69\x67\
\x74\x72\x61\x70\0\x70\x65\x6e\x64\x69\x6e\x67\x5f\x61\x64\x64\x72\0\x70\x65\
\x6e\x64\x69\x6e\x67\x5f\x69\x72\x71\0\x70\x65\x6e\x64\x69\x6e\x67\x5f\x74\x61\
\x73\x6b\0\x70\x65\x6e\x64\x69\x6e\x67\x5f\x77\x6f\x72\x6b\0\x65\x76\x65\x6e\
\x74\x5f\x6c\x69\x6d\x69\x74\0\x61\x64\x64\x72\x5f\x66\x69\x6c\x74\x65\x72\x73\
\0\x61\x64\x64\x72\x5f\x66\x69\x6c\x74\x65\x72\x5f\x72\x61\x6e\x67\x65\x73\0\
\x61\x64\x64\x72\x5f\x66\x69\x6c\x74\x65\x72\x73\x5f\x67\x65\x6e\0\x61\x75\x78\
\x5f\x65\x76\x65\x6e\x74\0\x63\x6c\x6f\x63\x6b\0\x6f\x76\x65\x72\x66\x6c\x6f\
\x77\x5f\x68\x61\x6e\x64\x6c\x65\x72\0\x6f\x76\x65\x72\x66\x6c\x6f\x77\x5f\x68\
\x61\x6e\x64\x6c\x65\x72\x5f\x63\x6f\x6e\x74\x65\x78\x74\0\x6f\x72\x69\x67\x5f\
\x6f\x76\x65\x72\x66\x6c\x6f\x77\x5f\x68\x61\x6e\x64\x6c\x65\x72\0\x70\x72\x6f\
\x67\0\x62\x70\x66\x5f\x63\x6f\x6f\x6b\x69\x65\0\x74\x70\x5f\x65\x76\x65\x6e\
\x74\0\x66\x74\x72\x61\x63\x65\x5f\x6f\x70\x73\0\x73\x62\x5f\x6c\x69\x73\x74\0\
\x6d\x6f\x64\x75\x6c\x65\0\x64\x65\x76\0\x61\x74\x74\x72\x5f\x67\x72\x6f\x75\
\x70\x73\0\x61\x74\x74\x72\x5f\x75\x70\x64\x61\x74\x65\0\x63\x61\x70\x61\x62\
\x69\x6c\x69\x74\x69\x65\x73\0\x70\x6d\x75\x5f\x64\x69\x73\x61\x62\x6c\x65\x5f\
\x63\x6f\x75\x6e\x74\0\x70\x6d\x75\x5f\x63\x70\x75\x5f\x63\x6f\x6e\x74\x65\x78\
\x74\0\x65\x78\x63\x6c\x75\x73\x69\x76\x65\x5f\x63\x6e\x74\0\x74\x61\x73\x6b\
\x5f\x63\x74\x78\x5f\x6e\x72\0\x68\x72\x74\x69\x6d\x65\x72\x5f\x69\x6e\x74\x65\
\x72\x76\x61\x6c\x5f\x6d\x73\0\x6e\x72\x5f\x61\x64\x64\x72\x5f\x66\x69\x6c\x74\
\x65\x72\x73\0\x70\x6d\x75\x5f\x65\x6e\x61\x62\x6c\x65\0\x70\x6d\x75\x5f\x64\
\x69\x73\x61\x62\x6c\x65\0\x65\x76\x65\x6e\x74\x5f\x69\x6e\x69\x74\0\x65\x76\
\x65\x6e\x74\x5f\x6d\x61\x70\x70\x65\x64\0\x65\x76\x65\x6e\x74\x5f\x75\x6e\x6d\
\x61\x70\x70\x65\x64\0\x61\x64\x64\0\x64\x65\x6c\0\x73\x74\x6f\x70\0\x73\x74\
\x61\x72\x74\x5f\x74\x78\x6e\0\x63\x6f\x6d\x6d\x69\x74\x5f\x74\x78\x6e\0\x63\
\x61\x6e\x63\x65\x6c\x5f\x74\x78\x6e\0\x65\x76\x65\x6e\x74\x5f\x69\x64\x78\0\
\x73\x63\x68\x65\x64\x5f\x74\x61\x73\x6b\0\x74\x61\x73\x6b\x5f\x63\x74\x78\x5f\
\x63\x61\x63\x68\x65\0\x73\x77\x61\x70\x5f\x74\x61\x73\x6b\x5f\x63\x74\x78\0\
\x73\x65\x74\x75\x70\x5f\x61\x75\x78\0\x66\x72\x65\x65\x5f\x61\x75\x78\0\x73\
\x6e\x61\x70\x73\x68\x6f\x74\x5f\x61\x75\x78\0\x61\x64\x64\x72\x5f\x66\x69\x6c\
\x74\x65\x72\x73\x5f\x76\x61\x6c\x69\x64\x61\x74\x65\0\x61\x64\x64\x72\x5f\x66\
\x69\x6c\x74\x65\x72\x73\x5f\x73\x79\x6e\x63\0\x61\x75\x78\x5f\x6f\x75\x74\x70\
\x75\x74\x5f\x6d\x61\x74\x63\x68\0\x66\x69\x6c\x74\x65\x72\x5f\x6d\x61\x74\x63\
\x68\0\x63\x68\x65\x63\x6b\x5f\x70\x65\x72\x69\x6f\x64\0\x61\x74\x74\x72\x69\
\x62\x75\x74\x65\x5f\x67\x72\x6f\x75\x70\0\x69\x73\x5f\x76\x69\x73\x69\x62\x6c\
\x65\0\x69\x73\x5f\x62\x69\x6e\x5f\x76\x69\x73\x69\x62\x6c\x65\0\x61\x74\x74\
\x72\x73\0\x62\x69\x6e\x5f\x61\x74\x74\x72\x73\0\x6b\x6f\x62\x6a\x65\x63\x74\0\
\x6b\x73\x65\x74\0\x6b\x74\x79\x70\x65\0\x73\x64\0\x6b\x72\x65\x66\0\x73\x74\
\x61\x74\x65\x5f\x69\x6e\x69\x74\x69\x61\x6c\x69\x7a\x65\x64\0\x73\x74\x61\x74\
\x65\x5f\x69\x6e\x5f\x73\x79\x73\x66\x73\0\x73\x74\x61\x74\x65\x5f\x61\x64\x64\
\x5f\x75\x65\x76\x65\x6e\x74\x5f\x73\x65\x6e\x74\0\x73\x74\x61\x74\x65\x5f\x72\
\x65\x6d\x6f\x76\x65\x5f\x75\x65\x76\x65\x6e\x74\x5f\x73\x65\x6e\x74\0\x75\x65\
\x76\x65\x6e\x74\x5f\x73\x75\x70\x70\x72\x65\x73\x73\0\x61\x74\x74\x72\x69\x62\
\x75\x74\x65\0\x62\x69\x6e\x5f\x61\x74\x74\x72\x69\x62\x75\x74\x65\0\x77\x72\
\x69\x74\x65\0\x61\x64\x64\x72\x65\x73\x73\x5f\x73\x70\x61\x63\x65\0\x68\x6f\
\x73\x74\0\x69\x5f\x70\x61\x67\x65\x73\0\x69\x6e\x76\x61\x6c\x69\x64\x61\x74\
\x65\x5f\x6c\x6f\x63\x6b\0\x67\x66\x70\x5f\x6d\x61\x73\x6b\0\x69\x5f\x6d\x6d\
\x61\x70\x5f\x77\x72\x69\x74\x61\x62\x6c\x65\0\x69\x5f\x6d\x6d\x61\x70\0\x69\
\x5f\x6d\x6d\x61\x70\x5f\x72\x77\x73\x65\x6d\0\x6e\x72\x70\x61\x67\x65\x73\0\
\x77\x72\x69\x74\x65\x62\x61\x63\x6b\x5f\x69\x6e\x64\x65\x78\0\x61\x5f\x6f\x70\
\x73\0\x77\x62\x5f\x65\x72\x72\0\x70\x72\x69\x76\x61\x74\x65\x5f\x6c\x6f\x63\
\x6b\0\x70\x72\x69\x76\x61\x74\x65\x5f\x6c\x69\x73\x74\0\x69\x6e\x6f\x64\x65\0\
\x69\x5f\x6d\x6f\x64\x65\0\x69\x5f\x6f\x70\x66\x6c\x61\x67\x73\0\x69\x5f\x75\
\x69\x64\0\x69\x5f\x67\x69\x64\0\x69\x5f\x66\x6c\x61\x67\x73\0\x69\x5f\x61\x63\
\x6c\0\x69\x5f\x64\x65\x66\x61\x75\x6c\x74\x5f\x61\x63\x6c\0\x69\x5f\x6f\x70\0\
\x69\x5f\x73\x62\0\x69\x5f\x6d\x61\x70\x70\x69\x6e\x67\0\x69\x5f\x73\x65\x63\
\x75\x72\x69\x74\x79\0\x69\x5f\x69\x6e\x6f\0\x69\x5f\x72\x64\x65\x76\0\x69\x5f\
\x73\x69\x7a\x65\0\x69\x5f\x61\x74\x69\x6d\x65\0\x69\x5f\x6d\x74\x69\x6d\x65\0\
\x69\x5f\x63\x74\x69\x6d\x65\0\x69\x5f\x6c\x6f\x63\x6b\0\x69\x5f\x62\x79\x74\
\x65\x73\0\x69\x5f\x62\x6c\x6b\x62\x69\x74\x73\0\x69\x5f\x77\x72\x69\x74\x65\
\x5f\x68\x69\x6e\x74\0\x69\x5f\x62\x6c\x6f\x63\x6b\x73\0\x69\x5f\x73\x74\x61\
\x74\x65\0\x69\x5f\x72\x77\x73\x65\x6d\0\x64\x69\x72\x74\x69\x65\x64\x5f\x77\
\x68\x65\x6e\0\x64\x69\x72\x74\x69\x65\x64\x5f\x74\x69\x6d\x65\x5f\x77\x68\x65\
\x6e\0\x69\x5f\x68\x61\x73\x68\0\x69\x5f\x69\x6f\x5f\x6c\x69\x73\x74\0\x69\x5f\
\x6c\x72\x75\0\x69\x5f\x73\x62\x5f\x6c\x69\x73\x74\0\x69\x5f\x77\x62\x5f\x6c\
\x69\x73\x74\0\x69\x5f\x76\x65\x72\x73\x69\x6f\x6e\0\x69\x5f\x73\x65\x71\x75\
\x65\x6e\x63\x65\0\x69\x5f\x63\x6f\x75\x6e\x74\0\x69\x5f\x64\x69\x6f\x5f\x63\
\x6f\x75\x6e\x74\0\x69\x5f\x77\x72\x69\x74\x65\x63\x6f\x75\x6e\x74\0\x69\x5f\
\x72\x65\x61\x64\x63\x6f\x75\x6e\x74\0\x69\x5f\x66\x6c\x63\x74\x78\0\x69\x5f\
\x64\x61\x74\x61\0\x69\x5f\x64\x65\x76\x69\x63\x65\x73\0\x69\x5f\x67\x65\x6e\
\x65\x72\x61\x74\x69\x6f\x6e\0\x69\x5f\x66\x73\x6e\x6f\x74\x69\x66\x79\x5f\x6d\
\x61\x73\x6b\0\x69\x5f\x66\x73\x6e\x6f\x74\x69\x66\x79\x5f\x6d\x61\x72\x6b\x73\
\0\x69\x5f\x63\x72\x79\x70\x74\x5f\x69\x6e\x66\x6f\0\x69\x5f\x76\x65\x72\x69\
\x74\x79\x5f\x69\x6e\x66\x6f\0\x69\x5f\x70\x72\x69\x76\x61\x74\x65\0\x70\x6f\
\x73\x69\x78\x5f\x61\x63\x6c\0\x61\x5f\x72\x65\x66\x63\x6f\x75\x6e\x74\0\x61\
\x5f\x72\x63\x75\0\x61\x5f\x63\x6f\x75\x6e\x74\0\x61\x5f\x65\x6e\x74\x72\x69\
\x65\x73\0\x70\x6f\x73\x69\x78\x5f\x61\x63\x6c\x5f\x65\x6e\x74\x72\x79\0\x65\
\x5f\x74\x61\x67\0\x65\x5f\x70\x65\x72\x6d\0\x65\x5f\x75\x69\x64\0\x65\x5f\x67\
\x69\x64\0\x69\x5f\x6e\x6c\x69\x6e\x6b\0\x5f\x5f\x69\x5f\x6e\x6c\x69\x6e\x6b\0\
\x64\x65\x76\x5f\x74\0\x5f\x5f\x6b\x65\x72\x6e\x65\x6c\x5f\x64\x65\x76\x5f\x74\
\0\x74\x69\x6d\x65\x73\x70\x65\x63\x36\x34\0\x62\x6c\x6b\x63\x6e\x74\x5f\x74\0\
\x69\x5f\x64\x65\x6e\x74\x72\x79\0\x69\x5f\x72\x63\x75\0\x69\x5f\x66\x6f\x70\0\
\x66\x72\x65\x65\x5f\x69\x6e\x6f\x64\x65\0\x66\x69\x6c\x65\x5f\x6f\x70\x65\x72\
\x61\x74\x69\x6f\x6e\x73\0\x6c\x6c\x73\x65\x65\x6b\0\x72\x65\x61\x64\x5f\x69\
\x74\x65\x72\0\x77\x72\x69\x74\x65\x5f\x69\x74\x65\x72\0\x69\x6f\x70\x6f\x6c\
\x6c\0\x69\x74\x65\x72\x61\x74\x65\0\x69\x74\x65\x72\x61\x74\x65\x5f\x73\x68\
\x61\x72\x65\x64\0\x75\x6e\x6c\x6f\x63\x6b\x65\x64\x5f\x69\x6f\x63\x74\x6c\0\
\x63\x6f\x6d\x70\x61\x74\x5f\x69\x6f\x63\x74\x6c\0\x6d\x6d\x61\x70\x5f\x73\x75\
\x70\x70\x6f\x72\x74\x65\x64\x5f\x66\x6c\x61\x67\x73\0\x6f\x70\x65\x6e\0\x66\
\x6c\x75\x73\x68\0\x72\x65\x6c\x65\x61\x73\x65\0\x66\x73\x79\x6e\x63\0\x73\x65\
\x6e\x64\x70\x61\x67\x65\0\x63\x68\x65\x63\x6b\x5f\x66\x6c\x61\x67\x73\0\x66\
\x6c\x6f\x63\x6b\0\x73\x70\x6c\x69\x63\x65\x5f\x77\x72\x69\x74\x65\0\x73\x70\
\x6c\x69\x63\x65\x5f\x72\x65\x61\x64\0\x73\x65\x74\x6c\x65\x61\x73\x65\0\x66\
\x61\x6c\x6c\x6f\x63\x61\x74\x65\0\x73\x68\x6f\x77\x5f\x66\x64\x69\x6e\x66\x6f\
\0\x63\x6f\x70\x79\x5f\x66\x69\x6c\x65\x5f\x72\x61\x6e\x67\x65\0\x72\x65\x6d\
\x61\x70\x5f\x66\x69\x6c\x65\x5f\x72\x61\x6e\x67\x65\0\x66\x61\x64\x76\x69\x73\
\x65\0\x62\x75\x69\x6c\x64\x5f\x69\x64\0\x6d\x6b\x6f\x62\x6a\0\x6d\x6f\x64\x69\
\x6e\x66\x6f\x5f\x61\x74\x74\x72\x73\0\x76\x65\x72\x73\x69\x6f\x6e\0\x73\x72\
\x63\x76\x65\x72\x73\x69\x6f\x6e\0\x68\x6f\x6c\x64\x65\x72\x73\x5f\x64\x69\x72\
\0\x73\x79\x6d\x73\0\x63\x72\x63\x73\0\x6e\x75\x6d\x5f\x73\x79\x6d\x73\0\x70\
\x61\x72\x61\x6d\x5f\x6c\x6f\x63\x6b\0\x6b\x70\0\x6e\x75\x6d\x5f\x6b\x70\0\x6e\
\x75\x6d\x5f\x67\x70\x6c\x5f\x73\x79\x6d\x73\0\x67\x70\x6c\x5f\x73\x79\x6d\x73\
\0\x67\x70\x6c\x5f\x63\x72\x63\x73\0\x75\x73\x69\x6e\x67\x5f\x67\x70\x6c\x6f\
\x6e\x6c\x79\x5f\x73\x79\x6d\x62\x6f\x6c\x73\0\x61\x73\x79\x6e\x63\x5f\x70\x72\
\x6f\x62\x65\x5f\x72\x65\x71\x75\x65\x73\x74\x65\x64\0\x6e\x75\x6d\x5f\x65\x78\
\x65\x6e\x74\x72\x69\x65\x73\0\x65\x78\x74\x61\x62\x6c\x65\0\x69\x6e\x69\x74\0\
\x63\x6f\x72\x65\x5f\x6c\x61\x79\x6f\x75\x74\0\x69\x6e\x69\x74\x5f\x6c\x61\x79\
\x6f\x75\x74\0\x61\x72\x63\x68\0\x74\x61\x69\x6e\x74\x73\0\x6e\x75\x6d\x5f\x62\
\x75\x67\x73\0\x62\x75\x67\x5f\x6c\x69\x73\x74\0\x62\x75\x67\x5f\x74\x61\x62\
\x6c\x65\0\x6b\x61\x6c\x6c\x73\x79\x6d\x73\0\x63\x6f\x72\x65\x5f\x6b\x61\x6c\
\x6c\x73\x79\x6d\x73\0\x73\x65\x63\x74\x5f\x61\x74\x74\x72\x73\0\x6e\x6f\x74\
\x65\x73\x5f\x61\x74\x74\x72\x73\0\x61\x72\x67\x73\0\x70\x65\x72\x63\x70\x75\0\
\x70\x65\x72\x63\x70\x75\x5f\x73\x69\x7a\x65\0\x6e\x6f\x69\x6e\x73\x74\x72\x5f\
\x74\x65\x78\x74\x5f\x73\x74\x61\x72\x74\0\x6e\x6f\x69\x6e\x73\x74\x72\x5f\x74\
\x65\x78\x74\x5f\x73\x69\x7a\x65\0\x6e\x75\x6d\x5f\x74\x72\x61\x63\x65\x70\x6f\
\x69\x6e\x74\x73\0\x74\x72\x61\x63\x65\x70\x6f\x69\x6e\x74\x73\x5f\x70\x74\x72\
\x73\0\x6e\x75\x6d\x5f\x73\x72\x63\x75\x5f\x73\x74\x72\x75\x63\x74\x73\0\x73\
\x72\x63\x75\x5f\x73\x74\x72\x75\x63\x74\x5f\x70\x74\x72\x73\0\x6e\x75\x6d\x5f\
\x62\x70\x66\x5f\x72\x61\x77\x5f\x65\x76\x65\x6e\x74\x73\0\x62\x70\x66\x5f\x72\
\x61\x77\x5f\x65\x76\x65\x6e\x74\x73\0\x6a\x75\x6d\x70\x5f\x65\x6e\x74\x72\x69\
\x65\x73\0\x6e\x75\x6d\x5f\x6a\x75\x6d\x70\x5f\x65\x6e\x74\x72\x69\x65\x73\0\
\x6e\x75\x6d\x5f\x74\x72\x61\x63\x65\x5f\x62\x70\x72\x69\x6e\x74\x6b\x5f\x66\
\x6d\x74\0\x74\x72\x61\x63\x65\x5f\x62\x70\x72\x69\x6e\x74\x6b\x5f\x66\x6d\x74\
\x5f\x73\x74\x61\x72\x74\0\x74\x72\x61\x63\x65\x5f\x65\x76\x65\x6e\x74\x73\0\
\x6e\x75\x6d\x5f\x74\x72\x61\x63\x65\x5f\x65\x76\x65\x6e\x74\x73\0\x74\x72\x61\
\x63\x65\x5f\x65\x76\x61\x6c\x73\0\x6e\x75\x6d\x5f\x74\x72\x61\x63\x65\x5f\x65\
\x76\x61\x6c\x73\0\x6e\x75\x6d\x5f\x66\x74\x72\x61\x63\x65\x5f\x63\x61\x6c\x6c\
\x73\x69\x74\x65\x73\0\x66\x74\x72\x61\x63\x65\x5f\x63\x61\x6c\x6c\x73\x69\x74\
\x65\x73\0\x6b\x70\x72\x6f\x62\x65\x73\x5f\x74\x65\x78\x74\x5f\x73\x74\x61\x72\
\x74\0\x6b\x70\x72\x6f\x62\x65\x73\x5f\x74\x65\x78\x74\x5f\x73\x69\x7a\x65\0\
\x6b\x70\x72\x6f\x62\x65\x5f\x62\x6c\x61\x63\x6b\x6c\x69\x73\x74\0\x6e\x75\x6d\
\x5f\x6b\x70\x72\x6f\x62\x65\x5f\x62\x6c\x61\x63\x6b\x6c\x69\x73\x74\0\x73\x6f\
\x75\x72\x63\x65\x5f\x6c\x69\x73\x74\0\x74\x61\x72\x67\x65\x74\x5f\x6c\x69\x73\
\x74\0\x65\x78\x69\x74\0\x6d\x6f\x64\x75\x6c\x65\x5f\x73\x74\x61\x74\x65\0\x4d\
\x4f\x44\x55\x4c\x45\x5f\x53\x54\x41\x54\x45\x5f\x4c\x49\x56\x45\0\x4d\x4f\x44\
\x55\x4c\x45\x5f\x53\x54\x41\x54\x45\x5f\x43\x4f\x4d\x49\x4e\x47\0\x4d\x4f\x44\
\x55\x4c\x45\x5f\x53\x54\x41\x54\x45\x5f\x47\x4f\x49\x4e\x47\0\x4d\x4f\x44\x55\
\x4c\x45\x5f\x53\x54\x41\x54\x45\x5f\x55\x4e\x46\x4f\x52\x4d\x45\x44\0\x6d\x6f\
\x64\x75\x6c\x65\x5f\x6b\x6f\x62\x6a\x65\x63\x74\0\x6b\x6f\x62\x6a\0\x6d\x6f\
\x64\0\x64\x72\x69\x76\x65\x72\x73\x5f\x64\x69\x72\0\x6d\x70\0\x6b\x6f\x62\x6a\
\x5f\x63\x6f\x6d\x70\x6c\x65\x74\x69\x6f\x6e\0\x6b\x65\x72\x6e\x65\x6c\x5f\x73\
\x79\x6d\x62\x6f\x6c\0\x76\x61\x6c\x75\x65\x5f\x6f\x66\x66\x73\x65\x74\0\x6e\
\x61\x6d\x65\x5f\x6f\x66\x66\x73\x65\x74\0\x6e\x61\x6d\x65\x73\x70\x61\x63\x65\
\x5f\x6f\x66\x66\x73\x65\x74\0\x6d\x6f\x64\x75\x6c\x65\x5f\x6c\x61\x79\x6f\x75\
\x74\0\x74\x65\x78\x74\x5f\x73\x69\x7a\x65\0\x72\x6f\x5f\x73\x69\x7a\x65\0\x72\
\x6f\x5f\x61\x66\x74\x65\x72\x5f\x69\x6e\x69\x74\x5f\x73\x69\x7a\x65\0\x6d\x74\
\x6e\0\x6d\x6f\x64\x5f\x74\x72\x65\x65\x5f\x6e\x6f\x64\x65\0\x6c\x61\x74\x63\
\x68\x5f\x74\x72\x65\x65\x5f\x6e\x6f\x64\x65\0\x6d\x6f\x64\x5f\x61\x72\x63\x68\
\x5f\x73\x70\x65\x63\x69\x66\x69\x63\0\x63\x6f\x72\x65\0\x66\x74\x72\x61\x63\
\x65\x5f\x74\x72\x61\x6d\x70\x6f\x6c\x69\x6e\x65\x73\0\x6d\x6f\x64\x5f\x70\x6c\
\x74\x5f\x73\x65\x63\0\x70\x6c\x74\x5f\x73\x68\x6e\x64\x78\0\x70\x6c\x74\x5f\
\x6e\x75\x6d\x5f\x65\x6e\x74\x72\x69\x65\x73\0\x70\x6c\x74\x5f\x6d\x61\x78\x5f\
\x65\x6e\x74\x72\x69\x65\x73\0\x6d\x6f\x64\x5f\x6b\x61\x6c\x6c\x73\x79\x6d\x73\
\0\x73\x79\x6d\x74\x61\x62\0\x6e\x75\x6d\x5f\x73\x79\x6d\x74\x61\x62\0\x73\x74\
\x72\x74\x61\x62\0\x74\x79\x70\x65\x74\x61\x62\0\x45\x6c\x66\x36\x34\x5f\x53\
\x79\x6d\0\x74\x72\x61\x63\x65\x70\x6f\x69\x6e\x74\x5f\x70\x74\x72\x5f\x74\0\
\x73\x73\x69\x7a\x65\x5f\x74\0\x5f\x5f\x6b\x65\x72\x6e\x65\x6c\x5f\x73\x73\x69\
\x7a\x65\x5f\x74\0\x5f\x5f\x6b\x65\x72\x6e\x65\x6c\x5f\x6c\x6f\x6e\x67\x5f\x74\
\0\x6b\x69\x6f\x63\x62\0\x6b\x69\x5f\x66\x69\x6c\x70\0\x6b\x69\x5f\x70\x6f\x73\
\0\x6b\x69\x5f\x63\x6f\x6d\x70\x6c\x65\x74\x65\0\x6b\x69\x5f\x66\x6c\x61\x67\
\x73\0\x6b\x69\x5f\x68\x69\x6e\x74\0\x6b\x69\x5f\x69\x6f\x70\x72\x69\x6f\0\x6b\
\x69\x5f\x63\x6f\x6f\x6b\x69\x65\0\x6b\x69\x5f\x77\x61\x69\x74\x71\0\x69\x6f\
\x76\x5f\x69\x74\x65\x72\0\x69\x74\x65\x72\x5f\x74\x79\x70\x65\0\x6e\x6f\x66\
\x61\x75\x6c\x74\0\x64\x61\x74\x61\x5f\x73\x6f\x75\x72\x63\x65\0\x69\x6f\x76\
\x5f\x6f\x66\x66\x73\x65\x74\0\x69\x6f\x76\0\x6b\x76\x65\x63\0\x62\x76\x65\x63\
\0\x78\x61\x72\x72\x61\x79\0\x70\x69\x70\x65\0\x70\x69\x70\x65\x5f\x69\x6e\x6f\
\x64\x65\x5f\x69\x6e\x66\x6f\0\x72\x64\x5f\x77\x61\x69\x74\0\x77\x72\x5f\x77\
\x61\x69\x74\0\x6d\x61\x78\x5f\x75\x73\x61\x67\x65\0\x72\x69\x6e\x67\x5f\x73\
\x69\x7a\x65\0\x6e\x72\x5f\x61\x63\x63\x6f\x75\x6e\x74\x65\x64\0\x72\x65\x61\
\x64\x65\x72\x73\0\x77\x72\x69\x74\x65\x72\x73\0\x72\x5f\x63\x6f\x75\x6e\x74\
\x65\x72\0\x77\x5f\x63\x6f\x75\x6e\x74\x65\x72\0\x70\x6f\x6c\x6c\x5f\x75\x73\
\x61\x67\x65\0\x74\x6d\x70\x5f\x70\x61\x67\x65\0\x66\x61\x73\x79\x6e\x63\x5f\
\x72\x65\x61\x64\x65\x72\x73\0\x66\x61\x73\x79\x6e\x63\x5f\x77\x72\x69\x74\x65\
\x72\x73\0\x62\x75\x66\x73\0\x5f\x72\x65\x66\x63\x6f\x75\x6e\x74\0\x6c\x72\x75\
\0\x6d\x61\x70\x70\x69\x6e\x67\0\x70\x70\x5f\x6d\x61\x67\x69\x63\0\x70\x70\0\
\x5f\x70\x70\x5f\x6d\x61\x70\x70\x69\x6e\x67\x5f\x70\x61\x64\0\x64\x6d\x61\x5f\
\x61\x64\x64\x72\0\x64\x6d\x61\x5f\x61\x64\x64\x72\x5f\x75\x70\x70\x65\x72\0\
\x70\x70\x5f\x66\x72\x61\x67\x5f\x63\x6f\x75\x6e\x74\0\x73\x6c\x61\x62\x5f\x63\
\x61\x63\x68\x65\0\x66\x72\x65\x65\x6c\x69\x73\x74\0\x73\x6c\x61\x62\x5f\x6c\
\x69\x73\x74\0\x70\x61\x67\x65\x73\0\x70\x6f\x62\x6a\x65\x63\x74\x73\0\x73\x5f\
\x6d\x65\x6d\0\x63\x6f\x75\x6e\x74\x65\x72\x73\0\x69\x6e\x75\x73\x65\0\x6f\x62\
\x6a\x65\x63\x74\x73\0\x63\x6f\x6d\x70\x6f\x75\x6e\x64\x5f\x68\x65\x61\x64\0\
\x63\x6f\x6d\x70\x6f\x75\x6e\x64\x5f\x64\x74\x6f\x72\0\x63\x6f\x6d\x70\x6f\x75\
\x6e\x64\x5f\x6f\x72\x64\x65\x72\0\x63\x6f\x6d\x70\x6f\x75\x6e\x64\x5f\x6d\x61\
\x70\x63\x6f\x75\x6e\x74\0\x63\x6f\x6d\x70\x6f\x75\x6e\x64\x5f\x6e\x72\0\x5f\
\x63\x6f\x6d\x70\x6f\x75\x6e\x64\x5f\x70\x61\x64\x5f\x31\0\x68\x70\x61\x67\x65\
\x5f\x70\x69\x6e\x6e\x65\x64\x5f\x72\x65\x66\x63\x6f\x75\x6e\x74\0\x64\x65\x66\
\x65\x72\x72\x65\x64\x5f\x6c\x69\x73\x74\0\x5f\x70\x74\x5f\x70\x61\x64\x5f\x31\
\0\x70\x6d\x64\x5f\x68\x75\x67\x65\x5f\x70\x74\x65\0\x5f\x70\x74\x5f\x70\x61\
\x64\x5f\x32\0\x70\x74\x6c\0\x70\x67\x74\x61\x62\x6c\x65\x5f\x74\0\x70\x74\x5f\
\x6d\x6d\0\x70\x74\x5f\x66\x72\x61\x67\x5f\x72\x65\x66\x63\x6f\x75\x6e\x74\0\
\x70\x67\x6d\x61\x70\0\x7a\x6f\x6e\x65\x5f\x64\x65\x76\x69\x63\x65\x5f\x64\x61\
\x74\x61\0\x5f\x6d\x61\x70\x63\x6f\x75\x6e\x74\0\x70\x61\x67\x65\x5f\x74\x79\
\x70\x65\0\x75\x6e\x69\x74\x73\0\x66\x61\x73\x79\x6e\x63\x5f\x73\x74\x72\x75\
\x63\x74\0\x66\x61\x5f\x6c\x6f\x63\x6b\0\x66\x61\x5f\x66\x64\0\x66\x61\x5f\x6e\
\x65\x78\x74\0\x66\x61\x5f\x66\x69\x6c\x65\0\x66\x61\x5f\x72\x63\x75\0\x75\x73\
\x65\x72\x5f\x73\x74\x72\x75\x63\x74\0\x5f\x5f\x63\x6f\x75\x6e\x74\0\x65\x70\
\x6f\x6c\x6c\x5f\x77\x61\x74\x63\x68\x65\x73\0\x75\x6e\x69\x78\x5f\x69\x6e\x66\
\x6c\x69\x67\x68\x74\0\x70\x69\x70\x65\x5f\x62\x75\x66\x73\0\x75\x69\x64\x68\
\x61\x73\x68\x5f\x6e\x6f\x64\x65\0\x72\x61\x74\x65\x6c\x69\x6d\x69\x74\0\x70\
\x65\x72\x63\x70\x75\x5f\x63\x6f\x75\x6e\x74\x65\x72\0\x72\x61\x74\x65\x6c\x69\
\x6d\x69\x74\x5f\x73\x74\x61\x74\x65\0\x69\x6e\x74\x65\x72\x76\x61\x6c\0\x70\
\x72\x69\x6e\x74\x65\x64\0\x6d\x69\x73\x73\x65\x64\0\x62\x65\x67\x69\x6e\0\x6e\
\x72\x5f\x73\x65\x67\x73\0\x78\x61\x72\x72\x61\x79\x5f\x73\x74\x61\x72\x74\0\
\x73\x74\x61\x72\x74\x5f\x68\x65\x61\x64\0\x64\x69\x72\x5f\x63\x6f\x6e\x74\x65\
\x78\x74\0\x61\x63\x74\x6f\x72\0\x70\x6f\x73\0\x66\x69\x6c\x6c\x64\x69\x72\x5f\
\x74\0\x5f\x5f\x70\x6f\x6c\x6c\x5f\x74\0\x70\x6f\x6c\x6c\x5f\x74\x61\x62\x6c\
\x65\x5f\x73\x74\x72\x75\x63\x74\0\x5f\x71\x70\x72\x6f\x63\0\x5f\x6b\x65\x79\0\
\x70\x6f\x6c\x6c\x5f\x71\x75\x65\x75\x65\x5f\x70\x72\x6f\x63\0\x66\x6c\x5f\x6f\
\x77\x6e\x65\x72\x5f\x74\0\x66\x69\x6c\x65\x5f\x6c\x6f\x63\x6b\0\x66\x6c\x5f\
\x62\x6c\x6f\x63\x6b\x65\x72\0\x66\x6c\x5f\x6c\x69\x73\x74\0\x66\x6c\x5f\x6c\
\x69\x6e\x6b\0\x66\x6c\x5f\x62\x6c\x6f\x63\x6b\x65\x64\x5f\x72\x65\x71\x75\x65\
\x73\x74\x73\0\x66\x6c\x5f\x62\x6c\x6f\x63\x6b\x65\x64\x5f\x6d\x65\x6d\x62\x65\
\x72\0\x66\x6c\x5f\x6f\x77\x6e\x65\x72\0\x66\x6c\x5f\x66\x6c\x61\x67\x73\0\x66\
\x6c\x5f\x74\x79\x70\x65\0\x66\x6c\x5f\x70\x69\x64\0\x66\x6c\x5f\x6c\x69\x6e\
\x6b\x5f\x63\x70\x75\0\x66\x6c\x5f\x77\x61\x69\x74\0\x66\x6c\x5f\x66\x69\x6c\
\x65\0\x66\x6c\x5f\x73\x74\x61\x72\x74\0\x66\x6c\x5f\x65\x6e\x64\0\x66\x6c\x5f\
\x66\x61\x73\x79\x6e\x63\0\x66\x6c\x5f\x62\x72\x65\x61\x6b\x5f\x74\x69\x6d\x65\
\0\x66\x6c\x5f\x64\x6f\x77\x6e\x67\x72\x61\x64\x65\x5f\x74\x69\x6d\x65\0\x66\
\x6c\x5f\x6f\x70\x73\0\x66\x6c\x5f\x6c\x6d\x6f\x70\x73\0\x66\x6c\x5f\x75\0\x6e\
\x66\x73\x5f\x66\x6c\0\x6e\x66\x73\x34\x5f\x66\x6c\0\x61\x66\x73\0\x6e\x66\x73\
\x5f\x6c\x6f\x63\x6b\x5f\x69\x6e\x66\x6f\0\x6e\x6c\x6d\x5f\x6c\x6f\x63\x6b\x6f\
\x77\x6e\x65\x72\0\x6e\x66\x73\x34\x5f\x6c\x6f\x63\x6b\x5f\x69\x6e\x66\x6f\0\
\x6e\x66\x73\x34\x5f\x6c\x6f\x63\x6b\x5f\x73\x74\x61\x74\x65\0\x64\x65\x62\x75\
\x67\x5f\x69\x64\0\x69\x5f\x70\x69\x70\x65\0\x69\x5f\x63\x64\x65\x76\0\x69\x5f\
\x6c\x69\x6e\x6b\0\x69\x5f\x64\x69\x72\x5f\x73\x65\x71\0\x78\x61\x5f\x6c\x6f\
\x63\x6b\0\x78\x61\x5f\x66\x6c\x61\x67\x73\0\x78\x61\x5f\x68\x65\x61\x64\0\x67\
\x66\x70\x5f\x74\0\x6b\x6d\x65\x6d\x5f\x63\x61\x63\x68\x65\0\x63\x70\x75\x5f\
\x73\x6c\x61\x62\0\x6d\x69\x6e\x5f\x70\x61\x72\x74\x69\x61\x6c\0\x6f\x62\x6a\
\x65\x63\x74\x5f\x73\x69\x7a\x65\0\x72\x65\x63\x69\x70\x72\x6f\x63\x61\x6c\x5f\
\x73\x69\x7a\x65\0\x63\x70\x75\x5f\x70\x61\x72\x74\x69\x61\x6c\0\x6f\x6f\0\x6d\
\x61\x78\0\x6d\x69\x6e\0\x61\x6c\x6c\x6f\x63\x66\x6c\x61\x67\x73\0\x63\x74\x6f\
\x72\0\x61\x6c\x69\x67\x6e\0\x72\x65\x64\x5f\x6c\x65\x66\x74\x5f\x70\x61\x64\0\
\x72\x61\x6e\x64\x6f\x6d\0\x72\x61\x6e\x64\x6f\x6d\x5f\x73\x65\x71\0\x75\x73\
\x65\x72\x6f\x66\x66\x73\x65\x74\0\x75\x73\x65\x72\x73\x69\x7a\x65\0\x73\x6c\
\x61\x62\x5f\x66\x6c\x61\x67\x73\x5f\x74\0\x72\x65\x63\x69\x70\x72\x6f\x63\x61\
\x6c\x5f\x76\x61\x6c\x75\x65\0\x6d\0\x73\x68\x31\0\x73\x68\x32\0\x6b\x6d\x65\
\x6d\x5f\x63\x61\x63\x68\x65\x5f\x6f\x72\x64\x65\x72\x5f\x6f\x62\x6a\x65\x63\
\x74\x73\0\x6b\x6d\x65\x6d\x5f\x63\x61\x63\x68\x65\x5f\x6e\x6f\x64\x65\0\x6c\
\x69\x73\x74\x5f\x6c\x6f\x63\x6b\0\x6e\x72\x5f\x70\x61\x72\x74\x69\x61\x6c\0\
\x70\x61\x72\x74\x69\x61\x6c\0\x6e\x72\x5f\x73\x6c\x61\x62\x73\0\x74\x6f\x74\
\x61\x6c\x5f\x6f\x62\x6a\x65\x63\x74\x73\0\x66\x75\x6c\x6c\0\x70\x65\x72\x66\
\x5f\x6f\x75\x74\x70\x75\x74\x5f\x68\x61\x6e\x64\x6c\x65\0\x65\x76\x65\x6e\x74\
\0\x77\x61\x6b\x65\x75\x70\0\x61\x75\x78\x5f\x66\x6c\x61\x67\x73\0\x61\x64\x64\
\x72\0\x70\x65\x72\x66\x5f\x65\x76\x65\x6e\x74\x5f\x73\x74\x61\x74\x65\0\x50\
\x45\x52\x46\x5f\x45\x56\x45\x4e\x54\x5f\x53\x54\x41\x54\x45\x5f\x44\x45\x41\
\x44\0\x50\x45\x52\x46\x5f\x45\x56\x45\x4e\x54\x5f\x53\x54\x41\x54\x45\x5f\x45\
\x58\x49\x54\0\x50\x45\x52\x46\x5f\x45\x56\x45\x4e\x54\x5f\x53\x54\x41\x54\x45\
\x5f\x45\x52\x52\x4f\x52\0\x50\x45\x52\x46\x5f\x45\x56\x45\x4e\x54\x5f\x53\x54\
\x41\x54\x45\x5f\x4f\x46\x46\0\x50\x45\x52\x46\x5f\x45\x56\x45\x4e\x54\x5f\x53\
\x54\x41\x54\x45\x5f\x49\x4e\x41\x43\x54\x49\x56\x45\0\x50\x45\x52\x46\x5f\x45\
\x56\x45\x4e\x54\x5f\x53\x54\x41\x54\x45\x5f\x41\x43\x54\x49\x56\x45\0\x6c\x6f\
\x63\x61\x6c\x36\x34\x5f\x74\0\x70\x65\x72\x66\x5f\x65\x76\x65\x6e\x74\x5f\x61\
\x74\x74\x72\0\x63\x6f\x6e\x66\x69\x67\0\x73\x61\x6d\x70\x6c\x65\x5f\x74\x79\
\x70\x65\0\x72\x65\x61\x64\x5f\x66\x6f\x72\x6d\x61\x74\0\x64\x69\x73\x61\x62\
\x6c\x65\x64\0\x69\x6e\x68\x65\x72\x69\x74\0\x65\x78\x63\x6c\x75\x73\x69\x76\
\x65\0\x65\x78\x63\x6c\x75\x64\x65\x5f\x75\x73\x65\x72\0\x65\x78\x63\x6c\x75\
\x64\x65\x5f\x6b\x65\x72\x6e\x65\x6c\0\x65\x78\x63\x6c\x75\x64\x65\x5f\x68\x76\
\0\x65\x78\x63\x6c\x75\x64\x65\x5f\x69\x64\x6c\x65\0\x66\x72\x65\x71\0\x69\x6e\
\x68\x65\x72\x69\x74\x5f\x73\x74\x61\x74\0\x65\x6e\x61\x62\x6c\x65\x5f\x6f\x6e\
\x5f\x65\x78\x65\x63\0\x77\x61\x74\x65\x72\x6d\x61\x72\x6b\0\x70\x72\x65\x63\
\x69\x73\x65\x5f\x69\x70\0\x6d\x6d\x61\x70\x5f\x64\x61\x74\x61\0\x73\x61\x6d\
\x70\x6c\x65\x5f\x69\x64\x5f\x61\x6c\x6c\0\x65\x78\x63\x6c\x75\x64\x65\x5f\x68\
\x6f\x73\x74\0\x65\x78\x63\x6c\x75\x64\x65\x5f\x67\x75\x65\x73\x74\0\x65\x78\
\x63\x6c\x75\x64\x65\x5f\x63\x61\x6c\x6c\x63\x68\x61\x69\x6e\x5f\x6b\x65\x72\
\x6e\x65\x6c\0\x65\x78\x63\x6c\x75\x64\x65\x5f\x63\x61\x6c\x6c\x63\x68\x61\x69\
\x6e\x5f\x75\x73\x65\x72\0\x6d\x6d\x61\x70\x32\0\x63\x6f\x6d\x6d\x5f\x65\x78\
\x65\x63\0\x75\x73\x65\x5f\x63\x6c\x6f\x63\x6b\x69\x64\0\x63\x6f\x6e\x74\x65\
\x78\x74\x5f\x73\x77\x69\x74\x63\x68\0\x77\x72\x69\x74\x65\x5f\x62\x61\x63\x6b\
\x77\x61\x72\x64\0\x6e\x61\x6d\x65\x73\x70\x61\x63\x65\x73\0\x6b\x73\x79\x6d\
\x62\x6f\x6c\0\x62\x70\x66\x5f\x65\x76\x65\x6e\x74\0\x61\x75\x78\x5f\x6f\x75\
\x74\x70\x75\x74\0\x74\x65\x78\x74\x5f\x70\x6f\x6b\x65\0\x69\x6e\x68\x65\x72\
\x69\x74\x5f\x74\x68\x72\x65\x61\x64\0\x72\x65\x6d\x6f\x76\x65\x5f\x6f\x6e\x5f\
\x65\x78\x65\x63\0\x73\x69\x67\x74\x72\x61\x70\0\x5f\x5f\x72\x65\x73\x65\x72\
\x76\x65\x64\x5f\x31\0\x62\x70\x5f\x74\x79\x70\x65\0\x62\x72\x61\x6e\x63\x68\
\x5f\x73\x61\x6d\x70\x6c\x65\x5f\x74\x79\x70\x65\0\x73\x61\x6d\x70\x6c\x65\x5f\
\x72\x65\x67\x73\x5f\x75\x73\x65\x72\0\x73\x61\x6d\x70\x6c\x65\x5f\x73\x74\x61\
\x63\x6b\x5f\x75\x73\x65\x72\0\x73\x61\x6d\x70\x6c\x65\x5f\x72\x65\x67\x73\x5f\
\x69\x6e\x74\x72\0\x61\x75\x78\x5f\x77\x61\x74\x65\x72\x6d\x61\x72\x6b\0\x73\
\x61\x6d\x70\x6c\x65\x5f\x6d\x61\x78\x5f\x73\x74\x61\x63\x6b\0\x5f\x5f\x72\x65\
\x73\x65\x72\x76\x65\x64\x5f\x32\0\x61\x75\x78\x5f\x73\x61\x6d\x70\x6c\x65\x5f\
\x73\x69\x7a\x65\0\x5f\x5f\x72\x65\x73\x65\x72\x76\x65\x64\x5f\x33\0\x73\x69\
\x67\x5f\x64\x61\x74\x61\0\x73\x61\x6d\x70\x6c\x65\x5f\x70\x65\x72\x69\x6f\x64\
\0\x73\x61\x6d\x70\x6c\x65\x5f\x66\x72\x65\x71\0\x77\x61\x6b\x65\x75\x70\x5f\
\x65\x76\x65\x6e\x74\x73\0\x77\x61\x6b\x65\x75\x70\x5f\x77\x61\x74\x65\x72\x6d\
\x61\x72\x6b\0\x62\x70\x5f\x61\x64\x64\x72\0\x6b\x70\x72\x6f\x62\x65\x5f\x66\
\x75\x6e\x63\0\x75\x70\x72\x6f\x62\x65\x5f\x70\x61\x74\x68\0\x63\x6f\x6e\x66\
\x69\x67\x31\0\x62\x70\x5f\x6c\x65\x6e\0\x6b\x70\x72\x6f\x62\x65\x5f\x61\x64\
\x64\x72\0\x70\x72\x6f\x62\x65\x5f\x6f\x66\x66\x73\x65\x74\0\x63\x6f\x6e\x66\
\x69\x67\x32\0\x68\x77\x5f\x70\x65\x72\x66\x5f\x65\x76\x65\x6e\x74\0\x74\x61\
\x72\x67\x65\x74\0\x70\x72\x65\x76\x5f\x63\x6f\x75\x6e\x74\0\x69\x6e\x74\x65\
\x72\x72\x75\x70\x74\x73\x5f\x73\x65\x71\0\x69\x6e\x74\x65\x72\x72\x75\x70\x74\
\x73\0\x66\x72\x65\x71\x5f\x74\x69\x6d\x65\x5f\x73\x74\x61\x6d\x70\0\x66\x72\
\x65\x71\x5f\x63\x6f\x75\x6e\x74\x5f\x73\x74\x61\x6d\x70\0\x6c\x61\x73\x74\x5f\
\x74\x61\x67\0\x63\x6f\x6e\x66\x69\x67\x5f\x62\x61\x73\x65\0\x65\x76\x65\x6e\
\x74\x5f\x62\x61\x73\x65\0\x65\x76\x65\x6e\x74\x5f\x62\x61\x73\x65\x5f\x72\x64\
\x70\x6d\x63\0\x69\x64\x78\0\x6c\x61\x73\x74\x5f\x63\x70\x75\0\x65\x78\x74\x72\
\x61\x5f\x72\x65\x67\0\x62\x72\x61\x6e\x63\x68\x5f\x72\x65\x67\0\x68\x77\x5f\
\x70\x65\x72\x66\x5f\x65\x76\x65\x6e\x74\x5f\x65\x78\x74\x72\x61\0\x72\x65\x67\
\0\x61\x6c\x6c\x6f\x63\0\x74\x70\x5f\x6c\x69\x73\x74\0\x70\x77\x72\x5f\x61\x63\
\x63\0\x70\x74\x73\x63\0\x62\x70\x5f\x6c\x69\x73\x74\0\x61\x72\x63\x68\x5f\x68\
\x77\x5f\x62\x72\x65\x61\x6b\x70\x6f\x69\x6e\x74\0\x61\x64\x64\x72\x65\x73\x73\
\0\x74\x72\x69\x67\x67\x65\x72\0\x63\x74\x72\x6c\0\x61\x72\x63\x68\x5f\x68\x77\
\x5f\x62\x72\x65\x61\x6b\x70\x6f\x69\x6e\x74\x5f\x63\x74\x72\x6c\0\x6c\x65\x6e\
\0\x70\x72\x69\x76\x69\x6c\x65\x67\x65\0\x65\x6e\x61\x62\x6c\x65\x64\0\x69\x6f\
\x6d\x6d\x75\x5f\x62\x61\x6e\x6b\0\x69\x6f\x6d\x6d\x75\x5f\x63\x6e\x74\x72\0\
\x70\x61\x64\x64\x69\x6e\x67\0\x63\x6f\x6e\x66\0\x63\x6f\x6e\x66\x31\0\x6c\x61\
\x73\x74\x5f\x70\x65\x72\x69\x6f\x64\0\x70\x65\x72\x69\x6f\x64\x5f\x6c\x65\x66\
\x74\0\x73\x61\x76\x65\x64\x5f\x6d\x65\x74\x72\x69\x63\0\x73\x61\x76\x65\x64\
\x5f\x73\x6c\x6f\x74\x73\0\x70\x65\x72\x66\x5f\x62\x75\x66\x66\x65\x72\0\x6e\
\x72\x5f\x70\x61\x67\x65\x73\0\x6f\x76\x65\x72\x77\x72\x69\x74\x65\0\x70\x61\
\x75\x73\x65\x64\0\x6e\x65\x73\x74\0\x6c\x6f\x73\x74\0\x65\x76\x65\x6e\x74\x5f\
\x6c\x6f\x63\x6b\0\x6d\x6d\x61\x70\x5f\x6c\x6f\x63\x6b\x65\x64\0\x6d\x6d\x61\
\x70\x5f\x75\x73\x65\x72\0\x61\x75\x78\x5f\x68\x65\x61\x64\0\x61\x75\x78\x5f\
\x6e\x65\x73\x74\0\x61\x75\x78\x5f\x77\x61\x6b\x65\x75\x70\0\x61\x75\x78\x5f\
\x70\x67\x6f\x66\x66\0\x61\x75\x78\x5f\x6e\x72\x5f\x70\x61\x67\x65\x73\0\x61\
\x75\x78\x5f\x6f\x76\x65\x72\x77\x72\x69\x74\x65\0\x61\x75\x78\x5f\x6d\x6d\x61\
\x70\x5f\x63\x6f\x75\x6e\x74\0\x61\x75\x78\x5f\x6d\x6d\x61\x70\x5f\x6c\x6f\x63\
\x6b\x65\x64\0\x61\x75\x78\x5f\x72\x65\x66\x63\x6f\x75\x6e\x74\0\x61\x75\x78\
\x5f\x69\x6e\x5f\x73\x61\x6d\x70\x6c\x69\x6e\x67\0\x61\x75\x78\x5f\x70\x61\x67\
\x65\x73\0\x61\x75\x78\x5f\x70\x72\x69\x76\0\x75\x73\x65\x72\x5f\x70\x61\x67\
\x65\0\x64\x61\x74\x61\x5f\x70\x61\x67\x65\x73\0\x69\x72\x71\x5f\x77\x6f\x72\
\x6b\0\x70\x65\x72\x66\x5f\x61\x64\x64\x72\x5f\x66\x69\x6c\x74\x65\x72\x73\x5f\
\x68\x65\x61\x64\0\x6e\x72\x5f\x66\x69\x6c\x65\x5f\x66\x69\x6c\x74\x65\x72\x73\
\0\x70\x69\x64\x5f\x6e\x61\x6d\x65\x73\x70\x61\x63\x65\0\x69\x64\x72\0\x70\x69\
\x64\x5f\x61\x6c\x6c\x6f\x63\x61\x74\x65\x64\0\x63\x68\x69\x6c\x64\x5f\x72\x65\
\x61\x70\x65\x72\0\x70\x69\x64\x5f\x63\x61\x63\x68\x65\x70\0\x72\x65\x62\x6f\
\x6f\x74\0\x69\x64\x72\x5f\x72\x74\0\x69\x64\x72\x5f\x62\x61\x73\x65\0\x69\x64\
\x72\x5f\x6e\x65\x78\x74\0\x70\x65\x72\x66\x5f\x6f\x76\x65\x72\x66\x6c\x6f\x77\
\x5f\x68\x61\x6e\x64\x6c\x65\x72\x5f\x74\0\x70\x65\x72\x66\x5f\x73\x61\x6d\x70\
\x6c\x65\x5f\x64\x61\x74\x61\0\x72\x61\x77\0\x62\x72\x5f\x73\x74\x61\x63\x6b\0\
\x74\x78\x6e\0\x64\x61\x74\x61\x5f\x73\x72\x63\0\x69\x70\0\x74\x69\x64\x5f\x65\
\x6e\x74\x72\x79\0\x73\x74\x72\x65\x61\x6d\x5f\x69\x64\0\x63\x70\x75\x5f\x65\
\x6e\x74\x72\x79\0\x63\x61\x6c\x6c\x63\x68\x61\x69\x6e\0\x61\x75\x78\x5f\x73\
\x69\x7a\x65\0\x72\x65\x67\x73\x5f\x75\x73\x65\x72\0\x72\x65\x67\x73\x5f\x69\
\x6e\x74\x72\0\x73\x74\x61\x63\x6b\x5f\x75\x73\x65\x72\x5f\x73\x69\x7a\x65\0\
\x70\x68\x79\x73\x5f\x61\x64\x64\x72\0\x64\x61\x74\x61\x5f\x70\x61\x67\x65\x5f\
\x73\x69\x7a\x65\0\x63\x6f\x64\x65\x5f\x70\x61\x67\x65\x5f\x73\x69\x7a\x65\0\
\x70\x65\x72\x66\x5f\x73\x61\x6d\x70\x6c\x65\x5f\x77\x65\x69\x67\x68\x74\0\x76\
\x61\x72\x31\x5f\x64\x77\0\x76\x61\x72\x32\x5f\x77\0\x76\x61\x72\x33\x5f\x77\0\
\x70\x65\x72\x66\x5f\x6d\x65\x6d\x5f\x64\x61\x74\x61\x5f\x73\x72\x63\0\x6d\x65\
\x6d\x5f\x6f\x70\0\x6d\x65\x6d\x5f\x6c\x76\x6c\0\x6d\x65\x6d\x5f\x73\x6e\x6f\
\x6f\x70\0\x6d\x65\x6d\x5f\x6c\x6f\x63\x6b\0\x6d\x65\x6d\x5f\x64\x74\x6c\x62\0\
\x6d\x65\x6d\x5f\x6c\x76\x6c\x5f\x6e\x75\x6d\0\x6d\x65\x6d\x5f\x72\x65\x6d\x6f\
\x74\x65\0\x6d\x65\x6d\x5f\x73\x6e\x6f\x6f\x70\x78\0\x6d\x65\x6d\x5f\x62\x6c\
\x6b\0\x6d\x65\x6d\x5f\x72\x73\x76\x64\0\x74\x69\x64\0\x72\x65\x73\x65\x72\x76\
\x65\x64\0\x70\x65\x72\x66\x5f\x72\x65\x67\x73\0\x61\x62\x69\0\x72\x65\x67\x73\
\0\x70\x74\x5f\x72\x65\x67\x73\0\x6f\x72\x69\x67\x5f\x78\x30\0\x73\x79\x73\x63\
\x61\x6c\x6c\x6e\x6f\0\x75\x6e\x75\x73\x65\x64\x32\0\x73\x64\x65\x69\x5f\x74\
\x74\x62\x72\x31\0\x70\x6d\x72\x5f\x73\x61\x76\x65\0\x73\x74\x61\x63\x6b\x66\
\x72\x61\x6d\x65\0\x6c\x6f\x63\x6b\x64\x65\x70\x5f\x68\x61\x72\x64\x69\x72\x71\
\x73\0\x65\x78\x69\x74\x5f\x72\x63\x75\0\x75\x73\x65\x72\x5f\x72\x65\x67\x73\0\
\x75\x73\x65\x72\x5f\x70\x74\x5f\x72\x65\x67\x73\0\x70\x73\x74\x61\x74\x65\0\
\x74\x72\x61\x63\x65\x5f\x65\x76\x65\x6e\x74\x5f\x63\x61\x6c\x6c\0\x63\x6c\x61\
\x73\x73\0\x70\x72\x69\x6e\x74\x5f\x66\x6d\x74\0\x70\x65\x72\x66\x5f\x72\x65\
\x66\x63\x6f\x75\x6e\x74\0\x70\x65\x72\x66\x5f\x65\x76\x65\x6e\x74\x73\0\x70\
\x72\x6f\x67\x5f\x61\x72\x72\x61\x79\0\x70\x65\x72\x66\x5f\x70\x65\x72\x6d\0\
\x74\x70\0\x74\x72\x61\x63\x65\x5f\x65\x76\x65\x6e\x74\0\x66\x75\x6e\x63\x73\0\
\x65\x76\x65\x6e\x74\x5f\x66\x69\x6c\x74\x65\x72\0\x66\x69\x6c\x74\x65\x72\x5f\
\x73\x74\x72\x69\x6e\x67\0\x73\x61\x76\x65\x64\x5f\x66\x75\x6e\x63\0\x6c\x6f\
\x63\x61\x6c\x5f\x68\x61\x73\x68\0\x66\x75\x6e\x63\x5f\x68\x61\x73\x68\0\x6f\
\x6c\x64\x5f\x68\x61\x73\x68\0\x74\x72\x61\x6d\x70\x6f\x6c\x69\x6e\x65\0\x74\
\x72\x61\x6d\x70\x6f\x6c\x69\x6e\x65\x5f\x73\x69\x7a\x65\0\x66\x74\x72\x61\x63\
\x65\x5f\x66\x75\x6e\x63\x5f\x74\0\x66\x74\x72\x61\x63\x65\x5f\x72\x65\x67\x73\
\0\x66\x74\x72\x61\x63\x65\x5f\x6f\x70\x73\x5f\x68\x61\x73\x68\0\x6e\x6f\x74\
\x72\x61\x63\x65\x5f\x68\x61\x73\x68\0\x66\x69\x6c\x74\x65\x72\x5f\x68\x61\x73\
\x68\0\x72\x65\x67\x65\x78\x5f\x6c\x6f\x63\x6b\0\x66\x74\x72\x61\x63\x65\x5f\
\x68\x61\x73\x68\0\x73\x69\x7a\x65\x5f\x62\x69\x74\x73\0\x62\x75\x63\x6b\x65\
\x74\x73\0\x70\x74\x72\x61\x75\x74\x68\x5f\x6b\x65\x79\x73\x5f\x75\x73\x65\x72\
\0\x61\x70\x69\x61\0\x61\x70\x69\x62\0\x61\x70\x64\x61\0\x61\x70\x64\x62\0\x61\
\x70\x67\x61\0\x70\x74\x72\x61\x75\x74\x68\x5f\x6b\x65\x79\0\x6c\x6f\0\x68\x69\
\0\x70\x74\x72\x61\x75\x74\x68\x5f\x6b\x65\x79\x73\x5f\x6b\x65\x72\x6e\x65\x6c\
\0\x30\x3a\x34\0\x2f\x62\x75\x69\x6c\x64\x2f\x61\x72\x6d\x36\x34\x2d\x67\x65\
\x6e\x65\x72\x69\x63\x2f\x76\x61\x72\x2f\x63\x61\x63\x68\x65\x2f\x70\x6f\x72\
\x74\x61\x67\x65\x2f\x63\x68\x72\x6f\x6d\x65\x6f\x73\x2d\x62\x61\x73\x65\x2f\
\x73\x65\x63\x61\x67\x65\x6e\x74\x64\x2f\x6f\x75\x74\x2f\x44\x65\x66\x61\x75\
\x6c\x74\x2f\x2e\x2e\x2f\x2e\x2e\x2f\x2e\x2e\x2f\x2e\x2e\x2f\x2e\x2e\x2f\x2e\
\x2e\x2f\x2e\x2e\x2f\x74\x6d\x70\x2f\x70\x6f\x72\x74\x61\x67\x65\x2f\x63\x68\
\x72\x6f\x6d\x65\x6f\x73\x2d\x62\x61\x73\x65\x2f\x73\x65\x63\x61\x67\x65\x6e\
\x74\x64\x2d\x39\x39\x39\x39\x2f\x77\x6f\x72\x6b\x2f\x73\x65\x63\x61\x67\x65\
\x6e\x74\x64\x2d\x39\x39\x39\x39\x2f\x70\x6c\x61\x74\x66\x6f\x72\x6d\x32\x2f\
\x73\x65\x63\x61\x67\x65\x6e\x74\x64\x2f\x62\x70\x66\x2f\x70\x72\x6f\x63\x65\
\x73\x73\x5f\x62\x70\x66\x2e\x63\0\x69\x6e\x74\x20\x42\x50\x46\x5f\x50\x52\x4f\
\x47\x28\x68\x61\x6e\x64\x6c\x65\x5f\x73\x63\x68\x65\x64\x5f\x70\x72\x6f\x63\
\x65\x73\x73\x5f\x65\x78\x65\x63\x2c\0\x20\x20\x72\x65\x74\x75\x72\x6e\x20\x28\
\x42\x50\x46\x5f\x43\x4f\x52\x45\x5f\x52\x45\x41\x44\x28\x74\x2c\x20\x66\x6c\
\x61\x67\x73\x29\x20\x26\x20\x30\x78\x30\x30\x32\x30\x30\x30\x30\x30\x29\x3b\0\
\x20\x20\x69\x66\x20\x28\x69\x73\x5f\x6b\x74\x68\x72\x65\x61\x64\x28\x63\x75\
\x72\x72\x65\x6e\x74\x29\x29\x20\x7b\0\x20\x20\x20\x20\x20\x20\x28\x73\x74\x72\
\x75\x63\x74\x20\x63\x72\x6f\x73\x5f\x65\x76\x65\x6e\x74\x2a\x29\x28\x62\x70\
\x66\x5f\x72\x69\x6e\x67\x62\x75\x66\x5f\x72\x65\x73\x65\x72\x76\x65\x28\x26\
\x72\x62\x2c\x20\x73\x69\x7a\x65\x6f\x66\x28\x2a\x65\x76\x65\x6e\x74\x29\x2c\
\x20\x30\x29\x29\x3b\0\x20\x20\x69\x66\x20\x28\x65\x76\x65\x6e\x74\x20\x3d\x3d\
\x20\x4e\x55\x4c\x4c\x29\x20\x7b\0\x20\x20\x65\x76\x65\x6e\x74\x2d\x3e\x64\x61\
\x74\x61\x2e\x70\x72\x6f\x63\x65\x73\x73\x5f\x65\x76\x65\x6e\x74\x2e\x74\x79\
\x70\x65\x20\x3d\x20\x6b\x50\x72\x6f\x63\x65\x73\x73\x53\x74\x61\x72\x74\x45\
\x76\x65\x6e\x74\x3b\0\x20\x20\x65\x76\x65\x6e\x74\x2d\x3e\x74\x79\x70\x65\x20\
\x3d\x20\x6b\x50\x72\x6f\x63\x65\x73\x73\x45\x76\x65\x6e\x74\x3b\0\x30\x3a\x38\
\x32\0\x20\x20\x20\x20\x20\x20\x6e\x6f\x72\x6d\x61\x6c\x69\x7a\x65\x5f\x74\x6f\
\x5f\x6c\x61\x73\x74\x5f\x65\x78\x65\x63\x28\x42\x50\x46\x5f\x43\x4f\x52\x45\
\x5f\x52\x45\x41\x44\x28\x74\x2c\x20\x72\x65\x61\x6c\x5f\x70\x61\x72\x65\x6e\
\x74\x2c\x20\x67\x72\x6f\x75\x70\x5f\x6c\x65\x61\x64\x65\x72\x29\x29\x3b\0\x30\
\x3a\x38\x36\0\x20\x20\x66\x6f\x72\x20\x28\x69\x6e\x74\x20\x69\x20\x3d\x20\x30\
\x3b\x20\x69\x20\x3c\x20\x36\x34\x3b\x20\x2b\x2b\x69\x29\x20\x7b\0\x20\x20\x20\
\x20\x73\x74\x72\x75\x63\x74\x20\x74\x61\x73\x6b\x5f\x73\x74\x72\x75\x63\x74\
\x2a\x20\x70\x61\x72\x65\x6e\x74\x20\x3d\x20\x42\x50\x46\x5f\x43\x4f\x52\x45\
\x5f\x52\x45\x41\x44\x28\x72\x65\x74\x2c\x20\x72\x65\x61\x6c\x5f\x70\x61\x72\
\x65\x6e\x74\x2c\x20\x67\x72\x6f\x75\x70\x5f\x6c\x65\x61\x64\x65\x72\x29\x3b\0\
\x20\x20\x20\x20\x69\x66\x20\x28\x28\x21\x70\x61\x72\x65\x6e\x74\x29\x20\x7c\
\x7c\x20\x28\x42\x50\x46\x5f\x43\x4f\x52\x45\x5f\x52\x45\x41\x44\x28\x72\x65\
\x74\x2c\x20\x73\x65\x6c\x66\x5f\x65\x78\x65\x63\x5f\x69\x64\x29\x20\x21\x3d\0\
\x30\x3a\x31\x33\x37\0\x20\x20\x20\x20\x20\x20\x20\x20\x20\x20\x20\x20\x20\x20\
\x20\x20\x20\x20\x20\x20\x20\x20\x42\x50\x46\x5f\x43\x4f\x52\x45\x5f\x52\x45\
\x41\x44\x28\x70\x61\x72\x65\x6e\x74\x2c\x20\x73\x65\x6c\x66\x5f\x65\x78\x65\
\x63\x5f\x69\x64\x29\x29\x29\x20\x7b\0\x30\x3a\x38\x30\0\x20\x20\x74\x61\x73\
\x6b\x5f\x69\x6e\x66\x6f\x2d\x3e\x70\x70\x69\x64\x20\x3d\x20\x42\x50\x46\x5f\
\x43\x4f\x52\x45\x5f\x52\x45\x41\x44\x28\x70\x61\x72\x65\x6e\x74\x2c\x20\x74\
\x67\x69\x64\x29\x3b\0\x30\x3a\x31\x30\x34\0\x20\x20\x74\x61\x73\x6b\x5f\x69\
\x6e\x66\x6f\x2d\x3e\x70\x61\x72\x65\x6e\x74\x5f\x73\x74\x61\x72\x74\x5f\x74\
\x69\x6d\x65\x20\x3d\x20\x42\x50\x46\x5f\x43\x4f\x52\x45\x5f\x52\x45\x41\x44\
\x28\x70\x61\x72\x65\x6e\x74\x2c\x20\x73\x74\x61\x72\x74\x5f\x62\x6f\x6f\x74\
\x74\x69\x6d\x65\x29\x3b\0\x20\x20\x74\x61\x73\x6b\x5f\x69\x6e\x66\x6f\x2d\x3e\
\x73\x74\x61\x72\x74\x5f\x74\x69\x6d\x65\x20\x3d\x20\x42\x50\x46\x5f\x43\x4f\
\x52\x45\x5f\x52\x45\x41\x44\x28\x74\x2c\x20\x67\x72\x6f\x75\x70\x5f\x6c\x65\
\x61\x64\x65\x72\x2c\x20\x73\x74\x61\x72\x74\x5f\x62\x6f\x6f\x74\x74\x69\x6d\
\x65\x29\x3b\0\x20\x20\x74\x61\x73\x6b\x5f\x69\x6e\x66\x6f\x2d\x3e\x70\x69\x64\
\x20\x3d\x20\x42\x50\x46\x5f\x43\x4f\x52\x45\x5f\x52\x45\x41\x44\x28\x74\x2c\
\x20\x74\x67\x69\x64\x29\x3b\0\x30\x3a\x31\x30\x39\0\x20\x20\x74\x61\x73\x6b\
\x5f\x69\x6e\x66\x6f\x2d\x3e\x75\x69\x64\x20\x3d\x20\x42\x50\x46\x5f\x43\x4f\
\x52\x45\x5f\x52\x45\x41\x44\x28\x74\x2c\x20\x72\x65\x61\x6c\x5f\x63\x72\x65\
\x64\x2c\x20\x75\x69\x64\x2e\x76\x61\x6c\x29\x3b\0\x30\x3a\x34\x3a\x30\0\x20\
\x20\x74\x61\x73\x6b\x5f\x69\x6e\x66\x6f\x2d\x3e\x67\x69\x64\x20\x3d\x20\x42\
\x50\x46\x5f\x43\x4f\x52\x45\x5f\x52\x45\x41\x44\x28\x74\x2c\x20\x72\x65\x61\
\x6c\x5f\x63\x72\x65\x64\x2c\x20\x67\x69\x64\x2e\x76\x61\x6c\x29\x3b\0\x30\x3a\
\x35\x3a\x30\0\x30\x3a\x35\x34\0\x20\x20\x63\x6f\x6e\x73\x74\x20\x75\x69\x6e\
\x74\x70\x74\x72\x5f\x74\x20\x61\x72\x67\x5f\x73\x74\x61\x72\x74\x20\x3d\x20\
\x28\x75\x69\x6e\x74\x70\x74\x72\x5f\x74\x29\x42\x50\x46\x5f\x43\x4f\x52\x45\
\x5f\x52\x45\x41\x44\x28\x74\x2c\x20\x6d\x6d\x2c\x20\x61\x72\x67\x5f\x73\x74\
\x61\x72\x74\x29\x3b\0\x30\x3a\x30\x3a\x33\x35\0\x20\x20\x63\x6f\x6e\x73\x74\
\x20\x75\x69\x6e\x74\x70\x74\x72\x5f\x74\x20\x61\x72\x67\x5f\x65\x6e\x64\x20\
\x3d\x20\x28\x75\x69\x6e\x74\x70\x74\x72\x5f\x74\x29\x42\x50\x46\x5f\x43\x4f\
\x52\x45\x5f\x52\x45\x41\x44\x28\x74\x2c\x20\x6d\x6d\x2c\x20\x61\x72\x67\x5f\
\x65\x6e\x64\x29\x3b\0\x30\x3a\x30\x3a\x33\x36\0\x20\x20\x69\x66\x20\x28\x28\
\x61\x72\x67\x5f\x65\x6e\x64\x20\x2d\x20\x61\x72\x67\x5f\x73\x74\x61\x72\x74\
\x29\x20\x3e\x20\x73\x69\x7a\x65\x6f\x66\x28\x74\x61\x73\x6b\x5f\x69\x6e\x66\
\x6f\x2d\x3e\x63\x6f\x6d\x6d\x61\x6e\x64\x6c\x69\x6e\x65\x29\x29\x20\x7b\0\x20\
\x20\x62\x70\x66\x5f\x70\x72\x6f\x62\x65\x5f\x72\x65\x61\x64\x5f\x75\x73\x65\
\x72\x28\x74\x61\x73\x6b\x5f\x69\x6e\x66\x6f\x2d\x3e\x63\x6f\x6d\x6d\x61\x6e\
\x64\x6c\x69\x6e\x65\x2c\x20\x74\x61\x73\x6b\x5f\x69\x6e\x66\x6f\x2d\x3e\x63\
\x6f\x6d\x6d\x61\x6e\x64\x6c\x69\x6e\x65\x5f\x6c\x65\x6e\x2c\0\x20\x20\x69\x66\
\x20\x28\x74\x61\x73\x6b\x5f\x69\x6e\x66\x6f\x2d\x3e\x63\x6f\x6d\x6d\x61\x6e\
\x64\x6c\x69\x6e\x65\x5f\x6c\x65\x6e\x20\x3d\x3d\x20\x73\x69\x7a\x65\x6f\x66\
\x28\x74\x61\x73\x6b\x5f\x69\x6e\x66\x6f\x2d\x3e\x63\x6f\x6d\x6d\x61\x6e\x64\
\x6c\x69\x6e\x65\x29\x29\x20\x7b\0\x20\x20\x20\x20\x74\x61\x73\x6b\x5f\x69\x6e\
\x66\x6f\x2d\x3e\x63\x6f\x6d\x6d\x61\x6e\x64\x6c\x69\x6e\x65\x5b\x74\x61\x73\
\x6b\x5f\x69\x6e\x66\x6f\x2d\x3e\x63\x6f\x6d\x6d\x61\x6e\x64\x6c\x69\x6e\x65\
\x5f\x6c\x65\x6e\x20\x2d\x20\x31\x5d\x20\x3d\x20\x27\x5c\x30\x27\x3b\0\x30\x3a\
\x31\x32\x30\0\x20\x20\x6e\x73\x5f\x69\x6e\x66\x6f\x2d\x3e\x70\x69\x64\x5f\x6e\
\x73\x20\x3d\x20\x42\x50\x46\x5f\x43\x4f\x52\x45\x5f\x52\x45\x41\x44\x28\x74\
\x2c\x20\x6e\x73\x70\x72\x6f\x78\x79\x2c\x20\x70\x69\x64\x5f\x6e\x73\x5f\x66\
\x6f\x72\x5f\x63\x68\x69\x6c\x64\x72\x65\x6e\x2c\x20\x6e\x73\x2e\x69\x6e\x75\
\x6d\x29\x3b\0\x75\x74\x73\x5f\x6e\x73\0\x69\x70\x63\x5f\x6e\x73\0\x6d\x6e\x74\
\x5f\x6e\x73\0\x70\x69\x64\x5f\x6e\x73\x5f\x66\x6f\x72\x5f\x63\x68\x69\x6c\x64\
\x72\x65\x6e\0\x6e\x65\x74\x5f\x6e\x73\0\x74\x69\x6d\x65\x5f\x6e\x73\0\x74\x69\
\x6d\x65\x5f\x6e\x73\x5f\x66\x6f\x72\x5f\x63\x68\x69\x6c\x64\x72\x65\x6e\0\x63\
\x67\x72\x6f\x75\x70\x5f\x6e\x73\0\x74\x69\x6d\x65\x5f\x6e\x61\x6d\x65\x73\x70\
\x61\x63\x65\0\x6f\x66\x66\x73\x65\x74\x73\0\x76\x76\x61\x72\x5f\x70\x61\x67\
\x65\0\x66\x72\x6f\x7a\x65\x6e\x5f\x6f\x66\x66\x73\x65\x74\x73\0\x74\x69\x6d\
\x65\x6e\x73\x5f\x6f\x66\x66\x73\x65\x74\x73\0\x6d\x6f\x6e\x6f\x74\x6f\x6e\x69\
\x63\0\x62\x6f\x6f\x74\x74\x69\x6d\x65\0\x30\x3a\x31\x30\x3a\x32\0\x20\x20\x6e\
\x73\x5f\x69\x6e\x66\x6f\x2d\x3e\x6d\x6e\x74\x5f\x6e\x73\x20\x3d\x20\x42\x50\
\x46\x5f\x43\x4f\x52\x45\x5f\x52\x45\x41\x44\x28\x74\x2c\x20\x6e\x73\x70\x72\
\x6f\x78\x79\x2c\x20\x6d\x6e\x74\x5f\x6e\x73\x2c\x20\x6e\x73\x2e\x69\x6e\x75\
\x6d\x29\x3b\0\x30\x3a\x33\0\x6d\x6e\x74\x5f\x6e\x61\x6d\x65\x73\x70\x61\x63\
\x65\0\x6e\x73\x5f\x6c\x6f\x63\x6b\0\x73\x65\x71\0\x6d\x6f\x75\x6e\x74\x73\0\
\x70\x65\x6e\x64\x69\x6e\x67\x5f\x6d\x6f\x75\x6e\x74\x73\0\x30\x3a\x30\x3a\x32\
\0\x20\x20\x6e\x73\x5f\x69\x6e\x66\x6f\x2d\x3e\x63\x67\x72\x6f\x75\x70\x5f\x6e\
\x73\x20\x3d\x20\x42\x50\x46\x5f\x43\x4f\x52\x45\x5f\x52\x45\x41\x44\x28\x74\
\x2c\x20\x6e\x73\x70\x72\x6f\x78\x79\x2c\x20\x63\x67\x72\x6f\x75\x70\x5f\x6e\
\x73\x2c\x20\x6e\x73\x2e\x69\x6e\x75\x6d\x29\x3b\0\x30\x3a\x38\0\x63\x67\x72\
\x6f\x75\x70\x5f\x6e\x61\x6d\x65\x73\x70\x61\x63\x65\0\x72\x6f\x6f\x74\x5f\x63\
\x73\x65\x74\0\x63\x73\x73\x5f\x73\x65\x74\0\x73\x75\x62\x73\x79\x73\0\x64\x6f\
\x6d\x5f\x63\x73\x65\x74\0\x64\x66\x6c\x5f\x63\x67\x72\x70\0\x6e\x72\x5f\x74\
\x61\x73\x6b\x73\0\x6d\x67\x5f\x74\x61\x73\x6b\x73\0\x64\x79\x69\x6e\x67\x5f\
\x74\x61\x73\x6b\x73\0\x74\x61\x73\x6b\x5f\x69\x74\x65\x72\x73\0\x65\x5f\x63\
\x73\x65\x74\x5f\x6e\x6f\x64\x65\0\x74\x68\x72\x65\x61\x64\x65\x64\x5f\x63\x73\
\x65\x74\x73\0\x74\x68\x72\x65\x61\x64\x65\x64\x5f\x63\x73\x65\x74\x73\x5f\x6e\
\x6f\x64\x65\0\x68\x6c\x69\x73\x74\0\x63\x67\x72\x70\x5f\x6c\x69\x6e\x6b\x73\0\
\x6d\x67\x5f\x73\x72\x63\x5f\x70\x72\x65\x6c\x6f\x61\x64\x5f\x6e\x6f\x64\x65\0\
\x6d\x67\x5f\x64\x73\x74\x5f\x70\x72\x65\x6c\x6f\x61\x64\x5f\x6e\x6f\x64\x65\0\
\x6d\x67\x5f\x6e\x6f\x64\x65\0\x6d\x67\x5f\x73\x72\x63\x5f\x63\x67\x72\x70\0\
\x6d\x67\x5f\x64\x73\x74\x5f\x63\x67\x72\x70\0\x6d\x67\x5f\x64\x73\x74\x5f\x63\
\x73\x65\x74\0\x64\x65\x61\x64\0\x73\x65\x6c\x66\0\x6d\x61\x78\x5f\x64\x65\x70\
\x74\x68\0\x6e\x72\x5f\x64\x65\x73\x63\x65\x6e\x64\x61\x6e\x74\x73\0\x6e\x72\
\x5f\x64\x79\x69\x6e\x67\x5f\x64\x65\x73\x63\x65\x6e\x64\x61\x6e\x74\x73\0\x6d\
\x61\x78\x5f\x64\x65\x73\x63\x65\x6e\x64\x61\x6e\x74\x73\0\x6e\x72\x5f\x70\x6f\
\x70\x75\x6c\x61\x74\x65\x64\x5f\x63\x73\x65\x74\x73\0\x6e\x72\x5f\x70\x6f\x70\
\x75\x6c\x61\x74\x65\x64\x5f\x64\x6f\x6d\x61\x69\x6e\x5f\x63\x68\x69\x6c\x64\
\x72\x65\x6e\0\x6e\x72\x5f\x70\x6f\x70\x75\x6c\x61\x74\x65\x64\x5f\x74\x68\x72\
\x65\x61\x64\x65\x64\x5f\x63\x68\x69\x6c\x64\x72\x65\x6e\0\x6e\x72\x5f\x74\x68\
\x72\x65\x61\x64\x65\x64\x5f\x63\x68\x69\x6c\x64\x72\x65\x6e\0\x6b\x6e\0\x70\
\x72\x6f\x63\x73\x5f\x66\x69\x6c\x65\0\x65\x76\x65\x6e\x74\x73\x5f\x66\x69\x6c\
\x65\0\x73\x75\x62\x74\x72\x65\x65\x5f\x63\x6f\x6e\x74\x72\x6f\x6c\0\x73\x75\
\x62\x74\x72\x65\x65\x5f\x73\x73\x5f\x6d\x61\x73\x6b\0\x6f\x6c\x64\x5f\x73\x75\
\x62\x74\x72\x65\x65\x5f\x63\x6f\x6e\x74\x72\x6f\x6c\0\x6f\x6c\x64\x5f\x73\x75\
\x62\x74\x72\x65\x65\x5f\x73\x73\x5f\x6d\x61\x73\x6b\0\x63\x73\x65\x74\x5f\x6c\
\x69\x6e\x6b\x73\0\x65\x5f\x63\x73\x65\x74\x73\0\x64\x6f\x6d\x5f\x63\x67\x72\
\x70\0\x6f\x6c\x64\x5f\x64\x6f\x6d\x5f\x63\x67\x72\x70\0\x72\x73\x74\x61\x74\
\x5f\x63\x70\x75\0\x72\x73\x74\x61\x74\x5f\x63\x73\x73\x5f\x6c\x69\x73\x74\0\
\x6c\x61\x73\x74\x5f\x62\x73\x74\x61\x74\0\x62\x73\x74\x61\x74\0\x70\x69\x64\
\x6c\x69\x73\x74\x73\0\x70\x69\x64\x6c\x69\x73\x74\x5f\x6d\x75\x74\x65\x78\0\
\x6f\x66\x66\x6c\x69\x6e\x65\x5f\x77\x61\x69\x74\x71\0\x72\x65\x6c\x65\x61\x73\
\x65\x5f\x61\x67\x65\x6e\x74\x5f\x77\x6f\x72\x6b\0\x70\x73\x69\0\x62\x70\x66\0\
\x63\x6f\x6e\x67\x65\x73\x74\x69\x6f\x6e\x5f\x63\x6f\x75\x6e\x74\0\x66\x72\x65\
\x65\x7a\x65\x72\0\x61\x6e\x63\x65\x73\x74\x6f\x72\x5f\x69\x64\x73\0\x6b\x65\
\x72\x6e\x66\x73\x5f\x6e\x6f\x64\x65\0\x70\x72\x69\x76\0\x69\x61\x74\x74\x72\0\
\x73\x79\x6d\x6c\x69\x6e\x6b\0\x6b\x65\x72\x6e\x66\x73\x5f\x65\x6c\x65\x6d\x5f\
\x64\x69\x72\0\x73\x75\x62\x64\x69\x72\x73\0\x72\x65\x76\0\x6b\x65\x72\x6e\x66\
\x73\x5f\x65\x6c\x65\x6d\x5f\x73\x79\x6d\x6c\x69\x6e\x6b\0\x74\x61\x72\x67\x65\
\x74\x5f\x6b\x6e\0\x6b\x65\x72\x6e\x66\x73\x5f\x65\x6c\x65\x6d\x5f\x61\x74\x74\
\x72\0\x6e\x6f\x74\x69\x66\x79\x5f\x6e\x65\x78\x74\0\x63\x67\x72\x6f\x75\x70\
\x5f\x66\x69\x6c\x65\0\x6e\x6f\x74\x69\x66\x69\x65\x64\x5f\x61\x74\0\x6e\x6f\
\x74\x69\x66\x79\x5f\x74\x69\x6d\x65\x72\0\x63\x67\x72\x6f\x75\x70\x5f\x62\x61\
\x73\x65\x5f\x73\x74\x61\x74\0\x63\x70\x75\x74\x69\x6d\x65\0\x74\x61\x73\x6b\
\x5f\x63\x70\x75\x74\x69\x6d\x65\0\x70\x73\x69\x5f\x67\x72\x6f\x75\x70\0\x61\
\x76\x67\x73\x5f\x6c\x6f\x63\x6b\0\x70\x63\x70\x75\0\x61\x76\x67\x5f\x74\x6f\
\x74\x61\x6c\0\x61\x76\x67\x5f\x6c\x61\x73\x74\x5f\x75\x70\x64\x61\x74\x65\0\
\x61\x76\x67\x5f\x6e\x65\x78\x74\x5f\x75\x70\x64\x61\x74\x65\0\x61\x76\x67\x73\
\x5f\x77\x6f\x72\x6b\0\x74\x6f\x74\x61\x6c\0\x70\x6f\x6c\x6c\x5f\x74\x61\x73\
\x6b\0\x70\x6f\x6c\x6c\x5f\x74\x69\x6d\x65\x72\0\x70\x6f\x6c\x6c\x5f\x77\x61\
\x69\x74\0\x70\x6f\x6c\x6c\x5f\x77\x61\x6b\x65\x75\x70\0\x74\x72\x69\x67\x67\
\x65\x72\x5f\x6c\x6f\x63\x6b\0\x74\x72\x69\x67\x67\x65\x72\x73\0\x6e\x72\x5f\
\x74\x72\x69\x67\x67\x65\x72\x73\0\x70\x6f\x6c\x6c\x5f\x73\x74\x61\x74\x65\x73\
\0\x70\x6f\x6c\x6c\x5f\x6d\x69\x6e\x5f\x70\x65\x72\x69\x6f\x64\0\x70\x6f\x6c\
\x6c\x69\x6e\x67\x5f\x74\x6f\x74\x61\x6c\0\x70\x6f\x6c\x6c\x69\x6e\x67\x5f\x6e\
\x65\x78\x74\x5f\x75\x70\x64\x61\x74\x65\0\x70\x6f\x6c\x6c\x69\x6e\x67\x5f\x75\
\x6e\x74\x69\x6c\0\x64\x65\x6c\x61\x79\x65\x64\x5f\x77\x6f\x72\x6b\0\x74\x69\
\x6d\x65\x72\0\x77\x6f\x72\x6b\x71\x75\x65\x75\x65\x5f\x73\x74\x72\x75\x63\x74\
\0\x70\x77\x71\x73\0\x77\x6f\x72\x6b\x5f\x63\x6f\x6c\x6f\x72\0\x66\x6c\x75\x73\
\x68\x5f\x63\x6f\x6c\x6f\x72\0\x6e\x72\x5f\x70\x77\x71\x73\x5f\x74\x6f\x5f\x66\
\x6c\x75\x73\x68\0\x66\x69\x72\x73\x74\x5f\x66\x6c\x75\x73\x68\x65\x72\0\x66\
\x6c\x75\x73\x68\x65\x72\x5f\x71\x75\x65\x75\x65\0\x66\x6c\x75\x73\x68\x65\x72\
\x5f\x6f\x76\x65\x72\x66\x6c\x6f\x77\0\x6d\x61\x79\x64\x61\x79\x73\0\x72\x65\
\x73\x63\x75\x65\x72\0\x6e\x72\x5f\x64\x72\x61\x69\x6e\x65\x72\x73\0\x73\x61\
\x76\x65\x64\x5f\x6d\x61\x78\x5f\x61\x63\x74\x69\x76\x65\0\x75\x6e\x62\x6f\x75\
\x6e\x64\x5f\x61\x74\x74\x72\x73\0\x64\x66\x6c\x5f\x70\x77\x71\0\x77\x71\x5f\
\x64\x65\x76\0\x63\x70\x75\x5f\x70\x77\x71\x73\0\x6e\x75\x6d\x61\x5f\x70\x77\
\x71\x5f\x74\x62\x6c\0\x70\x6f\x6f\x6c\x5f\x77\x6f\x72\x6b\x71\x75\x65\x75\x65\
\0\x70\x6f\x6f\x6c\0\x6e\x72\x5f\x69\x6e\x5f\x66\x6c\x69\x67\x68\x74\0\x6d\x61\
\x78\x5f\x61\x63\x74\x69\x76\x65\0\x69\x6e\x61\x63\x74\x69\x76\x65\x5f\x77\x6f\
\x72\x6b\x73\0\x70\x77\x71\x73\x5f\x6e\x6f\x64\x65\0\x6d\x61\x79\x64\x61\x79\
\x5f\x6e\x6f\x64\x65\0\x75\x6e\x62\x6f\x75\x6e\x64\x5f\x72\x65\x6c\x65\x61\x73\
\x65\x5f\x77\x6f\x72\x6b\0\x63\x67\x72\x6f\x75\x70\x5f\x62\x70\x66\0\x65\x66\
\x66\x65\x63\x74\x69\x76\x65\0\x70\x72\x6f\x67\x73\0\x73\x74\x6f\x72\x61\x67\
\x65\x73\0\x69\x6e\x61\x63\x74\x69\x76\x65\0\x72\x65\x6c\x65\x61\x73\x65\x5f\
\x77\x6f\x72\x6b\0\x62\x70\x66\x5f\x70\x72\x6f\x67\x5f\x61\x72\x72\x61\x79\0\
\x69\x74\x65\x6d\x73\0\x62\x70\x66\x5f\x70\x72\x6f\x67\x5f\x61\x72\x72\x61\x79\
\x5f\x69\x74\x65\x6d\0\x62\x70\x66\x5f\x70\x72\x6f\x67\0\x6a\x69\x74\x65\x64\0\
\x6a\x69\x74\x5f\x72\x65\x71\x75\x65\x73\x74\x65\x64\0\x67\x70\x6c\x5f\x63\x6f\
\x6d\x70\x61\x74\x69\x62\x6c\x65\0\x63\x62\x5f\x61\x63\x63\x65\x73\x73\0\x64\
\x73\x74\x5f\x6e\x65\x65\x64\x65\x64\0\x62\x6c\x69\x6e\x64\x65\x64\0\x69\x73\
\x5f\x66\x75\x6e\x63\0\x6b\x70\x72\x6f\x62\x65\x5f\x6f\x76\x65\x72\x72\x69\x64\
\x65\0\x68\x61\x73\x5f\x63\x61\x6c\x6c\x63\x68\x61\x69\x6e\x5f\x62\x75\x66\0\
\x65\x6e\x66\x6f\x72\x63\x65\x5f\x65\x78\x70\x65\x63\x74\x65\x64\x5f\x61\x74\
\x74\x61\x63\x68\x5f\x74\x79\x70\x65\0\x63\x61\x6c\x6c\x5f\x67\x65\x74\x5f\x73\
\x74\x61\x63\x6b\0\x63\x61\x6c\x6c\x5f\x67\x65\x74\x5f\x66\x75\x6e\x63\x5f\x69\
\x70\0\x65\x78\x70\x65\x63\x74\x65\x64\x5f\x61\x74\x74\x61\x63\x68\x5f\x74\x79\
\x70\x65\0\x6a\x69\x74\x65\x64\x5f\x6c\x65\x6e\0\x74\x61\x67\0\x73\x74\x61\x74\
\x73\0\x62\x70\x66\x5f\x66\x75\x6e\x63\0\x61\x75\x78\0\x6f\x72\x69\x67\x5f\x70\
\x72\x6f\x67\0\x69\x6e\x73\x6e\x73\0\x69\x6e\x73\x6e\x73\x69\0\x62\x70\x66\x5f\
\x70\x72\x6f\x67\x5f\x74\x79\x70\x65\0\x42\x50\x46\x5f\x50\x52\x4f\x47\x5f\x54\
\x59\x50\x45\x5f\x55\x4e\x53\x50\x45\x43\0\x42\x50\x46\x5f\x50\x52\x4f\x47\x5f\
\x54\x59\x50\x45\x5f\x53\x4f\x43\x4b\x45\x54\x5f\x46\x49\x4c\x54\x45\x52\0\x42\
\x50\x46\x5f\x50\x52\x4f\x47\x5f\x54\x59\x50\x45\x5f\x4b\x50\x52\x4f\x42\x45\0\
\x42\x50\x46\x5f\x50\x52\x4f\x47\x5f\x54\x59\x50\x45\x5f\x53\x43\x48\x45\x44\
\x5f\x43\x4c\x53\0\x42\x50\x46\x5f\x50\x52\x4f\x47\x5f\x54\x59\x50\x45\x5f\x53\
\x43\x48\x45\x44\x5f\x41\x43\x54\0\x42\x50\x46\x5f\x50\x52\x4f\x47\x5f\x54\x59\
\x50\x45\x5f\x54\x52\x41\x43\x45\x50\x4f\x49\x4e\x54\0\x42\x50\x46\x5f\x50\x52\
\x4f\x47\x5f\x54\x59\x50\x45\x5f\x58\x44\x50\0\x42\x50\x46\x5f\x50\x52\x4f\x47\
\x5f\x54\x59\x50\x45\x5f\x50\x45\x52\x46\x5f\x45\x56\x45\x4e\x54\0\x42\x50\x46\
\x5f\x50\x52\x4f\x47\x5f\x54\x59\x50\x45\x5f\x43\x47\x52\x4f\x55\x50\x5f\x53\
\x4b\x42\0\x42\x50\x46\x5f\x50\x52\x4f\x47\x5f\x54\x59\x50\x45\x5f\x43\x47\x52\
\x4f\x55\x50\x5f\x53\x4f\x43\x4b\0\x42\x50\x46\x5f\x50\x52\x4f\x47\x5f\x54\x59\
\x50\x45\x5f\x4c\x57\x54\x5f\x49\x4e\0\x42\x50\x46\x5f\x50\x52\x4f\x47\x5f\x54\
\x59\x50\x45\x5f\x4c\x57\x54\x5f\x4f\x55\x54\0\x42\x50\x46\x5f\x50\x52\x4f\x47\
\x5f\x54\x59\x50\x45\x5f\x4c\x57\x54\x5f\x58\x4d\x49\x54\0\x42\x50\x46\x5f\x50\
\x52\x4f\x47\x5f\x54\x59\x50\x45\x5f\x53\x4f\x43\x4b\x5f\x4f\x50\x53\0\x42\x50\
\x46\x5f\x50\x52\x4f\x47\x5f\x54\x59\x50\x45\x5f\x53\x4b\x5f\x53\x4b\x42\0\x42\
\x50\x46\x5f\x50\x52\x4f\x47\x5f\x54\x59\x50\x45\x5f\x43\x47\x52\x4f\x55\x50\
\x5f\x44\x45\x56\x49\x43\x45\0\x42\x50\x46\x5f\x50\x52\x4f\x47\x5f\x54\x59\x50\
\x45\x5f\x53\x4b\x5f\x4d\x53\x47\0\x42\x50\x46\x5f\x50\x52\x4f\x47\x5f\x54\x59\
\x50\x45\x5f\x52\x41\x57\x5f\x54\x52\x41\x43\x45\x50\x4f\x49\x4e\x54\0\x42\x50\
\x46\x5f\x50\x52\x4f\x47\x5f\x54\x59\x50\x45\x5f\x43\x47\x52\x4f\x55\x50\x5f\
\x53\x4f\x43\x4b\x5f\x41\x44\x44\x52\0\x42\x50\x46\x5f\x50\x52\x4f\x47\x5f\x54\
\x59\x50\x45\x5f\x4c\x57\x54\x5f\x53\x45\x47\x36\x4c\x4f\x43\x41\x4c\0\x42\x50\
\x46\x5f\x50\x52\x4f\x47\x5f\x54\x59\x50\x45\x5f\x4c\x49\x52\x43\x5f\x4d\x4f\
\x44\x45\x32\0\x42\x50\x46\x5f\x50\x52\x4f\x47\x5f\x54\x59\x50\x45\x5f\x53\x4b\
\x5f\x52\x45\x55\x53\x45\x50\x4f\x52\x54\0\x42\x50\x46\x5f\x50\x52\x4f\x47\x5f\
\x54\x59\x50\x45\x5f\x46\x4c\x4f\x57\x5f\x44\x49\x53\x53\x45\x43\x54\x4f\x52\0\
\x42\x50\x46\x5f\x50\x52\x4f\x47\x5f\x54\x59\x50\x45\x5f\x43\x47\x52\x4f\x55\
\x50\x5f\x53\x59\x53\x43\x54\x4c\0\x42\x50\x46\x5f\x50\x52\x4f\x47\x5f\x54\x59\
\x50\x45\x5f\x52\x41\x57\x5f\x54\x52\x41\x43\x45\x50\x4f\x49\x4e\x54\x5f\x57\
\x52\x49\x54\x41\x42\x4c\x45\0\x42\x50\x46\x5f\x50\x52\x4f\x47\x5f\x54\x59\x50\
\x45\x5f\x43\x47\x52\x4f\x55\x50\x5f\x53\x4f\x43\x4b\x4f\x50\x54\0\x42\x50\x46\
\x5f\x50\x52\x4f\x47\x5f\x54\x59\x50\x45\x5f\x54\x52\x41\x43\x49\x4e\x47\0\x42\
\x50\x46\x5f\x50\x52\x4f\x47\x5f\x54\x59\x50\x45\x5f\x53\x54\x52\x55\x43\x54\
\x5f\x4f\x50\x53\0\x42\x50\x46\x5f\x50\x52\x4f\x47\x5f\x54\x59\x50\x45\x5f\x45\
\x58\x54\0\x42\x50\x46\x5f\x50\x52\x4f\x47\x5f\x54\x59\x50\x45\x5f\x4c\x53\x4d\
\0\x42\x50\x46\x5f\x50\x52\x4f\x47\x5f\x54\x59\x50\x45\x5f\x53\x4b\x5f\x4c\x4f\
\x4f\x4b\x55\x50\0\x42\x50\x46\x5f\x50\x52\x4f\x47\x5f\x54\x59\x50\x45\x5f\x53\
\x59\x53\x43\x41\x4c\x4c\0\x62\x70\x66\x5f\x61\x74\x74\x61\x63\x68\x5f\x74\x79\
\x70\x65\0\x42\x50\x46\x5f\x43\x47\x52\x4f\x55\x50\x5f\x49\x4e\x45\x54\x5f\x49\
\x4e\x47\x52\x45\x53\x53\0\x42\x50\x46\x5f\x43\x47\x52\x4f\x55\x50\x5f\x49\x4e\
\x45\x54\x5f\x45\x47\x52\x45\x53\x53\0\x42\x50\x46\x5f\x43\x47\x52\x4f\x55\x50\
\x5f\x49\x4e\x45\x54\x5f\x53\x4f\x43\x4b\x5f\x43\x52\x45\x41\x54\x45\0\x42\x50\
\x46\x5f\x43\x47\x52\x4f\x55\x50\x5f\x53\x4f\x43\x4b\x5f\x4f\x50\x53\0\x42\x50\
\x46\x5f\x53\x4b\x5f\x53\x4b\x42\x5f\x53\x54\x52\x45\x41\x4d\x5f\x50\x41\x52\
\x53\x45\x52\0\x42\x50\x46\x5f\x53\x4b\x5f\x53\x4b\x42\x5f\x53\x54\x52\x45\x41\
\x4d\x5f\x56\x45\x52\x44\x49\x43\x54\0\x42\x50\x46\x5f\x43\x47\x52\x4f\x55\x50\
\x5f\x44\x45\x56\x49\x43\x45\0\x42\x50\x46\x5f\x53\x4b\x5f\x4d\x53\x47\x5f\x56\
\x45\x52\x44\x49\x43\x54\0\x42\x50\x46\x5f\x43\x47\x52\x4f\x55\x50\x5f\x49\x4e\
\x45\x54\x34\x5f\x42\x49\x4e\x44\0\x42\x50\x46\x5f\x43\x47\x52\x4f\x55\x50\x5f\
\x49\x4e\x45\x54\x36\x5f\x42\x49\x4e\x44\0\x42\x50\x46\x5f\x43\x47\x52\x4f\x55\
\x50\x5f\x49\x4e\x45\x54\x34\x5f\x43\x4f\x4e\x4e\x45\x43\x54\0\x42\x50\x46\x5f\
\x43\x47\x52\x4f\x55\x50\x5f\x49\x4e\x45\x54\x36\x5f\x43\x4f\x4e\x4e\x45\x43\
\x54\0\x42\x50\x46\x5f\x43\x47\x52\x4f\x55\x50\x5f\x49\x4e\x45\x54\x34\x5f\x50\
\x4f\x53\x54\x5f\x42\x49\x4e\x44\0\x42\x50\x46\x5f\x43\x47\x52\x4f\x55\x50\x5f\
\x49\x4e\x45\x54\x36\x5f\x50\x4f\x53\x54\x5f\x42\x49\x4e\x44\0\x42\x50\x46\x5f\
\x43\x47\x52\x4f\x55\x50\x5f\x55\x44\x50\x34\x5f\x53\x45\x4e\x44\x4d\x53\x47\0\
\x42\x50\x46\x5f\x43\x47\x52\x4f\x55\x50\x5f\x55\x44\x50\x36\x5f\x53\x45\x4e\
\x44\x4d\x53\x47\0\x42\x50\x46\x5f\x4c\x49\x52\x43\x5f\x4d\x4f\x44\x45\x32\0\
\x42\x50\x46\x5f\x46\x4c\x4f\x57\x5f\x44\x49\x53\x53\x45\x43\x54\x4f\x52\0\x42\
\x50\x46\x5f\x43\x47\x52\x4f\x55\x50\x5f\x53\x59\x53\x43\x54\x4c\0\x42\x50\x46\
\x5f\x43\x47\x52\x4f\x55\x50\x5f\x55\x44\x50\x34\x5f\x52\x45\x43\x56\x4d\x53\
\x47\0\x42\x50\x46\x5f\x43\x47\x52\x4f\x55\x50\x5f\x55\x44\x50\x36\x5f\x52\x45\
\x43\x56\x4d\x53\x47\0\x42\x50\x46\x5f\x43\x47\x52\x4f\x55\x50\x5f\x47\x45\x54\
\x53\x4f\x43\x4b\x4f\x50\x54\0\x42\x50\x46\x5f\x43\x47\x52\x4f\x55\x50\x5f\x53\
\x45\x54\x53\x4f\x43\x4b\x4f\x50\x54\0\x42\x50\x46\x5f\x54\x52\x41\x43\x45\x5f\
\x52\x41\x57\x5f\x54\x50\0\x42\x50\x46\x5f\x54\x52\x41\x43\x45\x5f\x46\x45\x4e\
\x54\x52\x59\0\x42\x50\x46\x5f\x54\x52\x41\x43\x45\x5f\x46\x45\x58\x49\x54\0\
\x42\x50\x46\x5f\x4d\x4f\x44\x49\x46\x59\x5f\x52\x45\x54\x55\x52\x4e\0\x42\x50\
\x46\x5f\x4c\x53\x4d\x5f\x4d\x41\x43\0\x42\x50\x46\x5f\x54\x52\x41\x43\x45\x5f\
\x49\x54\x45\x52\0\x42\x50\x46\x5f\x43\x47\x52\x4f\x55\x50\x5f\x49\x4e\x45\x54\
\x34\x5f\x47\x45\x54\x50\x45\x45\x52\x4e\x41\x4d\x45\0\x42\x50\x46\x5f\x43\x47\
\x52\x4f\x55\x50\x5f\x49\x4e\x45\x54\x36\x5f\x47\x45\x54\x50\x45\x45\x52\x4e\
\x41\x4d\x45\0\x42\x50\x46\x5f\x43\x47\x52\x4f\x55\x50\x5f\x49\x4e\x45\x54\x34\
\x5f\x47\x45\x54\x53\x4f\x43\x4b\x4e\x41\x4d\x45\0\x42\x50\x46\x5f\x43\x47\x52\
\x4f\x55\x50\x5f\x49\x4e\x45\x54\x36\x5f\x47\x45\x54\x53\x4f\x43\x4b\x4e\x41\
\x4d\x45\0\x42\x50\x46\x5f\x58\x44\x50\x5f\x44\x45\x56\x4d\x41\x50\0\x42\x50\
\x46\x5f\x43\x47\x52\x4f\x55\x50\x5f\x49\x4e\x45\x54\x5f\x53\x4f\x43\x4b\x5f\
\x52\x45\x4c\x45\x41\x53\x45\0\x42\x50\x46\x5f\x58\x44\x50\x5f\x43\x50\x55\x4d\
\x41\x50\0\x42\x50\x46\x5f\x53\x4b\x5f\x4c\x4f\x4f\x4b\x55\x50\0\x42\x50\x46\
\x5f\x58\x44\x50\0\x42\x50\x46\x5f\x53\x4b\x5f\x53\x4b\x42\x5f\x56\x45\x52\x44\
\x49\x43\x54\0\x42\x50\x46\x5f\x53\x4b\x5f\x52\x45\x55\x53\x45\x50\x4f\x52\x54\
\x5f\x53\x45\x4c\x45\x43\x54\0\x42\x50\x46\x5f\x53\x4b\x5f\x52\x45\x55\x53\x45\
\x50\x4f\x52\x54\x5f\x53\x45\x4c\x45\x43\x54\x5f\x4f\x52\x5f\x4d\x49\x47\x52\
\x41\x54\x45\0\x42\x50\x46\x5f\x50\x45\x52\x46\x5f\x45\x56\x45\x4e\x54\0\x5f\
\x5f\x4d\x41\x58\x5f\x42\x50\x46\x5f\x41\x54\x54\x41\x43\x48\x5f\x54\x59\x50\
\x45\0\x62\x70\x66\x5f\x69\x6e\x73\x6e\0\x63\x6f\x64\x65\0\x64\x73\x74\x5f\x72\
\x65\x67\0\x73\x72\x63\x5f\x72\x65\x67\0\x6f\x66\x66\0\x69\x6d\x6d\0\x5f\x5f\
\x73\x31\x36\0\x73\x6f\x63\x6b\x5f\x66\x69\x6c\x74\x65\x72\0\x6a\x74\0\x6a\x66\
\0\x6b\0\x63\x67\x72\x6f\x75\x70\x5f\x73\x74\x6f\x72\x61\x67\x65\0\x62\x70\x66\
\x5f\x63\x67\x72\x6f\x75\x70\x5f\x73\x74\x6f\x72\x61\x67\x65\0\x6d\x61\x70\0\
\x6c\x69\x73\x74\x5f\x6d\x61\x70\0\x6c\x69\x73\x74\x5f\x63\x67\0\x70\x65\x72\
\x63\x70\x75\x5f\x62\x75\x66\0\x62\x70\x66\x5f\x63\x67\x72\x6f\x75\x70\x5f\x73\
\x74\x6f\x72\x61\x67\x65\x5f\x6b\x65\x79\0\x63\x67\x72\x6f\x75\x70\x5f\x69\x6e\
\x6f\x64\x65\x5f\x69\x64\0\x61\x74\x74\x61\x63\x68\x5f\x74\x79\x70\x65\0\x63\
\x67\x72\x6f\x75\x70\x5f\x66\x72\x65\x65\x7a\x65\x72\x5f\x73\x74\x61\x74\x65\0\
\x66\x72\x65\x65\x7a\x65\0\x65\x5f\x66\x72\x65\x65\x7a\x65\0\x6e\x72\x5f\x66\
\x72\x6f\x7a\x65\x6e\x5f\x64\x65\x73\x63\x65\x6e\x64\x61\x6e\x74\x73\0\x6e\x72\
\x5f\x66\x72\x6f\x7a\x65\x6e\x5f\x74\x61\x73\x6b\x73\0\x20\x20\x6e\x73\x5f\x69\
\x6e\x66\x6f\x2d\x3e\x69\x70\x63\x5f\x6e\x73\x20\x3d\x20\x42\x50\x46\x5f\x43\
\x4f\x52\x45\x5f\x52\x45\x41\x44\x28\x74\x2c\x20\x6e\x73\x70\x72\x6f\x78\x79\
\x2c\x20\x69\x70\x63\x5f\x6e\x73\x2c\x20\x6e\x73\x2e\x69\x6e\x75\x6d\x29\x3b\0\
\x30\x3a\x32\0\x69\x70\x63\x5f\x6e\x61\x6d\x65\x73\x70\x61\x63\x65\0\x69\x64\
\x73\0\x73\x65\x6d\x5f\x63\x74\x6c\x73\0\x75\x73\x65\x64\x5f\x73\x65\x6d\x73\0\
\x6d\x73\x67\x5f\x63\x74\x6c\x6d\x61\x78\0\x6d\x73\x67\x5f\x63\x74\x6c\x6d\x6e\
\x62\0\x6d\x73\x67\x5f\x63\x74\x6c\x6d\x6e\x69\0\x6d\x73\x67\x5f\x62\x79\x74\
\x65\x73\0\x6d\x73\x67\x5f\x68\x64\x72\x73\0\x73\x68\x6d\x5f\x63\x74\x6c\x6d\
\x61\x78\0\x73\x68\x6d\x5f\x63\x74\x6c\x61\x6c\x6c\0\x73\x68\x6d\x5f\x74\x6f\
\x74\0\x73\x68\x6d\x5f\x63\x74\x6c\x6d\x6e\x69\0\x73\x68\x6d\x5f\x72\x6d\x69\
\x64\x5f\x66\x6f\x72\x63\x65\x64\0\x69\x70\x63\x6e\x73\x5f\x6e\x62\0\x6d\x71\
\x5f\x6d\x6e\x74\0\x6d\x71\x5f\x71\x75\x65\x75\x65\x73\x5f\x63\x6f\x75\x6e\x74\
\0\x6d\x71\x5f\x71\x75\x65\x75\x65\x73\x5f\x6d\x61\x78\0\x6d\x71\x5f\x6d\x73\
\x67\x5f\x6d\x61\x78\0\x6d\x71\x5f\x6d\x73\x67\x73\x69\x7a\x65\x5f\x6d\x61\x78\
\0\x6d\x71\x5f\x6d\x73\x67\x5f\x64\x65\x66\x61\x75\x6c\x74\0\x6d\x71\x5f\x6d\
\x73\x67\x73\x69\x7a\x65\x5f\x64\x65\x66\x61\x75\x6c\x74\0\x6d\x6e\x74\x5f\x6c\
\x6c\x69\x73\x74\0\x69\x70\x63\x5f\x69\x64\x73\0\x69\x6e\x5f\x75\x73\x65\0\x72\
\x77\x73\x65\x6d\0\x69\x70\x63\x73\x5f\x69\x64\x72\0\x6d\x61\x78\x5f\x69\x64\
\x78\0\x6c\x61\x73\x74\x5f\x69\x64\x78\0\x6b\x65\x79\x5f\x68\x74\0\x72\x68\x61\
\x73\x68\x74\x61\x62\x6c\x65\0\x74\x62\x6c\0\x6b\x65\x79\x5f\x6c\x65\x6e\0\x6d\
\x61\x78\x5f\x65\x6c\x65\x6d\x73\0\x70\0\x72\x68\x6c\x69\x73\x74\0\x72\x75\x6e\
\x5f\x77\x6f\x72\x6b\0\x6e\x65\x6c\x65\x6d\x73\0\x72\x68\x61\x73\x68\x74\x61\
\x62\x6c\x65\x5f\x70\x61\x72\x61\x6d\x73\0\x6e\x65\x6c\x65\x6d\x5f\x68\x69\x6e\
\x74\0\x6b\x65\x79\x5f\x6f\x66\x66\x73\x65\x74\0\x68\x65\x61\x64\x5f\x6f\x66\
\x66\x73\x65\x74\0\x6d\x61\x78\x5f\x73\x69\x7a\x65\0\x6d\x69\x6e\x5f\x73\x69\
\x7a\x65\0\x61\x75\x74\x6f\x6d\x61\x74\x69\x63\x5f\x73\x68\x72\x69\x6e\x6b\x69\
\x6e\x67\0\x68\x61\x73\x68\x66\x6e\0\x6f\x62\x6a\x5f\x68\x61\x73\x68\x66\x6e\0\
\x6f\x62\x6a\x5f\x63\x6d\x70\x66\x6e\0\x72\x68\x74\x5f\x68\x61\x73\x68\x66\x6e\
\x5f\x74\0\x72\x68\x74\x5f\x6f\x62\x6a\x5f\x68\x61\x73\x68\x66\x6e\x5f\x74\0\
\x72\x68\x74\x5f\x6f\x62\x6a\x5f\x63\x6d\x70\x66\x6e\x5f\x74\0\x72\x68\x61\x73\
\x68\x74\x61\x62\x6c\x65\x5f\x63\x6f\x6d\x70\x61\x72\x65\x5f\x61\x72\x67\0\x68\
\x74\0\x6e\x6f\x74\x69\x66\x69\x65\x72\x5f\x62\x6c\x6f\x63\x6b\0\x6e\x6f\x74\
\x69\x66\x69\x65\x72\x5f\x63\x61\x6c\x6c\0\x70\x72\x69\x6f\x72\x69\x74\x79\0\
\x6e\x6f\x74\x69\x66\x69\x65\x72\x5f\x66\x6e\x5f\x74\0\x76\x66\x73\x6d\x6f\x75\
\x6e\x74\0\x6d\x6e\x74\x5f\x72\x6f\x6f\x74\0\x6d\x6e\x74\x5f\x73\x62\0\x6d\x6e\
\x74\x5f\x66\x6c\x61\x67\x73\0\x6d\x6e\x74\x5f\x75\x73\x65\x72\x6e\x73\0\x64\
\x5f\x66\x6c\x61\x67\x73\0\x64\x5f\x73\x65\x71\0\x64\x5f\x68\x61\x73\x68\0\x64\
\x5f\x70\x61\x72\x65\x6e\x74\0\x64\x5f\x6e\x61\x6d\x65\0\x64\x5f\x69\x6e\x6f\
\x64\x65\0\x64\x5f\x69\x6e\x61\x6d\x65\0\x64\x5f\x6c\x6f\x63\x6b\x72\x65\x66\0\
\x64\x5f\x6f\x70\0\x64\x5f\x73\x62\0\x64\x5f\x74\x69\x6d\x65\0\x64\x5f\x66\x73\
\x64\x61\x74\x61\0\x64\x5f\x63\x68\x69\x6c\x64\0\x64\x5f\x73\x75\x62\x64\x69\
\x72\x73\0\x64\x5f\x75\0\x68\x6c\x69\x73\x74\x5f\x62\x6c\x5f\x6e\x6f\x64\x65\0\
\x71\x73\x74\x72\0\x68\x61\x73\x68\x5f\x6c\x65\x6e\0\x6c\x6f\x63\x6b\x72\x65\
\x66\0\x6c\x6f\x63\x6b\x5f\x63\x6f\x75\x6e\x74\0\x73\x75\x70\x65\x72\x5f\x62\
\x6c\x6f\x63\x6b\0\x73\x5f\x6c\x69\x73\x74\0\x73\x5f\x64\x65\x76\0\x73\x5f\x62\
\x6c\x6f\x63\x6b\x73\x69\x7a\x65\x5f\x62\x69\x74\x73\0\x73\x5f\x62\x6c\x6f\x63\
\x6b\x73\x69\x7a\x65\0\x73\x5f\x6d\x61\x78\x62\x79\x74\x65\x73\0\x73\x5f\x74\
\x79\x70\x65\0\x73\x5f\x6f\x70\0\x64\x71\x5f\x6f\x70\0\x73\x5f\x71\x63\x6f\x70\
\0\x73\x5f\x65\x78\x70\x6f\x72\x74\x5f\x6f\x70\0\x73\x5f\x66\x6c\x61\x67\x73\0\
\x73\x5f\x69\x66\x6c\x61\x67\x73\0\x73\x5f\x6d\x61\x67\x69\x63\0\x73\x5f\x72\
\x6f\x6f\x74\0\x73\x5f\x75\x6d\x6f\x75\x6e\x74\0\x73\x5f\x63\x6f\x75\x6e\x74\0\
\x73\x5f\x61\x63\x74\x69\x76\x65\0\x73\x5f\x73\x65\x63\x75\x72\x69\x74\x79\0\
\x73\x5f\x78\x61\x74\x74\x72\0\x73\x5f\x63\x6f\x70\0\x73\x5f\x6d\x61\x73\x74\
\x65\x72\x5f\x6b\x65\x79\x73\0\x73\x5f\x76\x6f\x70\0\x73\x5f\x65\x6e\x63\x6f\
\x64\x69\x6e\x67\0\x73\x5f\x65\x6e\x63\x6f\x64\x69\x6e\x67\x5f\x66\x6c\x61\x67\
\x73\0\x73\x5f\x72\x6f\x6f\x74\x73\0\x73\x5f\x6d\x6f\x75\x6e\x74\x73\0\x73\x5f\
\x62\x64\x65\x76\0\x73\x5f\x62\x64\x69\0\x73\x5f\x6d\x74\x64\0\x73\x5f\x69\x6e\
\x73\x74\x61\x6e\x63\x65\x73\0\x73\x5f\x71\x75\x6f\x74\x61\x5f\x74\x79\x70\x65\
\x73\0\x73\x5f\x64\x71\x75\x6f\x74\0\x73\x5f\x77\x72\x69\x74\x65\x72\x73\0\x73\
\x5f\x66\x73\x5f\x69\x6e\x66\x6f\0\x73\x5f\x74\x69\x6d\x65\x5f\x67\x72\x61\x6e\
\0\x73\x5f\x74\x69\x6d\x65\x5f\x6d\x69\x6e\0\x73\x5f\x74\x69\x6d\x65\x5f\x6d\
\x61\x78\0\x73\x5f\x66\x73\x6e\x6f\x74\x69\x66\x79\x5f\x6d\x61\x73\x6b\0\x73\
\x5f\x66\x73\x6e\x6f\x74\x69\x66\x79\x5f\x6d\x61\x72\x6b\x73\0\x73\x5f\x69\x64\
\0\x73\x5f\x75\x75\x69\x64\0\x73\x5f\x6d\x61\x78\x5f\x6c\x69\x6e\x6b\x73\0\x73\
\x5f\x6d\x6f\x64\x65\0\x73\x5f\x76\x66\x73\x5f\x72\x65\x6e\x61\x6d\x65\x5f\x6d\
\x75\x74\x65\x78\0\x73\x5f\x73\x75\x62\x74\x79\x70\x65\0\x73\x5f\x64\x5f\x6f\
\x70\0\x63\x6c\x65\x61\x6e\x63\x61\x63\x68\x65\x5f\x70\x6f\x6f\x6c\x69\x64\0\
\x73\x5f\x73\x68\x72\x69\x6e\x6b\0\x73\x5f\x72\x65\x6d\x6f\x76\x65\x5f\x63\x6f\
\x75\x6e\x74\0\x73\x5f\x66\x73\x6e\x6f\x74\x69\x66\x79\x5f\x63\x6f\x6e\x6e\x65\
\x63\x74\x6f\x72\x73\0\x73\x5f\x72\x65\x61\x64\x6f\x6e\x6c\x79\x5f\x72\x65\x6d\
\x6f\x75\x6e\x74\0\x73\x5f\x77\x62\x5f\x65\x72\x72\0\x73\x5f\x64\x69\x6f\x5f\
\x64\x6f\x6e\x65\x5f\x77\x71\0\x73\x5f\x70\x69\x6e\x73\0\x73\x5f\x75\x73\x65\
\x72\x5f\x6e\x73\0\x73\x5f\x64\x65\x6e\x74\x72\x79\x5f\x6c\x72\x75\0\x73\x5f\
\x69\x6e\x6f\x64\x65\x5f\x6c\x72\x75\0\x73\x5f\x73\x79\x6e\x63\x5f\x6c\x6f\x63\
\x6b\0\x73\x5f\x73\x74\x61\x63\x6b\x5f\x64\x65\x70\x74\x68\0\x73\x5f\x69\x6e\
\x6f\x64\x65\x5f\x6c\x69\x73\x74\x5f\x6c\x6f\x63\x6b\0\x73\x5f\x69\x6e\x6f\x64\
\x65\x73\0\x73\x5f\x69\x6e\x6f\x64\x65\x5f\x77\x62\x6c\x69\x73\x74\x5f\x6c\x6f\
\x63\x6b\0\x73\x5f\x69\x6e\x6f\x64\x65\x73\x5f\x77\x62\0\x68\x6c\x69\x73\x74\
\x5f\x62\x6c\x5f\x68\x65\x61\x64\0\x62\x64\x69\x5f\x6c\x69\x73\x74\0\x69\x6f\
\x5f\x70\x61\x67\x65\x73\0\x6d\x69\x6e\x5f\x72\x61\x74\x69\x6f\0\x6d\x61\x78\
\x5f\x72\x61\x74\x69\x6f\0\x6d\x61\x78\x5f\x70\x72\x6f\x70\x5f\x66\x72\x61\x63\
\0\x74\x6f\x74\x5f\x77\x72\x69\x74\x65\x5f\x62\x61\x6e\x64\x77\x69\x64\x74\x68\
\0\x77\x62\0\x77\x62\x5f\x6c\x69\x73\x74\0\x77\x62\x5f\x77\x61\x69\x74\x71\0\
\x64\x65\x76\x5f\x6e\x61\x6d\x65\0\x6c\x61\x70\x74\x6f\x70\x5f\x6d\x6f\x64\x65\
\x5f\x77\x62\x5f\x74\x69\x6d\x65\x72\0\x64\x65\x62\x75\x67\x5f\x64\x69\x72\0\
\x62\x64\x69\x5f\x77\x72\x69\x74\x65\x62\x61\x63\x6b\0\x62\x64\x69\0\x6c\x61\
\x73\x74\x5f\x6f\x6c\x64\x5f\x66\x6c\x75\x73\x68\0\x62\x5f\x64\x69\x72\x74\x79\
\0\x62\x5f\x69\x6f\0\x62\x5f\x6d\x6f\x72\x65\x5f\x69\x6f\0\x62\x5f\x64\x69\x72\
\x74\x79\x5f\x74\x69\x6d\x65\0\x77\x72\x69\x74\x65\x62\x61\x63\x6b\x5f\x69\x6e\
\x6f\x64\x65\x73\0\x73\x74\x61\x74\0\x63\x6f\x6e\x67\x65\x73\x74\x65\x64\0\x62\
\x77\x5f\x74\x69\x6d\x65\x5f\x73\x74\x61\x6d\x70\0\x64\x69\x72\x74\x69\x65\x64\
\x5f\x73\x74\x61\x6d\x70\0\x77\x72\x69\x74\x74\x65\x6e\x5f\x73\x74\x61\x6d\x70\
\0\x77\x72\x69\x74\x65\x5f\x62\x61\x6e\x64\x77\x69\x64\x74\x68\0\x61\x76\x67\
\x5f\x77\x72\x69\x74\x65\x5f\x62\x61\x6e\x64\x77\x69\x64\x74\x68\0\x64\x69\x72\
\x74\x79\x5f\x72\x61\x74\x65\x6c\x69\x6d\x69\x74\0\x62\x61\x6c\x61\x6e\x63\x65\
\x64\x5f\x64\x69\x72\x74\x79\x5f\x72\x61\x74\x65\x6c\x69\x6d\x69\x74\0\x63\x6f\
\x6d\x70\x6c\x65\x74\x69\x6f\x6e\x73\0\x64\x69\x72\x74\x79\x5f\x65\x78\x63\x65\
\x65\x64\x65\x64\0\x73\x74\x61\x72\x74\x5f\x61\x6c\x6c\x5f\x72\x65\x61\x73\x6f\
\x6e\0\x77\x6f\x72\x6b\x5f\x6c\x6f\x63\x6b\0\x77\x6f\x72\x6b\x5f\x6c\x69\x73\
\x74\0\x64\x77\x6f\x72\x6b\0\x62\x77\x5f\x64\x77\x6f\x72\x6b\0\x64\x69\x72\x74\
\x79\x5f\x73\x6c\x65\x65\x70\0\x62\x64\x69\x5f\x6e\x6f\x64\x65\0\x66\x70\x72\
\x6f\x70\x5f\x6c\x6f\x63\x61\x6c\x5f\x70\x65\x72\x63\x70\x75\0\x77\x62\x5f\x72\
\x65\x61\x73\x6f\x6e\0\x57\x42\x5f\x52\x45\x41\x53\x4f\x4e\x5f\x42\x41\x43\x4b\
\x47\x52\x4f\x55\x4e\x44\0\x57\x42\x5f\x52\x45\x41\x53\x4f\x4e\x5f\x56\x4d\x53\
\x43\x41\x4e\0\x57\x42\x5f\x52\x45\x41\x53\x4f\x4e\x5f\x53\x59\x4e\x43\0\x57\
\x42\x5f\x52\x45\x41\x53\x4f\x4e\x5f\x50\x45\x52\x49\x4f\x44\x49\x43\0\x57\x42\
\x5f\x52\x45\x41\x53\x4f\x4e\x5f\x4c\x41\x50\x54\x4f\x50\x5f\x54\x49\x4d\x45\
\x52\0\x57\x42\x5f\x52\x45\x41\x53\x4f\x4e\x5f\x46\x53\x5f\x46\x52\x45\x45\x5f\
\x53\x50\x41\x43\x45\0\x57\x42\x5f\x52\x45\x41\x53\x4f\x4e\x5f\x46\x4f\x52\x4b\
\x45\x52\x5f\x54\x48\x52\x45\x41\x44\0\x57\x42\x5f\x52\x45\x41\x53\x4f\x4e\x5f\
\x46\x4f\x52\x45\x49\x47\x4e\x5f\x46\x4c\x55\x53\x48\0\x57\x42\x5f\x52\x45\x41\
\x53\x4f\x4e\x5f\x4d\x41\x58\0\x64\x65\x76\x69\x63\x65\0\x69\x6e\x69\x74\x5f\
\x6e\x61\x6d\x65\0\x62\x75\x73\0\x64\x72\x69\x76\x65\x72\0\x70\x6c\x61\x74\x66\
\x6f\x72\x6d\x5f\x64\x61\x74\x61\0\x64\x72\x69\x76\x65\x72\x5f\x64\x61\x74\x61\
\0\x6c\x69\x6e\x6b\x73\0\x70\x6f\x77\x65\x72\0\x70\x6d\x5f\x64\x6f\x6d\x61\x69\
\x6e\0\x65\x6d\x5f\x70\x64\0\x6d\x73\x69\x5f\x64\x6f\x6d\x61\x69\x6e\0\x70\x69\
\x6e\x73\0\x6d\x73\x69\x5f\x6c\x6f\x63\x6b\0\x6d\x73\x69\x5f\x6c\x69\x73\x74\0\
\x64\x6d\x61\x5f\x6f\x70\x73\0\x64\x6d\x61\x5f\x6d\x61\x73\x6b\0\x63\x6f\x68\
\x65\x72\x65\x6e\x74\x5f\x64\x6d\x61\x5f\x6d\x61\x73\x6b\0\x62\x75\x73\x5f\x64\
\x6d\x61\x5f\x6c\x69\x6d\x69\x74\0\x64\x6d\x61\x5f\x72\x61\x6e\x67\x65\x5f\x6d\
\x61\x70\0\x64\x6d\x61\x5f\x70\x61\x72\x6d\x73\0\x64\x6d\x61\x5f\x70\x6f\x6f\
\x6c\x73\0\x64\x6d\x61\x5f\x6d\x65\x6d\0\x64\x6d\x61\x5f\x69\x6f\x5f\x74\x6c\
\x62\x5f\x6d\x65\x6d\0\x61\x72\x63\x68\x64\x61\x74\x61\0\x6f\x66\x5f\x6e\x6f\
\x64\x65\0\x66\x77\x6e\x6f\x64\x65\0\x64\x65\x76\x74\0\x64\x65\x76\x72\x65\x73\
\x5f\x6c\x6f\x63\x6b\0\x64\x65\x76\x72\x65\x73\x5f\x68\x65\x61\x64\0\x67\x72\
\x6f\x75\x70\x73\0\x69\x6f\x6d\x6d\x75\x5f\x67\x72\x6f\x75\x70\0\x69\x6f\x6d\
\x6d\x75\0\x70\x68\x79\x73\x69\x63\x61\x6c\x5f\x6c\x6f\x63\x61\x74\x69\x6f\x6e\
\0\x72\x65\x6d\x6f\x76\x61\x62\x6c\x65\0\x63\x6f\x72\x65\x64\x75\x6d\x70\x5f\
\x64\x69\x73\x61\x62\x6c\x65\x64\0\x6f\x66\x66\x6c\x69\x6e\x65\x5f\x64\x69\x73\
\x61\x62\x6c\x65\x64\0\x6f\x66\x66\x6c\x69\x6e\x65\0\x6f\x66\x5f\x6e\x6f\x64\
\x65\x5f\x72\x65\x75\x73\x65\x64\0\x73\x74\x61\x74\x65\x5f\x73\x79\x6e\x63\x65\
\x64\0\x63\x61\x6e\x5f\x6d\x61\x74\x63\x68\0\x64\x6d\x61\x5f\x63\x6f\x68\x65\
\x72\x65\x6e\x74\0\x64\x65\x76\x5f\x6c\x69\x6e\x6b\x73\x5f\x69\x6e\x66\x6f\0\
\x73\x75\x70\x70\x6c\x69\x65\x72\x73\0\x63\x6f\x6e\x73\x75\x6d\x65\x72\x73\0\
\x64\x65\x66\x65\x72\x5f\x73\x79\x6e\x63\0\x73\x74\x61\x74\x75\x73\0\x64\x6c\
\x5f\x64\x65\x76\x5f\x73\x74\x61\x74\x65\0\x44\x4c\x5f\x44\x45\x56\x5f\x4e\x4f\
\x5f\x44\x52\x49\x56\x45\x52\0\x44\x4c\x5f\x44\x45\x56\x5f\x50\x52\x4f\x42\x49\
\x4e\x47\0\x44\x4c\x5f\x44\x45\x56\x5f\x44\x52\x49\x56\x45\x52\x5f\x42\x4f\x55\
\x4e\x44\0\x44\x4c\x5f\x44\x45\x56\x5f\x55\x4e\x42\x49\x4e\x44\x49\x4e\x47\0\
\x64\x65\x76\x5f\x70\x6d\x5f\x69\x6e\x66\x6f\0\x70\x6f\x77\x65\x72\x5f\x73\x74\
\x61\x74\x65\0\x63\x61\x6e\x5f\x77\x61\x6b\x65\x75\x70\0\x61\x73\x79\x6e\x63\
\x5f\x73\x75\x73\x70\x65\x6e\x64\0\x69\x6e\x5f\x64\x70\x6d\x5f\x6c\x69\x73\x74\
\0\x69\x73\x5f\x70\x72\x65\x70\x61\x72\x65\x64\0\x69\x73\x5f\x73\x75\x73\x70\
\x65\x6e\x64\x65\x64\0\x69\x73\x5f\x6e\x6f\x69\x72\x71\x5f\x73\x75\x73\x70\x65\
\x6e\x64\x65\x64\0\x69\x73\x5f\x6c\x61\x74\x65\x5f\x73\x75\x73\x70\x65\x6e\x64\
\x65\x64\0\x6e\x6f\x5f\x70\x6d\0\x65\x61\x72\x6c\x79\x5f\x69\x6e\x69\x74\0\x64\
\x69\x72\x65\x63\x74\x5f\x63\x6f\x6d\x70\x6c\x65\x74\x65\0\x64\x72\x69\x76\x65\
\x72\x5f\x66\x6c\x61\x67\x73\0\x77\x61\x6b\x65\x75\x70\x5f\x70\x61\x74\x68\0\
\x73\x79\x73\x63\x6f\x72\x65\0\x6e\x6f\x5f\x70\x6d\x5f\x63\x61\x6c\x6c\x62\x61\
\x63\x6b\x73\0\x6d\x75\x73\x74\x5f\x72\x65\x73\x75\x6d\x65\0\x6d\x61\x79\x5f\
\x73\x6b\x69\x70\x5f\x72\x65\x73\x75\x6d\x65\0\x73\x75\x73\x70\x65\x6e\x64\x5f\
\x74\x69\x6d\x65\x72\0\x74\x69\x6d\x65\x72\x5f\x65\x78\x70\x69\x72\x65\x73\0\
\x77\x61\x69\x74\x5f\x71\x75\x65\x75\x65\0\x77\x61\x6b\x65\x69\x72\x71\0\x75\
\x73\x61\x67\x65\x5f\x63\x6f\x75\x6e\x74\0\x64\x69\x73\x61\x62\x6c\x65\x5f\x64\
\x65\x70\x74\x68\0\x69\x64\x6c\x65\x5f\x6e\x6f\x74\x69\x66\x69\x63\x61\x74\x69\
\x6f\x6e\0\x72\x65\x71\x75\x65\x73\x74\x5f\x70\x65\x6e\x64\x69\x6e\x67\0\x64\
\x65\x66\x65\x72\x72\x65\x64\x5f\x72\x65\x73\x75\x6d\x65\0\x6e\x65\x65\x64\x73\
\x5f\x66\x6f\x72\x63\x65\x5f\x72\x65\x73\x75\x6d\x65\0\x72\x75\x6e\x74\x69\x6d\
\x65\x5f\x61\x75\x74\x6f\0\x69\x67\x6e\x6f\x72\x65\x5f\x63\x68\x69\x6c\x64\x72\
\x65\x6e\0\x6e\x6f\x5f\x63\x61\x6c\x6c\x62\x61\x63\x6b\x73\0\x69\x72\x71\x5f\
\x73\x61\x66\x65\0\x75\x73\x65\x5f\x61\x75\x74\x6f\x73\x75\x73\x70\x65\x6e\x64\
\0\x74\x69\x6d\x65\x72\x5f\x61\x75\x74\x6f\x73\x75\x73\x70\x65\x6e\x64\x73\0\
\x6d\x65\x6d\x61\x6c\x6c\x6f\x63\x5f\x6e\x6f\x69\x6f\0\x6c\x69\x6e\x6b\x73\x5f\
\x63\x6f\x75\x6e\x74\0\x72\x65\x71\x75\x65\x73\x74\0\x72\x75\x6e\x74\x69\x6d\
\x65\x5f\x73\x74\x61\x74\x75\x73\0\x72\x75\x6e\x74\x69\x6d\x65\x5f\x65\x72\x72\
\x6f\x72\0\x61\x75\x74\x6f\x73\x75\x73\x70\x65\x6e\x64\x5f\x64\x65\x6c\x61\x79\
\0\x6c\x61\x73\x74\x5f\x62\x75\x73\x79\0\x61\x63\x74\x69\x76\x65\x5f\x74\x69\
\x6d\x65\0\x73\x75\x73\x70\x65\x6e\x64\x65\x64\x5f\x74\x69\x6d\x65\0\x61\x63\
\x63\x6f\x75\x6e\x74\x69\x6e\x67\x5f\x74\x69\x6d\x65\x73\x74\x61\x6d\x70\0\x73\
\x75\x62\x73\x79\x73\x5f\x64\x61\x74\x61\0\x73\x65\x74\x5f\x6c\x61\x74\x65\x6e\
\x63\x79\x5f\x74\x6f\x6c\x65\x72\x61\x6e\x63\x65\0\x71\x6f\x73\0\x70\x6d\x5f\
\x6d\x65\x73\x73\x61\x67\x65\x5f\x74\0\x70\x6d\x5f\x6d\x65\x73\x73\x61\x67\x65\
\0\x72\x70\x6d\x5f\x72\x65\x71\x75\x65\x73\x74\0\x52\x50\x4d\x5f\x52\x45\x51\
\x5f\x4e\x4f\x4e\x45\0\x52\x50\x4d\x5f\x52\x45\x51\x5f\x49\x44\x4c\x45\0\x52\
\x50\x4d\x5f\x52\x45\x51\x5f\x53\x55\x53\x50\x45\x4e\x44\0\x52\x50\x4d\x5f\x52\
\x45\x51\x5f\x41\x55\x54\x4f\x53\x55\x53\x50\x45\x4e\x44\0\x52\x50\x4d\x5f\x52\
\x45\x51\x5f\x52\x45\x53\x55\x4d\x45\0\x72\x70\x6d\x5f\x73\x74\x61\x74\x75\x73\
\0\x52\x50\x4d\x5f\x41\x43\x54\x49\x56\x45\0\x52\x50\x4d\x5f\x52\x45\x53\x55\
\x4d\x49\x4e\x47\0\x52\x50\x4d\x5f\x53\x55\x53\x50\x45\x4e\x44\x45\x44\0\x52\
\x50\x4d\x5f\x53\x55\x53\x50\x45\x4e\x44\x49\x4e\x47\0\x64\x65\x76\x5f\x61\x72\
\x63\x68\x64\x61\x74\x61\0\x64\x65\x76\x69\x63\x65\x5f\x72\x65\x6d\x6f\x76\x61\
\x62\x6c\x65\0\x44\x45\x56\x49\x43\x45\x5f\x52\x45\x4d\x4f\x56\x41\x42\x4c\x45\
\x5f\x4e\x4f\x54\x5f\x53\x55\x50\x50\x4f\x52\x54\x45\x44\0\x44\x45\x56\x49\x43\
\x45\x5f\x52\x45\x4d\x4f\x56\x41\x42\x4c\x45\x5f\x55\x4e\x4b\x4e\x4f\x57\x4e\0\
\x44\x45\x56\x49\x43\x45\x5f\x46\x49\x58\x45\x44\0\x44\x45\x56\x49\x43\x45\x5f\
\x52\x45\x4d\x4f\x56\x41\x42\x4c\x45\0\x71\x75\x6f\x74\x61\x5f\x69\x6e\x66\x6f\
\0\x64\x71\x69\x6f\x5f\x73\x65\x6d\0\x6d\x65\x6d\x5f\x64\x71\x69\x6e\x66\x6f\0\
\x64\x71\x69\x5f\x66\x6f\x72\x6d\x61\x74\0\x64\x71\x69\x5f\x66\x6d\x74\x5f\x69\
\x64\0\x64\x71\x69\x5f\x64\x69\x72\x74\x79\x5f\x6c\x69\x73\x74\0\x64\x71\x69\
\x5f\x66\x6c\x61\x67\x73\0\x64\x71\x69\x5f\x62\x67\x72\x61\x63\x65\0\x64\x71\
\x69\x5f\x69\x67\x72\x61\x63\x65\0\x64\x71\x69\x5f\x6d\x61\x78\x5f\x73\x70\x63\
\x5f\x6c\x69\x6d\x69\x74\0\x64\x71\x69\x5f\x6d\x61\x78\x5f\x69\x6e\x6f\x5f\x6c\
\x69\x6d\x69\x74\0\x64\x71\x69\x5f\x70\x72\x69\x76\0\x71\x73\x69\x7a\x65\x5f\
\x74\0\x71\x75\x6f\x74\x61\x5f\x66\x6f\x72\x6d\x61\x74\x5f\x6f\x70\x73\0\x63\
\x68\x65\x63\x6b\x5f\x71\x75\x6f\x74\x61\x5f\x66\x69\x6c\x65\0\x72\x65\x61\x64\
\x5f\x66\x69\x6c\x65\x5f\x69\x6e\x66\x6f\0\x77\x72\x69\x74\x65\x5f\x66\x69\x6c\
\x65\x5f\x69\x6e\x66\x6f\0\x66\x72\x65\x65\x5f\x66\x69\x6c\x65\x5f\x69\x6e\x66\
\x6f\0\x72\x65\x61\x64\x5f\x64\x71\x62\x6c\x6b\0\x63\x6f\x6d\x6d\x69\x74\x5f\
\x64\x71\x62\x6c\x6b\0\x72\x65\x6c\x65\x61\x73\x65\x5f\x64\x71\x62\x6c\x6b\0\
\x67\x65\x74\x5f\x6e\x65\x78\x74\x5f\x69\x64\0\x64\x71\x75\x6f\x74\0\x64\x71\
\x5f\x68\x61\x73\x68\0\x64\x71\x5f\x69\x6e\x75\x73\x65\0\x64\x71\x5f\x66\x72\
\x65\x65\0\x64\x71\x5f\x64\x69\x72\x74\x79\0\x64\x71\x5f\x6c\x6f\x63\x6b\0\x64\
\x71\x5f\x64\x71\x62\x5f\x6c\x6f\x63\x6b\0\x64\x71\x5f\x63\x6f\x75\x6e\x74\0\
\x64\x71\x5f\x73\x62\0\x64\x71\x5f\x69\x64\0\x64\x71\x5f\x6f\x66\x66\0\x64\x71\
\x5f\x66\x6c\x61\x67\x73\0\x64\x71\x5f\x64\x71\x62\0\x6b\x71\x69\x64\0\x70\x72\
\x6f\x6a\x69\x64\0\x6b\x70\x72\x6f\x6a\x69\x64\x5f\x74\0\x70\x72\x6f\x6a\x69\
\x64\x5f\x74\0\x71\x75\x6f\x74\x61\x5f\x74\x79\x70\x65\0\x55\x53\x52\x51\x55\
\x4f\x54\x41\0\x47\x52\x50\x51\x55\x4f\x54\x41\0\x50\x52\x4a\x51\x55\x4f\x54\
\x41\0\x6d\x65\x6d\x5f\x64\x71\x62\x6c\x6b\0\x64\x71\x62\x5f\x62\x68\x61\x72\
\x64\x6c\x69\x6d\x69\x74\0\x64\x71\x62\x5f\x62\x73\x6f\x66\x74\x6c\x69\x6d\x69\
\x74\0\x64\x71\x62\x5f\x63\x75\x72\x73\x70\x61\x63\x65\0\x64\x71\x62\x5f\x72\
\x73\x76\x73\x70\x61\x63\x65\0\x64\x71\x62\x5f\x69\x68\x61\x72\x64\x6c\x69\x6d\
\x69\x74\0\x64\x71\x62\x5f\x69\x73\x6f\x66\x74\x6c\x69\x6d\x69\x74\0\x64\x71\
\x62\x5f\x63\x75\x72\x69\x6e\x6f\x64\x65\x73\0\x64\x71\x62\x5f\x62\x74\x69\x6d\
\x65\0\x64\x71\x62\x5f\x69\x74\x69\x6d\x65\0\x73\x62\x5f\x77\x72\x69\x74\x65\
\x72\x73\0\x77\x61\x69\x74\x5f\x75\x6e\x66\x72\x6f\x7a\x65\x6e\0\x72\x77\x5f\
\x73\x65\x6d\0\x70\x65\x72\x63\x70\x75\x5f\x72\x77\x5f\x73\x65\x6d\x61\x70\x68\
\x6f\x72\x65\0\x72\x73\x73\0\x72\x65\x61\x64\x5f\x63\x6f\x75\x6e\x74\0\x77\x72\
\x69\x74\x65\x72\0\x77\x61\x69\x74\x65\x72\x73\0\x62\x6c\x6f\x63\x6b\0\x72\x63\
\x75\x5f\x73\x79\x6e\x63\0\x67\x70\x5f\x73\x74\x61\x74\x65\0\x67\x70\x5f\x63\
\x6f\x75\x6e\x74\0\x67\x70\x5f\x77\x61\x69\x74\0\x63\x62\x5f\x68\x65\x61\x64\0\
\x72\x63\x75\x77\x61\x69\x74\0\x66\x73\x6e\x6f\x74\x69\x66\x79\x5f\x6d\x61\x72\
\x6b\x5f\x63\x6f\x6e\x6e\x65\x63\x74\x6f\x72\0\x66\x73\x69\x64\0\x5f\x5f\x6b\
\x65\x72\x6e\x65\x6c\x5f\x66\x73\x69\x64\x5f\x74\0\x6f\x62\x6a\0\x64\x65\x73\
\x74\x72\x6f\x79\x5f\x6e\x65\x78\x74\0\x66\x73\x6e\x6f\x74\x69\x66\x79\x5f\x63\
\x6f\x6e\x6e\x70\x5f\x74\0\x75\x75\x69\x64\x5f\x74\0\x64\x65\x6e\x74\x72\x79\
\x5f\x6f\x70\x65\x72\x61\x74\x69\x6f\x6e\x73\0\x64\x5f\x72\x65\x76\x61\x6c\x69\
\x64\x61\x74\x65\0\x64\x5f\x77\x65\x61\x6b\x5f\x72\x65\x76\x61\x6c\x69\x64\x61\
\x74\x65\0\x64\x5f\x63\x6f\x6d\x70\x61\x72\x65\0\x64\x5f\x64\x65\x6c\x65\x74\
\x65\0\x64\x5f\x69\x6e\x69\x74\0\x64\x5f\x72\x65\x6c\x65\x61\x73\x65\0\x64\x5f\
\x70\x72\x75\x6e\x65\0\x64\x5f\x69\x70\x75\x74\0\x64\x5f\x64\x6e\x61\x6d\x65\0\
\x64\x5f\x61\x75\x74\x6f\x6d\x6f\x75\x6e\x74\0\x64\x5f\x6d\x61\x6e\x61\x67\x65\
\0\x64\x5f\x72\x65\x61\x6c\0\x73\x68\x72\x69\x6e\x6b\x65\x72\0\x63\x6f\x75\x6e\
\x74\x5f\x6f\x62\x6a\x65\x63\x74\x73\0\x73\x63\x61\x6e\x5f\x6f\x62\x6a\x65\x63\
\x74\x73\0\x62\x61\x74\x63\x68\0\x73\x65\x65\x6b\x73\0\x6e\x72\x5f\x64\x65\x66\
\x65\x72\x72\x65\x64\0\x73\x68\x72\x69\x6e\x6b\x5f\x63\x6f\x6e\x74\x72\x6f\x6c\
\0\x6e\x69\x64\0\x6e\x72\x5f\x74\x6f\x5f\x73\x63\x61\x6e\0\x6e\x72\x5f\x73\x63\
\x61\x6e\x6e\x65\x64\0\x6d\x65\x6d\x63\x67\0\x6d\x65\x6d\x5f\x63\x67\x72\x6f\
\x75\x70\0\x6c\x69\x73\x74\x5f\x6c\x72\x75\0\x64\x5f\x6c\x72\x75\0\x64\x5f\x77\
\x61\x69\x74\0\x64\x5f\x61\x6c\x69\x61\x73\0\x64\x5f\x69\x6e\x5f\x6c\x6f\x6f\
\x6b\x75\x70\x5f\x68\x61\x73\x68\0\x64\x5f\x72\x63\x75\0\x30\x3a\x32\x34\x3a\
\x32\0\x20\x20\x6e\x73\x5f\x69\x6e\x66\x6f\x2d\x3e\x6e\x65\x74\x5f\x6e\x73\x20\
\x3d\x20\x42\x50\x46\x5f\x43\x4f\x52\x45\x5f\x52\x45\x41\x44\x28\x74\x2c\x20\
\x6e\x73\x70\x72\x6f\x78\x79\x2c\x20\x6e\x65\x74\x5f\x6e\x73\x2c\x20\x6e\x73\
\x2e\x69\x6e\x75\x6d\x29\x3b\0\x30\x3a\x35\0\x6e\x65\x74\0\x70\x61\x73\x73\x69\
\x76\x65\0\x72\x75\x6c\x65\x73\x5f\x6d\x6f\x64\x5f\x6c\x6f\x63\x6b\0\x64\x65\
\x76\x5f\x75\x6e\x72\x65\x67\x5f\x63\x6f\x75\x6e\x74\0\x64\x65\x76\x5f\x62\x61\
\x73\x65\x5f\x73\x65\x71\0\x69\x66\x69\x6e\x64\x65\x78\0\x6e\x73\x69\x64\x5f\
\x6c\x6f\x63\x6b\0\x66\x6e\x68\x65\x5f\x67\x65\x6e\x69\x64\0\x65\x78\x69\x74\
\x5f\x6c\x69\x73\x74\0\x63\x6c\x65\x61\x6e\x75\x70\x5f\x6c\x69\x73\x74\0\x6b\
\x65\x79\x5f\x64\x6f\x6d\x61\x69\x6e\0\x6e\x65\x74\x6e\x73\x5f\x69\x64\x73\0\
\x64\x65\x76\x5f\x62\x61\x73\x65\x5f\x68\x65\x61\x64\0\x70\x72\x6f\x63\x5f\x6e\
\x65\x74\0\x70\x72\x6f\x63\x5f\x6e\x65\x74\x5f\x73\x74\x61\x74\0\x72\x74\x6e\
\x6c\0\x67\x65\x6e\x6c\x5f\x73\x6f\x63\x6b\0\x75\x65\x76\x65\x6e\x74\x5f\x73\
\x6f\x63\x6b\0\x64\x65\x76\x5f\x6e\x61\x6d\x65\x5f\x68\x65\x61\x64\0\x64\x65\
\x76\x5f\x69\x6e\x64\x65\x78\x5f\x68\x65\x61\x64\0\x6e\x65\x74\x64\x65\x76\x5f\
\x63\x68\x61\x69\x6e\0\x68\x61\x73\x68\x5f\x6d\x69\x78\0\x6c\x6f\x6f\x70\x62\
\x61\x63\x6b\x5f\x64\x65\x76\0\x72\x75\x6c\x65\x73\x5f\x6f\x70\x73\0\x6d\x69\
\x62\0\x70\x61\x63\x6b\x65\x74\0\x75\x6e\x78\0\x6e\x65\x78\x74\x68\x6f\x70\0\
\x69\x70\x76\x34\0\x69\x70\x76\x36\0\x6e\x66\0\x63\x74\0\x77\x65\x78\x74\x5f\
\x6e\x6c\x65\x76\x65\x6e\x74\x73\0\x67\x65\x6e\0\x78\x66\x72\x6d\0\x6e\x65\x74\
\x5f\x63\x6f\x6f\x6b\x69\x65\0\x64\x69\x61\x67\x5f\x6e\x6c\x73\x6b\0\x70\x72\
\x6f\x63\x5f\x64\x69\x72\x5f\x65\x6e\x74\x72\x79\0\x70\x64\x65\x5f\x6f\x70\x65\
\x6e\x65\x72\x73\0\x70\x64\x65\x5f\x75\x6e\x6c\x6f\x61\x64\x5f\x6c\x6f\x63\x6b\
\0\x70\x64\x65\x5f\x75\x6e\x6c\x6f\x61\x64\x5f\x63\x6f\x6d\x70\x6c\x65\x74\x69\
\x6f\x6e\0\x70\x72\x6f\x63\x5f\x69\x6f\x70\x73\0\x70\x72\x6f\x63\x5f\x64\x6f\
\x70\x73\0\x73\x74\x61\x74\x65\x5f\x73\x69\x7a\x65\0\x6c\x6f\x77\x5f\x69\x6e\
\x6f\0\x6e\x6c\x69\x6e\x6b\0\x73\x75\x62\x64\x69\x72\0\x73\x75\x62\x64\x69\x72\
\x5f\x6e\x6f\x64\x65\0\x6e\x61\x6d\x65\x6c\x65\x6e\0\x69\x6e\x6c\x69\x6e\x65\
\x5f\x6e\x61\x6d\x65\0\x69\x6e\x6f\x64\x65\x5f\x6f\x70\x65\x72\x61\x74\x69\x6f\
\x6e\x73\0\x6c\x6f\x6f\x6b\x75\x70\0\x67\x65\x74\x5f\x6c\x69\x6e\x6b\0\x70\x65\
\x72\x6d\x69\x73\x73\x69\x6f\x6e\0\x67\x65\x74\x5f\x61\x63\x6c\0\x72\x65\x61\
\x64\x6c\x69\x6e\x6b\0\x63\x72\x65\x61\x74\x65\0\x75\x6e\x6c\x69\x6e\x6b\0\x6d\
\x6b\x64\x69\x72\0\x72\x6d\x64\x69\x72\0\x6d\x6b\x6e\x6f\x64\0\x72\x65\x6e\x61\
\x6d\x65\0\x73\x65\x74\x61\x74\x74\x72\0\x67\x65\x74\x61\x74\x74\x72\0\x6c\x69\
\x73\x74\x78\x61\x74\x74\x72\0\x66\x69\x65\x6d\x61\x70\0\x75\x70\x64\x61\x74\
\x65\x5f\x74\x69\x6d\x65\0\x61\x74\x6f\x6d\x69\x63\x5f\x6f\x70\x65\x6e\0\x74\
\x6d\x70\x66\x69\x6c\x65\0\x73\x65\x74\x5f\x61\x63\x6c\0\x66\x69\x6c\x65\x61\
\x74\x74\x72\x5f\x73\x65\x74\0\x66\x69\x6c\x65\x61\x74\x74\x72\x5f\x67\x65\x74\
\0\x64\x65\x6c\x61\x79\x65\x64\x5f\x63\x61\x6c\x6c\0\x61\x72\x67\0\x69\x61\x5f\
\x76\x61\x6c\x69\x64\0\x69\x61\x5f\x6d\x6f\x64\x65\0\x69\x61\x5f\x75\x69\x64\0\
\x69\x61\x5f\x67\x69\x64\0\x69\x61\x5f\x73\x69\x7a\x65\0\x69\x61\x5f\x61\x74\
\x69\x6d\x65\0\x69\x61\x5f\x6d\x74\x69\x6d\x65\0\x69\x61\x5f\x63\x74\x69\x6d\
\x65\0\x69\x61\x5f\x66\x69\x6c\x65\0\x6b\x73\x74\x61\x74\0\x72\x65\x73\x75\x6c\
\x74\x5f\x6d\x61\x73\x6b\0\x62\x6c\x6b\x73\x69\x7a\x65\0\x61\x74\x74\x72\x69\
\x62\x75\x74\x65\x73\0\x61\x74\x74\x72\x69\x62\x75\x74\x65\x73\x5f\x6d\x61\x73\
\x6b\0\x69\x6e\x6f\0\x72\x64\x65\x76\0\x61\x74\x69\x6d\x65\0\x6d\x74\x69\x6d\
\x65\0\x63\x74\x69\x6d\x65\0\x62\x74\x69\x6d\x65\0\x62\x6c\x6f\x63\x6b\x73\0\
\x6d\x6e\x74\x5f\x69\x64\0\x66\x69\x65\x6d\x61\x70\x5f\x65\x78\x74\x65\x6e\x74\
\x5f\x69\x6e\x66\x6f\0\x66\x69\x5f\x66\x6c\x61\x67\x73\0\x66\x69\x5f\x65\x78\
\x74\x65\x6e\x74\x73\x5f\x6d\x61\x70\x70\x65\x64\0\x66\x69\x5f\x65\x78\x74\x65\
\x6e\x74\x73\x5f\x6d\x61\x78\0\x66\x69\x5f\x65\x78\x74\x65\x6e\x74\x73\x5f\x73\
\x74\x61\x72\x74\0\x66\x69\x6c\x65\x61\x74\x74\x72\0\x66\x73\x78\x5f\x78\x66\
\x6c\x61\x67\x73\0\x66\x73\x78\x5f\x65\x78\x74\x73\x69\x7a\x65\0\x66\x73\x78\
\x5f\x6e\x65\x78\x74\x65\x6e\x74\x73\0\x66\x73\x78\x5f\x70\x72\x6f\x6a\x69\x64\
\0\x66\x73\x78\x5f\x63\x6f\x77\x65\x78\x74\x73\x69\x7a\x65\0\x66\x6c\x61\x67\
\x73\x5f\x76\x61\x6c\x69\x64\0\x66\x73\x78\x5f\x76\x61\x6c\x69\x64\0\x70\x72\
\x6f\x63\x5f\x6f\x70\x73\0\x70\x72\x6f\x63\x5f\x64\x69\x72\x5f\x6f\x70\x73\0\
\x73\x65\x71\x5f\x6f\x70\x73\0\x73\x69\x6e\x67\x6c\x65\x5f\x73\x68\x6f\x77\0\
\x73\x65\x71\x5f\x6f\x70\x65\x72\x61\x74\x69\x6f\x6e\x73\0\x73\x68\x6f\x77\0\
\x70\x72\x6f\x63\x5f\x77\x72\x69\x74\x65\x5f\x74\0\x6e\x6c\x69\x6e\x6b\x5f\x74\
\0\x73\x6f\x63\x6b\0\x5f\x5f\x73\x6b\x5f\x63\x6f\x6d\x6d\x6f\x6e\0\x73\x6b\x5f\
\x6c\x6f\x63\x6b\0\x73\x6b\x5f\x64\x72\x6f\x70\x73\0\x73\x6b\x5f\x72\x63\x76\
\x6c\x6f\x77\x61\x74\0\x73\x6b\x5f\x65\x72\x72\x6f\x72\x5f\x71\x75\x65\x75\x65\
\0\x73\x6b\x5f\x72\x78\x5f\x73\x6b\x62\x5f\x63\x61\x63\x68\x65\0\x73\x6b\x5f\
\x72\x65\x63\x65\x69\x76\x65\x5f\x71\x75\x65\x75\x65\0\x73\x6b\x5f\x62\x61\x63\
\x6b\x6c\x6f\x67\0\x73\x6b\x5f\x66\x6f\x72\x77\x61\x72\x64\x5f\x61\x6c\x6c\x6f\
\x63\0\x73\x6b\x5f\x6c\x6c\x5f\x75\x73\x65\x63\0\x73\x6b\x5f\x6e\x61\x70\x69\
\x5f\x69\x64\0\x73\x6b\x5f\x72\x63\x76\x62\x75\x66\0\x73\x6b\x5f\x66\x69\x6c\
\x74\x65\x72\0\x73\x6b\x5f\x70\x6f\x6c\x69\x63\x79\0\x73\x6b\x5f\x72\x78\x5f\
\x64\x73\x74\0\x73\x6b\x5f\x72\x78\x5f\x64\x73\x74\x5f\x69\x66\x69\x6e\x64\x65\
\x78\0\x73\x6b\x5f\x72\x78\x5f\x64\x73\x74\x5f\x63\x6f\x6f\x6b\x69\x65\0\x73\
\x6b\x5f\x64\x73\x74\x5f\x63\x61\x63\x68\x65\0\x73\x6b\x5f\x6f\x6d\x65\x6d\x5f\
\x61\x6c\x6c\x6f\x63\0\x73\x6b\x5f\x73\x6e\x64\x62\x75\x66\0\x73\x6b\x5f\x77\
\x6d\x65\x6d\x5f\x71\x75\x65\x75\x65\x64\0\x73\x6b\x5f\x77\x6d\x65\x6d\x5f\x61\
\x6c\x6c\x6f\x63\0\x73\x6b\x5f\x74\x73\x71\x5f\x66\x6c\x61\x67\x73\0\x73\x6b\
\x5f\x74\x78\x5f\x73\x6b\x62\x5f\x63\x61\x63\x68\x65\0\x73\x6b\x5f\x77\x72\x69\
\x74\x65\x5f\x71\x75\x65\x75\x65\0\x73\x6b\x5f\x70\x65\x65\x6b\x5f\x6f\x66\x66\
\0\x73\x6b\x5f\x77\x72\x69\x74\x65\x5f\x70\x65\x6e\x64\x69\x6e\x67\0\x73\x6b\
\x5f\x64\x73\x74\x5f\x70\x65\x6e\x64\x69\x6e\x67\x5f\x63\x6f\x6e\x66\x69\x72\
\x6d\0\x73\x6b\x5f\x70\x61\x63\x69\x6e\x67\x5f\x73\x74\x61\x74\x75\x73\0\x73\
\x6b\x5f\x73\x6e\x64\x74\x69\x6d\x65\x6f\0\x73\x6b\x5f\x74\x69\x6d\x65\x72\0\
\x73\x6b\x5f\x70\x72\x69\x6f\x72\x69\x74\x79\0\x73\x6b\x5f\x6d\x61\x72\x6b\0\
\x73\x6b\x5f\x70\x61\x63\x69\x6e\x67\x5f\x72\x61\x74\x65\0\x73\x6b\x5f\x6d\x61\
\x78\x5f\x70\x61\x63\x69\x6e\x67\x5f\x72\x61\x74\x65\0\x73\x6b\x5f\x66\x72\x61\
\x67\0\x73\x6b\x5f\x72\x6f\x75\x74\x65\x5f\x63\x61\x70\x73\0\x73\x6b\x5f\x72\
\x6f\x75\x74\x65\x5f\x6e\x6f\x63\x61\x70\x73\0\x73\x6b\x5f\x72\x6f\x75\x74\x65\
\x5f\x66\x6f\x72\x63\x65\x64\x5f\x63\x61\x70\x73\0\x73\x6b\x5f\x67\x73\x6f\x5f\
\x74\x79\x70\x65\0\x73\x6b\x5f\x67\x73\x6f\x5f\x6d\x61\x78\x5f\x73\x69\x7a\x65\
\0\x73\x6b\x5f\x61\x6c\x6c\x6f\x63\x61\x74\x69\x6f\x6e\0\x73\x6b\x5f\x74\x78\
\x68\x61\x73\x68\0\x73\x6b\x5f\x70\x61\x64\x64\x69\x6e\x67\0\x73\x6b\x5f\x6b\
\x65\x72\x6e\x5f\x73\x6f\x63\x6b\0\x73\x6b\x5f\x6e\x6f\x5f\x63\x68\x65\x63\x6b\
\x5f\x74\x78\0\x73\x6b\x5f\x6e\x6f\x5f\x63\x68\x65\x63\x6b\x5f\x72\x78\0\x73\
\x6b\x5f\x75\x73\x65\x72\x6c\x6f\x63\x6b\x73\0\x73\x6b\x5f\x70\x61\x63\x69\x6e\
\x67\x5f\x73\x68\x69\x66\x74\0\x73\x6b\x5f\x74\x79\x70\x65\0\x73\x6b\x5f\x70\
\x72\x6f\x74\x6f\x63\x6f\x6c\0\x73\x6b\x5f\x67\x73\x6f\x5f\x6d\x61\x78\x5f\x73\
\x65\x67\x73\0\x73\x6b\x5f\x6c\x69\x6e\x67\x65\x72\x74\x69\x6d\x65\0\x73\x6b\
\x5f\x70\x72\x6f\x74\x5f\x63\x72\x65\x61\x74\x6f\x72\0\x73\x6b\x5f\x63\x61\x6c\
\x6c\x62\x61\x63\x6b\x5f\x6c\x6f\x63\x6b\0\x73\x6b\x5f\x65\x72\x72\0\x73\x6b\
\x5f\x65\x72\x72\x5f\x73\x6f\x66\x74\0\x73\x6b\x5f\x61\x63\x6b\x5f\x62\x61\x63\
\x6b\x6c\x6f\x67\0\x73\x6b\x5f\x6d\x61\x78\x5f\x61\x63\x6b\x5f\x62\x61\x63\x6b\
\x6c\x6f\x67\0\x73\x6b\x5f\x75\x69\x64\0\x73\x6b\x5f\x70\x72\x65\x66\x65\x72\
\x5f\x62\x75\x73\x79\x5f\x70\x6f\x6c\x6c\0\x73\x6b\x5f\x62\x75\x73\x79\x5f\x70\
\x6f\x6c\x6c\x5f\x62\x75\x64\x67\x65\x74\0\x73\x6b\x5f\x70\x65\x65\x72\x5f\x6c\
\x6f\x63\x6b\0\x73\x6b\x5f\x70\x65\x65\x72\x5f\x70\x69\x64\0\x73\x6b\x5f\x70\
\x65\x65\x72\x5f\x63\x72\x65\x64\0\x73\x6b\x5f\x72\x63\x76\x74\x69\x6d\x65\x6f\
\0\x73\x6b\x5f\x73\x74\x61\x6d\x70\0\x73\x6b\x5f\x74\x73\x66\x6c\x61\x67\x73\0\
\x73\x6b\x5f\x62\x69\x6e\x64\x5f\x70\x68\x63\0\x73\x6b\x5f\x73\x68\x75\x74\x64\
\x6f\x77\x6e\0\x73\x6b\x5f\x74\x73\x6b\x65\x79\0\x73\x6b\x5f\x7a\x63\x6b\x65\
\x79\0\x73\x6b\x5f\x63\x6c\x6f\x63\x6b\x69\x64\0\x73\x6b\x5f\x74\x78\x74\x69\
\x6d\x65\x5f\x64\x65\x61\x64\x6c\x69\x6e\x65\x5f\x6d\x6f\x64\x65\0\x73\x6b\x5f\
\x74\x78\x74\x69\x6d\x65\x5f\x72\x65\x70\x6f\x72\x74\x5f\x65\x72\x72\x6f\x72\
\x73\0\x73\x6b\x5f\x74\x78\x74\x69\x6d\x65\x5f\x75\x6e\x75\x73\x65\x64\0\x73\
\x6b\x5f\x73\x6f\x63\x6b\x65\x74\0\x73\x6b\x5f\x75\x73\x65\x72\x5f\x64\x61\x74\
\x61\0\x73\x6b\x5f\x73\x65\x63\x75\x72\x69\x74\x79\0\x73\x6b\x5f\x63\x67\x72\
\x70\x5f\x64\x61\x74\x61\0\x73\x6b\x5f\x6d\x65\x6d\x63\x67\0\x73\x6b\x5f\x73\
\x74\x61\x74\x65\x5f\x63\x68\x61\x6e\x67\x65\0\x73\x6b\x5f\x64\x61\x74\x61\x5f\
\x72\x65\x61\x64\x79\0\x73\x6b\x5f\x77\x72\x69\x74\x65\x5f\x73\x70\x61\x63\x65\
\0\x73\x6b\x5f\x65\x72\x72\x6f\x72\x5f\x72\x65\x70\x6f\x72\x74\0\x73\x6b\x5f\
\x62\x61\x63\x6b\x6c\x6f\x67\x5f\x72\x63\x76\0\x73\x6b\x5f\x64\x65\x73\x74\x72\
\x75\x63\x74\0\x73\x6b\x5f\x72\x65\x75\x73\x65\x70\x6f\x72\x74\x5f\x63\x62\0\
\x73\x6b\x5f\x62\x70\x66\x5f\x73\x74\x6f\x72\x61\x67\x65\0\x73\x6b\x5f\x72\x63\
\x75\0\x73\x6f\x63\x6b\x5f\x63\x6f\x6d\x6d\x6f\x6e\0\x73\x6b\x63\x5f\x66\x61\
\x6d\x69\x6c\x79\0\x73\x6b\x63\x5f\x73\x74\x61\x74\x65\0\x73\x6b\x63\x5f\x72\
\x65\x75\x73\x65\0\x73\x6b\x63\x5f\x72\x65\x75\x73\x65\x70\x6f\x72\x74\0\x73\
\x6b\x63\x5f\x69\x70\x76\x36\x6f\x6e\x6c\x79\0\x73\x6b\x63\x5f\x6e\x65\x74\x5f\
\x72\x65\x66\x63\x6e\x74\0\x73\x6b\x63\x5f\x62\x6f\x75\x6e\x64\x5f\x64\x65\x76\
\x5f\x69\x66\0\x73\x6b\x63\x5f\x70\x72\x6f\x74\0\x73\x6b\x63\x5f\x6e\x65\x74\0\
\x73\x6b\x63\x5f\x76\x36\x5f\x64\x61\x64\x64\x72\0\x73\x6b\x63\x5f\x76\x36\x5f\
\x72\x63\x76\x5f\x73\x61\x64\x64\x72\0\x73\x6b\x63\x5f\x63\x6f\x6f\x6b\x69\x65\
\0\x73\x6b\x63\x5f\x64\x6f\x6e\x74\x63\x6f\x70\x79\x5f\x62\x65\x67\x69\x6e\0\
\x73\x6b\x63\x5f\x74\x78\x5f\x71\x75\x65\x75\x65\x5f\x6d\x61\x70\x70\x69\x6e\
\x67\0\x73\x6b\x63\x5f\x72\x78\x5f\x71\x75\x65\x75\x65\x5f\x6d\x61\x70\x70\x69\
\x6e\x67\0\x73\x6b\x63\x5f\x72\x65\x66\x63\x6e\x74\0\x73\x6b\x63\x5f\x64\x6f\
\x6e\x74\x63\x6f\x70\x79\x5f\x65\x6e\x64\0\x73\x6b\x63\x5f\x61\x64\x64\x72\x70\
\x61\x69\x72\0\x5f\x5f\x61\x64\x64\x72\x70\x61\x69\x72\0\x73\x6b\x63\x5f\x64\
\x61\x64\x64\x72\0\x73\x6b\x63\x5f\x72\x63\x76\x5f\x73\x61\x64\x64\x72\0\x5f\
\x5f\x62\x65\x33\x32\0\x73\x6b\x63\x5f\x68\x61\x73\x68\0\x73\x6b\x63\x5f\x75\
\x31\x36\x68\x61\x73\x68\x65\x73\0\x73\x6b\x63\x5f\x70\x6f\x72\x74\x70\x61\x69\
\x72\0\x5f\x5f\x70\x6f\x72\x74\x70\x61\x69\x72\0\x73\x6b\x63\x5f\x64\x70\x6f\
\x72\x74\0\x73\x6b\x63\x5f\x6e\x75\x6d\0\x5f\x5f\x62\x65\x31\x36\0\x73\x6b\x63\
\x5f\x62\x69\x6e\x64\x5f\x6e\x6f\x64\x65\0\x73\x6b\x63\x5f\x70\x6f\x72\x74\x61\
\x64\x64\x72\x5f\x6e\x6f\x64\x65\0\x70\x6f\x73\x73\x69\x62\x6c\x65\x5f\x6e\x65\
\x74\x5f\x74\0\x69\x6e\x36\x5f\x61\x64\x64\x72\0\x69\x6e\x36\x5f\x75\0\x75\x36\
\x5f\x61\x64\x64\x72\x38\0\x75\x36\x5f\x61\x64\x64\x72\x31\x36\0\x75\x36\x5f\
\x61\x64\x64\x72\x33\x32\0\x73\x6b\x63\x5f\x66\x6c\x61\x67\x73\0\x73\x6b\x63\
\x5f\x6c\x69\x73\x74\x65\x6e\x65\x72\0\x73\x6b\x63\x5f\x74\x77\x5f\x64\x72\0\
\x73\x6b\x63\x5f\x6e\x6f\x64\x65\0\x73\x6b\x63\x5f\x6e\x75\x6c\x6c\x73\x5f\x6e\
\x6f\x64\x65\0\x68\x6c\x69\x73\x74\x5f\x6e\x75\x6c\x6c\x73\x5f\x6e\x6f\x64\x65\
\0\x73\x6b\x63\x5f\x69\x6e\x63\x6f\x6d\x69\x6e\x67\x5f\x63\x70\x75\0\x73\x6b\
\x63\x5f\x72\x63\x76\x5f\x77\x6e\x64\0\x73\x6b\x63\x5f\x74\x77\x5f\x72\x63\x76\
\x5f\x6e\x78\x74\0\x73\x6b\x63\x5f\x72\x78\x68\x61\x73\x68\0\x73\x6b\x63\x5f\
\x77\x69\x6e\x64\x6f\x77\x5f\x63\x6c\x61\x6d\x70\0\x73\x6b\x63\x5f\x74\x77\x5f\
\x73\x6e\x64\x5f\x6e\x78\x74\0\x73\x6f\x63\x6b\x65\x74\x5f\x6c\x6f\x63\x6b\x5f\
\x74\0\x73\x6c\x6f\x63\x6b\0\x6f\x77\x6e\x65\x64\0\x73\x6b\x5f\x62\x75\x66\x66\
\x5f\x68\x65\x61\x64\0\x71\x6c\x65\x6e\0\x73\x6b\x5f\x62\x75\x66\x66\0\x63\x62\
\0\x5f\x6e\x66\x63\x74\0\x64\x61\x74\x61\x5f\x6c\x65\x6e\0\x6d\x61\x63\x5f\x6c\
\x65\x6e\0\x68\x64\x72\x5f\x6c\x65\x6e\0\x71\x75\x65\x75\x65\x5f\x6d\x61\x70\
\x70\x69\x6e\x67\0\x5f\x5f\x63\x6c\x6f\x6e\x65\x64\x5f\x6f\x66\x66\x73\x65\x74\
\0\x63\x6c\x6f\x6e\x65\x64\0\x6e\x6f\x68\x64\x72\0\x66\x63\x6c\x6f\x6e\x65\0\
\x70\x65\x65\x6b\x65\x64\0\x68\x65\x61\x64\x5f\x66\x72\x61\x67\0\x70\x66\x6d\
\x65\x6d\x61\x6c\x6c\x6f\x63\0\x70\x70\x5f\x72\x65\x63\x79\x63\x6c\x65\0\x61\
\x63\x74\x69\x76\x65\x5f\x65\x78\x74\x65\x6e\x73\x69\x6f\x6e\x73\0\x68\x65\x61\
\x64\x65\x72\x73\x5f\x73\x74\x61\x72\x74\0\x5f\x5f\x70\x6b\x74\x5f\x74\x79\x70\
\x65\x5f\x6f\x66\x66\x73\x65\x74\0\x70\x6b\x74\x5f\x74\x79\x70\x65\0\x69\x67\
\x6e\x6f\x72\x65\x5f\x64\x66\0\x6e\x66\x5f\x74\x72\x61\x63\x65\0\x69\x70\x5f\
\x73\x75\x6d\x6d\x65\x64\0\x6f\x6f\x6f\x5f\x6f\x6b\x61\x79\0\x6c\x34\x5f\x68\
\x61\x73\x68\0\x73\x77\x5f\x68\x61\x73\x68\0\x77\x69\x66\x69\x5f\x61\x63\x6b\
\x65\x64\x5f\x76\x61\x6c\x69\x64\0\x77\x69\x66\x69\x5f\x61\x63\x6b\x65\x64\0\
\x6e\x6f\x5f\x66\x63\x73\0\x65\x6e\x63\x61\x70\x73\x75\x6c\x61\x74\x69\x6f\x6e\
\0\x65\x6e\x63\x61\x70\x5f\x68\x64\x72\x5f\x63\x73\x75\x6d\0\x63\x73\x75\x6d\
\x5f\x76\x61\x6c\x69\x64\0\x5f\x5f\x70\x6b\x74\x5f\x76\x6c\x61\x6e\x5f\x70\x72\
\x65\x73\x65\x6e\x74\x5f\x6f\x66\x66\x73\x65\x74\0\x76\x6c\x61\x6e\x5f\x70\x72\
\x65\x73\x65\x6e\x74\0\x63\x73\x75\x6d\x5f\x63\x6f\x6d\x70\x6c\x65\x74\x65\x5f\
\x73\x77\0\x63\x73\x75\x6d\x5f\x6c\x65\x76\x65\x6c\0\x63\x73\x75\x6d\x5f\x6e\
\x6f\x74\x5f\x69\x6e\x65\x74\0\x64\x73\x74\x5f\x70\x65\x6e\x64\x69\x6e\x67\x5f\
\x63\x6f\x6e\x66\x69\x72\x6d\0\x6e\x64\x69\x73\x63\x5f\x6e\x6f\x64\x65\x74\x79\
\x70\x65\0\x69\x70\x76\x73\x5f\x70\x72\x6f\x70\x65\x72\x74\x79\0\x69\x6e\x6e\
\x65\x72\x5f\x70\x72\x6f\x74\x6f\x63\x6f\x6c\x5f\x74\x79\x70\x65\0\x72\x65\x6d\
\x63\x73\x75\x6d\x5f\x6f\x66\x66\x6c\x6f\x61\x64\0\x74\x63\x5f\x73\x6b\x69\x70\
\x5f\x63\x6c\x61\x73\x73\x69\x66\x79\0\x74\x63\x5f\x61\x74\x5f\x69\x6e\x67\x72\
\x65\x73\x73\0\x72\x65\x64\x69\x72\x65\x63\x74\x65\x64\0\x73\x6c\x6f\x77\x5f\
\x67\x72\x6f\0\x73\x63\x6d\x5f\x69\x6f\x5f\x75\x72\x69\x6e\x67\0\x74\x63\x5f\
\x69\x6e\x64\x65\x78\0\x73\x6b\x62\x5f\x69\x69\x66\0\x76\x6c\x61\x6e\x5f\x70\
\x72\x6f\x74\x6f\0\x76\x6c\x61\x6e\x5f\x74\x63\x69\0\x73\x65\x63\x6d\x61\x72\
\x6b\0\x69\x6e\x6e\x65\x72\x5f\x74\x72\x61\x6e\x73\x70\x6f\x72\x74\x5f\x68\x65\
\x61\x64\x65\x72\0\x69\x6e\x6e\x65\x72\x5f\x6e\x65\x74\x77\x6f\x72\x6b\x5f\x68\
\x65\x61\x64\x65\x72\0\x69\x6e\x6e\x65\x72\x5f\x6d\x61\x63\x5f\x68\x65\x61\x64\
\x65\x72\0\x70\x72\x6f\x74\x6f\x63\x6f\x6c\0\x74\x72\x61\x6e\x73\x70\x6f\x72\
\x74\x5f\x68\x65\x61\x64\x65\x72\0\x6e\x65\x74\x77\x6f\x72\x6b\x5f\x68\x65\x61\
\x64\x65\x72\0\x6d\x61\x63\x5f\x68\x65\x61\x64\x65\x72\0\x68\x65\x61\x64\x65\
\x72\x73\x5f\x65\x6e\x64\0\x65\x6e\x64\0\x74\x72\x75\x65\x73\x69\x7a\x65\0\x75\
\x73\x65\x72\x73\0\x65\x78\x74\x65\x6e\x73\x69\x6f\x6e\x73\0\x72\x62\x6e\x6f\
\x64\x65\0\x64\x65\x76\x5f\x73\x63\x72\x61\x74\x63\x68\0\x73\x6b\0\x69\x70\x5f\
\x64\x65\x66\x72\x61\x67\x5f\x6f\x66\x66\x73\x65\x74\0\x73\x6b\x62\x5f\x6d\x73\
\x74\x61\x6d\x70\x5f\x6e\x73\0\x74\x63\x70\x5f\x74\x73\x6f\x72\x74\x65\x64\x5f\
\x61\x6e\x63\x68\x6f\x72\0\x5f\x73\x6b\x5f\x72\x65\x64\x69\x72\0\x5f\x73\x6b\
\x62\x5f\x72\x65\x66\x64\x73\x74\0\x64\x65\x73\x74\x72\x75\x63\x74\x6f\x72\0\
\x63\x73\x75\x6d\0\x5f\x5f\x77\x73\x75\x6d\0\x63\x73\x75\x6d\x5f\x73\x74\x61\
\x72\x74\0\x63\x73\x75\x6d\x5f\x6f\x66\x66\x73\x65\x74\0\x6e\x61\x70\x69\x5f\
\x69\x64\0\x73\x65\x6e\x64\x65\x72\x5f\x63\x70\x75\0\x6d\x61\x72\x6b\0\x72\x65\
\x73\x65\x72\x76\x65\x64\x5f\x74\x61\x69\x6c\x72\x6f\x6f\x6d\0\x69\x6e\x6e\x65\
\x72\x5f\x70\x72\x6f\x74\x6f\x63\x6f\x6c\0\x69\x6e\x6e\x65\x72\x5f\x69\x70\x70\
\x72\x6f\x74\x6f\0\x73\x6b\x5f\x62\x75\x66\x66\x5f\x64\x61\x74\x61\x5f\x74\0\
\x72\x6d\x65\x6d\x5f\x61\x6c\x6c\x6f\x63\0\x73\x6b\x5f\x77\x71\0\x73\x6b\x5f\
\x77\x71\x5f\x72\x61\x77\0\x73\x6f\x63\x6b\x65\x74\x5f\x77\x71\0\x66\x61\x73\
\x79\x6e\x63\x5f\x6c\x69\x73\x74\0\x78\x66\x72\x6d\x5f\x70\x6f\x6c\x69\x63\x79\
\0\x78\x70\x5f\x6e\x65\x74\0\x62\x79\x64\x73\x74\0\x62\x79\x69\x64\x78\0\x67\
\x65\x6e\x69\x64\0\x69\x66\x5f\x69\x64\0\x73\x65\x6c\x65\x63\x74\x6f\x72\0\x6c\
\x66\x74\0\x63\x75\x72\x6c\x66\x74\0\x77\x61\x6c\x6b\0\x70\x6f\x6c\x71\0\x62\
\x79\x64\x73\x74\x5f\x72\x65\x69\x6e\x73\x65\x72\x74\0\x61\x63\x74\x69\x6f\x6e\
\0\x78\x66\x72\x6d\x5f\x6e\x72\0\x66\x61\x6d\x69\x6c\x79\0\x78\x66\x72\x6d\x5f\
\x76\x65\x63\0\x62\x79\x64\x73\x74\x5f\x69\x6e\x65\x78\x61\x63\x74\x5f\x6c\x69\
\x73\x74\0\x78\x66\x72\x6d\x5f\x6d\x61\x72\x6b\0\x76\0\x78\x66\x72\x6d\x5f\x73\
\x65\x6c\x65\x63\x74\x6f\x72\0\x64\x61\x64\x64\x72\0\x73\x61\x64\x64\x72\0\x64\
\x70\x6f\x72\x74\0\x64\x70\x6f\x72\x74\x5f\x6d\x61\x73\x6b\0\x73\x70\x6f\x72\
\x74\0\x73\x70\x6f\x72\x74\x5f\x6d\x61\x73\x6b\0\x70\x72\x65\x66\x69\x78\x6c\
\x65\x6e\x5f\x64\0\x70\x72\x65\x66\x69\x78\x6c\x65\x6e\x5f\x73\0\x70\x72\x6f\
\x74\x6f\0\x78\x66\x72\x6d\x5f\x61\x64\x64\x72\x65\x73\x73\x5f\x74\0\x61\x34\0\
\x61\x36\0\x69\x6e\x36\0\x78\x66\x72\x6d\x5f\x6c\x69\x66\x65\x74\x69\x6d\x65\
\x5f\x63\x66\x67\0\x73\x6f\x66\x74\x5f\x62\x79\x74\x65\x5f\x6c\x69\x6d\x69\x74\
\0\x68\x61\x72\x64\x5f\x62\x79\x74\x65\x5f\x6c\x69\x6d\x69\x74\0\x73\x6f\x66\
\x74\x5f\x70\x61\x63\x6b\x65\x74\x5f\x6c\x69\x6d\x69\x74\0\x68\x61\x72\x64\x5f\
\x70\x61\x63\x6b\x65\x74\x5f\x6c\x69\x6d\x69\x74\0\x73\x6f\x66\x74\x5f\x61\x64\
\x64\x5f\x65\x78\x70\x69\x72\x65\x73\x5f\x73\x65\x63\x6f\x6e\x64\x73\0\x68\x61\
\x72\x64\x5f\x61\x64\x64\x5f\x65\x78\x70\x69\x72\x65\x73\x5f\x73\x65\x63\x6f\
\x6e\x64\x73\0\x73\x6f\x66\x74\x5f\x75\x73\x65\x5f\x65\x78\x70\x69\x72\x65\x73\
\x5f\x73\x65\x63\x6f\x6e\x64\x73\0\x68\x61\x72\x64\x5f\x75\x73\x65\x5f\x65\x78\
\x70\x69\x72\x65\x73\x5f\x73\x65\x63\x6f\x6e\x64\x73\0\x78\x66\x72\x6d\x5f\x6c\
\x69\x66\x65\x74\x69\x6d\x65\x5f\x63\x75\x72\0\x62\x79\x74\x65\x73\0\x70\x61\
\x63\x6b\x65\x74\x73\0\x61\x64\x64\x5f\x74\x69\x6d\x65\0\x75\x73\x65\x5f\x74\
\x69\x6d\x65\0\x78\x66\x72\x6d\x5f\x70\x6f\x6c\x69\x63\x79\x5f\x77\x61\x6c\x6b\
\x5f\x65\x6e\x74\x72\x79\0\x61\x6c\x6c\0\x78\x66\x72\x6d\x5f\x70\x6f\x6c\x69\
\x63\x79\x5f\x71\x75\x65\x75\x65\0\x68\x6f\x6c\x64\x5f\x71\x75\x65\x75\x65\0\
\x68\x6f\x6c\x64\x5f\x74\x69\x6d\x65\x72\0\x78\x66\x72\x6d\x5f\x74\x6d\x70\x6c\
\0\x65\x6e\x63\x61\x70\x5f\x66\x61\x6d\x69\x6c\x79\0\x72\x65\x71\x69\x64\0\x73\
\x68\x61\x72\x65\0\x6f\x70\x74\x69\x6f\x6e\x61\x6c\0\x61\x6c\x6c\x61\x6c\x67\
\x73\0\x61\x61\x6c\x67\x6f\x73\0\x65\x61\x6c\x67\x6f\x73\0\x63\x61\x6c\x67\x6f\
\x73\0\x78\x66\x72\x6d\x5f\x69\x64\0\x73\x70\x69\0\x64\x73\x74\x5f\x65\x6e\x74\
\x72\x79\0\x5f\x6d\x65\x74\x72\x69\x63\x73\0\x69\x6e\x70\x75\x74\0\x6f\x75\x74\
\x70\x75\x74\0\x6f\x62\x73\x6f\x6c\x65\x74\x65\0\x68\x65\x61\x64\x65\x72\x5f\
\x6c\x65\x6e\0\x74\x72\x61\x69\x6c\x65\x72\x5f\x6c\x65\x6e\0\x5f\x5f\x72\x65\
\x66\x63\x6e\x74\0\x5f\x5f\x75\x73\x65\0\x6c\x61\x73\x74\x75\x73\x65\0\x6c\x77\
\x74\x73\x74\x61\x74\x65\0\x65\x72\x72\x6f\x72\0\x5f\x5f\x70\x61\x64\0\x74\x63\
\x6c\x61\x73\x73\x69\x64\0\x6e\x65\x74\x5f\x64\x65\x76\x69\x63\x65\0\x6e\x61\
\x6d\x65\x5f\x6e\x6f\x64\x65\0\x69\x66\x61\x6c\x69\x61\x73\0\x6d\x65\x6d\x5f\
\x65\x6e\x64\0\x6d\x65\x6d\x5f\x73\x74\x61\x72\x74\0\x62\x61\x73\x65\x5f\x61\
\x64\x64\x72\0\x64\x65\x76\x5f\x6c\x69\x73\x74\0\x6e\x61\x70\x69\x5f\x6c\x69\
\x73\x74\0\x75\x6e\x72\x65\x67\x5f\x6c\x69\x73\x74\0\x63\x6c\x6f\x73\x65\x5f\
\x6c\x69\x73\x74\0\x70\x74\x79\x70\x65\x5f\x61\x6c\x6c\0\x70\x74\x79\x70\x65\
\x5f\x73\x70\x65\x63\x69\x66\x69\x63\0\x61\x64\x6a\x5f\x6c\x69\x73\x74\0\x70\
\x72\x69\x76\x5f\x66\x6c\x61\x67\x73\0\x6e\x65\x74\x64\x65\x76\x5f\x6f\x70\x73\
\0\x67\x66\x6c\x61\x67\x73\0\x68\x61\x72\x64\x5f\x68\x65\x61\x64\x65\x72\x5f\
\x6c\x65\x6e\0\x6d\x74\x75\0\x6e\x65\x65\x64\x65\x64\x5f\x68\x65\x61\x64\x72\
\x6f\x6f\x6d\0\x6e\x65\x65\x64\x65\x64\x5f\x74\x61\x69\x6c\x72\x6f\x6f\x6d\0\
\x66\x65\x61\x74\x75\x72\x65\x73\0\x68\x77\x5f\x66\x65\x61\x74\x75\x72\x65\x73\
\0\x77\x61\x6e\x74\x65\x64\x5f\x66\x65\x61\x74\x75\x72\x65\x73\0\x76\x6c\x61\
\x6e\x5f\x66\x65\x61\x74\x75\x72\x65\x73\0\x68\x77\x5f\x65\x6e\x63\x5f\x66\x65\
\x61\x74\x75\x72\x65\x73\0\x6d\x70\x6c\x73\x5f\x66\x65\x61\x74\x75\x72\x65\x73\
\0\x67\x73\x6f\x5f\x70\x61\x72\x74\x69\x61\x6c\x5f\x66\x65\x61\x74\x75\x72\x65\
\x73\0\x6d\x69\x6e\x5f\x6d\x74\x75\0\x6d\x61\x78\x5f\x6d\x74\x75\0\x6d\x69\x6e\
\x5f\x68\x65\x61\x64\x65\x72\x5f\x6c\x65\x6e\0\x6e\x61\x6d\x65\x5f\x61\x73\x73\
\x69\x67\x6e\x5f\x74\x79\x70\x65\0\x72\x78\x5f\x64\x72\x6f\x70\x70\x65\x64\0\
\x74\x78\x5f\x64\x72\x6f\x70\x70\x65\x64\0\x72\x78\x5f\x6e\x6f\x68\x61\x6e\x64\
\x6c\x65\x72\0\x63\x61\x72\x72\x69\x65\x72\x5f\x75\x70\x5f\x63\x6f\x75\x6e\x74\
\0\x63\x61\x72\x72\x69\x65\x72\x5f\x64\x6f\x77\x6e\x5f\x63\x6f\x75\x6e\x74\0\
\x65\x74\x68\x74\x6f\x6f\x6c\x5f\x6f\x70\x73\0\x6e\x64\x69\x73\x63\x5f\x6f\x70\
\x73\0\x68\x65\x61\x64\x65\x72\x5f\x6f\x70\x73\0\x6f\x70\x65\x72\x73\x74\x61\
\x74\x65\0\x6c\x69\x6e\x6b\x5f\x6d\x6f\x64\x65\0\x69\x66\x5f\x70\x6f\x72\x74\0\
\x64\x6d\x61\0\x70\x65\x72\x6d\x5f\x61\x64\x64\x72\0\x61\x64\x64\x72\x5f\x61\
\x73\x73\x69\x67\x6e\x5f\x74\x79\x70\x65\0\x61\x64\x64\x72\x5f\x6c\x65\x6e\0\
\x75\x70\x70\x65\x72\x5f\x6c\x65\x76\x65\x6c\0\x6c\x6f\x77\x65\x72\x5f\x6c\x65\
\x76\x65\x6c\0\x6e\x65\x69\x67\x68\x5f\x70\x72\x69\x76\x5f\x6c\x65\x6e\0\x64\
\x65\x76\x5f\x69\x64\0\x64\x65\x76\x5f\x70\x6f\x72\x74\0\x70\x61\x64\x64\x65\
\x64\0\x61\x64\x64\x72\x5f\x6c\x69\x73\x74\x5f\x6c\x6f\x63\x6b\0\x69\x72\x71\0\
\x75\x63\0\x6d\x63\0\x64\x65\x76\x5f\x61\x64\x64\x72\x73\0\x71\x75\x65\x75\x65\
\x73\x5f\x6b\x73\x65\x74\0\x70\x72\x6f\x6d\x69\x73\x63\x75\x69\x74\x79\0\x61\
\x6c\x6c\x6d\x75\x6c\x74\x69\0\x75\x63\x5f\x70\x72\x6f\x6d\x69\x73\x63\0\x76\
\x6c\x61\x6e\x5f\x69\x6e\x66\x6f\0\x69\x70\x5f\x70\x74\x72\0\x69\x70\x36\x5f\
\x70\x74\x72\0\x69\x65\x65\x65\x38\x30\x32\x31\x31\x5f\x70\x74\x72\0\x69\x65\
\x65\x65\x38\x30\x32\x31\x35\x34\x5f\x70\x74\x72\0\x64\x65\x76\x5f\x61\x64\x64\
\x72\0\x5f\x72\x78\0\x6e\x75\x6d\x5f\x72\x78\x5f\x71\x75\x65\x75\x65\x73\0\x72\
\x65\x61\x6c\x5f\x6e\x75\x6d\x5f\x72\x78\x5f\x71\x75\x65\x75\x65\x73\0\x78\x64\
\x70\x5f\x70\x72\x6f\x67\0\x67\x72\x6f\x5f\x66\x6c\x75\x73\x68\x5f\x74\x69\x6d\
\x65\x6f\x75\x74\0\x6e\x61\x70\x69\x5f\x64\x65\x66\x65\x72\x5f\x68\x61\x72\x64\
\x5f\x69\x72\x71\x73\0\x72\x78\x5f\x68\x61\x6e\x64\x6c\x65\x72\0\x72\x78\x5f\
\x68\x61\x6e\x64\x6c\x65\x72\x5f\x64\x61\x74\x61\0\x6d\x69\x6e\x69\x71\x5f\x69\
\x6e\x67\x72\x65\x73\x73\0\x69\x6e\x67\x72\x65\x73\x73\x5f\x71\x75\x65\x75\x65\
\0\x6e\x66\x5f\x68\x6f\x6f\x6b\x73\x5f\x69\x6e\x67\x72\x65\x73\x73\0\x62\x72\
\x6f\x61\x64\x63\x61\x73\x74\0\x72\x78\x5f\x63\x70\x75\x5f\x72\x6d\x61\x70\0\
\x69\x6e\x64\x65\x78\x5f\x68\x6c\x69\x73\x74\0\x5f\x74\x78\0\x6e\x75\x6d\x5f\
\x74\x78\x5f\x71\x75\x65\x75\x65\x73\0\x72\x65\x61\x6c\x5f\x6e\x75\x6d\x5f\x74\
\x78\x5f\x71\x75\x65\x75\x65\x73\0\x71\x64\x69\x73\x63\0\x74\x78\x5f\x71\x75\
\x65\x75\x65\x5f\x6c\x65\x6e\0\x74\x78\x5f\x67\x6c\x6f\x62\x61\x6c\x5f\x6c\x6f\
\x63\x6b\0\x78\x64\x70\x5f\x62\x75\x6c\x6b\x71\0\x78\x70\x73\x5f\x6d\x61\x70\
\x73\0\x6d\x69\x6e\x69\x71\x5f\x65\x67\x72\x65\x73\x73\0\x71\x64\x69\x73\x63\
\x5f\x68\x61\x73\x68\0\x77\x61\x74\x63\x68\x64\x6f\x67\x5f\x74\x69\x6d\x65\x72\
\0\x77\x61\x74\x63\x68\x64\x6f\x67\x5f\x74\x69\x6d\x65\x6f\0\x70\x72\x6f\x74\
\x6f\x5f\x64\x6f\x77\x6e\x5f\x72\x65\x61\x73\x6f\x6e\0\x74\x6f\x64\x6f\x5f\x6c\
\x69\x73\x74\0\x70\x63\x70\x75\x5f\x72\x65\x66\x63\x6e\x74\0\x6c\x69\x6e\x6b\
\x5f\x77\x61\x74\x63\x68\x5f\x6c\x69\x73\x74\0\x72\x65\x67\x5f\x73\x74\x61\x74\
\x65\0\x64\x69\x73\x6d\x61\x6e\x74\x6c\x65\0\x72\x74\x6e\x6c\x5f\x6c\x69\x6e\
\x6b\x5f\x73\x74\x61\x74\x65\0\x6e\x65\x65\x64\x73\x5f\x66\x72\x65\x65\x5f\x6e\
\x65\x74\x64\x65\x76\0\x70\x72\x69\x76\x5f\x64\x65\x73\x74\x72\x75\x63\x74\x6f\
\x72\0\x6e\x64\x5f\x6e\x65\x74\0\x6d\x6c\x5f\x70\x72\x69\x76\0\x6d\x6c\x5f\x70\
\x72\x69\x76\x5f\x74\x79\x70\x65\0\x73\x79\x73\x66\x73\x5f\x67\x72\x6f\x75\x70\
\x73\0\x73\x79\x73\x66\x73\x5f\x72\x78\x5f\x71\x75\x65\x75\x65\x5f\x67\x72\x6f\
\x75\x70\0\x72\x74\x6e\x6c\x5f\x6c\x69\x6e\x6b\x5f\x6f\x70\x73\0\x67\x73\x6f\
\x5f\x6d\x61\x78\x5f\x73\x69\x7a\x65\0\x67\x73\x6f\x5f\x6d\x61\x78\x5f\x73\x65\
\x67\x73\0\x6e\x75\x6d\x5f\x74\x63\0\x74\x63\x5f\x74\x6f\x5f\x74\x78\x71\0\x70\
\x72\x69\x6f\x5f\x74\x63\x5f\x6d\x61\x70\0\x70\x68\x79\x64\x65\x76\0\x73\x66\
\x70\x5f\x62\x75\x73\0\x71\x64\x69\x73\x63\x5f\x74\x78\x5f\x62\x75\x73\x79\x6c\
\x6f\x63\x6b\0\x71\x64\x69\x73\x63\x5f\x72\x75\x6e\x6e\x69\x6e\x67\x5f\x6b\x65\
\x79\0\x70\x72\x6f\x74\x6f\x5f\x64\x6f\x77\x6e\0\x77\x6f\x6c\x5f\x65\x6e\x61\
\x62\x6c\x65\x64\0\x74\x68\x72\x65\x61\x64\x65\x64\0\x6e\x65\x74\x5f\x6e\x6f\
\x74\x69\x66\x69\x65\x72\x5f\x6c\x69\x73\x74\0\x75\x64\x70\x5f\x74\x75\x6e\x6e\
\x65\x6c\x5f\x6e\x69\x63\x5f\x69\x6e\x66\x6f\0\x75\x64\x70\x5f\x74\x75\x6e\x6e\
\x65\x6c\x5f\x6e\x69\x63\0\x78\x64\x70\x5f\x73\x74\x61\x74\x65\0\x75\x70\x70\
\x65\x72\0\x6c\x6f\x77\x65\x72\0\x6e\x65\x74\x64\x65\x76\x5f\x66\x65\x61\x74\
\x75\x72\x65\x73\x5f\x74\0\x6e\x65\x74\x5f\x64\x65\x76\x69\x63\x65\x5f\x73\x74\
\x61\x74\x73\0\x72\x78\x5f\x70\x61\x63\x6b\x65\x74\x73\0\x5f\x5f\x72\x78\x5f\
\x70\x61\x63\x6b\x65\x74\x73\0\x74\x78\x5f\x70\x61\x63\x6b\x65\x74\x73\0\x5f\
\x5f\x74\x78\x5f\x70\x61\x63\x6b\x65\x74\x73\0\x72\x78\x5f\x62\x79\x74\x65\x73\
\0\x5f\x5f\x72\x78\x5f\x62\x79\x74\x65\x73\0\x74\x78\x5f\x62\x79\x74\x65\x73\0\
\x5f\x5f\x74\x78\x5f\x62\x79\x74\x65\x73\0\x72\x78\x5f\x65\x72\x72\x6f\x72\x73\
\0\x5f\x5f\x72\x78\x5f\x65\x72\x72\x6f\x72\x73\0\x74\x78\x5f\x65\x72\x72\x6f\
\x72\x73\0\x5f\x5f\x74\x78\x5f\x65\x72\x72\x6f\x72\x73\0\x5f\x5f\x72\x78\x5f\
\x64\x72\x6f\x70\x70\x65\x64\0\x5f\x5f\x74\x78\x5f\x64\x72\x6f\x70\x70\x65\x64\
\0\x6d\x75\x6c\x74\x69\x63\x61\x73\x74\0\x5f\x5f\x6d\x75\x6c\x74\x69\x63\x61\
\x73\x74\0\x63\x6f\x6c\x6c\x69\x73\x69\x6f\x6e\x73\0\x5f\x5f\x63\x6f\x6c\x6c\
\x69\x73\x69\x6f\x6e\x73\0\x72\x78\x5f\x6c\x65\x6e\x67\x74\x68\x5f\x65\x72\x72\
\x6f\x72\x73\0\x5f\x5f\x72\x78\x5f\x6c\x65\x6e\x67\x74\x68\x5f\x65\x72\x72\x6f\
\x72\x73\0\x72\x78\x5f\x6f\x76\x65\x72\x5f\x65\x72\x72\x6f\x72\x73\0\x5f\x5f\
\x72\x78\x5f\x6f\x76\x65\x72\x5f\x65\x72\x72\x6f\x72\x73\0\x72\x78\x5f\x63\x72\
\x63\x5f\x65\x72\x72\x6f\x72\x73\0\x5f\x5f\x72\x78\x5f\x63\x72\x63\x5f\x65\x72\
\x72\x6f\x72\x73\0\x72\x78\x5f\x66\x72\x61\x6d\x65\x5f\x65\x72\x72\x6f\x72\x73\
\0\x5f\x5f\x72\x78\x5f\x66\x72\x61\x6d\x65\x5f\x65\x72\x72\x6f\x72\x73\0\x72\
\x78\x5f\x66\x69\x66\x6f\x5f\x65\x72\x72\x6f\x72\x73\0\x5f\x5f\x72\x78\x5f\x66\
\x69\x66\x6f\x5f\x65\x72\x72\x6f\x72\x73\0\x72\x78\x5f\x6d\x69\x73\x73\x65\x64\
\x5f\x65\x72\x72\x6f\x72\x73\0\x5f\x5f\x72\x78\x5f\x6d\x69\x73\x73\x65\x64\x5f\
\x65\x72\x72\x6f\x72\x73\0\x74\x78\x5f\x61\x62\x6f\x72\x74\x65\x64\x5f\x65\x72\
\x72\x6f\x72\x73\0\x5f\x5f\x74\x78\x5f\x61\x62\x6f\x72\x74\x65\x64\x5f\x65\x72\
\x72\x6f\x72\x73\0\x74\x78\x5f\x63\x61\x72\x72\x69\x65\x72\x5f\x65\x72\x72\x6f\
\x72\x73\0\x5f\x5f\x74\x78\x5f\x63\x61\x72\x72\x69\x65\x72\x5f\x65\x72\x72\x6f\
\x72\x73\0\x74\x78\x5f\x66\x69\x66\x6f\x5f\x65\x72\x72\x6f\x72\x73\0\x5f\x5f\
\x74\x78\x5f\x66\x69\x66\x6f\x5f\x65\x72\x72\x6f\x72\x73\0\x74\x78\x5f\x68\x65\
\x61\x72\x74\x62\x65\x61\x74\x5f\x65\x72\x72\x6f\x72\x73\0\x5f\x5f\x74\x78\x5f\
\x68\x65\x61\x72\x74\x62\x65\x61\x74\x5f\x65\x72\x72\x6f\x72\x73\0\x74\x78\x5f\
\x77\x69\x6e\x64\x6f\x77\x5f\x65\x72\x72\x6f\x72\x73\0\x5f\x5f\x74\x78\x5f\x77\
\x69\x6e\x64\x6f\x77\x5f\x65\x72\x72\x6f\x72\x73\0\x72\x78\x5f\x63\x6f\x6d\x70\
\x72\x65\x73\x73\x65\x64\0\x5f\x5f\x72\x78\x5f\x63\x6f\x6d\x70\x72\x65\x73\x73\
\x65\x64\0\x74\x78\x5f\x63\x6f\x6d\x70\x72\x65\x73\x73\x65\x64\0\x5f\x5f\x74\
\x78\x5f\x63\x6f\x6d\x70\x72\x65\x73\x73\x65\x64\0\x6e\x65\x74\x64\x65\x76\x5f\
\x68\x77\x5f\x61\x64\x64\x72\x5f\x6c\x69\x73\x74\0\x75\x65\x76\x65\x6e\x74\x5f\
\x6f\x70\x73\0\x72\x78\x5f\x68\x61\x6e\x64\x6c\x65\x72\x5f\x66\x75\x6e\x63\x5f\
\x74\0\x72\x78\x5f\x68\x61\x6e\x64\x6c\x65\x72\x5f\x72\x65\x73\x75\x6c\x74\x5f\
\x74\0\x72\x78\x5f\x68\x61\x6e\x64\x6c\x65\x72\x5f\x72\x65\x73\x75\x6c\x74\0\
\x52\x58\x5f\x48\x41\x4e\x44\x4c\x45\x52\x5f\x43\x4f\x4e\x53\x55\x4d\x45\x44\0\
\x52\x58\x5f\x48\x41\x4e\x44\x4c\x45\x52\x5f\x41\x4e\x4f\x54\x48\x45\x52\0\x52\
\x58\x5f\x48\x41\x4e\x44\x4c\x45\x52\x5f\x45\x58\x41\x43\x54\0\x52\x58\x5f\x48\
\x41\x4e\x44\x4c\x45\x52\x5f\x50\x41\x53\x53\0\x6e\x65\x74\x64\x65\x76\x5f\x71\
\x75\x65\x75\x65\0\x71\x64\x69\x73\x63\x5f\x73\x6c\x65\x65\x70\x69\x6e\x67\0\
\x74\x78\x5f\x6d\x61\x78\x72\x61\x74\x65\0\x74\x72\x61\x6e\x73\x5f\x74\x69\x6d\
\x65\x6f\x75\x74\0\x73\x62\x5f\x64\x65\x76\0\x5f\x78\x6d\x69\x74\x5f\x6c\x6f\
\x63\x6b\0\x78\x6d\x69\x74\x5f\x6c\x6f\x63\x6b\x5f\x6f\x77\x6e\x65\x72\0\x74\
\x72\x61\x6e\x73\x5f\x73\x74\x61\x72\x74\0\x64\x71\x6c\0\x51\x64\x69\x73\x63\0\
\x65\x6e\x71\x75\x65\x75\x65\0\x64\x65\x71\x75\x65\x75\x65\0\x6c\x69\x6d\x69\
\x74\0\x73\x74\x61\x62\0\x68\x61\x6e\x64\x6c\x65\0\x64\x65\x76\x5f\x71\x75\x65\
\x75\x65\0\x72\x61\x74\x65\x5f\x65\x73\x74\0\x63\x70\x75\x5f\x62\x73\x74\x61\
\x74\x73\0\x63\x70\x75\x5f\x71\x73\x74\x61\x74\x73\0\x70\x61\x64\0\x67\x73\x6f\
\x5f\x73\x6b\x62\0\x71\0\x62\x73\x74\x61\x74\x73\0\x72\x75\x6e\x6e\x69\x6e\x67\
\0\x71\x73\x74\x61\x74\x73\0\x6e\x65\x78\x74\x5f\x73\x63\x68\x65\x64\0\x73\x6b\
\x62\x5f\x62\x61\x64\x5f\x74\x78\x71\0\x62\x75\x73\x79\x6c\x6f\x63\x6b\0\x73\
\x65\x71\x6c\x6f\x63\x6b\0\x70\x72\x69\x76\x64\x61\x74\x61\0\x71\x64\x69\x73\
\x63\x5f\x73\x6b\x62\x5f\x68\x65\x61\x64\0\x67\x6e\x65\x74\x5f\x73\x74\x61\x74\
\x73\x5f\x62\x61\x73\x69\x63\x5f\x70\x61\x63\x6b\x65\x64\0\x67\x6e\x65\x74\x5f\
\x73\x74\x61\x74\x73\x5f\x71\x75\x65\x75\x65\0\x62\x61\x63\x6b\x6c\x6f\x67\0\
\x64\x72\x6f\x70\x73\0\x72\x65\x71\x75\x65\x75\x65\x73\0\x6f\x76\x65\x72\x6c\
\x69\x6d\x69\x74\x73\0\x6e\x75\x6d\x5f\x71\x75\x65\x75\x65\x64\0\x61\x64\x6a\
\x5f\x6c\x69\x6d\x69\x74\0\x6c\x61\x73\x74\x5f\x6f\x62\x6a\x5f\x63\x6e\x74\0\
\x6e\x75\x6d\x5f\x63\x6f\x6d\x70\x6c\x65\x74\x65\x64\0\x70\x72\x65\x76\x5f\x6f\
\x76\x6c\x69\x6d\x69\x74\0\x70\x72\x65\x76\x5f\x6e\x75\x6d\x5f\x71\x75\x65\x75\
\x65\x64\0\x70\x72\x65\x76\x5f\x6c\x61\x73\x74\x5f\x6f\x62\x6a\x5f\x63\x6e\x74\
\0\x6c\x6f\x77\x65\x73\x74\x5f\x73\x6c\x61\x63\x6b\0\x73\x6c\x61\x63\x6b\x5f\
\x73\x74\x61\x72\x74\x5f\x74\x69\x6d\x65\0\x6d\x61\x78\x5f\x6c\x69\x6d\x69\x74\
\0\x6d\x69\x6e\x5f\x6c\x69\x6d\x69\x74\0\x73\x6c\x61\x63\x6b\x5f\x68\x6f\x6c\
\x64\x5f\x74\x69\x6d\x65\0\x78\x70\x73\x5f\x64\x65\x76\x5f\x6d\x61\x70\x73\0\
\x6e\x72\x5f\x69\x64\x73\0\x61\x74\x74\x72\x5f\x6d\x61\x70\0\x73\x31\x36\0\x78\
\x70\x73\x5f\x6d\x61\x70\0\x61\x6c\x6c\x6f\x63\x5f\x6c\x65\x6e\0\x71\x75\x65\
\x75\x65\x73\0\x6d\x69\x6e\x69\x5f\x51\x64\x69\x73\x63\0\x66\x69\x6c\x74\x65\
\x72\x5f\x6c\x69\x73\x74\0\x67\x6e\x65\x74\x5f\x73\x74\x61\x74\x73\x5f\x62\x61\
\x73\x69\x63\x5f\x63\x70\x75\0\x73\x79\x6e\x63\x70\0\x75\x36\x34\x5f\x73\x74\
\x61\x74\x73\x5f\x73\x79\x6e\x63\0\x4e\x45\x54\x52\x45\x47\x5f\x55\x4e\x49\x4e\
\x49\x54\x49\x41\x4c\x49\x5a\x45\x44\0\x4e\x45\x54\x52\x45\x47\x5f\x52\x45\x47\
\x49\x53\x54\x45\x52\x45\x44\0\x4e\x45\x54\x52\x45\x47\x5f\x55\x4e\x52\x45\x47\
\x49\x53\x54\x45\x52\x49\x4e\x47\0\x4e\x45\x54\x52\x45\x47\x5f\x55\x4e\x52\x45\
\x47\x49\x53\x54\x45\x52\x45\x44\0\x4e\x45\x54\x52\x45\x47\x5f\x52\x45\x4c\x45\
\x41\x53\x45\x44\0\x4e\x45\x54\x52\x45\x47\x5f\x44\x55\x4d\x4d\x59\0\x52\x54\
\x4e\x4c\x5f\x4c\x49\x4e\x4b\x5f\x49\x4e\x49\x54\x49\x41\x4c\x49\x5a\x45\x44\0\
\x52\x54\x4e\x4c\x5f\x4c\x49\x4e\x4b\x5f\x49\x4e\x49\x54\x49\x41\x4c\x49\x5a\
\x49\x4e\x47\0\x6e\x65\x74\x64\x65\x76\x5f\x6d\x6c\x5f\x70\x72\x69\x76\x5f\x74\
\x79\x70\x65\0\x4d\x4c\x5f\x50\x52\x49\x56\x5f\x4e\x4f\x4e\x45\0\x4d\x4c\x5f\
\x50\x52\x49\x56\x5f\x43\x41\x4e\0\x6c\x73\x74\x61\x74\x73\0\x74\x73\x74\x61\
\x74\x73\0\x64\x73\x74\x61\x74\x73\0\x70\x63\x70\x75\x5f\x64\x73\x74\x61\x74\
\x73\0\x6e\x65\x74\x64\x65\x76\x5f\x74\x63\x5f\x74\x78\x71\0\x62\x70\x66\x5f\
\x78\x64\x70\x5f\x65\x6e\x74\x69\x74\x79\0\x73\x6b\x5f\x73\x65\x6e\x64\x5f\x68\
\x65\x61\x64\0\x74\x63\x70\x5f\x72\x74\x78\x5f\x71\x75\x65\x75\x65\0\x63\x6c\
\x6f\x73\x65\0\x70\x72\x65\x5f\x63\x6f\x6e\x6e\x65\x63\x74\0\x63\x6f\x6e\x6e\
\x65\x63\x74\0\x64\x69\x73\x63\x6f\x6e\x6e\x65\x63\x74\0\x61\x63\x63\x65\x70\
\x74\0\x69\x6f\x63\x74\x6c\0\x73\x68\x75\x74\x64\x6f\x77\x6e\0\x73\x65\x74\x73\
\x6f\x63\x6b\x6f\x70\x74\0\x67\x65\x74\x73\x6f\x63\x6b\x6f\x70\x74\0\x6b\x65\
\x65\x70\x61\x6c\x69\x76\x65\0\x73\x65\x6e\x64\x6d\x73\x67\0\x72\x65\x63\x76\
\x6d\x73\x67\0\x62\x69\x6e\x64\0\x62\x69\x6e\x64\x5f\x61\x64\x64\0\x62\x61\x63\
\x6b\x6c\x6f\x67\x5f\x72\x63\x76\0\x62\x70\x66\x5f\x62\x79\x70\x61\x73\x73\x5f\
\x67\x65\x74\x73\x6f\x63\x6b\x6f\x70\x74\0\x72\x65\x6c\x65\x61\x73\x65\x5f\x63\
\x62\0\x75\x6e\x68\x61\x73\x68\0\x72\x65\x68\x61\x73\x68\0\x67\x65\x74\x5f\x70\
\x6f\x72\x74\0\x70\x73\x6f\x63\x6b\x5f\x75\x70\x64\x61\x74\x65\x5f\x73\x6b\x5f\
\x70\x72\x6f\x74\0\x69\x6e\x75\x73\x65\x5f\x69\x64\x78\0\x73\x74\x72\x65\x61\
\x6d\x5f\x6d\x65\x6d\x6f\x72\x79\x5f\x66\x72\x65\x65\0\x73\x6f\x63\x6b\x5f\x69\
\x73\x5f\x72\x65\x61\x64\x61\x62\x6c\x65\0\x65\x6e\x74\x65\x72\x5f\x6d\x65\x6d\
\x6f\x72\x79\x5f\x70\x72\x65\x73\x73\x75\x72\x65\0\x6c\x65\x61\x76\x65\x5f\x6d\
\x65\x6d\x6f\x72\x79\x5f\x70\x72\x65\x73\x73\x75\x72\x65\0\x6d\x65\x6d\x6f\x72\
\x79\x5f\x61\x6c\x6c\x6f\x63\x61\x74\x65\x64\0\x73\x6f\x63\x6b\x65\x74\x73\x5f\
\x61\x6c\x6c\x6f\x63\x61\x74\x65\x64\0\x6d\x65\x6d\x6f\x72\x79\x5f\x70\x72\x65\
\x73\x73\x75\x72\x65\0\x73\x79\x73\x63\x74\x6c\x5f\x6d\x65\x6d\0\x73\x79\x73\
\x63\x74\x6c\x5f\x77\x6d\x65\x6d\0\x73\x79\x73\x63\x74\x6c\x5f\x72\x6d\x65\x6d\
\0\x73\x79\x73\x63\x74\x6c\x5f\x77\x6d\x65\x6d\x5f\x6f\x66\x66\x73\x65\x74\0\
\x73\x79\x73\x63\x74\x6c\x5f\x72\x6d\x65\x6d\x5f\x6f\x66\x66\x73\x65\x74\0\x6d\
\x61\x78\x5f\x68\x65\x61\x64\x65\x72\0\x6e\x6f\x5f\x61\x75\x74\x6f\x62\x69\x6e\
\x64\0\x73\x6c\x61\x62\0\x6f\x62\x6a\x5f\x73\x69\x7a\x65\0\x73\x6c\x61\x62\x5f\
\x66\x6c\x61\x67\x73\0\x6f\x72\x70\x68\x61\x6e\x5f\x63\x6f\x75\x6e\x74\0\x72\
\x73\x6b\x5f\x70\x72\x6f\x74\0\x74\x77\x73\x6b\x5f\x70\x72\x6f\x74\0\x68\0\x64\
\x69\x61\x67\x5f\x64\x65\x73\x74\x72\x6f\x79\0\x73\x6f\x63\x6b\x61\x64\x64\x72\
\0\x73\x61\x5f\x66\x61\x6d\x69\x6c\x79\0\x73\x61\x5f\x64\x61\x74\x61\0\x73\x61\
\x5f\x66\x61\x6d\x69\x6c\x79\x5f\x74\0\x5f\x5f\x6b\x65\x72\x6e\x65\x6c\x5f\x73\
\x61\x5f\x66\x61\x6d\x69\x6c\x79\x5f\x74\0\x73\x6f\x63\x6b\x70\x74\x72\x5f\x74\
\0\x69\x73\x5f\x6b\x65\x72\x6e\x65\x6c\0\x6b\x65\x72\x6e\x65\x6c\0\x6d\x73\x67\
\x68\x64\x72\0\x6d\x73\x67\x5f\x6e\x61\x6d\x65\0\x6d\x73\x67\x5f\x6e\x61\x6d\
\x65\x6c\x65\x6e\0\x6d\x73\x67\x5f\x69\x74\x65\x72\0\x6d\x73\x67\x5f\x63\x6f\
\x6e\x74\x72\x6f\x6c\x5f\x69\x73\x5f\x75\x73\x65\x72\0\x6d\x73\x67\x5f\x63\x6f\
\x6e\x74\x72\x6f\x6c\x6c\x65\x6e\0\x6d\x73\x67\x5f\x66\x6c\x61\x67\x73\0\x6d\
\x73\x67\x5f\x69\x6f\x63\x62\0\x6d\x73\x67\x5f\x63\x6f\x6e\x74\x72\x6f\x6c\0\
\x6d\x73\x67\x5f\x63\x6f\x6e\x74\x72\x6f\x6c\x5f\x75\x73\x65\x72\0\x73\x6b\x5f\
\x70\x73\x6f\x63\x6b\0\x73\x6b\x5f\x72\x65\x64\x69\x72\0\x61\x70\x70\x6c\x79\
\x5f\x62\x79\x74\x65\x73\0\x63\x6f\x72\x6b\x5f\x62\x79\x74\x65\x73\0\x65\x76\
\x61\x6c\0\x72\x65\x64\x69\x72\x5f\x69\x6e\x67\x72\x65\x73\x73\0\x63\x6f\x72\
\x6b\0\x69\x6e\x67\x72\x65\x73\x73\x5f\x73\x6b\x62\0\x69\x6e\x67\x72\x65\x73\
\x73\x5f\x6d\x73\x67\0\x69\x6e\x67\x72\x65\x73\x73\x5f\x6c\x6f\x63\x6b\0\x6c\
\x69\x6e\x6b\x5f\x6c\x6f\x63\x6b\0\x73\x61\x76\x65\x64\x5f\x75\x6e\x68\x61\x73\
\x68\0\x73\x61\x76\x65\x64\x5f\x64\x65\x73\x74\x72\x6f\x79\0\x73\x61\x76\x65\
\x64\x5f\x63\x6c\x6f\x73\x65\0\x73\x61\x76\x65\x64\x5f\x77\x72\x69\x74\x65\x5f\
\x73\x70\x61\x63\x65\0\x73\x61\x76\x65\x64\x5f\x64\x61\x74\x61\x5f\x72\x65\x61\
\x64\x79\0\x73\x6b\x5f\x70\x72\x6f\x74\x6f\0\x77\x6f\x72\x6b\x5f\x6d\x75\x74\
\x65\x78\0\x77\x6f\x72\x6b\x5f\x73\x74\x61\x74\x65\0\x72\x77\x6f\x72\x6b\0\x73\
\x6b\x5f\x70\x73\x6f\x63\x6b\x5f\x70\x72\x6f\x67\x73\0\x6d\x73\x67\x5f\x70\x61\
\x72\x73\x65\x72\0\x73\x74\x72\x65\x61\x6d\x5f\x70\x61\x72\x73\x65\x72\0\x73\
\x74\x72\x65\x61\x6d\x5f\x76\x65\x72\x64\x69\x63\x74\0\x73\x6b\x62\x5f\x76\x65\
\x72\x64\x69\x63\x74\0\x73\x6b\x5f\x70\x73\x6f\x63\x6b\x5f\x77\x6f\x72\x6b\x5f\
\x73\x74\x61\x74\x65\0\x73\x6b\x62\0\x68\x61\x73\x68\x69\x6e\x66\x6f\0\x75\x64\
\x70\x5f\x74\x61\x62\x6c\x65\0\x72\x61\x77\x5f\x68\x61\x73\x68\0\x73\x6d\x63\
\x5f\x68\x61\x73\x68\0\x73\x6d\x63\x5f\x68\x61\x73\x68\x69\x6e\x66\x6f\0\x73\
\x6f\x63\x6b\x5f\x63\x67\x72\x6f\x75\x70\x5f\x64\x61\x74\x61\0\x63\x6c\x61\x73\
\x73\x69\x64\0\x62\x70\x66\x5f\x6c\x6f\x63\x61\x6c\x5f\x73\x74\x6f\x72\x61\x67\
\x65\0\x63\x61\x63\x68\x65\0\x62\x70\x66\x5f\x6c\x6f\x63\x61\x6c\x5f\x73\x74\
\x6f\x72\x61\x67\x65\x5f\x64\x61\x74\x61\0\x73\x6d\x61\x70\0\x72\x61\x77\x5f\
\x6e\x6f\x74\x69\x66\x69\x65\x72\x5f\x68\x65\x61\x64\0\x6e\x65\x74\x6e\x73\x5f\
\x63\x6f\x72\x65\0\x73\x79\x73\x63\x74\x6c\x5f\x68\x64\x72\0\x73\x79\x73\x63\
\x74\x6c\x5f\x73\x6f\x6d\x61\x78\x63\x6f\x6e\x6e\0\x73\x79\x73\x63\x74\x6c\x5f\
\x61\x6e\x64\x72\x6f\x69\x64\x5f\x70\x61\x72\x61\x6e\x6f\x69\x64\0\x73\x6f\x63\
\x6b\x5f\x69\x6e\x75\x73\x65\0\x70\x72\x6f\x74\x5f\x69\x6e\x75\x73\x65\0\x6e\
\x65\x74\x6e\x73\x5f\x6d\x69\x62\0\x69\x70\x5f\x73\x74\x61\x74\x69\x73\x74\x69\
\x63\x73\0\x69\x70\x76\x36\x5f\x73\x74\x61\x74\x69\x73\x74\x69\x63\x73\0\x74\
\x63\x70\x5f\x73\x74\x61\x74\x69\x73\x74\x69\x63\x73\0\x6e\x65\x74\x5f\x73\x74\
\x61\x74\x69\x73\x74\x69\x63\x73\0\x75\x64\x70\x5f\x73\x74\x61\x74\x69\x73\x74\
\x69\x63\x73\0\x75\x64\x70\x5f\x73\x74\x61\x74\x73\x5f\x69\x6e\x36\0\x75\x64\
\x70\x6c\x69\x74\x65\x5f\x73\x74\x61\x74\x69\x73\x74\x69\x63\x73\0\x75\x64\x70\
\x6c\x69\x74\x65\x5f\x73\x74\x61\x74\x73\x5f\x69\x6e\x36\0\x69\x63\x6d\x70\x5f\
\x73\x74\x61\x74\x69\x73\x74\x69\x63\x73\0\x69\x63\x6d\x70\x6d\x73\x67\x5f\x73\
\x74\x61\x74\x69\x73\x74\x69\x63\x73\0\x69\x63\x6d\x70\x76\x36\x5f\x73\x74\x61\
\x74\x69\x73\x74\x69\x63\x73\0\x69\x63\x6d\x70\x76\x36\x6d\x73\x67\x5f\x73\x74\
\x61\x74\x69\x73\x74\x69\x63\x73\0\x70\x72\x6f\x63\x5f\x6e\x65\x74\x5f\x64\x65\
\x76\x73\x6e\x6d\x70\x36\0\x69\x70\x73\x74\x61\x74\x73\x5f\x6d\x69\x62\0\x6d\
\x69\x62\x73\0\x75\x64\x70\x5f\x6d\x69\x62\0\x6e\x65\x74\x6e\x73\x5f\x70\x61\
\x63\x6b\x65\x74\0\x73\x6b\x6c\x69\x73\x74\x5f\x6c\x6f\x63\x6b\0\x73\x6b\x6c\
\x69\x73\x74\0\x6e\x65\x74\x6e\x73\x5f\x75\x6e\x69\x78\0\x73\x79\x73\x63\x74\
\x6c\x5f\x6d\x61\x78\x5f\x64\x67\x72\x61\x6d\x5f\x71\x6c\x65\x6e\0\x63\x74\x6c\
\0\x6e\x65\x74\x6e\x73\x5f\x6e\x65\x78\x74\x68\x6f\x70\0\x64\x65\x76\x68\x61\
\x73\x68\0\x6c\x61\x73\x74\x5f\x69\x64\x5f\x61\x6c\x6c\x6f\x63\x61\x74\x65\x64\
\0\x6e\x6f\x74\x69\x66\x69\x65\x72\x5f\x63\x68\x61\x69\x6e\0\x62\x6c\x6f\x63\
\x6b\x69\x6e\x67\x5f\x6e\x6f\x74\x69\x66\x69\x65\x72\x5f\x68\x65\x61\x64\0\x6e\
\x65\x74\x6e\x73\x5f\x69\x70\x76\x34\0\x74\x63\x70\x5f\x64\x65\x61\x74\x68\x5f\
\x72\x6f\x77\0\x66\x6f\x72\x77\x5f\x68\x64\x72\0\x66\x72\x61\x67\x73\x5f\x68\
\x64\x72\0\x69\x70\x76\x34\x5f\x68\x64\x72\0\x72\x6f\x75\x74\x65\x5f\x68\x64\
\x72\0\x78\x66\x72\x6d\x34\x5f\x68\x64\x72\0\x64\x65\x76\x63\x6f\x6e\x66\x5f\
\x61\x6c\x6c\0\x64\x65\x76\x63\x6f\x6e\x66\x5f\x64\x66\x6c\x74\0\x72\x61\x5f\
\x63\x68\x61\x69\x6e\0\x72\x61\x5f\x6d\x75\x74\x65\x78\0\x66\x69\x62\x5f\x6d\
\x61\x69\x6e\0\x66\x69\x62\x5f\x64\x65\x66\x61\x75\x6c\x74\0\x66\x69\x62\x5f\
\x72\x75\x6c\x65\x73\x5f\x72\x65\x71\x75\x69\x72\x65\x5f\x66\x6c\x64\x69\x73\
\x73\x65\x63\x74\0\x66\x69\x62\x5f\x68\x61\x73\x5f\x63\x75\x73\x74\x6f\x6d\x5f\
\x72\x75\x6c\x65\x73\0\x66\x69\x62\x5f\x68\x61\x73\x5f\x63\x75\x73\x74\x6f\x6d\
\x5f\x6c\x6f\x63\x61\x6c\x5f\x72\x6f\x75\x74\x65\x73\0\x66\x69\x62\x5f\x6f\x66\
\x66\x6c\x6f\x61\x64\x5f\x64\x69\x73\x61\x62\x6c\x65\x64\0\x66\x69\x62\x5f\x74\
\x61\x62\x6c\x65\x5f\x68\x61\x73\x68\0\x66\x69\x62\x6e\x6c\0\x69\x63\x6d\x70\
\x5f\x73\x6b\0\x6d\x63\x5f\x61\x75\x74\x6f\x6a\x6f\x69\x6e\x5f\x73\x6b\0\x70\
\x65\x65\x72\x73\0\x66\x71\x64\x69\x72\0\x73\x79\x73\x63\x74\x6c\x5f\x69\x63\
\x6d\x70\x5f\x65\x63\x68\x6f\x5f\x69\x67\x6e\x6f\x72\x65\x5f\x61\x6c\x6c\0\x73\
\x79\x73\x63\x74\x6c\x5f\x69\x63\x6d\x70\x5f\x65\x63\x68\x6f\x5f\x65\x6e\x61\
\x62\x6c\x65\x5f\x70\x72\x6f\x62\x65\0\x73\x79\x73\x63\x74\x6c\x5f\x69\x63\x6d\
\x70\x5f\x65\x63\x68\x6f\x5f\x69\x67\x6e\x6f\x72\x65\x5f\x62\x72\x6f\x61\x64\
\x63\x61\x73\x74\x73\0\x73\x79\x73\x63\x74\x6c\x5f\x69\x63\x6d\x70\x5f\x69\x67\
\x6e\x6f\x72\x65\x5f\x62\x6f\x67\x75\x73\x5f\x65\x72\x72\x6f\x72\x5f\x72\x65\
\x73\x70\x6f\x6e\x73\x65\x73\0\x73\x79\x73\x63\x74\x6c\x5f\x69\x63\x6d\x70\x5f\
\x65\x72\x72\x6f\x72\x73\x5f\x75\x73\x65\x5f\x69\x6e\x62\x6f\x75\x6e\x64\x5f\
\x69\x66\x61\x64\x64\x72\0\x73\x79\x73\x63\x74\x6c\x5f\x69\x63\x6d\x70\x5f\x72\
\x61\x74\x65\x6c\x69\x6d\x69\x74\0\x73\x79\x73\x63\x74\x6c\x5f\x69\x63\x6d\x70\
\x5f\x72\x61\x74\x65\x6d\x61\x73\x6b\0\x69\x70\x5f\x6c\x6f\x63\x61\x6c\x5f\x70\
\x6f\x72\x74\x73\0\x73\x79\x73\x63\x74\x6c\x5f\x74\x63\x70\x5f\x65\x63\x6e\0\
\x73\x79\x73\x63\x74\x6c\x5f\x74\x63\x70\x5f\x65\x63\x6e\x5f\x66\x61\x6c\x6c\
\x62\x61\x63\x6b\0\x73\x79\x73\x63\x74\x6c\x5f\x69\x70\x5f\x64\x65\x66\x61\x75\
\x6c\x74\x5f\x74\x74\x6c\0\x73\x79\x73\x63\x74\x6c\x5f\x69\x70\x5f\x6e\x6f\x5f\
\x70\x6d\x74\x75\x5f\x64\x69\x73\x63\0\x73\x79\x73\x63\x74\x6c\x5f\x69\x70\x5f\
\x66\x77\x64\x5f\x75\x73\x65\x5f\x70\x6d\x74\x75\0\x73\x79\x73\x63\x74\x6c\x5f\
\x69\x70\x5f\x66\x77\x64\x5f\x75\x70\x64\x61\x74\x65\x5f\x70\x72\x69\x6f\x72\
\x69\x74\x79\0\x73\x79\x73\x63\x74\x6c\x5f\x69\x70\x5f\x6e\x6f\x6e\x6c\x6f\x63\
\x61\x6c\x5f\x62\x69\x6e\x64\0\x73\x79\x73\x63\x74\x6c\x5f\x69\x70\x5f\x61\x75\
\x74\x6f\x62\x69\x6e\x64\x5f\x72\x65\x75\x73\x65\0\x73\x79\x73\x63\x74\x6c\x5f\
\x69\x70\x5f\x64\x79\x6e\x61\x64\x64\x72\0\x73\x79\x73\x63\x74\x6c\x5f\x69\x70\
\x5f\x65\x61\x72\x6c\x79\x5f\x64\x65\x6d\x75\x78\0\x73\x79\x73\x63\x74\x6c\x5f\
\x74\x63\x70\x5f\x65\x61\x72\x6c\x79\x5f\x64\x65\x6d\x75\x78\0\x73\x79\x73\x63\
\x74\x6c\x5f\x75\x64\x70\x5f\x65\x61\x72\x6c\x79\x5f\x64\x65\x6d\x75\x78\0\x73\
\x79\x73\x63\x74\x6c\x5f\x6e\x65\x78\x74\x68\x6f\x70\x5f\x63\x6f\x6d\x70\x61\
\x74\x5f\x6d\x6f\x64\x65\0\x73\x79\x73\x63\x74\x6c\x5f\x66\x77\x6d\x61\x72\x6b\
\x5f\x72\x65\x66\x6c\x65\x63\x74\0\x73\x79\x73\x63\x74\x6c\x5f\x74\x63\x70\x5f\
\x66\x77\x6d\x61\x72\x6b\x5f\x61\x63\x63\x65\x70\x74\0\x73\x79\x73\x63\x74\x6c\
\x5f\x74\x63\x70\x5f\x64\x65\x66\x61\x75\x6c\x74\x5f\x69\x6e\x69\x74\x5f\x72\
\x77\x6e\x64\0\x73\x79\x73\x63\x74\x6c\x5f\x74\x63\x70\x5f\x6d\x74\x75\x5f\x70\
\x72\x6f\x62\x69\x6e\x67\0\x73\x79\x73\x63\x74\x6c\x5f\x74\x63\x70\x5f\x6d\x74\
\x75\x5f\x70\x72\x6f\x62\x65\x5f\x66\x6c\x6f\x6f\x72\0\x73\x79\x73\x63\x74\x6c\
\x5f\x74\x63\x70\x5f\x62\x61\x73\x65\x5f\x6d\x73\x73\0\x73\x79\x73\x63\x74\x6c\
\x5f\x74\x63\x70\x5f\x6d\x69\x6e\x5f\x73\x6e\x64\x5f\x6d\x73\x73\0\x73\x79\x73\
\x63\x74\x6c\x5f\x74\x63\x70\x5f\x70\x72\x6f\x62\x65\x5f\x74\x68\x72\x65\x73\
\x68\x6f\x6c\x64\0\x73\x79\x73\x63\x74\x6c\x5f\x74\x63\x70\x5f\x70\x72\x6f\x62\
\x65\x5f\x69\x6e\x74\x65\x72\x76\x61\x6c\0\x73\x79\x73\x63\x74\x6c\x5f\x74\x63\
\x70\x5f\x6b\x65\x65\x70\x61\x6c\x69\x76\x65\x5f\x74\x69\x6d\x65\0\x73\x79\x73\
\x63\x74\x6c\x5f\x74\x63\x70\x5f\x6b\x65\x65\x70\x61\x6c\x69\x76\x65\x5f\x69\
\x6e\x74\x76\x6c\0\x73\x79\x73\x63\x74\x6c\x5f\x74\x63\x70\x5f\x6b\x65\x65\x70\
\x61\x6c\x69\x76\x65\x5f\x70\x72\x6f\x62\x65\x73\0\x73\x79\x73\x63\x74\x6c\x5f\
\x74\x63\x70\x5f\x73\x79\x6e\x5f\x72\x65\x74\x72\x69\x65\x73\0\x73\x79\x73\x63\
\x74\x6c\x5f\x74\x63\x70\x5f\x73\x79\x6e\x61\x63\x6b\x5f\x72\x65\x74\x72\x69\
\x65\x73\0\x73\x79\x73\x63\x74\x6c\x5f\x74\x63\x70\x5f\x73\x79\x6e\x63\x6f\x6f\
\x6b\x69\x65\x73\0\x73\x79\x73\x63\x74\x6c\x5f\x74\x63\x70\x5f\x6d\x69\x67\x72\
\x61\x74\x65\x5f\x72\x65\x71\0\x73\x79\x73\x63\x74\x6c\x5f\x74\x63\x70\x5f\x72\
\x65\x6f\x72\x64\x65\x72\x69\x6e\x67\0\x73\x79\x73\x63\x74\x6c\x5f\x74\x63\x70\
\x5f\x72\x65\x74\x72\x69\x65\x73\x31\0\x73\x79\x73\x63\x74\x6c\x5f\x74\x63\x70\
\x5f\x72\x65\x74\x72\x69\x65\x73\x32\0\x73\x79\x73\x63\x74\x6c\x5f\x74\x63\x70\
\x5f\x6f\x72\x70\x68\x61\x6e\x5f\x72\x65\x74\x72\x69\x65\x73\0\x73\x79\x73\x63\
\x74\x6c\x5f\x74\x63\x70\x5f\x74\x77\x5f\x72\x65\x75\x73\x65\0\x73\x79\x73\x63\
\x74\x6c\x5f\x74\x63\x70\x5f\x66\x69\x6e\x5f\x74\x69\x6d\x65\x6f\x75\x74\0\x73\
\x79\x73\x63\x74\x6c\x5f\x74\x63\x70\x5f\x6e\x6f\x74\x73\x65\x6e\x74\x5f\x6c\
\x6f\x77\x61\x74\0\x73\x79\x73\x63\x74\x6c\x5f\x74\x63\x70\x5f\x73\x61\x63\x6b\
\0\x73\x79\x73\x63\x74\x6c\x5f\x74\x63\x70\x5f\x77\x69\x6e\x64\x6f\x77\x5f\x73\
\x63\x61\x6c\x69\x6e\x67\0\x73\x79\x73\x63\x74\x6c\x5f\x74\x63\x70\x5f\x74\x69\
\x6d\x65\x73\x74\x61\x6d\x70\x73\0\x73\x79\x73\x63\x74\x6c\x5f\x74\x63\x70\x5f\
\x65\x61\x72\x6c\x79\x5f\x72\x65\x74\x72\x61\x6e\x73\0\x73\x79\x73\x63\x74\x6c\
\x5f\x74\x63\x70\x5f\x72\x65\x63\x6f\x76\x65\x72\x79\0\x73\x79\x73\x63\x74\x6c\
\x5f\x74\x63\x70\x5f\x74\x68\x69\x6e\x5f\x6c\x69\x6e\x65\x61\x72\x5f\x74\x69\
\x6d\x65\x6f\x75\x74\x73\0\x73\x79\x73\x63\x74\x6c\x5f\x74\x63\x70\x5f\x73\x6c\
\x6f\x77\x5f\x73\x74\x61\x72\x74\x5f\x61\x66\x74\x65\x72\x5f\x69\x64\x6c\x65\0\
\x73\x79\x73\x63\x74\x6c\x5f\x74\x63\x70\x5f\x72\x65\x74\x72\x61\x6e\x73\x5f\
\x63\x6f\x6c\x6c\x61\x70\x73\x65\0\x73\x79\x73\x63\x74\x6c\x5f\x74\x63\x70\x5f\
\x73\x74\x64\x75\x72\x67\0\x73\x79\x73\x63\x74\x6c\x5f\x74\x63\x70\x5f\x72\x66\
\x63\x31\x33\x33\x37\0\x73\x79\x73\x63\x74\x6c\x5f\x74\x63\x70\x5f\x61\x62\x6f\
\x72\x74\x5f\x6f\x6e\x5f\x6f\x76\x65\x72\x66\x6c\x6f\x77\0\x73\x79\x73\x63\x74\
\x6c\x5f\x74\x63\x70\x5f\x66\x61\x63\x6b\0\x73\x79\x73\x63\x74\x6c\x5f\x74\x63\
\x70\x5f\x6d\x61\x78\x5f\x72\x65\x6f\x72\x64\x65\x72\x69\x6e\x67\0\x73\x79\x73\
\x63\x74\x6c\x5f\x74\x63\x70\x5f\x61\x64\x76\x5f\x77\x69\x6e\x5f\x73\x63\x61\
\x6c\x65\0\x73\x79\x73\x63\x74\x6c\x5f\x74\x63\x70\x5f\x64\x73\x61\x63\x6b\0\
\x73\x79\x73\x63\x74\x6c\x5f\x74\x63\x70\x5f\x61\x70\x70\x5f\x77\x69\x6e\0\x73\
\x79\x73\x63\x74\x6c\x5f\x74\x63\x70\x5f\x66\x72\x74\x6f\0\x73\x79\x73\x63\x74\
\x6c\x5f\x74\x63\x70\x5f\x6e\x6f\x6d\x65\x74\x72\x69\x63\x73\x5f\x73\x61\x76\
\x65\0\x73\x79\x73\x63\x74\x6c\x5f\x74\x63\x70\x5f\x6e\x6f\x5f\x73\x73\x74\x68\
\x72\x65\x73\x68\x5f\x6d\x65\x74\x72\x69\x63\x73\x5f\x73\x61\x76\x65\0\x73\x79\
\x73\x63\x74\x6c\x5f\x74\x63\x70\x5f\x6d\x6f\x64\x65\x72\x61\x74\x65\x5f\x72\
\x63\x76\x62\x75\x66\0\x73\x79\x73\x63\x74\x6c\x5f\x74\x63\x70\x5f\x74\x73\x6f\
\x5f\x77\x69\x6e\x5f\x64\x69\x76\x69\x73\x6f\x72\0\x73\x79\x73\x63\x74\x6c\x5f\
\x74\x63\x70\x5f\x77\x6f\x72\x6b\x61\x72\x6f\x75\x6e\x64\x5f\x73\x69\x67\x6e\
\x65\x64\x5f\x77\x69\x6e\x64\x6f\x77\x73\0\x73\x79\x73\x63\x74\x6c\x5f\x74\x63\
\x70\x5f\x6c\x69\x6d\x69\x74\x5f\x6f\x75\x74\x70\x75\x74\x5f\x62\x79\x74\x65\
\x73\0\x73\x79\x73\x63\x74\x6c\x5f\x74\x63\x70\x5f\x63\x68\x61\x6c\x6c\x65\x6e\
\x67\x65\x5f\x61\x63\x6b\x5f\x6c\x69\x6d\x69\x74\0\x73\x79\x73\x63\x74\x6c\x5f\
\x74\x63\x70\x5f\x6d\x69\x6e\x5f\x72\x74\x74\x5f\x77\x6c\x65\x6e\0\x73\x79\x73\
\x63\x74\x6c\x5f\x74\x63\x70\x5f\x6d\x69\x6e\x5f\x74\x73\x6f\x5f\x73\x65\x67\
\x73\0\x73\x79\x73\x63\x74\x6c\x5f\x74\x63\x70\x5f\x61\x75\x74\x6f\x63\x6f\x72\
\x6b\x69\x6e\x67\0\x73\x79\x73\x63\x74\x6c\x5f\x74\x63\x70\x5f\x72\x65\x66\x6c\
\x65\x63\x74\x5f\x74\x6f\x73\0\x73\x79\x73\x63\x74\x6c\x5f\x74\x63\x70\x5f\x63\
\x6f\x6d\x70\x5f\x73\x61\x63\x6b\x5f\x6e\x72\0\x73\x79\x73\x63\x74\x6c\x5f\x74\
\x63\x70\x5f\x69\x6e\x76\x61\x6c\x69\x64\x5f\x72\x61\x74\x65\x6c\x69\x6d\x69\
\x74\0\x73\x79\x73\x63\x74\x6c\x5f\x74\x63\x70\x5f\x70\x61\x63\x69\x6e\x67\x5f\
\x73\x73\x5f\x72\x61\x74\x69\x6f\0\x73\x79\x73\x63\x74\x6c\x5f\x74\x63\x70\x5f\
\x70\x61\x63\x69\x6e\x67\x5f\x63\x61\x5f\x72\x61\x74\x69\x6f\0\x73\x79\x73\x63\
\x74\x6c\x5f\x74\x63\x70\x5f\x77\x6d\x65\x6d\0\x73\x79\x73\x63\x74\x6c\x5f\x74\
\x63\x70\x5f\x72\x6d\x65\x6d\0\x73\x79\x73\x63\x74\x6c\x5f\x74\x63\x70\x5f\x63\
\x6f\x6d\x70\x5f\x73\x61\x63\x6b\x5f\x64\x65\x6c\x61\x79\x5f\x6e\x73\0\x73\x79\
\x73\x63\x74\x6c\x5f\x74\x63\x70\x5f\x63\x6f\x6d\x70\x5f\x73\x61\x63\x6b\x5f\
\x73\x6c\x61\x63\x6b\x5f\x6e\x73\0\x73\x79\x73\x63\x74\x6c\x5f\x6d\x61\x78\x5f\
\x73\x79\x6e\x5f\x62\x61\x63\x6b\x6c\x6f\x67\0\x73\x79\x73\x63\x74\x6c\x5f\x74\
\x63\x70\x5f\x66\x61\x73\x74\x6f\x70\x65\x6e\0\x74\x63\x70\x5f\x63\x6f\x6e\x67\
\x65\x73\x74\x69\x6f\x6e\x5f\x63\x6f\x6e\x74\x72\x6f\x6c\0\x74\x63\x70\x5f\x66\
\x61\x73\x74\x6f\x70\x65\x6e\x5f\x63\x74\x78\0\x73\x79\x73\x63\x74\x6c\x5f\x74\
\x63\x70\x5f\x66\x61\x73\x74\x6f\x70\x65\x6e\x5f\x62\x6c\x61\x63\x6b\x68\x6f\
\x6c\x65\x5f\x74\x69\x6d\x65\x6f\x75\x74\0\x74\x66\x6f\x5f\x61\x63\x74\x69\x76\
\x65\x5f\x64\x69\x73\x61\x62\x6c\x65\x5f\x74\x69\x6d\x65\x73\0\x74\x66\x6f\x5f\
\x61\x63\x74\x69\x76\x65\x5f\x64\x69\x73\x61\x62\x6c\x65\x5f\x73\x74\x61\x6d\
\x70\0\x73\x79\x73\x63\x74\x6c\x5f\x75\x64\x70\x5f\x77\x6d\x65\x6d\x5f\x6d\x69\
\x6e\0\x73\x79\x73\x63\x74\x6c\x5f\x75\x64\x70\x5f\x72\x6d\x65\x6d\x5f\x6d\x69\
\x6e\0\x73\x79\x73\x63\x74\x6c\x5f\x66\x69\x62\x5f\x6e\x6f\x74\x69\x66\x79\x5f\
\x6f\x6e\x5f\x66\x6c\x61\x67\x5f\x63\x68\x61\x6e\x67\x65\0\x73\x79\x73\x63\x74\
\x6c\x5f\x69\x67\x6d\x70\x5f\x6c\x6c\x6d\x5f\x72\x65\x70\x6f\x72\x74\x73\0\x73\
\x79\x73\x63\x74\x6c\x5f\x69\x67\x6d\x70\x5f\x6d\x61\x78\x5f\x6d\x65\x6d\x62\
\x65\x72\x73\x68\x69\x70\x73\0\x73\x79\x73\x63\x74\x6c\x5f\x69\x67\x6d\x70\x5f\
\x6d\x61\x78\x5f\x6d\x73\x66\0\x73\x79\x73\x63\x74\x6c\x5f\x69\x67\x6d\x70\x5f\
\x71\x72\x76\0\x70\x69\x6e\x67\x5f\x67\x72\x6f\x75\x70\x5f\x72\x61\x6e\x67\x65\
\0\x64\x65\x76\x5f\x61\x64\x64\x72\x5f\x67\x65\x6e\x69\x64\0\x73\x79\x73\x63\
\x74\x6c\x5f\x6c\x6f\x63\x61\x6c\x5f\x72\x65\x73\x65\x72\x76\x65\x64\x5f\x70\
\x6f\x72\x74\x73\0\x73\x79\x73\x63\x74\x6c\x5f\x69\x70\x5f\x70\x72\x6f\x74\x5f\
\x73\x6f\x63\x6b\0\x6d\x72\x74\0\x73\x79\x73\x63\x74\x6c\x5f\x66\x69\x62\x5f\
\x6d\x75\x6c\x74\x69\x70\x61\x74\x68\x5f\x68\x61\x73\x68\x5f\x66\x69\x65\x6c\
\x64\x73\0\x73\x79\x73\x63\x74\x6c\x5f\x66\x69\x62\x5f\x6d\x75\x6c\x74\x69\x70\
\x61\x74\x68\x5f\x75\x73\x65\x5f\x6e\x65\x69\x67\x68\0\x73\x79\x73\x63\x74\x6c\
\x5f\x66\x69\x62\x5f\x6d\x75\x6c\x74\x69\x70\x61\x74\x68\x5f\x68\x61\x73\x68\
\x5f\x70\x6f\x6c\x69\x63\x79\0\x6e\x6f\x74\x69\x66\x69\x65\x72\x5f\x6f\x70\x73\
\0\x66\x69\x62\x5f\x73\x65\x71\0\x69\x70\x6d\x72\x5f\x6e\x6f\x74\x69\x66\x69\
\x65\x72\x5f\x6f\x70\x73\0\x69\x70\x6d\x72\x5f\x73\x65\x71\0\x72\x74\x5f\x67\
\x65\x6e\x69\x64\0\x69\x70\x5f\x69\x64\x5f\x6b\x65\x79\0\x69\x6e\x65\x74\x5f\
\x74\x69\x6d\x65\x77\x61\x69\x74\x5f\x64\x65\x61\x74\x68\x5f\x72\x6f\x77\0\x74\
\x77\x5f\x63\x6f\x75\x6e\x74\0\x74\x77\x5f\x70\x61\x64\0\x73\x79\x73\x63\x74\
\x6c\x5f\x6d\x61\x78\x5f\x74\x77\x5f\x62\x75\x63\x6b\x65\x74\x73\0\x69\x6e\x65\
\x74\x5f\x68\x61\x73\x68\x69\x6e\x66\x6f\0\x65\x68\x61\x73\x68\0\x65\x68\x61\
\x73\x68\x5f\x6c\x6f\x63\x6b\x73\0\x65\x68\x61\x73\x68\x5f\x6d\x61\x73\x6b\0\
\x65\x68\x61\x73\x68\x5f\x6c\x6f\x63\x6b\x73\x5f\x6d\x61\x73\x6b\0\x62\x69\x6e\
\x64\x5f\x62\x75\x63\x6b\x65\x74\x5f\x63\x61\x63\x68\x65\x70\0\x62\x68\x61\x73\
\x68\0\x62\x68\x61\x73\x68\x5f\x73\x69\x7a\x65\0\x6c\x68\x61\x73\x68\x32\x5f\
\x6d\x61\x73\x6b\0\x6c\x68\x61\x73\x68\x32\0\x6c\x69\x73\x74\x65\x6e\x69\x6e\
\x67\x5f\x68\x61\x73\x68\0\x69\x6e\x65\x74\x5f\x6c\x69\x73\x74\x65\x6e\x5f\x68\
\x61\x73\x68\x62\x75\x63\x6b\x65\x74\0\x6e\x75\x6c\x6c\x73\x5f\x68\x65\x61\x64\
\0\x68\x6c\x69\x73\x74\x5f\x6e\x75\x6c\x6c\x73\x5f\x68\x65\x61\x64\0\x69\x70\
\x76\x34\x5f\x64\x65\x76\x63\x6f\x6e\x66\0\x73\x79\x73\x63\x74\x6c\0\x66\x69\
\x62\x5f\x74\x61\x62\x6c\x65\0\x74\x62\x5f\x68\x6c\x69\x73\x74\0\x74\x62\x5f\
\x69\x64\0\x74\x62\x5f\x6e\x75\x6d\x5f\x64\x65\x66\x61\x75\x6c\x74\0\x74\x62\
\x5f\x64\x61\x74\x61\0\x5f\x5f\x64\x61\x74\x61\0\x6c\x6f\x63\x61\x6c\x5f\x70\
\x6f\x72\x74\x73\0\x72\x61\x6e\x67\x65\0\x77\x61\x72\x6e\x65\x64\0\x73\x65\x71\
\x6c\x6f\x63\x6b\x5f\x74\0\x66\x69\x62\x5f\x6e\x6f\x74\x69\x66\x69\x65\x72\x5f\
\x6f\x70\x73\0\x66\x69\x62\x5f\x73\x65\x71\x5f\x72\x65\x61\x64\0\x66\x69\x62\
\x5f\x64\x75\x6d\x70\0\x6e\x65\x74\x6c\x69\x6e\x6b\x5f\x65\x78\x74\x5f\x61\x63\
\x6b\0\x5f\x6d\x73\x67\0\x62\x61\x64\x5f\x61\x74\x74\x72\0\x63\x6f\x6f\x6b\x69\
\x65\0\x63\x6f\x6f\x6b\x69\x65\x5f\x6c\x65\x6e\0\x73\x69\x70\x68\x61\x73\x68\
\x5f\x6b\x65\x79\x5f\x74\0\x6e\x65\x74\x6e\x73\x5f\x69\x70\x76\x36\0\x69\x70\
\x36\x5f\x64\x73\x74\x5f\x6f\x70\x73\0\x66\x69\x62\x36\x5f\x6e\x75\x6c\x6c\x5f\
\x65\x6e\x74\x72\x79\0\x69\x70\x36\x5f\x6e\x75\x6c\x6c\x5f\x65\x6e\x74\x72\x79\
\0\x72\x74\x36\x5f\x73\x74\x61\x74\x73\0\x69\x70\x36\x5f\x66\x69\x62\x5f\x74\
\x69\x6d\x65\x72\0\x66\x69\x62\x36\x5f\x6d\x61\x69\x6e\x5f\x74\x62\x6c\0\x66\
\x69\x62\x36\x5f\x77\x61\x6c\x6b\x65\x72\x73\0\x66\x69\x62\x36\x5f\x77\x61\x6c\
\x6b\x65\x72\x5f\x6c\x6f\x63\x6b\0\x66\x69\x62\x36\x5f\x67\x63\x5f\x6c\x6f\x63\
\x6b\0\x69\x70\x36\x5f\x72\x74\x5f\x67\x63\x5f\x65\x78\x70\x69\x72\x65\0\x69\
\x70\x36\x5f\x72\x74\x5f\x6c\x61\x73\x74\x5f\x67\x63\0\x66\x6c\x6f\x77\x6c\x61\
\x62\x65\x6c\x5f\x68\x61\x73\x5f\x65\x78\x63\x6c\0\x66\x69\x62\x36\x5f\x68\x61\
\x73\x5f\x63\x75\x73\x74\x6f\x6d\x5f\x72\x75\x6c\x65\x73\0\x66\x69\x62\x36\x5f\
\x72\x75\x6c\x65\x73\x5f\x72\x65\x71\x75\x69\x72\x65\x5f\x66\x6c\x64\x69\x73\
\x73\x65\x63\x74\0\x69\x70\x36\x5f\x70\x72\x6f\x68\x69\x62\x69\x74\x5f\x65\x6e\
\x74\x72\x79\0\x69\x70\x36\x5f\x62\x6c\x6b\x5f\x68\x6f\x6c\x65\x5f\x65\x6e\x74\
\x72\x79\0\x66\x69\x62\x36\x5f\x6c\x6f\x63\x61\x6c\x5f\x74\x62\x6c\0\x66\x69\
\x62\x36\x5f\x72\x75\x6c\x65\x73\x5f\x6f\x70\x73\0\x6e\x64\x69\x73\x63\x5f\x73\
\x6b\0\x74\x63\x70\x5f\x73\x6b\0\x69\x67\x6d\x70\x5f\x73\x6b\0\x66\x69\x62\x36\
\x5f\x73\x65\x72\x6e\x75\x6d\0\x73\x65\x67\x36\x5f\x64\x61\x74\x61\0\x69\x70\
\x36\x6d\x72\x5f\x6e\x6f\x74\x69\x66\x69\x65\x72\x5f\x6f\x70\x73\0\x69\x70\x36\
\x61\x64\x64\x72\x6c\x62\x6c\x5f\x74\x61\x62\x6c\x65\0\x69\x6f\x61\x6d\x36\x5f\
\x64\x61\x74\x61\0\x64\x73\x74\x5f\x6f\x70\x73\0\x67\x63\x5f\x74\x68\x72\x65\
\x73\x68\0\x67\x63\0\x64\x65\x66\x61\x75\x6c\x74\x5f\x61\x64\x76\x6d\x73\x73\0\
\x63\x6f\x77\x5f\x6d\x65\x74\x72\x69\x63\x73\0\x69\x66\x64\x6f\x77\x6e\0\x6e\
\x65\x67\x61\x74\x69\x76\x65\x5f\x61\x64\x76\x69\x63\x65\0\x6c\x69\x6e\x6b\x5f\
\x66\x61\x69\x6c\x75\x72\x65\0\x75\x70\x64\x61\x74\x65\x5f\x70\x6d\x74\x75\0\
\x72\x65\x64\x69\x72\x65\x63\x74\0\x6c\x6f\x63\x61\x6c\x5f\x6f\x75\x74\0\x6e\
\x65\x69\x67\x68\x5f\x6c\x6f\x6f\x6b\x75\x70\0\x63\x6f\x6e\x66\x69\x72\x6d\x5f\
\x6e\x65\x69\x67\x68\0\x6b\x6d\x65\x6d\x5f\x63\x61\x63\x68\x65\x70\0\x70\x63\
\x70\x75\x63\x5f\x65\x6e\x74\x72\x69\x65\x73\0\x6e\x65\x69\x67\x68\x62\x6f\x75\
\x72\0\x70\x61\x72\x6d\x73\0\x63\x6f\x6e\x66\x69\x72\x6d\x65\x64\0\x75\x70\x64\
\x61\x74\x65\x64\0\x61\x72\x70\x5f\x71\x75\x65\x75\x65\x5f\x6c\x65\x6e\x5f\x62\
\x79\x74\x65\x73\0\x61\x72\x70\x5f\x71\x75\x65\x75\x65\0\x70\x72\x6f\x62\x65\
\x73\0\x6e\x75\x64\x5f\x73\x74\x61\x74\x65\0\x68\x61\x5f\x6c\x6f\x63\x6b\0\x68\
\x61\0\x68\x68\0\x67\x63\x5f\x6c\x69\x73\x74\0\x70\x72\x69\x6d\x61\x72\x79\x5f\
\x6b\x65\x79\0\x68\x68\x5f\x63\x61\x63\x68\x65\0\x68\x68\x5f\x6c\x65\x6e\0\x68\
\x68\x5f\x6c\x6f\x63\x6b\0\x68\x68\x5f\x64\x61\x74\x61\0\x6e\x65\x74\x6e\x73\
\x5f\x73\x79\x73\x63\x74\x6c\x5f\x69\x70\x76\x36\0\x68\x64\x72\0\x69\x63\x6d\
\x70\x5f\x68\x64\x72\0\x78\x66\x72\x6d\x36\x5f\x68\x64\x72\0\x66\x6c\x75\x73\
\x68\x5f\x64\x65\x6c\x61\x79\0\x69\x70\x36\x5f\x72\x74\x5f\x6d\x61\x78\x5f\x73\
\x69\x7a\x65\0\x69\x70\x36\x5f\x72\x74\x5f\x67\x63\x5f\x6d\x69\x6e\x5f\x69\x6e\
\x74\x65\x72\x76\x61\x6c\0\x69\x70\x36\x5f\x72\x74\x5f\x67\x63\x5f\x74\x69\x6d\
\x65\x6f\x75\x74\0\x69\x70\x36\x5f\x72\x74\x5f\x67\x63\x5f\x69\x6e\x74\x65\x72\
\x76\x61\x6c\0\x69\x70\x36\x5f\x72\x74\x5f\x67\x63\x5f\x65\x6c\x61\x73\x74\x69\
\x63\x69\x74\x79\0\x69\x70\x36\x5f\x72\x74\x5f\x6d\x74\x75\x5f\x65\x78\x70\x69\
\x72\x65\x73\0\x69\x70\x36\x5f\x72\x74\x5f\x6d\x69\x6e\x5f\x61\x64\x76\x6d\x73\
\x73\0\x6d\x75\x6c\x74\x69\x70\x61\x74\x68\x5f\x68\x61\x73\x68\x5f\x66\x69\x65\
\x6c\x64\x73\0\x6d\x75\x6c\x74\x69\x70\x61\x74\x68\x5f\x68\x61\x73\x68\x5f\x70\
\x6f\x6c\x69\x63\x79\0\x62\x69\x6e\x64\x76\x36\x6f\x6e\x6c\x79\0\x66\x6c\x6f\
\x77\x6c\x61\x62\x65\x6c\x5f\x63\x6f\x6e\x73\x69\x73\x74\x65\x6e\x63\x79\0\x61\
\x75\x74\x6f\x5f\x66\x6c\x6f\x77\x6c\x61\x62\x65\x6c\x73\0\x69\x63\x6d\x70\x76\
\x36\x5f\x74\x69\x6d\x65\0\x69\x63\x6d\x70\x76\x36\x5f\x65\x63\x68\x6f\x5f\x69\
\x67\x6e\x6f\x72\x65\x5f\x61\x6c\x6c\0\x69\x63\x6d\x70\x76\x36\x5f\x65\x63\x68\
\x6f\x5f\x69\x67\x6e\x6f\x72\x65\x5f\x6d\x75\x6c\x74\x69\x63\x61\x73\x74\0\x69\
\x63\x6d\x70\x76\x36\x5f\x65\x63\x68\x6f\x5f\x69\x67\x6e\x6f\x72\x65\x5f\x61\
\x6e\x79\x63\x61\x73\x74\0\x69\x63\x6d\x70\x76\x36\x5f\x72\x61\x74\x65\x6d\x61\
\x73\x6b\0\x69\x63\x6d\x70\x76\x36\x5f\x72\x61\x74\x65\x6d\x61\x73\x6b\x5f\x70\
\x74\x72\0\x61\x6e\x79\x63\x61\x73\x74\x5f\x73\x72\x63\x5f\x65\x63\x68\x6f\x5f\
\x72\x65\x70\x6c\x79\0\x69\x70\x5f\x6e\x6f\x6e\x6c\x6f\x63\x61\x6c\x5f\x62\x69\
\x6e\x64\0\x66\x77\x6d\x61\x72\x6b\x5f\x72\x65\x66\x6c\x65\x63\x74\0\x66\x6c\
\x6f\x77\x6c\x61\x62\x65\x6c\x5f\x73\x74\x61\x74\x65\x5f\x72\x61\x6e\x67\x65\
\x73\0\x69\x64\x67\x65\x6e\x5f\x72\x65\x74\x72\x69\x65\x73\0\x69\x64\x67\x65\
\x6e\x5f\x64\x65\x6c\x61\x79\0\x66\x6c\x6f\x77\x6c\x61\x62\x65\x6c\x5f\x72\x65\
\x66\x6c\x65\x63\x74\0\x6d\x61\x78\x5f\x64\x73\x74\x5f\x6f\x70\x74\x73\x5f\x63\
\x6e\x74\0\x6d\x61\x78\x5f\x68\x62\x68\x5f\x6f\x70\x74\x73\x5f\x63\x6e\x74\0\
\x6d\x61\x78\x5f\x64\x73\x74\x5f\x6f\x70\x74\x73\x5f\x6c\x65\x6e\0\x6d\x61\x78\
\x5f\x68\x62\x68\x5f\x6f\x70\x74\x73\x5f\x6c\x65\x6e\0\x73\x65\x67\x36\x5f\x66\
\x6c\x6f\x77\x6c\x61\x62\x65\x6c\0\x69\x6f\x61\x6d\x36\x5f\x69\x64\0\x69\x6f\
\x61\x6d\x36\x5f\x69\x64\x5f\x77\x69\x64\x65\0\x73\x6b\x69\x70\x5f\x6e\x6f\x74\
\x69\x66\x79\x5f\x6f\x6e\x5f\x64\x65\x76\x5f\x64\x6f\x77\x6e\0\x66\x69\x62\x5f\
\x6e\x6f\x74\x69\x66\x79\x5f\x6f\x6e\x5f\x66\x6c\x61\x67\x5f\x63\x68\x61\x6e\
\x67\x65\0\x69\x70\x76\x36\x5f\x64\x65\x76\x63\x6f\x6e\x66\0\x66\x6f\x72\x77\
\x61\x72\x64\x69\x6e\x67\0\x68\x6f\x70\x5f\x6c\x69\x6d\x69\x74\0\x6d\x74\x75\
\x36\0\x61\x63\x63\x65\x70\x74\x5f\x72\x61\0\x61\x63\x63\x65\x70\x74\x5f\x72\
\x65\x64\x69\x72\x65\x63\x74\x73\0\x61\x75\x74\x6f\x63\x6f\x6e\x66\0\x64\x61\
\x64\x5f\x74\x72\x61\x6e\x73\x6d\x69\x74\x73\0\x72\x74\x72\x5f\x73\x6f\x6c\x69\
\x63\x69\x74\x73\0\x72\x74\x72\x5f\x73\x6f\x6c\x69\x63\x69\x74\x5f\x69\x6e\x74\
\x65\x72\x76\x61\x6c\0\x72\x74\x72\x5f\x73\x6f\x6c\x69\x63\x69\x74\x5f\x6d\x61\
\x78\x5f\x69\x6e\x74\x65\x72\x76\x61\x6c\0\x72\x74\x72\x5f\x73\x6f\x6c\x69\x63\
\x69\x74\x5f\x64\x65\x6c\x61\x79\0\x66\x6f\x72\x63\x65\x5f\x6d\x6c\x64\x5f\x76\
\x65\x72\x73\x69\x6f\x6e\0\x6d\x6c\x64\x76\x31\x5f\x75\x6e\x73\x6f\x6c\x69\x63\
\x69\x74\x65\x64\x5f\x72\x65\x70\x6f\x72\x74\x5f\x69\x6e\x74\x65\x72\x76\x61\
\x6c\0\x6d\x6c\x64\x76\x32\x5f\x75\x6e\x73\x6f\x6c\x69\x63\x69\x74\x65\x64\x5f\
\x72\x65\x70\x6f\x72\x74\x5f\x69\x6e\x74\x65\x72\x76\x61\x6c\0\x75\x73\x65\x5f\
\x74\x65\x6d\x70\x61\x64\x64\x72\0\x74\x65\x6d\x70\x5f\x76\x61\x6c\x69\x64\x5f\
\x6c\x66\x74\0\x74\x65\x6d\x70\x5f\x70\x72\x65\x66\x65\x72\x65\x64\x5f\x6c\x66\
\x74\0\x72\x65\x67\x65\x6e\x5f\x6d\x61\x78\x5f\x72\x65\x74\x72\x79\0\x6d\x61\
\x78\x5f\x64\x65\x73\x79\x6e\x63\x5f\x66\x61\x63\x74\x6f\x72\0\x6d\x61\x78\x5f\
\x61\x64\x64\x72\x65\x73\x73\x65\x73\0\x61\x63\x63\x65\x70\x74\x5f\x72\x61\x5f\
\x64\x65\x66\x72\x74\x72\0\x72\x61\x5f\x64\x65\x66\x72\x74\x72\x5f\x6d\x65\x74\
\x72\x69\x63\0\x61\x63\x63\x65\x70\x74\x5f\x72\x61\x5f\x6d\x69\x6e\x5f\x68\x6f\
\x70\x5f\x6c\x69\x6d\x69\x74\0\x61\x63\x63\x65\x70\x74\x5f\x72\x61\x5f\x70\x69\
\x6e\x66\x6f\0\x69\x67\x6e\x6f\x72\x65\x5f\x72\x6f\x75\x74\x65\x73\x5f\x77\x69\
\x74\x68\x5f\x6c\x69\x6e\x6b\x64\x6f\x77\x6e\0\x61\x63\x63\x65\x70\x74\x5f\x72\
\x61\x5f\x72\x74\x72\x5f\x70\x72\x65\x66\0\x72\x74\x72\x5f\x70\x72\x6f\x62\x65\
\x5f\x69\x6e\x74\x65\x72\x76\x61\x6c\0\x61\x63\x63\x65\x70\x74\x5f\x72\x61\x5f\
\x72\x74\x5f\x69\x6e\x66\x6f\x5f\x6d\x69\x6e\x5f\x70\x6c\x65\x6e\0\x61\x63\x63\
\x65\x70\x74\x5f\x72\x61\x5f\x72\x74\x5f\x69\x6e\x66\x6f\x5f\x6d\x61\x78\x5f\
\x70\x6c\x65\x6e\0\x61\x63\x63\x65\x70\x74\x5f\x72\x61\x5f\x72\x74\x5f\x74\x61\
\x62\x6c\x65\0\x70\x72\x6f\x78\x79\x5f\x6e\x64\x70\0\x61\x63\x63\x65\x70\x74\
\x5f\x73\x6f\x75\x72\x63\x65\x5f\x72\x6f\x75\x74\x65\0\x61\x63\x63\x65\x70\x74\
\x5f\x72\x61\x5f\x66\x72\x6f\x6d\x5f\x6c\x6f\x63\x61\x6c\0\x64\x69\x73\x61\x62\
\x6c\x65\x5f\x69\x70\x76\x36\0\x64\x72\x6f\x70\x5f\x75\x6e\x69\x63\x61\x73\x74\
\x5f\x69\x6e\x5f\x6c\x32\x5f\x6d\x75\x6c\x74\x69\x63\x61\x73\x74\0\x61\x63\x63\
\x65\x70\x74\x5f\x64\x61\x64\0\x66\x6f\x72\x63\x65\x5f\x74\x6c\x6c\x61\x6f\0\
\x6e\x64\x69\x73\x63\x5f\x6e\x6f\x74\x69\x66\x79\0\x73\x75\x70\x70\x72\x65\x73\
\x73\x5f\x66\x72\x61\x67\x5f\x6e\x64\x69\x73\x63\0\x61\x63\x63\x65\x70\x74\x5f\
\x72\x61\x5f\x6d\x74\x75\0\x64\x72\x6f\x70\x5f\x75\x6e\x73\x6f\x6c\x69\x63\x69\
\x74\x65\x64\x5f\x6e\x61\0\x73\x74\x61\x62\x6c\x65\x5f\x73\x65\x63\x72\x65\x74\
\0\x75\x73\x65\x5f\x6f\x69\x66\x5f\x61\x64\x64\x72\x73\x5f\x6f\x6e\x6c\x79\0\
\x6b\x65\x65\x70\x5f\x61\x64\x64\x72\x5f\x6f\x6e\x5f\x64\x6f\x77\x6e\0\x73\x65\
\x67\x36\x5f\x65\x6e\x61\x62\x6c\x65\x64\0\x65\x6e\x68\x61\x6e\x63\x65\x64\x5f\
\x64\x61\x64\0\x61\x64\x64\x72\x5f\x67\x65\x6e\x5f\x6d\x6f\x64\x65\0\x64\x69\
\x73\x61\x62\x6c\x65\x5f\x70\x6f\x6c\x69\x63\x79\0\x6e\x64\x69\x73\x63\x5f\x74\
\x63\x6c\x61\x73\x73\0\x72\x70\x6c\x5f\x73\x65\x67\x5f\x65\x6e\x61\x62\x6c\x65\
\x64\0\x69\x6f\x61\x6d\x36\x5f\x65\x6e\x61\x62\x6c\x65\x64\0\x73\x79\x73\x63\
\x74\x6c\x5f\x68\x65\x61\x64\x65\x72\0\x69\x70\x76\x36\x5f\x73\x74\x61\x62\x6c\
\x65\x5f\x73\x65\x63\x72\x65\x74\0\x69\x6e\x69\x74\x69\x61\x6c\x69\x7a\x65\x64\
\0\x73\x65\x63\x72\x65\x74\0\x69\x6e\x65\x74\x5f\x70\x65\x65\x72\x5f\x62\x61\
\x73\x65\0\x68\x69\x67\x68\x5f\x74\x68\x72\x65\x73\x68\0\x6c\x6f\x77\x5f\x74\
\x68\x72\x65\x73\x68\0\x6d\x61\x78\x5f\x64\x69\x73\x74\0\x66\0\x6d\x65\x6d\0\
\x66\x72\x65\x65\x5f\x6c\x69\x73\x74\0\x72\x74\x36\x5f\x69\x6e\x66\x6f\0\x73\
\x65\x72\x6e\x75\x6d\0\x72\x74\x36\x69\x5f\x64\x73\x74\0\x72\x74\x36\x69\x5f\
\x73\x72\x63\0\x72\x74\x36\x69\x5f\x67\x61\x74\x65\x77\x61\x79\0\x72\x74\x36\
\x69\x5f\x69\x64\x65\x76\0\x72\x74\x36\x69\x5f\x66\x6c\x61\x67\x73\0\x72\x74\
\x36\x69\x5f\x75\x6e\x63\x61\x63\x68\x65\x64\0\x72\x74\x36\x69\x5f\x75\x6e\x63\
\x61\x63\x68\x65\x64\x5f\x6c\x69\x73\x74\0\x72\x74\x36\x69\x5f\x6e\x66\x68\x65\
\x61\x64\x65\x72\x5f\x6c\x65\x6e\0\x66\x69\x62\x36\x5f\x69\x6e\x66\x6f\0\x66\
\x69\x62\x36\x5f\x74\x61\x62\x6c\x65\0\x66\x69\x62\x36\x5f\x6e\x65\x78\x74\0\
\x66\x69\x62\x36\x5f\x6e\x6f\x64\x65\0\x66\x69\x62\x36\x5f\x6e\x73\x69\x62\x6c\
\x69\x6e\x67\x73\0\x66\x69\x62\x36\x5f\x72\x65\x66\0\x66\x69\x62\x36\x5f\x6d\
\x65\x74\x72\x69\x63\x73\0\x66\x69\x62\x36\x5f\x64\x73\x74\0\x66\x69\x62\x36\
\x5f\x66\x6c\x61\x67\x73\0\x66\x69\x62\x36\x5f\x73\x72\x63\0\x66\x69\x62\x36\
\x5f\x70\x72\x65\x66\x73\x72\x63\0\x66\x69\x62\x36\x5f\x6d\x65\x74\x72\x69\x63\
\0\x66\x69\x62\x36\x5f\x70\x72\x6f\x74\x6f\x63\x6f\x6c\0\x66\x69\x62\x36\x5f\
\x74\x79\x70\x65\0\x6f\x66\x66\x6c\x6f\x61\x64\0\x74\x72\x61\x70\0\x6f\x66\x66\
\x6c\x6f\x61\x64\x5f\x66\x61\x69\x6c\x65\x64\0\x73\x68\x6f\x75\x6c\x64\x5f\x66\
\x6c\x75\x73\x68\0\x64\x73\x74\x5f\x6e\x6f\x63\x6f\x75\x6e\x74\0\x64\x73\x74\
\x5f\x6e\x6f\x70\x6f\x6c\x69\x63\x79\0\x66\x69\x62\x36\x5f\x64\x65\x73\x74\x72\
\x6f\x79\x69\x6e\x67\0\x75\x6e\x75\x73\x65\x64\0\x6e\x68\0\x66\x69\x62\x36\x5f\
\x6e\x68\0\x74\x62\x36\x5f\x68\x6c\x69\x73\x74\0\x74\x62\x36\x5f\x69\x64\0\x74\
\x62\x36\x5f\x6c\x6f\x63\x6b\0\x74\x62\x36\x5f\x72\x6f\x6f\x74\0\x74\x62\x36\
\x5f\x70\x65\x65\x72\x73\0\x6c\x65\x66\x74\0\x72\x69\x67\x68\x74\0\x6c\x65\x61\
\x66\0\x66\x6e\x5f\x62\x69\x74\0\x66\x6e\x5f\x66\x6c\x61\x67\x73\0\x66\x6e\x5f\
\x73\x65\x72\x6e\x75\x6d\0\x72\x72\x5f\x70\x74\x72\0\x66\x69\x62\x36\x5f\x73\
\x69\x62\x6c\x69\x6e\x67\x73\0\x6e\x68\x5f\x6c\x69\x73\x74\0\x72\x74\x36\x6b\
\x65\x79\0\x70\x6c\x65\x6e\0\x6e\x68\x5f\x63\x6f\x6d\x6d\x6f\x6e\0\x6c\x61\x73\
\x74\x5f\x70\x72\x6f\x62\x65\0\x72\x74\x36\x69\x5f\x70\x63\x70\x75\0\x72\x74\
\x36\x69\x5f\x65\x78\x63\x65\x70\x74\x69\x6f\x6e\x5f\x62\x75\x63\x6b\x65\x74\0\
\x66\x69\x62\x5f\x6e\x68\x5f\x63\x6f\x6d\x6d\x6f\x6e\0\x6e\x68\x63\x5f\x64\x65\
\x76\0\x6e\x68\x63\x5f\x6f\x69\x66\0\x6e\x68\x63\x5f\x73\x63\x6f\x70\x65\0\x6e\
\x68\x63\x5f\x66\x61\x6d\x69\x6c\x79\0\x6e\x68\x63\x5f\x67\x77\x5f\x66\x61\x6d\
\x69\x6c\x79\0\x6e\x68\x63\x5f\x66\x6c\x61\x67\x73\0\x6e\x68\x63\x5f\x6c\x77\
\x74\x73\x74\x61\x74\x65\0\x6e\x68\x63\x5f\x67\x77\0\x6e\x68\x63\x5f\x77\x65\
\x69\x67\x68\x74\0\x6e\x68\x63\x5f\x75\x70\x70\x65\x72\x5f\x62\x6f\x75\x6e\x64\
\0\x6e\x68\x63\x5f\x70\x63\x70\x75\x5f\x72\x74\x68\x5f\x6f\x75\x74\x70\x75\x74\
\0\x6e\x68\x63\x5f\x72\x74\x68\x5f\x69\x6e\x70\x75\x74\0\x6e\x68\x63\x5f\x65\
\x78\x63\x65\x70\x74\x69\x6f\x6e\x73\0\x6c\x77\x74\x75\x6e\x6e\x65\x6c\x5f\x73\
\x74\x61\x74\x65\0\x68\x65\x61\x64\x72\x6f\x6f\x6d\0\x6f\x72\x69\x67\x5f\x6f\
\x75\x74\x70\x75\x74\0\x6f\x72\x69\x67\x5f\x69\x6e\x70\x75\x74\0\x72\x74\x61\
\x62\x6c\x65\0\x72\x74\x5f\x66\x6c\x61\x67\x73\0\x72\x74\x5f\x74\x79\x70\x65\0\
\x72\x74\x5f\x69\x73\x5f\x69\x6e\x70\x75\x74\0\x72\x74\x5f\x75\x73\x65\x73\x5f\
\x67\x61\x74\x65\x77\x61\x79\0\x72\x74\x5f\x69\x69\x66\0\x72\x74\x5f\x67\x77\
\x5f\x66\x61\x6d\x69\x6c\x79\0\x72\x74\x5f\x6d\x74\x75\x5f\x6c\x6f\x63\x6b\x65\
\x64\0\x72\x74\x5f\x70\x6d\x74\x75\0\x72\x74\x5f\x75\x6e\x63\x61\x63\x68\x65\
\x64\0\x72\x74\x5f\x75\x6e\x63\x61\x63\x68\x65\x64\x5f\x6c\x69\x73\x74\0\x72\
\x74\x5f\x67\x77\x34\0\x72\x74\x5f\x67\x77\x36\0\x69\x6e\x65\x74\x36\x5f\x64\
\x65\x76\0\x61\x64\x64\x72\x5f\x6c\x69\x73\x74\0\x6d\x63\x5f\x6c\x69\x73\x74\0\
\x6d\x63\x5f\x74\x6f\x6d\x62\0\x6d\x63\x5f\x71\x72\x76\0\x6d\x63\x5f\x67\x71\
\x5f\x72\x75\x6e\x6e\x69\x6e\x67\0\x6d\x63\x5f\x69\x66\x63\x5f\x63\x6f\x75\x6e\
\x74\0\x6d\x63\x5f\x64\x61\x64\x5f\x63\x6f\x75\x6e\x74\0\x6d\x63\x5f\x76\x31\
\x5f\x73\x65\x65\x6e\0\x6d\x63\x5f\x71\x69\0\x6d\x63\x5f\x71\x72\x69\0\x6d\x63\
\x5f\x6d\x61\x78\x64\x65\x6c\x61\x79\0\x6d\x63\x5f\x67\x71\x5f\x77\x6f\x72\x6b\
\0\x6d\x63\x5f\x69\x66\x63\x5f\x77\x6f\x72\x6b\0\x6d\x63\x5f\x64\x61\x64\x5f\
\x77\x6f\x72\x6b\0\x6d\x63\x5f\x71\x75\x65\x72\x79\x5f\x77\x6f\x72\x6b\0\x6d\
\x63\x5f\x72\x65\x70\x6f\x72\x74\x5f\x77\x6f\x72\x6b\0\x6d\x63\x5f\x71\x75\x65\
\x72\x79\x5f\x71\x75\x65\x75\x65\0\x6d\x63\x5f\x72\x65\x70\x6f\x72\x74\x5f\x71\
\x75\x65\x75\x65\0\x6d\x63\x5f\x71\x75\x65\x72\x79\x5f\x6c\x6f\x63\x6b\0\x6d\
\x63\x5f\x72\x65\x70\x6f\x72\x74\x5f\x6c\x6f\x63\x6b\0\x6d\x63\x5f\x6c\x6f\x63\
\x6b\0\x61\x63\x5f\x6c\x69\x73\x74\0\x69\x66\x5f\x66\x6c\x61\x67\x73\0\x64\x65\
\x73\x79\x6e\x63\x5f\x66\x61\x63\x74\x6f\x72\0\x74\x65\x6d\x70\x61\x64\x64\x72\
\x5f\x6c\x69\x73\x74\0\x74\x6f\x6b\x65\x6e\0\x6e\x64\x5f\x70\x61\x72\x6d\x73\0\
\x63\x6e\x66\0\x72\x73\x5f\x74\x69\x6d\x65\x72\0\x72\x73\x5f\x69\x6e\x74\x65\
\x72\x76\x61\x6c\0\x72\x73\x5f\x70\x72\x6f\x62\x65\x73\0\x72\x61\x5f\x6d\x74\
\x75\0\x69\x66\x6d\x63\x61\x64\x64\x72\x36\0\x6d\x63\x61\x5f\x61\x64\x64\x72\0\
\x69\x64\x65\x76\0\x6d\x63\x61\x5f\x73\x6f\x75\x72\x63\x65\x73\0\x6d\x63\x61\
\x5f\x74\x6f\x6d\x62\0\x6d\x63\x61\x5f\x73\x66\x6d\x6f\x64\x65\0\x6d\x63\x61\
\x5f\x63\x72\x63\x6f\x75\x6e\x74\0\x6d\x63\x61\x5f\x73\x66\x63\x6f\x75\x6e\x74\
\0\x6d\x63\x61\x5f\x77\x6f\x72\x6b\0\x6d\x63\x61\x5f\x66\x6c\x61\x67\x73\0\x6d\
\x63\x61\x5f\x75\x73\x65\x72\x73\0\x6d\x63\x61\x5f\x72\x65\x66\x63\x6e\x74\0\
\x6d\x63\x61\x5f\x63\x73\x74\x61\x6d\x70\0\x6d\x63\x61\x5f\x74\x73\x74\x61\x6d\
\x70\0\x69\x70\x36\x5f\x73\x66\x5f\x6c\x69\x73\x74\0\x73\x66\x5f\x6e\x65\x78\
\x74\0\x73\x66\x5f\x61\x64\x64\x72\0\x73\x66\x5f\x63\x6f\x75\x6e\x74\0\x73\x66\
\x5f\x67\x73\x72\x65\x73\x70\0\x73\x66\x5f\x6f\x6c\x64\x69\x6e\0\x73\x66\x5f\
\x63\x72\x63\x6f\x75\x6e\x74\0\x6e\x65\x69\x67\x68\x5f\x70\x61\x72\x6d\x73\0\
\x6e\x65\x69\x67\x68\x5f\x73\x65\x74\x75\x70\0\x73\x79\x73\x63\x74\x6c\x5f\x74\
\x61\x62\x6c\x65\0\x72\x65\x61\x63\x68\x61\x62\x6c\x65\x5f\x74\x69\x6d\x65\0\
\x64\x61\x74\x61\x5f\x73\x74\x61\x74\x65\0\x6e\x65\x69\x67\x68\x5f\x74\x61\x62\
\x6c\x65\0\x65\x6e\x74\x72\x79\x5f\x73\x69\x7a\x65\0\x6b\x65\x79\x5f\x65\x71\0\
\x63\x6f\x6e\x73\x74\x72\x75\x63\x74\x6f\x72\0\x70\x63\x6f\x6e\x73\x74\x72\x75\
\x63\x74\x6f\x72\0\x70\x64\x65\x73\x74\x72\x75\x63\x74\x6f\x72\0\x70\x72\x6f\
\x78\x79\x5f\x72\x65\x64\x6f\0\x69\x73\x5f\x6d\x75\x6c\x74\x69\x63\x61\x73\x74\
\0\x61\x6c\x6c\x6f\x77\x5f\x61\x64\x64\0\x70\x61\x72\x6d\x73\x5f\x6c\x69\x73\
\x74\0\x67\x63\x5f\x69\x6e\x74\x65\x72\x76\x61\x6c\0\x67\x63\x5f\x74\x68\x72\
\x65\x73\x68\x31\0\x67\x63\x5f\x74\x68\x72\x65\x73\x68\x32\0\x67\x63\x5f\x74\
\x68\x72\x65\x73\x68\x33\0\x6c\x61\x73\x74\x5f\x66\x6c\x75\x73\x68\0\x67\x63\
\x5f\x77\x6f\x72\x6b\0\x70\x72\x6f\x78\x79\x5f\x74\x69\x6d\x65\x72\0\x70\x72\
\x6f\x78\x79\x5f\x71\x75\x65\x75\x65\0\x65\x6e\x74\x72\x69\x65\x73\0\x67\x63\
\x5f\x65\x6e\x74\x72\x69\x65\x73\0\x6c\x61\x73\x74\x5f\x72\x61\x6e\x64\0\x6e\
\x68\x74\0\x70\x68\x61\x73\x68\x5f\x62\x75\x63\x6b\x65\x74\x73\0\x70\x6e\x65\
\x69\x67\x68\x5f\x65\x6e\x74\x72\x79\0\x69\x70\x76\x36\x5f\x64\x65\x76\x73\x74\
\x61\x74\0\x69\x63\x6d\x70\x76\x36\x64\x65\x76\0\x69\x63\x6d\x70\x76\x36\x6d\
\x73\x67\x64\x65\x76\0\x75\x6e\x63\x61\x63\x68\x65\x64\x5f\x6c\x69\x73\x74\0\
\x66\x69\x62\x5f\x72\x75\x6c\x65\x73\x5f\x6f\x70\x73\0\x72\x75\x6c\x65\x5f\x73\
\x69\x7a\x65\0\x61\x64\x64\x72\x5f\x73\x69\x7a\x65\0\x75\x6e\x72\x65\x73\x6f\
\x6c\x76\x65\x64\x5f\x72\x75\x6c\x65\x73\0\x6e\x72\x5f\x67\x6f\x74\x6f\x5f\x72\
\x75\x6c\x65\x73\0\x66\x69\x62\x5f\x72\x75\x6c\x65\x73\x5f\x73\x65\x71\0\x73\
\x75\x70\x70\x72\x65\x73\x73\0\x6d\x61\x74\x63\x68\0\x63\x6f\x6e\x66\x69\x67\
\x75\x72\x65\0\x64\x65\x6c\x65\x74\x65\0\x63\x6f\x6d\x70\x61\x72\x65\0\x66\x69\
\x6c\x6c\0\x6e\x6c\x6d\x73\x67\x5f\x70\x61\x79\x6c\x6f\x61\x64\0\x66\x6c\x75\
\x73\x68\x5f\x63\x61\x63\x68\x65\0\x6e\x6c\x67\x72\x6f\x75\x70\0\x72\x75\x6c\
\x65\x73\x5f\x6c\x69\x73\x74\0\x66\x72\x6f\x5f\x6e\x65\x74\0\x66\x69\x62\x5f\
\x72\x75\x6c\x65\0\x69\x69\x66\x69\x6e\x64\x65\x78\0\x6f\x69\x66\x69\x6e\x64\
\x65\x78\0\x6d\x61\x72\x6b\x5f\x6d\x61\x73\x6b\0\x74\x61\x62\x6c\x65\0\x6c\x33\
\x6d\x64\x65\x76\0\x69\x70\x5f\x70\x72\x6f\x74\x6f\0\x74\x75\x6e\x5f\x69\x64\0\
\x63\x74\x61\x72\x67\x65\x74\0\x66\x72\x5f\x6e\x65\x74\0\x70\x72\x65\x66\0\x73\
\x75\x70\x70\x72\x65\x73\x73\x5f\x69\x66\x67\x72\x6f\x75\x70\0\x73\x75\x70\x70\
\x72\x65\x73\x73\x5f\x70\x72\x65\x66\x69\x78\x6c\x65\x6e\0\x69\x69\x66\x6e\x61\
\x6d\x65\0\x6f\x69\x66\x6e\x61\x6d\x65\0\x75\x69\x64\x5f\x72\x61\x6e\x67\x65\0\
\x73\x70\x6f\x72\x74\x5f\x72\x61\x6e\x67\x65\0\x64\x70\x6f\x72\x74\x5f\x72\x61\
\x6e\x67\x65\0\x5f\x5f\x62\x65\x36\x34\0\x66\x69\x62\x5f\x6b\x75\x69\x64\x5f\
\x72\x61\x6e\x67\x65\0\x66\x69\x62\x5f\x72\x75\x6c\x65\x5f\x70\x6f\x72\x74\x5f\
\x72\x61\x6e\x67\x65\0\x66\x6c\x6f\x77\x69\0\x75\0\x5f\x5f\x66\x6c\x5f\x63\x6f\
\x6d\x6d\x6f\x6e\0\x69\x70\x34\0\x69\x70\x36\0\x64\x6e\0\x66\x6c\x6f\x77\x69\
\x5f\x63\x6f\x6d\x6d\x6f\x6e\0\x66\x6c\x6f\x77\x69\x63\x5f\x6f\x69\x66\0\x66\
\x6c\x6f\x77\x69\x63\x5f\x69\x69\x66\0\x66\x6c\x6f\x77\x69\x63\x5f\x6d\x61\x72\
\x6b\0\x66\x6c\x6f\x77\x69\x63\x5f\x74\x6f\x73\0\x66\x6c\x6f\x77\x69\x63\x5f\
\x73\x63\x6f\x70\x65\0\x66\x6c\x6f\x77\x69\x63\x5f\x70\x72\x6f\x74\x6f\0\x66\
\x6c\x6f\x77\x69\x63\x5f\x66\x6c\x61\x67\x73\0\x66\x6c\x6f\x77\x69\x63\x5f\x73\
\x65\x63\x69\x64\0\x66\x6c\x6f\x77\x69\x63\x5f\x75\x69\x64\0\x66\x6c\x6f\x77\
\x69\x63\x5f\x74\x75\x6e\x5f\x6b\x65\x79\0\x66\x6c\x6f\x77\x69\x63\x5f\x6d\x75\
\x6c\x74\x69\x70\x61\x74\x68\x5f\x68\x61\x73\x68\0\x66\x6c\x6f\x77\x69\x5f\x74\
\x75\x6e\x6e\x65\x6c\0\x66\x6c\x6f\x77\x69\x34\0\x75\x6c\x69\0\x66\x6c\x6f\x77\
\x69\x5f\x75\x6c\x69\0\x70\x6f\x72\x74\x73\0\x69\x63\x6d\x70\x74\0\x64\x6e\x70\
\x6f\x72\x74\x73\0\x67\x72\x65\x5f\x6b\x65\x79\0\x6d\x68\x74\0\x5f\x5f\x6c\x65\
\x31\x36\0\x66\x6c\x6f\x77\x69\x36\0\x66\x6c\x6f\x77\x6c\x61\x62\x65\x6c\0\x6d\
\x70\x5f\x68\x61\x73\x68\0\x66\x6c\x6f\x77\x69\x64\x6e\0\x66\x69\x62\x5f\x6c\
\x6f\x6f\x6b\x75\x70\x5f\x61\x72\x67\0\x6c\x6f\x6f\x6b\x75\x70\x5f\x70\x74\x72\
\0\x6c\x6f\x6f\x6b\x75\x70\x5f\x64\x61\x74\x61\0\x72\x65\x73\x75\x6c\x74\0\x72\
\x75\x6c\x65\0\x66\x69\x62\x5f\x72\x75\x6c\x65\x5f\x68\x64\x72\0\x64\x73\x74\
\x5f\x6c\x65\x6e\0\x73\x72\x63\x5f\x6c\x65\x6e\0\x74\x6f\x73\0\x72\x65\x73\x31\
\0\x72\x65\x73\x32\0\x6e\x6c\x61\x74\x74\x72\0\x6e\x6c\x61\x5f\x6c\x65\x6e\0\
\x6e\x6c\x61\x5f\x74\x79\x70\x65\0\x6e\x6c\x61\x5f\x70\x6f\x6c\x69\x63\x79\0\
\x76\x61\x6c\x69\x64\x61\x74\x69\x6f\x6e\x5f\x74\x79\x70\x65\0\x62\x69\x74\x66\
\x69\x65\x6c\x64\x33\x32\x5f\x76\x61\x6c\x69\x64\0\x6d\x61\x73\x6b\0\x72\x65\
\x6a\x65\x63\x74\x5f\x6d\x65\x73\x73\x61\x67\x65\0\x6e\x65\x73\x74\x65\x64\x5f\
\x70\x6f\x6c\x69\x63\x79\0\x72\x61\x6e\x67\x65\x5f\x73\x69\x67\x6e\x65\x64\0\
\x76\x61\x6c\x69\x64\x61\x74\x65\0\x73\x74\x72\x69\x63\x74\x5f\x73\x74\x61\x72\
\x74\x5f\x74\x79\x70\x65\0\x6e\x65\x74\x6e\x73\x5f\x6e\x66\0\x70\x72\x6f\x63\
\x5f\x6e\x65\x74\x66\x69\x6c\x74\x65\x72\0\x6e\x66\x5f\x6c\x6f\x67\x67\x65\x72\
\x73\0\x6e\x66\x5f\x6c\x6f\x67\x5f\x64\x69\x72\x5f\x68\x65\x61\x64\x65\x72\0\
\x68\x6f\x6f\x6b\x73\x5f\x69\x70\x76\x34\0\x68\x6f\x6f\x6b\x73\x5f\x69\x70\x76\
\x36\0\x64\x65\x66\x72\x61\x67\x5f\x69\x70\x76\x34\x5f\x75\x73\x65\x72\x73\0\
\x64\x65\x66\x72\x61\x67\x5f\x69\x70\x76\x36\x5f\x75\x73\x65\x72\x73\0\x6e\x66\
\x5f\x6c\x6f\x67\x67\x65\x72\0\x6c\x6f\x67\x66\x6e\0\x6d\x65\0\x6e\x66\x5f\x6c\
\x6f\x67\x5f\x74\x79\x70\x65\0\x4e\x46\x5f\x4c\x4f\x47\x5f\x54\x59\x50\x45\x5f\
\x4c\x4f\x47\0\x4e\x46\x5f\x4c\x4f\x47\x5f\x54\x59\x50\x45\x5f\x55\x4c\x4f\x47\
\0\x4e\x46\x5f\x4c\x4f\x47\x5f\x54\x59\x50\x45\x5f\x4d\x41\x58\0\x6e\x66\x5f\
\x6c\x6f\x67\x66\x6e\0\x75\x5f\x69\x6e\x74\x38\x5f\x74\0\x6e\x66\x5f\x6c\x6f\
\x67\x69\x6e\x66\x6f\0\x75\x6c\x6f\x67\0\x6c\x6f\x67\0\x63\x6f\x70\x79\x5f\x6c\
\x65\x6e\0\x71\x74\x68\x72\x65\x73\x68\x6f\x6c\x64\0\x75\x5f\x69\x6e\x74\x33\
\x32\x5f\x74\0\x75\x5f\x69\x6e\x74\x31\x36\x5f\x74\0\x6c\x6f\x67\x66\x6c\x61\
\x67\x73\0\x6e\x66\x5f\x68\x6f\x6f\x6b\x5f\x65\x6e\x74\x72\x69\x65\x73\0\x6e\
\x75\x6d\x5f\x68\x6f\x6f\x6b\x5f\x65\x6e\x74\x72\x69\x65\x73\0\x68\x6f\x6f\x6b\
\x73\0\x6e\x66\x5f\x68\x6f\x6f\x6b\x5f\x65\x6e\x74\x72\x79\0\x68\x6f\x6f\x6b\0\
\x6e\x66\x5f\x68\x6f\x6f\x6b\x66\x6e\0\x6e\x66\x5f\x68\x6f\x6f\x6b\x5f\x73\x74\
\x61\x74\x65\0\x70\x66\0\x69\x6e\0\x6f\x75\x74\0\x6f\x6b\x66\x6e\0\x6e\x65\x74\
\x6e\x73\x5f\x63\x74\0\x65\x63\x61\x63\x68\x65\x5f\x64\x77\x6f\x72\x6b\x5f\x70\
\x65\x6e\x64\x69\x6e\x67\0\x73\x79\x73\x63\x74\x6c\x5f\x6c\x6f\x67\x5f\x69\x6e\
\x76\x61\x6c\x69\x64\0\x73\x79\x73\x63\x74\x6c\x5f\x65\x76\x65\x6e\x74\x73\0\
\x73\x79\x73\x63\x74\x6c\x5f\x61\x63\x63\x74\0\x73\x79\x73\x63\x74\x6c\x5f\x61\
\x75\x74\x6f\x5f\x61\x73\x73\x69\x67\x6e\x5f\x68\x65\x6c\x70\x65\x72\0\x73\x79\
\x73\x63\x74\x6c\x5f\x74\x73\x74\x61\x6d\x70\0\x73\x79\x73\x63\x74\x6c\x5f\x63\
\x68\x65\x63\x6b\x73\x75\x6d\0\x70\x63\x70\x75\x5f\x6c\x69\x73\x74\x73\0\x6e\
\x66\x5f\x63\x6f\x6e\x6e\x74\x72\x61\x63\x6b\x5f\x65\x76\x65\x6e\x74\x5f\x63\
\x62\0\x6e\x66\x5f\x63\x74\x5f\x70\x72\x6f\x74\x6f\0\x6e\x66\x5f\x69\x70\x5f\
\x6e\x65\x74\0\x67\x65\x6e\x65\x72\x69\x63\0\x74\x63\x70\0\x75\x64\x70\0\x69\
\x63\x6d\x70\0\x69\x63\x6d\x70\x76\x36\0\x67\x72\x65\0\x6e\x66\x5f\x67\x65\x6e\
\x65\x72\x69\x63\x5f\x6e\x65\x74\0\x6e\x66\x5f\x74\x63\x70\x5f\x6e\x65\x74\0\
\x74\x69\x6d\x65\x6f\x75\x74\x73\0\x74\x63\x70\x5f\x6c\x6f\x6f\x73\x65\0\x74\
\x63\x70\x5f\x62\x65\x5f\x6c\x69\x62\x65\x72\x61\x6c\0\x74\x63\x70\x5f\x6d\x61\
\x78\x5f\x72\x65\x74\x72\x61\x6e\x73\0\x74\x63\x70\x5f\x69\x67\x6e\x6f\x72\x65\
\x5f\x69\x6e\x76\x61\x6c\x69\x64\x5f\x72\x73\x74\0\x6e\x66\x5f\x75\x64\x70\x5f\
\x6e\x65\x74\0\x6e\x66\x5f\x69\x63\x6d\x70\x5f\x6e\x65\x74\0\x6e\x66\x5f\x67\
\x72\x65\x5f\x6e\x65\x74\0\x6b\x65\x79\x6d\x61\x70\x5f\x6c\x69\x73\x74\0\x6e\
\x65\x74\x6e\x73\x5f\x62\x70\x66\0\x72\x75\x6e\x5f\x61\x72\x72\x61\x79\0\x6e\
\x65\x74\x6e\x73\x5f\x78\x66\x72\x6d\0\x73\x74\x61\x74\x65\x5f\x61\x6c\x6c\0\
\x73\x74\x61\x74\x65\x5f\x62\x79\x64\x73\x74\0\x73\x74\x61\x74\x65\x5f\x62\x79\
\x73\x72\x63\0\x73\x74\x61\x74\x65\x5f\x62\x79\x73\x70\x69\0\x73\x74\x61\x74\
\x65\x5f\x62\x79\x73\x65\x71\0\x73\x74\x61\x74\x65\x5f\x68\x6d\x61\x73\x6b\0\
\x73\x74\x61\x74\x65\x5f\x6e\x75\x6d\0\x73\x74\x61\x74\x65\x5f\x68\x61\x73\x68\
\x5f\x77\x6f\x72\x6b\0\x70\x6f\x6c\x69\x63\x79\x5f\x61\x6c\x6c\0\x70\x6f\x6c\
\x69\x63\x79\x5f\x62\x79\x69\x64\x78\0\x70\x6f\x6c\x69\x63\x79\x5f\x69\x64\x78\
\x5f\x68\x6d\x61\x73\x6b\0\x70\x6f\x6c\x69\x63\x79\x5f\x69\x6e\x65\x78\x61\x63\
\x74\0\x70\x6f\x6c\x69\x63\x79\x5f\x62\x79\x64\x73\x74\0\x70\x6f\x6c\x69\x63\
\x79\x5f\x63\x6f\x75\x6e\x74\0\x70\x6f\x6c\x69\x63\x79\x5f\x68\x61\x73\x68\x5f\
\x77\x6f\x72\x6b\0\x70\x6f\x6c\x69\x63\x79\x5f\x68\x74\x68\x72\x65\x73\x68\0\
\x69\x6e\x65\x78\x61\x63\x74\x5f\x62\x69\x6e\x73\0\x6e\x6c\x73\x6b\0\x6e\x6c\
\x73\x6b\x5f\x73\x74\x61\x73\x68\0\x73\x79\x73\x63\x74\x6c\x5f\x61\x65\x76\x65\
\x6e\x74\x5f\x65\x74\x69\x6d\x65\0\x73\x79\x73\x63\x74\x6c\x5f\x61\x65\x76\x65\
\x6e\x74\x5f\x72\x73\x65\x71\x74\x68\0\x73\x79\x73\x63\x74\x6c\x5f\x6c\x61\x72\
\x76\x61\x6c\x5f\x64\x72\x6f\x70\0\x73\x79\x73\x63\x74\x6c\x5f\x61\x63\x71\x5f\
\x65\x78\x70\x69\x72\x65\x73\0\x70\x6f\x6c\x69\x63\x79\x5f\x64\x65\x66\x61\x75\
\x6c\x74\0\x78\x66\x72\x6d\x34\x5f\x64\x73\x74\x5f\x6f\x70\x73\0\x78\x66\x72\
\x6d\x36\x5f\x64\x73\x74\x5f\x6f\x70\x73\0\x78\x66\x72\x6d\x5f\x73\x74\x61\x74\
\x65\x5f\x6c\x6f\x63\x6b\0\x78\x66\x72\x6d\x5f\x73\x74\x61\x74\x65\x5f\x68\x61\
\x73\x68\x5f\x67\x65\x6e\x65\x72\x61\x74\x69\x6f\x6e\0\x78\x66\x72\x6d\x5f\x70\
\x6f\x6c\x69\x63\x79\x5f\x68\x61\x73\x68\x5f\x67\x65\x6e\x65\x72\x61\x74\x69\
\x6f\x6e\0\x78\x66\x72\x6d\x5f\x70\x6f\x6c\x69\x63\x79\x5f\x6c\x6f\x63\x6b\0\
\x78\x66\x72\x6d\x5f\x63\x66\x67\x5f\x6d\x75\x74\x65\x78\0\x78\x66\x72\x6d\x5f\
\x70\x6f\x6c\x69\x63\x79\x5f\x68\x61\x73\x68\0\x68\x6d\x61\x73\x6b\0\x64\x62\
\x69\x74\x73\x34\0\x73\x62\x69\x74\x73\x34\0\x64\x62\x69\x74\x73\x36\0\x73\x62\
\x69\x74\x73\x36\0\x78\x66\x72\x6d\x5f\x70\x6f\x6c\x69\x63\x79\x5f\x68\x74\x68\
\x72\x65\x73\x68\0\x6c\x62\x69\x74\x73\x34\0\x72\x62\x69\x74\x73\x34\0\x6c\x62\
\x69\x74\x73\x36\0\x72\x62\x69\x74\x73\x36\0\x30\x3a\x31\x34\x3a\x32\0\x20\x20\
\x6e\x73\x5f\x69\x6e\x66\x6f\x2d\x3e\x75\x73\x65\x72\x5f\x6e\x73\x20\x3d\x20\
\x42\x50\x46\x5f\x43\x4f\x52\x45\x5f\x52\x45\x41\x44\x28\x74\x2c\x20\x6e\x73\
\x70\x72\x6f\x78\x79\x2c\x20\x75\x74\x73\x5f\x6e\x73\x2c\x20\x75\x73\x65\x72\
\x5f\x6e\x73\x2c\x20\x6e\x73\x2e\x69\x6e\x75\x6d\x29\x3b\0\x30\x3a\x31\0\x75\
\x74\x73\x5f\x6e\x61\x6d\x65\x73\x70\x61\x63\x65\0\x6e\x65\x77\x5f\x75\x74\x73\
\x6e\x61\x6d\x65\0\x73\x79\x73\x6e\x61\x6d\x65\0\x6e\x6f\x64\x65\x6e\x61\x6d\
\x65\0\x6d\x61\x63\x68\x69\x6e\x65\0\x64\x6f\x6d\x61\x69\x6e\x6e\x61\x6d\x65\0\
\x30\x3a\x37\x3a\x32\0\x20\x20\x6e\x73\x5f\x69\x6e\x66\x6f\x2d\x3e\x75\x74\x73\
\x5f\x6e\x73\x20\x3d\x20\x42\x50\x46\x5f\x43\x4f\x52\x45\x5f\x52\x45\x41\x44\
\x28\x74\x2c\x20\x6e\x73\x70\x72\x6f\x78\x79\x2c\x20\x75\x74\x73\x5f\x6e\x73\
\x2c\x20\x6e\x73\x2e\x69\x6e\x75\x6d\x29\x3b\0\x30\x3a\x33\x3a\x32\0\x6c\x69\
\x6e\x75\x78\x5f\x62\x69\x6e\x70\x72\x6d\0\x76\x6d\x61\0\x76\x6d\x61\x5f\x70\
\x61\x67\x65\x73\0\x61\x72\x67\x6d\x69\x6e\0\x68\x61\x76\x65\x5f\x65\x78\x65\
\x63\x66\x64\0\x65\x78\x65\x63\x66\x64\x5f\x63\x72\x65\x64\x73\0\x73\x65\x63\
\x75\x72\x65\x65\x78\x65\x63\0\x70\x6f\x69\x6e\x74\x5f\x6f\x66\x5f\x6e\x6f\x5f\
\x72\x65\x74\x75\x72\x6e\0\x65\x78\x65\x63\x75\x74\x61\x62\x6c\x65\0\x69\x6e\
\x74\x65\x72\x70\x72\x65\x74\x65\x72\0\x75\x6e\x73\x61\x66\x65\0\x70\x65\x72\
\x5f\x63\x6c\x65\x61\x72\0\x61\x72\x67\x63\0\x65\x6e\x76\x63\0\x66\x69\x6c\x65\
\x6e\x61\x6d\x65\0\x69\x6e\x74\x65\x72\x70\0\x66\x64\x70\x61\x74\x68\0\x69\x6e\
\x74\x65\x72\x70\x5f\x66\x6c\x61\x67\x73\0\x65\x78\x65\x63\x66\x64\0\x6c\x6f\
\x61\x64\x65\x72\0\x65\x78\x65\x63\0\x72\x6c\x69\x6d\x5f\x73\x74\x61\x63\x6b\0\
\x72\x6c\x69\x6d\x69\x74\0\x72\x6c\x69\x6d\x5f\x63\x75\x72\0\x72\x6c\x69\x6d\
\x5f\x6d\x61\x78\0\x30\x3a\x31\x31\0\x20\x20\x69\x6d\x61\x67\x65\x5f\x69\x6e\
\x66\x6f\x2d\x3e\x69\x6e\x6f\x64\x65\x20\x3d\x20\x42\x50\x46\x5f\x43\x4f\x52\
\x45\x5f\x52\x45\x41\x44\x28\x62\x70\x72\x6d\x2c\x20\x66\x69\x6c\x65\x2c\x20\
\x66\x5f\x69\x6e\x6f\x64\x65\x2c\x20\x69\x5f\x69\x6e\x6f\x29\x3b\0\x20\x20\x69\
\x6d\x61\x67\x65\x5f\x69\x6e\x66\x6f\x2d\x3e\x75\x69\x64\x20\x3d\x20\x42\x50\
\x46\x5f\x43\x4f\x52\x45\x5f\x52\x45\x41\x44\x28\x62\x70\x72\x6d\x2c\x20\x66\
\x69\x6c\x65\x2c\x20\x66\x5f\x69\x6e\x6f\x64\x65\x2c\x20\x69\x5f\x75\x69\x64\
\x2e\x76\x61\x6c\x29\x3b\0\x30\x3a\x32\x3a\x30\0\x20\x20\x69\x6d\x61\x67\x65\
\x5f\x69\x6e\x66\x6f\x2d\x3e\x67\x69\x64\x20\x3d\x20\x42\x50\x46\x5f\x43\x4f\
\x52\x45\x5f\x52\x45\x41\x44\x28\x62\x70\x72\x6d\x2c\x20\x66\x69\x6c\x65\x2c\
\x20\x66\x5f\x69\x6e\x6f\x64\x65\x2c\x20\x69\x5f\x67\x69\x64\x2e\x76\x61\x6c\
\x29\x3b\0\x30\x3a\x33\x3a\x30\0\x20\x20\x69\x6d\x61\x67\x65\x5f\x69\x6e\x66\
\x6f\x2d\x3e\x6d\x6f\x64\x65\x20\x3d\x20\x42\x50\x46\x5f\x43\x4f\x52\x45\x5f\
\x52\x45\x41\x44\x28\x62\x70\x72\x6d\x2c\x20\x66\x69\x6c\x65\x2c\x20\x66\x5f\
\x69\x6e\x6f\x64\x65\x2c\x20\x69\x5f\x6d\x6f\x64\x65\x29\x3b\0\x30\x3a\x30\0\
\x20\x20\x69\x6d\x61\x67\x65\x5f\x69\x6e\x66\x6f\x2d\x3e\x6d\x74\x69\x6d\x65\
\x2e\x74\x76\x5f\x73\x65\x63\x20\x3d\x20\x42\x50\x46\x5f\x43\x4f\x52\x45\x5f\
\x52\x45\x41\x44\x28\x62\x70\x72\x6d\x2c\x20\x66\x69\x6c\x65\x2c\x20\x66\x5f\
\x69\x6e\x6f\x64\x65\x2c\x20\x69\x5f\x6d\x74\x69\x6d\x65\x2e\x74\x76\x5f\x73\
\x65\x63\x29\x3b\0\x30\x3a\x31\x36\x3a\x30\0\x20\x20\x20\x20\x20\x20\x42\x50\
\x46\x5f\x43\x4f\x52\x45\x5f\x52\x45\x41\x44\x28\x62\x70\x72\x6d\x2c\x20\x66\
\x69\x6c\x65\x2c\x20\x66\x5f\x69\x6e\x6f\x64\x65\x2c\x20\x69\x5f\x6d\x74\x69\
\x6d\x65\x2e\x74\x76\x5f\x6e\x73\x65\x63\x29\x3b\0\x30\x3a\x31\x36\x3a\x31\0\
\x20\x20\x69\x6d\x61\x67\x65\x5f\x69\x6e\x66\x6f\x2d\x3e\x6d\x74\x69\x6d\x65\
\x2e\x74\x76\x5f\x6e\x73\x65\x63\x20\x3d\0\x20\x20\x69\x6d\x61\x67\x65\x5f\x69\
\x6e\x66\x6f\x2d\x3e\x63\x74\x69\x6d\x65\x2e\x74\x76\x5f\x73\x65\x63\x20\x3d\
\x20\x42\x50\x46\x5f\x43\x4f\x52\x45\x5f\x52\x45\x41\x44\x28\x62\x70\x72\x6d\
\x2c\x20\x66\x69\x6c\x65\x2c\x20\x66\x5f\x69\x6e\x6f\x64\x65\x2c\x20\x69\x5f\
\x63\x74\x69\x6d\x65\x2e\x74\x76\x5f\x73\x65\x63\x29\x3b\0\x30\x3a\x31\x37\x3a\
\x30\0\x20\x20\x20\x20\x20\x20\x42\x50\x46\x5f\x43\x4f\x52\x45\x5f\x52\x45\x41\
\x44\x28\x62\x70\x72\x6d\x2c\x20\x66\x69\x6c\x65\x2c\x20\x66\x5f\x69\x6e\x6f\
\x64\x65\x2c\x20\x69\x5f\x63\x74\x69\x6d\x65\x2e\x74\x76\x5f\x6e\x73\x65\x63\
\x29\x3b\0\x30\x3a\x31\x37\x3a\x31\0\x20\x20\x69\x6d\x61\x67\x65\x5f\x69\x6e\
\x66\x6f\x2d\x3e\x63\x74\x69\x6d\x65\x2e\x74\x76\x5f\x6e\x73\x65\x63\x20\x3d\0\
\x20\x20\x64\x65\x76\x5f\x74\x20\x64\x65\x76\x20\x3d\x20\x42\x50\x46\x5f\x43\
\x4f\x52\x45\x5f\x52\x45\x41\x44\x28\x62\x70\x72\x6d\x2c\x20\x66\x69\x6c\x65\
\x2c\x20\x66\x5f\x69\x6e\x6f\x64\x65\x2c\x20\x69\x5f\x73\x62\x2c\x20\x73\x5f\
\x64\x65\x76\x29\x3b\0\x20\x20\x20\x20\x20\x20\x28\x6d\x69\x6e\x6f\x72\x20\x26\
\x20\x30\x78\x66\x66\x29\x20\x7c\x20\x28\x6d\x61\x6a\x6f\x72\x20\x3c\x3c\x20\
\x38\x29\x20\x7c\x20\x28\x28\x6d\x69\x6e\x6f\x72\x20\x26\x20\x7e\x30\x78\x66\
\x66\x29\x20\x3c\x3c\x20\x31\x32\x29\x3b\0\x20\x20\x69\x6d\x61\x67\x65\x5f\x69\
\x6e\x66\x6f\x2d\x3e\x69\x6e\x6f\x64\x65\x5f\x64\x65\x76\x69\x63\x65\x5f\x69\
\x64\x20\x3d\0\x30\x3a\x31\x38\0\x20\x20\x63\x6f\x6e\x73\x74\x20\x63\x68\x61\
\x72\x2a\x20\x69\x6e\x74\x65\x72\x70\x5f\x73\x74\x61\x72\x74\x20\x3d\x20\x42\
\x50\x46\x5f\x43\x4f\x52\x45\x5f\x52\x45\x41\x44\x28\x62\x70\x72\x6d\x2c\x20\
\x69\x6e\x74\x65\x72\x70\x29\x3b\0\x20\x20\x66\x69\x6c\x6c\x5f\x69\x6d\x61\x67\
\x65\x5f\x69\x6e\x66\x6f\x28\x26\x70\x2d\x3e\x69\x6d\x61\x67\x65\x5f\x69\x6e\
\x66\x6f\x2c\x20\x62\x70\x72\x6d\x2c\x20\x63\x75\x72\x72\x65\x6e\x74\x29\x3b\0\
\x20\x20\x62\x70\x66\x5f\x70\x72\x6f\x62\x65\x5f\x72\x65\x61\x64\x5f\x73\x74\
\x72\x28\x69\x6d\x61\x67\x65\x5f\x69\x6e\x66\x6f\x2d\x3e\x70\x61\x74\x68\x6e\
\x61\x6d\x65\x2c\x20\x73\x69\x7a\x65\x6f\x66\x28\x69\x6d\x61\x67\x65\x5f\x69\
\x6e\x66\x6f\x2d\x3e\x70\x61\x74\x68\x6e\x61\x6d\x65\x29\x2c\0\x20\x20\x69\x6d\
\x61\x67\x65\x5f\x69\x6e\x66\x6f\x2d\x3e\x6d\x6e\x74\x5f\x6e\x73\x20\x3d\x20\
\x42\x50\x46\x5f\x43\x4f\x52\x45\x5f\x52\x45\x41\x44\x28\x74\x2c\x20\x72\x65\
\x61\x6c\x5f\x70\x61\x72\x65\x6e\x74\x2c\x20\x6e\x73\x70\x72\x6f\x78\x79\x2c\
\x20\x6d\x6e\x74\x5f\x6e\x73\x2c\x20\x6e\x73\x2e\x69\x6e\x75\x6d\x29\x3b\0\x20\
\x20\x62\x70\x66\x5f\x72\x69\x6e\x67\x62\x75\x66\x5f\x73\x75\x62\x6d\x69\x74\
\x28\x65\x76\x65\x6e\x74\x2c\x20\x30\x29\x3b\0\x68\x61\x6e\x64\x6c\x65\x5f\x73\
\x63\x68\x65\x64\x5f\x70\x72\x6f\x63\x65\x73\x73\x5f\x65\x78\x69\x74\0\x72\x61\
\x77\x5f\x74\x72\x61\x63\x65\x70\x6f\x69\x6e\x74\x2f\x73\x63\x68\x65\x64\x5f\
\x70\x72\x6f\x63\x65\x73\x73\x5f\x65\x78\x69\x74\0\x69\x6e\x74\x20\x42\x50\x46\
\x5f\x50\x52\x4f\x47\x28\x68\x61\x6e\x64\x6c\x65\x5f\x73\x63\x68\x65\x64\x5f\
\x70\x72\x6f\x63\x65\x73\x73\x5f\x65\x78\x69\x74\x2c\x20\x73\x74\x72\x75\x63\
\x74\x20\x74\x61\x73\x6b\x5f\x73\x74\x72\x75\x63\x74\x2a\x20\x63\x75\x72\x72\
\x65\x6e\x74\x29\x20\x7b\0\x30\x3a\x37\x39\0\x20\x20\x69\x66\x20\x28\x28\x42\
\x50\x46\x5f\x43\x4f\x52\x45\x5f\x52\x45\x41\x44\x28\x63\x75\x72\x72\x65\x6e\
\x74\x2c\x20\x70\x69\x64\x29\x20\x21\x3d\x20\x42\x50\x46\x5f\x43\x4f\x52\x45\
\x5f\x52\x45\x41\x44\x28\x63\x75\x72\x72\x65\x6e\x74\x2c\x20\x74\x67\x69\x64\
\x29\x29\x20\x7c\x7c\0\x20\x20\x65\x76\x65\x6e\x74\x2d\x3e\x64\x61\x74\x61\x2e\
\x70\x72\x6f\x63\x65\x73\x73\x5f\x65\x76\x65\x6e\x74\x2e\x74\x79\x70\x65\x20\
\x3d\x20\x6b\x50\x72\x6f\x63\x65\x73\x73\x45\x78\x69\x74\x45\x76\x65\x6e\x74\
\x3b\0\x30\x3a\x38\x34\x3a\x30\0\x20\x20\x73\x74\x72\x75\x63\x74\x20\x6c\x69\
\x73\x74\x5f\x68\x65\x61\x64\x2a\x20\x66\x69\x72\x73\x74\x5f\x63\x68\x69\x6c\
\x64\x20\x3d\x20\x42\x50\x46\x5f\x43\x4f\x52\x45\x5f\x52\x45\x41\x44\x28\x63\
\x75\x72\x72\x65\x6e\x74\x2c\x20\x63\x68\x69\x6c\x64\x72\x65\x6e\x2e\x6e\x65\
\x78\x74\x29\x3b\0\x20\x20\x20\x20\x20\x20\x28\x21\x66\x69\x72\x73\x74\x5f\x63\
\x68\x69\x6c\x64\x20\x7c\x7c\x20\x28\x66\x69\x72\x73\x74\x5f\x63\x68\x69\x6c\
\x64\x20\x3d\x3d\x20\x42\x50\x46\x5f\x43\x4f\x52\x45\x5f\x52\x45\x41\x44\x28\
\x66\x69\x72\x73\x74\x5f\x63\x68\x69\x6c\x64\x2c\x20\x6e\x65\x78\x74\x29\x29\
\x29\x3b\0\x20\x20\x70\x2d\x3e\x69\x73\x5f\x6c\x65\x61\x66\x20\x3d\0\x4c\x49\
\x43\x45\x4e\x53\x45\0\x2e\x6d\x61\x70\x73\0\x6c\x69\x63\x65\x6e\x73\x65\0\x6b\
\x65\x72\x6e\x66\x73\x5f\x72\x6f\x6f\x74\0\x62\x75\x63\x6b\x65\x74\x5f\x74\x61\
\x62\x6c\x65\0\x70\x72\x6f\x63\x5f\x6e\x73\x5f\x6f\x70\x65\x72\x61\x74\x69\x6f\
\x6e\x73\0\x66\x69\x6c\x65\x5f\x73\x79\x73\x74\x65\x6d\x5f\x74\x79\x70\x65\0\
\x62\x6c\x6f\x63\x6b\x5f\x64\x65\x76\x69\x63\x65\0\x6d\x6f\x75\x6e\x74\0\x6b\
\x6d\x65\x6d\x5f\x63\x61\x63\x68\x65\x5f\x63\x70\x75\0\x61\x64\x64\x72\x65\x73\
\x73\x5f\x73\x70\x61\x63\x65\x5f\x6f\x70\x65\x72\x61\x74\x69\x6f\x6e\x73\0\x77\
\x61\x69\x74\x5f\x70\x61\x67\x65\x5f\x71\x75\x65\x75\x65\0\x69\x6f\x76\x65\x63\
\0\x62\x69\x6f\x5f\x76\x65\x63\0\x70\x69\x70\x65\x5f\x62\x75\x66\x66\x65\x72\0\
\x70\x65\x72\x63\x70\x75\x5f\x72\x65\x66\x5f\x64\x61\x74\x61\0\x66\x77\x6e\x6f\
\x64\x65\x5f\x68\x61\x6e\x64\x6c\x65\0\x64\x65\x76\x5f\x70\x6d\x5f\x64\x6f\x6d\
\x61\x69\x6e\0\x70\x6d\x5f\x73\x75\x62\x73\x79\x73\x5f\x64\x61\x74\x61\0\x64\
\x65\x76\x5f\x70\x6d\x5f\x71\x6f\x73\0\x65\x6d\x5f\x70\x65\x72\x66\x5f\x64\x6f\
\x6d\x61\x69\x6e\0\x6c\x69\x6e\x75\x78\x5f\x62\x69\x6e\x66\x6d\x74\0\x6b\x73\
\x65\x74\x5f\x75\x65\x76\x65\x6e\x74\x5f\x6f\x70\x73\0\x6b\x6f\x62\x6a\x5f\x74\
\x79\x70\x65\0\x6e\x65\x74\x64\x65\x76\x5f\x6e\x61\x6d\x65\x5f\x6e\x6f\x64\x65\
\0\x64\x65\x76\x5f\x69\x66\x61\x6c\x69\x61\x73\0\x6e\x65\x74\x5f\x64\x65\x76\
\x69\x63\x65\x5f\x6f\x70\x73\0\x6e\x65\x74\x6c\x69\x6e\x6b\x5f\x72\x61\x6e\x67\
\x65\x5f\x76\x61\x6c\x69\x64\x61\x74\x69\x6f\x6e\0\x6e\x65\x74\x6c\x69\x6e\x6b\
\x5f\x72\x61\x6e\x67\x65\x5f\x76\x61\x6c\x69\x64\x61\x74\x69\x6f\x6e\x5f\x73\
\x69\x67\x6e\x65\x64\0\x77\x71\x5f\x66\x6c\x75\x73\x68\x65\x72\0\x77\x6f\x72\
\x6b\x65\x72\0\x77\x6f\x72\x6b\x65\x72\x5f\x70\x6f\x6f\x6c\0\x77\x6f\x72\x6b\
\x71\x75\x65\x75\x65\x5f\x61\x74\x74\x72\x73\0\x77\x71\x5f\x64\x65\x76\x69\x63\
\x65\0\x64\x65\x76\x69\x63\x65\x5f\x70\x72\x69\x76\x61\x74\x65\0\x64\x65\x76\
\x69\x63\x65\x5f\x64\x72\x69\x76\x65\x72\0\x62\x75\x73\x5f\x74\x79\x70\x65\0\
\x62\x70\x66\x5f\x6c\x6f\x63\x61\x6c\x5f\x73\x74\x6f\x72\x61\x67\x65\x5f\x6d\
\x61\x70\0\x64\x65\x76\x69\x63\x65\x5f\x6e\x6f\x64\x65\0\x64\x65\x76\x69\x63\
\x65\x5f\x74\x79\x70\x65\0\x77\x61\x6b\x65\x75\x70\x5f\x73\x6f\x75\x72\x63\x65\
\0\x77\x61\x6b\x65\x5f\x69\x72\x71\0\x68\x72\x74\x69\x6d\x65\x72\x5f\x63\x6c\
\x6f\x63\x6b\x5f\x62\x61\x73\x65\0\x69\x72\x71\x5f\x64\x6f\x6d\x61\x69\x6e\0\
\x64\x65\x76\x5f\x70\x69\x6e\x5f\x69\x6e\x66\x6f\0\x64\x6d\x61\x5f\x6d\x61\x70\
\x5f\x6f\x70\x73\0\x62\x75\x73\x5f\x64\x6d\x61\x5f\x72\x65\x67\x69\x6f\x6e\0\
\x64\x65\x76\x69\x63\x65\x5f\x64\x6d\x61\x5f\x70\x61\x72\x61\x6d\x65\x74\x65\
\x72\x73\0\x64\x6d\x61\x5f\x63\x6f\x68\x65\x72\x65\x6e\x74\x5f\x6d\x65\x6d\0\
\x69\x6f\x5f\x74\x6c\x62\x5f\x6d\x65\x6d\0\x64\x65\x76\x5f\x69\x6f\x6d\x6d\x75\
\0\x64\x65\x76\x69\x63\x65\x5f\x70\x68\x79\x73\x69\x63\x61\x6c\x5f\x6c\x6f\x63\
\x61\x74\x69\x6f\x6e\0\x62\x70\x66\x5f\x70\x72\x6f\x67\x5f\x73\x74\x61\x74\x73\
\0\x6e\x65\x69\x67\x68\x5f\x73\x74\x61\x74\x69\x73\x74\x69\x63\x73\0\x6e\x65\
\x69\x67\x68\x5f\x68\x61\x73\x68\x5f\x74\x61\x62\x6c\x65\0\x6e\x65\x69\x67\x68\
\x5f\x6f\x70\x73\0\x62\x70\x66\x5f\x70\x72\x6f\x67\x5f\x61\x75\x78\0\x6e\x65\
\x74\x64\x65\x76\x5f\x72\x78\x5f\x71\x75\x65\x75\x65\0\x74\x63\x66\x5f\x70\x72\
\x6f\x74\x6f\0\x74\x63\x66\x5f\x62\x6c\x6f\x63\x6b\0\x51\x64\x69\x73\x63\x5f\
\x6f\x70\x73\0\x62\x70\x66\x5f\x78\x64\x70\x5f\x6c\x69\x6e\x6b\0\x73\x6f\x63\
\x6b\x5f\x66\x70\x72\x6f\x67\x5f\x6b\x65\x72\x6e\0\x65\x78\x63\x65\x70\x74\x69\
\x6f\x6e\x5f\x74\x61\x62\x6c\x65\x5f\x65\x6e\x74\x72\x79\0\x6d\x6f\x64\x75\x6c\
\x65\x5f\x70\x61\x72\x61\x6d\x5f\x61\x74\x74\x72\x73\0\x6d\x6f\x64\x75\x6c\x65\
\x5f\x61\x74\x74\x72\x69\x62\x75\x74\x65\0\x6b\x65\x72\x6e\x65\x6c\x5f\x70\x61\
\x72\x61\x6d\0\x70\x6c\x74\x5f\x65\x6e\x74\x72\x79\0\x62\x75\x67\x5f\x65\x6e\
\x74\x72\x79\0\x65\x6c\x66\x36\x34\x5f\x73\x79\x6d\0\x6d\x6f\x64\x75\x6c\x65\
\x5f\x73\x65\x63\x74\x5f\x61\x74\x74\x72\x73\0\x6d\x6f\x64\x75\x6c\x65\x5f\x6e\
\x6f\x74\x65\x73\x5f\x61\x74\x74\x72\x73\0\x73\x72\x63\x75\x5f\x73\x74\x72\x75\
\x63\x74\0\x62\x70\x66\x5f\x72\x61\x77\x5f\x65\x76\x65\x6e\x74\x5f\x6d\x61\x70\
\0\x74\x72\x61\x63\x65\x70\x6f\x69\x6e\x74\0\x6a\x75\x6d\x70\x5f\x65\x6e\x74\
\x72\x79\0\x74\x72\x61\x63\x65\x5f\x65\x76\x65\x6e\x74\x5f\x63\x6c\x61\x73\x73\
\0\x74\x72\x61\x63\x65\x5f\x65\x76\x65\x6e\x74\x5f\x66\x75\x6e\x63\x74\x69\x6f\
\x6e\x73\0\x70\x72\x6f\x67\x5f\x65\x6e\x74\x72\x79\0\x69\x6e\x5f\x64\x65\x76\
\x69\x63\x65\0\x65\x78\x70\x6f\x72\x74\x5f\x6f\x70\x65\x72\x61\x74\x69\x6f\x6e\
\x73\0\x69\x66\x61\x63\x61\x64\x64\x72\x36\0\x64\x73\x74\x5f\x6d\x65\x74\x72\
\x69\x63\x73\0\x78\x66\x72\x6d\x5f\x73\x74\x61\x74\x65\0\x6e\x65\x74\x5f\x67\
\x65\x6e\x65\x72\x69\x63\0\x78\x66\x72\x6d\x5f\x73\x65\x63\x5f\x63\x74\x78\0\
\x66\x6e\x68\x65\x5f\x68\x61\x73\x68\x5f\x62\x75\x63\x6b\x65\x74\0\x72\x74\x36\
\x5f\x65\x78\x63\x65\x70\x74\x69\x6f\x6e\x5f\x62\x75\x63\x6b\x65\x74\0\x63\x74\
\x6c\x5f\x74\x61\x62\x6c\x65\x5f\x70\x6f\x6c\x6c\0\x63\x74\x6c\x5f\x74\x61\x62\
\x6c\x65\x5f\x72\x6f\x6f\x74\0\x63\x74\x6c\x5f\x6e\x6f\x64\x65\0\x69\x63\x6d\
\x70\x76\x36\x5f\x6d\x69\x62\x5f\x64\x65\x76\x69\x63\x65\0\x69\x63\x6d\x70\x76\
\x36\x6d\x73\x67\x5f\x6d\x69\x62\x5f\x64\x65\x76\x69\x63\x65\0\x77\x69\x72\x65\
\x6c\x65\x73\x73\x5f\x64\x65\x76\0\x73\x6f\x63\x6b\x65\x74\0\x72\x63\x75\x5f\
\x6e\x6f\x64\x65\0\x77\x70\x61\x6e\x5f\x64\x65\x76\0\x66\x69\x6c\x65\x5f\x6c\
\x6f\x63\x6b\x5f\x63\x6f\x6e\x74\x65\x78\x74\0\x66\x73\x63\x72\x79\x70\x74\x5f\
\x69\x6e\x66\x6f\0\x66\x73\x76\x65\x72\x69\x74\x79\x5f\x69\x6e\x66\x6f\0\x6b\
\x65\x72\x6e\x66\x73\x5f\x6f\x70\x73\0\x6b\x65\x72\x6e\x66\x73\x5f\x6f\x70\x65\
\x6e\x5f\x6e\x6f\x64\x65\0\x6b\x65\x72\x6e\x66\x73\x5f\x69\x61\x74\x74\x72\x73\
\0\x63\x67\x72\x6f\x75\x70\x5f\x72\x6f\x6f\x74\0\x63\x67\x72\x6f\x75\x70\x5f\
\x72\x73\x74\x61\x74\x5f\x63\x70\x75\0\x70\x73\x69\x5f\x67\x72\x6f\x75\x70\x5f\
\x63\x70\x75\0\x63\x67\x72\x6f\x75\x70\x5f\x73\x75\x62\x73\x79\x73\0\x71\x64\
\x69\x73\x63\x5f\x73\x69\x7a\x65\x5f\x74\x61\x62\x6c\x65\0\x6e\x65\x74\x5f\x72\
\x61\x74\x65\x5f\x65\x73\x74\x69\x6d\x61\x74\x6f\x72\0\x63\x70\x75\x5f\x72\x6d\
\x61\x70\0\x78\x64\x70\x5f\x64\x65\x76\x5f\x62\x75\x6c\x6b\x5f\x71\x75\x65\x75\
\x65\0\x70\x63\x70\x75\x5f\x6c\x73\x74\x61\x74\x73\0\x70\x63\x70\x75\x5f\x73\
\x77\x5f\x6e\x65\x74\x73\x74\x61\x74\x73\0\x70\x68\x79\x5f\x64\x65\x76\x69\x63\
\x65\0\x63\x64\x65\x76\0\x66\x69\x6c\x65\x5f\x6c\x6f\x63\x6b\x5f\x6f\x70\x65\
\x72\x61\x74\x69\x6f\x6e\x73\0\x6c\x6f\x63\x6b\x5f\x6d\x61\x6e\x61\x67\x65\x72\
\x5f\x6f\x70\x65\x72\x61\x74\x69\x6f\x6e\x73\0\x73\x6b\x62\x5f\x65\x78\x74\0\
\x73\x6b\x5f\x6d\x73\x67\0\x72\x65\x71\x75\x65\x73\x74\x5f\x73\x6f\x63\x6b\x5f\
\x6f\x70\x73\0\x74\x69\x6d\x65\x77\x61\x69\x74\x5f\x73\x6f\x63\x6b\x5f\x6f\x70\
\x73\0\x69\x6e\x65\x74\x5f\x65\x68\x61\x73\x68\x5f\x62\x75\x63\x6b\x65\x74\0\
\x69\x6e\x65\x74\x5f\x62\x69\x6e\x64\x5f\x68\x61\x73\x68\x62\x75\x63\x6b\x65\
\x74\0\x72\x61\x77\x5f\x68\x61\x73\x68\x69\x6e\x66\x6f\0\x6b\x65\x79\x5f\x75\
\x73\x65\x72\0\x73\x6f\x63\x6b\x5f\x72\x65\x75\x73\x65\x70\x6f\x72\x74\0\x62\
\x70\x66\x5f\x73\x74\x6f\x72\x61\x67\x65\x5f\x62\x75\x66\x66\x65\x72\0\x62\x70\
\x66\x5f\x63\x67\x72\x6f\x75\x70\x5f\x73\x74\x6f\x72\x61\x67\x65\x5f\x6d\x61\
\x70\0\x70\x65\x72\x66\x5f\x63\x70\x75\x5f\x63\x6f\x6e\x74\x65\x78\x74\0\x70\
\x65\x72\x66\x5f\x65\x76\x65\x6e\x74\x5f\x6d\x6d\x61\x70\x5f\x70\x61\x67\x65\0\
\x70\x65\x72\x66\x5f\x61\x64\x64\x72\x5f\x66\x69\x6c\x74\x65\x72\x5f\x72\x61\
\x6e\x67\x65\0\x70\x65\x72\x66\x5f\x72\x61\x77\x5f\x72\x65\x63\x6f\x72\x64\0\
\x70\x65\x72\x66\x5f\x62\x72\x61\x6e\x63\x68\x5f\x73\x74\x61\x63\x6b\0\x70\x65\
\x72\x66\x5f\x63\x61\x6c\x6c\x63\x68\x61\x69\x6e\x5f\x65\x6e\x74\x72\x79\0\x74\
\x72\x61\x63\x65\x5f\x65\x76\x61\x6c\x5f\x6d\x61\x70\0\x6b\x65\x72\x6e\x65\x6c\
\x5f\x73\x69\x67\x69\x6e\x66\x6f\0\x6b\x69\x6f\x63\x74\x78\x5f\x74\x61\x62\x6c\
\x65\0\x76\x6d\x5f\x6f\x70\x65\x72\x61\x74\x69\x6f\x6e\x73\x5f\x73\x74\x72\x75\
\x63\x74\0\x75\x73\x65\x72\x66\x61\x75\x6c\x74\x66\x64\x5f\x63\x74\x78\0\x74\
\x63\x70\x5f\x6d\x69\x62\0\x6c\x69\x6e\x75\x78\x5f\x6d\x69\x62\0\x69\x63\x6d\
\x70\x5f\x6d\x69\x62\0\x69\x63\x6d\x70\x6d\x73\x67\x5f\x6d\x69\x62\0\x69\x63\
\x6d\x70\x76\x36\x5f\x6d\x69\x62\0\x69\x63\x6d\x70\x76\x36\x6d\x73\x67\x5f\x6d\
\x69\x62\0\x69\x70\x5f\x72\x61\x5f\x63\x68\x61\x69\x6e\0\x69\x6e\x65\x74\x5f\
\x66\x72\x61\x67\x73\0\x74\x63\x70\x5f\x63\x6f\x6e\x67\x65\x73\x74\x69\x6f\x6e\
\x5f\x6f\x70\x73\0\x74\x63\x70\x5f\x66\x61\x73\x74\x6f\x70\x65\x6e\x5f\x63\x6f\
\x6e\x74\x65\x78\x74\0\x6d\x72\x5f\x74\x61\x62\x6c\x65\0\x72\x74\x36\x5f\x73\
\x74\x61\x74\x69\x73\x74\x69\x63\x73\0\x73\x65\x67\x36\x5f\x70\x65\x72\x6e\x65\
\x74\x5f\x64\x61\x74\x61\0\x69\x6f\x61\x6d\x36\x5f\x70\x65\x72\x6e\x65\x74\x5f\
\x64\x61\x74\x61\0\x63\x74\x5f\x70\x63\x70\x75\0\x69\x70\x5f\x63\x6f\x6e\x6e\
\x74\x72\x61\x63\x6b\x5f\x73\x74\x61\x74\0\x6e\x66\x5f\x63\x74\x5f\x65\x76\x65\
\x6e\x74\x5f\x6e\x6f\x74\x69\x66\x69\x65\x72\0\x73\x75\x70\x65\x72\x5f\x6f\x70\
\x65\x72\x61\x74\x69\x6f\x6e\x73\0\x64\x71\x75\x6f\x74\x5f\x6f\x70\x65\x72\x61\
\x74\x69\x6f\x6e\x73\0\x71\x75\x6f\x74\x61\x63\x74\x6c\x5f\x6f\x70\x73\0\x78\
\x61\x74\x74\x72\x5f\x68\x61\x6e\x64\x6c\x65\x72\0\x66\x73\x63\x72\x79\x70\x74\
\x5f\x6f\x70\x65\x72\x61\x74\x69\x6f\x6e\x73\0\x72\x65\x71\x75\x65\x73\x74\x5f\
\x71\x75\x65\x75\x65\0\x66\x73\x63\x72\x79\x70\x74\x5f\x6b\x65\x79\x72\x69\x6e\
\x67\0\x66\x73\x76\x65\x72\x69\x74\x79\x5f\x6f\x70\x65\x72\x61\x74\x69\x6f\x6e\
\x73\0\x75\x6e\x69\x63\x6f\x64\x65\x5f\x6d\x61\x70\0\x6d\x74\x64\x5f\x69\x6e\
\x66\x6f\0\x71\x75\x6f\x74\x61\x5f\x66\x6f\x72\x6d\x61\x74\x5f\x74\x79\x70\x65\
\0\x6c\x69\x73\x74\x5f\x6c\x72\x75\x5f\x6e\x6f\x64\x65\0\x70\x61\x67\x65\x5f\
\x70\x6f\x6f\x6c\0\x64\x65\x76\x5f\x70\x61\x67\x65\x6d\x61\x70\0\x66\x73\x5f\
\x73\x74\x72\x75\x63\x74\0\x66\x69\x65\x6d\x61\x70\x5f\x65\x78\x74\x65\x6e\x74\
\0\x5f\x5f\x6b\x65\x72\x6e\x65\x6c\x5f\x74\x69\x6d\x65\x73\x70\x65\x63\0\x6f\
\x6c\x64\x5f\x74\x69\x6d\x65\x73\x70\x65\x63\x33\x32\0\x70\x6f\x6c\x6c\x66\x64\
\0\x73\x65\x6d\x5f\x75\x6e\x64\x6f\x5f\x6c\x69\x73\x74\0\x66\x69\x6c\x65\x73\
\x5f\x73\x74\x72\x75\x63\x74\0\x73\x69\x67\x6e\x61\x6c\x5f\x73\x74\x72\x75\x63\
\x74\0\x73\x69\x67\x68\x61\x6e\x64\x5f\x73\x74\x72\x75\x63\x74\0\x73\x65\x63\
\x63\x6f\x6d\x70\x5f\x66\x69\x6c\x74\x65\x72\0\x72\x74\x5f\x6d\x75\x74\x65\x78\
\x5f\x77\x61\x69\x74\x65\x72\0\x62\x6c\x6b\x5f\x70\x6c\x75\x67\0\x72\x6f\x62\
\x75\x73\x74\x5f\x6c\x69\x73\x74\x5f\x68\x65\x61\x64\0\x63\x6f\x6d\x70\x61\x74\
\x5f\x72\x6f\x62\x75\x73\x74\x5f\x6c\x69\x73\x74\x5f\x68\x65\x61\x64\0\x66\x75\
\x74\x65\x78\x5f\x70\x69\x5f\x73\x74\x61\x74\x65\0\x66\x74\x72\x61\x63\x65\x5f\
\x72\x65\x74\x5f\x73\x74\x61\x63\x6b\0\x75\x70\x72\x6f\x62\x65\x5f\x74\x61\x73\
\x6b\0\x76\x6d\x5f\x73\x74\x72\x75\x63\x74\0\x62\x70\x66\x5f\x72\x75\x6e\x5f\
\x63\x74\x78\0\0\0\x9f\xeb\x01\0\x20\0\0\0\0\0\0\0\x24\0\0\0\x24\0\0\0\x44\x13\
\0\0\x68\x13\0\0\x74\x04\0\0\x08\0\0\0\x5e\0\0\0\x01\0\0\0\0\0\0\0\x0c\0\0\0\
\xd7\xc4\0\0\x01\0\0\0\0\0\0\0\xd2\x06\0\0\x10\0\0\0\x5e\0\0\0\xc2\0\0\0\0\0\0\
\0\xd9\x47\0\0\x9c\x48\0\0\0\xfc\x01\0\x08\0\0\0\xd9\x47\0\0\x9c\x48\0\0\x05\
\xfc\x01\0\x30\0\0\0\xd9\x47\0\0\0\0\0\0\0\0\0\0\x38\0\0\0\xd9\x47\0\0\xc4\x48\
\0\0\x0b\x68\0\0\x48\0\0\0\xd9\x47\0\0\xc4\x48\0\0\x0b\x68\0\0\x50\0\0\0\xd9\
\x47\0\0\xc4\x48\0\0\x23\x68\0\0\x58\0\0\0\xd9\x47\0\0\xf5\x48\0\0\x07\x0c\x02\
\0\x68\0\0\0\xd9\x47\0\0\x12\x49\0\0\x1c\x20\x02\0\x90\0\0\0\xd9\x47\0\0\x5b\
\x49\0\0\x07\x24\x02\0\xa8\0\0\0\xd9\x47\0\0\0\0\0\0\0\0\0\0\xb0\0\0\0\xd9\x47\
\0\0\x72\x49\0\0\x22\x34\x02\0\xc0\0\0\0\xd9\x47\0\0\xa9\x49\0\0\x0f\x30\x02\0\
\xf0\0\0\0\xd9\x47\0\0\0\0\0\0\0\0\0\0\xf8\0\0\0\xd9\x47\0\0\xcd\x49\0\0\x1e\
\x6c\x01\0\x28\x01\0\0\xd9\x47\0\0\0\0\0\0\0\0\0\0\x30\x01\0\0\xd9\x47\0\0\xcd\
\x49\0\0\x1e\x6c\x01\0\x48\x01\0\0\xd9\x47\0\0\xcd\x49\0\0\x1e\x6c\x01\0\x58\
\x01\0\0\xd9\x47\0\0\x1d\x4a\0\0\x15\x34\x01\0\x80\x01\0\0\xd9\x47\0\0\x1d\x4a\
\0\0\x03\x34\x01\0\xa8\x01\0\0\xd9\x47\0\0\0\0\0\0\0\0\0\0\xb0\x01\0\0\xd9\x47\
\0\0\x3e\x4a\0\0\x22\x38\x01\0\xe0\x01\0\0\xd9\x47\0\0\0\0\0\0\0\0\0\0\xe8\x01\
\0\0\xd9\x47\0\0\x3e\x4a\0\0\x22\x38\x01\0\xf8\x01\0\0\xd9\x47\0\0\x3e\x4a\0\0\
\x22\x38\x01\0\0\x02\0\0\xd9\x47\0\0\x8e\x4a\0\0\x13\x3c\x01\0\x28\x02\0\0\xd9\
\x47\0\0\0\0\0\0\0\0\0\0\x30\x02\0\0\xd9\x47\0\0\x8e\x4a\0\0\x17\x3c\x01\0\x50\
\x02\0\0\xd9\x47\0\0\x8e\x4a\0\0\x17\x3c\x01\0\x60\x02\0\0\xd9\x47\0\0\0\0\0\0\
\0\0\0\0\x68\x02\0\0\xd9\x47\0\0\xce\x4a\0\0\x17\x40\x01\0\x78\x02\0\0\xd9\x47\
\0\0\xce\x4a\0\0\x17\x40\x01\0\x80\x02\0\0\xd9\x47\0\0\x8e\x4a\0\0\x09\x3c\x01\
\0\xa8\x02\0\0\xd9\x47\0\0\0\0\0\0\0\0\0\0\xb0\x02\0\0\xd9\x47\0\0\x11\x4b\0\0\
\x15\x70\x01\0\xc0\x02\0\0\xd9\x47\0\0\x11\x4b\0\0\x15\x70\x01\0\xd0\x02\0\0\
\xd9\x47\0\0\x11\x4b\0\0\x13\x70\x01\0\xf0\x02\0\0\xd9\x47\0\0\0\0\0\0\0\0\0\0\
\xf8\x02\0\0\xd9\x47\0\0\x48\x4b\0\0\x22\x74\x01\0\x10\x03\0\0\xd9\x47\0\0\x48\
\x4b\0\0\x22\x74\x01\0\x18\x03\0\0\xd9\x47\0\0\x48\x4b\0\0\x20\x74\x01\0\x48\
\x03\0\0\xd9\x47\0\0\0\0\0\0\0\0\0\0\x50\x03\0\0\xd9\x47\0\0\x90\x4b\0\0\x1b\
\x78\x01\0\x78\x03\0\0\xd9\x47\0\0\0\0\0\0\0\0\0\0\x80\x03\0\0\xd9\x47\0\0\x90\
\x4b\0\0\x1b\x78\x01\0\x90\x03\0\0\xd9\x47\0\0\x90\x4b\0\0\x1b\x78\x01\0\x98\
\x03\0\0\xd9\x47\0\0\x90\x4b\0\0\x19\x78\x01\0\xc8\x03\0\0\xd9\x47\0\0\0\0\0\0\
\0\0\0\0\xd0\x03\0\0\xd9\x47\0\0\xda\x4b\0\0\x14\x7c\x01\0\xe0\x03\0\0\xd9\x47\
\0\0\xda\x4b\0\0\x14\x7c\x01\0\xe8\x03\0\0\xd9\x47\0\0\xda\x4b\0\0\x12\x7c\x01\
\0\x10\x04\0\0\xd9\x47\0\0\0\0\0\0\0\0\0\0\x18\x04\0\0\xd9\x47\0\0\x0b\x4c\0\0\
\x14\x84\x01\0\x50\x04\0\0\xd9\x47\0\0\0\0\0\0\0\0\0\0\x58\x04\0\0\xd9\x47\0\0\
\x0b\x4c\0\0\x14\x84\x01\0\x68\x04\0\0\xd9\x47\0\0\x0b\x4c\0\0\x14\x84\x01\0\
\x70\x04\0\0\xd9\x47\0\0\x0b\x4c\0\0\x12\x84\x01\0\x80\x04\0\0\xd9\x47\0\0\0\0\
\0\0\0\0\0\0\x88\x04\0\0\xd9\x47\0\0\x4a\x4c\0\0\x14\x88\x01\0\xc0\x04\0\0\xd9\
\x47\0\0\0\0\0\0\0\0\0\0\xc8\x04\0\0\xd9\x47\0\0\x4a\x4c\0\0\x14\x88\x01\0\xd8\
\x04\0\0\xd9\x47\0\0\x4a\x4c\0\0\x14\x88\x01\0\xe0\x04\0\0\xd9\x47\0\0\x4a\x4c\
\0\0\x12\x88\x01\0\0\x05\0\0\xd9\x47\0\0\0\0\0\0\0\0\0\0\x08\x05\0\0\xd9\x47\0\
\0\x8e\x4c\0\0\x2a\x94\x01\0\x40\x05\0\0\xd9\x47\0\0\0\0\0\0\0\0\0\0\x48\x05\0\
\0\xd9\x47\0\0\x8e\x4c\0\0\x2a\x94\x01\0\x58\x05\0\0\xd9\x47\0\0\x8e\x4c\0\0\
\x2a\x94\x01\0\x68\x05\0\0\xd9\x47\0\0\0\0\0\0\0\0\0\0\x70\x05\0\0\xd9\x47\0\0\
\xdf\x4c\0\0\x28\x98\x01\0\xa8\x05\0\0\xd9\x47\0\0\0\0\0\0\0\0\0\0\xb0\x05\0\0\
\xd9\x47\0\0\xdf\x4c\0\0\x28\x98\x01\0\xc0\x05\0\0\xd9\x47\0\0\xdf\x4c\0\0\x28\
\x98\x01\0\xc8\x05\0\0\xd9\x47\0\0\x2c\x4d\0\0\x10\x9c\x01\0\xd8\x05\0\0\xd9\
\x47\0\0\x2c\x4d\0\0\x07\x9c\x01\0\xe8\x05\0\0\xd9\x47\0\0\0\0\0\0\0\0\0\0\xf0\
\x05\0\0\xd9\x47\0\0\x6c\x4d\0\0\x22\xb0\x01\0\0\x06\0\0\xd9\x47\0\0\x6c\x4d\0\
\0\x03\xb0\x01\0\x10\x06\0\0\xd9\x47\0\0\xb6\x4d\0\0\x12\xb8\x01\0\x18\x06\0\0\
\xd9\x47\0\0\xb6\x4d\0\0\x07\xb8\x01\0\x28\x06\0\0\xd9\x47\0\0\xfc\x4d\0\0\x3c\
\xbc\x01\0\x50\x06\0\0\xd9\x47\0\0\0\0\0\0\0\0\0\0\x58\x06\0\0\xd9\x47\0\0\x45\
\x4e\0\0\x15\x7c\0\0\xc8\x06\0\0\xd9\x47\0\0\0\0\0\0\0\0\0\0\xd0\x06\0\0\xd9\
\x47\0\0\x45\x4e\0\0\x15\x7c\0\0\xe0\x06\0\0\xd9\x47\0\0\x45\x4e\0\0\x15\x7c\0\
\0\xe8\x06\0\0\xd9\x47\0\0\x45\x4e\0\0\x13\x7c\0\0\xf8\x06\0\0\xd9\x47\0\0\0\0\
\0\0\0\0\0\0\0\x07\0\0\xd9\x47\0\0\x42\x4f\0\0\x15\x80\0\0\x70\x07\0\0\xd9\x47\
\0\0\0\0\0\0\0\0\0\0\x78\x07\0\0\xd9\x47\0\0\x42\x4f\0\0\x15\x80\0\0\x88\x07\0\
\0\xd9\x47\0\0\x42\x4f\0\0\x15\x80\0\0\x90\x07\0\0\xd9\x47\0\0\x42\x4f\0\0\x13\
\x80\0\0\xa0\x07\0\0\xd9\x47\0\0\0\0\0\0\0\0\0\0\xa8\x07\0\0\xd9\x47\0\0\xbc\
\x4f\0\0\x18\x84\0\0\x18\x08\0\0\xd9\x47\0\0\0\0\0\0\0\0\0\0\x20\x08\0\0\xd9\
\x47\0\0\xbc\x4f\0\0\x18\x84\0\0\x30\x08\0\0\xd9\x47\0\0\xbc\x4f\0\0\x18\x84\0\
\0\x38\x08\0\0\xd9\x47\0\0\xbc\x4f\0\0\x16\x84\0\0\x48\x08\0\0\xd9\x47\0\0\0\0\
\0\0\0\0\0\0\x50\x08\0\0\xd9\x47\0\0\xec\x5e\0\0\x15\x88\0\0\xc0\x08\0\0\xd9\
\x47\0\0\0\0\0\0\0\0\0\0\xc8\x08\0\0\xd9\x47\0\0\xec\x5e\0\0\x15\x88\0\0\xd8\
\x08\0\0\xd9\x47\0\0\xec\x5e\0\0\x15\x88\0\0\xe0\x08\0\0\xd9\x47\0\0\xec\x5e\0\
\0\x13\x88\0\0\xf0\x08\0\0\xd9\x47\0\0\0\0\0\0\0\0\0\0\xf8\x08\0\0\xd9\x47\0\0\
\xef\x71\0\0\x15\x8c\0\0\x68\x09\0\0\xd9\x47\0\0\0\0\0\0\0\0\0\0\x70\x09\0\0\
\xd9\x47\0\0\xef\x71\0\0\x15\x8c\0\0\x80\x09\0\0\xd9\x47\0\0\xef\x71\0\0\x15\
\x8c\0\0\x88\x09\0\0\xd9\x47\0\0\xef\x71\0\0\x13\x8c\0\0\x98\x09\0\0\xd9\x47\0\
\0\0\0\0\0\0\0\0\0\xa0\x09\0\0\xd9\x47\0\0\xaa\xbe\0\0\x16\x90\0\0\x40\x0a\0\0\
\xd9\x47\0\0\0\0\0\0\0\0\0\0\x48\x0a\0\0\xd9\x47\0\0\xaa\xbe\0\0\x16\x90\0\0\
\x58\x0a\0\0\xd9\x47\0\0\xaa\xbe\0\0\x16\x90\0\0\x60\x0a\0\0\xd9\x47\0\0\xaa\
\xbe\0\0\x14\x90\0\0\x70\x0a\0\0\xd9\x47\0\0\0\0\0\0\0\0\0\0\x78\x0a\0\0\xd9\
\x47\0\0\x3c\xbf\0\0\x15\x94\0\0\xe0\x0a\0\0\xd9\x47\0\0\0\0\0\0\0\0\0\0\xe8\
\x0a\0\0\xd9\x47\0\0\x3c\xbf\0\0\x15\x94\0\0\xf8\x0a\0\0\xd9\x47\0\0\x3c\xbf\0\
\0\x15\x94\0\0\0\x0b\0\0\xd9\x47\0\0\x3c\xbf\0\0\x13\x94\0\0\x28\x0b\0\0\xd9\
\x47\0\0\0\0\0\0\0\0\0\0\x30\x0b\0\0\xd9\x47\0\0\x6d\xc0\0\0\x17\xb4\0\0\xa0\
\x0b\0\0\xd9\x47\0\0\0\0\0\0\0\0\0\0\xa8\x0b\0\0\xd9\x47\0\0\x6d\xc0\0\0\x17\
\xb4\0\0\xb8\x0b\0\0\xd9\x47\0\0\x6d\xc0\0\0\x17\xb4\0\0\xc0\x0b\0\0\xd9\x47\0\
\0\x6d\xc0\0\0\x15\xb4\0\0\xd0\x0b\0\0\xd9\x47\0\0\0\0\0\0\0\0\0\0\xd8\x0b\0\0\
\xd9\x47\0\0\xae\xc0\0\0\x15\xb8\0\0\x40\x0c\0\0\xd9\x47\0\0\0\0\0\0\0\0\0\0\
\x48\x0c\0\0\xd9\x47\0\0\xae\xc0\0\0\x15\xb8\0\0\x58\x0c\0\0\xd9\x47\0\0\xae\
\xc0\0\0\x15\xb8\0\0\x60\x0c\0\0\xd9\x47\0\0\xae\xc0\0\0\x13\xb8\0\0\x70\x0c\0\
\0\xd9\x47\0\0\0\0\0\0\0\0\0\0\x78\x0c\0\0\xd9\x47\0\0\xf7\xc0\0\0\x15\xbc\0\0\
\xe0\x0c\0\0\xd9\x47\0\0\0\0\0\0\0\0\0\0\xe8\x0c\0\0\xd9\x47\0\0\xf7\xc0\0\0\
\x15\xbc\0\0\xf8\x0c\0\0\xd9\x47\0\0\xf7\xc0\0\0\x15\xbc\0\0\0\x0d\0\0\xd9\x47\
\0\0\xf7\xc0\0\0\x13\xbc\0\0\x10\x0d\0\0\xd9\x47\0\0\0\0\0\0\0\0\0\0\x18\x0d\0\
\0\xd9\x47\0\0\x40\xc1\0\0\x16\xc0\0\0\x80\x0d\0\0\xd9\x47\0\0\0\0\0\0\0\0\0\0\
\x88\x0d\0\0\xd9\x47\0\0\x40\xc1\0\0\x16\xc0\0\0\x98\x0d\0\0\xd9\x47\0\0\x40\
\xc1\0\0\x16\xc0\0\0\xa0\x0d\0\0\xd9\x47\0\0\x40\xc1\0\0\x14\xc0\0\0\xb0\x0d\0\
\0\xd9\x47\0\0\0\0\0\0\0\0\0\0\xb8\x0d\0\0\xd9\x47\0\0\x85\xc1\0\0\x1e\xc4\0\0\
\x20\x0e\0\0\xd9\x47\0\0\0\0\0\0\0\0\0\0\x28\x0e\0\0\xd9\x47\0\0\x85\xc1\0\0\
\x1e\xc4\0\0\x38\x0e\0\0\xd9\x47\0\0\x85\xc1\0\0\x1e\xc4\0\0\x40\x0e\0\0\xd9\
\x47\0\0\x85\xc1\0\0\x1c\xc4\0\0\x50\x0e\0\0\xd9\x47\0\0\0\0\0\0\0\0\0\0\x58\
\x0e\0\0\xd9\x47\0\0\xdd\xc1\0\0\x07\xcc\0\0\xc0\x0e\0\0\xd9\x47\0\0\0\0\0\0\0\
\0\0\0\xc8\x0e\0\0\xd9\x47\0\0\xdd\xc1\0\0\x07\xcc\0\0\xd8\x0e\0\0\xd9\x47\0\0\
\xdd\xc1\0\0\x07\xcc\0\0\xe0\x0e\0\0\xd9\x47\0\0\x1f\xc2\0\0\x1d\xc8\0\0\xf0\
\x0e\0\0\xd9\x47\0\0\0\0\0\0\0\0\0\0\xf8\x0e\0\0\xd9\x47\0\0\x3d\xc2\0\0\x1e\
\xd0\0\0\x60\x0f\0\0\xd9\x47\0\0\0\0\0\0\0\0\0\0\x68\x0f\0\0\xd9\x47\0\0\x3d\
\xc2\0\0\x1e\xd0\0\0\x78\x0f\0\0\xd9\x47\0\0\x3d\xc2\0\0\x1e\xd0\0\0\x80\x0f\0\
\0\xd9\x47\0\0\x3d\xc2\0\0\x1c\xd0\0\0\x90\x0f\0\0\xd9\x47\0\0\0\0\0\0\0\0\0\0\
\x98\x0f\0\0\xd9\x47\0\0\x95\xc2\0\0\x07\xd8\0\0\0\x10\0\0\xd9\x47\0\0\0\0\0\0\
\0\0\0\0\x08\x10\0\0\xd9\x47\0\0\x95\xc2\0\0\x07\xd8\0\0\x18\x10\0\0\xd9\x47\0\
\0\x95\xc2\0\0\x07\xd8\0\0\x20\x10\0\0\xd9\x47\0\0\xd7\xc2\0\0\x1d\xd4\0\0\x30\
\x10\0\0\xd9\x47\0\0\0\0\0\0\0\0\0\0\x38\x10\0\0\xd9\x47\0\0\xf5\xc2\0\0\x0f\
\xe0\0\0\xd0\x10\0\0\xd9\x47\0\0\0\0\0\0\0\0\0\0\xd8\x10\0\0\xd9\x47\0\0\xf5\
\xc2\0\0\x0f\xe0\0\0\xf8\x10\0\0\xd9\x47\0\0\xf5\xc2\0\0\x0f\xe0\0\0\0\x11\0\0\
\xd9\x47\0\0\x34\xc3\0\0\x38\xf0\0\0\x18\x11\0\0\xd9\x47\0\0\x34\xc3\0\0\x0e\
\xf0\0\0\x28\x11\0\0\xd9\x47\0\0\x34\xc3\0\0\x1f\xf0\0\0\x38\x11\0\0\xd9\x47\0\
\0\x34\xc3\0\0\x16\xf0\0\0\x40\x11\0\0\xd9\x47\0\0\x34\xc3\0\0\x25\xf0\0\0\x48\
\x11\0\0\xd9\x47\0\0\x73\xc3\0\0\x1f\xec\0\0\x70\x11\0\0\xd9\x47\0\0\0\0\0\0\0\
\0\0\0\x78\x11\0\0\xd9\x47\0\0\x98\xc3\0\0\x1e\0\x01\0\x88\x11\0\0\xd9\x47\0\0\
\x98\xc3\0\0\x1e\0\x01\0\x98\x11\0\0\xd9\x47\0\0\xd2\xc3\0\0\x17\x4c\x02\0\xa0\
\x11\0\0\xd9\x47\0\0\x04\xc4\0\0\x03\x04\x01\0\xd0\x11\0\0\xd9\x47\0\0\0\0\0\0\
\0\0\0\0\xd8\x11\0\0\xd9\x47\0\0\x4d\xc4\0\0\x18\x14\x01\0\x70\x12\0\0\xd9\x47\
\0\0\0\0\0\0\0\0\0\0\x78\x12\0\0\xd9\x47\0\0\x4d\xc4\0\0\x18\x14\x01\0\x88\x12\
\0\0\xd9\x47\0\0\x4d\xc4\0\0\x18\x14\x01\0\x90\x12\0\0\xd9\x47\0\0\x4d\xc4\0\0\
\x16\x14\x01\0\x98\x12\0\0\xd9\x47\0\0\x9d\xc4\0\0\x03\x58\x02\0\xb0\x12\0\0\
\xd9\x47\0\0\x9c\x48\0\0\x05\xfc\x01\0\xd7\xc4\0\0\x71\0\0\0\0\0\0\0\xd9\x47\0\
\0\xf9\xc4\0\0\0\x7c\x02\0\x08\0\0\0\xd9\x47\0\0\xf9\xc4\0\0\x05\x7c\x02\0\x28\
\0\0\0\xd9\x47\0\0\0\0\0\0\0\0\0\0\x30\0\0\0\xd9\x47\0\0\xc4\x48\0\0\x0b\x68\0\
\0\x40\0\0\0\xd9\x47\0\0\xc4\x48\0\0\x0b\x68\0\0\x48\0\0\0\xd9\x47\0\0\xc4\x48\
\0\0\x23\x68\0\0\x50\0\0\0\xd9\x47\0\0\xf5\x48\0\0\x07\x80\x02\0\x78\0\0\0\xd9\
\x47\0\0\0\0\0\0\0\0\0\0\x80\0\0\0\xd9\x47\0\0\x45\xc5\0\0\x08\x8c\x02\0\xa8\0\
\0\0\xd9\x47\0\0\x45\xc5\0\0\x08\x8c\x02\0\xb8\0\0\0\xd9\x47\0\0\0\0\0\0\0\0\0\
\0\xc0\0\0\0\xd9\x47\0\0\x45\xc5\0\0\x27\x8c\x02\0\xd0\0\0\0\xd9\x47\0\0\x45\
\xc5\0\0\x27\x8c\x02\0\xd8\0\0\0\xd9\x47\0\0\x45\xc5\0\0\x45\x8c\x02\0\xf8\0\0\
\0\xd9\x47\0\0\x1d\x4a\0\0\x15\x34\x01\0\x20\x01\0\0\xd9\x47\0\0\x1d\x4a\0\0\
\x03\x34\x01\0\x48\x01\0\0\xd9\x47\0\0\0\0\0\0\0\0\0\0\x50\x01\0\0\xd9\x47\0\0\
\x3e\x4a\0\0\x22\x38\x01\0\x80\x01\0\0\xd9\x47\0\0\0\0\0\0\0\0\0\0\x88\x01\0\0\
\xd9\x47\0\0\x3e\x4a\0\0\x22\x38\x01\0\x98\x01\0\0\xd9\x47\0\0\x3e\x4a\0\0\x22\
\x38\x01\0\xa0\x01\0\0\xd9\x47\0\0\x8e\x4a\0\0\x13\x3c\x01\0\xc8\x01\0\0\xd9\
\x47\0\0\0\0\0\0\0\0\0\0\xd0\x01\0\0\xd9\x47\0\0\x8e\x4a\0\0\x17\x3c\x01\0\xf0\
\x01\0\0\xd9\x47\0\0\x8e\x4a\0\0\x17\x3c\x01\0\0\x02\0\0\xd9\x47\0\0\0\0\0\0\0\
\0\0\0\x08\x02\0\0\xd9\x47\0\0\xce\x4a\0\0\x17\x40\x01\0\x18\x02\0\0\xd9\x47\0\
\0\xce\x4a\0\0\x17\x40\x01\0\x20\x02\0\0\xd9\x47\0\0\x8e\x4a\0\0\x09\x3c\x01\0\
\x30\x02\0\0\xd9\x47\0\0\x45\xc5\0\0\x07\x8c\x02\0\x40\x02\0\0\xd9\x47\0\0\x12\
\x49\0\0\x1c\xac\x02\0\x68\x02\0\0\xd9\x47\0\0\x5b\x49\0\0\x07\xb0\x02\0\x88\
\x02\0\0\xd9\x47\0\0\x8c\xc5\0\0\x22\xc0\x02\0\x98\x02\0\0\xd9\x47\0\0\xa9\x49\
\0\0\x0f\xbc\x02\0\xc0\x02\0\0\xd9\x47\0\0\x8c\xc5\0\0\x22\xc0\x02\0\xc8\x02\0\
\0\xd9\x47\0\0\xcd\x49\0\0\x1e\x6c\x01\0\xf8\x02\0\0\xd9\x47\0\0\x8c\xc5\0\0\
\x22\xc0\x02\0\0\x03\0\0\xd9\x47\0\0\xcd\x49\0\0\x1e\x6c\x01\0\x18\x03\0\0\xd9\
\x47\0\0\xcd\x49\0\0\x1e\x6c\x01\0\x28\x03\0\0\xd9\x47\0\0\x1d\x4a\0\0\x15\x34\
\x01\0\x50\x03\0\0\xd9\x47\0\0\x1d\x4a\0\0\x03\x34\x01\0\x78\x03\0\0\xd9\x47\0\
\0\0\0\0\0\0\0\0\0\x80\x03\0\0\xd9\x47\0\0\x3e\x4a\0\0\x22\x38\x01\0\xb0\x03\0\
\0\xd9\x47\0\0\0\0\0\0\0\0\0\0\xb8\x03\0\0\xd9\x47\0\0\x3e\x4a\0\0\x22\x38\x01\
\0\xc8\x03\0\0\xd9\x47\0\0\x3e\x4a\0\0\x22\x38\x01\0\xd0\x03\0\0\xd9\x47\0\0\
\x8e\x4a\0\0\x13\x3c\x01\0\xf8\x03\0\0\xd9\x47\0\0\0\0\0\0\0\0\0\0\0\x04\0\0\
\xd9\x47\0\0\x8e\x4a\0\0\x17\x3c\x01\0\x20\x04\0\0\xd9\x47\0\0\x8e\x4a\0\0\x17\
\x3c\x01\0\x30\x04\0\0\xd9\x47\0\0\0\0\0\0\0\0\0\0\x38\x04\0\0\xd9\x47\0\0\xce\
\x4a\0\0\x17\x40\x01\0\x48\x04\0\0\xd9\x47\0\0\xce\x4a\0\0\x17\x40\x01\0\x50\
\x04\0\0\xd9\x47\0\0\x8e\x4a\0\0\x09\x3c\x01\0\x78\x04\0\0\xd9\x47\0\0\0\0\0\0\
\0\0\0\0\x80\x04\0\0\xd9\x47\0\0\x11\x4b\0\0\x15\x70\x01\0\x90\x04\0\0\xd9\x47\
\0\0\x11\x4b\0\0\x15\x70\x01\0\xa0\x04\0\0\xd9\x47\0\0\x11\x4b\0\0\x13\x70\x01\
\0\xc0\x04\0\0\xd9\x47\0\0\0\0\0\0\0\0\0\0\xc8\x04\0\0\xd9\x47\0\0\x48\x4b\0\0\
\x22\x74\x01\0\xe0\x04\0\0\xd9\x47\0\0\x48\x4b\0\0\x22\x74\x01\0\xe8\x04\0\0\
\xd9\x47\0\0\x48\x4b\0\0\x20\x74\x01\0\x18\x05\0\0\xd9\x47\0\0\0\0\0\0\0\0\0\0\
\x20\x05\0\0\xd9\x47\0\0\x90\x4b\0\0\x1b\x78\x01\0\x48\x05\0\0\xd9\x47\0\0\0\0\
\0\0\0\0\0\0\x50\x05\0\0\xd9\x47\0\0\x90\x4b\0\0\x1b\x78\x01\0\x60\x05\0\0\xd9\
\x47\0\0\x90\x4b\0\0\x1b\x78\x01\0\x68\x05\0\0\xd9\x47\0\0\x90\x4b\0\0\x19\x78\
\x01\0\x88\x05\0\0\xd9\x47\0\0\0\0\0\0\0\0\0\0\x90\x05\0\0\xd9\x47\0\0\xda\x4b\
\0\0\x14\x7c\x01\0\xa0\x05\0\0\xd9\x47\0\0\xda\x4b\0\0\x14\x7c\x01\0\xa8\x05\0\
\0\xd9\x47\0\0\xda\x4b\0\0\x12\x7c\x01\0\xd0\x05\0\0\xd9\x47\0\0\0\0\0\0\0\0\0\
\0\xd8\x05\0\0\xd9\x47\0\0\x0b\x4c\0\0\x14\x84\x01\0\x10\x06\0\0\xd9\x47\0\0\0\
\0\0\0\0\0\0\0\x18\x06\0\0\xd9\x47\0\0\x0b\x4c\0\0\x14\x84\x01\0\x28\x06\0\0\
\xd9\x47\0\0\x0b\x4c\0\0\x14\x84\x01\0\x30\x06\0\0\xd9\x47\0\0\x0b\x4c\0\0\x12\
\x84\x01\0\x40\x06\0\0\xd9\x47\0\0\0\0\0\0\0\0\0\0\x48\x06\0\0\xd9\x47\0\0\x4a\
\x4c\0\0\x14\x88\x01\0\x80\x06\0\0\xd9\x47\0\0\0\0\0\0\0\0\0\0\x88\x06\0\0\xd9\
\x47\0\0\x4a\x4c\0\0\x14\x88\x01\0\x98\x06\0\0\xd9\x47\0\0\x4a\x4c\0\0\x14\x88\
\x01\0\xa0\x06\0\0\xd9\x47\0\0\x4a\x4c\0\0\x12\x88\x01\0\xc8\x06\0\0\xd9\x47\0\
\0\0\0\0\0\0\0\0\0\xd0\x06\0\0\xd9\x47\0\0\x8e\x4c\0\0\x2a\x94\x01\0\x08\x07\0\
\0\xd9\x47\0\0\0\0\0\0\0\0\0\0\x10\x07\0\0\xd9\x47\0\0\x8e\x4c\0\0\x2a\x94\x01\
\0\x20\x07\0\0\xd9\x47\0\0\x8e\x4c\0\0\x2a\x94\x01\0\x30\x07\0\0\xd9\x47\0\0\0\
\0\0\0\0\0\0\0\x38\x07\0\0\xd9\x47\0\0\xdf\x4c\0\0\x28\x98\x01\0\x70\x07\0\0\
\xd9\x47\0\0\0\0\0\0\0\0\0\0\x78\x07\0\0\xd9\x47\0\0\xdf\x4c\0\0\x28\x98\x01\0\
\x88\x07\0\0\xd9\x47\0\0\xdf\x4c\0\0\x28\x98\x01\0\x90\x07\0\0\xd9\x47\0\0\x2c\
\x4d\0\0\x10\x9c\x01\0\xa0\x07\0\0\xd9\x47\0\0\x2c\x4d\0\0\x07\x9c\x01\0\xb0\
\x07\0\0\xd9\x47\0\0\0\0\0\0\0\0\0\0\xc0\x07\0\0\xd9\x47\0\0\x6c\x4d\0\0\x22\
\xb0\x01\0\xc8\x07\0\0\xd9\x47\0\0\x6c\x4d\0\0\x03\xb0\x01\0\xd8\x07\0\0\xd9\
\x47\0\0\xb6\x4d\0\0\x12\xb8\x01\0\xe8\x07\0\0\xd9\x47\0\0\xb6\x4d\0\0\x07\xb8\
\x01\0\xf8\x07\0\0\xd9\x47\0\0\xfc\x4d\0\0\x3c\xbc\x01\0\x20\x08\0\0\xd9\x47\0\
\0\0\0\0\0\0\0\0\0\x28\x08\0\0\xd9\x47\0\0\xc9\xc5\0\0\x23\xf0\x02\0\x40\x08\0\
\0\xd9\x47\0\0\xc9\xc5\0\0\x23\xf0\x02\0\x48\x08\0\0\xd9\x47\0\0\x12\xc6\0\0\
\x15\xf8\x02\0\x70\x08\0\0\xd9\x47\0\0\0\0\0\0\0\0\0\0\x78\x08\0\0\xd9\x47\0\0\
\x12\xc6\0\0\x28\xf8\x02\0\x90\x08\0\0\xd9\x47\0\0\x12\xc6\0\0\x28\xf8\x02\0\
\x98\x08\0\0\xd9\x47\0\0\x12\xc6\0\0\x25\xf8\x02\0\xa8\x08\0\0\xd9\x47\0\0\x5d\
\xc6\0\0\x0e\xf4\x02\0\xb8\x08\0\0\xd9\x47\0\0\x9d\xc4\0\0\x03\0\x03\0\xd0\x08\
\0\0\xd9\x47\0\0\xf9\xc4\0\0\x05\x7c\x02\0\x10\0\0\0\x5e\0\0\0\x30\0\0\0\0\0\0\
\0\x0d\0\0\0\xd5\x47\0\0\0\0\0\0\xc8\0\0\0\x0d\0\0\0\xc8\x49\0\0\0\0\0\0\x08\
\x01\0\0\x0d\0\0\0\x18\x4a\0\0\0\0\0\0\x90\x01\0\0\x0d\0\0\0\xc8\x49\0\0\0\0\0\
\0\xc8\x01\0\0\x0d\0\0\0\x18\x4a\0\0\0\0\0\0\x10\x02\0\0\x0d\0\0\0\xc8\x4a\0\0\
\0\0\0\0\x88\x02\0\0\x0d\0\0\0\x0c\x4b\0\0\0\0\0\0\xd8\x02\0\0\x0d\0\0\0\x42\
\x4b\0\0\0\0\0\0\x20\x03\0\0\x0d\0\0\0\x18\x4a\0\0\0\0\0\0\xa8\x03\0\0\x0d\0\0\
\0\x0c\x4b\0\0\0\0\0\0\xf0\x03\0\0\x0d\0\0\0\x05\x4c\0\0\0\0\0\0\x30\x04\0\0\
\xf2\0\0\0\x44\x4c\0\0\0\0\0\0\xa0\x04\0\0\xf2\0\0\0\x83\x4c\0\0\0\0\0\0\xe8\
\x04\0\0\x0d\0\0\0\x89\x4c\0\0\0\0\0\0\x20\x05\0\0\x7c\0\0\0\xd8\x4c\0\0\0\0\0\
\0\x88\x05\0\0\x7c\0\0\0\x25\x4d\0\0\0\0\0\0\x30\x06\0\0\x0d\0\0\0\x3f\x4e\0\0\
\0\0\0\0\x78\x06\0\0\x33\x03\0\0\xd5\x47\0\0\0\0\0\0\xa8\x06\0\0\xfb\x02\0\0\
\x3b\x4f\0\0\0\0\0\0\x20\x07\0\0\x33\x03\0\0\x82\x4f\0\0\0\0\0\0\x50\x07\0\0\
\x3c\x03\0\0\xb6\x4f\0\0\0\0\0\0\xc8\x07\0\0\x33\x03\0\0\x02\x50\0\0\0\0\0\0\
\xf8\x07\0\0\x3e\x03\0\0\xb6\x4f\0\0\0\0\0\0\x70\x08\0\0\x33\x03\0\0\x2c\x5f\0\
\0\0\0\0\0\xa0\x08\0\0\x85\x03\0\0\xe8\x71\0\0\0\0\0\0\x18\x09\0\0\x33\x03\0\0\
\x2f\x72\0\0\0\0\0\0\x48\x09\0\0\x47\x04\0\0\xa3\xbe\0\0\0\0\0\0\xc0\x09\0\0\
\x33\x03\0\0\xf4\xbe\0\0\0\0\0\0\xf0\x09\0\0\xca\x06\0\0\xf4\xbe\0\0\0\0\0\0\
\x20\x0a\0\0\x5c\x01\0\0\x36\xbf\0\0\0\0\0\0\xc0\x0a\0\0\xca\x06\0\0\x7c\xbf\0\
\0\0\0\0\0\x08\x0b\0\0\xcd\x06\0\0\x68\xc0\0\0\0\0\0\0\x50\x0b\0\0\x82\0\0\0\
\x2c\x5f\0\0\0\0\0\0\x80\x0b\0\0\xe3\x01\0\0\x68\xc0\0\0\0\0\0\0\x20\x0c\0\0\
\xe3\x01\0\0\xf1\xc0\0\0\0\0\0\0\xc0\x0c\0\0\xe3\x01\0\0\x3a\xc1\0\0\0\0\0\0\
\x60\x0d\0\0\xe3\x01\0\0\x81\xc1\0\0\0\0\0\0\0\x0e\0\0\xe3\x01\0\0\xd6\xc1\0\0\
\0\0\0\0\xa0\x0e\0\0\xe3\x01\0\0\x18\xc2\0\0\0\0\0\0\x40\x0f\0\0\xe3\x01\0\0\
\x8e\xc2\0\0\0\0\0\0\xe0\x0f\0\0\xe3\x01\0\0\xd0\xc2\0\0\0\0\0\0\x80\x10\0\0\
\xe3\x01\0\0\x02\x50\0\0\0\0\0\0\xb0\x10\0\0\xaa\x03\0\0\xf4\xbe\0\0\0\0\0\0\
\x50\x11\0\0\xcd\x06\0\0\x93\xc3\0\0\0\0\0\0\xb0\x11\0\0\x0d\0\0\0\xc8\x49\0\0\
\0\0\0\0\xf8\x11\0\0\x0d\0\0\0\x3f\x4e\0\0\0\0\0\0\x28\x12\0\0\x33\x03\0\0\x82\
\x4f\0\0\0\0\0\0\x58\x12\0\0\x3c\x03\0\0\xb6\x4f\0\0\0\0\0\0\xd7\xc4\0\0\x16\0\
\0\0\0\0\0\0\x0d\0\0\0\xd5\x47\0\0\0\0\0\0\x58\0\0\0\x0d\0\0\0\x40\xc5\0\0\0\0\
\0\0\x90\0\0\0\x0d\0\0\0\x0c\x4b\0\0\0\0\0\0\x30\x01\0\0\x0d\0\0\0\xc8\x49\0\0\
\0\0\0\0\x68\x01\0\0\x0d\0\0\0\x18\x4a\0\0\0\0\0\0\xb0\x01\0\0\x0d\0\0\0\xc8\
\x4a\0\0\0\0\0\0\xa0\x02\0\0\x0d\0\0\0\xc8\x49\0\0\0\0\0\0\xd8\x02\0\0\x0d\0\0\
\0\x18\x4a\0\0\0\0\0\0\x60\x03\0\0\x0d\0\0\0\xc8\x49\0\0\0\0\0\0\x98\x03\0\0\
\x0d\0\0\0\x18\x4a\0\0\0\0\0\0\xe0\x03\0\0\x0d\0\0\0\xc8\x4a\0\0\0\0\0\0\x58\
\x04\0\0\x0d\0\0\0\x0c\x4b\0\0\0\0\0\0\xa8\x04\0\0\x0d\0\0\0\x42\x4b\0\0\0\0\0\
\0\xf0\x04\0\0\x0d\0\0\0\x18\x4a\0\0\0\0\0\0\xb0\x05\0\0\x0d\0\0\0\x05\x4c\0\0\
\0\0\0\0\xf0\x05\0\0\xf2\0\0\0\x44\x4c\0\0\0\0\0\0\x60\x06\0\0\xf2\0\0\0\x83\
\x4c\0\0\0\0\0\0\xa8\x06\0\0\x0d\0\0\0\x89\x4c\0\0\0\0\0\0\xe8\x06\0\0\x7c\0\0\
\0\xd8\x4c\0\0\0\0\0\0\x50\x07\0\0\x7c\0\0\0\x25\x4d\0\0\0\0\0\0\0\x08\0\0\x0d\
\0\0\0\xc2\xc5\0\0\0\0\0\0\x50\x08\0\0\x2c\0\0\0\x81\xc1\0\0\0\0\0\0\0\0\0\0\0\
\0\0\0\0\0\0\0\0\0\0\0\0\0\0\0\0\0\0\0\0\0\0\0\x03\0\x03\0\0\0\0\0\0\0\0\0\0\0\
\0\0\0\0\0\0\x2c\x01\0\0\0\0\x03\0\xb0\x12\0\0\0\0\0\0\0\0\0\0\0\0\0\0\x07\x01\
\0\0\0\0\x03\0\x88\x01\0\0\0\0\0\0\0\0\0\0\0\0\0\0\x1d\x01\0\0\0\0\x03\0\x58\
\x01\0\0\0\0\0\0\0\0\0\0\0\0\0\0\xf1\0\0\0\0\0\x03\0\x88\x02\0\0\0\0\0\0\0\0\0\
\0\0\0\0\0\xe3\0\0\0\0\0\x03\0\xe8\x05\0\0\0\0\0\0\0\0\0\0\0\0\0\0\x44\x01\0\0\
\0\0\x03\0\x30\x06\0\0\0\0\0\0\0\0\0\0\0\0\0\0\0\0\0\0\x03\0\x05\0\0\0\0\0\0\0\
\0\0\0\0\0\0\0\0\0\0\x34\x01\0\0\0\0\x05\0\xd0\x08\0\0\0\0\0\0\0\0\0\0\0\0\0\0\
\0\x01\0\0\0\0\x05\0\x28\x01\0\0\0\0\0\0\0\0\0\0\0\0\0\0\x16\x01\0\0\0\0\x05\0\
\xf8\0\0\0\0\0\0\0\0\0\0\0\0\0\0\0\xea\0\0\0\0\0\x05\0\x28\x02\0\0\0\0\0\0\0\0\
\0\0\0\0\0\0\x3c\x01\0\0\0\0\x05\0\x58\x03\0\0\0\0\0\0\0\0\0\0\0\0\0\0\xd4\0\0\
\0\0\0\x05\0\x28\x03\0\0\0\0\0\0\0\0\0\0\0\0\0\0\x24\x01\0\0\0\0\x05\0\x58\x04\
\0\0\0\0\0\0\0\0\0\0\0\0\0\0\x0e\x01\0\0\0\0\x05\0\xb0\x07\0\0\0\0\0\0\0\0\0\0\
\0\0\0\0\xf8\0\0\0\0\0\x05\0\0\x08\0\0\0\0\0\0\0\0\0\0\0\0\0\0\xdb\0\0\0\0\0\
\x05\0\xa8\x08\0\0\0\0\0\0\0\0\0\0\0\0\0\0\x70\0\0\0\x12\0\x03\0\0\0\0\0\0\0\0\
\0\xc0\x12\0\0\0\0\0\0\xb0\0\0\0\x11\0\x08\0\0\0\0\0\0\0\0\0\x10\0\0\0\0\0\0\0\
\x14\0\0\0\x12\0\x05\0\0\0\0\0\0\0\0\0\xe0\x08\0\0\0\0\0\0\xcc\0\0\0\x11\0\x07\
\0\0\0\0\0\0\0\0\0\x0d\0\0\0\0\0\0\0\x68\0\0\0\0\0\0\0\x01\0\0\0\x14\0\0\0\x40\
\x02\0\0\0\0\0\0\x01\0\0\0\x14\0\0\0\x3c\x33\x01\0\0\0\0\0\x04\0\0\0\x14\0\0\0\
\x54\x33\x01\0\0\0\0\0\x03\0\0\0\x16\0\0\0\x2c\0\0\0\0\0\0\0\x04\0\0\0\x01\0\0\
\0\x3c\0\0\0\0\0\0\0\x04\0\0\0\x08\0\0\0\x50\0\0\0\0\0\0\0\x04\0\0\0\x01\0\0\0\
\x60\0\0\0\0\0\0\0\x04\0\0\0\x01\0\0\0\x70\0\0\0\0\0\0\0\x04\0\0\0\x01\0\0\0\
\x80\0\0\0\0\0\0\0\x04\0\0\0\x01\0\0\0\x90\0\0\0\0\0\0\0\x04\0\0\0\x01\0\0\0\
\xa0\0\0\0\0\0\0\0\x04\0\0\0\x01\0\0\0\xb0\0\0\0\0\0\0\0\x04\0\0\0\x01\0\0\0\
\xc0\0\0\0\0\0\0\0\x04\0\0\0\x01\0\0\0\xd0\0\0\0\0\0\0\0\x04\0\0\0\x01\0\0\0\
\xe0\0\0\0\0\0\0\0\x04\0\0\0\x01\0\0\0\xf0\0\0\0\0\0\0\0\x04\0\0\0\x01\0\0\0\0\
\x01\0\0\0\0\0\0\x04\0\0\0\x01\0\0\0\x10\x01\0\0\0\0\0\0\x04\0\0\0\x01\0\0\0\
\x20\x01\0\0\0\0\0\0\x04\0\0\0\x01\0\0\0\x30\x01\0\0\0\0\0\0\x04\0\0\0\x01\0\0\
\0\x40\x01\0\0\0\0\0\0\x04\0\0\0\x01\0\0\0\x50\x01\0\0\0\0\0\0\x04\0\0\0\x01\0\
\0\0\x60\x01\0\0\0\0\0\0\x04\0\0\0\x01\0\0\0\x70\x01\0\0\0\0\0\0\x04\0\0\0\x01\
\0\0\0\x80\x01\0\0\0\0\0\0\x04\0\0\0\x01\0\0\0\x90\x01\0\0\0\0\0\0\x04\0\0\0\
\x01\0\0\0\xa0\x01\0\0\0\0\0\0\x04\0\0\0\x01\0\0\0\xb0\x01\0\0\0\0\0\0\x04\0\0\
\0\x01\0\0\0\xc0\x01\0\0\0\0\0\0\x04\0\0\0\x01\0\0\0\xd0\x01\0\0\0\0\0\0\x04\0\
\0\0\x01\0\0\0\xe0\x01\0\0\0\0\0\0\x04\0\0\0\x01\0\0\0\xf0\x01\0\0\0\0\0\0\x04\
\0\0\0\x01\0\0\0\0\x02\0\0\0\0\0\0\x04\0\0\0\x01\0\0\0\x10\x02\0\0\0\0\0\0\x04\
\0\0\0\x01\0\0\0\x20\x02\0\0\0\0\0\0\x04\0\0\0\x01\0\0\0\x30\x02\0\0\0\0\0\0\
\x04\0\0\0\x01\0\0\0\x40\x02\0\0\0\0\0\0\x04\0\0\0\x01\0\0\0\x50\x02\0\0\0\0\0\
\0\x04\0\0\0\x01\0\0\0\x60\x02\0\0\0\0\0\0\x04\0\0\0\x01\0\0\0\x70\x02\0\0\0\0\
\0\0\x04\0\0\0\x01\0\0\0\x80\x02\0\0\0\0\0\0\x04\0\0\0\x01\0\0\0\x90\x02\0\0\0\
\0\0\0\x04\0\0\0\x01\0\0\0\xa0\x02\0\0\0\0\0\0\x04\0\0\0\x01\0\0\0\xb0\x02\0\0\
\0\0\0\0\x04\0\0\0\x01\0\0\0\xc0\x02\0\0\0\0\0\0\x04\0\0\0\x01\0\0\0\xd0\x02\0\
\0\0\0\0\0\x04\0\0\0\x01\0\0\0\xe0\x02\0\0\0\0\0\0\x04\0\0\0\x01\0\0\0\xf0\x02\
\0\0\0\0\0\0\x04\0\0\0\x01\0\0\0\0\x03\0\0\0\0\0\0\x04\0\0\0\x01\0\0\0\x10\x03\
\0\0\0\0\0\0\x04\0\0\0\x01\0\0\0\x20\x03\0\0\0\0\0\0\x04\0\0\0\x01\0\0\0\x30\
\x03\0\0\0\0\0\0\x04\0\0\0\x01\0\0\0\x40\x03\0\0\0\0\0\0\x04\0\0\0\x01\0\0\0\
\x50\x03\0\0\0\0\0\0\x04\0\0\0\x01\0\0\0\x60\x03\0\0\0\0\0\0\x04\0\0\0\x01\0\0\
\0\x70\x03\0\0\0\0\0\0\x04\0\0\0\x01\0\0\0\x80\x03\0\0\0\0\0\0\x04\0\0\0\x01\0\
\0\0\x90\x03\0\0\0\0\0\0\x04\0\0\0\x01\0\0\0\xa0\x03\0\0\0\0\0\0\x04\0\0\0\x01\
\0\0\0\xb0\x03\0\0\0\0\0\0\x04\0\0\0\x01\0\0\0\xc0\x03\0\0\0\0\0\0\x04\0\0\0\
\x01\0\0\0\xd0\x03\0\0\0\0\0\0\x04\0\0\0\x01\0\0\0\xe0\x03\0\0\0\0\0\0\x04\0\0\
\0\x01\0\0\0\xf0\x03\0\0\0\0\0\0\x04\0\0\0\x01\0\0\0\0\x04\0\0\0\0\0\0\x04\0\0\
\0\x01\0\0\0\x10\x04\0\0\0\0\0\0\x04\0\0\0\x01\0\0\0\x20\x04\0\0\0\0\0\0\x04\0\
\0\0\x01\0\0\0\x30\x04\0\0\0\0\0\0\x04\0\0\0\x01\0\0\0\x40\x04\0\0\0\0\0\0\x04\
\0\0\0\x01\0\0\0\x50\x04\0\0\0\0\0\0\x04\0\0\0\x01\0\0\0\x60\x04\0\0\0\0\0\0\
\x04\0\0\0\x01\0\0\0\x70\x04\0\0\0\0\0\0\x04\0\0\0\x01\0\0\0\x80\x04\0\0\0\0\0\
\0\x04\0\0\0\x01\0\0\0\x90\x04\0\0\0\0\0\0\x04\0\0\0\x01\0\0\0\xa0\x04\0\0\0\0\
\0\0\x04\0\0\0\x01\0\0\0\xb0\x04\0\0\0\0\0\0\x04\0\0\0\x01\0\0\0\xc0\x04\0\0\0\
\0\0\0\x04\0\0\0\x01\0\0\0\xd0\x04\0\0\0\0\0\0\x04\0\0\0\x01\0\0\0\xe0\x04\0\0\
\0\0\0\0\x04\0\0\0\x01\0\0\0\xf0\x04\0\0\0\0\0\0\x04\0\0\0\x01\0\0\0\0\x05\0\0\
\0\0\0\0\x04\0\0\0\x01\0\0\0\x10\x05\0\0\0\0\0\0\x04\0\0\0\x01\0\0\0\x20\x05\0\
\0\0\0\0\0\x04\0\0\0\x01\0\0\0\x30\x05\0\0\0\0\0\0\x04\0\0\0\x01\0\0\0\x40\x05\
\0\0\0\0\0\0\x04\0\0\0\x01\0\0\0\x50\x05\0\0\0\0\0\0\x04\0\0\0\x01\0\0\0\x60\
\x05\0\0\0\0\0\0\x04\0\0\0\x01\0\0\0\x70\x05\0\0\0\0\0\0\x04\0\0\0\x01\0\0\0\
\x80\x05\0\0\0\0\0\0\x04\0\0\0\x01\0\0\0\x90\x05\0\0\0\0\0\0\x04\0\0\0\x01\0\0\
\0\xa0\x05\0\0\0\0\0\0\x04\0\0\0\x01\0\0\0\xb0\x05\0\0\0\0\0\0\x04\0\0\0\x01\0\
\0\0\xc0\x05\0\0\0\0\0\0\x04\0\0\0\x01\0\0\0\xd0\x05\0\0\0\0\0\0\x04\0\0\0\x01\
\0\0\0\xe0\x05\0\0\0\0\0\0\x04\0\0\0\x01\0\0\0\xf0\x05\0\0\0\0\0\0\x04\0\0\0\
\x01\0\0\0\0\x06\0\0\0\0\0\0\x04\0\0\0\x01\0\0\0\x10\x06\0\0\0\0\0\0\x04\0\0\0\
\x01\0\0\0\x20\x06\0\0\0\0\0\0\x04\0\0\0\x01\0\0\0\x30\x06\0\0\0\0\0\0\x04\0\0\
\0\x01\0\0\0\x40\x06\0\0\0\0\0\0\x04\0\0\0\x01\0\0\0\x50\x06\0\0\0\0\0\0\x04\0\
\0\0\x01\0\0\0\x60\x06\0\0\0\0\0\0\x04\0\0\0\x01\0\0\0\x70\x06\0\0\0\0\0\0\x04\
\0\0\0\x01\0\0\0\x80\x06\0\0\0\0\0\0\x04\0\0\0\x01\0\0\0\x90\x06\0\0\0\0\0\0\
\x04\0\0\0\x01\0\0\0\xa0\x06\0\0\0\0\0\0\x04\0\0\0\x01\0\0\0\xb0\x06\0\0\0\0\0\
\0\x04\0\0\0\x01\0\0\0\xc0\x06\0\0\0\0\0\0\x04\0\0\0\x01\0\0\0\xd0\x06\0\0\0\0\
\0\0\x04\0\0\0\x01\0\0\0\xe0\x06\0\0\0\0\0\0\x04\0\0\0\x01\0\0\0\xf0\x06\0\0\0\
\0\0\0\x04\0\0\0\x01\0\0\0\0\x07\0\0\0\0\0\0\x04\0\0\0\x01\0\0\0\x10\x07\0\0\0\
\0\0\0\x04\0\0\0\x01\0\0\0\x20\x07\0\0\0\0\0\0\x04\0\0\0\x01\0\0\0\x30\x07\0\0\
\0\0\0\0\x04\0\0\0\x01\0\0\0\x40\x07\0\0\0\0\0\0\x04\0\0\0\x01\0\0\0\x50\x07\0\
\0\0\0\0\0\x04\0\0\0\x01\0\0\0\x60\x07\0\0\0\0\0\0\x04\0\0\0\x01\0\0\0\x70\x07\
\0\0\0\0\0\0\x04\0\0\0\x01\0\0\0\x80\x07\0\0\0\0\0\0\x04\0\0\0\x01\0\0\0\x90\
\x07\0\0\0\0\0\0\x04\0\0\0\x01\0\0\0\xa0\x07\0\0\0\0\0\0\x04\0\0\0\x01\0\0\0\
\xb0\x07\0\0\0\0\0\0\x04\0\0\0\x01\0\0\0\xc0\x07\0\0\0\0\0\0\x04\0\0\0\x01\0\0\
\0\xd0\x07\0\0\0\0\0\0\x04\0\0\0\x01\0\0\0\xe0\x07\0\0\0\0\0\0\x04\0\0\0\x01\0\
\0\0\xf0\x07\0\0\0\0\0\0\x04\0\0\0\x01\0\0\0\0\x08\0\0\0\0\0\0\x04\0\0\0\x01\0\
\0\0\x10\x08\0\0\0\0\0\0\x04\0\0\0\x01\0\0\0\x20\x08\0\0\0\0\0\0\x04\0\0\0\x01\
\0\0\0\x30\x08\0\0\0\0\0\0\x04\0\0\0\x01\0\0\0\x40\x08\0\0\0\0\0\0\x04\0\0\0\
\x01\0\0\0\x50\x08\0\0\0\0\0\0\x04\0\0\0\x01\0\0\0\x60\x08\0\0\0\0\0\0\x04\0\0\
\0\x01\0\0\0\x70\x08\0\0\0\0\0\0\x04\0\0\0\x01\0\0\0\x80\x08\0\0\0\0\0\0\x04\0\
\0\0\x01\0\0\0\x90\x08\0\0\0\0\0\0\x04\0\0\0\x01\0\0\0\xa0\x08\0\0\0\0\0\0\x04\
\0\0\0\x01\0\0\0\xb0\x08\0\0\0\0\0\0\x04\0\0\0\x01\0\0\0\xc0\x08\0\0\0\0\0\0\
\x04\0\0\0\x01\0\0\0\xd0\x08\0\0\0\0\0\0\x04\0\0\0\x01\0\0\0\xe0\x08\0\0\0\0\0\
\0\x04\0\0\0\x01\0\0\0\xf0\x08\0\0\0\0\0\0\x04\0\0\0\x01\0\0\0\0\x09\0\0\0\0\0\
\0\x04\0\0\0\x01\0\0\0\x10\x09\0\0\0\0\0\0\x04\0\0\0\x01\0\0\0\x20\x09\0\0\0\0\
\0\0\x04\0\0\0\x01\0\0\0\x30\x09\0\0\0\0\0\0\x04\0\0\0\x01\0\0\0\x40\x09\0\0\0\
\0\0\0\x04\0\0\0\x01\0\0\0\x50\x09\0\0\0\0\0\0\x04\0\0\0\x01\0\0\0\x60\x09\0\0\
\0\0\0\0\x04\0\0\0\x01\0\0\0\x70\x09\0\0\0\0\0\0\x04\0\0\0\x01\0\0\0\x80\x09\0\
\0\0\0\0\0\x04\0\0\0\x01\0\0\0\x90\x09\0\0\0\0\0\0\x04\0\0\0\x01\0\0\0\xa0\x09\
\0\0\0\0\0\0\x04\0\0\0\x01\0\0\0\xb0\x09\0\0\0\0\0\0\x04\0\0\0\x01\0\0\0\xc0\
\x09\0\0\0\0\0\0\x04\0\0\0\x01\0\0\0\xd0\x09\0\0\0\0\0\0\x04\0\0\0\x01\0\0\0\
\xe0\x09\0\0\0\0\0\0\x04\0\0\0\x01\0\0\0\xf0\x09\0\0\0\0\0\0\x04\0\0\0\x01\0\0\
\0\0\x0a\0\0\0\0\0\0\x04\0\0\0\x01\0\0\0\x10\x0a\0\0\0\0\0\0\x04\0\0\0\x01\0\0\
\0\x20\x0a\0\0\0\0\0\0\x04\0\0\0\x01\0\0\0\x30\x0a\0\0\0\0\0\0\x04\0\0\0\x01\0\
\0\0\x40\x0a\0\0\0\0\0\0\x04\0\0\0\x01\0\0\0\x50\x0a\0\0\0\0\0\0\x04\0\0\0\x01\
\0\0\0\x60\x0a\0\0\0\0\0\0\x04\0\0\0\x01\0\0\0\x70\x0a\0\0\0\0\0\0\x04\0\0\0\
\x01\0\0\0\x80\x0a\0\0\0\0\0\0\x04\0\0\0\x01\0\0\0\x90\x0a\0\0\0\0\0\0\x04\0\0\
\0\x01\0\0\0\xa0\x0a\0\0\0\0\0\0\x04\0\0\0\x01\0\0\0\xb0\x0a\0\0\0\0\0\0\x04\0\
\0\0\x01\0\0\0\xc0\x0a\0\0\0\0\0\0\x04\0\0\0\x01\0\0\0\xd0\x0a\0\0\0\0\0\0\x04\
\0\0\0\x01\0\0\0\xe0\x0a\0\0\0\0\0\0\x04\0\0\0\x01\0\0\0\xf0\x0a\0\0\0\0\0\0\
\x04\0\0\0\x01\0\0\0\0\x0b\0\0\0\0\0\0\x04\0\0\0\x01\0\0\0\x10\x0b\0\0\0\0\0\0\
\x04\0\0\0\x01\0\0\0\x20\x0b\0\0\0\0\0\0\x04\0\0\0\x01\0\0\0\x30\x0b\0\0\0\0\0\
\0\x04\0\0\0\x01\0\0\0\x40\x0b\0\0\0\0\0\0\x04\0\0\0\x01\0\0\0\x50\x0b\0\0\0\0\
\0\0\x04\0\0\0\x01\0\0\0\x60\x0b\0\0\0\0\0\0\x04\0\0\0\x01\0\0\0\x70\x0b\0\0\0\
\0\0\0\x04\0\0\0\x01\0\0\0\x80\x0b\0\0\0\0\0\0\x04\0\0\0\x01\0\0\0\x90\x0b\0\0\
\0\0\0\0\x04\0\0\0\x01\0\0\0\xa0\x0b\0\0\0\0\0\0\x04\0\0\0\x01\0\0\0\xb0\x0b\0\
\0\0\0\0\0\x04\0\0\0\x01\0\0\0\xc0\x0b\0\0\0\0\0\0\x04\0\0\0\x01\0\0\0\xd0\x0b\
\0\0\0\0\0\0\x04\0\0\0\x01\0\0\0\xe0\x0b\0\0\0\0\0\0\x04\0\0\0\x01\0\0\0\xf0\
\x0b\0\0\0\0\0\0\x04\0\0\0\x01\0\0\0\0\x0c\0\0\0\0\0\0\x04\0\0\0\x01\0\0\0\x10\
\x0c\0\0\0\0\0\0\x04\0\0\0\x01\0\0\0\x20\x0c\0\0\0\0\0\0\x04\0\0\0\x01\0\0\0\
\x30\x0c\0\0\0\0\0\0\x04\0\0\0\x01\0\0\0\x40\x0c\0\0\0\0\0\0\x04\0\0\0\x01\0\0\
\0\x50\x0c\0\0\0\0\0\0\x04\0\0\0\x01\0\0\0\x60\x0c\0\0\0\0\0\0\x04\0\0\0\x01\0\
\0\0\x78\x0c\0\0\0\0\0\0\x04\0\0\0\x08\0\0\0\x88\x0c\0\0\0\0\0\0\x04\0\0\0\x08\
\0\0\0\x98\x0c\0\0\0\0\0\0\x04\0\0\0\x08\0\0\0\xa8\x0c\0\0\0\0\0\0\x04\0\0\0\
\x08\0\0\0\xb8\x0c\0\0\0\0\0\0\x04\0\0\0\x08\0\0\0\xc8\x0c\0\0\0\0\0\0\x04\0\0\
\0\x08\0\0\0\xd8\x0c\0\0\0\0\0\0\x04\0\0\0\x08\0\0\0\xe8\x0c\0\0\0\0\0\0\x04\0\
\0\0\x08\0\0\0\xf8\x0c\0\0\0\0\0\0\x04\0\0\0\x08\0\0\0\x08\x0d\0\0\0\0\0\0\x04\
\0\0\0\x08\0\0\0\x18\x0d\0\0\0\0\0\0\x04\0\0\0\x08\0\0\0\x28\x0d\0\0\0\0\0\0\
\x04\0\0\0\x08\0\0\0\x38\x0d\0\0\0\0\0\0\x04\0\0\0\x08\0\0\0\x48\x0d\0\0\0\0\0\
\0\x04\0\0\0\x08\0\0\0\x58\x0d\0\0\0\0\0\0\x04\0\0\0\x08\0\0\0\x68\x0d\0\0\0\0\
\0\0\x04\0\0\0\x08\0\0\0\x78\x0d\0\0\0\0\0\0\x04\0\0\0\x08\0\0\0\x88\x0d\0\0\0\
\0\0\0\x04\0\0\0\x08\0\0\0\x98\x0d\0\0\0\0\0\0\x04\0\0\0\x08\0\0\0\xa8\x0d\0\0\
\0\0\0\0\x04\0\0\0\x08\0\0\0\xb8\x0d\0\0\0\0\0\0\x04\0\0\0\x08\0\0\0\xc8\x0d\0\
\0\0\0\0\0\x04\0\0\0\x08\0\0\0\xd8\x0d\0\0\0\0\0\0\x04\0\0\0\x08\0\0\0\xe8\x0d\
\0\0\0\0\0\0\x04\0\0\0\x08\0\0\0\xf8\x0d\0\0\0\0\0\0\x04\0\0\0\x08\0\0\0\x08\
\x0e\0\0\0\0\0\0\x04\0\0\0\x08\0\0\0\x18\x0e\0\0\0\0\0\0\x04\0\0\0\x08\0\0\0\
\x28\x0e\0\0\0\0\0\0\x04\0\0\0\x08\0\0\0\x38\x0e\0\0\0\0\0\0\x04\0\0\0\x08\0\0\
\0\x48\x0e\0\0\0\0\0\0\x04\0\0\0\x08\0\0\0\x58\x0e\0\0\0\0\0\0\x04\0\0\0\x08\0\
\0\0\x68\x0e\0\0\0\0\0\0\x04\0\0\0\x08\0\0\0\x78\x0e\0\0\0\0\0\0\x04\0\0\0\x08\
\0\0\0\x88\x0e\0\0\0\0\0\0\x04\0\0\0\x08\0\0\0\x98\x0e\0\0\0\0\0\0\x04\0\0\0\
\x08\0\0\0\xa8\x0e\0\0\0\0\0\0\x04\0\0\0\x08\0\0\0\xb8\x0e\0\0\0\0\0\0\x04\0\0\
\0\x08\0\0\0\xc8\x0e\0\0\0\0\0\0\x04\0\0\0\x08\0\0\0\xd8\x0e\0\0\0\0\0\0\x04\0\
\0\0\x08\0\0\0\xe8\x0e\0\0\0\0\0\0\x04\0\0\0\x08\0\0\0\xf8\x0e\0\0\0\0\0\0\x04\
\0\0\0\x08\0\0\0\x08\x0f\0\0\0\0\0\0\x04\0\0\0\x08\0\0\0\x18\x0f\0\0\0\0\0\0\
\x04\0\0\0\x08\0\0\0\x28\x0f\0\0\0\0\0\0\x04\0\0\0\x08\0\0\0\x38\x0f\0\0\0\0\0\
\0\x04\0\0\0\x08\0\0\0\x48\x0f\0\0\0\0\0\0\x04\0\0\0\x08\0\0\0\x58\x0f\0\0\0\0\
\0\0\x04\0\0\0\x08\0\0\0\x68\x0f\0\0\0\0\0\0\x04\0\0\0\x08\0\0\0\x78\x0f\0\0\0\
\0\0\0\x04\0\0\0\x08\0\0\0\x88\x0f\0\0\0\0\0\0\x04\0\0\0\x08\0\0\0\x98\x0f\0\0\
\0\0\0\0\x04\0\0\0\x08\0\0\0\xa8\x0f\0\0\0\0\0\0\x04\0\0\0\x08\0\0\0\xb8\x0f\0\
\0\0\0\0\0\x04\0\0\0\x08\0\0\0\xc8\x0f\0\0\0\0\0\0\x04\0\0\0\x08\0\0\0\xd8\x0f\
\0\0\0\0\0\0\x04\0\0\0\x08\0\0\0\xe8\x0f\0\0\0\0\0\0\x04\0\0\0\x08\0\0\0\xf8\
\x0f\0\0\0\0\0\0\x04\0\0\0\x08\0\0\0\x08\x10\0\0\0\0\0\0\x04\0\0\0\x08\0\0\0\
\x18\x10\0\0\0\0\0\0\x04\0\0\0\x08\0\0\0\x28\x10\0\0\0\0\0\0\x04\0\0\0\x08\0\0\
\0\x38\x10\0\0\0\0\0\0\x04\0\0\0\x08\0\0\0\x48\x10\0\0\0\0\0\0\x04\0\0\0\x08\0\
\0\0\x58\x10\0\0\0\0\0\0\x04\0\0\0\x08\0\0\0\x68\x10\0\0\0\0\0\0\x04\0\0\0\x08\
\0\0\0\x78\x10\0\0\0\0\0\0\x04\0\0\0\x08\0\0\0\x88\x10\0\0\0\0\0\0\x04\0\0\0\
\x08\0\0\0\x98\x10\0\0\0\0\0\0\x04\0\0\0\x08\0\0\0\xa8\x10\0\0\0\0\0\0\x04\0\0\
\0\x08\0\0\0\xb8\x10\0\0\0\0\0\0\x04\0\0\0\x08\0\0\0\xc8\x10\0\0\0\0\0\0\x04\0\
\0\0\x08\0\0\0\xd8\x10\0\0\0\0\0\0\x04\0\0\0\x08\0\0\0\xe8\x10\0\0\0\0\0\0\x04\
\0\0\0\x08\0\0\0\xf8\x10\0\0\0\0\0\0\x04\0\0\0\x08\0\0\0\x08\x11\0\0\0\0\0\0\
\x04\0\0\0\x08\0\0\0\x18\x11\0\0\0\0\0\0\x04\0\0\0\x08\0\0\0\x28\x11\0\0\0\0\0\
\0\x04\0\0\0\x08\0\0\0\x38\x11\0\0\0\0\0\0\x04\0\0\0\x08\0\0\0\x48\x11\0\0\0\0\
\0\0\x04\0\0\0\x08\0\0\0\x58\x11\0\0\0\0\0\0\x04\0\0\0\x08\0\0\0\x68\x11\0\0\0\
\0\0\0\x04\0\0\0\x08\0\0\0\x78\x11\0\0\0\0\0\0\x04\0\0\0\x08\0\0\0\x88\x11\0\0\
\0\0\0\0\x04\0\0\0\x08\0\0\0\x98\x11\0\0\0\0\0\0\x04\0\0\0\x08\0\0\0\xa8\x11\0\
\0\0\0\0\0\x04\0\0\0\x08\0\0\0\xb8\x11\0\0\0\0\0\0\x04\0\0\0\x08\0\0\0\xc8\x11\
\0\0\0\0\0\0\x04\0\0\0\x08\0\0\0\xd8\x11\0\0\0\0\0\0\x04\0\0\0\x08\0\0\0\xe8\
\x11\0\0\0\0\0\0\x04\0\0\0\x08\0\0\0\xf8\x11\0\0\0\0\0\0\x04\0\0\0\x08\0\0\0\
\x08\x12\0\0\0\0\0\0\x04\0\0\0\x08\0\0\0\x18\x12\0\0\0\0\0\0\x04\0\0\0\x08\0\0\
\0\x28\x12\0\0\0\0\0\0\x04\0\0\0\x08\0\0\0\x38\x12\0\0\0\0\0\0\x04\0\0\0\x08\0\
\0\0\x48\x12\0\0\0\0\0\0\x04\0\0\0\x08\0\0\0\x58\x12\0\0\0\0\0\0\x04\0\0\0\x08\
\0\0\0\x68\x12\0\0\0\0\0\0\x04\0\0\0\x08\0\0\0\x78\x12\0\0\0\0\0\0\x04\0\0\0\
\x08\0\0\0\x88\x12\0\0\0\0\0\0\x04\0\0\0\x08\0\0\0\x98\x12\0\0\0\0\0\0\x04\0\0\
\0\x08\0\0\0\xa8\x12\0\0\0\0\0\0\x04\0\0\0\x08\0\0\0\xb8\x12\0\0\0\0\0\0\x04\0\
\0\0\x08\0\0\0\xc8\x12\0\0\0\0\0\0\x04\0\0\0\x08\0\0\0\xd8\x12\0\0\0\0\0\0\x04\
\0\0\0\x08\0\0\0\xe8\x12\0\0\0\0\0\0\x04\0\0\0\x08\0\0\0\xf8\x12\0\0\0\0\0\0\
\x04\0\0\0\x08\0\0\0\x08\x13\0\0\0\0\0\0\x04\0\0\0\x08\0\0\0\x18\x13\0\0\0\0\0\
\0\x04\0\0\0\x08\0\0\0\x28\x13\0\0\0\0\0\0\x04\0\0\0\x08\0\0\0\x38\x13\0\0\0\0\
\0\0\x04\0\0\0\x08\0\0\0\x48\x13\0\0\0\0\0\0\x04\0\0\0\x08\0\0\0\x58\x13\0\0\0\
\0\0\0\x04\0\0\0\x08\0\0\0\x68\x13\0\0\0\0\0\0\x04\0\0\0\x08\0\0\0\x78\x13\0\0\
\0\0\0\0\x04\0\0\0\x08\0\0\0\x94\x13\0\0\0\0\0\0\x04\0\0\0\x01\0\0\0\xa4\x13\0\
\0\0\0\0\0\x04\0\0\0\x01\0\0\0\xb4\x13\0\0\0\0\0\0\x04\0\0\0\x01\0\0\0\xc4\x13\
\0\0\0\0\0\0\x04\0\0\0\x01\0\0\0\xd4\x13\0\0\0\0\0\0\x04\0\0\0\x01\0\0\0\xe4\
\x13\0\0\0\0\0\0\x04\0\0\0\x01\0\0\0\xf4\x13\0\0\0\0\0\0\x04\0\0\0\x01\0\0\0\
\x04\x14\0\0\0\0\0\0\x04\0\0\0\x01\0\0\0\x14\x14\0\0\0\0\0\0\x04\0\0\0\x01\0\0\
\0\x24\x14\0\0\0\0\0\0\x04\0\0\0\x01\0\0\0\x34\x14\0\0\0\0\0\0\x04\0\0\0\x01\0\
\0\0\x44\x14\0\0\0\0\0\0\x04\0\0\0\x01\0\0\0\x54\x14\0\0\0\0\0\0\x04\0\0\0\x01\
\0\0\0\x64\x14\0\0\0\0\0\0\x04\0\0\0\x01\0\0\0\x74\x14\0\0\0\0\0\0\x04\0\0\0\
\x01\0\0\0\x84\x14\0\0\0\0\0\0\x04\0\0\0\x01\0\0\0\x94\x14\0\0\0\0\0\0\x04\0\0\
\0\x01\0\0\0\xa4\x14\0\0\0\0\0\0\x04\0\0\0\x01\0\0\0\xb4\x14\0\0\0\0\0\0\x04\0\
\0\0\x01\0\0\0\xc4\x14\0\0\0\0\0\0\x04\0\0\0\x01\0\0\0\xd4\x14\0\0\0\0\0\0\x04\
\0\0\0\x01\0\0\0\xe4\x14\0\0\0\0\0\0\x04\0\0\0\x01\0\0\0\xf4\x14\0\0\0\0\0\0\
\x04\0\0\0\x01\0\0\0\x04\x15\0\0\0\0\0\0\x04\0\0\0\x01\0\0\0\x14\x15\0\0\0\0\0\
\0\x04\0\0\0\x01\0\0\0\x24\x15\0\0\0\0\0\0\x04\0\0\0\x01\0\0\0\x34\x15\0\0\0\0\
\0\0\x04\0\0\0\x01\0\0\0\x44\x15\0\0\0\0\0\0\x04\0\0\0\x01\0\0\0\x54\x15\0\0\0\
\0\0\0\x04\0\0\0\x01\0\0\0\x64\x15\0\0\0\0\0\0\x04\0\0\0\x01\0\0\0\x74\x15\0\0\
\0\0\0\0\x04\0\0\0\x01\0\0\0\x84\x15\0\0\0\0\0\0\x04\0\0\0\x01\0\0\0\x94\x15\0\
\0\0\0\0\0\x04\0\0\0\x01\0\0\0\xa4\x15\0\0\0\0\0\0\x04\0\0\0\x01\0\0\0\xb4\x15\
\0\0\0\0\0\0\x04\0\0\0\x01\0\0\0\xc4\x15\0\0\0\0\0\0\x04\0\0\0\x01\0\0\0\xd4\
\x15\0\0\0\0\0\0\x04\0\0\0\x01\0\0\0\xe4\x15\0\0\0\0\0\0\x04\0\0\0\x01\0\0\0\
\xf4\x15\0\0\0\0\0\0\x04\0\0\0\x01\0\0\0\x04\x16\0\0\0\0\0\0\x04\0\0\0\x01\0\0\
\0\x14\x16\0\0\0\0\0\0\x04\0\0\0\x01\0\0\0\x24\x16\0\0\0\0\0\0\x04\0\0\0\x01\0\
\0\0\x34\x16\0\0\0\0\0\0\x04\0\0\0\x01\0\0\0\x44\x16\0\0\0\0\0\0\x04\0\0\0\x01\
\0\0\0\x54\x16\0\0\0\0\0\0\x04\0\0\0\x01\0\0\0\x64\x16\0\0\0\0\0\0\x04\0\0\0\
\x01\0\0\0\x74\x16\0\0\0\0\0\0\x04\0\0\0\x01\0\0\0\x84\x16\0\0\0\0\0\0\x04\0\0\
\0\x01\0\0\0\x9c\x16\0\0\0\0\0\0\x04\0\0\0\x08\0\0\0\xac\x16\0\0\0\0\0\0\x04\0\
\0\0\x08\0\0\0\xbc\x16\0\0\0\0\0\0\x04\0\0\0\x08\0\0\0\xcc\x16\0\0\0\0\0\0\x04\
\0\0\0\x08\0\0\0\xdc\x16\0\0\0\0\0\0\x04\0\0\0\x08\0\0\0\xec\x16\0\0\0\0\0\0\
\x04\0\0\0\x08\0\0\0\xfc\x16\0\0\0\0\0\0\x04\0\0\0\x08\0\0\0\x0c\x17\0\0\0\0\0\
\0\x04\0\0\0\x08\0\0\0\x1c\x17\0\0\0\0\0\0\x04\0\0\0\x08\0\0\0\x2c\x17\0\0\0\0\
\0\0\x04\0\0\0\x08\0\0\0\x3c\x17\0\0\0\0\0\0\x04\0\0\0\x08\0\0\0\x4c\x17\0\0\0\
\0\0\0\x04\0\0\0\x08\0\0\0\x5c\x17\0\0\0\0\0\0\x04\0\0\0\x08\0\0\0\x6c\x17\0\0\
\0\0\0\0\x04\0\0\0\x08\0\0\0\x7c\x17\0\0\0\0\0\0\x04\0\0\0\x08\0\0\0\x8c\x17\0\
\0\0\0\0\0\x04\0\0\0\x08\0\0\0\x9c\x17\0\0\0\0\0\0\x04\0\0\0\x08\0\0\0\xac\x17\
\0\0\0\0\0\0\x04\0\0\0\x08\0\0\0\xbc\x17\0\0\0\0\0\0\x04\0\0\0\x08\0\0\0\xcc\
\x17\0\0\0\0\0\0\x04\0\0\0\x08\0\0\0\xdc\x17\0\0\0\0\0\0\x04\0\0\0\x08\0\0\0\
\xec\x17\0\0\0\0\0\0\x04\0\0\0\x08\0\0\0\x1d\x1f\x20\x1e\0\x2e\x74\x65\x78\x74\
\0\x2e\x72\x65\x6c\x2e\x42\x54\x46\x2e\x65\x78\x74\0\x68\x61\x6e\x64\x6c\x65\
\x5f\x73\x63\x68\x65\x64\x5f\x70\x72\x6f\x63\x65\x73\x73\x5f\x65\x78\x69\x74\0\
\x2e\x72\x65\x6c\x72\x61\x77\x5f\x74\x72\x61\x63\x65\x70\x6f\x69\x6e\x74\x2f\
\x73\x63\x68\x65\x64\x5f\x70\x72\x6f\x63\x65\x73\x73\x5f\x65\x78\x69\x74\0\x2e\
\x6d\x61\x70\x73\0\x2e\x6c\x6c\x76\x6d\x5f\x61\x64\x64\x72\x73\x69\x67\0\x6c\
\x69\x63\x65\x6e\x73\x65\0\x68\x61\x6e\x64\x6c\x65\x5f\x73\x63\x68\x65\x64\x5f\
\x70\x72\x6f\x63\x65\x73\x73\x5f\x65\x78\x65\x63\0\x2e\x72\x65\x6c\x72\x61\x77\
\x5f\x74\x72\x61\x63\x65\x70\x6f\x69\x6e\x74\x2f\x73\x63\x68\x65\x64\x5f\x70\
\x72\x6f\x63\x65\x73\x73\x5f\x65\x78\x65\x63\0\x72\x62\0\x2e\x73\x74\x72\x74\
\x61\x62\0\x2e\x73\x79\x6d\x74\x61\x62\0\x2e\x72\x65\x6c\x2e\x42\x54\x46\0\x4c\
\x49\x43\x45\x4e\x53\x45\0\x4c\x42\x42\x31\x5f\x39\0\x4c\x42\x42\x31\x5f\x31\
\x39\0\x4c\x42\x42\x30\x5f\x38\0\x4c\x42\x42\x31\x5f\x36\0\x4c\x42\x42\x30\x5f\
\x36\0\x4c\x42\x42\x31\x5f\x31\x36\0\x4c\x42\x42\x31\x5f\x34\0\x4c\x42\x42\x30\
\x5f\x34\0\x4c\x42\x42\x31\x5f\x31\x34\0\x4c\x42\x42\x31\x5f\x33\0\x4c\x42\x42\
\x30\x5f\x33\0\x4c\x42\x42\x31\x5f\x31\x32\0\x4c\x42\x42\x30\x5f\x31\x31\0\x4c\
\x42\x42\x31\x5f\x32\x30\0\x4c\x42\x42\x31\x5f\x31\x30\0\x4c\x42\x42\x30\x5f\
\x31\x30\0\0\0\0\0\0\0\0\0\0\0\0\0\0\0\0\0\0\0\0\0\0\0\0\0\0\0\0\0\0\0\0\0\0\0\
\0\0\0\0\0\0\0\0\0\0\0\0\0\0\0\0\0\0\0\0\0\0\0\0\0\0\0\0\0\0\xb3\0\0\0\x03\0\0\
\0\0\0\0\0\0\0\0\0\0\0\0\0\0\0\0\0\x8c\x5c\x02\0\0\0\0\0\x4c\x01\0\0\0\0\0\0\0\
\0\0\0\0\0\0\0\x01\0\0\0\0\0\0\0\0\0\0\0\0\0\0\0\x01\0\0\0\x01\0\0\0\x06\0\0\0\
\0\0\0\0\0\0\0\0\0\0\0\0\x40\0\0\0\0\0\0\0\0\0\0\0\0\0\0\0\0\0\0\0\0\0\0\0\x04\
\0\0\0\0\0\0\0\0\0\0\0\0\0\0\0\x8e\0\0\0\x01\0\0\0\x06\0\0\0\0\0\0\0\0\0\0\0\0\
\0\0\0\x40\0\0\0\0\0\0\0\xc0\x12\0\0\0\0\0\0\0\0\0\0\0\0\0\0\x08\0\0\0\0\0\0\0\
\0\0\0\0\0\0\0\0\x8a\0\0\0\x09\0\0\0\x40\0\0\0\0\0\0\0\0\0\0\0\0\0\0\0\x98\x44\
\x02\0\0\0\0\0\x10\0\0\0\0\0\0\0\x0e\0\0\0\x03\0\0\0\x08\0\0\0\0\0\0\0\x10\0\0\
\0\0\0\0\0\x32\0\0\0\x01\0\0\0\x06\0\0\0\0\0\0\0\0\0\0\0\0\0\0\0\0\x13\0\0\0\0\
\0\0\xe0\x08\0\0\0\0\0\0\0\0\0\0\0\0\0\0\x08\0\0\0\0\0\0\0\0\0\0\0\0\0\0\0\x2e\
\0\0\0\x09\0\0\0\x40\0\0\0\0\0\0\0\0\0\0\0\0\0\0\0\xa8\x44\x02\0\0\0\0\0\x10\0\
\0\0\0\0\0\0\x0e\0\0\0\x05\0\0\0\x08\0\0\0\0\0\0\0\x10\0\0\0\0\0\0\0\x68\0\0\0\
\x01\0\0\0\x02\0\0\0\0\0\0\0\0\0\0\0\0\0\0\0\xe0\x1b\0\0\0\0\0\0\x0d\0\0\0\0\0\
\0\0\0\0\0\0\0\0\0\0\x01\0\0\0\0\0\0\0\0\0\0\0\0\0\0\0\x54\0\0\0\x01\0\0\0\x03\
\0\0\0\0\0\0\0\0\0\0\0\0\0\0\0\xf0\x1b\0\0\0\0\0\0\x10\0\0\0\0\0\0\0\0\0\0\0\0\
\0\0\0\x08\0\0\0\0\0\0\0\0\0\0\0\0\0\0\0\xc7\0\0\0\x01\0\0\0\0\0\0\0\0\0\0\0\0\
\0\0\0\0\0\0\0\0\x1c\0\0\0\0\0\0\x72\x0e\x02\0\0\0\0\0\0\0\0\0\0\0\0\0\x04\0\0\
\0\0\0\0\0\0\0\0\0\0\0\0\0\xc3\0\0\0\x09\0\0\0\x40\0\0\0\0\0\0\0\0\0\0\0\0\0\0\
\0\xb8\x44\x02\0\0\0\0\0\x20\0\0\0\0\0\0\0\x0e\0\0\0\x09\0\0\0\x08\0\0\0\0\0\0\
\0\x10\0\0\0\0\0\0\0\x0b\0\0\0\x01\0\0\0\0\0\0\0\0\0\0\0\0\0\0\0\0\0\0\0\x74\
\x2a\x02\0\0\0\0\0\xfc\x17\0\0\0\0\0\0\0\0\0\0\0\0\0\0\x04\0\0\0\0\0\0\0\0\0\0\
\0\0\0\0\0\x07\0\0\0\x09\0\0\0\x40\0\0\0\0\0\0\0\0\0\0\0\0\0\0\0\xd8\x44\x02\0\
\0\0\0\0\xb0\x17\0\0\0\0\0\0\x0e\0\0\0\x0b\0\0\0\x08\0\0\0\0\0\0\0\x10\0\0\0\0\
\0\0\0\x5a\0\0\0\x03\x4c\xff\x6f\0\0\0\x80\0\0\0\0\0\0\0\0\0\0\0\0\x88\x5c\x02\
\0\0\0\0\0\x04\0\0\0\0\0\0\0\0\0\0\0\0\0\0\0\x01\0\0\0\0\0\0\0\0\0\0\0\0\0\0\0\
\xbb\0\0\0\x02\0\0\0\0\0\0\0\0\0\0\0\0\0\0\0\0\0\0\0\x70\x42\x02\0\0\0\0\0\x28\
\x02\0\0\0\0\0\0\x01\0\0\0\x13\0\0\0\x08\0\0\0\0\0\0\0\x18\0\0\0\0\0\0\0";
}

#ifdef __cplusplus
struct process_bpf *process_bpf::open(const struct bpf_object_open_opts *opts) { return process_bpf__open_opts(opts); }
struct process_bpf *process_bpf::open_and_load() { return process_bpf__open_and_load(); }
int process_bpf::load(struct process_bpf *skel) { return process_bpf__load(skel); }
int process_bpf::attach(struct process_bpf *skel) { return process_bpf__attach(skel); }
void process_bpf::detach(struct process_bpf *skel) { process_bpf__detach(skel); }
void process_bpf::destroy(struct process_bpf *skel) { process_bpf__destroy(skel); }
const void *process_bpf::elf_bytes(size_t *sz) { return process_bpf__elf_bytes(sz); }
#endif /* __cplusplus */

__attribute__((unused)) static void
process_bpf__assert(struct process_bpf *s __attribute__((unused)))
{
#ifdef __cplusplus
#define _Static_assert static_assert
#endif
#ifdef __cplusplus
#undef _Static_assert
#endif
}

#endif /* __PROCESS_BPF_SKEL_H__ */
