/* SPDX-License-Identifier: (LGPL-2.1 OR BSD-2-Clause) */

/* THIS FILE IS AUTOGENERATED BY BPFTOOL! */
#ifndef __NETWORK_BPF_SKEL_H__
#define __NETWORK_BPF_SKEL_H__

#include <errno.h>
#include <stdlib.h>
#include <bpf/libbpf.h>

struct network_bpf {
	struct bpf_object_skeleton *skeleton;
	struct bpf_object *obj;
	struct {
		struct bpf_map *rb;
		struct bpf_map *cros_network_flow_map;
		struct bpf_map *cros_allocated_tuples;
		struct bpf_map *process_map;
		struct bpf_map *heap_cros_network_common_map;
		struct bpf_map *rodata;
	} maps;
	struct {
		struct bpf_program *cros_handle_inet_listen;
		struct bpf_program *cros_handle_inet_sendmsg_exit;
		struct bpf_program *cros_handle_inet_recvmsg_exit;
		struct bpf_program *cros_handle_inet_accept_exit;
		struct bpf_program *cros_handle_inet_stream_connect_exit;
		struct bpf_program *cros_handle_inet_release_enter;
	} progs;
	struct {
		struct bpf_link *cros_handle_inet_listen;
		struct bpf_link *cros_handle_inet_sendmsg_exit;
		struct bpf_link *cros_handle_inet_recvmsg_exit;
		struct bpf_link *cros_handle_inet_accept_exit;
		struct bpf_link *cros_handle_inet_stream_connect_exit;
		struct bpf_link *cros_handle_inet_release_enter;
	} links;

#ifdef __cplusplus
	static inline struct network_bpf *open(const struct bpf_object_open_opts *opts = nullptr);
	static inline struct network_bpf *open_and_load();
	static inline int load(struct network_bpf *skel);
	static inline int attach(struct network_bpf *skel);
	static inline void detach(struct network_bpf *skel);
	static inline void destroy(struct network_bpf *skel);
	static inline const void *elf_bytes(size_t *sz);
#endif /* __cplusplus */
};

static void
network_bpf__destroy(struct network_bpf *obj)
{
	if (!obj)
		return;
	if (obj->skeleton)
		bpf_object__destroy_skeleton(obj->skeleton);
	free(obj);
}

static inline int
network_bpf__create_skeleton(struct network_bpf *obj);

static inline struct network_bpf *
network_bpf__open_opts(const struct bpf_object_open_opts *opts)
{
	struct network_bpf *obj;
	int err;

	obj = (struct network_bpf *)calloc(1, sizeof(*obj));
	if (!obj) {
		errno = ENOMEM;
		return NULL;
	}

	err = network_bpf__create_skeleton(obj);
	if (err)
		goto err_out;

	err = bpf_object__open_skeleton(obj->skeleton, opts);
	if (err)
		goto err_out;

	return obj;
err_out:
	network_bpf__destroy(obj);
	errno = -err;
	return NULL;
}

static inline struct network_bpf *
network_bpf__open(void)
{
	return network_bpf__open_opts(NULL);
}

static inline int
network_bpf__load(struct network_bpf *obj)
{
	return bpf_object__load_skeleton(obj->skeleton);
}

static inline struct network_bpf *
network_bpf__open_and_load(void)
{
	struct network_bpf *obj;
	int err;

	obj = network_bpf__open();
	if (!obj)
		return NULL;
	err = network_bpf__load(obj);
	if (err) {
		network_bpf__destroy(obj);
		errno = -err;
		return NULL;
	}
	return obj;
}

static inline int
network_bpf__attach(struct network_bpf *obj)
{
	return bpf_object__attach_skeleton(obj->skeleton);
}

static inline void
network_bpf__detach(struct network_bpf *obj)
{
	bpf_object__detach_skeleton(obj->skeleton);
}

static inline const void *network_bpf__elf_bytes(size_t *sz);

static inline int
network_bpf__create_skeleton(struct network_bpf *obj)
{
	struct bpf_object_skeleton *s;
	int err;

	s = (struct bpf_object_skeleton *)calloc(1, sizeof(*s));
	if (!s)	{
		err = -ENOMEM;
		goto err;
	}

	s->sz = sizeof(*s);
	s->name = "network_bpf";
	s->obj = &obj->obj;

	/* maps */
	s->map_cnt = 6;
	s->map_skel_sz = sizeof(*s->maps);
	s->maps = (struct bpf_map_skeleton *)calloc(s->map_cnt, s->map_skel_sz);
	if (!s->maps) {
		err = -ENOMEM;
		goto err;
	}

	s->maps[0].name = "rb";
	s->maps[0].map = &obj->maps.rb;

	s->maps[1].name = "cros_network_flow_map";
	s->maps[1].map = &obj->maps.cros_network_flow_map;

	s->maps[2].name = "cros_allocated_tuples";
	s->maps[2].map = &obj->maps.cros_allocated_tuples;

	s->maps[3].name = "process_map";
	s->maps[3].map = &obj->maps.process_map;

	s->maps[4].name = "heap_cros_network_common_map";
	s->maps[4].map = &obj->maps.heap_cros_network_common_map;

	s->maps[5].name = "network_.rodata";
	s->maps[5].map = &obj->maps.rodata;

	/* programs */
	s->prog_cnt = 6;
	s->prog_skel_sz = sizeof(*s->progs);
	s->progs = (struct bpf_prog_skeleton *)calloc(s->prog_cnt, s->prog_skel_sz);
	if (!s->progs) {
		err = -ENOMEM;
		goto err;
	}

	s->progs[0].name = "cros_handle_inet_listen";
	s->progs[0].prog = &obj->progs.cros_handle_inet_listen;
	s->progs[0].link = &obj->links.cros_handle_inet_listen;

	s->progs[1].name = "cros_handle_inet_sendmsg_exit";
	s->progs[1].prog = &obj->progs.cros_handle_inet_sendmsg_exit;
	s->progs[1].link = &obj->links.cros_handle_inet_sendmsg_exit;

	s->progs[2].name = "cros_handle_inet_recvmsg_exit";
	s->progs[2].prog = &obj->progs.cros_handle_inet_recvmsg_exit;
	s->progs[2].link = &obj->links.cros_handle_inet_recvmsg_exit;

	s->progs[3].name = "cros_handle_inet_accept_exit";
	s->progs[3].prog = &obj->progs.cros_handle_inet_accept_exit;
	s->progs[3].link = &obj->links.cros_handle_inet_accept_exit;

	s->progs[4].name = "cros_handle_inet_stream_connect_exit";
	s->progs[4].prog = &obj->progs.cros_handle_inet_stream_connect_exit;
	s->progs[4].link = &obj->links.cros_handle_inet_stream_connect_exit;

	s->progs[5].name = "cros_handle_inet_release_enter";
	s->progs[5].prog = &obj->progs.cros_handle_inet_release_enter;
	s->progs[5].link = &obj->links.cros_handle_inet_release_enter;

	s->data = (void *)network_bpf__elf_bytes(&s->data_sz);

	obj->skeleton = s;
	return 0;
err:
	bpf_object__destroy_skeleton(s);
	return err;
}

static inline const void *network_bpf__elf_bytes(size_t *sz)
{
	*sz = 113512;
	return (const void *)"\
\x7f\x45\x4c\x46\x02\x01\x01\0\0\0\0\0\0\0\0\0\x01\0\xf7\0\x01\0\0\0\0\0\0\0\0\
\0\0\0\0\0\0\0\0\0\0\0\x68\xb5\x01\0\0\0\0\0\0\0\0\0\x40\0\0\0\0\0\x40\0\x18\0\
\x01\0\x15\x04\x04\0\0\0\0\0\x79\x21\x30\0\0\0\0\0\x5d\x41\x02\0\0\0\0\0\xb7\
\x01\0\0\x01\0\0\0\x73\x13\x0c\0\0\0\0\0\xb7\0\0\0\0\0\0\0\x95\0\0\0\0\0\0\0\
\x79\x12\x10\0\0\0\0\0\x67\x02\0\0\x20\0\0\0\x77\x02\0\0\x20\0\0\0\x55\x02\x3f\
\x01\0\0\0\0\x79\x17\0\0\0\0\0\0\x85\0\0\0\x23\0\0\0\xb7\x01\0\0\x4c\0\0\0\x0f\
\x10\0\0\0\0\0\0\xbf\xa1\0\0\0\0\0\0\x07\x01\0\0\x78\xff\xff\xff\xb7\x02\0\0\
\x04\0\0\0\xbf\x03\0\0\0\0\0\0\x85\0\0\0\x71\0\0\0\x61\xa1\x78\xff\0\0\0\0\x57\
\x01\0\0\0\0\x20\0\x55\x01\x33\x01\0\0\0\0\x18\x01\0\0\0\0\0\0\0\0\0\0\0\0\0\0\
\xb7\x02\0\0\xb0\x04\0\0\xb7\x03\0\0\0\0\0\0\x85\0\0\0\x83\0\0\0\x15\0\x2d\x01\
\0\0\0\0\x7b\x0a\x40\xfe\0\0\0\0\xbf\x06\0\0\0\0\0\0\xb7\x01\0\0\x18\0\0\0\xbf\
\x79\0\0\0\0\0\0\x0f\x19\0\0\0\0\0\0\xbf\xa1\0\0\0\0\0\0\x07\x01\0\0\x78\xff\
\xff\xff\xb7\x02\0\0\x08\0\0\0\xbf\x93\0\0\0\0\0\0\x85\0\0\0\x71\0\0\0\x79\xa1\
\x78\xff\0\0\0\0\x7b\x1a\x48\xfe\0\0\0\0\xb7\x01\0\0\x01\0\0\0\x63\x16\0\0\0\0\
\0\0\x63\x16\xa8\x04\0\0\0\0\x85\0\0\0\x23\0\0\0\x7b\x0a\x58\xfe\0\0\0\0\xbf\
\xa1\0\0\0\0\0\0\x07\x01\0\0\x78\xff\xff\xff\xb7\x02\0\0\x08\0\0\0\xbf\x93\0\0\
\0\0\0\0\x85\0\0\0\x71\0\0\0\xb7\x01\0\0\x04\0\0\0\x7b\x7a\x50\xfe\0\0\0\0\xbf\
\x73\0\0\0\0\0\0\x0f\x13\0\0\0\0\0\0\x79\xa9\x78\xff\0\0\0\0\xbf\xa1\0\0\0\0\0\
\0\x07\x01\0\0\x78\xff\xff\xff\xb7\x02\0\0\x02\0\0\0\x85\0\0\0\x71\0\0\0\xb7\
\x01\0\0\0\0\0\0\xbf\x93\0\0\0\0\0\0\x0f\x13\0\0\0\0\0\0\x69\xa8\x78\xff\0\0\0\
\0\xbf\xa7\0\0\0\0\0\0\x07\x07\0\0\x78\xff\xff\xff\xbf\x71\0\0\0\0\0\0\xb7\x02\
\0\0\x88\0\0\0\x85\0\0\0\x71\0\0\0\x69\x77\x10\0\0\0\0\0\x7b\x6a\x60\xfe\0\0\0\
\0\x63\x76\x0c\0\0\0\0\0\xb7\x01\0\0\x24\x02\0\0\x0f\x19\0\0\0\0\0\0\xbf\xa1\0\
\0\0\0\0\0\x07\x01\0\0\xf0\xfe\xff\xff\xb7\x02\0\0\x02\0\0\0\xbf\x93\0\0\0\0\0\
\0\x85\0\0\0\x71\0\0\0\x67\x08\0\0\x30\0\0\0\xc7\x08\0\0\x30\0\0\0\x69\xa1\xf0\
\xfe\0\0\0\0\x65\x01\x04\0\x05\0\0\0\x15\x01\x0e\0\0\0\0\0\xb7\x02\0\0\x01\0\0\
\0\x15\x01\x17\0\x01\0\0\0\x05\0\x02\0\0\0\0\0\x15\x01\x08\0\x06\0\0\0\x15\x01\
\x11\0\x11\0\0\0\xb7\x01\0\0\x3a\0\0\0\x15\x08\x01\0\x3a\0\0\0\xb7\x01\0\0\xfc\
\0\0\0\xb7\x02\0\0\xfb\0\0\0\x15\x08\x0f\0\x03\0\0\0\xbf\x12\0\0\0\0\0\0\x05\0\
\x0d\0\0\0\0\0\xb7\x02\0\0\x06\0\0\0\x05\0\x0b\0\0\0\0\0\x15\x07\x01\0\x0a\0\0\
\0\x55\x07\x08\0\x02\0\0\0\xb7\x02\0\0\x06\0\0\0\x15\x08\x07\0\x01\0\0\0\x67\
\x08\0\0\x20\0\0\0\x77\x08\0\0\x20\0\0\0\x15\x08\xe3\0\x03\0\0\0\x55\x08\x02\0\
\x02\0\0\0\xb7\x02\0\0\x11\0\0\0\x05\0\x01\0\0\0\0\0\xb7\x02\0\0\xfc\0\0\0\x79\
\xa1\x60\xfe\0\0\0\0\x63\x21\x10\0\0\0\0\0\xb7\x01\0\0\xb8\x05\0\0\x79\xa3\x58\
\xfe\0\0\0\0\x0f\x13\0\0\0\0\0\0\xbf\xa1\0\0\0\0\0\0\x07\x01\0\0\x68\xfe\xff\
\xff\xb7\x02\0\0\x08\0\0\0\x85\0\0\0\x71\0\0\0\xb7\x01\0\0\xe8\x05\0\0\x79\xa3\
\x68\xfe\0\0\0\0\x0f\x13\0\0\0\0\0\0\xbf\xa1\0\0\0\0\0\0\x07\x01\0\0\xf0\xfe\
\xff\xff\xb7\x02\0\0\x08\0\0\0\x85\0\0\0\x71\0\0\0\xb7\x06\0\0\x40\0\0\0\x79\
\xa8\xf0\xfe\0\0\0\0\x05\0\x06\0\0\0\0\0\x07\x06\0\0\xff\xff\xff\xff\xbf\x61\0\
\0\0\0\0\0\x67\x01\0\0\x20\0\0\0\x77\x01\0\0\x20\0\0\0\xbf\x98\0\0\0\0\0\0\x15\
\x01\x20\0\0\0\0\0\xbf\x83\0\0\0\0\0\0\xb7\x01\0\0\xb8\x05\0\0\x0f\x13\0\0\0\0\
\0\0\xbf\xa1\0\0\0\0\0\0\x07\x01\0\0\x68\xfe\xff\xff\xb7\x02\0\0\x08\0\0\0\x85\
\0\0\0\x71\0\0\0\x79\xa3\x68\xfe\0\0\0\0\xb7\x01\0\0\xe8\x05\0\0\x0f\x13\0\0\0\
\0\0\0\xbf\xa1\0\0\0\0\0\0\x07\x01\0\0\xf0\xfe\xff\xff\xb7\x02\0\0\x08\0\0\0\
\x85\0\0\0\x71\0\0\0\x79\xa9\xf0\xfe\0\0\0\0\x15\x09\x10\0\0\0\0\0\xbf\x83\0\0\
\0\0\0\0\xb7\x07\0\0\x48\x08\0\0\x0f\x73\0\0\0\0\0\0\xbf\xa1\0\0\0\0\0\0\x07\
\x01\0\0\xf0\xfe\xff\xff\xb7\x02\0\0\x08\0\0\0\x85\0\0\0\x71\0\0\0\xbf\x93\0\0\
\0\0\0\0\x0f\x73\0\0\0\0\0\0\x79\xa7\xf0\xfe\0\0\0\0\xbf\xa1\0\0\0\0\0\0\x07\
\x01\0\0\xf0\xfe\xff\xff\xb7\x02\0\0\x08\0\0\0\x85\0\0\0\x71\0\0\0\x79\xa1\xf0\
\xfe\0\0\0\0\x1d\x17\xda\xff\0\0\0\0\xb7\x09\0\0\xac\x05\0\0\xbf\x83\0\0\0\0\0\
\0\x0f\x93\0\0\0\0\0\0\xbf\xa1\0\0\0\0\0\0\x07\x01\0\0\xf0\xfe\xff\xff\xb7\x02\
\0\0\x04\0\0\0\x85\0\0\0\x71\0\0\0\x61\xa1\xf0\xfe\0\0\0\0\x79\xa4\x60\xfe\0\0\
\0\0\x63\x14\x1c\0\0\0\0\0\xb7\x07\0\0\xe0\x06\0\0\x0f\x78\0\0\0\0\0\0\xbf\xa1\
\0\0\0\0\0\0\x07\x01\0\0\xf0\xfe\xff\xff\xb7\x02\0\0\x08\0\0\0\xbf\x83\0\0\0\0\
\0\0\xbf\x48\0\0\0\0\0\0\x85\0\0\0\x71\0\0\0\x79\xa1\xf0\xfe\0\0\0\0\x7b\x18\
\x28\0\0\0\0\0\xb7\x01\0\0\xe8\x05\0\0\x79\xa6\x58\xfe\0\0\0\0\xbf\x63\0\0\0\0\
\0\0\x0f\x13\0\0\0\0\0\0\xbf\xa1\0\0\0\0\0\0\x07\x01\0\0\x68\xfe\xff\xff\xb7\
\x02\0\0\x08\0\0\0\x85\0\0\0\x71\0\0\0\x79\xa3\x68\xfe\0\0\0\0\x0f\x73\0\0\0\0\
\0\0\xbf\xa1\0\0\0\0\0\0\x07\x01\0\0\xf0\xfe\xff\xff\xb7\x02\0\0\x08\0\0\0\x85\
\0\0\0\x71\0\0\0\x79\xa1\xf0\xfe\0\0\0\0\x7b\x18\x20\0\0\0\0\0\xbf\x63\0\0\0\0\
\0\0\x0f\x93\0\0\0\0\0\0\xbf\xa1\0\0\0\0\0\0\x07\x01\0\0\xf0\xfe\xff\xff\xb7\
\x02\0\0\x04\0\0\0\x85\0\0\0\x71\0\0\0\x61\xa1\xf0\xfe\0\0\0\0\x63\x18\x18\0\0\
\0\0\0\xb7\x01\0\0\x50\x07\0\0\xbf\x69\0\0\0\0\0\0\x0f\x19\0\0\0\0\0\0\xbf\xa1\
\0\0\0\0\0\0\x07\x01\0\0\xf0\xfe\xff\xff\xb7\x02\0\0\x08\0\0\0\xbf\x93\0\0\0\0\
\0\0\x85\0\0\0\x71\0\0\0\xb7\x01\0\0\x14\0\0\0\x79\xa3\xf0\xfe\0\0\0\0\x0f\x13\
\0\0\0\0\0\0\xbf\xa1\0\0\0\0\0\0\x07\x01\0\0\x68\xfe\xff\xff\xb7\x02\0\0\x04\0\
\0\0\x85\0\0\0\x71\0\0\0\x61\xa1\x68\xfe\0\0\0\0\x63\x18\x34\x02\0\0\0\0\xbf\
\xa1\0\0\0\0\0\0\x07\x01\0\0\xf0\xfe\xff\xff\xb7\x02\0\0\x08\0\0\0\xbf\x93\0\0\
\0\0\0\0\x85\0\0\0\x71\0\0\0\xb7\x01\0\0\x18\0\0\0\x79\xa3\xf0\xfe\0\0\0\0\x0f\
\x13\0\0\0\0\0\0\xbf\xa1\0\0\0\0\0\0\x07\x01\0\0\x68\xfe\xff\xff\xb7\x02\0\0\
\x04\0\0\0\x85\0\0\0\x71\0\0\0\x61\xa1\x68\xfe\0\0\0\0\x63\x18\x38\x02\0\0\0\0\
\xb7\x01\0\0\xf0\x04\0\0\x0f\x16\0\0\0\0\0\0\xbf\xa1\0\0\0\0\0\0\x07\x01\0\0\
\x68\xfe\xff\xff\xb7\x02\0\0\x08\0\0\0\xbf\x63\0\0\0\0\0\0\x85\0\0\0\x71\0\0\0\
\xb7\x01\0\0\x28\x01\0\0\x79\xa3\x68\xfe\0\0\0\0\x0f\x13\0\0\0\0\0\0\xbf\xa1\0\
\0\0\0\0\0\x07\x01\0\0\xf0\xfe\xff\xff\xb7\x02\0\0\x08\0\0\0\x85\0\0\0\x71\0\0\
\0\x79\xa9\xf0\xfe\0\0\0\0\xbf\xa1\0\0\0\0\0\0\x07\x01\0\0\x68\xfe\xff\xff\xb7\
\x02\0\0\x08\0\0\0\xbf\x63\0\0\0\0\0\0\x85\0\0\0\x71\0\0\0\xb7\x01\0\0\x30\x01\
\0\0\x79\xa3\x68\xfe\0\0\0\0\x0f\x13\0\0\0\0\0\0\xbf\xa1\0\0\0\0\0\0\x07\x01\0\
\0\xf0\xfe\xff\xff\xb7\x02\0\0\x08\0\0\0\x85\0\0\0\x71\0\0\0\x79\xa2\xf0\xfe\0\
\0\0\0\x1f\x92\0\0\0\0\0\0\xb7\x01\0\0\0\x02\0\0\x2d\x21\x01\0\0\0\0\0\xb7\x02\
\0\0\0\x02\0\0\x63\x28\x30\x02\0\0\0\0\x79\xa1\x40\xfe\0\0\0\0\x07\x01\0\0\x30\
\0\0\0\xbf\x93\0\0\0\0\0\0\x85\0\0\0\x70\0\0\0\x61\x81\x30\x02\0\0\0\0\x79\xa3\
\x50\xfe\0\0\0\0\x55\x01\x02\0\0\x02\0\0\xb7\x01\0\0\0\0\0\0\x73\x18\x2f\x02\0\
\0\0\0\xb7\x01\0\0\x04\0\0\0\x0f\x13\0\0\0\0\0\0\xbf\xa1\0\0\0\0\0\0\x07\x01\0\
\0\x78\xff\xff\xff\xb7\x02\0\0\x02\0\0\0\x85\0\0\0\x71\0\0\0\x69\xa1\x78\xff\0\
\0\0\0\x73\x18\x40\x02\0\0\0\0\xb7\x01\0\0\0\0\0\0\x79\xa6\x48\xfe\0\0\0\0\x0f\
\x16\0\0\0\0\0\0\xbf\xa7\0\0\0\0\0\0\x07\x07\0\0\x78\xff\xff\xff\xbf\x71\0\0\0\
\0\0\0\xb7\x02\0\0\x88\0\0\0\xbf\x63\0\0\0\0\0\0\x85\0\0\0\x71\0\0\0\x69\x71\
\x0e\0\0\0\0\0\x63\x18\x44\x02\0\0\0\0\xbf\xa7\0\0\0\0\0\0\x07\x07\0\0\xf0\xfe\
\xff\xff\xbf\x71\0\0\0\0\0\0\xb7\x02\0\0\x88\0\0\0\xbf\x63\0\0\0\0\0\0\x85\0\0\
\0\x71\0\0\0\x61\x71\x04\0\0\0\0\0\x63\x18\x48\x02\0\0\0\0\xbf\xa7\0\0\0\0\0\0\
\x07\x07\0\0\x68\xfe\xff\xff\xbf\x71\0\0\0\0\0\0\xb7\x02\0\0\x88\0\0\0\xbf\x63\
\0\0\0\0\0\0\x85\0\0\0\x71\0\0\0\xb7\x01\0\0\x48\0\0\0\xbf\x72\0\0\0\0\0\0\x0f\
\x12\0\0\0\0\0\0\x61\x21\x0c\0\0\0\0\0\x61\x23\x08\0\0\0\0\0\x61\x22\x04\0\0\0\
\0\0\x61\x74\x48\0\0\0\0\0\x63\x48\x4c\x02\0\0\0\0\x63\x28\x50\x02\0\0\0\0\x63\
\x38\x54\x02\0\0\0\0\x63\x18\x58\x02\0\0\0\0\xbf\x81\0\0\0\0\0\0\xb7\x02\0\0\0\
\0\0\0\x85\0\0\0\x84\0\0\0\xb7\0\0\0\0\0\0\0\x95\0\0\0\0\0\0\0\xb7\x02\0\0\xfb\
\0\0\0\x05\0\x1f\xff\0\0\0\0\x79\x13\x18\0\0\0\0\0\xbf\x32\0\0\0\0\0\0\x67\x02\
\0\0\x20\0\0\0\xc7\x02\0\0\x20\0\0\0\xb7\x09\0\0\x01\0\0\0\x6d\x29\x7c\0\0\0\0\
\0\x7b\x3a\xa0\xfe\0\0\0\0\x79\x16\0\0\0\0\0\0\xb7\x01\0\0\0\0\0\0\x7b\x1a\xd0\
\xfe\0\0\0\0\x7b\x1a\xc8\xfe\0\0\0\0\x7b\x1a\xc0\xfe\0\0\0\0\x7b\x1a\xb8\xfe\0\
\0\0\0\x7b\x1a\xb0\xfe\0\0\0\0\x7b\x6a\xd8\xfe\0\0\0\0\xb7\x01\0\0\x18\0\0\0\
\xbf\x67\0\0\0\0\0\0\x0f\x17\0\0\0\0\0\0\xbf\xa1\0\0\0\0\0\0\x07\x01\0\0\xd8\
\xff\xff\xff\xb7\x02\0\0\x08\0\0\0\xbf\x73\0\0\0\0\0\0\x85\0\0\0\x71\0\0\0\xb7\
\x01\0\0\0\0\0\0\x79\xa3\xd8\xff\0\0\0\0\x0f\x13\0\0\0\0\0\0\xbf\xa8\0\0\0\0\0\
\0\x07\x08\0\0\xe0\xfe\xff\xff\xbf\x81\0\0\0\0\0\0\xb7\x02\0\0\x88\0\0\0\x85\0\
\0\0\x71\0\0\0\x69\x88\x10\0\0\0\0\0\x63\x8a\xa8\xfe\0\0\0\0\xb7\x01\0\0\x04\0\
\0\0\x0f\x16\0\0\0\0\0\0\xbf\xa1\0\0\0\0\0\0\x07\x01\0\0\xd8\xff\xff\xff\xb7\
\x02\0\0\x02\0\0\0\xbf\x63\0\0\0\0\0\0\x85\0\0\0\x71\0\0\0\x69\xa6\xd8\xff\0\0\
\0\0\xbf\xa1\0\0\0\0\0\0\x07\x01\0\0\xd8\xff\xff\xff\xb7\x02\0\0\x08\0\0\0\xbf\
\x73\0\0\0\0\0\0\x85\0\0\0\x71\0\0\0\xb7\x01\0\0\x24\x02\0\0\x79\xa3\xd8\xff\0\
\0\0\0\x0f\x13\0\0\0\0\0\0\xbf\xa1\0\0\0\0\0\0\x07\x01\0\0\xf8\xff\xff\xff\xb7\
\x02\0\0\x02\0\0\0\x85\0\0\0\x71\0\0\0\x67\x06\0\0\x30\0\0\0\xc7\x06\0\0\x30\0\
\0\0\x69\xa1\xf8\xff\0\0\0\0\x65\x01\x03\0\x05\0\0\0\x15\x01\x0d\0\0\0\0\0\x15\
\x01\x17\0\x01\0\0\0\x05\0\x02\0\0\0\0\0\x15\x01\x08\0\x06\0\0\0\x15\x01\x11\0\
\x11\0\0\0\xb7\x01\0\0\x3a\0\0\0\x15\x06\x01\0\x3a\0\0\0\xb7\x01\0\0\xfc\0\0\0\
\xb7\x09\0\0\xfb\0\0\0\x15\x06\x0f\0\x03\0\0\0\xbf\x19\0\0\0\0\0\0\x05\0\x0d\0\
\0\0\0\0\xb7\x09\0\0\x06\0\0\0\x05\0\x0b\0\0\0\0\0\x15\x08\x01\0\x0a\0\0\0\x55\
\x08\x08\0\x02\0\0\0\xb7\x09\0\0\x06\0\0\0\x15\x06\x07\0\x01\0\0\0\x67\x06\0\0\
\x20\0\0\0\x77\x06\0\0\x20\0\0\0\x15\x06\x02\x02\x03\0\0\0\x55\x06\x02\0\x02\0\
\0\0\xb7\x09\0\0\x11\0\0\0\x05\0\x01\0\0\0\0\0\xb7\x09\0\0\xfc\0\0\0\x63\x9a\
\xac\xfe\0\0\0\0\x15\x08\x08\0\x0a\0\0\0\x55\x08\x1d\0\x02\0\0\0\xbf\xa1\0\0\0\
\0\0\0\x07\x01\0\0\xe0\xfe\xff\xff\x61\x12\0\0\0\0\0\0\x63\x2a\xc4\xfe\0\0\0\0\
\x61\x11\x04\0\0\0\0\0\x63\x1a\xb0\xfe\0\0\0\0\x05\0\x16\0\0\0\0\0\xbf\xa1\0\0\
\0\0\0\0\x07\x01\0\0\xb0\xfe\xff\xff\xb7\x02\0\0\x48\0\0\0\xbf\xa3\0\0\0\0\0\0\
\x07\x03\0\0\xe0\xfe\xff\xff\xbf\x34\0\0\0\0\0\0\x0f\x24\0\0\0\0\0\0\x79\x32\
\x48\0\0\0\0\0\x79\x44\x08\0\0\0\0\0\x7b\x41\x08\0\0\0\0\0\x7b\x21\0\0\0\0\0\0\
\xb7\x01\0\0\x38\0\0\0\xbf\x32\0\0\0\0\0\0\x0f\x12\0\0\0\0\0\0\x61\x21\x04\0\0\
\0\0\0\x63\x1a\xc8\xfe\0\0\0\0\x61\x31\x38\0\0\0\0\0\x63\x1a\xc4\xfe\0\0\0\0\
\x61\x21\x0c\0\0\0\0\0\x63\x1a\xd0\xfe\0\0\0\0\x61\x21\x08\0\0\0\0\0\x63\x1a\
\xcc\xfe\0\0\0\0\xbf\xa1\0\0\0\0\0\0\x07\x01\0\0\xe0\xfe\xff\xff\x69\x12\x0c\0\
\0\0\0\0\x6b\x2a\xd4\xfe\0\0\0\0\x69\x11\x0e\0\0\0\0\0\x6b\x1a\xc0\xfe\0\0\0\0\
\xbf\xa2\0\0\0\0\0\0\x07\x02\0\0\xa8\xfe\xff\xff\x18\x01\0\0\0\0\0\0\0\0\0\0\0\
\0\0\0\x85\0\0\0\x01\0\0\0\x15\0\x06\0\0\0\0\0\x61\x01\x04\0\0\0\0\0\x79\xa2\
\xa0\xfe\0\0\0\0\x0f\x21\0\0\0\0\0\0\x63\x10\x04\0\0\0\0\0\xb7\0\0\0\0\0\0\0\
\x95\0\0\0\0\0\0\0\xb7\x07\0\0\0\0\0\0\x63\x7a\xec\xff\0\0\0\0\xb7\x01\0\0\x02\
\0\0\0\x63\x1a\xd8\xff\0\0\0\0\x79\xa1\xa0\xfe\0\0\0\0\x63\x1a\xdc\xff\0\0\0\0\
\x63\x7a\xe0\xff\0\0\0\0\x63\x7a\xe4\xff\0\0\0\0\xbf\xa2\0\0\0\0\0\0\x07\x02\0\
\0\xa8\xfe\xff\xff\xbf\xa3\0\0\0\0\0\0\x07\x03\0\0\xd8\xff\xff\xff\x18\x01\0\0\
\0\0\0\0\0\0\0\0\0\0\0\0\xb7\x04\0\0\0\0\0\0\x85\0\0\0\x02\0\0\0\xbf\xa2\0\0\0\
\0\0\0\x07\x02\0\0\xec\xff\xff\xff\x18\x01\0\0\0\0\0\0\0\0\0\0\0\0\0\0\x85\0\0\
\0\x01\0\0\0\x15\0\xe8\xff\0\0\0\0\x7b\x0a\x90\xfe\0\0\0\0\xbf\x06\0\0\0\0\0\0\
\x7b\x76\x38\x02\0\0\0\0\x7b\x76\x30\x02\0\0\0\0\x7b\x76\x28\x02\0\0\0\0\x7b\
\x76\x20\x02\0\0\0\0\x7b\x76\x18\x02\0\0\0\0\x7b\x76\x10\x02\0\0\0\0\x7b\x76\
\x08\x02\0\0\0\0\x7b\x76\0\x02\0\0\0\0\x7b\x76\xf8\x01\0\0\0\0\x7b\x76\xf0\x01\
\0\0\0\0\x7b\x76\xe8\x01\0\0\0\0\x7b\x76\xe0\x01\0\0\0\0\x7b\x76\xd8\x01\0\0\0\
\0\x7b\x76\xd0\x01\0\0\0\0\x7b\x76\xc8\x01\0\0\0\0\x7b\x76\xc0\x01\0\0\0\0\x7b\
\x76\xb8\x01\0\0\0\0\x7b\x76\xb0\x01\0\0\0\0\x7b\x76\xa8\x01\0\0\0\0\x7b\x76\
\xa0\x01\0\0\0\0\x7b\x76\x98\x01\0\0\0\0\x7b\x76\x90\x01\0\0\0\0\x7b\x76\x88\
\x01\0\0\0\0\x7b\x76\x80\x01\0\0\0\0\x7b\x76\x78\x01\0\0\0\0\x7b\x76\x70\x01\0\
\0\0\0\x7b\x76\x68\x01\0\0\0\0\x7b\x76\x60\x01\0\0\0\0\x7b\x76\x58\x01\0\0\0\0\
\x7b\x76\x50\x01\0\0\0\0\x7b\x76\x48\x01\0\0\0\0\x7b\x76\x40\x01\0\0\0\0\x7b\
\x76\x38\x01\0\0\0\0\x7b\x76\x30\x01\0\0\0\0\x7b\x76\x28\x01\0\0\0\0\x7b\x76\
\x20\x01\0\0\0\0\x7b\x76\x18\x01\0\0\0\0\x7b\x76\x10\x01\0\0\0\0\x7b\x76\x08\
\x01\0\0\0\0\x7b\x76\0\x01\0\0\0\0\x7b\x76\xf8\0\0\0\0\0\x7b\x76\xf0\0\0\0\0\0\
\x7b\x76\xe8\0\0\0\0\0\x7b\x76\xe0\0\0\0\0\0\x7b\x76\xd8\0\0\0\0\0\x7b\x76\xd0\
\0\0\0\0\0\x7b\x76\xc8\0\0\0\0\0\x7b\x76\xc0\0\0\0\0\0\x7b\x76\xb8\0\0\0\0\0\
\x7b\x76\xb0\0\0\0\0\0\x7b\x76\xa8\0\0\0\0\0\x7b\x76\xa0\0\0\0\0\0\x7b\x76\x98\
\0\0\0\0\0\x7b\x76\x90\0\0\0\0\0\x7b\x76\x88\0\0\0\0\0\x7b\x76\x80\0\0\0\0\0\
\x7b\x76\x78\0\0\0\0\0\x7b\x76\x70\0\0\0\0\0\x7b\x76\x68\0\0\0\0\0\x7b\x76\x60\
\0\0\0\0\0\x7b\x76\x58\0\0\0\0\0\x7b\x76\x50\0\0\0\0\0\x7b\x76\x48\0\0\0\0\0\
\x7b\x76\x40\0\0\0\0\0\x7b\x76\x38\0\0\0\0\0\x7b\x76\x30\0\0\0\0\0\x7b\x76\x28\
\0\0\0\0\0\x7b\x76\x20\0\0\0\0\0\x7b\x76\x18\0\0\0\0\0\x7b\x76\x10\0\0\0\0\0\
\x7b\x76\x08\0\0\0\0\0\x7b\x76\0\0\0\0\0\0\x79\xa7\xd8\xfe\0\0\0\0\x85\0\0\0\
\x23\0\0\0\x7b\x0a\xa0\xfe\0\0\0\0\xb7\x01\0\0\x18\0\0\0\xbf\x73\0\0\0\0\0\0\
\x0f\x13\0\0\0\0\0\0\xbf\xa1\0\0\0\0\0\0\x07\x01\0\0\xe0\xfe\xff\xff\xb7\x02\0\
\0\x08\0\0\0\x85\0\0\0\x71\0\0\0\xb7\x01\0\0\x04\0\0\0\x0f\x17\0\0\0\0\0\0\x79\
\xa9\xe0\xfe\0\0\0\0\xbf\xa1\0\0\0\0\0\0\x07\x01\0\0\xe0\xfe\xff\xff\xb7\x02\0\
\0\x02\0\0\0\xbf\x73\0\0\0\0\0\0\x85\0\0\0\x71\0\0\0\xb7\x01\0\0\0\0\0\0\xbf\
\x93\0\0\0\0\0\0\x0f\x13\0\0\0\0\0\0\x69\xa8\xe0\xfe\0\0\0\0\xbf\xa7\0\0\0\0\0\
\0\x07\x07\0\0\xe0\xfe\xff\xff\xbf\x71\0\0\0\0\0\0\xb7\x02\0\0\x88\0\0\0\x85\0\
\0\0\x71\0\0\0\x69\x77\x10\0\0\0\0\0\x63\x76\x04\0\0\0\0\0\xb7\x01\0\0\x24\x02\
\0\0\x0f\x19\0\0\0\0\0\0\xbf\xa1\0\0\0\0\0\0\x07\x01\0\0\xf8\xff\xff\xff\xb7\
\x02\0\0\x02\0\0\0\xbf\x93\0\0\0\0\0\0\x85\0\0\0\x71\0\0\0\x67\x08\0\0\x30\0\0\
\0\xc7\x08\0\0\x30\0\0\0\x69\xa2\xf8\xff\0\0\0\0\x65\x02\x04\0\x05\0\0\0\x15\
\x02\x0e\0\0\0\0\0\xb7\x01\0\0\x01\0\0\0\x15\x02\x17\0\x01\0\0\0\x05\0\x02\0\0\
\0\0\0\x15\x02\x08\0\x06\0\0\0\x15\x02\x11\0\x11\0\0\0\xb7\x02\0\0\x3a\0\0\0\
\x15\x08\x01\0\x3a\0\0\0\xb7\x02\0\0\xfc\0\0\0\xb7\x01\0\0\xfb\0\0\0\x15\x08\
\x0f\0\x03\0\0\0\xbf\x21\0\0\0\0\0\0\x05\0\x0d\0\0\0\0\0\xb7\x01\0\0\x06\0\0\0\
\x05\0\x0b\0\0\0\0\0\x15\x07\x01\0\x0a\0\0\0\x55\x07\x08\0\x02\0\0\0\xb7\x01\0\
\0\x06\0\0\0\x15\x08\x07\0\x01\0\0\0\x67\x08\0\0\x20\0\0\0\x77\x08\0\0\x20\0\0\
\0\x15\x08\x30\x01\x03\0\0\0\x55\x08\x02\0\x02\0\0\0\xb7\x01\0\0\x11\0\0\0\x05\
\0\x01\0\0\0\0\0\xb7\x01\0\0\xfc\0\0\0\xbf\xa2\0\0\0\0\0\0\x07\x02\0\0\xd8\xfe\
\xff\xff\x7b\x2a\x88\xfe\0\0\0\0\x7b\x6a\x98\xfe\0\0\0\0\x63\x16\x08\0\0\0\0\0\
\xb7\x01\0\0\xb8\x05\0\0\x79\xa3\xa0\xfe\0\0\0\0\x0f\x13\0\0\0\0\0\0\xbf\xa1\0\
\0\0\0\0\0\x07\x01\0\0\xf0\xff\xff\xff\xb7\x02\0\0\x08\0\0\0\x85\0\0\0\x71\0\0\
\0\xb7\x01\0\0\xe8\x05\0\0\x79\xa3\xf0\xff\0\0\0\0\x0f\x13\0\0\0\0\0\0\xbf\xa1\
\0\0\0\0\0\0\x07\x01\0\0\xf8\xff\xff\xff\xb7\x02\0\0\x08\0\0\0\x85\0\0\0\x71\0\
\0\0\xb7\x07\0\0\x40\0\0\0\x79\xa8\xf8\xff\0\0\0\0\x05\0\x06\0\0\0\0\0\x07\x07\
\0\0\xff\xff\xff\xff\xbf\x71\0\0\0\0\0\0\x67\x01\0\0\x20\0\0\0\x77\x01\0\0\x20\
\0\0\0\xbf\x98\0\0\0\0\0\0\x15\x01\x20\0\0\0\0\0\xbf\x83\0\0\0\0\0\0\xb7\x01\0\
\0\xb8\x05\0\0\x0f\x13\0\0\0\0\0\0\xbf\xa1\0\0\0\0\0\0\x07\x01\0\0\xf0\xff\xff\
\xff\xb7\x02\0\0\x08\0\0\0\x85\0\0\0\x71\0\0\0\x79\xa3\xf0\xff\0\0\0\0\xb7\x01\
\0\0\xe8\x05\0\0\x0f\x13\0\0\0\0\0\0\xbf\xa1\0\0\0\0\0\0\x07\x01\0\0\xf8\xff\
\xff\xff\xb7\x02\0\0\x08\0\0\0\x85\0\0\0\x71\0\0\0\x79\xa9\xf8\xff\0\0\0\0\x15\
\x09\x10\0\0\0\0\0\xbf\x83\0\0\0\0\0\0\xb7\x06\0\0\x48\x08\0\0\x0f\x63\0\0\0\0\
\0\0\xbf\xa1\0\0\0\0\0\0\x07\x01\0\0\xf8\xff\xff\xff\xb7\x02\0\0\x08\0\0\0\x85\
\0\0\0\x71\0\0\0\xbf\x93\0\0\0\0\0\0\x0f\x63\0\0\0\0\0\0\x79\xa6\xf8\xff\0\0\0\
\0\xbf\xa1\0\0\0\0\0\0\x07\x01\0\0\xf8\xff\xff\xff\xb7\x02\0\0\x08\0\0\0\x85\0\
\0\0\x71\0\0\0\x79\xa1\xf8\xff\0\0\0\0\x1d\x16\xda\xff\0\0\0\0\xb7\x07\0\0\xac\
\x05\0\0\xbf\x83\0\0\0\0\0\0\x0f\x73\0\0\0\0\0\0\xbf\xa1\0\0\0\0\0\0\x07\x01\0\
\0\xf8\xff\xff\xff\xb7\x02\0\0\x04\0\0\0\x85\0\0\0\x71\0\0\0\x61\xa1\xf8\xff\0\
\0\0\0\x79\xa6\x98\xfe\0\0\0\0\x63\x16\x14\0\0\0\0\0\xb7\x09\0\0\xe0\x06\0\0\
\x0f\x98\0\0\0\0\0\0\xbf\xa1\0\0\0\0\0\0\x07\x01\0\0\xf8\xff\xff\xff\xb7\x02\0\
\0\x08\0\0\0\xbf\x83\0\0\0\0\0\0\x85\0\0\0\x71\0\0\0\x79\xa1\xf8\xff\0\0\0\0\
\x7b\x16\x20\0\0\0\0\0\xb7\x01\0\0\xe8\x05\0\0\x79\xa8\xa0\xfe\0\0\0\0\xbf\x83\
\0\0\0\0\0\0\x0f\x13\0\0\0\0\0\0\xbf\xa1\0\0\0\0\0\0\x07\x01\0\0\xf0\xff\xff\
\xff\xb7\x02\0\0\x08\0\0\0\x85\0\0\0\x71\0\0\0\x79\xa3\xf0\xff\0\0\0\0\x0f\x93\
\0\0\0\0\0\0\xbf\xa1\0\0\0\0\0\0\x07\x01\0\0\xf8\xff\xff\xff\xb7\x02\0\0\x08\0\
\0\0\x85\0\0\0\x71\0\0\0\x79\xa1\xf8\xff\0\0\0\0\x7b\x16\x18\0\0\0\0\0\xbf\x83\
\0\0\0\0\0\0\x0f\x73\0\0\0\0\0\0\xbf\xa1\0\0\0\0\0\0\x07\x01\0\0\xf8\xff\xff\
\xff\xb7\x02\0\0\x04\0\0\0\x85\0\0\0\x71\0\0\0\x61\xa1\xf8\xff\0\0\0\0\x63\x16\
\x10\0\0\0\0\0\xb7\x01\0\0\x50\x07\0\0\xbf\x89\0\0\0\0\0\0\x0f\x19\0\0\0\0\0\0\
\xbf\xa1\0\0\0\0\0\0\x07\x01\0\0\xf8\xff\xff\xff\xb7\x02\0\0\x08\0\0\0\xbf\x93\
\0\0\0\0\0\0\x85\0\0\0\x71\0\0\0\xb7\x01\0\0\x14\0\0\0\x79\xa3\xf8\xff\0\0\0\0\
\x0f\x13\0\0\0\0\0\0\xbf\xa1\0\0\0\0\0\0\x07\x01\0\0\xf0\xff\xff\xff\xb7\x02\0\
\0\x04\0\0\0\x85\0\0\0\x71\0\0\0\x61\xa1\xf0\xff\0\0\0\0\x63\x16\x2c\x02\0\0\0\
\0\xbf\xa1\0\0\0\0\0\0\x07\x01\0\0\xf8\xff\xff\xff\xb7\x02\0\0\x08\0\0\0\xbf\
\x93\0\0\0\0\0\0\x85\0\0\0\x71\0\0\0\xb7\x01\0\0\x18\0\0\0\x79\xa3\xf8\xff\0\0\
\0\0\x0f\x13\0\0\0\0\0\0\xbf\xa1\0\0\0\0\0\0\x07\x01\0\0\xf0\xff\xff\xff\xb7\
\x02\0\0\x04\0\0\0\x85\0\0\0\x71\0\0\0\x61\xa1\xf0\xff\0\0\0\0\x63\x16\x30\x02\
\0\0\0\0\xb7\x01\0\0\xf0\x04\0\0\x0f\x18\0\0\0\0\0\0\xbf\xa1\0\0\0\0\0\0\x07\
\x01\0\0\xf0\xff\xff\xff\xb7\x02\0\0\x08\0\0\0\xbf\x83\0\0\0\0\0\0\x85\0\0\0\
\x71\0\0\0\xb7\x01\0\0\x28\x01\0\0\x79\xa3\xf0\xff\0\0\0\0\x0f\x13\0\0\0\0\0\0\
\xbf\xa1\0\0\0\0\0\0\x07\x01\0\0\xf8\xff\xff\xff\xb7\x02\0\0\x08\0\0\0\x85\0\0\
\0\x71\0\0\0\x79\xa9\xf8\xff\0\0\0\0\xbf\xa1\0\0\0\0\0\0\x07\x01\0\0\xf0\xff\
\xff\xff\xb7\x02\0\0\x08\0\0\0\xbf\x83\0\0\0\0\0\0\x85\0\0\0\x71\0\0\0\xb7\x01\
\0\0\x30\x01\0\0\x79\xa3\xf0\xff\0\0\0\0\x0f\x13\0\0\0\0\0\0\xbf\xa1\0\0\0\0\0\
\0\x07\x01\0\0\xf8\xff\xff\xff\xb7\x02\0\0\x08\0\0\0\x85\0\0\0\x71\0\0\0\x79\
\xa2\xf8\xff\0\0\0\0\x1f\x92\0\0\0\0\0\0\xb7\x01\0\0\0\x02\0\0\x2d\x21\x01\0\0\
\0\0\0\xb7\x02\0\0\0\x02\0\0\x63\x26\x28\x02\0\0\0\0\x79\xa1\x90\xfe\0\0\0\0\
\x07\x01\0\0\x28\0\0\0\xbf\x93\0\0\0\0\0\0\x85\0\0\0\x70\0\0\0\x61\x61\x28\x02\
\0\0\0\0\x55\x01\x02\0\0\x02\0\0\xb7\x01\0\0\0\0\0\0\x73\x16\x27\x02\0\0\0\0\
\xb7\x08\0\0\0\0\0\0\x73\x86\x38\x02\0\0\0\0\xb7\x07\0\0\x01\0\0\0\x18\x01\0\0\
\0\0\0\0\0\0\0\0\0\0\0\0\x79\xa9\x88\xfe\0\0\0\0\xbf\x92\0\0\0\0\0\0\xbf\x63\0\
\0\0\0\0\0\xb7\x04\0\0\x01\0\0\0\x85\0\0\0\x02\0\0\0\x18\x01\0\0\0\0\0\0\0\0\0\
\0\0\0\0\0\xbf\x92\0\0\0\0\0\0\x85\0\0\0\x01\0\0\0\x15\0\x27\0\0\0\0\0\x71\x01\
\0\0\0\0\0\0\x25\x01\x9c\xfe\x04\0\0\0\xbf\x13\0\0\0\0\0\0\x27\x03\0\0\x30\0\0\
\0\xbf\x02\0\0\0\0\0\0\x0f\x32\0\0\0\0\0\0\x79\xa5\xd0\xfe\0\0\0\0\xbf\x56\0\0\
\0\0\0\0\x77\x06\0\0\x20\0\0\0\x79\xa3\xa8\xfe\0\0\0\0\x79\xa4\xb0\xfe\0\0\0\0\
\x79\xa7\xb8\xfe\0\0\0\0\x79\xa8\xc0\xfe\0\0\0\0\x79\xa9\xc8\xfe\0\0\0\0\x63\
\x62\x30\0\0\0\0\0\x63\x52\x2c\0\0\0\0\0\xbf\x95\0\0\0\0\0\0\x77\x05\0\0\x20\0\
\0\0\x63\x52\x28\0\0\0\0\0\x63\x92\x24\0\0\0\0\0\xbf\x85\0\0\0\0\0\0\x77\x05\0\
\0\x20\0\0\0\x63\x52\x20\0\0\0\0\0\x63\x82\x1c\0\0\0\0\0\xbf\x75\0\0\0\0\0\0\
\x77\x05\0\0\x20\0\0\0\x63\x52\x18\0\0\0\0\0\x63\x72\x14\0\0\0\0\0\xbf\x45\0\0\
\0\0\0\0\x77\x05\0\0\x20\0\0\0\x63\x52\x10\0\0\0\0\0\x63\x42\x0c\0\0\0\0\0\xbf\
\x34\0\0\0\0\0\0\x77\x04\0\0\x20\0\0\0\x63\x42\x08\0\0\0\0\0\x63\x32\x04\0\0\0\
\0\0\x07\x01\0\0\x01\0\0\0\x73\x10\0\0\0\0\0\0\x05\0\x77\xfe\0\0\0\0\x63\x8a\
\xd0\xff\0\0\0\0\x7b\x8a\xc8\xff\0\0\0\0\x7b\x8a\xc0\xff\0\0\0\0\x7b\x8a\xb8\
\xff\0\0\0\0\x7b\x8a\xb0\xff\0\0\0\0\x7b\x8a\xa8\xff\0\0\0\0\x7b\x8a\xa0\xff\0\
\0\0\0\x7b\x8a\x98\xff\0\0\0\0\x7b\x8a\x90\xff\0\0\0\0\x7b\x8a\x88\xff\0\0\0\0\
\x7b\x8a\x80\xff\0\0\0\0\x7b\x8a\x78\xff\0\0\0\0\x7b\x8a\x70\xff\0\0\0\0\x7b\
\x8a\x68\xff\0\0\0\0\x7b\x8a\x60\xff\0\0\0\0\x7b\x8a\x58\xff\0\0\0\0\x7b\x8a\
\x50\xff\0\0\0\0\x7b\x8a\x48\xff\0\0\0\0\x7b\x8a\x40\xff\0\0\0\0\x7b\x8a\x38\
\xff\0\0\0\0\x7b\x8a\x30\xff\0\0\0\0\x7b\x8a\x28\xff\0\0\0\0\x7b\x8a\x20\xff\0\
\0\0\0\x7b\x8a\x18\xff\0\0\0\0\x7b\x8a\x10\xff\0\0\0\0\x7b\x8a\x08\xff\0\0\0\0\
\x7b\x8a\0\xff\0\0\0\0\x7b\x8a\xf8\xfe\0\0\0\0\x7b\x8a\xf0\xfe\0\0\0\0\x7b\x8a\
\xe8\xfe\0\0\0\0\x7b\x8a\xe0\xfe\0\0\0\0\x79\xa1\xd0\xfe\0\0\0\0\x63\x1a\x0c\
\xff\0\0\0\0\x77\x01\0\0\x20\0\0\0\x63\x1a\x10\xff\0\0\0\0\x79\xa1\xc8\xfe\0\0\
\0\0\x63\x1a\x04\xff\0\0\0\0\x77\x01\0\0\x20\0\0\0\x63\x1a\x08\xff\0\0\0\0\x79\
\xa1\xc0\xfe\0\0\0\0\x63\x1a\xfc\xfe\0\0\0\0\x77\x01\0\0\x20\0\0\0\x63\x1a\0\
\xff\0\0\0\0\x79\xa1\xb8\xfe\0\0\0\0\x63\x1a\xf4\xfe\0\0\0\0\x77\x01\0\0\x20\0\
\0\0\x63\x1a\xf8\xfe\0\0\0\0\x79\xa1\xb0\xfe\0\0\0\0\x63\x1a\xec\xfe\0\0\0\0\
\x77\x01\0\0\x20\0\0\0\x63\x1a\xf0\xfe\0\0\0\0\x79\xa1\xa8\xfe\0\0\0\0\x63\x1a\
\xe4\xfe\0\0\0\0\x77\x01\0\0\x20\0\0\0\x63\x1a\xe8\xfe\0\0\0\0\x73\x7a\xe0\xfe\
\0\0\0\0\xbf\xa3\0\0\0\0\0\0\x07\x03\0\0\xe0\xfe\xff\xff\x18\x01\0\0\0\0\0\0\0\
\0\0\0\0\0\0\0\xbf\x92\0\0\0\0\0\0\xb7\x04\0\0\x01\0\0\0\x85\0\0\0\x02\0\0\0\
\x15\0\x37\xfe\0\0\0\0\x18\x01\0\0\0\0\0\0\0\0\0\0\0\0\0\0\xb7\x02\0\0\x56\0\0\
\0\x85\0\0\0\x06\0\0\0\x05\0\x32\xfe\0\0\0\0\xb7\x09\0\0\xfb\0\0\0\x05\0\0\xfe\
\0\0\0\0\xb7\x01\0\0\xfb\0\0\0\x05\0\xd2\xfe\0\0\0\0\x79\x13\x20\0\0\0\0\0\xbf\
\x32\0\0\0\0\0\0\x67\x02\0\0\x20\0\0\0\xc7\x02\0\0\x20\0\0\0\xb7\x09\0\0\x01\0\
\0\0\x6d\x29\x7c\0\0\0\0\0\x7b\x3a\xa0\xfe\0\0\0\0\x79\x16\0\0\0\0\0\0\xb7\x01\
\0\0\0\0\0\0\x7b\x1a\xd0\xfe\0\0\0\0\x7b\x1a\xc8\xfe\0\0\0\0\x7b\x1a\xc0\xfe\0\
\0\0\0\x7b\x1a\xb8\xfe\0\0\0\0\x7b\x1a\xb0\xfe\0\0\0\0\x7b\x6a\xd8\xfe\0\0\0\0\
\xb7\x01\0\0\x18\0\0\0\xbf\x67\0\0\0\0\0\0\x0f\x17\0\0\0\0\0\0\xbf\xa1\0\0\0\0\
\0\0\x07\x01\0\0\xd8\xff\xff\xff\xb7\x02\0\0\x08\0\0\0\xbf\x73\0\0\0\0\0\0\x85\
\0\0\0\x71\0\0\0\xb7\x01\0\0\0\0\0\0\x79\xa3\xd8\xff\0\0\0\0\x0f\x13\0\0\0\0\0\
\0\xbf\xa8\0\0\0\0\0\0\x07\x08\0\0\xe0\xfe\xff\xff\xbf\x81\0\0\0\0\0\0\xb7\x02\
\0\0\x88\0\0\0\x85\0\0\0\x71\0\0\0\x69\x88\x10\0\0\0\0\0\x63\x8a\xa8\xfe\0\0\0\
\0\xb7\x01\0\0\x04\0\0\0\x0f\x16\0\0\0\0\0\0\xbf\xa1\0\0\0\0\0\0\x07\x01\0\0\
\xd8\xff\xff\xff\xb7\x02\0\0\x02\0\0\0\xbf\x63\0\0\0\0\0\0\x85\0\0\0\x71\0\0\0\
\x69\xa6\xd8\xff\0\0\0\0\xbf\xa1\0\0\0\0\0\0\x07\x01\0\0\xd8\xff\xff\xff\xb7\
\x02\0\0\x08\0\0\0\xbf\x73\0\0\0\0\0\0\x85\0\0\0\x71\0\0\0\xb7\x01\0\0\x24\x02\
\0\0\x79\xa3\xd8\xff\0\0\0\0\x0f\x13\0\0\0\0\0\0\xbf\xa1\0\0\0\0\0\0\x07\x01\0\
\0\xf8\xff\xff\xff\xb7\x02\0\0\x02\0\0\0\x85\0\0\0\x71\0\0\0\x67\x06\0\0\x30\0\
\0\0\xc7\x06\0\0\x30\0\0\0\x69\xa1\xf8\xff\0\0\0\0\x65\x01\x03\0\x05\0\0\0\x15\
\x01\x0d\0\0\0\0\0\x15\x01\x17\0\x01\0\0\0\x05\0\x02\0\0\0\0\0\x15\x01\x08\0\
\x06\0\0\0\x15\x01\x11\0\x11\0\0\0\xb7\x01\0\0\x3a\0\0\0\x15\x06\x01\0\x3a\0\0\
\0\xb7\x01\0\0\xfc\0\0\0\xb7\x09\0\0\xfb\0\0\0\x15\x06\x0f\0\x03\0\0\0\xbf\x19\
\0\0\0\0\0\0\x05\0\x0d\0\0\0\0\0\xb7\x09\0\0\x06\0\0\0\x05\0\x0b\0\0\0\0\0\x15\
\x08\x01\0\x0a\0\0\0\x55\x08\x08\0\x02\0\0\0\xb7\x09\0\0\x06\0\0\0\x15\x06\x07\
\0\x01\0\0\0\x67\x06\0\0\x20\0\0\0\x77\x06\0\0\x20\0\0\0\x15\x06\x02\x02\x03\0\
\0\0\x55\x06\x02\0\x02\0\0\0\xb7\x09\0\0\x11\0\0\0\x05\0\x01\0\0\0\0\0\xb7\x09\
\0\0\xfc\0\0\0\x63\x9a\xac\xfe\0\0\0\0\x15\x08\x08\0\x0a\0\0\0\x55\x08\x1d\0\
\x02\0\0\0\xbf\xa1\0\0\0\0\0\0\x07\x01\0\0\xe0\xfe\xff\xff\x61\x12\0\0\0\0\0\0\
\x63\x2a\xc4\xfe\0\0\0\0\x61\x11\x04\0\0\0\0\0\x63\x1a\xb0\xfe\0\0\0\0\x05\0\
\x16\0\0\0\0\0\xbf\xa1\0\0\0\0\0\0\x07\x01\0\0\xb0\xfe\xff\xff\xb7\x02\0\0\x48\
\0\0\0\xbf\xa3\0\0\0\0\0\0\x07\x03\0\0\xe0\xfe\xff\xff\xbf\x34\0\0\0\0\0\0\x0f\
\x24\0\0\0\0\0\0\x79\x32\x48\0\0\0\0\0\x79\x44\x08\0\0\0\0\0\x7b\x41\x08\0\0\0\
\0\0\x7b\x21\0\0\0\0\0\0\xb7\x01\0\0\x38\0\0\0\xbf\x32\0\0\0\0\0\0\x0f\x12\0\0\
\0\0\0\0\x61\x21\x04\0\0\0\0\0\x63\x1a\xc8\xfe\0\0\0\0\x61\x31\x38\0\0\0\0\0\
\x63\x1a\xc4\xfe\0\0\0\0\x61\x21\x0c\0\0\0\0\0\x63\x1a\xd0\xfe\0\0\0\0\x61\x21\
\x08\0\0\0\0\0\x63\x1a\xcc\xfe\0\0\0\0\xbf\xa1\0\0\0\0\0\0\x07\x01\0\0\xe0\xfe\
\xff\xff\x69\x12\x0c\0\0\0\0\0\x6b\x2a\xd4\xfe\0\0\0\0\x69\x11\x0e\0\0\0\0\0\
\x6b\x1a\xc0\xfe\0\0\0\0\xbf\xa2\0\0\0\0\0\0\x07\x02\0\0\xa8\xfe\xff\xff\x18\
\x01\0\0\0\0\0\0\0\0\0\0\0\0\0\0\x85\0\0\0\x01\0\0\0\x15\0\x06\0\0\0\0\0\x61\
\x01\x08\0\0\0\0\0\x79\xa2\xa0\xfe\0\0\0\0\x0f\x21\0\0\0\0\0\0\x63\x10\x08\0\0\
\0\0\0\xb7\0\0\0\0\0\0\0\x95\0\0\0\0\0\0\0\xb7\x07\0\0\0\0\0\0\x63\x7a\xec\xff\
\0\0\0\0\x79\xa1\xa0\xfe\0\0\0\0\x63\x1a\xe0\xff\0\0\0\0\xb7\x01\0\0\x02\0\0\0\
\x63\x1a\xd8\xff\0\0\0\0\x63\x7a\xe4\xff\0\0\0\0\x63\x7a\xdc\xff\0\0\0\0\xbf\
\xa2\0\0\0\0\0\0\x07\x02\0\0\xa8\xfe\xff\xff\xbf\xa3\0\0\0\0\0\0\x07\x03\0\0\
\xd8\xff\xff\xff\x18\x01\0\0\0\0\0\0\0\0\0\0\0\0\0\0\xb7\x04\0\0\0\0\0\0\x85\0\
\0\0\x02\0\0\0\xbf\xa2\0\0\0\0\0\0\x07\x02\0\0\xec\xff\xff\xff\x18\x01\0\0\0\0\
\0\0\0\0\0\0\0\0\0\0\x85\0\0\0\x01\0\0\0\x15\0\xe8\xff\0\0\0\0\x7b\x0a\x90\xfe\
\0\0\0\0\xbf\x06\0\0\0\0\0\0\x7b\x76\x38\x02\0\0\0\0\x7b\x76\x30\x02\0\0\0\0\
\x7b\x76\x28\x02\0\0\0\0\x7b\x76\x20\x02\0\0\0\0\x7b\x76\x18\x02\0\0\0\0\x7b\
\x76\x10\x02\0\0\0\0\x7b\x76\x08\x02\0\0\0\0\x7b\x76\0\x02\0\0\0\0\x7b\x76\xf8\
\x01\0\0\0\0\x7b\x76\xf0\x01\0\0\0\0\x7b\x76\xe8\x01\0\0\0\0\x7b\x76\xe0\x01\0\
\0\0\0\x7b\x76\xd8\x01\0\0\0\0\x7b\x76\xd0\x01\0\0\0\0\x7b\x76\xc8\x01\0\0\0\0\
\x7b\x76\xc0\x01\0\0\0\0\x7b\x76\xb8\x01\0\0\0\0\x7b\x76\xb0\x01\0\0\0\0\x7b\
\x76\xa8\x01\0\0\0\0\x7b\x76\xa0\x01\0\0\0\0\x7b\x76\x98\x01\0\0\0\0\x7b\x76\
\x90\x01\0\0\0\0\x7b\x76\x88\x01\0\0\0\0\x7b\x76\x80\x01\0\0\0\0\x7b\x76\x78\
\x01\0\0\0\0\x7b\x76\x70\x01\0\0\0\0\x7b\x76\x68\x01\0\0\0\0\x7b\x76\x60\x01\0\
\0\0\0\x7b\x76\x58\x01\0\0\0\0\x7b\x76\x50\x01\0\0\0\0\x7b\x76\x48\x01\0\0\0\0\
\x7b\x76\x40\x01\0\0\0\0\x7b\x76\x38\x01\0\0\0\0\x7b\x76\x30\x01\0\0\0\0\x7b\
\x76\x28\x01\0\0\0\0\x7b\x76\x20\x01\0\0\0\0\x7b\x76\x18\x01\0\0\0\0\x7b\x76\
\x10\x01\0\0\0\0\x7b\x76\x08\x01\0\0\0\0\x7b\x76\0\x01\0\0\0\0\x7b\x76\xf8\0\0\
\0\0\0\x7b\x76\xf0\0\0\0\0\0\x7b\x76\xe8\0\0\0\0\0\x7b\x76\xe0\0\0\0\0\0\x7b\
\x76\xd8\0\0\0\0\0\x7b\x76\xd0\0\0\0\0\0\x7b\x76\xc8\0\0\0\0\0\x7b\x76\xc0\0\0\
\0\0\0\x7b\x76\xb8\0\0\0\0\0\x7b\x76\xb0\0\0\0\0\0\x7b\x76\xa8\0\0\0\0\0\x7b\
\x76\xa0\0\0\0\0\0\x7b\x76\x98\0\0\0\0\0\x7b\x76\x90\0\0\0\0\0\x7b\x76\x88\0\0\
\0\0\0\x7b\x76\x80\0\0\0\0\0\x7b\x76\x78\0\0\0\0\0\x7b\x76\x70\0\0\0\0\0\x7b\
\x76\x68\0\0\0\0\0\x7b\x76\x60\0\0\0\0\0\x7b\x76\x58\0\0\0\0\0\x7b\x76\x50\0\0\
\0\0\0\x7b\x76\x48\0\0\0\0\0\x7b\x76\x40\0\0\0\0\0\x7b\x76\x38\0\0\0\0\0\x7b\
\x76\x30\0\0\0\0\0\x7b\x76\x28\0\0\0\0\0\x7b\x76\x20\0\0\0\0\0\x7b\x76\x18\0\0\
\0\0\0\x7b\x76\x10\0\0\0\0\0\x7b\x76\x08\0\0\0\0\0\x7b\x76\0\0\0\0\0\0\x79\xa7\
\xd8\xfe\0\0\0\0\x85\0\0\0\x23\0\0\0\x7b\x0a\xa0\xfe\0\0\0\0\xb7\x01\0\0\x18\0\
\0\0\xbf\x73\0\0\0\0\0\0\x0f\x13\0\0\0\0\0\0\xbf\xa1\0\0\0\0\0\0\x07\x01\0\0\
\xe0\xfe\xff\xff\xb7\x02\0\0\x08\0\0\0\x85\0\0\0\x71\0\0\0\xb7\x01\0\0\x04\0\0\
\0\x0f\x17\0\0\0\0\0\0\x79\xa9\xe0\xfe\0\0\0\0\xbf\xa1\0\0\0\0\0\0\x07\x01\0\0\
\xe0\xfe\xff\xff\xb7\x02\0\0\x02\0\0\0\xbf\x73\0\0\0\0\0\0\x85\0\0\0\x71\0\0\0\
\xb7\x01\0\0\0\0\0\0\xbf\x93\0\0\0\0\0\0\x0f\x13\0\0\0\0\0\0\x69\xa8\xe0\xfe\0\
\0\0\0\xbf\xa7\0\0\0\0\0\0\x07\x07\0\0\xe0\xfe\xff\xff\xbf\x71\0\0\0\0\0\0\xb7\
\x02\0\0\x88\0\0\0\x85\0\0\0\x71\0\0\0\x69\x77\x10\0\0\0\0\0\x63\x76\x04\0\0\0\
\0\0\xb7\x01\0\0\x24\x02\0\0\x0f\x19\0\0\0\0\0\0\xbf\xa1\0\0\0\0\0\0\x07\x01\0\
\0\xf8\xff\xff\xff\xb7\x02\0\0\x02\0\0\0\xbf\x93\0\0\0\0\0\0\x85\0\0\0\x71\0\0\
\0\x67\x08\0\0\x30\0\0\0\xc7\x08\0\0\x30\0\0\0\x69\xa2\xf8\xff\0\0\0\0\x65\x02\
\x04\0\x05\0\0\0\x15\x02\x0e\0\0\0\0\0\xb7\x01\0\0\x01\0\0\0\x15\x02\x17\0\x01\
\0\0\0\x05\0\x02\0\0\0\0\0\x15\x02\x08\0\x06\0\0\0\x15\x02\x11\0\x11\0\0\0\xb7\
\x02\0\0\x3a\0\0\0\x15\x08\x01\0\x3a\0\0\0\xb7\x02\0\0\xfc\0\0\0\xb7\x01\0\0\
\xfb\0\0\0\x15\x08\x0f\0\x03\0\0\0\xbf\x21\0\0\0\0\0\0\x05\0\x0d\0\0\0\0\0\xb7\
\x01\0\0\x06\0\0\0\x05\0\x0b\0\0\0\0\0\x15\x07\x01\0\x0a\0\0\0\x55\x07\x08\0\
\x02\0\0\0\xb7\x01\0\0\x06\0\0\0\x15\x08\x07\0\x01\0\0\0\x67\x08\0\0\x20\0\0\0\
\x77\x08\0\0\x20\0\0\0\x15\x08\x30\x01\x03\0\0\0\x55\x08\x02\0\x02\0\0\0\xb7\
\x01\0\0\x11\0\0\0\x05\0\x01\0\0\0\0\0\xb7\x01\0\0\xfc\0\0\0\xbf\xa2\0\0\0\0\0\
\0\x07\x02\0\0\xd8\xfe\xff\xff\x7b\x2a\x88\xfe\0\0\0\0\x7b\x6a\x98\xfe\0\0\0\0\
\x63\x16\x08\0\0\0\0\0\xb7\x01\0\0\xb8\x05\0\0\x79\xa3\xa0\xfe\0\0\0\0\x0f\x13\
\0\0\0\0\0\0\xbf\xa1\0\0\0\0\0\0\x07\x01\0\0\xf0\xff\xff\xff\xb7\x02\0\0\x08\0\
\0\0\x85\0\0\0\x71\0\0\0\xb7\x01\0\0\xe8\x05\0\0\x79\xa3\xf0\xff\0\0\0\0\x0f\
\x13\0\0\0\0\0\0\xbf\xa1\0\0\0\0\0\0\x07\x01\0\0\xf8\xff\xff\xff\xb7\x02\0\0\
\x08\0\0\0\x85\0\0\0\x71\0\0\0\xb7\x07\0\0\x40\0\0\0\x79\xa8\xf8\xff\0\0\0\0\
\x05\0\x06\0\0\0\0\0\x07\x07\0\0\xff\xff\xff\xff\xbf\x71\0\0\0\0\0\0\x67\x01\0\
\0\x20\0\0\0\x77\x01\0\0\x20\0\0\0\xbf\x98\0\0\0\0\0\0\x15\x01\x20\0\0\0\0\0\
\xbf\x83\0\0\0\0\0\0\xb7\x01\0\0\xb8\x05\0\0\x0f\x13\0\0\0\0\0\0\xbf\xa1\0\0\0\
\0\0\0\x07\x01\0\0\xf0\xff\xff\xff\xb7\x02\0\0\x08\0\0\0\x85\0\0\0\x71\0\0\0\
\x79\xa3\xf0\xff\0\0\0\0\xb7\x01\0\0\xe8\x05\0\0\x0f\x13\0\0\0\0\0\0\xbf\xa1\0\
\0\0\0\0\0\x07\x01\0\0\xf8\xff\xff\xff\xb7\x02\0\0\x08\0\0\0\x85\0\0\0\x71\0\0\
\0\x79\xa9\xf8\xff\0\0\0\0\x15\x09\x10\0\0\0\0\0\xbf\x83\0\0\0\0\0\0\xb7\x06\0\
\0\x48\x08\0\0\x0f\x63\0\0\0\0\0\0\xbf\xa1\0\0\0\0\0\0\x07\x01\0\0\xf8\xff\xff\
\xff\xb7\x02\0\0\x08\0\0\0\x85\0\0\0\x71\0\0\0\xbf\x93\0\0\0\0\0\0\x0f\x63\0\0\
\0\0\0\0\x79\xa6\xf8\xff\0\0\0\0\xbf\xa1\0\0\0\0\0\0\x07\x01\0\0\xf8\xff\xff\
\xff\xb7\x02\0\0\x08\0\0\0\x85\0\0\0\x71\0\0\0\x79\xa1\xf8\xff\0\0\0\0\x1d\x16\
\xda\xff\0\0\0\0\xb7\x07\0\0\xac\x05\0\0\xbf\x83\0\0\0\0\0\0\x0f\x73\0\0\0\0\0\
\0\xbf\xa1\0\0\0\0\0\0\x07\x01\0\0\xf8\xff\xff\xff\xb7\x02\0\0\x04\0\0\0\x85\0\
\0\0\x71\0\0\0\x61\xa1\xf8\xff\0\0\0\0\x79\xa6\x98\xfe\0\0\0\0\x63\x16\x14\0\0\
\0\0\0\xb7\x09\0\0\xe0\x06\0\0\x0f\x98\0\0\0\0\0\0\xbf\xa1\0\0\0\0\0\0\x07\x01\
\0\0\xf8\xff\xff\xff\xb7\x02\0\0\x08\0\0\0\xbf\x83\0\0\0\0\0\0\x85\0\0\0\x71\0\
\0\0\x79\xa1\xf8\xff\0\0\0\0\x7b\x16\x20\0\0\0\0\0\xb7\x01\0\0\xe8\x05\0\0\x79\
\xa8\xa0\xfe\0\0\0\0\xbf\x83\0\0\0\0\0\0\x0f\x13\0\0\0\0\0\0\xbf\xa1\0\0\0\0\0\
\0\x07\x01\0\0\xf0\xff\xff\xff\xb7\x02\0\0\x08\0\0\0\x85\0\0\0\x71\0\0\0\x79\
\xa3\xf0\xff\0\0\0\0\x0f\x93\0\0\0\0\0\0\xbf\xa1\0\0\0\0\0\0\x07\x01\0\0\xf8\
\xff\xff\xff\xb7\x02\0\0\x08\0\0\0\x85\0\0\0\x71\0\0\0\x79\xa1\xf8\xff\0\0\0\0\
\x7b\x16\x18\0\0\0\0\0\xbf\x83\0\0\0\0\0\0\x0f\x73\0\0\0\0\0\0\xbf\xa1\0\0\0\0\
\0\0\x07\x01\0\0\xf8\xff\xff\xff\xb7\x02\0\0\x04\0\0\0\x85\0\0\0\x71\0\0\0\x61\
\xa1\xf8\xff\0\0\0\0\x63\x16\x10\0\0\0\0\0\xb7\x01\0\0\x50\x07\0\0\xbf\x89\0\0\
\0\0\0\0\x0f\x19\0\0\0\0\0\0\xbf\xa1\0\0\0\0\0\0\x07\x01\0\0\xf8\xff\xff\xff\
\xb7\x02\0\0\x08\0\0\0\xbf\x93\0\0\0\0\0\0\x85\0\0\0\x71\0\0\0\xb7\x01\0\0\x14\
\0\0\0\x79\xa3\xf8\xff\0\0\0\0\x0f\x13\0\0\0\0\0\0\xbf\xa1\0\0\0\0\0\0\x07\x01\
\0\0\xf0\xff\xff\xff\xb7\x02\0\0\x04\0\0\0\x85\0\0\0\x71\0\0\0\x61\xa1\xf0\xff\
\0\0\0\0\x63\x16\x2c\x02\0\0\0\0\xbf\xa1\0\0\0\0\0\0\x07\x01\0\0\xf8\xff\xff\
\xff\xb7\x02\0\0\x08\0\0\0\xbf\x93\0\0\0\0\0\0\x85\0\0\0\x71\0\0\0\xb7\x01\0\0\
\x18\0\0\0\x79\xa3\xf8\xff\0\0\0\0\x0f\x13\0\0\0\0\0\0\xbf\xa1\0\0\0\0\0\0\x07\
\x01\0\0\xf0\xff\xff\xff\xb7\x02\0\0\x04\0\0\0\x85\0\0\0\x71\0\0\0\x61\xa1\xf0\
\xff\0\0\0\0\x63\x16\x30\x02\0\0\0\0\xb7\x01\0\0\xf0\x04\0\0\x0f\x18\0\0\0\0\0\
\0\xbf\xa1\0\0\0\0\0\0\x07\x01\0\0\xf0\xff\xff\xff\xb7\x02\0\0\x08\0\0\0\xbf\
\x83\0\0\0\0\0\0\x85\0\0\0\x71\0\0\0\xb7\x01\0\0\x28\x01\0\0\x79\xa3\xf0\xff\0\
\0\0\0\x0f\x13\0\0\0\0\0\0\xbf\xa1\0\0\0\0\0\0\x07\x01\0\0\xf8\xff\xff\xff\xb7\
\x02\0\0\x08\0\0\0\x85\0\0\0\x71\0\0\0\x79\xa9\xf8\xff\0\0\0\0\xbf\xa1\0\0\0\0\
\0\0\x07\x01\0\0\xf0\xff\xff\xff\xb7\x02\0\0\x08\0\0\0\xbf\x83\0\0\0\0\0\0\x85\
\0\0\0\x71\0\0\0\xb7\x01\0\0\x30\x01\0\0\x79\xa3\xf0\xff\0\0\0\0\x0f\x13\0\0\0\
\0\0\0\xbf\xa1\0\0\0\0\0\0\x07\x01\0\0\xf8\xff\xff\xff\xb7\x02\0\0\x08\0\0\0\
\x85\0\0\0\x71\0\0\0\x79\xa2\xf8\xff\0\0\0\0\x1f\x92\0\0\0\0\0\0\xb7\x01\0\0\0\
\x02\0\0\x2d\x21\x01\0\0\0\0\0\xb7\x02\0\0\0\x02\0\0\x63\x26\x28\x02\0\0\0\0\
\x79\xa1\x90\xfe\0\0\0\0\x07\x01\0\0\x28\0\0\0\xbf\x93\0\0\0\0\0\0\x85\0\0\0\
\x70\0\0\0\x61\x61\x28\x02\0\0\0\0\x55\x01\x02\0\0\x02\0\0\xb7\x01\0\0\0\0\0\0\
\x73\x16\x27\x02\0\0\0\0\xb7\x08\0\0\0\0\0\0\x73\x86\x38\x02\0\0\0\0\xb7\x07\0\
\0\x01\0\0\0\x18\x01\0\0\0\0\0\0\0\0\0\0\0\0\0\0\x79\xa9\x88\xfe\0\0\0\0\xbf\
\x92\0\0\0\0\0\0\xbf\x63\0\0\0\0\0\0\xb7\x04\0\0\x01\0\0\0\x85\0\0\0\x02\0\0\0\
\x18\x01\0\0\0\0\0\0\0\0\0\0\0\0\0\0\xbf\x92\0\0\0\0\0\0\x85\0\0\0\x01\0\0\0\
\x15\0\x27\0\0\0\0\0\x71\x01\0\0\0\0\0\0\x25\x01\x9c\xfe\x04\0\0\0\xbf\x13\0\0\
\0\0\0\0\x27\x03\0\0\x30\0\0\0\xbf\x02\0\0\0\0\0\0\x0f\x32\0\0\0\0\0\0\x79\xa5\
\xd0\xfe\0\0\0\0\xbf\x56\0\0\0\0\0\0\x77\x06\0\0\x20\0\0\0\x79\xa3\xa8\xfe\0\0\
\0\0\x79\xa4\xb0\xfe\0\0\0\0\x79\xa7\xb8\xfe\0\0\0\0\x79\xa8\xc0\xfe\0\0\0\0\
\x79\xa9\xc8\xfe\0\0\0\0\x63\x62\x30\0\0\0\0\0\x63\x52\x2c\0\0\0\0\0\xbf\x95\0\
\0\0\0\0\0\x77\x05\0\0\x20\0\0\0\x63\x52\x28\0\0\0\0\0\x63\x92\x24\0\0\0\0\0\
\xbf\x85\0\0\0\0\0\0\x77\x05\0\0\x20\0\0\0\x63\x52\x20\0\0\0\0\0\x63\x82\x1c\0\
\0\0\0\0\xbf\x75\0\0\0\0\0\0\x77\x05\0\0\x20\0\0\0\x63\x52\x18\0\0\0\0\0\x63\
\x72\x14\0\0\0\0\0\xbf\x45\0\0\0\0\0\0\x77\x05\0\0\x20\0\0\0\x63\x52\x10\0\0\0\
\0\0\x63\x42\x0c\0\0\0\0\0\xbf\x34\0\0\0\0\0\0\x77\x04\0\0\x20\0\0\0\x63\x42\
\x08\0\0\0\0\0\x63\x32\x04\0\0\0\0\0\x07\x01\0\0\x01\0\0\0\x73\x10\0\0\0\0\0\0\
\x05\0\x77\xfe\0\0\0\0\x63\x8a\xd0\xff\0\0\0\0\x7b\x8a\xc8\xff\0\0\0\0\x7b\x8a\
\xc0\xff\0\0\0\0\x7b\x8a\xb8\xff\0\0\0\0\x7b\x8a\xb0\xff\0\0\0\0\x7b\x8a\xa8\
\xff\0\0\0\0\x7b\x8a\xa0\xff\0\0\0\0\x7b\x8a\x98\xff\0\0\0\0\x7b\x8a\x90\xff\0\
\0\0\0\x7b\x8a\x88\xff\0\0\0\0\x7b\x8a\x80\xff\0\0\0\0\x7b\x8a\x78\xff\0\0\0\0\
\x7b\x8a\x70\xff\0\0\0\0\x7b\x8a\x68\xff\0\0\0\0\x7b\x8a\x60\xff\0\0\0\0\x7b\
\x8a\x58\xff\0\0\0\0\x7b\x8a\x50\xff\0\0\0\0\x7b\x8a\x48\xff\0\0\0\0\x7b\x8a\
\x40\xff\0\0\0\0\x7b\x8a\x38\xff\0\0\0\0\x7b\x8a\x30\xff\0\0\0\0\x7b\x8a\x28\
\xff\0\0\0\0\x7b\x8a\x20\xff\0\0\0\0\x7b\x8a\x18\xff\0\0\0\0\x7b\x8a\x10\xff\0\
\0\0\0\x7b\x8a\x08\xff\0\0\0\0\x7b\x8a\0\xff\0\0\0\0\x7b\x8a\xf8\xfe\0\0\0\0\
\x7b\x8a\xf0\xfe\0\0\0\0\x7b\x8a\xe8\xfe\0\0\0\0\x7b\x8a\xe0\xfe\0\0\0\0\x79\
\xa1\xd0\xfe\0\0\0\0\x63\x1a\x0c\xff\0\0\0\0\x77\x01\0\0\x20\0\0\0\x63\x1a\x10\
\xff\0\0\0\0\x79\xa1\xc8\xfe\0\0\0\0\x63\x1a\x04\xff\0\0\0\0\x77\x01\0\0\x20\0\
\0\0\x63\x1a\x08\xff\0\0\0\0\x79\xa1\xc0\xfe\0\0\0\0\x63\x1a\xfc\xfe\0\0\0\0\
\x77\x01\0\0\x20\0\0\0\x63\x1a\0\xff\0\0\0\0\x79\xa1\xb8\xfe\0\0\0\0\x63\x1a\
\xf4\xfe\0\0\0\0\x77\x01\0\0\x20\0\0\0\x63\x1a\xf8\xfe\0\0\0\0\x79\xa1\xb0\xfe\
\0\0\0\0\x63\x1a\xec\xfe\0\0\0\0\x77\x01\0\0\x20\0\0\0\x63\x1a\xf0\xfe\0\0\0\0\
\x79\xa1\xa8\xfe\0\0\0\0\x63\x1a\xe4\xfe\0\0\0\0\x77\x01\0\0\x20\0\0\0\x63\x1a\
\xe8\xfe\0\0\0\0\x73\x7a\xe0\xfe\0\0\0\0\xbf\xa3\0\0\0\0\0\0\x07\x03\0\0\xe0\
\xfe\xff\xff\x18\x01\0\0\0\0\0\0\0\0\0\0\0\0\0\0\xbf\x92\0\0\0\0\0\0\xb7\x04\0\
\0\x01\0\0\0\x85\0\0\0\x02\0\0\0\x15\0\x37\xfe\0\0\0\0\x18\x01\0\0\0\0\0\0\0\0\
\0\0\0\0\0\0\xb7\x02\0\0\x56\0\0\0\x85\0\0\0\x06\0\0\0\x05\0\x32\xfe\0\0\0\0\
\xb7\x09\0\0\xfb\0\0\0\x05\0\0\xfe\0\0\0\0\xb7\x01\0\0\xfb\0\0\0\x05\0\xd2\xfe\
\0\0\0\0\x79\x19\x20\0\0\0\0\0\xbf\x93\0\0\0\0\0\0\x67\x03\0\0\x20\0\0\0\xc7\
\x03\0\0\x20\0\0\0\xb7\x02\0\0\0\0\0\0\x6d\x32\x7b\0\0\0\0\0\x79\x17\x08\0\0\0\
\0\0\x7b\x2a\xd0\xfe\0\0\0\0\x7b\x2a\xc8\xfe\0\0\0\0\x7b\x2a\xc0\xfe\0\0\0\0\
\x7b\x2a\xb8\xfe\0\0\0\0\x7b\x2a\xb0\xfe\0\0\0\0\x7b\x7a\xd8\xfe\0\0\0\0\xb7\
\x01\0\0\x18\0\0\0\xbf\x76\0\0\0\0\0\0\x0f\x16\0\0\0\0\0\0\xbf\xa1\0\0\0\0\0\0\
\x07\x01\0\0\xd8\xff\xff\xff\xb7\x02\0\0\x08\0\0\0\xbf\x63\0\0\0\0\0\0\x85\0\0\
\0\x71\0\0\0\xb7\x01\0\0\0\0\0\0\x79\xa3\xd8\xff\0\0\0\0\x0f\x13\0\0\0\0\0\0\
\xbf\xa8\0\0\0\0\0\0\x07\x08\0\0\xe0\xfe\xff\xff\xbf\x81\0\0\0\0\0\0\xb7\x02\0\
\0\x88\0\0\0\x85\0\0\0\x71\0\0\0\x69\x88\x10\0\0\0\0\0\x63\x8a\xa8\xfe\0\0\0\0\
\xb7\x01\0\0\x04\0\0\0\x0f\x17\0\0\0\0\0\0\xbf\xa1\0\0\0\0\0\0\x07\x01\0\0\xd8\
\xff\xff\xff\xb7\x02\0\0\x02\0\0\0\xbf\x73\0\0\0\0\0\0\x85\0\0\0\x71\0\0\0\x69\
\xa7\xd8\xff\0\0\0\0\xbf\xa1\0\0\0\0\0\0\x07\x01\0\0\xd8\xff\xff\xff\xb7\x02\0\
\0\x08\0\0\0\xbf\x63\0\0\0\0\0\0\x85\0\0\0\x71\0\0\0\xb7\x01\0\0\x24\x02\0\0\
\x79\xa3\xd8\xff\0\0\0\0\x0f\x13\0\0\0\0\0\0\xbf\xa1\0\0\0\0\0\0\x07\x01\0\0\
\xf8\xff\xff\xff\xb7\x02\0\0\x02\0\0\0\x85\0\0\0\x71\0\0\0\x67\x07\0\0\x30\0\0\
\0\xc7\x07\0\0\x30\0\0\0\x69\xa2\xf8\xff\0\0\0\0\x65\x02\x04\0\x05\0\0\0\x15\
\x02\x0e\0\0\0\0\0\xb7\x01\0\0\x01\0\0\0\x15\x02\x17\0\x01\0\0\0\x05\0\x02\0\0\
\0\0\0\x15\x02\x08\0\x06\0\0\0\x15\x02\x11\0\x11\0\0\0\xb7\x02\0\0\x3a\0\0\0\
\x15\x07\x01\0\x3a\0\0\0\xb7\x02\0\0\xfc\0\0\0\xb7\x01\0\0\xfb\0\0\0\x15\x07\
\x0f\0\x03\0\0\0\xbf\x21\0\0\0\0\0\0\x05\0\x0d\0\0\0\0\0\xb7\x01\0\0\x06\0\0\0\
\x05\0\x0b\0\0\0\0\0\x15\x08\x01\0\x0a\0\0\0\x55\x08\x08\0\x02\0\0\0\xb7\x01\0\
\0\x06\0\0\0\x15\x07\x07\0\x01\0\0\0\x67\x07\0\0\x20\0\0\0\x77\x07\0\0\x20\0\0\
\0\x15\x07\xff\x01\x03\0\0\0\x55\x07\x02\0\x02\0\0\0\xb7\x01\0\0\x11\0\0\0\x05\
\0\x01\0\0\0\0\0\xb7\x01\0\0\xfc\0\0\0\x63\x1a\xac\xfe\0\0\0\0\x15\x08\x08\0\
\x0a\0\0\0\x55\x08\x1d\0\x02\0\0\0\xbf\xa1\0\0\0\0\0\0\x07\x01\0\0\xe0\xfe\xff\
\xff\x61\x12\0\0\0\0\0\0\x63\x2a\xc4\xfe\0\0\0\0\x61\x11\x04\0\0\0\0\0\x63\x1a\
\xb0\xfe\0\0\0\0\x05\0\x16\0\0\0\0\0\xbf\xa1\0\0\0\0\0\0\x07\x01\0\0\xb0\xfe\
\xff\xff\xb7\x02\0\0\x48\0\0\0\xbf\xa3\0\0\0\0\0\0\x07\x03\0\0\xe0\xfe\xff\xff\
\xbf\x34\0\0\0\0\0\0\x0f\x24\0\0\0\0\0\0\x79\x32\x48\0\0\0\0\0\x79\x44\x08\0\0\
\0\0\0\x7b\x41\x08\0\0\0\0\0\x7b\x21\0\0\0\0\0\0\xb7\x01\0\0\x38\0\0\0\xbf\x32\
\0\0\0\0\0\0\x0f\x12\0\0\0\0\0\0\x61\x21\x04\0\0\0\0\0\x63\x1a\xc8\xfe\0\0\0\0\
\x61\x31\x38\0\0\0\0\0\x63\x1a\xc4\xfe\0\0\0\0\x61\x21\x0c\0\0\0\0\0\x63\x1a\
\xd0\xfe\0\0\0\0\x61\x21\x08\0\0\0\0\0\x63\x1a\xcc\xfe\0\0\0\0\xbf\xa1\0\0\0\0\
\0\0\x07\x01\0\0\xe0\xfe\xff\xff\x69\x12\x0c\0\0\0\0\0\x6b\x2a\xd4\xfe\0\0\0\0\
\x69\x11\x0e\0\0\0\0\0\x6b\x1a\xc0\xfe\0\0\0\0\xbf\xa2\0\0\0\0\0\0\x07\x02\0\0\
\xa8\xfe\xff\xff\x18\x01\0\0\0\0\0\0\0\0\0\0\0\0\0\0\x85\0\0\0\x01\0\0\0\x15\0\
\x06\0\0\0\0\0\x18\x01\0\0\x56\0\0\0\0\0\0\0\0\0\0\0\xb7\x02\0\0\x47\0\0\0\x85\
\0\0\0\x06\0\0\0\xb7\0\0\0\0\0\0\0\x95\0\0\0\0\0\0\0\xb7\x07\0\0\0\0\0\0\x63\
\x7a\xec\xff\0\0\0\0\x63\x9a\xe0\xff\0\0\0\0\x63\x7a\xd8\xff\0\0\0\0\x63\x7a\
\xe4\xff\0\0\0\0\x63\x7a\xdc\xff\0\0\0\0\xbf\xa2\0\0\0\0\0\0\x07\x02\0\0\xa8\
\xfe\xff\xff\xbf\xa3\0\0\0\0\0\0\x07\x03\0\0\xd8\xff\xff\xff\x18\x01\0\0\0\0\0\
\0\0\0\0\0\0\0\0\0\xb7\x04\0\0\0\0\0\0\x85\0\0\0\x02\0\0\0\xbf\xa2\0\0\0\0\0\0\
\x07\x02\0\0\xec\xff\xff\xff\x18\x01\0\0\0\0\0\0\0\0\0\0\0\0\0\0\x85\0\0\0\x01\
\0\0\0\x15\0\xea\xff\0\0\0\0\x7b\x0a\x90\xfe\0\0\0\0\xbf\x06\0\0\0\0\0\0\x7b\
\x76\x38\x02\0\0\0\0\x7b\x76\x30\x02\0\0\0\0\x7b\x76\x28\x02\0\0\0\0\x7b\x76\
\x20\x02\0\0\0\0\x7b\x76\x18\x02\0\0\0\0\x7b\x76\x10\x02\0\0\0\0\x7b\x76\x08\
\x02\0\0\0\0\x7b\x76\0\x02\0\0\0\0\x7b\x76\xf8\x01\0\0\0\0\x7b\x76\xf0\x01\0\0\
\0\0\x7b\x76\xe8\x01\0\0\0\0\x7b\x76\xe0\x01\0\0\0\0\x7b\x76\xd8\x01\0\0\0\0\
\x7b\x76\xd0\x01\0\0\0\0\x7b\x76\xc8\x01\0\0\0\0\x7b\x76\xc0\x01\0\0\0\0\x7b\
\x76\xb8\x01\0\0\0\0\x7b\x76\xb0\x01\0\0\0\0\x7b\x76\xa8\x01\0\0\0\0\x7b\x76\
\xa0\x01\0\0\0\0\x7b\x76\x98\x01\0\0\0\0\x7b\x76\x90\x01\0\0\0\0\x7b\x76\x88\
\x01\0\0\0\0\x7b\x76\x80\x01\0\0\0\0\x7b\x76\x78\x01\0\0\0\0\x7b\x76\x70\x01\0\
\0\0\0\x7b\x76\x68\x01\0\0\0\0\x7b\x76\x60\x01\0\0\0\0\x7b\x76\x58\x01\0\0\0\0\
\x7b\x76\x50\x01\0\0\0\0\x7b\x76\x48\x01\0\0\0\0\x7b\x76\x40\x01\0\0\0\0\x7b\
\x76\x38\x01\0\0\0\0\x7b\x76\x30\x01\0\0\0\0\x7b\x76\x28\x01\0\0\0\0\x7b\x76\
\x20\x01\0\0\0\0\x7b\x76\x18\x01\0\0\0\0\x7b\x76\x10\x01\0\0\0\0\x7b\x76\x08\
\x01\0\0\0\0\x7b\x76\0\x01\0\0\0\0\x7b\x76\xf8\0\0\0\0\0\x7b\x76\xf0\0\0\0\0\0\
\x7b\x76\xe8\0\0\0\0\0\x7b\x76\xe0\0\0\0\0\0\x7b\x76\xd8\0\0\0\0\0\x7b\x76\xd0\
\0\0\0\0\0\x7b\x76\xc8\0\0\0\0\0\x7b\x76\xc0\0\0\0\0\0\x7b\x76\xb8\0\0\0\0\0\
\x7b\x76\xb0\0\0\0\0\0\x7b\x76\xa8\0\0\0\0\0\x7b\x76\xa0\0\0\0\0\0\x7b\x76\x98\
\0\0\0\0\0\x7b\x76\x90\0\0\0\0\0\x7b\x76\x88\0\0\0\0\0\x7b\x76\x80\0\0\0\0\0\
\x7b\x76\x78\0\0\0\0\0\x7b\x76\x70\0\0\0\0\0\x7b\x76\x68\0\0\0\0\0\x7b\x76\x60\
\0\0\0\0\0\x7b\x76\x58\0\0\0\0\0\x7b\x76\x50\0\0\0\0\0\x7b\x76\x48\0\0\0\0\0\
\x7b\x76\x40\0\0\0\0\0\x7b\x76\x38\0\0\0\0\0\x7b\x76\x30\0\0\0\0\0\x7b\x76\x28\
\0\0\0\0\0\x7b\x76\x20\0\0\0\0\0\x7b\x76\x18\0\0\0\0\0\x7b\x76\x10\0\0\0\0\0\
\x7b\x76\x08\0\0\0\0\0\x7b\x76\0\0\0\0\0\0\x79\xa7\xd8\xfe\0\0\0\0\x85\0\0\0\
\x23\0\0\0\x7b\x0a\xa0\xfe\0\0\0\0\xb7\x01\0\0\x18\0\0\0\xbf\x73\0\0\0\0\0\0\
\x0f\x13\0\0\0\0\0\0\xbf\xa1\0\0\0\0\0\0\x07\x01\0\0\xe0\xfe\xff\xff\xb7\x02\0\
\0\x08\0\0\0\x85\0\0\0\x71\0\0\0\xb7\x01\0\0\x04\0\0\0\x0f\x17\0\0\0\0\0\0\x79\
\xa9\xe0\xfe\0\0\0\0\xbf\xa1\0\0\0\0\0\0\x07\x01\0\0\xe0\xfe\xff\xff\xb7\x02\0\
\0\x02\0\0\0\xbf\x73\0\0\0\0\0\0\x85\0\0\0\x71\0\0\0\xb7\x01\0\0\0\0\0\0\xbf\
\x93\0\0\0\0\0\0\x0f\x13\0\0\0\0\0\0\x69\xa8\xe0\xfe\0\0\0\0\xbf\xa7\0\0\0\0\0\
\0\x07\x07\0\0\xe0\xfe\xff\xff\xbf\x71\0\0\0\0\0\0\xb7\x02\0\0\x88\0\0\0\x85\0\
\0\0\x71\0\0\0\x69\x77\x10\0\0\0\0\0\x63\x76\x04\0\0\0\0\0\xb7\x01\0\0\x24\x02\
\0\0\x0f\x19\0\0\0\0\0\0\xbf\xa1\0\0\0\0\0\0\x07\x01\0\0\xf8\xff\xff\xff\xb7\
\x02\0\0\x02\0\0\0\xbf\x93\0\0\0\0\0\0\x85\0\0\0\x71\0\0\0\x67\x08\0\0\x30\0\0\
\0\xc7\x08\0\0\x30\0\0\0\x69\xa2\xf8\xff\0\0\0\0\x65\x02\x04\0\x05\0\0\0\x15\
\x02\x0e\0\0\0\0\0\xb7\x01\0\0\x01\0\0\0\x15\x02\x17\0\x01\0\0\0\x05\0\x02\0\0\
\0\0\0\x15\x02\x08\0\x06\0\0\0\x15\x02\x11\0\x11\0\0\0\xb7\x02\0\0\x3a\0\0\0\
\x15\x08\x01\0\x3a\0\0\0\xb7\x02\0\0\xfc\0\0\0\xb7\x01\0\0\xfb\0\0\0\x15\x08\
\x0f\0\x03\0\0\0\xbf\x21\0\0\0\0\0\0\x05\0\x0d\0\0\0\0\0\xb7\x01\0\0\x06\0\0\0\
\x05\0\x0b\0\0\0\0\0\x15\x07\x01\0\x0a\0\0\0\x55\x07\x08\0\x02\0\0\0\xb7\x01\0\
\0\x06\0\0\0\x15\x08\x07\0\x01\0\0\0\x67\x08\0\0\x20\0\0\0\x77\x08\0\0\x20\0\0\
\0\x15\x08\x2f\x01\x03\0\0\0\x55\x08\x02\0\x02\0\0\0\xb7\x01\0\0\x11\0\0\0\x05\
\0\x01\0\0\0\0\0\xb7\x01\0\0\xfc\0\0\0\xbf\xa2\0\0\0\0\0\0\x07\x02\0\0\xd8\xfe\
\xff\xff\x7b\x2a\x88\xfe\0\0\0\0\x7b\x6a\x98\xfe\0\0\0\0\x63\x16\x08\0\0\0\0\0\
\xb7\x01\0\0\xb8\x05\0\0\x79\xa3\xa0\xfe\0\0\0\0\x0f\x13\0\0\0\0\0\0\xbf\xa1\0\
\0\0\0\0\0\x07\x01\0\0\xf0\xff\xff\xff\xb7\x02\0\0\x08\0\0\0\x85\0\0\0\x71\0\0\
\0\xb7\x01\0\0\xe8\x05\0\0\x79\xa3\xf0\xff\0\0\0\0\x0f\x13\0\0\0\0\0\0\xbf\xa1\
\0\0\0\0\0\0\x07\x01\0\0\xf8\xff\xff\xff\xb7\x02\0\0\x08\0\0\0\x85\0\0\0\x71\0\
\0\0\xb7\x07\0\0\x40\0\0\0\x79\xa8\xf8\xff\0\0\0\0\x05\0\x06\0\0\0\0\0\x07\x07\
\0\0\xff\xff\xff\xff\xbf\x71\0\0\0\0\0\0\x67\x01\0\0\x20\0\0\0\x77\x01\0\0\x20\
\0\0\0\xbf\x98\0\0\0\0\0\0\x15\x01\x20\0\0\0\0\0\xbf\x83\0\0\0\0\0\0\xb7\x01\0\
\0\xb8\x05\0\0\x0f\x13\0\0\0\0\0\0\xbf\xa1\0\0\0\0\0\0\x07\x01\0\0\xf0\xff\xff\
\xff\xb7\x02\0\0\x08\0\0\0\x85\0\0\0\x71\0\0\0\x79\xa3\xf0\xff\0\0\0\0\xb7\x01\
\0\0\xe8\x05\0\0\x0f\x13\0\0\0\0\0\0\xbf\xa1\0\0\0\0\0\0\x07\x01\0\0\xf8\xff\
\xff\xff\xb7\x02\0\0\x08\0\0\0\x85\0\0\0\x71\0\0\0\x79\xa9\xf8\xff\0\0\0\0\x15\
\x09\x10\0\0\0\0\0\xbf\x83\0\0\0\0\0\0\xb7\x06\0\0\x48\x08\0\0\x0f\x63\0\0\0\0\
\0\0\xbf\xa1\0\0\0\0\0\0\x07\x01\0\0\xf8\xff\xff\xff\xb7\x02\0\0\x08\0\0\0\x85\
\0\0\0\x71\0\0\0\xbf\x93\0\0\0\0\0\0\x0f\x63\0\0\0\0\0\0\x79\xa6\xf8\xff\0\0\0\
\0\xbf\xa1\0\0\0\0\0\0\x07\x01\0\0\xf8\xff\xff\xff\xb7\x02\0\0\x08\0\0\0\x85\0\
\0\0\x71\0\0\0\x79\xa1\xf8\xff\0\0\0\0\x1d\x16\xda\xff\0\0\0\0\xb7\x07\0\0\xac\
\x05\0\0\xbf\x83\0\0\0\0\0\0\x0f\x73\0\0\0\0\0\0\xbf\xa1\0\0\0\0\0\0\x07\x01\0\
\0\xf8\xff\xff\xff\xb7\x02\0\0\x04\0\0\0\x85\0\0\0\x71\0\0\0\x61\xa1\xf8\xff\0\
\0\0\0\x79\xa6\x98\xfe\0\0\0\0\x63\x16\x14\0\0\0\0\0\xb7\x09\0\0\xe0\x06\0\0\
\x0f\x98\0\0\0\0\0\0\xbf\xa1\0\0\0\0\0\0\x07\x01\0\0\xf8\xff\xff\xff\xb7\x02\0\
\0\x08\0\0\0\xbf\x83\0\0\0\0\0\0\x85\0\0\0\x71\0\0\0\x79\xa1\xf8\xff\0\0\0\0\
\x7b\x16\x20\0\0\0\0\0\xb7\x01\0\0\xe8\x05\0\0\x79\xa8\xa0\xfe\0\0\0\0\xbf\x83\
\0\0\0\0\0\0\x0f\x13\0\0\0\0\0\0\xbf\xa1\0\0\0\0\0\0\x07\x01\0\0\xf0\xff\xff\
\xff\xb7\x02\0\0\x08\0\0\0\x85\0\0\0\x71\0\0\0\x79\xa3\xf0\xff\0\0\0\0\x0f\x93\
\0\0\0\0\0\0\xbf\xa1\0\0\0\0\0\0\x07\x01\0\0\xf8\xff\xff\xff\xb7\x02\0\0\x08\0\
\0\0\x85\0\0\0\x71\0\0\0\x79\xa1\xf8\xff\0\0\0\0\x7b\x16\x18\0\0\0\0\0\xbf\x83\
\0\0\0\0\0\0\x0f\x73\0\0\0\0\0\0\xbf\xa1\0\0\0\0\0\0\x07\x01\0\0\xf8\xff\xff\
\xff\xb7\x02\0\0\x04\0\0\0\x85\0\0\0\x71\0\0\0\x61\xa1\xf8\xff\0\0\0\0\x63\x16\
\x10\0\0\0\0\0\xb7\x01\0\0\x50\x07\0\0\xbf\x89\0\0\0\0\0\0\x0f\x19\0\0\0\0\0\0\
\xbf\xa1\0\0\0\0\0\0\x07\x01\0\0\xf8\xff\xff\xff\xb7\x02\0\0\x08\0\0\0\xbf\x93\
\0\0\0\0\0\0\x85\0\0\0\x71\0\0\0\xb7\x01\0\0\x14\0\0\0\x79\xa3\xf8\xff\0\0\0\0\
\x0f\x13\0\0\0\0\0\0\xbf\xa1\0\0\0\0\0\0\x07\x01\0\0\xf0\xff\xff\xff\xb7\x02\0\
\0\x04\0\0\0\x85\0\0\0\x71\0\0\0\x61\xa1\xf0\xff\0\0\0\0\x63\x16\x2c\x02\0\0\0\
\0\xbf\xa1\0\0\0\0\0\0\x07\x01\0\0\xf8\xff\xff\xff\xb7\x02\0\0\x08\0\0\0\xbf\
\x93\0\0\0\0\0\0\x85\0\0\0\x71\0\0\0\xb7\x01\0\0\x18\0\0\0\x79\xa3\xf8\xff\0\0\
\0\0\x0f\x13\0\0\0\0\0\0\xbf\xa1\0\0\0\0\0\0\x07\x01\0\0\xf0\xff\xff\xff\xb7\
\x02\0\0\x04\0\0\0\x85\0\0\0\x71\0\0\0\x61\xa1\xf0\xff\0\0\0\0\x63\x16\x30\x02\
\0\0\0\0\xb7\x01\0\0\xf0\x04\0\0\x0f\x18\0\0\0\0\0\0\xbf\xa1\0\0\0\0\0\0\x07\
\x01\0\0\xf0\xff\xff\xff\xb7\x02\0\0\x08\0\0\0\xbf\x83\0\0\0\0\0\0\x85\0\0\0\
\x71\0\0\0\xb7\x01\0\0\x28\x01\0\0\x79\xa3\xf0\xff\0\0\0\0\x0f\x13\0\0\0\0\0\0\
\xbf\xa1\0\0\0\0\0\0\x07\x01\0\0\xf8\xff\xff\xff\xb7\x02\0\0\x08\0\0\0\x85\0\0\
\0\x71\0\0\0\x79\xa9\xf8\xff\0\0\0\0\xbf\xa1\0\0\0\0\0\0\x07\x01\0\0\xf0\xff\
\xff\xff\xb7\x02\0\0\x08\0\0\0\xbf\x83\0\0\0\0\0\0\x85\0\0\0\x71\0\0\0\xb7\x01\
\0\0\x30\x01\0\0\x79\xa3\xf0\xff\0\0\0\0\x0f\x13\0\0\0\0\0\0\xbf\xa1\0\0\0\0\0\
\0\x07\x01\0\0\xf8\xff\xff\xff\xb7\x02\0\0\x08\0\0\0\x85\0\0\0\x71\0\0\0\x79\
\xa2\xf8\xff\0\0\0\0\x1f\x92\0\0\0\0\0\0\xb7\x01\0\0\0\x02\0\0\x2d\x21\x01\0\0\
\0\0\0\xb7\x02\0\0\0\x02\0\0\x63\x26\x28\x02\0\0\0\0\x79\xa1\x90\xfe\0\0\0\0\
\x07\x01\0\0\x28\0\0\0\xbf\x93\0\0\0\0\0\0\x85\0\0\0\x70\0\0\0\x61\x61\x28\x02\
\0\0\0\0\x55\x01\x02\0\0\x02\0\0\xb7\x01\0\0\0\0\0\0\x73\x16\x27\x02\0\0\0\0\
\xb7\x08\0\0\0\0\0\0\x73\x86\x38\x02\0\0\0\0\xb7\x07\0\0\x01\0\0\0\x18\x01\0\0\
\0\0\0\0\0\0\0\0\0\0\0\0\x79\xa9\x88\xfe\0\0\0\0\xbf\x92\0\0\0\0\0\0\xbf\x63\0\
\0\0\0\0\0\xb7\x04\0\0\x01\0\0\0\x85\0\0\0\x02\0\0\0\x18\x01\0\0\0\0\0\0\0\0\0\
\0\0\0\0\0\xbf\x92\0\0\0\0\0\0\x85\0\0\0\x01\0\0\0\x15\0\x27\0\0\0\0\0\x71\x01\
\0\0\0\0\0\0\x25\x01\x9e\xfe\x04\0\0\0\xbf\x13\0\0\0\0\0\0\x27\x03\0\0\x30\0\0\
\0\xbf\x02\0\0\0\0\0\0\x0f\x32\0\0\0\0\0\0\x79\xa5\xd0\xfe\0\0\0\0\xbf\x56\0\0\
\0\0\0\0\x77\x06\0\0\x20\0\0\0\x79\xa3\xa8\xfe\0\0\0\0\x79\xa4\xb0\xfe\0\0\0\0\
\x79\xa7\xb8\xfe\0\0\0\0\x79\xa8\xc0\xfe\0\0\0\0\x79\xa9\xc8\xfe\0\0\0\0\x63\
\x62\x30\0\0\0\0\0\x63\x52\x2c\0\0\0\0\0\xbf\x95\0\0\0\0\0\0\x77\x05\0\0\x20\0\
\0\0\x63\x52\x28\0\0\0\0\0\x63\x92\x24\0\0\0\0\0\xbf\x85\0\0\0\0\0\0\x77\x05\0\
\0\x20\0\0\0\x63\x52\x20\0\0\0\0\0\x63\x82\x1c\0\0\0\0\0\xbf\x75\0\0\0\0\0\0\
\x77\x05\0\0\x20\0\0\0\x63\x52\x18\0\0\0\0\0\x63\x72\x14\0\0\0\0\0\xbf\x45\0\0\
\0\0\0\0\x77\x05\0\0\x20\0\0\0\x63\x52\x10\0\0\0\0\0\x63\x42\x0c\0\0\0\0\0\xbf\
\x34\0\0\0\0\0\0\x77\x04\0\0\x20\0\0\0\x63\x42\x08\0\0\0\0\0\x63\x32\x04\0\0\0\
\0\0\x07\x01\0\0\x01\0\0\0\x73\x10\0\0\0\0\0\0\x05\0\x79\xfe\0\0\0\0\x63\x8a\
\xd0\xff\0\0\0\0\x7b\x8a\xc8\xff\0\0\0\0\x7b\x8a\xc0\xff\0\0\0\0\x7b\x8a\xb8\
\xff\0\0\0\0\x7b\x8a\xb0\xff\0\0\0\0\x7b\x8a\xa8\xff\0\0\0\0\x7b\x8a\xa0\xff\0\
\0\0\0\x7b\x8a\x98\xff\0\0\0\0\x7b\x8a\x90\xff\0\0\0\0\x7b\x8a\x88\xff\0\0\0\0\
\x7b\x8a\x80\xff\0\0\0\0\x7b\x8a\x78\xff\0\0\0\0\x7b\x8a\x70\xff\0\0\0\0\x7b\
\x8a\x68\xff\0\0\0\0\x7b\x8a\x60\xff\0\0\0\0\x7b\x8a\x58\xff\0\0\0\0\x7b\x8a\
\x50\xff\0\0\0\0\x7b\x8a\x48\xff\0\0\0\0\x7b\x8a\x40\xff\0\0\0\0\x7b\x8a\x38\
\xff\0\0\0\0\x7b\x8a\x30\xff\0\0\0\0\x7b\x8a\x28\xff\0\0\0\0\x7b\x8a\x20\xff\0\
\0\0\0\x7b\x8a\x18\xff\0\0\0\0\x7b\x8a\x10\xff\0\0\0\0\x7b\x8a\x08\xff\0\0\0\0\
\x7b\x8a\0\xff\0\0\0\0\x7b\x8a\xf8\xfe\0\0\0\0\x7b\x8a\xf0\xfe\0\0\0\0\x7b\x8a\
\xe8\xfe\0\0\0\0\x7b\x8a\xe0\xfe\0\0\0\0\x79\xa1\xd0\xfe\0\0\0\0\x63\x1a\x0c\
\xff\0\0\0\0\x77\x01\0\0\x20\0\0\0\x63\x1a\x10\xff\0\0\0\0\x79\xa1\xc8\xfe\0\0\
\0\0\x63\x1a\x04\xff\0\0\0\0\x77\x01\0\0\x20\0\0\0\x63\x1a\x08\xff\0\0\0\0\x79\
\xa1\xc0\xfe\0\0\0\0\x63\x1a\xfc\xfe\0\0\0\0\x77\x01\0\0\x20\0\0\0\x63\x1a\0\
\xff\0\0\0\0\x79\xa1\xb8\xfe\0\0\0\0\x63\x1a\xf4\xfe\0\0\0\0\x77\x01\0\0\x20\0\
\0\0\x63\x1a\xf8\xfe\0\0\0\0\x79\xa1\xb0\xfe\0\0\0\0\x63\x1a\xec\xfe\0\0\0\0\
\x77\x01\0\0\x20\0\0\0\x63\x1a\xf0\xfe\0\0\0\0\x79\xa1\xa8\xfe\0\0\0\0\x63\x1a\
\xe4\xfe\0\0\0\0\x77\x01\0\0\x20\0\0\0\x63\x1a\xe8\xfe\0\0\0\0\x73\x7a\xe0\xfe\
\0\0\0\0\xbf\xa3\0\0\0\0\0\0\x07\x03\0\0\xe0\xfe\xff\xff\x18\x01\0\0\0\0\0\0\0\
\0\0\0\0\0\0\0\xbf\x92\0\0\0\0\0\0\xb7\x04\0\0\x01\0\0\0\x85\0\0\0\x02\0\0\0\
\x15\0\x39\xfe\0\0\0\0\x18\x01\0\0\0\0\0\0\0\0\0\0\0\0\0\0\xb7\x02\0\0\x56\0\0\
\0\x05\0\x34\xfe\0\0\0\0\xb7\x01\0\0\xfb\0\0\0\x05\0\x03\xfe\0\0\0\0\xb7\x01\0\
\0\xfb\0\0\0\x05\0\xd3\xfe\0\0\0\0\x79\x19\x28\0\0\0\0\0\xbf\x93\0\0\0\0\0\0\
\x67\x03\0\0\x20\0\0\0\xc7\x03\0\0\x20\0\0\0\xb7\x02\0\0\0\0\0\0\x6d\x32\x79\0\
\0\0\0\0\x79\x17\0\0\0\0\0\0\x7b\x2a\xd0\xfe\0\0\0\0\x7b\x2a\xc8\xfe\0\0\0\0\
\x7b\x2a\xc0\xfe\0\0\0\0\x7b\x2a\xb8\xfe\0\0\0\0\x7b\x2a\xb0\xfe\0\0\0\0\x7b\
\x7a\xd8\xfe\0\0\0\0\xb7\x01\0\0\x18\0\0\0\xbf\x76\0\0\0\0\0\0\x0f\x16\0\0\0\0\
\0\0\xbf\xa1\0\0\0\0\0\0\x07\x01\0\0\xd8\xff\xff\xff\xb7\x02\0\0\x08\0\0\0\xbf\
\x63\0\0\0\0\0\0\x85\0\0\0\x71\0\0\0\xb7\x01\0\0\0\0\0\0\x79\xa3\xd8\xff\0\0\0\
\0\x0f\x13\0\0\0\0\0\0\xbf\xa8\0\0\0\0\0\0\x07\x08\0\0\xe0\xfe\xff\xff\xbf\x81\
\0\0\0\0\0\0\xb7\x02\0\0\x88\0\0\0\x85\0\0\0\x71\0\0\0\x69\x88\x10\0\0\0\0\0\
\x63\x8a\xa8\xfe\0\0\0\0\xb7\x01\0\0\x04\0\0\0\x0f\x17\0\0\0\0\0\0\xbf\xa1\0\0\
\0\0\0\0\x07\x01\0\0\xd8\xff\xff\xff\xb7\x02\0\0\x02\0\0\0\xbf\x73\0\0\0\0\0\0\
\x85\0\0\0\x71\0\0\0\x69\xa7\xd8\xff\0\0\0\0\xbf\xa1\0\0\0\0\0\0\x07\x01\0\0\
\xd8\xff\xff\xff\xb7\x02\0\0\x08\0\0\0\xbf\x63\0\0\0\0\0\0\x85\0\0\0\x71\0\0\0\
\xb7\x01\0\0\x24\x02\0\0\x79\xa3\xd8\xff\0\0\0\0\x0f\x13\0\0\0\0\0\0\xbf\xa1\0\
\0\0\0\0\0\x07\x01\0\0\xf8\xff\xff\xff\xb7\x02\0\0\x02\0\0\0\x85\0\0\0\x71\0\0\
\0\x67\x07\0\0\x30\0\0\0\xc7\x07\0\0\x30\0\0\0\x69\xa2\xf8\xff\0\0\0\0\x65\x02\
\x04\0\x05\0\0\0\x15\x02\x0e\0\0\0\0\0\xb7\x01\0\0\x01\0\0\0\x15\x02\x17\0\x01\
\0\0\0\x05\0\x02\0\0\0\0\0\x15\x02\x08\0\x06\0\0\0\x15\x02\x11\0\x11\0\0\0\xb7\
\x02\0\0\x3a\0\0\0\x15\x07\x01\0\x3a\0\0\0\xb7\x02\0\0\xfc\0\0\0\xb7\x01\0\0\
\xfb\0\0\0\x15\x07\x0f\0\x03\0\0\0\xbf\x21\0\0\0\0\0\0\x05\0\x0d\0\0\0\0\0\xb7\
\x01\0\0\x06\0\0\0\x05\0\x0b\0\0\0\0\0\x15\x08\x01\0\x0a\0\0\0\x55\x08\x08\0\
\x02\0\0\0\xb7\x01\0\0\x06\0\0\0\x15\x07\x07\0\x01\0\0\0\x67\x07\0\0\x20\0\0\0\
\x77\x07\0\0\x20\0\0\0\x15\x07\xff\x01\x03\0\0\0\x55\x07\x02\0\x02\0\0\0\xb7\
\x01\0\0\x11\0\0\0\x05\0\x01\0\0\0\0\0\xb7\x01\0\0\xfc\0\0\0\x63\x1a\xac\xfe\0\
\0\0\0\x15\x08\x08\0\x0a\0\0\0\x55\x08\x1d\0\x02\0\0\0\xbf\xa1\0\0\0\0\0\0\x07\
\x01\0\0\xe0\xfe\xff\xff\x61\x12\0\0\0\0\0\0\x63\x2a\xc4\xfe\0\0\0\0\x61\x11\
\x04\0\0\0\0\0\x63\x1a\xb0\xfe\0\0\0\0\x05\0\x16\0\0\0\0\0\xbf\xa1\0\0\0\0\0\0\
\x07\x01\0\0\xb0\xfe\xff\xff\xb7\x02\0\0\x48\0\0\0\xbf\xa3\0\0\0\0\0\0\x07\x03\
\0\0\xe0\xfe\xff\xff\xbf\x34\0\0\0\0\0\0\x0f\x24\0\0\0\0\0\0\x79\x32\x48\0\0\0\
\0\0\x79\x44\x08\0\0\0\0\0\x7b\x41\x08\0\0\0\0\0\x7b\x21\0\0\0\0\0\0\xb7\x01\0\
\0\x38\0\0\0\xbf\x32\0\0\0\0\0\0\x0f\x12\0\0\0\0\0\0\x61\x21\x04\0\0\0\0\0\x63\
\x1a\xc8\xfe\0\0\0\0\x61\x31\x38\0\0\0\0\0\x63\x1a\xc4\xfe\0\0\0\0\x61\x21\x0c\
\0\0\0\0\0\x63\x1a\xd0\xfe\0\0\0\0\x61\x21\x08\0\0\0\0\0\x63\x1a\xcc\xfe\0\0\0\
\0\xbf\xa1\0\0\0\0\0\0\x07\x01\0\0\xe0\xfe\xff\xff\x69\x12\x0c\0\0\0\0\0\x6b\
\x2a\xd4\xfe\0\0\0\0\x69\x11\x0e\0\0\0\0\0\x6b\x1a\xc0\xfe\0\0\0\0\xbf\xa2\0\0\
\0\0\0\0\x07\x02\0\0\xa8\xfe\xff\xff\x18\x01\0\0\0\0\0\0\0\0\0\0\0\0\0\0\x85\0\
\0\0\x01\0\0\0\x15\0\x04\0\0\0\0\0\xb7\x01\0\0\x01\0\0\0\x63\x10\0\0\0\0\0\0\
\xb7\0\0\0\0\0\0\0\x95\0\0\0\0\0\0\0\xb7\x07\0\0\0\0\0\0\x63\x7a\xec\xff\0\0\0\
\0\x63\x9a\xe0\xff\0\0\0\0\xb7\x01\0\0\x01\0\0\0\x63\x1a\xd8\xff\0\0\0\0\x63\
\x7a\xe4\xff\0\0\0\0\x63\x7a\xdc\xff\0\0\0\0\xbf\xa2\0\0\0\0\0\0\x07\x02\0\0\
\xa8\xfe\xff\xff\xbf\xa3\0\0\0\0\0\0\x07\x03\0\0\xd8\xff\xff\xff\x18\x01\0\0\0\
\0\0\0\0\0\0\0\0\0\0\0\xb7\x04\0\0\0\0\0\0\x85\0\0\0\x02\0\0\0\xbf\xa2\0\0\0\0\
\0\0\x07\x02\0\0\xec\xff\xff\xff\x18\x01\0\0\0\0\0\0\0\0\0\0\0\0\0\0\x85\0\0\0\
\x01\0\0\0\x15\0\xe9\xff\0\0\0\0\x7b\x0a\x90\xfe\0\0\0\0\xbf\x06\0\0\0\0\0\0\
\x7b\x76\x38\x02\0\0\0\0\x7b\x76\x30\x02\0\0\0\0\x7b\x76\x28\x02\0\0\0\0\x7b\
\x76\x20\x02\0\0\0\0\x7b\x76\x18\x02\0\0\0\0\x7b\x76\x10\x02\0\0\0\0\x7b\x76\
\x08\x02\0\0\0\0\x7b\x76\0\x02\0\0\0\0\x7b\x76\xf8\x01\0\0\0\0\x7b\x76\xf0\x01\
\0\0\0\0\x7b\x76\xe8\x01\0\0\0\0\x7b\x76\xe0\x01\0\0\0\0\x7b\x76\xd8\x01\0\0\0\
\0\x7b\x76\xd0\x01\0\0\0\0\x7b\x76\xc8\x01\0\0\0\0\x7b\x76\xc0\x01\0\0\0\0\x7b\
\x76\xb8\x01\0\0\0\0\x7b\x76\xb0\x01\0\0\0\0\x7b\x76\xa8\x01\0\0\0\0\x7b\x76\
\xa0\x01\0\0\0\0\x7b\x76\x98\x01\0\0\0\0\x7b\x76\x90\x01\0\0\0\0\x7b\x76\x88\
\x01\0\0\0\0\x7b\x76\x80\x01\0\0\0\0\x7b\x76\x78\x01\0\0\0\0\x7b\x76\x70\x01\0\
\0\0\0\x7b\x76\x68\x01\0\0\0\0\x7b\x76\x60\x01\0\0\0\0\x7b\x76\x58\x01\0\0\0\0\
\x7b\x76\x50\x01\0\0\0\0\x7b\x76\x48\x01\0\0\0\0\x7b\x76\x40\x01\0\0\0\0\x7b\
\x76\x38\x01\0\0\0\0\x7b\x76\x30\x01\0\0\0\0\x7b\x76\x28\x01\0\0\0\0\x7b\x76\
\x20\x01\0\0\0\0\x7b\x76\x18\x01\0\0\0\0\x7b\x76\x10\x01\0\0\0\0\x7b\x76\x08\
\x01\0\0\0\0\x7b\x76\0\x01\0\0\0\0\x7b\x76\xf8\0\0\0\0\0\x7b\x76\xf0\0\0\0\0\0\
\x7b\x76\xe8\0\0\0\0\0\x7b\x76\xe0\0\0\0\0\0\x7b\x76\xd8\0\0\0\0\0\x7b\x76\xd0\
\0\0\0\0\0\x7b\x76\xc8\0\0\0\0\0\x7b\x76\xc0\0\0\0\0\0\x7b\x76\xb8\0\0\0\0\0\
\x7b\x76\xb0\0\0\0\0\0\x7b\x76\xa8\0\0\0\0\0\x7b\x76\xa0\0\0\0\0\0\x7b\x76\x98\
\0\0\0\0\0\x7b\x76\x90\0\0\0\0\0\x7b\x76\x88\0\0\0\0\0\x7b\x76\x80\0\0\0\0\0\
\x7b\x76\x78\0\0\0\0\0\x7b\x76\x70\0\0\0\0\0\x7b\x76\x68\0\0\0\0\0\x7b\x76\x60\
\0\0\0\0\0\x7b\x76\x58\0\0\0\0\0\x7b\x76\x50\0\0\0\0\0\x7b\x76\x48\0\0\0\0\0\
\x7b\x76\x40\0\0\0\0\0\x7b\x76\x38\0\0\0\0\0\x7b\x76\x30\0\0\0\0\0\x7b\x76\x28\
\0\0\0\0\0\x7b\x76\x20\0\0\0\0\0\x7b\x76\x18\0\0\0\0\0\x7b\x76\x10\0\0\0\0\0\
\x7b\x76\x08\0\0\0\0\0\x7b\x76\0\0\0\0\0\0\x79\xa7\xd8\xfe\0\0\0\0\x85\0\0\0\
\x23\0\0\0\x7b\x0a\xa0\xfe\0\0\0\0\xb7\x01\0\0\x18\0\0\0\xbf\x73\0\0\0\0\0\0\
\x0f\x13\0\0\0\0\0\0\xbf\xa1\0\0\0\0\0\0\x07\x01\0\0\xe0\xfe\xff\xff\xb7\x02\0\
\0\x08\0\0\0\x85\0\0\0\x71\0\0\0\xb7\x01\0\0\x04\0\0\0\x0f\x17\0\0\0\0\0\0\x79\
\xa9\xe0\xfe\0\0\0\0\xbf\xa1\0\0\0\0\0\0\x07\x01\0\0\xe0\xfe\xff\xff\xb7\x02\0\
\0\x02\0\0\0\xbf\x73\0\0\0\0\0\0\x85\0\0\0\x71\0\0\0\xb7\x01\0\0\0\0\0\0\xbf\
\x93\0\0\0\0\0\0\x0f\x13\0\0\0\0\0\0\x69\xa8\xe0\xfe\0\0\0\0\xbf\xa7\0\0\0\0\0\
\0\x07\x07\0\0\xe0\xfe\xff\xff\xbf\x71\0\0\0\0\0\0\xb7\x02\0\0\x88\0\0\0\x85\0\
\0\0\x71\0\0\0\x69\x77\x10\0\0\0\0\0\x63\x76\x04\0\0\0\0\0\xb7\x01\0\0\x24\x02\
\0\0\x0f\x19\0\0\0\0\0\0\xbf\xa1\0\0\0\0\0\0\x07\x01\0\0\xf8\xff\xff\xff\xb7\
\x02\0\0\x02\0\0\0\xbf\x93\0\0\0\0\0\0\x85\0\0\0\x71\0\0\0\x67\x08\0\0\x30\0\0\
\0\xc7\x08\0\0\x30\0\0\0\x69\xa1\xf8\xff\0\0\0\0\x65\x01\x04\0\x05\0\0\0\x15\
\x01\x0e\0\0\0\0\0\xb7\x02\0\0\x01\0\0\0\x15\x01\x17\0\x01\0\0\0\x05\0\x02\0\0\
\0\0\0\x15\x01\x08\0\x06\0\0\0\x15\x01\x11\0\x11\0\0\0\xb7\x01\0\0\x3a\0\0\0\
\x15\x08\x01\0\x3a\0\0\0\xb7\x01\0\0\xfc\0\0\0\xb7\x02\0\0\xfb\0\0\0\x15\x08\
\x0f\0\x03\0\0\0\xbf\x12\0\0\0\0\0\0\x05\0\x0d\0\0\0\0\0\xb7\x02\0\0\x06\0\0\0\
\x05\0\x0b\0\0\0\0\0\x15\x07\x01\0\x0a\0\0\0\x55\x07\x08\0\x02\0\0\0\xb7\x02\0\
\0\x06\0\0\0\x15\x08\x07\0\x01\0\0\0\x67\x08\0\0\x20\0\0\0\x77\x08\0\0\x20\0\0\
\0\x15\x08\x30\x01\x03\0\0\0\x55\x08\x02\0\x02\0\0\0\xb7\x02\0\0\x11\0\0\0\x05\
\0\x01\0\0\0\0\0\xb7\x02\0\0\xfc\0\0\0\xbf\xa1\0\0\0\0\0\0\x07\x01\0\0\xd8\xfe\
\xff\xff\x7b\x1a\x88\xfe\0\0\0\0\x7b\x6a\x98\xfe\0\0\0\0\x63\x26\x08\0\0\0\0\0\
\xb7\x01\0\0\xb8\x05\0\0\x79\xa3\xa0\xfe\0\0\0\0\x0f\x13\0\0\0\0\0\0\xbf\xa1\0\
\0\0\0\0\0\x07\x01\0\0\xf0\xff\xff\xff\xb7\x02\0\0\x08\0\0\0\x85\0\0\0\x71\0\0\
\0\xb7\x01\0\0\xe8\x05\0\0\x79\xa3\xf0\xff\0\0\0\0\x0f\x13\0\0\0\0\0\0\xbf\xa1\
\0\0\0\0\0\0\x07\x01\0\0\xf8\xff\xff\xff\xb7\x02\0\0\x08\0\0\0\x85\0\0\0\x71\0\
\0\0\xb7\x07\0\0\x40\0\0\0\x79\xa8\xf8\xff\0\0\0\0\x05\0\x06\0\0\0\0\0\x07\x07\
\0\0\xff\xff\xff\xff\xbf\x71\0\0\0\0\0\0\x67\x01\0\0\x20\0\0\0\x77\x01\0\0\x20\
\0\0\0\xbf\x98\0\0\0\0\0\0\x15\x01\x20\0\0\0\0\0\xbf\x83\0\0\0\0\0\0\xb7\x01\0\
\0\xb8\x05\0\0\x0f\x13\0\0\0\0\0\0\xbf\xa1\0\0\0\0\0\0\x07\x01\0\0\xf0\xff\xff\
\xff\xb7\x02\0\0\x08\0\0\0\x85\0\0\0\x71\0\0\0\x79\xa3\xf0\xff\0\0\0\0\xb7\x01\
\0\0\xe8\x05\0\0\x0f\x13\0\0\0\0\0\0\xbf\xa1\0\0\0\0\0\0\x07\x01\0\0\xf8\xff\
\xff\xff\xb7\x02\0\0\x08\0\0\0\x85\0\0\0\x71\0\0\0\x79\xa9\xf8\xff\0\0\0\0\x15\
\x09\x10\0\0\0\0\0\xbf\x83\0\0\0\0\0\0\xb7\x06\0\0\x48\x08\0\0\x0f\x63\0\0\0\0\
\0\0\xbf\xa1\0\0\0\0\0\0\x07\x01\0\0\xf8\xff\xff\xff\xb7\x02\0\0\x08\0\0\0\x85\
\0\0\0\x71\0\0\0\xbf\x93\0\0\0\0\0\0\x0f\x63\0\0\0\0\0\0\x79\xa6\xf8\xff\0\0\0\
\0\xbf\xa1\0\0\0\0\0\0\x07\x01\0\0\xf8\xff\xff\xff\xb7\x02\0\0\x08\0\0\0\x85\0\
\0\0\x71\0\0\0\x79\xa1\xf8\xff\0\0\0\0\x1d\x16\xda\xff\0\0\0\0\xb7\x07\0\0\xac\
\x05\0\0\xbf\x83\0\0\0\0\0\0\x0f\x73\0\0\0\0\0\0\xbf\xa1\0\0\0\0\0\0\x07\x01\0\
\0\xf8\xff\xff\xff\xb7\x02\0\0\x04\0\0\0\x85\0\0\0\x71\0\0\0\x61\xa1\xf8\xff\0\
\0\0\0\x79\xa6\x98\xfe\0\0\0\0\x63\x16\x14\0\0\0\0\0\xb7\x09\0\0\xe0\x06\0\0\
\x0f\x98\0\0\0\0\0\0\xbf\xa1\0\0\0\0\0\0\x07\x01\0\0\xf8\xff\xff\xff\xb7\x02\0\
\0\x08\0\0\0\xbf\x83\0\0\0\0\0\0\x85\0\0\0\x71\0\0\0\x79\xa1\xf8\xff\0\0\0\0\
\x7b\x16\x20\0\0\0\0\0\xb7\x01\0\0\xe8\x05\0\0\x79\xa8\xa0\xfe\0\0\0\0\xbf\x83\
\0\0\0\0\0\0\x0f\x13\0\0\0\0\0\0\xbf\xa1\0\0\0\0\0\0\x07\x01\0\0\xf0\xff\xff\
\xff\xb7\x02\0\0\x08\0\0\0\x85\0\0\0\x71\0\0\0\x79\xa3\xf0\xff\0\0\0\0\x0f\x93\
\0\0\0\0\0\0\xbf\xa1\0\0\0\0\0\0\x07\x01\0\0\xf8\xff\xff\xff\xb7\x02\0\0\x08\0\
\0\0\x85\0\0\0\x71\0\0\0\x79\xa1\xf8\xff\0\0\0\0\x7b\x16\x18\0\0\0\0\0\xbf\x83\
\0\0\0\0\0\0\x0f\x73\0\0\0\0\0\0\xbf\xa1\0\0\0\0\0\0\x07\x01\0\0\xf8\xff\xff\
\xff\xb7\x02\0\0\x04\0\0\0\x85\0\0\0\x71\0\0\0\x61\xa1\xf8\xff\0\0\0\0\x63\x16\
\x10\0\0\0\0\0\xb7\x01\0\0\x50\x07\0\0\xbf\x89\0\0\0\0\0\0\x0f\x19\0\0\0\0\0\0\
\xbf\xa1\0\0\0\0\0\0\x07\x01\0\0\xf8\xff\xff\xff\xb7\x02\0\0\x08\0\0\0\xbf\x93\
\0\0\0\0\0\0\x85\0\0\0\x71\0\0\0\xb7\x01\0\0\x14\0\0\0\x79\xa3\xf8\xff\0\0\0\0\
\x0f\x13\0\0\0\0\0\0\xbf\xa1\0\0\0\0\0\0\x07\x01\0\0\xf0\xff\xff\xff\xb7\x02\0\
\0\x04\0\0\0\x85\0\0\0\x71\0\0\0\x61\xa1\xf0\xff\0\0\0\0\x63\x16\x2c\x02\0\0\0\
\0\xbf\xa1\0\0\0\0\0\0\x07\x01\0\0\xf8\xff\xff\xff\xb7\x02\0\0\x08\0\0\0\xbf\
\x93\0\0\0\0\0\0\x85\0\0\0\x71\0\0\0\xb7\x01\0\0\x18\0\0\0\x79\xa3\xf8\xff\0\0\
\0\0\x0f\x13\0\0\0\0\0\0\xbf\xa1\0\0\0\0\0\0\x07\x01\0\0\xf0\xff\xff\xff\xb7\
\x02\0\0\x04\0\0\0\x85\0\0\0\x71\0\0\0\x61\xa1\xf0\xff\0\0\0\0\x63\x16\x30\x02\
\0\0\0\0\xb7\x01\0\0\xf0\x04\0\0\x0f\x18\0\0\0\0\0\0\xbf\xa1\0\0\0\0\0\0\x07\
\x01\0\0\xf0\xff\xff\xff\xb7\x02\0\0\x08\0\0\0\xbf\x83\0\0\0\0\0\0\x85\0\0\0\
\x71\0\0\0\xb7\x01\0\0\x28\x01\0\0\x79\xa3\xf0\xff\0\0\0\0\x0f\x13\0\0\0\0\0\0\
\xbf\xa1\0\0\0\0\0\0\x07\x01\0\0\xf8\xff\xff\xff\xb7\x02\0\0\x08\0\0\0\x85\0\0\
\0\x71\0\0\0\x79\xa9\xf8\xff\0\0\0\0\xbf\xa1\0\0\0\0\0\0\x07\x01\0\0\xf0\xff\
\xff\xff\xb7\x02\0\0\x08\0\0\0\xbf\x83\0\0\0\0\0\0\x85\0\0\0\x71\0\0\0\xb7\x01\
\0\0\x30\x01\0\0\x79\xa3\xf0\xff\0\0\0\0\x0f\x13\0\0\0\0\0\0\xbf\xa1\0\0\0\0\0\
\0\x07\x01\0\0\xf8\xff\xff\xff\xb7\x02\0\0\x08\0\0\0\x85\0\0\0\x71\0\0\0\x79\
\xa2\xf8\xff\0\0\0\0\x1f\x92\0\0\0\0\0\0\xb7\x01\0\0\0\x02\0\0\x2d\x21\x01\0\0\
\0\0\0\xb7\x02\0\0\0\x02\0\0\x63\x26\x28\x02\0\0\0\0\x79\xa1\x90\xfe\0\0\0\0\
\x07\x01\0\0\x28\0\0\0\xbf\x93\0\0\0\0\0\0\x85\0\0\0\x70\0\0\0\x61\x61\x28\x02\
\0\0\0\0\x55\x01\x02\0\0\x02\0\0\xb7\x01\0\0\0\0\0\0\x73\x16\x27\x02\0\0\0\0\
\xb7\x08\0\0\0\0\0\0\x73\x86\x38\x02\0\0\0\0\xb7\x07\0\0\x01\0\0\0\x18\x01\0\0\
\0\0\0\0\0\0\0\0\0\0\0\0\x79\xa9\x88\xfe\0\0\0\0\xbf\x92\0\0\0\0\0\0\xbf\x63\0\
\0\0\0\0\0\xb7\x04\0\0\x01\0\0\0\x85\0\0\0\x02\0\0\0\x18\x01\0\0\0\0\0\0\0\0\0\
\0\0\0\0\0\xbf\x92\0\0\0\0\0\0\x85\0\0\0\x01\0\0\0\x15\0\x27\0\0\0\0\0\x71\x01\
\0\0\0\0\0\0\x25\x01\x9d\xfe\x04\0\0\0\xbf\x13\0\0\0\0\0\0\x27\x03\0\0\x30\0\0\
\0\xbf\x02\0\0\0\0\0\0\x0f\x32\0\0\0\0\0\0\x79\xa5\xd0\xfe\0\0\0\0\xbf\x56\0\0\
\0\0\0\0\x77\x06\0\0\x20\0\0\0\x79\xa3\xa8\xfe\0\0\0\0\x79\xa4\xb0\xfe\0\0\0\0\
\x79\xa7\xb8\xfe\0\0\0\0\x79\xa8\xc0\xfe\0\0\0\0\x79\xa9\xc8\xfe\0\0\0\0\x63\
\x62\x30\0\0\0\0\0\x63\x52\x2c\0\0\0\0\0\xbf\x95\0\0\0\0\0\0\x77\x05\0\0\x20\0\
\0\0\x63\x52\x28\0\0\0\0\0\x63\x92\x24\0\0\0\0\0\xbf\x85\0\0\0\0\0\0\x77\x05\0\
\0\x20\0\0\0\x63\x52\x20\0\0\0\0\0\x63\x82\x1c\0\0\0\0\0\xbf\x75\0\0\0\0\0\0\
\x77\x05\0\0\x20\0\0\0\x63\x52\x18\0\0\0\0\0\x63\x72\x14\0\0\0\0\0\xbf\x45\0\0\
\0\0\0\0\x77\x05\0\0\x20\0\0\0\x63\x52\x10\0\0\0\0\0\x63\x42\x0c\0\0\0\0\0\xbf\
\x34\0\0\0\0\0\0\x77\x04\0\0\x20\0\0\0\x63\x42\x08\0\0\0\0\0\x63\x32\x04\0\0\0\
\0\0\x07\x01\0\0\x01\0\0\0\x73\x10\0\0\0\0\0\0\x05\0\x78\xfe\0\0\0\0\x63\x8a\
\xd0\xff\0\0\0\0\x7b\x8a\xc8\xff\0\0\0\0\x7b\x8a\xc0\xff\0\0\0\0\x7b\x8a\xb8\
\xff\0\0\0\0\x7b\x8a\xb0\xff\0\0\0\0\x7b\x8a\xa8\xff\0\0\0\0\x7b\x8a\xa0\xff\0\
\0\0\0\x7b\x8a\x98\xff\0\0\0\0\x7b\x8a\x90\xff\0\0\0\0\x7b\x8a\x88\xff\0\0\0\0\
\x7b\x8a\x80\xff\0\0\0\0\x7b\x8a\x78\xff\0\0\0\0\x7b\x8a\x70\xff\0\0\0\0\x7b\
\x8a\x68\xff\0\0\0\0\x7b\x8a\x60\xff\0\0\0\0\x7b\x8a\x58\xff\0\0\0\0\x7b\x8a\
\x50\xff\0\0\0\0\x7b\x8a\x48\xff\0\0\0\0\x7b\x8a\x40\xff\0\0\0\0\x7b\x8a\x38\
\xff\0\0\0\0\x7b\x8a\x30\xff\0\0\0\0\x7b\x8a\x28\xff\0\0\0\0\x7b\x8a\x20\xff\0\
\0\0\0\x7b\x8a\x18\xff\0\0\0\0\x7b\x8a\x10\xff\0\0\0\0\x7b\x8a\x08\xff\0\0\0\0\
\x7b\x8a\0\xff\0\0\0\0\x7b\x8a\xf8\xfe\0\0\0\0\x7b\x8a\xf0\xfe\0\0\0\0\x7b\x8a\
\xe8\xfe\0\0\0\0\x7b\x8a\xe0\xfe\0\0\0\0\x79\xa1\xd0\xfe\0\0\0\0\x63\x1a\x0c\
\xff\0\0\0\0\x77\x01\0\0\x20\0\0\0\x63\x1a\x10\xff\0\0\0\0\x79\xa1\xc8\xfe\0\0\
\0\0\x63\x1a\x04\xff\0\0\0\0\x77\x01\0\0\x20\0\0\0\x63\x1a\x08\xff\0\0\0\0\x79\
\xa1\xc0\xfe\0\0\0\0\x63\x1a\xfc\xfe\0\0\0\0\x77\x01\0\0\x20\0\0\0\x63\x1a\0\
\xff\0\0\0\0\x79\xa1\xb8\xfe\0\0\0\0\x63\x1a\xf4\xfe\0\0\0\0\x77\x01\0\0\x20\0\
\0\0\x63\x1a\xf8\xfe\0\0\0\0\x79\xa1\xb0\xfe\0\0\0\0\x63\x1a\xec\xfe\0\0\0\0\
\x77\x01\0\0\x20\0\0\0\x63\x1a\xf0\xfe\0\0\0\0\x79\xa1\xa8\xfe\0\0\0\0\x63\x1a\
\xe4\xfe\0\0\0\0\x77\x01\0\0\x20\0\0\0\x63\x1a\xe8\xfe\0\0\0\0\x73\x7a\xe0\xfe\
\0\0\0\0\xbf\xa3\0\0\0\0\0\0\x07\x03\0\0\xe0\xfe\xff\xff\x18\x01\0\0\0\0\0\0\0\
\0\0\0\0\0\0\0\xbf\x92\0\0\0\0\0\0\xb7\x04\0\0\x01\0\0\0\x85\0\0\0\x02\0\0\0\
\x15\0\x38\xfe\0\0\0\0\x18\x01\0\0\0\0\0\0\0\0\0\0\0\0\0\0\xb7\x02\0\0\x56\0\0\
\0\x85\0\0\0\x06\0\0\0\x05\0\x33\xfe\0\0\0\0\xb7\x01\0\0\xfb\0\0\0\x05\0\x03\
\xfe\0\0\0\0\xb7\x02\0\0\xfb\0\0\0\x05\0\xd2\xfe\0\0\0\0\x79\x11\0\0\0\0\0\0\
\x7b\x1a\xf8\xff\0\0\0\0\xbf\xa2\0\0\0\0\0\0\x07\x02\0\0\xf8\xff\xff\xff\x18\
\x01\0\0\0\0\0\0\0\0\0\0\0\0\0\0\x85\0\0\0\x01\0\0\0\xbf\x06\0\0\0\0\0\0\x79\
\xa1\xf8\xff\0\0\0\0\x7b\x1a\xf0\xff\0\0\0\0\x15\x06\x03\0\0\0\0\0\x71\x62\0\0\
\0\0\0\0\xb7\x03\0\0\x06\0\0\0\x2d\x23\x09\0\0\0\0\0\xbf\xa3\0\0\0\0\0\0\x07\
\x03\0\0\xf0\xff\xff\xff\x18\x01\0\0\0\0\0\0\0\0\0\0\0\0\0\0\x18\x02\0\0\0\0\0\
\0\0\0\0\0\0\0\0\0\xb7\x04\0\0\0\0\0\0\x85\0\0\0\xa4\0\0\0\x05\0\xdd\0\0\0\0\0\
\x7b\x1a\xe8\xff\0\0\0\0\x61\x61\x20\0\0\0\0\0\x67\x01\0\0\x20\0\0\0\x61\x62\
\x1c\0\0\0\0\0\x4f\x21\0\0\0\0\0\0\x61\x62\x18\0\0\0\0\0\x67\x02\0\0\x20\0\0\0\
\x61\x63\x14\0\0\0\0\0\x4f\x32\0\0\0\0\0\0\x61\x63\x10\0\0\0\0\0\x67\x03\0\0\
\x20\0\0\0\x61\x64\x0c\0\0\0\0\0\x4f\x43\0\0\0\0\0\0\x61\x64\x08\0\0\0\0\0\x67\
\x04\0\0\x20\0\0\0\x61\x65\x04\0\0\0\0\0\x4f\x54\0\0\0\0\0\0\x7b\x4a\xb8\xff\0\
\0\0\0\x7b\x3a\xc0\xff\0\0\0\0\x7b\x2a\xc8\xff\0\0\0\0\x7b\x1a\xd0\xff\0\0\0\0\
\x61\x61\x28\0\0\0\0\0\x67\x01\0\0\x20\0\0\0\x61\x62\x24\0\0\0\0\0\x4f\x21\0\0\
\0\0\0\0\x7b\x1a\xd8\xff\0\0\0\0\x61\x61\x2c\0\0\0\0\0\x61\x62\x30\0\0\0\0\0\
\x67\x02\0\0\x20\0\0\0\x4f\x12\0\0\0\0\0\0\x7b\x2a\xe0\xff\0\0\0\0\xbf\xa2\0\0\
\0\0\0\0\x07\x02\0\0\xb8\xff\xff\xff\x18\x01\0\0\0\0\0\0\0\0\0\0\0\0\0\0\x85\0\
\0\0\x01\0\0\0\x55\0\x05\0\0\0\0\0\x18\x01\0\0\x9d\0\0\0\0\0\0\0\0\0\0\0\xb7\
\x02\0\0\x30\0\0\0\x85\0\0\0\x06\0\0\0\x05\0\x02\0\0\0\0\0\xb7\x01\0\0\x01\0\0\
\0\x73\x10\x0c\0\0\0\0\0\x61\x61\x48\0\0\0\0\0\x67\x01\0\0\x20\0\0\0\x61\x62\
\x44\0\0\0\0\0\x4f\x21\0\0\0\0\0\0\x61\x62\x50\0\0\0\0\0\x67\x02\0\0\x20\0\0\0\
\x61\x63\x4c\0\0\0\0\0\x4f\x32\0\0\0\0\0\0\x61\x63\x58\0\0\0\0\0\x67\x03\0\0\
\x20\0\0\0\x61\x64\x54\0\0\0\0\0\x4f\x43\0\0\0\0\0\0\x61\x64\x60\0\0\0\0\0\x67\
\x04\0\0\x20\0\0\0\x61\x65\x5c\0\0\0\0\0\x4f\x54\0\0\0\0\0\0\x7b\x4a\xe0\xff\0\
\0\0\0\x7b\x3a\xd8\xff\0\0\0\0\x7b\x2a\xd0\xff\0\0\0\0\x7b\x1a\xc8\xff\0\0\0\0\
\x61\x61\x40\0\0\0\0\0\x67\x01\0\0\x20\0\0\0\x61\x62\x3c\0\0\0\0\0\x4f\x21\0\0\
\0\0\0\0\x7b\x1a\xc0\xff\0\0\0\0\x61\x61\x34\0\0\0\0\0\x61\x62\x38\0\0\0\0\0\
\x67\x02\0\0\x20\0\0\0\x4f\x12\0\0\0\0\0\0\x7b\x2a\xb8\xff\0\0\0\0\xbf\xa2\0\0\
\0\0\0\0\x07\x02\0\0\xb8\xff\xff\xff\x18\x01\0\0\0\0\0\0\0\0\0\0\0\0\0\0\x85\0\
\0\0\x01\0\0\0\x15\0\x03\0\0\0\0\0\xb7\x01\0\0\x01\0\0\0\x73\x10\x0c\0\0\0\0\0\
\x05\0\x04\0\0\0\0\0\x18\x01\0\0\x9d\0\0\0\0\0\0\0\0\0\0\0\xb7\x02\0\0\x30\0\0\
\0\x85\0\0\0\x06\0\0\0\x61\x61\x78\0\0\0\0\0\x67\x01\0\0\x20\0\0\0\x61\x62\x74\
\0\0\0\0\0\x4f\x21\0\0\0\0\0\0\x61\x62\x80\0\0\0\0\0\x67\x02\0\0\x20\0\0\0\x61\
\x63\x7c\0\0\0\0\0\x4f\x32\0\0\0\0\0\0\x61\x63\x88\0\0\0\0\0\x67\x03\0\0\x20\0\
\0\0\x61\x64\x84\0\0\0\0\0\x4f\x43\0\0\0\0\0\0\x61\x64\x90\0\0\0\0\0\x67\x04\0\
\0\x20\0\0\0\x61\x65\x8c\0\0\0\0\0\x4f\x54\0\0\0\0\0\0\x7b\x4a\xe0\xff\0\0\0\0\
\x7b\x3a\xd8\xff\0\0\0\0\x7b\x2a\xd0\xff\0\0\0\0\x7b\x1a\xc8\xff\0\0\0\0\x61\
\x61\x70\0\0\0\0\0\x67\x01\0\0\x20\0\0\0\x61\x62\x6c\0\0\0\0\0\x4f\x21\0\0\0\0\
\0\0\x7b\x1a\xc0\xff\0\0\0\0\x61\x61\x64\0\0\0\0\0\x61\x62\x68\0\0\0\0\0\x67\
\x02\0\0\x20\0\0\0\x4f\x12\0\0\0\0\0\0\x7b\x2a\xb8\xff\0\0\0\0\xbf\xa2\0\0\0\0\
\0\0\x07\x02\0\0\xb8\xff\xff\xff\x18\x01\0\0\0\0\0\0\0\0\0\0\0\0\0\0\x85\0\0\0\
\x01\0\0\0\x15\0\x03\0\0\0\0\0\xb7\x01\0\0\x01\0\0\0\x73\x10\x0c\0\0\0\0\0\x05\
\0\x04\0\0\0\0\0\x18\x01\0\0\x9d\0\0\0\0\0\0\0\0\0\0\0\xb7\x02\0\0\x30\0\0\0\
\x85\0\0\0\x06\0\0\0\x61\x61\xa8\0\0\0\0\0\x67\x01\0\0\x20\0\0\0\x61\x62\xa4\0\
\0\0\0\0\x4f\x21\0\0\0\0\0\0\x61\x62\xb0\0\0\0\0\0\x67\x02\0\0\x20\0\0\0\x61\
\x63\xac\0\0\0\0\0\x4f\x32\0\0\0\0\0\0\x61\x63\xb8\0\0\0\0\0\x67\x03\0\0\x20\0\
\0\0\x61\x64\xb4\0\0\0\0\0\x4f\x43\0\0\0\0\0\0\x61\x64\xc0\0\0\0\0\0\x67\x04\0\
\0\x20\0\0\0\x61\x65\xbc\0\0\0\0\0\x4f\x54\0\0\0\0\0\0\x7b\x4a\xe0\xff\0\0\0\0\
\x7b\x3a\xd8\xff\0\0\0\0\x7b\x2a\xd0\xff\0\0\0\0\x7b\x1a\xc8\xff\0\0\0\0\x61\
\x61\xa0\0\0\0\0\0\x67\x01\0\0\x20\0\0\0\x61\x62\x9c\0\0\0\0\0\x4f\x21\0\0\0\0\
\0\0\x7b\x1a\xc0\xff\0\0\0\0\x61\x61\x94\0\0\0\0\0\x61\x62\x98\0\0\0\0\0\x67\
\x02\0\0\x20\0\0\0\x4f\x12\0\0\0\0\0\0\x7b\x2a\xb8\xff\0\0\0\0\xbf\xa2\0\0\0\0\
\0\0\x07\x02\0\0\xb8\xff\xff\xff\x18\x01\0\0\0\0\0\0\0\0\0\0\0\0\0\0\x85\0\0\0\
\x01\0\0\0\x15\0\x03\0\0\0\0\0\xb7\x01\0\0\x01\0\0\0\x73\x10\x0c\0\0\0\0\0\x05\
\0\x04\0\0\0\0\0\x18\x01\0\0\x9d\0\0\0\0\0\0\0\0\0\0\0\xb7\x02\0\0\x30\0\0\0\
\x85\0\0\0\x06\0\0\0\x61\x61\xd8\0\0\0\0\0\x67\x01\0\0\x20\0\0\0\x61\x62\xd4\0\
\0\0\0\0\x4f\x21\0\0\0\0\0\0\x61\x62\xe0\0\0\0\0\0\x67\x02\0\0\x20\0\0\0\x61\
\x63\xdc\0\0\0\0\0\x4f\x32\0\0\0\0\0\0\x61\x63\xe8\0\0\0\0\0\x67\x03\0\0\x20\0\
\0\0\x61\x64\xe4\0\0\0\0\0\x4f\x43\0\0\0\0\0\0\x61\x64\xf0\0\0\0\0\0\x67\x04\0\
\0\x20\0\0\0\x61\x65\xec\0\0\0\0\0\x4f\x54\0\0\0\0\0\0\x7b\x4a\xe0\xff\0\0\0\0\
\x7b\x3a\xd8\xff\0\0\0\0\x7b\x2a\xd0\xff\0\0\0\0\x7b\x1a\xc8\xff\0\0\0\0\x61\
\x61\xd0\0\0\0\0\0\x67\x01\0\0\x20\0\0\0\x61\x62\xcc\0\0\0\0\0\x4f\x21\0\0\0\0\
\0\0\x7b\x1a\xc0\xff\0\0\0\0\x61\x61\xc4\0\0\0\0\0\x61\x62\xc8\0\0\0\0\0\x67\
\x02\0\0\x20\0\0\0\x4f\x12\0\0\0\0\0\0\x7b\x2a\xb8\xff\0\0\0\0\xbf\xa2\0\0\0\0\
\0\0\x07\x02\0\0\xb8\xff\xff\xff\x18\x01\0\0\0\0\0\0\0\0\0\0\0\0\0\0\x85\0\0\0\
\x01\0\0\0\x15\0\x03\0\0\0\0\0\xb7\x01\0\0\x01\0\0\0\x73\x10\x0c\0\0\0\0\0\x05\
\0\x04\0\0\0\0\0\x18\x01\0\0\x9d\0\0\0\0\0\0\0\0\0\0\0\xb7\x02\0\0\x30\0\0\0\
\x85\0\0\0\x06\0\0\0\xbf\xa2\0\0\0\0\0\0\x07\x02\0\0\xf8\xff\xff\xff\x18\x01\0\
\0\0\0\0\0\0\0\0\0\0\0\0\0\x85\0\0\0\x03\0\0\0\xb7\0\0\0\0\0\0\0\x95\0\0\0\0\0\
\0\0\x44\x75\x61\x6c\x20\x42\x53\x44\x2f\x47\x50\x4c\0\0\0\0\0\0\0\0\0\0\0\0\0\
\0\0\0\0\0\0\0\0\0\0\0\0\0\0\0\0\0\0\0\0\0\0\0\0\0\0\0\0\0\0\0\0\0\0\0\0\0\0\0\
\0\0\0\0\0\0\0\0\0\0\0\0\0\0\0\0\0\0\0\0\0\0\0\0\0\0\0\0\0\0\0\0\0\0\0\0\0\0\0\
\0\0\0\0\0\0\0\0\0\0\0\0\0\0\0\0\0\0\0\0\0\0\0\0\0\0\0\0\0\0\0\0\0\0\0\0\0\0\0\
\0\0\0\0\0\0\0\0\0\0\0\0\0\0\0\0\0\0\x45\x72\x72\x6f\x72\x3a\x20\x55\x6e\x61\
\x62\x6c\x65\x20\x74\x6f\x20\x69\x6e\x73\x65\x72\x74\x20\x61\x20\x6e\x65\x77\
\x20\x74\x75\x70\x6c\x65\x20\x66\x6f\x72\x20\x61\x20\x73\x6f\x63\x6b\x65\x74\
\x20\x69\x6e\x20\x74\x68\x65\x20\x74\x75\x70\x6c\x65\x20\x67\x61\x72\x62\x61\
\x67\x65\x20\x63\x6f\x6c\x6c\x65\x63\x74\x69\x6f\x6e\x20\x6c\x69\x73\x74\0\x63\
\x72\x6f\x73\x5f\x6e\x65\x74\x77\x6f\x72\x6b\x5f\x61\x63\x63\x65\x70\x74\x5f\
\x65\x78\x69\x74\x20\x65\x6e\x63\x6f\x75\x6e\x74\x65\x72\x65\x64\x20\x61\x20\
\x73\x6f\x63\x6b\x65\x74\x20\x77\x69\x74\x68\x20\x65\x78\x69\x73\x74\x69\x6e\
\x67\x20\x66\x6c\x6f\x77\x20\x65\x6e\x74\x72\x79\0\x46\x61\x69\x6c\x65\x64\x20\
\x74\x6f\x20\x6d\x61\x72\x6b\x20\x61\x6e\x20\x65\x6e\x74\x72\x79\x20\x66\x6f\
\x72\x20\x67\x61\x72\x62\x61\x67\x65\x20\x63\x6f\x6c\x6c\x65\x63\x74\x69\x6f\
\x6e\x2e\0\0\0\0\x9f\xeb\x01\0\x18\0\0\0\0\0\0\0\xd4\x65\0\0\xd4\x65\0\0\xd2\
\x5c\0\0\0\0\0\0\0\0\0\x02\x03\0\0\0\x01\0\0\0\0\0\0\x01\x04\0\0\0\x20\0\0\x01\
\0\0\0\0\0\0\0\x03\0\0\0\0\x02\0\0\0\x04\0\0\0\x1b\0\0\0\x05\0\0\0\0\0\0\x01\
\x04\0\0\0\x20\0\0\0\0\0\0\0\0\0\0\x02\x06\0\0\0\0\0\0\0\0\0\0\x03\0\0\0\0\x02\
\0\0\0\x04\0\0\0\0\0\x20\0\0\0\0\0\x02\0\0\x04\x10\0\0\0\x19\0\0\0\x01\0\0\0\0\
\0\0\0\x1e\0\0\0\x05\0\0\0\x40\0\0\0\x2a\0\0\0\0\0\0\x0e\x07\0\0\0\x01\0\0\0\0\
\0\0\0\0\0\0\x02\x0a\0\0\0\0\0\0\0\0\0\0\x03\0\0\0\0\x02\0\0\0\x04\0\0\0\x09\0\
\0\0\0\0\0\0\0\0\0\x02\x0c\0\0\0\0\0\0\0\0\0\0\x03\0\0\0\0\x02\0\0\0\x04\0\0\0\
\0\x08\0\0\0\0\0\0\0\0\0\x02\x0e\0\0\0\x2d\0\0\0\x02\0\0\x04\x38\0\0\0\x3f\0\0\
\0\x0f\0\0\0\0\0\0\0\x4a\0\0\0\x20\0\0\0\x80\x01\0\0\x4f\0\0\0\x06\0\0\x04\x30\
\0\0\0\x64\0\0\0\x10\0\0\0\0\0\0\0\x6b\0\0\0\x11\0\0\0\x20\0\0\0\x74\0\0\0\x12\
\0\0\0\x40\0\0\0\x80\0\0\0\x1c\0\0\0\xc0\0\0\0\x8c\0\0\0\x12\0\0\0\xe0\0\0\0\
\x96\0\0\0\x1c\0\0\0\x60\x01\0\0\xa0\0\0\0\x02\0\0\x06\x04\0\0\0\xb4\0\0\0\x02\
\0\0\0\xc8\0\0\0\x0a\0\0\0\xdd\0\0\0\x06\0\0\x06\x04\0\0\0\xf3\0\0\0\x06\0\0\0\
\x05\x01\0\0\x11\0\0\0\x17\x01\0\0\x01\0\0\0\x2a\x01\0\0\x3a\0\0\0\x3e\x01\0\0\
\xfb\0\0\0\x50\x01\0\0\xfc\0\0\0\x66\x01\0\0\x02\0\0\x05\x10\0\0\0\x73\x01\0\0\
\x13\0\0\0\0\0\0\0\x79\x01\0\0\x1b\0\0\0\0\0\0\0\x7f\x01\0\0\0\0\0\x08\x14\0\0\
\0\x88\x01\0\0\0\0\0\x08\x15\0\0\0\x8c\x01\0\0\0\0\0\x08\x16\0\0\0\x92\x01\0\0\
\0\0\0\x01\x04\0\0\0\x20\0\0\0\x9f\x01\0\0\0\0\0\x08\x18\0\0\0\xa7\x01\0\0\0\0\
\0\x08\x19\0\0\0\xaa\x01\0\0\0\0\0\x08\x1a\0\0\0\xaf\x01\0\0\0\0\0\x01\x01\0\0\
\0\x08\0\0\0\0\0\0\0\0\0\0\x03\0\0\0\0\x17\0\0\0\x04\0\0\0\x10\0\0\0\xbd\x01\0\
\0\0\0\0\x08\x1d\0\0\0\xc6\x01\0\0\0\0\0\x08\x1e\0\0\0\xca\x01\0\0\0\0\0\x08\
\x1f\0\0\0\xd0\x01\0\0\0\0\0\x01\x02\0\0\0\x10\0\0\0\0\0\0\0\0\0\0\x02\x21\0\0\
\0\0\0\0\0\0\0\0\x0a\xcf\0\0\0\0\0\0\0\0\0\0\x02\x23\0\0\0\xdf\x01\0\0\x04\0\0\
\x04\x10\0\0\0\xf3\x01\0\0\x24\0\0\0\0\0\0\0\xfd\x01\0\0\x13\0\0\0\x20\0\0\0\
\x06\x02\0\0\x13\0\0\0\x40\0\0\0\x0f\x02\0\0\x25\0\0\0\x60\0\0\0\x22\x02\0\0\
\x03\0\0\x06\x04\0\0\0\x40\x02\0\0\0\0\0\0\x59\x02\0\0\x01\0\0\0\x73\x02\0\0\
\x02\0\0\0\x91\x02\0\0\0\0\0\x08\x26\0\0\0\x96\x02\0\0\0\0\0\x01\x01\0\0\0\x08\
\0\0\x04\0\0\0\0\x04\0\0\x04\x20\0\0\0\x19\0\0\0\x09\0\0\0\0\0\0\0\x1e\0\0\0\
\x0b\0\0\0\x40\0\0\0\x9c\x02\0\0\x0d\0\0\0\x80\0\0\0\xa0\x02\0\0\x22\0\0\0\xc0\
\0\0\0\xa6\x02\0\0\0\0\0\x0e\x27\0\0\0\x01\0\0\0\0\0\0\0\0\0\0\x02\x2a\0\0\0\0\
\0\0\0\0\0\0\x03\0\0\0\0\x02\0\0\0\x04\0\0\0\x64\0\0\0\0\0\0\0\0\0\0\x02\x2c\0\
\0\0\0\0\0\0\0\0\0\x02\x2d\0\0\0\x4a\0\0\0\x5d\0\0\x84\x18\x03\0\0\xbc\x02\0\0\
\x2e\0\0\0\0\0\0\0\xc8\x02\0\0\x5c\0\0\0\x40\x04\0\0\xd0\x02\0\0\x59\0\0\0\x40\
\x05\0\0\xd9\x02\0\0\x02\0\0\0\x60\x05\0\0\xe5\x02\0\0\x6b\0\0\0\x80\x05\0\0\
\xf4\x02\0\0\x6c\0\0\0\x40\x06\0\0\x04\x03\0\0\x6b\0\0\0\x80\x06\0\0\x15\x03\0\
\0\x6d\0\0\0\x40\x07\0\0\x20\x03\0\0\x02\0\0\0\0\x08\0\0\x31\x03\0\0\x16\0\0\0\
\x20\x08\0\0\x3c\x03\0\0\x16\0\0\0\x40\x08\0\0\x47\x03\0\0\x02\0\0\0\x60\x08\0\
\0\x51\x03\0\0\x02\0\0\0\x80\x08\0\0\x61\x03\0\0\x6e\0\0\0\xc0\x08\0\0\0\0\0\0\
\x6f\0\0\0\0\x09\0\0\x6b\x03\0\0\x8f\0\0\0\x40\x09\0\0\x75\x03\0\0\x90\0\0\0\
\xc0\x09\0\0\x7f\x03\0\0\x02\0\0\0\0\x0a\0\0\x91\x03\0\0\x14\0\0\0\x20\x0a\0\0\
\xa2\x03\0\0\x90\0\0\0\x40\x0a\0\0\xaf\x03\0\0\x59\0\0\0\x80\x0a\0\0\xbd\x03\0\
\0\x02\0\0\0\xa0\x0a\0\0\xc7\x03\0\0\x02\0\0\0\xc0\x0a\0\0\xd6\x03\0\0\x57\0\0\
\0\xe0\x0a\0\0\xe4\x03\0\0\x4f\0\0\0\0\x0b\0\0\0\0\0\0\x91\0\0\0\x40\x0b\0\0\
\xf1\x03\0\0\x6c\0\0\0\x80\x0b\0\0\x01\x04\0\0\x6b\0\0\0\xc0\x0b\0\0\x10\x04\0\
\0\x94\0\0\0\x80\x0c\0\0\x1c\x04\0\0\x02\0\0\0\xa0\x0c\0\0\x2d\x04\0\0\x15\0\0\
\0\xc0\x0c\0\0\x44\x04\0\0\x14\0\0\0\xe0\x0c\0\0\x55\x04\0\0\x95\0\0\0\0\x0d\0\
\0\x61\x04\0\0\x7a\0\0\0\x40\x0d\0\0\x6a\x04\0\0\x15\0\0\0\x80\x0e\0\0\x76\x04\
\0\0\x15\0\0\0\xa0\x0e\0\0\x7e\x04\0\0\x4f\0\0\0\xc0\x0e\0\0\x8d\x04\0\0\x4f\0\
\0\0\0\x0f\0\0\xa0\x04\0\0\x96\0\0\0\x40\x0f\0\0\xa8\x04\0\0\x98\0\0\0\xc0\x0f\
\0\0\xb6\x04\0\0\x98\0\0\0\0\x10\0\0\xc6\x04\0\0\x98\0\0\0\x40\x10\0\0\xdb\x04\
\0\0\x02\0\0\0\x80\x10\0\0\xe7\x04\0\0\x16\0\0\0\xa0\x10\0\0\xf7\x04\0\0\x9a\0\
\0\0\xc0\x10\0\0\x05\x05\0\0\x15\0\0\0\xe0\x10\0\0\x0f\x05\0\0\x18\0\0\0\0\x11\
\0\x01\x1a\x05\0\0\x18\0\0\0\x01\x11\0\x01\x27\x05\0\0\x18\0\0\0\x02\x11\0\x01\
\x36\x05\0\0\x18\0\0\0\x03\x11\0\x01\x45\x05\0\0\x18\0\0\0\x04\x11\0\x04\x52\
\x05\0\0\x18\0\0\0\x08\x11\0\0\x62\x05\0\0\x1d\0\0\0\x10\x11\0\0\x6a\x05\0\0\
\x1d\0\0\0\x20\x11\0\0\x76\x05\0\0\x1d\0\0\0\x30\x11\0\0\x86\x05\0\0\x4f\0\0\0\
\x40\x11\0\0\x94\x05\0\0\x40\0\0\0\x80\x11\0\0\xa4\x05\0\0\x73\0\0\0\xc0\x11\0\
\0\xb5\x05\0\0\x02\0\0\0\0\x12\0\0\xbc\x05\0\0\x02\0\0\0\x20\x12\0\0\xc8\x05\0\
\0\x14\0\0\0\x40\x12\0\0\xd7\x05\0\0\x14\0\0\0\x60\x12\0\0\xea\x05\0\0\x9b\0\0\
\0\x80\x12\0\0\xf1\x05\0\0\x18\0\0\0\xa0\x12\0\0\x05\x06\0\0\x1d\0\0\0\xb0\x12\
\0\0\x19\x06\0\0\x5e\0\0\0\xc0\x12\0\0\x26\x06\0\0\x9e\0\0\0\0\x13\0\0\x32\x06\
\0\0\x9f\0\0\0\x40\x13\0\0\x3f\x06\0\0\x95\0\0\0\x80\x13\0\0\x4b\x06\0\0\xa1\0\
\0\0\xc0\x13\0\0\x54\x06\0\0\x1d\0\0\0\0\x14\0\0\x5f\x06\0\0\x02\0\0\0\x20\x14\
\0\0\x6b\x06\0\0\x18\0\0\0\x40\x14\0\0\x77\x06\0\0\x59\0\0\0\x60\x14\0\0\x80\
\x06\0\0\x59\0\0\0\x80\x14\0\0\x89\x06\0\0\x18\0\0\0\xa0\x14\0\0\x94\x06\0\0\
\x18\0\0\0\xa8\x14\0\x01\xac\x06\0\0\x18\0\0\0\xa9\x14\0\x01\xc4\x06\0\0\x18\0\
\0\0\xaa\x14\0\x06\xd5\x06\0\0\xa2\0\0\0\xc0\x14\0\0\xdf\x06\0\0\xa3\0\0\0\0\
\x15\0\0\xec\x06\0\0\xa3\0\0\0\x40\x15\0\0\xf8\x06\0\0\xa4\0\0\0\x80\x15\0\0\
\x05\x07\0\0\xa6\0\0\0\0\x16\0\0\x0e\x07\0\0\xa8\0\0\0\x40\x16\0\0\x1e\x07\0\0\
\xa8\0\0\0\x80\x16\0\0\x2c\x07\0\0\xa8\0\0\0\xc0\x16\0\0\x3b\x07\0\0\xa8\0\0\0\
\0\x17\0\0\x4b\x07\0\0\xaa\0\0\0\x40\x17\0\0\x5a\x07\0\0\xa8\0\0\0\x80\x17\0\0\
\x66\x07\0\0\xc5\0\0\0\xc0\x17\0\0\x76\x07\0\0\xc6\0\0\0\0\x18\0\0\x85\x07\0\0\
\x8b\0\0\0\x40\x18\0\0\x8c\x07\0\0\x19\0\0\x84\x88\0\0\0\0\0\0\0\x2f\0\0\0\0\0\
\0\0\0\0\0\0\x35\0\0\0\x40\0\0\0\0\0\0\0\x37\0\0\0\x60\0\0\0\x98\x07\0\0\x1f\0\
\0\0\x80\0\0\0\xa3\x07\0\0\x3b\0\0\0\x90\0\0\0\xad\x07\0\0\x1a\0\0\0\x98\0\0\
\x04\xb7\x07\0\0\x1a\0\0\0\x9c\0\0\x01\xc5\x07\0\0\x1a\0\0\0\x9d\0\0\x01\xd2\
\x07\0\0\x1a\0\0\0\x9e\0\0\x01\xe1\x07\0\0\x02\0\0\0\xa0\0\0\0\0\0\0\0\x3c\0\0\
\0\xc0\0\0\0\xf2\x07\0\0\x40\0\0\0\x40\x01\0\0\xfb\x07\0\0\x41\0\0\0\x80\x01\0\
\0\x03\x08\0\0\x44\0\0\0\xc0\x01\0\0\x10\x08\0\0\x44\0\0\0\x40\x02\0\0\x21\x08\
\0\0\x49\0\0\0\xc0\x02\0\0\0\0\0\0\x4e\0\0\0\0\x03\0\0\x2c\x08\0\0\x51\0\0\0\
\x40\x03\0\0\0\0\0\0\x52\0\0\0\x40\x03\0\0\x3f\x08\0\0\x1f\0\0\0\xc0\x03\0\0\
\x54\x08\0\0\x1f\0\0\0\xd0\x03\0\0\0\0\0\0\x56\0\0\0\xe0\x03\0\0\x69\x08\0\0\
\x57\0\0\0\0\x04\0\0\x74\x08\0\0\x51\0\0\0\x20\x04\0\0\0\0\0\0\x5b\0\0\0\x20\
\x04\0\0\0\0\0\0\x02\0\0\x05\x08\0\0\0\x85\x08\0\0\x30\0\0\0\0\0\0\0\0\0\0\0\
\x33\0\0\0\0\0\0\0\x92\x08\0\0\0\0\0\x08\x31\0\0\0\x9d\x08\0\0\0\0\0\x08\x32\0\
\0\0\xa3\x08\0\0\0\0\0\x01\x08\0\0\0\x40\0\0\0\0\0\0\0\x02\0\0\x04\x08\0\0\0\
\xb6\x08\0\0\x34\0\0\0\0\0\0\0\xc0\x08\0\0\x34\0\0\0\x20\0\0\0\xce\x08\0\0\0\0\
\0\x08\x15\0\0\0\0\0\0\0\x02\0\0\x05\x04\0\0\0\xd5\x08\0\0\x16\0\0\0\0\0\0\0\
\xde\x08\0\0\x36\0\0\0\0\0\0\0\0\0\0\0\0\0\0\x03\0\0\0\0\x1e\0\0\0\x04\0\0\0\
\x02\0\0\0\0\0\0\0\x02\0\0\x05\x04\0\0\0\xec\x08\0\0\x38\0\0\0\0\0\0\0\0\0\0\0\
\x39\0\0\0\0\0\0\0\xf9\x08\0\0\0\0\0\x08\x15\0\0\0\0\0\0\0\x02\0\0\x04\x04\0\0\
\0\x04\x09\0\0\x3a\0\0\0\0\0\0\0\x0e\x09\0\0\x1e\0\0\0\x10\0\0\0\x16\x09\0\0\0\
\0\0\x08\x1e\0\0\0\0\0\0\0\0\0\0\x09\x1a\0\0\0\0\0\0\0\x02\0\0\x05\x10\0\0\0\
\x1d\x09\0\0\x3d\0\0\0\0\0\0\0\x2b\x09\0\0\x3d\0\0\0\0\0\0\0\x3d\x09\0\0\x02\0\
\0\x04\x10\0\0\0\x48\x09\0\0\x3e\0\0\0\0\0\0\0\x4d\x09\0\0\x3f\0\0\0\x40\0\0\0\
\0\0\0\0\0\0\0\x02\x3d\0\0\0\0\0\0\0\0\0\0\x02\x3e\0\0\0\0\0\0\0\0\0\0\x02\x42\
\x02\0\0\x53\x09\0\0\0\0\0\x08\x42\0\0\0\0\0\0\0\x01\0\0\x04\x08\0\0\0\x62\x09\
\0\0\x43\0\0\0\0\0\0\0\0\0\0\0\0\0\0\x02\x47\x02\0\0\x66\x09\0\0\x01\0\0\x04\
\x10\0\0\0\x6f\x09\0\0\x45\0\0\0\0\0\0\0\0\0\0\0\x03\0\0\x05\x10\0\0\0\x75\x09\
\0\0\x46\0\0\0\0\0\0\0\x7e\x09\0\0\x47\0\0\0\0\0\0\0\x88\x09\0\0\x48\0\0\0\0\0\
\0\0\0\0\0\0\0\0\0\x03\0\0\0\0\x19\0\0\0\x04\0\0\0\x10\0\0\0\0\0\0\0\0\0\0\x03\
\0\0\0\0\x3a\0\0\0\x04\0\0\0\x08\0\0\0\0\0\0\0\0\0\0\x03\0\0\0\0\x34\0\0\0\x04\
\0\0\0\x04\0\0\0\x92\x09\0\0\0\0\0\x08\x4a\0\0\0\0\0\0\0\x01\0\0\x04\x08\0\0\0\
\x9d\x09\0\0\x4b\0\0\0\0\0\0\0\xa5\x09\0\0\0\0\0\x08\x4c\0\0\0\xa9\x09\0\0\0\0\
\0\x08\x4d\0\0\0\xaf\x09\0\0\0\0\0\x01\x08\0\0\0\x40\0\0\x01\0\0\0\0\x03\0\0\
\x05\x08\0\0\0\xb9\x09\0\0\x4f\0\0\0\0\0\0\0\xc3\x09\0\0\x2c\0\0\0\0\0\0\0\xd0\
\x09\0\0\x50\0\0\0\0\0\0\0\xda\x09\0\0\0\0\0\x01\x08\0\0\0\x40\0\0\0\0\0\0\0\0\
\0\0\x02\x4d\x02\0\0\0\0\0\0\0\0\0\x03\0\0\0\0\x02\0\0\0\x04\0\0\0\0\0\0\0\0\0\
\0\0\x02\0\0\x05\x10\0\0\0\xe8\x09\0\0\x3d\0\0\0\0\0\0\0\xf1\x09\0\0\x53\0\0\0\
\0\0\0\0\0\x0a\0\0\x02\0\0\x04\x10\0\0\0\x48\x09\0\0\x54\0\0\0\0\0\0\0\x4d\x09\
\0\0\x55\0\0\0\x40\0\0\0\0\0\0\0\0\0\0\x02\x53\0\0\0\0\0\0\0\0\0\0\x02\x54\0\0\
\0\0\0\0\0\x03\0\0\x05\x04\0\0\0\x11\x0a\0\0\x02\0\0\0\0\0\0\0\x22\x0a\0\0\x14\
\0\0\0\0\0\0\0\x2e\x0a\0\0\x14\0\0\0\0\0\0\0\x3d\x0a\0\0\0\0\0\x08\x58\0\0\0\
\x48\x0a\0\0\x01\0\0\x04\x04\0\0\0\x58\x0a\0\0\x59\0\0\0\0\0\0\0\x5d\x0a\0\0\0\
\0\0\x08\x5a\0\0\0\0\0\0\0\x01\0\0\x04\x04\0\0\0\x9d\x09\0\0\x02\0\0\0\0\0\0\0\
\0\0\0\0\x03\0\0\x05\x04\0\0\0\x66\x0a\0\0\x14\0\0\0\0\0\0\0\x71\x0a\0\0\x14\0\
\0\0\0\0\0\0\x82\x0a\0\0\x14\0\0\0\0\0\0\0\x91\x0a\0\0\0\0\0\x08\x5d\0\0\0\0\0\
\0\0\x03\0\0\x04\x20\0\0\0\x9f\x0a\0\0\x5e\0\0\0\0\0\0\0\xa5\x0a\0\0\x02\0\0\0\
\x20\0\0\0\xab\x0a\0\0\x67\0\0\0\x40\0\0\0\xae\x0a\0\0\0\0\0\x08\x5f\0\0\0\xb9\
\x0a\0\0\x01\0\0\x04\x04\0\0\0\0\0\0\0\x60\0\0\0\0\0\0\0\0\0\0\0\x01\0\0\x05\
\x04\0\0\0\xc2\x0a\0\0\x61\0\0\0\0\0\0\0\xc8\x0a\0\0\x01\0\0\x04\x04\0\0\0\xd5\
\x0a\0\0\x62\0\0\0\0\0\0\0\xde\x0a\0\0\0\0\0\x08\x63\0\0\0\xee\x0a\0\0\x01\0\0\
\x04\x04\0\0\0\0\0\0\0\x64\0\0\0\0\0\0\0\0\0\0\0\x03\0\0\x05\x04\0\0\0\xf8\x0a\
\0\0\x59\0\0\0\0\0\0\0\0\0\0\0\x65\0\0\0\0\0\0\0\0\0\0\0\x66\0\0\0\0\0\0\0\0\0\
\0\0\x02\0\0\x04\x02\0\0\0\xfc\x0a\0\0\x18\0\0\0\0\0\0\0\x03\x0b\0\0\x18\0\0\0\
\x08\0\0\0\0\0\0\0\x02\0\0\x04\x04\0\0\0\x0b\x0b\0\0\x1d\0\0\0\0\0\0\0\x1a\x0b\
\0\0\x1d\0\0\0\x10\0\0\0\x1f\x0b\0\0\0\0\0\x08\x68\0\0\0\x31\x0b\0\0\x02\0\0\
\x04\x18\0\0\0\x41\x0b\0\0\x5e\0\0\0\0\0\0\0\x46\x0b\0\0\x69\0\0\0\x40\0\0\0\
\x4b\x0b\0\0\x02\0\0\x04\x10\0\0\0\x48\x09\0\0\x6a\0\0\0\0\0\0\0\x55\x0b\0\0\
\x6a\0\0\0\x40\0\0\0\0\0\0\0\0\0\0\x02\x69\0\0\0\x5a\x0b\0\0\x04\0\0\x04\x18\0\
\0\0\x48\x09\0\0\x6c\0\0\0\0\0\0\0\x55\x0b\0\0\x6c\0\0\0\x40\0\0\0\x67\x0b\0\0\
\x15\0\0\0\x80\0\0\0\x41\x0b\0\0\x5e\0\0\0\xa0\0\0\0\0\0\0\0\0\0\0\x02\xac\0\0\
\0\0\0\0\0\x04\0\0\x04\x18\0\0\0\x6c\x0b\0\0\x59\0\0\0\0\0\0\0\x77\x0b\0\0\x02\
\0\0\0\x20\0\0\0\x46\x0b\0\0\x6c\0\0\0\x40\0\0\0\x1a\x0b\0\0\x6c\0\0\0\x80\0\0\
\0\0\0\0\0\0\0\0\x02\x52\x02\0\0\0\0\0\0\x02\0\0\x05\x08\0\0\0\x7b\x0b\0\0\x70\
\0\0\0\0\0\0\0\x81\x0b\0\0\x70\0\0\0\0\0\0\0\0\0\0\0\0\0\0\x02\xd6\0\0\0\0\0\0\
\0\0\0\0\x02\x72\0\0\0\x8b\x0b\0\0\x1b\0\0\x04\x20\x03\0\0\x97\x0b\0\0\x41\0\0\
\0\0\0\0\0\x9e\x0b\0\0\x3d\0\0\0\x40\0\0\0\xa4\x0b\0\0\x3d\0\0\0\xc0\0\0\0\x41\
\x0b\0\0\x73\0\0\0\x40\x01\0\0\xaa\x0b\0\0\x57\0\0\0\x80\x01\0\0\xb1\x0b\0\0\
\x14\0\0\0\xa0\x01\0\0\xb5\x0b\0\0\x7a\0\0\0\xc0\x01\0\0\xbb\x0b\0\0\x59\0\0\0\
\0\x03\0\0\xc1\x0b\0\0\x14\0\0\0\x20\x03\0\0\xca\x0b\0\0\x14\0\0\0\x40\x03\0\0\
\xd0\x0b\0\0\x14\0\0\0\x60\x03\0\0\xd6\x0b\0\0\x7e\0\0\0\x80\x03\0\0\xdb\x0b\0\
\0\x7f\0\0\0\xc0\x03\0\0\xe4\x0b\0\0\x83\0\0\0\x80\x05\0\0\xe8\x0b\0\0\x84\0\0\
\0\x80\x07\0\0\xef\x0b\0\0\x85\0\0\0\x80\x08\0\0\xf4\x0b\0\0\x86\0\0\0\x40\x09\
\0\0\xf9\x0b\0\0\x25\0\0\0\x80\x0b\0\0\x19\0\0\0\x18\0\0\0\x88\x0b\0\0\x08\x0c\
\0\0\x18\0\0\0\x90\x0b\0\0\x0f\x0c\0\0\x18\0\0\0\x98\x0b\0\0\x15\x0c\0\0\x18\0\
\0\0\xa0\x0b\0\0\x64\0\0\0\x1d\0\0\0\xb0\x0b\0\0\x1d\x0c\0\0\x87\0\0\0\xc0\x0b\
\0\0\x26\x0c\0\0\x8a\0\0\0\0\x0c\0\0\x2f\x0c\0\0\x3d\0\0\0\0\x18\0\0\x42\x0c\0\
\0\x8b\0\0\0\x80\x18\0\0\x46\x0c\0\0\0\0\0\x08\x74\0\0\0\0\0\0\0\x01\0\0\x04\
\x08\0\0\0\xd5\x0a\0\0\x75\0\0\0\0\0\0\0\x4f\x0c\0\0\0\0\0\x08\x76\0\0\0\x5d\
\x0c\0\0\x02\0\0\x04\x08\0\0\0\0\0\0\0\x77\0\0\0\0\0\0\0\x65\x0c\0\0\x62\0\0\0\
\x20\0\0\0\0\0\0\0\x02\0\0\x05\x04\0\0\0\x6f\x0c\0\0\x59\0\0\0\0\0\0\0\0\0\0\0\
\x78\0\0\0\0\0\0\0\0\0\0\0\x02\0\0\x04\x04\0\0\0\x74\x0c\0\0\x18\0\0\0\0\0\0\0\
\x7c\x0c\0\0\x79\0\0\0\x08\0\0\0\0\0\0\0\0\0\0\x03\0\0\0\0\x18\0\0\0\x04\0\0\0\
\x03\0\0\0\x85\x0c\0\0\x04\0\0\x04\x28\0\0\0\x90\x0c\0\0\x3d\0\0\0\0\0\0\0\x96\
\x0c\0\0\x4f\0\0\0\x80\0\0\0\x9e\x0c\0\0\x7b\0\0\0\xc0\0\0\0\x0f\x0c\0\0\x14\0\
\0\0\0\x01\0\0\0\0\0\0\0\0\0\x02\x7c\0\0\0\0\0\0\0\x01\0\0\x0d\0\0\0\0\0\0\0\0\
\x7d\0\0\0\0\0\0\0\0\0\0\x02\x7a\0\0\0\xa7\x0c\0\0\x02\0\0\x04\x08\0\0\0\xb1\
\x0c\0\0\x15\0\0\0\0\0\0\0\xb3\x0c\0\0\x15\0\0\0\x20\0\0\0\xb5\x0c\0\0\x0c\0\0\
\x04\x38\0\0\0\xc3\x0c\0\0\x80\0\0\0\0\0\0\0\xc9\x0c\0\0\x80\0\0\0\x80\0\0\0\
\xcf\x0c\0\0\x3a\0\0\0\0\x01\0\0\xd5\x0c\0\0\x3a\0\0\0\x10\x01\0\0\xe0\x0c\0\0\
\x3a\0\0\0\x20\x01\0\0\xe6\x0c\0\0\x3a\0\0\0\x30\x01\0\0\x64\0\0\0\x1e\0\0\0\
\x40\x01\0\0\xf1\x0c\0\0\x19\0\0\0\x50\x01\0\0\xfd\x0c\0\0\x19\0\0\0\x58\x01\0\
\0\x09\x0d\0\0\x19\0\0\0\x60\x01\0\0\x0f\x0d\0\0\x02\0\0\0\x80\x01\0\0\x17\x0d\
\0\0\x82\0\0\0\xa0\x01\0\0\x1c\x0d\0\0\0\0\0\x08\x81\0\0\0\0\0\0\0\x03\0\0\x05\
\x10\0\0\0\x2b\x0d\0\0\x34\0\0\0\0\0\0\0\x2e\x0d\0\0\x48\0\0\0\0\0\0\0\x31\x0d\
\0\0\x44\0\0\0\0\0\0\0\x35\x0d\0\0\0\0\0\x08\x16\0\0\0\x46\x0d\0\0\x08\0\0\x04\
\x40\0\0\0\x58\x0d\0\0\x31\0\0\0\0\0\0\0\x68\x0d\0\0\x31\0\0\0\x40\0\0\0\x78\
\x0d\0\0\x31\0\0\0\x80\0\0\0\x8a\x0d\0\0\x31\0\0\0\xc0\0\0\0\x9c\x0d\0\0\x31\0\
\0\0\0\x01\0\0\xb5\x0d\0\0\x31\0\0\0\x40\x01\0\0\xce\x0d\0\0\x31\0\0\0\x80\x01\
\0\0\xe7\x0d\0\0\x31\0\0\0\xc0\x01\0\0\0\x0e\0\0\x04\0\0\x04\x20\0\0\0\x12\x0e\
\0\0\x31\0\0\0\0\0\0\0\x18\x0e\0\0\x31\0\0\0\x40\0\0\0\x20\x0e\0\0\x31\0\0\0\
\x80\0\0\0\x29\x0e\0\0\x31\0\0\0\xc0\0\0\0\x32\x0e\0\0\x02\0\0\x04\x18\0\0\0\
\x49\x0e\0\0\x69\0\0\0\0\0\0\0\x4d\x0e\0\0\x18\0\0\0\x80\0\0\0\x52\x0e\0\0\x03\
\0\0\x04\x48\0\0\0\x64\x0e\0\0\x6b\0\0\0\0\0\0\0\x6f\x0e\0\0\x7a\0\0\0\xc0\0\0\
\0\x7a\x0e\0\0\x4f\0\0\0\0\x02\0\0\0\0\0\0\0\0\0\x02\x50\x02\0\0\x82\x0e\0\0\
\x0b\0\0\x04\x40\0\0\0\x8c\x0e\0\0\x89\0\0\0\0\0\0\0\xc9\x0c\0\0\x80\0\0\0\xc0\
\0\0\0\x8f\x0e\0\0\x1f\0\0\0\x40\x01\0\0\x9c\x0e\0\0\x14\0\0\0\x60\x01\0\0\xa2\
\x0e\0\0\x18\0\0\0\x80\x01\0\0\xa7\x0e\0\0\x18\0\0\0\x88\x01\0\0\xad\x0e\0\0\
\x18\0\0\0\x90\x01\0\0\xb6\x0e\0\0\x18\0\0\0\x98\x01\0\0\xbe\x0e\0\0\x14\0\0\0\
\xa0\x01\0\0\xc5\x0e\0\0\x14\0\0\0\xc0\x01\0\0\xcc\x0e\0\0\x14\0\0\0\xe0\x01\0\
\0\xd3\x0e\0\0\x03\0\0\x04\x18\0\0\0\xc3\x0c\0\0\x80\0\0\0\0\0\0\0\xdb\x0e\0\0\
\x34\0\0\0\x80\0\0\0\x09\x0d\0\0\x19\0\0\0\xa0\0\0\0\0\0\0\0\0\0\0\x03\0\0\0\0\
\x88\0\0\0\x04\0\0\0\x06\0\0\0\xdf\x0e\0\0\x02\0\0\x04\x10\0\0\0\x48\x09\0\0\
\x8c\0\0\0\0\0\0\0\xed\x0e\0\0\x8d\0\0\0\x40\0\0\0\0\0\0\0\0\0\0\x02\x8b\0\0\0\
\0\0\0\0\0\0\0\x02\x8e\0\0\0\0\0\0\0\x01\0\0\x0d\0\0\0\0\0\0\0\0\x8c\0\0\0\0\0\
\0\0\0\0\0\x03\0\0\0\0\x71\0\0\0\x04\0\0\0\x02\0\0\0\0\0\0\0\0\0\0\x02\x4e\x02\
\0\0\0\0\0\0\x02\0\0\x05\x08\0\0\0\xf2\x0e\0\0\x6c\0\0\0\0\0\0\0\xff\x0e\0\0\
\x92\0\0\0\0\0\0\0\x0d\x0f\0\0\x01\0\0\x04\x08\0\0\0\x15\x0f\0\0\x93\0\0\0\0\0\
\0\0\0\0\0\0\0\0\0\x02\xb1\0\0\0\x1d\x0f\0\0\0\0\0\x08\x02\0\0\0\x23\x0f\0\0\0\
\0\0\x01\x08\0\0\0\x40\0\0\x01\x28\x0f\0\0\x03\0\0\x04\x10\0\0\0\x32\x0f\0\0\
\x97\0\0\0\0\0\0\0\x37\x0f\0\0\x15\0\0\0\x40\0\0\0\x3e\x0f\0\0\x15\0\0\0\x60\0\
\0\0\0\0\0\0\0\0\0\x02\x3f\x02\0\0\x43\x0f\0\0\0\0\0\x08\x99\0\0\0\x55\x0f\0\0\
\0\0\0\x08\x31\0\0\0\x59\x0f\0\0\0\0\0\x08\x16\0\0\0\x5f\x0f\0\0\0\0\0\x08\x9c\
\0\0\0\0\0\0\0\x01\0\0\x04\x04\0\0\0\xf8\x0a\0\0\x9d\0\0\0\0\0\0\0\x66\x0f\0\0\
\0\0\0\x08\x82\0\0\0\0\0\0\0\0\0\0\x02\x53\x02\0\0\0\0\0\0\0\0\0\x02\xa0\0\0\0\
\0\0\0\0\0\0\0\x0a\x4a\x01\0\0\x6c\x0f\0\0\0\0\0\x08\x4b\0\0\0\0\0\0\0\0\0\0\
\x02\xcf\0\0\0\0\0\0\0\0\0\0\x02\0\0\0\0\x74\x0f\0\0\x02\0\0\x04\x10\0\0\0\x85\
\x0f\0\0\xa5\0\0\0\0\0\0\0\x8c\x0f\0\0\x14\0\0\0\x40\0\0\0\0\0\0\0\0\0\0\x02\
\x3c\x02\0\0\0\0\0\0\0\0\0\x02\xa7\0\0\0\x94\x0f\0\0\0\0\0\x07\0\0\0\0\0\0\0\0\
\0\0\0\x02\xa9\0\0\0\0\0\0\0\x01\0\0\x0d\0\0\0\0\0\0\0\0\x2c\0\0\0\0\0\0\0\0\0\
\0\x02\xab\0\0\0\0\0\0\0\x02\0\0\x0d\x02\0\0\0\0\0\0\0\x2c\0\0\0\0\0\0\0\x6c\0\
\0\0\x9f\x0f\0\0\x4c\0\0\x84\xe0\0\0\0\0\0\0\0\xad\0\0\0\0\0\0\0\0\0\0\0\xb2\0\
\0\0\xc0\0\0\0\0\0\0\0\xb3\0\0\0\0\x01\0\0\xa7\x0f\0\0\xb5\0\0\0\x40\x01\0\0\0\
\0\0\0\xb6\0\0\0\xc0\x02\0\0\xaa\x0f\0\0\x4f\0\0\0\x40\x03\0\0\x77\x0b\0\0\x16\
\0\0\0\x80\x03\0\0\xb0\x0f\0\0\x16\0\0\0\xa0\x03\0\0\xb9\x0f\0\0\x1e\0\0\0\xc0\
\x03\0\0\xc1\x0f\0\0\x1e\0\0\0\xd0\x03\0\0\xc9\x0f\0\0\x1e\0\0\0\xe0\x03\0\0\
\xd7\x0f\0\0\xba\0\0\0\xf0\x03\0\0\xe7\x0f\0\0\x19\0\0\0\xf0\x03\0\x01\xee\x0f\
\0\0\x19\0\0\0\xf1\x03\0\x01\xf4\x0f\0\0\x19\0\0\0\xf2\x03\0\x02\xfb\x0f\0\0\
\x19\0\0\0\xf4\x03\0\x01\x02\x10\0\0\x19\0\0\0\xf5\x03\0\x01\x0c\x10\0\0\x19\0\
\0\0\xf6\x03\0\x01\x17\x10\0\0\x19\0\0\0\xf7\x03\0\x01\x22\x10\0\0\x19\0\0\0\
\xf8\x03\0\0\x34\x10\0\0\xbb\0\0\0\0\x04\0\0\x42\x10\0\0\xba\0\0\0\0\x04\0\0\
\x54\x10\0\0\x19\0\0\0\0\x04\0\x03\x5d\x10\0\0\x19\0\0\0\x03\x04\0\x01\x67\x10\
\0\0\x19\0\0\0\x04\x04\0\x01\x70\x10\0\0\x19\0\0\0\x05\x04\0\x02\x7a\x10\0\0\
\x19\0\0\0\x07\x04\0\x01\x83\x10\0\0\x19\0\0\0\x08\x04\0\x01\x8b\x10\0\0\x19\0\
\0\0\x09\x04\0\x01\x93\x10\0\0\x19\0\0\0\x0a\x04\0\x01\xa4\x10\0\0\x19\0\0\0\
\x0b\x04\0\x01\xaf\x10\0\0\x19\0\0\0\x0c\x04\0\x01\xb6\x10\0\0\x19\0\0\0\x0d\
\x04\0\x01\xc4\x10\0\0\x19\0\0\0\x0e\x04\0\x01\xd3\x10\0\0\x19\0\0\0\x0f\x04\0\
\x01\xde\x10\0\0\xba\0\0\0\x10\x04\0\0\xf8\x10\0\0\x19\0\0\0\x10\x04\0\x01\x05\
\x11\0\0\x19\0\0\0\x11\x04\0\x01\x16\x11\0\0\x19\0\0\0\x12\x04\0\x02\x21\x11\0\
\0\x19\0\0\0\x14\x04\0\x01\x2f\x11\0\0\x19\0\0\0\x15\x04\0\x01\x43\x11\0\0\x19\
\0\0\0\x16\x04\0\x02\x52\x11\0\0\x19\0\0\0\x18\x04\0\x01\x60\x11\0\0\x19\0\0\0\
\x19\x04\0\x01\x74\x11\0\0\x19\0\0\0\x1a\x04\0\x01\x84\x11\0\0\x19\0\0\0\x1b\
\x04\0\x01\x95\x11\0\0\x19\0\0\0\x1c\x04\0\x01\xa3\x11\0\0\x19\0\0\0\x1d\x04\0\
\x01\xae\x11\0\0\x19\0\0\0\x1e\x04\0\x01\xb7\x11\0\0\x19\0\0\0\x1f\x04\0\x01\
\xc4\x11\0\0\x1e\0\0\0\x20\x04\0\0\0\0\0\0\xbc\0\0\0\x40\x04\0\0\xc1\x0b\0\0\
\x15\0\0\0\x60\x04\0\0\xcd\x11\0\0\x02\0\0\0\x80\x04\0\0\xd5\x11\0\0\x15\0\0\0\
\xa0\x04\0\0\xda\x11\0\0\x3a\0\0\0\xc0\x04\0\0\xe5\x11\0\0\x1e\0\0\0\xd0\x04\0\
\0\0\0\0\0\xbf\0\0\0\xe0\x04\0\0\xee\x11\0\0\x15\0\0\0\0\x05\0\0\0\0\0\0\xc0\0\
\0\0\x20\x05\0\0\0\0\0\0\xc1\0\0\0\x40\x05\0\0\xf6\x11\0\0\x1e\0\0\0\x50\x05\0\
\0\x0d\x12\0\0\x1e\0\0\0\x60\x05\0\0\x22\x12\0\0\x1e\0\0\0\x70\x05\0\0\x6b\0\0\
\0\x3a\0\0\0\x80\x05\0\0\x33\x12\0\0\x1e\0\0\0\x90\x05\0\0\x44\x12\0\0\x1e\0\0\
\0\xa0\x05\0\0\x53\x12\0\0\x1e\0\0\0\xb0\x05\0\0\x5e\x12\0\0\xbb\0\0\0\xc0\x05\
\0\0\x1a\x0b\0\0\xc2\0\0\0\xc0\x05\0\0\x6a\x12\0\0\xc2\0\0\0\xe0\x05\0\0\x46\
\x0b\0\0\xc3\0\0\0\0\x06\0\0\x6e\x12\0\0\xc3\0\0\0\x40\x06\0\0\x73\x12\0\0\x16\
\0\0\0\x80\x06\0\0\x7c\x12\0\0\x57\0\0\0\xa0\x06\0\0\x82\x12\0\0\xc4\0\0\0\xc0\
\x06\0\0\0\0\0\0\x03\0\0\x05\x18\0\0\0\0\0\0\0\xae\0\0\0\0\0\0\0\x8d\x12\0\0\
\xb1\0\0\0\0\0\0\0\x94\x12\0\0\x69\0\0\0\0\0\0\0\0\0\0\0\x03\0\0\x04\x18\0\0\0\
\x48\x09\0\0\x6c\0\0\0\0\0\0\0\x55\x0b\0\0\x6c\0\0\0\x40\0\0\0\0\0\0\0\xaf\0\0\
\0\x80\0\0\0\0\0\0\0\x02\0\0\x05\x08\0\0\0\x99\x12\0\0\xb0\0\0\0\0\0\0\0\x9d\
\x12\0\0\x4f\0\0\0\0\0\0\0\0\0\0\0\0\0\0\x02\x46\x02\0\0\x15\x0f\0\0\x03\0\0\
\x04\x18\0\0\0\xa9\x12\0\0\x4f\0\0\0\0\0\0\0\xbb\x12\0\0\x93\0\0\0\x40\0\0\0\
\xc4\x12\0\0\x93\0\0\0\x80\0\0\0\0\0\0\0\x02\0\0\x05\x08\0\0\0\xcc\x12\0\0\x2c\
\0\0\0\0\0\0\0\xcf\x12\0\0\x02\0\0\0\0\0\0\0\0\0\0\0\x02\0\0\x05\x08\0\0\0\xe0\
\x12\0\0\xa1\0\0\0\0\0\0\0\xe7\x12\0\0\x99\0\0\0\0\0\0\0\xf5\x12\0\0\0\0\0\x01\
\x01\0\0\0\x08\0\0\x01\0\0\0\0\0\0\0\x03\0\0\0\0\xb4\0\0\0\x04\0\0\0\x30\0\0\0\
\0\0\0\0\x03\0\0\x05\x10\0\0\0\0\0\0\0\xb7\0\0\0\0\0\0\0\xfa\x12\0\0\x69\0\0\0\
\0\0\0\0\x0d\x13\0\0\x4f\0\0\0\0\0\0\0\0\0\0\0\x02\0\0\x04\x10\0\0\0\x17\x13\0\
\0\x4f\0\0\0\0\0\0\0\x23\x13\0\0\xb8\0\0\0\x40\0\0\0\0\0\0\0\0\0\0\x02\xb9\0\0\
\0\0\0\0\0\x01\0\0\x0d\0\0\0\0\0\0\0\0\x6c\0\0\0\0\0\0\0\0\0\0\x03\0\0\0\0\x19\
\0\0\0\x04\0\0\0\0\0\0\0\0\0\0\0\0\0\0\x03\0\0\0\0\x15\0\0\0\x04\0\0\0\0\0\0\0\
\0\0\0\0\x02\0\0\x05\x04\0\0\0\x2e\x13\0\0\xbd\0\0\0\0\0\0\0\0\0\0\0\xbe\0\0\0\
\0\0\0\0\x33\x13\0\0\0\0\0\x08\x15\0\0\0\0\0\0\0\x02\0\0\x04\x04\0\0\0\x3a\x13\
\0\0\x1e\0\0\0\0\0\0\0\x45\x13\0\0\x1e\0\0\0\x10\0\0\0\0\0\0\0\x02\0\0\x05\x04\
\0\0\0\x51\x13\0\0\x16\0\0\0\0\0\0\0\x59\x13\0\0\x16\0\0\0\0\0\0\0\0\0\0\0\x02\
\0\0\x05\x04\0\0\0\xd6\x0b\0\0\x15\0\0\0\0\0\0\0\x64\x13\0\0\x15\0\0\0\0\0\0\0\
\0\0\0\0\x02\0\0\x05\x02\0\0\0\x76\x13\0\0\x3a\0\0\0\0\0\0\0\x85\x13\0\0\x19\0\
\0\0\0\0\0\0\x93\x13\0\0\0\0\0\x08\x16\0\0\0\0\0\0\0\0\0\0\x02\x1a\0\0\0\0\0\0\
\0\0\0\0\x02\x60\x02\0\0\0\0\0\0\0\0\0\x02\x57\x02\0\0\0\0\0\0\0\0\0\x02\x51\
\x02\0\0\0\0\0\0\0\0\0\x02\xc8\0\0\0\xa2\x13\0\0\x02\0\0\x04\xf4\0\0\0\xb2\x13\
\0\0\x17\0\0\0\0\0\0\0\x94\x12\0\0\xc9\0\0\0\x20\0\0\0\0\0\0\0\0\0\0\x03\0\0\0\
\0\x0f\0\0\0\x04\0\0\0\x05\0\0\0\0\0\0\0\x04\0\0\x04\x20\0\0\0\x19\0\0\0\x09\0\
\0\0\0\0\0\0\x1e\0\0\0\x29\0\0\0\x40\0\0\0\x9c\x02\0\0\x2b\0\0\0\x80\0\0\0\xa0\
\x02\0\0\xc7\0\0\0\xc0\0\0\0\xbe\x13\0\0\0\0\0\x0e\xca\0\0\0\x01\0\0\0\0\0\0\0\
\0\0\0\x02\xcd\0\0\0\0\0\0\0\0\0\0\x03\0\0\0\0\x02\0\0\0\x04\0\0\0\0\x04\0\0\0\
\0\0\0\0\0\0\x02\xa2\0\0\0\xd4\x13\0\0\x07\0\0\x04\x80\0\0\0\xdb\x13\0\0\xd0\0\
\0\0\0\0\0\0\x19\0\0\0\xd2\0\0\0\x20\0\0\0\x0f\x0c\0\0\x4f\0\0\0\x40\0\0\0\xe1\
\x13\0\0\xd3\0\0\0\x80\0\0\0\xcc\x12\0\0\x2c\0\0\0\xc0\0\0\0\xe6\x13\0\0\xd4\0\
\0\0\0\x01\0\0\xab\x0a\0\0\xd6\0\0\0\0\x02\0\0\xea\x13\0\0\0\0\0\x08\xd1\0\0\0\
\0\0\0\0\x05\0\0\x06\x04\0\0\0\xf7\x13\0\0\0\0\0\0\xff\x13\0\0\x01\0\0\0\x0e\
\x14\0\0\x02\0\0\0\x1c\x14\0\0\x03\0\0\0\x29\x14\0\0\x04\0\0\0\x3a\x14\0\0\0\0\
\0\x01\x02\0\0\0\x10\0\0\x01\0\0\0\0\0\0\0\x02\xef\x01\0\0\0\0\0\0\0\0\0\x02\
\xd5\0\0\0\0\0\0\0\0\0\0\x0a\x86\x02\0\0\x40\x14\0\0\x04\0\0\x04\x40\0\0\0\x4a\
\x14\0\0\x67\0\0\0\0\0\0\0\x4f\x14\0\0\xd7\0\0\0\xc0\0\0\0\x0f\x0c\0\0\x4f\0\0\
\0\0\x01\0\0\x42\x0c\0\0\x8b\0\0\0\x40\x01\0\0\0\0\0\0\0\0\0\x02\x44\x02\0\0\0\
\0\0\0\0\0\0\x02\xd9\0\0\0\x5b\x14\0\0\x02\0\0\x04\x40\x02\0\0\x7a\x14\0\0\xda\
\0\0\0\0\0\0\0\x0f\x02\0\0\x25\0\0\0\xc0\x11\0\0\x81\x14\0\0\x04\0\0\x04\x38\
\x02\0\0\x95\x14\0\0\x02\0\0\0\0\0\0\0\x64\0\0\0\x10\0\0\0\x20\0\0\0\x6b\0\0\0\
\x11\0\0\0\x40\0\0\0\x9c\x14\0\0\xdb\0\0\0\x80\0\0\0\xa4\x14\0\0\x08\0\0\x04\
\x28\x02\0\0\xbb\x14\0\0\x13\0\0\0\0\0\0\0\xbf\x14\0\0\x13\0\0\0\x20\0\0\0\xc4\
\x14\0\0\xdc\0\0\0\x40\0\0\0\xcf\x14\0\0\xdc\0\0\0\x80\0\0\0\xe1\x14\0\0\xde\0\
\0\0\xc0\0\0\0\xed\x14\0\0\x13\0\0\0\xc0\x10\0\0\xfd\x14\0\0\x13\0\0\0\xe0\x10\
\0\0\x01\x15\0\0\x13\0\0\0\0\x11\0\0\x05\x15\0\0\0\0\0\x08\xdd\0\0\0\x0f\x15\0\
\0\0\0\0\x08\x99\0\0\0\0\0\0\0\0\0\0\x03\0\0\0\0\xb4\0\0\0\x04\0\0\0\0\x02\0\0\
\0\0\0\0\x04\0\0\x04\x20\0\0\0\x19\0\0\0\x09\0\0\0\0\0\0\0\x1e\0\0\0\xcc\0\0\0\
\x40\0\0\0\x9c\x02\0\0\xce\0\0\0\x80\0\0\0\xa0\x02\0\0\xd8\0\0\0\xc0\0\0\0\x18\
\x15\0\0\0\0\0\x0e\xdf\0\0\0\x01\0\0\0\0\0\0\0\0\0\0\x02\xe2\0\0\0\0\0\0\0\0\0\
\0\x03\0\0\0\0\x02\0\0\0\x04\0\0\0\x06\0\0\0\0\0\0\0\0\0\0\x02\xe4\0\0\0\0\0\0\
\0\0\0\0\x03\0\0\0\0\x02\0\0\0\x04\0\0\0\x04\0\0\0\0\0\0\0\0\0\0\x02\xe6\0\0\0\
\0\0\0\0\0\0\0\x03\0\0\0\0\x02\0\0\0\x04\0\0\0\x40\x02\0\0\0\0\0\0\0\0\0\x02\
\xe8\0\0\0\0\0\0\0\0\0\0\x03\0\0\0\0\x02\0\0\0\x04\0\0\0\x01\0\0\0\0\0\0\0\x04\
\0\0\x04\x20\0\0\0\x19\0\0\0\xe1\0\0\0\0\0\0\0\x24\x15\0\0\xe3\0\0\0\x40\0\0\0\
\x2d\x15\0\0\xe5\0\0\0\x80\0\0\0\x1e\0\0\0\xe7\0\0\0\xc0\0\0\0\x38\x15\0\0\0\0\
\0\x0e\xe9\0\0\0\x01\0\0\0\0\0\0\0\0\0\0\x02\x32\0\0\0\0\0\0\0\x01\0\0\x0d\x02\
\0\0\0\x55\x15\0\0\xeb\0\0\0\x59\x15\0\0\x01\0\0\x0c\xec\0\0\0\xd7\x16\0\0\xce\
\0\0\x84\x40\x0f\0\0\xe3\x16\0\0\xef\0\0\0\0\0\0\0\xef\x16\0\0\x16\0\0\0\xc0\
\x01\0\0\xf7\x16\0\0\xa3\0\0\0\0\x02\0\0\xfd\x16\0\0\x57\0\0\0\x40\x02\0\0\x0f\
\x0c\0\0\x16\0\0\0\x60\x02\0\0\x03\x17\0\0\x16\0\0\0\x80\x02\0\0\x0a\x17\0\0\
\x02\0\0\0\xa0\x02\0\0\x11\x17\0\0\xf4\0\0\0\xc0\x02\0\0\x1c\x17\0\0\x16\0\0\0\
\x40\x03\0\0\x20\x17\0\0\x16\0\0\0\x60\x03\0\0\x2c\x17\0\0\x4f\0\0\0\x80\x03\0\
\0\x40\x17\0\0\xf8\0\0\0\xc0\x03\0\0\x4b\x17\0\0\x02\0\0\0\0\x04\0\0\x5b\x17\0\
\0\x02\0\0\0\x20\x04\0\0\x64\x17\0\0\x02\0\0\0\x40\x04\0\0\x6a\x17\0\0\x02\0\0\
\0\x60\x04\0\0\x6f\x17\0\0\x02\0\0\0\x80\x04\0\0\x7b\x17\0\0\x02\0\0\0\xa0\x04\
\0\0\x87\x17\0\0\x16\0\0\0\xc0\x04\0\0\x93\x17\0\0\xf9\0\0\0\0\x05\0\0\x9f\x17\
\0\0\xfb\0\0\0\0\x06\0\0\xa2\x17\0\0\x02\x01\0\0\0\x16\0\0\xa5\x17\0\0\x04\x01\
\0\0\x80\x17\0\0\xa8\x17\0\0\x0d\x01\0\0\x80\x1e\0\0\xb9\x17\0\0\x0f\x01\0\0\
\xc0\x1e\0\0\xc4\x17\0\0\x0f\x01\0\0\0\x1f\0\0\xcb\x17\0\0\x02\0\0\0\x40\x1f\0\
\0\xe2\x17\0\0\x16\0\0\0\x60\x1f\0\0\xed\x17\0\0\x16\0\0\0\x80\x1f\0\0\xf4\x17\
\0\0\x02\0\0\0\xa0\x1f\0\0\x04\x18\0\0\x10\x01\0\0\xc0\x1f\0\0\x0d\x18\0\0\x13\
\x01\0\0\0\x20\0\0\x1b\x18\0\0\x12\x01\0\0\x40\x20\0\0\x25\x18\0\0\xa3\0\0\0\
\x80\x20\0\0\x37\x18\0\0\x1f\0\0\0\xc0\x20\0\0\x4a\x18\0\0\x1f\0\0\0\xd0\x20\0\
\0\x5a\x18\0\0\x02\0\0\0\xe0\x20\0\0\x70\x18\0\0\x16\x01\0\0\0\x21\0\0\x88\x18\
\0\0\x69\0\0\0\x40\x21\0\0\x97\x18\0\0\x18\x01\0\0\xc0\x21\0\0\xa8\x18\0\0\x4f\
\0\0\0\0\x22\0\0\xb8\x18\0\0\x18\0\0\0\x40\x22\0\0\xca\x18\0\0\x18\0\0\0\x48\
\x22\0\0\xd8\x18\0\0\x02\0\0\0\x60\x22\0\0\xeb\x18\0\0\x69\0\0\0\x80\x22\0\0\
\x02\x19\0\0\x02\0\0\0\0\x23\0\0\x15\x19\0\0\x02\0\0\0\x20\x23\0\0\x24\x19\0\0\
\x16\x01\0\0\x40\x23\0\0\x37\x19\0\0\x25\0\0\0\x60\x23\0\0\x4a\x19\0\0\x69\0\0\
\0\x80\x23\0\0\x5b\x19\0\0\x19\x01\0\0\0\x24\0\0\x66\x19\0\0\x69\0\0\0\0\x25\0\
\0\x6c\x19\0\0\x1a\x01\0\0\x80\x25\0\0\x7b\x19\0\0\xb1\0\0\0\xc0\x26\0\0\x8d\
\x19\0\0\x1b\x01\0\0\x80\x27\0\0\x90\x19\0\0\x1b\x01\0\0\xc0\x27\0\0\x9a\x19\0\
\0\x1c\x01\0\0\0\x28\0\0\xa3\x19\0\0\x2d\x01\0\0\x40\x29\0\0\xac\x19\0\0\x02\0\
\0\0\xe0\x29\0\0\xb7\x19\0\0\x02\0\0\0\0\x2a\0\0\xc1\x19\0\0\x02\0\0\0\x20\x2a\
\0\0\xcd\x19\0\0\x02\0\0\0\x40\x2a\0\0\xdb\x19\0\0\x4f\0\0\0\x80\x2a\0\0\xe2\
\x19\0\0\x16\0\0\0\xc0\x2a\0\0\xee\x19\0\0\x16\0\0\0\xe0\x2a\0\x01\x02\x1a\0\0\
\x16\0\0\0\xe1\x2a\0\x01\x1c\x1a\0\0\x16\0\0\0\xe2\x2a\0\x01\x2b\x1a\0\0\x16\0\
\0\0\xe3\x2a\0\x01\x42\x1a\0\0\x16\0\0\0\0\x2b\0\x01\x56\x1a\0\0\x16\0\0\0\x01\
\x2b\0\x01\x60\x1a\0\0\x16\0\0\0\x02\x2b\0\x01\x6a\x1a\0\0\x16\0\0\0\x03\x2b\0\
\x01\x77\x1a\0\0\x16\0\0\0\x04\x2b\0\x01\x8b\x1a\0\0\x16\0\0\0\x05\x2b\0\x01\
\x92\x1a\0\0\x16\0\0\0\x06\x2b\0\x01\x9f\x1a\0\0\x16\0\0\0\x07\x2b\0\x01\xab\
\x1a\0\0\x16\0\0\0\x08\x2b\0\x01\xb6\x1a\0\0\x4f\0\0\0\x40\x2b\0\0\xc3\x1a\0\0\
\x2e\x01\0\0\x80\x2b\0\0\xbb\x14\0\0\x3e\x01\0\0\x40\x2d\0\0\xd1\x1a\0\0\x3e\
\x01\0\0\x60\x2d\0\0\xd6\x1a\0\0\x4f\0\0\0\x80\x2d\0\0\xe3\x1a\0\0\xf8\0\0\0\
\xc0\x2d\0\0\xef\x1a\0\0\xf8\0\0\0\0\x2e\0\0\xf6\x1a\0\0\x69\0\0\0\x40\x2e\0\0\
\xff\x1a\0\0\x69\0\0\0\xc0\x2e\0\0\x07\x1b\0\0\xf8\0\0\0\x40\x2f\0\0\x14\x1b\0\
\0\x69\0\0\0\x80\x2f\0\0\x1c\x1b\0\0\x69\0\0\0\0\x30\0\0\x29\x1b\0\0\x9e\0\0\0\
\x80\x30\0\0\x34\x1b\0\0\x40\x01\0\0\xc0\x30\0\0\x3e\x1b\0\0\x69\0\0\0\xc0\x32\
\0\0\x4b\x1b\0\0\x69\0\0\0\x40\x33\0\0\x57\x1b\0\0\x41\x01\0\0\xc0\x33\0\0\x62\
\x1b\0\0\x42\x01\0\0\0\x34\0\0\x70\x1b\0\0\x42\x01\0\0\x40\x34\0\0\x80\x1b\0\0\
\xa3\0\0\0\x80\x34\0\0\x8d\x1b\0\0\x99\0\0\0\xc0\x34\0\0\x93\x1b\0\0\x99\0\0\0\
\0\x35\0\0\x99\x1b\0\0\x99\0\0\0\x40\x35\0\0\x9f\x1b\0\0\x43\x01\0\0\x80\x35\0\
\0\xac\x1b\0\0\x4f\0\0\0\x40\x36\0\0\xb2\x1b\0\0\x4f\0\0\0\x80\x36\0\0\xc4\x14\
\0\0\x99\0\0\0\xc0\x36\0\0\xb9\x1b\0\0\x99\0\0\0\0\x37\0\0\xc8\x1b\0\0\x4f\0\0\
\0\x40\x37\0\0\xd0\x1b\0\0\x4f\0\0\0\x80\x37\0\0\xd8\x1b\0\0\x45\x01\0\0\xc0\
\x37\0\0\xe8\x1b\0\0\x9f\0\0\0\x40\x3a\0\0\xf5\x1b\0\0\x9f\0\0\0\x80\x3a\0\0\
\xff\x1b\0\0\x9f\0\0\0\xc0\x3a\0\0\x04\x1c\0\0\x52\x01\0\0\0\x3b\0\0\x19\x1c\0\
\0\x58\x01\0\0\x40\x3b\0\0\x1e\x1c\0\0\x59\x01\0\0\xc0\x3b\0\0\x28\x1c\0\0\x5a\
\x01\0\0\0\x3c\0\0\x30\x1c\0\0\x5c\x01\0\0\x40\x3c\0\0\x38\x1c\0\0\x4f\0\0\0\
\xc0\x3c\0\0\x4a\x1c\0\0\x4f\0\0\0\0\x3d\0\0\x5b\x1c\0\0\x5d\x01\0\0\x40\x3d\0\
\0\x5e\x1c\0\0\x5e\x01\0\0\x80\x3d\0\0\x64\x1c\0\0\x5f\x01\0\0\xc0\x3d\0\0\x6c\
\x1c\0\0\x60\x01\0\0\0\x3e\0\0\x73\x1c\0\0\x61\x01\0\0\x40\x3e\0\0\x7b\x1c\0\0\
\x62\x01\0\0\x80\x3e\0\0\x83\x1c\0\0\x62\x01\0\0\xc0\x3e\0\0\x90\x1c\0\0\x62\
\x01\0\0\0\x3f\0\0\x03\x0b\0\0\x64\x01\0\0\x40\x3f\0\0\x9e\x1c\0\0\x4f\0\0\0\0\
\x40\0\0\xa8\x1c\0\0\x65\x01\0\0\x40\x40\0\0\xb4\x1c\0\0\x16\0\0\0\x80\x40\0\0\
\xc1\x1c\0\0\x8c\0\0\0\xc0\x40\0\0\xcc\x1c\0\0\x68\x01\0\0\0\x41\0\0\xda\x1c\0\
\0\x9b\0\0\0\x40\x41\0\0\xe3\x1c\0\0\x16\0\0\0\x60\x41\0\0\xed\x1c\0\0\x69\x01\
\0\0\x80\x41\0\0\xf5\x1c\0\0\x6b\x01\0\0\0\x42\0\0\x06\x1d\0\0\x99\0\0\0\0\x42\
\0\0\x15\x1d\0\0\x99\0\0\0\x40\x42\0\0\x22\x1d\0\0\x5e\0\0\0\x80\x42\0\0\x2d\
\x1d\0\0\x44\x01\0\0\xa0\x42\0\0\x35\x1d\0\0\x6c\x01\0\0\xc0\x42\0\0\x3c\x1d\0\
\0\x48\x01\0\0\0\x43\0\0\x47\x1d\0\0\xf8\0\0\0\x80\x43\0\0\x53\x1d\0\0\x6e\x01\
\0\0\xc0\x43\0\0\x61\x1d\0\0\xa3\0\0\0\0\x44\0\0\x6e\x1d\0\0\x6f\x01\0\0\x40\
\x44\0\0\x77\x1d\0\0\x70\x01\0\0\x80\x44\0\0\x7c\x1d\0\0\x71\x01\0\0\xc0\x44\0\
\0\x8a\x1d\0\0\x72\x01\0\0\0\x45\0\0\x9b\x1d\0\0\x73\x01\0\0\x40\x45\0\0\xa6\
\x1d\0\0\x74\x01\0\0\x80\x45\0\0\xb6\x1d\0\0\x4f\0\0\0\xc0\x45\0\0\xc5\x1d\0\0\
\x75\x01\0\0\0\x46\0\0\xd2\x1d\0\0\x77\x01\0\0\x40\x46\0\0\xd7\x1d\0\0\x16\0\0\
\0\x40\x48\0\0\xe1\x1d\0\0\x99\0\0\0\x80\x48\0\0\xef\x1d\0\0\x99\0\0\0\xc0\x48\
\0\0\xfc\x1d\0\0\x99\0\0\0\0\x49\0\0\x09\x1e\0\0\x78\x01\0\0\x40\x49\0\0\x16\
\x1e\0\0\x7a\x01\0\0\x80\x49\0\0\x27\x1e\0\0\x02\0\0\0\xa0\x49\0\0\x3f\x1e\0\0\
\x02\0\0\0\xc0\x49\0\0\x58\x1e\0\0\x7e\x01\0\0\0\x4a\0\0\x60\x1e\0\0\x69\0\0\0\
\x40\x4a\0\0\x68\x1e\0\0\x7f\x01\0\0\xc0\x4a\0\0\x74\x1e\0\0\x80\x01\0\0\0\x4b\
\0\0\x87\x1e\0\0\x69\0\0\0\x40\x4b\0\0\x95\x1e\0\0\x81\x01\0\0\xc0\x4b\0\0\xa4\
\x1e\0\0\x82\x01\0\0\0\x4c\0\0\xb5\x1e\0\0\x16\0\0\0\0\x4d\0\0\xc1\x1e\0\0\x8a\
\x01\0\0\x40\x4d\0\0\xd1\x1e\0\0\x82\x01\0\0\xc0\x4d\0\0\xe2\x1e\0\0\x69\0\0\0\
\xc0\x4e\0\0\xf2\x1e\0\0\x8b\x01\0\0\x40\x4f\0\0\xf7\x1e\0\0\x14\0\0\0\x80\x4f\
\0\0\0\x1f\0\0\x4f\0\0\0\xc0\x4f\0\0\x10\x1f\0\0\x8c\x01\0\0\0\x50\0\0\0\0\0\0\
\x8d\x01\0\0\0\x50\0\0\x18\x1f\0\0\x8e\x01\0\0\x80\x50\0\0\x24\x1f\0\0\x96\0\0\
\0\xc0\x50\0\0\x2e\x1f\0\0\x02\0\0\0\x40\x51\0\0\x39\x1f\0\0\x02\0\0\0\x60\x51\
\0\0\x4a\x1f\0\0\x4f\0\0\0\x80\x51\0\0\x5c\x1f\0\0\x99\0\0\0\xc0\x51\0\0\x6b\
\x1f\0\0\x99\0\0\0\0\x52\0\0\x82\x1f\0\0\x02\0\0\0\x40\x52\0\0\x91\x1f\0\0\x02\
\0\0\0\x60\x52\0\0\xa0\x1f\0\0\x8f\x01\0\0\x80\x52\0\0\xaa\x1f\0\0\x32\0\0\0\
\xc0\x52\0\0\xbb\x1f\0\0\x59\0\0\0\0\x53\0\0\xc9\x1f\0\0\x59\0\0\0\x20\x53\0\0\
\xdd\x1f\0\0\x4f\0\0\0\x40\x53\0\0\xe3\x1f\0\0\x4f\0\0\0\x80\x53\0\0\xf3\x1f\0\
\0\x90\x01\0\0\xc0\x53\0\0\x02\x20\0\0\x91\x01\0\0\0\x54\0\0\x08\x20\0\0\x92\
\x01\0\0\x40\x54\0\0\x12\x20\0\0\x02\0\0\0\x40\x54\0\0\x25\x20\0\0\xf8\0\0\0\
\x80\x54\0\0\x35\x20\0\0\x7a\0\0\0\xc0\x54\0\0\x46\x20\0\0\x93\x01\0\0\0\x56\0\
\0\x54\x20\0\0\x57\0\0\0\x40\x56\0\0\x1d\x0c\0\0\xa3\0\0\0\x80\x56\0\0\x63\x20\
\0\0\xc6\0\0\0\xc0\x56\0\0\x6f\x20\0\0\x94\x01\0\0\0\x57\0\0\x77\x20\0\0\x95\
\x01\0\0\x40\x57\0\0\x8b\x20\0\0\x96\x01\0\0\x80\x57\0\0\xe3\x16\0\0\x07\0\0\
\x04\x38\0\0\0\x0f\x0c\0\0\x4f\0\0\0\0\0\0\0\x92\x20\0\0\x99\0\0\0\x40\0\0\0\0\
\0\0\0\xf0\0\0\0\x80\0\0\0\x98\x20\0\0\x16\0\0\0\xc0\0\0\0\xa4\x20\0\0\xf2\0\0\
\0\0\x01\0\0\xb3\x20\0\0\x16\0\0\0\x40\x01\0\0\xc6\x20\0\0\xf2\0\0\0\x80\x01\0\
\0\0\0\0\0\x02\0\0\x05\x08\0\0\0\xdc\x20\0\0\x99\0\0\0\0\0\0\0\xea\x20\0\0\xf1\
\0\0\0\0\0\0\0\0\0\0\0\x02\0\0\x04\x08\0\0\0\xf2\x20\0\0\x14\0\0\0\0\0\0\0\xf8\
\x20\0\0\x14\0\0\0\x20\0\0\0\0\0\0\0\0\0\0\x02\xf3\0\0\0\0\0\0\0\0\0\0\x0a\0\0\
\0\0\x05\x21\0\0\x04\0\0\x04\x10\0\0\0\x18\x21\0\0\xf5\0\0\0\0\0\0\0\0\0\0\0\
\xf7\0\0\0\x40\0\0\0\x1e\x21\0\0\x1d\0\0\0\x60\0\0\0\x22\x21\0\0\x1d\0\0\0\x70\
\0\0\0\x26\x21\0\0\x01\0\0\x04\x08\0\0\0\x48\x09\0\0\xf6\0\0\0\0\0\0\0\0\0\0\0\
\0\0\0\x02\xf5\0\0\0\0\0\0\0\x02\0\0\x05\x04\0\0\0\x31\x21\0\0\x16\0\0\0\0\0\0\
\0\x39\x21\0\0\x59\0\0\0\0\0\0\0\0\0\0\0\0\0\0\x02\xee\0\0\0\0\0\0\0\0\0\0\x02\
\xfa\0\0\0\0\0\0\0\0\0\0\x0a\x37\x02\0\0\x41\x21\0\0\x10\0\0\x04\0\x02\0\0\x4e\
\x21\0\0\xfc\0\0\0\0\0\0\0\x53\x21\0\0\xb1\0\0\0\x80\0\0\0\x5c\x21\0\0\x69\0\0\
\0\x40\x01\0\0\x64\x17\0\0\x16\0\0\0\xc0\x01\0\0\x67\x21\0\0\x99\0\0\0\0\x02\0\
\0\x72\x21\0\0\x99\0\0\0\x40\x02\0\0\x83\x21\0\0\x99\0\0\0\x80\x02\0\0\x8c\x21\
\0\0\x99\0\0\0\xc0\x02\0\0\xa2\x21\0\0\x99\0\0\0\0\x03\0\0\xb0\x21\0\0\xfd\0\0\
\0\x40\x03\0\0\xbb\x21\0\0\x02\0\0\0\0\x0a\0\0\xef\x1a\0\0\xfe\0\0\0\x40\x0a\0\
\0\xc1\x21\0\0\xff\0\0\0\x80\x0a\0\0\xc8\x21\0\0\xff\0\0\0\xc0\x0a\0\0\xcd\x21\
\0\0\x4f\0\0\0\0\x0b\0\0\xdd\x21\0\0\0\x01\0\0\0\x0c\0\0\xe1\x21\0\0\x02\0\0\
\x04\x10\0\0\0\xed\x21\0\0\x4f\0\0\0\0\0\0\0\xf4\x21\0\0\x14\0\0\0\x40\0\0\0\
\xff\x21\0\0\x1b\0\0\x04\xd8\0\0\0\x10\x22\0\0\x99\0\0\0\0\0\0\0\x1b\x22\0\0\
\x99\0\0\0\x40\0\0\0\x24\x22\0\0\x99\0\0\0\x80\0\0\0\x2f\x22\0\0\x99\0\0\0\xc0\
\0\0\0\x38\x22\0\0\x99\0\0\0\0\x01\0\0\x45\x22\0\0\x99\0\0\0\x40\x01\0\0\x50\
\x22\0\0\x99\0\0\0\x80\x01\0\0\x5c\x22\0\0\x99\0\0\0\xc0\x01\0\0\x66\x22\0\0\
\x4b\0\0\0\0\x02\0\0\x78\x22\0\0\x99\0\0\0\x40\x02\0\0\x84\x22\0\0\x99\0\0\0\
\x80\x02\0\0\x8e\x22\0\0\x99\0\0\0\xc0\x02\0\0\x97\x22\0\0\x99\0\0\0\0\x03\0\0\
\xa1\x22\0\0\x99\0\0\0\x40\x03\0\0\xb4\x22\0\0\x99\0\0\0\x80\x03\0\0\xd0\x22\0\
\0\x99\0\0\0\xc0\x03\0\0\xed\x22\0\0\x99\0\0\0\0\x04\0\0\x06\x23\0\0\x99\0\0\0\
\x40\x04\0\0\x1b\x23\0\0\x99\0\0\0\x80\x04\0\0\x26\x23\0\0\x99\0\0\0\xc0\x04\0\
\0\x36\x23\0\0\x99\0\0\0\0\x05\0\0\x49\x23\0\0\x99\0\0\0\x40\x05\0\0\x5a\x23\0\
\0\x99\0\0\0\x80\x05\0\0\x6c\x23\0\0\x99\0\0\0\xc0\x05\0\0\x7e\x23\0\0\x99\0\0\
\0\0\x06\0\0\x99\x23\0\0\x99\0\0\0\x40\x06\0\0\xac\x23\0\0\x99\0\0\0\x80\x06\0\
\0\0\0\0\0\0\0\0\x02\xfb\0\0\0\0\0\0\0\0\0\0\x02\x3a\x02\0\0\xbc\x23\0\0\x0a\0\
\0\x04\x80\0\0\0\xc6\x23\0\0\x99\0\0\0\0\0\0\0\xd7\x23\0\0\x99\0\0\0\x40\0\0\0\
\xe0\x23\0\0\x99\0\0\0\x80\0\0\0\xed\x23\0\0\x14\0\0\0\xc0\0\0\0\xf6\x23\0\0\
\x14\0\0\0\xe0\0\0\0\x05\x24\0\0\x4f\0\0\0\0\x01\0\0\x0e\x24\0\0\x4f\0\0\0\x40\
\x01\0\0\x1b\x24\0\0\x4f\0\0\0\x80\x01\0\0\x24\x24\0\0\x4f\0\0\0\xc0\x01\0\0\
\x2f\x24\0\0\x01\x01\0\0\0\x02\0\0\x2f\x24\0\0\x02\0\0\x04\x08\0\0\0\x38\x24\0\
\0\x16\0\0\0\0\0\0\0\x41\x24\0\0\x16\0\0\0\x20\0\0\0\x46\x24\0\0\x07\0\0\x04\
\x30\0\0\0\x56\x24\0\0\x69\0\0\0\0\0\0\0\x7a\x0e\0\0\x4f\0\0\0\x80\0\0\0\x5f\
\x24\0\0\x4f\0\0\0\xc0\0\0\0\x6e\x24\0\0\x16\0\0\0\0\x01\0\0\x64\x17\0\0\x1f\0\
\0\0\x20\x01\0\0\x79\x24\0\0\x1f\0\0\0\x30\x01\0\0\x81\x24\0\0\x03\x01\0\0\x40\
\x01\0\0\0\0\0\0\0\0\0\x02\x02\x01\0\0\x86\x24\0\0\x10\0\0\x84\xe0\0\0\0\x15\
\x0f\0\0\xb1\0\0\0\0\0\0\0\x96\x24\0\0\x99\0\0\0\xc0\0\0\0\xa1\x24\0\0\x99\0\0\
\0\0\x01\0\0\xad\x24\0\0\x99\0\0\0\x40\x01\0\0\xb7\x24\0\0\x99\0\0\0\x80\x01\0\
\0\xbd\x24\0\0\x99\0\0\0\xc0\x01\0\0\xc8\x24\0\0\x4b\0\0\0\0\x02\0\0\xd0\x24\0\
\0\x99\0\0\0\x40\x02\0\0\x0f\x0c\0\0\x16\0\0\0\x80\x02\0\0\xd9\x24\0\0\x16\0\0\
\0\xa0\x02\0\x01\xe6\x24\0\0\x16\0\0\0\xa1\x02\0\x01\xf1\x24\0\0\x16\0\0\0\xa2\
\x02\0\x01\x03\x25\0\0\x16\0\0\0\xa3\x02\0\x01\x0e\x25\0\0\x05\x01\0\0\xc0\x02\
\0\0\x17\x25\0\0\x05\x01\0\0\xc0\x04\0\0\x26\x25\0\0\x0c\x01\0\0\xc0\x06\0\0\
\x2c\x25\0\0\x08\0\0\x04\x40\0\0\0\x34\x25\0\0\x06\x01\0\0\0\0\0\0\x39\x25\0\0\
\xa1\0\0\0\0\x01\0\0\x9e\x0c\0\0\x07\x01\0\0\x40\x01\0\0\x46\x25\0\0\x0b\x01\0\
\0\x80\x01\0\0\xdb\x13\0\0\x18\0\0\0\xc0\x01\0\0\x4b\x25\0\0\x18\0\0\0\xc8\x01\
\0\0\x52\x25\0\0\x18\0\0\0\xd0\x01\0\0\x5a\x25\0\0\x18\0\0\0\xd8\x01\0\0\x62\
\x25\0\0\x02\0\0\x04\x20\0\0\0\x34\x25\0\0\xb1\0\0\0\0\0\0\0\x96\x0c\0\0\xa1\0\
\0\0\xc0\0\0\0\0\0\0\0\0\0\0\x02\x08\x01\0\0\0\0\0\0\x01\0\0\x0d\x09\x01\0\0\0\
\0\0\0\x0a\x01\0\0\x72\x25\0\0\x02\0\0\x06\x04\0\0\0\x82\x25\0\0\0\0\0\0\x94\
\x25\0\0\x01\0\0\0\0\0\0\0\0\0\0\x02\x05\x01\0\0\0\0\0\0\0\0\0\x02\x4f\x02\0\0\
\0\0\0\0\0\0\0\x02\x04\x01\0\0\0\0\0\0\0\0\0\x02\x3b\x02\0\0\xa4\x25\0\0\x04\0\
\0\x84\x04\0\0\0\xa0\x02\0\0\x16\0\0\0\0\0\0\x0b\xae\x25\0\0\x16\0\0\0\x0b\0\0\
\x03\xb8\x25\0\0\x16\0\0\0\x0e\0\0\x01\xbf\x25\0\0\x16\0\0\0\x0f\0\0\x01\0\0\0\
\0\0\0\0\x03\0\0\0\0\x0e\x01\0\0\x04\0\0\0\x02\0\0\0\0\0\0\0\0\0\0\x02\x11\x01\
\0\0\0\0\0\0\0\0\0\x0a\x12\x01\0\0\xcc\x25\0\0\0\0\0\x08\x14\x01\0\0\0\0\0\0\0\
\0\0\x02\x12\x01\0\0\xd6\x25\0\0\x01\0\0\x04\x08\0\0\0\xde\x25\0\0\x15\x01\0\0\
\0\0\0\0\0\0\0\0\0\0\0\x03\0\0\0\0\x4f\0\0\0\x04\0\0\0\x01\0\0\0\xe3\x25\0\0\
\x02\0\0\x05\x04\0\0\0\xef\x25\0\0\x17\x01\0\0\0\0\0\0\xf1\x25\0\0\x14\0\0\0\0\
\0\0\0\0\0\0\0\x04\0\0\x04\x04\0\0\0\x7b\x1c\0\0\x18\0\0\0\0\0\0\0\xf3\x25\0\0\
\x18\0\0\0\x08\0\0\0\xfb\x25\0\0\x18\0\0\0\x10\0\0\0\x04\x26\0\0\x18\0\0\0\x18\
\0\0\0\0\0\0\0\0\0\0\x02\x58\x02\0\0\x5b\x19\0\0\x04\0\0\x04\x20\0\0\0\x0c\x26\
\0\0\x4f\0\0\0\0\0\0\0\x13\x26\0\0\x32\0\0\0\x40\0\0\0\x1d\x26\0\0\x32\0\0\0\
\x80\0\0\0\x2a\x26\0\0\x32\0\0\0\xc0\0\0\0\x36\x26\0\0\x03\0\0\x04\x28\0\0\0\
\x6a\x17\0\0\x02\0\0\0\0\0\0\0\x41\x26\0\0\x69\0\0\0\x40\0\0\0\x4b\x26\0\0\x69\
\0\0\0\xc0\0\0\0\0\0\0\0\0\0\0\x02\xeb\x01\0\0\x9a\x19\0\0\x02\0\0\x04\x28\0\0\
\0\x55\x26\0\0\x99\0\0\0\0\0\0\0\x5c\x26\0\0\x2c\x01\0\0\x40\0\0\0\0\0\0\0\0\0\
\0\x02\x1e\x01\0\0\x61\x26\0\0\x12\0\0\x04\xc0\0\0\0\x70\x26\0\0\x4f\0\0\0\0\0\
\0\0\x79\x26\0\0\x4f\0\0\0\x40\0\0\0\x80\x26\0\0\x1d\x01\0\0\x80\0\0\0\x88\x26\
\0\0\x1d\x01\0\0\xc0\0\0\0\x90\x26\0\0\xb1\0\0\0\0\x01\0\0\x96\x26\0\0\x4f\0\0\
\0\xc0\x01\0\0\xa5\x26\0\0\x1b\x01\0\0\0\x02\0\0\xab\x26\0\0\x1f\x01\0\0\x40\
\x02\0\0\xb8\x26\0\0\x4f\0\0\0\x80\x02\0\0\0\0\0\0\x22\x01\0\0\xc0\x02\0\0\xc1\
\x26\0\0\x69\0\0\0\xc0\x03\0\0\xd0\x26\0\0\x26\x01\0\0\x40\x04\0\0\xd9\x26\0\0\
\x27\x01\0\0\x80\x04\0\0\xe0\x26\0\0\x4f\0\0\0\xc0\x04\0\0\xe9\x26\0\0\xd3\0\0\
\0\0\x05\0\0\xf1\x26\0\0\xa3\0\0\0\x40\x05\0\0\x01\x27\0\0\x29\x01\0\0\x80\x05\
\0\0\x15\x27\0\0\x2a\x01\0\0\xc0\x05\0\0\x28\x27\0\0\0\0\0\x08\x20\x01\0\0\0\0\
\0\0\x01\0\0\x04\x08\0\0\0\x31\x27\0\0\x21\x01\0\0\0\0\0\0\x38\x27\0\0\0\0\0\
\x08\x99\0\0\0\0\0\0\0\x02\0\0\x05\x20\0\0\0\x41\x27\0\0\x23\x01\0\0\0\0\0\0\
\x48\x27\0\0\x24\x01\0\0\0\0\0\0\0\0\0\0\x02\0\0\x04\x20\0\0\0\x2a\0\0\0\xb1\0\
\0\0\0\0\0\0\x52\x27\0\0\x4f\0\0\0\xc0\0\0\0\0\0\0\0\0\0\0\x02\x25\x01\0\0\0\0\
\0\0\0\0\0\x0a\xb4\0\0\0\0\0\0\0\0\0\0\x02\x72\x02\0\0\0\0\0\0\0\0\0\x02\x28\
\x01\0\0\0\0\0\0\0\0\0\x0a\x39\x02\0\0\x62\x27\0\0\0\0\0\x08\x49\0\0\0\x15\x27\
\0\0\x01\0\0\x04\x08\0\0\0\x55\x15\0\0\x2b\x01\0\0\0\0\0\0\0\0\0\0\0\0\0\x02\
\x73\x02\0\0\0\0\0\0\0\0\0\x03\0\0\0\0\x1d\x01\0\0\x04\0\0\0\x04\0\0\0\x70\x27\
\0\0\x02\0\0\x04\x14\0\0\0\x7e\x27\0\0\x02\0\0\0\0\0\0\0\xf2\x20\0\0\xe4\0\0\0\
\x20\0\0\0\xc3\x1a\0\0\x03\0\0\x04\x38\0\0\0\x85\x27\0\0\x4f\0\0\0\0\0\0\0\x8f\
\x27\0\0\x2f\x01\0\0\x40\0\0\0\0\0\0\0\x32\x01\0\0\x80\0\0\0\0\0\0\0\0\0\0\x02\
\x30\x01\0\0\0\0\0\0\x01\0\0\x0d\x95\0\0\0\0\0\0\0\x31\x01\0\0\0\0\0\0\0\0\0\
\x02\x2e\x01\0\0\0\0\0\0\x03\0\0\x05\x28\0\0\0\x92\x27\0\0\x33\x01\0\0\0\0\0\0\
\x98\x27\0\0\x35\x01\0\0\0\0\0\0\xa2\x27\0\0\x3c\x01\0\0\0\0\0\0\0\0\0\0\x06\0\
\0\x04\x28\0\0\0\xa7\x27\0\0\x34\x01\0\0\0\0\0\0\xf8\x0a\0\0\x14\0\0\0\x40\0\0\
\0\x0f\x0c\0\0\x14\0\0\0\x60\0\0\0\xad\x27\0\0\x14\0\0\0\x80\0\0\0\xb4\x27\0\0\
\x99\0\0\0\xc0\0\0\0\xb9\x27\0\0\x34\x01\0\0\0\x01\0\0\0\0\0\0\0\0\0\x02\x14\0\
\0\0\0\0\0\0\x04\0\0\x04\x18\0\0\0\xc0\x27\0\0\x36\x01\0\0\0\0\0\0\x19\0\0\0\
\x38\x01\0\0\x20\0\0\0\0\0\0\0\x39\x01\0\0\x40\0\0\0\x96\x0c\0\0\x99\0\0\0\x80\
\0\0\0\xc8\x27\0\0\0\0\0\x08\x37\x01\0\0\xd2\x27\0\0\0\0\0\x08\x02\0\0\0\xe5\
\x27\0\0\x03\0\0\x06\x04\0\0\0\xf3\x27\0\0\0\0\0\0\xfb\x27\0\0\x01\0\0\0\x05\
\x28\0\0\x02\0\0\0\0\0\0\0\x02\0\0\x05\x08\0\0\0\x0f\x28\0\0\x3a\x01\0\0\0\0\0\
\0\x14\x28\0\0\x3b\x01\0\0\0\0\0\0\0\0\0\0\0\0\0\x02\x59\x02\0\0\0\0\0\0\0\0\0\
\x02\x5a\x02\0\0\0\0\0\0\x05\0\0\x04\x20\0\0\0\x20\x28\0\0\x3d\x01\0\0\0\0\0\0\
\x25\x28\0\0\x02\0\0\0\x40\0\0\0\x2a\x28\0\0\x02\0\0\0\x60\0\0\0\x36\x28\0\0\
\x4f\0\0\0\x80\0\0\0\x3d\x28\0\0\x4f\0\0\0\xc0\0\0\0\0\0\0\0\0\0\0\x02\x5b\x02\
\0\0\x45\x28\0\0\0\0\0\x08\x3f\x01\0\0\x4b\x28\0\0\0\0\0\x08\x02\0\0\0\0\0\0\0\
\0\0\0\x03\0\0\0\0\x3d\0\0\0\x04\0\0\0\x04\0\0\0\0\0\0\0\0\0\0\x02\x49\x02\0\0\
\0\0\0\0\0\0\0\x02\x02\0\0\0\x9f\x1b\0\0\x03\0\0\x04\x18\0\0\0\x8d\x1b\0\0\x99\
\0\0\0\0\0\0\0\x93\x1b\0\0\x99\0\0\0\x40\0\0\0\x41\x0b\0\0\x44\x01\0\0\x80\0\0\
\0\x5a\x28\0\0\0\0\0\x08\x61\0\0\0\xd8\x1b\0\0\x03\0\0\x04\x50\0\0\0\x69\x28\0\
\0\x49\x01\0\0\0\0\0\0\x6f\x28\0\0\x16\0\0\0\x40\x02\0\0\x7d\x28\0\0\x16\0\0\0\
\x60\x02\0\0\x8b\x28\0\0\x02\0\0\x04\x18\0\0\0\x9f\x28\0\0\x99\0\0\0\0\0\0\0\
\xa7\x28\0\0\x47\x01\0\0\x40\0\0\0\xae\x28\0\0\x01\0\0\x04\x10\0\0\0\x0d\x0f\0\
\0\x48\x01\0\0\0\0\0\0\xbe\x28\0\0\x02\0\0\x04\x10\0\0\0\x0d\x0f\0\0\x92\0\0\0\
\0\0\0\0\xcd\x28\0\0\x93\0\0\0\x40\0\0\0\0\0\0\0\0\0\0\x03\0\0\0\0\x46\x01\0\0\
\x04\0\0\0\x03\0\0\0\xff\x1b\0\0\x1d\0\0\x04\xc0\0\0\0\xfd\x16\0\0\x59\0\0\0\0\
\0\0\0\xd9\x28\0\0\x59\0\0\0\x20\0\0\0\xe5\x28\0\0\xa3\0\0\0\x40\0\0\0\xee\x28\
\0\0\x16\0\0\0\x80\0\0\0\xfd\x14\0\0\x9b\0\0\0\xa0\0\0\0\x01\x15\0\0\x4b\x01\0\
\0\xc0\0\0\0\xf4\x28\0\0\x9b\0\0\0\xe0\0\0\0\xf9\x28\0\0\x4b\x01\0\0\0\x01\0\0\
\xfe\x28\0\0\x9b\0\0\0\x20\x01\0\0\x03\x29\0\0\x4b\x01\0\0\x40\x01\0\0\x08\x29\
\0\0\x9b\0\0\0\x60\x01\0\0\x0e\x29\0\0\x4b\x01\0\0\x80\x01\0\0\x14\x29\0\0\x16\
\0\0\0\xa0\x01\0\0\x1f\x29\0\0\x4f\x01\0\0\xc0\x01\0\0\x2f\x29\0\0\x4f\x01\0\0\
\0\x02\0\0\x3d\x29\0\0\x4f\x01\0\0\x40\x02\0\0\x4b\x29\0\0\x4f\x01\0\0\x80\x02\
\0\0\x54\x29\0\0\x4f\x01\0\0\xc0\x02\0\0\x60\x29\0\0\x1a\0\0\0\0\x03\0\0\x6c\
\x29\0\0\x52\x01\0\0\x40\x03\0\0\x7c\x29\0\0\x52\x01\0\0\x80\x03\0\0\x8c\x29\0\
\0\x52\x01\0\0\xc0\x03\0\0\x9b\x29\0\0\x52\x01\0\0\0\x04\0\0\x1d\x0c\0\0\xa3\0\
\0\0\x40\x04\0\0\x17\x0d\0\0\x53\x01\0\0\x80\x04\0\0\xac\x29\0\0\x54\x01\0\0\
\xc0\x04\0\0\xb4\x29\0\0\x55\x01\0\0\0\x05\0\0\xbc\x29\0\0\x56\x01\0\0\x40\x05\
\0\0\0\0\0\0\x57\x01\0\0\x80\x05\0\0\xc7\x29\0\0\0\0\0\x08\x4c\x01\0\0\0\0\0\0\
\x01\0\0\x04\x04\0\0\0\xf8\x0a\0\0\x4d\x01\0\0\0\0\0\0\xce\x29\0\0\0\0\0\x08\
\x4e\x01\0\0\xd4\x29\0\0\0\0\0\x08\x16\0\0\0\xe5\x29\0\0\0\0\0\x08\x50\x01\0\0\
\xf2\x29\0\0\x01\0\0\x04\x08\0\0\0\x04\x2a\0\0\x51\x01\0\0\0\0\0\0\0\0\0\0\0\0\
\0\x03\0\0\0\0\x15\0\0\0\x04\0\0\0\x02\0\0\0\0\0\0\0\0\0\0\x02\x55\x02\0\0\0\0\
\0\0\0\0\0\x02\x45\x02\0\0\0\0\0\0\0\0\0\x02\x34\x02\0\0\0\0\0\0\0\0\0\x02\x48\
\x02\0\0\0\0\0\0\0\0\0\x02\x56\x02\0\0\0\0\0\0\x02\0\0\x05\x10\0\0\0\x08\x2a\0\
\0\x02\0\0\0\0\0\0\0\x42\x0c\0\0\x8b\0\0\0\0\0\0\0\0\0\0\0\0\0\0\x03\0\0\0\0\
\xb4\0\0\0\x04\0\0\0\x10\0\0\0\0\0\0\0\0\0\0\x02\x5c\x02\0\0\x10\x2a\0\0\x01\0\
\0\x04\x08\0\0\0\x19\x2a\0\0\x5b\x01\0\0\0\0\0\0\0\0\0\0\0\0\0\x02\x5d\x02\0\0\
\x23\x2a\0\0\x01\0\0\x04\x10\0\0\0\x2c\x2a\0\0\x69\0\0\0\0\0\0\0\0\0\0\0\0\0\0\
\x02\x5e\x02\0\0\0\0\0\0\0\0\0\x02\x5f\x02\0\0\0\0\0\0\0\0\0\x02\x75\x02\0\0\0\
\0\0\0\0\0\0\x02\x76\x02\0\0\0\0\0\0\0\0\0\x02\x77\x02\0\0\x36\x2a\0\0\0\0\0\
\x08\x63\x01\0\0\0\0\0\0\x01\0\0\x04\x08\0\0\0\x3f\x2a\0\0\x15\x01\0\0\0\0\0\0\
\x43\x2a\0\0\x02\0\0\x04\x18\0\0\0\x94\x12\0\0\x69\0\0\0\0\0\0\0\x6c\x1c\0\0\
\x62\x01\0\0\x80\0\0\0\x4e\x2a\0\0\0\0\0\x08\x66\x01\0\0\x55\x2a\0\0\0\0\0\x08\
\x67\x01\0\0\x65\x2a\0\0\0\0\0\x08\x4f\0\0\0\0\0\0\0\0\0\0\x02\x78\x02\0\0\xed\
\x1c\0\0\x03\0\0\x04\x10\0\0\0\xa2\x0e\0\0\x02\0\0\0\0\0\0\0\x76\x2a\0\0\x59\0\
\0\0\x20\0\0\0\x83\x2a\0\0\x6a\x01\0\0\x40\0\0\0\0\0\0\0\0\0\0\x02\x79\x02\0\0\
\x8a\x2a\0\0\0\0\0\x04\0\0\0\0\xa0\x2a\0\0\x01\0\0\x04\x08\0\0\0\x48\x09\0\0\
\x6d\x01\0\0\0\0\0\0\0\0\0\0\0\0\0\x02\x6c\x01\0\0\0\0\0\0\0\0\0\x02\x7a\x02\0\
\0\0\0\0\0\0\0\0\x02\x62\x02\0\0\0\0\0\0\0\0\0\x02\x7b\x02\0\0\0\0\0\0\0\0\0\
\x02\x7c\x02\0\0\0\0\0\0\0\0\0\x02\x64\x02\0\0\0\0\0\0\0\0\0\x02\x63\x02\0\0\0\
\0\0\0\0\0\0\x02\x7d\x02\0\0\0\0\0\0\0\0\0\x02\x76\x01\0\0\xac\x2a\0\0\0\0\0\
\x08\x6e\x02\0\0\xbd\x2a\0\0\x08\0\0\x04\x40\0\0\0\xd0\x2a\0\0\x99\0\0\0\0\0\0\
\0\xd6\x2a\0\0\x99\0\0\0\x40\0\0\0\xdc\x2a\0\0\x99\0\0\0\x80\0\0\0\xe2\x2a\0\0\
\x99\0\0\0\xc0\0\0\0\xe8\x2a\0\0\x99\0\0\0\0\x01\0\0\xef\x2a\0\0\x99\0\0\0\x40\
\x01\0\0\xfa\x2a\0\0\x99\0\0\0\x80\x01\0\0\x06\x2b\0\0\x99\0\0\0\xc0\x01\0\0\
\x1c\x2b\0\0\0\0\0\x08\x79\x01\0\0\0\0\0\0\x01\0\0\x04\x08\0\0\0\xde\x25\0\0\
\x15\x01\0\0\0\0\0\0\x27\x2b\0\0\0\0\0\x08\x7b\x01\0\0\x3b\x2b\0\0\x01\0\0\x04\
\x04\0\0\0\x4d\x2b\0\0\x7c\x01\0\0\0\0\0\0\x56\x2b\0\0\0\0\0\x08\x7d\x01\0\0\
\x4d\x2b\0\0\x01\0\0\x04\x04\0\0\0\x61\x2b\0\0\x16\0\0\0\0\0\0\0\0\0\0\0\0\0\0\
\x02\x74\x02\0\0\0\0\0\0\0\0\0\x02\x7e\x02\0\0\0\0\0\0\0\0\0\x02\x7f\x02\0\0\0\
\0\0\0\0\0\0\x02\x80\x02\0\0\x6a\x2b\0\0\x04\0\0\x04\x20\0\0\0\x70\x2b\0\0\x29\
\x01\0\0\0\0\0\0\x65\x0c\0\0\x44\x01\0\0\x40\0\0\0\x76\x2b\0\0\x83\x01\0\0\x60\
\0\0\0\x7a\x2b\0\0\x69\0\0\0\x80\0\0\0\x84\x2b\0\0\x01\0\0\x04\x04\0\0\0\x1a\
\x0b\0\0\x59\0\0\0\0\0\0\0\0\0\0\0\0\0\0\x02\x85\x01\0\0\x9a\x2b\0\0\x1c\0\0\
\x04\x10\x01\0\0\xad\x2b\0\0\x86\x01\0\0\0\0\0\0\x41\x0b\0\0\x44\x01\0\0\x40\0\
\0\0\x6a\x2b\0\0\x82\x01\0\0\x80\0\0\0\xb1\x2b\0\0\x69\0\0\0\x80\x01\0\0\xc1\
\x2b\0\0\x87\x01\0\0\0\x02\0\0\xcf\x2b\0\0\x87\x01\0\0\x80\x02\0\0\xdf\x2b\0\0\
\x69\0\0\0\0\x03\0\0\xea\x2b\0\0\x69\0\0\0\x80\x03\0\0\xf8\x2b\0\0\x69\0\0\0\0\
\x04\0\0\x08\x2c\0\0\x02\0\0\0\x80\x04\0\0\x12\x2c\0\0\x02\0\0\0\xa0\x04\0\0\
\x1c\x2c\0\0\x02\0\0\0\xc0\x04\0\0\x26\x2c\0\0\x02\0\0\0\xe0\x04\0\0\x2e\x2c\0\
\0\x02\0\0\0\0\x05\0\0\x36\x2c\0\0\x02\0\0\0\x20\x05\0\0\x45\x2c\0\0\x02\0\0\0\
\x40\x05\0\0\x56\x2c\0\0\x57\0\0\0\x60\x05\0\0\x5f\x2c\0\0\xf8\0\0\0\x80\x05\0\
\0\xb4\x27\0\0\x99\0\0\0\xc0\x05\0\0\x64\x2c\0\0\x99\0\0\0\0\x06\0\0\x6e\x2c\0\
\0\x99\0\0\0\x40\x06\0\0\x79\x2c\0\0\x84\x01\0\0\x80\x06\0\0\x84\x2c\0\0\x99\0\
\0\0\xc0\x06\0\0\x8f\x2c\0\0\x99\0\0\0\0\x07\0\0\x9a\x2c\0\0\x02\0\0\0\x40\x07\
\0\0\xa4\x2c\0\0\xa3\0\0\0\x80\x07\0\0\xdf\x0e\0\0\x8b\0\0\0\xc0\x07\0\0\xb2\
\x2c\0\0\x88\x01\0\0\x40\x08\0\0\0\0\0\0\0\0\0\x02\x68\x02\0\0\xbd\x2c\0\0\x02\
\0\0\x04\x10\0\0\0\xcf\x2c\0\0\x92\0\0\0\0\0\0\0\xca\x0b\0\0\x99\0\0\0\x40\0\0\
\0\xd4\x2c\0\0\0\0\0\x08\x89\x01\0\0\0\0\0\0\x01\0\0\x04\x08\0\0\0\xdc\x2c\0\0\
\x29\x01\0\0\0\0\0\0\0\0\0\0\0\0\0\x03\0\0\0\0\x84\x01\0\0\x04\0\0\0\x02\0\0\0\
\0\0\0\0\0\0\0\x02\x81\x02\0\0\xde\x2c\0\0\0\0\0\x04\0\0\0\0\0\0\0\0\x02\0\0\
\x05\x10\0\0\0\xf3\x2c\0\0\x57\0\0\0\0\0\0\0\x42\x0c\0\0\x8b\0\0\0\0\0\0\0\0\0\
\0\0\0\0\0\x02\x43\x02\0\0\0\0\0\0\0\0\0\x02\x82\x02\0\0\0\0\0\0\0\0\0\x02\x61\
\x02\0\0\0\0\0\0\0\0\0\x02\x83\x02\0\0\x08\x20\0\0\0\0\0\x04\0\0\0\0\0\0\0\0\0\
\0\0\x02\x84\x02\0\0\0\0\0\0\0\0\0\x02\x85\x02\0\0\xfd\x2c\0\0\x01\0\0\x04\x08\
\0\0\0\x08\x2d\0\0\xf6\0\0\0\0\0\0\0\x0e\x2d\0\0\x0d\0\0\x04\x40\x04\0\0\x1c\
\x2d\0\0\x97\x01\0\0\0\0\0\0\x28\x2d\0\0\x98\x01\0\0\x80\x03\0\0\x2b\x2d\0\0\
\x16\0\0\0\x80\x14\0\0\x36\x2d\0\0\xa3\0\0\0\xc0\x14\0\0\x40\x2d\0\0\x16\0\0\0\
\0\x15\0\0\x47\x2d\0\0\x16\0\0\0\x20\x15\0\0\x55\x2d\0\0\x4f\0\0\0\x40\x15\0\0\
\x63\x2d\0\0\x4f\0\0\0\x80\x15\0\0\x6e\x2d\0\0\x9d\x01\0\0\xc0\x15\0\0\x74\x2d\
\0\0\xe8\x01\0\0\x40\x1e\0\0\x7e\x2d\0\0\xea\x01\0\0\xc0\x20\0\0\x8a\x2d\0\0\
\x99\0\0\0\x40\x21\0\0\x93\x2d\0\0\x99\0\0\0\x80\x21\0\0\x1c\x2d\0\0\x0d\0\0\
\x04\x68\0\0\0\x9e\x2d\0\0\x4f\0\0\0\0\0\0\0\xa2\x2d\0\0\x4f\0\0\0\x40\0\0\0\
\xa6\x2d\0\0\x4f\0\0\0\x80\0\0\0\xaa\x2d\0\0\x4f\0\0\0\xc0\0\0\0\xae\x2d\0\0\
\x4f\0\0\0\0\x01\0\0\xb2\x2d\0\0\x4f\0\0\0\x40\x01\0\0\xb6\x2d\0\0\x4f\0\0\0\
\x80\x01\0\0\xba\x2d\0\0\x4f\0\0\0\xc0\x01\0\0\xbe\x2d\0\0\x4f\0\0\0\0\x02\0\0\
\xc2\x2d\0\0\x4f\0\0\0\x40\x02\0\0\xc6\x2d\0\0\x4f\0\0\0\x80\x02\0\0\xc9\x2d\0\
\0\x4f\0\0\0\xc0\x02\0\0\xcc\x2d\0\0\x4f\0\0\0\0\x03\0\0\0\0\0\0\x03\0\0\x04\
\x20\x02\0\0\xcf\x2d\0\0\x4f\0\0\0\0\0\0\0\xd8\x2d\0\0\x4f\0\0\0\x40\0\0\0\xe2\
\x2d\0\0\x99\x01\0\0\x80\0\0\0\xef\x2d\0\0\x04\0\0\x04\x10\x02\0\0\x01\x2e\0\0\
\x9c\x01\0\0\0\0\0\0\x07\x2e\0\0\x15\0\0\0\0\x10\0\0\x0c\x2e\0\0\x15\0\0\0\x20\
\x10\0\0\x11\x2e\0\0\x51\x01\0\0\x40\x10\0\0\x1c\x2e\0\0\0\0\0\x08\x9b\x01\0\0\
\x28\x2e\0\0\0\0\0\x01\x10\0\0\0\x80\0\0\0\0\0\0\0\0\0\0\x03\0\0\0\0\x9a\x01\0\
\0\x04\0\0\0\x20\0\0\0\x3a\x2e\0\0\x05\0\0\x04\x10\x01\0\0\x45\x2e\0\0\x02\0\0\
\0\0\0\0\0\x54\x2e\0\0\x02\0\0\0\x20\0\0\0\x61\x2e\0\0\x02\0\0\0\x40\0\0\0\x6e\
\x2e\0\0\xe7\x01\0\0\x80\0\0\0\x78\x2e\0\0\xe7\x01\0\0\x80\x04\0\0\0\0\0\0\0\0\
\0\x02\x9f\x01\0\0\x82\x2e\0\0\x49\0\0\x04\xb0\x04\0\0\x8d\x2e\0\0\x69\0\0\0\0\
\0\0\0\x99\x2e\0\0\x69\0\0\0\x80\0\0\0\xa6\x2e\0\0\x69\0\0\0\0\x01\0\0\x5c\x21\
\0\0\xb1\0\0\0\x80\x01\0\0\xb2\x2e\0\0\x99\0\0\0\x40\x02\0\0\xbe\x2e\0\0\x69\0\
\0\0\x80\x02\0\0\xcc\x2e\0\0\x3d\0\0\0\0\x03\0\0\xd8\x2e\0\0\x69\0\0\0\x80\x03\
\0\0\xe5\x2e\0\0\x02\0\0\0\0\x04\0\0\xf1\x2e\0\0\x02\0\0\0\x20\x04\0\0\xfc\x2e\
\0\0\x02\0\0\0\x40\x04\0\0\x07\x1b\0\0\x9e\x01\0\0\x80\x04\0\0\xad\x2b\0\0\x86\
\x01\0\0\xc0\x04\0\0\x07\x2f\0\0\xa3\0\0\0\0\x05\0\0\xdb\x13\0\0\xa0\x01\0\0\
\x40\x05\0\0\x13\x2f\0\0\x16\0\0\0\x60\x05\0\0\xf2\x20\0\0\xa1\x01\0\0\x80\x05\
\0\0\x20\x2f\0\0\x49\0\0\0\xc0\x05\0\0\x2c\x2f\0\0\x99\0\0\0\0\x06\0\0\x3f\x2f\
\0\0\x99\0\0\0\x40\x06\0\0\xe0\x12\0\0\x99\0\0\0\x80\x06\0\0\x52\x2f\0\0\xa3\
\x01\0\0\xc0\x06\0\0\x57\x2f\0\0\x1d\0\0\0\xc0\x0a\0\0\x63\x2f\0\0\x1d\0\0\0\
\xd0\x0a\0\0\x72\x2f\0\0\x1d\0\0\0\xe0\x0a\0\0\x7c\x2f\0\0\xa8\x01\0\0\0\x0b\0\
\0\x55\x15\0\0\x84\x01\0\0\0\x11\0\0\x56\x2c\0\0\x29\x01\0\0\x40\x11\0\0\x7f\
\x2f\0\0\x49\0\0\0\x80\x11\0\0\x98\x2f\0\0\x49\0\0\0\xc0\x11\0\0\xb1\x2f\0\0\
\x82\x01\0\0\0\x12\0\0\xbd\x2f\0\0\x69\0\0\0\0\x13\0\0\xef\x1a\0\0\x9e\x01\0\0\
\x80\x13\0\0\xc8\x2f\0\0\x02\0\0\0\xc0\x13\0\0\x1c\x17\0\0\x02\0\0\0\xe0\x13\0\
\0\xce\x2f\0\0\x69\0\0\0\0\x14\0\0\x70\x2b\0\0\xf8\0\0\0\x80\x14\0\0\xda\x2f\0\
\0\x82\x01\0\0\xc0\x14\0\0\xe5\x2f\0\0\x59\0\0\0\xc0\x15\0\0\x2a\0\0\0\xb6\x01\
\0\0\0\x16\0\0\xf0\x2f\0\0\x69\0\0\0\x40\x16\0\0\xf9\x2f\0\0\x4f\0\0\0\xc0\x16\
\0\0\x05\x30\0\0\x02\0\0\0\0\x17\0\0\x11\x30\0\0\x67\0\0\0\x40\x17\0\0\x17\x30\
\0\0\xd7\0\0\0\0\x18\0\0\x1e\x30\0\0\x16\0\0\0\x40\x18\0\0\x2d\x30\0\0\x16\0\0\
\0\x60\x18\0\0\x3a\x30\0\0\x16\0\0\0\x80\x18\0\0\x4a\x30\0\0\x16\0\0\0\xa0\x18\
\0\0\x5a\x30\0\0\x4f\0\0\0\xc0\x18\0\0\x67\x30\0\0\xb7\x01\0\0\0\x19\0\0\x73\
\x30\0\0\x8b\0\0\0\xc0\x19\0\0\x80\x30\0\0\x16\0\0\0\x40\x1a\0\0\x8d\x30\0\0\
\x59\0\0\0\x60\x1a\0\0\x99\x30\0\0\xbb\x01\0\0\x80\x1a\0\0\xa6\x30\0\0\xbc\x01\
\0\0\x40\x1b\0\0\xb9\x30\0\0\x4f\0\0\0\x80\x1b\0\0\xca\x30\0\0\x9e\x01\0\0\xc0\
\x1b\0\0\xd4\x30\0\0\xbd\x01\0\0\0\x1c\0\0\xdf\x0e\0\0\x8b\0\0\0\x40\x1c\0\0\
\xdc\x30\0\0\xbf\x01\0\0\xc0\x1c\0\0\x8c\x0e\0\0\x99\0\0\0\0\x1d\0\0\xdf\x30\0\
\0\xc0\x01\0\0\x40\x1d\0\0\xe5\x30\0\0\xc2\x01\0\0\x80\x1d\0\0\xf6\x30\0\0\xa3\
\0\0\0\xc0\x1d\0\0\x0f\x31\0\0\xc2\x01\0\0\0\x1e\0\0\x25\x31\0\0\xda\x01\0\0\
\x40\x1e\0\0\x2a\x31\0\0\x99\0\0\0\x80\x1e\0\0\x35\x31\0\0\xdb\x01\0\0\xc0\x1e\
\0\0\x83\x2a\0\0\xdc\x01\0\0\0\x1f\0\0\x3e\x31\0\0\xdd\x01\0\0\x40\x1f\0\0\x1d\
\x0c\0\0\xa3\0\0\0\xc0\x24\0\0\x49\x31\0\0\x69\0\0\0\0\x25\0\0\x51\x31\0\0\x06\
\0\0\x06\x04\0\0\0\x62\x31\0\0\xfc\xff\xff\xff\x78\x31\0\0\xfd\xff\xff\xff\x8e\
\x31\0\0\xfe\xff\xff\xff\xa5\x31\0\0\xff\xff\xff\xff\xba\x31\0\0\0\0\0\0\xd4\
\x31\0\0\x01\0\0\0\xec\x31\0\0\0\0\0\x08\xa2\x01\0\0\0\0\0\0\x01\0\0\x04\x08\0\
\0\0\xdc\x2c\0\0\x88\x01\0\0\0\0\0\0\xf6\x31\0\0\x3b\0\0\x84\x80\0\0\0\x19\0\0\
\0\x15\0\0\0\0\0\0\0\x3e\x0f\0\0\x15\0\0\0\x20\0\0\0\x06\x32\0\0\x31\0\0\0\x40\
\0\0\0\0\0\0\0\xa4\x01\0\0\x80\0\0\0\x0d\x32\0\0\x31\0\0\0\xc0\0\0\0\x19\x32\0\
\0\x31\0\0\0\0\x01\0\0\x25\x32\0\0\x31\0\0\0\x40\x01\0\x01\x2e\x32\0\0\x31\0\0\
\0\x41\x01\0\x01\x36\x32\0\0\x31\0\0\0\x42\x01\0\x01\x3d\x32\0\0\x31\0\0\0\x43\
\x01\0\x01\x47\x32\0\0\x31\0\0\0\x44\x01\0\x01\x54\x32\0\0\x31\0\0\0\x45\x01\0\
\x01\x63\x32\0\0\x31\0\0\0\x46\x01\0\x01\x6e\x32\0\0\x31\0\0\0\x47\x01\0\x01\
\x7b\x32\0\0\x31\0\0\0\x48\x01\0\x01\x19\x1c\0\0\x31\0\0\0\x49\x01\0\x01\x80\
\x32\0\0\x31\0\0\0\x4a\x01\0\x01\x85\x32\0\0\x31\0\0\0\x4b\x01\0\x01\x92\x32\0\
\0\x31\0\0\0\x4c\x01\0\x01\x5f\x2c\0\0\x31\0\0\0\x4d\x01\0\x01\xa1\x32\0\0\x31\
\0\0\0\x4e\x01\0\x01\xab\x32\0\0\x31\0\0\0\x4f\x01\0\x02\xb6\x32\0\0\x31\0\0\0\
\x51\x01\0\x01\xc0\x32\0\0\x31\0\0\0\x52\x01\0\x01\xce\x32\0\0\x31\0\0\0\x53\
\x01\0\x01\xdb\x32\0\0\x31\0\0\0\x54\x01\0\x01\xe9\x32\0\0\x31\0\0\0\x55\x01\0\
\x01\x02\x33\0\0\x31\0\0\0\x56\x01\0\x01\x19\x33\0\0\x31\0\0\0\x57\x01\0\x01\
\x1f\x33\0\0\x31\0\0\0\x58\x01\0\x01\x29\x33\0\0\x31\0\0\0\x59\x01\0\x01\x35\
\x33\0\0\x31\0\0\0\x5a\x01\0\x01\x44\x33\0\0\x31\0\0\0\x5b\x01\0\x01\x53\x33\0\
\0\x31\0\0\0\x5c\x01\0\x01\x5e\x33\0\0\x31\0\0\0\x5d\x01\0\x01\x66\x33\0\0\x31\
\0\0\0\x5e\x01\0\x01\x70\x33\0\0\x31\0\0\0\x5f\x01\0\x01\x85\x0f\0\0\x31\0\0\0\
\x60\x01\0\x01\x7b\x33\0\0\x31\0\0\0\x61\x01\0\x01\x85\x33\0\0\x31\0\0\0\x62\
\x01\0\x01\x8e\x33\0\0\x31\0\0\0\x63\x01\0\x01\x9d\x33\0\0\x31\0\0\0\x64\x01\0\
\x01\xac\x33\0\0\x31\0\0\0\x65\x01\0\x01\xb4\x33\0\0\x31\0\0\0\x66\x01\0\x1a\0\
\0\0\0\xa5\x01\0\0\x80\x01\0\0\xc1\x33\0\0\x15\0\0\0\xa0\x01\0\0\0\0\0\0\xa6\
\x01\0\0\xc0\x01\0\0\0\0\0\0\xa7\x01\0\0\0\x02\0\0\xc9\x33\0\0\x31\0\0\0\x40\
\x02\0\0\xdc\x33\0\0\x31\0\0\0\x80\x02\0\0\xed\x33\0\0\x15\0\0\0\xc0\x02\0\0\
\xc0\x27\0\0\x94\0\0\0\xe0\x02\0\0\xff\x33\0\0\x31\0\0\0\0\x03\0\0\x10\x34\0\0\
\x15\0\0\0\x40\x03\0\0\x1e\x34\0\0\x1e\0\0\0\x60\x03\0\0\x2f\x34\0\0\x1e\0\0\0\
\x70\x03\0\0\x3c\x34\0\0\x15\0\0\0\x80\x03\0\0\x4c\x34\0\0\x15\0\0\0\xa0\x03\0\
\0\x59\x34\0\0\x31\0\0\0\xc0\x03\0\0\0\0\0\0\x02\0\0\x05\x08\0\0\0\x62\x34\0\0\
\x31\0\0\0\0\0\0\0\x70\x34\0\0\x31\0\0\0\0\0\0\0\0\0\0\0\x02\0\0\x05\x04\0\0\0\
\x7c\x34\0\0\x15\0\0\0\0\0\0\0\x8a\x34\0\0\x15\0\0\0\0\0\0\0\0\0\0\0\x04\0\0\
\x05\x08\0\0\0\x9b\x34\0\0\x31\0\0\0\0\0\0\0\xa3\x34\0\0\x31\0\0\0\0\0\0\0\xaf\
\x34\0\0\x31\0\0\0\0\0\0\0\xbb\x34\0\0\x31\0\0\0\0\0\0\0\0\0\0\0\x04\0\0\x05\
\x08\0\0\0\xc3\x34\0\0\x31\0\0\0\0\0\0\0\xca\x34\0\0\x31\0\0\0\0\0\0\0\xd6\x34\
\0\0\x31\0\0\0\0\0\0\0\xe3\x34\0\0\x31\0\0\0\0\0\0\0\xeb\x34\0\0\x0c\0\0\x04\
\xc0\0\0\0\0\0\0\0\xa9\x01\0\0\0\0\0\0\xf9\x34\0\0\xf8\0\0\0\0\x03\0\0\x99\x30\
\0\0\xa3\0\0\0\x40\x03\0\0\xb9\x30\0\0\x4f\0\0\0\x80\x03\0\0\xdb\x13\0\0\x02\0\
\0\0\xc0\x03\0\0\0\x35\0\0\xa1\x01\0\0\0\x04\0\0\x62\x34\0\0\x99\0\0\0\x40\x04\
\0\0\0\0\0\0\xb3\x01\0\0\x80\x04\0\0\x0b\x35\0\0\x99\0\0\0\0\x05\0\0\x1a\x35\0\
\0\x99\0\0\0\x40\x05\0\0\x25\x35\0\0\x99\0\0\0\x80\x05\0\0\x35\x35\0\0\x99\0\0\
\0\xc0\x05\0\0\0\0\0\0\x06\0\0\x05\x60\0\0\0\0\0\0\0\xaa\x01\0\0\0\0\0\0\0\0\0\
\0\xac\x01\0\0\0\0\0\0\0\0\0\0\xad\x01\0\0\0\0\0\0\0\0\0\0\xae\x01\0\0\0\0\0\0\
\0\0\0\0\xaf\x01\0\0\0\0\0\0\0\0\0\0\xb2\x01\0\0\0\0\0\0\0\0\0\0\x0a\0\0\x04\
\x60\0\0\0\x06\x32\0\0\x99\0\0\0\0\0\0\0\x46\x35\0\0\x99\0\0\0\x40\0\0\0\x4f\
\x35\0\0\x4f\0\0\0\x80\0\0\0\x5b\x35\0\0\x4f\0\0\0\xc0\0\0\0\x66\x35\0\0\x02\0\
\0\0\0\x01\0\0\x77\x35\0\0\x02\0\0\0\x20\x01\0\0\x7b\x35\0\0\x02\0\0\0\x40\x01\
\0\0\x0f\x0c\0\0\x02\0\0\0\x60\x01\0\0\x84\x35\0\0\xab\x01\0\0\x80\x01\0\0\x8e\
\x35\0\0\xab\x01\0\0\x40\x02\0\0\x99\x35\0\0\x04\0\0\x04\x18\0\0\0\x06\x32\0\0\
\x99\0\0\0\0\0\0\0\xad\x35\0\0\x16\0\0\0\x40\0\0\0\xb1\x35\0\0\x02\0\0\0\x60\0\
\0\0\x77\x35\0\0\x02\0\0\0\x80\0\0\0\0\0\0\0\x01\0\0\x04\x40\0\0\0\x2c\x25\0\0\
\x05\x01\0\0\0\0\0\0\0\0\0\0\x01\0\0\x04\x10\0\0\0\xb7\x35\0\0\x69\0\0\0\0\0\0\
\0\0\0\0\0\x02\0\0\x04\x10\0\0\0\xbf\x35\0\0\x99\0\0\0\0\0\0\0\xc7\x35\0\0\x99\
\0\0\0\x40\0\0\0\0\0\0\0\x02\0\0\x04\x28\0\0\0\xcc\x35\0\0\xb0\x01\0\0\0\0\0\0\
\xd1\x35\0\0\x69\0\0\0\xc0\0\0\0\xd9\x35\0\0\x03\0\0\x04\x18\0\0\0\xec\x35\0\0\
\x99\0\0\0\0\0\0\0\xf4\x35\0\0\x99\0\0\0\x40\0\0\0\xfc\x35\0\0\xb1\x01\0\0\x80\
\0\0\0\x01\x36\0\0\x05\0\0\x84\x04\0\0\0\x11\x2e\0\0\x14\0\0\0\0\0\0\x13\x77\
\x0b\0\0\x14\0\0\0\x13\0\0\x08\x19\0\0\0\x14\0\0\0\x1b\0\0\x02\x19\x36\0\0\x14\
\0\0\0\x1d\0\0\x02\x23\x36\0\0\x14\0\0\0\x1f\0\0\x01\0\0\0\0\x05\0\0\x04\x18\0\
\0\0\x2b\x36\0\0\x18\0\0\0\0\0\0\0\x36\x36\0\0\x18\0\0\0\x08\0\0\0\x41\x36\0\0\
\x1d\0\0\0\x10\0\0\0\x49\x36\0\0\x99\0\0\0\x40\0\0\0\x4e\x36\0\0\x99\0\0\0\x80\
\0\0\0\0\0\0\0\x02\0\0\x05\x10\0\0\0\0\0\0\0\xb4\x01\0\0\0\0\0\0\0\0\0\0\xb5\
\x01\0\0\0\0\0\0\0\0\0\0\x02\0\0\x04\x10\0\0\0\x54\x36\0\0\x99\0\0\0\0\0\0\0\
\x60\x36\0\0\xa1\x01\0\0\x40\0\0\0\0\0\0\0\x02\0\0\x04\x10\0\0\0\x6c\x36\0\0\
\x99\0\0\0\0\0\0\0\x79\x36\0\0\x99\0\0\0\x40\0\0\0\0\0\0\0\0\0\0\x02\x69\x02\0\
\0\x85\x36\0\0\x02\0\0\x04\x18\0\0\0\x34\x25\0\0\xf4\0\0\0\0\0\0\0\xed\x0e\0\0\
\xb8\x01\0\0\x80\0\0\0\0\0\0\0\0\0\0\x02\xb9\x01\0\0\0\0\0\0\x01\0\0\x0d\0\0\0\
\0\0\0\0\0\xba\x01\0\0\0\0\0\0\0\0\0\x02\xb7\x01\0\0\x8e\x36\0\0\x03\0\0\x04\
\x18\0\0\0\x94\x12\0\0\x69\0\0\0\0\0\0\0\x41\x0b\0\0\x44\x01\0\0\x80\0\0\0\xa5\
\x36\0\0\x16\0\0\0\xa0\0\0\0\0\0\0\0\0\0\0\x02\x6a\x02\0\0\0\0\0\0\0\0\0\x02\
\xbe\x01\0\0\0\0\0\0\x01\0\0\x0d\0\0\0\0\0\0\0\0\x9e\x01\0\0\0\0\0\0\0\0\0\x02\
\x54\x02\0\0\0\0\0\0\0\0\0\x02\xc1\x01\0\0\0\0\0\0\x01\0\0\x0d\x99\0\0\0\0\0\0\
\0\0\0\0\0\xb5\x36\0\0\0\0\0\x08\xc3\x01\0\0\0\0\0\0\0\0\0\x02\xc4\x01\0\0\0\0\
\0\0\x03\0\0\x0d\0\0\0\0\0\0\0\0\x9e\x01\0\0\0\0\0\0\xc5\x01\0\0\0\0\0\0\xd1\
\x01\0\0\0\0\0\0\0\0\0\x02\xc6\x01\0\0\xcd\x36\0\0\x17\0\0\x04\0\x01\0\0\xde\
\x36\0\0\x99\0\0\0\0\0\0\0\xe3\x36\0\0\xc7\x01\0\0\x40\0\0\0\xe7\x36\0\0\xc8\
\x01\0\0\x80\0\0\0\xf0\x36\0\0\x99\0\0\0\xc0\0\0\0\xed\x21\0\0\xc9\x01\0\0\0\
\x01\0\0\xf7\x36\0\0\x99\0\0\0\x40\x01\0\0\xfb\x36\0\0\xcb\x01\0\0\x80\x01\0\0\
\x19\0\0\0\x99\0\0\0\xc0\x01\0\0\x04\x37\0\0\x99\0\0\0\0\x02\0\0\x07\x37\0\0\
\xcd\x01\0\0\x40\x02\0\0\xb4\x27\0\0\x99\0\0\0\x80\x02\0\0\x8c\x0e\0\0\x99\0\0\
\0\xc0\x02\0\0\x11\x37\0\0\x99\0\0\0\0\x03\0\0\x1b\x37\0\0\xce\x01\0\0\x40\x03\
\0\0\x25\x37\0\0\xcf\x01\0\0\x80\x03\0\0\x2f\x37\0\0\x99\0\0\0\xc0\x03\0\0\x38\
\x37\0\0\xd0\x01\0\0\0\x04\0\0\x42\x37\0\0\xd0\x01\0\0\x80\x04\0\0\x4c\x37\0\0\
\x99\0\0\0\0\x05\0\0\x5c\x37\0\0\x99\0\0\0\x40\x05\0\0\x85\x0f\0\0\x99\0\0\0\
\x80\x05\0\0\x66\x37\0\0\x99\0\0\0\xc0\x05\0\0\x75\x37\0\0\x99\0\0\0\0\x06\0\0\
\0\0\0\0\0\0\0\x02\x6b\x02\0\0\0\0\0\0\0\0\0\x02\x6c\x02\0\0\x84\x37\0\0\x02\0\
\0\x05\x08\0\0\0\x97\x37\0\0\x31\0\0\0\0\0\0\0\0\0\0\0\xca\x01\0\0\0\0\0\0\0\0\
\0\0\x03\0\0\x04\x08\0\0\0\x9c\x37\0\0\x15\0\0\0\0\0\0\0\xa4\x37\0\0\x1e\0\0\0\
\x20\0\0\0\xab\x37\0\0\x1e\0\0\0\x30\0\0\0\xb2\x37\0\0\x02\0\0\x05\x08\0\0\0\
\xf8\x0a\0\0\x31\0\0\0\0\0\0\0\0\0\0\0\xcc\x01\0\0\0\0\0\0\0\0\0\0\x0a\0\0\x84\
\x08\0\0\0\xc4\x37\0\0\x31\0\0\0\0\0\0\x05\xcb\x37\0\0\x31\0\0\0\x05\0\0\x0e\
\xd3\x37\0\0\x31\0\0\0\x13\0\0\x05\xdd\x37\0\0\x31\0\0\0\x18\0\0\x02\xe6\x37\0\
\0\x31\0\0\0\x1a\0\0\x07\xef\x37\0\0\x31\0\0\0\x21\0\0\x04\xfb\x37\0\0\x31\0\0\
\0\x25\0\0\x01\x06\x38\0\0\x31\0\0\0\x26\0\0\x02\x11\x38\0\0\x31\0\0\0\x28\0\0\
\x03\x19\x38\0\0\x31\0\0\0\x2b\0\0\x15\0\0\0\0\x02\0\0\x04\x08\0\0\0\xbb\x14\0\
\0\x14\0\0\0\0\0\0\0\x22\x38\0\0\x14\0\0\0\x20\0\0\0\0\0\0\0\x02\0\0\x04\x08\0\
\0\0\x1c\x17\0\0\x14\0\0\0\0\0\0\0\x26\x38\0\0\x14\0\0\0\x20\0\0\0\0\0\0\0\0\0\
\0\x02\x6d\x02\0\0\x2f\x38\0\0\x02\0\0\x04\x10\0\0\0\x39\x38\0\0\x31\0\0\0\0\0\
\0\0\x3d\x38\0\0\xd1\x01\0\0\x40\0\0\0\0\0\0\0\0\0\0\x02\xd2\x01\0\0\x42\x38\0\
\0\x09\0\0\x04\x50\x01\0\0\0\0\0\0\xd3\x01\0\0\0\0\0\0\x4a\x38\0\0\x99\0\0\0\
\x80\x08\0\0\x52\x38\0\0\xd8\x01\0\0\xc0\x08\0\0\x5c\x38\0\0\x14\0\0\0\xe0\x08\
\0\0\x64\x38\0\0\x99\0\0\0\0\x09\0\0\x6f\x38\0\0\x99\0\0\0\x40\x09\0\0\x78\x38\
\0\0\xd9\x01\0\0\x80\x09\0\0\x83\x38\0\0\x99\0\0\0\0\x0a\0\0\x94\x38\0\0\x99\0\
\0\0\x40\x0a\0\0\0\0\0\0\x02\0\0\x05\x10\x01\0\0\x9d\x38\0\0\xd4\x01\0\0\0\0\0\
\0\0\0\0\0\xd6\x01\0\0\0\0\0\0\xa7\x38\0\0\x04\0\0\x04\x10\x01\0\0\x3d\x38\0\0\
\xd5\x01\0\0\0\0\0\0\xc9\x2d\0\0\x31\0\0\0\xc0\x07\0\0\xcc\x2d\0\0\x31\0\0\0\0\
\x08\0\0\xb4\x38\0\0\x31\0\0\0\x40\x08\0\0\0\0\0\0\0\0\0\x03\0\0\0\0\x31\0\0\0\
\x04\0\0\0\x1f\0\0\0\0\0\0\0\x04\0\0\x04\x10\x01\0\0\x3d\x38\0\0\xd7\x01\0\0\0\
\0\0\0\xc9\x2d\0\0\x99\0\0\0\xc0\x07\0\0\xcc\x2d\0\0\x99\0\0\0\0\x08\0\0\xb4\
\x38\0\0\x99\0\0\0\x40\x08\0\0\0\0\0\0\0\0\0\x03\0\0\0\0\x99\0\0\0\x04\0\0\0\
\x1f\0\0\0\xbb\x38\0\0\0\0\0\x08\x94\0\0\0\0\0\0\0\0\0\0\x03\0\0\0\0\x99\0\0\0\
\x04\0\0\0\x02\0\0\0\0\0\0\0\0\0\0\x02\x41\x02\0\0\0\0\0\0\0\0\0\x02\x65\x02\0\
\0\0\0\0\0\0\0\0\x02\x66\x02\0\0\x3e\x31\0\0\x0b\0\0\x04\xb0\0\0\0\xed\x0e\0\0\
\xde\x01\0\0\0\0\0\0\x48\x09\0\0\xe1\x01\0\0\x40\0\0\0\x0f\x0c\0\0\x4f\0\0\0\
\x80\0\0\0\xbf\x38\0\0\xa3\0\0\0\xc0\0\0\0\xc7\x38\0\0\xde\x01\0\0\0\x01\0\0\
\xd2\x38\0\0\xe4\x01\0\0\x40\x01\0\0\xdd\x38\0\0\xe6\x01\0\0\xc0\x02\0\0\xe7\
\x38\0\0\xe4\x01\0\0\0\x03\0\0\xf0\x38\0\0\x4f\0\0\0\x80\x04\0\0\xfb\x38\0\0\
\x4f\0\0\0\xc0\x04\0\0\x94\x12\0\0\x69\0\0\0\0\x05\0\0\x0b\x39\0\0\0\0\0\x08\
\xdf\x01\0\0\0\0\0\0\0\0\0\x02\xe0\x01\0\0\0\0\0\0\x04\0\0\x0d\0\0\0\0\0\0\0\0\
\x4f\0\0\0\0\0\0\0\x4f\0\0\0\0\0\0\0\xe1\x01\0\0\0\0\0\0\xe2\x01\0\0\0\0\0\0\0\
\0\0\x02\xdd\x01\0\0\0\0\0\0\0\0\0\x02\xe3\x01\0\0\x19\x39\0\0\x01\0\0\x04\x50\
\x01\0\0\x3d\x38\0\0\xd2\x01\0\0\0\0\0\0\x25\x39\0\0\x03\0\0\x04\x30\0\0\0\x35\
\x39\0\0\xe5\x01\0\0\0\0\0\0\x42\x39\0\0\xe5\x01\0\0\x40\0\0\0\x4e\x39\0\0\x82\
\x01\0\0\x80\0\0\0\0\0\0\0\0\0\0\x02\x67\x02\0\0\0\0\0\0\0\0\0\x02\xe4\x01\0\0\
\0\0\0\0\0\0\0\x03\0\0\0\0\x9e\x01\0\0\x04\0\0\0\x10\0\0\0\x59\x39\0\0\x05\0\0\
\x04\x50\0\0\0\x6b\x39\0\0\xe9\x01\0\0\0\0\0\0\x70\x39\0\0\xe9\x01\0\0\x80\0\0\
\0\x75\x39\0\0\xe9\x01\0\0\0\x01\0\0\x7a\x39\0\0\xe9\x01\0\0\x80\x01\0\0\x7f\
\x39\0\0\xe9\x01\0\0\0\x02\0\0\x84\x39\0\0\x02\0\0\x04\x10\0\0\0\x90\x39\0\0\
\x4f\0\0\0\0\0\0\0\x93\x39\0\0\x4f\0\0\0\x40\0\0\0\x96\x39\0\0\x01\0\0\x04\x10\
\0\0\0\x6b\x39\0\0\xe9\x01\0\0\0\0\0\0\x7b\x40\0\0\x02\0\0\x04\x88\x03\0\0\0\0\
\0\0\xec\x01\0\0\0\0\0\0\x85\x40\0\0\x16\x02\0\0\x40\x1c\0\0\0\0\0\0\x36\0\0\
\x04\x88\x03\0\0\x7b\x32\0\0\x1d\x01\0\0\0\0\0\0\x90\x40\0\0\x92\0\0\0\x40\0\0\
\0\x96\x40\0\0\x99\0\0\0\x80\0\0\0\xa6\x40\0\0\xed\x01\0\0\xc0\0\0\0\xb8\x40\0\
\0\x4f\0\0\0\0\x01\0\0\xc2\x40\0\0\x4f\0\0\0\x40\x01\0\0\xd3\x40\0\0\x4f\0\0\0\
\x80\x01\0\0\xdd\x40\0\0\x4f\0\0\0\xc0\x01\0\0\xec\x40\0\0\x01\x02\0\0\0\x02\0\
\0\xf0\x40\0\0\x59\0\0\0\x40\x02\0\0\x01\x41\0\0\x59\0\0\0\x60\x02\0\0\x0a\x41\
\0\0\x59\0\0\0\x80\x02\0\0\x13\x41\0\0\x29\x01\0\0\xc0\x02\0\0\x22\x41\0\0\x02\
\0\0\0\0\x03\0\0\x2c\x41\0\0\x5e\0\0\0\x20\x03\0\0\x3c\x41\0\0\x05\x02\0\0\x40\
\x03\0\0\x46\x41\0\0\x69\0\0\0\x80\x04\0\0\x4d\x41\0\0\x4f\0\0\0\0\x05\0\0\x59\
\x41\0\0\x4f\0\0\0\x40\x05\0\0\x64\x41\0\0\x4f\0\0\0\x80\x05\0\0\x6d\x41\0\0\
\x4f\0\0\0\xc0\x05\0\0\x77\x41\0\0\x49\0\0\0\0\x06\0\0\x81\x41\0\0\x4f\0\0\0\
\x40\x06\0\0\x89\x41\0\0\x4f\0\0\0\x80\x06\0\0\x91\x41\0\0\x4f\0\0\0\xc0\x06\0\
\0\x9a\x41\0\0\x4f\0\0\0\0\x07\0\0\xa4\x41\0\0\x7c\x01\0\0\x40\x07\0\0\xb6\x41\
\0\0\x5e\0\0\0\x60\x07\0\0\xbf\x41\0\0\x4f\0\0\0\x80\x07\0\0\xca\x41\0\0\x4f\0\
\0\0\xc0\x07\0\0\xd3\x41\0\0\x4f\0\0\0\0\x08\0\0\xde\x41\0\0\x4f\0\0\0\x40\x08\
\0\0\xe7\x41\0\0\x4f\0\0\0\x80\x08\0\0\xf1\x41\0\0\x4f\0\0\0\xc0\x08\0\0\xf5\
\x41\0\0\x4f\0\0\0\0\x09\0\0\x01\x42\0\0\x4f\0\0\0\x40\x09\0\0\x0b\x42\0\0\x4f\
\0\0\0\x80\x09\0\0\x13\x42\0\0\x4f\0\0\0\xc0\x09\0\0\x1d\x42\0\0\x4f\0\0\0\0\
\x0a\0\0\x25\x42\0\0\x06\x02\0\0\x40\x0a\0\0\xa3\x19\0\0\x07\x02\0\0\xc0\x15\0\
\0\x30\x42\0\0\x09\x02\0\0\xc0\x16\0\0\x37\x42\0\0\x0a\x02\0\0\0\x17\0\0\x0f\
\x0c\0\0\x4f\0\0\0\x40\x18\0\0\x3f\x42\0\0\x0c\x02\0\0\x80\x18\0\0\x4a\x42\0\0\
\x5e\0\0\0\xc0\x18\0\0\x55\x42\0\0\x0d\x02\0\0\0\x19\0\0\xac\x29\0\0\x54\x01\0\
\0\x40\x19\0\0\x61\x42\0\0\xd3\0\0\0\x80\x19\0\0\x6a\x42\0\0\x59\0\0\0\xc0\x19\
\0\0\x7c\x42\0\0\x0e\x02\0\0\0\x1a\0\0\x8a\x42\0\0\x10\x02\0\0\x40\x1a\0\0\x99\
\x42\0\0\x14\0\0\0\x40\x1b\0\0\x9f\x42\0\0\x15\x02\0\0\x80\x1b\0\0\0\0\0\0\0\0\
\0\x02\xee\x01\0\0\0\0\0\0\x05\0\0\x0d\x4f\0\0\0\0\0\0\0\xd3\0\0\0\0\0\0\0\x4f\
\0\0\0\0\0\0\0\x4f\0\0\0\0\0\0\0\x4f\0\0\0\0\0\0\0\x4f\0\0\0\xe1\x13\0\0\x15\0\
\0\x04\xf0\0\0\0\xa7\x42\0\0\xf0\x01\0\0\0\0\0\0\xab\x42\0\0\xf1\x01\0\0\x80\0\
\0\0\xb2\x42\0\0\xf4\x01\0\0\x40\x01\0\0\xba\x42\0\0\xf5\x01\0\0\x80\x01\0\0\
\xbf\x42\0\0\x5e\0\0\0\xc0\x01\0\0\xc6\x42\0\0\xf7\x01\0\0\xe0\x01\0\0\xd3\x42\
\0\0\x29\x01\0\0\0\x02\0\0\xdb\x42\0\0\x16\0\0\0\x40\x02\0\0\xe3\x42\0\0\xf8\
\x01\0\0\x60\x02\0\0\xea\x42\0\0\x82\x01\0\0\x80\x02\0\0\xf5\x42\0\0\xf9\x01\0\
\0\x80\x03\0\0\xfb\x42\0\0\xfb\x01\0\0\xc0\x03\0\0\x03\x43\0\0\x9f\0\0\0\xc0\
\x04\0\0\x0a\x43\0\0\xfd\x01\0\0\0\x05\0\0\x0f\x43\0\0\x99\0\0\0\0\x06\0\0\x19\
\x43\0\0\xa3\0\0\0\x40\x06\0\0\x24\x43\0\0\xa3\0\0\0\x80\x06\0\0\x31\x43\0\0\
\xfe\x01\0\0\xc0\x06\0\0\x36\x43\0\0\xff\x01\0\0\0\x07\0\0\x40\x43\0\0\0\x02\0\
\0\x40\x07\0\0\x49\x43\0\0\0\x02\0\0\x60\x07\0\0\0\0\0\0\x02\0\0\x05\x10\0\0\0\
\x52\x43\0\0\xf5\0\0\0\0\0\0\0\x5b\x43\0\0\x8b\0\0\0\0\0\0\0\x66\x43\0\0\x03\0\
\0\x04\x18\0\0\0\x6b\x43\0\0\xf2\x01\0\0\0\0\0\0\x6f\x43\0\0\xf3\x01\0\0\x40\0\
\0\0\x76\x43\0\0\x02\0\0\0\x80\0\0\0\0\0\0\0\0\0\0\x02\x35\x02\0\0\0\0\0\0\0\0\
\0\x02\x36\x02\0\0\0\0\0\0\0\0\0\x02\x38\x02\0\0\0\0\0\0\0\0\0\x02\xf6\x01\0\0\
\0\0\0\0\0\0\0\x0a\x4a\x02\0\0\x81\x43\0\0\x06\0\0\x06\x04\0\0\0\x89\x43\0\0\0\
\0\0\0\x9c\x43\0\0\x01\0\0\0\xac\x43\0\0\x02\0\0\0\xbd\x43\0\0\x03\0\0\0\xcf\
\x43\0\0\x04\0\0\0\xdf\x43\0\0\x05\0\0\0\xf2\x43\0\0\0\0\0\x08\x16\0\0\0\xfa\
\x43\0\0\0\0\0\x08\xfa\x01\0\0\x01\x44\0\0\0\0\0\x08\x4d\0\0\0\x11\x44\0\0\x06\
\0\0\x04\x20\0\0\0\x41\x0b\0\0\x73\0\0\0\0\0\0\0\xbb\x14\0\0\x9e\0\0\0\x40\0\0\
\0\x1d\x44\0\0\xfc\x01\0\0\x80\0\0\0\xfd\x14\0\0\x9b\0\0\0\xa0\0\0\0\xfe\x28\0\
\0\x9b\0\0\0\xc0\0\0\0\x26\x44\0\0\x02\0\0\0\xe0\0\0\0\x1d\x44\0\0\x05\0\0\x06\
\x04\0\0\0\x2d\x44\0\0\0\0\0\0\x39\x44\0\0\x01\0\0\0\x46\x44\0\0\x02\0\0\0\x53\
\x44\0\0\x03\0\0\0\x5f\x44\0\0\x04\0\0\0\x6b\x44\0\0\x06\0\0\x04\x20\0\0\0\x79\
\x44\0\0\x4f\0\0\0\0\0\0\0\x3e\x0f\0\0\x16\0\0\0\x40\0\0\0\x7f\x44\0\0\x16\0\0\
\0\x60\0\0\0\x8a\x44\0\0\x16\0\0\0\x80\0\0\0\x93\x44\0\0\x16\0\0\0\xa0\0\0\0\
\x9d\x44\0\0\xf9\x01\0\0\xc0\0\0\0\0\0\0\0\0\0\0\x02\x40\x02\0\0\0\0\0\0\0\0\0\
\x02\x3e\x02\0\0\xa6\x44\0\0\0\0\0\x08\x14\0\0\0\0\0\0\0\0\0\0\x02\x02\x02\0\0\
\xaf\x44\0\0\0\0\0\x08\x03\x02\0\0\0\0\0\0\x01\0\0\x04\x08\0\0\0\xec\x40\0\0\
\x04\x02\0\0\0\0\0\0\xb5\x44\0\0\0\0\0\x08\x99\0\0\0\xbe\x44\0\0\x05\0\0\x04\
\x28\0\0\0\xf2\x20\0\0\x29\x01\0\0\0\0\0\0\x70\x2b\0\0\x29\x01\0\0\x40\0\0\0\
\x76\x2b\0\0\x83\x01\0\0\x80\0\0\0\x65\x0c\0\0\x44\x01\0\0\xa0\0\0\0\x7a\x2b\0\
\0\x69\0\0\0\xc0\0\0\0\0\0\0\0\0\0\0\x03\0\0\0\0\x4f\0\0\0\x04\0\0\0\x2e\0\0\0\
\xcb\x44\0\0\x01\0\0\x04\x20\0\0\0\xf2\x20\0\0\x08\x02\0\0\0\0\0\0\0\0\0\0\0\0\
\0\x03\0\0\0\0\x29\x01\0\0\x04\0\0\0\x04\0\0\0\0\0\0\0\0\0\0\x02\x3d\x02\0\0\
\xd7\x44\0\0\0\0\0\x08\x0b\x02\0\0\0\0\0\0\x05\0\0\x04\x28\0\0\0\x8c\x0e\0\0\
\x49\0\0\0\0\0\0\0\xe4\x44\0\0\xa3\0\0\0\x40\0\0\0\x36\x32\0\0\x57\0\0\0\x80\0\
\0\0\xec\x44\0\0\xa3\0\0\0\xc0\0\0\0\x0f\x0c\0\0\x4f\0\0\0\0\x01\0\0\0\0\0\0\0\
\0\0\x02\x6f\x02\0\0\0\0\0\0\0\0\0\x02\x70\x02\0\0\x7c\x42\0\0\x01\0\0\x04\x08\
\0\0\0\xf1\x44\0\0\x0f\x02\0\0\0\0\0\0\0\0\0\0\0\0\0\x02\x71\x02\0\0\xfa\x44\0\
\0\x03\0\0\x04\x20\0\0\0\x6e\x12\0\0\x29\x01\0\0\0\0\0\0\x90\x0c\0\0\x69\0\0\0\
\x40\0\0\0\xed\x0e\0\0\x11\x02\0\0\xc0\0\0\0\x06\x45\0\0\0\0\0\x08\x12\x02\0\0\
\0\0\0\0\0\0\0\x02\x13\x02\0\0\0\0\0\0\x01\0\0\x0d\0\0\0\0\0\0\0\0\x14\x02\0\0\
\0\0\0\0\0\0\0\x02\x10\x02\0\0\0\0\0\0\x02\0\0\x04\x18\0\0\0\x94\x12\0\0\x69\0\
\0\0\0\0\0\0\x12\x45\0\0\x4f\0\0\0\x80\0\0\0\0\0\0\0\0\0\0\x03\0\0\0\0\x4f\0\0\
\0\x04\0\0\0\0\0\0\0\0\0\0\0\x01\0\0\x0d\x02\0\0\0\x55\x15\0\0\xeb\0\0\0\xba\
\x47\0\0\x01\0\0\x0c\x17\x02\0\0\0\0\0\0\x01\0\0\x0d\x02\0\0\0\x55\x15\0\0\xeb\
\0\0\0\xec\x4f\0\0\x01\0\0\x0c\x19\x02\0\0\0\0\0\0\x01\0\0\x0d\x02\0\0\0\x55\
\x15\0\0\xeb\0\0\0\x90\x50\0\0\x01\0\0\x0c\x1b\x02\0\0\0\0\0\0\x01\0\0\x0d\x02\
\0\0\0\x55\x15\0\0\xeb\0\0\0\x7c\x51\0\0\x01\0\0\x0c\x1d\x02\0\0\0\0\0\0\x01\0\
\0\x0d\x02\0\0\0\x55\x15\0\0\xeb\0\0\0\x4a\x52\0\0\x01\0\0\x0c\x1f\x02\0\0\0\0\
\0\0\0\0\0\x02\x22\x02\0\0\x06\x55\0\0\x18\0\0\x04\0\x01\0\0\xe6\x13\0\0\x23\
\x02\0\0\0\0\0\0\x0e\x55\0\0\x21\x02\0\0\x40\0\0\0\x1d\x0c\0\0\xa3\0\0\0\x80\0\
\0\0\x1d\x55\0\0\x25\x02\0\0\xc0\0\0\0\x24\x15\0\0\x14\0\0\0\xe0\0\0\0\x2d\x15\
\0\0\x14\0\0\0\0\x01\0\0\x1e\0\0\0\x14\0\0\0\x20\x01\0\0\x26\x55\0\0\x14\0\0\0\
\x40\x01\0\0\x30\x55\0\0\x02\0\0\0\x60\x01\0\0\x3e\x55\0\0\x02\0\0\0\x80\x01\0\
\0\x8c\x0e\0\0\x14\0\0\0\xa0\x01\0\0\x48\x55\0\0\x02\0\0\0\xc0\x01\0\0\x52\x55\
\0\0\x14\0\0\0\xe0\x01\0\0\x62\x55\0\0\x14\0\0\0\0\x02\0\0\x74\x55\0\0\x26\x02\
\0\0\x40\x02\0\0\x78\x55\0\0\x58\x01\0\0\x80\x02\0\0\x7d\x55\0\0\x14\0\0\0\0\
\x03\0\0\x97\x55\0\0\x25\0\0\0\x20\x03\0\0\x8b\x1a\0\0\x25\0\0\0\x28\x03\0\0\
\xaa\x0b\0\0\x49\0\0\0\0\x04\0\0\xa6\x55\0\0\x49\0\0\0\x40\x04\0\0\xae\x55\0\0\
\x10\x02\0\0\x80\x04\0\0\xb3\x55\0\0\x82\x01\0\0\x80\x05\0\0\xc0\x55\0\0\x49\0\
\0\0\x80\x06\0\0\0\0\0\0\0\0\0\x02\x24\x02\0\0\0\0\0\0\0\0\0\x0a\x4c\x02\0\0\
\xc9\x55\0\0\x1e\0\0\x06\x04\0\0\0\xd6\x55\0\0\0\0\0\0\xea\x55\0\0\x01\0\0\0\
\xfc\x55\0\0\x02\0\0\0\x0f\x56\0\0\x03\0\0\0\x27\x56\0\0\x04\0\0\0\x45\x56\0\0\
\x05\0\0\0\x5e\x56\0\0\x06\0\0\0\x78\x56\0\0\x07\0\0\0\x91\x56\0\0\x08\0\0\0\
\xab\x56\0\0\x09\0\0\0\xc1\x56\0\0\x0a\0\0\0\xde\x56\0\0\x0b\0\0\0\xf4\x56\0\0\
\x0c\0\0\0\x0f\x57\0\0\x0d\0\0\0\x29\x57\0\0\x0e\0\0\0\x3d\x57\0\0\x0f\0\0\0\
\x52\x57\0\0\x10\0\0\0\x66\x57\0\0\x11\0\0\0\x7a\x57\0\0\x12\0\0\0\x90\x57\0\0\
\x13\0\0\0\xac\x57\0\0\x14\0\0\0\xcd\x57\0\0\x15\0\0\0\xf0\x57\0\0\x16\0\0\0\
\x03\x58\0\0\x17\0\0\0\x16\x58\0\0\x18\0\0\0\x2e\x58\0\0\x19\0\0\0\x47\x58\0\0\
\x1a\0\0\0\x5f\x58\0\0\x1b\0\0\0\x74\x58\0\0\x1c\0\0\0\x8f\x58\0\0\x1d\0\0\0\0\
\0\0\0\0\0\0\x02\x4b\x02\0\0\0\0\0\0\x04\0\0\x0d\x02\0\0\0\xa9\x58\0\0\x21\x02\
\0\0\x9c\x02\0\0\x0d\0\0\0\xf8\x0a\0\0\x22\0\0\0\x6e\x12\0\0\xa2\0\0\0\xad\x58\
\0\0\0\0\0\x0c\x27\x02\0\0\0\0\0\0\0\0\0\x03\0\0\0\0\x25\x01\0\0\x04\0\0\0\x0d\
\0\0\0\x2c\x59\0\0\0\0\0\x0e\x29\x02\0\0\x01\0\0\0\0\0\0\0\0\0\0\x03\0\0\0\0\
\x25\x01\0\0\x04\0\0\0\x56\0\0\0\x34\x59\0\0\0\0\0\x0e\x2b\x02\0\0\0\0\0\0\0\0\
\0\0\0\0\0\x03\0\0\0\0\x25\x01\0\0\x04\0\0\0\x47\0\0\0\x50\x59\0\0\0\0\0\x0e\
\x2d\x02\0\0\0\0\0\0\0\0\0\0\0\0\0\x03\0\0\0\0\x25\x01\0\0\x04\0\0\0\x30\0\0\0\
\x79\x59\0\0\0\0\0\x0e\x2f\x02\0\0\0\0\0\0\xa4\x59\0\0\x05\0\0\x0f\0\0\0\0\x08\
\0\0\0\0\0\0\0\x10\0\0\0\x28\0\0\0\0\0\0\0\x20\0\0\0\xcb\0\0\0\0\0\0\0\x20\0\0\
\0\xe0\0\0\0\0\0\0\0\x20\0\0\0\xea\0\0\0\0\0\0\0\x20\0\0\0\xaa\x59\0\0\x03\0\0\
\x0f\0\0\0\0\x2c\x02\0\0\0\0\0\0\x56\0\0\0\x2e\x02\0\0\x56\0\0\0\x47\0\0\0\x30\
\x02\0\0\x9d\0\0\0\x30\0\0\0\xb2\x59\0\0\x01\0\0\x0f\0\0\0\0\x2a\x02\0\0\0\0\0\
\0\x0d\0\0\0\xba\x59\0\0\0\0\0\x07\0\0\0\0\xc9\x59\0\0\0\0\0\x07\0\0\0\0\x6f\
\x43\0\0\0\0\0\x07\0\0\0\0\x93\x17\0\0\0\0\0\x07\0\0\0\0\xd2\x59\0\0\0\0\0\x07\
\0\0\0\0\xd8\x59\0\0\0\0\0\x07\0\0\0\0\xc1\x21\0\0\0\0\0\x07\0\0\0\0\xed\x59\0\
\0\0\0\0\x07\0\0\0\0\x85\x0f\0\0\0\0\0\x07\0\0\0\0\xf8\x59\0\0\0\0\0\x07\0\0\0\
\0\x05\x5a\0\0\0\0\0\x07\0\0\0\0\x32\x0f\0\0\0\0\0\x07\0\0\0\0\x13\x5a\0\0\0\0\
\0\x07\0\0\0\0\x1e\x5a\0\0\0\0\0\x07\0\0\0\0\x09\x0d\0\0\0\0\0\x07\0\0\0\0\x27\
\x5a\0\0\0\0\0\x07\0\0\0\0\x37\x5a\0\0\0\0\0\x07\0\0\0\0\x45\x5a\0\0\0\0\0\x07\
\0\0\0\0\x51\x5a\0\0\0\0\0\x07\0\0\0\0\x62\x09\0\0\0\0\0\x07\0\0\0\0\xb4\x29\0\
\0\0\0\0\x07\0\0\0\0\x5c\x5a\0\0\0\0\0\x07\0\0\0\0\x67\x5a\0\0\0\0\0\x07\0\0\0\
\0\x74\x55\0\0\0\0\0\x07\0\0\0\0\x77\x5a\0\0\0\0\0\x07\0\0\0\0\x83\x5a\0\0\0\0\
\0\x07\0\0\0\0\x9b\x5a\0\0\0\0\0\x07\0\0\0\0\xa5\x5a\0\0\0\0\0\x07\0\0\0\0\xb8\
\x5a\0\0\0\0\0\x07\0\0\0\0\xc5\x5a\0\0\0\0\0\x07\0\0\0\0\x61\x03\0\0\0\0\0\x07\
\0\0\0\0\xbb\x14\0\0\0\0\0\x07\0\0\0\0\xd7\x5a\0\0\0\0\0\x07\0\0\0\0\x9c\x02\0\
\0\0\0\0\x07\0\0\0\0\xbc\x29\0\0\0\0\0\x07\0\0\0\0\xe5\x5a\0\0\0\0\0\x07\0\0\0\
\0\xf4\x5a\0\0\0\0\0\x07\0\0\0\0\xfd\x5a\0\0\0\0\0\x07\0\0\0\0\x0f\x5b\0\0\0\0\
\0\x07\0\0\0\0\x1e\x5b\0\0\0\0\0\x07\0\0\0\0\x1e\x1c\0\0\0\0\0\x07\0\0\0\0\x25\
\x5b\0\0\0\0\0\x07\0\0\0\0\x33\x5b\0\0\0\0\0\x07\0\0\0\0\x3d\x5b\0\0\0\0\0\x07\
\0\0\0\0\x4a\x5b\0\0\0\0\0\x07\0\0\0\0\x52\x5b\0\0\0\0\0\x07\0\0\0\0\x6e\x1d\0\
\0\0\0\0\x07\0\0\0\0\x9b\x1d\0\0\0\0\0\x07\0\0\0\0\x8a\x1d\0\0\0\0\0\x07\0\0\0\
\0\x60\x5b\0\0\0\0\0\x07\0\0\0\0\x71\x5b\0\0\0\0\0\x07\0\0\0\0\x7e\x5b\0\0\0\0\
\0\x07\0\0\0\0\xad\x2b\0\0\0\0\0\x07\0\0\0\0\x8a\x5b\0\0\0\0\0\x07\0\0\0\0\x96\
\x5b\0\0\0\0\0\x07\0\0\0\0\xad\x5b\0\0\0\0\0\x07\0\0\0\0\xbd\x5b\0\0\0\0\0\x07\
\0\0\0\0\xcf\x5b\0\0\0\0\0\x07\0\0\0\0\xe4\x5b\0\0\0\0\0\x07\0\0\0\0\x3f\x42\0\
\0\0\0\0\x07\0\0\0\0\xf3\x5b\0\0\0\0\0\x07\0\0\0\0\xf1\x44\0\0\0\0\0\x07\0\0\0\
\0\xd0\x26\0\0\0\0\0\x07\0\0\0\0\0\x5c\0\0\0\0\0\x07\0\0\0\0\x10\x5c\0\0\0\0\0\
\x07\0\0\0\0\x64\x1c\0\0\0\0\0\x07\0\0\0\0\x18\x5c\0\0\0\0\0\x07\0\0\0\0\x26\
\x5c\0\0\0\0\0\x07\0\0\0\0\xcc\x1c\0\0\0\0\0\x07\0\0\0\0\x35\x5c\0\0\0\0\0\x07\
\0\0\0\0\x44\x5c\0\0\0\0\0\x07\0\0\0\0\x54\x5c\0\0\0\0\0\x07\0\0\0\0\x7c\x1d\0\
\0\0\0\0\x07\0\0\0\0\xa6\x1d\0\0\0\0\0\x07\0\0\0\0\x5d\x5c\0\0\0\0\0\x07\0\0\0\
\0\x6e\x5c\0\0\0\0\0\x07\0\0\0\0\x86\x5c\0\0\0\0\0\x07\0\0\0\0\xf2\x1e\0\0\0\0\
\0\x07\0\0\0\0\x95\x5c\0\0\0\0\0\x07\0\0\0\0\xa6\x5c\0\0\0\0\0\x07\0\0\0\0\xb2\
\x5c\0\0\0\0\0\x07\0\0\0\0\xbc\x5c\0\0\0\0\0\x07\0\0\0\0\xc8\x5c\0\0\0\0\0\x07\
\0\0\0\0\0\x69\x6e\x74\0\x5f\x5f\x41\x52\x52\x41\x59\x5f\x53\x49\x5a\x45\x5f\
\x54\x59\x50\x45\x5f\x5f\0\x74\x79\x70\x65\0\x6d\x61\x78\x5f\x65\x6e\x74\x72\
\x69\x65\x73\0\x72\x62\0\x63\x72\x6f\x73\x5f\x66\x6c\x6f\x77\x5f\x6d\x61\x70\
\x5f\x6b\x65\x79\0\x66\x69\x76\x65\x5f\x74\x75\x70\x6c\x65\0\x73\x6f\x63\x6b\0\
\x63\x72\x6f\x73\x5f\x6e\x65\x74\x77\x6f\x72\x6b\x5f\x35\x5f\x74\x75\x70\x6c\
\x65\0\x66\x61\x6d\x69\x6c\x79\0\x70\x72\x6f\x74\x6f\x63\x6f\x6c\0\x73\x6f\x75\
\x72\x63\x65\x5f\x61\x64\x64\x72\0\x73\x6f\x75\x72\x63\x65\x5f\x70\x6f\x72\x74\
\0\x64\x65\x73\x74\x5f\x61\x64\x64\x72\0\x64\x65\x73\x74\x5f\x70\x6f\x72\x74\0\
\x63\x72\x6f\x73\x5f\x6e\x65\x74\x77\x6f\x72\x6b\x5f\x66\x61\x6d\x69\x6c\x79\0\
\x43\x52\x4f\x53\x5f\x46\x41\x4d\x49\x4c\x59\x5f\x41\x46\x5f\x49\x4e\x45\x54\0\
\x43\x52\x4f\x53\x5f\x46\x41\x4d\x49\x4c\x59\x5f\x41\x46\x5f\x49\x4e\x45\x54\
\x36\0\x63\x72\x6f\x73\x5f\x6e\x65\x74\x77\x6f\x72\x6b\x5f\x70\x72\x6f\x74\x6f\
\x63\x6f\x6c\0\x43\x52\x4f\x53\x5f\x50\x52\x4f\x54\x4f\x43\x4f\x4c\x5f\x54\x43\
\x50\0\x43\x52\x4f\x53\x5f\x50\x52\x4f\x54\x4f\x43\x4f\x4c\x5f\x55\x44\x50\0\
\x43\x52\x4f\x53\x5f\x50\x52\x4f\x54\x4f\x43\x4f\x4c\x5f\x49\x43\x4d\x50\0\x43\
\x52\x4f\x53\x5f\x50\x52\x4f\x54\x4f\x43\x4f\x4c\x5f\x49\x43\x4d\x50\x36\0\x43\
\x52\x4f\x53\x5f\x50\x52\x4f\x54\x4f\x43\x4f\x4c\x5f\x52\x41\x57\0\x43\x52\x4f\
\x53\x5f\x50\x52\x4f\x54\x4f\x43\x4f\x4c\x5f\x55\x4e\x4b\x4e\x4f\x57\x4e\0\x63\
\x72\x6f\x73\x5f\x69\x70\x5f\x61\x64\x64\x72\0\x61\x64\x64\x72\x34\0\x61\x64\
\x64\x72\x36\0\x75\x69\x6e\x74\x33\x32\x5f\x74\0\x75\x33\x32\0\x5f\x5f\x75\x33\
\x32\0\x75\x6e\x73\x69\x67\x6e\x65\x64\x20\x69\x6e\x74\0\x75\x69\x6e\x74\x38\
\x5f\x74\0\x75\x38\0\x5f\x5f\x75\x38\0\x75\x6e\x73\x69\x67\x6e\x65\x64\x20\x63\
\x68\x61\x72\0\x75\x69\x6e\x74\x31\x36\x5f\x74\0\x75\x31\x36\0\x5f\x5f\x75\x31\
\x36\0\x75\x6e\x73\x69\x67\x6e\x65\x64\x20\x73\x68\x6f\x72\x74\0\x63\x72\x6f\
\x73\x5f\x66\x6c\x6f\x77\x5f\x6d\x61\x70\x5f\x76\x61\x6c\x75\x65\0\x64\x69\x72\
\x65\x63\x74\x69\x6f\x6e\0\x74\x78\x5f\x62\x79\x74\x65\x73\0\x72\x78\x5f\x62\
\x79\x74\x65\x73\0\x67\x61\x72\x62\x61\x67\x65\x5f\x63\x6f\x6c\x6c\x65\x63\x74\
\x5f\x6d\x65\0\x63\x72\x6f\x73\x5f\x6e\x65\x74\x77\x6f\x72\x6b\x5f\x73\x6f\x63\
\x6b\x65\x74\x5f\x64\x69\x72\x65\x63\x74\x69\x6f\x6e\0\x43\x52\x4f\x53\x5f\x53\
\x4f\x43\x4b\x45\x54\x5f\x44\x49\x52\x45\x43\x54\x49\x4f\x4e\x5f\x49\x4e\0\x43\
\x52\x4f\x53\x5f\x53\x4f\x43\x4b\x45\x54\x5f\x44\x49\x52\x45\x43\x54\x49\x4f\
\x4e\x5f\x4f\x55\x54\0\x43\x52\x4f\x53\x5f\x53\x4f\x43\x4b\x45\x54\x5f\x44\x49\
\x52\x45\x43\x54\x49\x4f\x4e\x5f\x55\x4e\x4b\x4e\x4f\x57\x4e\0\x62\x6f\x6f\x6c\
\0\x5f\x42\x6f\x6f\x6c\0\x6b\x65\x79\0\x76\x61\x6c\x75\x65\0\x63\x72\x6f\x73\
\x5f\x6e\x65\x74\x77\x6f\x72\x6b\x5f\x66\x6c\x6f\x77\x5f\x6d\x61\x70\0\x5f\x5f\
\x73\x6b\x5f\x63\x6f\x6d\x6d\x6f\x6e\0\x73\x6b\x5f\x6c\x6f\x63\x6b\0\x73\x6b\
\x5f\x64\x72\x6f\x70\x73\0\x73\x6b\x5f\x72\x63\x76\x6c\x6f\x77\x61\x74\0\x73\
\x6b\x5f\x65\x72\x72\x6f\x72\x5f\x71\x75\x65\x75\x65\0\x73\x6b\x5f\x72\x78\x5f\
\x73\x6b\x62\x5f\x63\x61\x63\x68\x65\0\x73\x6b\x5f\x72\x65\x63\x65\x69\x76\x65\
\x5f\x71\x75\x65\x75\x65\0\x73\x6b\x5f\x62\x61\x63\x6b\x6c\x6f\x67\0\x73\x6b\
\x5f\x66\x6f\x72\x77\x61\x72\x64\x5f\x61\x6c\x6c\x6f\x63\0\x73\x6b\x5f\x6c\x6c\
\x5f\x75\x73\x65\x63\0\x73\x6b\x5f\x6e\x61\x70\x69\x5f\x69\x64\0\x73\x6b\x5f\
\x72\x63\x76\x62\x75\x66\0\x73\x6b\x5f\x77\x61\x69\x74\x5f\x70\x65\x6e\x64\x69\
\x6e\x67\0\x73\x6b\x5f\x66\x69\x6c\x74\x65\x72\0\x73\x6b\x5f\x70\x6f\x6c\x69\
\x63\x79\0\x73\x6b\x5f\x72\x78\x5f\x64\x73\x74\0\x73\x6b\x5f\x72\x78\x5f\x64\
\x73\x74\x5f\x69\x66\x69\x6e\x64\x65\x78\0\x73\x6b\x5f\x72\x78\x5f\x64\x73\x74\
\x5f\x63\x6f\x6f\x6b\x69\x65\0\x73\x6b\x5f\x64\x73\x74\x5f\x63\x61\x63\x68\x65\
\0\x73\x6b\x5f\x6f\x6d\x65\x6d\x5f\x61\x6c\x6c\x6f\x63\0\x73\x6b\x5f\x73\x6e\
\x64\x62\x75\x66\0\x73\x6b\x5f\x77\x6d\x65\x6d\x5f\x71\x75\x65\x75\x65\x64\0\
\x73\x6b\x5f\x77\x6d\x65\x6d\x5f\x61\x6c\x6c\x6f\x63\0\x73\x6b\x5f\x74\x73\x71\
\x5f\x66\x6c\x61\x67\x73\0\x73\x6b\x5f\x74\x78\x5f\x73\x6b\x62\x5f\x63\x61\x63\
\x68\x65\0\x73\x6b\x5f\x77\x72\x69\x74\x65\x5f\x71\x75\x65\x75\x65\0\x73\x6b\
\x5f\x70\x65\x65\x6b\x5f\x6f\x66\x66\0\x73\x6b\x5f\x77\x72\x69\x74\x65\x5f\x70\
\x65\x6e\x64\x69\x6e\x67\0\x73\x6b\x5f\x64\x73\x74\x5f\x70\x65\x6e\x64\x69\x6e\
\x67\x5f\x63\x6f\x6e\x66\x69\x72\x6d\0\x73\x6b\x5f\x70\x61\x63\x69\x6e\x67\x5f\
\x73\x74\x61\x74\x75\x73\0\x73\x6b\x5f\x73\x6e\x64\x74\x69\x6d\x65\x6f\0\x73\
\x6b\x5f\x74\x69\x6d\x65\x72\0\x73\x6b\x5f\x70\x72\x69\x6f\x72\x69\x74\x79\0\
\x73\x6b\x5f\x6d\x61\x72\x6b\0\x73\x6b\x5f\x70\x61\x63\x69\x6e\x67\x5f\x72\x61\
\x74\x65\0\x73\x6b\x5f\x6d\x61\x78\x5f\x70\x61\x63\x69\x6e\x67\x5f\x72\x61\x74\
\x65\0\x73\x6b\x5f\x66\x72\x61\x67\0\x73\x6b\x5f\x72\x6f\x75\x74\x65\x5f\x63\
\x61\x70\x73\0\x73\x6b\x5f\x72\x6f\x75\x74\x65\x5f\x6e\x6f\x63\x61\x70\x73\0\
\x73\x6b\x5f\x72\x6f\x75\x74\x65\x5f\x66\x6f\x72\x63\x65\x64\x5f\x63\x61\x70\
\x73\0\x73\x6b\x5f\x67\x73\x6f\x5f\x74\x79\x70\x65\0\x73\x6b\x5f\x67\x73\x6f\
\x5f\x6d\x61\x78\x5f\x73\x69\x7a\x65\0\x73\x6b\x5f\x61\x6c\x6c\x6f\x63\x61\x74\
\x69\x6f\x6e\0\x73\x6b\x5f\x74\x78\x68\x61\x73\x68\0\x73\x6b\x5f\x70\x61\x64\
\x64\x69\x6e\x67\0\x73\x6b\x5f\x6b\x65\x72\x6e\x5f\x73\x6f\x63\x6b\0\x73\x6b\
\x5f\x6e\x6f\x5f\x63\x68\x65\x63\x6b\x5f\x74\x78\0\x73\x6b\x5f\x6e\x6f\x5f\x63\
\x68\x65\x63\x6b\x5f\x72\x78\0\x73\x6b\x5f\x75\x73\x65\x72\x6c\x6f\x63\x6b\x73\
\0\x73\x6b\x5f\x70\x61\x63\x69\x6e\x67\x5f\x73\x68\x69\x66\x74\0\x73\x6b\x5f\
\x74\x79\x70\x65\0\x73\x6b\x5f\x70\x72\x6f\x74\x6f\x63\x6f\x6c\0\x73\x6b\x5f\
\x67\x73\x6f\x5f\x6d\x61\x78\x5f\x73\x65\x67\x73\0\x73\x6b\x5f\x6c\x69\x6e\x67\
\x65\x72\x74\x69\x6d\x65\0\x73\x6b\x5f\x70\x72\x6f\x74\x5f\x63\x72\x65\x61\x74\
\x6f\x72\0\x73\x6b\x5f\x63\x61\x6c\x6c\x62\x61\x63\x6b\x5f\x6c\x6f\x63\x6b\0\
\x73\x6b\x5f\x65\x72\x72\0\x73\x6b\x5f\x65\x72\x72\x5f\x73\x6f\x66\x74\0\x73\
\x6b\x5f\x61\x63\x6b\x5f\x62\x61\x63\x6b\x6c\x6f\x67\0\x73\x6b\x5f\x6d\x61\x78\
\x5f\x61\x63\x6b\x5f\x62\x61\x63\x6b\x6c\x6f\x67\0\x73\x6b\x5f\x75\x69\x64\0\
\x73\x6b\x5f\x70\x72\x65\x66\x65\x72\x5f\x62\x75\x73\x79\x5f\x70\x6f\x6c\x6c\0\
\x73\x6b\x5f\x62\x75\x73\x79\x5f\x70\x6f\x6c\x6c\x5f\x62\x75\x64\x67\x65\x74\0\
\x73\x6b\x5f\x70\x65\x65\x72\x5f\x6c\x6f\x63\x6b\0\x73\x6b\x5f\x70\x65\x65\x72\
\x5f\x70\x69\x64\0\x73\x6b\x5f\x70\x65\x65\x72\x5f\x63\x72\x65\x64\0\x73\x6b\
\x5f\x72\x63\x76\x74\x69\x6d\x65\x6f\0\x73\x6b\x5f\x73\x74\x61\x6d\x70\0\x73\
\x6b\x5f\x74\x73\x66\x6c\x61\x67\x73\0\x73\x6b\x5f\x62\x69\x6e\x64\x5f\x70\x68\
\x63\0\x73\x6b\x5f\x73\x68\x75\x74\x64\x6f\x77\x6e\0\x73\x6b\x5f\x74\x73\x6b\
\x65\x79\0\x73\x6b\x5f\x7a\x63\x6b\x65\x79\0\x73\x6b\x5f\x63\x6c\x6f\x63\x6b\
\x69\x64\0\x73\x6b\x5f\x74\x78\x74\x69\x6d\x65\x5f\x64\x65\x61\x64\x6c\x69\x6e\
\x65\x5f\x6d\x6f\x64\x65\0\x73\x6b\x5f\x74\x78\x74\x69\x6d\x65\x5f\x72\x65\x70\
\x6f\x72\x74\x5f\x65\x72\x72\x6f\x72\x73\0\x73\x6b\x5f\x74\x78\x74\x69\x6d\x65\
\x5f\x75\x6e\x75\x73\x65\x64\0\x73\x6b\x5f\x73\x6f\x63\x6b\x65\x74\0\x73\x6b\
\x5f\x75\x73\x65\x72\x5f\x64\x61\x74\x61\0\x73\x6b\x5f\x73\x65\x63\x75\x72\x69\
\x74\x79\0\x73\x6b\x5f\x63\x67\x72\x70\x5f\x64\x61\x74\x61\0\x73\x6b\x5f\x6d\
\x65\x6d\x63\x67\0\x73\x6b\x5f\x73\x74\x61\x74\x65\x5f\x63\x68\x61\x6e\x67\x65\
\0\x73\x6b\x5f\x64\x61\x74\x61\x5f\x72\x65\x61\x64\x79\0\x73\x6b\x5f\x77\x72\
\x69\x74\x65\x5f\x73\x70\x61\x63\x65\0\x73\x6b\x5f\x65\x72\x72\x6f\x72\x5f\x72\
\x65\x70\x6f\x72\x74\0\x73\x6b\x5f\x62\x61\x63\x6b\x6c\x6f\x67\x5f\x72\x63\x76\
\0\x73\x6b\x5f\x64\x65\x73\x74\x72\x75\x63\x74\0\x73\x6b\x5f\x72\x65\x75\x73\
\x65\x70\x6f\x72\x74\x5f\x63\x62\0\x73\x6b\x5f\x62\x70\x66\x5f\x73\x74\x6f\x72\
\x61\x67\x65\0\x73\x6b\x5f\x72\x63\x75\0\x73\x6f\x63\x6b\x5f\x63\x6f\x6d\x6d\
\x6f\x6e\0\x73\x6b\x63\x5f\x66\x61\x6d\x69\x6c\x79\0\x73\x6b\x63\x5f\x73\x74\
\x61\x74\x65\0\x73\x6b\x63\x5f\x72\x65\x75\x73\x65\0\x73\x6b\x63\x5f\x72\x65\
\x75\x73\x65\x70\x6f\x72\x74\0\x73\x6b\x63\x5f\x69\x70\x76\x36\x6f\x6e\x6c\x79\
\0\x73\x6b\x63\x5f\x6e\x65\x74\x5f\x72\x65\x66\x63\x6e\x74\0\x73\x6b\x63\x5f\
\x62\x6f\x75\x6e\x64\x5f\x64\x65\x76\x5f\x69\x66\0\x73\x6b\x63\x5f\x70\x72\x6f\
\x74\0\x73\x6b\x63\x5f\x6e\x65\x74\0\x73\x6b\x63\x5f\x76\x36\x5f\x64\x61\x64\
\x64\x72\0\x73\x6b\x63\x5f\x76\x36\x5f\x72\x63\x76\x5f\x73\x61\x64\x64\x72\0\
\x73\x6b\x63\x5f\x63\x6f\x6f\x6b\x69\x65\0\x73\x6b\x63\x5f\x64\x6f\x6e\x74\x63\
\x6f\x70\x79\x5f\x62\x65\x67\x69\x6e\0\x73\x6b\x63\x5f\x74\x78\x5f\x71\x75\x65\
\x75\x65\x5f\x6d\x61\x70\x70\x69\x6e\x67\0\x73\x6b\x63\x5f\x72\x78\x5f\x71\x75\
\x65\x75\x65\x5f\x6d\x61\x70\x70\x69\x6e\x67\0\x73\x6b\x63\x5f\x72\x65\x66\x63\
\x6e\x74\0\x73\x6b\x63\x5f\x64\x6f\x6e\x74\x63\x6f\x70\x79\x5f\x65\x6e\x64\0\
\x73\x6b\x63\x5f\x61\x64\x64\x72\x70\x61\x69\x72\0\x5f\x5f\x61\x64\x64\x72\x70\
\x61\x69\x72\0\x5f\x5f\x75\x36\x34\0\x75\x6e\x73\x69\x67\x6e\x65\x64\x20\x6c\
\x6f\x6e\x67\x20\x6c\x6f\x6e\x67\0\x73\x6b\x63\x5f\x64\x61\x64\x64\x72\0\x73\
\x6b\x63\x5f\x72\x63\x76\x5f\x73\x61\x64\x64\x72\0\x5f\x5f\x62\x65\x33\x32\0\
\x73\x6b\x63\x5f\x68\x61\x73\x68\0\x73\x6b\x63\x5f\x75\x31\x36\x68\x61\x73\x68\
\x65\x73\0\x73\x6b\x63\x5f\x70\x6f\x72\x74\x70\x61\x69\x72\0\x5f\x5f\x70\x6f\
\x72\x74\x70\x61\x69\x72\0\x73\x6b\x63\x5f\x64\x70\x6f\x72\x74\0\x73\x6b\x63\
\x5f\x6e\x75\x6d\0\x5f\x5f\x62\x65\x31\x36\0\x73\x6b\x63\x5f\x62\x69\x6e\x64\
\x5f\x6e\x6f\x64\x65\0\x73\x6b\x63\x5f\x70\x6f\x72\x74\x61\x64\x64\x72\x5f\x6e\
\x6f\x64\x65\0\x68\x6c\x69\x73\x74\x5f\x6e\x6f\x64\x65\0\x6e\x65\x78\x74\0\x70\
\x70\x72\x65\x76\0\x70\x6f\x73\x73\x69\x62\x6c\x65\x5f\x6e\x65\x74\x5f\x74\0\
\x6e\x65\x74\0\x69\x6e\x36\x5f\x61\x64\x64\x72\0\x69\x6e\x36\x5f\x75\0\x75\x36\
\x5f\x61\x64\x64\x72\x38\0\x75\x36\x5f\x61\x64\x64\x72\x31\x36\0\x75\x36\x5f\
\x61\x64\x64\x72\x33\x32\0\x61\x74\x6f\x6d\x69\x63\x36\x34\x5f\x74\0\x63\x6f\
\x75\x6e\x74\x65\x72\0\x73\x36\x34\0\x5f\x5f\x73\x36\x34\0\x6c\x6f\x6e\x67\x20\
\x6c\x6f\x6e\x67\0\x73\x6b\x63\x5f\x66\x6c\x61\x67\x73\0\x73\x6b\x63\x5f\x6c\
\x69\x73\x74\x65\x6e\x65\x72\0\x73\x6b\x63\x5f\x74\x77\x5f\x64\x72\0\x75\x6e\
\x73\x69\x67\x6e\x65\x64\x20\x6c\x6f\x6e\x67\0\x73\x6b\x63\x5f\x6e\x6f\x64\x65\
\0\x73\x6b\x63\x5f\x6e\x75\x6c\x6c\x73\x5f\x6e\x6f\x64\x65\0\x68\x6c\x69\x73\
\x74\x5f\x6e\x75\x6c\x6c\x73\x5f\x6e\x6f\x64\x65\0\x73\x6b\x63\x5f\x69\x6e\x63\
\x6f\x6d\x69\x6e\x67\x5f\x63\x70\x75\0\x73\x6b\x63\x5f\x72\x63\x76\x5f\x77\x6e\
\x64\0\x73\x6b\x63\x5f\x74\x77\x5f\x72\x63\x76\x5f\x6e\x78\x74\0\x72\x65\x66\
\x63\x6f\x75\x6e\x74\x5f\x74\0\x72\x65\x66\x63\x6f\x75\x6e\x74\x5f\x73\x74\x72\
\x75\x63\x74\0\x72\x65\x66\x73\0\x61\x74\x6f\x6d\x69\x63\x5f\x74\0\x73\x6b\x63\
\x5f\x72\x78\x68\x61\x73\x68\0\x73\x6b\x63\x5f\x77\x69\x6e\x64\x6f\x77\x5f\x63\
\x6c\x61\x6d\x70\0\x73\x6b\x63\x5f\x74\x77\x5f\x73\x6e\x64\x5f\x6e\x78\x74\0\
\x73\x6f\x63\x6b\x65\x74\x5f\x6c\x6f\x63\x6b\x5f\x74\0\x73\x6c\x6f\x63\x6b\0\
\x6f\x77\x6e\x65\x64\0\x77\x71\0\x73\x70\x69\x6e\x6c\x6f\x63\x6b\x5f\x74\0\x73\
\x70\x69\x6e\x6c\x6f\x63\x6b\0\x72\x6c\x6f\x63\x6b\0\x72\x61\x77\x5f\x73\x70\
\x69\x6e\x6c\x6f\x63\x6b\0\x72\x61\x77\x5f\x6c\x6f\x63\x6b\0\x61\x72\x63\x68\
\x5f\x73\x70\x69\x6e\x6c\x6f\x63\x6b\x5f\x74\0\x71\x73\x70\x69\x6e\x6c\x6f\x63\
\x6b\0\x76\x61\x6c\0\x6c\x6f\x63\x6b\x65\x64\0\x70\x65\x6e\x64\x69\x6e\x67\0\
\x6c\x6f\x63\x6b\x65\x64\x5f\x70\x65\x6e\x64\x69\x6e\x67\0\x74\x61\x69\x6c\0\
\x77\x61\x69\x74\x5f\x71\x75\x65\x75\x65\x5f\x68\x65\x61\x64\x5f\x74\0\x77\x61\
\x69\x74\x5f\x71\x75\x65\x75\x65\x5f\x68\x65\x61\x64\0\x6c\x6f\x63\x6b\0\x68\
\x65\x61\x64\0\x6c\x69\x73\x74\x5f\x68\x65\x61\x64\0\x70\x72\x65\x76\0\x73\x6b\
\x5f\x62\x75\x66\x66\x5f\x68\x65\x61\x64\0\x71\x6c\x65\x6e\0\x72\x6d\x65\x6d\
\x5f\x61\x6c\x6c\x6f\x63\0\x6c\x65\x6e\0\x73\x6b\x5f\x77\x71\0\x73\x6b\x5f\x77\
\x71\x5f\x72\x61\x77\0\x78\x66\x72\x6d\x5f\x70\x6f\x6c\x69\x63\x79\0\x78\x70\
\x5f\x6e\x65\x74\0\x62\x79\x64\x73\x74\0\x62\x79\x69\x64\x78\0\x72\x65\x66\x63\
\x6e\x74\0\x70\x6f\x73\0\x74\x69\x6d\x65\x72\0\x67\x65\x6e\x69\x64\0\x70\x72\
\x69\x6f\x72\x69\x74\x79\0\x69\x6e\x64\x65\x78\0\x69\x66\x5f\x69\x64\0\x6d\x61\
\x72\x6b\0\x73\x65\x6c\x65\x63\x74\x6f\x72\0\x6c\x66\x74\0\x63\x75\x72\x6c\x66\
\x74\0\x77\x61\x6c\x6b\0\x70\x6f\x6c\x71\0\x62\x79\x64\x73\x74\x5f\x72\x65\x69\
\x6e\x73\x65\x72\x74\0\x61\x63\x74\x69\x6f\x6e\0\x66\x6c\x61\x67\x73\0\x78\x66\
\x72\x6d\x5f\x6e\x72\0\x73\x65\x63\x75\x72\x69\x74\x79\0\x78\x66\x72\x6d\x5f\
\x76\x65\x63\0\x62\x79\x64\x73\x74\x5f\x69\x6e\x65\x78\x61\x63\x74\x5f\x6c\x69\
\x73\x74\0\x72\x63\x75\0\x72\x77\x6c\x6f\x63\x6b\x5f\x74\0\x61\x72\x63\x68\x5f\
\x72\x77\x6c\x6f\x63\x6b\x5f\x74\0\x71\x72\x77\x6c\x6f\x63\x6b\0\x77\x61\x69\
\x74\x5f\x6c\x6f\x63\x6b\0\x63\x6e\x74\x73\0\x77\x6c\x6f\x63\x6b\x65\x64\0\x5f\
\x5f\x6c\x73\x74\x61\x74\x65\0\x74\x69\x6d\x65\x72\x5f\x6c\x69\x73\x74\0\x65\
\x6e\x74\x72\x79\0\x65\x78\x70\x69\x72\x65\x73\0\x66\x75\x6e\x63\x74\x69\x6f\
\x6e\0\x78\x66\x72\x6d\x5f\x6d\x61\x72\x6b\0\x76\0\x6d\0\x78\x66\x72\x6d\x5f\
\x73\x65\x6c\x65\x63\x74\x6f\x72\0\x64\x61\x64\x64\x72\0\x73\x61\x64\x64\x72\0\
\x64\x70\x6f\x72\x74\0\x64\x70\x6f\x72\x74\x5f\x6d\x61\x73\x6b\0\x73\x70\x6f\
\x72\x74\0\x73\x70\x6f\x72\x74\x5f\x6d\x61\x73\x6b\0\x70\x72\x65\x66\x69\x78\
\x6c\x65\x6e\x5f\x64\0\x70\x72\x65\x66\x69\x78\x6c\x65\x6e\x5f\x73\0\x70\x72\
\x6f\x74\x6f\0\x69\x66\x69\x6e\x64\x65\x78\0\x75\x73\x65\x72\0\x78\x66\x72\x6d\
\x5f\x61\x64\x64\x72\x65\x73\x73\x5f\x74\0\x61\x34\0\x61\x36\0\x69\x6e\x36\0\
\x5f\x5f\x6b\x65\x72\x6e\x65\x6c\x5f\x75\x69\x64\x33\x32\x5f\x74\0\x78\x66\x72\
\x6d\x5f\x6c\x69\x66\x65\x74\x69\x6d\x65\x5f\x63\x66\x67\0\x73\x6f\x66\x74\x5f\
\x62\x79\x74\x65\x5f\x6c\x69\x6d\x69\x74\0\x68\x61\x72\x64\x5f\x62\x79\x74\x65\
\x5f\x6c\x69\x6d\x69\x74\0\x73\x6f\x66\x74\x5f\x70\x61\x63\x6b\x65\x74\x5f\x6c\
\x69\x6d\x69\x74\0\x68\x61\x72\x64\x5f\x70\x61\x63\x6b\x65\x74\x5f\x6c\x69\x6d\
\x69\x74\0\x73\x6f\x66\x74\x5f\x61\x64\x64\x5f\x65\x78\x70\x69\x72\x65\x73\x5f\
\x73\x65\x63\x6f\x6e\x64\x73\0\x68\x61\x72\x64\x5f\x61\x64\x64\x5f\x65\x78\x70\
\x69\x72\x65\x73\x5f\x73\x65\x63\x6f\x6e\x64\x73\0\x73\x6f\x66\x74\x5f\x75\x73\
\x65\x5f\x65\x78\x70\x69\x72\x65\x73\x5f\x73\x65\x63\x6f\x6e\x64\x73\0\x68\x61\
\x72\x64\x5f\x75\x73\x65\x5f\x65\x78\x70\x69\x72\x65\x73\x5f\x73\x65\x63\x6f\
\x6e\x64\x73\0\x78\x66\x72\x6d\x5f\x6c\x69\x66\x65\x74\x69\x6d\x65\x5f\x63\x75\
\x72\0\x62\x79\x74\x65\x73\0\x70\x61\x63\x6b\x65\x74\x73\0\x61\x64\x64\x5f\x74\
\x69\x6d\x65\0\x75\x73\x65\x5f\x74\x69\x6d\x65\0\x78\x66\x72\x6d\x5f\x70\x6f\
\x6c\x69\x63\x79\x5f\x77\x61\x6c\x6b\x5f\x65\x6e\x74\x72\x79\0\x61\x6c\x6c\0\
\x64\x65\x61\x64\0\x78\x66\x72\x6d\x5f\x70\x6f\x6c\x69\x63\x79\x5f\x71\x75\x65\
\x75\x65\0\x68\x6f\x6c\x64\x5f\x71\x75\x65\x75\x65\0\x68\x6f\x6c\x64\x5f\x74\
\x69\x6d\x65\x72\0\x74\x69\x6d\x65\x6f\x75\x74\0\x78\x66\x72\x6d\x5f\x74\x6d\
\x70\x6c\0\x69\x64\0\x65\x6e\x63\x61\x70\x5f\x66\x61\x6d\x69\x6c\x79\0\x72\x65\
\x71\x69\x64\0\x6d\x6f\x64\x65\0\x73\x68\x61\x72\x65\0\x6f\x70\x74\x69\x6f\x6e\
\x61\x6c\0\x61\x6c\x6c\x61\x6c\x67\x73\0\x61\x61\x6c\x67\x6f\x73\0\x65\x61\x6c\
\x67\x6f\x73\0\x63\x61\x6c\x67\x6f\x73\0\x78\x66\x72\x6d\x5f\x69\x64\0\x73\x70\
\x69\0\x63\x61\x6c\x6c\x62\x61\x63\x6b\x5f\x68\x65\x61\x64\0\x66\x75\x6e\x63\0\
\x73\x6b\x5f\x73\x65\x6e\x64\x5f\x68\x65\x61\x64\0\x74\x63\x70\x5f\x72\x74\x78\
\x5f\x71\x75\x65\x75\x65\0\x72\x62\x5f\x72\x6f\x6f\x74\0\x72\x62\x5f\x6e\x6f\
\x64\x65\0\x5f\x5f\x73\x33\x32\0\x6c\x6f\x6e\x67\0\x70\x61\x67\x65\x5f\x66\x72\
\x61\x67\0\x70\x61\x67\x65\0\x6f\x66\x66\x73\x65\x74\0\x73\x69\x7a\x65\0\x6e\
\x65\x74\x64\x65\x76\x5f\x66\x65\x61\x74\x75\x72\x65\x73\x5f\x74\0\x75\x36\x34\
\0\x67\x66\x70\x5f\x74\0\x6b\x75\x69\x64\x5f\x74\0\x75\x69\x64\x5f\x74\0\x6b\
\x74\x69\x6d\x65\x5f\x74\0\x73\x6f\x63\x6b\x5f\x63\x67\x72\x6f\x75\x70\x5f\x64\
\x61\x74\x61\0\x63\x67\x72\x6f\x75\x70\0\x63\x6c\x61\x73\x73\x69\x64\0\x6d\x65\
\x6d\x5f\x63\x67\x72\x6f\x75\x70\0\x73\x6b\x5f\x62\x75\x66\x66\0\x63\x62\0\x5f\
\x6e\x66\x63\x74\0\x64\x61\x74\x61\x5f\x6c\x65\x6e\0\x6d\x61\x63\x5f\x6c\x65\
\x6e\0\x68\x64\x72\x5f\x6c\x65\x6e\0\x71\x75\x65\x75\x65\x5f\x6d\x61\x70\x70\
\x69\x6e\x67\0\x5f\x5f\x63\x6c\x6f\x6e\x65\x64\x5f\x6f\x66\x66\x73\x65\x74\0\
\x63\x6c\x6f\x6e\x65\x64\0\x6e\x6f\x68\x64\x72\0\x66\x63\x6c\x6f\x6e\x65\0\x70\
\x65\x65\x6b\x65\x64\0\x68\x65\x61\x64\x5f\x66\x72\x61\x67\0\x70\x66\x6d\x65\
\x6d\x61\x6c\x6c\x6f\x63\0\x70\x70\x5f\x72\x65\x63\x79\x63\x6c\x65\0\x61\x63\
\x74\x69\x76\x65\x5f\x65\x78\x74\x65\x6e\x73\x69\x6f\x6e\x73\0\x68\x65\x61\x64\
\x65\x72\x73\x5f\x73\x74\x61\x72\x74\0\x5f\x5f\x70\x6b\x74\x5f\x74\x79\x70\x65\
\x5f\x6f\x66\x66\x73\x65\x74\0\x70\x6b\x74\x5f\x74\x79\x70\x65\0\x69\x67\x6e\
\x6f\x72\x65\x5f\x64\x66\0\x6e\x66\x5f\x74\x72\x61\x63\x65\0\x69\x70\x5f\x73\
\x75\x6d\x6d\x65\x64\0\x6f\x6f\x6f\x5f\x6f\x6b\x61\x79\0\x6c\x34\x5f\x68\x61\
\x73\x68\0\x73\x77\x5f\x68\x61\x73\x68\0\x77\x69\x66\x69\x5f\x61\x63\x6b\x65\
\x64\x5f\x76\x61\x6c\x69\x64\0\x77\x69\x66\x69\x5f\x61\x63\x6b\x65\x64\0\x6e\
\x6f\x5f\x66\x63\x73\0\x65\x6e\x63\x61\x70\x73\x75\x6c\x61\x74\x69\x6f\x6e\0\
\x65\x6e\x63\x61\x70\x5f\x68\x64\x72\x5f\x63\x73\x75\x6d\0\x63\x73\x75\x6d\x5f\
\x76\x61\x6c\x69\x64\0\x5f\x5f\x70\x6b\x74\x5f\x76\x6c\x61\x6e\x5f\x70\x72\x65\
\x73\x65\x6e\x74\x5f\x6f\x66\x66\x73\x65\x74\0\x76\x6c\x61\x6e\x5f\x70\x72\x65\
\x73\x65\x6e\x74\0\x63\x73\x75\x6d\x5f\x63\x6f\x6d\x70\x6c\x65\x74\x65\x5f\x73\
\x77\0\x63\x73\x75\x6d\x5f\x6c\x65\x76\x65\x6c\0\x63\x73\x75\x6d\x5f\x6e\x6f\
\x74\x5f\x69\x6e\x65\x74\0\x64\x73\x74\x5f\x70\x65\x6e\x64\x69\x6e\x67\x5f\x63\
\x6f\x6e\x66\x69\x72\x6d\0\x6e\x64\x69\x73\x63\x5f\x6e\x6f\x64\x65\x74\x79\x70\
\x65\0\x69\x70\x76\x73\x5f\x70\x72\x6f\x70\x65\x72\x74\x79\0\x69\x6e\x6e\x65\
\x72\x5f\x70\x72\x6f\x74\x6f\x63\x6f\x6c\x5f\x74\x79\x70\x65\0\x72\x65\x6d\x63\
\x73\x75\x6d\x5f\x6f\x66\x66\x6c\x6f\x61\x64\0\x74\x63\x5f\x73\x6b\x69\x70\x5f\
\x63\x6c\x61\x73\x73\x69\x66\x79\0\x74\x63\x5f\x61\x74\x5f\x69\x6e\x67\x72\x65\
\x73\x73\0\x72\x65\x64\x69\x72\x65\x63\x74\x65\x64\0\x73\x6c\x6f\x77\x5f\x67\
\x72\x6f\0\x73\x63\x6d\x5f\x69\x6f\x5f\x75\x72\x69\x6e\x67\0\x74\x63\x5f\x69\
\x6e\x64\x65\x78\0\x73\x6b\x62\x5f\x69\x69\x66\0\x68\x61\x73\x68\0\x76\x6c\x61\
\x6e\x5f\x70\x72\x6f\x74\x6f\0\x76\x6c\x61\x6e\x5f\x74\x63\x69\0\x73\x65\x63\
\x6d\x61\x72\x6b\0\x69\x6e\x6e\x65\x72\x5f\x74\x72\x61\x6e\x73\x70\x6f\x72\x74\
\x5f\x68\x65\x61\x64\x65\x72\0\x69\x6e\x6e\x65\x72\x5f\x6e\x65\x74\x77\x6f\x72\
\x6b\x5f\x68\x65\x61\x64\x65\x72\0\x69\x6e\x6e\x65\x72\x5f\x6d\x61\x63\x5f\x68\
\x65\x61\x64\x65\x72\0\x74\x72\x61\x6e\x73\x70\x6f\x72\x74\x5f\x68\x65\x61\x64\
\x65\x72\0\x6e\x65\x74\x77\x6f\x72\x6b\x5f\x68\x65\x61\x64\x65\x72\0\x6d\x61\
\x63\x5f\x68\x65\x61\x64\x65\x72\0\x68\x65\x61\x64\x65\x72\x73\x5f\x65\x6e\x64\
\0\x65\x6e\x64\0\x64\x61\x74\x61\0\x74\x72\x75\x65\x73\x69\x7a\x65\0\x75\x73\
\x65\x72\x73\0\x65\x78\x74\x65\x6e\x73\x69\x6f\x6e\x73\0\x72\x62\x6e\x6f\x64\
\x65\0\x6c\x69\x73\x74\0\x64\x65\x76\0\x64\x65\x76\x5f\x73\x63\x72\x61\x74\x63\
\x68\0\x5f\x5f\x72\x62\x5f\x70\x61\x72\x65\x6e\x74\x5f\x63\x6f\x6c\x6f\x72\0\
\x72\x62\x5f\x72\x69\x67\x68\x74\0\x72\x62\x5f\x6c\x65\x66\x74\0\x73\x6b\0\x69\
\x70\x5f\x64\x65\x66\x72\x61\x67\x5f\x6f\x66\x66\x73\x65\x74\0\x74\x73\x74\x61\
\x6d\x70\0\x73\x6b\x62\x5f\x6d\x73\x74\x61\x6d\x70\x5f\x6e\x73\0\x63\x68\x61\
\x72\0\x74\x63\x70\x5f\x74\x73\x6f\x72\x74\x65\x64\x5f\x61\x6e\x63\x68\x6f\x72\
\0\x5f\x73\x6b\x5f\x72\x65\x64\x69\x72\0\x5f\x73\x6b\x62\x5f\x72\x65\x66\x64\
\x73\x74\0\x64\x65\x73\x74\x72\x75\x63\x74\x6f\x72\0\x63\x73\x75\x6d\0\x5f\x5f\
\x77\x73\x75\x6d\0\x63\x73\x75\x6d\x5f\x73\x74\x61\x72\x74\0\x63\x73\x75\x6d\
\x5f\x6f\x66\x66\x73\x65\x74\0\x6e\x61\x70\x69\x5f\x69\x64\0\x73\x65\x6e\x64\
\x65\x72\x5f\x63\x70\x75\0\x72\x65\x73\x65\x72\x76\x65\x64\x5f\x74\x61\x69\x6c\
\x72\x6f\x6f\x6d\0\x69\x6e\x6e\x65\x72\x5f\x70\x72\x6f\x74\x6f\x63\x6f\x6c\0\
\x69\x6e\x6e\x65\x72\x5f\x69\x70\x70\x72\x6f\x74\x6f\0\x73\x6b\x5f\x62\x75\x66\
\x66\x5f\x64\x61\x74\x61\x5f\x74\0\x63\x72\x6f\x73\x5f\x74\x75\x70\x6c\x65\x5f\
\x6c\x69\x73\x74\0\x77\x72\x69\x74\x65\x5f\x69\x6e\x64\x65\x78\0\x63\x72\x6f\
\x73\x5f\x61\x6c\x6c\x6f\x63\x61\x74\x65\x64\x5f\x74\x75\x70\x6c\x65\x73\0\x73\
\x6f\x63\x6b\x65\x74\0\x73\x74\x61\x74\x65\0\x66\x69\x6c\x65\0\x6f\x70\x73\0\
\x73\x6f\x63\x6b\x65\x74\x5f\x73\x74\x61\x74\x65\0\x53\x53\x5f\x46\x52\x45\x45\
\0\x53\x53\x5f\x55\x4e\x43\x4f\x4e\x4e\x45\x43\x54\x45\x44\0\x53\x53\x5f\x43\
\x4f\x4e\x4e\x45\x43\x54\x49\x4e\x47\0\x53\x53\x5f\x43\x4f\x4e\x4e\x45\x43\x54\
\x45\x44\0\x53\x53\x5f\x44\x49\x53\x43\x4f\x4e\x4e\x45\x43\x54\x49\x4e\x47\0\
\x73\x68\x6f\x72\x74\0\x73\x6f\x63\x6b\x65\x74\x5f\x77\x71\0\x77\x61\x69\x74\0\
\x66\x61\x73\x79\x6e\x63\x5f\x6c\x69\x73\x74\0\x63\x72\x6f\x73\x5f\x73\x6f\x63\
\x6b\x5f\x74\x6f\x5f\x70\x72\x6f\x63\x65\x73\x73\x5f\x6d\x61\x70\x5f\x76\x61\
\x6c\x75\x65\0\x63\x6f\x6d\x6d\x6f\x6e\0\x63\x72\x6f\x73\x5f\x6e\x65\x74\x77\
\x6f\x72\x6b\x5f\x63\x6f\x6d\x6d\x6f\x6e\0\x64\x65\x76\x5f\x69\x66\0\x70\x72\
\x6f\x63\x65\x73\x73\0\x63\x72\x6f\x73\x5f\x70\x72\x6f\x63\x65\x73\x73\x5f\x74\
\x61\x73\x6b\x5f\x69\x6e\x66\x6f\0\x70\x69\x64\0\x70\x70\x69\x64\0\x73\x74\x61\
\x72\x74\x5f\x74\x69\x6d\x65\0\x70\x61\x72\x65\x6e\x74\x5f\x73\x74\x61\x72\x74\
\x5f\x74\x69\x6d\x65\0\x63\x6f\x6d\x6d\x61\x6e\x64\x6c\x69\x6e\x65\0\x63\x6f\
\x6d\x6d\x61\x6e\x64\x6c\x69\x6e\x65\x5f\x6c\x65\x6e\0\x75\x69\x64\0\x67\x69\
\x64\0\x74\x69\x6d\x65\x5f\x6e\x73\x5f\x74\0\x75\x69\x6e\x74\x36\x34\x5f\x74\0\
\x70\x72\x6f\x63\x65\x73\x73\x5f\x6d\x61\x70\0\x6b\x65\x79\x5f\x73\x69\x7a\x65\
\0\x76\x61\x6c\x75\x65\x5f\x73\x69\x7a\x65\0\x68\x65\x61\x70\x5f\x63\x72\x6f\
\x73\x5f\x6e\x65\x74\x77\x6f\x72\x6b\x5f\x63\x6f\x6d\x6d\x6f\x6e\x5f\x6d\x61\
\x70\0\x63\x74\x78\0\x63\x72\x6f\x73\x5f\x68\x61\x6e\x64\x6c\x65\x5f\x69\x6e\
\x65\x74\x5f\x6c\x69\x73\x74\x65\x6e\0\x72\x61\x77\x5f\x74\x72\x61\x63\x65\x70\
\x6f\x69\x6e\x74\x2f\x63\x72\x6f\x73\x5f\x69\x6e\x65\x74\x5f\x6c\x69\x73\x74\
\x65\x6e\x5f\x65\x78\x69\x74\0\x2f\x62\x75\x69\x6c\x64\x2f\x61\x72\x6d\x36\x34\
\x2d\x67\x65\x6e\x65\x72\x69\x63\x2f\x76\x61\x72\x2f\x63\x61\x63\x68\x65\x2f\
\x70\x6f\x72\x74\x61\x67\x65\x2f\x63\x68\x72\x6f\x6d\x65\x6f\x73\x2d\x62\x61\
\x73\x65\x2f\x73\x65\x63\x61\x67\x65\x6e\x74\x64\x2f\x6f\x75\x74\x2f\x44\x65\
\x66\x61\x75\x6c\x74\x2f\x2e\x2e\x2f\x2e\x2e\x2f\x2e\x2e\x2f\x2e\x2e\x2f\x2e\
\x2e\x2f\x2e\x2e\x2f\x2e\x2e\x2f\x74\x6d\x70\x2f\x70\x6f\x72\x74\x61\x67\x65\
\x2f\x63\x68\x72\x6f\x6d\x65\x6f\x73\x2d\x62\x61\x73\x65\x2f\x73\x65\x63\x61\
\x67\x65\x6e\x74\x64\x2d\x39\x39\x39\x39\x2f\x77\x6f\x72\x6b\x2f\x73\x65\x63\
\x61\x67\x65\x6e\x74\x64\x2d\x39\x39\x39\x39\x2f\x70\x6c\x61\x74\x66\x6f\x72\
\x6d\x32\x2f\x73\x65\x63\x61\x67\x65\x6e\x74\x64\x2f\x62\x70\x66\x2f\x6e\x65\
\x74\x77\x6f\x72\x6b\x5f\x62\x70\x66\x2e\x63\0\x69\x6e\x74\x20\x42\x50\x46\x5f\
\x50\x52\x4f\x47\x28\x63\x72\x6f\x73\x5f\x68\x61\x6e\x64\x6c\x65\x5f\x69\x6e\
\x65\x74\x5f\x6c\x69\x73\x74\x65\x6e\x2c\0\x20\x20\x69\x66\x20\x28\x72\x76\x20\
\x21\x3d\x20\x30\x29\x20\x7b\0\x20\x20\x73\x74\x72\x75\x63\x74\x20\x74\x61\x73\
\x6b\x5f\x73\x74\x72\x75\x63\x74\x2a\x20\x74\x20\x3d\x20\x28\x73\x74\x72\x75\
\x63\x74\x20\x74\x61\x73\x6b\x5f\x73\x74\x72\x75\x63\x74\x2a\x29\x62\x70\x66\
\x5f\x67\x65\x74\x5f\x63\x75\x72\x72\x65\x6e\x74\x5f\x74\x61\x73\x6b\x28\x29\
\x3b\0\x74\x61\x73\x6b\x5f\x73\x74\x72\x75\x63\x74\0\x74\x68\x72\x65\x61\x64\
\x5f\x69\x6e\x66\x6f\0\x5f\x5f\x73\x74\x61\x74\x65\0\x73\x74\x61\x63\x6b\0\x75\
\x73\x61\x67\x65\0\x70\x74\x72\x61\x63\x65\0\x6f\x6e\x5f\x63\x70\x75\0\x77\x61\
\x6b\x65\x5f\x65\x6e\x74\x72\x79\0\x63\x70\x75\0\x77\x61\x6b\x65\x65\x5f\x66\
\x6c\x69\x70\x73\0\x77\x61\x6b\x65\x65\x5f\x66\x6c\x69\x70\x5f\x64\x65\x63\x61\
\x79\x5f\x74\x73\0\x6c\x61\x73\x74\x5f\x77\x61\x6b\x65\x65\0\x72\x65\x63\x65\
\x6e\x74\x5f\x75\x73\x65\x64\x5f\x63\x70\x75\0\x77\x61\x6b\x65\x5f\x63\x70\x75\
\0\x6f\x6e\x5f\x72\x71\0\x70\x72\x69\x6f\0\x73\x74\x61\x74\x69\x63\x5f\x70\x72\
\x69\x6f\0\x6e\x6f\x72\x6d\x61\x6c\x5f\x70\x72\x69\x6f\0\x72\x74\x5f\x70\x72\
\x69\x6f\x72\x69\x74\x79\0\x73\x63\x68\x65\x64\x5f\x63\x6c\x61\x73\x73\0\x73\
\x65\0\x72\x74\0\x64\x6c\0\x73\x63\x68\x65\x64\x5f\x74\x61\x73\x6b\x5f\x67\x72\
\x6f\x75\x70\0\x75\x63\x6c\x61\x6d\x70\x5f\x72\x65\x71\0\x75\x63\x6c\x61\x6d\
\x70\0\x70\x72\x6f\x63\x5f\x6c\x61\x74\x65\x6e\x63\x79\x5f\x73\x65\x6e\x73\x69\
\x74\x69\x76\x65\0\x62\x74\x72\x61\x63\x65\x5f\x73\x65\x71\0\x70\x6f\x6c\x69\
\x63\x79\0\x6e\x72\x5f\x63\x70\x75\x73\x5f\x61\x6c\x6c\x6f\x77\x65\x64\0\x63\
\x70\x75\x73\x5f\x70\x74\x72\0\x75\x73\x65\x72\x5f\x63\x70\x75\x73\x5f\x70\x74\
\x72\0\x63\x70\x75\x73\x5f\x6d\x61\x73\x6b\0\x6d\x69\x67\x72\x61\x74\x69\x6f\
\x6e\x5f\x70\x65\x6e\x64\x69\x6e\x67\0\x6d\x69\x67\x72\x61\x74\x69\x6f\x6e\x5f\
\x64\x69\x73\x61\x62\x6c\x65\x64\0\x6d\x69\x67\x72\x61\x74\x69\x6f\x6e\x5f\x66\
\x6c\x61\x67\x73\0\x72\x63\x75\x5f\x72\x65\x61\x64\x5f\x6c\x6f\x63\x6b\x5f\x6e\
\x65\x73\x74\x69\x6e\x67\0\x72\x63\x75\x5f\x72\x65\x61\x64\x5f\x75\x6e\x6c\x6f\
\x63\x6b\x5f\x73\x70\x65\x63\x69\x61\x6c\0\x72\x63\x75\x5f\x6e\x6f\x64\x65\x5f\
\x65\x6e\x74\x72\x79\0\x72\x63\x75\x5f\x62\x6c\x6f\x63\x6b\x65\x64\x5f\x6e\x6f\
\x64\x65\0\x72\x63\x75\x5f\x74\x61\x73\x6b\x73\x5f\x6e\x76\x63\x73\x77\0\x72\
\x63\x75\x5f\x74\x61\x73\x6b\x73\x5f\x68\x6f\x6c\x64\x6f\x75\x74\0\x72\x63\x75\
\x5f\x74\x61\x73\x6b\x73\x5f\x69\x64\x78\0\x72\x63\x75\x5f\x74\x61\x73\x6b\x73\
\x5f\x69\x64\x6c\x65\x5f\x63\x70\x75\0\x72\x63\x75\x5f\x74\x61\x73\x6b\x73\x5f\
\x68\x6f\x6c\x64\x6f\x75\x74\x5f\x6c\x69\x73\x74\0\x74\x72\x63\x5f\x72\x65\x61\
\x64\x65\x72\x5f\x6e\x65\x73\x74\x69\x6e\x67\0\x74\x72\x63\x5f\x69\x70\x69\x5f\
\x74\x6f\x5f\x63\x70\x75\0\x74\x72\x63\x5f\x72\x65\x61\x64\x65\x72\x5f\x73\x70\
\x65\x63\x69\x61\x6c\0\x74\x72\x63\x5f\x72\x65\x61\x64\x65\x72\x5f\x63\x68\x65\
\x63\x6b\x65\x64\0\x74\x72\x63\x5f\x68\x6f\x6c\x64\x6f\x75\x74\x5f\x6c\x69\x73\
\x74\0\x73\x63\x68\x65\x64\x5f\x69\x6e\x66\x6f\0\x74\x61\x73\x6b\x73\0\x70\x75\
\x73\x68\x61\x62\x6c\x65\x5f\x74\x61\x73\x6b\x73\0\x70\x75\x73\x68\x61\x62\x6c\
\x65\x5f\x64\x6c\x5f\x74\x61\x73\x6b\x73\0\x6d\x6d\0\x61\x63\x74\x69\x76\x65\
\x5f\x6d\x6d\0\x76\x6d\x61\x63\x61\x63\x68\x65\0\x72\x73\x73\x5f\x73\x74\x61\
\x74\0\x65\x78\x69\x74\x5f\x73\x74\x61\x74\x65\0\x65\x78\x69\x74\x5f\x63\x6f\
\x64\x65\0\x65\x78\x69\x74\x5f\x73\x69\x67\x6e\x61\x6c\0\x70\x64\x65\x61\x74\
\x68\x5f\x73\x69\x67\x6e\x61\x6c\0\x6a\x6f\x62\x63\x74\x6c\0\x70\x65\x72\x73\
\x6f\x6e\x61\x6c\x69\x74\x79\0\x73\x63\x68\x65\x64\x5f\x72\x65\x73\x65\x74\x5f\
\x6f\x6e\x5f\x66\x6f\x72\x6b\0\x73\x63\x68\x65\x64\x5f\x63\x6f\x6e\x74\x72\x69\
\x62\x75\x74\x65\x73\x5f\x74\x6f\x5f\x6c\x6f\x61\x64\0\x73\x63\x68\x65\x64\x5f\
\x6d\x69\x67\x72\x61\x74\x65\x64\0\x73\x63\x68\x65\x64\x5f\x70\x73\x69\x5f\x77\
\x61\x6b\x65\x5f\x72\x65\x71\x75\x65\x75\x65\0\x73\x63\x68\x65\x64\x5f\x72\x65\
\x6d\x6f\x74\x65\x5f\x77\x61\x6b\x65\x75\x70\0\x69\x6e\x5f\x65\x78\x65\x63\x76\
\x65\0\x69\x6e\x5f\x69\x6f\x77\x61\x69\x74\0\x69\x6e\x5f\x6c\x72\x75\x5f\x66\
\x61\x75\x6c\x74\0\x6e\x6f\x5f\x63\x67\x72\x6f\x75\x70\x5f\x6d\x69\x67\x72\x61\
\x74\x69\x6f\x6e\0\x66\x72\x6f\x7a\x65\x6e\0\x75\x73\x65\x5f\x6d\x65\x6d\x64\
\x65\x6c\x61\x79\0\x69\x6e\x5f\x6d\x65\x6d\x73\x74\x61\x6c\x6c\0\x69\x6e\x5f\
\x65\x76\x65\x6e\x74\x66\x64\0\x61\x74\x6f\x6d\x69\x63\x5f\x66\x6c\x61\x67\x73\
\0\x72\x65\x73\x74\x61\x72\x74\x5f\x62\x6c\x6f\x63\x6b\0\x74\x67\x69\x64\0\x73\
\x74\x61\x63\x6b\x5f\x63\x61\x6e\x61\x72\x79\0\x72\x65\x61\x6c\x5f\x70\x61\x72\
\x65\x6e\x74\0\x70\x61\x72\x65\x6e\x74\0\x63\x68\x69\x6c\x64\x72\x65\x6e\0\x73\
\x69\x62\x6c\x69\x6e\x67\0\x67\x72\x6f\x75\x70\x5f\x6c\x65\x61\x64\x65\x72\0\
\x70\x74\x72\x61\x63\x65\x64\0\x70\x74\x72\x61\x63\x65\x5f\x65\x6e\x74\x72\x79\
\0\x74\x68\x72\x65\x61\x64\x5f\x70\x69\x64\0\x70\x69\x64\x5f\x6c\x69\x6e\x6b\
\x73\0\x74\x68\x72\x65\x61\x64\x5f\x67\x72\x6f\x75\x70\0\x74\x68\x72\x65\x61\
\x64\x5f\x6e\x6f\x64\x65\0\x76\x66\x6f\x72\x6b\x5f\x64\x6f\x6e\x65\0\x73\x65\
\x74\x5f\x63\x68\x69\x6c\x64\x5f\x74\x69\x64\0\x63\x6c\x65\x61\x72\x5f\x63\x68\
\x69\x6c\x64\x5f\x74\x69\x64\0\x70\x66\x5f\x69\x6f\x5f\x77\x6f\x72\x6b\x65\x72\
\0\x75\x74\x69\x6d\x65\0\x73\x74\x69\x6d\x65\0\x67\x74\x69\x6d\x65\0\x70\x72\
\x65\x76\x5f\x63\x70\x75\x74\x69\x6d\x65\0\x6e\x76\x63\x73\x77\0\x6e\x69\x76\
\x63\x73\x77\0\x73\x74\x61\x72\x74\x5f\x62\x6f\x6f\x74\x74\x69\x6d\x65\0\x6d\
\x69\x6e\x5f\x66\x6c\x74\0\x6d\x61\x6a\x5f\x66\x6c\x74\0\x70\x6f\x73\x69\x78\
\x5f\x63\x70\x75\x74\x69\x6d\x65\x72\x73\0\x70\x74\x72\x61\x63\x65\x72\x5f\x63\
\x72\x65\x64\0\x72\x65\x61\x6c\x5f\x63\x72\x65\x64\0\x63\x72\x65\x64\0\x63\x61\
\x63\x68\x65\x64\x5f\x72\x65\x71\x75\x65\x73\x74\x65\x64\x5f\x6b\x65\x79\0\x63\
\x6f\x6d\x6d\0\x6e\x61\x6d\x65\x69\x64\x61\x74\x61\0\x73\x79\x73\x76\x73\x65\
\x6d\0\x73\x79\x73\x76\x73\x68\x6d\0\x6c\x61\x73\x74\x5f\x73\x77\x69\x74\x63\
\x68\x5f\x63\x6f\x75\x6e\x74\0\x6c\x61\x73\x74\x5f\x73\x77\x69\x74\x63\x68\x5f\
\x74\x69\x6d\x65\0\x66\x73\0\x66\x69\x6c\x65\x73\0\x6e\x73\x70\x72\x6f\x78\x79\
\0\x73\x69\x67\x6e\x61\x6c\0\x73\x69\x67\x68\x61\x6e\x64\0\x62\x6c\x6f\x63\x6b\
\x65\x64\0\x72\x65\x61\x6c\x5f\x62\x6c\x6f\x63\x6b\x65\x64\0\x73\x61\x76\x65\
\x64\x5f\x73\x69\x67\x6d\x61\x73\x6b\0\x73\x61\x73\x5f\x73\x73\x5f\x73\x70\0\
\x73\x61\x73\x5f\x73\x73\x5f\x73\x69\x7a\x65\0\x73\x61\x73\x5f\x73\x73\x5f\x66\
\x6c\x61\x67\x73\0\x74\x61\x73\x6b\x5f\x77\x6f\x72\x6b\x73\0\x61\x75\x64\x69\
\x74\x5f\x63\x6f\x6e\x74\x65\x78\x74\0\x6c\x6f\x67\x69\x6e\x75\x69\x64\0\x73\
\x65\x73\x73\x69\x6f\x6e\x69\x64\0\x73\x65\x63\x63\x6f\x6d\x70\0\x73\x79\x73\
\x63\x61\x6c\x6c\x5f\x64\x69\x73\x70\x61\x74\x63\x68\0\x70\x61\x72\x65\x6e\x74\
\x5f\x65\x78\x65\x63\x5f\x69\x64\0\x73\x65\x6c\x66\x5f\x65\x78\x65\x63\x5f\x69\
\x64\0\x61\x6c\x6c\x6f\x63\x5f\x6c\x6f\x63\x6b\0\x70\x69\x5f\x6c\x6f\x63\x6b\0\
\x77\x61\x6b\x65\x5f\x71\0\x70\x69\x5f\x77\x61\x69\x74\x65\x72\x73\0\x70\x69\
\x5f\x74\x6f\x70\x5f\x74\x61\x73\x6b\0\x70\x69\x5f\x62\x6c\x6f\x63\x6b\x65\x64\
\x5f\x6f\x6e\0\x6a\x6f\x75\x72\x6e\x61\x6c\x5f\x69\x6e\x66\x6f\0\x62\x69\x6f\
\x5f\x6c\x69\x73\x74\0\x70\x6c\x75\x67\0\x72\x65\x63\x6c\x61\x69\x6d\x5f\x73\
\x74\x61\x74\x65\0\x62\x61\x63\x6b\x69\x6e\x67\x5f\x64\x65\x76\x5f\x69\x6e\x66\
\x6f\0\x69\x6f\x5f\x63\x6f\x6e\x74\x65\x78\x74\0\x63\x61\x70\x74\x75\x72\x65\
\x5f\x63\x6f\x6e\x74\x72\x6f\x6c\0\x70\x74\x72\x61\x63\x65\x5f\x6d\x65\x73\x73\
\x61\x67\x65\0\x6c\x61\x73\x74\x5f\x73\x69\x67\x69\x6e\x66\x6f\0\x69\x6f\x61\
\x63\0\x70\x73\x69\x5f\x66\x6c\x61\x67\x73\0\x61\x63\x63\x74\x5f\x72\x73\x73\
\x5f\x6d\x65\x6d\x31\0\x61\x63\x63\x74\x5f\x76\x6d\x5f\x6d\x65\x6d\x31\0\x61\
\x63\x63\x74\x5f\x74\x69\x6d\x65\x78\x70\x64\0\x6d\x65\x6d\x73\x5f\x61\x6c\x6c\
\x6f\x77\x65\x64\0\x6d\x65\x6d\x73\x5f\x61\x6c\x6c\x6f\x77\x65\x64\x5f\x73\x65\
\x71\0\x63\x70\x75\x73\x65\x74\x5f\x6d\x65\x6d\x5f\x73\x70\x72\x65\x61\x64\x5f\
\x72\x6f\x74\x6f\x72\0\x63\x70\x75\x73\x65\x74\x5f\x73\x6c\x61\x62\x5f\x73\x70\
\x72\x65\x61\x64\x5f\x72\x6f\x74\x6f\x72\0\x63\x67\x72\x6f\x75\x70\x73\0\x63\
\x67\x5f\x6c\x69\x73\x74\0\x72\x6f\x62\x75\x73\x74\x5f\x6c\x69\x73\x74\0\x63\
\x6f\x6d\x70\x61\x74\x5f\x72\x6f\x62\x75\x73\x74\x5f\x6c\x69\x73\x74\0\x70\x69\
\x5f\x73\x74\x61\x74\x65\x5f\x6c\x69\x73\x74\0\x70\x69\x5f\x73\x74\x61\x74\x65\
\x5f\x63\x61\x63\x68\x65\0\x66\x75\x74\x65\x78\x5f\x65\x78\x69\x74\x5f\x6d\x75\
\x74\x65\x78\0\x66\x75\x74\x65\x78\x5f\x73\x74\x61\x74\x65\0\x70\x65\x72\x66\
\x5f\x65\x76\x65\x6e\x74\x5f\x63\x74\x78\x70\0\x70\x65\x72\x66\x5f\x65\x76\x65\
\x6e\x74\x5f\x6d\x75\x74\x65\x78\0\x70\x65\x72\x66\x5f\x65\x76\x65\x6e\x74\x5f\
\x6c\x69\x73\x74\0\x72\x73\x65\x71\0\x72\x73\x65\x71\x5f\x73\x69\x67\0\x72\x73\
\x65\x71\x5f\x65\x76\x65\x6e\x74\x5f\x6d\x61\x73\x6b\0\x74\x6c\x62\x5f\x75\x62\
\x63\0\x73\x70\x6c\x69\x63\x65\x5f\x70\x69\x70\x65\0\x74\x61\x73\x6b\x5f\x66\
\x72\x61\x67\0\x6e\x72\x5f\x64\x69\x72\x74\x69\x65\x64\0\x6e\x72\x5f\x64\x69\
\x72\x74\x69\x65\x64\x5f\x70\x61\x75\x73\x65\0\x64\x69\x72\x74\x79\x5f\x70\x61\
\x75\x73\x65\x64\x5f\x77\x68\x65\x6e\0\x74\x69\x6d\x65\x72\x5f\x73\x6c\x61\x63\
\x6b\x5f\x6e\x73\0\x64\x65\x66\x61\x75\x6c\x74\x5f\x74\x69\x6d\x65\x72\x5f\x73\
\x6c\x61\x63\x6b\x5f\x6e\x73\0\x63\x75\x72\x72\x5f\x72\x65\x74\x5f\x73\x74\x61\
\x63\x6b\0\x63\x75\x72\x72\x5f\x72\x65\x74\x5f\x64\x65\x70\x74\x68\0\x72\x65\
\x74\x5f\x73\x74\x61\x63\x6b\0\x66\x74\x72\x61\x63\x65\x5f\x74\x69\x6d\x65\x73\
\x74\x61\x6d\x70\0\x74\x72\x61\x63\x65\x5f\x6f\x76\x65\x72\x72\x75\x6e\0\x74\
\x72\x61\x63\x69\x6e\x67\x5f\x67\x72\x61\x70\x68\x5f\x70\x61\x75\x73\x65\0\x74\
\x72\x61\x63\x65\0\x74\x72\x61\x63\x65\x5f\x72\x65\x63\x75\x72\x73\x69\x6f\x6e\
\0\x74\x68\x72\x6f\x74\x74\x6c\x65\x5f\x71\x75\x65\x75\x65\0\x75\x74\x61\x73\
\x6b\0\x6b\x6d\x61\x70\x5f\x63\x74\x72\x6c\0\x70\x61\x67\x65\x66\x61\x75\x6c\
\x74\x5f\x64\x69\x73\x61\x62\x6c\x65\x64\0\x6f\x6f\x6d\x5f\x72\x65\x61\x70\x65\
\x72\x5f\x6c\x69\x73\x74\0\x6f\x6f\x6d\x5f\x72\x65\x61\x70\x65\x72\x5f\x74\x69\
\x6d\x65\x72\0\x73\x74\x61\x63\x6b\x5f\x76\x6d\x5f\x61\x72\x65\x61\0\x73\x74\
\x61\x63\x6b\x5f\x72\x65\x66\x63\x6f\x75\x6e\x74\0\x62\x70\x66\x5f\x73\x74\x6f\
\x72\x61\x67\x65\0\x62\x70\x66\x5f\x63\x74\x78\0\x6b\x72\x65\x74\x70\x72\x6f\
\x62\x65\x5f\x69\x6e\x73\x74\x61\x6e\x63\x65\x73\0\x74\x68\x72\x65\x61\x64\0\
\x74\x74\x62\x72\x30\0\x6e\x72\x5f\x73\x79\x73\x63\x61\x6c\x6c\x73\0\x73\x79\
\x73\x5f\x63\x61\x6c\x6c\x5f\x74\x61\x62\x6c\x65\0\x63\x6f\x6d\x70\x61\x74\x5f\
\x6e\x72\x5f\x73\x79\x73\x63\x61\x6c\x6c\x73\0\x63\x6f\x6d\x70\x61\x74\x5f\x73\
\x79\x73\x5f\x63\x61\x6c\x6c\x5f\x74\x61\x62\x6c\x65\0\x70\x72\x65\x65\x6d\x70\
\x74\x5f\x63\x6f\x75\x6e\x74\0\x70\x72\x65\x65\x6d\x70\x74\0\x63\x6f\x75\x6e\
\x74\0\x6e\x65\x65\x64\x5f\x72\x65\x73\x63\x68\x65\x64\0\x5f\x5f\x63\x61\x6c\
\x6c\x5f\x73\x69\x6e\x67\x6c\x65\x5f\x6e\x6f\x64\x65\0\x6c\x6c\x69\x73\x74\0\
\x73\x72\x63\0\x64\x73\x74\0\x6c\x6c\x69\x73\x74\x5f\x6e\x6f\x64\x65\0\x75\x5f\
\x66\x6c\x61\x67\x73\0\x61\x5f\x66\x6c\x61\x67\x73\0\x73\x63\x68\x65\x64\x5f\
\x65\x6e\x74\x69\x74\x79\0\x6c\x6f\x61\x64\0\x72\x75\x6e\x5f\x6e\x6f\x64\x65\0\
\x67\x72\x6f\x75\x70\x5f\x6e\x6f\x64\x65\0\x65\x78\x65\x63\x5f\x73\x74\x61\x72\
\x74\0\x73\x75\x6d\x5f\x65\x78\x65\x63\x5f\x72\x75\x6e\x74\x69\x6d\x65\0\x76\
\x72\x75\x6e\x74\x69\x6d\x65\0\x70\x72\x65\x76\x5f\x73\x75\x6d\x5f\x65\x78\x65\
\x63\x5f\x72\x75\x6e\x74\x69\x6d\x65\0\x6e\x72\x5f\x6d\x69\x67\x72\x61\x74\x69\
\x6f\x6e\x73\0\x73\x74\x61\x74\x69\x73\x74\x69\x63\x73\0\x64\x65\x70\x74\x68\0\
\x63\x66\x73\x5f\x72\x71\0\x6d\x79\x5f\x71\0\x72\x75\x6e\x6e\x61\x62\x6c\x65\
\x5f\x77\x65\x69\x67\x68\x74\0\x61\x76\x67\0\x6c\x6f\x61\x64\x5f\x77\x65\x69\
\x67\x68\x74\0\x77\x65\x69\x67\x68\x74\0\x69\x6e\x76\x5f\x77\x65\x69\x67\x68\
\x74\0\x73\x63\x68\x65\x64\x5f\x73\x74\x61\x74\x69\x73\x74\x69\x63\x73\0\x77\
\x61\x69\x74\x5f\x73\x74\x61\x72\x74\0\x77\x61\x69\x74\x5f\x6d\x61\x78\0\x77\
\x61\x69\x74\x5f\x63\x6f\x75\x6e\x74\0\x77\x61\x69\x74\x5f\x73\x75\x6d\0\x69\
\x6f\x77\x61\x69\x74\x5f\x63\x6f\x75\x6e\x74\0\x69\x6f\x77\x61\x69\x74\x5f\x73\
\x75\x6d\0\x73\x6c\x65\x65\x70\x5f\x73\x74\x61\x72\x74\0\x73\x6c\x65\x65\x70\
\x5f\x6d\x61\x78\0\x73\x75\x6d\x5f\x73\x6c\x65\x65\x70\x5f\x72\x75\x6e\x74\x69\
\x6d\x65\0\x62\x6c\x6f\x63\x6b\x5f\x73\x74\x61\x72\x74\0\x62\x6c\x6f\x63\x6b\
\x5f\x6d\x61\x78\0\x65\x78\x65\x63\x5f\x6d\x61\x78\0\x73\x6c\x69\x63\x65\x5f\
\x6d\x61\x78\0\x6e\x72\x5f\x6d\x69\x67\x72\x61\x74\x69\x6f\x6e\x73\x5f\x63\x6f\
\x6c\x64\0\x6e\x72\x5f\x66\x61\x69\x6c\x65\x64\x5f\x6d\x69\x67\x72\x61\x74\x69\
\x6f\x6e\x73\x5f\x61\x66\x66\x69\x6e\x65\0\x6e\x72\x5f\x66\x61\x69\x6c\x65\x64\
\x5f\x6d\x69\x67\x72\x61\x74\x69\x6f\x6e\x73\x5f\x72\x75\x6e\x6e\x69\x6e\x67\0\
\x6e\x72\x5f\x66\x61\x69\x6c\x65\x64\x5f\x6d\x69\x67\x72\x61\x74\x69\x6f\x6e\
\x73\x5f\x68\x6f\x74\0\x6e\x72\x5f\x66\x6f\x72\x63\x65\x64\x5f\x6d\x69\x67\x72\
\x61\x74\x69\x6f\x6e\x73\0\x6e\x72\x5f\x77\x61\x6b\x65\x75\x70\x73\0\x6e\x72\
\x5f\x77\x61\x6b\x65\x75\x70\x73\x5f\x73\x79\x6e\x63\0\x6e\x72\x5f\x77\x61\x6b\
\x65\x75\x70\x73\x5f\x6d\x69\x67\x72\x61\x74\x65\0\x6e\x72\x5f\x77\x61\x6b\x65\
\x75\x70\x73\x5f\x6c\x6f\x63\x61\x6c\0\x6e\x72\x5f\x77\x61\x6b\x65\x75\x70\x73\
\x5f\x72\x65\x6d\x6f\x74\x65\0\x6e\x72\x5f\x77\x61\x6b\x65\x75\x70\x73\x5f\x61\
\x66\x66\x69\x6e\x65\0\x6e\x72\x5f\x77\x61\x6b\x65\x75\x70\x73\x5f\x61\x66\x66\
\x69\x6e\x65\x5f\x61\x74\x74\x65\x6d\x70\x74\x73\0\x6e\x72\x5f\x77\x61\x6b\x65\
\x75\x70\x73\x5f\x70\x61\x73\x73\x69\x76\x65\0\x6e\x72\x5f\x77\x61\x6b\x65\x75\
\x70\x73\x5f\x69\x64\x6c\x65\0\x73\x63\x68\x65\x64\x5f\x61\x76\x67\0\x6c\x61\
\x73\x74\x5f\x75\x70\x64\x61\x74\x65\x5f\x74\x69\x6d\x65\0\x6c\x6f\x61\x64\x5f\
\x73\x75\x6d\0\x72\x75\x6e\x6e\x61\x62\x6c\x65\x5f\x73\x75\x6d\0\x75\x74\x69\
\x6c\x5f\x73\x75\x6d\0\x70\x65\x72\x69\x6f\x64\x5f\x63\x6f\x6e\x74\x72\x69\x62\
\0\x6c\x6f\x61\x64\x5f\x61\x76\x67\0\x72\x75\x6e\x6e\x61\x62\x6c\x65\x5f\x61\
\x76\x67\0\x75\x74\x69\x6c\x5f\x61\x76\x67\0\x75\x74\x69\x6c\x5f\x67\x75\x65\
\x73\x74\0\x75\x74\x69\x6c\x5f\x65\x73\x74\0\x65\x6e\x71\x75\x65\x75\x65\x64\0\
\x65\x77\x6d\x61\0\x73\x63\x68\x65\x64\x5f\x72\x74\x5f\x65\x6e\x74\x69\x74\x79\
\0\x72\x75\x6e\x5f\x6c\x69\x73\x74\0\x77\x61\x74\x63\x68\x64\x6f\x67\x5f\x73\
\x74\x61\x6d\x70\0\x74\x69\x6d\x65\x5f\x73\x6c\x69\x63\x65\0\x6f\x6e\x5f\x6c\
\x69\x73\x74\0\x62\x61\x63\x6b\0\x73\x63\x68\x65\x64\x5f\x64\x6c\x5f\x65\x6e\
\x74\x69\x74\x79\0\x64\x6c\x5f\x72\x75\x6e\x74\x69\x6d\x65\0\x64\x6c\x5f\x64\
\x65\x61\x64\x6c\x69\x6e\x65\0\x64\x6c\x5f\x70\x65\x72\x69\x6f\x64\0\x64\x6c\
\x5f\x62\x77\0\x64\x6c\x5f\x64\x65\x6e\x73\x69\x74\x79\0\x72\x75\x6e\x74\x69\
\x6d\x65\0\x64\x65\x61\x64\x6c\x69\x6e\x65\0\x64\x6c\x5f\x74\x68\x72\x6f\x74\
\x74\x6c\x65\x64\0\x64\x6c\x5f\x79\x69\x65\x6c\x64\x65\x64\0\x64\x6c\x5f\x6e\
\x6f\x6e\x5f\x63\x6f\x6e\x74\x65\x6e\x64\x69\x6e\x67\0\x64\x6c\x5f\x6f\x76\x65\
\x72\x72\x75\x6e\0\x64\x6c\x5f\x74\x69\x6d\x65\x72\0\x69\x6e\x61\x63\x74\x69\
\x76\x65\x5f\x74\x69\x6d\x65\x72\0\x70\x69\x5f\x73\x65\0\x68\x72\x74\x69\x6d\
\x65\x72\0\x6e\x6f\x64\x65\0\x5f\x73\x6f\x66\x74\x65\x78\x70\x69\x72\x65\x73\0\
\x62\x61\x73\x65\0\x69\x73\x5f\x72\x65\x6c\0\x69\x73\x5f\x73\x6f\x66\x74\0\x69\
\x73\x5f\x68\x61\x72\x64\0\x74\x69\x6d\x65\x72\x71\x75\x65\x75\x65\x5f\x6e\x6f\
\x64\x65\0\x68\x72\x74\x69\x6d\x65\x72\x5f\x72\x65\x73\x74\x61\x72\x74\0\x48\
\x52\x54\x49\x4d\x45\x52\x5f\x4e\x4f\x52\x45\x53\x54\x41\x52\x54\0\x48\x52\x54\
\x49\x4d\x45\x52\x5f\x52\x45\x53\x54\x41\x52\x54\0\x75\x63\x6c\x61\x6d\x70\x5f\
\x73\x65\0\x62\x75\x63\x6b\x65\x74\x5f\x69\x64\0\x61\x63\x74\x69\x76\x65\0\x75\
\x73\x65\x72\x5f\x64\x65\x66\x69\x6e\x65\x64\0\x63\x70\x75\x6d\x61\x73\x6b\x5f\
\x74\0\x63\x70\x75\x6d\x61\x73\x6b\0\x62\x69\x74\x73\0\x72\x63\x75\x5f\x73\x70\
\x65\x63\x69\x61\x6c\0\x62\0\x73\0\x6e\x65\x65\x64\x5f\x71\x73\0\x65\x78\x70\
\x5f\x68\x69\x6e\x74\0\x6e\x65\x65\x64\x5f\x6d\x62\0\x70\x63\x6f\x75\x6e\x74\0\
\x72\x75\x6e\x5f\x64\x65\x6c\x61\x79\0\x6c\x61\x73\x74\x5f\x61\x72\x72\x69\x76\
\x61\x6c\0\x6c\x61\x73\x74\x5f\x71\x75\x65\x75\x65\x64\0\x70\x6c\x69\x73\x74\
\x5f\x6e\x6f\x64\x65\0\x70\x72\x69\x6f\x5f\x6c\x69\x73\x74\0\x6e\x6f\x64\x65\
\x5f\x6c\x69\x73\x74\0\x73\x65\x71\x6e\x75\x6d\0\x76\x6d\x61\x73\0\x76\x6d\x5f\
\x61\x72\x65\x61\x5f\x73\x74\x72\x75\x63\x74\0\x76\x6d\x5f\x73\x74\x61\x72\x74\
\0\x76\x6d\x5f\x65\x6e\x64\0\x76\x6d\x5f\x6e\x65\x78\x74\0\x76\x6d\x5f\x70\x72\
\x65\x76\0\x76\x6d\x5f\x72\x62\0\x72\x62\x5f\x73\x75\x62\x74\x72\x65\x65\x5f\
\x67\x61\x70\0\x76\x6d\x5f\x6d\x6d\0\x76\x6d\x5f\x70\x61\x67\x65\x5f\x70\x72\
\x6f\x74\0\x76\x6d\x5f\x66\x6c\x61\x67\x73\0\x61\x6e\x6f\x6e\x5f\x76\x6d\x61\
\x5f\x63\x68\x61\x69\x6e\0\x61\x6e\x6f\x6e\x5f\x76\x6d\x61\0\x76\x6d\x5f\x6f\
\x70\x73\0\x76\x6d\x5f\x70\x67\x6f\x66\x66\0\x76\x6d\x5f\x66\x69\x6c\x65\0\x76\
\x6d\x5f\x70\x72\x69\x76\x61\x74\x65\x5f\x64\x61\x74\x61\0\x73\x77\x61\x70\x5f\
\x72\x65\x61\x64\x61\x68\x65\x61\x64\x5f\x69\x6e\x66\x6f\0\x76\x6d\x5f\x75\x73\
\x65\x72\x66\x61\x75\x6c\x74\x66\x64\x5f\x63\x74\x78\0\x70\x67\x70\x72\x6f\x74\
\x5f\x74\0\x70\x67\x70\x72\x6f\x74\0\x70\x74\x65\x76\x61\x6c\x5f\x74\0\x73\x68\
\x61\x72\x65\x64\0\x61\x6e\x6f\x6e\x5f\x6e\x61\x6d\x65\0\x72\x62\x5f\x73\x75\
\x62\x74\x72\x65\x65\x5f\x6c\x61\x73\x74\0\x61\x74\x6f\x6d\x69\x63\x5f\x6c\x6f\
\x6e\x67\x5f\x74\0\x74\x61\x73\x6b\x5f\x72\x73\x73\x5f\x73\x74\x61\x74\0\x65\
\x76\x65\x6e\x74\x73\0\x61\x72\x63\x68\x5f\x64\x61\x74\x61\0\x66\x6e\0\x66\x75\
\x74\x65\x78\0\x6e\x61\x6e\x6f\x73\x6c\x65\x65\x70\0\x70\x6f\x6c\x6c\0\x75\x61\
\x64\x64\x72\0\x62\x69\x74\x73\x65\x74\0\x74\x69\x6d\x65\0\x75\x61\x64\x64\x72\
\x32\0\x63\x6c\x6f\x63\x6b\x69\x64\0\x63\x6c\x6f\x63\x6b\x69\x64\x5f\x74\0\x5f\
\x5f\x6b\x65\x72\x6e\x65\x6c\x5f\x63\x6c\x6f\x63\x6b\x69\x64\x5f\x74\0\x74\x69\
\x6d\x65\x73\x70\x65\x63\x5f\x74\x79\x70\x65\0\x54\x54\x5f\x4e\x4f\x4e\x45\0\
\x54\x54\x5f\x4e\x41\x54\x49\x56\x45\0\x54\x54\x5f\x43\x4f\x4d\x50\x41\x54\0\
\x72\x6d\x74\x70\0\x63\x6f\x6d\x70\x61\x74\x5f\x72\x6d\x74\x70\0\x75\x66\x64\
\x73\0\x6e\x66\x64\x73\0\x68\x61\x73\x5f\x74\x69\x6d\x65\x6f\x75\x74\0\x74\x76\
\x5f\x73\x65\x63\0\x74\x76\x5f\x6e\x73\x65\x63\0\x70\x69\x64\x5f\x74\0\x5f\x5f\
\x6b\x65\x72\x6e\x65\x6c\x5f\x70\x69\x64\x5f\x74\0\x72\x61\x77\x5f\x73\x70\x69\
\x6e\x6c\x6f\x63\x6b\x5f\x74\0\x62\x61\x73\x65\x73\0\x74\x69\x6d\x65\x72\x73\
\x5f\x61\x63\x74\x69\x76\x65\0\x65\x78\x70\x69\x72\x79\x5f\x61\x63\x74\x69\x76\
\x65\0\x70\x6f\x73\x69\x78\x5f\x63\x70\x75\x74\x69\x6d\x65\x72\x5f\x62\x61\x73\
\x65\0\x6e\x65\x78\x74\x65\x76\x74\0\x74\x71\x68\x65\x61\x64\0\x74\x69\x6d\x65\
\x72\x71\x75\x65\x75\x65\x5f\x68\x65\x61\x64\0\x72\x62\x5f\x72\x6f\x6f\x74\x5f\
\x63\x61\x63\x68\x65\x64\0\x72\x62\x5f\x6c\x65\x66\x74\x6d\x6f\x73\x74\0\x73\
\x75\x62\x73\x63\x72\x69\x62\x65\x72\x73\0\x70\x75\x74\x5f\x61\x64\x64\x72\0\
\x6d\x61\x67\x69\x63\0\x73\x75\x69\x64\0\x73\x67\x69\x64\0\x65\x75\x69\x64\0\
\x65\x67\x69\x64\0\x66\x73\x75\x69\x64\0\x66\x73\x67\x69\x64\0\x73\x65\x63\x75\
\x72\x65\x62\x69\x74\x73\0\x63\x61\x70\x5f\x69\x6e\x68\x65\x72\x69\x74\x61\x62\
\x6c\x65\0\x63\x61\x70\x5f\x70\x65\x72\x6d\x69\x74\x74\x65\x64\0\x63\x61\x70\
\x5f\x65\x66\x66\x65\x63\x74\x69\x76\x65\0\x63\x61\x70\x5f\x62\x73\x65\x74\0\
\x63\x61\x70\x5f\x61\x6d\x62\x69\x65\x6e\x74\0\x6a\x69\x74\x5f\x6b\x65\x79\x72\
\x69\x6e\x67\0\x73\x65\x73\x73\x69\x6f\x6e\x5f\x6b\x65\x79\x72\x69\x6e\x67\0\
\x70\x72\x6f\x63\x65\x73\x73\x5f\x6b\x65\x79\x72\x69\x6e\x67\0\x74\x68\x72\x65\
\x61\x64\x5f\x6b\x65\x79\x72\x69\x6e\x67\0\x72\x65\x71\x75\x65\x73\x74\x5f\x6b\
\x65\x79\x5f\x61\x75\x74\x68\0\x75\x73\x65\x72\x5f\x6e\x73\0\x75\x63\x6f\x75\
\x6e\x74\x73\0\x67\x72\x6f\x75\x70\x5f\x69\x6e\x66\x6f\0\x6b\x67\x69\x64\x5f\
\x74\0\x67\x69\x64\x5f\x74\0\x5f\x5f\x6b\x65\x72\x6e\x65\x6c\x5f\x67\x69\x64\
\x33\x32\x5f\x74\0\x6b\x65\x72\x6e\x65\x6c\x5f\x63\x61\x70\x5f\x74\0\x6b\x65\
\x72\x6e\x65\x6c\x5f\x63\x61\x70\x5f\x73\x74\x72\x75\x63\x74\0\x63\x61\x70\0\
\x6e\x6f\x6e\x5f\x72\x63\x75\0\x73\x79\x73\x76\x5f\x73\x65\x6d\0\x75\x6e\x64\
\x6f\x5f\x6c\x69\x73\x74\0\x73\x79\x73\x76\x5f\x73\x68\x6d\0\x73\x68\x6d\x5f\
\x63\x6c\x69\x73\x74\0\x73\x69\x67\x73\x65\x74\x5f\x74\0\x73\x69\x67\0\x73\x69\
\x67\x70\x65\x6e\x64\x69\x6e\x67\0\x73\x69\x7a\x65\x5f\x74\0\x5f\x5f\x6b\x65\
\x72\x6e\x65\x6c\x5f\x73\x69\x7a\x65\x5f\x74\0\x5f\x5f\x6b\x65\x72\x6e\x65\x6c\
\x5f\x75\x6c\x6f\x6e\x67\x5f\x74\0\x66\x69\x6c\x74\x65\x72\x5f\x63\x6f\x75\x6e\
\x74\0\x66\x69\x6c\x74\x65\x72\0\x73\x79\x73\x63\x61\x6c\x6c\x5f\x75\x73\x65\
\x72\x5f\x64\x69\x73\x70\x61\x74\x63\x68\0\x77\x61\x6b\x65\x5f\x71\x5f\x6e\x6f\
\x64\x65\0\x6b\x65\x72\x6e\x65\x6c\x5f\x73\x69\x67\x69\x6e\x66\x6f\x5f\x74\0\
\x74\x61\x73\x6b\x5f\x69\x6f\x5f\x61\x63\x63\x6f\x75\x6e\x74\x69\x6e\x67\0\x72\
\x63\x68\x61\x72\0\x77\x63\x68\x61\x72\0\x73\x79\x73\x63\x72\0\x73\x79\x73\x63\
\x77\0\x73\x79\x73\x63\x66\x73\0\x72\x65\x61\x64\x5f\x62\x79\x74\x65\x73\0\x77\
\x72\x69\x74\x65\x5f\x62\x79\x74\x65\x73\0\x63\x61\x6e\x63\x65\x6c\x6c\x65\x64\
\x5f\x77\x72\x69\x74\x65\x5f\x62\x79\x74\x65\x73\0\x6e\x6f\x64\x65\x6d\x61\x73\
\x6b\x5f\x74\0\x73\x65\x71\x63\x6f\x75\x6e\x74\x5f\x73\x70\x69\x6e\x6c\x6f\x63\
\x6b\x5f\x74\0\x73\x65\x71\x63\x6f\x75\x6e\x74\x5f\x73\x70\x69\x6e\x6c\x6f\x63\
\x6b\0\x73\x65\x71\x63\x6f\x75\x6e\x74\0\x73\x65\x71\x63\x6f\x75\x6e\x74\x5f\
\x74\0\x73\x65\x71\x75\x65\x6e\x63\x65\0\x6d\x75\x74\x65\x78\0\x6f\x77\x6e\x65\
\x72\0\x6f\x73\x71\0\x77\x61\x69\x74\x5f\x6c\x69\x73\x74\0\x6f\x70\x74\x69\x6d\
\x69\x73\x74\x69\x63\x5f\x73\x70\x69\x6e\x5f\x71\x75\x65\x75\x65\0\x70\x65\x72\
\x66\x5f\x65\x76\x65\x6e\x74\x5f\x63\x6f\x6e\x74\x65\x78\x74\0\x70\x6d\x75\0\
\x61\x63\x74\x69\x76\x65\x5f\x63\x74\x78\x5f\x6c\x69\x73\x74\0\x70\x69\x6e\x6e\
\x65\x64\x5f\x67\x72\x6f\x75\x70\x73\0\x66\x6c\x65\x78\x69\x62\x6c\x65\x5f\x67\
\x72\x6f\x75\x70\x73\0\x65\x76\x65\x6e\x74\x5f\x6c\x69\x73\x74\0\x70\x69\x6e\
\x6e\x65\x64\x5f\x61\x63\x74\x69\x76\x65\0\x66\x6c\x65\x78\x69\x62\x6c\x65\x5f\
\x61\x63\x74\x69\x76\x65\0\x6e\x72\x5f\x65\x76\x65\x6e\x74\x73\0\x6e\x72\x5f\
\x61\x63\x74\x69\x76\x65\0\x69\x73\x5f\x61\x63\x74\x69\x76\x65\0\x6e\x72\x5f\
\x73\x74\x61\x74\0\x6e\x72\x5f\x66\x72\x65\x71\0\x72\x6f\x74\x61\x74\x65\x5f\
\x64\x69\x73\x61\x62\x6c\x65\0\x72\x6f\x74\x61\x74\x65\x5f\x6e\x65\x63\x65\x73\
\x73\x61\x72\x79\0\x72\x65\x66\x63\x6f\x75\x6e\x74\0\x74\x61\x73\x6b\0\x74\x69\
\x6d\x65\x73\x74\x61\x6d\x70\0\x74\x69\x6d\x65\x6f\x66\x66\x73\x65\x74\0\x70\
\x61\x72\x65\x6e\x74\x5f\x63\x74\x78\0\x70\x61\x72\x65\x6e\x74\x5f\x67\x65\x6e\
\0\x67\x65\x6e\x65\x72\x61\x74\x69\x6f\x6e\0\x70\x69\x6e\x5f\x63\x6f\x75\x6e\
\x74\0\x74\x61\x73\x6b\x5f\x63\x74\x78\x5f\x64\x61\x74\x61\0\x6e\x72\x5f\x70\
\x65\x6e\x64\x69\x6e\x67\0\x70\x65\x72\x66\x5f\x65\x76\x65\x6e\x74\x5f\x67\x72\
\x6f\x75\x70\x73\0\x74\x72\x65\x65\0\x6c\x6f\x63\x61\x6c\x5f\x74\0\x61\0\x74\
\x6c\x62\x66\x6c\x75\x73\x68\x5f\x75\x6e\x6d\x61\x70\x5f\x62\x61\x74\x63\x68\0\
\x72\x63\x75\x5f\x75\x73\x65\x72\x73\0\x6c\x6c\x69\x73\x74\x5f\x68\x65\x61\x64\
\0\x66\x69\x72\x73\x74\0\x74\x68\x72\x65\x61\x64\x5f\x73\x74\x72\x75\x63\x74\0\
\x63\x70\x75\x5f\x63\x6f\x6e\x74\x65\x78\x74\0\x75\x77\0\x66\x70\x73\x69\x6d\
\x64\x5f\x63\x70\x75\0\x73\x76\x65\x5f\x73\x74\x61\x74\x65\0\x73\x76\x65\x5f\
\x76\x6c\0\x73\x76\x65\x5f\x76\x6c\x5f\x6f\x6e\x65\x78\x65\x63\0\x66\x61\x75\
\x6c\x74\x5f\x61\x64\x64\x72\x65\x73\x73\0\x66\x61\x75\x6c\x74\x5f\x63\x6f\x64\
\x65\0\x64\x65\x62\x75\x67\0\x6b\x65\x79\x73\x5f\x75\x73\x65\x72\0\x6b\x65\x79\
\x73\x5f\x6b\x65\x72\x6e\x65\x6c\0\x6d\x74\x65\x5f\x63\x74\x72\x6c\0\x73\x63\
\x74\x6c\x72\x5f\x75\x73\x65\x72\0\x78\x31\x39\0\x78\x32\x30\0\x78\x32\x31\0\
\x78\x32\x32\0\x78\x32\x33\0\x78\x32\x34\0\x78\x32\x35\0\x78\x32\x36\0\x78\x32\
\x37\0\x78\x32\x38\0\x66\x70\0\x73\x70\0\x70\x63\0\x74\x70\x5f\x76\x61\x6c\x75\
\x65\0\x74\x70\x32\x5f\x76\x61\x6c\x75\x65\0\x66\x70\x73\x69\x6d\x64\x5f\x73\
\x74\x61\x74\x65\0\x75\x73\x65\x72\x5f\x66\x70\x73\x69\x6d\x64\x5f\x73\x74\x61\
\x74\x65\0\x76\x72\x65\x67\x73\0\x66\x70\x73\x72\0\x66\x70\x63\x72\0\x5f\x5f\
\x72\x65\x73\x65\x72\x76\x65\x64\0\x5f\x5f\x75\x69\x6e\x74\x31\x32\x38\x5f\x74\
\0\x75\x6e\x73\x69\x67\x6e\x65\x64\x20\x5f\x5f\x69\x6e\x74\x31\x32\x38\0\x64\
\x65\x62\x75\x67\x5f\x69\x6e\x66\x6f\0\x73\x75\x73\x70\x65\x6e\x64\x65\x64\x5f\
\x73\x74\x65\x70\0\x62\x70\x73\x5f\x64\x69\x73\x61\x62\x6c\x65\x64\0\x77\x70\
\x73\x5f\x64\x69\x73\x61\x62\x6c\x65\x64\0\x68\x62\x70\x5f\x62\x72\x65\x61\x6b\
\0\x68\x62\x70\x5f\x77\x61\x74\x63\x68\0\x70\x65\x72\x66\x5f\x65\x76\x65\x6e\
\x74\0\x65\x76\x65\x6e\x74\x5f\x65\x6e\x74\x72\x79\0\x73\x69\x62\x6c\x69\x6e\
\x67\x5f\x6c\x69\x73\x74\0\x61\x63\x74\x69\x76\x65\x5f\x6c\x69\x73\x74\0\x67\
\x72\x6f\x75\x70\x5f\x69\x6e\x64\x65\x78\0\x6d\x69\x67\x72\x61\x74\x65\x5f\x65\
\x6e\x74\x72\x79\0\x68\x6c\x69\x73\x74\x5f\x65\x6e\x74\x72\x79\0\x61\x63\x74\
\x69\x76\x65\x5f\x65\x6e\x74\x72\x79\0\x6e\x72\x5f\x73\x69\x62\x6c\x69\x6e\x67\
\x73\0\x65\x76\x65\x6e\x74\x5f\x63\x61\x70\x73\0\x67\x72\x6f\x75\x70\x5f\x63\
\x61\x70\x73\0\x70\x6d\x75\x5f\x70\x72\x69\x76\x61\x74\x65\0\x61\x74\x74\x61\
\x63\x68\x5f\x73\x74\x61\x74\x65\0\x63\x68\x69\x6c\x64\x5f\x63\x6f\x75\x6e\x74\
\0\x74\x6f\x74\x61\x6c\x5f\x74\x69\x6d\x65\x5f\x65\x6e\x61\x62\x6c\x65\x64\0\
\x74\x6f\x74\x61\x6c\x5f\x74\x69\x6d\x65\x5f\x72\x75\x6e\x6e\x69\x6e\x67\0\x61\
\x74\x74\x72\0\x68\x65\x61\x64\x65\x72\x5f\x73\x69\x7a\x65\0\x69\x64\x5f\x68\
\x65\x61\x64\x65\x72\x5f\x73\x69\x7a\x65\0\x72\x65\x61\x64\x5f\x73\x69\x7a\x65\
\0\x68\x77\0\x63\x68\x69\x6c\x64\x5f\x74\x6f\x74\x61\x6c\x5f\x74\x69\x6d\x65\
\x5f\x65\x6e\x61\x62\x6c\x65\x64\0\x63\x68\x69\x6c\x64\x5f\x74\x6f\x74\x61\x6c\
\x5f\x74\x69\x6d\x65\x5f\x72\x75\x6e\x6e\x69\x6e\x67\0\x63\x68\x69\x6c\x64\x5f\
\x6d\x75\x74\x65\x78\0\x63\x68\x69\x6c\x64\x5f\x6c\x69\x73\x74\0\x6f\x6e\x63\
\x70\x75\0\x6f\x77\x6e\x65\x72\x5f\x65\x6e\x74\x72\x79\0\x6d\x6d\x61\x70\x5f\
\x6d\x75\x74\x65\x78\0\x6d\x6d\x61\x70\x5f\x63\x6f\x75\x6e\x74\0\x72\x62\x5f\
\x65\x6e\x74\x72\x79\0\x72\x63\x75\x5f\x62\x61\x74\x63\x68\x65\x73\0\x72\x63\
\x75\x5f\x70\x65\x6e\x64\x69\x6e\x67\0\x77\x61\x69\x74\x71\0\x66\x61\x73\x79\
\x6e\x63\0\x70\x65\x6e\x64\x69\x6e\x67\x5f\x77\x61\x6b\x65\x75\x70\0\x70\x65\
\x6e\x64\x69\x6e\x67\x5f\x6b\x69\x6c\x6c\0\x70\x65\x6e\x64\x69\x6e\x67\x5f\x64\
\x69\x73\x61\x62\x6c\x65\0\x70\x65\x6e\x64\x69\x6e\x67\x5f\x73\x69\x67\x74\x72\
\x61\x70\0\x70\x65\x6e\x64\x69\x6e\x67\x5f\x61\x64\x64\x72\0\x70\x65\x6e\x64\
\x69\x6e\x67\x5f\x69\x72\x71\0\x70\x65\x6e\x64\x69\x6e\x67\x5f\x74\x61\x73\x6b\
\0\x70\x65\x6e\x64\x69\x6e\x67\x5f\x77\x6f\x72\x6b\0\x65\x76\x65\x6e\x74\x5f\
\x6c\x69\x6d\x69\x74\0\x61\x64\x64\x72\x5f\x66\x69\x6c\x74\x65\x72\x73\0\x61\
\x64\x64\x72\x5f\x66\x69\x6c\x74\x65\x72\x5f\x72\x61\x6e\x67\x65\x73\0\x61\x64\
\x64\x72\x5f\x66\x69\x6c\x74\x65\x72\x73\x5f\x67\x65\x6e\0\x61\x75\x78\x5f\x65\
\x76\x65\x6e\x74\0\x64\x65\x73\x74\x72\x6f\x79\0\x6e\x73\0\x63\x6c\x6f\x63\x6b\
\0\x6f\x76\x65\x72\x66\x6c\x6f\x77\x5f\x68\x61\x6e\x64\x6c\x65\x72\0\x6f\x76\
\x65\x72\x66\x6c\x6f\x77\x5f\x68\x61\x6e\x64\x6c\x65\x72\x5f\x63\x6f\x6e\x74\
\x65\x78\x74\0\x6f\x72\x69\x67\x5f\x6f\x76\x65\x72\x66\x6c\x6f\x77\x5f\x68\x61\
\x6e\x64\x6c\x65\x72\0\x70\x72\x6f\x67\0\x62\x70\x66\x5f\x63\x6f\x6f\x6b\x69\
\x65\0\x74\x70\x5f\x65\x76\x65\x6e\x74\0\x66\x74\x72\x61\x63\x65\x5f\x6f\x70\
\x73\0\x73\x62\x5f\x6c\x69\x73\x74\0\x70\x65\x72\x66\x5f\x65\x76\x65\x6e\x74\
\x5f\x73\x74\x61\x74\x65\0\x50\x45\x52\x46\x5f\x45\x56\x45\x4e\x54\x5f\x53\x54\
\x41\x54\x45\x5f\x44\x45\x41\x44\0\x50\x45\x52\x46\x5f\x45\x56\x45\x4e\x54\x5f\
\x53\x54\x41\x54\x45\x5f\x45\x58\x49\x54\0\x50\x45\x52\x46\x5f\x45\x56\x45\x4e\
\x54\x5f\x53\x54\x41\x54\x45\x5f\x45\x52\x52\x4f\x52\0\x50\x45\x52\x46\x5f\x45\
\x56\x45\x4e\x54\x5f\x53\x54\x41\x54\x45\x5f\x4f\x46\x46\0\x50\x45\x52\x46\x5f\
\x45\x56\x45\x4e\x54\x5f\x53\x54\x41\x54\x45\x5f\x49\x4e\x41\x43\x54\x49\x56\
\x45\0\x50\x45\x52\x46\x5f\x45\x56\x45\x4e\x54\x5f\x53\x54\x41\x54\x45\x5f\x41\
\x43\x54\x49\x56\x45\0\x6c\x6f\x63\x61\x6c\x36\x34\x5f\x74\0\x70\x65\x72\x66\
\x5f\x65\x76\x65\x6e\x74\x5f\x61\x74\x74\x72\0\x63\x6f\x6e\x66\x69\x67\0\x73\
\x61\x6d\x70\x6c\x65\x5f\x74\x79\x70\x65\0\x72\x65\x61\x64\x5f\x66\x6f\x72\x6d\
\x61\x74\0\x64\x69\x73\x61\x62\x6c\x65\x64\0\x69\x6e\x68\x65\x72\x69\x74\0\x70\
\x69\x6e\x6e\x65\x64\0\x65\x78\x63\x6c\x75\x73\x69\x76\x65\0\x65\x78\x63\x6c\
\x75\x64\x65\x5f\x75\x73\x65\x72\0\x65\x78\x63\x6c\x75\x64\x65\x5f\x6b\x65\x72\
\x6e\x65\x6c\0\x65\x78\x63\x6c\x75\x64\x65\x5f\x68\x76\0\x65\x78\x63\x6c\x75\
\x64\x65\x5f\x69\x64\x6c\x65\0\x6d\x6d\x61\x70\0\x66\x72\x65\x71\0\x69\x6e\x68\
\x65\x72\x69\x74\x5f\x73\x74\x61\x74\0\x65\x6e\x61\x62\x6c\x65\x5f\x6f\x6e\x5f\
\x65\x78\x65\x63\0\x77\x61\x74\x65\x72\x6d\x61\x72\x6b\0\x70\x72\x65\x63\x69\
\x73\x65\x5f\x69\x70\0\x6d\x6d\x61\x70\x5f\x64\x61\x74\x61\0\x73\x61\x6d\x70\
\x6c\x65\x5f\x69\x64\x5f\x61\x6c\x6c\0\x65\x78\x63\x6c\x75\x64\x65\x5f\x68\x6f\
\x73\x74\0\x65\x78\x63\x6c\x75\x64\x65\x5f\x67\x75\x65\x73\x74\0\x65\x78\x63\
\x6c\x75\x64\x65\x5f\x63\x61\x6c\x6c\x63\x68\x61\x69\x6e\x5f\x6b\x65\x72\x6e\
\x65\x6c\0\x65\x78\x63\x6c\x75\x64\x65\x5f\x63\x61\x6c\x6c\x63\x68\x61\x69\x6e\
\x5f\x75\x73\x65\x72\0\x6d\x6d\x61\x70\x32\0\x63\x6f\x6d\x6d\x5f\x65\x78\x65\
\x63\0\x75\x73\x65\x5f\x63\x6c\x6f\x63\x6b\x69\x64\0\x63\x6f\x6e\x74\x65\x78\
\x74\x5f\x73\x77\x69\x74\x63\x68\0\x77\x72\x69\x74\x65\x5f\x62\x61\x63\x6b\x77\
\x61\x72\x64\0\x6e\x61\x6d\x65\x73\x70\x61\x63\x65\x73\0\x6b\x73\x79\x6d\x62\
\x6f\x6c\0\x62\x70\x66\x5f\x65\x76\x65\x6e\x74\0\x61\x75\x78\x5f\x6f\x75\x74\
\x70\x75\x74\0\x74\x65\x78\x74\x5f\x70\x6f\x6b\x65\0\x62\x75\x69\x6c\x64\x5f\
\x69\x64\0\x69\x6e\x68\x65\x72\x69\x74\x5f\x74\x68\x72\x65\x61\x64\0\x72\x65\
\x6d\x6f\x76\x65\x5f\x6f\x6e\x5f\x65\x78\x65\x63\0\x73\x69\x67\x74\x72\x61\x70\
\0\x5f\x5f\x72\x65\x73\x65\x72\x76\x65\x64\x5f\x31\0\x62\x70\x5f\x74\x79\x70\
\x65\0\x62\x72\x61\x6e\x63\x68\x5f\x73\x61\x6d\x70\x6c\x65\x5f\x74\x79\x70\x65\
\0\x73\x61\x6d\x70\x6c\x65\x5f\x72\x65\x67\x73\x5f\x75\x73\x65\x72\0\x73\x61\
\x6d\x70\x6c\x65\x5f\x73\x74\x61\x63\x6b\x5f\x75\x73\x65\x72\0\x73\x61\x6d\x70\
\x6c\x65\x5f\x72\x65\x67\x73\x5f\x69\x6e\x74\x72\0\x61\x75\x78\x5f\x77\x61\x74\
\x65\x72\x6d\x61\x72\x6b\0\x73\x61\x6d\x70\x6c\x65\x5f\x6d\x61\x78\x5f\x73\x74\
\x61\x63\x6b\0\x5f\x5f\x72\x65\x73\x65\x72\x76\x65\x64\x5f\x32\0\x61\x75\x78\
\x5f\x73\x61\x6d\x70\x6c\x65\x5f\x73\x69\x7a\x65\0\x5f\x5f\x72\x65\x73\x65\x72\
\x76\x65\x64\x5f\x33\0\x73\x69\x67\x5f\x64\x61\x74\x61\0\x73\x61\x6d\x70\x6c\
\x65\x5f\x70\x65\x72\x69\x6f\x64\0\x73\x61\x6d\x70\x6c\x65\x5f\x66\x72\x65\x71\
\0\x77\x61\x6b\x65\x75\x70\x5f\x65\x76\x65\x6e\x74\x73\0\x77\x61\x6b\x65\x75\
\x70\x5f\x77\x61\x74\x65\x72\x6d\x61\x72\x6b\0\x62\x70\x5f\x61\x64\x64\x72\0\
\x6b\x70\x72\x6f\x62\x65\x5f\x66\x75\x6e\x63\0\x75\x70\x72\x6f\x62\x65\x5f\x70\
\x61\x74\x68\0\x63\x6f\x6e\x66\x69\x67\x31\0\x62\x70\x5f\x6c\x65\x6e\0\x6b\x70\
\x72\x6f\x62\x65\x5f\x61\x64\x64\x72\0\x70\x72\x6f\x62\x65\x5f\x6f\x66\x66\x73\
\x65\x74\0\x63\x6f\x6e\x66\x69\x67\x32\0\x68\x77\x5f\x70\x65\x72\x66\x5f\x65\
\x76\x65\x6e\x74\0\x74\x61\x72\x67\x65\x74\0\x70\x72\x65\x76\x5f\x63\x6f\x75\
\x6e\x74\0\x69\x6e\x74\x65\x72\x72\x75\x70\x74\x73\x5f\x73\x65\x71\0\x69\x6e\
\x74\x65\x72\x72\x75\x70\x74\x73\0\x66\x72\x65\x71\x5f\x74\x69\x6d\x65\x5f\x73\
\x74\x61\x6d\x70\0\x66\x72\x65\x71\x5f\x63\x6f\x75\x6e\x74\x5f\x73\x74\x61\x6d\
\x70\0\x6c\x61\x73\x74\x5f\x74\x61\x67\0\x63\x6f\x6e\x66\x69\x67\x5f\x62\x61\
\x73\x65\0\x65\x76\x65\x6e\x74\x5f\x62\x61\x73\x65\0\x65\x76\x65\x6e\x74\x5f\
\x62\x61\x73\x65\x5f\x72\x64\x70\x6d\x63\0\x69\x64\x78\0\x6c\x61\x73\x74\x5f\
\x63\x70\x75\0\x65\x78\x74\x72\x61\x5f\x72\x65\x67\0\x62\x72\x61\x6e\x63\x68\
\x5f\x72\x65\x67\0\x68\x77\x5f\x70\x65\x72\x66\x5f\x65\x76\x65\x6e\x74\x5f\x65\
\x78\x74\x72\x61\0\x72\x65\x67\0\x61\x6c\x6c\x6f\x63\0\x74\x70\x5f\x6c\x69\x73\
\x74\0\x70\x77\x72\x5f\x61\x63\x63\0\x70\x74\x73\x63\0\x69\x6e\x66\x6f\0\x62\
\x70\x5f\x6c\x69\x73\x74\0\x61\x72\x63\x68\x5f\x68\x77\x5f\x62\x72\x65\x61\x6b\
\x70\x6f\x69\x6e\x74\0\x61\x64\x64\x72\x65\x73\x73\0\x74\x72\x69\x67\x67\x65\
\x72\0\x63\x74\x72\x6c\0\x61\x72\x63\x68\x5f\x68\x77\x5f\x62\x72\x65\x61\x6b\
\x70\x6f\x69\x6e\x74\x5f\x63\x74\x72\x6c\0\x70\x72\x69\x76\x69\x6c\x65\x67\x65\
\0\x65\x6e\x61\x62\x6c\x65\x64\0\x69\x6f\x6d\x6d\x75\x5f\x62\x61\x6e\x6b\0\x69\
\x6f\x6d\x6d\x75\x5f\x63\x6e\x74\x72\0\x70\x61\x64\x64\x69\x6e\x67\0\x63\x6f\
\x6e\x66\0\x63\x6f\x6e\x66\x31\0\x6c\x61\x73\x74\x5f\x70\x65\x72\x69\x6f\x64\0\
\x70\x65\x72\x69\x6f\x64\x5f\x6c\x65\x66\x74\0\x73\x61\x76\x65\x64\x5f\x6d\x65\
\x74\x72\x69\x63\0\x73\x61\x76\x65\x64\x5f\x73\x6c\x6f\x74\x73\0\x69\x72\x71\
\x5f\x77\x6f\x72\x6b\0\x70\x65\x72\x66\x5f\x61\x64\x64\x72\x5f\x66\x69\x6c\x74\
\x65\x72\x73\x5f\x68\x65\x61\x64\0\x6e\x72\x5f\x66\x69\x6c\x65\x5f\x66\x69\x6c\
\x74\x65\x72\x73\0\x70\x65\x72\x66\x5f\x6f\x76\x65\x72\x66\x6c\x6f\x77\x5f\x68\
\x61\x6e\x64\x6c\x65\x72\x5f\x74\0\x70\x65\x72\x66\x5f\x73\x61\x6d\x70\x6c\x65\
\x5f\x64\x61\x74\x61\0\x61\x64\x64\x72\0\x72\x61\x77\0\x62\x72\x5f\x73\x74\x61\
\x63\x6b\0\x70\x65\x72\x69\x6f\x64\0\x74\x78\x6e\0\x64\x61\x74\x61\x5f\x73\x72\
\x63\0\x69\x70\0\x74\x69\x64\x5f\x65\x6e\x74\x72\x79\0\x73\x74\x72\x65\x61\x6d\
\x5f\x69\x64\0\x63\x70\x75\x5f\x65\x6e\x74\x72\x79\0\x63\x61\x6c\x6c\x63\x68\
\x61\x69\x6e\0\x61\x75\x78\x5f\x73\x69\x7a\x65\0\x72\x65\x67\x73\x5f\x75\x73\
\x65\x72\0\x72\x65\x67\x73\x5f\x69\x6e\x74\x72\0\x73\x74\x61\x63\x6b\x5f\x75\
\x73\x65\x72\x5f\x73\x69\x7a\x65\0\x70\x68\x79\x73\x5f\x61\x64\x64\x72\0\x64\
\x61\x74\x61\x5f\x70\x61\x67\x65\x5f\x73\x69\x7a\x65\0\x63\x6f\x64\x65\x5f\x70\
\x61\x67\x65\x5f\x73\x69\x7a\x65\0\x70\x65\x72\x66\x5f\x73\x61\x6d\x70\x6c\x65\
\x5f\x77\x65\x69\x67\x68\x74\0\x66\x75\x6c\x6c\0\x76\x61\x72\x31\x5f\x64\x77\0\
\x76\x61\x72\x32\x5f\x77\0\x76\x61\x72\x33\x5f\x77\0\x70\x65\x72\x66\x5f\x6d\
\x65\x6d\x5f\x64\x61\x74\x61\x5f\x73\x72\x63\0\x6d\x65\x6d\x5f\x6f\x70\0\x6d\
\x65\x6d\x5f\x6c\x76\x6c\0\x6d\x65\x6d\x5f\x73\x6e\x6f\x6f\x70\0\x6d\x65\x6d\
\x5f\x6c\x6f\x63\x6b\0\x6d\x65\x6d\x5f\x64\x74\x6c\x62\0\x6d\x65\x6d\x5f\x6c\
\x76\x6c\x5f\x6e\x75\x6d\0\x6d\x65\x6d\x5f\x72\x65\x6d\x6f\x74\x65\0\x6d\x65\
\x6d\x5f\x73\x6e\x6f\x6f\x70\x78\0\x6d\x65\x6d\x5f\x62\x6c\x6b\0\x6d\x65\x6d\
\x5f\x72\x73\x76\x64\0\x74\x69\x64\0\x72\x65\x73\x65\x72\x76\x65\x64\0\x70\x65\
\x72\x66\x5f\x72\x65\x67\x73\0\x61\x62\x69\0\x72\x65\x67\x73\0\x70\x74\x5f\x72\
\x65\x67\x73\0\x6f\x72\x69\x67\x5f\x78\x30\0\x73\x79\x73\x63\x61\x6c\x6c\x6e\
\x6f\0\x75\x6e\x75\x73\x65\x64\x32\0\x73\x64\x65\x69\x5f\x74\x74\x62\x72\x31\0\
\x70\x6d\x72\x5f\x73\x61\x76\x65\0\x73\x74\x61\x63\x6b\x66\x72\x61\x6d\x65\0\
\x6c\x6f\x63\x6b\x64\x65\x70\x5f\x68\x61\x72\x64\x69\x72\x71\x73\0\x65\x78\x69\
\x74\x5f\x72\x63\x75\0\x75\x73\x65\x72\x5f\x72\x65\x67\x73\0\x75\x73\x65\x72\
\x5f\x70\x74\x5f\x72\x65\x67\x73\0\x70\x73\x74\x61\x74\x65\0\x73\x33\x32\0\x70\
\x72\x69\x76\x61\x74\x65\0\x73\x61\x76\x65\x64\x5f\x66\x75\x6e\x63\0\x6c\x6f\
\x63\x61\x6c\x5f\x68\x61\x73\x68\0\x66\x75\x6e\x63\x5f\x68\x61\x73\x68\0\x6f\
\x6c\x64\x5f\x68\x61\x73\x68\0\x74\x72\x61\x6d\x70\x6f\x6c\x69\x6e\x65\0\x74\
\x72\x61\x6d\x70\x6f\x6c\x69\x6e\x65\x5f\x73\x69\x7a\x65\0\x66\x74\x72\x61\x63\
\x65\x5f\x66\x75\x6e\x63\x5f\x74\0\x66\x74\x72\x61\x63\x65\x5f\x72\x65\x67\x73\
\0\x66\x74\x72\x61\x63\x65\x5f\x6f\x70\x73\x5f\x68\x61\x73\x68\0\x6e\x6f\x74\
\x72\x61\x63\x65\x5f\x68\x61\x73\x68\0\x66\x69\x6c\x74\x65\x72\x5f\x68\x61\x73\
\x68\0\x72\x65\x67\x65\x78\x5f\x6c\x6f\x63\x6b\0\x70\x74\x72\x61\x75\x74\x68\
\x5f\x6b\x65\x79\x73\x5f\x75\x73\x65\x72\0\x61\x70\x69\x61\0\x61\x70\x69\x62\0\
\x61\x70\x64\x61\0\x61\x70\x64\x62\0\x61\x70\x67\x61\0\x70\x74\x72\x61\x75\x74\
\x68\x5f\x6b\x65\x79\0\x6c\x6f\0\x68\x69\0\x70\x74\x72\x61\x75\x74\x68\x5f\x6b\
\x65\x79\x73\x5f\x6b\x65\x72\x6e\x65\x6c\0\x30\x3a\x34\0\x2f\x62\x75\x69\x6c\
\x64\x2f\x61\x72\x6d\x36\x34\x2d\x67\x65\x6e\x65\x72\x69\x63\x2f\x74\x6d\x70\
\x2f\x70\x6f\x72\x74\x61\x67\x65\x2f\x63\x68\x72\x6f\x6d\x65\x6f\x73\x2d\x62\
\x61\x73\x65\x2f\x73\x65\x63\x61\x67\x65\x6e\x74\x64\x2d\x39\x39\x39\x39\x2f\
\x77\x6f\x72\x6b\x2f\x73\x65\x63\x61\x67\x65\x6e\x74\x64\x2d\x39\x39\x39\x39\
\x2f\x70\x6c\x61\x74\x66\x6f\x72\x6d\x32\x2f\x73\x65\x63\x61\x67\x65\x6e\x74\
\x64\x2f\x62\x70\x66\x2f\x62\x70\x66\x5f\x75\x74\x69\x6c\x73\x2e\x68\0\x20\x20\
\x72\x65\x74\x75\x72\x6e\x20\x28\x42\x50\x46\x5f\x43\x4f\x52\x45\x5f\x52\x45\
\x41\x44\x28\x74\x2c\x20\x66\x6c\x61\x67\x73\x29\x20\x26\x20\x30\x78\x30\x30\
\x32\x30\x30\x30\x30\x30\x29\x3b\0\x20\x20\x69\x66\x20\x28\x69\x73\x5f\x6b\x74\
\x68\x72\x65\x61\x64\x28\x74\x29\x29\x20\x7b\0\x20\x20\x20\x20\x20\x20\x28\x73\
\x74\x72\x75\x63\x74\x20\x63\x72\x6f\x73\x5f\x65\x76\x65\x6e\x74\x2a\x29\x28\
\x62\x70\x66\x5f\x72\x69\x6e\x67\x62\x75\x66\x5f\x72\x65\x73\x65\x72\x76\x65\
\x28\x26\x72\x62\x2c\x20\x73\x69\x7a\x65\x6f\x66\x28\x2a\x65\x76\x65\x6e\x74\
\x29\x2c\x20\x30\x29\x29\x3b\0\x20\x20\x69\x66\x20\x28\x65\x76\x65\x6e\x74\x20\
\x3d\x3d\x20\x4e\x55\x4c\x4c\x29\x20\x7b\0\x20\x20\x73\x74\x72\x75\x63\x74\x20\
\x73\x6f\x63\x6b\x2a\x20\x73\x6b\x20\x3d\x20\x42\x50\x46\x5f\x43\x4f\x52\x45\
\x5f\x52\x45\x41\x44\x28\x73\x6f\x63\x6b\x65\x74\x2c\x20\x73\x6b\x29\x3b\0\x20\
\x20\x65\x76\x65\x6e\x74\x2d\x3e\x64\x61\x74\x61\x2e\x6e\x65\x74\x77\x6f\x72\
\x6b\x5f\x65\x76\x65\x6e\x74\x2e\x74\x79\x70\x65\x20\x3d\x20\x6b\x4e\x65\x74\
\x77\x6f\x72\x6b\x53\x6f\x63\x6b\x65\x74\x4c\x69\x73\x74\x65\x6e\x3b\0\x20\x20\
\x65\x76\x65\x6e\x74\x2d\x3e\x74\x79\x70\x65\x20\x3d\x20\x6b\x4e\x65\x74\x77\
\x6f\x72\x6b\x45\x76\x65\x6e\x74\x3b\0\x20\x20\x73\x74\x72\x75\x63\x74\x20\x73\
\x6f\x63\x6b\x2a\x20\x73\x6b\x20\x3d\x20\x42\x50\x46\x5f\x43\x4f\x52\x45\x5f\
\x52\x45\x41\x44\x28\x73\x6f\x63\x6b\x2c\x20\x73\x6b\x29\x3b\0\x30\x3a\x31\0\
\x20\x20\x69\x6e\x74\x20\x73\x6f\x63\x6b\x65\x74\x5f\x74\x79\x70\x65\x20\x3d\
\x20\x42\x50\x46\x5f\x43\x4f\x52\x45\x5f\x52\x45\x41\x44\x28\x73\x6f\x63\x6b\
\x2c\x20\x74\x79\x70\x65\x29\x3b\0\x30\x3a\x30\0\x20\x20\x63\x6f\x6d\x6d\x6f\
\x6e\x2d\x3e\x66\x61\x6d\x69\x6c\x79\x20\x3d\x20\x42\x50\x46\x5f\x43\x4f\x52\
\x45\x5f\x52\x45\x41\x44\x28\x73\x6b\x2c\x20\x5f\x5f\x73\x6b\x5f\x63\x6f\x6d\
\x6d\x6f\x6e\x29\x2e\x73\x6b\x63\x5f\x66\x61\x6d\x69\x6c\x79\x3b\0\x30\x3a\x33\
\0\x30\x3a\x35\x33\0\x20\x20\x20\x20\x20\x20\x20\x20\x20\x20\x20\x20\x20\x20\
\x20\x20\x20\x20\x20\x20\x20\x20\x20\x20\x20\x20\x20\x20\x20\x20\x20\x20\x20\
\x20\x20\x20\x20\x20\x20\x20\x42\x50\x46\x5f\x43\x4f\x52\x45\x5f\x52\x45\x41\
\x44\x28\x73\x6b\x2c\x20\x73\x6b\x5f\x70\x72\x6f\x74\x6f\x63\x6f\x6c\x29\x29\
\x3b\0\x20\x20\x69\x66\x20\x28\x70\x72\x6f\x74\x6f\x63\x6f\x6c\x20\x3d\x3d\x20\
\x43\x52\x4f\x53\x5f\x49\x41\x4e\x41\x5f\x48\x4f\x50\x4f\x50\x54\x29\x20\x7b\
\x20\x20\x2f\x2f\x20\x67\x65\x6e\x65\x72\x69\x63\x20\x69\x70\x20\x70\x72\x6f\
\x74\x6f\x63\x6f\x6c\x2e\0\x20\x20\x7d\x20\x65\x6c\x73\x65\x20\x69\x66\x20\x28\
\x73\x6f\x63\x6b\x65\x74\x5f\x74\x79\x70\x65\x20\x3d\x3d\x20\x53\x4f\x43\x4b\
\x5f\x52\x41\x57\x29\x20\x7b\0\x20\x20\x20\x20\x69\x66\x20\x28\x66\x61\x6d\x69\
\x6c\x79\x20\x3d\x3d\x20\x43\x52\x4f\x53\x5f\x46\x41\x4d\x49\x4c\x59\x5f\x41\
\x46\x5f\x49\x4e\x45\x54\x20\x7c\x7c\x20\x66\x61\x6d\x69\x6c\x79\x20\x3d\x3d\
\x20\x43\x52\x4f\x53\x5f\x46\x41\x4d\x49\x4c\x59\x5f\x41\x46\x5f\x49\x4e\x45\
\x54\x36\x29\x20\x7b\0\x20\x20\x20\x20\x20\x20\x69\x66\x20\x28\x73\x6f\x63\x6b\
\x65\x74\x5f\x74\x79\x70\x65\x20\x3d\x3d\x20\x53\x4f\x43\x4b\x5f\x53\x54\x52\
\x45\x41\x4d\x29\x20\x7b\0\x20\x20\x63\x6f\x6d\x6d\x6f\x6e\x2d\x3e\x70\x72\x6f\
\x74\x6f\x63\x6f\x6c\x20\x3d\x20\x64\x65\x74\x65\x72\x6d\x69\x6e\x65\x5f\x70\
\x72\x6f\x74\x6f\x63\x6f\x6c\x28\x63\x6f\x6d\x6d\x6f\x6e\x2d\x3e\x66\x61\x6d\
\x69\x6c\x79\x2c\x20\x73\x6f\x63\x6b\x65\x74\x5f\x74\x79\x70\x65\x2c\0\x30\x3a\
\x38\x32\0\x20\x20\x20\x20\x20\x20\x63\x72\x6f\x73\x5f\x6e\x6f\x72\x6d\x61\x6c\
\x69\x7a\x65\x5f\x74\x6f\x5f\x6c\x61\x73\x74\x5f\x65\x78\x65\x63\x28\x42\x50\
\x46\x5f\x43\x4f\x52\x45\x5f\x52\x45\x41\x44\x28\x74\x2c\x20\x72\x65\x61\x6c\
\x5f\x70\x61\x72\x65\x6e\x74\x2c\x20\x67\x72\x6f\x75\x70\x5f\x6c\x65\x61\x64\
\x65\x72\x29\x29\x3b\0\x30\x3a\x38\x36\0\x20\x20\x66\x6f\x72\x20\x28\x69\x6e\
\x74\x20\x69\x20\x3d\x20\x30\x3b\x20\x69\x20\x3c\x20\x36\x34\x3b\x20\x2b\x2b\
\x69\x29\x20\x7b\0\x20\x20\x20\x20\x73\x74\x72\x75\x63\x74\x20\x74\x61\x73\x6b\
\x5f\x73\x74\x72\x75\x63\x74\x2a\x20\x70\x61\x72\x65\x6e\x74\x20\x3d\x20\x42\
\x50\x46\x5f\x43\x4f\x52\x45\x5f\x52\x45\x41\x44\x28\x72\x65\x74\x2c\x20\x72\
\x65\x61\x6c\x5f\x70\x61\x72\x65\x6e\x74\x2c\x20\x67\x72\x6f\x75\x70\x5f\x6c\
\x65\x61\x64\x65\x72\x29\x3b\0\x20\x20\x20\x20\x69\x66\x20\x28\x28\x21\x70\x61\
\x72\x65\x6e\x74\x29\x20\x7c\x7c\x20\x28\x42\x50\x46\x5f\x43\x4f\x52\x45\x5f\
\x52\x45\x41\x44\x28\x72\x65\x74\x2c\x20\x73\x65\x6c\x66\x5f\x65\x78\x65\x63\
\x5f\x69\x64\x29\x20\x21\x3d\0\x30\x3a\x31\x33\x37\0\x20\x20\x20\x20\x20\x20\
\x20\x20\x20\x20\x20\x20\x20\x20\x20\x20\x20\x20\x20\x20\x20\x20\x42\x50\x46\
\x5f\x43\x4f\x52\x45\x5f\x52\x45\x41\x44\x28\x70\x61\x72\x65\x6e\x74\x2c\x20\
\x73\x65\x6c\x66\x5f\x65\x78\x65\x63\x5f\x69\x64\x29\x29\x29\x20\x7b\0\x30\x3a\
\x38\x30\0\x20\x20\x74\x61\x73\x6b\x5f\x69\x6e\x66\x6f\x2d\x3e\x70\x70\x69\x64\
\x20\x3d\x20\x42\x50\x46\x5f\x43\x4f\x52\x45\x5f\x52\x45\x41\x44\x28\x70\x61\
\x72\x65\x6e\x74\x2c\x20\x74\x67\x69\x64\x29\x3b\0\x30\x3a\x31\x30\x34\0\x20\
\x20\x74\x61\x73\x6b\x5f\x69\x6e\x66\x6f\x2d\x3e\x70\x61\x72\x65\x6e\x74\x5f\
\x73\x74\x61\x72\x74\x5f\x74\x69\x6d\x65\x20\x3d\x20\x42\x50\x46\x5f\x43\x4f\
\x52\x45\x5f\x52\x45\x41\x44\x28\x70\x61\x72\x65\x6e\x74\x2c\x20\x73\x74\x61\
\x72\x74\x5f\x62\x6f\x6f\x74\x74\x69\x6d\x65\x29\x3b\0\x20\x20\x74\x61\x73\x6b\
\x5f\x69\x6e\x66\x6f\x2d\x3e\x73\x74\x61\x72\x74\x5f\x74\x69\x6d\x65\x20\x3d\
\x20\x42\x50\x46\x5f\x43\x4f\x52\x45\x5f\x52\x45\x41\x44\x28\x74\x2c\x20\x67\
\x72\x6f\x75\x70\x5f\x6c\x65\x61\x64\x65\x72\x2c\x20\x73\x74\x61\x72\x74\x5f\
\x62\x6f\x6f\x74\x74\x69\x6d\x65\x29\x3b\0\x20\x20\x74\x61\x73\x6b\x5f\x69\x6e\
\x66\x6f\x2d\x3e\x70\x69\x64\x20\x3d\x20\x42\x50\x46\x5f\x43\x4f\x52\x45\x5f\
\x52\x45\x41\x44\x28\x74\x2c\x20\x74\x67\x69\x64\x29\x3b\0\x30\x3a\x31\x30\x39\
\0\x20\x20\x74\x61\x73\x6b\x5f\x69\x6e\x66\x6f\x2d\x3e\x75\x69\x64\x20\x3d\x20\
\x42\x50\x46\x5f\x43\x4f\x52\x45\x5f\x52\x45\x41\x44\x28\x74\x2c\x20\x72\x65\
\x61\x6c\x5f\x63\x72\x65\x64\x2c\x20\x75\x69\x64\x2e\x76\x61\x6c\x29\x3b\0\x30\
\x3a\x34\x3a\x30\0\x20\x20\x74\x61\x73\x6b\x5f\x69\x6e\x66\x6f\x2d\x3e\x67\x69\
\x64\x20\x3d\x20\x42\x50\x46\x5f\x43\x4f\x52\x45\x5f\x52\x45\x41\x44\x28\x74\
\x2c\x20\x72\x65\x61\x6c\x5f\x63\x72\x65\x64\x2c\x20\x67\x69\x64\x2e\x76\x61\
\x6c\x29\x3b\0\x30\x3a\x35\x3a\x30\0\x30\x3a\x35\x34\0\x20\x20\x63\x6f\x6e\x73\
\x74\x20\x75\x69\x6e\x74\x70\x74\x72\x5f\x74\x20\x61\x72\x67\x5f\x73\x74\x61\
\x72\x74\x20\x3d\x20\x28\x75\x69\x6e\x74\x70\x74\x72\x5f\x74\x29\x42\x50\x46\
\x5f\x43\x4f\x52\x45\x5f\x52\x45\x41\x44\x28\x74\x2c\x20\x6d\x6d\x2c\x20\x61\
\x72\x67\x5f\x73\x74\x61\x72\x74\x29\x3b\0\x6d\x6d\x5f\x73\x74\x72\x75\x63\x74\
\0\x63\x70\x75\x5f\x62\x69\x74\x6d\x61\x70\0\x6d\x6d\x5f\x72\x62\0\x76\x6d\x61\
\x63\x61\x63\x68\x65\x5f\x73\x65\x71\x6e\x75\x6d\0\x67\x65\x74\x5f\x75\x6e\x6d\
\x61\x70\x70\x65\x64\x5f\x61\x72\x65\x61\0\x6d\x6d\x61\x70\x5f\x62\x61\x73\x65\
\0\x6d\x6d\x61\x70\x5f\x6c\x65\x67\x61\x63\x79\x5f\x62\x61\x73\x65\0\x74\x61\
\x73\x6b\x5f\x73\x69\x7a\x65\0\x68\x69\x67\x68\x65\x73\x74\x5f\x76\x6d\x5f\x65\
\x6e\x64\0\x70\x67\x64\0\x6d\x65\x6d\x62\x61\x72\x72\x69\x65\x72\x5f\x73\x74\
\x61\x74\x65\0\x6d\x6d\x5f\x75\x73\x65\x72\x73\0\x6d\x6d\x5f\x63\x6f\x75\x6e\
\x74\0\x70\x67\x74\x61\x62\x6c\x65\x73\x5f\x62\x79\x74\x65\x73\0\x6d\x61\x70\
\x5f\x63\x6f\x75\x6e\x74\0\x70\x61\x67\x65\x5f\x74\x61\x62\x6c\x65\x5f\x6c\x6f\
\x63\x6b\0\x6d\x6d\x61\x70\x5f\x6c\x6f\x63\x6b\0\x6d\x6d\x6c\x69\x73\x74\0\x68\
\x69\x77\x61\x74\x65\x72\x5f\x72\x73\x73\0\x68\x69\x77\x61\x74\x65\x72\x5f\x76\
\x6d\0\x74\x6f\x74\x61\x6c\x5f\x76\x6d\0\x6c\x6f\x63\x6b\x65\x64\x5f\x76\x6d\0\
\x70\x69\x6e\x6e\x65\x64\x5f\x76\x6d\0\x64\x61\x74\x61\x5f\x76\x6d\0\x65\x78\
\x65\x63\x5f\x76\x6d\0\x73\x74\x61\x63\x6b\x5f\x76\x6d\0\x64\x65\x66\x5f\x66\
\x6c\x61\x67\x73\0\x77\x72\x69\x74\x65\x5f\x70\x72\x6f\x74\x65\x63\x74\x5f\x73\
\x65\x71\0\x61\x72\x67\x5f\x6c\x6f\x63\x6b\0\x73\x74\x61\x72\x74\x5f\x63\x6f\
\x64\x65\0\x65\x6e\x64\x5f\x63\x6f\x64\x65\0\x73\x74\x61\x72\x74\x5f\x64\x61\
\x74\x61\0\x65\x6e\x64\x5f\x64\x61\x74\x61\0\x73\x74\x61\x72\x74\x5f\x62\x72\
\x6b\0\x62\x72\x6b\0\x73\x74\x61\x72\x74\x5f\x73\x74\x61\x63\x6b\0\x61\x72\x67\
\x5f\x73\x74\x61\x72\x74\0\x61\x72\x67\x5f\x65\x6e\x64\0\x65\x6e\x76\x5f\x73\
\x74\x61\x72\x74\0\x65\x6e\x76\x5f\x65\x6e\x64\0\x73\x61\x76\x65\x64\x5f\x61\
\x75\x78\x76\0\x62\x69\x6e\x66\x6d\x74\0\x63\x6f\x6e\x74\x65\x78\x74\0\x63\x6f\
\x72\x65\x5f\x73\x74\x61\x74\x65\0\x69\x6f\x63\x74\x78\x5f\x6c\x6f\x63\x6b\0\
\x69\x6f\x63\x74\x78\x5f\x74\x61\x62\x6c\x65\0\x65\x78\x65\x5f\x66\x69\x6c\x65\
\0\x74\x6c\x62\x5f\x66\x6c\x75\x73\x68\x5f\x70\x65\x6e\x64\x69\x6e\x67\0\x75\
\x70\x72\x6f\x62\x65\x73\x5f\x73\x74\x61\x74\x65\0\x61\x73\x79\x6e\x63\x5f\x70\
\x75\x74\x5f\x77\x6f\x72\x6b\0\x70\x61\x73\x69\x64\0\x6c\x72\x75\x5f\x67\x65\
\x6e\0\x66\x5f\x75\0\x66\x5f\x70\x61\x74\x68\0\x66\x5f\x69\x6e\x6f\x64\x65\0\
\x66\x5f\x6f\x70\0\x66\x5f\x6c\x6f\x63\x6b\0\x66\x5f\x77\x72\x69\x74\x65\x5f\
\x68\x69\x6e\x74\0\x66\x5f\x63\x6f\x75\x6e\x74\0\x66\x5f\x66\x6c\x61\x67\x73\0\
\x66\x5f\x6d\x6f\x64\x65\0\x66\x5f\x70\x6f\x73\x5f\x6c\x6f\x63\x6b\0\x66\x5f\
\x70\x6f\x73\0\x66\x5f\x6f\x77\x6e\x65\x72\0\x66\x5f\x63\x72\x65\x64\0\x66\x5f\
\x72\x61\0\x66\x5f\x76\x65\x72\x73\x69\x6f\x6e\0\x66\x5f\x73\x65\x63\x75\x72\
\x69\x74\x79\0\x70\x72\x69\x76\x61\x74\x65\x5f\x64\x61\x74\x61\0\x66\x5f\x65\
\x70\0\x66\x5f\x6d\x61\x70\x70\x69\x6e\x67\0\x66\x5f\x77\x62\x5f\x65\x72\x72\0\
\x66\x5f\x73\x62\x5f\x65\x72\x72\0\x66\x75\x5f\x6c\x6c\x69\x73\x74\0\x66\x75\
\x5f\x72\x63\x75\x68\x65\x61\x64\0\x70\x61\x74\x68\0\x6d\x6e\x74\0\x64\x65\x6e\
\x74\x72\x79\0\x6c\x69\x6e\x6b\x5f\x63\x6f\x75\x6e\x74\0\x72\x77\x5f\x68\x69\
\x6e\x74\0\x57\x52\x49\x54\x45\x5f\x4c\x49\x46\x45\x5f\x4e\x4f\x54\x5f\x53\x45\
\x54\0\x57\x52\x49\x54\x45\x5f\x4c\x49\x46\x45\x5f\x4e\x4f\x4e\x45\0\x57\x52\
\x49\x54\x45\x5f\x4c\x49\x46\x45\x5f\x53\x48\x4f\x52\x54\0\x57\x52\x49\x54\x45\
\x5f\x4c\x49\x46\x45\x5f\x4d\x45\x44\x49\x55\x4d\0\x57\x52\x49\x54\x45\x5f\x4c\
\x49\x46\x45\x5f\x4c\x4f\x4e\x47\0\x57\x52\x49\x54\x45\x5f\x4c\x49\x46\x45\x5f\
\x45\x58\x54\x52\x45\x4d\x45\0\x66\x6d\x6f\x64\x65\x5f\x74\0\x6c\x6f\x66\x66\
\x5f\x74\0\x5f\x5f\x6b\x65\x72\x6e\x65\x6c\x5f\x6c\x6f\x66\x66\x5f\x74\0\x66\
\x6f\x77\x6e\x5f\x73\x74\x72\x75\x63\x74\0\x70\x69\x64\x5f\x74\x79\x70\x65\0\
\x73\x69\x67\x6e\x75\x6d\0\x50\x49\x44\x54\x59\x50\x45\x5f\x50\x49\x44\0\x50\
\x49\x44\x54\x59\x50\x45\x5f\x54\x47\x49\x44\0\x50\x49\x44\x54\x59\x50\x45\x5f\
\x50\x47\x49\x44\0\x50\x49\x44\x54\x59\x50\x45\x5f\x53\x49\x44\0\x50\x49\x44\
\x54\x59\x50\x45\x5f\x4d\x41\x58\0\x66\x69\x6c\x65\x5f\x72\x61\x5f\x73\x74\x61\
\x74\x65\0\x73\x74\x61\x72\x74\0\x61\x73\x79\x6e\x63\x5f\x73\x69\x7a\x65\0\x72\
\x61\x5f\x70\x61\x67\x65\x73\0\x6d\x6d\x61\x70\x5f\x6d\x69\x73\x73\0\x70\x72\
\x65\x76\x5f\x70\x6f\x73\0\x65\x72\x72\x73\x65\x71\x5f\x74\0\x70\x67\x64\x5f\
\x74\0\x70\x67\x64\x76\x61\x6c\x5f\x74\0\x72\x77\x5f\x73\x65\x6d\x61\x70\x68\
\x6f\x72\x65\0\x6d\x6d\x5f\x72\x73\x73\x5f\x73\x74\x61\x74\0\x6d\x6d\x5f\x63\
\x6f\x6e\x74\x65\x78\x74\x5f\x74\0\x73\x69\x67\x70\x61\x67\x65\0\x76\x64\x73\
\x6f\0\x78\x6f\x6c\x5f\x61\x72\x65\x61\0\x77\x6f\x72\x6b\x5f\x73\x74\x72\x75\
\x63\x74\0\x77\x6f\x72\x6b\x5f\x66\x75\x6e\x63\x5f\x74\0\x62\x69\x74\x6d\x61\
\x70\0\x30\x3a\x30\x3a\x33\x35\0\x20\x20\x63\x6f\x6e\x73\x74\x20\x75\x69\x6e\
\x74\x70\x74\x72\x5f\x74\x20\x61\x72\x67\x5f\x65\x6e\x64\x20\x3d\x20\x28\x75\
\x69\x6e\x74\x70\x74\x72\x5f\x74\x29\x42\x50\x46\x5f\x43\x4f\x52\x45\x5f\x52\
\x45\x41\x44\x28\x74\x2c\x20\x6d\x6d\x2c\x20\x61\x72\x67\x5f\x65\x6e\x64\x29\
\x3b\0\x30\x3a\x30\x3a\x33\x36\0\x20\x20\x69\x66\x20\x28\x28\x61\x72\x67\x5f\
\x65\x6e\x64\x20\x2d\x20\x61\x72\x67\x5f\x73\x74\x61\x72\x74\x29\x20\x3e\x20\
\x73\x69\x7a\x65\x6f\x66\x28\x74\x61\x73\x6b\x5f\x69\x6e\x66\x6f\x2d\x3e\x63\
\x6f\x6d\x6d\x61\x6e\x64\x6c\x69\x6e\x65\x29\x29\x20\x7b\0\x20\x20\x62\x70\x66\
\x5f\x70\x72\x6f\x62\x65\x5f\x72\x65\x61\x64\x5f\x75\x73\x65\x72\x28\x74\x61\
\x73\x6b\x5f\x69\x6e\x66\x6f\x2d\x3e\x63\x6f\x6d\x6d\x61\x6e\x64\x6c\x69\x6e\
\x65\x2c\x20\x74\x61\x73\x6b\x5f\x69\x6e\x66\x6f\x2d\x3e\x63\x6f\x6d\x6d\x61\
\x6e\x64\x6c\x69\x6e\x65\x5f\x6c\x65\x6e\x2c\0\x20\x20\x69\x66\x20\x28\x74\x61\
\x73\x6b\x5f\x69\x6e\x66\x6f\x2d\x3e\x63\x6f\x6d\x6d\x61\x6e\x64\x6c\x69\x6e\
\x65\x5f\x6c\x65\x6e\x20\x3d\x3d\x20\x73\x69\x7a\x65\x6f\x66\x28\x74\x61\x73\
\x6b\x5f\x69\x6e\x66\x6f\x2d\x3e\x63\x6f\x6d\x6d\x61\x6e\x64\x6c\x69\x6e\x65\
\x29\x29\x20\x7b\0\x20\x20\x20\x20\x74\x61\x73\x6b\x5f\x69\x6e\x66\x6f\x2d\x3e\
\x63\x6f\x6d\x6d\x61\x6e\x64\x6c\x69\x6e\x65\x5b\x74\x61\x73\x6b\x5f\x69\x6e\
\x66\x6f\x2d\x3e\x63\x6f\x6d\x6d\x61\x6e\x64\x6c\x69\x6e\x65\x5f\x6c\x65\x6e\
\x20\x2d\x20\x31\x5d\x20\x3d\x20\x27\x5c\x30\x27\x3b\0\x20\x20\x73\x6c\x2d\x3e\
\x73\x6f\x63\x6b\x65\x74\x5f\x74\x79\x70\x65\x20\x3d\x20\x42\x50\x46\x5f\x43\
\x4f\x52\x45\x5f\x52\x45\x41\x44\x28\x73\x6f\x63\x6b\x65\x74\x2c\x20\x74\x79\
\x70\x65\x29\x3b\0\x20\x20\x73\x6c\x2d\x3e\x70\x6f\x72\x74\x20\x3d\x20\x42\x50\
\x46\x5f\x43\x4f\x52\x45\x5f\x52\x45\x41\x44\x28\x73\x6b\x2c\x20\x5f\x5f\x73\
\x6b\x5f\x63\x6f\x6d\x6d\x6f\x6e\x29\x2e\x73\x6b\x63\x5f\x6e\x75\x6d\x3b\0\x30\
\x3a\x32\x3a\x31\x3a\x31\0\x20\x20\x73\x6c\x2d\x3e\x69\x70\x76\x34\x5f\x61\x64\
\x64\x72\x20\x3d\x20\x42\x50\x46\x5f\x43\x4f\x52\x45\x5f\x52\x45\x41\x44\x28\
\x73\x6b\x2c\x20\x5f\x5f\x73\x6b\x5f\x63\x6f\x6d\x6d\x6f\x6e\x29\x2e\x73\x6b\
\x63\x5f\x72\x63\x76\x5f\x73\x61\x64\x64\x72\x3b\0\x30\x3a\x30\x3a\x31\x3a\x31\
\0\x20\x20\x20\x20\x20\x20\x42\x50\x46\x5f\x43\x4f\x52\x45\x5f\x52\x45\x41\x44\
\x28\x73\x6b\x2c\x20\x5f\x5f\x73\x6b\x5f\x63\x6f\x6d\x6d\x6f\x6e\x29\x2e\x73\
\x6b\x63\x5f\x76\x36\x5f\x72\x63\x76\x5f\x73\x61\x64\x64\x72\x2e\x69\x6e\x36\
\x5f\x75\x2e\x75\x36\x5f\x61\x64\x64\x72\x38\x2c\0\x30\x3a\x31\x34\x3a\x30\x3a\
\x30\0\x20\x20\x5f\x5f\x62\x75\x69\x6c\x74\x69\x6e\x5f\x6d\x65\x6d\x6d\x6f\x76\
\x65\x28\0\x20\x20\x62\x70\x66\x5f\x72\x69\x6e\x67\x62\x75\x66\x5f\x73\x75\x62\
\x6d\x69\x74\x28\x65\x76\x65\x6e\x74\x2c\x20\x30\x29\x3b\0\x63\x72\x6f\x73\x5f\
\x68\x61\x6e\x64\x6c\x65\x5f\x69\x6e\x65\x74\x5f\x73\x65\x6e\x64\x6d\x73\x67\
\x5f\x65\x78\x69\x74\0\x72\x61\x77\x5f\x74\x72\x61\x63\x65\x70\x6f\x69\x6e\x74\
\x2f\x63\x72\x6f\x73\x5f\x69\x6e\x65\x74\x5f\x73\x65\x6e\x64\x6d\x73\x67\x5f\
\x65\x78\x69\x74\0\x69\x6e\x74\x20\x42\x50\x46\x5f\x50\x52\x4f\x47\x28\x63\x72\
\x6f\x73\x5f\x68\x61\x6e\x64\x6c\x65\x5f\x69\x6e\x65\x74\x5f\x73\x65\x6e\x64\
\x6d\x73\x67\x5f\x65\x78\x69\x74\x2c\0\x20\x20\x69\x66\x20\x28\x72\x76\x20\x3c\
\x3d\x20\x30\x29\x20\x7b\0\x20\x20\x5f\x5f\x62\x75\x69\x6c\x74\x69\x6e\x5f\x6d\
\x65\x6d\x73\x65\x74\x28\x26\x6b\x65\x79\x2c\x20\x30\x2c\x20\x73\x69\x7a\x65\
\x6f\x66\x28\x6b\x65\x79\x29\x29\x3b\0\x20\x20\x6b\x65\x79\x2e\x73\x6f\x63\x6b\
\x20\x3d\x20\x73\x6f\x63\x6b\x3b\0\x20\x20\x73\x74\x72\x75\x63\x74\x20\x73\x6f\
\x63\x6b\x5f\x63\x6f\x6d\x6d\x6f\x6e\x20\x73\x6b\x5f\x63\x6f\x6d\x6d\x6f\x6e\
\x20\x3d\x20\x42\x50\x46\x5f\x43\x4f\x52\x45\x5f\x52\x45\x41\x44\x28\x73\x6f\
\x63\x6b\x2c\x20\x73\x6b\x2c\x20\x5f\x5f\x73\x6b\x5f\x63\x6f\x6d\x6d\x6f\x6e\
\x29\x3b\0\x20\x20\x66\x69\x76\x65\x5f\x74\x75\x70\x6c\x65\x2d\x3e\x66\x61\x6d\
\x69\x6c\x79\x20\x3d\x20\x73\x6b\x5f\x63\x6f\x6d\x6d\x6f\x6e\x2e\x73\x6b\x63\
\x5f\x66\x61\x6d\x69\x6c\x79\x3b\0\x20\x20\x20\x20\x20\x20\x64\x65\x74\x65\x72\
\x6d\x69\x6e\x65\x5f\x70\x72\x6f\x74\x6f\x63\x6f\x6c\x28\x66\x69\x76\x65\x5f\
\x74\x75\x70\x6c\x65\x2d\x3e\x66\x61\x6d\x69\x6c\x79\x2c\x20\x42\x50\x46\x5f\
\x43\x4f\x52\x45\x5f\x52\x45\x41\x44\x28\x73\x6f\x63\x6b\x2c\x20\x74\x79\x70\
\x65\x29\x2c\0\x20\x20\x20\x20\x20\x20\x20\x20\x20\x20\x20\x20\x20\x20\x20\x20\
\x20\x20\x20\x20\x20\x20\x20\x20\x20\x42\x50\x46\x5f\x43\x4f\x52\x45\x5f\x52\
\x45\x41\x44\x28\x73\x6f\x63\x6b\x2c\x20\x73\x6b\x2c\x20\x73\x6b\x5f\x70\x72\
\x6f\x74\x6f\x63\x6f\x6c\x29\x29\x3b\0\x20\x20\x66\x69\x76\x65\x5f\x74\x75\x70\
\x6c\x65\x2d\x3e\x70\x72\x6f\x74\x6f\x63\x6f\x6c\x20\x3d\0\x20\x20\x69\x66\x20\
\x28\x66\x69\x76\x65\x5f\x74\x75\x70\x6c\x65\x2d\x3e\x66\x61\x6d\x69\x6c\x79\
\x20\x3d\x3d\x20\x43\x52\x4f\x53\x5f\x46\x41\x4d\x49\x4c\x59\x5f\x41\x46\x5f\
\x49\x4e\x45\x54\x29\x20\x7b\0\x20\x20\x20\x20\x66\x69\x76\x65\x5f\x74\x75\x70\
\x6c\x65\x2d\x3e\x64\x65\x73\x74\x5f\x61\x64\x64\x72\x2e\x61\x64\x64\x72\x34\
\x20\x3d\x20\x73\x6b\x5f\x63\x6f\x6d\x6d\x6f\x6e\x2e\x73\x6b\x63\x5f\x64\x61\
\x64\x64\x72\x3b\0\x30\x3a\x30\x3a\x31\x3a\x30\0\x20\x20\x20\x20\x66\x69\x76\
\x65\x5f\x74\x75\x70\x6c\x65\x2d\x3e\x73\x6f\x75\x72\x63\x65\x5f\x61\x64\x64\
\x72\x2e\x61\x64\x64\x72\x34\x20\x3d\x20\x73\x6b\x5f\x63\x6f\x6d\x6d\x6f\x6e\
\x2e\x73\x6b\x63\x5f\x72\x63\x76\x5f\x73\x61\x64\x64\x72\x3b\0\x20\x20\x20\x20\
\x5f\x5f\x62\x75\x69\x6c\x74\x69\x6e\x5f\x6d\x65\x6d\x6d\x6f\x76\x65\x28\x66\
\x69\x76\x65\x5f\x74\x75\x70\x6c\x65\x2d\x3e\x73\x6f\x75\x72\x63\x65\x5f\x61\
\x64\x64\x72\x2e\x61\x64\x64\x72\x36\x2c\0\x30\x3a\x31\x33\x3a\x30\x3a\x30\0\
\x20\x20\x20\x20\x5f\x5f\x62\x75\x69\x6c\x74\x69\x6e\x5f\x6d\x65\x6d\x6d\x6f\
\x76\x65\x28\x66\x69\x76\x65\x5f\x74\x75\x70\x6c\x65\x2d\x3e\x64\x65\x73\x74\
\x5f\x61\x64\x64\x72\x2e\x61\x64\x64\x72\x36\x2c\0\x20\x20\x66\x69\x76\x65\x5f\
\x74\x75\x70\x6c\x65\x2d\x3e\x64\x65\x73\x74\x5f\x70\x6f\x72\x74\x20\x3d\x20\
\x73\x6b\x5f\x63\x6f\x6d\x6d\x6f\x6e\x2e\x73\x6b\x63\x5f\x64\x70\x6f\x72\x74\
\x3b\0\x30\x3a\x32\x3a\x31\x3a\x30\0\x20\x20\x66\x69\x76\x65\x5f\x74\x75\x70\
\x6c\x65\x2d\x3e\x73\x6f\x75\x72\x63\x65\x5f\x70\x6f\x72\x74\x20\x3d\x20\x73\
\x6b\x5f\x63\x6f\x6d\x6d\x6f\x6e\x2e\x73\x6b\x63\x5f\x6e\x75\x6d\x3b\0\x20\x20\
\x76\x61\x6c\x75\x65\x5f\x72\x65\x66\x20\x3d\x20\x62\x70\x66\x5f\x6d\x61\x70\
\x5f\x6c\x6f\x6f\x6b\x75\x70\x5f\x65\x6c\x65\x6d\x28\x26\x63\x72\x6f\x73\x5f\
\x6e\x65\x74\x77\x6f\x72\x6b\x5f\x66\x6c\x6f\x77\x5f\x6d\x61\x70\x2c\x20\x26\
\x6b\x65\x79\x29\x3b\0\x20\x20\x69\x66\x20\x28\x76\x61\x6c\x75\x65\x5f\x72\x65\
\x66\x29\x20\x7b\x20\x20\x2f\x2f\x20\x65\x6e\x74\x72\x79\x20\x61\x6c\x72\x65\
\x61\x64\x79\x20\x65\x78\x69\x73\x74\0\x20\x20\x20\x20\x76\x61\x6c\x75\x65\x5f\
\x72\x65\x66\x2d\x3e\x74\x78\x5f\x62\x79\x74\x65\x73\x20\x3d\x20\x76\x61\x6c\
\x75\x65\x5f\x72\x65\x66\x2d\x3e\x74\x78\x5f\x62\x79\x74\x65\x73\x20\x2b\x20\
\x72\x76\x3b\0\x20\x20\x63\x6f\x6e\x73\x74\x20\x75\x69\x6e\x74\x33\x32\x5f\x74\
\x20\x7a\x65\x72\x6f\x20\x3d\x20\x30\x3b\0\x20\x20\x76\x61\x6c\x75\x65\x2e\x64\
\x69\x72\x65\x63\x74\x69\x6f\x6e\x20\x3d\x20\x64\x69\x72\x65\x63\x74\x69\x6f\
\x6e\x3b\0\x20\x20\x76\x61\x6c\x75\x65\x2e\x74\x78\x5f\x62\x79\x74\x65\x73\x20\
\x3d\x20\x74\x78\x5f\x62\x79\x74\x65\x73\x3b\0\x20\x20\x76\x61\x6c\x75\x65\x2e\
\x72\x78\x5f\x62\x79\x74\x65\x73\x20\x3d\x20\x72\x78\x5f\x62\x79\x74\x65\x73\
\x3b\0\x20\x20\x76\x61\x6c\x75\x65\x2e\x67\x61\x72\x62\x61\x67\x65\x5f\x63\x6f\
\x6c\x6c\x65\x63\x74\x5f\x6d\x65\x20\x3d\x20\x66\x61\x6c\x73\x65\x3b\0\x20\x20\
\x62\x70\x66\x5f\x6d\x61\x70\x5f\x75\x70\x64\x61\x74\x65\x5f\x65\x6c\x65\x6d\
\x28\x26\x63\x72\x6f\x73\x5f\x6e\x65\x74\x77\x6f\x72\x6b\x5f\x66\x6c\x6f\x77\
\x5f\x6d\x61\x70\x2c\x20\x6b\x65\x79\x5f\x72\x65\x66\x2c\x20\x26\x76\x61\x6c\
\x75\x65\x2c\x20\x42\x50\x46\x5f\x41\x4e\x59\x29\x3b\0\x20\x20\x70\x72\x6f\x63\
\x65\x73\x73\x5f\x76\x61\x6c\x75\x65\x20\x3d\x20\x62\x70\x66\x5f\x6d\x61\x70\
\x5f\x6c\x6f\x6f\x6b\x75\x70\x5f\x65\x6c\x65\x6d\x28\x26\x68\x65\x61\x70\x5f\
\x63\x72\x6f\x73\x5f\x6e\x65\x74\x77\x6f\x72\x6b\x5f\x63\x6f\x6d\x6d\x6f\x6e\
\x5f\x6d\x61\x70\x2c\x20\x26\x7a\x65\x72\x6f\x29\x3b\0\x20\x20\x69\x66\x20\x28\
\x70\x72\x6f\x63\x65\x73\x73\x5f\x76\x61\x6c\x75\x65\x20\x3d\x3d\x20\x4e\x55\
\x4c\x4c\x29\x20\x7b\0\x20\x20\x5f\x5f\x62\x75\x69\x6c\x74\x69\x6e\x5f\x6d\x65\
\x6d\x73\x65\x74\x28\x70\x72\x6f\x63\x65\x73\x73\x5f\x76\x61\x6c\x75\x65\x2c\
\x20\x30\x2c\0\x20\x20\x63\x72\x6f\x73\x5f\x66\x69\x6c\x6c\x5f\x63\x6f\x6d\x6d\
\x6f\x6e\x28\x26\x70\x72\x6f\x63\x65\x73\x73\x5f\x76\x61\x6c\x75\x65\x2d\x3e\
\x63\x6f\x6d\x6d\x6f\x6e\x2c\x20\x6b\x65\x79\x5f\x72\x65\x66\x2d\x3e\x73\x6f\
\x63\x6b\x29\x3b\0\x20\x20\x70\x72\x6f\x63\x65\x73\x73\x5f\x76\x61\x6c\x75\x65\
\x2d\x3e\x67\x61\x72\x62\x61\x67\x65\x5f\x63\x6f\x6c\x6c\x65\x63\x74\x5f\x6d\
\x65\x20\x3d\x20\x66\x61\x6c\x73\x65\x3b\0\x20\x20\x62\x70\x66\x5f\x6d\x61\x70\
\x5f\x75\x70\x64\x61\x74\x65\x5f\x65\x6c\x65\x6d\x28\x26\x70\x72\x6f\x63\x65\
\x73\x73\x5f\x6d\x61\x70\x2c\x20\x26\x6b\x65\x79\x5f\x72\x65\x66\x2d\x3e\x73\
\x6f\x63\x6b\x2c\x20\x70\x72\x6f\x63\x65\x73\x73\x5f\x76\x61\x6c\x75\x65\x2c\
\x20\x42\x50\x46\x5f\x4e\x4f\x45\x58\x49\x53\x54\x29\x3b\0\x20\x20\x20\x20\x20\
\x20\x62\x70\x66\x5f\x6d\x61\x70\x5f\x6c\x6f\x6f\x6b\x75\x70\x5f\x65\x6c\x65\
\x6d\x28\x26\x63\x72\x6f\x73\x5f\x61\x6c\x6c\x6f\x63\x61\x74\x65\x64\x5f\x74\
\x75\x70\x6c\x65\x73\x2c\x20\x26\x6b\x65\x79\x5f\x72\x65\x66\x2d\x3e\x73\x6f\
\x63\x6b\x29\x3b\0\x20\x20\x69\x66\x20\x28\x74\x75\x70\x6c\x65\x5f\x6c\x69\x73\
\x74\x20\x21\x3d\x20\x4e\x55\x4c\x4c\x29\x20\x7b\0\x20\x20\x20\x20\x69\x66\x20\
\x28\x74\x75\x70\x6c\x65\x5f\x6c\x69\x73\x74\x2d\x3e\x77\x72\x69\x74\x65\x5f\
\x69\x6e\x64\x65\x78\x20\x3c\x20\x43\x52\x4f\x53\x5f\x41\x52\x52\x41\x59\x5f\
\x53\x49\x5a\x45\x28\x74\x75\x70\x6c\x65\x5f\x6c\x69\x73\x74\x2d\x3e\x6c\x69\
\x73\x74\x29\x29\x20\x7b\0\x20\x20\x20\x20\x20\x20\x5f\x5f\x62\x75\x69\x6c\x74\
\x69\x6e\x5f\x6d\x65\x6d\x6d\x6f\x76\x65\x28\x26\x74\x75\x70\x6c\x65\x5f\x6c\
\x69\x73\x74\x2d\x3e\x6c\x69\x73\x74\x5b\x74\x75\x70\x6c\x65\x5f\x6c\x69\x73\
\x74\x2d\x3e\x77\x72\x69\x74\x65\x5f\x69\x6e\x64\x65\x78\x5d\x2c\0\x20\x20\x20\
\x20\x20\x20\x74\x75\x70\x6c\x65\x5f\x6c\x69\x73\x74\x2d\x3e\x77\x72\x69\x74\
\x65\x5f\x69\x6e\x64\x65\x78\x2b\x2b\x3b\0\x20\x20\x20\x20\x5f\x5f\x62\x75\x69\
\x6c\x74\x69\x6e\x5f\x6d\x65\x6d\x73\x65\x74\x28\x26\x6e\x65\x77\x5f\x74\x75\
\x70\x6c\x65\x5f\x6c\x69\x73\x74\x2c\x20\x30\x2c\x20\x73\x69\x7a\x65\x6f\x66\
\x28\x6e\x65\x77\x5f\x74\x75\x70\x6c\x65\x5f\x6c\x69\x73\x74\x29\x29\x3b\0\x20\
\x20\x20\x20\x5f\x5f\x62\x75\x69\x6c\x74\x69\x6e\x5f\x6d\x65\x6d\x6d\x6f\x76\
\x65\x28\x26\x6e\x65\x77\x5f\x74\x75\x70\x6c\x65\x5f\x6c\x69\x73\x74\x2e\x6c\
\x69\x73\x74\x5b\x30\x5d\x2c\x20\x26\x28\x6b\x65\x79\x5f\x72\x65\x66\x2d\x3e\
\x66\x69\x76\x65\x5f\x74\x75\x70\x6c\x65\x29\x2c\0\x20\x20\x20\x20\x6e\x65\x77\
\x5f\x74\x75\x70\x6c\x65\x5f\x6c\x69\x73\x74\x2e\x77\x72\x69\x74\x65\x5f\x69\
\x6e\x64\x65\x78\x20\x3d\x20\x31\x3b\0\x20\x20\x20\x20\x69\x66\x20\x28\x62\x70\
\x66\x5f\x6d\x61\x70\x5f\x75\x70\x64\x61\x74\x65\x5f\x65\x6c\x65\x6d\x28\x26\
\x63\x72\x6f\x73\x5f\x61\x6c\x6c\x6f\x63\x61\x74\x65\x64\x5f\x74\x75\x70\x6c\
\x65\x73\x2c\x20\x26\x6b\x65\x79\x5f\x72\x65\x66\x2d\x3e\x73\x6f\x63\x6b\x2c\0\
\x20\x20\x20\x20\x20\x20\x62\x70\x66\x5f\x70\x72\x69\x6e\x74\x6b\x28\0\x63\x72\
\x6f\x73\x5f\x68\x61\x6e\x64\x6c\x65\x5f\x69\x6e\x65\x74\x5f\x72\x65\x63\x76\
\x6d\x73\x67\x5f\x65\x78\x69\x74\0\x72\x61\x77\x5f\x74\x72\x61\x63\x65\x70\x6f\
\x69\x6e\x74\x2f\x63\x72\x6f\x73\x5f\x69\x6e\x65\x74\x5f\x72\x65\x63\x76\x6d\
\x73\x67\x5f\x65\x78\x69\x74\0\x69\x6e\x74\x20\x42\x50\x46\x5f\x50\x52\x4f\x47\
\x28\x63\x72\x6f\x73\x5f\x68\x61\x6e\x64\x6c\x65\x5f\x69\x6e\x65\x74\x5f\x72\
\x65\x63\x76\x6d\x73\x67\x5f\x65\x78\x69\x74\x2c\0\x20\x20\x20\x20\x76\x61\x6c\
\x75\x65\x5f\x72\x65\x66\x2d\x3e\x72\x78\x5f\x62\x79\x74\x65\x73\x20\x3d\x20\
\x76\x61\x6c\x75\x65\x5f\x72\x65\x66\x2d\x3e\x72\x78\x5f\x62\x79\x74\x65\x73\
\x20\x2b\x20\x72\x76\x3b\0\x63\x72\x6f\x73\x5f\x68\x61\x6e\x64\x6c\x65\x5f\x69\
\x6e\x65\x74\x5f\x61\x63\x63\x65\x70\x74\x5f\x65\x78\x69\x74\0\x72\x61\x77\x5f\
\x74\x72\x61\x63\x65\x70\x6f\x69\x6e\x74\x2f\x63\x72\x6f\x73\x5f\x69\x6e\x65\
\x74\x5f\x61\x63\x63\x65\x70\x74\x5f\x65\x78\x69\x74\0\x69\x6e\x74\x20\x42\x50\
\x46\x5f\x50\x52\x4f\x47\x28\x63\x72\x6f\x73\x5f\x68\x61\x6e\x64\x6c\x65\x5f\
\x69\x6e\x65\x74\x5f\x61\x63\x63\x65\x70\x74\x5f\x65\x78\x69\x74\x2c\0\x20\x20\
\x69\x66\x20\x28\x72\x76\x20\x3c\x20\x30\x29\x20\x7b\0\x20\x20\x6b\x65\x79\x2e\
\x73\x6f\x63\x6b\x20\x3d\x20\x6e\x65\x77\x73\x6f\x63\x6b\x3b\0\x20\x20\x69\x66\
\x20\x28\x76\x61\x6c\x75\x65\x5f\x72\x65\x66\x29\x20\x7b\x20\x20\x2f\x2f\x20\
\x65\x6e\x74\x72\x79\x20\x61\x6c\x72\x65\x61\x64\x79\x20\x65\x78\x69\x73\x74\
\x2e\x2e\x20\x74\x68\x69\x73\x20\x73\x68\x6f\x75\x6c\x64\x6e\x27\x74\x20\x62\
\x65\x20\x74\x68\x65\x20\x63\x61\x73\x65\x2e\0\x20\x20\x20\x20\x62\x70\x66\x5f\
\x70\x72\x69\x6e\x74\x6b\x28\0\x63\x72\x6f\x73\x5f\x68\x61\x6e\x64\x6c\x65\x5f\
\x69\x6e\x65\x74\x5f\x73\x74\x72\x65\x61\x6d\x5f\x63\x6f\x6e\x6e\x65\x63\x74\
\x5f\x65\x78\x69\x74\0\x72\x61\x77\x5f\x74\x72\x61\x63\x65\x70\x6f\x69\x6e\x74\
\x2f\x63\x72\x6f\x73\x5f\x69\x6e\x65\x74\x5f\x73\x74\x72\x65\x61\x6d\x5f\x63\
\x6f\x6e\x6e\x65\x63\x74\x5f\x65\x78\x69\x74\0\x69\x6e\x74\x20\x42\x50\x46\x5f\
\x50\x52\x4f\x47\x28\x63\x72\x6f\x73\x5f\x68\x61\x6e\x64\x6c\x65\x5f\x69\x6e\
\x65\x74\x5f\x73\x74\x72\x65\x61\x6d\x5f\x63\x6f\x6e\x6e\x65\x63\x74\x5f\x65\
\x78\x69\x74\x2c\0\x20\x20\x69\x66\x20\x28\x76\x61\x6c\x75\x65\x5f\x72\x65\x66\
\x29\x20\x7b\0\x20\x20\x20\x20\x76\x61\x6c\x75\x65\x5f\x72\x65\x66\x2d\x3e\x64\
\x69\x72\x65\x63\x74\x69\x6f\x6e\x20\x3d\x20\x43\x52\x4f\x53\x5f\x53\x4f\x43\
\x4b\x45\x54\x5f\x44\x49\x52\x45\x43\x54\x49\x4f\x4e\x5f\x4f\x55\x54\x3b\0\x63\
\x72\x6f\x73\x5f\x68\x61\x6e\x64\x6c\x65\x5f\x69\x6e\x65\x74\x5f\x72\x65\x6c\
\x65\x61\x73\x65\x5f\x65\x6e\x74\x65\x72\0\x72\x61\x77\x5f\x74\x72\x61\x63\x65\
\x70\x6f\x69\x6e\x74\x2f\x63\x72\x6f\x73\x5f\x69\x6e\x65\x74\x5f\x72\x65\x6c\
\x65\x61\x73\x65\x5f\x65\x6e\x74\x65\x72\0\x69\x6e\x74\x20\x42\x50\x46\x5f\x50\
\x52\x4f\x47\x28\x63\x72\x6f\x73\x5f\x68\x61\x6e\x64\x6c\x65\x5f\x69\x6e\x65\
\x74\x5f\x72\x65\x6c\x65\x61\x73\x65\x5f\x65\x6e\x74\x65\x72\x2c\x20\x73\x74\
\x72\x75\x63\x74\x20\x73\x6f\x63\x6b\x65\x74\x2a\x20\x73\x6f\x63\x6b\x29\x20\
\x7b\0\x20\x20\x74\x75\x70\x6c\x65\x5f\x6c\x69\x73\x74\x20\x3d\x20\x62\x70\x66\
\x5f\x6d\x61\x70\x5f\x6c\x6f\x6f\x6b\x75\x70\x5f\x65\x6c\x65\x6d\x28\x26\x63\
\x72\x6f\x73\x5f\x61\x6c\x6c\x6f\x63\x61\x74\x65\x64\x5f\x74\x75\x70\x6c\x65\
\x73\x2c\x20\x26\x73\x6f\x63\x6b\x29\x3b\0\x20\x20\x73\x74\x72\x75\x63\x74\x20\
\x73\x6f\x63\x6b\x65\x74\x2a\x20\x64\x61\x74\x61\x20\x3d\x20\x73\x6f\x63\x6b\
\x3b\0\x20\x20\x69\x66\x20\x28\x74\x75\x70\x6c\x65\x5f\x6c\x69\x73\x74\x20\x3d\
\x3d\x20\x4e\x55\x4c\x4c\x20\x7c\x7c\0\x20\x20\x20\x20\x20\x20\x74\x75\x70\x6c\
\x65\x5f\x6c\x69\x73\x74\x2d\x3e\x77\x72\x69\x74\x65\x5f\x69\x6e\x64\x65\x78\
\x20\x3e\x20\x28\x43\x52\x4f\x53\x5f\x41\x52\x52\x41\x59\x5f\x53\x49\x5a\x45\
\x28\x74\x75\x70\x6c\x65\x5f\x6c\x69\x73\x74\x2d\x3e\x6c\x69\x73\x74\x29\x29\
\x29\x20\x7b\0\x20\x20\x20\x20\x62\x70\x66\x5f\x66\x6f\x72\x5f\x65\x61\x63\x68\
\x5f\x6d\x61\x70\x5f\x65\x6c\x65\x6d\x28\x26\x63\x72\x6f\x73\x5f\x6e\x65\x74\
\x77\x6f\x72\x6b\x5f\x66\x6c\x6f\x77\x5f\x6d\x61\x70\x2c\x20\x63\x72\x6f\x73\
\x5f\x67\x61\x72\x62\x61\x67\x65\x5f\x63\x6f\x6c\x6c\x65\x63\x74\x5f\x74\x75\
\x70\x6c\x65\x73\x2c\0\x20\x20\x20\x20\x6b\x65\x79\x2e\x66\x69\x76\x65\x5f\x74\
\x75\x70\x6c\x65\x20\x3d\x20\x74\x75\x70\x6c\x65\x5f\x6c\x69\x73\x74\x2d\x3e\
\x6c\x69\x73\x74\x5b\x69\x64\x78\x5d\x3b\0\x20\x20\x20\x20\x76\x61\x6c\x20\x3d\
\x20\x62\x70\x66\x5f\x6d\x61\x70\x5f\x6c\x6f\x6f\x6b\x75\x70\x5f\x65\x6c\x65\
\x6d\x28\x26\x63\x72\x6f\x73\x5f\x6e\x65\x74\x77\x6f\x72\x6b\x5f\x66\x6c\x6f\
\x77\x5f\x6d\x61\x70\x2c\x20\x26\x6b\x65\x79\x29\x3b\0\x20\x20\x20\x20\x69\x66\
\x20\x28\x76\x61\x6c\x20\x3d\x3d\x20\x4e\x55\x4c\x4c\x29\x20\x7b\0\x20\x20\x20\
\x20\x20\x20\x62\x70\x66\x5f\x70\x72\x69\x6e\x74\x6b\x28\x22\x46\x61\x69\x6c\
\x65\x64\x20\x74\x6f\x20\x6d\x61\x72\x6b\x20\x61\x6e\x20\x65\x6e\x74\x72\x79\
\x20\x66\x6f\x72\x20\x67\x61\x72\x62\x61\x67\x65\x20\x63\x6f\x6c\x6c\x65\x63\
\x74\x69\x6f\x6e\x2e\x22\x29\x3b\0\x20\x20\x20\x20\x76\x61\x6c\x2d\x3e\x67\x61\
\x72\x62\x61\x67\x65\x5f\x63\x6f\x6c\x6c\x65\x63\x74\x5f\x6d\x65\x20\x3d\x20\
\x74\x72\x75\x65\x3b\0\x20\x20\x62\x70\x66\x5f\x6d\x61\x70\x5f\x64\x65\x6c\x65\
\x74\x65\x5f\x65\x6c\x65\x6d\x28\x26\x63\x72\x6f\x73\x5f\x61\x6c\x6c\x6f\x63\
\x61\x74\x65\x64\x5f\x74\x75\x70\x6c\x65\x73\x2c\x20\x26\x73\x6f\x63\x6b\x29\
\x3b\0\x62\x70\x66\x5f\x6d\x61\x70\0\x69\x6e\x6e\x65\x72\x5f\x6d\x61\x70\x5f\
\x6d\x65\x74\x61\0\x6d\x61\x70\x5f\x74\x79\x70\x65\0\x6d\x61\x70\x5f\x66\x6c\
\x61\x67\x73\0\x73\x70\x69\x6e\x5f\x6c\x6f\x63\x6b\x5f\x6f\x66\x66\0\x74\x69\
\x6d\x65\x72\x5f\x6f\x66\x66\0\x6e\x75\x6d\x61\x5f\x6e\x6f\x64\x65\0\x62\x74\
\x66\x5f\x6b\x65\x79\x5f\x74\x79\x70\x65\x5f\x69\x64\0\x62\x74\x66\x5f\x76\x61\
\x6c\x75\x65\x5f\x74\x79\x70\x65\x5f\x69\x64\0\x62\x74\x66\0\x6e\x61\x6d\x65\0\
\x62\x74\x66\x5f\x76\x6d\x6c\x69\x6e\x75\x78\x5f\x76\x61\x6c\x75\x65\x5f\x74\
\x79\x70\x65\x5f\x69\x64\0\x62\x79\x70\x61\x73\x73\x5f\x73\x70\x65\x63\x5f\x76\
\x31\0\x75\x73\x65\x72\x63\x6e\x74\0\x77\x6f\x72\x6b\0\x66\x72\x65\x65\x7a\x65\
\x5f\x6d\x75\x74\x65\x78\0\x77\x72\x69\x74\x65\x63\x6e\x74\0\x62\x70\x66\x5f\
\x6d\x61\x70\x5f\x74\x79\x70\x65\0\x42\x50\x46\x5f\x4d\x41\x50\x5f\x54\x59\x50\
\x45\x5f\x55\x4e\x53\x50\x45\x43\0\x42\x50\x46\x5f\x4d\x41\x50\x5f\x54\x59\x50\
\x45\x5f\x48\x41\x53\x48\0\x42\x50\x46\x5f\x4d\x41\x50\x5f\x54\x59\x50\x45\x5f\
\x41\x52\x52\x41\x59\0\x42\x50\x46\x5f\x4d\x41\x50\x5f\x54\x59\x50\x45\x5f\x50\
\x52\x4f\x47\x5f\x41\x52\x52\x41\x59\0\x42\x50\x46\x5f\x4d\x41\x50\x5f\x54\x59\
\x50\x45\x5f\x50\x45\x52\x46\x5f\x45\x56\x45\x4e\x54\x5f\x41\x52\x52\x41\x59\0\
\x42\x50\x46\x5f\x4d\x41\x50\x5f\x54\x59\x50\x45\x5f\x50\x45\x52\x43\x50\x55\
\x5f\x48\x41\x53\x48\0\x42\x50\x46\x5f\x4d\x41\x50\x5f\x54\x59\x50\x45\x5f\x50\
\x45\x52\x43\x50\x55\x5f\x41\x52\x52\x41\x59\0\x42\x50\x46\x5f\x4d\x41\x50\x5f\
\x54\x59\x50\x45\x5f\x53\x54\x41\x43\x4b\x5f\x54\x52\x41\x43\x45\0\x42\x50\x46\
\x5f\x4d\x41\x50\x5f\x54\x59\x50\x45\x5f\x43\x47\x52\x4f\x55\x50\x5f\x41\x52\
\x52\x41\x59\0\x42\x50\x46\x5f\x4d\x41\x50\x5f\x54\x59\x50\x45\x5f\x4c\x52\x55\
\x5f\x48\x41\x53\x48\0\x42\x50\x46\x5f\x4d\x41\x50\x5f\x54\x59\x50\x45\x5f\x4c\
\x52\x55\x5f\x50\x45\x52\x43\x50\x55\x5f\x48\x41\x53\x48\0\x42\x50\x46\x5f\x4d\
\x41\x50\x5f\x54\x59\x50\x45\x5f\x4c\x50\x4d\x5f\x54\x52\x49\x45\0\x42\x50\x46\
\x5f\x4d\x41\x50\x5f\x54\x59\x50\x45\x5f\x41\x52\x52\x41\x59\x5f\x4f\x46\x5f\
\x4d\x41\x50\x53\0\x42\x50\x46\x5f\x4d\x41\x50\x5f\x54\x59\x50\x45\x5f\x48\x41\
\x53\x48\x5f\x4f\x46\x5f\x4d\x41\x50\x53\0\x42\x50\x46\x5f\x4d\x41\x50\x5f\x54\
\x59\x50\x45\x5f\x44\x45\x56\x4d\x41\x50\0\x42\x50\x46\x5f\x4d\x41\x50\x5f\x54\
\x59\x50\x45\x5f\x53\x4f\x43\x4b\x4d\x41\x50\0\x42\x50\x46\x5f\x4d\x41\x50\x5f\
\x54\x59\x50\x45\x5f\x43\x50\x55\x4d\x41\x50\0\x42\x50\x46\x5f\x4d\x41\x50\x5f\
\x54\x59\x50\x45\x5f\x58\x53\x4b\x4d\x41\x50\0\x42\x50\x46\x5f\x4d\x41\x50\x5f\
\x54\x59\x50\x45\x5f\x53\x4f\x43\x4b\x48\x41\x53\x48\0\x42\x50\x46\x5f\x4d\x41\
\x50\x5f\x54\x59\x50\x45\x5f\x43\x47\x52\x4f\x55\x50\x5f\x53\x54\x4f\x52\x41\
\x47\x45\0\x42\x50\x46\x5f\x4d\x41\x50\x5f\x54\x59\x50\x45\x5f\x52\x45\x55\x53\
\x45\x50\x4f\x52\x54\x5f\x53\x4f\x43\x4b\x41\x52\x52\x41\x59\0\x42\x50\x46\x5f\
\x4d\x41\x50\x5f\x54\x59\x50\x45\x5f\x50\x45\x52\x43\x50\x55\x5f\x43\x47\x52\
\x4f\x55\x50\x5f\x53\x54\x4f\x52\x41\x47\x45\0\x42\x50\x46\x5f\x4d\x41\x50\x5f\
\x54\x59\x50\x45\x5f\x51\x55\x45\x55\x45\0\x42\x50\x46\x5f\x4d\x41\x50\x5f\x54\
\x59\x50\x45\x5f\x53\x54\x41\x43\x4b\0\x42\x50\x46\x5f\x4d\x41\x50\x5f\x54\x59\
\x50\x45\x5f\x53\x4b\x5f\x53\x54\x4f\x52\x41\x47\x45\0\x42\x50\x46\x5f\x4d\x41\
\x50\x5f\x54\x59\x50\x45\x5f\x44\x45\x56\x4d\x41\x50\x5f\x48\x41\x53\x48\0\x42\
\x50\x46\x5f\x4d\x41\x50\x5f\x54\x59\x50\x45\x5f\x53\x54\x52\x55\x43\x54\x5f\
\x4f\x50\x53\0\x42\x50\x46\x5f\x4d\x41\x50\x5f\x54\x59\x50\x45\x5f\x52\x49\x4e\
\x47\x42\x55\x46\0\x42\x50\x46\x5f\x4d\x41\x50\x5f\x54\x59\x50\x45\x5f\x49\x4e\
\x4f\x44\x45\x5f\x53\x54\x4f\x52\x41\x47\x45\0\x42\x50\x46\x5f\x4d\x41\x50\x5f\
\x54\x59\x50\x45\x5f\x54\x41\x53\x4b\x5f\x53\x54\x4f\x52\x41\x47\x45\0\x6d\x61\
\x70\0\x63\x72\x6f\x73\x5f\x67\x61\x72\x62\x61\x67\x65\x5f\x63\x6f\x6c\x6c\x65\
\x63\x74\x5f\x74\x75\x70\x6c\x65\x73\0\x2e\x74\x65\x78\x74\0\x20\x20\x69\x66\
\x20\x28\x73\x6f\x63\x6b\x29\x20\x7b\0\x20\x20\x20\x20\x69\x66\x20\x28\x6b\x65\
\x79\x2d\x3e\x73\x6f\x63\x6b\x20\x3d\x3d\x20\x73\x6f\x63\x6b\x29\x20\x7b\0\x20\
\x20\x20\x20\x20\x20\x76\x61\x6c\x2d\x3e\x67\x61\x72\x62\x61\x67\x65\x5f\x63\
\x6f\x6c\x6c\x65\x63\x74\x5f\x6d\x65\x20\x3d\x20\x74\x72\x75\x65\x3b\0\x20\x20\
\x72\x65\x74\x75\x72\x6e\x20\x30\x3b\0\x4c\x49\x43\x45\x4e\x53\x45\0\x63\x72\
\x6f\x73\x5f\x6e\x65\x77\x5f\x66\x6c\x6f\x77\x5f\x65\x6e\x74\x72\x79\x2e\x5f\
\x5f\x5f\x5f\x66\x6d\x74\0\x5f\x5f\x5f\x5f\x63\x72\x6f\x73\x5f\x68\x61\x6e\x64\
\x6c\x65\x5f\x69\x6e\x65\x74\x5f\x61\x63\x63\x65\x70\x74\x5f\x65\x78\x69\x74\
\x2e\x5f\x5f\x5f\x5f\x66\x6d\x74\0\x5f\x5f\x5f\x5f\x63\x72\x6f\x73\x5f\x68\x61\
\x6e\x64\x6c\x65\x5f\x69\x6e\x65\x74\x5f\x72\x65\x6c\x65\x61\x73\x65\x5f\x65\
\x6e\x74\x65\x72\x2e\x5f\x5f\x5f\x5f\x66\x6d\x74\0\x2e\x6d\x61\x70\x73\0\x2e\
\x72\x6f\x64\x61\x74\x61\0\x6c\x69\x63\x65\x6e\x73\x65\0\x75\x73\x65\x72\x5f\
\x6e\x61\x6d\x65\x73\x70\x61\x63\x65\0\x76\x66\x73\x6d\x6f\x75\x6e\x74\0\x69\
\x6e\x6f\x64\x65\0\x76\x6d\x5f\x6f\x70\x65\x72\x61\x74\x69\x6f\x6e\x73\x5f\x73\
\x74\x72\x75\x63\x74\0\x74\x61\x73\x6b\x5f\x67\x72\x6f\x75\x70\0\x6c\x69\x6e\
\x75\x78\x5f\x62\x69\x6e\x66\x6d\x74\0\x61\x64\x64\x72\x65\x73\x73\x5f\x73\x70\
\x61\x63\x65\0\x68\x6c\x69\x73\x74\x5f\x68\x65\x61\x64\0\x62\x70\x66\x5f\x70\
\x72\x6f\x67\0\x70\x69\x70\x65\x5f\x69\x6e\x6f\x64\x65\x5f\x69\x6e\x66\x6f\0\
\x66\x61\x73\x79\x6e\x63\x5f\x73\x74\x72\x75\x63\x74\0\x75\x73\x65\x72\x5f\x73\
\x74\x72\x75\x63\x74\0\x6e\x65\x74\x5f\x64\x65\x76\x69\x63\x65\0\x63\x6f\x6d\
\x70\x6c\x65\x74\x69\x6f\x6e\0\x66\x69\x6c\x65\x5f\x6f\x70\x65\x72\x61\x74\x69\
\x6f\x6e\x73\0\x62\x70\x66\x5f\x6d\x61\x70\x5f\x6f\x70\x73\0\x69\x6e\x65\x74\
\x5f\x74\x69\x6d\x65\x77\x61\x69\x74\x5f\x64\x65\x61\x74\x68\x5f\x72\x6f\x77\0\
\x64\x73\x74\x5f\x65\x6e\x74\x72\x79\0\x68\x72\x74\x69\x6d\x65\x72\x5f\x63\x6c\
\x6f\x63\x6b\x5f\x62\x61\x73\x65\0\x78\x66\x72\x6d\x5f\x73\x65\x63\x5f\x63\x74\
\x78\0\x62\x70\x66\x5f\x6c\x6f\x63\x61\x6c\x5f\x73\x74\x6f\x72\x61\x67\x65\0\
\x70\x69\x64\x5f\x6e\x61\x6d\x65\x73\x70\x61\x63\x65\0\x73\x6f\x63\x6b\x5f\x72\
\x65\x75\x73\x65\x70\x6f\x72\x74\0\x72\x63\x75\x5f\x6e\x6f\x64\x65\0\x5f\x5f\
\x6b\x65\x72\x6e\x65\x6c\x5f\x74\x69\x6d\x65\x73\x70\x65\x63\0\x6f\x6c\x64\x5f\
\x74\x69\x6d\x65\x73\x70\x65\x63\x33\x32\0\x70\x6f\x6c\x6c\x66\x64\0\x73\x65\
\x6d\x5f\x75\x6e\x64\x6f\x5f\x6c\x69\x73\x74\0\x66\x73\x5f\x73\x74\x72\x75\x63\
\x74\0\x66\x69\x6c\x65\x73\x5f\x73\x74\x72\x75\x63\x74\0\x73\x6b\x62\x5f\x65\
\x78\x74\0\x72\x65\x71\x75\x65\x73\x74\x5f\x71\x75\x65\x75\x65\0\x74\x72\x61\
\x63\x65\x5f\x65\x76\x65\x6e\x74\x5f\x63\x61\x6c\x6c\0\x65\x76\x65\x6e\x74\x5f\
\x66\x69\x6c\x74\x65\x72\0\x66\x74\x72\x61\x63\x65\x5f\x68\x61\x73\x68\0\x70\
\x65\x72\x66\x5f\x62\x75\x66\x66\x65\x72\0\x70\x65\x72\x66\x5f\x61\x64\x64\x72\
\x5f\x66\x69\x6c\x74\x65\x72\x5f\x72\x61\x6e\x67\x65\0\x70\x65\x72\x66\x5f\x72\
\x61\x77\x5f\x72\x65\x63\x6f\x72\x64\0\x70\x65\x72\x66\x5f\x62\x72\x61\x6e\x63\
\x68\x5f\x73\x74\x61\x63\x6b\0\x70\x65\x72\x66\x5f\x63\x61\x6c\x6c\x63\x68\x61\
\x69\x6e\x5f\x65\x6e\x74\x72\x79\0\x6b\x65\x72\x6e\x65\x6c\x5f\x73\x69\x67\x69\
\x6e\x66\x6f\0\x6b\x69\x6f\x63\x74\x78\x5f\x74\x61\x62\x6c\x65\0\x75\x73\x65\
\x72\x66\x61\x75\x6c\x74\x66\x64\x5f\x63\x74\x78\0\x63\x73\x73\x5f\x73\x65\x74\
\0\x73\x69\x67\x6e\x61\x6c\x5f\x73\x74\x72\x75\x63\x74\0\x73\x69\x67\x68\x61\
\x6e\x64\x5f\x73\x74\x72\x75\x63\x74\0\x73\x65\x63\x63\x6f\x6d\x70\x5f\x66\x69\
\x6c\x74\x65\x72\0\x72\x74\x5f\x6d\x75\x74\x65\x78\x5f\x77\x61\x69\x74\x65\x72\
\0\x62\x6c\x6b\x5f\x70\x6c\x75\x67\0\x72\x6f\x62\x75\x73\x74\x5f\x6c\x69\x73\
\x74\x5f\x68\x65\x61\x64\0\x63\x6f\x6d\x70\x61\x74\x5f\x72\x6f\x62\x75\x73\x74\
\x5f\x6c\x69\x73\x74\x5f\x68\x65\x61\x64\0\x66\x75\x74\x65\x78\x5f\x70\x69\x5f\
\x73\x74\x61\x74\x65\0\x66\x74\x72\x61\x63\x65\x5f\x72\x65\x74\x5f\x73\x74\x61\
\x63\x6b\0\x75\x70\x72\x6f\x62\x65\x5f\x74\x61\x73\x6b\0\x76\x6d\x5f\x73\x74\
\x72\x75\x63\x74\0\x62\x70\x66\x5f\x72\x75\x6e\x5f\x63\x74\x78\0\x70\x72\x6f\
\x74\x6f\x5f\x6f\x70\x73\0\0\0\x9f\xeb\x01\0\x20\0\0\0\0\0\0\0\x74\0\0\0\x74\0\
\0\0\x6c\x32\0\0\xe0\x32\0\0\xcc\x09\0\0\x08\0\0\0\x71\x15\0\0\x01\0\0\0\0\0\0\
\0\xed\0\0\0\xd8\x47\0\0\x01\0\0\0\0\0\0\0\x18\x02\0\0\x0a\x50\0\0\x01\0\0\0\0\
\0\0\0\x1a\x02\0\0\xad\x50\0\0\x01\0\0\0\0\0\0\0\x1c\x02\0\0\xa1\x51\0\0\x01\0\
\0\0\0\0\0\0\x1e\x02\0\0\x69\x52\0\0\x01\0\0\0\0\0\0\0\x20\x02\0\0\xc9\x58\0\0\
\x01\0\0\0\0\0\0\0\x28\x02\0\0\x10\0\0\0\x71\x15\0\0\x79\0\0\0\0\0\0\0\x96\x15\
\0\0\x59\x16\0\0\x05\xdc\x02\0\x08\0\0\0\x96\x15\0\0\0\0\0\0\0\0\0\0\x18\0\0\0\
\x96\x15\0\0\x7f\x16\0\0\x07\xec\x02\0\x20\0\0\0\x96\x15\0\0\x59\x16\0\0\x05\
\xdc\x02\0\x28\0\0\0\x96\x15\0\0\x90\x16\0\0\x30\xf8\x02\0\x48\0\0\0\x96\x15\0\
\0\x59\x16\0\0\x05\xdc\x02\0\x50\0\0\0\xae\x39\0\0\x24\x3a\0\0\x0b\x38\0\0\x68\
\0\0\0\xae\x39\0\0\x24\x3a\0\0\x0b\x38\0\0\x70\0\0\0\xae\x39\0\0\x24\x3a\0\0\
\x23\x38\0\0\x78\0\0\0\x96\x15\0\0\x55\x3a\0\0\x07\xfc\x02\0\x80\0\0\0\x96\x15\
\0\0\x6c\x3a\0\0\x1c\x0c\x03\0\xa8\0\0\0\x96\x15\0\0\xb5\x3a\0\0\x07\x10\x03\0\
\xe0\0\0\0\x96\x15\0\0\0\0\0\0\0\0\0\0\xe8\0\0\0\x96\x15\0\0\xcc\x3a\0\0\x15\
\x1c\x03\0\0\x01\0\0\x96\x15\0\0\xcc\x3a\0\0\x15\x1c\x03\0\x18\x01\0\0\x96\x15\
\0\0\xfb\x3a\0\0\x22\x24\x03\0\x20\x01\0\0\x96\x15\0\0\x34\x3b\0\0\x0f\x20\x03\
\0\x28\x01\0\0\x96\x15\0\0\x90\x16\0\0\x30\x9c\x01\0\x40\x01\0\0\x96\x15\0\0\0\
\0\0\0\0\0\0\0\x48\x01\0\0\x96\x15\0\0\x53\x3b\0\0\x15\xa0\x01\0\x80\x01\0\0\
\x96\x15\0\0\x53\x3b\0\0\x15\xa0\x01\0\x90\x01\0\0\x96\x15\0\0\0\0\0\0\0\0\0\0\
\x98\x01\0\0\x96\x15\0\0\x84\x3b\0\0\x15\xa4\x01\0\xc0\x01\0\0\x96\x15\0\0\x84\
\x3b\0\0\x15\xa4\x01\0\xd0\x01\0\0\x96\x15\0\0\0\0\0\0\0\0\0\0\xd8\x01\0\0\x96\
\x15\0\0\xb7\x3b\0\0\x14\xa8\x01\0\xf0\x01\0\0\x96\x15\0\0\xb7\x3b\0\0\x33\xa8\
\x01\0\0\x02\0\0\x96\x15\0\0\xb7\x3b\0\0\x12\xa8\x01\0\x20\x02\0\0\x96\x15\0\0\
\0\0\0\0\0\0\0\0\x28\x02\0\0\x96\x15\0\0\xfe\x3b\0\0\x29\xb0\x01\0\x40\x02\0\0\
\x96\x15\0\0\x84\x3b\0\0\x15\xa4\x01\0\x50\x02\0\0\x96\x15\0\0\xfe\x3b\0\0\x29\
\xb0\x01\0\x58\x02\0\0\x96\x15\0\0\x47\x3c\0\0\x07\x20\x01\0\x98\x02\0\0\x96\
\x15\0\0\x86\x3c\0\0\x0e\x6c\x01\0\xd8\x02\0\0\x96\x15\0\0\xae\x3c\0\0\x27\x30\
\x01\0\xf0\x02\0\0\x96\x15\0\0\xf9\x3c\0\0\x0b\x34\x01\0\x30\x03\0\0\x96\x15\0\
\0\x21\x3d\0\0\x14\xac\x01\0\x68\x03\0\0\xae\x39\0\0\x6b\x3d\0\0\x23\x90\0\0\
\x98\x03\0\0\x96\x15\0\0\x21\x3d\0\0\x14\xac\x01\0\xa0\x03\0\0\xae\x39\0\0\x6b\
\x3d\0\0\x23\x90\0\0\xb8\x03\0\0\xae\x39\0\0\x6b\x3d\0\0\x23\x90\0\0\xc8\x03\0\
\0\xae\x39\0\0\xc0\x3d\0\0\x15\x58\0\0\xf0\x03\0\0\xae\x39\0\0\xc0\x3d\0\0\x03\
\x58\0\0\x18\x04\0\0\xae\x39\0\0\0\0\0\0\0\0\0\0\x20\x04\0\0\xae\x39\0\0\xe1\
\x3d\0\0\x22\x5c\0\0\x50\x04\0\0\xae\x39\0\0\0\0\0\0\0\0\0\0\x58\x04\0\0\xae\
\x39\0\0\xe1\x3d\0\0\x22\x5c\0\0\x68\x04\0\0\xae\x39\0\0\xe1\x3d\0\0\x22\x5c\0\
\0\x70\x04\0\0\xae\x39\0\0\x31\x3e\0\0\x13\x60\0\0\x98\x04\0\0\xae\x39\0\0\0\0\
\0\0\0\0\0\0\xa0\x04\0\0\xae\x39\0\0\x31\x3e\0\0\x17\x60\0\0\xc0\x04\0\0\xae\
\x39\0\0\x31\x3e\0\0\x17\x60\0\0\xd0\x04\0\0\xae\x39\0\0\0\0\0\0\0\0\0\0\xd8\
\x04\0\0\xae\x39\0\0\x71\x3e\0\0\x17\x64\0\0\xe8\x04\0\0\xae\x39\0\0\x71\x3e\0\
\0\x17\x64\0\0\xf0\x04\0\0\xae\x39\0\0\x31\x3e\0\0\x09\x60\0\0\x18\x05\0\0\xae\
\x39\0\0\0\0\0\0\0\0\0\0\x20\x05\0\0\xae\x39\0\0\xb4\x3e\0\0\x15\x94\0\0\x30\
\x05\0\0\xae\x39\0\0\xb4\x3e\0\0\x15\x94\0\0\x40\x05\0\0\xae\x39\0\0\xb4\x3e\0\
\0\x13\x94\0\0\x60\x05\0\0\xae\x39\0\0\0\0\0\0\0\0\0\0\x68\x05\0\0\xae\x39\0\0\
\xeb\x3e\0\0\x22\x98\0\0\x88\x05\0\0\xae\x39\0\0\xeb\x3e\0\0\x22\x98\0\0\x90\
\x05\0\0\xae\x39\0\0\xeb\x3e\0\0\x20\x98\0\0\xc0\x05\0\0\xae\x39\0\0\0\0\0\0\0\
\0\0\0\xc8\x05\0\0\xae\x39\0\0\x33\x3f\0\0\x1b\x9c\0\0\xf0\x05\0\0\xae\x39\0\0\
\0\0\0\0\0\0\0\0\xf8\x05\0\0\xae\x39\0\0\x33\x3f\0\0\x1b\x9c\0\0\x08\x06\0\0\
\xae\x39\0\0\x33\x3f\0\0\x1b\x9c\0\0\x10\x06\0\0\xae\x39\0\0\x33\x3f\0\0\x19\
\x9c\0\0\x30\x06\0\0\xae\x39\0\0\0\0\0\0\0\0\0\0\x38\x06\0\0\xae\x39\0\0\x7d\
\x3f\0\0\x14\xa0\0\0\x48\x06\0\0\xae\x39\0\0\x7d\x3f\0\0\x14\xa0\0\0\x50\x06\0\
\0\xae\x39\0\0\x7d\x3f\0\0\x12\xa0\0\0\x78\x06\0\0\xae\x39\0\0\0\0\0\0\0\0\0\0\
\x80\x06\0\0\xae\x39\0\0\xae\x3f\0\0\x14\xa8\0\0\xb8\x06\0\0\xae\x39\0\0\0\0\0\
\0\0\0\0\0\xc0\x06\0\0\xae\x39\0\0\xae\x3f\0\0\x14\xa8\0\0\xd0\x06\0\0\xae\x39\
\0\0\xae\x3f\0\0\x14\xa8\0\0\xd8\x06\0\0\xae\x39\0\0\xae\x3f\0\0\x12\xa8\0\0\
\xe8\x06\0\0\xae\x39\0\0\0\0\0\0\0\0\0\0\xf0\x06\0\0\xae\x39\0\0\xed\x3f\0\0\
\x14\xac\0\0\x28\x07\0\0\xae\x39\0\0\0\0\0\0\0\0\0\0\x30\x07\0\0\xae\x39\0\0\
\xed\x3f\0\0\x14\xac\0\0\x40\x07\0\0\xae\x39\0\0\xed\x3f\0\0\x14\xac\0\0\x48\
\x07\0\0\xae\x39\0\0\xed\x3f\0\0\x12\xac\0\0\x68\x07\0\0\xae\x39\0\0\0\0\0\0\0\
\0\0\0\x70\x07\0\0\xae\x39\0\0\x31\x40\0\0\x2a\xb8\0\0\xa8\x07\0\0\xae\x39\0\0\
\0\0\0\0\0\0\0\0\xb0\x07\0\0\xae\x39\0\0\x31\x40\0\0\x2a\xb8\0\0\xc0\x07\0\0\
\xae\x39\0\0\x31\x40\0\0\x2a\xb8\0\0\xd0\x07\0\0\xae\x39\0\0\0\0\0\0\0\0\0\0\
\xd8\x07\0\0\xae\x39\0\0\x20\x45\0\0\x28\xbc\0\0\x10\x08\0\0\xae\x39\0\0\0\0\0\
\0\0\0\0\0\x18\x08\0\0\xae\x39\0\0\x20\x45\0\0\x28\xbc\0\0\x28\x08\0\0\xae\x39\
\0\0\x20\x45\0\0\x28\xbc\0\0\x30\x08\0\0\xae\x39\0\0\x6d\x45\0\0\x10\xc0\0\0\
\x40\x08\0\0\xae\x39\0\0\x6d\x45\0\0\x07\xc0\0\0\x50\x08\0\0\xae\x39\0\0\0\0\0\
\0\0\0\0\0\x60\x08\0\0\xae\x39\0\0\xad\x45\0\0\x22\xd4\0\0\x68\x08\0\0\xae\x39\
\0\0\xad\x45\0\0\x03\xd4\0\0\x78\x08\0\0\xae\x39\0\0\xf7\x45\0\0\x12\xdc\0\0\
\x88\x08\0\0\xae\x39\0\0\xf7\x45\0\0\x07\xdc\0\0\x98\x08\0\0\xae\x39\0\0\x3d\
\x46\0\0\x3c\xe0\0\0\xb8\x08\0\0\x96\x15\0\0\0\0\0\0\0\0\0\0\xc0\x08\0\0\x96\
\x15\0\0\x80\x46\0\0\x15\x34\x03\0\xd0\x08\0\0\x96\x15\0\0\x80\x46\0\0\x15\x34\
\x03\0\xd8\x08\0\0\x96\x15\0\0\x80\x46\0\0\x13\x34\x03\0\0\x09\0\0\x96\x15\0\0\
\0\0\0\0\0\0\0\0\x08\x09\0\0\x96\x15\0\0\xb1\x46\0\0\x0e\x3c\x03\0\x28\x09\0\0\
\x96\x15\0\0\xb1\x46\0\0\x2d\x3c\x03\0\x30\x09\0\0\x96\x15\0\0\xb1\x46\0\0\x0c\
\x3c\x03\0\x40\x09\0\0\x96\x15\0\0\0\0\0\0\0\0\0\0\x48\x09\0\0\x96\x15\0\0\xee\
\x46\0\0\x13\x44\x03\0\x68\x09\0\0\x96\x15\0\0\xee\x46\0\0\x32\x44\x03\0\x70\
\x09\0\0\x96\x15\0\0\xee\x46\0\0\x11\x44\x03\0\x80\x09\0\0\x96\x15\0\0\0\0\0\0\
\0\0\0\0\x88\x09\0\0\x96\x15\0\0\x36\x47\0\0\x07\x50\x03\0\xc0\x09\0\0\x96\x15\
\0\0\x85\x47\0\0\x03\x48\x03\0\0\x0a\0\0\x96\x15\0\0\x9a\x47\0\0\x03\x58\x03\0\
\x18\x0a\0\0\x96\x15\0\0\x59\x16\0\0\x05\xdc\x02\0\xd8\x47\0\0\x9f\0\0\0\0\0\0\
\0\x96\x15\0\0\xfe\x47\0\0\x05\x70\x03\0\x28\0\0\0\x96\x15\0\0\x2a\x48\0\0\x07\
\x84\x03\0\x38\0\0\0\x96\x15\0\0\xfe\x47\0\0\x05\x70\x03\0\x48\0\0\0\x96\x15\0\
\0\x3b\x48\0\0\x03\xa0\x03\0\x70\0\0\0\x96\x15\0\0\x65\x48\0\0\x0c\xa4\x03\0\
\x98\0\0\0\x96\x15\0\0\xfe\x47\0\0\x05\x70\x03\0\xa0\0\0\0\x96\x15\0\0\x78\x48\
\0\0\x22\xc8\x01\0\xd8\0\0\0\x96\x15\0\0\xfe\x47\0\0\x05\x70\x03\0\xe0\0\0\0\
\x96\x15\0\0\x78\x48\0\0\x22\xc8\x01\0\xf8\0\0\0\x96\x15\0\0\xbf\x48\0\0\x22\
\xcc\x01\0\0\x01\0\0\x96\x15\0\0\xbf\x48\0\0\x16\xcc\x01\0\x20\x01\0\0\x96\x15\
\0\0\xfe\x47\0\0\x05\x70\x03\0\x28\x01\0\0\x96\x15\0\0\xec\x48\0\0\x2e\xd4\x01\
\0\x40\x01\0\0\x96\x15\0\0\xec\x48\0\0\x2e\xd4\x01\0\x50\x01\0\0\x96\x15\0\0\
\xfe\x47\0\0\x05\x70\x03\0\x58\x01\0\0\x96\x15\0\0\x34\x49\0\0\x1a\xd8\x01\0\
\x90\x01\0\0\x96\x15\0\0\xfe\x47\0\0\x05\x70\x03\0\x98\x01\0\0\x96\x15\0\0\x34\
\x49\0\0\x1a\xd8\x01\0\xa8\x01\0\0\x96\x15\0\0\xec\x48\0\0\x2e\xd4\x01\0\xb8\
\x01\0\0\x96\x15\0\0\x34\x49\0\0\x1a\xd8\x01\0\xc0\x01\0\0\x96\x15\0\0\x47\x3c\
\0\0\x07\x20\x01\0\xf8\x01\0\0\x96\x15\0\0\x86\x3c\0\0\x0e\x6c\x01\0\x38\x02\0\
\0\x96\x15\0\0\xae\x3c\0\0\x27\x30\x01\0\x50\x02\0\0\x96\x15\0\0\xf9\x3c\0\0\
\x0b\x34\x01\0\x90\x02\0\0\x96\x15\0\0\x74\x49\0\0\x18\xd0\x01\0\x98\x02\0\0\
\x96\x15\0\0\x8d\x49\0\0\x07\xdc\x01\0\xb0\x02\0\0\x96\x15\0\0\xc0\x49\0\0\x2d\
\xe0\x01\0\xc0\x02\0\0\x96\x15\0\0\xc0\x49\0\0\x21\xe0\x01\0\xc8\x02\0\0\x96\
\x15\0\0\xff\x49\0\0\x2f\xe4\x01\0\xd0\x02\0\0\x96\x15\0\0\xff\x49\0\0\x23\xe4\
\x01\0\xe0\x02\0\0\x96\x15\0\0\x3c\x4a\0\0\x05\xec\x01\0\x50\x03\0\0\x96\x15\0\
\0\x7a\x4a\0\0\x05\xf8\x01\0\x98\x03\0\0\x96\x15\0\0\xad\x4a\0\0\x25\x08\x02\0\
\xa8\x03\0\0\x96\x15\0\0\xad\x4a\0\0\x19\x08\x02\0\xb0\x03\0\0\x96\x15\0\0\xe4\
\x4a\0\0\x27\x0c\x02\0\xb8\x03\0\0\x96\x15\0\0\xe4\x4a\0\0\x1b\x0c\x02\0\xc8\
\x03\0\0\x96\x15\0\0\xad\x4a\0\0\x25\x08\x02\0\xd0\x03\0\0\x96\x15\0\0\x13\x4b\
\0\0\x0f\xac\x03\0\xe8\x03\0\0\x96\x15\0\0\x54\x4b\0\0\x07\xb0\x03\0\xf0\x03\0\
\0\x96\x15\0\0\x7f\x4b\0\0\x26\xb4\x03\0\xf8\x03\0\0\x96\x15\0\0\x7f\x4b\0\0\
\x2f\xb4\x03\0\x08\x04\0\0\x96\x15\0\0\x7f\x4b\0\0\x19\xb4\x03\0\x10\x04\0\0\
\x96\x15\0\0\xfe\x47\0\0\x05\x70\x03\0\x28\x04\0\0\x96\x15\0\0\xb3\x4b\0\0\x12\
\x30\x02\0\x38\x04\0\0\x96\x15\0\0\xce\x4b\0\0\x13\x40\x02\0\x40\x04\0\0\x96\
\x15\0\0\xed\x4b\0\0\x12\x48\x02\0\x50\x04\0\0\x96\x15\0\0\x0a\x4c\0\0\x12\x44\
\x02\0\x58\x04\0\0\x96\x15\0\0\x27\x4c\0\0\x1c\x3c\x02\0\x68\x04\0\0\x96\x15\0\
\0\0\0\0\0\0\0\0\0\x80\x04\0\0\x96\x15\0\0\x4b\x4c\0\0\x03\x4c\x02\0\xa8\x04\0\
\0\x96\x15\0\0\0\0\0\0\0\0\0\0\xb0\x04\0\0\x96\x15\0\0\x94\x4c\0\0\x13\x54\x02\
\0\xc8\x04\0\0\x96\x15\0\0\xe1\x4c\0\0\x07\x58\x02\0\xd8\x04\0\0\x96\x15\0\0\0\
\0\0\0\0\0\0\0\xe0\x04\0\0\x96\x15\0\0\0\x4d\0\0\x03\x64\x02\0\x20\x07\0\0\x96\
\x15\0\0\x25\x4d\0\0\x35\x6c\x02\0\x28\x07\0\0\x96\x15\0\0\x90\x16\0\0\x30\x9c\
\x01\0\x58\x07\0\0\x96\x15\0\0\0\0\0\0\0\0\0\0\x60\x07\0\0\x96\x15\0\0\x53\x3b\
\0\0\x15\xa0\x01\0\x80\x07\0\0\x96\x15\0\0\x53\x3b\0\0\x15\xa0\x01\0\x90\x07\0\
\0\x96\x15\0\0\0\0\0\0\0\0\0\0\x98\x07\0\0\x96\x15\0\0\x84\x3b\0\0\x15\xa4\x01\
\0\xc8\x07\0\0\x96\x15\0\0\x84\x3b\0\0\x15\xa4\x01\0\xd8\x07\0\0\x96\x15\0\0\0\
\0\0\0\0\0\0\0\xe0\x07\0\0\x96\x15\0\0\xb7\x3b\0\0\x14\xa8\x01\0\xf8\x07\0\0\
\x96\x15\0\0\xb7\x3b\0\0\x33\xa8\x01\0\0\x08\0\0\x96\x15\0\0\xb7\x3b\0\0\x12\
\xa8\x01\0\x20\x08\0\0\x96\x15\0\0\0\0\0\0\0\0\0\0\x28\x08\0\0\x96\x15\0\0\xfe\
\x3b\0\0\x29\xb0\x01\0\x40\x08\0\0\x96\x15\0\0\x84\x3b\0\0\x15\xa4\x01\0\x50\
\x08\0\0\x96\x15\0\0\xfe\x3b\0\0\x29\xb0\x01\0\x58\x08\0\0\x96\x15\0\0\x47\x3c\
\0\0\x07\x20\x01\0\x98\x08\0\0\x96\x15\0\0\x86\x3c\0\0\x0e\x6c\x01\0\xd8\x08\0\
\0\x96\x15\0\0\xae\x3c\0\0\x27\x30\x01\0\xf0\x08\0\0\x96\x15\0\0\xf9\x3c\0\0\
\x0b\x34\x01\0\x30\x09\0\0\x96\x15\0\0\x21\x3d\0\0\x14\xac\x01\0\x80\x09\0\0\
\xae\x39\0\0\x6b\x3d\0\0\x23\x90\0\0\xb0\x09\0\0\x96\x15\0\0\x21\x3d\0\0\x14\
\xac\x01\0\xb8\x09\0\0\xae\x39\0\0\x6b\x3d\0\0\x23\x90\0\0\xd0\x09\0\0\xae\x39\
\0\0\x6b\x3d\0\0\x23\x90\0\0\xe0\x09\0\0\xae\x39\0\0\xc0\x3d\0\0\x15\x58\0\0\
\x08\x0a\0\0\xae\x39\0\0\xc0\x3d\0\0\x03\x58\0\0\x30\x0a\0\0\xae\x39\0\0\0\0\0\
\0\0\0\0\0\x38\x0a\0\0\xae\x39\0\0\xe1\x3d\0\0\x22\x5c\0\0\x68\x0a\0\0\xae\x39\
\0\0\0\0\0\0\0\0\0\0\x70\x0a\0\0\xae\x39\0\0\xe1\x3d\0\0\x22\x5c\0\0\x80\x0a\0\
\0\xae\x39\0\0\xe1\x3d\0\0\x22\x5c\0\0\x88\x0a\0\0\xae\x39\0\0\x31\x3e\0\0\x13\
\x60\0\0\xb0\x0a\0\0\xae\x39\0\0\0\0\0\0\0\0\0\0\xb8\x0a\0\0\xae\x39\0\0\x31\
\x3e\0\0\x17\x60\0\0\xd8\x0a\0\0\xae\x39\0\0\x31\x3e\0\0\x17\x60\0\0\xe8\x0a\0\
\0\xae\x39\0\0\0\0\0\0\0\0\0\0\xf0\x0a\0\0\xae\x39\0\0\x71\x3e\0\0\x17\x64\0\0\
\0\x0b\0\0\xae\x39\0\0\x71\x3e\0\0\x17\x64\0\0\x08\x0b\0\0\xae\x39\0\0\x31\x3e\
\0\0\x09\x60\0\0\x30\x0b\0\0\xae\x39\0\0\0\0\0\0\0\0\0\0\x38\x0b\0\0\xae\x39\0\
\0\xb4\x3e\0\0\x15\x94\0\0\x48\x0b\0\0\xae\x39\0\0\xb4\x3e\0\0\x15\x94\0\0\x58\
\x0b\0\0\xae\x39\0\0\xb4\x3e\0\0\x13\x94\0\0\x78\x0b\0\0\xae\x39\0\0\0\0\0\0\0\
\0\0\0\x80\x0b\0\0\xae\x39\0\0\xeb\x3e\0\0\x22\x98\0\0\x98\x0b\0\0\xae\x39\0\0\
\xeb\x3e\0\0\x22\x98\0\0\xa0\x0b\0\0\xae\x39\0\0\xeb\x3e\0\0\x20\x98\0\0\xd0\
\x0b\0\0\xae\x39\0\0\0\0\0\0\0\0\0\0\xd8\x0b\0\0\xae\x39\0\0\x33\x3f\0\0\x1b\
\x9c\0\0\0\x0c\0\0\xae\x39\0\0\0\0\0\0\0\0\0\0\x08\x0c\0\0\xae\x39\0\0\x33\x3f\
\0\0\x1b\x9c\0\0\x18\x0c\0\0\xae\x39\0\0\x33\x3f\0\0\x1b\x9c\0\0\x20\x0c\0\0\
\xae\x39\0\0\x33\x3f\0\0\x19\x9c\0\0\x40\x0c\0\0\xae\x39\0\0\0\0\0\0\0\0\0\0\
\x48\x0c\0\0\xae\x39\0\0\x7d\x3f\0\0\x14\xa0\0\0\x58\x0c\0\0\xae\x39\0\0\x7d\
\x3f\0\0\x14\xa0\0\0\x60\x0c\0\0\xae\x39\0\0\x7d\x3f\0\0\x12\xa0\0\0\x88\x0c\0\
\0\xae\x39\0\0\0\0\0\0\0\0\0\0\x90\x0c\0\0\xae\x39\0\0\xae\x3f\0\0\x14\xa8\0\0\
\xc8\x0c\0\0\xae\x39\0\0\0\0\0\0\0\0\0\0\xd0\x0c\0\0\xae\x39\0\0\xae\x3f\0\0\
\x14\xa8\0\0\xe0\x0c\0\0\xae\x39\0\0\xae\x3f\0\0\x14\xa8\0\0\xe8\x0c\0\0\xae\
\x39\0\0\xae\x3f\0\0\x12\xa8\0\0\xf8\x0c\0\0\xae\x39\0\0\0\0\0\0\0\0\0\0\0\x0d\
\0\0\xae\x39\0\0\xed\x3f\0\0\x14\xac\0\0\x38\x0d\0\0\xae\x39\0\0\0\0\0\0\0\0\0\
\0\x40\x0d\0\0\xae\x39\0\0\xed\x3f\0\0\x14\xac\0\0\x50\x0d\0\0\xae\x39\0\0\xed\
\x3f\0\0\x14\xac\0\0\x58\x0d\0\0\xae\x39\0\0\xed\x3f\0\0\x12\xac\0\0\x78\x0d\0\
\0\xae\x39\0\0\0\0\0\0\0\0\0\0\x80\x0d\0\0\xae\x39\0\0\x31\x40\0\0\x2a\xb8\0\0\
\xb8\x0d\0\0\xae\x39\0\0\0\0\0\0\0\0\0\0\xc0\x0d\0\0\xae\x39\0\0\x31\x40\0\0\
\x2a\xb8\0\0\xd0\x0d\0\0\xae\x39\0\0\x31\x40\0\0\x2a\xb8\0\0\xe0\x0d\0\0\xae\
\x39\0\0\0\0\0\0\0\0\0\0\xe8\x0d\0\0\xae\x39\0\0\x20\x45\0\0\x28\xbc\0\0\x20\
\x0e\0\0\xae\x39\0\0\0\0\0\0\0\0\0\0\x28\x0e\0\0\xae\x39\0\0\x20\x45\0\0\x28\
\xbc\0\0\x38\x0e\0\0\xae\x39\0\0\x20\x45\0\0\x28\xbc\0\0\x40\x0e\0\0\xae\x39\0\
\0\x6d\x45\0\0\x10\xc0\0\0\x50\x0e\0\0\xae\x39\0\0\x6d\x45\0\0\x07\xc0\0\0\x60\
\x0e\0\0\xae\x39\0\0\0\0\0\0\0\0\0\0\x70\x0e\0\0\xae\x39\0\0\xad\x45\0\0\x22\
\xd4\0\0\x78\x0e\0\0\xae\x39\0\0\xad\x45\0\0\x03\xd4\0\0\x88\x0e\0\0\xae\x39\0\
\0\xf7\x45\0\0\x12\xdc\0\0\x90\x0e\0\0\xae\x39\0\0\xf7\x45\0\0\x07\xdc\0\0\xa0\
\x0e\0\0\xae\x39\0\0\x3d\x46\0\0\x3c\xe0\0\0\xb0\x0e\0\0\x96\x15\0\0\x60\x4d\0\
\0\x25\x70\x02\0\xc0\x0e\0\0\x96\x15\0\0\x8d\x4d\0\0\x03\x74\x02\0\xf8\x0e\0\0\
\x96\x15\0\0\xde\x4d\0\0\x07\x7c\x02\0\x18\x0f\0\0\x96\x15\0\0\x21\x4e\0\0\x07\
\x80\x02\0\x20\x0f\0\0\x96\x15\0\0\x3d\x4e\0\0\x15\x84\x02\0\x28\x0f\0\0\x96\
\x15\0\0\x3d\x4e\0\0\x09\x84\x02\0\x30\x0f\0\0\x96\x15\0\0\x84\x4e\0\0\x1a\x88\
\x02\0\x50\x0f\0\0\x96\x15\0\0\x84\x4e\0\0\x07\x88\x02\0\x40\x10\0\0\x96\x15\0\
\0\xc8\x4e\0\0\x1e\x90\x02\0\x58\x10\0\0\x96\x15\0\0\xe9\x4e\0\0\x05\xa0\x02\0\
\x50\x11\0\0\x96\x15\0\0\x2b\x4f\0\0\x05\xa4\x02\0\x10\x12\0\0\x96\x15\0\0\x72\
\x4f\0\0\x20\xac\x02\0\x20\x12\0\0\x96\x15\0\0\xe9\x4e\0\0\x05\xa0\x02\0\x28\
\x12\0\0\x96\x15\0\0\x96\x4f\0\0\x09\xb0\x02\0\x50\x12\0\0\x96\x15\0\0\x96\x4f\
\0\0\x09\xb0\x02\0\x58\x12\0\0\x96\x15\0\0\xda\x4f\0\0\x07\xb8\x02\0\x0a\x50\0\
\0\x9f\0\0\0\0\0\0\0\x96\x15\0\0\x30\x50\0\0\x05\xe8\x03\0\x28\0\0\0\x96\x15\0\
\0\x2a\x48\0\0\x07\0\x04\0\x38\0\0\0\x96\x15\0\0\x30\x50\0\0\x05\xe8\x03\0\x48\
\0\0\0\x96\x15\0\0\x3b\x48\0\0\x03\x1c\x04\0\x70\0\0\0\x96\x15\0\0\x65\x48\0\0\
\x0c\x20\x04\0\x98\0\0\0\x96\x15\0\0\x30\x50\0\0\x05\xe8\x03\0\xa0\0\0\0\x96\
\x15\0\0\x78\x48\0\0\x22\xc8\x01\0\xd8\0\0\0\x96\x15\0\0\x30\x50\0\0\x05\xe8\
\x03\0\xe0\0\0\0\x96\x15\0\0\x78\x48\0\0\x22\xc8\x01\0\xf8\0\0\0\x96\x15\0\0\
\xbf\x48\0\0\x22\xcc\x01\0\0\x01\0\0\x96\x15\0\0\xbf\x48\0\0\x16\xcc\x01\0\x20\
\x01\0\0\x96\x15\0\0\x30\x50\0\0\x05\xe8\x03\0\x28\x01\0\0\x96\x15\0\0\xec\x48\
\0\0\x2e\xd4\x01\0\x40\x01\0\0\x96\x15\0\0\xec\x48\0\0\x2e\xd4\x01\0\x50\x01\0\
\0\x96\x15\0\0\x30\x50\0\0\x05\xe8\x03\0\x58\x01\0\0\x96\x15\0\0\x34\x49\0\0\
\x1a\xd8\x01\0\x90\x01\0\0\x96\x15\0\0\x30\x50\0\0\x05\xe8\x03\0\x98\x01\0\0\
\x96\x15\0\0\x34\x49\0\0\x1a\xd8\x01\0\xa8\x01\0\0\x96\x15\0\0\xec\x48\0\0\x2e\
\xd4\x01\0\xb8\x01\0\0\x96\x15\0\0\x34\x49\0\0\x1a\xd8\x01\0\xc0\x01\0\0\x96\
\x15\0\0\x47\x3c\0\0\x07\x20\x01\0\xf8\x01\0\0\x96\x15\0\0\x86\x3c\0\0\x0e\x6c\
\x01\0\x38\x02\0\0\x96\x15\0\0\xae\x3c\0\0\x27\x30\x01\0\x50\x02\0\0\x96\x15\0\
\0\xf9\x3c\0\0\x0b\x34\x01\0\x90\x02\0\0\x96\x15\0\0\x74\x49\0\0\x18\xd0\x01\0\
\x98\x02\0\0\x96\x15\0\0\x8d\x49\0\0\x07\xdc\x01\0\xb0\x02\0\0\x96\x15\0\0\xc0\
\x49\0\0\x2d\xe0\x01\0\xc0\x02\0\0\x96\x15\0\0\xc0\x49\0\0\x21\xe0\x01\0\xc8\
\x02\0\0\x96\x15\0\0\xff\x49\0\0\x2f\xe4\x01\0\xd0\x02\0\0\x96\x15\0\0\xff\x49\
\0\0\x23\xe4\x01\0\xe0\x02\0\0\x96\x15\0\0\x3c\x4a\0\0\x05\xec\x01\0\x50\x03\0\
\0\x96\x15\0\0\x7a\x4a\0\0\x05\xf8\x01\0\x98\x03\0\0\x96\x15\0\0\xad\x4a\0\0\
\x25\x08\x02\0\xa8\x03\0\0\x96\x15\0\0\xad\x4a\0\0\x19\x08\x02\0\xb0\x03\0\0\
\x96\x15\0\0\xe4\x4a\0\0\x27\x0c\x02\0\xb8\x03\0\0\x96\x15\0\0\xe4\x4a\0\0\x1b\
\x0c\x02\0\xc8\x03\0\0\x96\x15\0\0\xad\x4a\0\0\x25\x08\x02\0\xd0\x03\0\0\x96\
\x15\0\0\x13\x4b\0\0\x0f\x28\x04\0\xe8\x03\0\0\x96\x15\0\0\x54\x4b\0\0\x07\x2c\
\x04\0\xf0\x03\0\0\x96\x15\0\0\x5c\x50\0\0\x26\x30\x04\0\xf8\x03\0\0\x96\x15\0\
\0\x5c\x50\0\0\x2f\x30\x04\0\x08\x04\0\0\x96\x15\0\0\x5c\x50\0\0\x19\x30\x04\0\
\x10\x04\0\0\x96\x15\0\0\x30\x50\0\0\x05\xe8\x03\0\x28\x04\0\0\x96\x15\0\0\xb3\
\x4b\0\0\x12\x30\x02\0\x30\x04\0\0\x96\x15\0\0\x0a\x4c\0\0\x12\x44\x02\0\x48\
\x04\0\0\x96\x15\0\0\xce\x4b\0\0\x13\x40\x02\0\x50\x04\0\0\x96\x15\0\0\x27\x4c\
\0\0\x1c\x3c\x02\0\x58\x04\0\0\x96\x15\0\0\xed\x4b\0\0\x12\x48\x02\0\x68\x04\0\
\0\x96\x15\0\0\0\0\0\0\0\0\0\0\x80\x04\0\0\x96\x15\0\0\x4b\x4c\0\0\x03\x4c\x02\
\0\xa8\x04\0\0\x96\x15\0\0\0\0\0\0\0\0\0\0\xb0\x04\0\0\x96\x15\0\0\x94\x4c\0\0\
\x13\x54\x02\0\xc8\x04\0\0\x96\x15\0\0\xe1\x4c\0\0\x07\x58\x02\0\xd8\x04\0\0\
\x96\x15\0\0\0\0\0\0\0\0\0\0\xe0\x04\0\0\x96\x15\0\0\0\x4d\0\0\x03\x64\x02\0\
\x20\x07\0\0\x96\x15\0\0\x25\x4d\0\0\x35\x6c\x02\0\x28\x07\0\0\x96\x15\0\0\x90\
\x16\0\0\x30\x9c\x01\0\x58\x07\0\0\x96\x15\0\0\0\0\0\0\0\0\0\0\x60\x07\0\0\x96\
\x15\0\0\x53\x3b\0\0\x15\xa0\x01\0\x80\x07\0\0\x96\x15\0\0\x53\x3b\0\0\x15\xa0\
\x01\0\x90\x07\0\0\x96\x15\0\0\0\0\0\0\0\0\0\0\x98\x07\0\0\x96\x15\0\0\x84\x3b\
\0\0\x15\xa4\x01\0\xc8\x07\0\0\x96\x15\0\0\x84\x3b\0\0\x15\xa4\x01\0\xd8\x07\0\
\0\x96\x15\0\0\0\0\0\0\0\0\0\0\xe0\x07\0\0\x96\x15\0\0\xb7\x3b\0\0\x14\xa8\x01\
\0\xf8\x07\0\0\x96\x15\0\0\xb7\x3b\0\0\x33\xa8\x01\0\0\x08\0\0\x96\x15\0\0\xb7\
\x3b\0\0\x12\xa8\x01\0\x20\x08\0\0\x96\x15\0\0\0\0\0\0\0\0\0\0\x28\x08\0\0\x96\
\x15\0\0\xfe\x3b\0\0\x29\xb0\x01\0\x40\x08\0\0\x96\x15\0\0\x84\x3b\0\0\x15\xa4\
\x01\0\x50\x08\0\0\x96\x15\0\0\xfe\x3b\0\0\x29\xb0\x01\0\x58\x08\0\0\x96\x15\0\
\0\x47\x3c\0\0\x07\x20\x01\0\x98\x08\0\0\x96\x15\0\0\x86\x3c\0\0\x0e\x6c\x01\0\
\xd8\x08\0\0\x96\x15\0\0\xae\x3c\0\0\x27\x30\x01\0\xf0\x08\0\0\x96\x15\0\0\xf9\
\x3c\0\0\x0b\x34\x01\0\x30\x09\0\0\x96\x15\0\0\x21\x3d\0\0\x14\xac\x01\0\x80\
\x09\0\0\xae\x39\0\0\x6b\x3d\0\0\x23\x90\0\0\xb0\x09\0\0\x96\x15\0\0\x21\x3d\0\
\0\x14\xac\x01\0\xb8\x09\0\0\xae\x39\0\0\x6b\x3d\0\0\x23\x90\0\0\xd0\x09\0\0\
\xae\x39\0\0\x6b\x3d\0\0\x23\x90\0\0\xe0\x09\0\0\xae\x39\0\0\xc0\x3d\0\0\x15\
\x58\0\0\x08\x0a\0\0\xae\x39\0\0\xc0\x3d\0\0\x03\x58\0\0\x30\x0a\0\0\xae\x39\0\
\0\0\0\0\0\0\0\0\0\x38\x0a\0\0\xae\x39\0\0\xe1\x3d\0\0\x22\x5c\0\0\x68\x0a\0\0\
\xae\x39\0\0\0\0\0\0\0\0\0\0\x70\x0a\0\0\xae\x39\0\0\xe1\x3d\0\0\x22\x5c\0\0\
\x80\x0a\0\0\xae\x39\0\0\xe1\x3d\0\0\x22\x5c\0\0\x88\x0a\0\0\xae\x39\0\0\x31\
\x3e\0\0\x13\x60\0\0\xb0\x0a\0\0\xae\x39\0\0\0\0\0\0\0\0\0\0\xb8\x0a\0\0\xae\
\x39\0\0\x31\x3e\0\0\x17\x60\0\0\xd8\x0a\0\0\xae\x39\0\0\x31\x3e\0\0\x17\x60\0\
\0\xe8\x0a\0\0\xae\x39\0\0\0\0\0\0\0\0\0\0\xf0\x0a\0\0\xae\x39\0\0\x71\x3e\0\0\
\x17\x64\0\0\0\x0b\0\0\xae\x39\0\0\x71\x3e\0\0\x17\x64\0\0\x08\x0b\0\0\xae\x39\
\0\0\x31\x3e\0\0\x09\x60\0\0\x30\x0b\0\0\xae\x39\0\0\0\0\0\0\0\0\0\0\x38\x0b\0\
\0\xae\x39\0\0\xb4\x3e\0\0\x15\x94\0\0\x48\x0b\0\0\xae\x39\0\0\xb4\x3e\0\0\x15\
\x94\0\0\x58\x0b\0\0\xae\x39\0\0\xb4\x3e\0\0\x13\x94\0\0\x78\x0b\0\0\xae\x39\0\
\0\0\0\0\0\0\0\0\0\x80\x0b\0\0\xae\x39\0\0\xeb\x3e\0\0\x22\x98\0\0\x98\x0b\0\0\
\xae\x39\0\0\xeb\x3e\0\0\x22\x98\0\0\xa0\x0b\0\0\xae\x39\0\0\xeb\x3e\0\0\x20\
\x98\0\0\xd0\x0b\0\0\xae\x39\0\0\0\0\0\0\0\0\0\0\xd8\x0b\0\0\xae\x39\0\0\x33\
\x3f\0\0\x1b\x9c\0\0\0\x0c\0\0\xae\x39\0\0\0\0\0\0\0\0\0\0\x08\x0c\0\0\xae\x39\
\0\0\x33\x3f\0\0\x1b\x9c\0\0\x18\x0c\0\0\xae\x39\0\0\x33\x3f\0\0\x1b\x9c\0\0\
\x20\x0c\0\0\xae\x39\0\0\x33\x3f\0\0\x19\x9c\0\0\x40\x0c\0\0\xae\x39\0\0\0\0\0\
\0\0\0\0\0\x48\x0c\0\0\xae\x39\0\0\x7d\x3f\0\0\x14\xa0\0\0\x58\x0c\0\0\xae\x39\
\0\0\x7d\x3f\0\0\x14\xa0\0\0\x60\x0c\0\0\xae\x39\0\0\x7d\x3f\0\0\x12\xa0\0\0\
\x88\x0c\0\0\xae\x39\0\0\0\0\0\0\0\0\0\0\x90\x0c\0\0\xae\x39\0\0\xae\x3f\0\0\
\x14\xa8\0\0\xc8\x0c\0\0\xae\x39\0\0\0\0\0\0\0\0\0\0\xd0\x0c\0\0\xae\x39\0\0\
\xae\x3f\0\0\x14\xa8\0\0\xe0\x0c\0\0\xae\x39\0\0\xae\x3f\0\0\x14\xa8\0\0\xe8\
\x0c\0\0\xae\x39\0\0\xae\x3f\0\0\x12\xa8\0\0\xf8\x0c\0\0\xae\x39\0\0\0\0\0\0\0\
\0\0\0\0\x0d\0\0\xae\x39\0\0\xed\x3f\0\0\x14\xac\0\0\x38\x0d\0\0\xae\x39\0\0\0\
\0\0\0\0\0\0\0\x40\x0d\0\0\xae\x39\0\0\xed\x3f\0\0\x14\xac\0\0\x50\x0d\0\0\xae\
\x39\0\0\xed\x3f\0\0\x14\xac\0\0\x58\x0d\0\0\xae\x39\0\0\xed\x3f\0\0\x12\xac\0\
\0\x78\x0d\0\0\xae\x39\0\0\0\0\0\0\0\0\0\0\x80\x0d\0\0\xae\x39\0\0\x31\x40\0\0\
\x2a\xb8\0\0\xb8\x0d\0\0\xae\x39\0\0\0\0\0\0\0\0\0\0\xc0\x0d\0\0\xae\x39\0\0\
\x31\x40\0\0\x2a\xb8\0\0\xd0\x0d\0\0\xae\x39\0\0\x31\x40\0\0\x2a\xb8\0\0\xe0\
\x0d\0\0\xae\x39\0\0\0\0\0\0\0\0\0\0\xe8\x0d\0\0\xae\x39\0\0\x20\x45\0\0\x28\
\xbc\0\0\x20\x0e\0\0\xae\x39\0\0\0\0\0\0\0\0\0\0\x28\x0e\0\0\xae\x39\0\0\x20\
\x45\0\0\x28\xbc\0\0\x38\x0e\0\0\xae\x39\0\0\x20\x45\0\0\x28\xbc\0\0\x40\x0e\0\
\0\xae\x39\0\0\x6d\x45\0\0\x10\xc0\0\0\x50\x0e\0\0\xae\x39\0\0\x6d\x45\0\0\x07\
\xc0\0\0\x60\x0e\0\0\xae\x39\0\0\0\0\0\0\0\0\0\0\x70\x0e\0\0\xae\x39\0\0\xad\
\x45\0\0\x22\xd4\0\0\x78\x0e\0\0\xae\x39\0\0\xad\x45\0\0\x03\xd4\0\0\x88\x0e\0\
\0\xae\x39\0\0\xf7\x45\0\0\x12\xdc\0\0\x90\x0e\0\0\xae\x39\0\0\xf7\x45\0\0\x07\
\xdc\0\0\xa0\x0e\0\0\xae\x39\0\0\x3d\x46\0\0\x3c\xe0\0\0\xb0\x0e\0\0\x96\x15\0\
\0\x60\x4d\0\0\x25\x70\x02\0\xc0\x0e\0\0\x96\x15\0\0\x8d\x4d\0\0\x03\x74\x02\0\
\xf8\x0e\0\0\x96\x15\0\0\xde\x4d\0\0\x07\x7c\x02\0\x18\x0f\0\0\x96\x15\0\0\x21\
\x4e\0\0\x07\x80\x02\0\x20\x0f\0\0\x96\x15\0\0\x3d\x4e\0\0\x15\x84\x02\0\x28\
\x0f\0\0\x96\x15\0\0\x3d\x4e\0\0\x09\x84\x02\0\x30\x0f\0\0\x96\x15\0\0\x84\x4e\
\0\0\x1a\x88\x02\0\x50\x0f\0\0\x96\x15\0\0\x84\x4e\0\0\x07\x88\x02\0\x40\x10\0\
\0\x96\x15\0\0\xc8\x4e\0\0\x1e\x90\x02\0\x58\x10\0\0\x96\x15\0\0\xe9\x4e\0\0\
\x05\xa0\x02\0\x50\x11\0\0\x96\x15\0\0\x2b\x4f\0\0\x05\xa4\x02\0\x10\x12\0\0\
\x96\x15\0\0\x72\x4f\0\0\x20\xac\x02\0\x20\x12\0\0\x96\x15\0\0\xe9\x4e\0\0\x05\
\xa0\x02\0\x28\x12\0\0\x96\x15\0\0\x96\x4f\0\0\x09\xb0\x02\0\x50\x12\0\0\x96\
\x15\0\0\x96\x4f\0\0\x09\xb0\x02\0\x58\x12\0\0\x96\x15\0\0\xda\x4f\0\0\x07\xb8\
\x02\0\xad\x50\0\0\x9e\0\0\0\0\0\0\0\x96\x15\0\0\xd2\x50\0\0\x05\x64\x04\0\x28\
\0\0\0\x96\x15\0\0\xfd\x50\0\0\x07\x7c\x04\0\x30\0\0\0\x96\x15\0\0\xd2\x50\0\0\
\x05\x64\x04\0\x38\0\0\0\x96\x15\0\0\x3b\x48\0\0\x03\x98\x04\0\x60\0\0\0\x96\
\x15\0\0\x0d\x51\0\0\x0c\x9c\x04\0\x88\0\0\0\x96\x15\0\0\xd2\x50\0\0\x05\x64\
\x04\0\x90\0\0\0\x96\x15\0\0\x78\x48\0\0\x22\xc8\x01\0\xc8\0\0\0\x96\x15\0\0\
\xd2\x50\0\0\x05\x64\x04\0\xd0\0\0\0\x96\x15\0\0\x78\x48\0\0\x22\xc8\x01\0\xe8\
\0\0\0\x96\x15\0\0\xbf\x48\0\0\x22\xcc\x01\0\xf0\0\0\0\x96\x15\0\0\xbf\x48\0\0\
\x16\xcc\x01\0\x10\x01\0\0\x96\x15\0\0\xd2\x50\0\0\x05\x64\x04\0\x18\x01\0\0\
\x96\x15\0\0\xec\x48\0\0\x2e\xd4\x01\0\x30\x01\0\0\x96\x15\0\0\xec\x48\0\0\x2e\
\xd4\x01\0\x40\x01\0\0\x96\x15\0\0\xd2\x50\0\0\x05\x64\x04\0\x48\x01\0\0\x96\
\x15\0\0\x34\x49\0\0\x1a\xd8\x01\0\x80\x01\0\0\x96\x15\0\0\xd2\x50\0\0\x05\x64\
\x04\0\x88\x01\0\0\x96\x15\0\0\x34\x49\0\0\x1a\xd8\x01\0\x98\x01\0\0\x96\x15\0\
\0\xec\x48\0\0\x2e\xd4\x01\0\xa8\x01\0\0\x96\x15\0\0\x34\x49\0\0\x1a\xd8\x01\0\
\xb0\x01\0\0\x96\x15\0\0\x47\x3c\0\0\x07\x20\x01\0\xf0\x01\0\0\x96\x15\0\0\x86\
\x3c\0\0\x0e\x6c\x01\0\x30\x02\0\0\x96\x15\0\0\xae\x3c\0\0\x27\x30\x01\0\x48\
\x02\0\0\x96\x15\0\0\xf9\x3c\0\0\x0b\x34\x01\0\x88\x02\0\0\x96\x15\0\0\x74\x49\
\0\0\x18\xd0\x01\0\x90\x02\0\0\x96\x15\0\0\x8d\x49\0\0\x07\xdc\x01\0\xa8\x02\0\
\0\x96\x15\0\0\xc0\x49\0\0\x2d\xe0\x01\0\xb8\x02\0\0\x96\x15\0\0\xc0\x49\0\0\
\x21\xe0\x01\0\xc0\x02\0\0\x96\x15\0\0\xff\x49\0\0\x2f\xe4\x01\0\xc8\x02\0\0\
\x96\x15\0\0\xff\x49\0\0\x23\xe4\x01\0\xd8\x02\0\0\x96\x15\0\0\x3c\x4a\0\0\x05\
\xec\x01\0\x48\x03\0\0\x96\x15\0\0\x7a\x4a\0\0\x05\xf8\x01\0\x90\x03\0\0\x96\
\x15\0\0\xad\x4a\0\0\x25\x08\x02\0\xa0\x03\0\0\x96\x15\0\0\xad\x4a\0\0\x19\x08\
\x02\0\xa8\x03\0\0\x96\x15\0\0\xe4\x4a\0\0\x27\x0c\x02\0\xb0\x03\0\0\x96\x15\0\
\0\xe4\x4a\0\0\x1b\x0c\x02\0\xc0\x03\0\0\x96\x15\0\0\xad\x4a\0\0\x25\x08\x02\0\
\xc8\x03\0\0\x96\x15\0\0\x13\x4b\0\0\x0f\xa4\x04\0\xe0\x03\0\0\x96\x15\0\0\x23\
\x51\0\0\x07\xa8\x04\0\xe8\x03\0\0\x96\x15\0\0\x6c\x51\0\0\x05\xac\x04\0\0\x04\
\0\0\x96\x15\0\0\0\0\0\0\0\0\0\0\x08\x04\0\0\x96\x15\0\0\xd2\x50\0\0\x05\x64\
\x04\0\x20\x04\0\0\x96\x15\0\0\xb3\x4b\0\0\x12\x30\x02\0\x28\x04\0\0\x96\x15\0\
\0\x0a\x4c\0\0\x12\x44\x02\0\x30\x04\0\0\x96\x15\0\0\xce\x4b\0\0\x13\x40\x02\0\
\x38\x04\0\0\x96\x15\0\0\x27\x4c\0\0\x1c\x3c\x02\0\x40\x04\0\0\x96\x15\0\0\xed\
\x4b\0\0\x12\x48\x02\0\x50\x04\0\0\x96\x15\0\0\0\0\0\0\0\0\0\0\x68\x04\0\0\x96\
\x15\0\0\x4b\x4c\0\0\x03\x4c\x02\0\x90\x04\0\0\x96\x15\0\0\0\0\0\0\0\0\0\0\x98\
\x04\0\0\x96\x15\0\0\x94\x4c\0\0\x13\x54\x02\0\xb0\x04\0\0\x96\x15\0\0\xe1\x4c\
\0\0\x07\x58\x02\0\xc0\x04\0\0\x96\x15\0\0\0\0\0\0\0\0\0\0\xc8\x04\0\0\x96\x15\
\0\0\0\x4d\0\0\x03\x64\x02\0\x08\x07\0\0\x96\x15\0\0\x25\x4d\0\0\x35\x6c\x02\0\
\x10\x07\0\0\x96\x15\0\0\x90\x16\0\0\x30\x9c\x01\0\x40\x07\0\0\x96\x15\0\0\0\0\
\0\0\0\0\0\0\x48\x07\0\0\x96\x15\0\0\x53\x3b\0\0\x15\xa0\x01\0\x68\x07\0\0\x96\
\x15\0\0\x53\x3b\0\0\x15\xa0\x01\0\x78\x07\0\0\x96\x15\0\0\0\0\0\0\0\0\0\0\x80\
\x07\0\0\x96\x15\0\0\x84\x3b\0\0\x15\xa4\x01\0\xb0\x07\0\0\x96\x15\0\0\x84\x3b\
\0\0\x15\xa4\x01\0\xc0\x07\0\0\x96\x15\0\0\0\0\0\0\0\0\0\0\xc8\x07\0\0\x96\x15\
\0\0\xb7\x3b\0\0\x14\xa8\x01\0\xe0\x07\0\0\x96\x15\0\0\xb7\x3b\0\0\x33\xa8\x01\
\0\xe8\x07\0\0\x96\x15\0\0\xb7\x3b\0\0\x12\xa8\x01\0\x08\x08\0\0\x96\x15\0\0\0\
\0\0\0\0\0\0\0\x10\x08\0\0\x96\x15\0\0\xfe\x3b\0\0\x29\xb0\x01\0\x28\x08\0\0\
\x96\x15\0\0\x84\x3b\0\0\x15\xa4\x01\0\x38\x08\0\0\x96\x15\0\0\xfe\x3b\0\0\x29\
\xb0\x01\0\x40\x08\0\0\x96\x15\0\0\x47\x3c\0\0\x07\x20\x01\0\x80\x08\0\0\x96\
\x15\0\0\x86\x3c\0\0\x0e\x6c\x01\0\xc0\x08\0\0\x96\x15\0\0\xae\x3c\0\0\x27\x30\
\x01\0\xd8\x08\0\0\x96\x15\0\0\xf9\x3c\0\0\x0b\x34\x01\0\x18\x09\0\0\x96\x15\0\
\0\x21\x3d\0\0\x14\xac\x01\0\x68\x09\0\0\xae\x39\0\0\x6b\x3d\0\0\x23\x90\0\0\
\x98\x09\0\0\x96\x15\0\0\x21\x3d\0\0\x14\xac\x01\0\xa0\x09\0\0\xae\x39\0\0\x6b\
\x3d\0\0\x23\x90\0\0\xb8\x09\0\0\xae\x39\0\0\x6b\x3d\0\0\x23\x90\0\0\xc8\x09\0\
\0\xae\x39\0\0\xc0\x3d\0\0\x15\x58\0\0\xf0\x09\0\0\xae\x39\0\0\xc0\x3d\0\0\x03\
\x58\0\0\x18\x0a\0\0\xae\x39\0\0\0\0\0\0\0\0\0\0\x20\x0a\0\0\xae\x39\0\0\xe1\
\x3d\0\0\x22\x5c\0\0\x50\x0a\0\0\xae\x39\0\0\0\0\0\0\0\0\0\0\x58\x0a\0\0\xae\
\x39\0\0\xe1\x3d\0\0\x22\x5c\0\0\x68\x0a\0\0\xae\x39\0\0\xe1\x3d\0\0\x22\x5c\0\
\0\x70\x0a\0\0\xae\x39\0\0\x31\x3e\0\0\x13\x60\0\0\x98\x0a\0\0\xae\x39\0\0\0\0\
\0\0\0\0\0\0\xa0\x0a\0\0\xae\x39\0\0\x31\x3e\0\0\x17\x60\0\0\xc0\x0a\0\0\xae\
\x39\0\0\x31\x3e\0\0\x17\x60\0\0\xd0\x0a\0\0\xae\x39\0\0\0\0\0\0\0\0\0\0\xd8\
\x0a\0\0\xae\x39\0\0\x71\x3e\0\0\x17\x64\0\0\xe8\x0a\0\0\xae\x39\0\0\x71\x3e\0\
\0\x17\x64\0\0\xf0\x0a\0\0\xae\x39\0\0\x31\x3e\0\0\x09\x60\0\0\x18\x0b\0\0\xae\
\x39\0\0\0\0\0\0\0\0\0\0\x20\x0b\0\0\xae\x39\0\0\xb4\x3e\0\0\x15\x94\0\0\x30\
\x0b\0\0\xae\x39\0\0\xb4\x3e\0\0\x15\x94\0\0\x40\x0b\0\0\xae\x39\0\0\xb4\x3e\0\
\0\x13\x94\0\0\x60\x0b\0\0\xae\x39\0\0\0\0\0\0\0\0\0\0\x68\x0b\0\0\xae\x39\0\0\
\xeb\x3e\0\0\x22\x98\0\0\x80\x0b\0\0\xae\x39\0\0\xeb\x3e\0\0\x22\x98\0\0\x88\
\x0b\0\0\xae\x39\0\0\xeb\x3e\0\0\x20\x98\0\0\xb8\x0b\0\0\xae\x39\0\0\0\0\0\0\0\
\0\0\0\xc0\x0b\0\0\xae\x39\0\0\x33\x3f\0\0\x1b\x9c\0\0\xe8\x0b\0\0\xae\x39\0\0\
\0\0\0\0\0\0\0\0\xf0\x0b\0\0\xae\x39\0\0\x33\x3f\0\0\x1b\x9c\0\0\0\x0c\0\0\xae\
\x39\0\0\x33\x3f\0\0\x1b\x9c\0\0\x08\x0c\0\0\xae\x39\0\0\x33\x3f\0\0\x19\x9c\0\
\0\x28\x0c\0\0\xae\x39\0\0\0\0\0\0\0\0\0\0\x30\x0c\0\0\xae\x39\0\0\x7d\x3f\0\0\
\x14\xa0\0\0\x40\x0c\0\0\xae\x39\0\0\x7d\x3f\0\0\x14\xa0\0\0\x48\x0c\0\0\xae\
\x39\0\0\x7d\x3f\0\0\x12\xa0\0\0\x70\x0c\0\0\xae\x39\0\0\0\0\0\0\0\0\0\0\x78\
\x0c\0\0\xae\x39\0\0\xae\x3f\0\0\x14\xa8\0\0\xb0\x0c\0\0\xae\x39\0\0\0\0\0\0\0\
\0\0\0\xb8\x0c\0\0\xae\x39\0\0\xae\x3f\0\0\x14\xa8\0\0\xc8\x0c\0\0\xae\x39\0\0\
\xae\x3f\0\0\x14\xa8\0\0\xd0\x0c\0\0\xae\x39\0\0\xae\x3f\0\0\x12\xa8\0\0\xe0\
\x0c\0\0\xae\x39\0\0\0\0\0\0\0\0\0\0\xe8\x0c\0\0\xae\x39\0\0\xed\x3f\0\0\x14\
\xac\0\0\x20\x0d\0\0\xae\x39\0\0\0\0\0\0\0\0\0\0\x28\x0d\0\0\xae\x39\0\0\xed\
\x3f\0\0\x14\xac\0\0\x38\x0d\0\0\xae\x39\0\0\xed\x3f\0\0\x14\xac\0\0\x40\x0d\0\
\0\xae\x39\0\0\xed\x3f\0\0\x12\xac\0\0\x60\x0d\0\0\xae\x39\0\0\0\0\0\0\0\0\0\0\
\x68\x0d\0\0\xae\x39\0\0\x31\x40\0\0\x2a\xb8\0\0\xa0\x0d\0\0\xae\x39\0\0\0\0\0\
\0\0\0\0\0\xa8\x0d\0\0\xae\x39\0\0\x31\x40\0\0\x2a\xb8\0\0\xb8\x0d\0\0\xae\x39\
\0\0\x31\x40\0\0\x2a\xb8\0\0\xc8\x0d\0\0\xae\x39\0\0\0\0\0\0\0\0\0\0\xd0\x0d\0\
\0\xae\x39\0\0\x20\x45\0\0\x28\xbc\0\0\x08\x0e\0\0\xae\x39\0\0\0\0\0\0\0\0\0\0\
\x10\x0e\0\0\xae\x39\0\0\x20\x45\0\0\x28\xbc\0\0\x20\x0e\0\0\xae\x39\0\0\x20\
\x45\0\0\x28\xbc\0\0\x28\x0e\0\0\xae\x39\0\0\x6d\x45\0\0\x10\xc0\0\0\x38\x0e\0\
\0\xae\x39\0\0\x6d\x45\0\0\x07\xc0\0\0\x48\x0e\0\0\xae\x39\0\0\0\0\0\0\0\0\0\0\
\x58\x0e\0\0\xae\x39\0\0\xad\x45\0\0\x22\xd4\0\0\x60\x0e\0\0\xae\x39\0\0\xad\
\x45\0\0\x03\xd4\0\0\x70\x0e\0\0\xae\x39\0\0\xf7\x45\0\0\x12\xdc\0\0\x78\x0e\0\
\0\xae\x39\0\0\xf7\x45\0\0\x07\xdc\0\0\x88\x0e\0\0\xae\x39\0\0\x3d\x46\0\0\x3c\
\xe0\0\0\x98\x0e\0\0\x96\x15\0\0\x60\x4d\0\0\x25\x70\x02\0\xa8\x0e\0\0\x96\x15\
\0\0\x8d\x4d\0\0\x03\x74\x02\0\xe0\x0e\0\0\x96\x15\0\0\xde\x4d\0\0\x07\x7c\x02\
\0\0\x0f\0\0\x96\x15\0\0\x21\x4e\0\0\x07\x80\x02\0\x08\x0f\0\0\x96\x15\0\0\x3d\
\x4e\0\0\x15\x84\x02\0\x10\x0f\0\0\x96\x15\0\0\x3d\x4e\0\0\x09\x84\x02\0\x18\
\x0f\0\0\x96\x15\0\0\x84\x4e\0\0\x1a\x88\x02\0\x38\x0f\0\0\x96\x15\0\0\x84\x4e\
\0\0\x07\x88\x02\0\x28\x10\0\0\x96\x15\0\0\xc8\x4e\0\0\x1e\x90\x02\0\x40\x10\0\
\0\x96\x15\0\0\xe9\x4e\0\0\x05\xa0\x02\0\x38\x11\0\0\x96\x15\0\0\x2b\x4f\0\0\
\x05\xa4\x02\0\xf8\x11\0\0\x96\x15\0\0\x72\x4f\0\0\x20\xac\x02\0\x08\x12\0\0\
\x96\x15\0\0\xe9\x4e\0\0\x05\xa0\x02\0\x10\x12\0\0\x96\x15\0\0\x96\x4f\0\0\x09\
\xb0\x02\0\x38\x12\0\0\x96\x15\0\0\x96\x4f\0\0\x09\xb0\x02\0\x40\x12\0\0\x96\
\x15\0\0\xda\x4f\0\0\x07\xb8\x02\0\xa1\x51\0\0\x9d\0\0\0\0\0\0\0\x96\x15\0\0\
\xce\x51\0\0\x05\xdc\x04\0\x28\0\0\0\x96\x15\0\0\xfd\x50\0\0\x07\xf8\x04\0\x30\
\0\0\0\x96\x15\0\0\xce\x51\0\0\x05\xdc\x04\0\x38\0\0\0\x96\x15\0\0\x3b\x48\0\0\
\x03\x14\x05\0\x60\0\0\0\x96\x15\0\0\x65\x48\0\0\x0c\x18\x05\0\x88\0\0\0\x96\
\x15\0\0\xce\x51\0\0\x05\xdc\x04\0\x90\0\0\0\x96\x15\0\0\x78\x48\0\0\x22\xc8\
\x01\0\xc8\0\0\0\x96\x15\0\0\xce\x51\0\0\x05\xdc\x04\0\xd0\0\0\0\x96\x15\0\0\
\x78\x48\0\0\x22\xc8\x01\0\xe8\0\0\0\x96\x15\0\0\xbf\x48\0\0\x22\xcc\x01\0\xf0\
\0\0\0\x96\x15\0\0\xbf\x48\0\0\x16\xcc\x01\0\x10\x01\0\0\x96\x15\0\0\xce\x51\0\
\0\x05\xdc\x04\0\x18\x01\0\0\x96\x15\0\0\xec\x48\0\0\x2e\xd4\x01\0\x30\x01\0\0\
\x96\x15\0\0\xec\x48\0\0\x2e\xd4\x01\0\x40\x01\0\0\x96\x15\0\0\xce\x51\0\0\x05\
\xdc\x04\0\x48\x01\0\0\x96\x15\0\0\x34\x49\0\0\x1a\xd8\x01\0\x80\x01\0\0\x96\
\x15\0\0\xce\x51\0\0\x05\xdc\x04\0\x88\x01\0\0\x96\x15\0\0\x34\x49\0\0\x1a\xd8\
\x01\0\x98\x01\0\0\x96\x15\0\0\xec\x48\0\0\x2e\xd4\x01\0\xa8\x01\0\0\x96\x15\0\
\0\x34\x49\0\0\x1a\xd8\x01\0\xb0\x01\0\0\x96\x15\0\0\x47\x3c\0\0\x07\x20\x01\0\
\xf0\x01\0\0\x96\x15\0\0\x86\x3c\0\0\x0e\x6c\x01\0\x30\x02\0\0\x96\x15\0\0\xae\
\x3c\0\0\x27\x30\x01\0\x48\x02\0\0\x96\x15\0\0\xf9\x3c\0\0\x0b\x34\x01\0\x88\
\x02\0\0\x96\x15\0\0\x74\x49\0\0\x18\xd0\x01\0\x90\x02\0\0\x96\x15\0\0\x8d\x49\
\0\0\x07\xdc\x01\0\xa8\x02\0\0\x96\x15\0\0\xc0\x49\0\0\x2d\xe0\x01\0\xb8\x02\0\
\0\x96\x15\0\0\xc0\x49\0\0\x21\xe0\x01\0\xc0\x02\0\0\x96\x15\0\0\xff\x49\0\0\
\x2f\xe4\x01\0\xc8\x02\0\0\x96\x15\0\0\xff\x49\0\0\x23\xe4\x01\0\xd8\x02\0\0\
\x96\x15\0\0\x3c\x4a\0\0\x05\xec\x01\0\x48\x03\0\0\x96\x15\0\0\x7a\x4a\0\0\x05\
\xf8\x01\0\x90\x03\0\0\x96\x15\0\0\xad\x4a\0\0\x25\x08\x02\0\xa0\x03\0\0\x96\
\x15\0\0\xad\x4a\0\0\x19\x08\x02\0\xa8\x03\0\0\x96\x15\0\0\xe4\x4a\0\0\x27\x0c\
\x02\0\xb0\x03\0\0\x96\x15\0\0\xe4\x4a\0\0\x1b\x0c\x02\0\xc0\x03\0\0\x96\x15\0\
\0\xad\x4a\0\0\x25\x08\x02\0\xc8\x03\0\0\x96\x15\0\0\x13\x4b\0\0\x0f\x20\x05\0\
\xe0\x03\0\0\x96\x15\0\0\x01\x52\0\0\x07\x24\x05\0\xf0\x03\0\0\x96\x15\0\0\x14\
\x52\0\0\x1a\x28\x05\0\xf8\x03\0\0\x96\x15\0\0\xce\x51\0\0\x05\xdc\x04\0\x10\
\x04\0\0\x96\x15\0\0\xb3\x4b\0\0\x12\x30\x02\0\x18\x04\0\0\x96\x15\0\0\x0a\x4c\
\0\0\x12\x44\x02\0\x28\x04\0\0\x96\x15\0\0\xce\x4b\0\0\x13\x40\x02\0\x30\x04\0\
\0\x96\x15\0\0\x27\x4c\0\0\x1c\x3c\x02\0\x38\x04\0\0\x96\x15\0\0\xed\x4b\0\0\
\x12\x48\x02\0\x48\x04\0\0\x96\x15\0\0\0\0\0\0\0\0\0\0\x60\x04\0\0\x96\x15\0\0\
\x4b\x4c\0\0\x03\x4c\x02\0\x88\x04\0\0\x96\x15\0\0\0\0\0\0\0\0\0\0\x90\x04\0\0\
\x96\x15\0\0\x94\x4c\0\0\x13\x54\x02\0\xa8\x04\0\0\x96\x15\0\0\xe1\x4c\0\0\x07\
\x58\x02\0\xb8\x04\0\0\x96\x15\0\0\0\0\0\0\0\0\0\0\xc0\x04\0\0\x96\x15\0\0\0\
\x4d\0\0\x03\x64\x02\0\0\x07\0\0\x96\x15\0\0\x25\x4d\0\0\x35\x6c\x02\0\x08\x07\
\0\0\x96\x15\0\0\x90\x16\0\0\x30\x9c\x01\0\x38\x07\0\0\x96\x15\0\0\0\0\0\0\0\0\
\0\0\x40\x07\0\0\x96\x15\0\0\x53\x3b\0\0\x15\xa0\x01\0\x60\x07\0\0\x96\x15\0\0\
\x53\x3b\0\0\x15\xa0\x01\0\x70\x07\0\0\x96\x15\0\0\0\0\0\0\0\0\0\0\x78\x07\0\0\
\x96\x15\0\0\x84\x3b\0\0\x15\xa4\x01\0\xa8\x07\0\0\x96\x15\0\0\x84\x3b\0\0\x15\
\xa4\x01\0\xb8\x07\0\0\x96\x15\0\0\0\0\0\0\0\0\0\0\xc0\x07\0\0\x96\x15\0\0\xb7\
\x3b\0\0\x14\xa8\x01\0\xd8\x07\0\0\x96\x15\0\0\xb7\x3b\0\0\x33\xa8\x01\0\xe0\
\x07\0\0\x96\x15\0\0\xb7\x3b\0\0\x12\xa8\x01\0\0\x08\0\0\x96\x15\0\0\0\0\0\0\0\
\0\0\0\x08\x08\0\0\x96\x15\0\0\xfe\x3b\0\0\x29\xb0\x01\0\x20\x08\0\0\x96\x15\0\
\0\x84\x3b\0\0\x15\xa4\x01\0\x30\x08\0\0\x96\x15\0\0\xfe\x3b\0\0\x29\xb0\x01\0\
\x38\x08\0\0\x96\x15\0\0\x47\x3c\0\0\x07\x20\x01\0\x78\x08\0\0\x96\x15\0\0\x86\
\x3c\0\0\x0e\x6c\x01\0\xb8\x08\0\0\x96\x15\0\0\xae\x3c\0\0\x27\x30\x01\0\xd0\
\x08\0\0\x96\x15\0\0\xf9\x3c\0\0\x0b\x34\x01\0\x10\x09\0\0\x96\x15\0\0\x21\x3d\
\0\0\x14\xac\x01\0\x60\x09\0\0\xae\x39\0\0\x6b\x3d\0\0\x23\x90\0\0\x90\x09\0\0\
\x96\x15\0\0\x21\x3d\0\0\x14\xac\x01\0\x98\x09\0\0\xae\x39\0\0\x6b\x3d\0\0\x23\
\x90\0\0\xb0\x09\0\0\xae\x39\0\0\x6b\x3d\0\0\x23\x90\0\0\xc0\x09\0\0\xae\x39\0\
\0\xc0\x3d\0\0\x15\x58\0\0\xe8\x09\0\0\xae\x39\0\0\xc0\x3d\0\0\x03\x58\0\0\x10\
\x0a\0\0\xae\x39\0\0\0\0\0\0\0\0\0\0\x18\x0a\0\0\xae\x39\0\0\xe1\x3d\0\0\x22\
\x5c\0\0\x48\x0a\0\0\xae\x39\0\0\0\0\0\0\0\0\0\0\x50\x0a\0\0\xae\x39\0\0\xe1\
\x3d\0\0\x22\x5c\0\0\x60\x0a\0\0\xae\x39\0\0\xe1\x3d\0\0\x22\x5c\0\0\x68\x0a\0\
\0\xae\x39\0\0\x31\x3e\0\0\x13\x60\0\0\x90\x0a\0\0\xae\x39\0\0\0\0\0\0\0\0\0\0\
\x98\x0a\0\0\xae\x39\0\0\x31\x3e\0\0\x17\x60\0\0\xb8\x0a\0\0\xae\x39\0\0\x31\
\x3e\0\0\x17\x60\0\0\xc8\x0a\0\0\xae\x39\0\0\0\0\0\0\0\0\0\0\xd0\x0a\0\0\xae\
\x39\0\0\x71\x3e\0\0\x17\x64\0\0\xe0\x0a\0\0\xae\x39\0\0\x71\x3e\0\0\x17\x64\0\
\0\xe8\x0a\0\0\xae\x39\0\0\x31\x3e\0\0\x09\x60\0\0\x10\x0b\0\0\xae\x39\0\0\0\0\
\0\0\0\0\0\0\x18\x0b\0\0\xae\x39\0\0\xb4\x3e\0\0\x15\x94\0\0\x28\x0b\0\0\xae\
\x39\0\0\xb4\x3e\0\0\x15\x94\0\0\x38\x0b\0\0\xae\x39\0\0\xb4\x3e\0\0\x13\x94\0\
\0\x58\x0b\0\0\xae\x39\0\0\0\0\0\0\0\0\0\0\x60\x0b\0\0\xae\x39\0\0\xeb\x3e\0\0\
\x22\x98\0\0\x78\x0b\0\0\xae\x39\0\0\xeb\x3e\0\0\x22\x98\0\0\x80\x0b\0\0\xae\
\x39\0\0\xeb\x3e\0\0\x20\x98\0\0\xb0\x0b\0\0\xae\x39\0\0\0\0\0\0\0\0\0\0\xb8\
\x0b\0\0\xae\x39\0\0\x33\x3f\0\0\x1b\x9c\0\0\xe0\x0b\0\0\xae\x39\0\0\0\0\0\0\0\
\0\0\0\xe8\x0b\0\0\xae\x39\0\0\x33\x3f\0\0\x1b\x9c\0\0\xf8\x0b\0\0\xae\x39\0\0\
\x33\x3f\0\0\x1b\x9c\0\0\0\x0c\0\0\xae\x39\0\0\x33\x3f\0\0\x19\x9c\0\0\x20\x0c\
\0\0\xae\x39\0\0\0\0\0\0\0\0\0\0\x28\x0c\0\0\xae\x39\0\0\x7d\x3f\0\0\x14\xa0\0\
\0\x38\x0c\0\0\xae\x39\0\0\x7d\x3f\0\0\x14\xa0\0\0\x40\x0c\0\0\xae\x39\0\0\x7d\
\x3f\0\0\x12\xa0\0\0\x68\x0c\0\0\xae\x39\0\0\0\0\0\0\0\0\0\0\x70\x0c\0\0\xae\
\x39\0\0\xae\x3f\0\0\x14\xa8\0\0\xa8\x0c\0\0\xae\x39\0\0\0\0\0\0\0\0\0\0\xb0\
\x0c\0\0\xae\x39\0\0\xae\x3f\0\0\x14\xa8\0\0\xc0\x0c\0\0\xae\x39\0\0\xae\x3f\0\
\0\x14\xa8\0\0\xc8\x0c\0\0\xae\x39\0\0\xae\x3f\0\0\x12\xa8\0\0\xd8\x0c\0\0\xae\
\x39\0\0\0\0\0\0\0\0\0\0\xe0\x0c\0\0\xae\x39\0\0\xed\x3f\0\0\x14\xac\0\0\x18\
\x0d\0\0\xae\x39\0\0\0\0\0\0\0\0\0\0\x20\x0d\0\0\xae\x39\0\0\xed\x3f\0\0\x14\
\xac\0\0\x30\x0d\0\0\xae\x39\0\0\xed\x3f\0\0\x14\xac\0\0\x38\x0d\0\0\xae\x39\0\
\0\xed\x3f\0\0\x12\xac\0\0\x58\x0d\0\0\xae\x39\0\0\0\0\0\0\0\0\0\0\x60\x0d\0\0\
\xae\x39\0\0\x31\x40\0\0\x2a\xb8\0\0\x98\x0d\0\0\xae\x39\0\0\0\0\0\0\0\0\0\0\
\xa0\x0d\0\0\xae\x39\0\0\x31\x40\0\0\x2a\xb8\0\0\xb0\x0d\0\0\xae\x39\0\0\x31\
\x40\0\0\x2a\xb8\0\0\xc0\x0d\0\0\xae\x39\0\0\0\0\0\0\0\0\0\0\xc8\x0d\0\0\xae\
\x39\0\0\x20\x45\0\0\x28\xbc\0\0\0\x0e\0\0\xae\x39\0\0\0\0\0\0\0\0\0\0\x08\x0e\
\0\0\xae\x39\0\0\x20\x45\0\0\x28\xbc\0\0\x18\x0e\0\0\xae\x39\0\0\x20\x45\0\0\
\x28\xbc\0\0\x20\x0e\0\0\xae\x39\0\0\x6d\x45\0\0\x10\xc0\0\0\x30\x0e\0\0\xae\
\x39\0\0\x6d\x45\0\0\x07\xc0\0\0\x40\x0e\0\0\xae\x39\0\0\0\0\0\0\0\0\0\0\x50\
\x0e\0\0\xae\x39\0\0\xad\x45\0\0\x22\xd4\0\0\x58\x0e\0\0\xae\x39\0\0\xad\x45\0\
\0\x03\xd4\0\0\x68\x0e\0\0\xae\x39\0\0\xf7\x45\0\0\x12\xdc\0\0\x70\x0e\0\0\xae\
\x39\0\0\xf7\x45\0\0\x07\xdc\0\0\x80\x0e\0\0\xae\x39\0\0\x3d\x46\0\0\x3c\xe0\0\
\0\x90\x0e\0\0\x96\x15\0\0\x60\x4d\0\0\x25\x70\x02\0\xa0\x0e\0\0\x96\x15\0\0\
\x8d\x4d\0\0\x03\x74\x02\0\xd8\x0e\0\0\x96\x15\0\0\xde\x4d\0\0\x07\x7c\x02\0\
\xf8\x0e\0\0\x96\x15\0\0\x21\x4e\0\0\x07\x80\x02\0\0\x0f\0\0\x96\x15\0\0\x3d\
\x4e\0\0\x15\x84\x02\0\x08\x0f\0\0\x96\x15\0\0\x3d\x4e\0\0\x09\x84\x02\0\x10\
\x0f\0\0\x96\x15\0\0\x84\x4e\0\0\x1a\x88\x02\0\x30\x0f\0\0\x96\x15\0\0\x84\x4e\
\0\0\x07\x88\x02\0\x20\x10\0\0\x96\x15\0\0\xc8\x4e\0\0\x1e\x90\x02\0\x38\x10\0\
\0\x96\x15\0\0\xe9\x4e\0\0\x05\xa0\x02\0\x30\x11\0\0\x96\x15\0\0\x2b\x4f\0\0\
\x05\xa4\x02\0\xf0\x11\0\0\x96\x15\0\0\x72\x4f\0\0\x20\xac\x02\0\0\x12\0\0\x96\
\x15\0\0\xe9\x4e\0\0\x05\xa0\x02\0\x08\x12\0\0\x96\x15\0\0\x96\x4f\0\0\x09\xb0\
\x02\0\x30\x12\0\0\x96\x15\0\0\x96\x4f\0\0\x09\xb0\x02\0\x38\x12\0\0\x96\x15\0\
\0\xda\x4f\0\0\x07\xb8\x02\0\x69\x52\0\0\x2c\0\0\0\0\0\0\0\x96\x15\0\0\x90\x52\
\0\0\x05\x84\x05\0\x18\0\0\0\x96\x15\0\0\0\0\0\0\0\0\0\0\x20\0\0\0\x96\x15\0\0\
\xd4\x52\0\0\x10\x90\x05\0\x40\0\0\0\x96\x15\0\0\x17\x53\0\0\x19\x94\x05\0\x48\
\0\0\0\x96\x15\0\0\x17\x53\0\0\x12\x94\x05\0\x50\0\0\0\x96\x15\0\0\x35\x53\0\0\
\x1a\x98\x05\0\x58\0\0\0\x96\x15\0\0\x51\x53\0\0\x13\x9c\x05\0\x68\0\0\0\x96\
\x15\0\0\x35\x53\0\0\x07\x98\x05\0\x78\0\0\0\x96\x15\0\0\0\0\0\0\0\0\0\0\x80\0\
\0\0\x96\x15\0\0\x98\x53\0\0\x05\xb0\x05\0\xb8\0\0\0\x96\x15\0\0\x65\x48\0\0\
\x0c\xc8\x05\0\xc0\0\0\0\x96\x15\0\0\xe7\x53\0\0\x16\xd0\x05\0\xb8\x01\0\0\x96\
\x15\0\0\0\0\0\0\0\0\0\0\xc0\x01\0\0\x96\x15\0\0\x13\x54\0\0\x0b\xd4\x05\0\xd8\
\x01\0\0\x96\x15\0\0\x50\x54\0\0\x09\xd8\x05\0\xe0\x01\0\0\x96\x15\0\0\x67\x54\
\0\0\x07\xdc\x05\0\x10\x02\0\0\x96\x15\0\0\xac\x54\0\0\x1d\xe8\x05\0\x18\x02\0\
\0\x96\x15\0\0\xe7\x53\0\0\x16\xd0\x05\0\x10\x03\0\0\x96\x15\0\0\0\0\0\0\0\0\0\
\0\x18\x03\0\0\x96\x15\0\0\x13\x54\0\0\x0b\xd4\x05\0\x30\x03\0\0\x96\x15\0\0\
\x50\x54\0\0\x09\xd8\x05\0\x40\x03\0\0\x96\x15\0\0\xac\x54\0\0\x1d\xe8\x05\0\
\x50\x03\0\0\x96\x15\0\0\x67\x54\0\0\x07\xdc\x05\0\x70\x03\0\0\x96\x15\0\0\xe7\
\x53\0\0\x16\xd0\x05\0\x68\x04\0\0\x96\x15\0\0\0\0\0\0\0\0\0\0\x70\x04\0\0\x96\
\x15\0\0\x13\x54\0\0\x0b\xd4\x05\0\x88\x04\0\0\x96\x15\0\0\x50\x54\0\0\x09\xd8\
\x05\0\x98\x04\0\0\x96\x15\0\0\xac\x54\0\0\x1d\xe8\x05\0\xa8\x04\0\0\x96\x15\0\
\0\x67\x54\0\0\x07\xdc\x05\0\xc8\x04\0\0\x96\x15\0\0\xe7\x53\0\0\x16\xd0\x05\0\
\xc0\x05\0\0\x96\x15\0\0\0\0\0\0\0\0\0\0\xc8\x05\0\0\x96\x15\0\0\x13\x54\0\0\
\x0b\xd4\x05\0\xe0\x05\0\0\x96\x15\0\0\x50\x54\0\0\x09\xd8\x05\0\xf0\x05\0\0\
\x96\x15\0\0\xac\x54\0\0\x1d\xe8\x05\0\0\x06\0\0\x96\x15\0\0\x67\x54\0\0\x07\
\xdc\x05\0\x20\x06\0\0\x96\x15\0\0\xe7\x53\0\0\x16\xd0\x05\0\x18\x07\0\0\x96\
\x15\0\0\0\0\0\0\0\0\0\0\x20\x07\0\0\x96\x15\0\0\x13\x54\0\0\x0b\xd4\x05\0\x38\
\x07\0\0\x96\x15\0\0\x50\x54\0\0\x09\xd8\x05\0\x48\x07\0\0\x96\x15\0\0\xac\x54\
\0\0\x1d\xe8\x05\0\x58\x07\0\0\x96\x15\0\0\x67\x54\0\0\x07\xdc\x05\0\x80\x07\0\
\0\x96\x15\0\0\0\0\0\0\0\0\0\0\x88\x07\0\0\x96\x15\0\0\xd0\x54\0\0\x03\xf0\x05\
\0\xa0\x07\0\0\x96\x15\0\0\x90\x52\0\0\x05\x84\x05\0\xc9\x58\0\0\x05\0\0\0\0\0\
\0\0\x96\x15\0\0\xcf\x58\0\0\x07\x60\x05\0\x08\0\0\0\x96\x15\0\0\xdd\x58\0\0\
\x0e\x64\x05\0\x10\0\0\0\x96\x15\0\0\xdd\x58\0\0\x09\x64\x05\0\x20\0\0\0\x96\
\x15\0\0\xfa\x58\0\0\x1f\x68\x05\0\x28\0\0\0\x96\x15\0\0\x20\x59\0\0\x03\x74\
\x05\0\x10\0\0\0\x71\x15\0\0\x1a\0\0\0\x30\0\0\0\xee\0\0\0\xaa\x39\0\0\0\0\0\0\
\xc0\0\0\0\xcf\0\0\0\xaa\x39\0\0\0\0\0\0\x60\x01\0\0\xcf\0\0\0\x80\x3b\0\0\0\0\
\0\0\xa8\x01\0\0\x2d\0\0\0\xb3\x3b\0\0\0\0\0\0\xf0\x01\0\0\x2e\0\0\0\xf5\x3b\0\
\0\0\0\0\0\x08\x02\0\0\x2d\0\0\0\xf9\x3b\0\0\0\0\0\0\x40\x03\0\0\xee\0\0\0\x66\
\x3d\0\0\0\0\0\0\x78\x03\0\0\xee\0\0\0\xbb\x3d\0\0\0\0\0\0\0\x04\0\0\xee\0\0\0\
\x66\x3d\0\0\0\0\0\0\x38\x04\0\0\xee\0\0\0\xbb\x3d\0\0\0\0\0\0\x80\x04\0\0\xee\
\0\0\0\x6b\x3e\0\0\0\0\0\0\xf8\x04\0\0\xee\0\0\0\xaf\x3e\0\0\0\0\0\0\x48\x05\0\
\0\xee\0\0\0\xe5\x3e\0\0\0\0\0\0\x98\x05\0\0\xee\0\0\0\xbb\x3d\0\0\0\0\0\0\x58\
\x06\0\0\xee\0\0\0\xa8\x3f\0\0\0\0\0\0\x98\x06\0\0\x4a\x01\0\0\xe7\x3f\0\0\0\0\
\0\0\x08\x07\0\0\x4a\x01\0\0\x26\x40\0\0\0\0\0\0\x50\x07\0\0\xee\0\0\0\x2c\x40\
\0\0\0\0\0\0\x88\x07\0\0\xeb\x01\0\0\x19\x45\0\0\0\0\0\0\xf0\x07\0\0\xeb\x01\0\
\0\x66\x45\0\0\0\0\0\0\xa0\x08\0\0\xcf\0\0\0\x80\x3b\0\0\0\0\0\0\xe0\x08\0\0\
\x2d\0\0\0\xb3\x3b\0\0\0\0\0\0\x28\x09\0\0\x2e\0\0\0\xe6\x46\0\0\0\0\0\0\x68\
\x09\0\0\x2e\0\0\0\x2e\x47\0\0\0\0\0\0\xa8\x09\0\0\x2e\0\0\0\x7c\x47\0\0\0\0\0\
\0\xd8\x09\0\0\x2e\0\0\0\x7c\x47\0\0\0\0\0\0\xd8\x47\0\0\x20\0\0\0\x78\0\0\0\
\xcf\0\0\0\xaa\x39\0\0\0\0\0\0\xb8\0\0\0\x2d\0\0\0\xb3\x3b\0\0\0\0\0\0\xf8\0\0\
\0\x2e\0\0\0\xf5\x3b\0\0\0\0\0\0\x08\x01\0\0\xcf\0\0\0\x80\x3b\0\0\0\0\0\0\x70\
\x01\0\0\x2d\0\0\0\xf9\x3b\0\0\0\0\0\0\xb8\x02\0\0\x2e\0\0\0\xf7\x49\0\0\0\0\0\
\0\xc8\x02\0\0\x2e\0\0\0\x2e\x47\0\0\0\0\0\0\xf0\x02\0\0\x2e\0\0\0\x7c\x47\0\0\
\0\0\0\0\x18\x03\0\0\x2e\0\0\0\x7c\x47\0\0\0\0\0\0\x38\x03\0\0\x2e\0\0\0\x71\
\x4a\0\0\0\0\0\0\x60\x03\0\0\x2e\0\0\0\x71\x4a\0\0\0\0\0\0\xa0\x03\0\0\x2e\0\0\
\0\xdc\x4a\0\0\0\0\0\0\xb0\x03\0\0\x2e\0\0\0\xe6\x46\0\0\0\0\0\0\x38\x07\0\0\
\xcf\0\0\0\xaa\x39\0\0\0\0\0\0\x70\x07\0\0\xcf\0\0\0\x80\x3b\0\0\0\0\0\0\xb0\
\x07\0\0\x2d\0\0\0\xb3\x3b\0\0\0\0\0\0\xf8\x07\0\0\x2e\0\0\0\xf5\x3b\0\0\0\0\0\
\0\x08\x08\0\0\x2d\0\0\0\xf9\x3b\0\0\0\0\0\0\x58\x09\0\0\xee\0\0\0\x66\x3d\0\0\
\0\0\0\0\x90\x09\0\0\xee\0\0\0\xbb\x3d\0\0\0\0\0\0\x18\x0a\0\0\xee\0\0\0\x66\
\x3d\0\0\0\0\0\0\x50\x0a\0\0\xee\0\0\0\xbb\x3d\0\0\0\0\0\0\x98\x0a\0\0\xee\0\0\
\0\x6b\x3e\0\0\0\0\0\0\x10\x0b\0\0\xee\0\0\0\xaf\x3e\0\0\0\0\0\0\x60\x0b\0\0\
\xee\0\0\0\xe5\x3e\0\0\0\0\0\0\xa8\x0b\0\0\xee\0\0\0\xbb\x3d\0\0\0\0\0\0\x68\
\x0c\0\0\xee\0\0\0\xa8\x3f\0\0\0\0\0\0\xa8\x0c\0\0\x4a\x01\0\0\xe7\x3f\0\0\0\0\
\0\0\x18\x0d\0\0\x4a\x01\0\0\x26\x40\0\0\0\0\0\0\x60\x0d\0\0\xee\0\0\0\x2c\x40\
\0\0\0\0\0\0\x98\x0d\0\0\xeb\x01\0\0\x19\x45\0\0\0\0\0\0\0\x0e\0\0\xeb\x01\0\0\
\x66\x45\0\0\0\0\0\0\x0a\x50\0\0\x20\0\0\0\x78\0\0\0\xcf\0\0\0\xaa\x39\0\0\0\0\
\0\0\xb8\0\0\0\x2d\0\0\0\xb3\x3b\0\0\0\0\0\0\xf8\0\0\0\x2e\0\0\0\xf5\x3b\0\0\0\
\0\0\0\x08\x01\0\0\xcf\0\0\0\x80\x3b\0\0\0\0\0\0\x70\x01\0\0\x2d\0\0\0\xf9\x3b\
\0\0\0\0\0\0\xb8\x02\0\0\x2e\0\0\0\xf7\x49\0\0\0\0\0\0\xc8\x02\0\0\x2e\0\0\0\
\x2e\x47\0\0\0\0\0\0\xf0\x02\0\0\x2e\0\0\0\x7c\x47\0\0\0\0\0\0\x18\x03\0\0\x2e\
\0\0\0\x7c\x47\0\0\0\0\0\0\x38\x03\0\0\x2e\0\0\0\x71\x4a\0\0\0\0\0\0\x60\x03\0\
\0\x2e\0\0\0\x71\x4a\0\0\0\0\0\0\xa0\x03\0\0\x2e\0\0\0\xdc\x4a\0\0\0\0\0\0\xb0\
\x03\0\0\x2e\0\0\0\xe6\x46\0\0\0\0\0\0\x38\x07\0\0\xcf\0\0\0\xaa\x39\0\0\0\0\0\
\0\x70\x07\0\0\xcf\0\0\0\x80\x3b\0\0\0\0\0\0\xb0\x07\0\0\x2d\0\0\0\xb3\x3b\0\0\
\0\0\0\0\xf8\x07\0\0\x2e\0\0\0\xf5\x3b\0\0\0\0\0\0\x08\x08\0\0\x2d\0\0\0\xf9\
\x3b\0\0\0\0\0\0\x58\x09\0\0\xee\0\0\0\x66\x3d\0\0\0\0\0\0\x90\x09\0\0\xee\0\0\
\0\xbb\x3d\0\0\0\0\0\0\x18\x0a\0\0\xee\0\0\0\x66\x3d\0\0\0\0\0\0\x50\x0a\0\0\
\xee\0\0\0\xbb\x3d\0\0\0\0\0\0\x98\x0a\0\0\xee\0\0\0\x6b\x3e\0\0\0\0\0\0\x10\
\x0b\0\0\xee\0\0\0\xaf\x3e\0\0\0\0\0\0\x60\x0b\0\0\xee\0\0\0\xe5\x3e\0\0\0\0\0\
\0\xa8\x0b\0\0\xee\0\0\0\xbb\x3d\0\0\0\0\0\0\x68\x0c\0\0\xee\0\0\0\xa8\x3f\0\0\
\0\0\0\0\xa8\x0c\0\0\x4a\x01\0\0\xe7\x3f\0\0\0\0\0\0\x18\x0d\0\0\x4a\x01\0\0\
\x26\x40\0\0\0\0\0\0\x60\x0d\0\0\xee\0\0\0\x2c\x40\0\0\0\0\0\0\x98\x0d\0\0\xeb\
\x01\0\0\x19\x45\0\0\0\0\0\0\0\x0e\0\0\xeb\x01\0\0\x66\x45\0\0\0\0\0\0\xad\x50\
\0\0\x20\0\0\0\x68\0\0\0\xcf\0\0\0\xaa\x39\0\0\0\0\0\0\xa8\0\0\0\x2d\0\0\0\xb3\
\x3b\0\0\0\0\0\0\xe8\0\0\0\x2e\0\0\0\xf5\x3b\0\0\0\0\0\0\xf8\0\0\0\xcf\0\0\0\
\x80\x3b\0\0\0\0\0\0\x60\x01\0\0\x2d\0\0\0\xf9\x3b\0\0\0\0\0\0\xb0\x02\0\0\x2e\
\0\0\0\xf7\x49\0\0\0\0\0\0\xc0\x02\0\0\x2e\0\0\0\x2e\x47\0\0\0\0\0\0\xe8\x02\0\
\0\x2e\0\0\0\x7c\x47\0\0\0\0\0\0\x10\x03\0\0\x2e\0\0\0\x7c\x47\0\0\0\0\0\0\x30\
\x03\0\0\x2e\0\0\0\x71\x4a\0\0\0\0\0\0\x58\x03\0\0\x2e\0\0\0\x71\x4a\0\0\0\0\0\
\0\x98\x03\0\0\x2e\0\0\0\xdc\x4a\0\0\0\0\0\0\xa8\x03\0\0\x2e\0\0\0\xe6\x46\0\0\
\0\0\0\0\x20\x07\0\0\xcf\0\0\0\xaa\x39\0\0\0\0\0\0\x58\x07\0\0\xcf\0\0\0\x80\
\x3b\0\0\0\0\0\0\x98\x07\0\0\x2d\0\0\0\xb3\x3b\0\0\0\0\0\0\xe0\x07\0\0\x2e\0\0\
\0\xf5\x3b\0\0\0\0\0\0\xf0\x07\0\0\x2d\0\0\0\xf9\x3b\0\0\0\0\0\0\x40\x09\0\0\
\xee\0\0\0\x66\x3d\0\0\0\0\0\0\x78\x09\0\0\xee\0\0\0\xbb\x3d\0\0\0\0\0\0\0\x0a\
\0\0\xee\0\0\0\x66\x3d\0\0\0\0\0\0\x38\x0a\0\0\xee\0\0\0\xbb\x3d\0\0\0\0\0\0\
\x80\x0a\0\0\xee\0\0\0\x6b\x3e\0\0\0\0\0\0\xf8\x0a\0\0\xee\0\0\0\xaf\x3e\0\0\0\
\0\0\0\x48\x0b\0\0\xee\0\0\0\xe5\x3e\0\0\0\0\0\0\x90\x0b\0\0\xee\0\0\0\xbb\x3d\
\0\0\0\0\0\0\x50\x0c\0\0\xee\0\0\0\xa8\x3f\0\0\0\0\0\0\x90\x0c\0\0\x4a\x01\0\0\
\xe7\x3f\0\0\0\0\0\0\0\x0d\0\0\x4a\x01\0\0\x26\x40\0\0\0\0\0\0\x48\x0d\0\0\xee\
\0\0\0\x2c\x40\0\0\0\0\0\0\x80\x0d\0\0\xeb\x01\0\0\x19\x45\0\0\0\0\0\0\xe8\x0d\
\0\0\xeb\x01\0\0\x66\x45\0\0\0\0\0\0\xa1\x51\0\0\x20\0\0\0\x68\0\0\0\xcf\0\0\0\
\xaa\x39\0\0\0\0\0\0\xa8\0\0\0\x2d\0\0\0\xb3\x3b\0\0\0\0\0\0\xe8\0\0\0\x2e\0\0\
\0\xf5\x3b\0\0\0\0\0\0\xf8\0\0\0\xcf\0\0\0\x80\x3b\0\0\0\0\0\0\x60\x01\0\0\x2d\
\0\0\0\xf9\x3b\0\0\0\0\0\0\xb0\x02\0\0\x2e\0\0\0\xf7\x49\0\0\0\0\0\0\xc0\x02\0\
\0\x2e\0\0\0\x2e\x47\0\0\0\0\0\0\xe8\x02\0\0\x2e\0\0\0\x7c\x47\0\0\0\0\0\0\x10\
\x03\0\0\x2e\0\0\0\x7c\x47\0\0\0\0\0\0\x30\x03\0\0\x2e\0\0\0\x71\x4a\0\0\0\0\0\
\0\x58\x03\0\0\x2e\0\0\0\x71\x4a\0\0\0\0\0\0\x98\x03\0\0\x2e\0\0\0\xdc\x4a\0\0\
\0\0\0\0\xa8\x03\0\0\x2e\0\0\0\xe6\x46\0\0\0\0\0\0\x18\x07\0\0\xcf\0\0\0\xaa\
\x39\0\0\0\0\0\0\x50\x07\0\0\xcf\0\0\0\x80\x3b\0\0\0\0\0\0\x90\x07\0\0\x2d\0\0\
\0\xb3\x3b\0\0\0\0\0\0\xd8\x07\0\0\x2e\0\0\0\xf5\x3b\0\0\0\0\0\0\xe8\x07\0\0\
\x2d\0\0\0\xf9\x3b\0\0\0\0\0\0\x38\x09\0\0\xee\0\0\0\x66\x3d\0\0\0\0\0\0\x70\
\x09\0\0\xee\0\0\0\xbb\x3d\0\0\0\0\0\0\xf8\x09\0\0\xee\0\0\0\x66\x3d\0\0\0\0\0\
\0\x30\x0a\0\0\xee\0\0\0\xbb\x3d\0\0\0\0\0\0\x78\x0a\0\0\xee\0\0\0\x6b\x3e\0\0\
\0\0\0\0\xf0\x0a\0\0\xee\0\0\0\xaf\x3e\0\0\0\0\0\0\x40\x0b\0\0\xee\0\0\0\xe5\
\x3e\0\0\0\0\0\0\x88\x0b\0\0\xee\0\0\0\xbb\x3d\0\0\0\0\0\0\x48\x0c\0\0\xee\0\0\
\0\xa8\x3f\0\0\0\0\0\0\x88\x0c\0\0\x4a\x01\0\0\xe7\x3f\0\0\0\0\0\0\xf8\x0c\0\0\
\x4a\x01\0\0\x26\x40\0\0\0\0\0\0\x40\x0d\0\0\xee\0\0\0\x2c\x40\0\0\0\0\0\0\x78\
\x0d\0\0\xeb\x01\0\0\x19\x45\0\0\0\0\0\0\xe0\x0d\0\0\xeb\x01\0\0\x66\x45\0\0\0\
\0\0\0\0\0\0\0\0\0\0\0\0\0\0\0\0\0\0\0\0\0\0\0\0\0\0\0\0\0\0\0\0\0\0\0\x03\0\
\x02\0\0\0\0\0\0\0\0\0\0\0\0\0\0\0\0\0\0\0\0\0\x03\0\x03\0\0\0\0\0\0\0\0\0\0\0\
\0\0\0\0\0\0\x87\x07\0\0\0\0\x03\0\x18\x0a\0\0\0\0\0\0\0\0\0\0\0\0\0\0\x80\x04\
\0\0\0\0\x03\0\x80\x02\0\0\0\0\0\0\0\0\0\0\0\0\0\0\x98\x06\0\0\0\0\x03\0\xd8\
\x02\0\0\0\0\0\0\0\0\0\0\0\0\0\0\x3f\x07\0\0\0\0\x03\0\x30\x03\0\0\0\0\0\0\0\0\
\0\0\0\0\0\0\x17\x03\0\0\0\0\x03\0\x90\x02\0\0\0\0\0\0\0\0\0\0\0\0\0\0\x9e\x03\
\0\0\0\0\x03\0\xc8\x02\0\0\0\0\0\0\0\0\0\0\0\0\0\0\xfd\x03\0\0\0\0\x03\0\x18\
\x03\0\0\0\0\0\0\0\0\0\0\0\0\0\0\x4f\x07\0\0\0\0\x03\0\xa8\x02\0\0\0\0\0\0\0\0\
\0\0\0\0\0\0\x76\x05\0\0\0\0\x03\0\xe8\x02\0\0\0\0\0\0\0\0\0\0\0\0\0\0\x8f\x07\
\0\0\0\0\x03\0\x28\x03\0\0\0\0\0\0\0\0\0\0\0\0\0\0\x37\x07\0\0\0\0\x03\0\x28\
\x0a\0\0\0\0\0\0\0\0\0\0\0\0\0\0\x70\x06\0\0\0\0\x03\0\xf8\x03\0\0\0\0\0\0\0\0\
\0\0\0\0\0\0\xe7\x06\0\0\0\0\x03\0\xc8\x03\0\0\0\0\0\0\0\0\0\0\0\0\0\0\x66\x05\
\0\0\0\0\x03\0\xf8\x04\0\0\0\0\0\0\0\0\0\0\0\0\0\0\x69\x04\0\0\0\0\x03\0\x50\
\x08\0\0\0\0\0\0\0\0\0\0\0\0\0\0\x6e\x03\0\0\0\0\x03\0\xa0\x08\0\0\0\0\0\0\0\0\
\0\0\0\0\0\0\0\0\0\0\x03\0\x05\0\0\0\0\0\0\0\0\0\0\0\0\0\0\0\0\0\x5e\x05\0\0\0\
\0\x05\0\x10\x04\0\0\0\0\0\0\0\0\0\0\0\0\0\0\x93\x05\0\0\0\0\x05\0\xe0\x01\0\0\
\0\0\0\0\0\0\0\0\0\0\0\0\x1a\x04\0\0\0\0\x05\0\x38\x02\0\0\0\0\0\0\0\0\0\0\0\0\
\0\0\x96\x03\0\0\0\0\x05\0\x90\x02\0\0\0\0\0\0\0\0\0\0\0\0\0\0\xea\x05\0\0\0\0\
\x05\0\xf0\x01\0\0\0\0\0\0\0\0\0\0\0\0\0\0\x90\x06\0\0\0\0\x05\0\x28\x02\0\0\0\
\0\0\0\0\0\0\0\0\0\0\0\x0f\x07\0\0\0\0\x05\0\x78\x02\0\0\0\0\0\0\0\0\0\0\0\0\0\
\0\xff\x04\0\0\0\0\x05\0\x08\x02\0\0\0\0\0\0\0\0\0\0\0\0\0\0\x10\x03\0\0\0\0\
\x05\0\x48\x02\0\0\0\0\0\0\0\0\0\0\0\0\0\0\xf5\x03\0\0\0\0\x05\0\x88\x02\0\0\0\
\0\0\0\0\0\0\0\0\0\0\0\xbd\x03\0\0\0\0\x05\0\x80\x12\0\0\0\0\0\0\0\0\0\0\0\0\0\
\0\xdf\x06\0\0\0\0\x05\0\xe0\x02\0\0\0\0\0\0\0\0\0\0\0\0\0\0\x68\x06\0\0\0\0\
\x05\0\x90\x03\0\0\0\0\0\0\0\0\0\0\0\0\0\0\xdf\x04\0\0\0\0\x05\0\x20\x04\0\0\0\
\0\0\0\0\0\0\0\0\0\0\0\x7f\x07\0\0\0\0\x05\0\x80\x08\0\0\0\0\0\0\0\0\0\0\0\0\0\
\0\x59\x04\0\0\0\0\x05\0\xd8\x08\0\0\0\0\0\0\0\0\0\0\0\0\0\0\x26\x05\0\0\0\0\
\x05\0\x30\x09\0\0\0\0\0\0\0\0\0\0\0\0\0\0\x48\x06\0\0\0\0\x05\0\x90\x08\0\0\0\
\0\0\0\0\0\0\0\0\0\0\0\x30\x06\0\0\0\0\x05\0\xc8\x08\0\0\0\0\0\0\0\0\0\0\0\0\0\
\0\xbf\x06\0\0\0\0\x05\0\x18\x09\0\0\0\0\0\0\0\0\0\0\0\0\0\0\x3e\x05\0\0\0\0\
\x05\0\xa8\x08\0\0\0\0\0\0\0\0\0\0\0\0\0\0\x66\x03\0\0\0\0\x05\0\xe8\x08\0\0\0\
\0\0\0\0\0\0\0\0\0\0\0\xba\x05\0\0\0\0\x05\0\x28\x09\0\0\0\0\0\0\0\0\0\0\0\0\0\
\0\x36\x03\0\0\0\0\x05\0\x90\x12\0\0\0\0\0\0\0\0\0\0\0\0\0\0\x41\x04\0\0\0\0\
\x05\0\x10\x0a\0\0\0\0\0\0\0\0\0\0\0\0\0\0\xb7\x04\0\0\0\0\x05\0\xe0\x09\0\0\0\
\0\0\0\0\0\0\0\0\0\0\0\x4e\x03\0\0\0\0\x05\0\x10\x0b\0\0\0\0\0\0\0\0\0\0\0\0\0\
\0\x27\x07\0\0\0\0\x05\0\x60\x0e\0\0\0\0\0\0\0\0\0\0\0\0\0\0\x10\x06\0\0\0\0\
\x05\0\xa8\x0e\0\0\0\0\0\0\0\0\0\0\0\0\0\0\x97\x04\0\0\0\0\x05\0\x58\x10\0\0\0\
\0\0\0\0\0\0\0\0\0\0\0\x14\0\0\0\x01\0\x11\0\0\0\0\0\0\0\0\0\x56\0\0\0\0\0\0\0\
\0\0\0\0\x03\0\x07\0\0\0\0\0\0\0\0\0\0\0\0\0\0\0\0\0\x56\x05\0\0\0\0\x07\0\x10\
\x04\0\0\0\0\0\0\0\0\0\0\0\0\0\0\x8c\x05\0\0\0\0\x07\0\xe0\x01\0\0\0\0\0\0\0\0\
\0\0\0\0\0\0\x13\x04\0\0\0\0\x07\0\x38\x02\0\0\0\0\0\0\0\0\0\0\0\0\0\0\x8e\x03\
\0\0\0\0\x07\0\x90\x02\0\0\0\0\0\0\0\0\0\0\0\0\0\0\xe2\x05\0\0\0\0\x07\0\xf0\
\x01\0\0\0\0\0\0\0\0\0\0\0\0\0\0\x88\x06\0\0\0\0\x07\0\x28\x02\0\0\0\0\0\0\0\0\
\0\0\0\0\0\0\x07\x07\0\0\0\0\x07\0\x78\x02\0\0\0\0\0\0\0\0\0\0\0\0\0\0\xf7\x04\
\0\0\0\0\x07\0\x08\x02\0\0\0\0\0\0\0\0\0\0\0\0\0\0\x09\x03\0\0\0\0\x07\0\x48\
\x02\0\0\0\0\0\0\0\0\0\0\0\0\0\0\xed\x03\0\0\0\0\x07\0\x88\x02\0\0\0\0\0\0\0\0\
\0\0\0\0\0\0\xb5\x03\0\0\0\0\x07\0\x80\x12\0\0\0\0\0\0\0\0\0\0\0\0\0\0\xd7\x06\
\0\0\0\0\x07\0\xe0\x02\0\0\0\0\0\0\0\0\0\0\0\0\0\0\x60\x06\0\0\0\0\x07\0\x90\
\x03\0\0\0\0\0\0\0\0\0\0\0\0\0\0\xd7\x04\0\0\0\0\x07\0\x20\x04\0\0\0\0\0\0\0\0\
\0\0\0\0\0\0\x77\x07\0\0\0\0\x07\0\x80\x08\0\0\0\0\0\0\0\0\0\0\0\0\0\0\x51\x04\
\0\0\0\0\x07\0\xd8\x08\0\0\0\0\0\0\0\0\0\0\0\0\0\0\x1e\x05\0\0\0\0\x07\0\x30\
\x09\0\0\0\0\0\0\0\0\0\0\0\0\0\0\x40\x06\0\0\0\0\x07\0\x90\x08\0\0\0\0\0\0\0\0\
\0\0\0\0\0\0\x28\x06\0\0\0\0\x07\0\xc8\x08\0\0\0\0\0\0\0\0\0\0\0\0\0\0\xb7\x06\
\0\0\0\0\x07\0\x18\x09\0\0\0\0\0\0\0\0\0\0\0\0\0\0\x36\x05\0\0\0\0\x07\0\xa8\
\x08\0\0\0\0\0\0\0\0\0\0\0\0\0\0\x5e\x03\0\0\0\0\x07\0\xe8\x08\0\0\0\0\0\0\0\0\
\0\0\0\0\0\0\xb2\x05\0\0\0\0\x07\0\x28\x09\0\0\0\0\0\0\0\0\0\0\0\0\0\0\x2e\x03\
\0\0\0\0\x07\0\x90\x12\0\0\0\0\0\0\0\0\0\0\0\0\0\0\x39\x04\0\0\0\0\x07\0\x10\
\x0a\0\0\0\0\0\0\0\0\0\0\0\0\0\0\xaf\x04\0\0\0\0\x07\0\xe0\x09\0\0\0\0\0\0\0\0\
\0\0\0\0\0\0\x46\x03\0\0\0\0\x07\0\x10\x0b\0\0\0\0\0\0\0\0\0\0\0\0\0\0\x1f\x07\
\0\0\0\0\x07\0\x60\x0e\0\0\0\0\0\0\0\0\0\0\0\0\0\0\x08\x06\0\0\0\0\x07\0\xa8\
\x0e\0\0\0\0\0\0\0\0\0\0\0\0\0\0\x8f\x04\0\0\0\0\x07\0\x58\x10\0\0\0\0\0\0\0\0\
\0\0\0\0\0\0\0\0\0\0\x03\0\x09\0\0\0\0\0\0\0\0\0\0\0\0\0\0\0\0\0\xcf\x04\0\0\0\
\0\x09\0\x08\x04\0\0\0\0\0\0\0\0\0\0\0\0\0\0\x85\x05\0\0\0\0\x09\0\xd8\x01\0\0\
\0\0\0\0\0\0\0\0\0\0\0\0\x0c\x04\0\0\0\0\x09\0\x30\x02\0\0\0\0\0\0\0\0\0\0\0\0\
\0\0\x86\x03\0\0\0\0\x09\0\x88\x02\0\0\0\0\0\0\0\0\0\0\0\0\0\0\xda\x05\0\0\0\0\
\x09\0\xe8\x01\0\0\0\0\0\0\0\0\0\0\0\0\0\0\x80\x06\0\0\0\0\x09\0\x20\x02\0\0\0\
\0\0\0\0\0\0\0\0\0\0\0\xff\x06\0\0\0\0\x09\0\x70\x02\0\0\0\0\0\0\0\0\0\0\0\0\0\
\0\xef\x04\0\0\0\0\x09\0\0\x02\0\0\0\0\0\0\0\0\0\0\0\0\0\0\x02\x03\0\0\0\0\x09\
\0\x40\x02\0\0\0\0\0\0\0\0\0\0\0\0\0\0\xe5\x03\0\0\0\0\x09\0\x80\x02\0\0\0\0\0\
\0\0\0\0\0\0\0\0\0\x26\x03\0\0\0\0\x09\0\x60\x12\0\0\0\0\0\0\0\0\0\0\0\0\0\0\
\xcf\x06\0\0\0\0\x09\0\xd8\x02\0\0\0\0\0\0\0\0\0\0\0\0\0\0\x58\x06\0\0\0\0\x09\
\0\x88\x03\0\0\0\0\0\0\0\0\0\0\0\0\0\0\x61\x04\0\0\0\0\x09\0\x18\x04\0\0\0\0\0\
\0\0\0\0\0\0\0\0\0\x30\0\0\0\x01\0\x11\0\x56\0\0\0\0\0\0\0\x47\0\0\0\0\0\0\0\
\x4e\x05\0\0\0\0\x09\0\0\x04\0\0\0\0\0\0\0\0\0\0\0\0\0\0\x2f\x07\0\0\0\0\x09\0\
\x68\x08\0\0\0\0\0\0\0\0\0\0\0\0\0\0\xcd\x03\0\0\0\0\x09\0\xc0\x08\0\0\0\0\0\0\
\0\0\0\0\0\0\0\0\xa7\x04\0\0\0\0\x09\0\x18\x09\0\0\0\0\0\0\0\0\0\0\0\0\0\0\xc2\
\x05\0\0\0\0\x09\0\x78\x08\0\0\0\0\0\0\0\0\0\0\0\0\0\0\xaa\x05\0\0\0\0\x09\0\
\xb0\x08\0\0\0\0\0\0\0\0\0\0\0\0\0\0\x20\x06\0\0\0\0\x09\0\0\x09\0\0\0\0\0\0\0\
\0\0\0\0\0\0\0\xbf\x04\0\0\0\0\x09\0\x90\x08\0\0\0\0\0\0\0\0\0\0\0\0\0\0\x67\
\x07\0\0\0\0\x09\0\xd0\x08\0\0\0\0\0\0\0\0\0\0\0\0\0\0\x16\x05\0\0\0\0\x09\0\
\x10\x09\0\0\0\0\0\0\0\0\0\0\0\0\0\0\x57\x07\0\0\0\0\x09\0\x70\x12\0\0\0\0\0\0\
\0\0\0\0\0\0\0\0\xc5\x03\0\0\0\0\x09\0\xf8\x09\0\0\0\0\0\0\0\0\0\0\0\0\0\0\x31\
\x04\0\0\0\0\x09\0\xc8\x09\0\0\0\0\0\0\0\0\0\0\0\0\0\0\x5f\x07\0\0\0\0\x09\0\
\xf8\x0a\0\0\0\0\0\0\0\0\0\0\0\0\0\0\xa7\x06\0\0\0\0\x09\0\x48\x0e\0\0\0\0\0\0\
\0\0\0\0\0\0\0\0\x9a\x05\0\0\0\0\x09\0\x90\x0e\0\0\0\0\0\0\0\0\0\0\0\0\0\0\x21\
\x04\0\0\0\0\x09\0\x40\x10\0\0\0\0\0\0\0\0\0\0\0\0\0\0\0\0\0\0\x03\0\x0b\0\0\0\
\0\0\0\0\0\0\0\0\0\0\0\0\0\0\x46\x05\0\0\0\0\x0b\0\xf8\x03\0\0\0\0\0\0\0\0\0\0\
\0\0\0\0\x7e\x05\0\0\0\0\x0b\0\xd8\x01\0\0\0\0\0\0\0\0\0\0\0\0\0\0\x05\x04\0\0\
\0\0\x0b\0\x30\x02\0\0\0\0\0\0\0\0\0\0\0\0\0\0\x7e\x03\0\0\0\0\x0b\0\x88\x02\0\
\0\0\0\0\0\0\0\0\0\0\0\0\0\xd2\x05\0\0\0\0\x0b\0\xe8\x01\0\0\0\0\0\0\0\0\0\0\0\
\0\0\0\x78\x06\0\0\0\0\x0b\0\x20\x02\0\0\0\0\0\0\0\0\0\0\0\0\0\0\xf7\x06\0\0\0\
\0\x0b\0\x70\x02\0\0\0\0\0\0\0\0\0\0\0\0\0\0\xe7\x04\0\0\0\0\x0b\0\0\x02\0\0\0\
\0\0\0\0\0\0\0\0\0\0\0\xfb\x02\0\0\0\0\x0b\0\x40\x02\0\0\0\0\0\0\0\0\0\0\0\0\0\
\0\xdd\x03\0\0\0\0\x0b\0\x80\x02\0\0\0\0\0\0\0\0\0\0\0\0\0\0\xad\x03\0\0\0\0\
\x0b\0\x60\x12\0\0\0\0\0\0\0\0\0\0\0\0\0\0\xc7\x06\0\0\0\0\x0b\0\xd8\x02\0\0\0\
\0\0\0\0\0\0\0\0\0\0\0\x50\x06\0\0\0\0\x0b\0\x88\x03\0\0\0\0\0\0\0\0\0\0\0\0\0\
\0\xc7\x04\0\0\0\0\x0b\0\x08\x04\0\0\0\0\0\0\0\0\0\0\0\0\0\0\x6f\x07\0\0\0\0\
\x0b\0\x60\x08\0\0\0\0\0\0\0\0\0\0\0\0\0\0\x49\x04\0\0\0\0\x0b\0\xb8\x08\0\0\0\
\0\0\0\0\0\0\0\0\0\0\0\x0e\x05\0\0\0\0\x0b\0\x10\x09\0\0\0\0\0\0\0\0\0\0\0\0\0\
\0\x38\x06\0\0\0\0\x0b\0\x70\x08\0\0\0\0\0\0\0\0\0\0\0\0\0\0\x18\x06\0\0\0\0\
\x0b\0\xa8\x08\0\0\0\0\0\0\0\0\0\0\0\0\0\0\xaf\x06\0\0\0\0\x0b\0\xf8\x08\0\0\0\
\0\0\0\0\0\0\0\0\0\0\0\x2e\x05\0\0\0\0\x0b\0\x88\x08\0\0\0\0\0\0\0\0\0\0\0\0\0\
\0\x56\x03\0\0\0\0\x0b\0\xc8\x08\0\0\0\0\0\0\0\0\0\0\0\0\0\0\xa2\x05\0\0\0\0\
\x0b\0\x08\x09\0\0\0\0\0\0\0\0\0\0\0\0\0\0\x1e\x03\0\0\0\0\x0b\0\x70\x12\0\0\0\
\0\0\0\0\0\0\0\0\0\0\0\x29\x04\0\0\0\0\x0b\0\xf0\x09\0\0\0\0\0\0\0\0\0\0\0\0\0\
\0\x9f\x04\0\0\0\0\x0b\0\xc0\x09\0\0\0\0\0\0\0\0\0\0\0\0\0\0\x3e\x03\0\0\0\0\
\x0b\0\xf0\x0a\0\0\0\0\0\0\0\0\0\0\0\0\0\0\x17\x07\0\0\0\0\x0b\0\x40\x0e\0\0\0\
\0\0\0\0\0\0\0\0\0\0\0\0\x06\0\0\0\0\x0b\0\x88\x0e\0\0\0\0\0\0\0\0\0\0\0\0\0\0\
\x87\x04\0\0\0\0\x0b\0\x38\x10\0\0\0\0\0\0\0\0\0\0\0\0\0\0\0\0\0\0\x03\0\x0d\0\
\0\0\0\0\0\0\0\0\0\0\0\0\0\0\0\0\xa0\x06\0\0\0\0\x0d\0\x70\0\0\0\0\0\0\0\0\0\0\
\0\0\0\0\0\xf9\x05\0\0\0\0\x0d\0\xb8\0\0\0\0\0\0\0\0\0\0\0\0\0\0\0\xdf\x01\0\0\
\x02\0\x02\0\0\0\0\0\0\0\0\0\x38\0\0\0\0\0\0\0\x76\x03\0\0\0\0\x0d\0\xa0\x07\0\
\0\0\0\0\0\0\0\0\0\0\0\0\0\x07\x05\0\0\0\0\x0d\0\x08\x02\0\0\0\0\0\0\0\0\0\0\0\
\0\0\0\x59\0\0\0\x01\0\x11\0\x9d\0\0\0\0\0\0\0\x30\0\0\0\0\0\0\0\x79\x04\0\0\0\
\0\x0d\0\x18\x02\0\0\0\0\0\0\0\0\0\0\0\0\0\0\xa6\x03\0\0\0\0\x0d\0\x50\x03\0\0\
\0\0\0\0\0\0\0\0\0\0\0\0\xf4\x02\0\0\0\0\x0d\0\x70\x03\0\0\0\0\0\0\0\0\0\0\0\0\
\0\0\x47\x07\0\0\0\0\x0d\0\xa8\x04\0\0\0\0\0\0\0\0\0\0\0\0\0\0\xef\x06\0\0\0\0\
\x0d\0\xc8\x04\0\0\0\0\0\0\0\0\0\0\0\0\0\0\xca\x05\0\0\0\0\x0d\0\0\x06\0\0\0\0\
\0\0\0\0\0\0\0\0\0\0\x6e\x05\0\0\0\0\x0d\0\x20\x06\0\0\0\0\0\0\0\0\0\0\0\0\0\0\
\x71\x04\0\0\0\0\x0d\0\x58\x07\0\0\0\0\0\0\0\0\0\0\0\0\0\0\xd5\x03\0\0\0\0\x0d\
\0\x78\x07\0\0\0\0\0\0\0\0\0\0\0\0\0\0\xf2\x05\0\0\0\0\x02\0\x28\0\0\0\0\0\0\0\
\0\0\0\0\0\0\0\0\0\0\0\0\x03\0\x11\0\0\0\0\0\0\0\0\0\0\0\0\0\0\0\0\0\x9a\x02\0\
\0\x12\0\x03\0\0\0\0\0\0\0\0\0\x38\x0a\0\0\0\0\0\0\xc8\x02\0\0\x11\0\x10\0\0\0\
\0\0\0\0\0\0\x10\0\0\0\0\0\0\0\xbb\x01\0\0\x12\0\x05\0\0\0\0\0\0\0\0\0\xa0\x12\
\0\0\0\0\0\0\x5b\x02\0\0\x11\0\x10\0\x10\0\0\0\0\0\0\0\x20\0\0\0\0\0\0\0\x7d\
\x02\0\0\x11\0\x10\0\x70\0\0\0\0\0\0\0\x20\0\0\0\0\0\0\0\x71\x02\0\0\x11\0\x10\
\0\x50\0\0\0\0\0\0\0\x20\0\0\0\0\0\0\0\xfb\x01\0\0\x11\0\x10\0\x30\0\0\0\0\0\0\
\0\x20\0\0\0\0\0\0\0\x73\x01\0\0\x12\0\x07\0\0\0\0\0\0\0\0\0\xa0\x12\0\0\0\0\0\
\0\xad\0\0\0\x12\0\x09\0\0\0\0\0\0\0\0\0\x80\x12\0\0\0\0\0\0\xfb\0\0\0\x12\0\
\x0b\0\0\0\0\0\0\0\0\0\x80\x12\0\0\0\0\0\0\x3c\x02\0\0\x12\0\x0d\0\0\0\0\0\0\0\
\0\0\xb0\x07\0\0\0\0\0\0\xec\x02\0\0\x11\0\x0f\0\0\0\0\0\0\0\0\0\x0d\0\0\0\0\0\
\0\0\x80\0\0\0\0\0\0\0\x01\0\0\0\xa5\0\0\0\xd0\x03\0\0\0\0\0\0\x01\0\0\0\xa7\0\
\0\0\x80\x04\0\0\0\0\0\0\x01\0\0\0\xa7\0\0\0\xb0\x04\0\0\0\0\0\0\x01\0\0\0\xa8\
\0\0\0\xc0\x0e\0\0\0\0\0\0\x01\0\0\0\xa9\0\0\0\xf8\x0e\0\0\0\0\0\0\x01\0\0\0\
\xaa\0\0\0\x28\x12\0\0\0\0\0\0\x01\0\0\0\xaa\0\0\0\x58\x12\0\0\0\0\0\0\x01\0\0\
\0\xa3\0\0\0\xd0\x03\0\0\0\0\0\0\x01\0\0\0\xa7\0\0\0\x80\x04\0\0\0\0\0\0\x01\0\
\0\0\xa7\0\0\0\xb0\x04\0\0\0\0\0\0\x01\0\0\0\xa8\0\0\0\xc0\x0e\0\0\0\0\0\0\x01\
\0\0\0\xa9\0\0\0\xf8\x0e\0\0\0\0\0\0\x01\0\0\0\xaa\0\0\0\x28\x12\0\0\0\0\0\0\
\x01\0\0\0\xaa\0\0\0\x58\x12\0\0\0\0\0\0\x01\0\0\0\xa3\0\0\0\xc8\x03\0\0\0\0\0\
\0\x01\0\0\0\xa7\0\0\0\xe8\x03\0\0\0\0\0\0\x01\0\0\0\xa3\0\0\0\x68\x04\0\0\0\0\
\0\0\x01\0\0\0\xa7\0\0\0\x98\x04\0\0\0\0\0\0\x01\0\0\0\xa8\0\0\0\xa8\x0e\0\0\0\
\0\0\0\x01\0\0\0\xa9\0\0\0\xe0\x0e\0\0\0\0\0\0\x01\0\0\0\xaa\0\0\0\x10\x12\0\0\
\0\0\0\0\x01\0\0\0\xaa\0\0\0\x40\x12\0\0\0\0\0\0\x01\0\0\0\xa3\0\0\0\xc8\x03\0\
\0\0\0\0\0\x01\0\0\0\xa7\0\0\0\x60\x04\0\0\0\0\0\0\x01\0\0\0\xa7\0\0\0\x90\x04\
\0\0\0\0\0\0\x01\0\0\0\xa8\0\0\0\xa0\x0e\0\0\0\0\0\0\x01\0\0\0\xa9\0\0\0\xd8\
\x0e\0\0\0\0\0\0\x01\0\0\0\xaa\0\0\0\x08\x12\0\0\0\0\0\0\x01\0\0\0\xaa\0\0\0\
\x38\x12\0\0\0\0\0\0\x01\0\0\0\xa3\0\0\0\x20\0\0\0\0\0\0\0\x01\0\0\0\xaa\0\0\0\
\x80\0\0\0\0\0\0\0\x01\0\0\0\xa7\0\0\0\x90\0\0\0\0\0\0\0\x01\0\0\0\x01\0\0\0\
\xc0\x01\0\0\0\0\0\0\x01\0\0\0\xa7\0\0\0\xe0\x01\0\0\0\0\0\0\x01\0\0\0\xa3\0\0\
\0\x18\x03\0\0\0\0\0\0\x01\0\0\0\xa7\0\0\0\x50\x03\0\0\0\0\0\0\x01\0\0\0\xa3\0\
\0\0\x70\x04\0\0\0\0\0\0\x01\0\0\0\xa7\0\0\0\xa8\x04\0\0\0\0\0\0\x01\0\0\0\xa3\
\0\0\0\xc8\x05\0\0\0\0\0\0\x01\0\0\0\xa7\0\0\0\0\x06\0\0\0\0\0\0\x01\0\0\0\xa3\
\0\0\0\x20\x07\0\0\0\0\0\0\x01\0\0\0\xa7\0\0\0\x58\x07\0\0\0\0\0\0\x01\0\0\0\
\xa3\0\0\0\x88\x07\0\0\0\0\0\0\x01\0\0\0\xaa\0\0\0\x88\x61\0\0\0\0\0\0\x04\0\0\
\0\xa5\0\0\0\x94\x61\0\0\0\0\0\0\x04\0\0\0\xa7\0\0\0\xa0\x61\0\0\0\0\0\0\x04\0\
\0\0\xaa\0\0\0\xac\x61\0\0\0\0\0\0\x04\0\0\0\xa9\0\0\0\xb8\x61\0\0\0\0\0\0\x04\
\0\0\0\xa8\0\0\0\xd0\x61\0\0\0\0\0\0\x03\0\0\0\xa3\0\0\0\xdc\x61\0\0\0\0\0\0\
\x03\0\0\0\xa3\0\0\0\xe8\x61\0\0\0\0\0\0\x03\0\0\0\xa3\0\0\0\0\x62\0\0\0\0\0\0\
\x03\0\0\0\xaf\0\0\0\x2c\0\0\0\0\0\0\0\x04\0\0\0\x02\0\0\0\x3c\0\0\0\0\0\0\0\
\x04\0\0\0\x13\0\0\0\x4c\0\0\0\0\0\0\0\x04\0\0\0\x33\0\0\0\x5c\0\0\0\0\0\0\0\
\x04\0\0\0\x52\0\0\0\x6c\0\0\0\0\0\0\0\x04\0\0\0\x73\0\0\0\x7c\0\0\0\0\0\0\0\
\x04\0\0\0\x92\0\0\0\x8c\0\0\0\0\0\0\0\x04\0\0\0\x01\0\0\0\xa0\0\0\0\0\0\0\0\
\x04\0\0\0\x02\0\0\0\xb0\0\0\0\0\0\0\0\x04\0\0\0\x02\0\0\0\xc0\0\0\0\0\0\0\0\
\x04\0\0\0\x02\0\0\0\xd0\0\0\0\0\0\0\0\x04\0\0\0\x02\0\0\0\xe0\0\0\0\0\0\0\0\
\x04\0\0\0\x02\0\0\0\xf0\0\0\0\0\0\0\0\x04\0\0\0\x02\0\0\0\0\x01\0\0\0\0\0\0\
\x04\0\0\0\x02\0\0\0\x10\x01\0\0\0\0\0\0\x04\0\0\0\x02\0\0\0\x20\x01\0\0\0\0\0\
\0\x04\0\0\0\x02\0\0\0\x30\x01\0\0\0\0\0\0\x04\0\0\0\x02\0\0\0\x40\x01\0\0\0\0\
\0\0\x04\0\0\0\x02\0\0\0\x50\x01\0\0\0\0\0\0\x04\0\0\0\x02\0\0\0\x60\x01\0\0\0\
\0\0\0\x04\0\0\0\x02\0\0\0\x70\x01\0\0\0\0\0\0\x04\0\0\0\x02\0\0\0\x80\x01\0\0\
\0\0\0\0\x04\0\0\0\x02\0\0\0\x90\x01\0\0\0\0\0\0\x04\0\0\0\x02\0\0\0\xa0\x01\0\
\0\0\0\0\0\x04\0\0\0\x02\0\0\0\xb0\x01\0\0\0\0\0\0\x04\0\0\0\x02\0\0\0\xc0\x01\
\0\0\0\0\0\0\x04\0\0\0\x02\0\0\0\xd0\x01\0\0\0\0\0\0\x04\0\0\0\x02\0\0\0\xe0\
\x01\0\0\0\0\0\0\x04\0\0\0\x02\0\0\0\xf0\x01\0\0\0\0\0\0\x04\0\0\0\x02\0\0\0\0\
\x02\0\0\0\0\0\0\x04\0\0\0\x02\0\0\0\x10\x02\0\0\0\0\0\0\x04\0\0\0\x02\0\0\0\
\x20\x02\0\0\0\0\0\0\x04\0\0\0\x02\0\0\0\x30\x02\0\0\0\0\0\0\x04\0\0\0\x02\0\0\
\0\x40\x02\0\0\0\0\0\0\x04\0\0\0\x02\0\0\0\x50\x02\0\0\0\0\0\0\x04\0\0\0\x02\0\
\0\0\x60\x02\0\0\0\0\0\0\x04\0\0\0\x02\0\0\0\x70\x02\0\0\0\0\0\0\x04\0\0\0\x02\
\0\0\0\x80\x02\0\0\0\0\0\0\x04\0\0\0\x02\0\0\0\x90\x02\0\0\0\0\0\0\x04\0\0\0\
\x02\0\0\0\xa0\x02\0\0\0\0\0\0\x04\0\0\0\x02\0\0\0\xb0\x02\0\0\0\0\0\0\x04\0\0\
\0\x02\0\0\0\xc0\x02\0\0\0\0\0\0\x04\0\0\0\x02\0\0\0\xd0\x02\0\0\0\0\0\0\x04\0\
\0\0\x02\0\0\0\xe0\x02\0\0\0\0\0\0\x04\0\0\0\x02\0\0\0\xf0\x02\0\0\0\0\0\0\x04\
\0\0\0\x02\0\0\0\0\x03\0\0\0\0\0\0\x04\0\0\0\x02\0\0\0\x10\x03\0\0\0\0\0\0\x04\
\0\0\0\x02\0\0\0\x20\x03\0\0\0\0\0\0\x04\0\0\0\x02\0\0\0\x30\x03\0\0\0\0\0\0\
\x04\0\0\0\x02\0\0\0\x40\x03\0\0\0\0\0\0\x04\0\0\0\x02\0\0\0\x50\x03\0\0\0\0\0\
\0\x04\0\0\0\x02\0\0\0\x60\x03\0\0\0\0\0\0\x04\0\0\0\x02\0\0\0\x70\x03\0\0\0\0\
\0\0\x04\0\0\0\x02\0\0\0\x80\x03\0\0\0\0\0\0\x04\0\0\0\x02\0\0\0\x90\x03\0\0\0\
\0\0\0\x04\0\0\0\x02\0\0\0\xa0\x03\0\0\0\0\0\0\x04\0\0\0\x02\0\0\0\xb0\x03\0\0\
\0\0\0\0\x04\0\0\0\x02\0\0\0\xc0\x03\0\0\0\0\0\0\x04\0\0\0\x02\0\0\0\xd0\x03\0\
\0\0\0\0\0\x04\0\0\0\x02\0\0\0\xe0\x03\0\0\0\0\0\0\x04\0\0\0\x02\0\0\0\xf0\x03\
\0\0\0\0\0\0\x04\0\0\0\x02\0\0\0\0\x04\0\0\0\0\0\0\x04\0\0\0\x02\0\0\0\x10\x04\
\0\0\0\0\0\0\x04\0\0\0\x02\0\0\0\x20\x04\0\0\0\0\0\0\x04\0\0\0\x02\0\0\0\x30\
\x04\0\0\0\0\0\0\x04\0\0\0\x02\0\0\0\x40\x04\0\0\0\0\0\0\x04\0\0\0\x02\0\0\0\
\x50\x04\0\0\0\0\0\0\x04\0\0\0\x02\0\0\0\x60\x04\0\0\0\0\0\0\x04\0\0\0\x02\0\0\
\0\x70\x04\0\0\0\0\0\0\x04\0\0\0\x02\0\0\0\x80\x04\0\0\0\0\0\0\x04\0\0\0\x02\0\
\0\0\x90\x04\0\0\0\0\0\0\x04\0\0\0\x02\0\0\0\xa0\x04\0\0\0\0\0\0\x04\0\0\0\x02\
\0\0\0\xb0\x04\0\0\0\0\0\0\x04\0\0\0\x02\0\0\0\xc0\x04\0\0\0\0\0\0\x04\0\0\0\
\x02\0\0\0\xd0\x04\0\0\0\0\0\0\x04\0\0\0\x02\0\0\0\xe0\x04\0\0\0\0\0\0\x04\0\0\
\0\x02\0\0\0\xf0\x04\0\0\0\0\0\0\x04\0\0\0\x02\0\0\0\0\x05\0\0\0\0\0\0\x04\0\0\
\0\x02\0\0\0\x10\x05\0\0\0\0\0\0\x04\0\0\0\x02\0\0\0\x20\x05\0\0\0\0\0\0\x04\0\
\0\0\x02\0\0\0\x30\x05\0\0\0\0\0\0\x04\0\0\0\x02\0\0\0\x40\x05\0\0\0\0\0\0\x04\
\0\0\0\x02\0\0\0\x50\x05\0\0\0\0\0\0\x04\0\0\0\x02\0\0\0\x60\x05\0\0\0\0\0\0\
\x04\0\0\0\x02\0\0\0\x70\x05\0\0\0\0\0\0\x04\0\0\0\x02\0\0\0\x80\x05\0\0\0\0\0\
\0\x04\0\0\0\x02\0\0\0\x90\x05\0\0\0\0\0\0\x04\0\0\0\x02\0\0\0\xa0\x05\0\0\0\0\
\0\0\x04\0\0\0\x02\0\0\0\xb0\x05\0\0\0\0\0\0\x04\0\0\0\x02\0\0\0\xc0\x05\0\0\0\
\0\0\0\x04\0\0\0\x02\0\0\0\xd0\x05\0\0\0\0\0\0\x04\0\0\0\x02\0\0\0\xe0\x05\0\0\
\0\0\0\0\x04\0\0\0\x02\0\0\0\xf0\x05\0\0\0\0\0\0\x04\0\0\0\x02\0\0\0\0\x06\0\0\
\0\0\0\0\x04\0\0\0\x02\0\0\0\x10\x06\0\0\0\0\0\0\x04\0\0\0\x02\0\0\0\x20\x06\0\
\0\0\0\0\0\x04\0\0\0\x02\0\0\0\x30\x06\0\0\0\0\0\0\x04\0\0\0\x02\0\0\0\x40\x06\
\0\0\0\0\0\0\x04\0\0\0\x02\0\0\0\x50\x06\0\0\0\0\0\0\x04\0\0\0\x02\0\0\0\x60\
\x06\0\0\0\0\0\0\x04\0\0\0\x02\0\0\0\x70\x06\0\0\0\0\0\0\x04\0\0\0\x02\0\0\0\
\x80\x06\0\0\0\0\0\0\x04\0\0\0\x02\0\0\0\x90\x06\0\0\0\0\0\0\x04\0\0\0\x02\0\0\
\0\xa0\x06\0\0\0\0\0\0\x04\0\0\0\x02\0\0\0\xb0\x06\0\0\0\0\0\0\x04\0\0\0\x02\0\
\0\0\xc0\x06\0\0\0\0\0\0\x04\0\0\0\x02\0\0\0\xd0\x06\0\0\0\0\0\0\x04\0\0\0\x02\
\0\0\0\xe0\x06\0\0\0\0\0\0\x04\0\0\0\x02\0\0\0\xf0\x06\0\0\0\0\0\0\x04\0\0\0\
\x02\0\0\0\0\x07\0\0\0\0\0\0\x04\0\0\0\x02\0\0\0\x10\x07\0\0\0\0\0\0\x04\0\0\0\
\x02\0\0\0\x20\x07\0\0\0\0\0\0\x04\0\0\0\x02\0\0\0\x30\x07\0\0\0\0\0\0\x04\0\0\
\0\x02\0\0\0\x40\x07\0\0\0\0\0\0\x04\0\0\0\x02\0\0\0\x50\x07\0\0\0\0\0\0\x04\0\
\0\0\x02\0\0\0\x60\x07\0\0\0\0\0\0\x04\0\0\0\x02\0\0\0\x70\x07\0\0\0\0\0\0\x04\
\0\0\0\x02\0\0\0\x80\x07\0\0\0\0\0\0\x04\0\0\0\x02\0\0\0\x90\x07\0\0\0\0\0\0\
\x04\0\0\0\x02\0\0\0\xa0\x07\0\0\0\0\0\0\x04\0\0\0\x02\0\0\0\xb0\x07\0\0\0\0\0\
\0\x04\0\0\0\x02\0\0\0\xc0\x07\0\0\0\0\0\0\x04\0\0\0\x02\0\0\0\xd0\x07\0\0\0\0\
\0\0\x04\0\0\0\x02\0\0\0\xe0\x07\0\0\0\0\0\0\x04\0\0\0\x02\0\0\0\xf0\x07\0\0\0\
\0\0\0\x04\0\0\0\x02\0\0\0\0\x08\0\0\0\0\0\0\x04\0\0\0\x02\0\0\0\x10\x08\0\0\0\
\0\0\0\x04\0\0\0\x02\0\0\0\x20\x08\0\0\0\0\0\0\x04\0\0\0\x02\0\0\0\x38\x08\0\0\
\0\0\0\0\x04\0\0\0\x13\0\0\0\x48\x08\0\0\0\0\0\0\x04\0\0\0\x13\0\0\0\x58\x08\0\
\0\0\0\0\0\x04\0\0\0\x13\0\0\0\x68\x08\0\0\0\0\0\0\x04\0\0\0\x13\0\0\0\x78\x08\
\0\0\0\0\0\0\x04\0\0\0\x13\0\0\0\x88\x08\0\0\0\0\0\0\x04\0\0\0\x13\0\0\0\x98\
\x08\0\0\0\0\0\0\x04\0\0\0\x13\0\0\0\xa8\x08\0\0\0\0\0\0\x04\0\0\0\x13\0\0\0\
\xb8\x08\0\0\0\0\0\0\x04\0\0\0\x13\0\0\0\xc8\x08\0\0\0\0\0\0\x04\0\0\0\x13\0\0\
\0\xd8\x08\0\0\0\0\0\0\x04\0\0\0\x13\0\0\0\xe8\x08\0\0\0\0\0\0\x04\0\0\0\x13\0\
\0\0\xf8\x08\0\0\0\0\0\0\x04\0\0\0\x13\0\0\0\x08\x09\0\0\0\0\0\0\x04\0\0\0\x13\
\0\0\0\x18\x09\0\0\0\0\0\0\x04\0\0\0\x13\0\0\0\x28\x09\0\0\0\0\0\0\x04\0\0\0\
\x13\0\0\0\x38\x09\0\0\0\0\0\0\x04\0\0\0\x13\0\0\0\x48\x09\0\0\0\0\0\0\x04\0\0\
\0\x13\0\0\0\x58\x09\0\0\0\0\0\0\x04\0\0\0\x13\0\0\0\x68\x09\0\0\0\0\0\0\x04\0\
\0\0\x13\0\0\0\x78\x09\0\0\0\0\0\0\x04\0\0\0\x13\0\0\0\x88\x09\0\0\0\0\0\0\x04\
\0\0\0\x13\0\0\0\x98\x09\0\0\0\0\0\0\x04\0\0\0\x13\0\0\0\xa8\x09\0\0\0\0\0\0\
\x04\0\0\0\x13\0\0\0\xb8\x09\0\0\0\0\0\0\x04\0\0\0\x13\0\0\0\xc8\x09\0\0\0\0\0\
\0\x04\0\0\0\x13\0\0\0\xd8\x09\0\0\0\0\0\0\x04\0\0\0\x13\0\0\0\xe8\x09\0\0\0\0\
\0\0\x04\0\0\0\x13\0\0\0\xf8\x09\0\0\0\0\0\0\x04\0\0\0\x13\0\0\0\x08\x0a\0\0\0\
\0\0\0\x04\0\0\0\x13\0\0\0\x18\x0a\0\0\0\0\0\0\x04\0\0\0\x13\0\0\0\x28\x0a\0\0\
\0\0\0\0\x04\0\0\0\x13\0\0\0\x38\x0a\0\0\0\0\0\0\x04\0\0\0\x13\0\0\0\x48\x0a\0\
\0\0\0\0\0\x04\0\0\0\x13\0\0\0\x58\x0a\0\0\0\0\0\0\x04\0\0\0\x13\0\0\0\x68\x0a\
\0\0\0\0\0\0\x04\0\0\0\x13\0\0\0\x78\x0a\0\0\0\0\0\0\x04\0\0\0\x13\0\0\0\x88\
\x0a\0\0\0\0\0\0\x04\0\0\0\x13\0\0\0\x98\x0a\0\0\0\0\0\0\x04\0\0\0\x13\0\0\0\
\xa8\x0a\0\0\0\0\0\0\x04\0\0\0\x13\0\0\0\xb8\x0a\0\0\0\0\0\0\x04\0\0\0\x13\0\0\
\0\xc8\x0a\0\0\0\0\0\0\x04\0\0\0\x13\0\0\0\xd8\x0a\0\0\0\0\0\0\x04\0\0\0\x13\0\
\0\0\xe8\x0a\0\0\0\0\0\0\x04\0\0\0\x13\0\0\0\xf8\x0a\0\0\0\0\0\0\x04\0\0\0\x13\
\0\0\0\x08\x0b\0\0\0\0\0\0\x04\0\0\0\x13\0\0\0\x18\x0b\0\0\0\0\0\0\x04\0\0\0\
\x13\0\0\0\x28\x0b\0\0\0\0\0\0\x04\0\0\0\x13\0\0\0\x38\x0b\0\0\0\0\0\0\x04\0\0\
\0\x13\0\0\0\x48\x0b\0\0\0\0\0\0\x04\0\0\0\x13\0\0\0\x58\x0b\0\0\0\0\0\0\x04\0\
\0\0\x13\0\0\0\x68\x0b\0\0\0\0\0\0\x04\0\0\0\x13\0\0\0\x78\x0b\0\0\0\0\0\0\x04\
\0\0\0\x13\0\0\0\x88\x0b\0\0\0\0\0\0\x04\0\0\0\x13\0\0\0\x98\x0b\0\0\0\0\0\0\
\x04\0\0\0\x13\0\0\0\xa8\x0b\0\0\0\0\0\0\x04\0\0\0\x13\0\0\0\xb8\x0b\0\0\0\0\0\
\0\x04\0\0\0\x13\0\0\0\xc8\x0b\0\0\0\0\0\0\x04\0\0\0\x13\0\0\0\xd8\x0b\0\0\0\0\
\0\0\x04\0\0\0\x13\0\0\0\xe8\x0b\0\0\0\0\0\0\x04\0\0\0\x13\0\0\0\xf8\x0b\0\0\0\
\0\0\0\x04\0\0\0\x13\0\0\0\x08\x0c\0\0\0\0\0\0\x04\0\0\0\x13\0\0\0\x18\x0c\0\0\
\0\0\0\0\x04\0\0\0\x13\0\0\0\x28\x0c\0\0\0\0\0\0\x04\0\0\0\x13\0\0\0\x38\x0c\0\
\0\0\0\0\0\x04\0\0\0\x13\0\0\0\x48\x0c\0\0\0\0\0\0\x04\0\0\0\x13\0\0\0\x58\x0c\
\0\0\0\0\0\0\x04\0\0\0\x13\0\0\0\x68\x0c\0\0\0\0\0\0\x04\0\0\0\x13\0\0\0\x78\
\x0c\0\0\0\0\0\0\x04\0\0\0\x13\0\0\0\x88\x0c\0\0\0\0\0\0\x04\0\0\0\x13\0\0\0\
\x98\x0c\0\0\0\0\0\0\x04\0\0\0\x13\0\0\0\xa8\x0c\0\0\0\0\0\0\x04\0\0\0\x13\0\0\
\0\xb8\x0c\0\0\0\0\0\0\x04\0\0\0\x13\0\0\0\xc8\x0c\0\0\0\0\0\0\x04\0\0\0\x13\0\
\0\0\xd8\x0c\0\0\0\0\0\0\x04\0\0\0\x13\0\0\0\xe8\x0c\0\0\0\0\0\0\x04\0\0\0\x13\
\0\0\0\xf8\x0c\0\0\0\0\0\0\x04\0\0\0\x13\0\0\0\x08\x0d\0\0\0\0\0\0\x04\0\0\0\
\x13\0\0\0\x18\x0d\0\0\0\0\0\0\x04\0\0\0\x13\0\0\0\x28\x0d\0\0\0\0\0\0\x04\0\0\
\0\x13\0\0\0\x38\x0d\0\0\0\0\0\0\x04\0\0\0\x13\0\0\0\x48\x0d\0\0\0\0\0\0\x04\0\
\0\0\x13\0\0\0\x58\x0d\0\0\0\0\0\0\x04\0\0\0\x13\0\0\0\x68\x0d\0\0\0\0\0\0\x04\
\0\0\0\x13\0\0\0\x78\x0d\0\0\0\0\0\0\x04\0\0\0\x13\0\0\0\x88\x0d\0\0\0\0\0\0\
\x04\0\0\0\x13\0\0\0\x98\x0d\0\0\0\0\0\0\x04\0\0\0\x13\0\0\0\xa8\x0d\0\0\0\0\0\
\0\x04\0\0\0\x13\0\0\0\xb8\x0d\0\0\0\0\0\0\x04\0\0\0\x13\0\0\0\xc8\x0d\0\0\0\0\
\0\0\x04\0\0\0\x13\0\0\0\xd8\x0d\0\0\0\0\0\0\x04\0\0\0\x13\0\0\0\xe8\x0d\0\0\0\
\0\0\0\x04\0\0\0\x13\0\0\0\xf8\x0d\0\0\0\0\0\0\x04\0\0\0\x13\0\0\0\x08\x0e\0\0\
\0\0\0\0\x04\0\0\0\x13\0\0\0\x18\x0e\0\0\0\0\0\0\x04\0\0\0\x13\0\0\0\x28\x0e\0\
\0\0\0\0\0\x04\0\0\0\x13\0\0\0\x38\x0e\0\0\0\0\0\0\x04\0\0\0\x13\0\0\0\x48\x0e\
\0\0\0\0\0\0\x04\0\0\0\x13\0\0\0\x58\x0e\0\0\0\0\0\0\x04\0\0\0\x13\0\0\0\x68\
\x0e\0\0\0\0\0\0\x04\0\0\0\x13\0\0\0\x78\x0e\0\0\0\0\0\0\x04\0\0\0\x13\0\0\0\
\x88\x0e\0\0\0\0\0\0\x04\0\0\0\x13\0\0\0\x98\x0e\0\0\0\0\0\0\x04\0\0\0\x13\0\0\
\0\xa8\x0e\0\0\0\0\0\0\x04\0\0\0\x13\0\0\0\xb8\x0e\0\0\0\0\0\0\x04\0\0\0\x13\0\
\0\0\xc8\x0e\0\0\0\0\0\0\x04\0\0\0\x13\0\0\0\xd8\x0e\0\0\0\0\0\0\x04\0\0\0\x13\
\0\0\0\xe8\x0e\0\0\0\0\0\0\x04\0\0\0\x13\0\0\0\xf8\x0e\0\0\0\0\0\0\x04\0\0\0\
\x13\0\0\0\x08\x0f\0\0\0\0\0\0\x04\0\0\0\x13\0\0\0\x18\x0f\0\0\0\0\0\0\x04\0\0\
\0\x13\0\0\0\x28\x0f\0\0\0\0\0\0\x04\0\0\0\x13\0\0\0\x38\x0f\0\0\0\0\0\0\x04\0\
\0\0\x13\0\0\0\x48\x0f\0\0\0\0\0\0\x04\0\0\0\x13\0\0\0\x58\x0f\0\0\0\0\0\0\x04\
\0\0\0\x13\0\0\0\x68\x0f\0\0\0\0\0\0\x04\0\0\0\x13\0\0\0\x78\x0f\0\0\0\0\0\0\
\x04\0\0\0\x13\0\0\0\x88\x0f\0\0\0\0\0\0\x04\0\0\0\x13\0\0\0\x98\x0f\0\0\0\0\0\
\0\x04\0\0\0\x13\0\0\0\xa8\x0f\0\0\0\0\0\0\x04\0\0\0\x13\0\0\0\xb8\x0f\0\0\0\0\
\0\0\x04\0\0\0\x13\0\0\0\xc8\x0f\0\0\0\0\0\0\x04\0\0\0\x13\0\0\0\xd8\x0f\0\0\0\
\0\0\0\x04\0\0\0\x13\0\0\0\xe8\x0f\0\0\0\0\0\0\x04\0\0\0\x13\0\0\0\xf8\x0f\0\0\
\0\0\0\0\x04\0\0\0\x13\0\0\0\x08\x10\0\0\0\0\0\0\x04\0\0\0\x13\0\0\0\x18\x10\0\
\0\0\0\0\0\x04\0\0\0\x13\0\0\0\x28\x10\0\0\0\0\0\0\x04\0\0\0\x13\0\0\0\x38\x10\
\0\0\0\0\0\0\x04\0\0\0\x13\0\0\0\x48\x10\0\0\0\0\0\0\x04\0\0\0\x13\0\0\0\x58\
\x10\0\0\0\0\0\0\x04\0\0\0\x13\0\0\0\x68\x10\0\0\0\0\0\0\x04\0\0\0\x13\0\0\0\
\x78\x10\0\0\0\0\0\0\x04\0\0\0\x13\0\0\0\x88\x10\0\0\0\0\0\0\x04\0\0\0\x13\0\0\
\0\x98\x10\0\0\0\0\0\0\x04\0\0\0\x13\0\0\0\xa8\x10\0\0\0\0\0\0\x04\0\0\0\x13\0\
\0\0\xb8\x10\0\0\0\0\0\0\x04\0\0\0\x13\0\0\0\xc8\x10\0\0\0\0\0\0\x04\0\0\0\x13\
\0\0\0\xd8\x10\0\0\0\0\0\0\x04\0\0\0\x13\0\0\0\xe8\x10\0\0\0\0\0\0\x04\0\0\0\
\x13\0\0\0\xf8\x10\0\0\0\0\0\0\x04\0\0\0\x13\0\0\0\x08\x11\0\0\0\0\0\0\x04\0\0\
\0\x13\0\0\0\x18\x11\0\0\0\0\0\0\x04\0\0\0\x13\0\0\0\x28\x11\0\0\0\0\0\0\x04\0\
\0\0\x13\0\0\0\x38\x11\0\0\0\0\0\0\x04\0\0\0\x13\0\0\0\x48\x11\0\0\0\0\0\0\x04\
\0\0\0\x13\0\0\0\x58\x11\0\0\0\0\0\0\x04\0\0\0\x13\0\0\0\x68\x11\0\0\0\0\0\0\
\x04\0\0\0\x13\0\0\0\x78\x11\0\0\0\0\0\0\x04\0\0\0\x13\0\0\0\x88\x11\0\0\0\0\0\
\0\x04\0\0\0\x13\0\0\0\x98\x11\0\0\0\0\0\0\x04\0\0\0\x13\0\0\0\xa8\x11\0\0\0\0\
\0\0\x04\0\0\0\x13\0\0\0\xb8\x11\0\0\0\0\0\0\x04\0\0\0\x13\0\0\0\xc8\x11\0\0\0\
\0\0\0\x04\0\0\0\x13\0\0\0\xd8\x11\0\0\0\0\0\0\x04\0\0\0\x13\0\0\0\xe8\x11\0\0\
\0\0\0\0\x04\0\0\0\x13\0\0\0\xf8\x11\0\0\0\0\0\0\x04\0\0\0\x13\0\0\0\x08\x12\0\
\0\0\0\0\0\x04\0\0\0\x13\0\0\0\x18\x12\0\0\0\0\0\0\x04\0\0\0\x13\0\0\0\x30\x12\
\0\0\0\0\0\0\x04\0\0\0\x33\0\0\0\x40\x12\0\0\0\0\0\0\x04\0\0\0\x33\0\0\0\x50\
\x12\0\0\0\0\0\0\x04\0\0\0\x33\0\0\0\x60\x12\0\0\0\0\0\0\x04\0\0\0\x33\0\0\0\
\x70\x12\0\0\0\0\0\0\x04\0\0\0\x33\0\0\0\x80\x12\0\0\0\0\0\0\x04\0\0\0\x33\0\0\
\0\x90\x12\0\0\0\0\0\0\x04\0\0\0\x33\0\0\0\xa0\x12\0\0\0\0\0\0\x04\0\0\0\x33\0\
\0\0\xb0\x12\0\0\0\0\0\0\x04\0\0\0\x33\0\0\0\xc0\x12\0\0\0\0\0\0\x04\0\0\0\x33\
\0\0\0\xd0\x12\0\0\0\0\0\0\x04\0\0\0\x33\0\0\0\xe0\x12\0\0\0\0\0\0\x04\0\0\0\
\x33\0\0\0\xf0\x12\0\0\0\0\0\0\x04\0\0\0\x33\0\0\0\0\x13\0\0\0\0\0\0\x04\0\0\0\
\x33\0\0\0\x10\x13\0\0\0\0\0\0\x04\0\0\0\x33\0\0\0\x20\x13\0\0\0\0\0\0\x04\0\0\
\0\x33\0\0\0\x30\x13\0\0\0\0\0\0\x04\0\0\0\x33\0\0\0\x40\x13\0\0\0\0\0\0\x04\0\
\0\0\x33\0\0\0\x50\x13\0\0\0\0\0\0\x04\0\0\0\x33\0\0\0\x60\x13\0\0\0\0\0\0\x04\
\0\0\0\x33\0\0\0\x70\x13\0\0\0\0\0\0\x04\0\0\0\x33\0\0\0\x80\x13\0\0\0\0\0\0\
\x04\0\0\0\x33\0\0\0\x90\x13\0\0\0\0\0\0\x04\0\0\0\x33\0\0\0\xa0\x13\0\0\0\0\0\
\0\x04\0\0\0\x33\0\0\0\xb0\x13\0\0\0\0\0\0\x04\0\0\0\x33\0\0\0\xc0\x13\0\0\0\0\
\0\0\x04\0\0\0\x33\0\0\0\xd0\x13\0\0\0\0\0\0\x04\0\0\0\x33\0\0\0\xe0\x13\0\0\0\
\0\0\0\x04\0\0\0\x33\0\0\0\xf0\x13\0\0\0\0\0\0\x04\0\0\0\x33\0\0\0\0\x14\0\0\0\
\0\0\0\x04\0\0\0\x33\0\0\0\x10\x14\0\0\0\0\0\0\x04\0\0\0\x33\0\0\0\x20\x14\0\0\
\0\0\0\0\x04\0\0\0\x33\0\0\0\x30\x14\0\0\0\0\0\0\x04\0\0\0\x33\0\0\0\x40\x14\0\
\0\0\0\0\0\x04\0\0\0\x33\0\0\0\x50\x14\0\0\0\0\0\0\x04\0\0\0\x33\0\0\0\x60\x14\
\0\0\0\0\0\0\x04\0\0\0\x33\0\0\0\x70\x14\0\0\0\0\0\0\x04\0\0\0\x33\0\0\0\x80\
\x14\0\0\0\0\0\0\x04\0\0\0\x33\0\0\0\x90\x14\0\0\0\0\0\0\x04\0\0\0\x33\0\0\0\
\xa0\x14\0\0\0\0\0\0\x04\0\0\0\x33\0\0\0\xb0\x14\0\0\0\0\0\0\x04\0\0\0\x33\0\0\
\0\xc0\x14\0\0\0\0\0\0\x04\0\0\0\x33\0\0\0\xd0\x14\0\0\0\0\0\0\x04\0\0\0\x33\0\
\0\0\xe0\x14\0\0\0\0\0\0\x04\0\0\0\x33\0\0\0\xf0\x14\0\0\0\0\0\0\x04\0\0\0\x33\
\0\0\0\0\x15\0\0\0\0\0\0\x04\0\0\0\x33\0\0\0\x10\x15\0\0\0\0\0\0\x04\0\0\0\x33\
\0\0\0\x20\x15\0\0\0\0\0\0\x04\0\0\0\x33\0\0\0\x30\x15\0\0\0\0\0\0\x04\0\0\0\
\x33\0\0\0\x40\x15\0\0\0\0\0\0\x04\0\0\0\x33\0\0\0\x50\x15\0\0\0\0\0\0\x04\0\0\
\0\x33\0\0\0\x60\x15\0\0\0\0\0\0\x04\0\0\0\x33\0\0\0\x70\x15\0\0\0\0\0\0\x04\0\
\0\0\x33\0\0\0\x80\x15\0\0\0\0\0\0\x04\0\0\0\x33\0\0\0\x90\x15\0\0\0\0\0\0\x04\
\0\0\0\x33\0\0\0\xa0\x15\0\0\0\0\0\0\x04\0\0\0\x33\0\0\0\xb0\x15\0\0\0\0\0\0\
\x04\0\0\0\x33\0\0\0\xc0\x15\0\0\0\0\0\0\x04\0\0\0\x33\0\0\0\xd0\x15\0\0\0\0\0\
\0\x04\0\0\0\x33\0\0\0\xe0\x15\0\0\0\0\0\0\x04\0\0\0\x33\0\0\0\xf0\x15\0\0\0\0\
\0\0\x04\0\0\0\x33\0\0\0\0\x16\0\0\0\0\0\0\x04\0\0\0\x33\0\0\0\x10\x16\0\0\0\0\
\0\0\x04\0\0\0\x33\0\0\0\x20\x16\0\0\0\0\0\0\x04\0\0\0\x33\0\0\0\x30\x16\0\0\0\
\0\0\0\x04\0\0\0\x33\0\0\0\x40\x16\0\0\0\0\0\0\x04\0\0\0\x33\0\0\0\x50\x16\0\0\
\0\0\0\0\x04\0\0\0\x33\0\0\0\x60\x16\0\0\0\0\0\0\x04\0\0\0\x33\0\0\0\x70\x16\0\
\0\0\0\0\0\x04\0\0\0\x33\0\0\0\x80\x16\0\0\0\0\0\0\x04\0\0\0\x33\0\0\0\x90\x16\
\0\0\0\0\0\0\x04\0\0\0\x33\0\0\0\xa0\x16\0\0\0\0\0\0\x04\0\0\0\x33\0\0\0\xb0\
\x16\0\0\0\0\0\0\x04\0\0\0\x33\0\0\0\xc0\x16\0\0\0\0\0\0\x04\0\0\0\x33\0\0\0\
\xd0\x16\0\0\0\0\0\0\x04\0\0\0\x33\0\0\0\xe0\x16\0\0\0\0\0\0\x04\0\0\0\x33\0\0\
\0\xf0\x16\0\0\0\0\0\0\x04\0\0\0\x33\0\0\0\0\x17\0\0\0\0\0\0\x04\0\0\0\x33\0\0\
\0\x10\x17\0\0\0\0\0\0\x04\0\0\0\x33\0\0\0\x20\x17\0\0\0\0\0\0\x04\0\0\0\x33\0\
\0\0\x30\x17\0\0\0\0\0\0\x04\0\0\0\x33\0\0\0\x40\x17\0\0\0\0\0\0\x04\0\0\0\x33\
\0\0\0\x50\x17\0\0\0\0\0\0\x04\0\0\0\x33\0\0\0\x60\x17\0\0\0\0\0\0\x04\0\0\0\
\x33\0\0\0\x70\x17\0\0\0\0\0\0\x04\0\0\0\x33\0\0\0\x80\x17\0\0\0\0\0\0\x04\0\0\
\0\x33\0\0\0\x90\x17\0\0\0\0\0\0\x04\0\0\0\x33\0\0\0\xa0\x17\0\0\0\0\0\0\x04\0\
\0\0\x33\0\0\0\xb0\x17\0\0\0\0\0\0\x04\0\0\0\x33\0\0\0\xc0\x17\0\0\0\0\0\0\x04\
\0\0\0\x33\0\0\0\xd0\x17\0\0\0\0\0\0\x04\0\0\0\x33\0\0\0\xe0\x17\0\0\0\0\0\0\
\x04\0\0\0\x33\0\0\0\xf0\x17\0\0\0\0\0\0\x04\0\0\0\x33\0\0\0\0\x18\0\0\0\0\0\0\
\x04\0\0\0\x33\0\0\0\x10\x18\0\0\0\0\0\0\x04\0\0\0\x33\0\0\0\x20\x18\0\0\0\0\0\
\0\x04\0\0\0\x33\0\0\0\x30\x18\0\0\0\0\0\0\x04\0\0\0\x33\0\0\0\x40\x18\0\0\0\0\
\0\0\x04\0\0\0\x33\0\0\0\x50\x18\0\0\0\0\0\0\x04\0\0\0\x33\0\0\0\x60\x18\0\0\0\
\0\0\0\x04\0\0\0\x33\0\0\0\x70\x18\0\0\0\0\0\0\x04\0\0\0\x33\0\0\0\x80\x18\0\0\
\0\0\0\0\x04\0\0\0\x33\0\0\0\x90\x18\0\0\0\0\0\0\x04\0\0\0\x33\0\0\0\xa0\x18\0\
\0\0\0\0\0\x04\0\0\0\x33\0\0\0\xb0\x18\0\0\0\0\0\0\x04\0\0\0\x33\0\0\0\xc0\x18\
\0\0\0\0\0\0\x04\0\0\0\x33\0\0\0\xd0\x18\0\0\0\0\0\0\x04\0\0\0\x33\0\0\0\xe0\
\x18\0\0\0\0\0\0\x04\0\0\0\x33\0\0\0\xf0\x18\0\0\0\0\0\0\x04\0\0\0\x33\0\0\0\0\
\x19\0\0\0\0\0\0\x04\0\0\0\x33\0\0\0\x10\x19\0\0\0\0\0\0\x04\0\0\0\x33\0\0\0\
\x20\x19\0\0\0\0\0\0\x04\0\0\0\x33\0\0\0\x30\x19\0\0\0\0\0\0\x04\0\0\0\x33\0\0\
\0\x40\x19\0\0\0\0\0\0\x04\0\0\0\x33\0\0\0\x50\x19\0\0\0\0\0\0\x04\0\0\0\x33\0\
\0\0\x60\x19\0\0\0\0\0\0\x04\0\0\0\x33\0\0\0\x70\x19\0\0\0\0\0\0\x04\0\0\0\x33\
\0\0\0\x80\x19\0\0\0\0\0\0\x04\0\0\0\x33\0\0\0\x90\x19\0\0\0\0\0\0\x04\0\0\0\
\x33\0\0\0\xa0\x19\0\0\0\0\0\0\x04\0\0\0\x33\0\0\0\xb0\x19\0\0\0\0\0\0\x04\0\0\
\0\x33\0\0\0\xc0\x19\0\0\0\0\0\0\x04\0\0\0\x33\0\0\0\xd0\x19\0\0\0\0\0\0\x04\0\
\0\0\x33\0\0\0\xe0\x19\0\0\0\0\0\0\x04\0\0\0\x33\0\0\0\xf0\x19\0\0\0\0\0\0\x04\
\0\0\0\x33\0\0\0\0\x1a\0\0\0\0\0\0\x04\0\0\0\x33\0\0\0\x10\x1a\0\0\0\0\0\0\x04\
\0\0\0\x33\0\0\0\x20\x1a\0\0\0\0\0\0\x04\0\0\0\x33\0\0\0\x30\x1a\0\0\0\0\0\0\
\x04\0\0\0\x33\0\0\0\x40\x1a\0\0\0\0\0\0\x04\0\0\0\x33\0\0\0\x50\x1a\0\0\0\0\0\
\0\x04\0\0\0\x33\0\0\0\x60\x1a\0\0\0\0\0\0\x04\0\0\0\x33\0\0\0\x70\x1a\0\0\0\0\
\0\0\x04\0\0\0\x33\0\0\0\x80\x1a\0\0\0\0\0\0\x04\0\0\0\x33\0\0\0\x90\x1a\0\0\0\
\0\0\0\x04\0\0\0\x33\0\0\0\xa0\x1a\0\0\0\0\0\0\x04\0\0\0\x33\0\0\0\xb0\x1a\0\0\
\0\0\0\0\x04\0\0\0\x33\0\0\0\xc0\x1a\0\0\0\0\0\0\x04\0\0\0\x33\0\0\0\xd0\x1a\0\
\0\0\0\0\0\x04\0\0\0\x33\0\0\0\xe0\x1a\0\0\0\0\0\0\x04\0\0\0\x33\0\0\0\xf0\x1a\
\0\0\0\0\0\0\x04\0\0\0\x33\0\0\0\0\x1b\0\0\0\0\0\0\x04\0\0\0\x33\0\0\0\x10\x1b\
\0\0\0\0\0\0\x04\0\0\0\x33\0\0\0\x20\x1b\0\0\0\0\0\0\x04\0\0\0\x33\0\0\0\x30\
\x1b\0\0\0\0\0\0\x04\0\0\0\x33\0\0\0\x40\x1b\0\0\0\0\0\0\x04\0\0\0\x33\0\0\0\
\x50\x1b\0\0\0\0\0\0\x04\0\0\0\x33\0\0\0\x60\x1b\0\0\0\0\0\0\x04\0\0\0\x33\0\0\
\0\x70\x1b\0\0\0\0\0\0\x04\0\0\0\x33\0\0\0\x80\x1b\0\0\0\0\0\0\x04\0\0\0\x33\0\
\0\0\x90\x1b\0\0\0\0\0\0\x04\0\0\0\x33\0\0\0\xa0\x1b\0\0\0\0\0\0\x04\0\0\0\x33\
\0\0\0\xb0\x1b\0\0\0\0\0\0\x04\0\0\0\x33\0\0\0\xc0\x1b\0\0\0\0\0\0\x04\0\0\0\
\x33\0\0\0\xd0\x1b\0\0\0\0\0\0\x04\0\0\0\x33\0\0\0\xe0\x1b\0\0\0\0\0\0\x04\0\0\
\0\x33\0\0\0\xf0\x1b\0\0\0\0\0\0\x04\0\0\0\x33\0\0\0\0\x1c\0\0\0\0\0\0\x04\0\0\
\0\x33\0\0\0\x10\x1c\0\0\0\0\0\0\x04\0\0\0\x33\0\0\0\x28\x1c\0\0\0\0\0\0\x04\0\
\0\0\x52\0\0\0\x38\x1c\0\0\0\0\0\0\x04\0\0\0\x52\0\0\0\x48\x1c\0\0\0\0\0\0\x04\
\0\0\0\x52\0\0\0\x58\x1c\0\0\0\0\0\0\x04\0\0\0\x52\0\0\0\x68\x1c\0\0\0\0\0\0\
\x04\0\0\0\x52\0\0\0\x78\x1c\0\0\0\0\0\0\x04\0\0\0\x52\0\0\0\x88\x1c\0\0\0\0\0\
\0\x04\0\0\0\x52\0\0\0\x98\x1c\0\0\0\0\0\0\x04\0\0\0\x52\0\0\0\xa8\x1c\0\0\0\0\
\0\0\x04\0\0\0\x52\0\0\0\xb8\x1c\0\0\0\0\0\0\x04\0\0\0\x52\0\0\0\xc8\x1c\0\0\0\
\0\0\0\x04\0\0\0\x52\0\0\0\xd8\x1c\0\0\0\0\0\0\x04\0\0\0\x52\0\0\0\xe8\x1c\0\0\
\0\0\0\0\x04\0\0\0\x52\0\0\0\xf8\x1c\0\0\0\0\0\0\x04\0\0\0\x52\0\0\0\x08\x1d\0\
\0\0\0\0\0\x04\0\0\0\x52\0\0\0\x18\x1d\0\0\0\0\0\0\x04\0\0\0\x52\0\0\0\x28\x1d\
\0\0\0\0\0\0\x04\0\0\0\x52\0\0\0\x38\x1d\0\0\0\0\0\0\x04\0\0\0\x52\0\0\0\x48\
\x1d\0\0\0\0\0\0\x04\0\0\0\x52\0\0\0\x58\x1d\0\0\0\0\0\0\x04\0\0\0\x52\0\0\0\
\x68\x1d\0\0\0\0\0\0\x04\0\0\0\x52\0\0\0\x78\x1d\0\0\0\0\0\0\x04\0\0\0\x52\0\0\
\0\x88\x1d\0\0\0\0\0\0\x04\0\0\0\x52\0\0\0\x98\x1d\0\0\0\0\0\0\x04\0\0\0\x52\0\
\0\0\xa8\x1d\0\0\0\0\0\0\x04\0\0\0\x52\0\0\0\xb8\x1d\0\0\0\0\0\0\x04\0\0\0\x52\
\0\0\0\xc8\x1d\0\0\0\0\0\0\x04\0\0\0\x52\0\0\0\xd8\x1d\0\0\0\0\0\0\x04\0\0\0\
\x52\0\0\0\xe8\x1d\0\0\0\0\0\0\x04\0\0\0\x52\0\0\0\xf8\x1d\0\0\0\0\0\0\x04\0\0\
\0\x52\0\0\0\x08\x1e\0\0\0\0\0\0\x04\0\0\0\x52\0\0\0\x18\x1e\0\0\0\0\0\0\x04\0\
\0\0\x52\0\0\0\x28\x1e\0\0\0\0\0\0\x04\0\0\0\x52\0\0\0\x38\x1e\0\0\0\0\0\0\x04\
\0\0\0\x52\0\0\0\x48\x1e\0\0\0\0\0\0\x04\0\0\0\x52\0\0\0\x58\x1e\0\0\0\0\0\0\
\x04\0\0\0\x52\0\0\0\x68\x1e\0\0\0\0\0\0\x04\0\0\0\x52\0\0\0\x78\x1e\0\0\0\0\0\
\0\x04\0\0\0\x52\0\0\0\x88\x1e\0\0\0\0\0\0\x04\0\0\0\x52\0\0\0\x98\x1e\0\0\0\0\
\0\0\x04\0\0\0\x52\0\0\0\xa8\x1e\0\0\0\0\0\0\x04\0\0\0\x52\0\0\0\xb8\x1e\0\0\0\
\0\0\0\x04\0\0\0\x52\0\0\0\xc8\x1e\0\0\0\0\0\0\x04\0\0\0\x52\0\0\0\xd8\x1e\0\0\
\0\0\0\0\x04\0\0\0\x52\0\0\0\xe8\x1e\0\0\0\0\0\0\x04\0\0\0\x52\0\0\0\xf8\x1e\0\
\0\0\0\0\0\x04\0\0\0\x52\0\0\0\x08\x1f\0\0\0\0\0\0\x04\0\0\0\x52\0\0\0\x18\x1f\
\0\0\0\0\0\0\x04\0\0\0\x52\0\0\0\x28\x1f\0\0\0\0\0\0\x04\0\0\0\x52\0\0\0\x38\
\x1f\0\0\0\0\0\0\x04\0\0\0\x52\0\0\0\x48\x1f\0\0\0\0\0\0\x04\0\0\0\x52\0\0\0\
\x58\x1f\0\0\0\0\0\0\x04\0\0\0\x52\0\0\0\x68\x1f\0\0\0\0\0\0\x04\0\0\0\x52\0\0\
\0\x78\x1f\0\0\0\0\0\0\x04\0\0\0\x52\0\0\0\x88\x1f\0\0\0\0\0\0\x04\0\0\0\x52\0\
\0\0\x98\x1f\0\0\0\0\0\0\x04\0\0\0\x52\0\0\0\xa8\x1f\0\0\0\0\0\0\x04\0\0\0\x52\
\0\0\0\xb8\x1f\0\0\0\0\0\0\x04\0\0\0\x52\0\0\0\xc8\x1f\0\0\0\0\0\0\x04\0\0\0\
\x52\0\0\0\xd8\x1f\0\0\0\0\0\0\x04\0\0\0\x52\0\0\0\xe8\x1f\0\0\0\0\0\0\x04\0\0\
\0\x52\0\0\0\xf8\x1f\0\0\0\0\0\0\x04\0\0\0\x52\0\0\0\x08\x20\0\0\0\0\0\0\x04\0\
\0\0\x52\0\0\0\x18\x20\0\0\0\0\0\0\x04\0\0\0\x52\0\0\0\x28\x20\0\0\0\0\0\0\x04\
\0\0\0\x52\0\0\0\x38\x20\0\0\0\0\0\0\x04\0\0\0\x52\0\0\0\x48\x20\0\0\0\0\0\0\
\x04\0\0\0\x52\0\0\0\x58\x20\0\0\0\0\0\0\x04\0\0\0\x52\0\0\0\x68\x20\0\0\0\0\0\
\0\x04\0\0\0\x52\0\0\0\x78\x20\0\0\0\0\0\0\x04\0\0\0\x52\0\0\0\x88\x20\0\0\0\0\
\0\0\x04\0\0\0\x52\0\0\0\x98\x20\0\0\0\0\0\0\x04\0\0\0\x52\0\0\0\xa8\x20\0\0\0\
\0\0\0\x04\0\0\0\x52\0\0\0\xb8\x20\0\0\0\0\0\0\x04\0\0\0\x52\0\0\0\xc8\x20\0\0\
\0\0\0\0\x04\0\0\0\x52\0\0\0\xd8\x20\0\0\0\0\0\0\x04\0\0\0\x52\0\0\0\xe8\x20\0\
\0\0\0\0\0\x04\0\0\0\x52\0\0\0\xf8\x20\0\0\0\0\0\0\x04\0\0\0\x52\0\0\0\x08\x21\
\0\0\0\0\0\0\x04\0\0\0\x52\0\0\0\x18\x21\0\0\0\0\0\0\x04\0\0\0\x52\0\0\0\x28\
\x21\0\0\0\0\0\0\x04\0\0\0\x52\0\0\0\x38\x21\0\0\0\0\0\0\x04\0\0\0\x52\0\0\0\
\x48\x21\0\0\0\0\0\0\x04\0\0\0\x52\0\0\0\x58\x21\0\0\0\0\0\0\x04\0\0\0\x52\0\0\
\0\x68\x21\0\0\0\0\0\0\x04\0\0\0\x52\0\0\0\x78\x21\0\0\0\0\0\0\x04\0\0\0\x52\0\
\0\0\x88\x21\0\0\0\0\0\0\x04\0\0\0\x52\0\0\0\x98\x21\0\0\0\0\0\0\x04\0\0\0\x52\
\0\0\0\xa8\x21\0\0\0\0\0\0\x04\0\0\0\x52\0\0\0\xb8\x21\0\0\0\0\0\0\x04\0\0\0\
\x52\0\0\0\xc8\x21\0\0\0\0\0\0\x04\0\0\0\x52\0\0\0\xd8\x21\0\0\0\0\0\0\x04\0\0\
\0\x52\0\0\0\xe8\x21\0\0\0\0\0\0\x04\0\0\0\x52\0\0\0\xf8\x21\0\0\0\0\0\0\x04\0\
\0\0\x52\0\0\0\x08\x22\0\0\0\0\0\0\x04\0\0\0\x52\0\0\0\x18\x22\0\0\0\0\0\0\x04\
\0\0\0\x52\0\0\0\x28\x22\0\0\0\0\0\0\x04\0\0\0\x52\0\0\0\x38\x22\0\0\0\0\0\0\
\x04\0\0\0\x52\0\0\0\x48\x22\0\0\0\0\0\0\x04\0\0\0\x52\0\0\0\x58\x22\0\0\0\0\0\
\0\x04\0\0\0\x52\0\0\0\x68\x22\0\0\0\0\0\0\x04\0\0\0\x52\0\0\0\x78\x22\0\0\0\0\
\0\0\x04\0\0\0\x52\0\0\0\x88\x22\0\0\0\0\0\0\x04\0\0\0\x52\0\0\0\x98\x22\0\0\0\
\0\0\0\x04\0\0\0\x52\0\0\0\xa8\x22\0\0\0\0\0\0\x04\0\0\0\x52\0\0\0\xb8\x22\0\0\
\0\0\0\0\x04\0\0\0\x52\0\0\0\xc8\x22\0\0\0\0\0\0\x04\0\0\0\x52\0\0\0\xd8\x22\0\
\0\0\0\0\0\x04\0\0\0\x52\0\0\0\xe8\x22\0\0\0\0\0\0\x04\0\0\0\x52\0\0\0\xf8\x22\
\0\0\0\0\0\0\x04\0\0\0\x52\0\0\0\x08\x23\0\0\0\0\0\0\x04\0\0\0\x52\0\0\0\x18\
\x23\0\0\0\0\0\0\x04\0\0\0\x52\0\0\0\x28\x23\0\0\0\0\0\0\x04\0\0\0\x52\0\0\0\
\x38\x23\0\0\0\0\0\0\x04\0\0\0\x52\0\0\0\x48\x23\0\0\0\0\0\0\x04\0\0\0\x52\0\0\
\0\x58\x23\0\0\0\0\0\0\x04\0\0\0\x52\0\0\0\x68\x23\0\0\0\0\0\0\x04\0\0\0\x52\0\
\0\0\x78\x23\0\0\0\0\0\0\x04\0\0\0\x52\0\0\0\x88\x23\0\0\0\0\0\0\x04\0\0\0\x52\
\0\0\0\x98\x23\0\0\0\0\0\0\x04\0\0\0\x52\0\0\0\xa8\x23\0\0\0\0\0\0\x04\0\0\0\
\x52\0\0\0\xb8\x23\0\0\0\0\0\0\x04\0\0\0\x52\0\0\0\xc8\x23\0\0\0\0\0\0\x04\0\0\
\0\x52\0\0\0\xd8\x23\0\0\0\0\0\0\x04\0\0\0\x52\0\0\0\xe8\x23\0\0\0\0\0\0\x04\0\
\0\0\x52\0\0\0\xf8\x23\0\0\0\0\0\0\x04\0\0\0\x52\0\0\0\x08\x24\0\0\0\0\0\0\x04\
\0\0\0\x52\0\0\0\x18\x24\0\0\0\0\0\0\x04\0\0\0\x52\0\0\0\x28\x24\0\0\0\0\0\0\
\x04\0\0\0\x52\0\0\0\x38\x24\0\0\0\0\0\0\x04\0\0\0\x52\0\0\0\x48\x24\0\0\0\0\0\
\0\x04\0\0\0\x52\0\0\0\x58\x24\0\0\0\0\0\0\x04\0\0\0\x52\0\0\0\x68\x24\0\0\0\0\
\0\0\x04\0\0\0\x52\0\0\0\x78\x24\0\0\0\0\0\0\x04\0\0\0\x52\0\0\0\x88\x24\0\0\0\
\0\0\0\x04\0\0\0\x52\0\0\0\x98\x24\0\0\0\0\0\0\x04\0\0\0\x52\0\0\0\xa8\x24\0\0\
\0\0\0\0\x04\0\0\0\x52\0\0\0\xb8\x24\0\0\0\0\0\0\x04\0\0\0\x52\0\0\0\xc8\x24\0\
\0\0\0\0\0\x04\0\0\0\x52\0\0\0\xd8\x24\0\0\0\0\0\0\x04\0\0\0\x52\0\0\0\xe8\x24\
\0\0\0\0\0\0\x04\0\0\0\x52\0\0\0\xf8\x24\0\0\0\0\0\0\x04\0\0\0\x52\0\0\0\x08\
\x25\0\0\0\0\0\0\x04\0\0\0\x52\0\0\0\x18\x25\0\0\0\0\0\0\x04\0\0\0\x52\0\0\0\
\x28\x25\0\0\0\0\0\0\x04\0\0\0\x52\0\0\0\x38\x25\0\0\0\0\0\0\x04\0\0\0\x52\0\0\
\0\x48\x25\0\0\0\0\0\0\x04\0\0\0\x52\0\0\0\x58\x25\0\0\0\0\0\0\x04\0\0\0\x52\0\
\0\0\x68\x25\0\0\0\0\0\0\x04\0\0\0\x52\0\0\0\x78\x25\0\0\0\0\0\0\x04\0\0\0\x52\
\0\0\0\x88\x25\0\0\0\0\0\0\x04\0\0\0\x52\0\0\0\x98\x25\0\0\0\0\0\0\x04\0\0\0\
\x52\0\0\0\xa8\x25\0\0\0\0\0\0\x04\0\0\0\x52\0\0\0\xb8\x25\0\0\0\0\0\0\x04\0\0\
\0\x52\0\0\0\xc8\x25\0\0\0\0\0\0\x04\0\0\0\x52\0\0\0\xd8\x25\0\0\0\0\0\0\x04\0\
\0\0\x52\0\0\0\xe8\x25\0\0\0\0\0\0\x04\0\0\0\x52\0\0\0\xf8\x25\0\0\0\0\0\0\x04\
\0\0\0\x52\0\0\0\x10\x26\0\0\0\0\0\0\x04\0\0\0\x73\0\0\0\x20\x26\0\0\0\0\0\0\
\x04\0\0\0\x73\0\0\0\x30\x26\0\0\0\0\0\0\x04\0\0\0\x73\0\0\0\x40\x26\0\0\0\0\0\
\0\x04\0\0\0\x73\0\0\0\x50\x26\0\0\0\0\0\0\x04\0\0\0\x73\0\0\0\x60\x26\0\0\0\0\
\0\0\x04\0\0\0\x73\0\0\0\x70\x26\0\0\0\0\0\0\x04\0\0\0\x73\0\0\0\x80\x26\0\0\0\
\0\0\0\x04\0\0\0\x73\0\0\0\x90\x26\0\0\0\0\0\0\x04\0\0\0\x73\0\0\0\xa0\x26\0\0\
\0\0\0\0\x04\0\0\0\x73\0\0\0\xb0\x26\0\0\0\0\0\0\x04\0\0\0\x73\0\0\0\xc0\x26\0\
\0\0\0\0\0\x04\0\0\0\x73\0\0\0\xd0\x26\0\0\0\0\0\0\x04\0\0\0\x73\0\0\0\xe0\x26\
\0\0\0\0\0\0\x04\0\0\0\x73\0\0\0\xf0\x26\0\0\0\0\0\0\x04\0\0\0\x73\0\0\0\0\x27\
\0\0\0\0\0\0\x04\0\0\0\x73\0\0\0\x10\x27\0\0\0\0\0\0\x04\0\0\0\x73\0\0\0\x20\
\x27\0\0\0\0\0\0\x04\0\0\0\x73\0\0\0\x30\x27\0\0\0\0\0\0\x04\0\0\0\x73\0\0\0\
\x40\x27\0\0\0\0\0\0\x04\0\0\0\x73\0\0\0\x50\x27\0\0\0\0\0\0\x04\0\0\0\x73\0\0\
\0\x60\x27\0\0\0\0\0\0\x04\0\0\0\x73\0\0\0\x70\x27\0\0\0\0\0\0\x04\0\0\0\x73\0\
\0\0\x80\x27\0\0\0\0\0\0\x04\0\0\0\x73\0\0\0\x90\x27\0\0\0\0\0\0\x04\0\0\0\x73\
\0\0\0\xa0\x27\0\0\0\0\0\0\x04\0\0\0\x73\0\0\0\xb0\x27\0\0\0\0\0\0\x04\0\0\0\
\x73\0\0\0\xc0\x27\0\0\0\0\0\0\x04\0\0\0\x73\0\0\0\xd0\x27\0\0\0\0\0\0\x04\0\0\
\0\x73\0\0\0\xe0\x27\0\0\0\0\0\0\x04\0\0\0\x73\0\0\0\xf0\x27\0\0\0\0\0\0\x04\0\
\0\0\x73\0\0\0\0\x28\0\0\0\0\0\0\x04\0\0\0\x73\0\0\0\x10\x28\0\0\0\0\0\0\x04\0\
\0\0\x73\0\0\0\x20\x28\0\0\0\0\0\0\x04\0\0\0\x73\0\0\0\x30\x28\0\0\0\0\0\0\x04\
\0\0\0\x73\0\0\0\x40\x28\0\0\0\0\0\0\x04\0\0\0\x73\0\0\0\x50\x28\0\0\0\0\0\0\
\x04\0\0\0\x73\0\0\0\x60\x28\0\0\0\0\0\0\x04\0\0\0\x73\0\0\0\x70\x28\0\0\0\0\0\
\0\x04\0\0\0\x73\0\0\0\x80\x28\0\0\0\0\0\0\x04\0\0\0\x73\0\0\0\x90\x28\0\0\0\0\
\0\0\x04\0\0\0\x73\0\0\0\xa0\x28\0\0\0\0\0\0\x04\0\0\0\x73\0\0\0\xb0\x28\0\0\0\
\0\0\0\x04\0\0\0\x73\0\0\0\xc0\x28\0\0\0\0\0\0\x04\0\0\0\x73\0\0\0\xd0\x28\0\0\
\0\0\0\0\x04\0\0\0\x73\0\0\0\xe0\x28\0\0\0\0\0\0\x04\0\0\0\x73\0\0\0\xf0\x28\0\
\0\0\0\0\0\x04\0\0\0\x73\0\0\0\0\x29\0\0\0\0\0\0\x04\0\0\0\x73\0\0\0\x10\x29\0\
\0\0\0\0\0\x04\0\0\0\x73\0\0\0\x20\x29\0\0\0\0\0\0\x04\0\0\0\x73\0\0\0\x30\x29\
\0\0\0\0\0\0\x04\0\0\0\x73\0\0\0\x40\x29\0\0\0\0\0\0\x04\0\0\0\x73\0\0\0\x50\
\x29\0\0\0\0\0\0\x04\0\0\0\x73\0\0\0\x60\x29\0\0\0\0\0\0\x04\0\0\0\x73\0\0\0\
\x70\x29\0\0\0\0\0\0\x04\0\0\0\x73\0\0\0\x80\x29\0\0\0\0\0\0\x04\0\0\0\x73\0\0\
\0\x90\x29\0\0\0\0\0\0\x04\0\0\0\x73\0\0\0\xa0\x29\0\0\0\0\0\0\x04\0\0\0\x73\0\
\0\0\xb0\x29\0\0\0\0\0\0\x04\0\0\0\x73\0\0\0\xc0\x29\0\0\0\0\0\0\x04\0\0\0\x73\
\0\0\0\xd0\x29\0\0\0\0\0\0\x04\0\0\0\x73\0\0\0\xe0\x29\0\0\0\0\0\0\x04\0\0\0\
\x73\0\0\0\xf0\x29\0\0\0\0\0\0\x04\0\0\0\x73\0\0\0\0\x2a\0\0\0\0\0\0\x04\0\0\0\
\x73\0\0\0\x10\x2a\0\0\0\0\0\0\x04\0\0\0\x73\0\0\0\x20\x2a\0\0\0\0\0\0\x04\0\0\
\0\x73\0\0\0\x30\x2a\0\0\0\0\0\0\x04\0\0\0\x73\0\0\0\x40\x2a\0\0\0\0\0\0\x04\0\
\0\0\x73\0\0\0\x50\x2a\0\0\0\0\0\0\x04\0\0\0\x73\0\0\0\x60\x2a\0\0\0\0\0\0\x04\
\0\0\0\x73\0\0\0\x70\x2a\0\0\0\0\0\0\x04\0\0\0\x73\0\0\0\x80\x2a\0\0\0\0\0\0\
\x04\0\0\0\x73\0\0\0\x90\x2a\0\0\0\0\0\0\x04\0\0\0\x73\0\0\0\xa0\x2a\0\0\0\0\0\
\0\x04\0\0\0\x73\0\0\0\xb0\x2a\0\0\0\0\0\0\x04\0\0\0\x73\0\0\0\xc0\x2a\0\0\0\0\
\0\0\x04\0\0\0\x73\0\0\0\xd0\x2a\0\0\0\0\0\0\x04\0\0\0\x73\0\0\0\xe0\x2a\0\0\0\
\0\0\0\x04\0\0\0\x73\0\0\0\xf0\x2a\0\0\0\0\0\0\x04\0\0\0\x73\0\0\0\0\x2b\0\0\0\
\0\0\0\x04\0\0\0\x73\0\0\0\x10\x2b\0\0\0\0\0\0\x04\0\0\0\x73\0\0\0\x20\x2b\0\0\
\0\0\0\0\x04\0\0\0\x73\0\0\0\x30\x2b\0\0\0\0\0\0\x04\0\0\0\x73\0\0\0\x40\x2b\0\
\0\0\0\0\0\x04\0\0\0\x73\0\0\0\x50\x2b\0\0\0\0\0\0\x04\0\0\0\x73\0\0\0\x60\x2b\
\0\0\0\0\0\0\x04\0\0\0\x73\0\0\0\x70\x2b\0\0\0\0\0\0\x04\0\0\0\x73\0\0\0\x80\
\x2b\0\0\0\0\0\0\x04\0\0\0\x73\0\0\0\x90\x2b\0\0\0\0\0\0\x04\0\0\0\x73\0\0\0\
\xa0\x2b\0\0\0\0\0\0\x04\0\0\0\x73\0\0\0\xb0\x2b\0\0\0\0\0\0\x04\0\0\0\x73\0\0\
\0\xc0\x2b\0\0\0\0\0\0\x04\0\0\0\x73\0\0\0\xd0\x2b\0\0\0\0\0\0\x04\0\0\0\x73\0\
\0\0\xe0\x2b\0\0\0\0\0\0\x04\0\0\0\x73\0\0\0\xf0\x2b\0\0\0\0\0\0\x04\0\0\0\x73\
\0\0\0\0\x2c\0\0\0\0\0\0\x04\0\0\0\x73\0\0\0\x10\x2c\0\0\0\0\0\0\x04\0\0\0\x73\
\0\0\0\x20\x2c\0\0\0\0\0\0\x04\0\0\0\x73\0\0\0\x30\x2c\0\0\0\0\0\0\x04\0\0\0\
\x73\0\0\0\x40\x2c\0\0\0\0\0\0\x04\0\0\0\x73\0\0\0\x50\x2c\0\0\0\0\0\0\x04\0\0\
\0\x73\0\0\0\x60\x2c\0\0\0\0\0\0\x04\0\0\0\x73\0\0\0\x70\x2c\0\0\0\0\0\0\x04\0\
\0\0\x73\0\0\0\x80\x2c\0\0\0\0\0\0\x04\0\0\0\x73\0\0\0\x90\x2c\0\0\0\0\0\0\x04\
\0\0\0\x73\0\0\0\xa0\x2c\0\0\0\0\0\0\x04\0\0\0\x73\0\0\0\xb0\x2c\0\0\0\0\0\0\
\x04\0\0\0\x73\0\0\0\xc0\x2c\0\0\0\0\0\0\x04\0\0\0\x73\0\0\0\xd0\x2c\0\0\0\0\0\
\0\x04\0\0\0\x73\0\0\0\xe0\x2c\0\0\0\0\0\0\x04\0\0\0\x73\0\0\0\xf0\x2c\0\0\0\0\
\0\0\x04\0\0\0\x73\0\0\0\0\x2d\0\0\0\0\0\0\x04\0\0\0\x73\0\0\0\x10\x2d\0\0\0\0\
\0\0\x04\0\0\0\x73\0\0\0\x20\x2d\0\0\0\0\0\0\x04\0\0\0\x73\0\0\0\x30\x2d\0\0\0\
\0\0\0\x04\0\0\0\x73\0\0\0\x40\x2d\0\0\0\0\0\0\x04\0\0\0\x73\0\0\0\x50\x2d\0\0\
\0\0\0\0\x04\0\0\0\x73\0\0\0\x60\x2d\0\0\0\0\0\0\x04\0\0\0\x73\0\0\0\x70\x2d\0\
\0\0\0\0\0\x04\0\0\0\x73\0\0\0\x80\x2d\0\0\0\0\0\0\x04\0\0\0\x73\0\0\0\x90\x2d\
\0\0\0\0\0\0\x04\0\0\0\x73\0\0\0\xa0\x2d\0\0\0\0\0\0\x04\0\0\0\x73\0\0\0\xb0\
\x2d\0\0\0\0\0\0\x04\0\0\0\x73\0\0\0\xc0\x2d\0\0\0\0\0\0\x04\0\0\0\x73\0\0\0\
\xd0\x2d\0\0\0\0\0\0\x04\0\0\0\x73\0\0\0\xe0\x2d\0\0\0\0\0\0\x04\0\0\0\x73\0\0\
\0\xf0\x2d\0\0\0\0\0\0\x04\0\0\0\x73\0\0\0\0\x2e\0\0\0\0\0\0\x04\0\0\0\x73\0\0\
\0\x10\x2e\0\0\0\0\0\0\x04\0\0\0\x73\0\0\0\x20\x2e\0\0\0\0\0\0\x04\0\0\0\x73\0\
\0\0\x30\x2e\0\0\0\0\0\0\x04\0\0\0\x73\0\0\0\x40\x2e\0\0\0\0\0\0\x04\0\0\0\x73\
\0\0\0\x50\x2e\0\0\0\0\0\0\x04\0\0\0\x73\0\0\0\x60\x2e\0\0\0\0\0\0\x04\0\0\0\
\x73\0\0\0\x70\x2e\0\0\0\0\0\0\x04\0\0\0\x73\0\0\0\x80\x2e\0\0\0\0\0\0\x04\0\0\
\0\x73\0\0\0\x90\x2e\0\0\0\0\0\0\x04\0\0\0\x73\0\0\0\xa0\x2e\0\0\0\0\0\0\x04\0\
\0\0\x73\0\0\0\xb0\x2e\0\0\0\0\0\0\x04\0\0\0\x73\0\0\0\xc0\x2e\0\0\0\0\0\0\x04\
\0\0\0\x73\0\0\0\xd0\x2e\0\0\0\0\0\0\x04\0\0\0\x73\0\0\0\xe0\x2e\0\0\0\0\0\0\
\x04\0\0\0\x73\0\0\0\xf0\x2e\0\0\0\0\0\0\x04\0\0\0\x73\0\0\0\0\x2f\0\0\0\0\0\0\
\x04\0\0\0\x73\0\0\0\x10\x2f\0\0\0\0\0\0\x04\0\0\0\x73\0\0\0\x20\x2f\0\0\0\0\0\
\0\x04\0\0\0\x73\0\0\0\x30\x2f\0\0\0\0\0\0\x04\0\0\0\x73\0\0\0\x40\x2f\0\0\0\0\
\0\0\x04\0\0\0\x73\0\0\0\x50\x2f\0\0\0\0\0\0\x04\0\0\0\x73\0\0\0\x60\x2f\0\0\0\
\0\0\0\x04\0\0\0\x73\0\0\0\x70\x2f\0\0\0\0\0\0\x04\0\0\0\x73\0\0\0\x80\x2f\0\0\
\0\0\0\0\x04\0\0\0\x73\0\0\0\x90\x2f\0\0\0\0\0\0\x04\0\0\0\x73\0\0\0\xa0\x2f\0\
\0\0\0\0\0\x04\0\0\0\x73\0\0\0\xb0\x2f\0\0\0\0\0\0\x04\0\0\0\x73\0\0\0\xc0\x2f\
\0\0\0\0\0\0\x04\0\0\0\x73\0\0\0\xd0\x2f\0\0\0\0\0\0\x04\0\0\0\x73\0\0\0\xe8\
\x2f\0\0\0\0\0\0\x04\0\0\0\x92\0\0\0\xf8\x2f\0\0\0\0\0\0\x04\0\0\0\x92\0\0\0\
\x08\x30\0\0\0\0\0\0\x04\0\0\0\x92\0\0\0\x18\x30\0\0\0\0\0\0\x04\0\0\0\x92\0\0\
\0\x28\x30\0\0\0\0\0\0\x04\0\0\0\x92\0\0\0\x38\x30\0\0\0\0\0\0\x04\0\0\0\x92\0\
\0\0\x48\x30\0\0\0\0\0\0\x04\0\0\0\x92\0\0\0\x58\x30\0\0\0\0\0\0\x04\0\0\0\x92\
\0\0\0\x68\x30\0\0\0\0\0\0\x04\0\0\0\x92\0\0\0\x78\x30\0\0\0\0\0\0\x04\0\0\0\
\x92\0\0\0\x88\x30\0\0\0\0\0\0\x04\0\0\0\x92\0\0\0\x98\x30\0\0\0\0\0\0\x04\0\0\
\0\x92\0\0\0\xa8\x30\0\0\0\0\0\0\x04\0\0\0\x92\0\0\0\xb8\x30\0\0\0\0\0\0\x04\0\
\0\0\x92\0\0\0\xc8\x30\0\0\0\0\0\0\x04\0\0\0\x92\0\0\0\xd8\x30\0\0\0\0\0\0\x04\
\0\0\0\x92\0\0\0\xe8\x30\0\0\0\0\0\0\x04\0\0\0\x92\0\0\0\xf8\x30\0\0\0\0\0\0\
\x04\0\0\0\x92\0\0\0\x08\x31\0\0\0\0\0\0\x04\0\0\0\x92\0\0\0\x18\x31\0\0\0\0\0\
\0\x04\0\0\0\x92\0\0\0\x28\x31\0\0\0\0\0\0\x04\0\0\0\x92\0\0\0\x38\x31\0\0\0\0\
\0\0\x04\0\0\0\x92\0\0\0\x48\x31\0\0\0\0\0\0\x04\0\0\0\x92\0\0\0\x58\x31\0\0\0\
\0\0\0\x04\0\0\0\x92\0\0\0\x68\x31\0\0\0\0\0\0\x04\0\0\0\x92\0\0\0\x78\x31\0\0\
\0\0\0\0\x04\0\0\0\x92\0\0\0\x88\x31\0\0\0\0\0\0\x04\0\0\0\x92\0\0\0\x98\x31\0\
\0\0\0\0\0\x04\0\0\0\x92\0\0\0\xa8\x31\0\0\0\0\0\0\x04\0\0\0\x92\0\0\0\xb8\x31\
\0\0\0\0\0\0\x04\0\0\0\x92\0\0\0\xc8\x31\0\0\0\0\0\0\x04\0\0\0\x92\0\0\0\xd8\
\x31\0\0\0\0\0\0\x04\0\0\0\x92\0\0\0\xe8\x31\0\0\0\0\0\0\x04\0\0\0\x92\0\0\0\
\xf8\x31\0\0\0\0\0\0\x04\0\0\0\x92\0\0\0\x08\x32\0\0\0\0\0\0\x04\0\0\0\x92\0\0\
\0\x18\x32\0\0\0\0\0\0\x04\0\0\0\x92\0\0\0\x28\x32\0\0\0\0\0\0\x04\0\0\0\x92\0\
\0\0\x38\x32\0\0\0\0\0\0\x04\0\0\0\x92\0\0\0\x48\x32\0\0\0\0\0\0\x04\0\0\0\x92\
\0\0\0\x58\x32\0\0\0\0\0\0\x04\0\0\0\x92\0\0\0\x68\x32\0\0\0\0\0\0\x04\0\0\0\
\x92\0\0\0\x78\x32\0\0\0\0\0\0\x04\0\0\0\x92\0\0\0\x88\x32\0\0\0\0\0\0\x04\0\0\
\0\x92\0\0\0\x98\x32\0\0\0\0\0\0\x04\0\0\0\x92\0\0\0\xb0\x32\0\0\0\0\0\0\x04\0\
\0\0\x01\0\0\0\xc0\x32\0\0\0\0\0\0\x04\0\0\0\x01\0\0\0\xd0\x32\0\0\0\0\0\0\x04\
\0\0\0\x01\0\0\0\xe0\x32\0\0\0\0\0\0\x04\0\0\0\x01\0\0\0\xf0\x32\0\0\0\0\0\0\
\x04\0\0\0\x01\0\0\0\x0c\x33\0\0\0\0\0\0\x04\0\0\0\x02\0\0\0\x1c\x33\0\0\0\0\0\
\0\x04\0\0\0\x02\0\0\0\x2c\x33\0\0\0\0\0\0\x04\0\0\0\x02\0\0\0\x3c\x33\0\0\0\0\
\0\0\x04\0\0\0\x02\0\0\0\x4c\x33\0\0\0\0\0\0\x04\0\0\0\x02\0\0\0\x5c\x33\0\0\0\
\0\0\0\x04\0\0\0\x02\0\0\0\x6c\x33\0\0\0\0\0\0\x04\0\0\0\x02\0\0\0\x7c\x33\0\0\
\0\0\0\0\x04\0\0\0\x02\0\0\0\x8c\x33\0\0\0\0\0\0\x04\0\0\0\x02\0\0\0\x9c\x33\0\
\0\0\0\0\0\x04\0\0\0\x02\0\0\0\xac\x33\0\0\0\0\0\0\x04\0\0\0\x02\0\0\0\xbc\x33\
\0\0\0\0\0\0\x04\0\0\0\x02\0\0\0\xcc\x33\0\0\0\0\0\0\x04\0\0\0\x02\0\0\0\xdc\
\x33\0\0\0\0\0\0\x04\0\0\0\x02\0\0\0\xec\x33\0\0\0\0\0\0\x04\0\0\0\x02\0\0\0\
\xfc\x33\0\0\0\0\0\0\x04\0\0\0\x02\0\0\0\x0c\x34\0\0\0\0\0\0\x04\0\0\0\x02\0\0\
\0\x1c\x34\0\0\0\0\0\0\x04\0\0\0\x02\0\0\0\x2c\x34\0\0\0\0\0\0\x04\0\0\0\x02\0\
\0\0\x3c\x34\0\0\0\0\0\0\x04\0\0\0\x02\0\0\0\x4c\x34\0\0\0\0\0\0\x04\0\0\0\x02\
\0\0\0\x5c\x34\0\0\0\0\0\0\x04\0\0\0\x02\0\0\0\x6c\x34\0\0\0\0\0\0\x04\0\0\0\
\x02\0\0\0\x7c\x34\0\0\0\0\0\0\x04\0\0\0\x02\0\0\0\x8c\x34\0\0\0\0\0\0\x04\0\0\
\0\x02\0\0\0\x9c\x34\0\0\0\0\0\0\x04\0\0\0\x02\0\0\0\xb4\x34\0\0\0\0\0\0\x04\0\
\0\0\x13\0\0\0\xc4\x34\0\0\0\0\0\0\x04\0\0\0\x13\0\0\0\xd4\x34\0\0\0\0\0\0\x04\
\0\0\0\x13\0\0\0\xe4\x34\0\0\0\0\0\0\x04\0\0\0\x13\0\0\0\xf4\x34\0\0\0\0\0\0\
\x04\0\0\0\x13\0\0\0\x04\x35\0\0\0\0\0\0\x04\0\0\0\x13\0\0\0\x14\x35\0\0\0\0\0\
\0\x04\0\0\0\x13\0\0\0\x24\x35\0\0\0\0\0\0\x04\0\0\0\x13\0\0\0\x34\x35\0\0\0\0\
\0\0\x04\0\0\0\x13\0\0\0\x44\x35\0\0\0\0\0\0\x04\0\0\0\x13\0\0\0\x54\x35\0\0\0\
\0\0\0\x04\0\0\0\x13\0\0\0\x64\x35\0\0\0\0\0\0\x04\0\0\0\x13\0\0\0\x74\x35\0\0\
\0\0\0\0\x04\0\0\0\x13\0\0\0\x84\x35\0\0\0\0\0\0\x04\0\0\0\x13\0\0\0\x94\x35\0\
\0\0\0\0\0\x04\0\0\0\x13\0\0\0\xa4\x35\0\0\0\0\0\0\x04\0\0\0\x13\0\0\0\xb4\x35\
\0\0\0\0\0\0\x04\0\0\0\x13\0\0\0\xc4\x35\0\0\0\0\0\0\x04\0\0\0\x13\0\0\0\xd4\
\x35\0\0\0\0\0\0\x04\0\0\0\x13\0\0\0\xe4\x35\0\0\0\0\0\0\x04\0\0\0\x13\0\0\0\
\xf4\x35\0\0\0\0\0\0\x04\0\0\0\x13\0\0\0\x04\x36\0\0\0\0\0\0\x04\0\0\0\x13\0\0\
\0\x14\x36\0\0\0\0\0\0\x04\0\0\0\x13\0\0\0\x24\x36\0\0\0\0\0\0\x04\0\0\0\x13\0\
\0\0\x34\x36\0\0\0\0\0\0\x04\0\0\0\x13\0\0\0\x44\x36\0\0\0\0\0\0\x04\0\0\0\x13\
\0\0\0\x54\x36\0\0\0\0\0\0\x04\0\0\0\x13\0\0\0\x64\x36\0\0\0\0\0\0\x04\0\0\0\
\x13\0\0\0\x74\x36\0\0\0\0\0\0\x04\0\0\0\x13\0\0\0\x84\x36\0\0\0\0\0\0\x04\0\0\
\0\x13\0\0\0\x94\x36\0\0\0\0\0\0\x04\0\0\0\x13\0\0\0\xa4\x36\0\0\0\0\0\0\x04\0\
\0\0\x13\0\0\0\xbc\x36\0\0\0\0\0\0\x04\0\0\0\x33\0\0\0\xcc\x36\0\0\0\0\0\0\x04\
\0\0\0\x33\0\0\0\xdc\x36\0\0\0\0\0\0\x04\0\0\0\x33\0\0\0\xec\x36\0\0\0\0\0\0\
\x04\0\0\0\x33\0\0\0\xfc\x36\0\0\0\0\0\0\x04\0\0\0\x33\0\0\0\x0c\x37\0\0\0\0\0\
\0\x04\0\0\0\x33\0\0\0\x1c\x37\0\0\0\0\0\0\x04\0\0\0\x33\0\0\0\x2c\x37\0\0\0\0\
\0\0\x04\0\0\0\x33\0\0\0\x3c\x37\0\0\0\0\0\0\x04\0\0\0\x33\0\0\0\x4c\x37\0\0\0\
\0\0\0\x04\0\0\0\x33\0\0\0\x5c\x37\0\0\0\0\0\0\x04\0\0\0\x33\0\0\0\x6c\x37\0\0\
\0\0\0\0\x04\0\0\0\x33\0\0\0\x7c\x37\0\0\0\0\0\0\x04\0\0\0\x33\0\0\0\x8c\x37\0\
\0\0\0\0\0\x04\0\0\0\x33\0\0\0\x9c\x37\0\0\0\0\0\0\x04\0\0\0\x33\0\0\0\xac\x37\
\0\0\0\0\0\0\x04\0\0\0\x33\0\0\0\xbc\x37\0\0\0\0\0\0\x04\0\0\0\x33\0\0\0\xcc\
\x37\0\0\0\0\0\0\x04\0\0\0\x33\0\0\0\xdc\x37\0\0\0\0\0\0\x04\0\0\0\x33\0\0\0\
\xec\x37\0\0\0\0\0\0\x04\0\0\0\x33\0\0\0\xfc\x37\0\0\0\0\0\0\x04\0\0\0\x33\0\0\
\0\x0c\x38\0\0\0\0\0\0\x04\0\0\0\x33\0\0\0\x1c\x38\0\0\0\0\0\0\x04\0\0\0\x33\0\
\0\0\x2c\x38\0\0\0\0\0\0\x04\0\0\0\x33\0\0\0\x3c\x38\0\0\0\0\0\0\x04\0\0\0\x33\
\0\0\0\x4c\x38\0\0\0\0\0\0\x04\0\0\0\x33\0\0\0\x5c\x38\0\0\0\0\0\0\x04\0\0\0\
\x33\0\0\0\x6c\x38\0\0\0\0\0\0\x04\0\0\0\x33\0\0\0\x7c\x38\0\0\0\0\0\0\x04\0\0\
\0\x33\0\0\0\x8c\x38\0\0\0\0\0\0\x04\0\0\0\x33\0\0\0\x9c\x38\0\0\0\0\0\0\x04\0\
\0\0\x33\0\0\0\xac\x38\0\0\0\0\0\0\x04\0\0\0\x33\0\0\0\xc4\x38\0\0\0\0\0\0\x04\
\0\0\0\x52\0\0\0\xd4\x38\0\0\0\0\0\0\x04\0\0\0\x52\0\0\0\xe4\x38\0\0\0\0\0\0\
\x04\0\0\0\x52\0\0\0\xf4\x38\0\0\0\0\0\0\x04\0\0\0\x52\0\0\0\x04\x39\0\0\0\0\0\
\0\x04\0\0\0\x52\0\0\0\x14\x39\0\0\0\0\0\0\x04\0\0\0\x52\0\0\0\x24\x39\0\0\0\0\
\0\0\x04\0\0\0\x52\0\0\0\x34\x39\0\0\0\0\0\0\x04\0\0\0\x52\0\0\0\x44\x39\0\0\0\
\0\0\0\x04\0\0\0\x52\0\0\0\x54\x39\0\0\0\0\0\0\x04\0\0\0\x52\0\0\0\x64\x39\0\0\
\0\0\0\0\x04\0\0\0\x52\0\0\0\x74\x39\0\0\0\0\0\0\x04\0\0\0\x52\0\0\0\x84\x39\0\
\0\0\0\0\0\x04\0\0\0\x52\0\0\0\x94\x39\0\0\0\0\0\0\x04\0\0\0\x52\0\0\0\xa4\x39\
\0\0\0\0\0\0\x04\0\0\0\x52\0\0\0\xb4\x39\0\0\0\0\0\0\x04\0\0\0\x52\0\0\0\xc4\
\x39\0\0\0\0\0\0\x04\0\0\0\x52\0\0\0\xd4\x39\0\0\0\0\0\0\x04\0\0\0\x52\0\0\0\
\xe4\x39\0\0\0\0\0\0\x04\0\0\0\x52\0\0\0\xf4\x39\0\0\0\0\0\0\x04\0\0\0\x52\0\0\
\0\x04\x3a\0\0\0\0\0\0\x04\0\0\0\x52\0\0\0\x14\x3a\0\0\0\0\0\0\x04\0\0\0\x52\0\
\0\0\x24\x3a\0\0\0\0\0\0\x04\0\0\0\x52\0\0\0\x34\x3a\0\0\0\0\0\0\x04\0\0\0\x52\
\0\0\0\x44\x3a\0\0\0\0\0\0\x04\0\0\0\x52\0\0\0\x54\x3a\0\0\0\0\0\0\x04\0\0\0\
\x52\0\0\0\x64\x3a\0\0\0\0\0\0\x04\0\0\0\x52\0\0\0\x74\x3a\0\0\0\0\0\0\x04\0\0\
\0\x52\0\0\0\x84\x3a\0\0\0\0\0\0\x04\0\0\0\x52\0\0\0\x94\x3a\0\0\0\0\0\0\x04\0\
\0\0\x52\0\0\0\xa4\x3a\0\0\0\0\0\0\x04\0\0\0\x52\0\0\0\xb4\x3a\0\0\0\0\0\0\x04\
\0\0\0\x52\0\0\0\xcc\x3a\0\0\0\0\0\0\x04\0\0\0\x73\0\0\0\xdc\x3a\0\0\0\0\0\0\
\x04\0\0\0\x73\0\0\0\xec\x3a\0\0\0\0\0\0\x04\0\0\0\x73\0\0\0\xfc\x3a\0\0\0\0\0\
\0\x04\0\0\0\x73\0\0\0\x0c\x3b\0\0\0\0\0\0\x04\0\0\0\x73\0\0\0\x1c\x3b\0\0\0\0\
\0\0\x04\0\0\0\x73\0\0\0\x2c\x3b\0\0\0\0\0\0\x04\0\0\0\x73\0\0\0\x3c\x3b\0\0\0\
\0\0\0\x04\0\0\0\x73\0\0\0\x4c\x3b\0\0\0\0\0\0\x04\0\0\0\x73\0\0\0\x5c\x3b\0\0\
\0\0\0\0\x04\0\0\0\x73\0\0\0\x6c\x3b\0\0\0\0\0\0\x04\0\0\0\x73\0\0\0\x7c\x3b\0\
\0\0\0\0\0\x04\0\0\0\x73\0\0\0\x8c\x3b\0\0\0\0\0\0\x04\0\0\0\x73\0\0\0\x9c\x3b\
\0\0\0\0\0\0\x04\0\0\0\x73\0\0\0\xac\x3b\0\0\0\0\0\0\x04\0\0\0\x73\0\0\0\xbc\
\x3b\0\0\0\0\0\0\x04\0\0\0\x73\0\0\0\xcc\x3b\0\0\0\0\0\0\x04\0\0\0\x73\0\0\0\
\xdc\x3b\0\0\0\0\0\0\x04\0\0\0\x73\0\0\0\xec\x3b\0\0\0\0\0\0\x04\0\0\0\x73\0\0\
\0\xfc\x3b\0\0\0\0\0\0\x04\0\0\0\x73\0\0\0\x0c\x3c\0\0\0\0\0\0\x04\0\0\0\x73\0\
\0\0\x1c\x3c\0\0\0\0\0\0\x04\0\0\0\x73\0\0\0\x2c\x3c\0\0\0\0\0\0\x04\0\0\0\x73\
\0\0\0\x3c\x3c\0\0\0\0\0\0\x04\0\0\0\x73\0\0\0\x4c\x3c\0\0\0\0\0\0\x04\0\0\0\
\x73\0\0\0\x5c\x3c\0\0\0\0\0\0\x04\0\0\0\x73\0\0\0\x6c\x3c\0\0\0\0\0\0\x04\0\0\
\0\x73\0\0\0\x7c\x3c\0\0\0\0\0\0\x04\0\0\0\x73\0\0\0\x8c\x3c\0\0\0\0\0\0\x04\0\
\0\0\x73\0\0\0\x9c\x3c\0\0\0\0\0\0\x04\0\0\0\x73\0\0\0\xac\x3c\0\0\0\0\0\0\x04\
\0\0\0\x73\0\0\0\xbc\x3c\0\0\0\0\0\0\x04\0\0\0\x73\0\0\0\xae\x01\xb0\x01\xb5\
\x01\xb6\x01\xb7\x01\xb8\x01\x96\x01\xb9\x01\xaf\x01\xb1\x01\xb4\x01\xb3\x01\
\xb2\x01\x33\x62\x99\x01\0\x2e\x74\x65\x78\x74\0\x2e\x72\x65\x6c\x2e\x42\x54\
\x46\x2e\x65\x78\x74\0\x63\x72\x6f\x73\x5f\x6e\x65\x77\x5f\x66\x6c\x6f\x77\x5f\
\x65\x6e\x74\x72\x79\x2e\x5f\x5f\x5f\x5f\x66\x6d\x74\0\x5f\x5f\x5f\x5f\x63\x72\
\x6f\x73\x5f\x68\x61\x6e\x64\x6c\x65\x5f\x69\x6e\x65\x74\x5f\x61\x63\x63\x65\
\x70\x74\x5f\x65\x78\x69\x74\x2e\x5f\x5f\x5f\x5f\x66\x6d\x74\0\x5f\x5f\x5f\x5f\
\x63\x72\x6f\x73\x5f\x68\x61\x6e\x64\x6c\x65\x5f\x69\x6e\x65\x74\x5f\x72\x65\
\x6c\x65\x61\x73\x65\x5f\x65\x6e\x74\x65\x72\x2e\x5f\x5f\x5f\x5f\x66\x6d\x74\0\
\x2e\x72\x65\x6c\x72\x61\x77\x5f\x74\x72\x61\x63\x65\x70\x6f\x69\x6e\x74\x2f\
\x63\x72\x6f\x73\x5f\x69\x6e\x65\x74\x5f\x61\x63\x63\x65\x70\x74\x5f\x65\x78\
\x69\x74\0\x63\x72\x6f\x73\x5f\x68\x61\x6e\x64\x6c\x65\x5f\x69\x6e\x65\x74\x5f\
\x61\x63\x63\x65\x70\x74\x5f\x65\x78\x69\x74\0\x2e\x72\x65\x6c\x72\x61\x77\x5f\
\x74\x72\x61\x63\x65\x70\x6f\x69\x6e\x74\x2f\x63\x72\x6f\x73\x5f\x69\x6e\x65\
\x74\x5f\x73\x74\x72\x65\x61\x6d\x5f\x63\x6f\x6e\x6e\x65\x63\x74\x5f\x65\x78\
\x69\x74\0\x63\x72\x6f\x73\x5f\x68\x61\x6e\x64\x6c\x65\x5f\x69\x6e\x65\x74\x5f\
\x73\x74\x72\x65\x61\x6d\x5f\x63\x6f\x6e\x6e\x65\x63\x74\x5f\x65\x78\x69\x74\0\
\x2e\x72\x65\x6c\x72\x61\x77\x5f\x74\x72\x61\x63\x65\x70\x6f\x69\x6e\x74\x2f\
\x63\x72\x6f\x73\x5f\x69\x6e\x65\x74\x5f\x6c\x69\x73\x74\x65\x6e\x5f\x65\x78\
\x69\x74\0\x2e\x72\x65\x6c\x72\x61\x77\x5f\x74\x72\x61\x63\x65\x70\x6f\x69\x6e\
\x74\x2f\x63\x72\x6f\x73\x5f\x69\x6e\x65\x74\x5f\x72\x65\x63\x76\x6d\x73\x67\
\x5f\x65\x78\x69\x74\0\x63\x72\x6f\x73\x5f\x68\x61\x6e\x64\x6c\x65\x5f\x69\x6e\
\x65\x74\x5f\x72\x65\x63\x76\x6d\x73\x67\x5f\x65\x78\x69\x74\0\x2e\x72\x65\x6c\
\x72\x61\x77\x5f\x74\x72\x61\x63\x65\x70\x6f\x69\x6e\x74\x2f\x63\x72\x6f\x73\
\x5f\x69\x6e\x65\x74\x5f\x73\x65\x6e\x64\x6d\x73\x67\x5f\x65\x78\x69\x74\0\x63\
\x72\x6f\x73\x5f\x68\x61\x6e\x64\x6c\x65\x5f\x69\x6e\x65\x74\x5f\x73\x65\x6e\
\x64\x6d\x73\x67\x5f\x65\x78\x69\x74\0\x2e\x6d\x61\x70\x73\0\x63\x72\x6f\x73\
\x5f\x67\x61\x72\x62\x61\x67\x65\x5f\x63\x6f\x6c\x6c\x65\x63\x74\x5f\x74\x75\
\x70\x6c\x65\x73\0\x63\x72\x6f\x73\x5f\x61\x6c\x6c\x6f\x63\x61\x74\x65\x64\x5f\
\x74\x75\x70\x6c\x65\x73\0\x2e\x72\x65\x6c\x72\x61\x77\x5f\x74\x72\x61\x63\x65\
\x70\x6f\x69\x6e\x74\x2f\x63\x72\x6f\x73\x5f\x69\x6e\x65\x74\x5f\x72\x65\x6c\
\x65\x61\x73\x65\x5f\x65\x6e\x74\x65\x72\0\x63\x72\x6f\x73\x5f\x68\x61\x6e\x64\
\x6c\x65\x5f\x69\x6e\x65\x74\x5f\x72\x65\x6c\x65\x61\x73\x65\x5f\x65\x6e\x74\
\x65\x72\0\x63\x72\x6f\x73\x5f\x6e\x65\x74\x77\x6f\x72\x6b\x5f\x66\x6c\x6f\x77\
\x5f\x6d\x61\x70\0\x70\x72\x6f\x63\x65\x73\x73\x5f\x6d\x61\x70\0\x68\x65\x61\
\x70\x5f\x63\x72\x6f\x73\x5f\x6e\x65\x74\x77\x6f\x72\x6b\x5f\x63\x6f\x6d\x6d\
\x6f\x6e\x5f\x6d\x61\x70\0\x63\x72\x6f\x73\x5f\x68\x61\x6e\x64\x6c\x65\x5f\x69\
\x6e\x65\x74\x5f\x6c\x69\x73\x74\x65\x6e\0\x2e\x6c\x6c\x76\x6d\x5f\x61\x64\x64\
\x72\x73\x69\x67\0\x6c\x69\x63\x65\x6e\x73\x65\0\x72\x62\0\x2e\x73\x74\x72\x74\
\x61\x62\0\x2e\x73\x79\x6d\x74\x61\x62\0\x2e\x72\x6f\x64\x61\x74\x61\0\x2e\x72\
\x65\x6c\x2e\x42\x54\x46\0\x4c\x49\x43\x45\x4e\x53\x45\0\x4c\x42\x42\x35\x5f\
\x39\0\x4c\x42\x42\x34\x5f\x39\0\x4c\x42\x42\x33\x5f\x39\0\x4c\x42\x42\x32\x5f\
\x39\0\x4c\x42\x42\x31\x5f\x39\0\x4c\x42\x42\x30\x5f\x39\0\x4c\x42\x42\x34\x5f\
\x35\x39\0\x4c\x42\x42\x33\x5f\x35\x39\0\x4c\x42\x42\x32\x5f\x35\x39\0\x4c\x42\
\x42\x31\x5f\x35\x39\0\x4c\x42\x42\x34\x5f\x34\x39\0\x4c\x42\x42\x32\x5f\x34\
\x39\0\x4c\x42\x42\x31\x5f\x34\x39\0\x4c\x42\x42\x34\x5f\x33\x39\0\x4c\x42\x42\
\x32\x5f\x33\x39\0\x4c\x42\x42\x31\x5f\x33\x39\0\x4c\x42\x42\x30\x5f\x32\x39\0\
\x4c\x42\x42\x35\x5f\x31\x39\0\x4c\x42\x42\x34\x5f\x31\x39\0\x4c\x42\x42\x33\
\x5f\x31\x39\0\x4c\x42\x42\x32\x5f\x31\x39\0\x4c\x42\x42\x31\x5f\x31\x39\0\x4c\
\x42\x42\x30\x5f\x31\x39\0\x4c\x42\x42\x35\x5f\x38\0\x4c\x42\x42\x34\x5f\x35\
\x38\0\x4c\x42\x42\x32\x5f\x35\x38\0\x4c\x42\x42\x31\x5f\x35\x38\0\x4c\x42\x42\
\x33\x5f\x34\x38\0\x4c\x42\x42\x33\x5f\x33\x38\0\x4c\x42\x42\x35\x5f\x31\x38\0\
\x4c\x42\x42\x34\x5f\x31\x38\0\x4c\x42\x42\x33\x5f\x31\x38\0\x4c\x42\x42\x32\
\x5f\x31\x38\0\x4c\x42\x42\x31\x5f\x31\x38\0\x4c\x42\x42\x30\x5f\x31\x38\0\x4c\
\x42\x42\x34\x5f\x37\0\x4c\x42\x42\x33\x5f\x37\0\x4c\x42\x42\x32\x5f\x37\0\x4c\
\x42\x42\x31\x5f\x37\0\x4c\x42\x42\x33\x5f\x35\x37\0\x4c\x42\x42\x34\x5f\x34\
\x37\0\x4c\x42\x42\x33\x5f\x34\x37\0\x4c\x42\x42\x32\x5f\x34\x37\0\x4c\x42\x42\
\x31\x5f\x34\x37\0\x4c\x42\x42\x34\x5f\x33\x37\0\x4c\x42\x42\x32\x5f\x33\x37\0\
\x4c\x42\x42\x31\x5f\x33\x37\0\x4c\x42\x42\x33\x5f\x32\x37\0\x4c\x42\x42\x30\
\x5f\x32\x37\0\x4c\x42\x42\x35\x5f\x31\x37\0\x4c\x42\x42\x35\x5f\x36\0\x4c\x42\
\x42\x30\x5f\x36\0\x4c\x42\x42\x34\x5f\x35\x36\0\x4c\x42\x42\x32\x5f\x35\x36\0\
\x4c\x42\x42\x31\x5f\x35\x36\0\x4c\x42\x42\x34\x5f\x34\x36\0\x4c\x42\x42\x33\
\x5f\x34\x36\0\x4c\x42\x42\x32\x5f\x34\x36\0\x4c\x42\x42\x31\x5f\x34\x36\0\x4c\
\x42\x42\x33\x5f\x33\x36\0\x4c\x42\x42\x34\x5f\x32\x36\0\x4c\x42\x42\x33\x5f\
\x32\x36\0\x4c\x42\x42\x32\x5f\x32\x36\0\x4c\x42\x42\x31\x5f\x32\x36\0\x4c\x42\
\x42\x34\x5f\x31\x36\0\x4c\x42\x42\x33\x5f\x31\x36\0\x4c\x42\x42\x32\x5f\x31\
\x36\0\x4c\x42\x42\x31\x5f\x31\x36\0\x4c\x42\x42\x35\x5f\x35\0\x4c\x42\x42\x34\
\x5f\x34\x35\0\x4c\x42\x42\x33\x5f\x34\x35\0\x4c\x42\x42\x32\x5f\x34\x35\0\x4c\
\x42\x42\x31\x5f\x34\x35\0\x4c\x42\x42\x34\x5f\x33\x35\0\x4c\x42\x42\x32\x5f\
\x33\x35\0\x4c\x42\x42\x31\x5f\x33\x35\0\x4c\x42\x42\x34\x5f\x32\x35\0\x4c\x42\
\x42\x33\x5f\x32\x35\0\x4c\x42\x42\x32\x5f\x32\x35\0\x4c\x42\x42\x31\x5f\x32\
\x35\0\x4c\x42\x42\x30\x5f\x32\x35\0\x4c\x42\x42\x35\x5f\x31\x35\0\x4c\x42\x42\
\x30\x5f\x31\x35\0\x4c\x42\x42\x34\x5f\x34\0\x4c\x42\x42\x33\x5f\x34\0\x4c\x42\
\x42\x32\x5f\x34\0\x4c\x42\x42\x31\x5f\x34\0\x4c\x42\x42\x33\x5f\x35\x34\0\x4c\
\x42\x42\x34\x5f\x34\x34\0\x4c\x42\x42\x33\x5f\x34\x34\0\x4c\x42\x42\x32\x5f\
\x34\x34\0\x4c\x42\x42\x31\x5f\x34\x34\0\x4c\x42\x42\x33\x5f\x33\x34\0\x4c\x42\
\x42\x35\x5f\x31\x34\0\x4c\x42\x42\x34\x5f\x31\x34\0\x4c\x42\x42\x33\x5f\x31\
\x34\0\x4c\x42\x42\x32\x5f\x31\x34\0\x4c\x42\x42\x31\x5f\x31\x34\0\x4c\x42\x42\
\x36\x5f\x33\0\x4c\x42\x42\x35\x5f\x33\0\x4c\x42\x42\x34\x5f\x35\x33\0\x4c\x42\
\x42\x32\x5f\x35\x33\0\x4c\x42\x42\x31\x5f\x35\x33\0\x4c\x42\x42\x34\x5f\x34\
\x33\0\x4c\x42\x42\x33\x5f\x34\x33\0\x4c\x42\x42\x32\x5f\x34\x33\0\x4c\x42\x42\
\x31\x5f\x34\x33\0\x4c\x42\x42\x34\x5f\x33\x33\0\x4c\x42\x42\x32\x5f\x33\x33\0\
\x4c\x42\x42\x31\x5f\x33\x33\0\x4c\x42\x42\x34\x5f\x32\x33\0\x4c\x42\x42\x33\
\x5f\x32\x33\0\x4c\x42\x42\x32\x5f\x32\x33\0\x4c\x42\x42\x31\x5f\x32\x33\0\x4c\
\x42\x42\x30\x5f\x32\x33\0\x4c\x42\x42\x34\x5f\x31\x33\0\x4c\x42\x42\x33\x5f\
\x31\x33\0\x4c\x42\x42\x32\x5f\x31\x33\0\x4c\x42\x42\x31\x5f\x31\x33\0\x4c\x42\
\x42\x30\x5f\x31\x33\0\x4c\x42\x42\x35\x5f\x32\0\x4c\x42\x42\x33\x5f\x35\x32\0\
\x4c\x42\x42\x34\x5f\x34\x32\0\x4c\x42\x42\x32\x5f\x34\x32\0\x4c\x42\x42\x31\
\x5f\x34\x32\0\x4c\x42\x42\x34\x5f\x32\x32\0\x4c\x42\x42\x33\x5f\x32\x32\0\x4c\
\x42\x42\x32\x5f\x32\x32\0\x4c\x42\x42\x31\x5f\x32\x32\0\x4c\x42\x42\x30\x5f\
\x32\x32\0\x4c\x42\x42\x35\x5f\x31\x32\0\x4c\x42\x42\x34\x5f\x31\x32\0\x4c\x42\
\x42\x33\x5f\x31\x32\0\x4c\x42\x42\x32\x5f\x31\x32\0\x4c\x42\x42\x31\x5f\x31\
\x32\0\x4c\x42\x42\x34\x5f\x35\x31\0\x4c\x42\x42\x32\x5f\x35\x31\0\x4c\x42\x42\
\x31\x5f\x35\x31\0\x4c\x42\x42\x33\x5f\x33\x31\0\x4c\x42\x42\x30\x5f\x33\x31\0\
\x4c\x42\x42\x30\x5f\x32\x31\0\x4c\x42\x42\x35\x5f\x31\x31\0\x4c\x42\x42\x30\
\x5f\x31\x31\0\x4c\x42\x42\x33\x5f\x36\x30\0\x4c\x42\x42\x33\x5f\x35\x30\0\x4c\
\x42\x42\x33\x5f\x34\x30\0\x4c\x42\x42\x34\x5f\x33\x30\0\x4c\x42\x42\x32\x5f\
\x33\x30\0\x4c\x42\x42\x31\x5f\x33\x30\0\x4c\x42\x42\x30\x5f\x33\x30\0\x4c\x42\
\x42\x30\x5f\x32\x30\0\0\0\0\0\0\0\0\0\0\0\0\0\0\0\0\0\0\0\0\0\0\0\0\0\0\0\0\0\
\0\0\0\0\0\0\0\0\0\0\0\0\0\0\0\0\0\0\0\0\0\0\0\0\0\0\0\0\0\0\0\0\0\0\0\0\0\0\0\
\xcb\x02\0\0\x03\0\0\0\0\0\0\0\0\0\0\0\0\0\0\0\0\0\0\0\xce\xad\x01\0\0\0\0\0\
\x97\x07\0\0\0\0\0\0\0\0\0\0\0\0\0\0\x01\0\0\0\0\0\0\0\0\0\0\0\0\0\0\0\x01\0\0\
\0\x01\0\0\0\x06\0\0\0\0\0\0\0\0\0\0\0\0\0\0\0\x40\0\0\0\0\0\0\0\x38\0\0\0\0\0\
\0\0\0\0\0\0\0\0\0\0\x08\0\0\0\0\0\0\0\0\0\0\0\0\0\0\0\x24\x01\0\0\x01\0\0\0\
\x06\0\0\0\0\0\0\0\0\0\0\0\0\0\0\0\x78\0\0\0\0\0\0\0\x38\x0a\0\0\0\0\0\0\0\0\0\
\0\0\0\0\0\x08\0\0\0\0\0\0\0\0\0\0\0\0\0\0\0\x20\x01\0\0\x09\0\0\0\x40\0\0\0\0\
\0\0\0\0\0\0\0\0\0\0\0\x20\x6e\x01\0\0\0\0\0\x10\0\0\0\0\0\0\0\x17\0\0\0\x03\0\
\0\0\x08\0\0\0\0\0\0\0\x10\0\0\0\0\0\0\0\x95\x01\0\0\x01\0\0\0\x06\0\0\0\0\0\0\
\0\0\0\0\0\0\0\0\0\xb0\x0a\0\0\0\0\0\0\xa0\x12\0\0\0\0\0\0\0\0\0\0\0\0\0\0\x08\
\0\0\0\0\0\0\0\0\0\0\0\0\0\0\0\x91\x01\0\0\x09\0\0\0\x40\0\0\0\0\0\0\0\0\0\0\0\
\0\0\0\0\x30\x6e\x01\0\0\0\0\0\x70\0\0\0\0\0\0\0\x17\0\0\0\x05\0\0\0\x08\0\0\0\
\0\0\0\0\x10\0\0\0\0\0\0\0\x4d\x01\0\0\x01\0\0\0\x06\0\0\0\0\0\0\0\0\0\0\0\0\0\
\0\0\x50\x1d\0\0\0\0\0\0\xa0\x12\0\0\0\0\0\0\0\0\0\0\0\0\0\0\x08\0\0\0\0\0\0\0\
\0\0\0\0\0\0\0\0\x49\x01\0\0\x09\0\0\0\x40\0\0\0\0\0\0\0\0\0\0\0\0\0\0\0\xa0\
\x6e\x01\0\0\0\0\0\x70\0\0\0\0\0\0\0\x17\0\0\0\x07\0\0\0\x08\0\0\0\0\0\0\0\x10\
\0\0\0\0\0\0\0\x88\0\0\0\x01\0\0\0\x06\0\0\0\0\0\0\0\0\0\0\0\0\0\0\0\xf0\x2f\0\
\0\0\0\0\0\x80\x12\0\0\0\0\0\0\0\0\0\0\0\0\0\0\x08\0\0\0\0\0\0\0\0\0\0\0\0\0\0\
\0\x84\0\0\0\x09\0\0\0\x40\0\0\0\0\0\0\0\0\0\0\0\0\0\0\0\x10\x6f\x01\0\0\0\0\0\
\x80\0\0\0\0\0\0\0\x17\0\0\0\x09\0\0\0\x08\0\0\0\0\0\0\0\x10\0\0\0\0\0\0\0\xce\
\0\0\0\x01\0\0\0\x06\0\0\0\0\0\0\0\0\0\0\0\0\0\0\0\x70\x42\0\0\0\0\0\0\x80\x12\
\0\0\0\0\0\0\0\0\0\0\0\0\0\0\x08\0\0\0\0\0\0\0\0\0\0\0\0\0\0\0\xca\0\0\0\x09\0\
\0\0\x40\0\0\0\0\0\0\0\0\0\0\0\0\0\0\0\x90\x6f\x01\0\0\0\0\0\x70\0\0\0\0\0\0\0\
\x17\0\0\0\x0b\0\0\0\x08\0\0\0\0\0\0\0\x10\0\0\0\0\0\0\0\x15\x02\0\0\x01\0\0\0\
\x06\0\0\0\0\0\0\0\0\0\0\0\0\0\0\0\xf0\x54\0\0\0\0\0\0\xb0\x07\0\0\0\0\0\0\0\0\
\0\0\0\0\0\0\x08\0\0\0\0\0\0\0\0\0\0\0\0\0\0\0\x11\x02\0\0\x09\0\0\0\x40\0\0\0\
\0\0\0\0\0\0\0\0\0\0\0\0\0\x70\x01\0\0\0\0\0\xe0\0\0\0\0\0\0\0\x17\0\0\0\x0d\0\
\0\0\x08\0\0\0\0\0\0\0\x10\0\0\0\0\0\0\0\xc0\x02\0\0\x01\0\0\0\x02\0\0\0\0\0\0\
\0\0\0\0\0\0\0\0\0\xa0\x5c\0\0\0\0\0\0\x0d\0\0\0\0\0\0\0\0\0\0\0\0\0\0\0\x01\0\
\0\0\0\0\0\0\0\0\0\0\0\0\0\0\xd9\x01\0\0\x01\0\0\0\x03\0\0\0\0\0\0\0\0\0\0\0\0\
\0\0\0\xb0\x5c\0\0\0\0\0\0\x90\0\0\0\0\0\0\0\0\0\0\0\0\0\0\0\x08\0\0\0\0\0\0\0\
\0\0\0\0\0\0\0\0\xdb\x02\0\0\x01\0\0\0\x02\0\0\0\0\0\0\0\0\0\0\0\0\0\0\0\x40\
\x5d\0\0\0\0\0\0\xcd\0\0\0\0\0\0\0\0\0\0\0\0\0\0\0\x01\0\0\0\0\0\0\0\0\0\0\0\0\
\0\0\0\xe7\x02\0\0\x01\0\0\0\0\0\0\0\0\0\0\0\0\0\0\0\0\0\0\0\x10\x5e\0\0\0\0\0\
\0\xbe\xc2\0\0\0\0\0\0\0\0\0\0\0\0\0\0\x04\0\0\0\0\0\0\0\0\0\0\0\0\0\0\0\xe3\
\x02\0\0\x09\0\0\0\x40\0\0\0\0\0\0\0\0\0\0\0\0\0\0\0\xe0\x70\x01\0\0\0\0\0\x90\
\0\0\0\0\0\0\0\x17\0\0\0\x12\0\0\0\x08\0\0\0\0\0\0\0\x10\0\0\0\0\0\0\0\x0b\0\0\
\0\x01\0\0\0\0\0\0\0\0\0\0\0\0\0\0\0\0\0\0\0\xd0\x20\x01\0\0\0\0\0\xcc\x3c\0\0\
\0\0\0\0\0\0\0\0\0\0\0\0\x04\0\0\0\0\0\0\0\0\0\0\0\0\0\0\0\x07\0\0\0\x09\0\0\0\
\x40\0\0\0\0\0\0\0\0\0\0\0\0\0\0\0\x70\x71\x01\0\0\0\0\0\x40\x3c\0\0\0\0\0\0\
\x17\0\0\0\x14\0\0\0\x08\0\0\0\0\0\0\0\x10\0\0\0\0\0\0\0\xb2\x02\0\0\x03\x4c\
\xff\x6f\0\0\0\x80\0\0\0\0\0\0\0\0\0\0\0\0\xb0\xad\x01\0\0\0\0\0\x1e\0\0\0\0\0\
\0\0\0\0\0\0\0\0\0\0\x01\0\0\0\0\0\0\0\0\0\0\0\0\0\0\0\xd3\x02\0\0\x02\0\0\0\0\
\0\0\0\0\0\0\0\0\0\0\0\0\0\0\0\xa0\x5d\x01\0\0\0\0\0\x80\x10\0\0\0\0\0\0\x01\0\
\0\0\xa4\0\0\0\x08\0\0\0\0\0\0\0\x18\0\0\0\0\0\0\0";
}

#ifdef __cplusplus
struct network_bpf *network_bpf::open(const struct bpf_object_open_opts *opts) { return network_bpf__open_opts(opts); }
struct network_bpf *network_bpf::open_and_load() { return network_bpf__open_and_load(); }
int network_bpf::load(struct network_bpf *skel) { return network_bpf__load(skel); }
int network_bpf::attach(struct network_bpf *skel) { return network_bpf__attach(skel); }
void network_bpf::detach(struct network_bpf *skel) { network_bpf__detach(skel); }
void network_bpf::destroy(struct network_bpf *skel) { network_bpf__destroy(skel); }
const void *network_bpf::elf_bytes(size_t *sz) { return network_bpf__elf_bytes(sz); }
#endif /* __cplusplus */

__attribute__((unused)) static void
network_bpf__assert(struct network_bpf *s __attribute__((unused)))
{
#ifdef __cplusplus
#define _Static_assert static_assert
#endif
#ifdef __cplusplus
#undef _Static_assert
#endif
}

#endif /* __NETWORK_BPF_SKEL_H__ */
