/* This code is generated. Do not edit. */
#define GLYPH_WIDTH 8
#define GLYPH_HEIGHT 16
#define GLYPH_BYTES_PER_ROW 1

static int32_t code_point_to_glyph_index(uint32_t cp)
{
  if (cp < 1) {
    if (cp == 0)
      return 0;
    else
      return -1;
  }

  if (cp < 127) {
    if (cp >= 32)
      return cp - 31;
    else
      return -1;
  }

  if (cp < 374) {
    if (cp >= 160)
      return cp - 64;
    else
      return -1;
  }

  if (cp < 384) {
    if (cp >= 376)
      return cp - 66;
    else
      return -1;
  }

  if (cp < 391) {
    if (cp == 390)
      return 318;
    else
      return -1;
  }

  if (cp < 401) {
    if (cp >= 398)
      return cp - 79;
    else
      return -1;
  }

  if (cp < 403) {
    if (cp == 402)
      return 322;
    else
      return -1;
  }

  if (cp < 415) {
    if (cp >= 413)
      return cp - 90;
    else
      return -1;
  }

  if (cp < 440) {
    if (cp == 439)
      return 325;
    else
      return -1;
  }

  if (cp < 540) {
    if (cp >= 536)
      return cp - 210;
    else
      return -1;
  }

  if (cp < 564) {
    if (cp >= 562)
      return cp - 232;
    else
      return -1;
  }

  if (cp < 568) {
    if (cp == 567)
      return 332;
    else
      return -1;
  }

  if (cp < 597) {
    if (cp == 596)
      return 333;
    else
      return -1;
  }

  if (cp < 602) {
    if (cp >= 600)
      return cp - 266;
    else
      return -1;
  }

  if (cp < 604) {
    if (cp == 603)
      return 336;
    else
      return -1;
  }

  if (cp < 627) {
    if (cp == 626)
      return 337;
    else
      return -1;
  }

  if (cp < 659) {
    if (cp == 658)
      return 338;
    else
      return -1;
  }

  if (cp < 702) {
    if (cp >= 699)
      return cp - 360;
    else
      return -1;
  }

  if (cp < 712) {
    if (cp >= 710)
      return cp - 368;
    else
      return -1;
  }

  if (cp < 730) {
    if (cp >= 728)
      return cp - 384;
    else
      return -1;
  }

  if (cp < 734) {
    if (cp >= 731)
      return cp - 385;
    else
      return -1;
  }

  if (cp < 772) {
    if (cp >= 768)
      return cp - 419;
    else
      return -1;
  }

  if (cp < 775) {
    if (cp == 774)
      return 353;
    else
      return -1;
  }

  if (cp < 781) {
    if (cp == 780)
      return 354;
    else
      return -1;
  }

  if (cp < 810) {
    if (cp == 809)
      return 355;
    else
      return -1;
  }

  if (cp < 907) {
    if (cp >= 900)
      return cp - 544;
    else
      return -1;
  }

  if (cp < 909) {
    if (cp == 908)
      return 363;
    else
      return -1;
  }

  if (cp < 930) {
    if (cp >= 910)
      return cp - 546;
    else
      return -1;
  }

  if (cp < 975) {
    if (cp >= 931)
      return cp - 547;
    else
      return -1;
  }

  if (cp < 1013) {
    if (cp >= 1011)
      return cp - 583;
    else
      return -1;
  }

  if (cp < 1120) {
    if (cp >= 1024)
      return cp - 594;
    else
      return -1;
  }

  if (cp < 1182) {
    if (cp >= 1168)
      return cp - 642;
    else
      return -1;
  }

  if (cp < 1190) {
    if (cp >= 1184)
      return cp - 644;
    else
      return -1;
  }

  if (cp < 1196) {
    if (cp >= 1194)
      return cp - 648;
    else
      return -1;
  }

  if (cp < 1204) {
    if (cp >= 1198)
      return cp - 650;
    else
      return -1;
  }

  if (cp < 1212) {
    if (cp >= 1206)
      return cp - 652;
    else
      return -1;
  }

  if (cp < 1248) {
    if (cp >= 1232)
      return cp - 672;
    else
      return -1;
  }

  if (cp < 1270) {
    if (cp >= 1250)
      return cp - 674;
    else
      return -1;
  }

  if (cp < 1274) {
    if (cp >= 1272)
      return cp - 676;
    else
      return -1;
  }

  if (cp < 7734) {
    if (cp >= 7732)
      return cp - 7134;
    else
      return -1;
  }

  if (cp < 7866) {
    if (cp >= 7864)
      return cp - 7264;
    else
      return -1;
  }

  if (cp < 7870) {
    if (cp >= 7868)
      return cp - 7266;
    else
      return -1;
  }

  if (cp < 7886) {
    if (cp >= 7882)
      return cp - 7278;
    else
      return -1;
  }

  if (cp < 7910) {
    if (cp >= 7908)
      return cp - 7300;
    else
      return -1;
  }

  if (cp < 7930) {
    if (cp >= 7928)
      return cp - 7318;
    else
      return -1;
  }

  if (cp < 8203) {
    if (cp >= 8192)
      return cp - 7580;
    else
      return -1;
  }

  if (cp < 8227) {
    if (cp >= 8208)
      return cp - 7585;
    else
      return -1;
  }

  if (cp < 8231) {
    if (cp == 8230)
      return 642;
    else
      return -1;
  }

  if (cp < 8241) {
    if (cp == 8240)
      return 643;
    else
      return -1;
  }

  if (cp < 8244) {
    if (cp >= 8242)
      return cp - 7598;
    else
      return -1;
  }

  if (cp < 8251) {
    if (cp >= 8249)
      return cp - 7603;
    else
      return -1;
  }

  if (cp < 8253) {
    if (cp == 8252)
      return 648;
    else
      return -1;
  }

  if (cp < 8255) {
    if (cp == 8254)
      return 649;
    else
      return -1;
  }

  if (cp < 8320) {
    if (cp == 8319)
      return 650;
    else
      return -1;
  }

  if (cp < 8360) {
    if (cp == 8359)
      return 651;
    else
      return -1;
  }

  if (cp < 8365) {
    if (cp == 8364)
      return 652;
    else
      return -1;
  }

  if (cp < 8367) {
    if (cp == 8366)
      return 653;
    else
      return -1;
  }

  if (cp < 8464) {
    if (cp >= 8462)
      return cp - 7808;
    else
      return -1;
  }

  if (cp < 8471) {
    if (cp == 8470)
      return 656;
    else
      return -1;
  }

  if (cp < 8483) {
    if (cp == 8482)
      return 657;
    else
      return -1;
  }

  if (cp < 8487) {
    if (cp == 8486)
      return 658;
    else
      return -1;
  }

  if (cp < 8598) {
    if (cp >= 8592)
      return cp - 7933;
    else
      return -1;
  }

  if (cp < 8617) {
    if (cp == 8616)
      return 665;
    else
      return -1;
  }

  if (cp < 8630) {
    if (cp == 8629)
      return 666;
    else
      return -1;
  }

  if (cp < 8662) {
    if (cp >= 8656)
      return cp - 7989;
    else
      return -1;
  }

  if (cp < 8708) {
    if (cp == 8707)
      return 673;
    else
      return -1;
  }

  if (cp < 8711) {
    if (cp >= 8709)
      return cp - 8035;
    else
      return -1;
  }

  if (cp < 8713) {
    if (cp == 8712)
      return 676;
    else
      return -1;
  }

  if (cp < 8715) {
    if (cp == 8714)
      return 677;
    else
      return -1;
  }

  if (cp < 8723) {
    if (cp == 8722)
      return 678;
    else
      return -1;
  }

  if (cp < 8731) {
    if (cp >= 8729)
      return cp - 8050;
    else
      return -1;
  }

  if (cp < 8736) {
    if (cp >= 8734)
      return cp - 8053;
    else
      return -1;
  }

  if (cp < 8747) {
    if (cp >= 8743)
      return cp - 8060;
    else
      return -1;
  }

  if (cp < 8777) {
    if (cp == 8776)
      return 687;
    else
      return -1;
  }

  if (cp < 8802) {
    if (cp >= 8800)
      return cp - 8112;
    else
      return -1;
  }

  if (cp < 8806) {
    if (cp >= 8804)
      return cp - 8114;
    else
      return -1;
  }

  if (cp < 8961) {
    if (cp == 8960)
      return 692;
    else
      return -1;
  }

  if (cp < 8963) {
    if (cp == 8962)
      return 693;
    else
      return -1;
  }

  if (cp < 8977) {
    if (cp == 8976)
      return 694;
    else
      return -1;
  }

  if (cp < 8994) {
    if (cp >= 8992)
      return cp - 8297;
    else
      return -1;
  }

  if (cp < 9150) {
    if (cp >= 9146)
      return cp - 8449;
    else
      return -1;
  }

  if (cp < 9230) {
    if (cp >= 9225)
      return cp - 8524;
    else
      return -1;
  }

  if (cp < 9253) {
    if (cp == 9252)
      return 706;
    else
      return -1;
  }

  if (cp < 9476) {
    if (cp >= 9472)
      return cp - 8765;
    else
      return -1;
  }

  if (cp < 9548) {
    if (cp >= 9480)
      return cp - 8769;
    else
      return -1;
  }

  if (cp < 9585) {
    if (cp >= 9552)
      return cp - 8773;
    else
      return -1;
  }

  if (cp < 9620) {
    if (cp >= 9588)
      return cp - 8776;
    else
      return -1;
  }

  if (cp < 9633) {
    if (cp >= 9622)
      return cp - 8778;
    else
      return -1;
  }

  if (cp < 9645) {
    if (cp == 9644)
      return 855;
    else
      return -1;
  }

  if (cp < 9647) {
    if (cp == 9646)
      return 856;
    else
      return -1;
  }

  if (cp < 9651) {
    if (cp == 9650)
      return 857;
    else
      return -1;
  }

  if (cp < 9655) {
    if (cp == 9654)
      return 858;
    else
      return -1;
  }

  if (cp < 9661) {
    if (cp == 9660)
      return 859;
    else
      return -1;
  }

  if (cp < 9665) {
    if (cp == 9664)
      return 860;
    else
      return -1;
  }

  if (cp < 9671) {
    if (cp == 9670)
      return 861;
    else
      return -1;
  }

  if (cp < 9676) {
    if (cp >= 9674)
      return cp - 8812;
    else
      return -1;
  }

  if (cp < 9680) {
    if (cp == 9679)
      return 864;
    else
      return -1;
  }

  if (cp < 9690) {
    if (cp >= 9688)
      return cp - 8823;
    else
      return -1;
  }

  if (cp < 9789) {
    if (cp >= 9786)
      return cp - 8919;
    else
      return -1;
  }

  if (cp < 9793) {
    if (cp == 9792)
      return 870;
    else
      return -1;
  }

  if (cp < 9795) {
    if (cp == 9794)
      return 871;
    else
      return -1;
  }

  if (cp < 9825) {
    if (cp == 9824)
      return 872;
    else
      return -1;
  }

  if (cp < 9828) {
    if (cp == 9827)
      return 873;
    else
      return -1;
  }

  if (cp < 9831) {
    if (cp >= 9829)
      return cp - 8955;
    else
      return -1;
  }

  if (cp < 9836) {
    if (cp >= 9834)
      return cp - 8958;
    else
      return -1;
  }

  if (cp < 10005) {
    if (cp >= 10003)
      return cp - 9125;
    else
      return -1;
  }

  if (cp < 10009) {
    if (cp >= 10007)
      return cp - 9127;
    else
      return -1;
  }

  if (cp < 57507) {
    if (cp >= 57504)
      return cp - 56622;
    else
      return -1;
  }

  if (cp < 57524) {
    if (cp >= 57520)
      return cp - 56635;
    else
      return -1;
  }

  if (cp < 63167) {
    if (cp == 63166)
      return 889;
    else
      return -1;
  }

  if (cp < 65534) {
    if (cp == 65533)
      return 890;
    else
      return -1;
  }

  return -1;
}

static const uint8_t glyphs[891][16] = {
  {0x00, 0x00, 0x66, 0x42, 0x00, 0x42, 0x42, 0x42, 0x00, 0x42, 0x42, 0x66, 0x00, 0x00, 0x00, 0x00, },
  {0x00, 0x00, 0x00, 0x00, 0x00, 0x00, 0x00, 0x00, 0x00, 0x00, 0x00, 0x00, 0x00, 0x00, 0x00, 0x00, },
  {0x00, 0x00, 0x10, 0x10, 0x10, 0x10, 0x10, 0x10, 0x10, 0x00, 0x10, 0x10, 0x00, 0x00, 0x00, 0x00, },
  {0x00, 0x24, 0x24, 0x24, 0x00, 0x00, 0x00, 0x00, 0x00, 0x00, 0x00, 0x00, 0x00, 0x00, 0x00, 0x00, },
  {0x00, 0x00, 0x24, 0x24, 0x24, 0x7e, 0x24, 0x24, 0x7e, 0x24, 0x24, 0x24, 0x00, 0x00, 0x00, 0x00, },
  {0x00, 0x10, 0x10, 0x7c, 0x92, 0x90, 0x90, 0x7c, 0x12, 0x12, 0x92, 0x7c, 0x10, 0x10, 0x00, 0x00, },
  {0x00, 0x00, 0x64, 0x94, 0x68, 0x08, 0x10, 0x10, 0x20, 0x2c, 0x52, 0x4c, 0x00, 0x00, 0x00, 0x00, },
  {0x00, 0x00, 0x18, 0x24, 0x24, 0x18, 0x30, 0x4a, 0x44, 0x44, 0x44, 0x3a, 0x00, 0x00, 0x00, 0x00, },
  {0x00, 0x10, 0x10, 0x10, 0x00, 0x00, 0x00, 0x00, 0x00, 0x00, 0x00, 0x00, 0x00, 0x00, 0x00, 0x00, },
  {0x00, 0x00, 0x08, 0x10, 0x20, 0x20, 0x20, 0x20, 0x20, 0x20, 0x10, 0x08, 0x00, 0x00, 0x00, 0x00, },
  {0x00, 0x00, 0x20, 0x10, 0x08, 0x08, 0x08, 0x08, 0x08, 0x08, 0x10, 0x20, 0x00, 0x00, 0x00, 0x00, },
  {0x00, 0x00, 0x00, 0x00, 0x00, 0x24, 0x18, 0x7e, 0x18, 0x24, 0x00, 0x00, 0x00, 0x00, 0x00, 0x00, },
  {0x00, 0x00, 0x00, 0x00, 0x00, 0x10, 0x10, 0x7c, 0x10, 0x10, 0x00, 0x00, 0x00, 0x00, 0x00, 0x00, },
  {0x00, 0x00, 0x00, 0x00, 0x00, 0x00, 0x00, 0x00, 0x00, 0x00, 0x10, 0x10, 0x20, 0x00, 0x00, 0x00, },
  {0x00, 0x00, 0x00, 0x00, 0x00, 0x00, 0x00, 0x7e, 0x00, 0x00, 0x00, 0x00, 0x00, 0x00, 0x00, 0x00, },
  {0x00, 0x00, 0x00, 0x00, 0x00, 0x00, 0x00, 0x00, 0x00, 0x00, 0x10, 0x10, 0x00, 0x00, 0x00, 0x00, },
  {0x00, 0x00, 0x04, 0x04, 0x08, 0x08, 0x10, 0x10, 0x20, 0x20, 0x40, 0x40, 0x00, 0x00, 0x00, 0x00, },
  {0x00, 0x00, 0x3c, 0x42, 0x42, 0x46, 0x4a, 0x52, 0x62, 0x42, 0x42, 0x3c, 0x00, 0x00, 0x00, 0x00, },
  {0x00, 0x00, 0x08, 0x18, 0x28, 0x08, 0x08, 0x08, 0x08, 0x08, 0x08, 0x3e, 0x00, 0x00, 0x00, 0x00, },
  {0x00, 0x00, 0x3c, 0x42, 0x42, 0x02, 0x04, 0x08, 0x10, 0x20, 0x40, 0x7e, 0x00, 0x00, 0x00, 0x00, },
  {0x00, 0x00, 0x3c, 0x42, 0x42, 0x02, 0x1c, 0x02, 0x02, 0x42, 0x42, 0x3c, 0x00, 0x00, 0x00, 0x00, },
  {0x00, 0x00, 0x02, 0x06, 0x0a, 0x12, 0x22, 0x42, 0x7e, 0x02, 0x02, 0x02, 0x00, 0x00, 0x00, 0x00, },
  {0x00, 0x00, 0x7e, 0x40, 0x40, 0x40, 0x7c, 0x02, 0x02, 0x02, 0x42, 0x3c, 0x00, 0x00, 0x00, 0x00, },
  {0x00, 0x00, 0x1c, 0x20, 0x40, 0x40, 0x7c, 0x42, 0x42, 0x42, 0x42, 0x3c, 0x00, 0x00, 0x00, 0x00, },
  {0x00, 0x00, 0x7e, 0x02, 0x02, 0x04, 0x04, 0x08, 0x08, 0x10, 0x10, 0x10, 0x00, 0x00, 0x00, 0x00, },
  {0x00, 0x00, 0x3c, 0x42, 0x42, 0x42, 0x3c, 0x42, 0x42, 0x42, 0x42, 0x3c, 0x00, 0x00, 0x00, 0x00, },
  {0x00, 0x00, 0x3c, 0x42, 0x42, 0x42, 0x42, 0x3e, 0x02, 0x02, 0x04, 0x38, 0x00, 0x00, 0x00, 0x00, },
  {0x00, 0x00, 0x00, 0x00, 0x00, 0x10, 0x10, 0x00, 0x00, 0x00, 0x10, 0x10, 0x00, 0x00, 0x00, 0x00, },
  {0x00, 0x00, 0x00, 0x00, 0x00, 0x10, 0x10, 0x00, 0x00, 0x00, 0x10, 0x10, 0x20, 0x00, 0x00, 0x00, },
  {0x00, 0x00, 0x00, 0x04, 0x08, 0x10, 0x20, 0x40, 0x20, 0x10, 0x08, 0x04, 0x00, 0x00, 0x00, 0x00, },
  {0x00, 0x00, 0x00, 0x00, 0x00, 0x7e, 0x00, 0x00, 0x7e, 0x00, 0x00, 0x00, 0x00, 0x00, 0x00, 0x00, },
  {0x00, 0x00, 0x00, 0x40, 0x20, 0x10, 0x08, 0x04, 0x08, 0x10, 0x20, 0x40, 0x00, 0x00, 0x00, 0x00, },
  {0x00, 0x00, 0x3c, 0x42, 0x42, 0x42, 0x04, 0x08, 0x08, 0x00, 0x08, 0x08, 0x00, 0x00, 0x00, 0x00, },
  {0x00, 0x00, 0x7c, 0x82, 0x9e, 0xa2, 0xa2, 0xa2, 0xa6, 0x9a, 0x80, 0x7e, 0x00, 0x00, 0x00, 0x00, },
  {0x00, 0x00, 0x3c, 0x42, 0x42, 0x42, 0x42, 0x7e, 0x42, 0x42, 0x42, 0x42, 0x00, 0x00, 0x00, 0x00, },
  {0x00, 0x00, 0x7c, 0x42, 0x42, 0x42, 0x7c, 0x42, 0x42, 0x42, 0x42, 0x7c, 0x00, 0x00, 0x00, 0x00, },
  {0x00, 0x00, 0x3c, 0x42, 0x42, 0x40, 0x40, 0x40, 0x40, 0x42, 0x42, 0x3c, 0x00, 0x00, 0x00, 0x00, },
  {0x00, 0x00, 0x78, 0x44, 0x42, 0x42, 0x42, 0x42, 0x42, 0x42, 0x44, 0x78, 0x00, 0x00, 0x00, 0x00, },
  {0x00, 0x00, 0x7e, 0x40, 0x40, 0x40, 0x78, 0x40, 0x40, 0x40, 0x40, 0x7e, 0x00, 0x00, 0x00, 0x00, },
  {0x00, 0x00, 0x7e, 0x40, 0x40, 0x40, 0x78, 0x40, 0x40, 0x40, 0x40, 0x40, 0x00, 0x00, 0x00, 0x00, },
  {0x00, 0x00, 0x3c, 0x42, 0x42, 0x40, 0x40, 0x4e, 0x42, 0x42, 0x42, 0x3c, 0x00, 0x00, 0x00, 0x00, },
  {0x00, 0x00, 0x42, 0x42, 0x42, 0x42, 0x7e, 0x42, 0x42, 0x42, 0x42, 0x42, 0x00, 0x00, 0x00, 0x00, },
  {0x00, 0x00, 0x38, 0x10, 0x10, 0x10, 0x10, 0x10, 0x10, 0x10, 0x10, 0x38, 0x00, 0x00, 0x00, 0x00, },
  {0x00, 0x00, 0x0e, 0x04, 0x04, 0x04, 0x04, 0x04, 0x04, 0x44, 0x44, 0x38, 0x00, 0x00, 0x00, 0x00, },
  {0x00, 0x00, 0x42, 0x44, 0x48, 0x50, 0x60, 0x60, 0x50, 0x48, 0x44, 0x42, 0x00, 0x00, 0x00, 0x00, },
  {0x00, 0x00, 0x40, 0x40, 0x40, 0x40, 0x40, 0x40, 0x40, 0x40, 0x40, 0x7e, 0x00, 0x00, 0x00, 0x00, },
  {0x00, 0x00, 0x82, 0xc6, 0xaa, 0x92, 0x92, 0x82, 0x82, 0x82, 0x82, 0x82, 0x00, 0x00, 0x00, 0x00, },
  {0x00, 0x00, 0x42, 0x42, 0x42, 0x62, 0x52, 0x4a, 0x46, 0x42, 0x42, 0x42, 0x00, 0x00, 0x00, 0x00, },
  {0x00, 0x00, 0x3c, 0x42, 0x42, 0x42, 0x42, 0x42, 0x42, 0x42, 0x42, 0x3c, 0x00, 0x00, 0x00, 0x00, },
  {0x00, 0x00, 0x7c, 0x42, 0x42, 0x42, 0x42, 0x7c, 0x40, 0x40, 0x40, 0x40, 0x00, 0x00, 0x00, 0x00, },
  {0x00, 0x00, 0x3c, 0x42, 0x42, 0x42, 0x42, 0x42, 0x42, 0x42, 0x4a, 0x3c, 0x02, 0x00, 0x00, 0x00, },
  {0x00, 0x00, 0x7c, 0x42, 0x42, 0x42, 0x42, 0x7c, 0x50, 0x48, 0x44, 0x42, 0x00, 0x00, 0x00, 0x00, },
  {0x00, 0x00, 0x3c, 0x42, 0x40, 0x40, 0x3c, 0x02, 0x02, 0x42, 0x42, 0x3c, 0x00, 0x00, 0x00, 0x00, },
  {0x00, 0x00, 0xfe, 0x10, 0x10, 0x10, 0x10, 0x10, 0x10, 0x10, 0x10, 0x10, 0x00, 0x00, 0x00, 0x00, },
  {0x00, 0x00, 0x42, 0x42, 0x42, 0x42, 0x42, 0x42, 0x42, 0x42, 0x42, 0x3c, 0x00, 0x00, 0x00, 0x00, },
  {0x00, 0x00, 0x42, 0x42, 0x42, 0x42, 0x42, 0x24, 0x24, 0x24, 0x18, 0x18, 0x00, 0x00, 0x00, 0x00, },
  {0x00, 0x00, 0x82, 0x82, 0x82, 0x82, 0x82, 0x92, 0x92, 0xaa, 0xc6, 0x82, 0x00, 0x00, 0x00, 0x00, },
  {0x00, 0x00, 0x42, 0x42, 0x24, 0x24, 0x18, 0x18, 0x24, 0x24, 0x42, 0x42, 0x00, 0x00, 0x00, 0x00, },
  {0x00, 0x00, 0x82, 0x82, 0x44, 0x44, 0x28, 0x10, 0x10, 0x10, 0x10, 0x10, 0x00, 0x00, 0x00, 0x00, },
  {0x00, 0x00, 0x7e, 0x02, 0x02, 0x04, 0x08, 0x10, 0x20, 0x40, 0x40, 0x7e, 0x00, 0x00, 0x00, 0x00, },
  {0x00, 0x00, 0x38, 0x20, 0x20, 0x20, 0x20, 0x20, 0x20, 0x20, 0x20, 0x38, 0x00, 0x00, 0x00, 0x00, },
  {0x00, 0x00, 0x40, 0x40, 0x20, 0x20, 0x10, 0x10, 0x08, 0x08, 0x04, 0x04, 0x00, 0x00, 0x00, 0x00, },
  {0x00, 0x00, 0x38, 0x08, 0x08, 0x08, 0x08, 0x08, 0x08, 0x08, 0x08, 0x38, 0x00, 0x00, 0x00, 0x00, },
  {0x00, 0x10, 0x28, 0x44, 0x00, 0x00, 0x00, 0x00, 0x00, 0x00, 0x00, 0x00, 0x00, 0x00, 0x00, 0x00, },
  {0x00, 0x00, 0x00, 0x00, 0x00, 0x00, 0x00, 0x00, 0x00, 0x00, 0x00, 0x00, 0x00, 0x7e, 0x00, 0x00, },
  {0x10, 0x08, 0x00, 0x00, 0x00, 0x00, 0x00, 0x00, 0x00, 0x00, 0x00, 0x00, 0x00, 0x00, 0x00, 0x00, },
  {0x00, 0x00, 0x00, 0x00, 0x00, 0x3c, 0x02, 0x3e, 0x42, 0x42, 0x42, 0x3e, 0x00, 0x00, 0x00, 0x00, },
  {0x00, 0x00, 0x40, 0x40, 0x40, 0x7c, 0x42, 0x42, 0x42, 0x42, 0x42, 0x7c, 0x00, 0x00, 0x00, 0x00, },
  {0x00, 0x00, 0x00, 0x00, 0x00, 0x3c, 0x42, 0x40, 0x40, 0x40, 0x42, 0x3c, 0x00, 0x00, 0x00, 0x00, },
  {0x00, 0x00, 0x02, 0x02, 0x02, 0x3e, 0x42, 0x42, 0x42, 0x42, 0x42, 0x3e, 0x00, 0x00, 0x00, 0x00, },
  {0x00, 0x00, 0x00, 0x00, 0x00, 0x3c, 0x42, 0x42, 0x7e, 0x40, 0x40, 0x3c, 0x00, 0x00, 0x00, 0x00, },
  {0x00, 0x00, 0x0e, 0x10, 0x10, 0x7c, 0x10, 0x10, 0x10, 0x10, 0x10, 0x10, 0x00, 0x00, 0x00, 0x00, },
  {0x00, 0x00, 0x00, 0x00, 0x00, 0x3e, 0x42, 0x42, 0x42, 0x42, 0x42, 0x3e, 0x02, 0x02, 0x3c, 0x00, },
  {0x00, 0x00, 0x40, 0x40, 0x40, 0x7c, 0x42, 0x42, 0x42, 0x42, 0x42, 0x42, 0x00, 0x00, 0x00, 0x00, },
  {0x00, 0x00, 0x10, 0x10, 0x00, 0x30, 0x10, 0x10, 0x10, 0x10, 0x10, 0x38, 0x00, 0x00, 0x00, 0x00, },
  {0x00, 0x00, 0x04, 0x04, 0x00, 0x0c, 0x04, 0x04, 0x04, 0x04, 0x04, 0x04, 0x44, 0x44, 0x38, 0x00, },
  {0x00, 0x00, 0x40, 0x40, 0x40, 0x42, 0x44, 0x48, 0x70, 0x48, 0x44, 0x42, 0x00, 0x00, 0x00, 0x00, },
  {0x00, 0x00, 0x30, 0x10, 0x10, 0x10, 0x10, 0x10, 0x10, 0x10, 0x10, 0x38, 0x00, 0x00, 0x00, 0x00, },
  {0x00, 0x00, 0x00, 0x00, 0x00, 0xfc, 0x92, 0x92, 0x92, 0x92, 0x92, 0x92, 0x00, 0x00, 0x00, 0x00, },
  {0x00, 0x00, 0x00, 0x00, 0x00, 0x7c, 0x42, 0x42, 0x42, 0x42, 0x42, 0x42, 0x00, 0x00, 0x00, 0x00, },
  {0x00, 0x00, 0x00, 0x00, 0x00, 0x3c, 0x42, 0x42, 0x42, 0x42, 0x42, 0x3c, 0x00, 0x00, 0x00, 0x00, },
  {0x00, 0x00, 0x00, 0x00, 0x00, 0x7c, 0x42, 0x42, 0x42, 0x42, 0x42, 0x7c, 0x40, 0x40, 0x40, 0x00, },
  {0x00, 0x00, 0x00, 0x00, 0x00, 0x3e, 0x42, 0x42, 0x42, 0x42, 0x42, 0x3e, 0x02, 0x02, 0x02, 0x00, },
  {0x00, 0x00, 0x00, 0x00, 0x00, 0x5e, 0x60, 0x40, 0x40, 0x40, 0x40, 0x40, 0x00, 0x00, 0x00, 0x00, },
  {0x00, 0x00, 0x00, 0x00, 0x00, 0x3e, 0x40, 0x40, 0x3c, 0x02, 0x02, 0x7c, 0x00, 0x00, 0x00, 0x00, },
  {0x00, 0x00, 0x10, 0x10, 0x10, 0x7c, 0x10, 0x10, 0x10, 0x10, 0x10, 0x0e, 0x00, 0x00, 0x00, 0x00, },
  {0x00, 0x00, 0x00, 0x00, 0x00, 0x42, 0x42, 0x42, 0x42, 0x42, 0x42, 0x3e, 0x00, 0x00, 0x00, 0x00, },
  {0x00, 0x00, 0x00, 0x00, 0x00, 0x42, 0x42, 0x42, 0x24, 0x24, 0x18, 0x18, 0x00, 0x00, 0x00, 0x00, },
  {0x00, 0x00, 0x00, 0x00, 0x00, 0x82, 0x82, 0x92, 0x92, 0x92, 0x92, 0x7c, 0x00, 0x00, 0x00, 0x00, },
  {0x00, 0x00, 0x00, 0x00, 0x00, 0x42, 0x42, 0x24, 0x18, 0x24, 0x42, 0x42, 0x00, 0x00, 0x00, 0x00, },
  {0x00, 0x00, 0x00, 0x00, 0x00, 0x42, 0x42, 0x42, 0x42, 0x42, 0x42, 0x3e, 0x02, 0x02, 0x3c, 0x00, },
  {0x00, 0x00, 0x00, 0x00, 0x00, 0x7e, 0x04, 0x08, 0x10, 0x20, 0x40, 0x7e, 0x00, 0x00, 0x00, 0x00, },
  {0x00, 0x00, 0x0c, 0x10, 0x10, 0x10, 0x20, 0x10, 0x10, 0x10, 0x10, 0x0c, 0x00, 0x00, 0x00, 0x00, },
  {0x00, 0x00, 0x10, 0x10, 0x10, 0x10, 0x10, 0x10, 0x10, 0x10, 0x10, 0x10, 0x00, 0x00, 0x00, 0x00, },
  {0x00, 0x00, 0x30, 0x08, 0x08, 0x08, 0x04, 0x08, 0x08, 0x08, 0x08, 0x30, 0x00, 0x00, 0x00, 0x00, },
  {0x00, 0x62, 0x92, 0x8c, 0x00, 0x00, 0x00, 0x00, 0x00, 0x00, 0x00, 0x00, 0x00, 0x00, 0x00, 0x00, },
  {0x00, 0x00, 0x00, 0x00, 0x00, 0x00, 0x00, 0x00, 0x00, 0x00, 0x00, 0x00, 0x00, 0x00, 0x00, 0x00, },
  {0x00, 0x00, 0x10, 0x10, 0x00, 0x10, 0x10, 0x10, 0x10, 0x10, 0x10, 0x10, 0x00, 0x00, 0x00, 0x00, },
  {0x00, 0x00, 0x00, 0x10, 0x10, 0x7c, 0x92, 0x90, 0x90, 0x90, 0x92, 0x7c, 0x10, 0x10, 0x00, 0x00, },
  {0x00, 0x00, 0x18, 0x24, 0x20, 0x20, 0x78, 0x20, 0x20, 0x20, 0x22, 0x7e, 0x00, 0x00, 0x00, 0x00, },
  {0x00, 0x00, 0x00, 0x00, 0x44, 0x38, 0x44, 0x44, 0x44, 0x38, 0x44, 0x00, 0x00, 0x00, 0x00, 0x00, },
  {0x00, 0x00, 0x82, 0x82, 0x44, 0x28, 0x10, 0x7c, 0x10, 0x7c, 0x10, 0x10, 0x00, 0x00, 0x00, 0x00, },
  {0x00, 0x00, 0x10, 0x10, 0x10, 0x10, 0x00, 0x00, 0x10, 0x10, 0x10, 0x10, 0x00, 0x00, 0x00, 0x00, },
  {0x00, 0x38, 0x44, 0x40, 0x30, 0x48, 0x44, 0x44, 0x24, 0x18, 0x04, 0x44, 0x38, 0x00, 0x00, 0x00, },
  {0x24, 0x24, 0x00, 0x00, 0x00, 0x00, 0x00, 0x00, 0x00, 0x00, 0x00, 0x00, 0x00, 0x00, 0x00, 0x00, },
  {0x00, 0x00, 0x00, 0x7e, 0x81, 0x99, 0xa5, 0xa1, 0xa5, 0x99, 0x81, 0x7e, 0x00, 0x00, 0x00, 0x00, },
  {0x00, 0x38, 0x04, 0x3c, 0x44, 0x3c, 0x00, 0x7c, 0x00, 0x00, 0x00, 0x00, 0x00, 0x00, 0x00, 0x00, },
  {0x00, 0x00, 0x00, 0x00, 0x00, 0x12, 0x24, 0x48, 0x90, 0x48, 0x24, 0x12, 0x00, 0x00, 0x00, 0x00, },
  {0x00, 0x00, 0x00, 0x00, 0x00, 0x7e, 0x02, 0x02, 0x02, 0x00, 0x00, 0x00, 0x00, 0x00, 0x00, 0x00, },
  {0x00, 0x00, 0x00, 0x00, 0x00, 0x00, 0x00, 0x3c, 0x00, 0x00, 0x00, 0x00, 0x00, 0x00, 0x00, 0x00, },
  {0x00, 0x00, 0x00, 0x7e, 0x81, 0xb9, 0xa5, 0xb9, 0xa9, 0xa5, 0x81, 0x7e, 0x00, 0x00, 0x00, 0x00, },
  {0x3c, 0x00, 0x00, 0x00, 0x00, 0x00, 0x00, 0x00, 0x00, 0x00, 0x00, 0x00, 0x00, 0x00, 0x00, 0x00, },
  {0x00, 0x18, 0x24, 0x24, 0x18, 0x00, 0x00, 0x00, 0x00, 0x00, 0x00, 0x00, 0x00, 0x00, 0x00, 0x00, },
  {0x00, 0x00, 0x00, 0x00, 0x00, 0x10, 0x10, 0x7c, 0x10, 0x10, 0x00, 0x7c, 0x00, 0x00, 0x00, 0x00, },
  {0x00, 0x18, 0x24, 0x08, 0x10, 0x3c, 0x00, 0x00, 0x00, 0x00, 0x00, 0x00, 0x00, 0x00, 0x00, 0x00, },
  {0x00, 0x38, 0x04, 0x18, 0x04, 0x38, 0x00, 0x00, 0x00, 0x00, 0x00, 0x00, 0x00, 0x00, 0x00, 0x00, },
  {0x08, 0x10, 0x00, 0x00, 0x00, 0x00, 0x00, 0x00, 0x00, 0x00, 0x00, 0x00, 0x00, 0x00, 0x00, 0x00, },
  {0x00, 0x00, 0x00, 0x00, 0x00, 0x42, 0x42, 0x42, 0x42, 0x42, 0x46, 0x7a, 0x40, 0x40, 0x40, 0x00, },
  {0x00, 0x00, 0x7e, 0x92, 0x92, 0x92, 0x92, 0x72, 0x12, 0x12, 0x12, 0x12, 0x00, 0x00, 0x00, 0x00, },
  {0x00, 0x00, 0x00, 0x00, 0x00, 0x00, 0x00, 0x10, 0x10, 0x00, 0x00, 0x00, 0x00, 0x00, 0x00, 0x00, },
  {0x00, 0x00, 0x00, 0x00, 0x00, 0x00, 0x00, 0x00, 0x00, 0x00, 0x00, 0x00, 0x10, 0x10, 0x20, 0x00, },
  {0x00, 0x10, 0x30, 0x10, 0x10, 0x10, 0x00, 0x00, 0x00, 0x00, 0x00, 0x00, 0x00, 0x00, 0x00, 0x00, },
  {0x00, 0x38, 0x44, 0x44, 0x44, 0x38, 0x00, 0x7c, 0x00, 0x00, 0x00, 0x00, 0x00, 0x00, 0x00, 0x00, },
  {0x00, 0x00, 0x00, 0x00, 0x00, 0x90, 0x48, 0x24, 0x12, 0x24, 0x48, 0x90, 0x00, 0x00, 0x00, 0x00, },
  {0x00, 0x20, 0x60, 0x20, 0x22, 0x24, 0x08, 0x10, 0x22, 0x46, 0x8a, 0x1e, 0x02, 0x02, 0x00, 0x00, },
  {0x00, 0x20, 0x60, 0x20, 0x22, 0x24, 0x08, 0x10, 0x20, 0x4c, 0x92, 0x04, 0x08, 0x1e, 0x00, 0x00, },
  {0x00, 0xe0, 0x10, 0x60, 0x12, 0xe4, 0x08, 0x10, 0x22, 0x46, 0x8a, 0x1e, 0x02, 0x02, 0x00, 0x00, },
  {0x00, 0x00, 0x10, 0x10, 0x00, 0x10, 0x10, 0x20, 0x42, 0x42, 0x42, 0x3c, 0x00, 0x00, 0x00, 0x00, },
  {0x10, 0x08, 0x00, 0x3c, 0x42, 0x42, 0x42, 0x7e, 0x42, 0x42, 0x42, 0x42, 0x00, 0x00, 0x00, 0x00, },
  {0x08, 0x10, 0x00, 0x3c, 0x42, 0x42, 0x42, 0x7e, 0x42, 0x42, 0x42, 0x42, 0x00, 0x00, 0x00, 0x00, },
  {0x18, 0x24, 0x00, 0x3c, 0x42, 0x42, 0x42, 0x7e, 0x42, 0x42, 0x42, 0x42, 0x00, 0x00, 0x00, 0x00, },
  {0x32, 0x4c, 0x00, 0x3c, 0x42, 0x42, 0x42, 0x7e, 0x42, 0x42, 0x42, 0x42, 0x00, 0x00, 0x00, 0x00, },
  {0x24, 0x24, 0x00, 0x3c, 0x42, 0x42, 0x42, 0x7e, 0x42, 0x42, 0x42, 0x42, 0x00, 0x00, 0x00, 0x00, },
  {0x18, 0x24, 0x18, 0x3c, 0x42, 0x42, 0x42, 0x7e, 0x42, 0x42, 0x42, 0x42, 0x00, 0x00, 0x00, 0x00, },
  {0x00, 0x00, 0x7e, 0x90, 0x90, 0x90, 0xfc, 0x90, 0x90, 0x90, 0x90, 0x9e, 0x00, 0x00, 0x00, 0x00, },
  {0x00, 0x00, 0x3c, 0x42, 0x42, 0x40, 0x40, 0x40, 0x40, 0x42, 0x42, 0x3c, 0x10, 0x10, 0x20, 0x00, },
  {0x10, 0x08, 0x00, 0x7e, 0x40, 0x40, 0x40, 0x78, 0x40, 0x40, 0x40, 0x7e, 0x00, 0x00, 0x00, 0x00, },
  {0x08, 0x10, 0x00, 0x7e, 0x40, 0x40, 0x40, 0x78, 0x40, 0x40, 0x40, 0x7e, 0x00, 0x00, 0x00, 0x00, },
  {0x18, 0x24, 0x00, 0x7e, 0x40, 0x40, 0x40, 0x78, 0x40, 0x40, 0x40, 0x7e, 0x00, 0x00, 0x00, 0x00, },
  {0x24, 0x24, 0x00, 0x7e, 0x40, 0x40, 0x40, 0x78, 0x40, 0x40, 0x40, 0x7e, 0x00, 0x00, 0x00, 0x00, },
  {0x20, 0x10, 0x00, 0x38, 0x10, 0x10, 0x10, 0x10, 0x10, 0x10, 0x10, 0x38, 0x00, 0x00, 0x00, 0x00, },
  {0x08, 0x10, 0x00, 0x38, 0x10, 0x10, 0x10, 0x10, 0x10, 0x10, 0x10, 0x38, 0x00, 0x00, 0x00, 0x00, },
  {0x18, 0x24, 0x00, 0x38, 0x10, 0x10, 0x10, 0x10, 0x10, 0x10, 0x10, 0x38, 0x00, 0x00, 0x00, 0x00, },
  {0x44, 0x44, 0x00, 0x38, 0x10, 0x10, 0x10, 0x10, 0x10, 0x10, 0x10, 0x38, 0x00, 0x00, 0x00, 0x00, },
  {0x00, 0x00, 0x78, 0x44, 0x42, 0x42, 0xf2, 0x42, 0x42, 0x42, 0x44, 0x78, 0x00, 0x00, 0x00, 0x00, },
  {0x32, 0x4c, 0x00, 0x42, 0x42, 0x62, 0x52, 0x4a, 0x46, 0x42, 0x42, 0x42, 0x00, 0x00, 0x00, 0x00, },
  {0x10, 0x08, 0x00, 0x3c, 0x42, 0x42, 0x42, 0x42, 0x42, 0x42, 0x42, 0x3c, 0x00, 0x00, 0x00, 0x00, },
  {0x08, 0x10, 0x00, 0x3c, 0x42, 0x42, 0x42, 0x42, 0x42, 0x42, 0x42, 0x3c, 0x00, 0x00, 0x00, 0x00, },
  {0x18, 0x24, 0x00, 0x3c, 0x42, 0x42, 0x42, 0x42, 0x42, 0x42, 0x42, 0x3c, 0x00, 0x00, 0x00, 0x00, },
  {0x32, 0x4c, 0x00, 0x3c, 0x42, 0x42, 0x42, 0x42, 0x42, 0x42, 0x42, 0x3c, 0x00, 0x00, 0x00, 0x00, },
  {0x24, 0x24, 0x00, 0x3c, 0x42, 0x42, 0x42, 0x42, 0x42, 0x42, 0x42, 0x3c, 0x00, 0x00, 0x00, 0x00, },
  {0x00, 0x00, 0x00, 0x00, 0x00, 0x42, 0x24, 0x18, 0x18, 0x24, 0x42, 0x00, 0x00, 0x00, 0x00, 0x00, },
  {0x00, 0x00, 0x3c, 0x43, 0x42, 0x46, 0x4a, 0x52, 0x62, 0x42, 0xc2, 0x3c, 0x00, 0x00, 0x00, 0x00, },
  {0x10, 0x08, 0x42, 0x42, 0x42, 0x42, 0x42, 0x42, 0x42, 0x42, 0x42, 0x3c, 0x00, 0x00, 0x00, 0x00, },
  {0x08, 0x10, 0x42, 0x42, 0x42, 0x42, 0x42, 0x42, 0x42, 0x42, 0x42, 0x3c, 0x00, 0x00, 0x00, 0x00, },
  {0x18, 0x24, 0x00, 0x42, 0x42, 0x42, 0x42, 0x42, 0x42, 0x42, 0x42, 0x3c, 0x00, 0x00, 0x00, 0x00, },
  {0x24, 0x24, 0x00, 0x42, 0x42, 0x42, 0x42, 0x42, 0x42, 0x42, 0x42, 0x3c, 0x00, 0x00, 0x00, 0x00, },
  {0x08, 0x10, 0x82, 0x82, 0x44, 0x44, 0x28, 0x10, 0x10, 0x10, 0x10, 0x10, 0x00, 0x00, 0x00, 0x00, },
  {0x00, 0x00, 0x40, 0x40, 0x7c, 0x42, 0x42, 0x42, 0x42, 0x7c, 0x40, 0x40, 0x00, 0x00, 0x00, 0x00, },
  {0x00, 0x00, 0x38, 0x44, 0x44, 0x48, 0x7c, 0x42, 0x42, 0x42, 0x62, 0x5c, 0x00, 0x00, 0x00, 0x00, },
  {0x00, 0x00, 0x10, 0x08, 0x00, 0x3c, 0x02, 0x3e, 0x42, 0x42, 0x42, 0x3e, 0x00, 0x00, 0x00, 0x00, },
  {0x00, 0x00, 0x08, 0x10, 0x00, 0x3c, 0x02, 0x3e, 0x42, 0x42, 0x42, 0x3e, 0x00, 0x00, 0x00, 0x00, },
  {0x00, 0x00, 0x18, 0x24, 0x00, 0x3c, 0x02, 0x3e, 0x42, 0x42, 0x42, 0x3e, 0x00, 0x00, 0x00, 0x00, },
  {0x00, 0x00, 0x32, 0x4c, 0x00, 0x3c, 0x02, 0x3e, 0x42, 0x42, 0x42, 0x3e, 0x00, 0x00, 0x00, 0x00, },
  {0x00, 0x00, 0x24, 0x24, 0x00, 0x3c, 0x02, 0x3e, 0x42, 0x42, 0x42, 0x3e, 0x00, 0x00, 0x00, 0x00, },
  {0x00, 0x00, 0x18, 0x24, 0x18, 0x3c, 0x02, 0x3e, 0x42, 0x42, 0x42, 0x3e, 0x00, 0x00, 0x00, 0x00, },
  {0x00, 0x00, 0x00, 0x00, 0x00, 0x6c, 0x12, 0x72, 0x9e, 0x90, 0x90, 0x6c, 0x00, 0x00, 0x00, 0x00, },
  {0x00, 0x00, 0x00, 0x00, 0x00, 0x3c, 0x42, 0x40, 0x40, 0x40, 0x42, 0x3c, 0x10, 0x10, 0x20, 0x00, },
  {0x00, 0x00, 0x10, 0x08, 0x00, 0x3c, 0x42, 0x42, 0x7e, 0x40, 0x40, 0x3c, 0x00, 0x00, 0x00, 0x00, },
  {0x00, 0x00, 0x08, 0x10, 0x00, 0x3c, 0x42, 0x42, 0x7e, 0x40, 0x40, 0x3c, 0x00, 0x00, 0x00, 0x00, },
  {0x00, 0x00, 0x18, 0x24, 0x00, 0x3c, 0x42, 0x42, 0x7e, 0x40, 0x40, 0x3c, 0x00, 0x00, 0x00, 0x00, },
  {0x00, 0x00, 0x24, 0x24, 0x00, 0x3c, 0x42, 0x42, 0x7e, 0x40, 0x40, 0x3c, 0x00, 0x00, 0x00, 0x00, },
  {0x00, 0x00, 0x20, 0x10, 0x00, 0x30, 0x10, 0x10, 0x10, 0x10, 0x10, 0x38, 0x00, 0x00, 0x00, 0x00, },
  {0x00, 0x00, 0x08, 0x10, 0x00, 0x30, 0x10, 0x10, 0x10, 0x10, 0x10, 0x38, 0x00, 0x00, 0x00, 0x00, },
  {0x00, 0x00, 0x30, 0x48, 0x00, 0x30, 0x10, 0x10, 0x10, 0x10, 0x10, 0x38, 0x00, 0x00, 0x00, 0x00, },
  {0x00, 0x00, 0x48, 0x48, 0x00, 0x30, 0x10, 0x10, 0x10, 0x10, 0x10, 0x38, 0x00, 0x00, 0x00, 0x00, },
  {0x00, 0x00, 0x28, 0x10, 0x28, 0x3c, 0x42, 0x42, 0x42, 0x42, 0x42, 0x3c, 0x00, 0x00, 0x00, 0x00, },
  {0x00, 0x00, 0x32, 0x4c, 0x00, 0x7c, 0x42, 0x42, 0x42, 0x42, 0x42, 0x42, 0x00, 0x00, 0x00, 0x00, },
  {0x00, 0x00, 0x10, 0x08, 0x00, 0x3c, 0x42, 0x42, 0x42, 0x42, 0x42, 0x3c, 0x00, 0x00, 0x00, 0x00, },
  {0x00, 0x00, 0x08, 0x10, 0x00, 0x3c, 0x42, 0x42, 0x42, 0x42, 0x42, 0x3c, 0x00, 0x00, 0x00, 0x00, },
  {0x00, 0x00, 0x18, 0x24, 0x00, 0x3c, 0x42, 0x42, 0x42, 0x42, 0x42, 0x3c, 0x00, 0x00, 0x00, 0x00, },
  {0x00, 0x00, 0x32, 0x4c, 0x00, 0x3c, 0x42, 0x42, 0x42, 0x42, 0x42, 0x3c, 0x00, 0x00, 0x00, 0x00, },
  {0x00, 0x00, 0x24, 0x24, 0x00, 0x3c, 0x42, 0x42, 0x42, 0x42, 0x42, 0x3c, 0x00, 0x00, 0x00, 0x00, },
  {0x00, 0x00, 0x00, 0x00, 0x10, 0x10, 0x00, 0x7c, 0x00, 0x10, 0x10, 0x00, 0x00, 0x00, 0x00, 0x00, },
  {0x00, 0x00, 0x00, 0x00, 0x02, 0x3c, 0x46, 0x4a, 0x52, 0x62, 0x42, 0xbc, 0x00, 0x00, 0x00, 0x00, },
  {0x00, 0x00, 0x10, 0x08, 0x00, 0x42, 0x42, 0x42, 0x42, 0x42, 0x42, 0x3e, 0x00, 0x00, 0x00, 0x00, },
  {0x00, 0x00, 0x08, 0x10, 0x00, 0x42, 0x42, 0x42, 0x42, 0x42, 0x42, 0x3e, 0x00, 0x00, 0x00, 0x00, },
  {0x00, 0x00, 0x18, 0x24, 0x00, 0x42, 0x42, 0x42, 0x42, 0x42, 0x42, 0x3e, 0x00, 0x00, 0x00, 0x00, },
  {0x00, 0x00, 0x24, 0x24, 0x00, 0x42, 0x42, 0x42, 0x42, 0x42, 0x42, 0x3e, 0x00, 0x00, 0x00, 0x00, },
  {0x00, 0x00, 0x08, 0x10, 0x00, 0x42, 0x42, 0x42, 0x42, 0x42, 0x42, 0x3e, 0x02, 0x02, 0x3c, 0x00, },
  {0x00, 0x00, 0x40, 0x40, 0x40, 0x7c, 0x42, 0x42, 0x42, 0x42, 0x42, 0x7c, 0x40, 0x40, 0x40, 0x00, },
  {0x00, 0x00, 0x24, 0x24, 0x00, 0x42, 0x42, 0x42, 0x42, 0x42, 0x42, 0x3e, 0x02, 0x02, 0x3c, 0x00, },
  {0x3c, 0x00, 0x3c, 0x42, 0x42, 0x42, 0x42, 0x7e, 0x42, 0x42, 0x42, 0x42, 0x00, 0x00, 0x00, 0x00, },
  {0x00, 0x00, 0x00, 0x3c, 0x00, 0x3c, 0x02, 0x3e, 0x42, 0x42, 0x42, 0x3e, 0x00, 0x00, 0x00, 0x00, },
  {0x24, 0x18, 0x00, 0x3c, 0x42, 0x42, 0x42, 0x7e, 0x42, 0x42, 0x42, 0x42, 0x00, 0x00, 0x00, 0x00, },
  {0x00, 0x00, 0x24, 0x18, 0x00, 0x3c, 0x02, 0x3e, 0x42, 0x42, 0x42, 0x3e, 0x00, 0x00, 0x00, 0x00, },
  {0x00, 0x00, 0x3c, 0x42, 0x42, 0x42, 0x42, 0x7e, 0x42, 0x42, 0x42, 0x42, 0x02, 0x04, 0x03, 0x00, },
  {0x00, 0x00, 0x00, 0x00, 0x00, 0x3c, 0x02, 0x3e, 0x42, 0x42, 0x42, 0x3e, 0x02, 0x04, 0x03, 0x00, },
  {0x08, 0x10, 0x00, 0x3c, 0x42, 0x42, 0x40, 0x40, 0x40, 0x42, 0x42, 0x3c, 0x00, 0x00, 0x00, 0x00, },
  {0x00, 0x00, 0x08, 0x10, 0x00, 0x3c, 0x42, 0x40, 0x40, 0x40, 0x42, 0x3c, 0x00, 0x00, 0x00, 0x00, },
  {0x18, 0x24, 0x00, 0x3c, 0x42, 0x42, 0x40, 0x40, 0x40, 0x42, 0x42, 0x3c, 0x00, 0x00, 0x00, 0x00, },
  {0x00, 0x00, 0x18, 0x24, 0x00, 0x3c, 0x42, 0x40, 0x40, 0x40, 0x42, 0x3c, 0x00, 0x00, 0x00, 0x00, },
  {0x10, 0x10, 0x00, 0x3c, 0x42, 0x42, 0x40, 0x40, 0x40, 0x42, 0x42, 0x3c, 0x00, 0x00, 0x00, 0x00, },
  {0x00, 0x00, 0x10, 0x10, 0x00, 0x3c, 0x42, 0x40, 0x40, 0x40, 0x42, 0x3c, 0x00, 0x00, 0x00, 0x00, },
  {0x24, 0x18, 0x00, 0x3c, 0x42, 0x42, 0x40, 0x40, 0x40, 0x42, 0x42, 0x3c, 0x00, 0x00, 0x00, 0x00, },
  {0x00, 0x00, 0x24, 0x18, 0x00, 0x3c, 0x42, 0x40, 0x40, 0x40, 0x42, 0x3c, 0x00, 0x00, 0x00, 0x00, },
  {0x24, 0x18, 0x00, 0x78, 0x44, 0x42, 0x42, 0x42, 0x42, 0x42, 0x44, 0x78, 0x00, 0x00, 0x00, 0x00, },
  {0x24, 0x18, 0x02, 0x02, 0x02, 0x3e, 0x42, 0x42, 0x42, 0x42, 0x42, 0x3e, 0x00, 0x00, 0x00, 0x00, },
  {0x00, 0x00, 0x78, 0x44, 0x42, 0x42, 0xf2, 0x42, 0x42, 0x42, 0x44, 0x78, 0x00, 0x00, 0x00, 0x00, },
  {0x00, 0x00, 0x02, 0x0f, 0x02, 0x3e, 0x42, 0x42, 0x42, 0x42, 0x42, 0x3e, 0x00, 0x00, 0x00, 0x00, },
  {0x3c, 0x00, 0x7e, 0x40, 0x40, 0x40, 0x78, 0x40, 0x40, 0x40, 0x40, 0x7e, 0x00, 0x00, 0x00, 0x00, },
  {0x00, 0x00, 0x00, 0x3c, 0x00, 0x3c, 0x42, 0x42, 0x7e, 0x40, 0x40, 0x3c, 0x00, 0x00, 0x00, 0x00, },
  {0x24, 0x18, 0x00, 0x7e, 0x40, 0x40, 0x40, 0x78, 0x40, 0x40, 0x40, 0x7e, 0x00, 0x00, 0x00, 0x00, },
  {0x00, 0x00, 0x24, 0x18, 0x00, 0x3c, 0x42, 0x42, 0x7e, 0x40, 0x40, 0x3c, 0x00, 0x00, 0x00, 0x00, },
  {0x10, 0x10, 0x00, 0x7e, 0x40, 0x40, 0x40, 0x78, 0x40, 0x40, 0x40, 0x7e, 0x00, 0x00, 0x00, 0x00, },
  {0x00, 0x00, 0x10, 0x10, 0x00, 0x3c, 0x42, 0x42, 0x7e, 0x40, 0x40, 0x3c, 0x00, 0x00, 0x00, 0x00, },
  {0x00, 0x00, 0x7e, 0x40, 0x40, 0x40, 0x78, 0x40, 0x40, 0x40, 0x40, 0x7e, 0x02, 0x04, 0x03, 0x00, },
  {0x00, 0x00, 0x00, 0x00, 0x00, 0x3c, 0x42, 0x42, 0x7e, 0x40, 0x40, 0x3c, 0x08, 0x10, 0x0c, 0x00, },
  {0x24, 0x18, 0x00, 0x7e, 0x40, 0x40, 0x40, 0x78, 0x40, 0x40, 0x40, 0x7e, 0x00, 0x00, 0x00, 0x00, },
  {0x00, 0x00, 0x24, 0x18, 0x00, 0x3c, 0x42, 0x42, 0x7e, 0x40, 0x40, 0x3c, 0x00, 0x00, 0x00, 0x00, },
  {0x18, 0x24, 0x00, 0x3c, 0x42, 0x42, 0x40, 0x4e, 0x42, 0x42, 0x42, 0x3c, 0x00, 0x00, 0x00, 0x00, },
  {0x00, 0x00, 0x18, 0x24, 0x00, 0x3e, 0x42, 0x42, 0x42, 0x42, 0x42, 0x3e, 0x02, 0x02, 0x3c, 0x00, },
  {0x24, 0x18, 0x00, 0x3c, 0x42, 0x42, 0x40, 0x4e, 0x42, 0x42, 0x42, 0x3c, 0x00, 0x00, 0x00, 0x00, },
  {0x00, 0x00, 0x24, 0x18, 0x00, 0x3e, 0x42, 0x42, 0x42, 0x42, 0x42, 0x3e, 0x02, 0x02, 0x3c, 0x00, },
  {0x10, 0x10, 0x00, 0x3c, 0x42, 0x42, 0x40, 0x4e, 0x42, 0x42, 0x42, 0x3c, 0x00, 0x00, 0x00, 0x00, },
  {0x00, 0x00, 0x08, 0x08, 0x00, 0x3e, 0x42, 0x42, 0x42, 0x42, 0x42, 0x3e, 0x02, 0x02, 0x3c, 0x00, },
  {0x00, 0x00, 0x3c, 0x42, 0x42, 0x40, 0x40, 0x4e, 0x42, 0x42, 0x42, 0x3c, 0x00, 0x10, 0x10, 0x20, },
  {0x00, 0x04, 0x08, 0x08, 0x00, 0x3e, 0x42, 0x42, 0x42, 0x42, 0x42, 0x3e, 0x02, 0x02, 0x3c, 0x00, },
  {0x18, 0x24, 0x00, 0x42, 0x42, 0x42, 0x42, 0x7e, 0x42, 0x42, 0x42, 0x42, 0x00, 0x00, 0x00, 0x00, },
  {0x0c, 0x12, 0x40, 0x40, 0x40, 0x7c, 0x42, 0x42, 0x42, 0x42, 0x42, 0x42, 0x00, 0x00, 0x00, 0x00, },
  {0x00, 0x00, 0x42, 0xff, 0x42, 0x42, 0x7e, 0x42, 0x42, 0x42, 0x42, 0x42, 0x00, 0x00, 0x00, 0x00, },
  {0x00, 0x00, 0x40, 0xf8, 0x40, 0x7c, 0x42, 0x42, 0x42, 0x42, 0x42, 0x42, 0x00, 0x00, 0x00, 0x00, },
  {0x32, 0x4c, 0x00, 0x38, 0x10, 0x10, 0x10, 0x10, 0x10, 0x10, 0x10, 0x38, 0x00, 0x00, 0x00, 0x00, },
  {0x00, 0x00, 0x34, 0x58, 0x00, 0x30, 0x10, 0x10, 0x10, 0x10, 0x10, 0x38, 0x00, 0x00, 0x00, 0x00, },
  {0x7c, 0x00, 0x38, 0x10, 0x10, 0x10, 0x10, 0x10, 0x10, 0x10, 0x10, 0x38, 0x00, 0x00, 0x00, 0x00, },
  {0x00, 0x00, 0x00, 0x78, 0x00, 0x30, 0x10, 0x10, 0x10, 0x10, 0x10, 0x38, 0x00, 0x00, 0x00, 0x00, },
  {0x24, 0x18, 0x00, 0x38, 0x10, 0x10, 0x10, 0x10, 0x10, 0x10, 0x10, 0x38, 0x00, 0x00, 0x00, 0x00, },
  {0x00, 0x00, 0x48, 0x30, 0x00, 0x30, 0x10, 0x10, 0x10, 0x10, 0x10, 0x38, 0x00, 0x00, 0x00, 0x00, },
  {0x00, 0x00, 0x38, 0x10, 0x10, 0x10, 0x10, 0x10, 0x10, 0x10, 0x10, 0x38, 0x10, 0x20, 0x18, 0x00, },
  {0x00, 0x00, 0x10, 0x10, 0x00, 0x30, 0x10, 0x10, 0x10, 0x10, 0x10, 0x38, 0x10, 0x20, 0x18, 0x00, },
  {0x10, 0x10, 0x00, 0x38, 0x10, 0x10, 0x10, 0x10, 0x10, 0x10, 0x10, 0x38, 0x00, 0x00, 0x00, 0x00, },
  {0x00, 0x00, 0x00, 0x00, 0x00, 0x30, 0x10, 0x10, 0x10, 0x10, 0x10, 0x38, 0x00, 0x00, 0x00, 0x00, },
  {0x00, 0x00, 0xe7, 0x42, 0x42, 0x42, 0x42, 0x42, 0x42, 0x52, 0x52, 0xec, 0x00, 0x00, 0x00, 0x00, },
  {0x00, 0x00, 0x42, 0x42, 0x00, 0xc6, 0x42, 0x42, 0x42, 0x42, 0x42, 0xe2, 0x12, 0x12, 0x0c, 0x00, },
  {0x0c, 0x12, 0x00, 0x0e, 0x04, 0x04, 0x04, 0x04, 0x04, 0x44, 0x44, 0x38, 0x00, 0x00, 0x00, 0x00, },
  {0x00, 0x00, 0x0c, 0x12, 0x00, 0x0c, 0x04, 0x04, 0x04, 0x04, 0x04, 0x04, 0x44, 0x44, 0x38, 0x00, },
  {0x00, 0x00, 0x42, 0x44, 0x48, 0x50, 0x60, 0x60, 0x50, 0x48, 0x44, 0x42, 0x00, 0x10, 0x10, 0x20, },
  {0x00, 0x00, 0x40, 0x40, 0x40, 0x42, 0x44, 0x48, 0x70, 0x48, 0x44, 0x42, 0x00, 0x10, 0x10, 0x20, },
  {0x00, 0x00, 0x00, 0x00, 0x00, 0x42, 0x44, 0x48, 0x70, 0x48, 0x44, 0x42, 0x00, 0x00, 0x00, 0x00, },
  {0x20, 0x40, 0x00, 0x40, 0x40, 0x40, 0x40, 0x40, 0x40, 0x40, 0x40, 0x7e, 0x00, 0x00, 0x00, 0x00, },
  {0x08, 0x10, 0x00, 0x30, 0x10, 0x10, 0x10, 0x10, 0x10, 0x10, 0x10, 0x38, 0x00, 0x00, 0x00, 0x00, },
  {0x00, 0x00, 0x40, 0x40, 0x40, 0x40, 0x40, 0x40, 0x40, 0x40, 0x40, 0x7e, 0x00, 0x10, 0x10, 0x20, },
  {0x00, 0x00, 0x30, 0x10, 0x10, 0x10, 0x10, 0x10, 0x10, 0x10, 0x10, 0x38, 0x00, 0x10, 0x10, 0x20, },
  {0x24, 0x18, 0x40, 0x40, 0x40, 0x40, 0x40, 0x40, 0x40, 0x40, 0x40, 0x7e, 0x00, 0x00, 0x00, 0x00, },
  {0x48, 0x30, 0x00, 0x30, 0x10, 0x10, 0x10, 0x10, 0x10, 0x10, 0x10, 0x38, 0x00, 0x00, 0x00, 0x00, },
  {0x00, 0x00, 0x40, 0x40, 0x40, 0x40, 0x44, 0x44, 0x40, 0x40, 0x40, 0x7e, 0x00, 0x00, 0x00, 0x00, },
  {0x00, 0x00, 0x30, 0x10, 0x10, 0x10, 0x11, 0x11, 0x10, 0x10, 0x10, 0x38, 0x00, 0x00, 0x00, 0x00, },
  {0x00, 0x00, 0x40, 0x40, 0x40, 0x40, 0x60, 0xc0, 0x40, 0x40, 0x40, 0x7e, 0x00, 0x00, 0x00, 0x00, },
  {0x00, 0x00, 0x30, 0x10, 0x10, 0x10, 0x18, 0x30, 0x10, 0x10, 0x10, 0x38, 0x00, 0x00, 0x00, 0x00, },
  {0x08, 0x10, 0x42, 0x42, 0x42, 0x62, 0x52, 0x4a, 0x46, 0x42, 0x42, 0x42, 0x00, 0x00, 0x00, 0x00, },
  {0x00, 0x00, 0x08, 0x10, 0x00, 0x7c, 0x42, 0x42, 0x42, 0x42, 0x42, 0x42, 0x00, 0x00, 0x00, 0x00, },
  {0x00, 0x00, 0x42, 0x42, 0x42, 0x62, 0x52, 0x4a, 0x46, 0x42, 0x42, 0x42, 0x00, 0x10, 0x10, 0x20, },
  {0x00, 0x00, 0x00, 0x00, 0x00, 0x7c, 0x42, 0x42, 0x42, 0x42, 0x42, 0x42, 0x00, 0x10, 0x10, 0x20, },
  {0x24, 0x18, 0x42, 0x42, 0x42, 0x62, 0x52, 0x4a, 0x46, 0x42, 0x42, 0x42, 0x00, 0x00, 0x00, 0x00, },
  {0x00, 0x00, 0x24, 0x18, 0x00, 0x7c, 0x42, 0x42, 0x42, 0x42, 0x42, 0x42, 0x00, 0x00, 0x00, 0x00, },
  {0x00, 0x40, 0x40, 0x80, 0x00, 0x7c, 0x42, 0x42, 0x42, 0x42, 0x42, 0x42, 0x00, 0x00, 0x00, 0x00, },
  {0x00, 0x00, 0x42, 0x42, 0x42, 0x62, 0x52, 0x4a, 0x46, 0x42, 0x42, 0x42, 0x02, 0x02, 0x0c, 0x00, },
  {0x00, 0x00, 0x00, 0x00, 0x00, 0x7c, 0x42, 0x42, 0x42, 0x42, 0x42, 0x42, 0x02, 0x02, 0x0c, 0x00, },
  {0x3c, 0x00, 0x3c, 0x42, 0x42, 0x42, 0x42, 0x42, 0x42, 0x42, 0x42, 0x3c, 0x00, 0x00, 0x00, 0x00, },
  {0x00, 0x00, 0x00, 0x3c, 0x00, 0x3c, 0x42, 0x42, 0x42, 0x42, 0x42, 0x3c, 0x00, 0x00, 0x00, 0x00, },
  {0x24, 0x18, 0x00, 0x3c, 0x42, 0x42, 0x42, 0x42, 0x42, 0x42, 0x42, 0x3c, 0x00, 0x00, 0x00, 0x00, },
  {0x00, 0x00, 0x24, 0x18, 0x00, 0x3c, 0x42, 0x42, 0x42, 0x42, 0x42, 0x3c, 0x00, 0x00, 0x00, 0x00, },
  {0x12, 0x24, 0x00, 0x3c, 0x42, 0x42, 0x42, 0x42, 0x42, 0x42, 0x42, 0x3c, 0x00, 0x00, 0x00, 0x00, },
  {0x00, 0x00, 0x12, 0x24, 0x00, 0x3c, 0x42, 0x42, 0x42, 0x42, 0x42, 0x3c, 0x00, 0x00, 0x00, 0x00, },
  {0x00, 0x00, 0x7e, 0x90, 0x90, 0x90, 0x9c, 0x90, 0x90, 0x90, 0x90, 0x7e, 0x00, 0x00, 0x00, 0x00, },
  {0x00, 0x00, 0x00, 0x00, 0x00, 0x7c, 0x92, 0x92, 0x9e, 0x90, 0x90, 0x7c, 0x00, 0x00, 0x00, 0x00, },
  {0x08, 0x10, 0x00, 0x7c, 0x42, 0x42, 0x42, 0x7c, 0x50, 0x48, 0x44, 0x42, 0x00, 0x00, 0x00, 0x00, },
  {0x00, 0x00, 0x08, 0x10, 0x00, 0x5e, 0x60, 0x40, 0x40, 0x40, 0x40, 0x40, 0x00, 0x00, 0x00, 0x00, },
  {0x00, 0x00, 0x7c, 0x42, 0x42, 0x42, 0x42, 0x7c, 0x50, 0x48, 0x44, 0x42, 0x00, 0x10, 0x10, 0x20, },
  {0x00, 0x00, 0x00, 0x00, 0x00, 0x5e, 0x60, 0x40, 0x40, 0x40, 0x40, 0x40, 0x00, 0x40, 0x40, 0x80, },
  {0x24, 0x18, 0x00, 0x7c, 0x42, 0x42, 0x42, 0x7c, 0x50, 0x48, 0x44, 0x42, 0x00, 0x00, 0x00, 0x00, },
  {0x00, 0x00, 0x24, 0x18, 0x00, 0x5e, 0x60, 0x40, 0x40, 0x40, 0x40, 0x40, 0x00, 0x00, 0x00, 0x00, },
  {0x08, 0x10, 0x00, 0x3c, 0x42, 0x40, 0x40, 0x3c, 0x02, 0x02, 0x42, 0x3c, 0x00, 0x00, 0x00, 0x00, },
  {0x00, 0x00, 0x04, 0x08, 0x00, 0x3e, 0x40, 0x40, 0x3c, 0x02, 0x02, 0x7c, 0x00, 0x00, 0x00, 0x00, },
  {0x18, 0x24, 0x00, 0x3c, 0x42, 0x40, 0x40, 0x3c, 0x02, 0x02, 0x42, 0x3c, 0x00, 0x00, 0x00, 0x00, },
  {0x00, 0x00, 0x18, 0x24, 0x00, 0x3e, 0x40, 0x40, 0x3c, 0x02, 0x02, 0x7c, 0x00, 0x00, 0x00, 0x00, },
  {0x00, 0x00, 0x3c, 0x42, 0x40, 0x40, 0x3c, 0x02, 0x02, 0x42, 0x42, 0x3c, 0x10, 0x10, 0x20, 0x00, },
  {0x00, 0x00, 0x00, 0x00, 0x00, 0x3e, 0x40, 0x40, 0x3c, 0x02, 0x02, 0x7c, 0x10, 0x10, 0x20, 0x00, },
  {0x24, 0x18, 0x00, 0x3c, 0x42, 0x40, 0x40, 0x3c, 0x02, 0x02, 0x42, 0x3c, 0x00, 0x00, 0x00, 0x00, },
  {0x00, 0x00, 0x24, 0x18, 0x00, 0x3e, 0x40, 0x40, 0x3c, 0x02, 0x02, 0x7c, 0x00, 0x00, 0x00, 0x00, },
  {0x00, 0x00, 0xfe, 0x10, 0x10, 0x10, 0x10, 0x10, 0x10, 0x10, 0x10, 0x10, 0x08, 0x08, 0x10, 0x00, },
  {0x00, 0x00, 0x10, 0x10, 0x10, 0x7c, 0x10, 0x10, 0x10, 0x10, 0x10, 0x0e, 0x04, 0x04, 0x08, 0x00, },
  {0x24, 0x18, 0x00, 0xfe, 0x10, 0x10, 0x10, 0x10, 0x10, 0x10, 0x10, 0x10, 0x00, 0x00, 0x00, 0x00, },
  {0x24, 0x18, 0x00, 0x10, 0x10, 0x7c, 0x10, 0x10, 0x10, 0x10, 0x10, 0x0e, 0x00, 0x00, 0x00, 0x00, },
  {0x00, 0x00, 0xfe, 0x10, 0x10, 0x10, 0x7c, 0x10, 0x10, 0x10, 0x10, 0x10, 0x00, 0x00, 0x00, 0x00, },
  {0x00, 0x00, 0x10, 0x10, 0x10, 0x7c, 0x10, 0x38, 0x10, 0x10, 0x10, 0x0e, 0x00, 0x00, 0x00, 0x00, },
  {0x32, 0x4c, 0x00, 0x42, 0x42, 0x42, 0x42, 0x42, 0x42, 0x42, 0x42, 0x3c, 0x00, 0x00, 0x00, 0x00, },
  {0x00, 0x00, 0x32, 0x4c, 0x00, 0x42, 0x42, 0x42, 0x42, 0x42, 0x42, 0x3e, 0x00, 0x00, 0x00, 0x00, },
  {0x3c, 0x00, 0x42, 0x42, 0x42, 0x42, 0x42, 0x42, 0x42, 0x42, 0x42, 0x3c, 0x00, 0x00, 0x00, 0x00, },
  {0x00, 0x00, 0x00, 0x3c, 0x00, 0x42, 0x42, 0x42, 0x42, 0x42, 0x42, 0x3e, 0x00, 0x00, 0x00, 0x00, },
  {0x24, 0x18, 0x42, 0x42, 0x42, 0x42, 0x42, 0x42, 0x42, 0x42, 0x42, 0x3c, 0x00, 0x00, 0x00, 0x00, },
  {0x00, 0x00, 0x24, 0x18, 0x00, 0x42, 0x42, 0x42, 0x42, 0x42, 0x42, 0x3e, 0x00, 0x00, 0x00, 0x00, },
  {0x18, 0x24, 0x18, 0x42, 0x42, 0x42, 0x42, 0x42, 0x42, 0x42, 0x42, 0x3c, 0x00, 0x00, 0x00, 0x00, },
  {0x00, 0x00, 0x18, 0x24, 0x18, 0x42, 0x42, 0x42, 0x42, 0x42, 0x42, 0x3e, 0x00, 0x00, 0x00, 0x00, },
  {0x12, 0x24, 0x00, 0x42, 0x42, 0x42, 0x42, 0x42, 0x42, 0x42, 0x42, 0x3c, 0x00, 0x00, 0x00, 0x00, },
  {0x00, 0x00, 0x12, 0x24, 0x00, 0x42, 0x42, 0x42, 0x42, 0x42, 0x42, 0x3e, 0x00, 0x00, 0x00, 0x00, },
  {0x00, 0x00, 0x42, 0x42, 0x42, 0x42, 0x42, 0x42, 0x42, 0x42, 0x42, 0x3c, 0x08, 0x10, 0x0c, 0x00, },
  {0x00, 0x00, 0x00, 0x00, 0x00, 0x42, 0x42, 0x42, 0x42, 0x42, 0x42, 0x3e, 0x02, 0x04, 0x03, 0x00, },
  {0x18, 0x24, 0x00, 0x82, 0x82, 0x82, 0x82, 0x92, 0x92, 0xaa, 0xc6, 0x82, 0x00, 0x00, 0x00, 0x00, },
  {0x00, 0x00, 0x18, 0x24, 0x00, 0x82, 0x82, 0x92, 0x92, 0x92, 0x92, 0x7c, 0x00, 0x00, 0x00, 0x00, },
  {0x44, 0x44, 0x00, 0x82, 0x82, 0x44, 0x44, 0x28, 0x10, 0x10, 0x10, 0x10, 0x00, 0x00, 0x00, 0x00, },
  {0x08, 0x10, 0x00, 0x7e, 0x02, 0x04, 0x08, 0x10, 0x20, 0x40, 0x40, 0x7e, 0x00, 0x00, 0x00, 0x00, },
  {0x00, 0x00, 0x08, 0x10, 0x00, 0x7e, 0x04, 0x08, 0x10, 0x20, 0x40, 0x7e, 0x00, 0x00, 0x00, 0x00, },
  {0x10, 0x10, 0x00, 0x7e, 0x02, 0x04, 0x08, 0x10, 0x20, 0x40, 0x40, 0x7e, 0x00, 0x00, 0x00, 0x00, },
  {0x00, 0x00, 0x10, 0x10, 0x00, 0x7e, 0x04, 0x08, 0x10, 0x20, 0x40, 0x7e, 0x00, 0x00, 0x00, 0x00, },
  {0x24, 0x18, 0x00, 0x7e, 0x02, 0x04, 0x08, 0x10, 0x20, 0x40, 0x40, 0x7e, 0x00, 0x00, 0x00, 0x00, },
  {0x00, 0x00, 0x24, 0x18, 0x00, 0x7e, 0x04, 0x08, 0x10, 0x20, 0x40, 0x7e, 0x00, 0x00, 0x00, 0x00, },
  {0x00, 0x00, 0x0e, 0x10, 0x10, 0x10, 0x10, 0x10, 0x10, 0x10, 0x10, 0x10, 0x00, 0x00, 0x00, 0x00, },
  {0x00, 0x00, 0x3c, 0x42, 0x42, 0x02, 0x02, 0x02, 0x02, 0x42, 0x42, 0x3c, 0x00, 0x00, 0x00, 0x00, },
  {0x00, 0x00, 0x7e, 0x02, 0x02, 0x02, 0x1e, 0x02, 0x02, 0x02, 0x02, 0x7e, 0x00, 0x00, 0x00, 0x00, },
  {0x00, 0x00, 0x3c, 0x42, 0x02, 0x02, 0x7e, 0x42, 0x42, 0x42, 0x42, 0x3c, 0x00, 0x00, 0x00, 0x00, },
  {0x00, 0x00, 0x3c, 0x42, 0x42, 0x40, 0x38, 0x40, 0x40, 0x42, 0x42, 0x3c, 0x00, 0x00, 0x00, 0x00, },
  {0x00, 0x00, 0x0c, 0x12, 0x10, 0x10, 0x7c, 0x10, 0x10, 0x10, 0x10, 0x10, 0x10, 0x90, 0x60, 0x00, },
  {0x00, 0x00, 0x42, 0x42, 0x42, 0x62, 0x52, 0x4a, 0x46, 0x42, 0x42, 0x42, 0x40, 0x40, 0x80, 0x00, },
  {0x00, 0x00, 0x00, 0x00, 0x00, 0x7c, 0x42, 0x42, 0x42, 0x42, 0x42, 0x42, 0x02, 0x02, 0x02, 0x00, },
  {0x00, 0x00, 0x7e, 0x02, 0x04, 0x08, 0x1c, 0x02, 0x02, 0x42, 0x42, 0x3c, 0x00, 0x00, 0x00, 0x00, },
  {0x00, 0x00, 0x3c, 0x42, 0x40, 0x40, 0x3c, 0x02, 0x02, 0x42, 0x42, 0x3c, 0x00, 0x10, 0x10, 0x20, },
  {0x00, 0x00, 0x00, 0x00, 0x00, 0x3e, 0x40, 0x40, 0x3c, 0x02, 0x02, 0x7c, 0x00, 0x10, 0x10, 0x20, },
  {0x00, 0x00, 0xfe, 0x10, 0x10, 0x10, 0x10, 0x10, 0x10, 0x10, 0x10, 0x10, 0x00, 0x10, 0x10, 0x20, },
  {0x00, 0x00, 0x10, 0x10, 0x10, 0x7c, 0x10, 0x10, 0x10, 0x10, 0x10, 0x0e, 0x00, 0x04, 0x04, 0x08, },
  {0x7c, 0x00, 0x82, 0x82, 0x44, 0x44, 0x28, 0x10, 0x10, 0x10, 0x10, 0x10, 0x00, 0x00, 0x00, 0x00, },
  {0x00, 0x00, 0x00, 0x3c, 0x00, 0x42, 0x42, 0x42, 0x42, 0x42, 0x42, 0x3e, 0x02, 0x02, 0x3c, 0x00, },
  {0x00, 0x00, 0x00, 0x00, 0x00, 0x0c, 0x04, 0x04, 0x04, 0x04, 0x04, 0x04, 0x44, 0x44, 0x38, 0x00, },
  {0x00, 0x00, 0x00, 0x00, 0x00, 0x3c, 0x42, 0x02, 0x02, 0x02, 0x42, 0x3c, 0x00, 0x00, 0x00, 0x00, },
  {0x00, 0x00, 0x00, 0x00, 0x00, 0x3c, 0x42, 0x42, 0x7e, 0x02, 0x02, 0x3c, 0x00, 0x00, 0x00, 0x00, },
  {0x00, 0x00, 0x00, 0x00, 0x00, 0x3c, 0x02, 0x02, 0x7e, 0x42, 0x42, 0x3c, 0x00, 0x00, 0x00, 0x00, },
  {0x00, 0x00, 0x00, 0x00, 0x00, 0x3c, 0x42, 0x40, 0x38, 0x40, 0x42, 0x3c, 0x00, 0x00, 0x00, 0x00, },
  {0x00, 0x00, 0x00, 0x00, 0x00, 0x7c, 0x42, 0x42, 0x42, 0x42, 0x42, 0x42, 0x40, 0x40, 0x80, 0x00, },
  {0x00, 0x00, 0x00, 0x00, 0x00, 0x7e, 0x02, 0x04, 0x08, 0x1c, 0x02, 0x02, 0x42, 0x42, 0x3c, 0x00, },
  {0x08, 0x10, 0x10, 0x00, 0x00, 0x00, 0x00, 0x00, 0x00, 0x00, 0x00, 0x00, 0x00, 0x00, 0x00, 0x00, },
  {0x08, 0x08, 0x10, 0x00, 0x00, 0x00, 0x00, 0x00, 0x00, 0x00, 0x00, 0x00, 0x00, 0x00, 0x00, 0x00, },
  {0x10, 0x10, 0x08, 0x00, 0x00, 0x00, 0x00, 0x00, 0x00, 0x00, 0x00, 0x00, 0x00, 0x00, 0x00, 0x00, },
  {0x18, 0x24, 0x00, 0x00, 0x00, 0x00, 0x00, 0x00, 0x00, 0x00, 0x00, 0x00, 0x00, 0x00, 0x00, 0x00, },
  {0x24, 0x18, 0x00, 0x00, 0x00, 0x00, 0x00, 0x00, 0x00, 0x00, 0x00, 0x00, 0x00, 0x00, 0x00, 0x00, },
  {0x24, 0x18, 0x00, 0x00, 0x00, 0x00, 0x00, 0x00, 0x00, 0x00, 0x00, 0x00, 0x00, 0x00, 0x00, 0x00, },
  {0x10, 0x10, 0x00, 0x00, 0x00, 0x00, 0x00, 0x00, 0x00, 0x00, 0x00, 0x00, 0x00, 0x00, 0x00, 0x00, },
  {0x00, 0x00, 0x00, 0x00, 0x00, 0x00, 0x00, 0x00, 0x00, 0x00, 0x00, 0x00, 0x02, 0x04, 0x03, 0x00, },
  {0x32, 0x4c, 0x00, 0x00, 0x00, 0x00, 0x00, 0x00, 0x00, 0x00, 0x00, 0x00, 0x00, 0x00, 0x00, 0x00, },
  {0x12, 0x24, 0x00, 0x00, 0x00, 0x00, 0x00, 0x00, 0x00, 0x00, 0x00, 0x00, 0x00, 0x00, 0x00, 0x00, },
  {0x10, 0x08, 0x00, 0x00, 0x00, 0x00, 0x00, 0x00, 0x00, 0x00, 0x00, 0x00, 0x00, 0x00, 0x00, 0x00, },
  {0x08, 0x10, 0x00, 0x00, 0x00, 0x00, 0x00, 0x00, 0x00, 0x00, 0x00, 0x00, 0x00, 0x00, 0x00, 0x00, },
  {0x18, 0x24, 0x00, 0x00, 0x00, 0x00, 0x00, 0x00, 0x00, 0x00, 0x00, 0x00, 0x00, 0x00, 0x00, 0x00, },
  {0x32, 0x4c, 0x00, 0x00, 0x00, 0x00, 0x00, 0x00, 0x00, 0x00, 0x00, 0x00, 0x00, 0x00, 0x00, 0x00, },
  {0x24, 0x18, 0x00, 0x00, 0x00, 0x00, 0x00, 0x00, 0x00, 0x00, 0x00, 0x00, 0x00, 0x00, 0x00, 0x00, },
  {0x24, 0x18, 0x00, 0x00, 0x00, 0x00, 0x00, 0x00, 0x00, 0x00, 0x00, 0x00, 0x00, 0x00, 0x00, 0x00, },
  {0x00, 0x00, 0x00, 0x00, 0x00, 0x00, 0x00, 0x00, 0x00, 0x00, 0x00, 0x00, 0x00, 0x10, 0x10, 0x00, },
  {0x40, 0x80, 0x00, 0x00, 0x00, 0x00, 0x00, 0x00, 0x00, 0x00, 0x00, 0x00, 0x00, 0x00, 0x00, 0x00, },
  {0x08, 0x10, 0x00, 0x24, 0x00, 0x00, 0x00, 0x00, 0x00, 0x00, 0x00, 0x00, 0x00, 0x00, 0x00, 0x00, },
  {0x40, 0x80, 0x3c, 0x42, 0x42, 0x42, 0x42, 0x7e, 0x42, 0x42, 0x42, 0x42, 0x00, 0x00, 0x00, 0x00, },
  {0x00, 0x00, 0x00, 0x00, 0x00, 0x10, 0x10, 0x00, 0x00, 0x00, 0x00, 0x00, 0x00, 0x00, 0x00, 0x00, },
  {0x40, 0x80, 0x7e, 0x40, 0x40, 0x40, 0x78, 0x40, 0x40, 0x40, 0x40, 0x7e, 0x00, 0x00, 0x00, 0x00, },
  {0x40, 0x80, 0x42, 0x42, 0x42, 0x42, 0x7e, 0x42, 0x42, 0x42, 0x42, 0x42, 0x00, 0x00, 0x00, 0x00, },
  {0x40, 0x80, 0x38, 0x10, 0x10, 0x10, 0x10, 0x10, 0x10, 0x10, 0x10, 0x38, 0x00, 0x00, 0x00, 0x00, },
  {0x40, 0x80, 0x3c, 0x42, 0x42, 0x42, 0x42, 0x42, 0x42, 0x42, 0x42, 0x3c, 0x00, 0x00, 0x00, 0x00, },
  {0x40, 0x80, 0x00, 0x82, 0x82, 0x44, 0x44, 0x28, 0x10, 0x10, 0x10, 0x10, 0x00, 0x00, 0x00, 0x00, },
  {0x40, 0x80, 0x3c, 0x42, 0x42, 0x42, 0x42, 0x42, 0x42, 0x24, 0x24, 0x66, 0x00, 0x00, 0x00, 0x00, },
  {0x08, 0x10, 0x48, 0x48, 0x00, 0x30, 0x10, 0x10, 0x10, 0x10, 0x10, 0x0c, 0x00, 0x00, 0x00, 0x00, },
  {0x00, 0x00, 0x3c, 0x42, 0x42, 0x42, 0x42, 0x7e, 0x42, 0x42, 0x42, 0x42, 0x00, 0x00, 0x00, 0x00, },
  {0x00, 0x00, 0x7c, 0x42, 0x42, 0x42, 0x7c, 0x42, 0x42, 0x42, 0x42, 0x7c, 0x00, 0x00, 0x00, 0x00, },
  {0x00, 0x00, 0x7e, 0x40, 0x40, 0x40, 0x40, 0x40, 0x40, 0x40, 0x40, 0x40, 0x00, 0x00, 0x00, 0x00, },
  {0x00, 0x00, 0x10, 0x10, 0x28, 0x28, 0x44, 0x44, 0x44, 0x82, 0x82, 0xfe, 0x00, 0x00, 0x00, 0x00, },
  {0x00, 0x00, 0x7e, 0x40, 0x40, 0x40, 0x78, 0x40, 0x40, 0x40, 0x40, 0x7e, 0x00, 0x00, 0x00, 0x00, },
  {0x00, 0x00, 0x7e, 0x02, 0x02, 0x04, 0x08, 0x10, 0x20, 0x40, 0x40, 0x7e, 0x00, 0x00, 0x00, 0x00, },
  {0x00, 0x00, 0x42, 0x42, 0x42, 0x42, 0x7e, 0x42, 0x42, 0x42, 0x42, 0x42, 0x00, 0x00, 0x00, 0x00, },
  {0x00, 0x00, 0x3c, 0x42, 0x42, 0x42, 0x5a, 0x42, 0x42, 0x42, 0x42, 0x3c, 0x00, 0x00, 0x00, 0x00, },
  {0x00, 0x00, 0x38, 0x10, 0x10, 0x10, 0x10, 0x10, 0x10, 0x10, 0x10, 0x38, 0x00, 0x00, 0x00, 0x00, },
  {0x00, 0x00, 0x42, 0x44, 0x48, 0x50, 0x60, 0x60, 0x50, 0x48, 0x44, 0x42, 0x00, 0x00, 0x00, 0x00, },
  {0x00, 0x00, 0x10, 0x10, 0x28, 0x28, 0x44, 0x44, 0x44, 0x82, 0x82, 0x82, 0x00, 0x00, 0x00, 0x00, },
  {0x00, 0x00, 0x82, 0xc6, 0xaa, 0x92, 0x92, 0x82, 0x82, 0x82, 0x82, 0x82, 0x00, 0x00, 0x00, 0x00, },
  {0x00, 0x00, 0x42, 0x42, 0x42, 0x62, 0x52, 0x4a, 0x46, 0x42, 0x42, 0x42, 0x00, 0x00, 0x00, 0x00, },
  {0x00, 0x00, 0x7e, 0x00, 0x00, 0x00, 0x3c, 0x00, 0x00, 0x00, 0x00, 0x7e, 0x00, 0x00, 0x00, 0x00, },
  {0x00, 0x00, 0x3c, 0x42, 0x42, 0x42, 0x42, 0x42, 0x42, 0x42, 0x42, 0x3c, 0x00, 0x00, 0x00, 0x00, },
  {0x00, 0x00, 0x7e, 0x42, 0x42, 0x42, 0x42, 0x42, 0x42, 0x42, 0x42, 0x42, 0x00, 0x00, 0x00, 0x00, },
  {0x00, 0x00, 0x7c, 0x42, 0x42, 0x42, 0x42, 0x7c, 0x40, 0x40, 0x40, 0x40, 0x00, 0x00, 0x00, 0x00, },
  {0x00, 0x00, 0x7e, 0x40, 0x20, 0x10, 0x08, 0x08, 0x10, 0x20, 0x40, 0x7e, 0x00, 0x00, 0x00, 0x00, },
  {0x00, 0x00, 0xfe, 0x10, 0x10, 0x10, 0x10, 0x10, 0x10, 0x10, 0x10, 0x10, 0x00, 0x00, 0x00, 0x00, },
  {0x00, 0x00, 0x82, 0x82, 0x44, 0x44, 0x28, 0x10, 0x10, 0x10, 0x10, 0x10, 0x00, 0x00, 0x00, 0x00, },
  {0x00, 0x00, 0x10, 0x7c, 0x92, 0x92, 0x92, 0x92, 0x92, 0x92, 0x7c, 0x10, 0x00, 0x00, 0x00, 0x00, },
  {0x00, 0x00, 0x42, 0x42, 0x24, 0x24, 0x18, 0x18, 0x24, 0x24, 0x42, 0x42, 0x00, 0x00, 0x00, 0x00, },
  {0x00, 0x00, 0x92, 0x92, 0x92, 0x92, 0x92, 0x92, 0x92, 0x7c, 0x10, 0x10, 0x00, 0x00, 0x00, 0x00, },
  {0x00, 0x00, 0x3c, 0x42, 0x42, 0x42, 0x42, 0x42, 0x42, 0x24, 0x24, 0x66, 0x00, 0x00, 0x00, 0x00, },
  {0x44, 0x44, 0x00, 0x38, 0x10, 0x10, 0x10, 0x10, 0x10, 0x10, 0x10, 0x38, 0x00, 0x00, 0x00, 0x00, },
  {0x44, 0x44, 0x00, 0x82, 0x82, 0x44, 0x44, 0x28, 0x10, 0x10, 0x10, 0x10, 0x00, 0x00, 0x00, 0x00, },
  {0x00, 0x00, 0x08, 0x10, 0x00, 0x3a, 0x46, 0x44, 0x44, 0x44, 0x46, 0x3a, 0x00, 0x00, 0x00, 0x00, },
  {0x00, 0x00, 0x08, 0x10, 0x00, 0x3c, 0x42, 0x40, 0x38, 0x40, 0x42, 0x3c, 0x00, 0x00, 0x00, 0x00, },
  {0x00, 0x00, 0x08, 0x10, 0x00, 0x7c, 0x42, 0x42, 0x42, 0x42, 0x42, 0x42, 0x02, 0x02, 0x02, 0x00, },
  {0x00, 0x00, 0x08, 0x10, 0x00, 0x30, 0x10, 0x10, 0x10, 0x10, 0x10, 0x0c, 0x00, 0x00, 0x00, 0x00, },
  {0x08, 0x10, 0x00, 0x24, 0x00, 0x42, 0x42, 0x42, 0x42, 0x42, 0x42, 0x3c, 0x00, 0x00, 0x00, 0x00, },
  {0x00, 0x00, 0x00, 0x00, 0x00, 0x3a, 0x46, 0x44, 0x44, 0x44, 0x46, 0x3a, 0x00, 0x00, 0x00, 0x00, },
  {0x00, 0x00, 0x38, 0x44, 0x44, 0x48, 0x7c, 0x42, 0x42, 0x42, 0x42, 0x7c, 0x40, 0x40, 0x40, 0x00, },
  {0x00, 0x00, 0x00, 0x00, 0x00, 0x82, 0x82, 0x44, 0x44, 0x28, 0x28, 0x10, 0x10, 0x10, 0x10, 0x00, },
  {0x00, 0x00, 0x3e, 0x10, 0x08, 0x3c, 0x42, 0x42, 0x42, 0x42, 0x42, 0x3c, 0x00, 0x00, 0x00, 0x00, },
  {0x00, 0x00, 0x00, 0x00, 0x00, 0x3c, 0x42, 0x40, 0x38, 0x40, 0x42, 0x3c, 0x00, 0x00, 0x00, 0x00, },
  {0x00, 0x00, 0x7e, 0x04, 0x08, 0x10, 0x20, 0x40, 0x40, 0x40, 0x40, 0x3c, 0x02, 0x02, 0x04, 0x00, },
  {0x00, 0x00, 0x00, 0x00, 0x00, 0x7c, 0x42, 0x42, 0x42, 0x42, 0x42, 0x42, 0x02, 0x02, 0x02, 0x00, },
  {0x00, 0x00, 0x38, 0x44, 0x44, 0x44, 0x7c, 0x44, 0x44, 0x44, 0x44, 0x38, 0x00, 0x00, 0x00, 0x00, },
  {0x00, 0x00, 0x00, 0x00, 0x00, 0x30, 0x10, 0x10, 0x10, 0x10, 0x10, 0x0c, 0x00, 0x00, 0x00, 0x00, },
  {0x00, 0x00, 0x00, 0x00, 0x00, 0x42, 0x44, 0x48, 0x70, 0x48, 0x44, 0x42, 0x00, 0x00, 0x00, 0x00, },
  {0x00, 0x00, 0x20, 0x20, 0x10, 0x10, 0x28, 0x28, 0x44, 0x44, 0x82, 0x82, 0x00, 0x00, 0x00, 0x00, },
  {0x00, 0x00, 0x00, 0x00, 0x00, 0x42, 0x42, 0x42, 0x42, 0x42, 0x46, 0x7a, 0x40, 0x40, 0x40, 0x00, },
  {0x00, 0x00, 0x00, 0x00, 0x00, 0x42, 0x42, 0x42, 0x24, 0x24, 0x18, 0x18, 0x00, 0x00, 0x00, 0x00, },
  {0x00, 0x00, 0x3e, 0x40, 0x40, 0x40, 0x3c, 0x40, 0x40, 0x40, 0x40, 0x3c, 0x02, 0x02, 0x04, 0x00, },
  {0x00, 0x00, 0x00, 0x00, 0x00, 0x3c, 0x42, 0x42, 0x42, 0x42, 0x42, 0x3c, 0x00, 0x00, 0x00, 0x00, },
  {0x00, 0x00, 0x00, 0x00, 0x00, 0x7e, 0x42, 0x42, 0x42, 0x42, 0x42, 0x42, 0x00, 0x00, 0x00, 0x00, },
  {0x00, 0x00, 0x00, 0x00, 0x00, 0x3c, 0x42, 0x42, 0x42, 0x42, 0x42, 0x7c, 0x40, 0x40, 0x40, 0x00, },
  {0x00, 0x00, 0x00, 0x00, 0x00, 0x3c, 0x42, 0x40, 0x40, 0x40, 0x40, 0x3c, 0x02, 0x02, 0x04, 0x00, },
  {0x00, 0x00, 0x00, 0x00, 0x00, 0x3e, 0x44, 0x44, 0x44, 0x44, 0x44, 0x38, 0x00, 0x00, 0x00, 0x00, },
  {0x00, 0x00, 0x00, 0x00, 0x00, 0xfe, 0x10, 0x10, 0x10, 0x10, 0x10, 0x0c, 0x00, 0x00, 0x00, 0x00, },
  {0x00, 0x00, 0x00, 0x00, 0x00, 0x42, 0x42, 0x42, 0x42, 0x42, 0x42, 0x3c, 0x00, 0x00, 0x00, 0x00, },
  {0x00, 0x00, 0x00, 0x00, 0x00, 0x4c, 0x92, 0x92, 0x92, 0x92, 0x92, 0x7c, 0x10, 0x10, 0x10, 0x00, },
  {0x00, 0x00, 0x00, 0x00, 0x00, 0x42, 0x42, 0x24, 0x24, 0x18, 0x18, 0x24, 0x24, 0x42, 0x42, 0x00, },
  {0x00, 0x00, 0x00, 0x00, 0x00, 0x92, 0x92, 0x92, 0x92, 0x92, 0x92, 0x7c, 0x10, 0x10, 0x10, 0x00, },
  {0x00, 0x00, 0x00, 0x00, 0x00, 0x44, 0x82, 0x92, 0x92, 0x92, 0x92, 0x6c, 0x00, 0x00, 0x00, 0x00, },
  {0x00, 0x00, 0x48, 0x48, 0x00, 0x30, 0x10, 0x10, 0x10, 0x10, 0x10, 0x0c, 0x00, 0x00, 0x00, 0x00, },
  {0x00, 0x00, 0x24, 0x24, 0x00, 0x42, 0x42, 0x42, 0x42, 0x42, 0x42, 0x3c, 0x00, 0x00, 0x00, 0x00, },
  {0x00, 0x00, 0x08, 0x10, 0x00, 0x3c, 0x42, 0x42, 0x42, 0x42, 0x42, 0x3c, 0x00, 0x00, 0x00, 0x00, },
  {0x00, 0x00, 0x08, 0x10, 0x00, 0x42, 0x42, 0x42, 0x42, 0x42, 0x42, 0x3c, 0x00, 0x00, 0x00, 0x00, },
  {0x00, 0x00, 0x08, 0x10, 0x00, 0x44, 0x82, 0x92, 0x92, 0x92, 0x92, 0x6c, 0x00, 0x00, 0x00, 0x00, },
  {0x00, 0x00, 0x04, 0x04, 0x00, 0x0c, 0x04, 0x04, 0x04, 0x04, 0x04, 0x04, 0x44, 0x44, 0x38, 0x00, },
  {0x00, 0x00, 0x3c, 0x42, 0x42, 0x42, 0x7e, 0x42, 0x42, 0x42, 0x42, 0x3c, 0x00, 0x00, 0x00, 0x00, },
  {0x10, 0x08, 0x00, 0x7e, 0x40, 0x40, 0x40, 0x78, 0x40, 0x40, 0x40, 0x7e, 0x00, 0x00, 0x00, 0x00, },
  {0x24, 0x24, 0x00, 0x7e, 0x40, 0x40, 0x40, 0x78, 0x40, 0x40, 0x40, 0x7e, 0x00, 0x00, 0x00, 0x00, },
  {0x00, 0x00, 0xf8, 0x20, 0x20, 0x3c, 0x22, 0x22, 0x22, 0x22, 0x22, 0x24, 0x00, 0x00, 0x00, 0x00, },
  {0x08, 0x10, 0x00, 0x7e, 0x40, 0x40, 0x40, 0x40, 0x40, 0x40, 0x40, 0x40, 0x00, 0x00, 0x00, 0x00, },
  {0x00, 0x00, 0x3c, 0x42, 0x40, 0x40, 0x78, 0x40, 0x40, 0x40, 0x42, 0x3c, 0x00, 0x00, 0x00, 0x00, },
  {0x00, 0x00, 0x3c, 0x42, 0x40, 0x40, 0x3c, 0x02, 0x02, 0x42, 0x42, 0x3c, 0x00, 0x00, 0x00, 0x00, },
  {0x00, 0x00, 0x38, 0x10, 0x10, 0x10, 0x10, 0x10, 0x10, 0x10, 0x10, 0x38, 0x00, 0x00, 0x00, 0x00, },
  {0x44, 0x44, 0x00, 0x38, 0x10, 0x10, 0x10, 0x10, 0x10, 0x10, 0x10, 0x38, 0x00, 0x00, 0x00, 0x00, },
  {0x00, 0x00, 0x0e, 0x04, 0x04, 0x04, 0x04, 0x04, 0x04, 0x44, 0x44, 0x38, 0x00, 0x00, 0x00, 0x00, },
  {0x00, 0x00, 0x30, 0x50, 0x90, 0x9c, 0x92, 0x92, 0x92, 0x92, 0x92, 0x9c, 0x00, 0x00, 0x00, 0x00, },
  {0x00, 0x00, 0x90, 0x90, 0x90, 0x9c, 0xf2, 0x92, 0x92, 0x92, 0x92, 0x9c, 0x00, 0x00, 0x00, 0x00, },
  {0x00, 0x00, 0xf8, 0x20, 0x20, 0x3c, 0x22, 0x22, 0x22, 0x22, 0x22, 0x22, 0x00, 0x00, 0x00, 0x00, },
  {0x08, 0x10, 0x42, 0x44, 0x48, 0x50, 0x60, 0x60, 0x50, 0x48, 0x44, 0x42, 0x00, 0x00, 0x00, 0x00, },
  {0x10, 0x08, 0x42, 0x42, 0x42, 0x46, 0x4a, 0x52, 0x62, 0x42, 0x42, 0x42, 0x00, 0x00, 0x00, 0x00, },
  {0x24, 0x18, 0x42, 0x42, 0x42, 0x42, 0x42, 0x3e, 0x02, 0x02, 0x02, 0x3c, 0x00, 0x00, 0x00, 0x00, },
  {0x00, 0x00, 0x42, 0x42, 0x42, 0x42, 0x42, 0x42, 0x42, 0x42, 0x42, 0x7e, 0x18, 0x18, 0x00, 0x00, },
  {0x00, 0x00, 0x3c, 0x42, 0x42, 0x42, 0x42, 0x7e, 0x42, 0x42, 0x42, 0x42, 0x00, 0x00, 0x00, 0x00, },
  {0x00, 0x00, 0x7c, 0x40, 0x40, 0x7c, 0x42, 0x42, 0x42, 0x42, 0x42, 0x7c, 0x00, 0x00, 0x00, 0x00, },
  {0x00, 0x00, 0x7c, 0x42, 0x42, 0x42, 0x7c, 0x42, 0x42, 0x42, 0x42, 0x7c, 0x00, 0x00, 0x00, 0x00, },
  {0x00, 0x00, 0x7e, 0x40, 0x40, 0x40, 0x40, 0x40, 0x40, 0x40, 0x40, 0x40, 0x00, 0x00, 0x00, 0x00, },
  {0x00, 0x00, 0x3c, 0x44, 0x44, 0x44, 0x44, 0x44, 0x44, 0x44, 0x44, 0xfe, 0x82, 0x00, 0x00, 0x00, },
  {0x00, 0x00, 0x7e, 0x40, 0x40, 0x40, 0x78, 0x40, 0x40, 0x40, 0x40, 0x7e, 0x00, 0x00, 0x00, 0x00, },
  {0x00, 0x00, 0x92, 0x92, 0x92, 0x54, 0x38, 0x54, 0x92, 0x92, 0x92, 0x92, 0x00, 0x00, 0x00, 0x00, },
  {0x00, 0x00, 0x3c, 0x42, 0x42, 0x02, 0x1c, 0x02, 0x02, 0x42, 0x42, 0x3c, 0x00, 0x00, 0x00, 0x00, },
  {0x00, 0x00, 0x42, 0x42, 0x42, 0x46, 0x4a, 0x52, 0x62, 0x42, 0x42, 0x42, 0x00, 0x00, 0x00, 0x00, },
  {0x24, 0x18, 0x42, 0x42, 0x42, 0x46, 0x4a, 0x52, 0x62, 0x42, 0x42, 0x42, 0x00, 0x00, 0x00, 0x00, },
  {0x00, 0x00, 0x42, 0x44, 0x48, 0x50, 0x60, 0x60, 0x50, 0x48, 0x44, 0x42, 0x00, 0x00, 0x00, 0x00, },
  {0x00, 0x00, 0x0e, 0x12, 0x22, 0x22, 0x22, 0x22, 0x22, 0x22, 0x22, 0x42, 0x00, 0x00, 0x00, 0x00, },
  {0x00, 0x00, 0x82, 0xc6, 0xaa, 0x92, 0x92, 0x82, 0x82, 0x82, 0x82, 0x82, 0x00, 0x00, 0x00, 0x00, },
  {0x00, 0x00, 0x42, 0x42, 0x42, 0x42, 0x7e, 0x42, 0x42, 0x42, 0x42, 0x42, 0x00, 0x00, 0x00, 0x00, },
  {0x00, 0x00, 0x3c, 0x42, 0x42, 0x42, 0x42, 0x42, 0x42, 0x42, 0x42, 0x3c, 0x00, 0x00, 0x00, 0x00, },
  {0x00, 0x00, 0x7e, 0x42, 0x42, 0x42, 0x42, 0x42, 0x42, 0x42, 0x42, 0x42, 0x00, 0x00, 0x00, 0x00, },
  {0x00, 0x00, 0x7c, 0x42, 0x42, 0x42, 0x42, 0x7c, 0x40, 0x40, 0x40, 0x40, 0x00, 0x00, 0x00, 0x00, },
  {0x00, 0x00, 0x3c, 0x42, 0x42, 0x40, 0x40, 0x40, 0x40, 0x42, 0x42, 0x3c, 0x00, 0x00, 0x00, 0x00, },
  {0x00, 0x00, 0xfe, 0x10, 0x10, 0x10, 0x10, 0x10, 0x10, 0x10, 0x10, 0x10, 0x00, 0x00, 0x00, 0x00, },
  {0x00, 0x00, 0x42, 0x42, 0x42, 0x42, 0x42, 0x3e, 0x02, 0x02, 0x02, 0x3c, 0x00, 0x00, 0x00, 0x00, },
  {0x00, 0x10, 0x7c, 0x92, 0x92, 0x92, 0x92, 0x92, 0x92, 0x92, 0x92, 0x7c, 0x10, 0x00, 0x00, 0x00, },
  {0x00, 0x00, 0x42, 0x42, 0x24, 0x24, 0x18, 0x18, 0x24, 0x24, 0x42, 0x42, 0x00, 0x00, 0x00, 0x00, },
  {0x00, 0x00, 0x42, 0x42, 0x42, 0x42, 0x42, 0x42, 0x42, 0x42, 0x42, 0x3f, 0x01, 0x01, 0x00, 0x00, },
  {0x00, 0x00, 0x42, 0x42, 0x42, 0x42, 0x42, 0x3e, 0x02, 0x02, 0x02, 0x02, 0x00, 0x00, 0x00, 0x00, },
  {0x00, 0x00, 0x92, 0x92, 0x92, 0x92, 0x92, 0x92, 0x92, 0x92, 0x92, 0x7e, 0x00, 0x00, 0x00, 0x00, },
  {0x00, 0x00, 0x92, 0x92, 0x92, 0x92, 0x92, 0x92, 0x92, 0x92, 0x92, 0x7f, 0x01, 0x01, 0x00, 0x00, },
  {0x00, 0x00, 0xc0, 0x40, 0x40, 0x7c, 0x42, 0x42, 0x42, 0x42, 0x42, 0x7c, 0x00, 0x00, 0x00, 0x00, },
  {0x00, 0x00, 0x82, 0x82, 0x82, 0xf2, 0x8a, 0x8a, 0x8a, 0x8a, 0x8a, 0xf2, 0x00, 0x00, 0x00, 0x00, },
  {0x00, 0x00, 0x40, 0x40, 0x40, 0x7c, 0x42, 0x42, 0x42, 0x42, 0x42, 0x7c, 0x00, 0x00, 0x00, 0x00, },
  {0x00, 0x00, 0x3c, 0x42, 0x02, 0x02, 0x1e, 0x02, 0x02, 0x02, 0x42, 0x3c, 0x00, 0x00, 0x00, 0x00, },
  {0x00, 0x00, 0x8c, 0x92, 0x92, 0x92, 0x92, 0xf2, 0x92, 0x92, 0x92, 0x8c, 0x00, 0x00, 0x00, 0x00, },
  {0x00, 0x00, 0x3e, 0x42, 0x42, 0x42, 0x42, 0x3e, 0x0a, 0x12, 0x22, 0x42, 0x00, 0x00, 0x00, 0x00, },
  {0x00, 0x00, 0x00, 0x00, 0x00, 0x3c, 0x02, 0x3e, 0x42, 0x42, 0x42, 0x3e, 0x00, 0x00, 0x00, 0x00, },
  {0x00, 0x00, 0x3c, 0x40, 0x40, 0x7c, 0x42, 0x42, 0x42, 0x42, 0x42, 0x7c, 0x00, 0x00, 0x00, 0x00, },
  {0x00, 0x00, 0x38, 0x44, 0x44, 0x48, 0x7c, 0x42, 0x42, 0x42, 0x42, 0x7c, 0x00, 0x00, 0x00, 0x00, },
  {0x00, 0x00, 0x00, 0x00, 0x00, 0x7e, 0x40, 0x40, 0x40, 0x40, 0x40, 0x40, 0x00, 0x00, 0x00, 0x00, },
  {0x00, 0x00, 0x00, 0x00, 0x00, 0x3e, 0x42, 0x42, 0x42, 0x42, 0x42, 0x3e, 0x02, 0x02, 0x3c, 0x00, },
  {0x00, 0x00, 0x00, 0x00, 0x00, 0x3c, 0x42, 0x42, 0x7e, 0x40, 0x40, 0x3c, 0x00, 0x00, 0x00, 0x00, },
  {0x00, 0x00, 0x00, 0x00, 0x00, 0x92, 0x92, 0x54, 0x38, 0x54, 0x92, 0x92, 0x00, 0x00, 0x00, 0x00, },
  {0x00, 0x00, 0x00, 0x00, 0x00, 0x3c, 0x42, 0x02, 0x1c, 0x02, 0x42, 0x3c, 0x00, 0x00, 0x00, 0x00, },
  {0x00, 0x00, 0x00, 0x00, 0x00, 0x42, 0x42, 0x42, 0x42, 0x42, 0x42, 0x3e, 0x00, 0x00, 0x00, 0x00, },
  {0x00, 0x00, 0x24, 0x18, 0x00, 0x42, 0x42, 0x42, 0x42, 0x42, 0x42, 0x3e, 0x00, 0x00, 0x00, 0x00, },
  {0x00, 0x00, 0x00, 0x00, 0x00, 0x42, 0x44, 0x48, 0x70, 0x48, 0x44, 0x42, 0x00, 0x00, 0x00, 0x00, },
  {0x00, 0x00, 0x00, 0x00, 0x00, 0x1e, 0x22, 0x22, 0x22, 0x22, 0x22, 0x42, 0x00, 0x00, 0x00, 0x00, },
  {0x00, 0x00, 0x00, 0x00, 0x00, 0x82, 0xc6, 0xaa, 0x92, 0x82, 0x82, 0x82, 0x00, 0x00, 0x00, 0x00, },
  {0x00, 0x00, 0x00, 0x00, 0x00, 0x42, 0x42, 0x42, 0x7e, 0x42, 0x42, 0x42, 0x00, 0x00, 0x00, 0x00, },
  {0x00, 0x00, 0x00, 0x00, 0x00, 0x3c, 0x42, 0x42, 0x42, 0x42, 0x42, 0x3c, 0x00, 0x00, 0x00, 0x00, },
  {0x00, 0x00, 0x00, 0x00, 0x00, 0x7e, 0x42, 0x42, 0x42, 0x42, 0x42, 0x42, 0x00, 0x00, 0x00, 0x00, },
  {0x00, 0x00, 0x00, 0x00, 0x00, 0x7c, 0x42, 0x42, 0x42, 0x42, 0x42, 0x7c, 0x40, 0x40, 0x40, 0x00, },
  {0x00, 0x00, 0x00, 0x00, 0x00, 0x3c, 0x42, 0x40, 0x40, 0x40, 0x42, 0x3c, 0x00, 0x00, 0x00, 0x00, },
  {0x00, 0x00, 0x00, 0x00, 0x00, 0xfe, 0x10, 0x10, 0x10, 0x10, 0x10, 0x10, 0x00, 0x00, 0x00, 0x00, },
  {0x00, 0x00, 0x00, 0x00, 0x00, 0x42, 0x42, 0x42, 0x42, 0x42, 0x42, 0x3e, 0x02, 0x02, 0x3c, 0x00, },
  {0x00, 0x00, 0x00, 0x00, 0x10, 0x7c, 0x92, 0x92, 0x92, 0x92, 0x92, 0x7c, 0x10, 0x00, 0x00, 0x00, },
  {0x00, 0x00, 0x00, 0x00, 0x00, 0x42, 0x42, 0x24, 0x18, 0x24, 0x42, 0x42, 0x00, 0x00, 0x00, 0x00, },
  {0x00, 0x00, 0x00, 0x00, 0x00, 0x42, 0x42, 0x42, 0x42, 0x42, 0x42, 0x3f, 0x01, 0x01, 0x00, 0x00, },
  {0x00, 0x00, 0x00, 0x00, 0x00, 0x42, 0x42, 0x42, 0x3e, 0x02, 0x02, 0x02, 0x00, 0x00, 0x00, 0x00, },
  {0x00, 0x00, 0x00, 0x00, 0x00, 0x92, 0x92, 0x92, 0x92, 0x92, 0x92, 0x7e, 0x00, 0x00, 0x00, 0x00, },
  {0x00, 0x00, 0x00, 0x00, 0x00, 0x92, 0x92, 0x92, 0x92, 0x92, 0x92, 0x7f, 0x01, 0x01, 0x00, 0x00, },
  {0x00, 0x00, 0x00, 0x00, 0x00, 0x60, 0x20, 0x3c, 0x22, 0x22, 0x22, 0x3c, 0x00, 0x00, 0x00, 0x00, },
  {0x00, 0x00, 0x00, 0x00, 0x00, 0x82, 0x82, 0xf2, 0x8a, 0x8a, 0x8a, 0xf2, 0x00, 0x00, 0x00, 0x00, },
  {0x00, 0x00, 0x00, 0x00, 0x00, 0x40, 0x40, 0x78, 0x44, 0x44, 0x44, 0x78, 0x00, 0x00, 0x00, 0x00, },
  {0x00, 0x00, 0x00, 0x00, 0x00, 0x3c, 0x42, 0x02, 0x1e, 0x02, 0x42, 0x3c, 0x00, 0x00, 0x00, 0x00, },
  {0x00, 0x00, 0x00, 0x00, 0x00, 0x8c, 0x92, 0x92, 0xf2, 0x92, 0x92, 0x8c, 0x00, 0x00, 0x00, 0x00, },
  {0x00, 0x00, 0x00, 0x00, 0x00, 0x3e, 0x42, 0x42, 0x3e, 0x12, 0x22, 0x42, 0x00, 0x00, 0x00, 0x00, },
  {0x00, 0x00, 0x10, 0x08, 0x00, 0x3c, 0x42, 0x42, 0x7e, 0x40, 0x40, 0x3c, 0x00, 0x00, 0x00, 0x00, },
  {0x00, 0x00, 0x24, 0x24, 0x00, 0x3c, 0x42, 0x42, 0x7e, 0x40, 0x40, 0x3c, 0x00, 0x00, 0x00, 0x00, },
  {0x00, 0x00, 0x40, 0xf8, 0x40, 0x7c, 0x42, 0x42, 0x42, 0x42, 0x42, 0x42, 0x02, 0x02, 0x0c, 0x00, },
  {0x00, 0x00, 0x08, 0x10, 0x00, 0x7e, 0x40, 0x40, 0x40, 0x40, 0x40, 0x40, 0x00, 0x00, 0x00, 0x00, },
  {0x00, 0x00, 0x00, 0x00, 0x00, 0x3c, 0x42, 0x40, 0x78, 0x40, 0x42, 0x3c, 0x00, 0x00, 0x00, 0x00, },
  {0x00, 0x00, 0x00, 0x00, 0x00, 0x3e, 0x40, 0x40, 0x3c, 0x02, 0x02, 0x7c, 0x00, 0x00, 0x00, 0x00, },
  {0x00, 0x00, 0x10, 0x10, 0x00, 0x30, 0x10, 0x10, 0x10, 0x10, 0x10, 0x38, 0x00, 0x00, 0x00, 0x00, },
  {0x00, 0x00, 0x48, 0x48, 0x00, 0x30, 0x10, 0x10, 0x10, 0x10, 0x10, 0x38, 0x00, 0x00, 0x00, 0x00, },
  {0x00, 0x00, 0x04, 0x04, 0x00, 0x0c, 0x04, 0x04, 0x04, 0x04, 0x04, 0x04, 0x44, 0x44, 0x38, 0x00, },
  {0x00, 0x00, 0x00, 0x00, 0x00, 0x70, 0x90, 0x9c, 0x92, 0x92, 0x92, 0x9c, 0x00, 0x00, 0x00, 0x00, },
  {0x00, 0x00, 0x00, 0x00, 0x00, 0x90, 0x90, 0x9c, 0xf2, 0x92, 0x92, 0x9c, 0x00, 0x00, 0x00, 0x00, },
  {0x00, 0x00, 0x40, 0xf8, 0x40, 0x7c, 0x42, 0x42, 0x42, 0x42, 0x42, 0x42, 0x00, 0x00, 0x00, 0x00, },
  {0x00, 0x00, 0x08, 0x10, 0x00, 0x42, 0x44, 0x48, 0x70, 0x48, 0x44, 0x42, 0x00, 0x00, 0x00, 0x00, },
  {0x00, 0x00, 0x10, 0x08, 0x00, 0x42, 0x42, 0x42, 0x42, 0x42, 0x42, 0x3e, 0x00, 0x00, 0x00, 0x00, },
  {0x00, 0x00, 0x24, 0x18, 0x00, 0x42, 0x42, 0x42, 0x42, 0x42, 0x42, 0x3e, 0x02, 0x02, 0x3c, 0x00, },
  {0x00, 0x00, 0x00, 0x00, 0x00, 0x42, 0x42, 0x42, 0x42, 0x42, 0x42, 0x7e, 0x18, 0x18, 0x00, 0x00, },
  {0x02, 0x02, 0x7e, 0x40, 0x40, 0x40, 0x40, 0x40, 0x40, 0x40, 0x40, 0x40, 0x00, 0x00, 0x00, 0x00, },
  {0x00, 0x00, 0x00, 0x02, 0x02, 0x7e, 0x40, 0x40, 0x40, 0x40, 0x40, 0x40, 0x00, 0x00, 0x00, 0x00, },
  {0x00, 0x00, 0x7e, 0x40, 0x40, 0x40, 0xf8, 0x40, 0x40, 0x40, 0x40, 0x40, 0x00, 0x00, 0x00, 0x00, },
  {0x00, 0x00, 0x00, 0x00, 0x00, 0x7e, 0x40, 0x40, 0xf8, 0x40, 0x40, 0x40, 0x00, 0x00, 0x00, 0x00, },
  {0x00, 0x00, 0x7e, 0x40, 0x40, 0x40, 0x40, 0x7c, 0x42, 0x42, 0x42, 0x42, 0x02, 0x04, 0x00, 0x00, },
  {0x00, 0x00, 0x00, 0x00, 0x00, 0x7e, 0x40, 0x40, 0x78, 0x44, 0x44, 0x44, 0x04, 0x08, 0x00, 0x00, },
  {0x00, 0x00, 0x92, 0x92, 0x92, 0x54, 0x38, 0x54, 0x92, 0x92, 0x92, 0x93, 0x01, 0x01, 0x00, 0x00, },
  {0x00, 0x00, 0x00, 0x00, 0x00, 0x92, 0x92, 0x54, 0x38, 0x54, 0x92, 0x93, 0x01, 0x01, 0x00, 0x00, },
  {0x00, 0x00, 0x3c, 0x42, 0x42, 0x02, 0x1c, 0x02, 0x02, 0x42, 0x42, 0x3c, 0x10, 0x10, 0x10, 0x00, },
  {0x00, 0x00, 0x00, 0x00, 0x00, 0x3c, 0x42, 0x02, 0x1c, 0x02, 0x42, 0x3c, 0x10, 0x10, 0x10, 0x00, },
  {0x00, 0x00, 0x42, 0x44, 0x48, 0x50, 0x60, 0x60, 0x50, 0x48, 0x44, 0x43, 0x01, 0x01, 0x00, 0x00, },
  {0x00, 0x00, 0x00, 0x00, 0x00, 0x42, 0x44, 0x48, 0x70, 0x48, 0x44, 0x43, 0x01, 0x01, 0x00, 0x00, },
  {0x00, 0x00, 0x42, 0x42, 0x54, 0x58, 0x70, 0x70, 0x58, 0x54, 0x42, 0x42, 0x00, 0x00, 0x00, 0x00, },
  {0x00, 0x00, 0x00, 0x00, 0x00, 0x42, 0x54, 0x58, 0x70, 0x58, 0x54, 0x42, 0x00, 0x00, 0x00, 0x00, },
  {0x00, 0x00, 0xc2, 0x44, 0x48, 0x50, 0x60, 0x60, 0x50, 0x48, 0x44, 0x42, 0x00, 0x00, 0x00, 0x00, },
  {0x00, 0x00, 0x00, 0x00, 0x00, 0xc2, 0x44, 0x48, 0x70, 0x48, 0x44, 0x42, 0x00, 0x00, 0x00, 0x00, },
  {0x00, 0x00, 0x42, 0x42, 0x42, 0x42, 0x7e, 0x42, 0x42, 0x42, 0x42, 0x43, 0x01, 0x01, 0x00, 0x00, },
  {0x00, 0x00, 0x00, 0x00, 0x00, 0x42, 0x42, 0x42, 0x7e, 0x42, 0x42, 0x43, 0x01, 0x01, 0x00, 0x00, },
  {0x00, 0x00, 0x47, 0x44, 0x44, 0x44, 0x7c, 0x44, 0x44, 0x44, 0x44, 0x44, 0x00, 0x00, 0x00, 0x00, },
  {0x00, 0x00, 0x00, 0x00, 0x00, 0x47, 0x44, 0x44, 0x7c, 0x44, 0x44, 0x44, 0x00, 0x00, 0x00, 0x00, },
  {0x00, 0x00, 0x3c, 0x42, 0x42, 0x40, 0x40, 0x40, 0x40, 0x42, 0x42, 0x3c, 0x10, 0x10, 0x10, 0x00, },
  {0x00, 0x00, 0x00, 0x00, 0x00, 0x3c, 0x42, 0x40, 0x40, 0x40, 0x42, 0x3c, 0x10, 0x10, 0x10, 0x00, },
  {0x00, 0x00, 0x82, 0x82, 0x44, 0x44, 0x28, 0x10, 0x10, 0x10, 0x10, 0x10, 0x00, 0x00, 0x00, 0x00, },
  {0x00, 0x00, 0x00, 0x00, 0x00, 0x82, 0x82, 0x44, 0x44, 0x28, 0x28, 0x10, 0x10, 0x10, 0x10, 0x00, },
  {0x00, 0x00, 0x82, 0x82, 0x44, 0x44, 0x28, 0x10, 0x7c, 0x10, 0x10, 0x10, 0x00, 0x00, 0x00, 0x00, },
  {0x00, 0x00, 0x00, 0x00, 0x00, 0x82, 0x82, 0x44, 0x44, 0x28, 0x28, 0x10, 0x7c, 0x10, 0x10, 0x00, },
  {0x00, 0x00, 0x42, 0x42, 0x24, 0x24, 0x18, 0x18, 0x24, 0x24, 0x42, 0x43, 0x01, 0x01, 0x00, 0x00, },
  {0x00, 0x00, 0x00, 0x00, 0x00, 0x42, 0x42, 0x24, 0x18, 0x24, 0x42, 0x43, 0x01, 0x01, 0x00, 0x00, },
  {0x00, 0x00, 0x42, 0x42, 0x42, 0x42, 0x42, 0x3e, 0x02, 0x02, 0x02, 0x03, 0x01, 0x01, 0x00, 0x00, },
  {0x00, 0x00, 0x00, 0x00, 0x00, 0x42, 0x42, 0x42, 0x3e, 0x02, 0x02, 0x03, 0x01, 0x01, 0x00, 0x00, },
  {0x00, 0x00, 0x42, 0x42, 0x42, 0x4a, 0x4a, 0x3e, 0x0a, 0x0a, 0x02, 0x02, 0x00, 0x00, 0x00, 0x00, },
  {0x00, 0x00, 0x00, 0x00, 0x00, 0x42, 0x4a, 0x4a, 0x3e, 0x0a, 0x02, 0x02, 0x00, 0x00, 0x00, 0x00, },
  {0x00, 0x00, 0x40, 0x40, 0x40, 0x40, 0x7c, 0x42, 0x42, 0x42, 0x42, 0x42, 0x00, 0x00, 0x00, 0x00, },
  {0x00, 0x00, 0x00, 0x00, 0x00, 0x40, 0x40, 0x7c, 0x42, 0x42, 0x42, 0x42, 0x00, 0x00, 0x00, 0x00, },
  {0x24, 0x18, 0x00, 0x3c, 0x42, 0x42, 0x42, 0x7e, 0x42, 0x42, 0x42, 0x42, 0x00, 0x00, 0x00, 0x00, },
  {0x00, 0x00, 0x24, 0x18, 0x00, 0x3c, 0x02, 0x3e, 0x42, 0x42, 0x42, 0x3e, 0x00, 0x00, 0x00, 0x00, },
  {0x24, 0x24, 0x00, 0x3c, 0x42, 0x42, 0x42, 0x7e, 0x42, 0x42, 0x42, 0x42, 0x00, 0x00, 0x00, 0x00, },
  {0x00, 0x00, 0x24, 0x24, 0x00, 0x3c, 0x02, 0x3e, 0x42, 0x42, 0x42, 0x3e, 0x00, 0x00, 0x00, 0x00, },
  {0x00, 0x00, 0x7e, 0x90, 0x90, 0x90, 0xfc, 0x90, 0x90, 0x90, 0x90, 0x9e, 0x00, 0x00, 0x00, 0x00, },
  {0x00, 0x00, 0x00, 0x00, 0x00, 0x6c, 0x12, 0x72, 0x9e, 0x90, 0x90, 0x6c, 0x00, 0x00, 0x00, 0x00, },
  {0x24, 0x18, 0x00, 0x7e, 0x40, 0x40, 0x40, 0x78, 0x40, 0x40, 0x40, 0x7e, 0x00, 0x00, 0x00, 0x00, },
  {0x00, 0x00, 0x24, 0x18, 0x00, 0x3c, 0x42, 0x42, 0x7e, 0x40, 0x40, 0x3c, 0x00, 0x00, 0x00, 0x00, },
  {0x00, 0x00, 0x3c, 0x42, 0x02, 0x02, 0x7e, 0x42, 0x42, 0x42, 0x42, 0x3c, 0x00, 0x00, 0x00, 0x00, },
  {0x00, 0x00, 0x00, 0x00, 0x00, 0x3c, 0x02, 0x02, 0x7e, 0x42, 0x42, 0x3c, 0x00, 0x00, 0x00, 0x00, },
  {0x24, 0x24, 0x00, 0x3c, 0x42, 0x02, 0x02, 0x7e, 0x42, 0x42, 0x42, 0x3c, 0x00, 0x00, 0x00, 0x00, },
  {0x00, 0x00, 0x24, 0x24, 0x00, 0x3c, 0x02, 0x02, 0x7e, 0x42, 0x42, 0x3c, 0x00, 0x00, 0x00, 0x00, },
  {0x44, 0x44, 0x00, 0x92, 0x92, 0x92, 0x54, 0x38, 0x54, 0x92, 0x92, 0x92, 0x00, 0x00, 0x00, 0x00, },
  {0x00, 0x00, 0x44, 0x44, 0x00, 0x92, 0x92, 0x54, 0x38, 0x54, 0x92, 0x92, 0x00, 0x00, 0x00, 0x00, },
  {0x24, 0x24, 0x00, 0x3c, 0x42, 0x42, 0x02, 0x1c, 0x02, 0x42, 0x42, 0x3c, 0x00, 0x00, 0x00, 0x00, },
  {0x00, 0x00, 0x24, 0x24, 0x00, 0x3c, 0x42, 0x02, 0x1c, 0x02, 0x42, 0x3c, 0x00, 0x00, 0x00, 0x00, },
  {0x3c, 0x00, 0x42, 0x42, 0x42, 0x46, 0x4a, 0x52, 0x62, 0x42, 0x42, 0x42, 0x00, 0x00, 0x00, 0x00, },
  {0x00, 0x00, 0x00, 0x3c, 0x00, 0x42, 0x42, 0x42, 0x42, 0x42, 0x42, 0x3e, 0x00, 0x00, 0x00, 0x00, },
  {0x24, 0x24, 0x00, 0x42, 0x42, 0x42, 0x46, 0x4a, 0x52, 0x62, 0x42, 0x42, 0x00, 0x00, 0x00, 0x00, },
  {0x00, 0x00, 0x24, 0x24, 0x00, 0x42, 0x42, 0x42, 0x42, 0x42, 0x42, 0x3e, 0x00, 0x00, 0x00, 0x00, },
  {0x24, 0x24, 0x00, 0x3c, 0x42, 0x42, 0x42, 0x42, 0x42, 0x42, 0x42, 0x3c, 0x00, 0x00, 0x00, 0x00, },
  {0x00, 0x00, 0x24, 0x24, 0x00, 0x3c, 0x42, 0x42, 0x42, 0x42, 0x42, 0x3c, 0x00, 0x00, 0x00, 0x00, },
  {0x00, 0x00, 0x3c, 0x42, 0x42, 0x42, 0x7e, 0x42, 0x42, 0x42, 0x42, 0x3c, 0x00, 0x00, 0x00, 0x00, },
  {0x00, 0x00, 0x00, 0x00, 0x00, 0x3c, 0x42, 0x42, 0x7e, 0x42, 0x42, 0x3c, 0x00, 0x00, 0x00, 0x00, },
  {0x24, 0x24, 0x00, 0x3c, 0x42, 0x42, 0x42, 0x7e, 0x42, 0x42, 0x42, 0x3c, 0x00, 0x00, 0x00, 0x00, },
  {0x00, 0x00, 0x24, 0x24, 0x00, 0x3c, 0x42, 0x42, 0x7e, 0x42, 0x42, 0x3c, 0x00, 0x00, 0x00, 0x00, },
  {0x24, 0x24, 0x00, 0x3c, 0x42, 0x02, 0x02, 0x1e, 0x02, 0x02, 0x42, 0x3c, 0x00, 0x00, 0x00, 0x00, },
  {0x00, 0x00, 0x24, 0x24, 0x00, 0x3c, 0x42, 0x02, 0x1e, 0x02, 0x42, 0x3c, 0x00, 0x00, 0x00, 0x00, },
  {0x3c, 0x00, 0x42, 0x42, 0x42, 0x42, 0x42, 0x3e, 0x02, 0x02, 0x02, 0x3c, 0x00, 0x00, 0x00, 0x00, },
  {0x00, 0x00, 0x00, 0x3c, 0x00, 0x42, 0x42, 0x42, 0x42, 0x42, 0x42, 0x3e, 0x02, 0x02, 0x3c, 0x00, },
  {0x24, 0x24, 0x00, 0x42, 0x42, 0x42, 0x42, 0x3e, 0x02, 0x02, 0x02, 0x3c, 0x00, 0x00, 0x00, 0x00, },
  {0x00, 0x00, 0x24, 0x24, 0x00, 0x42, 0x42, 0x42, 0x42, 0x42, 0x42, 0x3e, 0x02, 0x02, 0x3c, 0x00, },
  {0x12, 0x24, 0x00, 0x42, 0x42, 0x42, 0x42, 0x3e, 0x02, 0x02, 0x02, 0x3c, 0x00, 0x00, 0x00, 0x00, },
  {0x00, 0x00, 0x12, 0x24, 0x00, 0x42, 0x42, 0x42, 0x42, 0x42, 0x42, 0x3e, 0x02, 0x02, 0x3c, 0x00, },
  {0x24, 0x24, 0x00, 0x42, 0x42, 0x42, 0x42, 0x3e, 0x02, 0x02, 0x02, 0x02, 0x00, 0x00, 0x00, 0x00, },
  {0x00, 0x00, 0x24, 0x24, 0x00, 0x42, 0x42, 0x42, 0x3e, 0x02, 0x02, 0x02, 0x00, 0x00, 0x00, 0x00, },
  {0x48, 0x48, 0x00, 0x82, 0x82, 0x82, 0xf2, 0x8a, 0x8a, 0x8a, 0x8a, 0xf2, 0x00, 0x00, 0x00, 0x00, },
  {0x00, 0x00, 0x48, 0x48, 0x00, 0x82, 0x82, 0xf2, 0x8a, 0x8a, 0x8a, 0xf2, 0x00, 0x00, 0x00, 0x00, },
  {0x00, 0x00, 0x42, 0x44, 0x48, 0x50, 0x60, 0x60, 0x50, 0x48, 0x44, 0x42, 0x00, 0x3c, 0x00, 0x00, },
  {0x00, 0x00, 0x40, 0x40, 0x40, 0x42, 0x44, 0x48, 0x70, 0x48, 0x44, 0x42, 0x00, 0x3c, 0x00, 0x00, },
  {0x00, 0x00, 0x7e, 0x40, 0x40, 0x40, 0x78, 0x40, 0x40, 0x40, 0x40, 0x7e, 0x00, 0x10, 0x10, 0x00, },
  {0x00, 0x00, 0x00, 0x00, 0x00, 0x3c, 0x42, 0x42, 0x7e, 0x40, 0x40, 0x3c, 0x00, 0x10, 0x10, 0x00, },
  {0x32, 0x4c, 0x00, 0x7e, 0x40, 0x40, 0x40, 0x78, 0x40, 0x40, 0x40, 0x7e, 0x00, 0x00, 0x00, 0x00, },
  {0x00, 0x00, 0x32, 0x4c, 0x00, 0x3c, 0x42, 0x42, 0x7e, 0x40, 0x40, 0x3c, 0x00, 0x00, 0x00, 0x00, },
  {0x00, 0x00, 0x38, 0x10, 0x10, 0x10, 0x10, 0x10, 0x10, 0x10, 0x10, 0x38, 0x00, 0x10, 0x10, 0x00, },
  {0x00, 0x00, 0x10, 0x10, 0x00, 0x30, 0x10, 0x10, 0x10, 0x10, 0x10, 0x38, 0x00, 0x10, 0x10, 0x00, },
  {0x00, 0x00, 0x3c, 0x42, 0x42, 0x42, 0x42, 0x42, 0x42, 0x42, 0x42, 0x3c, 0x00, 0x10, 0x10, 0x00, },
  {0x00, 0x00, 0x00, 0x00, 0x00, 0x3c, 0x42, 0x42, 0x42, 0x42, 0x42, 0x3c, 0x00, 0x10, 0x10, 0x00, },
  {0x00, 0x00, 0x42, 0x42, 0x42, 0x42, 0x42, 0x42, 0x42, 0x42, 0x42, 0x3c, 0x00, 0x10, 0x10, 0x00, },
  {0x00, 0x00, 0x00, 0x00, 0x00, 0x42, 0x42, 0x42, 0x42, 0x42, 0x42, 0x3e, 0x00, 0x08, 0x08, 0x00, },
  {0x64, 0x98, 0x00, 0x82, 0x82, 0x44, 0x44, 0x28, 0x10, 0x10, 0x10, 0x10, 0x00, 0x00, 0x00, 0x00, },
  {0x00, 0x00, 0x32, 0x4c, 0x00, 0x42, 0x42, 0x42, 0x42, 0x42, 0x42, 0x3e, 0x02, 0x02, 0x3c, 0x00, },
  {0x00, 0x00, 0x00, 0x00, 0x00, 0x00, 0x00, 0x00, 0x00, 0x00, 0x00, 0x00, 0x00, 0x00, 0x00, 0x00, },
  {0x00, 0x00, 0x00, 0x00, 0x00, 0x00, 0x00, 0x00, 0x00, 0x00, 0x00, 0x00, 0x00, 0x00, 0x00, 0x00, },
  {0x00, 0x00, 0x00, 0x00, 0x00, 0x00, 0x00, 0x00, 0x00, 0x00, 0x00, 0x00, 0x00, 0x00, 0x00, 0x00, },
  {0x00, 0x00, 0x00, 0x00, 0x00, 0x00, 0x00, 0x00, 0x00, 0x00, 0x00, 0x00, 0x00, 0x00, 0x00, 0x00, },
  {0x00, 0x00, 0x00, 0x00, 0x00, 0x00, 0x00, 0x00, 0x00, 0x00, 0x00, 0x00, 0x00, 0x00, 0x00, 0x00, },
  {0x00, 0x00, 0x00, 0x00, 0x00, 0x00, 0x00, 0x00, 0x00, 0x00, 0x00, 0x00, 0x00, 0x00, 0x00, 0x00, },
  {0x00, 0x00, 0x00, 0x00, 0x00, 0x00, 0x00, 0x00, 0x00, 0x00, 0x00, 0x00, 0x00, 0x00, 0x00, 0x00, },
  {0x00, 0x00, 0x00, 0x00, 0x00, 0x00, 0x00, 0x00, 0x00, 0x00, 0x00, 0x00, 0x00, 0x00, 0x00, 0x00, },
  {0x00, 0x00, 0x00, 0x00, 0x00, 0x00, 0x00, 0x00, 0x00, 0x00, 0x00, 0x00, 0x00, 0x00, 0x00, 0x00, },
  {0x00, 0x00, 0x00, 0x00, 0x00, 0x00, 0x00, 0x00, 0x00, 0x00, 0x00, 0x00, 0x00, 0x00, 0x00, 0x00, },
  {0x00, 0x00, 0x00, 0x00, 0x00, 0x00, 0x00, 0x00, 0x00, 0x00, 0x00, 0x00, 0x00, 0x00, 0x00, 0x00, },
  {0x00, 0x00, 0x00, 0x00, 0x00, 0x00, 0x00, 0x3c, 0x00, 0x00, 0x00, 0x00, 0x00, 0x00, 0x00, 0x00, },
  {0x00, 0x00, 0x00, 0x00, 0x00, 0x00, 0x00, 0x3c, 0x00, 0x00, 0x00, 0x00, 0x00, 0x00, 0x00, 0x00, },
  {0x00, 0x00, 0x00, 0x00, 0x00, 0x00, 0x00, 0x7e, 0x00, 0x00, 0x00, 0x00, 0x00, 0x00, 0x00, 0x00, },
  {0x00, 0x00, 0x00, 0x00, 0x00, 0x00, 0x00, 0x7e, 0x00, 0x00, 0x00, 0x00, 0x00, 0x00, 0x00, 0x00, },
  {0x00, 0x00, 0x00, 0x00, 0x00, 0x00, 0x00, 0xfe, 0x00, 0x00, 0x00, 0x00, 0x00, 0x00, 0x00, 0x00, },
  {0x00, 0x00, 0x00, 0x00, 0x00, 0x00, 0x00, 0xfe, 0x00, 0x00, 0x00, 0x00, 0x00, 0x00, 0x00, 0x00, },
  {0x00, 0x00, 0x28, 0x28, 0x28, 0x28, 0x28, 0x28, 0x28, 0x28, 0x28, 0x28, 0x00, 0x00, 0x00, 0x00, },
  {0x00, 0x00, 0x00, 0x00, 0x00, 0x00, 0x00, 0x00, 0x00, 0x00, 0x00, 0x00, 0x00, 0x7e, 0x00, 0x7e, },
  {0x00, 0x08, 0x10, 0x10, 0x00, 0x00, 0x00, 0x00, 0x00, 0x00, 0x00, 0x00, 0x00, 0x00, 0x00, 0x00, },
  {0x00, 0x08, 0x08, 0x10, 0x00, 0x00, 0x00, 0x00, 0x00, 0x00, 0x00, 0x00, 0x00, 0x00, 0x00, 0x00, },
  {0x00, 0x00, 0x00, 0x00, 0x00, 0x00, 0x00, 0x00, 0x00, 0x00, 0x08, 0x08, 0x10, 0x00, 0x00, 0x00, },
  {0x00, 0x10, 0x10, 0x08, 0x00, 0x00, 0x00, 0x00, 0x00, 0x00, 0x00, 0x00, 0x00, 0x00, 0x00, 0x00, },
  {0x00, 0x12, 0x24, 0x24, 0x00, 0x00, 0x00, 0x00, 0x00, 0x00, 0x00, 0x00, 0x00, 0x00, 0x00, 0x00, },
  {0x00, 0x12, 0x12, 0x24, 0x00, 0x00, 0x00, 0x00, 0x00, 0x00, 0x00, 0x00, 0x00, 0x00, 0x00, 0x00, },
  {0x00, 0x00, 0x00, 0x00, 0x00, 0x00, 0x00, 0x00, 0x00, 0x00, 0x24, 0x24, 0x48, 0x00, 0x00, 0x00, },
  {0x00, 0x48, 0x48, 0x24, 0x00, 0x00, 0x00, 0x00, 0x00, 0x00, 0x00, 0x00, 0x00, 0x00, 0x00, 0x00, },
  {0x00, 0x00, 0x10, 0x10, 0x7c, 0x10, 0x10, 0x10, 0x10, 0x10, 0x10, 0x10, 0x00, 0x00, 0x00, 0x00, },
  {0x00, 0x00, 0x10, 0x10, 0x7c, 0x10, 0x10, 0x10, 0x10, 0x7c, 0x10, 0x10, 0x00, 0x00, 0x00, 0x00, },
  {0x00, 0x00, 0x00, 0x00, 0x00, 0x00, 0x18, 0x3c, 0x3c, 0x18, 0x00, 0x00, 0x00, 0x00, 0x00, 0x00, },
  {0x00, 0x00, 0x00, 0x00, 0x00, 0x00, 0x00, 0x00, 0x00, 0x00, 0x92, 0x92, 0x00, 0x00, 0x00, 0x00, },
  {0x00, 0x00, 0x48, 0xa8, 0x50, 0x10, 0x20, 0x20, 0x40, 0x54, 0xaa, 0x94, 0x00, 0x00, 0x00, 0x00, },
  {0x00, 0x10, 0x10, 0x10, 0x10, 0x00, 0x00, 0x00, 0x00, 0x00, 0x00, 0x00, 0x00, 0x00, 0x00, 0x00, },
  {0x00, 0x24, 0x24, 0x24, 0x24, 0x00, 0x00, 0x00, 0x00, 0x00, 0x00, 0x00, 0x00, 0x00, 0x00, 0x00, },
  {0x00, 0x00, 0x00, 0x00, 0x00, 0x04, 0x08, 0x10, 0x20, 0x10, 0x08, 0x04, 0x00, 0x00, 0x00, 0x00, },
  {0x00, 0x00, 0x00, 0x00, 0x00, 0x20, 0x10, 0x08, 0x04, 0x08, 0x10, 0x20, 0x00, 0x00, 0x00, 0x00, },
  {0x00, 0x00, 0x24, 0x24, 0x24, 0x24, 0x24, 0x24, 0x24, 0x00, 0x24, 0x24, 0x00, 0x00, 0x00, 0x00, },
  {0x7e, 0x00, 0x00, 0x00, 0x00, 0x00, 0x00, 0x00, 0x00, 0x00, 0x00, 0x00, 0x00, 0x00, 0x00, 0x00, },
  {0x00, 0x38, 0x24, 0x24, 0x24, 0x24, 0x00, 0x00, 0x00, 0x00, 0x00, 0x00, 0x00, 0x00, 0x00, 0x00, },
  {0x00, 0x00, 0xf0, 0x88, 0x88, 0x88, 0xf4, 0x84, 0x8e, 0x84, 0x84, 0x82, 0x00, 0x00, 0x00, 0x00, },
  {0x00, 0x00, 0x00, 0x1c, 0x22, 0x40, 0xf8, 0x40, 0xf8, 0x40, 0x22, 0x1c, 0x00, 0x00, 0x00, 0x00, },
  {0x00, 0x00, 0xfe, 0x10, 0x10, 0x1c, 0x70, 0x1c, 0x70, 0x10, 0x10, 0x10, 0x00, 0x00, 0x00, 0x00, },
  {0x00, 0x00, 0x40, 0x40, 0x40, 0x7c, 0x42, 0x42, 0x42, 0x42, 0x42, 0x42, 0x00, 0x00, 0x00, 0x00, },
  {0x00, 0x00, 0x40, 0xf8, 0x40, 0x7c, 0x42, 0x42, 0x42, 0x42, 0x42, 0x42, 0x00, 0x00, 0x00, 0x00, },
  {0x00, 0x00, 0x96, 0x96, 0x96, 0xd0, 0xf0, 0xf0, 0xb0, 0x96, 0x90, 0x96, 0x00, 0x00, 0x00, 0x00, },
  {0x00, 0x00, 0xfb, 0x55, 0x55, 0x51, 0x00, 0x00, 0x00, 0x00, 0x00, 0x00, 0x00, 0x00, 0x00, 0x00, },
  {0x00, 0x00, 0x3c, 0x42, 0x42, 0x42, 0x42, 0x42, 0x42, 0x24, 0x24, 0x66, 0x00, 0x00, 0x00, 0x00, },
  {0x00, 0x00, 0x00, 0x00, 0x00, 0x20, 0x40, 0xfe, 0x40, 0x20, 0x00, 0x00, 0x00, 0x00, 0x00, 0x00, },
  {0x00, 0x00, 0x10, 0x38, 0x54, 0x10, 0x10, 0x10, 0x10, 0x10, 0x10, 0x10, 0x00, 0x00, 0x00, 0x00, },
  {0x00, 0x00, 0x00, 0x00, 0x00, 0x08, 0x04, 0xfe, 0x04, 0x08, 0x00, 0x00, 0x00, 0x00, 0x00, 0x00, },
  {0x00, 0x00, 0x10, 0x10, 0x10, 0x10, 0x10, 0x10, 0x10, 0x54, 0x38, 0x10, 0x00, 0x00, 0x00, 0x00, },
  {0x00, 0x00, 0x00, 0x00, 0x00, 0x24, 0x42, 0xff, 0x42, 0x24, 0x00, 0x00, 0x00, 0x00, 0x00, 0x00, },
  {0x00, 0x00, 0x10, 0x38, 0x54, 0x10, 0x10, 0x10, 0x10, 0x54, 0x38, 0x10, 0x00, 0x00, 0x00, 0x00, },
  {0x00, 0x00, 0x10, 0x38, 0x54, 0x10, 0x10, 0x10, 0x54, 0x38, 0x10, 0x7c, 0x00, 0x00, 0x00, 0x00, },
  {0x00, 0x00, 0x02, 0x02, 0x02, 0x02, 0x02, 0x22, 0x42, 0xfe, 0x40, 0x20, 0x00, 0x00, 0x00, 0x00, },
  {0x00, 0x00, 0x00, 0x00, 0x00, 0x20, 0x7e, 0xc0, 0x7e, 0x20, 0x00, 0x00, 0x00, 0x00, 0x00, 0x00, },
  {0x00, 0x00, 0x10, 0x38, 0x6c, 0x28, 0x28, 0x28, 0x28, 0x28, 0x28, 0x28, 0x00, 0x00, 0x00, 0x00, },
  {0x00, 0x00, 0x00, 0x00, 0x00, 0x08, 0xfc, 0x06, 0xfc, 0x08, 0x00, 0x00, 0x00, 0x00, 0x00, 0x00, },
  {0x00, 0x00, 0x28, 0x28, 0x28, 0x28, 0x28, 0x28, 0x28, 0x6c, 0x38, 0x10, 0x00, 0x00, 0x00, 0x00, },
  {0x00, 0x00, 0x00, 0x00, 0x00, 0x24, 0x7e, 0xc3, 0x7e, 0x24, 0x00, 0x00, 0x00, 0x00, 0x00, 0x00, },
  {0x00, 0x00, 0x10, 0x38, 0x6c, 0x28, 0x28, 0x28, 0x28, 0x6c, 0x38, 0x10, 0x00, 0x00, 0x00, 0x00, },
  {0x00, 0x00, 0x00, 0x7e, 0x02, 0x02, 0x02, 0x7e, 0x02, 0x02, 0x02, 0x7e, 0x00, 0x00, 0x00, 0x00, },
  {0x00, 0x00, 0x02, 0x04, 0x7c, 0x8a, 0x92, 0x92, 0xa2, 0x7c, 0x40, 0x80, 0x00, 0x00, 0x00, 0x00, },
  {0x00, 0x00, 0x10, 0x10, 0x28, 0x28, 0x44, 0x44, 0x44, 0x82, 0x82, 0xfe, 0x00, 0x00, 0x00, 0x00, },
  {0x00, 0x00, 0x00, 0x1e, 0x20, 0x40, 0x40, 0x7e, 0x40, 0x40, 0x20, 0x1e, 0x00, 0x00, 0x00, 0x00, },
  {0x00, 0x00, 0x00, 0x00, 0x1e, 0x20, 0x40, 0x7e, 0x40, 0x20, 0x1e, 0x00, 0x00, 0x00, 0x00, 0x00, },
  {0x00, 0x00, 0x00, 0x00, 0x00, 0x00, 0x00, 0x7e, 0x00, 0x00, 0x00, 0x00, 0x00, 0x00, 0x00, 0x00, },
  {0x00, 0x00, 0x00, 0x00, 0x00, 0x00, 0x00, 0x18, 0x18, 0x00, 0x00, 0x00, 0x00, 0x00, 0x00, 0x00, },
  {0x00, 0x06, 0x04, 0x04, 0x04, 0x04, 0x44, 0x44, 0x44, 0x24, 0x14, 0x0c, 0x00, 0x00, 0x00, 0x00, },
  {0x00, 0x00, 0x00, 0x00, 0x00, 0x7c, 0x92, 0x92, 0x92, 0x7c, 0x00, 0x00, 0x00, 0x00, 0x00, 0x00, },
  {0x00, 0x00, 0x00, 0x00, 0x40, 0x40, 0x40, 0x40, 0x40, 0x7e, 0x00, 0x00, 0x00, 0x00, 0x00, 0x00, },
  {0x00, 0x00, 0x00, 0x00, 0x10, 0x10, 0x28, 0x28, 0x44, 0x44, 0x82, 0x82, 0x00, 0x00, 0x00, 0x00, },
  {0x00, 0x00, 0x00, 0x00, 0x82, 0x82, 0x44, 0x44, 0x28, 0x28, 0x10, 0x10, 0x00, 0x00, 0x00, 0x00, },
  {0x00, 0x00, 0x00, 0x00, 0x3c, 0x42, 0x42, 0x42, 0x42, 0x42, 0x42, 0x42, 0x00, 0x00, 0x00, 0x00, },
  {0x00, 0x00, 0x00, 0x00, 0x42, 0x42, 0x42, 0x42, 0x42, 0x42, 0x42, 0x3c, 0x00, 0x00, 0x00, 0x00, },
  {0x00, 0x00, 0x00, 0x00, 0x00, 0x32, 0x4c, 0x00, 0x32, 0x4c, 0x00, 0x00, 0x00, 0x00, 0x00, 0x00, },
  {0x00, 0x00, 0x00, 0x00, 0x02, 0x7e, 0x08, 0x10, 0x7e, 0x40, 0x00, 0x00, 0x00, 0x00, 0x00, 0x00, },
  {0x00, 0x00, 0x00, 0x00, 0x7e, 0x00, 0x00, 0x7e, 0x00, 0x00, 0x7e, 0x00, 0x00, 0x00, 0x00, 0x00, },
  {0x00, 0x00, 0x00, 0x04, 0x08, 0x10, 0x20, 0x10, 0x08, 0x04, 0x00, 0x3e, 0x00, 0x00, 0x00, 0x00, },
  {0x00, 0x00, 0x00, 0x20, 0x10, 0x08, 0x04, 0x08, 0x10, 0x20, 0x00, 0x7c, 0x00, 0x00, 0x00, 0x00, },
  {0x00, 0x00, 0x02, 0x04, 0x7c, 0x8a, 0x92, 0x92, 0xa2, 0x7c, 0x40, 0x80, 0x00, 0x00, 0x00, 0x00, },
  {0x00, 0x00, 0x00, 0x00, 0x10, 0x28, 0x44, 0x82, 0x82, 0x82, 0x82, 0xfe, 0x00, 0x00, 0x00, 0x00, },
  {0x00, 0x00, 0x00, 0x00, 0x00, 0x7e, 0x40, 0x40, 0x40, 0x00, 0x00, 0x00, 0x00, 0x00, 0x00, 0x00, },
  {0x00, 0x00, 0x0c, 0x12, 0x12, 0x10, 0x10, 0x10, 0x10, 0x10, 0x10, 0x10, 0x10, 0x10, 0x10, 0x10, },
  {0x10, 0x10, 0x10, 0x10, 0x10, 0x10, 0x10, 0x10, 0x10, 0x90, 0x90, 0x60, 0x00, 0x00, 0x00, 0x00, },
  {0xff, 0x00, 0x00, 0x00, 0x00, 0x00, 0x00, 0x00, 0x00, 0x00, 0x00, 0x00, 0x00, 0x00, 0x00, 0x00, },
  {0x00, 0x00, 0x00, 0x00, 0xff, 0x00, 0x00, 0x00, 0x00, 0x00, 0x00, 0x00, 0x00, 0x00, 0x00, 0x00, },
  {0x00, 0x00, 0x00, 0x00, 0x00, 0x00, 0x00, 0x00, 0x00, 0x00, 0x00, 0xff, 0x00, 0x00, 0x00, 0x00, },
  {0x00, 0x00, 0x00, 0x00, 0x00, 0x00, 0x00, 0x00, 0x00, 0x00, 0x00, 0x00, 0x00, 0x00, 0x00, 0xff, },
  {0x00, 0x88, 0x88, 0xf8, 0x88, 0x88, 0x88, 0x00, 0x1f, 0x04, 0x04, 0x04, 0x04, 0x04, 0x00, 0x00, },
  {0x00, 0x80, 0x80, 0x80, 0x80, 0x80, 0xf8, 0x00, 0x1f, 0x10, 0x1c, 0x10, 0x10, 0x10, 0x00, 0x00, },
  {0x00, 0x88, 0x88, 0x50, 0x50, 0x20, 0x20, 0x00, 0x1f, 0x04, 0x04, 0x04, 0x04, 0x04, 0x00, 0x00, },
  {0x00, 0xf8, 0x80, 0xe0, 0x80, 0x80, 0x80, 0x00, 0x1f, 0x10, 0x1c, 0x10, 0x10, 0x10, 0x00, 0x00, },
  {0x00, 0x70, 0x88, 0x80, 0x80, 0x88, 0x70, 0x00, 0x1e, 0x11, 0x11, 0x1e, 0x12, 0x11, 0x00, 0x00, },
  {0x00, 0x88, 0xc8, 0xa8, 0x98, 0x88, 0x88, 0x00, 0x10, 0x10, 0x10, 0x10, 0x10, 0x1f, 0x00, 0x00, },
  {0x00, 0x00, 0x00, 0x00, 0x00, 0x00, 0x00, 0xff, 0x00, 0x00, 0x00, 0x00, 0x00, 0x00, 0x00, 0x00, },
  {0x00, 0x00, 0x00, 0x00, 0x00, 0x00, 0x00, 0xff, 0xff, 0x00, 0x00, 0x00, 0x00, 0x00, 0x00, 0x00, },
  {0x10, 0x10, 0x10, 0x10, 0x10, 0x10, 0x10, 0x10, 0x10, 0x10, 0x10, 0x10, 0x10, 0x10, 0x10, 0x10, },
  {0x18, 0x18, 0x18, 0x18, 0x18, 0x18, 0x18, 0x18, 0x18, 0x18, 0x18, 0x18, 0x18, 0x18, 0x18, 0x18, },
  {0x00, 0x00, 0x00, 0x00, 0x00, 0x00, 0x00, 0xaa, 0x00, 0x00, 0x00, 0x00, 0x00, 0x00, 0x00, 0x00, },
  {0x00, 0x00, 0x00, 0x00, 0x00, 0x00, 0x00, 0xaa, 0xaa, 0x00, 0x00, 0x00, 0x00, 0x00, 0x00, 0x00, },
  {0x10, 0x10, 0x10, 0x00, 0x10, 0x10, 0x10, 0x00, 0x10, 0x10, 0x10, 0x00, 0x10, 0x10, 0x10, 0x00, },
  {0x18, 0x18, 0x18, 0x00, 0x18, 0x18, 0x18, 0x00, 0x18, 0x18, 0x18, 0x00, 0x18, 0x18, 0x18, 0x00, },
  {0x00, 0x00, 0x00, 0x00, 0x00, 0x00, 0x00, 0x1f, 0x10, 0x10, 0x10, 0x10, 0x10, 0x10, 0x10, 0x10, },
  {0x00, 0x00, 0x00, 0x00, 0x00, 0x00, 0x00, 0x1f, 0x1f, 0x10, 0x10, 0x10, 0x10, 0x10, 0x10, 0x10, },
  {0x00, 0x00, 0x00, 0x00, 0x00, 0x00, 0x00, 0x1f, 0x18, 0x18, 0x18, 0x18, 0x18, 0x18, 0x18, 0x18, },
  {0x00, 0x00, 0x00, 0x00, 0x00, 0x00, 0x00, 0x1f, 0x1f, 0x18, 0x18, 0x18, 0x18, 0x18, 0x18, 0x18, },
  {0x00, 0x00, 0x00, 0x00, 0x00, 0x00, 0x00, 0xf0, 0x10, 0x10, 0x10, 0x10, 0x10, 0x10, 0x10, 0x10, },
  {0x00, 0x00, 0x00, 0x00, 0x00, 0x00, 0x00, 0xf0, 0xf0, 0x10, 0x10, 0x10, 0x10, 0x10, 0x10, 0x10, },
  {0x00, 0x00, 0x00, 0x00, 0x00, 0x00, 0x00, 0xf8, 0x18, 0x18, 0x18, 0x18, 0x18, 0x18, 0x18, 0x18, },
  {0x00, 0x00, 0x00, 0x00, 0x00, 0x00, 0x00, 0xf8, 0xf8, 0x18, 0x18, 0x18, 0x18, 0x18, 0x18, 0x18, },
  {0x10, 0x10, 0x10, 0x10, 0x10, 0x10, 0x10, 0x1f, 0x00, 0x00, 0x00, 0x00, 0x00, 0x00, 0x00, 0x00, },
  {0x10, 0x10, 0x10, 0x10, 0x10, 0x10, 0x10, 0x1f, 0x1f, 0x00, 0x00, 0x00, 0x00, 0x00, 0x00, 0x00, },
  {0x18, 0x18, 0x18, 0x18, 0x18, 0x18, 0x18, 0x1f, 0x00, 0x00, 0x00, 0x00, 0x00, 0x00, 0x00, 0x00, },
  {0x18, 0x18, 0x18, 0x18, 0x18, 0x18, 0x18, 0x1f, 0x1f, 0x00, 0x00, 0x00, 0x00, 0x00, 0x00, 0x00, },
  {0x10, 0x10, 0x10, 0x10, 0x10, 0x10, 0x10, 0xf0, 0x00, 0x00, 0x00, 0x00, 0x00, 0x00, 0x00, 0x00, },
  {0x10, 0x10, 0x10, 0x10, 0x10, 0x10, 0x10, 0xf0, 0xf0, 0x00, 0x00, 0x00, 0x00, 0x00, 0x00, 0x00, },
  {0x18, 0x18, 0x18, 0x18, 0x18, 0x18, 0x18, 0xf8, 0x00, 0x00, 0x00, 0x00, 0x00, 0x00, 0x00, 0x00, },
  {0x18, 0x18, 0x18, 0x18, 0x18, 0x18, 0x18, 0xf8, 0xf8, 0x00, 0x00, 0x00, 0x00, 0x00, 0x00, 0x00, },
  {0x10, 0x10, 0x10, 0x10, 0x10, 0x10, 0x10, 0x1f, 0x10, 0x10, 0x10, 0x10, 0x10, 0x10, 0x10, 0x10, },
  {0x10, 0x10, 0x10, 0x10, 0x10, 0x10, 0x10, 0x1f, 0x1f, 0x10, 0x10, 0x10, 0x10, 0x10, 0x10, 0x10, },
  {0x18, 0x18, 0x18, 0x18, 0x18, 0x18, 0x18, 0x1f, 0x10, 0x10, 0x10, 0x10, 0x10, 0x10, 0x10, 0x10, },
  {0x10, 0x10, 0x10, 0x10, 0x10, 0x10, 0x10, 0x1f, 0x18, 0x18, 0x18, 0x18, 0x18, 0x18, 0x18, 0x18, },
  {0x18, 0x18, 0x18, 0x18, 0x18, 0x18, 0x18, 0x1f, 0x18, 0x18, 0x18, 0x18, 0x18, 0x18, 0x18, 0x18, },
  {0x18, 0x18, 0x18, 0x18, 0x18, 0x18, 0x18, 0x1f, 0x1f, 0x10, 0x10, 0x10, 0x10, 0x10, 0x10, 0x10, },
  {0x10, 0x10, 0x10, 0x10, 0x10, 0x10, 0x10, 0x1f, 0x1f, 0x18, 0x18, 0x18, 0x18, 0x18, 0x18, 0x18, },
  {0x18, 0x18, 0x18, 0x18, 0x18, 0x18, 0x18, 0x1f, 0x1f, 0x18, 0x18, 0x18, 0x18, 0x18, 0x18, 0x18, },
  {0x10, 0x10, 0x10, 0x10, 0x10, 0x10, 0x10, 0xf0, 0x10, 0x10, 0x10, 0x10, 0x10, 0x10, 0x10, 0x10, },
  {0x10, 0x10, 0x10, 0x10, 0x10, 0x10, 0x10, 0xf0, 0xf0, 0x10, 0x10, 0x10, 0x10, 0x10, 0x10, 0x10, },
  {0x18, 0x18, 0x18, 0x18, 0x18, 0x18, 0x18, 0xf8, 0x10, 0x10, 0x10, 0x10, 0x10, 0x10, 0x10, 0x10, },
  {0x10, 0x10, 0x10, 0x10, 0x10, 0x10, 0x10, 0xf8, 0x18, 0x18, 0x18, 0x18, 0x18, 0x18, 0x18, 0x18, },
  {0x18, 0x18, 0x18, 0x18, 0x18, 0x18, 0x18, 0xf8, 0x18, 0x18, 0x18, 0x18, 0x18, 0x18, 0x18, 0x18, },
  {0x18, 0x18, 0x18, 0x18, 0x18, 0x18, 0x18, 0xf8, 0xf8, 0x10, 0x10, 0x10, 0x10, 0x10, 0x10, 0x10, },
  {0x10, 0x10, 0x10, 0x10, 0x10, 0x10, 0x10, 0xf8, 0xf8, 0x18, 0x18, 0x18, 0x18, 0x18, 0x18, 0x18, },
  {0x18, 0x18, 0x18, 0x18, 0x18, 0x18, 0x18, 0xf8, 0xf8, 0x18, 0x18, 0x18, 0x18, 0x18, 0x18, 0x18, },
  {0x00, 0x00, 0x00, 0x00, 0x00, 0x00, 0x00, 0xff, 0x10, 0x10, 0x10, 0x10, 0x10, 0x10, 0x10, 0x10, },
  {0x00, 0x00, 0x00, 0x00, 0x00, 0x00, 0x00, 0xff, 0xf0, 0x10, 0x10, 0x10, 0x10, 0x10, 0x10, 0x10, },
  {0x00, 0x00, 0x00, 0x00, 0x00, 0x00, 0x00, 0xff, 0x1f, 0x10, 0x10, 0x10, 0x10, 0x10, 0x10, 0x10, },
  {0x00, 0x00, 0x00, 0x00, 0x00, 0x00, 0x00, 0xff, 0xff, 0x10, 0x10, 0x10, 0x10, 0x10, 0x10, 0x10, },
  {0x00, 0x00, 0x00, 0x00, 0x00, 0x00, 0x00, 0xff, 0x18, 0x18, 0x18, 0x18, 0x18, 0x18, 0x18, 0x18, },
  {0x00, 0x00, 0x00, 0x00, 0x00, 0x00, 0x00, 0xff, 0xf8, 0x18, 0x18, 0x18, 0x18, 0x18, 0x18, 0x18, },
  {0x00, 0x00, 0x00, 0x00, 0x00, 0x00, 0x00, 0xff, 0x1f, 0x18, 0x18, 0x18, 0x18, 0x18, 0x18, 0x18, },
  {0x00, 0x00, 0x00, 0x00, 0x00, 0x00, 0x00, 0xff, 0xff, 0x18, 0x18, 0x18, 0x18, 0x18, 0x18, 0x18, },
  {0x10, 0x10, 0x10, 0x10, 0x10, 0x10, 0x10, 0xff, 0x00, 0x00, 0x00, 0x00, 0x00, 0x00, 0x00, 0x00, },
  {0x10, 0x10, 0x10, 0x10, 0x10, 0x10, 0x10, 0xff, 0xf0, 0x00, 0x00, 0x00, 0x00, 0x00, 0x00, 0x00, },
  {0x10, 0x10, 0x10, 0x10, 0x10, 0x10, 0x10, 0xff, 0x1f, 0x00, 0x00, 0x00, 0x00, 0x00, 0x00, 0x00, },
  {0x10, 0x10, 0x10, 0x10, 0x10, 0x10, 0x10, 0xff, 0xff, 0x00, 0x00, 0x00, 0x00, 0x00, 0x00, 0x00, },
  {0x18, 0x18, 0x18, 0x18, 0x18, 0x18, 0x18, 0xff, 0x00, 0x00, 0x00, 0x00, 0x00, 0x00, 0x00, 0x00, },
  {0x18, 0x18, 0x18, 0x18, 0x18, 0x18, 0x18, 0xff, 0xf8, 0x00, 0x00, 0x00, 0x00, 0x00, 0x00, 0x00, },
  {0x18, 0x18, 0x18, 0x18, 0x18, 0x18, 0x18, 0xff, 0x1f, 0x00, 0x00, 0x00, 0x00, 0x00, 0x00, 0x00, },
  {0x18, 0x18, 0x18, 0x18, 0x18, 0x18, 0x18, 0xff, 0xff, 0x00, 0x00, 0x00, 0x00, 0x00, 0x00, 0x00, },
  {0x10, 0x10, 0x10, 0x10, 0x10, 0x10, 0x10, 0xff, 0x10, 0x10, 0x10, 0x10, 0x10, 0x10, 0x10, 0x10, },
  {0x10, 0x10, 0x10, 0x10, 0x10, 0x10, 0x10, 0xff, 0xf0, 0x10, 0x10, 0x10, 0x10, 0x10, 0x10, 0x10, },
  {0x10, 0x10, 0x10, 0x10, 0x10, 0x10, 0x10, 0xff, 0x1f, 0x10, 0x10, 0x10, 0x10, 0x10, 0x10, 0x10, },
  {0x10, 0x10, 0x10, 0x10, 0x10, 0x10, 0x10, 0xff, 0xff, 0x10, 0x10, 0x10, 0x10, 0x10, 0x10, 0x10, },
  {0x18, 0x18, 0x18, 0x18, 0x18, 0x18, 0x18, 0xff, 0x10, 0x10, 0x10, 0x10, 0x10, 0x10, 0x10, 0x10, },
  {0x10, 0x10, 0x10, 0x10, 0x10, 0x10, 0x10, 0xff, 0x18, 0x18, 0x18, 0x18, 0x18, 0x18, 0x18, 0x18, },
  {0x18, 0x18, 0x18, 0x18, 0x18, 0x18, 0x18, 0xff, 0x18, 0x18, 0x18, 0x18, 0x18, 0x18, 0x18, 0x18, },
  {0x18, 0x18, 0x18, 0x18, 0x18, 0x18, 0x18, 0xff, 0xf0, 0x10, 0x10, 0x10, 0x10, 0x10, 0x10, 0x10, },
  {0x18, 0x18, 0x18, 0x18, 0x18, 0x18, 0x18, 0xff, 0x1f, 0x10, 0x10, 0x10, 0x10, 0x10, 0x10, 0x10, },
  {0x10, 0x10, 0x10, 0x10, 0x10, 0x10, 0x10, 0xff, 0xf8, 0x18, 0x18, 0x18, 0x18, 0x18, 0x18, 0x18, },
  {0x10, 0x10, 0x10, 0x10, 0x10, 0x10, 0x10, 0xff, 0x1f, 0x18, 0x18, 0x18, 0x18, 0x18, 0x18, 0x18, },
  {0x18, 0x18, 0x18, 0x18, 0x18, 0x18, 0x18, 0xff, 0xff, 0x10, 0x10, 0x10, 0x10, 0x10, 0x10, 0x10, },
  {0x10, 0x10, 0x10, 0x10, 0x10, 0x10, 0x10, 0xff, 0xff, 0x18, 0x18, 0x18, 0x18, 0x18, 0x18, 0x18, },
  {0x18, 0x18, 0x18, 0x18, 0x18, 0x18, 0x18, 0xff, 0xf8, 0x18, 0x18, 0x18, 0x18, 0x18, 0x18, 0x18, },
  {0x18, 0x18, 0x18, 0x18, 0x18, 0x18, 0x18, 0xff, 0x1f, 0x18, 0x18, 0x18, 0x18, 0x18, 0x18, 0x18, },
  {0x18, 0x18, 0x18, 0x18, 0x18, 0x18, 0x18, 0xff, 0xff, 0x18, 0x18, 0x18, 0x18, 0x18, 0x18, 0x18, },
  {0x00, 0x00, 0x00, 0x00, 0x00, 0x00, 0xff, 0x00, 0xff, 0x00, 0x00, 0x00, 0x00, 0x00, 0x00, 0x00, },
  {0x28, 0x28, 0x28, 0x28, 0x28, 0x28, 0x28, 0x28, 0x28, 0x28, 0x28, 0x28, 0x28, 0x28, 0x28, 0x28, },
  {0x00, 0x00, 0x00, 0x00, 0x00, 0x00, 0x1f, 0x10, 0x1f, 0x10, 0x10, 0x10, 0x10, 0x10, 0x10, 0x10, },
  {0x00, 0x00, 0x00, 0x00, 0x00, 0x00, 0x00, 0x3f, 0x28, 0x28, 0x28, 0x28, 0x28, 0x28, 0x28, 0x28, },
  {0x00, 0x00, 0x00, 0x00, 0x00, 0x00, 0x3f, 0x20, 0x2f, 0x28, 0x28, 0x28, 0x28, 0x28, 0x28, 0x28, },
  {0x00, 0x00, 0x00, 0x00, 0x00, 0x00, 0xf0, 0x10, 0xf0, 0x10, 0x10, 0x10, 0x10, 0x10, 0x10, 0x10, },
  {0x00, 0x00, 0x00, 0x00, 0x00, 0x00, 0x00, 0xf8, 0x28, 0x28, 0x28, 0x28, 0x28, 0x28, 0x28, 0x28, },
  {0x00, 0x00, 0x00, 0x00, 0x00, 0x00, 0xf8, 0x08, 0xe8, 0x28, 0x28, 0x28, 0x28, 0x28, 0x28, 0x28, },
  {0x10, 0x10, 0x10, 0x10, 0x10, 0x10, 0x1f, 0x10, 0x1f, 0x00, 0x00, 0x00, 0x00, 0x00, 0x00, 0x00, },
  {0x28, 0x28, 0x28, 0x28, 0x28, 0x28, 0x28, 0x3f, 0x00, 0x00, 0x00, 0x00, 0x00, 0x00, 0x00, 0x00, },
  {0x28, 0x28, 0x28, 0x28, 0x28, 0x28, 0x2f, 0x20, 0x3f, 0x00, 0x00, 0x00, 0x00, 0x00, 0x00, 0x00, },
  {0x10, 0x10, 0x10, 0x10, 0x10, 0x10, 0xf0, 0x10, 0xf0, 0x00, 0x00, 0x00, 0x00, 0x00, 0x00, 0x00, },
  {0x28, 0x28, 0x28, 0x28, 0x28, 0x28, 0x28, 0xf8, 0x00, 0x00, 0x00, 0x00, 0x00, 0x00, 0x00, 0x00, },
  {0x28, 0x28, 0x28, 0x28, 0x28, 0x28, 0xe8, 0x08, 0xf8, 0x00, 0x00, 0x00, 0x00, 0x00, 0x00, 0x00, },
  {0x10, 0x10, 0x10, 0x10, 0x10, 0x10, 0x1f, 0x10, 0x1f, 0x10, 0x10, 0x10, 0x10, 0x10, 0x10, 0x10, },
  {0x28, 0x28, 0x28, 0x28, 0x28, 0x28, 0x28, 0x2f, 0x28, 0x28, 0x28, 0x28, 0x28, 0x28, 0x28, 0x28, },
  {0x28, 0x28, 0x28, 0x28, 0x28, 0x28, 0x2f, 0x20, 0x2f, 0x28, 0x28, 0x28, 0x28, 0x28, 0x28, 0x28, },
  {0x10, 0x10, 0x10, 0x10, 0x10, 0x10, 0xf0, 0x10, 0xf0, 0x10, 0x10, 0x10, 0x10, 0x10, 0x10, 0x10, },
  {0x28, 0x28, 0x28, 0x28, 0x28, 0x28, 0x28, 0xe8, 0x28, 0x28, 0x28, 0x28, 0x28, 0x28, 0x28, 0x28, },
  {0x28, 0x28, 0x28, 0x28, 0x28, 0x28, 0xe8, 0x08, 0xe8, 0x28, 0x28, 0x28, 0x28, 0x28, 0x28, 0x28, },
  {0x00, 0x00, 0x00, 0x00, 0x00, 0x00, 0xff, 0x00, 0xff, 0x10, 0x10, 0x10, 0x10, 0x10, 0x10, 0x10, },
  {0x00, 0x00, 0x00, 0x00, 0x00, 0x00, 0x00, 0xff, 0x28, 0x28, 0x28, 0x28, 0x28, 0x28, 0x28, 0x28, },
  {0x00, 0x00, 0x00, 0x00, 0x00, 0x00, 0xff, 0x00, 0xef, 0x28, 0x28, 0x28, 0x28, 0x28, 0x28, 0x28, },
  {0x10, 0x10, 0x10, 0x10, 0x10, 0x10, 0xff, 0x00, 0xff, 0x00, 0x00, 0x00, 0x00, 0x00, 0x00, 0x00, },
  {0x28, 0x28, 0x28, 0x28, 0x28, 0x28, 0x28, 0xff, 0x00, 0x00, 0x00, 0x00, 0x00, 0x00, 0x00, 0x00, },
  {0x28, 0x28, 0x28, 0x28, 0x28, 0x28, 0xef, 0x00, 0xff, 0x00, 0x00, 0x00, 0x00, 0x00, 0x00, 0x00, },
  {0x10, 0x10, 0x10, 0x10, 0x10, 0x10, 0xff, 0x10, 0xff, 0x10, 0x10, 0x10, 0x10, 0x10, 0x10, 0x10, },
  {0x28, 0x28, 0x28, 0x28, 0x28, 0x28, 0x28, 0xff, 0x28, 0x28, 0x28, 0x28, 0x28, 0x28, 0x28, 0x28, },
  {0x28, 0x28, 0x28, 0x28, 0x28, 0x28, 0xef, 0x00, 0xef, 0x28, 0x28, 0x28, 0x28, 0x28, 0x28, 0x28, },
  {0x00, 0x00, 0x00, 0x00, 0x00, 0x00, 0x00, 0x07, 0x08, 0x10, 0x10, 0x10, 0x10, 0x10, 0x10, 0x10, },
  {0x00, 0x00, 0x00, 0x00, 0x00, 0x00, 0x00, 0xc0, 0x20, 0x10, 0x10, 0x10, 0x10, 0x10, 0x10, 0x10, },
  {0x10, 0x10, 0x10, 0x10, 0x10, 0x10, 0x20, 0xc0, 0x00, 0x00, 0x00, 0x00, 0x00, 0x00, 0x00, 0x00, },
  {0x10, 0x10, 0x10, 0x10, 0x10, 0x10, 0x08, 0x07, 0x00, 0x00, 0x00, 0x00, 0x00, 0x00, 0x00, 0x00, },
  {0x00, 0x00, 0x00, 0x00, 0x00, 0x00, 0x00, 0xf0, 0x00, 0x00, 0x00, 0x00, 0x00, 0x00, 0x00, 0x00, },
  {0x10, 0x10, 0x10, 0x10, 0x10, 0x10, 0x10, 0x10, 0x00, 0x00, 0x00, 0x00, 0x00, 0x00, 0x00, 0x00, },
  {0x00, 0x00, 0x00, 0x00, 0x00, 0x00, 0x00, 0x1f, 0x00, 0x00, 0x00, 0x00, 0x00, 0x00, 0x00, 0x00, },
  {0x00, 0x00, 0x00, 0x00, 0x00, 0x00, 0x00, 0x10, 0x10, 0x10, 0x10, 0x10, 0x10, 0x10, 0x10, 0x10, },
  {0x00, 0x00, 0x00, 0x00, 0x00, 0x00, 0x00, 0xf0, 0xf0, 0x00, 0x00, 0x00, 0x00, 0x00, 0x00, 0x00, },
  {0x18, 0x18, 0x18, 0x18, 0x18, 0x18, 0x18, 0x18, 0x00, 0x00, 0x00, 0x00, 0x00, 0x00, 0x00, 0x00, },
  {0x00, 0x00, 0x00, 0x00, 0x00, 0x00, 0x00, 0x1f, 0x1f, 0x00, 0x00, 0x00, 0x00, 0x00, 0x00, 0x00, },
  {0x00, 0x00, 0x00, 0x00, 0x00, 0x00, 0x00, 0x18, 0x18, 0x18, 0x18, 0x18, 0x18, 0x18, 0x18, 0x18, },
  {0x00, 0x00, 0x00, 0x00, 0x00, 0x00, 0x00, 0xff, 0x1f, 0x00, 0x00, 0x00, 0x00, 0x00, 0x00, 0x00, },
  {0x10, 0x10, 0x10, 0x10, 0x10, 0x10, 0x10, 0x18, 0x18, 0x18, 0x18, 0x18, 0x18, 0x18, 0x18, 0x18, },
  {0x00, 0x00, 0x00, 0x00, 0x00, 0x00, 0x00, 0xff, 0xf0, 0x00, 0x00, 0x00, 0x00, 0x00, 0x00, 0x00, },
  {0x18, 0x18, 0x18, 0x18, 0x18, 0x18, 0x18, 0x18, 0x10, 0x10, 0x10, 0x10, 0x10, 0x10, 0x10, 0x10, },
  {0xff, 0xff, 0xff, 0xff, 0xff, 0xff, 0xff, 0xff, 0x00, 0x00, 0x00, 0x00, 0x00, 0x00, 0x00, 0x00, },
  {0x00, 0x00, 0x00, 0x00, 0x00, 0x00, 0x00, 0x00, 0x00, 0x00, 0x00, 0x00, 0x00, 0x00, 0xff, 0xff, },
  {0x00, 0x00, 0x00, 0x00, 0x00, 0x00, 0x00, 0x00, 0x00, 0x00, 0x00, 0x00, 0xff, 0xff, 0xff, 0xff, },
  {0x00, 0x00, 0x00, 0x00, 0x00, 0x00, 0x00, 0x00, 0x00, 0x00, 0xff, 0xff, 0xff, 0xff, 0xff, 0xff, },
  {0x00, 0x00, 0x00, 0x00, 0x00, 0x00, 0x00, 0x00, 0xff, 0xff, 0xff, 0xff, 0xff, 0xff, 0xff, 0xff, },
  {0x00, 0x00, 0x00, 0x00, 0x00, 0x00, 0xff, 0xff, 0xff, 0xff, 0xff, 0xff, 0xff, 0xff, 0xff, 0xff, },
  {0x00, 0x00, 0x00, 0x00, 0xff, 0xff, 0xff, 0xff, 0xff, 0xff, 0xff, 0xff, 0xff, 0xff, 0xff, 0xff, },
  {0x00, 0x00, 0xff, 0xff, 0xff, 0xff, 0xff, 0xff, 0xff, 0xff, 0xff, 0xff, 0xff, 0xff, 0xff, 0xff, },
  {0xff, 0xff, 0xff, 0xff, 0xff, 0xff, 0xff, 0xff, 0xff, 0xff, 0xff, 0xff, 0xff, 0xff, 0xff, 0xff, },
  {0xfe, 0xfe, 0xfe, 0xfe, 0xfe, 0xfe, 0xfe, 0xfe, 0xfe, 0xfe, 0xfe, 0xfe, 0xfe, 0xfe, 0xfe, 0xfe, },
  {0xfc, 0xfc, 0xfc, 0xfc, 0xfc, 0xfc, 0xfc, 0xfc, 0xfc, 0xfc, 0xfc, 0xfc, 0xfc, 0xfc, 0xfc, 0xfc, },
  {0xf8, 0xf8, 0xf8, 0xf8, 0xf8, 0xf8, 0xf8, 0xf8, 0xf8, 0xf8, 0xf8, 0xf8, 0xf8, 0xf8, 0xf8, 0xf8, },
  {0xf0, 0xf0, 0xf0, 0xf0, 0xf0, 0xf0, 0xf0, 0xf0, 0xf0, 0xf0, 0xf0, 0xf0, 0xf0, 0xf0, 0xf0, 0xf0, },
  {0xe0, 0xe0, 0xe0, 0xe0, 0xe0, 0xe0, 0xe0, 0xe0, 0xe0, 0xe0, 0xe0, 0xe0, 0xe0, 0xe0, 0xe0, 0xe0, },
  {0xc0, 0xc0, 0xc0, 0xc0, 0xc0, 0xc0, 0xc0, 0xc0, 0xc0, 0xc0, 0xc0, 0xc0, 0xc0, 0xc0, 0xc0, 0xc0, },
  {0x80, 0x80, 0x80, 0x80, 0x80, 0x80, 0x80, 0x80, 0x80, 0x80, 0x80, 0x80, 0x80, 0x80, 0x80, 0x80, },
  {0x0f, 0x0f, 0x0f, 0x0f, 0x0f, 0x0f, 0x0f, 0x0f, 0x0f, 0x0f, 0x0f, 0x0f, 0x0f, 0x0f, 0x0f, 0x0f, },
  {0x88, 0x22, 0x88, 0x22, 0x88, 0x22, 0x88, 0x22, 0x88, 0x22, 0x88, 0x22, 0x88, 0x22, 0x88, 0x22, },
  {0xaa, 0x55, 0xaa, 0x55, 0xaa, 0x55, 0xaa, 0x55, 0xaa, 0x55, 0xaa, 0x55, 0xaa, 0x55, 0xaa, 0x55, },
  {0xee, 0xbb, 0xee, 0xbb, 0xee, 0xbb, 0xee, 0xbb, 0xee, 0xbb, 0xee, 0xbb, 0xee, 0xbb, 0xee, 0xbb, },
  {0x00, 0x00, 0x00, 0x00, 0x00, 0x00, 0x00, 0x00, 0xf0, 0xf0, 0xf0, 0xf0, 0xf0, 0xf0, 0xf0, 0xf0, },
  {0x00, 0x00, 0x00, 0x00, 0x00, 0x00, 0x00, 0x00, 0x0f, 0x0f, 0x0f, 0x0f, 0x0f, 0x0f, 0x0f, 0x0f, },
  {0xf0, 0xf0, 0xf0, 0xf0, 0xf0, 0xf0, 0xf0, 0xf0, 0x00, 0x00, 0x00, 0x00, 0x00, 0x00, 0x00, 0x00, },
  {0xf0, 0xf0, 0xf0, 0xf0, 0xf0, 0xf0, 0xf0, 0xf0, 0xff, 0xff, 0xff, 0xff, 0xff, 0xff, 0xff, 0xff, },
  {0xf0, 0xf0, 0xf0, 0xf0, 0xf0, 0xf0, 0xf0, 0xf0, 0x0f, 0x0f, 0x0f, 0x0f, 0x0f, 0x0f, 0x0f, 0x0f, },
  {0xff, 0xff, 0xff, 0xff, 0xff, 0xff, 0xff, 0xff, 0xf0, 0xf0, 0xf0, 0xf0, 0xf0, 0xf0, 0xf0, 0xf0, },
  {0xff, 0xff, 0xff, 0xff, 0xff, 0xff, 0xff, 0xff, 0x0f, 0x0f, 0x0f, 0x0f, 0x0f, 0x0f, 0x0f, 0x0f, },
  {0x0f, 0x0f, 0x0f, 0x0f, 0x0f, 0x0f, 0x0f, 0x0f, 0x00, 0x00, 0x00, 0x00, 0x00, 0x00, 0x00, 0x00, },
  {0x0f, 0x0f, 0x0f, 0x0f, 0x0f, 0x0f, 0x0f, 0x0f, 0xf0, 0xf0, 0xf0, 0xf0, 0xf0, 0xf0, 0xf0, 0xf0, },
  {0x0f, 0x0f, 0x0f, 0x0f, 0x0f, 0x0f, 0x0f, 0x0f, 0xff, 0xff, 0xff, 0xff, 0xff, 0xff, 0xff, 0xff, },
  {0x00, 0x00, 0x00, 0x00, 0x00, 0x3c, 0x3c, 0x3c, 0x3c, 0x3c, 0x3c, 0x00, 0x00, 0x00, 0x00, 0x00, },
  {0x00, 0x00, 0x00, 0x00, 0x00, 0x00, 0x00, 0x00, 0x7e, 0x7e, 0x7e, 0x7e, 0x00, 0x00, 0x00, 0x00, },
  {0x00, 0x00, 0x7e, 0x7e, 0x7e, 0x7e, 0x7e, 0x7e, 0x7e, 0x7e, 0x7e, 0x7e, 0x00, 0x00, 0x00, 0x00, },
  {0x00, 0x00, 0x00, 0x00, 0x10, 0x10, 0x38, 0x38, 0x7c, 0x7c, 0xfe, 0xfe, 0x00, 0x00, 0x00, 0x00, },
  {0x00, 0x00, 0x00, 0x00, 0xc0, 0xf0, 0xfc, 0xff, 0xfc, 0xf0, 0xc0, 0x00, 0x00, 0x00, 0x00, 0x00, },
  {0x00, 0x00, 0x00, 0x00, 0xfe, 0xfe, 0x7c, 0x7c, 0x38, 0x38, 0x10, 0x10, 0x00, 0x00, 0x00, 0x00, },
  {0x00, 0x00, 0x00, 0x00, 0x03, 0x0f, 0x3f, 0xff, 0x3f, 0x0f, 0x03, 0x00, 0x00, 0x00, 0x00, 0x00, },
  {0x00, 0x00, 0x00, 0x00, 0x10, 0x38, 0x7c, 0xfe, 0x7c, 0x38, 0x10, 0x00, 0x00, 0x00, 0x00, 0x00, },
  {0x00, 0x00, 0x00, 0x00, 0x10, 0x28, 0x44, 0x82, 0x44, 0x28, 0x10, 0x00, 0x00, 0x00, 0x00, 0x00, },
  {0x00, 0x00, 0x00, 0x00, 0x00, 0x00, 0x18, 0x24, 0x24, 0x18, 0x00, 0x00, 0x00, 0x00, 0x00, 0x00, },
  {0x00, 0x00, 0x00, 0x00, 0x00, 0x00, 0x18, 0x3c, 0x3c, 0x18, 0x00, 0x00, 0x00, 0x00, 0x00, 0x00, },
  {0xff, 0xff, 0xff, 0xff, 0xff, 0xff, 0xe7, 0xc3, 0xc3, 0xe7, 0xff, 0xff, 0xff, 0xff, 0xff, 0xff, },
  {0xff, 0xff, 0xff, 0xff, 0xff, 0xff, 0xe7, 0xdb, 0xdb, 0xe7, 0xff, 0xff, 0xff, 0xff, 0xff, 0xff, },
  {0x00, 0x00, 0x7c, 0x82, 0xaa, 0x82, 0x82, 0xba, 0x92, 0x82, 0x82, 0x7c, 0x00, 0x00, 0x00, 0x00, },
  {0x00, 0x00, 0x7c, 0xfe, 0xd6, 0xfe, 0xfe, 0xc6, 0xee, 0xfe, 0xfe, 0x7c, 0x00, 0x00, 0x00, 0x00, },
  {0x00, 0x00, 0x00, 0x10, 0x92, 0x54, 0x38, 0xee, 0x38, 0x54, 0x92, 0x10, 0x00, 0x00, 0x00, 0x00, },
  {0x00, 0x00, 0x38, 0x44, 0x44, 0x44, 0x44, 0x38, 0x10, 0x7c, 0x10, 0x10, 0x00, 0x00, 0x00, 0x00, },
  {0x00, 0x00, 0x1e, 0x06, 0x0a, 0x12, 0x38, 0x44, 0x44, 0x44, 0x44, 0x38, 0x00, 0x00, 0x00, 0x00, },
  {0x00, 0x00, 0x10, 0x10, 0x38, 0x7c, 0xfe, 0xfe, 0x7c, 0x10, 0x10, 0x38, 0x00, 0x00, 0x00, 0x00, },
  {0x00, 0x00, 0x10, 0x38, 0x38, 0x10, 0x54, 0xfe, 0xfe, 0x54, 0x10, 0x38, 0x00, 0x00, 0x00, 0x00, },
  {0x00, 0x00, 0x00, 0x00, 0x6c, 0xfe, 0xfe, 0xfe, 0xfe, 0x7c, 0x38, 0x10, 0x00, 0x00, 0x00, 0x00, },
  {0x00, 0x00, 0x00, 0x00, 0x10, 0x38, 0x7c, 0xfe, 0x7c, 0x38, 0x10, 0x00, 0x00, 0x00, 0x00, 0x00, },
  {0x00, 0x00, 0x3e, 0x22, 0x3e, 0x20, 0x20, 0x20, 0x20, 0x20, 0x20, 0xc0, 0x00, 0x00, 0x00, 0x00, },
  {0x00, 0x00, 0x7e, 0x42, 0x7e, 0x42, 0x42, 0x42, 0x42, 0x42, 0x42, 0x44, 0x80, 0x00, 0x00, 0x00, },
  {0x00, 0x00, 0x02, 0x02, 0x04, 0x04, 0x88, 0x88, 0x50, 0x50, 0x20, 0x20, 0x00, 0x00, 0x00, 0x00, },
  {0x00, 0x00, 0x03, 0x03, 0x06, 0x06, 0xcc, 0xcc, 0x78, 0x78, 0x30, 0x30, 0x00, 0x00, 0x00, 0x00, },
  {0x00, 0x00, 0x04, 0x44, 0x28, 0x18, 0x18, 0x14, 0x22, 0x20, 0x40, 0x40, 0x00, 0x00, 0x00, 0x00, },
  {0x00, 0x00, 0x0c, 0xcc, 0x78, 0x38, 0x38, 0x3c, 0x66, 0x60, 0xc0, 0xc0, 0x00, 0x00, 0x00, 0x00, },
  {0x80, 0x80, 0x88, 0x9c, 0xaa, 0x88, 0x88, 0x88, 0x10, 0x20, 0x40, 0x80, 0x80, 0x80, 0x80, 0x80, },
  {0x00, 0x80, 0x80, 0x80, 0x80, 0x80, 0xf8, 0x00, 0x11, 0x19, 0x15, 0x13, 0x11, 0x11, 0x00, 0x00, },
  {0x00, 0x38, 0x44, 0x44, 0x44, 0x44, 0xfe, 0xfe, 0xee, 0xc6, 0xee, 0xfe, 0xfe, 0xfe, 0x00, 0x00, },
  {0x80, 0xc0, 0xe0, 0xf0, 0xf8, 0xfc, 0xfe, 0xff, 0xff, 0xfe, 0xfc, 0xf8, 0xf0, 0xe0, 0xc0, 0x80, },
  {0x80, 0x40, 0x20, 0x10, 0x08, 0x04, 0x02, 0x01, 0x01, 0x02, 0x04, 0x08, 0x10, 0x20, 0x40, 0x80, },
  {0x01, 0x03, 0x07, 0x0f, 0x1f, 0x3f, 0x7f, 0xff, 0xff, 0x7f, 0x3f, 0x1f, 0x0f, 0x07, 0x03, 0x01, },
  {0x01, 0x02, 0x04, 0x08, 0x10, 0x20, 0x40, 0x80, 0x80, 0x40, 0x20, 0x10, 0x08, 0x04, 0x02, 0x01, },
  {0x00, 0x00, 0x00, 0x00, 0x00, 0x0c, 0x04, 0x04, 0x04, 0x04, 0x04, 0x04, 0x44, 0x44, 0x38, 0x00, },
  {0x00, 0x00, 0x7e, 0x42, 0x42, 0x42, 0x42, 0x42, 0x42, 0x42, 0x42, 0x7e, 0x00, 0x00, 0x00, 0x00, },
};
